assembly,namespace,type,method,token,arm_addr,arm_bytes
Assembly-CSharp,,CarAIPath,.ctor,100663297,0xc08f0,44
Assembly-CSharp,,CarAIPath,GetSizeEstimate,100663298,0xc091c,64
Assembly-CSharp,,PathPoint,.ctor,100663299,0xc095c,44
Assembly-CSharp,,CarAIPathManager,.ctor,100663300,0xc0988,52
Assembly-CSharp,,CarAIPathManager,.cctor,100663301,0xc09bc,36
Assembly-CSharp,,CarAIPathManager,OnEnable,100663302,0xc09e0,104
Assembly-CSharp,,CarAIPathManager,OnDisable,100663303,0xc0a48,68
Assembly-CSharp,,CarAIPathManager,GetPathCount,100663304,0xc0a8c,108
Assembly-CSharp,,CarAIPathManager,AddPath,100663305,0xc0af8,220
Assembly-CSharp,,CarAIPathManager,GetRandomPath,100663306,0xc0bd4,196
Assembly-CSharp,,CarAIPathManager,GetPathIndex,100663307,0xc0c98,228
Assembly-CSharp,,CarAIPathManager,GetPathByIndex,100663308,0xc0d7c,168
Assembly-CSharp,,CarAIPathManager,ProduceInstance,100663309,0xc0e24,168
Assembly-CSharp,,CarAIPathManager,OnDrawGizmos,100663310,0xc0ecc,644
Assembly-CSharp,,CarAIPathRecorder,.ctor,100663311,0xc1150,104
Assembly-CSharp,,CarAIPathRecorder,DeltaCompressPath,100663312,0xc11b8,800
Assembly-CSharp,,CarAIPathRecorder,DistanceCompressPath,100663313,0xc14d8,500
Assembly-CSharp,,CarAIPathRecorder,DistanceCompressPathWithGroundChecking,100663314,0xc16cc,2232
Assembly-CSharp,,CarAIPathRecorder,Update,100663315,0xc1f84,300
Assembly-CSharp,,CarAIPathRecorder,StartRecording,100663316,0xc20b0,112
Assembly-CSharp,,CarAIPathRecorder,FinishRecording,100663317,0xc2120,160
Assembly-CSharp,,CarAI,.ctor,100663318,0xc21c0,1016
Assembly-CSharp,,CarAI,AIEvaluationPump,100663319,0xc25b8,72
Assembly-CSharp,,CarAI,TestForNoticePickup,100663320,0xc2600,620
Assembly-CSharp,,CarAI,TestForPowerupUsage,100663321,0xc286c,180
Assembly-CSharp,,CarAI,TestForAvoidBadTerrain,100663322,0xc2920,364
Assembly-CSharp,,CarAI,TestForHitBeneficialTerrain,100663323,0xc2a8c,544
Assembly-CSharp,,CarAI,TestForHarassCar,100663324,0xc2cac,244
Assembly-CSharp,,CarAI,EvaluateStates,100663325,0xc2da0,1900
Assembly-CSharp,,CarAI,StateDone,100663326,0xc350c,216
Assembly-CSharp,,CarAI,AddState,100663327,0xc35e4,488
Assembly-CSharp,,CarAI,Start,100663328,0xc37cc,512
Assembly-CSharp,,CarAI,Update,100663329,0xc39cc,120
Assembly-CSharp,,CarAI,OnDrawGizmos,100663330,0xc3a44,1432
Assembly-CSharp,,CarAI,FixedUpdate,100663331,0xc3fdc,112
Assembly-CSharp,,CarAI,ClearStates,100663332,0xc404c,352
Assembly-CSharp,,CarAI,DriveWithFacing,100663333,0xc41ac,848
Assembly-CSharp,,CarAI,DriveTowardPoint,100663334,0xc44fc,144
Assembly-CSharp,,CarAIPersonality,.ctor,100663335,0xc458c,376
Assembly-CSharp,,CarAIPersonality,get_stateWeightMap,100663336,0xc4704,768
Assembly-CSharp,,CarAIPersonality,Start,100663337,0xc4a04,144
Assembly-CSharp,,PersonalityTrait,.ctor,100663338,0xc4a94,68
Assembly-CSharp,,BaseCarAIState,.ctor,100663339,0xc4ad8,44
Assembly-CSharp,,DriveAvoidTerrainAIState,.ctor,100663345,0xc4b04,84
Assembly-CSharp,,DriveAvoidTerrainAIState,GetAIStateEnum,100663346,0xc4b58,48
Assembly-CSharp,,DriveAvoidTerrainAIState,Init,100663347,0xc4b88,580
Assembly-CSharp,,DriveAvoidTerrainAIState,Update,100663348,0xc4dcc,548
Assembly-CSharp,,DriveAvoidTerrainAIState,FixedUpdate,100663349,0xc4ff0,1004
Assembly-CSharp,,DriveAvoidTerrainAIState,Shutdown,100663350,0xc53dc,44
Assembly-CSharp,,DriveHitBeneficialAIState,.ctor,100663351,0xc5408,84
Assembly-CSharp,,DriveHitBeneficialAIState,GetAIStateEnum,100663352,0xc545c,48
Assembly-CSharp,,DriveHitBeneficialAIState,Init,100663353,0xc548c,716
Assembly-CSharp,,DriveHitBeneficialAIState,Update,100663354,0xc5758,536
Assembly-CSharp,,DriveHitBeneficialAIState,FixedUpdate,100663355,0xc5970,432
Assembly-CSharp,,DriveHitBeneficialAIState,Shutdown,100663356,0xc5b20,44
Assembly-CSharp,,DrivePickupAIState,.ctor,100663357,0xc5b4c,44
Assembly-CSharp,,DrivePickupAIState,GetAIStateEnum,100663358,0xc5b78,48
Assembly-CSharp,,DrivePickupAIState,Init,100663359,0xc5ba8,848
Assembly-CSharp,,DrivePickupAIState,Update,100663360,0xc5ef8,452
Assembly-CSharp,,DrivePickupAIState,FixedUpdate,100663361,0xc60bc,136
Assembly-CSharp,,DrivePickupAIState,Shutdown,100663362,0xc6144,44
Assembly-CSharp,,DriveWaypointsCarAIState,.ctor,100663363,0xc6170,84
Assembly-CSharp,,DriveWaypointsCarAIState,GetAIStateEnum,100663364,0xc61c4,48
Assembly-CSharp,,DriveWaypointsCarAIState,Init,100663365,0xc61f4,112
Assembly-CSharp,,DriveWaypointsCarAIState,Update,100663366,0xc6264,988
Assembly-CSharp,,DriveWaypointsCarAIState,FixedUpdate,100663367,0xc6640,104
Assembly-CSharp,,DriveWaypointsCarAIState,Shutdown,100663368,0xc66a8,44
Assembly-CSharp,,UsePowerupAIState,.ctor,100663369,0xc66d4,116
Assembly-CSharp,,UsePowerupAIState,GetAIStateEnum,100663370,0xc6748,48
Assembly-CSharp,,UsePowerupAIState,Init,100663371,0xc6778,44
Assembly-CSharp,,UsePowerupAIState,Update,100663372,0xc67a4,356
Assembly-CSharp,,UsePowerupAIState,DoRocketEffectExecute,100663373,0xc6908,264
Assembly-CSharp,,UsePowerupAIState,DoShieldEffectExecute,100663374,0xc6a10,868
Assembly-CSharp,,UsePowerupAIState,DoMineEffectExecute,100663375,0xc6d74,584
Assembly-CSharp,,UsePowerupAIState,FixedUpdate,100663376,0xc6fbc,44
Assembly-CSharp,,UsePowerupAIState,Shutdown,100663377,0xc6fe8,44
Assembly-CSharp,,GimpedCarAI,.ctor,100663378,0xc7014,504
Assembly-CSharp,,GimpedCarAI,get_LinearVelocity,100663379,0xc720c,64
Assembly-CSharp,,GimpedCarAI,set_LinearVelocity,100663380,0xc724c,68
Assembly-CSharp,,GimpedCarAI,get_Velocity,100663381,0xc7290,64
Assembly-CSharp,,GimpedCarAI,get_Direction,100663382,0xc72d0,216
Assembly-CSharp,,GimpedCarAI,get_IsInAir,100663383,0xc73a8,200
Assembly-CSharp,,GimpedCarAI,SetNewPath,100663384,0xc7470,556
Assembly-CSharp,,GimpedCarAI,SetNextPoint,100663385,0xc769c,580
Assembly-CSharp,,GimpedCarAI,DoRoadBoundaries,100663386,0xc78e0,1336
Assembly-CSharp,,GimpedCarAI,DoCarCollisions,100663387,0xc7e18,1340
Assembly-CSharp,,GimpedCarAI,PowerupUseEvaluationCoroutinue,100663388,0xc8354,72
Assembly-CSharp,,GimpedCarAI,AggressionTherapyCoroutine,100663389,0xc839c,72
Assembly-CSharp,,GimpedCarAI,Start,100663390,0xc83e4,568
Assembly-CSharp,,GimpedCarAI,Update,100663391,0xc861c,60
Assembly-CSharp,,GimpedCarAI,FixedUpdate,100663392,0xc8658,2804
Assembly-CSharp,,GimpedCarAI,Bump,100663393,0xc914c,320
Assembly-CSharp,,GimpedCarAI,GetGimpedSnapShot,100663394,0xc928c,92
Assembly-CSharp,,GimpedCarAI,SetGimpedSnapShot,100663395,0xc92e8,604
Assembly-CSharp,,GimpedCarAI,SetToClosestPathHead,100663396,0xc9544,456
Assembly-CSharp,,LaserLogic,.ctor,100663397,0xc970c,112
Assembly-CSharp,,LaserLogic,Update,100663398,0xc977c,704
Assembly-CSharp,,LaserLogic,SetParent,100663399,0xc9a3c,60
Assembly-CSharp,,LaserLogic,SetTarget,100663400,0xc9a78,60
Assembly-CSharp,,LaserLogic,ApplyError,100663401,0xc9ab4,216
Assembly-CSharp,,MineAI,.ctor,100663402,0xc9b8c,160
Assembly-CSharp,,MineAI,get_IsArmed,100663403,0xc9c2c,52
Assembly-CSharp,,MineAI,OnTriggerEnter,100663404,0xc9c60,1744
Assembly-CSharp,,MineAI,KillAI,100663405,0xca330,88
Assembly-CSharp,,MineAI,ArmMine,100663406,0xca388,72
Assembly-CSharp,,MineAI,Start,100663407,0xca3d0,80
Assembly-CSharp,,MineAI,Update,100663408,0xca420,1496
Assembly-CSharp,,MineAI,SetOwner,100663409,0xca9f8,60
Assembly-CSharp,,MineSpreaderAI,.ctor,100663410,0xcaa34,168
Assembly-CSharp,,MineSpreaderAI,Start,100663411,0xcaadc,924
Assembly-CSharp,,MineSpreaderAI,Update,100663412,0xcae78,148
Assembly-CSharp,,MineSpreaderAI,LaunchUpdate,100663413,0xcaf0c,264
Assembly-CSharp,,MineSpreaderAI,Explode,100663414,0xcb014,324
Assembly-CSharp,,MineSpreaderAI,SetOwner,100663415,0xcb158,60
Assembly-CSharp,,MineSpreaderAI,SpreadMines,100663416,0xcb194,628
Assembly-CSharp,,RocketAI,.ctor,100663417,0xcb408,136
Assembly-CSharp,,RocketAI,StrikeTarget,100663418,0xcb490,992
Assembly-CSharp,,RocketAI,LaunchUpdate,100663419,0xcb870,572
Assembly-CSharp,,RocketAI,BurnUpdate,100663420,0xcbaac,1232
Assembly-CSharp,,RocketAI,Explode,100663421,0xcbf7c,320
Assembly-CSharp,,RocketAI,Start,100663422,0xcc0bc,1116
Assembly-CSharp,,RocketAI,Update,100663423,0xcc518,140
Assembly-CSharp,,RocketAI,FixedUpdate,100663424,0xcc5a4,560
Assembly-CSharp,,RocketAI,SetOwner,100663425,0xcc7d4,60
Assembly-CSharp,,RocketAI,SetTarget,100663426,0xcc810,120
Assembly-CSharp,,RocketAI,SetRiderEffect,100663427,0xcc888,68
Assembly-CSharp,,ShotDroneAI,.ctor,100663428,0xcc8cc,76
Assembly-CSharp,,ShotDroneAI,Start,100663429,0xcc918,72
Assembly-CSharp,,ShotDroneAI,SetParent,100663430,0xcc960,60
Assembly-CSharp,,ShotDroneAI,Update,100663431,0xcc99c,388
Assembly-CSharp,,ShotDroneAI,FixedUpdate,100663432,0xccb20,44
Assembly-CSharp,,ShotDroneAI,Shoot,100663433,0xccb4c,812
Assembly-CSharp,,UFOLogic,.ctor,100663434,0xcce78,436
Assembly-CSharp,,UFOLogic,FireLaser,100663435,0xcd02c,1220
Assembly-CSharp,,UFOLogic,Update,100663436,0xcd4f0,444
Assembly-CSharp,,UFOLogic,FixedUpdate,100663437,0xcd6ac,2604
Assembly-CSharp,,UFOLogic,SetParent,100663438,0xce0d8,60
Assembly-CSharp,,UFOLogic,SetSecondUFO,100663439,0xce114,60
Assembly-CSharp,,UFOLogic,StartFlyaway,100663440,0xce150,72
Assembly-CSharp,,UFOLogic,OnDrawGizmos,100663441,0xce198,144
Assembly-CSharp,,ForwardForceAI,.ctor,100663442,0xce228,160
Assembly-CSharp,,ForwardForceAI,Start,100663443,0xce2c8,192
Assembly-CSharp,,ForwardForceAI,FixedUpdate,100663444,0xce388,248
Assembly-CSharp,,LiftControlAI,.ctor,100663445,0xce480,124
Assembly-CSharp,,LiftControlAI,Start,100663446,0xce4fc,104
Assembly-CSharp,,LiftControlAI,FixedUpdate,100663447,0xce564,372
Assembly-CSharp,,LiftControlAI,SetTransition,100663448,0xce6d8,208
Assembly-CSharp,,PathMoverAI,.ctor,100663449,0xce7a8,244
Assembly-CSharp,,PathMoverAI,StartTransition,100663450,0xce89c,296
Assembly-CSharp,,PathMoverAI,Start,100663451,0xce9c4,164
Assembly-CSharp,,PathMoverAI,FixedUpdate,100663452,0xcea68,752
Assembly-CSharp,,RotatorAI,.ctor,100663453,0xced58,96
Assembly-CSharp,,RotatorAI,RotateCoroutine,100663454,0xcedb8,72
Assembly-CSharp,,RotatorAI,Start,100663455,0xcee00,204
Assembly-CSharp,,SphereMoverAI,.ctor,100663456,0xceecc,76
Assembly-CSharp,,SphereMoverAI,Start,100663457,0xcef18,212
Assembly-CSharp,,SphereMoverAI,Update,100663458,0xcefec,44
Assembly-CSharp,,SphereMoverAI,FixedUpdate,100663459,0xcf018,52
Assembly-CSharp,,SphereMoverAI,DoMovement,100663460,0xcf04c,148
Assembly-CSharp,,SphereMoverAI,UpdateTarget,100663461,0xcf0e0,276
Assembly-CSharp,,SphereMoverAI,OnDrawGizmos,100663462,0xcf1f4,44
Assembly-CSharp,,SphereMoverAI,CollisionReflect,100663463,0xcf220,1020
Assembly-CSharp,,SphereMoverCollider,.ctor,100663464,0xcf61c,52
Assembly-CSharp,,SphereMoverCollider,Start,100663465,0xcf650,44
Assembly-CSharp,,SphereMoverCollider,Update,100663466,0xcf67c,44
Assembly-CSharp,,SphereMoverCollider,OnTriggerEnter,100663467,0xcf6a8,144
Assembly-CSharp,,AchievementListener,.ctor,100663468,0xcf738,52
Assembly-CSharp,,AchievementListener,get_State,100663469,0xcf76c,52
Assembly-CSharp,,AchievementListener,FilterCategory,100663474,0xcf7a0,52
Assembly-CSharp,,AchievementListener,Activate,100663475,0xcf7d4,56
Assembly-CSharp,,AchievementListener,Achieve,100663476,0xcf80c,240
Assembly-CSharp,,AchievementListener,Fail,100663477,0xcf8fc,76
Assembly-CSharp,,AchievementListener,GetUnlockName,100663478,0xcf948,100
Assembly-CSharp,,AchievementListener,HasAchieved,100663479,0xcf9ac,80
Assembly-CSharp,,AchievementManager,.ctor,100663480,0xcf9fc,52
Assembly-CSharp,,AchievementManager,.cctor,100663481,0xcfa30,36
Assembly-CSharp,,AchievementManager,get_Instance,100663482,0xcfa54,176
Assembly-CSharp,,AchievementManager,get_AllAchievements,100663483,0xcfb04,180
Assembly-CSharp,,AchievementManager,Awake,100663484,0xcfbb8,56
Assembly-CSharp,,AchievementManager,Start,100663485,0xcfbf0,88
Assembly-CSharp,,AchievementManager,OnEnable,100663486,0xcfc48,332
Assembly-CSharp,,AchievementManager,OnDisable,100663487,0xcfd94,332
Assembly-CSharp,,AchievementManager,OnRaceInit,100663488,0xcfee0,160
Assembly-CSharp,,AchievementManager,OnRaceEnd,100663489,0xcff80,160
Assembly-CSharp,,AchievementManager,Achieve,100663490,0xd0020,976
Assembly-CSharp,,AchievementManager,Fail,100663491,0xd03f0,120
Assembly-CSharp,,AchievementManager,ClearActiveListeners,100663492,0xd0468,172
Assembly-CSharp,,AchievementManager,ChooseActiveListeners,100663493,0xd0514,1212
Assembly-CSharp,,AchievementManager,InitFrontEndAchievements,100663494,0xd09d0,468
Assembly-CSharp,,CheckPowerupUseAchievementListener,.ctor,100663495,0xd0ba4,52
Assembly-CSharp,,CheckPowerupUseAchievementListener,Start,100663496,0xd0bd8,88
Assembly-CSharp,,CheckPowerupUseAchievementListener,Update,100663497,0xd0c30,44
Assembly-CSharp,,CheckPowerupUseAchievementListener,PowerupUseCheckPump,100663498,0xd0c5c,72
Assembly-CSharp,,CheckPowerupUseAchievementListener,CheckMetrics,100663499,0xd0ca4,348
Assembly-CSharp,,CheckPowerupUseAchievementListener,IsAvailable,100663500,0xd0e00,72
Assembly-CSharp,,CheckPowerupUseAchievementListener,Prerace,100663501,0xd0e48,44
Assembly-CSharp,,CheckPowerupUseAchievementListener,Postrace,100663502,0xd0e74,84
Assembly-CSharp,,CheckPowerupUseAchievementListener,Reward,100663503,0xd0ec8,64
Assembly-CSharp,,CoinBalanceAchievementListener,.ctor,100663504,0xd0f08,52
Assembly-CSharp,,CoinBalanceAchievementListener,IsAvailable,100663505,0xd0f3c,64
Assembly-CSharp,,CoinBalanceAchievementListener,Prerace,100663506,0xd0f7c,44
Assembly-CSharp,,CoinBalanceAchievementListener,Postrace,100663507,0xd0fa8,44
Assembly-CSharp,,CoinBalanceAchievementListener,Reward,100663508,0xd0fd4,64
Assembly-CSharp,,CoinBalanceAchievementListener,CheckCoinBalanceCoroutine,100663509,0xd1014,72
Assembly-CSharp,,CoinBalanceAchievementListener,Start,100663510,0xd105c,88
Assembly-CSharp,,CompleteAllMissionsAchievementListener,.ctor,100663511,0xd10b4,52
Assembly-CSharp,,CompleteAllMissionsAchievementListener,IsAvailable,100663512,0xd10e8,64
Assembly-CSharp,,CompleteAllMissionsAchievementListener,Prerace,100663513,0xd1128,44
Assembly-CSharp,,CompleteAllMissionsAchievementListener,Postrace,100663514,0xd1154,44
Assembly-CSharp,,CompleteAllMissionsAchievementListener,Reward,100663515,0xd1180,64
Assembly-CSharp,,CompleteAllMissionsAchievementListener,CheckAllMissionsCoroutine,100663516,0xd11c0,72
Assembly-CSharp,,CompleteAllMissionsAchievementListener,Start,100663517,0xd1208,88
Assembly-CSharp,,CrossFinishLineBackwardsAchievementListener,.ctor,100663518,0xd1260,52
Assembly-CSharp,,CrossFinishLineBackwardsAchievementListener,IsAvailable,100663519,0xd1294,64
Assembly-CSharp,,CrossFinishLineBackwardsAchievementListener,Prerace,100663520,0xd12d4,44
Assembly-CSharp,,CrossFinishLineBackwardsAchievementListener,Postrace,100663521,0xd1300,252
Assembly-CSharp,,CrossFinishLineBackwardsAchievementListener,Reward,100663522,0xd13fc,64
Assembly-CSharp,,CrossFinishLineBackwardsAchievementListener,Start,100663523,0xd143c,56
Assembly-CSharp,,EquipPaintJobAchievementListener,.ctor,100663524,0xd1474,60
Assembly-CSharp,,EquipPaintJobAchievementListener,Start,100663525,0xd14b0,88
Assembly-CSharp,,EquipPaintJobAchievementListener,Update,100663526,0xd1508,44
Assembly-CSharp,,EquipPaintJobAchievementListener,IsAvailable,100663527,0xd1534,72
Assembly-CSharp,,EquipPaintJobAchievementListener,CheckPaintJobs,100663528,0xd157c,72
Assembly-CSharp,,EquipPaintJobAchievementListener,Postrace,100663529,0xd15c4,44
Assembly-CSharp,,EquipPaintJobAchievementListener,Prerace,100663530,0xd15f0,44
Assembly-CSharp,,EquipPaintJobAchievementListener,Reward,100663531,0xd161c,64
Assembly-CSharp,,EquipPartSetAchievementListener,.ctor,100663532,0xd165c,52
Assembly-CSharp,,EquipPartSetAchievementListener,IsAvailable,100663533,0xd1690,64
Assembly-CSharp,,EquipPartSetAchievementListener,Prerace,100663534,0xd16d0,44
Assembly-CSharp,,EquipPartSetAchievementListener,Postrace,100663535,0xd16fc,44
Assembly-CSharp,,EquipPartSetAchievementListener,Reward,100663536,0xd1728,64
Assembly-CSharp,,EquipPartSetAchievementListener,CheckCartSet,100663537,0xd1768,72
Assembly-CSharp,,EquipPartSetAchievementListener,Start,100663538,0xd17b0,88
Assembly-CSharp,,FirstPlaceAchievementListener,.ctor,100663539,0xd1808,52
Assembly-CSharp,,FirstPlaceAchievementListener,Start,100663540,0xd183c,56
Assembly-CSharp,,FirstPlaceAchievementListener,IsAvailable,100663541,0xd1874,248
Assembly-CSharp,,FirstPlaceAchievementListener,Prerace,100663542,0xd196c,44
Assembly-CSharp,,FirstPlaceAchievementListener,Postrace,100663543,0xd1998,516
Assembly-CSharp,,FirstPlaceAchievementListener,Reward,100663544,0xd1b9c,64
Assembly-CSharp,,GetHitByTrackHazardAchievementListener,.ctor,100663545,0xd1bdc,60
Assembly-CSharp,,GetHitByTrackHazardAchievementListener,Start,100663546,0xd1c18,88
Assembly-CSharp,,GetHitByTrackHazardAchievementListener,Update,100663547,0xd1c70,44
Assembly-CSharp,,GetHitByTrackHazardAchievementListener,IsAvailable,100663548,0xd1c9c,148
Assembly-CSharp,,GetHitByTrackHazardAchievementListener,CheckMetricsPump,100663549,0xd1d30,72
Assembly-CSharp,,GetHitByTrackHazardAchievementListener,CheckMetrics,100663550,0xd1d78,244
Assembly-CSharp,,GetHitByTrackHazardAchievementListener,Prerace,100663551,0xd1e6c,44
Assembly-CSharp,,GetHitByTrackHazardAchievementListener,Postrace,100663552,0xd1e98,84
Assembly-CSharp,,GetHitByTrackHazardAchievementListener,Reward,100663553,0xd1eec,64
Assembly-CSharp,,HitMaxSpeedAchievementListener,.ctor,100663554,0xd1f2c,52
Assembly-CSharp,,HitMaxSpeedAchievementListener,IsAvailable,100663555,0xd1f60,64
Assembly-CSharp,,HitMaxSpeedAchievementListener,Prerace,100663556,0xd1fa0,44
Assembly-CSharp,,HitMaxSpeedAchievementListener,Postrace,100663557,0xd1fcc,44
Assembly-CSharp,,HitMaxSpeedAchievementListener,Reward,100663558,0xd1ff8,64
Assembly-CSharp,,HitMaxSpeedAchievementListener,CheckMaxSpeedCoroutine,100663559,0xd2038,72
Assembly-CSharp,,HitMaxSpeedAchievementListener,Start,100663560,0xd2080,88
Assembly-CSharp,,InRaceAquirePickupListener,.ctor,100663561,0xd20d8,60
Assembly-CSharp,,InRaceAquirePickupListener,Start,100663562,0xd2114,88
Assembly-CSharp,,InRaceAquirePickupListener,Update,100663563,0xd216c,44
Assembly-CSharp,,InRaceAquirePickupListener,IsAvailable,100663564,0xd2198,72
Assembly-CSharp,,InRaceAquirePickupListener,CheckMetricsPump,100663565,0xd21e0,72
Assembly-CSharp,,InRaceAquirePickupListener,CheckMetrics,100663566,0xd2228,368
Assembly-CSharp,,InRaceAquirePickupListener,Prerace,100663567,0xd2398,44
Assembly-CSharp,,InRaceAquirePickupListener,Postrace,100663568,0xd23c4,84
Assembly-CSharp,,InRaceAquirePickupListener,Reward,100663569,0xd2418,64
Assembly-CSharp,,LastPlaceAchievementListener,.ctor,100663570,0xd2458,52
Assembly-CSharp,,LastPlaceAchievementListener,Start,100663571,0xd248c,56
Assembly-CSharp,,LastPlaceAchievementListener,IsAvailable,100663572,0xd24c4,152
Assembly-CSharp,,LastPlaceAchievementListener,Prerace,100663573,0xd255c,44
Assembly-CSharp,,LastPlaceAchievementListener,Postrace,100663574,0xd2588,480
Assembly-CSharp,,LastPlaceAchievementListener,Reward,100663575,0xd2768,64
Assembly-CSharp,,LastPlaceAchievementListener,Update,100663576,0xd27a8,44
Assembly-CSharp,,LifetimeInAirAchievementListener,.ctor,100663577,0xd27d4,52
Assembly-CSharp,,LifetimeInAirAchievementListener,IsAvailable,100663578,0xd2808,64
Assembly-CSharp,,LifetimeInAirAchievementListener,Prerace,100663579,0xd2848,44
Assembly-CSharp,,LifetimeInAirAchievementListener,Postrace,100663580,0xd2874,44
Assembly-CSharp,,LifetimeInAirAchievementListener,Reward,100663581,0xd28a0,64
Assembly-CSharp,,LifetimeInAirAchievementListener,CheckAirTimeCoroutine,100663582,0xd28e0,72
Assembly-CSharp,,LifetimeInAirAchievementListener,Start,100663583,0xd2928,88
Assembly-CSharp,,LifetimeOpponentHitsAchievementListener,.ctor,100663584,0xd2980,60
Assembly-CSharp,,LifetimeOpponentHitsAchievementListener,Start,100663585,0xd29bc,88
Assembly-CSharp,,LifetimeOpponentHitsAchievementListener,Update,100663586,0xd2a14,44
Assembly-CSharp,,LifetimeOpponentHitsAchievementListener,IsAvailable,100663587,0xd2a40,72
Assembly-CSharp,,LifetimeOpponentHitsAchievementListener,Prerace,100663588,0xd2a88,44
Assembly-CSharp,,LifetimeOpponentHitsAchievementListener,Postrace,100663589,0xd2ab4,84
Assembly-CSharp,,LifetimeOpponentHitsAchievementListener,CheckMetricsPump,100663590,0xd2b08,72
Assembly-CSharp,,LifetimeOpponentHitsAchievementListener,CheckMetrics,100663591,0xd2b50,224
Assembly-CSharp,,LifetimeOpponentHitsAchievementListener,Reward,100663592,0xd2c30,64
Assembly-CSharp,,LifetimePowerupCollectionAchievementListener,.ctor,100663593,0xd2c70,60
Assembly-CSharp,,LifetimePowerupCollectionAchievementListener,Start,100663594,0xd2cac,88
Assembly-CSharp,,LifetimePowerupCollectionAchievementListener,Update,100663595,0xd2d04,44
Assembly-CSharp,,LifetimePowerupCollectionAchievementListener,IsAvailable,100663596,0xd2d30,72
Assembly-CSharp,,LifetimePowerupCollectionAchievementListener,Prerace,100663597,0xd2d78,44
Assembly-CSharp,,LifetimePowerupCollectionAchievementListener,Postrace,100663598,0xd2da4,84
Assembly-CSharp,,LifetimePowerupCollectionAchievementListener,CheckMetricsPump,100663599,0xd2df8,72
Assembly-CSharp,,LifetimePowerupCollectionAchievementListener,CheckMetrics,100663600,0xd2e40,208
Assembly-CSharp,,LifetimePowerupCollectionAchievementListener,Reward,100663601,0xd2f10,64
Assembly-CSharp,,MakePlaceAchievementListener,.ctor,100663602,0xd2f50,60
Assembly-CSharp,,MakePlaceAchievementListener,Start,100663603,0xd2f8c,56
Assembly-CSharp,,MakePlaceAchievementListener,IsAvailable,100663604,0xd2fc4,208
Assembly-CSharp,,MakePlaceAchievementListener,Prerace,100663605,0xd3094,44
Assembly-CSharp,,MakePlaceAchievementListener,Postrace,100663606,0xd30c0,508
Assembly-CSharp,,MakePlaceAchievementListener,Reward,100663607,0xd32bc,64
Assembly-CSharp,,MaxCrashSpeedAchievementListener,.ctor,100663608,0xd32fc,52
Assembly-CSharp,,MaxCrashSpeedAchievementListener,IsAvailable,100663609,0xd3330,64
Assembly-CSharp,,MaxCrashSpeedAchievementListener,Prerace,100663610,0xd3370,44
Assembly-CSharp,,MaxCrashSpeedAchievementListener,Postrace,100663611,0xd339c,44
Assembly-CSharp,,MaxCrashSpeedAchievementListener,Reward,100663612,0xd33c8,64
Assembly-CSharp,,MaxCrashSpeedAchievementListener,CheckMaxCrashSpeedCoroutine,100663613,0xd3408,72
Assembly-CSharp,,MaxCrashSpeedAchievementListener,Start,100663614,0xd3450,88
Assembly-CSharp,,MetaMissionGroupAchievementListener,.ctor,100663615,0xd34a8,52
Assembly-CSharp,,MetaMissionGroupAchievementListener,IsAvailable,100663616,0xd34dc,64
Assembly-CSharp,,MetaMissionGroupAchievementListener,Prerace,100663617,0xd351c,44
Assembly-CSharp,,MetaMissionGroupAchievementListener,Postrace,100663618,0xd3548,44
Assembly-CSharp,,MetaMissionGroupAchievementListener,Reward,100663619,0xd3574,64
Assembly-CSharp,,MetaMissionGroupAchievementListener,CheckCompletionCoroutine,100663620,0xd35b4,72
Assembly-CSharp,,MetaMissionGroupAchievementListener,Start,100663621,0xd35fc,88
Assembly-CSharp,,PickupCoinsPerRaceAchievementListener,.ctor,100663622,0xd3654,52
Assembly-CSharp,,PickupCoinsPerRaceAchievementListener,Start,100663623,0xd3688,88
Assembly-CSharp,,PickupCoinsPerRaceAchievementListener,Update,100663624,0xd36e0,44
Assembly-CSharp,,PickupCoinsPerRaceAchievementListener,IsAvailable,100663625,0xd370c,72
Assembly-CSharp,,PickupCoinsPerRaceAchievementListener,Prerace,100663626,0xd3754,44
Assembly-CSharp,,PickupCoinsPerRaceAchievementListener,CheckMetricsPump,100663627,0xd3780,72
Assembly-CSharp,,PickupCoinsPerRaceAchievementListener,CheckCarMetrics,100663628,0xd37c8,240
Assembly-CSharp,,PickupCoinsPerRaceAchievementListener,Postrace,100663629,0xd38b8,84
Assembly-CSharp,,PickupCoinsPerRaceAchievementListener,Reward,100663630,0xd390c,64
Assembly-CSharp,,PlaceWithNoPowerupsAchievementListener,.ctor,100663631,0xd394c,60
Assembly-CSharp,,PlaceWithNoPowerupsAchievementListener,Start,100663632,0xd3988,56
Assembly-CSharp,,PlaceWithNoPowerupsAchievementListener,IsAvailable,100663633,0xd39c0,72
Assembly-CSharp,,PlaceWithNoPowerupsAchievementListener,Update,100663634,0xd3a08,44
Assembly-CSharp,,PlaceWithNoPowerupsAchievementListener,Prerace,100663635,0xd3a34,44
Assembly-CSharp,,PlaceWithNoPowerupsAchievementListener,Postrace,100663636,0xd3a60,448
Assembly-CSharp,,PlaceWithNoPowerupsAchievementListener,Reward,100663637,0xd3c20,64
Assembly-CSharp,,PlaceWithNoPowerupsAchievementListener,CheckPowerupPass,100663638,0xd3c60,244
Assembly-CSharp,,PowerSlideBoostAchievementListener,.ctor,100663639,0xd3d54,60
Assembly-CSharp,,PowerSlideBoostAchievementListener,Start,100663640,0xd3d90,88
Assembly-CSharp,,PowerSlideBoostAchievementListener,Update,100663641,0xd3de8,136
Assembly-CSharp,,PowerSlideBoostAchievementListener,IsAvailable,100663642,0xd3e70,64
Assembly-CSharp,,PowerSlideBoostAchievementListener,CheckMetricsPump,100663643,0xd3eb0,72
Assembly-CSharp,,PowerSlideBoostAchievementListener,CheckMetrics,100663644,0xd3ef8,188
Assembly-CSharp,,PowerSlideBoostAchievementListener,Postrace,100663645,0xd3fb4,84
Assembly-CSharp,,PowerSlideBoostAchievementListener,Prerace,100663646,0xd4008,44
Assembly-CSharp,,PowerSlideBoostAchievementListener,Reward,100663647,0xd4034,64
Assembly-CSharp,,PowerupHitInAirAchievementListener,.ctor,100663648,0xd4074,60
Assembly-CSharp,,PowerupHitInAirAchievementListener,Start,100663649,0xd40b0,88
Assembly-CSharp,,PowerupHitInAirAchievementListener,Update,100663650,0xd4108,44
Assembly-CSharp,,PowerupHitInAirAchievementListener,IsAvailable,100663651,0xd4134,72
Assembly-CSharp,,PowerupHitInAirAchievementListener,CheckMetricsPump,100663652,0xd417c,72
Assembly-CSharp,,PowerupHitInAirAchievementListener,CheckMetrics,100663653,0xd41c4,232
Assembly-CSharp,,PowerupHitInAirAchievementListener,Prerace,100663654,0xd42ac,44
Assembly-CSharp,,PowerupHitInAirAchievementListener,Postrace,100663655,0xd42d8,84
Assembly-CSharp,,PowerupHitInAirAchievementListener,Reward,100663656,0xd432c,64
Assembly-CSharp,,SpendCoinsOverLifetimeAchievementListener,.ctor,100663657,0xd436c,52
Assembly-CSharp,,SpendCoinsOverLifetimeAchievementListener,IsAvailable,100663658,0xd43a0,64
Assembly-CSharp,,SpendCoinsOverLifetimeAchievementListener,Prerace,100663659,0xd43e0,44
Assembly-CSharp,,SpendCoinsOverLifetimeAchievementListener,Postrace,100663660,0xd440c,44
Assembly-CSharp,,SpendCoinsOverLifetimeAchievementListener,Reward,100663661,0xd4438,136
Assembly-CSharp,,SpendCoinsOverLifetimeAchievementListener,CheckSpentCoinsCoroutine,100663662,0xd44c0,72
Assembly-CSharp,,SpendCoinsOverLifetimeAchievementListener,Start,100663663,0xd4508,80
Assembly-CSharp,,TimeInAirAchievementListener,.ctor,100663664,0xd4558,52
Assembly-CSharp,,TimeInAirAchievementListener,IsAvailable,100663665,0xd458c,64
Assembly-CSharp,,TimeInAirAchievementListener,Prerace,100663666,0xd45cc,44
Assembly-CSharp,,TimeInAirAchievementListener,Postrace,100663667,0xd45f8,44
Assembly-CSharp,,TimeInAirAchievementListener,Reward,100663668,0xd4624,64
Assembly-CSharp,,TimeInAirAchievementListener,CheckAirTimeCoroutine,100663669,0xd4664,72
Assembly-CSharp,,TimeInAirAchievementListener,Start,100663670,0xd46ac,88
Assembly-CSharp,,UnlockAchievementListener,.ctor,100663671,0xd4704,52
Assembly-CSharp,,UnlockAchievementListener,Start,100663672,0xd4738,88
Assembly-CSharp,,UnlockAchievementListener,Update,100663673,0xd4790,44
Assembly-CSharp,,UnlockAchievementListener,IsAvailable,100663674,0xd47bc,72
Assembly-CSharp,,UnlockAchievementListener,CheckUnlocks,100663675,0xd4804,72
Assembly-CSharp,,UnlockAchievementListener,UnlockCheck,100663676,0xd484c,264
Assembly-CSharp,,UnlockAchievementListener,Prerace,100663677,0xd4954,44
Assembly-CSharp,,UnlockAchievementListener,Postrace,100663678,0xd4980,44
Assembly-CSharp,,UnlockAchievementListener,Reward,100663679,0xd49ac,140
Assembly-CSharp,,UseAPowerupAchievementListener,.ctor,100663680,0xd4a38,52
Assembly-CSharp,,UseAPowerupAchievementListener,Start,100663681,0xd4a6c,88
Assembly-CSharp,,UseAPowerupAchievementListener,Update,100663682,0xd4ac4,44
Assembly-CSharp,,UseAPowerupAchievementListener,CheckCarMetrics,100663683,0xd4af0,352
Assembly-CSharp,,UseAPowerupAchievementListener,PowerupUseCheckPump,100663684,0xd4c50,72
Assembly-CSharp,,UseAPowerupAchievementListener,IsAvailable,100663685,0xd4c98,72
Assembly-CSharp,,UseAPowerupAchievementListener,Prerace,100663686,0xd4ce0,44
Assembly-CSharp,,UseAPowerupAchievementListener,Postrace,100663687,0xd4d0c,44
Assembly-CSharp,,UseAPowerupAchievementListener,Reward,100663688,0xd4d38,304
Assembly-CSharp,,UsePowerupAgainstOpponentAchievementListener,.ctor,100663689,0xd4e68,60
Assembly-CSharp,,UsePowerupAgainstOpponentAchievementListener,Start,100663690,0xd4ea4,88
Assembly-CSharp,,UsePowerupAgainstOpponentAchievementListener,Update,100663691,0xd4efc,44
Assembly-CSharp,,UsePowerupAgainstOpponentAchievementListener,CheckMetricsPump,100663692,0xd4f28,72
Assembly-CSharp,,UsePowerupAgainstOpponentAchievementListener,CheckMetrics,100663693,0xd4f70,300
Assembly-CSharp,,UsePowerupAgainstOpponentAchievementListener,IsAvailable,100663694,0xd509c,72
Assembly-CSharp,,UsePowerupAgainstOpponentAchievementListener,Prerace,100663695,0xd50e4,44
Assembly-CSharp,,UsePowerupAgainstOpponentAchievementListener,Postrace,100663696,0xd5110,84
Assembly-CSharp,,UsePowerupAgainstOpponentAchievementListener,Reward,100663697,0xd5164,64
Assembly-CSharp,,AnimatedTexture,.ctor,100663698,0xd51a4,148
Assembly-CSharp,,AnimatedTexture,Start,100663699,0xd5238,376
Assembly-CSharp,,AnimatedTexture,Update,100663700,0xd53b0,44
Assembly-CSharp,,AnimatedTexture,UpdateTexture,100663701,0xd53dc,72
Assembly-CSharp,,AnimationDriver,.ctor,100663702,0xd5424,76
Assembly-CSharp,,AnimationDriver,.cctor,100663703,0xd5470,516
Assembly-CSharp,,AnimationDriver,get_Item,100663704,0xd5674,72
Assembly-CSharp,,AnimationDriver,SetAnimationTarget,100663705,0xd56bc,1136
Assembly-CSharp,,AnimationDriver,Update,100663706,0xd5b2c,344
Assembly-CSharp,,AnimationDriver,Play,100663707,0xd5c84,320
Assembly-CSharp,,AnimationDriver,CrossFadeToNewAnimation,100663708,0xd5dc4,104
Assembly-CSharp,,AnimationDriver,Blend,100663709,0xd5e2c,224
Assembly-CSharp,,AnimationDriver,Lean,100663710,0xd5f0c,400
Assembly-CSharp,,AnimationTire,.ctor,100663711,0xd609c,52
Assembly-CSharp,,AnimationTire,Start,100663712,0xd60d0,144
Assembly-CSharp,,AnimationTire,Update,100663713,0xd6160,984
Assembly-CSharp,,FollowCamera,.ctor,100663714,0xd6538,724
Assembly-CSharp,,FollowCamera,NoCarUpdate,100663715,0xd680c,676
Assembly-CSharp,,FollowCamera,WithCarUpdate,100663716,0xd6ab0,1588
Assembly-CSharp,,FollowCamera,CrashCamUpdate,100663717,0xd70e4,184
Assembly-CSharp,,FollowCamera,Start,100663718,0xd719c,176
Assembly-CSharp,,FollowCamera,FixedUpdate,100663719,0xd724c,804
Assembly-CSharp,,FollowCamera,SetCrashCam,100663720,0xd7570,212
Assembly-CSharp,,PreRaceCamera,.ctor,100663721,0xd7644,124
Assembly-CSharp,,PreRaceCamera,SetNextTargetIndex,100663722,0xd76c0,312
Assembly-CSharp,,PreRaceCamera,Update,100663723,0xd77f8,164
Assembly-CSharp,,PreRaceCamera,Awake,100663724,0xd789c,220
Assembly-CSharp,,PreRaceCamera,FixedUpdate,100663725,0xd7978,1752
Assembly-CSharp,,PreRaceCamera,StartCamera,100663726,0xd8050,1548
Assembly-CSharp,,PreRaceCamera,ShutdownPreRace,100663727,0xd865c,396
Assembly-CSharp,,PreRaceCamera,OnDrawGizmos,100663728,0xd87e8,268
Assembly-CSharp,,CarCollider,.ctor,100663729,0xd88f4,268
Assembly-CSharp,,CarCollider,get_EngineAudioSource,100663730,0xd8a00,52
Assembly-CSharp,,CarCollider,get_isCarLocked,100663731,0xd8a34,100
Assembly-CSharp,,CarCollider,set_isCarLocked,100663732,0xd8a98,60
Assembly-CSharp,,CarCollider,get_EffectMgr,100663733,0xd8ad4,52
Assembly-CSharp,,CarCollider,get_isDrifting,100663734,0xd8b08,52
Assembly-CSharp,,CarCollider,get_PowerSlideTimer,100663735,0xd8b3c,64
Assembly-CSharp,,CarCollider,get_isPowerSlideQueued,100663736,0xd8b7c,52
Assembly-CSharp,,CarCollider,get_isInAir,100663737,0xd8bb0,120
Assembly-CSharp,,CarCollider,OnEnable,100663738,0xd8c28,252
Assembly-CSharp,,CarCollider,OnDisable,100663739,0xd8d24,144
Assembly-CSharp,,CarCollider,CarUpdatePump,100663740,0xd8db4,72
Assembly-CSharp,,CarCollider,Start,100663741,0xd8dfc,1016
Assembly-CSharp,,CarCollider,PauseSounds,100663742,0xd91f4,152
Assembly-CSharp,,CarCollider,Update,100663743,0xd928c,844
Assembly-CSharp,,CarCollider,FixedUpdate,100663744,0xd95d8,176
Assembly-CSharp,,CarCollider,CheckForCatchUp,100663745,0xd9688,508
Assembly-CSharp,,CarCollider,ApplyAcceleration,100663746,0xd9884,372
Assembly-CSharp,,CarCollider,ApplyTurning,100663747,0xd99f8,640
Assembly-CSharp,,CarCollider,ApplyDrift,100663748,0xd9c78,252
Assembly-CSharp,,CarCollider,RaceInitFinished,100663749,0xd9d74,60
Assembly-CSharp,,CarCollider,SetEngineSoundState,100663750,0xd9db0,220
Assembly-CSharp,,CarCollider,GetActualAcceleration,100663751,0xd9e8c,432
Assembly-CSharp,,CarCollider,GetActualCollisionMass,100663752,0xda03c,124
Assembly-CSharp,,CarCollider,GetActualCollisionRestitution,100663753,0xda0b8,124
Assembly-CSharp,,CarCollider,GetActualMaxSpeed,100663754,0xda134,432
Assembly-CSharp,,CarCollider,GetActualHandling,100663755,0xda2e4,176
Assembly-CSharp,,CarCollider,DoGroundCollision,100663756,0xda394,2880
Assembly-CSharp,,CarCollider,DoAcceleration,100663757,0xdaed4,948
Assembly-CSharp,,CarCollider,DoMovement,100663758,0xdb288,4984
Assembly-CSharp,,CarCollider,PlayRandomCollisionSound,100663759,0xdc600,164
Assembly-CSharp,,CarCollider,DoGimpedMovement,100663760,0xdc6a4,296
Assembly-CSharp,,CarCollider,CheckForStall,100663761,0xdc7cc,584
Assembly-CSharp,,CarCollider,DoResetCarOnTrack,100663762,0xdca14,84
Assembly-CSharp,,CarCollider,DoResetCarOnTrack,100663763,0xdca68,884
Assembly-CSharp,,CarCollider,DoTireDrag,100663764,0xdcddc,340
Assembly-CSharp,,CarCollider,DoRoadBoundaries,100663765,0xdcf30,2308
Assembly-CSharp,,CarCollider,DoPowerSlideCheck,100663766,0xdd834,1560
Assembly-CSharp,,CarCollider,DoWrongWayCheck,100663767,0xdde4c,548
Assembly-CSharp,,CarCollider,GetVelocity,100663768,0xde070,108
Assembly-CSharp,,CarCollider,TransformVelocity,100663769,0xde0dc,164
Assembly-CSharp,,CarCollider,GetAccel,100663770,0xde180,108
Assembly-CSharp,,CarCollider,DecrementInputBlock,100663771,0xde1ec,60
Assembly-CSharp,,CarCollider,IncrementInputBlock,100663772,0xde228,60
Assembly-CSharp,,CarCollider,InputBlocked,100663773,0xde264,64
Assembly-CSharp,,CarCollider,IsShielded,100663774,0xde2a4,108
Assembly-CSharp,,CarCollider,OnDrawGizmos,100663775,0xde310,880
Assembly-CSharp,,CarCollider,SetupAudioStuff,100663776,0xde680,168
Assembly-CSharp,,CharacterConfigData,.ctor,100663777,0xde728,52
Assembly-CSharp,,CharacterConfigData,get_Instance,100663778,0xde75c,176
Assembly-CSharp,,CharacterConfigData,ProcXML,100663779,0xde80c,1348
Assembly-CSharp,,CharacterConfigData,LoadDefaultConfig,100663780,0xded50,168
Assembly-CSharp,,CharacterConfigData,LoadWebConfig,100663781,0xdedf8,72
Assembly-CSharp,,CharacterConfigData,OnExternalArchiveRead,100663782,0xdee40,64
Assembly-CSharp,,CharacterConfigData,OnEnable,100663783,0xdee80,276
Assembly-CSharp,,CharacterConfigData,OnDisable,100663784,0xdef94,276
Assembly-CSharp,,CharacterConfigData,Start,100663785,0xdf0a8,100
Assembly-CSharp,,CharacterConfigData,GetCharacterCost,100663786,0xdf10c,84
Assembly-CSharp,,CharacterConfigData,GetCharacterIsSyncable,100663787,0xdf160,48
Assembly-CSharp,,CharacterConfigData,GetCharacterMessage,100663788,0xdf190,340
Assembly-CSharp,,CharacterConfigData,GetCharacterUnlockString,100663789,0xdf2e4,132
Assembly-CSharp,,ConfigData,.ctor,100663790,0xdf368,44
Assembly-CSharp,,CompositeProfile,.ctor,100663791,0xdf394,52
Assembly-CSharp,,CompositeProfile,FindSlotByName,100663792,0xdf3c8,172
Assembly-CSharp,,CompositeProfile,SetSlotSource,100663793,0xdf474,176
Assembly-CSharp,,CompositeSource,.ctor,100663794,0xdf524,44
Assembly-CSharp,,CompositeSlot,.ctor,100663795,0xdf550,44
Assembly-CSharp,,CompositeTextureUtil,ColorMultiply,100663796,0xdf57c,328
Assembly-CSharp,,CompositeTextureUtil,AlphaBlendColor32,100663797,0xdf6c4,544
Assembly-CSharp,,CompositeTextureUtil,BlitPixels,100663798,0xdf8e4,1148
Assembly-CSharp,,CompositeTextureUtil,MergeLayers,100663799,0xdfd60,536
Assembly-CSharp,,CompositeTextureUtil,BlitToCachedTexture,100663800,0xdff78,656
Assembly-CSharp,,CompositeTextureUtil,GenerateCompositeTexture,100663801,0xe0208,520
Assembly-CSharp,,AsyncTextureProcessor,.ctor,100663802,0xe0410,44
Assembly-CSharp,,AsyncTextureProcessor,GenerateCompositeTextureAsync,100663803,0xe043c,88
Assembly-CSharp,,MultilayerTexture,.ctor,100663804,0xe0494,44
Assembly-CSharp,,MultilayerTexture,FindLayerByName,100663805,0xe04c0,152
Assembly-CSharp,,MultilayerTexture,ComposeTexture,100663806,0xe0558,320
Assembly-CSharp,,MultilayerTexture,SetLayerTexture,100663807,0xe0698,84
Assembly-CSharp,,MultilayerTexture,SetLayerColor,100663808,0xe06ec,88
Assembly-CSharp,,Layer,.ctor,100663809,0xe0744,104
Assembly-CSharp,,StreamedMultilayerTexture,.ctor,100663810,0xe07ac,44
Assembly-CSharp,,StreamedMultilayerTexture,PrepareMultilayerTexture,100663811,0xe07d8,1164
Assembly-CSharp,,StreamedMultilayerTexture,RequestAssets,100663812,0xe0c64,108
Assembly-CSharp,,StreamedMultilayerTexture,ReleaseAssets,100663813,0xe0cd0,172
Assembly-CSharp,,StreamedMultilayerTexture,IsLoaded,100663814,0xe0d7c,88
Assembly-CSharp,,Layer,.ctor,100663815,0xe0dd4,44
Assembly-CSharp,,AlternateForm,.ctor,100663816,0xe0e00,52
Assembly-CSharp,,AlternateForm,IndexOf,100663817,0xe0e34,156
Assembly-CSharp,,AlternateForm,FindFirstWithForm,100663818,0xe0ed0,180
Assembly-CSharp,,AlternateForm,GetBodyForm,100663819,0xe0f84,140
Assembly-CSharp,,FormData,.ctor,100663820,0xe1010,44
Assembly-CSharp,,CartAttributes,.ctor,100663821,0xe103c,404
Assembly-CSharp,,CartAttributes,GetSpeedRating,100663822,0xe11d0,212
Assembly-CSharp,,CartAttributes,CompareSpeed,100663823,0xe12a4,104
Assembly-CSharp,,CartAttributes,GetAccelerationRating,100663824,0xe130c,212
Assembly-CSharp,,CartAttributes,CompareAcceleration,100663825,0xe13e0,104
Assembly-CSharp,,CartAttributes,GetHandlingRating,100663826,0xe1448,296
Assembly-CSharp,,CartAttributes,CompareHandlingRating,100663827,0xe1570,104
Assembly-CSharp,,CartAttributes,GetPowerSlideRating,100663828,0xe15d8,276
Assembly-CSharp,,CartAttributes,ComparePowerSlide,100663829,0xe16ec,104
Assembly-CSharp,,CartAttributes,get_MaxAttributes,100663830,0xe1754,388
Assembly-CSharp,,CartAttributes,get_MinAttributes,100663831,0xe18d8,388
Assembly-CSharp,,CartAttributes,op_Addition,100663832,0xe1a5c,512
Assembly-CSharp,,CartAttributes,op_Subtraction,100663833,0xe1c5c,512
Assembly-CSharp,,CartPart,.ctor,100663834,0xe1e5c,52
Assembly-CSharp,,CartPart,get_IsLocked,100663835,0xe1e90,112
Assembly-CSharp,,CartPart,get_AreAllAlternateFormsLocked,100663836,0xe1f00,180
Assembly-CSharp,,CartPart,get_bodyFormType,100663837,0xe1fb4,200
Assembly-CSharp,,CartPart,GetAlternatePartOfForm,100663838,0xe207c,212
Assembly-CSharp,,CartPartList,.ctor,100663839,0xe2150,52
Assembly-CSharp,,CartPartList,GetInstance,100663840,0xe2184,168
Assembly-CSharp,,CartPartList,LoadPartCosts,100663841,0xe222c,1612
Assembly-CSharp,,CartPartList,ModifyPartCostsCoroutine,100663842,0xe2878,72
Assembly-CSharp,,CartPartList,OnExternalArchiveRead,100663843,0xe28c0,64
Assembly-CSharp,,CartPartList,OnEnable,100663844,0xe2900,276
Assembly-CSharp,,CartPartList,OnDisable,100663845,0xe2a14,276
Assembly-CSharp,,CartPartList,Start,100663846,0xe2b28,1700
Assembly-CSharp,,CartPartList,CartPartListExists,100663847,0xe31cc,136
Assembly-CSharp,,CartPartList,GetAllParts,100663848,0xe3254,44
Assembly-CSharp,,CartPartList,GetPart,100663849,0xe3280,300
Assembly-CSharp,,CartPartList,GetSlotPartList,100663850,0xe33ac,80
Assembly-CSharp,,CartPartList,GetDefaultParts,100663851,0xe33fc,44
Assembly-CSharp,,CartPartList,GetAllPaintJobs,100663852,0xe3428,44
Assembly-CSharp,,CartPartList,GetPaintJob,100663853,0xe3454,160
Assembly-CSharp,,CartPartList,GetSlotPaintJobList,100663854,0xe34f4,80
Assembly-CSharp,,CartPartList,GetNextPurchasablePartForSlot,100663855,0xe3544,164
Assembly-CSharp,,CartPartList,GetMostExpensiveAffordablePart,100663856,0xe35e8,212
Assembly-CSharp,,CartPartList,GetMostExpensiveUnlockableAffordablePart,100663857,0xe36bc,1060
Assembly-CSharp,,CartPrimaryTextureProfile,.ctor,100663858,0xe3ae0,52
Assembly-CSharp,,CartPrimaryTextureProfile,get_profile,100663859,0xe3b14,124
Assembly-CSharp,,CartPrimaryTextureProfile,Awake,100663860,0xe3b90,156
Assembly-CSharp,,CartSlot,.ctor,100663861,0xe3c2c,60
Assembly-CSharp,,CartSlot,.cctor,100663862,0xe3c68,3364
Assembly-CSharp,,CartSlot,get_name,100663863,0xe498c,116
Assembly-CSharp,,CartSlot,get_targetGameObjectName,100663864,0xe4a00,116
Assembly-CSharp,,CartSlot,get_required,100663865,0xe4a74,112
Assembly-CSharp,,CartSlot,GetSlotName,100663866,0xe4ae4,112
Assembly-CSharp,,CartSlot,GetSlotTargetGameObjectName,100663867,0xe4b54,112
Assembly-CSharp,,CartSlot,GetIsSlotRequired,100663868,0xe4bc4,108
Assembly-CSharp,,CartSlot,GetCustomizerCameraTarget,100663869,0xe4c30,168
Assembly-CSharp,,CartSlot,GetCustomizerCameraPosition,100663870,0xe4cd8,168
Assembly-CSharp,,PaintJob,.ctor,100663871,0xe4d80,52
Assembly-CSharp,,PaintJob,GetTexture,100663872,0xe4db4,108
Assembly-CSharp,,PlayerInstance,.ctor,100663873,0xe4e20,268
Assembly-CSharp,,PlayerInstance,.cctor,100663874,0xe4f2c,36
Assembly-CSharp,,PlayerInstance,get_Instance,100663875,0xe4f50,256
Assembly-CSharp,,PlayerInstance,Awake,100663876,0xe5050,56
Assembly-CSharp,,PlayerInstance,Start,100663877,0xe5088,88
Assembly-CSharp,,PlayerInstance,Bootstrap,100663878,0xe50e0,1764
Assembly-CSharp,,PlayerInstance,GetCartSlot,100663879,0xe57c4,100
Assembly-CSharp,,PlayerInstance,GetConstructedCart,100663880,0xe5828,112
Assembly-CSharp,,PlayerInstance,ConstructCart,100663881,0xe5898,56
Assembly-CSharp,,PlayerInstance,MatchAlternateForms,100663882,0xe58d0,484
Assembly-CSharp,,PlayerInstance,ReleaseCart,100663883,0xe5ab4,324
Assembly-CSharp,,CarSnapShot,.ctor,100663884,0xe5bf8,172
Assembly-CSharp,,CarSnapShot,AddToEffectList,100663885,0xe5ca4,72
Assembly-CSharp,,CarSnapShot,AddEffectToPowerUpholder,100663886,0xe5cec,72
Assembly-CSharp,,SnapShotInfo,.ctor,100663887,0xe5d34,100
Assembly-CSharp,,SnapShotInfo,AddCarSnap,100663888,0xe5d98,72
Assembly-CSharp,,SnapShotInfo,DebugDump,100663889,0xe5de0,620
Assembly-CSharp,,LocalOptionsData,.ctor,100663890,0xe604c,120
Assembly-CSharp,,LocalOptionsData,Save,100663891,0xe60c4,204
Assembly-CSharp,,LocalOptionsData,Load,100663892,0xe6190,288
Assembly-CSharp,,CloudSaveData,.ctor,100663893,0xe62b0,112
Assembly-CSharp,,CloudSaveData,get_CurrentCloudSaveDataVersion,100663894,0xe6320,40
Assembly-CSharp,,DataUtility,.ctor,100663895,0xe6348,204
Assembly-CSharp,,DataUtility,.cctor,100663896,0xe6414,36
Assembly-CSharp,,DataUtility,get_Instance,100663897,0xe6438,256
Assembly-CSharp,,DataUtility,get_Exists,100663898,0xe6538,64
Assembly-CSharp,,DataUtility,Awake,100663899,0xe6578,88
Assembly-CSharp,,DataUtility,get_playerCoins,100663900,0xe65d0,56
Assembly-CSharp,,DataUtility,get_PopupDone,100663901,0xe6608,52
Assembly-CSharp,,DataUtility,set_PopupDone,100663902,0xe663c,60
Assembly-CSharp,,DataUtility,get_CurSettings,100663903,0xe6678,52
Assembly-CSharp,,DataUtility,set_CurSettings,100663904,0xe66ac,92
Assembly-CSharp,,DataUtility,DoActualPurchase,100663905,0xe6708,140
Assembly-CSharp,,DataUtility,IsUnlocked,100663906,0xe6794,144
Assembly-CSharp,,DataUtility,iCloudDataChanged,100663907,0xe6824,56
Assembly-CSharp,,DataUtility,Unlock,100663908,0xe685c,216
Assembly-CSharp,,DataUtility,Relock,100663909,0xe6934,152
Assembly-CSharp,,DataUtility,SetCartPart,100663910,0xe69cc,340
Assembly-CSharp,,DataUtility,SetCartPaint,100663911,0xe6b20,340
Assembly-CSharp,,DataUtility,IsCurrentPaint,100663912,0xe6c74,280
Assembly-CSharp,,DataUtility,Load,100663913,0xe6d8c,2752
Assembly-CSharp,,DataUtility,Save,100663914,0xe784c,1348
Assembly-CSharp,,DataUtility,BuyItem,100663915,0xe7d90,236
Assembly-CSharp,,DataUtility,AddPlayerMoney,100663916,0xe7e7c,96
Assembly-CSharp,,DataUtility,AddPlayerMoney,100663917,0xe7edc,128
Assembly-CSharp,,DataUtility,PurchaseCoinsFromStoreKit,100663918,0xe7f5c,216
Assembly-CSharp,,DataUtility,SetupItemsForPurchase,100663919,0xe8034,180
Assembly-CSharp,,DataUtility,PurchaseFailed,100663920,0xe80e8,100
Assembly-CSharp,,DataUtility,PurchaseSuccessful,100663921,0xe814c,96
Assembly-CSharp,,DataUtility,StartStorePurchase,100663922,0xe81ac,72
Assembly-CSharp,,DataUtility,FinalizeStore,100663923,0xe81f4,80
Assembly-CSharp,,DataUtility,FinalizePurchase,100663924,0xe8244,104
Assembly-CSharp,,DataUtility,ProductListRecieved,100663925,0xe82ac,876
Assembly-CSharp,,DataUtility,ProductListRequestFailed,100663926,0xe8618,88
Assembly-CSharp,,DataUtility,AddSnapshot,100663927,0xe8670,152
Assembly-CSharp,,DataUtility,GetSnapshot,100663928,0xe8708,168
Assembly-CSharp,,DataUtility,CleanupSnapShots,100663929,0xe87b0,552
Assembly-CSharp,,DataUtility,CleanupAllSnapShots,100663930,0xe89d8,656
Assembly-CSharp,,DataUtility,Start,100663931,0xe8c68,160
Assembly-CSharp,,DataUtility,OnEnable,100663932,0xe8d08,820
Assembly-CSharp,,DataUtility,OnDisable,100663933,0xe903c,844
Assembly-CSharp,,DataUtility,OnApplicationPause,100663934,0xe9388,124
Assembly-CSharp,,DataUtility,OnApplicationQuit,100663935,0xe9404,72
Assembly-CSharp,,DataUtility,JCloudDataDidChangeExternally,100663936,0xe944c,96
Assembly-CSharp,,DataUtility,PrependBundlePath,100663937,0xe94ac,220
Assembly-CSharp,,DataUtility,gcPlayerAuthenticated,100663938,0xe9588,68
Assembly-CSharp,,DataUtility,gcPlayerAuthenticateFailed,100663939,0xe95cc,76
Assembly-CSharp,,DataUtility,gcDisplayReportedAchievement,100663940,0xe9618,92
Assembly-CSharp,,DataUtility,gcReportAchievementFailed,100663941,0xe9674,76
Assembly-CSharp,,DataUtility,<ProductListRecieved>m__4,100663942,0xe96c0,220
Assembly-CSharp,,LifetimeMetrics,.ctor,100663943,0xe979c,44
Assembly-CSharp,,LifetimeMetrics,.cctor,100663944,0xe97c8,36
Assembly-CSharp,,LifetimeMetrics,get_Item,100663945,0xe97ec,172
Assembly-CSharp,,LifetimeMetrics,ContainsKey,100663946,0xe9898,84
Assembly-CSharp,,LifetimeMetrics,Save,100663947,0xe98ec,616
Assembly-CSharp,,LifetimeMetrics,Load,100663948,0xe9b54,756
Assembly-CSharp,,LifetimeMetrics,Signal,100663949,0xe9e48,324
Assembly-CSharp,,LifetimeMetrics,Signal,100663950,0xe9f8c,80
Assembly-CSharp,,LifetimeMetrics,SetMetric,100663951,0xe9fdc,260
Assembly-CSharp,,LifetimeMetrics,DebugDump,100663952,0xea0e0,676
Assembly-CSharp,,BaseMission,.ctor,100663953,0xea384,232
Assembly-CSharp,,BaseMission,GetHasArrow,100663959,0xea46c,52
Assembly-CSharp,,BaseMission,GetTaskDisplay,100663960,0xea4a0,284
Assembly-CSharp,,BaseMission,GetCurrentMissionName,100663961,0xea5bc,300
Assembly-CSharp,,BaseMission,GetCurrentUntranslatedMissionName,100663962,0xea6e8,276
Assembly-CSharp,,BrakeMission,.ctor,100663963,0xea7fc,52
Assembly-CSharp,,BrakeMission,Init,100663964,0xea830,80
Assembly-CSharp,,BrakeMission,Update,100663965,0xea880,412
Assembly-CSharp,,BrakeMission,Shutdown,100663966,0xeaa1c,44
Assembly-CSharp,,BrakeMission,Signal,100663967,0xeaa48,48
Assembly-CSharp,,BrakeMission,Signal,100663968,0xeaa78,52
Assembly-CSharp,,BuyPowerupMission,.ctor,100663969,0xeaaac,52
Assembly-CSharp,,BuyPowerupMission,Start,100663970,0xeaae0,44
Assembly-CSharp,,BuyPowerupMission,Init,100663971,0xeab0c,44
Assembly-CSharp,,BuyPowerupMission,Shutdown,100663972,0xeab38,44
Assembly-CSharp,,BuyPowerupMission,Update,100663973,0xeab64,44
Assembly-CSharp,,BuyPowerupMission,Signal,100663974,0xeab90,144
Assembly-CSharp,,BuyPowerupMission,Signal,100663975,0xeac20,52
Assembly-CSharp,,CollectPowerupMission,.ctor,100663976,0xeac54,116
Assembly-CSharp,,CollectPowerupMission,Init,100663977,0xeacc8,56
Assembly-CSharp,,CollectPowerupMission,Update,100663978,0xead00,172
Assembly-CSharp,,CollectPowerupMission,Shutdown,100663979,0xeadac,44
Assembly-CSharp,,CollectPowerupMission,Signal,100663980,0xeadd8,200
Assembly-CSharp,,CollectPowerupMission,Signal,100663981,0xeaea0,52
Assembly-CSharp,,CombinePowerupMission,.ctor,100663982,0xeaed4,52
Assembly-CSharp,,CombinePowerupMission,Start,100663983,0xeaf08,44
Assembly-CSharp,,CombinePowerupMission,Init,100663984,0xeaf34,44
Assembly-CSharp,,CombinePowerupMission,Update,100663985,0xeaf60,44
Assembly-CSharp,,CombinePowerupMission,Shutdown,100663986,0xeaf8c,44
Assembly-CSharp,,CombinePowerupMission,Signal,100663987,0xeafb8,144
Assembly-CSharp,,CombinePowerupMission,Signal,100663988,0xeb048,52
Assembly-CSharp,,DriftMission,.ctor,100663989,0xeb07c,52
Assembly-CSharp,,DriftMission,Init,100663990,0xeb0b0,96
Assembly-CSharp,,DriftMission,Update,100663991,0xeb110,344
Assembly-CSharp,,DriftMission,Shutdown,100663992,0xeb268,44
Assembly-CSharp,,DriftMission,Signal,100663993,0xeb294,48
Assembly-CSharp,,DriftMission,Signal,100663994,0xeb2c4,52
Assembly-CSharp,,FinishTheLapMission,.ctor,100663995,0xeb2f8,52
Assembly-CSharp,,FinishTheLapMission,Init,100663996,0xeb32c,44
Assembly-CSharp,,FinishTheLapMission,Update,100663997,0xeb358,44
Assembly-CSharp,,FinishTheLapMission,Shutdown,100663998,0xeb384,44
Assembly-CSharp,,FinishTheLapMission,Signal,100663999,0xeb3b0,144
Assembly-CSharp,,FinishTheLapMission,Signal,100664000,0xeb440,52
Assembly-CSharp,,MissionCollection,.ctor,100664001,0xeb474,60
Assembly-CSharp,,MissionCollection,Init,100664002,0xeb4b0,148
Assembly-CSharp,,MissionCollection,GetHasArrow,100664003,0xeb544,104
Assembly-CSharp,,MissionCollection,Update,100664004,0xeb5ac,368
Assembly-CSharp,,MissionCollection,Shutdown,100664005,0xeb71c,44
Assembly-CSharp,,MissionCollection,Signal,100664006,0xeb748,140
Assembly-CSharp,,MissionCollection,Signal,100664007,0xeb7d4,516
Assembly-CSharp,,MissionCollection,getCheckCurrentMission,100664008,0xeb9d8,52
Assembly-CSharp,,MissionCollection,setCheckCurrentMission,100664009,0xeba0c,60
Assembly-CSharp,,MissionCollection,GetAreThereAnyMissionsLeft,100664010,0xeba48,72
Assembly-CSharp,,MissionCollection,GetTaskDisplay,100664011,0xeba90,148
Assembly-CSharp,,MissionCollection,GetCurrentMission,100664012,0xebb24,100
Assembly-CSharp,,MissionManager,.ctor,100664013,0xebb88,196
Assembly-CSharp,,MissionManager,GetHasStartedFirstMission,100664014,0xebc4c,52
Assembly-CSharp,,MissionManager,WaitForNextMission,100664015,0xebc80,88
Assembly-CSharp,,MissionManager,Start,100664016,0xebcd8,56
Assembly-CSharp,,MissionManager,get_CurrentMissionComplete,100664017,0xebd10,52
Assembly-CSharp,,MissionManager,get_AllMissionsComplete,100664018,0xebd44,76
Assembly-CSharp,,MissionManager,Update,100664019,0xebd90,1048
Assembly-CSharp,,MissionManager,AddMission,100664020,0xec1a8,96
Assembly-CSharp,,MissionManager,CompleteMission,100664021,0xec208,236
Assembly-CSharp,,MissionManager,Signal,100664022,0xec2f4,332
Assembly-CSharp,,MissionManager,Signal,100664023,0xec440,340
Assembly-CSharp,,MissionManager,GetCurrentMission,100664024,0xec594,68
Assembly-CSharp,,PauseMission,.ctor,100664025,0xec5d8,52
Assembly-CSharp,,PauseMission,Init,100664026,0xec60c,44
Assembly-CSharp,,PauseMission,Update,100664027,0xec638,44
Assembly-CSharp,,PauseMission,Shutdown,100664028,0xec664,44
Assembly-CSharp,,PauseMission,Signal,100664029,0xec690,144
Assembly-CSharp,,PauseMission,Signal,100664030,0xec720,52
Assembly-CSharp,,TurnMission,.ctor,100664031,0xec754,52
Assembly-CSharp,,TurnMission,Init,100664032,0xec788,652
Assembly-CSharp,,TurnMission,Update,100664033,0xeca14,44
Assembly-CSharp,,TurnMission,Shutdown,100664034,0xeca40,44
Assembly-CSharp,,TurnMission,Signal,100664035,0xeca6c,100
Assembly-CSharp,,TurnMission,Signal,100664036,0xecad0,52
Assembly-CSharp,,UsePowerupMission,.ctor,100664037,0xecb04,52
Assembly-CSharp,,UsePowerupMission,Init,100664038,0xecb38,44
Assembly-CSharp,,UsePowerupMission,Update,100664039,0xecb64,44
Assembly-CSharp,,UsePowerupMission,Shutdown,100664040,0xecb90,44
Assembly-CSharp,,UsePowerupMission,Signal,100664041,0xecbbc,144
Assembly-CSharp,,UsePowerupMission,Signal,100664042,0xecc4c,52
Assembly-CSharp,,CharacterVOControllerGameObjectExtender,GetVOController,100664043,0xecc80,132
Assembly-CSharp,,CharacterVOController,.ctor,100664044,0xecd04,196
Assembly-CSharp,,CharacterVOController,PickClip,100664045,0xecdc8,336
Assembly-CSharp,,CharacterVOController,PlayClip,100664046,0xecf18,156
Assembly-CSharp,,CharacterVOController,PlayCelebrate,100664047,0xecfb4,72
Assembly-CSharp,,CharacterVOController,PlayPout,100664048,0xecffc,72
Assembly-CSharp,,CharacterVOController,PlayCharacterSelect,100664049,0xed044,72
Assembly-CSharp,,Explosion,.ctor,100664050,0xed08c,52
Assembly-CSharp,,Explosion,Start,100664051,0xed0c0,172
Assembly-CSharp,,Explosion,Update,100664052,0xed16c,44
Assembly-CSharp,,Explosion,ExplosionDeath,100664053,0xed198,72
Assembly-CSharp,,MusicPlayer,.ctor,100664054,0xed1e0,52
Assembly-CSharp,,MusicPlayer,.cctor,100664055,0xed214,36
Assembly-CSharp,,MusicPlayer,get_Instance,100664056,0xed238,248
Assembly-CSharp,,MusicPlayer,get_Exists,100664057,0xed330,64
Assembly-CSharp,,MusicPlayer,Start,100664058,0xed370,104
Assembly-CSharp,,MusicPlayer,Awake,100664059,0xed3d8,56
Assembly-CSharp,,MusicPlayer,Update,100664060,0xed410,152
Assembly-CSharp,,MusicPlayer,PlayMusic,100664061,0xed4a8,72
Assembly-CSharp,,MusicPlayer,PlayMusic,100664062,0xed4f0,288
Assembly-CSharp,,MusicPlayer,StopMusic,100664063,0xed610,92
Assembly-CSharp,,MusicPlayer,UpdateVolume,100664064,0xed66c,100
Assembly-CSharp,,MusicPlayer,HijackMusicPlayerForSoundStings,100664065,0xed6d0,276
Assembly-CSharp,,MusicPlayer,RestoreVolumeAfterSound,100664066,0xed7e4,72
Assembly-CSharp,,SoundLibrary,.ctor,100664067,0xed82c,52
Assembly-CSharp,,SoundLibrary,.cctor,100664068,0xed860,36
Assembly-CSharp,,SoundLibrary,get_Instance,100664069,0xed884,248
Assembly-CSharp,,SoundLibrary,get_Present,100664070,0xed97c,64
Assembly-CSharp,,SoundLibrary,get_SoundBank,100664071,0xed9bc,52
Assembly-CSharp,,SoundLibrary,get_NameToHashBank,100664072,0xed9f0,52
Assembly-CSharp,,SoundLibrary,get_HashToNameBank,100664073,0xeda24,52
Assembly-CSharp,,SoundLibrary,Awake,100664074,0xeda58,388
Assembly-CSharp,,SoundLibrary,GetClip,100664075,0xedbdc,108
Assembly-CSharp,,SoundLibrary,GetClipHash,100664076,0xedc48,108
Assembly-CSharp,,SoundLibrary,GetClipName,100664077,0xedcb4,112
Assembly-CSharp,,SoundLibrary,ManuallyAddClip,100664078,0xedd24,184
Assembly-CSharp,,SoundLibrary,ManuallyRemoveClip,100664079,0xedddc,160
Assembly-CSharp,,SoundLibrary,PlayClipOnSource,100664080,0xede7c,312
Assembly-CSharp,,SoundLibrary,PlayOneShotClipOnSource,100664081,0xedfb4,164
Assembly-CSharp,,SoundLibrary,StopClipOnSource,100664082,0xee058,76
Assembly-CSharp,,SoundLibrary,GetInstanceOfSource,100664083,0xee0a4,468
Assembly-CSharp,,SoundLibrary,ButtonClickPlay,100664084,0xee278,116
Assembly-CSharp,,SoundLibrary,PlayRandomWhoosh,100664085,0xee2ec,188
Assembly-CSharp,,SoundLibrary,PlaySoundOnPlayer,100664086,0xee3a8,172
Assembly-CSharp,,SoundLibrary,PlaySoundOnCamera,100664087,0xee454,248
Assembly-CSharp,,SoundLibrary,StopSoundOnCamera,100664088,0xee54c,176
Assembly-CSharp,,SoundLibrary,PauseCameraSound,100664089,0xee5fc,348
Assembly-CSharp,,SoundLibrary,Update,100664090,0xee758,76
Assembly-CSharp,,SoundClipReference,.ctor,100664091,0xee7a4,44
Assembly-CSharp,,SoundClipDictionary,.ctor,100664092,0xee7d0,188
Assembly-CSharp,,SoundClipDictionary,get_Item,100664093,0xee88c,112
Assembly-CSharp,,SoundClipDictionary,set_Item,100664094,0xee8fc,224
Assembly-CSharp,,SoundClipDictionary,get_Count,100664095,0xee9dc,64
Assembly-CSharp,,ClipHashDictionary,.ctor,100664096,0xeea1c,188
Assembly-CSharp,,ClipHashDictionary,get_Item,100664097,0xeead8,112
Assembly-CSharp,,ClipHashDictionary,set_Item,100664098,0xeeb48,164
Assembly-CSharp,,HashClipDictionary,.ctor,100664099,0xeebec,188
Assembly-CSharp,,HashClipDictionary,get_Item,100664100,0xeeca8,112
Assembly-CSharp,,HashClipDictionary,set_Item,100664101,0xeed18,160
Assembly-CSharp,,SoundLibraryAddendum,.ctor,100664102,0xeedb8,52
Assembly-CSharp,,SoundLibraryAddendum,OnEnable,100664103,0xeedec,132
Assembly-CSharp,,SoundLibraryAddendum,OnDisable,100664104,0xeee70,128
Assembly-CSharp,,SoundLibraryAddendum,Dispose,100664105,0xeeef0,52
Assembly-CSharp,,SourceFactory,.ctor,100664106,0xeef24,56
Assembly-CSharp,,SourceFactory,GetSource,100664107,0xeef5c,140
Assembly-CSharp,,SourceFactory,RecycleSources,100664108,0xeefe8,188
Assembly-CSharp,,SourceFactory,GetUsedList,100664109,0xef0a4,52
Assembly-CSharp,,SourceFactory,Init,100664110,0xef0d8,556
Assembly-CSharp,,SourceFactory,SetPriority,100664111,0xef304,608
Assembly-CSharp,,SoundSequencer,.ctor,100664112,0xef564,124
Assembly-CSharp,,SoundSequencer,get_isPaused,100664113,0xef5e0,52
Assembly-CSharp,,SoundSequencer,RequestPlay,100664114,0xef614,180
Assembly-CSharp,,SoundSequencer,RequestPlayLoop,100664115,0xef6c8,108
Assembly-CSharp,,SoundSequencer,StopLoopingSound,100664116,0xef734,388
Assembly-CSharp,,SoundSequencer,DetermineSoundsToPlay,100664117,0xef8b8,512
Assembly-CSharp,,SoundSequencer,SearchUsedList,100664118,0xefab8,500
Assembly-CSharp,,SoundSequencer,GetNewSourceAndPlay,100664119,0xefcac,256
Assembly-CSharp,,SoundSequencer,Awake,100664120,0xefdac,180
Assembly-CSharp,,SoundSequencer,Update,100664121,0xefe60,124
Assembly-CSharp,,SoundSequencer,Recycle,100664122,0xefedc,72
Assembly-CSharp,,SoundSequencer,PauseSounds,100664123,0xeff24,364
Assembly-CSharp,,SoundSequencer,UnpauseSounds,100664124,0xf0090,364
Assembly-CSharp,,SoundSequencer,StopSounds,100664125,0xf01fc,352
Assembly-CSharp,,SoundSequencer,SetPriority,100664126,0xf035c,88
Assembly-CSharp,,ApplyEffectDebugUtility,.ctor,100664127,0xf03b4,92
Assembly-CSharp,,ApplyEffectDebugUtility,Update,100664128,0xf0410,240
Assembly-CSharp,,AutoDestructParticleSystem,.ctor,100664129,0xf0500,52
Assembly-CSharp,,AutoDestructParticleSystem,Start,100664130,0xf0534,44
Assembly-CSharp,,AutoDestructParticleSystem,Update,100664131,0xf0560,44
Assembly-CSharp,,AutoDestructParticleSystem,LateUpdate,100664132,0xf058c,112
Assembly-CSharp,,BaseEffect,.ctor,100664133,0xf05fc,56
Assembly-CSharp,,BaseEffect,.cctor,100664134,0xf0634,36
Assembly-CSharp,,BaseEffect,get_ComboLookup,100664135,0xf0658,56
Assembly-CSharp,,BaseEffect,set_ComboLookup,100664136,0xf0690,68
Assembly-CSharp,,BaseEffect,get_EffectType,100664137,0xf06d4,52
Assembly-CSharp,,BaseEffect,set_EffectType,100664138,0xf0708,60
Assembly-CSharp,,BaseEffect,get_IsMultiLevel,100664139,0xf0744,52
Assembly-CSharp,,BaseEffect,set_IsMultiLevel,100664140,0xf0778,60
Assembly-CSharp,,BaseEffect,get_PowerLevel,100664141,0xf07b4,52
Assembly-CSharp,,BaseEffect,set_PowerLevel,100664142,0xf07e8,60
Assembly-CSharp,,BaseEffect,isBeneficial,100664143,0xf0824,56
Assembly-CSharp,,BaseEffect,isBeneficial,100664144,0xf085c,260
Assembly-CSharp,,BaseEffect,GetEffectInstance,100664145,0xf0960,932
Assembly-CSharp,,BaseEffect,FixedUpdate,100664151,0xf0d04,44
Assembly-CSharp,,BaseEffect,InitComboLookup,100664152,0xf0d30,188
Assembly-CSharp,,BaseEffect,SetUpComboLookup,100664153,0xf0dec,404
Assembly-CSharp,,BaseEffect,GetComboEffectType,100664154,0xf0f80,440
Assembly-CSharp,,BaseEffect,DebugDump,100664155,0xf1138,444
Assembly-CSharp,,BoatAnchorEffect,.ctor,100664156,0xf12f4,72
Assembly-CSharp,,BoatAnchorEffect,Init,100664157,0xf133c,620
Assembly-CSharp,,BoatAnchorEffect,Update,100664158,0xf15a8,44
Assembly-CSharp,,BoatAnchorEffect,Shutdown,100664159,0xf15d4,44
Assembly-CSharp,,BoatAnchorEffect,Stack,100664160,0xf1600,52
Assembly-CSharp,,BoatAnchorEffect,GetEffectSnapShot,100664161,0xf1634,48
Assembly-CSharp,,BoatAnchorEffect,LaunchAnchor,100664162,0xf1664,636
Assembly-CSharp,,BoosterEffect,.ctor,100664163,0xf18e0,112
Assembly-CSharp,,BoosterEffect,Init,100664164,0xf1950,2088
Assembly-CSharp,,BoosterEffect,Update,100664165,0xf2178,44
Assembly-CSharp,,BoosterEffect,Shutdown,100664166,0xf21a4,768
Assembly-CSharp,,BoosterEffect,Stack,100664167,0xf24a4,52
Assembly-CSharp,,BoosterEffect,GetEffectSnapShot,100664168,0xf24d8,48
Assembly-CSharp,,EffectManager,.ctor,100664169,0xf2508,104
Assembly-CSharp,,EffectManager,Update,100664170,0xf2570,716
Assembly-CSharp,,EffectManager,Start,100664171,0xf283c,44
Assembly-CSharp,,EffectManager,FixedUpdate,100664172,0xf2868,336
Assembly-CSharp,,EffectManager,AddEffect,100664173,0xf29b8,640
Assembly-CSharp,,EffectManager,RemoveEffect,100664174,0xf2c38,148
Assembly-CSharp,,EffectManager,RemoveAllEffects,100664175,0xf2ccc,448
Assembly-CSharp,,EffectManager,HasEffect,100664176,0xf2e8c,356
Assembly-CSharp,,EffectManager,GetEffectCount,100664177,0xf2ff0,340
Assembly-CSharp,,EffectManager,GetHighestPoweredEffect,100664178,0xf3144,352
Assembly-CSharp,,EffectManager,GetStrongestEffect,100664179,0xf32a4,364
Assembly-CSharp,,EffectManager,HasEffectOfLevel,100664180,0xf3410,376
Assembly-CSharp,,EffectManager,GetEffect,100664181,0xf3588,112
Assembly-CSharp,,EffectManager,GetEffectListCopy,100664182,0xf35f8,252
Assembly-CSharp,,EffectManager,SetEffectList,100664183,0xf36f4,72
Assembly-CSharp,,FlipEffect,.ctor,100664184,0xf373c,176
Assembly-CSharp,,FlipEffect,Init,100664185,0xf37ec,1220
Assembly-CSharp,,FlipEffect,Update,100664186,0xf3cb0,516
Assembly-CSharp,,FlipEffect,Shutdown,100664187,0xf3eb4,464
Assembly-CSharp,,FlipEffect,Stack,100664188,0xf4084,52
Assembly-CSharp,,FlipEffect,GetEffectSnapShot,100664189,0xf40b8,48
Assembly-CSharp,,GuidedJumpEffect,.ctor,100664190,0xf40e8,692
Assembly-CSharp,,GuidedJumpEffect,Init,100664191,0xf439c,560
Assembly-CSharp,,GuidedJumpEffect,Update,100664192,0xf45cc,288
Assembly-CSharp,,GuidedJumpEffect,FixedUpdate,100664193,0xf46ec,616
Assembly-CSharp,,GuidedJumpEffect,Shutdown,100664194,0xf4954,204
Assembly-CSharp,,GuidedJumpEffect,Stack,100664195,0xf4a20,52
Assembly-CSharp,,GuidedJumpEffect,GetEffectSnapShot,100664196,0xf4a54,144
Assembly-CSharp,,MineEffect,.ctor,100664197,0xf4ae4,112
Assembly-CSharp,,MineEffect,Init,100664198,0xf4b54,148
Assembly-CSharp,,MineEffect,Shutdown,100664199,0xf4be8,44
Assembly-CSharp,,MineEffect,Stack,100664200,0xf4c14,112
Assembly-CSharp,,MineEffect,Update,100664201,0xf4c84,428
Assembly-CSharp,,MineEffect,GetEffectSnapShot,100664202,0xf4e30,48
Assembly-CSharp,,ParticleLibrary,.ctor,100664203,0xf4e60,52
Assembly-CSharp,,ParticleLibrary,.cctor,100664204,0xf4e94,36
Assembly-CSharp,,ParticleLibrary,get_Instance,100664205,0xf4eb8,248
Assembly-CSharp,,ParticleLibrary,GetPrefab,100664206,0xf4fb0,388
Assembly-CSharp,,ParticleLibrary,Awake,100664207,0xf5134,56
Assembly-CSharp,,ParticleLibrary,Start,100664208,0xf516c,88
Assembly-CSharp,,ParticleLibrary,Update,100664209,0xf51c4,44
Assembly-CSharp,,ParticlePrefab,.ctor,100664210,0xf51f0,44
Assembly-CSharp,,ParticleSystemDestroy,.ctor,100664211,0xf521c,52
Assembly-CSharp,,ParticleSystemDestroy,Start,100664212,0xf5250,72
Assembly-CSharp,,PieHitEffect,.ctor,100664213,0xf5298,76
Assembly-CSharp,,PieHitEffect,Init,100664214,0xf52e4,352
Assembly-CSharp,,PieHitEffect,Update,100664215,0xf5444,44
Assembly-CSharp,,PieHitEffect,Shutdown,100664216,0xf5470,44
Assembly-CSharp,,PieHitEffect,Stack,100664217,0xf549c,52
Assembly-CSharp,,PieHitEffect,GetEffectSnapShot,100664218,0xf54d0,48
Assembly-CSharp,,PowerupMagnet,.ctor,100664219,0xf5500,252
Assembly-CSharp,,PowerupMagnet,Start,100664220,0xf55fc,44
Assembly-CSharp,,PowerupMagnet,Init,100664221,0xf5628,760
Assembly-CSharp,,PowerupMagnet,Update,100664222,0xf5920,764
Assembly-CSharp,,PowerupMagnet,FixedUpdate,100664223,0xf5c1c,900
Assembly-CSharp,,PowerupMagnet,Shutdown,100664224,0xf5fa0,216
Assembly-CSharp,,PowerupMagnet,Stack,100664225,0xf6078,52
Assembly-CSharp,,PowerupMagnet,GetEffectSnapShot,100664226,0xf60ac,48
Assembly-CSharp,,RandomShotEffect,.ctor,100664227,0xf60dc,96
Assembly-CSharp,,RandomShotEffect,Start,100664228,0xf613c,44
Assembly-CSharp,,RandomShotEffect,Init,100664229,0xf6168,772
Assembly-CSharp,,RandomShotEffect,Update,100664230,0xf646c,44
Assembly-CSharp,,RandomShotEffect,Shutdown,100664231,0xf6498,148
Assembly-CSharp,,RandomShotEffect,Stack,100664232,0xf652c,52
Assembly-CSharp,,RandomShotEffect,GetEffectSnapShot,100664233,0xf6560,48
Assembly-CSharp,,RandomShotEffect,FixedUpdate,100664234,0xf6590,44
Assembly-CSharp,,RocketEffect,.ctor,100664235,0xf65bc,184
Assembly-CSharp,,RocketEffect,Init,100664236,0xf6674,1024
Assembly-CSharp,,RocketEffect,Shutdown,100664237,0xf6a74,44
Assembly-CSharp,,RocketEffect,Stack,100664238,0xf6aa0,52
Assembly-CSharp,,RocketEffect,Update,100664239,0xf6ad4,228
Assembly-CSharp,,RocketEffect,GetEffectSnapShot,100664240,0xf6bb8,48
Assembly-CSharp,,RocketEffect,LaunchRocket,100664241,0xf6be8,588
Assembly-CSharp,,RocketRideEffect,.ctor,100664242,0xf6e34,132
Assembly-CSharp,,RocketRideEffect,Init,100664243,0xf6eb8,492
Assembly-CSharp,,RocketRideEffect,Update,100664244,0xf70a4,180
Assembly-CSharp,,RocketRideEffect,Shutdown,100664245,0xf7158,232
Assembly-CSharp,,RocketRideEffect,Stack,100664246,0xf7240,52
Assembly-CSharp,,RocketRideEffect,GetEffectSnapShot,100664247,0xf7274,48
Assembly-CSharp,,RocketRideEffect,LaunchRocket,100664248,0xf72a4,1064
Assembly-CSharp,,RocketRideEffect,DetachFromRocket,100664249,0xf76cc,572
Assembly-CSharp,,ShieldEffect,.ctor,100664250,0xf7908,112
Assembly-CSharp,,ShieldEffect,get_Reflective,100664251,0xf7978,64
Assembly-CSharp,,ShieldEffect,Init,100664252,0xf79b8,972
Assembly-CSharp,,ShieldEffect,Shutdown,100664253,0xf7d84,300
Assembly-CSharp,,ShieldEffect,Stack,100664254,0xf7eb0,52
Assembly-CSharp,,ShieldEffect,Update,100664255,0xf7ee4,368
Assembly-CSharp,,ShieldEffect,GetEffectSnapShot,100664256,0xf8054,48
Assembly-CSharp,,ShockedEffect,.ctor,100664257,0xf8084,104
Assembly-CSharp,,ShockedEffect,Init,100664258,0xf80ec,684
Assembly-CSharp,,ShockedEffect,Update,100664259,0xf8398,44
Assembly-CSharp,,ShockedEffect,Shutdown,100664260,0xf83c4,44
Assembly-CSharp,,ShockedEffect,Stack,100664261,0xf83f0,76
Assembly-CSharp,,ShockedEffect,GetEffectSnapShot,100664262,0xf843c,48
Assembly-CSharp,,SkidEffect,.ctor,100664263,0xf846c,88
Assembly-CSharp,,SkidEffect,Init,100664264,0xf84c4,92
Assembly-CSharp,,SkidEffect,Update,100664265,0xf8520,236
Assembly-CSharp,,SkidEffect,Shutdown,100664266,0xf860c,44
Assembly-CSharp,,SkidEffect,Stack,100664267,0xf8638,52
Assembly-CSharp,,SkidEffect,GetEffectSnapShot,100664268,0xf866c,48
Assembly-CSharp,,SlowdownEffect,.ctor,100664269,0xf869c,104
Assembly-CSharp,,SlowdownEffect,Init,100664270,0xf8704,44
Assembly-CSharp,,SlowdownEffect,Update,100664271,0xf8730,44
Assembly-CSharp,,SlowdownEffect,Shutdown,100664272,0xf875c,184
Assembly-CSharp,,SlowdownEffect,Stack,100664273,0xf8814,52
Assembly-CSharp,,SlowdownEffect,GetEffectSnapShot,100664274,0xf8848,48
Assembly-CSharp,,SmashEffect,.ctor,100664275,0xf8878,104
Assembly-CSharp,,SmashEffect,Init,100664276,0xf88e0,476
Assembly-CSharp,,SmashEffect,Update,100664277,0xf8abc,44
Assembly-CSharp,,SmashEffect,Shutdown,100664278,0xf8ae8,200
Assembly-CSharp,,SmashEffect,Stack,100664279,0xf8bb0,52
Assembly-CSharp,,SmashEffect,GetEffectSnapShot,100664280,0xf8be4,48
Assembly-CSharp,,SpreadMineEffect,.ctor,100664281,0xf8c14,96
Assembly-CSharp,,SpreadMineEffect,Start,100664282,0xf8c74,44
Assembly-CSharp,,SpreadMineEffect,Init,100664283,0xf8ca0,52
Assembly-CSharp,,SpreadMineEffect,Update,100664284,0xf8cd4,44
Assembly-CSharp,,SpreadMineEffect,Shutdown,100664285,0xf8d00,44
Assembly-CSharp,,SpreadMineEffect,Stack,100664286,0xf8d2c,52
Assembly-CSharp,,SpreadMineEffect,GetEffectSnapShot,100664287,0xf8d60,48
Assembly-CSharp,,SpreadMineEffect,LaunchSpreader,100664288,0xf8d90,596
Assembly-CSharp,,TeleportEffect,.ctor,100664289,0xf8fe4,200
Assembly-CSharp,,TeleportEffect,Init,100664290,0xf90ac,252
Assembly-CSharp,,TeleportEffect,Update,100664291,0xf91a8,496
Assembly-CSharp,,TeleportEffect,Shutdown,100664292,0xf9398,204
Assembly-CSharp,,TeleportEffect,Stack,100664293,0xf9464,52
Assembly-CSharp,,TeleportEffect,GetEffectSnapShot,100664294,0xf9498,48
Assembly-CSharp,,TripLine,.ctor,100664295,0xf94c8,52
Assembly-CSharp,,TripLine,Start,100664296,0xf94fc,44
Assembly-CSharp,,TripLine,Update,100664297,0xf9528,44
Assembly-CSharp,,TripLine,OnTriggerEnter,100664298,0xf9554,240
Assembly-CSharp,,TripLineEffect,.ctor,100664299,0xf9644,96
Assembly-CSharp,,TripLineEffect,Start,100664300,0xf96a4,44
Assembly-CSharp,,TripLineEffect,Init,100664301,0xf96d0,1132
Assembly-CSharp,,TripLineEffect,Update,100664302,0xf9b3c,368
Assembly-CSharp,,TripLineEffect,Shutdown,100664303,0xf9cac,188
Assembly-CSharp,,TripLineEffect,Stack,100664304,0xf9d68,52
Assembly-CSharp,,TripLineEffect,GetEffectSnapShot,100664305,0xf9d9c,48
Assembly-CSharp,,WipeoutEffect,.ctor,100664306,0xf9dcc,192
Assembly-CSharp,,WipeoutEffect,Init,100664307,0xf9e8c,1200
Assembly-CSharp,,WipeoutEffect,Update,100664308,0xfa33c,576
Assembly-CSharp,,WipeoutEffect,Shutdown,100664309,0xfa57c,552
Assembly-CSharp,,WipeoutEffect,Stack,100664310,0xfa7a4,52
Assembly-CSharp,,WipeoutEffect,GetEffectSnapShot,100664311,0xfa7d8,48
Assembly-CSharp,,CameraShake,.ctor,100664312,0xfa808,124
Assembly-CSharp,,CameraShake,get_IsShaking,100664313,0xfa884,52
Assembly-CSharp,,CameraShake,get_IsStationary,100664314,0xfa8b8,52
Assembly-CSharp,,CameraShake,set_IsStationary,100664315,0xfa8ec,60
Assembly-CSharp,,CameraShake,Start,100664316,0xfa928,64
Assembly-CSharp,,CameraShake,Update,100664317,0xfa968,2000
Assembly-CSharp,,CameraShake,TurnOnShake,100664318,0xfb138,188
Assembly-CSharp,,CameraShake,TurnOnStationaryShake,100664319,0xfb1f4,316
Assembly-CSharp,,CameraShake,TurnOffShake,100664320,0xfb330,108
Assembly-CSharp,,CameraWobble,.ctor,100664321,0xfb39c,52
Assembly-CSharp,,CameraWobble,Update,100664322,0xfb3d0,464
Assembly-CSharp,,CausticsManager,.ctor,100664323,0xfb5a0,268
Assembly-CSharp,,CausticsManager,Start,100664324,0xfb6ac,560
Assembly-CSharp,,CausticsManager,UpdateCausticsCoroutine,100664325,0xfb8dc,72
Assembly-CSharp,,FadeHelper,.ctor,100664326,0xfb924,148
Assembly-CSharp,,FadeHelper,.cctor,100664327,0xfb9b8,36
Assembly-CSharp,,FadeHelper,get_Instance,100664328,0xfb9dc,256
Assembly-CSharp,,FadeHelper,IsFading,100664329,0xfbadc,1552
Assembly-CSharp,,FadeHelper,IsFading,100664330,0xfc0ec,236
Assembly-CSharp,,FadeHelper,FadeRecursively,100664331,0xfc1d8,1388
Assembly-CSharp,,FadeHelper,SetOpacityRecursively,100664332,0xfc744,1380
Assembly-CSharp,,FadeHelper,SetOpacity,100664333,0xfcca8,464
Assembly-CSharp,,FadeHelper,SetOpacity,100664334,0xfce78,632
Assembly-CSharp,,FadeHelper,GetAllChildren,100664335,0xfd0f0,708
Assembly-CSharp,,FadeHelper,Fade,100664336,0xfd3b4,244
Assembly-CSharp,,FadeHelper,Fade,100664337,0xfd4a8,164
Assembly-CSharp,,FadeHelper,Fade,100664338,0xfd54c,460
Assembly-CSharp,,FadeHelper,Fade,100664339,0xfd718,1604
Assembly-CSharp,,FadeHelper,Fader,100664340,0xfdd5c,124
Assembly-CSharp,,FadeHelper,CleanNullEntries,100664341,0xfddd8,392
Assembly-CSharp,,FadeHelper,<CleanNullEntries>m__8,100664342,0xfdf60,76
Assembly-CSharp,,FadeHelper,<CleanNullEntries>m__9,100664343,0xfdfac,76
Assembly-CSharp,,InputBlocker,.ctor,100664344,0xfdff8,52
Assembly-CSharp,,InputBlocker,Start,100664345,0xfe02c,72
Assembly-CSharp,,InputBlocker,FadeOut,100664346,0xfe074,80
Assembly-CSharp,,InputBlocker,FadeOutHelper,100664347,0xfe0c4,72
Assembly-CSharp,,LoadSpin,.ctor,100664348,0xfe10c,52
Assembly-CSharp,,LoadSpin,Start,100664349,0xfe140,72
Assembly-CSharp,,LoadSpin,FadeOut,100664350,0xfe188,80
Assembly-CSharp,,LoadSpin,FadeOut,100664351,0xfe1d8,88
Assembly-CSharp,,LoadSpin,FadeHelper,100664352,0xfe230,108
Assembly-CSharp,,PieSplat,.ctor,100664353,0xfe29c,76
Assembly-CSharp,,PieSplat,Start,100664354,0xfe2e8,72
Assembly-CSharp,,RewbieShimmer,.ctor,100664355,0xfe330,52
Assembly-CSharp,,RewbieShimmer,Update,100664356,0xfe364,672
Assembly-CSharp,,RewbieShimmer,Shimmer,100664357,0xfe604,72
Assembly-CSharp,,ShiftContentsOnButtonDown,.ctor,100664358,0xfe64c,220
Assembly-CSharp,,ShiftContentsOnButtonDown,OnEnable,100664359,0xfe728,272
Assembly-CSharp,,ShiftContentsOnButtonDown,OnDisable,100664360,0xfe838,272
Assembly-CSharp,,ShiftContentsOnButtonDown,OnDownHandler,100664361,0xfe948,1236
Assembly-CSharp,,ShiftContentsOnToggleDown,.ctor,100664362,0xfee1c,220
Assembly-CSharp,,ShiftContentsOnToggleDown,OnEnable,100664363,0xfeef8,272
Assembly-CSharp,,ShiftContentsOnToggleDown,OnDisable,100664364,0xff008,272
Assembly-CSharp,,ShiftContentsOnToggleDown,OnDownHandler,100664365,0xff118,1216
Assembly-CSharp,,UVScroller,.ctor,100664366,0xff5d8,52
Assembly-CSharp,,UVScroller,Start,100664367,0xff60c,152
Assembly-CSharp,,UVScroller,Update,100664368,0xff6a4,460
Assembly-CSharp,,UVScroll,.ctor,100664369,0xff870,76
Assembly-CSharp,,EnsureGlobals,.ctor,100664370,0xff8bc,52
Assembly-CSharp,,EnsureGlobals,Awake,100664371,0xff8f0,296
Assembly-CSharp,,GDMOManager,.ctor,100664372,0xffa18,52
Assembly-CSharp,,GDMOManager,.cctor,100664373,0xffa4c,36
Assembly-CSharp,,GDMOManager,Start,100664374,0xffa70,88
Assembly-CSharp,,GDMOManager,OnApplicationPause,100664375,0xffac8,48
Assembly-CSharp,,GDMOManager,Init,100664376,0xffaf8,228
Assembly-CSharp,,GDMOManager,Send,100664377,0xffbdc,56
Assembly-CSharp,,GDMOManager,SendWithContext,100664378,0xffc14,64
Assembly-CSharp,,GDMOManager,Flush,100664379,0xffc54,44
Assembly-CSharp,,LowEndInhibitor,.ctor,100664380,0xffc80,160
Assembly-CSharp,,LowEndInhibitor,Start,100664381,0xffd20,204
Assembly-CSharp,,ParticleReducer,.ctor,100664382,0xffdec,52
Assembly-CSharp,,ParticleReducer,Start,100664383,0xffe20,572
Assembly-CSharp,,PlatformProfile,.ctor,100664384,0x10005c,44
Assembly-CSharp,,BasePickup,.ctor,100664385,0x100088,52
Assembly-CSharp,,BasePickup,OnTriggerEnter,100664386,0x1000bc,892
Assembly-CSharp,,BasePickup,Start,100664388,0x100438,80
Assembly-CSharp,,BasePickup,Update,100664389,0x100488,328
Assembly-CSharp,,BoosterPickup,.ctor,100664390,0x1005d0,52
Assembly-CSharp,,BoosterPickup,GetTriggeredEffect,100664391,0x100604,132
Assembly-CSharp,,MinePickup,.ctor,100664392,0x100688,52
Assembly-CSharp,,MinePickup,GetTriggeredEffect,100664393,0x1006bc,132
Assembly-CSharp,,PickupSpawner,.ctor,100664394,0x100740,84
Assembly-CSharp,,PickupSpawner,SpawnCheck,100664395,0x100794,72
Assembly-CSharp,,PickupSpawner,SpawnPickup,100664396,0x1007dc,968
Assembly-CSharp,,PickupSpawner,Start,100664397,0x100ba4,52
Assembly-CSharp,,PickupSpawner,Update,100664398,0x100bd8,132
Assembly-CSharp,,PickupSpawner,OnDrawGizmos,100664399,0x100c5c,276
Assembly-CSharp,,RocketPickup,.ctor,100664400,0x100d70,52
Assembly-CSharp,,RocketPickup,GetTriggeredEffect,100664401,0x100da4,132
Assembly-CSharp,,ShieldPickup,.ctor,100664402,0x100e28,52
Assembly-CSharp,,ShieldPickup,GetTriggeredEffect,100664403,0x100e5c,132
Assembly-CSharp,,PlayerAccelControl,.ctor,100664404,0x100ee0,52
Assembly-CSharp,,PlayerAccelControl,get_isReversing,100664405,0x100f14,52
Assembly-CSharp,,PlayerAccelControl,set_isReversing,100664406,0x100f48,60
Assembly-CSharp,,PlayerAccelControl,ApplyReverse,100664407,0x100f84,60
Assembly-CSharp,,PlayerAccelControl,Start,100664408,0x100fc0,44
Assembly-CSharp,,PlayerAccelControl,Update,100664409,0x100fec,92
Assembly-CSharp,,PlayerAccelControl,FixedUpdate,100664410,0x101048,812
Assembly-CSharp,,PlayerControlLinker,.ctor,100664411,0x101374,52
Assembly-CSharp,,PlayerControlLinker,Start,100664412,0x1013a8,140
Assembly-CSharp,,PlayerKeyboardControl,.ctor,100664413,0x101434,52
Assembly-CSharp,,PlayerKeyboardControl,.cctor,100664414,0x101468,92
Assembly-CSharp,,PlayerKeyboardControl,GetKeyDown,100664415,0x1014c4,144
Assembly-CSharp,,PlayerKeyboardControl,GetKey,100664416,0x101554,144
Assembly-CSharp,,PlayerKeyboardControl,Awake,100664417,0x1015e4,848
Assembly-CSharp,,PlayerKeyboardControl,Update,100664418,0x101934,400
Assembly-CSharp,,PlayerKeyboardControl,FixedUpdate,100664419,0x101ac4,624
Assembly-CSharp,,KeyEventBinding,.ctor,100664420,0x101d34,44
Assembly-CSharp,,KeyEventBinding,KeyDown,100664421,0x101d60,316
Assembly-CSharp,,KeyEventBinding,Key,100664422,0x101e9c,316
Assembly-CSharp,,PowerupHolder,.ctor,100664423,0x101fd8,100
Assembly-CSharp,,PowerupHolder,Awake,100664424,0x10203c,112
Assembly-CSharp,,PowerupHolder,get_Item,100664425,0x1020ac,128
Assembly-CSharp,,PowerupHolder,get_numEffects,100664426,0x10212c,64
Assembly-CSharp,,PowerupHolder,get_CanTakePowerup,100664427,0x10216c,92
Assembly-CSharp,,PowerupHolder,Update,100664428,0x1021c8,244
Assembly-CSharp,,PowerupHolder,AddEffect,100664429,0x1022bc,384
Assembly-CSharp,,PowerupHolder,HasEffect,100664430,0x10243c,360
Assembly-CSharp,,PowerupHolder,ClearEffectsInReserve,100664431,0x1025a4,96
Assembly-CSharp,,PowerupHolder,ExecutePowerups,100664432,0x102604,1904
Assembly-CSharp,,PowerupHolder,PowerupComboCheck,100664433,0x102d74,1436
Assembly-CSharp,,QualityControl,get_IsGameHardcore,100664434,0x103310,40
Assembly-CSharp,,QualityControl,get_DoPhysicsAt30fps,100664435,0x103338,48
Assembly-CSharp,,QualityControl,get_DoPerFrameCollision,100664436,0x103368,48
Assembly-CSharp,,QualityControl,get_DoDummiedPlayerCollision,100664437,0x103398,48
Assembly-CSharp,,QualityControl,get_DoFullTriFoot,100664438,0x1033c8,48
Assembly-CSharp,,QualityControl,get_DoFullAI,100664439,0x1033f8,48
Assembly-CSharp,,QualityControl,Apply,100664440,0x103428,116
Assembly-CSharp,,RuntimeEditorUtils,.ctor,100664441,0x10349c,52
Assembly-CSharp,,ShadowBlob,.ctor,100664442,0x1034d0,52
Assembly-CSharp,,ShadowBlob,get_ShadowPosition,100664443,0x103504,180
Assembly-CSharp,,ShadowBlob,Start,100664444,0x1035b8,124
Assembly-CSharp,,ShadowBlob,OnEnable,100664445,0x103634,88
Assembly-CSharp,,ShadowBlob,OnDisable,100664446,0x10368c,88
Assembly-CSharp,,ShadowBlob,Update,100664447,0x1036e4,1116
Assembly-CSharp,,SpringConnection,.ctor,100664448,0x103b40,316
Assembly-CSharp,,SpringConnection,Start,100664449,0x103c7c,264
Assembly-CSharp,,SpringConnection,FixedUpdate,100664450,0x103d84,2068
Assembly-CSharp,,ClipReference,.ctor,100664451,0x104598,44
Assembly-CSharp,,SoundPackage,.ctor,100664452,0x1045c4,52
Assembly-CSharp,,SoundPackageReference,.ctor,100664453,0x1045f8,44
Assembly-CSharp,,SoundPackageLoadReference,.ctor,100664454,0x104624,44
Assembly-CSharp,,SoundPackageManager,.ctor,100664455,0x104650,136
Assembly-CSharp,,SoundPackageManager,.cctor,100664456,0x1046d8,36
Assembly-CSharp,,SoundPackageManager,get_Instance,100664457,0x1046fc,248
Assembly-CSharp,,SoundPackageManager,get_Present,100664458,0x1047f4,64
Assembly-CSharp,,SoundPackageManager,LoadPackageCoroutine,100664459,0x104834,88
Assembly-CSharp,,SoundPackageManager,LoadPackage,100664460,0x10488c,304
Assembly-CSharp,,SoundPackageManager,UnloadPackage,100664461,0x1049bc,228
Assembly-CSharp,,SoundPackageManager,CleaningPass,100664462,0x104aa0,780
Assembly-CSharp,,SoundPackageManager,IsClipLoaded,100664463,0x104dac,72
Assembly-CSharp,,SoundPackageManager,IsPackageLoaded,100664464,0x104df4,232
Assembly-CSharp,,SoundPackageManager,GetClip,100664465,0x104edc,112
Assembly-CSharp,,StreamManager,.ctor,100664466,0x104f4c,88
Assembly-CSharp,,StreamManager,.cctor,100664467,0x104fa4,36
Assembly-CSharp,,StreamManager,get_Instance,100664468,0x104fc8,256
Assembly-CSharp,,StreamManager,get_isAvailable,100664469,0x1050c8,64
Assembly-CSharp,,StreamManager,Awake,100664470,0x105108,56
Assembly-CSharp,,StreamManager,Start,100664471,0x105140,88
Assembly-CSharp,,StreamManager,LoadAsset,100664472,0x105198,80
Assembly-CSharp,,StreamManager,PreloadAsset,100664473,0x1051e8,216
Assembly-CSharp,,StreamManager,RequestAsset,100664474,0x1052c0,288
Assembly-CSharp,,StreamManager,ReleaseAsset,100664475,0x1053e0,156
Assembly-CSharp,,StreamManager,Cleanup,100664476,0x10547c,780
Assembly-CSharp,,StreamManager,FlushAll,100664477,0x105788,412
Assembly-CSharp,,StreamManager,PrependRootFileLocation,100664478,0x105924,192
Assembly-CSharp,,StreamManager,DebugDump,100664479,0x1059e4,1756
Assembly-CSharp,,Asset,.ctor,100664480,0x1060c0,44
Assembly-CSharp,,Asset,get_isDone,100664481,0x1060ec,104
Assembly-CSharp,,Asset,get_progress,100664482,0x106154,200
Assembly-CSharp,,Asset,get_isInUse,100664483,0x10621c,64
Assembly-CSharp,,Asset,get_mainAsset,100664484,0x10625c,128
Assembly-CSharp,,Asset,Unload,100664485,0x1062dc,216
Assembly-CSharp,,AssetCluster,.ctor,100664486,0x1063b4,100
Assembly-CSharp,,AssetCluster,get_progress,100664487,0x106418,444
Assembly-CSharp,,AssetCluster,get_isDone,100664488,0x1065d4,356
Assembly-CSharp,,AssetCluster,AddAsset,100664489,0x106738,124
Assembly-CSharp,,AssetCluster,GetAsset,100664490,0x1067b4,356
Assembly-CSharp,,AssetCluster,GetMainObjectOfAsset,100664491,0x106918,132
Assembly-CSharp,,AssetCluster,Preload,100664492,0x10699c,252
Assembly-CSharp,,AssetCluster,Load,100664493,0x106a98,296
Assembly-CSharp,,AssetCluster,Release,100664494,0x106bc0,316
Assembly-CSharp,,StreamTest,.ctor,100664495,0x106cfc,52
Assembly-CSharp,,StreamTest,Start,100664496,0x106d30,44
Assembly-CSharp,,StreamTest,Update,100664497,0x106d5c,44
Assembly-CSharp,,BarrelLauncher,.ctor,100664498,0x106d88,100
Assembly-CSharp,,BarrelLauncher,LaunchPump,100664499,0x106dec,72
Assembly-CSharp,,BarrelLauncher,Start,100664500,0x106e34,80
Assembly-CSharp,,BarrelLauncher,LaunchBarrel,100664501,0x106e84,300
Assembly-CSharp,,BarrelSpawner,.ctor,100664502,0x106fb0,76
Assembly-CSharp,,BarrelSpawner,SpawnCheck,100664503,0x106ffc,72
Assembly-CSharp,,BarrelSpawner,SpawnBarrel,100664504,0x107044,764
Assembly-CSharp,,BarrelSpawner,Start,100664505,0x107340,96
Assembly-CSharp,,BarrelSpawner,Update,100664506,0x1073a0,132
Assembly-CSharp,,BarrelSpawner,OnDrawGizmos,100664507,0x107424,276
Assembly-CSharp,,BasketBall,.ctor,100664508,0x107538,112
Assembly-CSharp,,BasketBall,Update,100664509,0x1075a8,1012
Assembly-CSharp,,BasketBall,PlayBounceSound,100664510,0x10799c,116
Assembly-CSharp,,BasketBall,OnTriggerEnter,100664511,0x107a10,732
Assembly-CSharp,,BillboardRemover,.ctor,100664512,0x107cec,52
Assembly-CSharp,,BillboardRemover,Start,100664513,0x107d20,128
Assembly-CSharp,,BillboardRemover,Update,100664514,0x107da0,44
Assembly-CSharp,,BillboardRemover,RemoveBillboards,100664515,0x107dcc,72
Assembly-CSharp,,BreakableObject,.ctor,100664516,0x107e14,76
Assembly-CSharp,,BreakableObject,CollideBreak,100664517,0x107e60,116
Assembly-CSharp,,BreakableObject,Start,100664518,0x107ed4,44
Assembly-CSharp,,BreakableObject,Update,100664519,0x107f00,44
Assembly-CSharp,,BubbleJet,.ctor,100664520,0x107f2c,76
Assembly-CSharp,,BubbleJet,Start,100664521,0x107f78,92
Assembly-CSharp,,BubbleJet,OnTriggerStay,100664522,0x107fd4,232
Assembly-CSharp,,BubbleJet,OnDrawGizmos,100664523,0x1080bc,280
Assembly-CSharp,,Coin,.ctor,100664524,0x1081d4,52
Assembly-CSharp,,Coin,Start,100664525,0x108208,288
Assembly-CSharp,,Coin,OnTriggerEnter,100664526,0x108328,628
Assembly-CSharp,,CoinPoint,.ctor,100664527,0x10859c,100
Assembly-CSharp,,CoinPoint,get_ShapeType,100664528,0x108600,52
Assembly-CSharp,,CoinPoint,set_ShapeType,100664529,0x108634,60
Assembly-CSharp,,CoinPoint,SpawnCoins,100664530,0x108670,100
Assembly-CSharp,,CoinPoint,SpawnCircleHelper,100664531,0x1086d4,4180
Assembly-CSharp,,CoinPoint,SpawnTrailHelper,100664532,0x109728,1600
Assembly-CSharp,,CoinPoint,ProperCoinNum,100664533,0x109d68,212
Assembly-CSharp,,CoinPoint,OnDrawGizmos,100664534,0x109e3c,1508
Assembly-CSharp,,Crab,.ctor,100664535,0x10a420,220
Assembly-CSharp,,Crab,SleepRoutine,100664536,0x10a4fc,108
Assembly-CSharp,,Crab,Start,100664537,0x10a568,104
Assembly-CSharp,,Crab,Update,100664538,0x10a5d0,544
Assembly-CSharp,,Crab,FixedUpdate,100664539,0x10a7f0,1136
Assembly-CSharp,,Crab,OnTriggerEnter,100664540,0x10ac60,324
Assembly-CSharp,,Crab,OnDrawGizmos,100664541,0x10ada4,140
Assembly-CSharp,,ExplodingBarrel,.ctor,100664542,0x10ae30,112
Assembly-CSharp,,ExplodingBarrel,LifeCountdown,100664543,0x10aea0,72
Assembly-CSharp,,ExplodingBarrel,Update,100664544,0x10aee8,304
Assembly-CSharp,,ExplodingBarrel,Explode,100664545,0x10b018,72
Assembly-CSharp,,ExplodingBarrel,Start,100664546,0x10b060,92
Assembly-CSharp,,ExplodingBarrel,OnCollisionEnter,100664547,0x10b0bc,64
Assembly-CSharp,,ExplodingBarrel,OnTriggerEnter,100664548,0x10b0fc,468
Assembly-CSharp,,GuidedJumpTrigger,.ctor,100664549,0x10b2d0,52
Assembly-CSharp,,GuidedJumpTrigger,OnTriggerEnter,100664550,0x10b304,364
Assembly-CSharp,,GuidedJumpTrigger,OnDrawGizmos,100664551,0x10b470,780
Assembly-CSharp,,PieAttack,.ctor,100664552,0x10b77c,112
Assembly-CSharp,,PieAttack,LifeCountdown,100664553,0x10b7ec,72
Assembly-CSharp,,PieAttack,Update,100664554,0x10b834,304
Assembly-CSharp,,PieAttack,Explode,100664555,0x10b964,80
Assembly-CSharp,,PieAttack,ExplodeCoroutine,100664556,0x10b9b4,72
Assembly-CSharp,,PieAttack,Start,100664557,0x10b9fc,92
Assembly-CSharp,,PieAttack,OnCollisionEnter,100664558,0x10ba58,64
Assembly-CSharp,,PieAttack,OnTriggerEnter,100664559,0x10ba98,788
Assembly-CSharp,,PieLauncher,.ctor,100664560,0x10bdac,100
Assembly-CSharp,,PieLauncher,Start,100664561,0x10be10,72
Assembly-CSharp,,PieLauncher,ShootPieCoroutine,100664562,0x10be58,72
Assembly-CSharp,,PieLauncher,OnDrawGizmos,100664563,0x10bea0,156
Assembly-CSharp,,PyroTechnics,.ctor,100664564,0x10bf3c,52
Assembly-CSharp,,PyroTechnics,Start,100664565,0x10bf70,44
Assembly-CSharp,,PyroTechnics,Update,100664566,0x10bf9c,44
Assembly-CSharp,,PyroTechnics,OnTriggerEnter,100664567,0x10bfc8,456
Assembly-CSharp,,SpringTrigger,.ctor,100664568,0x10c190,52
Assembly-CSharp,,SpringTrigger,OnTriggerEnter,100664569,0x10c1c4,164
Assembly-CSharp,,SpringTrigger,OnDrawGizmos,100664570,0x10c268,236
Assembly-CSharp,,TeleportTrigger,.ctor,100664571,0x10c354,52
Assembly-CSharp,,TeleportTrigger,OnTriggerEnter,100664572,0x10c388,336
Assembly-CSharp,,TeleportTrigger,OnDrawGizmos,100664573,0x10c4d8,460
Assembly-CSharp,,TerrainEffectTrigger,.ctor,100664574,0x10c6a4,84
Assembly-CSharp,,TerrainEffectTrigger,Start,100664575,0x10c6f8,44
Assembly-CSharp,,TerrainEffectTrigger,OnTriggerEnter,100664576,0x10c724,756
Assembly-CSharp,,TerrainEffectTrigger,OnTriggerExit,100664577,0x10ca18,148
Assembly-CSharp,,TurkeyGooShooter,.ctor,100664578,0x10caac,116
Assembly-CSharp,,TurkeyGooShooter,Start,100664579,0x10cb20,72
Assembly-CSharp,,WhoopieCushion,.ctor,100664580,0x10cb68,52
Assembly-CSharp,,WhoopieCushion,Start,100664581,0x10cb9c,68
Assembly-CSharp,,WhoopieCushion,Explode,100664582,0x10cbe0,72
Assembly-CSharp,,WhoopieCushion,OnCollisionEnter,100664583,0x10cc28,64
Assembly-CSharp,,WhoopieCushion,OnTriggerEnter,100664584,0x10cc68,428
Assembly-CSharp,,ActiveObjectListSwtich,.ctor,100664585,0x10ce14,52
Assembly-CSharp,,ActiveObjectListSwtich,Fire,100664586,0x10ce48,276
Assembly-CSharp,,ActiveObjectListSwtich,Start,100664587,0x10cf5c,68
Assembly-CSharp,,ActiveObjectListSwtich,OnTriggerEnter,100664588,0x10cfa0,80
Assembly-CSharp,,CarMetrics,.ctor,100664589,0x10cff0,104
Assembly-CSharp,,CarMetrics,Start,100664590,0x10d058,88
Assembly-CSharp,,CarMetrics,Update,100664591,0x10d0b0,496
Assembly-CSharp,,CarMetrics,Signal,100664592,0x10d2a0,228
Assembly-CSharp,,CarMetrics,Signal,100664593,0x10d384,88
Assembly-CSharp,,CarMetrics,CloneToObject,100664594,0x10d3dc,236
Assembly-CSharp,,CarMetrics,CopyMetrics,100664595,0x10d4c8,260
Assembly-CSharp,,CarMetrics,DebugDump,100664596,0x10d5cc,968
Assembly-CSharp,,CarMetrics,CleanupCopiedMetrics,100664597,0x10d994,312
Assembly-CSharp,,CarProgress,.ctor,100664598,0x10dacc,88
Assembly-CSharp,,CarProgress,GetProgressCopy,100664599,0x10db24,140
Assembly-CSharp,,DebugTrackStrapper,.ctor,100664600,0x10dbb0,268
Assembly-CSharp,,DebugTrackStrapper,Start,100664601,0x10dcbc,364
Assembly-CSharp,,LocalizedAssetSwapper,.ctor,100664602,0x10de28,52
Assembly-CSharp,,LocalizedAssetSwapper,Start,100664603,0x10de5c,72
Assembly-CSharp,,ObjectGroupList,.ctor,100664604,0x10dea4,68
Assembly-CSharp,,ObjectGroupList,get_CurrentState,100664605,0x10dee8,52
Assembly-CSharp,,ObjectGroupList,set_CurrentState,100664606,0x10df1c,348
Assembly-CSharp,,ObjectGroupList,Awake,100664607,0x10e078,56
Assembly-CSharp,,ObjectTrackDistanceLogic,.ctor,100664608,0x10e0b0,52
Assembly-CSharp,,ObjectTrackDistanceLogic,Start,100664609,0x10e0e4,44
Assembly-CSharp,,ObjectTrackDistanceLogic,Update,100664610,0x10e110,44
Assembly-CSharp,,ObjectTrackDistanceLogic,OnEnable,100664611,0x10e13c,144
Assembly-CSharp,,ObjectTrackDistanceLogic,OnDisable,100664612,0x10e1cc,144
Assembly-CSharp,,ObjectTrackDistanceLogic,CalculateTrackDistance,100664613,0x10e25c,120
Assembly-CSharp,,ProgressTriggerLogic,.ctor,100664614,0x10e2d4,52
Assembly-CSharp,,ProgressTriggerLogic,CanTriggerForCar,100664615,0x10e308,208
Assembly-CSharp,,ProgressTriggerLogic,OnTriggerEnter,100664616,0x10e3d8,212
Assembly-CSharp,,RaceManager,.ctor,100664617,0x10e4ac,60
Assembly-CSharp,,RaceManager,.cctor,100664618,0x10e4e8,36
Assembly-CSharp,,RaceManager,add_raceInitFinishedEvent,100664619,0x10e50c,160
Assembly-CSharp,,RaceManager,remove_raceInitFinishedEvent,100664620,0x10e5ac,160
Assembly-CSharp,,RaceManager,get_Instance,100664621,0x10e64c,460
Assembly-CSharp,,RaceManager,get_Exists,100664622,0x10e818,64
Assembly-CSharp,,RaceManager,get_isPaused,100664623,0x10e858,72
Assembly-CSharp,,RaceManager,RaceOutCoroutine,100664624,0x10e8a0,64
Assembly-CSharp,,RaceManager,CalculateCarPositionPump,100664625,0x10e8e0,72
Assembly-CSharp,,RaceManager,PreraceCountdown,100664626,0x10e928,72
Assembly-CSharp,,RaceManager,DoFinishLineEffect,100664627,0x10e970,92
Assembly-CSharp,,RaceManager,PostRaceCountdown,100664628,0x10e9cc,88
Assembly-CSharp,,RaceManager,PlayRandomAnimation,100664629,0x10ea24,332
Assembly-CSharp,,RaceManager,PreLaunchCoroutine,100664630,0x10eb70,72
Assembly-CSharp,,RaceManager,CalculateCarPositions,100664631,0x10ebb8,1640
Assembly-CSharp,,RaceManager,SpawnCoins,100664632,0x10f220,56
Assembly-CSharp,,RaceManager,SpawnCoins,100664633,0x10f258,488
Assembly-CSharp,,RaceManager,Init,100664634,0x10f440,5264
Assembly-CSharp,,RaceManager,PlayAmbientNoise,100664635,0x1108d0,316
Assembly-CSharp,,RaceManager,EndRace,100664636,0x110a0c,2372
Assembly-CSharp,,RaceManager,get_allCars,100664637,0x111350,84
Assembly-CSharp,,RaceManager,get_leadCar,100664638,0x1113a4,44
Assembly-CSharp,,RaceManager,get_elapsedTime,100664639,0x1113d0,316
Assembly-CSharp,,RaceManager,get_totalNumLaps,100664640,0x11150c,44
Assembly-CSharp,,RaceManager,get_lastWaypoint,100664641,0x111538,84
Assembly-CSharp,,RaceManager,get_totalTrackLength,100664642,0x11158c,120
Assembly-CSharp,,RaceManager,CleanupRace,100664643,0x111604,340
Assembly-CSharp,,RaceManager,AdvanceCarLap,100664644,0x111758,2164
Assembly-CSharp,,RaceManager,EliminateCar,100664645,0x111fcc,88
Assembly-CSharp,,RaceManager,GetCarLap,100664646,0x112024,92
Assembly-CSharp,,RaceManager,SetCarProgressTrigger,100664647,0x112080,92
Assembly-CSharp,,RaceManager,GetCarLastProgressTrigger,100664648,0x1120dc,132
Assembly-CSharp,,RaceManager,GetCarPosition,100664649,0x112160,120
Assembly-CSharp,,RaceManager,GetCarInPosition,100664650,0x1121d8,152
Assembly-CSharp,,RaceManager,GetCarLastTrackDistance,100664651,0x112270,184
Assembly-CSharp,,RaceManager,GetOrderedCarList,100664652,0x112328,208
Assembly-CSharp,,RaceManager,StartMusic,100664653,0x1123f8,684
Assembly-CSharp,,RaceManager,InitRace,100664654,0x1126a4,136
Assembly-CSharp,,RaceManager,StartRaceRewind,100664655,0x11272c,76
Assembly-CSharp,,RaceManager,PauseRace,100664656,0x112778,596
Assembly-CSharp,,RaceManager,GetPlayerCar,100664657,0x1129cc,44
Assembly-CSharp,,RaceManager,IsPlayerCar,100664658,0x1129f8,60
Assembly-CSharp,,RaceManager,RecordSnapshot,100664659,0x112a34,1484
Assembly-CSharp,,RaceManager,GetCarIsActive,100664660,0x113000,140
Assembly-CSharp,,RaceManager,RaceRewind,100664661,0x11308c,1788
Assembly-CSharp,,RaceManager,<CalculateCarPositions>m__12,100664662,0x113788,216
Assembly-CSharp,,RaceManager,<Init>m__13,100664663,0x113860,96
Assembly-CSharp,,RaceManager,<EndRace>m__14,100664664,0x1138c0,352
Assembly-CSharp,,RaceManager,<EndRace>m__15,100664665,0x113a20,92
Assembly-CSharp,,RaceResults,.ctor,100664666,0x113a7c,60
Assembly-CSharp,,RaceSettings,.ctor,100664667,0x113ab8,780
Assembly-CSharp,,RaceSettings,.cctor,100664668,0x113dc4,116
Assembly-CSharp,,RaceSettings,get_AICarts,100664669,0x113e38,52
Assembly-CSharp,,RaceSettings,get_RaceType,100664670,0x113e6c,52
Assembly-CSharp,,RaceSettings,set_RaceType,100664671,0x113ea0,60
Assembly-CSharp,,RaceSettings,GatherRequiredAssets,100664672,0x113edc,728
Assembly-CSharp,,RaceSettings,DetermineAICars,100664673,0x1141b4,1196
Assembly-CSharp,,RaceSettings,CleanupCoroutine,100664674,0x114660,64
Assembly-CSharp,,RaceSettings,Awake,100664675,0x1146a0,56
Assembly-CSharp,,RaceSettings,StartBundleLoads,100664676,0x1146d8,216
Assembly-CSharp,,RaceSettings,Launch,100664677,0x1147b0,284
Assembly-CSharp,,RaceSettings,GetCircuit,100664678,0x1148cc,668
Assembly-CSharp,,RaceSettings,<DetermineAICars>m__17,100664679,0x114b68,128
Assembly-CSharp,,RaceSettings,<DetermineAICars>m__18,100664680,0x114be8,100
Assembly-CSharp,,AICartSettings,.ctor,100664681,0x114c4c,44
Assembly-CSharp,,ResetTrigger,.ctor,100664682,0x114c78,52
Assembly-CSharp,,ResetTrigger,OnTriggerEnter,100664683,0x114cac,260
Assembly-CSharp,,RocketRideRemover,.ctor,100664684,0x114db0,52
Assembly-CSharp,,RocketRideRemover,Start,100664685,0x114de4,44
Assembly-CSharp,,RocketRideRemover,Update,100664686,0x114e10,44
Assembly-CSharp,,RocketRideRemover,OnTriggerEnter,100664687,0x114e3c,180
Assembly-CSharp,,SpeedPoint,.ctor,100664688,0x114ef0,84
Assembly-CSharp,,SpeedPoint,ProjectOnSPLine,100664689,0x114f44,968
Assembly-CSharp,,SpeedPoint,GetSPLinePoint,100664690,0x11530c,1024
Assembly-CSharp,,SpeedPoint,GetSPLine,100664691,0x11570c,188
Assembly-CSharp,,SpeedPoint,IsPointForward,100664692,0x1157c8,268
Assembly-CSharp,,SpeedPoint,FindClosestSpeedPoint,100664693,0x1158d4,432
Assembly-CSharp,,SpeedPoint,OnDrawGizmos,100664694,0x115a84,440
Assembly-CSharp,,SpeedBranchStruct,.ctor,100664695,0x115c3c,44
Assembly-CSharp,,WaypointLogic,.ctor,100664696,0x115c68,84
Assembly-CSharp,,WaypointLogic,get_distanceToPrev,100664697,0x115cbc,120
Assembly-CSharp,,WaypointLogic,ProjectOnWPLine,100664698,0x115d34,656
Assembly-CSharp,,WaypointLogic,GetTrackPoint,100664699,0x115fc4,808
Assembly-CSharp,,WaypointLogic,GetWallDistanceAtPoint,100664700,0x1162ec,1240
Assembly-CSharp,,WaypointLogic,GetWallOffsetForPoint,100664701,0x1167c4,1456
Assembly-CSharp,,WaypointLogic,GetTrackDistanceForPoint,100664702,0x116d74,1140
Assembly-CSharp,,WaypointLogic,FindClosestWaypoint,100664703,0x1171e8,488
Assembly-CSharp,,WaypointLogic,FindNextWaypoint,100664704,0x1173d0,184
Assembly-CSharp,,WaypointLogic,FindWallDistance,100664705,0x117488,160
Assembly-CSharp,,WaypointLogic,WaypointPrecalculations,100664706,0x117528,2640
Assembly-CSharp,,WaypointLogic,OnDrawGizmos,100664707,0x117f78,2956
Assembly-CSharp,,TrackUnlockHelper,.ctor,100664708,0x118b04,52
Assembly-CSharp,,TrackUnlockHelper,get_DebugUnlock,100664709,0x118b38,52
Assembly-CSharp,,TrackUnlockHelper,set_DebugUnlock,100664710,0x118b6c,76
Assembly-CSharp,,TrackUnlockHelper,Start,100664711,0x118bb8,72
Assembly-CSharp,,TrackUnlockHelper,get_CanPranksgiving,100664712,0x118c00,52
Assembly-CSharp,,TrackUnlockHelper,GetHasEnoughMedals,100664713,0x118c34,92
Assembly-CSharp,,TrackUnlockHelper,GetCircuitMedalCount,100664714,0x118c90,448
Assembly-CSharp,,TrackUnlockHelper,IsCircuitUnlocked,100664715,0x118e50,332
Assembly-CSharp,,TrackUnlockHelper,CheckForPreraceSetupUnlock,100664716,0x118f9c,336
Assembly-CSharp,,TrackUnlockHelper,UnlockAllEverything,100664717,0x1190ec,336
Assembly-CSharp,,TrackUnlockHelper,RelockEverything,100664718,0x11923c,336
Assembly-CSharp,,TrackUnlockHelper,GetHighestTrackPlace,100664719,0x11938c,396
Assembly-CSharp,,TrackUnlockHelper,TestForUltraHard,100664720,0x119518,188
Assembly-CSharp,,TrackUnlockHelper,GetTrackMedalCount,100664721,0x1195d4,420
Assembly-CSharp,,TrackUnlockHelper,GetCircuitTracks,100664722,0x119778,372
Assembly-CSharp,,TrackMedals,.ctor,100664723,0x1198ec,44
Assembly-CSharp,,CircuitTracks,.ctor,100664724,0x119918,44
Assembly-CSharp,,TriFoot,.ctor,100664725,0x119944,672
Assembly-CSharp,,TriFoot,get_leadFoot,100664726,0x119be4,156
Assembly-CSharp,,TriFoot,set_leadFoot,100664727,0x119c80,136
Assembly-CSharp,,TriFoot,get_leftFoot,100664728,0x119d08,156
Assembly-CSharp,,TriFoot,set_leftFoot,100664729,0x119da4,136
Assembly-CSharp,,TriFoot,get_rightFoot,100664730,0x119e2c,156
Assembly-CSharp,,TriFoot,set_rightFoot,100664731,0x119ec8,136
Assembly-CSharp,,TriFoot,get_forward,100664732,0x119f50,312
Assembly-CSharp,,TriFoot,set_forward,100664733,0x11a088,136
Assembly-CSharp,,TriFoot,get_right,100664734,0x11a110,312
Assembly-CSharp,,TriFoot,set_right,100664735,0x11a248,136
Assembly-CSharp,,TriFoot,get_up,100664736,0x11a2d0,312
Assembly-CSharp,,TriFoot,set_up,100664737,0x11a408,136
Assembly-CSharp,,TriFoot,TriFootTest,100664738,0x11a490,6924
Assembly-CSharp,,TriFoot,UpsideDownTest,100664739,0x11bf9c,176
Assembly-CSharp,,TriFoot,Start,100664740,0x11c04c,100
Assembly-CSharp,,TriFoot,FixedUpdate,100664741,0x11c0b0,780
Assembly-CSharp,,TriFoot,GimpedTrifootCoroutine,100664742,0x11c3bc,72
Assembly-CSharp,,TriFoot,OnDrawGizmos,100664743,0x11c404,44
Assembly-CSharp,,DebugLapButtonPublisher,.ctor,100664744,0x11c430,52
Assembly-CSharp,,DebugLapButtonPublisher,Start,100664745,0x11c464,44
Assembly-CSharp,,DebugLapButtonPublisher,Update,100664746,0x11c490,44
Assembly-CSharp,,DebugLapButtonPublisher,OnButtonPressed,100664747,0x11c4bc,116
Assembly-CSharp,,DebugMoreCoinsPublisher,.ctor,100664748,0x11c530,52
Assembly-CSharp,,DebugMoreCoinsPublisher,ReBuyHelper,100664749,0x11c564,164
Assembly-CSharp,,DebugMoreCoinsPublisher,DestroyThis,100664750,0x11c608,72
Assembly-CSharp,,DebugMoreCoinsPublisher,Start,100664751,0x11c650,48
Assembly-CSharp,,DebugMoreCoinsPublisher,CoinPackOnePressed,100664752,0x11c680,96
Assembly-CSharp,,DebugMoreCoinsPublisher,CoinPackTwoPressed,100664753,0x11c6e0,96
Assembly-CSharp,,DebugMoreCoinsPublisher,CoinPackThreePressed,100664754,0x11c740,96
Assembly-CSharp,,DebugMoreCoinsPublisher,CancelPressed,100664755,0x11c7a0,96
Assembly-CSharp,,DebugMoreCoinsPublisher,GetInstance,100664756,0x11c800,132
Assembly-CSharp,,DebugMoreCoinsPublisher,AddButtonsToLegalControls,100664757,0x11c884,412
Assembly-CSharp,,DebugRaceResultPublisher,.ctor,100664758,0x11ca20,52
Assembly-CSharp,,DebugRaceResultPublisher,Start,100664759,0x11ca54,760
Assembly-CSharp,,DebugRaceResultPublisher,PressedDoneButton,100664760,0x11cd4c,80
Assembly-CSharp,,DebugRaceResultPublisher,PressedRewindButton,100664761,0x11cd9c,72
Assembly-CSharp,,DebugRewindDialogPublisher,.ctor,100664762,0x11cde4,52
Assembly-CSharp,,DebugRewindDialogPublisher,Start,100664763,0x11ce18,684
Assembly-CSharp,,DebugRewindDialogPublisher,Update,100664764,0x11d0c4,44
Assembly-CSharp,,DebugRewindDialogPublisher,OnRewindPressed,100664765,0x11d0f0,104
Assembly-CSharp,,DebugRewindDialogPublisher,OnCancelPressed,100664766,0x11d158,56
Assembly-CSharp,,AchievementCategoryPublisher,.ctor,100664767,0x11d190,52
Assembly-CSharp,,AchievementCategoryPublisher,Start,100664768,0x11d1c4,1020
Assembly-CSharp,,AchievementCategoryPublisher,OnPressedTracks,100664769,0x11d5c0,108
Assembly-CSharp,,AchievementCategoryPublisher,OnPressedCoins,100664770,0x11d62c,108
Assembly-CSharp,,AchievementCategoryPublisher,OnPressedStunts,100664771,0x11d698,108
Assembly-CSharp,,AchievementCategoryPublisher,OnPressedPowerups,100664772,0x11d704,108
Assembly-CSharp,,AchievementPanelPublisher,.ctor,100664773,0x11d770,52
Assembly-CSharp,,AchievementPanelPublisher,get_Achievement,100664774,0x11d7a4,52
Assembly-CSharp,,AchievementPanelPublisher,set_Achievement,100664775,0x11d7d8,64
Assembly-CSharp,,AchievementPanelPublisher,Refresh,100664776,0x11d818,924
Assembly-CSharp,,AchievementUI,.ctor,100664777,0x11dbb4,52
Assembly-CSharp,,AchievementUI,AnimatePanelOutCoroutine,100664778,0x11dbe8,96
Assembly-CSharp,,AchievementUI,AnimatePanelInCoroutine,100664779,0x11dc48,96
Assembly-CSharp,,AchievementUI,GetCurrentSurface,100664780,0x11dca8,68
Assembly-CSharp,,AchievementUI,SwapSurface,100664781,0x11dcec,72
Assembly-CSharp,,AchievementUI,SetPage,100664782,0x11dd34,1016
Assembly-CSharp,,AchievementUI,BuildFilteredList,100664783,0x11e12c,488
Assembly-CSharp,,AchievementUI,Start,100664784,0x11e314,372
Assembly-CSharp,,AchievementUI,OnPressedNext,100664785,0x11e488,80
Assembly-CSharp,,AchievementUI,OnPressedPrev,100664786,0x11e4d8,80
Assembly-CSharp,,AchievementUI,OnPressedBack,100664787,0x11e528,84
Assembly-CSharp,,AchievementWindowPublisher,.ctor,100664788,0x11e57c,52
Assembly-CSharp,,AchievementWindowPublisher,Awake,100664789,0x11e5b0,116
Assembly-CSharp,,AchievementWindowPublisher,PressedWindow,100664790,0x11e624,92
Assembly-CSharp,,AchievementWindowPublisher,DestroyThis,100664791,0x11e680,72
Assembly-CSharp,,AchievementWindowPublisher,TriggerAnimIn,100664792,0x11e6c8,80
Assembly-CSharp,,AchievementWindowPublisher,AnimInHelper,100664793,0x11e718,72
Assembly-CSharp,,AchievementWindowPublisher,SetContent,100664794,0x11e760,400
Assembly-CSharp,,AchievementWindowPublisher,SetNextWindow,100664795,0x11e8f0,136
Assembly-CSharp,,AgeGatePopup,.ctor,100664796,0x11e978,76
Assembly-CSharp,,AgeGatePopup,GetOperatorSymbol,100664797,0x11e9c4,204
Assembly-CSharp,,AgeGatePopup,ExecuteOperator,100664798,0x11ea90,156
Assembly-CSharp,,AgeGatePopup,CalcAnswer,100664799,0x11eb2c,384
Assembly-CSharp,,AgeGatePopup,SetupButton,100664800,0x11ecac,328
Assembly-CSharp,,AgeGatePopup,SetupProblem,100664801,0x11edf4,2000
Assembly-CSharp,,AgeGatePopup,AddCharacterToAnswer,100664802,0x11f5c4,236
Assembly-CSharp,,AgeGatePopup,TestAnswer,100664803,0x11f6b0,184
Assembly-CSharp,,AgeGatePopup,Start,100664804,0x11f768,1388
Assembly-CSharp,,AgeGatePopup,Update,100664805,0x11fcd4,132
Assembly-CSharp,,AgeGatePopup,<Start>m__1E,100664806,0x11fd58,124
Assembly-CSharp,,AgeGatePopup,<Start>m__1F,100664807,0x11fdd4,52
Assembly-CSharp,,CartCustomizerPublisher,.ctor,100664808,0x11fe08,196
Assembly-CSharp,,CartCustomizerPublisher,GetPaintMenuIsOut,100664809,0x11fecc,52
Assembly-CSharp,,CartCustomizerPublisher,get_CurrentSlot,100664810,0x11ff00,52
Assembly-CSharp,,CartCustomizerPublisher,PopulatePaintMenu,100664811,0x11ff34,1056
Assembly-CSharp,,CartCustomizerPublisher,CameraWaitAndRefresh,100664812,0x120354,88
Assembly-CSharp,,CartCustomizerPublisher,SetCameraToSlot,100664813,0x1203ac,472
Assembly-CSharp,,CartCustomizerPublisher,ResetPreviewSlot,100664814,0x120584,160
Assembly-CSharp,,CartCustomizerPublisher,ResetPaintInSlot,100664815,0x120624,244
Assembly-CSharp,,CartCustomizerPublisher,SetToSpecificPart,100664816,0x120718,456
Assembly-CSharp,,CartCustomizerPublisher,SwitchFormType,100664817,0x1208e0,468
Assembly-CSharp,,CartCustomizerPublisher,SwitchSlot,100664818,0x120ab4,952
Assembly-CSharp,,CartCustomizerPublisher,SetStatBar,100664819,0x120e6c,1064
Assembly-CSharp,,CartCustomizerPublisher,RefreshStatBars,100664820,0x121294,1380
Assembly-CSharp,,CartCustomizerPublisher,PressedBuyPaint,100664821,0x1217f8,1280
Assembly-CSharp,,CartCustomizerPublisher,PressedOkPaint,100664822,0x121cf8,208
Assembly-CSharp,,CartCustomizerPublisher,OpenBuyPaint,100664823,0x121dc8,804
Assembly-CSharp,,CartCustomizerPublisher,OpenPaintIsLocked,100664824,0x1220ec,304
Assembly-CSharp,,CartCustomizerPublisher,RefreshToggles,100664825,0x12221c,372
Assembly-CSharp,,CartCustomizerPublisher,RefreshFormToggles,100664826,0x122390,552
Assembly-CSharp,,CartCustomizerPublisher,SlideBodyFormBox,100664827,0x1225b8,88
Assembly-CSharp,,CartCustomizerPublisher,RefreshNavBlips,100664828,0x122610,1700
Assembly-CSharp,,CartCustomizerPublisher,RefreshDisplay,100664829,0x122cb4,2552
Assembly-CSharp,,CartCustomizerPublisher,InitialWaitForLoadCoroutine,100664830,0x1236ac,72
Assembly-CSharp,,CartCustomizerPublisher,Start,100664831,0x1236f4,72
Assembly-CSharp,,CartCustomizerPublisher,Update,100664832,0x12373c,1896
Assembly-CSharp,,CartCustomizerPublisher,PressedBodySlot,100664833,0x123ea4,76
Assembly-CSharp,,CartCustomizerPublisher,PressedScoopSlot,100664834,0x123ef0,76
Assembly-CSharp,,CartCustomizerPublisher,PressedSpoilerSlot,100664835,0x123f3c,76
Assembly-CSharp,,CartCustomizerPublisher,PressedThrusterSlot,100664836,0x123f88,76
Assembly-CSharp,,CartCustomizerPublisher,PressedWheelsSlot,100664837,0x123fd4,76
Assembly-CSharp,,CartCustomizerPublisher,PressedBikeForm,100664838,0x124020,76
Assembly-CSharp,,CartCustomizerPublisher,PressedTrikeForm,100664839,0x12406c,76
Assembly-CSharp,,CartCustomizerPublisher,PressedTruckForm,100664840,0x1240b8,76
Assembly-CSharp,,CartCustomizerPublisher,PressedRightArrow,100664841,0x124104,696
Assembly-CSharp,,CartCustomizerPublisher,PressedLeftArrow,100664842,0x1243bc,516
Assembly-CSharp,,CartCustomizerPublisher,PressedUpArrow,100664843,0x1245c0,644
Assembly-CSharp,,CartCustomizerPublisher,PressedDownArrow,100664844,0x124844,644
Assembly-CSharp,,CartCustomizerPublisher,PressedAction,100664845,0x124ac8,184
Assembly-CSharp,,CartCustomizerPublisher,BuyPart,100664846,0x124b80,892
Assembly-CSharp,,CartCustomizerPublisher,EquipPart,100664847,0x124efc,748
Assembly-CSharp,,CartCustomizerPublisher,CloseLockedMenu,100664848,0x1251e8,156
Assembly-CSharp,,CartCustomizerPublisher,PressedPaint,100664849,0x125284,264
Assembly-CSharp,,CartCustomizerPublisher,PressedClosePaint,100664850,0x12538c,208
Assembly-CSharp,,CartCustomizerPublisher,OnDisable,100664851,0x12545c,88
Assembly-CSharp,,CartCustomizerPublisher,Refresh,100664852,0x1254b4,172
Assembly-CSharp,,CartCustomizerPublisher,SetViewingPaintIndex,100664853,0x125560,504
Assembly-CSharp,,CartCustomizerPublisher,IsTemporaryInSlot,100664854,0x125758,288
Assembly-CSharp,,CartCustomizerPublisher,OnBodyToggleChanged,100664855,0x125878,56
Assembly-CSharp,,CartCustomizerPublisher,OnScoopToggleChanged,100664856,0x1258b0,56
Assembly-CSharp,,CartCustomizerPublisher,OnSpoilerToggleChanged,100664857,0x1258e8,56
Assembly-CSharp,,CartCustomizerPublisher,OnThrusterToggleChanged,100664858,0x125920,56
Assembly-CSharp,,CartCustomizerPublisher,OnWheelToggleChanged,100664859,0x125958,56
Assembly-CSharp,,CartCustomizerPublisher,OnBikeToggleChanged,100664860,0x125990,56
Assembly-CSharp,,CartCustomizerPublisher,OnTrikeToggleChanged,100664861,0x1259c8,56
Assembly-CSharp,,CartCustomizerPublisher,OnTruckToggleChanged,100664862,0x125a00,56
Assembly-CSharp,,CharacterButtonPublisher,.ctor,100664863,0x125a38,52
Assembly-CSharp,,CharacterButtonPublisher,OnPressedButton,100664864,0x125a6c,132
Assembly-CSharp,,CharacterPreview,.ctor,100664865,0x125af0,104
Assembly-CSharp,,CharacterPreview,Update,100664866,0x125b58,2176
Assembly-CSharp,,CharacterPreview,PlayRandomIdleAnimation,100664867,0x1263d8,780
Assembly-CSharp,,CharacterPreview,OnDestroy,100664868,0x1266e4,100
Assembly-CSharp,,CharacterPreview,SetCharacter,100664869,0x126748,576
Assembly-CSharp,,CharacterPreview,Refresh,100664870,0x126988,88
Assembly-CSharp,,CharacterPreview,Blackout,100664871,0x1269e0,428
Assembly-CSharp,,CharacterPreview,Unhide,100664872,0x126b8c,284
Assembly-CSharp,,CharacterPreview,Hide,100664873,0x126ca8,276
Assembly-CSharp,,PreviewPart,.ctor,100664874,0x126dbc,44
Assembly-CSharp,,CharacterSelectPublisher,.ctor,100664875,0x126de8,60
Assembly-CSharp,,CharacterSelectPublisher,Awake,100664876,0x126e24,108
Assembly-CSharp,,CharacterSelectPublisher,LoadInLocalizedAssets,100664877,0x126e90,88
Assembly-CSharp,,CharacterSelectPublisher,SetCharacter,100664878,0x126ee8,1068
Assembly-CSharp,,CharacterSelectPublisher,RefreshCharacter,100664879,0x127314,136
Assembly-CSharp,,CharacterSelectPublisher,SetStatBar,100664880,0x12739c,896
Assembly-CSharp,,CharacterSelectPublisher,RefreshStatBars,100664881,0x12771c,52
Assembly-CSharp,,CharacterSelectPublisher,RefreshDisplay,100664882,0x127750,1680
Assembly-CSharp,,CharacterSelectPublisher,Start,100664883,0x127de0,348
Assembly-CSharp,,CharacterSelectPublisher,Update,100664884,0x127f3c,392
Assembly-CSharp,,CharacterSelectPublisher,OnDestroy,100664885,0x1280c4,192
Assembly-CSharp,,CharacterSelectPublisher,PressedRightArrow,100664886,0x128184,112
Assembly-CSharp,,CharacterSelectPublisher,PressedLeftArrow,100664887,0x1281f4,112
Assembly-CSharp,,CharacterSelectPublisher,PressedAction,100664888,0x128264,804
Assembly-CSharp,,CharacterSelectPublisher,IsTemporary,100664889,0x128588,288
Assembly-CSharp,,CharacterSelectPublisher,UpdateLogo,100664890,0x1286a8,1528
Assembly-CSharp,,CharacterSelectPublisher,<Start>m__23,100664891,0x128ca0,80
Assembly-CSharp,,Logo,.ctor,100664892,0x128cf0,44
Assembly-CSharp,,CloudStrap,.ctor,100664893,0x128d1c,52
Assembly-CSharp,,CloudStrap,ContinueToFrontEnd,100664894,0x128d50,276
Assembly-CSharp,,CloudStrap,Start,100664895,0x128e64,268
Assembly-CSharp,,ConfirmationPublisher,.ctor,100664896,0x128f70,52
Assembly-CSharp,,ConfirmationPublisher,Start,100664897,0x128fa4,48
Assembly-CSharp,,ConfirmationPublisher,Update,100664898,0x128fd4,44
Assembly-CSharp,,ConfirmationPublisher,PressedYes,100664899,0x129000,88
Assembly-CSharp,,ConfirmationPublisher,PressedNo,100664900,0x129058,88
Assembly-CSharp,,ConfirmationPublisher,Close,100664901,0x1290b0,72
Assembly-CSharp,,ConfirmationPublisher,DestroyThis,100664902,0x1290f8,72
Assembly-CSharp,,CreditsPublisher,.ctor,100664903,0x129140,52
Assembly-CSharp,,CreditsPublisher,Start,100664904,0x129174,44
Assembly-CSharp,,CreditsPublisher,Update,100664905,0x1291a0,44
Assembly-CSharp,,CreditsPublisher,PressedBackButton,100664906,0x1291cc,64
Assembly-CSharp,,CreditsPublisher,PressedCustomerSupport,100664907,0x12920c,68
Assembly-CSharp,,CreditsPublisher,PressedPrivacyButton,100664908,0x129250,68
Assembly-CSharp,,CreditsPublisher,PressedTermsOfUseButton,100664909,0x129294,68
Assembly-CSharp,,CreditsPublisher,PressedLinkButton,100664910,0x1292d8,68
Assembly-CSharp,,DailyBonusPublisher,.ctor,100664911,0x12931c,52
Assembly-CSharp,,DailyBonusPublisher,Start,100664912,0x129350,48
Assembly-CSharp,,DailyBonusPublisher,Update,100664913,0x129380,44
Assembly-CSharp,,DailyBonusPublisher,OnPressed,100664914,0x1293ac,80
Assembly-CSharp,,DailyBonusPublisher,DestroyThis,100664915,0x1293fc,72
Assembly-CSharp,,DifficultyMenuPublisher,.ctor,100664916,0x129444,52
Assembly-CSharp,,DifficultyMenuPublisher,CalculateCompletion,100664917,0x129478,252
Assembly-CSharp,,DifficultyMenuPublisher,ShowPopover,100664918,0x129574,144
Assembly-CSharp,,DifficultyMenuPublisher,Start,100664919,0x129604,836
Assembly-CSharp,,DifficultyMenuPublisher,PushedEasy,100664920,0x129948,100
Assembly-CSharp,,DifficultyMenuPublisher,PushedMedium,100664921,0x1299ac,180
Assembly-CSharp,,DifficultyMenuPublisher,PushedHard,100664922,0x129a60,180
Assembly-CSharp,,FrontEndCamera,.ctor,100664923,0x129b14,236
Assembly-CSharp,,FrontEndCamera,get_isTransitioning,100664924,0x129c00,80
Assembly-CSharp,,FrontEndCamera,StartTransition,100664925,0x129c50,684
Assembly-CSharp,,FrontEndCamera,Start,100664926,0x129efc,108
Assembly-CSharp,,FrontEndCamera,FixedUpdate,100664927,0x129f68,504
Assembly-CSharp,,FrontEndCamera,SetCameraTarget,100664928,0x12a160,128
Assembly-CSharp,,FrontEndCamera,SetCameraTargetByIndex,100664929,0x12a1e0,148
Assembly-CSharp,,FrontEndCamera,ForceCameraTarget,100664930,0x12a274,68
Assembly-CSharp,,FrontEndCameraTarget,.ctor,100664931,0x12a2b8,52
Assembly-CSharp,,FrontEndCameraTarget,OnDrawGizmos,100664932,0x12a2ec,316
Assembly-CSharp,,FrontEndLogic,.ctor,100664933,0x12a428,60
Assembly-CSharp,,FrontEndLogic,.cctor,100664934,0x12a464,60
Assembly-CSharp,,FrontEndLogic,get_CurrentMenu,100664935,0x12a4a0,52
Assembly-CSharp,,FrontEndLogic,GetInstance,100664936,0x12a4d4,168
Assembly-CSharp,,FrontEndLogic,HideMenu,100664937,0x12a57c,112
Assembly-CSharp,,FrontEndLogic,HideMenuHelper,100664938,0x12a5ec,72
Assembly-CSharp,,FrontEndLogic,StartMenuTransition,100664939,0x12a634,72
Assembly-CSharp,,FrontEndLogic,CheckMenuTransitionOK,100664940,0x12a67c,88
Assembly-CSharp,,FrontEndLogic,PlayRandomWhoosh,100664941,0x12a6d4,116
Assembly-CSharp,,FrontEndLogic,CheckForDailyBonus,100664942,0x12a748,1200
Assembly-CSharp,,FrontEndLogic,PopupDailyBonusNote,100664943,0x12abf8,460
Assembly-CSharp,,FrontEndLogic,GiveDailyBonus,100664944,0x12adc4,948
Assembly-CSharp,,FrontEndLogic,Start,100664945,0x12b178,1280
Assembly-CSharp,,FrontEndLogic,Update,100664946,0x12b678,360
Assembly-CSharp,,FrontEndLogic,OnApplicationPause,100664947,0x12b7e0,96
Assembly-CSharp,,FrontEndLogic,RequestMenuChange,100664948,0x12b840,268
Assembly-CSharp,,FrontEndLogic,NeedMoreCoins,100664949,0x12b94c,992
Assembly-CSharp,,MenuStruct,.ctor,100664950,0x12bd2c,44
Assembly-CSharp,,FrontEndTutorialHandler,.ctor,100664951,0x12bd58,68
Assembly-CSharp,,FrontEndTutorialHandler,get_ActiveTutorial,100664952,0x12bd9c,52
Assembly-CSharp,,FrontEndTutorialHandler,set_ActiveTutorial,100664953,0x12bdd0,60
Assembly-CSharp,,FrontEndTutorialHandler,GetNextTutorial,100664954,0x12be0c,160
Assembly-CSharp,,FrontEndTutorialHandler,TriggerNext,100664955,0x12beac,588
Assembly-CSharp,,FrontEndTutorialHandler,Update,100664956,0x12c0f8,84
Assembly-CSharp,,FrontEndTutorialHandler,Start,100664957,0x12c14c,156
Assembly-CSharp,,FrontEndTutorialHandler,OnDisable,100664958,0x12c1e8,144
Assembly-CSharp,,FrontEndTutorialHandler,ChangedShifterUISlot,100664959,0x12c278,292
Assembly-CSharp,,TutorialSettings,.ctor,100664960,0x12c39c,92
Assembly-CSharp,,FrontEndTutorialPublisher,.ctor,100664961,0x12c3f8,96
Assembly-CSharp,,FrontEndTutorialPublisher,PulseArrowCoroutine,100664962,0x12c458,72
Assembly-CSharp,,FrontEndTutorialPublisher,FadeInCoroutine,100664963,0x12c4a0,72
Assembly-CSharp,,FrontEndTutorialPublisher,Resize,100664964,0x12c4e8,2736
Assembly-CSharp,,FrontEndTutorialPublisher,RegisterControlListeners,100664965,0x12cf98,1484
Assembly-CSharp,,FrontEndTutorialPublisher,UnregisterControlListeners,100664966,0x12d564,872
Assembly-CSharp,,FrontEndTutorialPublisher,Start,100664967,0x12d8cc,332
Assembly-CSharp,,FrontEndTutorialPublisher,StartHelper,100664968,0x12da18,72
Assembly-CSharp,,FrontEndTutorialPublisher,OnPressedDismiss,100664969,0x12da60,144
Assembly-CSharp,,FrontEndTutorialPublisher,OnTargetButtonPressed,100664970,0x12daf0,56
Assembly-CSharp,,FrontEndTutorialPublisher,OnTargetTogglePressed,100664971,0x12db28,72
Assembly-CSharp,,FrontEndTutorialPublisher,OnEnabled,100664972,0x12db70,44
Assembly-CSharp,,FrontEndTutorialPublisher,OnDisabled,100664973,0x12db9c,76
Assembly-CSharp,,FrontEndTutorialPublisher,SetText,100664974,0x12dbe8,108
Assembly-CSharp,,FrontEndTutorialPublisher,SetAnchorPoint,100664975,0x12dc54,252
Assembly-CSharp,,FrontEndTutorialPublisher,SetTargetControls,100664976,0x12dd50,68
Assembly-CSharp,,GenericPopupPublisher,.ctor,100664977,0x12dd94,52
Assembly-CSharp,,GenericPopupPublisher,Start,100664978,0x12ddc8,48
Assembly-CSharp,,GenericPopupPublisher,Update,100664979,0x12ddf8,44
Assembly-CSharp,,GenericPopupPublisher,SetText,100664980,0x12de24,100
Assembly-CSharp,,GenericPopupPublisher,PressedBacking,100664981,0x12de88,104
Assembly-CSharp,,GenericPopupPublisher,DestroyThis,100664982,0x12def0,72
Assembly-CSharp,,LoadingPublisher,.ctor,100664983,0x12df38,52
Assembly-CSharp,,LoadingPublisher,WaitForAssetBundles,100664984,0x12df6c,72
Assembly-CSharp,,LoadingPublisher,WaitForCartConstruction,100664985,0x12dfb4,72
Assembly-CSharp,,LoadingPublisher,WaitForLevelLoad,100664986,0x12dffc,72
Assembly-CSharp,,LoadingPublisher,SetupMissionText,100664987,0x12e044,72
Assembly-CSharp,,LoadingPublisher,LoadingProcess,100664988,0x12e08c,72
Assembly-CSharp,,LoadingPublisher,FadeAndDestroyCoroutine,100664989,0x12e0d4,72
Assembly-CSharp,,LoadingPublisher,Start,100664990,0x12e11c,648
Assembly-CSharp,,LoadingPublisher,Update,100664991,0x12e3a4,44
Assembly-CSharp,,LoadingPublisher,PressedGoButton,100664992,0x12e3d0,228
Assembly-CSharp,,LoadingPublisher,SetAssetCluster,100664993,0x12e4b4,60
Assembly-CSharp,,LocalizeCloudStrap,.ctor,100664994,0x12e4f0,52
Assembly-CSharp,,LocalizeCloudStrap,Awake,100664995,0x12e524,404
Assembly-CSharp,,LocalizeCloudStrap,Start,100664996,0x12e6b8,44
Assembly-CSharp,,LocalizeCloudStrap,Update,100664997,0x12e6e4,44
Assembly-CSharp,,MoreDisneyLogic,.ctor,100664998,0x12e710,52
Assembly-CSharp,,MoreDisneyLogic,WaitForDestroy,100664999,0x12e744,64
Assembly-CSharp,,MoreDisneyLogic,Start,100665000,0x12e784,260
Assembly-CSharp,,PaintSlotPublisher,.ctor,100665001,0x12e888,52
Assembly-CSharp,,PaintSlotPublisher,PressedPaintButton,100665002,0x12e8bc,144
Assembly-CSharp,,PaintSlotPublisher,Start,100665003,0x12e94c,140
Assembly-CSharp,,PaintSlotPublisher,SetPaint,100665004,0x12e9d8,1148
Assembly-CSharp,,PaintSlotPublisher,OnDestroy,100665005,0x12ee54,80
Assembly-CSharp,,PlayMenuPublisher,.ctor,100665006,0x12eea4,52
Assembly-CSharp,,PlayMenuPublisher,Update,100665007,0x12eed8,128
Assembly-CSharp,,PlayMenuPublisher,Start,100665008,0x12ef58,364
Assembly-CSharp,,PlayMenuPublisher,PressedPlayButton,100665009,0x12f0c4,164
Assembly-CSharp,,PlayMenuPublisher,PressedMoreDisney,100665010,0x12f168,80
Assembly-CSharp,,PlayMenuPublisher,PressedSettings,100665011,0x12f1b8,128
Assembly-CSharp,,PlayMenuPublisher,PressedInfo,100665012,0x12f238,148
Assembly-CSharp,,PlayMenuPublisher,StartTutorial,100665013,0x12f2cc,264
Assembly-CSharp,,PlayMenuPublisher,StartTutLoad,100665014,0x12f3d4,64
Assembly-CSharp,,PlaySummaryPublisher,.ctor,100665015,0x12f414,100
Assembly-CSharp,,PlaySummaryPublisher,Refresh,100665016,0x12f478,800
Assembly-CSharp,,PlaySummaryPublisher,Start,100665017,0x12f798,728
Assembly-CSharp,,PlaySummaryPublisher,FixedUpdate,100665018,0x12fa70,1064
Assembly-CSharp,,PlaySummaryPublisher,PressedPlayButton,100665019,0x12fe98,96
Assembly-CSharp,,PlaySummaryPublisher,PressedModeArrowLeft,100665020,0x12fef8,184
Assembly-CSharp,,PlaySummaryPublisher,PressedModeArrowRight,100665021,0x12ffb0,184
Assembly-CSharp,,PlaySummaryPublisher,PressedDifficultyArrowLeft,100665022,0x130068,180
Assembly-CSharp,,PlaySummaryPublisher,PressedDifficultyArrowRight,100665023,0x13011c,180
Assembly-CSharp,,PlaySummaryPublisher,TestForUltraHard,100665024,0x1301d0,188
Assembly-CSharp,,PlaySummaryPublisher,PressedBackButton,100665025,0x13028c,84
Assembly-CSharp,,PlaySummaryPublisher,UpdateTrackIcon,100665026,0x1302e0,448
Assembly-CSharp,,PopoverPublisher,.ctor,100665027,0x1304a0,268
Assembly-CSharp,,PopoverPublisher,Start,100665028,0x1305ac,224
Assembly-CSharp,,PopoverPublisher,FixedUpdate,100665029,0x13068c,824
Assembly-CSharp,,PopoverPublisher,PressedBacking,100665030,0x1309c4,80
Assembly-CSharp,,PopoverPublisher,SetText,100665031,0x130a14,100
Assembly-CSharp,,PreviewCart,.ctor,100665032,0x130a78,244
Assembly-CSharp,,PreviewCart,get_CachedPaint,100665033,0x130b6c,52
Assembly-CSharp,,PreviewCart,set_CachedPaint,100665034,0x130ba0,60
Assembly-CSharp,,PreviewCart,get_IsUpdating,100665035,0x130bdc,160
Assembly-CSharp,,PreviewCart,get_IsLoading,100665036,0x130c7c,128
Assembly-CSharp,,PreviewCart,ApplyPaints,100665037,0x130cfc,72
Assembly-CSharp,,PreviewCart,UpdateRenderers,100665038,0x130d44,72
Assembly-CSharp,,PreviewCart,UpdateColorShift,100665039,0x130d8c,72
Assembly-CSharp,,PreviewCart,ComposeCart,100665040,0x130dd4,72
Assembly-CSharp,,PreviewCart,SetPartVisibility,100665041,0x130e1c,176
Assembly-CSharp,,PreviewCart,ShowLoadingObject,100665042,0x130ecc,248
Assembly-CSharp,,PreviewCart,CharacterVisibility,100665043,0x130fc4,420
Assembly-CSharp,,PreviewCart,CheckLoadingCoroutine,100665044,0x131168,72
Assembly-CSharp,,PreviewCart,UpdateCachedPaint,100665045,0x1311b0,72
Assembly-CSharp,,PreviewCart,DriveOutCoroutine,100665046,0x1311f8,72
Assembly-CSharp,,PreviewCart,Update,100665047,0x131240,432
Assembly-CSharp,,PreviewCart,OnDestroy,100665048,0x1313f0,700
Assembly-CSharp,,PreviewCart,AddPart,100665049,0x1316ac,512
Assembly-CSharp,,PreviewCart,RemovePart,100665050,0x1318ac,292
Assembly-CSharp,,PreviewCart,AddPaint,100665051,0x1319d0,460
Assembly-CSharp,,PreviewCart,RemovePaint,100665052,0x131b9c,304
Assembly-CSharp,,PreviewCart,GenerateCartPreview,100665053,0x131ccc,404
Assembly-CSharp,,PreviewCart,GetPartTransform,100665054,0x131e60,616
Assembly-CSharp,,PreviewCart,StartDriveout,100665055,0x1320c8,376
Assembly-CSharp,,PreviewCart,ClearnTransparencies,100665056,0x132240,188
Assembly-CSharp,,PreviewCart,SetSlotTransparent,100665057,0x1322fc,272
Assembly-CSharp,,PreviewCart,<CharacterVisibility>m__25,100665058,0x13240c,68
Assembly-CSharp,,PreviewPart,.ctor,100665059,0x132450,44
Assembly-CSharp,,PreviewPaint,.ctor,100665060,0x13247c,44
Assembly-CSharp,,SelectCircuitPublisher,.ctor,100665061,0x1324a8,268
Assembly-CSharp,,SelectCircuitPublisher,LoadCircuitTextures,100665062,0x1325b4,72
Assembly-CSharp,,SelectCircuitPublisher,OnEnable,100665063,0x1325fc,520
Assembly-CSharp,,SelectCircuitPublisher,OnDisable,100665064,0x132804,48
Assembly-CSharp,,SelectCircuitPublisher,Start,100665065,0x132834,72
Assembly-CSharp,,SelectCircuitPublisher,DetermineTrophies,100665066,0x13287c,828
Assembly-CSharp,,SelectCircuitPublisher,AnimateIn,100665067,0x132bb8,72
Assembly-CSharp,,SelectCircuitPublisher,PressedCircuitButton1,100665068,0x132c00,248
Assembly-CSharp,,SelectCircuitPublisher,PressedCircuitButton2,100665069,0x132cf8,300
Assembly-CSharp,,SelectCircuitPublisher,PressedCircuitButton3,100665070,0x132e24,300
Assembly-CSharp,,SelectCircuitPublisher,StartTutLoad,100665071,0x132f50,64
Assembly-CSharp,,SelectCircuitPublisher,PressedTutorial,100665072,0x132f90,244
Assembly-CSharp,,SelectCircuitPublisher,PressedPranksgiving,100665073,0x133084,228
Assembly-CSharp,,SelectCircuitPublisher,ShowPopupDialog,100665074,0x133168,184
Assembly-CSharp,,CircuitBanner,.ctor,100665075,0x133220,44
Assembly-CSharp,,TrophyAssets,.ctor,100665076,0x13324c,44
Assembly-CSharp,,SettingsMenuPublisher,.ctor,100665077,0x133278,52
Assembly-CSharp,,SettingsMenuPublisher,Start,100665078,0x1332ac,1656
Assembly-CSharp,,SettingsMenuPublisher,Update,100665079,0x133924,196
Assembly-CSharp,,SettingsMenuPublisher,PressedBuyCoins,100665080,0x1339e8,76
Assembly-CSharp,,SettingsMenuPublisher,PressedCredits,100665081,0x133a34,64
Assembly-CSharp,,SettingsMenuPublisher,PressedGameCenter,100665082,0x133a74,92
Assembly-CSharp,,SettingsMenuPublisher,PressedMoreDisney,100665083,0x133ad0,80
Assembly-CSharp,,SettingsMenuPublisher,OnAppPurchaseToggleChanged,100665084,0x133b20,260
Assembly-CSharp,,SettingsMenuPublisher,OnMusicVolumeChanged,100665085,0x133c24,124
Assembly-CSharp,,SettingsMenuPublisher,OnSFXVolumeChanged,100665086,0x133ca0,92
Assembly-CSharp,,SettingsMenuPublisher,PressedResetData,100665087,0x133cfc,80
Assembly-CSharp,,SettingsMenuPublisher,OnDebugUnlockPressed,100665088,0x133d4c,52
Assembly-CSharp,,SettingsMenuPublisher,OnDebugCoinPressed,100665089,0x133d80,72
Assembly-CSharp,,SettingsMenuPublisher,UnlockAll,100665090,0x133dc8,316
Assembly-CSharp,,SettingsMenuPublisher,CheckResetConfirm,100665091,0x133f04,72
Assembly-CSharp,,ShiftUIPublisher,.ctor,100665092,0x133f4c,108
Assembly-CSharp,,ShiftUIPublisher,add_ChangedShifterSlot,100665093,0x133fb8,160
Assembly-CSharp,,ShiftUIPublisher,remove_ChangedShifterSlot,100665094,0x134058,160
Assembly-CSharp,,ShiftUIPublisher,SetStickPosition,100665095,0x1340f8,292
Assembly-CSharp,,ShiftUIPublisher,SwitchSlot,100665096,0x13421c,1092
Assembly-CSharp,,ShiftUIPublisher,PlayRandomShiftSound,100665097,0x134660,108
Assembly-CSharp,,ShiftUIPublisher,Awake,100665098,0x1346cc,3040
Assembly-CSharp,,ShiftUIPublisher,Start,100665099,0x1352ac,476
Assembly-CSharp,,ShiftUIPublisher,Update,100665100,0x135488,436
Assembly-CSharp,,ShiftUIPublisher,PressedPlayButton,100665101,0x13563c,96
Assembly-CSharp,,ShiftUIPublisher,PressedCartCustomizer,100665102,0x13569c,96
Assembly-CSharp,,ShiftUIPublisher,PressedTrophy,100665103,0x1356fc,96
Assembly-CSharp,,ShiftUIPublisher,PressedCharacter,100665104,0x13575c,96
Assembly-CSharp,,ShiftUIPublisher,PressedOptions,100665105,0x1357bc,96
Assembly-CSharp,,ShiftUIPublisher,PressedMoreDisney,100665106,0x13581c,100
Assembly-CSharp,,ShiftUIPublisher,PressedMoreCoins,100665107,0x135880,88
Assembly-CSharp,,ShiftUIPublisher,ShiftSurfaceCoroutine,100665108,0x1358d8,180
Assembly-CSharp,,ShiftUIPublisher,Hide,100665109,0x13598c,464
Assembly-CSharp,,ShiftUIPublisher,Show,100665110,0x135b5c,464
Assembly-CSharp,,ShiftUIPublisher,UpdateCharacterIcon,100665111,0x135d2c,488
Assembly-CSharp,,Icon,.ctor,100665112,0x135f14,44
Assembly-CSharp,,ShifterPosition,.ctor,100665113,0x135f40,112
Assembly-CSharp,,ShifterPosition,Lerp,100665114,0x135fb0,340
Assembly-CSharp,,ShifterSlot,.ctor,100665115,0x136104,72
Assembly-CSharp,,ShiftKeyframe,.ctor,100665116,0x13614c,80
Assembly-CSharp,,TrackSelectPublisher,.ctor,100665117,0x13619c,268
Assembly-CSharp,,TrackSelectPublisher,GetTrackIconsList,100665118,0x1362a8,148
Assembly-CSharp,,TrackSelectPublisher,Refresh,100665119,0x13633c,324
Assembly-CSharp,,TrackSelectPublisher,RaceOrSummary,100665120,0x136480,136
Assembly-CSharp,,TrackSelectPublisher,Start,100665121,0x136508,384
Assembly-CSharp,,TrackSelectPublisher,DetermineTrophies,100665122,0x136688,1620
Assembly-CSharp,,TrackSelectPublisher,FixedUpdate,100665123,0x136cdc,536
Assembly-CSharp,,TrackSelectPublisher,PressedTrackButton1,100665124,0x136ef4,200
Assembly-CSharp,,TrackSelectPublisher,PressedTrackButton2,100665125,0x136fbc,200
Assembly-CSharp,,TrackSelectPublisher,PressedTrackButton3,100665126,0x137084,200
Assembly-CSharp,,TrackSelectPublisher,PressedBackButton,100665127,0x13714c,84
Assembly-CSharp,,TrackSelectPublisher,UpdateTrackSnapshots,100665128,0x1371a0,1356
Assembly-CSharp,,TrackIcon,.ctor,100665129,0x1376ec,44
Assembly-CSharp,,TutorialLauncherPublisher,.ctor,100665130,0x137718,52
Assembly-CSharp,,TutorialLauncherPublisher,Start,100665131,0x13774c,44
Assembly-CSharp,,TutorialLauncherPublisher,Update,100665132,0x137778,44
Assembly-CSharp,,TutorialLauncherPublisher,PressedYes,100665133,0x1377a4,268
Assembly-CSharp,,TutorialLauncherPublisher,StartTutLoad,100665134,0x1378b0,72
Assembly-CSharp,,TutorialLauncherPublisher,PressedNo,100665135,0x1378f8,88
Assembly-CSharp,,UnlockedCircuitPublisher,.ctor,100665136,0x137950,76
Assembly-CSharp,,UnlockedCircuitPublisher,get_Circuit,100665137,0x13799c,52
Assembly-CSharp,,UnlockedCircuitPublisher,set_Circuit,100665138,0x1379d0,60
Assembly-CSharp,,UnlockedCircuitPublisher,Start,100665139,0x137a0c,72
Assembly-CSharp,,UnlockedCircuitPublisher,Update,100665140,0x137a54,68
Assembly-CSharp,,UnlockedCircuitPublisher,ShowCircuitBanner,100665141,0x137a98,476
Assembly-CSharp,,UnlockedCircuitPublisher,SetContent,100665142,0x137c74,224
Assembly-CSharp,,UnlockedCircuitPublisher,LoadCircuitTextures,100665143,0x137d54,72
Assembly-CSharp,,CircuitBanner,.ctor,100665144,0x137d9c,44
Assembly-CSharp,,VolumeSlider,.ctor,100665145,0x137dc8,256
Assembly-CSharp,,VolumeSlider,get_percent,100665146,0x137ec8,180
Assembly-CSharp,,VolumeSlider,set_percent,100665147,0x137f7c,360
Assembly-CSharp,,VolumeSlider,Update,100665148,0x1380e4,776
Assembly-CSharp,,VolumeSlider,OnMouseDown,100665149,0x1383ec,160
Assembly-CSharp,,VolumeSlider,OnMouseUp,100665150,0x13848c,56
Assembly-CSharp,,VolumeSlider,MouseLogic,100665151,0x1384c4,84
Assembly-CSharp,,VolumeSlider,TouchLogic,100665152,0x138518,684
Assembly-CSharp,,BlipTrackPublisher,.ctor,100665153,0x1387c4,52
Assembly-CSharp,,BlipTrackPublisher,InitBlips,100665154,0x1387f8,864
Assembly-CSharp,,BlipTrackPublisher,InitValues,100665155,0x138b58,176
Assembly-CSharp,,BlipTrackPublisher,UpdateBlips,100665156,0x138c08,1320
Assembly-CSharp,,CatchupNotify,.ctor,100665157,0x139130,52
Assembly-CSharp,,CatchupNotify,DeathCount,100665158,0x139164,72
Assembly-CSharp,,CatchupNotify,Start,100665159,0x1391ac,80
Assembly-CSharp,,DriftButton,.ctor,100665160,0x1391fc,52
Assembly-CSharp,,DriftButton,ApplyDrift,100665161,0x139230,140
Assembly-CSharp,,DriftButton,OnButtonDown,100665162,0x1392bc,56
Assembly-CSharp,,DriftButton,OnButtonUp,100665163,0x1392f4,56
Assembly-CSharp,,DriftButton,OnButtonHeld,100665164,0x13932c,56
Assembly-CSharp,,DriftScalePublisher,.ctor,100665165,0x139364,100
Assembly-CSharp,,DriftScalePublisher,BlinkLabelCoroutine,100665166,0x1393c8,72
Assembly-CSharp,,DriftScalePublisher,BlinkWarningCoroutine,100665167,0x139410,72
Assembly-CSharp,,DriftScalePublisher,Start,100665168,0x139458,500
Assembly-CSharp,,DriftScalePublisher,Update,100665169,0x13964c,828
Assembly-CSharp,,HUDLogic,.ctor,100665170,0x139988,140
Assembly-CSharp,,HUDLogic,.cctor,100665171,0x139a14,36
Assembly-CSharp,,HUDLogic,get_CatchUpNeeded,100665172,0x139a38,52
Assembly-CSharp,,HUDLogic,set_CatchUpNeeded,100665173,0x139a6c,60
Assembly-CSharp,,HUDLogic,get_WrongWay,100665174,0x139aa8,52
Assembly-CSharp,,HUDLogic,set_WrongWay,100665175,0x139adc,60
Assembly-CSharp,,HUDLogic,isAchievementNoteEngaged,100665176,0x139b18,136
Assembly-CSharp,,HUDLogic,get_Instance,100665177,0x139ba0,260
Assembly-CSharp,,HUDLogic,get_playerCar,100665178,0x139ca4,76
Assembly-CSharp,,HUDLogic,PreraceCountCoroutine,100665179,0x139cf0,72
Assembly-CSharp,,HUDLogic,AchievementSlideNotificationCoroutine,100665180,0x139d38,104
Assembly-CSharp,,HUDLogic,Start,100665181,0x139da0,892
Assembly-CSharp,,HUDLogic,OnApplicationPause,100665182,0x13a11c,328
Assembly-CSharp,,HUDLogic,OnRaceInit,100665183,0x13a264,800
Assembly-CSharp,,HUDLogic,Update,100665184,0x13a584,1076
Assembly-CSharp,,HUDLogic,ShowDriftScale,100665185,0x13a9b8,60
Assembly-CSharp,,HUDLogic,GimpedHudCoroutine,100665186,0x13a9f4,72
Assembly-CSharp,,HUDLogic,UpdateHUD,100665187,0x13aa3c,3608
Assembly-CSharp,,HUDLogic,DisplayNotificationCoroutine,100665188,0x13b854,124
Assembly-CSharp,,HUDLogic,DisplayNotification,100665189,0x13b8d0,96
Assembly-CSharp,,HUDLogic,SignalMissionStart,100665190,0x13b930,88
Assembly-CSharp,,HUDLogic,SignalMissionComplete,100665191,0x13b988,88
Assembly-CSharp,,HUDLogic,AnimateBrakeButtonIn,100665192,0x13b9e0,64
Assembly-CSharp,,HUDLogic,AnimateDriftButtonIn,100665193,0x13ba20,64
Assembly-CSharp,,HUDLogic,AnimatePowerupDohickeyIn,100665194,0x13ba60,64
Assembly-CSharp,,HUDLogic,SignalCatchUp,100665195,0x13baa0,44
Assembly-CSharp,,HUDLogic,PressedDrift,100665196,0x13bacc,44
Assembly-CSharp,,HUDLogic,PressedPower,100665197,0x13baf8,192
Assembly-CSharp,,HUDLogic,PressedBuyButton,100665198,0x13bbb8,1804
Assembly-CSharp,,HUDLogic,PressedPauseButton,100665199,0x13c2c4,428
Assembly-CSharp,,HUDLogic,SetPlayerObject,100665200,0x13c470,76
Assembly-CSharp,,HUDLogic,DoWrongWayNotice,100665201,0x13c4bc,72
Assembly-CSharp,,HUDLogic,ShowMineNotify,100665202,0x13c504,760
Assembly-CSharp,,HUDLogic,ShowPreraceCount,100665203,0x13c7fc,80
Assembly-CSharp,,HUDLogic,ShowAchievementNotification,100665204,0x13c84c,184
Assembly-CSharp,,PowerupDisplay,.ctor,100665205,0x13c904,44
Assembly-CSharp,,ArrowTarget,.ctor,100665206,0x13c930,44
Assembly-CSharp,,MineNotifyPublisher,.ctor,100665207,0x13c95c,52
Assembly-CSharp,,MineNotifyPublisher,Lifetime,100665208,0x13c990,72
Assembly-CSharp,,MineNotifyPublisher,FadeIn,100665209,0x13c9d8,72
Assembly-CSharp,,MineNotifyPublisher,FadeOut,100665210,0x13ca20,72
Assembly-CSharp,,MineNotifyPublisher,Start,100665211,0x13ca68,80
Assembly-CSharp,,MineNotifyPublisher,SetDisplayName,100665212,0x13cab8,100
Assembly-CSharp,,ReverseButton,.ctor,100665213,0x13cb1c,52
Assembly-CSharp,,ReverseButton,ApplyReverse,100665214,0x13cb50,140
Assembly-CSharp,,ReverseButton,OnButtonDown,100665215,0x13cbdc,56
Assembly-CSharp,,ReverseButton,OnButtonUp,100665216,0x13cc14,56
Assembly-CSharp,,ReverseButton,OnButtonHeld,100665217,0x13cc4c,56
Assembly-CSharp,,TouchTurnTrack,.ctor,100665218,0x13cc84,52
Assembly-CSharp,,UghHeldButton,.ctor,100665219,0x13ccb8,52
Assembly-CSharp,,UghHeldButton,get_isDown,100665220,0x13ccec,52
Assembly-CSharp,,UghHeldButton,set_isDown,100665221,0x13cd20,64
Assembly-CSharp,,UghHeldButton,SetButtonVisualState,100665222,0x13cd60,128
Assembly-CSharp,,UghHeldButton,Update,100665223,0x13cde0,592
Assembly-CSharp,,UghHeldButton,OnButtonDown,100665224,0x13d030,44
Assembly-CSharp,,UghHeldButton,OnButtonUp,100665225,0x13d05c,44
Assembly-CSharp,,UghHeldButton,OnButtonHeld,100665226,0x13d088,44
Assembly-CSharp,,PausePublisher,.ctor,100665227,0x13d0b4,52
Assembly-CSharp,,PausePublisher,Start,100665228,0x13d0e8,364
Assembly-CSharp,,PausePublisher,PressedResumeButton,100665229,0x13d254,64
Assembly-CSharp,,PausePublisher,PressedQuitButton,100665230,0x13d294,392
Assembly-CSharp,,PausePublisher,PressedRestartButton,100665231,0x13d41c,84
Assembly-CSharp,,PausePublisher,SetupMissionText,100665232,0x13d470,1944
Assembly-CSharp,,PausePublisher,OnDestroy,100665233,0x13dc08,76
Assembly-CSharp,,PreFrontEndHoop,.ctor,100665234,0x13dc54,52
Assembly-CSharp,,PreFrontEndHoop,Start,100665235,0x13dc88,64
Assembly-CSharp,,MissionDialogPublisher,.ctor,100665236,0x13dcc8,396
Assembly-CSharp,,MissionDialogPublisher,Start,100665237,0x13de54,560
Assembly-CSharp,,MissionDialogPublisher,PressedTab,100665238,0x13e084,84
Assembly-CSharp,,MissionDialogPublisher,FixedUpdate,100665239,0x13e0d8,420
Assembly-CSharp,,MissionDialogPublisher,SetRollState,100665240,0x13e27c,116
Assembly-CSharp,,MissionDialogPublisher,Update,100665241,0x13e2f0,104
Assembly-CSharp,,RaceResultsPublisher,.ctor,100665242,0x13e358,60
Assembly-CSharp,,RaceResultsPublisher,AnimateScreenCoroutine,100665243,0x13e394,88
Assembly-CSharp,,RaceResultsPublisher,CheckForRewindTutorial,100665244,0x13e3ec,88
Assembly-CSharp,,RaceResultsPublisher,AnimatePlaceResultsCoroutine,100665245,0x13e444,88
Assembly-CSharp,,RaceResultsPublisher,AnimateCoinsCoroutine,100665246,0x13e49c,88
Assembly-CSharp,,RaceResultsPublisher,FillRank,100665247,0x13e4f4,920
Assembly-CSharp,,RaceResultsPublisher,FillRanks,100665248,0x13e88c,2940
Assembly-CSharp,,RaceResultsPublisher,Start,100665249,0x13f408,620
Assembly-CSharp,,RaceResultsPublisher,PressedRewind,100665250,0x13f674,188
Assembly-CSharp,,RaceResultsPublisher,PressedDone,100665251,0x13f730,704
Assembly-CSharp,,RaceResultsPublisher,PressedRetry,100665252,0x13f9f0,156
Assembly-CSharp,,RaceResultsPublisher,NeedMoreCoins,100665253,0x13fa8c,848
Assembly-CSharp,,CharacterIcon,.ctor,100665254,0x13fddc,44
Assembly-CSharp,,RewindDialogPublisher,.ctor,100665255,0x13fe08,52
Assembly-CSharp,,RewindDialogPublisher,get_RewindCost,100665256,0x13fe3c,40
Assembly-CSharp,,RewindDialogPublisher,Start,100665257,0x13fe64,396
Assembly-CSharp,,RewindDialogPublisher,PressedExit,100665258,0x13fff0,100
Assembly-CSharp,,RewindDialogPublisher,PressedBuy,100665259,0x140054,404
Assembly-CSharp,,RewindDialogPublisher,MoneyCheck,100665260,0x1401e8,84
Assembly-CSharp,,RewindDialogPublisher,NeedMoreCoins,100665261,0x14023c,168
Assembly-CSharp,,RewindDialogPublisher,FinalizedRewind,100665262,0x1402e4,132
Assembly-CSharp,,RewindDialogPublisher,DestroyThis,100665263,0x140368,72
Assembly-CSharp,,RewindLapSlotPublisher,.ctor,100665264,0x1403b0,52
Assembly-CSharp,,RewindLapSlotPublisher,PressedRewind,100665265,0x1403e4,108
Assembly-CSharp,,ScreenFader,.ctor,100665266,0x140450,84
Assembly-CSharp,,ScreenFader,.cctor,100665267,0x1404a4,36
Assembly-CSharp,,ScreenFader,get_Instance,100665268,0x1404c8,248
Assembly-CSharp,,ScreenFader,CreateScreenFader,100665269,0x1405c0,296
Assembly-CSharp,,ScreenFader,Start,100665270,0x1406e8,684
Assembly-CSharp,,ScreenFader,Update,100665271,0x140994,132
Assembly-CSharp,,ScreenFader,LoadLevel,100665272,0x140a18,108
Assembly-CSharp,,ScreenFader,LoadLevel,100665273,0x140a84,84
Assembly-CSharp,,ScreenFader,FadeInHelper,100665274,0x140ad8,72
Assembly-CSharp,,ScreenFader,FadeOutHelper,100665275,0x140b20,72
Assembly-CSharp,,ScreenFader,FadeIn,100665276,0x140b68,96
Assembly-CSharp,,ScreenFader,FadeOut,100665277,0x140bc8,96
Assembly-CSharp,,ScreenFader,OnLevelWasLoaded,100665278,0x140c28,88
Assembly-CSharp,,ScreenTimeoutController,.ctor,100665279,0x140c80,52
Assembly-CSharp,,ScreenTimeoutController,.cctor,100665280,0x140cb4,36
Assembly-CSharp,,ScreenTimeoutController,Update,100665281,0x140cd8,320
Assembly-CSharp,,ScreenTimeoutController,OnDestroy,100665282,0x140e18,48
Assembly-CSharp,,ScreenTimeoutController,AllowSleep,100665283,0x140e48,84
Assembly-CSharp,,ScreenTimeoutController,SupressSleep,100665284,0x140e9c,152
Assembly-CSharp,,<AIEvaluationPump>c__Iterator0,.ctor,100665293,0x140f34,44
Assembly-CSharp,,<AIEvaluationPump>c__Iterator0,System.Collections.Generic.IEnumerator<object>.get_Current,100665294,0x140f60,52
Assembly-CSharp,,<AIEvaluationPump>c__Iterator0,System.Collections.IEnumerator.get_Current,100665295,0x140f94,52
Assembly-CSharp,,<AIEvaluationPump>c__Iterator0,MoveNext,100665296,0x140fc8,284
Assembly-CSharp,,<AIEvaluationPump>c__Iterator0,Dispose,100665297,0x1410e4,56
Assembly-CSharp,,<AIEvaluationPump>c__Iterator0,Reset,100665298,0x14111c,64
Assembly-CSharp,,<PowerupUseEvaluationCoroutinue>c__Iterator1,.ctor,100665299,0x14115c,44
Assembly-CSharp,,<PowerupUseEvaluationCoroutinue>c__Iterator1,System.Collections.Generic.IEnumerator<object>.get_Current,100665300,0x141188,52
Assembly-CSharp,,<PowerupUseEvaluationCoroutinue>c__Iterator1,System.Collections.IEnumerator.get_Current,100665301,0x1411bc,52
Assembly-CSharp,,<PowerupUseEvaluationCoroutinue>c__Iterator1,MoveNext,100665302,0x1411f0,468
Assembly-CSharp,,<PowerupUseEvaluationCoroutinue>c__Iterator1,Dispose,100665303,0x1413c4,56
Assembly-CSharp,,<PowerupUseEvaluationCoroutinue>c__Iterator1,Reset,100665304,0x1413fc,64
Assembly-CSharp,,<AggressionTherapyCoroutine>c__Iterator2,.ctor,100665305,0x14143c,44
Assembly-CSharp,,<AggressionTherapyCoroutine>c__Iterator2,System.Collections.Generic.IEnumerator<object>.get_Current,100665306,0x141468,52
Assembly-CSharp,,<AggressionTherapyCoroutine>c__Iterator2,System.Collections.IEnumerator.get_Current,100665307,0x14149c,52
Assembly-CSharp,,<AggressionTherapyCoroutine>c__Iterator2,MoveNext,100665308,0x1414d0,532
Assembly-CSharp,,<AggressionTherapyCoroutine>c__Iterator2,Dispose,100665309,0x1416e4,56
Assembly-CSharp,,<AggressionTherapyCoroutine>c__Iterator2,Reset,100665310,0x14171c,64
Assembly-CSharp,,<ArmMine>c__Iterator3,.ctor,100665311,0x14175c,44
Assembly-CSharp,,<ArmMine>c__Iterator3,System.Collections.Generic.IEnumerator<object>.get_Current,100665312,0x141788,52
Assembly-CSharp,,<ArmMine>c__Iterator3,System.Collections.IEnumerator.get_Current,100665313,0x1417bc,52
Assembly-CSharp,,<ArmMine>c__Iterator3,MoveNext,100665314,0x1417f0,264
Assembly-CSharp,,<ArmMine>c__Iterator3,Dispose,100665315,0x1418f8,56
Assembly-CSharp,,<ArmMine>c__Iterator3,Reset,100665316,0x141930,64
Assembly-CSharp,,<RotateCoroutine>c__Iterator4,.ctor,100665317,0x141970,44
Assembly-CSharp,,<RotateCoroutine>c__Iterator4,System.Collections.Generic.IEnumerator<object>.get_Current,100665318,0x14199c,52
Assembly-CSharp,,<RotateCoroutine>c__Iterator4,System.Collections.IEnumerator.get_Current,100665319,0x1419d0,52
Assembly-CSharp,,<RotateCoroutine>c__Iterator4,MoveNext,100665320,0x141a04,388
Assembly-CSharp,,<RotateCoroutine>c__Iterator4,Dispose,100665321,0x141b88,56
Assembly-CSharp,,<RotateCoroutine>c__Iterator4,Reset,100665322,0x141bc0,64
Assembly-CSharp,,<PowerupUseCheckPump>c__Iterator5,.ctor,100665323,0x141c00,44
Assembly-CSharp,,<PowerupUseCheckPump>c__Iterator5,System.Collections.Generic.IEnumerator<object>.get_Current,100665324,0x141c2c,52
Assembly-CSharp,,<PowerupUseCheckPump>c__Iterator5,System.Collections.IEnumerator.get_Current,100665325,0x141c60,52
Assembly-CSharp,,<PowerupUseCheckPump>c__Iterator5,MoveNext,100665326,0x141c94,224
Assembly-CSharp,,<PowerupUseCheckPump>c__Iterator5,Dispose,100665327,0x141d74,56
Assembly-CSharp,,<PowerupUseCheckPump>c__Iterator5,Reset,100665328,0x141dac,64
Assembly-CSharp,,<CheckCoinBalanceCoroutine>c__Iterator6,.ctor,100665329,0x141dec,44
Assembly-CSharp,,<CheckCoinBalanceCoroutine>c__Iterator6,System.Collections.Generic.IEnumerator<object>.get_Current,100665330,0x141e18,52
Assembly-CSharp,,<CheckCoinBalanceCoroutine>c__Iterator6,System.Collections.IEnumerator.get_Current,100665331,0x141e4c,52
Assembly-CSharp,,<CheckCoinBalanceCoroutine>c__Iterator6,MoveNext,100665332,0x141e80,244
Assembly-CSharp,,<CheckCoinBalanceCoroutine>c__Iterator6,Dispose,100665333,0x141f74,56
Assembly-CSharp,,<CheckCoinBalanceCoroutine>c__Iterator6,Reset,100665334,0x141fac,64
Assembly-CSharp,,<CheckAllMissionsCoroutine>c__Iterator7,.ctor,100665335,0x141fec,44
Assembly-CSharp,,<CheckAllMissionsCoroutine>c__Iterator7,System.Collections.Generic.IEnumerator<object>.get_Current,100665336,0x142018,52
Assembly-CSharp,,<CheckAllMissionsCoroutine>c__Iterator7,System.Collections.IEnumerator.get_Current,100665337,0x14204c,52
Assembly-CSharp,,<CheckAllMissionsCoroutine>c__Iterator7,MoveNext,100665338,0x142080,824
Assembly-CSharp,,<CheckAllMissionsCoroutine>c__Iterator7,Dispose,100665339,0x1423b8,56
Assembly-CSharp,,<CheckAllMissionsCoroutine>c__Iterator7,Reset,100665340,0x1423f0,64
Assembly-CSharp,,<CheckPaintJobs>c__Iterator8,.ctor,100665341,0x142430,44
Assembly-CSharp,,<CheckPaintJobs>c__Iterator8,System.Collections.Generic.IEnumerator<object>.get_Current,100665342,0x14245c,52
Assembly-CSharp,,<CheckPaintJobs>c__Iterator8,System.Collections.IEnumerator.get_Current,100665343,0x142490,52
Assembly-CSharp,,<CheckPaintJobs>c__Iterator8,MoveNext,100665344,0x1424c4,516
Assembly-CSharp,,<CheckPaintJobs>c__Iterator8,Dispose,100665345,0x1426c8,56
Assembly-CSharp,,<CheckPaintJobs>c__Iterator8,Reset,100665346,0x142700,64
Assembly-CSharp,,<CheckCartSet>c__Iterator9,.ctor,100665347,0x142740,44
Assembly-CSharp,,<CheckCartSet>c__Iterator9,System.Collections.Generic.IEnumerator<object>.get_Current,100665348,0x14276c,52
Assembly-CSharp,,<CheckCartSet>c__Iterator9,System.Collections.IEnumerator.get_Current,100665349,0x1427a0,52
Assembly-CSharp,,<CheckCartSet>c__Iterator9,MoveNext,100665350,0x1427d4,464
Assembly-CSharp,,<CheckCartSet>c__Iterator9,Dispose,100665351,0x1429a4,56
Assembly-CSharp,,<CheckCartSet>c__Iterator9,Reset,100665352,0x1429dc,64
Assembly-CSharp,,<CheckMetricsPump>c__IteratorA,.ctor,100665353,0x142a1c,44
Assembly-CSharp,,<CheckMetricsPump>c__IteratorA,System.Collections.Generic.IEnumerator<object>.get_Current,100665354,0x142a48,52
Assembly-CSharp,,<CheckMetricsPump>c__IteratorA,System.Collections.IEnumerator.get_Current,100665355,0x142a7c,52
Assembly-CSharp,,<CheckMetricsPump>c__IteratorA,MoveNext,100665356,0x142ab0,224
Assembly-CSharp,,<CheckMetricsPump>c__IteratorA,Dispose,100665357,0x142b90,56
Assembly-CSharp,,<CheckMetricsPump>c__IteratorA,Reset,100665358,0x142bc8,64
Assembly-CSharp,,<CheckMaxSpeedCoroutine>c__IteratorB,.ctor,100665359,0x142c08,44
Assembly-CSharp,,<CheckMaxSpeedCoroutine>c__IteratorB,System.Collections.Generic.IEnumerator<object>.get_Current,100665360,0x142c34,52
Assembly-CSharp,,<CheckMaxSpeedCoroutine>c__IteratorB,System.Collections.IEnumerator.get_Current,100665361,0x142c68,52
Assembly-CSharp,,<CheckMaxSpeedCoroutine>c__IteratorB,MoveNext,100665362,0x142c9c,324
Assembly-CSharp,,<CheckMaxSpeedCoroutine>c__IteratorB,Dispose,100665363,0x142de0,56
Assembly-CSharp,,<CheckMaxSpeedCoroutine>c__IteratorB,Reset,100665364,0x142e18,64
Assembly-CSharp,,<CheckMetricsPump>c__IteratorC,.ctor,100665365,0x142e58,44
Assembly-CSharp,,<CheckMetricsPump>c__IteratorC,System.Collections.Generic.IEnumerator<object>.get_Current,100665366,0x142e84,52
Assembly-CSharp,,<CheckMetricsPump>c__IteratorC,System.Collections.IEnumerator.get_Current,100665367,0x142eb8,52
Assembly-CSharp,,<CheckMetricsPump>c__IteratorC,MoveNext,100665368,0x142eec,224
Assembly-CSharp,,<CheckMetricsPump>c__IteratorC,Dispose,100665369,0x142fcc,56
Assembly-CSharp,,<CheckMetricsPump>c__IteratorC,Reset,100665370,0x143004,64
Assembly-CSharp,,<CheckAirTimeCoroutine>c__IteratorD,.ctor,100665371,0x143044,44
Assembly-CSharp,,<CheckAirTimeCoroutine>c__IteratorD,System.Collections.Generic.IEnumerator<object>.get_Current,100665372,0x143070,52
Assembly-CSharp,,<CheckAirTimeCoroutine>c__IteratorD,System.Collections.IEnumerator.get_Current,100665373,0x1430a4,52
Assembly-CSharp,,<CheckAirTimeCoroutine>c__IteratorD,MoveNext,100665374,0x1430d8,296
Assembly-CSharp,,<CheckAirTimeCoroutine>c__IteratorD,Dispose,100665375,0x143200,56
Assembly-CSharp,,<CheckAirTimeCoroutine>c__IteratorD,Reset,100665376,0x143238,64
Assembly-CSharp,,<CheckMetricsPump>c__IteratorE,.ctor,100665377,0x143278,44
Assembly-CSharp,,<CheckMetricsPump>c__IteratorE,System.Collections.Generic.IEnumerator<object>.get_Current,100665378,0x1432a4,52
Assembly-CSharp,,<CheckMetricsPump>c__IteratorE,System.Collections.IEnumerator.get_Current,100665379,0x1432d8,52
Assembly-CSharp,,<CheckMetricsPump>c__IteratorE,MoveNext,100665380,0x14330c,224
Assembly-CSharp,,<CheckMetricsPump>c__IteratorE,Dispose,100665381,0x1433ec,56
Assembly-CSharp,,<CheckMetricsPump>c__IteratorE,Reset,100665382,0x143424,64
Assembly-CSharp,,<CheckMetricsPump>c__IteratorF,.ctor,100665383,0x143464,44
Assembly-CSharp,,<CheckMetricsPump>c__IteratorF,System.Collections.Generic.IEnumerator<object>.get_Current,100665384,0x143490,52
Assembly-CSharp,,<CheckMetricsPump>c__IteratorF,System.Collections.IEnumerator.get_Current,100665385,0x1434c4,52
Assembly-CSharp,,<CheckMetricsPump>c__IteratorF,MoveNext,100665386,0x1434f8,224
Assembly-CSharp,,<CheckMetricsPump>c__IteratorF,Dispose,100665387,0x1435d8,56
Assembly-CSharp,,<CheckMetricsPump>c__IteratorF,Reset,100665388,0x143610,64
Assembly-CSharp,,<CheckMaxCrashSpeedCoroutine>c__Iterator10,.ctor,100665389,0x143650,44
Assembly-CSharp,,<CheckMaxCrashSpeedCoroutine>c__Iterator10,System.Collections.Generic.IEnumerator<object>.get_Current,100665390,0x14367c,52
Assembly-CSharp,,<CheckMaxCrashSpeedCoroutine>c__Iterator10,System.Collections.IEnumerator.get_Current,100665391,0x1436b0,52
Assembly-CSharp,,<CheckMaxCrashSpeedCoroutine>c__Iterator10,MoveNext,100665392,0x1436e4,400
Assembly-CSharp,,<CheckMaxCrashSpeedCoroutine>c__Iterator10,Dispose,100665393,0x143874,56
Assembly-CSharp,,<CheckMaxCrashSpeedCoroutine>c__Iterator10,Reset,100665394,0x1438ac,64
Assembly-CSharp,,<CheckCompletionCoroutine>c__Iterator11,.ctor,100665395,0x1438ec,44
Assembly-CSharp,,<CheckCompletionCoroutine>c__Iterator11,System.Collections.Generic.IEnumerator<object>.get_Current,100665396,0x143918,52
Assembly-CSharp,,<CheckCompletionCoroutine>c__Iterator11,System.Collections.IEnumerator.get_Current,100665397,0x14394c,52
Assembly-CSharp,,<CheckCompletionCoroutine>c__Iterator11,MoveNext,100665398,0x143980,372
Assembly-CSharp,,<CheckCompletionCoroutine>c__Iterator11,Dispose,100665399,0x143af4,56
Assembly-CSharp,,<CheckCompletionCoroutine>c__Iterator11,Reset,100665400,0x143b2c,64
Assembly-CSharp,,<CheckMetricsPump>c__Iterator12,.ctor,100665401,0x143b6c,44
Assembly-CSharp,,<CheckMetricsPump>c__Iterator12,System.Collections.Generic.IEnumerator<object>.get_Current,100665402,0x143b98,52
Assembly-CSharp,,<CheckMetricsPump>c__Iterator12,System.Collections.IEnumerator.get_Current,100665403,0x143bcc,52
Assembly-CSharp,,<CheckMetricsPump>c__Iterator12,MoveNext,100665404,0x143c00,224
Assembly-CSharp,,<CheckMetricsPump>c__Iterator12,Dispose,100665405,0x143ce0,56
Assembly-CSharp,,<CheckMetricsPump>c__Iterator12,Reset,100665406,0x143d18,64
Assembly-CSharp,,<CheckMetricsPump>c__Iterator13,.ctor,100665407,0x143d58,44
Assembly-CSharp,,<CheckMetricsPump>c__Iterator13,System.Collections.Generic.IEnumerator<object>.get_Current,100665408,0x143d84,52
Assembly-CSharp,,<CheckMetricsPump>c__Iterator13,System.Collections.IEnumerator.get_Current,100665409,0x143db8,52
Assembly-CSharp,,<CheckMetricsPump>c__Iterator13,MoveNext,100665410,0x143dec,224
Assembly-CSharp,,<CheckMetricsPump>c__Iterator13,Dispose,100665411,0x143ecc,56
Assembly-CSharp,,<CheckMetricsPump>c__Iterator13,Reset,100665412,0x143f04,64
Assembly-CSharp,,<CheckMetricsPump>c__Iterator14,.ctor,100665413,0x143f44,44
Assembly-CSharp,,<CheckMetricsPump>c__Iterator14,System.Collections.Generic.IEnumerator<object>.get_Current,100665414,0x143f70,52
Assembly-CSharp,,<CheckMetricsPump>c__Iterator14,System.Collections.IEnumerator.get_Current,100665415,0x143fa4,52
Assembly-CSharp,,<CheckMetricsPump>c__Iterator14,MoveNext,100665416,0x143fd8,224
Assembly-CSharp,,<CheckMetricsPump>c__Iterator14,Dispose,100665417,0x1440b8,56
Assembly-CSharp,,<CheckMetricsPump>c__Iterator14,Reset,100665418,0x1440f0,64
Assembly-CSharp,,<CheckSpentCoinsCoroutine>c__Iterator15,.ctor,100665419,0x144130,44
Assembly-CSharp,,<CheckSpentCoinsCoroutine>c__Iterator15,System.Collections.Generic.IEnumerator<object>.get_Current,100665420,0x14415c,52
Assembly-CSharp,,<CheckSpentCoinsCoroutine>c__Iterator15,System.Collections.IEnumerator.get_Current,100665421,0x144190,52
Assembly-CSharp,,<CheckSpentCoinsCoroutine>c__Iterator15,MoveNext,100665422,0x1441c4,304
Assembly-CSharp,,<CheckSpentCoinsCoroutine>c__Iterator15,Dispose,100665423,0x1442f4,56
Assembly-CSharp,,<CheckSpentCoinsCoroutine>c__Iterator15,Reset,100665424,0x14432c,64
Assembly-CSharp,,<CheckAirTimeCoroutine>c__Iterator16,.ctor,100665425,0x14436c,44
Assembly-CSharp,,<CheckAirTimeCoroutine>c__Iterator16,System.Collections.Generic.IEnumerator<object>.get_Current,100665426,0x144398,52
Assembly-CSharp,,<CheckAirTimeCoroutine>c__Iterator16,System.Collections.IEnumerator.get_Current,100665427,0x1443cc,52
Assembly-CSharp,,<CheckAirTimeCoroutine>c__Iterator16,MoveNext,100665428,0x144400,324
Assembly-CSharp,,<CheckAirTimeCoroutine>c__Iterator16,Dispose,100665429,0x144544,56
Assembly-CSharp,,<CheckAirTimeCoroutine>c__Iterator16,Reset,100665430,0x14457c,64
Assembly-CSharp,,<CheckUnlocks>c__Iterator17,.ctor,100665431,0x1445bc,44
Assembly-CSharp,,<CheckUnlocks>c__Iterator17,System.Collections.Generic.IEnumerator<object>.get_Current,100665432,0x1445e8,52
Assembly-CSharp,,<CheckUnlocks>c__Iterator17,System.Collections.IEnumerator.get_Current,100665433,0x14461c,52
Assembly-CSharp,,<CheckUnlocks>c__Iterator17,MoveNext,100665434,0x144650,224
Assembly-CSharp,,<CheckUnlocks>c__Iterator17,Dispose,100665435,0x144730,56
Assembly-CSharp,,<CheckUnlocks>c__Iterator17,Reset,100665436,0x144768,64
Assembly-CSharp,,<PowerupUseCheckPump>c__Iterator18,.ctor,100665437,0x1447a8,44
Assembly-CSharp,,<PowerupUseCheckPump>c__Iterator18,System.Collections.Generic.IEnumerator<object>.get_Current,100665438,0x1447d4,52
Assembly-CSharp,,<PowerupUseCheckPump>c__Iterator18,System.Collections.IEnumerator.get_Current,100665439,0x144808,52
Assembly-CSharp,,<PowerupUseCheckPump>c__Iterator18,MoveNext,100665440,0x14483c,224
Assembly-CSharp,,<PowerupUseCheckPump>c__Iterator18,Dispose,100665441,0x14491c,56
Assembly-CSharp,,<PowerupUseCheckPump>c__Iterator18,Reset,100665442,0x144954,64
Assembly-CSharp,,<CheckMetricsPump>c__Iterator19,.ctor,100665443,0x144994,44
Assembly-CSharp,,<CheckMetricsPump>c__Iterator19,System.Collections.Generic.IEnumerator<object>.get_Current,100665444,0x1449c0,52
Assembly-CSharp,,<CheckMetricsPump>c__Iterator19,System.Collections.IEnumerator.get_Current,100665445,0x1449f4,52
Assembly-CSharp,,<CheckMetricsPump>c__Iterator19,MoveNext,100665446,0x144a28,224
Assembly-CSharp,,<CheckMetricsPump>c__Iterator19,Dispose,100665447,0x144b08,56
Assembly-CSharp,,<CheckMetricsPump>c__Iterator19,Reset,100665448,0x144b40,64
Assembly-CSharp,,<UpdateTexture>c__Iterator1A,.ctor,100665449,0x144b80,44
Assembly-CSharp,,<UpdateTexture>c__Iterator1A,System.Collections.Generic.IEnumerator<object>.get_Current,100665450,0x144bac,52
Assembly-CSharp,,<UpdateTexture>c__Iterator1A,System.Collections.IEnumerator.get_Current,100665451,0x144be0,52
Assembly-CSharp,,<UpdateTexture>c__Iterator1A,MoveNext,100665452,0x144c14,688
Assembly-CSharp,,<UpdateTexture>c__Iterator1A,Dispose,100665453,0x144ec4,56
Assembly-CSharp,,<UpdateTexture>c__Iterator1A,Reset,100665454,0x144efc,64
Assembly-CSharp,,<CrossFadeToNewAnimation>c__Iterator1B,.ctor,100665455,0x144f3c,44
Assembly-CSharp,,<CrossFadeToNewAnimation>c__Iterator1B,System.Collections.Generic.IEnumerator<object>.get_Current,100665456,0x144f68,52
Assembly-CSharp,,<CrossFadeToNewAnimation>c__Iterator1B,System.Collections.IEnumerator.get_Current,100665457,0x144f9c,52
Assembly-CSharp,,<CrossFadeToNewAnimation>c__Iterator1B,MoveNext,100665458,0x144fd0,660
Assembly-CSharp,,<CrossFadeToNewAnimation>c__Iterator1B,Dispose,100665459,0x145264,56
Assembly-CSharp,,<CrossFadeToNewAnimation>c__Iterator1B,Reset,100665460,0x14529c,64
Assembly-CSharp,,<CarUpdatePump>c__Iterator1C,.ctor,100665461,0x1452dc,44
Assembly-CSharp,,<CarUpdatePump>c__Iterator1C,System.Collections.Generic.IEnumerator<object>.get_Current,100665462,0x145308,52
Assembly-CSharp,,<CarUpdatePump>c__Iterator1C,System.Collections.IEnumerator.get_Current,100665463,0x14533c,52
Assembly-CSharp,,<CarUpdatePump>c__Iterator1C,MoveNext,100665464,0x145370,428
Assembly-CSharp,,<CarUpdatePump>c__Iterator1C,Dispose,100665465,0x14551c,56
Assembly-CSharp,,<CarUpdatePump>c__Iterator1C,Reset,100665466,0x145554,64
Assembly-CSharp,,<LoadWebConfig>c__Iterator1D,.ctor,100665467,0x145594,44
Assembly-CSharp,,<LoadWebConfig>c__Iterator1D,System.Collections.Generic.IEnumerator<object>.get_Current,100665468,0x1455c0,52
Assembly-CSharp,,<LoadWebConfig>c__Iterator1D,System.Collections.IEnumerator.get_Current,100665469,0x1455f4,52
Assembly-CSharp,,<LoadWebConfig>c__Iterator1D,MoveNext,100665470,0x145628,260
Assembly-CSharp,,<LoadWebConfig>c__Iterator1D,Dispose,100665471,0x14572c,56
Assembly-CSharp,,<LoadWebConfig>c__Iterator1D,Reset,100665472,0x145764,64
Assembly-CSharp,,<GenerateCompositeTextureAsync>c__Iterator1E,.ctor,100665473,0x1457a4,44
Assembly-CSharp,,<GenerateCompositeTextureAsync>c__Iterator1E,System.Collections.Generic.IEnumerator<object>.get_Current,100665474,0x1457d0,52
Assembly-CSharp,,<GenerateCompositeTextureAsync>c__Iterator1E,System.Collections.IEnumerator.get_Current,100665475,0x145804,52
Assembly-CSharp,,<GenerateCompositeTextureAsync>c__Iterator1E,MoveNext,100665476,0x145838,748
Assembly-CSharp,,<GenerateCompositeTextureAsync>c__Iterator1E,Dispose,100665477,0x145b24,56
Assembly-CSharp,,<GenerateCompositeTextureAsync>c__Iterator1E,Reset,100665478,0x145b5c,64
Assembly-CSharp,,<ModifyPartCostsCoroutine>c__Iterator1F,.ctor,100665479,0x145b9c,44
Assembly-CSharp,,<ModifyPartCostsCoroutine>c__Iterator1F,System.Collections.Generic.IEnumerator<object>.get_Current,100665480,0x145bc8,52
Assembly-CSharp,,<ModifyPartCostsCoroutine>c__Iterator1F,System.Collections.IEnumerator.get_Current,100665481,0x145bfc,52
Assembly-CSharp,,<ModifyPartCostsCoroutine>c__Iterator1F,MoveNext,100665482,0x145c30,260
Assembly-CSharp,,<ModifyPartCostsCoroutine>c__Iterator1F,Dispose,100665483,0x145d34,56
Assembly-CSharp,,<ModifyPartCostsCoroutine>c__Iterator1F,Reset,100665484,0x145d6c,64
Assembly-CSharp,,<ConstructCart>c__Iterator20,.ctor,100665485,0x145dac,44
Assembly-CSharp,,<ConstructCart>c__Iterator20,System.Collections.Generic.IEnumerator<object>.get_Current,100665486,0x145dd8,52
Assembly-CSharp,,<ConstructCart>c__Iterator20,System.Collections.IEnumerator.get_Current,100665487,0x145e0c,52
Assembly-CSharp,,<ConstructCart>c__Iterator20,MoveNext,100665488,0x145e40,5672
Assembly-CSharp,,<ConstructCart>c__Iterator20,Dispose,100665489,0x147468,268
Assembly-CSharp,,<ConstructCart>c__Iterator20,Reset,100665490,0x147574,64
Assembly-CSharp,,<StartStorePurchase>c__Iterator21,.ctor,100665491,0x1475b4,44
Assembly-CSharp,,<StartStorePurchase>c__Iterator21,System.Collections.Generic.IEnumerator<object>.get_Current,100665492,0x1475e0,52
Assembly-CSharp,,<StartStorePurchase>c__Iterator21,System.Collections.IEnumerator.get_Current,100665493,0x147614,52
Assembly-CSharp,,<StartStorePurchase>c__Iterator21,MoveNext,100665494,0x147648,532
Assembly-CSharp,,<StartStorePurchase>c__Iterator21,Dispose,100665495,0x14785c,56
Assembly-CSharp,,<StartStorePurchase>c__Iterator21,Reset,100665496,0x147894,64
Assembly-CSharp,,<FinalizePurchase>c__Iterator22,.ctor,100665497,0x1478d4,44
Assembly-CSharp,,<FinalizePurchase>c__Iterator22,System.Collections.Generic.IEnumerator<object>.get_Current,100665498,0x147900,52
Assembly-CSharp,,<FinalizePurchase>c__Iterator22,System.Collections.IEnumerator.get_Current,100665499,0x147934,52
Assembly-CSharp,,<FinalizePurchase>c__Iterator22,MoveNext,100665500,0x147968,1600
Assembly-CSharp,,<FinalizePurchase>c__Iterator22,Dispose,100665501,0x147fa8,56
Assembly-CSharp,,<FinalizePurchase>c__Iterator22,Reset,100665502,0x147fe0,64
Assembly-CSharp,,<WaitForNextMission>c__Iterator23,.ctor,100665503,0x148020,44
Assembly-CSharp,,<WaitForNextMission>c__Iterator23,System.Collections.Generic.IEnumerator<object>.get_Current,100665504,0x14804c,52
Assembly-CSharp,,<WaitForNextMission>c__Iterator23,System.Collections.IEnumerator.get_Current,100665505,0x148080,52
Assembly-CSharp,,<WaitForNextMission>c__Iterator23,MoveNext,100665506,0x1480b4,432
Assembly-CSharp,,<WaitForNextMission>c__Iterator23,Dispose,100665507,0x148264,56
Assembly-CSharp,,<WaitForNextMission>c__Iterator23,Reset,100665508,0x14829c,64
Assembly-CSharp,,<ExplosionDeath>c__Iterator24,.ctor,100665509,0x1482dc,44
Assembly-CSharp,,<ExplosionDeath>c__Iterator24,System.Collections.Generic.IEnumerator<object>.get_Current,100665510,0x148308,52
Assembly-CSharp,,<ExplosionDeath>c__Iterator24,System.Collections.IEnumerator.get_Current,100665511,0x14833c,52
Assembly-CSharp,,<ExplosionDeath>c__Iterator24,MoveNext,100665512,0x148370,208
Assembly-CSharp,,<ExplosionDeath>c__Iterator24,Dispose,100665513,0x148440,56
Assembly-CSharp,,<ExplosionDeath>c__Iterator24,Reset,100665514,0x148478,64
Assembly-CSharp,,<RestoreVolumeAfterSound>c__Iterator25,.ctor,100665515,0x1484b8,44
Assembly-CSharp,,<RestoreVolumeAfterSound>c__Iterator25,System.Collections.Generic.IEnumerator<object>.get_Current,100665516,0x1484e4,52
Assembly-CSharp,,<RestoreVolumeAfterSound>c__Iterator25,System.Collections.IEnumerator.get_Current,100665517,0x148518,52
Assembly-CSharp,,<RestoreVolumeAfterSound>c__Iterator25,MoveNext,100665518,0x14854c,172
Assembly-CSharp,,<RestoreVolumeAfterSound>c__Iterator25,Dispose,100665519,0x1485f8,56
Assembly-CSharp,,<RestoreVolumeAfterSound>c__Iterator25,Reset,100665520,0x148630,64
Assembly-CSharp,,<Recycle>c__Iterator26,.ctor,100665521,0x148670,44
Assembly-CSharp,,<Recycle>c__Iterator26,System.Collections.Generic.IEnumerator<object>.get_Current,100665522,0x14869c,52
Assembly-CSharp,,<Recycle>c__Iterator26,System.Collections.IEnumerator.get_Current,100665523,0x1486d0,52
Assembly-CSharp,,<Recycle>c__Iterator26,MoveNext,100665524,0x148704,220
Assembly-CSharp,,<Recycle>c__Iterator26,Dispose,100665525,0x1487e0,56
Assembly-CSharp,,<Recycle>c__Iterator26,Reset,100665526,0x148818,64
Assembly-CSharp,,<Start>c__Iterator27,.ctor,100665527,0x148858,44
Assembly-CSharp,,<Start>c__Iterator27,System.Collections.Generic.IEnumerator<object>.get_Current,100665528,0x148884,52
Assembly-CSharp,,<Start>c__Iterator27,System.Collections.IEnumerator.get_Current,100665529,0x1488b8,52
Assembly-CSharp,,<Start>c__Iterator27,MoveNext,100665530,0x1488ec,492
Assembly-CSharp,,<Start>c__Iterator27,Dispose,100665531,0x148ad8,56
Assembly-CSharp,,<Start>c__Iterator27,Reset,100665532,0x148b10,64
Assembly-CSharp,,<UpdateCausticsCoroutine>c__Iterator28,.ctor,100665533,0x148b50,44
Assembly-CSharp,,<UpdateCausticsCoroutine>c__Iterator28,System.Collections.Generic.IEnumerator<object>.get_Current,100665534,0x148b7c,52
Assembly-CSharp,,<UpdateCausticsCoroutine>c__Iterator28,System.Collections.IEnumerator.get_Current,100665535,0x148bb0,52
Assembly-CSharp,,<UpdateCausticsCoroutine>c__Iterator28,MoveNext,100665536,0x148be4,392
Assembly-CSharp,,<UpdateCausticsCoroutine>c__Iterator28,Dispose,100665537,0x148d6c,56
Assembly-CSharp,,<UpdateCausticsCoroutine>c__Iterator28,Reset,100665538,0x148da4,64
Assembly-CSharp,,<Fader>c__Iterator29,.ctor,100665539,0x148de4,44
Assembly-CSharp,,<Fader>c__Iterator29,System.Collections.Generic.IEnumerator<object>.get_Current,100665540,0x148e10,52
Assembly-CSharp,,<Fader>c__Iterator29,System.Collections.IEnumerator.get_Current,100665541,0x148e44,52
Assembly-CSharp,,<Fader>c__Iterator29,MoveNext,100665542,0x148e78,4580
Assembly-CSharp,,<Fader>c__Iterator29,Dispose,100665543,0x14a05c,56
Assembly-CSharp,,<Fader>c__Iterator29,Reset,100665544,0x14a094,64
Assembly-CSharp,,<Fader>c__Iterator29,<>m__A,100665545,0x14a0d4,92
Assembly-CSharp,,<Fader>c__Iterator29,<>m__B,100665546,0x14a130,88
Assembly-CSharp,,<Fader>c__Iterator29,<>m__C,100665547,0x14a188,92
Assembly-CSharp,,<Fader>c__Iterator29,<>m__D,100665548,0x14a1e4,92
Assembly-CSharp,,<Start>c__Iterator2A,.ctor,100665549,0x14a240,44
Assembly-CSharp,,<Start>c__Iterator2A,System.Collections.Generic.IEnumerator<object>.get_Current,100665550,0x14a26c,52
Assembly-CSharp,,<Start>c__Iterator2A,System.Collections.IEnumerator.get_Current,100665551,0x14a2a0,52
Assembly-CSharp,,<Start>c__Iterator2A,MoveNext,100665552,0x14a2d4,832
Assembly-CSharp,,<Start>c__Iterator2A,Dispose,100665553,0x14a614,56
Assembly-CSharp,,<Start>c__Iterator2A,Reset,100665554,0x14a64c,64
Assembly-CSharp,,<FadeOutHelper>c__Iterator2B,.ctor,100665555,0x14a68c,44
Assembly-CSharp,,<FadeOutHelper>c__Iterator2B,System.Collections.Generic.IEnumerator<object>.get_Current,100665556,0x14a6b8,52
Assembly-CSharp,,<FadeOutHelper>c__Iterator2B,System.Collections.IEnumerator.get_Current,100665557,0x14a6ec,52
Assembly-CSharp,,<FadeOutHelper>c__Iterator2B,MoveNext,100665558,0x14a720,832
Assembly-CSharp,,<FadeOutHelper>c__Iterator2B,Dispose,100665559,0x14aa60,56
Assembly-CSharp,,<FadeOutHelper>c__Iterator2B,Reset,100665560,0x14aa98,64
Assembly-CSharp,,<Start>c__Iterator2C,.ctor,100665561,0x14aad8,44
Assembly-CSharp,,<Start>c__Iterator2C,System.Collections.Generic.IEnumerator<object>.get_Current,100665562,0x14ab04,52
Assembly-CSharp,,<Start>c__Iterator2C,System.Collections.IEnumerator.get_Current,100665563,0x14ab38,52
Assembly-CSharp,,<Start>c__Iterator2C,MoveNext,100665564,0x14ab6c,392
Assembly-CSharp,,<Start>c__Iterator2C,Dispose,100665565,0x14acf4,56
Assembly-CSharp,,<Start>c__Iterator2C,Reset,100665566,0x14ad2c,64
Assembly-CSharp,,<FadeHelper>c__Iterator2D,.ctor,100665567,0x14ad6c,44
Assembly-CSharp,,<FadeHelper>c__Iterator2D,System.Collections.Generic.IEnumerator<object>.get_Current,100665568,0x14ad98,52
Assembly-CSharp,,<FadeHelper>c__Iterator2D,System.Collections.IEnumerator.get_Current,100665569,0x14adcc,52
Assembly-CSharp,,<FadeHelper>c__Iterator2D,MoveNext,100665570,0x14ae00,712
Assembly-CSharp,,<FadeHelper>c__Iterator2D,Dispose,100665571,0x14b0c8,56
Assembly-CSharp,,<FadeHelper>c__Iterator2D,Reset,100665572,0x14b100,64
Assembly-CSharp,,<Start>c__Iterator2E,.ctor,100665573,0x14b140,44
Assembly-CSharp,,<Start>c__Iterator2E,System.Collections.Generic.IEnumerator<object>.get_Current,100665574,0x14b16c,52
Assembly-CSharp,,<Start>c__Iterator2E,System.Collections.IEnumerator.get_Current,100665575,0x14b1a0,52
Assembly-CSharp,,<Start>c__Iterator2E,MoveNext,100665576,0x14b1d4,1700
Assembly-CSharp,,<Start>c__Iterator2E,Dispose,100665577,0x14b878,56
Assembly-CSharp,,<Start>c__Iterator2E,Reset,100665578,0x14b8b0,64
Assembly-CSharp,,<Shimmer>c__Iterator2F,.ctor,100665579,0x14b8f0,44
Assembly-CSharp,,<Shimmer>c__Iterator2F,System.Collections.Generic.IEnumerator<object>.get_Current,100665580,0x14b91c,52
Assembly-CSharp,,<Shimmer>c__Iterator2F,System.Collections.IEnumerator.get_Current,100665581,0x14b950,52
Assembly-CSharp,,<Shimmer>c__Iterator2F,MoveNext,100665582,0x14b984,252
Assembly-CSharp,,<Shimmer>c__Iterator2F,Dispose,100665583,0x14ba80,56
Assembly-CSharp,,<Shimmer>c__Iterator2F,Reset,100665584,0x14bab8,64
Assembly-CSharp,,<SpawnCheck>c__Iterator30,.ctor,100665585,0x14baf8,44
Assembly-CSharp,,<SpawnCheck>c__Iterator30,System.Collections.Generic.IEnumerator<object>.get_Current,100665586,0x14bb24,52
Assembly-CSharp,,<SpawnCheck>c__Iterator30,System.Collections.IEnumerator.get_Current,100665587,0x14bb58,52
Assembly-CSharp,,<SpawnCheck>c__Iterator30,MoveNext,100665588,0x14bb8c,304
Assembly-CSharp,,<SpawnCheck>c__Iterator30,Dispose,100665589,0x14bcbc,56
Assembly-CSharp,,<SpawnCheck>c__Iterator30,Reset,100665590,0x14bcf4,64
Assembly-CSharp,,<LoadPackageCoroutine>c__Iterator31,.ctor,100665591,0x14bd34,44
Assembly-CSharp,,<LoadPackageCoroutine>c__Iterator31,System.Collections.Generic.IEnumerator<object>.get_Current,100665592,0x14bd60,52
Assembly-CSharp,,<LoadPackageCoroutine>c__Iterator31,System.Collections.IEnumerator.get_Current,100665593,0x14bd94,52
Assembly-CSharp,,<LoadPackageCoroutine>c__Iterator31,MoveNext,100665594,0x14bdc8,732
Assembly-CSharp,,<LoadPackageCoroutine>c__Iterator31,Dispose,100665595,0x14c0a4,56
Assembly-CSharp,,<LoadPackageCoroutine>c__Iterator31,Reset,100665596,0x14c0dc,64
Assembly-CSharp,,<LoadAsset>c__Iterator32,.ctor,100665597,0x14c11c,44
Assembly-CSharp,,<LoadAsset>c__Iterator32,System.Collections.Generic.IEnumerator<object>.get_Current,100665598,0x14c148,52
Assembly-CSharp,,<LoadAsset>c__Iterator32,System.Collections.IEnumerator.get_Current,100665599,0x14c17c,52
Assembly-CSharp,,<LoadAsset>c__Iterator32,MoveNext,100665600,0x14c1b0,584
Assembly-CSharp,,<LoadAsset>c__Iterator32,Dispose,100665601,0x14c3f8,56
Assembly-CSharp,,<LoadAsset>c__Iterator32,Reset,100665602,0x14c430,64
Assembly-CSharp,,<LaunchPump>c__Iterator33,.ctor,100665603,0x14c470,44
Assembly-CSharp,,<LaunchPump>c__Iterator33,System.Collections.Generic.IEnumerator<object>.get_Current,100665604,0x14c49c,52
Assembly-CSharp,,<LaunchPump>c__Iterator33,System.Collections.IEnumerator.get_Current,100665605,0x14c4d0,52
Assembly-CSharp,,<LaunchPump>c__Iterator33,MoveNext,100665606,0x14c504,328
Assembly-CSharp,,<LaunchPump>c__Iterator33,Dispose,100665607,0x14c64c,56
Assembly-CSharp,,<LaunchPump>c__Iterator33,Reset,100665608,0x14c684,64
Assembly-CSharp,,<SpawnCheck>c__Iterator34,.ctor,100665609,0x14c6c4,44
Assembly-CSharp,,<SpawnCheck>c__Iterator34,System.Collections.Generic.IEnumerator<object>.get_Current,100665610,0x14c6f0,52
Assembly-CSharp,,<SpawnCheck>c__Iterator34,System.Collections.IEnumerator.get_Current,100665611,0x14c724,52
Assembly-CSharp,,<SpawnCheck>c__Iterator34,MoveNext,100665612,0x14c758,304
Assembly-CSharp,,<SpawnCheck>c__Iterator34,Dispose,100665613,0x14c888,56
Assembly-CSharp,,<SpawnCheck>c__Iterator34,Reset,100665614,0x14c8c0,64
Assembly-CSharp,,<RemoveBillboards>c__Iterator35,.ctor,100665615,0x14c900,44
Assembly-CSharp,,<RemoveBillboards>c__Iterator35,System.Collections.Generic.IEnumerator<object>.get_Current,100665616,0x14c92c,52
Assembly-CSharp,,<RemoveBillboards>c__Iterator35,System.Collections.IEnumerator.get_Current,100665617,0x14c960,52
Assembly-CSharp,,<RemoveBillboards>c__Iterator35,MoveNext,100665618,0x14c994,536
Assembly-CSharp,,<RemoveBillboards>c__Iterator35,Dispose,100665619,0x14cbac,56
Assembly-CSharp,,<RemoveBillboards>c__Iterator35,Reset,100665620,0x14cbe4,64
Assembly-CSharp,,<SleepRoutine>c__Iterator36,.ctor,100665621,0x14cc24,44
Assembly-CSharp,,<SleepRoutine>c__Iterator36,System.Collections.Generic.IEnumerator<object>.get_Current,100665622,0x14cc50,52
Assembly-CSharp,,<SleepRoutine>c__Iterator36,System.Collections.IEnumerator.get_Current,100665623,0x14cc84,52
Assembly-CSharp,,<SleepRoutine>c__Iterator36,MoveNext,100665624,0x14ccb8,248
Assembly-CSharp,,<SleepRoutine>c__Iterator36,Dispose,100665625,0x14cdb0,56
Assembly-CSharp,,<SleepRoutine>c__Iterator36,Reset,100665626,0x14cde8,64
Assembly-CSharp,,<LifeCountdown>c__Iterator37,.ctor,100665627,0x14ce28,44
Assembly-CSharp,,<LifeCountdown>c__Iterator37,System.Collections.Generic.IEnumerator<object>.get_Current,100665628,0x14ce54,52
Assembly-CSharp,,<LifeCountdown>c__Iterator37,System.Collections.IEnumerator.get_Current,100665629,0x14ce88,52
Assembly-CSharp,,<LifeCountdown>c__Iterator37,MoveNext,100665630,0x14cebc,260
Assembly-CSharp,,<LifeCountdown>c__Iterator37,Dispose,100665631,0x14cfc0,56
Assembly-CSharp,,<LifeCountdown>c__Iterator37,Reset,100665632,0x14cff8,64
Assembly-CSharp,,<Explode>c__Iterator38,.ctor,100665633,0x14d038,44
Assembly-CSharp,,<Explode>c__Iterator38,System.Collections.Generic.IEnumerator<object>.get_Current,100665634,0x14d064,52
Assembly-CSharp,,<Explode>c__Iterator38,System.Collections.IEnumerator.get_Current,100665635,0x14d098,52
Assembly-CSharp,,<Explode>c__Iterator38,MoveNext,100665636,0x14d0cc,536
Assembly-CSharp,,<Explode>c__Iterator38,Dispose,100665637,0x14d2e4,56
Assembly-CSharp,,<Explode>c__Iterator38,Reset,100665638,0x14d31c,64
Assembly-CSharp,,<LifeCountdown>c__Iterator39,.ctor,100665639,0x14d35c,44
Assembly-CSharp,,<LifeCountdown>c__Iterator39,System.Collections.Generic.IEnumerator<object>.get_Current,100665640,0x14d388,52
Assembly-CSharp,,<LifeCountdown>c__Iterator39,System.Collections.IEnumerator.get_Current,100665641,0x14d3bc,52
Assembly-CSharp,,<LifeCountdown>c__Iterator39,MoveNext,100665642,0x14d3f0,212
Assembly-CSharp,,<LifeCountdown>c__Iterator39,Dispose,100665643,0x14d4c4,56
Assembly-CSharp,,<LifeCountdown>c__Iterator39,Reset,100665644,0x14d4fc,64
Assembly-CSharp,,<ExplodeCoroutine>c__Iterator3A,.ctor,100665645,0x14d53c,44
Assembly-CSharp,,<ExplodeCoroutine>c__Iterator3A,System.Collections.Generic.IEnumerator<object>.get_Current,100665646,0x14d568,52
Assembly-CSharp,,<ExplodeCoroutine>c__Iterator3A,System.Collections.IEnumerator.get_Current,100665647,0x14d59c,52
Assembly-CSharp,,<ExplodeCoroutine>c__Iterator3A,MoveNext,100665648,0x14d5d0,168
Assembly-CSharp,,<ExplodeCoroutine>c__Iterator3A,Dispose,100665649,0x14d678,56
Assembly-CSharp,,<ExplodeCoroutine>c__Iterator3A,Reset,100665650,0x14d6b0,64
Assembly-CSharp,,<Start>c__Iterator3B,.ctor,100665651,0x14d6f0,44
Assembly-CSharp,,<Start>c__Iterator3B,System.Collections.Generic.IEnumerator<object>.get_Current,100665652,0x14d71c,52
Assembly-CSharp,,<Start>c__Iterator3B,System.Collections.IEnumerator.get_Current,100665653,0x14d750,52
Assembly-CSharp,,<Start>c__Iterator3B,MoveNext,100665654,0x14d784,256
Assembly-CSharp,,<Start>c__Iterator3B,Dispose,100665655,0x14d884,56
Assembly-CSharp,,<Start>c__Iterator3B,Reset,100665656,0x14d8bc,64
Assembly-CSharp,,<ShootPieCoroutine>c__Iterator3C,.ctor,100665657,0x14d8fc,44
Assembly-CSharp,,<ShootPieCoroutine>c__Iterator3C,System.Collections.Generic.IEnumerator<object>.get_Current,100665658,0x14d928,52
Assembly-CSharp,,<ShootPieCoroutine>c__Iterator3C,System.Collections.IEnumerator.get_Current,100665659,0x14d95c,52
Assembly-CSharp,,<ShootPieCoroutine>c__Iterator3C,MoveNext,100665660,0x14d990,872
Assembly-CSharp,,<ShootPieCoroutine>c__Iterator3C,Dispose,100665661,0x14dcf8,56
Assembly-CSharp,,<ShootPieCoroutine>c__Iterator3C,Reset,100665662,0x14dd30,64
Assembly-CSharp,,<Start>c__Iterator3D,.ctor,100665663,0x14dd70,44
Assembly-CSharp,,<Start>c__Iterator3D,System.Collections.Generic.IEnumerator<object>.get_Current,100665664,0x14dd9c,52
Assembly-CSharp,,<Start>c__Iterator3D,System.Collections.IEnumerator.get_Current,100665665,0x14ddd0,52
Assembly-CSharp,,<Start>c__Iterator3D,MoveNext,100665666,0x14de04,480
Assembly-CSharp,,<Start>c__Iterator3D,Dispose,100665667,0x14dfe4,56
Assembly-CSharp,,<Start>c__Iterator3D,Reset,100665668,0x14e01c,64
Assembly-CSharp,,<Explode>c__Iterator3E,.ctor,100665669,0x14e05c,44
Assembly-CSharp,,<Explode>c__Iterator3E,System.Collections.Generic.IEnumerator<object>.get_Current,100665670,0x14e088,52
Assembly-CSharp,,<Explode>c__Iterator3E,System.Collections.IEnumerator.get_Current,100665671,0x14e0bc,52
Assembly-CSharp,,<Explode>c__Iterator3E,MoveNext,100665672,0x14e0f0,424
Assembly-CSharp,,<Explode>c__Iterator3E,Dispose,100665673,0x14e298,56
Assembly-CSharp,,<Explode>c__Iterator3E,Reset,100665674,0x14e2d0,64
Assembly-CSharp,,<Start>c__Iterator3F,.ctor,100665675,0x14e310,44
Assembly-CSharp,,<Start>c__Iterator3F,System.Collections.Generic.IEnumerator<object>.get_Current,100665676,0x14e33c,52
Assembly-CSharp,,<Start>c__Iterator3F,System.Collections.IEnumerator.get_Current,100665677,0x14e370,52
Assembly-CSharp,,<Start>c__Iterator3F,MoveNext,100665678,0x14e3a4,704
Assembly-CSharp,,<Start>c__Iterator3F,Dispose,100665679,0x14e664,56
Assembly-CSharp,,<Start>c__Iterator3F,Reset,100665680,0x14e69c,64
Assembly-CSharp,,<RaceOutCoroutine>c__Iterator40,.ctor,100665681,0x14e6dc,44
Assembly-CSharp,,<RaceOutCoroutine>c__Iterator40,System.Collections.Generic.IEnumerator<object>.get_Current,100665682,0x14e708,52
Assembly-CSharp,,<RaceOutCoroutine>c__Iterator40,System.Collections.IEnumerator.get_Current,100665683,0x14e73c,52
Assembly-CSharp,,<RaceOutCoroutine>c__Iterator40,MoveNext,100665684,0x14e770,480
Assembly-CSharp,,<RaceOutCoroutine>c__Iterator40,Dispose,100665685,0x14e950,56
Assembly-CSharp,,<RaceOutCoroutine>c__Iterator40,Reset,100665686,0x14e988,64
Assembly-CSharp,,<CalculateCarPositionPump>c__Iterator41,.ctor,100665687,0x14e9c8,44
Assembly-CSharp,,<CalculateCarPositionPump>c__Iterator41,System.Collections.Generic.IEnumerator<object>.get_Current,100665688,0x14e9f4,52
Assembly-CSharp,,<CalculateCarPositionPump>c__Iterator41,System.Collections.IEnumerator.get_Current,100665689,0x14ea28,52
Assembly-CSharp,,<CalculateCarPositionPump>c__Iterator41,MoveNext,100665690,0x14ea5c,204
Assembly-CSharp,,<CalculateCarPositionPump>c__Iterator41,Dispose,100665691,0x14eb28,56
Assembly-CSharp,,<CalculateCarPositionPump>c__Iterator41,Reset,100665692,0x14eb60,64
Assembly-CSharp,,<PreraceCountdown>c__Iterator42,.ctor,100665693,0x14eba0,44
Assembly-CSharp,,<PreraceCountdown>c__Iterator42,System.Collections.Generic.IEnumerator<object>.get_Current,100665694,0x14ebcc,52
Assembly-CSharp,,<PreraceCountdown>c__Iterator42,System.Collections.IEnumerator.get_Current,100665695,0x14ec00,52
Assembly-CSharp,,<PreraceCountdown>c__Iterator42,MoveNext,100665696,0x14ec34,688
Assembly-CSharp,,<PreraceCountdown>c__Iterator42,Dispose,100665697,0x14eee4,56
Assembly-CSharp,,<PreraceCountdown>c__Iterator42,Reset,100665698,0x14ef1c,64
Assembly-CSharp,,<DoFinishLineEffect>c__Iterator43,.ctor,100665699,0x14ef5c,44
Assembly-CSharp,,<DoFinishLineEffect>c__Iterator43,System.Collections.Generic.IEnumerator<object>.get_Current,100665700,0x14ef88,52
Assembly-CSharp,,<DoFinishLineEffect>c__Iterator43,System.Collections.IEnumerator.get_Current,100665701,0x14efbc,52
Assembly-CSharp,,<DoFinishLineEffect>c__Iterator43,MoveNext,100665702,0x14eff0,1484
Assembly-CSharp,,<DoFinishLineEffect>c__Iterator43,Dispose,100665703,0x14f5bc,56
Assembly-CSharp,,<DoFinishLineEffect>c__Iterator43,Reset,100665704,0x14f5f4,64
Assembly-CSharp,,<PostRaceCountdown>c__Iterator44,.ctor,100665705,0x14f634,44
Assembly-CSharp,,<PostRaceCountdown>c__Iterator44,System.Collections.Generic.IEnumerator<object>.get_Current,100665706,0x14f660,52
Assembly-CSharp,,<PostRaceCountdown>c__Iterator44,System.Collections.IEnumerator.get_Current,100665707,0x14f694,52
Assembly-CSharp,,<PostRaceCountdown>c__Iterator44,MoveNext,100665708,0x14f6c8,1404
Assembly-CSharp,,<PostRaceCountdown>c__Iterator44,Dispose,100665709,0x14fc44,56
Assembly-CSharp,,<PostRaceCountdown>c__Iterator44,Reset,100665710,0x14fc7c,64
Assembly-CSharp,,<PreLaunchCoroutine>c__Iterator45,.ctor,100665711,0x14fcbc,44
Assembly-CSharp,,<PreLaunchCoroutine>c__Iterator45,System.Collections.Generic.IEnumerator<object>.get_Current,100665712,0x14fce8,52
Assembly-CSharp,,<PreLaunchCoroutine>c__Iterator45,System.Collections.IEnumerator.get_Current,100665713,0x14fd1c,52
Assembly-CSharp,,<PreLaunchCoroutine>c__Iterator45,MoveNext,100665714,0x14fd50,328
Assembly-CSharp,,<PreLaunchCoroutine>c__Iterator45,Dispose,100665715,0x14fe98,56
Assembly-CSharp,,<PreLaunchCoroutine>c__Iterator45,Reset,100665716,0x14fed0,64
Assembly-CSharp,,<EliminateCar>c__Iterator46,.ctor,100665717,0x14ff10,44
Assembly-CSharp,,<EliminateCar>c__Iterator46,System.Collections.Generic.IEnumerator<object>.get_Current,100665718,0x14ff3c,52
Assembly-CSharp,,<EliminateCar>c__Iterator46,System.Collections.IEnumerator.get_Current,100665719,0x14ff70,52
Assembly-CSharp,,<EliminateCar>c__Iterator46,MoveNext,100665720,0x14ffa4,1180
Assembly-CSharp,,<EliminateCar>c__Iterator46,Dispose,100665721,0x150440,56
Assembly-CSharp,,<EliminateCar>c__Iterator46,Reset,100665722,0x150478,64
Assembly-CSharp,,<StartRaceRewind>c__Iterator47,.ctor,100665723,0x1504b8,44
Assembly-CSharp,,<StartRaceRewind>c__Iterator47,System.Collections.Generic.IEnumerator<object>.get_Current,100665724,0x1504e4,52
Assembly-CSharp,,<StartRaceRewind>c__Iterator47,System.Collections.IEnumerator.get_Current,100665725,0x150518,52
Assembly-CSharp,,<StartRaceRewind>c__Iterator47,MoveNext,100665726,0x15054c,204
Assembly-CSharp,,<StartRaceRewind>c__Iterator47,Dispose,100665727,0x150618,56
Assembly-CSharp,,<StartRaceRewind>c__Iterator47,Reset,100665728,0x150650,64
Assembly-CSharp,,<CleanupCoroutine>c__Iterator48,.ctor,100665729,0x150690,44
Assembly-CSharp,,<CleanupCoroutine>c__Iterator48,System.Collections.Generic.IEnumerator<object>.get_Current,100665730,0x1506bc,52
Assembly-CSharp,,<CleanupCoroutine>c__Iterator48,System.Collections.IEnumerator.get_Current,100665731,0x1506f0,52
Assembly-CSharp,,<CleanupCoroutine>c__Iterator48,MoveNext,100665732,0x150724,164
Assembly-CSharp,,<CleanupCoroutine>c__Iterator48,Dispose,100665733,0x1507c8,56
Assembly-CSharp,,<CleanupCoroutine>c__Iterator48,Reset,100665734,0x150800,64
Assembly-CSharp,,<Start>c__Iterator49,.ctor,100665735,0x150840,44
Assembly-CSharp,,<Start>c__Iterator49,System.Collections.Generic.IEnumerator<object>.get_Current,100665736,0x15086c,52
Assembly-CSharp,,<Start>c__Iterator49,System.Collections.IEnumerator.get_Current,100665737,0x1508a0,52
Assembly-CSharp,,<Start>c__Iterator49,MoveNext,100665738,0x1508d4,664
Assembly-CSharp,,<Start>c__Iterator49,Dispose,100665739,0x150b6c,56
Assembly-CSharp,,<Start>c__Iterator49,Reset,100665740,0x150ba4,64
Assembly-CSharp,,<GimpedTrifootCoroutine>c__Iterator4A,.ctor,100665741,0x150be4,44
Assembly-CSharp,,<GimpedTrifootCoroutine>c__Iterator4A,System.Collections.Generic.IEnumerator<object>.get_Current,100665742,0x150c10,52
Assembly-CSharp,,<GimpedTrifootCoroutine>c__Iterator4A,System.Collections.IEnumerator.get_Current,100665743,0x150c44,52
Assembly-CSharp,,<GimpedTrifootCoroutine>c__Iterator4A,MoveNext,100665744,0x150c78,204
Assembly-CSharp,,<GimpedTrifootCoroutine>c__Iterator4A,Dispose,100665745,0x150d44,56
Assembly-CSharp,,<GimpedTrifootCoroutine>c__Iterator4A,Reset,100665746,0x150d7c,64
Assembly-CSharp,,<DestroyThis>c__Iterator4B,.ctor,100665747,0x150dbc,44
Assembly-CSharp,,<DestroyThis>c__Iterator4B,System.Collections.Generic.IEnumerator<object>.get_Current,100665748,0x150de8,52
Assembly-CSharp,,<DestroyThis>c__Iterator4B,System.Collections.IEnumerator.get_Current,100665749,0x150e1c,52
Assembly-CSharp,,<DestroyThis>c__Iterator4B,MoveNext,100665750,0x150e50,340
Assembly-CSharp,,<DestroyThis>c__Iterator4B,Dispose,100665751,0x150fa4,56
Assembly-CSharp,,<DestroyThis>c__Iterator4B,Reset,100665752,0x150fdc,64
Assembly-CSharp,,<AnimatePanelOutCoroutine>c__Iterator4C,.ctor,100665753,0x15101c,44
Assembly-CSharp,,<AnimatePanelOutCoroutine>c__Iterator4C,System.Collections.Generic.IEnumerator<object>.get_Current,100665754,0x151048,52
Assembly-CSharp,,<AnimatePanelOutCoroutine>c__Iterator4C,System.Collections.IEnumerator.get_Current,100665755,0x15107c,52
Assembly-CSharp,,<AnimatePanelOutCoroutine>c__Iterator4C,MoveNext,100665756,0x1510b0,1492
Assembly-CSharp,,<AnimatePanelOutCoroutine>c__Iterator4C,Dispose,100665757,0x151684,56
Assembly-CSharp,,<AnimatePanelOutCoroutine>c__Iterator4C,Reset,100665758,0x1516bc,64
Assembly-CSharp,,<AnimatePanelInCoroutine>c__Iterator4D,.ctor,100665759,0x1516fc,44
Assembly-CSharp,,<AnimatePanelInCoroutine>c__Iterator4D,System.Collections.Generic.IEnumerator<object>.get_Current,100665760,0x151728,52
Assembly-CSharp,,<AnimatePanelInCoroutine>c__Iterator4D,System.Collections.IEnumerator.get_Current,100665761,0x15175c,52
Assembly-CSharp,,<AnimatePanelInCoroutine>c__Iterator4D,MoveNext,100665762,0x151790,1500
Assembly-CSharp,,<AnimatePanelInCoroutine>c__Iterator4D,Dispose,100665763,0x151d6c,56
Assembly-CSharp,,<AnimatePanelInCoroutine>c__Iterator4D,Reset,100665764,0x151da4,64
Assembly-CSharp,,<DestroyThis>c__Iterator4E,.ctor,100665765,0x151de4,44
Assembly-CSharp,,<DestroyThis>c__Iterator4E,System.Collections.Generic.IEnumerator<object>.get_Current,100665766,0x151e10,52
Assembly-CSharp,,<DestroyThis>c__Iterator4E,System.Collections.IEnumerator.get_Current,100665767,0x151e44,52
Assembly-CSharp,,<DestroyThis>c__Iterator4E,MoveNext,100665768,0x151e78,588
Assembly-CSharp,,<DestroyThis>c__Iterator4E,Dispose,100665769,0x1520c4,56
Assembly-CSharp,,<DestroyThis>c__Iterator4E,Reset,100665770,0x1520fc,64
Assembly-CSharp,,<AnimInHelper>c__Iterator4F,.ctor,100665771,0x15213c,44
Assembly-CSharp,,<AnimInHelper>c__Iterator4F,System.Collections.Generic.IEnumerator<object>.get_Current,100665772,0x152168,52
Assembly-CSharp,,<AnimInHelper>c__Iterator4F,System.Collections.IEnumerator.get_Current,100665773,0x15219c,52
Assembly-CSharp,,<AnimInHelper>c__Iterator4F,MoveNext,100665774,0x1521d0,396
Assembly-CSharp,,<AnimInHelper>c__Iterator4F,Dispose,100665775,0x15235c,56
Assembly-CSharp,,<AnimInHelper>c__Iterator4F,Reset,100665776,0x152394,64
Assembly-CSharp,,<CameraWaitAndRefresh>c__Iterator50,.ctor,100665777,0x1523d4,44
Assembly-CSharp,,<CameraWaitAndRefresh>c__Iterator50,System.Collections.Generic.IEnumerator<object>.get_Current,100665778,0x152400,52
Assembly-CSharp,,<CameraWaitAndRefresh>c__Iterator50,System.Collections.IEnumerator.get_Current,100665779,0x152434,52
Assembly-CSharp,,<CameraWaitAndRefresh>c__Iterator50,MoveNext,100665780,0x152468,220
Assembly-CSharp,,<CameraWaitAndRefresh>c__Iterator50,Dispose,100665781,0x152544,56
Assembly-CSharp,,<CameraWaitAndRefresh>c__Iterator50,Reset,100665782,0x15257c,64
Assembly-CSharp,,<SlideBodyFormBox>c__Iterator51,.ctor,100665783,0x1525bc,44
Assembly-CSharp,,<SlideBodyFormBox>c__Iterator51,System.Collections.Generic.IEnumerator<object>.get_Current,100665784,0x1525e8,52
Assembly-CSharp,,<SlideBodyFormBox>c__Iterator51,System.Collections.IEnumerator.get_Current,100665785,0x15261c,52
Assembly-CSharp,,<SlideBodyFormBox>c__Iterator51,MoveNext,100665786,0x152650,984
Assembly-CSharp,,<SlideBodyFormBox>c__Iterator51,Dispose,100665787,0x152a28,56
Assembly-CSharp,,<SlideBodyFormBox>c__Iterator51,Reset,100665788,0x152a60,64
Assembly-CSharp,,<InitialWaitForLoadCoroutine>c__Iterator52,.ctor,100665789,0x152aa0,44
Assembly-CSharp,,<InitialWaitForLoadCoroutine>c__Iterator52,System.Collections.Generic.IEnumerator<object>.get_Current,100665790,0x152acc,52
Assembly-CSharp,,<InitialWaitForLoadCoroutine>c__Iterator52,System.Collections.IEnumerator.get_Current,100665791,0x152b00,52
Assembly-CSharp,,<InitialWaitForLoadCoroutine>c__Iterator52,MoveNext,100665792,0x152b34,360
Assembly-CSharp,,<InitialWaitForLoadCoroutine>c__Iterator52,Dispose,100665793,0x152c9c,56
Assembly-CSharp,,<InitialWaitForLoadCoroutine>c__Iterator52,Reset,100665794,0x152cd4,64
Assembly-CSharp,,<Start>c__Iterator53,.ctor,100665795,0x152d14,44
Assembly-CSharp,,<Start>c__Iterator53,System.Collections.Generic.IEnumerator<object>.get_Current,100665796,0x152d40,52
Assembly-CSharp,,<Start>c__Iterator53,System.Collections.IEnumerator.get_Current,100665797,0x152d74,52
Assembly-CSharp,,<Start>c__Iterator53,MoveNext,100665798,0x152da8,2932
Assembly-CSharp,,<Start>c__Iterator53,Dispose,100665799,0x15391c,56
Assembly-CSharp,,<Start>c__Iterator53,Reset,100665800,0x153954,64
Assembly-CSharp,,<LoadInLocalizedAssets>c__Iterator54,.ctor,100665801,0x153994,44
Assembly-CSharp,,<LoadInLocalizedAssets>c__Iterator54,System.Collections.Generic.IEnumerator<object>.get_Current,100665802,0x1539c0,52
Assembly-CSharp,,<LoadInLocalizedAssets>c__Iterator54,System.Collections.IEnumerator.get_Current,100665803,0x1539f4,52
Assembly-CSharp,,<LoadInLocalizedAssets>c__Iterator54,MoveNext,100665804,0x153a28,940
Assembly-CSharp,,<LoadInLocalizedAssets>c__Iterator54,Dispose,100665805,0x153dd4,268
Assembly-CSharp,,<LoadInLocalizedAssets>c__Iterator54,Reset,100665806,0x153ee0,64
Assembly-CSharp,,<Close>c__Iterator55,.ctor,100665807,0x153f20,44
Assembly-CSharp,,<Close>c__Iterator55,System.Collections.Generic.IEnumerator<object>.get_Current,100665808,0x153f4c,52
Assembly-CSharp,,<Close>c__Iterator55,System.Collections.IEnumerator.get_Current,100665809,0x153f80,52
Assembly-CSharp,,<Close>c__Iterator55,MoveNext,100665810,0x153fb4,264
Assembly-CSharp,,<Close>c__Iterator55,Dispose,100665811,0x1540bc,56
Assembly-CSharp,,<Close>c__Iterator55,Reset,100665812,0x1540f4,64
Assembly-CSharp,,<DestroyThis>c__Iterator56,.ctor,100665813,0x154134,44
Assembly-CSharp,,<DestroyThis>c__Iterator56,System.Collections.Generic.IEnumerator<object>.get_Current,100665814,0x154160,52
Assembly-CSharp,,<DestroyThis>c__Iterator56,System.Collections.IEnumerator.get_Current,100665815,0x154194,52
Assembly-CSharp,,<DestroyThis>c__Iterator56,MoveNext,100665816,0x1541c8,340
Assembly-CSharp,,<DestroyThis>c__Iterator56,Dispose,100665817,0x15431c,56
Assembly-CSharp,,<DestroyThis>c__Iterator56,Reset,100665818,0x154354,64
Assembly-CSharp,,<DestroyThis>c__Iterator57,.ctor,100665819,0x154394,44
Assembly-CSharp,,<DestroyThis>c__Iterator57,System.Collections.Generic.IEnumerator<object>.get_Current,100665820,0x1543c0,52
Assembly-CSharp,,<DestroyThis>c__Iterator57,System.Collections.IEnumerator.get_Current,100665821,0x1543f4,52
Assembly-CSharp,,<DestroyThis>c__Iterator57,MoveNext,100665822,0x154428,340
Assembly-CSharp,,<DestroyThis>c__Iterator57,Dispose,100665823,0x15457c,56
Assembly-CSharp,,<DestroyThis>c__Iterator57,Reset,100665824,0x1545b4,64
Assembly-CSharp,,<HideMenuHelper>c__Iterator58,.ctor,100665825,0x1545f4,44
Assembly-CSharp,,<HideMenuHelper>c__Iterator58,System.Collections.Generic.IEnumerator<object>.get_Current,100665826,0x154620,52
Assembly-CSharp,,<HideMenuHelper>c__Iterator58,System.Collections.IEnumerator.get_Current,100665827,0x154654,52
Assembly-CSharp,,<HideMenuHelper>c__Iterator58,MoveNext,100665828,0x154688,308
Assembly-CSharp,,<HideMenuHelper>c__Iterator58,Dispose,100665829,0x1547bc,56
Assembly-CSharp,,<HideMenuHelper>c__Iterator58,Reset,100665830,0x1547f4,64
Assembly-CSharp,,<CheckMenuTransitionOK>c__Iterator59,.ctor,100665831,0x154834,44
Assembly-CSharp,,<CheckMenuTransitionOK>c__Iterator59,System.Collections.Generic.IEnumerator<object>.get_Current,100665832,0x154860,52
Assembly-CSharp,,<CheckMenuTransitionOK>c__Iterator59,System.Collections.IEnumerator.get_Current,100665833,0x154894,52
Assembly-CSharp,,<CheckMenuTransitionOK>c__Iterator59,MoveNext,100665834,0x1548c8,484
Assembly-CSharp,,<CheckMenuTransitionOK>c__Iterator59,Dispose,100665835,0x154aac,56
Assembly-CSharp,,<CheckMenuTransitionOK>c__Iterator59,Reset,100665836,0x154ae4,64
Assembly-CSharp,,<PulseArrowCoroutine>c__Iterator5A,.ctor,100665837,0x154b24,44
Assembly-CSharp,,<PulseArrowCoroutine>c__Iterator5A,System.Collections.Generic.IEnumerator<object>.get_Current,100665838,0x154b50,52
Assembly-CSharp,,<PulseArrowCoroutine>c__Iterator5A,System.Collections.IEnumerator.get_Current,100665839,0x154b84,52
Assembly-CSharp,,<PulseArrowCoroutine>c__Iterator5A,MoveNext,100665840,0x154bb8,1032
Assembly-CSharp,,<PulseArrowCoroutine>c__Iterator5A,Dispose,100665841,0x154fc0,56
Assembly-CSharp,,<PulseArrowCoroutine>c__Iterator5A,Reset,100665842,0x154ff8,64
Assembly-CSharp,,<FadeInCoroutine>c__Iterator5B,.ctor,100665843,0x155038,44
Assembly-CSharp,,<FadeInCoroutine>c__Iterator5B,System.Collections.Generic.IEnumerator<object>.get_Current,100665844,0x155064,52
Assembly-CSharp,,<FadeInCoroutine>c__Iterator5B,System.Collections.IEnumerator.get_Current,100665845,0x155098,52
Assembly-CSharp,,<FadeInCoroutine>c__Iterator5B,MoveNext,100665846,0x1550cc,1104
Assembly-CSharp,,<FadeInCoroutine>c__Iterator5B,Dispose,100665847,0x15551c,56
Assembly-CSharp,,<FadeInCoroutine>c__Iterator5B,Reset,100665848,0x155554,64
Assembly-CSharp,,<StartHelper>c__Iterator5C,.ctor,100665849,0x155594,44
Assembly-CSharp,,<StartHelper>c__Iterator5C,System.Collections.Generic.IEnumerator<object>.get_Current,100665850,0x1555c0,52
Assembly-CSharp,,<StartHelper>c__Iterator5C,System.Collections.IEnumerator.get_Current,100665851,0x1555f4,52
Assembly-CSharp,,<StartHelper>c__Iterator5C,MoveNext,100665852,0x155628,796
Assembly-CSharp,,<StartHelper>c__Iterator5C,Dispose,100665853,0x155944,56
Assembly-CSharp,,<StartHelper>c__Iterator5C,Reset,100665854,0x15597c,64
Assembly-CSharp,,<DestroyThis>c__Iterator5D,.ctor,100665855,0x1559bc,44
Assembly-CSharp,,<DestroyThis>c__Iterator5D,System.Collections.Generic.IEnumerator<object>.get_Current,100665856,0x1559e8,52
Assembly-CSharp,,<DestroyThis>c__Iterator5D,System.Collections.IEnumerator.get_Current,100665857,0x155a1c,52
Assembly-CSharp,,<DestroyThis>c__Iterator5D,MoveNext,100665858,0x155a50,340
Assembly-CSharp,,<DestroyThis>c__Iterator5D,Dispose,100665859,0x155ba4,56
Assembly-CSharp,,<DestroyThis>c__Iterator5D,Reset,100665860,0x155bdc,64
Assembly-CSharp,,<WaitForAssetBundles>c__Iterator5E,.ctor,100665861,0x155c1c,44
Assembly-CSharp,,<WaitForAssetBundles>c__Iterator5E,System.Collections.Generic.IEnumerator<object>.get_Current,100665862,0x155c48,52
Assembly-CSharp,,<WaitForAssetBundles>c__Iterator5E,System.Collections.IEnumerator.get_Current,100665863,0x155c7c,52
Assembly-CSharp,,<WaitForAssetBundles>c__Iterator5E,MoveNext,100665864,0x155cb0,560
Assembly-CSharp,,<WaitForAssetBundles>c__Iterator5E,Dispose,100665865,0x155ee0,56
Assembly-CSharp,,<WaitForAssetBundles>c__Iterator5E,Reset,100665866,0x155f18,64
Assembly-CSharp,,<WaitForCartConstruction>c__Iterator5F,.ctor,100665867,0x155f58,44
Assembly-CSharp,,<WaitForCartConstruction>c__Iterator5F,System.Collections.Generic.IEnumerator<object>.get_Current,100665868,0x155f84,52
Assembly-CSharp,,<WaitForCartConstruction>c__Iterator5F,System.Collections.IEnumerator.get_Current,100665869,0x155fb8,52
Assembly-CSharp,,<WaitForCartConstruction>c__Iterator5F,MoveNext,100665870,0x155fec,252
Assembly-CSharp,,<WaitForCartConstruction>c__Iterator5F,Dispose,100665871,0x1560e8,56
Assembly-CSharp,,<WaitForCartConstruction>c__Iterator5F,Reset,100665872,0x156120,64
Assembly-CSharp,,<WaitForLevelLoad>c__Iterator60,.ctor,100665873,0x156160,44
Assembly-CSharp,,<WaitForLevelLoad>c__Iterator60,System.Collections.Generic.IEnumerator<object>.get_Current,100665874,0x15618c,52
Assembly-CSharp,,<WaitForLevelLoad>c__Iterator60,System.Collections.IEnumerator.get_Current,100665875,0x1561c0,52
Assembly-CSharp,,<WaitForLevelLoad>c__Iterator60,MoveNext,100665876,0x1561f4,468
Assembly-CSharp,,<WaitForLevelLoad>c__Iterator60,Dispose,100665877,0x1563c8,56
Assembly-CSharp,,<WaitForLevelLoad>c__Iterator60,Reset,100665878,0x156400,64
Assembly-CSharp,,<SetupMissionText>c__Iterator61,.ctor,100665879,0x156440,44
Assembly-CSharp,,<SetupMissionText>c__Iterator61,System.Collections.Generic.IEnumerator<object>.get_Current,100665880,0x15646c,52
Assembly-CSharp,,<SetupMissionText>c__Iterator61,System.Collections.IEnumerator.get_Current,100665881,0x1564a0,52
Assembly-CSharp,,<SetupMissionText>c__Iterator61,MoveNext,100665882,0x1564d4,1376
Assembly-CSharp,,<SetupMissionText>c__Iterator61,Dispose,100665883,0x156a34,56
Assembly-CSharp,,<SetupMissionText>c__Iterator61,Reset,100665884,0x156a6c,64
Assembly-CSharp,,<LoadingProcess>c__Iterator62,.ctor,100665885,0x156aac,44
Assembly-CSharp,,<LoadingProcess>c__Iterator62,System.Collections.Generic.IEnumerator<object>.get_Current,100665886,0x156ad8,52
Assembly-CSharp,,<LoadingProcess>c__Iterator62,System.Collections.IEnumerator.get_Current,100665887,0x156b0c,52
Assembly-CSharp,,<LoadingProcess>c__Iterator62,MoveNext,100665888,0x156b40,904
Assembly-CSharp,,<LoadingProcess>c__Iterator62,Dispose,100665889,0x156ec8,56
Assembly-CSharp,,<LoadingProcess>c__Iterator62,Reset,100665890,0x156f00,64
Assembly-CSharp,,<FadeAndDestroyCoroutine>c__Iterator63,.ctor,100665891,0x156f40,44
Assembly-CSharp,,<FadeAndDestroyCoroutine>c__Iterator63,System.Collections.Generic.IEnumerator<object>.get_Current,100665892,0x156f6c,52
Assembly-CSharp,,<FadeAndDestroyCoroutine>c__Iterator63,System.Collections.IEnumerator.get_Current,100665893,0x156fa0,52
Assembly-CSharp,,<FadeAndDestroyCoroutine>c__Iterator63,MoveNext,100665894,0x156fd4,256
Assembly-CSharp,,<FadeAndDestroyCoroutine>c__Iterator63,Dispose,100665895,0x1570d4,56
Assembly-CSharp,,<FadeAndDestroyCoroutine>c__Iterator63,Reset,100665896,0x15710c,64
Assembly-CSharp,,<WaitForDestroy>c__Iterator64,.ctor,100665897,0x15714c,44
Assembly-CSharp,,<WaitForDestroy>c__Iterator64,System.Collections.Generic.IEnumerator<object>.get_Current,100665898,0x157178,52
Assembly-CSharp,,<WaitForDestroy>c__Iterator64,System.Collections.IEnumerator.get_Current,100665899,0x1571ac,52
Assembly-CSharp,,<WaitForDestroy>c__Iterator64,MoveNext,100665900,0x1571e0,388
Assembly-CSharp,,<WaitForDestroy>c__Iterator64,Dispose,100665901,0x157364,56
Assembly-CSharp,,<WaitForDestroy>c__Iterator64,Reset,100665902,0x15739c,64
Assembly-CSharp,,<StartTutLoad>c__Iterator65,.ctor,100665903,0x1573dc,44
Assembly-CSharp,,<StartTutLoad>c__Iterator65,System.Collections.Generic.IEnumerator<object>.get_Current,100665904,0x157408,52
Assembly-CSharp,,<StartTutLoad>c__Iterator65,System.Collections.IEnumerator.get_Current,100665905,0x15743c,52
Assembly-CSharp,,<StartTutLoad>c__Iterator65,MoveNext,100665906,0x157470,188
Assembly-CSharp,,<StartTutLoad>c__Iterator65,Dispose,100665907,0x15752c,56
Assembly-CSharp,,<StartTutLoad>c__Iterator65,Reset,100665908,0x157564,64
Assembly-CSharp,,<ApplyPaints>c__Iterator66,.ctor,100665909,0x1575a4,44
Assembly-CSharp,,<ApplyPaints>c__Iterator66,System.Collections.Generic.IEnumerator<object>.get_Current,100665910,0x1575d0,52
Assembly-CSharp,,<ApplyPaints>c__Iterator66,System.Collections.IEnumerator.get_Current,100665911,0x157604,52
Assembly-CSharp,,<ApplyPaints>c__Iterator66,MoveNext,100665912,0x157638,2512
Assembly-CSharp,,<ApplyPaints>c__Iterator66,Dispose,100665913,0x158008,424
Assembly-CSharp,,<ApplyPaints>c__Iterator66,Reset,100665914,0x1581b0,64
Assembly-CSharp,,<ApplyPaints>c__Iterator66,<>m__2A,100665915,0x1581f0,80
Assembly-CSharp,,<UpdateRenderers>c__Iterator67,.ctor,100665916,0x158240,44
Assembly-CSharp,,<UpdateRenderers>c__Iterator67,System.Collections.Generic.IEnumerator<object>.get_Current,100665917,0x15826c,52
Assembly-CSharp,,<UpdateRenderers>c__Iterator67,System.Collections.IEnumerator.get_Current,100665918,0x1582a0,52
Assembly-CSharp,,<UpdateRenderers>c__Iterator67,MoveNext,100665919,0x1582d4,1100
Assembly-CSharp,,<UpdateRenderers>c__Iterator67,Dispose,100665920,0x158720,268
Assembly-CSharp,,<UpdateRenderers>c__Iterator67,Reset,100665921,0x15882c,64
Assembly-CSharp,,<UpdateColorShift>c__Iterator68,.ctor,100665922,0x15886c,44
Assembly-CSharp,,<UpdateColorShift>c__Iterator68,System.Collections.Generic.IEnumerator<object>.get_Current,100665923,0x158898,52
Assembly-CSharp,,<UpdateColorShift>c__Iterator68,System.Collections.IEnumerator.get_Current,100665924,0x1588cc,52
Assembly-CSharp,,<UpdateColorShift>c__Iterator68,MoveNext,100665925,0x158900,816
Assembly-CSharp,,<UpdateColorShift>c__Iterator68,Dispose,100665926,0x158c30,56
Assembly-CSharp,,<UpdateColorShift>c__Iterator68,Reset,100665927,0x158c68,64
Assembly-CSharp,,<ComposeCart>c__Iterator69,.ctor,100665928,0x158ca8,44
Assembly-CSharp,,<ComposeCart>c__Iterator69,System.Collections.Generic.IEnumerator<object>.get_Current,100665929,0x158cd4,52
Assembly-CSharp,,<ComposeCart>c__Iterator69,System.Collections.IEnumerator.get_Current,100665930,0x158d08,52
Assembly-CSharp,,<ComposeCart>c__Iterator69,MoveNext,100665931,0x158d3c,2820
Assembly-CSharp,,<ComposeCart>c__Iterator69,Dispose,100665932,0x159840,472
Assembly-CSharp,,<ComposeCart>c__Iterator69,Reset,100665933,0x159a18,64
Assembly-CSharp,,<CheckLoadingCoroutine>c__Iterator6A,.ctor,100665934,0x159a58,44
Assembly-CSharp,,<CheckLoadingCoroutine>c__Iterator6A,System.Collections.Generic.IEnumerator<object>.get_Current,100665935,0x159a84,52
Assembly-CSharp,,<CheckLoadingCoroutine>c__Iterator6A,System.Collections.IEnumerator.get_Current,100665936,0x159ab8,52
Assembly-CSharp,,<CheckLoadingCoroutine>c__Iterator6A,MoveNext,100665937,0x159aec,1572
Assembly-CSharp,,<CheckLoadingCoroutine>c__Iterator6A,Dispose,100665938,0x15a110,56
Assembly-CSharp,,<CheckLoadingCoroutine>c__Iterator6A,Reset,100665939,0x15a148,64
Assembly-CSharp,,<UpdateCachedPaint>c__Iterator6B,.ctor,100665940,0x15a188,44
Assembly-CSharp,,<UpdateCachedPaint>c__Iterator6B,System.Collections.Generic.IEnumerator<object>.get_Current,100665941,0x15a1b4,52
Assembly-CSharp,,<UpdateCachedPaint>c__Iterator6B,System.Collections.IEnumerator.get_Current,100665942,0x15a1e8,52
Assembly-CSharp,,<UpdateCachedPaint>c__Iterator6B,MoveNext,100665943,0x15a21c,2136
Assembly-CSharp,,<UpdateCachedPaint>c__Iterator6B,Dispose,100665944,0x15aa74,268
Assembly-CSharp,,<UpdateCachedPaint>c__Iterator6B,Reset,100665945,0x15ab80,64
Assembly-CSharp,,<UpdateCachedPaint>c__Iterator6B,<>m__2B,100665946,0x15abc0,80
Assembly-CSharp,,<DriveOutCoroutine>c__Iterator6C,.ctor,100665947,0x15ac10,44
Assembly-CSharp,,<DriveOutCoroutine>c__Iterator6C,System.Collections.Generic.IEnumerator<object>.get_Current,100665948,0x15ac3c,52
Assembly-CSharp,,<DriveOutCoroutine>c__Iterator6C,System.Collections.IEnumerator.get_Current,100665949,0x15ac70,52
Assembly-CSharp,,<DriveOutCoroutine>c__Iterator6C,MoveNext,100665950,0x15aca4,2828
Assembly-CSharp,,<DriveOutCoroutine>c__Iterator6C,Dispose,100665951,0x15b7b0,56
Assembly-CSharp,,<DriveOutCoroutine>c__Iterator6C,Reset,100665952,0x15b7e8,64
Assembly-CSharp,,<LoadCircuitTextures>c__Iterator6D,.ctor,100665953,0x15b828,44
Assembly-CSharp,,<LoadCircuitTextures>c__Iterator6D,System.Collections.Generic.IEnumerator<object>.get_Current,100665954,0x15b854,52
Assembly-CSharp,,<LoadCircuitTextures>c__Iterator6D,System.Collections.IEnumerator.get_Current,100665955,0x15b888,52
Assembly-CSharp,,<LoadCircuitTextures>c__Iterator6D,MoveNext,100665956,0x15b8bc,1740
Assembly-CSharp,,<LoadCircuitTextures>c__Iterator6D,Dispose,100665957,0x15bf88,56
Assembly-CSharp,,<LoadCircuitTextures>c__Iterator6D,Reset,100665958,0x15bfc0,64
Assembly-CSharp,,<Start>c__Iterator6E,.ctor,100665959,0x15c000,44
Assembly-CSharp,,<Start>c__Iterator6E,System.Collections.Generic.IEnumerator<object>.get_Current,100665960,0x15c02c,52
Assembly-CSharp,,<Start>c__Iterator6E,System.Collections.IEnumerator.get_Current,100665961,0x15c060,52
Assembly-CSharp,,<Start>c__Iterator6E,MoveNext,100665962,0x15c094,2708
Assembly-CSharp,,<Start>c__Iterator6E,Dispose,100665963,0x15cb28,56
Assembly-CSharp,,<Start>c__Iterator6E,Reset,100665964,0x15cb60,64
Assembly-CSharp,,<Start>c__Iterator6E,<>m__2C,100665965,0x15cba0,80
Assembly-CSharp,,<Start>c__Iterator6E,<>m__2D,100665966,0x15cbf0,80
Assembly-CSharp,,<Start>c__Iterator6E,<>m__2E,100665967,0x15cc40,80
Assembly-CSharp,,<Start>c__Iterator6E,<>m__2F,100665968,0x15cc90,80
Assembly-CSharp,,<Start>c__Iterator6E,<>m__30,100665969,0x15cce0,80
Assembly-CSharp,,<AnimateIn>c__Iterator6F,.ctor,100665970,0x15cd30,44
Assembly-CSharp,,<AnimateIn>c__Iterator6F,System.Collections.Generic.IEnumerator<object>.get_Current,100665971,0x15cd5c,52
Assembly-CSharp,,<AnimateIn>c__Iterator6F,System.Collections.IEnumerator.get_Current,100665972,0x15cd90,52
Assembly-CSharp,,<AnimateIn>c__Iterator6F,MoveNext,100665973,0x15cdc4,768
Assembly-CSharp,,<AnimateIn>c__Iterator6F,Dispose,100665974,0x15d0c4,56
Assembly-CSharp,,<AnimateIn>c__Iterator6F,Reset,100665975,0x15d0fc,64
Assembly-CSharp,,<StartTutLoad>c__Iterator70,.ctor,100665976,0x15d13c,44
Assembly-CSharp,,<StartTutLoad>c__Iterator70,System.Collections.Generic.IEnumerator<object>.get_Current,100665977,0x15d168,52
Assembly-CSharp,,<StartTutLoad>c__Iterator70,System.Collections.IEnumerator.get_Current,100665978,0x15d19c,52
Assembly-CSharp,,<StartTutLoad>c__Iterator70,MoveNext,100665979,0x15d1d0,188
Assembly-CSharp,,<StartTutLoad>c__Iterator70,Dispose,100665980,0x15d28c,56
Assembly-CSharp,,<StartTutLoad>c__Iterator70,Reset,100665981,0x15d2c4,64
Assembly-CSharp,,<CheckResetConfirm>c__Iterator71,.ctor,100665982,0x15d304,44
Assembly-CSharp,,<CheckResetConfirm>c__Iterator71,System.Collections.Generic.IEnumerator<object>.get_Current,100665983,0x15d330,52
Assembly-CSharp,,<CheckResetConfirm>c__Iterator71,System.Collections.IEnumerator.get_Current,100665984,0x15d364,52
Assembly-CSharp,,<CheckResetConfirm>c__Iterator71,MoveNext,100665985,0x15d398,796
Assembly-CSharp,,<CheckResetConfirm>c__Iterator71,Dispose,100665986,0x15d6b4,56
Assembly-CSharp,,<CheckResetConfirm>c__Iterator71,Reset,100665987,0x15d6ec,64
Assembly-CSharp,,<ShiftSurfaceCoroutine>c__Iterator72,.ctor,100665988,0x15d72c,44
Assembly-CSharp,,<ShiftSurfaceCoroutine>c__Iterator72,System.Collections.Generic.IEnumerator<object>.get_Current,100665989,0x15d758,52
Assembly-CSharp,,<ShiftSurfaceCoroutine>c__Iterator72,System.Collections.IEnumerator.get_Current,100665990,0x15d78c,52
Assembly-CSharp,,<ShiftSurfaceCoroutine>c__Iterator72,MoveNext,100665991,0x15d7c0,656
Assembly-CSharp,,<ShiftSurfaceCoroutine>c__Iterator72,Dispose,100665992,0x15da50,56
Assembly-CSharp,,<ShiftSurfaceCoroutine>c__Iterator72,Reset,100665993,0x15da88,64
Assembly-CSharp,,<StartTutLoad>c__Iterator73,.ctor,100665994,0x15dac8,44
Assembly-CSharp,,<StartTutLoad>c__Iterator73,System.Collections.Generic.IEnumerator<object>.get_Current,100665995,0x15daf4,52
Assembly-CSharp,,<StartTutLoad>c__Iterator73,System.Collections.IEnumerator.get_Current,100665996,0x15db28,52
Assembly-CSharp,,<StartTutLoad>c__Iterator73,MoveNext,100665997,0x15db5c,200
Assembly-CSharp,,<StartTutLoad>c__Iterator73,Dispose,100665998,0x15dc24,56
Assembly-CSharp,,<StartTutLoad>c__Iterator73,Reset,100665999,0x15dc5c,64
Assembly-CSharp,,<Start>c__Iterator74,.ctor,100666000,0x15dc9c,44
Assembly-CSharp,,<Start>c__Iterator74,System.Collections.Generic.IEnumerator<object>.get_Current,100666001,0x15dcc8,52
Assembly-CSharp,,<Start>c__Iterator74,System.Collections.IEnumerator.get_Current,100666002,0x15dcfc,52
Assembly-CSharp,,<Start>c__Iterator74,MoveNext,100666003,0x15dd30,196
Assembly-CSharp,,<Start>c__Iterator74,Dispose,100666004,0x15ddf4,56
Assembly-CSharp,,<Start>c__Iterator74,Reset,100666005,0x15de2c,64
Assembly-CSharp,,<LoadCircuitTextures>c__Iterator75,.ctor,100666006,0x15de6c,44
Assembly-CSharp,,<LoadCircuitTextures>c__Iterator75,System.Collections.Generic.IEnumerator<object>.get_Current,100666007,0x15de98,52
Assembly-CSharp,,<LoadCircuitTextures>c__Iterator75,System.Collections.IEnumerator.get_Current,100666008,0x15decc,52
Assembly-CSharp,,<LoadCircuitTextures>c__Iterator75,MoveNext,100666009,0x15df00,1772
Assembly-CSharp,,<LoadCircuitTextures>c__Iterator75,Dispose,100666010,0x15e5ec,56
Assembly-CSharp,,<LoadCircuitTextures>c__Iterator75,Reset,100666011,0x15e624,64
Assembly-CSharp,,<DeathCount>c__Iterator76,.ctor,100666012,0x15e664,44
Assembly-CSharp,,<DeathCount>c__Iterator76,System.Collections.Generic.IEnumerator<object>.get_Current,100666013,0x15e690,52
Assembly-CSharp,,<DeathCount>c__Iterator76,System.Collections.IEnumerator.get_Current,100666014,0x15e6c4,52
Assembly-CSharp,,<DeathCount>c__Iterator76,MoveNext,100666015,0x15e6f8,216
Assembly-CSharp,,<DeathCount>c__Iterator76,Dispose,100666016,0x15e7d0,56
Assembly-CSharp,,<DeathCount>c__Iterator76,Reset,100666017,0x15e808,64
Assembly-CSharp,,<BlinkLabelCoroutine>c__Iterator77,.ctor,100666018,0x15e848,44
Assembly-CSharp,,<BlinkLabelCoroutine>c__Iterator77,System.Collections.Generic.IEnumerator<object>.get_Current,100666019,0x15e874,52
Assembly-CSharp,,<BlinkLabelCoroutine>c__Iterator77,System.Collections.IEnumerator.get_Current,100666020,0x15e8a8,52
Assembly-CSharp,,<BlinkLabelCoroutine>c__Iterator77,MoveNext,100666021,0x15e8dc,376
Assembly-CSharp,,<BlinkLabelCoroutine>c__Iterator77,Dispose,100666022,0x15ea54,56
Assembly-CSharp,,<BlinkLabelCoroutine>c__Iterator77,Reset,100666023,0x15ea8c,64
Assembly-CSharp,,<BlinkWarningCoroutine>c__Iterator78,.ctor,100666024,0x15eacc,44
Assembly-CSharp,,<BlinkWarningCoroutine>c__Iterator78,System.Collections.Generic.IEnumerator<object>.get_Current,100666025,0x15eaf8,52
Assembly-CSharp,,<BlinkWarningCoroutine>c__Iterator78,System.Collections.IEnumerator.get_Current,100666026,0x15eb2c,52
Assembly-CSharp,,<BlinkWarningCoroutine>c__Iterator78,MoveNext,100666027,0x15eb60,548
Assembly-CSharp,,<BlinkWarningCoroutine>c__Iterator78,Dispose,100666028,0x15ed84,56
Assembly-CSharp,,<BlinkWarningCoroutine>c__Iterator78,Reset,100666029,0x15edbc,64
Assembly-CSharp,,<PreraceCountCoroutine>c__Iterator79,.ctor,100666030,0x15edfc,44
Assembly-CSharp,,<PreraceCountCoroutine>c__Iterator79,System.Collections.Generic.IEnumerator<object>.get_Current,100666031,0x15ee28,52
Assembly-CSharp,,<PreraceCountCoroutine>c__Iterator79,System.Collections.IEnumerator.get_Current,100666032,0x15ee5c,52
Assembly-CSharp,,<PreraceCountCoroutine>c__Iterator79,MoveNext,100666033,0x15ee90,2320
Assembly-CSharp,,<PreraceCountCoroutine>c__Iterator79,Dispose,100666034,0x15f7a0,56
Assembly-CSharp,,<PreraceCountCoroutine>c__Iterator79,Reset,100666035,0x15f7d8,64
Assembly-CSharp,,<AchievementSlideNotificationCoroutine>c__Iterator7A,.ctor,100666036,0x15f818,44
Assembly-CSharp,,<AchievementSlideNotificationCoroutine>c__Iterator7A,System.Collections.Generic.IEnumerator<object>.get_Current,100666037,0x15f844,52
Assembly-CSharp,,<AchievementSlideNotificationCoroutine>c__Iterator7A,System.Collections.IEnumerator.get_Current,100666038,0x15f878,52
Assembly-CSharp,,<AchievementSlideNotificationCoroutine>c__Iterator7A,MoveNext,100666039,0x15f8ac,1760
Assembly-CSharp,,<AchievementSlideNotificationCoroutine>c__Iterator7A,Dispose,100666040,0x15ff8c,56
Assembly-CSharp,,<AchievementSlideNotificationCoroutine>c__Iterator7A,Reset,100666041,0x15ffc4,64
Assembly-CSharp,,<GimpedHudCoroutine>c__Iterator7B,.ctor,100666042,0x160004,44
Assembly-CSharp,,<GimpedHudCoroutine>c__Iterator7B,System.Collections.Generic.IEnumerator<object>.get_Current,100666043,0x160030,52
Assembly-CSharp,,<GimpedHudCoroutine>c__Iterator7B,System.Collections.IEnumerator.get_Current,100666044,0x160064,52
Assembly-CSharp,,<GimpedHudCoroutine>c__Iterator7B,MoveNext,100666045,0x160098,204
Assembly-CSharp,,<GimpedHudCoroutine>c__Iterator7B,Dispose,100666046,0x160164,56
Assembly-CSharp,,<GimpedHudCoroutine>c__Iterator7B,Reset,100666047,0x16019c,64
Assembly-CSharp,,<DisplayNotificationCoroutine>c__Iterator7C,.ctor,100666048,0x1601dc,44
Assembly-CSharp,,<DisplayNotificationCoroutine>c__Iterator7C,System.Collections.Generic.IEnumerator<object>.get_Current,100666049,0x160208,52
Assembly-CSharp,,<DisplayNotificationCoroutine>c__Iterator7C,System.Collections.IEnumerator.get_Current,100666050,0x16023c,52
Assembly-CSharp,,<DisplayNotificationCoroutine>c__Iterator7C,MoveNext,100666051,0x160270,1084
Assembly-CSharp,,<DisplayNotificationCoroutine>c__Iterator7C,Dispose,100666052,0x1606ac,56
Assembly-CSharp,,<DisplayNotificationCoroutine>c__Iterator7C,Reset,100666053,0x1606e4,64
Assembly-CSharp,,<SignalMissionStart>c__Iterator7D,.ctor,100666054,0x160724,44
Assembly-CSharp,,<SignalMissionStart>c__Iterator7D,System.Collections.Generic.IEnumerator<object>.get_Current,100666055,0x160750,52
Assembly-CSharp,,<SignalMissionStart>c__Iterator7D,System.Collections.IEnumerator.get_Current,100666056,0x160784,52
Assembly-CSharp,,<SignalMissionStart>c__Iterator7D,MoveNext,100666057,0x1607b8,3840
Assembly-CSharp,,<SignalMissionStart>c__Iterator7D,Dispose,100666058,0x1616b8,56
Assembly-CSharp,,<SignalMissionStart>c__Iterator7D,Reset,100666059,0x1616f0,64
Assembly-CSharp,,<SignalMissionStart>c__Iterator7D,<>m__34,100666060,0x161730,92
Assembly-CSharp,,<SignalMissionComplete>c__Iterator7E,.ctor,100666061,0x16178c,44
Assembly-CSharp,,<SignalMissionComplete>c__Iterator7E,System.Collections.Generic.IEnumerator<object>.get_Current,100666062,0x1617b8,52
Assembly-CSharp,,<SignalMissionComplete>c__Iterator7E,System.Collections.IEnumerator.get_Current,100666063,0x1617ec,52
Assembly-CSharp,,<SignalMissionComplete>c__Iterator7E,MoveNext,100666064,0x161820,1444
Assembly-CSharp,,<SignalMissionComplete>c__Iterator7E,Dispose,100666065,0x161dc4,56
Assembly-CSharp,,<SignalMissionComplete>c__Iterator7E,Reset,100666066,0x161dfc,64
Assembly-CSharp,,<AnimateBrakeButtonIn>c__Iterator7F,.ctor,100666067,0x161e3c,44
Assembly-CSharp,,<AnimateBrakeButtonIn>c__Iterator7F,System.Collections.Generic.IEnumerator<object>.get_Current,100666068,0x161e68,52
Assembly-CSharp,,<AnimateBrakeButtonIn>c__Iterator7F,System.Collections.IEnumerator.get_Current,100666069,0x161e9c,52
Assembly-CSharp,,<AnimateBrakeButtonIn>c__Iterator7F,MoveNext,100666070,0x161ed0,664
Assembly-CSharp,,<AnimateBrakeButtonIn>c__Iterator7F,Dispose,100666071,0x162168,56
Assembly-CSharp,,<AnimateBrakeButtonIn>c__Iterator7F,Reset,100666072,0x1621a0,64
Assembly-CSharp,,<AnimateDriftButtonIn>c__Iterator80,.ctor,100666073,0x1621e0,44
Assembly-CSharp,,<AnimateDriftButtonIn>c__Iterator80,System.Collections.Generic.IEnumerator<object>.get_Current,100666074,0x16220c,52
Assembly-CSharp,,<AnimateDriftButtonIn>c__Iterator80,System.Collections.IEnumerator.get_Current,100666075,0x162240,52
Assembly-CSharp,,<AnimateDriftButtonIn>c__Iterator80,MoveNext,100666076,0x162274,672
Assembly-CSharp,,<AnimateDriftButtonIn>c__Iterator80,Dispose,100666077,0x162514,56
Assembly-CSharp,,<AnimateDriftButtonIn>c__Iterator80,Reset,100666078,0x16254c,64
Assembly-CSharp,,<AnimatePowerupDohickeyIn>c__Iterator81,.ctor,100666079,0x16258c,44
Assembly-CSharp,,<AnimatePowerupDohickeyIn>c__Iterator81,System.Collections.Generic.IEnumerator<object>.get_Current,100666080,0x1625b8,52
Assembly-CSharp,,<AnimatePowerupDohickeyIn>c__Iterator81,System.Collections.IEnumerator.get_Current,100666081,0x1625ec,52
Assembly-CSharp,,<AnimatePowerupDohickeyIn>c__Iterator81,MoveNext,100666082,0x162620,696
Assembly-CSharp,,<AnimatePowerupDohickeyIn>c__Iterator81,Dispose,100666083,0x1628d8,56
Assembly-CSharp,,<AnimatePowerupDohickeyIn>c__Iterator81,Reset,100666084,0x162910,64
Assembly-CSharp,,<DoWrongWayNotice>c__Iterator82,.ctor,100666085,0x162950,44
Assembly-CSharp,,<DoWrongWayNotice>c__Iterator82,System.Collections.Generic.IEnumerator<object>.get_Current,100666086,0x16297c,52
Assembly-CSharp,,<DoWrongWayNotice>c__Iterator82,System.Collections.IEnumerator.get_Current,100666087,0x1629b0,52
Assembly-CSharp,,<DoWrongWayNotice>c__Iterator82,MoveNext,100666088,0x1629e4,532
Assembly-CSharp,,<DoWrongWayNotice>c__Iterator82,Dispose,100666089,0x162bf8,56
Assembly-CSharp,,<DoWrongWayNotice>c__Iterator82,Reset,100666090,0x162c30,64
Assembly-CSharp,,<Lifetime>c__Iterator83,.ctor,100666091,0x162c70,44
Assembly-CSharp,,<Lifetime>c__Iterator83,System.Collections.Generic.IEnumerator<object>.get_Current,100666092,0x162c9c,52
Assembly-CSharp,,<Lifetime>c__Iterator83,System.Collections.IEnumerator.get_Current,100666093,0x162cd0,52
Assembly-CSharp,,<Lifetime>c__Iterator83,MoveNext,100666094,0x162d04,460
Assembly-CSharp,,<Lifetime>c__Iterator83,Dispose,100666095,0x162ed0,56
Assembly-CSharp,,<Lifetime>c__Iterator83,Reset,100666096,0x162f08,64
Assembly-CSharp,,<FadeIn>c__Iterator84,.ctor,100666097,0x162f48,44
Assembly-CSharp,,<FadeIn>c__Iterator84,System.Collections.Generic.IEnumerator<object>.get_Current,100666098,0x162f74,52
Assembly-CSharp,,<FadeIn>c__Iterator84,System.Collections.IEnumerator.get_Current,100666099,0x162fa8,52
Assembly-CSharp,,<FadeIn>c__Iterator84,MoveNext,100666100,0x162fdc,972
Assembly-CSharp,,<FadeIn>c__Iterator84,Dispose,100666101,0x1633a8,56
Assembly-CSharp,,<FadeIn>c__Iterator84,Reset,100666102,0x1633e0,64
Assembly-CSharp,,<FadeOut>c__Iterator85,.ctor,100666103,0x163420,44
Assembly-CSharp,,<FadeOut>c__Iterator85,System.Collections.Generic.IEnumerator<object>.get_Current,100666104,0x16344c,52
Assembly-CSharp,,<FadeOut>c__Iterator85,System.Collections.IEnumerator.get_Current,100666105,0x163480,52
Assembly-CSharp,,<FadeOut>c__Iterator85,MoveNext,100666106,0x1634b4,692
Assembly-CSharp,,<FadeOut>c__Iterator85,Dispose,100666107,0x163768,56
Assembly-CSharp,,<FadeOut>c__Iterator85,Reset,100666108,0x1637a0,64
Assembly-CSharp,,<Start>c__Iterator86,.ctor,100666109,0x1637e0,44
Assembly-CSharp,,<Start>c__Iterator86,System.Collections.Generic.IEnumerator<object>.get_Current,100666110,0x16380c,52
Assembly-CSharp,,<Start>c__Iterator86,System.Collections.IEnumerator.get_Current,100666111,0x163840,52
Assembly-CSharp,,<Start>c__Iterator86,MoveNext,100666112,0x163874,404
Assembly-CSharp,,<Start>c__Iterator86,Dispose,100666113,0x163a08,56
Assembly-CSharp,,<Start>c__Iterator86,Reset,100666114,0x163a40,64
Assembly-CSharp,,<AnimateScreenCoroutine>c__Iterator87,.ctor,100666115,0x163a80,44
Assembly-CSharp,,<AnimateScreenCoroutine>c__Iterator87,System.Collections.Generic.IEnumerator<object>.get_Current,100666116,0x163aac,52
Assembly-CSharp,,<AnimateScreenCoroutine>c__Iterator87,System.Collections.IEnumerator.get_Current,100666117,0x163ae0,52
Assembly-CSharp,,<AnimateScreenCoroutine>c__Iterator87,MoveNext,100666118,0x163b14,1724
Assembly-CSharp,,<AnimateScreenCoroutine>c__Iterator87,Dispose,100666119,0x1641d0,56
Assembly-CSharp,,<AnimateScreenCoroutine>c__Iterator87,Reset,100666120,0x164208,64
Assembly-CSharp,,<CheckForRewindTutorial>c__Iterator88,.ctor,100666121,0x164248,44
Assembly-CSharp,,<CheckForRewindTutorial>c__Iterator88,System.Collections.Generic.IEnumerator<object>.get_Current,100666122,0x164274,52
Assembly-CSharp,,<CheckForRewindTutorial>c__Iterator88,System.Collections.IEnumerator.get_Current,100666123,0x1642a8,52
Assembly-CSharp,,<CheckForRewindTutorial>c__Iterator88,MoveNext,100666124,0x1642dc,440
Assembly-CSharp,,<CheckForRewindTutorial>c__Iterator88,Dispose,100666125,0x164494,56
Assembly-CSharp,,<CheckForRewindTutorial>c__Iterator88,Reset,100666126,0x1644cc,64
Assembly-CSharp,,<AnimatePlaceResultsCoroutine>c__Iterator89,.ctor,100666127,0x16450c,44
Assembly-CSharp,,<AnimatePlaceResultsCoroutine>c__Iterator89,System.Collections.Generic.IEnumerator<object>.get_Current,100666128,0x164538,52
Assembly-CSharp,,<AnimatePlaceResultsCoroutine>c__Iterator89,System.Collections.IEnumerator.get_Current,100666129,0x16456c,52
Assembly-CSharp,,<AnimatePlaceResultsCoroutine>c__Iterator89,MoveNext,100666130,0x1645a0,1588
Assembly-CSharp,,<AnimatePlaceResultsCoroutine>c__Iterator89,Dispose,100666131,0x164bd4,56
Assembly-CSharp,,<AnimatePlaceResultsCoroutine>c__Iterator89,Reset,100666132,0x164c0c,64
Assembly-CSharp,,<AnimateCoinsCoroutine>c__Iterator8A,.ctor,100666133,0x164c4c,44
Assembly-CSharp,,<AnimateCoinsCoroutine>c__Iterator8A,System.Collections.Generic.IEnumerator<object>.get_Current,100666134,0x164c78,52
Assembly-CSharp,,<AnimateCoinsCoroutine>c__Iterator8A,System.Collections.IEnumerator.get_Current,100666135,0x164cac,52
Assembly-CSharp,,<AnimateCoinsCoroutine>c__Iterator8A,MoveNext,100666136,0x164ce0,3616
Assembly-CSharp,,<AnimateCoinsCoroutine>c__Iterator8A,Dispose,100666137,0x165b00,56
Assembly-CSharp,,<AnimateCoinsCoroutine>c__Iterator8A,Reset,100666138,0x165b38,64
Assembly-CSharp,,<DestroyThis>c__Iterator8B,.ctor,100666139,0x165b78,44
Assembly-CSharp,,<DestroyThis>c__Iterator8B,System.Collections.Generic.IEnumerator<object>.get_Current,100666140,0x165ba4,52
Assembly-CSharp,,<DestroyThis>c__Iterator8B,System.Collections.IEnumerator.get_Current,100666141,0x165bd8,52
Assembly-CSharp,,<DestroyThis>c__Iterator8B,MoveNext,100666142,0x165c0c,340
Assembly-CSharp,,<DestroyThis>c__Iterator8B,Dispose,100666143,0x165d60,56
Assembly-CSharp,,<DestroyThis>c__Iterator8B,Reset,100666144,0x165d98,64
Assembly-CSharp,,<FadeInHelper>c__Iterator8C,.ctor,100666145,0x165dd8,44
Assembly-CSharp,,<FadeInHelper>c__Iterator8C,System.Collections.Generic.IEnumerator<object>.get_Current,100666146,0x165e04,52
Assembly-CSharp,,<FadeInHelper>c__Iterator8C,System.Collections.IEnumerator.get_Current,100666147,0x165e38,52
Assembly-CSharp,,<FadeInHelper>c__Iterator8C,MoveNext,100666148,0x165e6c,592
Assembly-CSharp,,<FadeInHelper>c__Iterator8C,Dispose,100666149,0x1660bc,56
Assembly-CSharp,,<FadeInHelper>c__Iterator8C,Reset,100666150,0x1660f4,64
Assembly-CSharp,,<FadeOutHelper>c__Iterator8D,.ctor,100666151,0x166134,44
Assembly-CSharp,,<FadeOutHelper>c__Iterator8D,System.Collections.Generic.IEnumerator<object>.get_Current,100666152,0x166160,52
Assembly-CSharp,,<FadeOutHelper>c__Iterator8D,System.Collections.IEnumerator.get_Current,100666153,0x166194,52
Assembly-CSharp,,<FadeOutHelper>c__Iterator8D,MoveNext,100666154,0x1661c8,524
Assembly-CSharp,,<FadeOutHelper>c__Iterator8D,Dispose,100666155,0x1663d4,56
Assembly-CSharp,,<FadeOutHelper>c__Iterator8D,Reset,100666156,0x16640c,64
Assembly-CSharp,,<GetPathIndex>c__AnonStorey8E,.ctor,100666157,0x16644c,44
Assembly-CSharp,,<GetPathIndex>c__AnonStorey8E,<>m__0,100666158,0x166478,72
Assembly-CSharp,,<EvaluateStates>c__AnonStorey8F,.ctor,100666159,0x1664c0,44
Assembly-CSharp,,<EvaluateStates>c__AnonStorey8F,<>m__1,100666160,0x1664ec,80
Assembly-CSharp,,<LoadPartCosts>c__AnonStorey90,.ctor,100666161,0x16653c,44
Assembly-CSharp,,<LoadPartCosts>c__AnonStorey90,<>m__2,100666162,0x166568,72
Assembly-CSharp,,<LoadPartCosts>c__AnonStorey90,<>m__3,100666163,0x1665b0,72
Assembly-CSharp,,<IsFading>c__AnonStorey91,.ctor,100666164,0x1665f8,44
Assembly-CSharp,,<IsFading>c__AnonStorey91,<>m__5,100666165,0x166624,88
Assembly-CSharp,,<Fade>c__AnonStorey92,.ctor,100666166,0x16667c,44
Assembly-CSharp,,<Fade>c__AnonStorey92,<>m__6,100666167,0x1666a8,88
Assembly-CSharp,,<Fade>c__AnonStorey92,<>m__7,100666168,0x166700,88
Assembly-CSharp,,<Start>c__AnonStorey93,.ctor,100666169,0x166758,44
Assembly-CSharp,,<Start>c__AnonStorey93,<>m__E,100666170,0x166784,76
Assembly-CSharp,,<LoadPackage>c__AnonStorey94,.ctor,100666171,0x1667d0,44
Assembly-CSharp,,<LoadPackage>c__AnonStorey94,<>m__F,100666172,0x1667fc,76
Assembly-CSharp,,<UnloadPackage>c__AnonStorey95,.ctor,100666173,0x166848,44
Assembly-CSharp,,<UnloadPackage>c__AnonStorey95,<>m__10,100666174,0x166874,76
Assembly-CSharp,,<IsPackageLoaded>c__AnonStorey96,.ctor,100666175,0x1668c0,44
Assembly-CSharp,,<IsPackageLoaded>c__AnonStorey96,<>m__11,100666176,0x1668ec,76
Assembly-CSharp,,<DetermineAICars>c__AnonStorey97,.ctor,100666177,0x166938,44
Assembly-CSharp,,<DetermineAICars>c__AnonStorey97,<>m__16,100666178,0x166964,96
Assembly-CSharp,,<GetCircuitMedalCount>c__AnonStorey98,.ctor,100666179,0x1669c4,44
Assembly-CSharp,,<GetCircuitMedalCount>c__AnonStorey98,<>m__19,100666180,0x1669f0,76
Assembly-CSharp,,<GetTrackMedalCount>c__AnonStorey99,.ctor,100666181,0x166a3c,44
Assembly-CSharp,,<GetTrackMedalCount>c__AnonStorey99,<>m__1A,100666182,0x166a68,84
Assembly-CSharp,,<GetCircuitTracks>c__AnonStorey9A,.ctor,100666183,0x166abc,44
Assembly-CSharp,,<GetCircuitTracks>c__AnonStorey9A,<>m__1B,100666184,0x166ae8,76
Assembly-CSharp,,<SetupButton>c__AnonStorey9B,.ctor,100666185,0x166b34,44
Assembly-CSharp,,<SetupButton>c__AnonStorey9B,<>m__1C,100666186,0x166b60,68
Assembly-CSharp,,<Start>c__AnonStorey9C,.ctor,100666187,0x166ba4,44
Assembly-CSharp,,<Start>c__AnonStorey9C,<>m__1D,100666188,0x166bd0,76
Assembly-CSharp,,<SetCameraToSlot>c__AnonStorey9D,.ctor,100666189,0x166c1c,44
Assembly-CSharp,,<SetCameraToSlot>c__AnonStorey9D,<>m__20,100666190,0x166c48,136
Assembly-CSharp,,<PressedUpArrow>c__AnonStorey9E,.ctor,100666191,0x166cd0,44
Assembly-CSharp,,<PressedUpArrow>c__AnonStorey9E,<>m__21,100666192,0x166cfc,84
Assembly-CSharp,,<PressedDownArrow>c__AnonStorey9F,.ctor,100666193,0x166d50,44
Assembly-CSharp,,<PressedDownArrow>c__AnonStorey9F,<>m__22,100666194,0x166d7c,84
Assembly-CSharp,,<RequestMenuChange>c__AnonStoreyA0,.ctor,100666195,0x166dd0,44
Assembly-CSharp,,<RequestMenuChange>c__AnonStoreyA0,<>m__24,100666196,0x166dfc,68
Assembly-CSharp,,<AddPart>c__AnonStoreyA1,.ctor,100666197,0x166e40,44
Assembly-CSharp,,<AddPart>c__AnonStoreyA1,<>m__26,100666198,0x166e6c,84
Assembly-CSharp,,<RemovePart>c__AnonStoreyA2,.ctor,100666199,0x166ec0,44
Assembly-CSharp,,<RemovePart>c__AnonStoreyA2,<>m__27,100666200,0x166eec,84
Assembly-CSharp,,<AddPaint>c__AnonStoreyA3,.ctor,100666201,0x166f40,44
Assembly-CSharp,,<AddPaint>c__AnonStoreyA3,<>m__28,100666202,0x166f6c,84
Assembly-CSharp,,<RemovePaint>c__AnonStoreyA4,.ctor,100666203,0x166fc0,44
Assembly-CSharp,,<RemovePaint>c__AnonStoreyA4,<>m__29,100666204,0x166fec,104
Assembly-CSharp,,<UpdateHUD>c__AnonStoreyA5,.ctor,100666205,0x167054,44
Assembly-CSharp,,<UpdateHUD>c__AnonStoreyA5,<>m__31,100666206,0x167080,96
Assembly-CSharp,,<UpdateHUD>c__AnonStoreyA5,<>m__32,100666207,0x1670e0,96
Assembly-CSharp,,<UpdateHUD>c__AnonStoreyA5,<>m__33,100666208,0x167140,96
Assembly-CSharp,,<FillRank>c__AnonStoreyA6,.ctor,100666209,0x1671a0,44
Assembly-CSharp,,<FillRank>c__AnonStoreyA6,<>m__35,100666210,0x1671cc,76
Assembly-CSharp-firstpass,,BurstlyBinding,Init,100663298,0xaf10,52
Assembly-CSharp-firstpass,,BurstlyBinding,ShowBanner,100663300,0xaf44,268
Assembly-CSharp-firstpass,,BurstlyBinding,HideBanner,100663302,0xb050,40
Assembly-CSharp-firstpass,,BurstlyBinding,SetRefreshInterval,100663304,0xb078,68
Assembly-CSharp-firstpass,,BurstlyBinding,PlaceFakeBanner,100663306,0xb0bc,204
Assembly-CSharp-firstpass,,BurstlyBinding,RemoveFakeBanner,100663308,0xb188,40
Assembly-CSharp-firstpass,,BurstlyBinding,CacheInterstitial,100663310,0xb1b0,52
Assembly-CSharp-firstpass,,BurstlyBinding,SetInterstitialAutoCache,100663312,0xb1e4,60
Assembly-CSharp-firstpass,,BurstlyBinding,ShowInterstitial,100663314,0xb220,52
Assembly-CSharp-firstpass,,MoreGamesBinding,.ctor,100663315,0xb254,44
Assembly-CSharp-firstpass,,MoreGamesBinding,Init,100663317,0xb280,40
Assembly-CSharp-firstpass,,MoreGamesBinding,ShowWindow,100663319,0xb2a8,40
Assembly-CSharp-firstpass,,MoreGamesBinding,HideWindow,100663321,0xb2d0,40
Assembly-CSharp-firstpass,,MoreGamesBinding,IsShowingWindow,100663323,0xb2f8,40
Assembly-CSharp-firstpass,,GameCenterAchievement,.ctor,100663324,0xb320,816
Assembly-CSharp-firstpass,,GameCenterAchievement,fromJSON,100663325,0xb650,720
Assembly-CSharp-firstpass,,GameCenterAchievement,ToString,100663326,0xb920,424
Assembly-CSharp-firstpass,,GameCenterAchievementMetadata,.ctor,100663327,0xbac8,628
Assembly-CSharp-firstpass,,GameCenterAchievementMetadata,fromJSON,100663328,0xbd3c,720
Assembly-CSharp-firstpass,,GameCenterAchievementMetadata,ToString,100663329,0xc00c,320
Assembly-CSharp-firstpass,,GameCenterBinding,.ctor,100663330,0xc14c,44
Assembly-CSharp-firstpass,,GameCenterBinding,isGameCenterAvailable,100663332,0xc178,60
Assembly-CSharp-firstpass,,GameCenterBinding,authenticateLocalPlayer,100663334,0xc1b4,52
Assembly-CSharp-firstpass,,GameCenterBinding,isPlayerAuthenticated,100663336,0xc1e8,60
Assembly-CSharp-firstpass,,GameCenterBinding,playerAlias,100663338,0xc224,76
Assembly-CSharp-firstpass,,GameCenterBinding,playerIdentifier,100663340,0xc270,76
Assembly-CSharp-firstpass,,GameCenterBinding,isUnderage,100663342,0xc2bc,60
Assembly-CSharp-firstpass,,GameCenterBinding,retrieveFriends,100663344,0xc2f8,64
Assembly-CSharp-firstpass,,GameCenterBinding,loadPlayerData,100663346,0xc338,92
Assembly-CSharp-firstpass,,GameCenterBinding,loadProfilePhotoForLocalPlayer,100663348,0xc394,52
Assembly-CSharp-firstpass,,GameCenterBinding,loadLeaderboardTitles,100663350,0xc3c8,52
Assembly-CSharp-firstpass,,GameCenterBinding,reportScore,100663352,0xc3fc,80
Assembly-CSharp-firstpass,,GameCenterBinding,showLeaderboardWithTimeScope,100663354,0xc44c,64
Assembly-CSharp-firstpass,,GameCenterBinding,showLeaderboardWithTimeScopeAndLeaderboard,100663356,0xc48c,72
Assembly-CSharp-firstpass,,GameCenterBinding,retrieveScores,100663358,0xc4d4,88
Assembly-CSharp-firstpass,,GameCenterBinding,retrieveScores,100663360,0xc52c,104
Assembly-CSharp-firstpass,,GameCenterBinding,retrieveScoresForPlayerId,100663362,0xc594,64
Assembly-CSharp-firstpass,,GameCenterBinding,retrieveScoresForPlayerId,100663364,0xc5d4,72
Assembly-CSharp-firstpass,,GameCenterBinding,reportAchievement,100663366,0xc61c,88
Assembly-CSharp-firstpass,,GameCenterBinding,getAchievements,100663368,0xc674,52
Assembly-CSharp-firstpass,,GameCenterBinding,resetAchievements,100663370,0xc6a8,52
Assembly-CSharp-firstpass,,GameCenterBinding,showAchievements,100663372,0xc6dc,52
Assembly-CSharp-firstpass,,GameCenterBinding,retrieveAchievementMetadata,100663374,0xc710,52
Assembly-CSharp-firstpass,,GameCenterBinding,showCompletionBannerForAchievements,100663376,0xc744,52
Assembly-CSharp-firstpass,,GameCenterEventListener,.ctor,100663377,0xc778,52
Assembly-CSharp-firstpass,,GameCenterEventListener,Start,100663378,0xc7ac,1808
Assembly-CSharp-firstpass,,GameCenterEventListener,OnDisable,100663379,0xcebc,1732
Assembly-CSharp-firstpass,,GameCenterEventListener,playerAuthenticated,100663380,0xd580,64
Assembly-CSharp-firstpass,,GameCenterEventListener,playerFailedToAuthenticate,100663381,0xd5c0,76
Assembly-CSharp-firstpass,,GameCenterEventListener,playerLoggedOut,100663382,0xd60c,64
Assembly-CSharp-firstpass,,GameCenterEventListener,playerDataLoaded,100663383,0xd64c,328
Assembly-CSharp-firstpass,,GameCenterEventListener,loadPlayerDataFailed,100663384,0xd794,76
Assembly-CSharp-firstpass,,GameCenterEventListener,profilePhotoLoaded,100663385,0xd7e0,76
Assembly-CSharp-firstpass,,GameCenterEventListener,profilePhotoFailed,100663386,0xd82c,76
Assembly-CSharp-firstpass,,GameCenterEventListener,categoriesLoaded,100663387,0xd878,328
Assembly-CSharp-firstpass,,GameCenterEventListener,loadCategoryTitlesFailed,100663388,0xd9c0,76
Assembly-CSharp-firstpass,,GameCenterEventListener,scoresLoaded,100663389,0xda0c,328
Assembly-CSharp-firstpass,,GameCenterEventListener,retrieveScoresFailed,100663390,0xdb54,76
Assembly-CSharp-firstpass,,GameCenterEventListener,retrieveScoresForPlayerIdFailed,100663391,0xdba0,76
Assembly-CSharp-firstpass,,GameCenterEventListener,scoresForPlayerIdLoaded,100663392,0xdbec,328
Assembly-CSharp-firstpass,,GameCenterEventListener,reportScoreFinished,100663393,0xdd34,76
Assembly-CSharp-firstpass,,GameCenterEventListener,reportScoreFailed,100663394,0xdd80,76
Assembly-CSharp-firstpass,,GameCenterEventListener,achievementMetadataLoaded,100663395,0xddcc,328
Assembly-CSharp-firstpass,,GameCenterEventListener,retrieveAchievementMetadataFailed,100663396,0xdf14,76
Assembly-CSharp-firstpass,,GameCenterEventListener,resetAchievementsFinished,100663397,0xdf60,64
Assembly-CSharp-firstpass,,GameCenterEventListener,resetAchievementsFailed,100663398,0xdfa0,76
Assembly-CSharp-firstpass,,GameCenterEventListener,achievementsLoaded,100663399,0xdfec,328
Assembly-CSharp-firstpass,,GameCenterEventListener,loadAchievementsFailed,100663400,0xe134,76
Assembly-CSharp-firstpass,,GameCenterEventListener,reportAchievementFinished,100663401,0xe180,76
Assembly-CSharp-firstpass,,GameCenterEventListener,reportAchievementFailed,100663402,0xe1cc,76
Assembly-CSharp-firstpass,,GameCenterLeaderboard,.ctor,100663403,0xe218,72
Assembly-CSharp-firstpass,,GameCenterLeaderboard,fromJSON,100663404,0xe260,888
Assembly-CSharp-firstpass,,GameCenterLeaderboard,ToString,100663405,0xe5d8,76
Assembly-CSharp-firstpass,,GameCenterManager,.ctor,100663406,0xe624,52
Assembly-CSharp-firstpass,,GameCenterManager,add_loadPlayerDataFailed,100663407,0xe658,160
Assembly-CSharp-firstpass,,GameCenterManager,remove_loadPlayerDataFailed,100663408,0xe6f8,160
Assembly-CSharp-firstpass,,GameCenterManager,add_playerDataLoaded,100663409,0xe798,160
Assembly-CSharp-firstpass,,GameCenterManager,remove_playerDataLoaded,100663410,0xe838,160
Assembly-CSharp-firstpass,,GameCenterManager,add_playerAuthenticated,100663411,0xe8d8,160
Assembly-CSharp-firstpass,,GameCenterManager,remove_playerAuthenticated,100663412,0xe978,160
Assembly-CSharp-firstpass,,GameCenterManager,add_playerFailedToAuthenticate,100663413,0xea18,160
Assembly-CSharp-firstpass,,GameCenterManager,remove_playerFailedToAuthenticate,100663414,0xeab8,160
Assembly-CSharp-firstpass,,GameCenterManager,add_playerLoggedOut,100663415,0xeb58,160
Assembly-CSharp-firstpass,,GameCenterManager,remove_playerLoggedOut,100663416,0xebf8,160
Assembly-CSharp-firstpass,,GameCenterManager,add_profilePhotoLoaded,100663417,0xec98,160
Assembly-CSharp-firstpass,,GameCenterManager,remove_profilePhotoLoaded,100663418,0xed38,160
Assembly-CSharp-firstpass,,GameCenterManager,add_profilePhotoFailed,100663419,0xedd8,160
Assembly-CSharp-firstpass,,GameCenterManager,remove_profilePhotoFailed,100663420,0xee78,160
Assembly-CSharp-firstpass,,GameCenterManager,add_loadCategoryTitlesFailed,100663421,0xef18,160
Assembly-CSharp-firstpass,,GameCenterManager,remove_loadCategoryTitlesFailed,100663422,0xefb8,160
Assembly-CSharp-firstpass,,GameCenterManager,add_categoriesLoaded,100663423,0xf058,160
Assembly-CSharp-firstpass,,GameCenterManager,remove_categoriesLoaded,100663424,0xf0f8,160
Assembly-CSharp-firstpass,,GameCenterManager,add_reportScoreFailed,100663425,0xf198,160
Assembly-CSharp-firstpass,,GameCenterManager,remove_reportScoreFailed,100663426,0xf238,160
Assembly-CSharp-firstpass,,GameCenterManager,add_reportScoreFinished,100663427,0xf2d8,160
Assembly-CSharp-firstpass,,GameCenterManager,remove_reportScoreFinished,100663428,0xf378,160
Assembly-CSharp-firstpass,,GameCenterManager,add_retrieveScoresFailed,100663429,0xf418,160
Assembly-CSharp-firstpass,,GameCenterManager,remove_retrieveScoresFailed,100663430,0xf4b8,160
Assembly-CSharp-firstpass,,GameCenterManager,add_scoresLoaded,100663431,0xf558,160
Assembly-CSharp-firstpass,,GameCenterManager,remove_scoresLoaded,100663432,0xf5f8,160
Assembly-CSharp-firstpass,,GameCenterManager,add_retrieveScoresForPlayerIdFailed,100663433,0xf698,160
Assembly-CSharp-firstpass,,GameCenterManager,remove_retrieveScoresForPlayerIdFailed,100663434,0xf738,160
Assembly-CSharp-firstpass,,GameCenterManager,add_scoresForPlayerIdLoaded,100663435,0xf7d8,160
Assembly-CSharp-firstpass,,GameCenterManager,remove_scoresForPlayerIdLoaded,100663436,0xf878,160
Assembly-CSharp-firstpass,,GameCenterManager,add_reportAchievementFailed,100663437,0xf918,160
Assembly-CSharp-firstpass,,GameCenterManager,remove_reportAchievementFailed,100663438,0xf9b8,160
Assembly-CSharp-firstpass,,GameCenterManager,add_reportAchievementFinished,100663439,0xfa58,160
Assembly-CSharp-firstpass,,GameCenterManager,remove_reportAchievementFinished,100663440,0xfaf8,160
Assembly-CSharp-firstpass,,GameCenterManager,add_loadAchievementsFailed,100663441,0xfb98,160
Assembly-CSharp-firstpass,,GameCenterManager,remove_loadAchievementsFailed,100663442,0xfc38,160
Assembly-CSharp-firstpass,,GameCenterManager,add_achievementsLoaded,100663443,0xfcd8,160
Assembly-CSharp-firstpass,,GameCenterManager,remove_achievementsLoaded,100663444,0xfd78,160
Assembly-CSharp-firstpass,,GameCenterManager,add_resetAchievementsFailed,100663445,0xfe18,160
Assembly-CSharp-firstpass,,GameCenterManager,remove_resetAchievementsFailed,100663446,0xfeb8,160
Assembly-CSharp-firstpass,,GameCenterManager,add_resetAchievementsFinished,100663447,0xff58,160
Assembly-CSharp-firstpass,,GameCenterManager,remove_resetAchievementsFinished,100663448,0xfff8,160
Assembly-CSharp-firstpass,,GameCenterManager,add_retrieveAchievementMetadataFailed,100663449,0x10098,160
Assembly-CSharp-firstpass,,GameCenterManager,remove_retrieveAchievementMetadataFailed,100663450,0x10138,160
Assembly-CSharp-firstpass,,GameCenterManager,add_achievementMetadataLoaded,100663451,0x101d8,160
Assembly-CSharp-firstpass,,GameCenterManager,remove_achievementMetadataLoaded,100663452,0x10278,160
Assembly-CSharp-firstpass,,GameCenterManager,Awake,100663453,0x10318,108
Assembly-CSharp-firstpass,,GameCenterManager,Start,100663454,0x10384,88
Assembly-CSharp-firstpass,,GameCenterManager,loadPlayerDataDidFail,100663455,0x103dc,112
Assembly-CSharp-firstpass,,GameCenterManager,loadPlayerDataDidLoad,100663456,0x1044c,124
Assembly-CSharp-firstpass,,GameCenterManager,playerDidLogOut,100663457,0x104c8,104
Assembly-CSharp-firstpass,,GameCenterManager,playerDidAuthenticate,100663458,0x10530,104
Assembly-CSharp-firstpass,,GameCenterManager,playerAuthenticationFailed,100663459,0x10598,112
Assembly-CSharp-firstpass,,GameCenterManager,loadProfilePhotoDidLoad,100663460,0x10608,112
Assembly-CSharp-firstpass,,GameCenterManager,loadProfilePhotoDidFail,100663461,0x10678,112
Assembly-CSharp-firstpass,,GameCenterManager,loadCategoryTitlesDidFail,100663462,0x106e8,112
Assembly-CSharp-firstpass,,GameCenterManager,categoriesDidLoad,100663463,0x10758,124
Assembly-CSharp-firstpass,,GameCenterManager,reportScoreDidFail,100663464,0x107d4,112
Assembly-CSharp-firstpass,,GameCenterManager,reportScoreDidFinish,100663465,0x10844,112
Assembly-CSharp-firstpass,,GameCenterManager,retrieveScoresDidFail,100663466,0x108b4,112
Assembly-CSharp-firstpass,,GameCenterManager,retrieveScoresDidLoad,100663467,0x10924,124
Assembly-CSharp-firstpass,,GameCenterManager,retrieveScoresForPlayerIdDidFail,100663468,0x109a0,112
Assembly-CSharp-firstpass,,GameCenterManager,retrieveScoresForPlayerIdDidLoad,100663469,0x10a10,124
Assembly-CSharp-firstpass,,GameCenterManager,reportAchievementDidFail,100663470,0x10a8c,112
Assembly-CSharp-firstpass,,GameCenterManager,reportAchievementDidFinish,100663471,0x10afc,112
Assembly-CSharp-firstpass,,GameCenterManager,loadAchievementsDidFail,100663472,0x10b6c,112
Assembly-CSharp-firstpass,,GameCenterManager,achievementsDidLoad,100663473,0x10bdc,124
Assembly-CSharp-firstpass,,GameCenterManager,resetAchievementsDidFail,100663474,0x10c58,112
Assembly-CSharp-firstpass,,GameCenterManager,resetAchievementsDidFinish,100663475,0x10cc8,108
Assembly-CSharp-firstpass,,GameCenterManager,retrieveAchievementsMetadataDidFail,100663476,0x10d34,112
Assembly-CSharp-firstpass,,GameCenterManager,achievementMetadataDidLoad,100663477,0x10da4,124
Assembly-CSharp-firstpass,,GameCenterPlayer,.ctor,100663478,0x10e20,488
Assembly-CSharp-firstpass,,GameCenterPlayer,fromJSON,100663479,0x11008,720
Assembly-CSharp-firstpass,,GameCenterPlayer,ToString,100663480,0x112d8,136
Assembly-CSharp-firstpass,,GameCenterScore,.ctor,100663481,0x11360,1352
Assembly-CSharp-firstpass,,GameCenterScore,fromJSON,100663482,0x118a8,720
Assembly-CSharp-firstpass,,GameCenterScore,ToString,100663483,0x11b78,400
Assembly-CSharp-firstpass,,GameCenterGUIManager,.ctor,100663484,0x11d08,52
Assembly-CSharp-firstpass,,GameCenterGUIManager,Start,100663485,0x11d3c,348
Assembly-CSharp-firstpass,,GameCenterGUIManager,OnGUI,100663486,0x11e98,4152
Assembly-CSharp-firstpass,,GameCenterGUIManager,<Start>m__0,100663487,0x12ed0,60
Assembly-CSharp-firstpass,,GameCenterGUIManager,<Start>m__1,100663488,0x12f0c,60
Assembly-CSharp-firstpass,,GameCenterGUIManager,<Start>m__2,100663489,0x12f48,40
Assembly-CSharp-firstpass,,AudioManager,.ctor,100663490,0x12f70,84
Assembly-CSharp-firstpass,,AudioManager,.cctor,100663491,0x12fc4,36
Assembly-CSharp-firstpass,,AudioManager,get_instance,100663492,0x12fe8,248
Assembly-CSharp-firstpass,,AudioManager,OnDisable,100663493,0x130e0,68
Assembly-CSharp-firstpass,,AudioManager,OnEnable,100663494,0x13124,68
Assembly-CSharp-firstpass,,AudioManager,get_SoundEffectsVolume,100663495,0x13168,144
Assembly-CSharp-firstpass,,AudioManager,set_SoundEffectsVolume,100663496,0x131f8,108
Assembly-CSharp-firstpass,,GDMOBinding,.ctor,100663497,0x13264,44
Assembly-CSharp-firstpass,,GDMOBinding,InitWithAppKey,100663499,0x13290,60
Assembly-CSharp-firstpass,,GDMOBinding,InitWithAppKey,100663501,0x132cc,68
Assembly-CSharp-firstpass,,GDMOBinding,LogAnalyticsEvent,100663503,0x13310,52
Assembly-CSharp-firstpass,,GDMOBinding,LogAnalyticsEventWithContext,100663505,0x13344,68
Assembly-CSharp-firstpass,,GDMOBinding,FlushAnalyticsQueue,100663507,0x13388,40
Assembly-CSharp-firstpass,,Dialog,.ctor,100663508,0x133b0,260
Assembly-CSharp-firstpass,,Dialog,get_On,100663509,0x134b4,52
Assembly-CSharp-firstpass,,Dialog,Awake,100663510,0x134e8,80
Assembly-CSharp-firstpass,,Dialog,Start,100663511,0x13538,72
Assembly-CSharp-firstpass,,Dialog,Activate,100663512,0x13580,92
Assembly-CSharp-firstpass,,Dialog,ActivateHelper,100663513,0x135dc,72
Assembly-CSharp-firstpass,,Dialog,OnActivateUpdate,100663514,0x13624,664
Assembly-CSharp-firstpass,,Dialog,Deactivate,100663515,0x138bc,92
Assembly-CSharp-firstpass,,Dialog,DeactivateHelper,100663516,0x13918,72
Assembly-CSharp-firstpass,,Dialog,OnDeactivateUpdate,100663517,0x13960,44
Assembly-CSharp-firstpass,,Dialog,OnGUI,100663518,0x1398c,44
Assembly-CSharp-firstpass,,Dialog,RenderGUI,100663519,0x139b8,2176
Assembly-CSharp-firstpass,,Dialog,OnStart,100663520,0x14238,296
Assembly-CSharp-firstpass,,Dialog,OnDrawUnderlay,100663521,0x14360,44
Assembly-CSharp-firstpass,,Dialog,OnDraw,100663522,0x1438c,308
Assembly-CSharp-firstpass,,Dialog,DoWindow,100663523,0x144c0,48
Assembly-CSharp-firstpass,,Dialog,OnActivating,100663524,0x144f0,44
Assembly-CSharp-firstpass,,Dialog,OnActivated,100663525,0x1451c,64
Assembly-CSharp-firstpass,,Dialog,OnDeactivating,100663526,0x1455c,44
Assembly-CSharp-firstpass,,Dialog,OnDeactivated,100663527,0x14588,64
Assembly-CSharp-firstpass,,DictionaryToString,ToString,100663528,0x145c8,728
Assembly-CSharp-firstpass,,DictionaryToString,Parse,100663529,0x148a0,760
Assembly-CSharp-firstpass,,EnumerableScript,.ctor,100663530,0x14b98,44
Assembly-CSharp-firstpass,,EnumerableScript`1,.ctor,100663531,0x14bc4,52
Assembly-CSharp-firstpass,,EnumerableScript`1,.cctor,100663532,0x14bf8,92
Assembly-CSharp-firstpass,,EnumerableScript`1,Start,100663533,0x14c54,180
Assembly-CSharp-firstpass,,EnumerableScript`1,OnDisable,100663534,0x14d08,180
Assembly-CSharp-firstpass,,EnumerableScript`1,All,100663535,0x14dbc,68
Assembly-CSharp-firstpass,,EnumerableScript`1,GetEnumerator,100663536,0x14e00,152
Assembly-CSharp-firstpass,,ExternalPersistentArchive,.ctor,100663537,0x14e98,92
Assembly-CSharp-firstpass,,ExternalPersistentArchive,.cctor,100663538,0x14ef4,120
Assembly-CSharp-firstpass,,ExternalPersistentArchive,get_TextData,100663539,0x14f6c,52
Assembly-CSharp-firstpass,,ExternalPersistentArchive,set_TextData,100663540,0x14fa0,64
Assembly-CSharp-firstpass,,ExternalPersistentArchive,Serialize,100663541,0x14fe0,216
Assembly-CSharp-firstpass,,ExternalPersistentArchive,Encode,100663542,0x150b8,560
Assembly-CSharp-firstpass,,ExternalPersistentArchive,Decode,100663543,0x152e8,632
Assembly-CSharp-firstpass,,ExternalPersistentArchive,LoadFromWebCoroutine,100663544,0x15560,88
Assembly-CSharp-firstpass,,ExternalPersistentArchive,ExternalPersistanceCoroutine,100663545,0x155b8,72
Assembly-CSharp-firstpass,,ExternalPersistentArchive,DecryptLocal,100663546,0x15600,360
Assembly-CSharp-firstpass,,ExternalPersistentArchive,Start,100663547,0x15768,88
Assembly-CSharp-firstpass,,AudioCrumb,.ctor,100663548,0x157c0,96
Assembly-CSharp-firstpass,,AudioCrumb,Play,100663549,0x15820,240
Assembly-CSharp-firstpass,,AudioSourcex,.ctor,100663550,0x15910,44
Assembly-CSharp-firstpass,,AudioSourcex,PlayClipAtTransform,100663551,0x1593c,568
Assembly-CSharp-firstpass,,AudioSourcex,PlayClipAtTransform,100663552,0x15b74,112
Assembly-CSharp-firstpass,,AudioSourcex,PlayCrumbAtTransform,100663553,0x15be4,84
Assembly-CSharp-firstpass,,AudioSourcex,PlayClipAtPosition,100663554,0x15c38,532
Assembly-CSharp-firstpass,,ByteStream,.ctor,100663555,0x15e4c,136
Assembly-CSharp-firstpass,,ByteStream,.ctor,100663556,0x15ed4,140
Assembly-CSharp-firstpass,,ByteStream,get_Bytes,100663557,0x15f60,68
Assembly-CSharp-firstpass,,ByteStream,Serialize,100663558,0x15fa4,148
Assembly-CSharp-firstpass,,ByteStream,Serialize,100663559,0x16038,124
Assembly-CSharp-firstpass,,ByteStream,Serialize,100663560,0x160b4,124
Assembly-CSharp-firstpass,,ByteStream,Serialize,100663561,0x16130,124
Assembly-CSharp-firstpass,,ByteStream,Serialize,100663562,0x161ac,136
Assembly-CSharp-firstpass,,ByteStream,Serialize,100663563,0x16234,136
Assembly-CSharp-firstpass,,ByteStream,Serialize,100663564,0x162bc,292
Assembly-CSharp-firstpass,,ByteStream,Serialize,100663565,0x163e0,368
Assembly-CSharp-firstpass,,ByteStream,Serialize,100663566,0x16550,124
Assembly-CSharp-firstpass,,ByteStream,Serialize,100663567,0x165cc,336
Assembly-CSharp-firstpass,,Email,.ctor,100663568,0x1671c,44
Assembly-CSharp-firstpass,,Email,EscapeText,100663569,0x16748,108
Assembly-CSharp-firstpass,,Email,Send,100663570,0x167b4,128
Assembly-CSharp-firstpass,,GUIx,.ctor,100663571,0x16834,44
Assembly-CSharp-firstpass,,GUIx,.cctor,100663572,0x16860,292
Assembly-CSharp-firstpass,,GUIx,ScreenScale,100663573,0x16984,304
Assembly-CSharp-firstpass,,GUIx,ScreenScaleBig,100663574,0x16ab4,304
Assembly-CSharp-firstpass,,GUIx,get_screenMargin,100663575,0x16be4,296
Assembly-CSharp-firstpass,,GUIx,TextRect,100663576,0x16d0c,164
Assembly-CSharp-firstpass,,GUIx,TextRect,100663577,0x16db0,160
Assembly-CSharp-firstpass,,GUIx,TextRect,100663578,0x16e50,2124
Assembly-CSharp-firstpass,,GUIx,AutoScaleText,100663579,0x1769c,160
Assembly-CSharp-firstpass,,GUIx,AutoScaleText,100663580,0x1773c,1964
Assembly-CSharp-firstpass,,GUIx,TextRectShadow,100663581,0x17ee8,188
Assembly-CSharp-firstpass,,GUIx,TextRectShadow,100663582,0x17fa4,184
Assembly-CSharp-firstpass,,GUIx,TextRectShadow,100663583,0x1805c,140
Assembly-CSharp-firstpass,,GUIx,TextRectShadow,100663584,0x180e8,192
Assembly-CSharp-firstpass,,GUIx,TextRectShadow,100663585,0x181a8,752
Assembly-CSharp-firstpass,,GUIx,LabelShadow,100663586,0x18498,192
Assembly-CSharp-firstpass,,GUIx,LabelShadow,100663587,0x18558,216
Assembly-CSharp-firstpass,,GUIx,LabelShadow,100663588,0x18630,140
Assembly-CSharp-firstpass,,GUIx,LabelShadow,100663589,0x186bc,176
Assembly-CSharp-firstpass,,GUIx,LabelShadow,100663590,0x1876c,204
Assembly-CSharp-firstpass,,GUIx,LabelShadow,100663591,0x18838,208
Assembly-CSharp-firstpass,,GUIx,LabelShadow,100663592,0x18908,156
Assembly-CSharp-firstpass,,GUIx,LabelShadow,100663593,0x189a4,752
Assembly-CSharp-firstpass,,GUIx,ButtonShadow,100663594,0x18c94,152
Assembly-CSharp-firstpass,,GUIx,ButtonShadow,100663595,0x18d2c,136
Assembly-CSharp-firstpass,,GUIx,ButtonShadow,100663596,0x18db4,184
Assembly-CSharp-firstpass,,GUIx,ButtonShadow,100663597,0x18e6c,140
Assembly-CSharp-firstpass,,GUIx,ButtonShadow,100663598,0x18ef8,176
Assembly-CSharp-firstpass,,GUIx,ButtonShadow,100663599,0x18fa8,924
Assembly-CSharp-firstpass,,GUIx,BeginGroupShadow,100663600,0x19344,140
Assembly-CSharp-firstpass,,GUIx,BeginGroupShadow,100663601,0x193d0,940
Assembly-CSharp-firstpass,,GUIx,EndGroupShadow,100663602,0x1977c,40
Assembly-CSharp-firstpass,,GUIx,ToggleShadow,100663603,0x197a4,168
Assembly-CSharp-firstpass,,GUIx,ToggleShadow,100663604,0x1984c,152
Assembly-CSharp-firstpass,,GUIx,ToggleShadow,100663605,0x198e4,156
Assembly-CSharp-firstpass,,GUIx,ToggleShadow,100663606,0x19980,1720
Assembly-CSharp-firstpass,,GUIx,RepeatButtonShadow,100663607,0x1a038,156
Assembly-CSharp-firstpass,,GUIx,RepeatButtonShadow,100663608,0x1a0d4,144
Assembly-CSharp-firstpass,,GUIx,RepeatButtonShadow,100663609,0x1a164,184
Assembly-CSharp-firstpass,,GUIx,RepeatButtonShadow,100663610,0x1a21c,140
Assembly-CSharp-firstpass,,GUIx,RepeatButtonShadow,100663611,0x1a2a8,924
Assembly-CSharp-firstpass,,Inputx,.ctor,100663612,0x1a644,44
Assembly-CSharp-firstpass,,Inputx,InputDownStart,100663613,0x1a670,180
Assembly-CSharp-firstpass,,Inputx,InputDown,100663614,0x1a724,192
Assembly-CSharp-firstpass,,Inputx,InputUp,100663615,0x1a7e4,204
Assembly-CSharp-firstpass,,Inputx,InputPosition,100663616,0x1a8b0,256
Assembly-CSharp-firstpass,,Mathfx,.ctor,100663617,0x1a9b0,44
Assembly-CSharp-firstpass,,Mathfx,Hermite,100663618,0x1a9dc,196
Assembly-CSharp-firstpass,,Mathfx,Sinerp,100663619,0x1aaa0,212
Assembly-CSharp-firstpass,,Mathfx,Coserp,100663620,0x1ab74,240
Assembly-CSharp-firstpass,,Mathfx,Berp,100663621,0x1ac64,460
Assembly-CSharp-firstpass,,Mathfx,Lerp,100663622,0x1ae30,124
Assembly-CSharp-firstpass,,Mathfx,Exponential,100663623,0x1aeac,196
Assembly-CSharp-firstpass,,Mathfx,Exponential,100663624,0x1af70,160
Assembly-CSharp-firstpass,,Mathfx,DragBounce,100663625,0x1b010,256
Assembly-CSharp-firstpass,,Mathfx,ClampAngle,100663626,0x1b110,284
Assembly-CSharp-firstpass,,Mathfx,Parameter,100663627,0x1b22c,340
Assembly-CSharp-firstpass,,Mathfx,Bounce,100663628,0x1b380,688
Assembly-CSharp-firstpass,,Matrix4x4x,.ctor,100663629,0x1b630,44
Assembly-CSharp-firstpass,,Matrix4x4x,Translate,100663630,0x1b65c,208
Assembly-CSharp-firstpass,,Matrix4x4x,Rotate,100663631,0x1b72c,108
Assembly-CSharp-firstpass,,Matrix4x4x,Scale,100663632,0x1b798,208
Assembly-CSharp-firstpass,,Matrix4x4x,ScaleAtOrigin,100663633,0x1b868,964
Assembly-CSharp-firstpass,,Matrix4x4x,RotateAtOrigin,100663634,0x1bc2c,980
Assembly-CSharp-firstpass,,Matrix4x4x,CropMatrix,100663635,0x1c000,1592
Assembly-CSharp-firstpass,,Matrix4x4x,AdjustToIPhone,100663636,0x1c638,208
Assembly-CSharp-firstpass,,Matrix4x4x,AdjustToIPhone,100663637,0x1c708,1132
Assembly-CSharp-firstpass,,Matrix4x4x,AdjustToIPhone,100663638,0x1cb74,448
Assembly-CSharp-firstpass,,MessengerInternal,.cctor,100663639,0x1cd34,116
Assembly-CSharp-firstpass,,MessengerInternal,OnListenerAdding,100663640,0x1cda8,360
Assembly-CSharp-firstpass,,MessengerInternal,OnListenerRemoving,100663641,0x1cf10,484
Assembly-CSharp-firstpass,,MessengerInternal,OnListenerRemoved,100663642,0x1d0f4,124
Assembly-CSharp-firstpass,,MessengerInternal,OnBroadcasting,100663643,0x1d170,184
Assembly-CSharp-firstpass,,MessengerInternal,CreateBroadcastSignatureException,100663644,0x1d228,108
Assembly-CSharp-firstpass,,BroadcastException,.ctor,100663645,0x1d294,60
Assembly-CSharp-firstpass,,ListenerException,.ctor,100663646,0x1d2d0,60
Assembly-CSharp-firstpass,,Messenger,.cctor,100663647,0x1d30c,76
Assembly-CSharp-firstpass,,Messenger,AddListener,100663648,0x1d358,272
Assembly-CSharp-firstpass,,Messenger,RemoveListener,100663649,0x1d468,284
Assembly-CSharp-firstpass,,Messenger,Broadcast,100663650,0x1d584,72
Assembly-CSharp-firstpass,,Messenger,Broadcast,100663651,0x1d5cc,216
Assembly-CSharp-firstpass,,Messenger`1,.cctor,100663652,0x1d6a4,96
Assembly-CSharp-firstpass,,Messenger`1,AddListener,100663653,0x1d704,212
Assembly-CSharp-firstpass,,Messenger`1,RemoveListener,100663654,0x1d7d8,220
Assembly-CSharp-firstpass,,Messenger`1,Broadcast,100663655,0x1d8b4,104
Assembly-CSharp-firstpass,,Messenger`1,Broadcast,100663656,0x1d91c,200
Assembly-CSharp-firstpass,,Messenger`2,.cctor,100663657,0x1d9e4,96
Assembly-CSharp-firstpass,,Messenger`2,AddListener,100663658,0x1da44,212
Assembly-CSharp-firstpass,,Messenger`2,RemoveListener,100663659,0x1db18,220
Assembly-CSharp-firstpass,,Messenger`2,Broadcast,100663660,0x1dbf4,112
Assembly-CSharp-firstpass,,Messenger`2,Broadcast,100663661,0x1dc64,208
Assembly-CSharp-firstpass,,Messenger`3,.cctor,100663662,0x1dd34,96
Assembly-CSharp-firstpass,,Messenger`3,AddListener,100663663,0x1dd94,212
Assembly-CSharp-firstpass,,Messenger`3,RemoveListener,100663664,0x1de68,220
Assembly-CSharp-firstpass,,Messenger`3,Broadcast,100663665,0x1df44,124
Assembly-CSharp-firstpass,,Messenger`3,Broadcast,100663666,0x1dfc0,220
Assembly-CSharp-firstpass,,SmoothRandom,.ctor,100663667,0x1e09c,44
Assembly-CSharp-firstpass,,SmoothRandom,GetVector3,100663668,0x1e0c8,744
Assembly-CSharp-firstpass,,SmoothRandom,Get,100663669,0x1e3b0,300
Assembly-CSharp-firstpass,,SmoothRandom,Get,100663670,0x1e4dc,248
Assembly-CSharp-firstpass,,Perlin,.ctor,100663671,0x1e5d4,44
Assembly-CSharp-firstpass,,Perlin,.cctor,100663672,0x1e600,120
Assembly-CSharp-firstpass,,Perlin,NoiseNormalized,100663673,0x1e678,180
Assembly-CSharp-firstpass,,Perlin,Noise,100663674,0x1e72c,1544
Assembly-CSharp-firstpass,,Perlin,Noise,100663675,0x1ed34,2964
Assembly-CSharp-firstpass,,Perlin,fade,100663676,0x1f8c8,168
Assembly-CSharp-firstpass,,Perlin,lerp,100663677,0x1f970,104
Assembly-CSharp-firstpass,,Perlin,grad,100663678,0x1f9d8,324
Assembly-CSharp-firstpass,,Perlin,grad2,100663679,0x1fb1c,328
Assembly-CSharp-firstpass,,FractalNoiseParams,.ctor,100663680,0x1fc64,212
Assembly-CSharp-firstpass,,FractalNoise,.ctor,100663681,0x1fd38,172
Assembly-CSharp-firstpass,,FractalNoise,.ctor,100663682,0x1fde4,132
Assembly-CSharp-firstpass,,FractalNoise,.ctor,100663683,0x1fe68,428
Assembly-CSharp-firstpass,,FractalNoise,PrecalculateNOoise,100663684,0x20014,44
Assembly-CSharp-firstpass,,FractalNoise,HybridMultifractal,100663685,0x20040,828
Assembly-CSharp-firstpass,,FractalNoise,RidgedMultifractal,100663686,0x2037c,728
Assembly-CSharp-firstpass,,FractalNoise,BrownianMotion,100663687,0x20654,712
Assembly-CSharp-firstpass,,Quaternionx,.ctor,100663688,0x2091c,44
Assembly-CSharp-firstpass,,Quaternionx,QuaternionToMatrix4x4,100663689,0x20948,1260
Assembly-CSharp-firstpass,,Rangef,.ctor,100663690,0x20e34,96
Assembly-CSharp-firstpass,,Rangef,.ctor,100663691,0x20e94,88
Assembly-CSharp-firstpass,,Rangef,get_Range,100663692,0x20eec,76
Assembly-CSharp-firstpass,,Rangef,get_random,100663693,0x20f38,108
Assembly-CSharp-firstpass,,Rangef,Clamp,100663694,0x20fa4,132
Assembly-CSharp-firstpass,,Rangef,Lerp,100663695,0x21028,132
Assembly-CSharp-firstpass,,Rangef,InverseLerp,100663696,0x210ac,132
Assembly-CSharp-firstpass,,Rectx,.ctor,100663697,0x21130,44
Assembly-CSharp-firstpass,,Rectx,GetCenter,100663698,0x2115c,356
Assembly-CSharp-firstpass,,Rectx,GetBottomLeft,100663699,0x212c0,280
Assembly-CSharp-firstpass,,Rectx,WillFitIn,100663700,0x213d8,244
Assembly-CSharp-firstpass,,Rectx,DoesContain,100663701,0x214cc,436
Assembly-CSharp-firstpass,,Rectx,AddScreenMargin,100663702,0x21680,412
Assembly-CSharp-firstpass,,Screenx,.ctor,100663703,0x2181c,44
Assembly-CSharp-firstpass,,Screenx,.cctor,100663704,0x21848,84
Assembly-CSharp-firstpass,,Screenx,get_baseAspectRatio,100663705,0x2189c,112
Assembly-CSharp-firstpass,,Screenx,get_aspectRatio,100663706,0x2190c,92
Assembly-CSharp-firstpass,,Screenx,get_scaleWithCutoff,100663707,0x21968,312
Assembly-CSharp-firstpass,,Screenx,get_scale,100663708,0x21aa0,308
Assembly-CSharp-firstpass,,Screenx,get_center,100663709,0x21bd4,248
Assembly-CSharp-firstpass,,Screenx,get_bottomLeft,100663710,0x21ccc,184
Assembly-CSharp-firstpass,,Screenx,get_bottomCenter,100663711,0x21d84,204
Assembly-CSharp-firstpass,,Screenx,get_bottomRight,100663712,0x21e50,184
Assembly-CSharp-firstpass,,Screenx,get_topCenter,100663713,0x21f08,200
Assembly-CSharp-firstpass,,Screenx,get_topLeft,100663714,0x21fd0,176
Assembly-CSharp-firstpass,,Screenx,get_topRight,100663715,0x22080,176
Assembly-CSharp-firstpass,,Screenx,get_middleCenter,100663716,0x22130,92
Assembly-CSharp-firstpass,,Screenx,get_middleRight,100663717,0x2218c,204
Assembly-CSharp-firstpass,,Screenx,get_middleLeft,100663718,0x22258,204
Assembly-CSharp-firstpass,,Screenx,ScaleGUI,100663719,0x22324,444
Assembly-CSharp-firstpass,,Screenx,TouchToScreenCords,100663720,0x224e0,124
Assembly-CSharp-firstpass,,Screenx,TouchToiPadScreenCoords,100663721,0x2255c,412
Assembly-CSharp-firstpass,,Screenx,ScaleGUIToHeight,100663722,0x226f8,408
Assembly-CSharp-firstpass,,Screenx,ScaleGUIToWidth,100663723,0x22890,408
Assembly-CSharp-firstpass,,Util,.ctor,100663724,0x22a28,44
Assembly-CSharp-firstpass,,Util,Find,100663725,0x22a54,728
Assembly-CSharp-firstpass,,Util,FatalError,100663726,0x22d2c,56
Assembly-CSharp-firstpass,,Util,IsSaneNumber,100663727,0x22d64,308
Assembly-CSharp-firstpass,,Util,MD5,100663728,0x22e98,300
Assembly-CSharp-firstpass,,Util,Split,100663729,0x22fc4,120
Assembly-CSharp-firstpass,,Util,GetCornerPointsFromBounds,100663730,0x2303c,2908
Assembly-CSharp-firstpass,,Util,toMinuteSeconds,100663731,0x23b98,288
Assembly-CSharp-firstpass,,Util,toMinuteSubSeconds,100663732,0x23cb8,448
Assembly-CSharp-firstpass,,Util,GetTimeString,100663733,0x23e78,364
Assembly-CSharp-firstpass,,Util,Clamp,100663734,0x23fe4,300
Assembly-CSharp-firstpass,,Util,Mod,100663735,0x24110,196
Assembly-CSharp-firstpass,,Util,Mod,100663736,0x241d4,84
Assembly-CSharp-firstpass,,Util,Mod,100663737,0x24228,112
Assembly-CSharp-firstpass,,Util,Mod,100663738,0x24298,56
Assembly-CSharp-firstpass,,Util,CyclicDiff,100663739,0x242d0,296
Assembly-CSharp-firstpass,,Util,CyclicDiff,100663740,0x243f8,128
Assembly-CSharp-firstpass,,Util,CyclicDiff,100663741,0x24478,136
Assembly-CSharp-firstpass,,Util,CyclicDiff,100663742,0x24500,72
Assembly-CSharp-firstpass,,Util,CyclicDiff,100663743,0x24548,140
Assembly-CSharp-firstpass,,Util,CyclicDiff,100663744,0x245d4,68
Assembly-CSharp-firstpass,,Util,CyclicIsLower,100663745,0x24618,364
Assembly-CSharp-firstpass,,Util,CyclicIsLower,100663746,0x24784,160
Assembly-CSharp-firstpass,,Util,CyclicIsLower,100663747,0x24824,144
Assembly-CSharp-firstpass,,Util,CyclicIsLower,100663748,0x248b4,72
Assembly-CSharp-firstpass,,Util,CyclicLerp,100663749,0x248fc,408
Assembly-CSharp-firstpass,,Util,ProjectOntoPlane,100663750,0x24a94,196
Assembly-CSharp-firstpass,,Util,SetHeight,100663751,0x24b58,264
Assembly-CSharp-firstpass,,Util,GetHighest,100663752,0x24c60,276
Assembly-CSharp-firstpass,,Util,GetLowest,100663753,0x24d74,276
Assembly-CSharp-firstpass,,Util,RelativeMatrix,100663754,0x24e88,352
Assembly-CSharp-firstpass,,Util,TransformVector,100663755,0x24fe8,260
Assembly-CSharp-firstpass,,Util,TransformVector,100663756,0x250ec,256
Assembly-CSharp-firstpass,,Util,TransformFromMatrix,100663757,0x251ec,336
Assembly-CSharp-firstpass,,Util,QuaternionFromMatrix,100663758,0x2533c,1564
Assembly-CSharp-firstpass,,Util,MatrixFromQuaternion,100663759,0x25958,360
Assembly-CSharp-firstpass,,Util,MatrixFromQuaternionPosition,100663760,0x25ac0,272
Assembly-CSharp-firstpass,,Util,MatrixSlerp,100663761,0x25bd0,896
Assembly-CSharp-firstpass,,Util,CreateMatrix,100663762,0x25f50,484
Assembly-CSharp-firstpass,,Util,CreateMatrixPosition,100663763,0x26134,220
Assembly-CSharp-firstpass,,Util,TranslateMatrix,100663764,0x26210,244
Assembly-CSharp-firstpass,,Util,ConstantSlerp,100663765,0x26304,368
Assembly-CSharp-firstpass,,Util,ConstantSlerp,100663766,0x26474,424
Assembly-CSharp-firstpass,,Util,ConstantLerp,100663767,0x2661c,240
Assembly-CSharp-firstpass,,Util,ConstantLerp,100663768,0x2670c,176
Assembly-CSharp-firstpass,,Util,Bezier,100663769,0x267bc,524
Assembly-CSharp-firstpass,,Util,Create3dText,100663770,0x269c8,592
Assembly-CSharp-firstpass,,Util,GetLineSphereIntersections,100663771,0x26c18,1100
Assembly-CSharp-firstpass,,DrawArea,.ctor,100663772,0x27064,472
Assembly-CSharp-firstpass,,DrawArea,Point,100663773,0x2723c,740
Assembly-CSharp-firstpass,,DrawArea,DrawLine,100663774,0x27520,236
Assembly-CSharp-firstpass,,DrawArea,DrawRect,100663775,0x2760c,836
Assembly-CSharp-firstpass,,DrawArea,DrawDiamond,100663776,0x27950,980
Assembly-CSharp-firstpass,,DrawArea3D,.ctor,100663777,0x27d24,180
Assembly-CSharp-firstpass,,DrawArea3D,Point,100663778,0x27dd8,576
Assembly-CSharp-firstpass,,SmoothFollower,.ctor,100663779,0x28018,196
Assembly-CSharp-firstpass,,SmoothFollower,.ctor,100663780,0x280dc,192
Assembly-CSharp-firstpass,,SmoothFollower,Update,100663781,0x2819c,884
Assembly-CSharp-firstpass,,SmoothFollower,Update,100663782,0x28510,316
Assembly-CSharp-firstpass,,SmoothFollower,GetPosition,100663783,0x2864c,108
Assembly-CSharp-firstpass,,SmoothFollower,GetVelocity,100663784,0x286b8,108
Assembly-CSharp-firstpass,,Vector3x,.ctor,100663785,0x28724,44
Assembly-CSharp-firstpass,,Vector3x,.cctor,100663786,0x28750,220
Assembly-CSharp-firstpass,,Vector3x,Sinerp,100663787,0x2882c,440
Assembly-CSharp-firstpass,,Vector3x,Coserp,100663788,0x289e4,440
Assembly-CSharp-firstpass,,Vector3x,Hermite,100663789,0x28b9c,440
Assembly-CSharp-firstpass,,Vector3x,Berp,100663790,0x28d54,440
Assembly-CSharp-firstpass,,Vector3x,Inverse,100663791,0x28f0c,268
Assembly-CSharp-firstpass,,Vector3x,FromString,100663792,0x29018,452
Assembly-CSharp-firstpass,,GravCloudBinding,Init,100663794,0x291dc,40
Assembly-CSharp-firstpass,,GravCloudBinding,HasCloudAccess,100663796,0x29204,40
Assembly-CSharp-firstpass,,GravCloudBinding,GetFile,100663798,0x2922c,92
Assembly-CSharp-firstpass,,GravCloudBinding,PutFile,100663800,0x29288,68
Assembly-CSharp-firstpass,,GravCloudBinding,DoesFileExist,100663802,0x292cc,60
Assembly-CSharp-firstpass,,GravCloudPrefs,.ctor,100663803,0x29308,52
Assembly-CSharp-firstpass,,GravCloudPrefs,.cctor,100663804,0x2933c,244
Assembly-CSharp-firstpass,,GravCloudPrefs,get_IsLoaded,100663805,0x29430,56
Assembly-CSharp-firstpass,,GravCloudPrefs,LoadFromFileStream,100663806,0x29468,1080
Assembly-CSharp-firstpass,,GravCloudPrefs,OnGravCloudPrefsFileCallback,100663807,0x298a0,452
Assembly-CSharp-firstpass,,GravCloudPrefs,WaitForLoadCoroutine,100663808,0x29a64,72
Assembly-CSharp-firstpass,,GravCloudPrefs,Serialize,100663809,0x29aac,36
Assembly-CSharp-firstpass,,GravCloudPrefs,Init,100663810,0x29ad0,284
Assembly-CSharp-firstpass,,GravCloudPrefs,OnApplicationQuit,100663811,0x29bec,44
Assembly-CSharp-firstpass,,GravCloudPrefs,OnApplicationPause,100663812,0x29c18,64
Assembly-CSharp-firstpass,,GravCloudPrefs,Load,100663813,0x29c58,108
Assembly-CSharp-firstpass,,GravCloudPrefs,Save,100663814,0x29cc4,36
Assembly-CSharp-firstpass,,GravCloudPrefs,HasKey,100663815,0x29ce8,104
Assembly-CSharp-firstpass,,GravCloudPrefs,RemoveKey,100663816,0x29d50,148
Assembly-CSharp-firstpass,,GravCloudPrefs,DeleteAll,100663817,0x29de4,112
Assembly-CSharp-firstpass,,GravCloudPrefs,EditorDeleteAll,100663818,0x29e54,156
Assembly-CSharp-firstpass,,GravCloudPrefs,DeleteGravCloudFile,100663819,0x29ef0,164
Assembly-CSharp-firstpass,,GravCloudPrefs,SetInt,100663820,0x29f94,236
Assembly-CSharp-firstpass,,GravCloudPrefs,SetInt64,100663821,0x2a080,240
Assembly-CSharp-firstpass,,GravCloudPrefs,GetInt,100663822,0x2a170,176
Assembly-CSharp-firstpass,,GravCloudPrefs,SetLong,100663823,0x2a220,248
Assembly-CSharp-firstpass,,GravCloudPrefs,GetLong,100663824,0x2a318,208
Assembly-CSharp-firstpass,,GravCloudPrefs,GetInt64,100663825,0x2a3e8,212
Assembly-CSharp-firstpass,,GravCloudPrefs,SetFloat,100663826,0x2a4bc,252
Assembly-CSharp-firstpass,,GravCloudPrefs,GetFloat,100663827,0x2a5b8,228
Assembly-CSharp-firstpass,,GravCloudPrefs,SetBool,100663828,0x2a69c,260
Assembly-CSharp-firstpass,,GravCloudPrefs,GetBool,100663829,0x2a7a0,200
Assembly-CSharp-firstpass,,GravCloudPrefs,SetString,100663830,0x2a868,200
Assembly-CSharp-firstpass,,GravCloudPrefs,GetString,100663831,0x2a930,172
Assembly-CSharp-firstpass,,GravCloudPrefs,SetDictionary,100663832,0x2a9dc,244
Assembly-CSharp-firstpass,,GravCloudPrefs,GetDictionary,100663833,0x2aad0,208
Assembly-CSharp-firstpass,,LocalizedString,.ctor,100663834,0x2aba0,72
Assembly-CSharp-firstpass,,LocalizedString,.ctor,100663835,0x2abe8,84
Assembly-CSharp-firstpass,,LocalizedString,get_Text,100663836,0x2ac3c,56
Assembly-CSharp-firstpass,,LocalizedString,ToString,100663837,0x2ac74,64
Assembly-CSharp-firstpass,,UnlocalizedString,.ctor,100663838,0x2acb4,72
Assembly-CSharp-firstpass,,UnlocalizedString,.ctor,100663839,0x2acfc,84
Assembly-CSharp-firstpass,,UnlocalizedString,UnlocalizedStringMarker,100663840,0x2ad50,48
Assembly-CSharp-firstpass,,UnlocalizedString,get_Text,100663841,0x2ad80,52
Assembly-CSharp-firstpass,,UnlocalizedString,ToString,100663842,0x2adb4,52
Assembly-CSharp-firstpass,,UnlocalizedString,op_Implicit,100663843,0x2ade8,80
Assembly-CSharp-firstpass,,UnlocalizedString,op_Implicit,100663844,0x2ae38,52
Assembly-CSharp-firstpass,,UnlocalizedString,op_Addition,100663845,0x2ae6c,60
Assembly-CSharp-firstpass,,LanguageAsset,.ctor,100663846,0x2aea8,96
Assembly-CSharp-firstpass,,Localize,.ctor,100663847,0x2af08,72
Assembly-CSharp-firstpass,,Localize,.cctor,100663848,0x2af50,36
Assembly-CSharp-firstpass,,Localize,Awake,100663849,0x2af74,316
Assembly-CSharp-firstpass,,Localize,WebLoadingHelper,100663850,0x2b0b0,72
Assembly-CSharp-firstpass,,Localize,LoadDefaultLanguage,100663851,0x2b0f8,140
Assembly-CSharp-firstpass,,Localize,LoadLanguageAsset,100663852,0x2b184,288
Assembly-CSharp-firstpass,,Localize,UseLocalizedLanguage,100663853,0x2b2a4,76
Assembly-CSharp-firstpass,,Localize,UseLocalizedLanguageHelper,100663854,0x2b2f0,88
Assembly-CSharp-firstpass,,Localize,LoadLanguage,100663855,0x2b348,436
Assembly-CSharp-firstpass,,Localize,LoadKeys,100663856,0x2b4fc,376
Assembly-CSharp-firstpass,,Localize,Get,100663857,0x2b674,580
Assembly-CSharp-firstpass,,Localize,GetDynamicKeys,100663858,0x2b8b8,1036
Assembly-CSharp-firstpass,,Localize,GetBaseURL,100663859,0x2bcc4,140
Assembly-CSharp-firstpass,,Localize,GetURL,100663860,0x2bd50,308
Assembly-CSharp-firstpass,,Localize,<Awake>m__4,100663861,0x2be84,80
Assembly-CSharp-firstpass,,PIDController,.ctor,100663862,0x2bed4,236
Assembly-CSharp-firstpass,,PIDController,.ctor,100663863,0x2bfc0,168
Assembly-CSharp-firstpass,,PIDController,CalculateOutput,100663864,0x2c068,268
Assembly-CSharp-firstpass,,PIDController,SetPoint,100663865,0x2c174,68
Assembly-CSharp-firstpass,,PIDVectorController,.ctor,100663866,0x2c1b8,432
Assembly-CSharp-firstpass,,PIDVectorController,.ctor,100663867,0x2c368,360
Assembly-CSharp-firstpass,,PIDVectorController,CalculateOutput,100663868,0x2c4d0,692
Assembly-CSharp-firstpass,,PIDVectorController,SetPoint,100663869,0x2c784,88
Assembly-CSharp-firstpass,,Script,.ctor,100663870,0x2c7dc,52
Assembly-CSharp-firstpass,,Script,AddAnimation,100663871,0x2c810,124
Assembly-CSharp-firstpass,,Script,AddAnimation,100663872,0x2c88c,120
Assembly-CSharp-firstpass,,Script,AnimationHelper,100663873,0x2c904,152
Assembly-CSharp-firstpass,,Script,AddDelayed,100663874,0x2c99c,96
Assembly-CSharp-firstpass,,Script,DelayedHelper,100663875,0x2c9fc,116
Assembly-CSharp-firstpass,,Script,GetComponentFrom,100663876,0x2ca70,96
Assembly-CSharp-firstpass,,Script,GetComponentFrom,100663877,0x2cad0,96
Assembly-CSharp-firstpass,,Script,GetComponentsFrom,100663878,0x2cb30,96
Assembly-CSharp-firstpass,,Script,GetComponentsInChildrenFrom,100663879,0x2cb90,96
Assembly-CSharp-firstpass,,Script,GetComponentsInChildrenFrom,100663880,0x2cbf0,96
Assembly-CSharp-firstpass,,Script,AddComponent,100663881,0x2cc50,112
Assembly-CSharp-firstpass,,Script,AddComponentTo,100663882,0x2ccc0,96
Assembly-CSharp-firstpass,,Script,AddComponentTo,100663883,0x2cd20,116
Assembly-CSharp-firstpass,,Script,ConvertObjectArray,100663884,0x2cd94,116
Assembly-CSharp-firstpass,,Script,GetComponentUpwards,100663885,0x2ce08,80
Assembly-CSharp-firstpass,,Script,GetComponentUpwardsFrom,100663886,0x2ce58,140
Assembly-CSharp-firstpass,,Script,GetComponentUpwardsFrom,100663887,0x2cee4,84
Assembly-CSharp-firstpass,,Script,Instantiate,100663888,0x2cf38,168
Assembly-CSharp-firstpass,,Script,Instantiate,100663889,0x2cfe0,80
Assembly-CSharp-firstpass,,Script,InstantiateIfNotPresent,100663890,0x2d030,320
Assembly-CSharp-firstpass,,Script,InstantiateIfNotPresent,100663891,0x2d170,260
Assembly-CSharp-firstpass,,Script,SendMessageToObjectsOfType,100663892,0x2d274,72
Assembly-CSharp-firstpass,,Script,SendMessageToObjectsOfType,100663893,0x2d2bc,196
Assembly-CSharp-firstpass,,Script,SendMessageToGameObjects,100663894,0x2d380,56
Assembly-CSharp-firstpass,,Script,SendMessageToGameObjects,100663895,0x2d3b8,232
Assembly-CSharp-firstpass,,Script,CreateLoop,100663896,0x2d4a0,88
Assembly-CSharp-firstpass,,Script,CreateLoop,100663897,0x2d4f8,84
Assembly-CSharp-firstpass,,Script,CreateLoop,100663898,0x2d54c,204
Assembly-CSharp-firstpass,,Script,FindNameRecursive,100663899,0x2d618,120
Assembly-CSharp-firstpass,,Script,FindNameRecursive,100663900,0x2d690,772
Assembly-CSharp-firstpass,,Script,<ConvertObjectArray`1>m__3,100663901,0x2d994,68
Assembly-CSharp-firstpass,,SingletonScript,.ctor,100663902,0x2d9d8,44
Assembly-CSharp-firstpass,,SingletonScript`1,.ctor,100663903,0x2da04,52
Assembly-CSharp-firstpass,,SingletonScript`1,get_i,100663904,0x2da38,356
Assembly-CSharp-firstpass,,SingletonScript`1,SingletonCreated,100663905,0x2db9c,44
Assembly-CSharp-firstpass,,SingletonScript`1,Exists_VERY_EXPENSIVE,100663906,0x2dbc8,88
Assembly-CSharp-firstpass,,SingletonScript`1,Existed,100663907,0x2dc20,68
Assembly-CSharp-firstpass,,SingletonScript`1,OnLevelWasLoaded,100663908,0x2dc64,92
Assembly-CSharp-firstpass,,SingletonScript`1,ForceReload,100663909,0x2dcc0,84
Assembly-CSharp-firstpass,,TransformGizmo,.ctor,100663910,0x2dd14,52
Assembly-CSharp-firstpass,,TransformGizmo,OnDrawGizmosSelected,100663911,0x2dd48,536
Assembly-CSharp-firstpass,,WindowIDs,.ctor,100663912,0x2df60,52
Assembly-CSharp-firstpass,,WindowIDs,.cctor,100663913,0x2df94,36
Assembly-CSharp-firstpass,,WindowIDs,OnDisable,100663914,0x2dfb8,68
Assembly-CSharp-firstpass,,WindowIDs,FetchID,100663915,0x2dffc,84
Assembly-CSharp-firstpass,,JCloudData,.ctor,100663916,0x2e050,52
Assembly-CSharp-firstpass,,JCloudData,.cctor,100663917,0x2e084,128
Assembly-CSharp-firstpass,,JCloudData,SetInt,100663918,0x2e104,144
Assembly-CSharp-firstpass,,JCloudData,GetInt,100663919,0x2e194,164
Assembly-CSharp-firstpass,,JCloudData,GetInt,100663920,0x2e238,56
Assembly-CSharp-firstpass,,JCloudData,SetFloat,100663921,0x2e270,176
Assembly-CSharp-firstpass,,JCloudData,GetFloat,100663922,0x2e320,232
Assembly-CSharp-firstpass,,JCloudData,GetFloat,100663923,0x2e408,96
Assembly-CSharp-firstpass,,JCloudData,SetString,100663924,0x2e468,144
Assembly-CSharp-firstpass,,JCloudData,GetString,100663925,0x2e4f8,188
Assembly-CSharp-firstpass,,JCloudData,GetString,100663926,0x2e5b4,72
Assembly-CSharp-firstpass,,JCloudData,HasKey,100663927,0x2e5fc,356
Assembly-CSharp-firstpass,,JCloudData,DeleteKey,100663928,0x2e760,132
Assembly-CSharp-firstpass,,JCloudData,DeleteAll,100663929,0x2e7e4,116
Assembly-CSharp-firstpass,,JCloudData,Save,100663930,0x2e858,116
Assembly-CSharp-firstpass,,JCloudData,PollCloudDataAvailability,100663931,0x2e8cc,116
Assembly-CSharp-firstpass,,JCloudData,RegisterCloudDataExternalChanges,100663932,0x2e940,456
Assembly-CSharp-firstpass,,JCloudData,UnregisterCloudDataExternalChanges,100663933,0x2eb08,272
Assembly-CSharp-firstpass,,JCloudData,KeyValueStoreDidChangeExternally,100663934,0x2ec18,964
Assembly-CSharp-firstpass,,JCloudDictionary,.ctor,100663935,0x2efdc,52
Assembly-CSharp-firstpass,,JCloudDictionary,.cctor,100663936,0x2f010,128
Assembly-CSharp-firstpass,,JCloudDictionary,SetInt,100663937,0x2f090,144
Assembly-CSharp-firstpass,,JCloudDictionary,GetInt,100663938,0x2f120,164
Assembly-CSharp-firstpass,,JCloudDictionary,GetInt,100663939,0x2f1c4,56
Assembly-CSharp-firstpass,,JCloudDictionary,SetFloat,100663940,0x2f1fc,176
Assembly-CSharp-firstpass,,JCloudDictionary,GetFloat,100663941,0x2f2ac,232
Assembly-CSharp-firstpass,,JCloudDictionary,GetFloat,100663942,0x2f394,96
Assembly-CSharp-firstpass,,JCloudDictionary,SetString,100663943,0x2f3f4,144
Assembly-CSharp-firstpass,,JCloudDictionary,GetString,100663944,0x2f484,188
Assembly-CSharp-firstpass,,JCloudDictionary,GetString,100663945,0x2f540,72
Assembly-CSharp-firstpass,,JCloudDictionary,HasKey,100663946,0x2f588,132
Assembly-CSharp-firstpass,,JCloudDictionary,DeleteKey,100663947,0x2f60c,132
Assembly-CSharp-firstpass,,JCloudDictionary,DeleteAll,100663948,0x2f690,116
Assembly-CSharp-firstpass,,JCloudDictionary,Save,100663949,0x2f704,116
Assembly-CSharp-firstpass,,JCloudDictionary,PollCloudDictionaryAvailability,100663950,0x2f778,116
Assembly-CSharp-firstpass,,JCloudDictionary,RegisterCloudDictionaryExternalChanges,100663951,0x2f7ec,448
Assembly-CSharp-firstpass,,JCloudDictionary,UnregisterCloudDictionaryExternalChanges,100663952,0x2f9ac,272
Assembly-CSharp-firstpass,,JCloudDictionary,KeyValueStoreDidChangeExternally,100663953,0x2fabc,964
Assembly-CSharp-firstpass,,JCloudDocument,.ctor,100663954,0x2fe80,52
Assembly-CSharp-firstpass,,JCloudDocument,.cctor,100663955,0x2feb4,60
Assembly-CSharp-firstpass,,JCloudDocument,NewCloudDocument,100663956,0x2fef0,76
Assembly-CSharp-firstpass,,JCloudDocument,DismissCloudDocument,100663957,0x2ff3c,60
Assembly-CSharp-firstpass,,JCloudDocument,FileExists,100663958,0x2ff78,304
Assembly-CSharp-firstpass,,JCloudDocument,FileDelete,100663959,0x300a8,300
Assembly-CSharp-firstpass,,JCloudDocument,FileWriteAllBytes,100663960,0x301d4,348
Assembly-CSharp-firstpass,,JCloudDocument,FileReadAllBytes,100663961,0x30330,432
Assembly-CSharp-firstpass,,JCloudDocument,FileModificationDate,100663962,0x304e0,672
Assembly-CSharp-firstpass,,JCloudDocument,FileCopy,100663963,0x30780,500
Assembly-CSharp-firstpass,,JCloudDocument,FileMove,100663964,0x30974,500
Assembly-CSharp-firstpass,,JCloudDocument,DirectoryCreate,100663965,0x30b68,320
Assembly-CSharp-firstpass,,JCloudDocument,DirectoryExists,100663966,0x30ca8,304
Assembly-CSharp-firstpass,,JCloudDocument,DirectoryDelete,100663967,0x30dd8,300
Assembly-CSharp-firstpass,,JCloudDocument,DirectoryGetFiles,100663968,0x30f04,604
Assembly-CSharp-firstpass,,JCloudDocument,DirectoryGetDirectories,100663969,0x31160,604
Assembly-CSharp-firstpass,,JCloudDocument,DirectoryModificationDate,100663970,0x313bc,672
Assembly-CSharp-firstpass,,JCloudDocument,DirectoryCopy,100663971,0x3165c,500
Assembly-CSharp-firstpass,,JCloudDocument,DirectoryMove,100663972,0x31850,500
Assembly-CSharp-firstpass,,JCloudDocument,PollCloudDocumentAvailability,100663973,0x31a44,116
Assembly-CSharp-firstpass,,JCloudDocumentAsyncOperation,.ctor,100663974,0x31ab8,44
Assembly-CSharp-firstpass,,JCloudDocumentAsync,.ctor,100663975,0x31ae4,52
Assembly-CSharp-firstpass,,JCloudDocumentAsync,.cctor,100663976,0x31b18,60
Assembly-CSharp-firstpass,,JCloudDocumentAsync,NewCloudDocument,100663977,0x31b54,76
Assembly-CSharp-firstpass,,JCloudDocumentAsync,DismissCloudDocument,100663978,0x31ba0,68
Assembly-CSharp-firstpass,,JCloudDocumentAsync,FileExists,100663979,0x31be4,120
Assembly-CSharp-firstpass,,JCloudDocumentAsync,FileDelete,100663980,0x31c5c,120
Assembly-CSharp-firstpass,,JCloudDocumentAsync,FileWriteAllBytes,100663981,0x31cd4,128
Assembly-CSharp-firstpass,,JCloudDocumentAsync,FileReadAllBytes,100663982,0x31d54,120
Assembly-CSharp-firstpass,,JCloudDocumentAsync,FileModificationDate,100663983,0x31dcc,120
Assembly-CSharp-firstpass,,JCloudDocumentAsync,FileCopy,100663984,0x31e44,136
Assembly-CSharp-firstpass,,JCloudDocumentAsync,FileMove,100663985,0x31ecc,136
Assembly-CSharp-firstpass,,JCloudDocumentAsync,DirectoryCreate,100663986,0x31f54,120
Assembly-CSharp-firstpass,,JCloudDocumentAsync,DirectoryExists,100663987,0x31fcc,120
Assembly-CSharp-firstpass,,JCloudDocumentAsync,DirectoryDelete,100663988,0x32044,120
Assembly-CSharp-firstpass,,JCloudDocumentAsync,DirectoryGetFiles,100663989,0x320bc,120
Assembly-CSharp-firstpass,,JCloudDocumentAsync,DirectoryGetDirectories,100663990,0x32134,120
Assembly-CSharp-firstpass,,JCloudDocumentAsync,DirectoryModificationDate,100663991,0x321ac,120
Assembly-CSharp-firstpass,,JCloudDocumentAsync,DirectoryCopy,100663992,0x32224,136
Assembly-CSharp-firstpass,,JCloudDocumentAsync,DirectoryMove,100663993,0x322ac,136
Assembly-CSharp-firstpass,,JCloudDocumentAsync,FileExistsOperation,100663994,0x32334,92
Assembly-CSharp-firstpass,,JCloudDocumentAsync,FileDeleteOperation,100663995,0x32390,92
Assembly-CSharp-firstpass,,JCloudDocumentAsync,FileWriteAllBytesOperation,100663996,0x323ec,108
Assembly-CSharp-firstpass,,JCloudDocumentAsync,FileReadAllBytesOperation,100663997,0x32458,92
Assembly-CSharp-firstpass,,JCloudDocumentAsync,FileModificationDateOperation,100663998,0x324b4,92
Assembly-CSharp-firstpass,,JCloudDocumentAsync,FileCopyOperation,100663999,0x32510,124
Assembly-CSharp-firstpass,,JCloudDocumentAsync,FileMoveOperation,100664000,0x3258c,124
Assembly-CSharp-firstpass,,JCloudDocumentAsync,DirectoryCreateOperation,100664001,0x32608,92
Assembly-CSharp-firstpass,,JCloudDocumentAsync,DirectoryExistsOperation,100664002,0x32664,92
Assembly-CSharp-firstpass,,JCloudDocumentAsync,DirectoryDeleteOperation,100664003,0x326c0,92
Assembly-CSharp-firstpass,,JCloudDocumentAsync,DirectoryGetFilesOperation,100664004,0x3271c,92
Assembly-CSharp-firstpass,,JCloudDocumentAsync,DirectoryGetDirectoriesOperation,100664005,0x32778,92
Assembly-CSharp-firstpass,,JCloudDocumentAsync,DirectoryModificationDateOperation,100664006,0x327d4,92
Assembly-CSharp-firstpass,,JCloudDocumentAsync,DirectoryCopyOperation,100664007,0x32830,124
Assembly-CSharp-firstpass,,JCloudDocumentAsync,DirectoryMoveOperation,100664008,0x328ac,124
Assembly-CSharp-firstpass,,JCloudDocumentAsync,PollCloudDocumentAvailability,100664009,0x32928,116
Assembly-CSharp-firstpass,,JCloudExtern,.ctor,100664010,0x3299c,44
Assembly-CSharp-firstpass,,JCloudExtern,.cctor,100664011,0x329c8,436
Assembly-CSharp-firstpass,,JCloudManager,.ctor,100664063,0x32b7c,52
Assembly-CSharp-firstpass,,JCloudManager,.cctor,100664064,0x32bb0,316
Assembly-CSharp-firstpass,,JCloudManager,CheckManagerStatus,100664065,0x32cec,320
Assembly-CSharp-firstpass,,JCloudManager,GetSharedManager,100664066,0x32e2c,60
Assembly-CSharp-firstpass,,JCloudManager,WatchDocument,100664067,0x32e68,356
Assembly-CSharp-firstpass,,JCloudManager,WatchAsyncDocument,100664068,0x32fcc,356
Assembly-CSharp-firstpass,,JCloudManager,GetDocumentState,100664069,0x33130,208
Assembly-CSharp-firstpass,,JCloudManager,UnwatchDocument,100664070,0x33200,632
Assembly-CSharp-firstpass,,JCloudManager,GetDocumentResult,100664071,0x33478,260
Assembly-CSharp-firstpass,,JCloudManager,GetDocumentLock,100664072,0x3357c,412
Assembly-CSharp-firstpass,,JCloudManager,CheckDocumentLock,100664073,0x33718,256
Assembly-CSharp-firstpass,,JCloudManager,ReleaseDocumentLock,100664074,0x33818,332
Assembly-CSharp-firstpass,,JCloudManager,DocumentStateDidChange,100664075,0x33964,328
Assembly-CSharp-firstpass,,JCloudManager,DocumentResultDidChange,100664076,0x33aac,468
Assembly-CSharp-firstpass,,JCloudManager,PathListFromBytes,100664077,0x33c80,324
Assembly-CSharp-firstpass,,JCloudManager,CopyDirectory,100664078,0x33dc4,400
Assembly-CSharp-firstpass,,DocumentLock,.ctor,100664079,0x33f54,72
Assembly-CSharp-firstpass,,JCloudRoutineReturn,.ctor,100664080,0x33f9c,44
Assembly-CSharp-firstpass,,JCloudRoutineReturn,get_finished,100664081,0x33fc8,52
Assembly-CSharp-firstpass,,JCloudRoutineReturn,set_finished,100664082,0x33ffc,60
Assembly-CSharp-firstpass,,JCloudRoutineReturn,get_cancel,100664083,0x34038,52
Assembly-CSharp-firstpass,,JCloudRoutineReturn,set_cancel,100664084,0x3406c,60
Assembly-CSharp-firstpass,,JCloudRoutine,.ctor,100664085,0x340a8,44
Assembly-CSharp-firstpass,,JCloudRoutine,.cctor,100664086,0x340d4,80
Assembly-CSharp-firstpass,,JCloudRoutine,add_Cancelled,100664087,0x34124,148
Assembly-CSharp-firstpass,,JCloudRoutine,remove_Cancelled,100664088,0x341b8,148
Assembly-CSharp-firstpass,,JCloudRoutine,add_Finished,100664089,0x3424c,148
Assembly-CSharp-firstpass,,JCloudRoutine,remove_Finished,100664090,0x342e0,148
Assembly-CSharp-firstpass,,JCloudRoutine,Cancel,100664091,0x34374,56
Assembly-CSharp-firstpass,,JCloudRoutine,Run,100664092,0x343ac,80
Assembly-CSharp-firstpass,,JCloudRoutine,Create,100664093,0x343fc,112
Assembly-CSharp-firstpass,,JCloudRoutine,Execute,100664094,0x3446c,88
Assembly-CSharp-firstpass,,MiniJSON,.ctor,100664095,0x344c4,44
Assembly-CSharp-firstpass,,MiniJSON,.cctor,100664096,0x344f0,100
Assembly-CSharp-firstpass,,MiniJSON,jsonDecode,100664097,0x34554,216
Assembly-CSharp-firstpass,,MiniJSON,jsonEncode,100664098,0x3462c,132
Assembly-CSharp-firstpass,,MiniJSON,lastDecodeSuccessful,100664099,0x346b0,72
Assembly-CSharp-firstpass,,MiniJSON,getLastErrorIndex,100664100,0x346f8,56
Assembly-CSharp-firstpass,,MiniJSON,getLastErrorSnippet,100664101,0x34730,256
Assembly-CSharp-firstpass,,MiniJSON,parseObject,100664102,0x34830,356
Assembly-CSharp-firstpass,,MiniJSON,parseArray,100664103,0x34994,296
Assembly-CSharp-firstpass,,MiniJSON,parseValue,100664104,0x34abc,380
Assembly-CSharp-firstpass,,MiniJSON,parseString,100664105,0x34c38,1092
Assembly-CSharp-firstpass,,MiniJSON,parseNumber,100664106,0x3507c,184
Assembly-CSharp-firstpass,,MiniJSON,getLastIndexOfNumber,100664107,0x35134,152
Assembly-CSharp-firstpass,,MiniJSON,eatWhitespace,100664108,0x351cc,164
Assembly-CSharp-firstpass,,MiniJSON,lookAhead,100664109,0x35270,76
Assembly-CSharp-firstpass,,MiniJSON,nextToken,100664110,0x352bc,1048
Assembly-CSharp-firstpass,,MiniJSON,serializeObjectOrArray,100664111,0x356d4,340
Assembly-CSharp-firstpass,,MiniJSON,serializeObject,100664112,0x35828,396
Assembly-CSharp-firstpass,,MiniJSON,serializeDictionary,100664113,0x359b4,560
Assembly-CSharp-firstpass,,MiniJSON,serializeArray,100664114,0x35be4,252
Assembly-CSharp-firstpass,,MiniJSON,serializeValue,100664115,0x35ce0,1532
Assembly-CSharp-firstpass,,MiniJSON,serializeString,100664116,0x362dc,620
Assembly-CSharp-firstpass,,MiniJSON,serializeNumber,100664117,0x36548,88
Assembly-CSharp-firstpass,,MiniJsonExtensions,toJson,100664118,0x365a0,52
Assembly-CSharp-firstpass,,MiniJsonExtensions,toJson,100664119,0x365d4,52
Assembly-CSharp-firstpass,,MiniJsonExtensions,arrayListFromJson,100664120,0x36608,112
Assembly-CSharp-firstpass,,MiniJsonExtensions,hashtableFromJson,100664121,0x36678,112
Assembly-CSharp-firstpass,,ResultLogger,.ctor,100664122,0x366e8,44
Assembly-CSharp-firstpass,,ResultLogger,logObject,100664123,0x36714,300
Assembly-CSharp-firstpass,,ResultLogger,logArraylist,100664124,0x36840,704
Assembly-CSharp-firstpass,,ResultLogger,logHashtable,100664125,0x36b00,108
Assembly-CSharp-firstpass,,ResultLogger,addHashtableToString,100664126,0x36b6c,1056
Assembly-CSharp-firstpass,,ResultLogger,addArraylistToString,100664127,0x36f8c,896
Assembly-CSharp-firstpass,,StoreKitBinding,.ctor,100664128,0x3730c,44
Assembly-CSharp-firstpass,,StoreKitBinding,canMakePayments,100664130,0x37338,60
Assembly-CSharp-firstpass,,StoreKitBinding,requestProductData,100664132,0x37374,84
Assembly-CSharp-firstpass,,StoreKitBinding,purchaseProduct,100664134,0x373c8,72
Assembly-CSharp-firstpass,,StoreKitBinding,restoreCompletedTransactions,100664136,0x37410,52
Assembly-CSharp-firstpass,,StoreKitBinding,validateReceipt,100664138,0x37444,72
Assembly-CSharp-firstpass,,StoreKitBinding,validateAutoRenewableReceipt,100664140,0x3748c,80
Assembly-CSharp-firstpass,,StoreKitBinding,getAllSavedTransactions,100664142,0x374dc,112
Assembly-CSharp-firstpass,,StoreKitEventListener,.ctor,100664143,0x3754c,52
Assembly-CSharp-firstpass,,StoreKitEventListener,OnEnable,100664144,0x37580,820
Assembly-CSharp-firstpass,,StoreKitEventListener,OnDisable,100664145,0x378b4,820
Assembly-CSharp-firstpass,,StoreKitEventListener,productListReceived,100664146,0x37be8,420
Assembly-CSharp-firstpass,,StoreKitEventListener,productListRequestFailed,100664147,0x37d8c,76
Assembly-CSharp-firstpass,,StoreKitEventListener,receiptValidationSuccessful,100664148,0x37dd8,64
Assembly-CSharp-firstpass,,StoreKitEventListener,receiptValidationFailed,100664149,0x37e18,76
Assembly-CSharp-firstpass,,StoreKitEventListener,receiptValidationRawResponseReceived,100664150,0x37e64,76
Assembly-CSharp-firstpass,,StoreKitEventListener,purchaseFailed,100664151,0x37eb0,76
Assembly-CSharp-firstpass,,StoreKitEventListener,purchaseCancelled,100664152,0x37efc,76
Assembly-CSharp-firstpass,,StoreKitEventListener,purchaseSuccessful,100664153,0x37f48,76
Assembly-CSharp-firstpass,,StoreKitEventListener,restoreTransactionsFailed,100664154,0x37f94,76
Assembly-CSharp-firstpass,,StoreKitEventListener,restoreTransactionsFinished,100664155,0x37fe0,64
Assembly-CSharp-firstpass,,StoreKitManager,.ctor,100664156,0x38020,52
Assembly-CSharp-firstpass,,StoreKitManager,add_purchaseSuccessful,100664157,0x38054,160
Assembly-CSharp-firstpass,,StoreKitManager,remove_purchaseSuccessful,100664158,0x380f4,160
Assembly-CSharp-firstpass,,StoreKitManager,add_productListReceived,100664159,0x38194,160
Assembly-CSharp-firstpass,,StoreKitManager,remove_productListReceived,100664160,0x38234,160
Assembly-CSharp-firstpass,,StoreKitManager,add_productListRequestFailed,100664161,0x382d4,160
Assembly-CSharp-firstpass,,StoreKitManager,remove_productListRequestFailed,100664162,0x38374,160
Assembly-CSharp-firstpass,,StoreKitManager,add_purchaseFailed,100664163,0x38414,160
Assembly-CSharp-firstpass,,StoreKitManager,remove_purchaseFailed,100664164,0x384b4,160
Assembly-CSharp-firstpass,,StoreKitManager,add_purchaseCancelled,100664165,0x38554,160
Assembly-CSharp-firstpass,,StoreKitManager,remove_purchaseCancelled,100664166,0x385f4,160
Assembly-CSharp-firstpass,,StoreKitManager,add_receiptValidationFailed,100664167,0x38694,160
Assembly-CSharp-firstpass,,StoreKitManager,remove_receiptValidationFailed,100664168,0x38734,160
Assembly-CSharp-firstpass,,StoreKitManager,add_receiptValidationRawResponseReceived,100664169,0x387d4,160
Assembly-CSharp-firstpass,,StoreKitManager,remove_receiptValidationRawResponseReceived,100664170,0x38874,160
Assembly-CSharp-firstpass,,StoreKitManager,add_receiptValidationSuccessful,100664171,0x38914,160
Assembly-CSharp-firstpass,,StoreKitManager,remove_receiptValidationSuccessful,100664172,0x389b4,160
Assembly-CSharp-firstpass,,StoreKitManager,add_restoreTransactionsFailed,100664173,0x38a54,160
Assembly-CSharp-firstpass,,StoreKitManager,remove_restoreTransactionsFailed,100664174,0x38af4,160
Assembly-CSharp-firstpass,,StoreKitManager,add_restoreTransactionsFinished,100664175,0x38b94,160
Assembly-CSharp-firstpass,,StoreKitManager,remove_restoreTransactionsFinished,100664176,0x38c34,160
Assembly-CSharp-firstpass,,StoreKitManager,Awake,100664177,0x38cd4,108
Assembly-CSharp-firstpass,,StoreKitManager,Start,100664178,0x38d40,88
Assembly-CSharp-firstpass,,StoreKitManager,productPurchased,100664179,0x38d98,128
Assembly-CSharp-firstpass,,StoreKitManager,productPurchaseFailed,100664180,0x38e18,112
Assembly-CSharp-firstpass,,StoreKitManager,productPurchaseCancelled,100664181,0x38e88,112
Assembly-CSharp-firstpass,,StoreKitManager,productsReceived,100664182,0x38ef8,128
Assembly-CSharp-firstpass,,StoreKitManager,productsRequestDidFail,100664183,0x38f78,112
Assembly-CSharp-firstpass,,StoreKitManager,validateReceiptFailed,100664184,0x38fe8,112
Assembly-CSharp-firstpass,,StoreKitManager,validateReceiptRawResponse,100664185,0x39058,112
Assembly-CSharp-firstpass,,StoreKitManager,validateReceiptFinished,100664186,0x390c8,240
Assembly-CSharp-firstpass,,StoreKitManager,restoreCompletedTransactionsFailed,100664187,0x391b8,112
Assembly-CSharp-firstpass,,StoreKitManager,restoreCompletedTransactionsFinished,100664188,0x39228,108
Assembly-CSharp-firstpass,,StoreKitProduct,.ctor,100664189,0x39294,44
Assembly-CSharp-firstpass,,StoreKitProduct,productsFromJson,100664190,0x392c0,696
Assembly-CSharp-firstpass,,StoreKitProduct,productFromHashtable,100664191,0x39578,712
Assembly-CSharp-firstpass,,StoreKitProduct,ToString,100664192,0x39840,264
Assembly-CSharp-firstpass,,StoreKitTransaction,.ctor,100664193,0x39948,44
Assembly-CSharp-firstpass,,StoreKitTransaction,transactionsFromJson,100664194,0x39974,696
Assembly-CSharp-firstpass,,StoreKitTransaction,transactionFromJson,100664195,0x39c2c,56
Assembly-CSharp-firstpass,,StoreKitTransaction,transactionFromHashtable,100664196,0x39c64,348
Assembly-CSharp-firstpass,,StoreKitTransaction,ToString,100664197,0x39dc0,136
Assembly-CSharp-firstpass,,StoreKitGUIManager,.ctor,100664198,0x39e48,52
Assembly-CSharp-firstpass,,StoreKitGUIManager,Start,100664199,0x39e7c,144
Assembly-CSharp-firstpass,,StoreKitGUIManager,OnGUI,100664200,0x39f0c,3084
Assembly-CSharp-firstpass,,StoreKitGUIManager,<Start>m__5,100664201,0x3ab18,132
Assembly-CSharp-firstpass,,UghButton,.ctor,100664202,0x3ab9c,52
Assembly-CSharp-firstpass,,UghButton,OnUghInputDown,100664203,0x3abd0,72
Assembly-CSharp-firstpass,,UghButton,OnUghInputUp,100664204,0x3ac18,120
Assembly-CSharp-firstpass,,UghButton,OnUghInputUpAsButton,100664205,0x3ac90,204
Assembly-CSharp-firstpass,,UghButton,OnMouseEnter,100664206,0x3ad5c,100
Assembly-CSharp-firstpass,,UghButton,OnMouseExit,100664207,0x3adc0,120
Assembly-CSharp-firstpass,,UghButtonDisablable,.ctor,100664208,0x3ae38,52
Assembly-CSharp-firstpass,,UghButtonDisablable,Start,100664209,0x3ae6c,56
Assembly-CSharp-firstpass,,UghButtonDisablable,OnUghInputDown,100664210,0x3aea4,72
Assembly-CSharp-firstpass,,UghButtonDisablable,OnUghInputUpAsButton,100664211,0x3aeec,92
Assembly-CSharp-firstpass,,UghButtonDisablable,SetLock,100664212,0x3af48,100
Assembly-CSharp-firstpass,,UghButtonDisablable,ToggleLock,100664213,0x3afac,104
Assembly-CSharp-firstpass,,UghControl,.ctor,100664214,0x3b014,60
Assembly-CSharp-firstpass,,UghControl,.cctor,100664215,0x3b050,36
Assembly-CSharp-firstpass,,UghControl,get_HotFingerID,100664216,0x3b074,52
Assembly-CSharp-firstpass,,UghControl,set_HotFingerID,100664217,0x3b0a8,60
Assembly-CSharp-firstpass,,UghControl,get_isLegalControl,100664218,0x3b0e4,152
Assembly-CSharp-firstpass,,UghControl,OnUghInputDown,100664219,0x3b17c,64
Assembly-CSharp-firstpass,,UghControl,OnUghInputUp,100664220,0x3b1bc,44
Assembly-CSharp-firstpass,,UghControl,OnUghInputDrag,100664221,0x3b1e8,44
Assembly-CSharp-firstpass,,UghControl,OnUghInputUpAsButton,100664222,0x3b214,44
Assembly-CSharp-firstpass,,UghControl,OnUghInputUpLate,100664223,0x3b240,44
Assembly-CSharp-firstpass,,UghControl,AutoSizeCollider,100664224,0x3b26c,528
Assembly-CSharp-firstpass,,UghControl,OnDrawGizmos,100664225,0x3b47c,108
Assembly-CSharp-firstpass,,UghControl,Reset,100664226,0x3b4e8,188
Assembly-CSharp-firstpass,,UghScrollView,.ctor,100664227,0x3b5a4,188
Assembly-CSharp-firstpass,,UghScrollView,add_ScrollSnapped,100664228,0x3b660,148
Assembly-CSharp-firstpass,,UghScrollView,remove_ScrollSnapped,100664229,0x3b6f4,148
Assembly-CSharp-firstpass,,UghScrollView,add_ScrollSoftSnapped,100664230,0x3b788,148
Assembly-CSharp-firstpass,,UghScrollView,remove_ScrollSoftSnapped,100664231,0x3b81c,148
Assembly-CSharp-firstpass,,UghScrollView,get_HorizontalContents,100664232,0x3b8b0,52
Assembly-CSharp-firstpass,,UghScrollView,set_HorizontalContents,100664233,0x3b8e4,64
Assembly-CSharp-firstpass,,UghScrollView,get_VerticalContents,100664234,0x3b924,52
Assembly-CSharp-firstpass,,UghScrollView,set_VerticalContents,100664235,0x3b958,64
Assembly-CSharp-firstpass,,UghScrollView,get_SnapSpacing,100664236,0x3b998,108
Assembly-CSharp-firstpass,,UghScrollView,set_SnapSpacing,100664237,0x3ba04,88
Assembly-CSharp-firstpass,,UghScrollView,get_ScrollPosition,100664238,0x3ba5c,108
Assembly-CSharp-firstpass,,UghScrollView,set_ScrollPosition,100664239,0x3bac8,188
Assembly-CSharp-firstpass,,UghScrollView,get_ViewSize,100664240,0x3bb84,108
Assembly-CSharp-firstpass,,UghScrollView,set_ViewSize,100664241,0x3bbf0,88
Assembly-CSharp-firstpass,,UghScrollView,SnapScrollToIndex,100664242,0x3bc48,1540
Assembly-CSharp-firstpass,,UghScrollView,SnapScrollByShift,100664243,0x3c24c,556
Assembly-CSharp-firstpass,,UghScrollView,ScrollToPosition,100664244,0x3c478,536
Assembly-CSharp-firstpass,,UghScrollView,Awake,100664245,0x3c690,208
Assembly-CSharp-firstpass,,UghScrollView,OnUghInputDown,100664246,0x3c760,72
Assembly-CSharp-firstpass,,UghScrollView,UpdateRealDeltaTime,100664247,0x3c7a8,132
Assembly-CSharp-firstpass,,UghScrollView,HandleExplicitScrolling,100664248,0x3c82c,72
Assembly-CSharp-firstpass,,UghScrollView,HandleVelocityScrolling,100664249,0x3c874,72
Assembly-CSharp-firstpass,,UghScrollView,HandleSnapScrolling,100664250,0x3c8bc,72
Assembly-CSharp-firstpass,,UghScrollView,ForceSnapScrolling,100664251,0x3c904,140
Assembly-CSharp-firstpass,,UghScrollView,SnapScroll,100664252,0x3c990,140
Assembly-CSharp-firstpass,,UghScrollView,OnScrollPositionChanged,100664253,0x3ca1c,940
Assembly-CSharp-firstpass,,UghSlideToggle,.ctor,100664254,0x3cdc8,76
Assembly-CSharp-firstpass,,UghSlideToggle,get_State,100664255,0x3ce14,52
Assembly-CSharp-firstpass,,UghSlideToggle,set_State,100664256,0x3ce48,160
Assembly-CSharp-firstpass,,UghSlideToggle,AutoSizeCollider,100664257,0x3cee8,44
Assembly-CSharp-firstpass,,UghSlideToggle,UpdateRealDeltaTime,100664258,0x3cf14,132
Assembly-CSharp-firstpass,,UghSlideToggle,Awake,100664259,0x3cf98,84
Assembly-CSharp-firstpass,,UghSlideToggle,LocalPositionForInput,100664260,0x3cfec,488
Assembly-CSharp-firstpass,,UghSlideToggle,SendOnChanged,100664261,0x3d1d4,76
Assembly-CSharp-firstpass,,UghSlideToggle,OnUghInputDown,100664262,0x3d220,72
Assembly-CSharp-firstpass,,UghSlideToggle,OnUghInputUp,100664263,0x3d268,56
Assembly-CSharp-firstpass,,UghSlideToggle,OnUghInputUpAsButton,100664264,0x3d2a0,56
Assembly-CSharp-firstpass,,UghSlideToggle,UpdateMeshWithSpritePrototype,100664265,0x3d2d8,2936
Assembly-CSharp-firstpass,,UghSlideToggle,Update,100664266,0x3de50,64
Assembly-CSharp-firstpass,,UghSlider,.ctor,100664267,0x3de90,76
Assembly-CSharp-firstpass,,UghSlider,get_Current,100664268,0x3dedc,100
Assembly-CSharp-firstpass,,UghSlider,set_Current,100664269,0x3df40,116
Assembly-CSharp-firstpass,,UghSlider,get_CurrentNormalized,100664270,0x3dfb4,64
Assembly-CSharp-firstpass,,UghSlider,set_CurrentNormalized,100664271,0x3dff4,128
Assembly-CSharp-firstpass,,UghSlider,Awake,100664272,0x3e074,104
Assembly-CSharp-firstpass,,UghSlider,LocalPositionForInput,100664273,0x3e0dc,488
Assembly-CSharp-firstpass,,UghSlider,OnUghInputDown,100664274,0x3e2c4,72
Assembly-CSharp-firstpass,,UghSlider,OnUghInputUp,100664275,0x3e30c,64
Assembly-CSharp-firstpass,,UghSlider,OnUghInputUpAsButton,100664276,0x3e34c,64
Assembly-CSharp-firstpass,,UghSlider,UpdatePosition,100664277,0x3e38c,484
Assembly-CSharp-firstpass,,UghToggle,.ctor,100664278,0x3e570,52
Assembly-CSharp-firstpass,,UghToggle,get_State,100664279,0x3e5a4,52
Assembly-CSharp-firstpass,,UghToggle,set_State,100664280,0x3e5d8,72
Assembly-CSharp-firstpass,,UghToggle,get_HighlightState,100664281,0x3e620,52
Assembly-CSharp-firstpass,,UghToggle,set_HighlightState,100664282,0x3e654,64
Assembly-CSharp-firstpass,,UghToggle,OnUghInputDown,100664283,0x3e694,72
Assembly-CSharp-firstpass,,UghToggle,OnUghInputUp,100664284,0x3e6dc,116
Assembly-CSharp-firstpass,,UghToggle,OnUghInputUpAsButton,100664285,0x3e750,148
Assembly-CSharp-firstpass,,UghToggle,GetUghSpritePrototypeForCurrentState,100664286,0x3e7e4,108
Assembly-CSharp-firstpass,,UghToggle,UpdateMeshForCurrentState,100664287,0x3e850,72
Assembly-CSharp-firstpass,,UghToggle,SendOnChanged,100664288,0x3e898,76
Assembly-CSharp-firstpass,,UghToggle,OnMouseExit,100664289,0x3e8e4,100
Assembly-CSharp-firstpass,,LEDScroller,.ctor,100664290,0x3e948,184
Assembly-CSharp-firstpass,,LEDScroller,add_HandleNewTextCheck,100664291,0x3ea00,160
Assembly-CSharp-firstpass,,LEDScroller,remove_HandleNewTextCheck,100664292,0x3eaa0,160
Assembly-CSharp-firstpass,,LEDScroller,get_CurrentString,100664293,0x3eb40,52
Assembly-CSharp-firstpass,,LEDScroller,set_CurrentString,100664294,0x3eb74,60
Assembly-CSharp-firstpass,,LEDScroller,get_EndofSentence,100664295,0x3ebb0,52
Assembly-CSharp-firstpass,,LEDScroller,set_EndofSentence,100664296,0x3ebe4,60
Assembly-CSharp-firstpass,,LEDScroller,OnNewTextCheck,100664297,0x3ec20,104
Assembly-CSharp-firstpass,,LEDScroller,OnEnable,100664298,0x3ec88,256
Assembly-CSharp-firstpass,,LEDScroller,OnDisable,100664299,0x3ed88,256
Assembly-CSharp-firstpass,,LEDScroller,CheckForNewText,100664300,0x3ee88,240
Assembly-CSharp-firstpass,,LEDScroller,Start,100664301,0x3ef78,108
Assembly-CSharp-firstpass,,LEDScroller,SetUpNewStringForDisplayHelper,100664302,0x3efe4,308
Assembly-CSharp-firstpass,,LEDScroller,OnResetScroller,100664303,0x3f118,112
Assembly-CSharp-firstpass,,LEDScroller,OnScroll,100664304,0x3f188,80
Assembly-CSharp-firstpass,,LEDScroller,OnFlash,100664305,0x3f1d8,80
Assembly-CSharp-firstpass,,LEDScroller,OnScrollHelper,100664306,0x3f228,72
Assembly-CSharp-firstpass,,LEDScroller,OnFlashHelper,100664307,0x3f270,72
Assembly-CSharp-firstpass,,LEDScroller,OnStaticText,100664308,0x3f2b8,264
Assembly-CSharp-firstpass,,LEDScroller,Update,100664309,0x3f3c0,340
Assembly-CSharp-firstpass,,LEDScroller,AddText,100664310,0x3f514,120
Assembly-CSharp-firstpass,,LEDScroller,RemoveText,100664311,0x3f58c,116
Assembly-CSharp-firstpass,,LEDScroller,ReplaceText,100664312,0x3f600,172
Assembly-CSharp-firstpass,,LEDScroller,ClearText,100664313,0x3f6ac,64
Assembly-CSharp-firstpass,,LEDScroller,TextStringCount,100664314,0x3f6ec,64
Assembly-CSharp-firstpass,,TextString,.ctor,100664315,0x3f72c,80
Assembly-CSharp-firstpass,,TextString,get_Text,100664316,0x3f77c,52
Assembly-CSharp-firstpass,,TextString,set_Text,100664317,0x3f7b0,60
Assembly-CSharp-firstpass,,TextString,get_Scroll,100664318,0x3f7ec,52
Assembly-CSharp-firstpass,,TextString,set_Scroll,100664319,0x3f820,60
Assembly-CSharp-firstpass,,TextString,get_Flash,100664320,0x3f85c,52
Assembly-CSharp-firstpass,,TextString,set_Flash,100664321,0x3f890,60
Assembly-CSharp-firstpass,,ScreenFade,.ctor,100664322,0x3f8cc,52
Assembly-CSharp-firstpass,,ScreenFade,.cctor,100664323,0x3f900,36
Assembly-CSharp-firstpass,,ScreenFade,get_Instance,100664324,0x3f924,248
Assembly-CSharp-firstpass,,ScreenFade,get_IsFading,100664325,0x3fa1c,52
Assembly-CSharp-firstpass,,ScreenFade,get_IsFaded,100664326,0x3fa50,100
Assembly-CSharp-firstpass,,ScreenFade,set_IsFaded,100664327,0x3fab4,172
Assembly-CSharp-firstpass,,ScreenFade,get_FadedAmount,100664328,0x3fb60,64
Assembly-CSharp-firstpass,,ScreenFade,set_FadedAmount,100664329,0x3fba0,384
Assembly-CSharp-firstpass,,ScreenFade,Fade,100664330,0x3fd20,88
Assembly-CSharp-firstpass,,ScreenFade,Fade,100664331,0x3fd78,96
Assembly-CSharp-firstpass,,ScreenFade,LoadLevelWithFade,100664332,0x3fdd8,72
Assembly-CSharp-firstpass,,ScreenFade,Start,100664333,0x3fe20,124
Assembly-CSharp-firstpass,,ScreenFade,FadeHelper,100664334,0x3fe9c,124
Assembly-CSharp-firstpass,,ScreenFade,LoadSceneHelper,100664335,0x3ff18,80
Assembly-CSharp-firstpass,,UghAlign,.ctor,100664336,0x3ff68,84
Assembly-CSharp-firstpass,,UghAlign,get_IsDirty,100664337,0x3ffbc,52
Assembly-CSharp-firstpass,,UghAlign,set_IsDirty,100664338,0x3fff0,60
Assembly-CSharp-firstpass,,UghAlign,Align,100664339,0x4002c,1732
Assembly-CSharp-firstpass,,UghAlign,AlignToSprite,100664340,0x406f0,560
Assembly-CSharp-firstpass,,UghAlign,AlignToScreen,100664341,0x40920,540
Assembly-CSharp-firstpass,,UghAlign,OnDisable,100664342,0x40b3c,152
Assembly-CSharp-firstpass,,UghAlign,OnDrawGizmos,100664343,0x40bd4,80
Assembly-CSharp-firstpass,,UghAlign,OnEnable,100664344,0x40c24,312
Assembly-CSharp-firstpass,,UghAlign,OnMPDirtyAlign,100664345,0x40d5c,84
Assembly-CSharp-firstpass,,UghAlign,Start,100664346,0x40db0,52
Assembly-CSharp-firstpass,,UghAlign,Update,100664347,0x40de4,68
Assembly-CSharp-firstpass,,UghCamera,.ctor,100664348,0x40e28,228
Assembly-CSharp-firstpass,,UghCamera,.cctor,100664349,0x40f0c,76
Assembly-CSharp-firstpass,,UghCamera,get_Instance,100664350,0x40f58,552
Assembly-CSharp-firstpass,,UghCamera,get_CameraPixelSize,100664351,0x41180,192
Assembly-CSharp-firstpass,,UghCamera,get_ScreenSize,100664352,0x41240,240
Assembly-CSharp-firstpass,,UghCamera,get_ScreenExtents,100664353,0x41330,132
Assembly-CSharp-firstpass,,UghCamera,get_Aspect,100664354,0x413b4,168
Assembly-CSharp-firstpass,,UghCamera,ScreenAnchorToPosition,100664355,0x4145c,2324
Assembly-CSharp-firstpass,,UghCamera,OnLevelWasLoaded,100664356,0x41d70,88
Assembly-CSharp-firstpass,,UghCamera,Reset,100664357,0x41dc8,52
Assembly-CSharp-firstpass,,UghCamera,Start,100664358,0x41dfc,60
Assembly-CSharp-firstpass,,UghCamera,Update,100664359,0x41e38,72
Assembly-CSharp-firstpass,,UghCamera,ResetCamera,100664360,0x41e80,400
Assembly-CSharp-firstpass,,UghCamera,ResetCameraPosition,100664361,0x42010,224
Assembly-CSharp-firstpass,,UghInput,.ctor,100664362,0x420f0,104
Assembly-CSharp-firstpass,,UghInput,get_Instance,100664363,0x42158,516
Assembly-CSharp-firstpass,,UghInput,get_UseTouchInput,100664364,0x4235c,44
Assembly-CSharp-firstpass,,UghInput,get_InputPosition,100664365,0x42388,176
Assembly-CSharp-firstpass,,UghInput,get_InputPositionInWorldSpace,100664366,0x42438,144
Assembly-CSharp-firstpass,,UghInput,get_IsInputDown,100664367,0x424c8,88
Assembly-CSharp-firstpass,,UghInput,InputToWorldPoint,100664368,0x42520,144
Assembly-CSharp-firstpass,,UghInput,Touch,100664369,0x425b0,44
Assembly-CSharp-firstpass,,UghInput,TouchBeginEvent,100664370,0x425dc,724
Assembly-CSharp-firstpass,,UghInput,TouchPersistEvent,100664371,0x428b0,416
Assembly-CSharp-firstpass,,UghInput,TouchCanceledEvent,100664372,0x42a50,252
Assembly-CSharp-firstpass,,UghInput,TouchEndedEvent,100664373,0x42b4c,1280
Assembly-CSharp-firstpass,,UghInput,Awake,100664374,0x4304c,80
Assembly-CSharp-firstpass,,UghInput,LateUpdate,100664375,0x4309c,696
Assembly-CSharp-firstpass,,UghInput,<TouchBeginEvent>m__6,100664376,0x43354,228
Assembly-CSharp-firstpass,,UghInput,<TouchEndedEvent>m__7,100664377,0x43438,228
Assembly-CSharp-firstpass,,UghPublisher,.ctor,100664378,0x4351c,52
Assembly-CSharp-firstpass,,UghPublisher,get_transforms,100664379,0x43550,52
Assembly-CSharp-firstpass,,UghPublisher,get_ughTexts,100664380,0x43584,52
Assembly-CSharp-firstpass,,UghPublisher,get_ledScrollers,100664381,0x435b8,52
Assembly-CSharp-firstpass,,UghPublisher,get_ughButtons,100664382,0x435ec,52
Assembly-CSharp-firstpass,,UghPublisher,GetButton,100664383,0x43620,72
Assembly-CSharp-firstpass,,UghPublisher,get_ughSlideToggles,100664384,0x43668,52
Assembly-CSharp-firstpass,,UghPublisher,get_ughSliders,100664385,0x4369c,52
Assembly-CSharp-firstpass,,UghPublisher,Awake,100664386,0x436d0,332
Assembly-CSharp-firstpass,,UghPublisher,OnButtonPressed,100664387,0x4381c,184
Assembly-CSharp-firstpass,,UghPublisher,GetSprite,100664388,0x438d4,236
Assembly-CSharp-firstpass,,TransformsDictionary,.ctor,100664389,0x439c0,188
Assembly-CSharp-firstpass,,TransformsDictionary,get_Item,100664390,0x43a7c,72
Assembly-CSharp-firstpass,,TransformReference,.ctor,100664391,0x43ac4,44
Assembly-CSharp-firstpass,,UghTextsDictionary,.ctor,100664392,0x43af0,188
Assembly-CSharp-firstpass,,UghTextsDictionary,get_Item,100664393,0x43bac,72
Assembly-CSharp-firstpass,,UghTextReference,.ctor,100664394,0x43bf4,44
Assembly-CSharp-firstpass,,LEDScrollersDictionary,.ctor,100664395,0x43c20,188
Assembly-CSharp-firstpass,,LEDScrollersDictionary,get_Item,100664396,0x43cdc,72
Assembly-CSharp-firstpass,,LEDScrollerReference,.ctor,100664397,0x43d24,44
Assembly-CSharp-firstpass,,UghButtonsDictionary,.ctor,100664398,0x43d50,188
Assembly-CSharp-firstpass,,UghButtonsDictionary,get_Item,100664399,0x43e0c,72
Assembly-CSharp-firstpass,,UghButtonReference,.ctor,100664400,0x43e54,44
Assembly-CSharp-firstpass,,UghSlideToggleDictionary,.ctor,100664401,0x43e80,188
Assembly-CSharp-firstpass,,UghSlideToggleDictionary,get_Item,100664402,0x43f3c,72
Assembly-CSharp-firstpass,,UghSlideToggleReference,.ctor,100664403,0x43f84,44
Assembly-CSharp-firstpass,,UghSliderDictionary,.ctor,100664404,0x43fb0,188
Assembly-CSharp-firstpass,,UghSliderDictionary,get_Item,100664405,0x4406c,72
Assembly-CSharp-firstpass,,UghSliderReference,.ctor,100664406,0x440b4,44
Assembly-CSharp-firstpass,,UghSprite,.ctor,100664407,0x440e0,60
Assembly-CSharp-firstpass,,UghSprite,get_Offset,100664408,0x4411c,108
Assembly-CSharp-firstpass,,UghSprite,get_Prototype,100664409,0x44188,52
Assembly-CSharp-firstpass,,UghSprite,set_Prototype,100664410,0x441bc,112
Assembly-CSharp-firstpass,,UghSprite,GetLocalCenter,100664411,0x4422c,372
Assembly-CSharp-firstpass,,UghSprite,GetLocalOrigin,100664412,0x443a0,184
Assembly-CSharp-firstpass,,UghSprite,OnEnable,100664413,0x44458,80
Assembly-CSharp-firstpass,,UghSprite,OnDisable,100664414,0x444a8,184
Assembly-CSharp-firstpass,,UghSprite,OnDrawGizmos,100664415,0x44560,116
Assembly-CSharp-firstpass,,UghSprite,UpdateMesh,100664416,0x445d4,116
Assembly-CSharp-firstpass,,UghSprite,UpdateMeshWithSpritePrototype,100664417,0x44648,19888
Assembly-CSharp-firstpass,,UghSprite,AnchorToTextAnchor,100664418,0x493f8,176
Assembly-CSharp-firstpass,,UghSprite,TextAnchorToAnchor,100664419,0x494a8,176
Assembly-CSharp-firstpass,,UghSprite,GetOffsetForAnchor,100664420,0x49558,1564
Assembly-CSharp-firstpass,,UghSprite,GetUVArray,100664421,0x49b74,1540
Assembly-CSharp-firstpass,,UghSprite,MeshRowCount,100664422,0x4a178,156
Assembly-CSharp-firstpass,,UghSprite,MeshColumnCount,100664423,0x4a214,156
Assembly-CSharp-firstpass,,UghSprite,MeshVertexCount,100664424,0x4a2b0,72
Assembly-CSharp-firstpass,,UghSprite,GetParentPublisher,100664425,0x4a2f8,160
Assembly-CSharp-firstpass,,EdgePixels,.ctor,100664426,0x4a398,44
Assembly-CSharp-firstpass,,EdgePixels,get_xSum,100664427,0x4a3c4,76
Assembly-CSharp-firstpass,,EdgePixels,get_ySum,100664428,0x4a410,76
Assembly-CSharp-firstpass,,EdgePixels,DeepCopy,100664429,0x4a45c,128
Assembly-CSharp-firstpass,,UghSpritePrototype,.ctor,100664430,0x4a4dc,316
Assembly-CSharp-firstpass,,UghSpritePrototype,CreateSprite,100664431,0x4a618,380
Assembly-CSharp-firstpass,,UghSpritePrototype,OnEnable,100664432,0x4a794,52
Assembly-CSharp-firstpass,,UghSpritePrototype,UpdatePrototype,100664433,0x4a7c8,1220
Assembly-CSharp-firstpass,,UghStretch,.ctor,100664434,0x4ac8c,60
Assembly-CSharp-firstpass,,UghStretch,add_HandleMPDirtyAlign,100664435,0x4acc8,160
Assembly-CSharp-firstpass,,UghStretch,remove_HandleMPDirtyAlign,100664436,0x4ad68,160
Assembly-CSharp-firstpass,,UghStretch,get_IsDirty,100664437,0x4ae08,52
Assembly-CSharp-firstpass,,UghStretch,set_IsDirty,100664438,0x4ae3c,60
Assembly-CSharp-firstpass,,UghStretch,DoSignalDirtyAlign,100664439,0x4ae78,108
Assembly-CSharp-firstpass,,UghStretch,OnDrawGizmos,100664440,0x4aee4,52
Assembly-CSharp-firstpass,,UghStretch,Start,100664441,0x4af18,52
Assembly-CSharp-firstpass,,UghStretch,Align,100664442,0x4af4c,2096
Assembly-CSharp-firstpass,,UghStretch,Update,100664443,0x4b77c,68
Assembly-CSharp-firstpass,,UghText,.ctor,100664444,0x4b7c0,244
Assembly-CSharp-firstpass,,UghText,get_Text,100664445,0x4b8b4,68
Assembly-CSharp-firstpass,,UghText,set_Text,100664446,0x4b8f8,68
Assembly-CSharp-firstpass,,UghText,Start,100664447,0x4b93c,52
Assembly-CSharp-firstpass,,UghText,AutoInheritText,100664448,0x4b970,44
Assembly-CSharp-firstpass,,UghText,OnDrawGizmos,100664449,0x4b99c,64
Assembly-CSharp-firstpass,,UghText,ForceUpdate,100664450,0x4b9dc,144
Assembly-CSharp-firstpass,,UghText,UpdateDropShadow,100664451,0x4ba6c,904
Assembly-CSharp-firstpass,,UghText,SetTextMeshAndWordWrap,100664452,0x4bdf4,1996
Assembly-CSharp-firstpass,,UghText,GetParentPublisher,100664453,0x4c5c0,160
Assembly-CSharp-firstpass,,UghTriangle,.ctor,100664454,0x4c660,512
Assembly-CSharp-firstpass,,UghTriangle,.ctor,100664455,0x4c860,140
Assembly-CSharp-firstpass,,UghTriangle,AddToMeshList,100664456,0x4c8ec,648
Assembly-CSharp-firstpass,,UghTriangle,MakeQuad,100664457,0x4cb74,1032
Assembly-CSharp-firstpass,,P31CloudFile,.ctor,100664458,0x4cf7c,44
Assembly-CSharp-firstpass,,P31CloudFile,.cctor,100664459,0x4cfa8,176
Assembly-CSharp-firstpass,,P31CloudFile,exists,100664460,0x4d058,84
Assembly-CSharp-firstpass,,P31CloudFile,delete,100664461,0x4d0ac,84
Assembly-CSharp-firstpass,,P31CloudFile,writeAllBytes,100664462,0x4d100,96
Assembly-CSharp-firstpass,,P31CloudFile,writeAllText,100664463,0x4d160,96
Assembly-CSharp-firstpass,,P31CloudFile,readAllLines,100664464,0x4d1c0,84
Assembly-CSharp-firstpass,,P31CloudFile,readAllBytes,100664465,0x4d214,84
Assembly-CSharp-firstpass,,P31CloudFile,listAllFiles,100664466,0x4d268,72
Assembly-CSharp-firstpass,,LocalFileManager,.ctor,100664467,0x4d2b0,60
Assembly-CSharp-firstpass,,LocalFileManager,exists,100664468,0x4d2ec,68
Assembly-CSharp-firstpass,,LocalFileManager,delete,100664469,0x4d330,72
Assembly-CSharp-firstpass,,LocalFileManager,writeAllBytes,100664470,0x4d378,80
Assembly-CSharp-firstpass,,LocalFileManager,writeAllText,100664471,0x4d3c8,80
Assembly-CSharp-firstpass,,LocalFileManager,readAllBytes,100664472,0x4d418,96
Assembly-CSharp-firstpass,,LocalFileManager,readAllLines,100664473,0x4d478,96
Assembly-CSharp-firstpass,,LocalFileManager,listAllFiles,100664474,0x4d4d8,56
Assembly-CSharp-firstpass,,CloudFileManager,.ctor,100664475,0x4d510,60
Assembly-CSharp-firstpass,,CloudFileManager,writeAllBytes,100664476,0x4d54c,120
Assembly-CSharp-firstpass,,CloudFileManager,writeAllText,100664477,0x4d5c4,120
Assembly-CSharp-firstpass,,P31Prefs,.ctor,100664478,0x4d63c,44
Assembly-CSharp-firstpass,,P31Prefs,.cctor,100664479,0x4d668,228
Assembly-CSharp-firstpass,,P31Prefs,get_iCloudAvailable,100664480,0x4d74c,60
Assembly-CSharp-firstpass,,P31Prefs,get_iCloudDocumentStoreAvailable,100664481,0x4d788,60
Assembly-CSharp-firstpass,,P31Prefs,synchronize,100664482,0x4d7c4,84
Assembly-CSharp-firstpass,,P31Prefs,HasKey,100664483,0x4d818,96
Assembly-CSharp-firstpass,,P31Prefs,removeObjectForKey,100664484,0x4d878,92
Assembly-CSharp-firstpass,,P31Prefs,setInt,100664485,0x4d8d4,104
Assembly-CSharp-firstpass,,P31Prefs,getInt,100664486,0x4d93c,96
Assembly-CSharp-firstpass,,P31Prefs,setFloat,100664487,0x4d99c,140
Assembly-CSharp-firstpass,,P31Prefs,getFloat,100664488,0x4da28,128
Assembly-CSharp-firstpass,,P31Prefs,setString,100664489,0x4daa8,104
Assembly-CSharp-firstpass,,P31Prefs,getString,100664490,0x4db10,96
Assembly-CSharp-firstpass,,P31Prefs,setBool,100664491,0x4db70,136
Assembly-CSharp-firstpass,,P31Prefs,getBool,100664492,0x4dbf8,108
Assembly-CSharp-firstpass,,P31Prefs,setDictionary,100664493,0x4dc64,116
Assembly-CSharp-firstpass,,P31Prefs,getDictionary,100664494,0x4dcd8,108
Assembly-CSharp-firstpass,,P31Prefs,<P31Prefs>m__9,100664495,0x4dd44,84
Assembly-CSharp-firstpass,,iCloudBinding,.ctor,100664496,0x4dd98,44
Assembly-CSharp-firstpass,,iCloudBinding,isiCloudAvailable,100664498,0x4ddc4,60
Assembly-CSharp-firstpass,,iCloudBinding,synchronize,100664500,0x4de00,60
Assembly-CSharp-firstpass,,iCloudBinding,removeObjectForKey,100664502,0x4de3c,64
Assembly-CSharp-firstpass,,iCloudBinding,hasKey,100664504,0x4de7c,72
Assembly-CSharp-firstpass,,iCloudBinding,stringForKey,100664506,0x4dec4,88
Assembly-CSharp-firstpass,,iCloudBinding,setString,100664508,0x4df1c,72
Assembly-CSharp-firstpass,,iCloudBinding,dictionaryForKey,100664510,0x4df64,168
Assembly-CSharp-firstpass,,iCloudBinding,setDictionary,100664512,0x4e00c,72
Assembly-CSharp-firstpass,,iCloudBinding,doubleForKey,100664514,0x4e054,108
Assembly-CSharp-firstpass,,iCloudBinding,setDouble,100664516,0x4e0c0,88
Assembly-CSharp-firstpass,,iCloudBinding,intForKey,100664518,0x4e118,72
Assembly-CSharp-firstpass,,iCloudBinding,setInt,100664520,0x4e160,72
Assembly-CSharp-firstpass,,iCloudBinding,boolForKey,100664522,0x4e1a8,72
Assembly-CSharp-firstpass,,iCloudBinding,setBool,100664524,0x4e1f0,72
Assembly-CSharp-firstpass,,iCloudBinding,documentStoreAvailable,100664526,0x4e238,60
Assembly-CSharp-firstpass,,iCloudBinding,documentsDirectory,100664528,0x4e274,76
Assembly-CSharp-firstpass,,iCloudBinding,isFileInCloud,100664530,0x4e2c0,72
Assembly-CSharp-firstpass,,iCloudBinding,isFileDownloaded,100664532,0x4e308,72
Assembly-CSharp-firstpass,,iCloudBinding,addFile,100664534,0x4e350,72
Assembly-CSharp-firstpass,,iCloudBinding,evictFile,100664536,0x4e398,64
Assembly-CSharp-firstpass,,iCloudEventListener,.ctor,100664537,0x4e3d8,52
Assembly-CSharp-firstpass,,iCloudEventListener,OnEnable,100664538,0x4e40c,288
Assembly-CSharp-firstpass,,iCloudEventListener,OnDisable,100664539,0x4e52c,288
Assembly-CSharp-firstpass,,iCloudEventListener,keyValueStoreDidChangeEvent,100664540,0x4e64c,644
Assembly-CSharp-firstpass,,iCloudEventListener,entitlementsMissingEvent,100664541,0x4e8d0,64
Assembly-CSharp-firstpass,,iCloudEventListener,documentStoreUpdatedEvent,100664542,0x4e910,308
Assembly-CSharp-firstpass,,iCloudManager,.ctor,100664543,0x4ea44,52
Assembly-CSharp-firstpass,,iCloudManager,add_keyValueStoreDidChangeEvent,100664544,0x4ea78,160
Assembly-CSharp-firstpass,,iCloudManager,remove_keyValueStoreDidChangeEvent,100664545,0x4eb18,160
Assembly-CSharp-firstpass,,iCloudManager,add_entitlementsMissingEvent,100664546,0x4ebb8,160
Assembly-CSharp-firstpass,,iCloudManager,remove_entitlementsMissingEvent,100664547,0x4ec58,160
Assembly-CSharp-firstpass,,iCloudManager,add_documentStoreUpdatedEvent,100664548,0x4ecf8,160
Assembly-CSharp-firstpass,,iCloudManager,remove_documentStoreUpdatedEvent,100664549,0x4ed98,160
Assembly-CSharp-firstpass,,iCloudManager,Awake,100664550,0x4ee38,108
Assembly-CSharp-firstpass,,iCloudManager,keyValueStoreDidChange,100664551,0x4eea4,124
Assembly-CSharp-firstpass,,iCloudManager,entitlementsMissing,100664552,0x4ef20,108
Assembly-CSharp-firstpass,,iCloudManager,documentStoreUpdated,100664553,0x4ef8c,124
Assembly-CSharp-firstpass,,iCloudDocument,.ctor,100664554,0x4f008,252
Assembly-CSharp-firstpass,,iCloudDocument,fromJSON,100664555,0x4f104,740
Assembly-CSharp-firstpass,,iCloudDocument,ToString,100664556,0x4f3e8,128
Assembly-CSharp-firstpass,,iCloudGUIManager,.ctor,100664557,0x4f468,72
Assembly-CSharp-firstpass,,iCloudGUIManager,OnGUI,100664558,0x4f4b0,5304
Assembly-CSharp-firstpass,,<AnimationHelper>c__Iterator0,.ctor,100664595,0x50968,44
Assembly-CSharp-firstpass,,<AnimationHelper>c__Iterator0,System.Collections.Generic.IEnumerator<object>.get_Current,100664596,0x50994,52
Assembly-CSharp-firstpass,,<AnimationHelper>c__Iterator0,System.Collections.IEnumerator.get_Current,100664597,0x509c8,52
Assembly-CSharp-firstpass,,<AnimationHelper>c__Iterator0,MoveNext,100664598,0x509fc,420
Assembly-CSharp-firstpass,,<AnimationHelper>c__Iterator0,Dispose,100664599,0x50ba0,56
Assembly-CSharp-firstpass,,<AnimationHelper>c__Iterator0,Reset,100664600,0x50bd8,64
Assembly-CSharp-firstpass,,<DelayedHelper>c__Iterator1,.ctor,100664601,0x50c18,44
Assembly-CSharp-firstpass,,<DelayedHelper>c__Iterator1,System.Collections.Generic.IEnumerator<object>.get_Current,100664602,0x50c44,52
Assembly-CSharp-firstpass,,<DelayedHelper>c__Iterator1,System.Collections.IEnumerator.get_Current,100664603,0x50c78,52
Assembly-CSharp-firstpass,,<DelayedHelper>c__Iterator1,MoveNext,100664604,0x50cac,216
Assembly-CSharp-firstpass,,<DelayedHelper>c__Iterator1,Dispose,100664605,0x50d84,56
Assembly-CSharp-firstpass,,<DelayedHelper>c__Iterator1,Reset,100664606,0x50dbc,64
Assembly-CSharp-firstpass,,<Start>c__Iterator2,.ctor,100664607,0x50dfc,44
Assembly-CSharp-firstpass,,<Start>c__Iterator2,System.Collections.Generic.IEnumerator<object>.get_Current,100664608,0x50e28,52
Assembly-CSharp-firstpass,,<Start>c__Iterator2,System.Collections.IEnumerator.get_Current,100664609,0x50e5c,52
Assembly-CSharp-firstpass,,<Start>c__Iterator2,MoveNext,100664610,0x50e90,268
Assembly-CSharp-firstpass,,<Start>c__Iterator2,Dispose,100664611,0x50f9c,56
Assembly-CSharp-firstpass,,<Start>c__Iterator2,Reset,100664612,0x50fd4,64
Assembly-CSharp-firstpass,,<ActivateHelper>c__Iterator3,.ctor,100664613,0x51014,44
Assembly-CSharp-firstpass,,<ActivateHelper>c__Iterator3,System.Collections.Generic.IEnumerator<object>.get_Current,100664614,0x51040,52
Assembly-CSharp-firstpass,,<ActivateHelper>c__Iterator3,System.Collections.IEnumerator.get_Current,100664615,0x51074,52
Assembly-CSharp-firstpass,,<ActivateHelper>c__Iterator3,MoveNext,100664616,0x510a8,596
Assembly-CSharp-firstpass,,<ActivateHelper>c__Iterator3,Dispose,100664617,0x512fc,56
Assembly-CSharp-firstpass,,<ActivateHelper>c__Iterator3,Reset,100664618,0x51334,64
Assembly-CSharp-firstpass,,<DeactivateHelper>c__Iterator4,.ctor,100664619,0x51374,44
Assembly-CSharp-firstpass,,<DeactivateHelper>c__Iterator4,System.Collections.Generic.IEnumerator<object>.get_Current,100664620,0x513a0,52
Assembly-CSharp-firstpass,,<DeactivateHelper>c__Iterator4,System.Collections.IEnumerator.get_Current,100664621,0x513d4,52
Assembly-CSharp-firstpass,,<DeactivateHelper>c__Iterator4,MoveNext,100664622,0x51408,584
Assembly-CSharp-firstpass,,<DeactivateHelper>c__Iterator4,Dispose,100664623,0x51650,56
Assembly-CSharp-firstpass,,<DeactivateHelper>c__Iterator4,Reset,100664624,0x51688,64
Assembly-CSharp-firstpass,,<LoadFromWebCoroutine>c__Iterator5,.ctor,100664625,0x516c8,44
Assembly-CSharp-firstpass,,<LoadFromWebCoroutine>c__Iterator5,System.Collections.Generic.IEnumerator<object>.get_Current,100664626,0x516f4,52
Assembly-CSharp-firstpass,,<LoadFromWebCoroutine>c__Iterator5,System.Collections.IEnumerator.get_Current,100664627,0x51728,52
Assembly-CSharp-firstpass,,<LoadFromWebCoroutine>c__Iterator5,MoveNext,100664628,0x5175c,500
Assembly-CSharp-firstpass,,<LoadFromWebCoroutine>c__Iterator5,Dispose,100664629,0x51950,56
Assembly-CSharp-firstpass,,<LoadFromWebCoroutine>c__Iterator5,Reset,100664630,0x51988,64
Assembly-CSharp-firstpass,,<ExternalPersistanceCoroutine>c__Iterator6,.ctor,100664631,0x519c8,44
Assembly-CSharp-firstpass,,<ExternalPersistanceCoroutine>c__Iterator6,System.Collections.Generic.IEnumerator<object>.get_Current,100664632,0x519f4,52
Assembly-CSharp-firstpass,,<ExternalPersistanceCoroutine>c__Iterator6,System.Collections.IEnumerator.get_Current,100664633,0x51a28,52
Assembly-CSharp-firstpass,,<ExternalPersistanceCoroutine>c__Iterator6,MoveNext,100664634,0x51a5c,704
Assembly-CSharp-firstpass,,<ExternalPersistanceCoroutine>c__Iterator6,Dispose,100664635,0x51d1c,56
Assembly-CSharp-firstpass,,<ExternalPersistanceCoroutine>c__Iterator6,Reset,100664636,0x51d54,64
Assembly-CSharp-firstpass,,<WaitForLoadCoroutine>c__Iterator7,.ctor,100664637,0x51d94,44
Assembly-CSharp-firstpass,,<WaitForLoadCoroutine>c__Iterator7,System.Collections.Generic.IEnumerator<object>.get_Current,100664638,0x51dc0,52
Assembly-CSharp-firstpass,,<WaitForLoadCoroutine>c__Iterator7,System.Collections.IEnumerator.get_Current,100664639,0x51df4,52
Assembly-CSharp-firstpass,,<WaitForLoadCoroutine>c__Iterator7,MoveNext,100664640,0x51e28,1456
Assembly-CSharp-firstpass,,<WaitForLoadCoroutine>c__Iterator7,Dispose,100664641,0x523d8,56
Assembly-CSharp-firstpass,,<WaitForLoadCoroutine>c__Iterator7,Reset,100664642,0x52410,64
Assembly-CSharp-firstpass,,<WebLoadingHelper>c__Iterator8,.ctor,100664643,0x52450,44
Assembly-CSharp-firstpass,,<WebLoadingHelper>c__Iterator8,System.Collections.Generic.IEnumerator<object>.get_Current,100664644,0x5247c,52
Assembly-CSharp-firstpass,,<WebLoadingHelper>c__Iterator8,System.Collections.IEnumerator.get_Current,100664645,0x524b0,52
Assembly-CSharp-firstpass,,<WebLoadingHelper>c__Iterator8,MoveNext,100664646,0x524e4,268
Assembly-CSharp-firstpass,,<WebLoadingHelper>c__Iterator8,Dispose,100664647,0x525f0,56
Assembly-CSharp-firstpass,,<WebLoadingHelper>c__Iterator8,Reset,100664648,0x52628,64
Assembly-CSharp-firstpass,,<UseLocalizedLanguageHelper>c__Iterator9,.ctor,100664649,0x52668,44
Assembly-CSharp-firstpass,,<UseLocalizedLanguageHelper>c__Iterator9,System.Collections.Generic.IEnumerator<object>.get_Current,100664650,0x52694,52
Assembly-CSharp-firstpass,,<UseLocalizedLanguageHelper>c__Iterator9,System.Collections.IEnumerator.get_Current,100664651,0x526c8,52
Assembly-CSharp-firstpass,,<UseLocalizedLanguageHelper>c__Iterator9,MoveNext,100664652,0x526fc,768
Assembly-CSharp-firstpass,,<UseLocalizedLanguageHelper>c__Iterator9,Dispose,100664653,0x529fc,56
Assembly-CSharp-firstpass,,<UseLocalizedLanguageHelper>c__Iterator9,Reset,100664654,0x52a34,64
Assembly-CSharp-firstpass,,<FileExistsOperation>c__IteratorA,.ctor,100664655,0x52a74,44
Assembly-CSharp-firstpass,,<FileExistsOperation>c__IteratorA,System.Collections.Generic.IEnumerator<object>.get_Current,100664656,0x52aa0,52
Assembly-CSharp-firstpass,,<FileExistsOperation>c__IteratorA,System.Collections.IEnumerator.get_Current,100664657,0x52ad4,52
Assembly-CSharp-firstpass,,<FileExistsOperation>c__IteratorA,MoveNext,100664658,0x52b08,756
Assembly-CSharp-firstpass,,<FileExistsOperation>c__IteratorA,Dispose,100664659,0x52dfc,56
Assembly-CSharp-firstpass,,<FileExistsOperation>c__IteratorA,Reset,100664660,0x52e34,64
Assembly-CSharp-firstpass,,<FileDeleteOperation>c__IteratorB,.ctor,100664661,0x52e74,44
Assembly-CSharp-firstpass,,<FileDeleteOperation>c__IteratorB,System.Collections.Generic.IEnumerator<object>.get_Current,100664662,0x52ea0,52
Assembly-CSharp-firstpass,,<FileDeleteOperation>c__IteratorB,System.Collections.IEnumerator.get_Current,100664663,0x52ed4,52
Assembly-CSharp-firstpass,,<FileDeleteOperation>c__IteratorB,MoveNext,100664664,0x52f08,748
Assembly-CSharp-firstpass,,<FileDeleteOperation>c__IteratorB,Dispose,100664665,0x531f4,56
Assembly-CSharp-firstpass,,<FileDeleteOperation>c__IteratorB,Reset,100664666,0x5322c,64
Assembly-CSharp-firstpass,,<FileWriteAllBytesOperation>c__IteratorC,.ctor,100664667,0x5326c,44
Assembly-CSharp-firstpass,,<FileWriteAllBytesOperation>c__IteratorC,System.Collections.Generic.IEnumerator<object>.get_Current,100664668,0x53298,52
Assembly-CSharp-firstpass,,<FileWriteAllBytesOperation>c__IteratorC,System.Collections.IEnumerator.get_Current,100664669,0x532cc,52
Assembly-CSharp-firstpass,,<FileWriteAllBytesOperation>c__IteratorC,MoveNext,100664670,0x53300,784
Assembly-CSharp-firstpass,,<FileWriteAllBytesOperation>c__IteratorC,Dispose,100664671,0x53610,56
Assembly-CSharp-firstpass,,<FileWriteAllBytesOperation>c__IteratorC,Reset,100664672,0x53648,64
Assembly-CSharp-firstpass,,<FileReadAllBytesOperation>c__IteratorD,.ctor,100664673,0x53688,44
Assembly-CSharp-firstpass,,<FileReadAllBytesOperation>c__IteratorD,System.Collections.Generic.IEnumerator<object>.get_Current,100664674,0x536b4,52
Assembly-CSharp-firstpass,,<FileReadAllBytesOperation>c__IteratorD,System.Collections.IEnumerator.get_Current,100664675,0x536e8,52
Assembly-CSharp-firstpass,,<FileReadAllBytesOperation>c__IteratorD,MoveNext,100664676,0x5371c,888
Assembly-CSharp-firstpass,,<FileReadAllBytesOperation>c__IteratorD,Dispose,100664677,0x53a94,56
Assembly-CSharp-firstpass,,<FileReadAllBytesOperation>c__IteratorD,Reset,100664678,0x53acc,64
Assembly-CSharp-firstpass,,<FileModificationDateOperation>c__IteratorE,.ctor,100664679,0x53b0c,44
Assembly-CSharp-firstpass,,<FileModificationDateOperation>c__IteratorE,System.Collections.Generic.IEnumerator<object>.get_Current,100664680,0x53b38,52
Assembly-CSharp-firstpass,,<FileModificationDateOperation>c__IteratorE,System.Collections.IEnumerator.get_Current,100664681,0x53b6c,52
Assembly-CSharp-firstpass,,<FileModificationDateOperation>c__IteratorE,MoveNext,100664682,0x53ba0,1072
Assembly-CSharp-firstpass,,<FileModificationDateOperation>c__IteratorE,Dispose,100664683,0x53fd0,56
Assembly-CSharp-firstpass,,<FileModificationDateOperation>c__IteratorE,Reset,100664684,0x54008,64
Assembly-CSharp-firstpass,,<FileCopyOperation>c__IteratorF,.ctor,100664685,0x54048,44
Assembly-CSharp-firstpass,,<FileCopyOperation>c__IteratorF,System.Collections.Generic.IEnumerator<object>.get_Current,100664686,0x54074,52
Assembly-CSharp-firstpass,,<FileCopyOperation>c__IteratorF,System.Collections.IEnumerator.get_Current,100664687,0x540a8,52
Assembly-CSharp-firstpass,,<FileCopyOperation>c__IteratorF,MoveNext,100664688,0x540dc,996
Assembly-CSharp-firstpass,,<FileCopyOperation>c__IteratorF,Dispose,100664689,0x544c0,56
Assembly-CSharp-firstpass,,<FileCopyOperation>c__IteratorF,Reset,100664690,0x544f8,64
Assembly-CSharp-firstpass,,<FileMoveOperation>c__Iterator10,.ctor,100664691,0x54538,44
Assembly-CSharp-firstpass,,<FileMoveOperation>c__Iterator10,System.Collections.Generic.IEnumerator<object>.get_Current,100664692,0x54564,52
Assembly-CSharp-firstpass,,<FileMoveOperation>c__Iterator10,System.Collections.IEnumerator.get_Current,100664693,0x54598,52
Assembly-CSharp-firstpass,,<FileMoveOperation>c__Iterator10,MoveNext,100664694,0x545cc,996
Assembly-CSharp-firstpass,,<FileMoveOperation>c__Iterator10,Dispose,100664695,0x549b0,56
Assembly-CSharp-firstpass,,<FileMoveOperation>c__Iterator10,Reset,100664696,0x549e8,64
Assembly-CSharp-firstpass,,<DirectoryCreateOperation>c__Iterator11,.ctor,100664697,0x54a28,44
Assembly-CSharp-firstpass,,<DirectoryCreateOperation>c__Iterator11,System.Collections.Generic.IEnumerator<object>.get_Current,100664698,0x54a54,52
Assembly-CSharp-firstpass,,<DirectoryCreateOperation>c__Iterator11,System.Collections.IEnumerator.get_Current,100664699,0x54a88,52
Assembly-CSharp-firstpass,,<DirectoryCreateOperation>c__Iterator11,MoveNext,100664700,0x54abc,748
Assembly-CSharp-firstpass,,<DirectoryCreateOperation>c__Iterator11,Dispose,100664701,0x54da8,56
Assembly-CSharp-firstpass,,<DirectoryCreateOperation>c__Iterator11,Reset,100664702,0x54de0,64
Assembly-CSharp-firstpass,,<DirectoryExistsOperation>c__Iterator12,.ctor,100664703,0x54e20,44
Assembly-CSharp-firstpass,,<DirectoryExistsOperation>c__Iterator12,System.Collections.Generic.IEnumerator<object>.get_Current,100664704,0x54e4c,52
Assembly-CSharp-firstpass,,<DirectoryExistsOperation>c__Iterator12,System.Collections.IEnumerator.get_Current,100664705,0x54e80,52
Assembly-CSharp-firstpass,,<DirectoryExistsOperation>c__Iterator12,MoveNext,100664706,0x54eb4,756
Assembly-CSharp-firstpass,,<DirectoryExistsOperation>c__Iterator12,Dispose,100664707,0x551a8,56
Assembly-CSharp-firstpass,,<DirectoryExistsOperation>c__Iterator12,Reset,100664708,0x551e0,64
Assembly-CSharp-firstpass,,<DirectoryDeleteOperation>c__Iterator13,.ctor,100664709,0x55220,44
Assembly-CSharp-firstpass,,<DirectoryDeleteOperation>c__Iterator13,System.Collections.Generic.IEnumerator<object>.get_Current,100664710,0x5524c,52
Assembly-CSharp-firstpass,,<DirectoryDeleteOperation>c__Iterator13,System.Collections.IEnumerator.get_Current,100664711,0x55280,52
Assembly-CSharp-firstpass,,<DirectoryDeleteOperation>c__Iterator13,MoveNext,100664712,0x552b4,748
Assembly-CSharp-firstpass,,<DirectoryDeleteOperation>c__Iterator13,Dispose,100664713,0x555a0,56
Assembly-CSharp-firstpass,,<DirectoryDeleteOperation>c__Iterator13,Reset,100664714,0x555d8,64
Assembly-CSharp-firstpass,,<DirectoryGetFilesOperation>c__Iterator14,.ctor,100664715,0x55618,44
Assembly-CSharp-firstpass,,<DirectoryGetFilesOperation>c__Iterator14,System.Collections.Generic.IEnumerator<object>.get_Current,100664716,0x55644,52
Assembly-CSharp-firstpass,,<DirectoryGetFilesOperation>c__Iterator14,System.Collections.IEnumerator.get_Current,100664717,0x55678,52
Assembly-CSharp-firstpass,,<DirectoryGetFilesOperation>c__Iterator14,MoveNext,100664718,0x556ac,1240
Assembly-CSharp-firstpass,,<DirectoryGetFilesOperation>c__Iterator14,Dispose,100664719,0x55b84,56
Assembly-CSharp-firstpass,,<DirectoryGetFilesOperation>c__Iterator14,Reset,100664720,0x55bbc,64
Assembly-CSharp-firstpass,,<DirectoryGetDirectoriesOperation>c__Iterator15,.ctor,100664721,0x55bfc,44
Assembly-CSharp-firstpass,,<DirectoryGetDirectoriesOperation>c__Iterator15,System.Collections.Generic.IEnumerator<object>.get_Current,100664722,0x55c28,52
Assembly-CSharp-firstpass,,<DirectoryGetDirectoriesOperation>c__Iterator15,System.Collections.IEnumerator.get_Current,100664723,0x55c5c,52
Assembly-CSharp-firstpass,,<DirectoryGetDirectoriesOperation>c__Iterator15,MoveNext,100664724,0x55c90,1240
Assembly-CSharp-firstpass,,<DirectoryGetDirectoriesOperation>c__Iterator15,Dispose,100664725,0x56168,56
Assembly-CSharp-firstpass,,<DirectoryGetDirectoriesOperation>c__Iterator15,Reset,100664726,0x561a0,64
Assembly-CSharp-firstpass,,<DirectoryModificationDateOperation>c__Iterator16,.ctor,100664727,0x561e0,44
Assembly-CSharp-firstpass,,<DirectoryModificationDateOperation>c__Iterator16,System.Collections.Generic.IEnumerator<object>.get_Current,100664728,0x5620c,52
Assembly-CSharp-firstpass,,<DirectoryModificationDateOperation>c__Iterator16,System.Collections.IEnumerator.get_Current,100664729,0x56240,52
Assembly-CSharp-firstpass,,<DirectoryModificationDateOperation>c__Iterator16,MoveNext,100664730,0x56274,1072
Assembly-CSharp-firstpass,,<DirectoryModificationDateOperation>c__Iterator16,Dispose,100664731,0x566a4,56
Assembly-CSharp-firstpass,,<DirectoryModificationDateOperation>c__Iterator16,Reset,100664732,0x566dc,64
Assembly-CSharp-firstpass,,<DirectoryCopyOperation>c__Iterator17,.ctor,100664733,0x5671c,44
Assembly-CSharp-firstpass,,<DirectoryCopyOperation>c__Iterator17,System.Collections.Generic.IEnumerator<object>.get_Current,100664734,0x56748,52
Assembly-CSharp-firstpass,,<DirectoryCopyOperation>c__Iterator17,System.Collections.IEnumerator.get_Current,100664735,0x5677c,52
Assembly-CSharp-firstpass,,<DirectoryCopyOperation>c__Iterator17,MoveNext,100664736,0x567b0,996
Assembly-CSharp-firstpass,,<DirectoryCopyOperation>c__Iterator17,Dispose,100664737,0x56b94,56
Assembly-CSharp-firstpass,,<DirectoryCopyOperation>c__Iterator17,Reset,100664738,0x56bcc,64
Assembly-CSharp-firstpass,,<DirectoryMoveOperation>c__Iterator18,.ctor,100664739,0x56c0c,44
Assembly-CSharp-firstpass,,<DirectoryMoveOperation>c__Iterator18,System.Collections.Generic.IEnumerator<object>.get_Current,100664740,0x56c38,52
Assembly-CSharp-firstpass,,<DirectoryMoveOperation>c__Iterator18,System.Collections.IEnumerator.get_Current,100664741,0x56c6c,52
Assembly-CSharp-firstpass,,<DirectoryMoveOperation>c__Iterator18,MoveNext,100664742,0x56ca0,996
Assembly-CSharp-firstpass,,<DirectoryMoveOperation>c__Iterator18,Dispose,100664743,0x57084,56
Assembly-CSharp-firstpass,,<DirectoryMoveOperation>c__Iterator18,Reset,100664744,0x570bc,64
Assembly-CSharp-firstpass,,<Execute>c__Iterator19,.ctor,100664745,0x570fc,44
Assembly-CSharp-firstpass,,<Execute>c__Iterator19,System.Collections.Generic.IEnumerator<object>.get_Current,100664746,0x57128,52
Assembly-CSharp-firstpass,,<Execute>c__Iterator19,System.Collections.IEnumerator.get_Current,100664747,0x5715c,52
Assembly-CSharp-firstpass,,<Execute>c__Iterator19,MoveNext,100664748,0x57190,580
Assembly-CSharp-firstpass,,<Execute>c__Iterator19,Dispose,100664749,0x573d4,56
Assembly-CSharp-firstpass,,<Execute>c__Iterator19,Reset,100664750,0x5740c,64
Assembly-CSharp-firstpass,,<OnUghInputDown>c__Iterator1A,.ctor,100664751,0x5744c,44
Assembly-CSharp-firstpass,,<OnUghInputDown>c__Iterator1A,System.Collections.Generic.IEnumerator<object>.get_Current,100664752,0x57478,52
Assembly-CSharp-firstpass,,<OnUghInputDown>c__Iterator1A,System.Collections.IEnumerator.get_Current,100664753,0x574ac,52
Assembly-CSharp-firstpass,,<OnUghInputDown>c__Iterator1A,MoveNext,100664754,0x574e0,68
Assembly-CSharp-firstpass,,<OnUghInputDown>c__Iterator1A,Dispose,100664755,0x57524,56
Assembly-CSharp-firstpass,,<OnUghInputDown>c__Iterator1A,Reset,100664756,0x5755c,64
Assembly-CSharp-firstpass,,<OnUghInputDown>c__Iterator1B,.ctor,100664757,0x5759c,44
Assembly-CSharp-firstpass,,<OnUghInputDown>c__Iterator1B,System.Collections.Generic.IEnumerator<object>.get_Current,100664758,0x575c8,52
Assembly-CSharp-firstpass,,<OnUghInputDown>c__Iterator1B,System.Collections.IEnumerator.get_Current,100664759,0x575fc,52
Assembly-CSharp-firstpass,,<OnUghInputDown>c__Iterator1B,MoveNext,100664760,0x57630,200
Assembly-CSharp-firstpass,,<OnUghInputDown>c__Iterator1B,Dispose,100664761,0x576f8,56
Assembly-CSharp-firstpass,,<OnUghInputDown>c__Iterator1B,Reset,100664762,0x57730,64
Assembly-CSharp-firstpass,,<OnUghInputDown>c__Iterator1C,.ctor,100664763,0x57770,44
Assembly-CSharp-firstpass,,<OnUghInputDown>c__Iterator1C,System.Collections.Generic.IEnumerator<object>.get_Current,100664764,0x5779c,52
Assembly-CSharp-firstpass,,<OnUghInputDown>c__Iterator1C,System.Collections.IEnumerator.get_Current,100664765,0x577d0,52
Assembly-CSharp-firstpass,,<OnUghInputDown>c__Iterator1C,MoveNext,100664766,0x57804,160
Assembly-CSharp-firstpass,,<OnUghInputDown>c__Iterator1C,Dispose,100664767,0x578a4,56
Assembly-CSharp-firstpass,,<OnUghInputDown>c__Iterator1C,Reset,100664768,0x578dc,64
Assembly-CSharp-firstpass,,<OnUghInputDown>c__Iterator1D,.ctor,100664769,0x5791c,44
Assembly-CSharp-firstpass,,<OnUghInputDown>c__Iterator1D,System.Collections.Generic.IEnumerator<object>.get_Current,100664770,0x57948,52
Assembly-CSharp-firstpass,,<OnUghInputDown>c__Iterator1D,System.Collections.IEnumerator.get_Current,100664771,0x5797c,52
Assembly-CSharp-firstpass,,<OnUghInputDown>c__Iterator1D,MoveNext,100664772,0x579b0,1536
Assembly-CSharp-firstpass,,<OnUghInputDown>c__Iterator1D,Dispose,100664773,0x57fb0,56
Assembly-CSharp-firstpass,,<OnUghInputDown>c__Iterator1D,Reset,100664774,0x57fe8,64
Assembly-CSharp-firstpass,,<HandleExplicitScrolling>c__Iterator1E,.ctor,100664775,0x58028,44
Assembly-CSharp-firstpass,,<HandleExplicitScrolling>c__Iterator1E,System.Collections.Generic.IEnumerator<object>.get_Current,100664776,0x58054,52
Assembly-CSharp-firstpass,,<HandleExplicitScrolling>c__Iterator1E,System.Collections.IEnumerator.get_Current,100664777,0x58088,52
Assembly-CSharp-firstpass,,<HandleExplicitScrolling>c__Iterator1E,MoveNext,100664778,0x580bc,4524
Assembly-CSharp-firstpass,,<HandleExplicitScrolling>c__Iterator1E,Dispose,100664779,0x59268,56
Assembly-CSharp-firstpass,,<HandleExplicitScrolling>c__Iterator1E,Reset,100664780,0x592a0,64
Assembly-CSharp-firstpass,,<HandleVelocityScrolling>c__Iterator1F,.ctor,100664781,0x592e0,44
Assembly-CSharp-firstpass,,<HandleVelocityScrolling>c__Iterator1F,System.Collections.Generic.IEnumerator<object>.get_Current,100664782,0x5930c,52
Assembly-CSharp-firstpass,,<HandleVelocityScrolling>c__Iterator1F,System.Collections.IEnumerator.get_Current,100664783,0x59340,52
Assembly-CSharp-firstpass,,<HandleVelocityScrolling>c__Iterator1F,MoveNext,100664784,0x59374,4908
Assembly-CSharp-firstpass,,<HandleVelocityScrolling>c__Iterator1F,Dispose,100664785,0x5a6a0,56
Assembly-CSharp-firstpass,,<HandleVelocityScrolling>c__Iterator1F,Reset,100664786,0x5a6d8,64
Assembly-CSharp-firstpass,,<HandleSnapScrolling>c__Iterator20,.ctor,100664787,0x5a718,44
Assembly-CSharp-firstpass,,<HandleSnapScrolling>c__Iterator20,System.Collections.Generic.IEnumerator<object>.get_Current,100664788,0x5a744,52
Assembly-CSharp-firstpass,,<HandleSnapScrolling>c__Iterator20,System.Collections.IEnumerator.get_Current,100664789,0x5a778,52
Assembly-CSharp-firstpass,,<HandleSnapScrolling>c__Iterator20,MoveNext,100664790,0x5a7ac,5184
Assembly-CSharp-firstpass,,<HandleSnapScrolling>c__Iterator20,Dispose,100664791,0x5bbec,56
Assembly-CSharp-firstpass,,<HandleSnapScrolling>c__Iterator20,Reset,100664792,0x5bc24,64
Assembly-CSharp-firstpass,,<ForceSnapScrolling>c__Iterator21,.ctor,100664793,0x5bc64,44
Assembly-CSharp-firstpass,,<ForceSnapScrolling>c__Iterator21,System.Collections.Generic.IEnumerator<object>.get_Current,100664794,0x5bc90,52
Assembly-CSharp-firstpass,,<ForceSnapScrolling>c__Iterator21,System.Collections.IEnumerator.get_Current,100664795,0x5bcc4,52
Assembly-CSharp-firstpass,,<ForceSnapScrolling>c__Iterator21,MoveNext,100664796,0x5bcf8,264
Assembly-CSharp-firstpass,,<ForceSnapScrolling>c__Iterator21,Dispose,100664797,0x5be00,56
Assembly-CSharp-firstpass,,<ForceSnapScrolling>c__Iterator21,Reset,100664798,0x5be38,64
Assembly-CSharp-firstpass,,<SnapScroll>c__Iterator22,.ctor,100664799,0x5be78,44
Assembly-CSharp-firstpass,,<SnapScroll>c__Iterator22,System.Collections.Generic.IEnumerator<object>.get_Current,100664800,0x5bea4,52
Assembly-CSharp-firstpass,,<SnapScroll>c__Iterator22,System.Collections.IEnumerator.get_Current,100664801,0x5bed8,52
Assembly-CSharp-firstpass,,<SnapScroll>c__Iterator22,MoveNext,100664802,0x5bf0c,3024
Assembly-CSharp-firstpass,,<SnapScroll>c__Iterator22,Dispose,100664803,0x5cadc,56
Assembly-CSharp-firstpass,,<SnapScroll>c__Iterator22,Reset,100664804,0x5cb14,64
Assembly-CSharp-firstpass,,<OnUghInputDown>c__Iterator23,.ctor,100664805,0x5cb54,44
Assembly-CSharp-firstpass,,<OnUghInputDown>c__Iterator23,System.Collections.Generic.IEnumerator<object>.get_Current,100664806,0x5cb80,52
Assembly-CSharp-firstpass,,<OnUghInputDown>c__Iterator23,System.Collections.IEnumerator.get_Current,100664807,0x5cbb4,52
Assembly-CSharp-firstpass,,<OnUghInputDown>c__Iterator23,MoveNext,100664808,0x5cbe8,2464
Assembly-CSharp-firstpass,,<OnUghInputDown>c__Iterator23,Dispose,100664809,0x5d588,56
Assembly-CSharp-firstpass,,<OnUghInputDown>c__Iterator23,Reset,100664810,0x5d5c0,64
Assembly-CSharp-firstpass,,<OnUghInputDown>c__Iterator24,.ctor,100664811,0x5d600,44
Assembly-CSharp-firstpass,,<OnUghInputDown>c__Iterator24,System.Collections.Generic.IEnumerator<object>.get_Current,100664812,0x5d62c,52
Assembly-CSharp-firstpass,,<OnUghInputDown>c__Iterator24,System.Collections.IEnumerator.get_Current,100664813,0x5d660,52
Assembly-CSharp-firstpass,,<OnUghInputDown>c__Iterator24,MoveNext,100664814,0x5d694,672
Assembly-CSharp-firstpass,,<OnUghInputDown>c__Iterator24,Dispose,100664815,0x5d934,56
Assembly-CSharp-firstpass,,<OnUghInputDown>c__Iterator24,Reset,100664816,0x5d96c,64
Assembly-CSharp-firstpass,,<OnUghInputDown>c__Iterator25,.ctor,100664817,0x5d9ac,44
Assembly-CSharp-firstpass,,<OnUghInputDown>c__Iterator25,System.Collections.Generic.IEnumerator<object>.get_Current,100664818,0x5d9d8,52
Assembly-CSharp-firstpass,,<OnUghInputDown>c__Iterator25,System.Collections.IEnumerator.get_Current,100664819,0x5da0c,52
Assembly-CSharp-firstpass,,<OnUghInputDown>c__Iterator25,MoveNext,100664820,0x5da40,160
Assembly-CSharp-firstpass,,<OnUghInputDown>c__Iterator25,Dispose,100664821,0x5dae0,56
Assembly-CSharp-firstpass,,<OnUghInputDown>c__Iterator25,Reset,100664822,0x5db18,64
Assembly-CSharp-firstpass,,<OnScrollHelper>c__Iterator26,.ctor,100664823,0x5db58,44
Assembly-CSharp-firstpass,,<OnScrollHelper>c__Iterator26,System.Collections.Generic.IEnumerator<object>.get_Current,100664824,0x5db84,52
Assembly-CSharp-firstpass,,<OnScrollHelper>c__Iterator26,System.Collections.IEnumerator.get_Current,100664825,0x5dbb8,52
Assembly-CSharp-firstpass,,<OnScrollHelper>c__Iterator26,MoveNext,100664826,0x5dbec,764
Assembly-CSharp-firstpass,,<OnScrollHelper>c__Iterator26,Dispose,100664827,0x5dee8,56
Assembly-CSharp-firstpass,,<OnScrollHelper>c__Iterator26,Reset,100664828,0x5df20,64
Assembly-CSharp-firstpass,,<OnFlashHelper>c__Iterator27,.ctor,100664829,0x5df60,44
Assembly-CSharp-firstpass,,<OnFlashHelper>c__Iterator27,System.Collections.Generic.IEnumerator<object>.get_Current,100664830,0x5df8c,52
Assembly-CSharp-firstpass,,<OnFlashHelper>c__Iterator27,System.Collections.IEnumerator.get_Current,100664831,0x5dfc0,52
Assembly-CSharp-firstpass,,<OnFlashHelper>c__Iterator27,MoveNext,100664832,0x5dff4,504
Assembly-CSharp-firstpass,,<OnFlashHelper>c__Iterator27,Dispose,100664833,0x5e1ec,56
Assembly-CSharp-firstpass,,<OnFlashHelper>c__Iterator27,Reset,100664834,0x5e224,64
Assembly-CSharp-firstpass,,<FadeHelper>c__Iterator28,.ctor,100664835,0x5e264,44
Assembly-CSharp-firstpass,,<FadeHelper>c__Iterator28,System.Collections.Generic.IEnumerator<object>.get_Current,100664836,0x5e290,52
Assembly-CSharp-firstpass,,<FadeHelper>c__Iterator28,System.Collections.IEnumerator.get_Current,100664837,0x5e2c4,52
Assembly-CSharp-firstpass,,<FadeHelper>c__Iterator28,MoveNext,100664838,0x5e2f8,836
Assembly-CSharp-firstpass,,<FadeHelper>c__Iterator28,Dispose,100664839,0x5e63c,56
Assembly-CSharp-firstpass,,<FadeHelper>c__Iterator28,Reset,100664840,0x5e674,64
Assembly-CSharp-firstpass,,<LoadSceneHelper>c__Iterator29,.ctor,100664841,0x5e6b4,44
Assembly-CSharp-firstpass,,<LoadSceneHelper>c__Iterator29,System.Collections.Generic.IEnumerator<object>.get_Current,100664842,0x5e6e0,52
Assembly-CSharp-firstpass,,<LoadSceneHelper>c__Iterator29,System.Collections.IEnumerator.get_Current,100664843,0x5e714,52
Assembly-CSharp-firstpass,,<LoadSceneHelper>c__Iterator29,MoveNext,100664844,0x5e748,168
Assembly-CSharp-firstpass,,<LoadSceneHelper>c__Iterator29,Dispose,100664845,0x5e7f0,56
Assembly-CSharp-firstpass,,<LoadSceneHelper>c__Iterator29,Reset,100664846,0x5e828,64
Assembly-CSharp-firstpass,,<PrivateImplementationDetails>,.ctor,100664847,0x5e868,44
Assembly-CSharp-firstpass,,<GetSprite>c__AnonStorey2A,.ctor,100664848,0x5e894,44
Assembly-CSharp-firstpass,,<GetSprite>c__AnonStorey2A,<>m__8,100664849,0x5e8c0,84
Assembly-UnityScript,,Plane_Script,.ctor,100663297,0x235460,244
Assembly-UnityScript,,Plane_Script,Start,100663298,0x235554,188
Assembly-UnityScript,,Plane_Script,Update,100663299,0x235610,4036
Assembly-UnityScript,,Plane_Script,Main,100663300,0x2365d4,484
Assembly-UnityScript,,WheelData,.ctor,100663301,0x2367b8,44
Assembly-UnityScript,,Car_Script,.ctor,100663302,0x2367e4,468
Assembly-UnityScript,,Car_Script,SetWheelParams,100663303,0x2369b8,540
Assembly-UnityScript,,Car_Script,Start,100663304,0x236bd4,1416
Assembly-UnityScript,,Car_Script,FixedUpdate,100663305,0x23715c,2800
Assembly-UnityScript,,Car_Script,Main,100663306,0x237c4c,484
