Assembly-CSharp	plt#0	0x22a7a0	type=12	
Assembly-CSharp	plt#1	0x22a7b0	type=3	UnityEngine::UnityEngine.MonoBehaviour::.ctor
Assembly-CSharp	plt#2	0x22a7c0	type=7	
Assembly-CSharp	plt#3	0x22a7d0	type=3	UnityEngine::UnityEngine.Object::op_Equality
Assembly-CSharp	plt#4	0x22a7e0	type=3	special image 255 (wrapper/generic, not yet decoded)
Assembly-CSharp	plt#5	0x22a7f0	type=3	special image 253 (wrapper/generic, not yet decoded)
Assembly-CSharp	plt#6	0x22a800	type=3	UnityEngine::UnityEngine.Random::Range
Assembly-CSharp	plt#7	0x22a810	type=7	
Assembly-CSharp	plt#8	0x22a820	type=7	
Assembly-CSharp	plt#9	0x22a830	type=3	special image 255 (wrapper/generic, not yet decoded)
Assembly-CSharp	plt#10	0x22a840	type=7	
Assembly-CSharp	plt#11	0x22a850	type=3	UnityEngine::UnityEngine.GameObject::.ctor
Assembly-CSharp	plt#12	0x22a860	type=3	UnityEngine::UnityEngine.GameObject::AddComponent
Assembly-CSharp	plt#13	0x22a870	type=3	UnityEngine::UnityEngine.Random::get_value
Assembly-CSharp	plt#14	0x22a880	type=3	UnityEngine::UnityEngine.Color::.ctor
Assembly-CSharp	plt#15	0x22a890	type=3	UnityEngine::UnityEngine.Gizmos::set_color
Assembly-CSharp	plt#16	0x22a8a0	type=3	UnityEngine::UnityEngine.Gizmos::DrawLine
Assembly-CSharp	plt#17	0x22a8b0	type=7	
Assembly-CSharp	plt#18	0x22a8c0	type=3	mscorlib::System.String::Concat
Assembly-CSharp	plt#19	0x22a8d0	type=3	UnityEngine::UnityEngine.Debug::Log
Assembly-CSharp	plt#20	0x22a8e0	type=3	special image 255 (wrapper/generic, not yet decoded)
Assembly-CSharp	plt#21	0x22a8f0	type=3	special image 255 (wrapper/generic, not yet decoded)
Assembly-CSharp	plt#22	0x22a900	type=3	special image 255 (wrapper/generic, not yet decoded)
Assembly-CSharp	plt#23	0x22a910	type=3	Assembly-CSharp::CarAIPathRecorder::DistanceCompressPath
Assembly-CSharp	plt#24	0x22a920	type=3	Assembly-CSharp::CarAIPathRecorder::DistanceCompressPathWithGroundChecking
Assembly-CSharp	plt#25	0x22a930	type=3	special image 255 (wrapper/generic, not yet decoded)
Assembly-CSharp	plt#26	0x22a940	type=3	special image 255 (wrapper/generic, not yet decoded)
Assembly-CSharp	plt#27	0x22a950	type=3	special image 255 (wrapper/generic, not yet decoded)
Assembly-CSharp	plt#28	0x22a960	type=3	UnityEngine::UnityEngine.Vector3::op_Subtraction
Assembly-CSharp	plt#29	0x22a970	type=3	UnityEngine::UnityEngine.Vector3::get_magnitude
Assembly-CSharp	plt#30	0x22a980	type=3	special image 255 (wrapper/generic, not yet decoded)
Assembly-CSharp	plt#31	0x22a990	type=3	mscorlib::System.String::memset
Assembly-CSharp	plt#32	0x22a9a0	type=7	
Assembly-CSharp	plt#33	0x22a9b0	type=3	special image 255 (wrapper/generic, not yet decoded)
Assembly-CSharp	plt#34	0x22a9c0	type=3	UnityEngine::UnityEngine.Vector3::get_normalized
Assembly-CSharp	plt#35	0x22a9d0	type=3	UnityEngine::UnityEngine.Physics::Raycast
Assembly-CSharp	plt#36	0x22a9e0	type=3	UnityEngine::UnityEngine.Vector3::op_Multiply
Assembly-CSharp	plt#37	0x22a9f0	type=3	UnityEngine::UnityEngine.Vector3::op_Addition
Assembly-CSharp	plt#38	0x22aa00	type=3	UnityEngine::UnityEngine.Vector3::get_down
Assembly-CSharp	plt#39	0x22aa10	type=3	UnityEngine::UnityEngine.Ray::.ctor
Assembly-CSharp	plt#40	0x22aa20	type=3	mscorlib::System.String::memcpy
Assembly-CSharp	plt#41	0x22aa30	type=3	UnityEngine::UnityEngine.Physics::Raycast
Assembly-CSharp	plt#42	0x22aa40	type=3	special image 255 (wrapper/generic, not yet decoded)
Assembly-CSharp	plt#43	0x22aa50	type=3	UnityEngine::UnityEngine.Component::get_transform
Assembly-CSharp	plt#44	0x22aa60	type=3	UnityEngine::UnityEngine.Transform::get_position
Assembly-CSharp	plt#45	0x22aa70	type=3	UnityEngine::UnityEngine.Transform::get_rotation
Assembly-CSharp	plt#46	0x22aa80	type=3	special image 255 (wrapper/generic, not yet decoded)
Assembly-CSharp	plt#47	0x22aa90	type=3	UnityEngine::UnityEngine.Object::op_Inequality
Assembly-CSharp	plt#48	0x22aaa0	type=3	Assembly-CSharp::CarCollider::get_isInAir
Assembly-CSharp	plt#49	0x22aab0	type=3	Assembly-CSharp::CarAIPathRecorder::DeltaCompressPath
Assembly-CSharp	plt#50	0x22aac0	type=3	special image 255 (wrapper/generic, not yet decoded)
Assembly-CSharp	plt#51	0x22aad0	type=3	Assembly-CSharp::CarAIPathManager::ProduceInstance
Assembly-CSharp	plt#52	0x22aae0	type=3	Assembly-CSharp::CarAIPathManager::AddPath
Assembly-CSharp	plt#53	0x22aaf0	type=3	special image 255 (wrapper/generic, not yet decoded)
Assembly-CSharp	plt#54	0x22ab00	type=3	special image 255 (wrapper/generic, not yet decoded)
Assembly-CSharp	plt#55	0x22ab10	type=3	special image 255 (wrapper/generic, not yet decoded)
Assembly-CSharp	plt#56	0x22ab20	type=3	special image 255 (wrapper/generic, not yet decoded)
Assembly-CSharp	plt#57	0x22ab30	type=3	UnityEngine::UnityEngine.Component::get_tag
Assembly-CSharp	plt#58	0x22ab40	type=3	mscorlib::System.String::op_Inequality
Assembly-CSharp	plt#59	0x22ab50	type=3	special image 255 (wrapper/generic, not yet decoded)
Assembly-CSharp	plt#60	0x22ab60	type=3	UnityEngine::UnityEngine.Component::get_gameObject
Assembly-CSharp	plt#61	0x22ab70	type=3	special image 255 (wrapper/generic, not yet decoded)
Assembly-CSharp	plt#62	0x22ab80	type=3	Assembly-CSharp::WaypointLogic::GetTrackDistanceForPoint
Assembly-CSharp	plt#63	0x22ab90	type=3	mscorlib::System.String::Concat
Assembly-CSharp	plt#64	0x22aba0	type=3	UnityEngine::UnityEngine.Vector3::get_sqrMagnitude
Assembly-CSharp	plt#65	0x22abb0	type=3	special image 255 (wrapper/generic, not yet decoded)
Assembly-CSharp	plt#66	0x22abc0	type=3	special image 255 (wrapper/generic, not yet decoded)
Assembly-CSharp	plt#67	0x22abd0	type=3	Assembly-CSharp::BaseEffect::isBeneficial
Assembly-CSharp	plt#68	0x22abe0	type=3	Assembly-CSharp::CarAIPersonality::get_stateWeightMap
Assembly-CSharp	plt#69	0x22abf0	type=3	UnityEngine::UnityEngine.Debug::LogError
Assembly-CSharp	plt#70	0x22ac00	type=3	special image 255 (wrapper/generic, not yet decoded)
Assembly-CSharp	plt#71	0x22ac10	type=3	UnityEngine::UnityEngine.Physics::OverlapSphere
Assembly-CSharp	plt#72	0x22ac20	type=3	special image 255 (wrapper/generic, not yet decoded)
Assembly-CSharp	plt#73	0x22ac30	type=3	UnityEngine::UnityEngine.Physics::Raycast
Assembly-CSharp	plt#74	0x22ac40	type=3	special image 255 (wrapper/generic, not yet decoded)
Assembly-CSharp	plt#75	0x22ac50	type=3	special image 255 (wrapper/generic, not yet decoded)
Assembly-CSharp	plt#76	0x22ac60	type=3	special image 255 (wrapper/generic, not yet decoded)
Assembly-CSharp	plt#77	0x22ac70	type=3	special image 255 (wrapper/generic, not yet decoded)
Assembly-CSharp	plt#78	0x22ac80	type=3	special image 255 (wrapper/generic, not yet decoded)
Assembly-CSharp	plt#79	0x22ac90	type=3	special image 255 (wrapper/generic, not yet decoded)
Assembly-CSharp	plt#80	0x22aca0	type=3	special image 255 (wrapper/generic, not yet decoded)
Assembly-CSharp	plt#81	0x22acb0	type=3	special image 255 (wrapper/generic, not yet decoded)
Assembly-CSharp	plt#82	0x22acc0	type=3	Assembly-CSharp::CarAI::AddState
Assembly-CSharp	plt#83	0x22acd0	type=3	special image 255 (wrapper/generic, not yet decoded)
Assembly-CSharp	plt#84	0x22ace0	type=3	special image 255 (wrapper/generic, not yet decoded)
Assembly-CSharp	plt#85	0x22acf0	type=3	special image 255 (wrapper/generic, not yet decoded)
Assembly-CSharp	plt#86	0x22ad00	type=3	special image 255 (wrapper/generic, not yet decoded)
Assembly-CSharp	plt#87	0x22ad10	type=3	special image 255 (wrapper/generic, not yet decoded)
Assembly-CSharp	plt#88	0x22ad20	type=3	special image 255 (wrapper/generic, not yet decoded)
Assembly-CSharp	plt#89	0x22ad30	type=3	mscorlib::System.Type::GetConstructor
Assembly-CSharp	plt#90	0x22ad40	type=3	mscorlib::System.Reflection.ConstructorInfo::Invoke
Assembly-CSharp	plt#91	0x22ad50	type=3	special image 255 (wrapper/generic, not yet decoded)
Assembly-CSharp	plt#92	0x22ad60	type=3	UnityEngine::UnityEngine.Object::Destroy
Assembly-CSharp	plt#93	0x22ad70	type=3	UnityEngine::UnityEngine.Object::Instantiate
Assembly-CSharp	plt#94	0x22ad80	type=3	special image 255 (wrapper/generic, not yet decoded)
Assembly-CSharp	plt#95	0x22ad90	type=3	special image 255 (wrapper/generic, not yet decoded)
Assembly-CSharp	plt#96	0x22ada0	type=3	Assembly-CSharp::AnimationDriver::SetAnimationTarget
Assembly-CSharp	plt#97	0x22adb0	type=3	UnityEngine::UnityEngine.Object::get_name
Assembly-CSharp	plt#98	0x22adc0	type=3	mscorlib::System.String::Concat
Assembly-CSharp	plt#99	0x22add0	type=3	UnityEngine::UnityEngine.Debug::LogWarning
Assembly-CSharp	plt#100	0x22ade0	type=3	UnityEngine::UnityEngine.MonoBehaviour::StartCoroutine
Assembly-CSharp	plt#101	0x22adf0	type=3	UnityEngine::UnityEngine.Color::get_magenta
Assembly-CSharp	plt#102	0x22ae00	type=3	UnityEngine::UnityEngine.Color::get_cyan
Assembly-CSharp	plt#103	0x22ae10	type=3	UnityEngine::UnityEngine.GameObject::get_transform
Assembly-CSharp	plt#104	0x22ae20	type=3	UnityEngine::UnityEngine.Color::get_yellow
Assembly-CSharp	plt#105	0x22ae30	type=3	UnityEngine::UnityEngine.Vector3::get_zero
Assembly-CSharp	plt#106	0x22ae40	type=3	UnityEngine::UnityEngine.Vector3::op_Inequality
Assembly-CSharp	plt#107	0x22ae50	type=3	UnityEngine::UnityEngine.Color::get_black
Assembly-CSharp	plt#108	0x22ae60	type=3	special image 255 (wrapper/generic, not yet decoded)
Assembly-CSharp	plt#109	0x22ae70	type=3	special image 255 (wrapper/generic, not yet decoded)
Assembly-CSharp	plt#110	0x22ae80	type=3	special image 255 (wrapper/generic, not yet decoded)
Assembly-CSharp	plt#111	0x22ae90	type=3	UnityEngine::UnityEngine.Vector3::Normalize
Assembly-CSharp	plt#112	0x22aea0	type=3	UnityEngine::UnityEngine.Transform::get_forward
Assembly-CSharp	plt#113	0x22aeb0	type=3	UnityEngine::UnityEngine.Vector3::Angle
Assembly-CSharp	plt#114	0x22aec0	type=3	UnityEngine::UnityEngine.Transform::get_right
Assembly-CSharp	plt#115	0x22aed0	type=3	UnityEngine::UnityEngine.Vector3::Dot
Assembly-CSharp	plt#116	0x22aee0	type=3	UnityEngine::UnityEngine.Mathf::Sign
Assembly-CSharp	plt#117	0x22aef0	type=3	UnityEngine::UnityEngine.Mathf::Abs
Assembly-CSharp	plt#118	0x22af00	type=3	Assembly-CSharp::CarCollider::ApplyTurning
Assembly-CSharp	plt#119	0x22af10	type=3	mscorlib::System.Enum::GetNames
Assembly-CSharp	plt#120	0x22af20	type=3	mscorlib::System.Enum::GetValues
Assembly-CSharp	plt#121	0x22af30	type=3	special image 255 (wrapper/generic, not yet decoded)
Assembly-CSharp	plt#122	0x22af40	type=3	mscorlib::System.Array::GetEnumerator
Assembly-CSharp	plt#123	0x22af50	type=3	special image 255 (wrapper/generic, not yet decoded)
Assembly-CSharp	plt#124	0x22af60	type=3	special image 253 (wrapper/generic, not yet decoded)
Assembly-CSharp	plt#125	0x22af70	type=3	UnityEngine::UnityEngine.GameObject::get_collider
Assembly-CSharp	plt#126	0x22af80	type=3	UnityEngine::UnityEngine.Collider::ClosestPointOnBounds
Assembly-CSharp	plt#127	0x22af90	type=3	Assembly-CSharp::WaypointLogic::FindClosestWaypoint
Assembly-CSharp	plt#128	0x22afa0	type=3	UnityEngine::UnityEngine.Vector3::Lerp
Assembly-CSharp	plt#129	0x22afb0	type=3	mscorlib::System.String::op_Equality
Assembly-CSharp	plt#130	0x22afc0	type=3	Assembly-CSharp::SpeedPoint::FindClosestSpeedPoint
Assembly-CSharp	plt#131	0x22afd0	type=3	Assembly-CSharp::PowerupHolder::get_Item
Assembly-CSharp	plt#132	0x22afe0	type=3	Assembly-CSharp::UsePowerupAIState::DoRocketEffectExecute
Assembly-CSharp	plt#133	0x22aff0	type=3	Assembly-CSharp::UsePowerupAIState::DoShieldEffectExecute
Assembly-CSharp	plt#134	0x22b000	type=3	Assembly-CSharp::UsePowerupAIState::DoMineEffectExecute
Assembly-CSharp	plt#135	0x22b010	type=3	Assembly-CSharp::PowerupHolder::ExecutePowerups
Assembly-CSharp	plt#136	0x22b020	type=3	special image 255 (wrapper/generic, not yet decoded)
Assembly-CSharp	plt#137	0x22b030	type=3	Assembly-CSharp::EffectManager::HasEffect
Assembly-CSharp	plt#138	0x22b040	type=3	special image 255 (wrapper/generic, not yet decoded)
Assembly-CSharp	plt#139	0x22b050	type=3	UnityEngine::UnityEngine.Quaternion::get_identity
Assembly-CSharp	plt#140	0x22b060	type=3	Assembly-CSharp-firstpass::PIDVectorController::.ctor
Assembly-CSharp	plt#141	0x22b070	type=3	Assembly-CSharp::CarAIPathManager::GetRandomPath
Assembly-CSharp	plt#142	0x22b080	type=3	UnityEngine::UnityEngine.Component::get_collider
Assembly-CSharp	plt#143	0x22b090	type=3	UnityEngine::UnityEngine.Collider::get_bounds
Assembly-CSharp	plt#144	0x22b0a0	type=3	UnityEngine::UnityEngine.Bounds::get_size
Assembly-CSharp	plt#145	0x22b0b0	type=3	UnityEngine::UnityEngine.Transform::set_position
Assembly-CSharp	plt#146	0x22b0c0	type=3	Assembly-CSharp::EffectManager::HasEffectOfLevel
Assembly-CSharp	plt#147	0x22b0d0	type=3	UnityEngine::UnityEngine.Vector3::op_UnaryNegation
Assembly-CSharp	plt#148	0x22b0e0	type=3	Assembly-CSharp::EffectManager::AddEffect
Assembly-CSharp	plt#149	0x22b0f0	type=3	UnityEngine::UnityEngine.Time::get_deltaTime
Assembly-CSharp	plt#150	0x22b100	type=3	special image 255 (wrapper/generic, not yet decoded)
Assembly-CSharp	plt#151	0x22b110	type=3	special image 255 (wrapper/generic, not yet decoded)
Assembly-CSharp	plt#152	0x22b120	type=3	special image 255 (wrapper/generic, not yet decoded)
Assembly-CSharp	plt#153	0x22b130	type=3	Assembly-CSharp::GimpedCarAI::DoCarCollisions
Assembly-CSharp	plt#154	0x22b140	type=3	Assembly-CSharp::CarCollider::GetActualAcceleration
Assembly-CSharp	plt#155	0x22b150	type=3	Assembly-CSharp::CarCollider::GetActualMaxSpeed
Assembly-CSharp	plt#156	0x22b160	type=3	Assembly-CSharp-firstpass::PIDVectorController::CalculateOutput
Assembly-CSharp	plt#157	0x22b170	type=3	UnityEngine::UnityEngine.Mathf::Max
Assembly-CSharp	plt#158	0x22b180	type=3	UnityEngine::UnityEngine.Quaternion::Slerp
Assembly-CSharp	plt#159	0x22b190	type=3	UnityEngine::UnityEngine.Transform::set_rotation
Assembly-CSharp	plt#160	0x22b1a0	type=3	Assembly-CSharp::CarAIPathManager::GetPathIndex
Assembly-CSharp	plt#161	0x22b1b0	type=3	Assembly-CSharp::CarAIPathManager::GetPathByIndex
Assembly-CSharp	plt#162	0x22b1c0	type=3	Assembly-CSharp::CarAIPathManager::GetPathCount
Assembly-CSharp	plt#163	0x22b1d0	type=3	Assembly-CSharp::GimpedCarAI::SetGimpedSnapShot
Assembly-CSharp	plt#164	0x22b1e0	type=3	UnityEngine::UnityEngine.Transform::set_forward
Assembly-CSharp	plt#165	0x22b1f0	type=3	UnityEngine::UnityEngine.Vector3::.ctor
Assembly-CSharp	plt#166	0x22b200	type=3	UnityEngine::UnityEngine.Transform::set_localScale
Assembly-CSharp	plt#167	0x22b210	type=3	UnityEngine::UnityEngine.Object::op_Implicit
Assembly-CSharp	plt#168	0x22b220	type=3	Assembly-CSharp::CarCollider::IsShielded
Assembly-CSharp	plt#169	0x22b230	type=3	Assembly-CSharp::EffectManager::GetStrongestEffect
Assembly-CSharp	plt#170	0x22b240	type=3	UnityEngine::UnityEngine.Physics::OverlapSphere
Assembly-CSharp	plt#171	0x22b250	type=3	Assembly-CSharp::HUDLogic::get_Instance
Assembly-CSharp	plt#172	0x22b260	type=3	Assembly-CSharp::HUDLogic::ShowMineNotify
Assembly-CSharp	plt#173	0x22b270	type=3	Assembly-CSharp::CharacterVOControllerGameObjectExtender::GetVOController
Assembly-CSharp	plt#174	0x22b280	type=3	special image 255 (wrapper/generic, not yet decoded)
Assembly-CSharp	plt#175	0x22b290	type=3	UnityEngine::UnityEngine.Transform::FindChild
Assembly-CSharp	plt#176	0x22b2a0	type=3	Assembly-CSharp::ParticleLibrary::get_Instance
Assembly-CSharp	plt#177	0x22b2b0	type=3	Assembly-CSharp::ParticleLibrary::GetPrefab
Assembly-CSharp	plt#178	0x22b2c0	type=3	UnityEngine::UnityEngine.Object::Instantiate
Assembly-CSharp	plt#179	0x22b2d0	type=3	UnityEngine::UnityEngine.Transform::set_parent
Assembly-CSharp	plt#180	0x22b2e0	type=3	UnityEngine::UnityEngine.Object::set_name
Assembly-CSharp	plt#181	0x22b2f0	type=3	UnityEngine::UnityEngine.GameObject::SetActive
Assembly-CSharp	plt#182	0x22b300	type=3	special image 255 (wrapper/generic, not yet decoded)
Assembly-CSharp	plt#183	0x22b310	type=3	UnityEngine::UnityEngine.SphereCollider::get_radius
Assembly-CSharp	plt#184	0x22b320	type=3	UnityEngine::UnityEngine.Physics::Raycast
Assembly-CSharp	plt#185	0x22b330	type=3	mscorlib::System.Random::.ctor
Assembly-CSharp	plt#186	0x22b340	type=3	UnityEngine::UnityEngine.Random::get_insideUnitCircle
Assembly-CSharp	plt#187	0x22b350	type=7	
Assembly-CSharp	plt#188	0x22b360	type=3	UnityEngine::UnityEngine.Quaternion::op_Multiply
Assembly-CSharp	plt#189	0x22b370	type=3	special image 255 (wrapper/generic, not yet decoded)
Assembly-CSharp	plt#190	0x22b380	type=3	Assembly-CSharp::MineSpreaderAI::SpreadMines
Assembly-CSharp	plt#191	0x22b390	type=3	Assembly-CSharp::MineSpreaderAI::Explode
Assembly-CSharp	plt#192	0x22b3a0	type=3	special image 255 (wrapper/generic, not yet decoded)
Assembly-CSharp	plt#193	0x22b3b0	type=3	Assembly-CSharp::RocketEffect::.ctor
Assembly-CSharp	plt#194	0x22b3c0	type=3	special image 255 (wrapper/generic, not yet decoded)
Assembly-CSharp	plt#195	0x22b3d0	type=3	Assembly-CSharp::RocketAI::Explode
Assembly-CSharp	plt#196	0x22b3e0	type=3	UnityEngine::UnityEngine.Vector3::get_up
Assembly-CSharp	plt#197	0x22b3f0	type=3	Assembly-CSharp::RocketRideEffect::DetachFromRocket
Assembly-CSharp	plt#198	0x22b400	type=3	Assembly-CSharp::RocketAI::StrikeTarget
Assembly-CSharp	plt#199	0x22b410	type=3	UnityEngine::UnityEngine.Quaternion::LookRotation
Assembly-CSharp	plt#200	0x22b420	type=3	UnityEngine::UnityEngine.Quaternion::Lerp
Assembly-CSharp	plt#201	0x22b430	type=3	UnityEngine::UnityEngine.Mathf::Min
Assembly-CSharp	plt#202	0x22b440	type=3	Assembly-CSharp::SoundSequencer::PauseSounds
Assembly-CSharp	plt#203	0x22b450	type=3	Assembly-CSharp::SoundSequencer::UnpauseSounds
Assembly-CSharp	plt#204	0x22b460	type=3	Assembly-CSharp::RocketAI::BurnUpdate
Assembly-CSharp	plt#205	0x22b470	type=3	Assembly-CSharp::ShotDroneAI::Shoot
Assembly-CSharp	plt#206	0x22b480	type=3	UnityEngine::UnityEngine.GameObject::SendMessage
Assembly-CSharp	plt#207	0x22b490	type=3	UnityEngine::UnityEngine.GameObject::SendMessage
Assembly-CSharp	plt#208	0x22b4a0	type=3	Assembly-CSharp::SoundLibrary::PlaySoundOnPlayer
Assembly-CSharp	plt#209	0x22b4b0	type=3	Assembly-CSharp::UFOLogic::FireLaser
Assembly-CSharp	plt#210	0x22b4c0	type=3	UnityEngine::UnityEngine.Quaternion::get_eulerAngles
Assembly-CSharp	plt#211	0x22b4d0	type=3	UnityEngine::UnityEngine.Quaternion::Euler
Assembly-CSharp	plt#212	0x22b4e0	type=3	UnityEngine::UnityEngine.Color::get_red
Assembly-CSharp	plt#213	0x22b4f0	type=3	UnityEngine::UnityEngine.Gizmos::DrawWireSphere
Assembly-CSharp	plt#214	0x22b500	type=3	UnityEngine::UnityEngine.Component::get_rigidbody
Assembly-CSharp	plt#215	0x22b510	type=3	UnityEngine::UnityEngine.Rigidbody::set_velocity
Assembly-CSharp	plt#216	0x22b520	type=3	UnityEngine::UnityEngine.Rigidbody::AddForce
Assembly-CSharp	plt#217	0x22b530	type=3	UnityEngine::UnityEngine.Rigidbody::AddRelativeTorque
Assembly-CSharp	plt#218	0x22b540	type=3	UnityEngine::UnityEngine.Time::get_fixedDeltaTime
Assembly-CSharp	plt#219	0x22b550	type=3	UnityEngine::UnityEngine.Quaternion::Euler
Assembly-CSharp	plt#220	0x22b560	type=3	special image 255 (wrapper/generic, not yet decoded)
Assembly-CSharp	plt#221	0x22b570	type=3	UnityEngine::UnityEngine.Rigidbody::get_velocity
Assembly-CSharp	plt#222	0x22b580	type=3	UnityEngine::UnityEngine.Vector3::ToString
Assembly-CSharp	plt#223	0x22b590	type=3	special image 255 (wrapper/generic, not yet decoded)
Assembly-CSharp	plt#224	0x22b5a0	type=3	Assembly-CSharp::SphereMoverAI::CollisionReflect
Assembly-CSharp	plt#225	0x22b5b0	type=3	Assembly-CSharp::AchievementManager::get_Instance
Assembly-CSharp	plt#226	0x22b5c0	type=3	Assembly-CSharp::AchievementManager::Achieve
Assembly-CSharp	plt#227	0x22b5d0	type=3	Assembly-CSharp::DataUtility::get_Instance
Assembly-CSharp	plt#228	0x22b5e0	type=3	Assembly-CSharp::AchievementManager::Fail
Assembly-CSharp	plt#229	0x22b5f0	type=3	mscorlib::System.String::Concat
Assembly-CSharp	plt#230	0x22b600	type=3	Assembly-CSharp::AchievementListener::GetUnlockName
Assembly-CSharp	plt#231	0x22b610	type=3	UnityEngine::UnityEngine.Object::FindObjectOfType
Assembly-CSharp	plt#232	0x22b620	type=3	special image 255 (wrapper/generic, not yet decoded)
Assembly-CSharp	plt#233	0x22b630	type=3	special image 255 (wrapper/generic, not yet decoded)
Assembly-CSharp	plt#234	0x22b640	type=3	UnityEngine::UnityEngine.Object::DontDestroyOnLoad
Assembly-CSharp	plt#235	0x22b650	type=3	UnityEngine::UnityEngine.Object::FindObjectsOfType
Assembly-CSharp	plt#236	0x22b660	type=3	special image 252 (wrapper/generic, not yet decoded)
Assembly-CSharp	plt#237	0x22b670	type=3	mscorlib::System.Delegate::Combine
Assembly-CSharp	plt#238	0x22b680	type=3	special image 252 (wrapper/generic, not yet decoded)
Assembly-CSharp	plt#239	0x22b690	type=3	mscorlib::System.Delegate::Remove
Assembly-CSharp	plt#240	0x22b6a0	type=3	special image 255 (wrapper/generic, not yet decoded)
Assembly-CSharp	plt#241	0x22b6b0	type=3	Assembly-CSharp::AchievementWindowPublisher::TriggerAnimIn
Assembly-CSharp	plt#242	0x22b6c0	type=3	Assembly-CSharp::AchievementWindowPublisher::SetNextWindow
Assembly-CSharp	plt#243	0x22b6d0	type=3	mscorlib::System.Collections.Hashtable::.ctor
Assembly-CSharp	plt#244	0x22b6e0	type=3	Assembly-CSharp-firstpass::GameCenterBinding::reportAchievement
Assembly-CSharp	plt#245	0x22b6f0	type=3	UnityEngine::UnityEngine.SystemInfo::get_deviceUniqueIdentifier
Assembly-CSharp	plt#246	0x22b700	type=3	special image 255 (wrapper/generic, not yet decoded)
Assembly-CSharp	plt#247	0x22b710	type=3	special image 255 (wrapper/generic, not yet decoded)
Assembly-CSharp	plt#248	0x22b720	type=3	special image 255 (wrapper/generic, not yet decoded)
Assembly-CSharp	plt#249	0x22b730	type=3	special image 255 (wrapper/generic, not yet decoded)
Assembly-CSharp	plt#250	0x22b740	type=3	special image 255 (wrapper/generic, not yet decoded)
Assembly-CSharp	plt#251	0x22b750	type=3	special image 255 (wrapper/generic, not yet decoded)
Assembly-CSharp	plt#252	0x22b760	type=3	special image 255 (wrapper/generic, not yet decoded)
Assembly-CSharp	plt#253	0x22b770	type=3	Assembly-CSharp::LifetimeMetrics::ContainsKey
Assembly-CSharp	plt#254	0x22b780	type=3	Assembly-CSharp::LifetimeMetrics::get_Item
Assembly-CSharp	plt#255	0x22b790	type=3	Assembly-CSharp::CheckPowerupUseAchievementListener::CheckMetrics
Assembly-CSharp	plt#256	0x22b7a0	type=3	special image 255 (wrapper/generic, not yet decoded)
Assembly-CSharp	plt#257	0x22b7b0	type=3	special image 255 (wrapper/generic, not yet decoded)
Assembly-CSharp	plt#258	0x22b7c0	type=3	Assembly-CSharp::GetHitByTrackHazardAchievementListener::CheckMetrics
Assembly-CSharp	plt#259	0x22b7d0	type=3	Assembly-CSharp::InRaceAquirePickupListener::CheckMetrics
Assembly-CSharp	plt#260	0x22b7e0	type=3	Assembly-CSharp::LifetimeOpponentHitsAchievementListener::CheckMetrics
Assembly-CSharp	plt#261	0x22b7f0	type=3	Assembly-CSharp::LifetimePowerupCollectionAchievementListener::CheckMetrics
Assembly-CSharp	plt#262	0x22b800	type=3	Assembly-CSharp::PickupCoinsPerRaceAchievementListener::CheckCarMetrics
Assembly-CSharp	plt#263	0x22b810	type=3	Assembly-CSharp::PlaceWithNoPowerupsAchievementListener::CheckPowerupPass
Assembly-CSharp	plt#264	0x22b820	type=3	Assembly-CSharp::PowerSlideBoostAchievementListener::CheckMetrics
Assembly-CSharp	plt#265	0x22b830	type=3	Assembly-CSharp::PowerupHitInAirAchievementListener::CheckMetrics
Assembly-CSharp	plt#266	0x22b840	type=3	special image 255 (wrapper/generic, not yet decoded)
Assembly-CSharp	plt#267	0x22b850	type=3	mscorlib::System.String::Concat
Assembly-CSharp	plt#268	0x22b860	type=3	Assembly-CSharp::UsePowerupAgainstOpponentAchievementListener::CheckMetrics
Assembly-CSharp	plt#269	0x22b870	type=3	special image 255 (wrapper/generic, not yet decoded)
Assembly-CSharp	plt#270	0x22b880	type=3	special image 255 (wrapper/generic, not yet decoded)
Assembly-CSharp	plt#271	0x22b890	type=3	UnityEngine::UnityEngine.Renderer::get_material
Assembly-CSharp	plt#272	0x22b8a0	type=3	UnityEngine::UnityEngine.Material::set_mainTextureScale
Assembly-CSharp	plt#273	0x22b8b0	type=3	special image 255 (wrapper/generic, not yet decoded)
Assembly-CSharp	plt#274	0x22b8c0	type=3	special image 255 (wrapper/generic, not yet decoded)
Assembly-CSharp	plt#275	0x22b8d0	type=3	special image 255 (wrapper/generic, not yet decoded)
Assembly-CSharp	plt#276	0x22b8e0	type=3	UnityEngine::UnityEngine.Animation::GetEnumerator
Assembly-CSharp	plt#277	0x22b8f0	type=3	UnityEngine::UnityEngine.AnimationState::get_name
Assembly-CSharp	plt#278	0x22b900	type=3	mscorlib::System.String::ToLower
Assembly-CSharp	plt#279	0x22b910	type=3	mscorlib::System.String::EndsWith
Assembly-CSharp	plt#280	0x22b920	type=3	special image 255 (wrapper/generic, not yet decoded)
Assembly-CSharp	plt#281	0x22b930	type=3	mscorlib::System.String::Concat
Assembly-CSharp	plt#282	0x22b940	type=3	special image 255 (wrapper/generic, not yet decoded)
Assembly-CSharp	plt#283	0x22b950	type=3	UnityEngine::UnityEngine.Animation::get_clip
Assembly-CSharp	plt#284	0x22b960	type=3	UnityEngine::UnityEngine.AnimationClip::set_wrapMode
Assembly-CSharp	plt#285	0x22b970	type=3	Assembly-CSharp::AnimationDriver::Play
Assembly-CSharp	plt#286	0x22b980	type=3	UnityEngine::UnityEngine.Animation::IsPlaying
Assembly-CSharp	plt#287	0x22b990	type=3	Assembly-CSharp::AnimationDriver::Lean
Assembly-CSharp	plt#288	0x22b9a0	type=3	UnityEngine::UnityEngine.Behaviour::set_enabled
Assembly-CSharp	plt#289	0x22b9b0	type=3	UnityEngine::UnityEngine.AnimationState::set_wrapMode
Assembly-CSharp	plt#290	0x22b9c0	type=3	UnityEngine::UnityEngine.GameObject::get_activeInHierarchy
Assembly-CSharp	plt#291	0x22b9d0	type=3	Assembly-CSharp::AnimationDriver::CrossFadeToNewAnimation
Assembly-CSharp	plt#292	0x22b9e0	type=3	UnityEngine::UnityEngine.Animation::Blend
Assembly-CSharp	plt#293	0x22b9f0	type=3	UnityEngine::UnityEngine.Mathf::Clamp
Assembly-CSharp	plt#294	0x22ba00	type=3	Assembly-CSharp::AnimationDriver::Blend
Assembly-CSharp	plt#295	0x22ba10	type=3	special image 255 (wrapper/generic, not yet decoded)
Assembly-CSharp	plt#296	0x22ba20	type=3	UnityEngine::UnityEngine.Vector3::get_right
Assembly-CSharp	plt#297	0x22ba30	type=3	UnityEngine::UnityEngine.Transform::Rotate
Assembly-CSharp	plt#298	0x22ba40	type=3	UnityEngine::UnityEngine.Transform::get_parent
Assembly-CSharp	plt#299	0x22ba50	type=3	Assembly-CSharp-firstpass::Rangef::.ctor
Assembly-CSharp	plt#300	0x22ba60	type=3	UnityEngine::UnityEngine.Vector3::get_forward
Assembly-CSharp	plt#301	0x22ba70	type=3	UnityEngine::UnityEngine.Vector3::Slerp
Assembly-CSharp	plt#302	0x22ba80	type=3	mscorlib::System.Single::IsNegativeInfinity
Assembly-CSharp	plt#303	0x22ba90	type=3	mscorlib::System.Single::IsPositiveInfinity
Assembly-CSharp	plt#304	0x22baa0	type=3	UnityEngine::UnityEngine.AnimationCurve::Evaluate
Assembly-CSharp	plt#305	0x22bab0	type=3	Assembly-CSharp-firstpass::Rangef::Lerp
Assembly-CSharp	plt#306	0x22bac0	type=3	UnityEngine::UnityEngine.Component::get_camera
Assembly-CSharp	plt#307	0x22bad0	type=3	UnityEngine::UnityEngine.Camera::get_projectionMatrix
Assembly-CSharp	plt#308	0x22bae0	type=3	UnityEngine::UnityEngine.Matrix4x4::set_Item
Assembly-CSharp	plt#309	0x22baf0	type=3	UnityEngine::UnityEngine.Camera::set_projectionMatrix
Assembly-CSharp	plt#310	0x22bb00	type=3	special image 255 (wrapper/generic, not yet decoded)
Assembly-CSharp	plt#311	0x22bb10	type=3	UnityEngine::UnityEngine.GameObject::FindGameObjectWithTag
Assembly-CSharp	plt#312	0x22bb20	type=3	Assembly-CSharp::FollowCamera::WithCarUpdate
Assembly-CSharp	plt#313	0x22bb30	type=3	UnityEngine::UnityEngine.Physics::Raycast
Assembly-CSharp	plt#314	0x22bb40	type=3	UnityEngine::UnityEngine.Transform::LookAt
Assembly-CSharp	plt#315	0x22bb50	type=3	Assembly-CSharp-firstpass::UghInput::get_IsInputDown
Assembly-CSharp	plt#316	0x22bb60	type=3	Assembly-CSharp::RaceManager::get_Instance
Assembly-CSharp	plt#317	0x22bb70	type=3	Assembly-CSharp::PreRaceCamera::ShutdownPreRace
Assembly-CSharp	plt#318	0x22bb80	type=3	special image 255 (wrapper/generic, not yet decoded)
Assembly-CSharp	plt#319	0x22bb90	type=3	UnityEngine::UnityEngine.GameObject::get_camera
Assembly-CSharp	plt#320	0x22bba0	type=3	Assembly-CSharp::CartAttributes::.ctor
Assembly-CSharp	plt#321	0x22bbb0	type=3	Assembly-CSharp::RaceManager::get_elapsedTime
Assembly-CSharp	plt#322	0x22bbc0	type=3	special image 252 (wrapper/generic, not yet decoded)
Assembly-CSharp	plt#323	0x22bbd0	type=3	special image 252 (wrapper/generic, not yet decoded)
Assembly-CSharp	plt#324	0x22bbe0	type=3	UnityEngine::UnityEngine.Component::get_audio
Assembly-CSharp	plt#325	0x22bbf0	type=3	UnityEngine::UnityEngine.AudioSource::set_playOnAwake
Assembly-CSharp	plt#326	0x22bc00	type=3	UnityEngine::UnityEngine.AudioSource::set_rolloffMode
Assembly-CSharp	plt#327	0x22bc10	type=3	UnityEngine::UnityEngine.AudioSource::set_maxDistance
Assembly-CSharp	plt#328	0x22bc20	type=3	UnityEngine::UnityEngine.AudioSource::set_volume
Assembly-CSharp	plt#329	0x22bc30	type=3	UnityEngine::UnityEngine.AudioSource::set_loop
Assembly-CSharp	plt#330	0x22bc40	type=3	UnityEngine::UnityEngine.AudioSource::set_priority
Assembly-CSharp	plt#331	0x22bc50	type=3	special image 255 (wrapper/generic, not yet decoded)
Assembly-CSharp	plt#332	0x22bc60	type=3	special image 255 (wrapper/generic, not yet decoded)
Assembly-CSharp	plt#333	0x22bc70	type=3	UnityEngine::UnityEngine.LayerMask::NameToLayer
Assembly-CSharp	plt#334	0x22bc80	type=3	UnityEngine::UnityEngine.GameObject::set_layer
Assembly-CSharp	plt#335	0x22bc90	type=3	UnityEngine::UnityEngine.AudioSource::Pause
Assembly-CSharp	plt#336	0x22bca0	type=3	UnityEngine::UnityEngine.AudioSource::Play
Assembly-CSharp	plt#337	0x22bcb0	type=3	UnityEngine::UnityEngine.Mathf::FloorToInt
Assembly-CSharp	plt#338	0x22bcc0	type=3	special image 255 (wrapper/generic, not yet decoded)
Assembly-CSharp	plt#339	0x22bcd0	type=3	Assembly-CSharp::CarCollider::SetEngineSoundState
Assembly-CSharp	plt#340	0x22bce0	type=3	UnityEngine::UnityEngine.AudioSource::set_pitch
Assembly-CSharp	plt#341	0x22bcf0	type=3	Assembly-CSharp::CarCollider::DoPowerSlideCheck
Assembly-CSharp	plt#342	0x22bd00	type=3	Assembly-CSharp::CarCollider::DoGroundCollision
Assembly-CSharp	plt#343	0x22bd10	type=3	Assembly-CSharp::CarCollider::DoMovement
Assembly-CSharp	plt#344	0x22bd20	type=3	Assembly-CSharp::CarCollider::DoRoadBoundaries
Assembly-CSharp	plt#345	0x22bd30	type=3	Assembly-CSharp::BaseEffect::GetEffectInstance
Assembly-CSharp	plt#346	0x22bd40	type=3	UnityEngine::UnityEngine.Transform::Rotate
Assembly-CSharp	plt#347	0x22bd50	type=3	special image 255 (wrapper/generic, not yet decoded)
Assembly-CSharp	plt#348	0x22bd60	type=3	special image 255 (wrapper/generic, not yet decoded)
Assembly-CSharp	plt#349	0x22bd70	type=3	Assembly-CSharp::MissionManager::Signal
Assembly-CSharp	plt#350	0x22bd80	type=3	UnityEngine::UnityEngine.AudioSource::Stop
Assembly-CSharp	plt#351	0x22bd90	type=3	UnityEngine::UnityEngine.AudioSource::set_clip
Assembly-CSharp	plt#352	0x22bda0	type=3	Assembly-CSharp::EffectManager::GetHighestPoweredEffect
Assembly-CSharp	plt#353	0x22bdb0	type=3	UnityEngine::UnityEngine.Quaternion::LookRotation
Assembly-CSharp	plt#354	0x22bdc0	type=3	UnityEngine::UnityEngine.Vector3::Cross
Assembly-CSharp	plt#355	0x22bdd0	type=3	UnityEngine::UnityEngine.Physics::SphereCastAll
Assembly-CSharp	plt#356	0x22bde0	type=3	UnityEngine::UnityEngine.RaycastHit::get_transform
Assembly-CSharp	plt#357	0x22bdf0	type=3	special image 255 (wrapper/generic, not yet decoded)
Assembly-CSharp	plt#358	0x22be00	type=3	UnityEngine::UnityEngine.Vector3::op_Multiply
Assembly-CSharp	plt#359	0x22be10	type=3	UnityEngine::UnityEngine.Vector3::op_Division
Assembly-CSharp	plt#360	0x22be20	type=3	special image 255 (wrapper/generic, not yet decoded)
Assembly-CSharp	plt#361	0x22be30	type=3	special image 255 (wrapper/generic, not yet decoded)
Assembly-CSharp	plt#362	0x22be40	type=3	UnityEngine::UnityEngine.GameObject::SendMessage
Assembly-CSharp	plt#363	0x22be50	type=3	Assembly-CSharp::CarCollider::PlayRandomCollisionSound
Assembly-CSharp	plt#364	0x22be60	type=3	mscorlib::System.Int32::ToString
Assembly-CSharp	plt#365	0x22be70	type=3	UnityEngine::UnityEngine.Vector2::op_Subtraction
Assembly-CSharp	plt#366	0x22be80	type=3	UnityEngine::UnityEngine.Vector2::get_magnitude
Assembly-CSharp	plt#367	0x22be90	type=3	Assembly-CSharp::CarCollider::DoResetCarOnTrack
Assembly-CSharp	plt#368	0x22bea0	type=3	special image 255 (wrapper/generic, not yet decoded)
Assembly-CSharp	plt#369	0x22beb0	type=3	Assembly-CSharp::CarAI::ClearStates
Assembly-CSharp	plt#370	0x22bec0	type=3	Assembly-CSharp::CarCollider::GetActualHandling
Assembly-CSharp	plt#371	0x22bed0	type=3	Assembly-CSharp::SoundSequencer::StopLoopingSound
Assembly-CSharp	plt#372	0x22bee0	type=3	UnityEngine::UnityEngine.Color::get_blue
Assembly-CSharp	plt#373	0x22bef0	type=3	System.Xml::System.Xml.XmlDocument::.ctor
Assembly-CSharp	plt#374	0x22bf00	type=7	
Assembly-CSharp	plt#375	0x22bf10	type=7	
Assembly-CSharp	plt#376	0x22bf20	type=3	special image 255 (wrapper/generic, not yet decoded)
Assembly-CSharp	plt#377	0x22bf30	type=3	System.Xml::System.Xml.XmlNode::SelectSingleNode
Assembly-CSharp	plt#378	0x22bf40	type=3	mscorlib::System.Int32::Parse
Assembly-CSharp	plt#379	0x22bf50	type=3	mscorlib::System.DateTime::Parse
Assembly-CSharp	plt#380	0x22bf60	type=3	special image 255 (wrapper/generic, not yet decoded)
Assembly-CSharp	plt#381	0x22bf70	type=3	UnityEngine::UnityEngine.Resources::Load
Assembly-CSharp	plt#382	0x22bf80	type=3	UnityEngine::UnityEngine.TextAsset::get_text
Assembly-CSharp	plt#383	0x22bf90	type=3	Assembly-CSharp::CharacterConfigData::ProcXML
Assembly-CSharp	plt#384	0x22bfa0	type=3	UnityEngine::UnityEngine.Resources::UnloadAsset
Assembly-CSharp	plt#385	0x22bfb0	type=3	special image 255 (wrapper/generic, not yet decoded)
Assembly-CSharp	plt#386	0x22bfc0	type=3	UnityEngine::UnityEngine.Application::get_isEditor
Assembly-CSharp	plt#387	0x22bfd0	type=3	Assembly-CSharp::CharacterConfigData::LoadDefaultConfig
Assembly-CSharp	plt#388	0x22bfe0	type=3	Assembly-CSharp::CharacterConfigData::get_Instance
Assembly-CSharp	plt#389	0x22bff0	type=3	special image 255 (wrapper/generic, not yet decoded)
Assembly-CSharp	plt#390	0x22c000	type=3	special image 255 (wrapper/generic, not yet decoded)
Assembly-CSharp	plt#391	0x22c010	type=3	mscorlib::System.DateTime::get_UtcNow
Assembly-CSharp	plt#392	0x22c020	type=3	mscorlib::System.DateTime::op_GreaterThanOrEqual
Assembly-CSharp	plt#393	0x22c030	type=3	mscorlib::System.DateTime::op_LessThanOrEqual
Assembly-CSharp	plt#394	0x22c040	type=3	Assembly-CSharp::CompositeProfile::FindSlotByName
Assembly-CSharp	plt#395	0x22c050	type=3	UnityEngine::UnityEngine.Texture2D::GetPixels32
Assembly-CSharp	plt#396	0x22c060	type=3	UnityEngine::UnityEngine.Mathf::Clamp
Assembly-CSharp	plt#397	0x22c070	type=3	mscorlib::System.Array::Copy
Assembly-CSharp	plt#398	0x22c080	type=3	UnityEngine::UnityEngine.Texture2D::.ctor
Assembly-CSharp	plt#399	0x22c090	type=3	UnityEngine::UnityEngine.Texture2D::SetPixels32
Assembly-CSharp	plt#400	0x22c0a0	type=3	UnityEngine::UnityEngine.Texture2D::Apply
Assembly-CSharp	plt#401	0x22c0b0	type=3	Assembly-CSharp::CompositeTextureUtil::BlitPixels
Assembly-CSharp	plt#402	0x22c0c0	type=3	Assembly-CSharp::CompositeTextureUtil::MergeLayers
Assembly-CSharp	plt#403	0x22c0d0	type=3	UnityEngine::UnityEngine.Color32::.ctor
Assembly-CSharp	plt#404	0x22c0e0	type=3	UnityEngine::UnityEngine.Application::get_isWebPlayer
Assembly-CSharp	plt#405	0x22c0f0	type=3	special image 255 (wrapper/generic, not yet decoded)
Assembly-CSharp	plt#406	0x22c100	type=3	UnityEngine::UnityEngine.AssetBundle::LoadAll
Assembly-CSharp	plt#407	0x22c110	type=3	special image 255 (wrapper/generic, not yet decoded)
Assembly-CSharp	plt#408	0x22c120	type=3	special image 255 (wrapper/generic, not yet decoded)
Assembly-CSharp	plt#409	0x22c130	type=3	Assembly-CSharp::StreamManager::RequestAsset
Assembly-CSharp	plt#410	0x22c140	type=3	Assembly-CSharp::DataUtility::PrependBundlePath
Assembly-CSharp	plt#411	0x22c150	type=3	Assembly-CSharp::StreamManager::ReleaseAsset
Assembly-CSharp	plt#412	0x22c160	type=3	Assembly-CSharp::CartAttributes::get_MinAttributes
Assembly-CSharp	plt#413	0x22c170	type=3	Assembly-CSharp::CartAttributes::get_MaxAttributes
Assembly-CSharp	plt#414	0x22c180	type=3	Assembly-CSharp-firstpass::MiniJSON::jsonDecode
Assembly-CSharp	plt#415	0x22c190	type=3	special image 255 (wrapper/generic, not yet decoded)
Assembly-CSharp	plt#416	0x22c1a0	type=3	special image 255 (wrapper/generic, not yet decoded)
Assembly-CSharp	plt#417	0x22c1b0	type=3	Assembly-CSharp::CartPartList::LoadPartCosts
Assembly-CSharp	plt#418	0x22c1c0	type=3	special image 255 (wrapper/generic, not yet decoded)
Assembly-CSharp	plt#419	0x22c1d0	type=3	special image 255 (wrapper/generic, not yet decoded)
Assembly-CSharp	plt#420	0x22c1e0	type=3	special image 255 (wrapper/generic, not yet decoded)
Assembly-CSharp	plt#421	0x22c1f0	type=3	special image 255 (wrapper/generic, not yet decoded)
Assembly-CSharp	plt#422	0x22c200	type=3	special image 255 (wrapper/generic, not yet decoded)
Assembly-CSharp	plt#423	0x22c210	type=3	special image 255 (wrapper/generic, not yet decoded)
Assembly-CSharp	plt#424	0x22c220	type=3	special image 255 (wrapper/generic, not yet decoded)
Assembly-CSharp	plt#425	0x22c230	type=3	special image 255 (wrapper/generic, not yet decoded)
Assembly-CSharp	plt#426	0x22c240	type=3	UnityEngine::UnityEngine.Debug::get_isDebugBuild
Assembly-CSharp	plt#427	0x22c250	type=3	UnityEngine::UnityEngine.Debug::Break
Assembly-CSharp	plt#428	0x22c260	type=3	Assembly-CSharp::CartPartList::GetInstance
Assembly-CSharp	plt#429	0x22c270	type=3	special image 255 (wrapper/generic, not yet decoded)
Assembly-CSharp	plt#430	0x22c280	type=3	special image 255 (wrapper/generic, not yet decoded)
Assembly-CSharp	plt#431	0x22c290	type=3	special image 255 (wrapper/generic, not yet decoded)
Assembly-CSharp	plt#432	0x22c2a0	type=3	special image 255 (wrapper/generic, not yet decoded)
Assembly-CSharp	plt#433	0x22c2b0	type=3	special image 255 (wrapper/generic, not yet decoded)
Assembly-CSharp	plt#434	0x22c2c0	type=3	Assembly-CSharp::StreamedMultilayerTexture::PrepareMultilayerTexture
Assembly-CSharp	plt#435	0x22c2d0	type=3	Assembly-CSharp::MultilayerTexture::ComposeTexture
Assembly-CSharp	plt#436	0x22c2e0	type=3	mscorlib::System.Array::GetValue
Assembly-CSharp	plt#437	0x22c2f0	type=3	Assembly-CSharp::PlayerInstance::get_Instance
Assembly-CSharp	plt#438	0x22c300	type=3	Assembly-CSharp::CartPartList::CartPartListExists
Assembly-CSharp	plt#439	0x22c310	type=3	special image 255 (wrapper/generic, not yet decoded)
Assembly-CSharp	plt#440	0x22c320	type=3	Assembly-CSharp::DataUtility::SetCartPart
Assembly-CSharp	plt#441	0x22c330	type=3	Assembly-CSharp::DataUtility::Save
Assembly-CSharp	plt#442	0x22c340	type=3	special image 255 (wrapper/generic, not yet decoded)
Assembly-CSharp	plt#443	0x22c350	type=3	mscorlib::System.Enum::Parse
Assembly-CSharp	plt#444	0x22c360	type=3	special image 255 (wrapper/generic, not yet decoded)
Assembly-CSharp	plt#445	0x22c370	type=3	Assembly-CSharp::DataUtility::SetCartPaint
Assembly-CSharp	plt#446	0x22c380	type=7	
Assembly-CSharp	plt#447	0x22c390	type=3	UnityEngine::UnityEngine.Component::get_guiText
Assembly-CSharp	plt#448	0x22c3a0	type=3	special image 255 (wrapper/generic, not yet decoded)
Assembly-CSharp	plt#449	0x22c3b0	type=3	special image 255 (wrapper/generic, not yet decoded)
Assembly-CSharp	plt#450	0x22c3c0	type=3	special image 255 (wrapper/generic, not yet decoded)
Assembly-CSharp	plt#451	0x22c3d0	type=3	mscorlib::System.String::Concat
Assembly-CSharp	plt#452	0x22c3e0	type=3	special image 255 (wrapper/generic, not yet decoded)
Assembly-CSharp	plt#453	0x22c3f0	type=3	mscorlib::System.Single::ToString
Assembly-CSharp	plt#454	0x22c400	type=3	UnityEngine::UnityEngine.PlayerPrefs::SetFloat
Assembly-CSharp	plt#455	0x22c410	type=3	UnityEngine::UnityEngine.PlayerPrefs::SetInt
Assembly-CSharp	plt#456	0x22c420	type=3	UnityEngine::UnityEngine.PlayerPrefs::HasKey
Assembly-CSharp	plt#457	0x22c430	type=3	UnityEngine::UnityEngine.PlayerPrefs::GetFloat
Assembly-CSharp	plt#458	0x22c440	type=3	UnityEngine::UnityEngine.PlayerPrefs::GetInt
Assembly-CSharp	plt#459	0x22c450	type=3	Assembly-CSharp-firstpass::JCloudData::RegisterCloudDataExternalChanges
Assembly-CSharp	plt#460	0x22c460	type=3	UnityEngine::UnityEngine.Object::DestroyImmediate
Assembly-CSharp	plt#461	0x22c470	type=3	Assembly-CSharp::LifetimeMetrics::Signal
Assembly-CSharp	plt#462	0x22c480	type=3	special image 255 (wrapper/generic, not yet decoded)
Assembly-CSharp	plt#463	0x22c490	type=3	special image 255 (wrapper/generic, not yet decoded)
Assembly-CSharp	plt#464	0x22c4a0	type=3	mscorlib::System.Boolean::Parse
Assembly-CSharp	plt#465	0x22c4b0	type=3	Assembly-CSharp::DataUtility::Load
Assembly-CSharp	plt#466	0x22c4c0	type=3	mscorlib::System.Boolean::ToString
Assembly-CSharp	plt#467	0x22c4d0	type=3	special image 255 (wrapper/generic, not yet decoded)
Assembly-CSharp	plt#468	0x22c4e0	type=3	special image 255 (wrapper/generic, not yet decoded)
Assembly-CSharp	plt#469	0x22c4f0	type=3	Assembly-CSharp::CartCustomizerPublisher::Refresh
Assembly-CSharp	plt#470	0x22c500	type=3	Assembly-CSharp::LifetimeMetrics::Load
Assembly-CSharp	plt#471	0x22c510	type=3	Assembly-CSharp::CloudSaveData::.ctor
Assembly-CSharp	plt#472	0x22c520	type=3	mscorlib::System.Type::GetFields
Assembly-CSharp	plt#473	0x22c530	type=3	Assembly-CSharp-firstpass::GravCloudPrefs::HasKey
Assembly-CSharp	plt#474	0x22c540	type=3	Assembly-CSharp-firstpass::GravCloudPrefs::GetInt
Assembly-CSharp	plt#475	0x22c550	type=3	mscorlib::System.Reflection.FieldInfo::SetValue
Assembly-CSharp	plt#476	0x22c560	type=3	Assembly-CSharp-firstpass::GravCloudPrefs::GetInt64
Assembly-CSharp	plt#477	0x22c570	type=3	Assembly-CSharp-firstpass::GravCloudPrefs::GetString
Assembly-CSharp	plt#478	0x22c580	type=3	Assembly-CSharp-firstpass::GravCloudPrefs::GetFloat
Assembly-CSharp	plt#479	0x22c590	type=3	Assembly-CSharp-firstpass::DictionaryToString::Parse
Assembly-CSharp	plt#480	0x22c5a0	type=3	Assembly-CSharp-firstpass::JCloudData::HasKey
Assembly-CSharp	plt#481	0x22c5b0	type=3	Assembly-CSharp-firstpass::JCloudData::GetInt
Assembly-CSharp	plt#482	0x22c5c0	type=3	Assembly-CSharp-firstpass::JCloudData::GetString
Assembly-CSharp	plt#483	0x22c5d0	type=3	mscorlib::System.Int64::Parse
Assembly-CSharp	plt#484	0x22c5e0	type=3	Assembly-CSharp-firstpass::JCloudData::GetFloat
Assembly-CSharp	plt#485	0x22c5f0	type=3	Assembly-CSharp-firstpass::JCloudData::GetString
Assembly-CSharp	plt#486	0x22c600	type=3	Assembly-CSharp::LifetimeMetrics::Save
Assembly-CSharp	plt#487	0x22c610	type=3	Assembly-CSharp-firstpass::JCloudData::SetInt
Assembly-CSharp	plt#488	0x22c620	type=3	Assembly-CSharp-firstpass::JCloudData::SetString
Assembly-CSharp	plt#489	0x22c630	type=3	Assembly-CSharp-firstpass::JCloudData::SetFloat
Assembly-CSharp	plt#490	0x22c640	type=3	Assembly-CSharp-firstpass::DictionaryToString::ToString
Assembly-CSharp	plt#491	0x22c650	type=3	Assembly-CSharp-firstpass::JCloudData::Save
Assembly-CSharp	plt#492	0x22c660	type=3	Assembly-CSharp-firstpass::GravCloudPrefs::DeleteGravCloudFile
Assembly-CSharp	plt#493	0x22c670	type=3	Assembly-CSharp::FrontEndLogic::NeedMoreCoins
Assembly-CSharp	plt#494	0x22c680	type=3	Assembly-CSharp::DataUtility::DoActualPurchase
Assembly-CSharp	plt#495	0x22c690	type=3	Assembly-CSharp-firstpass::StoreKitBinding::canMakePayments
Assembly-CSharp	plt#496	0x22c6a0	type=3	special image 255 (wrapper/generic, not yet decoded)
Assembly-CSharp	plt#497	0x22c6b0	type=3	Assembly-CSharp-firstpass::StoreKitBinding::purchaseProduct
Assembly-CSharp	plt#498	0x22c6c0	type=3	Assembly-CSharp-firstpass::StoreKitBinding::requestProductData
Assembly-CSharp	plt#499	0x22c6d0	type=3	Assembly-CSharp::DataUtility::FinalizePurchase
Assembly-CSharp	plt#500	0x22c6e0	type=3	special image 255 (wrapper/generic, not yet decoded)
Assembly-CSharp	plt#501	0x22c6f0	type=3	special image 255 (wrapper/generic, not yet decoded)
Assembly-CSharp	plt#502	0x22c700	type=3	special image 255 (wrapper/generic, not yet decoded)
Assembly-CSharp	plt#503	0x22c710	type=3	special image 255 (wrapper/generic, not yet decoded)
Assembly-CSharp	plt#504	0x22c720	type=3	special image 255 (wrapper/generic, not yet decoded)
Assembly-CSharp	plt#505	0x22c730	type=3	special image 255 (wrapper/generic, not yet decoded)
Assembly-CSharp	plt#506	0x22c740	type=3	mscorlib::System.Math::Max
Assembly-CSharp	plt#507	0x22c750	type=3	special image 255 (wrapper/generic, not yet decoded)
Assembly-CSharp	plt#508	0x22c760	type=3	special image 255 (wrapper/generic, not yet decoded)
Assembly-CSharp	plt#509	0x22c770	type=3	special image 255 (wrapper/generic, not yet decoded)
Assembly-CSharp	plt#510	0x22c780	type=3	special image 255 (wrapper/generic, not yet decoded)
Assembly-CSharp	plt#511	0x22c790	type=3	Assembly-CSharp::LocalOptionsData::Load
Assembly-CSharp	plt#512	0x22c7a0	type=3	Assembly-CSharp::DataUtility::SetupItemsForPurchase
Assembly-CSharp	plt#513	0x22c7b0	type=3	Assembly-CSharp-firstpass::GameCenterBinding::authenticateLocalPlayer
Assembly-CSharp	plt#514	0x22c7c0	type=3	Assembly-CSharp::BaseEffect::InitComboLookup
Assembly-CSharp	plt#515	0x22c7d0	type=3	special image 252 (wrapper/generic, not yet decoded)
Assembly-CSharp	plt#516	0x22c7e0	type=3	special image 252 (wrapper/generic, not yet decoded)
Assembly-CSharp	plt#517	0x22c7f0	type=3	special image 252 (wrapper/generic, not yet decoded)
Assembly-CSharp	plt#518	0x22c800	type=3	special image 252 (wrapper/generic, not yet decoded)
Assembly-CSharp	plt#519	0x22c810	type=3	special image 252 (wrapper/generic, not yet decoded)
Assembly-CSharp	plt#520	0x22c820	type=3	special image 252 (wrapper/generic, not yet decoded)
Assembly-CSharp	plt#521	0x22c830	type=3	special image 252 (wrapper/generic, not yet decoded)
Assembly-CSharp	plt#522	0x22c840	type=3	special image 252 (wrapper/generic, not yet decoded)
Assembly-CSharp	plt#523	0x22c850	type=3	special image 252 (wrapper/generic, not yet decoded)
Assembly-CSharp	plt#524	0x22c860	type=3	special image 252 (wrapper/generic, not yet decoded)
Assembly-CSharp	plt#525	0x22c870	type=3	Assembly-CSharp::LocalOptionsData::Save
Assembly-CSharp	plt#526	0x22c880	type=3	special image 252 (wrapper/generic, not yet decoded)
Assembly-CSharp	plt#527	0x22c890	type=3	special image 252 (wrapper/generic, not yet decoded)
Assembly-CSharp	plt#528	0x22c8a0	type=3	special image 252 (wrapper/generic, not yet decoded)
Assembly-CSharp	plt#529	0x22c8b0	type=3	special image 252 (wrapper/generic, not yet decoded)
Assembly-CSharp	plt#530	0x22c8c0	type=3	special image 252 (wrapper/generic, not yet decoded)
Assembly-CSharp	plt#531	0x22c8d0	type=3	special image 252 (wrapper/generic, not yet decoded)
Assembly-CSharp	plt#532	0x22c8e0	type=3	special image 252 (wrapper/generic, not yet decoded)
Assembly-CSharp	plt#533	0x22c8f0	type=3	special image 252 (wrapper/generic, not yet decoded)
Assembly-CSharp	plt#534	0x22c900	type=3	special image 252 (wrapper/generic, not yet decoded)
Assembly-CSharp	plt#535	0x22c910	type=3	special image 252 (wrapper/generic, not yet decoded)
Assembly-CSharp	plt#536	0x22c920	type=3	UnityEngine::UnityEngine.Application::get_platform
Assembly-CSharp	plt#537	0x22c930	type=3	Assembly-CSharp::StreamManager::PrependRootFileLocation
Assembly-CSharp	plt#538	0x22c940	type=3	Assembly-CSharp-firstpass::GameCenterBinding::showCompletionBannerForAchievements
Assembly-CSharp	plt#539	0x22c950	type=3	mscorlib::System.String::LastIndexOf
Assembly-CSharp	plt#540	0x22c960	type=3	mscorlib::System.String::Substring
Assembly-CSharp	plt#541	0x22c970	type=3	mscorlib::System.Convert::ToInt32
Assembly-CSharp	plt#542	0x22c980	type=3	special image 255 (wrapper/generic, not yet decoded)
Assembly-CSharp	plt#543	0x22c990	type=3	special image 255 (wrapper/generic, not yet decoded)
Assembly-CSharp	plt#544	0x22c9a0	type=3	special image 255 (wrapper/generic, not yet decoded)
Assembly-CSharp	plt#545	0x22c9b0	type=3	special image 255 (wrapper/generic, not yet decoded)
Assembly-CSharp	plt#546	0x22c9c0	type=3	special image 255 (wrapper/generic, not yet decoded)
Assembly-CSharp	plt#547	0x22c9d0	type=3	mscorlib::System.Single::Parse
Assembly-CSharp	plt#548	0x22c9e0	type=3	Assembly-CSharp::LifetimeMetrics::DebugDump
Assembly-CSharp	plt#549	0x22c9f0	type=3	mscorlib::System.Text.StringBuilder::.ctor
Assembly-CSharp	plt#550	0x22ca00	type=3	mscorlib::System.Text.StringBuilder::AppendLine
Assembly-CSharp	plt#551	0x22ca10	type=3	mscorlib::System.Text.StringBuilder::ToString
Assembly-CSharp	plt#552	0x22ca20	type=3	Assembly-CSharp-firstpass::LocalizedString::.ctor
Assembly-CSharp	plt#553	0x22ca30	type=3	Assembly-CSharp::MissionCollection::GetTaskDisplay
Assembly-CSharp	plt#554	0x22ca40	type=3	Assembly-CSharp::BaseMission::.ctor
Assembly-CSharp	plt#555	0x22ca50	type=3	Assembly-CSharp::MissionManager::CompleteMission
Assembly-CSharp	plt#556	0x22ca60	type=3	special image 255 (wrapper/generic, not yet decoded)
Assembly-CSharp	plt#557	0x22ca70	type=3	Assembly-CSharp::HUDLogic::SignalMissionComplete
Assembly-CSharp	plt#558	0x22ca80	type=3	Assembly-CSharp::BaseMission::GetTaskDisplay
Assembly-CSharp	plt#559	0x22ca90	type=3	special image 255 (wrapper/generic, not yet decoded)
Assembly-CSharp	plt#560	0x22caa0	type=3	special image 255 (wrapper/generic, not yet decoded)
Assembly-CSharp	plt#561	0x22cab0	type=3	special image 255 (wrapper/generic, not yet decoded)
Assembly-CSharp	plt#562	0x22cac0	type=3	special image 255 (wrapper/generic, not yet decoded)
Assembly-CSharp	plt#563	0x22cad0	type=3	Assembly-CSharp::HUDLogic::SignalMissionStart
Assembly-CSharp	plt#564	0x22cae0	type=3	special image 255 (wrapper/generic, not yet decoded)
Assembly-CSharp	plt#565	0x22caf0	type=3	Assembly-CSharp::RaceManager::PostRaceCountdown
Assembly-CSharp	plt#566	0x22cb00	type=3	Assembly-CSharp::MissionManager::Signal
Assembly-CSharp	plt#567	0x22cb10	type=3	Assembly-CSharp::MissionManager::WaitForNextMission
Assembly-CSharp	plt#568	0x22cb20	type=3	special image 255 (wrapper/generic, not yet decoded)
Assembly-CSharp	plt#569	0x22cb30	type=3	Assembly-CSharp-firstpass::UghButtonsDictionary::get_Item
Assembly-CSharp	plt#570	0x22cb40	type=3	UnityEngine::UnityEngine.Transform::get_localPosition
Assembly-CSharp	plt#571	0x22cb50	type=3	UnityEngine::UnityEngine.Transform::set_localPosition
Assembly-CSharp	plt#572	0x22cb60	type=3	UnityEngine::UnityEngine.GameObject::GetComponentInChildren
Assembly-CSharp	plt#573	0x22cb70	type=3	special image 255 (wrapper/generic, not yet decoded)
Assembly-CSharp	plt#574	0x22cb80	type=3	special image 255 (wrapper/generic, not yet decoded)
Assembly-CSharp	plt#575	0x22cb90	type=3	special image 255 (wrapper/generic, not yet decoded)
Assembly-CSharp	plt#576	0x22cba0	type=3	special image 255 (wrapper/generic, not yet decoded)
Assembly-CSharp	plt#577	0x22cbb0	type=3	UnityEngine::UnityEngine.AudioSource::get_isPlaying
Assembly-CSharp	plt#578	0x22cbc0	type=3	UnityEngine::UnityEngine.AudioSource::PlayOneShot
Assembly-CSharp	plt#579	0x22cbd0	type=3	Assembly-CSharp::MusicPlayer::PlayMusic
Assembly-CSharp	plt#580	0x22cbe0	type=3	Assembly-CSharp::SoundLibrary::get_Instance
Assembly-CSharp	plt#581	0x22cbf0	type=3	mscorlib::System.String::GetHashCode
Assembly-CSharp	plt#582	0x22cc00	type=3	Assembly-CSharp::SoundClipDictionary::.ctor
Assembly-CSharp	plt#583	0x22cc10	type=3	Assembly-CSharp::ClipHashDictionary::.ctor
Assembly-CSharp	plt#584	0x22cc20	type=3	Assembly-CSharp::HashClipDictionary::.ctor
Assembly-CSharp	plt#585	0x22cc30	type=3	Assembly-CSharp::SoundLibrary::get_Present
Assembly-CSharp	plt#586	0x22cc40	type=3	UnityEngine::UnityEngine.AudioSource::get_loop
Assembly-CSharp	plt#587	0x22cc50	type=3	UnityEngine::UnityEngine.AudioSource::get_clip
Assembly-CSharp	plt#588	0x22cc60	type=3	special image 255 (wrapper/generic, not yet decoded)
Assembly-CSharp	plt#589	0x22cc70	type=3	UnityEngine::UnityEngine.Object::DestroyObject
Assembly-CSharp	plt#590	0x22cc80	type=3	special image 255 (wrapper/generic, not yet decoded)
Assembly-CSharp	plt#591	0x22cc90	type=3	UnityEngine::UnityEngine.Camera::get_main
Assembly-CSharp	plt#592	0x22cca0	type=3	Assembly-CSharp::SoundLibrary::ButtonClickPlay
Assembly-CSharp	plt#593	0x22ccb0	type=3	UnityEngine::UnityEngine.GameObject::get_audio
Assembly-CSharp	plt#594	0x22ccc0	type=3	Assembly-CSharp::SoundLibrary::PauseCameraSound
Assembly-CSharp	plt#595	0x22ccd0	type=3	special image 255 (wrapper/generic, not yet decoded)
Assembly-CSharp	plt#596	0x22cce0	type=3	special image 255 (wrapper/generic, not yet decoded)
Assembly-CSharp	plt#597	0x22ccf0	type=3	special image 255 (wrapper/generic, not yet decoded)
Assembly-CSharp	plt#598	0x22cd00	type=3	special image 255 (wrapper/generic, not yet decoded)
Assembly-CSharp	plt#599	0x22cd10	type=3	special image 255 (wrapper/generic, not yet decoded)
Assembly-CSharp	plt#600	0x22cd20	type=3	special image 255 (wrapper/generic, not yet decoded)
Assembly-CSharp	plt#601	0x22cd30	type=3	special image 255 (wrapper/generic, not yet decoded)
Assembly-CSharp	plt#602	0x22cd40	type=3	special image 255 (wrapper/generic, not yet decoded)
Assembly-CSharp	plt#603	0x22cd50	type=3	special image 255 (wrapper/generic, not yet decoded)
Assembly-CSharp	plt#604	0x22cd60	type=3	special image 255 (wrapper/generic, not yet decoded)
Assembly-CSharp	plt#605	0x22cd70	type=3	special image 255 (wrapper/generic, not yet decoded)
Assembly-CSharp	plt#606	0x22cd80	type=3	special image 255 (wrapper/generic, not yet decoded)
Assembly-CSharp	plt#607	0x22cd90	type=3	special image 255 (wrapper/generic, not yet decoded)
Assembly-CSharp	plt#608	0x22cda0	type=3	special image 255 (wrapper/generic, not yet decoded)
Assembly-CSharp	plt#609	0x22cdb0	type=3	special image 255 (wrapper/generic, not yet decoded)
Assembly-CSharp	plt#610	0x22cdc0	type=3	special image 255 (wrapper/generic, not yet decoded)
Assembly-CSharp	plt#611	0x22cdd0	type=3	special image 255 (wrapper/generic, not yet decoded)
Assembly-CSharp	plt#612	0x22cde0	type=3	special image 255 (wrapper/generic, not yet decoded)
Assembly-CSharp	plt#613	0x22cdf0	type=3	special image 255 (wrapper/generic, not yet decoded)
Assembly-CSharp	plt#614	0x22ce00	type=3	special image 255 (wrapper/generic, not yet decoded)
Assembly-CSharp	plt#615	0x22ce10	type=3	special image 255 (wrapper/generic, not yet decoded)
Assembly-CSharp	plt#616	0x22ce20	type=3	special image 255 (wrapper/generic, not yet decoded)
Assembly-CSharp	plt#617	0x22ce30	type=3	special image 255 (wrapper/generic, not yet decoded)
Assembly-CSharp	plt#618	0x22ce40	type=3	special image 255 (wrapper/generic, not yet decoded)
Assembly-CSharp	plt#619	0x22ce50	type=3	special image 255 (wrapper/generic, not yet decoded)
Assembly-CSharp	plt#620	0x22ce60	type=3	special image 255 (wrapper/generic, not yet decoded)
Assembly-CSharp	plt#621	0x22ce70	type=3	special image 255 (wrapper/generic, not yet decoded)
Assembly-CSharp	plt#622	0x22ce80	type=3	special image 255 (wrapper/generic, not yet decoded)
Assembly-CSharp	plt#623	0x22ce90	type=3	special image 255 (wrapper/generic, not yet decoded)
Assembly-CSharp	plt#624	0x22cea0	type=3	special image 255 (wrapper/generic, not yet decoded)
Assembly-CSharp	plt#625	0x22ceb0	type=3	special image 255 (wrapper/generic, not yet decoded)
Assembly-CSharp	plt#626	0x22cec0	type=3	Assembly-CSharp::SoundSequencer::SearchUsedList
Assembly-CSharp	plt#627	0x22ced0	type=3	special image 255 (wrapper/generic, not yet decoded)
Assembly-CSharp	plt#628	0x22cee0	type=3	special image 255 (wrapper/generic, not yet decoded)
Assembly-CSharp	plt#629	0x22cef0	type=3	special image 255 (wrapper/generic, not yet decoded)
Assembly-CSharp	plt#630	0x22cf00	type=3	Assembly-CSharp::SourceFactory::Init
Assembly-CSharp	plt#631	0x22cf10	type=3	Assembly-CSharp::SoundSequencer::DetermineSoundsToPlay
Assembly-CSharp	plt#632	0x22cf20	type=3	Assembly-CSharp::SourceFactory::SetPriority
Assembly-CSharp	plt#633	0x22cf30	type=3	UnityEngine::UnityEngine.Component::get_particleSystem
Assembly-CSharp	plt#634	0x22cf40	type=3	UnityEngine::UnityEngine.ParticleSystem::IsAlive
Assembly-CSharp	plt#635	0x22cf50	type=3	Assembly-CSharp::RocketRideEffect::.ctor
Assembly-CSharp	plt#636	0x22cf60	type=3	Assembly-CSharp::PowerupMagnet::.ctor
Assembly-CSharp	plt#637	0x22cf70	type=3	special image 255 (wrapper/generic, not yet decoded)
Assembly-CSharp	plt#638	0x22cf80	type=3	Assembly-CSharp::BaseEffect::SetUpComboLookup
Assembly-CSharp	plt#639	0x22cf90	type=3	special image 255 (wrapper/generic, not yet decoded)
Assembly-CSharp	plt#640	0x22cfa0	type=3	special image 255 (wrapper/generic, not yet decoded)
Assembly-CSharp	plt#641	0x22cfb0	type=3	special image 255 (wrapper/generic, not yet decoded)
Assembly-CSharp	plt#642	0x22cfc0	type=3	special image 255 (wrapper/generic, not yet decoded)
Assembly-CSharp	plt#643	0x22cfd0	type=3	special image 255 (wrapper/generic, not yet decoded)
Assembly-CSharp	plt#644	0x22cfe0	type=3	special image 255 (wrapper/generic, not yet decoded)
Assembly-CSharp	plt#645	0x22cff0	type=3	special image 255 (wrapper/generic, not yet decoded)
Assembly-CSharp	plt#646	0x22d000	type=3	Assembly-CSharp::BoatAnchorEffect::LaunchAnchor
Assembly-CSharp	plt#647	0x22d010	type=3	special image 255 (wrapper/generic, not yet decoded)
Assembly-CSharp	plt#648	0x22d020	type=3	special image 255 (wrapper/generic, not yet decoded)
Assembly-CSharp	plt#649	0x22d030	type=3	UnityEngine::UnityEngine.Transform::get_localScale
Assembly-CSharp	plt#650	0x22d040	type=3	special image 255 (wrapper/generic, not yet decoded)
Assembly-CSharp	plt#651	0x22d050	type=3	UnityEngine::UnityEngine.ParticleEmitter::get_minSize
Assembly-CSharp	plt#652	0x22d060	type=3	UnityEngine::UnityEngine.ParticleEmitter::set_minSize
Assembly-CSharp	plt#653	0x22d070	type=3	UnityEngine::UnityEngine.ParticleEmitter::get_maxSize
Assembly-CSharp	plt#654	0x22d080	type=3	UnityEngine::UnityEngine.ParticleEmitter::set_maxSize
Assembly-CSharp	plt#655	0x22d090	type=3	UnityEngine::UnityEngine.ParticleEmitter::get_localVelocity
Assembly-CSharp	plt#656	0x22d0a0	type=3	UnityEngine::UnityEngine.ParticleEmitter::set_localVelocity
Assembly-CSharp	plt#657	0x22d0b0	type=3	UnityEngine::UnityEngine.GameObject::Find
Assembly-CSharp	plt#658	0x22d0c0	type=3	special image 255 (wrapper/generic, not yet decoded)
Assembly-CSharp	plt#659	0x22d0d0	type=3	Assembly-CSharp::RaceManager::get_Exists
Assembly-CSharp	plt#660	0x22d0e0	type=3	special image 255 (wrapper/generic, not yet decoded)
Assembly-CSharp	plt#661	0x22d0f0	type=3	special image 255 (wrapper/generic, not yet decoded)
Assembly-CSharp	plt#662	0x22d100	type=3	special image 255 (wrapper/generic, not yet decoded)
Assembly-CSharp	plt#663	0x22d110	type=3	special image 255 (wrapper/generic, not yet decoded)
Assembly-CSharp	plt#664	0x22d120	type=3	special image 255 (wrapper/generic, not yet decoded)
Assembly-CSharp	plt#665	0x22d130	type=3	special image 255 (wrapper/generic, not yet decoded)
Assembly-CSharp	plt#666	0x22d140	type=3	UnityEngine::UnityEngine.Component::SendMessage
Assembly-CSharp	plt#667	0x22d150	type=3	special image 255 (wrapper/generic, not yet decoded)
Assembly-CSharp	plt#668	0x22d160	type=3	special image 255 (wrapper/generic, not yet decoded)
Assembly-CSharp	plt#669	0x22d170	type=3	special image 255 (wrapper/generic, not yet decoded)
Assembly-CSharp	plt#670	0x22d180	type=3	UnityEngine::UnityEngine.GameObject::CompareTag
Assembly-CSharp	plt#671	0x22d190	type=3	special image 255 (wrapper/generic, not yet decoded)
Assembly-CSharp	plt#672	0x22d1a0	type=3	special image 255 (wrapper/generic, not yet decoded)
Assembly-CSharp	plt#673	0x22d1b0	type=3	special image 255 (wrapper/generic, not yet decoded)
Assembly-CSharp	plt#674	0x22d1c0	type=3	Assembly-CSharp::RocketEffect::LaunchRocket
Assembly-CSharp	plt#675	0x22d1d0	type=3	Assembly-CSharp::RocketRideEffect::LaunchRocket
Assembly-CSharp	plt#676	0x22d1e0	type=3	UnityEngine::UnityEngine.Vector3::get_one
Assembly-CSharp	plt#677	0x22d1f0	type=3	Assembly-CSharp::SpreadMineEffect::LaunchSpreader
Assembly-CSharp	plt#678	0x22d200	type=3	special image 255 (wrapper/generic, not yet decoded)
Assembly-CSharp	plt#679	0x22d210	type=3	UnityEngine::UnityEngine.Random::get_insideUnitSphere
Assembly-CSharp	plt#680	0x22d220	type=3	UnityEngine::UnityEngine.Random::Range
Assembly-CSharp	plt#681	0x22d230	type=3	UnityEngine::UnityEngine.Quaternion::.ctor
Assembly-CSharp	plt#682	0x22d240	type=3	UnityEngine::UnityEngine.Time::get_time
Assembly-CSharp	plt#683	0x22d250	type=3	UnityEngine::UnityEngine.Mathf::Sin
Assembly-CSharp	plt#684	0x22d260	type=3	UnityEngine::UnityEngine.Mathf::Cos
Assembly-CSharp	plt#685	0x22d270	type=3	UnityEngine::UnityEngine.Vector4::.ctor
Assembly-CSharp	plt#686	0x22d280	type=3	UnityEngine::UnityEngine.iPhone::get_generation
Assembly-CSharp	plt#687	0x22d290	type=3	UnityEngine::UnityEngine.Shader::Find
Assembly-CSharp	plt#688	0x22d2a0	type=3	UnityEngine::UnityEngine.Renderer::get_materials
Assembly-CSharp	plt#689	0x22d2b0	type=3	UnityEngine::UnityEngine.Material::get_shader
Assembly-CSharp	plt#690	0x22d2c0	type=3	mscorlib::System.String::Contains
Assembly-CSharp	plt#691	0x22d2d0	type=3	UnityEngine::UnityEngine.Material::set_shader
Assembly-CSharp	plt#692	0x22d2e0	type=3	Assembly-CSharp::FadeHelper::IsFading
Assembly-CSharp	plt#693	0x22d2f0	type=3	special image 255 (wrapper/generic, not yet decoded)
Assembly-CSharp	plt#694	0x22d300	type=3	special image 255 (wrapper/generic, not yet decoded)
Assembly-CSharp	plt#695	0x22d310	type=3	special image 255 (wrapper/generic, not yet decoded)
Assembly-CSharp	plt#696	0x22d320	type=3	UnityEngine::UnityEngine.Transform::GetEnumerator
Assembly-CSharp	plt#697	0x22d330	type=3	special image 255 (wrapper/generic, not yet decoded)
Assembly-CSharp	plt#698	0x22d340	type=3	special image 255 (wrapper/generic, not yet decoded)
Assembly-CSharp	plt#699	0x22d350	type=3	special image 255 (wrapper/generic, not yet decoded)
Assembly-CSharp	plt#700	0x22d360	type=3	Assembly-CSharp::FadeHelper::Fade
Assembly-CSharp	plt#701	0x22d370	type=3	Assembly-CSharp::FadeHelper::SetOpacity
Assembly-CSharp	plt#702	0x22d380	type=3	special image 255 (wrapper/generic, not yet decoded)
Assembly-CSharp	plt#703	0x22d390	type=3	Assembly-CSharp::FadeHelper::SetOpacity
Assembly-CSharp	plt#704	0x22d3a0	type=3	special image 255 (wrapper/generic, not yet decoded)
Assembly-CSharp	plt#705	0x22d3b0	type=3	UnityEngine::UnityEngine.Material::HasProperty
Assembly-CSharp	plt#706	0x22d3c0	type=3	UnityEngine::UnityEngine.Material::get_color
Assembly-CSharp	plt#707	0x22d3d0	type=3	UnityEngine::UnityEngine.Color::.ctor
Assembly-CSharp	plt#708	0x22d3e0	type=3	UnityEngine::UnityEngine.Material::set_color
Assembly-CSharp	plt#709	0x22d3f0	type=3	special image 255 (wrapper/generic, not yet decoded)
Assembly-CSharp	plt#710	0x22d400	type=3	UnityEngine::UnityEngine.Transform::get_childCount
Assembly-CSharp	plt#711	0x22d410	type=3	Assembly-CSharp::FadeHelper::Fade
Assembly-CSharp	plt#712	0x22d420	type=3	special image 255 (wrapper/generic, not yet decoded)
Assembly-CSharp	plt#713	0x22d430	type=3	special image 255 (wrapper/generic, not yet decoded)
Assembly-CSharp	plt#714	0x22d440	type=3	Assembly-CSharp::FadeHelper::CleanNullEntries
Assembly-CSharp	plt#715	0x22d450	type=3	Assembly-CSharp::FadeHelper::Fader
Assembly-CSharp	plt#716	0x22d460	type=3	special image 255 (wrapper/generic, not yet decoded)
Assembly-CSharp	plt#717	0x22d470	type=3	Assembly-CSharp::LoadSpin::FadeHelper
Assembly-CSharp	plt#718	0x22d480	type=7	
Assembly-CSharp	plt#719	0x22d490	type=3	UnityEngine::UnityEngine.GameObject::get_renderer
Assembly-CSharp	plt#720	0x22d4a0	type=3	UnityEngine::UnityEngine.Material::set_mainTextureOffset
Assembly-CSharp	plt#721	0x22d4b0	type=3	special image 255 (wrapper/generic, not yet decoded)
Assembly-CSharp	plt#722	0x22d4c0	type=3	special image 255 (wrapper/generic, not yet decoded)
Assembly-CSharp	plt#723	0x22d4d0	type=3	UnityEngine::UnityEngine.Component::get_renderer
Assembly-CSharp	plt#724	0x22d4e0	type=3	UnityEngine::UnityEngine.Material::GetTextureOffset
Assembly-CSharp	plt#725	0x22d4f0	type=3	UnityEngine::UnityEngine.Vector2::op_Multiply
Assembly-CSharp	plt#726	0x22d500	type=3	UnityEngine::UnityEngine.Vector2::op_Addition
Assembly-CSharp	plt#727	0x22d510	type=3	UnityEngine::UnityEngine.Mathf::Repeat
Assembly-CSharp	plt#728	0x22d520	type=3	UnityEngine::UnityEngine.Material::SetTextureOffset
Assembly-CSharp	plt#729	0x22d530	type=3	Assembly-CSharp-firstpass::MoreGamesBinding::Init
Assembly-CSharp	plt#730	0x22d540	type=3	Assembly-CSharp-firstpass::GDMOBinding::InitWithAppKey
Assembly-CSharp	plt#731	0x22d550	type=3	Assembly-CSharp::GDMOManager::Init
Assembly-CSharp	plt#732	0x22d560	type=3	Assembly-CSharp-firstpass::GDMOBinding::LogAnalyticsEvent
Assembly-CSharp	plt#733	0x22d570	type=3	Assembly-CSharp-firstpass::GDMOBinding::LogAnalyticsEventWithContext
Assembly-CSharp	plt#734	0x22d580	type=3	Assembly-CSharp-firstpass::GDMOBinding::FlushAnalyticsQueue
Assembly-CSharp	plt#735	0x22d590	type=3	special image 255 (wrapper/generic, not yet decoded)
Assembly-CSharp	plt#736	0x22d5a0	type=3	special image 255 (wrapper/generic, not yet decoded)
Assembly-CSharp	plt#737	0x22d5b0	type=3	special image 255 (wrapper/generic, not yet decoded)
Assembly-CSharp	plt#738	0x22d5c0	type=3	UnityEngine::UnityEngine.ParticleEmitter::get_minEmission
Assembly-CSharp	plt#739	0x22d5d0	type=3	UnityEngine::UnityEngine.ParticleEmitter::set_minEmission
Assembly-CSharp	plt#740	0x22d5e0	type=3	UnityEngine::UnityEngine.ParticleEmitter::get_maxEmission
Assembly-CSharp	plt#741	0x22d5f0	type=3	UnityEngine::UnityEngine.ParticleEmitter::set_maxEmission
Assembly-CSharp	plt#742	0x22d600	type=3	Assembly-CSharp::PowerupHolder::AddEffect
Assembly-CSharp	plt#743	0x22d610	type=3	special image 255 (wrapper/generic, not yet decoded)
Assembly-CSharp	plt#744	0x22d620	type=3	UnityEngine::UnityEngine.ParticleEmitter::set_enabled
Assembly-CSharp	plt#745	0x22d630	type=3	Assembly-CSharp::PickupSpawner::SpawnPickup
Assembly-CSharp	plt#746	0x22d640	type=3	UnityEngine::UnityEngine.Gizmos::DrawWireCube
Assembly-CSharp	plt#747	0x22d650	type=3	UnityEngine::UnityEngine.Input::get_acceleration
Assembly-CSharp	plt#748	0x22d660	type=3	UnityEngine::UnityEngine.Screen::get_orientation
Assembly-CSharp	plt#749	0x22d670	type=3	special image 255 (wrapper/generic, not yet decoded)
Assembly-CSharp	plt#750	0x22d680	type=3	special image 255 (wrapper/generic, not yet decoded)
Assembly-CSharp	plt#751	0x22d690	type=3	special image 255 (wrapper/generic, not yet decoded)
Assembly-CSharp	plt#752	0x22d6a0	type=3	Assembly-CSharp::KeyEventBinding::KeyDown
Assembly-CSharp	plt#753	0x22d6b0	type=3	Assembly-CSharp::KeyEventBinding::Key
Assembly-CSharp	plt#754	0x22d6c0	type=3	special image 255 (wrapper/generic, not yet decoded)
Assembly-CSharp	plt#755	0x22d6d0	type=3	Assembly-CSharp-firstpass::Localize::GetDynamicKeys
Assembly-CSharp	plt#756	0x22d6e0	type=3	special image 255 (wrapper/generic, not yet decoded)
Assembly-CSharp	plt#757	0x22d6f0	type=3	special image 255 (wrapper/generic, not yet decoded)
Assembly-CSharp	plt#758	0x22d700	type=3	Assembly-CSharp::PlayerKeyboardControl::GetKeyDown
Assembly-CSharp	plt#759	0x22d710	type=3	UnityEngine::UnityEngine.Component::SendMessage
Assembly-CSharp	plt#760	0x22d720	type=3	Assembly-CSharp::PlayerKeyboardControl::GetKey
Assembly-CSharp	plt#761	0x22d730	type=3	special image 255 (wrapper/generic, not yet decoded)
Assembly-CSharp	plt#762	0x22d740	type=3	UnityEngine::UnityEngine.Input::GetKeyDown
Assembly-CSharp	plt#763	0x22d750	type=3	special image 255 (wrapper/generic, not yet decoded)
Assembly-CSharp	plt#764	0x22d760	type=3	UnityEngine::UnityEngine.Input::GetKey
Assembly-CSharp	plt#765	0x22d770	type=3	special image 255 (wrapper/generic, not yet decoded)
Assembly-CSharp	plt#766	0x22d780	type=3	special image 255 (wrapper/generic, not yet decoded)
Assembly-CSharp	plt#767	0x22d790	type=3	UnityEngine::UnityEngine.Mathf::Max
Assembly-CSharp	plt#768	0x22d7a0	type=3	Assembly-CSharp::PowerupHolder::PowerupComboCheck
Assembly-CSharp	plt#769	0x22d7b0	type=3	Assembly-CSharp::BaseEffect::GetComboEffectType
Assembly-CSharp	plt#770	0x22d7c0	type=3	UnityEngine::UnityEngine.Time::set_fixedDeltaTime
Assembly-CSharp	plt#771	0x22d7d0	type=3	UnityEngine::UnityEngine.Time::set_maximumDeltaTime
Assembly-CSharp	plt#772	0x22d7e0	type=3	UnityEngine::UnityEngine.Renderer::set_enabled
Assembly-CSharp	plt#773	0x22d7f0	type=3	UnityEngine::UnityEngine.Transform::set_up
Assembly-CSharp	plt#774	0x22d800	type=3	UnityEngine::UnityEngine.Transform::get_up
Assembly-CSharp	plt#775	0x22d810	type=3	special image 255 (wrapper/generic, not yet decoded)
Assembly-CSharp	plt#776	0x22d820	type=3	special image 255 (wrapper/generic, not yet decoded)
Assembly-CSharp	plt#777	0x22d830	type=3	Assembly-CSharp::SoundPackageManager::LoadPackageCoroutine
Assembly-CSharp	plt#778	0x22d840	type=3	special image 255 (wrapper/generic, not yet decoded)
Assembly-CSharp	plt#779	0x22d850	type=3	special image 255 (wrapper/generic, not yet decoded)
Assembly-CSharp	plt#780	0x22d860	type=3	special image 255 (wrapper/generic, not yet decoded)
Assembly-CSharp	plt#781	0x22d870	type=3	special image 255 (wrapper/generic, not yet decoded)
Assembly-CSharp	plt#782	0x22d880	type=3	Assembly-CSharp::StreamManager::get_Instance
Assembly-CSharp	plt#783	0x22d890	type=3	special image 255 (wrapper/generic, not yet decoded)
Assembly-CSharp	plt#784	0x22d8a0	type=3	special image 255 (wrapper/generic, not yet decoded)
Assembly-CSharp	plt#785	0x22d8b0	type=3	special image 255 (wrapper/generic, not yet decoded)
Assembly-CSharp	plt#786	0x22d8c0	type=3	Assembly-CSharp::StreamManager::LoadAsset
Assembly-CSharp	plt#787	0x22d8d0	type=3	special image 255 (wrapper/generic, not yet decoded)
Assembly-CSharp	plt#788	0x22d8e0	type=3	Assembly-CSharp::Asset::Unload
Assembly-CSharp	plt#789	0x22d8f0	type=3	special image 255 (wrapper/generic, not yet decoded)
Assembly-CSharp	plt#790	0x22d900	type=3	special image 255 (wrapper/generic, not yet decoded)
Assembly-CSharp	plt#791	0x22d910	type=3	special image 255 (wrapper/generic, not yet decoded)
Assembly-CSharp	plt#792	0x22d920	type=3	special image 255 (wrapper/generic, not yet decoded)
Assembly-CSharp	plt#793	0x22d930	type=3	special image 255 (wrapper/generic, not yet decoded)
Assembly-CSharp	plt#794	0x22d940	type=3	special image 255 (wrapper/generic, not yet decoded)
Assembly-CSharp	plt#795	0x22d950	type=3	UnityEngine::UnityEngine.Application::get_dataPath
Assembly-CSharp	plt#796	0x22d960	type=3	mscorlib::System.Text.StringBuilder::Append
Assembly-CSharp	plt#797	0x22d970	type=3	UnityEngine::UnityEngine.WWW::get_size
Assembly-CSharp	plt#798	0x22d980	type=3	UnityEngine::UnityEngine.WWW::get_progress
Assembly-CSharp	plt#799	0x22d990	type=3	UnityEngine::UnityEngine.AssetBundle::get_mainAsset
Assembly-CSharp	plt#800	0x22d9a0	type=3	UnityEngine::UnityEngine.AssetBundle::Unload
Assembly-CSharp	plt#801	0x22d9b0	type=3	UnityEngine::UnityEngine.Resources::UnloadUnusedAssets
Assembly-CSharp	plt#802	0x22d9c0	type=3	special image 255 (wrapper/generic, not yet decoded)
Assembly-CSharp	plt#803	0x22d9d0	type=3	special image 255 (wrapper/generic, not yet decoded)
Assembly-CSharp	plt#804	0x22d9e0	type=3	special image 255 (wrapper/generic, not yet decoded)
Assembly-CSharp	plt#805	0x22d9f0	type=3	Assembly-CSharp::AssetCluster::GetAsset
Assembly-CSharp	plt#806	0x22da00	type=3	special image 255 (wrapper/generic, not yet decoded)
Assembly-CSharp	plt#807	0x22da10	type=3	special image 255 (wrapper/generic, not yet decoded)
Assembly-CSharp	plt#808	0x22da20	type=3	special image 255 (wrapper/generic, not yet decoded)
Assembly-CSharp	plt#809	0x22da30	type=3	special image 255 (wrapper/generic, not yet decoded)
Assembly-CSharp	plt#810	0x22da40	type=3	Assembly-CSharp::BarrelSpawner::SpawnBarrel
Assembly-CSharp	plt#811	0x22da50	type=3	UnityEngine::UnityEngine.Rigidbody::set_constraints
Assembly-CSharp	plt#812	0x22da60	type=3	Assembly-CSharp::BasketBall::PlayBounceSound
Assembly-CSharp	plt#813	0x22da70	type=3	UnityEngine::UnityEngine.Collider::get_isTrigger
Assembly-CSharp	plt#814	0x22da80	type=3	UnityEngine::UnityEngine.Color::get_green
Assembly-CSharp	plt#815	0x22da90	type=3	special image 255 (wrapper/generic, not yet decoded)
Assembly-CSharp	plt#816	0x22daa0	type=3	Assembly-CSharp::CoinPoint::SpawnCircleHelper
Assembly-CSharp	plt#817	0x22dab0	type=3	Assembly-CSharp::CoinPoint::SpawnTrailHelper
Assembly-CSharp	plt#818	0x22dac0	type=3	UnityEngine::UnityEngine.Random::get_rotation
Assembly-CSharp	plt#819	0x22dad0	type=3	UnityEngine::UnityEngine.Vector2::get_normalized
Assembly-CSharp	plt#820	0x22dae0	type=3	special image 255 (wrapper/generic, not yet decoded)
Assembly-CSharp	plt#821	0x22daf0	type=3	UnityEngine::UnityEngine.Gizmos::DrawSphere
Assembly-CSharp	plt#822	0x22db00	type=3	UnityEngine::UnityEngine.Quaternion::AngleAxis
Assembly-CSharp	plt#823	0x22db10	type=3	UnityEngine::UnityEngine.Random::get_onUnitSphere
Assembly-CSharp	plt#824	0x22db20	type=3	Assembly-CSharp::ExplodingBarrel::OnTriggerEnter
Assembly-CSharp	plt#825	0x22db30	type=3	Assembly-CSharp::GuidedJumpEffect::.ctor
Assembly-CSharp	plt#826	0x22db40	type=3	Assembly-CSharp::PieAttack::OnTriggerEnter
Assembly-CSharp	plt#827	0x22db50	type=3	Assembly-CSharp::PieAttack::Explode
Assembly-CSharp	plt#828	0x22db60	type=3	UnityEngine::UnityEngine.ParticleSystem::set_enableEmission
Assembly-CSharp	plt#829	0x22db70	type=3	Assembly-CSharp::WhoopieCushion::OnTriggerEnter
Assembly-CSharp	plt#830	0x22db80	type=3	Assembly-CSharp::ObjectGroupList::set_CurrentState
Assembly-CSharp	plt#831	0x22db90	type=3	Assembly-CSharp::ActiveObjectListSwtich::Fire
Assembly-CSharp	plt#832	0x22dba0	type=3	special image 255 (wrapper/generic, not yet decoded)
Assembly-CSharp	plt#833	0x22dbb0	type=3	special image 255 (wrapper/generic, not yet decoded)
Assembly-CSharp	plt#834	0x22dbc0	type=3	Assembly-CSharp::CarProgress::.ctor
Assembly-CSharp	plt#835	0x22dbd0	type=3	Assembly-CSharp::ScreenFader::get_Instance
Assembly-CSharp	plt#836	0x22dbe0	type=3	Assembly-CSharp::ScreenFader::CreateScreenFader
Assembly-CSharp	plt#837	0x22dbf0	type=3	UnityEngine::UnityEngine.Application::get_loadedLevelName
Assembly-CSharp	plt#838	0x22dc00	type=3	UnityEngine::UnityEngine.Application::LoadLevel
Assembly-CSharp	plt#839	0x22dc10	type=3	special image 252 (wrapper/generic, not yet decoded)
Assembly-CSharp	plt#840	0x22dc20	type=3	special image 252 (wrapper/generic, not yet decoded)
Assembly-CSharp	plt#841	0x22dc30	type=3	Assembly-CSharp::ProgressTriggerLogic::CanTriggerForCar
Assembly-CSharp	plt#842	0x22dc40	type=3	Assembly-CSharp::RaceManager::AdvanceCarLap
Assembly-CSharp	plt#843	0x22dc50	type=3	special image 255 (wrapper/generic, not yet decoded)
Assembly-CSharp	plt#844	0x22dc60	type=3	Assembly-CSharp::CarAIPathRecorder::FinishRecording
Assembly-CSharp	plt#845	0x22dc70	type=3	Assembly-CSharp::CarAIPathRecorder::StartRecording
Assembly-CSharp	plt#846	0x22dc80	type=3	UnityEngine::UnityEngine.GameObject::AddComponent
Assembly-CSharp	plt#847	0x22dc90	type=3	special image 255 (wrapper/generic, not yet decoded)
Assembly-CSharp	plt#848	0x22dca0	type=3	special image 255 (wrapper/generic, not yet decoded)
Assembly-CSharp	plt#849	0x22dcb0	type=3	special image 255 (wrapper/generic, not yet decoded)
Assembly-CSharp	plt#850	0x22dcc0	type=3	special image 255 (wrapper/generic, not yet decoded)
Assembly-CSharp	plt#851	0x22dcd0	type=3	special image 255 (wrapper/generic, not yet decoded)
Assembly-CSharp	plt#852	0x22dce0	type=3	Assembly-CSharp::RaceManager::SpawnCoins
Assembly-CSharp	plt#853	0x22dcf0	type=3	special image 255 (wrapper/generic, not yet decoded)
Assembly-CSharp	plt#854	0x22dd00	type=3	special image 255 (wrapper/generic, not yet decoded)
Assembly-CSharp	plt#855	0x22dd10	type=3	special image 255 (wrapper/generic, not yet decoded)
Assembly-CSharp	plt#856	0x22dd20	type=3	Assembly-CSharp::PlayerInstance::GetConstructedCart
Assembly-CSharp	plt#857	0x22dd30	type=3	UnityEngine::UnityEngine.GameObject::set_tag
Assembly-CSharp	plt#858	0x22dd40	type=3	UnityEngine::UnityEngine.GameObject::FindGameObjectsWithTag
Assembly-CSharp	plt#859	0x22dd50	type=3	special image 255 (wrapper/generic, not yet decoded)
Assembly-CSharp	plt#860	0x22dd60	type=3	special image 255 (wrapper/generic, not yet decoded)
Assembly-CSharp	plt#861	0x22dd70	type=3	Assembly-CSharp::WaypointLogic::WaypointPrecalculations
Assembly-CSharp	plt#862	0x22dd80	type=3	Assembly-CSharp::RaceManager::StartMusic
Assembly-CSharp	plt#863	0x22dd90	type=3	Assembly-CSharp::RaceManager::PlayAmbientNoise
Assembly-CSharp	plt#864	0x22dda0	type=3	Assembly-CSharp::SoundLibrary::PlaySoundOnCamera
Assembly-CSharp	plt#865	0x22ddb0	type=3	special image 255 (wrapper/generic, not yet decoded)
Assembly-CSharp	plt#866	0x22ddc0	type=3	special image 255 (wrapper/generic, not yet decoded)
Assembly-CSharp	plt#867	0x22ddd0	type=3	Assembly-CSharp::CarMetrics::CloneToObject
Assembly-CSharp	plt#868	0x22dde0	type=3	special image 255 (wrapper/generic, not yet decoded)
Assembly-CSharp	plt#869	0x22ddf0	type=3	mscorlib::System.DateTime::op_Equality
Assembly-CSharp	plt#870	0x22de00	type=3	mscorlib::System.DateTime::get_Now
Assembly-CSharp	plt#871	0x22de10	type=3	mscorlib::System.DateTime::op_Subtraction
Assembly-CSharp	plt#872	0x22de20	type=7	
Assembly-CSharp	plt#873	0x22de30	type=3	UnityEngine::UnityEngine.MonoBehaviour::StopAllCoroutines
Assembly-CSharp	plt#874	0x22de40	type=3	Assembly-CSharp::PlayerInstance::ReleaseCart
Assembly-CSharp	plt#875	0x22de50	type=3	special image 255 (wrapper/generic, not yet decoded)
Assembly-CSharp	plt#876	0x22de60	type=3	special image 255 (wrapper/generic, not yet decoded)
Assembly-CSharp	plt#877	0x22de70	type=3	special image 255 (wrapper/generic, not yet decoded)
Assembly-CSharp	plt#878	0x22de80	type=3	special image 255 (wrapper/generic, not yet decoded)
Assembly-CSharp	plt#879	0x22de90	type=3	special image 255 (wrapper/generic, not yet decoded)
Assembly-CSharp	plt#880	0x22dea0	type=3	special image 255 (wrapper/generic, not yet decoded)
Assembly-CSharp	plt#881	0x22deb0	type=3	special image 255 (wrapper/generic, not yet decoded)
Assembly-CSharp	plt#882	0x22dec0	type=3	Assembly-CSharp::RaceManager::EliminateCar
Assembly-CSharp	plt#883	0x22ded0	type=3	Assembly-CSharp::RaceManager::CalculateCarPositions
Assembly-CSharp	plt#884	0x22dee0	type=3	Assembly-CSharp::RaceManager::RecordSnapshot
Assembly-CSharp	plt#885	0x22def0	type=3	special image 255 (wrapper/generic, not yet decoded)
Assembly-CSharp	plt#886	0x22df00	type=3	special image 255 (wrapper/generic, not yet decoded)
Assembly-CSharp	plt#887	0x22df10	type=3	Assembly-CSharp::MusicPlayer::get_Instance
Assembly-CSharp	plt#888	0x22df20	type=3	Assembly-CSharp::RaceManager::Init
Assembly-CSharp	plt#889	0x22df30	type=3	Assembly-CSharp::RaceManager::StartRaceRewind
Assembly-CSharp	plt#890	0x22df40	type=3	mscorlib::System.DateTime::op_Addition
Assembly-CSharp	plt#891	0x22df50	type=3	Assembly-CSharp::DataUtility::CleanupAllSnapShots
Assembly-CSharp	plt#892	0x22df60	type=3	Assembly-CSharp::CarSnapShot::.ctor
Assembly-CSharp	plt#893	0x22df70	type=3	Assembly-CSharp::CarProgress::GetProgressCopy
Assembly-CSharp	plt#894	0x22df80	type=3	Assembly-CSharp::EffectManager::GetEffectCount
Assembly-CSharp	plt#895	0x22df90	type=3	Assembly-CSharp::CarMetrics::CleanupCopiedMetrics
Assembly-CSharp	plt#896	0x22dfa0	type=3	Assembly-CSharp::CarMetrics::CopyMetrics
Assembly-CSharp	plt#897	0x22dfb0	type=3	Assembly-CSharp::DataUtility::AddSnapshot
Assembly-CSharp	plt#898	0x22dfc0	type=3	Assembly-CSharp::DataUtility::GetSnapshot
Assembly-CSharp	plt#899	0x22dfd0	type=3	Assembly-CSharp::SnapShotInfo::DebugDump
Assembly-CSharp	plt#900	0x22dfe0	type=3	special image 255 (wrapper/generic, not yet decoded)
Assembly-CSharp	plt#901	0x22dff0	type=3	special image 255 (wrapper/generic, not yet decoded)
Assembly-CSharp	plt#902	0x22e000	type=3	special image 255 (wrapper/generic, not yet decoded)
Assembly-CSharp	plt#903	0x22e010	type=3	mscorlib::System.String::CompareTo
Assembly-CSharp	plt#904	0x22e020	type=3	Assembly-CSharp-firstpass::UnlocalizedString::op_Implicit
Assembly-CSharp	plt#905	0x22e030	type=3	Assembly-CSharp-firstpass::UnlocalizedString::.ctor
Assembly-CSharp	plt#906	0x22e040	type=3	Assembly-CSharp::AssetCluster::AddAsset
Assembly-CSharp	plt#907	0x22e050	type=3	special image 255 (wrapper/generic, not yet decoded)
Assembly-CSharp	plt#908	0x22e060	type=3	mscorlib::System.String::Replace
Assembly-CSharp	plt#909	0x22e070	type=3	Assembly-CSharp::RaceSettings::DetermineAICars
Assembly-CSharp	plt#910	0x22e080	type=3	Assembly-CSharp::RaceSettings::GatherRequiredAssets
Assembly-CSharp	plt#911	0x22e090	type=3	special image 255 (wrapper/generic, not yet decoded)
Assembly-CSharp	plt#912	0x22e0a0	type=3	special image 255 (wrapper/generic, not yet decoded)
Assembly-CSharp	plt#913	0x22e0b0	type=3	special image 255 (wrapper/generic, not yet decoded)
Assembly-CSharp	plt#914	0x22e0c0	type=3	special image 255 (wrapper/generic, not yet decoded)
Assembly-CSharp	plt#915	0x22e0d0	type=3	special image 255 (wrapper/generic, not yet decoded)
Assembly-CSharp	plt#916	0x22e0e0	type=3	special image 255 (wrapper/generic, not yet decoded)
Assembly-CSharp	plt#917	0x22e0f0	type=3	special image 255 (wrapper/generic, not yet decoded)
Assembly-CSharp	plt#918	0x22e100	type=3	special image 255 (wrapper/generic, not yet decoded)
Assembly-CSharp	plt#919	0x22e110	type=3	special image 255 (wrapper/generic, not yet decoded)
Assembly-CSharp	plt#920	0x22e120	type=3	Assembly-CSharp::TrackUnlockHelper::UnlockAllEverything
Assembly-CSharp	plt#921	0x22e130	type=3	Assembly-CSharp::TrackUnlockHelper::GetCircuitMedalCount
Assembly-CSharp	plt#922	0x22e140	type=3	special image 255 (wrapper/generic, not yet decoded)
Assembly-CSharp	plt#923	0x22e150	type=3	Assembly-CSharp::TrackUnlockHelper::CheckForPreraceSetupUnlock
Assembly-CSharp	plt#924	0x22e160	type=3	Assembly-CSharp::TrackUnlockHelper::GetHighestTrackPlace
Assembly-CSharp	plt#925	0x22e170	type=3	Assembly-CSharp::LifetimeMetrics::SetMetric
Assembly-CSharp	plt#926	0x22e180	type=3	special image 255 (wrapper/generic, not yet decoded)
Assembly-CSharp	plt#927	0x22e190	type=3	UnityEngine::UnityEngine.Vector3::op_Equality
Assembly-CSharp	plt#928	0x22e1a0	type=3	UnityEngine::UnityEngine.Physics::RaycastAll
Assembly-CSharp	plt#929	0x22e1b0	type=3	Assembly-CSharp::TriFoot::UpsideDownTest
Assembly-CSharp	plt#930	0x22e1c0	type=3	UnityEngine::UnityEngine.Vector3::Equals
Assembly-CSharp	plt#931	0x22e1d0	type=3	Assembly-CSharp-firstpass::UghPublisher::.ctor
Assembly-CSharp	plt#932	0x22e1e0	type=3	Assembly-CSharp-firstpass::UghTextsDictionary::get_Item
Assembly-CSharp	plt#933	0x22e1f0	type=3	Assembly-CSharp-firstpass::UghText::get_Text
Assembly-CSharp	plt#934	0x22e200	type=3	Assembly-CSharp::DebugRewindDialogPublisher::OnRewindPressed
Assembly-CSharp	plt#935	0x22e210	type=3	Assembly-CSharp::DataUtility::PurchaseCoinsFromStoreKit
Assembly-CSharp	plt#936	0x22e220	type=3	Assembly-CSharp::DataUtility::BuyItem
Assembly-CSharp	plt#937	0x22e230	type=3	Assembly-CSharp::SoundLibrary::PlayRandomWhoosh
Assembly-CSharp	plt#938	0x22e240	type=3	Assembly-CSharp::DebugMoreCoinsPublisher::ReBuyHelper
Assembly-CSharp	plt#939	0x22e250	type=3	Assembly-CSharp::DebugMoreCoinsPublisher::GetInstance
Assembly-CSharp	plt#940	0x22e260	type=3	special image 255 (wrapper/generic, not yet decoded)
Assembly-CSharp	plt#941	0x22e270	type=3	special image 255 (wrapper/generic, not yet decoded)
Assembly-CSharp	plt#942	0x22e280	type=3	special image 255 (wrapper/generic, not yet decoded)
Assembly-CSharp	plt#943	0x22e290	type=3	Assembly-CSharp-firstpass::UghText::set_Text
Assembly-CSharp	plt#944	0x22e2a0	type=3	Assembly-CSharp::ScreenFader::LoadLevel
Assembly-CSharp	plt#945	0x22e2b0	type=3	special image 255 (wrapper/generic, not yet decoded)
Assembly-CSharp	plt#946	0x22e2c0	type=3	special image 255 (wrapper/generic, not yet decoded)
Assembly-CSharp	plt#947	0x22e2d0	type=3	Assembly-CSharp-firstpass::TransformsDictionary::get_Item
Assembly-CSharp	plt#948	0x22e2e0	type=3	Assembly-CSharp::AchievementManager::get_AllAchievements
Assembly-CSharp	plt#949	0x22e2f0	type=3	Assembly-CSharp::FrontEndLogic::RequestMenuChange
Assembly-CSharp	plt#950	0x22e300	type=3	Assembly-CSharp::AchievementPanelPublisher::Refresh
Assembly-CSharp	plt#951	0x22e310	type=3	Assembly-CSharp::AchievementUI::AnimatePanelOutCoroutine
Assembly-CSharp	plt#952	0x22e320	type=3	Assembly-CSharp::AchievementUI::AnimatePanelInCoroutine
Assembly-CSharp	plt#953	0x22e330	type=3	Assembly-CSharp::AchievementUI::BuildFilteredList
Assembly-CSharp	plt#954	0x22e340	type=3	Assembly-CSharp::AchievementUI::SetPage
Assembly-CSharp	plt#955	0x22e350	type=3	Assembly-CSharp-firstpass::UghPublisher::Awake
Assembly-CSharp	plt#956	0x22e360	type=3	Assembly-CSharp::AgeGatePopup::ExecuteOperator
Assembly-CSharp	plt#957	0x22e370	type=3	special image 255 (wrapper/generic, not yet decoded)
Assembly-CSharp	plt#958	0x22e380	type=3	Assembly-CSharp::AgeGatePopup::GetOperatorSymbol
Assembly-CSharp	plt#959	0x22e390	type=3	mscorlib::System.String::ToCharArray
Assembly-CSharp	plt#960	0x22e3a0	type=3	mscorlib::System.String::.ctor
Assembly-CSharp	plt#961	0x22e3b0	type=3	Assembly-CSharp::AgeGatePopup::SetupProblem
Assembly-CSharp	plt#962	0x22e3c0	type=3	special image 255 (wrapper/generic, not yet decoded)
Assembly-CSharp	plt#963	0x22e3d0	type=3	Assembly-CSharp::AgeGatePopup::SetupButton
Assembly-CSharp	plt#964	0x22e3e0	type=3	mscorlib::System.String::Substring
Assembly-CSharp	plt#965	0x22e3f0	type=3	Assembly-CSharp::AgeGatePopup::TestAnswer
Assembly-CSharp	plt#966	0x22e400	type=3	special image 255 (wrapper/generic, not yet decoded)
Assembly-CSharp	plt#967	0x22e410	type=3	Assembly-CSharp::PaintSlotPublisher::SetPaint
Assembly-CSharp	plt#968	0x22e420	type=3	special image 255 (wrapper/generic, not yet decoded)
Assembly-CSharp	plt#969	0x22e430	type=3	Assembly-CSharp::PreviewCart::SetSlotTransparent
Assembly-CSharp	plt#970	0x22e440	type=3	Assembly-CSharp::PreviewCart::GenerateCartPreview
Assembly-CSharp	plt#971	0x22e450	type=3	Assembly-CSharp::CartCustomizerPublisher::SetCameraToSlot
Assembly-CSharp	plt#972	0x22e460	type=3	Assembly-CSharp::CartCustomizerPublisher::RefreshFormToggles
Assembly-CSharp	plt#973	0x22e470	type=3	special image 255 (wrapper/generic, not yet decoded)
Assembly-CSharp	plt#974	0x22e480	type=3	Assembly-CSharp::CartCustomizerPublisher::RefreshDisplay
Assembly-CSharp	plt#975	0x22e490	type=3	Assembly-CSharp::CartCustomizerPublisher::PopulatePaintMenu
Assembly-CSharp	plt#976	0x22e4a0	type=3	Assembly-CSharp::PreviewCart::get_IsLoading
Assembly-CSharp	plt#977	0x22e4b0	type=3	Assembly-CSharp::CartCustomizerPublisher::PressedClosePaint
Assembly-CSharp	plt#978	0x22e4c0	type=3	Assembly-CSharp::CartCustomizerPublisher::RefreshToggles
Assembly-CSharp	plt#979	0x22e4d0	type=3	special image 255 (wrapper/generic, not yet decoded)
Assembly-CSharp	plt#980	0x22e4e0	type=3	special image 255 (wrapper/generic, not yet decoded)
Assembly-CSharp	plt#981	0x22e4f0	type=3	Assembly-CSharp-firstpass::UghSprite::UpdateMesh
Assembly-CSharp	plt#982	0x22e500	type=3	Assembly-CSharp::CartAttributes::op_Addition
Assembly-CSharp	plt#983	0x22e510	type=3	Assembly-CSharp::CartAttributes::op_Subtraction
Assembly-CSharp	plt#984	0x22e520	type=3	Assembly-CSharp::CartCustomizerPublisher::SetStatBar
Assembly-CSharp	plt#985	0x22e530	type=3	Assembly-CSharp-firstpass::Localize::Get
Assembly-CSharp	plt#986	0x22e540	type=3	special image 255 (wrapper/generic, not yet decoded)
Assembly-CSharp	plt#987	0x22e550	type=3	Assembly-CSharp-firstpass::UghToggle::set_HighlightState
Assembly-CSharp	plt#988	0x22e560	type=3	Assembly-CSharp::CartCustomizerPublisher::SlideBodyFormBox
Assembly-CSharp	plt#989	0x22e570	type=3	special image 255 (wrapper/generic, not yet decoded)
Assembly-CSharp	plt#990	0x22e580	type=3	UnityEngine::UnityEngine.Renderer::get_bounds
Assembly-CSharp	plt#991	0x22e590	type=3	Assembly-CSharp::CartCustomizerPublisher::RefreshNavBlips
Assembly-CSharp	plt#992	0x22e5a0	type=3	Assembly-CSharp::CartCustomizerPublisher::RefreshStatBars
Assembly-CSharp	plt#993	0x22e5b0	type=3	mscorlib::System.Single::ToString
Assembly-CSharp	plt#994	0x22e5c0	type=3	Assembly-CSharp-firstpass::Vector3x::Coserp
Assembly-CSharp	plt#995	0x22e5d0	type=3	Assembly-CSharp-firstpass::Vector3x::Sinerp
Assembly-CSharp	plt#996	0x22e5e0	type=3	Assembly-CSharp::CartCustomizerPublisher::SwitchSlot
Assembly-CSharp	plt#997	0x22e5f0	type=3	special image 255 (wrapper/generic, not yet decoded)
Assembly-CSharp	plt#998	0x22e600	type=3	Assembly-CSharp::CartCustomizerPublisher::PressedPaint
Assembly-CSharp	plt#999	0x22e610	type=3	Assembly-CSharp::CartCustomizerPublisher::EquipPart
Assembly-CSharp	plt#1000	0x22e620	type=3	Assembly-CSharp::CartCustomizerPublisher::BuyPart
Assembly-CSharp	plt#1001	0x22e630	type=3	special image 255 (wrapper/generic, not yet decoded)
Assembly-CSharp	plt#1002	0x22e640	type=3	Assembly-CSharp::CartCustomizerPublisher::CloseLockedMenu
Assembly-CSharp	plt#1003	0x22e650	type=3	Assembly-CSharp::PreviewCart::ClearnTransparencies
Assembly-CSharp	plt#1004	0x22e660	type=3	Assembly-CSharp::DataUtility::get_Exists
Assembly-CSharp	plt#1005	0x22e670	type=3	Assembly-CSharp::CartCustomizerPublisher::PressedBodySlot
Assembly-CSharp	plt#1006	0x22e680	type=3	Assembly-CSharp::CartCustomizerPublisher::PressedScoopSlot
Assembly-CSharp	plt#1007	0x22e690	type=3	Assembly-CSharp::CartCustomizerPublisher::PressedSpoilerSlot
Assembly-CSharp	plt#1008	0x22e6a0	type=3	Assembly-CSharp::CartCustomizerPublisher::PressedThrusterSlot
Assembly-CSharp	plt#1009	0x22e6b0	type=3	Assembly-CSharp::CartCustomizerPublisher::PressedWheelsSlot
Assembly-CSharp	plt#1010	0x22e6c0	type=3	Assembly-CSharp::CartCustomizerPublisher::PressedBikeForm
Assembly-CSharp	plt#1011	0x22e6d0	type=3	Assembly-CSharp::CartCustomizerPublisher::PressedTrikeForm
Assembly-CSharp	plt#1012	0x22e6e0	type=3	Assembly-CSharp::CartCustomizerPublisher::PressedTruckForm
Assembly-CSharp	plt#1013	0x22e6f0	type=3	UnityEngine::UnityEngine.Animation::Play
Assembly-CSharp	plt#1014	0x22e700	type=3	UnityEngine::UnityEngine.Animation::set_wrapMode
Assembly-CSharp	plt#1015	0x22e710	type=3	UnityEngine::UnityEngine.Transform::GetChild
Assembly-CSharp	plt#1016	0x22e720	type=3	Assembly-CSharp::CharacterPreview::Blackout
Assembly-CSharp	plt#1017	0x22e730	type=3	UnityEngine::UnityEngine.Animation::CrossFadeQueued
Assembly-CSharp	plt#1018	0x22e740	type=3	Assembly-CSharp::CharacterPreview::PlayRandomIdleAnimation
Assembly-CSharp	plt#1019	0x22e750	type=3	UnityEngine::UnityEngine.Animation::CrossFade
Assembly-CSharp	plt#1020	0x22e760	type=3	Assembly-CSharp::StreamManager::get_isAvailable
Assembly-CSharp	plt#1021	0x22e770	type=3	mscorlib::System.GC::Collect
Assembly-CSharp	plt#1022	0x22e780	type=3	Assembly-CSharp::CharacterPreview::SetCharacter
Assembly-CSharp	plt#1023	0x22e790	type=3	special image 255 (wrapper/generic, not yet decoded)
Assembly-CSharp	plt#1024	0x22e7a0	type=3	UnityEngine::UnityEngine.Renderer::set_material
Assembly-CSharp	plt#1025	0x22e7b0	type=3	Assembly-CSharp::CharacterSelectPublisher::LoadInLocalizedAssets
Assembly-CSharp	plt#1026	0x22e7c0	type=3	Assembly-CSharp::ShiftUIPublisher::UpdateCharacterIcon
Assembly-CSharp	plt#1027	0x22e7d0	type=3	Assembly-CSharp::CharacterSelectPublisher::RefreshDisplay
Assembly-CSharp	plt#1028	0x22e7e0	type=3	Assembly-CSharp::CharacterSelectPublisher::UpdateLogo
Assembly-CSharp	plt#1029	0x22e7f0	type=3	Assembly-CSharp::CharacterConfigData::GetCharacterMessage
Assembly-CSharp	plt#1030	0x22e800	type=3	special image 255 (wrapper/generic, not yet decoded)
Assembly-CSharp	plt#1031	0x22e810	type=3	Assembly-CSharp::CharacterSelectPublisher::SetCharacter
Assembly-CSharp	plt#1032	0x22e820	type=3	Assembly-CSharp::CharacterPreview::Unhide
Assembly-CSharp	plt#1033	0x22e830	type=3	Assembly-CSharp::CharacterPreview::Hide
Assembly-CSharp	plt#1034	0x22e840	type=3	Assembly-CSharp::PreviewCart::get_IsUpdating
Assembly-CSharp	plt#1035	0x22e850	type=3	special image 255 (wrapper/generic, not yet decoded)
Assembly-CSharp	plt#1036	0x22e860	type=3	UnityEngine::UnityEngine.Material::set_mainTexture
Assembly-CSharp	plt#1037	0x22e870	type=3	special image 255 (wrapper/generic, not yet decoded)
Assembly-CSharp	plt#1038	0x22e880	type=3	UnityEngine::UnityEngine.Screen::set_orientation
Assembly-CSharp	plt#1039	0x22e890	type=3	Assembly-CSharp-firstpass::GravCloudPrefs::Load
Assembly-CSharp	plt#1040	0x22e8a0	type=3	UnityEngine::UnityEngine.Application::OpenURL
Assembly-CSharp	plt#1041	0x22e8b0	type=3	special image 255 (wrapper/generic, not yet decoded)
Assembly-CSharp	plt#1042	0x22e8c0	type=3	Assembly-CSharp::PopoverPublisher::SetText
Assembly-CSharp	plt#1043	0x22e8d0	type=3	special image 255 (wrapper/generic, not yet decoded)
Assembly-CSharp	plt#1044	0x22e8e0	type=3	Assembly-CSharp::DifficultyMenuPublisher::ShowPopover
Assembly-CSharp	plt#1045	0x22e8f0	type=3	Assembly-CSharp::FrontEndLogic::PlayRandomWhoosh
Assembly-CSharp	plt#1046	0x22e900	type=3	special image 255 (wrapper/generic, not yet decoded)
Assembly-CSharp	plt#1047	0x22e910	type=3	UnityEngine::UnityEngine.Color::get_gray
Assembly-CSharp	plt#1048	0x22e920	type=3	Assembly-CSharp::FrontEndLogic::GetInstance
Assembly-CSharp	plt#1049	0x22e930	type=3	Assembly-CSharp::FrontEndLogic::CheckMenuTransitionOK
Assembly-CSharp	plt#1050	0x22e940	type=3	mscorlib::System.DateTime::get_Today
Assembly-CSharp	plt#1051	0x22e950	type=3	mscorlib::System.DateTime::ToUniversalTime
Assembly-CSharp	plt#1052	0x22e960	type=3	mscorlib::System.DateTime::FromBinary
Assembly-CSharp	plt#1053	0x22e970	type=3	mscorlib::System.DateTime::AddDays
Assembly-CSharp	plt#1054	0x22e980	type=3	mscorlib::System.DateTime::op_GreaterThan
Assembly-CSharp	plt#1055	0x22e990	type=3	Assembly-CSharp::FrontEndLogic::GiveDailyBonus
Assembly-CSharp	plt#1056	0x22e9a0	type=3	mscorlib::System.DateTime::ToBinary
Assembly-CSharp	plt#1057	0x22e9b0	type=3	UnityEngine::UnityEngine.NotificationServices::CancelAllLocalNotifications
Assembly-CSharp	plt#1058	0x22e9c0	type=3	UnityEngine::UnityEngine.LocalNotification::.ctor
Assembly-CSharp	plt#1059	0x22e9d0	type=3	UnityEngine::UnityEngine.LocalNotification::set_alertBody
Assembly-CSharp	plt#1060	0x22e9e0	type=3	mscorlib::System.TimeSpan::FromDays
Assembly-CSharp	plt#1061	0x22e9f0	type=3	mscorlib::System.DateTime::Add
Assembly-CSharp	plt#1062	0x22ea00	type=3	UnityEngine::UnityEngine.LocalNotification::set_fireDate
Assembly-CSharp	plt#1063	0x22ea10	type=3	UnityEngine::UnityEngine.NotificationServices::ScheduleLocalNotification
Assembly-CSharp	plt#1064	0x22ea20	type=3	special image 255 (wrapper/generic, not yet decoded)
Assembly-CSharp	plt#1065	0x22ea30	type=3	Assembly-CSharp::ScreenTimeoutController::AllowSleep
Assembly-CSharp	plt#1066	0x22ea40	type=3	Assembly-CSharp::FrontEndLogic::CheckForDailyBonus
Assembly-CSharp	plt#1067	0x22ea50	type=3	Assembly-CSharp::MusicPlayer::PlayMusic
Assembly-CSharp	plt#1068	0x22ea60	type=3	Assembly-CSharp::ShiftUIPublisher::PressedCartCustomizer
Assembly-CSharp	plt#1069	0x22ea70	type=3	Assembly-CSharp::ShiftUIPublisher::Show
Assembly-CSharp	plt#1070	0x22ea80	type=3	Assembly-CSharp::ShiftUIPublisher::PressedPlayButton
Assembly-CSharp	plt#1071	0x22ea90	type=3	Assembly-CSharp::PlayerInstance::Bootstrap
Assembly-CSharp	plt#1072	0x22eaa0	type=3	Assembly-CSharp::StreamManager::Cleanup
Assembly-CSharp	plt#1073	0x22eab0	type=3	Assembly-CSharp::AchievementManager::InitFrontEndAchievements
Assembly-CSharp	plt#1074	0x22eac0	type=3	Assembly-CSharp-firstpass::BurstlyBinding::Init
Assembly-CSharp	plt#1075	0x22ead0	type=3	Assembly-CSharp::FadeHelper::get_Instance
Assembly-CSharp	plt#1076	0x22eae0	type=3	Assembly-CSharp::FadeHelper::SetOpacityRecursively
Assembly-CSharp	plt#1077	0x22eaf0	type=3	Assembly-CSharp::FadeHelper::FadeRecursively
Assembly-CSharp	plt#1078	0x22eb00	type=3	special image 255 (wrapper/generic, not yet decoded)
Assembly-CSharp	plt#1079	0x22eb10	type=3	special image 255 (wrapper/generic, not yet decoded)
Assembly-CSharp	plt#1080	0x22eb20	type=3	special image 255 (wrapper/generic, not yet decoded)
Assembly-CSharp	plt#1081	0x22eb30	type=3	Assembly-CSharp::FrontEndTutorialPublisher::SetText
Assembly-CSharp	plt#1082	0x22eb40	type=3	Assembly-CSharp::FrontEndTutorialHandler::TriggerNext
Assembly-CSharp	plt#1083	0x22eb50	type=3	special image 252 (wrapper/generic, not yet decoded)
Assembly-CSharp	plt#1084	0x22eb60	type=3	special image 252 (wrapper/generic, not yet decoded)
Assembly-CSharp	plt#1085	0x22eb70	type=3	Assembly-CSharp::FrontEndTutorialPublisher::OnPressedDismiss
Assembly-CSharp	plt#1086	0x22eb80	type=3	special image 255 (wrapper/generic, not yet decoded)
Assembly-CSharp	plt#1087	0x22eb90	type=3	UnityEngine::UnityEngine.TextMesh::get_characterSize
Assembly-CSharp	plt#1088	0x22eba0	type=3	special image 255 (wrapper/generic, not yet decoded)
Assembly-CSharp	plt#1089	0x22ebb0	type=3	UnityEngine::UnityEngine.TextMesh::set_characterSize
Assembly-CSharp	plt#1090	0x22ebc0	type=3	Assembly-CSharp-firstpass::UghCamera::get_Instance
Assembly-CSharp	plt#1091	0x22ebd0	type=3	Assembly-CSharp-firstpass::UghCamera::get_CameraPixelSize
Assembly-CSharp	plt#1092	0x22ebe0	type=3	UnityEngine::UnityEngine.Bounds::get_max
Assembly-CSharp	plt#1093	0x22ebf0	type=3	UnityEngine::UnityEngine.Camera::WorldToScreenPoint
Assembly-CSharp	plt#1094	0x22ec00	type=3	UnityEngine::UnityEngine.Camera::ScreenToWorldPoint
Assembly-CSharp	plt#1095	0x22ec10	type=3	special image 255 (wrapper/generic, not yet decoded)
Assembly-CSharp	plt#1096	0x22ec20	type=3	Assembly-CSharp::DebugMoreCoinsPublisher::AddButtonsToLegalControls
Assembly-CSharp	plt#1097	0x22ec30	type=3	UnityEngine::UnityEngine.MonoBehaviour::StartCoroutine
Assembly-CSharp	plt#1098	0x22ec40	type=3	special image 255 (wrapper/generic, not yet decoded)
Assembly-CSharp	plt#1099	0x22ec50	type=3	Assembly-CSharp::FrontEndTutorialPublisher::UnregisterControlListeners
Assembly-CSharp	plt#1100	0x22ec60	type=3	UnityEngine::UnityEngine.MonoBehaviour::StopCoroutine
Assembly-CSharp	plt#1101	0x22ec70	type=3	Assembly-CSharp::FrontEndTutorialPublisher::Resize
Assembly-CSharp	plt#1102	0x22ec80	type=3	Assembly-CSharp::RaceSettings::StartBundleLoads
Assembly-CSharp	plt#1103	0x22ec90	type=3	Assembly-CSharp::AssetCluster::get_isDone
Assembly-CSharp	plt#1104	0x22eca0	type=3	UnityEngine::UnityEngine.Application::get_systemLanguage
Assembly-CSharp	plt#1105	0x22ecb0	type=3	UnityEngine::UnityEngine.Resources::Load
Assembly-CSharp	plt#1106	0x22ecc0	type=3	Assembly-CSharp::CartCustomizerPublisher::SetViewingPaintIndex
Assembly-CSharp	plt#1107	0x22ecd0	type=3	Assembly-CSharp::CartCustomizerPublisher::OpenBuyPaint
Assembly-CSharp	plt#1108	0x22ece0	type=3	Assembly-CSharp::CartCustomizerPublisher::OpenPaintIsLocked
Assembly-CSharp	plt#1109	0x22ecf0	type=3	UnityEngine::UnityEngine.Material::.ctor
Assembly-CSharp	plt#1110	0x22ed00	type=3	UnityEngine::UnityEngine.Texture2D::.ctor
Assembly-CSharp	plt#1111	0x22ed10	type=3	Assembly-CSharp::PlayMenuPublisher::PressedPlayButton
Assembly-CSharp	plt#1112	0x22ed20	type=3	special image 255 (wrapper/generic, not yet decoded)
Assembly-CSharp	plt#1113	0x22ed30	type=3	Assembly-CSharp::ShiftUIPublisher::Hide
Assembly-CSharp	plt#1114	0x22ed40	type=3	Assembly-CSharp::PlayMenuPublisher::StartTutorial
Assembly-CSharp	plt#1115	0x22ed50	type=3	Assembly-CSharp::FrontEndLogic::HideMenu
Assembly-CSharp	plt#1116	0x22ed60	type=3	special image 255 (wrapper/generic, not yet decoded)
Assembly-CSharp	plt#1117	0x22ed70	type=3	Assembly-CSharp::PlaySummaryPublisher::UpdateTrackIcon
Assembly-CSharp	plt#1118	0x22ed80	type=3	Assembly-CSharp::PlaySummaryPublisher::Refresh
Assembly-CSharp	plt#1119	0x22ed90	type=3	special image 255 (wrapper/generic, not yet decoded)
Assembly-CSharp	plt#1120	0x22eda0	type=3	Assembly-CSharp::PreviewCart::StartDriveout
Assembly-CSharp	plt#1121	0x22edb0	type=3	Assembly-CSharp::PlaySummaryPublisher::TestForUltraHard
Assembly-CSharp	plt#1122	0x22edc0	type=3	Assembly-CSharp-firstpass::UghPublisher::GetSprite
Assembly-CSharp	plt#1123	0x22edd0	type=3	special image 255 (wrapper/generic, not yet decoded)
Assembly-CSharp	plt#1124	0x22ede0	type=3	special image 255 (wrapper/generic, not yet decoded)
Assembly-CSharp	plt#1125	0x22edf0	type=3	special image 255 (wrapper/generic, not yet decoded)
Assembly-CSharp	plt#1126	0x22ee00	type=3	Assembly-CSharp::PreviewCart::SetPartVisibility
Assembly-CSharp	plt#1127	0x22ee10	type=3	special image 255 (wrapper/generic, not yet decoded)
Assembly-CSharp	plt#1128	0x22ee20	type=3	UnityEngine::UnityEngine.Material::get_mainTexture
Assembly-CSharp	plt#1129	0x22ee30	type=3	special image 255 (wrapper/generic, not yet decoded)
Assembly-CSharp	plt#1130	0x22ee40	type=3	special image 255 (wrapper/generic, not yet decoded)
Assembly-CSharp	plt#1131	0x22ee50	type=3	special image 255 (wrapper/generic, not yet decoded)
Assembly-CSharp	plt#1132	0x22ee60	type=3	special image 255 (wrapper/generic, not yet decoded)
Assembly-CSharp	plt#1133	0x22ee70	type=3	Assembly-CSharp::PreviewCart::RemovePart
Assembly-CSharp	plt#1134	0x22ee80	type=3	special image 255 (wrapper/generic, not yet decoded)
Assembly-CSharp	plt#1135	0x22ee90	type=3	special image 255 (wrapper/generic, not yet decoded)
Assembly-CSharp	plt#1136	0x22eea0	type=3	special image 255 (wrapper/generic, not yet decoded)
Assembly-CSharp	plt#1137	0x22eeb0	type=3	Assembly-CSharp::PreviewCart::RemovePaint
Assembly-CSharp	plt#1138	0x22eec0	type=3	special image 255 (wrapper/generic, not yet decoded)
Assembly-CSharp	plt#1139	0x22eed0	type=3	special image 255 (wrapper/generic, not yet decoded)
Assembly-CSharp	plt#1140	0x22eee0	type=3	Assembly-CSharp::PreviewCart::AddPart
Assembly-CSharp	plt#1141	0x22eef0	type=3	Assembly-CSharp::PreviewCart::AddPaint
Assembly-CSharp	plt#1142	0x22ef00	type=3	special image 255 (wrapper/generic, not yet decoded)
Assembly-CSharp	plt#1143	0x22ef10	type=3	special image 255 (wrapper/generic, not yet decoded)
Assembly-CSharp	plt#1144	0x22ef20	type=3	special image 255 (wrapper/generic, not yet decoded)
Assembly-CSharp	plt#1145	0x22ef30	type=3	special image 255 (wrapper/generic, not yet decoded)
Assembly-CSharp	plt#1146	0x22ef40	type=3	UnityEngine::UnityEngine.Rect::.ctor
Assembly-CSharp	plt#1147	0x22ef50	type=3	UnityEngine::UnityEngine.Screen::get_height
Assembly-CSharp	plt#1148	0x22ef60	type=3	Assembly-CSharp-firstpass::BurstlyBinding::ShowBanner
Assembly-CSharp	plt#1149	0x22ef70	type=3	Assembly-CSharp-firstpass::BurstlyBinding::HideBanner
Assembly-CSharp	plt#1150	0x22ef80	type=3	special image 255 (wrapper/generic, not yet decoded)
Assembly-CSharp	plt#1151	0x22ef90	type=3	Assembly-CSharp::TrackUnlockHelper::GetCircuitTracks
Assembly-CSharp	plt#1152	0x22efa0	type=3	special image 255 (wrapper/generic, not yet decoded)
Assembly-CSharp	plt#1153	0x22efb0	type=3	special image 255 (wrapper/generic, not yet decoded)
Assembly-CSharp	plt#1154	0x22efc0	type=3	Assembly-CSharp::SelectCircuitPublisher::ShowPopupDialog
Assembly-CSharp	plt#1155	0x22efd0	type=3	special image 255 (wrapper/generic, not yet decoded)
Assembly-CSharp	plt#1156	0x22efe0	type=3	Assembly-CSharp::GenericPopupPublisher::SetText
Assembly-CSharp	plt#1157	0x22eff0	type=3	Assembly-CSharp-firstpass::UghToggle::set_State
Assembly-CSharp	plt#1158	0x22f000	type=3	special image 255 (wrapper/generic, not yet decoded)
Assembly-CSharp	plt#1159	0x22f010	type=3	Assembly-CSharp-firstpass::GameCenterBinding::isPlayerAuthenticated
Assembly-CSharp	plt#1160	0x22f020	type=3	Assembly-CSharp-firstpass::GameCenterBinding::showAchievements
Assembly-CSharp	plt#1161	0x22f030	type=3	Assembly-CSharp::SettingsMenuPublisher::UnlockAll
Assembly-CSharp	plt#1162	0x22f040	type=3	UnityEngine::UnityEngine.Transform::set_localRotation
Assembly-CSharp	plt#1163	0x22f050	type=3	special image 255 (wrapper/generic, not yet decoded)
Assembly-CSharp	plt#1164	0x22f060	type=3	Assembly-CSharp::ShiftUIPublisher::PlayRandomShiftSound
Assembly-CSharp	plt#1165	0x22f070	type=3	UnityEngine::UnityEngine.Transform::get_localRotation
Assembly-CSharp	plt#1166	0x22f080	type=3	special image 255 (wrapper/generic, not yet decoded)
Assembly-CSharp	plt#1167	0x22f090	type=3	Assembly-CSharp::ShiftUIPublisher::SetStickPosition
Assembly-CSharp	plt#1168	0x22f0a0	type=3	special image 255 (wrapper/generic, not yet decoded)
Assembly-CSharp	plt#1169	0x22f0b0	type=3	Assembly-CSharp::ShifterPosition::Lerp
Assembly-CSharp	plt#1170	0x22f0c0	type=3	Assembly-CSharp::ShiftUIPublisher::SwitchSlot
Assembly-CSharp	plt#1171	0x22f0d0	type=3	Assembly-CSharp::ShiftUIPublisher::ShiftSurfaceCoroutine
Assembly-CSharp	plt#1172	0x22f0e0	type=3	special image 255 (wrapper/generic, not yet decoded)
Assembly-CSharp	plt#1173	0x22f0f0	type=3	special image 255 (wrapper/generic, not yet decoded)
Assembly-CSharp	plt#1174	0x22f100	type=3	UnityEngine::UnityEngine.Mathf::Lerp
Assembly-CSharp	plt#1175	0x22f110	type=3	Assembly-CSharp::TrackSelectPublisher::UpdateTrackSnapshots
Assembly-CSharp	plt#1176	0x22f120	type=3	Assembly-CSharp::TrackSelectPublisher::Refresh
Assembly-CSharp	plt#1177	0x22f130	type=3	Assembly-CSharp::TrackSelectPublisher::DetermineTrophies
Assembly-CSharp	plt#1178	0x22f140	type=3	Assembly-CSharp::TrackSelectPublisher::RaceOrSummary
Assembly-CSharp	plt#1179	0x22f150	type=3	Assembly-CSharp::UnlockedCircuitPublisher::ShowCircuitBanner
Assembly-CSharp	plt#1180	0x22f160	type=3	special image 255 (wrapper/generic, not yet decoded)
Assembly-CSharp	plt#1181	0x22f170	type=3	special image 255 (wrapper/generic, not yet decoded)
Assembly-CSharp	plt#1182	0x22f180	type=3	Assembly-CSharp-firstpass::Rangef::Clamp
Assembly-CSharp	plt#1183	0x22f190	type=3	UnityEngine::UnityEngine.Input::get_mousePosition
Assembly-CSharp	plt#1184	0x22f1a0	type=3	UnityEngine::UnityEngine.Input::get_touches
Assembly-CSharp	plt#1185	0x22f1b0	type=3	UnityEngine::UnityEngine.Vector2::op_Implicit
Assembly-CSharp	plt#1186	0x22f1c0	type=3	UnityEngine::UnityEngine.Camera::ScreenPointToRay
Assembly-CSharp	plt#1187	0x22f1d0	type=3	UnityEngine::UnityEngine.Collider::Raycast
Assembly-CSharp	plt#1188	0x22f1e0	type=3	special image 255 (wrapper/generic, not yet decoded)
Assembly-CSharp	plt#1189	0x22f1f0	type=3	special image 255 (wrapper/generic, not yet decoded)
Assembly-CSharp	plt#1190	0x22f200	type=3	special image 255 (wrapper/generic, not yet decoded)
Assembly-CSharp	plt#1191	0x22f210	type=3	UnityEngine::UnityEngine.Bounds::get_min
Assembly-CSharp	plt#1192	0x22f220	type=3	special image 255 (wrapper/generic, not yet decoded)
Assembly-CSharp	plt#1193	0x22f230	type=3	Assembly-CSharp::DriftButton::ApplyDrift
Assembly-CSharp	plt#1194	0x22f240	type=3	special image 252 (wrapper/generic, not yet decoded)
Assembly-CSharp	plt#1195	0x22f250	type=3	Assembly-CSharp::RaceManager::PauseRace
Assembly-CSharp	plt#1196	0x22f260	type=3	special image 255 (wrapper/generic, not yet decoded)
Assembly-CSharp	plt#1197	0x22f270	type=3	Assembly-CSharp::PausePublisher::SetupMissionText
Assembly-CSharp	plt#1198	0x22f280	type=3	special image 252 (wrapper/generic, not yet decoded)
Assembly-CSharp	plt#1199	0x22f290	type=3	Assembly-CSharp::BlipTrackPublisher::InitBlips
Assembly-CSharp	plt#1200	0x22f2a0	type=3	Assembly-CSharp::BlipTrackPublisher::InitValues
Assembly-CSharp	plt#1201	0x22f2b0	type=3	special image 255 (wrapper/generic, not yet decoded)
Assembly-CSharp	plt#1202	0x22f2c0	type=3	Assembly-CSharp::BlipTrackPublisher::UpdateBlips
Assembly-CSharp	plt#1203	0x22f2d0	type=3	Assembly-CSharp::HUDLogic::DisplayNotificationCoroutine
Assembly-CSharp	plt#1204	0x22f2e0	type=3	special image 255 (wrapper/generic, not yet decoded)
Assembly-CSharp	plt#1205	0x22f2f0	type=3	special image 255 (wrapper/generic, not yet decoded)
Assembly-CSharp	plt#1206	0x22f300	type=3	Assembly-CSharp::MineNotifyPublisher::SetDisplayName
Assembly-CSharp	plt#1207	0x22f310	type=3	Assembly-CSharp::HUDLogic::AchievementSlideNotificationCoroutine
Assembly-CSharp	plt#1208	0x22f320	type=3	Assembly-CSharp::ReverseButton::ApplyReverse
Assembly-CSharp	plt#1209	0x22f330	type=3	Assembly-CSharp-firstpass::UghButton::.ctor
Assembly-CSharp	plt#1210	0x22f340	type=3	Assembly-CSharp::RaceManager::CleanupRace
Assembly-CSharp	plt#1211	0x22f350	type=3	UnityEngine::UnityEngine.Mathf::Min
Assembly-CSharp	plt#1212	0x22f360	type=3	Assembly-CSharp::ScreenTimeoutController::SupressSleep
Assembly-CSharp	plt#1213	0x22f370	type=3	mscorlib::System.Text.StringBuilder::Append
Assembly-CSharp	plt#1214	0x22f380	type=3	special image 255 (wrapper/generic, not yet decoded)
Assembly-CSharp	plt#1215	0x22f390	type=3	Assembly-CSharp-firstpass::UghSprite::set_Prototype
Assembly-CSharp	plt#1216	0x22f3a0	type=3	Assembly-CSharp::RaceResultsPublisher::FillRank
Assembly-CSharp	plt#1217	0x22f3b0	type=3	Assembly-CSharp::RaceResultsPublisher::AnimateScreenCoroutine
Assembly-CSharp	plt#1218	0x22f3c0	type=3	special image 255 (wrapper/generic, not yet decoded)
Assembly-CSharp	plt#1219	0x22f3d0	type=3	Assembly-CSharp::RewindDialogPublisher::FinalizedRewind
Assembly-CSharp	plt#1220	0x22f3e0	type=3	Assembly-CSharp::RewindDialogPublisher::NeedMoreCoins
Assembly-CSharp	plt#1221	0x22f3f0	type=3	Assembly-CSharp::RaceResultsPublisher::NeedMoreCoins
Assembly-CSharp	plt#1222	0x22f400	type=3	Assembly-CSharp::ScreenFader::FadeIn
Assembly-CSharp	plt#1223	0x22f410	type=3	UnityEngine::UnityEngine.Application::LoadLevel
Assembly-CSharp	plt#1224	0x22f420	type=3	UnityEngine::UnityEngine.Mathf::MoveTowards
Assembly-CSharp	plt#1225	0x22f430	type=3	UnityEngine::UnityEngine.Screen::set_sleepTimeout
Assembly-CSharp	plt#1226	0x22f440	type=3	Assembly-CSharp::CarAI::EvaluateStates
Assembly-CSharp	plt#1227	0x22f450	type=7	
Assembly-CSharp	plt#1228	0x22f460	type=3	UnityEngine::UnityEngine.Quaternion::op_Multiply
Assembly-CSharp	plt#1229	0x22f470	type=3	Assembly-CSharp::DataUtility::IsCurrentPaint
Assembly-CSharp	plt#1230	0x22f480	type=3	Assembly-CSharp::CartCustomizerPublisher::IsTemporaryInSlot
Assembly-CSharp	plt#1231	0x22f490	type=3	Assembly-CSharp::CharacterSelectPublisher::IsTemporary
Assembly-CSharp	plt#1232	0x22f4a0	type=3	Assembly-CSharp::UnlockAchievementListener::UnlockCheck
Assembly-CSharp	plt#1233	0x22f4b0	type=3	Assembly-CSharp::UseAPowerupAchievementListener::CheckCarMetrics
Assembly-CSharp	plt#1234	0x22f4c0	type=3	UnityEngine::UnityEngine.Material::get_mainTextureOffset
Assembly-CSharp	plt#1235	0x22f4d0	type=3	UnityEngine::UnityEngine.AnimationClip::get_wrapMode
Assembly-CSharp	plt#1236	0x22f4e0	type=3	UnityEngine::UnityEngine.AnimationClip::get_length
Assembly-CSharp	plt#1237	0x22f4f0	type=3	Assembly-CSharp::CarCollider::DoWrongWayCheck
Assembly-CSharp	plt#1238	0x22f500	type=3	Assembly-CSharp::CarCollider::CheckForCatchUp
Assembly-CSharp	plt#1239	0x22f510	type=3	special image 255 (wrapper/generic, not yet decoded)
Assembly-CSharp	plt#1240	0x22f520	type=3	Assembly-CSharp::CartPrimaryTextureProfile::get_profile
Assembly-CSharp	plt#1241	0x22f530	type=3	special image 255 (wrapper/generic, not yet decoded)
Assembly-CSharp	plt#1242	0x22f540	type=3	Assembly-CSharp::CompositeProfile::SetSlotSource
Assembly-CSharp	plt#1243	0x22f550	type=3	Assembly-CSharp::AsyncTextureProcessor::GenerateCompositeTextureAsync
Assembly-CSharp	plt#1244	0x22f560	type=3	special image 255 (wrapper/generic, not yet decoded)
Assembly-CSharp	plt#1245	0x22f570	type=3	special image 255 (wrapper/generic, not yet decoded)
Assembly-CSharp	plt#1246	0x22f580	type=3	special image 255 (wrapper/generic, not yet decoded)
Assembly-CSharp	plt#1247	0x22f590	type=3	Assembly-CSharp::DataUtility::PurchaseFailed
Assembly-CSharp	plt#1248	0x22f5a0	type=3	special image 255 (wrapper/generic, not yet decoded)
Assembly-CSharp	plt#1249	0x22f5b0	type=3	UnityEngine::UnityEngine.ParticleSystem::get_particleCount
Assembly-CSharp	plt#1250	0x22f5c0	type=3	UnityEngine::UnityEngine.Vector4::get_zero
Assembly-CSharp	plt#1251	0x22f5d0	type=3	UnityEngine::UnityEngine.Shader::SetGlobalVector
Assembly-CSharp	plt#1252	0x22f5e0	type=3	UnityEngine::UnityEngine.Time::get_realtimeSinceStartup
Assembly-CSharp	plt#1253	0x22f5f0	type=3	UnityEngine::UnityEngine.Vector4::op_Multiply
Assembly-CSharp	plt#1254	0x22f600	type=3	special image 255 (wrapper/generic, not yet decoded)
Assembly-CSharp	plt#1255	0x22f610	type=3	special image 255 (wrapper/generic, not yet decoded)
Assembly-CSharp	plt#1256	0x22f620	type=3	special image 255 (wrapper/generic, not yet decoded)
Assembly-CSharp	plt#1257	0x22f630	type=3	UnityEngine::UnityEngine.Color::Lerp
Assembly-CSharp	plt#1258	0x22f640	type=3	UnityEngine::UnityEngine.Mathf::Clamp01
Assembly-CSharp	plt#1259	0x22f650	type=3	UnityEngine::UnityEngine.Color::get_clear
Assembly-CSharp	plt#1260	0x22f660	type=3	UnityEngine::UnityEngine.Color::get_white
Assembly-CSharp	plt#1261	0x22f670	type=3	Assembly-CSharp-firstpass::Vector3x::Hermite
Assembly-CSharp	plt#1262	0x22f680	type=3	special image 255 (wrapper/generic, not yet decoded)
Assembly-CSharp	plt#1263	0x22f690	type=3	special image 255 (wrapper/generic, not yet decoded)
Assembly-CSharp	plt#1264	0x22f6a0	type=3	UnityEngine::UnityEngine.WWW::.ctor
Assembly-CSharp	plt#1265	0x22f6b0	type=3	UnityEngine::UnityEngine.WWW::get_error
Assembly-CSharp	plt#1266	0x22f6c0	type=3	UnityEngine::UnityEngine.WWW::get_assetBundle
Assembly-CSharp	plt#1267	0x22f6d0	type=3	UnityEngine::UnityEngine.WWW::Dispose
Assembly-CSharp	plt#1268	0x22f6e0	type=3	Assembly-CSharp::BarrelLauncher::LaunchBarrel
Assembly-CSharp	plt#1269	0x22f6f0	type=3	UnityEngine::UnityEngine.ParticleSystem::Emit
Assembly-CSharp	plt#1270	0x22f700	type=3	UnityEngine::UnityEngine.Component::get_animation
Assembly-CSharp	plt#1271	0x22f710	type=3	UnityEngine::UnityEngine.Animation::Play
Assembly-CSharp	plt#1272	0x22f720	type=3	UnityEngine::UnityEngine.Animation::get_isPlaying
Assembly-CSharp	plt#1273	0x22f730	type=3	UnityEngine::UnityEngine.WWW::get_texture
Assembly-CSharp	plt#1274	0x22f740	type=3	Assembly-CSharp-firstpass::BurstlyBinding::ShowInterstitial
Assembly-CSharp	plt#1275	0x22f750	type=3	Assembly-CSharp::ScreenFader::FadeOut
Assembly-CSharp	plt#1276	0x22f760	type=3	Assembly-CSharp::PreRaceCamera::StartCamera
Assembly-CSharp	plt#1277	0x22f770	type=3	Assembly-CSharp::HUDLogic::ShowPreraceCount
Assembly-CSharp	plt#1278	0x22f780	type=3	mscorlib::System.TimeSpan::FromSeconds
Assembly-CSharp	plt#1279	0x22f790	type=3	mscorlib::System.DateTime::op_Subtraction
Assembly-CSharp	plt#1280	0x22f7a0	type=3	Assembly-CSharp::EffectManager::RemoveAllEffects
Assembly-CSharp	plt#1281	0x22f7b0	type=3	Assembly-CSharp::MusicPlayer::HijackMusicPlayerForSoundStings
Assembly-CSharp	plt#1282	0x22f7c0	type=3	Assembly-CSharp::RaceManager::DoFinishLineEffect
Assembly-CSharp	plt#1283	0x22f7d0	type=3	Assembly-CSharp::RaceManager::EndRace
Assembly-CSharp	plt#1284	0x22f7e0	type=3	special image 255 (wrapper/generic, not yet decoded)
Assembly-CSharp	plt#1285	0x22f7f0	type=3	special image 255 (wrapper/generic, not yet decoded)
Assembly-CSharp	plt#1286	0x22f800	type=3	special image 255 (wrapper/generic, not yet decoded)
Assembly-CSharp	plt#1287	0x22f810	type=3	special image 255 (wrapper/generic, not yet decoded)
Assembly-CSharp	plt#1288	0x22f820	type=3	Assembly-CSharp::GimpedCarAI::SetToClosestPathHead
Assembly-CSharp	plt#1289	0x22f830	type=3	Assembly-CSharp::RaceManager::PlayRandomAnimation
Assembly-CSharp	plt#1290	0x22f840	type=3	Assembly-CSharp::RaceManager::RaceRewind
Assembly-CSharp	plt#1291	0x22f850	type=3	UnityEngine::UnityEngine.WWW::get_url
Assembly-CSharp	plt#1292	0x22f860	type=3	UnityEngine::UnityEngine.WWW::get_text
Assembly-CSharp	plt#1293	0x22f870	type=3	UnityEngine::UnityEngine.GameObject::BroadcastMessage
Assembly-CSharp	plt#1294	0x22f880	type=3	special image 255 (wrapper/generic, not yet decoded)
Assembly-CSharp	plt#1295	0x22f890	type=3	Assembly-CSharp-firstpass::UghAlign::Align
Assembly-CSharp	plt#1296	0x22f8a0	type=3	Assembly-CSharp::CartPartList::GetMostExpensiveUnlockableAffordablePart
Assembly-CSharp	plt#1297	0x22f8b0	type=3	Assembly-CSharp::CartCustomizerPublisher::SetToSpecificPart
Assembly-CSharp	plt#1298	0x22f8c0	type=3	Assembly-CSharp-firstpass::UghCamera::get_ScreenSize
Assembly-CSharp	plt#1299	0x22f8d0	type=3	special image 255 (wrapper/generic, not yet decoded)
Assembly-CSharp	plt#1300	0x22f8e0	type=3	Assembly-CSharp::FadeHelper::IsFading
Assembly-CSharp	plt#1301	0x22f8f0	type=3	special image 255 (wrapper/generic, not yet decoded)
Assembly-CSharp	plt#1302	0x22f900	type=3	Assembly-CSharp::FrontEndTutorialPublisher::RegisterControlListeners
Assembly-CSharp	plt#1303	0x22f910	type=3	Assembly-CSharp::AssetCluster::get_progress
Assembly-CSharp	plt#1304	0x22f920	type=3	UnityEngine::UnityEngine.Mathf::RoundToInt
Assembly-CSharp	plt#1305	0x22f930	type=3	UnityEngine::UnityEngine.Application::LoadLevelAsync
Assembly-CSharp	plt#1306	0x22f940	type=3	UnityEngine::UnityEngine.AsyncOperation::get_isDone
Assembly-CSharp	plt#1307	0x22f950	type=3	Assembly-CSharp::AchievementManager::ChooseActiveListeners
Assembly-CSharp	plt#1308	0x22f960	type=3	Assembly-CSharp::RaceSettings::Launch
Assembly-CSharp	plt#1309	0x22f970	type=3	Assembly-CSharp::StreamManager::FlushAll
Assembly-CSharp	plt#1310	0x22f980	type=3	mscorlib::System.GC::WaitForPendingFinalizers
Assembly-CSharp	plt#1311	0x22f990	type=3	Assembly-CSharp-firstpass::MoreGamesBinding::ShowWindow
Assembly-CSharp	plt#1312	0x22f9a0	type=3	Assembly-CSharp-firstpass::MoreGamesBinding::IsShowingWindow
Assembly-CSharp	plt#1313	0x22f9b0	type=3	UnityEngine::UnityEngine.Material::.ctor
Assembly-CSharp	plt#1314	0x22f9c0	type=3	special image 255 (wrapper/generic, not yet decoded)
Assembly-CSharp	plt#1315	0x22f9d0	type=3	special image 255 (wrapper/generic, not yet decoded)
Assembly-CSharp	plt#1316	0x22f9e0	type=3	special image 255 (wrapper/generic, not yet decoded)
Assembly-CSharp	plt#1317	0x22f9f0	type=3	Assembly-CSharp::PreviewCart::ShowLoadingObject
Assembly-CSharp	plt#1318	0x22fa00	type=3	Assembly-CSharp::PreviewCart::CharacterVisibility
Assembly-CSharp	plt#1319	0x22fa10	type=3	special image 255 (wrapper/generic, not yet decoded)
Assembly-CSharp	plt#1320	0x22fa20	type=3	special image 255 (wrapper/generic, not yet decoded)
Assembly-CSharp	plt#1321	0x22fa30	type=3	Assembly-CSharp::CompositeTextureUtil::BlitToCachedTexture
Assembly-CSharp	plt#1322	0x22fa40	type=3	special image 255 (wrapper/generic, not yet decoded)
Assembly-CSharp	plt#1323	0x22fa50	type=3	UnityEngine::UnityEngine.Transform::Find
Assembly-CSharp	plt#1324	0x22fa60	type=3	special image 255 (wrapper/generic, not yet decoded)
Assembly-CSharp	plt#1325	0x22fa70	type=3	special image 255 (wrapper/generic, not yet decoded)
Assembly-CSharp	plt#1326	0x22fa80	type=3	special image 255 (wrapper/generic, not yet decoded)
Assembly-CSharp	plt#1327	0x22fa90	type=3	special image 255 (wrapper/generic, not yet decoded)
Assembly-CSharp	plt#1328	0x22faa0	type=3	UnityEngine::UnityEngine.WWW::get_isDone
Assembly-CSharp	plt#1329	0x22fab0	type=3	special image 255 (wrapper/generic, not yet decoded)
Assembly-CSharp	plt#1330	0x22fac0	type=3	special image 255 (wrapper/generic, not yet decoded)
Assembly-CSharp	plt#1331	0x22fad0	type=3	special image 255 (wrapper/generic, not yet decoded)
Assembly-CSharp	plt#1332	0x22fae0	type=3	Assembly-CSharp::SelectCircuitPublisher::DetermineTrophies
Assembly-CSharp	plt#1333	0x22faf0	type=3	special image 255 (wrapper/generic, not yet decoded)
Assembly-CSharp	plt#1334	0x22fb00	type=3	mscorlib::System.String::Equals
Assembly-CSharp	plt#1335	0x22fb10	type=3	special image 255 (wrapper/generic, not yet decoded)
Assembly-CSharp	plt#1336	0x22fb20	type=3	Assembly-CSharp::TrackUnlockHelper::RelockEverything
Assembly-CSharp	plt#1337	0x22fb30	type=3	special image 255 (wrapper/generic, not yet decoded)
Assembly-CSharp	plt#1338	0x22fb40	type=3	Assembly-CSharp::SoundLibrary::StopSoundOnCamera
Assembly-CSharp	plt#1339	0x22fb50	type=3	Assembly-CSharp-firstpass::Vector3x::Berp
Assembly-CSharp	plt#1340	0x22fb60	type=3	Assembly-CSharp::HUDLogic::UpdateHUD
Assembly-CSharp	plt#1341	0x22fb70	type=3	Assembly-CSharp::BaseMission::GetCurrentMissionName
Assembly-CSharp	plt#1342	0x22fb80	type=3	Assembly-CSharp::BaseMission::GetCurrentUntranslatedMissionName
Assembly-CSharp	plt#1343	0x22fb90	type=3	special image 255 (wrapper/generic, not yet decoded)
Assembly-CSharp	plt#1344	0x22fba0	type=3	UnityEngine::UnityEngine.Animation::Stop
Assembly-CSharp	plt#1345	0x22fbb0	type=3	UnityEngine::UnityEngine.Transform::set_eulerAngles
Assembly-CSharp	plt#1346	0x22fbc0	type=3	Assembly-CSharp-firstpass::Mathfx::Berp
Assembly-CSharp	plt#1347	0x22fbd0	type=3	Assembly-CSharp-firstpass::Mathfx::Coserp
Assembly-CSharp	plt#1348	0x22fbe0	type=3	Assembly-CSharp::RaceResultsPublisher::AnimatePlaceResultsCoroutine
Assembly-CSharp	plt#1349	0x22fbf0	type=3	Assembly-CSharp::RaceResultsPublisher::AnimateCoinsCoroutine
Assembly-CSharp	plt#1350	0x22fc00	type=3	special image 255 (wrapper/generic, not yet decoded)
Assembly-CSharp	plt#1351	0x22fc10	type=3	Assembly-CSharp::RaceResultsPublisher::FillRanks
Assembly-CSharp	plt#1352	0x22fc20	type=3	Assembly-CSharp::RaceResultsPublisher::CheckForRewindTutorial
Assembly-CSharp	plt#1353	0x22fc30	type=7	
Assembly-CSharp	plt#1354	0x22fc40	type=3	special image 254 (wrapper/generic, not yet decoded)
Assembly-CSharp	plt#1355	0x22fc50	type=3	special image 254 (wrapper/generic, not yet decoded)
Assembly-CSharp	plt#1356	0x22fc60	type=3	special image 254 (wrapper/generic, not yet decoded)
Assembly-CSharp	plt#1357	0x22fc70	type=7	
Assembly-CSharp	plt#1358	0x22fc80	type=7	
Assembly-CSharp	plt#1359	0x22fc90	type=3	special image 254 (wrapper/generic, not yet decoded)
Assembly-CSharp	plt#1360	0x22fca0	type=3	special image 254 (wrapper/generic, not yet decoded)
Assembly-CSharp	plt#1361	0x22fcb0	type=3	special image 254 (wrapper/generic, not yet decoded)
Assembly-CSharp	plt#1362	0x22fcc0	type=3	special image 254 (wrapper/generic, not yet decoded)
Assembly-CSharp	plt#1363	0x22fcd0	type=3	special image 254 (wrapper/generic, not yet decoded)
Assembly-CSharp	plt#1364	0x22fce0	type=3	special image 254 (wrapper/generic, not yet decoded)
Assembly-CSharp	plt#1365	0x22fcf0	type=3	special image 254 (wrapper/generic, not yet decoded)
Assembly-CSharp	plt#1366	0x22fd00	type=3	special image 254 (wrapper/generic, not yet decoded)
Assembly-CSharp	plt#1367	0x22fd10	type=3	special image 254 (wrapper/generic, not yet decoded)
Assembly-CSharp	plt#1368	0x22fd20	type=3	special image 254 (wrapper/generic, not yet decoded)
Assembly-CSharp	plt#1369	0x22fd30	type=3	special image 254 (wrapper/generic, not yet decoded)
Assembly-CSharp	plt#1370	0x22fd40	type=3	special image 254 (wrapper/generic, not yet decoded)
Assembly-CSharp	plt#1371	0x22fd50	type=3	special image 254 (wrapper/generic, not yet decoded)
Assembly-CSharp	plt#1372	0x22fd60	type=3	special image 254 (wrapper/generic, not yet decoded)
Assembly-CSharp	plt#1373	0x22fd70	type=3	special image 254 (wrapper/generic, not yet decoded)
Assembly-CSharp	plt#1374	0x22fd80	type=3	special image 254 (wrapper/generic, not yet decoded)
Assembly-CSharp	plt#1375	0x22fd90	type=3	mscorlib::System.Collections.Hashtable::ToPrime
Assembly-CSharp	plt#1376	0x22fda0	type=3	mscorlib::System.Array::Copy
Assembly-CSharp	plt#1377	0x22fdb0	type=3	mscorlib::System.Array::Clear
Assembly-CSharp	plt#1378	0x22fdc0	type=3	special image 254 (wrapper/generic, not yet decoded)
Assembly-CSharp	plt#1379	0x22fdd0	type=3	mscorlib::System.Runtime.Serialization.SerializationInfo::AddValue
Assembly-CSharp	plt#1380	0x22fde0	type=3	mscorlib::System.Runtime.Serialization.SerializationInfo::AddValue
Assembly-CSharp	plt#1381	0x22fdf0	type=3	mscorlib::System.Runtime.Serialization.SerializationInfo::GetInt32
Assembly-CSharp	plt#1382	0x22fe00	type=3	mscorlib::System.Runtime.Serialization.SerializationInfo::GetValue
Assembly-CSharp	plt#1383	0x22fe10	type=3	special image 253 (wrapper/generic, not yet decoded)
Assembly-CSharp	plt#1384	0x22fe20	type=3	special image 254 (wrapper/generic, not yet decoded)
Assembly-CSharp	plt#1385	0x22fe30	type=3	special image 254 (wrapper/generic, not yet decoded)
Assembly-CSharp	plt#1386	0x22fe40	type=7	
Assembly-CSharp	plt#1387	0x22fe50	type=3	mscorlib::System.Type::get_IsValueType
Assembly-CSharp	plt#1388	0x22fe60	type=3	special image 254 (wrapper/generic, not yet decoded)
Assembly-CSharp	plt#1389	0x22fe70	type=3	special image 254 (wrapper/generic, not yet decoded)
Assembly-CSharp	plt#1390	0x22fe80	type=3	special image 253 (wrapper/generic, not yet decoded)
Assembly-CSharp	plt#1391	0x22fe90	type=3	special image 254 (wrapper/generic, not yet decoded)
Assembly-CSharp	plt#1392	0x22fea0	type=3	special image 254 (wrapper/generic, not yet decoded)
Assembly-CSharp	plt#1393	0x22feb0	type=3	special image 254 (wrapper/generic, not yet decoded)
Assembly-CSharp	plt#1394	0x22fec0	type=3	special image 254 (wrapper/generic, not yet decoded)
Assembly-CSharp	plt#1395	0x22fed0	type=3	special image 254 (wrapper/generic, not yet decoded)
Assembly-CSharp	plt#1396	0x22fee0	type=3	special image 254 (wrapper/generic, not yet decoded)
Assembly-CSharp	plt#1397	0x22fef0	type=3	special image 254 (wrapper/generic, not yet decoded)
Assembly-CSharp	plt#1398	0x22ff00	type=3	special image 254 (wrapper/generic, not yet decoded)
Assembly-CSharp	plt#1399	0x22ff10	type=3	special image 254 (wrapper/generic, not yet decoded)
Assembly-CSharp	plt#1400	0x22ff20	type=3	special image 254 (wrapper/generic, not yet decoded)
Assembly-CSharp	plt#1401	0x22ff30	type=3	special image 254 (wrapper/generic, not yet decoded)
Assembly-CSharp	plt#1402	0x22ff40	type=3	special image 254 (wrapper/generic, not yet decoded)
Assembly-CSharp	plt#1403	0x22ff50	type=3	special image 254 (wrapper/generic, not yet decoded)
Assembly-CSharp	plt#1404	0x22ff60	type=3	special image 254 (wrapper/generic, not yet decoded)
Assembly-CSharp	plt#1405	0x22ff70	type=3	special image 254 (wrapper/generic, not yet decoded)
Assembly-CSharp	plt#1406	0x22ff80	type=3	special image 254 (wrapper/generic, not yet decoded)
Assembly-CSharp	plt#1407	0x22ff90	type=3	special image 254 (wrapper/generic, not yet decoded)
Assembly-CSharp	plt#1408	0x22ffa0	type=3	special image 254 (wrapper/generic, not yet decoded)
Assembly-CSharp	plt#1409	0x22ffb0	type=3	special image 254 (wrapper/generic, not yet decoded)
Assembly-CSharp	plt#1410	0x22ffc0	type=3	special image 254 (wrapper/generic, not yet decoded)
Assembly-CSharp	plt#1411	0x22ffd0	type=3	special image 253 (wrapper/generic, not yet decoded)
Assembly-CSharp	plt#1412	0x22ffe0	type=3	special image 254 (wrapper/generic, not yet decoded)
Assembly-CSharp	plt#1413	0x22fff0	type=3	special image 254 (wrapper/generic, not yet decoded)
Assembly-CSharp	plt#1414	0x230000	type=3	special image 254 (wrapper/generic, not yet decoded)
Assembly-CSharp	plt#1415	0x230010	type=3	special image 254 (wrapper/generic, not yet decoded)
Assembly-CSharp	plt#1416	0x230020	type=3	special image 254 (wrapper/generic, not yet decoded)
Assembly-CSharp	plt#1417	0x230030	type=3	special image 254 (wrapper/generic, not yet decoded)
Assembly-CSharp	plt#1418	0x230040	type=3	special image 254 (wrapper/generic, not yet decoded)
Assembly-CSharp	plt#1419	0x230050	type=3	special image 254 (wrapper/generic, not yet decoded)
Assembly-CSharp	plt#1420	0x230060	type=3	special image 254 (wrapper/generic, not yet decoded)
Assembly-CSharp	plt#1421	0x230070	type=3	special image 254 (wrapper/generic, not yet decoded)
Assembly-CSharp	plt#1422	0x230080	type=3	special image 254 (wrapper/generic, not yet decoded)
Assembly-CSharp	plt#1423	0x230090	type=3	special image 254 (wrapper/generic, not yet decoded)
Assembly-CSharp	plt#1424	0x2300a0	type=3	special image 254 (wrapper/generic, not yet decoded)
Assembly-CSharp	plt#1425	0x2300b0	type=3	special image 254 (wrapper/generic, not yet decoded)
Assembly-CSharp	plt#1426	0x2300c0	type=3	special image 254 (wrapper/generic, not yet decoded)
Assembly-CSharp	plt#1427	0x2300d0	type=3	special image 254 (wrapper/generic, not yet decoded)
Assembly-CSharp	plt#1428	0x2300e0	type=3	special image 254 (wrapper/generic, not yet decoded)
Assembly-CSharp	plt#1429	0x2300f0	type=3	special image 254 (wrapper/generic, not yet decoded)
Assembly-CSharp	plt#1430	0x230100	type=3	special image 254 (wrapper/generic, not yet decoded)
Assembly-CSharp	plt#1431	0x230110	type=3	special image 254 (wrapper/generic, not yet decoded)
Assembly-CSharp	plt#1432	0x230120	type=3	special image 254 (wrapper/generic, not yet decoded)
Assembly-CSharp	plt#1433	0x230130	type=3	special image 254 (wrapper/generic, not yet decoded)
Assembly-CSharp	plt#1434	0x230140	type=3	special image 254 (wrapper/generic, not yet decoded)
Assembly-CSharp	plt#1435	0x230150	type=3	special image 254 (wrapper/generic, not yet decoded)
Assembly-CSharp	plt#1436	0x230160	type=3	special image 254 (wrapper/generic, not yet decoded)
Assembly-CSharp	plt#1437	0x230170	type=3	special image 254 (wrapper/generic, not yet decoded)
Assembly-CSharp	plt#1438	0x230180	type=3	special image 254 (wrapper/generic, not yet decoded)
Assembly-CSharp	plt#1439	0x230190	type=3	special image 254 (wrapper/generic, not yet decoded)
Assembly-CSharp	plt#1440	0x2301a0	type=3	special image 254 (wrapper/generic, not yet decoded)
Assembly-CSharp	plt#1441	0x2301b0	type=3	special image 254 (wrapper/generic, not yet decoded)
Assembly-CSharp	plt#1442	0x2301c0	type=3	special image 254 (wrapper/generic, not yet decoded)
Assembly-CSharp	plt#1443	0x2301d0	type=3	special image 254 (wrapper/generic, not yet decoded)
Assembly-CSharp	plt#1444	0x2301e0	type=3	special image 254 (wrapper/generic, not yet decoded)
Assembly-CSharp	plt#1445	0x2301f0	type=3	special image 254 (wrapper/generic, not yet decoded)
Assembly-CSharp	plt#1446	0x230200	type=3	special image 254 (wrapper/generic, not yet decoded)
Assembly-CSharp	plt#1447	0x230210	type=3	special image 254 (wrapper/generic, not yet decoded)
Assembly-CSharp	plt#1448	0x230220	type=3	special image 254 (wrapper/generic, not yet decoded)
Assembly-CSharp	plt#1449	0x230230	type=3	special image 254 (wrapper/generic, not yet decoded)
Assembly-CSharp	plt#1450	0x230240	type=3	special image 254 (wrapper/generic, not yet decoded)
Assembly-CSharp	plt#1451	0x230250	type=3	special image 254 (wrapper/generic, not yet decoded)
Assembly-CSharp	plt#1452	0x230260	type=3	special image 254 (wrapper/generic, not yet decoded)
Assembly-CSharp	plt#1453	0x230270	type=3	special image 254 (wrapper/generic, not yet decoded)
Assembly-CSharp	plt#1454	0x230280	type=3	special image 254 (wrapper/generic, not yet decoded)
Assembly-CSharp	plt#1455	0x230290	type=3	special image 254 (wrapper/generic, not yet decoded)
Assembly-CSharp	plt#1456	0x2302a0	type=3	special image 254 (wrapper/generic, not yet decoded)
Assembly-CSharp	plt#1457	0x2302b0	type=3	special image 254 (wrapper/generic, not yet decoded)
Assembly-CSharp	plt#1458	0x2302c0	type=3	special image 254 (wrapper/generic, not yet decoded)
Assembly-CSharp	plt#1459	0x2302d0	type=3	special image 254 (wrapper/generic, not yet decoded)
Assembly-CSharp	plt#1460	0x2302e0	type=3	special image 254 (wrapper/generic, not yet decoded)
Assembly-CSharp	plt#1461	0x2302f0	type=3	special image 254 (wrapper/generic, not yet decoded)
Assembly-CSharp	plt#1462	0x230300	type=3	special image 254 (wrapper/generic, not yet decoded)
Assembly-CSharp	plt#1463	0x230310	type=3	special image 254 (wrapper/generic, not yet decoded)
Assembly-CSharp	plt#1464	0x230320	type=3	special image 254 (wrapper/generic, not yet decoded)
Assembly-CSharp	plt#1465	0x230330	type=3	special image 254 (wrapper/generic, not yet decoded)
Assembly-CSharp	plt#1466	0x230340	type=3	special image 254 (wrapper/generic, not yet decoded)
Assembly-CSharp	plt#1467	0x230350	type=3	special image 254 (wrapper/generic, not yet decoded)
Assembly-CSharp	plt#1468	0x230360	type=3	special image 254 (wrapper/generic, not yet decoded)
Assembly-CSharp	plt#1469	0x230370	type=3	special image 254 (wrapper/generic, not yet decoded)
Assembly-CSharp	plt#1470	0x230380	type=3	special image 254 (wrapper/generic, not yet decoded)
Assembly-CSharp	plt#1471	0x230390	type=3	special image 254 (wrapper/generic, not yet decoded)
Assembly-CSharp	plt#1472	0x2303a0	type=3	special image 254 (wrapper/generic, not yet decoded)
Assembly-CSharp	plt#1473	0x2303b0	type=3	special image 254 (wrapper/generic, not yet decoded)
Assembly-CSharp	plt#1474	0x2303c0	type=3	special image 254 (wrapper/generic, not yet decoded)
Assembly-CSharp	plt#1475	0x2303d0	type=3	special image 253 (wrapper/generic, not yet decoded)
Assembly-CSharp	plt#1476	0x2303e0	type=3	special image 254 (wrapper/generic, not yet decoded)
Assembly-CSharp	plt#1477	0x2303f0	type=3	special image 254 (wrapper/generic, not yet decoded)
Assembly-CSharp	plt#1478	0x230400	type=3	special image 254 (wrapper/generic, not yet decoded)
Assembly-CSharp	plt#1479	0x230410	type=3	special image 254 (wrapper/generic, not yet decoded)
Assembly-CSharp	plt#1480	0x230420	type=3	special image 254 (wrapper/generic, not yet decoded)
Assembly-CSharp	plt#1481	0x230430	type=3	special image 254 (wrapper/generic, not yet decoded)
Assembly-CSharp	plt#1482	0x230440	type=3	special image 254 (wrapper/generic, not yet decoded)
Assembly-CSharp	plt#1483	0x230450	type=3	special image 254 (wrapper/generic, not yet decoded)
Assembly-CSharp	plt#1484	0x230460	type=3	special image 254 (wrapper/generic, not yet decoded)
Assembly-CSharp	plt#1485	0x230470	type=3	special image 254 (wrapper/generic, not yet decoded)
Assembly-CSharp	plt#1486	0x230480	type=3	special image 254 (wrapper/generic, not yet decoded)
Assembly-CSharp	plt#1487	0x230490	type=3	special image 254 (wrapper/generic, not yet decoded)
Assembly-CSharp	plt#1488	0x2304a0	type=3	special image 254 (wrapper/generic, not yet decoded)
Assembly-CSharp	plt#1489	0x2304b0	type=3	special image 254 (wrapper/generic, not yet decoded)
Assembly-CSharp	plt#1490	0x2304c0	type=3	special image 254 (wrapper/generic, not yet decoded)
Assembly-CSharp	plt#1491	0x2304d0	type=3	special image 254 (wrapper/generic, not yet decoded)
Assembly-CSharp	plt#1492	0x2304e0	type=3	special image 254 (wrapper/generic, not yet decoded)
Assembly-CSharp	plt#1493	0x2304f0	type=3	special image 254 (wrapper/generic, not yet decoded)
Assembly-CSharp	plt#1494	0x230500	type=3	special image 254 (wrapper/generic, not yet decoded)
Assembly-CSharp	plt#1495	0x230510	type=3	special image 254 (wrapper/generic, not yet decoded)
Assembly-CSharp	plt#1496	0x230520	type=3	special image 254 (wrapper/generic, not yet decoded)
Assembly-CSharp	plt#1497	0x230530	type=3	special image 254 (wrapper/generic, not yet decoded)
Assembly-CSharp	plt#1498	0x230540	type=3	special image 254 (wrapper/generic, not yet decoded)
Assembly-CSharp	plt#1499	0x230550	type=3	special image 254 (wrapper/generic, not yet decoded)
Assembly-CSharp	plt#1500	0x230560	type=3	special image 253 (wrapper/generic, not yet decoded)
Assembly-CSharp	plt#1501	0x230570	type=3	special image 254 (wrapper/generic, not yet decoded)
Assembly-CSharp	plt#1502	0x230580	type=3	special image 254 (wrapper/generic, not yet decoded)
Assembly-CSharp	plt#1503	0x230590	type=3	special image 254 (wrapper/generic, not yet decoded)
Assembly-CSharp	plt#1504	0x2305a0	type=3	special image 254 (wrapper/generic, not yet decoded)
Assembly-CSharp	plt#1505	0x2305b0	type=3	special image 254 (wrapper/generic, not yet decoded)
Assembly-CSharp	plt#1506	0x2305c0	type=3	special image 254 (wrapper/generic, not yet decoded)
Assembly-CSharp	plt#1507	0x2305d0	type=3	special image 254 (wrapper/generic, not yet decoded)
Assembly-CSharp	plt#1508	0x2305e0	type=3	special image 254 (wrapper/generic, not yet decoded)
Assembly-CSharp	plt#1509	0x2305f0	type=3	special image 254 (wrapper/generic, not yet decoded)
Assembly-CSharp	plt#1510	0x230600	type=3	special image 254 (wrapper/generic, not yet decoded)
Assembly-CSharp	plt#1511	0x230610	type=3	special image 254 (wrapper/generic, not yet decoded)
Assembly-CSharp	plt#1512	0x230620	type=3	special image 254 (wrapper/generic, not yet decoded)
Assembly-CSharp	plt#1513	0x230630	type=3	special image 254 (wrapper/generic, not yet decoded)
Assembly-CSharp	plt#1514	0x230640	type=3	special image 254 (wrapper/generic, not yet decoded)
Assembly-CSharp	plt#1515	0x230650	type=3	special image 254 (wrapper/generic, not yet decoded)
Assembly-CSharp	plt#1516	0x230660	type=3	special image 254 (wrapper/generic, not yet decoded)
Assembly-CSharp	plt#1517	0x230670	type=3	special image 254 (wrapper/generic, not yet decoded)
Assembly-CSharp	plt#1518	0x230680	type=3	special image 254 (wrapper/generic, not yet decoded)
Assembly-CSharp	plt#1519	0x230690	type=3	special image 254 (wrapper/generic, not yet decoded)
Assembly-CSharp	plt#1520	0x2306a0	type=3	special image 254 (wrapper/generic, not yet decoded)
Assembly-CSharp	plt#1521	0x2306b0	type=3	special image 254 (wrapper/generic, not yet decoded)
Assembly-CSharp	plt#1522	0x2306c0	type=3	special image 254 (wrapper/generic, not yet decoded)
Assembly-CSharp	plt#1523	0x2306d0	type=3	special image 254 (wrapper/generic, not yet decoded)
Assembly-CSharp	plt#1524	0x2306e0	type=3	special image 254 (wrapper/generic, not yet decoded)
Assembly-CSharp	plt#1525	0x2306f0	type=3	special image 254 (wrapper/generic, not yet decoded)
Assembly-CSharp	plt#1526	0x230700	type=3	special image 254 (wrapper/generic, not yet decoded)
Assembly-CSharp	plt#1527	0x230710	type=3	special image 254 (wrapper/generic, not yet decoded)
Assembly-CSharp	plt#1528	0x230720	type=3	special image 254 (wrapper/generic, not yet decoded)
Assembly-CSharp	plt#1529	0x230730	type=3	special image 254 (wrapper/generic, not yet decoded)
Assembly-CSharp	plt#1530	0x230740	type=3	special image 254 (wrapper/generic, not yet decoded)
Assembly-CSharp	plt#1531	0x230750	type=3	special image 254 (wrapper/generic, not yet decoded)
Assembly-CSharp	plt#1532	0x230760	type=3	special image 254 (wrapper/generic, not yet decoded)
Assembly-CSharp	plt#1533	0x230770	type=3	special image 254 (wrapper/generic, not yet decoded)
Assembly-CSharp	plt#1534	0x230780	type=3	special image 254 (wrapper/generic, not yet decoded)
Assembly-CSharp	plt#1535	0x230790	type=3	special image 254 (wrapper/generic, not yet decoded)
Assembly-CSharp	plt#1536	0x2307a0	type=3	special image 254 (wrapper/generic, not yet decoded)
Assembly-CSharp	plt#1537	0x2307b0	type=3	special image 254 (wrapper/generic, not yet decoded)
Assembly-CSharp	plt#1538	0x2307c0	type=3	special image 254 (wrapper/generic, not yet decoded)
Assembly-CSharp	plt#1539	0x2307d0	type=3	special image 254 (wrapper/generic, not yet decoded)
Assembly-CSharp	plt#1540	0x2307e0	type=3	special image 254 (wrapper/generic, not yet decoded)
Assembly-CSharp	plt#1541	0x2307f0	type=3	special image 254 (wrapper/generic, not yet decoded)
Assembly-CSharp	plt#1542	0x230800	type=3	special image 254 (wrapper/generic, not yet decoded)
Assembly-CSharp	plt#1543	0x230810	type=3	special image 254 (wrapper/generic, not yet decoded)
Assembly-CSharp	plt#1544	0x230820	type=3	special image 254 (wrapper/generic, not yet decoded)
Assembly-CSharp	plt#1545	0x230830	type=3	special image 254 (wrapper/generic, not yet decoded)
Assembly-CSharp	plt#1546	0x230840	type=3	special image 254 (wrapper/generic, not yet decoded)
Assembly-CSharp	plt#1547	0x230850	type=3	special image 254 (wrapper/generic, not yet decoded)
Assembly-CSharp	plt#1548	0x230860	type=3	special image 254 (wrapper/generic, not yet decoded)
Assembly-CSharp	plt#1549	0x230870	type=3	special image 254 (wrapper/generic, not yet decoded)
Assembly-CSharp	plt#1550	0x230880	type=3	special image 254 (wrapper/generic, not yet decoded)
Assembly-CSharp	plt#1551	0x230890	type=3	special image 254 (wrapper/generic, not yet decoded)
Assembly-CSharp	plt#1552	0x2308a0	type=3	special image 254 (wrapper/generic, not yet decoded)
Assembly-CSharp	plt#1553	0x2308b0	type=3	special image 254 (wrapper/generic, not yet decoded)
Assembly-CSharp	plt#1554	0x2308c0	type=3	special image 254 (wrapper/generic, not yet decoded)
Assembly-CSharp	plt#1555	0x2308d0	type=3	special image 254 (wrapper/generic, not yet decoded)
Assembly-CSharp	plt#1556	0x2308e0	type=3	special image 254 (wrapper/generic, not yet decoded)
Assembly-CSharp	plt#1557	0x2308f0	type=3	special image 254 (wrapper/generic, not yet decoded)
Assembly-CSharp	plt#1558	0x230900	type=3	special image 254 (wrapper/generic, not yet decoded)
Assembly-CSharp	plt#1559	0x230910	type=3	special image 254 (wrapper/generic, not yet decoded)
Assembly-CSharp	plt#1560	0x230920	type=3	special image 254 (wrapper/generic, not yet decoded)
Assembly-CSharp	plt#1561	0x230930	type=3	special image 254 (wrapper/generic, not yet decoded)
Assembly-CSharp	plt#1562	0x230940	type=3	special image 254 (wrapper/generic, not yet decoded)
Assembly-CSharp	plt#1563	0x230950	type=3	special image 254 (wrapper/generic, not yet decoded)
Assembly-CSharp	plt#1564	0x230960	type=3	special image 254 (wrapper/generic, not yet decoded)
Assembly-CSharp	plt#1565	0x230970	type=3	special image 254 (wrapper/generic, not yet decoded)
Assembly-CSharp	plt#1566	0x230980	type=3	special image 254 (wrapper/generic, not yet decoded)
Assembly-CSharp	plt#1567	0x230990	type=3	special image 253 (wrapper/generic, not yet decoded)
Assembly-CSharp	plt#1568	0x2309a0	type=3	special image 254 (wrapper/generic, not yet decoded)
Assembly-CSharp	plt#1569	0x2309b0	type=3	special image 254 (wrapper/generic, not yet decoded)
Assembly-CSharp	plt#1570	0x2309c0	type=3	special image 254 (wrapper/generic, not yet decoded)
Assembly-CSharp	plt#1571	0x2309d0	type=3	special image 254 (wrapper/generic, not yet decoded)
Assembly-CSharp	plt#1572	0x2309e0	type=3	special image 253 (wrapper/generic, not yet decoded)
Assembly-CSharp	plt#1573	0x2309f0	type=3	special image 254 (wrapper/generic, not yet decoded)
Assembly-CSharp	plt#1574	0x230a00	type=3	special image 254 (wrapper/generic, not yet decoded)
Assembly-CSharp	plt#1575	0x230a10	type=3	special image 254 (wrapper/generic, not yet decoded)
Assembly-CSharp	plt#1576	0x230a20	type=3	special image 254 (wrapper/generic, not yet decoded)
Assembly-CSharp	plt#1577	0x230a30	type=3	special image 254 (wrapper/generic, not yet decoded)
Assembly-CSharp	plt#1578	0x230a40	type=3	special image 254 (wrapper/generic, not yet decoded)
Assembly-CSharp	plt#1579	0x230a50	type=3	special image 254 (wrapper/generic, not yet decoded)
Assembly-CSharp	plt#1580	0x230a60	type=3	special image 254 (wrapper/generic, not yet decoded)
Assembly-CSharp	plt#1581	0x230a70	type=3	special image 254 (wrapper/generic, not yet decoded)
Assembly-CSharp	plt#1582	0x230a80	type=3	special image 254 (wrapper/generic, not yet decoded)
Assembly-CSharp	plt#1583	0x230a90	type=3	special image 254 (wrapper/generic, not yet decoded)
Assembly-CSharp	plt#1584	0x230aa0	type=3	special image 254 (wrapper/generic, not yet decoded)
Assembly-CSharp	plt#1585	0x230ab0	type=3	special image 254 (wrapper/generic, not yet decoded)
Assembly-CSharp	plt#1586	0x230ac0	type=3	special image 254 (wrapper/generic, not yet decoded)
Assembly-CSharp	plt#1587	0x230ad0	type=3	special image 254 (wrapper/generic, not yet decoded)
Assembly-CSharp	plt#1588	0x230ae0	type=3	special image 254 (wrapper/generic, not yet decoded)
Assembly-CSharp	plt#1589	0x230af0	type=3	special image 254 (wrapper/generic, not yet decoded)
Assembly-CSharp	plt#1590	0x230b00	type=3	special image 254 (wrapper/generic, not yet decoded)
Assembly-CSharp	plt#1591	0x230b10	type=3	special image 254 (wrapper/generic, not yet decoded)
Assembly-CSharp	plt#1592	0x230b20	type=3	special image 254 (wrapper/generic, not yet decoded)
Assembly-CSharp	plt#1593	0x230b30	type=3	special image 254 (wrapper/generic, not yet decoded)
Assembly-CSharp	plt#1594	0x230b40	type=3	special image 254 (wrapper/generic, not yet decoded)
Assembly-CSharp	plt#1595	0x230b50	type=3	special image 254 (wrapper/generic, not yet decoded)
Assembly-CSharp	plt#1596	0x230b60	type=3	special image 254 (wrapper/generic, not yet decoded)
Assembly-CSharp	plt#1597	0x230b70	type=3	special image 254 (wrapper/generic, not yet decoded)
Assembly-CSharp	plt#1598	0x230b80	type=3	special image 254 (wrapper/generic, not yet decoded)
Assembly-CSharp	plt#1599	0x230b90	type=3	special image 254 (wrapper/generic, not yet decoded)
Assembly-CSharp	plt#1600	0x230ba0	type=3	special image 254 (wrapper/generic, not yet decoded)
Assembly-CSharp	plt#1601	0x230bb0	type=3	special image 254 (wrapper/generic, not yet decoded)
Assembly-CSharp	plt#1602	0x230bc0	type=3	special image 254 (wrapper/generic, not yet decoded)
Assembly-CSharp	plt#1603	0x230bd0	type=3	special image 254 (wrapper/generic, not yet decoded)
Assembly-CSharp	plt#1604	0x230be0	type=3	special image 254 (wrapper/generic, not yet decoded)
Assembly-CSharp	plt#1605	0x230bf0	type=3	special image 254 (wrapper/generic, not yet decoded)
Assembly-CSharp	plt#1606	0x230c00	type=3	special image 254 (wrapper/generic, not yet decoded)
Assembly-CSharp	plt#1607	0x230c10	type=3	special image 254 (wrapper/generic, not yet decoded)
Assembly-CSharp	plt#1608	0x230c20	type=3	special image 254 (wrapper/generic, not yet decoded)
Assembly-CSharp	plt#1609	0x230c30	type=3	special image 254 (wrapper/generic, not yet decoded)
Assembly-CSharp	plt#1610	0x230c40	type=3	special image 254 (wrapper/generic, not yet decoded)
Assembly-CSharp	plt#1611	0x230c50	type=3	special image 254 (wrapper/generic, not yet decoded)
Assembly-CSharp	plt#1612	0x230c60	type=3	special image 254 (wrapper/generic, not yet decoded)
Assembly-CSharp	plt#1613	0x230c70	type=3	special image 254 (wrapper/generic, not yet decoded)
Assembly-CSharp	plt#1614	0x230c80	type=3	special image 254 (wrapper/generic, not yet decoded)
Assembly-CSharp	plt#1615	0x230c90	type=3	special image 254 (wrapper/generic, not yet decoded)
Assembly-CSharp	plt#1616	0x230ca0	type=3	special image 254 (wrapper/generic, not yet decoded)
Assembly-CSharp	plt#1617	0x230cb0	type=3	special image 254 (wrapper/generic, not yet decoded)
Assembly-CSharp	plt#1618	0x230cc0	type=3	special image 254 (wrapper/generic, not yet decoded)
Assembly-CSharp	plt#1619	0x230cd0	type=3	special image 254 (wrapper/generic, not yet decoded)
Assembly-CSharp	plt#1620	0x230ce0	type=3	special image 254 (wrapper/generic, not yet decoded)
Assembly-CSharp	plt#1621	0x230cf0	type=3	special image 254 (wrapper/generic, not yet decoded)
Assembly-CSharp	plt#1622	0x230d00	type=3	special image 254 (wrapper/generic, not yet decoded)
Assembly-CSharp	plt#1623	0x230d10	type=3	special image 254 (wrapper/generic, not yet decoded)
Assembly-CSharp	plt#1624	0x230d20	type=3	special image 254 (wrapper/generic, not yet decoded)
Assembly-CSharp	plt#1625	0x230d30	type=3	special image 254 (wrapper/generic, not yet decoded)
Assembly-CSharp	plt#1626	0x230d40	type=3	special image 254 (wrapper/generic, not yet decoded)
Assembly-CSharp	plt#1627	0x230d50	type=3	special image 254 (wrapper/generic, not yet decoded)
Assembly-CSharp	plt#1628	0x230d60	type=3	special image 254 (wrapper/generic, not yet decoded)
Assembly-CSharp	plt#1629	0x230d70	type=3	special image 254 (wrapper/generic, not yet decoded)
Assembly-CSharp	plt#1630	0x230d80	type=3	special image 254 (wrapper/generic, not yet decoded)
Assembly-CSharp	plt#1631	0x230d90	type=3	special image 254 (wrapper/generic, not yet decoded)
Assembly-CSharp	plt#1632	0x230da0	type=3	special image 254 (wrapper/generic, not yet decoded)
Assembly-CSharp	plt#1633	0x230db0	type=3	special image 254 (wrapper/generic, not yet decoded)
Assembly-CSharp	plt#1634	0x230dc0	type=3	special image 254 (wrapper/generic, not yet decoded)
Assembly-CSharp	plt#1635	0x230dd0	type=3	special image 254 (wrapper/generic, not yet decoded)
Assembly-CSharp	plt#1636	0x230de0	type=3	special image 254 (wrapper/generic, not yet decoded)
Assembly-CSharp	plt#1637	0x230df0	type=3	special image 253 (wrapper/generic, not yet decoded)
Assembly-CSharp	plt#1638	0x230e00	type=3	special image 254 (wrapper/generic, not yet decoded)
Assembly-CSharp	plt#1639	0x230e10	type=3	special image 254 (wrapper/generic, not yet decoded)
Assembly-CSharp	plt#1640	0x230e20	type=3	special image 254 (wrapper/generic, not yet decoded)
Assembly-CSharp	plt#1641	0x230e30	type=3	special image 254 (wrapper/generic, not yet decoded)
Assembly-CSharp	plt#1642	0x230e40	type=3	special image 254 (wrapper/generic, not yet decoded)
Assembly-CSharp	plt#1643	0x230e50	type=3	special image 254 (wrapper/generic, not yet decoded)
Assembly-CSharp	plt#1644	0x230e60	type=3	special image 254 (wrapper/generic, not yet decoded)
Assembly-CSharp	plt#1645	0x230e70	type=3	special image 254 (wrapper/generic, not yet decoded)
Assembly-CSharp	plt#1646	0x230e80	type=3	special image 254 (wrapper/generic, not yet decoded)
Assembly-CSharp	plt#1647	0x230e90	type=3	special image 254 (wrapper/generic, not yet decoded)
Assembly-CSharp	plt#1648	0x230ea0	type=3	special image 254 (wrapper/generic, not yet decoded)
Assembly-CSharp	plt#1649	0x230eb0	type=3	special image 254 (wrapper/generic, not yet decoded)
Assembly-CSharp	plt#1650	0x230ec0	type=3	special image 254 (wrapper/generic, not yet decoded)
Assembly-CSharp	plt#1651	0x230ed0	type=3	special image 254 (wrapper/generic, not yet decoded)
Assembly-CSharp	plt#1652	0x230ee0	type=3	special image 254 (wrapper/generic, not yet decoded)
Assembly-CSharp	plt#1653	0x230ef0	type=3	special image 254 (wrapper/generic, not yet decoded)
Assembly-CSharp	plt#1654	0x230f00	type=3	special image 254 (wrapper/generic, not yet decoded)
Assembly-CSharp	plt#1655	0x230f10	type=3	special image 254 (wrapper/generic, not yet decoded)
Assembly-CSharp	plt#1656	0x230f20	type=3	special image 254 (wrapper/generic, not yet decoded)
Assembly-CSharp	plt#1657	0x230f30	type=3	special image 254 (wrapper/generic, not yet decoded)
Assembly-CSharp	plt#1658	0x230f40	type=3	special image 254 (wrapper/generic, not yet decoded)
Assembly-CSharp	plt#1659	0x230f50	type=3	special image 254 (wrapper/generic, not yet decoded)
Assembly-CSharp	plt#1660	0x230f60	type=3	special image 254 (wrapper/generic, not yet decoded)
Assembly-CSharp	plt#1661	0x230f70	type=3	special image 254 (wrapper/generic, not yet decoded)
Assembly-CSharp	plt#1662	0x230f80	type=3	special image 254 (wrapper/generic, not yet decoded)
Assembly-CSharp	plt#1663	0x230f90	type=3	special image 254 (wrapper/generic, not yet decoded)
Assembly-CSharp	plt#1664	0x230fa0	type=3	special image 253 (wrapper/generic, not yet decoded)
Assembly-CSharp	plt#1665	0x230fb0	type=3	special image 254 (wrapper/generic, not yet decoded)
Assembly-CSharp	plt#1666	0x230fc0	type=3	special image 254 (wrapper/generic, not yet decoded)
Assembly-CSharp	plt#1667	0x230fd0	type=3	special image 254 (wrapper/generic, not yet decoded)
Assembly-CSharp	plt#1668	0x230fe0	type=3	special image 254 (wrapper/generic, not yet decoded)
Assembly-CSharp	plt#1669	0x230ff0	type=3	special image 254 (wrapper/generic, not yet decoded)
Assembly-CSharp	plt#1670	0x231000	type=3	special image 254 (wrapper/generic, not yet decoded)
Assembly-CSharp	plt#1671	0x231010	type=3	special image 254 (wrapper/generic, not yet decoded)
Assembly-CSharp	plt#1672	0x231020	type=3	special image 254 (wrapper/generic, not yet decoded)
Assembly-CSharp	plt#1673	0x231030	type=3	special image 254 (wrapper/generic, not yet decoded)
Assembly-CSharp	plt#1674	0x231040	type=3	special image 254 (wrapper/generic, not yet decoded)
Assembly-CSharp	plt#1675	0x231050	type=3	special image 254 (wrapper/generic, not yet decoded)
Assembly-CSharp	plt#1676	0x231060	type=3	special image 254 (wrapper/generic, not yet decoded)
Assembly-CSharp	plt#1677	0x231070	type=3	special image 254 (wrapper/generic, not yet decoded)
Assembly-CSharp	plt#1678	0x231080	type=3	special image 254 (wrapper/generic, not yet decoded)
Assembly-CSharp	plt#1679	0x231090	type=3	special image 254 (wrapper/generic, not yet decoded)
Assembly-CSharp	plt#1680	0x2310a0	type=3	special image 254 (wrapper/generic, not yet decoded)
Assembly-CSharp	plt#1681	0x2310b0	type=3	special image 254 (wrapper/generic, not yet decoded)
Assembly-CSharp	plt#1682	0x2310c0	type=3	special image 254 (wrapper/generic, not yet decoded)
Assembly-CSharp	plt#1683	0x2310d0	type=3	UnityEngine::UnityEngine.Color::ToString
Assembly-CSharp	plt#1684	0x2310e0	type=3	special image 254 (wrapper/generic, not yet decoded)
Assembly-CSharp	plt#1685	0x2310f0	type=3	special image 254 (wrapper/generic, not yet decoded)
Assembly-CSharp	plt#1686	0x231100	type=3	special image 254 (wrapper/generic, not yet decoded)
Assembly-CSharp	plt#1687	0x231110	type=3	special image 254 (wrapper/generic, not yet decoded)
Assembly-CSharp	plt#1688	0x231120	type=3	special image 254 (wrapper/generic, not yet decoded)
Assembly-CSharp	plt#1689	0x231130	type=3	special image 254 (wrapper/generic, not yet decoded)
Assembly-CSharp	plt#1690	0x231140	type=3	special image 254 (wrapper/generic, not yet decoded)
Assembly-CSharp	plt#1691	0x231150	type=3	special image 254 (wrapper/generic, not yet decoded)
Assembly-CSharp	plt#1692	0x231160	type=3	special image 254 (wrapper/generic, not yet decoded)
Assembly-CSharp	plt#1693	0x231170	type=3	special image 254 (wrapper/generic, not yet decoded)
Assembly-CSharp	plt#1694	0x231180	type=3	special image 254 (wrapper/generic, not yet decoded)
Assembly-CSharp	plt#1695	0x231190	type=3	special image 254 (wrapper/generic, not yet decoded)
Assembly-CSharp	plt#1696	0x2311a0	type=3	special image 254 (wrapper/generic, not yet decoded)
Assembly-CSharp	plt#1697	0x2311b0	type=3	special image 254 (wrapper/generic, not yet decoded)
Assembly-CSharp	plt#1698	0x2311c0	type=3	special image 254 (wrapper/generic, not yet decoded)
Assembly-CSharp	plt#1699	0x2311d0	type=3	special image 254 (wrapper/generic, not yet decoded)
Assembly-CSharp	plt#1700	0x2311e0	type=3	special image 254 (wrapper/generic, not yet decoded)
Assembly-CSharp	plt#1701	0x2311f0	type=3	special image 254 (wrapper/generic, not yet decoded)
Assembly-CSharp	plt#1702	0x231200	type=3	special image 254 (wrapper/generic, not yet decoded)
Assembly-CSharp	plt#1703	0x231210	type=3	special image 254 (wrapper/generic, not yet decoded)
Assembly-CSharp	plt#1704	0x231220	type=3	special image 254 (wrapper/generic, not yet decoded)
Assembly-CSharp	plt#1705	0x231230	type=3	special image 253 (wrapper/generic, not yet decoded)
Assembly-CSharp	plt#1706	0x231240	type=3	special image 254 (wrapper/generic, not yet decoded)
Assembly-CSharp	plt#1707	0x231250	type=3	special image 254 (wrapper/generic, not yet decoded)
Assembly-CSharp	plt#1708	0x231260	type=3	special image 254 (wrapper/generic, not yet decoded)
Assembly-CSharp	plt#1709	0x231270	type=3	special image 254 (wrapper/generic, not yet decoded)
Assembly-CSharp	plt#1710	0x231280	type=3	special image 253 (wrapper/generic, not yet decoded)
Assembly-CSharp	plt#1711	0x231290	type=3	special image 254 (wrapper/generic, not yet decoded)
Assembly-CSharp	plt#1712	0x2312a0	type=3	special image 254 (wrapper/generic, not yet decoded)
Assembly-CSharp	plt#1713	0x2312b0	type=3	special image 254 (wrapper/generic, not yet decoded)
Assembly-CSharp	plt#1714	0x2312c0	type=3	special image 254 (wrapper/generic, not yet decoded)
Assembly-CSharp	plt#1715	0x2312d0	type=3	special image 254 (wrapper/generic, not yet decoded)
Assembly-CSharp	plt#1716	0x2312e0	type=3	special image 254 (wrapper/generic, not yet decoded)
Assembly-CSharp	plt#1717	0x2312f0	type=3	special image 254 (wrapper/generic, not yet decoded)
Assembly-CSharp	plt#1718	0x231300	type=3	special image 254 (wrapper/generic, not yet decoded)
Assembly-CSharp	plt#1719	0x231310	type=3	special image 254 (wrapper/generic, not yet decoded)
Assembly-CSharp	plt#1720	0x231320	type=3	special image 254 (wrapper/generic, not yet decoded)
Assembly-CSharp	plt#1721	0x231330	type=3	special image 254 (wrapper/generic, not yet decoded)
Assembly-CSharp	plt#1722	0x231340	type=3	special image 254 (wrapper/generic, not yet decoded)
Assembly-CSharp	plt#1723	0x231350	type=3	special image 254 (wrapper/generic, not yet decoded)
Assembly-CSharp	plt#1724	0x231360	type=3	special image 254 (wrapper/generic, not yet decoded)
Assembly-CSharp	plt#1725	0x231370	type=3	special image 254 (wrapper/generic, not yet decoded)
Assembly-CSharp	plt#1726	0x231380	type=3	special image 254 (wrapper/generic, not yet decoded)
Assembly-CSharp	plt#1727	0x231390	type=3	special image 254 (wrapper/generic, not yet decoded)
Assembly-CSharp	plt#1728	0x2313a0	type=3	special image 254 (wrapper/generic, not yet decoded)
Assembly-CSharp	plt#1729	0x2313b0	type=3	special image 254 (wrapper/generic, not yet decoded)
Assembly-CSharp	plt#1730	0x2313c0	type=3	special image 254 (wrapper/generic, not yet decoded)
Assembly-CSharp	plt#1731	0x2313d0	type=3	special image 254 (wrapper/generic, not yet decoded)
Assembly-CSharp	plt#1732	0x2313e0	type=3	special image 254 (wrapper/generic, not yet decoded)
Assembly-CSharp	plt#1733	0x2313f0	type=3	special image 254 (wrapper/generic, not yet decoded)
Assembly-CSharp	plt#1734	0x231400	type=3	special image 253 (wrapper/generic, not yet decoded)
Assembly-CSharp	plt#1735	0x231410	type=3	special image 254 (wrapper/generic, not yet decoded)
Assembly-CSharp	plt#1736	0x231420	type=3	special image 254 (wrapper/generic, not yet decoded)
Assembly-CSharp	plt#1737	0x231430	type=3	special image 254 (wrapper/generic, not yet decoded)
Assembly-CSharp	plt#1738	0x231440	type=3	special image 254 (wrapper/generic, not yet decoded)
Assembly-CSharp	plt#1739	0x231450	type=3	special image 254 (wrapper/generic, not yet decoded)
Assembly-CSharp	plt#1740	0x231460	type=3	special image 254 (wrapper/generic, not yet decoded)
Assembly-CSharp	plt#1741	0x231470	type=3	special image 254 (wrapper/generic, not yet decoded)
Assembly-CSharp	plt#1742	0x231480	type=3	special image 254 (wrapper/generic, not yet decoded)
Assembly-CSharp	plt#1743	0x231490	type=3	special image 254 (wrapper/generic, not yet decoded)
Assembly-CSharp	plt#1744	0x2314a0	type=3	special image 254 (wrapper/generic, not yet decoded)
Assembly-CSharp	plt#1745	0x2314b0	type=3	special image 254 (wrapper/generic, not yet decoded)
Assembly-CSharp	plt#1746	0x2314c0	type=3	special image 254 (wrapper/generic, not yet decoded)
Assembly-CSharp	plt#1747	0x2314d0	type=3	special image 254 (wrapper/generic, not yet decoded)
Assembly-CSharp	plt#1748	0x2314e0	type=3	special image 254 (wrapper/generic, not yet decoded)
Assembly-CSharp	plt#1749	0x2314f0	type=3	special image 254 (wrapper/generic, not yet decoded)
Assembly-CSharp	plt#1750	0x231500	type=3	special image 254 (wrapper/generic, not yet decoded)
Assembly-CSharp	plt#1751	0x231510	type=3	special image 254 (wrapper/generic, not yet decoded)
Assembly-CSharp	plt#1752	0x231520	type=3	special image 254 (wrapper/generic, not yet decoded)
Assembly-CSharp	plt#1753	0x231530	type=3	special image 254 (wrapper/generic, not yet decoded)
Assembly-CSharp	plt#1754	0x231540	type=3	special image 254 (wrapper/generic, not yet decoded)
Assembly-CSharp	plt#1755	0x231550	type=3	special image 254 (wrapper/generic, not yet decoded)
Assembly-CSharp	plt#1756	0x231560	type=3	special image 254 (wrapper/generic, not yet decoded)
Assembly-CSharp	plt#1757	0x231570	type=3	special image 254 (wrapper/generic, not yet decoded)
Assembly-CSharp	plt#1758	0x231580	type=3	special image 254 (wrapper/generic, not yet decoded)
Assembly-CSharp	plt#1759	0x231590	type=3	special image 254 (wrapper/generic, not yet decoded)
Assembly-CSharp	plt#1760	0x2315a0	type=3	special image 254 (wrapper/generic, not yet decoded)
Assembly-CSharp	plt#1761	0x2315b0	type=3	special image 254 (wrapper/generic, not yet decoded)
Assembly-CSharp	plt#1762	0x2315c0	type=3	special image 254 (wrapper/generic, not yet decoded)
Assembly-CSharp	plt#1763	0x2315d0	type=3	special image 254 (wrapper/generic, not yet decoded)
Assembly-CSharp	plt#1764	0x2315e0	type=3	special image 254 (wrapper/generic, not yet decoded)
Assembly-CSharp	plt#1765	0x2315f0	type=3	special image 254 (wrapper/generic, not yet decoded)
Assembly-CSharp	plt#1766	0x231600	type=3	special image 254 (wrapper/generic, not yet decoded)
Assembly-CSharp	plt#1767	0x231610	type=3	special image 254 (wrapper/generic, not yet decoded)
Assembly-CSharp	plt#1768	0x231620	type=3	special image 254 (wrapper/generic, not yet decoded)
Assembly-CSharp	plt#1769	0x231630	type=3	special image 254 (wrapper/generic, not yet decoded)
Assembly-CSharp	plt#1770	0x231640	type=3	special image 254 (wrapper/generic, not yet decoded)
Assembly-CSharp	plt#1771	0x231650	type=3	special image 254 (wrapper/generic, not yet decoded)
Assembly-CSharp	plt#1772	0x231660	type=3	special image 254 (wrapper/generic, not yet decoded)
Assembly-CSharp	plt#1773	0x231670	type=3	special image 253 (wrapper/generic, not yet decoded)
Assembly-CSharp	plt#1774	0x231680	type=3	special image 254 (wrapper/generic, not yet decoded)
Assembly-CSharp	plt#1775	0x231690	type=3	special image 254 (wrapper/generic, not yet decoded)
Assembly-CSharp	plt#1776	0x2316a0	type=3	special image 254 (wrapper/generic, not yet decoded)
Assembly-CSharp	plt#1777	0x2316b0	type=3	special image 254 (wrapper/generic, not yet decoded)
Assembly-CSharp	plt#1778	0x2316c0	type=3	special image 254 (wrapper/generic, not yet decoded)
Assembly-CSharp	plt#1779	0x2316d0	type=3	special image 254 (wrapper/generic, not yet decoded)
Assembly-CSharp	plt#1780	0x2316e0	type=3	special image 254 (wrapper/generic, not yet decoded)
Assembly-CSharp	plt#1781	0x2316f0	type=3	special image 254 (wrapper/generic, not yet decoded)
Assembly-CSharp	plt#1782	0x231700	type=3	special image 254 (wrapper/generic, not yet decoded)
Assembly-CSharp	plt#1783	0x231710	type=3	special image 254 (wrapper/generic, not yet decoded)
Assembly-CSharp	plt#1784	0x231720	type=3	special image 254 (wrapper/generic, not yet decoded)
Assembly-CSharp	plt#1785	0x231730	type=3	special image 254 (wrapper/generic, not yet decoded)
Assembly-CSharp	plt#1786	0x231740	type=3	special image 253 (wrapper/generic, not yet decoded)
Assembly-CSharp	plt#1787	0x231750	type=3	special image 254 (wrapper/generic, not yet decoded)
Assembly-CSharp	plt#1788	0x231760	type=3	special image 254 (wrapper/generic, not yet decoded)
Assembly-CSharp	plt#1789	0x231770	type=3	special image 254 (wrapper/generic, not yet decoded)
Assembly-CSharp	plt#1790	0x231780	type=3	special image 254 (wrapper/generic, not yet decoded)
Assembly-CSharp	plt#1791	0x231790	type=3	special image 254 (wrapper/generic, not yet decoded)
Assembly-CSharp	plt#1792	0x2317a0	type=3	special image 254 (wrapper/generic, not yet decoded)
Assembly-CSharp	plt#1793	0x2317b0	type=3	special image 254 (wrapper/generic, not yet decoded)
Assembly-CSharp	plt#1794	0x2317c0	type=3	special image 254 (wrapper/generic, not yet decoded)
Assembly-CSharp	plt#1795	0x2317d0	type=3	special image 254 (wrapper/generic, not yet decoded)
Assembly-CSharp	plt#1796	0x2317e0	type=3	special image 254 (wrapper/generic, not yet decoded)
Assembly-CSharp	plt#1797	0x2317f0	type=3	special image 254 (wrapper/generic, not yet decoded)
Assembly-CSharp	plt#1798	0x231800	type=3	special image 254 (wrapper/generic, not yet decoded)
Assembly-CSharp	plt#1799	0x231810	type=3	special image 254 (wrapper/generic, not yet decoded)
Assembly-CSharp	plt#1800	0x231820	type=3	special image 254 (wrapper/generic, not yet decoded)
Assembly-CSharp	plt#1801	0x231830	type=3	special image 254 (wrapper/generic, not yet decoded)
Assembly-CSharp	plt#1802	0x231840	type=3	special image 254 (wrapper/generic, not yet decoded)
Assembly-CSharp	plt#1803	0x231850	type=3	special image 254 (wrapper/generic, not yet decoded)
Assembly-CSharp	plt#1804	0x231860	type=3	special image 254 (wrapper/generic, not yet decoded)
Assembly-CSharp	plt#1805	0x231870	type=3	special image 254 (wrapper/generic, not yet decoded)
Assembly-CSharp	plt#1806	0x231880	type=3	special image 254 (wrapper/generic, not yet decoded)
Assembly-CSharp	plt#1807	0x231890	type=3	special image 254 (wrapper/generic, not yet decoded)
Assembly-CSharp	plt#1808	0x2318a0	type=3	special image 254 (wrapper/generic, not yet decoded)
Assembly-CSharp	plt#1809	0x2318b0	type=3	special image 254 (wrapper/generic, not yet decoded)
Assembly-CSharp	plt#1810	0x2318c0	type=3	special image 254 (wrapper/generic, not yet decoded)
Assembly-CSharp	plt#1811	0x2318d0	type=3	special image 254 (wrapper/generic, not yet decoded)
Assembly-CSharp	plt#1812	0x2318e0	type=3	mscorlib::System.Array::GetLength
Assembly-CSharp	plt#1813	0x2318f0	type=3	mscorlib::System.Array::GetLowerBound
Assembly-CSharp	plt#1814	0x231900	type=3	special image 254 (wrapper/generic, not yet decoded)
Assembly-CSharp	plt#1815	0x231910	type=3	special image 254 (wrapper/generic, not yet decoded)
Assembly-CSharp	plt#1816	0x231920	type=3	special image 254 (wrapper/generic, not yet decoded)
Assembly-CSharp	plt#1817	0x231930	type=3	special image 254 (wrapper/generic, not yet decoded)
Assembly-CSharp	plt#1818	0x231940	type=3	special image 254 (wrapper/generic, not yet decoded)
Assembly-CSharp	plt#1819	0x231950	type=3	special image 254 (wrapper/generic, not yet decoded)
Assembly-CSharp	plt#1820	0x231960	type=3	special image 254 (wrapper/generic, not yet decoded)
Assembly-CSharp	plt#1821	0x231970	type=3	special image 254 (wrapper/generic, not yet decoded)
Assembly-CSharp	plt#1822	0x231980	type=3	special image 254 (wrapper/generic, not yet decoded)
Assembly-CSharp	plt#1823	0x231990	type=3	special image 254 (wrapper/generic, not yet decoded)
Assembly-CSharp	plt#1824	0x2319a0	type=3	special image 254 (wrapper/generic, not yet decoded)
Assembly-CSharp	plt#1825	0x2319b0	type=3	special image 254 (wrapper/generic, not yet decoded)
Assembly-CSharp	plt#1826	0x2319c0	type=3	special image 254 (wrapper/generic, not yet decoded)
Assembly-CSharp	plt#1827	0x2319d0	type=3	special image 254 (wrapper/generic, not yet decoded)
Assembly-CSharp	plt#1828	0x2319e0	type=3	special image 254 (wrapper/generic, not yet decoded)
Assembly-CSharp	plt#1829	0x2319f0	type=3	special image 254 (wrapper/generic, not yet decoded)
Assembly-CSharp	plt#1830	0x231a00	type=3	mscorlib::System.Int32::Equals
Assembly-CSharp	plt#1831	0x231a10	type=3	special image 254 (wrapper/generic, not yet decoded)
Assembly-CSharp	plt#1832	0x231a20	type=3	special image 254 (wrapper/generic, not yet decoded)
Assembly-CSharp	plt#1833	0x231a30	type=3	special image 254 (wrapper/generic, not yet decoded)
Assembly-CSharp	plt#1834	0x231a40	type=3	special image 254 (wrapper/generic, not yet decoded)
Assembly-CSharp	plt#1835	0x231a50	type=3	special image 254 (wrapper/generic, not yet decoded)
Assembly-CSharp	plt#1836	0x231a60	type=3	special image 254 (wrapper/generic, not yet decoded)
Assembly-CSharp	plt#1837	0x231a70	type=3	special image 254 (wrapper/generic, not yet decoded)
Assembly-CSharp	plt#1838	0x231a80	type=3	special image 254 (wrapper/generic, not yet decoded)
Assembly-CSharp	plt#1839	0x231a90	type=3	special image 254 (wrapper/generic, not yet decoded)
Assembly-CSharp	plt#1840	0x231aa0	type=3	special image 254 (wrapper/generic, not yet decoded)
Assembly-CSharp	plt#1841	0x231ab0	type=3	special image 254 (wrapper/generic, not yet decoded)
Assembly-CSharp	plt#1842	0x231ac0	type=3	special image 254 (wrapper/generic, not yet decoded)
Assembly-CSharp	plt#1843	0x231ad0	type=3	special image 254 (wrapper/generic, not yet decoded)
Assembly-CSharp	plt#1844	0x231ae0	type=3	special image 254 (wrapper/generic, not yet decoded)
Assembly-CSharp	plt#1845	0x231af0	type=3	special image 254 (wrapper/generic, not yet decoded)
Assembly-CSharp	plt#1846	0x231b00	type=3	special image 254 (wrapper/generic, not yet decoded)
Assembly-CSharp	plt#1847	0x231b10	type=3	special image 254 (wrapper/generic, not yet decoded)
Assembly-CSharp	plt#1848	0x231b20	type=3	special image 254 (wrapper/generic, not yet decoded)
Assembly-CSharp	plt#1849	0x231b30	type=3	special image 254 (wrapper/generic, not yet decoded)
Assembly-CSharp	plt#1850	0x231b40	type=3	special image 254 (wrapper/generic, not yet decoded)
Assembly-CSharp	plt#1851	0x231b50	type=3	special image 254 (wrapper/generic, not yet decoded)
Assembly-CSharp	plt#1852	0x231b60	type=3	special image 254 (wrapper/generic, not yet decoded)
Assembly-CSharp	plt#1853	0x231b70	type=7	
Assembly-CSharp	plt#1854	0x231b80	type=31	
Assembly-CSharp	plt#1855	0x231b90	type=7	
Assembly-CSharp	plt#1856	0x231ba0	type=7	
Assembly-CSharp	plt#1857	0x231bb0	type=3	mscorlib::System.Threading.Monitor::Enter
Assembly-CSharp	plt#1858	0x231bc0	type=3	special image 252 (wrapper/generic, not yet decoded)
Assembly-CSharp	plt#1859	0x231bd0	type=3	mscorlib::System.Threading.Monitor::Exit
Assembly-CSharp	plt#1860	0x231be0	type=3	special image 252 (wrapper/generic, not yet decoded)
Assembly-CSharp	plt#1861	0x231bf0	type=3	special image 252 (wrapper/generic, not yet decoded)
Assembly-CSharp	plt#1862	0x231c00	type=3	special image 252 (wrapper/generic, not yet decoded)
Assembly-CSharp	plt#1863	0x231c10	type=3	special image 254 (wrapper/generic, not yet decoded)
Assembly-CSharp	plt#1864	0x231c20	type=3	mscorlib::System.Type::get_IsPrimitive
Assembly-CSharp	plt#1865	0x231c30	type=3	special image 254 (wrapper/generic, not yet decoded)
Assembly-CSharp	plt#1866	0x231c40	type=7	
Assembly-CSharp	plt#1867	0x231c50	type=3	mscorlib::System.ArgumentException::.ctor
Assembly-CSharp	plt#1868	0x231c60	type=3	special image 254 (wrapper/generic, not yet decoded)
Assembly-CSharp	plt#1869	0x231c70	type=3	special image 254 (wrapper/generic, not yet decoded)
Assembly-CSharp	plt#1870	0x231c80	type=3	special image 254 (wrapper/generic, not yet decoded)
Assembly-CSharp	plt#1871	0x231c90	type=3	special image 254 (wrapper/generic, not yet decoded)
Assembly-CSharp	plt#1872	0x231ca0	type=3	special image 254 (wrapper/generic, not yet decoded)
Assembly-CSharp	plt#1873	0x231cb0	type=3	special image 254 (wrapper/generic, not yet decoded)
Assembly-CSharp	plt#1874	0x231cc0	type=3	special image 254 (wrapper/generic, not yet decoded)
Assembly-CSharp	plt#1875	0x231cd0	type=3	special image 254 (wrapper/generic, not yet decoded)
Assembly-CSharp	plt#1876	0x231ce0	type=15	
Assembly-CSharp	plt#1877	0x231cf0	type=3	special image 254 (wrapper/generic, not yet decoded)
Assembly-CSharp	plt#1878	0x231d00	type=3	special image 254 (wrapper/generic, not yet decoded)
Assembly-CSharp	plt#1879	0x231d10	type=3	special image 254 (wrapper/generic, not yet decoded)
Assembly-CSharp	plt#1880	0x231d20	type=3	special image 254 (wrapper/generic, not yet decoded)
Assembly-CSharp	plt#1881	0x231d30	type=3	special image 254 (wrapper/generic, not yet decoded)
Assembly-CSharp	plt#1882	0x231d40	type=3	special image 254 (wrapper/generic, not yet decoded)
Assembly-CSharp	plt#1883	0x231d50	type=3	special image 254 (wrapper/generic, not yet decoded)
Assembly-CSharp	plt#1884	0x231d60	type=3	special image 254 (wrapper/generic, not yet decoded)
Assembly-CSharp	plt#1885	0x231d70	type=3	special image 254 (wrapper/generic, not yet decoded)
Assembly-CSharp	plt#1886	0x231d80	type=3	special image 254 (wrapper/generic, not yet decoded)
Assembly-CSharp	plt#1887	0x231d90	type=3	special image 254 (wrapper/generic, not yet decoded)
Assembly-CSharp	plt#1888	0x231da0	type=3	special image 254 (wrapper/generic, not yet decoded)
Assembly-CSharp	plt#1889	0x231db0	type=3	mscorlib::System.Array::GetUpperBound
Assembly-CSharp	plt#1890	0x231dc0	type=3	special image 254 (wrapper/generic, not yet decoded)
Assembly-CSharp	plt#1891	0x231dd0	type=3	special image 254 (wrapper/generic, not yet decoded)
Assembly-CSharp	plt#1892	0x231de0	type=3	mscorlib::System.InvalidOperationException::.ctor
Assembly-CSharp	plt#1893	0x231df0	type=3	special image 254 (wrapper/generic, not yet decoded)
Assembly-CSharp	plt#1894	0x231e00	type=3	special image 254 (wrapper/generic, not yet decoded)
Assembly-CSharp	plt#1895	0x231e10	type=3	special image 254 (wrapper/generic, not yet decoded)
Assembly-CSharp	plt#1896	0x231e20	type=3	special image 254 (wrapper/generic, not yet decoded)
Assembly-CSharp	plt#1897	0x231e30	type=3	special image 254 (wrapper/generic, not yet decoded)
Assembly-CSharp	plt#1898	0x231e40	type=3	special image 254 (wrapper/generic, not yet decoded)
Assembly-CSharp	plt#1899	0x231e50	type=3	special image 254 (wrapper/generic, not yet decoded)
Assembly-CSharp	plt#1900	0x231e60	type=3	special image 254 (wrapper/generic, not yet decoded)
Assembly-CSharp	plt#1901	0x231e70	type=3	special image 254 (wrapper/generic, not yet decoded)
Assembly-CSharp	plt#1902	0x231e80	type=3	special image 254 (wrapper/generic, not yet decoded)
Assembly-CSharp	plt#1903	0x231e90	type=3	special image 254 (wrapper/generic, not yet decoded)
Assembly-CSharp	plt#1904	0x231ea0	type=3	special image 254 (wrapper/generic, not yet decoded)
Assembly-CSharp	plt#1905	0x231eb0	type=3	special image 254 (wrapper/generic, not yet decoded)
Assembly-CSharp	plt#1906	0x231ec0	type=15	
Assembly-CSharp	plt#1907	0x231ed0	type=3	special image 254 (wrapper/generic, not yet decoded)
Assembly-CSharp	plt#1908	0x231ee0	type=3	special image 254 (wrapper/generic, not yet decoded)
Assembly-CSharp	plt#1909	0x231ef0	type=3	special image 254 (wrapper/generic, not yet decoded)
Assembly-CSharp	plt#1910	0x231f00	type=3	special image 254 (wrapper/generic, not yet decoded)
Assembly-CSharp	plt#1911	0x231f10	type=3	special image 254 (wrapper/generic, not yet decoded)
Assembly-CSharp	plt#1912	0x231f20	type=3	special image 254 (wrapper/generic, not yet decoded)
Assembly-CSharp	plt#1913	0x231f30	type=3	special image 254 (wrapper/generic, not yet decoded)
Assembly-CSharp	plt#1914	0x231f40	type=3	special image 254 (wrapper/generic, not yet decoded)
Assembly-CSharp	plt#1915	0x231f50	type=3	special image 254 (wrapper/generic, not yet decoded)
Assembly-CSharp	plt#1916	0x231f60	type=3	special image 254 (wrapper/generic, not yet decoded)
Assembly-CSharp	plt#1917	0x231f70	type=3	special image 254 (wrapper/generic, not yet decoded)
Assembly-CSharp	plt#1918	0x231f80	type=3	special image 254 (wrapper/generic, not yet decoded)
Assembly-CSharp	plt#1919	0x231f90	type=3	special image 254 (wrapper/generic, not yet decoded)
Assembly-CSharp	plt#1920	0x231fa0	type=3	special image 254 (wrapper/generic, not yet decoded)
Assembly-CSharp	plt#1921	0x231fb0	type=3	special image 254 (wrapper/generic, not yet decoded)
Assembly-CSharp	plt#1922	0x231fc0	type=3	special image 254 (wrapper/generic, not yet decoded)
Assembly-CSharp	plt#1923	0x231fd0	type=3	special image 254 (wrapper/generic, not yet decoded)
Assembly-CSharp	plt#1924	0x231fe0	type=3	special image 254 (wrapper/generic, not yet decoded)
Assembly-CSharp	plt#1925	0x231ff0	type=3	special image 254 (wrapper/generic, not yet decoded)
Assembly-CSharp	plt#1926	0x232000	type=3	special image 254 (wrapper/generic, not yet decoded)
Assembly-CSharp	plt#1927	0x232010	type=3	special image 254 (wrapper/generic, not yet decoded)
Assembly-CSharp	plt#1928	0x232020	type=3	special image 254 (wrapper/generic, not yet decoded)
Assembly-CSharp	plt#1929	0x232030	type=3	special image 254 (wrapper/generic, not yet decoded)
Assembly-CSharp	plt#1930	0x232040	type=3	special image 254 (wrapper/generic, not yet decoded)
Assembly-CSharp	plt#1931	0x232050	type=3	special image 254 (wrapper/generic, not yet decoded)
Assembly-CSharp	plt#1932	0x232060	type=3	special image 254 (wrapper/generic, not yet decoded)
Assembly-CSharp	plt#1933	0x232070	type=3	special image 254 (wrapper/generic, not yet decoded)
Assembly-CSharp	plt#1934	0x232080	type=3	special image 254 (wrapper/generic, not yet decoded)
Assembly-CSharp	plt#1935	0x232090	type=3	special image 254 (wrapper/generic, not yet decoded)
Assembly-CSharp	plt#1936	0x2320a0	type=3	special image 254 (wrapper/generic, not yet decoded)
Assembly-CSharp	plt#1937	0x2320b0	type=3	special image 254 (wrapper/generic, not yet decoded)
Assembly-CSharp	plt#1938	0x2320c0	type=3	special image 254 (wrapper/generic, not yet decoded)
Assembly-CSharp	plt#1939	0x2320d0	type=3	special image 254 (wrapper/generic, not yet decoded)
Assembly-CSharp	plt#1940	0x2320e0	type=3	special image 254 (wrapper/generic, not yet decoded)
Assembly-CSharp	plt#1941	0x2320f0	type=15	
Assembly-CSharp	plt#1942	0x232100	type=3	special image 254 (wrapper/generic, not yet decoded)
Assembly-CSharp	plt#1943	0x232110	type=3	special image 254 (wrapper/generic, not yet decoded)
Assembly-CSharp	plt#1944	0x232120	type=3	special image 254 (wrapper/generic, not yet decoded)
Assembly-CSharp	plt#1945	0x232130	type=3	special image 254 (wrapper/generic, not yet decoded)
Assembly-CSharp	plt#1946	0x232140	type=3	special image 254 (wrapper/generic, not yet decoded)
Assembly-CSharp	plt#1947	0x232150	type=3	special image 254 (wrapper/generic, not yet decoded)
Assembly-CSharp	plt#1948	0x232160	type=3	special image 254 (wrapper/generic, not yet decoded)
Assembly-CSharp	plt#1949	0x232170	type=3	special image 254 (wrapper/generic, not yet decoded)
Assembly-CSharp	plt#1950	0x232180	type=3	special image 254 (wrapper/generic, not yet decoded)
Assembly-CSharp	plt#1951	0x232190	type=3	special image 254 (wrapper/generic, not yet decoded)
Assembly-CSharp	plt#1952	0x2321a0	type=3	special image 254 (wrapper/generic, not yet decoded)
Assembly-CSharp	plt#1953	0x2321b0	type=3	special image 254 (wrapper/generic, not yet decoded)
Assembly-CSharp	plt#1954	0x2321c0	type=3	special image 254 (wrapper/generic, not yet decoded)
Assembly-CSharp	plt#1955	0x2321d0	type=3	special image 254 (wrapper/generic, not yet decoded)
Assembly-CSharp	plt#1956	0x2321e0	type=3	special image 254 (wrapper/generic, not yet decoded)
Assembly-CSharp	plt#1957	0x2321f0	type=3	special image 254 (wrapper/generic, not yet decoded)
Assembly-CSharp	plt#1958	0x232200	type=3	special image 254 (wrapper/generic, not yet decoded)
Assembly-CSharp	plt#1959	0x232210	type=3	special image 254 (wrapper/generic, not yet decoded)
Assembly-CSharp	plt#1960	0x232220	type=3	special image 254 (wrapper/generic, not yet decoded)
Assembly-CSharp	plt#1961	0x232230	type=3	special image 254 (wrapper/generic, not yet decoded)
Assembly-CSharp	plt#1962	0x232240	type=3	special image 254 (wrapper/generic, not yet decoded)
Assembly-CSharp	plt#1963	0x232250	type=3	special image 254 (wrapper/generic, not yet decoded)
Assembly-CSharp	plt#1964	0x232260	type=3	special image 254 (wrapper/generic, not yet decoded)
Assembly-CSharp	plt#1965	0x232270	type=3	special image 254 (wrapper/generic, not yet decoded)
Assembly-CSharp	plt#1966	0x232280	type=3	special image 254 (wrapper/generic, not yet decoded)
Assembly-CSharp	plt#1967	0x232290	type=3	special image 254 (wrapper/generic, not yet decoded)
Assembly-CSharp	plt#1968	0x2322a0	type=3	special image 254 (wrapper/generic, not yet decoded)
Assembly-CSharp	plt#1969	0x2322b0	type=3	special image 254 (wrapper/generic, not yet decoded)
Assembly-CSharp	plt#1970	0x2322c0	type=3	special image 254 (wrapper/generic, not yet decoded)
Assembly-CSharp	plt#1971	0x2322d0	type=3	special image 254 (wrapper/generic, not yet decoded)
Assembly-CSharp	plt#1972	0x2322e0	type=3	special image 254 (wrapper/generic, not yet decoded)
Assembly-CSharp	plt#1973	0x2322f0	type=3	special image 254 (wrapper/generic, not yet decoded)
Assembly-CSharp	plt#1974	0x232300	type=3	special image 254 (wrapper/generic, not yet decoded)
Assembly-CSharp	plt#1975	0x232310	type=3	special image 254 (wrapper/generic, not yet decoded)
Assembly-CSharp	plt#1976	0x232320	type=3	special image 254 (wrapper/generic, not yet decoded)
Assembly-CSharp	plt#1977	0x232330	type=3	special image 254 (wrapper/generic, not yet decoded)
Assembly-CSharp	plt#1978	0x232340	type=3	special image 254 (wrapper/generic, not yet decoded)
Assembly-CSharp	plt#1979	0x232350	type=3	special image 254 (wrapper/generic, not yet decoded)
Assembly-CSharp	plt#1980	0x232360	type=3	special image 254 (wrapper/generic, not yet decoded)
Assembly-CSharp	plt#1981	0x232370	type=3	special image 254 (wrapper/generic, not yet decoded)
Assembly-CSharp	plt#1982	0x232380	type=3	special image 254 (wrapper/generic, not yet decoded)
Assembly-CSharp	plt#1983	0x232390	type=15	
Assembly-CSharp	plt#1984	0x2323a0	type=3	special image 254 (wrapper/generic, not yet decoded)
Assembly-CSharp	plt#1985	0x2323b0	type=3	special image 254 (wrapper/generic, not yet decoded)
Assembly-CSharp	plt#1986	0x2323c0	type=3	special image 254 (wrapper/generic, not yet decoded)
Assembly-CSharp	plt#1987	0x2323d0	type=3	special image 254 (wrapper/generic, not yet decoded)
Assembly-CSharp	plt#1988	0x2323e0	type=3	special image 254 (wrapper/generic, not yet decoded)
Assembly-CSharp	plt#1989	0x2323f0	type=3	special image 254 (wrapper/generic, not yet decoded)
Assembly-CSharp	plt#1990	0x232400	type=3	special image 254 (wrapper/generic, not yet decoded)
Assembly-CSharp	plt#1991	0x232410	type=3	special image 254 (wrapper/generic, not yet decoded)
Assembly-CSharp	plt#1992	0x232420	type=3	special image 254 (wrapper/generic, not yet decoded)
Assembly-CSharp	plt#1993	0x232430	type=3	special image 254 (wrapper/generic, not yet decoded)
Assembly-CSharp	plt#1994	0x232440	type=3	special image 254 (wrapper/generic, not yet decoded)
Assembly-CSharp	plt#1995	0x232450	type=3	special image 254 (wrapper/generic, not yet decoded)
Assembly-CSharp	plt#1996	0x232460	type=3	special image 254 (wrapper/generic, not yet decoded)
Assembly-CSharp	plt#1997	0x232470	type=3	special image 254 (wrapper/generic, not yet decoded)
Assembly-CSharp	plt#1998	0x232480	type=3	special image 254 (wrapper/generic, not yet decoded)
Assembly-CSharp	plt#1999	0x232490	type=3	special image 254 (wrapper/generic, not yet decoded)
Assembly-CSharp	plt#2000	0x2324a0	type=3	special image 254 (wrapper/generic, not yet decoded)
Assembly-CSharp	plt#2001	0x2324b0	type=3	special image 254 (wrapper/generic, not yet decoded)
Assembly-CSharp	plt#2002	0x2324c0	type=3	special image 254 (wrapper/generic, not yet decoded)
Assembly-CSharp	plt#2003	0x2324d0	type=3	special image 254 (wrapper/generic, not yet decoded)
Assembly-CSharp	plt#2004	0x2324e0	type=3	special image 254 (wrapper/generic, not yet decoded)
Assembly-CSharp	plt#2005	0x2324f0	type=3	special image 254 (wrapper/generic, not yet decoded)
Assembly-CSharp	plt#2006	0x232500	type=3	special image 254 (wrapper/generic, not yet decoded)
Assembly-CSharp	plt#2007	0x232510	type=3	special image 254 (wrapper/generic, not yet decoded)
Assembly-CSharp	plt#2008	0x232520	type=3	special image 254 (wrapper/generic, not yet decoded)
Assembly-CSharp	plt#2009	0x232530	type=3	special image 254 (wrapper/generic, not yet decoded)
Assembly-CSharp	plt#2010	0x232540	type=3	special image 254 (wrapper/generic, not yet decoded)
Assembly-CSharp	plt#2011	0x232550	type=3	special image 254 (wrapper/generic, not yet decoded)
Assembly-CSharp	plt#2012	0x232560	type=3	special image 254 (wrapper/generic, not yet decoded)
Assembly-CSharp	plt#2013	0x232570	type=3	special image 254 (wrapper/generic, not yet decoded)
Assembly-CSharp	plt#2014	0x232580	type=3	special image 254 (wrapper/generic, not yet decoded)
Assembly-CSharp	plt#2015	0x232590	type=3	special image 254 (wrapper/generic, not yet decoded)
Assembly-CSharp	plt#2016	0x2325a0	type=3	special image 254 (wrapper/generic, not yet decoded)
Assembly-CSharp	plt#2017	0x2325b0	type=3	special image 254 (wrapper/generic, not yet decoded)
Assembly-CSharp	plt#2018	0x2325c0	type=3	special image 254 (wrapper/generic, not yet decoded)
Assembly-CSharp	plt#2019	0x2325d0	type=3	special image 254 (wrapper/generic, not yet decoded)
Assembly-CSharp	plt#2020	0x2325e0	type=3	special image 254 (wrapper/generic, not yet decoded)
Assembly-CSharp	plt#2021	0x2325f0	type=3	special image 254 (wrapper/generic, not yet decoded)
Assembly-CSharp	plt#2022	0x232600	type=3	special image 254 (wrapper/generic, not yet decoded)
Assembly-CSharp	plt#2023	0x232610	type=3	special image 254 (wrapper/generic, not yet decoded)
Assembly-CSharp	plt#2024	0x232620	type=3	special image 254 (wrapper/generic, not yet decoded)
Assembly-CSharp	plt#2025	0x232630	type=3	special image 254 (wrapper/generic, not yet decoded)
Assembly-CSharp	plt#2026	0x232640	type=3	special image 254 (wrapper/generic, not yet decoded)
Assembly-CSharp	plt#2027	0x232650	type=3	special image 254 (wrapper/generic, not yet decoded)
Assembly-CSharp	plt#2028	0x232660	type=3	special image 254 (wrapper/generic, not yet decoded)
Assembly-CSharp	plt#2029	0x232670	type=3	special image 254 (wrapper/generic, not yet decoded)
Assembly-CSharp	plt#2030	0x232680	type=3	special image 254 (wrapper/generic, not yet decoded)
Assembly-CSharp	plt#2031	0x232690	type=3	special image 254 (wrapper/generic, not yet decoded)
Assembly-CSharp	plt#2032	0x2326a0	type=3	special image 254 (wrapper/generic, not yet decoded)
Assembly-CSharp	plt#2033	0x2326b0	type=3	special image 254 (wrapper/generic, not yet decoded)
Assembly-CSharp	plt#2034	0x2326c0	type=3	special image 254 (wrapper/generic, not yet decoded)
Assembly-CSharp	plt#2035	0x2326d0	type=3	special image 254 (wrapper/generic, not yet decoded)
Assembly-CSharp	plt#2036	0x2326e0	type=3	special image 254 (wrapper/generic, not yet decoded)
Assembly-CSharp	plt#2037	0x2326f0	type=3	special image 254 (wrapper/generic, not yet decoded)
Assembly-CSharp	plt#2038	0x232700	type=3	special image 254 (wrapper/generic, not yet decoded)
Assembly-CSharp	plt#2039	0x232710	type=15	
Assembly-CSharp	plt#2040	0x232720	type=3	special image 254 (wrapper/generic, not yet decoded)
Assembly-CSharp	plt#2041	0x232730	type=3	special image 254 (wrapper/generic, not yet decoded)
Assembly-CSharp	plt#2042	0x232740	type=3	special image 254 (wrapper/generic, not yet decoded)
Assembly-CSharp	plt#2043	0x232750	type=3	special image 254 (wrapper/generic, not yet decoded)
Assembly-CSharp	plt#2044	0x232760	type=3	special image 254 (wrapper/generic, not yet decoded)
Assembly-CSharp	plt#2045	0x232770	type=3	special image 254 (wrapper/generic, not yet decoded)
Assembly-CSharp	plt#2046	0x232780	type=3	special image 254 (wrapper/generic, not yet decoded)
Assembly-CSharp	plt#2047	0x232790	type=3	special image 254 (wrapper/generic, not yet decoded)
Assembly-CSharp	plt#2048	0x2327a0	type=3	special image 254 (wrapper/generic, not yet decoded)
Assembly-CSharp	plt#2049	0x2327b0	type=3	special image 254 (wrapper/generic, not yet decoded)
Assembly-CSharp	plt#2050	0x2327c0	type=3	special image 254 (wrapper/generic, not yet decoded)
Assembly-CSharp	plt#2051	0x2327d0	type=3	special image 254 (wrapper/generic, not yet decoded)
Assembly-CSharp	plt#2052	0x2327e0	type=3	special image 254 (wrapper/generic, not yet decoded)
Assembly-CSharp	plt#2053	0x2327f0	type=3	special image 254 (wrapper/generic, not yet decoded)
Assembly-CSharp	plt#2054	0x232800	type=3	special image 254 (wrapper/generic, not yet decoded)
Assembly-CSharp	plt#2055	0x232810	type=3	special image 254 (wrapper/generic, not yet decoded)
Assembly-CSharp	plt#2056	0x232820	type=3	special image 254 (wrapper/generic, not yet decoded)
Assembly-CSharp	plt#2057	0x232830	type=3	special image 254 (wrapper/generic, not yet decoded)
Assembly-CSharp	plt#2058	0x232840	type=3	special image 254 (wrapper/generic, not yet decoded)
Assembly-CSharp	plt#2059	0x232850	type=3	special image 254 (wrapper/generic, not yet decoded)
Assembly-CSharp	plt#2060	0x232860	type=3	special image 254 (wrapper/generic, not yet decoded)
Assembly-CSharp	plt#2061	0x232870	type=3	special image 254 (wrapper/generic, not yet decoded)
Assembly-CSharp	plt#2062	0x232880	type=3	special image 254 (wrapper/generic, not yet decoded)
Assembly-CSharp	plt#2063	0x232890	type=3	special image 254 (wrapper/generic, not yet decoded)
Assembly-CSharp	plt#2064	0x2328a0	type=3	special image 254 (wrapper/generic, not yet decoded)
Assembly-CSharp	plt#2065	0x2328b0	type=3	special image 254 (wrapper/generic, not yet decoded)
Assembly-CSharp	plt#2066	0x2328c0	type=3	special image 254 (wrapper/generic, not yet decoded)
Assembly-CSharp	plt#2067	0x2328d0	type=3	special image 254 (wrapper/generic, not yet decoded)
Assembly-CSharp	plt#2068	0x2328e0	type=3	special image 254 (wrapper/generic, not yet decoded)
Assembly-CSharp	plt#2069	0x2328f0	type=3	special image 254 (wrapper/generic, not yet decoded)
Assembly-CSharp	plt#2070	0x232900	type=3	special image 254 (wrapper/generic, not yet decoded)
Assembly-CSharp	plt#2071	0x232910	type=3	special image 254 (wrapper/generic, not yet decoded)
Assembly-CSharp	plt#2072	0x232920	type=3	special image 254 (wrapper/generic, not yet decoded)
Assembly-CSharp	plt#2073	0x232930	type=3	special image 254 (wrapper/generic, not yet decoded)
Assembly-CSharp	plt#2074	0x232940	type=3	special image 254 (wrapper/generic, not yet decoded)
Assembly-CSharp	plt#2075	0x232950	type=3	special image 254 (wrapper/generic, not yet decoded)
Assembly-CSharp	plt#2076	0x232960	type=3	special image 254 (wrapper/generic, not yet decoded)
Assembly-CSharp	plt#2077	0x232970	type=3	special image 254 (wrapper/generic, not yet decoded)
Assembly-CSharp	plt#2078	0x232980	type=3	special image 254 (wrapper/generic, not yet decoded)
Assembly-CSharp	plt#2079	0x232990	type=3	special image 254 (wrapper/generic, not yet decoded)
Assembly-CSharp	plt#2080	0x2329a0	type=3	special image 254 (wrapper/generic, not yet decoded)
Assembly-CSharp	plt#2081	0x2329b0	type=3	special image 254 (wrapper/generic, not yet decoded)
Assembly-CSharp	plt#2082	0x2329c0	type=15	
Assembly-CSharp	plt#2083	0x2329d0	type=3	special image 254 (wrapper/generic, not yet decoded)
Assembly-CSharp	plt#2084	0x2329e0	type=3	special image 254 (wrapper/generic, not yet decoded)
Assembly-CSharp	plt#2085	0x2329f0	type=3	special image 254 (wrapper/generic, not yet decoded)
Assembly-CSharp	plt#2086	0x232a00	type=3	special image 254 (wrapper/generic, not yet decoded)
Assembly-CSharp	plt#2087	0x232a10	type=3	special image 254 (wrapper/generic, not yet decoded)
Assembly-CSharp	plt#2088	0x232a20	type=3	special image 254 (wrapper/generic, not yet decoded)
Assembly-CSharp	plt#2089	0x232a30	type=3	special image 254 (wrapper/generic, not yet decoded)
Assembly-CSharp	plt#2090	0x232a40	type=3	special image 254 (wrapper/generic, not yet decoded)
Assembly-CSharp	plt#2091	0x232a50	type=3	special image 254 (wrapper/generic, not yet decoded)
Assembly-CSharp	plt#2092	0x232a60	type=3	special image 254 (wrapper/generic, not yet decoded)
Assembly-CSharp	plt#2093	0x232a70	type=3	special image 254 (wrapper/generic, not yet decoded)
Assembly-CSharp	plt#2094	0x232a80	type=3	special image 254 (wrapper/generic, not yet decoded)
Assembly-CSharp	plt#2095	0x232a90	type=3	special image 254 (wrapper/generic, not yet decoded)
Assembly-CSharp	plt#2096	0x232aa0	type=3	special image 254 (wrapper/generic, not yet decoded)
Assembly-CSharp	plt#2097	0x232ab0	type=3	special image 254 (wrapper/generic, not yet decoded)
Assembly-CSharp	plt#2098	0x232ac0	type=3	special image 254 (wrapper/generic, not yet decoded)
Assembly-CSharp	plt#2099	0x232ad0	type=3	special image 254 (wrapper/generic, not yet decoded)
Assembly-CSharp	plt#2100	0x232ae0	type=3	special image 254 (wrapper/generic, not yet decoded)
Assembly-CSharp	plt#2101	0x232af0	type=3	special image 254 (wrapper/generic, not yet decoded)
Assembly-CSharp	plt#2102	0x232b00	type=3	special image 254 (wrapper/generic, not yet decoded)
Assembly-CSharp	plt#2103	0x232b10	type=3	special image 254 (wrapper/generic, not yet decoded)
Assembly-CSharp	plt#2104	0x232b20	type=3	special image 254 (wrapper/generic, not yet decoded)
Assembly-CSharp	plt#2105	0x232b30	type=3	special image 254 (wrapper/generic, not yet decoded)
Assembly-CSharp	plt#2106	0x232b40	type=3	special image 254 (wrapper/generic, not yet decoded)
Assembly-CSharp	plt#2107	0x232b50	type=3	special image 254 (wrapper/generic, not yet decoded)
Assembly-CSharp	plt#2108	0x232b60	type=3	special image 254 (wrapper/generic, not yet decoded)
Assembly-CSharp	plt#2109	0x232b70	type=3	special image 254 (wrapper/generic, not yet decoded)
Assembly-CSharp	plt#2110	0x232b80	type=3	special image 254 (wrapper/generic, not yet decoded)
Assembly-CSharp	plt#2111	0x232b90	type=3	special image 254 (wrapper/generic, not yet decoded)
Assembly-CSharp	plt#2112	0x232ba0	type=3	special image 254 (wrapper/generic, not yet decoded)
Assembly-CSharp	plt#2113	0x232bb0	type=3	special image 254 (wrapper/generic, not yet decoded)
Assembly-CSharp	plt#2114	0x232bc0	type=3	special image 254 (wrapper/generic, not yet decoded)
Assembly-CSharp	plt#2115	0x232bd0	type=3	special image 254 (wrapper/generic, not yet decoded)
Assembly-CSharp	plt#2116	0x232be0	type=3	special image 254 (wrapper/generic, not yet decoded)
Assembly-CSharp	plt#2117	0x232bf0	type=3	special image 254 (wrapper/generic, not yet decoded)
Assembly-CSharp	plt#2118	0x232c00	type=31	
Assembly-CSharp	plt#2119	0x232c10	type=31	
Assembly-CSharp	plt#2120	0x232c20	type=3	special image 254 (wrapper/generic, not yet decoded)
Assembly-CSharp	plt#2121	0x232c30	type=3	special image 254 (wrapper/generic, not yet decoded)
Assembly-CSharp	plt#2122	0x232c40	type=3	special image 254 (wrapper/generic, not yet decoded)
Assembly-CSharp	plt#2123	0x232c50	type=3	special image 254 (wrapper/generic, not yet decoded)
Assembly-CSharp	plt#2124	0x232c60	type=3	special image 254 (wrapper/generic, not yet decoded)
Assembly-CSharp	plt#2125	0x232c70	type=31	
Assembly-CSharp	plt#2126	0x232c80	type=3	special image 254 (wrapper/generic, not yet decoded)
Assembly-CSharp	plt#2127	0x232c90	type=3	special image 254 (wrapper/generic, not yet decoded)
Assembly-CSharp	plt#2128	0x232ca0	type=3	special image 254 (wrapper/generic, not yet decoded)
Assembly-CSharp	plt#2129	0x232cb0	type=31	
Assembly-CSharp	plt#2130	0x232cc0	type=3	special image 254 (wrapper/generic, not yet decoded)
Assembly-CSharp	plt#2131	0x232cd0	type=31	
Assembly-CSharp	plt#2132	0x232ce0	type=31	
Assembly-CSharp	plt#2133	0x232cf0	type=3	special image 254 (wrapper/generic, not yet decoded)
Assembly-CSharp	plt#2134	0x232d00	type=31	
Assembly-CSharp	plt#2135	0x232d10	type=3	special image 254 (wrapper/generic, not yet decoded)
Assembly-CSharp	plt#2136	0x232d20	type=3	special image 254 (wrapper/generic, not yet decoded)
Assembly-CSharp	plt#2137	0x232d30	type=3	special image 254 (wrapper/generic, not yet decoded)
Assembly-CSharp	plt#2138	0x232d40	type=3	special image 254 (wrapper/generic, not yet decoded)
Assembly-CSharp	plt#2139	0x232d50	type=15	
Assembly-CSharp	plt#2140	0x232d60	type=3	special image 254 (wrapper/generic, not yet decoded)
Assembly-CSharp	plt#2141	0x232d70	type=3	special image 254 (wrapper/generic, not yet decoded)
Assembly-CSharp	plt#2142	0x232d80	type=3	mscorlib::System.Math::Min
Assembly-CSharp	plt#2143	0x232d90	type=15	
Assembly-CSharp	plt#2144	0x232da0	type=3	special image 254 (wrapper/generic, not yet decoded)
Assembly-CSharp	plt#2145	0x232db0	type=3	special image 254 (wrapper/generic, not yet decoded)
Assembly-CSharp	plt#2146	0x232dc0	type=3	special image 254 (wrapper/generic, not yet decoded)
Assembly-CSharp	plt#2147	0x232dd0	type=3	mscorlib::System.Single::Equals
Assembly-CSharp	plt#2148	0x232de0	type=3	special image 254 (wrapper/generic, not yet decoded)
Assembly-CSharp	plt#2149	0x232df0	type=3	special image 254 (wrapper/generic, not yet decoded)
Assembly-CSharp	plt#2150	0x232e00	type=3	special image 254 (wrapper/generic, not yet decoded)
Assembly-CSharp	plt#2151	0x232e10	type=3	special image 254 (wrapper/generic, not yet decoded)
Assembly-CSharp	plt#2152	0x232e20	type=3	special image 254 (wrapper/generic, not yet decoded)
Assembly-CSharp	plt#2153	0x232e30	type=3	special image 254 (wrapper/generic, not yet decoded)
Assembly-CSharp	plt#2154	0x232e40	type=3	special image 254 (wrapper/generic, not yet decoded)
Assembly-CSharp	plt#2155	0x232e50	type=3	special image 254 (wrapper/generic, not yet decoded)
Assembly-CSharp	plt#2156	0x232e60	type=3	special image 254 (wrapper/generic, not yet decoded)
Assembly-CSharp	plt#2157	0x232e70	type=3	special image 254 (wrapper/generic, not yet decoded)
Assembly-CSharp	plt#2158	0x232e80	type=3	special image 254 (wrapper/generic, not yet decoded)
Assembly-CSharp	plt#2159	0x232e90	type=3	special image 254 (wrapper/generic, not yet decoded)
Assembly-CSharp	plt#2160	0x232ea0	type=3	special image 254 (wrapper/generic, not yet decoded)
Assembly-CSharp	plt#2161	0x232eb0	type=3	special image 254 (wrapper/generic, not yet decoded)
Assembly-CSharp	plt#2162	0x232ec0	type=3	special image 254 (wrapper/generic, not yet decoded)
Assembly-CSharp	plt#2163	0x232ed0	type=3	special image 254 (wrapper/generic, not yet decoded)
Assembly-CSharp	plt#2164	0x232ee0	type=3	special image 254 (wrapper/generic, not yet decoded)
Assembly-CSharp	plt#2165	0x232ef0	type=3	special image 254 (wrapper/generic, not yet decoded)
Assembly-CSharp	plt#2166	0x232f00	type=3	special image 254 (wrapper/generic, not yet decoded)
Assembly-CSharp	plt#2167	0x232f10	type=3	special image 254 (wrapper/generic, not yet decoded)
Assembly-CSharp	plt#2168	0x232f20	type=15	
Assembly-CSharp	plt#2169	0x232f30	type=3	special image 254 (wrapper/generic, not yet decoded)
Assembly-CSharp	plt#2170	0x232f40	type=3	special image 254 (wrapper/generic, not yet decoded)
Assembly-CSharp	plt#2171	0x232f50	type=3	special image 254 (wrapper/generic, not yet decoded)
Assembly-CSharp	plt#2172	0x232f60	type=3	special image 254 (wrapper/generic, not yet decoded)
Assembly-CSharp	plt#2173	0x232f70	type=3	special image 254 (wrapper/generic, not yet decoded)
Assembly-CSharp	plt#2174	0x232f80	type=15	
Assembly-CSharp	plt#2175	0x232f90	type=3	special image 254 (wrapper/generic, not yet decoded)
Assembly-CSharp	plt#2176	0x232fa0	type=3	special image 254 (wrapper/generic, not yet decoded)
Assembly-CSharp	plt#2177	0x232fb0	type=15	
Assembly-CSharp	plt#2178	0x232fc0	type=3	special image 254 (wrapper/generic, not yet decoded)
Assembly-CSharp	plt#2179	0x232fd0	type=3	special image 254 (wrapper/generic, not yet decoded)
Assembly-CSharp	plt#2180	0x232fe0	type=3	special image 254 (wrapper/generic, not yet decoded)
Assembly-CSharp	plt#2181	0x232ff0	type=3	special image 254 (wrapper/generic, not yet decoded)
Assembly-CSharp	plt#2182	0x233000	type=31	
Assembly-CSharp	plt#2183	0x233010	type=31	
Assembly-CSharp	plt#2184	0x233020	type=31	
Assembly-CSharp	plt#2185	0x233030	type=31	
Assembly-CSharp	plt#2186	0x233040	type=31	
Assembly-CSharp	plt#2187	0x233050	type=31	
Assembly-CSharp	plt#2188	0x233060	type=31	
Assembly-CSharp	plt#2189	0x233070	type=31	
Assembly-CSharp	plt#2190	0x233080	type=31	
Assembly-CSharp	plt#2191	0x233090	type=31	
Assembly-CSharp	plt#2192	0x2330a0	type=31	
Assembly-CSharp	plt#2193	0x2330b0	type=15	
Assembly-CSharp	plt#2194	0x2330c0	type=3	special image 254 (wrapper/generic, not yet decoded)
Assembly-CSharp	plt#2195	0x2330d0	type=3	special image 254 (wrapper/generic, not yet decoded)
Assembly-CSharp	plt#2196	0x2330e0	type=3	special image 254 (wrapper/generic, not yet decoded)
Assembly-CSharp	plt#2197	0x2330f0	type=3	special image 254 (wrapper/generic, not yet decoded)
Assembly-CSharp	plt#2198	0x233100	type=3	special image 254 (wrapper/generic, not yet decoded)
Assembly-CSharp	plt#2199	0x233110	type=3	special image 254 (wrapper/generic, not yet decoded)
Assembly-CSharp	plt#2200	0x233120	type=3	special image 254 (wrapper/generic, not yet decoded)
Assembly-CSharp-firstpass	plt#0	0xb9570	type=12	
Assembly-CSharp-firstpass	plt#1	0xb9580	type=3	Assembly-CSharp-firstpass::BurstlyBinding::_Init
Assembly-CSharp-firstpass	plt#2	0xb9590	type=3	Assembly-CSharp-firstpass::BurstlyBinding::_ShowBanner
Assembly-CSharp-firstpass	plt#3	0xb95a0	type=3	Assembly-CSharp-firstpass::BurstlyBinding::_HideBanner
Assembly-CSharp-firstpass	plt#4	0xb95b0	type=3	Assembly-CSharp-firstpass::BurstlyBinding::_SetRefreshInterval
Assembly-CSharp-firstpass	plt#5	0xb95c0	type=3	Assembly-CSharp-firstpass::BurstlyBinding::_PlaceFakeBanner
Assembly-CSharp-firstpass	plt#6	0xb95d0	type=3	Assembly-CSharp-firstpass::BurstlyBinding::_RemoveFakeBanner
Assembly-CSharp-firstpass	plt#7	0xb95e0	type=3	Assembly-CSharp-firstpass::BurstlyBinding::_CacheInterstitial
Assembly-CSharp-firstpass	plt#8	0xb95f0	type=3	Assembly-CSharp-firstpass::BurstlyBinding::_SetInterstitialAutoCache
Assembly-CSharp-firstpass	plt#9	0xb9600	type=3	Assembly-CSharp-firstpass::BurstlyBinding::_ShowInterstitial
Assembly-CSharp-firstpass	plt#10	0xb9610	type=3	Assembly-CSharp-firstpass::MoreGamesBinding::_MoreGamesInit
Assembly-CSharp-firstpass	plt#11	0xb9620	type=3	Assembly-CSharp-firstpass::MoreGamesBinding::_MoreGamesShowWindow
Assembly-CSharp-firstpass	plt#12	0xb9630	type=3	Assembly-CSharp-firstpass::MoreGamesBinding::_MoreGamesHideWindow
Assembly-CSharp-firstpass	plt#13	0xb9640	type=3	Assembly-CSharp-firstpass::MoreGamesBinding::_MoreGamesIsShowingWindow
Assembly-CSharp-firstpass	plt#14	0xb9650	type=3	mscorlib::System.Single::Parse
Assembly-CSharp-firstpass	plt#15	0xb9660	type=3	mscorlib::System.Double::Parse
Assembly-CSharp-firstpass	plt#16	0xb9670	type=3	mscorlib::System.DateTime::.ctor
Assembly-CSharp-firstpass	plt#17	0xb9680	type=3	mscorlib::System.DateTime::AddSeconds
Assembly-CSharp-firstpass	plt#18	0xb9690	type=7	
Assembly-CSharp-firstpass	plt#19	0xb96a0	type=7	
Assembly-CSharp-firstpass	plt#20	0xb96b0	type=3	Assembly-CSharp-firstpass::MiniJsonExtensions::arrayListFromJson
Assembly-CSharp-firstpass	plt#21	0xb96c0	type=3	Assembly-CSharp-firstpass::GameCenterAchievement::.ctor
Assembly-CSharp-firstpass	plt#22	0xb96d0	type=3	special image 255 (wrapper/generic, not yet decoded)
Assembly-CSharp-firstpass	plt#23	0xb96e0	type=3	special image 253 (wrapper/generic, not yet decoded)
Assembly-CSharp-firstpass	plt#24	0xb96f0	type=7	
Assembly-CSharp-firstpass	plt#25	0xb9700	type=3	special image 253 (wrapper/generic, not yet decoded)
Assembly-CSharp-firstpass	plt#26	0xb9710	type=7	
Assembly-CSharp-firstpass	plt#27	0xb9720	type=3	mscorlib::System.String::Format
Assembly-CSharp-firstpass	plt#28	0xb9730	type=3	mscorlib::System.Int32::Parse
Assembly-CSharp-firstpass	plt#29	0xb9740	type=3	Assembly-CSharp-firstpass::GameCenterAchievementMetadata::.ctor
Assembly-CSharp-firstpass	plt#30	0xb9750	type=3	special image 255 (wrapper/generic, not yet decoded)
Assembly-CSharp-firstpass	plt#31	0xb9760	type=3	UnityEngine::UnityEngine.Application::get_platform
Assembly-CSharp-firstpass	plt#32	0xb9770	type=3	Assembly-CSharp-firstpass::GameCenterBinding::_gameCenterIsGameCenterAvailable
Assembly-CSharp-firstpass	plt#33	0xb9780	type=3	Assembly-CSharp-firstpass::GameCenterBinding::_gameCenterAuthenticateLocalPlayer
Assembly-CSharp-firstpass	plt#34	0xb9790	type=3	Assembly-CSharp-firstpass::GameCenterBinding::_gameCenterIsPlayerAuthenticated
Assembly-CSharp-firstpass	plt#35	0xb97a0	type=3	Assembly-CSharp-firstpass::GameCenterBinding::_gameCenterPlayerAlias
Assembly-CSharp-firstpass	plt#36	0xb97b0	type=3	Assembly-CSharp-firstpass::GameCenterBinding::_gameCenterPlayerIdentifier
Assembly-CSharp-firstpass	plt#37	0xb97c0	type=3	Assembly-CSharp-firstpass::GameCenterBinding::_gameCenterIsUnderage
Assembly-CSharp-firstpass	plt#38	0xb97d0	type=3	Assembly-CSharp-firstpass::GameCenterBinding::_gameCenterRetrieveFriends
Assembly-CSharp-firstpass	plt#39	0xb97e0	type=3	mscorlib::System.String::Join
Assembly-CSharp-firstpass	plt#40	0xb97f0	type=3	Assembly-CSharp-firstpass::GameCenterBinding::_gameCenterLoadPlayerData
Assembly-CSharp-firstpass	plt#41	0xb9800	type=3	Assembly-CSharp-firstpass::GameCenterBinding::_gameCenterLoadProfilePhotoForLocalPlayer
Assembly-CSharp-firstpass	plt#42	0xb9810	type=3	Assembly-CSharp-firstpass::GameCenterBinding::_gameCenterLoadLeaderboardLeaderboardTitles
Assembly-CSharp-firstpass	plt#43	0xb9820	type=3	Assembly-CSharp-firstpass::GameCenterBinding::_gameCenterReportScore
Assembly-CSharp-firstpass	plt#44	0xb9830	type=3	Assembly-CSharp-firstpass::GameCenterBinding::_gameCenterShowLeaderboardWithTimeScope
Assembly-CSharp-firstpass	plt#45	0xb9840	type=3	Assembly-CSharp-firstpass::GameCenterBinding::_gameCenterShowLeaderboardWithTimeScopeAndLeaderboardId
Assembly-CSharp-firstpass	plt#46	0xb9850	type=3	Assembly-CSharp-firstpass::GameCenterBinding::_gameCenterRetrieveScores
Assembly-CSharp-firstpass	plt#47	0xb9860	type=3	Assembly-CSharp-firstpass::GameCenterBinding::_gameCenterRetrieveScoresForLeaderboard
Assembly-CSharp-firstpass	plt#48	0xb9870	type=3	Assembly-CSharp-firstpass::GameCenterBinding::_gameCenterRetrieveScoresForPlayerId
Assembly-CSharp-firstpass	plt#49	0xb9880	type=3	Assembly-CSharp-firstpass::GameCenterBinding::_gameCenterRetrieveScoresForPlayerIdAndLeaderboard
Assembly-CSharp-firstpass	plt#50	0xb9890	type=3	Assembly-CSharp-firstpass::GameCenterBinding::_gameCenterReportAchievement
Assembly-CSharp-firstpass	plt#51	0xb98a0	type=3	Assembly-CSharp-firstpass::GameCenterBinding::_gameCenterGetAchievements
Assembly-CSharp-firstpass	plt#52	0xb98b0	type=3	Assembly-CSharp-firstpass::GameCenterBinding::_gameCenterResetAchievements
Assembly-CSharp-firstpass	plt#53	0xb98c0	type=3	Assembly-CSharp-firstpass::GameCenterBinding::_gameCenterShowAchievements
Assembly-CSharp-firstpass	plt#54	0xb98d0	type=3	Assembly-CSharp-firstpass::GameCenterBinding::_gameCenterRetrieveAchievementMetadata
Assembly-CSharp-firstpass	plt#55	0xb98e0	type=3	Assembly-CSharp-firstpass::GameCenterBinding::_gameCenterShowCompletionBannerForAchievements
Assembly-CSharp-firstpass	plt#56	0xb98f0	type=3	UnityEngine::UnityEngine.MonoBehaviour::.ctor
Assembly-CSharp-firstpass	plt#57	0xb9900	type=3	special image 252 (wrapper/generic, not yet decoded)
Assembly-CSharp-firstpass	plt#58	0xb9910	type=3	special image 252 (wrapper/generic, not yet decoded)
Assembly-CSharp-firstpass	plt#59	0xb9920	type=3	special image 252 (wrapper/generic, not yet decoded)
Assembly-CSharp-firstpass	plt#60	0xb9930	type=3	special image 252 (wrapper/generic, not yet decoded)
Assembly-CSharp-firstpass	plt#61	0xb9940	type=3	special image 252 (wrapper/generic, not yet decoded)
Assembly-CSharp-firstpass	plt#62	0xb9950	type=3	special image 252 (wrapper/generic, not yet decoded)
Assembly-CSharp-firstpass	plt#63	0xb9960	type=3	special image 252 (wrapper/generic, not yet decoded)
Assembly-CSharp-firstpass	plt#64	0xb9970	type=3	special image 252 (wrapper/generic, not yet decoded)
Assembly-CSharp-firstpass	plt#65	0xb9980	type=3	special image 252 (wrapper/generic, not yet decoded)
Assembly-CSharp-firstpass	plt#66	0xb9990	type=3	special image 252 (wrapper/generic, not yet decoded)
Assembly-CSharp-firstpass	plt#67	0xb99a0	type=3	special image 252 (wrapper/generic, not yet decoded)
Assembly-CSharp-firstpass	plt#68	0xb99b0	type=3	special image 252 (wrapper/generic, not yet decoded)
Assembly-CSharp-firstpass	plt#69	0xb99c0	type=3	special image 252 (wrapper/generic, not yet decoded)
Assembly-CSharp-firstpass	plt#70	0xb99d0	type=3	special image 252 (wrapper/generic, not yet decoded)
Assembly-CSharp-firstpass	plt#71	0xb99e0	type=3	special image 252 (wrapper/generic, not yet decoded)
Assembly-CSharp-firstpass	plt#72	0xb99f0	type=3	special image 252 (wrapper/generic, not yet decoded)
Assembly-CSharp-firstpass	plt#73	0xb9a00	type=3	special image 252 (wrapper/generic, not yet decoded)
Assembly-CSharp-firstpass	plt#74	0xb9a10	type=3	special image 252 (wrapper/generic, not yet decoded)
Assembly-CSharp-firstpass	plt#75	0xb9a20	type=3	special image 252 (wrapper/generic, not yet decoded)
Assembly-CSharp-firstpass	plt#76	0xb9a30	type=3	special image 252 (wrapper/generic, not yet decoded)
Assembly-CSharp-firstpass	plt#77	0xb9a40	type=3	special image 252 (wrapper/generic, not yet decoded)
Assembly-CSharp-firstpass	plt#78	0xb9a50	type=3	special image 252 (wrapper/generic, not yet decoded)
Assembly-CSharp-firstpass	plt#79	0xb9a60	type=3	special image 252 (wrapper/generic, not yet decoded)
Assembly-CSharp-firstpass	plt#80	0xb9a70	type=3	special image 252 (wrapper/generic, not yet decoded)
Assembly-CSharp-firstpass	plt#81	0xb9a80	type=3	special image 252 (wrapper/generic, not yet decoded)
Assembly-CSharp-firstpass	plt#82	0xb9a90	type=3	special image 252 (wrapper/generic, not yet decoded)
Assembly-CSharp-firstpass	plt#83	0xb9aa0	type=3	special image 252 (wrapper/generic, not yet decoded)
Assembly-CSharp-firstpass	plt#84	0xb9ab0	type=3	special image 252 (wrapper/generic, not yet decoded)
Assembly-CSharp-firstpass	plt#85	0xb9ac0	type=3	special image 252 (wrapper/generic, not yet decoded)
Assembly-CSharp-firstpass	plt#86	0xb9ad0	type=3	special image 252 (wrapper/generic, not yet decoded)
Assembly-CSharp-firstpass	plt#87	0xb9ae0	type=3	special image 252 (wrapper/generic, not yet decoded)
Assembly-CSharp-firstpass	plt#88	0xb9af0	type=3	special image 252 (wrapper/generic, not yet decoded)
Assembly-CSharp-firstpass	plt#89	0xb9b00	type=3	special image 252 (wrapper/generic, not yet decoded)
Assembly-CSharp-firstpass	plt#90	0xb9b10	type=3	special image 252 (wrapper/generic, not yet decoded)
Assembly-CSharp-firstpass	plt#91	0xb9b20	type=3	special image 252 (wrapper/generic, not yet decoded)
Assembly-CSharp-firstpass	plt#92	0xb9b30	type=3	special image 252 (wrapper/generic, not yet decoded)
Assembly-CSharp-firstpass	plt#93	0xb9b40	type=3	special image 252 (wrapper/generic, not yet decoded)
Assembly-CSharp-firstpass	plt#94	0xb9b50	type=3	special image 252 (wrapper/generic, not yet decoded)
Assembly-CSharp-firstpass	plt#95	0xb9b60	type=3	special image 252 (wrapper/generic, not yet decoded)
Assembly-CSharp-firstpass	plt#96	0xb9b70	type=3	special image 252 (wrapper/generic, not yet decoded)
Assembly-CSharp-firstpass	plt#97	0xb9b80	type=3	special image 252 (wrapper/generic, not yet decoded)
Assembly-CSharp-firstpass	plt#98	0xb9b90	type=3	special image 252 (wrapper/generic, not yet decoded)
Assembly-CSharp-firstpass	plt#99	0xb9ba0	type=3	special image 252 (wrapper/generic, not yet decoded)
Assembly-CSharp-firstpass	plt#100	0xb9bb0	type=3	special image 252 (wrapper/generic, not yet decoded)
Assembly-CSharp-firstpass	plt#101	0xb9bc0	type=3	special image 252 (wrapper/generic, not yet decoded)
Assembly-CSharp-firstpass	plt#102	0xb9bd0	type=3	UnityEngine::UnityEngine.Debug::Log
Assembly-CSharp-firstpass	plt#103	0xb9be0	type=3	mscorlib::System.String::Concat
Assembly-CSharp-firstpass	plt#104	0xb9bf0	type=3	special image 255 (wrapper/generic, not yet decoded)
Assembly-CSharp-firstpass	plt#105	0xb9c00	type=3	special image 255 (wrapper/generic, not yet decoded)
Assembly-CSharp-firstpass	plt#106	0xb9c10	type=3	special image 255 (wrapper/generic, not yet decoded)
Assembly-CSharp-firstpass	plt#107	0xb9c20	type=3	special image 255 (wrapper/generic, not yet decoded)
Assembly-CSharp-firstpass	plt#108	0xb9c30	type=3	special image 255 (wrapper/generic, not yet decoded)
Assembly-CSharp-firstpass	plt#109	0xb9c40	type=3	special image 255 (wrapper/generic, not yet decoded)
Assembly-CSharp-firstpass	plt#110	0xb9c50	type=3	special image 255 (wrapper/generic, not yet decoded)
Assembly-CSharp-firstpass	plt#111	0xb9c60	type=3	special image 255 (wrapper/generic, not yet decoded)
Assembly-CSharp-firstpass	plt#112	0xb9c70	type=3	special image 255 (wrapper/generic, not yet decoded)
Assembly-CSharp-firstpass	plt#113	0xb9c80	type=3	special image 255 (wrapper/generic, not yet decoded)
Assembly-CSharp-firstpass	plt#114	0xb9c90	type=3	Assembly-CSharp-firstpass::MiniJsonExtensions::hashtableFromJson
Assembly-CSharp-firstpass	plt#115	0xb9ca0	type=3	special image 255 (wrapper/generic, not yet decoded)
Assembly-CSharp-firstpass	plt#116	0xb9cb0	type=3	mscorlib::System.String::Format
Assembly-CSharp-firstpass	plt#117	0xb9cc0	type=3	mscorlib::System.Delegate::Combine
Assembly-CSharp-firstpass	plt#118	0xb9cd0	type=3	mscorlib::System.Delegate::Remove
Assembly-CSharp-firstpass	plt#119	0xb9ce0	type=3	UnityEngine::UnityEngine.Component::get_gameObject
Assembly-CSharp-firstpass	plt#120	0xb9cf0	type=3	UnityEngine::UnityEngine.Object::set_name
Assembly-CSharp-firstpass	plt#121	0xb9d00	type=3	UnityEngine::UnityEngine.Object::DontDestroyOnLoad
Assembly-CSharp-firstpass	plt#122	0xb9d10	type=3	UnityEngine::UnityEngine.Object::FindObjectsOfType
Assembly-CSharp-firstpass	plt#123	0xb9d20	type=3	UnityEngine::UnityEngine.Object::Destroy
Assembly-CSharp-firstpass	plt#124	0xb9d30	type=3	Assembly-CSharp-firstpass::GameCenterPlayer::fromJSON
Assembly-CSharp-firstpass	plt#125	0xb9d40	type=3	Assembly-CSharp-firstpass::GameCenterLeaderboard::fromJSON
Assembly-CSharp-firstpass	plt#126	0xb9d50	type=3	Assembly-CSharp-firstpass::GameCenterScore::fromJSON
Assembly-CSharp-firstpass	plt#127	0xb9d60	type=3	Assembly-CSharp-firstpass::GameCenterAchievement::fromJSON
Assembly-CSharp-firstpass	plt#128	0xb9d70	type=3	Assembly-CSharp-firstpass::GameCenterAchievementMetadata::fromJSON
Assembly-CSharp-firstpass	plt#129	0xb9d80	type=3	Assembly-CSharp-firstpass::GameCenterPlayer::.ctor
Assembly-CSharp-firstpass	plt#130	0xb9d90	type=3	special image 255 (wrapper/generic, not yet decoded)
Assembly-CSharp-firstpass	plt#131	0xb9da0	type=3	mscorlib::System.String::Format
Assembly-CSharp-firstpass	plt#132	0xb9db0	type=3	mscorlib::System.Int64::Parse
Assembly-CSharp-firstpass	plt#133	0xb9dc0	type=3	Assembly-CSharp-firstpass::GameCenterScore::.ctor
Assembly-CSharp-firstpass	plt#134	0xb9dd0	type=3	special image 255 (wrapper/generic, not yet decoded)
Assembly-CSharp-firstpass	plt#135	0xb9de0	type=3	special image 252 (wrapper/generic, not yet decoded)
Assembly-CSharp-firstpass	plt#136	0xb9df0	type=3	special image 252 (wrapper/generic, not yet decoded)
Assembly-CSharp-firstpass	plt#137	0xb9e00	type=3	special image 252 (wrapper/generic, not yet decoded)
Assembly-CSharp-firstpass	plt#138	0xb9e10	type=3	UnityEngine::UnityEngine.Screen::get_width
Assembly-CSharp-firstpass	plt#139	0xb9e20	type=3	UnityEngine::UnityEngine.Screen::get_height
Assembly-CSharp-firstpass	plt#140	0xb9e30	type=3	UnityEngine::UnityEngine.Rect::.ctor
Assembly-CSharp-firstpass	plt#141	0xb9e40	type=3	UnityEngine::UnityEngine.GUI::Button
Assembly-CSharp-firstpass	plt#142	0xb9e50	type=3	UnityEngine::UnityEngine.Random::Range
Assembly-CSharp-firstpass	plt#143	0xb9e60	type=3	mscorlib::System.String::Concat
Assembly-CSharp-firstpass	plt#144	0xb9e70	type=3	special image 255 (wrapper/generic, not yet decoded)
Assembly-CSharp-firstpass	plt#145	0xb9e80	type=3	UnityEngine::UnityEngine.Application::LoadLevel
Assembly-CSharp-firstpass	plt#146	0xb9e90	type=3	Assembly-CSharp-firstpass::GameCenterBinding::playerAlias
Assembly-CSharp-firstpass	plt#147	0xb9ea0	type=3	special image 255 (wrapper/generic, not yet decoded)
Assembly-CSharp-firstpass	plt#148	0xb9eb0	type=3	Assembly-CSharp-firstpass::GameCenterBinding::playerIdentifier
Assembly-CSharp-firstpass	plt#149	0xb9ec0	type=3	UnityEngine::UnityEngine.Object::op_Equality
Assembly-CSharp-firstpass	plt#150	0xb9ed0	type=3	UnityEngine::UnityEngine.Object::FindObjectOfType
Assembly-CSharp-firstpass	plt#151	0xb9ee0	type=3	UnityEngine::UnityEngine.PlayerPrefs::GetFloat
Assembly-CSharp-firstpass	plt#152	0xb9ef0	type=3	UnityEngine::UnityEngine.PlayerPrefs::SetFloat
Assembly-CSharp-firstpass	plt#153	0xb9f00	type=3	Assembly-CSharp-firstpass::GDMOBinding::_GDMOInitWithAppKey
Assembly-CSharp-firstpass	plt#154	0xb9f10	type=3	Assembly-CSharp-firstpass::GDMOBinding::_GDMOInitWithAppKeyEx
Assembly-CSharp-firstpass	plt#155	0xb9f20	type=3	Assembly-CSharp-firstpass::GDMOBinding::_GDMOLogAnalyticsEvent
Assembly-CSharp-firstpass	plt#156	0xb9f30	type=3	Assembly-CSharp-firstpass::MiniJSON::jsonEncode
Assembly-CSharp-firstpass	plt#157	0xb9f40	type=3	Assembly-CSharp-firstpass::GDMOBinding::_GDMOLogAnalyticsEventWithJSON
Assembly-CSharp-firstpass	plt#158	0xb9f50	type=3	Assembly-CSharp-firstpass::GDMOBinding::_GDMOFlushAnalyticsQueue
Assembly-CSharp-firstpass	plt#159	0xb9f60	type=3	UnityEngine::UnityEngine.Vector3::get_one
Assembly-CSharp-firstpass	plt#160	0xb9f70	type=3	UnityEngine::UnityEngine.Vector3::get_zero
Assembly-CSharp-firstpass	plt#161	0xb9f80	type=3	UnityEngine::UnityEngine.Quaternion::get_identity
Assembly-CSharp-firstpass	plt#162	0xb9f90	type=3	UnityEngine::UnityEngine.MonoBehaviour::StartCoroutine
Assembly-CSharp-firstpass	plt#163	0xb9fa0	type=3	UnityEngine::UnityEngine.Vector3::op_Multiply
Assembly-CSharp-firstpass	plt#164	0xb9fb0	type=3	UnityEngine::UnityEngine.Vector3::.ctor
Assembly-CSharp-firstpass	plt#165	0xb9fc0	type=3	UnityEngine::UnityEngine.GUI::set_depth
Assembly-CSharp-firstpass	plt#166	0xb9fd0	type=3	UnityEngine::UnityEngine.GUI::set_enabled
Assembly-CSharp-firstpass	plt#167	0xb9fe0	type=3	UnityEngine::UnityEngine.GUI::set_skin
Assembly-CSharp-firstpass	plt#168	0xb9ff0	type=3	Assembly-CSharp-firstpass::Screenx::ScaleGUIToWidth
Assembly-CSharp-firstpass	plt#169	0xba000	type=3	UnityEngine::UnityEngine.Color::.ctor
Assembly-CSharp-firstpass	plt#170	0xba010	type=3	UnityEngine::UnityEngine.GUI::set_color
Assembly-CSharp-firstpass	plt#171	0xba020	type=3	UnityEngine::UnityEngine.GUI::get_matrix
Assembly-CSharp-firstpass	plt#172	0xba030	type=3	UnityEngine::UnityEngine.Matrix4x4::op_Multiply
Assembly-CSharp-firstpass	plt#173	0xba040	type=3	UnityEngine::UnityEngine.GUI::set_matrix
Assembly-CSharp-firstpass	plt#174	0xba050	type=3	UnityEngine::UnityEngine.GUI::BringWindowToFront
Assembly-CSharp-firstpass	plt#175	0xba060	type=3	UnityEngine::UnityEngine.GUI::FocusWindow
Assembly-CSharp-firstpass	plt#176	0xba070	type=7	
Assembly-CSharp-firstpass	plt#177	0xba080	type=3	UnityEngine::WindowFunction::.ctor
Assembly-CSharp-firstpass	plt#178	0xba090	type=3	UnityEngine::UnityEngine.GUI::Window
Assembly-CSharp-firstpass	plt#179	0xba0a0	type=3	mscorlib::System.Text.StringBuilder::.ctor
Assembly-CSharp-firstpass	plt#180	0xba0b0	type=3	special image 255 (wrapper/generic, not yet decoded)
Assembly-CSharp-firstpass	plt#181	0xba0c0	type=3	mscorlib::System.String::Replace
Assembly-CSharp-firstpass	plt#182	0xba0d0	type=3	mscorlib::System.String::Concat
Assembly-CSharp-firstpass	plt#183	0xba0e0	type=3	mscorlib::System.Text.StringBuilder::Append
Assembly-CSharp-firstpass	plt#184	0xba0f0	type=3	special image 255 (wrapper/generic, not yet decoded)
Assembly-CSharp-firstpass	plt#185	0xba100	type=3	mscorlib::System.Text.StringBuilder::ToString
Assembly-CSharp-firstpass	plt#186	0xba110	type=3	special image 255 (wrapper/generic, not yet decoded)
Assembly-CSharp-firstpass	plt#187	0xba120	type=3	mscorlib::System.String::Split
Assembly-CSharp-firstpass	plt#188	0xba130	type=3	special image 255 (wrapper/generic, not yet decoded)
Assembly-CSharp-firstpass	plt#189	0xba140	type=35	
Assembly-CSharp-firstpass	plt#190	0xba150	type=7	
Assembly-CSharp-firstpass	plt#191	0xba160	type=3	special image 254 (wrapper/generic, not yet decoded)
Assembly-CSharp-firstpass	plt#192	0xba170	type=35	
Assembly-CSharp-firstpass	plt#193	0xba180	type=36	
Assembly-CSharp-firstpass	plt#194	0xba190	type=35	
Assembly-CSharp-firstpass	plt#195	0xba1a0	type=35	
Assembly-CSharp-firstpass	plt#196	0xba1b0	type=35	
Assembly-CSharp-firstpass	plt#197	0xba1c0	type=35	
Assembly-CSharp-firstpass	plt#198	0xba1d0	type=7	
Assembly-CSharp-firstpass	plt#199	0xba1e0	type=7	
Assembly-CSharp-firstpass	plt#200	0xba1f0	type=35	
Assembly-CSharp-firstpass	plt#201	0xba200	type=3	special image 254 (wrapper/generic, not yet decoded)
Assembly-CSharp-firstpass	plt#202	0xba210	type=35	
Assembly-CSharp-firstpass	plt#203	0xba220	type=35	
Assembly-CSharp-firstpass	plt#204	0xba230	type=35	
Assembly-CSharp-firstpass	plt#205	0xba240	type=35	
Assembly-CSharp-firstpass	plt#206	0xba250	type=3	special image 254 (wrapper/generic, not yet decoded)
Assembly-CSharp-firstpass	plt#207	0xba260	type=35	
Assembly-CSharp-firstpass	plt#208	0xba270	type=35	
Assembly-CSharp-firstpass	plt#209	0xba280	type=35	
Assembly-CSharp-firstpass	plt#210	0xba290	type=35	
Assembly-CSharp-firstpass	plt#211	0xba2a0	type=35	
Assembly-CSharp-firstpass	plt#212	0xba2b0	type=3	special image 254 (wrapper/generic, not yet decoded)
Assembly-CSharp-firstpass	plt#213	0xba2c0	type=35	
Assembly-CSharp-firstpass	plt#214	0xba2d0	type=3	mscorlib::System.String::memcpy
Assembly-CSharp-firstpass	plt#215	0xba2e0	type=3	Assembly-CSharp-firstpass::ExternalPersistentArchive::Serialize
Assembly-CSharp-firstpass	plt#216	0xba2f0	type=3	UnityEngine::UnityEngine.Application::get_isWebPlayer
Assembly-CSharp-firstpass	plt#217	0xba300	type=3	Assembly-CSharp-firstpass::ExternalPersistentArchive::Encode
Assembly-CSharp-firstpass	plt#218	0xba310	type=3	UnityEngine::UnityEngine.Application::get_persistentDataPath
Assembly-CSharp-firstpass	plt#219	0xba320	type=3	mscorlib::System.String::Concat
Assembly-CSharp-firstpass	plt#220	0xba330	type=3	mscorlib::System.IO.File::Exists
Assembly-CSharp-firstpass	plt#221	0xba340	type=3	mscorlib::System.IO.File::Delete
Assembly-CSharp-firstpass	plt#222	0xba350	type=3	mscorlib::System.IO.File::Create
Assembly-CSharp-firstpass	plt#223	0xba360	type=3	mscorlib::System.Security.Cryptography.RijndaelManaged::.ctor
Assembly-CSharp-firstpass	plt#224	0xba370	type=3	mscorlib::System.Security.Cryptography.RijndaelManaged::GenerateIV
Assembly-CSharp-firstpass	plt#225	0xba380	type=3	mscorlib::System.Security.Cryptography.RijndaelManaged::CreateEncryptor
Assembly-CSharp-firstpass	plt#226	0xba390	type=3	mscorlib::System.IO.MemoryStream::.ctor
Assembly-CSharp-firstpass	plt#227	0xba3a0	type=3	mscorlib::System.Security.Cryptography.CryptoStream::.ctor
Assembly-CSharp-firstpass	plt#228	0xba3b0	type=3	mscorlib::System.IO.StreamWriter::.ctor
Assembly-CSharp-firstpass	plt#229	0xba3c0	type=3	special image 255 (wrapper/generic, not yet decoded)
Assembly-CSharp-firstpass	plt#230	0xba3d0	type=3	special image 255 (wrapper/generic, not yet decoded)
Assembly-CSharp-firstpass	plt#231	0xba3e0	type=3	mscorlib::System.Array::Copy
Assembly-CSharp-firstpass	plt#232	0xba3f0	type=3	mscorlib::System.Array::Copy
Assembly-CSharp-firstpass	plt#233	0xba400	type=3	mscorlib::System.IO.MemoryStream::.ctor
Assembly-CSharp-firstpass	plt#234	0xba410	type=3	mscorlib::System.Security.Cryptography.RijndaelManaged::CreateDecryptor
Assembly-CSharp-firstpass	plt#235	0xba420	type=3	mscorlib::System.IO.StreamReader::.ctor
Assembly-CSharp-firstpass	plt#236	0xba430	type=3	mscorlib::System.IO.File::OpenRead
Assembly-CSharp-firstpass	plt#237	0xba440	type=3	Assembly-CSharp-firstpass::ExternalPersistentArchive::Decode
Assembly-CSharp-firstpass	plt#238	0xba450	type=3	Assembly-CSharp-firstpass::ExternalPersistentArchive::DecryptLocal
Assembly-CSharp-firstpass	plt#239	0xba460	type=3	UnityEngine::UnityEngine.Object::op_Inequality
Assembly-CSharp-firstpass	plt#240	0xba470	type=3	UnityEngine::UnityEngine.Camera::get_main
Assembly-CSharp-firstpass	plt#241	0xba480	type=3	UnityEngine::UnityEngine.Component::get_transform
Assembly-CSharp-firstpass	plt#242	0xba490	type=3	UnityEngine::UnityEngine.Transform::get_position
Assembly-CSharp-firstpass	plt#243	0xba4a0	type=3	Assembly-CSharp-firstpass::AudioManager::get_instance
Assembly-CSharp-firstpass	plt#244	0xba4b0	type=3	Assembly-CSharp-firstpass::AudioManager::get_SoundEffectsVolume
Assembly-CSharp-firstpass	plt#245	0xba4c0	type=3	Assembly-CSharp-firstpass::AudioSourcex::PlayClipAtPosition
Assembly-CSharp-firstpass	plt#246	0xba4d0	type=3	UnityEngine::UnityEngine.Object::get_name
Assembly-CSharp-firstpass	plt#247	0xba4e0	type=7	
Assembly-CSharp-firstpass	plt#248	0xba4f0	type=3	UnityEngine::UnityEngine.GameObject::.ctor
Assembly-CSharp-firstpass	plt#249	0xba500	type=3	UnityEngine::UnityEngine.GameObject::AddComponent
Assembly-CSharp-firstpass	plt#250	0xba510	type=3	UnityEngine::UnityEngine.GameObject::get_audio
Assembly-CSharp-firstpass	plt#251	0xba520	type=3	UnityEngine::UnityEngine.AudioSource::set_clip
Assembly-CSharp-firstpass	plt#252	0xba530	type=3	UnityEngine::UnityEngine.GameObject::get_transform
Assembly-CSharp-firstpass	plt#253	0xba540	type=3	UnityEngine::UnityEngine.Transform::set_position
Assembly-CSharp-firstpass	plt#254	0xba550	type=3	UnityEngine::UnityEngine.Transform::set_parent
Assembly-CSharp-firstpass	plt#255	0xba560	type=3	UnityEngine::UnityEngine.AudioSource::set_volume
Assembly-CSharp-firstpass	plt#256	0xba570	type=3	UnityEngine::UnityEngine.AudioSource::set_pitch
Assembly-CSharp-firstpass	plt#257	0xba580	type=3	UnityEngine::UnityEngine.AudioSource::Play
Assembly-CSharp-firstpass	plt#258	0xba590	type=3	UnityEngine::UnityEngine.AudioClip::get_length
Assembly-CSharp-firstpass	plt#259	0xba5a0	type=3	UnityEngine::UnityEngine.Object::Destroy
Assembly-CSharp-firstpass	plt#260	0xba5b0	type=3	Assembly-CSharp-firstpass::AudioSourcex::PlayClipAtTransform
Assembly-CSharp-firstpass	plt#261	0xba5c0	type=3	mscorlib::System.IO.MemoryStream::.ctor
Assembly-CSharp-firstpass	plt#262	0xba5d0	type=3	mscorlib::System.IO.BinaryWriter::.ctor
Assembly-CSharp-firstpass	plt#263	0xba5e0	type=3	mscorlib::System.IO.BinaryReader::.ctor
Assembly-CSharp-firstpass	plt#264	0xba5f0	type=35	
Assembly-CSharp-firstpass	plt#265	0xba600	type=3	mscorlib::System.Runtime.InteropServices.Marshal::SizeOf
Assembly-CSharp-firstpass	plt#266	0xba610	type=3	mscorlib::System.Runtime.InteropServices.Marshal::AllocHGlobal
Assembly-CSharp-firstpass	plt#267	0xba620	type=3	mscorlib::System.Runtime.InteropServices.Marshal::StructureToPtr
Assembly-CSharp-firstpass	plt#268	0xba630	type=3	mscorlib::System.Runtime.InteropServices.Marshal::Copy
Assembly-CSharp-firstpass	plt#269	0xba640	type=3	mscorlib::System.Runtime.InteropServices.Marshal::FreeHGlobal
Assembly-CSharp-firstpass	plt#270	0xba650	type=3	mscorlib::System.Runtime.InteropServices.Marshal::Copy
Assembly-CSharp-firstpass	plt#271	0xba660	type=3	mscorlib::System.Runtime.InteropServices.Marshal::PtrToStructure
Assembly-CSharp-firstpass	plt#272	0xba670	type=35	
Assembly-CSharp-firstpass	plt#273	0xba680	type=3	UnityEngine::UnityEngine.WWW::EscapeURL
Assembly-CSharp-firstpass	plt#274	0xba690	type=3	Assembly-CSharp-firstpass::Email::EscapeText
Assembly-CSharp-firstpass	plt#275	0xba6a0	type=3	UnityEngine::UnityEngine.Application::OpenURL
Assembly-CSharp-firstpass	plt#276	0xba6b0	type=3	UnityEngine::UnityEngine.GUIStyle::op_Implicit
Assembly-CSharp-firstpass	plt#277	0xba6c0	type=3	UnityEngine::UnityEngine.GUIStyle::.ctor
Assembly-CSharp-firstpass	plt#278	0xba6d0	type=3	Assembly-CSharp-firstpass::GUIx::TextRectShadow
Assembly-CSharp-firstpass	plt#279	0xba6e0	type=3	Assembly-CSharp-firstpass::GUIx::TextRect
Assembly-CSharp-firstpass	plt#280	0xba6f0	type=3	mscorlib::System.String::memset
Assembly-CSharp-firstpass	plt#281	0xba700	type=3	UnityEngine::UnityEngine.GUIContent::.ctor
Assembly-CSharp-firstpass	plt#282	0xba710	type=3	UnityEngine::UnityEngine.GUIStyle::CalcSize
Assembly-CSharp-firstpass	plt#283	0xba720	type=3	UnityEngine::UnityEngine.Matrix4x4::TRS
Assembly-CSharp-firstpass	plt#284	0xba730	type=3	UnityEngine::UnityEngine.GUI::Label
Assembly-CSharp-firstpass	plt#285	0xba740	type=3	Assembly-CSharp-firstpass::GUIx::AutoScaleText
Assembly-CSharp-firstpass	plt#286	0xba750	type=3	Assembly-CSharp-firstpass::GUIx::TextRectShadow
Assembly-CSharp-firstpass	plt#287	0xba760	type=3	UnityEngine::UnityEngine.GUIStyle::get_normal
Assembly-CSharp-firstpass	plt#288	0xba770	type=3	UnityEngine::UnityEngine.GUIStyleState::set_textColor
Assembly-CSharp-firstpass	plt#289	0xba780	type=3	UnityEngine::UnityEngine.GUIStyleState::get_background
Assembly-CSharp-firstpass	plt#290	0xba790	type=3	UnityEngine::UnityEngine.GUIStyleState::set_background
Assembly-CSharp-firstpass	plt#291	0xba7a0	type=3	Assembly-CSharp-firstpass::GUIx::LabelShadow
Assembly-CSharp-firstpass	plt#292	0xba7b0	type=3	UnityEngine::UnityEngine.GUI::Label
Assembly-CSharp-firstpass	plt#293	0xba7c0	type=3	Assembly-CSharp-firstpass::GUIx::ButtonShadow
Assembly-CSharp-firstpass	plt#294	0xba7d0	type=3	Assembly-CSharp-firstpass::GUIx::ButtonShadow
Assembly-CSharp-firstpass	plt#295	0xba7e0	type=3	UnityEngine::UnityEngine.GUIStyle::get_hover
Assembly-CSharp-firstpass	plt#296	0xba7f0	type=3	UnityEngine::UnityEngine.GUIStyle::get_active
Assembly-CSharp-firstpass	plt#297	0xba800	type=3	UnityEngine::UnityEngine.GUIStyle::get_contentOffset
Assembly-CSharp-firstpass	plt#298	0xba810	type=3	UnityEngine::UnityEngine.Vector2::op_Addition
Assembly-CSharp-firstpass	plt#299	0xba820	type=3	UnityEngine::UnityEngine.GUIStyle::set_contentOffset
Assembly-CSharp-firstpass	plt#300	0xba830	type=3	UnityEngine::UnityEngine.GUI::Button
Assembly-CSharp-firstpass	plt#301	0xba840	type=3	Assembly-CSharp-firstpass::GUIx::BeginGroupShadow
Assembly-CSharp-firstpass	plt#302	0xba850	type=3	UnityEngine::UnityEngine.GUI::BeginGroup
Assembly-CSharp-firstpass	plt#303	0xba860	type=3	UnityEngine::UnityEngine.GUI::Box
Assembly-CSharp-firstpass	plt#304	0xba870	type=3	UnityEngine::UnityEngine.GUI::EndGroup
Assembly-CSharp-firstpass	plt#305	0xba880	type=3	Assembly-CSharp-firstpass::GUIx::ToggleShadow
Assembly-CSharp-firstpass	plt#306	0xba890	type=3	UnityEngine::UnityEngine.GUIStyle::get_onNormal
Assembly-CSharp-firstpass	plt#307	0xba8a0	type=3	UnityEngine::UnityEngine.GUIStyle::get_onHover
Assembly-CSharp-firstpass	plt#308	0xba8b0	type=3	UnityEngine::UnityEngine.GUIStyle::get_onActive
Assembly-CSharp-firstpass	plt#309	0xba8c0	type=3	UnityEngine::UnityEngine.GUIStyle::get_focused
Assembly-CSharp-firstpass	plt#310	0xba8d0	type=3	UnityEngine::UnityEngine.GUIStyle::get_onFocused
Assembly-CSharp-firstpass	plt#311	0xba8e0	type=3	UnityEngine::UnityEngine.GUI::Toggle
Assembly-CSharp-firstpass	plt#312	0xba8f0	type=3	Assembly-CSharp-firstpass::GUIx::RepeatButtonShadow
Assembly-CSharp-firstpass	plt#313	0xba900	type=3	UnityEngine::UnityEngine.GUI::RepeatButton
Assembly-CSharp-firstpass	plt#314	0xba910	type=3	UnityEngine::UnityEngine.Application::get_isEditor
Assembly-CSharp-firstpass	plt#315	0xba920	type=3	UnityEngine::UnityEngine.Input::GetButtonDown
Assembly-CSharp-firstpass	plt#316	0xba930	type=3	UnityEngine::UnityEngine.Input::get_touchCount
Assembly-CSharp-firstpass	plt#317	0xba940	type=3	UnityEngine::UnityEngine.Input::get_touches
Assembly-CSharp-firstpass	plt#318	0xba950	type=3	UnityEngine::UnityEngine.Input::GetButton
Assembly-CSharp-firstpass	plt#319	0xba960	type=3	UnityEngine::UnityEngine.Input::GetButtonUp
Assembly-CSharp-firstpass	plt#320	0xba970	type=3	UnityEngine::UnityEngine.Input::GetTouch
Assembly-CSharp-firstpass	plt#321	0xba980	type=3	UnityEngine::UnityEngine.Input::get_mousePosition
Assembly-CSharp-firstpass	plt#322	0xba990	type=3	UnityEngine::UnityEngine.Vector2::op_Implicit
Assembly-CSharp-firstpass	plt#323	0xba9a0	type=3	UnityEngine::UnityEngine.Mathf::Lerp
Assembly-CSharp-firstpass	plt#324	0xba9b0	type=3	UnityEngine::UnityEngine.Mathf::Sin
Assembly-CSharp-firstpass	plt#325	0xba9c0	type=3	UnityEngine::UnityEngine.Mathf::Cos
Assembly-CSharp-firstpass	plt#326	0xba9d0	type=3	UnityEngine::UnityEngine.Mathf::Clamp01
Assembly-CSharp-firstpass	plt#327	0xba9e0	type=3	UnityEngine::UnityEngine.Mathf::Pow
Assembly-CSharp-firstpass	plt#328	0xba9f0	type=3	UnityEngine::UnityEngine.Mathf::Clamp
Assembly-CSharp-firstpass	plt#329	0xbaa00	type=3	UnityEngine::UnityEngine.Matrix4x4::get_identity
Assembly-CSharp-firstpass	plt#330	0xbaa10	type=3	UnityEngine::UnityEngine.Matrix4x4::set_Item
Assembly-CSharp-firstpass	plt#331	0xbaa20	type=3	UnityEngine::UnityEngine.Matrix4x4::Scale
Assembly-CSharp-firstpass	plt#332	0xbaa30	type=3	special image 255 (wrapper/generic, not yet decoded)
Assembly-CSharp-firstpass	plt#333	0xbaa40	type=3	special image 255 (wrapper/generic, not yet decoded)
Assembly-CSharp-firstpass	plt#334	0xbaa50	type=3	special image 255 (wrapper/generic, not yet decoded)
Assembly-CSharp-firstpass	plt#335	0xbaa60	type=3	special image 255 (wrapper/generic, not yet decoded)
Assembly-CSharp-firstpass	plt#336	0xbaa70	type=7	
Assembly-CSharp-firstpass	plt#337	0xbaa80	type=7	
Assembly-CSharp-firstpass	plt#338	0xbaa90	type=3	mscorlib::System.String::Format
Assembly-CSharp-firstpass	plt#339	0xbaaa0	type=3	special image 255 (wrapper/generic, not yet decoded)
Assembly-CSharp-firstpass	plt#340	0xbaab0	type=3	mscorlib::System.Exception::.ctor
Assembly-CSharp-firstpass	plt#341	0xbaac0	type=3	Assembly-CSharp-firstpass::MessengerInternal::OnListenerAdding
Assembly-CSharp-firstpass	plt#342	0xbaad0	type=3	special image 255 (wrapper/generic, not yet decoded)
Assembly-CSharp-firstpass	plt#343	0xbaae0	type=3	Assembly-CSharp-firstpass::MessengerInternal::OnListenerRemoving
Assembly-CSharp-firstpass	plt#344	0xbaaf0	type=3	Assembly-CSharp-firstpass::MessengerInternal::OnListenerRemoved
Assembly-CSharp-firstpass	plt#345	0xbab00	type=3	Assembly-CSharp-firstpass::Messenger::Broadcast
Assembly-CSharp-firstpass	plt#346	0xbab10	type=3	Assembly-CSharp-firstpass::MessengerInternal::OnBroadcasting
Assembly-CSharp-firstpass	plt#347	0xbab20	type=3	special image 255 (wrapper/generic, not yet decoded)
Assembly-CSharp-firstpass	plt#348	0xbab30	type=3	Assembly-CSharp-firstpass::MessengerInternal::CreateBroadcastSignatureException
Assembly-CSharp-firstpass	plt#349	0xbab40	type=35	
Assembly-CSharp-firstpass	plt#350	0xbab50	type=35	
Assembly-CSharp-firstpass	plt#351	0xbab60	type=35	
Assembly-CSharp-firstpass	plt#352	0xbab70	type=35	
Assembly-CSharp-firstpass	plt#353	0xbab80	type=35	
Assembly-CSharp-firstpass	plt#354	0xbab90	type=35	
Assembly-CSharp-firstpass	plt#355	0xbaba0	type=35	
Assembly-CSharp-firstpass	plt#356	0xbabb0	type=35	
Assembly-CSharp-firstpass	plt#357	0xbabc0	type=35	
Assembly-CSharp-firstpass	plt#358	0xbabd0	type=35	
Assembly-CSharp-firstpass	plt#359	0xbabe0	type=35	
Assembly-CSharp-firstpass	plt#360	0xbabf0	type=35	
Assembly-CSharp-firstpass	plt#361	0xbac00	type=35	
Assembly-CSharp-firstpass	plt#362	0xbac10	type=35	
Assembly-CSharp-firstpass	plt#363	0xbac20	type=35	
Assembly-CSharp-firstpass	plt#364	0xbac30	type=35	
Assembly-CSharp-firstpass	plt#365	0xbac40	type=35	
Assembly-CSharp-firstpass	plt#366	0xbac50	type=35	
Assembly-CSharp-firstpass	plt#367	0xbac60	type=35	
Assembly-CSharp-firstpass	plt#368	0xbac70	type=35	
Assembly-CSharp-firstpass	plt#369	0xbac80	type=35	
Assembly-CSharp-firstpass	plt#370	0xbac90	type=35	
Assembly-CSharp-firstpass	plt#371	0xbaca0	type=35	
Assembly-CSharp-firstpass	plt#372	0xbacb0	type=35	
Assembly-CSharp-firstpass	plt#373	0xbacc0	type=35	
Assembly-CSharp-firstpass	plt#374	0xbacd0	type=35	
Assembly-CSharp-firstpass	plt#375	0xbace0	type=35	
Assembly-CSharp-firstpass	plt#376	0xbacf0	type=35	
Assembly-CSharp-firstpass	plt#377	0xbad00	type=35	
Assembly-CSharp-firstpass	plt#378	0xbad10	type=35	
Assembly-CSharp-firstpass	plt#379	0xbad20	type=35	
Assembly-CSharp-firstpass	plt#380	0xbad30	type=35	
Assembly-CSharp-firstpass	plt#381	0xbad40	type=35	
Assembly-CSharp-firstpass	plt#382	0xbad50	type=35	
Assembly-CSharp-firstpass	plt#383	0xbad60	type=35	
Assembly-CSharp-firstpass	plt#384	0xbad70	type=35	
Assembly-CSharp-firstpass	plt#385	0xbad80	type=3	UnityEngine::UnityEngine.Time::get_time
Assembly-CSharp-firstpass	plt#386	0xbad90	type=3	Assembly-CSharp-firstpass::SmoothRandom::Get
Assembly-CSharp-firstpass	plt#387	0xbada0	type=3	UnityEngine::UnityEngine.Vector3::op_Division
Assembly-CSharp-firstpass	plt#388	0xbadb0	type=3	Assembly-CSharp-firstpass::Perlin::Noise
Assembly-CSharp-firstpass	plt#389	0xbadc0	type=3	UnityEngine::UnityEngine.Mathf::Floor
Assembly-CSharp-firstpass	plt#390	0xbadd0	type=3	Assembly-CSharp-firstpass::FractalNoise::.ctor
Assembly-CSharp-firstpass	plt#391	0xbade0	type=3	mscorlib::System.Math::Pow
Assembly-CSharp-firstpass	plt#392	0xbadf0	type=3	UnityEngine::UnityEngine.Mathf::Abs
Assembly-CSharp-firstpass	plt#393	0xbae00	type=3	UnityEngine::UnityEngine.Random::Range
Assembly-CSharp-firstpass	plt#394	0xbae10	type=3	UnityEngine::UnityEngine.Mathf::InverseLerp
Assembly-CSharp-firstpass	plt#395	0xbae20	type=3	Assembly-CSharp-firstpass::GUIx::get_screenMargin
Assembly-CSharp-firstpass	plt#396	0xbae30	type=3	UnityEngine::UnityEngine.Vector2::op_Implicit
Assembly-CSharp-firstpass	plt#397	0xbae40	type=3	UnityEngine::UnityEngine.iPhone::get_generation
Assembly-CSharp-firstpass	plt#398	0xbae50	type=3	UnityEngine::UnityEngine.Transform::GetEnumerator
Assembly-CSharp-firstpass	plt#399	0xbae60	type=3	Assembly-CSharp-firstpass::Util::Find
Assembly-CSharp-firstpass	plt#400	0xbae70	type=3	UnityEngine::UnityEngine.Object::op_Implicit
Assembly-CSharp-firstpass	plt#401	0xbae80	type=3	mscorlib::System.String::op_Equality
Assembly-CSharp-firstpass	plt#402	0xbae90	type=3	UnityEngine::UnityEngine.Debug::LogError
Assembly-CSharp-firstpass	plt#403	0xbaea0	type=3	UnityEngine::UnityEngine.Debug::Break
Assembly-CSharp-firstpass	plt#404	0xbaeb0	type=3	mscorlib::System.Text.UTF8Encoding::.ctor
Assembly-CSharp-firstpass	plt#405	0xbaec0	type=3	mscorlib::System.Security.Cryptography.MD5CryptoServiceProvider::.ctor
Assembly-CSharp-firstpass	plt#406	0xbaed0	type=3	mscorlib::System.Security.Cryptography.HashAlgorithm::ComputeHash
Assembly-CSharp-firstpass	plt#407	0xbaee0	type=3	mscorlib::System.Convert::ToString
Assembly-CSharp-firstpass	plt#408	0xbaef0	type=3	mscorlib::System.String::PadLeft
Assembly-CSharp-firstpass	plt#409	0xbaf00	type=3	mscorlib::System.String::Split
Assembly-CSharp-firstpass	plt#410	0xbaf10	type=3	UnityEngine::UnityEngine.Bounds::get_min
Assembly-CSharp-firstpass	plt#411	0xbaf20	type=3	UnityEngine::UnityEngine.Vector3::op_Addition
Assembly-CSharp-firstpass	plt#412	0xbaf30	type=3	UnityEngine::UnityEngine.Bounds::get_max
Assembly-CSharp-firstpass	plt#413	0xbaf40	type=7	
Assembly-CSharp-firstpass	plt#414	0xbaf50	type=3	mscorlib::System.Int32::ToString
Assembly-CSharp-firstpass	plt#415	0xbaf60	type=3	mscorlib::System.Int32::ToString
Assembly-CSharp-firstpass	plt#416	0xbaf70	type=3	UnityEngine::UnityEngine.Vector3::get_magnitude
Assembly-CSharp-firstpass	plt#417	0xbaf80	type=7	
Assembly-CSharp-firstpass	plt#418	0xbaf90	type=3	UnityEngine::UnityEngine.Vector3::Project
Assembly-CSharp-firstpass	plt#419	0xbafa0	type=3	UnityEngine::UnityEngine.Vector3::op_Subtraction
Assembly-CSharp-firstpass	plt#420	0xbafb0	type=3	UnityEngine::UnityEngine.Vector3::Dot
Assembly-CSharp-firstpass	plt#421	0xbafc0	type=3	UnityEngine::UnityEngine.Transform::get_worldToLocalMatrix
Assembly-CSharp-firstpass	plt#422	0xbafd0	type=3	UnityEngine::UnityEngine.Transform::get_localToWorldMatrix
Assembly-CSharp-firstpass	plt#423	0xbafe0	type=3	UnityEngine::UnityEngine.Matrix4x4::MultiplyPoint
Assembly-CSharp-firstpass	plt#424	0xbaff0	type=3	UnityEngine::UnityEngine.Transform::set_rotation
Assembly-CSharp-firstpass	plt#425	0xbb000	type=3	UnityEngine::UnityEngine.Matrix4x4::GetColumn
Assembly-CSharp-firstpass	plt#426	0xbb010	type=3	UnityEngine::UnityEngine.Vector4::op_Implicit
Assembly-CSharp-firstpass	plt#427	0xbb020	type=3	UnityEngine::UnityEngine.Matrix4x4::get_Item
Assembly-CSharp-firstpass	plt#428	0xbb030	type=3	UnityEngine::UnityEngine.Mathf::Max
Assembly-CSharp-firstpass	plt#429	0xbb040	type=3	UnityEngine::UnityEngine.Mathf::Sqrt
Assembly-CSharp-firstpass	plt#430	0xbb050	type=3	UnityEngine::UnityEngine.Mathf::Sign
Assembly-CSharp-firstpass	plt#431	0xbb060	type=3	UnityEngine::UnityEngine.Vector3::get_right
Assembly-CSharp-firstpass	plt#432	0xbb070	type=3	UnityEngine::UnityEngine.Quaternion::op_Multiply
Assembly-CSharp-firstpass	plt#433	0xbb080	type=3	UnityEngine::UnityEngine.Vector3::get_up
Assembly-CSharp-firstpass	plt#434	0xbb090	type=3	UnityEngine::UnityEngine.Vector3::get_forward
Assembly-CSharp-firstpass	plt#435	0xbb0a0	type=3	UnityEngine::UnityEngine.Vector4::op_Implicit
Assembly-CSharp-firstpass	plt#436	0xbb0b0	type=3	UnityEngine::UnityEngine.Matrix4x4::SetColumn
Assembly-CSharp-firstpass	plt#437	0xbb0c0	type=3	UnityEngine::UnityEngine.Matrix4x4::set_Item
Assembly-CSharp-firstpass	plt#438	0xbb0d0	type=3	UnityEngine::UnityEngine.Quaternion::Slerp
Assembly-CSharp-firstpass	plt#439	0xbb0e0	type=3	UnityEngine::UnityEngine.Vector4::op_Multiply
Assembly-CSharp-firstpass	plt#440	0xbb0f0	type=3	UnityEngine::UnityEngine.Vector4::op_Addition
Assembly-CSharp-firstpass	plt#441	0xbb100	type=3	UnityEngine::UnityEngine.Vector3::Angle
Assembly-CSharp-firstpass	plt#442	0xbb110	type=3	UnityEngine::UnityEngine.Mathf::Min
Assembly-CSharp-firstpass	plt#443	0xbb120	type=3	UnityEngine::UnityEngine.Vector3::Slerp
Assembly-CSharp-firstpass	plt#444	0xbb130	type=3	UnityEngine::UnityEngine.Quaternion::Angle
Assembly-CSharp-firstpass	plt#445	0xbb140	type=3	UnityEngine::UnityEngine.Vector3::Lerp
Assembly-CSharp-firstpass	plt#446	0xbb150	type=3	UnityEngine::UnityEngine.TextMesh::set_font
Assembly-CSharp-firstpass	plt#447	0xbb160	type=3	UnityEngine::UnityEngine.GameObject::get_renderer
Assembly-CSharp-firstpass	plt#448	0xbb170	type=3	UnityEngine::UnityEngine.Font::get_material
Assembly-CSharp-firstpass	plt#449	0xbb180	type=3	UnityEngine::UnityEngine.Renderer::set_material
Assembly-CSharp-firstpass	plt#450	0xbb190	type=3	UnityEngine::UnityEngine.Renderer::get_material
Assembly-CSharp-firstpass	plt#451	0xbb1a0	type=3	UnityEngine::UnityEngine.Material::set_color
Assembly-CSharp-firstpass	plt#452	0xbb1b0	type=3	UnityEngine::UnityEngine.TextMesh::set_text
Assembly-CSharp-firstpass	plt#453	0xbb1c0	type=3	UnityEngine::UnityEngine.Transform::set_localScale
Assembly-CSharp-firstpass	plt#454	0xbb1d0	type=3	UnityEngine::UnityEngine.Transform::Translate
Assembly-CSharp-firstpass	plt#455	0xbb1e0	type=3	UnityEngine::UnityEngine.Vector3::get_sqrMagnitude
Assembly-CSharp-firstpass	plt#456	0xbb1f0	type=3	UnityEngine::UnityEngine.Vector3::Scale
Assembly-CSharp-firstpass	plt#457	0xbb200	type=3	UnityEngine::UnityEngine.Camera::get_nearClipPlane
Assembly-CSharp-firstpass	plt#458	0xbb210	type=3	UnityEngine::UnityEngine.Camera::ScreenToWorldPoint
Assembly-CSharp-firstpass	plt#459	0xbb220	type=3	UnityEngine::UnityEngine.GL::Color
Assembly-CSharp-firstpass	plt#460	0xbb230	type=3	UnityEngine::UnityEngine.GL::Vertex
Assembly-CSharp-firstpass	plt#461	0xbb240	type=3	UnityEngine::UnityEngine.Matrix4x4::MultiplyPoint3x4
Assembly-CSharp-firstpass	plt#462	0xbb250	type=3	UnityEngine::UnityEngine.Time::get_deltaTime
Assembly-CSharp-firstpass	plt#463	0xbb260	type=3	mscorlib::System.String::Trim
Assembly-CSharp-firstpass	plt#464	0xbb270	type=3	mscorlib::System.Convert::ToSingle
Assembly-CSharp-firstpass	plt#465	0xbb280	type=3	Assembly-CSharp-firstpass::GravCloudBinding::_GravCloudInit
Assembly-CSharp-firstpass	plt#466	0xbb290	type=3	Assembly-CSharp-firstpass::GravCloudBinding::_GravCloudHasCloudAccess
Assembly-CSharp-firstpass	plt#467	0xbb2a0	type=3	Assembly-CSharp-firstpass::GravCloudBinding::_GravCloudGetFile
Assembly-CSharp-firstpass	plt#468	0xbb2b0	type=3	Assembly-CSharp-firstpass::GravCloudBinding::_GravCloudPutFile
Assembly-CSharp-firstpass	plt#469	0xbb2c0	type=3	Assembly-CSharp-firstpass::GravCloudBinding::_GravCloudDoesFileExist
Assembly-CSharp-firstpass	plt#470	0xbb2d0	type=3	Assembly-CSharp-firstpass::DictionaryToString::Parse
Assembly-CSharp-firstpass	plt#471	0xbb2e0	type=3	UnityEngine::UnityEngine.Debug::get_isDebugBuild
Assembly-CSharp-firstpass	plt#472	0xbb2f0	type=3	UnityEngine::UnityEngine.Debug::LogWarning
Assembly-CSharp-firstpass	plt#473	0xbb300	type=7	
Assembly-CSharp-firstpass	plt#474	0xbb310	type=3	mscorlib::System.Buffer::BlockCopy
Assembly-CSharp-firstpass	plt#475	0xbb320	type=3	mscorlib::System.String::.ctor
Assembly-CSharp-firstpass	plt#476	0xbb330	type=3	Assembly-CSharp-firstpass::MiniJSON::jsonDecode
Assembly-CSharp-firstpass	plt#477	0xbb340	type=3	Assembly-CSharp-firstpass::GravCloudPrefs::Load
Assembly-CSharp-firstpass	plt#478	0xbb350	type=3	Assembly-CSharp-firstpass::GravCloudPrefs::Init
Assembly-CSharp-firstpass	plt#479	0xbb360	type=3	UnityEngine::UnityEngine.PlayerPrefs::HasKey
Assembly-CSharp-firstpass	plt#480	0xbb370	type=3	special image 255 (wrapper/generic, not yet decoded)
Assembly-CSharp-firstpass	plt#481	0xbb380	type=3	UnityEngine::UnityEngine.PlayerPrefs::DeleteKey
Assembly-CSharp-firstpass	plt#482	0xbb390	type=3	special image 255 (wrapper/generic, not yet decoded)
Assembly-CSharp-firstpass	plt#483	0xbb3a0	type=3	UnityEngine::UnityEngine.PlayerPrefs::DeleteAll
Assembly-CSharp-firstpass	plt#484	0xbb3b0	type=3	UnityEngine::UnityEngine.PlayerPrefs::SetInt
Assembly-CSharp-firstpass	plt#485	0xbb3c0	type=3	special image 255 (wrapper/generic, not yet decoded)
Assembly-CSharp-firstpass	plt#486	0xbb3d0	type=3	mscorlib::System.Int64::ToString
Assembly-CSharp-firstpass	plt#487	0xbb3e0	type=3	Assembly-CSharp-firstpass::GravCloudPrefs::HasKey
Assembly-CSharp-firstpass	plt#488	0xbb3f0	type=3	UnityEngine::UnityEngine.PlayerPrefs::GetInt
Assembly-CSharp-firstpass	plt#489	0xbb400	type=3	special image 255 (wrapper/generic, not yet decoded)
Assembly-CSharp-firstpass	plt#490	0xbb410	type=3	UnityEngine::UnityEngine.PlayerPrefs::SetString
Assembly-CSharp-firstpass	plt#491	0xbb420	type=3	UnityEngine::UnityEngine.PlayerPrefs::GetString
Assembly-CSharp-firstpass	plt#492	0xbb430	type=3	mscorlib::System.Single::ToString
Assembly-CSharp-firstpass	plt#493	0xbb440	type=3	UnityEngine::UnityEngine.PlayerPrefs::GetFloat
Assembly-CSharp-firstpass	plt#494	0xbb450	type=3	mscorlib::System.Boolean::ToString
Assembly-CSharp-firstpass	plt#495	0xbb460	type=3	mscorlib::System.Boolean::Parse
Assembly-CSharp-firstpass	plt#496	0xbb470	type=3	Assembly-CSharp-firstpass::DictionaryToString::ToString
Assembly-CSharp-firstpass	plt#497	0xbb480	type=3	Assembly-CSharp-firstpass::Localize::Get
Assembly-CSharp-firstpass	plt#498	0xbb490	type=3	Assembly-CSharp-firstpass::UnlocalizedString::.ctor
Assembly-CSharp-firstpass	plt#499	0xbb4a0	type=3	special image 255 (wrapper/generic, not yet decoded)
Assembly-CSharp-firstpass	plt#500	0xbb4b0	type=3	Assembly-CSharp-firstpass::Localize::LoadDefaultLanguage
Assembly-CSharp-firstpass	plt#501	0xbb4c0	type=3	special image 255 (wrapper/generic, not yet decoded)
Assembly-CSharp-firstpass	plt#502	0xbb4d0	type=3	Assembly-CSharp-firstpass::Localize::LoadLanguageAsset
Assembly-CSharp-firstpass	plt#503	0xbb4e0	type=3	UnityEngine::UnityEngine.TextAsset::get_text
Assembly-CSharp-firstpass	plt#504	0xbb4f0	type=3	Assembly-CSharp-firstpass::Localize::LoadLanguage
Assembly-CSharp-firstpass	plt#505	0xbb500	type=3	Assembly-CSharp-firstpass::Localize::LoadKeys
Assembly-CSharp-firstpass	plt#506	0xbb510	type=3	UnityEngine::UnityEngine.Resources::Load
Assembly-CSharp-firstpass	plt#507	0xbb520	type=3	Assembly-CSharp-firstpass::Localize::UseLocalizedLanguageHelper
Assembly-CSharp-firstpass	plt#508	0xbb530	type=3	UnityEngine::UnityEngine.MonoBehaviour::StartCoroutine
Assembly-CSharp-firstpass	plt#509	0xbb540	type=3	UnityEngine::UnityEngine.Application::get_isPlaying
Assembly-CSharp-firstpass	plt#510	0xbb550	type=3	mscorlib::System.Enum::Parse
Assembly-CSharp-firstpass	plt#511	0xbb560	type=3	special image 255 (wrapper/generic, not yet decoded)
Assembly-CSharp-firstpass	plt#512	0xbb570	type=3	special image 255 (wrapper/generic, not yet decoded)
Assembly-CSharp-firstpass	plt#513	0xbb580	type=3	UnityEngine::UnityEngine.Application::get_dataPath
Assembly-CSharp-firstpass	plt#514	0xbb590	type=3	System::System.Text.RegularExpressions.Regex::IsMatch
Assembly-CSharp-firstpass	plt#515	0xbb5a0	type=3	mscorlib::System.String::StartsWith
Assembly-CSharp-firstpass	plt#516	0xbb5b0	type=3	Assembly-CSharp-firstpass::Localize::GetBaseURL
Assembly-CSharp-firstpass	plt#517	0xbb5c0	type=3	UnityEngine::UnityEngine.Application::get_systemLanguage
Assembly-CSharp-firstpass	plt#518	0xbb5d0	type=3	UnityEngine::UnityEngine.Vector3::op_Multiply
Assembly-CSharp-firstpass	plt#519	0xbb5e0	type=3	Assembly-CSharp-firstpass::Script::AnimationHelper
Assembly-CSharp-firstpass	plt#520	0xbb5f0	type=3	Assembly-CSharp-firstpass::Script::DelayedHelper
Assembly-CSharp-firstpass	plt#521	0xbb600	type=35	
Assembly-CSharp-firstpass	plt#522	0xbb610	type=3	UnityEngine::UnityEngine.GameObject::GetComponent
Assembly-CSharp-firstpass	plt#523	0xbb620	type=35	
Assembly-CSharp-firstpass	plt#524	0xbb630	type=35	
Assembly-CSharp-firstpass	plt#525	0xbb640	type=3	UnityEngine::UnityEngine.Component::GetComponent
Assembly-CSharp-firstpass	plt#526	0xbb650	type=35	
Assembly-CSharp-firstpass	plt#527	0xbb660	type=35	
Assembly-CSharp-firstpass	plt#528	0xbb670	type=3	UnityEngine::UnityEngine.GameObject::GetComponents
Assembly-CSharp-firstpass	plt#529	0xbb680	type=35	
Assembly-CSharp-firstpass	plt#530	0xbb690	type=3	special image 254 (wrapper/generic, not yet decoded)
Assembly-CSharp-firstpass	plt#531	0xbb6a0	type=35	
Assembly-CSharp-firstpass	plt#532	0xbb6b0	type=3	UnityEngine::UnityEngine.GameObject::GetComponentsInChildren
Assembly-CSharp-firstpass	plt#533	0xbb6c0	type=35	
Assembly-CSharp-firstpass	plt#534	0xbb6d0	type=3	special image 254 (wrapper/generic, not yet decoded)
Assembly-CSharp-firstpass	plt#535	0xbb6e0	type=35	
Assembly-CSharp-firstpass	plt#536	0xbb6f0	type=3	UnityEngine::UnityEngine.Component::GetComponentsInChildren
Assembly-CSharp-firstpass	plt#537	0xbb700	type=35	
Assembly-CSharp-firstpass	plt#538	0xbb710	type=3	special image 254 (wrapper/generic, not yet decoded)
Assembly-CSharp-firstpass	plt#539	0xbb720	type=35	
Assembly-CSharp-firstpass	plt#540	0xbb730	type=35	
Assembly-CSharp-firstpass	plt#541	0xbb740	type=35	
Assembly-CSharp-firstpass	plt#542	0xbb750	type=35	
Assembly-CSharp-firstpass	plt#543	0xbb760	type=35	
Assembly-CSharp-firstpass	plt#544	0xbb770	type=35	
Assembly-CSharp-firstpass	plt#545	0xbb780	type=35	
Assembly-CSharp-firstpass	plt#546	0xbb790	type=7	
Assembly-CSharp-firstpass	plt#547	0xbb7a0	type=35	
Assembly-CSharp-firstpass	plt#548	0xbb7b0	type=3	special image 254 (wrapper/generic, not yet decoded)
Assembly-CSharp-firstpass	plt#549	0xbb7c0	type=35	
Assembly-CSharp-firstpass	plt#550	0xbb7d0	type=3	special image 254 (wrapper/generic, not yet decoded)
Assembly-CSharp-firstpass	plt#551	0xbb7e0	type=35	
Assembly-CSharp-firstpass	plt#552	0xbb7f0	type=3	special image 254 (wrapper/generic, not yet decoded)
Assembly-CSharp-firstpass	plt#553	0xbb800	type=35	
Assembly-CSharp-firstpass	plt#554	0xbb810	type=3	special image 254 (wrapper/generic, not yet decoded)
Assembly-CSharp-firstpass	plt#555	0xbb820	type=3	UnityEngine::UnityEngine.Transform::get_parent
Assembly-CSharp-firstpass	plt#556	0xbb830	type=35	
Assembly-CSharp-firstpass	plt#557	0xbb840	type=3	special image 254 (wrapper/generic, not yet decoded)
Assembly-CSharp-firstpass	plt#558	0xbb850	type=3	UnityEngine::UnityEngine.Object::Instantiate
Assembly-CSharp-firstpass	plt#559	0xbb860	type=35	
Assembly-CSharp-firstpass	plt#560	0xbb870	type=3	UnityEngine::UnityEngine.Object::Instantiate
Assembly-CSharp-firstpass	plt#561	0xbb880	type=35	
Assembly-CSharp-firstpass	plt#562	0xbb890	type=3	UnityEngine::UnityEngine.GameObject::Find
Assembly-CSharp-firstpass	plt#563	0xbb8a0	type=3	special image 255 (wrapper/generic, not yet decoded)
Assembly-CSharp-firstpass	plt#564	0xbb8b0	type=35	
Assembly-CSharp-firstpass	plt#565	0xbb8c0	type=35	
Assembly-CSharp-firstpass	plt#566	0xbb8d0	type=3	special image 254 (wrapper/generic, not yet decoded)
Assembly-CSharp-firstpass	plt#567	0xbb8e0	type=35	
Assembly-CSharp-firstpass	plt#568	0xbb8f0	type=3	special image 254 (wrapper/generic, not yet decoded)
Assembly-CSharp-firstpass	plt#569	0xbb900	type=35	
Assembly-CSharp-firstpass	plt#570	0xbb910	type=3	special image 254 (wrapper/generic, not yet decoded)
Assembly-CSharp-firstpass	plt#571	0xbb920	type=35	
Assembly-CSharp-firstpass	plt#572	0xbb930	type=35	
Assembly-CSharp-firstpass	plt#573	0xbb940	type=3	UnityEngine::UnityEngine.Component::SendMessage
Assembly-CSharp-firstpass	plt#574	0xbb950	type=3	Assembly-CSharp-firstpass::Script::SendMessageToGameObjects
Assembly-CSharp-firstpass	plt#575	0xbb960	type=3	UnityEngine::UnityEngine.GameObject::SendMessage
Assembly-CSharp-firstpass	plt#576	0xbb970	type=3	Assembly-CSharp-firstpass::Script::CreateLoop
Assembly-CSharp-firstpass	plt#577	0xbb980	type=3	special image 255 (wrapper/generic, not yet decoded)
Assembly-CSharp-firstpass	plt#578	0xbb990	type=3	UnityEngine::UnityEngine.AudioSource::set_rolloffMode
Assembly-CSharp-firstpass	plt#579	0xbb9a0	type=3	UnityEngine::UnityEngine.AudioSource::set_loop
Assembly-CSharp-firstpass	plt#580	0xbb9b0	type=3	Assembly-CSharp-firstpass::Script::FindNameRecursive
Assembly-CSharp-firstpass	plt#581	0xbb9c0	type=3	UnityEngine::UnityEngine.GameObject::get_activeInHierarchy
Assembly-CSharp-firstpass	plt#582	0xbb9d0	type=3	mscorlib::System.String::Compare
Assembly-CSharp-firstpass	plt#583	0xbb9e0	type=35	
Assembly-CSharp-firstpass	plt#584	0xbb9f0	type=35	
Assembly-CSharp-firstpass	plt#585	0xbba00	type=35	
Assembly-CSharp-firstpass	plt#586	0xbba10	type=3	special image 254 (wrapper/generic, not yet decoded)
Assembly-CSharp-firstpass	plt#587	0xbba20	type=35	
Assembly-CSharp-firstpass	plt#588	0xbba30	type=3	mscorlib::System.String::Concat
Assembly-CSharp-firstpass	plt#589	0xbba40	type=35	
Assembly-CSharp-firstpass	plt#590	0xbba50	type=35	
Assembly-CSharp-firstpass	plt#591	0xbba60	type=35	
Assembly-CSharp-firstpass	plt#592	0xbba70	type=35	
Assembly-CSharp-firstpass	plt#593	0xbba80	type=3	Assembly-CSharp-firstpass::SingletonScript`1::get_i
Assembly-CSharp-firstpass	plt#594	0xbba90	type=35	
Assembly-CSharp-firstpass	plt#595	0xbbaa0	type=35	
Assembly-CSharp-firstpass	plt#596	0xbbab0	type=35	
Assembly-CSharp-firstpass	plt#597	0xbbac0	type=35	
Assembly-CSharp-firstpass	plt#598	0xbbad0	type=3	UnityEngine::UnityEngine.Color::get_yellow
Assembly-CSharp-firstpass	plt#599	0xbbae0	type=3	UnityEngine::UnityEngine.Gizmos::set_color
Assembly-CSharp-firstpass	plt#600	0xbbaf0	type=3	UnityEngine::UnityEngine.Vector3::get_down
Assembly-CSharp-firstpass	plt#601	0xbbb00	type=3	UnityEngine::UnityEngine.Physics::Raycast
Assembly-CSharp-firstpass	plt#602	0xbbb10	type=3	UnityEngine::UnityEngine.Gizmos::DrawLine
Assembly-CSharp-firstpass	plt#603	0xbbb20	type=3	UnityEngine::UnityEngine.Color::get_blue
Assembly-CSharp-firstpass	plt#604	0xbbb30	type=3	UnityEngine::UnityEngine.Transform::get_forward
Assembly-CSharp-firstpass	plt#605	0xbbb40	type=3	Assembly-CSharp-firstpass::JCloudExtern::IsJailbroken
Assembly-CSharp-firstpass	plt#606	0xbbb50	type=3	Assembly-CSharp-firstpass::JCloudExtern::CloudDataSetInt
Assembly-CSharp-firstpass	plt#607	0xbbb60	type=3	Assembly-CSharp-firstpass::JCloudExtern::CloudDataGetInt
Assembly-CSharp-firstpass	plt#608	0xbbb70	type=3	UnityEngine::UnityEngine.PlayerPrefs::GetInt
Assembly-CSharp-firstpass	plt#609	0xbbb80	type=3	Assembly-CSharp-firstpass::JCloudData::GetInt
Assembly-CSharp-firstpass	plt#610	0xbbb90	type=3	Assembly-CSharp-firstpass::JCloudExtern::CloudDataSetFloat
Assembly-CSharp-firstpass	plt#611	0xbbba0	type=3	Assembly-CSharp-firstpass::JCloudExtern::CloudDataGetFloat
Assembly-CSharp-firstpass	plt#612	0xbbbb0	type=3	Assembly-CSharp-firstpass::JCloudData::GetFloat
Assembly-CSharp-firstpass	plt#613	0xbbbc0	type=3	Assembly-CSharp-firstpass::JCloudExtern::CloudDataSetString
Assembly-CSharp-firstpass	plt#614	0xbbbd0	type=3	Assembly-CSharp-firstpass::JCloudExtern::CloudDataGetString
Assembly-CSharp-firstpass	plt#615	0xbbbe0	type=3	mscorlib::System.Runtime.InteropServices.Marshal::PtrToStringAnsi
Assembly-CSharp-firstpass	plt#616	0xbbbf0	type=3	Assembly-CSharp-firstpass::JCloudExtern::FreeMemory
Assembly-CSharp-firstpass	plt#617	0xbbc00	type=3	UnityEngine::UnityEngine.PlayerPrefs::GetString
Assembly-CSharp-firstpass	plt#618	0xbbc10	type=3	Assembly-CSharp-firstpass::JCloudData::GetString
Assembly-CSharp-firstpass	plt#619	0xbbc20	type=3	Assembly-CSharp-firstpass::JCloudExtern::CloudDataHasKey
Assembly-CSharp-firstpass	plt#620	0xbbc30	type=3	mscorlib::System.String::Concat
Assembly-CSharp-firstpass	plt#621	0xbbc40	type=3	Assembly-CSharp-firstpass::JCloudExtern::CloudDataDeleteKey
Assembly-CSharp-firstpass	plt#622	0xbbc50	type=3	Assembly-CSharp-firstpass::JCloudExtern::CloudDataDeleteAll
Assembly-CSharp-firstpass	plt#623	0xbbc60	type=3	Assembly-CSharp-firstpass::JCloudExtern::CloudDataSave
Assembly-CSharp-firstpass	plt#624	0xbbc70	type=3	UnityEngine::UnityEngine.PlayerPrefs::Save
Assembly-CSharp-firstpass	plt#625	0xbbc80	type=3	Assembly-CSharp-firstpass::JCloudExtern::GetUbiquitousStoreAvailability
Assembly-CSharp-firstpass	plt#626	0xbbc90	type=3	UnityEngine::UnityEngine.GameObject::.ctor
Assembly-CSharp-firstpass	plt#627	0xbbca0	type=3	special image 255 (wrapper/generic, not yet decoded)
Assembly-CSharp-firstpass	plt#628	0xbbcb0	type=3	Assembly-CSharp-firstpass::JCloudExtern::CloudDataSetShouldMessage
Assembly-CSharp-firstpass	plt#629	0xbbcc0	type=3	special image 255 (wrapper/generic, not yet decoded)
Assembly-CSharp-firstpass	plt#630	0xbbcd0	type=3	special image 255 (wrapper/generic, not yet decoded)
Assembly-CSharp-firstpass	plt#631	0xbbce0	type=3	special image 255 (wrapper/generic, not yet decoded)
Assembly-CSharp-firstpass	plt#632	0xbbcf0	type=3	mscorlib::System.String::Substring
Assembly-CSharp-firstpass	plt#633	0xbbd00	type=3	special image 255 (wrapper/generic, not yet decoded)
Assembly-CSharp-firstpass	plt#634	0xbbd10	type=3	special image 255 (wrapper/generic, not yet decoded)
Assembly-CSharp-firstpass	plt#635	0xbbd20	type=3	special image 255 (wrapper/generic, not yet decoded)
Assembly-CSharp-firstpass	plt#636	0xbbd30	type=3	UnityEngine::UnityEngine.Component::SendMessage
Assembly-CSharp-firstpass	plt#637	0xbbd40	type=3	special image 255 (wrapper/generic, not yet decoded)
Assembly-CSharp-firstpass	plt#638	0xbbd50	type=3	Assembly-CSharp-firstpass::JCloudExtern::CloudDictionaryDocumentSetInt
Assembly-CSharp-firstpass	plt#639	0xbbd60	type=3	Assembly-CSharp-firstpass::JCloudExtern::CloudDictionaryDocumentGetInt
Assembly-CSharp-firstpass	plt#640	0xbbd70	type=3	Assembly-CSharp-firstpass::JCloudDictionary::GetInt
Assembly-CSharp-firstpass	plt#641	0xbbd80	type=3	Assembly-CSharp-firstpass::JCloudExtern::CloudDictionaryDocumentSetFloat
Assembly-CSharp-firstpass	plt#642	0xbbd90	type=3	Assembly-CSharp-firstpass::JCloudExtern::CloudDictionaryDocumentGetFloat
Assembly-CSharp-firstpass	plt#643	0xbbda0	type=3	Assembly-CSharp-firstpass::JCloudDictionary::GetFloat
Assembly-CSharp-firstpass	plt#644	0xbbdb0	type=3	Assembly-CSharp-firstpass::JCloudExtern::CloudDictionaryDocumentSetString
Assembly-CSharp-firstpass	plt#645	0xbbdc0	type=3	Assembly-CSharp-firstpass::JCloudExtern::CloudDictionaryDocumentGetString
Assembly-CSharp-firstpass	plt#646	0xbbdd0	type=3	Assembly-CSharp-firstpass::JCloudDictionary::GetString
Assembly-CSharp-firstpass	plt#647	0xbbde0	type=3	Assembly-CSharp-firstpass::JCloudExtern::CloudDictionaryDocumentHasKey
Assembly-CSharp-firstpass	plt#648	0xbbdf0	type=3	Assembly-CSharp-firstpass::JCloudExtern::CloudDictionaryDocumentDeleteKey
Assembly-CSharp-firstpass	plt#649	0xbbe00	type=3	Assembly-CSharp-firstpass::JCloudExtern::CloudDictionaryDocumentDeleteAll
Assembly-CSharp-firstpass	plt#650	0xbbe10	type=3	Assembly-CSharp-firstpass::JCloudExtern::CloudDictionaryDocumentSave
Assembly-CSharp-firstpass	plt#651	0xbbe20	type=3	Assembly-CSharp-firstpass::JCloudExtern::GetUbiquitousContainerAvailability
Assembly-CSharp-firstpass	plt#652	0xbbe30	type=3	special image 255 (wrapper/generic, not yet decoded)
Assembly-CSharp-firstpass	plt#653	0xbbe40	type=3	Assembly-CSharp-firstpass::JCloudExtern::CloudDictionaryDocumentSetShouldMessage
Assembly-CSharp-firstpass	plt#654	0xbbe50	type=3	Assembly-CSharp-firstpass::JCloudManager::CheckManagerStatus
Assembly-CSharp-firstpass	plt#655	0xbbe60	type=3	Assembly-CSharp-firstpass::JCloudExtern::PrepareCloudItem
Assembly-CSharp-firstpass	plt#656	0xbbe70	type=3	Assembly-CSharp-firstpass::JCloudManager::WatchDocument
Assembly-CSharp-firstpass	plt#657	0xbbe80	type=3	Assembly-CSharp-firstpass::JCloudManager::UnwatchDocument
Assembly-CSharp-firstpass	plt#658	0xbbe90	type=3	Assembly-CSharp-firstpass::JCloudExtern::DismissCloudItem
Assembly-CSharp-firstpass	plt#659	0xbbea0	type=3	Assembly-CSharp-firstpass::JCloudExtern::GetCloudItemExistenceSync
Assembly-CSharp-firstpass	plt#660	0xbbeb0	type=7	
Assembly-CSharp-firstpass	plt#661	0xbbec0	type=3	Assembly-CSharp-firstpass::JCloudExtern::DeleteCloudItemSync
Assembly-CSharp-firstpass	plt#662	0xbbed0	type=3	Assembly-CSharp-firstpass::JCloudExtern::CreateOrOpenCloudItemSync
Assembly-CSharp-firstpass	plt#663	0xbbee0	type=3	Assembly-CSharp-firstpass::JCloudExtern::WriteCloudItemContents
Assembly-CSharp-firstpass	plt#664	0xbbef0	type=3	mscorlib::System.IO.File::WriteAllBytes
Assembly-CSharp-firstpass	plt#665	0xbbf00	type=3	Assembly-CSharp-firstpass::JCloudExtern::OpenCloudItemSync
Assembly-CSharp-firstpass	plt#666	0xbbf10	type=3	Assembly-CSharp-firstpass::JCloudExtern::ReadCloudItemContents
Assembly-CSharp-firstpass	plt#667	0xbbf20	type=3	mscorlib::System.IO.File::ReadAllBytes
Assembly-CSharp-firstpass	plt#668	0xbbf30	type=3	mscorlib::System.DateTime::.ctor
Assembly-CSharp-firstpass	plt#669	0xbbf40	type=3	Assembly-CSharp-firstpass::JCloudExtern::GetCloudItemModificationDateSync
Assembly-CSharp-firstpass	plt#670	0xbbf50	type=3	mscorlib::System.DateTime::.ctor
Assembly-CSharp-firstpass	plt#671	0xbbf60	type=7	
Assembly-CSharp-firstpass	plt#672	0xbbf70	type=3	mscorlib::System.DateTime::ToLocalTime
Assembly-CSharp-firstpass	plt#673	0xbbf80	type=3	mscorlib::System.IO.File::GetLastWriteTime
Assembly-CSharp-firstpass	plt#674	0xbbf90	type=3	Assembly-CSharp-firstpass::JCloudExtern::CopyCloudItemSync
Assembly-CSharp-firstpass	plt#675	0xbbfa0	type=3	mscorlib::System.IO.File::Copy
Assembly-CSharp-firstpass	plt#676	0xbbfb0	type=3	Assembly-CSharp-firstpass::JCloudExtern::MoveCloudItemSync
Assembly-CSharp-firstpass	plt#677	0xbbfc0	type=3	mscorlib::System.IO.File::Move
Assembly-CSharp-firstpass	plt#678	0xbbfd0	type=3	mscorlib::System.IO.Directory::CreateDirectory
Assembly-CSharp-firstpass	plt#679	0xbbfe0	type=3	mscorlib::System.IO.Directory::Exists
Assembly-CSharp-firstpass	plt#680	0xbbff0	type=3	mscorlib::System.IO.Directory::Delete
Assembly-CSharp-firstpass	plt#681	0xbc000	type=3	Assembly-CSharp-firstpass::JCloudManager::PathListFromBytes
Assembly-CSharp-firstpass	plt#682	0xbc010	type=3	mscorlib::System.IO.Directory::GetFiles
Assembly-CSharp-firstpass	plt#683	0xbc020	type=3	mscorlib::System.String::Remove
Assembly-CSharp-firstpass	plt#684	0xbc030	type=3	mscorlib::System.IO.Directory::GetDirectories
Assembly-CSharp-firstpass	plt#685	0xbc040	type=3	mscorlib::System.IO.Directory::GetLastWriteTime
Assembly-CSharp-firstpass	plt#686	0xbc050	type=3	Assembly-CSharp-firstpass::JCloudManager::CopyDirectory
Assembly-CSharp-firstpass	plt#687	0xbc060	type=3	mscorlib::System.IO.Directory::Move
Assembly-CSharp-firstpass	plt#688	0xbc070	type=3	Assembly-CSharp-firstpass::JCloudManager::WatchAsyncDocument
Assembly-CSharp-firstpass	plt#689	0xbc080	type=3	Assembly-CSharp-firstpass::JCloudManager::ReleaseDocumentLock
Assembly-CSharp-firstpass	plt#690	0xbc090	type=3	Assembly-CSharp-firstpass::JCloudManager::GetSharedManager
Assembly-CSharp-firstpass	plt#691	0xbc0a0	type=3	Assembly-CSharp-firstpass::JCloudDocumentAsync::FileExistsOperation
Assembly-CSharp-firstpass	plt#692	0xbc0b0	type=3	Assembly-CSharp-firstpass::JCloudDocumentAsync::FileDeleteOperation
Assembly-CSharp-firstpass	plt#693	0xbc0c0	type=3	Assembly-CSharp-firstpass::JCloudDocumentAsync::FileWriteAllBytesOperation
Assembly-CSharp-firstpass	plt#694	0xbc0d0	type=3	Assembly-CSharp-firstpass::JCloudDocumentAsync::FileReadAllBytesOperation
Assembly-CSharp-firstpass	plt#695	0xbc0e0	type=3	Assembly-CSharp-firstpass::JCloudDocumentAsync::FileModificationDateOperation
Assembly-CSharp-firstpass	plt#696	0xbc0f0	type=3	Assembly-CSharp-firstpass::JCloudDocumentAsync::FileCopyOperation
Assembly-CSharp-firstpass	plt#697	0xbc100	type=3	Assembly-CSharp-firstpass::JCloudDocumentAsync::FileMoveOperation
Assembly-CSharp-firstpass	plt#698	0xbc110	type=3	Assembly-CSharp-firstpass::JCloudDocumentAsync::DirectoryCreateOperation
Assembly-CSharp-firstpass	plt#699	0xbc120	type=3	Assembly-CSharp-firstpass::JCloudDocumentAsync::DirectoryExistsOperation
Assembly-CSharp-firstpass	plt#700	0xbc130	type=3	Assembly-CSharp-firstpass::JCloudDocumentAsync::DirectoryDeleteOperation
Assembly-CSharp-firstpass	plt#701	0xbc140	type=3	Assembly-CSharp-firstpass::JCloudDocumentAsync::DirectoryGetFilesOperation
Assembly-CSharp-firstpass	plt#702	0xbc150	type=3	Assembly-CSharp-firstpass::JCloudDocumentAsync::DirectoryGetDirectoriesOperation
Assembly-CSharp-firstpass	plt#703	0xbc160	type=3	Assembly-CSharp-firstpass::JCloudDocumentAsync::DirectoryModificationDateOperation
Assembly-CSharp-firstpass	plt#704	0xbc170	type=3	Assembly-CSharp-firstpass::JCloudDocumentAsync::DirectoryCopyOperation
Assembly-CSharp-firstpass	plt#705	0xbc180	type=3	Assembly-CSharp-firstpass::JCloudDocumentAsync::DirectoryMoveOperation
Assembly-CSharp-firstpass	plt#706	0xbc190	type=3	UnityEngine::UnityEngine.SystemInfo::get_operatingSystem
Assembly-CSharp-firstpass	plt#707	0xbc1a0	type=3	mscorlib::System.String::Contains
Assembly-CSharp-firstpass	plt#708	0xbc1b0	type=3	special image 255 (wrapper/generic, not yet decoded)
Assembly-CSharp-firstpass	plt#709	0xbc1c0	type=3	special image 255 (wrapper/generic, not yet decoded)
Assembly-CSharp-firstpass	plt#710	0xbc1d0	type=3	special image 255 (wrapper/generic, not yet decoded)
Assembly-CSharp-firstpass	plt#711	0xbc1e0	type=3	special image 255 (wrapper/generic, not yet decoded)
Assembly-CSharp-firstpass	plt#712	0xbc1f0	type=3	mscorlib::System.Threading.Monitor::Enter
Assembly-CSharp-firstpass	plt#713	0xbc200	type=3	special image 255 (wrapper/generic, not yet decoded)
Assembly-CSharp-firstpass	plt#714	0xbc210	type=3	mscorlib::System.Threading.Monitor::Exit
Assembly-CSharp-firstpass	plt#715	0xbc220	type=3	special image 255 (wrapper/generic, not yet decoded)
Assembly-CSharp-firstpass	plt#716	0xbc230	type=3	special image 255 (wrapper/generic, not yet decoded)
Assembly-CSharp-firstpass	plt#717	0xbc240	type=3	special image 255 (wrapper/generic, not yet decoded)
Assembly-CSharp-firstpass	plt#718	0xbc250	type=3	special image 255 (wrapper/generic, not yet decoded)
Assembly-CSharp-firstpass	plt#719	0xbc260	type=3	special image 255 (wrapper/generic, not yet decoded)
Assembly-CSharp-firstpass	plt#720	0xbc270	type=3	special image 255 (wrapper/generic, not yet decoded)
Assembly-CSharp-firstpass	plt#721	0xbc280	type=3	special image 255 (wrapper/generic, not yet decoded)
Assembly-CSharp-firstpass	plt#722	0xbc290	type=3	special image 255 (wrapper/generic, not yet decoded)
Assembly-CSharp-firstpass	plt#723	0xbc2a0	type=3	special image 255 (wrapper/generic, not yet decoded)
Assembly-CSharp-firstpass	plt#724	0xbc2b0	type=3	special image 255 (wrapper/generic, not yet decoded)
Assembly-CSharp-firstpass	plt#725	0xbc2c0	type=3	special image 255 (wrapper/generic, not yet decoded)
Assembly-CSharp-firstpass	plt#726	0xbc2d0	type=3	special image 255 (wrapper/generic, not yet decoded)
Assembly-CSharp-firstpass	plt#727	0xbc2e0	type=3	special image 255 (wrapper/generic, not yet decoded)
Assembly-CSharp-firstpass	plt#728	0xbc2f0	type=3	special image 255 (wrapper/generic, not yet decoded)
Assembly-CSharp-firstpass	plt#729	0xbc300	type=3	special image 255 (wrapper/generic, not yet decoded)
Assembly-CSharp-firstpass	plt#730	0xbc310	type=3	special image 255 (wrapper/generic, not yet decoded)
Assembly-CSharp-firstpass	plt#731	0xbc320	type=3	special image 255 (wrapper/generic, not yet decoded)
Assembly-CSharp-firstpass	plt#732	0xbc330	type=3	special image 255 (wrapper/generic, not yet decoded)
Assembly-CSharp-firstpass	plt#733	0xbc340	type=3	special image 255 (wrapper/generic, not yet decoded)
Assembly-CSharp-firstpass	plt#734	0xbc350	type=3	special image 255 (wrapper/generic, not yet decoded)
Assembly-CSharp-firstpass	plt#735	0xbc360	type=3	mscorlib::System.BitConverter::ToUInt32
Assembly-CSharp-firstpass	plt#736	0xbc370	type=3	mscorlib::System.BitConverter::ToBoolean
Assembly-CSharp-firstpass	plt#737	0xbc380	type=15	
Assembly-CSharp-firstpass	plt#738	0xbc390	type=3	mscorlib::System.IO.Directory::GetFileSystemEntries
Assembly-CSharp-firstpass	plt#739	0xbc3a0	type=3	mscorlib::System.IO.Path::GetFileName
Assembly-CSharp-firstpass	plt#740	0xbc3b0	type=3	mscorlib::System.IO.File::Copy
Assembly-CSharp-firstpass	plt#741	0xbc3c0	type=3	Assembly-CSharp-firstpass::JCloudRoutine::Execute
Assembly-CSharp-firstpass	plt#742	0xbc3d0	type=3	mscorlib::System.String::ToCharArray
Assembly-CSharp-firstpass	plt#743	0xbc3e0	type=3	Assembly-CSharp-firstpass::MiniJSON::parseValue
Assembly-CSharp-firstpass	plt#744	0xbc3f0	type=3	mscorlib::System.Text.StringBuilder::.ctor
Assembly-CSharp-firstpass	plt#745	0xbc400	type=3	Assembly-CSharp-firstpass::MiniJSON::serializeValue
Assembly-CSharp-firstpass	plt#746	0xbc410	type=3	mscorlib::System.Collections.Hashtable::.ctor
Assembly-CSharp-firstpass	plt#747	0xbc420	type=3	Assembly-CSharp-firstpass::MiniJSON::nextToken
Assembly-CSharp-firstpass	plt#748	0xbc430	type=3	Assembly-CSharp-firstpass::MiniJSON::parseString
Assembly-CSharp-firstpass	plt#749	0xbc440	type=3	Assembly-CSharp-firstpass::MiniJSON::parseNumber
Assembly-CSharp-firstpass	plt#750	0xbc450	type=3	Assembly-CSharp-firstpass::MiniJSON::parseObject
Assembly-CSharp-firstpass	plt#751	0xbc460	type=3	Assembly-CSharp-firstpass::MiniJSON::parseArray
Assembly-CSharp-firstpass	plt#752	0xbc470	type=3	Assembly-CSharp-firstpass::MiniJSON::eatWhitespace
Assembly-CSharp-firstpass	plt#753	0xbc480	type=3	Assembly-CSharp-firstpass::MiniJSON::getLastIndexOfNumber
Assembly-CSharp-firstpass	plt#754	0xbc490	type=3	mscorlib::System.String::IndexOf
Assembly-CSharp-firstpass	plt#755	0xbc4a0	type=3	Assembly-CSharp-firstpass::MiniJSON::serializeObject
Assembly-CSharp-firstpass	plt#756	0xbc4b0	type=3	Assembly-CSharp-firstpass::MiniJSON::serializeArray
Assembly-CSharp-firstpass	plt#757	0xbc4c0	type=3	Assembly-CSharp-firstpass::MiniJSON::serializeString
Assembly-CSharp-firstpass	plt#758	0xbc4d0	type=3	mscorlib::System.Type::get_IsArray
Assembly-CSharp-firstpass	plt#759	0xbc4e0	type=3	special image 253 (wrapper/generic, not yet decoded)
Assembly-CSharp-firstpass	plt#760	0xbc4f0	type=3	mscorlib::System.Collections.ArrayList::.ctor
Assembly-CSharp-firstpass	plt#761	0xbc500	type=3	mscorlib::System.Convert::ToString
Assembly-CSharp-firstpass	plt#762	0xbc510	type=3	Assembly-CSharp-firstpass::MiniJSON::serializeDictionary
Assembly-CSharp-firstpass	plt#763	0xbc520	type=3	mscorlib::System.Type::get_IsPrimitive
Assembly-CSharp-firstpass	plt#764	0xbc530	type=3	mscorlib::System.Convert::ToDouble
Assembly-CSharp-firstpass	plt#765	0xbc540	type=7	
Assembly-CSharp-firstpass	plt#766	0xbc550	type=3	mscorlib::System.Text.StringBuilder::Append
Assembly-CSharp-firstpass	plt#767	0xbc560	type=3	mscorlib::System.Convert::ToString
Assembly-CSharp-firstpass	plt#768	0xbc570	type=3	mscorlib::System.Convert::ToString
Assembly-CSharp-firstpass	plt#769	0xbc580	type=3	Assembly-CSharp-firstpass::ResultLogger::logArraylist
Assembly-CSharp-firstpass	plt#770	0xbc590	type=3	Assembly-CSharp-firstpass::ResultLogger::logHashtable
Assembly-CSharp-firstpass	plt#771	0xbc5a0	type=3	Assembly-CSharp-firstpass::ResultLogger::addHashtableToString
Assembly-CSharp-firstpass	plt#772	0xbc5b0	type=3	mscorlib::System.Text.StringBuilder::AppendFormat
Assembly-CSharp-firstpass	plt#773	0xbc5c0	type=3	Assembly-CSharp-firstpass::ResultLogger::addArraylistToString
Assembly-CSharp-firstpass	plt#774	0xbc5d0	type=3	mscorlib::System.Text.StringBuilder::AppendFormat
Assembly-CSharp-firstpass	plt#775	0xbc5e0	type=3	Assembly-CSharp-firstpass::StoreKitBinding::_storeKitCanMakePayments
Assembly-CSharp-firstpass	plt#776	0xbc5f0	type=3	Assembly-CSharp-firstpass::StoreKitBinding::_storeKitRequestProductData
Assembly-CSharp-firstpass	plt#777	0xbc600	type=3	Assembly-CSharp-firstpass::StoreKitBinding::_storeKitPurchaseProduct
Assembly-CSharp-firstpass	plt#778	0xbc610	type=3	Assembly-CSharp-firstpass::StoreKitBinding::_storeKitRestoreCompletedTransactions
Assembly-CSharp-firstpass	plt#779	0xbc620	type=3	Assembly-CSharp-firstpass::StoreKitBinding::_storeKitValidateReceipt
Assembly-CSharp-firstpass	plt#780	0xbc630	type=3	Assembly-CSharp-firstpass::StoreKitBinding::_storeKitValidateAutoRenewableReceipt
Assembly-CSharp-firstpass	plt#781	0xbc640	type=3	Assembly-CSharp-firstpass::StoreKitBinding::_storeKitGetAllSavedTransactions
Assembly-CSharp-firstpass	plt#782	0xbc650	type=3	Assembly-CSharp-firstpass::StoreKitTransaction::transactionsFromJson
Assembly-CSharp-firstpass	plt#783	0xbc660	type=3	special image 252 (wrapper/generic, not yet decoded)
Assembly-CSharp-firstpass	plt#784	0xbc670	type=3	special image 252 (wrapper/generic, not yet decoded)
Assembly-CSharp-firstpass	plt#785	0xbc680	type=3	special image 252 (wrapper/generic, not yet decoded)
Assembly-CSharp-firstpass	plt#786	0xbc690	type=3	special image 252 (wrapper/generic, not yet decoded)
Assembly-CSharp-firstpass	plt#787	0xbc6a0	type=3	special image 252 (wrapper/generic, not yet decoded)
Assembly-CSharp-firstpass	plt#788	0xbc6b0	type=3	special image 252 (wrapper/generic, not yet decoded)
Assembly-CSharp-firstpass	plt#789	0xbc6c0	type=3	special image 252 (wrapper/generic, not yet decoded)
Assembly-CSharp-firstpass	plt#790	0xbc6d0	type=3	special image 252 (wrapper/generic, not yet decoded)
Assembly-CSharp-firstpass	plt#791	0xbc6e0	type=3	special image 252 (wrapper/generic, not yet decoded)
Assembly-CSharp-firstpass	plt#792	0xbc6f0	type=3	special image 252 (wrapper/generic, not yet decoded)
Assembly-CSharp-firstpass	plt#793	0xbc700	type=3	special image 252 (wrapper/generic, not yet decoded)
Assembly-CSharp-firstpass	plt#794	0xbc710	type=3	special image 252 (wrapper/generic, not yet decoded)
Assembly-CSharp-firstpass	plt#795	0xbc720	type=3	special image 252 (wrapper/generic, not yet decoded)
Assembly-CSharp-firstpass	plt#796	0xbc730	type=3	special image 252 (wrapper/generic, not yet decoded)
Assembly-CSharp-firstpass	plt#797	0xbc740	type=3	special image 252 (wrapper/generic, not yet decoded)
Assembly-CSharp-firstpass	plt#798	0xbc750	type=3	special image 252 (wrapper/generic, not yet decoded)
Assembly-CSharp-firstpass	plt#799	0xbc760	type=3	special image 252 (wrapper/generic, not yet decoded)
Assembly-CSharp-firstpass	plt#800	0xbc770	type=3	special image 252 (wrapper/generic, not yet decoded)
Assembly-CSharp-firstpass	plt#801	0xbc780	type=3	special image 252 (wrapper/generic, not yet decoded)
Assembly-CSharp-firstpass	plt#802	0xbc790	type=3	special image 252 (wrapper/generic, not yet decoded)
Assembly-CSharp-firstpass	plt#803	0xbc7a0	type=3	special image 255 (wrapper/generic, not yet decoded)
Assembly-CSharp-firstpass	plt#804	0xbc7b0	type=3	special image 255 (wrapper/generic, not yet decoded)
Assembly-CSharp-firstpass	plt#805	0xbc7c0	type=3	Assembly-CSharp-firstpass::StoreKitProduct::productsFromJson
Assembly-CSharp-firstpass	plt#806	0xbc7d0	type=3	Assembly-CSharp-firstpass::StoreKitProduct::productFromHashtable
Assembly-CSharp-firstpass	plt#807	0xbc7e0	type=3	special image 255 (wrapper/generic, not yet decoded)
Assembly-CSharp-firstpass	plt#808	0xbc7f0	type=3	Assembly-CSharp-firstpass::StoreKitTransaction::transactionFromHashtable
Assembly-CSharp-firstpass	plt#809	0xbc800	type=3	special image 255 (wrapper/generic, not yet decoded)
Assembly-CSharp-firstpass	plt#810	0xbc810	type=3	special image 252 (wrapper/generic, not yet decoded)
Assembly-CSharp-firstpass	plt#811	0xbc820	type=3	Assembly-CSharp-firstpass::StoreKitBinding::requestProductData
Assembly-CSharp-firstpass	plt#812	0xbc830	type=3	Assembly-CSharp-firstpass::StoreKitBinding::getAllSavedTransactions
Assembly-CSharp-firstpass	plt#813	0xbc840	type=3	special image 255 (wrapper/generic, not yet decoded)
Assembly-CSharp-firstpass	plt#814	0xbc850	type=3	special image 255 (wrapper/generic, not yet decoded)
Assembly-CSharp-firstpass	plt#815	0xbc860	type=3	special image 255 (wrapper/generic, not yet decoded)
Assembly-CSharp-firstpass	plt#816	0xbc870	type=3	special image 255 (wrapper/generic, not yet decoded)
Assembly-CSharp-firstpass	plt#817	0xbc880	type=3	Assembly-CSharp-firstpass::UghControl::get_isLegalControl
Assembly-CSharp-firstpass	plt#818	0xbc890	type=3	Assembly-CSharp-firstpass::UghSprite::GetParentPublisher
Assembly-CSharp-firstpass	plt#819	0xbc8a0	type=3	special image 255 (wrapper/generic, not yet decoded)
Assembly-CSharp-firstpass	plt#820	0xbc8b0	type=3	special image 255 (wrapper/generic, not yet decoded)
Assembly-CSharp-firstpass	plt#821	0xbc8c0	type=3	UnityEngine::UnityEngine.BoxCollider::set_size
Assembly-CSharp-firstpass	plt#822	0xbc8d0	type=3	UnityEngine::UnityEngine.BoxCollider::set_center
Assembly-CSharp-firstpass	plt#823	0xbc8e0	type=3	UnityEngine::UnityEngine.Behaviour::get_enabled
Assembly-CSharp-firstpass	plt#824	0xbc8f0	type=3	UnityEngine::UnityEngine.Component::get_rigidbody
Assembly-CSharp-firstpass	plt#825	0xbc900	type=3	UnityEngine::UnityEngine.Rigidbody::set_useGravity
Assembly-CSharp-firstpass	plt#826	0xbc910	type=3	UnityEngine::UnityEngine.Rigidbody::set_isKinematic
Assembly-CSharp-firstpass	plt#827	0xbc920	type=3	UnityEngine::UnityEngine.Collider::set_isTrigger
Assembly-CSharp-firstpass	plt#828	0xbc930	type=3	UnityEngine::UnityEngine.Mathf::RoundToInt
Assembly-CSharp-firstpass	plt#829	0xbc940	type=3	Assembly-CSharp-firstpass::UghScrollView::ForceSnapScrolling
Assembly-CSharp-firstpass	plt#830	0xbc950	type=3	UnityEngine::UnityEngine.Time::get_realtimeSinceStartup
Assembly-CSharp-firstpass	plt#831	0xbc960	type=3	UnityEngine::UnityEngine.Time::get_frameCount
Assembly-CSharp-firstpass	plt#832	0xbc970	type=3	UnityEngine::UnityEngine.Transform::get_lossyScale
Assembly-CSharp-firstpass	plt#833	0xbc980	type=3	UnityEngine::UnityEngine.Transform::get_localPosition
Assembly-CSharp-firstpass	plt#834	0xbc990	type=3	UnityEngine::UnityEngine.Transform::set_localPosition
Assembly-CSharp-firstpass	plt#835	0xbc9a0	type=3	Assembly-CSharp-firstpass::UghCamera::get_Instance
Assembly-CSharp-firstpass	plt#836	0xbc9b0	type=3	UnityEngine::UnityEngine.Component::get_camera
Assembly-CSharp-firstpass	plt#837	0xbc9c0	type=3	UnityEngine::UnityEngine.Transform::InverseTransformPoint
Assembly-CSharp-firstpass	plt#838	0xbc9d0	type=3	special image 255 (wrapper/generic, not yet decoded)
Assembly-CSharp-firstpass	plt#839	0xbc9e0	type=3	UnityEngine::UnityEngine.MeshFilter::get_sharedMesh
Assembly-CSharp-firstpass	plt#840	0xbc9f0	type=3	UnityEngine::UnityEngine.Mesh::.ctor
Assembly-CSharp-firstpass	plt#841	0xbca00	type=3	Assembly-CSharp-firstpass::UghSprite::GetOffsetForAnchor
Assembly-CSharp-firstpass	plt#842	0xbca10	type=3	UnityEngine::UnityEngine.Mesh::set_vertices
Assembly-CSharp-firstpass	plt#843	0xbca20	type=3	UnityEngine::UnityEngine.Mesh::set_uv
Assembly-CSharp-firstpass	plt#844	0xbca30	type=3	UnityEngine::UnityEngine.Mesh::set_triangles
Assembly-CSharp-firstpass	plt#845	0xbca40	type=3	UnityEngine::UnityEngine.MeshFilter::set_sharedMesh
Assembly-CSharp-firstpass	plt#846	0xbca50	type=3	UnityEngine::UnityEngine.Component::get_renderer
Assembly-CSharp-firstpass	plt#847	0xbca60	type=3	UnityEngine::UnityEngine.Renderer::set_sharedMaterial
Assembly-CSharp-firstpass	plt#848	0xbca70	type=3	special image 255 (wrapper/generic, not yet decoded)
Assembly-CSharp-firstpass	plt#849	0xbca80	type=3	special image 255 (wrapper/generic, not yet decoded)
Assembly-CSharp-firstpass	plt#850	0xbca90	type=3	mscorlib::System.String::PadLeft
Assembly-CSharp-firstpass	plt#851	0xbcaa0	type=3	mscorlib::System.Text.StringBuilder::Remove
Assembly-CSharp-firstpass	plt#852	0xbcab0	type=3	Assembly-CSharp-firstpass::LEDScroller::OnNewTextCheck
Assembly-CSharp-firstpass	plt#853	0xbcac0	type=3	Assembly-CSharp-firstpass::LEDScroller::OnFlash
Assembly-CSharp-firstpass	plt#854	0xbcad0	type=3	Assembly-CSharp-firstpass::LEDScroller::OnScroll
Assembly-CSharp-firstpass	plt#855	0xbcae0	type=3	special image 255 (wrapper/generic, not yet decoded)
Assembly-CSharp-firstpass	plt#856	0xbcaf0	type=3	special image 255 (wrapper/generic, not yet decoded)
Assembly-CSharp-firstpass	plt#857	0xbcb00	type=3	special image 255 (wrapper/generic, not yet decoded)
Assembly-CSharp-firstpass	plt#858	0xbcb10	type=3	special image 255 (wrapper/generic, not yet decoded)
Assembly-CSharp-firstpass	plt#859	0xbcb20	type=3	UnityEngine::UnityEngine.Material::get_color
Assembly-CSharp-firstpass	plt#860	0xbcb30	type=3	UnityEngine::UnityEngine.Renderer::set_enabled
Assembly-CSharp-firstpass	plt#861	0xbcb40	type=3	Assembly-CSharp-firstpass::ScreenFade::FadeHelper
Assembly-CSharp-firstpass	plt#862	0xbcb50	type=3	Assembly-CSharp-firstpass::ScreenFade::LoadSceneHelper
Assembly-CSharp-firstpass	plt#863	0xbcb60	type=3	UnityEngine::UnityEngine.Transform::TransformPoint
Assembly-CSharp-firstpass	plt#864	0xbcb70	type=3	Assembly-CSharp-firstpass::UghCamera::ScreenAnchorToPosition
Assembly-CSharp-firstpass	plt#865	0xbcb80	type=3	UnityEngine::UnityEngine.Vector3::op_UnaryNegation
Assembly-CSharp-firstpass	plt#866	0xbcb90	type=3	special image 252 (wrapper/generic, not yet decoded)
Assembly-CSharp-firstpass	plt#867	0xbcba0	type=3	special image 255 (wrapper/generic, not yet decoded)
Assembly-CSharp-firstpass	plt#868	0xbcbb0	type=3	special image 255 (wrapper/generic, not yet decoded)
Assembly-CSharp-firstpass	plt#869	0xbcbc0	type=3	special image 252 (wrapper/generic, not yet decoded)
Assembly-CSharp-firstpass	plt#870	0xbcbd0	type=3	special image 255 (wrapper/generic, not yet decoded)
Assembly-CSharp-firstpass	plt#871	0xbcbe0	type=7	
Assembly-CSharp-firstpass	plt#872	0xbcbf0	type=3	UnityEngine::UnityEngine.Vector3::op_Equality
Assembly-CSharp-firstpass	plt#873	0xbcc00	type=3	UnityEngine::UnityEngine.Vector3::.ctor
Assembly-CSharp-firstpass	plt#874	0xbcc10	type=3	Assembly-CSharp-firstpass::UghInput::get_Instance
Assembly-CSharp-firstpass	plt#875	0xbcc20	type=3	UnityEngine::UnityEngine.Screen::get_orientation
Assembly-CSharp-firstpass	plt#876	0xbcc30	type=3	UnityEngine::UnityEngine.Camera::set_isOrthoGraphic
Assembly-CSharp-firstpass	plt#877	0xbcc40	type=3	UnityEngine::UnityEngine.Camera::set_orthographicSize
Assembly-CSharp-firstpass	plt#878	0xbcc50	type=3	UnityEngine::UnityEngine.Camera::set_clearFlags
Assembly-CSharp-firstpass	plt#879	0xbcc60	type=3	UnityEngine::UnityEngine.Camera::set_nearClipPlane
Assembly-CSharp-firstpass	plt#880	0xbcc70	type=3	UnityEngine::UnityEngine.Camera::set_farClipPlane
Assembly-CSharp-firstpass	plt#881	0xbcc80	type=3	UnityEngine::UnityEngine.Camera::set_cullingMask
Assembly-CSharp-firstpass	plt#882	0xbcc90	type=3	UnityEngine::UnityEngine.Camera::get_pixelWidth
Assembly-CSharp-firstpass	plt#883	0xbcca0	type=3	UnityEngine::UnityEngine.Camera::get_pixelHeight
Assembly-CSharp-firstpass	plt#884	0xbccb0	type=3	special image 255 (wrapper/generic, not yet decoded)
Assembly-CSharp-firstpass	plt#885	0xbccc0	type=3	Assembly-CSharp-firstpass::UghInput::get_InputPosition
Assembly-CSharp-firstpass	plt#886	0xbccd0	type=3	UnityEngine::UnityEngine.Input::GetMouseButton
Assembly-CSharp-firstpass	plt#887	0xbcce0	type=3	UnityEngine::UnityEngine.Camera::ScreenPointToRay
Assembly-CSharp-firstpass	plt#888	0xbccf0	type=3	UnityEngine::UnityEngine.Physics::RaycastAll
Assembly-CSharp-firstpass	plt#889	0xbcd00	type=3	special image 255 (wrapper/generic, not yet decoded)
Assembly-CSharp-firstpass	plt#890	0xbcd10	type=3	UnityEngine::UnityEngine.RaycastHit::get_transform
Assembly-CSharp-firstpass	plt#891	0xbcd20	type=3	special image 255 (wrapper/generic, not yet decoded)
Assembly-CSharp-firstpass	plt#892	0xbcd30	type=3	special image 255 (wrapper/generic, not yet decoded)
Assembly-CSharp-firstpass	plt#893	0xbcd40	type=3	special image 255 (wrapper/generic, not yet decoded)
Assembly-CSharp-firstpass	plt#894	0xbcd50	type=3	special image 255 (wrapper/generic, not yet decoded)
Assembly-CSharp-firstpass	plt#895	0xbcd60	type=3	special image 255 (wrapper/generic, not yet decoded)
Assembly-CSharp-firstpass	plt#896	0xbcd70	type=3	special image 255 (wrapper/generic, not yet decoded)
Assembly-CSharp-firstpass	plt#897	0xbcd80	type=3	special image 255 (wrapper/generic, not yet decoded)
Assembly-CSharp-firstpass	plt#898	0xbcd90	type=3	special image 255 (wrapper/generic, not yet decoded)
Assembly-CSharp-firstpass	plt#899	0xbcda0	type=3	Assembly-CSharp-firstpass::UghInput::TouchBeginEvent
Assembly-CSharp-firstpass	plt#900	0xbcdb0	type=3	Assembly-CSharp-firstpass::UghInput::TouchPersistEvent
Assembly-CSharp-firstpass	plt#901	0xbcdc0	type=3	Assembly-CSharp-firstpass::UghInput::TouchEndedEvent
Assembly-CSharp-firstpass	plt#902	0xbcdd0	type=3	mscorlib::System.Single::CompareTo
Assembly-CSharp-firstpass	plt#903	0xbcde0	type=3	Assembly-CSharp-firstpass::TransformsDictionary::.ctor
Assembly-CSharp-firstpass	plt#904	0xbcdf0	type=3	Assembly-CSharp-firstpass::UghTextsDictionary::.ctor
Assembly-CSharp-firstpass	plt#905	0xbce00	type=3	Assembly-CSharp-firstpass::LEDScrollersDictionary::.ctor
Assembly-CSharp-firstpass	plt#906	0xbce10	type=3	Assembly-CSharp-firstpass::UghButtonsDictionary::.ctor
Assembly-CSharp-firstpass	plt#907	0xbce20	type=3	Assembly-CSharp-firstpass::UghSlideToggleDictionary::.ctor
Assembly-CSharp-firstpass	plt#908	0xbce30	type=3	Assembly-CSharp-firstpass::UghSliderDictionary::.ctor
Assembly-CSharp-firstpass	plt#909	0xbce40	type=3	UnityEngine::UnityEngine.MonoBehaviour::Invoke
Assembly-CSharp-firstpass	plt#910	0xbce50	type=3	special image 255 (wrapper/generic, not yet decoded)
Assembly-CSharp-firstpass	plt#911	0xbce60	type=3	special image 255 (wrapper/generic, not yet decoded)
Assembly-CSharp-firstpass	plt#912	0xbce70	type=3	special image 255 (wrapper/generic, not yet decoded)
Assembly-CSharp-firstpass	plt#913	0xbce80	type=3	special image 255 (wrapper/generic, not yet decoded)
Assembly-CSharp-firstpass	plt#914	0xbce90	type=3	special image 255 (wrapper/generic, not yet decoded)
Assembly-CSharp-firstpass	plt#915	0xbcea0	type=3	special image 255 (wrapper/generic, not yet decoded)
Assembly-CSharp-firstpass	plt#916	0xbceb0	type=3	special image 255 (wrapper/generic, not yet decoded)
Assembly-CSharp-firstpass	plt#917	0xbcec0	type=3	special image 255 (wrapper/generic, not yet decoded)
Assembly-CSharp-firstpass	plt#918	0xbced0	type=3	special image 255 (wrapper/generic, not yet decoded)
Assembly-CSharp-firstpass	plt#919	0xbcee0	type=3	special image 255 (wrapper/generic, not yet decoded)
Assembly-CSharp-firstpass	plt#920	0xbcef0	type=3	special image 255 (wrapper/generic, not yet decoded)
Assembly-CSharp-firstpass	plt#921	0xbcf00	type=3	special image 255 (wrapper/generic, not yet decoded)
Assembly-CSharp-firstpass	plt#922	0xbcf10	type=3	special image 255 (wrapper/generic, not yet decoded)
Assembly-CSharp-firstpass	plt#923	0xbcf20	type=3	special image 255 (wrapper/generic, not yet decoded)
Assembly-CSharp-firstpass	plt#924	0xbcf30	type=3	special image 255 (wrapper/generic, not yet decoded)
Assembly-CSharp-firstpass	plt#925	0xbcf40	type=3	special image 255 (wrapper/generic, not yet decoded)
Assembly-CSharp-firstpass	plt#926	0xbcf50	type=3	special image 255 (wrapper/generic, not yet decoded)
Assembly-CSharp-firstpass	plt#927	0xbcf60	type=3	special image 255 (wrapper/generic, not yet decoded)
Assembly-CSharp-firstpass	plt#928	0xbcf70	type=3	special image 255 (wrapper/generic, not yet decoded)
Assembly-CSharp-firstpass	plt#929	0xbcf80	type=3	special image 255 (wrapper/generic, not yet decoded)
Assembly-CSharp-firstpass	plt#930	0xbcf90	type=3	UnityEngine::UnityEngine.GameObject::set_layer
Assembly-CSharp-firstpass	plt#931	0xbcfa0	type=3	UnityEngine::UnityEngine.Object::DestroyImmediate
Assembly-CSharp-firstpass	plt#932	0xbcfb0	type=3	Assembly-CSharp-firstpass::UghSpritePrototype::UpdatePrototype
Assembly-CSharp-firstpass	plt#933	0xbcfc0	type=3	UnityEngine::UnityEngine.MeshFilter::get_mesh
Assembly-CSharp-firstpass	plt#934	0xbcfd0	type=3	special image 255 (wrapper/generic, not yet decoded)
Assembly-CSharp-firstpass	plt#935	0xbcfe0	type=3	Assembly-CSharp-firstpass::UghTriangle::MakeQuad
Assembly-CSharp-firstpass	plt#936	0xbcff0	type=3	special image 255 (wrapper/generic, not yet decoded)
Assembly-CSharp-firstpass	plt#937	0xbd000	type=3	special image 255 (wrapper/generic, not yet decoded)
Assembly-CSharp-firstpass	plt#938	0xbd010	type=3	Assembly-CSharp-firstpass::UghTriangle::AddToMeshList
Assembly-CSharp-firstpass	plt#939	0xbd020	type=3	special image 255 (wrapper/generic, not yet decoded)
Assembly-CSharp-firstpass	plt#940	0xbd030	type=3	special image 255 (wrapper/generic, not yet decoded)
Assembly-CSharp-firstpass	plt#941	0xbd040	type=3	mscorlib::System.Object::MemberwiseClone
Assembly-CSharp-firstpass	plt#942	0xbd050	type=3	UnityEngine::UnityEngine.ScriptableObject::.ctor
Assembly-CSharp-firstpass	plt#943	0xbd060	type=3	special image 255 (wrapper/generic, not yet decoded)
Assembly-CSharp-firstpass	plt#944	0xbd070	type=3	special image 255 (wrapper/generic, not yet decoded)
Assembly-CSharp-firstpass	plt#945	0xbd080	type=3	Assembly-CSharp-firstpass::EdgePixels::DeepCopy
Assembly-CSharp-firstpass	plt#946	0xbd090	type=3	Assembly-CSharp-firstpass::UghStretch::Align
Assembly-CSharp-firstpass	plt#947	0xbd0a0	type=3	special image 255 (wrapper/generic, not yet decoded)
Assembly-CSharp-firstpass	plt#948	0xbd0b0	type=3	UnityEngine::UnityEngine.Transform::get_localScale
Assembly-CSharp-firstpass	plt#949	0xbd0c0	type=3	Assembly-CSharp-firstpass::UghStretch::DoSignalDirtyAlign
Assembly-CSharp-firstpass	plt#950	0xbd0d0	type=3	Assembly-CSharp-firstpass::UghText::SetTextMeshAndWordWrap
Assembly-CSharp-firstpass	plt#951	0xbd0e0	type=3	Assembly-CSharp-firstpass::UghText::UpdateDropShadow
Assembly-CSharp-firstpass	plt#952	0xbd0f0	type=3	UnityEngine::UnityEngine.Transform::FindChild
Assembly-CSharp-firstpass	plt#953	0xbd100	type=3	UnityEngine::UnityEngine.Transform::get_rotation
Assembly-CSharp-firstpass	plt#954	0xbd110	type=3	UnityEngine::UnityEngine.Object::DestroyImmediate
Assembly-CSharp-firstpass	plt#955	0xbd120	type=3	UnityEngine::UnityEngine.Vector3::Scale
Assembly-CSharp-firstpass	plt#956	0xbd130	type=3	special image 255 (wrapper/generic, not yet decoded)
Assembly-CSharp-firstpass	plt#957	0xbd140	type=3	UnityEngine::UnityEngine.TextMesh::get_text
Assembly-CSharp-firstpass	plt#958	0xbd150	type=3	UnityEngine::UnityEngine.Transform::get_childCount
Assembly-CSharp-firstpass	plt#959	0xbd160	type=3	special image 255 (wrapper/generic, not yet decoded)
Assembly-CSharp-firstpass	plt#960	0xbd170	type=3	special image 255 (wrapper/generic, not yet decoded)
Assembly-CSharp-firstpass	plt#961	0xbd180	type=3	mscorlib::System.Char::IsWhiteSpace
Assembly-CSharp-firstpass	plt#962	0xbd190	type=3	special image 255 (wrapper/generic, not yet decoded)
Assembly-CSharp-firstpass	plt#963	0xbd1a0	type=3	UnityEngine::UnityEngine.Renderer::get_bounds
Assembly-CSharp-firstpass	plt#964	0xbd1b0	type=3	UnityEngine::UnityEngine.Bounds::get_size
Assembly-CSharp-firstpass	plt#965	0xbd1c0	type=3	mscorlib::System.Text.StringBuilder::get_Chars
Assembly-CSharp-firstpass	plt#966	0xbd1d0	type=3	special image 255 (wrapper/generic, not yet decoded)
Assembly-CSharp-firstpass	plt#967	0xbd1e0	type=3	special image 255 (wrapper/generic, not yet decoded)
Assembly-CSharp-firstpass	plt#968	0xbd1f0	type=3	special image 255 (wrapper/generic, not yet decoded)
Assembly-CSharp-firstpass	plt#969	0xbd200	type=3	special image 255 (wrapper/generic, not yet decoded)
Assembly-CSharp-firstpass	plt#970	0xbd210	type=3	special image 255 (wrapper/generic, not yet decoded)
Assembly-CSharp-firstpass	plt#971	0xbd220	type=3	special image 255 (wrapper/generic, not yet decoded)
Assembly-CSharp-firstpass	plt#972	0xbd230	type=3	Assembly-CSharp-firstpass::UghTriangle::.ctor
Assembly-CSharp-firstpass	plt#973	0xbd240	type=3	Assembly-CSharp-firstpass::P31Prefs::get_iCloudDocumentStoreAvailable
Assembly-CSharp-firstpass	plt#974	0xbd250	type=3	Assembly-CSharp-firstpass::iCloudBinding::documentsDirectory
Assembly-CSharp-firstpass	plt#975	0xbd260	type=15	
Assembly-CSharp-firstpass	plt#976	0xbd270	type=3	mscorlib::System.IO.Path::Combine
Assembly-CSharp-firstpass	plt#977	0xbd280	type=3	mscorlib::System.IO.File::WriteAllText
Assembly-CSharp-firstpass	plt#978	0xbd290	type=3	mscorlib::System.IO.File::ReadAllLines
Assembly-CSharp-firstpass	plt#979	0xbd2a0	type=3	special image 252 (wrapper/generic, not yet decoded)
Assembly-CSharp-firstpass	plt#980	0xbd2b0	type=15	
Assembly-CSharp-firstpass	plt#981	0xbd2c0	type=3	Assembly-CSharp-firstpass::iCloudBinding::stringForKey
Assembly-CSharp-firstpass	plt#982	0xbd2d0	type=3	Assembly-CSharp-firstpass::iCloudBinding::dictionaryForKey
Assembly-CSharp-firstpass	plt#983	0xbd2e0	type=3	Assembly-CSharp-firstpass::iCloudBinding::_iCloudIsiCloudAvailable
Assembly-CSharp-firstpass	plt#984	0xbd2f0	type=3	Assembly-CSharp-firstpass::iCloudBinding::_iCloudSynchronize
Assembly-CSharp-firstpass	plt#985	0xbd300	type=3	Assembly-CSharp-firstpass::iCloudBinding::_iCloudRemoveObjectForKey
Assembly-CSharp-firstpass	plt#986	0xbd310	type=3	Assembly-CSharp-firstpass::iCloudBinding::_iCloudHasKey
Assembly-CSharp-firstpass	plt#987	0xbd320	type=3	Assembly-CSharp-firstpass::iCloudBinding::_iCloudStringForKey
Assembly-CSharp-firstpass	plt#988	0xbd330	type=3	Assembly-CSharp-firstpass::iCloudBinding::_iCloudSetString
Assembly-CSharp-firstpass	plt#989	0xbd340	type=3	Assembly-CSharp-firstpass::iCloudBinding::_iCloudDictionaryForKey
Assembly-CSharp-firstpass	plt#990	0xbd350	type=3	Assembly-CSharp-firstpass::iCloudBinding::_iCloudSetDictionary
Assembly-CSharp-firstpass	plt#991	0xbd360	type=3	Assembly-CSharp-firstpass::iCloudBinding::_iCloudDoubleForKey
Assembly-CSharp-firstpass	plt#992	0xbd370	type=3	Assembly-CSharp-firstpass::iCloudBinding::_iCloudSetDouble
Assembly-CSharp-firstpass	plt#993	0xbd380	type=3	Assembly-CSharp-firstpass::iCloudBinding::_iCloudIntForKey
Assembly-CSharp-firstpass	plt#994	0xbd390	type=3	Assembly-CSharp-firstpass::iCloudBinding::_iCloudSetInt
Assembly-CSharp-firstpass	plt#995	0xbd3a0	type=3	Assembly-CSharp-firstpass::iCloudBinding::_iCloudBoolForKey
Assembly-CSharp-firstpass	plt#996	0xbd3b0	type=3	Assembly-CSharp-firstpass::iCloudBinding::_iCloudSetBool
Assembly-CSharp-firstpass	plt#997	0xbd3c0	type=3	Assembly-CSharp-firstpass::iCloudBinding::_iCloudDocumentStoreAvailable
Assembly-CSharp-firstpass	plt#998	0xbd3d0	type=3	Assembly-CSharp-firstpass::iCloudBinding::_iCloudDocumentsDirectory
Assembly-CSharp-firstpass	plt#999	0xbd3e0	type=3	Assembly-CSharp-firstpass::iCloudBinding::_iCloudIsFileInCloud
Assembly-CSharp-firstpass	plt#1000	0xbd3f0	type=3	Assembly-CSharp-firstpass::iCloudBinding::_iCloudIsFileDownloaded
Assembly-CSharp-firstpass	plt#1001	0xbd400	type=3	Assembly-CSharp-firstpass::iCloudBinding::_iCloudAddFile
Assembly-CSharp-firstpass	plt#1002	0xbd410	type=3	Assembly-CSharp-firstpass::iCloudBinding::_iCloudEvictFile
Assembly-CSharp-firstpass	plt#1003	0xbd420	type=3	special image 252 (wrapper/generic, not yet decoded)
Assembly-CSharp-firstpass	plt#1004	0xbd430	type=3	special image 252 (wrapper/generic, not yet decoded)
Assembly-CSharp-firstpass	plt#1005	0xbd440	type=3	special image 252 (wrapper/generic, not yet decoded)
Assembly-CSharp-firstpass	plt#1006	0xbd450	type=3	special image 252 (wrapper/generic, not yet decoded)
Assembly-CSharp-firstpass	plt#1007	0xbd460	type=3	special image 252 (wrapper/generic, not yet decoded)
Assembly-CSharp-firstpass	plt#1008	0xbd470	type=3	special image 252 (wrapper/generic, not yet decoded)
Assembly-CSharp-firstpass	plt#1009	0xbd480	type=3	special image 255 (wrapper/generic, not yet decoded)
Assembly-CSharp-firstpass	plt#1010	0xbd490	type=3	special image 255 (wrapper/generic, not yet decoded)
Assembly-CSharp-firstpass	plt#1011	0xbd4a0	type=3	Assembly-CSharp-firstpass::iCloudDocument::fromJSON
Assembly-CSharp-firstpass	plt#1012	0xbd4b0	type=3	special image 255 (wrapper/generic, not yet decoded)
Assembly-CSharp-firstpass	plt#1013	0xbd4c0	type=3	Assembly-CSharp-firstpass::iCloudDocument::.ctor
Assembly-CSharp-firstpass	plt#1014	0xbd4d0	type=3	special image 255 (wrapper/generic, not yet decoded)
Assembly-CSharp-firstpass	plt#1015	0xbd4e0	type=3	Assembly-CSharp-firstpass::P31Prefs::get_iCloudAvailable
Assembly-CSharp-firstpass	plt#1016	0xbd4f0	type=3	Assembly-CSharp-firstpass::P31Prefs::synchronize
Assembly-CSharp-firstpass	plt#1017	0xbd500	type=3	Assembly-CSharp-firstpass::P31Prefs::setInt
Assembly-CSharp-firstpass	plt#1018	0xbd510	type=3	Assembly-CSharp-firstpass::P31Prefs::getInt
Assembly-CSharp-firstpass	plt#1019	0xbd520	type=3	Assembly-CSharp-firstpass::P31Prefs::setString
Assembly-CSharp-firstpass	plt#1020	0xbd530	type=3	Assembly-CSharp-firstpass::P31Prefs::getString
Assembly-CSharp-firstpass	plt#1021	0xbd540	type=3	Assembly-CSharp-firstpass::P31Prefs::setBool
Assembly-CSharp-firstpass	plt#1022	0xbd550	type=3	Assembly-CSharp-firstpass::P31Prefs::getBool
Assembly-CSharp-firstpass	plt#1023	0xbd560	type=3	Assembly-CSharp-firstpass::P31Prefs::setFloat
Assembly-CSharp-firstpass	plt#1024	0xbd570	type=3	Assembly-CSharp-firstpass::P31Prefs::getFloat
Assembly-CSharp-firstpass	plt#1025	0xbd580	type=3	Assembly-CSharp-firstpass::P31Prefs::setDictionary
Assembly-CSharp-firstpass	plt#1026	0xbd590	type=3	Assembly-CSharp-firstpass::P31Prefs::getDictionary
Assembly-CSharp-firstpass	plt#1027	0xbd5a0	type=3	Assembly-CSharp-firstpass::ResultLogger::logObject
Assembly-CSharp-firstpass	plt#1028	0xbd5b0	type=3	Assembly-CSharp-firstpass::P31CloudFile::writeAllText
Assembly-CSharp-firstpass	plt#1029	0xbd5c0	type=3	Assembly-CSharp-firstpass::P31CloudFile::readAllLines
Assembly-CSharp-firstpass	plt#1030	0xbd5d0	type=3	Assembly-CSharp-firstpass::Dialog::Activate
Assembly-CSharp-firstpass	plt#1031	0xbd5e0	type=3	UnityEngine::UnityEngine.WWW::.ctor
Assembly-CSharp-firstpass	plt#1032	0xbd5f0	type=3	UnityEngine::UnityEngine.WWW::get_error
Assembly-CSharp-firstpass	plt#1033	0xbd600	type=3	UnityEngine::UnityEngine.WWW::get_text
Assembly-CSharp-firstpass	plt#1034	0xbd610	type=3	UnityEngine::UnityEngine.WWW::Dispose
Assembly-CSharp-firstpass	plt#1035	0xbd620	type=3	mscorlib::System.IO.FileStream::.ctor
Assembly-CSharp-firstpass	plt#1036	0xbd630	type=3	mscorlib::System.Text.Encoding::get_ASCII
Assembly-CSharp-firstpass	plt#1037	0xbd640	type=3	UnityEngine::UnityEngine.Resources::Load
Assembly-CSharp-firstpass	plt#1038	0xbd650	type=3	UnityEngine::UnityEngine.Resources::UnloadAsset
Assembly-CSharp-firstpass	plt#1039	0xbd660	type=3	Assembly-CSharp-firstpass::ExternalPersistentArchive::LoadFromWebCoroutine
Assembly-CSharp-firstpass	plt#1040	0xbd670	type=3	Assembly-CSharp-firstpass::GravCloudPrefs::LoadFromFileStream
Assembly-CSharp-firstpass	plt#1041	0xbd680	type=3	mscorlib::System.BitConverter::ToInt64
Assembly-CSharp-firstpass	plt#1042	0xbd690	type=3	UnityEngine::UnityEngine.Application::ExternalCall
Assembly-CSharp-firstpass	plt#1043	0xbd6a0	type=3	UnityEngine::UnityEngine.WWW::get_isDone
Assembly-CSharp-firstpass	plt#1044	0xbd6b0	type=3	mscorlib::System.String::IsNullOrEmpty
Assembly-CSharp-firstpass	plt#1045	0xbd6c0	type=3	Assembly-CSharp-firstpass::JCloudManager::GetDocumentLock
Assembly-CSharp-firstpass	plt#1046	0xbd6d0	type=3	Assembly-CSharp-firstpass::JCloudManager::CheckDocumentLock
Assembly-CSharp-firstpass	plt#1047	0xbd6e0	type=3	Assembly-CSharp-firstpass::JCloudExtern::GetCloudItemExistence
Assembly-CSharp-firstpass	plt#1048	0xbd6f0	type=3	Assembly-CSharp-firstpass::JCloudManager::GetDocumentResult
Assembly-CSharp-firstpass	plt#1049	0xbd700	type=3	Assembly-CSharp-firstpass::JCloudExtern::DeleteCloudItem
Assembly-CSharp-firstpass	plt#1050	0xbd710	type=3	Assembly-CSharp-firstpass::JCloudExtern::CreateOrOpenCloudItem
Assembly-CSharp-firstpass	plt#1051	0xbd720	type=3	Assembly-CSharp-firstpass::JCloudExtern::OpenCloudItem
Assembly-CSharp-firstpass	plt#1052	0xbd730	type=3	Assembly-CSharp-firstpass::JCloudExtern::GetCloudItemModificationDate
Assembly-CSharp-firstpass	plt#1053	0xbd740	type=3	Assembly-CSharp-firstpass::JCloudExtern::CopyCloudItem
Assembly-CSharp-firstpass	plt#1054	0xbd750	type=3	Assembly-CSharp-firstpass::JCloudExtern::MoveCloudItem
Assembly-CSharp-firstpass	plt#1055	0xbd760	type=3	UnityEngine::UnityEngine.Ray::.ctor
Assembly-CSharp-firstpass	plt#1056	0xbd770	type=3	UnityEngine::UnityEngine.Camera::get_farClipPlane
Assembly-CSharp-firstpass	plt#1057	0xbd780	type=3	UnityEngine::UnityEngine.Physics::Raycast
Assembly-CSharp-firstpass	plt#1058	0xbd790	type=3	UnityEngine::UnityEngine.Debug::LogError
Assembly-CSharp-firstpass	plt#1059	0xbd7a0	type=3	Assembly-CSharp-firstpass::UghInput::get_IsInputDown
Assembly-CSharp-firstpass	plt#1060	0xbd7b0	type=3	UnityEngine::UnityEngine.Mathf::Round
Assembly-CSharp-firstpass	plt#1061	0xbd7c0	type=3	UnityEngine::UnityEngine.Mathf::Log
Assembly-CSharp-firstpass	plt#1062	0xbd7d0	type=3	Assembly-CSharp-firstpass::UghScrollView::SnapScroll
Assembly-CSharp-firstpass	plt#1063	0xbd7e0	type=3	mscorlib::System.Text.StringBuilder::Append
Assembly-CSharp-firstpass	plt#1064	0xbd7f0	type=3	Assembly-CSharp-firstpass::ScreenFade::get_Instance
Assembly-CSharp-firstpass	plt#1065	0xbd800	type=7	
Assembly-CSharp-firstpass	plt#1066	0xbd810	type=3	special image 254 (wrapper/generic, not yet decoded)
Assembly-CSharp-firstpass	plt#1067	0xbd820	type=3	special image 253 (wrapper/generic, not yet decoded)
Assembly-CSharp-firstpass	plt#1068	0xbd830	type=3	special image 254 (wrapper/generic, not yet decoded)
Assembly-CSharp-firstpass	plt#1069	0xbd840	type=3	special image 254 (wrapper/generic, not yet decoded)
Assembly-CSharp-firstpass	plt#1070	0xbd850	type=7	
Assembly-CSharp-firstpass	plt#1071	0xbd860	type=3	special image 254 (wrapper/generic, not yet decoded)
Assembly-CSharp-firstpass	plt#1072	0xbd870	type=3	special image 254 (wrapper/generic, not yet decoded)
Assembly-CSharp-firstpass	plt#1073	0xbd880	type=3	special image 254 (wrapper/generic, not yet decoded)
Assembly-CSharp-firstpass	plt#1074	0xbd890	type=3	special image 254 (wrapper/generic, not yet decoded)
Assembly-CSharp-firstpass	plt#1075	0xbd8a0	type=3	special image 254 (wrapper/generic, not yet decoded)
Assembly-CSharp-firstpass	plt#1076	0xbd8b0	type=3	special image 254 (wrapper/generic, not yet decoded)
Assembly-CSharp-firstpass	plt#1077	0xbd8c0	type=3	special image 254 (wrapper/generic, not yet decoded)
Assembly-CSharp-firstpass	plt#1078	0xbd8d0	type=3	special image 254 (wrapper/generic, not yet decoded)
Assembly-CSharp-firstpass	plt#1079	0xbd8e0	type=3	special image 254 (wrapper/generic, not yet decoded)
Assembly-CSharp-firstpass	plt#1080	0xbd8f0	type=3	special image 254 (wrapper/generic, not yet decoded)
Assembly-CSharp-firstpass	plt#1081	0xbd900	type=3	mscorlib::System.Math::Max
Assembly-CSharp-firstpass	plt#1082	0xbd910	type=3	special image 254 (wrapper/generic, not yet decoded)
Assembly-CSharp-firstpass	plt#1083	0xbd920	type=3	mscorlib::System.Array::Clear
Assembly-CSharp-firstpass	plt#1084	0xbd930	type=3	special image 254 (wrapper/generic, not yet decoded)
Assembly-CSharp-firstpass	plt#1085	0xbd940	type=3	special image 254 (wrapper/generic, not yet decoded)
Assembly-CSharp-firstpass	plt#1086	0xbd950	type=3	special image 254 (wrapper/generic, not yet decoded)
Assembly-CSharp-firstpass	plt#1087	0xbd960	type=3	special image 254 (wrapper/generic, not yet decoded)
Assembly-CSharp-firstpass	plt#1088	0xbd970	type=3	special image 254 (wrapper/generic, not yet decoded)
Assembly-CSharp-firstpass	plt#1089	0xbd980	type=3	special image 254 (wrapper/generic, not yet decoded)
Assembly-CSharp-firstpass	plt#1090	0xbd990	type=3	special image 254 (wrapper/generic, not yet decoded)
Assembly-CSharp-firstpass	plt#1091	0xbd9a0	type=3	special image 254 (wrapper/generic, not yet decoded)
Assembly-CSharp-firstpass	plt#1092	0xbd9b0	type=3	special image 254 (wrapper/generic, not yet decoded)
Assembly-CSharp-firstpass	plt#1093	0xbd9c0	type=3	special image 254 (wrapper/generic, not yet decoded)
Assembly-CSharp-firstpass	plt#1094	0xbd9d0	type=3	special image 253 (wrapper/generic, not yet decoded)
Assembly-CSharp-firstpass	plt#1095	0xbd9e0	type=3	special image 254 (wrapper/generic, not yet decoded)
Assembly-CSharp-firstpass	plt#1096	0xbd9f0	type=3	special image 254 (wrapper/generic, not yet decoded)
Assembly-CSharp-firstpass	plt#1097	0xbda00	type=3	special image 254 (wrapper/generic, not yet decoded)
Assembly-CSharp-firstpass	plt#1098	0xbda10	type=3	special image 254 (wrapper/generic, not yet decoded)
Assembly-CSharp-firstpass	plt#1099	0xbda20	type=3	special image 254 (wrapper/generic, not yet decoded)
Assembly-CSharp-firstpass	plt#1100	0xbda30	type=3	special image 254 (wrapper/generic, not yet decoded)
Assembly-CSharp-firstpass	plt#1101	0xbda40	type=3	special image 254 (wrapper/generic, not yet decoded)
Assembly-CSharp-firstpass	plt#1102	0xbda50	type=3	special image 254 (wrapper/generic, not yet decoded)
Assembly-CSharp-firstpass	plt#1103	0xbda60	type=3	special image 254 (wrapper/generic, not yet decoded)
Assembly-CSharp-firstpass	plt#1104	0xbda70	type=3	special image 254 (wrapper/generic, not yet decoded)
Assembly-CSharp-firstpass	plt#1105	0xbda80	type=3	special image 254 (wrapper/generic, not yet decoded)
Assembly-CSharp-firstpass	plt#1106	0xbda90	type=3	special image 254 (wrapper/generic, not yet decoded)
Assembly-CSharp-firstpass	plt#1107	0xbdaa0	type=3	special image 254 (wrapper/generic, not yet decoded)
Assembly-CSharp-firstpass	plt#1108	0xbdab0	type=3	special image 254 (wrapper/generic, not yet decoded)
Assembly-CSharp-firstpass	plt#1109	0xbdac0	type=3	special image 254 (wrapper/generic, not yet decoded)
Assembly-CSharp-firstpass	plt#1110	0xbdad0	type=3	special image 254 (wrapper/generic, not yet decoded)
Assembly-CSharp-firstpass	plt#1111	0xbdae0	type=3	special image 254 (wrapper/generic, not yet decoded)
Assembly-CSharp-firstpass	plt#1112	0xbdaf0	type=3	special image 254 (wrapper/generic, not yet decoded)
Assembly-CSharp-firstpass	plt#1113	0xbdb00	type=3	special image 254 (wrapper/generic, not yet decoded)
Assembly-CSharp-firstpass	plt#1114	0xbdb10	type=3	special image 254 (wrapper/generic, not yet decoded)
Assembly-CSharp-firstpass	plt#1115	0xbdb20	type=3	special image 254 (wrapper/generic, not yet decoded)
Assembly-CSharp-firstpass	plt#1116	0xbdb30	type=3	special image 254 (wrapper/generic, not yet decoded)
Assembly-CSharp-firstpass	plt#1117	0xbdb40	type=3	special image 254 (wrapper/generic, not yet decoded)
Assembly-CSharp-firstpass	plt#1118	0xbdb50	type=3	special image 254 (wrapper/generic, not yet decoded)
Assembly-CSharp-firstpass	plt#1119	0xbdb60	type=3	special image 254 (wrapper/generic, not yet decoded)
Assembly-CSharp-firstpass	plt#1120	0xbdb70	type=3	special image 254 (wrapper/generic, not yet decoded)
Assembly-CSharp-firstpass	plt#1121	0xbdb80	type=3	special image 254 (wrapper/generic, not yet decoded)
Assembly-CSharp-firstpass	plt#1122	0xbdb90	type=3	special image 254 (wrapper/generic, not yet decoded)
Assembly-CSharp-firstpass	plt#1123	0xbdba0	type=3	special image 254 (wrapper/generic, not yet decoded)
Assembly-CSharp-firstpass	plt#1124	0xbdbb0	type=3	special image 254 (wrapper/generic, not yet decoded)
Assembly-CSharp-firstpass	plt#1125	0xbdbc0	type=3	special image 254 (wrapper/generic, not yet decoded)
Assembly-CSharp-firstpass	plt#1126	0xbdbd0	type=3	special image 254 (wrapper/generic, not yet decoded)
Assembly-CSharp-firstpass	plt#1127	0xbdbe0	type=3	special image 254 (wrapper/generic, not yet decoded)
Assembly-CSharp-firstpass	plt#1128	0xbdbf0	type=3	special image 254 (wrapper/generic, not yet decoded)
Assembly-CSharp-firstpass	plt#1129	0xbdc00	type=3	special image 254 (wrapper/generic, not yet decoded)
Assembly-CSharp-firstpass	plt#1130	0xbdc10	type=3	special image 254 (wrapper/generic, not yet decoded)
Assembly-CSharp-firstpass	plt#1131	0xbdc20	type=3	special image 254 (wrapper/generic, not yet decoded)
Assembly-CSharp-firstpass	plt#1132	0xbdc30	type=3	special image 254 (wrapper/generic, not yet decoded)
Assembly-CSharp-firstpass	plt#1133	0xbdc40	type=3	mscorlib::System.Collections.Hashtable::ToPrime
Assembly-CSharp-firstpass	plt#1134	0xbdc50	type=3	special image 254 (wrapper/generic, not yet decoded)
Assembly-CSharp-firstpass	plt#1135	0xbdc60	type=3	mscorlib::System.Runtime.Serialization.SerializationInfo::AddValue
Assembly-CSharp-firstpass	plt#1136	0xbdc70	type=3	mscorlib::System.Runtime.Serialization.SerializationInfo::AddValue
Assembly-CSharp-firstpass	plt#1137	0xbdc80	type=3	mscorlib::System.Runtime.Serialization.SerializationInfo::GetInt32
Assembly-CSharp-firstpass	plt#1138	0xbdc90	type=3	mscorlib::System.Runtime.Serialization.SerializationInfo::GetValue
Assembly-CSharp-firstpass	plt#1139	0xbdca0	type=3	special image 253 (wrapper/generic, not yet decoded)
Assembly-CSharp-firstpass	plt#1140	0xbdcb0	type=3	special image 254 (wrapper/generic, not yet decoded)
Assembly-CSharp-firstpass	plt#1141	0xbdcc0	type=3	special image 254 (wrapper/generic, not yet decoded)
Assembly-CSharp-firstpass	plt#1142	0xbdcd0	type=7	
Assembly-CSharp-firstpass	plt#1143	0xbdce0	type=3	mscorlib::System.Type::get_IsValueType
Assembly-CSharp-firstpass	plt#1144	0xbdcf0	type=3	special image 254 (wrapper/generic, not yet decoded)
Assembly-CSharp-firstpass	plt#1145	0xbdd00	type=3	special image 254 (wrapper/generic, not yet decoded)
Assembly-CSharp-firstpass	plt#1146	0xbdd10	type=3	special image 254 (wrapper/generic, not yet decoded)
Assembly-CSharp-firstpass	plt#1147	0xbdd20	type=3	special image 254 (wrapper/generic, not yet decoded)
Assembly-CSharp-firstpass	plt#1148	0xbdd30	type=3	special image 254 (wrapper/generic, not yet decoded)
Assembly-CSharp-firstpass	plt#1149	0xbdd40	type=3	special image 254 (wrapper/generic, not yet decoded)
Assembly-CSharp-firstpass	plt#1150	0xbdd50	type=3	special image 254 (wrapper/generic, not yet decoded)
Assembly-CSharp-firstpass	plt#1151	0xbdd60	type=3	special image 254 (wrapper/generic, not yet decoded)
Assembly-CSharp-firstpass	plt#1152	0xbdd70	type=3	special image 254 (wrapper/generic, not yet decoded)
Assembly-CSharp-firstpass	plt#1153	0xbdd80	type=3	special image 254 (wrapper/generic, not yet decoded)
Assembly-CSharp-firstpass	plt#1154	0xbdd90	type=3	special image 254 (wrapper/generic, not yet decoded)
Assembly-CSharp-firstpass	plt#1155	0xbdda0	type=3	special image 254 (wrapper/generic, not yet decoded)
Assembly-CSharp-firstpass	plt#1156	0xbddb0	type=3	special image 254 (wrapper/generic, not yet decoded)
Assembly-CSharp-firstpass	plt#1157	0xbddc0	type=3	special image 254 (wrapper/generic, not yet decoded)
Assembly-CSharp-firstpass	plt#1158	0xbddd0	type=3	special image 254 (wrapper/generic, not yet decoded)
Assembly-CSharp-firstpass	plt#1159	0xbdde0	type=3	special image 254 (wrapper/generic, not yet decoded)
Assembly-CSharp-firstpass	plt#1160	0xbddf0	type=3	special image 254 (wrapper/generic, not yet decoded)
Assembly-CSharp-firstpass	plt#1161	0xbde00	type=3	special image 254 (wrapper/generic, not yet decoded)
Assembly-CSharp-firstpass	plt#1162	0xbde10	type=3	special image 254 (wrapper/generic, not yet decoded)
Assembly-CSharp-firstpass	plt#1163	0xbde20	type=3	special image 254 (wrapper/generic, not yet decoded)
Assembly-CSharp-firstpass	plt#1164	0xbde30	type=3	special image 254 (wrapper/generic, not yet decoded)
Assembly-CSharp-firstpass	plt#1165	0xbde40	type=3	special image 254 (wrapper/generic, not yet decoded)
Assembly-CSharp-firstpass	plt#1166	0xbde50	type=3	special image 254 (wrapper/generic, not yet decoded)
Assembly-CSharp-firstpass	plt#1167	0xbde60	type=3	special image 254 (wrapper/generic, not yet decoded)
Assembly-CSharp-firstpass	plt#1168	0xbde70	type=3	special image 254 (wrapper/generic, not yet decoded)
Assembly-CSharp-firstpass	plt#1169	0xbde80	type=3	special image 254 (wrapper/generic, not yet decoded)
Assembly-CSharp-firstpass	plt#1170	0xbde90	type=3	special image 254 (wrapper/generic, not yet decoded)
Assembly-CSharp-firstpass	plt#1171	0xbdea0	type=3	special image 254 (wrapper/generic, not yet decoded)
Assembly-CSharp-firstpass	plt#1172	0xbdeb0	type=3	special image 254 (wrapper/generic, not yet decoded)
Assembly-CSharp-firstpass	plt#1173	0xbdec0	type=3	special image 254 (wrapper/generic, not yet decoded)
Assembly-CSharp-firstpass	plt#1174	0xbded0	type=3	special image 254 (wrapper/generic, not yet decoded)
Assembly-CSharp-firstpass	plt#1175	0xbdee0	type=3	special image 254 (wrapper/generic, not yet decoded)
Assembly-CSharp-firstpass	plt#1176	0xbdef0	type=3	special image 254 (wrapper/generic, not yet decoded)
Assembly-CSharp-firstpass	plt#1177	0xbdf00	type=3	special image 254 (wrapper/generic, not yet decoded)
Assembly-CSharp-firstpass	plt#1178	0xbdf10	type=3	special image 254 (wrapper/generic, not yet decoded)
Assembly-CSharp-firstpass	plt#1179	0xbdf20	type=3	special image 254 (wrapper/generic, not yet decoded)
Assembly-CSharp-firstpass	plt#1180	0xbdf30	type=3	special image 254 (wrapper/generic, not yet decoded)
Assembly-CSharp-firstpass	plt#1181	0xbdf40	type=3	special image 254 (wrapper/generic, not yet decoded)
Assembly-CSharp-firstpass	plt#1182	0xbdf50	type=3	special image 254 (wrapper/generic, not yet decoded)
Assembly-CSharp-firstpass	plt#1183	0xbdf60	type=3	special image 254 (wrapper/generic, not yet decoded)
Assembly-CSharp-firstpass	plt#1184	0xbdf70	type=3	special image 254 (wrapper/generic, not yet decoded)
Assembly-CSharp-firstpass	plt#1185	0xbdf80	type=3	special image 254 (wrapper/generic, not yet decoded)
Assembly-CSharp-firstpass	plt#1186	0xbdf90	type=3	special image 254 (wrapper/generic, not yet decoded)
Assembly-CSharp-firstpass	plt#1187	0xbdfa0	type=3	special image 254 (wrapper/generic, not yet decoded)
Assembly-CSharp-firstpass	plt#1188	0xbdfb0	type=3	special image 254 (wrapper/generic, not yet decoded)
Assembly-CSharp-firstpass	plt#1189	0xbdfc0	type=3	special image 254 (wrapper/generic, not yet decoded)
Assembly-CSharp-firstpass	plt#1190	0xbdfd0	type=3	special image 254 (wrapper/generic, not yet decoded)
Assembly-CSharp-firstpass	plt#1191	0xbdfe0	type=3	special image 254 (wrapper/generic, not yet decoded)
Assembly-CSharp-firstpass	plt#1192	0xbdff0	type=3	special image 254 (wrapper/generic, not yet decoded)
Assembly-CSharp-firstpass	plt#1193	0xbe000	type=3	special image 254 (wrapper/generic, not yet decoded)
Assembly-CSharp-firstpass	plt#1194	0xbe010	type=3	special image 254 (wrapper/generic, not yet decoded)
Assembly-CSharp-firstpass	plt#1195	0xbe020	type=3	special image 254 (wrapper/generic, not yet decoded)
Assembly-CSharp-firstpass	plt#1196	0xbe030	type=3	special image 254 (wrapper/generic, not yet decoded)
Assembly-CSharp-firstpass	plt#1197	0xbe040	type=3	special image 254 (wrapper/generic, not yet decoded)
Assembly-CSharp-firstpass	plt#1198	0xbe050	type=3	special image 254 (wrapper/generic, not yet decoded)
Assembly-CSharp-firstpass	plt#1199	0xbe060	type=3	special image 254 (wrapper/generic, not yet decoded)
Assembly-CSharp-firstpass	plt#1200	0xbe070	type=3	special image 254 (wrapper/generic, not yet decoded)
Assembly-CSharp-firstpass	plt#1201	0xbe080	type=3	special image 254 (wrapper/generic, not yet decoded)
Assembly-CSharp-firstpass	plt#1202	0xbe090	type=3	special image 254 (wrapper/generic, not yet decoded)
Assembly-CSharp-firstpass	plt#1203	0xbe0a0	type=3	special image 254 (wrapper/generic, not yet decoded)
Assembly-CSharp-firstpass	plt#1204	0xbe0b0	type=3	special image 254 (wrapper/generic, not yet decoded)
Assembly-CSharp-firstpass	plt#1205	0xbe0c0	type=3	special image 253 (wrapper/generic, not yet decoded)
Assembly-CSharp-firstpass	plt#1206	0xbe0d0	type=3	special image 254 (wrapper/generic, not yet decoded)
Assembly-CSharp-firstpass	plt#1207	0xbe0e0	type=3	special image 254 (wrapper/generic, not yet decoded)
Assembly-CSharp-firstpass	plt#1208	0xbe0f0	type=3	special image 254 (wrapper/generic, not yet decoded)
Assembly-CSharp-firstpass	plt#1209	0xbe100	type=3	special image 254 (wrapper/generic, not yet decoded)
Assembly-CSharp-firstpass	plt#1210	0xbe110	type=3	special image 254 (wrapper/generic, not yet decoded)
Assembly-CSharp-firstpass	plt#1211	0xbe120	type=3	special image 254 (wrapper/generic, not yet decoded)
Assembly-CSharp-firstpass	plt#1212	0xbe130	type=3	special image 254 (wrapper/generic, not yet decoded)
Assembly-CSharp-firstpass	plt#1213	0xbe140	type=3	special image 254 (wrapper/generic, not yet decoded)
Assembly-CSharp-firstpass	plt#1214	0xbe150	type=3	special image 254 (wrapper/generic, not yet decoded)
Assembly-CSharp-firstpass	plt#1215	0xbe160	type=3	special image 254 (wrapper/generic, not yet decoded)
Assembly-CSharp-firstpass	plt#1216	0xbe170	type=3	special image 254 (wrapper/generic, not yet decoded)
Assembly-CSharp-firstpass	plt#1217	0xbe180	type=3	special image 254 (wrapper/generic, not yet decoded)
Assembly-CSharp-firstpass	plt#1218	0xbe190	type=3	special image 254 (wrapper/generic, not yet decoded)
Assembly-CSharp-firstpass	plt#1219	0xbe1a0	type=3	special image 254 (wrapper/generic, not yet decoded)
Assembly-CSharp-firstpass	plt#1220	0xbe1b0	type=3	special image 254 (wrapper/generic, not yet decoded)
Assembly-CSharp-firstpass	plt#1221	0xbe1c0	type=3	special image 254 (wrapper/generic, not yet decoded)
Assembly-CSharp-firstpass	plt#1222	0xbe1d0	type=3	special image 254 (wrapper/generic, not yet decoded)
Assembly-CSharp-firstpass	plt#1223	0xbe1e0	type=3	special image 254 (wrapper/generic, not yet decoded)
Assembly-CSharp-firstpass	plt#1224	0xbe1f0	type=3	special image 254 (wrapper/generic, not yet decoded)
Assembly-CSharp-firstpass	plt#1225	0xbe200	type=3	special image 254 (wrapper/generic, not yet decoded)
Assembly-CSharp-firstpass	plt#1226	0xbe210	type=3	special image 254 (wrapper/generic, not yet decoded)
Assembly-CSharp-firstpass	plt#1227	0xbe220	type=3	special image 254 (wrapper/generic, not yet decoded)
Assembly-CSharp-firstpass	plt#1228	0xbe230	type=3	special image 254 (wrapper/generic, not yet decoded)
Assembly-CSharp-firstpass	plt#1229	0xbe240	type=3	special image 254 (wrapper/generic, not yet decoded)
Assembly-CSharp-firstpass	plt#1230	0xbe250	type=3	special image 254 (wrapper/generic, not yet decoded)
Assembly-CSharp-firstpass	plt#1231	0xbe260	type=3	special image 254 (wrapper/generic, not yet decoded)
Assembly-CSharp-firstpass	plt#1232	0xbe270	type=3	mscorlib::System.Byte::Equals
Assembly-CSharp-firstpass	plt#1233	0xbe280	type=3	mscorlib::System.Array::GetLength
Assembly-CSharp-firstpass	plt#1234	0xbe290	type=3	mscorlib::System.Array::GetLowerBound
Assembly-CSharp-firstpass	plt#1235	0xbe2a0	type=3	special image 254 (wrapper/generic, not yet decoded)
Assembly-CSharp-firstpass	plt#1236	0xbe2b0	type=3	special image 254 (wrapper/generic, not yet decoded)
Assembly-CSharp-firstpass	plt#1237	0xbe2c0	type=3	special image 254 (wrapper/generic, not yet decoded)
Assembly-CSharp-firstpass	plt#1238	0xbe2d0	type=3	mscorlib::System.String::Concat
Assembly-CSharp-firstpass	plt#1239	0xbe2e0	type=3	special image 254 (wrapper/generic, not yet decoded)
Assembly-CSharp-firstpass	plt#1240	0xbe2f0	type=3	special image 254 (wrapper/generic, not yet decoded)
Assembly-CSharp-firstpass	plt#1241	0xbe300	type=3	special image 254 (wrapper/generic, not yet decoded)
Assembly-CSharp-firstpass	plt#1242	0xbe310	type=3	special image 254 (wrapper/generic, not yet decoded)
Assembly-CSharp-firstpass	plt#1243	0xbe320	type=3	special image 254 (wrapper/generic, not yet decoded)
Assembly-CSharp-firstpass	plt#1244	0xbe330	type=3	special image 254 (wrapper/generic, not yet decoded)
Assembly-CSharp-firstpass	plt#1245	0xbe340	type=3	special image 254 (wrapper/generic, not yet decoded)
Assembly-CSharp-firstpass	plt#1246	0xbe350	type=3	special image 254 (wrapper/generic, not yet decoded)
Assembly-CSharp-firstpass	plt#1247	0xbe360	type=3	special image 254 (wrapper/generic, not yet decoded)
Assembly-CSharp-firstpass	plt#1248	0xbe370	type=3	special image 254 (wrapper/generic, not yet decoded)
Assembly-CSharp-firstpass	plt#1249	0xbe380	type=3	special image 254 (wrapper/generic, not yet decoded)
Assembly-CSharp-firstpass	plt#1250	0xbe390	type=3	mscorlib::System.Int32::Equals
Assembly-CSharp-firstpass	plt#1251	0xbe3a0	type=7	
Assembly-CSharp-firstpass	plt#1252	0xbe3b0	type=31	
Assembly-CSharp-firstpass	plt#1253	0xbe3c0	type=7	
Assembly-CSharp-firstpass	plt#1254	0xbe3d0	type=7	
Assembly-CSharp-firstpass	plt#1255	0xbe3e0	type=7	
Assembly-CSharp-firstpass	plt#1256	0xbe3f0	type=7	
Assembly-CSharp-firstpass	plt#1257	0xbe400	type=3	special image 252 (wrapper/generic, not yet decoded)
Assembly-CSharp-firstpass	plt#1258	0xbe410	type=3	special image 252 (wrapper/generic, not yet decoded)
Assembly-CSharp-firstpass	plt#1259	0xbe420	type=3	special image 252 (wrapper/generic, not yet decoded)
Assembly-CSharp-firstpass	plt#1260	0xbe430	type=3	special image 252 (wrapper/generic, not yet decoded)
Assembly-CSharp-firstpass	plt#1261	0xbe440	type=3	special image 252 (wrapper/generic, not yet decoded)
Assembly-CSharp-firstpass	plt#1262	0xbe450	type=3	special image 252 (wrapper/generic, not yet decoded)
Assembly-CSharp-firstpass	plt#1263	0xbe460	type=3	special image 252 (wrapper/generic, not yet decoded)
Assembly-CSharp-firstpass	plt#1264	0xbe470	type=3	special image 252 (wrapper/generic, not yet decoded)
Assembly-CSharp-firstpass	plt#1265	0xbe480	type=3	special image 252 (wrapper/generic, not yet decoded)
Assembly-CSharp-firstpass	plt#1266	0xbe490	type=3	special image 252 (wrapper/generic, not yet decoded)
Assembly-CSharp-firstpass	plt#1267	0xbe4a0	type=3	special image 252 (wrapper/generic, not yet decoded)
Assembly-CSharp-firstpass	plt#1268	0xbe4b0	type=3	special image 252 (wrapper/generic, not yet decoded)
Assembly-CSharp-firstpass	plt#1269	0xbe4c0	type=3	special image 252 (wrapper/generic, not yet decoded)
Assembly-CSharp-firstpass	plt#1270	0xbe4d0	type=3	special image 252 (wrapper/generic, not yet decoded)
Assembly-CSharp-firstpass	plt#1271	0xbe4e0	type=3	special image 252 (wrapper/generic, not yet decoded)
Assembly-CSharp-firstpass	plt#1272	0xbe4f0	type=3	special image 252 (wrapper/generic, not yet decoded)
Assembly-CSharp-firstpass	plt#1273	0xbe500	type=3	special image 252 (wrapper/generic, not yet decoded)
Assembly-CSharp-firstpass	plt#1274	0xbe510	type=3	special image 252 (wrapper/generic, not yet decoded)
Assembly-CSharp-firstpass	plt#1275	0xbe520	type=3	special image 252 (wrapper/generic, not yet decoded)
Assembly-CSharp-firstpass	plt#1276	0xbe530	type=3	special image 252 (wrapper/generic, not yet decoded)
Assembly-CSharp-firstpass	plt#1277	0xbe540	type=3	special image 252 (wrapper/generic, not yet decoded)
Assembly-CSharp-firstpass	plt#1278	0xbe550	type=3	special image 252 (wrapper/generic, not yet decoded)
Assembly-CSharp-firstpass	plt#1279	0xbe560	type=3	special image 252 (wrapper/generic, not yet decoded)
Assembly-CSharp-firstpass	plt#1280	0xbe570	type=3	special image 252 (wrapper/generic, not yet decoded)
Assembly-CSharp-firstpass	plt#1281	0xbe580	type=3	special image 252 (wrapper/generic, not yet decoded)
Assembly-CSharp-firstpass	plt#1282	0xbe590	type=3	special image 252 (wrapper/generic, not yet decoded)
Assembly-CSharp-firstpass	plt#1283	0xbe5a0	type=3	special image 252 (wrapper/generic, not yet decoded)
Assembly-CSharp-firstpass	plt#1284	0xbe5b0	type=3	special image 252 (wrapper/generic, not yet decoded)
Assembly-CSharp-firstpass	plt#1285	0xbe5c0	type=3	special image 252 (wrapper/generic, not yet decoded)
Assembly-CSharp-firstpass	plt#1286	0xbe5d0	type=3	special image 252 (wrapper/generic, not yet decoded)
Assembly-CSharp-firstpass	plt#1287	0xbe5e0	type=3	special image 252 (wrapper/generic, not yet decoded)
Assembly-CSharp-firstpass	plt#1288	0xbe5f0	type=3	special image 252 (wrapper/generic, not yet decoded)
Assembly-CSharp-firstpass	plt#1289	0xbe600	type=3	special image 252 (wrapper/generic, not yet decoded)
Assembly-CSharp-firstpass	plt#1290	0xbe610	type=3	special image 252 (wrapper/generic, not yet decoded)
Assembly-CSharp-firstpass	plt#1291	0xbe620	type=3	special image 252 (wrapper/generic, not yet decoded)
Assembly-CSharp-firstpass	plt#1292	0xbe630	type=3	special image 252 (wrapper/generic, not yet decoded)
Assembly-CSharp-firstpass	plt#1293	0xbe640	type=3	special image 252 (wrapper/generic, not yet decoded)
Assembly-CSharp-firstpass	plt#1294	0xbe650	type=3	special image 252 (wrapper/generic, not yet decoded)
Assembly-CSharp-firstpass	plt#1295	0xbe660	type=3	special image 252 (wrapper/generic, not yet decoded)
Assembly-CSharp-firstpass	plt#1296	0xbe670	type=3	special image 252 (wrapper/generic, not yet decoded)
Assembly-CSharp-firstpass	plt#1297	0xbe680	type=3	special image 252 (wrapper/generic, not yet decoded)
Assembly-CSharp-firstpass	plt#1298	0xbe690	type=3	special image 252 (wrapper/generic, not yet decoded)
Assembly-CSharp-firstpass	plt#1299	0xbe6a0	type=3	special image 252 (wrapper/generic, not yet decoded)
Assembly-CSharp-firstpass	plt#1300	0xbe6b0	type=3	special image 252 (wrapper/generic, not yet decoded)
Assembly-CSharp-firstpass	plt#1301	0xbe6c0	type=3	special image 252 (wrapper/generic, not yet decoded)
Assembly-CSharp-firstpass	plt#1302	0xbe6d0	type=3	special image 252 (wrapper/generic, not yet decoded)
Assembly-CSharp-firstpass	plt#1303	0xbe6e0	type=3	special image 252 (wrapper/generic, not yet decoded)
Assembly-CSharp-firstpass	plt#1304	0xbe6f0	type=3	special image 252 (wrapper/generic, not yet decoded)
Assembly-CSharp-firstpass	plt#1305	0xbe700	type=3	special image 252 (wrapper/generic, not yet decoded)
Assembly-CSharp-firstpass	plt#1306	0xbe710	type=3	special image 252 (wrapper/generic, not yet decoded)
Assembly-CSharp-firstpass	plt#1307	0xbe720	type=3	special image 252 (wrapper/generic, not yet decoded)
Assembly-CSharp-firstpass	plt#1308	0xbe730	type=3	special image 252 (wrapper/generic, not yet decoded)
Assembly-CSharp-firstpass	plt#1309	0xbe740	type=3	special image 252 (wrapper/generic, not yet decoded)
Assembly-CSharp-firstpass	plt#1310	0xbe750	type=3	special image 252 (wrapper/generic, not yet decoded)
Assembly-CSharp-firstpass	plt#1311	0xbe760	type=3	special image 252 (wrapper/generic, not yet decoded)
Assembly-CSharp-firstpass	plt#1312	0xbe770	type=3	special image 252 (wrapper/generic, not yet decoded)
Assembly-CSharp-firstpass	plt#1313	0xbe780	type=3	special image 252 (wrapper/generic, not yet decoded)
Assembly-CSharp-firstpass	plt#1314	0xbe790	type=3	special image 252 (wrapper/generic, not yet decoded)
Assembly-CSharp-firstpass	plt#1315	0xbe7a0	type=3	special image 252 (wrapper/generic, not yet decoded)
Assembly-CSharp-firstpass	plt#1316	0xbe7b0	type=3	special image 252 (wrapper/generic, not yet decoded)
Assembly-CSharp-firstpass	plt#1317	0xbe7c0	type=3	special image 252 (wrapper/generic, not yet decoded)
Assembly-CSharp-firstpass	plt#1318	0xbe7d0	type=3	special image 252 (wrapper/generic, not yet decoded)
Assembly-CSharp-firstpass	plt#1319	0xbe7e0	type=3	special image 252 (wrapper/generic, not yet decoded)
Assembly-CSharp-firstpass	plt#1320	0xbe7f0	type=3	special image 252 (wrapper/generic, not yet decoded)
Assembly-CSharp-firstpass	plt#1321	0xbe800	type=3	special image 252 (wrapper/generic, not yet decoded)
Assembly-CSharp-firstpass	plt#1322	0xbe810	type=3	special image 252 (wrapper/generic, not yet decoded)
Assembly-CSharp-firstpass	plt#1323	0xbe820	type=3	special image 252 (wrapper/generic, not yet decoded)
Assembly-CSharp-firstpass	plt#1324	0xbe830	type=3	special image 252 (wrapper/generic, not yet decoded)
Assembly-CSharp-firstpass	plt#1325	0xbe840	type=3	special image 252 (wrapper/generic, not yet decoded)
Assembly-CSharp-firstpass	plt#1326	0xbe850	type=3	special image 252 (wrapper/generic, not yet decoded)
Assembly-CSharp-firstpass	plt#1327	0xbe860	type=3	special image 252 (wrapper/generic, not yet decoded)
Assembly-CSharp-firstpass	plt#1328	0xbe870	type=3	special image 252 (wrapper/generic, not yet decoded)
Assembly-CSharp-firstpass	plt#1329	0xbe880	type=3	special image 252 (wrapper/generic, not yet decoded)
Assembly-CSharp-firstpass	plt#1330	0xbe890	type=3	special image 252 (wrapper/generic, not yet decoded)
Assembly-CSharp-firstpass	plt#1331	0xbe8a0	type=3	special image 252 (wrapper/generic, not yet decoded)
Assembly-CSharp-firstpass	plt#1332	0xbe8b0	type=3	special image 252 (wrapper/generic, not yet decoded)
Assembly-CSharp-firstpass	plt#1333	0xbe8c0	type=3	special image 252 (wrapper/generic, not yet decoded)
Assembly-CSharp-firstpass	plt#1334	0xbe8d0	type=3	special image 252 (wrapper/generic, not yet decoded)
Assembly-CSharp-firstpass	plt#1335	0xbe8e0	type=3	special image 252 (wrapper/generic, not yet decoded)
Assembly-CSharp-firstpass	plt#1336	0xbe8f0	type=3	special image 252 (wrapper/generic, not yet decoded)
Assembly-CSharp-firstpass	plt#1337	0xbe900	type=3	special image 252 (wrapper/generic, not yet decoded)
Assembly-CSharp-firstpass	plt#1338	0xbe910	type=3	special image 252 (wrapper/generic, not yet decoded)
Assembly-CSharp-firstpass	plt#1339	0xbe920	type=3	special image 252 (wrapper/generic, not yet decoded)
Assembly-CSharp-firstpass	plt#1340	0xbe930	type=3	special image 252 (wrapper/generic, not yet decoded)
Assembly-CSharp-firstpass	plt#1341	0xbe940	type=7	
Assembly-CSharp-firstpass	plt#1342	0xbe950	type=31	
Assembly-CSharp-firstpass	plt#1343	0xbe960	type=7	
Assembly-CSharp-firstpass	plt#1344	0xbe970	type=31	
Assembly-CSharp-firstpass	plt#1345	0xbe980	type=31	
Assembly-CSharp-firstpass	plt#1346	0xbe990	type=31	
Assembly-CSharp-firstpass	plt#1347	0xbe9a0	type=31	
Assembly-CSharp-firstpass	plt#1348	0xbe9b0	type=31	
Assembly-CSharp-firstpass	plt#1349	0xbe9c0	type=31	
Assembly-CSharp-firstpass	plt#1350	0xbe9d0	type=31	
Assembly-CSharp-firstpass	plt#1351	0xbe9e0	type=31	
Assembly-CSharp-firstpass	plt#1352	0xbe9f0	type=31	
Assembly-CSharp-firstpass	plt#1353	0xbea00	type=31	
Assembly-CSharp-firstpass	plt#1354	0xbea10	type=31	
Assembly-CSharp-firstpass	plt#1355	0xbea20	type=31	
Assembly-CSharp-firstpass	plt#1356	0xbea30	type=31	
Assembly-CSharp-firstpass	plt#1357	0xbea40	type=31	
Assembly-CSharp-firstpass	plt#1358	0xbea50	type=31	
Assembly-CSharp-firstpass	plt#1359	0xbea60	type=31	
Assembly-CSharp-firstpass	plt#1360	0xbea70	type=7	
Assembly-CSharp-firstpass	plt#1361	0xbea80	type=31	
Assembly-CSharp-firstpass	plt#1362	0xbea90	type=31	
Assembly-CSharp-firstpass	plt#1363	0xbeaa0	type=31	
Assembly-CSharp-firstpass	plt#1364	0xbeab0	type=31	
Assembly-CSharp-firstpass	plt#1365	0xbeac0	type=31	
Assembly-CSharp-firstpass	plt#1366	0xbead0	type=31	
Assembly-CSharp-firstpass	plt#1367	0xbeae0	type=31	
Assembly-CSharp-firstpass	plt#1368	0xbeaf0	type=31	
Assembly-CSharp-firstpass	plt#1369	0xbeb00	type=31	
Assembly-CSharp-firstpass	plt#1370	0xbeb10	type=31	
Assembly-CSharp-firstpass	plt#1371	0xbeb20	type=31	
Assembly-CSharp-firstpass	plt#1372	0xbeb30	type=31	
Assembly-CSharp-firstpass	plt#1373	0xbeb40	type=31	
Assembly-CSharp-firstpass	plt#1374	0xbeb50	type=31	
Assembly-CSharp-firstpass	plt#1375	0xbeb60	type=31	
Assembly-CSharp-firstpass	plt#1376	0xbeb70	type=31	
Assembly-CSharp-firstpass	plt#1377	0xbeb80	type=31	
Assembly-CSharp-firstpass	plt#1378	0xbeb90	type=31	
Assembly-CSharp-firstpass	plt#1379	0xbeba0	type=31	
Assembly-CSharp-firstpass	plt#1380	0xbebb0	type=31	
Assembly-CSharp-firstpass	plt#1381	0xbebc0	type=31	
Assembly-CSharp-firstpass	plt#1382	0xbebd0	type=31	
Assembly-CSharp-firstpass	plt#1383	0xbebe0	type=31	
Assembly-CSharp-firstpass	plt#1384	0xbebf0	type=31	
Assembly-CSharp-firstpass	plt#1385	0xbec00	type=31	
Assembly-CSharp-firstpass	plt#1386	0xbec10	type=31	
Assembly-CSharp-firstpass	plt#1387	0xbec20	type=31	
Assembly-CSharp-firstpass	plt#1388	0xbec30	type=31	
Assembly-CSharp-firstpass	plt#1389	0xbec40	type=31	
Assembly-CSharp-firstpass	plt#1390	0xbec50	type=31	
Assembly-CSharp-firstpass	plt#1391	0xbec60	type=31	
Assembly-CSharp-firstpass	plt#1392	0xbec70	type=31	
Assembly-CSharp-firstpass	plt#1393	0xbec80	type=31	
Assembly-CSharp-firstpass	plt#1394	0xbec90	type=31	
Assembly-CSharp-firstpass	plt#1395	0xbeca0	type=31	
Assembly-CSharp-firstpass	plt#1396	0xbecb0	type=31	
Assembly-CSharp-firstpass	plt#1397	0xbecc0	type=31	
Assembly-CSharp-firstpass	plt#1398	0xbecd0	type=31	
Assembly-CSharp-firstpass	plt#1399	0xbece0	type=7	
Assembly-CSharp-firstpass	plt#1400	0xbecf0	type=31	
Assembly-CSharp-firstpass	plt#1401	0xbed00	type=7	
Assembly-CSharp-firstpass	plt#1402	0xbed10	type=31	
Assembly-CSharp-firstpass	plt#1403	0xbed20	type=31	
Assembly-CSharp-firstpass	plt#1404	0xbed30	type=31	
Assembly-CSharp-firstpass	plt#1405	0xbed40	type=31	
Assembly-CSharp-firstpass	plt#1406	0xbed50	type=31	
Assembly-CSharp-firstpass	plt#1407	0xbed60	type=31	
Assembly-CSharp-firstpass	plt#1408	0xbed70	type=31	
Assembly-CSharp-firstpass	plt#1409	0xbed80	type=31	
Assembly-CSharp-firstpass	plt#1410	0xbed90	type=31	
Assembly-CSharp-firstpass	plt#1411	0xbeda0	type=31	
Assembly-CSharp-firstpass	plt#1412	0xbedb0	type=31	
Assembly-CSharp-firstpass	plt#1413	0xbedc0	type=31	
Assembly-CSharp-firstpass	plt#1414	0xbedd0	type=31	
Assembly-CSharp-firstpass	plt#1415	0xbede0	type=31	
Assembly-CSharp-firstpass	plt#1416	0xbedf0	type=31	
Assembly-CSharp-firstpass	plt#1417	0xbee00	type=31	
Assembly-CSharp-firstpass	plt#1418	0xbee10	type=31	
Assembly-CSharp-firstpass	plt#1419	0xbee20	type=31	
Assembly-CSharp-firstpass	plt#1420	0xbee30	type=31	
Assembly-CSharp-firstpass	plt#1421	0xbee40	type=31	
Assembly-CSharp-firstpass	plt#1422	0xbee50	type=31	
Assembly-CSharp-firstpass	plt#1423	0xbee60	type=31	
Assembly-CSharp-firstpass	plt#1424	0xbee70	type=31	
Assembly-CSharp-firstpass	plt#1425	0xbee80	type=31	
Assembly-CSharp-firstpass	plt#1426	0xbee90	type=31	
Assembly-CSharp-firstpass	plt#1427	0xbeea0	type=31	
Assembly-CSharp-firstpass	plt#1428	0xbeeb0	type=31	
Assembly-CSharp-firstpass	plt#1429	0xbeec0	type=31	
Assembly-CSharp-firstpass	plt#1430	0xbeed0	type=31	
Assembly-CSharp-firstpass	plt#1431	0xbeee0	type=31	
Assembly-CSharp-firstpass	plt#1432	0xbeef0	type=31	
Assembly-CSharp-firstpass	plt#1433	0xbef00	type=31	
Assembly-CSharp-firstpass	plt#1434	0xbef10	type=31	
Assembly-CSharp-firstpass	plt#1435	0xbef20	type=31	
Assembly-CSharp-firstpass	plt#1436	0xbef30	type=31	
Assembly-CSharp-firstpass	plt#1437	0xbef40	type=31	
Assembly-CSharp-firstpass	plt#1438	0xbef50	type=31	
Assembly-CSharp-firstpass	plt#1439	0xbef60	type=31	
Assembly-CSharp-firstpass	plt#1440	0xbef70	type=31	
Assembly-CSharp-firstpass	plt#1441	0xbef80	type=31	
Assembly-CSharp-firstpass	plt#1442	0xbef90	type=31	
Assembly-CSharp-firstpass	plt#1443	0xbefa0	type=31	
Assembly-CSharp-firstpass	plt#1444	0xbefb0	type=31	
Assembly-CSharp-firstpass	plt#1445	0xbefc0	type=31	
Assembly-CSharp-firstpass	plt#1446	0xbefd0	type=31	
Assembly-CSharp-firstpass	plt#1447	0xbefe0	type=31	
Assembly-CSharp-firstpass	plt#1448	0xbeff0	type=31	
Assembly-CSharp-firstpass	plt#1449	0xbf000	type=31	
Assembly-CSharp-firstpass	plt#1450	0xbf010	type=31	
Assembly-CSharp-firstpass	plt#1451	0xbf020	type=31	
Assembly-CSharp-firstpass	plt#1452	0xbf030	type=31	
Assembly-CSharp-firstpass	plt#1453	0xbf040	type=31	
Assembly-CSharp-firstpass	plt#1454	0xbf050	type=31	
Assembly-CSharp-firstpass	plt#1455	0xbf060	type=31	
Assembly-CSharp-firstpass	plt#1456	0xbf070	type=31	
Assembly-CSharp-firstpass	plt#1457	0xbf080	type=31	
Assembly-CSharp-firstpass	plt#1458	0xbf090	type=31	
Assembly-CSharp-firstpass	plt#1459	0xbf0a0	type=31	
Assembly-CSharp-firstpass	plt#1460	0xbf0b0	type=31	
Assembly-CSharp-firstpass	plt#1461	0xbf0c0	type=31	
Assembly-CSharp-firstpass	plt#1462	0xbf0d0	type=31	
Assembly-CSharp-firstpass	plt#1463	0xbf0e0	type=31	
Assembly-CSharp-firstpass	plt#1464	0xbf0f0	type=31	
Assembly-CSharp-firstpass	plt#1465	0xbf100	type=31	
Assembly-CSharp-firstpass	plt#1466	0xbf110	type=31	
Assembly-CSharp-firstpass	plt#1467	0xbf120	type=31	
Assembly-CSharp-firstpass	plt#1468	0xbf130	type=31	
Assembly-CSharp-firstpass	plt#1469	0xbf140	type=31	
Assembly-CSharp-firstpass	plt#1470	0xbf150	type=3	special image 254 (wrapper/generic, not yet decoded)
Assembly-CSharp-firstpass	plt#1471	0xbf160	type=3	special image 254 (wrapper/generic, not yet decoded)
Assembly-CSharp-firstpass	plt#1472	0xbf170	type=3	special image 254 (wrapper/generic, not yet decoded)
Assembly-CSharp-firstpass	plt#1473	0xbf180	type=3	special image 254 (wrapper/generic, not yet decoded)
Assembly-CSharp-firstpass	plt#1474	0xbf190	type=3	special image 254 (wrapper/generic, not yet decoded)
Assembly-CSharp-firstpass	plt#1475	0xbf1a0	type=3	mscorlib::System.Array::GetUpperBound
Assembly-CSharp-firstpass	plt#1476	0xbf1b0	type=3	special image 254 (wrapper/generic, not yet decoded)
Assembly-CSharp-firstpass	plt#1477	0xbf1c0	type=3	special image 254 (wrapper/generic, not yet decoded)
Assembly-CSharp-firstpass	plt#1478	0xbf1d0	type=7	
Assembly-CSharp-firstpass	plt#1479	0xbf1e0	type=3	mscorlib::System.InvalidOperationException::.ctor
Assembly-CSharp-firstpass	plt#1480	0xbf1f0	type=3	special image 254 (wrapper/generic, not yet decoded)
Assembly-CSharp-firstpass	plt#1481	0xbf200	type=3	special image 254 (wrapper/generic, not yet decoded)
Assembly-CSharp-firstpass	plt#1482	0xbf210	type=3	special image 254 (wrapper/generic, not yet decoded)
Assembly-CSharp-firstpass	plt#1483	0xbf220	type=3	special image 254 (wrapper/generic, not yet decoded)
Assembly-CSharp-firstpass	plt#1484	0xbf230	type=3	special image 254 (wrapper/generic, not yet decoded)
Assembly-CSharp-firstpass	plt#1485	0xbf240	type=3	special image 254 (wrapper/generic, not yet decoded)
Assembly-CSharp-firstpass	plt#1486	0xbf250	type=3	mscorlib::System.ArgumentException::.ctor
Assembly-CSharp-firstpass	plt#1487	0xbf260	type=3	special image 254 (wrapper/generic, not yet decoded)
Assembly-CSharp-firstpass	plt#1488	0xbf270	type=3	special image 254 (wrapper/generic, not yet decoded)
Assembly-CSharp-firstpass	plt#1489	0xbf280	type=3	special image 254 (wrapper/generic, not yet decoded)
Assembly-CSharp-firstpass	plt#1490	0xbf290	type=3	special image 254 (wrapper/generic, not yet decoded)
Assembly-CSharp-firstpass	plt#1491	0xbf2a0	type=3	special image 254 (wrapper/generic, not yet decoded)
Assembly-CSharp-firstpass	plt#1492	0xbf2b0	type=3	special image 254 (wrapper/generic, not yet decoded)
Assembly-CSharp-firstpass	plt#1493	0xbf2c0	type=3	special image 254 (wrapper/generic, not yet decoded)
Assembly-CSharp-firstpass	plt#1494	0xbf2d0	type=3	special image 254 (wrapper/generic, not yet decoded)
Assembly-CSharp-firstpass	plt#1495	0xbf2e0	type=15	
Assembly-CSharp-firstpass	plt#1496	0xbf2f0	type=3	special image 254 (wrapper/generic, not yet decoded)
Assembly-CSharp-firstpass	plt#1497	0xbf300	type=15	
Assembly-CSharp-firstpass	plt#1498	0xbf310	type=3	special image 254 (wrapper/generic, not yet decoded)
Assembly-CSharp-firstpass	plt#1499	0xbf320	type=3	special image 254 (wrapper/generic, not yet decoded)
Assembly-CSharp-firstpass	plt#1500	0xbf330	type=3	special image 254 (wrapper/generic, not yet decoded)
Assembly-CSharp-firstpass	plt#1501	0xbf340	type=3	special image 254 (wrapper/generic, not yet decoded)
Assembly-CSharp-firstpass	plt#1502	0xbf350	type=3	special image 254 (wrapper/generic, not yet decoded)
Assembly-CSharp-firstpass	plt#1503	0xbf360	type=3	special image 254 (wrapper/generic, not yet decoded)
Assembly-CSharp-firstpass	plt#1504	0xbf370	type=3	special image 254 (wrapper/generic, not yet decoded)
Assembly-CSharp-firstpass	plt#1505	0xbf380	type=3	special image 254 (wrapper/generic, not yet decoded)
Assembly-CSharp-firstpass	plt#1506	0xbf390	type=3	special image 254 (wrapper/generic, not yet decoded)
Assembly-CSharp-firstpass	plt#1507	0xbf3a0	type=3	special image 254 (wrapper/generic, not yet decoded)
Assembly-CSharp-firstpass	plt#1508	0xbf3b0	type=3	special image 254 (wrapper/generic, not yet decoded)
Assembly-CSharp-firstpass	plt#1509	0xbf3c0	type=3	special image 254 (wrapper/generic, not yet decoded)
Assembly-CSharp-firstpass	plt#1510	0xbf3d0	type=3	special image 254 (wrapper/generic, not yet decoded)
Assembly-CSharp-firstpass	plt#1511	0xbf3e0	type=3	special image 254 (wrapper/generic, not yet decoded)
Assembly-CSharp-firstpass	plt#1512	0xbf3f0	type=3	special image 254 (wrapper/generic, not yet decoded)
Assembly-CSharp-firstpass	plt#1513	0xbf400	type=3	special image 254 (wrapper/generic, not yet decoded)
Assembly-CSharp-firstpass	plt#1514	0xbf410	type=3	special image 254 (wrapper/generic, not yet decoded)
Assembly-CSharp-firstpass	plt#1515	0xbf420	type=3	special image 254 (wrapper/generic, not yet decoded)
Assembly-CSharp-firstpass	plt#1516	0xbf430	type=3	special image 254 (wrapper/generic, not yet decoded)
Assembly-CSharp-firstpass	plt#1517	0xbf440	type=3	special image 254 (wrapper/generic, not yet decoded)
Assembly-CSharp-firstpass	plt#1518	0xbf450	type=3	special image 254 (wrapper/generic, not yet decoded)
Assembly-CSharp-firstpass	plt#1519	0xbf460	type=15	
Assembly-CSharp-firstpass	plt#1520	0xbf470	type=3	special image 254 (wrapper/generic, not yet decoded)
Assembly-CSharp-firstpass	plt#1521	0xbf480	type=3	special image 254 (wrapper/generic, not yet decoded)
Assembly-CSharp-firstpass	plt#1522	0xbf490	type=3	special image 254 (wrapper/generic, not yet decoded)
Assembly-CSharp-firstpass	plt#1523	0xbf4a0	type=3	special image 254 (wrapper/generic, not yet decoded)
Assembly-CSharp-firstpass	plt#1524	0xbf4b0	type=3	special image 254 (wrapper/generic, not yet decoded)
Assembly-CSharp-firstpass	plt#1525	0xbf4c0	type=3	special image 254 (wrapper/generic, not yet decoded)
Assembly-CSharp-firstpass	plt#1526	0xbf4d0	type=3	special image 254 (wrapper/generic, not yet decoded)
Assembly-CSharp-firstpass	plt#1527	0xbf4e0	type=3	special image 254 (wrapper/generic, not yet decoded)
Assembly-CSharp-firstpass	plt#1528	0xbf4f0	type=3	special image 254 (wrapper/generic, not yet decoded)
Assembly-CSharp-firstpass	plt#1529	0xbf500	type=3	special image 254 (wrapper/generic, not yet decoded)
Assembly-CSharp-firstpass	plt#1530	0xbf510	type=3	special image 254 (wrapper/generic, not yet decoded)
Assembly-CSharp-firstpass	plt#1531	0xbf520	type=3	special image 254 (wrapper/generic, not yet decoded)
Assembly-CSharp-firstpass	plt#1532	0xbf530	type=3	special image 254 (wrapper/generic, not yet decoded)
Assembly-CSharp-firstpass	plt#1533	0xbf540	type=3	special image 254 (wrapper/generic, not yet decoded)
Assembly-CSharp-firstpass	plt#1534	0xbf550	type=3	special image 254 (wrapper/generic, not yet decoded)
Assembly-CSharp-firstpass	plt#1535	0xbf560	type=3	special image 254 (wrapper/generic, not yet decoded)
Assembly-CSharp-firstpass	plt#1536	0xbf570	type=3	special image 254 (wrapper/generic, not yet decoded)
Assembly-CSharp-firstpass	plt#1537	0xbf580	type=3	special image 254 (wrapper/generic, not yet decoded)
Assembly-CSharp-firstpass	plt#1538	0xbf590	type=3	special image 254 (wrapper/generic, not yet decoded)
Assembly-CSharp-firstpass	plt#1539	0xbf5a0	type=3	special image 254 (wrapper/generic, not yet decoded)
Assembly-CSharp-firstpass	plt#1540	0xbf5b0	type=3	special image 254 (wrapper/generic, not yet decoded)
Assembly-CSharp-firstpass	plt#1541	0xbf5c0	type=3	special image 254 (wrapper/generic, not yet decoded)
Assembly-CSharp-firstpass	plt#1542	0xbf5d0	type=3	special image 254 (wrapper/generic, not yet decoded)
Assembly-CSharp-firstpass	plt#1543	0xbf5e0	type=3	special image 254 (wrapper/generic, not yet decoded)
Assembly-CSharp-firstpass	plt#1544	0xbf5f0	type=3	special image 254 (wrapper/generic, not yet decoded)
Assembly-CSharp-firstpass	plt#1545	0xbf600	type=3	special image 254 (wrapper/generic, not yet decoded)
Assembly-CSharp-firstpass	plt#1546	0xbf610	type=3	special image 254 (wrapper/generic, not yet decoded)
Assembly-CSharp-firstpass	plt#1547	0xbf620	type=3	special image 254 (wrapper/generic, not yet decoded)
Assembly-CSharp-firstpass	plt#1548	0xbf630	type=3	special image 254 (wrapper/generic, not yet decoded)
Assembly-CSharp-firstpass	plt#1549	0xbf640	type=3	special image 254 (wrapper/generic, not yet decoded)
Assembly-CSharp-firstpass	plt#1550	0xbf650	type=3	special image 254 (wrapper/generic, not yet decoded)
Assembly-CSharp-firstpass	plt#1551	0xbf660	type=3	special image 254 (wrapper/generic, not yet decoded)
Assembly-CSharp-firstpass	plt#1552	0xbf670	type=3	special image 254 (wrapper/generic, not yet decoded)
Assembly-CSharp-firstpass	plt#1553	0xbf680	type=3	special image 254 (wrapper/generic, not yet decoded)
Assembly-CSharp-firstpass	plt#1554	0xbf690	type=3	special image 254 (wrapper/generic, not yet decoded)
Assembly-CSharp-firstpass	plt#1555	0xbf6a0	type=3	special image 254 (wrapper/generic, not yet decoded)
Assembly-CSharp-firstpass	plt#1556	0xbf6b0	type=3	special image 254 (wrapper/generic, not yet decoded)
Assembly-CSharp-firstpass	plt#1557	0xbf6c0	type=3	special image 254 (wrapper/generic, not yet decoded)
Assembly-CSharp-firstpass	plt#1558	0xbf6d0	type=3	special image 254 (wrapper/generic, not yet decoded)
Assembly-CSharp-firstpass	plt#1559	0xbf6e0	type=15	
Assembly-CSharp-firstpass	plt#1560	0xbf6f0	type=3	special image 254 (wrapper/generic, not yet decoded)
Assembly-CSharp-firstpass	plt#1561	0xbf700	type=3	special image 254 (wrapper/generic, not yet decoded)
Assembly-CSharp-firstpass	plt#1562	0xbf710	type=3	special image 254 (wrapper/generic, not yet decoded)
Assembly-CSharp-firstpass	plt#1563	0xbf720	type=3	special image 254 (wrapper/generic, not yet decoded)
Assembly-CSharp-firstpass	plt#1564	0xbf730	type=3	special image 254 (wrapper/generic, not yet decoded)
Assembly-CSharp-firstpass	plt#1565	0xbf740	type=3	special image 254 (wrapper/generic, not yet decoded)
Assembly-CSharp-firstpass	plt#1566	0xbf750	type=3	special image 254 (wrapper/generic, not yet decoded)
Assembly-CSharp-firstpass	plt#1567	0xbf760	type=3	special image 254 (wrapper/generic, not yet decoded)
Assembly-CSharp-firstpass	plt#1568	0xbf770	type=3	special image 254 (wrapper/generic, not yet decoded)
Assembly-CSharp-firstpass	plt#1569	0xbf780	type=3	special image 254 (wrapper/generic, not yet decoded)
Assembly-CSharp-firstpass	plt#1570	0xbf790	type=3	special image 254 (wrapper/generic, not yet decoded)
Assembly-CSharp-firstpass	plt#1571	0xbf7a0	type=3	special image 254 (wrapper/generic, not yet decoded)
Assembly-CSharp-firstpass	plt#1572	0xbf7b0	type=3	special image 254 (wrapper/generic, not yet decoded)
Assembly-CSharp-firstpass	plt#1573	0xbf7c0	type=3	special image 254 (wrapper/generic, not yet decoded)
Assembly-CSharp-firstpass	plt#1574	0xbf7d0	type=3	special image 254 (wrapper/generic, not yet decoded)
Assembly-CSharp-firstpass	plt#1575	0xbf7e0	type=31	
Assembly-CSharp-firstpass	plt#1576	0xbf7f0	type=31	
Assembly-CSharp-firstpass	plt#1577	0xbf800	type=3	special image 254 (wrapper/generic, not yet decoded)
Assembly-CSharp-firstpass	plt#1578	0xbf810	type=3	special image 254 (wrapper/generic, not yet decoded)
Assembly-CSharp-firstpass	plt#1579	0xbf820	type=3	special image 254 (wrapper/generic, not yet decoded)
Assembly-CSharp-firstpass	plt#1580	0xbf830	type=3	special image 254 (wrapper/generic, not yet decoded)
Assembly-CSharp-firstpass	plt#1581	0xbf840	type=31	
Assembly-CSharp-firstpass	plt#1582	0xbf850	type=3	special image 254 (wrapper/generic, not yet decoded)
Assembly-CSharp-firstpass	plt#1583	0xbf860	type=3	mscorlib::System.Math::Min
Assembly-CSharp-firstpass	plt#1584	0xbf870	type=3	special image 254 (wrapper/generic, not yet decoded)
Assembly-CSharp-firstpass	plt#1585	0xbf880	type=15	
Assembly-CSharp-firstpass	plt#1586	0xbf890	type=3	special image 254 (wrapper/generic, not yet decoded)
Assembly-CSharp-firstpass	plt#1587	0xbf8a0	type=3	special image 254 (wrapper/generic, not yet decoded)
Assembly-CSharp-firstpass	plt#1588	0xbf8b0	type=15	
Assembly-CSharp-firstpass	plt#1589	0xbf8c0	type=3	special image 254 (wrapper/generic, not yet decoded)
Assembly-CSharp-firstpass	plt#1590	0xbf8d0	type=3	special image 254 (wrapper/generic, not yet decoded)
Assembly-CSharp-firstpass	plt#1591	0xbf8e0	type=3	special image 254 (wrapper/generic, not yet decoded)
Assembly-CSharp-firstpass	plt#1592	0xbf8f0	type=3	special image 254 (wrapper/generic, not yet decoded)
Assembly-CSharp-firstpass	plt#1593	0xbf900	type=3	special image 254 (wrapper/generic, not yet decoded)
Assembly-CSharp-firstpass	plt#1594	0xbf910	type=3	special image 254 (wrapper/generic, not yet decoded)
Assembly-CSharp-firstpass	plt#1595	0xbf920	type=3	special image 254 (wrapper/generic, not yet decoded)
Assembly-CSharp-firstpass	plt#1596	0xbf930	type=7	
Assembly-CSharp-firstpass	plt#1597	0xbf940	type=3	mscorlib::System.Int64::Equals
Assembly-CSharp-firstpass	plt#1598	0xbf950	type=3	special image 254 (wrapper/generic, not yet decoded)
Assembly-CSharp-firstpass	plt#1599	0xbf960	type=3	special image 254 (wrapper/generic, not yet decoded)
Assembly-CSharp-firstpass	plt#1600	0xbf970	type=3	special image 254 (wrapper/generic, not yet decoded)
Assembly-CSharp-firstpass	plt#1601	0xbf980	type=3	special image 254 (wrapper/generic, not yet decoded)
Assembly-CSharp-firstpass	plt#1602	0xbf990	type=3	special image 254 (wrapper/generic, not yet decoded)
Assembly-CSharp-firstpass	plt#1603	0xbf9a0	type=3	special image 254 (wrapper/generic, not yet decoded)
Assembly-CSharp-firstpass	plt#1604	0xbf9b0	type=3	special image 254 (wrapper/generic, not yet decoded)
Assembly-CSharp-firstpass	plt#1605	0xbf9c0	type=31	
Assembly-CSharp-firstpass	plt#1606	0xbf9d0	type=31	
Assembly-CSharp-firstpass	plt#1607	0xbf9e0	type=31	
Assembly-CSharp-firstpass	plt#1608	0xbf9f0	type=31	
Assembly-CSharp-firstpass	plt#1609	0xbfa00	type=3	special image 254 (wrapper/generic, not yet decoded)
Assembly-CSharp-firstpass	plt#1610	0xbfa10	type=15	
Assembly-CSharp-firstpass	plt#1611	0xbfa20	type=3	special image 254 (wrapper/generic, not yet decoded)
Assembly-CSharp-firstpass	plt#1612	0xbfa30	type=3	special image 254 (wrapper/generic, not yet decoded)
Assembly-CSharp-firstpass	plt#1613	0xbfa40	type=3	special image 254 (wrapper/generic, not yet decoded)
Assembly-CSharp-firstpass	plt#1614	0xbfa50	type=3	special image 254 (wrapper/generic, not yet decoded)
Assembly-CSharp-firstpass	plt#1615	0xbfa60	type=3	UnityEngine::UnityEngine.Vector3::GetHashCode
Assembly-CSharp-firstpass	plt#1616	0xbfa70	type=3	UnityEngine::UnityEngine.Vector3::Equals