System : AssetRipper
System : System Version: Microsoft Windows NT 10.0.26200.0
System : Operating System: Windows x64
System : AssetRipper Version: 1.3.14.0
System : AssetRipper Build Type: Release Published
System : UTC Current Time: Wed Jul 15 00:52:31 UTC 2026
System : UTC Compile Time: Sat Apr 25 18:52:46 UTC 2026
General : Configuration Settings:
General : ExportRootPath: C:\Users\STEEP\Documents\game\tools\AssetRipper_1.3.14_win_x64\Ripped
General : ScriptContentLevel: Level2
General : StreamingAssetsMode: Extract
General : DefaultVersion: 0.0.0a0
General : TargetVersion: 0.0.0a0
General : EnablePrefabOutlining: False
General : EnableStaticMeshSeparation: True
General : EnableAssetDeduplication: False
General : BundledAssetsExportMode: DirectExport
General : AudioExportFormat: Default
General : ImageExportFormat: Png
General : LightmapTextureExportFormat: Yaml
General : ScriptExportMode: Hybrid
General : ScriptLanguageVersion: AutoSafe
General : ShaderExportMode: Dummy
General : SpriteExportMode: Yaml
General : TextExportMode: Parse
General : ExportUnreadableAssets: False
Import : Attempting to read files from C:\Users\STEEP\Documents\game\phase1_analysis\ipa_unpacked\Payload\DSSRacing.app
Import : Game file 'level0' has been found
Import : Game file 'level1' has been found
Import : Game file 'level10' has been found
Import : Game file 'level11' has been found
Import : Game file 'level12' has been found
Import : Game file 'level13' has been found
Import : Game file 'level14' has been found
Import : Game file 'level15' has been found
Import : Game file 'level2' has been found
Import : Game file 'level3' has been found
Import : Game file 'level4' has been found
Import : Game file 'level5' has been found
Import : Game file 'level6' has been found
Import : Game file 'level7' has been found
Import : Game file 'level8' has been found
Import : Game file 'level9' has been found
Import : Game file 'mainData' has been found
Import : Game file 'resources.assets' has been found
Import : Game file 'sharedassets0.assets' has been found
Import : Game file 'sharedassets1.assets' has been found
Import : Game file 'sharedassets10.assets' has been found
Import : Game file 'sharedassets11.assets' has been found
Import : Game file 'sharedassets12.assets' has been found
Import : Game file 'sharedassets13.assets' has been found
Import : Game file 'sharedassets14.assets' has been found
Import : Game file 'sharedassets15.assets' has been found
Import : Game file 'sharedassets16.assets' has been found
Import : Game file 'sharedassets2.assets' has been found
Import : Game file 'sharedassets3.assets' has been found
Import : Game file 'sharedassets4.assets' has been found
Import : Game file 'sharedassets5.assets' has been found
Import : Game file 'sharedassets6.assets' has been found
Import : Game file 'sharedassets7.assets' has been found
Import : Game file 'sharedassets8.assets' has been found
Import : Game file 'sharedassets9.assets' has been found
Import : Game file 'unity default resources' has been found
Import : Game file 'unity_builtin_extra' has been found
Import : Mixed game structure has been found at C:\Users\STEEP\Documents\game\phase1_analysis\ipa_unpacked\Payload\DSSRacing.app
Import : Files use the 'Mono' scripting backend.
Import : During Mono initialization, found 8 assemblies
Import : Finished reading files
Processing : Processing loaded assets...
Processing : Creating Scene Definitions
Processing : Main Asset Pairing
Processing : Reconstruct AnimatorController Assets
Processing : Reconstruct AudioMixer Assets
Processing : Editor Format Conversion
Processing : Lighting Data Assets
Processing : Processing Scriptable Object Groups
Processing : Finished processing assets
Export : Starting export
Export : Attempting to export assets to C:\Users\STEEP\Documents\game\phase2_extraction\AssetRipperUnityProject...
Export : Game files have these Unity versions: 4.3.4f1 4.3.0b5
Export : Exporting to Unity version 4.3.4f1
Import [Warning] : Resource file 'Assembly-CSharp-Editor.dll' hasn't been found
Import [Warning] : Assembly 'Assembly-CSharp-Editor' hasn't been found
ExportProgress : (1/2662) Exporting 'KickBillboardAd'
ExportProgress : (2/2662) Exporting 'Street 1'
ExportProgress : (3/2662) Exporting 'Street Corner'
ExportProgress : (4/2662) Exporting 'Tunnel'
ExportProgress : (5/2662) Exporting 'barrel'
ExportProgress : (6/2662) Exporting 'dirt track'
ExportProgress : (7/2662) Exporting 'first track uvs'
ExportProgress : (8/2662) Exporting 'kick car pile'
ExportProgress : (9/2662) Exporting 'kick lights'
ExportProgress : (10/2662) Exporting 'kick school bus'
ExportProgress : (11/2662) Exporting 'kick scorebox'
ExportProgress : (12/2662) Exporting 'kick stadium piece'
ExportProgress : (13/2662) Exporting 'kick terrain'
ExportProgress : (14/2662) Exporting 'kick terrain2'
ExportProgress : (15/2662) Exporting 'speakers'
ExportProgress : (16/2662) Exporting 'tire face'
ExportProgress : (17/2662) Exporting 'tiret'
ExportProgress : (18/2662) Exporting 'track 01 container'
ExportProgress : (19/2662) Exporting 'track 01 container2'
ExportProgress : (20/2662) Exporting 'track01 ends'
ExportProgress : (21/2662) Exporting 'unnamed'
ExportProgress : (22/2662) Exporting 'OilSlick'
ExportProgress : (23/2662) Exporting 'tire face'
ExportProgress : (24/2662) Exporting 'first track uvs'
ExportProgress : (25/2662) Exporting 'dirt track'
ExportProgress : (26/2662) Exporting 'kick school bus'
ExportProgress : (27/2662) Exporting 'kick scorebox'
ExportProgress : (28/2662) Exporting 'OilSlick'
ExportProgress : (29/2662) Exporting 'track 01 container'
ExportProgress : (30/2662) Exporting 'LightmapFar-2'
ExportProgress : (31/2662) Exporting 'Street Corner'
ExportProgress : (32/2662) Exporting 'LightmapFar-3'
ExportProgress : (33/2662) Exporting 'LightmapFar-0'
ExportProgress : (34/2662) Exporting 'kick stadium piece'
ExportProgress : (35/2662) Exporting 'kick terrain'
ExportProgress : (36/2662) Exporting 'tiret'
ExportProgress : (37/2662) Exporting 'KickBillboardAd'
ExportProgress : (38/2662) Exporting 'phineas ferb tunnel texture'
ExportProgress : (39/2662) Exporting 'speakers'
ExportProgress : (40/2662) Exporting 'kick car pile'
ExportProgress : (41/2662) Exporting 'track01 ends'
ExportProgress : (42/2662) Exporting 'LightmapFar-1'
ExportProgress : (43/2662) Exporting 'kick lights'
ExportProgress : (44/2662) Exporting 'track 01 container2'
ExportProgress : (45/2662) Exporting 'kick terrain2'
ExportProgress : (46/2662) Exporting 'Street 1'
ExportProgress : (47/2662) Exporting 'Cylinder'
ExportProgress : (48/2662) Exporting 'dirt_road__1_collsion'
ExportProgress : (49/2662) Exporting 'Plane_002'
ExportProgress : (50/2662) Exporting 'dirt_road2'
ExportProgress : (51/2662) Exporting 'tire_tower'
ExportProgress : (52/2662) Exporting 'blue_crate_open'
ExportProgress : (53/2662) Exporting 'amb_crowd_cheering_lp'
ExportProgress : (54/2662) Exporting 'imp_oil_Slick'
ExportProgress : (55/2662) Exporting 'KB Main Title TRK (FINAL) - loop'
ExportProgress : (56/2662) Exporting 'LightProbes'
ExportProgress : (57/2662) Exporting 'Barrel On Track'
ExportProgress : (58/2662) Exporting 'Fishtankia-Tree-01'
ExportProgress : (59/2662) Exporting 'Fishtankia Tree 02'
ExportProgress : (60/2662) Exporting 'Fishtankia Tree 03'
ExportProgress : (61/2662) Exporting 'Fishtankia Tree 04'
ExportProgress : (62/2662) Exporting 'None__Castle_Castle_tga'
ExportProgress : (63/2662) Exporting 'None__fish_hook_cliff_face_earth_psd'
ExportProgress : (64/2662) Exporting 'None__fish_hooks_casltel_psd'
ExportProgress : (65/2662) Exporting 'fish hook cliff face earth'
ExportProgress : (66/2662) Exporting 'fish hooks cliff thing 2'
ExportProgress : (67/2662) Exporting 'fish hooks exterior terrain grass'
ExportProgress : (68/2662) Exporting 'fish hooks track lines'
ExportProgress : (69/2662) Exporting 'fish hooks track main road'
ExportProgress : (70/2662) Exporting 'arrow sign'
ExportProgress : (71/2662) Exporting 'fish hooks exterior terrain grass'
ExportProgress : (72/2662) Exporting 'LightmapFar-1'
ExportProgress : (73/2662) Exporting 'LightmapFar-2'
ExportProgress : (74/2662) Exporting 'Fishtankia-Tree-01'
ExportProgress : (75/2662) Exporting 'LightmapFar-4'
ExportProgress : (76/2662) Exporting 'LightmapFar-0'
ExportProgress : (77/2662) Exporting 'fish hook cliff face earth'
ExportProgress : (78/2662) Exporting 'fish hooks cliff thing 2'
ExportProgress : (79/2662) Exporting 'fish hooks casltel'
ExportProgress : (80/2662) Exporting 'LightmapFar-3'
ExportProgress : (81/2662) Exporting 'Fishtankia Tree 04'
ExportProgress : (82/2662) Exporting 'Castle'
ExportProgress : (83/2662) Exporting 'arrow sign'
ExportProgress : (84/2662) Exporting 'Fishtankia Tree 03'
ExportProgress : (85/2662) Exporting 'Fishtankia Tree 02'
ExportProgress : (86/2662) Exporting 'Track_Section_1_000'
ExportProgress : (87/2662) Exporting 'Plane'
ExportProgress : (88/2662) Exporting 'Track_Section_1_001'
ExportProgress : (89/2662) Exporting 'tube_tunnel'
ExportProgress : (90/2662) Exporting 'stalagtite'
ExportProgress : (91/2662) Exporting 'LightProbes'
ExportProgress : (92/2662) Exporting 'HokeyPokeDiner_Octopus'
ExportProgress : (93/2662) Exporting 'HokeyPokeDiner_Ship'
ExportProgress : (94/2662) Exporting 'fish hook cliff face weird'
ExportProgress : (95/2662) Exporting 'fish hook exterior ground_'
ExportProgress : (96/2662) Exporting 'fish hooks cliff thing'
ExportProgress : (97/2662) Exporting 'fish hooks exterior terrain weird 1'
ExportProgress : (98/2662) Exporting 'fish hooks exterior terrain weird'
ExportProgress : (99/2662) Exporting 'fish hooks football field'
ExportProgress : (100/2662) Exporting 'fish hooks football stadium'
ExportProgress : (101/2662) Exporting 'fish hooks school bottom'
ExportProgress : (102/2662) Exporting 'fish hooks skybox'
ExportProgress : (103/2662) Exporting 'fish hooks skybox2'
ExportProgress : (104/2662) Exporting 'fish hooks track main road'
ExportProgress : (105/2662) Exporting 'finish line'
ExportProgress : (106/2662) Exporting 'HokeyPokeDiner_Octopus'
ExportProgress : (107/2662) Exporting 'fish hooks exterior terrain weird'
ExportProgress : (108/2662) Exporting 'fish hooks cliff thing'
ExportProgress : (109/2662) Exporting 'fish hooks football stadium'
ExportProgress : (110/2662) Exporting 'LightmapFar-0'
ExportProgress : (111/2662) Exporting 'LightmapFar-1'
ExportProgress : (112/2662) Exporting 'fish hook cliff face weird'
ExportProgress : (113/2662) Exporting 'fish hooks football field'
ExportProgress : (114/2662) Exporting 'HokeyPokeDiner_Ship'
ExportProgress : (115/2662) Exporting 'flagpole'
ExportProgress : (116/2662) Exporting 'GoalPosts'
ExportProgress : (117/2662) Exporting 'Track_Section_1_003'
ExportProgress : (118/2662) Exporting 'Track_Section_1_002'
ExportProgress : (119/2662) Exporting 'Track_Section_1_001'
ExportProgress : (120/2662) Exporting 'Plane'
ExportProgress : (121/2662) Exporting 'boulder_004'
ExportProgress : (122/2662) Exporting 'LightProbes'
ExportProgress : (123/2662) Exporting 'Checkerground'
ExportProgress : (124/2662) Exporting 'fish hooks skybox'
ExportProgress : (125/2662) Exporting 'horseshoe crap uvs'
ExportProgress : (126/2662) Exporting 'FishHooksBillboardAd'
ExportProgress : (127/2662) Exporting 'Blank'
ExportProgress : (128/2662) Exporting 'Basketball'
ExportProgress : (129/2662) Exporting 'Road_Flat_002SG1'
ExportProgress : (130/2662) Exporting 'fish hook exterior ground_'
ExportProgress : (131/2662) Exporting 'fish hook interior ceiling'
ExportProgress : (132/2662) Exporting 'fish hook interior court ground'
ExportProgress : (133/2662) Exporting 'fish hook interior ground_'
ExportProgress : (134/2662) Exporting 'fish hook school exterior front door'
ExportProgress : (135/2662) Exporting 'fish hook school exterior stairs top'
ExportProgress : (136/2662) Exporting 'fish hook school exterior stairs'
ExportProgress : (137/2662) Exporting 'fish hook school exterior wall bare'
ExportProgress : (138/2662) Exporting 'fish hook school exterior wall'
ExportProgress : (139/2662) Exporting 'fish hooks boulder'
ExportProgress : (140/2662) Exporting 'fish hooks column'
ExportProgress : (141/2662) Exporting 'fish hooks exterior terrain'
ExportProgress : (142/2662) Exporting 'fish hooks interior walls clean'
ExportProgress : (143/2662) Exporting 'fish hooks interior walls'
ExportProgress : (144/2662) Exporting 'fish hooks lockers'
ExportProgress : (145/2662) Exporting 'fish hooks school bottom'
ExportProgress : (146/2662) Exporting 'fish hooks school mini columns'
ExportProgress : (147/2662) Exporting 'fish hooks school relief'
ExportProgress : (148/2662) Exporting 'fish hooks skybox'
ExportProgress : (149/2662) Exporting 'fish hooks skybox2'
ExportProgress : (150/2662) Exporting 'fish hooks track lines'
ExportProgress : (151/2662) Exporting 'fish hooks track main road'
ExportProgress : (152/2662) Exporting 'fish school'
ExportProgress : (153/2662) Exporting 'ScubaGuy'
ExportProgress : (154/2662) Exporting 'Track01_Basketball_hoop'
ExportProgress : (155/2662) Exporting 'Track01-sign'
ExportProgress : (156/2662) Exporting 'fish hooks decoration flute'
ExportProgress : (157/2662) Exporting 'fish hooks decorations clam'
ExportProgress : (158/2662) Exporting 'fish hooks decorations round shell'
ExportProgress : (159/2662) Exporting 'fish hooks decorations spiky shell'
ExportProgress : (160/2662) Exporting 'fish hooks decorations clam'
ExportProgress : (161/2662) Exporting 'Goal-Flag-plants-coral'
ExportProgress : (162/2662) Exporting 'arrow sign'
ExportProgress : (163/2662) Exporting 'None__untitled'
ExportProgress : (164/2662) Exporting 'finish line'
ExportProgress : (165/2662) Exporting 'ramp'
ExportProgress : (166/2662) Exporting 'speed strip'
ExportProgress : (167/2662) Exporting 'coin HUD'
ExportProgress : (168/2662) Exporting 'coin'
ExportProgress : (169/2662) Exporting 'mine'
ExportProgress : (170/2662) Exporting 'pickup gatorade'
ExportProgress : (171/2662) Exporting 'pickup rocket'
ExportProgress : (172/2662) Exporting 'pickup shield'
ExportProgress : (173/2662) Exporting 'Sparkle Add'
ExportProgress : (174/2662) Exporting 'coin cost'
ExportProgress : (175/2662) Exporting 'CCUpUpAndAway Front End Header Shadow'
ExportProgress : (176/2662) Exporting 'Tutorial logo'
ExportProgress : (177/2662) Exporting 'Trafic Light SpriteAtlas'
ExportProgress : (178/2662) Exporting 'fish hooks school relief'
ExportProgress : (179/2662) Exporting 'fish hooks column'
ExportProgress : (180/2662) Exporting 'fish hooks interior walls clean'
ExportProgress : (181/2662) Exporting 'horseshoe crap uvs'
ExportProgress : (182/2662) Exporting 'Water Caustics'
ExportProgress : (183/2662) Exporting 'fish hook school exterior wall bare'
ExportProgress : (184/2662) Exporting 'fish hooks basketball'
ExportProgress : (185/2662) Exporting 'SS tutorial logo'
ExportProgress : (186/2662) Exporting 'fish hook school exterior wall'
ExportProgress : (187/2662) Exporting 'pickup shield'
ExportProgress : (188/2662) Exporting 'fish school'
ExportProgress : (189/2662) Exporting 'mine'
ExportProgress : (190/2662) Exporting 'fish hooks lockers'
ExportProgress : (191/2662) Exporting 'HUDCoinCost'
ExportProgress : (192/2662) Exporting 'fish hook exterior ground '
ExportProgress : (193/2662) Exporting 'fish hooks skybox2'
ExportProgress : (194/2662) Exporting 'pickup gatorade'
ExportProgress : (195/2662) Exporting 'fish hooks school bottom'
ExportProgress : (196/2662) Exporting 'Trafic Light SpriteAtlas'
ExportProgress : (197/2662) Exporting 'fish hooks decorations spiky shell'
ExportProgress : (198/2662) Exporting 'finish line'
ExportProgress : (199/2662) Exporting 'Coin'
ExportProgress : (200/2662) Exporting 'fish hooks skybox'
ExportProgress : (201/2662) Exporting 'fish hooks school mini columns'
ExportProgress : (202/2662) Exporting 'fish hooks track lines'
ExportProgress : (203/2662) Exporting 'fish hooks boulder'
ExportProgress : (204/2662) Exporting 'speed strip'
ExportProgress : (205/2662) Exporting 'fish hook interior ground '
ExportProgress : (206/2662) Exporting 'fish hook interior ceiling'
ExportProgress : (207/2662) Exporting 'Goal-Flag-plants-coral'
ExportProgress : (208/2662) Exporting 'fish hook interior court ground'
ExportProgress : (209/2662) Exporting 'fish hook school exterior stairs'
ExportProgress : (210/2662) Exporting 'pickup rocket'
ExportProgress : (211/2662) Exporting 'Track01_Basketball_hoop'
ExportProgress : (212/2662) Exporting 'coin'
ExportProgress : (213/2662) Exporting 'fish hooks decorations round shell'
ExportProgress : (214/2662) Exporting 'fish hooks decorations clam'
ExportProgress : (215/2662) Exporting 'fish hooks track main road'
ExportProgress : (216/2662) Exporting 'billboard'
ExportProgress : (217/2662) Exporting 'ScubaGuy'
ExportProgress : (218/2662) Exporting 'fish hooks exterior terrain'
ExportProgress : (219/2662) Exporting 'FishHooksBillboardAd'
ExportProgress : (220/2662) Exporting 'arrow sign'
ExportProgress : (221/2662) Exporting 'LightmapFar-0'
ExportProgress : (222/2662) Exporting 'fish hook school exterior stairs top'
ExportProgress : (223/2662) Exporting 'LightmapFar-2'
ExportProgress : (224/2662) Exporting 'Checkerground'
ExportProgress : (225/2662) Exporting 'fish hooks decoration flute'
ExportProgress : (226/2662) Exporting 'fish hook school exterior front door'
ExportProgress : (227/2662) Exporting 'LightmapFar-1'
ExportProgress : (228/2662) Exporting 'fish hooks interior walls'
ExportProgress : (229/2662) Exporting 'Track01-sign'
ExportProgress : (230/2662) Exporting 'clam_upper_lip'
ExportProgress : (231/2662) Exporting 'Cube_001'
ExportProgress : (232/2662) Exporting 'Cube'
ExportProgress : (233/2662) Exporting 'coin'
ExportProgress : (234/2662) Exporting 'Cylinder'
ExportProgress : (235/2662) Exporting 'Sphere'
ExportProgress : (236/2662) Exporting 'Sphere'
ExportProgress : (237/2662) Exporting 'clam_bottom_lip'
ExportProgress : (238/2662) Exporting 'Trilobite'
ExportProgress : (239/2662) Exporting 'Mesh_020'
ExportProgress : (240/2662) Exporting 'Mesh_019'
ExportProgress : (241/2662) Exporting 'Mesh_015'
ExportProgress : (242/2662) Exporting 'school'
ExportProgress : (243/2662) Exporting 'Mesh_011'
ExportProgress : (244/2662) Exporting 'boulder1'
ExportProgress : (245/2662) Exporting 'road2'
ExportProgress : (246/2662) Exporting 'road1'
ExportProgress : (247/2662) Exporting 'shool_right'
ExportProgress : (248/2662) Exporting 'school_left'
ExportProgress : (249/2662) Exporting 'road_3'
ExportProgress : (250/2662) Exporting 'a'
ExportProgress : (251/2662) Exporting 'road4'
ExportProgress : (252/2662) Exporting 'lockers'
ExportProgress : (253/2662) Exporting 'Mobile-Skybox'
ExportProgress : (254/2662) Exporting 'Underwater Unlit'
ExportProgress : (255/2662) Exporting 'Arrow Bounce Size'
ExportProgress : (256/2662) Exporting 'FH Plant 2'
ExportProgress : (257/2662) Exporting 'FH Plant'
ExportProgress : (258/2662) Exporting 'TrafficLightIn'
ExportProgress : (259/2662) Exporting 'WrongWaySign'
ExportProgress : (260/2662) Exporting 'clam open'
ExportProgress : (261/2662) Exporting 'Default Take'
ExportProgress : (262/2662) Exporting 'Default Take'
ExportProgress : (263/2662) Exporting 'Take 001'
ExportProgress : (264/2662) Exporting 'Default Take'
ExportProgress : (265/2662) Exporting 'jump_landing'
ExportProgress : (266/2662) Exporting 'impact_noglass_02'
ExportProgress : (267/2662) Exporting 'rocket_fire'
ExportProgress : (268/2662) Exporting 'Fish Hooks FINAL Main Title MUSIC ONLY loop'
ExportProgress : (269/2662) Exporting 'basketball_bounce'
ExportProgress : (270/2662) Exporting 'rocket_impact_shield'
ExportProgress : (271/2662) Exporting 'Light_Beep_Countdown'
ExportProgress : (272/2662) Exporting 'impact_noglass_01'
ExportProgress : (273/2662) Exporting 'impact_noglass_03'
ExportProgress : (274/2662) Exporting 'Shield Activate'
ExportProgress : (275/2662) Exporting 'wrong_way_buzzer'
ExportProgress : (276/2662) Exporting 'coin_pickup'
ExportProgress : (277/2662) Exporting 'SI-6037_08_05'
ExportProgress : (278/2662) Exporting 'Lazer #3'
ExportProgress : (279/2662) Exporting 'mus_win'
ExportProgress : (280/2662) Exporting 'amb_water_flowing_lp'
ExportProgress : (281/2662) Exporting 'powerup'
ExportProgress : (282/2662) Exporting 'mus_lose'
ExportProgress : (283/2662) Exporting 'rocket_lp'
ExportProgress : (284/2662) Exporting 'powerup_coin'
ExportProgress : (285/2662) Exporting 'Light_Beep_Start'
ExportProgress : (286/2662) Exporting 'tire_squeal_lp_01'
ExportProgress : (287/2662) Exporting 'LAZER2'
ExportProgress : (288/2662) Exporting 'Missile Hits Shield'
ExportProgress : (289/2662) Exporting 'LightProbes'
ExportProgress : (290/2662) Exporting 'HUD Buy Powerup'
ExportProgress : (291/2662) Exporting 'HUD Get Powerup'
ExportProgress : (292/2662) Exporting 'Booster Pickup'
ExportProgress : (293/2662) Exporting 'Mine Pickup'
ExportProgress : (294/2662) Exporting 'Rocket Pickup'
ExportProgress : (295/2662) Exporting 'ShieldPickup'
ExportProgress : (296/2662) Exporting 'Coin'
ExportProgress : (297/2662) Exporting 'AI Blip'
ExportProgress : (298/2662) Exporting 'Drift Scale'
ExportProgress : (299/2662) Exporting 'Mine Notify'
ExportProgress : (300/2662) Exporting 'PauseScreen'
ExportProgress : (301/2662) Exporting 'Player Blip'
ExportProgress : (302/2662) Exporting 'PowerUpDisplay Boost'
ExportProgress : (303/2662) Exporting 'PowerUpDisplay Mine'
ExportProgress : (304/2662) Exporting 'PowerUpDisplay Rocket'
ExportProgress : (305/2662) Exporting 'PowerUpDisplay Shield'
ExportProgress : (306/2662) Exporting 'WrongWayPrefab'
ExportProgress : (307/2662) Exporting 'mine notify'
ExportProgress : (308/2662) Exporting 'Bar'
ExportProgress : (309/2662) Exporting 'Brake - DOWN'
ExportProgress : (310/2662) Exporting 'Brake - Normal'
ExportProgress : (311/2662) Exporting 'Buy Powerup - DOWN'
ExportProgress : (312/2662) Exporting 'Buy Powerup - Disabled'
ExportProgress : (313/2662) Exporting 'Buy Powerup - MouseOver'
ExportProgress : (314/2662) Exporting 'Buy Powerup - Normal'
ExportProgress : (315/2662) Exporting 'CheckerEND'
ExportProgress : (316/2662) Exporting 'Drive - Normal DOWN'
ExportProgress : (317/2662) Exporting 'Drive - Normal'
ExportProgress : (318/2662) Exporting 'Enemy Ahead Indicator'
ExportProgress : (319/2662) Exporting 'Enemy Behind Indicator'
ExportProgress : (320/2662) Exporting 'Pause - DOWN'
ExportProgress : (321/2662) Exporting 'Pause - MouseOver'
ExportProgress : (322/2662) Exporting 'Pause - Normal'
ExportProgress : (323/2662) Exporting 'Player Indicator'
ExportProgress : (324/2662) Exporting 'Powerup - DISABLED DOWN'
ExportProgress : (325/2662) Exporting 'Powerup - DOWN'
ExportProgress : (326/2662) Exporting 'Powerup - Normal'
ExportProgress : (327/2662) Exporting 'PowerupBOOST'
ExportProgress : (328/2662) Exporting 'PowerupMINE'
ExportProgress : (329/2662) Exporting 'PowerupMISSILE'
ExportProgress : (330/2662) Exporting 'PowerupSHIELD'
ExportProgress : (331/2662) Exporting 'Stat Bar Back'
ExportProgress : (332/2662) Exporting 'Stat Bar Negative'
ExportProgress : (333/2662) Exporting 'Stat Bar Positive'
ExportProgress : (334/2662) Exporting 'traffic light Green'
ExportProgress : (335/2662) Exporting 'traffic light Red'
ExportProgress : (336/2662) Exporting 'traffic light Yellow'
ExportProgress : (337/2662) Exporting 'traffic light unlit'
ExportProgress : (338/2662) Exporting 'CCUpUpAndAway Blue'
ExportProgress : (339/2662) Exporting 'CCUpUpAndAway SILVER'
ExportProgress : (340/2662) Exporting 'HUD SpriteAtlas'
ExportProgress : (341/2662) Exporting 'HUD SpriteAtlas'
ExportProgress : (342/2662) Exporting 'Rewind Dialog'
ExportProgress : (343/2662) Exporting 'Funds'
ExportProgress : (344/2662) Exporting 'Vent'
ExportProgress : (345/2662) Exporting 'CheckeredFlagHeader'
ExportProgress : (346/2662) Exporting 'CoinBox'
ExportProgress : (347/2662) Exporting 'ResultsBox'
ExportProgress : (348/2662) Exporting 'ThrobGO'
ExportProgress : (349/2662) Exporting 'Blocker Invisible SpriteAtlas'
ExportProgress : (350/2662) Exporting 'Blocker SpriteAtlas'
ExportProgress : (351/2662) Exporting 'OtherUI SpriteAtlas'
ExportProgress : (352/2662) Exporting 'Show Logo'
ExportProgress : (353/2662) Exporting 'logos SpriteAtlas'
ExportProgress : (354/2662) Exporting 'music icon SpriteAtlas'
ExportProgress : (355/2662) Exporting 'sound icon SpriteAtlas'
ExportProgress : (356/2662) Exporting 'Material_002__Screen'
ExportProgress : (357/2662) Exporting 'barrel'
ExportProgress : (358/2662) Exporting 'garage beam'
ExportProgress : (359/2662) Exporting 'garage computer'
ExportProgress : (360/2662) Exporting 'garage electro box'
ExportProgress : (361/2662) Exporting 'garage exit door'
ExportProgress : (362/2662) Exporting 'garage exit door2'
ExportProgress : (363/2662) Exporting 'garage exit'
ExportProgress : (364/2662) Exporting 'garage ground'
ExportProgress : (365/2662) Exporting 'garage hall hole'
ExportProgress : (366/2662) Exporting 'garage hall wall and floor'
ExportProgress : (367/2662) Exporting 'garage lift bottom'
ExportProgress : (368/2662) Exporting 'garage lift thingie'
ExportProgress : (369/2662) Exporting 'garage metal rivets'
ExportProgress : (370/2662) Exporting 'garage monitor main'
ExportProgress : (371/2662) Exporting 'garage other screen'
ExportProgress : (372/2662) Exporting 'garage tire rack'
ExportProgress : (373/2662) Exporting 'garage toolbox'
ExportProgress : (374/2662) Exporting 'garage wall1'
ExportProgress : (375/2662) Exporting 'ramp'
ExportProgress : (376/2662) Exporting 'texture additional parts'
ExportProgress : (377/2662) Exporting 'PieSplatEffect SpriteAtlas'
ExportProgress : (378/2662) Exporting 'Exhaust Fire'
ExportProgress : (379/2662) Exporting 'FireExplosion'
ExportProgress : (380/2662) Exporting 'GlowDot'
ExportProgress : (381/2662) Exporting 'Lightning'
ExportProgress : (382/2662) Exporting 'Magnet Shield'
ExportProgress : (383/2662) Exporting 'Shield 1'
ExportProgress : (384/2662) Exporting 'Shield Double'
ExportProgress : (385/2662) Exporting 'SmokeRealBlurred'
ExportProgress : (386/2662) Exporting 'SmokeRingBurst'
ExportProgress : (387/2662) Exporting 'SmokeRingBurstHARD'
ExportProgress : (388/2662) Exporting 'Spark clouds'
ExportProgress : (389/2662) Exporting 'Sparkle'
ExportProgress : (390/2662) Exporting 'Sparks add'
ExportProgress : (391/2662) Exporting 'SpinCircle'
ExportProgress : (392/2662) Exporting 'Tripwire Shield'
ExportProgress : (393/2662) Exporting 'bubble'
ExportProgress : (394/2662) Exporting 'burst'
ExportProgress : (395/2662) Exporting 'corona additive'
ExportProgress : (396/2662) Exporting 'coronastar'
ExportProgress : (397/2662) Exporting 'wrench'
ExportProgress : (398/2662) Exporting 'CCUpUpAndAway Back End Header  Shadow'
ExportProgress : (399/2662) Exporting 'CCUpUpAndAway Back End Header'
ExportProgress : (400/2662) Exporting 'CCUpUpAndAway Dark Blue'
ExportProgress : (401/2662) Exporting 'CCUpUpAndAway Dark Brown'
ExportProgress : (402/2662) Exporting 'CCUpUpAndAway Dark Dark Blue'
ExportProgress : (403/2662) Exporting 'CCUpUpAndAway Dark Gold'
ExportProgress : (404/2662) Exporting 'CCUpUpAndAway Dark Green'
ExportProgress : (405/2662) Exporting 'CCUpUpAndAway Faded'
ExportProgress : (406/2662) Exporting 'CCUpUpAndAway Front End Header'
ExportProgress : (407/2662) Exporting 'CCUpUpAndAway GREEN'
ExportProgress : (408/2662) Exporting 'CCUpUpAndAway ORANGE'
ExportProgress : (409/2662) Exporting 'CCUpUpAndAway RED'
ExportProgress : (410/2662) Exporting 'CCUpUpAndAway YELLOW'
ExportProgress : (411/2662) Exporting 'Cabin - Black'
ExportProgress : (412/2662) Exporting 'Full Screen Booster SpriteAtlas'
ExportProgress : (413/2662) Exporting 'Swatch Red'
ExportProgress : (414/2662) Exporting 'Kart Customizer SpriteAtlas'
ExportProgress : (415/2662) Exporting 'Pranksgiving'
ExportProgress : (416/2662) Exporting 'SS Logo'
ExportProgress : (417/2662) Exporting 'Shifter Slot Back'
ExportProgress : (418/2662) Exporting 'Shifter Slot Front'
ExportProgress : (419/2662) Exporting 'Nav Bar Shifter SpriteAtlas'
ExportProgress : (420/2662) Exporting 'Fadable HUD SpriteAtlas'
ExportProgress : (421/2662) Exporting 'finish line SpriteAtlas'
ExportProgress : (422/2662) Exporting 'Level Previews SpriteAtlas'
ExportProgress : (423/2662) Exporting 'Circuit Icon'
ExportProgress : (424/2662) Exporting 'Loading Circle White Alpha'
ExportProgress : (425/2662) Exporting 'Multi-Use Icons SpriteAtlas'
ExportProgress : (426/2662) Exporting 'Multi-Use SpriteAtlas'
ExportProgress : (427/2662) Exporting 'Pranksgiving SpriteAtlas'
ExportProgress : (428/2662) Exporting 'RaceResults SpriteAtlas'
ExportProgress : (429/2662) Exporting 'Horizontal strays SpriteAtlas'
ExportProgress : (430/2662) Exporting 'Logos SpriteAtlas'
ExportProgress : (431/2662) Exporting 'Vertical strays SpriteAtlas'
ExportProgress : (432/2662) Exporting '100% Dark Grey'
ExportProgress : (433/2662) Exporting '50% Black'
ExportProgress : (434/2662) Exporting 'Black'
ExportProgress : (435/2662) Exporting 'Mobile Cart Part'
ExportProgress : (436/2662) Exporting 'MobileUnlit'
ExportProgress : (437/2662) Exporting 'White Fade'
ExportProgress : (438/2662) Exporting 'Cabin-SemiBold'
ExportProgress : (439/2662) Exporting 'Font Material'
ExportProgress : (440/2662) Exporting 'VAG Rounded Black'
ExportProgress : (441/2662) Exporting 'Swatch Dipper'
ExportProgress : (442/2662) Exporting 'color_white'
ExportProgress : (443/2662) Exporting 'SS Logo'
ExportProgress : (444/2662) Exporting 'Swatch Custom Beta Infernos'
ExportProgress : (445/2662) Exporting 'garage tire rack'
ExportProgress : (446/2662) Exporting 'Kart Customizer SpriteAtlas'
ExportProgress : (447/2662) Exporting 'LightmapFar-0'
ExportProgress : (448/2662) Exporting 'Shifter Slot Front'
ExportProgress : (449/2662) Exporting 'Pranksgiving SpriteAtlas'
ExportProgress : (450/2662) Exporting 'garage lift bottom'
ExportProgress : (451/2662) Exporting 'Swatch Phineas'
ExportProgress : (452/2662) Exporting 'Swatch Kick'
ExportProgress : (453/2662) Exporting 'Swatch Perry'
ExportProgress : (454/2662) Exporting 'finish line SpriteAtlas'
ExportProgress : (455/2662) Exporting 'Swatch Purple'
ExportProgress : (456/2662) Exporting 'Fadable HUD SpriteAtlas'
ExportProgress : (457/2662) Exporting 'Swatch Mabel'
ExportProgress : (458/2662) Exporting 'Swatch Silver'
ExportProgress : (459/2662) Exporting 'garage ground'
ExportProgress : (460/2662) Exporting 'Burst'
ExportProgress : (461/2662) Exporting 'Font Texture'
ExportProgress : (462/2662) Exporting 'wrench'
ExportProgress : (463/2662) Exporting 'Blocker Invisible SpriteAtlas'
ExportProgress : (464/2662) Exporting 'Swatch Bronze'
ExportProgress : (465/2662) Exporting 'Swatch Custom Alpha Infernos'
ExportProgress : (466/2662) Exporting 'logos SpriteAtlas'
ExportProgress : (467/2662) Exporting 'garage beam'
ExportProgress : (468/2662) Exporting 'SpinSemicircle'
ExportProgress : (469/2662) Exporting 'Swatch Pink'
ExportProgress : (470/2662) Exporting 'ramp'
ExportProgress : (471/2662) Exporting 'Swatch Gunther'
ExportProgress : (472/2662) Exporting 'lightning'
ExportProgress : (473/2662) Exporting 'NewbieCircuit'
ExportProgress : (474/2662) Exporting 'Pranksgiving Logo'
ExportProgress : (475/2662) Exporting 'sound icon SpriteAtlas'
ExportProgress : (476/2662) Exporting 'Fire bw'
ExportProgress : (477/2662) Exporting 'TripWireShield'
ExportProgress : (478/2662) Exporting 'Full Screen Booster SpriteAtlas'
ExportProgress : (479/2662) Exporting 'garage exit door'
ExportProgress : (480/2662) Exporting 'kart tier 1 texture'
ExportProgress : (481/2662) Exporting 'garage wall1'
ExportProgress : (482/2662) Exporting 'Swatch None'
ExportProgress : (483/2662) Exporting 'Shield'
ExportProgress : (484/2662) Exporting 'Swatch Oscar'
ExportProgress : (485/2662) Exporting 'Swatch Black'
ExportProgress : (486/2662) Exporting 'Swatch Brad'
ExportProgress : (487/2662) Exporting 'Swatch Ferb'
ExportProgress : (488/2662) Exporting 'MagnetShield'
ExportProgress : (489/2662) Exporting 'Swatch Steel'
ExportProgress : (490/2662) Exporting 'garage electro box'
ExportProgress : (491/2662) Exporting 'SmokeRingBurstHARD'
ExportProgress : (492/2662) Exporting 'Swatch Custom Alpha'
ExportProgress : (493/2662) Exporting 'garage other screen'
ExportProgress : (494/2662) Exporting 'Logos SpriteAtlas'
ExportProgress : (495/2662) Exporting 'garage hall hole'
ExportProgress : (496/2662) Exporting 'Cloud'
ExportProgress : (497/2662) Exporting 'CoronaStar'
ExportProgress : (498/2662) Exporting 'garage monitor main'
ExportProgress : (499/2662) Exporting 'RaceResults SpriteAtlas'
ExportProgress : (500/2662) Exporting 'barrel'
ExportProgress : (501/2662) Exporting 'logo phineas'
ExportProgress : (502/2662) Exporting 'Swatch Red'
ExportProgress : (503/2662) Exporting 'Multi-Use SpriteAtlas'
ExportProgress : (504/2662) Exporting 'Blocker SpriteAtlas'
ExportProgress : (505/2662) Exporting 'garage toolbox'
ExportProgress : (506/2662) Exporting 'Loading Circle White Alpha'
ExportProgress : (507/2662) Exporting 'Nav Bar Shifter SpriteAtlas'
ExportProgress : (508/2662) Exporting 'music icon SpriteAtlas'
ExportProgress : (509/2662) Exporting 'Swatch Copper'
ExportProgress : (510/2662) Exporting 'Horizontal strays SpriteAtlas'
ExportProgress : (511/2662) Exporting 'garage lift thingie'
ExportProgress : (512/2662) Exporting 'Swatch Gold'
ExportProgress : (513/2662) Exporting 'Swatch Blue'
ExportProgress : (514/2662) Exporting 'PieSplatEffect SpriteAtlas'
ExportProgress : (515/2662) Exporting 'self ilum ramp'
ExportProgress : (516/2662) Exporting 'Bubble'
ExportProgress : (517/2662) Exporting 'garage computer'
ExportProgress : (518/2662) Exporting 'Level Previews SpriteAtlas'
ExportProgress : (519/2662) Exporting 'garage exit door2'
ExportProgress : (520/2662) Exporting 'Sparkle'
ExportProgress : (521/2662) Exporting 'Static'
ExportProgress : (522/2662) Exporting 'ExplosionFire'
ExportProgress : (523/2662) Exporting 'SmokeRealBlurred'
ExportProgress : (524/2662) Exporting 'Swatch Custom Beta'
ExportProgress : (525/2662) Exporting 'garage exit'
ExportProgress : (526/2662) Exporting 'Swatch Mike'
ExportProgress : (527/2662) Exporting 'Swatch Bea'
ExportProgress : (528/2662) Exporting 'OtherUI SpriteAtlas'
ExportProgress : (529/2662) Exporting 'ShieldDouble'
ExportProgress : (530/2662) Exporting 'Swatch Milo'
ExportProgress : (531/2662) Exporting 'Multi-Use Icons SpriteAtlas'
ExportProgress : (532/2662) Exporting 'SmokeRingBurst'
ExportProgress : (533/2662) Exporting 'garage metal rivets'
ExportProgress : (534/2662) Exporting 'Vertical strays SpriteAtlas'
ExportProgress : (535/2662) Exporting 'garage wall - pranksgiving'
ExportProgress : (536/2662) Exporting 'Shifter Slot Back'
ExportProgress : (537/2662) Exporting 'garage hall wall and floor'
ExportProgress : (538/2662) Exporting 'GlowDot'
ExportProgress : (539/2662) Exporting 'Shield'
ExportProgress : (540/2662) Exporting 'Plane_001'
ExportProgress : (541/2662) Exporting 'Plane'
ExportProgress : (542/2662) Exporting 'Lift'
ExportProgress : (543/2662) Exporting 'rollup_door'
ExportProgress : (544/2662) Exporting 'Illumin-Diffuse'
ExportProgress : (545/2662) Exporting 'Illumin-VertexLit'
ExportProgress : (546/2662) Exporting 'Alpha-Diffuse'
ExportProgress : (547/2662) Exporting 'Alpha-VertexLit'
ExportProgress : (548/2662) Exporting 'Particle Premultiply Blend'
ExportProgress : (549/2662) Exporting 'Mobile-Lightmap-Unlit'
ExportProgress : (550/2662) Exporting 'Mobile-Particle-Add'
ExportProgress : (551/2662) Exporting 'Transparent Color Shift Unlit'
ExportProgress : (552/2662) Exporting 'Double Texture Additive Unlit'
ExportProgress : (553/2662) Exporting 'Localize-US'
ExportProgress : (554/2662) Exporting 'AchievementIN'
ExportProgress : (555/2662) Exporting 'AchievementOUT'
ExportProgress : (556/2662) Exporting 'ArrowThrob'
ExportProgress : (557/2662) Exporting 'ArrowThrobLeft'
ExportProgress : (558/2662) Exporting 'CharacterSelectArrowLeft'
ExportProgress : (559/2662) Exporting 'CharacterSelectArrowRight'
ExportProgress : (560/2662) Exporting 'CustomizerArrowLeft'
ExportProgress : (561/2662) Exporting 'CustomizerArrowRight'
ExportProgress : (562/2662) Exporting 'Garage Door'
ExportProgress : (563/2662) Exporting 'LogoIn'
ExportProgress : (564/2662) Exporting 'NavBlipThrob'
ExportProgress : (565/2662) Exporting 'PlayMenuIn'
ExportProgress : (566/2662) Exporting 'PlaySumLowerRightArrow'
ExportProgress : (567/2662) Exporting 'PlaySumUpperArrowRight'
ExportProgress : (568/2662) Exporting 'PlaySumUpperLeftArrow'
ExportProgress : (569/2662) Exporting 'PreviewText'
ExportProgress : (570/2662) Exporting 'ThrobCheckmark'
ExportProgress : (571/2662) Exporting 'ThrobPlay2'
ExportProgress : (572/2662) Exporting 'burstThrob'
ExportProgress : (573/2662) Exporting 'PlaySumLowerLeftArrow'
ExportProgress : (574/2662) Exporting 'ThrobRaceSummary'
ExportProgress : (575/2662) Exporting 'scene_whoosh_03'
ExportProgress : (576/2662) Exporting 'ui_shift_01'
ExportProgress : (577/2662) Exporting 'scene_whoosh_02'
ExportProgress : (578/2662) Exporting 'ui_select'
ExportProgress : (579/2662) Exporting 'ui_shift_02'
ExportProgress : (580/2662) Exporting 'Engine_Revs_01'
ExportProgress : (581/2662) Exporting 'GUI Beep'
ExportProgress : (582/2662) Exporting 'ui_shift_03'
ExportProgress : (583/2662) Exporting 'Engine_Revs_03'
ExportProgress : (584/2662) Exporting 'the-movement-loop01'
ExportProgress : (585/2662) Exporting 'scene_whoosh_01'
ExportProgress : (586/2662) Exporting 'ui_buy_button_press'
ExportProgress : (587/2662) Exporting 'rocket_exp'
ExportProgress : (588/2662) Exporting 'Success_Fanfare'
ExportProgress : (589/2662) Exporting 'engine04_idle_lp_01'
ExportProgress : (590/2662) Exporting 'ui_coins_added'
ExportProgress : (591/2662) Exporting 'Engine_Revs_02'
ExportProgress : (592/2662) Exporting 'pyro_fire_burst'
ExportProgress : (593/2662) Exporting 'CCUpUpAndAway'
ExportProgress : (594/2662) Exporting 'LightProbes'
ExportProgress : (595/2662) Exporting 'DoubleBoost'
ExportProgress : (596/2662) Exporting 'Drift'
ExportProgress : (597/2662) Exporting 'Exhaust Fire'
ExportProgress : (598/2662) Exporting 'Exhaust'
ExportProgress : (599/2662) Exporting 'Full Screen Booster Effect'
ExportProgress : (600/2662) Exporting 'HitOtherCart'
ExportProgress : (601/2662) Exporting 'Poof'
ExportProgress : (602/2662) Exporting 'Spinout'
ExportProgress : (603/2662) Exporting 'Pyrotechnics particles'
ExportProgress : (604/2662) Exporting 'Finish Line New'
ExportProgress : (605/2662) Exporting 'Pick Up Coin'
ExportProgress : (606/2662) Exporting 'ParticleLibrary'
ExportProgress : (607/2662) Exporting 'Explosion'
ExportProgress : (608/2662) Exporting 'Magnet Shield'
ExportProgress : (609/2662) Exporting 'RocketFire'
ExportProgress : (610/2662) Exporting 'Shield Double'
ExportProgress : (611/2662) Exporting 'Shield'
ExportProgress : (612/2662) Exporting 'ShockedEngine'
ExportProgress : (613/2662) Exporting 'Tripwire Shield'
ExportProgress : (614/2662) Exporting 'hit laser'
ExportProgress : (615/2662) Exporting 'Cart Paint Job'
ExportProgress : (616/2662) Exporting 'Coin Balance x1,000'
ExportProgress : (617/2662) Exporting 'Coin Balance x10,000'
ExportProgress : (618/2662) Exporting 'Coin Balance x100,000'
ExportProgress : (619/2662) Exporting 'Complete All Achievements'
ExportProgress : (620/2662) Exporting 'Equip Level 3 Parts'
ExportProgress : (621/2662) Exporting 'Equip Level 6 Parts'
ExportProgress : (622/2662) Exporting 'Lifetime In Air x120'
ExportProgress : (623/2662) Exporting 'Lifetime In Air x300'
ExportProgress : (624/2662) Exporting 'Lifetime In Air x60'
ExportProgress : (625/2662) Exporting 'Lifetime Mine Opponent x100'
ExportProgress : (626/2662) Exporting 'Lifetime Mine Opponent x20'
ExportProgress : (627/2662) Exporting 'Lifetime Mine Opponent x50'
ExportProgress : (628/2662) Exporting 'Lifetime Powerup Collection x100'
ExportProgress : (629/2662) Exporting 'Lifetime Powerup Collection x20'
ExportProgress : (630/2662) Exporting 'Lifetime Powerup Collection x50'
ExportProgress : (631/2662) Exporting 'Lifetime Powerup Purchase x100'
ExportProgress : (632/2662) Exporting 'Lifetime Powerup Purchase x20'
ExportProgress : (633/2662) Exporting 'Lifetime Powerup Purchase x50'
ExportProgress : (634/2662) Exporting 'Lifetime Rocket Opponent x100'
ExportProgress : (635/2662) Exporting 'Lifetime Rocket Opponent x20'
ExportProgress : (636/2662) Exporting 'Lifetime Rocket Opponent x50'
ExportProgress : (637/2662) Exporting 'Meta Finish All First Places'
ExportProgress : (638/2662) Exporting 'Meta Finish Master Circuit'
ExportProgress : (639/2662) Exporting 'Meta Finish Newbie Circuit'
ExportProgress : (640/2662) Exporting 'Meta Finish Pro Circuit'
ExportProgress : (641/2662) Exporting 'Spend Lifetime Coins x1000'
ExportProgress : (642/2662) Exporting 'Spend Lifetime Coins x10000'
ExportProgress : (643/2662) Exporting 'Spend Lifetime Coins x100000'
ExportProgress : (644/2662) Exporting 'Unlock All Cart Bodies'
ExportProgress : (645/2662) Exporting 'Unlock All Cart Scoops'
ExportProgress : (646/2662) Exporting 'Unlock All Cart Spoilers'
ExportProgress : (647/2662) Exporting 'Unlock All Cart Thrusters'
ExportProgress : (648/2662) Exporting 'Unlock All Cart Wheels'
ExportProgress : (649/2662) Exporting 'Unlock All Characters'
ExportProgress : (650/2662) Exporting 'Unlock All Fishhooks Characters'
ExportProgress : (651/2662) Exporting 'Unlock All Gravity Characters'
ExportProgress : (652/2662) Exporting 'Unlock All Kick Characters'
ExportProgress : (653/2662) Exporting 'Unlock All PandF Characters'
ExportProgress : (654/2662) Exporting 'Use All Double Powerup Combos'
ExportProgress : (655/2662) Exporting 'First Place Fish 1'
ExportProgress : (656/2662) Exporting 'First Place Fish 2'
ExportProgress : (657/2662) Exporting 'First Place Fish 3'
ExportProgress : (658/2662) Exporting 'First Place Kick 1'
ExportProgress : (659/2662) Exporting 'First Place Kick 2'
ExportProgress : (660/2662) Exporting 'First Place Kick 3'
ExportProgress : (661/2662) Exporting 'First Place Phineas 1'
ExportProgress : (662/2662) Exporting 'First Place Phineas 2'
ExportProgress : (663/2662) Exporting 'First Place Phineas 3'
ExportProgress : (664/2662) Exporting 'First Place in Elimination'
ExportProgress : (665/2662) Exporting 'Make Place Fish 1 Easy'
ExportProgress : (666/2662) Exporting 'Make Place Fish 1 Hard'
ExportProgress : (667/2662) Exporting 'Make Place Fish 1 Medium'
ExportProgress : (668/2662) Exporting 'Make Place Fish 1 Ultra Hard'
ExportProgress : (669/2662) Exporting 'Make Place Fish 2 Easy'
ExportProgress : (670/2662) Exporting 'Make Place Fish 2 Hard'
ExportProgress : (671/2662) Exporting 'Make Place Fish 2 Medium'
ExportProgress : (672/2662) Exporting 'Make Place Fish 2 Ultra'
ExportProgress : (673/2662) Exporting 'Make Place Fish 3 Easy'
ExportProgress : (674/2662) Exporting 'Make Place Fish 3 Hard'
ExportProgress : (675/2662) Exporting 'Make Place Fish 3 Medium'
ExportProgress : (676/2662) Exporting 'Make Place Fish 3 Ultra Hard'
ExportProgress : (677/2662) Exporting 'Make Place Kick 1 Easy'
ExportProgress : (678/2662) Exporting 'Make Place Kick 1 Hard'
ExportProgress : (679/2662) Exporting 'Make Place Kick 1 Medium'
ExportProgress : (680/2662) Exporting 'Make Place Kick 1 Ultra Hard'
ExportProgress : (681/2662) Exporting 'Make Place Kick 2 Easy'
ExportProgress : (682/2662) Exporting 'Make Place Kick 2 Hard'
ExportProgress : (683/2662) Exporting 'Make Place Kick 2 Medium'
ExportProgress : (684/2662) Exporting 'Make Place Kick 2 Ultra Hard'
ExportProgress : (685/2662) Exporting 'Make Place Kick 3 Easy'
ExportProgress : (686/2662) Exporting 'Make Place Kick 3 Hard'
ExportProgress : (687/2662) Exporting 'Make Place Kick 3 Medium'
ExportProgress : (688/2662) Exporting 'Make Place Kick 3 Ultra Hard'
ExportProgress : (689/2662) Exporting 'Make Place Phineas 1 Easy'
ExportProgress : (690/2662) Exporting 'Make Place Phineas 1 Hard'
ExportProgress : (691/2662) Exporting 'Make Place Phineas 1 Medium'
ExportProgress : (692/2662) Exporting 'Make Place Phineas 1 Ultra Hard'
ExportProgress : (693/2662) Exporting 'Make Place Phineas 2 Easy'
ExportProgress : (694/2662) Exporting 'Make Place Phineas 2 Hard'
ExportProgress : (695/2662) Exporting 'Make Place Phineas 2 Medium'
ExportProgress : (696/2662) Exporting 'Make Place Phineas 2 Ultra Hard'
ExportProgress : (697/2662) Exporting 'Make Place Phineas 3 Easy'
ExportProgress : (698/2662) Exporting 'Make Place Phineas 3 Hard'
ExportProgress : (699/2662) Exporting 'Make Place Phineas 3 Medium'
ExportProgress : (700/2662) Exporting 'Make Place Phineas 3 Ultra Hard'
ExportProgress : (701/2662) Exporting 'Cross Finish Line Backwards'
ExportProgress : (702/2662) Exporting 'FirstPlace With no powerups'
ExportProgress : (703/2662) Exporting 'In Race Powerup Pickup Boost'
ExportProgress : (704/2662) Exporting 'In Race Powerup Pickup Mine'
ExportProgress : (705/2662) Exporting 'In Race Powerup Pickup Rocket'
ExportProgress : (706/2662) Exporting 'In Race Powerup Pickup Shield'
ExportProgress : (707/2662) Exporting 'Place wth No powerups'
ExportProgress : (708/2662) Exporting 'PowerSlide Boost x5'
ExportProgress : (709/2662) Exporting 'Use A Double Boost'
ExportProgress : (710/2662) Exporting 'Use A Double Mine'
ExportProgress : (711/2662) Exporting 'Use A Double Rocket'
ExportProgress : (712/2662) Exporting 'Use A Double Shield'
ExportProgress : (713/2662) Exporting 'Use Powerup Against Opponent Mine'
ExportProgress : (714/2662) Exporting 'Use Powerup Against Opponent Rocket'
ExportProgress : (715/2662) Exporting 'Use Powerup Against Opponent Smash'
ExportProgress : (716/2662) Exporting '1 - Lil'Kart Forms'
ExportProgress : (717/2662) Exporting '2 - Speedster Forms'
ExportProgress : (718/2662) Exporting '3 - Traktor 3000 Forms'
ExportProgress : (719/2662) Exporting '4 - Dune Stomper Forms'
ExportProgress : (720/2662) Exporting '5 - The Hog-inator Forms'
ExportProgress : (721/2662) Exporting '6 - The Beast Forms'
ExportProgress : (722/2662) Exporting '1 - Lil' Spoiler Forms'
ExportProgress : (723/2662) Exporting '2 - Speedy Spoiler Forms'
ExportProgress : (724/2662) Exporting '3 - Traktor Wing Forms'
ExportProgress : (725/2662) Exporting '4 - Dune Spoiler Forms'
ExportProgress : (726/2662) Exporting '5 - Hogwing Forms'
ExportProgress : (727/2662) Exporting '6 - Beastly Spoiler Forms'
ExportProgress : (728/2662) Exporting '1 - Lil' Thrusties Forms'
ExportProgress : (729/2662) Exporting '2 - Scorchin' Thrusters Forms'
ExportProgress : (730/2662) Exporting '3 - Trak Blasters Forms'
ExportProgress : (731/2662) Exporting '4 - Dune Blazers Forms'
ExportProgress : (732/2662) Exporting '5 - Hog Burners Forms'
ExportProgress : (733/2662) Exporting '6 - Infernos Forms'
ExportProgress : (734/2662) Exporting '1 - Lil'Wheelie Forms'
ExportProgress : (735/2662) Exporting '2 - Speeder Wheels Forms'
ExportProgress : (736/2662) Exporting '3 - Traktor Tires Forms'
ExportProgress : (737/2662) Exporting '4 - Dune Jumpers Forms'
ExportProgress : (738/2662) Exporting '5 - The Wheel-inators Forms'
ExportProgress : (739/2662) Exporting '6 - Beast Wheelz Forms'
ExportProgress : (740/2662) Exporting '7 - Ultra Tractionizers Forms'
ExportProgress : (741/2662) Exporting 'CartPartList'
ExportProgress : (742/2662) Exporting 'CartPrimaryTextureProfile'
ExportProgress : (743/2662) Exporting '1 - Lil'Kart (Bike)'
ExportProgress : (744/2662) Exporting '1 - Lil'Kart (Truck)'
ExportProgress : (745/2662) Exporting '1 - Lil'Kart'
ExportProgress : (746/2662) Exporting '2 - Speedster (Bike)'
ExportProgress : (747/2662) Exporting '2 - Speedster (Truck)'
ExportProgress : (748/2662) Exporting '2 - Speedster'
ExportProgress : (749/2662) Exporting '3 - Traktor 3000 (Bike)'
ExportProgress : (750/2662) Exporting '3 - Traktor 3000 (Truck)'
ExportProgress : (751/2662) Exporting '3 - Traktor 3000'
ExportProgress : (752/2662) Exporting '4 - Dune Stomper (Bike)'
ExportProgress : (753/2662) Exporting '4 - Dune Stomper (Truck)'
ExportProgress : (754/2662) Exporting '4 - Dune Stomper'
ExportProgress : (755/2662) Exporting '5 - The Hog-inator (Bike)'
ExportProgress : (756/2662) Exporting '5 - The Hog-inator (Truck)'
ExportProgress : (757/2662) Exporting '5 - The Hog-inator'
ExportProgress : (758/2662) Exporting '6 - The Beast (Bike)'
ExportProgress : (759/2662) Exporting '6 - The Beast (Truck)'
ExportProgress : (760/2662) Exporting '6 - The Beast'
ExportProgress : (761/2662) Exporting 'Agent P'
ExportProgress : (762/2662) Exporting 'Bea'
ExportProgress : (763/2662) Exporting 'Brad'
ExportProgress : (764/2662) Exporting 'Crash'
ExportProgress : (765/2662) Exporting 'Dipper'
ExportProgress : (766/2662) Exporting 'Ferb'
ExportProgress : (767/2662) Exporting 'Gunther'
ExportProgress : (768/2662) Exporting 'Kick'
ExportProgress : (769/2662) Exporting 'Mabel'
ExportProgress : (770/2662) Exporting 'Mike'
ExportProgress : (771/2662) Exporting 'Milo'
ExportProgress : (772/2662) Exporting 'Oscar'
ExportProgress : (773/2662) Exporting 'Phineas'
ExportProgress : (774/2662) Exporting 'Randy'
ExportProgress : (775/2662) Exporting 'Dune Stomper Black'
ExportProgress : (776/2662) Exporting 'Dune Stomper Blue'
ExportProgress : (777/2662) Exporting 'Dune Stomper Dipper Custom'
ExportProgress : (778/2662) Exporting 'Dune Stomper Mabel Custom'
ExportProgress : (779/2662) Exporting 'Dune Stomper Pink'
ExportProgress : (780/2662) Exporting 'Dune Stomper Purple'
ExportProgress : (781/2662) Exporting 'Dune Stomper Red'
ExportProgress : (782/2662) Exporting 'Lil Kart No Paint'
ExportProgress : (783/2662) Exporting 'Lil Kart Red'
ExportProgress : (784/2662) Exporting 'Speedster Black'
ExportProgress : (785/2662) Exporting 'Speedster Blue'
ExportProgress : (786/2662) Exporting 'Speedster Gunther Custom'
ExportProgress : (787/2662) Exporting 'Speedster Kick Custom'
ExportProgress : (788/2662) Exporting 'Speedster Pink'
ExportProgress : (789/2662) Exporting 'Speedster Purple'
ExportProgress : (790/2662) Exporting 'Speedster Red'
ExportProgress : (791/2662) Exporting 'The Beast Agent P Custom'
ExportProgress : (792/2662) Exporting 'The Beast Black'
ExportProgress : (793/2662) Exporting 'The Beast Blue'
ExportProgress : (794/2662) Exporting 'The Beast Ferb Custom'
ExportProgress : (795/2662) Exporting 'The Beast Phineas Custom'
ExportProgress : (796/2662) Exporting 'The Beast Pink'
ExportProgress : (797/2662) Exporting 'The Beast Purple'
ExportProgress : (798/2662) Exporting 'The Beast Red'
ExportProgress : (799/2662) Exporting 'The Hog-inator Black'
ExportProgress : (800/2662) Exporting 'The Hog-inator Blue'
ExportProgress : (801/2662) Exporting 'The Hog-inator Brad Custom'
ExportProgress : (802/2662) Exporting 'The Hog-inator Mike Custom'
ExportProgress : (803/2662) Exporting 'The Hog-inator Pink'
ExportProgress : (804/2662) Exporting 'The Hog-inator Purple'
ExportProgress : (805/2662) Exporting 'The Hog-inator Red'
ExportProgress : (806/2662) Exporting 'Traktor 3000 Bea Custom'
ExportProgress : (807/2662) Exporting 'Traktor 3000 Black'
ExportProgress : (808/2662) Exporting 'Traktor 3000 Blue'
ExportProgress : (809/2662) Exporting 'Traktor 3000 Milo Custom'
ExportProgress : (810/2662) Exporting 'Traktor 3000 Oscar Custom'
ExportProgress : (811/2662) Exporting 'Traktor 3000 Pink'
ExportProgress : (812/2662) Exporting 'Traktor 3000 Purple'
ExportProgress : (813/2662) Exporting 'Traktor 3000 Red'
ExportProgress : (814/2662) Exporting 'Dune Scooper Bronze'
ExportProgress : (815/2662) Exporting 'Dune Scooper Copper'
ExportProgress : (816/2662) Exporting 'Dune Scooper Gold'
ExportProgress : (817/2662) Exporting 'Dune Scooper Silver'
ExportProgress : (818/2662) Exporting 'Dune Scooper Steel'
ExportProgress : (819/2662) Exporting 'Lil' Scoop Bronze'
ExportProgress : (820/2662) Exporting 'Lil' Scoop Copper'
ExportProgress : (821/2662) Exporting 'Lil' Scoop Gold'
ExportProgress : (822/2662) Exporting 'Lil' Scoop Silver'
ExportProgress : (823/2662) Exporting 'Lil' Scoop Steel'
ExportProgress : (824/2662) Exporting 'No Scoop Paint'
ExportProgress : (825/2662) Exporting 'Scoop-inator Bronze'
ExportProgress : (826/2662) Exporting 'Scoop-inator Copper'
ExportProgress : (827/2662) Exporting 'Scoop-inator Gold'
ExportProgress : (828/2662) Exporting 'Scoop-inator Silver'
ExportProgress : (829/2662) Exporting 'Scoop-inator Steel'
ExportProgress : (830/2662) Exporting 'Speedy Scoop Bronze'
ExportProgress : (831/2662) Exporting 'Speedy Scoop Copper'
ExportProgress : (832/2662) Exporting 'Speedy Scoop Gold'
ExportProgress : (833/2662) Exporting 'Speedy Scoop Silver'
ExportProgress : (834/2662) Exporting 'Speedy Scoop Steel'
ExportProgress : (835/2662) Exporting 'The Beast Bronze'
ExportProgress : (836/2662) Exporting 'The Beast Copper'
ExportProgress : (837/2662) Exporting 'The Beast Gold'
ExportProgress : (838/2662) Exporting 'The Beast Silver'
ExportProgress : (839/2662) Exporting 'The Beast Steel'
ExportProgress : (840/2662) Exporting 'Trak Skoop Bronze'
ExportProgress : (841/2662) Exporting 'Trak Skoop Copper'
ExportProgress : (842/2662) Exporting 'Trak Skoop Gold'
ExportProgress : (843/2662) Exporting 'Trak Skoop Silver'
ExportProgress : (844/2662) Exporting 'Trak Skoop Steel'
ExportProgress : (845/2662) Exporting 'Beastly Spoiler Black'
ExportProgress : (846/2662) Exporting 'Beastly Spoiler Blue'
ExportProgress : (847/2662) Exporting 'Beastly Spoiler Custom Alpha'
ExportProgress : (848/2662) Exporting 'Beastly Spoiler Custom Beta'
ExportProgress : (849/2662) Exporting 'Beastly Spoiler Pink'
ExportProgress : (850/2662) Exporting 'Beastly Spoiler Purple'
ExportProgress : (851/2662) Exporting 'Beastly Spoiler Red'
ExportProgress : (852/2662) Exporting 'Dune Spoiler Black'
ExportProgress : (853/2662) Exporting 'Dune Spoiler Blue'
ExportProgress : (854/2662) Exporting 'Dune Spoiler Brad Custom'
ExportProgress : (855/2662) Exporting 'Dune Spoiler Mike Custom'
ExportProgress : (856/2662) Exporting 'Dune Spoiler Pink'
ExportProgress : (857/2662) Exporting 'Dune Spoiler Purple'
ExportProgress : (858/2662) Exporting 'Dune Spoiler Red'
ExportProgress : (859/2662) Exporting 'Hogwing Agent P Custom'
ExportProgress : (860/2662) Exporting 'Hogwing Black'
ExportProgress : (861/2662) Exporting 'Hogwing Blue'
ExportProgress : (862/2662) Exporting 'Hogwing Ferb Custom'
ExportProgress : (863/2662) Exporting 'Hogwing Phineas Custom'
ExportProgress : (864/2662) Exporting 'Hogwing Pink'
ExportProgress : (865/2662) Exporting 'Hogwing Purple'
ExportProgress : (866/2662) Exporting 'Hogwing Red'
ExportProgress : (867/2662) Exporting 'Lil Spoiler Black'
ExportProgress : (868/2662) Exporting 'Lil Spoiler Blue'
ExportProgress : (869/2662) Exporting 'Lil Spoiler Gunther Custom'
ExportProgress : (870/2662) Exporting 'Lil Spoiler Kick Custom'
ExportProgress : (871/2662) Exporting 'Lil Spoiler Pink'
ExportProgress : (872/2662) Exporting 'Lil Spoiler Purple'
ExportProgress : (873/2662) Exporting 'Lil Spoiler Red'
ExportProgress : (874/2662) Exporting 'No Spoiler Paint'
ExportProgress : (875/2662) Exporting 'Speedy Spoiler Bea Custom'
ExportProgress : (876/2662) Exporting 'Speedy Spoiler Black'
ExportProgress : (877/2662) Exporting 'Speedy Spoiler Blue'
ExportProgress : (878/2662) Exporting 'Speedy Spoiler Milo Custom'
ExportProgress : (879/2662) Exporting 'Speedy Spoiler Oscar Custom'
ExportProgress : (880/2662) Exporting 'Speedy Spoiler Pink'
ExportProgress : (881/2662) Exporting 'Speedy Spoiler Purple'
ExportProgress : (882/2662) Exporting 'Speedy Spoiler Red'
ExportProgress : (883/2662) Exporting 'Traktor Wing Black'
ExportProgress : (884/2662) Exporting 'Traktor Wing Blue'
ExportProgress : (885/2662) Exporting 'Traktor Wing Dipper Custom'
ExportProgress : (886/2662) Exporting 'Traktor Wing Mabel Custom'
ExportProgress : (887/2662) Exporting 'Traktor Wing Pink'
ExportProgress : (888/2662) Exporting 'Traktor Wing Purple'
ExportProgress : (889/2662) Exporting 'Traktor Wing Red'
ExportProgress : (890/2662) Exporting 'Dune Blazers Bronze'
ExportProgress : (891/2662) Exporting 'Dune Blazers Copper'
ExportProgress : (892/2662) Exporting 'Dune Blazers Gold'
ExportProgress : (893/2662) Exporting 'Dune Blazers Silver'
ExportProgress : (894/2662) Exporting 'Dune Blazers Steel'
ExportProgress : (895/2662) Exporting 'Hog Burners Bronze'
ExportProgress : (896/2662) Exporting 'Hog Burners Copper'
ExportProgress : (897/2662) Exporting 'Hog Burners Gold'
ExportProgress : (898/2662) Exporting 'Hog Burners Silver'
ExportProgress : (899/2662) Exporting 'Hog Burners Steel'
ExportProgress : (900/2662) Exporting 'Infernos Bronze'
ExportProgress : (901/2662) Exporting 'Infernos Copper'
ExportProgress : (902/2662) Exporting 'Infernos Customized Alpha'
ExportProgress : (903/2662) Exporting 'Infernos Customized Beta'
ExportProgress : (904/2662) Exporting 'Infernos Gold'
ExportProgress : (905/2662) Exporting 'Infernos Silver'
ExportProgress : (906/2662) Exporting 'Infernos Steel'
ExportProgress : (907/2662) Exporting 'Lil' Thrusties Bronze'
ExportProgress : (908/2662) Exporting 'Lil' Thrusties Copper'
ExportProgress : (909/2662) Exporting 'Lil' Thrusties Gold'
ExportProgress : (910/2662) Exporting 'Lil' Thrusties Silver'
ExportProgress : (911/2662) Exporting 'Lil' Thrusties Steel'
ExportProgress : (912/2662) Exporting 'No Thruster Paint'
ExportProgress : (913/2662) Exporting 'Scorchin' Thrusters Bronze'
ExportProgress : (914/2662) Exporting 'Scorchin' Thrusters Copper'
ExportProgress : (915/2662) Exporting 'Scorchin' Thrusters Gold'
ExportProgress : (916/2662) Exporting 'Scorchin' Thrusters Silver'
ExportProgress : (917/2662) Exporting 'Scorchin' Thrusters Steel'
ExportProgress : (918/2662) Exporting 'Trak Blasters Bronze'
ExportProgress : (919/2662) Exporting 'Trak Blasters Copper'
ExportProgress : (920/2662) Exporting 'Trak Blasters Gold'
ExportProgress : (921/2662) Exporting 'Trak Blasters Silver'
ExportProgress : (922/2662) Exporting 'Trak Blasters Steel'
ExportProgress : (923/2662) Exporting '1 - Lil Wheelies Custom'
ExportProgress : (924/2662) Exporting '2 - Speeder Wheels Custom'
ExportProgress : (925/2662) Exporting '3 - Traktor Tires Custom'
ExportProgress : (926/2662) Exporting '4 - Dune Jumpers Custom'
ExportProgress : (927/2662) Exporting '5 - Wheel-inators Custom'
ExportProgress : (928/2662) Exporting '6 - Beast Wheelz Custom'
ExportProgress : (929/2662) Exporting '7 - Ultra Tractionizers Custom'
ExportProgress : (930/2662) Exporting '1 - Lil' Scoop'
ExportProgress : (931/2662) Exporting '2 - Speedy Scoop'
ExportProgress : (932/2662) Exporting '3 - Trak Skoop'
ExportProgress : (933/2662) Exporting '4 - Dune Scooper'
ExportProgress : (934/2662) Exporting '5 - Scoop-inator'
ExportProgress : (935/2662) Exporting '6 - Monster Scoop'
ExportProgress : (936/2662) Exporting 'No Scoop'
ExportProgress : (937/2662) Exporting '1 - Lil' Spoiler (Truck)'
ExportProgress : (938/2662) Exporting '1 - Lil' Spoiler'
ExportProgress : (939/2662) Exporting '2 - Speedy Spoiler (Truck)'
ExportProgress : (940/2662) Exporting '2 - Speedy Spoiler'
ExportProgress : (941/2662) Exporting '3 - Traktor Wing (Truck)'
ExportProgress : (942/2662) Exporting '3 - Traktor Wing'
ExportProgress : (943/2662) Exporting '4 - Dune Spoiler (Truck)'
ExportProgress : (944/2662) Exporting '4 - Dune Spoiler'
ExportProgress : (945/2662) Exporting '5 - Hogwing (Truck)'
ExportProgress : (946/2662) Exporting '5 - Hogwing'
ExportProgress : (947/2662) Exporting '6 - Beastly Spoiler (Truck)'
ExportProgress : (948/2662) Exporting '6 - Beastly Spoiler'
ExportProgress : (949/2662) Exporting 'No Spoiler'
ExportProgress : (950/2662) Exporting '1 - Lil' Thrusties (Truck)'
ExportProgress : (951/2662) Exporting '1 - Lil' Thrusties'
ExportProgress : (952/2662) Exporting '2 - Scorchin' Thrusters (Truck)'
ExportProgress : (953/2662) Exporting '2 - Scorchin' Thrusters'
ExportProgress : (954/2662) Exporting '3 - Trak Blasters (Truck)'
ExportProgress : (955/2662) Exporting '3 - Trak Blasters'
ExportProgress : (956/2662) Exporting '4 - Dune Blazers (Truck)'
ExportProgress : (957/2662) Exporting '4 - Dune Blazers'
ExportProgress : (958/2662) Exporting '5 - Hog Burners (Truck)'
ExportProgress : (959/2662) Exporting '5 - Hog Burners'
ExportProgress : (960/2662) Exporting '6 - Infernos (Truck)'
ExportProgress : (961/2662) Exporting '6 - Infernos'
ExportProgress : (962/2662) Exporting 'No Thrusters'
ExportProgress : (963/2662) Exporting '1 - Lil' Wheelies (Bike)'
ExportProgress : (964/2662) Exporting '1 - Lil' Wheelies (Truck)'
ExportProgress : (965/2662) Exporting '1 - Lil' Wheelies'
ExportProgress : (966/2662) Exporting '2 - Speeder Wheels (Bike)'
ExportProgress : (967/2662) Exporting '2 - Speeder Wheels (Truck)'
ExportProgress : (968/2662) Exporting '2 - Speeder Wheels'
ExportProgress : (969/2662) Exporting '3 - Traktor Tires (Bike)'
ExportProgress : (970/2662) Exporting '3 - Traktor Tires (Truck)'
ExportProgress : (971/2662) Exporting '3 - Traktor Tires'
ExportProgress : (972/2662) Exporting '4 - Dune Jumpers (Bike)'
ExportProgress : (973/2662) Exporting '4 - Dune Jumpers (Truck)'
ExportProgress : (974/2662) Exporting '4 - Dune Jumpers'
ExportProgress : (975/2662) Exporting '5 - Wheel-inators (Bike)'
ExportProgress : (976/2662) Exporting '5 - Wheel-inators (Truck)'
ExportProgress : (977/2662) Exporting '5 - Wheel-inators'
ExportProgress : (978/2662) Exporting '6 - Beast Wheelz (Bike)'
ExportProgress : (979/2662) Exporting '6 - Beast Wheelz (Truck)'
ExportProgress : (980/2662) Exporting '6 - Beast Wheelz'
ExportProgress : (981/2662) Exporting '7 - Ultra Tractionizers (Bike)'
ExportProgress : (982/2662) Exporting '7 - Ultra Tractionizers (Truck)'
ExportProgress : (983/2662) Exporting '7 - Ultra Tractionizers'
ExportProgress : (984/2662) Exporting 'Pie Splat'
ExportProgress : (985/2662) Exporting '+DataUtility'
ExportProgress : (986/2662) Exporting '+Localize'
ExportProgress : (987/2662) Exporting '+PlayerInstance'
ExportProgress : (988/2662) Exporting '+Screen Timeout Controller'
ExportProgress : (989/2662) Exporting '+StreamManager'
ExportProgress : (990/2662) Exporting '+TrackUnlockHelper'
ExportProgress : (991/2662) Exporting 'GameCenterManager'
ExportProgress : (992/2662) Exporting 'StoreKitManager'
ExportProgress : (993/2662) Exporting 'Tutorial Collection'
ExportProgress : (994/2662) Exporting 'Buy a Powerup Tutorial'
ExportProgress : (995/2662) Exporting 'Collect a Powerup Tutorial'
ExportProgress : (996/2662) Exporting 'Combine a Powerup Tutorial'
ExportProgress : (997/2662) Exporting 'Drift Boost Tutorial'
ExportProgress : (998/2662) Exporting 'Drift Tutorial'
ExportProgress : (999/2662) Exporting 'Finish The Lap Tutorial'
ExportProgress : (1000/2662) Exporting 'Turn Tutorial'
ExportProgress : (1001/2662) Exporting 'Use a Powerup Tutorial'
ExportProgress : (1002/2662) Exporting 'SoundLibrary'
ExportProgress : (1003/2662) Exporting 'Bus Jumper'
ExportProgress : (1004/2662) Exporting 'Danville Arena'
ExportProgress : (1005/2662) Exporting 'Danville River'
ExportProgress : (1006/2662) Exporting 'Dirt Devils'
ExportProgress : (1007/2662) Exporting 'Doof's Tower'
ExportProgress : (1008/2662) Exporting 'Fishtankia'
ExportProgress : (1009/2662) Exporting 'Freshwater High'
ExportProgress : (1010/2662) Exporting 'Hokey Poke'
ExportProgress : (1011/2662) Exporting 'Kick Butt!'
ExportProgress : (1012/2662) Exporting 'Pranksgiving'
ExportProgress : (1013/2662) Exporting 'Tutorial'
ExportProgress : (1014/2662) Exporting 'Credits Screen'
ExportProgress : (1015/2662) Exporting 'FadeHelper'
ExportProgress : (1016/2662) Exporting '+AchievementManager'
ExportProgress : (1017/2662) Exporting 'Achievement Category UI'
ExportProgress : (1018/2662) Exporting 'AchievementUI'
ExportProgress : (1019/2662) Exporting 'AchievementWindow'
ExportProgress : (1020/2662) Exporting 'Age Gate Popup'
ExportProgress : (1021/2662) Exporting 'BuyCoinsPrefab'
ExportProgress : (1022/2662) Exporting 'CartCustomizerMenu'
ExportProgress : (1023/2662) Exporting 'LoadingWheel'
ExportProgress : (1024/2662) Exporting 'Nav Blip - Locked'
ExportProgress : (1025/2662) Exporting 'Nav Blip - Owned'
ExportProgress : (1026/2662) Exporting 'Paint Slot'
ExportProgress : (1027/2662) Exporting 'CharacterSelectMenu'
ExportProgress : (1028/2662) Exporting 'Confirmation Popup'
ExportProgress : (1029/2662) Exporting 'Daily Bonus'
ExportProgress : (1030/2662) Exporting 'Front End Tutorial Popup'
ExportProgress : (1031/2662) Exporting 'Game Center Note'
ExportProgress : (1032/2662) Exporting 'PlayMenu'
ExportProgress : (1033/2662) Exporting 'PlaySummaryMenu'
ExportProgress : (1034/2662) Exporting 'Purchase Notification Popup'
ExportProgress : (1035/2662) Exporting 'Select Circuit Menu'
ExportProgress : (1036/2662) Exporting 'Select Track Menu'
ExportProgress : (1037/2662) Exporting 'SettingsMenu'
ExportProgress : (1038/2662) Exporting 'TutorialLauncher'
ExportProgress : (1039/2662) Exporting 'UnlockCircuitDialog'
ExportProgress : (1040/2662) Exporting 'Input Blocker Invisible'
ExportProgress : (1041/2662) Exporting 'Popover Dialog'
ExportProgress : (1042/2662) Exporting 'Popover'
ExportProgress : (1043/2662) Exporting 'Purchase Indicator'
ExportProgress : (1044/2662) Exporting 'BubbleJetUP'
ExportProgress : (1045/2662) Exporting 'Pick Up Powerup'
ExportProgress : (1046/2662) Exporting 'Blocker Invisible'
ExportProgress : (1047/2662) Exporting 'Blocker'
ExportProgress : (1048/2662) Exporting 'lock'
ExportProgress : (1049/2662) Exporting 'Disney-XD-logo'
ExportProgress : (1050/2662) Exporting 'music icon'
ExportProgress : (1051/2662) Exporting 'sound icon'
ExportProgress : (1052/2662) Exporting 'PieSplat'
ExportProgress : (1053/2662) Exporting 'full screen booster'
ExportProgress : (1054/2662) Exporting 'Category Rounded - Normal'
ExportProgress : (1055/2662) Exporting 'Category Rounded On - Active'
ExportProgress : (1056/2662) Exporting 'Category Rounded On - Normal'
ExportProgress : (1057/2662) Exporting 'Category Square - Active'
ExportProgress : (1058/2662) Exporting 'Category Square - Normal'
ExportProgress : (1059/2662) Exporting 'Category Square On - Active'
ExportProgress : (1060/2662) Exporting 'Category Square On - Normal'
ExportProgress : (1061/2662) Exporting 'Icon - Body'
ExportProgress : (1062/2662) Exporting 'Icon - Scoop'
ExportProgress : (1063/2662) Exporting 'Icon - Spoiler'
ExportProgress : (1064/2662) Exporting 'Icon - Thruster'
ExportProgress : (1065/2662) Exporting 'Icon - Wheels'
ExportProgress : (1066/2662) Exporting 'Stat Bar Back'
ExportProgress : (1067/2662) Exporting 'Stat Bar Negative'
ExportProgress : (1068/2662) Exporting 'Stat Bar Positive'
ExportProgress : (1069/2662) Exporting 'Stat Bar Stat'
ExportProgress : (1070/2662) Exporting 'icon-Bike'
ExportProgress : (1071/2662) Exporting 'icon-Trike'
ExportProgress : (1072/2662) Exporting 'icon-Truck'
ExportProgress : (1073/2662) Exporting 'Arrow MouseOver'
ExportProgress : (1074/2662) Exporting 'Arrow Over DOWN'
ExportProgress : (1075/2662) Exporting 'Arrow Over'
ExportProgress : (1076/2662) Exporting 'Car Customizer Button'
ExportProgress : (1077/2662) Exporting 'Flag Button'
ExportProgress : (1078/2662) Exporting 'Full Brackets - Active'
ExportProgress : (1079/2662) Exporting 'Full Brackets MouseOver'
ExportProgress : (1080/2662) Exporting 'Full Brackets'
ExportProgress : (1081/2662) Exporting 'Options Button'
ExportProgress : (1082/2662) Exporting 'Red Button - Active'
ExportProgress : (1083/2662) Exporting 'Red Button - MouseOver'
ExportProgress : (1084/2662) Exporting 'Red Button'
ExportProgress : (1085/2662) Exporting 'Shifter Stick'
ExportProgress : (1086/2662) Exporting 'Trophy Button'
ExportProgress : (1087/2662) Exporting 'Dialog Inner Dialog'
ExportProgress : (1088/2662) Exporting 'Tutorial Arrow'
ExportProgress : (1089/2662) Exporting 'Finish Line'
ExportProgress : (1090/2662) Exporting 'Fish Hooks 1'
ExportProgress : (1091/2662) Exporting 'Fish Hooks 2'
ExportProgress : (1092/2662) Exporting 'Fish Hooks 3'
ExportProgress : (1093/2662) Exporting 'Kick 1'
ExportProgress : (1094/2662) Exporting 'Kick 2'
ExportProgress : (1095/2662) Exporting 'Kick 3'
ExportProgress : (1096/2662) Exporting 'Phineas 1'
ExportProgress : (1097/2662) Exporting 'Phineas 2'
ExportProgress : (1098/2662) Exporting 'Phineas 3'
ExportProgress : (1099/2662) Exporting 'Burst'
ExportProgress : (1100/2662) Exporting 'Coin DOWN'
ExportProgress : (1101/2662) Exporting 'Coin MouseOver'
ExportProgress : (1102/2662) Exporting 'Coin'
ExportProgress : (1103/2662) Exporting 'Custom Blip Locked'
ExportProgress : (1104/2662) Exporting 'Custom Blip Selected'
ExportProgress : (1105/2662) Exporting 'Custom Blip Unlocked'
ExportProgress : (1106/2662) Exporting 'IconCheckmark'
ExportProgress : (1107/2662) Exporting 'IconCoins'
ExportProgress : (1108/2662) Exporting 'IconMisc'
ExportProgress : (1109/2662) Exporting 'IconRetryArrow'
ExportProgress : (1110/2662) Exporting 'IconStunts'
ExportProgress : (1111/2662) Exporting 'IconTracks'
ExportProgress : (1112/2662) Exporting 'TrophyBRONZE'
ExportProgress : (1113/2662) Exporting 'TrophyGOLD'
ExportProgress : (1114/2662) Exporting 'TrophySILVER'
ExportProgress : (1115/2662) Exporting 'TrophySilhouette'
ExportProgress : (1116/2662) Exporting 'coins mega'
ExportProgress : (1117/2662) Exporting 'coins super'
ExportProgress : (1118/2662) Exporting 'coins ultra'
ExportProgress : (1119/2662) Exporting 'copyright'
ExportProgress : (1120/2662) Exporting 'Bolt'
ExportProgress : (1121/2662) Exporting 'CategoryFrame'
ExportProgress : (1122/2662) Exporting 'Dialog Inner Dialog LightGreen'
ExportProgress : (1123/2662) Exporting 'Dialog Inner Dialog lighter 1'
ExportProgress : (1124/2662) Exporting 'Dialog Inner Dialog lighter'
ExportProgress : (1125/2662) Exporting 'Dialog Inner Dialog'
ExportProgress : (1126/2662) Exporting 'Dialog'
ExportProgress : (1127/2662) Exporting 'Mirror'
ExportProgress : (1128/2662) Exporting 'Square Button - Down'
ExportProgress : (1129/2662) Exporting 'Square Button - MouseOver'
ExportProgress : (1130/2662) Exporting 'Square Button'
ExportProgress : (1131/2662) Exporting 'Turkey - Smile'
ExportProgress : (1132/2662) Exporting 'Turkey - Startled'
ExportProgress : (1133/2662) Exporting 'AgentP'
ExportProgress : (1134/2662) Exporting 'Bea'
ExportProgress : (1135/2662) Exporting 'Brad'
ExportProgress : (1136/2662) Exporting 'Coin'
ExportProgress : (1137/2662) Exporting 'Crash'
ExportProgress : (1138/2662) Exporting 'Dipper'
ExportProgress : (1139/2662) Exporting 'Ferb'
ExportProgress : (1140/2662) Exporting 'Gunther'
ExportProgress : (1141/2662) Exporting 'Kick'
ExportProgress : (1142/2662) Exporting 'Mabel'
ExportProgress : (1143/2662) Exporting 'Mike'
ExportProgress : (1144/2662) Exporting 'Milo'
ExportProgress : (1145/2662) Exporting 'Oscar'
ExportProgress : (1146/2662) Exporting 'Phineas'
ExportProgress : (1147/2662) Exporting 'Randy'
ExportProgress : (1148/2662) Exporting 'Soos'
ExportProgress : (1149/2662) Exporting 'DATG logo'
ExportProgress : (1150/2662) Exporting 'DisneyMobile'
ExportProgress : (1151/2662) Exporting 'Graveck'
ExportProgress : (1152/2662) Exporting 'Disney button DOWN'
ExportProgress : (1153/2662) Exporting 'Disney button MouseOver'
ExportProgress : (1154/2662) Exporting 'Disney button'
ExportProgress : (1155/2662) Exporting 'GamecenterLogo'
ExportProgress : (1156/2662) Exporting 'DialogTrim'
ExportProgress : (1157/2662) Exporting 'House 1 Color 1'
ExportProgress : (1158/2662) Exporting 'House 1 Color 2'
ExportProgress : (1159/2662) Exporting 'House 2 Color 1'
ExportProgress : (1160/2662) Exporting 'House 2 Color 2'
ExportProgress : (1161/2662) Exporting 'House 3 Color 1'
ExportProgress : (1162/2662) Exporting 'House 3 Color 2'
ExportProgress : (1163/2662) Exporting 'House 4 Color 1'
ExportProgress : (1164/2662) Exporting 'House 4 Color 2'
ExportProgress : (1165/2662) Exporting 'House 5 Color 1'
ExportProgress : (1166/2662) Exporting 'House 5 Color 2'
ExportProgress : (1167/2662) Exporting 'Bridge Street'
ExportProgress : (1168/2662) Exporting 'Fence 1'
ExportProgress : (1169/2662) Exporting 'Fence 2'
ExportProgress : (1170/2662) Exporting 'Fence 3'
ExportProgress : (1171/2662) Exporting 'Green Grass'
ExportProgress : (1172/2662) Exporting 'Pie'
ExportProgress : (1173/2662) Exporting 'PieShooter'
ExportProgress : (1174/2662) Exporting 'PieSplat'
ExportProgress : (1175/2662) Exporting 'Retaining Wall Brick'
ExportProgress : (1176/2662) Exporting 'Rock'
ExportProgress : (1177/2662) Exporting 'Street 1'
ExportProgress : (1178/2662) Exporting 'Street to Dirt Transition'
ExportProgress : (1179/2662) Exporting 'TurkeyGooShooter'
ExportProgress : (1180/2662) Exporting 'WhoopieCushion'
ExportProgress : (1181/2662) Exporting 'WhoopieSmoke'
ExportProgress : (1182/2662) Exporting 'bridge'
ExportProgress : (1183/2662) Exporting 'dirt track green'
ExportProgress : (1184/2662) Exporting 'pieSlick'
ExportProgress : (1185/2662) Exporting 'unnamed'
ExportProgress : (1186/2662) Exporting 'Sidewalk 3-Tile'
ExportProgress : (1187/2662) Exporting 'Sidwalk 2-Tile'
ExportProgress : (1188/2662) Exporting 'House 4 Color 2'
ExportProgress : (1189/2662) Exporting 'House 1 Color 2'
ExportProgress : (1190/2662) Exporting 'Street 1'
ExportProgress : (1191/2662) Exporting 'House 5 Color 1'
ExportProgress : (1192/2662) Exporting 'House 3 Color 1'
ExportProgress : (1193/2662) Exporting 'House 4 Color 1'
ExportProgress : (1194/2662) Exporting 'LightmapFar-0'
ExportProgress : (1195/2662) Exporting 'LightmapFar-4'
ExportProgress : (1196/2662) Exporting 'LightmapFar-6'
ExportProgress : (1197/2662) Exporting 'Fence 1'
ExportProgress : (1198/2662) Exporting 'Dirt Road'
ExportProgress : (1199/2662) Exporting 'LightmapFar-2'
ExportProgress : (1200/2662) Exporting 'PieShooter'
ExportProgress : (1201/2662) Exporting 'House 5 Color 2'
ExportProgress : (1202/2662) Exporting 'Green Grass'
ExportProgress : (1203/2662) Exporting 'LightmapFar-1'
ExportProgress : (1204/2662) Exporting 'House 2 Color 2'
ExportProgress : (1205/2662) Exporting 'Retaining Wall Brick'
ExportProgress : (1206/2662) Exporting 'Pine Tree Texture'
ExportProgress : (1207/2662) Exporting 'House 1 Color 1'
ExportProgress : (1208/2662) Exporting 'Pie'
ExportProgress : (1209/2662) Exporting 'TurkeyGooShooter'
ExportProgress : (1210/2662) Exporting 'LightmapFar-3'
ExportProgress : (1211/2662) Exporting 'House 3 Color 2'
ExportProgress : (1212/2662) Exporting 'bridge'
ExportProgress : (1213/2662) Exporting 'PieSlick'
ExportProgress : (1214/2662) Exporting 'Fence 2'
ExportProgress : (1215/2662) Exporting 'Street to Dirt Transition'
ExportProgress : (1216/2662) Exporting 'House 2 Color 1'
ExportProgress : (1217/2662) Exporting 'WhoopieCushion'
ExportProgress : (1218/2662) Exporting 'Rock'
ExportProgress : (1219/2662) Exporting 'Sidewalk Tile'
ExportProgress : (1220/2662) Exporting 'LightmapFar-5'
ExportProgress : (1221/2662) Exporting 'PieSplat'
ExportProgress : (1222/2662) Exporting 'LightmapFar-7'
ExportProgress : (1223/2662) Exporting 'Bridge Street'
ExportProgress : (1224/2662) Exporting 'WhoopieCushion'
ExportProgress : (1225/2662) Exporting 'Pie'
ExportProgress : (1226/2662) Exporting 'Street_Collider'
ExportProgress : (1227/2662) Exporting 'Rock_2'
ExportProgress : (1228/2662) Exporting 'Bridge'
ExportProgress : (1229/2662) Exporting 'Plane_001'
ExportProgress : (1230/2662) Exporting 'Unlit-Normal'
ExportProgress : (1231/2662) Exporting 'WhoopieHit'
ExportProgress : (1232/2662) Exporting 'LightProbes'
ExportProgress : (1233/2662) Exporting 'Pie'
ExportProgress : (1234/2662) Exporting 'DEBUG'
ExportProgress : (1235/2662) Exporting 'None__kick_stadium_piece_psd'
ExportProgress : (1236/2662) Exporting 'phineas skybox'
ExportProgress : (1237/2662) Exporting 'danville arena ground'
ExportProgress : (1238/2662) Exporting 'danville arena texture uvs'
ExportProgress : (1239/2662) Exporting 'highway sign uvs'
ExportProgress : (1240/2662) Exporting 'phineas underpass exit tunnel'
ExportProgress : (1241/2662) Exporting 'AlphaText'
ExportProgress : (1242/2662) Exporting 'DanvilleArena uvs'
ExportProgress : (1243/2662) Exporting 'LightmapFar-0'
ExportProgress : (1244/2662) Exporting 'LightmapFar-2'
ExportProgress : (1245/2662) Exporting 'danville arena ground'
ExportProgress : (1246/2662) Exporting 'LightmapFar-8'
ExportProgress : (1247/2662) Exporting 'AlphaText'
ExportProgress : (1248/2662) Exporting 'LightmapFar-9'
ExportProgress : (1249/2662) Exporting 'LightmapFar-6'
ExportProgress : (1250/2662) Exporting 'phineas and ferb skybox'
ExportProgress : (1251/2662) Exporting 'highway sign uvs'
ExportProgress : (1252/2662) Exporting 'phineas underpass exit tunnel'
ExportProgress : (1253/2662) Exporting 'danville arena texture uvs'
ExportProgress : (1254/2662) Exporting 'LightmapFar-1'
ExportProgress : (1255/2662) Exporting 'DanvilleArena uvs'
ExportProgress : (1256/2662) Exporting 'LightmapFar-3'
ExportProgress : (1257/2662) Exporting 'LightmapFar-7'
ExportProgress : (1258/2662) Exporting 'LightmapFar-5'
ExportProgress : (1259/2662) Exporting 'LightmapFar-4'
ExportProgress : (1260/2662) Exporting 'highway_sign'
ExportProgress : (1261/2662) Exporting 'Down_Ramp'
ExportProgress : (1262/2662) Exporting 'Hiway_Curve'
ExportProgress : (1263/2662) Exporting '4-Lane_Street_007'
ExportProgress : (1264/2662) Exporting '4-Lane_Corner_001'
ExportProgress : (1265/2662) Exporting '4_Lane_End_Cap_005'
ExportProgress : (1266/2662) Exporting '4_Lane_End_Cap_a_007'
ExportProgress : (1267/2662) Exporting '4_Lane_End_Cap_a_006'
ExportProgress : (1268/2662) Exporting '4-Lane_Street_005'
ExportProgress : (1269/2662) Exporting '4_Lane_End_Cap_a_004'
ExportProgress : (1270/2662) Exporting 'Half_Circle'
ExportProgress : (1271/2662) Exporting '2-4_Lane_Corner_a_000'
ExportProgress : (1272/2662) Exporting '4-Lane_Street_001'
ExportProgress : (1273/2662) Exporting '2-Lane_Street_001'
ExportProgress : (1274/2662) Exporting '2-4_Lane_Corner_a_005'
ExportProgress : (1275/2662) Exporting '2-4_Lane_Corner_a_004'
ExportProgress : (1276/2662) Exporting '2-4_Lane_Corner_a_003'
ExportProgress : (1277/2662) Exporting '2-4_Lane_Corner_a_002'
ExportProgress : (1278/2662) Exporting '2-4_Lane_Corner_a_001'
ExportProgress : (1279/2662) Exporting '4-Lane_Tunnel_001'
ExportProgress : (1280/2662) Exporting '2-4_Lane_Corner_a_007'
ExportProgress : (1281/2662) Exporting '4-Lane_Tunnel_002'
ExportProgress : (1282/2662) Exporting '2-4_Lane_Corner_a_009'
ExportProgress : (1283/2662) Exporting '4-Lane_Tunnel_003'
ExportProgress : (1284/2662) Exporting 'Plane'
ExportProgress : (1285/2662) Exporting '4-Lane_Street_004_collision'
ExportProgress : (1286/2662) Exporting 'ramp_down_collsion'
ExportProgress : (1287/2662) Exporting 'Default Take'
ExportProgress : (1288/2662) Exporting 'LightProbes'
ExportProgress : (1289/2662) Exporting 'Bridge'
ExportProgress : (1290/2662) Exporting 'fancy building A uvs 1'
ExportProgress : (1291/2662) Exporting 'fancy building C uvs 1'
ExportProgress : (1292/2662) Exporting 'fancy building E uvs 1'
ExportProgress : (1293/2662) Exporting 'texture water'
ExportProgress : (1294/2662) Exporting 'texture water2'
ExportProgress : (1295/2662) Exporting 'track01 hills'
ExportProgress : (1296/2662) Exporting 'unnamed'
ExportProgress : (1297/2662) Exporting 'LightmapFar-3'
ExportProgress : (1298/2662) Exporting 'LightmapFar-4'
ExportProgress : (1299/2662) Exporting 'fancy building A uvs'
ExportProgress : (1300/2662) Exporting 'texture water2'
ExportProgress : (1301/2662) Exporting 'LightmapFar-1'
ExportProgress : (1302/2662) Exporting 'LightmapFar-2'
ExportProgress : (1303/2662) Exporting 'fancy building E uvs'
ExportProgress : (1304/2662) Exporting 'LightmapFar-0'
ExportProgress : (1305/2662) Exporting 'texture water'
ExportProgress : (1306/2662) Exporting 'track01 hills'
ExportProgress : (1307/2662) Exporting 'fancy building C uvs'
ExportProgress : (1308/2662) Exporting 'Bridge'
ExportProgress : (1309/2662) Exporting 'fancy_building_B'
ExportProgress : (1310/2662) Exporting 'fancy_building_A'
ExportProgress : (1311/2662) Exporting 'fancy_building_C'
ExportProgress : (1312/2662) Exporting 'fancy_buiilding_E'
ExportProgress : (1313/2662) Exporting '4-Lane_Street_012'
ExportProgress : (1314/2662) Exporting 'houses3'
ExportProgress : (1315/2662) Exporting '4_Lane_End_Cap_003'
ExportProgress : (1316/2662) Exporting '4_Lane_End_Cap_a_022'
ExportProgress : (1317/2662) Exporting 'Cube_004'
ExportProgress : (1318/2662) Exporting '4-Lane_Corner_004'
ExportProgress : (1319/2662) Exporting 'Arrow_Sign'
ExportProgress : (1320/2662) Exporting 'Drawbridge_001'
ExportProgress : (1321/2662) Exporting 'Drawbridge_003'
ExportProgress : (1322/2662) Exporting '2-Lane_Street_012'
ExportProgress : (1323/2662) Exporting 'Drawbridge_005'
ExportProgress : (1324/2662) Exporting '2-Lane_Street_013'
ExportProgress : (1325/2662) Exporting 'Lane_Street_highway_000'
ExportProgress : (1326/2662) Exporting 'Lane_Street_highway_001'
ExportProgress : (1327/2662) Exporting '4-Lane_Street_020'
ExportProgress : (1328/2662) Exporting 'Drawbridge_000'
ExportProgress : (1329/2662) Exporting 'Plane_003'
ExportProgress : (1330/2662) Exporting 'tunnel_walls'
ExportProgress : (1331/2662) Exporting 'tunnel_street_seperate'
ExportProgress : (1332/2662) Exporting 'tunnel_hall_seperate'
ExportProgress : (1333/2662) Exporting 'tunnel_entrance_thing'
ExportProgress : (1334/2662) Exporting 'Mobile-VertexLit'
ExportProgress : (1335/2662) Exporting 'Mobile-Diffuse'
ExportProgress : (1336/2662) Exporting 'LightProbes'
ExportProgress : (1337/2662) Exporting 'LaserWall'
ExportProgress : (1338/2662) Exporting 'laserRobotShadow'
ExportProgress : (1339/2662) Exporting 'phineas2 skybox'
ExportProgress : (1340/2662) Exporting 'PhineasBillboardAd'
ExportProgress : (1341/2662) Exporting 'DoofenschmirtzEvil'
ExportProgress : (1342/2662) Exporting 'Street 1 finish line'
ExportProgress : (1343/2662) Exporting 'bridge column uvs 1'
ExportProgress : (1344/2662) Exporting 'fancy building B uvs 1'
ExportProgress : (1345/2662) Exporting 'fancy building F uvs 1'
ExportProgress : (1346/2662) Exporting 'phineas and ferb fancy highway'
ExportProgress : (1347/2662) Exporting 'phineas and ferb purple wall'
ExportProgress : (1348/2662) Exporting 'phineas ferb tunnel exterior texture 1'
ExportProgress : (1349/2662) Exporting 'phineas ferb tunnel exterior texture'
ExportProgress : (1350/2662) Exporting 'phineas ferb tunnel texture'
ExportProgress : (1351/2662) Exporting 'track kb terrain'
ExportProgress : (1352/2662) Exporting 'white wall 2'
ExportProgress : (1353/2662) Exporting 'white wall'
ExportProgress : (1354/2662) Exporting 'CharitableCharities'
ExportProgress : (1355/2662) Exporting 'ChefGuilbauds'
ExportProgress : (1356/2662) Exporting 'Fence'
ExportProgress : (1357/2662) Exporting 'HugeRecords'
ExportProgress : (1358/2662) Exporting 'Barber'
ExportProgress : (1359/2662) Exporting 'InventorsEmporium'
ExportProgress : (1360/2662) Exporting 'PowerPlant'
ExportProgress : (1361/2662) Exporting 'Soda'
ExportProgress : (1362/2662) Exporting 'box'
ExportProgress : (1363/2662) Exporting 'houses 2'
ExportProgress : (1364/2662) Exporting 'houses'
ExportProgress : (1365/2662) Exporting 'phineas tree'
ExportProgress : (1366/2662) Exporting 'robot phineas'
ExportProgress : (1367/2662) Exporting 'building1_14-01 - default'
ExportProgress : (1368/2662) Exporting 'LightmapFar-0'
ExportProgress : (1369/2662) Exporting 'LightmapFar-2'
ExportProgress : (1370/2662) Exporting 'laserRobotShadow'
ExportProgress : (1371/2662) Exporting 'phineas and ferb grass'
ExportProgress : (1372/2662) Exporting 'bridge column uvs'
ExportProgress : (1373/2662) Exporting 'houses'
ExportProgress : (1374/2662) Exporting 'ChefGuilbauds'
ExportProgress : (1375/2662) Exporting 'phineas tree'
ExportProgress : (1376/2662) Exporting 'tile_02'
ExportProgress : (1377/2662) Exporting 'InventorsEmporium'
ExportProgress : (1378/2662) Exporting 'box'
ExportProgress : (1379/2662) Exporting 'Soda'
ExportProgress : (1380/2662) Exporting 'white wall 2'
ExportProgress : (1381/2662) Exporting 'CharitableCharities'
ExportProgress : (1382/2662) Exporting 'Street 1 finish line'
ExportProgress : (1383/2662) Exporting 'phineas and ferb skybox 2'
ExportProgress : (1384/2662) Exporting 'white wall'
ExportProgress : (1385/2662) Exporting 'DoofenschmirtzEvil'
ExportProgress : (1386/2662) Exporting 'fancy building B uvs'
ExportProgress : (1387/2662) Exporting 'Barber'
ExportProgress : (1388/2662) Exporting 'phineas ferb tunnel exterior texture'
ExportProgress : (1389/2662) Exporting 'fancy building F uvs'
ExportProgress : (1390/2662) Exporting 'LightmapFar-1'
ExportProgress : (1391/2662) Exporting 'LightmapFar-3'
ExportProgress : (1392/2662) Exporting 'houses2'
ExportProgress : (1393/2662) Exporting 'phineas and ferb skybox top'
ExportProgress : (1394/2662) Exporting 'Fence'
ExportProgress : (1395/2662) Exporting 'PowerPlant'
ExportProgress : (1396/2662) Exporting 'HugeRecords'
ExportProgress : (1397/2662) Exporting 'laser sphere'
ExportProgress : (1398/2662) Exporting 'LaserWall'
ExportProgress : (1399/2662) Exporting 'phineas and ferb fancy highway'
ExportProgress : (1400/2662) Exporting 'PhineasBillboardAd'
ExportProgress : (1401/2662) Exporting 'Cube'
ExportProgress : (1402/2662) Exporting 'Sphere'
ExportProgress : (1403/2662) Exporting 'bridge_column'
ExportProgress : (1404/2662) Exporting 'Fence'
ExportProgress : (1405/2662) Exporting 'Fishtankia_Tree_01'
ExportProgress : (1406/2662) Exporting 'house2'
ExportProgress : (1407/2662) Exporting 'laser'
ExportProgress : (1408/2662) Exporting '4-Lane_Street_014'
ExportProgress : (1409/2662) Exporting '4-Lane_Street_012'
ExportProgress : (1410/2662) Exporting 'houses4'
ExportProgress : (1411/2662) Exporting '4_Lane_End_Cap_003'
ExportProgress : (1412/2662) Exporting 'house1'
ExportProgress : (1413/2662) Exporting '4_Lane_End_Cap_a_022'
ExportProgress : (1414/2662) Exporting '4-Lane_Corner_005'
ExportProgress : (1415/2662) Exporting '4-Lane_Corner_004'
ExportProgress : (1416/2662) Exporting '4_Lane_End_Cap_a_017'
ExportProgress : (1417/2662) Exporting '4_Lane_End_Cap_a_016'
ExportProgress : (1418/2662) Exporting '4-Lane_Street_011'
ExportProgress : (1419/2662) Exporting '4_Lane_End_Cap_002'
ExportProgress : (1420/2662) Exporting '4-Lane_Corner_003'
ExportProgress : (1421/2662) Exporting '4_Lane_End_Cap_a_015'
ExportProgress : (1422/2662) Exporting '4_Lane_End_Cap_a_014'
ExportProgress : (1423/2662) Exporting '4_Lane_End_Cap_a_013'
ExportProgress : (1424/2662) Exporting '4_Lane_End_Cap_a_012'
ExportProgress : (1425/2662) Exporting '4_Lane_End_Cap_a_011'
ExportProgress : (1426/2662) Exporting '2_Lane_Corner_a_003'
ExportProgress : (1427/2662) Exporting '2-Lane_Street_000'
ExportProgress : (1428/2662) Exporting '2_Lane_Corner_a_002'
ExportProgress : (1429/2662) Exporting '4_Lane_End_Cap_a_010'
ExportProgress : (1430/2662) Exporting '4_Lane_End_Cap_a_009'
ExportProgress : (1431/2662) Exporting '4_Lane_End_Cap_a_008'
ExportProgress : (1432/2662) Exporting '4_Lane_End_Cap_a_007'
ExportProgress : (1433/2662) Exporting '4_Lane_End_Cap_a_006'
ExportProgress : (1434/2662) Exporting '4_Lane_End_Cap_a_005'
ExportProgress : (1435/2662) Exporting '2_Lane_Corner_a_001'
ExportProgress : (1436/2662) Exporting '2-Lane_Street_002'
ExportProgress : (1437/2662) Exporting '2-4_Lane_Corner_a_001'
ExportProgress : (1438/2662) Exporting '2_Lane_End_Cap_001'
ExportProgress : (1439/2662) Exporting '2-Lane_Street_001'
ExportProgress : (1440/2662) Exporting '4-Lane_Street_004'
ExportProgress : (1441/2662) Exporting '4-Lane_Corner_002'
ExportProgress : (1442/2662) Exporting '4-Lane_Corner_001'
ExportProgress : (1443/2662) Exporting '4-Lane_Street_003'
ExportProgress : (1444/2662) Exporting '4_Lane_End_Cap_a_002'
ExportProgress : (1445/2662) Exporting '4_Lane_End_Cap_001'
ExportProgress : (1446/2662) Exporting '4-Lane_Street_002'
ExportProgress : (1447/2662) Exporting '4-Lane_Street_001'
ExportProgress : (1448/2662) Exporting 'Doofenshmirtz'
ExportProgress : (1449/2662) Exporting '4-Lane_Street_015'
ExportProgress : (1450/2662) Exporting 'winding_road_001'
ExportProgress : (1451/2662) Exporting 'walls_exit'
ExportProgress : (1452/2662) Exporting 'wall1'
ExportProgress : (1453/2662) Exporting 'punnel4'
ExportProgress : (1454/2662) Exporting 'punnel3'
ExportProgress : (1455/2662) Exporting 'punnel2'
ExportProgress : (1456/2662) Exporting 'punnel1'
ExportProgress : (1457/2662) Exporting 'p_tunnel_3'
ExportProgress : (1458/2662) Exporting 'p_tunnel_2'
ExportProgress : (1459/2662) Exporting 'p_tunnel_1'
ExportProgress : (1460/2662) Exporting 'top_bridge1'
ExportProgress : (1461/2662) Exporting 'cyber_tunnel2'
ExportProgress : (1462/2662) Exporting 'cybertunnel_1'
ExportProgress : (1463/2662) Exporting 'top_bridge_2'
ExportProgress : (1464/2662) Exporting 'p_tunnel_4'
ExportProgress : (1465/2662) Exporting 'cyber_tunnel_3'
ExportProgress : (1466/2662) Exporting 'gsfgrg'
ExportProgress : (1467/2662) Exporting 'gsfgrg_003'
ExportProgress : (1468/2662) Exporting 'gsfgrg_002'
ExportProgress : (1469/2662) Exporting 'gsfgrg_001'
ExportProgress : (1470/2662) Exporting 'LaserFence2'
ExportProgress : (1471/2662) Exporting 'PF Main Title TRK - loop'
ExportProgress : (1472/2662) Exporting 'amb_city_lp'
ExportProgress : (1473/2662) Exporting 'LightProbes'
ExportProgress : (1474/2662) Exporting 'LightmapFar-1'
ExportProgress : (1475/2662) Exporting 'LightmapFar-2'
ExportProgress : (1476/2662) Exporting 'LightmapFar-0'
ExportProgress : (1477/2662) Exporting 'dirt_road'
ExportProgress : (1478/2662) Exporting 'Red_Crate'
ExportProgress : (1479/2662) Exporting 'schoolbus'
ExportProgress : (1480/2662) Exporting 'connect_road_collision'
ExportProgress : (1481/2662) Exporting 'main_road_collsion'
ExportProgress : (1482/2662) Exporting 'split_road'
ExportProgress : (1483/2662) Exporting 'Plane'
ExportProgress : (1484/2662) Exporting 'bridge'
ExportProgress : (1485/2662) Exporting 'LightProbes'
ExportProgress : (1486/2662) Exporting 'barrier uvs'
ExportProgress : (1487/2662) Exporting 'inline ramp uvs'
ExportProgress : (1488/2662) Exporting 'kick big screen'
ExportProgress : (1489/2662) Exporting 'kick ceiling'
ExportProgress : (1490/2662) Exporting 'BlastRadius'
ExportProgress : (1491/2662) Exporting 'LightmapFar-2'
ExportProgress : (1492/2662) Exporting 'barrier uvs'
ExportProgress : (1493/2662) Exporting 'kick ceiling'
ExportProgress : (1494/2662) Exporting 'BlastRadius'
ExportProgress : (1495/2662) Exporting 'inline ramp uvs'
ExportProgress : (1496/2662) Exporting 'LightmapFar-1'
ExportProgress : (1497/2662) Exporting 'LightmapFar-0'
ExportProgress : (1498/2662) Exporting 'kick big screen'
ExportProgress : (1499/2662) Exporting 'inline_ramp'
ExportProgress : (1500/2662) Exporting 'roof'
ExportProgress : (1501/2662) Exporting 'Red_Crate_open'
ExportProgress : (1502/2662) Exporting 'dirt_road2'
ExportProgress : (1503/2662) Exporting 'dirt_road_main_collsision'
ExportProgress : (1504/2662) Exporting 'hill_mesh_complete'
ExportProgress : (1505/2662) Exporting 'hill_face'
ExportProgress : (1506/2662) Exporting 'LightProbes'
ExportProgress : (1507/2662) Exporting 'Barrel'
ExportProgress : (1508/2662) Exporting 'Fader SpriteAtlas'
ExportProgress : (1509/2662) Exporting 'Fader SpriteAtlas'
ExportProgress : (1510/2662) Exporting 'ScreenFade'
ExportProgress : (1511/2662) Exporting 'texture additional parts'
ExportProgress : (1512/2662) Exporting 'icloud'
ExportProgress : (1513/2662) Exporting 'spinning tire'
ExportProgress : (1514/2662) Exporting 'CloudStrap SpriteAtlas'
ExportProgress : (1515/2662) Exporting 'GenericSpin'
ExportProgress : (1516/2662) Exporting 'iCloud'
ExportProgress : (1517/2662) Exporting 'SpinnerGeneric'
ExportProgress : (1518/2662) Exporting 'texture additional parts'
ExportProgress : (1519/2662) Exporting 'CloudStrap SpriteAtlas'
ExportProgress : (1520/2662) Exporting 'Spinning Tire'
ExportProgress : (1521/2662) Exporting 'Quad'
ExportProgress : (1522/2662) Exporting 'Plane'
ExportProgress : (1523/2662) Exporting 'front_wheel'
ExportProgress : (1524/2662) Exporting 'Mobile-Particle-Alpha'
ExportProgress : (1525/2662) Exporting 'Unlit-Alpha'
ExportProgress : (1526/2662) Exporting 'Transparent And Color Unlit'
ExportProgress : (1527/2662) Exporting 'ScriptExportCollection'
Export : Exporting scripts...
Export : Decompiling Assembly-CSharp-firstpass
Export : Decompiling Assembly-CSharp
Export : Decompiling Assembly-UnityScript
Export : Saving System.Runtime.CompilerServices.Unsafe
Export : Saving System.Runtime.InteropServices
ExportProgress : (1528/2662) Exporting 'splash icloud'
ExportProgress : (1529/2662) Exporting 'crashTexture'
ExportProgress : (1530/2662) Exporting 'BEAmap'
ExportProgress : (1531/2662) Exporting 'DipperTexture'
ExportProgress : (1532/2662) Exporting 'Ferb'
ExportProgress : (1533/2662) Exporting 'MILOmap'
ExportProgress : (1534/2662) Exporting 'MabelTexture'
ExportProgress : (1535/2662) Exporting 'MikeTexture'
ExportProgress : (1536/2662) Exporting 'OSCARmap'
ExportProgress : (1537/2662) Exporting 'Perry'
ExportProgress : (1538/2662) Exporting 'Phineas'
ExportProgress : (1539/2662) Exporting 'bradMap'
ExportProgress : (1540/2662) Exporting 'guntherMap'
ExportProgress : (1541/2662) Exporting 'kickMap'
ExportProgress : (1542/2662) Exporting 'randy'
ExportProgress : (1543/2662) Exporting 'SoosTexture'
ExportProgress : (1544/2662) Exporting 'kart uvs template'
ExportProgress : (1545/2662) Exporting 'texture kart bea'
ExportProgress : (1546/2662) Exporting 'texture kart brad'
ExportProgress : (1547/2662) Exporting 'texture kart crap'
ExportProgress : (1548/2662) Exporting 'texture kart dipper'
ExportProgress : (1549/2662) Exporting 'texture kart gunther'
ExportProgress : (1550/2662) Exporting 'texture kart kick'
ExportProgress : (1551/2662) Exporting 'texture kart mabel'
ExportProgress : (1552/2662) Exporting 'texture kart mike'
ExportProgress : (1553/2662) Exporting 'texture kart milo'
ExportProgress : (1554/2662) Exporting 'texture kart oscar'
ExportProgress : (1555/2662) Exporting 'texture kart phineas'
ExportProgress : (1556/2662) Exporting 'texture kart randy'
ExportProgress : (1557/2662) Exporting 'texture kart01'
ExportProgress : (1558/2662) Exporting 'texture kart02'
ExportProgress : (1559/2662) Exporting 'texture kart03'
ExportProgress : (1560/2662) Exporting 'texture kart04'
ExportProgress : (1561/2662) Exporting 'texture kart05'
ExportProgress : (1562/2662) Exporting 'texture kat ferb'
ExportProgress : (1563/2662) Exporting 'texture kat perry'
ExportProgress : (1564/2662) Exporting 'anchor rocket'
ExportProgress : (1565/2662) Exporting 'mine upgraded'
ExportProgress : (1566/2662) Exporting 'MineWarning'
ExportProgress : (1567/2662) Exporting 'corona trip wire'
ExportProgress : (1568/2662) Exporting 'particle_4 Material'
ExportProgress : (1569/2662) Exporting 'Laser'
ExportProgress : (1570/2662) Exporting 'Shadow Blob'
ExportProgress : (1571/2662) Exporting 'PhineasBillboardAd_norwegian'
ExportProgress : (1572/2662) Exporting 'kart6_thrusters_detail'
ExportProgress : (1573/2662) Exporting 'ProCircuitLocked_english'
ExportProgress : (1574/2662) Exporting 'guntherMap'
ExportProgress : (1575/2662) Exporting 'kart1_body_main'
ExportProgress : (1576/2662) Exporting 'SS_Logo_english'
ExportProgress : (1577/2662) Exporting 'Anchor rocket'
ExportProgress : (1578/2662) Exporting 'CrashAndBernsteinLogo_english.png'
ExportProgress : (1579/2662) Exporting 'bradMap'
ExportProgress : (1580/2662) Exporting 'FishhooksLogo_english'
ExportProgress : (1581/2662) Exporting 'texture kart randy'
ExportProgress : (1582/2662) Exporting 'kart5_spoiler_detail'
ExportProgress : (1583/2662) Exporting 'kart3_wheels_detail'
ExportProgress : (1584/2662) Exporting 'MotorCityLogo_norwegian'
ExportProgress : (1585/2662) Exporting 'kart4_body_detail'
ExportProgress : (1586/2662) Exporting 'Shadow Blob'
ExportProgress : (1587/2662) Exporting 'KickBillboardAd2_english'
ExportProgress : (1588/2662) Exporting 'kart6_wheels_detail'
ExportProgress : (1589/2662) Exporting 'GravityLogo_english'
ExportProgress : (1590/2662) Exporting 'kart0_wheels_detail'
ExportProgress : (1591/2662) Exporting 'kart4_body_main'
ExportProgress : (1592/2662) Exporting 'BEAmap'
ExportProgress : (1593/2662) Exporting 'texture kart dipper'
ExportProgress : (1594/2662) Exporting 'kart6_scoop_main'
ExportProgress : (1595/2662) Exporting 'kart1_wheels_detail'
ExportProgress : (1596/2662) Exporting 'Ferb'
ExportProgress : (1597/2662) Exporting 'KickLogo_english'
ExportProgress : (1598/2662) Exporting 'kickMap'
ExportProgress : (1599/2662) Exporting 'kart2_Oscar_spoiler_decal'
ExportProgress : (1600/2662) Exporting 'kart2_thrusters_main'
ExportProgress : (1601/2662) Exporting 'PhineasLogo_english'
ExportProgress : (1602/2662) Exporting 'RandyLogo_norwegian'
ExportProgress : (1603/2662) Exporting 'kart0_spoiler_main'
ExportProgress : (1604/2662) Exporting 'texture kart crap'
ExportProgress : (1605/2662) Exporting 'kart4_wheels_detail'
ExportProgress : (1606/2662) Exporting 'kart2_Bea_body_decal'
ExportProgress : (1607/2662) Exporting 'KickBillboardAd_norwegian'
ExportProgress : (1608/2662) Exporting 'KickLogo_norwegian'
ExportProgress : (1609/2662) Exporting 'kart6_spoiler_decal'
ExportProgress : (1610/2662) Exporting 'FishhooksLogo_norwegian'
ExportProgress : (1611/2662) Exporting 'MasterCircuit_english'
ExportProgress : (1612/2662) Exporting 'kart5_scoop_main'
ExportProgress : (1613/2662) Exporting 'texture kat ferb'
ExportProgress : (1614/2662) Exporting 'kart0NO_thrusters_main'
ExportProgress : (1615/2662) Exporting 'kart uvs template'
ExportProgress : (1616/2662) Exporting 'texture kart05'
ExportProgress : (1617/2662) Exporting 'kart5_scoop_detail'
ExportProgress : (1618/2662) Exporting 'kart3_body_detail'
ExportProgress : (1619/2662) Exporting 'DipperTexture'
ExportProgress : (1620/2662) Exporting 'FishHooksBillboardAd_english'
ExportProgress : (1621/2662) Exporting 'kart6_spoiler_main'
ExportProgress : (1622/2662) Exporting 'PhineasBillboardAd2_english'
ExportProgress : (1623/2662) Exporting 'kart2_Milo_body_decal'
ExportProgress : (1624/2662) Exporting 'kart6_thrusters_main'
ExportProgress : (1625/2662) Exporting 'SS_Logo_norwegian'
ExportProgress : (1626/2662) Exporting 'MasterCircuit_norwegian'
ExportProgress : (1627/2662) Exporting 'kart5_Phineas_body_decal'
ExportProgress : (1628/2662) Exporting 'kart5_Perry_body_decal'
ExportProgress : (1629/2662) Exporting 'kart0_scoop_main'
ExportProgress : (1630/2662) Exporting 'kart0NO_spoiler_main'
ExportProgress : (1631/2662) Exporting 'kart0NO_scoop_main'
ExportProgress : (1632/2662) Exporting 'GravityLogo_norwegian'
ExportProgress : (1633/2662) Exporting 'kart4_thrusters_main'
ExportProgress : (1634/2662) Exporting 'Phineas'
ExportProgress : (1635/2662) Exporting 'kart1_Gunther_spoiler_decal'
ExportProgress : (1636/2662) Exporting 'kart3_scoop_detail'
ExportProgress : (1637/2662) Exporting 'texture kart brad'
ExportProgress : (1638/2662) Exporting 'texture kart bea'
ExportProgress : (1639/2662) Exporting 'kart2_body_main'
ExportProgress : (1640/2662) Exporting 'kart1_spoiler_main'
ExportProgress : (1641/2662) Exporting 'KickBillboardAd2_norwegian'
ExportProgress : (1642/2662) Exporting 'NewbieCircuit_norwegian'
ExportProgress : (1643/2662) Exporting 'kart2_wheels_detail'
ExportProgress : (1644/2662) Exporting 'kart2_body_detail'
ExportProgress : (1645/2662) Exporting 'OSCARmap'
ExportProgress : (1646/2662) Exporting 'FishHooksBillboardAd_norwegian'
ExportProgress : (1647/2662) Exporting 'kart0NO_body_main'
ExportProgress : (1648/2662) Exporting 'kart2_scoop_main'
ExportProgress : (1649/2662) Exporting 'ProCircuit_english'
ExportProgress : (1650/2662) Exporting 'texture kart03'
ExportProgress : (1651/2662) Exporting 'kart4_Brad_spoiler_decal'
ExportProgress : (1652/2662) Exporting 'texture kart mabel'
ExportProgress : (1653/2662) Exporting 'texture kart02'
ExportProgress : (1654/2662) Exporting 'kart1_untouchable_seat'
ExportProgress : (1655/2662) Exporting 'kart0_wheels_main'
ExportProgress : (1656/2662) Exporting 'SoosTexture'
ExportProgress : (1657/2662) Exporting 'kart2_Bea_spoiler_decal'
ExportProgress : (1658/2662) Exporting 'kart1_thrusters_main'
ExportProgress : (1659/2662) Exporting 'kart1_body_detail'
ExportProgress : (1660/2662) Exporting 'kart6_scoop_detail'
ExportProgress : (1661/2662) Exporting 'texture kart phineas'
ExportProgress : (1662/2662) Exporting 'PhineasBillboardAd2_norwegian'
ExportProgress : (1663/2662) Exporting 'kart5_body_main'
ExportProgress : (1664/2662) Exporting 'MILOmap'
ExportProgress : (1665/2662) Exporting 'NewbieCircuit_english'
ExportProgress : (1666/2662) Exporting 'PranksgivingLogo'
ExportProgress : (1667/2662) Exporting 'texture kart mike'
ExportProgress : (1668/2662) Exporting 'FishHooksBillboardAd2_english'
ExportProgress : (1669/2662) Exporting 'texture kart oscar'
ExportProgress : (1670/2662) Exporting 'kart3_Mabel_body_decal'
ExportProgress : (1671/2662) Exporting 'kart4_spoiler_main'
ExportProgress : (1672/2662) Exporting 'randy'
ExportProgress : (1673/2662) Exporting 'texture kat perry'
ExportProgress : (1674/2662) Exporting 'kart2_spoiler_main'
ExportProgress : (1675/2662) Exporting 'CrashAndBernsteinLogo_norwegian'
ExportProgress : (1676/2662) Exporting 'kart3_untouchable_seat'
ExportProgress : (1677/2662) Exporting 'kart4_Mike_body_decal'
ExportProgress : (1678/2662) Exporting 'kart2_Oscar_body_decal'
ExportProgress : (1679/2662) Exporting 'texture kart04'
ExportProgress : (1680/2662) Exporting 'texture kart01'
ExportProgress : (1681/2662) Exporting 'kart3_body_main'
ExportProgress : (1682/2662) Exporting 'kart5_thrusters_main'
ExportProgress : (1683/2662) Exporting 'kart0_thrusters_main'
ExportProgress : (1684/2662) Exporting 'ProCircuitLocked_norwegian'
ExportProgress : (1685/2662) Exporting 'kart4_untouchable_seat'
ExportProgress : (1686/2662) Exporting 'texture kart milo'
ExportProgress : (1687/2662) Exporting 'texture kart kick'
ExportProgress : (1688/2662) Exporting 'kart2_Milo_spoiler_decal'
ExportProgress : (1689/2662) Exporting 'CloudStrapLogo_english'
ExportProgress : (1690/2662) Exporting 'RandyLogo_english'
ExportProgress : (1691/2662) Exporting 'kart3_spoiler_main'
ExportProgress : (1692/2662) Exporting 'kart0_untouchable_seat'
ExportProgress : (1693/2662) Exporting 'kart5_untouchable_seat'
ExportProgress : (1694/2662) Exporting 'Perry'
ExportProgress : (1695/2662) Exporting 'particle_4'
ExportProgress : (1696/2662) Exporting 'kart3_Dipper_body_decal'
ExportProgress : (1697/2662) Exporting 'FishHooksBillboardAd2_norwegian'
ExportProgress : (1698/2662) Exporting 'kart1_Kick_spoiler_decal'
ExportProgress : (1699/2662) Exporting 'MotorCityLogo_english'
ExportProgress : (1700/2662) Exporting 'kart1_Kick_body_decal'
ExportProgress : (1701/2662) Exporting 'kart4_Mike_spoiler_decal'
ExportProgress : (1702/2662) Exporting 'MabelTexture'
ExportProgress : (1703/2662) Exporting 'kart5_Perry_spoiler_decal'
ExportProgress : (1704/2662) Exporting 'MikeTexture'
ExportProgress : (1705/2662) Exporting 'kart1_Gunther_body_decal'
ExportProgress : (1706/2662) Exporting 'kart0NO_body_detail'
ExportProgress : (1707/2662) Exporting 'kart0NO_untouchable_seat'
ExportProgress : (1708/2662) Exporting 'kart2_wheels_main'
ExportProgress : (1709/2662) Exporting 'CrashAndBernsteinLogo_english'
ExportProgress : (1710/2662) Exporting 'kart4_wheels_main'
ExportProgress : (1711/2662) Exporting 'crashTexture'
ExportProgress : (1712/2662) Exporting 'kart0NO_wheels_detail'
ExportProgress : (1713/2662) Exporting 'kart3_wheels_main'
ExportProgress : (1714/2662) Exporting 'kart4_scoop_main'
ExportProgress : (1715/2662) Exporting 'kart5_wheels_main'
ExportProgress : (1716/2662) Exporting 'KickBillboardAd_english'
ExportProgress : (1717/2662) Exporting 'kart3_thrusters_main'
ExportProgress : (1718/2662) Exporting 'kart5_Ferb_spoiler_decal'
ExportProgress : (1719/2662) Exporting 'kart5_Phineas_spoiler_decal'
ExportProgress : (1720/2662) Exporting 'kart3_scoop_main'
ExportProgress : (1721/2662) Exporting 'PhineasLogo_norwegian'
ExportProgress : (1722/2662) Exporting 'kart0_body_main'
ExportProgress : (1723/2662) Exporting 'kart5_wheels_detail'
ExportProgress : (1724/2662) Exporting 'kart5_spoiler_main'
ExportProgress : (1725/2662) Exporting 'kart2_untouchable_seat'
ExportProgress : (1726/2662) Exporting 'ShieldRimlight'
ExportProgress : (1727/2662) Exporting 'MasterCircuitLocked_english'
ExportProgress : (1728/2662) Exporting 'texture kart gunther'
ExportProgress : (1729/2662) Exporting 'kart5_Ferb_body_decal'
ExportProgress : (1730/2662) Exporting 'kart1_scoop_main'
ExportProgress : (1731/2662) Exporting 'kart5_body_detail'
ExportProgress : (1732/2662) Exporting 'kart0NO_wheels_main'
ExportProgress : (1733/2662) Exporting 'kart0_body_detail'
ExportProgress : (1734/2662) Exporting 'PhineasBillboardAd_english'
ExportProgress : (1735/2662) Exporting 'kart4_Brad_body_decal'
ExportProgress : (1736/2662) Exporting 'kart6_wheels_main'
ExportProgress : (1737/2662) Exporting 'ProCircuit_norwegian'
ExportProgress : (1738/2662) Exporting 'kart1_wheels_main'
ExportProgress : (1739/2662) Exporting 'MasterCircuitLocked_norwegian'
ExportProgress : (1740/2662) Exporting 'cras'
ExportProgress : (1741/2662) Exporting 'Phineas'
ExportProgress : (1742/2662) Exporting 'front_wheel'
ExportProgress : (1743/2662) Exporting 'interior'
ExportProgress : (1744/2662) Exporting 'Mike'
ExportProgress : (1745/2662) Exporting 'Perry'
ExportProgress : (1746/2662) Exporting 'front_wheel'
ExportProgress : (1747/2662) Exporting 'Dipper'
ExportProgress : (1748/2662) Exporting 'MILO'
ExportProgress : (1749/2662) Exporting 'interior'
ExportProgress : (1750/2662) Exporting 'kart_perry'
ExportProgress : (1751/2662) Exporting 'thrusters'
ExportProgress : (1752/2662) Exporting 'front_wheel'
ExportProgress : (1753/2662) Exporting 'gunther'
ExportProgress : (1754/2662) Exporting 'OSCAR'
ExportProgress : (1755/2662) Exporting 'body'
ExportProgress : (1756/2662) Exporting 'brad'
ExportProgress : (1757/2662) Exporting 'right_wheel'
ExportProgress : (1758/2662) Exporting 'BEA'
ExportProgress : (1759/2662) Exporting 'belt'
ExportProgress : (1760/2662) Exporting 'Mabel'
ExportProgress : (1761/2662) Exporting 'front_wheel'
ExportProgress : (1762/2662) Exporting 'head_003'
ExportProgress : (1763/2662) Exporting 'kick'
ExportProgress : (1764/2662) Exporting 'front_wheel_001'
ExportProgress : (1765/2662) Exporting 'kart_phineas'
ExportProgress : (1766/2662) Exporting 'kart_milo'
ExportProgress : (1767/2662) Exporting 'kart_ferb'
ExportProgress : (1768/2662) Exporting 'kart_bea'
ExportProgress : (1769/2662) Exporting 'front_wheel'
ExportProgress : (1770/2662) Exporting 'Ferb'
ExportProgress : (1771/2662) Exporting 'front_wheel'
ExportProgress : (1772/2662) Exporting 'thrusters'
ExportProgress : (1773/2662) Exporting 'thrusters'
ExportProgress : (1774/2662) Exporting 'belt'
ExportProgress : (1775/2662) Exporting 'belt'
ExportProgress : (1776/2662) Exporting 'left_wheel'
ExportProgress : (1777/2662) Exporting 'belt'
ExportProgress : (1778/2662) Exporting 'belt'
ExportProgress : (1779/2662) Exporting 'left_wheel'
ExportProgress : (1780/2662) Exporting 'belt'
ExportProgress : (1781/2662) Exporting 'belt'
ExportProgress : (1782/2662) Exporting 'scoop'
ExportProgress : (1783/2662) Exporting 'front_wheel'
ExportProgress : (1784/2662) Exporting 'left_wheel'
ExportProgress : (1785/2662) Exporting 'belt'
ExportProgress : (1786/2662) Exporting 'belt'
ExportProgress : (1787/2662) Exporting 'front_wheel'
ExportProgress : (1788/2662) Exporting 'SCOOP'
ExportProgress : (1789/2662) Exporting 'right_wheel'
ExportProgress : (1790/2662) Exporting 'belt'
ExportProgress : (1791/2662) Exporting 'left_wheel'
ExportProgress : (1792/2662) Exporting 'belt'
ExportProgress : (1793/2662) Exporting 'soos'
ExportProgress : (1794/2662) Exporting 'belt'
ExportProgress : (1795/2662) Exporting 'left_wheel'
ExportProgress : (1796/2662) Exporting 'belt'
ExportProgress : (1797/2662) Exporting 'belt'
ExportProgress : (1798/2662) Exporting 'front_wheel'
ExportProgress : (1799/2662) Exporting 'front_wheel'
ExportProgress : (1800/2662) Exporting 'right_wheel'
ExportProgress : (1801/2662) Exporting 'front_wheel'
ExportProgress : (1802/2662) Exporting 'right_wheel'
ExportProgress : (1803/2662) Exporting 'left_wheel'
ExportProgress : (1804/2662) Exporting 'belt'
ExportProgress : (1805/2662) Exporting 'left_wheel'
ExportProgress : (1806/2662) Exporting 'scoop'
ExportProgress : (1807/2662) Exporting 'spoiler'
ExportProgress : (1808/2662) Exporting 'wheel'
ExportProgress : (1809/2662) Exporting 'right_wheel'
ExportProgress : (1810/2662) Exporting 'right_wheel'
ExportProgress : (1811/2662) Exporting 'interior'
ExportProgress : (1812/2662) Exporting 'body'
ExportProgress : (1813/2662) Exporting 'left_wheel'
ExportProgress : (1814/2662) Exporting 'interior'
ExportProgress : (1815/2662) Exporting 'right_wheel'
ExportProgress : (1816/2662) Exporting 'interior'
ExportProgress : (1817/2662) Exporting 'left_wheel'
ExportProgress : (1818/2662) Exporting 'interior'
ExportProgress : (1819/2662) Exporting 'left_wheel'
ExportProgress : (1820/2662) Exporting 'body'
ExportProgress : (1821/2662) Exporting 'front_wheel'
ExportProgress : (1822/2662) Exporting 'right_wheel'
ExportProgress : (1823/2662) Exporting 'interior'
ExportProgress : (1824/2662) Exporting 'left_wheel'
ExportProgress : (1825/2662) Exporting 'left_wheel'
ExportProgress : (1826/2662) Exporting 'left_wheel'
ExportProgress : (1827/2662) Exporting 'left_wheel'
ExportProgress : (1828/2662) Exporting 'right_wheel'
ExportProgress : (1829/2662) Exporting 'interior'
ExportProgress : (1830/2662) Exporting 'right_wheel'
ExportProgress : (1831/2662) Exporting 'interior'
ExportProgress : (1832/2662) Exporting 'kart_brad'
ExportProgress : (1833/2662) Exporting 'interior'
ExportProgress : (1834/2662) Exporting 'body'
ExportProgress : (1835/2662) Exporting 'interior'
ExportProgress : (1836/2662) Exporting 'body'
ExportProgress : (1837/2662) Exporting 'right_weel'
ExportProgress : (1838/2662) Exporting 'body'
ExportProgress : (1839/2662) Exporting 'kart_kick'
ExportProgress : (1840/2662) Exporting 'body'
ExportProgress : (1841/2662) Exporting 'right_wheel'
ExportProgress : (1842/2662) Exporting 'interior'
ExportProgress : (1843/2662) Exporting 'front_wheel'
ExportProgress : (1844/2662) Exporting 'kart_oscar'
ExportProgress : (1845/2662) Exporting 'body'
ExportProgress : (1846/2662) Exporting 'interior'
ExportProgress : (1847/2662) Exporting 'right_wheel'
ExportProgress : (1848/2662) Exporting 'interior'
ExportProgress : (1849/2662) Exporting 'kart_gunther'
ExportProgress : (1850/2662) Exporting 'body'
ExportProgress : (1851/2662) Exporting 'right_weel'
ExportProgress : (1852/2662) Exporting 'front_wheel'
ExportProgress : (1853/2662) Exporting 'right_weel'
ExportProgress : (1854/2662) Exporting 'front_wheel'
ExportProgress : (1855/2662) Exporting 'kart_kick'
ExportProgress : (1856/2662) Exporting 'body'
ExportProgress : (1857/2662) Exporting 'body'
ExportProgress : (1858/2662) Exporting 'body'
ExportProgress : (1859/2662) Exporting 'interior'
ExportProgress : (1860/2662) Exporting 'body'
ExportProgress : (1861/2662) Exporting 'interior'
ExportProgress : (1862/2662) Exporting 'body'
ExportProgress : (1863/2662) Exporting 'kart_mabel'
ExportProgress : (1864/2662) Exporting 'interior'
ExportProgress : (1865/2662) Exporting 'scoop'
ExportProgress : (1866/2662) Exporting 'body'
ExportProgress : (1867/2662) Exporting 'left_wheel'
ExportProgress : (1868/2662) Exporting 'body'
ExportProgress : (1869/2662) Exporting 'scoop'
ExportProgress : (1870/2662) Exporting 'light'
ExportProgress : (1871/2662) Exporting 'spoiler'
ExportProgress : (1872/2662) Exporting 'body'
ExportProgress : (1873/2662) Exporting 'interior'
ExportProgress : (1874/2662) Exporting 'body'
ExportProgress : (1875/2662) Exporting 'thrusters'
ExportProgress : (1876/2662) Exporting 'spoiler'
ExportProgress : (1877/2662) Exporting 'spoiler'
ExportProgress : (1878/2662) Exporting 'scoop'
ExportProgress : (1879/2662) Exporting 'spoiler'
ExportProgress : (1880/2662) Exporting 'spoiler'
ExportProgress : (1881/2662) Exporting 'spoiler'
ExportProgress : (1882/2662) Exporting 'spoiler'
ExportProgress : (1883/2662) Exporting 'front_wheel'
ExportProgress : (1884/2662) Exporting 'spoiler'
ExportProgress : (1885/2662) Exporting 'interior'
ExportProgress : (1886/2662) Exporting 'spoiler'
ExportProgress : (1887/2662) Exporting 'thrusters'
ExportProgress : (1888/2662) Exporting 'thrusters'
ExportProgress : (1889/2662) Exporting 'thrusters'
ExportProgress : (1890/2662) Exporting 'spoiler'
ExportProgress : (1891/2662) Exporting 'front_wheel'
ExportProgress : (1892/2662) Exporting 'thrusters'
ExportProgress : (1893/2662) Exporting 'thrusters'
ExportProgress : (1894/2662) Exporting 'thrusters'
ExportProgress : (1895/2662) Exporting 'thrusters'
ExportProgress : (1896/2662) Exporting 'spoiler'
ExportProgress : (1897/2662) Exporting 'left_wheel'
ExportProgress : (1898/2662) Exporting 'kart_mike'
ExportProgress : (1899/2662) Exporting 'thrusters'
ExportProgress : (1900/2662) Exporting 'kart_dipper'
ExportProgress : (1901/2662) Exporting 'right_wheel'
ExportProgress : (1902/2662) Exporting 'right_weel'
ExportProgress : (1903/2662) Exporting 'front_wheel'
ExportProgress : (1904/2662) Exporting 'left_wheel'
ExportProgress : (1905/2662) Exporting 'spoiler'
ExportProgress : (1906/2662) Exporting 'right_wheel'
ExportProgress : (1907/2662) Exporting 'thrusters'
ExportProgress : (1908/2662) Exporting 'front_wheel'
ExportProgress : (1909/2662) Exporting 'left_wheel'
ExportProgress : (1910/2662) Exporting 'left_wheel'
ExportProgress : (1911/2662) Exporting 'right_wheel'
ExportProgress : (1912/2662) Exporting 'front_wheel'
ExportProgress : (1913/2662) Exporting 'body'
ExportProgress : (1914/2662) Exporting 'left_wheel'
ExportProgress : (1915/2662) Exporting 'scoop'
ExportProgress : (1916/2662) Exporting 'right_wheel'
ExportProgress : (1917/2662) Exporting 'Particle Add'
ExportProgress : (1918/2662) Exporting 'Mobile-Particle-Alpha-VertexLit'
ExportProgress : (1919/2662) Exporting 'Mobile-Particle-Multiply'
ExportProgress : (1920/2662) Exporting 'CharacterConfig'
ExportProgress : (1921/2662) Exporting 'Localize-Default'
ExportProgress : (1922/2662) Exporting 'Localize-SW'
ExportProgress : (1923/2662) Exporting 'PartCosts'
ExportProgress : (1924/2662) Exporting 'MineWarning'
ExportProgress : (1925/2662) Exporting 'Default Take'
ExportProgress : (1926/2662) Exporting 'Default Take'
ExportProgress : (1927/2662) Exporting 'Default Take'
ExportProgress : (1928/2662) Exporting 'Default Take'
ExportProgress : (1929/2662) Exporting 'Default Take'
ExportProgress : (1930/2662) Exporting 'Default Take'
ExportProgress : (1931/2662) Exporting 'Default Take'
ExportProgress : (1932/2662) Exporting 'Default Take'
ExportProgress : (1933/2662) Exporting 'Default Take'
ExportProgress : (1934/2662) Exporting 'Default Take'
ExportProgress : (1935/2662) Exporting 'Default Take'
ExportProgress : (1936/2662) Exporting 'Default Take'
ExportProgress : (1937/2662) Exporting 'Default Take'
ExportProgress : (1938/2662) Exporting 'Default Take'
ExportProgress : (1939/2662) Exporting 'Default Take'
ExportProgress : (1940/2662) Exporting 'crash_cheering'
ExportProgress : (1941/2662) Exporting 'Phineas_driving'
ExportProgress : (1942/2662) Exporting 'mike_driving'
ExportProgress : (1943/2662) Exporting 'Perry_driving'
ExportProgress : (1944/2662) Exporting 'dipper_driving'
ExportProgress : (1945/2662) Exporting 'milo_driving'
ExportProgress : (1946/2662) Exporting 'gunther_driving'
ExportProgress : (1947/2662) Exporting 'oscar_driving'
ExportProgress : (1948/2662) Exporting 'brad_driving'
ExportProgress : (1949/2662) Exporting 'bea_driving'
ExportProgress : (1950/2662) Exporting 'soos_cheering'
ExportProgress : (1951/2662) Exporting 'mabel_driving'
ExportProgress : (1952/2662) Exporting 'kick_driving'
ExportProgress : (1953/2662) Exporting 'Ferb_driving'
ExportProgress : (1954/2662) Exporting 'crash_driving'
ExportProgress : (1955/2662) Exporting 'Phineas_idle'
ExportProgress : (1956/2662) Exporting 'mike_idle'
ExportProgress : (1957/2662) Exporting 'Perry_idle'
ExportProgress : (1958/2662) Exporting 'dipper_idle'
ExportProgress : (1959/2662) Exporting 'milo_idle'
ExportProgress : (1960/2662) Exporting 'gunther_idle'
ExportProgress : (1961/2662) Exporting 'oscar_idle'
ExportProgress : (1962/2662) Exporting 'brad_idle'
ExportProgress : (1963/2662) Exporting 'bea_idle'
ExportProgress : (1964/2662) Exporting 'soos_driving'
ExportProgress : (1965/2662) Exporting 'mabel_idle'
ExportProgress : (1966/2662) Exporting 'Randy_cheering'
ExportProgress : (1967/2662) Exporting 'kick_idle'
ExportProgress : (1968/2662) Exporting 'Ferb_idle'
ExportProgress : (1969/2662) Exporting 'crash_fist'
ExportProgress : (1970/2662) Exporting 'Phineas_sitting'
ExportProgress : (1971/2662) Exporting 'mike_sitting'
ExportProgress : (1972/2662) Exporting 'Perry_sitting'
ExportProgress : (1973/2662) Exporting 'dipper_sitting'
ExportProgress : (1974/2662) Exporting 'milo_sitting'
ExportProgress : (1975/2662) Exporting 'gunther_sitting'
ExportProgress : (1976/2662) Exporting 'oscar_sitting'
ExportProgress : (1977/2662) Exporting 'brad_sitting'
ExportProgress : (1978/2662) Exporting 'bea_sitting'
ExportProgress : (1979/2662) Exporting 'soos_fist'
ExportProgress : (1980/2662) Exporting 'mabel_sitting'
ExportProgress : (1981/2662) Exporting 'Randy_driving'
ExportProgress : (1982/2662) Exporting 'kick_sitting'
ExportProgress : (1983/2662) Exporting 'Ferb_sitting'
ExportProgress : (1984/2662) Exporting 'crash_handsUp'
ExportProgress : (1985/2662) Exporting 'Phineas_turnLeft'
ExportProgress : (1986/2662) Exporting 'mike_turnLeft'
ExportProgress : (1987/2662) Exporting 'Perry_turnLeft'
ExportProgress : (1988/2662) Exporting 'dipper_turnLeft'
ExportProgress : (1989/2662) Exporting 'milo_turnLeft'
ExportProgress : (1990/2662) Exporting 'gunther_turnLeft'
ExportProgress : (1991/2662) Exporting 'oscar_turnLeft'
ExportProgress : (1992/2662) Exporting 'brad_turnLeft'
ExportProgress : (1993/2662) Exporting 'bea_turnLeft'
ExportProgress : (1994/2662) Exporting 'soos_handsUp'
ExportProgress : (1995/2662) Exporting 'mabel_turnLeft'
ExportProgress : (1996/2662) Exporting 'Randy_fist'
ExportProgress : (1997/2662) Exporting 'kick_turnLeft'
ExportProgress : (1998/2662) Exporting 'Ferb_turnLeft'
ExportProgress : (1999/2662) Exporting 'crash_idle'
ExportProgress : (2000/2662) Exporting 'Phineas_turnRight'
ExportProgress : (2001/2662) Exporting 'mike_turnRight'
ExportProgress : (2002/2662) Exporting 'Perry_turnRight'
ExportProgress : (2003/2662) Exporting 'dipper_turnRight'
ExportProgress : (2004/2662) Exporting 'milo_turnRight'
ExportProgress : (2005/2662) Exporting 'gunther_turnRight'
ExportProgress : (2006/2662) Exporting 'oscar_turnRight'
ExportProgress : (2007/2662) Exporting 'brad_turnRight'
ExportProgress : (2008/2662) Exporting 'bea_turnRight'
ExportProgress : (2009/2662) Exporting 'soos_idle'
ExportProgress : (2010/2662) Exporting 'mabel_turnRight'
ExportProgress : (2011/2662) Exporting 'Randy_handsUp'
ExportProgress : (2012/2662) Exporting 'kick_turnRight'
ExportProgress : (2013/2662) Exporting 'Ferb_turnRight'
ExportProgress : (2014/2662) Exporting 'crash_idle2'
ExportProgress : (2015/2662) Exporting 'Phineas_cheering'
ExportProgress : (2016/2662) Exporting 'mike_cheering'
ExportProgress : (2017/2662) Exporting 'Perry_cheering'
ExportProgress : (2018/2662) Exporting 'dipper_cheering'
ExportProgress : (2019/2662) Exporting 'milo_cheering'
ExportProgress : (2020/2662) Exporting 'gunther_cheering'
ExportProgress : (2021/2662) Exporting 'oscar_cheering'
ExportProgress : (2022/2662) Exporting 'brad_cheering'
ExportProgress : (2023/2662) Exporting 'bea_cheering'
ExportProgress : (2024/2662) Exporting 'soos_idle2'
ExportProgress : (2025/2662) Exporting 'mabel_cheering'
ExportProgress : (2026/2662) Exporting 'Randy_idle'
ExportProgress : (2027/2662) Exporting 'kick_cheering'
ExportProgress : (2028/2662) Exporting 'Ferb_cheering'
ExportProgress : (2029/2662) Exporting 'crash_idle3'
ExportProgress : (2030/2662) Exporting 'Phineas_fist'
ExportProgress : (2031/2662) Exporting 'mike_fist'
ExportProgress : (2032/2662) Exporting 'Perry_fist'
ExportProgress : (2033/2662) Exporting 'dipper_fist'
ExportProgress : (2034/2662) Exporting 'milo_fist'
ExportProgress : (2035/2662) Exporting 'gunther_fist'
ExportProgress : (2036/2662) Exporting 'oscar_fist'
ExportProgress : (2037/2662) Exporting 'brad_fist'
ExportProgress : (2038/2662) Exporting 'bea_fist'
ExportProgress : (2039/2662) Exporting 'soos_idle3'
ExportProgress : (2040/2662) Exporting 'mabel_fist'
ExportProgress : (2041/2662) Exporting 'Randy_sitting'
ExportProgress : (2042/2662) Exporting 'kick_fist'
ExportProgress : (2043/2662) Exporting 'Ferb_fist'
ExportProgress : (2044/2662) Exporting 'crash_selection'
ExportProgress : (2045/2662) Exporting 'Phineas_handsUp'
ExportProgress : (2046/2662) Exporting 'mike_handsUp'
ExportProgress : (2047/2662) Exporting 'Perry_handsUp'
ExportProgress : (2048/2662) Exporting 'dipper_handsUp'
ExportProgress : (2049/2662) Exporting 'milo_handsUp'
ExportProgress : (2050/2662) Exporting 'gunther_handsUp'
ExportProgress : (2051/2662) Exporting 'oscar_handsUp'
ExportProgress : (2052/2662) Exporting 'brad_handsUp'
ExportProgress : (2053/2662) Exporting 'bea_handsUp'
ExportProgress : (2054/2662) Exporting 'soos_selection'
ExportProgress : (2055/2662) Exporting 'mabel_handsUp'
ExportProgress : (2056/2662) Exporting 'Randy_turnLeft'
ExportProgress : (2057/2662) Exporting 'kick_handsUp'
ExportProgress : (2058/2662) Exporting 'Ferb_handsUp'
ExportProgress : (2059/2662) Exporting 'crash_sitting'
ExportProgress : (2060/2662) Exporting 'Phineas_wave'
ExportProgress : (2061/2662) Exporting 'mike_wave'
ExportProgress : (2062/2662) Exporting 'Perry_wave'
ExportProgress : (2063/2662) Exporting 'dipper_wave'
ExportProgress : (2064/2662) Exporting 'milo_wave'
ExportProgress : (2065/2662) Exporting 'gunther_wave'
ExportProgress : (2066/2662) Exporting 'oscar_wave'
ExportProgress : (2067/2662) Exporting 'brad_wave'
ExportProgress : (2068/2662) Exporting 'bea_wave'
ExportProgress : (2069/2662) Exporting 'soos_sitting'
ExportProgress : (2070/2662) Exporting 'mabel_wave'
ExportProgress : (2071/2662) Exporting 'Randy_turnRight'
ExportProgress : (2072/2662) Exporting 'kick_wave'
ExportProgress : (2073/2662) Exporting 'Ferb_wave'
ExportProgress : (2074/2662) Exporting 'crash_turnLeft'
ExportProgress : (2075/2662) Exporting 'Phineas_idle2'
ExportProgress : (2076/2662) Exporting 'mike_idle2'
ExportProgress : (2077/2662) Exporting 'Perry_idle2'
ExportProgress : (2078/2662) Exporting 'dipper_idle2'
ExportProgress : (2079/2662) Exporting 'milo_idle2'
ExportProgress : (2080/2662) Exporting 'gunther_idle2'
ExportProgress : (2081/2662) Exporting 'oscar_idle2'
ExportProgress : (2082/2662) Exporting 'brad_idle2'
ExportProgress : (2083/2662) Exporting 'bea_idle2'
ExportProgress : (2084/2662) Exporting 'soos_turnLeft'
ExportProgress : (2085/2662) Exporting 'mabel_idle2'
ExportProgress : (2086/2662) Exporting 'Randy_wave'
ExportProgress : (2087/2662) Exporting 'kick_idle2'
ExportProgress : (2088/2662) Exporting 'Ferb_idle2'
ExportProgress : (2089/2662) Exporting 'crash_turnRight'
ExportProgress : (2090/2662) Exporting 'Phineas_idle3'
ExportProgress : (2091/2662) Exporting 'mike_idle3'
ExportProgress : (2092/2662) Exporting 'Perry_idle3'
ExportProgress : (2093/2662) Exporting 'dipper_idle3'
ExportProgress : (2094/2662) Exporting 'milo_idle3'
ExportProgress : (2095/2662) Exporting 'gunther_idle3'
ExportProgress : (2096/2662) Exporting 'oscar_idle3'
ExportProgress : (2097/2662) Exporting 'brad_idle3'
ExportProgress : (2098/2662) Exporting 'bea_idle3'
ExportProgress : (2099/2662) Exporting 'soos_turnRight'
ExportProgress : (2100/2662) Exporting 'mabel_idle3'
ExportProgress : (2101/2662) Exporting 'Randy_idle2'
ExportProgress : (2102/2662) Exporting 'kick_idle3'
ExportProgress : (2103/2662) Exporting 'Ferb_idle3'
ExportProgress : (2104/2662) Exporting 'crash_wave'
ExportProgress : (2105/2662) Exporting 'Phineas_selection'
ExportProgress : (2106/2662) Exporting 'mike_selection'
ExportProgress : (2107/2662) Exporting 'Perry_selection'
ExportProgress : (2108/2662) Exporting 'dipper_selection'
ExportProgress : (2109/2662) Exporting 'milo_selection'
ExportProgress : (2110/2662) Exporting 'gunther_selection'
ExportProgress : (2111/2662) Exporting 'oscar_selection'
ExportProgress : (2112/2662) Exporting 'brad_selection'
ExportProgress : (2113/2662) Exporting 'bea_selection'
ExportProgress : (2114/2662) Exporting 'soos_wave'
ExportProgress : (2115/2662) Exporting 'mabel_selection'
ExportProgress : (2116/2662) Exporting 'kick_selection'
ExportProgress : (2117/2662) Exporting 'Ferb_selection'
ExportProgress : (2118/2662) Exporting 'Randy_selection'
ExportProgress : (2119/2662) Exporting 'Randy_idle3'
ExportProgress : (2120/2662) Exporting 'KICK_argh_b'
ExportProgress : (2121/2662) Exporting 'SUPER SPEEDWAY OSCAR VO WAHHH WAHHH_04'
ExportProgress : (2122/2662) Exporting 'DSS_DIPPER_Aww_01'
ExportProgress : (2123/2662) Exporting 'BEA Super Speedway OH OH_03'
ExportProgress : (2124/2662) Exporting 'NINJA_AHH_a'
ExportProgress : (2125/2662) Exporting 'Mike Chilton_uh_oh_b'
ExportProgress : (2126/2662) Exporting 'DSS_FERB_Woo_01'
ExportProgress : (2127/2662) Exporting 'BRAD_ARGH_b'
ExportProgress : (2128/2662) Exporting 'DSS_FERB_Aww_04'
ExportProgress : (2129/2662) Exporting 'BEA Super Speedway HAA HAA_04'
ExportProgress : (2130/2662) Exporting 'NINJA_YIKES_a'
ExportProgress : (2131/2662) Exporting 'NINJA_NYA NYA_a'
ExportProgress : (2132/2662) Exporting 'Mike Chilton_aww_c'
ExportProgress : (2133/2662) Exporting 'BEA Super Speedway AHH_01'
ExportProgress : (2134/2662) Exporting 'BEA Super Speedway ARGH_02'
ExportProgress : (2135/2662) Exporting 'GUNTHER_ahh_a'
ExportProgress : (2136/2662) Exporting 'UH_OH_MABEL_b'
ExportProgress : (2137/2662) Exporting 'NINJA_AWW_a'
ExportProgress : (2138/2662) Exporting 'NINJA_HEE HEE_a'
ExportProgress : (2139/2662) Exporting 'DSS_PHINEAS_Ack_01'
ExportProgress : (2140/2662) Exporting 'DSS_FERB_HaHaa_01'
ExportProgress : (2141/2662) Exporting 'BEA Super Speedway WHOO HOO_02'
ExportProgress : (2142/2662) Exporting 'GUNTHER_yipe_c'
ExportProgress : (2143/2662) Exporting 'DSS_FERB_Aww_02'
ExportProgress : (2144/2662) Exporting 'KICK_uhoh_b'
ExportProgress : (2145/2662) Exporting 'DSS_FERB_Ahhh_01'
ExportProgress : (2146/2662) Exporting 'PERRY_GURGLE'
ExportProgress : (2147/2662) Exporting 'DSS_PHINEAS_WooHoo_01'
ExportProgress : (2148/2662) Exporting 'DSS_MILO_Arrgh_02'
ExportProgress : (2149/2662) Exporting 'BRAD_HAA HAA_b'
ExportProgress : (2150/2662) Exporting 'ACK_MABEL_f'
ExportProgress : (2151/2662) Exporting 'Mike Chilton_hee_hee_b'
ExportProgress : (2152/2662) Exporting 'HEE_HEE_MABEL_d'
ExportProgress : (2153/2662) Exporting 'DSS_MILO_Woo_01'
ExportProgress : (2154/2662) Exporting 'ARGH_MABEL_b'
ExportProgress : (2155/2662) Exporting 'BEA Super Speedway HEE HEE_01'
ExportProgress : (2156/2662) Exporting 'DSS_PHINEAS_HaHaa_03'
ExportProgress : (2157/2662) Exporting 'DSS_PHINEAS_Woo_01'
ExportProgress : (2158/2662) Exporting 'KICK_haa_haa_b'
ExportProgress : (2159/2662) Exporting 'GUNTHER_whoooo_b'
ExportProgress : (2160/2662) Exporting 'Mike Chilton_whoooo_f'
ExportProgress : (2161/2662) Exporting 'WHOO_HOO_MABEL_a'
ExportProgress : (2162/2662) Exporting 'SUPER SPEEDWAY OSCAR VO WHOOOOO_01'
ExportProgress : (2163/2662) Exporting 'DSS_FERB_Uhoh_03'
ExportProgress : (2164/2662) Exporting 'DSS_MILO_Ahh_01'
ExportProgress : (2165/2662) Exporting 'YIKES_MABEL_a'
ExportProgress : (2166/2662) Exporting 'DSS_DIPPER_UhOh_01'
ExportProgress : (2167/2662) Exporting 'DSS_DIPPER_WooHoo_01'
ExportProgress : (2168/2662) Exporting 'DSS_MILO_HaHaa_01'
ExportProgress : (2169/2662) Exporting 'GUNTHER_ha_ha_a'
ExportProgress : (2170/2662) Exporting 'BRAD_WHOO HOO_b'
ExportProgress : (2171/2662) Exporting 'HAA_HAA_MABEL_a'
ExportProgress : (2172/2662) Exporting 'DSS_DIPPER_Ahh_01'
ExportProgress : (2173/2662) Exporting 'BRAD_HEY COME ON_a'
ExportProgress : (2174/2662) Exporting 'GUNTHER_aww_c'
ExportProgress : (2175/2662) Exporting 'NINJA_WHOO HOO_a'
ExportProgress : (2176/2662) Exporting 'Mike Chilton_ahh_b'
ExportProgress : (2177/2662) Exporting 'KICK_ayee_b'
ExportProgress : (2178/2662) Exporting 'DSS_PHINEAS_Aww_01'
ExportProgress : (2179/2662) Exporting 'DSS_MILO_WooHoo_01'
ExportProgress : (2180/2662) Exporting 'SUPER SPEEDWAY OSCAR VO HAA HAA_03'
ExportProgress : (2181/2662) Exporting 'BRAD_YEA BRAD_c'
ExportProgress : (2182/2662) Exporting 'DSS_DIPPER_AhHaHa_01'
ExportProgress : (2183/2662) Exporting 'GUNTHER_yikes_c'
ExportProgress : (2184/2662) Exporting 'DSS_MILO_UhOh_02'
ExportProgress : (2185/2662) Exporting 'KICK_yikes_a'
ExportProgress : (2186/2662) Exporting 'BRAD_UH OH_a'
ExportProgress : (2187/2662) Exporting 'KICK_whoo_hoo_a'
ExportProgress : (2188/2662) Exporting 'DSS_MILO_Aww_01'
ExportProgress : (2189/2662) Exporting 'SUPER SPEEDWAY OSCAR VO AHH_02'
ExportProgress : (2190/2662) Exporting 'DSS_PHINEAS_UhOh_01'
ExportProgress : (2191/2662) Exporting 'SUPER SPEEDWAY OSCAR VO NYA NYA_02'
ExportProgress : (2192/2662) Exporting 'SUPER SPEEDWAY OSCAR VO AWW_02'
ExportProgress : (2193/2662) Exporting 'Mike Chilton_haa_haa_a'
ExportProgress : (2194/2662) Exporting 'AWW_MABEL_b'
ExportProgress : (2195/2662) Exporting 'Anchor Rocket'
ExportProgress : (2196/2662) Exporting 'Laser'
ExportProgress : (2197/2662) Exporting 'Mine'
ExportProgress : (2198/2662) Exporting 'MineSpreader'
ExportProgress : (2199/2662) Exporting 'RandomShot'
ExportProgress : (2200/2662) Exporting 'Rocket'
ExportProgress : (2201/2662) Exporting 'TripLine'
ExportProgress : (2202/2662) Exporting 'Shadow Blob'
ExportProgress : (2203/2662) Exporting 'AgentP_AI'
ExportProgress : (2204/2662) Exporting 'Bea_AI'
ExportProgress : (2205/2662) Exporting 'Brad_AI'
ExportProgress : (2206/2662) Exporting 'Dipper_AI'
ExportProgress : (2207/2662) Exporting 'Ferb_AI'
ExportProgress : (2208/2662) Exporting 'Gunther_AI'
ExportProgress : (2209/2662) Exporting 'Kick_AI'
ExportProgress : (2210/2662) Exporting 'Mabel_AI'
ExportProgress : (2211/2662) Exporting 'Mike_AI'
ExportProgress : (2212/2662) Exporting 'Milo_AI'
ExportProgress : (2213/2662) Exporting 'Oscar_AI'
ExportProgress : (2214/2662) Exporting 'Phineas_AI'
ExportProgress : (2215/2662) Exporting 'Randy_AI'
ExportProgress : (2216/2662) Exporting 'noChar_AI'
ExportProgress : (2217/2662) Exporting 'Bike 0 Body'
ExportProgress : (2218/2662) Exporting 'Bike 1 Body'
ExportProgress : (2219/2662) Exporting 'Bike 2 Body'
ExportProgress : (2220/2662) Exporting 'Bike 3 Body'
ExportProgress : (2221/2662) Exporting 'Bike 4 Body'
ExportProgress : (2222/2662) Exporting 'Bike 5 Body'
ExportProgress : (2223/2662) Exporting 'Kart 0 Body'
ExportProgress : (2224/2662) Exporting 'Kart 1 Body'
ExportProgress : (2225/2662) Exporting 'Kart 2 Body'
ExportProgress : (2226/2662) Exporting 'Kart 3 Body'
ExportProgress : (2227/2662) Exporting 'Kart 4 Body'
ExportProgress : (2228/2662) Exporting 'Kart 5 Body'
ExportProgress : (2229/2662) Exporting 'Truck 0 Body'
ExportProgress : (2230/2662) Exporting 'Truck 1 Body'
ExportProgress : (2231/2662) Exporting 'Truck 2 Body'
ExportProgress : (2232/2662) Exporting 'Truck 3 Body'
ExportProgress : (2233/2662) Exporting 'Truck 4 Body'
ExportProgress : (2234/2662) Exporting 'Truck 5 Body'
ExportProgress : (2235/2662) Exporting 'Agent P'
ExportProgress : (2236/2662) Exporting 'Bea'
ExportProgress : (2237/2662) Exporting 'Brad'
ExportProgress : (2238/2662) Exporting 'Crash'
ExportProgress : (2239/2662) Exporting 'Dipper'
ExportProgress : (2240/2662) Exporting 'Ferb'
ExportProgress : (2241/2662) Exporting 'Gunther'
ExportProgress : (2242/2662) Exporting 'Kick'
ExportProgress : (2243/2662) Exporting 'Mabel'
ExportProgress : (2244/2662) Exporting 'Mike'
ExportProgress : (2245/2662) Exporting 'Milo'
ExportProgress : (2246/2662) Exporting 'Oscar'
ExportProgress : (2247/2662) Exporting 'Phineas'
ExportProgress : (2248/2662) Exporting 'Randy'
ExportProgress : (2249/2662) Exporting 'Soos'
ExportProgress : (2250/2662) Exporting 'Kart 1 Scoop'
ExportProgress : (2251/2662) Exporting 'Kart 2 Scoop'
ExportProgress : (2252/2662) Exporting 'Kart 3 Scoop'
ExportProgress : (2253/2662) Exporting 'Kart 4 Scoop'
ExportProgress : (2254/2662) Exporting 'Kart 5 Scoop'
ExportProgress : (2255/2662) Exporting 'Kart 6 Scoop'
ExportProgress : (2256/2662) Exporting 'Kart 1 Spoiler'
ExportProgress : (2257/2662) Exporting 'Kart 2 Spoiler'
ExportProgress : (2258/2662) Exporting 'Kart 3 Spoiler'
ExportProgress : (2259/2662) Exporting 'Kart 4 Spoiler'
ExportProgress : (2260/2662) Exporting 'Kart 5 Spoiler'
ExportProgress : (2261/2662) Exporting 'Kart 6 Spoiler'
ExportProgress : (2262/2662) Exporting 'Truck 1 Spoiler'
ExportProgress : (2263/2662) Exporting 'Truck 2 Spoiler'
ExportProgress : (2264/2662) Exporting 'Truck 3 Spoiler'
ExportProgress : (2265/2662) Exporting 'Truck 4 Spoiler'
ExportProgress : (2266/2662) Exporting 'Truck 5 Spoiler'
ExportProgress : (2267/2662) Exporting 'Truck 6 Spoiler'
ExportProgress : (2268/2662) Exporting 'Kart 1 Thruster'
ExportProgress : (2269/2662) Exporting 'Kart 2 Thruster'
ExportProgress : (2270/2662) Exporting 'Kart 3 Thruster'
ExportProgress : (2271/2662) Exporting 'Kart 4 Thruster'
ExportProgress : (2272/2662) Exporting 'Kart 5 Thruster'
ExportProgress : (2273/2662) Exporting 'Kart 6 Thruster'
ExportProgress : (2274/2662) Exporting 'Truck 1 Thruster'
ExportProgress : (2275/2662) Exporting 'Truck 2 Thruster'
ExportProgress : (2276/2662) Exporting 'Truck 3 Thruster'
ExportProgress : (2277/2662) Exporting 'Truck 4 Thruster'
ExportProgress : (2278/2662) Exporting 'Truck 5 Thruster'
ExportProgress : (2279/2662) Exporting 'Truck 6 Thruster'
ExportProgress : (2280/2662) Exporting 'Bike 0 Wheels'
ExportProgress : (2281/2662) Exporting 'Bike 1 Wheels'
ExportProgress : (2282/2662) Exporting 'Bike 2 Wheels'
ExportProgress : (2283/2662) Exporting 'Bike 3 Wheels'
ExportProgress : (2284/2662) Exporting 'Bike 4 Wheels'
ExportProgress : (2285/2662) Exporting 'Bike 5 Wheels'
ExportProgress : (2286/2662) Exporting 'Bike 6 Wheels'
ExportProgress : (2287/2662) Exporting 'Kart 0 Wheels'
ExportProgress : (2288/2662) Exporting 'Kart 1 Wheels'
ExportProgress : (2289/2662) Exporting 'Kart 2 Wheels'
ExportProgress : (2290/2662) Exporting 'Kart 3 Wheels'
ExportProgress : (2291/2662) Exporting 'Kart 4 Wheels'
ExportProgress : (2292/2662) Exporting 'Kart 5 Wheels'
ExportProgress : (2293/2662) Exporting 'Kart 6 Wheels'
ExportProgress : (2294/2662) Exporting 'Truck 0 Wheels'
ExportProgress : (2295/2662) Exporting 'Truck 1 Wheels'
ExportProgress : (2296/2662) Exporting 'Truck 2 Wheels'
ExportProgress : (2297/2662) Exporting 'Truck 3 Wheels'
ExportProgress : (2298/2662) Exporting 'Truck 4 Wheels'
ExportProgress : (2299/2662) Exporting 'Truck 5 Wheels'
ExportProgress : (2300/2662) Exporting 'Truck 6 Wheels'
ExportProgress : (2301/2662) Exporting 'Kart0NoPaintBundleDef'
Import [Warning] : Could not read MonoBehaviour structure for `MultilayerTextureBundleDef`. Reason: Script ID is invalid
ExportProgress : (2302/2662) Exporting 'Kart0PaintBundleDef'
Import [Warning] : Could not read MonoBehaviour structure for `MultilayerTextureBundleDef`. Reason: Script ID is invalid
ExportProgress : (2303/2662) Exporting 'Kart1PaintBundleDef'
Import [Warning] : Could not read MonoBehaviour structure for `MultilayerTextureBundleDef`. Reason: Script ID is invalid
ExportProgress : (2304/2662) Exporting 'Kart2PaintBundleDef'
Import [Warning] : Could not read MonoBehaviour structure for `MultilayerTextureBundleDef`. Reason: Script ID is invalid
ExportProgress : (2305/2662) Exporting 'Kart3PaintBundleDef'
Import [Warning] : Could not read MonoBehaviour structure for `MultilayerTextureBundleDef`. Reason: Script ID is invalid
ExportProgress : (2306/2662) Exporting 'Kart4PaintBundleDef'
Import [Warning] : Could not read MonoBehaviour structure for `MultilayerTextureBundleDef`. Reason: Script ID is invalid
ExportProgress : (2307/2662) Exporting 'Kart5PaintBundleDef'
Import [Warning] : Could not read MonoBehaviour structure for `MultilayerTextureBundleDef`. Reason: Script ID is invalid
ExportProgress : (2308/2662) Exporting 'Kart6PaintBundleDef'
Import [Warning] : Could not read MonoBehaviour structure for `MultilayerTextureBundleDef`. Reason: Script ID is invalid
ExportProgress : (2309/2662) Exporting 'PlayerSettings'
ExportProgress : (2310/2662) Exporting 'InputManager'
ExportProgress : (2311/2662) Exporting 'TagManager'
ExportProgress : (2312/2662) Exporting 'AudioManager'
ExportProgress : (2313/2662) Exporting 'GraphicsSettings'
ExportProgress : (2314/2662) Exporting 'TimeManager'
ExportProgress : (2315/2662) Exporting 'DelayedCallManager'
ExportProgress : (2316/2662) Exporting 'PhysicsManager'
ExportProgress : (2317/2662) Exporting 'QualitySettings'
ExportProgress : (2318/2662) Exporting 'NetworkManager'
ExportProgress : (2319/2662) Exporting 'MasterServerInterface'
ExportProgress : (2320/2662) Exporting 'NavMeshLayers'
ExportProgress : (2321/2662) Exporting 'Physics2DSettings'
ExportProgress : (2322/2662) Exporting 'Mesh'
ExportProgress : (2323/2662) Exporting 'CloudStrap'
ExportProgress : (2324/2662) Exporting 'Mesh'
ExportProgress : (2325/2662) Exporting 'Mesh'
ExportProgress : (2326/2662) Exporting 'Mesh'
ExportProgress : (2327/2662) Exporting 'Mesh'
ExportProgress : (2328/2662) Exporting 'Mesh'
ExportProgress : (2329/2662) Exporting 'Mesh'
ExportProgress : (2330/2662) Exporting 'Mesh'
ExportProgress : (2331/2662) Exporting 'Mesh'
ExportProgress : (2332/2662) Exporting 'Mesh'
ExportProgress : (2333/2662) Exporting 'Mesh'
ExportProgress : (2334/2662) Exporting 'Mesh'
ExportProgress : (2335/2662) Exporting 'Mesh'
ExportProgress : (2336/2662) Exporting 'Mesh'
ExportProgress : (2337/2662) Exporting 'Mesh'
ExportProgress : (2338/2662) Exporting 'Mesh'
ExportProgress : (2339/2662) Exporting 'Mesh'
ExportProgress : (2340/2662) Exporting 'Mesh'
ExportProgress : (2341/2662) Exporting 'Mesh'
ExportProgress : (2342/2662) Exporting 'Mesh'
ExportProgress : (2343/2662) Exporting 'Mesh'
ExportProgress : (2344/2662) Exporting 'Mesh'
ExportProgress : (2345/2662) Exporting 'Mesh'
ExportProgress : (2346/2662) Exporting 'Mesh'
ExportProgress : (2347/2662) Exporting 'Combined Mesh (root: scene)'
ExportProgress : (2348/2662) Exporting 'Kick Butt Track 2'
ExportProgress : (2349/2662) Exporting 'Mesh'
ExportProgress : (2350/2662) Exporting 'Mesh'
ExportProgress : (2351/2662) Exporting 'Mesh'
ExportProgress : (2352/2662) Exporting 'Mesh'
ExportProgress : (2353/2662) Exporting 'Mesh'
ExportProgress : (2354/2662) Exporting 'Mesh'
ExportProgress : (2355/2662) Exporting 'Mesh'
ExportProgress : (2356/2662) Exporting 'Mesh'
ExportProgress : (2357/2662) Exporting 'Mesh'
ExportProgress : (2358/2662) Exporting 'Mesh'
ExportProgress : (2359/2662) Exporting 'Mesh'
ExportProgress : (2360/2662) Exporting 'Mesh'
ExportProgress : (2361/2662) Exporting 'Mesh'
ExportProgress : (2362/2662) Exporting 'Mesh'
ExportProgress : (2363/2662) Exporting 'Mesh'
ExportProgress : (2364/2662) Exporting 'Mesh'
ExportProgress : (2365/2662) Exporting 'Combined Mesh (root: scene)'
ExportProgress : (2366/2662) Exporting 'Mesh'
ExportProgress : (2367/2662) Exporting 'Mesh'
ExportProgress : (2368/2662) Exporting 'Mesh'
ExportProgress : (2369/2662) Exporting 'Mesh'
ExportProgress : (2370/2662) Exporting 'Mesh'
ExportProgress : (2371/2662) Exporting 'Mesh'
ExportProgress : (2372/2662) Exporting 'Mesh'
ExportProgress : (2373/2662) Exporting 'Mesh'
ExportProgress : (2374/2662) Exporting 'Kick Butt Track 1'
ExportProgress : (2375/2662) Exporting 'Mesh'
ExportProgress : (2376/2662) Exporting 'Combined Mesh (root: scene)'
ExportProgress : (2377/2662) Exporting 'Mesh'
ExportProgress : (2378/2662) Exporting 'Mesh'
ExportProgress : (2379/2662) Exporting 'Mesh'
ExportProgress : (2380/2662) Exporting 'Mesh'
ExportProgress : (2381/2662) Exporting 'Mesh'
ExportProgress : (2382/2662) Exporting 'Mesh'
ExportProgress : (2383/2662) Exporting 'Mesh'
ExportProgress : (2384/2662) Exporting 'Mesh'
ExportProgress : (2385/2662) Exporting 'Mesh'
ExportProgress : (2386/2662) Exporting 'Mesh'
ExportProgress : (2387/2662) Exporting 'Mesh'
ExportProgress : (2388/2662) Exporting 'Mesh'
ExportProgress : (2389/2662) Exporting 'Mesh'
ExportProgress : (2390/2662) Exporting 'Mesh'
ExportProgress : (2391/2662) Exporting 'Mesh'
ExportProgress : (2392/2662) Exporting 'Mesh'
ExportProgress : (2393/2662) Exporting 'Mesh'
ExportProgress : (2394/2662) Exporting 'Mesh'
ExportProgress : (2395/2662) Exporting 'Mesh'
ExportProgress : (2396/2662) Exporting 'Mesh'
ExportProgress : (2397/2662) Exporting 'Mesh'
ExportProgress : (2398/2662) Exporting 'Mesh'
ExportProgress : (2399/2662) Exporting 'Fish Hooks Track 3'
ExportProgress : (2400/2662) Exporting 'Mesh'
ExportProgress : (2401/2662) Exporting 'Mesh'
ExportProgress : (2402/2662) Exporting 'Mesh'
ExportProgress : (2403/2662) Exporting 'Mesh'
ExportProgress : (2404/2662) Exporting 'Mesh'
ExportProgress : (2405/2662) Exporting 'Mesh'
ExportProgress : (2406/2662) Exporting 'Mesh'
ExportProgress : (2407/2662) Exporting 'Mesh'
ExportProgress : (2408/2662) Exporting 'Mesh'
ExportProgress : (2409/2662) Exporting 'Mesh'
ExportProgress : (2410/2662) Exporting 'Mesh'
ExportProgress : (2411/2662) Exporting 'Mesh'
ExportProgress : (2412/2662) Exporting 'Mesh'
ExportProgress : (2413/2662) Exporting 'Mesh'
ExportProgress : (2414/2662) Exporting 'Mesh'
ExportProgress : (2415/2662) Exporting 'Combined Mesh (root: scene)'
ExportProgress : (2416/2662) Exporting 'Mesh'
ExportProgress : (2417/2662) Exporting 'Mesh'
ExportProgress : (2418/2662) Exporting 'Mesh'
ExportProgress : (2419/2662) Exporting 'Mesh'
ExportProgress : (2420/2662) Exporting 'Mesh'
ExportProgress : (2421/2662) Exporting 'Mesh'
ExportProgress : (2422/2662) Exporting 'Mesh'
ExportProgress : (2423/2662) Exporting 'Mesh'
ExportProgress : (2424/2662) Exporting 'Fish Hooks Track 2'
ExportProgress : (2425/2662) Exporting 'Mesh'
ExportProgress : (2426/2662) Exporting 'Mesh'
ExportProgress : (2427/2662) Exporting 'Mesh'
ExportProgress : (2428/2662) Exporting 'Mesh'
ExportProgress : (2429/2662) Exporting 'Mesh'
ExportProgress : (2430/2662) Exporting 'Mesh'
ExportProgress : (2431/2662) Exporting 'Mesh'
ExportProgress : (2432/2662) Exporting 'Combined Mesh (root: scene)'
ExportProgress : (2433/2662) Exporting 'Mesh'
ExportProgress : (2434/2662) Exporting 'Mesh'
ExportProgress : (2435/2662) Exporting 'Mesh'
ExportProgress : (2436/2662) Exporting 'Mesh'
ExportProgress : (2437/2662) Exporting 'Mesh'
ExportProgress : (2438/2662) Exporting 'Mesh'
ExportProgress : (2439/2662) Exporting 'Mesh'
ExportProgress : (2440/2662) Exporting 'Mesh'
ExportProgress : (2441/2662) Exporting 'Mesh'
ExportProgress : (2442/2662) Exporting 'Mesh'
ExportProgress : (2443/2662) Exporting 'Mesh'
ExportProgress : (2444/2662) Exporting 'Mesh'
ExportProgress : (2445/2662) Exporting 'Mesh'
ExportProgress : (2446/2662) Exporting 'Mesh'
ExportProgress : (2447/2662) Exporting 'Mesh'
ExportProgress : (2448/2662) Exporting 'Mesh'
ExportProgress : (2449/2662) Exporting 'Fish Hooks Track 1'
ExportProgress : (2450/2662) Exporting 'Mesh'
ExportProgress : (2451/2662) Exporting 'Mesh'
ExportProgress : (2452/2662) Exporting 'Mesh'
ExportProgress : (2453/2662) Exporting 'Mesh'
ExportProgress : (2454/2662) Exporting 'Mesh'
ExportProgress : (2455/2662) Exporting 'Mesh'
ExportProgress : (2456/2662) Exporting 'Mesh'
ExportProgress : (2457/2662) Exporting 'Mesh'
ExportProgress : (2458/2662) Exporting 'Mesh'
ExportProgress : (2459/2662) Exporting 'Mesh'
ExportProgress : (2460/2662) Exporting 'Mesh'
ExportProgress : (2461/2662) Exporting 'Mesh'
ExportProgress : (2462/2662) Exporting 'Mesh'
ExportProgress : (2463/2662) Exporting 'Mesh'
ExportProgress : (2464/2662) Exporting 'Mesh'
ExportProgress : (2465/2662) Exporting 'Mesh'
ExportProgress : (2466/2662) Exporting 'Mesh'
ExportProgress : (2467/2662) Exporting 'Mesh'
ExportProgress : (2468/2662) Exporting 'Mesh'
ExportProgress : (2469/2662) Exporting 'Mesh'
ExportProgress : (2470/2662) Exporting 'Mesh'
ExportProgress : (2471/2662) Exporting 'Mesh'
ExportProgress : (2472/2662) Exporting 'Mesh'
ExportProgress : (2473/2662) Exporting 'Mesh'
ExportProgress : (2474/2662) Exporting 'Mesh'
ExportProgress : (2475/2662) Exporting 'RaceResults'
ExportProgress : (2476/2662) Exporting 'Mesh'
ExportProgress : (2477/2662) Exporting 'MoreDisney'
ExportProgress : (2478/2662) Exporting 'Mesh'
ExportProgress : (2479/2662) Exporting 'Mesh'
ExportProgress : (2480/2662) Exporting 'Mesh'
ExportProgress : (2481/2662) Exporting 'Mesh'
ExportProgress : (2482/2662) Exporting 'Mesh'
ExportProgress : (2483/2662) Exporting 'Mesh'
ExportProgress : (2484/2662) Exporting 'Mesh'
ExportProgress : (2485/2662) Exporting 'Mesh'
ExportProgress : (2486/2662) Exporting 'Mesh'
ExportProgress : (2487/2662) Exporting 'Mesh'
ExportProgress : (2488/2662) Exporting 'Mesh'
ExportProgress : (2489/2662) Exporting 'Mesh'
ExportProgress : (2490/2662) Exporting 'Loading'
ExportProgress : (2491/2662) Exporting 'Mesh'
ExportProgress : (2492/2662) Exporting 'Mesh'
ExportProgress : (2493/2662) Exporting 'Mesh'
ExportProgress : (2494/2662) Exporting 'Mesh'
ExportProgress : (2495/2662) Exporting 'Mesh'
ExportProgress : (2496/2662) Exporting 'Mesh'
ExportProgress : (2497/2662) Exporting 'Mesh'
ExportProgress : (2498/2662) Exporting 'Mesh'
ExportProgress : (2499/2662) Exporting 'Mesh'
ExportProgress : (2500/2662) Exporting 'Mesh'
ExportProgress : (2501/2662) Exporting 'Mesh'
ExportProgress : (2502/2662) Exporting 'Mesh'
ExportProgress : (2503/2662) Exporting 'Mesh'
ExportProgress : (2504/2662) Exporting 'Mesh'
ExportProgress : (2505/2662) Exporting 'Mesh'
ExportProgress : (2506/2662) Exporting 'Mesh'
ExportProgress : (2507/2662) Exporting 'Mesh'
ExportProgress : (2508/2662) Exporting 'Mesh'
ExportProgress : (2509/2662) Exporting 'Mesh'
ExportProgress : (2510/2662) Exporting 'Mesh'
ExportProgress : (2511/2662) Exporting 'Mesh'
ExportProgress : (2512/2662) Exporting 'Mesh'
ExportProgress : (2513/2662) Exporting 'Mesh'
ExportProgress : (2514/2662) Exporting 'Combined Mesh (root: scene)'
ExportProgress : (2515/2662) Exporting 'Pranksgiving Test'
ExportProgress : (2516/2662) Exporting 'Mesh'
ExportProgress : (2517/2662) Exporting 'Mesh'
ExportProgress : (2518/2662) Exporting 'Mesh'
ExportProgress : (2519/2662) Exporting 'Mesh'
ExportProgress : (2520/2662) Exporting 'Mesh'
ExportProgress : (2521/2662) Exporting 'Mesh'
ExportProgress : (2522/2662) Exporting 'Mesh'
ExportProgress : (2523/2662) Exporting 'Mesh'
ExportProgress : (2524/2662) Exporting 'Combined Mesh (root: scene)'
ExportProgress : (2525/2662) Exporting 'Mesh'
ExportProgress : (2526/2662) Exporting 'Mesh'
ExportProgress : (2527/2662) Exporting 'Mesh'
ExportProgress : (2528/2662) Exporting 'Mesh'
ExportProgress : (2529/2662) Exporting 'Mesh'
ExportProgress : (2530/2662) Exporting 'Mesh'
ExportProgress : (2531/2662) Exporting 'Mesh'
ExportProgress : (2532/2662) Exporting 'Mesh'
ExportProgress : (2533/2662) Exporting 'Mesh'
ExportProgress : (2534/2662) Exporting 'Mesh'
ExportProgress : (2535/2662) Exporting 'Mesh'
ExportProgress : (2536/2662) Exporting 'Mesh'
ExportProgress : (2537/2662) Exporting 'Mesh'
ExportProgress : (2538/2662) Exporting 'Mesh'
ExportProgress : (2539/2662) Exporting 'Mesh'
ExportProgress : (2540/2662) Exporting 'Mesh'
ExportProgress : (2541/2662) Exporting 'Tutorial Track'
ExportProgress : (2542/2662) Exporting 'Mesh'
ExportProgress : (2543/2662) Exporting 'Mesh'
ExportProgress : (2544/2662) Exporting 'Mesh'
ExportProgress : (2545/2662) Exporting 'Mesh'
ExportProgress : (2546/2662) Exporting 'Mesh'
ExportProgress : (2547/2662) Exporting 'Mesh'
ExportProgress : (2548/2662) Exporting 'Mesh'
ExportProgress : (2549/2662) Exporting 'Mesh'
ExportProgress : (2550/2662) Exporting 'Mesh'
ExportProgress : (2551/2662) Exporting 'Mesh'
ExportProgress : (2552/2662) Exporting 'Mesh'
ExportProgress : (2553/2662) Exporting 'Mesh'
ExportProgress : (2554/2662) Exporting 'Mesh'
ExportProgress : (2555/2662) Exporting 'Mesh'
ExportProgress : (2556/2662) Exporting 'Mesh'
ExportProgress : (2557/2662) Exporting 'Mesh'
ExportProgress : (2558/2662) Exporting 'Combined Mesh (root: scene)'
ExportProgress : (2559/2662) Exporting 'Mesh'
ExportProgress : (2560/2662) Exporting 'Mesh'
ExportProgress : (2561/2662) Exporting 'Mesh'
ExportProgress : (2562/2662) Exporting 'Mesh'
ExportProgress : (2563/2662) Exporting 'Mesh'
ExportProgress : (2564/2662) Exporting 'Mesh'
ExportProgress : (2565/2662) Exporting 'Mesh'
ExportProgress : (2566/2662) Exporting 'Phineas Track 3'
ExportProgress : (2567/2662) Exporting 'Mesh'
ExportProgress : (2568/2662) Exporting 'Mesh'
ExportProgress : (2569/2662) Exporting 'Mesh'
ExportProgress : (2570/2662) Exporting 'Mesh'
ExportProgress : (2571/2662) Exporting 'Mesh'
ExportProgress : (2572/2662) Exporting 'Mesh'
ExportProgress : (2573/2662) Exporting 'Mesh'
ExportProgress : (2574/2662) Exporting 'Combined Mesh (root: scene)'
ExportProgress : (2575/2662) Exporting 'Mesh'
ExportProgress : (2576/2662) Exporting 'Mesh'
ExportProgress : (2577/2662) Exporting 'Mesh'
ExportProgress : (2578/2662) Exporting 'Mesh'
ExportProgress : (2579/2662) Exporting 'Mesh'
ExportProgress : (2580/2662) Exporting 'Mesh'
ExportProgress : (2581/2662) Exporting 'Mesh'
ExportProgress : (2582/2662) Exporting 'Mesh'
ExportProgress : (2583/2662) Exporting 'Mesh'
ExportProgress : (2584/2662) Exporting 'Mesh'
ExportProgress : (2585/2662) Exporting 'Mesh'
ExportProgress : (2586/2662) Exporting 'Mesh'
ExportProgress : (2587/2662) Exporting 'Mesh'
ExportProgress : (2588/2662) Exporting 'Mesh'
ExportProgress : (2589/2662) Exporting 'Mesh'
ExportProgress : (2590/2662) Exporting 'Mesh'
ExportProgress : (2591/2662) Exporting 'Phineas Track 2'
ExportProgress : (2592/2662) Exporting 'Mesh'
ExportProgress : (2593/2662) Exporting 'Mesh'
ExportProgress : (2594/2662) Exporting 'Mesh'
ExportProgress : (2595/2662) Exporting 'Mesh'
ExportProgress : (2596/2662) Exporting 'Mesh'
ExportProgress : (2597/2662) Exporting 'Mesh'
ExportProgress : (2598/2662) Exporting 'Mesh'
ExportProgress : (2599/2662) Exporting 'Mesh'
ExportProgress : (2600/2662) Exporting 'Mesh'
ExportProgress : (2601/2662) Exporting 'Mesh'
ExportProgress : (2602/2662) Exporting 'Mesh'
ExportProgress : (2603/2662) Exporting 'Mesh'
ExportProgress : (2604/2662) Exporting 'Mesh'
ExportProgress : (2605/2662) Exporting 'Mesh'
ExportProgress : (2606/2662) Exporting 'Mesh'
ExportProgress : (2607/2662) Exporting 'Mesh'
ExportProgress : (2608/2662) Exporting 'Mesh'
ExportProgress : (2609/2662) Exporting 'Mesh'
ExportProgress : (2610/2662) Exporting 'Mesh'
ExportProgress : (2611/2662) Exporting 'Combined Mesh (root: scene)'
ExportProgress : (2612/2662) Exporting 'Mesh'
ExportProgress : (2613/2662) Exporting 'Mesh'
ExportProgress : (2614/2662) Exporting 'Mesh'
ExportProgress : (2615/2662) Exporting 'Mesh'
ExportProgress : (2616/2662) Exporting 'Phineas Track 1'
ExportProgress : (2617/2662) Exporting 'Mesh'
ExportProgress : (2618/2662) Exporting 'Mesh'
ExportProgress : (2619/2662) Exporting 'Mesh'
ExportProgress : (2620/2662) Exporting 'Mesh'
ExportProgress : (2621/2662) Exporting 'Mesh'
ExportProgress : (2622/2662) Exporting 'Mesh'
ExportProgress : (2623/2662) Exporting 'Combined Mesh (root: scene)'
ExportProgress : (2624/2662) Exporting 'Mesh'
ExportProgress : (2625/2662) Exporting 'Mesh'
ExportProgress : (2626/2662) Exporting 'Mesh'
ExportProgress : (2627/2662) Exporting 'Mesh'
ExportProgress : (2628/2662) Exporting 'Mesh'
ExportProgress : (2629/2662) Exporting 'Mesh'
ExportProgress : (2630/2662) Exporting 'Mesh'
ExportProgress : (2631/2662) Exporting 'Mesh'
ExportProgress : (2632/2662) Exporting 'Mesh'
ExportProgress : (2633/2662) Exporting 'Mesh'
ExportProgress : (2634/2662) Exporting 'Mesh'
ExportProgress : (2635/2662) Exporting 'Mesh'
ExportProgress : (2636/2662) Exporting 'Mesh'
ExportProgress : (2637/2662) Exporting 'Mesh'
ExportProgress : (2638/2662) Exporting 'Mesh'
ExportProgress : (2639/2662) Exporting 'Mesh'
ExportProgress : (2640/2662) Exporting 'Mesh'
ExportProgress : (2641/2662) Exporting 'Mesh'
ExportProgress : (2642/2662) Exporting 'Kick Butt Track 3'
ExportProgress : (2643/2662) Exporting 'Mesh'
ExportProgress : (2644/2662) Exporting 'Mesh'
ExportProgress : (2645/2662) Exporting 'Mesh'
ExportProgress : (2646/2662) Exporting 'Mesh'
ExportProgress : (2647/2662) Exporting 'Mesh'
ExportProgress : (2648/2662) Exporting 'Mesh'
ExportProgress : (2649/2662) Exporting 'Mesh'
ExportProgress : (2650/2662) Exporting 'Mesh'
ExportProgress : (2651/2662) Exporting 'Mesh'
ExportProgress : (2652/2662) Exporting 'Combined Mesh (root: scene)'
ExportProgress : (2653/2662) Exporting 'Mesh'
ExportProgress : (2654/2662) Exporting 'Mesh'
ExportProgress : (2655/2662) Exporting 'Mesh'
ExportProgress : (2656/2662) Exporting 'Mesh'
ExportProgress : (2657/2662) Exporting 'Mesh'
ExportProgress : (2658/2662) Exporting 'FrontEndTest'
ExportProgress : (2659/2662) Exporting 'Mesh'
ExportProgress : (2660/2662) Exporting 'PreFrontEnd'
ExportProgress : (2661/2662) Exporting 'EditorBuildSettings'
ExportProgress : (2662/2662) Exporting 'EditorSettings'
Export : Finished exporting assets
Export : Saving game assemblies...
Export : Finished post-export
Export : Starting primary content export
Export : Attempting to export assets to C:\Users\STEEP\Documents\game\phase2_extraction\AssetRipperPrimaryContent...
ExportProgress : (1/2029) Exporting 'Normal-VertexLit'
ExportProgress : (2/2029) Exporting 'Normal-Diffuse'
ExportProgress : (3/2029) Exporting 'Shadow-ScreenBlur'
ExportProgress : (4/2029) Exporting 'Camera-DepthTexture'
ExportProgress : (5/2029) Exporting 'Camera-DepthNormalTexture'
ExportProgress : (6/2029) Exporting 'Internal-PrePassLighting'
ExportProgress : (7/2029) Exporting 'Internal-PrePassCollectShadows'
ExportProgress : (8/2029) Exporting 'Internal-CombineDepthNormals'
ExportProgress : (9/2029) Exporting 'Internal-BlitCopy'
ExportProgress : (10/2029) Exporting 'Shadow-ScreenBlurRotated'
ExportProgress : (11/2029) Exporting 'Internal-Clear'
ExportProgress : (12/2029) Exporting 'Internal-Flare'
ExportProgress : (13/2029) Exporting 'Internal-Halo'
ExportProgress : (14/2029) Exporting 'Internal-GUITextureClip'
ExportProgress : (15/2029) Exporting 'Internal-GUITextureClipText'
ExportProgress : (16/2029) Exporting 'Internal-GUITexture'
ExportProgress : (17/2029) Exporting 'Internal-GUITextureBlit'
ExportProgress : (18/2029) Exporting 'Soft'
ExportProgress : (19/2029) Exporting 'Font'
ExportProgress : (20/2029) Exporting 'Arial'
ExportProgress : (21/2029) Exporting 'Font Texture'
ExportProgress : (22/2029) Exporting 'pSphere1'
ExportProgress : (23/2029) Exporting 'Cube'
ExportProgress : (24/2029) Exporting 'pCylinder1'
ExportProgress : (25/2029) Exporting 'pPlane1'
ExportProgress : (26/2029) Exporting 'polySurface2'
ExportProgress : (27/2029) Exporting 'Cylinder'
ExportProgress : (28/2029) Exporting 'Sphere'
ExportProgress : (29/2029) Exporting 'Capsule'
ExportProgress : (30/2029) Exporting 'Plane'
ExportProgress : (31/2029) Exporting 'Quad'
ExportProgress : (32/2029) Exporting 'Icosphere'
ExportProgress : (33/2029) Exporting 'icosahedron'
ExportProgress : (34/2029) Exporting 'pyramid'
ExportProgress : (35/2029) Exporting 'UnityWatermark-small'
ExportProgress : (36/2029) Exporting 'EscToExit_back'
ExportProgress : (37/2029) Exporting 'EscToExit_Text'
ExportProgress : (38/2029) Exporting 'UnitySplash'
ExportProgress : (39/2029) Exporting 'UnitySplash2'
ExportProgress : (40/2029) Exporting 'UnitySplash3'
ExportProgress : (41/2029) Exporting 'UnitySplashBack'
ExportProgress : (42/2029) Exporting 'UnityWatermark-trial'
ExportProgress : (43/2029) Exporting 'UnityWatermark-beta'
ExportProgress : (44/2029) Exporting 'UnityWatermark-edu'
ExportProgress : (45/2029) Exporting 'UnityWatermark-dev'
ExportProgress : (46/2029) Exporting 'WarningSign'
ExportProgress : (47/2029) Exporting 'UnityWatermark-DebugFlashPlayer'
ExportProgress : (48/2029) Exporting 'UnityWatermark-proto'
ExportProgress : (49/2029) Exporting 'UnityWatermarkPlugin-beta'
ExportProgress : (50/2029) Exporting 'Sprites-Default'
ExportProgress : (51/2029) Exporting 'box'
ExportProgress : (52/2029) Exporting 'button active'
ExportProgress : (53/2029) Exporting 'button hover'
ExportProgress : (54/2029) Exporting 'button on hover'
ExportProgress : (55/2029) Exporting 'button on'
ExportProgress : (56/2029) Exporting 'button'
ExportProgress : (57/2029) Exporting 'horizontal scrollbar thumb'
ExportProgress : (58/2029) Exporting 'horizontal scrollbar'
ExportProgress : (59/2029) Exporting 'horizontalslider'
ExportProgress : (60/2029) Exporting 'slider thumb active'
ExportProgress : (61/2029) Exporting 'slider thumb'
ExportProgress : (62/2029) Exporting 'slidert humb hover'
ExportProgress : (63/2029) Exporting 'toggle active'
ExportProgress : (64/2029) Exporting 'toggle hover'
ExportProgress : (65/2029) Exporting 'toggle on hover'
ExportProgress : (66/2029) Exporting 'toggle on'
ExportProgress : (67/2029) Exporting 'toggle on active'
ExportProgress : (68/2029) Exporting 'toggle'
ExportProgress : (69/2029) Exporting 'vertical scrollbar thumb'
ExportProgress : (70/2029) Exporting 'vertical scrollbar'
ExportProgress : (71/2029) Exporting 'verticalslider'
ExportProgress : (72/2029) Exporting 'window on'
ExportProgress : (73/2029) Exporting 'window'
ExportProgress : (74/2029) Exporting 'textfield'
ExportProgress : (75/2029) Exporting 'textfield on'
ExportProgress : (76/2029) Exporting 'textfield hover'
ExportProgress : (77/2029) Exporting 'ScriptExportCollection'
ExportProgress : (78/2029) Exporting 'tire face'
ExportProgress : (79/2029) Exporting 'first track uvs'
ExportProgress : (80/2029) Exporting 'dirt track'
ExportProgress : (81/2029) Exporting 'kick school bus'
ExportProgress : (82/2029) Exporting 'kick scorebox'
ExportProgress : (83/2029) Exporting 'OilSlick'
ExportProgress : (84/2029) Exporting 'track 01 container'
ExportProgress : (85/2029) Exporting 'LightmapFar-2'
ExportProgress : (86/2029) Exporting 'Street Corner'
ExportProgress : (87/2029) Exporting 'LightmapFar-3'
ExportProgress : (88/2029) Exporting 'LightmapFar-0'
ExportProgress : (89/2029) Exporting 'kick stadium piece'
ExportProgress : (90/2029) Exporting 'kick terrain'
ExportProgress : (91/2029) Exporting 'tiret'
ExportProgress : (92/2029) Exporting 'KickBillboardAd'
ExportProgress : (93/2029) Exporting 'phineas ferb tunnel texture'
ExportProgress : (94/2029) Exporting 'speakers'
ExportProgress : (95/2029) Exporting 'kick car pile'
ExportProgress : (96/2029) Exporting 'track01 ends'
ExportProgress : (97/2029) Exporting 'LightmapFar-1'
ExportProgress : (98/2029) Exporting 'kick lights'
ExportProgress : (99/2029) Exporting 'track 01 container2'
ExportProgress : (100/2029) Exporting 'kick terrain2'
ExportProgress : (101/2029) Exporting 'Street 1'
ExportProgress : (102/2029) Exporting 'Cylinder'
ExportProgress : (103/2029) Exporting 'dirt_road__1_collsion'
ExportProgress : (104/2029) Exporting 'Plane_002'
ExportProgress : (105/2029) Exporting 'dirt_road2'
ExportProgress : (106/2029) Exporting 'tire_tower'
ExportProgress : (107/2029) Exporting 'blue_crate_open'
ExportProgress : (108/2029) Exporting 'amb_crowd_cheering_lp'
ExportProgress : (109/2029) Exporting 'imp_oil_Slick'
ExportProgress : (110/2029) Exporting 'KB Main Title TRK (FINAL) - loop'
ExportProgress : (111/2029) Exporting 'LightProbes'
ExportProgress : (112/2029) Exporting 'Barrel On Track'
ExportProgress : (113/2029) Exporting 'fish hooks exterior terrain grass'
ExportProgress : (114/2029) Exporting 'LightmapFar-1'
ExportProgress : (115/2029) Exporting 'LightmapFar-2'
ExportProgress : (116/2029) Exporting 'Fishtankia-Tree-01'
ExportProgress : (117/2029) Exporting 'LightmapFar-4'
ExportProgress : (118/2029) Exporting 'LightmapFar-0'
ExportProgress : (119/2029) Exporting 'fish hook cliff face earth'
ExportProgress : (120/2029) Exporting 'fish hooks cliff thing 2'
ExportProgress : (121/2029) Exporting 'fish hooks casltel'
ExportProgress : (122/2029) Exporting 'LightmapFar-3'
ExportProgress : (123/2029) Exporting 'Fishtankia Tree 04'
ExportProgress : (124/2029) Exporting 'Castle'
ExportProgress : (125/2029) Exporting 'arrow sign'
ExportProgress : (126/2029) Exporting 'Fishtankia Tree 03'
ExportProgress : (127/2029) Exporting 'Fishtankia Tree 02'
ExportProgress : (128/2029) Exporting 'Track_Section_1_000'
ExportProgress : (129/2029) Exporting 'Plane'
ExportProgress : (130/2029) Exporting 'Track_Section_1_001'
ExportProgress : (131/2029) Exporting 'tube_tunnel'
ExportProgress : (132/2029) Exporting 'stalagtite'
ExportProgress : (133/2029) Exporting 'LightProbes'
ExportProgress : (134/2029) Exporting 'HokeyPokeDiner_Octopus'
ExportProgress : (135/2029) Exporting 'fish hooks exterior terrain weird'
ExportProgress : (136/2029) Exporting 'fish hooks cliff thing'
ExportProgress : (137/2029) Exporting 'fish hooks football stadium'
ExportProgress : (138/2029) Exporting 'LightmapFar-0'
ExportProgress : (139/2029) Exporting 'LightmapFar-1'
ExportProgress : (140/2029) Exporting 'fish hook cliff face weird'
ExportProgress : (141/2029) Exporting 'fish hooks football field'
ExportProgress : (142/2029) Exporting 'HokeyPokeDiner_Ship'
ExportProgress : (143/2029) Exporting 'flagpole'
ExportProgress : (144/2029) Exporting 'GoalPosts'
ExportProgress : (145/2029) Exporting 'Track_Section_1_003'
ExportProgress : (146/2029) Exporting 'Track_Section_1_002'
ExportProgress : (147/2029) Exporting 'Track_Section_1_001'
ExportProgress : (148/2029) Exporting 'Plane'
ExportProgress : (149/2029) Exporting 'boulder_004'
ExportProgress : (150/2029) Exporting 'LightProbes'
ExportProgress : (151/2029) Exporting 'fish hooks school relief'
ExportProgress : (152/2029) Exporting 'fish hooks column'
ExportProgress : (153/2029) Exporting 'fish hooks interior walls clean'
ExportProgress : (154/2029) Exporting 'horseshoe crap uvs'
ExportProgress : (155/2029) Exporting 'Water Caustics'
ExportProgress : (156/2029) Exporting 'fish hook school exterior wall bare'
ExportProgress : (157/2029) Exporting 'fish hooks basketball'
ExportProgress : (158/2029) Exporting 'SS tutorial logo'
ExportProgress : (159/2029) Exporting 'fish hook school exterior wall'
ExportProgress : (160/2029) Exporting 'pickup shield'
ExportProgress : (161/2029) Exporting 'fish school'
ExportProgress : (162/2029) Exporting 'mine'
ExportProgress : (163/2029) Exporting 'fish hooks lockers'
ExportProgress : (164/2029) Exporting 'HUDCoinCost'
ExportProgress : (165/2029) Exporting 'fish hook exterior ground '
ExportProgress : (166/2029) Exporting 'fish hooks skybox2'
ExportProgress : (167/2029) Exporting 'pickup gatorade'
ExportProgress : (168/2029) Exporting 'fish hooks school bottom'
ExportProgress : (169/2029) Exporting 'Trafic Light SpriteAtlas'
ExportProgress : (170/2029) Exporting 'fish hooks decorations spiky shell'
ExportProgress : (171/2029) Exporting 'finish line'
ExportProgress : (172/2029) Exporting 'Coin'
ExportProgress : (173/2029) Exporting 'fish hooks skybox'
ExportProgress : (174/2029) Exporting 'fish hooks school mini columns'
ExportProgress : (175/2029) Exporting 'fish hooks track lines'
ExportProgress : (176/2029) Exporting 'fish hooks boulder'
ExportProgress : (177/2029) Exporting 'speed strip'
ExportProgress : (178/2029) Exporting 'fish hook interior ground '
ExportProgress : (179/2029) Exporting 'fish hook interior ceiling'
ExportProgress : (180/2029) Exporting 'Goal-Flag-plants-coral'
ExportProgress : (181/2029) Exporting 'fish hook interior court ground'
ExportProgress : (182/2029) Exporting 'fish hook school exterior stairs'
ExportProgress : (183/2029) Exporting 'pickup rocket'
ExportProgress : (184/2029) Exporting 'Track01_Basketball_hoop'
ExportProgress : (185/2029) Exporting 'coin'
ExportProgress : (186/2029) Exporting 'fish hooks decorations round shell'
ExportProgress : (187/2029) Exporting 'fish hooks decorations clam'
ExportProgress : (188/2029) Exporting 'fish hooks track main road'
ExportProgress : (189/2029) Exporting 'billboard'
ExportProgress : (190/2029) Exporting 'ScubaGuy'
ExportProgress : (191/2029) Exporting 'fish hooks exterior terrain'
ExportProgress : (192/2029) Exporting 'FishHooksBillboardAd'
ExportProgress : (193/2029) Exporting 'arrow sign'
ExportProgress : (194/2029) Exporting 'LightmapFar-0'
ExportProgress : (195/2029) Exporting 'fish hook school exterior stairs top'
ExportProgress : (196/2029) Exporting 'LightmapFar-2'
ExportProgress : (197/2029) Exporting 'Checkerground'
ExportProgress : (198/2029) Exporting 'fish hooks decoration flute'
ExportProgress : (199/2029) Exporting 'fish hook school exterior front door'
ExportProgress : (200/2029) Exporting 'LightmapFar-1'
ExportProgress : (201/2029) Exporting 'fish hooks interior walls'
ExportProgress : (202/2029) Exporting 'Track01-sign'
ExportProgress : (203/2029) Exporting 'clam_upper_lip'
ExportProgress : (204/2029) Exporting 'Cube_001'
ExportProgress : (205/2029) Exporting 'Cube'
ExportProgress : (206/2029) Exporting 'coin'
ExportProgress : (207/2029) Exporting 'Cylinder'
ExportProgress : (208/2029) Exporting 'Sphere'
ExportProgress : (209/2029) Exporting 'Sphere'
ExportProgress : (210/2029) Exporting 'clam_bottom_lip'
ExportProgress : (211/2029) Exporting 'Trilobite'
ExportProgress : (212/2029) Exporting 'Mesh_020'
ExportProgress : (213/2029) Exporting 'Mesh_019'
ExportProgress : (214/2029) Exporting 'Mesh_015'
ExportProgress : (215/2029) Exporting 'school'
ExportProgress : (216/2029) Exporting 'Mesh_011'
ExportProgress : (217/2029) Exporting 'boulder1'
ExportProgress : (218/2029) Exporting 'road2'
ExportProgress : (219/2029) Exporting 'road1'
ExportProgress : (220/2029) Exporting 'shool_right'
ExportProgress : (221/2029) Exporting 'school_left'
ExportProgress : (222/2029) Exporting 'road_3'
ExportProgress : (223/2029) Exporting 'a'
ExportProgress : (224/2029) Exporting 'road4'
ExportProgress : (225/2029) Exporting 'lockers'
ExportProgress : (226/2029) Exporting 'Mobile-Skybox'
ExportProgress : (227/2029) Exporting 'Underwater Unlit'
ExportProgress : (228/2029) Exporting 'jump_landing'
ExportProgress : (229/2029) Exporting 'impact_noglass_02'
ExportProgress : (230/2029) Exporting 'rocket_fire'
ExportProgress : (231/2029) Exporting 'Fish Hooks FINAL Main Title MUSIC ONLY loop'
ExportProgress : (232/2029) Exporting 'basketball_bounce'
ExportProgress : (233/2029) Exporting 'rocket_impact_shield'
ExportProgress : (234/2029) Exporting 'Light_Beep_Countdown'
ExportProgress : (235/2029) Exporting 'impact_noglass_01'
ExportProgress : (236/2029) Exporting 'impact_noglass_03'
ExportProgress : (237/2029) Exporting 'Shield Activate'
ExportProgress : (238/2029) Exporting 'wrong_way_buzzer'
ExportProgress : (239/2029) Exporting 'coin_pickup'
ExportProgress : (240/2029) Exporting 'SI-6037_08_05'
ExportProgress : (241/2029) Exporting 'Lazer #3'
ExportProgress : (242/2029) Exporting 'mus_win'
ExportProgress : (243/2029) Exporting 'amb_water_flowing_lp'
ExportProgress : (244/2029) Exporting 'powerup'
ExportProgress : (245/2029) Exporting 'mus_lose'
ExportProgress : (246/2029) Exporting 'rocket_lp'
ExportProgress : (247/2029) Exporting 'powerup_coin'
ExportProgress : (248/2029) Exporting 'Light_Beep_Start'
ExportProgress : (249/2029) Exporting 'tire_squeal_lp_01'
ExportProgress : (250/2029) Exporting 'LAZER2'
ExportProgress : (251/2029) Exporting 'Missile Hits Shield'
ExportProgress : (252/2029) Exporting 'LightProbes'
ExportProgress : (253/2029) Exporting 'HUD Buy Powerup'
ExportProgress : (254/2029) Exporting 'HUD Get Powerup'
ExportProgress : (255/2029) Exporting 'Booster Pickup'
ExportProgress : (256/2029) Exporting 'Mine Pickup'
ExportProgress : (257/2029) Exporting 'Rocket Pickup'
ExportProgress : (258/2029) Exporting 'ShieldPickup'
ExportProgress : (259/2029) Exporting 'Coin'
ExportProgress : (260/2029) Exporting 'AI Blip'
ExportProgress : (261/2029) Exporting 'Drift Scale'
ExportProgress : (262/2029) Exporting 'Mine Notify'
ExportProgress : (263/2029) Exporting 'PauseScreen'
ExportProgress : (264/2029) Exporting 'Player Blip'
ExportProgress : (265/2029) Exporting 'PowerUpDisplay Boost'
ExportProgress : (266/2029) Exporting 'PowerUpDisplay Mine'
ExportProgress : (267/2029) Exporting 'PowerUpDisplay Rocket'
ExportProgress : (268/2029) Exporting 'PowerUpDisplay Shield'
ExportProgress : (269/2029) Exporting 'WrongWayPrefab'
ExportProgress : (270/2029) Exporting 'HUD SpriteAtlas'
ExportProgress : (271/2029) Exporting 'Rewind Dialog'
ExportProgress : (272/2029) Exporting 'Default-Particle'
ExportProgress : (273/2029) Exporting 'Swatch Dipper'
ExportProgress : (274/2029) Exporting 'color_white'
ExportProgress : (275/2029) Exporting 'SS Logo'
ExportProgress : (276/2029) Exporting 'Swatch Custom Beta Infernos'
ExportProgress : (277/2029) Exporting 'garage tire rack'
ExportProgress : (278/2029) Exporting 'Kart Customizer SpriteAtlas'
ExportProgress : (279/2029) Exporting 'LightmapFar-0'
ExportProgress : (280/2029) Exporting 'Shifter Slot Front'
ExportProgress : (281/2029) Exporting 'Pranksgiving SpriteAtlas'
ExportProgress : (282/2029) Exporting 'garage lift bottom'
ExportProgress : (283/2029) Exporting 'Font Texture'
ExportProgress : (284/2029) Exporting 'Swatch Phineas'
ExportProgress : (285/2029) Exporting 'Swatch Kick'
ExportProgress : (286/2029) Exporting 'Swatch Perry'
ExportProgress : (287/2029) Exporting 'finish line SpriteAtlas'
ExportProgress : (288/2029) Exporting 'Swatch Purple'
ExportProgress : (289/2029) Exporting 'Fadable HUD SpriteAtlas'
ExportProgress : (290/2029) Exporting 'Swatch Mabel'
ExportProgress : (291/2029) Exporting 'Swatch Silver'
ExportProgress : (292/2029) Exporting 'garage ground'
ExportProgress : (293/2029) Exporting 'Burst'
ExportProgress : (294/2029) Exporting 'Font Texture'
ExportProgress : (295/2029) Exporting 'wrench'
ExportProgress : (296/2029) Exporting 'Blocker Invisible SpriteAtlas'
ExportProgress : (297/2029) Exporting 'Swatch Bronze'
ExportProgress : (298/2029) Exporting 'Swatch Custom Alpha Infernos'
ExportProgress : (299/2029) Exporting 'logos SpriteAtlas'
ExportProgress : (300/2029) Exporting 'garage beam'
ExportProgress : (301/2029) Exporting 'SpinSemicircle'
ExportProgress : (302/2029) Exporting 'Swatch Pink'
ExportProgress : (303/2029) Exporting 'ramp'
ExportProgress : (304/2029) Exporting 'Swatch Gunther'
ExportProgress : (305/2029) Exporting 'lightning'
ExportProgress : (306/2029) Exporting 'NewbieCircuit'
ExportProgress : (307/2029) Exporting 'Pranksgiving Logo'
ExportProgress : (308/2029) Exporting 'sound icon SpriteAtlas'
ExportProgress : (309/2029) Exporting 'Fire bw'
ExportProgress : (310/2029) Exporting 'TripWireShield'
ExportProgress : (311/2029) Exporting 'Full Screen Booster SpriteAtlas'
ExportProgress : (312/2029) Exporting 'garage exit door'
ExportProgress : (313/2029) Exporting 'kart tier 1 texture'
ExportProgress : (314/2029) Exporting 'garage wall1'
ExportProgress : (315/2029) Exporting 'Swatch None'
ExportProgress : (316/2029) Exporting 'Shield'
ExportProgress : (317/2029) Exporting 'Swatch Oscar'
ExportProgress : (318/2029) Exporting 'Swatch Black'
ExportProgress : (319/2029) Exporting 'Swatch Brad'
ExportProgress : (320/2029) Exporting 'Swatch Ferb'
ExportProgress : (321/2029) Exporting 'MagnetShield'
ExportProgress : (322/2029) Exporting 'Swatch Steel'
ExportProgress : (323/2029) Exporting 'garage electro box'
ExportProgress : (324/2029) Exporting 'SmokeRingBurstHARD'
ExportProgress : (325/2029) Exporting 'Swatch Custom Alpha'
ExportProgress : (326/2029) Exporting 'garage other screen'
ExportProgress : (327/2029) Exporting 'Logos SpriteAtlas'
ExportProgress : (328/2029) Exporting 'garage hall hole'
ExportProgress : (329/2029) Exporting 'Cloud'
ExportProgress : (330/2029) Exporting 'CoronaStar'
ExportProgress : (331/2029) Exporting 'Font Texture'
ExportProgress : (332/2029) Exporting 'garage monitor main'
ExportProgress : (333/2029) Exporting 'RaceResults SpriteAtlas'
ExportProgress : (334/2029) Exporting 'barrel'
ExportProgress : (335/2029) Exporting 'logo phineas'
ExportProgress : (336/2029) Exporting 'Swatch Red'
ExportProgress : (337/2029) Exporting 'Multi-Use SpriteAtlas'
ExportProgress : (338/2029) Exporting 'Blocker SpriteAtlas'
ExportProgress : (339/2029) Exporting 'garage toolbox'
ExportProgress : (340/2029) Exporting 'Loading Circle White Alpha'
ExportProgress : (341/2029) Exporting 'Nav Bar Shifter SpriteAtlas'
ExportProgress : (342/2029) Exporting 'music icon SpriteAtlas'
ExportProgress : (343/2029) Exporting 'Swatch Copper'
ExportProgress : (344/2029) Exporting 'Horizontal strays SpriteAtlas'
ExportProgress : (345/2029) Exporting 'garage lift thingie'
ExportProgress : (346/2029) Exporting 'Swatch Gold'
ExportProgress : (347/2029) Exporting 'Swatch Blue'
ExportProgress : (348/2029) Exporting 'PieSplatEffect SpriteAtlas'
ExportProgress : (349/2029) Exporting 'self ilum ramp'
ExportProgress : (350/2029) Exporting 'Bubble'
ExportProgress : (351/2029) Exporting 'garage computer'
ExportProgress : (352/2029) Exporting 'Level Previews SpriteAtlas'
ExportProgress : (353/2029) Exporting 'garage exit door2'
ExportProgress : (354/2029) Exporting 'Sparkle'
ExportProgress : (355/2029) Exporting 'Static'
ExportProgress : (356/2029) Exporting 'ExplosionFire'
ExportProgress : (357/2029) Exporting 'SmokeRealBlurred'
ExportProgress : (358/2029) Exporting 'Swatch Custom Beta'
ExportProgress : (359/2029) Exporting 'garage exit'
ExportProgress : (360/2029) Exporting 'Swatch Mike'
ExportProgress : (361/2029) Exporting 'Swatch Bea'
ExportProgress : (362/2029) Exporting 'OtherUI SpriteAtlas'
ExportProgress : (363/2029) Exporting 'ShieldDouble'
ExportProgress : (364/2029) Exporting 'Swatch Milo'
ExportProgress : (365/2029) Exporting 'Multi-Use Icons SpriteAtlas'
ExportProgress : (366/2029) Exporting 'SmokeRingBurst'
ExportProgress : (367/2029) Exporting 'garage metal rivets'
ExportProgress : (368/2029) Exporting 'Vertical strays SpriteAtlas'
ExportProgress : (369/2029) Exporting 'garage wall - pranksgiving'
ExportProgress : (370/2029) Exporting 'Shifter Slot Back'
ExportProgress : (371/2029) Exporting 'garage hall wall and floor'
ExportProgress : (372/2029) Exporting 'GlowDot'
ExportProgress : (373/2029) Exporting 'Shield'
ExportProgress : (374/2029) Exporting 'Plane_001'
ExportProgress : (375/2029) Exporting 'Plane'
ExportProgress : (376/2029) Exporting 'Lift'
ExportProgress : (377/2029) Exporting 'rollup_door'
ExportProgress : (378/2029) Exporting 'Illumin-Diffuse'
ExportProgress : (379/2029) Exporting 'Illumin-VertexLit'
ExportProgress : (380/2029) Exporting 'Alpha-Diffuse'
ExportProgress : (381/2029) Exporting 'Alpha-VertexLit'
ExportProgress : (382/2029) Exporting 'Particle Premultiply Blend'
ExportProgress : (383/2029) Exporting 'Mobile-Lightmap-Unlit'
ExportProgress : (384/2029) Exporting 'Mobile-Particle-Add'
ExportProgress : (385/2029) Exporting 'Transparent Color Shift Unlit'
ExportProgress : (386/2029) Exporting 'Double Texture Additive Unlit'
ExportProgress : (387/2029) Exporting 'Localize-US'
ExportProgress : (388/2029) Exporting 'scene_whoosh_03'
ExportProgress : (389/2029) Exporting 'ui_shift_01'
ExportProgress : (390/2029) Exporting 'scene_whoosh_02'
ExportProgress : (391/2029) Exporting 'ui_select'
ExportProgress : (392/2029) Exporting 'ui_shift_02'
ExportProgress : (393/2029) Exporting 'Engine_Revs_01'
ExportProgress : (394/2029) Exporting 'GUI Beep'
ExportProgress : (395/2029) Exporting 'ui_shift_03'
ExportProgress : (396/2029) Exporting 'Engine_Revs_03'
ExportProgress : (397/2029) Exporting 'the-movement-loop01'
ExportProgress : (398/2029) Exporting 'scene_whoosh_01'
ExportProgress : (399/2029) Exporting 'ui_buy_button_press'
ExportProgress : (400/2029) Exporting 'rocket_exp'
ExportProgress : (401/2029) Exporting 'Success_Fanfare'
ExportProgress : (402/2029) Exporting 'engine04_idle_lp_01'
ExportProgress : (403/2029) Exporting 'ui_coins_added'
ExportProgress : (404/2029) Exporting 'Engine_Revs_02'
ExportProgress : (405/2029) Exporting 'pyro_fire_burst'
ExportProgress : (406/2029) Exporting 'Cabin-SemiBold'
ExportProgress : (407/2029) Exporting 'CCUpUpAndAway'
ExportProgress : (408/2029) Exporting 'VAG Rounded Black'
ExportProgress : (409/2029) Exporting 'LightProbes'
ExportProgress : (410/2029) Exporting 'DoubleBoost'
ExportProgress : (411/2029) Exporting 'Drift'
ExportProgress : (412/2029) Exporting 'Exhaust Fire'
ExportProgress : (413/2029) Exporting 'Exhaust'
ExportProgress : (414/2029) Exporting 'Full Screen Booster Effect'
ExportProgress : (415/2029) Exporting 'HitOtherCart'
ExportProgress : (416/2029) Exporting 'Poof'
ExportProgress : (417/2029) Exporting 'Spinout'
ExportProgress : (418/2029) Exporting 'Pyrotechnics particles'
ExportProgress : (419/2029) Exporting 'Finish Line New'
ExportProgress : (420/2029) Exporting 'Pick Up Coin'
ExportProgress : (421/2029) Exporting 'ParticleLibrary'
ExportProgress : (422/2029) Exporting 'Explosion'
ExportProgress : (423/2029) Exporting 'Magnet Shield'
ExportProgress : (424/2029) Exporting 'RocketFire'
ExportProgress : (425/2029) Exporting 'Shield Double'
ExportProgress : (426/2029) Exporting 'Shield'
ExportProgress : (427/2029) Exporting 'ShockedEngine'
ExportProgress : (428/2029) Exporting 'Tripwire Shield'
ExportProgress : (429/2029) Exporting 'hit laser'
ExportProgress : (430/2029) Exporting 'Cart Paint Job'
ExportProgress : (431/2029) Exporting 'Coin Balance x1,000'
ExportProgress : (432/2029) Exporting 'Coin Balance x10,000'
ExportProgress : (433/2029) Exporting 'Coin Balance x100,000'
ExportProgress : (434/2029) Exporting 'Complete All Achievements'
ExportProgress : (435/2029) Exporting 'Equip Level 3 Parts'
ExportProgress : (436/2029) Exporting 'Equip Level 6 Parts'
ExportProgress : (437/2029) Exporting 'Lifetime In Air x120'
ExportProgress : (438/2029) Exporting 'Lifetime In Air x300'
ExportProgress : (439/2029) Exporting 'Lifetime In Air x60'
ExportProgress : (440/2029) Exporting 'Lifetime Mine Opponent x100'
ExportProgress : (441/2029) Exporting 'Lifetime Mine Opponent x20'
ExportProgress : (442/2029) Exporting 'Lifetime Mine Opponent x50'
ExportProgress : (443/2029) Exporting 'Lifetime Powerup Collection x100'
ExportProgress : (444/2029) Exporting 'Lifetime Powerup Collection x20'
ExportProgress : (445/2029) Exporting 'Lifetime Powerup Collection x50'
ExportProgress : (446/2029) Exporting 'Lifetime Powerup Purchase x100'
ExportProgress : (447/2029) Exporting 'Lifetime Powerup Purchase x20'
ExportProgress : (448/2029) Exporting 'Lifetime Powerup Purchase x50'
ExportProgress : (449/2029) Exporting 'Lifetime Rocket Opponent x100'
ExportProgress : (450/2029) Exporting 'Lifetime Rocket Opponent x20'
ExportProgress : (451/2029) Exporting 'Lifetime Rocket Opponent x50'
ExportProgress : (452/2029) Exporting 'Meta Finish All First Places'
ExportProgress : (453/2029) Exporting 'Meta Finish Master Circuit'
ExportProgress : (454/2029) Exporting 'Meta Finish Newbie Circuit'
ExportProgress : (455/2029) Exporting 'Meta Finish Pro Circuit'
ExportProgress : (456/2029) Exporting 'Spend Lifetime Coins x1000'
ExportProgress : (457/2029) Exporting 'Spend Lifetime Coins x10000'
ExportProgress : (458/2029) Exporting 'Spend Lifetime Coins x100000'
ExportProgress : (459/2029) Exporting 'Unlock All Cart Bodies'
ExportProgress : (460/2029) Exporting 'Unlock All Cart Scoops'
ExportProgress : (461/2029) Exporting 'Unlock All Cart Spoilers'
ExportProgress : (462/2029) Exporting 'Unlock All Cart Thrusters'
ExportProgress : (463/2029) Exporting 'Unlock All Cart Wheels'
ExportProgress : (464/2029) Exporting 'Unlock All Characters'
ExportProgress : (465/2029) Exporting 'Unlock All Fishhooks Characters'
ExportProgress : (466/2029) Exporting 'Unlock All Gravity Characters'
ExportProgress : (467/2029) Exporting 'Unlock All Kick Characters'
ExportProgress : (468/2029) Exporting 'Unlock All PandF Characters'
ExportProgress : (469/2029) Exporting 'Use All Double Powerup Combos'
ExportProgress : (470/2029) Exporting 'First Place Fish 1'
ExportProgress : (471/2029) Exporting 'First Place Fish 2'
ExportProgress : (472/2029) Exporting 'First Place Fish 3'
ExportProgress : (473/2029) Exporting 'First Place Kick 1'
ExportProgress : (474/2029) Exporting 'First Place Kick 2'
ExportProgress : (475/2029) Exporting 'First Place Kick 3'
ExportProgress : (476/2029) Exporting 'First Place Phineas 1'
ExportProgress : (477/2029) Exporting 'First Place Phineas 2'
ExportProgress : (478/2029) Exporting 'First Place Phineas 3'
ExportProgress : (479/2029) Exporting 'First Place in Elimination'
ExportProgress : (480/2029) Exporting 'Make Place Fish 1 Easy'
ExportProgress : (481/2029) Exporting 'Make Place Fish 1 Hard'
ExportProgress : (482/2029) Exporting 'Make Place Fish 1 Medium'
ExportProgress : (483/2029) Exporting 'Make Place Fish 1 Ultra Hard'
ExportProgress : (484/2029) Exporting 'Make Place Fish 2 Easy'
ExportProgress : (485/2029) Exporting 'Make Place Fish 2 Hard'
ExportProgress : (486/2029) Exporting 'Make Place Fish 2 Medium'
ExportProgress : (487/2029) Exporting 'Make Place Fish 2 Ultra'
ExportProgress : (488/2029) Exporting 'Make Place Fish 3 Easy'
ExportProgress : (489/2029) Exporting 'Make Place Fish 3 Hard'
ExportProgress : (490/2029) Exporting 'Make Place Fish 3 Medium'
ExportProgress : (491/2029) Exporting 'Make Place Fish 3 Ultra Hard'
ExportProgress : (492/2029) Exporting 'Make Place Kick 1 Easy'
ExportProgress : (493/2029) Exporting 'Make Place Kick 1 Hard'
ExportProgress : (494/2029) Exporting 'Make Place Kick 1 Medium'
ExportProgress : (495/2029) Exporting 'Make Place Kick 1 Ultra Hard'
ExportProgress : (496/2029) Exporting 'Make Place Kick 2 Easy'
ExportProgress : (497/2029) Exporting 'Make Place Kick 2 Hard'
ExportProgress : (498/2029) Exporting 'Make Place Kick 2 Medium'
ExportProgress : (499/2029) Exporting 'Make Place Kick 2 Ultra Hard'
ExportProgress : (500/2029) Exporting 'Make Place Kick 3 Easy'
ExportProgress : (501/2029) Exporting 'Make Place Kick 3 Hard'
ExportProgress : (502/2029) Exporting 'Make Place Kick 3 Medium'
ExportProgress : (503/2029) Exporting 'Make Place Kick 3 Ultra Hard'
ExportProgress : (504/2029) Exporting 'Make Place Phineas 1 Easy'
ExportProgress : (505/2029) Exporting 'Make Place Phineas 1 Hard'
ExportProgress : (506/2029) Exporting 'Make Place Phineas 1 Medium'
ExportProgress : (507/2029) Exporting 'Make Place Phineas 1 Ultra Hard'
ExportProgress : (508/2029) Exporting 'Make Place Phineas 2 Easy'
ExportProgress : (509/2029) Exporting 'Make Place Phineas 2 Hard'
ExportProgress : (510/2029) Exporting 'Make Place Phineas 2 Medium'
ExportProgress : (511/2029) Exporting 'Make Place Phineas 2 Ultra Hard'
ExportProgress : (512/2029) Exporting 'Make Place Phineas 3 Easy'
ExportProgress : (513/2029) Exporting 'Make Place Phineas 3 Hard'
ExportProgress : (514/2029) Exporting 'Make Place Phineas 3 Medium'
ExportProgress : (515/2029) Exporting 'Make Place Phineas 3 Ultra Hard'
ExportProgress : (516/2029) Exporting 'Cross Finish Line Backwards'
ExportProgress : (517/2029) Exporting 'FirstPlace With no powerups'
ExportProgress : (518/2029) Exporting 'In Race Powerup Pickup Boost'
ExportProgress : (519/2029) Exporting 'In Race Powerup Pickup Mine'
ExportProgress : (520/2029) Exporting 'In Race Powerup Pickup Rocket'
ExportProgress : (521/2029) Exporting 'In Race Powerup Pickup Shield'
ExportProgress : (522/2029) Exporting 'Place wth No powerups'
ExportProgress : (523/2029) Exporting 'PowerSlide Boost x5'
ExportProgress : (524/2029) Exporting 'Use A Double Boost'
ExportProgress : (525/2029) Exporting 'Use A Double Mine'
ExportProgress : (526/2029) Exporting 'Use A Double Rocket'
ExportProgress : (527/2029) Exporting 'Use A Double Shield'
ExportProgress : (528/2029) Exporting 'Use Powerup Against Opponent Mine'
ExportProgress : (529/2029) Exporting 'Use Powerup Against Opponent Rocket'
ExportProgress : (530/2029) Exporting 'Use Powerup Against Opponent Smash'
ExportProgress : (531/2029) Exporting '1 - Lil'Kart Forms'
ExportProgress : (532/2029) Exporting '2 - Speedster Forms'
ExportProgress : (533/2029) Exporting '3 - Traktor 3000 Forms'
ExportProgress : (534/2029) Exporting '4 - Dune Stomper Forms'
ExportProgress : (535/2029) Exporting '5 - The Hog-inator Forms'
ExportProgress : (536/2029) Exporting '6 - The Beast Forms'
ExportProgress : (537/2029) Exporting '1 - Lil' Spoiler Forms'
ExportProgress : (538/2029) Exporting '2 - Speedy Spoiler Forms'
ExportProgress : (539/2029) Exporting '3 - Traktor Wing Forms'
ExportProgress : (540/2029) Exporting '4 - Dune Spoiler Forms'
ExportProgress : (541/2029) Exporting '5 - Hogwing Forms'
ExportProgress : (542/2029) Exporting '6 - Beastly Spoiler Forms'
ExportProgress : (543/2029) Exporting '1 - Lil' Thrusties Forms'
ExportProgress : (544/2029) Exporting '2 - Scorchin' Thrusters Forms'
ExportProgress : (545/2029) Exporting '3 - Trak Blasters Forms'
ExportProgress : (546/2029) Exporting '4 - Dune Blazers Forms'
ExportProgress : (547/2029) Exporting '5 - Hog Burners Forms'
ExportProgress : (548/2029) Exporting '6 - Infernos Forms'
ExportProgress : (549/2029) Exporting '1 - Lil'Wheelie Forms'
ExportProgress : (550/2029) Exporting '2 - Speeder Wheels Forms'
ExportProgress : (551/2029) Exporting '3 - Traktor Tires Forms'
ExportProgress : (552/2029) Exporting '4 - Dune Jumpers Forms'
ExportProgress : (553/2029) Exporting '5 - The Wheel-inators Forms'
ExportProgress : (554/2029) Exporting '6 - Beast Wheelz Forms'
ExportProgress : (555/2029) Exporting '7 - Ultra Tractionizers Forms'
ExportProgress : (556/2029) Exporting 'CartPartList'
ExportProgress : (557/2029) Exporting 'CartPrimaryTextureProfile'
ExportProgress : (558/2029) Exporting '1 - Lil'Kart (Bike)'
ExportProgress : (559/2029) Exporting '1 - Lil'Kart (Truck)'
ExportProgress : (560/2029) Exporting '1 - Lil'Kart'
ExportProgress : (561/2029) Exporting '2 - Speedster (Bike)'
ExportProgress : (562/2029) Exporting '2 - Speedster (Truck)'
ExportProgress : (563/2029) Exporting '2 - Speedster'
ExportProgress : (564/2029) Exporting '3 - Traktor 3000 (Bike)'
ExportProgress : (565/2029) Exporting '3 - Traktor 3000 (Truck)'
ExportProgress : (566/2029) Exporting '3 - Traktor 3000'
ExportProgress : (567/2029) Exporting '4 - Dune Stomper (Bike)'
ExportProgress : (568/2029) Exporting '4 - Dune Stomper (Truck)'
ExportProgress : (569/2029) Exporting '4 - Dune Stomper'
ExportProgress : (570/2029) Exporting '5 - The Hog-inator (Bike)'
ExportProgress : (571/2029) Exporting '5 - The Hog-inator (Truck)'
ExportProgress : (572/2029) Exporting '5 - The Hog-inator'
ExportProgress : (573/2029) Exporting '6 - The Beast (Bike)'
ExportProgress : (574/2029) Exporting '6 - The Beast (Truck)'
ExportProgress : (575/2029) Exporting '6 - The Beast'
ExportProgress : (576/2029) Exporting 'Agent P'
ExportProgress : (577/2029) Exporting 'Bea'
ExportProgress : (578/2029) Exporting 'Brad'
ExportProgress : (579/2029) Exporting 'Crash'
ExportProgress : (580/2029) Exporting 'Dipper'
ExportProgress : (581/2029) Exporting 'Ferb'
ExportProgress : (582/2029) Exporting 'Gunther'
ExportProgress : (583/2029) Exporting 'Kick'
ExportProgress : (584/2029) Exporting 'Mabel'
ExportProgress : (585/2029) Exporting 'Mike'
ExportProgress : (586/2029) Exporting 'Milo'
ExportProgress : (587/2029) Exporting 'Oscar'
ExportProgress : (588/2029) Exporting 'Phineas'
ExportProgress : (589/2029) Exporting 'Randy'
ExportProgress : (590/2029) Exporting 'Dune Stomper Black'
ExportProgress : (591/2029) Exporting 'Dune Stomper Blue'
ExportProgress : (592/2029) Exporting 'Dune Stomper Dipper Custom'
ExportProgress : (593/2029) Exporting 'Dune Stomper Mabel Custom'
ExportProgress : (594/2029) Exporting 'Dune Stomper Pink'
ExportProgress : (595/2029) Exporting 'Dune Stomper Purple'
ExportProgress : (596/2029) Exporting 'Dune Stomper Red'
ExportProgress : (597/2029) Exporting 'Lil Kart No Paint'
ExportProgress : (598/2029) Exporting 'Lil Kart Red'
ExportProgress : (599/2029) Exporting 'Speedster Black'
ExportProgress : (600/2029) Exporting 'Speedster Blue'
ExportProgress : (601/2029) Exporting 'Speedster Gunther Custom'
ExportProgress : (602/2029) Exporting 'Speedster Kick Custom'
ExportProgress : (603/2029) Exporting 'Speedster Pink'
ExportProgress : (604/2029) Exporting 'Speedster Purple'
ExportProgress : (605/2029) Exporting 'Speedster Red'
ExportProgress : (606/2029) Exporting 'The Beast Agent P Custom'
ExportProgress : (607/2029) Exporting 'The Beast Black'
ExportProgress : (608/2029) Exporting 'The Beast Blue'
ExportProgress : (609/2029) Exporting 'The Beast Ferb Custom'
ExportProgress : (610/2029) Exporting 'The Beast Phineas Custom'
ExportProgress : (611/2029) Exporting 'The Beast Pink'
ExportProgress : (612/2029) Exporting 'The Beast Purple'
ExportProgress : (613/2029) Exporting 'The Beast Red'
ExportProgress : (614/2029) Exporting 'The Hog-inator Black'
ExportProgress : (615/2029) Exporting 'The Hog-inator Blue'
ExportProgress : (616/2029) Exporting 'The Hog-inator Brad Custom'
ExportProgress : (617/2029) Exporting 'The Hog-inator Mike Custom'
ExportProgress : (618/2029) Exporting 'The Hog-inator Pink'
ExportProgress : (619/2029) Exporting 'The Hog-inator Purple'
ExportProgress : (620/2029) Exporting 'The Hog-inator Red'
ExportProgress : (621/2029) Exporting 'Traktor 3000 Bea Custom'
ExportProgress : (622/2029) Exporting 'Traktor 3000 Black'
ExportProgress : (623/2029) Exporting 'Traktor 3000 Blue'
ExportProgress : (624/2029) Exporting 'Traktor 3000 Milo Custom'
ExportProgress : (625/2029) Exporting 'Traktor 3000 Oscar Custom'
ExportProgress : (626/2029) Exporting 'Traktor 3000 Pink'
ExportProgress : (627/2029) Exporting 'Traktor 3000 Purple'
ExportProgress : (628/2029) Exporting 'Traktor 3000 Red'
ExportProgress : (629/2029) Exporting 'Dune Scooper Bronze'
ExportProgress : (630/2029) Exporting 'Dune Scooper Copper'
ExportProgress : (631/2029) Exporting 'Dune Scooper Gold'
ExportProgress : (632/2029) Exporting 'Dune Scooper Silver'
ExportProgress : (633/2029) Exporting 'Dune Scooper Steel'
ExportProgress : (634/2029) Exporting 'Lil' Scoop Bronze'
ExportProgress : (635/2029) Exporting 'Lil' Scoop Copper'
ExportProgress : (636/2029) Exporting 'Lil' Scoop Gold'
ExportProgress : (637/2029) Exporting 'Lil' Scoop Silver'
ExportProgress : (638/2029) Exporting 'Lil' Scoop Steel'
ExportProgress : (639/2029) Exporting 'No Scoop Paint'
ExportProgress : (640/2029) Exporting 'Scoop-inator Bronze'
ExportProgress : (641/2029) Exporting 'Scoop-inator Copper'
ExportProgress : (642/2029) Exporting 'Scoop-inator Gold'
ExportProgress : (643/2029) Exporting 'Scoop-inator Silver'
ExportProgress : (644/2029) Exporting 'Scoop-inator Steel'
ExportProgress : (645/2029) Exporting 'Speedy Scoop Bronze'
ExportProgress : (646/2029) Exporting 'Speedy Scoop Copper'
ExportProgress : (647/2029) Exporting 'Speedy Scoop Gold'
ExportProgress : (648/2029) Exporting 'Speedy Scoop Silver'
ExportProgress : (649/2029) Exporting 'Speedy Scoop Steel'
ExportProgress : (650/2029) Exporting 'The Beast Bronze'
ExportProgress : (651/2029) Exporting 'The Beast Copper'
ExportProgress : (652/2029) Exporting 'The Beast Gold'
ExportProgress : (653/2029) Exporting 'The Beast Silver'
ExportProgress : (654/2029) Exporting 'The Beast Steel'
ExportProgress : (655/2029) Exporting 'Trak Skoop Bronze'
ExportProgress : (656/2029) Exporting 'Trak Skoop Copper'
ExportProgress : (657/2029) Exporting 'Trak Skoop Gold'
ExportProgress : (658/2029) Exporting 'Trak Skoop Silver'
ExportProgress : (659/2029) Exporting 'Trak Skoop Steel'
ExportProgress : (660/2029) Exporting 'Beastly Spoiler Black'
ExportProgress : (661/2029) Exporting 'Beastly Spoiler Blue'
ExportProgress : (662/2029) Exporting 'Beastly Spoiler Custom Alpha'
ExportProgress : (663/2029) Exporting 'Beastly Spoiler Custom Beta'
ExportProgress : (664/2029) Exporting 'Beastly Spoiler Pink'
ExportProgress : (665/2029) Exporting 'Beastly Spoiler Purple'
ExportProgress : (666/2029) Exporting 'Beastly Spoiler Red'
ExportProgress : (667/2029) Exporting 'Dune Spoiler Black'
ExportProgress : (668/2029) Exporting 'Dune Spoiler Blue'
ExportProgress : (669/2029) Exporting 'Dune Spoiler Brad Custom'
ExportProgress : (670/2029) Exporting 'Dune Spoiler Mike Custom'
ExportProgress : (671/2029) Exporting 'Dune Spoiler Pink'
ExportProgress : (672/2029) Exporting 'Dune Spoiler Purple'
ExportProgress : (673/2029) Exporting 'Dune Spoiler Red'
ExportProgress : (674/2029) Exporting 'Hogwing Agent P Custom'
ExportProgress : (675/2029) Exporting 'Hogwing Black'
ExportProgress : (676/2029) Exporting 'Hogwing Blue'
ExportProgress : (677/2029) Exporting 'Hogwing Ferb Custom'
ExportProgress : (678/2029) Exporting 'Hogwing Phineas Custom'
ExportProgress : (679/2029) Exporting 'Hogwing Pink'
ExportProgress : (680/2029) Exporting 'Hogwing Purple'
ExportProgress : (681/2029) Exporting 'Hogwing Red'
ExportProgress : (682/2029) Exporting 'Lil Spoiler Black'
ExportProgress : (683/2029) Exporting 'Lil Spoiler Blue'
ExportProgress : (684/2029) Exporting 'Lil Spoiler Gunther Custom'
ExportProgress : (685/2029) Exporting 'Lil Spoiler Kick Custom'
ExportProgress : (686/2029) Exporting 'Lil Spoiler Pink'
ExportProgress : (687/2029) Exporting 'Lil Spoiler Purple'
ExportProgress : (688/2029) Exporting 'Lil Spoiler Red'
ExportProgress : (689/2029) Exporting 'No Spoiler Paint'
ExportProgress : (690/2029) Exporting 'Speedy Spoiler Bea Custom'
ExportProgress : (691/2029) Exporting 'Speedy Spoiler Black'
ExportProgress : (692/2029) Exporting 'Speedy Spoiler Blue'
ExportProgress : (693/2029) Exporting 'Speedy Spoiler Milo Custom'
ExportProgress : (694/2029) Exporting 'Speedy Spoiler Oscar Custom'
ExportProgress : (695/2029) Exporting 'Speedy Spoiler Pink'
ExportProgress : (696/2029) Exporting 'Speedy Spoiler Purple'
ExportProgress : (697/2029) Exporting 'Speedy Spoiler Red'
ExportProgress : (698/2029) Exporting 'Traktor Wing Black'
ExportProgress : (699/2029) Exporting 'Traktor Wing Blue'
ExportProgress : (700/2029) Exporting 'Traktor Wing Dipper Custom'
ExportProgress : (701/2029) Exporting 'Traktor Wing Mabel Custom'
ExportProgress : (702/2029) Exporting 'Traktor Wing Pink'
ExportProgress : (703/2029) Exporting 'Traktor Wing Purple'
ExportProgress : (704/2029) Exporting 'Traktor Wing Red'
ExportProgress : (705/2029) Exporting 'Dune Blazers Bronze'
ExportProgress : (706/2029) Exporting 'Dune Blazers Copper'
ExportProgress : (707/2029) Exporting 'Dune Blazers Gold'
ExportProgress : (708/2029) Exporting 'Dune Blazers Silver'
ExportProgress : (709/2029) Exporting 'Dune Blazers Steel'
ExportProgress : (710/2029) Exporting 'Hog Burners Bronze'
ExportProgress : (711/2029) Exporting 'Hog Burners Copper'
ExportProgress : (712/2029) Exporting 'Hog Burners Gold'
ExportProgress : (713/2029) Exporting 'Hog Burners Silver'
ExportProgress : (714/2029) Exporting 'Hog Burners Steel'
ExportProgress : (715/2029) Exporting 'Infernos Bronze'
ExportProgress : (716/2029) Exporting 'Infernos Copper'
ExportProgress : (717/2029) Exporting 'Infernos Customized Alpha'
ExportProgress : (718/2029) Exporting 'Infernos Customized Beta'
ExportProgress : (719/2029) Exporting 'Infernos Gold'
ExportProgress : (720/2029) Exporting 'Infernos Silver'
ExportProgress : (721/2029) Exporting 'Infernos Steel'
ExportProgress : (722/2029) Exporting 'Lil' Thrusties Bronze'
ExportProgress : (723/2029) Exporting 'Lil' Thrusties Copper'
ExportProgress : (724/2029) Exporting 'Lil' Thrusties Gold'
ExportProgress : (725/2029) Exporting 'Lil' Thrusties Silver'
ExportProgress : (726/2029) Exporting 'Lil' Thrusties Steel'
ExportProgress : (727/2029) Exporting 'No Thruster Paint'
ExportProgress : (728/2029) Exporting 'Scorchin' Thrusters Bronze'
ExportProgress : (729/2029) Exporting 'Scorchin' Thrusters Copper'
ExportProgress : (730/2029) Exporting 'Scorchin' Thrusters Gold'
ExportProgress : (731/2029) Exporting 'Scorchin' Thrusters Silver'
ExportProgress : (732/2029) Exporting 'Scorchin' Thrusters Steel'
ExportProgress : (733/2029) Exporting 'Trak Blasters Bronze'
ExportProgress : (734/2029) Exporting 'Trak Blasters Copper'
ExportProgress : (735/2029) Exporting 'Trak Blasters Gold'
ExportProgress : (736/2029) Exporting 'Trak Blasters Silver'
ExportProgress : (737/2029) Exporting 'Trak Blasters Steel'
ExportProgress : (738/2029) Exporting '1 - Lil Wheelies Custom'
ExportProgress : (739/2029) Exporting '2 - Speeder Wheels Custom'
ExportProgress : (740/2029) Exporting '3 - Traktor Tires Custom'
ExportProgress : (741/2029) Exporting '4 - Dune Jumpers Custom'
ExportProgress : (742/2029) Exporting '5 - Wheel-inators Custom'
ExportProgress : (743/2029) Exporting '6 - Beast Wheelz Custom'
ExportProgress : (744/2029) Exporting '7 - Ultra Tractionizers Custom'
ExportProgress : (745/2029) Exporting '1 - Lil' Scoop'
ExportProgress : (746/2029) Exporting '2 - Speedy Scoop'
ExportProgress : (747/2029) Exporting '3 - Trak Skoop'
ExportProgress : (748/2029) Exporting '4 - Dune Scooper'
ExportProgress : (749/2029) Exporting '5 - Scoop-inator'
ExportProgress : (750/2029) Exporting '6 - Monster Scoop'
ExportProgress : (751/2029) Exporting 'No Scoop'
ExportProgress : (752/2029) Exporting '1 - Lil' Spoiler (Truck)'
ExportProgress : (753/2029) Exporting '1 - Lil' Spoiler'
ExportProgress : (754/2029) Exporting '2 - Speedy Spoiler (Truck)'
ExportProgress : (755/2029) Exporting '2 - Speedy Spoiler'
ExportProgress : (756/2029) Exporting '3 - Traktor Wing (Truck)'
ExportProgress : (757/2029) Exporting '3 - Traktor Wing'
ExportProgress : (758/2029) Exporting '4 - Dune Spoiler (Truck)'
ExportProgress : (759/2029) Exporting '4 - Dune Spoiler'
ExportProgress : (760/2029) Exporting '5 - Hogwing (Truck)'
ExportProgress : (761/2029) Exporting '5 - Hogwing'
ExportProgress : (762/2029) Exporting '6 - Beastly Spoiler (Truck)'
ExportProgress : (763/2029) Exporting '6 - Beastly Spoiler'
ExportProgress : (764/2029) Exporting 'No Spoiler'
ExportProgress : (765/2029) Exporting '1 - Lil' Thrusties (Truck)'
ExportProgress : (766/2029) Exporting '1 - Lil' Thrusties'
ExportProgress : (767/2029) Exporting '2 - Scorchin' Thrusters (Truck)'
ExportProgress : (768/2029) Exporting '2 - Scorchin' Thrusters'
ExportProgress : (769/2029) Exporting '3 - Trak Blasters (Truck)'
ExportProgress : (770/2029) Exporting '3 - Trak Blasters'
ExportProgress : (771/2029) Exporting '4 - Dune Blazers (Truck)'
ExportProgress : (772/2029) Exporting '4 - Dune Blazers'
ExportProgress : (773/2029) Exporting '5 - Hog Burners (Truck)'
ExportProgress : (774/2029) Exporting '5 - Hog Burners'
ExportProgress : (775/2029) Exporting '6 - Infernos (Truck)'
ExportProgress : (776/2029) Exporting '6 - Infernos'
ExportProgress : (777/2029) Exporting 'No Thrusters'
ExportProgress : (778/2029) Exporting '1 - Lil' Wheelies (Bike)'
ExportProgress : (779/2029) Exporting '1 - Lil' Wheelies (Truck)'
ExportProgress : (780/2029) Exporting '1 - Lil' Wheelies'
ExportProgress : (781/2029) Exporting '2 - Speeder Wheels (Bike)'
ExportProgress : (782/2029) Exporting '2 - Speeder Wheels (Truck)'
ExportProgress : (783/2029) Exporting '2 - Speeder Wheels'
ExportProgress : (784/2029) Exporting '3 - Traktor Tires (Bike)'
ExportProgress : (785/2029) Exporting '3 - Traktor Tires (Truck)'
ExportProgress : (786/2029) Exporting '3 - Traktor Tires'
ExportProgress : (787/2029) Exporting '4 - Dune Jumpers (Bike)'
ExportProgress : (788/2029) Exporting '4 - Dune Jumpers (Truck)'
ExportProgress : (789/2029) Exporting '4 - Dune Jumpers'
ExportProgress : (790/2029) Exporting '5 - Wheel-inators (Bike)'
ExportProgress : (791/2029) Exporting '5 - Wheel-inators (Truck)'
ExportProgress : (792/2029) Exporting '5 - Wheel-inators'
ExportProgress : (793/2029) Exporting '6 - Beast Wheelz (Bike)'
ExportProgress : (794/2029) Exporting '6 - Beast Wheelz (Truck)'
ExportProgress : (795/2029) Exporting '6 - Beast Wheelz'
ExportProgress : (796/2029) Exporting '7 - Ultra Tractionizers (Bike)'
ExportProgress : (797/2029) Exporting '7 - Ultra Tractionizers (Truck)'
ExportProgress : (798/2029) Exporting '7 - Ultra Tractionizers'
ExportProgress : (799/2029) Exporting 'Pie Splat'
ExportProgress : (800/2029) Exporting '+DataUtility'
ExportProgress : (801/2029) Exporting '+Localize'
ExportProgress : (802/2029) Exporting '+PlayerInstance'
ExportProgress : (803/2029) Exporting '+Screen Timeout Controller'
ExportProgress : (804/2029) Exporting '+StreamManager'
ExportProgress : (805/2029) Exporting '+TrackUnlockHelper'
ExportProgress : (806/2029) Exporting 'GameCenterManager'
ExportProgress : (807/2029) Exporting 'StoreKitManager'
ExportProgress : (808/2029) Exporting 'Tutorial Collection'
ExportProgress : (809/2029) Exporting 'Buy a Powerup Tutorial'
ExportProgress : (810/2029) Exporting 'Collect a Powerup Tutorial'
ExportProgress : (811/2029) Exporting 'Combine a Powerup Tutorial'
ExportProgress : (812/2029) Exporting 'Drift Boost Tutorial'
ExportProgress : (813/2029) Exporting 'Drift Tutorial'
ExportProgress : (814/2029) Exporting 'Finish The Lap Tutorial'
ExportProgress : (815/2029) Exporting 'Turn Tutorial'
ExportProgress : (816/2029) Exporting 'Use a Powerup Tutorial'
ExportProgress : (817/2029) Exporting 'SoundLibrary'
ExportProgress : (818/2029) Exporting 'Bus Jumper'
ExportProgress : (819/2029) Exporting 'Danville Arena'
ExportProgress : (820/2029) Exporting 'Danville River'
ExportProgress : (821/2029) Exporting 'Dirt Devils'
ExportProgress : (822/2029) Exporting 'Doof's Tower'
ExportProgress : (823/2029) Exporting 'Fishtankia'
ExportProgress : (824/2029) Exporting 'Freshwater High'
ExportProgress : (825/2029) Exporting 'Hokey Poke'
ExportProgress : (826/2029) Exporting 'Kick Butt!'
ExportProgress : (827/2029) Exporting 'Pranksgiving'
ExportProgress : (828/2029) Exporting 'Tutorial'
ExportProgress : (829/2029) Exporting 'Credits Screen'
ExportProgress : (830/2029) Exporting 'FadeHelper'
ExportProgress : (831/2029) Exporting '+AchievementManager'
ExportProgress : (832/2029) Exporting 'Achievement Category UI'
ExportProgress : (833/2029) Exporting 'AchievementUI'
ExportProgress : (834/2029) Exporting 'AchievementWindow'
ExportProgress : (835/2029) Exporting 'Age Gate Popup'
ExportProgress : (836/2029) Exporting 'BuyCoinsPrefab'
ExportProgress : (837/2029) Exporting 'CartCustomizerMenu'
ExportProgress : (838/2029) Exporting 'LoadingWheel'
ExportProgress : (839/2029) Exporting 'Nav Blip - Locked'
ExportProgress : (840/2029) Exporting 'Nav Blip - Owned'
ExportProgress : (841/2029) Exporting 'Paint Slot'
ExportProgress : (842/2029) Exporting 'CharacterSelectMenu'
ExportProgress : (843/2029) Exporting 'Confirmation Popup'
ExportProgress : (844/2029) Exporting 'Daily Bonus'
ExportProgress : (845/2029) Exporting 'Front End Tutorial Popup'
ExportProgress : (846/2029) Exporting 'Game Center Note'
ExportProgress : (847/2029) Exporting 'PlayMenu'
ExportProgress : (848/2029) Exporting 'PlaySummaryMenu'
ExportProgress : (849/2029) Exporting 'Purchase Notification Popup'
ExportProgress : (850/2029) Exporting 'Select Circuit Menu'
ExportProgress : (851/2029) Exporting 'Select Track Menu'
ExportProgress : (852/2029) Exporting 'SettingsMenu'
ExportProgress : (853/2029) Exporting 'TutorialLauncher'
ExportProgress : (854/2029) Exporting 'UnlockCircuitDialog'
ExportProgress : (855/2029) Exporting 'Input Blocker Invisible'
ExportProgress : (856/2029) Exporting 'Popover Dialog'
ExportProgress : (857/2029) Exporting 'Popover'
ExportProgress : (858/2029) Exporting 'Purchase Indicator'
ExportProgress : (859/2029) Exporting 'BubbleJetUP'
ExportProgress : (860/2029) Exporting 'Pick Up Powerup'
ExportProgress : (861/2029) Exporting 'House 4 Color 2'
ExportProgress : (862/2029) Exporting 'House 1 Color 2'
ExportProgress : (863/2029) Exporting 'Street 1'
ExportProgress : (864/2029) Exporting 'House 5 Color 1'
ExportProgress : (865/2029) Exporting 'House 3 Color 1'
ExportProgress : (866/2029) Exporting 'House 4 Color 1'
ExportProgress : (867/2029) Exporting 'LightmapFar-0'
ExportProgress : (868/2029) Exporting 'LightmapFar-4'
ExportProgress : (869/2029) Exporting 'LightmapFar-6'
ExportProgress : (870/2029) Exporting 'Fence 1'
ExportProgress : (871/2029) Exporting 'Dirt Road'
ExportProgress : (872/2029) Exporting 'LightmapFar-2'
ExportProgress : (873/2029) Exporting 'PieShooter'
ExportProgress : (874/2029) Exporting 'House 5 Color 2'
ExportProgress : (875/2029) Exporting 'Green Grass'
ExportProgress : (876/2029) Exporting 'LightmapFar-1'
ExportProgress : (877/2029) Exporting 'House 2 Color 2'
ExportProgress : (878/2029) Exporting 'Retaining Wall Brick'
ExportProgress : (879/2029) Exporting 'Pine Tree Texture'
ExportProgress : (880/2029) Exporting 'House 1 Color 1'
ExportProgress : (881/2029) Exporting 'Pie'
ExportProgress : (882/2029) Exporting 'TurkeyGooShooter'
ExportProgress : (883/2029) Exporting 'LightmapFar-3'
ExportProgress : (884/2029) Exporting 'House 3 Color 2'
ExportProgress : (885/2029) Exporting 'bridge'
ExportProgress : (886/2029) Exporting 'PieSlick'
ExportProgress : (887/2029) Exporting 'Fence 2'
ExportProgress : (888/2029) Exporting 'Street to Dirt Transition'
ExportProgress : (889/2029) Exporting 'House 2 Color 1'
ExportProgress : (890/2029) Exporting 'WhoopieCushion'
ExportProgress : (891/2029) Exporting 'Rock'
ExportProgress : (892/2029) Exporting 'Sidewalk Tile'
ExportProgress : (893/2029) Exporting 'LightmapFar-5'
ExportProgress : (894/2029) Exporting 'PieSplat'
ExportProgress : (895/2029) Exporting 'LightmapFar-7'
ExportProgress : (896/2029) Exporting 'Bridge Street'
ExportProgress : (897/2029) Exporting 'WhoopieCushion'
ExportProgress : (898/2029) Exporting 'Pie'
ExportProgress : (899/2029) Exporting 'Street_Collider'
ExportProgress : (900/2029) Exporting 'Rock_2'
ExportProgress : (901/2029) Exporting 'Bridge'
ExportProgress : (902/2029) Exporting 'Plane_001'
ExportProgress : (903/2029) Exporting 'Unlit-Normal'
ExportProgress : (904/2029) Exporting 'LightProbes'
ExportProgress : (905/2029) Exporting 'Pie'
ExportProgress : (906/2029) Exporting 'DEBUG'
ExportProgress : (907/2029) Exporting 'LightmapFar-0'
ExportProgress : (908/2029) Exporting 'LightmapFar-2'
ExportProgress : (909/2029) Exporting 'danville arena ground'
ExportProgress : (910/2029) Exporting 'LightmapFar-8'
ExportProgress : (911/2029) Exporting 'AlphaText'
ExportProgress : (912/2029) Exporting 'LightmapFar-9'
ExportProgress : (913/2029) Exporting 'LightmapFar-6'
ExportProgress : (914/2029) Exporting 'phineas and ferb skybox'
ExportProgress : (915/2029) Exporting 'highway sign uvs'
ExportProgress : (916/2029) Exporting 'phineas underpass exit tunnel'
ExportProgress : (917/2029) Exporting 'danville arena texture uvs'
ExportProgress : (918/2029) Exporting 'LightmapFar-1'
ExportProgress : (919/2029) Exporting 'DanvilleArena uvs'
ExportProgress : (920/2029) Exporting 'LightmapFar-3'
ExportProgress : (921/2029) Exporting 'LightmapFar-7'
ExportProgress : (922/2029) Exporting 'LightmapFar-5'
ExportProgress : (923/2029) Exporting 'LightmapFar-4'
ExportProgress : (924/2029) Exporting 'highway_sign'
ExportProgress : (925/2029) Exporting 'Down_Ramp'
ExportProgress : (926/2029) Exporting 'Hiway_Curve'
ExportProgress : (927/2029) Exporting '4-Lane_Street_007'
ExportProgress : (928/2029) Exporting '4-Lane_Corner_001'
ExportProgress : (929/2029) Exporting '4_Lane_End_Cap_005'
ExportProgress : (930/2029) Exporting '4_Lane_End_Cap_a_007'
ExportProgress : (931/2029) Exporting '4_Lane_End_Cap_a_006'
ExportProgress : (932/2029) Exporting '4-Lane_Street_005'
ExportProgress : (933/2029) Exporting '4_Lane_End_Cap_a_004'
ExportProgress : (934/2029) Exporting 'Half_Circle'
ExportProgress : (935/2029) Exporting '2-4_Lane_Corner_a_000'
ExportProgress : (936/2029) Exporting '4-Lane_Street_001'
ExportProgress : (937/2029) Exporting '2-Lane_Street_001'
ExportProgress : (938/2029) Exporting '2-4_Lane_Corner_a_005'
ExportProgress : (939/2029) Exporting '2-4_Lane_Corner_a_004'
ExportProgress : (940/2029) Exporting '2-4_Lane_Corner_a_003'
ExportProgress : (941/2029) Exporting '2-4_Lane_Corner_a_002'
ExportProgress : (942/2029) Exporting '2-4_Lane_Corner_a_001'
ExportProgress : (943/2029) Exporting '4-Lane_Tunnel_001'
ExportProgress : (944/2029) Exporting '2-4_Lane_Corner_a_007'
ExportProgress : (945/2029) Exporting '4-Lane_Tunnel_002'
ExportProgress : (946/2029) Exporting '2-4_Lane_Corner_a_009'
ExportProgress : (947/2029) Exporting '4-Lane_Tunnel_003'
ExportProgress : (948/2029) Exporting 'Plane'
ExportProgress : (949/2029) Exporting '4-Lane_Street_004_collision'
ExportProgress : (950/2029) Exporting 'ramp_down_collsion'
ExportProgress : (951/2029) Exporting 'LightProbes'
ExportProgress : (952/2029) Exporting 'LightmapFar-3'
ExportProgress : (953/2029) Exporting 'LightmapFar-4'
ExportProgress : (954/2029) Exporting 'fancy building A uvs'
ExportProgress : (955/2029) Exporting 'texture water2'
ExportProgress : (956/2029) Exporting 'LightmapFar-1'
ExportProgress : (957/2029) Exporting 'LightmapFar-2'
ExportProgress : (958/2029) Exporting 'fancy building E uvs'
ExportProgress : (959/2029) Exporting 'LightmapFar-0'
ExportProgress : (960/2029) Exporting 'texture water'
ExportProgress : (961/2029) Exporting 'track01 hills'
ExportProgress : (962/2029) Exporting 'fancy building C uvs'
ExportProgress : (963/2029) Exporting 'Bridge'
ExportProgress : (964/2029) Exporting 'fancy_building_B'
ExportProgress : (965/2029) Exporting 'fancy_building_A'
ExportProgress : (966/2029) Exporting 'fancy_building_C'
ExportProgress : (967/2029) Exporting 'fancy_buiilding_E'
ExportProgress : (968/2029) Exporting '4-Lane_Street_012'
ExportProgress : (969/2029) Exporting 'houses3'
ExportProgress : (970/2029) Exporting '4_Lane_End_Cap_003'
ExportProgress : (971/2029) Exporting '4_Lane_End_Cap_a_022'
ExportProgress : (972/2029) Exporting 'Cube_004'
ExportProgress : (973/2029) Exporting '4-Lane_Corner_004'
ExportProgress : (974/2029) Exporting 'Arrow_Sign'
ExportProgress : (975/2029) Exporting 'Drawbridge_001'
ExportProgress : (976/2029) Exporting 'Drawbridge_003'
ExportProgress : (977/2029) Exporting '2-Lane_Street_012'
ExportProgress : (978/2029) Exporting 'Drawbridge_005'
ExportProgress : (979/2029) Exporting '2-Lane_Street_013'
ExportProgress : (980/2029) Exporting 'Lane_Street_highway_000'
ExportProgress : (981/2029) Exporting 'Lane_Street_highway_001'
ExportProgress : (982/2029) Exporting '4-Lane_Street_020'
ExportProgress : (983/2029) Exporting 'Drawbridge_000'
ExportProgress : (984/2029) Exporting 'Plane_003'
ExportProgress : (985/2029) Exporting 'tunnel_walls'
ExportProgress : (986/2029) Exporting 'tunnel_street_seperate'
ExportProgress : (987/2029) Exporting 'tunnel_hall_seperate'
ExportProgress : (988/2029) Exporting 'tunnel_entrance_thing'
ExportProgress : (989/2029) Exporting 'Mobile-VertexLit'
ExportProgress : (990/2029) Exporting 'Mobile-Diffuse'
ExportProgress : (991/2029) Exporting 'LightProbes'
ExportProgress : (992/2029) Exporting 'LightmapFar-0'
ExportProgress : (993/2029) Exporting 'LightmapFar-2'
ExportProgress : (994/2029) Exporting 'laserRobotShadow'
ExportProgress : (995/2029) Exporting 'phineas and ferb grass'
ExportProgress : (996/2029) Exporting 'bridge column uvs'
ExportProgress : (997/2029) Exporting 'houses'
ExportProgress : (998/2029) Exporting 'ChefGuilbauds'
ExportProgress : (999/2029) Exporting 'phineas tree'
ExportProgress : (1000/2029) Exporting 'tile_02'
ExportProgress : (1001/2029) Exporting 'InventorsEmporium'
ExportProgress : (1002/2029) Exporting 'box'
ExportProgress : (1003/2029) Exporting 'Soda'
ExportProgress : (1004/2029) Exporting 'white wall 2'
ExportProgress : (1005/2029) Exporting 'CharitableCharities'
ExportProgress : (1006/2029) Exporting 'Street 1 finish line'
ExportProgress : (1007/2029) Exporting 'phineas and ferb skybox 2'
ExportProgress : (1008/2029) Exporting 'white wall'
ExportProgress : (1009/2029) Exporting 'DoofenschmirtzEvil'
ExportProgress : (1010/2029) Exporting 'fancy building B uvs'
ExportProgress : (1011/2029) Exporting 'Barber'
ExportProgress : (1012/2029) Exporting 'phineas ferb tunnel exterior texture'
ExportProgress : (1013/2029) Exporting 'fancy building F uvs'
ExportProgress : (1014/2029) Exporting 'LightmapFar-1'
ExportProgress : (1015/2029) Exporting 'LightmapFar-3'
ExportProgress : (1016/2029) Exporting 'houses2'
ExportProgress : (1017/2029) Exporting 'phineas and ferb skybox top'
ExportProgress : (1018/2029) Exporting 'Fence'
ExportProgress : (1019/2029) Exporting 'PowerPlant'
ExportProgress : (1020/2029) Exporting 'HugeRecords'
ExportProgress : (1021/2029) Exporting 'laser sphere'
ExportProgress : (1022/2029) Exporting 'LaserWall'
ExportProgress : (1023/2029) Exporting 'phineas and ferb fancy highway'
ExportProgress : (1024/2029) Exporting 'PhineasBillboardAd'
ExportProgress : (1025/2029) Exporting 'Cube'
ExportProgress : (1026/2029) Exporting 'Sphere'
ExportProgress : (1027/2029) Exporting 'bridge_column'
ExportProgress : (1028/2029) Exporting 'Fence'
ExportProgress : (1029/2029) Exporting 'Fishtankia_Tree_01'
ExportProgress : (1030/2029) Exporting 'house2'
ExportProgress : (1031/2029) Exporting 'laser'
ExportProgress : (1032/2029) Exporting '4-Lane_Street_014'
ExportProgress : (1033/2029) Exporting '4-Lane_Street_012'
ExportProgress : (1034/2029) Exporting 'houses4'
ExportProgress : (1035/2029) Exporting '4_Lane_End_Cap_003'
ExportProgress : (1036/2029) Exporting 'house1'
ExportProgress : (1037/2029) Exporting '4_Lane_End_Cap_a_022'
ExportProgress : (1038/2029) Exporting '4-Lane_Corner_005'
ExportProgress : (1039/2029) Exporting '4-Lane_Corner_004'
ExportProgress : (1040/2029) Exporting '4_Lane_End_Cap_a_017'
ExportProgress : (1041/2029) Exporting '4_Lane_End_Cap_a_016'
ExportProgress : (1042/2029) Exporting '4-Lane_Street_011'
ExportProgress : (1043/2029) Exporting '4_Lane_End_Cap_002'
ExportProgress : (1044/2029) Exporting '4-Lane_Corner_003'
ExportProgress : (1045/2029) Exporting '4_Lane_End_Cap_a_015'
ExportProgress : (1046/2029) Exporting '4_Lane_End_Cap_a_014'
ExportProgress : (1047/2029) Exporting '4_Lane_End_Cap_a_013'
ExportProgress : (1048/2029) Exporting '4_Lane_End_Cap_a_012'
ExportProgress : (1049/2029) Exporting '4_Lane_End_Cap_a_011'
ExportProgress : (1050/2029) Exporting '2_Lane_Corner_a_003'
ExportProgress : (1051/2029) Exporting '2-Lane_Street_000'
ExportProgress : (1052/2029) Exporting '2_Lane_Corner_a_002'
ExportProgress : (1053/2029) Exporting '4_Lane_End_Cap_a_010'
ExportProgress : (1054/2029) Exporting '4_Lane_End_Cap_a_009'
ExportProgress : (1055/2029) Exporting '4_Lane_End_Cap_a_008'
ExportProgress : (1056/2029) Exporting '4_Lane_End_Cap_a_007'
ExportProgress : (1057/2029) Exporting '4_Lane_End_Cap_a_006'
ExportProgress : (1058/2029) Exporting '4_Lane_End_Cap_a_005'
ExportProgress : (1059/2029) Exporting '2_Lane_Corner_a_001'
ExportProgress : (1060/2029) Exporting '2-Lane_Street_002'
ExportProgress : (1061/2029) Exporting '2-4_Lane_Corner_a_001'
ExportProgress : (1062/2029) Exporting '2_Lane_End_Cap_001'
ExportProgress : (1063/2029) Exporting '2-Lane_Street_001'
ExportProgress : (1064/2029) Exporting '4-Lane_Street_004'
ExportProgress : (1065/2029) Exporting '4-Lane_Corner_002'
ExportProgress : (1066/2029) Exporting '4-Lane_Corner_001'
ExportProgress : (1067/2029) Exporting '4-Lane_Street_003'
ExportProgress : (1068/2029) Exporting '4_Lane_End_Cap_a_002'
ExportProgress : (1069/2029) Exporting '4_Lane_End_Cap_001'
ExportProgress : (1070/2029) Exporting '4-Lane_Street_002'
ExportProgress : (1071/2029) Exporting '4-Lane_Street_001'
ExportProgress : (1072/2029) Exporting 'Doofenshmirtz'
ExportProgress : (1073/2029) Exporting '4-Lane_Street_015'
ExportProgress : (1074/2029) Exporting 'winding_road_001'
ExportProgress : (1075/2029) Exporting 'walls_exit'
ExportProgress : (1076/2029) Exporting 'wall1'
ExportProgress : (1077/2029) Exporting 'punnel4'
ExportProgress : (1078/2029) Exporting 'punnel3'
ExportProgress : (1079/2029) Exporting 'punnel2'
ExportProgress : (1080/2029) Exporting 'punnel1'
ExportProgress : (1081/2029) Exporting 'p_tunnel_3'
ExportProgress : (1082/2029) Exporting 'p_tunnel_2'
ExportProgress : (1083/2029) Exporting 'p_tunnel_1'
ExportProgress : (1084/2029) Exporting 'top_bridge1'
ExportProgress : (1085/2029) Exporting 'cyber_tunnel2'
ExportProgress : (1086/2029) Exporting 'cybertunnel_1'
ExportProgress : (1087/2029) Exporting 'top_bridge_2'
ExportProgress : (1088/2029) Exporting 'p_tunnel_4'
ExportProgress : (1089/2029) Exporting 'cyber_tunnel_3'
ExportProgress : (1090/2029) Exporting 'gsfgrg'
ExportProgress : (1091/2029) Exporting 'gsfgrg_003'
ExportProgress : (1092/2029) Exporting 'gsfgrg_002'
ExportProgress : (1093/2029) Exporting 'gsfgrg_001'
ExportProgress : (1094/2029) Exporting 'PF Main Title TRK - loop'
ExportProgress : (1095/2029) Exporting 'amb_city_lp'
ExportProgress : (1096/2029) Exporting 'LightProbes'
ExportProgress : (1097/2029) Exporting 'LightmapFar-1'
ExportProgress : (1098/2029) Exporting 'LightmapFar-2'
ExportProgress : (1099/2029) Exporting 'LightmapFar-0'
ExportProgress : (1100/2029) Exporting 'dirt_road'
ExportProgress : (1101/2029) Exporting 'Red_Crate'
ExportProgress : (1102/2029) Exporting 'schoolbus'
ExportProgress : (1103/2029) Exporting 'connect_road_collision'
ExportProgress : (1104/2029) Exporting 'main_road_collsion'
ExportProgress : (1105/2029) Exporting 'split_road'
ExportProgress : (1106/2029) Exporting 'Plane'
ExportProgress : (1107/2029) Exporting 'bridge'
ExportProgress : (1108/2029) Exporting 'LightProbes'
ExportProgress : (1109/2029) Exporting 'LightmapFar-2'
ExportProgress : (1110/2029) Exporting 'barrier uvs'
ExportProgress : (1111/2029) Exporting 'kick ceiling'
ExportProgress : (1112/2029) Exporting 'BlastRadius'
ExportProgress : (1113/2029) Exporting 'inline ramp uvs'
ExportProgress : (1114/2029) Exporting 'LightmapFar-1'
ExportProgress : (1115/2029) Exporting 'LightmapFar-0'
ExportProgress : (1116/2029) Exporting 'kick big screen'
ExportProgress : (1117/2029) Exporting 'inline_ramp'
ExportProgress : (1118/2029) Exporting 'roof'
ExportProgress : (1119/2029) Exporting 'Red_Crate_open'
ExportProgress : (1120/2029) Exporting 'dirt_road2'
ExportProgress : (1121/2029) Exporting 'dirt_road_main_collsision'
ExportProgress : (1122/2029) Exporting 'hill_mesh_complete'
ExportProgress : (1123/2029) Exporting 'hill_face'
ExportProgress : (1124/2029) Exporting 'LightProbes'
ExportProgress : (1125/2029) Exporting 'Barrel'
ExportProgress : (1126/2029) Exporting 'Fader SpriteAtlas'
ExportProgress : (1127/2029) Exporting 'iCloud'
ExportProgress : (1128/2029) Exporting 'SpinnerGeneric'
ExportProgress : (1129/2029) Exporting 'texture additional parts'
ExportProgress : (1130/2029) Exporting 'CloudStrap SpriteAtlas'
ExportProgress : (1131/2029) Exporting 'Spinning Tire'
ExportProgress : (1132/2029) Exporting 'Quad'
ExportProgress : (1133/2029) Exporting 'Plane'
ExportProgress : (1134/2029) Exporting 'front_wheel'
ExportProgress : (1135/2029) Exporting 'Mobile-Particle-Alpha'
ExportProgress : (1136/2029) Exporting 'Unlit-Alpha'
ExportProgress : (1137/2029) Exporting 'Transparent And Color Unlit'
ExportProgress : (1138/2029) Exporting 'PhineasBillboardAd_norwegian'
ExportProgress : (1139/2029) Exporting 'kart6_thrusters_detail'
ExportProgress : (1140/2029) Exporting 'ProCircuitLocked_english'
ExportProgress : (1141/2029) Exporting 'guntherMap'
ExportProgress : (1142/2029) Exporting 'kart1_body_main'
ExportProgress : (1143/2029) Exporting 'SS_Logo_english'
ExportProgress : (1144/2029) Exporting 'Anchor rocket'
ExportProgress : (1145/2029) Exporting 'CrashAndBernsteinLogo_english.png'
ExportProgress : (1146/2029) Exporting 'bradMap'
ExportProgress : (1147/2029) Exporting 'FishhooksLogo_english'
ExportProgress : (1148/2029) Exporting 'texture kart randy'
ExportProgress : (1149/2029) Exporting 'kart5_spoiler_detail'
ExportProgress : (1150/2029) Exporting 'kart3_wheels_detail'
ExportProgress : (1151/2029) Exporting 'MotorCityLogo_norwegian'
ExportProgress : (1152/2029) Exporting 'kart4_body_detail'
ExportProgress : (1153/2029) Exporting 'Shadow Blob'
ExportProgress : (1154/2029) Exporting 'KickBillboardAd2_english'
ExportProgress : (1155/2029) Exporting 'kart6_wheels_detail'
ExportProgress : (1156/2029) Exporting 'GravityLogo_english'
ExportProgress : (1157/2029) Exporting 'kart0_wheels_detail'
ExportProgress : (1158/2029) Exporting 'kart4_body_main'
ExportProgress : (1159/2029) Exporting 'BEAmap'
ExportProgress : (1160/2029) Exporting 'texture kart dipper'
ExportProgress : (1161/2029) Exporting 'kart6_scoop_main'
ExportProgress : (1162/2029) Exporting 'kart1_wheels_detail'
ExportProgress : (1163/2029) Exporting 'Ferb'
ExportProgress : (1164/2029) Exporting 'KickLogo_english'
ExportProgress : (1165/2029) Exporting 'kickMap'
ExportProgress : (1166/2029) Exporting 'kart2_Oscar_spoiler_decal'
ExportProgress : (1167/2029) Exporting 'kart2_thrusters_main'
ExportProgress : (1168/2029) Exporting 'PhineasLogo_english'
ExportProgress : (1169/2029) Exporting 'RandyLogo_norwegian'
ExportProgress : (1170/2029) Exporting 'kart0_spoiler_main'
ExportProgress : (1171/2029) Exporting 'texture kart crap'
ExportProgress : (1172/2029) Exporting 'kart4_wheels_detail'
ExportProgress : (1173/2029) Exporting 'kart2_Bea_body_decal'
ExportProgress : (1174/2029) Exporting 'KickBillboardAd_norwegian'
ExportProgress : (1175/2029) Exporting 'KickLogo_norwegian'
ExportProgress : (1176/2029) Exporting 'kart6_spoiler_decal'
ExportProgress : (1177/2029) Exporting 'FishhooksLogo_norwegian'
ExportProgress : (1178/2029) Exporting 'MasterCircuit_english'
ExportProgress : (1179/2029) Exporting 'kart5_scoop_main'
ExportProgress : (1180/2029) Exporting 'texture kat ferb'
ExportProgress : (1181/2029) Exporting 'kart0NO_thrusters_main'
ExportProgress : (1182/2029) Exporting 'kart uvs template'
ExportProgress : (1183/2029) Exporting 'texture kart05'
ExportProgress : (1184/2029) Exporting 'kart5_scoop_detail'
ExportProgress : (1185/2029) Exporting 'kart3_body_detail'
ExportProgress : (1186/2029) Exporting 'DipperTexture'
ExportProgress : (1187/2029) Exporting 'FishHooksBillboardAd_english'
ExportProgress : (1188/2029) Exporting 'kart6_spoiler_main'
ExportProgress : (1189/2029) Exporting 'PhineasBillboardAd2_english'
ExportProgress : (1190/2029) Exporting 'kart2_Milo_body_decal'
ExportProgress : (1191/2029) Exporting 'kart6_thrusters_main'
ExportProgress : (1192/2029) Exporting 'SS_Logo_norwegian'
ExportProgress : (1193/2029) Exporting 'MasterCircuit_norwegian'
ExportProgress : (1194/2029) Exporting 'kart5_Phineas_body_decal'
ExportProgress : (1195/2029) Exporting 'kart5_Perry_body_decal'
ExportProgress : (1196/2029) Exporting 'kart0_scoop_main'
ExportProgress : (1197/2029) Exporting 'kart0NO_spoiler_main'
ExportProgress : (1198/2029) Exporting 'kart0NO_scoop_main'
ExportProgress : (1199/2029) Exporting 'GravityLogo_norwegian'
ExportProgress : (1200/2029) Exporting 'kart4_thrusters_main'
ExportProgress : (1201/2029) Exporting 'Phineas'
ExportProgress : (1202/2029) Exporting 'kart1_Gunther_spoiler_decal'
ExportProgress : (1203/2029) Exporting 'kart3_scoop_detail'
ExportProgress : (1204/2029) Exporting 'texture kart brad'
ExportProgress : (1205/2029) Exporting 'texture kart bea'
ExportProgress : (1206/2029) Exporting 'kart2_body_main'
ExportProgress : (1207/2029) Exporting 'kart1_spoiler_main'
ExportProgress : (1208/2029) Exporting 'KickBillboardAd2_norwegian'
ExportProgress : (1209/2029) Exporting 'NewbieCircuit_norwegian'
ExportProgress : (1210/2029) Exporting 'kart2_wheels_detail'
ExportProgress : (1211/2029) Exporting 'kart2_body_detail'
ExportProgress : (1212/2029) Exporting 'OSCARmap'
ExportProgress : (1213/2029) Exporting 'FishHooksBillboardAd_norwegian'
ExportProgress : (1214/2029) Exporting 'kart0NO_body_main'
ExportProgress : (1215/2029) Exporting 'kart2_scoop_main'
ExportProgress : (1216/2029) Exporting 'ProCircuit_english'
ExportProgress : (1217/2029) Exporting 'texture kart03'
ExportProgress : (1218/2029) Exporting 'kart4_Brad_spoiler_decal'
ExportProgress : (1219/2029) Exporting 'texture kart mabel'
ExportProgress : (1220/2029) Exporting 'texture kart02'
ExportProgress : (1221/2029) Exporting 'kart1_untouchable_seat'
ExportProgress : (1222/2029) Exporting 'kart0_wheels_main'
ExportProgress : (1223/2029) Exporting 'SoosTexture'
ExportProgress : (1224/2029) Exporting 'kart2_Bea_spoiler_decal'
ExportProgress : (1225/2029) Exporting 'kart1_thrusters_main'
ExportProgress : (1226/2029) Exporting 'kart1_body_detail'
ExportProgress : (1227/2029) Exporting 'kart6_scoop_detail'
ExportProgress : (1228/2029) Exporting 'texture kart phineas'
ExportProgress : (1229/2029) Exporting 'PhineasBillboardAd2_norwegian'
ExportProgress : (1230/2029) Exporting 'kart5_body_main'
ExportProgress : (1231/2029) Exporting 'MILOmap'
ExportProgress : (1232/2029) Exporting 'NewbieCircuit_english'
ExportProgress : (1233/2029) Exporting 'PranksgivingLogo'
ExportProgress : (1234/2029) Exporting 'texture kart mike'
ExportProgress : (1235/2029) Exporting 'FishHooksBillboardAd2_english'
ExportProgress : (1236/2029) Exporting 'texture kart oscar'
ExportProgress : (1237/2029) Exporting 'kart3_Mabel_body_decal'
ExportProgress : (1238/2029) Exporting 'kart4_spoiler_main'
ExportProgress : (1239/2029) Exporting 'randy'
ExportProgress : (1240/2029) Exporting 'texture kat perry'
ExportProgress : (1241/2029) Exporting 'kart2_spoiler_main'
ExportProgress : (1242/2029) Exporting 'CrashAndBernsteinLogo_norwegian'
ExportProgress : (1243/2029) Exporting 'kart3_untouchable_seat'
ExportProgress : (1244/2029) Exporting 'kart4_Mike_body_decal'
ExportProgress : (1245/2029) Exporting 'kart2_Oscar_body_decal'
ExportProgress : (1246/2029) Exporting 'texture kart04'
ExportProgress : (1247/2029) Exporting 'texture kart01'
ExportProgress : (1248/2029) Exporting 'kart3_body_main'
ExportProgress : (1249/2029) Exporting 'kart5_thrusters_main'
ExportProgress : (1250/2029) Exporting 'kart0_thrusters_main'
ExportProgress : (1251/2029) Exporting 'ProCircuitLocked_norwegian'
ExportProgress : (1252/2029) Exporting 'kart4_untouchable_seat'
ExportProgress : (1253/2029) Exporting 'texture kart milo'
ExportProgress : (1254/2029) Exporting 'texture kart kick'
ExportProgress : (1255/2029) Exporting 'kart2_Milo_spoiler_decal'
ExportProgress : (1256/2029) Exporting 'CloudStrapLogo_english'
ExportProgress : (1257/2029) Exporting 'RandyLogo_english'
ExportProgress : (1258/2029) Exporting 'kart3_spoiler_main'
ExportProgress : (1259/2029) Exporting 'kart0_untouchable_seat'
ExportProgress : (1260/2029) Exporting 'kart5_untouchable_seat'
ExportProgress : (1261/2029) Exporting 'Perry'
ExportProgress : (1262/2029) Exporting 'particle_4'
ExportProgress : (1263/2029) Exporting 'kart3_Dipper_body_decal'
ExportProgress : (1264/2029) Exporting 'FishHooksBillboardAd2_norwegian'
ExportProgress : (1265/2029) Exporting 'kart1_Kick_spoiler_decal'
ExportProgress : (1266/2029) Exporting 'MotorCityLogo_english'
ExportProgress : (1267/2029) Exporting 'kart1_Kick_body_decal'
ExportProgress : (1268/2029) Exporting 'kart4_Mike_spoiler_decal'
ExportProgress : (1269/2029) Exporting 'MabelTexture'
ExportProgress : (1270/2029) Exporting 'kart5_Perry_spoiler_decal'
ExportProgress : (1271/2029) Exporting 'MikeTexture'
ExportProgress : (1272/2029) Exporting 'kart1_Gunther_body_decal'
ExportProgress : (1273/2029) Exporting 'kart0NO_body_detail'
ExportProgress : (1274/2029) Exporting 'kart0NO_untouchable_seat'
ExportProgress : (1275/2029) Exporting 'kart2_wheels_main'
ExportProgress : (1276/2029) Exporting 'CrashAndBernsteinLogo_english'
ExportProgress : (1277/2029) Exporting 'kart4_wheels_main'
ExportProgress : (1278/2029) Exporting 'crashTexture'
ExportProgress : (1279/2029) Exporting 'kart0NO_wheels_detail'
ExportProgress : (1280/2029) Exporting 'kart3_wheels_main'
ExportProgress : (1281/2029) Exporting 'kart4_scoop_main'
ExportProgress : (1282/2029) Exporting 'kart5_wheels_main'
ExportProgress : (1283/2029) Exporting 'KickBillboardAd_english'
ExportProgress : (1284/2029) Exporting 'kart3_thrusters_main'
ExportProgress : (1285/2029) Exporting 'kart5_Ferb_spoiler_decal'
ExportProgress : (1286/2029) Exporting 'kart5_Phineas_spoiler_decal'
ExportProgress : (1287/2029) Exporting 'kart3_scoop_main'
ExportProgress : (1288/2029) Exporting 'PhineasLogo_norwegian'
ExportProgress : (1289/2029) Exporting 'kart0_body_main'
ExportProgress : (1290/2029) Exporting 'kart5_wheels_detail'
ExportProgress : (1291/2029) Exporting 'kart5_spoiler_main'
ExportProgress : (1292/2029) Exporting 'kart2_untouchable_seat'
ExportProgress : (1293/2029) Exporting 'ShieldRimlight'
ExportProgress : (1294/2029) Exporting 'MasterCircuitLocked_english'
ExportProgress : (1295/2029) Exporting 'texture kart gunther'
ExportProgress : (1296/2029) Exporting 'kart5_Ferb_body_decal'
ExportProgress : (1297/2029) Exporting 'kart1_scoop_main'
ExportProgress : (1298/2029) Exporting 'kart5_body_detail'
ExportProgress : (1299/2029) Exporting 'kart0NO_wheels_main'
ExportProgress : (1300/2029) Exporting 'kart0_body_detail'
ExportProgress : (1301/2029) Exporting 'PhineasBillboardAd_english'
ExportProgress : (1302/2029) Exporting 'kart4_Brad_body_decal'
ExportProgress : (1303/2029) Exporting 'kart6_wheels_main'
ExportProgress : (1304/2029) Exporting 'ProCircuit_norwegian'
ExportProgress : (1305/2029) Exporting 'kart1_wheels_main'
ExportProgress : (1306/2029) Exporting 'MasterCircuitLocked_norwegian'
ExportProgress : (1307/2029) Exporting 'cras'
ExportProgress : (1308/2029) Exporting 'Phineas'
ExportProgress : (1309/2029) Exporting 'front_wheel'
ExportProgress : (1310/2029) Exporting 'interior'
ExportProgress : (1311/2029) Exporting 'Mike'
ExportProgress : (1312/2029) Exporting 'Perry'
ExportProgress : (1313/2029) Exporting 'front_wheel'
ExportProgress : (1314/2029) Exporting 'Dipper'
ExportProgress : (1315/2029) Exporting 'MILO'
ExportProgress : (1316/2029) Exporting 'interior'
ExportProgress : (1317/2029) Exporting 'kart_perry'
ExportProgress : (1318/2029) Exporting 'thrusters'
ExportProgress : (1319/2029) Exporting 'front_wheel'
ExportProgress : (1320/2029) Exporting 'gunther'
ExportProgress : (1321/2029) Exporting 'OSCAR'
ExportProgress : (1322/2029) Exporting 'body'
ExportProgress : (1323/2029) Exporting 'brad'
ExportProgress : (1324/2029) Exporting 'right_wheel'
ExportProgress : (1325/2029) Exporting 'BEA'
ExportProgress : (1326/2029) Exporting 'belt'
ExportProgress : (1327/2029) Exporting 'Mabel'
ExportProgress : (1328/2029) Exporting 'front_wheel'
ExportProgress : (1329/2029) Exporting 'head_003'
ExportProgress : (1330/2029) Exporting 'kick'
ExportProgress : (1331/2029) Exporting 'front_wheel_001'
ExportProgress : (1332/2029) Exporting 'kart_phineas'
ExportProgress : (1333/2029) Exporting 'kart_milo'
ExportProgress : (1334/2029) Exporting 'kart_ferb'
ExportProgress : (1335/2029) Exporting 'kart_bea'
ExportProgress : (1336/2029) Exporting 'front_wheel'
ExportProgress : (1337/2029) Exporting 'Ferb'
ExportProgress : (1338/2029) Exporting 'front_wheel'
ExportProgress : (1339/2029) Exporting 'thrusters'
ExportProgress : (1340/2029) Exporting 'thrusters'
ExportProgress : (1341/2029) Exporting 'belt'
ExportProgress : (1342/2029) Exporting 'belt'
ExportProgress : (1343/2029) Exporting 'left_wheel'
ExportProgress : (1344/2029) Exporting 'belt'
ExportProgress : (1345/2029) Exporting 'belt'
ExportProgress : (1346/2029) Exporting 'left_wheel'
ExportProgress : (1347/2029) Exporting 'belt'
ExportProgress : (1348/2029) Exporting 'belt'
ExportProgress : (1349/2029) Exporting 'scoop'
ExportProgress : (1350/2029) Exporting 'front_wheel'
ExportProgress : (1351/2029) Exporting 'left_wheel'
ExportProgress : (1352/2029) Exporting 'belt'
ExportProgress : (1353/2029) Exporting 'belt'
ExportProgress : (1354/2029) Exporting 'front_wheel'
ExportProgress : (1355/2029) Exporting 'SCOOP'
ExportProgress : (1356/2029) Exporting 'right_wheel'
ExportProgress : (1357/2029) Exporting 'belt'
ExportProgress : (1358/2029) Exporting 'left_wheel'
ExportProgress : (1359/2029) Exporting 'belt'
ExportProgress : (1360/2029) Exporting 'soos'
ExportProgress : (1361/2029) Exporting 'belt'
ExportProgress : (1362/2029) Exporting 'left_wheel'
ExportProgress : (1363/2029) Exporting 'belt'
ExportProgress : (1364/2029) Exporting 'belt'
ExportProgress : (1365/2029) Exporting 'front_wheel'
ExportProgress : (1366/2029) Exporting 'front_wheel'
ExportProgress : (1367/2029) Exporting 'right_wheel'
ExportProgress : (1368/2029) Exporting 'front_wheel'
ExportProgress : (1369/2029) Exporting 'right_wheel'
ExportProgress : (1370/2029) Exporting 'left_wheel'
ExportProgress : (1371/2029) Exporting 'belt'
ExportProgress : (1372/2029) Exporting 'left_wheel'
ExportProgress : (1373/2029) Exporting 'scoop'
ExportProgress : (1374/2029) Exporting 'spoiler'
ExportProgress : (1375/2029) Exporting 'wheel'
ExportProgress : (1376/2029) Exporting 'right_wheel'
ExportProgress : (1377/2029) Exporting 'right_wheel'
ExportProgress : (1378/2029) Exporting 'interior'
ExportProgress : (1379/2029) Exporting 'body'
ExportProgress : (1380/2029) Exporting 'left_wheel'
ExportProgress : (1381/2029) Exporting 'interior'
ExportProgress : (1382/2029) Exporting 'right_wheel'
ExportProgress : (1383/2029) Exporting 'interior'
ExportProgress : (1384/2029) Exporting 'left_wheel'
ExportProgress : (1385/2029) Exporting 'interior'
ExportProgress : (1386/2029) Exporting 'left_wheel'
ExportProgress : (1387/2029) Exporting 'body'
ExportProgress : (1388/2029) Exporting 'front_wheel'
ExportProgress : (1389/2029) Exporting 'right_wheel'
ExportProgress : (1390/2029) Exporting 'interior'
ExportProgress : (1391/2029) Exporting 'left_wheel'
ExportProgress : (1392/2029) Exporting 'left_wheel'
ExportProgress : (1393/2029) Exporting 'left_wheel'
ExportProgress : (1394/2029) Exporting 'left_wheel'
ExportProgress : (1395/2029) Exporting 'right_wheel'
ExportProgress : (1396/2029) Exporting 'interior'
ExportProgress : (1397/2029) Exporting 'right_wheel'
ExportProgress : (1398/2029) Exporting 'interior'
ExportProgress : (1399/2029) Exporting 'kart_brad'
ExportProgress : (1400/2029) Exporting 'interior'
ExportProgress : (1401/2029) Exporting 'body'
ExportProgress : (1402/2029) Exporting 'interior'
ExportProgress : (1403/2029) Exporting 'body'
ExportProgress : (1404/2029) Exporting 'right_weel'
ExportProgress : (1405/2029) Exporting 'body'
ExportProgress : (1406/2029) Exporting 'kart_kick'
ExportProgress : (1407/2029) Exporting 'body'
ExportProgress : (1408/2029) Exporting 'right_wheel'
ExportProgress : (1409/2029) Exporting 'interior'
ExportProgress : (1410/2029) Exporting 'front_wheel'
ExportProgress : (1411/2029) Exporting 'kart_oscar'
ExportProgress : (1412/2029) Exporting 'body'
ExportProgress : (1413/2029) Exporting 'interior'
ExportProgress : (1414/2029) Exporting 'right_wheel'
ExportProgress : (1415/2029) Exporting 'interior'
ExportProgress : (1416/2029) Exporting 'kart_gunther'
ExportProgress : (1417/2029) Exporting 'body'
ExportProgress : (1418/2029) Exporting 'right_weel'
ExportProgress : (1419/2029) Exporting 'front_wheel'
ExportProgress : (1420/2029) Exporting 'right_weel'
ExportProgress : (1421/2029) Exporting 'front_wheel'
ExportProgress : (1422/2029) Exporting 'kart_kick'
ExportProgress : (1423/2029) Exporting 'body'
ExportProgress : (1424/2029) Exporting 'body'
ExportProgress : (1425/2029) Exporting 'body'
ExportProgress : (1426/2029) Exporting 'interior'
ExportProgress : (1427/2029) Exporting 'body'
ExportProgress : (1428/2029) Exporting 'interior'
ExportProgress : (1429/2029) Exporting 'body'
ExportProgress : (1430/2029) Exporting 'kart_mabel'
ExportProgress : (1431/2029) Exporting 'interior'
ExportProgress : (1432/2029) Exporting 'scoop'
ExportProgress : (1433/2029) Exporting 'body'
ExportProgress : (1434/2029) Exporting 'left_wheel'
ExportProgress : (1435/2029) Exporting 'body'
ExportProgress : (1436/2029) Exporting 'scoop'
ExportProgress : (1437/2029) Exporting 'light'
ExportProgress : (1438/2029) Exporting 'spoiler'
ExportProgress : (1439/2029) Exporting 'body'
ExportProgress : (1440/2029) Exporting 'interior'
ExportProgress : (1441/2029) Exporting 'body'
ExportProgress : (1442/2029) Exporting 'thrusters'
ExportProgress : (1443/2029) Exporting 'spoiler'
ExportProgress : (1444/2029) Exporting 'spoiler'
ExportProgress : (1445/2029) Exporting 'scoop'
ExportProgress : (1446/2029) Exporting 'spoiler'
ExportProgress : (1447/2029) Exporting 'spoiler'
ExportProgress : (1448/2029) Exporting 'spoiler'
ExportProgress : (1449/2029) Exporting 'spoiler'
ExportProgress : (1450/2029) Exporting 'front_wheel'
ExportProgress : (1451/2029) Exporting 'spoiler'
ExportProgress : (1452/2029) Exporting 'interior'
ExportProgress : (1453/2029) Exporting 'spoiler'
ExportProgress : (1454/2029) Exporting 'thrusters'
ExportProgress : (1455/2029) Exporting 'thrusters'
ExportProgress : (1456/2029) Exporting 'thrusters'
ExportProgress : (1457/2029) Exporting 'spoiler'
ExportProgress : (1458/2029) Exporting 'front_wheel'
ExportProgress : (1459/2029) Exporting 'thrusters'
ExportProgress : (1460/2029) Exporting 'thrusters'
ExportProgress : (1461/2029) Exporting 'thrusters'
ExportProgress : (1462/2029) Exporting 'thrusters'
ExportProgress : (1463/2029) Exporting 'spoiler'
ExportProgress : (1464/2029) Exporting 'left_wheel'
ExportProgress : (1465/2029) Exporting 'kart_mike'
ExportProgress : (1466/2029) Exporting 'thrusters'
ExportProgress : (1467/2029) Exporting 'kart_dipper'
ExportProgress : (1468/2029) Exporting 'right_wheel'
ExportProgress : (1469/2029) Exporting 'right_weel'
ExportProgress : (1470/2029) Exporting 'front_wheel'
ExportProgress : (1471/2029) Exporting 'left_wheel'
ExportProgress : (1472/2029) Exporting 'spoiler'
ExportProgress : (1473/2029) Exporting 'right_wheel'
ExportProgress : (1474/2029) Exporting 'thrusters'
ExportProgress : (1475/2029) Exporting 'front_wheel'
ExportProgress : (1476/2029) Exporting 'left_wheel'
ExportProgress : (1477/2029) Exporting 'left_wheel'
ExportProgress : (1478/2029) Exporting 'right_wheel'
ExportProgress : (1479/2029) Exporting 'front_wheel'
ExportProgress : (1480/2029) Exporting 'body'
ExportProgress : (1481/2029) Exporting 'left_wheel'
ExportProgress : (1482/2029) Exporting 'scoop'
ExportProgress : (1483/2029) Exporting 'right_wheel'
ExportProgress : (1484/2029) Exporting 'Particle Add'
ExportProgress : (1485/2029) Exporting 'Mobile-Particle-Alpha-VertexLit'
ExportProgress : (1486/2029) Exporting 'Mobile-Particle-Multiply'
ExportProgress : (1487/2029) Exporting 'CharacterConfig'
ExportProgress : (1488/2029) Exporting 'Localize-Default'
ExportProgress : (1489/2029) Exporting 'Localize-SW'
ExportProgress : (1490/2029) Exporting 'PartCosts'
ExportProgress : (1491/2029) Exporting 'KICK_argh_b'
ExportProgress : (1492/2029) Exporting 'SUPER SPEEDWAY OSCAR VO WAHHH WAHHH_04'
ExportProgress : (1493/2029) Exporting 'DSS_DIPPER_Aww_01'
ExportProgress : (1494/2029) Exporting 'BEA Super Speedway OH OH_03'
ExportProgress : (1495/2029) Exporting 'NINJA_AHH_a'
ExportProgress : (1496/2029) Exporting 'Mike Chilton_uh_oh_b'
ExportProgress : (1497/2029) Exporting 'DSS_FERB_Woo_01'
ExportProgress : (1498/2029) Exporting 'BRAD_ARGH_b'
ExportProgress : (1499/2029) Exporting 'DSS_FERB_Aww_04'
ExportProgress : (1500/2029) Exporting 'BEA Super Speedway HAA HAA_04'
ExportProgress : (1501/2029) Exporting 'NINJA_YIKES_a'
ExportProgress : (1502/2029) Exporting 'NINJA_NYA NYA_a'
ExportProgress : (1503/2029) Exporting 'Mike Chilton_aww_c'
ExportProgress : (1504/2029) Exporting 'BEA Super Speedway AHH_01'
ExportProgress : (1505/2029) Exporting 'BEA Super Speedway ARGH_02'
ExportProgress : (1506/2029) Exporting 'GUNTHER_ahh_a'
ExportProgress : (1507/2029) Exporting 'UH_OH_MABEL_b'
ExportProgress : (1508/2029) Exporting 'NINJA_AWW_a'
ExportProgress : (1509/2029) Exporting 'NINJA_HEE HEE_a'
ExportProgress : (1510/2029) Exporting 'DSS_PHINEAS_Ack_01'
ExportProgress : (1511/2029) Exporting 'DSS_FERB_HaHaa_01'
ExportProgress : (1512/2029) Exporting 'BEA Super Speedway WHOO HOO_02'
ExportProgress : (1513/2029) Exporting 'GUNTHER_yipe_c'
ExportProgress : (1514/2029) Exporting 'DSS_FERB_Aww_02'
ExportProgress : (1515/2029) Exporting 'KICK_uhoh_b'
ExportProgress : (1516/2029) Exporting 'DSS_FERB_Ahhh_01'
ExportProgress : (1517/2029) Exporting 'PERRY_GURGLE'
ExportProgress : (1518/2029) Exporting 'DSS_PHINEAS_WooHoo_01'
ExportProgress : (1519/2029) Exporting 'DSS_MILO_Arrgh_02'
ExportProgress : (1520/2029) Exporting 'BRAD_HAA HAA_b'
ExportProgress : (1521/2029) Exporting 'ACK_MABEL_f'
ExportProgress : (1522/2029) Exporting 'Mike Chilton_hee_hee_b'
ExportProgress : (1523/2029) Exporting 'HEE_HEE_MABEL_d'
ExportProgress : (1524/2029) Exporting 'DSS_MILO_Woo_01'
ExportProgress : (1525/2029) Exporting 'ARGH_MABEL_b'
ExportProgress : (1526/2029) Exporting 'BEA Super Speedway HEE HEE_01'
ExportProgress : (1527/2029) Exporting 'DSS_PHINEAS_HaHaa_03'
ExportProgress : (1528/2029) Exporting 'DSS_PHINEAS_Woo_01'
ExportProgress : (1529/2029) Exporting 'KICK_haa_haa_b'
ExportProgress : (1530/2029) Exporting 'GUNTHER_whoooo_b'
ExportProgress : (1531/2029) Exporting 'Mike Chilton_whoooo_f'
ExportProgress : (1532/2029) Exporting 'WHOO_HOO_MABEL_a'
ExportProgress : (1533/2029) Exporting 'SUPER SPEEDWAY OSCAR VO WHOOOOO_01'
ExportProgress : (1534/2029) Exporting 'DSS_FERB_Uhoh_03'
ExportProgress : (1535/2029) Exporting 'DSS_MILO_Ahh_01'
ExportProgress : (1536/2029) Exporting 'YIKES_MABEL_a'
ExportProgress : (1537/2029) Exporting 'DSS_DIPPER_UhOh_01'
ExportProgress : (1538/2029) Exporting 'DSS_DIPPER_WooHoo_01'
ExportProgress : (1539/2029) Exporting 'DSS_MILO_HaHaa_01'
ExportProgress : (1540/2029) Exporting 'GUNTHER_ha_ha_a'
ExportProgress : (1541/2029) Exporting 'BRAD_WHOO HOO_b'
ExportProgress : (1542/2029) Exporting 'HAA_HAA_MABEL_a'
ExportProgress : (1543/2029) Exporting 'DSS_DIPPER_Ahh_01'
ExportProgress : (1544/2029) Exporting 'BRAD_HEY COME ON_a'
ExportProgress : (1545/2029) Exporting 'GUNTHER_aww_c'
ExportProgress : (1546/2029) Exporting 'NINJA_WHOO HOO_a'
ExportProgress : (1547/2029) Exporting 'Mike Chilton_ahh_b'
ExportProgress : (1548/2029) Exporting 'KICK_ayee_b'
ExportProgress : (1549/2029) Exporting 'DSS_PHINEAS_Aww_01'
ExportProgress : (1550/2029) Exporting 'DSS_MILO_WooHoo_01'
ExportProgress : (1551/2029) Exporting 'SUPER SPEEDWAY OSCAR VO HAA HAA_03'
ExportProgress : (1552/2029) Exporting 'BRAD_YEA BRAD_c'
ExportProgress : (1553/2029) Exporting 'DSS_DIPPER_AhHaHa_01'
ExportProgress : (1554/2029) Exporting 'GUNTHER_yikes_c'
ExportProgress : (1555/2029) Exporting 'DSS_MILO_UhOh_02'
ExportProgress : (1556/2029) Exporting 'KICK_yikes_a'
ExportProgress : (1557/2029) Exporting 'BRAD_UH OH_a'
ExportProgress : (1558/2029) Exporting 'KICK_whoo_hoo_a'
ExportProgress : (1559/2029) Exporting 'DSS_MILO_Aww_01'
ExportProgress : (1560/2029) Exporting 'SUPER SPEEDWAY OSCAR VO AHH_02'
ExportProgress : (1561/2029) Exporting 'DSS_PHINEAS_UhOh_01'
ExportProgress : (1562/2029) Exporting 'SUPER SPEEDWAY OSCAR VO NYA NYA_02'
ExportProgress : (1563/2029) Exporting 'SUPER SPEEDWAY OSCAR VO AWW_02'
ExportProgress : (1564/2029) Exporting 'Mike Chilton_haa_haa_a'
ExportProgress : (1565/2029) Exporting 'AWW_MABEL_b'
ExportProgress : (1566/2029) Exporting 'Anchor Rocket'
ExportProgress : (1567/2029) Exporting 'Laser'
ExportProgress : (1568/2029) Exporting 'Mine'
ExportProgress : (1569/2029) Exporting 'MineSpreader'
ExportProgress : (1570/2029) Exporting 'RandomShot'
ExportProgress : (1571/2029) Exporting 'Rocket'
ExportProgress : (1572/2029) Exporting 'TripLine'
ExportProgress : (1573/2029) Exporting 'Shadow Blob'
ExportProgress : (1574/2029) Exporting 'AgentP_AI'
ExportProgress : (1575/2029) Exporting 'Bea_AI'
ExportProgress : (1576/2029) Exporting 'Brad_AI'
ExportProgress : (1577/2029) Exporting 'Dipper_AI'
ExportProgress : (1578/2029) Exporting 'Ferb_AI'
ExportProgress : (1579/2029) Exporting 'Gunther_AI'
ExportProgress : (1580/2029) Exporting 'Kick_AI'
ExportProgress : (1581/2029) Exporting 'Mabel_AI'
ExportProgress : (1582/2029) Exporting 'Mike_AI'
ExportProgress : (1583/2029) Exporting 'Milo_AI'
ExportProgress : (1584/2029) Exporting 'Oscar_AI'
ExportProgress : (1585/2029) Exporting 'Phineas_AI'
ExportProgress : (1586/2029) Exporting 'Randy_AI'
ExportProgress : (1587/2029) Exporting 'noChar_AI'
ExportProgress : (1588/2029) Exporting 'Bike 0 Body'
ExportProgress : (1589/2029) Exporting 'Bike 1 Body'
ExportProgress : (1590/2029) Exporting 'Bike 2 Body'
ExportProgress : (1591/2029) Exporting 'Bike 3 Body'
ExportProgress : (1592/2029) Exporting 'Bike 4 Body'
ExportProgress : (1593/2029) Exporting 'Bike 5 Body'
ExportProgress : (1594/2029) Exporting 'Kart 0 Body'
ExportProgress : (1595/2029) Exporting 'Kart 1 Body'
ExportProgress : (1596/2029) Exporting 'Kart 2 Body'
ExportProgress : (1597/2029) Exporting 'Kart 3 Body'
ExportProgress : (1598/2029) Exporting 'Kart 4 Body'
ExportProgress : (1599/2029) Exporting 'Kart 5 Body'
ExportProgress : (1600/2029) Exporting 'Truck 0 Body'
ExportProgress : (1601/2029) Exporting 'Truck 1 Body'
ExportProgress : (1602/2029) Exporting 'Truck 2 Body'
ExportProgress : (1603/2029) Exporting 'Truck 3 Body'
ExportProgress : (1604/2029) Exporting 'Truck 4 Body'
ExportProgress : (1605/2029) Exporting 'Truck 5 Body'
ExportProgress : (1606/2029) Exporting 'Agent P'
ExportProgress : (1607/2029) Exporting 'Bea'
ExportProgress : (1608/2029) Exporting 'Brad'
ExportProgress : (1609/2029) Exporting 'Crash'
ExportProgress : (1610/2029) Exporting 'Dipper'
ExportProgress : (1611/2029) Exporting 'Ferb'
ExportProgress : (1612/2029) Exporting 'Gunther'
ExportProgress : (1613/2029) Exporting 'Kick'
ExportProgress : (1614/2029) Exporting 'Mabel'
ExportProgress : (1615/2029) Exporting 'Mike'
ExportProgress : (1616/2029) Exporting 'Milo'
ExportProgress : (1617/2029) Exporting 'Oscar'
ExportProgress : (1618/2029) Exporting 'Phineas'
ExportProgress : (1619/2029) Exporting 'Randy'
ExportProgress : (1620/2029) Exporting 'Soos'
ExportProgress : (1621/2029) Exporting 'Kart 1 Scoop'
ExportProgress : (1622/2029) Exporting 'Kart 2 Scoop'
ExportProgress : (1623/2029) Exporting 'Kart 3 Scoop'
ExportProgress : (1624/2029) Exporting 'Kart 4 Scoop'
ExportProgress : (1625/2029) Exporting 'Kart 5 Scoop'
ExportProgress : (1626/2029) Exporting 'Kart 6 Scoop'
ExportProgress : (1627/2029) Exporting 'Kart 1 Spoiler'
ExportProgress : (1628/2029) Exporting 'Kart 2 Spoiler'
ExportProgress : (1629/2029) Exporting 'Kart 3 Spoiler'
ExportProgress : (1630/2029) Exporting 'Kart 4 Spoiler'
ExportProgress : (1631/2029) Exporting 'Kart 5 Spoiler'
ExportProgress : (1632/2029) Exporting 'Kart 6 Spoiler'
ExportProgress : (1633/2029) Exporting 'Truck 1 Spoiler'
ExportProgress : (1634/2029) Exporting 'Truck 2 Spoiler'
ExportProgress : (1635/2029) Exporting 'Truck 3 Spoiler'
ExportProgress : (1636/2029) Exporting 'Truck 4 Spoiler'
ExportProgress : (1637/2029) Exporting 'Truck 5 Spoiler'
ExportProgress : (1638/2029) Exporting 'Truck 6 Spoiler'
ExportProgress : (1639/2029) Exporting 'Kart 1 Thruster'
ExportProgress : (1640/2029) Exporting 'Kart 2 Thruster'
ExportProgress : (1641/2029) Exporting 'Kart 3 Thruster'
ExportProgress : (1642/2029) Exporting 'Kart 4 Thruster'
ExportProgress : (1643/2029) Exporting 'Kart 5 Thruster'
ExportProgress : (1644/2029) Exporting 'Kart 6 Thruster'
ExportProgress : (1645/2029) Exporting 'Truck 1 Thruster'
ExportProgress : (1646/2029) Exporting 'Truck 2 Thruster'
ExportProgress : (1647/2029) Exporting 'Truck 3 Thruster'
ExportProgress : (1648/2029) Exporting 'Truck 4 Thruster'
ExportProgress : (1649/2029) Exporting 'Truck 5 Thruster'
ExportProgress : (1650/2029) Exporting 'Truck 6 Thruster'
ExportProgress : (1651/2029) Exporting 'Bike 0 Wheels'
ExportProgress : (1652/2029) Exporting 'Bike 1 Wheels'
ExportProgress : (1653/2029) Exporting 'Bike 2 Wheels'
ExportProgress : (1654/2029) Exporting 'Bike 3 Wheels'
ExportProgress : (1655/2029) Exporting 'Bike 4 Wheels'
ExportProgress : (1656/2029) Exporting 'Bike 5 Wheels'
ExportProgress : (1657/2029) Exporting 'Bike 6 Wheels'
ExportProgress : (1658/2029) Exporting 'Kart 0 Wheels'
ExportProgress : (1659/2029) Exporting 'Kart 1 Wheels'
ExportProgress : (1660/2029) Exporting 'Kart 2 Wheels'
ExportProgress : (1661/2029) Exporting 'Kart 3 Wheels'
ExportProgress : (1662/2029) Exporting 'Kart 4 Wheels'
ExportProgress : (1663/2029) Exporting 'Kart 5 Wheels'
ExportProgress : (1664/2029) Exporting 'Kart 6 Wheels'
ExportProgress : (1665/2029) Exporting 'Truck 0 Wheels'
ExportProgress : (1666/2029) Exporting 'Truck 1 Wheels'
ExportProgress : (1667/2029) Exporting 'Truck 2 Wheels'
ExportProgress : (1668/2029) Exporting 'Truck 3 Wheels'
ExportProgress : (1669/2029) Exporting 'Truck 4 Wheels'
ExportProgress : (1670/2029) Exporting 'Truck 5 Wheels'
ExportProgress : (1671/2029) Exporting 'Truck 6 Wheels'
ExportProgress : (1672/2029) Exporting 'PlayerSettings'
ExportProgress : (1673/2029) Exporting 'InputManager'
ExportProgress : (1674/2029) Exporting 'TagManager'
ExportProgress : (1675/2029) Exporting 'AudioManager'
ExportProgress : (1676/2029) Exporting 'ScriptMapper'
ExportProgress : (1677/2029) Exporting 'MonoManager'
ExportProgress : (1678/2029) Exporting 'GraphicsSettings'
ExportProgress : (1679/2029) Exporting 'TimeManager'
ExportProgress : (1680/2029) Exporting 'DelayedCallManager'
ExportProgress : (1681/2029) Exporting 'PhysicsManager'
ExportProgress : (1682/2029) Exporting 'BuildSettings'
ExportProgress : (1683/2029) Exporting 'QualitySettings'
ExportProgress : (1684/2029) Exporting 'ResourceManager'
ExportProgress : (1685/2029) Exporting 'NetworkManager'
ExportProgress : (1686/2029) Exporting 'MasterServerInterface'
ExportProgress : (1687/2029) Exporting 'NavMeshLayers'
ExportProgress : (1688/2029) Exporting 'Physics2DSettings'
ExportProgress : (1689/2029) Exporting 'Mesh'
ExportProgress : (1690/2029) Exporting 'CloudStrap'
ExportProgress : (1691/2029) Exporting 'Mesh'
ExportProgress : (1692/2029) Exporting 'Mesh'
ExportProgress : (1693/2029) Exporting 'Mesh'
ExportProgress : (1694/2029) Exporting 'Mesh'
ExportProgress : (1695/2029) Exporting 'Mesh'
ExportProgress : (1696/2029) Exporting 'Mesh'
ExportProgress : (1697/2029) Exporting 'Mesh'
ExportProgress : (1698/2029) Exporting 'Mesh'
ExportProgress : (1699/2029) Exporting 'Mesh'
ExportProgress : (1700/2029) Exporting 'Mesh'
ExportProgress : (1701/2029) Exporting 'Mesh'
ExportProgress : (1702/2029) Exporting 'Mesh'
ExportProgress : (1703/2029) Exporting 'Mesh'
ExportProgress : (1704/2029) Exporting 'Mesh'
ExportProgress : (1705/2029) Exporting 'Mesh'
ExportProgress : (1706/2029) Exporting 'Mesh'
ExportProgress : (1707/2029) Exporting 'Mesh'
ExportProgress : (1708/2029) Exporting 'Mesh'
ExportProgress : (1709/2029) Exporting 'Mesh'
ExportProgress : (1710/2029) Exporting 'Mesh'
ExportProgress : (1711/2029) Exporting 'Mesh'
ExportProgress : (1712/2029) Exporting 'Mesh'
ExportProgress : (1713/2029) Exporting 'Mesh'
ExportProgress : (1714/2029) Exporting 'Combined Mesh (root: scene)'
ExportProgress : (1715/2029) Exporting 'Kick Butt Track 2'
ExportProgress : (1716/2029) Exporting 'Mesh'
ExportProgress : (1717/2029) Exporting 'Mesh'
ExportProgress : (1718/2029) Exporting 'Mesh'
ExportProgress : (1719/2029) Exporting 'Mesh'
ExportProgress : (1720/2029) Exporting 'Mesh'
ExportProgress : (1721/2029) Exporting 'Mesh'
ExportProgress : (1722/2029) Exporting 'Mesh'
ExportProgress : (1723/2029) Exporting 'Mesh'
ExportProgress : (1724/2029) Exporting 'Mesh'
ExportProgress : (1725/2029) Exporting 'Mesh'
ExportProgress : (1726/2029) Exporting 'Mesh'
ExportProgress : (1727/2029) Exporting 'Mesh'
ExportProgress : (1728/2029) Exporting 'Mesh'
ExportProgress : (1729/2029) Exporting 'Mesh'
ExportProgress : (1730/2029) Exporting 'Mesh'
ExportProgress : (1731/2029) Exporting 'Mesh'
ExportProgress : (1732/2029) Exporting 'Combined Mesh (root: scene)'
ExportProgress : (1733/2029) Exporting 'Mesh'
ExportProgress : (1734/2029) Exporting 'Mesh'
ExportProgress : (1735/2029) Exporting 'Mesh'
ExportProgress : (1736/2029) Exporting 'Mesh'
ExportProgress : (1737/2029) Exporting 'Mesh'
ExportProgress : (1738/2029) Exporting 'Mesh'
ExportProgress : (1739/2029) Exporting 'Mesh'
ExportProgress : (1740/2029) Exporting 'Mesh'
ExportProgress : (1741/2029) Exporting 'Kick Butt Track 1'
ExportProgress : (1742/2029) Exporting 'Mesh'
ExportProgress : (1743/2029) Exporting 'Combined Mesh (root: scene)'
ExportProgress : (1744/2029) Exporting 'Mesh'
ExportProgress : (1745/2029) Exporting 'Mesh'
ExportProgress : (1746/2029) Exporting 'Mesh'
ExportProgress : (1747/2029) Exporting 'Mesh'
ExportProgress : (1748/2029) Exporting 'Mesh'
ExportProgress : (1749/2029) Exporting 'Mesh'
ExportProgress : (1750/2029) Exporting 'Mesh'
ExportProgress : (1751/2029) Exporting 'Mesh'
ExportProgress : (1752/2029) Exporting 'Mesh'
ExportProgress : (1753/2029) Exporting 'Mesh'
ExportProgress : (1754/2029) Exporting 'Mesh'
ExportProgress : (1755/2029) Exporting 'Mesh'
ExportProgress : (1756/2029) Exporting 'Mesh'
ExportProgress : (1757/2029) Exporting 'Mesh'
ExportProgress : (1758/2029) Exporting 'Mesh'
ExportProgress : (1759/2029) Exporting 'Mesh'
ExportProgress : (1760/2029) Exporting 'Mesh'
ExportProgress : (1761/2029) Exporting 'Mesh'
ExportProgress : (1762/2029) Exporting 'Mesh'
ExportProgress : (1763/2029) Exporting 'Mesh'
ExportProgress : (1764/2029) Exporting 'Mesh'
ExportProgress : (1765/2029) Exporting 'Mesh'
ExportProgress : (1766/2029) Exporting 'Fish Hooks Track 3'
ExportProgress : (1767/2029) Exporting 'Mesh'
ExportProgress : (1768/2029) Exporting 'Mesh'
ExportProgress : (1769/2029) Exporting 'Mesh'
ExportProgress : (1770/2029) Exporting 'Mesh'
ExportProgress : (1771/2029) Exporting 'Mesh'
ExportProgress : (1772/2029) Exporting 'Mesh'
ExportProgress : (1773/2029) Exporting 'Mesh'
ExportProgress : (1774/2029) Exporting 'Mesh'
ExportProgress : (1775/2029) Exporting 'Mesh'
ExportProgress : (1776/2029) Exporting 'Mesh'
ExportProgress : (1777/2029) Exporting 'Mesh'
ExportProgress : (1778/2029) Exporting 'Mesh'
ExportProgress : (1779/2029) Exporting 'Mesh'
ExportProgress : (1780/2029) Exporting 'Mesh'
ExportProgress : (1781/2029) Exporting 'Mesh'
ExportProgress : (1782/2029) Exporting 'Combined Mesh (root: scene)'
ExportProgress : (1783/2029) Exporting 'Mesh'
ExportProgress : (1784/2029) Exporting 'Mesh'
ExportProgress : (1785/2029) Exporting 'Mesh'
ExportProgress : (1786/2029) Exporting 'Mesh'
ExportProgress : (1787/2029) Exporting 'Mesh'
ExportProgress : (1788/2029) Exporting 'Mesh'
ExportProgress : (1789/2029) Exporting 'Mesh'
ExportProgress : (1790/2029) Exporting 'Mesh'
ExportProgress : (1791/2029) Exporting 'Fish Hooks Track 2'
ExportProgress : (1792/2029) Exporting 'Mesh'
ExportProgress : (1793/2029) Exporting 'Mesh'
ExportProgress : (1794/2029) Exporting 'Mesh'
ExportProgress : (1795/2029) Exporting 'Mesh'
ExportProgress : (1796/2029) Exporting 'Mesh'
ExportProgress : (1797/2029) Exporting 'Mesh'
ExportProgress : (1798/2029) Exporting 'Mesh'
ExportProgress : (1799/2029) Exporting 'Combined Mesh (root: scene)'
ExportProgress : (1800/2029) Exporting 'Mesh'
ExportProgress : (1801/2029) Exporting 'Mesh'
ExportProgress : (1802/2029) Exporting 'Mesh'
ExportProgress : (1803/2029) Exporting 'Mesh'
ExportProgress : (1804/2029) Exporting 'Mesh'
ExportProgress : (1805/2029) Exporting 'Mesh'
ExportProgress : (1806/2029) Exporting 'Mesh'
ExportProgress : (1807/2029) Exporting 'Mesh'
ExportProgress : (1808/2029) Exporting 'Mesh'
ExportProgress : (1809/2029) Exporting 'Mesh'
ExportProgress : (1810/2029) Exporting 'Mesh'
ExportProgress : (1811/2029) Exporting 'Mesh'
ExportProgress : (1812/2029) Exporting 'Mesh'
ExportProgress : (1813/2029) Exporting 'Mesh'
ExportProgress : (1814/2029) Exporting 'Mesh'
ExportProgress : (1815/2029) Exporting 'Mesh'
ExportProgress : (1816/2029) Exporting 'Fish Hooks Track 1'
ExportProgress : (1817/2029) Exporting 'Mesh'
ExportProgress : (1818/2029) Exporting 'Mesh'
ExportProgress : (1819/2029) Exporting 'Mesh'
ExportProgress : (1820/2029) Exporting 'Mesh'
ExportProgress : (1821/2029) Exporting 'Mesh'
ExportProgress : (1822/2029) Exporting 'Mesh'
ExportProgress : (1823/2029) Exporting 'Mesh'
ExportProgress : (1824/2029) Exporting 'Mesh'
ExportProgress : (1825/2029) Exporting 'Mesh'
ExportProgress : (1826/2029) Exporting 'Mesh'
ExportProgress : (1827/2029) Exporting 'Mesh'
ExportProgress : (1828/2029) Exporting 'Mesh'
ExportProgress : (1829/2029) Exporting 'Mesh'
ExportProgress : (1830/2029) Exporting 'Mesh'
ExportProgress : (1831/2029) Exporting 'Mesh'
ExportProgress : (1832/2029) Exporting 'Mesh'
ExportProgress : (1833/2029) Exporting 'Mesh'
ExportProgress : (1834/2029) Exporting 'Mesh'
ExportProgress : (1835/2029) Exporting 'Mesh'
ExportProgress : (1836/2029) Exporting 'Mesh'
ExportProgress : (1837/2029) Exporting 'Mesh'
ExportProgress : (1838/2029) Exporting 'Mesh'
ExportProgress : (1839/2029) Exporting 'Mesh'
ExportProgress : (1840/2029) Exporting 'Mesh'
ExportProgress : (1841/2029) Exporting 'Mesh'
ExportProgress : (1842/2029) Exporting 'RaceResults'
ExportProgress : (1843/2029) Exporting 'Mesh'
ExportProgress : (1844/2029) Exporting 'MoreDisney'
ExportProgress : (1845/2029) Exporting 'Mesh'
ExportProgress : (1846/2029) Exporting 'Mesh'
ExportProgress : (1847/2029) Exporting 'Mesh'
ExportProgress : (1848/2029) Exporting 'Mesh'
ExportProgress : (1849/2029) Exporting 'Mesh'
ExportProgress : (1850/2029) Exporting 'Mesh'
ExportProgress : (1851/2029) Exporting 'Mesh'
ExportProgress : (1852/2029) Exporting 'Mesh'
ExportProgress : (1853/2029) Exporting 'Mesh'
ExportProgress : (1854/2029) Exporting 'Mesh'
ExportProgress : (1855/2029) Exporting 'Mesh'
ExportProgress : (1856/2029) Exporting 'Mesh'
ExportProgress : (1857/2029) Exporting 'Loading'
ExportProgress : (1858/2029) Exporting 'Mesh'
ExportProgress : (1859/2029) Exporting 'Mesh'
ExportProgress : (1860/2029) Exporting 'Mesh'
ExportProgress : (1861/2029) Exporting 'Mesh'
ExportProgress : (1862/2029) Exporting 'Mesh'
ExportProgress : (1863/2029) Exporting 'Mesh'
ExportProgress : (1864/2029) Exporting 'Mesh'
ExportProgress : (1865/2029) Exporting 'Mesh'
ExportProgress : (1866/2029) Exporting 'Mesh'
ExportProgress : (1867/2029) Exporting 'Mesh'
ExportProgress : (1868/2029) Exporting 'Mesh'
ExportProgress : (1869/2029) Exporting 'Mesh'
ExportProgress : (1870/2029) Exporting 'Mesh'
ExportProgress : (1871/2029) Exporting 'Mesh'
ExportProgress : (1872/2029) Exporting 'Mesh'
ExportProgress : (1873/2029) Exporting 'Mesh'
ExportProgress : (1874/2029) Exporting 'Mesh'
ExportProgress : (1875/2029) Exporting 'Mesh'
ExportProgress : (1876/2029) Exporting 'Mesh'
ExportProgress : (1877/2029) Exporting 'Mesh'
ExportProgress : (1878/2029) Exporting 'Mesh'
ExportProgress : (1879/2029) Exporting 'Mesh'
ExportProgress : (1880/2029) Exporting 'Mesh'
ExportProgress : (1881/2029) Exporting 'Combined Mesh (root: scene)'
ExportProgress : (1882/2029) Exporting 'Pranksgiving Test'
ExportProgress : (1883/2029) Exporting 'Mesh'
ExportProgress : (1884/2029) Exporting 'Mesh'
ExportProgress : (1885/2029) Exporting 'Mesh'
ExportProgress : (1886/2029) Exporting 'Mesh'
ExportProgress : (1887/2029) Exporting 'Mesh'
ExportProgress : (1888/2029) Exporting 'Mesh'
ExportProgress : (1889/2029) Exporting 'Mesh'
ExportProgress : (1890/2029) Exporting 'Mesh'
ExportProgress : (1891/2029) Exporting 'Combined Mesh (root: scene)'
ExportProgress : (1892/2029) Exporting 'Mesh'
ExportProgress : (1893/2029) Exporting 'Mesh'
ExportProgress : (1894/2029) Exporting 'Mesh'
ExportProgress : (1895/2029) Exporting 'Mesh'
ExportProgress : (1896/2029) Exporting 'Mesh'
ExportProgress : (1897/2029) Exporting 'Mesh'
ExportProgress : (1898/2029) Exporting 'Mesh'
ExportProgress : (1899/2029) Exporting 'Mesh'
ExportProgress : (1900/2029) Exporting 'Mesh'
ExportProgress : (1901/2029) Exporting 'Mesh'
ExportProgress : (1902/2029) Exporting 'Mesh'
ExportProgress : (1903/2029) Exporting 'Mesh'
ExportProgress : (1904/2029) Exporting 'Mesh'
ExportProgress : (1905/2029) Exporting 'Mesh'
ExportProgress : (1906/2029) Exporting 'Mesh'
ExportProgress : (1907/2029) Exporting 'Mesh'
ExportProgress : (1908/2029) Exporting 'Tutorial Track'
ExportProgress : (1909/2029) Exporting 'Mesh'
ExportProgress : (1910/2029) Exporting 'Mesh'
ExportProgress : (1911/2029) Exporting 'Mesh'
ExportProgress : (1912/2029) Exporting 'Mesh'
ExportProgress : (1913/2029) Exporting 'Mesh'
ExportProgress : (1914/2029) Exporting 'Mesh'
ExportProgress : (1915/2029) Exporting 'Mesh'
ExportProgress : (1916/2029) Exporting 'Mesh'
ExportProgress : (1917/2029) Exporting 'Mesh'
ExportProgress : (1918/2029) Exporting 'Mesh'
ExportProgress : (1919/2029) Exporting 'Mesh'
ExportProgress : (1920/2029) Exporting 'Mesh'
ExportProgress : (1921/2029) Exporting 'Mesh'
ExportProgress : (1922/2029) Exporting 'Mesh'
ExportProgress : (1923/2029) Exporting 'Mesh'
ExportProgress : (1924/2029) Exporting 'Mesh'
ExportProgress : (1925/2029) Exporting 'Combined Mesh (root: scene)'
ExportProgress : (1926/2029) Exporting 'Mesh'
ExportProgress : (1927/2029) Exporting 'Mesh'
ExportProgress : (1928/2029) Exporting 'Mesh'
ExportProgress : (1929/2029) Exporting 'Mesh'
ExportProgress : (1930/2029) Exporting 'Mesh'
ExportProgress : (1931/2029) Exporting 'Mesh'
ExportProgress : (1932/2029) Exporting 'Mesh'
ExportProgress : (1933/2029) Exporting 'Phineas Track 3'
ExportProgress : (1934/2029) Exporting 'Mesh'
ExportProgress : (1935/2029) Exporting 'Mesh'
ExportProgress : (1936/2029) Exporting 'Mesh'
ExportProgress : (1937/2029) Exporting 'Mesh'
ExportProgress : (1938/2029) Exporting 'Mesh'
ExportProgress : (1939/2029) Exporting 'Mesh'
ExportProgress : (1940/2029) Exporting 'Mesh'
ExportProgress : (1941/2029) Exporting 'Combined Mesh (root: scene)'
ExportProgress : (1942/2029) Exporting 'Mesh'
ExportProgress : (1943/2029) Exporting 'Mesh'
ExportProgress : (1944/2029) Exporting 'Mesh'
ExportProgress : (1945/2029) Exporting 'Mesh'
ExportProgress : (1946/2029) Exporting 'Mesh'
ExportProgress : (1947/2029) Exporting 'Mesh'
ExportProgress : (1948/2029) Exporting 'Mesh'
ExportProgress : (1949/2029) Exporting 'Mesh'
ExportProgress : (1950/2029) Exporting 'Mesh'
ExportProgress : (1951/2029) Exporting 'Mesh'
ExportProgress : (1952/2029) Exporting 'Mesh'
ExportProgress : (1953/2029) Exporting 'Mesh'
ExportProgress : (1954/2029) Exporting 'Mesh'
ExportProgress : (1955/2029) Exporting 'Mesh'
ExportProgress : (1956/2029) Exporting 'Mesh'
ExportProgress : (1957/2029) Exporting 'Mesh'
ExportProgress : (1958/2029) Exporting 'Phineas Track 2'
ExportProgress : (1959/2029) Exporting 'Mesh'
ExportProgress : (1960/2029) Exporting 'Mesh'
ExportProgress : (1961/2029) Exporting 'Mesh'
ExportProgress : (1962/2029) Exporting 'Mesh'
ExportProgress : (1963/2029) Exporting 'Mesh'
ExportProgress : (1964/2029) Exporting 'Mesh'
ExportProgress : (1965/2029) Exporting 'Mesh'
ExportProgress : (1966/2029) Exporting 'Mesh'
ExportProgress : (1967/2029) Exporting 'Mesh'
ExportProgress : (1968/2029) Exporting 'Mesh'
ExportProgress : (1969/2029) Exporting 'Mesh'
ExportProgress : (1970/2029) Exporting 'Mesh'
ExportProgress : (1971/2029) Exporting 'Mesh'
ExportProgress : (1972/2029) Exporting 'Mesh'
ExportProgress : (1973/2029) Exporting 'Mesh'
ExportProgress : (1974/2029) Exporting 'Mesh'
ExportProgress : (1975/2029) Exporting 'Mesh'
ExportProgress : (1976/2029) Exporting 'Mesh'
ExportProgress : (1977/2029) Exporting 'Mesh'
ExportProgress : (1978/2029) Exporting 'Combined Mesh (root: scene)'
ExportProgress : (1979/2029) Exporting 'Mesh'
ExportProgress : (1980/2029) Exporting 'Mesh'
ExportProgress : (1981/2029) Exporting 'Mesh'
ExportProgress : (1982/2029) Exporting 'Mesh'
ExportProgress : (1983/2029) Exporting 'Phineas Track 1'
ExportProgress : (1984/2029) Exporting 'Mesh'
ExportProgress : (1985/2029) Exporting 'Mesh'
ExportProgress : (1986/2029) Exporting 'Mesh'
ExportProgress : (1987/2029) Exporting 'Mesh'
ExportProgress : (1988/2029) Exporting 'Mesh'
ExportProgress : (1989/2029) Exporting 'Mesh'
ExportProgress : (1990/2029) Exporting 'Combined Mesh (root: scene)'
ExportProgress : (1991/2029) Exporting 'Mesh'
ExportProgress : (1992/2029) Exporting 'Mesh'
ExportProgress : (1993/2029) Exporting 'Mesh'
ExportProgress : (1994/2029) Exporting 'Mesh'
ExportProgress : (1995/2029) Exporting 'Mesh'
ExportProgress : (1996/2029) Exporting 'Mesh'
ExportProgress : (1997/2029) Exporting 'Mesh'
ExportProgress : (1998/2029) Exporting 'Mesh'
ExportProgress : (1999/2029) Exporting 'Mesh'
ExportProgress : (2000/2029) Exporting 'Mesh'
ExportProgress : (2001/2029) Exporting 'Mesh'
ExportProgress : (2002/2029) Exporting 'Mesh'
ExportProgress : (2003/2029) Exporting 'Mesh'
ExportProgress : (2004/2029) Exporting 'Mesh'
ExportProgress : (2005/2029) Exporting 'Mesh'
ExportProgress : (2006/2029) Exporting 'Mesh'
ExportProgress : (2007/2029) Exporting 'Mesh'
ExportProgress : (2008/2029) Exporting 'Mesh'
ExportProgress : (2009/2029) Exporting 'Kick Butt Track 3'
ExportProgress : (2010/2029) Exporting 'Mesh'
ExportProgress : (2011/2029) Exporting 'Mesh'
ExportProgress : (2012/2029) Exporting 'Mesh'
ExportProgress : (2013/2029) Exporting 'Mesh'
ExportProgress : (2014/2029) Exporting 'Mesh'
ExportProgress : (2015/2029) Exporting 'Mesh'
ExportProgress : (2016/2029) Exporting 'Mesh'
ExportProgress : (2017/2029) Exporting 'Mesh'
ExportProgress : (2018/2029) Exporting 'Mesh'
ExportProgress : (2019/2029) Exporting 'Combined Mesh (root: scene)'
ExportProgress : (2020/2029) Exporting 'Mesh'
ExportProgress : (2021/2029) Exporting 'Mesh'
ExportProgress : (2022/2029) Exporting 'Mesh'
ExportProgress : (2023/2029) Exporting 'Mesh'
ExportProgress : (2024/2029) Exporting 'Mesh'
ExportProgress : (2025/2029) Exporting 'FrontEndTest'
ExportProgress : (2026/2029) Exporting 'Mesh'
ExportProgress : (2027/2029) Exporting 'PreFrontEnd'
ExportProgress : (2028/2029) Exporting 'EditorBuildSettings'
ExportProgress : (2029/2029) Exporting 'EditorSettings'
Export : Finished exporting primary content.
