"RelativePath","Extension","Size","LastWriteTime"
"Assets\AnimationClip\AchievementIN.anim",".anim","1682","14/07/2026 19:55:37"
"Assets\AnimationClip\AchievementIN.anim.meta",".meta","144","14/07/2026 19:55:37"
"Assets\AnimationClip\AchievementOUT.anim",".anim","1820","14/07/2026 19:55:37"
"Assets\AnimationClip\AchievementOUT.anim.meta",".meta","144","14/07/2026 19:55:37"
"Assets\AnimationClip\Arrow Bounce Size.anim",".anim","1588","14/07/2026 19:55:32"
"Assets\AnimationClip\Arrow Bounce Size.anim.meta",".meta","144","14/07/2026 19:55:32"
"Assets\AnimationClip\ArrowThrob.anim",".anim","1849","14/07/2026 19:55:37"
"Assets\AnimationClip\ArrowThrob.anim.meta",".meta","144","14/07/2026 19:55:37"
"Assets\AnimationClip\ArrowThrobLeft.anim",".anim","1667","14/07/2026 19:55:37"
"Assets\AnimationClip\ArrowThrobLeft.anim.meta",".meta","144","14/07/2026 19:55:37"
"Assets\AnimationClip\bea_cheering.anim",".anim","50881","14/07/2026 19:55:51"
"Assets\AnimationClip\bea_cheering.anim.meta",".meta","144","14/07/2026 19:55:51"
"Assets\AnimationClip\bea_driving.anim",".anim","31860","14/07/2026 19:55:51"
"Assets\AnimationClip\bea_driving.anim.meta",".meta","144","14/07/2026 19:55:51"
"Assets\AnimationClip\bea_fist.anim",".anim","37401","14/07/2026 19:55:51"
"Assets\AnimationClip\bea_fist.anim.meta",".meta","144","14/07/2026 19:55:51"
"Assets\AnimationClip\bea_handsUp.anim",".anim","44313","14/07/2026 19:55:51"
"Assets\AnimationClip\bea_handsUp.anim.meta",".meta","144","14/07/2026 19:55:51"
"Assets\AnimationClip\bea_idle.anim",".anim","36332","14/07/2026 19:55:51"
"Assets\AnimationClip\bea_idle.anim.meta",".meta","144","14/07/2026 19:55:51"
"Assets\AnimationClip\bea_idle2.anim",".anim","33678","14/07/2026 19:55:51"
"Assets\AnimationClip\bea_idle2.anim.meta",".meta","144","14/07/2026 19:55:51"
"Assets\AnimationClip\bea_idle3.anim",".anim","31823","14/07/2026 19:55:51"
"Assets\AnimationClip\bea_idle3.anim.meta",".meta","144","14/07/2026 19:55:51"
"Assets\AnimationClip\bea_selection.anim",".anim","63504","14/07/2026 19:55:51"
"Assets\AnimationClip\bea_selection.anim.meta",".meta","144","14/07/2026 19:55:51"
"Assets\AnimationClip\bea_sitting.anim",".anim","19204","14/07/2026 19:55:51"
"Assets\AnimationClip\bea_sitting.anim.meta",".meta","144","14/07/2026 19:55:51"
"Assets\AnimationClip\bea_turnLeft.anim",".anim","19238","14/07/2026 19:55:51"
"Assets\AnimationClip\bea_turnLeft.anim.meta",".meta","144","14/07/2026 19:55:51"
"Assets\AnimationClip\bea_turnRight.anim",".anim","19236","14/07/2026 19:55:51"
"Assets\AnimationClip\bea_turnRight.anim.meta",".meta","144","14/07/2026 19:55:51"
"Assets\AnimationClip\bea_wave.anim",".anim","35117","14/07/2026 19:55:51"
"Assets\AnimationClip\bea_wave.anim.meta",".meta","144","14/07/2026 19:55:51"
"Assets\AnimationClip\brad_cheering.anim",".anim","72179","14/07/2026 19:55:51"
"Assets\AnimationClip\brad_cheering.anim.meta",".meta","144","14/07/2026 19:55:51"
"Assets\AnimationClip\brad_driving.anim",".anim","58217","14/07/2026 19:55:51"
"Assets\AnimationClip\brad_driving.anim.meta",".meta","144","14/07/2026 19:55:51"
"Assets\AnimationClip\brad_fist.anim",".anim","50987","14/07/2026 19:55:51"
"Assets\AnimationClip\brad_fist.anim.meta",".meta","144","14/07/2026 19:55:51"
"Assets\AnimationClip\brad_handsUp.anim",".anim","55408","14/07/2026 19:55:51"
"Assets\AnimationClip\brad_handsUp.anim.meta",".meta","144","14/07/2026 19:55:51"
"Assets\AnimationClip\brad_idle.anim",".anim","49943","14/07/2026 19:55:51"
"Assets\AnimationClip\brad_idle.anim.meta",".meta","144","14/07/2026 19:55:51"
"Assets\AnimationClip\brad_idle2.anim",".anim","49610","14/07/2026 19:55:51"
"Assets\AnimationClip\brad_idle2.anim.meta",".meta","144","14/07/2026 19:55:51"
"Assets\AnimationClip\brad_idle3.anim",".anim","64711","14/07/2026 19:55:51"
"Assets\AnimationClip\brad_idle3.anim.meta",".meta","144","14/07/2026 19:55:51"
"Assets\AnimationClip\brad_selection.anim",".anim","90636","14/07/2026 19:55:51"
"Assets\AnimationClip\brad_selection.anim.meta",".meta","144","14/07/2026 19:55:51"
"Assets\AnimationClip\brad_sitting.anim",".anim","28386","14/07/2026 19:55:51"
"Assets\AnimationClip\brad_sitting.anim.meta",".meta","144","14/07/2026 19:55:51"
"Assets\AnimationClip\brad_turnLeft.anim",".anim","28415","14/07/2026 19:55:51"
"Assets\AnimationClip\brad_turnLeft.anim.meta",".meta","144","14/07/2026 19:55:51"
"Assets\AnimationClip\brad_turnRight.anim",".anim","28453","14/07/2026 19:55:51"
"Assets\AnimationClip\brad_turnRight.anim.meta",".meta","144","14/07/2026 19:55:51"
"Assets\AnimationClip\brad_wave.anim",".anim","45438","14/07/2026 19:55:51"
"Assets\AnimationClip\brad_wave.anim.meta",".meta","144","14/07/2026 19:55:51"
"Assets\AnimationClip\burstThrob.anim",".anim","1711","14/07/2026 19:55:37"
"Assets\AnimationClip\burstThrob.anim.meta",".meta","144","14/07/2026 19:55:37"
"Assets\AnimationClip\CharacterSelectArrowLeft.anim",".anim","1680","14/07/2026 19:55:37"
"Assets\AnimationClip\CharacterSelectArrowLeft.anim.meta",".meta","144","14/07/2026 19:55:37"
"Assets\AnimationClip\CharacterSelectArrowRight.anim",".anim","1671","14/07/2026 19:55:37"
"Assets\AnimationClip\CharacterSelectArrowRight.anim.meta",".meta","144","14/07/2026 19:55:37"
"Assets\AnimationClip\clam open.anim",".anim","2918","14/07/2026 19:55:32"
"Assets\AnimationClip\clam open.anim.meta",".meta","144","14/07/2026 19:55:32"
"Assets\AnimationClip\crash_cheering.anim",".anim","70562","14/07/2026 19:55:51"
"Assets\AnimationClip\crash_cheering.anim.meta",".meta","144","14/07/2026 19:55:51"
"Assets\AnimationClip\crash_driving.anim",".anim","56575","14/07/2026 19:55:51"
"Assets\AnimationClip\crash_driving.anim.meta",".meta","144","14/07/2026 19:55:51"
"Assets\AnimationClip\crash_fist.anim",".anim","51024","14/07/2026 19:55:51"
"Assets\AnimationClip\crash_fist.anim.meta",".meta","144","14/07/2026 19:55:51"
"Assets\AnimationClip\crash_handsUp.anim",".anim","58211","14/07/2026 19:55:51"
"Assets\AnimationClip\crash_handsUp.anim.meta",".meta","144","14/07/2026 19:55:51"
"Assets\AnimationClip\crash_idle.anim",".anim","47482","14/07/2026 19:55:51"
"Assets\AnimationClip\crash_idle.anim.meta",".meta","144","14/07/2026 19:55:51"
"Assets\AnimationClip\crash_idle2.anim",".anim","44803","14/07/2026 19:55:51"
"Assets\AnimationClip\crash_idle2.anim.meta",".meta","144","14/07/2026 19:55:51"
"Assets\AnimationClip\crash_idle3.anim",".anim","48278","14/07/2026 19:55:51"
"Assets\AnimationClip\crash_idle3.anim.meta",".meta","144","14/07/2026 19:55:51"
"Assets\AnimationClip\crash_selection.anim",".anim","83754","14/07/2026 19:55:51"
"Assets\AnimationClip\crash_selection.anim.meta",".meta","144","14/07/2026 19:55:51"
"Assets\AnimationClip\crash_sitting.anim",".anim","28362","14/07/2026 19:55:51"
"Assets\AnimationClip\crash_sitting.anim.meta",".meta","144","14/07/2026 19:55:51"
"Assets\AnimationClip\crash_turnLeft.anim",".anim","28430","14/07/2026 19:55:51"
"Assets\AnimationClip\crash_turnLeft.anim.meta",".meta","144","14/07/2026 19:55:51"
"Assets\AnimationClip\crash_turnRight.anim",".anim","28478","14/07/2026 19:55:51"
"Assets\AnimationClip\crash_turnRight.anim.meta",".meta","144","14/07/2026 19:55:51"
"Assets\AnimationClip\crash_wave.anim",".anim","45205","14/07/2026 19:55:51"
"Assets\AnimationClip\crash_wave.anim.meta",".meta","144","14/07/2026 19:55:51"
"Assets\AnimationClip\CustomizerArrowLeft.anim",".anim","1663","14/07/2026 19:55:37"
"Assets\AnimationClip\CustomizerArrowLeft.anim.meta",".meta","144","14/07/2026 19:55:37"
"Assets\AnimationClip\CustomizerArrowRight.anim",".anim","1671","14/07/2026 19:55:37"
"Assets\AnimationClip\CustomizerArrowRight.anim.meta",".meta","144","14/07/2026 19:55:37"
"Assets\AnimationClip\Default Take.anim",".anim","2327","14/07/2026 19:55:32"
"Assets\AnimationClip\Default Take.anim.meta",".meta","144","14/07/2026 19:55:32"
"Assets\AnimationClip\Default Take_0.anim",".anim","5235","14/07/2026 19:55:32"
"Assets\AnimationClip\Default Take_0.anim.meta",".meta","144","14/07/2026 19:55:32"
"Assets\AnimationClip\Default Take_1.anim",".anim","3701","14/07/2026 19:55:32"
"Assets\AnimationClip\Default Take_1.anim.meta",".meta","144","14/07/2026 19:55:32"
"Assets\AnimationClip\Default Take_10.anim",".anim","29571","14/07/2026 19:55:51"
"Assets\AnimationClip\Default Take_10.anim.meta",".meta","144","14/07/2026 19:55:51"
"Assets\AnimationClip\Default Take_11.anim",".anim","58051","14/07/2026 19:55:51"
"Assets\AnimationClip\Default Take_11.anim.meta",".meta","144","14/07/2026 19:55:51"
"Assets\AnimationClip\Default Take_12.anim",".anim","31826","14/07/2026 19:55:51"
"Assets\AnimationClip\Default Take_12.anim.meta",".meta","144","14/07/2026 19:55:51"
"Assets\AnimationClip\Default Take_13.anim",".anim","53909","14/07/2026 19:55:51"
"Assets\AnimationClip\Default Take_13.anim.meta",".meta","144","14/07/2026 19:55:51"
"Assets\AnimationClip\Default Take_14.anim",".anim","79307","14/07/2026 19:55:51"
"Assets\AnimationClip\Default Take_14.anim.meta",".meta","144","14/07/2026 19:55:51"
"Assets\AnimationClip\Default Take_15.anim",".anim","278384","14/07/2026 19:55:51"
"Assets\AnimationClip\Default Take_15.anim.meta",".meta","144","14/07/2026 19:55:51"
"Assets\AnimationClip\Default Take_16.anim",".anim","186439","14/07/2026 19:55:51"
"Assets\AnimationClip\Default Take_16.anim.meta",".meta","144","14/07/2026 19:55:51"
"Assets\AnimationClip\Default Take_17.anim",".anim","58164","14/07/2026 19:55:51"
"Assets\AnimationClip\Default Take_17.anim.meta",".meta","144","14/07/2026 19:55:51"
"Assets\AnimationClip\Default Take_2.anim",".anim","42708","14/07/2026 19:55:43"
"Assets\AnimationClip\Default Take_2.anim.meta",".meta","144","14/07/2026 19:55:43"
"Assets\AnimationClip\Default Take_3.anim",".anim","47484","14/07/2026 19:55:51"
"Assets\AnimationClip\Default Take_3.anim.meta",".meta","144","14/07/2026 19:55:51"
"Assets\AnimationClip\Default Take_4.anim",".anim","54662","14/07/2026 19:55:51"
"Assets\AnimationClip\Default Take_4.anim.meta",".meta","144","14/07/2026 19:55:51"
"Assets\AnimationClip\Default Take_5.anim",".anim","74762","14/07/2026 19:55:51"
"Assets\AnimationClip\Default Take_5.anim.meta",".meta","144","14/07/2026 19:55:51"
"Assets\AnimationClip\Default Take_6.anim",".anim","72090","14/07/2026 19:55:51"
"Assets\AnimationClip\Default Take_6.anim.meta",".meta","144","14/07/2026 19:55:51"
"Assets\AnimationClip\Default Take_7.anim",".anim","59318","14/07/2026 19:55:51"
"Assets\AnimationClip\Default Take_7.anim.meta",".meta","144","14/07/2026 19:55:51"
"Assets\AnimationClip\Default Take_8.anim",".anim","51627","14/07/2026 19:55:51"
"Assets\AnimationClip\Default Take_8.anim.meta",".meta","144","14/07/2026 19:55:51"
"Assets\AnimationClip\Default Take_9.anim",".anim","48978","14/07/2026 19:55:51"
"Assets\AnimationClip\Default Take_9.anim.meta",".meta","144","14/07/2026 19:55:51"
"Assets\AnimationClip\dipper_cheering.anim",".anim","51917","14/07/2026 19:55:51"
"Assets\AnimationClip\dipper_cheering.anim.meta",".meta","144","14/07/2026 19:55:51"
"Assets\AnimationClip\dipper_driving.anim",".anim","50697","14/07/2026 19:55:51"
"Assets\AnimationClip\dipper_driving.anim.meta",".meta","144","14/07/2026 19:55:51"
"Assets\AnimationClip\dipper_fist.anim",".anim","42479","14/07/2026 19:55:51"
"Assets\AnimationClip\dipper_fist.anim.meta",".meta","144","14/07/2026 19:55:51"
"Assets\AnimationClip\dipper_handsUp.anim",".anim","44662","14/07/2026 19:55:51"
"Assets\AnimationClip\dipper_handsUp.anim.meta",".meta","144","14/07/2026 19:55:51"
"Assets\AnimationClip\dipper_idle.anim",".anim","40912","14/07/2026 19:55:51"
"Assets\AnimationClip\dipper_idle.anim.meta",".meta","144","14/07/2026 19:55:51"
"Assets\AnimationClip\dipper_idle2.anim",".anim","32616","14/07/2026 19:55:51"
"Assets\AnimationClip\dipper_idle2.anim.meta",".meta","144","14/07/2026 19:55:51"
"Assets\AnimationClip\dipper_idle3.anim",".anim","59318","14/07/2026 19:55:51"
"Assets\AnimationClip\dipper_idle3.anim.meta",".meta","144","14/07/2026 19:55:51"
"Assets\AnimationClip\dipper_selection.anim",".anim","73182","14/07/2026 19:55:51"
"Assets\AnimationClip\dipper_selection.anim.meta",".meta","144","14/07/2026 19:55:51"
"Assets\AnimationClip\dipper_sitting.anim",".anim","26949","14/07/2026 19:55:51"
"Assets\AnimationClip\dipper_sitting.anim.meta",".meta","144","14/07/2026 19:55:51"
"Assets\AnimationClip\dipper_turnLeft.anim",".anim","26920","14/07/2026 19:55:51"
"Assets\AnimationClip\dipper_turnLeft.anim.meta",".meta","144","14/07/2026 19:55:51"
"Assets\AnimationClip\dipper_turnRight.anim",".anim","26944","14/07/2026 19:55:51"
"Assets\AnimationClip\dipper_turnRight.anim.meta",".meta","144","14/07/2026 19:55:51"
"Assets\AnimationClip\dipper_wave.anim",".anim","38889","14/07/2026 19:55:51"
"Assets\AnimationClip\dipper_wave.anim.meta",".meta","144","14/07/2026 19:55:51"
"Assets\AnimationClip\Ferb_cheering.anim",".anim","77369","14/07/2026 19:55:51"
"Assets\AnimationClip\Ferb_cheering.anim.meta",".meta","144","14/07/2026 19:55:51"
"Assets\AnimationClip\Ferb_driving.anim",".anim","61148","14/07/2026 19:55:51"
"Assets\AnimationClip\Ferb_driving.anim.meta",".meta","144","14/07/2026 19:55:51"
"Assets\AnimationClip\Ferb_fist.anim",".anim","52064","14/07/2026 19:55:51"
"Assets\AnimationClip\Ferb_fist.anim.meta",".meta","144","14/07/2026 19:55:51"
"Assets\AnimationClip\Ferb_handsUp.anim",".anim","60646","14/07/2026 19:55:51"
"Assets\AnimationClip\Ferb_handsUp.anim.meta",".meta","144","14/07/2026 19:55:51"
"Assets\AnimationClip\Ferb_idle.anim",".anim","39982","14/07/2026 19:55:51"
"Assets\AnimationClip\Ferb_idle.anim.meta",".meta","144","14/07/2026 19:55:51"
"Assets\AnimationClip\Ferb_idle2.anim",".anim","39429","14/07/2026 19:55:51"
"Assets\AnimationClip\Ferb_idle2.anim.meta",".meta","144","14/07/2026 19:55:51"
"Assets\AnimationClip\Ferb_idle3.anim",".anim","41413","14/07/2026 19:55:51"
"Assets\AnimationClip\Ferb_idle3.anim.meta",".meta","144","14/07/2026 19:55:51"
"Assets\AnimationClip\Ferb_selection.anim",".anim","58166","14/07/2026 19:55:51"
"Assets\AnimationClip\Ferb_selection.anim.meta",".meta","144","14/07/2026 19:55:51"
"Assets\AnimationClip\Ferb_sitting.anim",".anim","28757","14/07/2026 19:55:51"
"Assets\AnimationClip\Ferb_sitting.anim.meta",".meta","144","14/07/2026 19:55:51"
"Assets\AnimationClip\Ferb_turnLeft.anim",".anim","28917","14/07/2026 19:55:51"
"Assets\AnimationClip\Ferb_turnLeft.anim.meta",".meta","144","14/07/2026 19:55:51"
"Assets\AnimationClip\Ferb_turnRight.anim",".anim","28726","14/07/2026 19:55:51"
"Assets\AnimationClip\Ferb_turnRight.anim.meta",".meta","144","14/07/2026 19:55:51"
"Assets\AnimationClip\Ferb_wave.anim",".anim","50788","14/07/2026 19:55:51"
"Assets\AnimationClip\Ferb_wave.anim.meta",".meta","144","14/07/2026 19:55:51"
"Assets\AnimationClip\FH Plant 2.anim",".anim","1624","14/07/2026 19:55:32"
"Assets\AnimationClip\FH Plant 2.anim.meta",".meta","144","14/07/2026 19:55:32"
"Assets\AnimationClip\FH Plant.anim",".anim","1952","14/07/2026 19:55:32"
"Assets\AnimationClip\FH Plant.anim.meta",".meta","144","14/07/2026 19:55:32"
"Assets\AnimationClip\Garage Door.anim",".anim","1690","14/07/2026 19:55:37"
"Assets\AnimationClip\Garage Door.anim.meta",".meta","144","14/07/2026 19:55:37"
"Assets\AnimationClip\gunther_cheering.anim",".anim","71970","14/07/2026 19:55:51"
"Assets\AnimationClip\gunther_cheering.anim.meta",".meta","144","14/07/2026 19:55:51"
"Assets\AnimationClip\gunther_driving.anim",".anim","59271","14/07/2026 19:55:51"
"Assets\AnimationClip\gunther_driving.anim.meta",".meta","144","14/07/2026 19:55:51"
"Assets\AnimationClip\gunther_fist.anim",".anim","45428","14/07/2026 19:55:51"
"Assets\AnimationClip\gunther_fist.anim.meta",".meta","144","14/07/2026 19:55:51"
"Assets\AnimationClip\gunther_handsUp.anim",".anim","54944","14/07/2026 19:55:51"
"Assets\AnimationClip\gunther_handsUp.anim.meta",".meta","144","14/07/2026 19:55:51"
"Assets\AnimationClip\gunther_idle.anim",".anim","55005","14/07/2026 19:55:51"
"Assets\AnimationClip\gunther_idle.anim.meta",".meta","144","14/07/2026 19:55:51"
"Assets\AnimationClip\gunther_idle2.anim",".anim","45891","14/07/2026 19:55:51"
"Assets\AnimationClip\gunther_idle2.anim.meta",".meta","144","14/07/2026 19:55:51"
"Assets\AnimationClip\gunther_idle3.anim",".anim","48979","14/07/2026 19:55:51"
"Assets\AnimationClip\gunther_idle3.anim.meta",".meta","144","14/07/2026 19:55:51"
"Assets\AnimationClip\gunther_selection.anim",".anim","84094","14/07/2026 19:55:51"
"Assets\AnimationClip\gunther_selection.anim.meta",".meta","144","14/07/2026 19:55:51"
"Assets\AnimationClip\gunther_sitting.anim",".anim","28323","14/07/2026 19:55:51"
"Assets\AnimationClip\gunther_sitting.anim.meta",".meta","144","14/07/2026 19:55:51"
"Assets\AnimationClip\gunther_turnLeft.anim",".anim","31420","14/07/2026 19:55:51"
"Assets\AnimationClip\gunther_turnLeft.anim.meta",".meta","144","14/07/2026 19:55:51"
"Assets\AnimationClip\gunther_turnRight.anim",".anim","28360","14/07/2026 19:55:51"
"Assets\AnimationClip\gunther_turnRight.anim.meta",".meta","144","14/07/2026 19:55:51"
"Assets\AnimationClip\gunther_wave.anim",".anim","46289","14/07/2026 19:55:51"
"Assets\AnimationClip\gunther_wave.anim.meta",".meta","144","14/07/2026 19:55:51"
"Assets\AnimationClip\kick_cheering.anim",".anim","166269","14/07/2026 19:55:51"
"Assets\AnimationClip\kick_cheering.anim.meta",".meta","144","14/07/2026 19:55:51"
"Assets\AnimationClip\kick_driving.anim",".anim","129362","14/07/2026 19:55:51"
"Assets\AnimationClip\kick_driving.anim.meta",".meta","144","14/07/2026 19:55:51"
"Assets\AnimationClip\kick_fist.anim",".anim","93910","14/07/2026 19:55:51"
"Assets\AnimationClip\kick_fist.anim.meta",".meta","144","14/07/2026 19:55:51"
"Assets\AnimationClip\kick_handsUp.anim",".anim","111982","14/07/2026 19:55:51"
"Assets\AnimationClip\kick_handsUp.anim.meta",".meta","144","14/07/2026 19:55:51"
"Assets\AnimationClip\kick_idle.anim",".anim","111911","14/07/2026 19:55:51"
"Assets\AnimationClip\kick_idle.anim.meta",".meta","144","14/07/2026 19:55:51"
"Assets\AnimationClip\kick_idle2.anim",".anim","106073","14/07/2026 19:55:51"
"Assets\AnimationClip\kick_idle2.anim.meta",".meta","144","14/07/2026 19:55:51"
"Assets\AnimationClip\kick_idle3.anim",".anim","126749","14/07/2026 19:55:51"
"Assets\AnimationClip\kick_idle3.anim.meta",".meta","144","14/07/2026 19:55:51"
"Assets\AnimationClip\kick_selection.anim",".anim","229720","14/07/2026 19:55:51"
"Assets\AnimationClip\kick_selection.anim.meta",".meta","144","14/07/2026 19:55:51"
"Assets\AnimationClip\kick_sitting.anim",".anim","56539","14/07/2026 19:55:51"
"Assets\AnimationClip\kick_sitting.anim.meta",".meta","144","14/07/2026 19:55:51"
"Assets\AnimationClip\kick_turnLeft.anim",".anim","56719","14/07/2026 19:55:51"
"Assets\AnimationClip\kick_turnLeft.anim.meta",".meta","144","14/07/2026 19:55:51"
"Assets\AnimationClip\kick_turnRight.anim",".anim","56572","14/07/2026 19:55:51"
"Assets\AnimationClip\kick_turnRight.anim.meta",".meta","144","14/07/2026 19:55:51"
"Assets\AnimationClip\kick_wave.anim",".anim","94642","14/07/2026 19:55:51"
"Assets\AnimationClip\kick_wave.anim.meta",".meta","144","14/07/2026 19:55:51"
"Assets\AnimationClip\LaserFence2.anim",".anim","12439","14/07/2026 19:55:45"
"Assets\AnimationClip\LaserFence2.anim.meta",".meta","144","14/07/2026 19:55:45"
"Assets\AnimationClip\LogoIn.anim",".anim","2132","14/07/2026 19:55:37"
"Assets\AnimationClip\LogoIn.anim.meta",".meta","144","14/07/2026 19:55:37"
"Assets\AnimationClip\mabel_cheering.anim",".anim","55813","14/07/2026 19:55:51"
"Assets\AnimationClip\mabel_cheering.anim.meta",".meta","144","14/07/2026 19:55:51"
"Assets\AnimationClip\mabel_driving.anim",".anim","53247","14/07/2026 19:55:51"
"Assets\AnimationClip\mabel_driving.anim.meta",".meta","144","14/07/2026 19:55:51"
"Assets\AnimationClip\mabel_fist.anim",".anim","39161","14/07/2026 19:55:51"
"Assets\AnimationClip\mabel_fist.anim.meta",".meta","144","14/07/2026 19:55:51"
"Assets\AnimationClip\mabel_handsUp.anim",".anim","44593","14/07/2026 19:55:51"
"Assets\AnimationClip\mabel_handsUp.anim.meta",".meta","144","14/07/2026 19:55:51"
"Assets\AnimationClip\mabel_idle.anim",".anim","43229","14/07/2026 19:55:51"
"Assets\AnimationClip\mabel_idle.anim.meta",".meta","144","14/07/2026 19:55:51"
"Assets\AnimationClip\mabel_idle2.anim",".anim","39976","14/07/2026 19:55:51"
"Assets\AnimationClip\mabel_idle2.anim.meta",".meta","144","14/07/2026 19:55:51"
"Assets\AnimationClip\mabel_idle3.anim",".anim","52641","14/07/2026 19:55:51"
"Assets\AnimationClip\mabel_idle3.anim.meta",".meta","144","14/07/2026 19:55:51"
"Assets\AnimationClip\mabel_selection.anim",".anim","79310","14/07/2026 19:55:51"
"Assets\AnimationClip\mabel_selection.anim.meta",".meta","144","14/07/2026 19:55:51"
"Assets\AnimationClip\mabel_sitting.anim",".anim","26998","14/07/2026 19:55:51"
"Assets\AnimationClip\mabel_sitting.anim.meta",".meta","144","14/07/2026 19:55:51"
"Assets\AnimationClip\mabel_turnLeft.anim",".anim","27114","14/07/2026 19:55:51"
"Assets\AnimationClip\mabel_turnLeft.anim.meta",".meta","144","14/07/2026 19:55:51"
"Assets\AnimationClip\mabel_turnRight.anim",".anim","26987","14/07/2026 19:55:51"
"Assets\AnimationClip\mabel_turnRight.anim.meta",".meta","144","14/07/2026 19:55:51"
"Assets\AnimationClip\mabel_wave.anim",".anim","39568","14/07/2026 19:55:51"
"Assets\AnimationClip\mabel_wave.anim.meta",".meta","144","14/07/2026 19:55:51"
"Assets\AnimationClip\mike_cheering.anim",".anim","65146","14/07/2026 19:55:51"
"Assets\AnimationClip\mike_cheering.anim.meta",".meta","144","14/07/2026 19:55:51"
"Assets\AnimationClip\mike_driving.anim",".anim","52964","14/07/2026 19:55:51"
"Assets\AnimationClip\mike_driving.anim.meta",".meta","144","14/07/2026 19:55:51"
"Assets\AnimationClip\mike_fist.anim",".anim","45003","14/07/2026 19:55:51"
"Assets\AnimationClip\mike_fist.anim.meta",".meta","144","14/07/2026 19:55:51"
"Assets\AnimationClip\mike_handsUp.anim",".anim","48591","14/07/2026 19:55:51"
"Assets\AnimationClip\mike_handsUp.anim.meta",".meta","144","14/07/2026 19:55:51"
"Assets\AnimationClip\mike_idle.anim",".anim","57045","14/07/2026 19:55:51"
"Assets\AnimationClip\mike_idle.anim.meta",".meta","144","14/07/2026 19:55:51"
"Assets\AnimationClip\mike_idle2.anim",".anim","55610","14/07/2026 19:55:51"
"Assets\AnimationClip\mike_idle2.anim.meta",".meta","144","14/07/2026 19:55:51"
"Assets\AnimationClip\mike_idle3.anim",".anim","74674","14/07/2026 19:55:51"
"Assets\AnimationClip\mike_idle3.anim.meta",".meta","144","14/07/2026 19:55:51"
"Assets\AnimationClip\mike_selection.anim",".anim","74764","14/07/2026 19:55:51"
"Assets\AnimationClip\mike_selection.anim.meta",".meta","144","14/07/2026 19:55:51"
"Assets\AnimationClip\mike_sitting.anim",".anim","28183","14/07/2026 19:55:51"
"Assets\AnimationClip\mike_sitting.anim.meta",".meta","144","14/07/2026 19:55:51"
"Assets\AnimationClip\mike_turnLeft.anim",".anim","28339","14/07/2026 19:55:51"
"Assets\AnimationClip\mike_turnLeft.anim.meta",".meta","144","14/07/2026 19:55:51"
"Assets\AnimationClip\mike_turnRight.anim",".anim","28410","14/07/2026 19:55:51"
"Assets\AnimationClip\mike_turnRight.anim.meta",".meta","144","14/07/2026 19:55:51"
"Assets\AnimationClip\mike_wave.anim",".anim","41175","14/07/2026 19:55:51"
"Assets\AnimationClip\mike_wave.anim.meta",".meta","144","14/07/2026 19:55:51"
"Assets\AnimationClip\milo_cheering.anim",".anim","87493","14/07/2026 19:55:51"
"Assets\AnimationClip\milo_cheering.anim.meta",".meta","144","14/07/2026 19:55:51"
"Assets\AnimationClip\milo_driving.anim",".anim","42162","14/07/2026 19:55:51"
"Assets\AnimationClip\milo_driving.anim.meta",".meta","144","14/07/2026 19:55:51"
"Assets\AnimationClip\milo_fist.anim",".anim","49468","14/07/2026 19:55:51"
"Assets\AnimationClip\milo_fist.anim.meta",".meta","144","14/07/2026 19:55:51"
"Assets\AnimationClip\milo_handsUp.anim",".anim","83303","14/07/2026 19:55:51"
"Assets\AnimationClip\milo_handsUp.anim.meta",".meta","144","14/07/2026 19:55:51"
"Assets\AnimationClip\milo_idle.anim",".anim","51624","14/07/2026 19:55:51"
"Assets\AnimationClip\milo_idle.anim.meta",".meta","144","14/07/2026 19:55:51"
"Assets\AnimationClip\milo_idle2.anim",".anim","44437","14/07/2026 19:55:51"
"Assets\AnimationClip\milo_idle2.anim.meta",".meta","144","14/07/2026 19:55:51"
"Assets\AnimationClip\milo_idle3.anim",".anim","45047","14/07/2026 19:55:51"
"Assets\AnimationClip\milo_idle3.anim.meta",".meta","144","14/07/2026 19:55:51"
"Assets\AnimationClip\milo_selection.anim",".anim","78937","14/07/2026 19:55:51"
"Assets\AnimationClip\milo_selection.anim.meta",".meta","144","14/07/2026 19:55:51"
"Assets\AnimationClip\milo_sitting.anim",".anim","19255","14/07/2026 19:55:51"
"Assets\AnimationClip\milo_sitting.anim.meta",".meta","144","14/07/2026 19:55:51"
"Assets\AnimationClip\milo_turnLeft.anim",".anim","19411","14/07/2026 19:55:51"
"Assets\AnimationClip\milo_turnLeft.anim.meta",".meta","144","14/07/2026 19:55:51"
"Assets\AnimationClip\milo_turnRight.anim",".anim","19358","14/07/2026 19:55:51"
"Assets\AnimationClip\milo_turnRight.anim.meta",".meta","144","14/07/2026 19:55:51"
"Assets\AnimationClip\milo_wave.anim",".anim","48056","14/07/2026 19:55:51"
"Assets\AnimationClip\milo_wave.anim.meta",".meta","144","14/07/2026 19:55:51"
"Assets\AnimationClip\MineWarning.anim",".anim","1679","14/07/2026 19:55:51"
"Assets\AnimationClip\MineWarning.anim.meta",".meta","144","14/07/2026 19:55:51"
"Assets\AnimationClip\NavBlipThrob.anim",".anim","1707","14/07/2026 19:55:37"
"Assets\AnimationClip\NavBlipThrob.anim.meta",".meta","144","14/07/2026 19:55:37"
"Assets\AnimationClip\oscar_cheering.anim",".anim","65803","14/07/2026 19:55:51"
"Assets\AnimationClip\oscar_cheering.anim.meta",".meta","144","14/07/2026 19:55:51"
"Assets\AnimationClip\oscar_driving.anim",".anim","34873","14/07/2026 19:55:51"
"Assets\AnimationClip\oscar_driving.anim.meta",".meta","144","14/07/2026 19:55:51"
"Assets\AnimationClip\oscar_fist.anim",".anim","43126","14/07/2026 19:55:51"
"Assets\AnimationClip\oscar_fist.anim.meta",".meta","144","14/07/2026 19:55:51"
"Assets\AnimationClip\oscar_handsUp.anim",".anim","59150","14/07/2026 19:55:51"
"Assets\AnimationClip\oscar_handsUp.anim.meta",".meta","144","14/07/2026 19:55:51"
"Assets\AnimationClip\oscar_idle.anim",".anim","28750","14/07/2026 19:55:51"
"Assets\AnimationClip\oscar_idle.anim.meta",".meta","144","14/07/2026 19:55:51"
"Assets\AnimationClip\oscar_idle2.anim",".anim","30312","14/07/2026 19:55:51"
"Assets\AnimationClip\oscar_idle2.anim.meta",".meta","144","14/07/2026 19:55:51"
"Assets\AnimationClip\oscar_idle3.anim",".anim","29570","14/07/2026 19:55:51"
"Assets\AnimationClip\oscar_idle3.anim.meta",".meta","144","14/07/2026 19:55:51"
"Assets\AnimationClip\oscar_selection.anim",".anim","42700","14/07/2026 19:55:51"
"Assets\AnimationClip\oscar_selection.anim.meta",".meta","144","14/07/2026 19:55:51"
"Assets\AnimationClip\oscar_sitting.anim",".anim","19306","14/07/2026 19:55:51"
"Assets\AnimationClip\oscar_sitting.anim.meta",".meta","144","14/07/2026 19:55:51"
"Assets\AnimationClip\oscar_turnLeft.anim",".anim","19307","14/07/2026 19:55:51"
"Assets\AnimationClip\oscar_turnLeft.anim.meta",".meta","144","14/07/2026 19:55:51"
"Assets\AnimationClip\oscar_turnRight.anim",".anim","19326","14/07/2026 19:55:51"
"Assets\AnimationClip\oscar_turnRight.anim.meta",".meta","144","14/07/2026 19:55:51"
"Assets\AnimationClip\oscar_wave.anim",".anim","42562","14/07/2026 19:55:51"
"Assets\AnimationClip\oscar_wave.anim.meta",".meta","144","14/07/2026 19:55:51"
"Assets\AnimationClip\Perry_cheering.anim",".anim","66924","14/07/2026 19:55:51"
"Assets\AnimationClip\Perry_cheering.anim.meta",".meta","144","14/07/2026 19:55:51"
"Assets\AnimationClip\Perry_driving.anim",".anim","66196","14/07/2026 19:55:51"
"Assets\AnimationClip\Perry_driving.anim.meta",".meta","144","14/07/2026 19:55:51"
"Assets\AnimationClip\Perry_fist.anim",".anim","43564","14/07/2026 19:55:51"
"Assets\AnimationClip\Perry_fist.anim.meta",".meta","144","14/07/2026 19:55:51"
"Assets\AnimationClip\Perry_handsUp.anim",".anim","50957","14/07/2026 19:55:51"
"Assets\AnimationClip\Perry_handsUp.anim.meta",".meta","144","14/07/2026 19:55:51"
"Assets\AnimationClip\Perry_idle.anim",".anim","63281","14/07/2026 19:55:51"
"Assets\AnimationClip\Perry_idle.anim.meta",".meta","144","14/07/2026 19:55:51"
"Assets\AnimationClip\Perry_idle2.anim",".anim","62172","14/07/2026 19:55:51"
"Assets\AnimationClip\Perry_idle2.anim.meta",".meta","144","14/07/2026 19:55:51"
"Assets\AnimationClip\Perry_idle3.anim",".anim","66745","14/07/2026 19:55:51"
"Assets\AnimationClip\Perry_idle3.anim.meta",".meta","144","14/07/2026 19:55:51"
"Assets\AnimationClip\Perry_selection.anim",".anim","72093","14/07/2026 19:55:51"
"Assets\AnimationClip\Perry_selection.anim.meta",".meta","144","14/07/2026 19:55:51"
"Assets\AnimationClip\Perry_sitting.anim",".anim","32850","14/07/2026 19:55:51"
"Assets\AnimationClip\Perry_sitting.anim.meta",".meta","144","14/07/2026 19:55:51"
"Assets\AnimationClip\Perry_turnLeft.anim",".anim","33029","14/07/2026 19:55:51"
"Assets\AnimationClip\Perry_turnLeft.anim.meta",".meta","144","14/07/2026 19:55:51"
"Assets\AnimationClip\Perry_turnRight.anim",".anim","32861","14/07/2026 19:55:51"
"Assets\AnimationClip\Perry_turnRight.anim.meta",".meta","144","14/07/2026 19:55:51"
"Assets\AnimationClip\Perry_wave.anim",".anim","44337","14/07/2026 19:55:51"
"Assets\AnimationClip\Perry_wave.anim.meta",".meta","144","14/07/2026 19:55:51"
"Assets\AnimationClip\Phineas_cheering.anim",".anim","61034","14/07/2026 19:55:51"
"Assets\AnimationClip\Phineas_cheering.anim.meta",".meta","144","14/07/2026 19:55:51"
"Assets\AnimationClip\Phineas_driving.anim",".anim","50398","14/07/2026 19:55:51"
"Assets\AnimationClip\Phineas_driving.anim.meta",".meta","144","14/07/2026 19:55:51"
"Assets\AnimationClip\Phineas_fist.anim",".anim","42775","14/07/2026 19:55:51"
"Assets\AnimationClip\Phineas_fist.anim.meta",".meta","144","14/07/2026 19:55:51"
"Assets\AnimationClip\Phineas_handsUp.anim",".anim","48772","14/07/2026 19:55:51"
"Assets\AnimationClip\Phineas_handsUp.anim.meta",".meta","144","14/07/2026 19:55:51"
"Assets\AnimationClip\Phineas_idle.anim",".anim","44392","14/07/2026 19:55:51"
"Assets\AnimationClip\Phineas_idle.anim.meta",".meta","144","14/07/2026 19:55:51"
"Assets\AnimationClip\Phineas_idle2.anim",".anim","48187","14/07/2026 19:55:51"
"Assets\AnimationClip\Phineas_idle2.anim.meta",".meta","144","14/07/2026 19:55:51"
"Assets\AnimationClip\Phineas_idle3.anim",".anim","54663","14/07/2026 19:55:51"
"Assets\AnimationClip\Phineas_idle3.anim.meta",".meta","144","14/07/2026 19:55:51"
"Assets\AnimationClip\Phineas_selection.anim",".anim","57101","14/07/2026 19:55:51"
"Assets\AnimationClip\Phineas_selection.anim.meta",".meta","144","14/07/2026 19:55:51"
"Assets\AnimationClip\Phineas_sitting.anim",".anim","28312","14/07/2026 19:55:51"
"Assets\AnimationClip\Phineas_sitting.anim.meta",".meta","144","14/07/2026 19:55:51"
"Assets\AnimationClip\Phineas_turnLeft.anim",".anim","28447","14/07/2026 19:55:51"
"Assets\AnimationClip\Phineas_turnLeft.anim.meta",".meta","144","14/07/2026 19:55:51"
"Assets\AnimationClip\Phineas_turnRight.anim",".anim","28415","14/07/2026 19:55:51"
"Assets\AnimationClip\Phineas_turnRight.anim.meta",".meta","144","14/07/2026 19:55:51"
"Assets\AnimationClip\Phineas_wave.anim",".anim","42310","14/07/2026 19:55:51"
"Assets\AnimationClip\Phineas_wave.anim.meta",".meta","144","14/07/2026 19:55:51"
"Assets\AnimationClip\PlayMenuIn.anim",".anim","1682","14/07/2026 19:55:37"
"Assets\AnimationClip\PlayMenuIn.anim.meta",".meta","144","14/07/2026 19:55:37"
"Assets\AnimationClip\PlaySumLowerLeftArrow.anim",".anim","1630","14/07/2026 19:55:37"
"Assets\AnimationClip\PlaySumLowerLeftArrow.anim.meta",".meta","144","14/07/2026 19:55:37"
"Assets\AnimationClip\PlaySumLowerRightArrow.anim",".anim","1626","14/07/2026 19:55:37"
"Assets\AnimationClip\PlaySumLowerRightArrow.anim.meta",".meta","144","14/07/2026 19:55:37"
"Assets\AnimationClip\PlaySumUpperArrowRight.anim",".anim","1647","14/07/2026 19:55:37"
"Assets\AnimationClip\PlaySumUpperArrowRight.anim.meta",".meta","144","14/07/2026 19:55:37"
"Assets\AnimationClip\PlaySumUpperLeftArrow.anim",".anim","1651","14/07/2026 19:55:37"
"Assets\AnimationClip\PlaySumUpperLeftArrow.anim.meta",".meta","144","14/07/2026 19:55:37"
"Assets\AnimationClip\PreviewText.anim",".anim","1697","14/07/2026 19:55:37"
"Assets\AnimationClip\PreviewText.anim.meta",".meta","144","14/07/2026 19:55:37"
"Assets\AnimationClip\Randy_cheering.anim",".anim","190939","14/07/2026 19:55:51"
"Assets\AnimationClip\Randy_cheering.anim.meta",".meta","144","14/07/2026 19:55:51"
"Assets\AnimationClip\Randy_driving.anim",".anim","71664","14/07/2026 19:55:51"
"Assets\AnimationClip\Randy_driving.anim.meta",".meta","144","14/07/2026 19:55:51"
"Assets\AnimationClip\Randy_fist.anim",".anim","91129","14/07/2026 19:55:51"
"Assets\AnimationClip\Randy_fist.anim.meta",".meta","144","14/07/2026 19:55:51"
"Assets\AnimationClip\Randy_handsUp.anim",".anim","119905","14/07/2026 19:55:51"
"Assets\AnimationClip\Randy_handsUp.anim.meta",".meta","144","14/07/2026 19:55:51"
"Assets\AnimationClip\Randy_idle.anim",".anim","168969","14/07/2026 19:55:51"
"Assets\AnimationClip\Randy_idle.anim.meta",".meta","144","14/07/2026 19:55:51"
"Assets\AnimationClip\Randy_idle2.anim",".anim","278383","14/07/2026 19:55:51"
"Assets\AnimationClip\Randy_idle2.anim.meta",".meta","144","14/07/2026 19:55:51"
"Assets\AnimationClip\Randy_idle3.anim",".anim","260253","14/07/2026 19:55:51"
"Assets\AnimationClip\Randy_idle3.anim.meta",".meta","144","14/07/2026 19:55:51"
"Assets\AnimationClip\Randy_selection.anim",".anim","229912","14/07/2026 19:55:51"
"Assets\AnimationClip\Randy_selection.anim.meta",".meta","144","14/07/2026 19:55:51"
"Assets\AnimationClip\Randy_sitting.anim",".anim","71760","14/07/2026 19:55:51"
"Assets\AnimationClip\Randy_sitting.anim.meta",".meta","144","14/07/2026 19:55:51"
"Assets\AnimationClip\Randy_turnLeft.anim",".anim","61221","14/07/2026 19:55:51"
"Assets\AnimationClip\Randy_turnLeft.anim.meta",".meta","144","14/07/2026 19:55:51"
"Assets\AnimationClip\Randy_turnRight.anim",".anim","61506","14/07/2026 19:55:51"
"Assets\AnimationClip\Randy_turnRight.anim.meta",".meta","144","14/07/2026 19:55:51"
"Assets\AnimationClip\Randy_wave.anim",".anim","91881","14/07/2026 19:55:51"
"Assets\AnimationClip\Randy_wave.anim.meta",".meta","144","14/07/2026 19:55:51"
"Assets\AnimationClip\soos_cheering.anim",".anim","78611","14/07/2026 19:55:51"
"Assets\AnimationClip\soos_cheering.anim.meta",".meta","144","14/07/2026 19:55:51"
"Assets\AnimationClip\soos_driving.anim",".anim","52690","14/07/2026 19:55:51"
"Assets\AnimationClip\soos_driving.anim.meta",".meta","144","14/07/2026 19:55:51"
"Assets\AnimationClip\soos_fist.anim",".anim","52330","14/07/2026 19:55:51"
"Assets\AnimationClip\soos_fist.anim.meta",".meta","144","14/07/2026 19:55:51"
"Assets\AnimationClip\soos_handsUp.anim",".anim","63829","14/07/2026 19:55:51"
"Assets\AnimationClip\soos_handsUp.anim.meta",".meta","144","14/07/2026 19:55:51"
"Assets\AnimationClip\soos_idle.anim",".anim","68665","14/07/2026 19:55:51"
"Assets\AnimationClip\soos_idle.anim.meta",".meta","144","14/07/2026 19:55:51"
"Assets\AnimationClip\soos_idle2.anim",".anim","53138","14/07/2026 19:55:51"
"Assets\AnimationClip\soos_idle2.anim.meta",".meta","144","14/07/2026 19:55:51"
"Assets\AnimationClip\soos_idle3.anim",".anim","57484","14/07/2026 19:55:51"
"Assets\AnimationClip\soos_idle3.anim.meta",".meta","144","14/07/2026 19:55:51"
"Assets\AnimationClip\soos_selection.anim",".anim","79950","14/07/2026 19:55:51"
"Assets\AnimationClip\soos_selection.anim.meta",".meta","144","14/07/2026 19:55:51"
"Assets\AnimationClip\soos_sitting.anim",".anim","28752","14/07/2026 19:55:51"
"Assets\AnimationClip\soos_sitting.anim.meta",".meta","144","14/07/2026 19:55:51"
"Assets\AnimationClip\soos_turnLeft.anim",".anim","28829","14/07/2026 19:55:51"
"Assets\AnimationClip\soos_turnLeft.anim.meta",".meta","144","14/07/2026 19:55:51"
"Assets\AnimationClip\soos_turnRight.anim",".anim","28417","14/07/2026 19:55:51"
"Assets\AnimationClip\soos_turnRight.anim.meta",".meta","144","14/07/2026 19:55:51"
"Assets\AnimationClip\soos_wave.anim",".anim","51539","14/07/2026 19:55:51"
"Assets\AnimationClip\soos_wave.anim.meta",".meta","144","14/07/2026 19:55:51"
"Assets\AnimationClip\Take 001.anim",".anim","17757","14/07/2026 19:55:32"
"Assets\AnimationClip\Take 001.anim.meta",".meta","144","14/07/2026 19:55:32"
"Assets\AnimationClip\ThrobCheckmark.anim",".anim","1726","14/07/2026 19:55:37"
"Assets\AnimationClip\ThrobCheckmark.anim.meta",".meta","144","14/07/2026 19:55:37"
"Assets\AnimationClip\ThrobGO.anim",".anim","1747","14/07/2026 19:55:32"
"Assets\AnimationClip\ThrobGO.anim.meta",".meta","144","14/07/2026 19:55:32"
"Assets\AnimationClip\ThrobPlay2.anim",".anim","1812","14/07/2026 19:55:37"
"Assets\AnimationClip\ThrobPlay2.anim.meta",".meta","144","14/07/2026 19:55:37"
"Assets\AnimationClip\ThrobRaceSummary.anim",".anim","1743","14/07/2026 19:55:37"
"Assets\AnimationClip\ThrobRaceSummary.anim.meta",".meta","144","14/07/2026 19:55:37"
"Assets\AnimationClip\TrafficLightIn.anim",".anim","1718","14/07/2026 19:55:32"
"Assets\AnimationClip\TrafficLightIn.anim.meta",".meta","144","14/07/2026 19:55:32"
"Assets\AnimationClip\WhoopieHit.anim",".anim","1923","14/07/2026 19:55:41"
"Assets\AnimationClip\WhoopieHit.anim.meta",".meta","144","14/07/2026 19:55:41"
"Assets\AnimationClip\WrongWaySign.anim",".anim","1659","14/07/2026 19:55:32"
"Assets\AnimationClip\WrongWaySign.anim.meta",".meta","144","14/07/2026 19:55:32"
"Assets\AudioClip\ACK_MABEL_f.mp3",".mp3","11040","14/07/2026 19:55:51"
"Assets\AudioClip\ACK_MABEL_f.mp3.meta",".meta","303","14/07/2026 19:55:51"
"Assets\AudioClip\amb_city_lp.mp3",".mp3","610743","14/07/2026 19:55:45"
"Assets\AudioClip\amb_city_lp.mp3.meta",".meta","303","14/07/2026 19:55:45"
"Assets\AudioClip\amb_crowd_cheering_lp.mp3",".mp3","247118","14/07/2026 19:55:29"
"Assets\AudioClip\amb_crowd_cheering_lp.mp3.meta",".meta","303","14/07/2026 19:55:29"
"Assets\AudioClip\amb_water_flowing_lp.wav",".wav","309384","14/07/2026 19:55:32"
"Assets\AudioClip\amb_water_flowing_lp.wav.meta",".meta","303","14/07/2026 19:55:32"
"Assets\AudioClip\ARGH_MABEL_b.mp3",".mp3","18240","14/07/2026 19:55:51"
"Assets\AudioClip\ARGH_MABEL_b.mp3.meta",".meta","303","14/07/2026 19:55:51"
"Assets\AudioClip\AWW_MABEL_b.mp3",".mp3","18240","14/07/2026 19:55:51"
"Assets\AudioClip\AWW_MABEL_b.mp3.meta",".meta","303","14/07/2026 19:55:51"
"Assets\AudioClip\basketball_bounce.wav",".wav","46106","14/07/2026 19:55:32"
"Assets\AudioClip\basketball_bounce.wav.meta",".meta","303","14/07/2026 19:55:32"
"Assets\AudioClip\BEA Super Speedway AHH_01.mp3",".mp3","13920","14/07/2026 19:55:51"
"Assets\AudioClip\BEA Super Speedway AHH_01.mp3.meta",".meta","303","14/07/2026 19:55:51"
"Assets\AudioClip\BEA Super Speedway ARGH_02.mp3",".mp3","8640","14/07/2026 19:55:51"
"Assets\AudioClip\BEA Super Speedway ARGH_02.mp3.meta",".meta","303","14/07/2026 19:55:51"
"Assets\AudioClip\BEA Super Speedway HAA HAA_04.mp3",".mp3","15360","14/07/2026 19:55:51"
"Assets\AudioClip\BEA Super Speedway HAA HAA_04.mp3.meta",".meta","303","14/07/2026 19:55:51"
"Assets\AudioClip\BEA Super Speedway HEE HEE_01.mp3",".mp3","9600","14/07/2026 19:55:51"
"Assets\AudioClip\BEA Super Speedway HEE HEE_01.mp3.meta",".meta","303","14/07/2026 19:55:51"
"Assets\AudioClip\BEA Super Speedway OH OH_03.mp3",".mp3","10080","14/07/2026 19:55:51"
"Assets\AudioClip\BEA Super Speedway OH OH_03.mp3.meta",".meta","303","14/07/2026 19:55:51"
"Assets\AudioClip\BEA Super Speedway WHOO HOO_02.mp3",".mp3","14880","14/07/2026 19:55:51"
"Assets\AudioClip\BEA Super Speedway WHOO HOO_02.mp3.meta",".meta","303","14/07/2026 19:55:51"
"Assets\AudioClip\BRAD_ARGH_b.mp3",".mp3","17280","14/07/2026 19:55:51"
"Assets\AudioClip\BRAD_ARGH_b.mp3.meta",".meta","303","14/07/2026 19:55:51"
"Assets\AudioClip\BRAD_HAA HAA_b.mp3",".mp3","54240","14/07/2026 19:55:51"
"Assets\AudioClip\BRAD_HAA HAA_b.mp3.meta",".meta","303","14/07/2026 19:55:51"
"Assets\AudioClip\BRAD_HEY COME ON_a.mp3",".mp3","22080","14/07/2026 19:55:51"
"Assets\AudioClip\BRAD_HEY COME ON_a.mp3.meta",".meta","303","14/07/2026 19:55:51"
"Assets\AudioClip\BRAD_UH OH_a.mp3",".mp3","9120","14/07/2026 19:55:51"
"Assets\AudioClip\BRAD_UH OH_a.mp3.meta",".meta","303","14/07/2026 19:55:51"
"Assets\AudioClip\BRAD_WHOO HOO_b.mp3",".mp3","57120","14/07/2026 19:55:51"
"Assets\AudioClip\BRAD_WHOO HOO_b.mp3.meta",".meta","303","14/07/2026 19:55:51"
"Assets\AudioClip\BRAD_YEA BRAD_c.mp3",".mp3","39360","14/07/2026 19:55:51"
"Assets\AudioClip\BRAD_YEA BRAD_c.mp3.meta",".meta","303","14/07/2026 19:55:51"
"Assets\AudioClip\coin_pickup.wav",".wav","127546","14/07/2026 19:55:32"
"Assets\AudioClip\coin_pickup.wav.meta",".meta","303","14/07/2026 19:55:32"
"Assets\AudioClip\DSS_DIPPER_AhHaHa_01.mp3",".mp3","16800","14/07/2026 19:55:51"
"Assets\AudioClip\DSS_DIPPER_AhHaHa_01.mp3.meta",".meta","303","14/07/2026 19:55:51"
"Assets\AudioClip\DSS_DIPPER_Ahh_01.mp3",".mp3","7680","14/07/2026 19:55:51"
"Assets\AudioClip\DSS_DIPPER_Ahh_01.mp3.meta",".meta","303","14/07/2026 19:55:51"
"Assets\AudioClip\DSS_DIPPER_Aww_01.mp3",".mp3","16800","14/07/2026 19:55:51"
"Assets\AudioClip\DSS_DIPPER_Aww_01.mp3.meta",".meta","303","14/07/2026 19:55:51"
"Assets\AudioClip\DSS_DIPPER_UhOh_01.mp3",".mp3","12000","14/07/2026 19:55:51"
"Assets\AudioClip\DSS_DIPPER_UhOh_01.mp3.meta",".meta","303","14/07/2026 19:55:51"
"Assets\AudioClip\DSS_DIPPER_WooHoo_01.mp3",".mp3","19200","14/07/2026 19:55:51"
"Assets\AudioClip\DSS_DIPPER_WooHoo_01.mp3.meta",".meta","303","14/07/2026 19:55:51"
"Assets\AudioClip\DSS_FERB_Ahhh_01.mp3",".mp3","21120","14/07/2026 19:55:51"
"Assets\AudioClip\DSS_FERB_Ahhh_01.mp3.meta",".meta","303","14/07/2026 19:55:51"
"Assets\AudioClip\DSS_FERB_Aww_02.mp3",".mp3","15360","14/07/2026 19:55:51"
"Assets\AudioClip\DSS_FERB_Aww_02.mp3.meta",".meta","303","14/07/2026 19:55:51"
"Assets\AudioClip\DSS_FERB_Aww_04.mp3",".mp3","16800","14/07/2026 19:55:51"
"Assets\AudioClip\DSS_FERB_Aww_04.mp3.meta",".meta","303","14/07/2026 19:55:51"
"Assets\AudioClip\DSS_FERB_HaHaa_01.mp3",".mp3","20160","14/07/2026 19:55:51"
"Assets\AudioClip\DSS_FERB_HaHaa_01.mp3.meta",".meta","303","14/07/2026 19:55:51"
"Assets\AudioClip\DSS_FERB_Uhoh_03.mp3",".mp3","11040","14/07/2026 19:55:51"
"Assets\AudioClip\DSS_FERB_Uhoh_03.mp3.meta",".meta","303","14/07/2026 19:55:51"
"Assets\AudioClip\DSS_FERB_Woo_01.mp3",".mp3","20160","14/07/2026 19:55:51"
"Assets\AudioClip\DSS_FERB_Woo_01.mp3.meta",".meta","303","14/07/2026 19:55:51"
"Assets\AudioClip\DSS_MILO_Ahh_01.mp3",".mp3","8640","14/07/2026 19:55:51"
"Assets\AudioClip\DSS_MILO_Ahh_01.mp3.meta",".meta","303","14/07/2026 19:55:51"
"Assets\AudioClip\DSS_MILO_Arrgh_02.mp3",".mp3","14880","14/07/2026 19:55:51"
"Assets\AudioClip\DSS_MILO_Arrgh_02.mp3.meta",".meta","303","14/07/2026 19:55:51"
"Assets\AudioClip\DSS_MILO_Aww_01.mp3",".mp3","23040","14/07/2026 19:55:51"
"Assets\AudioClip\DSS_MILO_Aww_01.mp3.meta",".meta","303","14/07/2026 19:55:51"
"Assets\AudioClip\DSS_MILO_HaHaa_01.mp3",".mp3","24000","14/07/2026 19:55:51"
"Assets\AudioClip\DSS_MILO_HaHaa_01.mp3.meta",".meta","303","14/07/2026 19:55:51"
"Assets\AudioClip\DSS_MILO_UhOh_02.mp3",".mp3","11520","14/07/2026 19:55:51"
"Assets\AudioClip\DSS_MILO_UhOh_02.mp3.meta",".meta","303","14/07/2026 19:55:51"
"Assets\AudioClip\DSS_MILO_WooHoo_01.mp3",".mp3","24480","14/07/2026 19:55:51"
"Assets\AudioClip\DSS_MILO_WooHoo_01.mp3.meta",".meta","303","14/07/2026 19:55:51"
"Assets\AudioClip\DSS_MILO_Woo_01.mp3",".mp3","15360","14/07/2026 19:55:51"
"Assets\AudioClip\DSS_MILO_Woo_01.mp3.meta",".meta","303","14/07/2026 19:55:51"
"Assets\AudioClip\DSS_PHINEAS_Ack_01.mp3",".mp3","12960","14/07/2026 19:55:51"
"Assets\AudioClip\DSS_PHINEAS_Ack_01.mp3.meta",".meta","303","14/07/2026 19:55:51"
"Assets\AudioClip\DSS_PHINEAS_Aww_01.mp3",".mp3","20640","14/07/2026 19:55:51"
"Assets\AudioClip\DSS_PHINEAS_Aww_01.mp3.meta",".meta","303","14/07/2026 19:55:51"
"Assets\AudioClip\DSS_PHINEAS_HaHaa_03.mp3",".mp3","21120","14/07/2026 19:55:51"
"Assets\AudioClip\DSS_PHINEAS_HaHaa_03.mp3.meta",".meta","303","14/07/2026 19:55:51"
"Assets\AudioClip\DSS_PHINEAS_UhOh_01.mp3",".mp3","12960","14/07/2026 19:55:51"
"Assets\AudioClip\DSS_PHINEAS_UhOh_01.mp3.meta",".meta","303","14/07/2026 19:55:51"
"Assets\AudioClip\DSS_PHINEAS_WooHoo_01.mp3",".mp3","28800","14/07/2026 19:55:51"
"Assets\AudioClip\DSS_PHINEAS_WooHoo_01.mp3.meta",".meta","303","14/07/2026 19:55:51"
"Assets\AudioClip\DSS_PHINEAS_Woo_01.mp3",".mp3","27360","14/07/2026 19:55:51"
"Assets\AudioClip\DSS_PHINEAS_Woo_01.mp3.meta",".meta","303","14/07/2026 19:55:51"
"Assets\AudioClip\engine04_idle_lp_01.wav",".wav","154444","14/07/2026 19:55:37"
"Assets\AudioClip\engine04_idle_lp_01.wav.meta",".meta","303","14/07/2026 19:55:37"
"Assets\AudioClip\Engine_Revs_01.wav",".wav","252586","14/07/2026 19:55:37"
"Assets\AudioClip\Engine_Revs_01.wav.meta",".meta","303","14/07/2026 19:55:37"
"Assets\AudioClip\Engine_Revs_02.wav",".wav","299426","14/07/2026 19:55:37"
"Assets\AudioClip\Engine_Revs_02.wav.meta",".meta","303","14/07/2026 19:55:37"
"Assets\AudioClip\Engine_Revs_03.wav",".wav","289240","14/07/2026 19:55:37"
"Assets\AudioClip\Engine_Revs_03.wav.meta",".meta","303","14/07/2026 19:55:37"
"Assets\AudioClip\Fish Hooks FINAL Main Title MUSIC ONLY loop.mp3",".mp3","529440","14/07/2026 19:55:32"
"Assets\AudioClip\Fish Hooks FINAL Main Title MUSIC ONLY loop.mp3.meta",".meta","303","14/07/2026 19:55:32"
"Assets\AudioClip\GUI Beep.wav",".wav","30312","14/07/2026 19:55:37"
"Assets\AudioClip\GUI Beep.wav.meta",".meta","303","14/07/2026 19:55:37"
"Assets\AudioClip\GUNTHER_ahh_a.mp3",".mp3","15674","14/07/2026 19:55:51"
"Assets\AudioClip\GUNTHER_ahh_a.mp3.meta",".meta","303","14/07/2026 19:55:51"
"Assets\AudioClip\GUNTHER_aww_c.mp3",".mp3","20376","14/07/2026 19:55:51"
"Assets\AudioClip\GUNTHER_aww_c.mp3.meta",".meta","303","14/07/2026 19:55:51"
"Assets\AudioClip\GUNTHER_ha_ha_a.mp3",".mp3","31347","14/07/2026 19:55:51"
"Assets\AudioClip\GUNTHER_ha_ha_a.mp3.meta",".meta","303","14/07/2026 19:55:51"
"Assets\AudioClip\GUNTHER_whoooo_b.mp3",".mp3","33959","14/07/2026 19:55:51"
"Assets\AudioClip\GUNTHER_whoooo_b.mp3.meta",".meta","303","14/07/2026 19:55:51"
"Assets\AudioClip\GUNTHER_yikes_c.mp3",".mp3","19331","14/07/2026 19:55:51"
"Assets\AudioClip\GUNTHER_yikes_c.mp3.meta",".meta","303","14/07/2026 19:55:51"
"Assets\AudioClip\GUNTHER_yipe_c.mp3",".mp3","24555","14/07/2026 19:55:51"
"Assets\AudioClip\GUNTHER_yipe_c.mp3.meta",".meta","303","14/07/2026 19:55:51"
"Assets\AudioClip\HAA_HAA_MABEL_a.mp3",".mp3","22560","14/07/2026 19:55:51"
"Assets\AudioClip\HAA_HAA_MABEL_a.mp3.meta",".meta","303","14/07/2026 19:55:51"
"Assets\AudioClip\HEE_HEE_MABEL_d.mp3",".mp3","48960","14/07/2026 19:55:51"
"Assets\AudioClip\HEE_HEE_MABEL_d.mp3.meta",".meta","303","14/07/2026 19:55:51"
"Assets\AudioClip\impact_noglass_01.wav",".wav","69330","14/07/2026 19:55:32"
"Assets\AudioClip\impact_noglass_01.wav.meta",".meta","303","14/07/2026 19:55:32"
"Assets\AudioClip\impact_noglass_02.wav",".wav","85156","14/07/2026 19:55:32"
"Assets\AudioClip\impact_noglass_02.wav.meta",".meta","303","14/07/2026 19:55:32"
"Assets\AudioClip\impact_noglass_03.wav",".wav","107058","14/07/2026 19:55:32"
"Assets\AudioClip\impact_noglass_03.wav.meta",".meta","303","14/07/2026 19:55:32"
"Assets\AudioClip\imp_oil_Slick.wav",".wav","81574","14/07/2026 19:55:29"
"Assets\AudioClip\imp_oil_Slick.wav.meta",".meta","303","14/07/2026 19:55:29"
"Assets\AudioClip\jump_landing.wav",".wav","92844","14/07/2026 19:55:32"
"Assets\AudioClip\jump_landing.wav.meta",".meta","303","14/07/2026 19:55:32"
"Assets\AudioClip\KB Main Title TRK (FINAL) - loop.mp3",".mp3","537120","14/07/2026 19:55:29"
"Assets\AudioClip\KB Main Title TRK (FINAL) - loop.mp3.meta",".meta","303","14/07/2026 19:55:29"
"Assets\AudioClip\KICK_argh_b.mp3",".mp3","18808","14/07/2026 19:55:51"
"Assets\AudioClip\KICK_argh_b.mp3.meta",".meta","303","14/07/2026 19:55:51"
"Assets\AudioClip\KICK_ayee_b.mp3",".mp3","35004","14/07/2026 19:55:51"
"Assets\AudioClip\KICK_ayee_b.mp3.meta",".meta","303","14/07/2026 19:55:51"
"Assets\AudioClip\KICK_haa_haa_b.mp3",".mp3","31347","14/07/2026 19:55:51"
"Assets\AudioClip\KICK_haa_haa_b.mp3.meta",".meta","303","14/07/2026 19:55:51"
"Assets\AudioClip\KICK_uhoh_b.mp3",".mp3","12539","14/07/2026 19:55:51"
"Assets\AudioClip\KICK_uhoh_b.mp3.meta",".meta","303","14/07/2026 19:55:51"
"Assets\AudioClip\KICK_whoo_hoo_a.mp3",".mp3","19331","14/07/2026 19:55:51"
"Assets\AudioClip\KICK_whoo_hoo_a.mp3.meta",".meta","303","14/07/2026 19:55:51"
"Assets\AudioClip\KICK_yikes_a.mp3",".mp3","13584","14/07/2026 19:55:51"
"Assets\AudioClip\KICK_yikes_a.mp3.meta",".meta","303","14/07/2026 19:55:51"
"Assets\AudioClip\Lazer #3.wav",".wav","55054","14/07/2026 19:55:32"
"Assets\AudioClip\Lazer #3.wav.meta",".meta","303","14/07/2026 19:55:32"
"Assets\AudioClip\LAZER2.wav",".wav","90668","14/07/2026 19:55:32"
"Assets\AudioClip\LAZER2.wav.meta",".meta","303","14/07/2026 19:55:32"
"Assets\AudioClip\Light_Beep_Countdown.wav",".wav","41722","14/07/2026 19:55:32"
"Assets\AudioClip\Light_Beep_Countdown.wav.meta",".meta","303","14/07/2026 19:55:32"
"Assets\AudioClip\Light_Beep_Start.wav",".wav","60532","14/07/2026 19:55:32"
"Assets\AudioClip\Light_Beep_Start.wav.meta",".meta","303","14/07/2026 19:55:32"
"Assets\AudioClip\Mike Chilton_ahh_b.mp3",".mp3","18808","14/07/2026 19:55:51"
"Assets\AudioClip\Mike Chilton_ahh_b.mp3.meta",".meta","303","14/07/2026 19:55:51"
"Assets\AudioClip\Mike Chilton_aww_c.mp3",".mp3","16196","14/07/2026 19:55:51"
"Assets\AudioClip\Mike Chilton_aww_c.mp3.meta",".meta","303","14/07/2026 19:55:51"
"Assets\AudioClip\Mike Chilton_haa_haa_a.mp3",".mp3","26122","14/07/2026 19:55:51"
"Assets\AudioClip\Mike Chilton_haa_haa_a.mp3.meta",".meta","303","14/07/2026 19:55:51"
"Assets\AudioClip\Mike Chilton_hee_hee_b.mp3",".mp3","22465","14/07/2026 19:55:51"
"Assets\AudioClip\Mike Chilton_hee_hee_b.mp3.meta",".meta","303","14/07/2026 19:55:51"
"Assets\AudioClip\Mike Chilton_uh_oh_b.mp3",".mp3","10971","14/07/2026 19:55:51"
"Assets\AudioClip\Mike Chilton_uh_oh_b.mp3.meta",".meta","303","14/07/2026 19:55:51"
"Assets\AudioClip\Mike Chilton_whoooo_f.mp3",".mp3","23510","14/07/2026 19:55:51"
"Assets\AudioClip\Mike Chilton_whoooo_f.mp3.meta",".meta","303","14/07/2026 19:55:51"
"Assets\AudioClip\Missile Hits Shield.mp3",".mp3","88800","14/07/2026 19:55:32"
"Assets\AudioClip\Missile Hits Shield.mp3.meta",".meta","303","14/07/2026 19:55:32"
"Assets\AudioClip\mus_lose.mp3",".mp3","80457","14/07/2026 19:55:32"
"Assets\AudioClip\mus_lose.mp3.meta",".meta","303","14/07/2026 19:55:32"
"Assets\AudioClip\mus_win.mp3",".mp3","90906","14/07/2026 19:55:32"
"Assets\AudioClip\mus_win.mp3.meta",".meta","303","14/07/2026 19:55:32"
"Assets\AudioClip\NINJA_AHH_a.mp3",".mp3","12539","14/07/2026 19:55:51"
"Assets\AudioClip\NINJA_AHH_a.mp3.meta",".meta","303","14/07/2026 19:55:51"
"Assets\AudioClip\NINJA_AWW_a.mp3",".mp3","17763","14/07/2026 19:55:51"
"Assets\AudioClip\NINJA_AWW_a.mp3.meta",".meta","303","14/07/2026 19:55:51"
"Assets\AudioClip\NINJA_HEE HEE_a.mp3",".mp3","17763","14/07/2026 19:55:51"
"Assets\AudioClip\NINJA_HEE HEE_a.mp3.meta",".meta","303","14/07/2026 19:55:51"
"Assets\AudioClip\NINJA_NYA NYA_a.mp3",".mp3","20898","14/07/2026 19:55:51"
"Assets\AudioClip\NINJA_NYA NYA_a.mp3.meta",".meta","303","14/07/2026 19:55:51"
"Assets\AudioClip\NINJA_WHOO HOO_a.mp3",".mp3","15674","14/07/2026 19:55:51"
"Assets\AudioClip\NINJA_WHOO HOO_a.mp3.meta",".meta","303","14/07/2026 19:55:51"
"Assets\AudioClip\NINJA_YIKES_a.mp3",".mp3","17241","14/07/2026 19:55:51"
"Assets\AudioClip\NINJA_YIKES_a.mp3.meta",".meta","303","14/07/2026 19:55:51"
"Assets\AudioClip\PERRY_GURGLE.mp3",".mp3","34080","14/07/2026 19:55:51"
"Assets\AudioClip\PERRY_GURGLE.mp3.meta",".meta","303","14/07/2026 19:55:51"
"Assets\AudioClip\PF Main Title TRK - loop.mp3",".mp3","428640","14/07/2026 19:55:45"
"Assets\AudioClip\PF Main Title TRK - loop.mp3.meta",".meta","303","14/07/2026 19:55:45"
"Assets\AudioClip\powerup.wav",".wav","79252","14/07/2026 19:55:32"
"Assets\AudioClip\powerup.wav.meta",".meta","303","14/07/2026 19:55:32"
"Assets\AudioClip\powerup_coin.wav",".wav","45182","14/07/2026 19:55:32"
"Assets\AudioClip\powerup_coin.wav.meta",".meta","303","14/07/2026 19:55:32"
"Assets\AudioClip\pyro_fire_burst.wav",".wav","236910","14/07/2026 19:55:37"
"Assets\AudioClip\pyro_fire_burst.wav.meta",".meta","303","14/07/2026 19:55:37"
"Assets\AudioClip\rocket_exp.wav",".wav","166610","14/07/2026 19:55:37"
"Assets\AudioClip\rocket_exp.wav.meta",".meta","303","14/07/2026 19:55:37"
"Assets\AudioClip\rocket_fire.wav",".wav","132818","14/07/2026 19:55:32"
"Assets\AudioClip\rocket_fire.wav.meta",".meta","303","14/07/2026 19:55:32"
"Assets\AudioClip\rocket_impact_shield.wav",".wav","197276","14/07/2026 19:55:32"
"Assets\AudioClip\rocket_impact_shield.wav.meta",".meta","303","14/07/2026 19:55:32"
"Assets\AudioClip\rocket_lp.wav",".wav","96962","14/07/2026 19:55:32"
"Assets\AudioClip\rocket_lp.wav.meta",".meta","303","14/07/2026 19:55:32"
"Assets\AudioClip\scene_whoosh_01.wav",".wav","161926","14/07/2026 19:55:37"
"Assets\AudioClip\scene_whoosh_01.wav.meta",".meta","303","14/07/2026 19:55:37"
"Assets\AudioClip\scene_whoosh_02.wav",".wav","147040","14/07/2026 19:55:37"
"Assets\AudioClip\scene_whoosh_02.wav.meta",".meta","303","14/07/2026 19:55:37"
"Assets\AudioClip\scene_whoosh_03.wav",".wav","113622","14/07/2026 19:55:37"
"Assets\AudioClip\scene_whoosh_03.wav.meta",".meta","303","14/07/2026 19:55:37"
"Assets\AudioClip\Shield Activate.mp3",".mp3","45600","14/07/2026 19:55:32"
"Assets\AudioClip\Shield Activate.mp3.meta",".meta","303","14/07/2026 19:55:32"
"Assets\AudioClip\SI-6037_08_05.wav",".wav","77616","14/07/2026 19:55:32"
"Assets\AudioClip\SI-6037_08_05.wav.meta",".meta","303","14/07/2026 19:55:32"
"Assets\AudioClip\Success_Fanfare.wav",".wav","377348","14/07/2026 19:55:37"
"Assets\AudioClip\Success_Fanfare.wav.meta",".meta","303","14/07/2026 19:55:37"
"Assets\AudioClip\SUPER SPEEDWAY OSCAR VO AHH_02.mp3",".mp3","9600","14/07/2026 19:55:51"
"Assets\AudioClip\SUPER SPEEDWAY OSCAR VO AHH_02.mp3.meta",".meta","303","14/07/2026 19:55:51"
"Assets\AudioClip\SUPER SPEEDWAY OSCAR VO AWW_02.mp3",".mp3","18240","14/07/2026 19:55:51"
"Assets\AudioClip\SUPER SPEEDWAY OSCAR VO AWW_02.mp3.meta",".meta","303","14/07/2026 19:55:51"
"Assets\AudioClip\SUPER SPEEDWAY OSCAR VO HAA HAA_03.mp3",".mp3","30720","14/07/2026 19:55:51"
"Assets\AudioClip\SUPER SPEEDWAY OSCAR VO HAA HAA_03.mp3.meta",".meta","303","14/07/2026 19:55:51"
"Assets\AudioClip\SUPER SPEEDWAY OSCAR VO NYA NYA_02.mp3",".mp3","24960","14/07/2026 19:55:51"
"Assets\AudioClip\SUPER SPEEDWAY OSCAR VO NYA NYA_02.mp3.meta",".meta","303","14/07/2026 19:55:51"
"Assets\AudioClip\SUPER SPEEDWAY OSCAR VO WAHHH WAHHH_04.mp3",".mp3","33600","14/07/2026 19:55:51"
"Assets\AudioClip\SUPER SPEEDWAY OSCAR VO WAHHH WAHHH_04.mp3.meta",".meta","303","14/07/2026 19:55:51"
"Assets\AudioClip\SUPER SPEEDWAY OSCAR VO WHOOOOO_01.mp3",".mp3","30720","14/07/2026 19:55:51"
"Assets\AudioClip\SUPER SPEEDWAY OSCAR VO WHOOOOO_01.mp3.meta",".meta","303","14/07/2026 19:55:51"
"Assets\AudioClip\the-movement-loop01.mp3",".mp3","290482","14/07/2026 19:55:37"
"Assets\AudioClip\the-movement-loop01.mp3.meta",".meta","303","14/07/2026 19:55:37"
"Assets\AudioClip\tire_squeal_lp_01.wav",".wav","389420","14/07/2026 19:55:32"
"Assets\AudioClip\tire_squeal_lp_01.wav.meta",".meta","303","14/07/2026 19:55:32"
"Assets\AudioClip\UH_OH_MABEL_b.mp3",".mp3","11040","14/07/2026 19:55:51"
"Assets\AudioClip\UH_OH_MABEL_b.mp3.meta",".meta","303","14/07/2026 19:55:51"
"Assets\AudioClip\ui_buy_button_press.wav",".wav","47826","14/07/2026 19:55:37"
"Assets\AudioClip\ui_buy_button_press.wav.meta",".meta","303","14/07/2026 19:55:37"
"Assets\AudioClip\ui_coins_added.wav",".wav","59680","14/07/2026 19:55:37"
"Assets\AudioClip\ui_coins_added.wav.meta",".meta","303","14/07/2026 19:55:37"
"Assets\AudioClip\ui_select.wav",".wav","6680","14/07/2026 19:55:37"
"Assets\AudioClip\ui_select.wav.meta",".meta","303","14/07/2026 19:55:37"
"Assets\AudioClip\ui_shift_01.wav",".wav","26850","14/07/2026 19:55:37"
"Assets\AudioClip\ui_shift_01.wav.meta",".meta","303","14/07/2026 19:55:37"
"Assets\AudioClip\ui_shift_02.wav",".wav","47768","14/07/2026 19:55:37"
"Assets\AudioClip\ui_shift_02.wav.meta",".meta","303","14/07/2026 19:55:37"
"Assets\AudioClip\ui_shift_03.wav",".wav","49818","14/07/2026 19:55:37"
"Assets\AudioClip\ui_shift_03.wav.meta",".meta","303","14/07/2026 19:55:37"
"Assets\AudioClip\WHOO_HOO_MABEL_a.mp3",".mp3","20160","14/07/2026 19:55:51"
"Assets\AudioClip\WHOO_HOO_MABEL_a.mp3.meta",".meta","303","14/07/2026 19:55:51"
"Assets\AudioClip\wrong_way_buzzer.wav",".wav","48240","14/07/2026 19:55:32"
"Assets\AudioClip\wrong_way_buzzer.wav.meta",".meta","303","14/07/2026 19:55:32"
"Assets\AudioClip\YIKES_MABEL_a.mp3",".mp3","13920","14/07/2026 19:55:51"
"Assets\AudioClip\YIKES_MABEL_a.mp3.meta",".meta","303","14/07/2026 19:55:51"
"Assets\Font\Cabin-SemiBold.otf",".otf","54364","14/07/2026 19:55:33"
"Assets\Font\Cabin-SemiBold.otf.meta",".meta","390","14/07/2026 19:55:33"
"Assets\Font\CCUpUpAndAway.asset",".asset","108553","14/07/2026 19:55:37"
"Assets\Font\CCUpUpAndAway.asset.meta",".meta","144","14/07/2026 19:55:37"
"Assets\Font\VAG Rounded Black.otf",".otf","30508","14/07/2026 19:55:33"
"Assets\Font\VAG Rounded Black.otf.meta",".meta","400","14/07/2026 19:55:33"
"Assets\GameObject\+AchievementManager.prefab",".prefab","8924","14/07/2026 19:55:38"
"Assets\GameObject\+AchievementManager.prefab.meta",".meta","144","14/07/2026 19:55:38"
"Assets\GameObject\+DataUtility.prefab",".prefab","1488","14/07/2026 19:55:38"
"Assets\GameObject\+DataUtility.prefab.meta",".meta","144","14/07/2026 19:55:38"
"Assets\GameObject\+Localize.prefab",".prefab","1493","14/07/2026 19:55:38"
"Assets\GameObject\+Localize.prefab.meta",".meta","144","14/07/2026 19:55:38"
"Assets\GameObject\+PlayerInstance.prefab",".prefab","2086","14/07/2026 19:55:38"
"Assets\GameObject\+PlayerInstance.prefab.meta",".meta","144","14/07/2026 19:55:38"
"Assets\GameObject\+Screen Timeout Controller.prefab",".prefab","1346","14/07/2026 19:55:38"
"Assets\GameObject\+Screen Timeout Controller.prefab.meta",".meta","144","14/07/2026 19:55:38"
"Assets\GameObject\+StreamManager.prefab",".prefab","1334","14/07/2026 19:55:38"
"Assets\GameObject\+StreamManager.prefab.meta",".meta","144","14/07/2026 19:55:38"
"Assets\GameObject\+TrackUnlockHelper.prefab",".prefab","4457","14/07/2026 19:55:38"
"Assets\GameObject\+TrackUnlockHelper.prefab.meta",".meta","144","14/07/2026 19:55:38"
"Assets\GameObject\1 - Lil Wheelies Custom.prefab",".prefab","1773","14/07/2026 19:55:38"
"Assets\GameObject\1 - Lil Wheelies Custom.prefab.meta",".meta","144","14/07/2026 19:55:38"
"Assets\GameObject\1 - Lil' Scoop.prefab",".prefab","2250","14/07/2026 19:55:38"
"Assets\GameObject\1 - Lil' Scoop.prefab.meta",".meta","144","14/07/2026 19:55:38"
"Assets\GameObject\1 - Lil' Spoiler (Truck).prefab",".prefab","2527","14/07/2026 19:55:38"
"Assets\GameObject\1 - Lil' Spoiler (Truck).prefab.meta",".meta","144","14/07/2026 19:55:38"
"Assets\GameObject\1 - Lil' Spoiler Forms.prefab",".prefab","1621","14/07/2026 19:55:37"
"Assets\GameObject\1 - Lil' Spoiler Forms.prefab.meta",".meta","144","14/07/2026 19:55:37"
"Assets\GameObject\1 - Lil' Spoiler.prefab",".prefab","2506","14/07/2026 19:55:38"
"Assets\GameObject\1 - Lil' Spoiler.prefab.meta",".meta","144","14/07/2026 19:55:38"
"Assets\GameObject\1 - Lil' Thrusties (Truck).prefab",".prefab","2387","14/07/2026 19:55:38"
"Assets\GameObject\1 - Lil' Thrusties (Truck).prefab.meta",".meta","144","14/07/2026 19:55:38"
"Assets\GameObject\1 - Lil' Thrusties Forms.prefab",".prefab","1623","14/07/2026 19:55:37"
"Assets\GameObject\1 - Lil' Thrusties Forms.prefab.meta",".meta","144","14/07/2026 19:55:37"
"Assets\GameObject\1 - Lil' Thrusties.prefab",".prefab","2366","14/07/2026 19:55:38"
"Assets\GameObject\1 - Lil' Thrusties.prefab.meta",".meta","144","14/07/2026 19:55:38"
"Assets\GameObject\1 - Lil' Wheelies (Bike).prefab",".prefab","2056","14/07/2026 19:55:38"
"Assets\GameObject\1 - Lil' Wheelies (Bike).prefab.meta",".meta","144","14/07/2026 19:55:38"
"Assets\GameObject\1 - Lil' Wheelies (Truck).prefab",".prefab","2060","14/07/2026 19:55:38"
"Assets\GameObject\1 - Lil' Wheelies (Truck).prefab.meta",".meta","144","14/07/2026 19:55:38"
"Assets\GameObject\1 - Lil' Wheelies.prefab",".prefab","2039","14/07/2026 19:55:38"
"Assets\GameObject\1 - Lil' Wheelies.prefab.meta",".meta","144","14/07/2026 19:55:38"
"Assets\GameObject\1 - Lil'Kart (Bike).prefab",".prefab","2130","14/07/2026 19:55:37"
"Assets\GameObject\1 - Lil'Kart (Bike).prefab.meta",".meta","144","14/07/2026 19:55:37"
"Assets\GameObject\1 - Lil'Kart (Truck).prefab",".prefab","2134","14/07/2026 19:55:37"
"Assets\GameObject\1 - Lil'Kart (Truck).prefab.meta",".meta","144","14/07/2026 19:55:37"
"Assets\GameObject\1 - Lil'Kart Forms.prefab",".prefab","1617","14/07/2026 19:55:37"
"Assets\GameObject\1 - Lil'Kart Forms.prefab.meta",".meta","144","14/07/2026 19:55:37"
"Assets\GameObject\1 - Lil'Kart.prefab",".prefab","2113","14/07/2026 19:55:37"
"Assets\GameObject\1 - Lil'Kart.prefab.meta",".meta","144","14/07/2026 19:55:37"
"Assets\GameObject\1 - Lil'Wheelie Forms.prefab",".prefab","1620","14/07/2026 19:55:37"
"Assets\GameObject\1 - Lil'Wheelie Forms.prefab.meta",".meta","144","14/07/2026 19:55:37"
"Assets\GameObject\2 - Scorchin' Thrusters (Truck).prefab",".prefab","2390","14/07/2026 19:55:38"
"Assets\GameObject\2 - Scorchin' Thrusters (Truck).prefab.meta",".meta","144","14/07/2026 19:55:38"
"Assets\GameObject\2 - Scorchin' Thrusters Forms.prefab",".prefab","1628","14/07/2026 19:55:37"
"Assets\GameObject\2 - Scorchin' Thrusters Forms.prefab.meta",".meta","144","14/07/2026 19:55:37"
"Assets\GameObject\2 - Scorchin' Thrusters.prefab",".prefab","2369","14/07/2026 19:55:38"
"Assets\GameObject\2 - Scorchin' Thrusters.prefab.meta",".meta","144","14/07/2026 19:55:38"
"Assets\GameObject\2 - Speeder Wheels (Bike).prefab",".prefab","2081","14/07/2026 19:55:38"
"Assets\GameObject\2 - Speeder Wheels (Bike).prefab.meta",".meta","144","14/07/2026 19:55:38"
"Assets\GameObject\2 - Speeder Wheels (Truck).prefab",".prefab","2085","14/07/2026 19:55:38"
"Assets\GameObject\2 - Speeder Wheels (Truck).prefab.meta",".meta","144","14/07/2026 19:55:38"
"Assets\GameObject\2 - Speeder Wheels Custom.prefab",".prefab","1775","14/07/2026 19:55:38"
"Assets\GameObject\2 - Speeder Wheels Custom.prefab.meta",".meta","144","14/07/2026 19:55:38"
"Assets\GameObject\2 - Speeder Wheels Forms.prefab",".prefab","1623","14/07/2026 19:55:37"
"Assets\GameObject\2 - Speeder Wheels Forms.prefab.meta",".meta","144","14/07/2026 19:55:37"
"Assets\GameObject\2 - Speeder Wheels.prefab",".prefab","2064","14/07/2026 19:55:38"
"Assets\GameObject\2 - Speeder Wheels.prefab.meta",".meta","144","14/07/2026 19:55:38"
"Assets\GameObject\2 - Speedster (Bike).prefab",".prefab","2508","14/07/2026 19:55:37"
"Assets\GameObject\2 - Speedster (Bike).prefab.meta",".meta","144","14/07/2026 19:55:37"
"Assets\GameObject\2 - Speedster (Truck).prefab",".prefab","2512","14/07/2026 19:55:37"
"Assets\GameObject\2 - Speedster (Truck).prefab.meta",".meta","144","14/07/2026 19:55:37"
"Assets\GameObject\2 - Speedster Forms.prefab",".prefab","1618","14/07/2026 19:55:37"
"Assets\GameObject\2 - Speedster Forms.prefab.meta",".meta","144","14/07/2026 19:55:37"
"Assets\GameObject\2 - Speedster.prefab",".prefab","2491","14/07/2026 19:55:37"
"Assets\GameObject\2 - Speedster.prefab.meta",".meta","144","14/07/2026 19:55:37"
"Assets\GameObject\2 - Speedy Scoop.prefab",".prefab","2251","14/07/2026 19:55:38"
"Assets\GameObject\2 - Speedy Scoop.prefab.meta",".meta","144","14/07/2026 19:55:38"
"Assets\GameObject\2 - Speedy Spoiler (Truck).prefab",".prefab","2591","14/07/2026 19:55:38"
"Assets\GameObject\2 - Speedy Spoiler (Truck).prefab.meta",".meta","144","14/07/2026 19:55:38"
"Assets\GameObject\2 - Speedy Spoiler Forms.prefab",".prefab","1623","14/07/2026 19:55:37"
"Assets\GameObject\2 - Speedy Spoiler Forms.prefab.meta",".meta","144","14/07/2026 19:55:37"
"Assets\GameObject\2 - Speedy Spoiler.prefab",".prefab","2570","14/07/2026 19:55:38"
"Assets\GameObject\2 - Speedy Spoiler.prefab.meta",".meta","144","14/07/2026 19:55:38"
"Assets\GameObject\3 - Trak Blasters (Truck).prefab",".prefab","2386","14/07/2026 19:55:38"
"Assets\GameObject\3 - Trak Blasters (Truck).prefab.meta",".meta","144","14/07/2026 19:55:38"
"Assets\GameObject\3 - Trak Blasters Forms.prefab",".prefab","1622","14/07/2026 19:55:37"
"Assets\GameObject\3 - Trak Blasters Forms.prefab.meta",".meta","144","14/07/2026 19:55:37"
"Assets\GameObject\3 - Trak Blasters.prefab",".prefab","2365","14/07/2026 19:55:38"
"Assets\GameObject\3 - Trak Blasters.prefab.meta",".meta","144","14/07/2026 19:55:38"
"Assets\GameObject\3 - Trak Skoop.prefab",".prefab","2251","14/07/2026 19:55:38"
"Assets\GameObject\3 - Trak Skoop.prefab.meta",".meta","144","14/07/2026 19:55:38"
"Assets\GameObject\3 - Traktor 3000 (Bike).prefab",".prefab","2581","14/07/2026 19:55:37"
"Assets\GameObject\3 - Traktor 3000 (Bike).prefab.meta",".meta","144","14/07/2026 19:55:37"
"Assets\GameObject\3 - Traktor 3000 (Truck).prefab",".prefab","2585","14/07/2026 19:55:37"
"Assets\GameObject\3 - Traktor 3000 (Truck).prefab.meta",".meta","144","14/07/2026 19:55:37"
"Assets\GameObject\3 - Traktor 3000 Forms.prefab",".prefab","1621","14/07/2026 19:55:37"
"Assets\GameObject\3 - Traktor 3000 Forms.prefab.meta",".meta","144","14/07/2026 19:55:37"
"Assets\GameObject\3 - Traktor 3000.prefab",".prefab","2564","14/07/2026 19:55:37"
"Assets\GameObject\3 - Traktor 3000.prefab.meta",".meta","144","14/07/2026 19:55:37"
"Assets\GameObject\3 - Traktor Tires (Bike).prefab",".prefab","2076","14/07/2026 19:55:38"
"Assets\GameObject\3 - Traktor Tires (Bike).prefab.meta",".meta","144","14/07/2026 19:55:38"
"Assets\GameObject\3 - Traktor Tires (Truck).prefab",".prefab","2080","14/07/2026 19:55:38"
"Assets\GameObject\3 - Traktor Tires (Truck).prefab.meta",".meta","144","14/07/2026 19:55:38"
"Assets\GameObject\3 - Traktor Tires Custom.prefab",".prefab","1774","14/07/2026 19:55:38"
"Assets\GameObject\3 - Traktor Tires Custom.prefab.meta",".meta","144","14/07/2026 19:55:38"
"Assets\GameObject\3 - Traktor Tires Forms.prefab",".prefab","1622","14/07/2026 19:55:37"
"Assets\GameObject\3 - Traktor Tires Forms.prefab.meta",".meta","144","14/07/2026 19:55:37"
"Assets\GameObject\3 - Traktor Tires.prefab",".prefab","2059","14/07/2026 19:55:38"
"Assets\GameObject\3 - Traktor Tires.prefab.meta",".meta","144","14/07/2026 19:55:38"
"Assets\GameObject\3 - Traktor Wing (Truck).prefab",".prefab","2528","14/07/2026 19:55:38"
"Assets\GameObject\3 - Traktor Wing (Truck).prefab.meta",".meta","144","14/07/2026 19:55:38"
"Assets\GameObject\3 - Traktor Wing Forms.prefab",".prefab","1621","14/07/2026 19:55:37"
"Assets\GameObject\3 - Traktor Wing Forms.prefab.meta",".meta","144","14/07/2026 19:55:37"
"Assets\GameObject\3 - Traktor Wing.prefab",".prefab","2507","14/07/2026 19:55:38"
"Assets\GameObject\3 - Traktor Wing.prefab.meta",".meta","144","14/07/2026 19:55:38"
"Assets\GameObject\4 - Dune Blazers (Truck).prefab",".prefab","2369","14/07/2026 19:55:38"
"Assets\GameObject\4 - Dune Blazers (Truck).prefab.meta",".meta","144","14/07/2026 19:55:38"
"Assets\GameObject\4 - Dune Blazers Forms.prefab",".prefab","1621","14/07/2026 19:55:37"
"Assets\GameObject\4 - Dune Blazers Forms.prefab.meta",".meta","144","14/07/2026 19:55:37"
"Assets\GameObject\4 - Dune Blazers.prefab",".prefab","2348","14/07/2026 19:55:38"
"Assets\GameObject\4 - Dune Blazers.prefab.meta",".meta","144","14/07/2026 19:55:38"
"Assets\GameObject\4 - Dune Jumpers (Bike).prefab",".prefab","2080","14/07/2026 19:55:38"
"Assets\GameObject\4 - Dune Jumpers (Bike).prefab.meta",".meta","144","14/07/2026 19:55:38"
"Assets\GameObject\4 - Dune Jumpers (Truck).prefab",".prefab","2084","14/07/2026 19:55:38"
"Assets\GameObject\4 - Dune Jumpers (Truck).prefab.meta",".meta","144","14/07/2026 19:55:38"
"Assets\GameObject\4 - Dune Jumpers Custom.prefab",".prefab","1773","14/07/2026 19:55:38"
"Assets\GameObject\4 - Dune Jumpers Custom.prefab.meta",".meta","144","14/07/2026 19:55:38"
"Assets\GameObject\4 - Dune Jumpers Forms.prefab",".prefab","1621","14/07/2026 19:55:37"
"Assets\GameObject\4 - Dune Jumpers Forms.prefab.meta",".meta","144","14/07/2026 19:55:37"
"Assets\GameObject\4 - Dune Jumpers.prefab",".prefab","2063","14/07/2026 19:55:38"
"Assets\GameObject\4 - Dune Jumpers.prefab.meta",".meta","144","14/07/2026 19:55:38"
"Assets\GameObject\4 - Dune Scooper.prefab",".prefab","2252","14/07/2026 19:55:38"
"Assets\GameObject\4 - Dune Scooper.prefab.meta",".meta","144","14/07/2026 19:55:38"
"Assets\GameObject\4 - Dune Spoiler (Truck).prefab",".prefab","2509","14/07/2026 19:55:38"
"Assets\GameObject\4 - Dune Spoiler (Truck).prefab.meta",".meta","144","14/07/2026 19:55:38"
"Assets\GameObject\4 - Dune Spoiler Forms.prefab",".prefab","1621","14/07/2026 19:55:37"
"Assets\GameObject\4 - Dune Spoiler Forms.prefab.meta",".meta","144","14/07/2026 19:55:37"
"Assets\GameObject\4 - Dune Spoiler.prefab",".prefab","2488","14/07/2026 19:55:38"
"Assets\GameObject\4 - Dune Spoiler.prefab.meta",".meta","144","14/07/2026 19:55:38"
"Assets\GameObject\4 - Dune Stomper (Bike).prefab",".prefab","2515","14/07/2026 19:55:37"
"Assets\GameObject\4 - Dune Stomper (Bike).prefab.meta",".meta","144","14/07/2026 19:55:37"
"Assets\GameObject\4 - Dune Stomper (Truck).prefab",".prefab","2519","14/07/2026 19:55:37"
"Assets\GameObject\4 - Dune Stomper (Truck).prefab.meta",".meta","144","14/07/2026 19:55:37"
"Assets\GameObject\4 - Dune Stomper Forms.prefab",".prefab","1621","14/07/2026 19:55:37"
"Assets\GameObject\4 - Dune Stomper Forms.prefab.meta",".meta","144","14/07/2026 19:55:37"
"Assets\GameObject\4 - Dune Stomper.prefab",".prefab","2498","14/07/2026 19:55:37"
"Assets\GameObject\4 - Dune Stomper.prefab.meta",".meta","144","14/07/2026 19:55:37"
"Assets\GameObject\5 - Hog Burners (Truck).prefab",".prefab","2382","14/07/2026 19:55:38"
"Assets\GameObject\5 - Hog Burners (Truck).prefab.meta",".meta","144","14/07/2026 19:55:38"
"Assets\GameObject\5 - Hog Burners Forms.prefab",".prefab","1620","14/07/2026 19:55:37"
"Assets\GameObject\5 - Hog Burners Forms.prefab.meta",".meta","144","14/07/2026 19:55:37"
"Assets\GameObject\5 - Hog Burners.prefab",".prefab","2361","14/07/2026 19:55:38"
"Assets\GameObject\5 - Hog Burners.prefab.meta",".meta","144","14/07/2026 19:55:38"
"Assets\GameObject\5 - Hogwing (Truck).prefab",".prefab","2590","14/07/2026 19:55:38"
"Assets\GameObject\5 - Hogwing (Truck).prefab.meta",".meta","144","14/07/2026 19:55:38"
"Assets\GameObject\5 - Hogwing Forms.prefab",".prefab","1616","14/07/2026 19:55:37"
"Assets\GameObject\5 - Hogwing Forms.prefab.meta",".meta","144","14/07/2026 19:55:37"
"Assets\GameObject\5 - Hogwing.prefab",".prefab","2569","14/07/2026 19:55:38"
"Assets\GameObject\5 - Hogwing.prefab.meta",".meta","144","14/07/2026 19:55:38"
"Assets\GameObject\5 - Scoop-inator.prefab",".prefab","2253","14/07/2026 19:55:38"
"Assets\GameObject\5 - Scoop-inator.prefab.meta",".meta","144","14/07/2026 19:55:38"
"Assets\GameObject\5 - The Hog-inator (Bike).prefab",".prefab","2510","14/07/2026 19:55:37"
"Assets\GameObject\5 - The Hog-inator (Bike).prefab.meta",".meta","144","14/07/2026 19:55:37"
"Assets\GameObject\5 - The Hog-inator (Truck).prefab",".prefab","2514","14/07/2026 19:55:37"
"Assets\GameObject\5 - The Hog-inator (Truck).prefab.meta",".meta","144","14/07/2026 19:55:37"
"Assets\GameObject\5 - The Hog-inator Forms.prefab",".prefab","1623","14/07/2026 19:55:37"
"Assets\GameObject\5 - The Hog-inator Forms.prefab.meta",".meta","144","14/07/2026 19:55:37"
"Assets\GameObject\5 - The Hog-inator.prefab",".prefab","2493","14/07/2026 19:55:37"
"Assets\GameObject\5 - The Hog-inator.prefab.meta",".meta","144","14/07/2026 19:55:37"
"Assets\GameObject\5 - The Wheel-inators Forms.prefab",".prefab","1626","14/07/2026 19:55:37"
"Assets\GameObject\5 - The Wheel-inators Forms.prefab.meta",".meta","144","14/07/2026 19:55:37"
"Assets\GameObject\5 - Wheel-inators (Bike).prefab",".prefab","2070","14/07/2026 19:55:38"
"Assets\GameObject\5 - Wheel-inators (Bike).prefab.meta",".meta","144","14/07/2026 19:55:38"
"Assets\GameObject\5 - Wheel-inators (Truck).prefab",".prefab","2074","14/07/2026 19:55:38"
"Assets\GameObject\5 - Wheel-inators (Truck).prefab.meta",".meta","144","14/07/2026 19:55:38"
"Assets\GameObject\5 - Wheel-inators Custom.prefab",".prefab","1774","14/07/2026 19:55:38"
"Assets\GameObject\5 - Wheel-inators Custom.prefab.meta",".meta","144","14/07/2026 19:55:38"
"Assets\GameObject\5 - Wheel-inators.prefab",".prefab","2053","14/07/2026 19:55:38"
"Assets\GameObject\5 - Wheel-inators.prefab.meta",".meta","144","14/07/2026 19:55:38"
"Assets\GameObject\6 - Beast Wheelz (Bike).prefab",".prefab","2078","14/07/2026 19:55:38"
"Assets\GameObject\6 - Beast Wheelz (Bike).prefab.meta",".meta","144","14/07/2026 19:55:38"
"Assets\GameObject\6 - Beast Wheelz (Truck).prefab",".prefab","2082","14/07/2026 19:55:38"
"Assets\GameObject\6 - Beast Wheelz (Truck).prefab.meta",".meta","144","14/07/2026 19:55:38"
"Assets\GameObject\6 - Beast Wheelz Custom.prefab",".prefab","1773","14/07/2026 19:55:38"
"Assets\GameObject\6 - Beast Wheelz Custom.prefab.meta",".meta","144","14/07/2026 19:55:38"
"Assets\GameObject\6 - Beast Wheelz Forms.prefab",".prefab","1621","14/07/2026 19:55:37"
"Assets\GameObject\6 - Beast Wheelz Forms.prefab.meta",".meta","144","14/07/2026 19:55:37"
"Assets\GameObject\6 - Beast Wheelz.prefab",".prefab","2061","14/07/2026 19:55:38"
"Assets\GameObject\6 - Beast Wheelz.prefab.meta",".meta","144","14/07/2026 19:55:38"
"Assets\GameObject\6 - Beastly Spoiler (Truck).prefab",".prefab","2523","14/07/2026 19:55:38"
"Assets\GameObject\6 - Beastly Spoiler (Truck).prefab.meta",".meta","144","14/07/2026 19:55:38"
"Assets\GameObject\6 - Beastly Spoiler Forms.prefab",".prefab","1624","14/07/2026 19:55:37"
"Assets\GameObject\6 - Beastly Spoiler Forms.prefab.meta",".meta","144","14/07/2026 19:55:37"
"Assets\GameObject\6 - Beastly Spoiler.prefab",".prefab","2502","14/07/2026 19:55:38"
"Assets\GameObject\6 - Beastly Spoiler.prefab.meta",".meta","144","14/07/2026 19:55:38"
"Assets\GameObject\6 - Infernos (Truck).prefab",".prefab","2515","14/07/2026 19:55:38"
"Assets\GameObject\6 - Infernos (Truck).prefab.meta",".meta","144","14/07/2026 19:55:38"
"Assets\GameObject\6 - Infernos Forms.prefab",".prefab","1617","14/07/2026 19:55:37"
"Assets\GameObject\6 - Infernos Forms.prefab.meta",".meta","144","14/07/2026 19:55:37"
"Assets\GameObject\6 - Infernos.prefab",".prefab","2494","14/07/2026 19:55:38"
"Assets\GameObject\6 - Infernos.prefab.meta",".meta","144","14/07/2026 19:55:38"
"Assets\GameObject\6 - Monster Scoop.prefab",".prefab","2255","14/07/2026 19:55:38"
"Assets\GameObject\6 - Monster Scoop.prefab.meta",".meta","144","14/07/2026 19:55:38"
"Assets\GameObject\6 - The Beast (Bike).prefab",".prefab","2580","14/07/2026 19:55:37"
"Assets\GameObject\6 - The Beast (Bike).prefab.meta",".meta","144","14/07/2026 19:55:37"
"Assets\GameObject\6 - The Beast (Truck).prefab",".prefab","2584","14/07/2026 19:55:37"
"Assets\GameObject\6 - The Beast (Truck).prefab.meta",".meta","144","14/07/2026 19:55:37"
"Assets\GameObject\6 - The Beast Forms.prefab",".prefab","1618","14/07/2026 19:55:37"
"Assets\GameObject\6 - The Beast Forms.prefab.meta",".meta","144","14/07/2026 19:55:37"
"Assets\GameObject\6 - The Beast.prefab",".prefab","2563","14/07/2026 19:55:37"
"Assets\GameObject\6 - The Beast.prefab.meta",".meta","144","14/07/2026 19:55:37"
"Assets\GameObject\7 - Ultra Tractionizers (Bike).prefab",".prefab","2091","14/07/2026 19:55:38"
"Assets\GameObject\7 - Ultra Tractionizers (Bike).prefab.meta",".meta","144","14/07/2026 19:55:38"
"Assets\GameObject\7 - Ultra Tractionizers (Truck).prefab",".prefab","2095","14/07/2026 19:55:38"
"Assets\GameObject\7 - Ultra Tractionizers (Truck).prefab.meta",".meta","144","14/07/2026 19:55:38"
"Assets\GameObject\7 - Ultra Tractionizers Custom.prefab",".prefab","1778","14/07/2026 19:55:38"
"Assets\GameObject\7 - Ultra Tractionizers Custom.prefab.meta",".meta","144","14/07/2026 19:55:38"
"Assets\GameObject\7 - Ultra Tractionizers Forms.prefab",".prefab","1628","14/07/2026 19:55:37"
"Assets\GameObject\7 - Ultra Tractionizers Forms.prefab.meta",".meta","144","14/07/2026 19:55:37"
"Assets\GameObject\7 - Ultra Tractionizers.prefab",".prefab","2074","14/07/2026 19:55:38"
"Assets\GameObject\7 - Ultra Tractionizers.prefab.meta",".meta","144","14/07/2026 19:55:38"
"Assets\GameObject\Achievement Category UI.prefab",".prefab","61952","14/07/2026 19:55:38"
"Assets\GameObject\Achievement Category UI.prefab.meta",".meta","144","14/07/2026 19:55:38"
"Assets\GameObject\AchievementUI.prefab",".prefab","143756","14/07/2026 19:55:38"
"Assets\GameObject\AchievementUI.prefab.meta",".meta","144","14/07/2026 19:55:38"
"Assets\GameObject\AchievementWindow.prefab",".prefab","33079","14/07/2026 19:55:38"
"Assets\GameObject\AchievementWindow.prefab.meta",".meta","144","14/07/2026 19:55:38"
"Assets\GameObject\Age Gate Popup.prefab",".prefab","24789","14/07/2026 19:55:38"
"Assets\GameObject\Age Gate Popup.prefab.meta",".meta","144","14/07/2026 19:55:38"
"Assets\GameObject\Agent P.prefab",".prefab","1890","14/07/2026 19:55:37"
"Assets\GameObject\Agent P.prefab.meta",".meta","144","14/07/2026 19:55:37"
"Assets\GameObject\AI Blip.prefab",".prefab","5045","14/07/2026 19:55:32"
"Assets\GameObject\AI Blip.prefab.meta",".meta","144","14/07/2026 19:55:32"
"Assets\GameObject\Anchor Rocket.prefab",".prefab","10667","14/07/2026 19:55:51"
"Assets\GameObject\Anchor Rocket.prefab.meta",".meta","144","14/07/2026 19:55:51"
"Assets\GameObject\Barrel On Track.prefab",".prefab","6255","14/07/2026 19:55:29"
"Assets\GameObject\Barrel On Track.prefab.meta",".meta","144","14/07/2026 19:55:29"
"Assets\GameObject\Barrel.prefab",".prefab","3443","14/07/2026 19:55:46"
"Assets\GameObject\Barrel.prefab.meta",".meta","144","14/07/2026 19:55:46"
"Assets\GameObject\Bea.prefab",".prefab","1875","14/07/2026 19:55:37"
"Assets\GameObject\Bea.prefab.meta",".meta","144","14/07/2026 19:55:37"
"Assets\GameObject\Beastly Spoiler Black.prefab",".prefab","1706","14/07/2026 19:55:38"
"Assets\GameObject\Beastly Spoiler Black.prefab.meta",".meta","144","14/07/2026 19:55:38"
"Assets\GameObject\Beastly Spoiler Blue.prefab",".prefab","1705","14/07/2026 19:55:38"
"Assets\GameObject\Beastly Spoiler Blue.prefab.meta",".meta","144","14/07/2026 19:55:38"
"Assets\GameObject\Beastly Spoiler Custom Alpha.prefab",".prefab","1836","14/07/2026 19:55:38"
"Assets\GameObject\Beastly Spoiler Custom Alpha.prefab.meta",".meta","144","14/07/2026 19:55:38"
"Assets\GameObject\Beastly Spoiler Custom Beta.prefab",".prefab","1835","14/07/2026 19:55:38"
"Assets\GameObject\Beastly Spoiler Custom Beta.prefab.meta",".meta","144","14/07/2026 19:55:38"
"Assets\GameObject\Beastly Spoiler Pink.prefab",".prefab","1705","14/07/2026 19:55:38"
"Assets\GameObject\Beastly Spoiler Pink.prefab.meta",".meta","144","14/07/2026 19:55:38"
"Assets\GameObject\Beastly Spoiler Purple.prefab",".prefab","1707","14/07/2026 19:55:38"
"Assets\GameObject\Beastly Spoiler Purple.prefab.meta",".meta","144","14/07/2026 19:55:38"
"Assets\GameObject\Beastly Spoiler Red.prefab",".prefab","1702","14/07/2026 19:55:38"
"Assets\GameObject\Beastly Spoiler Red.prefab.meta",".meta","144","14/07/2026 19:55:38"
"Assets\GameObject\Booster Pickup.prefab",".prefab","11440","14/07/2026 19:55:32"
"Assets\GameObject\Booster Pickup.prefab.meta",".meta","144","14/07/2026 19:55:32"
"Assets\GameObject\Brad.prefab",".prefab","1879","14/07/2026 19:55:37"
"Assets\GameObject\Brad.prefab.meta",".meta","144","14/07/2026 19:55:37"
"Assets\GameObject\BubbleJetUP.prefab",".prefab","5275","14/07/2026 19:55:38"
"Assets\GameObject\BubbleJetUP.prefab.meta",".meta","144","14/07/2026 19:55:38"
"Assets\GameObject\Bus Jumper.prefab",".prefab","1529","14/07/2026 19:55:38"
"Assets\GameObject\Bus Jumper.prefab.meta",".meta","144","14/07/2026 19:55:38"
"Assets\GameObject\Buy a Powerup Tutorial.prefab",".prefab","1794","14/07/2026 19:55:38"
"Assets\GameObject\Buy a Powerup Tutorial.prefab.meta",".meta","144","14/07/2026 19:55:38"
"Assets\GameObject\BuyCoinsPrefab.prefab",".prefab","165430","14/07/2026 19:55:38"
"Assets\GameObject\BuyCoinsPrefab.prefab.meta",".meta","144","14/07/2026 19:55:38"
"Assets\GameObject\Cart Paint Job.prefab",".prefab","1606","14/07/2026 19:55:37"
"Assets\GameObject\Cart Paint Job.prefab.meta",".meta","144","14/07/2026 19:55:37"
"Assets\GameObject\CartCustomizerMenu.prefab",".prefab","222995","14/07/2026 19:55:38"
"Assets\GameObject\CartCustomizerMenu.prefab.meta",".meta","144","14/07/2026 19:55:38"
"Assets\GameObject\CartPartList.prefab",".prefab","16942","14/07/2026 19:55:37"
"Assets\GameObject\CartPartList.prefab.meta",".meta","144","14/07/2026 19:55:37"
"Assets\GameObject\CartPrimaryTextureProfile.prefab",".prefab","2848","14/07/2026 19:55:37"
"Assets\GameObject\CartPrimaryTextureProfile.prefab.meta",".meta","144","14/07/2026 19:55:37"
"Assets\GameObject\CharacterSelectMenu.prefab",".prefab","50280","14/07/2026 19:55:38"
"Assets\GameObject\CharacterSelectMenu.prefab.meta",".meta","144","14/07/2026 19:55:38"
"Assets\GameObject\Coin Balance x100_000.prefab",".prefab","1616","14/07/2026 19:55:37"
"Assets\GameObject\Coin Balance x100_000.prefab.meta",".meta","144","14/07/2026 19:55:37"
"Assets\GameObject\Coin Balance x10_000.prefab",".prefab","1619","14/07/2026 19:55:37"
"Assets\GameObject\Coin Balance x10_000.prefab.meta",".meta","144","14/07/2026 19:55:37"
"Assets\GameObject\Coin Balance x1_000.prefab",".prefab","1610","14/07/2026 19:55:37"
"Assets\GameObject\Coin Balance x1_000.prefab.meta",".meta","144","14/07/2026 19:55:37"
"Assets\GameObject\Coin.prefab",".prefab","27280","14/07/2026 19:55:32"
"Assets\GameObject\Coin.prefab.meta",".meta","144","14/07/2026 19:55:32"
"Assets\GameObject\Collect a Powerup Tutorial.prefab",".prefab","1759","14/07/2026 19:55:38"
"Assets\GameObject\Collect a Powerup Tutorial.prefab.meta",".meta","144","14/07/2026 19:55:38"
"Assets\GameObject\Combine a Powerup Tutorial.prefab",".prefab","1779","14/07/2026 19:55:38"
"Assets\GameObject\Combine a Powerup Tutorial.prefab.meta",".meta","144","14/07/2026 19:55:38"
"Assets\GameObject\Complete All Achievements.prefab",".prefab","1592","14/07/2026 19:55:37"
"Assets\GameObject\Complete All Achievements.prefab.meta",".meta","144","14/07/2026 19:55:37"
"Assets\GameObject\Confirmation Popup.prefab",".prefab","28004","14/07/2026 19:55:38"
"Assets\GameObject\Confirmation Popup.prefab.meta",".meta","144","14/07/2026 19:55:38"
"Assets\GameObject\Crash.prefab",".prefab","1880","14/07/2026 19:55:37"
"Assets\GameObject\Crash.prefab.meta",".meta","144","14/07/2026 19:55:37"
"Assets\GameObject\Credits Screen.prefab",".prefab","57958","14/07/2026 19:55:38"
"Assets\GameObject\Credits Screen.prefab.meta",".meta","144","14/07/2026 19:55:38"
"Assets\GameObject\Cross Finish Line Backwards.prefab",".prefab","1587","14/07/2026 19:55:37"
"Assets\GameObject\Cross Finish Line Backwards.prefab.meta",".meta","144","14/07/2026 19:55:37"
"Assets\GameObject\Daily Bonus.prefab",".prefab","58303","14/07/2026 19:55:38"
"Assets\GameObject\Daily Bonus.prefab.meta",".meta","144","14/07/2026 19:55:38"
"Assets\GameObject\Danville Arena.prefab",".prefab","1535","14/07/2026 19:55:38"
"Assets\GameObject\Danville Arena.prefab.meta",".meta","144","14/07/2026 19:55:38"
"Assets\GameObject\Danville River.prefab",".prefab","1535","14/07/2026 19:55:38"
"Assets\GameObject\Danville River.prefab.meta",".meta","144","14/07/2026 19:55:38"
"Assets\GameObject\DEBUG.prefab",".prefab","1525","14/07/2026 19:55:41"
"Assets\GameObject\DEBUG.prefab.meta",".meta","144","14/07/2026 19:55:41"
"Assets\GameObject\Dipper.prefab",".prefab","1887","14/07/2026 19:55:37"
"Assets\GameObject\Dipper.prefab.meta",".meta","144","14/07/2026 19:55:37"
"Assets\GameObject\Dirt Devils.prefab",".prefab","1531","14/07/2026 19:55:38"
"Assets\GameObject\Dirt Devils.prefab.meta",".meta","144","14/07/2026 19:55:38"
"Assets\GameObject\Doof's Tower.prefab",".prefab","1531","14/07/2026 19:55:38"
"Assets\GameObject\Doof's Tower.prefab.meta",".meta","144","14/07/2026 19:55:38"
"Assets\GameObject\DoubleBoost.prefab",".prefab","6874","14/07/2026 19:55:37"
"Assets\GameObject\DoubleBoost.prefab.meta",".meta","144","14/07/2026 19:55:37"
"Assets\GameObject\Drift Boost Tutorial.prefab",".prefab","1799","14/07/2026 19:55:38"
"Assets\GameObject\Drift Boost Tutorial.prefab.meta",".meta","144","14/07/2026 19:55:38"
"Assets\GameObject\Drift Scale.prefab",".prefab","23790","14/07/2026 19:55:32"
"Assets\GameObject\Drift Scale.prefab.meta",".meta","144","14/07/2026 19:55:32"
"Assets\GameObject\Drift Tutorial.prefab",".prefab","1773","14/07/2026 19:55:38"
"Assets\GameObject\Drift Tutorial.prefab.meta",".meta","144","14/07/2026 19:55:38"
"Assets\GameObject\Drift.prefab",".prefab","7443","14/07/2026 19:55:37"
"Assets\GameObject\Drift.prefab.meta",".meta","144","14/07/2026 19:55:37"
"Assets\GameObject\Dune Blazers Bronze.prefab",".prefab","1710","14/07/2026 19:55:38"
"Assets\GameObject\Dune Blazers Bronze.prefab.meta",".meta","144","14/07/2026 19:55:38"
"Assets\GameObject\Dune Blazers Copper.prefab",".prefab","1710","14/07/2026 19:55:38"
"Assets\GameObject\Dune Blazers Copper.prefab.meta",".meta","144","14/07/2026 19:55:38"
"Assets\GameObject\Dune Blazers Gold.prefab",".prefab","1708","14/07/2026 19:55:38"
"Assets\GameObject\Dune Blazers Gold.prefab.meta",".meta","144","14/07/2026 19:55:38"
"Assets\GameObject\Dune Blazers Silver.prefab",".prefab","1710","14/07/2026 19:55:38"
"Assets\GameObject\Dune Blazers Silver.prefab.meta",".meta","144","14/07/2026 19:55:38"
"Assets\GameObject\Dune Blazers Steel.prefab",".prefab","1707","14/07/2026 19:55:38"
"Assets\GameObject\Dune Blazers Steel.prefab.meta",".meta","144","14/07/2026 19:55:38"
"Assets\GameObject\Dune Scooper Bronze.prefab",".prefab","1698","14/07/2026 19:55:37"
"Assets\GameObject\Dune Scooper Bronze.prefab.meta",".meta","144","14/07/2026 19:55:37"
"Assets\GameObject\Dune Scooper Copper.prefab",".prefab","1698","14/07/2026 19:55:38"
"Assets\GameObject\Dune Scooper Copper.prefab.meta",".meta","144","14/07/2026 19:55:38"
"Assets\GameObject\Dune Scooper Gold.prefab",".prefab","1696","14/07/2026 19:55:38"
"Assets\GameObject\Dune Scooper Gold.prefab.meta",".meta","144","14/07/2026 19:55:38"
"Assets\GameObject\Dune Scooper Silver.prefab",".prefab","1698","14/07/2026 19:55:38"
"Assets\GameObject\Dune Scooper Silver.prefab.meta",".meta","144","14/07/2026 19:55:38"
"Assets\GameObject\Dune Scooper Steel.prefab",".prefab","1695","14/07/2026 19:55:38"
"Assets\GameObject\Dune Scooper Steel.prefab.meta",".meta","144","14/07/2026 19:55:38"
"Assets\GameObject\Dune Spoiler Black.prefab",".prefab","1703","14/07/2026 19:55:38"
"Assets\GameObject\Dune Spoiler Black.prefab.meta",".meta","144","14/07/2026 19:55:38"
"Assets\GameObject\Dune Spoiler Blue.prefab",".prefab","1702","14/07/2026 19:55:38"
"Assets\GameObject\Dune Spoiler Blue.prefab.meta",".meta","144","14/07/2026 19:55:38"
"Assets\GameObject\Dune Spoiler Brad Custom.prefab",".prefab","1848","14/07/2026 19:55:38"
"Assets\GameObject\Dune Spoiler Brad Custom.prefab.meta",".meta","144","14/07/2026 19:55:38"
"Assets\GameObject\Dune Spoiler Mike Custom.prefab",".prefab","1848","14/07/2026 19:55:38"
"Assets\GameObject\Dune Spoiler Mike Custom.prefab.meta",".meta","144","14/07/2026 19:55:38"
"Assets\GameObject\Dune Spoiler Pink.prefab",".prefab","1702","14/07/2026 19:55:38"
"Assets\GameObject\Dune Spoiler Pink.prefab.meta",".meta","144","14/07/2026 19:55:38"
"Assets\GameObject\Dune Spoiler Purple.prefab",".prefab","1704","14/07/2026 19:55:38"
"Assets\GameObject\Dune Spoiler Purple.prefab.meta",".meta","144","14/07/2026 19:55:38"
"Assets\GameObject\Dune Spoiler Red.prefab",".prefab","1699","14/07/2026 19:55:38"
"Assets\GameObject\Dune Spoiler Red.prefab.meta",".meta","144","14/07/2026 19:55:38"
"Assets\GameObject\Dune Stomper Black.prefab",".prefab","1817","14/07/2026 19:55:37"
"Assets\GameObject\Dune Stomper Black.prefab.meta",".meta","144","14/07/2026 19:55:37"
"Assets\GameObject\Dune Stomper Blue.prefab",".prefab","1816","14/07/2026 19:55:37"
"Assets\GameObject\Dune Stomper Blue.prefab.meta",".meta","144","14/07/2026 19:55:37"
"Assets\GameObject\Dune Stomper Dipper Custom.prefab",".prefab","1968","14/07/2026 19:55:37"
"Assets\GameObject\Dune Stomper Dipper Custom.prefab.meta",".meta","144","14/07/2026 19:55:37"
"Assets\GameObject\Dune Stomper Mabel Custom.prefab",".prefab","1964","14/07/2026 19:55:37"
"Assets\GameObject\Dune Stomper Mabel Custom.prefab.meta",".meta","144","14/07/2026 19:55:37"
"Assets\GameObject\Dune Stomper Pink.prefab",".prefab","1816","14/07/2026 19:55:37"
"Assets\GameObject\Dune Stomper Pink.prefab.meta",".meta","144","14/07/2026 19:55:37"
"Assets\GameObject\Dune Stomper Purple.prefab",".prefab","1818","14/07/2026 19:55:37"
"Assets\GameObject\Dune Stomper Purple.prefab.meta",".meta","144","14/07/2026 19:55:37"
"Assets\GameObject\Dune Stomper Red.prefab",".prefab","1813","14/07/2026 19:55:37"
"Assets\GameObject\Dune Stomper Red.prefab.meta",".meta","144","14/07/2026 19:55:37"
"Assets\GameObject\Equip Level 3 Parts.prefab",".prefab","1974","14/07/2026 19:55:37"
"Assets\GameObject\Equip Level 3 Parts.prefab.meta",".meta","144","14/07/2026 19:55:37"
"Assets\GameObject\Equip Level 6 Parts.prefab",".prefab","1966","14/07/2026 19:55:37"
"Assets\GameObject\Equip Level 6 Parts.prefab.meta",".meta","144","14/07/2026 19:55:37"
"Assets\GameObject\Exhaust Fire.prefab",".prefab","4498","14/07/2026 19:55:37"
"Assets\GameObject\Exhaust Fire.prefab.meta",".meta","144","14/07/2026 19:55:37"
"Assets\GameObject\Exhaust.prefab",".prefab","4465","14/07/2026 19:55:37"
"Assets\GameObject\Exhaust.prefab.meta",".meta","144","14/07/2026 19:55:37"
"Assets\GameObject\Explosion.prefab",".prefab","14090","14/07/2026 19:55:37"
"Assets\GameObject\Explosion.prefab.meta",".meta","144","14/07/2026 19:55:37"
"Assets\GameObject\FadeHelper.prefab",".prefab","1343","14/07/2026 19:55:38"
"Assets\GameObject\FadeHelper.prefab.meta",".meta","144","14/07/2026 19:55:38"
"Assets\GameObject\Ferb.prefab",".prefab","1879","14/07/2026 19:55:37"
"Assets\GameObject\Ferb.prefab.meta",".meta","144","14/07/2026 19:55:37"
"Assets\GameObject\Finish Line New.prefab",".prefab","57393","14/07/2026 19:55:37"
"Assets\GameObject\Finish Line New.prefab.meta",".meta","144","14/07/2026 19:55:37"
"Assets\GameObject\Finish The Lap Tutorial.prefab",".prefab","1774","14/07/2026 19:55:38"
"Assets\GameObject\Finish The Lap Tutorial.prefab.meta",".meta","144","14/07/2026 19:55:38"
"Assets\GameObject\First Place Fish 1.prefab",".prefab","1636","14/07/2026 19:55:37"
"Assets\GameObject\First Place Fish 1.prefab.meta",".meta","144","14/07/2026 19:55:37"
"Assets\GameObject\First Place Fish 2.prefab",".prefab","1627","14/07/2026 19:55:37"
"Assets\GameObject\First Place Fish 2.prefab.meta",".meta","144","14/07/2026 19:55:37"
"Assets\GameObject\First Place Fish 3.prefab",".prefab","1634","14/07/2026 19:55:37"
"Assets\GameObject\First Place Fish 3.prefab.meta",".meta","144","14/07/2026 19:55:37"
"Assets\GameObject\First Place in Elimination.prefab",".prefab","1641","14/07/2026 19:55:37"
"Assets\GameObject\First Place in Elimination.prefab.meta",".meta","144","14/07/2026 19:55:37"
"Assets\GameObject\First Place Kick 1.prefab",".prefab","1635","14/07/2026 19:55:37"
"Assets\GameObject\First Place Kick 1.prefab.meta",".meta","144","14/07/2026 19:55:37"
"Assets\GameObject\First Place Kick 2.prefab",".prefab","1624","14/07/2026 19:55:37"
"Assets\GameObject\First Place Kick 2.prefab.meta",".meta","144","14/07/2026 19:55:37"
"Assets\GameObject\First Place Kick 3.prefab",".prefab","1640","14/07/2026 19:55:37"
"Assets\GameObject\First Place Kick 3.prefab.meta",".meta","144","14/07/2026 19:55:37"
"Assets\GameObject\First Place Phineas 1.prefab",".prefab","1633","14/07/2026 19:55:37"
"Assets\GameObject\First Place Phineas 1.prefab.meta",".meta","144","14/07/2026 19:55:37"
"Assets\GameObject\First Place Phineas 2.prefab",".prefab","1631","14/07/2026 19:55:37"
"Assets\GameObject\First Place Phineas 2.prefab.meta",".meta","144","14/07/2026 19:55:37"
"Assets\GameObject\First Place Phineas 3.prefab",".prefab","1642","14/07/2026 19:55:37"
"Assets\GameObject\First Place Phineas 3.prefab.meta",".meta","144","14/07/2026 19:55:37"
"Assets\GameObject\FirstPlace With no powerups.prefab",".prefab","1684","14/07/2026 19:55:37"
"Assets\GameObject\FirstPlace With no powerups.prefab.meta",".meta","144","14/07/2026 19:55:37"
"Assets\GameObject\Fishtankia.prefab",".prefab","1530","14/07/2026 19:55:38"
"Assets\GameObject\Fishtankia.prefab.meta",".meta","144","14/07/2026 19:55:38"
"Assets\GameObject\Freshwater High.prefab",".prefab","1540","14/07/2026 19:55:38"
"Assets\GameObject\Freshwater High.prefab.meta",".meta","144","14/07/2026 19:55:38"
"Assets\GameObject\Front End Tutorial Popup.prefab",".prefab","15118","14/07/2026 19:55:38"
"Assets\GameObject\Front End Tutorial Popup.prefab.meta",".meta","144","14/07/2026 19:55:38"
"Assets\GameObject\Full Screen Booster Effect.prefab",".prefab","2671","14/07/2026 19:55:37"
"Assets\GameObject\Full Screen Booster Effect.prefab.meta",".meta","144","14/07/2026 19:55:37"
"Assets\GameObject\Game Center Note.prefab",".prefab","22323","14/07/2026 19:55:38"
"Assets\GameObject\Game Center Note.prefab.meta",".meta","144","14/07/2026 19:55:38"
"Assets\GameObject\GameCenterManager.prefab",".prefab","1337","14/07/2026 19:55:38"
"Assets\GameObject\GameCenterManager.prefab.meta",".meta","144","14/07/2026 19:55:38"
"Assets\GameObject\Gunther.prefab",".prefab","1891","14/07/2026 19:55:37"
"Assets\GameObject\Gunther.prefab.meta",".meta","144","14/07/2026 19:55:37"
"Assets\GameObject\hit laser.prefab",".prefab","7120","14/07/2026 19:55:37"
"Assets\GameObject\hit laser.prefab.meta",".meta","144","14/07/2026 19:55:37"
"Assets\GameObject\HitOtherCart.prefab",".prefab","7188","14/07/2026 19:55:37"
"Assets\GameObject\HitOtherCart.prefab.meta",".meta","144","14/07/2026 19:55:37"
"Assets\GameObject\Hog Burners Bronze.prefab",".prefab","1709","14/07/2026 19:55:38"
"Assets\GameObject\Hog Burners Bronze.prefab.meta",".meta","144","14/07/2026 19:55:38"
"Assets\GameObject\Hog Burners Copper.prefab",".prefab","1709","14/07/2026 19:55:38"
"Assets\GameObject\Hog Burners Copper.prefab.meta",".meta","144","14/07/2026 19:55:38"
"Assets\GameObject\Hog Burners Gold.prefab",".prefab","1707","14/07/2026 19:55:38"
"Assets\GameObject\Hog Burners Gold.prefab.meta",".meta","144","14/07/2026 19:55:38"
"Assets\GameObject\Hog Burners Silver.prefab",".prefab","1709","14/07/2026 19:55:38"
"Assets\GameObject\Hog Burners Silver.prefab.meta",".meta","144","14/07/2026 19:55:38"
"Assets\GameObject\Hog Burners Steel.prefab",".prefab","1706","14/07/2026 19:55:38"
"Assets\GameObject\Hog Burners Steel.prefab.meta",".meta","144","14/07/2026 19:55:38"
"Assets\GameObject\Hogwing Agent P Custom.prefab",".prefab","1975","14/07/2026 19:55:38"
"Assets\GameObject\Hogwing Agent P Custom.prefab.meta",".meta","144","14/07/2026 19:55:38"
"Assets\GameObject\Hogwing Black.prefab",".prefab","1824","14/07/2026 19:55:38"
"Assets\GameObject\Hogwing Black.prefab.meta",".meta","144","14/07/2026 19:55:38"
"Assets\GameObject\Hogwing Blue.prefab",".prefab","1823","14/07/2026 19:55:38"
"Assets\GameObject\Hogwing Blue.prefab.meta",".meta","144","14/07/2026 19:55:38"
"Assets\GameObject\Hogwing Ferb Custom.prefab",".prefab","1969","14/07/2026 19:55:38"
"Assets\GameObject\Hogwing Ferb Custom.prefab.meta",".meta","144","14/07/2026 19:55:38"
"Assets\GameObject\Hogwing Phineas Custom.prefab",".prefab","1981","14/07/2026 19:55:38"
"Assets\GameObject\Hogwing Phineas Custom.prefab.meta",".meta","144","14/07/2026 19:55:38"
"Assets\GameObject\Hogwing Pink.prefab",".prefab","1823","14/07/2026 19:55:38"
"Assets\GameObject\Hogwing Pink.prefab.meta",".meta","144","14/07/2026 19:55:38"
"Assets\GameObject\Hogwing Purple.prefab",".prefab","1825","14/07/2026 19:55:38"
"Assets\GameObject\Hogwing Purple.prefab.meta",".meta","144","14/07/2026 19:55:38"
"Assets\GameObject\Hogwing Red.prefab",".prefab","1820","14/07/2026 19:55:38"
"Assets\GameObject\Hogwing Red.prefab.meta",".meta","144","14/07/2026 19:55:38"
"Assets\GameObject\Hokey Poke.prefab",".prefab","1530","14/07/2026 19:55:38"
"Assets\GameObject\Hokey Poke.prefab.meta",".meta","144","14/07/2026 19:55:38"
"Assets\GameObject\HUD Buy Powerup.prefab",".prefab","45931","14/07/2026 19:55:32"
"Assets\GameObject\HUD Buy Powerup.prefab.meta",".meta","144","14/07/2026 19:55:32"
"Assets\GameObject\HUD Get Powerup.prefab",".prefab","45896","14/07/2026 19:55:32"
"Assets\GameObject\HUD Get Powerup.prefab.meta",".meta","144","14/07/2026 19:55:32"
"Assets\GameObject\In Race Powerup Pickup Boost.prefab",".prefab","1625","14/07/2026 19:55:37"
"Assets\GameObject\In Race Powerup Pickup Boost.prefab.meta",".meta","144","14/07/2026 19:55:37"
"Assets\GameObject\In Race Powerup Pickup Mine.prefab",".prefab","1620","14/07/2026 19:55:37"
"Assets\GameObject\In Race Powerup Pickup Mine.prefab.meta",".meta","144","14/07/2026 19:55:37"
"Assets\GameObject\In Race Powerup Pickup Rocket.prefab",".prefab","1623","14/07/2026 19:55:37"
"Assets\GameObject\In Race Powerup Pickup Rocket.prefab.meta",".meta","144","14/07/2026 19:55:37"
"Assets\GameObject\In Race Powerup Pickup Shield.prefab",".prefab","1626","14/07/2026 19:55:37"
"Assets\GameObject\In Race Powerup Pickup Shield.prefab.meta",".meta","144","14/07/2026 19:55:37"
"Assets\GameObject\Infernos Bronze.prefab",".prefab","1706","14/07/2026 19:55:38"
"Assets\GameObject\Infernos Bronze.prefab.meta",".meta","144","14/07/2026 19:55:38"
"Assets\GameObject\Infernos Copper.prefab",".prefab","1706","14/07/2026 19:55:38"
"Assets\GameObject\Infernos Copper.prefab.meta",".meta","144","14/07/2026 19:55:38"
"Assets\GameObject\Infernos Customized Alpha.prefab",".prefab","1842","14/07/2026 19:55:38"
"Assets\GameObject\Infernos Customized Alpha.prefab.meta",".meta","144","14/07/2026 19:55:38"
"Assets\GameObject\Infernos Customized Beta.prefab",".prefab","1841","14/07/2026 19:55:38"
"Assets\GameObject\Infernos Customized Beta.prefab.meta",".meta","144","14/07/2026 19:55:38"
"Assets\GameObject\Infernos Gold.prefab",".prefab","1704","14/07/2026 19:55:38"
"Assets\GameObject\Infernos Gold.prefab.meta",".meta","144","14/07/2026 19:55:38"
"Assets\GameObject\Infernos Silver.prefab",".prefab","1706","14/07/2026 19:55:38"
"Assets\GameObject\Infernos Silver.prefab.meta",".meta","144","14/07/2026 19:55:38"
"Assets\GameObject\Infernos Steel.prefab",".prefab","1703","14/07/2026 19:55:38"
"Assets\GameObject\Infernos Steel.prefab.meta",".meta","144","14/07/2026 19:55:38"
"Assets\GameObject\Input Blocker Invisible.prefab",".prefab","4256","14/07/2026 19:55:38"
"Assets\GameObject\Input Blocker Invisible.prefab.meta",".meta","144","14/07/2026 19:55:38"
"Assets\GameObject\Kick Butt!.prefab",".prefab","1529","14/07/2026 19:55:38"
"Assets\GameObject\Kick Butt!.prefab.meta",".meta","144","14/07/2026 19:55:38"
"Assets\GameObject\Kick.prefab",".prefab","1876","14/07/2026 19:55:37"
"Assets\GameObject\Kick.prefab.meta",".meta","144","14/07/2026 19:55:37"
"Assets\GameObject\Laser.prefab",".prefab","2885","14/07/2026 19:55:51"
"Assets\GameObject\Laser.prefab.meta",".meta","144","14/07/2026 19:55:51"
"Assets\GameObject\Lifetime In Air x120.prefab",".prefab","1631","14/07/2026 19:55:37"
"Assets\GameObject\Lifetime In Air x120.prefab.meta",".meta","144","14/07/2026 19:55:37"
"Assets\GameObject\Lifetime In Air x300.prefab",".prefab","1624","14/07/2026 19:55:37"
"Assets\GameObject\Lifetime In Air x300.prefab.meta",".meta","144","14/07/2026 19:55:37"
"Assets\GameObject\Lifetime In Air x60.prefab",".prefab","1628","14/07/2026 19:55:37"
"Assets\GameObject\Lifetime In Air x60.prefab.meta",".meta","144","14/07/2026 19:55:37"
"Assets\GameObject\Lifetime Mine Opponent x100.prefab",".prefab","1646","14/07/2026 19:55:37"
"Assets\GameObject\Lifetime Mine Opponent x100.prefab.meta",".meta","144","14/07/2026 19:55:37"
"Assets\GameObject\Lifetime Mine Opponent x20.prefab",".prefab","1635","14/07/2026 19:55:37"
"Assets\GameObject\Lifetime Mine Opponent x20.prefab.meta",".meta","144","14/07/2026 19:55:37"
"Assets\GameObject\Lifetime Mine Opponent x50.prefab",".prefab","1635","14/07/2026 19:55:37"
"Assets\GameObject\Lifetime Mine Opponent x50.prefab.meta",".meta","144","14/07/2026 19:55:37"
"Assets\GameObject\Lifetime Powerup Collection x100.prefab",".prefab","1651","14/07/2026 19:55:37"
"Assets\GameObject\Lifetime Powerup Collection x100.prefab.meta",".meta","144","14/07/2026 19:55:37"
"Assets\GameObject\Lifetime Powerup Collection x20.prefab",".prefab","1639","14/07/2026 19:55:37"
"Assets\GameObject\Lifetime Powerup Collection x20.prefab.meta",".meta","144","14/07/2026 19:55:37"
"Assets\GameObject\Lifetime Powerup Collection x50.prefab",".prefab","1644","14/07/2026 19:55:37"
"Assets\GameObject\Lifetime Powerup Collection x50.prefab.meta",".meta","144","14/07/2026 19:55:37"
"Assets\GameObject\Lifetime Powerup Purchase x100.prefab",".prefab","1648","14/07/2026 19:55:37"
"Assets\GameObject\Lifetime Powerup Purchase x100.prefab.meta",".meta","144","14/07/2026 19:55:37"
"Assets\GameObject\Lifetime Powerup Purchase x20.prefab",".prefab","1643","14/07/2026 19:55:37"
"Assets\GameObject\Lifetime Powerup Purchase x20.prefab.meta",".meta","144","14/07/2026 19:55:37"
"Assets\GameObject\Lifetime Powerup Purchase x50.prefab",".prefab","1643","14/07/2026 19:55:37"
"Assets\GameObject\Lifetime Powerup Purchase x50.prefab.meta",".meta","144","14/07/2026 19:55:37"
"Assets\GameObject\Lifetime Rocket Opponent x100.prefab",".prefab","1655","14/07/2026 19:55:37"
"Assets\GameObject\Lifetime Rocket Opponent x100.prefab.meta",".meta","144","14/07/2026 19:55:37"
"Assets\GameObject\Lifetime Rocket Opponent x20.prefab",".prefab","1644","14/07/2026 19:55:37"
"Assets\GameObject\Lifetime Rocket Opponent x20.prefab.meta",".meta","144","14/07/2026 19:55:37"
"Assets\GameObject\Lifetime Rocket Opponent x50.prefab",".prefab","1646","14/07/2026 19:55:37"
"Assets\GameObject\Lifetime Rocket Opponent x50.prefab.meta",".meta","144","14/07/2026 19:55:37"
"Assets\GameObject\Lil Kart No Paint.prefab",".prefab","1824","14/07/2026 19:55:37"
"Assets\GameObject\Lil Kart No Paint.prefab.meta",".meta","144","14/07/2026 19:55:37"
"Assets\GameObject\Lil Kart Red.prefab",".prefab","1811","14/07/2026 19:55:37"
"Assets\GameObject\Lil Kart Red.prefab.meta",".meta","144","14/07/2026 19:55:37"
"Assets\GameObject\Lil Spoiler Black.prefab",".prefab","1702","14/07/2026 19:55:38"
"Assets\GameObject\Lil Spoiler Black.prefab.meta",".meta","144","14/07/2026 19:55:38"
"Assets\GameObject\Lil Spoiler Blue.prefab",".prefab","1701","14/07/2026 19:55:38"
"Assets\GameObject\Lil Spoiler Blue.prefab.meta",".meta","144","14/07/2026 19:55:38"
"Assets\GameObject\Lil Spoiler Gunther Custom.prefab",".prefab","1858","14/07/2026 19:55:38"
"Assets\GameObject\Lil Spoiler Gunther Custom.prefab.meta",".meta","144","14/07/2026 19:55:38"
"Assets\GameObject\Lil Spoiler Kick Custom.prefab",".prefab","1846","14/07/2026 19:55:38"
"Assets\GameObject\Lil Spoiler Kick Custom.prefab.meta",".meta","144","14/07/2026 19:55:38"
"Assets\GameObject\Lil Spoiler Pink.prefab",".prefab","1701","14/07/2026 19:55:38"
"Assets\GameObject\Lil Spoiler Pink.prefab.meta",".meta","144","14/07/2026 19:55:38"
"Assets\GameObject\Lil Spoiler Purple.prefab",".prefab","1703","14/07/2026 19:55:38"
"Assets\GameObject\Lil Spoiler Purple.prefab.meta",".meta","144","14/07/2026 19:55:38"
"Assets\GameObject\Lil Spoiler Red.prefab",".prefab","1698","14/07/2026 19:55:38"
"Assets\GameObject\Lil Spoiler Red.prefab.meta",".meta","144","14/07/2026 19:55:38"
"Assets\GameObject\Lil' Scoop Bronze.prefab",".prefab","1696","14/07/2026 19:55:38"
"Assets\GameObject\Lil' Scoop Bronze.prefab.meta",".meta","144","14/07/2026 19:55:38"
"Assets\GameObject\Lil' Scoop Copper.prefab",".prefab","1696","14/07/2026 19:55:38"
"Assets\GameObject\Lil' Scoop Copper.prefab.meta",".meta","144","14/07/2026 19:55:38"
"Assets\GameObject\Lil' Scoop Gold.prefab",".prefab","1694","14/07/2026 19:55:38"
"Assets\GameObject\Lil' Scoop Gold.prefab.meta",".meta","144","14/07/2026 19:55:38"
"Assets\GameObject\Lil' Scoop Silver.prefab",".prefab","1696","14/07/2026 19:55:38"
"Assets\GameObject\Lil' Scoop Silver.prefab.meta",".meta","144","14/07/2026 19:55:38"
"Assets\GameObject\Lil' Scoop Steel.prefab",".prefab","1693","14/07/2026 19:55:38"
"Assets\GameObject\Lil' Scoop Steel.prefab.meta",".meta","144","14/07/2026 19:55:38"
"Assets\GameObject\Lil' Thrusties Bronze.prefab",".prefab","1712","14/07/2026 19:55:38"
"Assets\GameObject\Lil' Thrusties Bronze.prefab.meta",".meta","144","14/07/2026 19:55:38"
"Assets\GameObject\Lil' Thrusties Copper.prefab",".prefab","1712","14/07/2026 19:55:38"
"Assets\GameObject\Lil' Thrusties Copper.prefab.meta",".meta","144","14/07/2026 19:55:38"
"Assets\GameObject\Lil' Thrusties Gold.prefab",".prefab","1710","14/07/2026 19:55:38"
"Assets\GameObject\Lil' Thrusties Gold.prefab.meta",".meta","144","14/07/2026 19:55:38"
"Assets\GameObject\Lil' Thrusties Silver.prefab",".prefab","1712","14/07/2026 19:55:38"
"Assets\GameObject\Lil' Thrusties Silver.prefab.meta",".meta","144","14/07/2026 19:55:38"
"Assets\GameObject\Lil' Thrusties Steel.prefab",".prefab","1709","14/07/2026 19:55:38"
"Assets\GameObject\Lil' Thrusties Steel.prefab.meta",".meta","144","14/07/2026 19:55:38"
"Assets\GameObject\LoadingWheel.prefab",".prefab","4967","14/07/2026 19:55:38"
"Assets\GameObject\LoadingWheel.prefab.meta",".meta","144","14/07/2026 19:55:38"
"Assets\GameObject\Mabel.prefab",".prefab","1883","14/07/2026 19:55:37"
"Assets\GameObject\Mabel.prefab.meta",".meta","144","14/07/2026 19:55:37"
"Assets\GameObject\Magnet Shield.prefab",".prefab","6264","14/07/2026 19:55:37"
"Assets\GameObject\Magnet Shield.prefab.meta",".meta","144","14/07/2026 19:55:37"
"Assets\GameObject\Make Place Fish 1 Easy.prefab",".prefab","1685","14/07/2026 19:55:37"
"Assets\GameObject\Make Place Fish 1 Easy.prefab.meta",".meta","144","14/07/2026 19:55:37"
"Assets\GameObject\Make Place Fish 1 Hard.prefab",".prefab","1685","14/07/2026 19:55:37"
"Assets\GameObject\Make Place Fish 1 Hard.prefab.meta",".meta","144","14/07/2026 19:55:37"
"Assets\GameObject\Make Place Fish 1 Medium.prefab",".prefab","1692","14/07/2026 19:55:37"
"Assets\GameObject\Make Place Fish 1 Medium.prefab.meta",".meta","144","14/07/2026 19:55:37"
"Assets\GameObject\Make Place Fish 1 Ultra Hard.prefab",".prefab","1701","14/07/2026 19:55:37"
"Assets\GameObject\Make Place Fish 1 Ultra Hard.prefab.meta",".meta","144","14/07/2026 19:55:37"
"Assets\GameObject\Make Place Fish 2 Easy.prefab",".prefab","1676","14/07/2026 19:55:37"
"Assets\GameObject\Make Place Fish 2 Easy.prefab.meta",".meta","144","14/07/2026 19:55:37"
"Assets\GameObject\Make Place Fish 2 Hard.prefab",".prefab","1676","14/07/2026 19:55:37"
"Assets\GameObject\Make Place Fish 2 Hard.prefab.meta",".meta","144","14/07/2026 19:55:37"
"Assets\GameObject\Make Place Fish 2 Medium.prefab",".prefab","1682","14/07/2026 19:55:37"
"Assets\GameObject\Make Place Fish 2 Medium.prefab.meta",".meta","144","14/07/2026 19:55:37"
"Assets\GameObject\Make Place Fish 2 Ultra.prefab",".prefab","1685","14/07/2026 19:55:37"
"Assets\GameObject\Make Place Fish 2 Ultra.prefab.meta",".meta","144","14/07/2026 19:55:37"
"Assets\GameObject\Make Place Fish 3 Easy.prefab",".prefab","1683","14/07/2026 19:55:37"
"Assets\GameObject\Make Place Fish 3 Easy.prefab.meta",".meta","144","14/07/2026 19:55:37"
"Assets\GameObject\Make Place Fish 3 Hard.prefab",".prefab","1683","14/07/2026 19:55:37"
"Assets\GameObject\Make Place Fish 3 Hard.prefab.meta",".meta","144","14/07/2026 19:55:37"
"Assets\GameObject\Make Place Fish 3 Medium.prefab",".prefab","1689","14/07/2026 19:55:37"
"Assets\GameObject\Make Place Fish 3 Medium.prefab.meta",".meta","144","14/07/2026 19:55:37"
"Assets\GameObject\Make Place Fish 3 Ultra Hard.prefab",".prefab","1697","14/07/2026 19:55:37"
"Assets\GameObject\Make Place Fish 3 Ultra Hard.prefab.meta",".meta","144","14/07/2026 19:55:37"
"Assets\GameObject\Make Place Kick 1 Easy.prefab",".prefab","1684","14/07/2026 19:55:37"
"Assets\GameObject\Make Place Kick 1 Easy.prefab.meta",".meta","144","14/07/2026 19:55:37"
"Assets\GameObject\Make Place Kick 1 Hard.prefab",".prefab","1684","14/07/2026 19:55:37"
"Assets\GameObject\Make Place Kick 1 Hard.prefab.meta",".meta","144","14/07/2026 19:55:37"
"Assets\GameObject\Make Place Kick 1 Medium.prefab",".prefab","1690","14/07/2026 19:55:37"
"Assets\GameObject\Make Place Kick 1 Medium.prefab.meta",".meta","144","14/07/2026 19:55:37"
"Assets\GameObject\Make Place Kick 1 Ultra Hard.prefab",".prefab","1700","14/07/2026 19:55:37"
"Assets\GameObject\Make Place Kick 1 Ultra Hard.prefab.meta",".meta","144","14/07/2026 19:55:37"
"Assets\GameObject\Make Place Kick 2 Easy.prefab",".prefab","1673","14/07/2026 19:55:37"
"Assets\GameObject\Make Place Kick 2 Easy.prefab.meta",".meta","144","14/07/2026 19:55:37"
"Assets\GameObject\Make Place Kick 2 Hard.prefab",".prefab","1673","14/07/2026 19:55:37"
"Assets\GameObject\Make Place Kick 2 Hard.prefab.meta",".meta","144","14/07/2026 19:55:37"
"Assets\GameObject\Make Place Kick 2 Medium.prefab",".prefab","1679","14/07/2026 19:55:37"
"Assets\GameObject\Make Place Kick 2 Medium.prefab.meta",".meta","144","14/07/2026 19:55:37"
"Assets\GameObject\Make Place Kick 2 Ultra Hard.prefab",".prefab","1687","14/07/2026 19:55:37"
"Assets\GameObject\Make Place Kick 2 Ultra Hard.prefab.meta",".meta","144","14/07/2026 19:55:37"
"Assets\GameObject\Make Place Kick 3 Easy.prefab",".prefab","1689","14/07/2026 19:55:37"
"Assets\GameObject\Make Place Kick 3 Easy.prefab.meta",".meta","144","14/07/2026 19:55:37"
"Assets\GameObject\Make Place Kick 3 Hard.prefab",".prefab","1689","14/07/2026 19:55:37"
"Assets\GameObject\Make Place Kick 3 Hard.prefab.meta",".meta","144","14/07/2026 19:55:37"
"Assets\GameObject\Make Place Kick 3 Medium.prefab",".prefab","1695","14/07/2026 19:55:37"
"Assets\GameObject\Make Place Kick 3 Medium.prefab.meta",".meta","144","14/07/2026 19:55:37"
"Assets\GameObject\Make Place Kick 3 Ultra Hard.prefab",".prefab","1703","14/07/2026 19:55:37"
"Assets\GameObject\Make Place Kick 3 Ultra Hard.prefab.meta",".meta","144","14/07/2026 19:55:37"
"Assets\GameObject\Make Place Phineas 1 Easy.prefab",".prefab","1682","14/07/2026 19:55:37"
"Assets\GameObject\Make Place Phineas 1 Easy.prefab.meta",".meta","144","14/07/2026 19:55:37"
"Assets\GameObject\Make Place Phineas 1 Hard.prefab",".prefab","1682","14/07/2026 19:55:37"
"Assets\GameObject\Make Place Phineas 1 Hard.prefab.meta",".meta","144","14/07/2026 19:55:37"
"Assets\GameObject\Make Place Phineas 1 Medium.prefab",".prefab","1688","14/07/2026 19:55:37"
"Assets\GameObject\Make Place Phineas 1 Medium.prefab.meta",".meta","144","14/07/2026 19:55:37"
"Assets\GameObject\Make Place Phineas 1 Ultra Hard.prefab",".prefab","1696","14/07/2026 19:55:37"
"Assets\GameObject\Make Place Phineas 1 Ultra Hard.prefab.meta",".meta","144","14/07/2026 19:55:37"
"Assets\GameObject\Make Place Phineas 2 Easy.prefab",".prefab","1680","14/07/2026 19:55:37"
"Assets\GameObject\Make Place Phineas 2 Easy.prefab.meta",".meta","144","14/07/2026 19:55:37"
"Assets\GameObject\Make Place Phineas 2 Hard.prefab",".prefab","1693","14/07/2026 19:55:37"
"Assets\GameObject\Make Place Phineas 2 Hard.prefab.meta",".meta","144","14/07/2026 19:55:37"
"Assets\GameObject\Make Place Phineas 2 Medium.prefab",".prefab","1686","14/07/2026 19:55:37"
"Assets\GameObject\Make Place Phineas 2 Medium.prefab.meta",".meta","144","14/07/2026 19:55:37"
"Assets\GameObject\Make Place Phineas 2 Ultra Hard.prefab",".prefab","1694","14/07/2026 19:55:37"
"Assets\GameObject\Make Place Phineas 2 Ultra Hard.prefab.meta",".meta","144","14/07/2026 19:55:37"
"Assets\GameObject\Make Place Phineas 3 Easy.prefab",".prefab","1691","14/07/2026 19:55:37"
"Assets\GameObject\Make Place Phineas 3 Easy.prefab.meta",".meta","144","14/07/2026 19:55:37"
"Assets\GameObject\Make Place Phineas 3 Hard.prefab",".prefab","1691","14/07/2026 19:55:37"
"Assets\GameObject\Make Place Phineas 3 Hard.prefab.meta",".meta","144","14/07/2026 19:55:37"
"Assets\GameObject\Make Place Phineas 3 Medium.prefab",".prefab","1697","14/07/2026 19:55:37"
"Assets\GameObject\Make Place Phineas 3 Medium.prefab.meta",".meta","144","14/07/2026 19:55:37"
"Assets\GameObject\Make Place Phineas 3 Ultra Hard.prefab",".prefab","1705","14/07/2026 19:55:37"
"Assets\GameObject\Make Place Phineas 3 Ultra Hard.prefab.meta",".meta","144","14/07/2026 19:55:37"
"Assets\GameObject\Meta Finish All First Places.prefab",".prefab","2280","14/07/2026 19:55:37"
"Assets\GameObject\Meta Finish All First Places.prefab.meta",".meta","144","14/07/2026 19:55:37"
"Assets\GameObject\Meta Finish Master Circuit.prefab",".prefab","1895","14/07/2026 19:55:37"
"Assets\GameObject\Meta Finish Master Circuit.prefab.meta",".meta","144","14/07/2026 19:55:37"
"Assets\GameObject\Meta Finish Newbie Circuit.prefab",".prefab","1954","14/07/2026 19:55:37"
"Assets\GameObject\Meta Finish Newbie Circuit.prefab.meta",".meta","144","14/07/2026 19:55:37"
"Assets\GameObject\Meta Finish Pro Circuit.prefab",".prefab","1947","14/07/2026 19:55:37"
"Assets\GameObject\Meta Finish Pro Circuit.prefab.meta",".meta","144","14/07/2026 19:55:37"
"Assets\GameObject\Mike.prefab",".prefab","1879","14/07/2026 19:55:37"
"Assets\GameObject\Mike.prefab.meta",".meta","144","14/07/2026 19:55:37"
"Assets\GameObject\Milo.prefab",".prefab","1876","14/07/2026 19:55:37"
"Assets\GameObject\Milo.prefab.meta",".meta","144","14/07/2026 19:55:37"
"Assets\GameObject\Mine Notify.prefab",".prefab","9284","14/07/2026 19:55:32"
"Assets\GameObject\Mine Notify.prefab.meta",".meta","144","14/07/2026 19:55:32"
"Assets\GameObject\Mine Pickup.prefab",".prefab","10411","14/07/2026 19:55:32"
"Assets\GameObject\Mine Pickup.prefab.meta",".meta","144","14/07/2026 19:55:32"
"Assets\GameObject\Mine.prefab",".prefab","5306","14/07/2026 19:55:51"
"Assets\GameObject\Mine.prefab.meta",".meta","144","14/07/2026 19:55:51"
"Assets\GameObject\MineSpreader.prefab",".prefab","10359","14/07/2026 19:55:51"
"Assets\GameObject\MineSpreader.prefab.meta",".meta","144","14/07/2026 19:55:51"
"Assets\GameObject\Nav Blip - Locked.prefab",".prefab","2330","14/07/2026 19:55:38"
"Assets\GameObject\Nav Blip - Locked.prefab.meta",".meta","144","14/07/2026 19:55:38"
"Assets\GameObject\Nav Blip - Owned.prefab",".prefab","2329","14/07/2026 19:55:38"
"Assets\GameObject\Nav Blip - Owned.prefab.meta",".meta","144","14/07/2026 19:55:38"
"Assets\GameObject\No Scoop Paint.prefab",".prefab","1511","14/07/2026 19:55:38"
"Assets\GameObject\No Scoop Paint.prefab.meta",".meta","144","14/07/2026 19:55:38"
"Assets\GameObject\No Scoop.prefab",".prefab","1912","14/07/2026 19:55:38"
"Assets\GameObject\No Scoop.prefab.meta",".meta","144","14/07/2026 19:55:38"
"Assets\GameObject\No Spoiler Paint.prefab",".prefab","1513","14/07/2026 19:55:38"
"Assets\GameObject\No Spoiler Paint.prefab.meta",".meta","144","14/07/2026 19:55:38"
"Assets\GameObject\No Spoiler.prefab",".prefab","1916","14/07/2026 19:55:38"
"Assets\GameObject\No Spoiler.prefab.meta",".meta","144","14/07/2026 19:55:38"
"Assets\GameObject\No Thruster Paint.prefab",".prefab","1514","14/07/2026 19:55:38"
"Assets\GameObject\No Thruster Paint.prefab.meta",".meta","144","14/07/2026 19:55:38"
"Assets\GameObject\No Thrusters.prefab",".prefab","1920","14/07/2026 19:55:38"
"Assets\GameObject\No Thrusters.prefab.meta",".meta","144","14/07/2026 19:55:38"
"Assets\GameObject\Oscar.prefab",".prefab","1883","14/07/2026 19:55:37"
"Assets\GameObject\Oscar.prefab.meta",".meta","144","14/07/2026 19:55:37"
"Assets\GameObject\Paint Slot.prefab",".prefab","10320","14/07/2026 19:55:38"
"Assets\GameObject\Paint Slot.prefab.meta",".meta","144","14/07/2026 19:55:38"
"Assets\GameObject\ParticleLibrary.prefab",".prefab","3536","14/07/2026 19:55:37"
"Assets\GameObject\ParticleLibrary.prefab.meta",".meta","144","14/07/2026 19:55:37"
"Assets\GameObject\PauseScreen.prefab",".prefab","94060","14/07/2026 19:55:32"
"Assets\GameObject\PauseScreen.prefab.meta",".meta","144","14/07/2026 19:55:32"
"Assets\GameObject\Phineas.prefab",".prefab","1888","14/07/2026 19:55:37"
"Assets\GameObject\Phineas.prefab.meta",".meta","144","14/07/2026 19:55:37"
"Assets\GameObject\Pick Up Coin.prefab",".prefab","6701","14/07/2026 19:55:37"
"Assets\GameObject\Pick Up Coin.prefab.meta",".meta","144","14/07/2026 19:55:37"
"Assets\GameObject\Pick Up Powerup.prefab",".prefab","6713","14/07/2026 19:55:38"
"Assets\GameObject\Pick Up Powerup.prefab.meta",".meta","144","14/07/2026 19:55:38"
"Assets\GameObject\Pie Splat.prefab",".prefab","5962","14/07/2026 19:55:38"
"Assets\GameObject\Pie Splat.prefab.meta",".meta","144","14/07/2026 19:55:38"
"Assets\GameObject\Pie.prefab",".prefab","24865","14/07/2026 19:55:41"
"Assets\GameObject\Pie.prefab.meta",".meta","144","14/07/2026 19:55:41"
"Assets\GameObject\Place wth No powerups.prefab",".prefab","1667","14/07/2026 19:55:37"
"Assets\GameObject\Place wth No powerups.prefab.meta",".meta","144","14/07/2026 19:55:37"
"Assets\GameObject\Player Blip.prefab",".prefab","2353","14/07/2026 19:55:32"
"Assets\GameObject\Player Blip.prefab.meta",".meta","144","14/07/2026 19:55:32"
"Assets\GameObject\PlayMenu.prefab",".prefab","36975","14/07/2026 19:55:38"
"Assets\GameObject\PlayMenu.prefab.meta",".meta","144","14/07/2026 19:55:38"
"Assets\GameObject\PlaySummaryMenu.prefab",".prefab","57696","14/07/2026 19:55:38"
"Assets\GameObject\PlaySummaryMenu.prefab.meta",".meta","144","14/07/2026 19:55:38"
"Assets\GameObject\Poof.prefab",".prefab","9973","14/07/2026 19:55:37"
"Assets\GameObject\Poof.prefab.meta",".meta","144","14/07/2026 19:55:37"
"Assets\GameObject\Popover Dialog.prefab",".prefab","14166","14/07/2026 19:55:38"
"Assets\GameObject\Popover Dialog.prefab.meta",".meta","144","14/07/2026 19:55:38"
"Assets\GameObject\Popover.prefab",".prefab","9950","14/07/2026 19:55:38"
"Assets\GameObject\Popover.prefab.meta",".meta","144","14/07/2026 19:55:38"
"Assets\GameObject\PowerSlide Boost x5.prefab",".prefab","1591","14/07/2026 19:55:37"
"Assets\GameObject\PowerSlide Boost x5.prefab.meta",".meta","144","14/07/2026 19:55:37"
"Assets\GameObject\PowerUpDisplay Boost.prefab",".prefab","2336","14/07/2026 19:55:32"
"Assets\GameObject\PowerUpDisplay Boost.prefab.meta",".meta","144","14/07/2026 19:55:32"
"Assets\GameObject\PowerUpDisplay Mine.prefab",".prefab","2335","14/07/2026 19:55:32"
"Assets\GameObject\PowerUpDisplay Mine.prefab.meta",".meta","144","14/07/2026 19:55:32"
"Assets\GameObject\PowerUpDisplay Rocket.prefab",".prefab","2337","14/07/2026 19:55:32"
"Assets\GameObject\PowerUpDisplay Rocket.prefab.meta",".meta","144","14/07/2026 19:55:32"
"Assets\GameObject\PowerUpDisplay Shield.prefab",".prefab","2337","14/07/2026 19:55:32"
"Assets\GameObject\PowerUpDisplay Shield.prefab.meta",".meta","144","14/07/2026 19:55:32"
"Assets\GameObject\Pranksgiving.prefab",".prefab","1533","14/07/2026 19:55:38"
"Assets\GameObject\Pranksgiving.prefab.meta",".meta","144","14/07/2026 19:55:38"
"Assets\GameObject\Purchase Indicator.prefab",".prefab","14716","14/07/2026 19:55:38"
"Assets\GameObject\Purchase Indicator.prefab.meta",".meta","144","14/07/2026 19:55:38"
"Assets\GameObject\Purchase Notification Popup.prefab",".prefab","25010","14/07/2026 19:55:38"
"Assets\GameObject\Purchase Notification Popup.prefab.meta",".meta","144","14/07/2026 19:55:38"
"Assets\GameObject\Pyrotechnics particles.prefab",".prefab","9693","14/07/2026 19:55:37"
"Assets\GameObject\Pyrotechnics particles.prefab.meta",".meta","144","14/07/2026 19:55:37"
"Assets\GameObject\RandomShot.prefab",".prefab","3070","14/07/2026 19:55:51"
"Assets\GameObject\RandomShot.prefab.meta",".meta","144","14/07/2026 19:55:51"
"Assets\GameObject\Randy.prefab",".prefab","1883","14/07/2026 19:55:37"
"Assets\GameObject\Randy.prefab.meta",".meta","144","14/07/2026 19:55:37"
"Assets\GameObject\Rewind Dialog.prefab",".prefab","43753","14/07/2026 19:55:32"
"Assets\GameObject\Rewind Dialog.prefab.meta",".meta","144","14/07/2026 19:55:32"
"Assets\GameObject\Rocket Pickup.prefab",".prefab","11431","14/07/2026 19:55:32"
"Assets\GameObject\Rocket Pickup.prefab.meta",".meta","144","14/07/2026 19:55:32"
"Assets\GameObject\Rocket.prefab",".prefab","10630","14/07/2026 19:55:51"
"Assets\GameObject\Rocket.prefab.meta",".meta","144","14/07/2026 19:55:51"
"Assets\GameObject\RocketFire.prefab",".prefab","6742","14/07/2026 19:55:37"
"Assets\GameObject\RocketFire.prefab.meta",".meta","144","14/07/2026 19:55:37"
"Assets\GameObject\Scoop-inator Bronze.prefab",".prefab","1820","14/07/2026 19:55:38"
"Assets\GameObject\Scoop-inator Bronze.prefab.meta",".meta","144","14/07/2026 19:55:38"
"Assets\GameObject\Scoop-inator Copper.prefab",".prefab","1820","14/07/2026 19:55:38"
"Assets\GameObject\Scoop-inator Copper.prefab.meta",".meta","144","14/07/2026 19:55:38"
"Assets\GameObject\Scoop-inator Gold.prefab",".prefab","1818","14/07/2026 19:55:38"
"Assets\GameObject\Scoop-inator Gold.prefab.meta",".meta","144","14/07/2026 19:55:38"
"Assets\GameObject\Scoop-inator Silver.prefab",".prefab","1820","14/07/2026 19:55:38"
"Assets\GameObject\Scoop-inator Silver.prefab.meta",".meta","144","14/07/2026 19:55:38"
"Assets\GameObject\Scoop-inator Steel.prefab",".prefab","1817","14/07/2026 19:55:38"
"Assets\GameObject\Scoop-inator Steel.prefab.meta",".meta","144","14/07/2026 19:55:38"
"Assets\GameObject\Scorchin' Thrusters Bronze.prefab",".prefab","1717","14/07/2026 19:55:38"
"Assets\GameObject\Scorchin' Thrusters Bronze.prefab.meta",".meta","144","14/07/2026 19:55:38"
"Assets\GameObject\Scorchin' Thrusters Copper.prefab",".prefab","1717","14/07/2026 19:55:38"
"Assets\GameObject\Scorchin' Thrusters Copper.prefab.meta",".meta","144","14/07/2026 19:55:38"
"Assets\GameObject\Scorchin' Thrusters Gold.prefab",".prefab","1715","14/07/2026 19:55:38"
"Assets\GameObject\Scorchin' Thrusters Gold.prefab.meta",".meta","144","14/07/2026 19:55:38"
"Assets\GameObject\Scorchin' Thrusters Silver.prefab",".prefab","1717","14/07/2026 19:55:38"
"Assets\GameObject\Scorchin' Thrusters Silver.prefab.meta",".meta","144","14/07/2026 19:55:38"
"Assets\GameObject\Scorchin' Thrusters Steel.prefab",".prefab","1714","14/07/2026 19:55:38"
"Assets\GameObject\Scorchin' Thrusters Steel.prefab.meta",".meta","144","14/07/2026 19:55:38"
"Assets\GameObject\Select Circuit Menu.prefab",".prefab","108127","14/07/2026 19:55:38"
"Assets\GameObject\Select Circuit Menu.prefab.meta",".meta","144","14/07/2026 19:55:38"
"Assets\GameObject\Select Track Menu.prefab",".prefab","273762","14/07/2026 19:55:38"
"Assets\GameObject\Select Track Menu.prefab.meta",".meta","144","14/07/2026 19:55:38"
"Assets\GameObject\SettingsMenu.prefab",".prefab","93469","14/07/2026 19:55:38"
"Assets\GameObject\SettingsMenu.prefab.meta",".meta","144","14/07/2026 19:55:38"
"Assets\GameObject\Shadow Blob.prefab",".prefab","1905","14/07/2026 19:55:51"
"Assets\GameObject\Shadow Blob.prefab.meta",".meta","144","14/07/2026 19:55:51"
"Assets\GameObject\Shield Double.prefab",".prefab","6322","14/07/2026 19:55:37"
"Assets\GameObject\Shield Double.prefab.meta",".meta","144","14/07/2026 19:55:37"
"Assets\GameObject\Shield.prefab",".prefab","3320","14/07/2026 19:55:37"
"Assets\GameObject\Shield.prefab.meta",".meta","144","14/07/2026 19:55:37"
"Assets\GameObject\ShieldPickup.prefab",".prefab","11429","14/07/2026 19:55:32"
"Assets\GameObject\ShieldPickup.prefab.meta",".meta","144","14/07/2026 19:55:32"
"Assets\GameObject\ShockedEngine.prefab",".prefab","9153","14/07/2026 19:55:37"
"Assets\GameObject\ShockedEngine.prefab.meta",".meta","144","14/07/2026 19:55:37"
"Assets\GameObject\SoundLibrary.prefab",".prefab","4743","14/07/2026 19:55:38"
"Assets\GameObject\SoundLibrary.prefab.meta",".meta","144","14/07/2026 19:55:38"
"Assets\GameObject\Speedster Black.prefab",".prefab","1814","14/07/2026 19:55:37"
"Assets\GameObject\Speedster Black.prefab.meta",".meta","144","14/07/2026 19:55:37"
"Assets\GameObject\Speedster Blue.prefab",".prefab","1813","14/07/2026 19:55:37"
"Assets\GameObject\Speedster Blue.prefab.meta",".meta","144","14/07/2026 19:55:37"
"Assets\GameObject\Speedster Gunther Custom.prefab",".prefab","1969","14/07/2026 19:55:37"
"Assets\GameObject\Speedster Gunther Custom.prefab.meta",".meta","144","14/07/2026 19:55:37"
"Assets\GameObject\Speedster Kick Custom.prefab",".prefab","1957","14/07/2026 19:55:37"
"Assets\GameObject\Speedster Kick Custom.prefab.meta",".meta","144","14/07/2026 19:55:37"
"Assets\GameObject\Speedster Pink.prefab",".prefab","1813","14/07/2026 19:55:37"
"Assets\GameObject\Speedster Pink.prefab.meta",".meta","144","14/07/2026 19:55:37"
"Assets\GameObject\Speedster Purple.prefab",".prefab","1815","14/07/2026 19:55:37"
"Assets\GameObject\Speedster Purple.prefab.meta",".meta","144","14/07/2026 19:55:37"
"Assets\GameObject\Speedster Red.prefab",".prefab","1810","14/07/2026 19:55:37"
"Assets\GameObject\Speedster Red.prefab.meta",".meta","144","14/07/2026 19:55:37"
"Assets\GameObject\Speedy Scoop Bronze.prefab",".prefab","1698","14/07/2026 19:55:38"
"Assets\GameObject\Speedy Scoop Bronze.prefab.meta",".meta","144","14/07/2026 19:55:38"
"Assets\GameObject\Speedy Scoop Copper.prefab",".prefab","1698","14/07/2026 19:55:38"
"Assets\GameObject\Speedy Scoop Copper.prefab.meta",".meta","144","14/07/2026 19:55:38"
"Assets\GameObject\Speedy Scoop Gold.prefab",".prefab","1696","14/07/2026 19:55:38"
"Assets\GameObject\Speedy Scoop Gold.prefab.meta",".meta","144","14/07/2026 19:55:38"
"Assets\GameObject\Speedy Scoop Silver.prefab",".prefab","1698","14/07/2026 19:55:38"
"Assets\GameObject\Speedy Scoop Silver.prefab.meta",".meta","144","14/07/2026 19:55:38"
"Assets\GameObject\Speedy Scoop Steel.prefab",".prefab","1695","14/07/2026 19:55:38"
"Assets\GameObject\Speedy Scoop Steel.prefab.meta",".meta","144","14/07/2026 19:55:38"
"Assets\GameObject\Speedy Spoiler Bea Custom.prefab",".prefab","1846","14/07/2026 19:55:38"
"Assets\GameObject\Speedy Spoiler Bea Custom.prefab.meta",".meta","144","14/07/2026 19:55:38"
"Assets\GameObject\Speedy Spoiler Black.prefab",".prefab","1705","14/07/2026 19:55:38"
"Assets\GameObject\Speedy Spoiler Black.prefab.meta",".meta","144","14/07/2026 19:55:38"
"Assets\GameObject\Speedy Spoiler Blue.prefab",".prefab","1704","14/07/2026 19:55:38"
"Assets\GameObject\Speedy Spoiler Blue.prefab.meta",".meta","144","14/07/2026 19:55:38"
"Assets\GameObject\Speedy Spoiler Milo Custom.prefab",".prefab","1850","14/07/2026 19:55:38"
"Assets\GameObject\Speedy Spoiler Milo Custom.prefab.meta",".meta","144","14/07/2026 19:55:38"
"Assets\GameObject\Speedy Spoiler Oscar Custom.prefab",".prefab","1854","14/07/2026 19:55:38"
"Assets\GameObject\Speedy Spoiler Oscar Custom.prefab.meta",".meta","144","14/07/2026 19:55:38"
"Assets\GameObject\Speedy Spoiler Pink.prefab",".prefab","1704","14/07/2026 19:55:38"
"Assets\GameObject\Speedy Spoiler Pink.prefab.meta",".meta","144","14/07/2026 19:55:38"
"Assets\GameObject\Speedy Spoiler Purple.prefab",".prefab","1706","14/07/2026 19:55:38"
"Assets\GameObject\Speedy Spoiler Purple.prefab.meta",".meta","144","14/07/2026 19:55:38"
"Assets\GameObject\Speedy Spoiler Red.prefab",".prefab","1701","14/07/2026 19:55:38"
"Assets\GameObject\Speedy Spoiler Red.prefab.meta",".meta","144","14/07/2026 19:55:38"
"Assets\GameObject\Spend Lifetime Coins x1000.prefab",".prefab","1626","14/07/2026 19:55:37"
"Assets\GameObject\Spend Lifetime Coins x1000.prefab.meta",".meta","144","14/07/2026 19:55:37"
"Assets\GameObject\Spend Lifetime Coins x10000.prefab",".prefab","1628","14/07/2026 19:55:37"
"Assets\GameObject\Spend Lifetime Coins x10000.prefab.meta",".meta","144","14/07/2026 19:55:37"
"Assets\GameObject\Spend Lifetime Coins x100000.prefab",".prefab","1633","14/07/2026 19:55:37"
"Assets\GameObject\Spend Lifetime Coins x100000.prefab.meta",".meta","144","14/07/2026 19:55:37"
"Assets\GameObject\Spinout.prefab",".prefab","4466","14/07/2026 19:55:37"
"Assets\GameObject\Spinout.prefab.meta",".meta","144","14/07/2026 19:55:37"
"Assets\GameObject\StoreKitManager.prefab",".prefab","1335","14/07/2026 19:55:38"
"Assets\GameObject\StoreKitManager.prefab.meta",".meta","144","14/07/2026 19:55:38"
"Assets\GameObject\The Beast Agent P Custom.prefab",".prefab","1962","14/07/2026 19:55:37"
"Assets\GameObject\The Beast Agent P Custom.prefab.meta",".meta","144","14/07/2026 19:55:37"
"Assets\GameObject\The Beast Black.prefab",".prefab","1814","14/07/2026 19:55:37"
"Assets\GameObject\The Beast Black.prefab.meta",".meta","144","14/07/2026 19:55:37"
"Assets\GameObject\The Beast Blue.prefab",".prefab","1813","14/07/2026 19:55:37"
"Assets\GameObject\The Beast Blue.prefab.meta",".meta","144","14/07/2026 19:55:37"
"Assets\GameObject\The Beast Bronze.prefab",".prefab","1817","14/07/2026 19:55:38"
"Assets\GameObject\The Beast Bronze.prefab.meta",".meta","144","14/07/2026 19:55:38"
"Assets\GameObject\The Beast Copper.prefab",".prefab","1817","14/07/2026 19:55:38"
"Assets\GameObject\The Beast Copper.prefab.meta",".meta","144","14/07/2026 19:55:38"
"Assets\GameObject\The Beast Ferb Custom.prefab",".prefab","1956","14/07/2026 19:55:37"
"Assets\GameObject\The Beast Ferb Custom.prefab.meta",".meta","144","14/07/2026 19:55:37"
"Assets\GameObject\The Beast Gold.prefab",".prefab","1815","14/07/2026 19:55:38"
"Assets\GameObject\The Beast Gold.prefab.meta",".meta","144","14/07/2026 19:55:38"
"Assets\GameObject\The Beast Phineas Custom.prefab",".prefab","1968","14/07/2026 19:55:37"
"Assets\GameObject\The Beast Phineas Custom.prefab.meta",".meta","144","14/07/2026 19:55:37"
"Assets\GameObject\The Beast Pink.prefab",".prefab","1813","14/07/2026 19:55:37"
"Assets\GameObject\The Beast Pink.prefab.meta",".meta","144","14/07/2026 19:55:37"
"Assets\GameObject\The Beast Purple.prefab",".prefab","1815","14/07/2026 19:55:37"
"Assets\GameObject\The Beast Purple.prefab.meta",".meta","144","14/07/2026 19:55:37"
"Assets\GameObject\The Beast Red.prefab",".prefab","1810","14/07/2026 19:55:37"
"Assets\GameObject\The Beast Red.prefab.meta",".meta","144","14/07/2026 19:55:37"
"Assets\GameObject\The Beast Silver.prefab",".prefab","1817","14/07/2026 19:55:38"
"Assets\GameObject\The Beast Silver.prefab.meta",".meta","144","14/07/2026 19:55:38"
"Assets\GameObject\The Beast Steel.prefab",".prefab","1814","14/07/2026 19:55:38"
"Assets\GameObject\The Beast Steel.prefab.meta",".meta","144","14/07/2026 19:55:38"
"Assets\GameObject\The Hog-inator Black.prefab",".prefab","1819","14/07/2026 19:55:37"
"Assets\GameObject\The Hog-inator Black.prefab.meta",".meta","144","14/07/2026 19:55:37"
"Assets\GameObject\The Hog-inator Blue.prefab",".prefab","1818","14/07/2026 19:55:37"
"Assets\GameObject\The Hog-inator Blue.prefab.meta",".meta","144","14/07/2026 19:55:37"
"Assets\GameObject\The Hog-inator Brad Custom.prefab",".prefab","1961","14/07/2026 19:55:37"
"Assets\GameObject\The Hog-inator Brad Custom.prefab.meta",".meta","144","14/07/2026 19:55:37"
"Assets\GameObject\The Hog-inator Mike Custom.prefab",".prefab","1961","14/07/2026 19:55:37"
"Assets\GameObject\The Hog-inator Mike Custom.prefab.meta",".meta","144","14/07/2026 19:55:37"
"Assets\GameObject\The Hog-inator Pink.prefab",".prefab","1818","14/07/2026 19:55:37"
"Assets\GameObject\The Hog-inator Pink.prefab.meta",".meta","144","14/07/2026 19:55:37"
"Assets\GameObject\The Hog-inator Purple.prefab",".prefab","1820","14/07/2026 19:55:37"
"Assets\GameObject\The Hog-inator Purple.prefab.meta",".meta","144","14/07/2026 19:55:37"
"Assets\GameObject\The Hog-inator Red.prefab",".prefab","1815","14/07/2026 19:55:37"
"Assets\GameObject\The Hog-inator Red.prefab.meta",".meta","144","14/07/2026 19:55:37"
"Assets\GameObject\Trak Blasters Bronze.prefab",".prefab","1711","14/07/2026 19:55:38"
"Assets\GameObject\Trak Blasters Bronze.prefab.meta",".meta","144","14/07/2026 19:55:38"
"Assets\GameObject\Trak Blasters Copper.prefab",".prefab","1711","14/07/2026 19:55:38"
"Assets\GameObject\Trak Blasters Copper.prefab.meta",".meta","144","14/07/2026 19:55:38"
"Assets\GameObject\Trak Blasters Gold.prefab",".prefab","1709","14/07/2026 19:55:38"
"Assets\GameObject\Trak Blasters Gold.prefab.meta",".meta","144","14/07/2026 19:55:38"
"Assets\GameObject\Trak Blasters Silver.prefab",".prefab","1711","14/07/2026 19:55:38"
"Assets\GameObject\Trak Blasters Silver.prefab.meta",".meta","144","14/07/2026 19:55:38"
"Assets\GameObject\Trak Blasters Steel.prefab",".prefab","1708","14/07/2026 19:55:38"
"Assets\GameObject\Trak Blasters Steel.prefab.meta",".meta","144","14/07/2026 19:55:38"
"Assets\GameObject\Trak Skoop Bronze.prefab",".prefab","1820","14/07/2026 19:55:38"
"Assets\GameObject\Trak Skoop Bronze.prefab.meta",".meta","144","14/07/2026 19:55:38"
"Assets\GameObject\Trak Skoop Copper.prefab",".prefab","1820","14/07/2026 19:55:38"
"Assets\GameObject\Trak Skoop Copper.prefab.meta",".meta","144","14/07/2026 19:55:38"
"Assets\GameObject\Trak Skoop Gold.prefab",".prefab","1818","14/07/2026 19:55:38"
"Assets\GameObject\Trak Skoop Gold.prefab.meta",".meta","144","14/07/2026 19:55:38"
"Assets\GameObject\Trak Skoop Silver.prefab",".prefab","1820","14/07/2026 19:55:38"
"Assets\GameObject\Trak Skoop Silver.prefab.meta",".meta","144","14/07/2026 19:55:38"
"Assets\GameObject\Trak Skoop Steel.prefab",".prefab","1817","14/07/2026 19:55:38"
"Assets\GameObject\Trak Skoop Steel.prefab.meta",".meta","144","14/07/2026 19:55:38"
"Assets\GameObject\Traktor 3000 Bea Custom.prefab",".prefab","1956","14/07/2026 19:55:37"
"Assets\GameObject\Traktor 3000 Bea Custom.prefab.meta",".meta","144","14/07/2026 19:55:37"
"Assets\GameObject\Traktor 3000 Black.prefab",".prefab","1817","14/07/2026 19:55:37"
"Assets\GameObject\Traktor 3000 Black.prefab.meta",".meta","144","14/07/2026 19:55:37"
"Assets\GameObject\Traktor 3000 Blue.prefab",".prefab","1816","14/07/2026 19:55:37"
"Assets\GameObject\Traktor 3000 Blue.prefab.meta",".meta","144","14/07/2026 19:55:37"
"Assets\GameObject\Traktor 3000 Milo Custom.prefab",".prefab","1960","14/07/2026 19:55:37"
"Assets\GameObject\Traktor 3000 Milo Custom.prefab.meta",".meta","144","14/07/2026 19:55:37"
"Assets\GameObject\Traktor 3000 Oscar Custom.prefab",".prefab","1964","14/07/2026 19:55:37"
"Assets\GameObject\Traktor 3000 Oscar Custom.prefab.meta",".meta","144","14/07/2026 19:55:37"
"Assets\GameObject\Traktor 3000 Pink.prefab",".prefab","1816","14/07/2026 19:55:37"
"Assets\GameObject\Traktor 3000 Pink.prefab.meta",".meta","144","14/07/2026 19:55:37"
"Assets\GameObject\Traktor 3000 Purple.prefab",".prefab","1818","14/07/2026 19:55:37"
"Assets\GameObject\Traktor 3000 Purple.prefab.meta",".meta","144","14/07/2026 19:55:37"
"Assets\GameObject\Traktor 3000 Red.prefab",".prefab","1813","14/07/2026 19:55:37"
"Assets\GameObject\Traktor 3000 Red.prefab.meta",".meta","144","14/07/2026 19:55:37"
"Assets\GameObject\Traktor Wing Black.prefab",".prefab","1703","14/07/2026 19:55:38"
"Assets\GameObject\Traktor Wing Black.prefab.meta",".meta","144","14/07/2026 19:55:38"
"Assets\GameObject\Traktor Wing Blue.prefab",".prefab","1702","14/07/2026 19:55:38"
"Assets\GameObject\Traktor Wing Blue.prefab.meta",".meta","144","14/07/2026 19:55:38"
"Assets\GameObject\Traktor Wing Dipper Custom.prefab",".prefab","1711","14/07/2026 19:55:38"
"Assets\GameObject\Traktor Wing Dipper Custom.prefab.meta",".meta","144","14/07/2026 19:55:38"
"Assets\GameObject\Traktor Wing Mabel Custom.prefab",".prefab","1710","14/07/2026 19:55:38"
"Assets\GameObject\Traktor Wing Mabel Custom.prefab.meta",".meta","144","14/07/2026 19:55:38"
"Assets\GameObject\Traktor Wing Pink.prefab",".prefab","1702","14/07/2026 19:55:38"
"Assets\GameObject\Traktor Wing Pink.prefab.meta",".meta","144","14/07/2026 19:55:38"
"Assets\GameObject\Traktor Wing Purple.prefab",".prefab","1704","14/07/2026 19:55:38"
"Assets\GameObject\Traktor Wing Purple.prefab.meta",".meta","144","14/07/2026 19:55:38"
"Assets\GameObject\Traktor Wing Red.prefab",".prefab","1699","14/07/2026 19:55:38"
"Assets\GameObject\Traktor Wing Red.prefab.meta",".meta","144","14/07/2026 19:55:38"
"Assets\GameObject\TripLine.prefab",".prefab","4231","14/07/2026 19:55:51"
"Assets\GameObject\TripLine.prefab.meta",".meta","144","14/07/2026 19:55:51"
"Assets\GameObject\Tripwire Shield.prefab",".prefab","3329","14/07/2026 19:55:37"
"Assets\GameObject\Tripwire Shield.prefab.meta",".meta","144","14/07/2026 19:55:37"
"Assets\GameObject\Turn Tutorial.prefab",".prefab","1764","14/07/2026 19:55:38"
"Assets\GameObject\Turn Tutorial.prefab.meta",".meta","144","14/07/2026 19:55:38"
"Assets\GameObject\Tutorial Collection.prefab",".prefab","2265","14/07/2026 19:55:38"
"Assets\GameObject\Tutorial Collection.prefab.meta",".meta","144","14/07/2026 19:55:38"
"Assets\GameObject\Tutorial.prefab",".prefab","1591","14/07/2026 19:55:38"
"Assets\GameObject\Tutorial.prefab.meta",".meta","144","14/07/2026 19:55:38"
"Assets\GameObject\TutorialLauncher.prefab",".prefab","26219","14/07/2026 19:55:38"
"Assets\GameObject\TutorialLauncher.prefab.meta",".meta","144","14/07/2026 19:55:38"
"Assets\GameObject\Unlock All Cart Bodies.prefab",".prefab","1960","14/07/2026 19:55:37"
"Assets\GameObject\Unlock All Cart Bodies.prefab.meta",".meta","144","14/07/2026 19:55:37"
"Assets\GameObject\Unlock All Cart Scoops.prefab",".prefab","2027","14/07/2026 19:55:37"
"Assets\GameObject\Unlock All Cart Scoops.prefab.meta",".meta","144","14/07/2026 19:55:37"
"Assets\GameObject\Unlock All Cart Spoilers.prefab",".prefab","2032","14/07/2026 19:55:37"
"Assets\GameObject\Unlock All Cart Spoilers.prefab.meta",".meta","144","14/07/2026 19:55:37"
"Assets\GameObject\Unlock All Cart Thrusters.prefab",".prefab","2035","14/07/2026 19:55:37"
"Assets\GameObject\Unlock All Cart Thrusters.prefab.meta",".meta","144","14/07/2026 19:55:37"
"Assets\GameObject\Unlock All Cart Wheels.prefab",".prefab","1957","14/07/2026 19:55:37"
"Assets\GameObject\Unlock All Cart Wheels.prefab.meta",".meta","144","14/07/2026 19:55:37"
"Assets\GameObject\Unlock All Characters.prefab",".prefab","2306","14/07/2026 19:55:37"
"Assets\GameObject\Unlock All Characters.prefab.meta",".meta","144","14/07/2026 19:55:37"
"Assets\GameObject\Unlock All Fishhooks Characters.prefab",".prefab","1769","14/07/2026 19:55:37"
"Assets\GameObject\Unlock All Fishhooks Characters.prefab.meta",".meta","144","14/07/2026 19:55:37"
"Assets\GameObject\Unlock All Gravity Characters.prefab",".prefab","1771","14/07/2026 19:55:37"
"Assets\GameObject\Unlock All Gravity Characters.prefab.meta",".meta","144","14/07/2026 19:55:37"
"Assets\GameObject\Unlock All Kick Characters.prefab",".prefab","1759","14/07/2026 19:55:37"
"Assets\GameObject\Unlock All Kick Characters.prefab.meta",".meta","144","14/07/2026 19:55:37"
"Assets\GameObject\Unlock All PandF Characters.prefab",".prefab","1768","14/07/2026 19:55:37"
"Assets\GameObject\Unlock All PandF Characters.prefab.meta",".meta","144","14/07/2026 19:55:37"
"Assets\GameObject\UnlockCircuitDialog.prefab",".prefab","21603","14/07/2026 19:55:38"
"Assets\GameObject\UnlockCircuitDialog.prefab.meta",".meta","144","14/07/2026 19:55:38"
"Assets\GameObject\Use A Double Boost.prefab",".prefab","1614","14/07/2026 19:55:37"
"Assets\GameObject\Use A Double Boost.prefab.meta",".meta","144","14/07/2026 19:55:37"
"Assets\GameObject\Use A Double Mine.prefab",".prefab","1609","14/07/2026 19:55:37"
"Assets\GameObject\Use A Double Mine.prefab.meta",".meta","144","14/07/2026 19:55:37"
"Assets\GameObject\Use A Double Rocket.prefab",".prefab","1615","14/07/2026 19:55:37"
"Assets\GameObject\Use A Double Rocket.prefab.meta",".meta","144","14/07/2026 19:55:37"
"Assets\GameObject\Use A Double Shield.prefab",".prefab","1615","14/07/2026 19:55:37"
"Assets\GameObject\Use A Double Shield.prefab.meta",".meta","144","14/07/2026 19:55:37"
"Assets\GameObject\Use a Powerup Tutorial.prefab",".prefab","1769","14/07/2026 19:55:38"
"Assets\GameObject\Use a Powerup Tutorial.prefab.meta",".meta","144","14/07/2026 19:55:38"
"Assets\GameObject\Use All Double Powerup Combos.prefab",".prefab","1715","14/07/2026 19:55:37"
"Assets\GameObject\Use All Double Powerup Combos.prefab.meta",".meta","144","14/07/2026 19:55:37"
"Assets\GameObject\Use Powerup Against Opponent Mine.prefab",".prefab","1622","14/07/2026 19:55:37"
"Assets\GameObject\Use Powerup Against Opponent Mine.prefab.meta",".meta","144","14/07/2026 19:55:37"
"Assets\GameObject\Use Powerup Against Opponent Rocket.prefab",".prefab","1628","14/07/2026 19:55:37"
"Assets\GameObject\Use Powerup Against Opponent Rocket.prefab.meta",".meta","144","14/07/2026 19:55:37"
"Assets\GameObject\Use Powerup Against Opponent Smash.prefab",".prefab","1627","14/07/2026 19:55:37"
"Assets\GameObject\Use Powerup Against Opponent Smash.prefab.meta",".meta","144","14/07/2026 19:55:37"
"Assets\GameObject\WrongWayPrefab.prefab",".prefab","7784","14/07/2026 19:55:32"
"Assets\GameObject\WrongWayPrefab.prefab.meta",".meta","144","14/07/2026 19:55:32"
"Assets\LightProbes\LightProbes.asset",".asset","765336","14/07/2026 19:55:29"
"Assets\LightProbes\LightProbes.asset.meta",".meta","144","14/07/2026 19:55:29"
"Assets\Material\100% Dark Grey.mat",".mat","779","14/07/2026 19:55:33"
"Assets\Material\100% Dark Grey.mat.meta",".meta","144","14/07/2026 19:55:33"
"Assets\Material\50% Black.mat",".mat","689","14/07/2026 19:55:33"
"Assets\Material\50% Black.mat.meta",".meta","144","14/07/2026 19:55:33"
"Assets\Material\AlphaText.mat",".mat","1073","14/07/2026 19:55:41"
"Assets\Material\AlphaText.mat.meta",".meta","144","14/07/2026 19:55:41"
"Assets\Material\anchor rocket.mat",".mat","746","14/07/2026 19:55:47"
"Assets\Material\anchor rocket.mat.meta",".meta","144","14/07/2026 19:55:47"
"Assets\Material\arrow sign.mat",".mat","813","14/07/2026 19:55:29"
"Assets\Material\arrow sign.mat.meta",".meta","144","14/07/2026 19:55:29"
"Assets\Material\arrow sign_0.mat",".mat","737","14/07/2026 19:55:31"
"Assets\Material\arrow sign_0.mat.meta",".meta","144","14/07/2026 19:55:31"
"Assets\Material\Barber.mat",".mat","733","14/07/2026 19:55:44"
"Assets\Material\Barber.mat.meta",".meta","144","14/07/2026 19:55:44"
"Assets\Material\barrel.mat",".mat","739","14/07/2026 19:55:28"
"Assets\Material\barrel.mat.meta",".meta","144","14/07/2026 19:55:28"
"Assets\Material\barrel_0.mat",".mat","739","14/07/2026 19:55:32"
"Assets\Material\barrel_0.mat.meta",".meta","144","14/07/2026 19:55:32"
"Assets\Material\barrier uvs.mat",".mat","744","14/07/2026 19:55:46"
"Assets\Material\barrier uvs.mat.meta",".meta","144","14/07/2026 19:55:46"
"Assets\Material\Basketball.mat",".mat","737","14/07/2026 19:55:30"
"Assets\Material\Basketball.mat.meta",".meta","144","14/07/2026 19:55:30"
"Assets\Material\BEAmap.mat",".mat","739","14/07/2026 19:55:47"
"Assets\Material\BEAmap.mat.meta",".meta","144","14/07/2026 19:55:47"
"Assets\Material\Black.mat",".mat","671","14/07/2026 19:55:33"
"Assets\Material\Black.mat.meta",".meta","144","14/07/2026 19:55:33"
"Assets\Material\Blank.mat",".mat","687","14/07/2026 19:55:30"
"Assets\Material\Blank.mat.meta",".meta","144","14/07/2026 19:55:30"
"Assets\Material\BlastRadius.mat",".mat","738","14/07/2026 19:55:46"
"Assets\Material\BlastRadius.mat.meta",".meta","144","14/07/2026 19:55:46"
"Assets\Material\Blocker Invisible SpriteAtlas.mat",".mat","756","14/07/2026 19:55:32"
"Assets\Material\Blocker Invisible SpriteAtlas.mat.meta",".meta","144","14/07/2026 19:55:32"
"Assets\Material\Blocker SpriteAtlas.mat",".mat","928","14/07/2026 19:55:32"
"Assets\Material\Blocker SpriteAtlas.mat.meta",".meta","144","14/07/2026 19:55:32"
"Assets\Material\box.mat",".mat","736","14/07/2026 19:55:44"
"Assets\Material\box.mat.meta",".meta","144","14/07/2026 19:55:44"
"Assets\Material\bradMap.mat",".mat","740","14/07/2026 19:55:47"
"Assets\Material\bradMap.mat.meta",".meta","144","14/07/2026 19:55:47"
"Assets\Material\bridge column uvs 1.mat",".mat","752","14/07/2026 19:55:44"
"Assets\Material\bridge column uvs 1.mat.meta",".meta","144","14/07/2026 19:55:44"
"Assets\Material\Bridge Street.mat",".mat","746","14/07/2026 19:55:38"
"Assets\Material\Bridge Street.mat.meta",".meta","144","14/07/2026 19:55:38"
"Assets\Material\bridge.mat",".mat","739","14/07/2026 19:55:38"
"Assets\Material\bridge.mat.meta",".meta","144","14/07/2026 19:55:38"
"Assets\Material\Bridge_0.mat",".mat","739","14/07/2026 19:55:43"
"Assets\Material\Bridge_0.mat.meta",".meta","144","14/07/2026 19:55:43"
"Assets\Material\bubble.mat",".mat","645","14/07/2026 19:55:33"
"Assets\Material\bubble.mat.meta",".meta","144","14/07/2026 19:55:33"
"Assets\Material\building1_14-01 - default.mat",".mat","746","14/07/2026 19:55:44"
"Assets\Material\building1_14-01 - default.mat.meta",".meta","144","14/07/2026 19:55:44"
"Assets\Material\burst.mat",".mat","644","14/07/2026 19:55:33"
"Assets\Material\burst.mat.meta",".meta","144","14/07/2026 19:55:33"
"Assets\Material\Cabin - Black.mat",".mat","765","14/07/2026 19:55:33"
"Assets\Material\Cabin - Black.mat.meta",".meta","144","14/07/2026 19:55:33"
"Assets\Material\CCUpUpAndAway Back End Header  Shadow.mat",".mat","762","14/07/2026 19:55:33"
"Assets\Material\CCUpUpAndAway Back End Header  Shadow.mat.meta",".meta","144","14/07/2026 19:55:33"
"Assets\Material\CCUpUpAndAway Back End Header.mat",".mat","754","14/07/2026 19:55:33"
"Assets\Material\CCUpUpAndAway Back End Header.mat.meta",".meta","144","14/07/2026 19:55:33"
"Assets\Material\CCUpUpAndAway Blue.mat",".mat","768","14/07/2026 19:55:32"
"Assets\Material\CCUpUpAndAway Blue.mat.meta",".meta","144","14/07/2026 19:55:32"
"Assets\Material\CCUpUpAndAway Dark Blue.mat",".mat","772","14/07/2026 19:55:33"
"Assets\Material\CCUpUpAndAway Dark Blue.mat.meta",".meta","144","14/07/2026 19:55:33"
"Assets\Material\CCUpUpAndAway Dark Brown.mat",".mat","749","14/07/2026 19:55:33"
"Assets\Material\CCUpUpAndAway Dark Brown.mat.meta",".meta","144","14/07/2026 19:55:33"
"Assets\Material\CCUpUpAndAway Dark Dark Blue.mat",".mat","780","14/07/2026 19:55:33"
"Assets\Material\CCUpUpAndAway Dark Dark Blue.mat.meta",".meta","144","14/07/2026 19:55:33"
"Assets\Material\CCUpUpAndAway Dark Gold.mat",".mat","774","14/07/2026 19:55:33"
"Assets\Material\CCUpUpAndAway Dark Gold.mat.meta",".meta","144","14/07/2026 19:55:33"
"Assets\Material\CCUpUpAndAway Dark Green.mat",".mat","775","14/07/2026 19:55:33"
"Assets\Material\CCUpUpAndAway Dark Green.mat.meta",".meta","144","14/07/2026 19:55:33"
"Assets\Material\CCUpUpAndAway Faded.mat",".mat","753","14/07/2026 19:55:33"
"Assets\Material\CCUpUpAndAway Faded.mat.meta",".meta","144","14/07/2026 19:55:33"
"Assets\Material\CCUpUpAndAway Front End Header Shadow.mat",".mat","762","14/07/2026 19:55:31"
"Assets\Material\CCUpUpAndAway Front End Header Shadow.mat.meta",".meta","144","14/07/2026 19:55:31"
"Assets\Material\CCUpUpAndAway Front End Header.mat",".mat","779","14/07/2026 19:55:33"
"Assets\Material\CCUpUpAndAway Front End Header.mat.meta",".meta","144","14/07/2026 19:55:33"
"Assets\Material\CCUpUpAndAway GREEN.mat",".mat","744","14/07/2026 19:55:33"
"Assets\Material\CCUpUpAndAway GREEN.mat.meta",".meta","144","14/07/2026 19:55:33"
"Assets\Material\CCUpUpAndAway ORANGE.mat",".mat","771","14/07/2026 19:55:33"
"Assets\Material\CCUpUpAndAway ORANGE.mat.meta",".meta","144","14/07/2026 19:55:33"
"Assets\Material\CCUpUpAndAway RED.mat",".mat","742","14/07/2026 19:55:33"
"Assets\Material\CCUpUpAndAway RED.mat.meta",".meta","144","14/07/2026 19:55:33"
"Assets\Material\CCUpUpAndAway SILVER.mat",".mat","772","14/07/2026 19:55:32"
"Assets\Material\CCUpUpAndAway SILVER.mat.meta",".meta","144","14/07/2026 19:55:32"
"Assets\Material\CCUpUpAndAway YELLOW.mat",".mat","770","14/07/2026 19:55:33"
"Assets\Material\CCUpUpAndAway YELLOW.mat.meta",".meta","144","14/07/2026 19:55:33"
"Assets\Material\CharitableCharities.mat",".mat","752","14/07/2026 19:55:44"
"Assets\Material\CharitableCharities.mat.meta",".meta","144","14/07/2026 19:55:44"
"Assets\Material\Checkerground.mat",".mat","752","14/07/2026 19:55:30"
"Assets\Material\Checkerground.mat.meta",".meta","144","14/07/2026 19:55:30"
"Assets\Material\ChefGuilbauds.mat",".mat","740","14/07/2026 19:55:44"
"Assets\Material\ChefGuilbauds.mat.meta",".meta","144","14/07/2026 19:55:44"
"Assets\Material\Circuit Icon.mat",".mat","909","14/07/2026 19:55:33"
"Assets\Material\Circuit Icon.mat.meta",".meta","144","14/07/2026 19:55:33"
"Assets\Material\CloudStrap SpriteAtlas.mat",".mat","661","14/07/2026 19:55:46"
"Assets\Material\CloudStrap SpriteAtlas.mat.meta",".meta","144","14/07/2026 19:55:46"
"Assets\Material\coin cost.mat",".mat","648","14/07/2026 19:55:31"
"Assets\Material\coin cost.mat.meta",".meta","144","14/07/2026 19:55:31"
"Assets\Material\coin HUD.mat",".mat","741","14/07/2026 19:55:31"
"Assets\Material\coin HUD.mat.meta",".meta","144","14/07/2026 19:55:31"
"Assets\Material\coin.mat",".mat","737","14/07/2026 19:55:31"
"Assets\Material\coin.mat.meta",".meta","144","14/07/2026 19:55:31"
"Assets\Material\corona additive.mat",".mat","742","14/07/2026 19:55:33"
"Assets\Material\corona additive.mat.meta",".meta","144","14/07/2026 19:55:33"
"Assets\Material\corona trip wire.mat",".mat","776","14/07/2026 19:55:47"
"Assets\Material\corona trip wire.mat.meta",".meta","144","14/07/2026 19:55:47"
"Assets\Material\coronastar.mat",".mat","649","14/07/2026 19:55:33"
"Assets\Material\coronastar.mat.meta",".meta","144","14/07/2026 19:55:33"
"Assets\Material\crashTexture.mat",".mat","745","14/07/2026 19:55:47"
"Assets\Material\crashTexture.mat.meta",".meta","144","14/07/2026 19:55:47"
"Assets\Material\danville arena ground.mat",".mat","754","14/07/2026 19:55:41"
"Assets\Material\danville arena ground.mat.meta",".meta","144","14/07/2026 19:55:41"
"Assets\Material\danville arena texture uvs.mat",".mat","759","14/07/2026 19:55:41"
"Assets\Material\danville arena texture uvs.mat.meta",".meta","144","14/07/2026 19:55:41"
"Assets\Material\DanvilleArena uvs.mat",".mat","750","14/07/2026 19:55:41"
"Assets\Material\DanvilleArena uvs.mat.meta",".meta","144","14/07/2026 19:55:41"
"Assets\Material\DipperTexture.mat",".mat","746","14/07/2026 19:55:47"
"Assets\Material\DipperTexture.mat.meta",".meta","144","14/07/2026 19:55:47"
"Assets\Material\dirt track green.mat",".mat","749","14/07/2026 19:55:38"
"Assets\Material\dirt track green.mat.meta",".meta","144","14/07/2026 19:55:38"
"Assets\Material\dirt track.mat",".mat","743","14/07/2026 19:55:28"
"Assets\Material\dirt track.mat.meta",".meta","144","14/07/2026 19:55:28"
"Assets\Material\DoofenschmirtzEvil.mat",".mat","751","14/07/2026 19:55:44"
"Assets\Material\DoofenschmirtzEvil.mat.meta",".meta","144","14/07/2026 19:55:44"
"Assets\Material\Exhaust Fire.mat",".mat","739","14/07/2026 19:55:33"
"Assets\Material\Exhaust Fire.mat.meta",".meta","144","14/07/2026 19:55:33"
"Assets\Material\Fadable HUD SpriteAtlas.mat",".mat","750","14/07/2026 19:55:33"
"Assets\Material\Fadable HUD SpriteAtlas.mat.meta",".meta","144","14/07/2026 19:55:33"
"Assets\Material\Fader SpriteAtlas.mat",".mat","756","14/07/2026 19:55:46"
"Assets\Material\Fader SpriteAtlas.mat.meta",".meta","144","14/07/2026 19:55:46"
"Assets\Material\fancy building A uvs 1.mat",".mat","755","14/07/2026 19:55:43"
"Assets\Material\fancy building A uvs 1.mat.meta",".meta","144","14/07/2026 19:55:43"
"Assets\Material\fancy building B uvs 1.mat",".mat","755","14/07/2026 19:55:44"
"Assets\Material\fancy building B uvs 1.mat.meta",".meta","144","14/07/2026 19:55:44"
"Assets\Material\fancy building C uvs 1.mat",".mat","755","14/07/2026 19:55:43"
"Assets\Material\fancy building C uvs 1.mat.meta",".meta","144","14/07/2026 19:55:43"
"Assets\Material\fancy building E uvs 1.mat",".mat","755","14/07/2026 19:55:43"
"Assets\Material\fancy building E uvs 1.mat.meta",".meta","144","14/07/2026 19:55:43"
"Assets\Material\fancy building F uvs 1.mat",".mat","755","14/07/2026 19:55:44"
"Assets\Material\fancy building F uvs 1.mat.meta",".meta","144","14/07/2026 19:55:44"
"Assets\Material\Fence 1.mat",".mat","802","14/07/2026 19:55:38"
"Assets\Material\Fence 1.mat.meta",".meta","144","14/07/2026 19:55:38"
"Assets\Material\Fence 2.mat",".mat","740","14/07/2026 19:55:38"
"Assets\Material\Fence 2.mat.meta",".meta","144","14/07/2026 19:55:38"
"Assets\Material\Fence 3.mat",".mat","740","14/07/2026 19:55:38"
"Assets\Material\Fence 3.mat.meta",".meta","144","14/07/2026 19:55:38"
"Assets\Material\Fence.mat",".mat","738","14/07/2026 19:55:44"
"Assets\Material\Fence.mat.meta",".meta","144","14/07/2026 19:55:44"
"Assets\Material\Ferb.mat",".mat","737","14/07/2026 19:55:47"
"Assets\Material\Ferb.mat.meta",".meta","144","14/07/2026 19:55:47"
"Assets\Material\finish line SpriteAtlas.mat",".mat","662","14/07/2026 19:55:33"
"Assets\Material\finish line SpriteAtlas.mat.meta",".meta","144","14/07/2026 19:55:33"
"Assets\Material\finish line.mat",".mat","738","14/07/2026 19:55:30"
"Assets\Material\finish line.mat.meta",".meta","144","14/07/2026 19:55:30"
"Assets\Material\finish line_0.mat",".mat","744","14/07/2026 19:55:31"
"Assets\Material\finish line_0.mat.meta",".meta","144","14/07/2026 19:55:31"
"Assets\Material\FireExplosion.mat",".mat","740","14/07/2026 19:55:33"
"Assets\Material\FireExplosion.mat.meta",".meta","144","14/07/2026 19:55:33"
"Assets\Material\first track uvs.mat",".mat","1062","14/07/2026 19:55:28"
"Assets\Material\first track uvs.mat.meta",".meta","144","14/07/2026 19:55:28"
"Assets\Material\fish hook cliff face earth.mat",".mat","928","14/07/2026 19:55:29"
"Assets\Material\fish hook cliff face earth.mat.meta",".meta","144","14/07/2026 19:55:29"
"Assets\Material\fish hook cliff face weird.mat",".mat","928","14/07/2026 19:55:30"
"Assets\Material\fish hook cliff face weird.mat.meta",".meta","144","14/07/2026 19:55:30"
"Assets\Material\fish hook exterior ground_.mat",".mat","759","14/07/2026 19:55:30"
"Assets\Material\fish hook exterior ground_.mat.meta",".meta","144","14/07/2026 19:55:30"
"Assets\Material\fish hook exterior ground__0.mat",".mat","753","14/07/2026 19:55:30"
"Assets\Material\fish hook exterior ground__0.mat.meta",".meta","144","14/07/2026 19:55:30"
"Assets\Material\fish hook interior ceiling.mat",".mat","983","14/07/2026 19:55:30"
"Assets\Material\fish hook interior ceiling.mat.meta",".meta","144","14/07/2026 19:55:30"
"Assets\Material\fish hook interior court ground.mat",".mat","988","14/07/2026 19:55:30"
"Assets\Material\fish hook interior court ground.mat.meta",".meta","144","14/07/2026 19:55:30"
"Assets\Material\fish hook interior ground_.mat",".mat","983","14/07/2026 19:55:30"
"Assets\Material\fish hook interior ground_.mat.meta",".meta","144","14/07/2026 19:55:30"
"Assets\Material\fish hook school exterior front door.mat",".mat","938","14/07/2026 19:55:30"
"Assets\Material\fish hook school exterior front door.mat.meta",".meta","144","14/07/2026 19:55:30"
"Assets\Material\fish hook school exterior stairs top.mat",".mat","993","14/07/2026 19:55:30"
"Assets\Material\fish hook school exterior stairs top.mat.meta",".meta","144","14/07/2026 19:55:30"
"Assets\Material\fish hook school exterior stairs.mat",".mat","989","14/07/2026 19:55:30"
"Assets\Material\fish hook school exterior stairs.mat.meta",".meta","144","14/07/2026 19:55:30"
"Assets\Material\fish hook school exterior wall bare.mat",".mat","937","14/07/2026 19:55:30"
"Assets\Material\fish hook school exterior wall bare.mat.meta",".meta","144","14/07/2026 19:55:30"
"Assets\Material\fish hook school exterior wall.mat",".mat","932","14/07/2026 19:55:30"
"Assets\Material\fish hook school exterior wall.mat.meta",".meta","144","14/07/2026 19:55:30"
"Assets\Material\fish hooks boulder.mat",".mat","975","14/07/2026 19:55:30"
"Assets\Material\fish hooks boulder.mat.meta",".meta","144","14/07/2026 19:55:30"
"Assets\Material\fish hooks cliff thing 2.mat",".mat","981","14/07/2026 19:55:29"
"Assets\Material\fish hooks cliff thing 2.mat.meta",".meta","144","14/07/2026 19:55:29"
"Assets\Material\fish hooks cliff thing.mat",".mat","924","14/07/2026 19:55:30"
"Assets\Material\fish hooks cliff thing.mat.meta",".meta","144","14/07/2026 19:55:30"
"Assets\Material\fish hooks column.mat",".mat","750","14/07/2026 19:55:30"
"Assets\Material\fish hooks column.mat.meta",".meta","144","14/07/2026 19:55:30"
"Assets\Material\fish hooks decoration flute.mat",".mat","984","14/07/2026 19:55:31"
"Assets\Material\fish hooks decoration flute.mat.meta",".meta","144","14/07/2026 19:55:31"
"Assets\Material\fish hooks decorations clam.mat",".mat","984","14/07/2026 19:55:31"
"Assets\Material\fish hooks decorations clam.mat.meta",".meta","144","14/07/2026 19:55:31"
"Assets\Material\fish hooks decorations clam_0.mat",".mat","984","14/07/2026 19:55:31"
"Assets\Material\fish hooks decorations clam_0.mat.meta",".meta","144","14/07/2026 19:55:31"
"Assets\Material\fish hooks decorations round shell.mat",".mat","991","14/07/2026 19:55:31"
"Assets\Material\fish hooks decorations round shell.mat.meta",".meta","144","14/07/2026 19:55:31"
"Assets\Material\fish hooks decorations spiky shell.mat",".mat","991","14/07/2026 19:55:31"
"Assets\Material\fish hooks decorations spiky shell.mat.meta",".meta","144","14/07/2026 19:55:31"
"Assets\Material\fish hooks exterior terrain grass.mat",".mat","990","14/07/2026 19:55:29"
"Assets\Material\fish hooks exterior terrain grass.mat.meta",".meta","144","14/07/2026 19:55:29"
"Assets\Material\fish hooks exterior terrain weird 1.mat",".mat","992","14/07/2026 19:55:30"
"Assets\Material\fish hooks exterior terrain weird 1.mat.meta",".meta","144","14/07/2026 19:55:30"
"Assets\Material\fish hooks exterior terrain weird.mat",".mat","990","14/07/2026 19:55:30"
"Assets\Material\fish hooks exterior terrain weird.mat.meta",".meta","144","14/07/2026 19:55:30"
"Assets\Material\fish hooks exterior terrain.mat",".mat","984","14/07/2026 19:55:30"
"Assets\Material\fish hooks exterior terrain.mat.meta",".meta","144","14/07/2026 19:55:30"
"Assets\Material\fish hooks football field.mat",".mat","982","14/07/2026 19:55:30"
"Assets\Material\fish hooks football field.mat.meta",".meta","144","14/07/2026 19:55:30"
"Assets\Material\fish hooks football stadium.mat",".mat","984","14/07/2026 19:55:30"
"Assets\Material\fish hooks football stadium.mat.meta",".meta","144","14/07/2026 19:55:30"
"Assets\Material\fish hooks interior walls clean.mat",".mat","933","14/07/2026 19:55:30"
"Assets\Material\fish hooks interior walls clean.mat.meta",".meta","144","14/07/2026 19:55:30"
"Assets\Material\fish hooks interior walls.mat",".mat","927","14/07/2026 19:55:30"
"Assets\Material\fish hooks interior walls.mat.meta",".meta","144","14/07/2026 19:55:30"
"Assets\Material\fish hooks lockers.mat",".mat","751","14/07/2026 19:55:30"
"Assets\Material\fish hooks lockers.mat.meta",".meta","144","14/07/2026 19:55:31"
"Assets\Material\fish hooks school bottom.mat",".mat","926","14/07/2026 19:55:30"
"Assets\Material\fish hooks school bottom.mat.meta",".meta","144","14/07/2026 19:55:30"
"Assets\Material\fish hooks school bottom_0.mat",".mat","926","14/07/2026 19:55:31"
"Assets\Material\fish hooks school bottom_0.mat.meta",".meta","144","14/07/2026 19:55:31"
"Assets\Material\fish hooks school mini columns.mat",".mat","932","14/07/2026 19:55:31"
"Assets\Material\fish hooks school mini columns.mat.meta",".meta","144","14/07/2026 19:55:31"
"Assets\Material\fish hooks school relief.mat",".mat","926","14/07/2026 19:55:31"
"Assets\Material\fish hooks school relief.mat.meta",".meta","144","14/07/2026 19:55:31"
"Assets\Material\fish hooks skybox.mat",".mat","750","14/07/2026 19:55:30"
"Assets\Material\fish hooks skybox.mat.meta",".meta","144","14/07/2026 19:55:30"
"Assets\Material\fish hooks skybox2.mat",".mat","751","14/07/2026 19:55:30"
"Assets\Material\fish hooks skybox2.mat.meta",".meta","144","14/07/2026 19:55:30"
"Assets\Material\fish hooks skybox2_0.mat",".mat","751","14/07/2026 19:55:31"
"Assets\Material\fish hooks skybox2_0.mat.meta",".meta","144","14/07/2026 19:55:31"
"Assets\Material\fish hooks skybox_0.mat",".mat","1739","14/07/2026 19:55:30"
"Assets\Material\fish hooks skybox_0.mat.meta",".meta","144","14/07/2026 19:55:30"
"Assets\Material\fish hooks skybox_1.mat",".mat","750","14/07/2026 19:55:31"
"Assets\Material\fish hooks skybox_1.mat.meta",".meta","144","14/07/2026 19:55:31"
"Assets\Material\fish hooks track lines.mat",".mat","979","14/07/2026 19:55:29"
"Assets\Material\fish hooks track lines.mat.meta",".meta","144","14/07/2026 19:55:29"
"Assets\Material\fish hooks track lines_0.mat",".mat","979","14/07/2026 19:55:31"
"Assets\Material\fish hooks track lines_0.mat.meta",".meta","144","14/07/2026 19:55:31"
"Assets\Material\fish hooks track main road.mat",".mat","983","14/07/2026 19:55:29"
"Assets\Material\fish hooks track main road.mat.meta",".meta","144","14/07/2026 19:55:29"
"Assets\Material\fish hooks track main road_0.mat",".mat","983","14/07/2026 19:55:30"
"Assets\Material\fish hooks track main road_0.mat.meta",".meta","144","14/07/2026 19:55:30"
"Assets\Material\fish hooks track main road_1.mat",".mat","983","14/07/2026 19:55:31"
"Assets\Material\fish hooks track main road_1.mat.meta",".meta","144","14/07/2026 19:55:31"
"Assets\Material\fish school.mat",".mat","968","14/07/2026 19:55:31"
"Assets\Material\fish school.mat.meta",".meta","144","14/07/2026 19:55:31"
"Assets\Material\FishHooksBillboardAd.mat",".mat","747","14/07/2026 19:55:30"
"Assets\Material\FishHooksBillboardAd.mat.meta",".meta","144","14/07/2026 19:55:30"
"Assets\Material\Fishtankia Tree 02.mat",".mat","975","14/07/2026 19:55:29"
"Assets\Material\Fishtankia Tree 02.mat.meta",".meta","144","14/07/2026 19:55:29"
"Assets\Material\Fishtankia Tree 03.mat",".mat","975","14/07/2026 19:55:29"
"Assets\Material\Fishtankia Tree 03.mat.meta",".meta","144","14/07/2026 19:55:29"
"Assets\Material\Fishtankia Tree 04.mat",".mat","975","14/07/2026 19:55:29"
"Assets\Material\Fishtankia Tree 04.mat.meta",".meta","144","14/07/2026 19:55:29"
"Assets\Material\Fishtankia-Tree-01.mat",".mat","975","14/07/2026 19:55:29"
"Assets\Material\Fishtankia-Tree-01.mat.meta",".meta","144","14/07/2026 19:55:29"
"Assets\Material\Font Material.mat",".mat","738","14/07/2026 19:55:33"
"Assets\Material\Font Material.mat.meta",".meta","144","14/07/2026 19:55:33"
"Assets\Material\Full Screen Booster SpriteAtlas.mat",".mat","670","14/07/2026 19:55:33"
"Assets\Material\Full Screen Booster SpriteAtlas.mat.meta",".meta","144","14/07/2026 19:55:33"
"Assets\Material\garage beam.mat",".mat","744","14/07/2026 19:55:32"
"Assets\Material\garage beam.mat.meta",".meta","144","14/07/2026 19:55:32"
"Assets\Material\garage computer.mat",".mat","748","14/07/2026 19:55:32"
"Assets\Material\garage computer.mat.meta",".meta","144","14/07/2026 19:55:32"
"Assets\Material\garage electro box.mat",".mat","821","14/07/2026 19:55:32"
"Assets\Material\garage electro box.mat.meta",".meta","144","14/07/2026 19:55:32"
"Assets\Material\garage exit door.mat",".mat","749","14/07/2026 19:55:32"
"Assets\Material\garage exit door.mat.meta",".meta","144","14/07/2026 19:55:32"
"Assets\Material\garage exit door2.mat",".mat","750","14/07/2026 19:55:32"
"Assets\Material\garage exit door2.mat.meta",".meta","144","14/07/2026 19:55:32"
"Assets\Material\garage exit.mat",".mat","978","14/07/2026 19:55:32"
"Assets\Material\garage exit.mat.meta",".meta","144","14/07/2026 19:55:32"
"Assets\Material\garage ground.mat",".mat","746","14/07/2026 19:55:32"
"Assets\Material\garage ground.mat.meta",".meta","144","14/07/2026 19:55:32"
"Assets\Material\garage hall hole.mat",".mat","749","14/07/2026 19:55:32"
"Assets\Material\garage hall hole.mat.meta",".meta","144","14/07/2026 19:55:32"
"Assets\Material\garage hall wall and floor.mat",".mat","841","14/07/2026 19:55:32"
"Assets\Material\garage hall wall and floor.mat.meta",".meta","144","14/07/2026 19:55:32"
"Assets\Material\garage lift bottom.mat",".mat","821","14/07/2026 19:55:32"
"Assets\Material\garage lift bottom.mat.meta",".meta","144","14/07/2026 19:55:32"
"Assets\Material\garage lift thingie.mat",".mat","752","14/07/2026 19:55:32"
"Assets\Material\garage lift thingie.mat.meta",".meta","144","14/07/2026 19:55:32"
"Assets\Material\garage metal rivets.mat",".mat","752","14/07/2026 19:55:32"
"Assets\Material\garage metal rivets.mat.meta",".meta","144","14/07/2026 19:55:32"
"Assets\Material\garage monitor main.mat",".mat","752","14/07/2026 19:55:32"
"Assets\Material\garage monitor main.mat.meta",".meta","144","14/07/2026 19:55:32"
"Assets\Material\garage other screen.mat",".mat","822","14/07/2026 19:55:32"
"Assets\Material\garage other screen.mat.meta",".meta","144","14/07/2026 19:55:33"
"Assets\Material\garage tire rack.mat",".mat","749","14/07/2026 19:55:33"
"Assets\Material\garage tire rack.mat.meta",".meta","144","14/07/2026 19:55:33"
"Assets\Material\garage toolbox.mat",".mat","747","14/07/2026 19:55:33"
"Assets\Material\garage toolbox.mat.meta",".meta","144","14/07/2026 19:55:33"
"Assets\Material\garage wall1.mat",".mat","745","14/07/2026 19:55:33"
"Assets\Material\garage wall1.mat.meta",".meta","144","14/07/2026 19:55:33"
"Assets\Material\GenericSpin.mat",".mat","738","14/07/2026 19:55:46"
"Assets\Material\GenericSpin.mat.meta",".meta","144","14/07/2026 19:55:46"
"Assets\Material\GlowDot.mat",".mat","646","14/07/2026 19:55:33"
"Assets\Material\GlowDot.mat.meta",".meta","144","14/07/2026 19:55:33"
"Assets\Material\Goal-Flag-plants-coral.mat",".mat","973","14/07/2026 19:55:31"
"Assets\Material\Goal-Flag-plants-coral.mat.meta",".meta","144","14/07/2026 19:55:31"
"Assets\Material\Green Grass.mat",".mat","744","14/07/2026 19:55:38"
"Assets\Material\Green Grass.mat.meta",".meta","144","14/07/2026 19:55:38"
"Assets\Material\guntherMap.mat",".mat","743","14/07/2026 19:55:47"
"Assets\Material\guntherMap.mat.meta",".meta","144","14/07/2026 19:55:47"
"Assets\Material\highway sign uvs.mat",".mat","749","14/07/2026 19:55:41"
"Assets\Material\highway sign uvs.mat.meta",".meta","144","14/07/2026 19:55:41"
"Assets\Material\HokeyPokeDiner_Octopus.mat",".mat","979","14/07/2026 19:55:30"
"Assets\Material\HokeyPokeDiner_Octopus.mat.meta",".meta","144","14/07/2026 19:55:30"
"Assets\Material\HokeyPokeDiner_Ship.mat",".mat","976","14/07/2026 19:55:30"
"Assets\Material\HokeyPokeDiner_Ship.mat.meta",".meta","144","14/07/2026 19:55:30"
"Assets\Material\Horizontal strays SpriteAtlas.mat",".mat","756","14/07/2026 19:55:33"
"Assets\Material\Horizontal strays SpriteAtlas.mat.meta",".meta","144","14/07/2026 19:55:33"
"Assets\Material\horseshoe crap uvs.mat",".mat","657","14/07/2026 19:55:30"
"Assets\Material\horseshoe crap uvs.mat.meta",".meta","144","14/07/2026 19:55:30"
"Assets\Material\House 1 Color 1.mat",".mat","766","14/07/2026 19:55:38"
"Assets\Material\House 1 Color 1.mat.meta",".meta","144","14/07/2026 19:55:38"
"Assets\Material\House 1 Color 2.mat",".mat","766","14/07/2026 19:55:38"
"Assets\Material\House 1 Color 2.mat.meta",".meta","144","14/07/2026 19:55:38"
"Assets\Material\House 2 Color 1.mat",".mat","766","14/07/2026 19:55:38"
"Assets\Material\House 2 Color 1.mat.meta",".meta","144","14/07/2026 19:55:38"
"Assets\Material\House 2 Color 2.mat",".mat","766","14/07/2026 19:55:38"
"Assets\Material\House 2 Color 2.mat.meta",".meta","144","14/07/2026 19:55:38"
"Assets\Material\House 3 Color 1.mat",".mat","766","14/07/2026 19:55:38"
"Assets\Material\House 3 Color 1.mat.meta",".meta","144","14/07/2026 19:55:38"
"Assets\Material\House 3 Color 2.mat",".mat","766","14/07/2026 19:55:38"
"Assets\Material\House 3 Color 2.mat.meta",".meta","144","14/07/2026 19:55:38"
"Assets\Material\House 4 Color 1.mat",".mat","766","14/07/2026 19:55:38"
"Assets\Material\House 4 Color 1.mat.meta",".meta","144","14/07/2026 19:55:38"
"Assets\Material\House 4 Color 2.mat",".mat","766","14/07/2026 19:55:38"
"Assets\Material\House 4 Color 2.mat.meta",".meta","144","14/07/2026 19:55:38"
"Assets\Material\House 5 Color 1.mat",".mat","766","14/07/2026 19:55:38"
"Assets\Material\House 5 Color 1.mat.meta",".meta","144","14/07/2026 19:55:38"
"Assets\Material\House 5 Color 2.mat",".mat","766","14/07/2026 19:55:38"
"Assets\Material\House 5 Color 2.mat.meta",".meta","144","14/07/2026 19:55:38"
"Assets\Material\houses 2.mat",".mat","735","14/07/2026 19:55:44"
"Assets\Material\houses 2.mat.meta",".meta","144","14/07/2026 19:55:44"
"Assets\Material\houses.mat",".mat","733","14/07/2026 19:55:44"
"Assets\Material\houses.mat.meta",".meta","144","14/07/2026 19:55:44"
"Assets\Material\HUD SpriteAtlas.mat",".mat","654","14/07/2026 19:55:32"
"Assets\Material\HUD SpriteAtlas.mat.meta",".meta","144","14/07/2026 19:55:32"
"Assets\Material\HugeRecords.mat",".mat","744","14/07/2026 19:55:44"
"Assets\Material\HugeRecords.mat.meta",".meta","144","14/07/2026 19:55:44"
"Assets\Material\icloud.mat",".mat","645","14/07/2026 19:55:46"
"Assets\Material\icloud.mat.meta",".meta","144","14/07/2026 19:55:46"
"Assets\Material\inline ramp uvs.mat",".mat","812","14/07/2026 19:55:46"
"Assets\Material\inline ramp uvs.mat.meta",".meta","144","14/07/2026 19:55:46"
"Assets\Material\InventorsEmporium.mat",".mat","750","14/07/2026 19:55:44"
"Assets\Material\InventorsEmporium.mat.meta",".meta","144","14/07/2026 19:55:44"
"Assets\Material\Kart Customizer SpriteAtlas.mat",".mat","754","14/07/2026 19:55:33"
"Assets\Material\Kart Customizer SpriteAtlas.mat.meta",".meta","144","14/07/2026 19:55:33"
"Assets\Material\kart uvs template.mat",".mat","750","14/07/2026 19:55:47"
"Assets\Material\kart uvs template.mat.meta",".meta","144","14/07/2026 19:55:47"
"Assets\Material\kick big screen.mat",".mat","1037","14/07/2026 19:55:46"
"Assets\Material\kick big screen.mat.meta",".meta","144","14/07/2026 19:55:46"
"Assets\Material\kick car pile.mat",".mat","746","14/07/2026 19:55:28"
"Assets\Material\kick car pile.mat.meta",".meta","144","14/07/2026 19:55:28"
"Assets\Material\kick ceiling.mat",".mat","745","14/07/2026 19:55:46"
"Assets\Material\kick ceiling.mat.meta",".meta","144","14/07/2026 19:55:46"
"Assets\Material\kick lights.mat",".mat","744","14/07/2026 19:55:28"
"Assets\Material\kick lights.mat.meta",".meta","144","14/07/2026 19:55:28"
"Assets\Material\kick school bus.mat",".mat","748","14/07/2026 19:55:28"
"Assets\Material\kick school bus.mat.meta",".meta","144","14/07/2026 19:55:28"
"Assets\Material\kick scorebox.mat",".mat","810","14/07/2026 19:55:28"
"Assets\Material\kick scorebox.mat.meta",".meta","144","14/07/2026 19:55:28"
"Assets\Material\kick stadium piece.mat",".mat","815","14/07/2026 19:55:28"
"Assets\Material\kick stadium piece.mat.meta",".meta","144","14/07/2026 19:55:28"
"Assets\Material\kick terrain.mat",".mat","745","14/07/2026 19:55:28"
"Assets\Material\kick terrain.mat.meta",".meta","144","14/07/2026 19:55:28"
"Assets\Material\kick terrain2.mat",".mat","746","14/07/2026 19:55:28"
"Assets\Material\kick terrain2.mat.meta",".meta","144","14/07/2026 19:55:28"
"Assets\Material\KickBillboardAd.mat",".mat","654","14/07/2026 19:55:28"
"Assets\Material\KickBillboardAd.mat.meta",".meta","144","14/07/2026 19:55:28"
"Assets\Material\kickMap.mat",".mat","740","14/07/2026 19:55:47"
"Assets\Material\kickMap.mat.meta",".meta","144","14/07/2026 19:55:47"
"Assets\Material\Laser.mat",".mat","1164","14/07/2026 19:55:47"
"Assets\Material\Laser.mat.meta",".meta","144","14/07/2026 19:55:47"
"Assets\Material\laserRobotShadow.mat",".mat","743","14/07/2026 19:55:44"
"Assets\Material\laserRobotShadow.mat.meta",".meta","144","14/07/2026 19:55:44"
"Assets\Material\LaserWall.mat",".mat","906","14/07/2026 19:55:44"
"Assets\Material\LaserWall.mat.meta",".meta","144","14/07/2026 19:55:44"
"Assets\Material\Level Previews SpriteAtlas.mat",".mat","753","14/07/2026 19:55:33"
"Assets\Material\Level Previews SpriteAtlas.mat.meta",".meta","144","14/07/2026 19:55:33"
"Assets\Material\Lightning.mat",".mat","736","14/07/2026 19:55:33"
"Assets\Material\Lightning.mat.meta",".meta","144","14/07/2026 19:55:33"
"Assets\Material\Loading Circle White Alpha.mat",".mat","753","14/07/2026 19:55:33"
"Assets\Material\Loading Circle White Alpha.mat.meta",".meta","144","14/07/2026 19:55:33"
"Assets\Material\logos SpriteAtlas.mat",".mat","744","14/07/2026 19:55:32"
"Assets\Material\logos SpriteAtlas.mat.meta",".meta","144","14/07/2026 19:55:32"
"Assets\Material\Logos SpriteAtlas_0.mat",".mat","744","14/07/2026 19:55:33"
"Assets\Material\Logos SpriteAtlas_0.mat.meta",".meta","144","14/07/2026 19:55:33"
"Assets\Material\MabelTexture.mat",".mat","745","14/07/2026 19:55:47"
"Assets\Material\MabelTexture.mat.meta",".meta","144","14/07/2026 19:55:47"
"Assets\Material\Magnet Shield.mat",".mat","841","14/07/2026 19:55:33"
"Assets\Material\Magnet Shield.mat.meta",".meta","144","14/07/2026 19:55:33"
"Assets\Material\Material_002__Screen.mat",".mat","982","14/07/2026 19:55:32"
"Assets\Material\Material_002__Screen.mat.meta",".meta","144","14/07/2026 19:55:32"
"Assets\Material\MikeTexture.mat",".mat","744","14/07/2026 19:55:47"
"Assets\Material\MikeTexture.mat.meta",".meta","144","14/07/2026 19:55:47"
"Assets\Material\MILOmap.mat",".mat","740","14/07/2026 19:55:47"
"Assets\Material\MILOmap.mat.meta",".meta","144","14/07/2026 19:55:47"
"Assets\Material\mine upgraded.mat",".mat","746","14/07/2026 19:55:47"
"Assets\Material\mine upgraded.mat.meta",".meta","144","14/07/2026 19:55:47"
"Assets\Material\mine.mat",".mat","737","14/07/2026 19:55:31"
"Assets\Material\mine.mat.meta",".meta","144","14/07/2026 19:55:31"
"Assets\Material\MineWarning.mat",".mat","833","14/07/2026 19:55:47"
"Assets\Material\MineWarning.mat.meta",".meta","144","14/07/2026 19:55:47"
"Assets\Material\Mobile Cart Part.mat",".mat","1040","14/07/2026 19:55:33"
"Assets\Material\Mobile Cart Part.mat.meta",".meta","144","14/07/2026 19:55:33"
"Assets\Material\MobileUnlit.mat",".mat","683","14/07/2026 19:55:33"
"Assets\Material\MobileUnlit.mat.meta",".meta","144","14/07/2026 19:55:33"
"Assets\Material\Multi-Use Icons SpriteAtlas.mat",".mat","754","14/07/2026 19:55:33"
"Assets\Material\Multi-Use Icons SpriteAtlas.mat.meta",".meta","144","14/07/2026 19:55:33"
"Assets\Material\Multi-Use SpriteAtlas.mat",".mat","748","14/07/2026 19:55:33"
"Assets\Material\Multi-Use SpriteAtlas.mat.meta",".meta","144","14/07/2026 19:55:33"
"Assets\Material\music icon SpriteAtlas.mat",".mat","749","14/07/2026 19:55:32"
"Assets\Material\music icon SpriteAtlas.mat.meta",".meta","144","14/07/2026 19:55:32"
"Assets\Material\Nav Bar Shifter SpriteAtlas.mat",".mat","754","14/07/2026 19:55:33"
"Assets\Material\Nav Bar Shifter SpriteAtlas.mat.meta",".meta","144","14/07/2026 19:55:33"
"Assets\Material\None__Castle_Castle_tga.mat",".mat","980","14/07/2026 19:55:29"
"Assets\Material\None__Castle_Castle_tga.mat.meta",".meta","144","14/07/2026 19:55:29"
"Assets\Material\None__fish_hooks_casltel_psd.mat",".mat","985","14/07/2026 19:55:29"
"Assets\Material\None__fish_hooks_casltel_psd.mat.meta",".meta","144","14/07/2026 19:55:29"
"Assets\Material\None__fish_hook_cliff_face_earth_psd.mat",".mat","993","14/07/2026 19:55:29"
"Assets\Material\None__fish_hook_cliff_face_earth_psd.mat.meta",".meta","144","14/07/2026 19:55:29"
"Assets\Material\None__kick_stadium_piece_psd.mat",".mat","700","14/07/2026 19:55:41"
"Assets\Material\None__kick_stadium_piece_psd.mat.meta",".meta","144","14/07/2026 19:55:41"
"Assets\Material\None__untitled.mat",".mat","747","14/07/2026 19:55:31"
"Assets\Material\None__untitled.mat.meta",".meta","144","14/07/2026 19:55:31"
"Assets\Material\OilSlick.mat",".mat","647","14/07/2026 19:55:28"
"Assets\Material\OilSlick.mat.meta",".meta","144","14/07/2026 19:55:28"
"Assets\Material\OSCARmap.mat",".mat","741","14/07/2026 19:55:47"
"Assets\Material\OSCARmap.mat.meta",".meta","144","14/07/2026 19:55:47"
"Assets\Material\OtherUI SpriteAtlas.mat",".mat","814","14/07/2026 19:55:32"
"Assets\Material\OtherUI SpriteAtlas.mat.meta",".meta","144","14/07/2026 19:55:32"
"Assets\Material\particle_4 Material.mat",".mat","1194","14/07/2026 19:55:47"
"Assets\Material\particle_4 Material.mat.meta",".meta","144","14/07/2026 19:55:47"
"Assets\Material\Perry.mat",".mat","738","14/07/2026 19:55:47"
"Assets\Material\Perry.mat.meta",".meta","144","14/07/2026 19:55:47"
"Assets\Material\phineas and ferb fancy highway.mat",".mat","1063","14/07/2026 19:55:44"
"Assets\Material\phineas and ferb fancy highway.mat.meta",".meta","144","14/07/2026 19:55:44"
"Assets\Material\phineas and ferb purple wall.mat",".mat","667","14/07/2026 19:55:44"
"Assets\Material\phineas and ferb purple wall.mat.meta",".meta","144","14/07/2026 19:55:44"
"Assets\Material\phineas ferb tunnel exterior texture 1.mat",".mat","771","14/07/2026 19:55:44"
"Assets\Material\phineas ferb tunnel exterior texture 1.mat.meta",".meta","144","14/07/2026 19:55:44"
"Assets\Material\phineas ferb tunnel exterior texture.mat",".mat","1070","14/07/2026 19:55:44"
"Assets\Material\phineas ferb tunnel exterior texture.mat.meta",".meta","144","14/07/2026 19:55:44"
"Assets\Material\phineas ferb tunnel texture.mat",".mat","1053","14/07/2026 19:55:44"
"Assets\Material\phineas ferb tunnel texture.mat.meta",".meta","144","14/07/2026 19:55:44"
"Assets\Material\phineas skybox.mat",".mat","1791","14/07/2026 19:55:41"
"Assets\Material\phineas skybox.mat.meta",".meta","144","14/07/2026 19:55:41"
"Assets\Material\phineas tree.mat",".mat","745","14/07/2026 19:55:44"
"Assets\Material\phineas tree.mat.meta",".meta","144","14/07/2026 19:55:44"
"Assets\Material\phineas underpass exit tunnel.mat",".mat","762","14/07/2026 19:55:41"
"Assets\Material\phineas underpass exit tunnel.mat.meta",".meta","144","14/07/2026 19:55:41"
"Assets\Material\Phineas.mat",".mat","740","14/07/2026 19:55:47"
"Assets\Material\Phineas.mat.meta",".meta","144","14/07/2026 19:55:47"
"Assets\Material\phineas2 skybox.mat",".mat","1792","14/07/2026 19:55:44"
"Assets\Material\phineas2 skybox.mat.meta",".meta","144","14/07/2026 19:55:44"
"Assets\Material\PhineasBillboardAd.mat",".mat","657","14/07/2026 19:55:44"
"Assets\Material\PhineasBillboardAd.mat.meta",".meta","144","14/07/2026 19:55:44"
"Assets\Material\pickup gatorade.mat",".mat","748","14/07/2026 19:55:31"
"Assets\Material\pickup gatorade.mat.meta",".meta","144","14/07/2026 19:55:31"
"Assets\Material\pickup rocket.mat",".mat","746","14/07/2026 19:55:31"
"Assets\Material\pickup rocket.mat.meta",".meta","144","14/07/2026 19:55:31"
"Assets\Material\pickup shield.mat",".mat","746","14/07/2026 19:55:31"
"Assets\Material\pickup shield.mat.meta",".meta","144","14/07/2026 19:55:31"
"Assets\Material\Pie.mat",".mat","730","14/07/2026 19:55:38"
"Assets\Material\Pie.mat.meta",".meta","144","14/07/2026 19:55:38"
"Assets\Material\PieShooter.mat",".mat","737","14/07/2026 19:55:38"
"Assets\Material\PieShooter.mat.meta",".meta","144","14/07/2026 19:55:38"
"Assets\Material\pieSlick.mat",".mat","735","14/07/2026 19:55:38"
"Assets\Material\pieSlick.mat.meta",".meta","144","14/07/2026 19:55:38"
"Assets\Material\PieSplat.mat",".mat","735","14/07/2026 19:55:38"
"Assets\Material\PieSplat.mat.meta",".meta","144","14/07/2026 19:55:38"
"Assets\Material\PieSplatEffect SpriteAtlas.mat",".mat","665","14/07/2026 19:55:33"
"Assets\Material\PieSplatEffect SpriteAtlas.mat.meta",".meta","144","14/07/2026 19:55:33"
"Assets\Material\PowerPlant.mat",".mat","743","14/07/2026 19:55:44"
"Assets\Material\PowerPlant.mat.meta",".meta","144","14/07/2026 19:55:44"
"Assets\Material\Pranksgiving SpriteAtlas.mat",".mat","751","14/07/2026 19:55:33"
"Assets\Material\Pranksgiving SpriteAtlas.mat.meta",".meta","144","14/07/2026 19:55:33"
"Assets\Material\Pranksgiving.mat",".mat","739","14/07/2026 19:55:33"
"Assets\Material\Pranksgiving.mat.meta",".meta","144","14/07/2026 19:55:33"
"Assets\Material\RaceResults SpriteAtlas.mat",".mat","750","14/07/2026 19:55:33"
"Assets\Material\RaceResults SpriteAtlas.mat.meta",".meta","144","14/07/2026 19:55:33"
"Assets\Material\ramp.mat",".mat","801","14/07/2026 19:55:31"
"Assets\Material\ramp.mat.meta",".meta","144","14/07/2026 19:55:31"
"Assets\Material\ramp_0.mat",".mat","1026","14/07/2026 19:55:33"
"Assets\Material\ramp_0.mat.meta",".meta","144","14/07/2026 19:55:33"
"Assets\Material\randy.mat",".mat","732","14/07/2026 19:55:47"
"Assets\Material\randy.mat.meta",".meta","144","14/07/2026 19:55:47"
"Assets\Material\Retaining Wall Brick.mat",".mat","771","14/07/2026 19:55:38"
"Assets\Material\Retaining Wall Brick.mat.meta",".meta","144","14/07/2026 19:55:38"
"Assets\Material\Road_Flat_002SG1.mat",".mat","688","14/07/2026 19:55:30"
"Assets\Material\Road_Flat_002SG1.mat.meta",".meta","144","14/07/2026 19:55:30"
"Assets\Material\robot phineas.mat",".mat","816","14/07/2026 19:55:44"
"Assets\Material\robot phineas.mat.meta",".meta","144","14/07/2026 19:55:44"
"Assets\Material\Rock.mat",".mat","758","14/07/2026 19:55:38"
"Assets\Material\Rock.mat.meta",".meta","144","14/07/2026 19:55:38"
"Assets\Material\ScubaGuy.mat",".mat","965","14/07/2026 19:55:31"
"Assets\Material\ScubaGuy.mat.meta",".meta","144","14/07/2026 19:55:31"
"Assets\Material\Shadow Blob.mat",".mat","747","14/07/2026 19:55:47"
"Assets\Material\Shadow Blob.mat.meta",".meta","144","14/07/2026 19:55:47"
"Assets\Material\Shield 1.mat",".mat","836","14/07/2026 19:55:33"
"Assets\Material\Shield 1.mat.meta",".meta","144","14/07/2026 19:55:33"
"Assets\Material\Shield Double.mat",".mat","841","14/07/2026 19:55:33"
"Assets\Material\Shield Double.mat.meta",".meta","144","14/07/2026 19:55:33"
"Assets\Material\Shifter Slot Back.mat",".mat","656","14/07/2026 19:55:33"
"Assets\Material\Shifter Slot Back.mat.meta",".meta","144","14/07/2026 19:55:33"
"Assets\Material\Shifter Slot Front.mat",".mat","745","14/07/2026 19:55:33"
"Assets\Material\Shifter Slot Front.mat.meta",".meta","144","14/07/2026 19:55:33"
"Assets\Material\Show Logo.mat",".mat","736","14/07/2026 19:55:32"
"Assets\Material\Show Logo.mat.meta",".meta","144","14/07/2026 19:55:32"
"Assets\Material\Sidewalk 3-Tile.mat",".mat","736","14/07/2026 19:55:38"
"Assets\Material\Sidewalk 3-Tile.mat.meta",".meta","144","14/07/2026 19:55:38"
"Assets\Material\Sidwalk 2-Tile.mat",".mat","741","14/07/2026 19:55:38"
"Assets\Material\Sidwalk 2-Tile.mat.meta",".meta","144","14/07/2026 19:55:38"
"Assets\Material\SmokeRealBlurred.mat",".mat","743","14/07/2026 19:55:33"
"Assets\Material\SmokeRealBlurred.mat.meta",".meta","144","14/07/2026 19:55:33"
"Assets\Material\SmokeRingBurst.mat",".mat","741","14/07/2026 19:55:33"
"Assets\Material\SmokeRingBurst.mat.meta",".meta","144","14/07/2026 19:55:33"
"Assets\Material\SmokeRingBurstHARD.mat",".mat","745","14/07/2026 19:55:33"
"Assets\Material\SmokeRingBurstHARD.mat.meta",".meta","144","14/07/2026 19:55:33"
"Assets\Material\Soda.mat",".mat","731","14/07/2026 19:55:44"
"Assets\Material\Soda.mat.meta",".meta","144","14/07/2026 19:55:44"
"Assets\Material\SoosTexture.mat",".mat","744","14/07/2026 19:55:47"
"Assets\Material\SoosTexture.mat.meta",".meta","144","14/07/2026 19:55:47"
"Assets\Material\sound icon SpriteAtlas.mat",".mat","749","14/07/2026 19:55:32"
"Assets\Material\sound icon SpriteAtlas.mat.meta",".meta","144","14/07/2026 19:55:32"
"Assets\Material\Spark clouds.mat",".mat","651","14/07/2026 19:55:33"
"Assets\Material\Spark clouds.mat.meta",".meta","144","14/07/2026 19:55:33"
"Assets\Material\Sparkle Add.mat",".mat","650","14/07/2026 19:55:31"
"Assets\Material\Sparkle Add.mat.meta",".meta","144","14/07/2026 19:55:31"
"Assets\Material\Sparkle.mat",".mat","646","14/07/2026 19:55:33"
"Assets\Material\Sparkle.mat.meta",".meta","144","14/07/2026 19:55:33"
"Assets\Material\Sparks add.mat",".mat","649","14/07/2026 19:55:33"
"Assets\Material\Sparks add.mat.meta",".meta","144","14/07/2026 19:55:33"
"Assets\Material\speakers.mat",".mat","741","14/07/2026 19:55:28"
"Assets\Material\speakers.mat.meta",".meta","144","14/07/2026 19:55:28"
"Assets\Material\speed strip.mat",".mat","978","14/07/2026 19:55:31"
"Assets\Material\speed strip.mat.meta",".meta","144","14/07/2026 19:55:31"
"Assets\Material\SpinCircle.mat",".mat","649","14/07/2026 19:55:33"
"Assets\Material\SpinCircle.mat.meta",".meta","144","14/07/2026 19:55:33"
"Assets\Material\spinning tire.mat",".mat","740","14/07/2026 19:55:46"
"Assets\Material\spinning tire.mat.meta",".meta","144","14/07/2026 19:55:46"
"Assets\Material\SS Logo.mat",".mat","734","14/07/2026 19:55:33"
"Assets\Material\SS Logo.mat.meta",".meta","144","14/07/2026 19:55:33"
"Assets\Material\Street 1 finish line.mat",".mat","753","14/07/2026 19:55:44"
"Assets\Material\Street 1 finish line.mat.meta",".meta","144","14/07/2026 19:55:44"
"Assets\Material\Street 1.mat",".mat","741","14/07/2026 19:55:28"
"Assets\Material\Street 1.mat.meta",".meta","144","14/07/2026 19:55:28"
"Assets\Material\Street 1_0.mat",".mat","741","14/07/2026 19:55:38"
"Assets\Material\Street 1_0.mat.meta",".meta","144","14/07/2026 19:55:38"
"Assets\Material\Street Corner.mat",".mat","746","14/07/2026 19:55:28"
"Assets\Material\Street Corner.mat.meta",".meta","144","14/07/2026 19:55:28"
"Assets\Material\Street to Dirt Transition.mat",".mat","758","14/07/2026 19:55:38"
"Assets\Material\Street to Dirt Transition.mat.meta",".meta","144","14/07/2026 19:55:38"
"Assets\Material\Swatch Red.mat",".mat","737","14/07/2026 19:55:33"
"Assets\Material\Swatch Red.mat.meta",".meta","144","14/07/2026 19:55:33"
"Assets\Material\texture additional parts.mat",".mat","757","14/07/2026 19:55:33"
"Assets\Material\texture additional parts.mat.meta",".meta","144","14/07/2026 19:55:33"
"Assets\Material\texture additional parts_0.mat",".mat","751","14/07/2026 19:55:46"
"Assets\Material\texture additional parts_0.mat.meta",".meta","144","14/07/2026 19:55:46"
"Assets\Material\texture kart bea.mat",".mat","749","14/07/2026 19:55:47"
"Assets\Material\texture kart bea.mat.meta",".meta","144","14/07/2026 19:55:47"
"Assets\Material\texture kart brad.mat",".mat","750","14/07/2026 19:55:47"
"Assets\Material\texture kart brad.mat.meta",".meta","144","14/07/2026 19:55:47"
"Assets\Material\texture kart crap.mat",".mat","747","14/07/2026 19:55:47"
"Assets\Material\texture kart crap.mat.meta",".meta","144","14/07/2026 19:55:47"
"Assets\Material\texture kart dipper.mat",".mat","755","14/07/2026 19:55:47"
"Assets\Material\texture kart dipper.mat.meta",".meta","144","14/07/2026 19:55:47"
"Assets\Material\texture kart gunther.mat",".mat","756","14/07/2026 19:55:47"
"Assets\Material\texture kart gunther.mat.meta",".meta","144","14/07/2026 19:55:47"
"Assets\Material\texture kart kick.mat",".mat","753","14/07/2026 19:55:47"
"Assets\Material\texture kart kick.mat.meta",".meta","144","14/07/2026 19:55:47"
"Assets\Material\texture kart mabel.mat",".mat","754","14/07/2026 19:55:47"
"Assets\Material\texture kart mabel.mat.meta",".meta","144","14/07/2026 19:55:47"
"Assets\Material\texture kart mike.mat",".mat","753","14/07/2026 19:55:47"
"Assets\Material\texture kart mike.mat.meta",".meta","144","14/07/2026 19:55:47"
"Assets\Material\texture kart milo.mat",".mat","750","14/07/2026 19:55:47"
"Assets\Material\texture kart milo.mat.meta",".meta","144","14/07/2026 19:55:47"
"Assets\Material\texture kart oscar.mat",".mat","751","14/07/2026 19:55:47"
"Assets\Material\texture kart oscar.mat.meta",".meta","144","14/07/2026 19:55:47"
"Assets\Material\texture kart phineas.mat",".mat","756","14/07/2026 19:55:47"
"Assets\Material\texture kart phineas.mat.meta",".meta","144","14/07/2026 19:55:47"
"Assets\Material\texture kart randy.mat",".mat","745","14/07/2026 19:55:47"
"Assets\Material\texture kart randy.mat.meta",".meta","144","14/07/2026 19:55:47"
"Assets\Material\texture kart01.mat",".mat","747","14/07/2026 19:55:47"
"Assets\Material\texture kart01.mat.meta",".meta","144","14/07/2026 19:55:47"
"Assets\Material\texture kart02.mat",".mat","747","14/07/2026 19:55:47"
"Assets\Material\texture kart02.mat.meta",".meta","144","14/07/2026 19:55:47"
"Assets\Material\texture kart03.mat",".mat","750","14/07/2026 19:55:47"
"Assets\Material\texture kart03.mat.meta",".meta","144","14/07/2026 19:55:47"
"Assets\Material\texture kart04.mat",".mat","750","14/07/2026 19:55:47"
"Assets\Material\texture kart04.mat.meta",".meta","144","14/07/2026 19:55:47"
"Assets\Material\texture kart05.mat",".mat","750","14/07/2026 19:55:47"
"Assets\Material\texture kart05.mat.meta",".meta","144","14/07/2026 19:55:47"
"Assets\Material\texture kat ferb.mat",".mat","752","14/07/2026 19:55:47"
"Assets\Material\texture kat ferb.mat.meta",".meta","144","14/07/2026 19:55:47"
"Assets\Material\texture kat perry.mat",".mat","753","14/07/2026 19:55:47"
"Assets\Material\texture kat perry.mat.meta",".meta","144","14/07/2026 19:55:47"
"Assets\Material\texture water.mat",".mat","1071","14/07/2026 19:55:43"
"Assets\Material\texture water.mat.meta",".meta","144","14/07/2026 19:55:43"
"Assets\Material\texture water2.mat",".mat","747","14/07/2026 19:55:43"
"Assets\Material\texture water2.mat.meta",".meta","144","14/07/2026 19:55:43"
"Assets\Material\tire face.mat",".mat","742","14/07/2026 19:55:28"
"Assets\Material\tire face.mat.meta",".meta","144","14/07/2026 19:55:28"
"Assets\Material\tiret.mat",".mat","738","14/07/2026 19:55:28"
"Assets\Material\tiret.mat.meta",".meta","144","14/07/2026 19:55:28"
"Assets\Material\track 01 container.mat",".mat","751","14/07/2026 19:55:28"
"Assets\Material\track 01 container.mat.meta",".meta","144","14/07/2026 19:55:28"
"Assets\Material\track 01 container2.mat",".mat","752","14/07/2026 19:55:28"
"Assets\Material\track 01 container2.mat.meta",".meta","144","14/07/2026 19:55:28"
"Assets\Material\track kb terrain.mat",".mat","749","14/07/2026 19:55:44"
"Assets\Material\track kb terrain.mat.meta",".meta","144","14/07/2026 19:55:44"
"Assets\Material\track01 ends.mat",".mat","745","14/07/2026 19:55:28"
"Assets\Material\track01 ends.mat.meta",".meta","144","14/07/2026 19:55:28"
"Assets\Material\track01 hills.mat",".mat","746","14/07/2026 19:55:43"
"Assets\Material\track01 hills.mat.meta",".meta","144","14/07/2026 19:55:43"
"Assets\Material\Track01-sign.mat",".mat","969","14/07/2026 19:55:31"
"Assets\Material\Track01-sign.mat.meta",".meta","144","14/07/2026 19:55:31"
"Assets\Material\Track01_Basketball_hoop.mat",".mat","750","14/07/2026 19:55:31"
"Assets\Material\Track01_Basketball_hoop.mat.meta",".meta","144","14/07/2026 19:55:31"
"Assets\Material\Trafic Light SpriteAtlas.mat",".mat","663","14/07/2026 19:55:31"
"Assets\Material\Trafic Light SpriteAtlas.mat.meta",".meta","144","14/07/2026 19:55:31"
"Assets\Material\Tripwire Shield.mat",".mat","843","14/07/2026 19:55:33"
"Assets\Material\Tripwire Shield.mat.meta",".meta","144","14/07/2026 19:55:33"
"Assets\Material\Tunnel.mat",".mat","739","14/07/2026 19:55:28"
"Assets\Material\Tunnel.mat.meta",".meta","144","14/07/2026 19:55:28"
"Assets\Material\TurkeyGooShooter.mat",".mat","743","14/07/2026 19:55:38"
"Assets\Material\TurkeyGooShooter.mat.meta",".meta","144","14/07/2026 19:55:38"
"Assets\Material\Tutorial logo.mat",".mat","740","14/07/2026 19:55:31"
"Assets\Material\Tutorial logo.mat.meta",".meta","144","14/07/2026 19:55:31"
"Assets\Material\unnamed.mat",".mat","734","14/07/2026 19:55:28"
"Assets\Material\unnamed.mat.meta",".meta","144","14/07/2026 19:55:28"
"Assets\Material\unnamed_0.mat",".mat","734","14/07/2026 19:55:38"
"Assets\Material\unnamed_0.mat.meta",".meta","144","14/07/2026 19:55:38"
"Assets\Material\unnamed_1.mat",".mat","685","14/07/2026 19:55:43"
"Assets\Material\unnamed_1.mat.meta",".meta","144","14/07/2026 19:55:43"
"Assets\Material\Vertical strays SpriteAtlas.mat",".mat","666","14/07/2026 19:55:33"
"Assets\Material\Vertical strays SpriteAtlas.mat.meta",".meta","144","14/07/2026 19:55:33"
"Assets\Material\White Fade.mat",".mat","750","14/07/2026 19:55:33"
"Assets\Material\White Fade.mat.meta",".meta","144","14/07/2026 19:55:33"
"Assets\Material\white wall 2.mat",".mat","739","14/07/2026 19:55:44"
"Assets\Material\white wall 2.mat.meta",".meta","144","14/07/2026 19:55:44"
"Assets\Material\white wall.mat",".mat","743","14/07/2026 19:55:44"
"Assets\Material\white wall.mat.meta",".meta","144","14/07/2026 19:55:44"
"Assets\Material\WhoopieCushion.mat",".mat","741","14/07/2026 19:55:38"
"Assets\Material\WhoopieCushion.mat.meta",".meta","144","14/07/2026 19:55:38"
"Assets\Material\WhoopieSmoke.mat",".mat","739","14/07/2026 19:55:38"
"Assets\Material\WhoopieSmoke.mat.meta",".meta","144","14/07/2026 19:55:38"
"Assets\Material\wrench.mat",".mat","645","14/07/2026 19:55:33"
"Assets\Material\wrench.mat.meta",".meta","144","14/07/2026 19:55:33"
"Assets\Mesh\2-4_Lane_Corner_a_000.asset",".asset","6704","14/07/2026 19:55:43"
"Assets\Mesh\2-4_Lane_Corner_a_000.asset.meta",".meta","144","14/07/2026 19:55:43"
"Assets\Mesh\2-4_Lane_Corner_a_001.asset",".asset","9030","14/07/2026 19:55:43"
"Assets\Mesh\2-4_Lane_Corner_a_001.asset.meta",".meta","144","14/07/2026 19:55:43"
"Assets\Mesh\2-4_Lane_Corner_a_001_0.asset",".asset","4142","14/07/2026 19:55:45"
"Assets\Mesh\2-4_Lane_Corner_a_001_0.asset.meta",".meta","144","14/07/2026 19:55:45"
"Assets\Mesh\2-4_Lane_Corner_a_002.asset",".asset","9046","14/07/2026 19:55:43"
"Assets\Mesh\2-4_Lane_Corner_a_002.asset.meta",".meta","144","14/07/2026 19:55:43"
"Assets\Mesh\2-4_Lane_Corner_a_003.asset",".asset","8281","14/07/2026 19:55:43"
"Assets\Mesh\2-4_Lane_Corner_a_003.asset.meta",".meta","144","14/07/2026 19:55:43"
"Assets\Mesh\2-4_Lane_Corner_a_004.asset",".asset","8280","14/07/2026 19:55:43"
"Assets\Mesh\2-4_Lane_Corner_a_004.asset.meta",".meta","144","14/07/2026 19:55:43"
"Assets\Mesh\2-4_Lane_Corner_a_005.asset",".asset","6720","14/07/2026 19:55:43"
"Assets\Mesh\2-4_Lane_Corner_a_005.asset.meta",".meta","144","14/07/2026 19:55:43"
"Assets\Mesh\2-4_Lane_Corner_a_007.asset",".asset","3568","14/07/2026 19:55:43"
"Assets\Mesh\2-4_Lane_Corner_a_007.asset.meta",".meta","144","14/07/2026 19:55:43"
"Assets\Mesh\2-4_Lane_Corner_a_009.asset",".asset","4389","14/07/2026 19:55:43"
"Assets\Mesh\2-4_Lane_Corner_a_009.asset.meta",".meta","144","14/07/2026 19:55:43"
"Assets\Mesh\2-Lane_Street_000.asset",".asset","3802","14/07/2026 19:55:45"
"Assets\Mesh\2-Lane_Street_000.asset.meta",".meta","144","14/07/2026 19:55:45"
"Assets\Mesh\2-Lane_Street_001.asset",".asset","91675","14/07/2026 19:55:43"
"Assets\Mesh\2-Lane_Street_001.asset.meta",".meta","144","14/07/2026 19:55:43"
"Assets\Mesh\2-Lane_Street_001_0.asset",".asset","3802","14/07/2026 19:55:45"
"Assets\Mesh\2-Lane_Street_001_0.asset.meta",".meta","144","14/07/2026 19:55:45"
"Assets\Mesh\2-Lane_Street_002.asset",".asset","4030","14/07/2026 19:55:45"
"Assets\Mesh\2-Lane_Street_002.asset.meta",".meta","144","14/07/2026 19:55:45"
"Assets\Mesh\2-Lane_Street_012.asset",".asset","66747","14/07/2026 19:55:44"
"Assets\Mesh\2-Lane_Street_012.asset.meta",".meta","144","14/07/2026 19:55:44"
"Assets\Mesh\2-Lane_Street_013.asset",".asset","27706","14/07/2026 19:55:44"
"Assets\Mesh\2-Lane_Street_013.asset.meta",".meta","144","14/07/2026 19:55:44"
"Assets\Mesh\2_Lane_Corner_a_001.asset",".asset","3903","14/07/2026 19:55:45"
"Assets\Mesh\2_Lane_Corner_a_001.asset.meta",".meta","144","14/07/2026 19:55:45"
"Assets\Mesh\2_Lane_Corner_a_002.asset",".asset","3903","14/07/2026 19:55:45"
"Assets\Mesh\2_Lane_Corner_a_002.asset.meta",".meta","144","14/07/2026 19:55:45"
"Assets\Mesh\2_Lane_Corner_a_003.asset",".asset","3905","14/07/2026 19:55:45"
"Assets\Mesh\2_Lane_Corner_a_003.asset.meta",".meta","144","14/07/2026 19:55:45"
"Assets\Mesh\2_Lane_End_Cap_001.asset",".asset","3833","14/07/2026 19:55:45"
"Assets\Mesh\2_Lane_End_Cap_001.asset.meta",".meta","144","14/07/2026 19:55:45"
"Assets\Mesh\4-Lane_Corner_001.asset",".asset","4468","14/07/2026 19:55:43"
"Assets\Mesh\4-Lane_Corner_001.asset.meta",".meta","144","14/07/2026 19:55:43"
"Assets\Mesh\4-Lane_Corner_001_0.asset",".asset","4466","14/07/2026 19:55:45"
"Assets\Mesh\4-Lane_Corner_001_0.asset.meta",".meta","144","14/07/2026 19:55:45"
"Assets\Mesh\4-Lane_Corner_002.asset",".asset","4466","14/07/2026 19:55:45"
"Assets\Mesh\4-Lane_Corner_002.asset.meta",".meta","144","14/07/2026 19:55:45"
"Assets\Mesh\4-Lane_Corner_003.asset",".asset","4466","14/07/2026 19:55:45"
"Assets\Mesh\4-Lane_Corner_003.asset.meta",".meta","144","14/07/2026 19:55:45"
"Assets\Mesh\4-Lane_Corner_004.asset",".asset","40486","14/07/2026 19:55:44"
"Assets\Mesh\4-Lane_Corner_004.asset.meta",".meta","144","14/07/2026 19:55:44"
"Assets\Mesh\4-Lane_Corner_004_0.asset",".asset","4466","14/07/2026 19:55:45"
"Assets\Mesh\4-Lane_Corner_004_0.asset.meta",".meta","144","14/07/2026 19:55:45"
"Assets\Mesh\4-Lane_Corner_005.asset",".asset","4466","14/07/2026 19:55:45"
"Assets\Mesh\4-Lane_Corner_005.asset.meta",".meta","144","14/07/2026 19:55:45"
"Assets\Mesh\4-Lane_Street_001.asset",".asset","3846","14/07/2026 19:55:43"
"Assets\Mesh\4-Lane_Street_001.asset.meta",".meta","144","14/07/2026 19:55:43"
"Assets\Mesh\4-Lane_Street_001_0.asset",".asset","5622","14/07/2026 19:55:45"
"Assets\Mesh\4-Lane_Street_001_0.asset.meta",".meta","144","14/07/2026 19:55:45"
"Assets\Mesh\4-Lane_Street_002.asset",".asset","3857","14/07/2026 19:55:45"
"Assets\Mesh\4-Lane_Street_002.asset.meta",".meta","144","14/07/2026 19:55:45"
"Assets\Mesh\4-Lane_Street_003.asset",".asset","3832","14/07/2026 19:55:45"
"Assets\Mesh\4-Lane_Street_003.asset.meta",".meta","144","14/07/2026 19:55:45"
"Assets\Mesh\4-Lane_Street_004.asset",".asset","6296","14/07/2026 19:55:45"
"Assets\Mesh\4-Lane_Street_004.asset.meta",".meta","144","14/07/2026 19:55:45"
"Assets\Mesh\4-Lane_Street_004_collision.asset",".asset","4960","14/07/2026 19:55:43"
"Assets\Mesh\4-Lane_Street_004_collision.asset.meta",".meta","144","14/07/2026 19:55:43"
"Assets\Mesh\4-Lane_Street_005.asset",".asset","6099","14/07/2026 19:55:43"
"Assets\Mesh\4-Lane_Street_005.asset.meta",".meta","144","14/07/2026 19:55:43"
"Assets\Mesh\4-Lane_Street_007.asset",".asset","5666","14/07/2026 19:55:43"
"Assets\Mesh\4-Lane_Street_007.asset.meta",".meta","144","14/07/2026 19:55:43"
"Assets\Mesh\4-Lane_Street_011.asset",".asset","3761","14/07/2026 19:55:45"
"Assets\Mesh\4-Lane_Street_011.asset.meta",".meta","144","14/07/2026 19:55:45"
"Assets\Mesh\4-Lane_Street_012.asset",".asset","6274","14/07/2026 19:55:44"
"Assets\Mesh\4-Lane_Street_012.asset.meta",".meta","144","14/07/2026 19:55:44"
"Assets\Mesh\4-Lane_Street_012_0.asset",".asset","3860","14/07/2026 19:55:45"
"Assets\Mesh\4-Lane_Street_012_0.asset.meta",".meta","144","14/07/2026 19:55:45"
"Assets\Mesh\4-Lane_Street_014.asset",".asset","3833","14/07/2026 19:55:45"
"Assets\Mesh\4-Lane_Street_014.asset.meta",".meta","144","14/07/2026 19:55:45"
"Assets\Mesh\4-Lane_Street_015.asset",".asset","3133","14/07/2026 19:55:45"
"Assets\Mesh\4-Lane_Street_015.asset.meta",".meta","144","14/07/2026 19:55:45"
"Assets\Mesh\4-Lane_Street_020.asset",".asset","34729","14/07/2026 19:55:44"
"Assets\Mesh\4-Lane_Street_020.asset.meta",".meta","144","14/07/2026 19:55:44"
"Assets\Mesh\4-Lane_Tunnel_001.asset",".asset","5644","14/07/2026 19:55:43"
"Assets\Mesh\4-Lane_Tunnel_001.asset.meta",".meta","144","14/07/2026 19:55:43"
"Assets\Mesh\4-Lane_Tunnel_002.asset",".asset","5644","14/07/2026 19:55:43"
"Assets\Mesh\4-Lane_Tunnel_002.asset.meta",".meta","144","14/07/2026 19:55:43"
"Assets\Mesh\4-Lane_Tunnel_003.asset",".asset","3099","14/07/2026 19:55:43"
"Assets\Mesh\4-Lane_Tunnel_003.asset.meta",".meta","144","14/07/2026 19:55:43"
"Assets\Mesh\4_Lane_End_Cap_001.asset",".asset","3860","14/07/2026 19:55:45"
"Assets\Mesh\4_Lane_End_Cap_001.asset.meta",".meta","144","14/07/2026 19:55:45"
"Assets\Mesh\4_Lane_End_Cap_002.asset",".asset","3860","14/07/2026 19:55:45"
"Assets\Mesh\4_Lane_End_Cap_002.asset.meta",".meta","144","14/07/2026 19:55:45"
"Assets\Mesh\4_Lane_End_Cap_003.asset",".asset","3843","14/07/2026 19:55:44"
"Assets\Mesh\4_Lane_End_Cap_003.asset.meta",".meta","144","14/07/2026 19:55:44"
"Assets\Mesh\4_Lane_End_Cap_003_0.asset",".asset","3860","14/07/2026 19:55:45"
"Assets\Mesh\4_Lane_End_Cap_003_0.asset.meta",".meta","144","14/07/2026 19:55:45"
"Assets\Mesh\4_Lane_End_Cap_005.asset",".asset","3843","14/07/2026 19:55:43"
"Assets\Mesh\4_Lane_End_Cap_005.asset.meta",".meta","144","14/07/2026 19:55:43"
"Assets\Mesh\4_Lane_End_Cap_a_002.asset",".asset","3843","14/07/2026 19:55:45"
"Assets\Mesh\4_Lane_End_Cap_a_002.asset.meta",".meta","144","14/07/2026 19:55:45"
"Assets\Mesh\4_Lane_End_Cap_a_004.asset",".asset","6916","14/07/2026 19:55:43"
"Assets\Mesh\4_Lane_End_Cap_a_004.asset.meta",".meta","144","14/07/2026 19:55:43"
"Assets\Mesh\4_Lane_End_Cap_a_005.asset",".asset","3593","14/07/2026 19:55:45"
"Assets\Mesh\4_Lane_End_Cap_a_005.asset.meta",".meta","144","14/07/2026 19:55:45"
"Assets\Mesh\4_Lane_End_Cap_a_006.asset",".asset","3835","14/07/2026 19:55:43"
"Assets\Mesh\4_Lane_End_Cap_a_006.asset.meta",".meta","144","14/07/2026 19:55:43"
"Assets\Mesh\4_Lane_End_Cap_a_006_0.asset",".asset","4083","14/07/2026 19:55:45"
"Assets\Mesh\4_Lane_End_Cap_a_006_0.asset.meta",".meta","144","14/07/2026 19:55:45"
"Assets\Mesh\4_Lane_End_Cap_a_007.asset",".asset","4059","14/07/2026 19:55:43"
"Assets\Mesh\4_Lane_End_Cap_a_007.asset.meta",".meta","144","14/07/2026 19:55:43"
"Assets\Mesh\4_Lane_End_Cap_a_007_0.asset",".asset","3611","14/07/2026 19:55:45"
"Assets\Mesh\4_Lane_End_Cap_a_007_0.asset.meta",".meta","144","14/07/2026 19:55:45"
"Assets\Mesh\4_Lane_End_Cap_a_008.asset",".asset","3611","14/07/2026 19:55:45"
"Assets\Mesh\4_Lane_End_Cap_a_008.asset.meta",".meta","144","14/07/2026 19:55:45"
"Assets\Mesh\4_Lane_End_Cap_a_009.asset",".asset","4083","14/07/2026 19:55:45"
"Assets\Mesh\4_Lane_End_Cap_a_009.asset.meta",".meta","144","14/07/2026 19:55:45"
"Assets\Mesh\4_Lane_End_Cap_a_010.asset",".asset","3593","14/07/2026 19:55:45"
"Assets\Mesh\4_Lane_End_Cap_a_010.asset.meta",".meta","144","14/07/2026 19:55:45"
"Assets\Mesh\4_Lane_End_Cap_a_011.asset",".asset","3593","14/07/2026 19:55:45"
"Assets\Mesh\4_Lane_End_Cap_a_011.asset.meta",".meta","144","14/07/2026 19:55:45"
"Assets\Mesh\4_Lane_End_Cap_a_012.asset",".asset","4083","14/07/2026 19:55:45"
"Assets\Mesh\4_Lane_End_Cap_a_012.asset.meta",".meta","144","14/07/2026 19:55:45"
"Assets\Mesh\4_Lane_End_Cap_a_013.asset",".asset","3611","14/07/2026 19:55:45"
"Assets\Mesh\4_Lane_End_Cap_a_013.asset.meta",".meta","144","14/07/2026 19:55:45"
"Assets\Mesh\4_Lane_End_Cap_a_014.asset",".asset","3610","14/07/2026 19:55:45"
"Assets\Mesh\4_Lane_End_Cap_a_014.asset.meta",".meta","144","14/07/2026 19:55:45"
"Assets\Mesh\4_Lane_End_Cap_a_015.asset",".asset","4066","14/07/2026 19:55:45"
"Assets\Mesh\4_Lane_End_Cap_a_015.asset.meta",".meta","144","14/07/2026 19:55:45"
"Assets\Mesh\4_Lane_End_Cap_a_016.asset",".asset","4069","14/07/2026 19:55:45"
"Assets\Mesh\4_Lane_End_Cap_a_016.asset.meta",".meta","144","14/07/2026 19:55:45"
"Assets\Mesh\4_Lane_End_Cap_a_017.asset",".asset","3843","14/07/2026 19:55:45"
"Assets\Mesh\4_Lane_End_Cap_a_017.asset.meta",".meta","144","14/07/2026 19:55:45"
"Assets\Mesh\4_Lane_End_Cap_a_022.asset",".asset","3835","14/07/2026 19:55:44"
"Assets\Mesh\4_Lane_End_Cap_a_022.asset.meta",".meta","144","14/07/2026 19:55:44"
"Assets\Mesh\4_Lane_End_Cap_a_022_0.asset",".asset","3843","14/07/2026 19:55:45"
"Assets\Mesh\4_Lane_End_Cap_a_022_0.asset.meta",".meta","144","14/07/2026 19:55:45"
"Assets\Mesh\a.asset",".asset","22329","14/07/2026 19:55:32"
"Assets\Mesh\a.asset.meta",".meta","144","14/07/2026 19:55:32"
"Assets\Mesh\Arrow_Sign.asset",".asset","3621","14/07/2026 19:55:44"
"Assets\Mesh\Arrow_Sign.asset.meta",".meta","144","14/07/2026 19:55:44"
"Assets\Mesh\BEA.asset",".asset","40803","14/07/2026 19:55:50"
"Assets\Mesh\BEA.asset.meta",".meta","144","14/07/2026 19:55:50"
"Assets\Mesh\belt.asset",".asset","8828","14/07/2026 19:55:50"
"Assets\Mesh\belt.asset.meta",".meta","144","14/07/2026 19:55:50"
"Assets\Mesh\belt_0.asset",".asset","8696","14/07/2026 19:55:50"
"Assets\Mesh\belt_0.asset.meta",".meta","144","14/07/2026 19:55:50"
"Assets\Mesh\belt_1.asset",".asset","8629","14/07/2026 19:55:50"
"Assets\Mesh\belt_1.asset.meta",".meta","144","14/07/2026 19:55:50"
"Assets\Mesh\belt_10.asset",".asset","8416","14/07/2026 19:55:50"
"Assets\Mesh\belt_10.asset.meta",".meta","144","14/07/2026 19:55:50"
"Assets\Mesh\belt_11.asset",".asset","3636","14/07/2026 19:55:50"
"Assets\Mesh\belt_11.asset.meta",".meta","144","14/07/2026 19:55:50"
"Assets\Mesh\belt_12.asset",".asset","8741","14/07/2026 19:55:50"
"Assets\Mesh\belt_12.asset.meta",".meta","144","14/07/2026 19:55:50"
"Assets\Mesh\belt_13.asset",".asset","8687","14/07/2026 19:55:50"
"Assets\Mesh\belt_13.asset.meta",".meta","144","14/07/2026 19:55:50"
"Assets\Mesh\belt_2.asset",".asset","8684","14/07/2026 19:55:50"
"Assets\Mesh\belt_2.asset.meta",".meta","144","14/07/2026 19:55:50"
"Assets\Mesh\belt_3.asset",".asset","9738","14/07/2026 19:55:50"
"Assets\Mesh\belt_3.asset.meta",".meta","144","14/07/2026 19:55:50"
"Assets\Mesh\belt_4.asset",".asset","8388","14/07/2026 19:55:50"
"Assets\Mesh\belt_4.asset.meta",".meta","144","14/07/2026 19:55:50"
"Assets\Mesh\belt_5.asset",".asset","6846","14/07/2026 19:55:50"
"Assets\Mesh\belt_5.asset.meta",".meta","144","14/07/2026 19:55:50"
"Assets\Mesh\belt_6.asset",".asset","8758","14/07/2026 19:55:50"
"Assets\Mesh\belt_6.asset.meta",".meta","144","14/07/2026 19:55:50"
"Assets\Mesh\belt_7.asset",".asset","6855","14/07/2026 19:55:50"
"Assets\Mesh\belt_7.asset.meta",".meta","144","14/07/2026 19:55:50"
"Assets\Mesh\belt_8.asset",".asset","8712","14/07/2026 19:55:50"
"Assets\Mesh\belt_8.asset.meta",".meta","144","14/07/2026 19:55:50"
"Assets\Mesh\belt_9.asset",".asset","6826","14/07/2026 19:55:50"
"Assets\Mesh\belt_9.asset.meta",".meta","144","14/07/2026 19:55:50"
"Assets\Mesh\blue_crate_open.asset",".asset","4364","14/07/2026 19:55:29"
"Assets\Mesh\blue_crate_open.asset.meta",".meta","144","14/07/2026 19:55:29"
"Assets\Mesh\body.asset",".asset","9218","14/07/2026 19:55:50"
"Assets\Mesh\body.asset.meta",".meta","144","14/07/2026 19:55:50"
"Assets\Mesh\body_0.asset",".asset","16112","14/07/2026 19:55:50"
"Assets\Mesh\body_0.asset.meta",".meta","144","14/07/2026 19:55:50"
"Assets\Mesh\body_1.asset",".asset","11528","14/07/2026 19:55:50"
"Assets\Mesh\body_1.asset.meta",".meta","144","14/07/2026 19:55:50"
"Assets\Mesh\body_10.asset",".asset","18996","14/07/2026 19:55:50"
"Assets\Mesh\body_10.asset.meta",".meta","144","14/07/2026 19:55:50"
"Assets\Mesh\body_11.asset",".asset","18918","14/07/2026 19:55:50"
"Assets\Mesh\body_11.asset.meta",".meta","144","14/07/2026 19:55:50"
"Assets\Mesh\body_12.asset",".asset","19604","14/07/2026 19:55:51"
"Assets\Mesh\body_12.asset.meta",".meta","144","14/07/2026 19:55:51"
"Assets\Mesh\body_13.asset",".asset","18732","14/07/2026 19:55:51"
"Assets\Mesh\body_13.asset.meta",".meta","144","14/07/2026 19:55:51"
"Assets\Mesh\body_14.asset",".asset","18487","14/07/2026 19:55:51"
"Assets\Mesh\body_14.asset.meta",".meta","144","14/07/2026 19:55:51"
"Assets\Mesh\body_15.asset",".asset","15456","14/07/2026 19:55:51"
"Assets\Mesh\body_15.asset.meta",".meta","144","14/07/2026 19:55:51"
"Assets\Mesh\body_16.asset",".asset","17706","14/07/2026 19:55:51"
"Assets\Mesh\body_16.asset.meta",".meta","144","14/07/2026 19:55:51"
"Assets\Mesh\body_17.asset",".asset","12675","14/07/2026 19:55:51"
"Assets\Mesh\body_17.asset.meta",".meta","144","14/07/2026 19:55:51"
"Assets\Mesh\body_2.asset",".asset","6011","14/07/2026 19:55:50"
"Assets\Mesh\body_2.asset.meta",".meta","144","14/07/2026 19:55:50"
"Assets\Mesh\body_3.asset",".asset","9218","14/07/2026 19:55:50"
"Assets\Mesh\body_3.asset.meta",".meta","144","14/07/2026 19:55:50"
"Assets\Mesh\body_4.asset",".asset","16112","14/07/2026 19:55:50"
"Assets\Mesh\body_4.asset.meta",".meta","144","14/07/2026 19:55:50"
"Assets\Mesh\body_5.asset",".asset","17706","14/07/2026 19:55:50"
"Assets\Mesh\body_5.asset.meta",".meta","144","14/07/2026 19:55:50"
"Assets\Mesh\body_6.asset",".asset","12675","14/07/2026 19:55:50"
"Assets\Mesh\body_6.asset.meta",".meta","144","14/07/2026 19:55:50"
"Assets\Mesh\body_7.asset",".asset","15252","14/07/2026 19:55:50"
"Assets\Mesh\body_7.asset.meta",".meta","144","14/07/2026 19:55:50"
"Assets\Mesh\body_8.asset",".asset","15456","14/07/2026 19:55:50"
"Assets\Mesh\body_8.asset.meta",".meta","144","14/07/2026 19:55:50"
"Assets\Mesh\body_9.asset",".asset","18431","14/07/2026 19:55:50"
"Assets\Mesh\body_9.asset.meta",".meta","144","14/07/2026 19:55:50"
"Assets\Mesh\boulder1.asset",".asset","5013","14/07/2026 19:55:32"
"Assets\Mesh\boulder1.asset.meta",".meta","144","14/07/2026 19:55:32"
"Assets\Mesh\boulder_004.asset",".asset","6540","14/07/2026 19:55:30"
"Assets\Mesh\boulder_004.asset.meta",".meta","144","14/07/2026 19:55:30"
"Assets\Mesh\brad.asset",".asset","46541","14/07/2026 19:55:50"
"Assets\Mesh\brad.asset.meta",".meta","144","14/07/2026 19:55:50"
"Assets\Mesh\Bridge.asset",".asset","12482","14/07/2026 19:55:41"
"Assets\Mesh\Bridge.asset.meta",".meta","144","14/07/2026 19:55:41"
"Assets\Mesh\bridge_0.asset",".asset","7023","14/07/2026 19:55:46"
"Assets\Mesh\bridge_0.asset.meta",".meta","144","14/07/2026 19:55:46"
"Assets\Mesh\bridge_column.asset",".asset","4153","14/07/2026 19:55:45"
"Assets\Mesh\bridge_column.asset.meta",".meta","144","14/07/2026 19:55:45"
"Assets\Mesh\clam_bottom_lip.asset",".asset","4314","14/07/2026 19:55:32"
"Assets\Mesh\clam_bottom_lip.asset.meta",".meta","144","14/07/2026 19:55:32"
"Assets\Mesh\clam_upper_lip.asset",".asset","4311","14/07/2026 19:55:32"
"Assets\Mesh\clam_upper_lip.asset.meta",".meta","144","14/07/2026 19:55:32"
"Assets\Mesh\coin.asset",".asset","4516","14/07/2026 19:55:32"
"Assets\Mesh\coin.asset.meta",".meta","144","14/07/2026 19:55:32"
"Assets\Mesh\Combined Mesh (root_ scene).asset",".asset","1731644","14/07/2026 19:55:52"
"Assets\Mesh\Combined Mesh (root_ scene).asset.meta",".meta","144","14/07/2026 19:55:52"
"Assets\Mesh\Combined Mesh (root_ scene)_0.asset",".asset","1358575","14/07/2026 19:55:52"
"Assets\Mesh\Combined Mesh (root_ scene)_0.asset.meta",".meta","144","14/07/2026 19:55:52"
"Assets\Mesh\Combined Mesh (root_ scene)_1.asset",".asset","2696396","14/07/2026 19:55:52"
"Assets\Mesh\Combined Mesh (root_ scene)_1.asset.meta",".meta","144","14/07/2026 19:55:52"
"Assets\Mesh\Combined Mesh (root_ scene)_10.asset",".asset","163108","14/07/2026 19:55:53"
"Assets\Mesh\Combined Mesh (root_ scene)_10.asset.meta",".meta","144","14/07/2026 19:55:53"
"Assets\Mesh\Combined Mesh (root_ scene)_2.asset",".asset","1943347","14/07/2026 19:55:52"
"Assets\Mesh\Combined Mesh (root_ scene)_2.asset.meta",".meta","144","14/07/2026 19:55:52"
"Assets\Mesh\Combined Mesh (root_ scene)_3.asset",".asset","2476390","14/07/2026 19:55:52"
"Assets\Mesh\Combined Mesh (root_ scene)_3.asset.meta",".meta","144","14/07/2026 19:55:52"
"Assets\Mesh\Combined Mesh (root_ scene)_4.asset",".asset","7385662","14/07/2026 19:55:53"
"Assets\Mesh\Combined Mesh (root_ scene)_4.asset.meta",".meta","144","14/07/2026 19:55:53"
"Assets\Mesh\Combined Mesh (root_ scene)_5.asset",".asset","1353556","14/07/2026 19:55:53"
"Assets\Mesh\Combined Mesh (root_ scene)_5.asset.meta",".meta","144","14/07/2026 19:55:53"
"Assets\Mesh\Combined Mesh (root_ scene)_6.asset",".asset","1790036","14/07/2026 19:55:53"
"Assets\Mesh\Combined Mesh (root_ scene)_6.asset.meta",".meta","144","14/07/2026 19:55:53"
"Assets\Mesh\Combined Mesh (root_ scene)_7.asset",".asset","1384667","14/07/2026 19:55:53"
"Assets\Mesh\Combined Mesh (root_ scene)_7.asset.meta",".meta","144","14/07/2026 19:55:53"
"Assets\Mesh\Combined Mesh (root_ scene)_8.asset",".asset","1577459","14/07/2026 19:55:53"
"Assets\Mesh\Combined Mesh (root_ scene)_8.asset.meta",".meta","144","14/07/2026 19:55:53"
"Assets\Mesh\Combined Mesh (root_ scene)_9.asset",".asset","1637826","14/07/2026 19:55:53"
"Assets\Mesh\Combined Mesh (root_ scene)_9.asset.meta",".meta","144","14/07/2026 19:55:53"
"Assets\Mesh\connect_road_collision.asset",".asset","92554","14/07/2026 19:55:46"
"Assets\Mesh\connect_road_collision.asset.meta",".meta","144","14/07/2026 19:55:46"
"Assets\Mesh\cras.asset",".asset","57507","14/07/2026 19:55:50"
"Assets\Mesh\cras.asset.meta",".meta","144","14/07/2026 19:55:50"
"Assets\Mesh\Cube.asset",".asset","3785","14/07/2026 19:55:32"
"Assets\Mesh\Cube.asset.meta",".meta","144","14/07/2026 19:55:32"
"Assets\Mesh\Cube_0.asset",".asset","3910","14/07/2026 19:55:45"
"Assets\Mesh\Cube_0.asset.meta",".meta","144","14/07/2026 19:55:45"
"Assets\Mesh\Cube_001.asset",".asset","9214","14/07/2026 19:55:32"
"Assets\Mesh\Cube_001.asset.meta",".meta","144","14/07/2026 19:55:32"
"Assets\Mesh\Cube_004.asset",".asset","7660","14/07/2026 19:55:44"
"Assets\Mesh\Cube_004.asset.meta",".meta","144","14/07/2026 19:55:44"
"Assets\Mesh\cybertunnel_1.asset",".asset","12111","14/07/2026 19:55:45"
"Assets\Mesh\cybertunnel_1.asset.meta",".meta","144","14/07/2026 19:55:45"
"Assets\Mesh\cyber_tunnel2.asset",".asset","17039","14/07/2026 19:55:45"
"Assets\Mesh\cyber_tunnel2.asset.meta",".meta","144","14/07/2026 19:55:45"
"Assets\Mesh\cyber_tunnel_3.asset",".asset","12287","14/07/2026 19:55:45"
"Assets\Mesh\cyber_tunnel_3.asset.meta",".meta","144","14/07/2026 19:55:45"
"Assets\Mesh\Cylinder.asset",".asset","4218","14/07/2026 19:55:29"
"Assets\Mesh\Cylinder.asset.meta",".meta","144","14/07/2026 19:55:29"
"Assets\Mesh\Cylinder_0.asset",".asset","7467","14/07/2026 19:55:32"
"Assets\Mesh\Cylinder_0.asset.meta",".meta","144","14/07/2026 19:55:32"
"Assets\Mesh\Dipper.asset",".asset","53176","14/07/2026 19:55:50"
"Assets\Mesh\Dipper.asset.meta",".meta","144","14/07/2026 19:55:50"
"Assets\Mesh\dirt_road.asset",".asset","296007","14/07/2026 19:55:46"
"Assets\Mesh\dirt_road.asset.meta",".meta","144","14/07/2026 19:55:46"
"Assets\Mesh\dirt_road2.asset",".asset","53612","14/07/2026 19:55:29"
"Assets\Mesh\dirt_road2.asset.meta",".meta","144","14/07/2026 19:55:29"
"Assets\Mesh\dirt_road2_0.asset",".asset","41329","14/07/2026 19:55:46"
"Assets\Mesh\dirt_road2_0.asset.meta",".meta","144","14/07/2026 19:55:46"
"Assets\Mesh\dirt_road_main_collsision.asset",".asset","328629","14/07/2026 19:55:46"
"Assets\Mesh\dirt_road_main_collsision.asset.meta",".meta","144","14/07/2026 19:55:46"
"Assets\Mesh\dirt_road__1_collsion.asset",".asset","361758","14/07/2026 19:55:29"
"Assets\Mesh\dirt_road__1_collsion.asset.meta",".meta","144","14/07/2026 19:55:29"
"Assets\Mesh\Doofenshmirtz.asset",".asset","11722","14/07/2026 19:55:45"
"Assets\Mesh\Doofenshmirtz.asset.meta",".meta","144","14/07/2026 19:55:45"
"Assets\Mesh\Down_Ramp.asset",".asset","2678","14/07/2026 19:55:43"
"Assets\Mesh\Down_Ramp.asset.meta",".meta","144","14/07/2026 19:55:43"
"Assets\Mesh\Drawbridge_000.asset",".asset","27392","14/07/2026 19:55:44"
"Assets\Mesh\Drawbridge_000.asset.meta",".meta","144","14/07/2026 19:55:44"
"Assets\Mesh\Drawbridge_001.asset",".asset","27460","14/07/2026 19:55:44"
"Assets\Mesh\Drawbridge_001.asset.meta",".meta","144","14/07/2026 19:55:44"
"Assets\Mesh\Drawbridge_003.asset",".asset","27456","14/07/2026 19:55:44"
"Assets\Mesh\Drawbridge_003.asset.meta",".meta","144","14/07/2026 19:55:44"
"Assets\Mesh\Drawbridge_005.asset",".asset","27458","14/07/2026 19:55:44"
"Assets\Mesh\Drawbridge_005.asset.meta",".meta","144","14/07/2026 19:55:44"
"Assets\Mesh\fancy_buiilding_E.asset",".asset","4776","14/07/2026 19:55:44"
"Assets\Mesh\fancy_buiilding_E.asset.meta",".meta","144","14/07/2026 19:55:44"
"Assets\Mesh\fancy_building_A.asset",".asset","4537","14/07/2026 19:55:44"
"Assets\Mesh\fancy_building_A.asset.meta",".meta","144","14/07/2026 19:55:44"
"Assets\Mesh\fancy_building_B.asset",".asset","5543","14/07/2026 19:55:44"
"Assets\Mesh\fancy_building_B.asset.meta",".meta","144","14/07/2026 19:55:44"
"Assets\Mesh\fancy_building_C.asset",".asset","10331","14/07/2026 19:55:44"
"Assets\Mesh\fancy_building_C.asset.meta",".meta","144","14/07/2026 19:55:44"
"Assets\Mesh\Fence.asset",".asset","4725","14/07/2026 19:55:45"
"Assets\Mesh\Fence.asset.meta",".meta","144","14/07/2026 19:55:45"
"Assets\Mesh\Ferb.asset",".asset","51449","14/07/2026 19:55:50"
"Assets\Mesh\Ferb.asset.meta",".meta","144","14/07/2026 19:55:50"
"Assets\Mesh\Fishtankia_Tree_01.asset",".asset","15740","14/07/2026 19:55:45"
"Assets\Mesh\Fishtankia_Tree_01.asset.meta",".meta","144","14/07/2026 19:55:45"
"Assets\Mesh\flagpole.asset",".asset","3963","14/07/2026 19:55:30"
"Assets\Mesh\flagpole.asset.meta",".meta","144","14/07/2026 19:55:30"
"Assets\Mesh\front_wheel.asset",".asset","6942","14/07/2026 19:55:46"
"Assets\Mesh\front_wheel.asset.meta",".meta","144","14/07/2026 19:55:46"
"Assets\Mesh\front_wheel_0.asset",".asset","6942","14/07/2026 19:55:50"
"Assets\Mesh\front_wheel_0.asset.meta",".meta","144","14/07/2026 19:55:50"
"Assets\Mesh\front_wheel_001.asset",".asset","6946","14/07/2026 19:55:50"
"Assets\Mesh\front_wheel_001.asset.meta",".meta","144","14/07/2026 19:55:50"
"Assets\Mesh\front_wheel_1.asset",".asset","6942","14/07/2026 19:55:50"
"Assets\Mesh\front_wheel_1.asset.meta",".meta","144","14/07/2026 19:55:50"
"Assets\Mesh\front_wheel_10.asset",".asset","6942","14/07/2026 19:55:50"
"Assets\Mesh\front_wheel_10.asset.meta",".meta","144","14/07/2026 19:55:50"
"Assets\Mesh\front_wheel_11.asset",".asset","6942","14/07/2026 19:55:50"
"Assets\Mesh\front_wheel_11.asset.meta",".meta","144","14/07/2026 19:55:50"
"Assets\Mesh\front_wheel_12.asset",".asset","6945","14/07/2026 19:55:50"
"Assets\Mesh\front_wheel_12.asset.meta",".meta","144","14/07/2026 19:55:50"
"Assets\Mesh\front_wheel_13.asset",".asset","6942","14/07/2026 19:55:50"
"Assets\Mesh\front_wheel_13.asset.meta",".meta","144","14/07/2026 19:55:50"
"Assets\Mesh\front_wheel_14.asset",".asset","6942","14/07/2026 19:55:50"
"Assets\Mesh\front_wheel_14.asset.meta",".meta","144","14/07/2026 19:55:50"
"Assets\Mesh\front_wheel_15.asset",".asset","6945","14/07/2026 19:55:51"
"Assets\Mesh\front_wheel_15.asset.meta",".meta","144","14/07/2026 19:55:51"
"Assets\Mesh\front_wheel_16.asset",".asset","6942","14/07/2026 19:55:51"
"Assets\Mesh\front_wheel_16.asset.meta",".meta","144","14/07/2026 19:55:51"
"Assets\Mesh\front_wheel_17.asset",".asset","6942","14/07/2026 19:55:51"
"Assets\Mesh\front_wheel_17.asset.meta",".meta","144","14/07/2026 19:55:51"
"Assets\Mesh\front_wheel_18.asset",".asset","6942","14/07/2026 19:55:51"
"Assets\Mesh\front_wheel_18.asset.meta",".meta","144","14/07/2026 19:55:51"
"Assets\Mesh\front_wheel_19.asset",".asset","6945","14/07/2026 19:55:51"
"Assets\Mesh\front_wheel_19.asset.meta",".meta","144","14/07/2026 19:55:51"
"Assets\Mesh\front_wheel_2.asset",".asset","6942","14/07/2026 19:55:50"
"Assets\Mesh\front_wheel_2.asset.meta",".meta","144","14/07/2026 19:55:50"
"Assets\Mesh\front_wheel_3.asset",".asset","6942","14/07/2026 19:55:50"
"Assets\Mesh\front_wheel_3.asset.meta",".meta","144","14/07/2026 19:55:50"
"Assets\Mesh\front_wheel_4.asset",".asset","6942","14/07/2026 19:55:50"
"Assets\Mesh\front_wheel_4.asset.meta",".meta","144","14/07/2026 19:55:50"
"Assets\Mesh\front_wheel_5.asset",".asset","6942","14/07/2026 19:55:50"
"Assets\Mesh\front_wheel_5.asset.meta",".meta","144","14/07/2026 19:55:50"
"Assets\Mesh\front_wheel_6.asset",".asset","6942","14/07/2026 19:55:50"
"Assets\Mesh\front_wheel_6.asset.meta",".meta","144","14/07/2026 19:55:50"
"Assets\Mesh\front_wheel_7.asset",".asset","6942","14/07/2026 19:55:50"
"Assets\Mesh\front_wheel_7.asset.meta",".meta","144","14/07/2026 19:55:50"
"Assets\Mesh\front_wheel_8.asset",".asset","6942","14/07/2026 19:55:50"
"Assets\Mesh\front_wheel_8.asset.meta",".meta","144","14/07/2026 19:55:50"
"Assets\Mesh\front_wheel_9.asset",".asset","6942","14/07/2026 19:55:50"
"Assets\Mesh\front_wheel_9.asset.meta",".meta","144","14/07/2026 19:55:50"
"Assets\Mesh\GoalPosts.asset",".asset","11269","14/07/2026 19:55:30"
"Assets\Mesh\GoalPosts.asset.meta",".meta","144","14/07/2026 19:55:30"
"Assets\Mesh\gsfgrg.asset",".asset","35687","14/07/2026 19:55:45"
"Assets\Mesh\gsfgrg.asset.meta",".meta","144","14/07/2026 19:55:45"
"Assets\Mesh\gsfgrg_001.asset",".asset","4512","14/07/2026 19:55:45"
"Assets\Mesh\gsfgrg_001.asset.meta",".meta","144","14/07/2026 19:55:45"
"Assets\Mesh\gsfgrg_002.asset",".asset","3703","14/07/2026 19:55:45"
"Assets\Mesh\gsfgrg_002.asset.meta",".meta","144","14/07/2026 19:55:45"
"Assets\Mesh\gsfgrg_003.asset",".asset","3053","14/07/2026 19:55:45"
"Assets\Mesh\gsfgrg_003.asset.meta",".meta","144","14/07/2026 19:55:45"
"Assets\Mesh\gunther.asset",".asset","45795","14/07/2026 19:55:50"
"Assets\Mesh\gunther.asset.meta",".meta","144","14/07/2026 19:55:50"
"Assets\Mesh\Half_Circle.asset",".asset","2680","14/07/2026 19:55:43"
"Assets\Mesh\Half_Circle.asset.meta",".meta","144","14/07/2026 19:55:43"
"Assets\Mesh\head_003.asset",".asset","58712","14/07/2026 19:55:50"
"Assets\Mesh\head_003.asset.meta",".meta","144","14/07/2026 19:55:50"
"Assets\Mesh\highway_sign.asset",".asset","4093","14/07/2026 19:55:43"
"Assets\Mesh\highway_sign.asset.meta",".meta","144","14/07/2026 19:55:43"
"Assets\Mesh\hill_face.asset",".asset","2955","14/07/2026 19:55:46"
"Assets\Mesh\hill_face.asset.meta",".meta","144","14/07/2026 19:55:46"
"Assets\Mesh\hill_mesh_complete.asset",".asset","4500","14/07/2026 19:55:46"
"Assets\Mesh\hill_mesh_complete.asset.meta",".meta","144","14/07/2026 19:55:46"
"Assets\Mesh\Hiway_Curve.asset",".asset","2680","14/07/2026 19:55:43"
"Assets\Mesh\Hiway_Curve.asset.meta",".meta","144","14/07/2026 19:55:43"
"Assets\Mesh\house1.asset",".asset","3674","14/07/2026 19:55:45"
"Assets\Mesh\house1.asset.meta",".meta","144","14/07/2026 19:55:45"
"Assets\Mesh\house2.asset",".asset","3614","14/07/2026 19:55:45"
"Assets\Mesh\house2.asset.meta",".meta","144","14/07/2026 19:55:45"
"Assets\Mesh\houses3.asset",".asset","3640","14/07/2026 19:55:44"
"Assets\Mesh\houses3.asset.meta",".meta","144","14/07/2026 19:55:44"
"Assets\Mesh\houses4.asset",".asset","3604","14/07/2026 19:55:45"
"Assets\Mesh\houses4.asset.meta",".meta","144","14/07/2026 19:55:45"
"Assets\Mesh\inline_ramp.asset",".asset","3626","14/07/2026 19:55:46"
"Assets\Mesh\inline_ramp.asset.meta",".meta","144","14/07/2026 19:55:46"
"Assets\Mesh\interior.asset",".asset","18466","14/07/2026 19:55:50"
"Assets\Mesh\interior.asset.meta",".meta","144","14/07/2026 19:55:50"
"Assets\Mesh\interior_0.asset",".asset","27315","14/07/2026 19:55:50"
"Assets\Mesh\interior_0.asset.meta",".meta","144","14/07/2026 19:55:50"
"Assets\Mesh\interior_1.asset",".asset","23417","14/07/2026 19:55:50"
"Assets\Mesh\interior_1.asset.meta",".meta","144","14/07/2026 19:55:50"
"Assets\Mesh\interior_10.asset",".asset","24816","14/07/2026 19:55:50"
"Assets\Mesh\interior_10.asset.meta",".meta","144","14/07/2026 19:55:50"
"Assets\Mesh\interior_11.asset",".asset","24816","14/07/2026 19:55:50"
"Assets\Mesh\interior_11.asset.meta",".meta","144","14/07/2026 19:55:50"
"Assets\Mesh\interior_12.asset",".asset","24816","14/07/2026 19:55:50"
"Assets\Mesh\interior_12.asset.meta",".meta","144","14/07/2026 19:55:50"
"Assets\Mesh\interior_13.asset",".asset","18466","14/07/2026 19:55:50"
"Assets\Mesh\interior_13.asset.meta",".meta","144","14/07/2026 19:55:50"
"Assets\Mesh\interior_14.asset",".asset","18466","14/07/2026 19:55:50"
"Assets\Mesh\interior_14.asset.meta",".meta","144","14/07/2026 19:55:50"
"Assets\Mesh\interior_15.asset",".asset","23417","14/07/2026 19:55:51"
"Assets\Mesh\interior_15.asset.meta",".meta","144","14/07/2026 19:55:51"
"Assets\Mesh\interior_16.asset",".asset","18466","14/07/2026 19:55:51"
"Assets\Mesh\interior_16.asset.meta",".meta","144","14/07/2026 19:55:51"
"Assets\Mesh\interior_17.asset",".asset","23551","14/07/2026 19:55:51"
"Assets\Mesh\interior_17.asset.meta",".meta","144","14/07/2026 19:55:51"
"Assets\Mesh\interior_2.asset",".asset","32238","14/07/2026 19:55:50"
"Assets\Mesh\interior_2.asset.meta",".meta","144","14/07/2026 19:55:50"
"Assets\Mesh\interior_3.asset",".asset","28478","14/07/2026 19:55:50"
"Assets\Mesh\interior_3.asset.meta",".meta","144","14/07/2026 19:55:50"
"Assets\Mesh\interior_4.asset",".asset","18466","14/07/2026 19:55:50"
"Assets\Mesh\interior_4.asset.meta",".meta","144","14/07/2026 19:55:50"
"Assets\Mesh\interior_5.asset",".asset","23417","14/07/2026 19:55:50"
"Assets\Mesh\interior_5.asset.meta",".meta","144","14/07/2026 19:55:50"
"Assets\Mesh\interior_6.asset",".asset","23417","14/07/2026 19:55:50"
"Assets\Mesh\interior_6.asset.meta",".meta","144","14/07/2026 19:55:50"
"Assets\Mesh\interior_7.asset",".asset","24816","14/07/2026 19:55:50"
"Assets\Mesh\interior_7.asset.meta",".meta","144","14/07/2026 19:55:50"
"Assets\Mesh\interior_8.asset",".asset","24816","14/07/2026 19:55:50"
"Assets\Mesh\interior_8.asset.meta",".meta","144","14/07/2026 19:55:50"
"Assets\Mesh\interior_9.asset",".asset","28589","14/07/2026 19:55:50"
"Assets\Mesh\interior_9.asset.meta",".meta","144","14/07/2026 19:55:50"
"Assets\Mesh\kart_bea.asset",".asset","34517","14/07/2026 19:55:50"
"Assets\Mesh\kart_bea.asset.meta",".meta","144","14/07/2026 19:55:50"
"Assets\Mesh\kart_brad.asset",".asset","49765","14/07/2026 19:55:50"
"Assets\Mesh\kart_brad.asset.meta",".meta","144","14/07/2026 19:55:50"
"Assets\Mesh\kart_dipper.asset",".asset","51454","14/07/2026 19:55:51"
"Assets\Mesh\kart_dipper.asset.meta",".meta","144","14/07/2026 19:55:51"
"Assets\Mesh\kart_ferb.asset",".asset","55406","14/07/2026 19:55:50"
"Assets\Mesh\kart_ferb.asset.meta",".meta","144","14/07/2026 19:55:50"
"Assets\Mesh\kart_gunther.asset",".asset","32183","14/07/2026 19:55:50"
"Assets\Mesh\kart_gunther.asset.meta",".meta","144","14/07/2026 19:55:50"
"Assets\Mesh\kart_kick.asset",".asset","32180","14/07/2026 19:55:50"
"Assets\Mesh\kart_kick.asset.meta",".meta","144","14/07/2026 19:55:50"
"Assets\Mesh\kart_kick_0.asset",".asset","32180","14/07/2026 19:55:50"
"Assets\Mesh\kart_kick_0.asset.meta",".meta","144","14/07/2026 19:55:50"
"Assets\Mesh\kart_mabel.asset",".asset","51453","14/07/2026 19:55:51"
"Assets\Mesh\kart_mabel.asset.meta",".meta","144","14/07/2026 19:55:51"
"Assets\Mesh\kart_mike.asset",".asset","49765","14/07/2026 19:55:51"
"Assets\Mesh\kart_mike.asset.meta",".meta","144","14/07/2026 19:55:51"
"Assets\Mesh\kart_milo.asset",".asset","34536","14/07/2026 19:55:50"
"Assets\Mesh\kart_milo.asset.meta",".meta","144","14/07/2026 19:55:50"
"Assets\Mesh\kart_oscar.asset",".asset","34498","14/07/2026 19:55:50"
"Assets\Mesh\kart_oscar.asset.meta",".meta","144","14/07/2026 19:55:50"
"Assets\Mesh\kart_perry.asset",".asset","55407","14/07/2026 19:55:50"
"Assets\Mesh\kart_perry.asset.meta",".meta","144","14/07/2026 19:55:50"
"Assets\Mesh\kart_phineas.asset",".asset","55409","14/07/2026 19:55:50"
"Assets\Mesh\kart_phineas.asset.meta",".meta","144","14/07/2026 19:55:50"
"Assets\Mesh\kick.asset",".asset","31153","14/07/2026 19:55:50"
"Assets\Mesh\kick.asset.meta",".meta","144","14/07/2026 19:55:50"
"Assets\Mesh\Lane_Street_highway_000.asset",".asset","78054","14/07/2026 19:55:44"
"Assets\Mesh\Lane_Street_highway_000.asset.meta",".meta","144","14/07/2026 19:55:44"
"Assets\Mesh\Lane_Street_highway_001.asset",".asset","6349","14/07/2026 19:55:44"
"Assets\Mesh\Lane_Street_highway_001.asset.meta",".meta","144","14/07/2026 19:55:44"
"Assets\Mesh\laser.asset",".asset","2784","14/07/2026 19:55:45"
"Assets\Mesh\laser.asset.meta",".meta","144","14/07/2026 19:55:45"
"Assets\Mesh\left_wheel.asset",".asset","6941","14/07/2026 19:55:50"
"Assets\Mesh\left_wheel.asset.meta",".meta","144","14/07/2026 19:55:50"
"Assets\Mesh\left_wheel_0.asset",".asset","6941","14/07/2026 19:55:50"
"Assets\Mesh\left_wheel_0.asset.meta",".meta","144","14/07/2026 19:55:50"
"Assets\Mesh\left_wheel_1.asset",".asset","6941","14/07/2026 19:55:50"
"Assets\Mesh\left_wheel_1.asset.meta",".meta","144","14/07/2026 19:55:50"
"Assets\Mesh\left_wheel_10.asset",".asset","6941","14/07/2026 19:55:50"
"Assets\Mesh\left_wheel_10.asset.meta",".meta","144","14/07/2026 19:55:50"
"Assets\Mesh\left_wheel_11.asset",".asset","6941","14/07/2026 19:55:50"
"Assets\Mesh\left_wheel_11.asset.meta",".meta","144","14/07/2026 19:55:50"
"Assets\Mesh\left_wheel_12.asset",".asset","6941","14/07/2026 19:55:50"
"Assets\Mesh\left_wheel_12.asset.meta",".meta","144","14/07/2026 19:55:50"
"Assets\Mesh\left_wheel_13.asset",".asset","6941","14/07/2026 19:55:51"
"Assets\Mesh\left_wheel_13.asset.meta",".meta","144","14/07/2026 19:55:51"
"Assets\Mesh\left_wheel_14.asset",".asset","6941","14/07/2026 19:55:51"
"Assets\Mesh\left_wheel_14.asset.meta",".meta","144","14/07/2026 19:55:51"
"Assets\Mesh\left_wheel_15.asset",".asset","6941","14/07/2026 19:55:51"
"Assets\Mesh\left_wheel_15.asset.meta",".meta","144","14/07/2026 19:55:51"
"Assets\Mesh\left_wheel_16.asset",".asset","6941","14/07/2026 19:55:51"
"Assets\Mesh\left_wheel_16.asset.meta",".meta","144","14/07/2026 19:55:51"
"Assets\Mesh\left_wheel_17.asset",".asset","6941","14/07/2026 19:55:51"
"Assets\Mesh\left_wheel_17.asset.meta",".meta","144","14/07/2026 19:55:51"
"Assets\Mesh\left_wheel_18.asset",".asset","6941","14/07/2026 19:55:51"
"Assets\Mesh\left_wheel_18.asset.meta",".meta","144","14/07/2026 19:55:51"
"Assets\Mesh\left_wheel_2.asset",".asset","6941","14/07/2026 19:55:50"
"Assets\Mesh\left_wheel_2.asset.meta",".meta","144","14/07/2026 19:55:50"
"Assets\Mesh\left_wheel_3.asset",".asset","6941","14/07/2026 19:55:50"
"Assets\Mesh\left_wheel_3.asset.meta",".meta","144","14/07/2026 19:55:50"
"Assets\Mesh\left_wheel_4.asset",".asset","6941","14/07/2026 19:55:50"
"Assets\Mesh\left_wheel_4.asset.meta",".meta","144","14/07/2026 19:55:50"
"Assets\Mesh\left_wheel_5.asset",".asset","6941","14/07/2026 19:55:50"
"Assets\Mesh\left_wheel_5.asset.meta",".meta","144","14/07/2026 19:55:50"
"Assets\Mesh\left_wheel_6.asset",".asset","6941","14/07/2026 19:55:50"
"Assets\Mesh\left_wheel_6.asset.meta",".meta","144","14/07/2026 19:55:50"
"Assets\Mesh\left_wheel_7.asset",".asset","6941","14/07/2026 19:55:50"
"Assets\Mesh\left_wheel_7.asset.meta",".meta","144","14/07/2026 19:55:50"
"Assets\Mesh\left_wheel_8.asset",".asset","6941","14/07/2026 19:55:50"
"Assets\Mesh\left_wheel_8.asset.meta",".meta","144","14/07/2026 19:55:50"
"Assets\Mesh\left_wheel_9.asset",".asset","6941","14/07/2026 19:55:50"
"Assets\Mesh\left_wheel_9.asset.meta",".meta","144","14/07/2026 19:55:50"
"Assets\Mesh\Lift.asset",".asset","5812","14/07/2026 19:55:37"
"Assets\Mesh\Lift.asset.meta",".meta","144","14/07/2026 19:55:37"
"Assets\Mesh\light.asset",".asset","4199","14/07/2026 19:55:51"
"Assets\Mesh\light.asset.meta",".meta","144","14/07/2026 19:55:51"
"Assets\Mesh\lockers.asset",".asset","3210","14/07/2026 19:55:32"
"Assets\Mesh\lockers.asset.meta",".meta","144","14/07/2026 19:55:32"
"Assets\Mesh\Mabel.asset",".asset","47261","14/07/2026 19:55:50"
"Assets\Mesh\Mabel.asset.meta",".meta","144","14/07/2026 19:55:50"
"Assets\Mesh\main_road_collsion.asset",".asset","670289","14/07/2026 19:55:46"
"Assets\Mesh\main_road_collsion.asset.meta",".meta","144","14/07/2026 19:55:46"
"Assets\Mesh\Mesh.asset",".asset","2853","14/07/2026 19:55:52"
"Assets\Mesh\Mesh.asset.meta",".meta","144","14/07/2026 19:55:52"
"Assets\Mesh\Mesh_0.asset",".asset","2869","14/07/2026 19:55:52"
"Assets\Mesh\Mesh_0.asset.meta",".meta","144","14/07/2026 19:55:52"
"Assets\Mesh\Mesh_011.asset",".asset","3396","14/07/2026 19:55:32"
"Assets\Mesh\Mesh_011.asset.meta",".meta","144","14/07/2026 19:55:32"
"Assets\Mesh\Mesh_015.asset",".asset","3393","14/07/2026 19:55:32"
"Assets\Mesh\Mesh_015.asset.meta",".meta","144","14/07/2026 19:55:32"
"Assets\Mesh\Mesh_019.asset",".asset","8188","14/07/2026 19:55:32"
"Assets\Mesh\Mesh_019.asset.meta",".meta","144","14/07/2026 19:55:32"
"Assets\Mesh\Mesh_020.asset",".asset","8061","14/07/2026 19:55:32"
"Assets\Mesh\Mesh_020.asset.meta",".meta","144","14/07/2026 19:55:32"
"Assets\Mesh\Mesh_1.asset",".asset","2867","14/07/2026 19:55:52"
"Assets\Mesh\Mesh_1.asset.meta",".meta","144","14/07/2026 19:55:52"
"Assets\Mesh\Mesh_10.asset",".asset","2877","14/07/2026 19:55:52"
"Assets\Mesh\Mesh_10.asset.meta",".meta","144","14/07/2026 19:55:52"
"Assets\Mesh\Mesh_100.asset",".asset","2855","14/07/2026 19:55:52"
"Assets\Mesh\Mesh_100.asset.meta",".meta","144","14/07/2026 19:55:52"
"Assets\Mesh\Mesh_101.asset",".asset","2853","14/07/2026 19:55:52"
"Assets\Mesh\Mesh_101.asset.meta",".meta","144","14/07/2026 19:55:52"
"Assets\Mesh\Mesh_102.asset",".asset","3529","14/07/2026 19:55:52"
"Assets\Mesh\Mesh_102.asset.meta",".meta","144","14/07/2026 19:55:52"
"Assets\Mesh\Mesh_103.asset",".asset","2859","14/07/2026 19:55:52"
"Assets\Mesh\Mesh_103.asset.meta",".meta","144","14/07/2026 19:55:52"
"Assets\Mesh\Mesh_104.asset",".asset","2853","14/07/2026 19:55:52"
"Assets\Mesh\Mesh_104.asset.meta",".meta","144","14/07/2026 19:55:52"
"Assets\Mesh\Mesh_105.asset",".asset","2867","14/07/2026 19:55:52"
"Assets\Mesh\Mesh_105.asset.meta",".meta","144","14/07/2026 19:55:52"
"Assets\Mesh\Mesh_106.asset",".asset","3539","14/07/2026 19:55:52"
"Assets\Mesh\Mesh_106.asset.meta",".meta","144","14/07/2026 19:55:52"
"Assets\Mesh\Mesh_107.asset",".asset","3539","14/07/2026 19:55:52"
"Assets\Mesh\Mesh_107.asset.meta",".meta","144","14/07/2026 19:55:52"
"Assets\Mesh\Mesh_108.asset",".asset","2859","14/07/2026 19:55:52"
"Assets\Mesh\Mesh_108.asset.meta",".meta","144","14/07/2026 19:55:52"
"Assets\Mesh\Mesh_109.asset",".asset","2859","14/07/2026 19:55:52"
"Assets\Mesh\Mesh_109.asset.meta",".meta","144","14/07/2026 19:55:52"
"Assets\Mesh\Mesh_11.asset",".asset","2859","14/07/2026 19:55:52"
"Assets\Mesh\Mesh_11.asset.meta",".meta","144","14/07/2026 19:55:52"
"Assets\Mesh\Mesh_110.asset",".asset","2867","14/07/2026 19:55:52"
"Assets\Mesh\Mesh_110.asset.meta",".meta","144","14/07/2026 19:55:52"
"Assets\Mesh\Mesh_111.asset",".asset","3541","14/07/2026 19:55:52"
"Assets\Mesh\Mesh_111.asset.meta",".meta","144","14/07/2026 19:55:52"
"Assets\Mesh\Mesh_112.asset",".asset","2877","14/07/2026 19:55:52"
"Assets\Mesh\Mesh_112.asset.meta",".meta","144","14/07/2026 19:55:52"
"Assets\Mesh\Mesh_113.asset",".asset","3541","14/07/2026 19:55:52"
"Assets\Mesh\Mesh_113.asset.meta",".meta","144","14/07/2026 19:55:52"
"Assets\Mesh\Mesh_114.asset",".asset","2869","14/07/2026 19:55:52"
"Assets\Mesh\Mesh_114.asset.meta",".meta","144","14/07/2026 19:55:52"
"Assets\Mesh\Mesh_115.asset",".asset","3541","14/07/2026 19:55:52"
"Assets\Mesh\Mesh_115.asset.meta",".meta","144","14/07/2026 19:55:52"
"Assets\Mesh\Mesh_116.asset",".asset","2855","14/07/2026 19:55:52"
"Assets\Mesh\Mesh_116.asset.meta",".meta","144","14/07/2026 19:55:52"
"Assets\Mesh\Mesh_117.asset",".asset","2853","14/07/2026 19:55:52"
"Assets\Mesh\Mesh_117.asset.meta",".meta","144","14/07/2026 19:55:52"
"Assets\Mesh\Mesh_118.asset",".asset","2854","14/07/2026 19:55:52"
"Assets\Mesh\Mesh_118.asset.meta",".meta","144","14/07/2026 19:55:52"
"Assets\Mesh\Mesh_119.asset",".asset","3533","14/07/2026 19:55:52"
"Assets\Mesh\Mesh_119.asset.meta",".meta","144","14/07/2026 19:55:52"
"Assets\Mesh\Mesh_12.asset",".asset","2859","14/07/2026 19:55:52"
"Assets\Mesh\Mesh_12.asset.meta",".meta","144","14/07/2026 19:55:52"
"Assets\Mesh\Mesh_120.asset",".asset","2855","14/07/2026 19:55:52"
"Assets\Mesh\Mesh_120.asset.meta",".meta","144","14/07/2026 19:55:52"
"Assets\Mesh\Mesh_121.asset",".asset","3066","14/07/2026 19:55:52"
"Assets\Mesh\Mesh_121.asset.meta",".meta","144","14/07/2026 19:55:52"
"Assets\Mesh\Mesh_122.asset",".asset","3530","14/07/2026 19:55:52"
"Assets\Mesh\Mesh_122.asset.meta",".meta","144","14/07/2026 19:55:52"
"Assets\Mesh\Mesh_123.asset",".asset","2858","14/07/2026 19:55:52"
"Assets\Mesh\Mesh_123.asset.meta",".meta","144","14/07/2026 19:55:52"
"Assets\Mesh\Mesh_124.asset",".asset","3531","14/07/2026 19:55:52"
"Assets\Mesh\Mesh_124.asset.meta",".meta","144","14/07/2026 19:55:52"
"Assets\Mesh\Mesh_125.asset",".asset","2853","14/07/2026 19:55:52"
"Assets\Mesh\Mesh_125.asset.meta",".meta","144","14/07/2026 19:55:52"
"Assets\Mesh\Mesh_126.asset",".asset","2855","14/07/2026 19:55:52"
"Assets\Mesh\Mesh_126.asset.meta",".meta","144","14/07/2026 19:55:52"
"Assets\Mesh\Mesh_127.asset",".asset","3533","14/07/2026 19:55:52"
"Assets\Mesh\Mesh_127.asset.meta",".meta","144","14/07/2026 19:55:52"
"Assets\Mesh\Mesh_128.asset",".asset","3066","14/07/2026 19:55:52"
"Assets\Mesh\Mesh_128.asset.meta",".meta","144","14/07/2026 19:55:52"
"Assets\Mesh\Mesh_129.asset",".asset","2853","14/07/2026 19:55:52"
"Assets\Mesh\Mesh_129.asset.meta",".meta","144","14/07/2026 19:55:52"
"Assets\Mesh\Mesh_13.asset",".asset","2855","14/07/2026 19:55:52"
"Assets\Mesh\Mesh_13.asset.meta",".meta","144","14/07/2026 19:55:52"
"Assets\Mesh\Mesh_130.asset",".asset","3534","14/07/2026 19:55:52"
"Assets\Mesh\Mesh_130.asset.meta",".meta","144","14/07/2026 19:55:52"
"Assets\Mesh\Mesh_131.asset",".asset","3530","14/07/2026 19:55:52"
"Assets\Mesh\Mesh_131.asset.meta",".meta","144","14/07/2026 19:55:52"
"Assets\Mesh\Mesh_132.asset",".asset","3531","14/07/2026 19:55:52"
"Assets\Mesh\Mesh_132.asset.meta",".meta","144","14/07/2026 19:55:52"
"Assets\Mesh\Mesh_133.asset",".asset","3533","14/07/2026 19:55:52"
"Assets\Mesh\Mesh_133.asset.meta",".meta","144","14/07/2026 19:55:52"
"Assets\Mesh\Mesh_134.asset",".asset","2855","14/07/2026 19:55:52"
"Assets\Mesh\Mesh_134.asset.meta",".meta","144","14/07/2026 19:55:52"
"Assets\Mesh\Mesh_135.asset",".asset","2853","14/07/2026 19:55:52"
"Assets\Mesh\Mesh_135.asset.meta",".meta","144","14/07/2026 19:55:52"
"Assets\Mesh\Mesh_136.asset",".asset","3531","14/07/2026 19:55:52"
"Assets\Mesh\Mesh_136.asset.meta",".meta","144","14/07/2026 19:55:52"
"Assets\Mesh\Mesh_137.asset",".asset","3533","14/07/2026 19:55:52"
"Assets\Mesh\Mesh_137.asset.meta",".meta","144","14/07/2026 19:55:52"
"Assets\Mesh\Mesh_138.asset",".asset","2855","14/07/2026 19:55:52"
"Assets\Mesh\Mesh_138.asset.meta",".meta","144","14/07/2026 19:55:52"
"Assets\Mesh\Mesh_139.asset",".asset","2853","14/07/2026 19:55:52"
"Assets\Mesh\Mesh_139.asset.meta",".meta","144","14/07/2026 19:55:52"
"Assets\Mesh\Mesh_14.asset",".asset","2853","14/07/2026 19:55:52"
"Assets\Mesh\Mesh_14.asset.meta",".meta","144","14/07/2026 19:55:52"
"Assets\Mesh\Mesh_140.asset",".asset","2853","14/07/2026 19:55:52"
"Assets\Mesh\Mesh_140.asset.meta",".meta","144","14/07/2026 19:55:52"
"Assets\Mesh\Mesh_141.asset",".asset","2853","14/07/2026 19:55:52"
"Assets\Mesh\Mesh_141.asset.meta",".meta","144","14/07/2026 19:55:52"
"Assets\Mesh\Mesh_142.asset",".asset","3533","14/07/2026 19:55:52"
"Assets\Mesh\Mesh_142.asset.meta",".meta","144","14/07/2026 19:55:52"
"Assets\Mesh\Mesh_143.asset",".asset","3063","14/07/2026 19:55:52"
"Assets\Mesh\Mesh_143.asset.meta",".meta","144","14/07/2026 19:55:52"
"Assets\Mesh\Mesh_144.asset",".asset","3533","14/07/2026 19:55:52"
"Assets\Mesh\Mesh_144.asset.meta",".meta","144","14/07/2026 19:55:52"
"Assets\Mesh\Mesh_145.asset",".asset","3533","14/07/2026 19:55:52"
"Assets\Mesh\Mesh_145.asset.meta",".meta","144","14/07/2026 19:55:52"
"Assets\Mesh\Mesh_146.asset",".asset","2855","14/07/2026 19:55:52"
"Assets\Mesh\Mesh_146.asset.meta",".meta","144","14/07/2026 19:55:52"
"Assets\Mesh\Mesh_147.asset",".asset","3533","14/07/2026 19:55:52"
"Assets\Mesh\Mesh_147.asset.meta",".meta","144","14/07/2026 19:55:52"
"Assets\Mesh\Mesh_148.asset",".asset","2855","14/07/2026 19:55:52"
"Assets\Mesh\Mesh_148.asset.meta",".meta","144","14/07/2026 19:55:52"
"Assets\Mesh\Mesh_149.asset",".asset","3531","14/07/2026 19:55:52"
"Assets\Mesh\Mesh_149.asset.meta",".meta","144","14/07/2026 19:55:52"
"Assets\Mesh\Mesh_15.asset",".asset","3541","14/07/2026 19:55:52"
"Assets\Mesh\Mesh_15.asset.meta",".meta","144","14/07/2026 19:55:52"
"Assets\Mesh\Mesh_150.asset",".asset","3531","14/07/2026 19:55:52"
"Assets\Mesh\Mesh_150.asset.meta",".meta","144","14/07/2026 19:55:52"
"Assets\Mesh\Mesh_151.asset",".asset","2855","14/07/2026 19:55:52"
"Assets\Mesh\Mesh_151.asset.meta",".meta","144","14/07/2026 19:55:52"
"Assets\Mesh\Mesh_152.asset",".asset","2853","14/07/2026 19:55:52"
"Assets\Mesh\Mesh_152.asset.meta",".meta","144","14/07/2026 19:55:52"
"Assets\Mesh\Mesh_153.asset",".asset","3531","14/07/2026 19:55:52"
"Assets\Mesh\Mesh_153.asset.meta",".meta","144","14/07/2026 19:55:52"
"Assets\Mesh\Mesh_154.asset",".asset","2869","14/07/2026 19:55:52"
"Assets\Mesh\Mesh_154.asset.meta",".meta","144","14/07/2026 19:55:52"
"Assets\Mesh\Mesh_155.asset",".asset","2867","14/07/2026 19:55:52"
"Assets\Mesh\Mesh_155.asset.meta",".meta","144","14/07/2026 19:55:52"
"Assets\Mesh\Mesh_156.asset",".asset","2853","14/07/2026 19:55:52"
"Assets\Mesh\Mesh_156.asset.meta",".meta","144","14/07/2026 19:55:52"
"Assets\Mesh\Mesh_157.asset",".asset","2853","14/07/2026 19:55:52"
"Assets\Mesh\Mesh_157.asset.meta",".meta","144","14/07/2026 19:55:52"
"Assets\Mesh\Mesh_158.asset",".asset","3538","14/07/2026 19:55:52"
"Assets\Mesh\Mesh_158.asset.meta",".meta","144","14/07/2026 19:55:52"
"Assets\Mesh\Mesh_159.asset",".asset","3536","14/07/2026 19:55:52"
"Assets\Mesh\Mesh_159.asset.meta",".meta","144","14/07/2026 19:55:52"
"Assets\Mesh\Mesh_16.asset",".asset","2867","14/07/2026 19:55:52"
"Assets\Mesh\Mesh_16.asset.meta",".meta","144","14/07/2026 19:55:52"
"Assets\Mesh\Mesh_160.asset",".asset","2853","14/07/2026 19:55:52"
"Assets\Mesh\Mesh_160.asset.meta",".meta","144","14/07/2026 19:55:52"
"Assets\Mesh\Mesh_161.asset",".asset","3539","14/07/2026 19:55:52"
"Assets\Mesh\Mesh_161.asset.meta",".meta","144","14/07/2026 19:55:52"
"Assets\Mesh\Mesh_162.asset",".asset","2875","14/07/2026 19:55:52"
"Assets\Mesh\Mesh_162.asset.meta",".meta","144","14/07/2026 19:55:52"
"Assets\Mesh\Mesh_163.asset",".asset","2859","14/07/2026 19:55:52"
"Assets\Mesh\Mesh_163.asset.meta",".meta","144","14/07/2026 19:55:52"
"Assets\Mesh\Mesh_164.asset",".asset","2877","14/07/2026 19:55:52"
"Assets\Mesh\Mesh_164.asset.meta",".meta","144","14/07/2026 19:55:52"
"Assets\Mesh\Mesh_165.asset",".asset","2859","14/07/2026 19:55:52"
"Assets\Mesh\Mesh_165.asset.meta",".meta","144","14/07/2026 19:55:52"
"Assets\Mesh\Mesh_166.asset",".asset","2859","14/07/2026 19:55:52"
"Assets\Mesh\Mesh_166.asset.meta",".meta","144","14/07/2026 19:55:52"
"Assets\Mesh\Mesh_167.asset",".asset","2855","14/07/2026 19:55:52"
"Assets\Mesh\Mesh_167.asset.meta",".meta","144","14/07/2026 19:55:52"
"Assets\Mesh\Mesh_168.asset",".asset","2853","14/07/2026 19:55:52"
"Assets\Mesh\Mesh_168.asset.meta",".meta","144","14/07/2026 19:55:52"
"Assets\Mesh\Mesh_169.asset",".asset","3541","14/07/2026 19:55:52"
"Assets\Mesh\Mesh_169.asset.meta",".meta","144","14/07/2026 19:55:52"
"Assets\Mesh\Mesh_17.asset",".asset","3539","14/07/2026 19:55:52"
"Assets\Mesh\Mesh_17.asset.meta",".meta","144","14/07/2026 19:55:52"
"Assets\Mesh\Mesh_170.asset",".asset","2867","14/07/2026 19:55:52"
"Assets\Mesh\Mesh_170.asset.meta",".meta","144","14/07/2026 19:55:52"
"Assets\Mesh\Mesh_171.asset",".asset","3536","14/07/2026 19:55:52"
"Assets\Mesh\Mesh_171.asset.meta",".meta","144","14/07/2026 19:55:52"
"Assets\Mesh\Mesh_172.asset",".asset","3541","14/07/2026 19:55:52"
"Assets\Mesh\Mesh_172.asset.meta",".meta","144","14/07/2026 19:55:52"
"Assets\Mesh\Mesh_173.asset",".asset","3538","14/07/2026 19:55:52"
"Assets\Mesh\Mesh_173.asset.meta",".meta","144","14/07/2026 19:55:52"
"Assets\Mesh\Mesh_174.asset",".asset","3529","14/07/2026 19:55:52"
"Assets\Mesh\Mesh_174.asset.meta",".meta","144","14/07/2026 19:55:52"
"Assets\Mesh\Mesh_175.asset",".asset","2869","14/07/2026 19:55:52"
"Assets\Mesh\Mesh_175.asset.meta",".meta","144","14/07/2026 19:55:52"
"Assets\Mesh\Mesh_176.asset",".asset","2853","14/07/2026 19:55:52"
"Assets\Mesh\Mesh_176.asset.meta",".meta","144","14/07/2026 19:55:52"
"Assets\Mesh\Mesh_177.asset",".asset","2877","14/07/2026 19:55:53"
"Assets\Mesh\Mesh_177.asset.meta",".meta","144","14/07/2026 19:55:53"
"Assets\Mesh\Mesh_178.asset",".asset","2853","14/07/2026 19:55:53"
"Assets\Mesh\Mesh_178.asset.meta",".meta","144","14/07/2026 19:55:53"
"Assets\Mesh\Mesh_179.asset",".asset","2853","14/07/2026 19:55:53"
"Assets\Mesh\Mesh_179.asset.meta",".meta","144","14/07/2026 19:55:53"
"Assets\Mesh\Mesh_18.asset",".asset","3541","14/07/2026 19:55:52"
"Assets\Mesh\Mesh_18.asset.meta",".meta","144","14/07/2026 19:55:52"
"Assets\Mesh\Mesh_180.asset",".asset","2869","14/07/2026 19:55:53"
"Assets\Mesh\Mesh_180.asset.meta",".meta","144","14/07/2026 19:55:53"
"Assets\Mesh\Mesh_181.asset",".asset","3541","14/07/2026 19:55:53"
"Assets\Mesh\Mesh_181.asset.meta",".meta","144","14/07/2026 19:55:53"
"Assets\Mesh\Mesh_182.asset",".asset","3541","14/07/2026 19:55:53"
"Assets\Mesh\Mesh_182.asset.meta",".meta","144","14/07/2026 19:55:53"
"Assets\Mesh\Mesh_183.asset",".asset","2875","14/07/2026 19:55:53"
"Assets\Mesh\Mesh_183.asset.meta",".meta","144","14/07/2026 19:55:53"
"Assets\Mesh\Mesh_184.asset",".asset","2853","14/07/2026 19:55:53"
"Assets\Mesh\Mesh_184.asset.meta",".meta","144","14/07/2026 19:55:53"
"Assets\Mesh\Mesh_185.asset",".asset","2859","14/07/2026 19:55:53"
"Assets\Mesh\Mesh_185.asset.meta",".meta","144","14/07/2026 19:55:53"
"Assets\Mesh\Mesh_186.asset",".asset","2867","14/07/2026 19:55:53"
"Assets\Mesh\Mesh_186.asset.meta",".meta","144","14/07/2026 19:55:53"
"Assets\Mesh\Mesh_187.asset",".asset","2853","14/07/2026 19:55:53"
"Assets\Mesh\Mesh_187.asset.meta",".meta","144","14/07/2026 19:55:53"
"Assets\Mesh\Mesh_188.asset",".asset","3539","14/07/2026 19:55:53"
"Assets\Mesh\Mesh_188.asset.meta",".meta","144","14/07/2026 19:55:53"
"Assets\Mesh\Mesh_189.asset",".asset","3539","14/07/2026 19:55:53"
"Assets\Mesh\Mesh_189.asset.meta",".meta","144","14/07/2026 19:55:53"
"Assets\Mesh\Mesh_19.asset",".asset","3541","14/07/2026 19:55:52"
"Assets\Mesh\Mesh_19.asset.meta",".meta","144","14/07/2026 19:55:52"
"Assets\Mesh\Mesh_190.asset",".asset","2859","14/07/2026 19:55:53"
"Assets\Mesh\Mesh_190.asset.meta",".meta","144","14/07/2026 19:55:53"
"Assets\Mesh\Mesh_191.asset",".asset","3529","14/07/2026 19:55:53"
"Assets\Mesh\Mesh_191.asset.meta",".meta","144","14/07/2026 19:55:53"
"Assets\Mesh\Mesh_192.asset",".asset","2853","14/07/2026 19:55:53"
"Assets\Mesh\Mesh_192.asset.meta",".meta","144","14/07/2026 19:55:53"
"Assets\Mesh\Mesh_193.asset",".asset","2855","14/07/2026 19:55:53"
"Assets\Mesh\Mesh_193.asset.meta",".meta","144","14/07/2026 19:55:53"
"Assets\Mesh\Mesh_194.asset",".asset","2859","14/07/2026 19:55:53"
"Assets\Mesh\Mesh_194.asset.meta",".meta","144","14/07/2026 19:55:53"
"Assets\Mesh\Mesh_195.asset",".asset","3539","14/07/2026 19:55:53"
"Assets\Mesh\Mesh_195.asset.meta",".meta","144","14/07/2026 19:55:53"
"Assets\Mesh\Mesh_196.asset",".asset","2869","14/07/2026 19:55:53"
"Assets\Mesh\Mesh_196.asset.meta",".meta","144","14/07/2026 19:55:53"
"Assets\Mesh\Mesh_197.asset",".asset","3535","14/07/2026 19:55:53"
"Assets\Mesh\Mesh_197.asset.meta",".meta","144","14/07/2026 19:55:53"
"Assets\Mesh\Mesh_198.asset",".asset","2867","14/07/2026 19:55:53"
"Assets\Mesh\Mesh_198.asset.meta",".meta","144","14/07/2026 19:55:53"
"Assets\Mesh\Mesh_199.asset",".asset","3541","14/07/2026 19:55:53"
"Assets\Mesh\Mesh_199.asset.meta",".meta","144","14/07/2026 19:55:53"
"Assets\Mesh\Mesh_2.asset",".asset","2853","14/07/2026 19:55:52"
"Assets\Mesh\Mesh_2.asset.meta",".meta","144","14/07/2026 19:55:52"
"Assets\Mesh\Mesh_20.asset",".asset","3529","14/07/2026 19:55:52"
"Assets\Mesh\Mesh_20.asset.meta",".meta","144","14/07/2026 19:55:52"
"Assets\Mesh\Mesh_200.asset",".asset","2853","14/07/2026 19:55:53"
"Assets\Mesh\Mesh_200.asset.meta",".meta","144","14/07/2026 19:55:53"
"Assets\Mesh\Mesh_201.asset",".asset","2859","14/07/2026 19:55:53"
"Assets\Mesh\Mesh_201.asset.meta",".meta","144","14/07/2026 19:55:53"
"Assets\Mesh\Mesh_202.asset",".asset","2859","14/07/2026 19:55:53"
"Assets\Mesh\Mesh_202.asset.meta",".meta","144","14/07/2026 19:55:53"
"Assets\Mesh\Mesh_203.asset",".asset","3535","14/07/2026 19:55:53"
"Assets\Mesh\Mesh_203.asset.meta",".meta","144","14/07/2026 19:55:53"
"Assets\Mesh\Mesh_204.asset",".asset","2853","14/07/2026 19:55:53"
"Assets\Mesh\Mesh_204.asset.meta",".meta","144","14/07/2026 19:55:53"
"Assets\Mesh\Mesh_205.asset",".asset","3541","14/07/2026 19:55:53"
"Assets\Mesh\Mesh_205.asset.meta",".meta","144","14/07/2026 19:55:53"
"Assets\Mesh\Mesh_206.asset",".asset","3529","14/07/2026 19:55:53"
"Assets\Mesh\Mesh_206.asset.meta",".meta","144","14/07/2026 19:55:53"
"Assets\Mesh\Mesh_207.asset",".asset","3539","14/07/2026 19:55:53"
"Assets\Mesh\Mesh_207.asset.meta",".meta","144","14/07/2026 19:55:53"
"Assets\Mesh\Mesh_208.asset",".asset","2855","14/07/2026 19:55:53"
"Assets\Mesh\Mesh_208.asset.meta",".meta","144","14/07/2026 19:55:53"
"Assets\Mesh\Mesh_209.asset",".asset","2869","14/07/2026 19:55:53"
"Assets\Mesh\Mesh_209.asset.meta",".meta","144","14/07/2026 19:55:53"
"Assets\Mesh\Mesh_21.asset",".asset","2869","14/07/2026 19:55:52"
"Assets\Mesh\Mesh_21.asset.meta",".meta","144","14/07/2026 19:55:52"
"Assets\Mesh\Mesh_210.asset",".asset","2877","14/07/2026 19:55:53"
"Assets\Mesh\Mesh_210.asset.meta",".meta","144","14/07/2026 19:55:53"
"Assets\Mesh\Mesh_211.asset",".asset","2853","14/07/2026 19:55:53"
"Assets\Mesh\Mesh_211.asset.meta",".meta","144","14/07/2026 19:55:53"
"Assets\Mesh\Mesh_212.asset",".asset","3539","14/07/2026 19:55:53"
"Assets\Mesh\Mesh_212.asset.meta",".meta","144","14/07/2026 19:55:53"
"Assets\Mesh\Mesh_213.asset",".asset","3541","14/07/2026 19:55:53"
"Assets\Mesh\Mesh_213.asset.meta",".meta","144","14/07/2026 19:55:53"
"Assets\Mesh\Mesh_214.asset",".asset","3539","14/07/2026 19:55:53"
"Assets\Mesh\Mesh_214.asset.meta",".meta","144","14/07/2026 19:55:53"
"Assets\Mesh\Mesh_215.asset",".asset","2853","14/07/2026 19:55:53"
"Assets\Mesh\Mesh_215.asset.meta",".meta","144","14/07/2026 19:55:53"
"Assets\Mesh\Mesh_216.asset",".asset","2869","14/07/2026 19:55:53"
"Assets\Mesh\Mesh_216.asset.meta",".meta","144","14/07/2026 19:55:53"
"Assets\Mesh\Mesh_217.asset",".asset","3541","14/07/2026 19:55:53"
"Assets\Mesh\Mesh_217.asset.meta",".meta","144","14/07/2026 19:55:53"
"Assets\Mesh\Mesh_218.asset",".asset","2853","14/07/2026 19:55:53"
"Assets\Mesh\Mesh_218.asset.meta",".meta","144","14/07/2026 19:55:53"
"Assets\Mesh\Mesh_219.asset",".asset","2853","14/07/2026 19:55:53"
"Assets\Mesh\Mesh_219.asset.meta",".meta","144","14/07/2026 19:55:53"
"Assets\Mesh\Mesh_22.asset",".asset","2853","14/07/2026 19:55:52"
"Assets\Mesh\Mesh_22.asset.meta",".meta","144","14/07/2026 19:55:52"
"Assets\Mesh\Mesh_220.asset",".asset","2859","14/07/2026 19:55:53"
"Assets\Mesh\Mesh_220.asset.meta",".meta","144","14/07/2026 19:55:53"
"Assets\Mesh\Mesh_221.asset",".asset","2875","14/07/2026 19:55:53"
"Assets\Mesh\Mesh_221.asset.meta",".meta","144","14/07/2026 19:55:53"
"Assets\Mesh\Mesh_222.asset",".asset","2867","14/07/2026 19:55:53"
"Assets\Mesh\Mesh_222.asset.meta",".meta","144","14/07/2026 19:55:53"
"Assets\Mesh\Mesh_223.asset",".asset","2867","14/07/2026 19:55:53"
"Assets\Mesh\Mesh_223.asset.meta",".meta","144","14/07/2026 19:55:53"
"Assets\Mesh\Mesh_224.asset",".asset","2859","14/07/2026 19:55:53"
"Assets\Mesh\Mesh_224.asset.meta",".meta","144","14/07/2026 19:55:53"
"Assets\Mesh\Mesh_225.asset",".asset","3541","14/07/2026 19:55:53"
"Assets\Mesh\Mesh_225.asset.meta",".meta","144","14/07/2026 19:55:53"
"Assets\Mesh\Mesh_226.asset",".asset","3541","14/07/2026 19:55:53"
"Assets\Mesh\Mesh_226.asset.meta",".meta","144","14/07/2026 19:55:53"
"Assets\Mesh\Mesh_227.asset",".asset","3541","14/07/2026 19:55:53"
"Assets\Mesh\Mesh_227.asset.meta",".meta","144","14/07/2026 19:55:53"
"Assets\Mesh\Mesh_228.asset",".asset","2877","14/07/2026 19:55:53"
"Assets\Mesh\Mesh_228.asset.meta",".meta","144","14/07/2026 19:55:53"
"Assets\Mesh\Mesh_229.asset",".asset","2859","14/07/2026 19:55:53"
"Assets\Mesh\Mesh_229.asset.meta",".meta","144","14/07/2026 19:55:53"
"Assets\Mesh\Mesh_23.asset",".asset","2877","14/07/2026 19:55:52"
"Assets\Mesh\Mesh_23.asset.meta",".meta","144","14/07/2026 19:55:52"
"Assets\Mesh\Mesh_230.asset",".asset","2869","14/07/2026 19:55:53"
"Assets\Mesh\Mesh_230.asset.meta",".meta","144","14/07/2026 19:55:53"
"Assets\Mesh\Mesh_231.asset",".asset","2853","14/07/2026 19:55:53"
"Assets\Mesh\Mesh_231.asset.meta",".meta","144","14/07/2026 19:55:53"
"Assets\Mesh\Mesh_232.asset",".asset","3541","14/07/2026 19:55:53"
"Assets\Mesh\Mesh_232.asset.meta",".meta","144","14/07/2026 19:55:53"
"Assets\Mesh\Mesh_233.asset",".asset","2867","14/07/2026 19:55:53"
"Assets\Mesh\Mesh_233.asset.meta",".meta","144","14/07/2026 19:55:53"
"Assets\Mesh\Mesh_234.asset",".asset","3529","14/07/2026 19:55:53"
"Assets\Mesh\Mesh_234.asset.meta",".meta","144","14/07/2026 19:55:53"
"Assets\Mesh\Mesh_235.asset",".asset","2859","14/07/2026 19:55:53"
"Assets\Mesh\Mesh_235.asset.meta",".meta","144","14/07/2026 19:55:53"
"Assets\Mesh\Mesh_236.asset",".asset","2875","14/07/2026 19:55:53"
"Assets\Mesh\Mesh_236.asset.meta",".meta","144","14/07/2026 19:55:53"
"Assets\Mesh\Mesh_237.asset",".asset","2853","14/07/2026 19:55:53"
"Assets\Mesh\Mesh_237.asset.meta",".meta","144","14/07/2026 19:55:53"
"Assets\Mesh\Mesh_238.asset",".asset","2855","14/07/2026 19:55:53"
"Assets\Mesh\Mesh_238.asset.meta",".meta","144","14/07/2026 19:55:53"
"Assets\Mesh\Mesh_239.asset",".asset","2853","14/07/2026 19:55:53"
"Assets\Mesh\Mesh_239.asset.meta",".meta","144","14/07/2026 19:55:53"
"Assets\Mesh\Mesh_24.asset",".asset","2853","14/07/2026 19:55:52"
"Assets\Mesh\Mesh_24.asset.meta",".meta","144","14/07/2026 19:55:52"
"Assets\Mesh\Mesh_240.asset",".asset","2873","14/07/2026 19:55:53"
"Assets\Mesh\Mesh_240.asset.meta",".meta","144","14/07/2026 19:55:53"
"Assets\Mesh\Mesh_241.asset",".asset","2853","14/07/2026 19:55:53"
"Assets\Mesh\Mesh_241.asset.meta",".meta","144","14/07/2026 19:55:53"
"Assets\Mesh\Mesh_242.asset",".asset","3541","14/07/2026 19:55:53"
"Assets\Mesh\Mesh_242.asset.meta",".meta","144","14/07/2026 19:55:53"
"Assets\Mesh\Mesh_243.asset",".asset","2867","14/07/2026 19:55:53"
"Assets\Mesh\Mesh_243.asset.meta",".meta","144","14/07/2026 19:55:53"
"Assets\Mesh\Mesh_244.asset",".asset","2853","14/07/2026 19:55:53"
"Assets\Mesh\Mesh_244.asset.meta",".meta","144","14/07/2026 19:55:53"
"Assets\Mesh\Mesh_245.asset",".asset","3541","14/07/2026 19:55:53"
"Assets\Mesh\Mesh_245.asset.meta",".meta","144","14/07/2026 19:55:53"
"Assets\Mesh\Mesh_246.asset",".asset","3541","14/07/2026 19:55:53"
"Assets\Mesh\Mesh_246.asset.meta",".meta","144","14/07/2026 19:55:53"
"Assets\Mesh\Mesh_247.asset",".asset","2867","14/07/2026 19:55:53"
"Assets\Mesh\Mesh_247.asset.meta",".meta","144","14/07/2026 19:55:53"
"Assets\Mesh\Mesh_248.asset",".asset","2853","14/07/2026 19:55:53"
"Assets\Mesh\Mesh_248.asset.meta",".meta","144","14/07/2026 19:55:53"
"Assets\Mesh\Mesh_249.asset",".asset","3541","14/07/2026 19:55:53"
"Assets\Mesh\Mesh_249.asset.meta",".meta","144","14/07/2026 19:55:53"
"Assets\Mesh\Mesh_25.asset",".asset","2853","14/07/2026 19:55:52"
"Assets\Mesh\Mesh_25.asset.meta",".meta","144","14/07/2026 19:55:52"
"Assets\Mesh\Mesh_250.asset",".asset","3529","14/07/2026 19:55:53"
"Assets\Mesh\Mesh_250.asset.meta",".meta","144","14/07/2026 19:55:53"
"Assets\Mesh\Mesh_251.asset",".asset","3539","14/07/2026 19:55:53"
"Assets\Mesh\Mesh_251.asset.meta",".meta","144","14/07/2026 19:55:53"
"Assets\Mesh\Mesh_252.asset",".asset","3541","14/07/2026 19:55:53"
"Assets\Mesh\Mesh_252.asset.meta",".meta","144","14/07/2026 19:55:53"
"Assets\Mesh\Mesh_253.asset",".asset","2869","14/07/2026 19:55:53"
"Assets\Mesh\Mesh_253.asset.meta",".meta","144","14/07/2026 19:55:53"
"Assets\Mesh\Mesh_254.asset",".asset","2877","14/07/2026 19:55:53"
"Assets\Mesh\Mesh_254.asset.meta",".meta","144","14/07/2026 19:55:53"
"Assets\Mesh\Mesh_255.asset",".asset","2859","14/07/2026 19:55:53"
"Assets\Mesh\Mesh_255.asset.meta",".meta","144","14/07/2026 19:55:53"
"Assets\Mesh\Mesh_256.asset",".asset","3539","14/07/2026 19:55:53"
"Assets\Mesh\Mesh_256.asset.meta",".meta","144","14/07/2026 19:55:53"
"Assets\Mesh\Mesh_257.asset",".asset","2859","14/07/2026 19:55:53"
"Assets\Mesh\Mesh_257.asset.meta",".meta","144","14/07/2026 19:55:53"
"Assets\Mesh\Mesh_258.asset",".asset","3535","14/07/2026 19:55:53"
"Assets\Mesh\Mesh_258.asset.meta",".meta","144","14/07/2026 19:55:53"
"Assets\Mesh\Mesh_259.asset",".asset","2853","14/07/2026 19:55:53"
"Assets\Mesh\Mesh_259.asset.meta",".meta","144","14/07/2026 19:55:53"
"Assets\Mesh\Mesh_26.asset",".asset","2869","14/07/2026 19:55:52"
"Assets\Mesh\Mesh_26.asset.meta",".meta","144","14/07/2026 19:55:52"
"Assets\Mesh\Mesh_260.asset",".asset","3541","14/07/2026 19:55:53"
"Assets\Mesh\Mesh_260.asset.meta",".meta","144","14/07/2026 19:55:53"
"Assets\Mesh\Mesh_261.asset",".asset","3539","14/07/2026 19:55:53"
"Assets\Mesh\Mesh_261.asset.meta",".meta","144","14/07/2026 19:55:53"
"Assets\Mesh\Mesh_262.asset",".asset","2853","14/07/2026 19:55:53"
"Assets\Mesh\Mesh_262.asset.meta",".meta","144","14/07/2026 19:55:53"
"Assets\Mesh\Mesh_263.asset",".asset","2853","14/07/2026 19:55:53"
"Assets\Mesh\Mesh_263.asset.meta",".meta","144","14/07/2026 19:55:53"
"Assets\Mesh\Mesh_264.asset",".asset","2855","14/07/2026 19:55:53"
"Assets\Mesh\Mesh_264.asset.meta",".meta","144","14/07/2026 19:55:53"
"Assets\Mesh\Mesh_265.asset",".asset","2859","14/07/2026 19:55:53"
"Assets\Mesh\Mesh_265.asset.meta",".meta","144","14/07/2026 19:55:53"
"Assets\Mesh\Mesh_266.asset",".asset","2853","14/07/2026 19:55:53"
"Assets\Mesh\Mesh_266.asset.meta",".meta","144","14/07/2026 19:55:53"
"Assets\Mesh\Mesh_267.asset",".asset","2869","14/07/2026 19:55:53"
"Assets\Mesh\Mesh_267.asset.meta",".meta","144","14/07/2026 19:55:53"
"Assets\Mesh\Mesh_268.asset",".asset","2875","14/07/2026 19:55:53"
"Assets\Mesh\Mesh_268.asset.meta",".meta","144","14/07/2026 19:55:53"
"Assets\Mesh\Mesh_269.asset",".asset","2867","14/07/2026 19:55:53"
"Assets\Mesh\Mesh_269.asset.meta",".meta","144","14/07/2026 19:55:53"
"Assets\Mesh\Mesh_27.asset",".asset","3538","14/07/2026 19:55:52"
"Assets\Mesh\Mesh_27.asset.meta",".meta","144","14/07/2026 19:55:52"
"Assets\Mesh\Mesh_270.asset",".asset","2855","14/07/2026 19:55:53"
"Assets\Mesh\Mesh_270.asset.meta",".meta","144","14/07/2026 19:55:53"
"Assets\Mesh\Mesh_271.asset",".asset","2877","14/07/2026 19:55:53"
"Assets\Mesh\Mesh_271.asset.meta",".meta","144","14/07/2026 19:55:53"
"Assets\Mesh\Mesh_272.asset",".asset","3541","14/07/2026 19:55:53"
"Assets\Mesh\Mesh_272.asset.meta",".meta","144","14/07/2026 19:55:53"
"Assets\Mesh\Mesh_273.asset",".asset","2853","14/07/2026 19:55:53"
"Assets\Mesh\Mesh_273.asset.meta",".meta","144","14/07/2026 19:55:53"
"Assets\Mesh\Mesh_274.asset",".asset","2853","14/07/2026 19:55:53"
"Assets\Mesh\Mesh_274.asset.meta",".meta","144","14/07/2026 19:55:53"
"Assets\Mesh\Mesh_275.asset",".asset","2853","14/07/2026 19:55:53"
"Assets\Mesh\Mesh_275.asset.meta",".meta","144","14/07/2026 19:55:53"
"Assets\Mesh\Mesh_276.asset",".asset","2869","14/07/2026 19:55:53"
"Assets\Mesh\Mesh_276.asset.meta",".meta","144","14/07/2026 19:55:53"
"Assets\Mesh\Mesh_277.asset",".asset","3541","14/07/2026 19:55:53"
"Assets\Mesh\Mesh_277.asset.meta",".meta","144","14/07/2026 19:55:53"
"Assets\Mesh\Mesh_278.asset",".asset","2875","14/07/2026 19:55:53"
"Assets\Mesh\Mesh_278.asset.meta",".meta","144","14/07/2026 19:55:53"
"Assets\Mesh\Mesh_279.asset",".asset","2867","14/07/2026 19:55:53"
"Assets\Mesh\Mesh_279.asset.meta",".meta","144","14/07/2026 19:55:53"
"Assets\Mesh\Mesh_28.asset",".asset","3538","14/07/2026 19:55:52"
"Assets\Mesh\Mesh_28.asset.meta",".meta","144","14/07/2026 19:55:52"
"Assets\Mesh\Mesh_280.asset",".asset","2853","14/07/2026 19:55:53"
"Assets\Mesh\Mesh_280.asset.meta",".meta","144","14/07/2026 19:55:53"
"Assets\Mesh\Mesh_281.asset",".asset","3539","14/07/2026 19:55:53"
"Assets\Mesh\Mesh_281.asset.meta",".meta","144","14/07/2026 19:55:53"
"Assets\Mesh\Mesh_282.asset",".asset","3539","14/07/2026 19:55:53"
"Assets\Mesh\Mesh_282.asset.meta",".meta","144","14/07/2026 19:55:53"
"Assets\Mesh\Mesh_283.asset",".asset","2859","14/07/2026 19:55:53"
"Assets\Mesh\Mesh_283.asset.meta",".meta","144","14/07/2026 19:55:53"
"Assets\Mesh\Mesh_284.asset",".asset","2853","14/07/2026 19:55:53"
"Assets\Mesh\Mesh_284.asset.meta",".meta","144","14/07/2026 19:55:53"
"Assets\Mesh\Mesh_285.asset",".asset","3529","14/07/2026 19:55:53"
"Assets\Mesh\Mesh_285.asset.meta",".meta","144","14/07/2026 19:55:53"
"Assets\Mesh\Mesh_286.asset",".asset","2853","14/07/2026 19:55:53"
"Assets\Mesh\Mesh_286.asset.meta",".meta","144","14/07/2026 19:55:53"
"Assets\Mesh\Mesh_287.asset",".asset","3539","14/07/2026 19:55:53"
"Assets\Mesh\Mesh_287.asset.meta",".meta","144","14/07/2026 19:55:53"
"Assets\Mesh\Mesh_288.asset",".asset","2869","14/07/2026 19:55:53"
"Assets\Mesh\Mesh_288.asset.meta",".meta","144","14/07/2026 19:55:53"
"Assets\Mesh\Mesh_289.asset",".asset","3541","14/07/2026 19:55:53"
"Assets\Mesh\Mesh_289.asset.meta",".meta","144","14/07/2026 19:55:53"
"Assets\Mesh\Mesh_29.asset",".asset","2875","14/07/2026 19:55:52"
"Assets\Mesh\Mesh_29.asset.meta",".meta","144","14/07/2026 19:55:52"
"Assets\Mesh\Mesh_290.asset",".asset","3541","14/07/2026 19:55:53"
"Assets\Mesh\Mesh_290.asset.meta",".meta","144","14/07/2026 19:55:53"
"Assets\Mesh\Mesh_291.asset",".asset","2867","14/07/2026 19:55:53"
"Assets\Mesh\Mesh_291.asset.meta",".meta","144","14/07/2026 19:55:53"
"Assets\Mesh\Mesh_292.asset",".asset","2859","14/07/2026 19:55:53"
"Assets\Mesh\Mesh_292.asset.meta",".meta","144","14/07/2026 19:55:53"
"Assets\Mesh\Mesh_293.asset",".asset","2859","14/07/2026 19:55:53"
"Assets\Mesh\Mesh_293.asset.meta",".meta","144","14/07/2026 19:55:53"
"Assets\Mesh\Mesh_294.asset",".asset","2854","14/07/2026 19:55:53"
"Assets\Mesh\Mesh_294.asset.meta",".meta","144","14/07/2026 19:55:53"
"Assets\Mesh\Mesh_295.asset",".asset","2854","14/07/2026 19:55:53"
"Assets\Mesh\Mesh_295.asset.meta",".meta","144","14/07/2026 19:55:53"
"Assets\Mesh\Mesh_296.asset",".asset","2921","14/07/2026 19:55:53"
"Assets\Mesh\Mesh_296.asset.meta",".meta","144","14/07/2026 19:55:53"
"Assets\Mesh\Mesh_297.asset",".asset","2851","14/07/2026 19:55:53"
"Assets\Mesh\Mesh_297.asset.meta",".meta","144","14/07/2026 19:55:53"
"Assets\Mesh\Mesh_298.asset",".asset","2854","14/07/2026 19:55:53"
"Assets\Mesh\Mesh_298.asset.meta",".meta","144","14/07/2026 19:55:53"
"Assets\Mesh\Mesh_299.asset",".asset","2871","14/07/2026 19:55:53"
"Assets\Mesh\Mesh_299.asset.meta",".meta","144","14/07/2026 19:55:53"
"Assets\Mesh\Mesh_3.asset",".asset","2853","14/07/2026 19:55:52"
"Assets\Mesh\Mesh_3.asset.meta",".meta","144","14/07/2026 19:55:52"
"Assets\Mesh\Mesh_30.asset",".asset","2853","14/07/2026 19:55:52"
"Assets\Mesh\Mesh_30.asset.meta",".meta","144","14/07/2026 19:55:52"
"Assets\Mesh\Mesh_300.asset",".asset","2853","14/07/2026 19:55:53"
"Assets\Mesh\Mesh_300.asset.meta",".meta","144","14/07/2026 19:55:53"
"Assets\Mesh\Mesh_301.asset",".asset","2859","14/07/2026 19:55:53"
"Assets\Mesh\Mesh_301.asset.meta",".meta","144","14/07/2026 19:55:53"
"Assets\Mesh\Mesh_302.asset",".asset","2854","14/07/2026 19:55:53"
"Assets\Mesh\Mesh_302.asset.meta",".meta","144","14/07/2026 19:55:53"
"Assets\Mesh\Mesh_303.asset",".asset","2867","14/07/2026 19:55:53"
"Assets\Mesh\Mesh_303.asset.meta",".meta","144","14/07/2026 19:55:53"
"Assets\Mesh\Mesh_304.asset",".asset","2853","14/07/2026 19:55:53"
"Assets\Mesh\Mesh_304.asset.meta",".meta","144","14/07/2026 19:55:53"
"Assets\Mesh\Mesh_305.asset",".asset","2854","14/07/2026 19:55:53"
"Assets\Mesh\Mesh_305.asset.meta",".meta","144","14/07/2026 19:55:53"
"Assets\Mesh\Mesh_306.asset",".asset","2854","14/07/2026 19:55:53"
"Assets\Mesh\Mesh_306.asset.meta",".meta","144","14/07/2026 19:55:53"
"Assets\Mesh\Mesh_307.asset",".asset","2855","14/07/2026 19:55:53"
"Assets\Mesh\Mesh_307.asset.meta",".meta","144","14/07/2026 19:55:53"
"Assets\Mesh\Mesh_308.asset",".asset","2853","14/07/2026 19:55:53"
"Assets\Mesh\Mesh_308.asset.meta",".meta","144","14/07/2026 19:55:53"
"Assets\Mesh\Mesh_31.asset",".asset","2859","14/07/2026 19:55:52"
"Assets\Mesh\Mesh_31.asset.meta",".meta","144","14/07/2026 19:55:52"
"Assets\Mesh\Mesh_32.asset",".asset","2867","14/07/2026 19:55:52"
"Assets\Mesh\Mesh_32.asset.meta",".meta","144","14/07/2026 19:55:52"
"Assets\Mesh\Mesh_33.asset",".asset","2853","14/07/2026 19:55:52"
"Assets\Mesh\Mesh_33.asset.meta",".meta","144","14/07/2026 19:55:52"
"Assets\Mesh\Mesh_34.asset",".asset","3536","14/07/2026 19:55:52"
"Assets\Mesh\Mesh_34.asset.meta",".meta","144","14/07/2026 19:55:52"
"Assets\Mesh\Mesh_35.asset",".asset","3536","14/07/2026 19:55:52"
"Assets\Mesh\Mesh_35.asset.meta",".meta","144","14/07/2026 19:55:52"
"Assets\Mesh\Mesh_36.asset",".asset","2859","14/07/2026 19:55:52"
"Assets\Mesh\Mesh_36.asset.meta",".meta","144","14/07/2026 19:55:52"
"Assets\Mesh\Mesh_37.asset",".asset","3529","14/07/2026 19:55:52"
"Assets\Mesh\Mesh_37.asset.meta",".meta","144","14/07/2026 19:55:52"
"Assets\Mesh\Mesh_38.asset",".asset","2853","14/07/2026 19:55:52"
"Assets\Mesh\Mesh_38.asset.meta",".meta","144","14/07/2026 19:55:52"
"Assets\Mesh\Mesh_39.asset",".asset","2855","14/07/2026 19:55:52"
"Assets\Mesh\Mesh_39.asset.meta",".meta","144","14/07/2026 19:55:52"
"Assets\Mesh\Mesh_4.asset",".asset","3541","14/07/2026 19:55:52"
"Assets\Mesh\Mesh_4.asset.meta",".meta","144","14/07/2026 19:55:52"
"Assets\Mesh\Mesh_40.asset",".asset","2859","14/07/2026 19:55:52"
"Assets\Mesh\Mesh_40.asset.meta",".meta","144","14/07/2026 19:55:52"
"Assets\Mesh\Mesh_41.asset",".asset","3539","14/07/2026 19:55:52"
"Assets\Mesh\Mesh_41.asset.meta",".meta","144","14/07/2026 19:55:52"
"Assets\Mesh\Mesh_42.asset",".asset","2869","14/07/2026 19:55:52"
"Assets\Mesh\Mesh_42.asset.meta",".meta","144","14/07/2026 19:55:52"
"Assets\Mesh\Mesh_43.asset",".asset","3535","14/07/2026 19:55:52"
"Assets\Mesh\Mesh_43.asset.meta",".meta","144","14/07/2026 19:55:52"
"Assets\Mesh\Mesh_44.asset",".asset","2867","14/07/2026 19:55:52"
"Assets\Mesh\Mesh_44.asset.meta",".meta","144","14/07/2026 19:55:52"
"Assets\Mesh\Mesh_45.asset",".asset","3541","14/07/2026 19:55:52"
"Assets\Mesh\Mesh_45.asset.meta",".meta","144","14/07/2026 19:55:52"
"Assets\Mesh\Mesh_46.asset",".asset","2853","14/07/2026 19:55:52"
"Assets\Mesh\Mesh_46.asset.meta",".meta","144","14/07/2026 19:55:52"
"Assets\Mesh\Mesh_47.asset",".asset","2859","14/07/2026 19:55:52"
"Assets\Mesh\Mesh_47.asset.meta",".meta","144","14/07/2026 19:55:52"
"Assets\Mesh\Mesh_48.asset",".asset","3536","14/07/2026 19:55:52"
"Assets\Mesh\Mesh_48.asset.meta",".meta","144","14/07/2026 19:55:52"
"Assets\Mesh\Mesh_49.asset",".asset","2853","14/07/2026 19:55:52"
"Assets\Mesh\Mesh_49.asset.meta",".meta","144","14/07/2026 19:55:52"
"Assets\Mesh\Mesh_5.asset",".asset","3539","14/07/2026 19:55:52"
"Assets\Mesh\Mesh_5.asset.meta",".meta","144","14/07/2026 19:55:52"
"Assets\Mesh\Mesh_50.asset",".asset","2853","14/07/2026 19:55:52"
"Assets\Mesh\Mesh_50.asset.meta",".meta","144","14/07/2026 19:55:52"
"Assets\Mesh\Mesh_51.asset",".asset","2875","14/07/2026 19:55:52"
"Assets\Mesh\Mesh_51.asset.meta",".meta","144","14/07/2026 19:55:52"
"Assets\Mesh\Mesh_52.asset",".asset","3535","14/07/2026 19:55:52"
"Assets\Mesh\Mesh_52.asset.meta",".meta","144","14/07/2026 19:55:52"
"Assets\Mesh\Mesh_53.asset",".asset","2853","14/07/2026 19:55:52"
"Assets\Mesh\Mesh_53.asset.meta",".meta","144","14/07/2026 19:55:52"
"Assets\Mesh\Mesh_54.asset",".asset","2853","14/07/2026 19:55:52"
"Assets\Mesh\Mesh_54.asset.meta",".meta","144","14/07/2026 19:55:52"
"Assets\Mesh\Mesh_55.asset",".asset","3541","14/07/2026 19:55:52"
"Assets\Mesh\Mesh_55.asset.meta",".meta","144","14/07/2026 19:55:52"
"Assets\Mesh\Mesh_56.asset",".asset","2859","14/07/2026 19:55:52"
"Assets\Mesh\Mesh_56.asset.meta",".meta","144","14/07/2026 19:55:52"
"Assets\Mesh\Mesh_57.asset",".asset","3529","14/07/2026 19:55:52"
"Assets\Mesh\Mesh_57.asset.meta",".meta","144","14/07/2026 19:55:52"
"Assets\Mesh\Mesh_58.asset",".asset","3538","14/07/2026 19:55:52"
"Assets\Mesh\Mesh_58.asset.meta",".meta","144","14/07/2026 19:55:52"
"Assets\Mesh\Mesh_59.asset",".asset","2877","14/07/2026 19:55:52"
"Assets\Mesh\Mesh_59.asset.meta",".meta","144","14/07/2026 19:55:52"
"Assets\Mesh\Mesh_6.asset",".asset","2853","14/07/2026 19:55:52"
"Assets\Mesh\Mesh_6.asset.meta",".meta","144","14/07/2026 19:55:52"
"Assets\Mesh\Mesh_60.asset",".asset","3538","14/07/2026 19:55:52"
"Assets\Mesh\Mesh_60.asset.meta",".meta","144","14/07/2026 19:55:52"
"Assets\Mesh\Mesh_61.asset",".asset","2869","14/07/2026 19:55:52"
"Assets\Mesh\Mesh_61.asset.meta",".meta","144","14/07/2026 19:55:52"
"Assets\Mesh\Mesh_62.asset",".asset","2869","14/07/2026 19:55:52"
"Assets\Mesh\Mesh_62.asset.meta",".meta","144","14/07/2026 19:55:52"
"Assets\Mesh\Mesh_63.asset",".asset","2867","14/07/2026 19:55:52"
"Assets\Mesh\Mesh_63.asset.meta",".meta","144","14/07/2026 19:55:52"
"Assets\Mesh\Mesh_64.asset",".asset","2859","14/07/2026 19:55:52"
"Assets\Mesh\Mesh_64.asset.meta",".meta","144","14/07/2026 19:55:52"
"Assets\Mesh\Mesh_65.asset",".asset","3536","14/07/2026 19:55:52"
"Assets\Mesh\Mesh_65.asset.meta",".meta","144","14/07/2026 19:55:52"
"Assets\Mesh\Mesh_66.asset",".asset","2853","14/07/2026 19:55:52"
"Assets\Mesh\Mesh_66.asset.meta",".meta","144","14/07/2026 19:55:52"
"Assets\Mesh\Mesh_67.asset",".asset","2867","14/07/2026 19:55:52"
"Assets\Mesh\Mesh_67.asset.meta",".meta","144","14/07/2026 19:55:52"
"Assets\Mesh\Mesh_68.asset",".asset","2855","14/07/2026 19:55:52"
"Assets\Mesh\Mesh_68.asset.meta",".meta","144","14/07/2026 19:55:52"
"Assets\Mesh\Mesh_69.asset",".asset","3539","14/07/2026 19:55:52"
"Assets\Mesh\Mesh_69.asset.meta",".meta","144","14/07/2026 19:55:52"
"Assets\Mesh\Mesh_7.asset",".asset","3539","14/07/2026 19:55:52"
"Assets\Mesh\Mesh_7.asset.meta",".meta","144","14/07/2026 19:55:52"
"Assets\Mesh\Mesh_70.asset",".asset","2867","14/07/2026 19:55:52"
"Assets\Mesh\Mesh_70.asset.meta",".meta","144","14/07/2026 19:55:52"
"Assets\Mesh\Mesh_71.asset",".asset","2853","14/07/2026 19:55:52"
"Assets\Mesh\Mesh_71.asset.meta",".meta","144","14/07/2026 19:55:52"
"Assets\Mesh\Mesh_72.asset",".asset","2869","14/07/2026 19:55:52"
"Assets\Mesh\Mesh_72.asset.meta",".meta","144","14/07/2026 19:55:52"
"Assets\Mesh\Mesh_73.asset",".asset","2853","14/07/2026 19:55:52"
"Assets\Mesh\Mesh_73.asset.meta",".meta","144","14/07/2026 19:55:52"
"Assets\Mesh\Mesh_74.asset",".asset","3541","14/07/2026 19:55:52"
"Assets\Mesh\Mesh_74.asset.meta",".meta","144","14/07/2026 19:55:52"
"Assets\Mesh\Mesh_75.asset",".asset","2875","14/07/2026 19:55:52"
"Assets\Mesh\Mesh_75.asset.meta",".meta","144","14/07/2026 19:55:52"
"Assets\Mesh\Mesh_76.asset",".asset","2853","14/07/2026 19:55:52"
"Assets\Mesh\Mesh_76.asset.meta",".meta","144","14/07/2026 19:55:52"
"Assets\Mesh\Mesh_77.asset",".asset","2853","14/07/2026 19:55:52"
"Assets\Mesh\Mesh_77.asset.meta",".meta","144","14/07/2026 19:55:52"
"Assets\Mesh\Mesh_78.asset",".asset","2867","14/07/2026 19:55:52"
"Assets\Mesh\Mesh_78.asset.meta",".meta","144","14/07/2026 19:55:52"
"Assets\Mesh\Mesh_79.asset",".asset","2855","14/07/2026 19:55:52"
"Assets\Mesh\Mesh_79.asset.meta",".meta","144","14/07/2026 19:55:52"
"Assets\Mesh\Mesh_8.asset",".asset","2875","14/07/2026 19:55:52"
"Assets\Mesh\Mesh_8.asset.meta",".meta","144","14/07/2026 19:55:52"
"Assets\Mesh\Mesh_80.asset",".asset","2859","14/07/2026 19:55:52"
"Assets\Mesh\Mesh_80.asset.meta",".meta","144","14/07/2026 19:55:52"
"Assets\Mesh\Mesh_81.asset",".asset","3529","14/07/2026 19:55:52"
"Assets\Mesh\Mesh_81.asset.meta",".meta","144","14/07/2026 19:55:52"
"Assets\Mesh\Mesh_82.asset",".asset","3541","14/07/2026 19:55:52"
"Assets\Mesh\Mesh_82.asset.meta",".meta","144","14/07/2026 19:55:52"
"Assets\Mesh\Mesh_83.asset",".asset","3536","14/07/2026 19:55:52"
"Assets\Mesh\Mesh_83.asset.meta",".meta","144","14/07/2026 19:55:52"
"Assets\Mesh\Mesh_84.asset",".asset","3536","14/07/2026 19:55:52"
"Assets\Mesh\Mesh_84.asset.meta",".meta","144","14/07/2026 19:55:52"
"Assets\Mesh\Mesh_85.asset",".asset","3538","14/07/2026 19:55:52"
"Assets\Mesh\Mesh_85.asset.meta",".meta","144","14/07/2026 19:55:52"
"Assets\Mesh\Mesh_86.asset",".asset","2859","14/07/2026 19:55:52"
"Assets\Mesh\Mesh_86.asset.meta",".meta","144","14/07/2026 19:55:52"
"Assets\Mesh\Mesh_87.asset",".asset","2859","14/07/2026 19:55:52"
"Assets\Mesh\Mesh_87.asset.meta",".meta","144","14/07/2026 19:55:52"
"Assets\Mesh\Mesh_88.asset",".asset","3539","14/07/2026 19:55:52"
"Assets\Mesh\Mesh_88.asset.meta",".meta","144","14/07/2026 19:55:52"
"Assets\Mesh\Mesh_89.asset",".asset","2869","14/07/2026 19:55:52"
"Assets\Mesh\Mesh_89.asset.meta",".meta","144","14/07/2026 19:55:52"
"Assets\Mesh\Mesh_9.asset",".asset","2859","14/07/2026 19:55:52"
"Assets\Mesh\Mesh_9.asset.meta",".meta","144","14/07/2026 19:55:52"
"Assets\Mesh\Mesh_90.asset",".asset","3538","14/07/2026 19:55:52"
"Assets\Mesh\Mesh_90.asset.meta",".meta","144","14/07/2026 19:55:52"
"Assets\Mesh\Mesh_91.asset",".asset","2877","14/07/2026 19:55:52"
"Assets\Mesh\Mesh_91.asset.meta",".meta","144","14/07/2026 19:55:52"
"Assets\Mesh\Mesh_92.asset",".asset","2853","14/07/2026 19:55:52"
"Assets\Mesh\Mesh_92.asset.meta",".meta","144","14/07/2026 19:55:52"
"Assets\Mesh\Mesh_93.asset",".asset","2853","14/07/2026 19:55:52"
"Assets\Mesh\Mesh_93.asset.meta",".meta","144","14/07/2026 19:55:52"
"Assets\Mesh\Mesh_94.asset",".asset","3539","14/07/2026 19:55:52"
"Assets\Mesh\Mesh_94.asset.meta",".meta","144","14/07/2026 19:55:52"
"Assets\Mesh\Mesh_95.asset",".asset","2869","14/07/2026 19:55:52"
"Assets\Mesh\Mesh_95.asset.meta",".meta","144","14/07/2026 19:55:52"
"Assets\Mesh\Mesh_96.asset",".asset","2875","14/07/2026 19:55:52"
"Assets\Mesh\Mesh_96.asset.meta",".meta","144","14/07/2026 19:55:52"
"Assets\Mesh\Mesh_97.asset",".asset","2853","14/07/2026 19:55:52"
"Assets\Mesh\Mesh_97.asset.meta",".meta","144","14/07/2026 19:55:52"
"Assets\Mesh\Mesh_98.asset",".asset","3541","14/07/2026 19:55:52"
"Assets\Mesh\Mesh_98.asset.meta",".meta","144","14/07/2026 19:55:52"
"Assets\Mesh\Mesh_99.asset",".asset","2853","14/07/2026 19:55:52"
"Assets\Mesh\Mesh_99.asset.meta",".meta","144","14/07/2026 19:55:52"
"Assets\Mesh\Mike.asset",".asset","45439","14/07/2026 19:55:50"
"Assets\Mesh\Mike.asset.meta",".meta","144","14/07/2026 19:55:50"
"Assets\Mesh\MILO.asset",".asset","33383","14/07/2026 19:55:50"
"Assets\Mesh\MILO.asset.meta",".meta","144","14/07/2026 19:55:50"
"Assets\Mesh\OSCAR.asset",".asset","45164","14/07/2026 19:55:50"
"Assets\Mesh\OSCAR.asset.meta",".meta","144","14/07/2026 19:55:50"
"Assets\Mesh\Perry.asset",".asset","43222","14/07/2026 19:55:50"
"Assets\Mesh\Perry.asset.meta",".meta","144","14/07/2026 19:55:50"
"Assets\Mesh\Phineas.asset",".asset","44929","14/07/2026 19:55:50"
"Assets\Mesh\Phineas.asset.meta",".meta","144","14/07/2026 19:55:50"
"Assets\Mesh\Pie.asset",".asset","12758","14/07/2026 19:55:41"
"Assets\Mesh\Pie.asset.meta",".meta","144","14/07/2026 19:55:41"
"Assets\Mesh\Plane.asset",".asset","5682","14/07/2026 19:55:30"
"Assets\Mesh\Plane.asset.meta",".meta","144","14/07/2026 19:55:30"
"Assets\Mesh\Plane_0.asset",".asset","4651","14/07/2026 19:55:30"
"Assets\Mesh\Plane_0.asset.meta",".meta","144","14/07/2026 19:55:30"
"Assets\Mesh\Plane_001.asset",".asset","2900","14/07/2026 19:55:37"
"Assets\Mesh\Plane_001.asset.meta",".meta","144","14/07/2026 19:55:37"
"Assets\Mesh\Plane_001_0.asset",".asset","2865","14/07/2026 19:55:41"
"Assets\Mesh\Plane_001_0.asset.meta",".meta","144","14/07/2026 19:55:41"
"Assets\Mesh\Plane_002.asset",".asset","3304","14/07/2026 19:55:29"
"Assets\Mesh\Plane_002.asset.meta",".meta","144","14/07/2026 19:55:29"
"Assets\Mesh\Plane_003.asset",".asset","2841","14/07/2026 19:55:44"
"Assets\Mesh\Plane_003.asset.meta",".meta","144","14/07/2026 19:55:44"
"Assets\Mesh\Plane_1.asset",".asset","2774","14/07/2026 19:55:37"
"Assets\Mesh\Plane_1.asset.meta",".meta","144","14/07/2026 19:55:37"
"Assets\Mesh\Plane_2.asset",".asset","2874","14/07/2026 19:55:43"
"Assets\Mesh\Plane_2.asset.meta",".meta","144","14/07/2026 19:55:43"
"Assets\Mesh\Plane_3.asset",".asset","4054","14/07/2026 19:55:46"
"Assets\Mesh\Plane_3.asset.meta",".meta","144","14/07/2026 19:55:46"
"Assets\Mesh\Plane_4.asset",".asset","2771","14/07/2026 19:55:46"
"Assets\Mesh\Plane_4.asset.meta",".meta","144","14/07/2026 19:55:46"
"Assets\Mesh\punnel1.asset",".asset","9391","14/07/2026 19:55:45"
"Assets\Mesh\punnel1.asset.meta",".meta","144","14/07/2026 19:55:45"
"Assets\Mesh\punnel2.asset",".asset","10674","14/07/2026 19:55:45"
"Assets\Mesh\punnel2.asset.meta",".meta","144","14/07/2026 19:55:45"
"Assets\Mesh\punnel3.asset",".asset","11440","14/07/2026 19:55:45"
"Assets\Mesh\punnel3.asset.meta",".meta","144","14/07/2026 19:55:45"
"Assets\Mesh\punnel4.asset",".asset","13511","14/07/2026 19:55:45"
"Assets\Mesh\punnel4.asset.meta",".meta","144","14/07/2026 19:55:45"
"Assets\Mesh\p_tunnel_1.asset",".asset","16851","14/07/2026 19:55:45"
"Assets\Mesh\p_tunnel_1.asset.meta",".meta","144","14/07/2026 19:55:45"
"Assets\Mesh\p_tunnel_2.asset",".asset","13225","14/07/2026 19:55:45"
"Assets\Mesh\p_tunnel_2.asset.meta",".meta","144","14/07/2026 19:55:45"
"Assets\Mesh\p_tunnel_3.asset",".asset","13220","14/07/2026 19:55:45"
"Assets\Mesh\p_tunnel_3.asset.meta",".meta","144","14/07/2026 19:55:45"
"Assets\Mesh\p_tunnel_4.asset",".asset","14531","14/07/2026 19:55:45"
"Assets\Mesh\p_tunnel_4.asset.meta",".meta","144","14/07/2026 19:55:45"
"Assets\Mesh\Quad.asset",".asset","2805","14/07/2026 19:55:46"
"Assets\Mesh\Quad.asset.meta",".meta","144","14/07/2026 19:55:46"
"Assets\Mesh\ramp_down_collsion.asset",".asset","9524","14/07/2026 19:55:43"
"Assets\Mesh\ramp_down_collsion.asset.meta",".meta","144","14/07/2026 19:55:43"
"Assets\Mesh\Red_Crate.asset",".asset","3415","14/07/2026 19:55:46"
"Assets\Mesh\Red_Crate.asset.meta",".meta","144","14/07/2026 19:55:46"
"Assets\Mesh\Red_Crate_open.asset",".asset","4363","14/07/2026 19:55:46"
"Assets\Mesh\Red_Crate_open.asset.meta",".meta","144","14/07/2026 19:55:46"
"Assets\Mesh\right_weel.asset",".asset","6939","14/07/2026 19:55:50"
"Assets\Mesh\right_weel.asset.meta",".meta","144","14/07/2026 19:55:50"
"Assets\Mesh\right_weel_0.asset",".asset","6939","14/07/2026 19:55:50"
"Assets\Mesh\right_weel_0.asset.meta",".meta","144","14/07/2026 19:55:50"
"Assets\Mesh\right_weel_1.asset",".asset","6939","14/07/2026 19:55:50"
"Assets\Mesh\right_weel_1.asset.meta",".meta","144","14/07/2026 19:55:50"
"Assets\Mesh\right_weel_2.asset",".asset","6939","14/07/2026 19:55:51"
"Assets\Mesh\right_weel_2.asset.meta",".meta","144","14/07/2026 19:55:51"
"Assets\Mesh\right_wheel.asset",".asset","6940","14/07/2026 19:55:50"
"Assets\Mesh\right_wheel.asset.meta",".meta","144","14/07/2026 19:55:50"
"Assets\Mesh\right_wheel_0.asset",".asset","6940","14/07/2026 19:55:50"
"Assets\Mesh\right_wheel_0.asset.meta",".meta","144","14/07/2026 19:55:50"
"Assets\Mesh\right_wheel_1.asset",".asset","6940","14/07/2026 19:55:50"
"Assets\Mesh\right_wheel_1.asset.meta",".meta","144","14/07/2026 19:55:50"
"Assets\Mesh\right_wheel_10.asset",".asset","6940","14/07/2026 19:55:50"
"Assets\Mesh\right_wheel_10.asset.meta",".meta","144","14/07/2026 19:55:50"
"Assets\Mesh\right_wheel_11.asset",".asset","6940","14/07/2026 19:55:51"
"Assets\Mesh\right_wheel_11.asset.meta",".meta","144","14/07/2026 19:55:51"
"Assets\Mesh\right_wheel_12.asset",".asset","6940","14/07/2026 19:55:51"
"Assets\Mesh\right_wheel_12.asset.meta",".meta","144","14/07/2026 19:55:51"
"Assets\Mesh\right_wheel_13.asset",".asset","6940","14/07/2026 19:55:51"
"Assets\Mesh\right_wheel_13.asset.meta",".meta","144","14/07/2026 19:55:51"
"Assets\Mesh\right_wheel_14.asset",".asset","6940","14/07/2026 19:55:51"
"Assets\Mesh\right_wheel_14.asset.meta",".meta","144","14/07/2026 19:55:51"
"Assets\Mesh\right_wheel_2.asset",".asset","6940","14/07/2026 19:55:50"
"Assets\Mesh\right_wheel_2.asset.meta",".meta","144","14/07/2026 19:55:50"
"Assets\Mesh\right_wheel_3.asset",".asset","6940","14/07/2026 19:55:50"
"Assets\Mesh\right_wheel_3.asset.meta",".meta","144","14/07/2026 19:55:50"
"Assets\Mesh\right_wheel_4.asset",".asset","6940","14/07/2026 19:55:50"
"Assets\Mesh\right_wheel_4.asset.meta",".meta","144","14/07/2026 19:55:50"
"Assets\Mesh\right_wheel_5.asset",".asset","6940","14/07/2026 19:55:50"
"Assets\Mesh\right_wheel_5.asset.meta",".meta","144","14/07/2026 19:55:50"
"Assets\Mesh\right_wheel_6.asset",".asset","6940","14/07/2026 19:55:50"
"Assets\Mesh\right_wheel_6.asset.meta",".meta","144","14/07/2026 19:55:50"
"Assets\Mesh\right_wheel_7.asset",".asset","6940","14/07/2026 19:55:50"
"Assets\Mesh\right_wheel_7.asset.meta",".meta","144","14/07/2026 19:55:50"
"Assets\Mesh\right_wheel_8.asset",".asset","6940","14/07/2026 19:55:50"
"Assets\Mesh\right_wheel_8.asset.meta",".meta","144","14/07/2026 19:55:50"
"Assets\Mesh\right_wheel_9.asset",".asset","6940","14/07/2026 19:55:50"
"Assets\Mesh\right_wheel_9.asset.meta",".meta","144","14/07/2026 19:55:50"
"Assets\Mesh\road1.asset",".asset","58899","14/07/2026 19:55:32"
"Assets\Mesh\road1.asset.meta",".meta","144","14/07/2026 19:55:32"
"Assets\Mesh\road2.asset",".asset","49558","14/07/2026 19:55:32"
"Assets\Mesh\road2.asset.meta",".meta","144","14/07/2026 19:55:32"
"Assets\Mesh\road4.asset",".asset","23366","14/07/2026 19:55:32"
"Assets\Mesh\road4.asset.meta",".meta","144","14/07/2026 19:55:32"
"Assets\Mesh\road_3.asset",".asset","20318","14/07/2026 19:55:32"
"Assets\Mesh\road_3.asset.meta",".meta","144","14/07/2026 19:55:32"
"Assets\Mesh\Rock_2.asset",".asset","6221","14/07/2026 19:55:41"
"Assets\Mesh\Rock_2.asset.meta",".meta","144","14/07/2026 19:55:41"
"Assets\Mesh\rollup_door.asset",".asset","2855","14/07/2026 19:55:37"
"Assets\Mesh\rollup_door.asset.meta",".meta","144","14/07/2026 19:55:37"
"Assets\Mesh\roof.asset",".asset","2877","14/07/2026 19:55:46"
"Assets\Mesh\roof.asset.meta",".meta","144","14/07/2026 19:55:46"
"Assets\Mesh\school.asset",".asset","10870","14/07/2026 19:55:32"
"Assets\Mesh\school.asset.meta",".meta","144","14/07/2026 19:55:32"
"Assets\Mesh\schoolbus.asset",".asset","3846","14/07/2026 19:55:46"
"Assets\Mesh\schoolbus.asset.meta",".meta","144","14/07/2026 19:55:46"
"Assets\Mesh\school_left.asset",".asset","11254","14/07/2026 19:55:32"
"Assets\Mesh\school_left.asset.meta",".meta","144","14/07/2026 19:55:32"
"Assets\Mesh\scoop.asset",".asset","4131","14/07/2026 19:55:50"
"Assets\Mesh\scoop.asset.meta",".meta","144","14/07/2026 19:55:50"
"Assets\Mesh\SCOOP_0.asset",".asset","3716","14/07/2026 19:55:50"
"Assets\Mesh\SCOOP_0.asset.meta",".meta","144","14/07/2026 19:55:50"
"Assets\Mesh\scoop_1.asset",".asset","6702","14/07/2026 19:55:50"
"Assets\Mesh\scoop_1.asset.meta",".meta","144","14/07/2026 19:55:50"
"Assets\Mesh\scoop_2.asset",".asset","3482","14/07/2026 19:55:51"
"Assets\Mesh\scoop_2.asset.meta",".meta","144","14/07/2026 19:55:51"
"Assets\Mesh\scoop_3.asset",".asset","7526","14/07/2026 19:55:51"
"Assets\Mesh\scoop_3.asset.meta",".meta","144","14/07/2026 19:55:51"
"Assets\Mesh\scoop_4.asset",".asset","5369","14/07/2026 19:55:51"
"Assets\Mesh\scoop_4.asset.meta",".meta","144","14/07/2026 19:55:51"
"Assets\Mesh\scoop_5.asset",".asset","3482","14/07/2026 19:55:51"
"Assets\Mesh\scoop_5.asset.meta",".meta","144","14/07/2026 19:55:51"
"Assets\Mesh\Shield.asset",".asset","4878","14/07/2026 19:55:37"
"Assets\Mesh\Shield.asset.meta",".meta","144","14/07/2026 19:55:37"
"Assets\Mesh\shool_right.asset",".asset","11086","14/07/2026 19:55:32"
"Assets\Mesh\shool_right.asset.meta",".meta","144","14/07/2026 19:55:32"
"Assets\Mesh\soos.asset",".asset","40866","14/07/2026 19:55:50"
"Assets\Mesh\soos.asset.meta",".meta","144","14/07/2026 19:55:50"
"Assets\Mesh\Sphere.asset",".asset","7743","14/07/2026 19:55:32"
"Assets\Mesh\Sphere.asset.meta",".meta","144","14/07/2026 19:55:32"
"Assets\Mesh\Sphere_0.asset",".asset","10114","14/07/2026 19:55:32"
"Assets\Mesh\Sphere_0.asset.meta",".meta","144","14/07/2026 19:55:32"
"Assets\Mesh\Sphere_1.asset",".asset","10114","14/07/2026 19:55:45"
"Assets\Mesh\Sphere_1.asset.meta",".meta","144","14/07/2026 19:55:45"
"Assets\Mesh\split_road.asset",".asset","44311","14/07/2026 19:55:46"
"Assets\Mesh\split_road.asset.meta",".meta","144","14/07/2026 19:55:46"
"Assets\Mesh\spoiler.asset",".asset","5239","14/07/2026 19:55:50"
"Assets\Mesh\spoiler.asset.meta",".meta","144","14/07/2026 19:55:50"
"Assets\Mesh\spoiler_0.asset",".asset","5070","14/07/2026 19:55:51"
"Assets\Mesh\spoiler_0.asset.meta",".meta","144","14/07/2026 19:55:51"
"Assets\Mesh\spoiler_1.asset",".asset","5766","14/07/2026 19:55:51"
"Assets\Mesh\spoiler_1.asset.meta",".meta","144","14/07/2026 19:55:51"
"Assets\Mesh\spoiler_10.asset",".asset","6235","14/07/2026 19:55:51"
"Assets\Mesh\spoiler_10.asset.meta",".meta","144","14/07/2026 19:55:51"
"Assets\Mesh\spoiler_11.asset",".asset","4850","14/07/2026 19:55:51"
"Assets\Mesh\spoiler_11.asset.meta",".meta","144","14/07/2026 19:55:51"
"Assets\Mesh\spoiler_2.asset",".asset","5941","14/07/2026 19:55:51"
"Assets\Mesh\spoiler_2.asset.meta",".meta","144","14/07/2026 19:55:51"
"Assets\Mesh\spoiler_3.asset",".asset","4705","14/07/2026 19:55:51"
"Assets\Mesh\spoiler_3.asset.meta",".meta","144","14/07/2026 19:55:51"
"Assets\Mesh\spoiler_4.asset",".asset","6734","14/07/2026 19:55:51"
"Assets\Mesh\spoiler_4.asset.meta",".meta","144","14/07/2026 19:55:51"
"Assets\Mesh\spoiler_5.asset",".asset","4850","14/07/2026 19:55:51"
"Assets\Mesh\spoiler_5.asset.meta",".meta","144","14/07/2026 19:55:51"
"Assets\Mesh\spoiler_6.asset",".asset","5150","14/07/2026 19:55:51"
"Assets\Mesh\spoiler_6.asset.meta",".meta","144","14/07/2026 19:55:51"
"Assets\Mesh\spoiler_7.asset",".asset","4793","14/07/2026 19:55:51"
"Assets\Mesh\spoiler_7.asset.meta",".meta","144","14/07/2026 19:55:51"
"Assets\Mesh\spoiler_8.asset",".asset","5295","14/07/2026 19:55:51"
"Assets\Mesh\spoiler_8.asset.meta",".meta","144","14/07/2026 19:55:51"
"Assets\Mesh\spoiler_9.asset",".asset","5776","14/07/2026 19:55:51"
"Assets\Mesh\spoiler_9.asset.meta",".meta","144","14/07/2026 19:55:51"
"Assets\Mesh\stalagtite.asset",".asset","3793","14/07/2026 19:55:30"
"Assets\Mesh\stalagtite.asset.meta",".meta","144","14/07/2026 19:55:30"
"Assets\Mesh\Street_Collider.asset",".asset","118763","14/07/2026 19:55:41"
"Assets\Mesh\Street_Collider.asset.meta",".meta","144","14/07/2026 19:55:41"
"Assets\Mesh\thrusters.asset",".asset","14559","14/07/2026 19:55:50"
"Assets\Mesh\thrusters.asset.meta",".meta","144","14/07/2026 19:55:50"
"Assets\Mesh\thrusters_0.asset",".asset","11062","14/07/2026 19:55:50"
"Assets\Mesh\thrusters_0.asset.meta",".meta","144","14/07/2026 19:55:50"
"Assets\Mesh\thrusters_1.asset",".asset","8638","14/07/2026 19:55:50"
"Assets\Mesh\thrusters_1.asset.meta",".meta","144","14/07/2026 19:55:50"
"Assets\Mesh\thrusters_10.asset",".asset","11054","14/07/2026 19:55:51"
"Assets\Mesh\thrusters_10.asset.meta",".meta","144","14/07/2026 19:55:51"
"Assets\Mesh\thrusters_11.asset",".asset","3654","14/07/2026 19:55:51"
"Assets\Mesh\thrusters_11.asset.meta",".meta","144","14/07/2026 19:55:51"
"Assets\Mesh\thrusters_2.asset",".asset","4476","14/07/2026 19:55:51"
"Assets\Mesh\thrusters_2.asset.meta",".meta","144","14/07/2026 19:55:51"
"Assets\Mesh\thrusters_3.asset",".asset","14539","14/07/2026 19:55:51"
"Assets\Mesh\thrusters_3.asset.meta",".meta","144","14/07/2026 19:55:51"
"Assets\Mesh\thrusters_4.asset",".asset","8826","14/07/2026 19:55:51"
"Assets\Mesh\thrusters_4.asset.meta",".meta","144","14/07/2026 19:55:51"
"Assets\Mesh\thrusters_5.asset",".asset","8847","14/07/2026 19:55:51"
"Assets\Mesh\thrusters_5.asset.meta",".meta","144","14/07/2026 19:55:51"
"Assets\Mesh\thrusters_6.asset",".asset","8671","14/07/2026 19:55:51"
"Assets\Mesh\thrusters_6.asset.meta",".meta","144","14/07/2026 19:55:51"
"Assets\Mesh\thrusters_7.asset",".asset","3654","14/07/2026 19:55:51"
"Assets\Mesh\thrusters_7.asset.meta",".meta","144","14/07/2026 19:55:51"
"Assets\Mesh\thrusters_8.asset",".asset","8632","14/07/2026 19:55:51"
"Assets\Mesh\thrusters_8.asset.meta",".meta","144","14/07/2026 19:55:51"
"Assets\Mesh\thrusters_9.asset",".asset","9412","14/07/2026 19:55:51"
"Assets\Mesh\thrusters_9.asset.meta",".meta","144","14/07/2026 19:55:51"
"Assets\Mesh\tire_tower.asset",".asset","6253","14/07/2026 19:55:29"
"Assets\Mesh\tire_tower.asset.meta",".meta","144","14/07/2026 19:55:29"
"Assets\Mesh\top_bridge1.asset",".asset","12408","14/07/2026 19:55:45"
"Assets\Mesh\top_bridge1.asset.meta",".meta","144","14/07/2026 19:55:45"
"Assets\Mesh\top_bridge_2.asset",".asset","12029","14/07/2026 19:55:45"
"Assets\Mesh\top_bridge_2.asset.meta",".meta","144","14/07/2026 19:55:45"
"Assets\Mesh\Track_Section_1_000.asset",".asset","9585","14/07/2026 19:55:30"
"Assets\Mesh\Track_Section_1_000.asset.meta",".meta","144","14/07/2026 19:55:30"
"Assets\Mesh\Track_Section_1_001.asset",".asset","49610","14/07/2026 19:55:30"
"Assets\Mesh\Track_Section_1_001.asset.meta",".meta","144","14/07/2026 19:55:30"
"Assets\Mesh\Track_Section_1_001_0.asset",".asset","76509","14/07/2026 19:55:30"
"Assets\Mesh\Track_Section_1_001_0.asset.meta",".meta","144","14/07/2026 19:55:30"
"Assets\Mesh\Track_Section_1_002.asset",".asset","13679","14/07/2026 19:55:30"
"Assets\Mesh\Track_Section_1_002.asset.meta",".meta","144","14/07/2026 19:55:30"
"Assets\Mesh\Track_Section_1_003.asset",".asset","26133","14/07/2026 19:55:30"
"Assets\Mesh\Track_Section_1_003.asset.meta",".meta","144","14/07/2026 19:55:30"
"Assets\Mesh\Trilobite.asset",".asset","5579","14/07/2026 19:55:32"
"Assets\Mesh\Trilobite.asset.meta",".meta","144","14/07/2026 19:55:32"
"Assets\Mesh\tube_tunnel.asset",".asset","28413","14/07/2026 19:55:30"
"Assets\Mesh\tube_tunnel.asset.meta",".meta","144","14/07/2026 19:55:30"
"Assets\Mesh\tunnel_entrance_thing.asset",".asset","3340","14/07/2026 19:55:44"
"Assets\Mesh\tunnel_entrance_thing.asset.meta",".meta","144","14/07/2026 19:55:44"
"Assets\Mesh\tunnel_hall_seperate.asset",".asset","80618","14/07/2026 19:55:44"
"Assets\Mesh\tunnel_hall_seperate.asset.meta",".meta","144","14/07/2026 19:55:44"
"Assets\Mesh\tunnel_street_seperate.asset",".asset","48070","14/07/2026 19:55:44"
"Assets\Mesh\tunnel_street_seperate.asset.meta",".meta","144","14/07/2026 19:55:44"
"Assets\Mesh\tunnel_walls.asset",".asset","79793","14/07/2026 19:55:44"
"Assets\Mesh\tunnel_walls.asset.meta",".meta","144","14/07/2026 19:55:44"
"Assets\Mesh\wall1.asset",".asset","2868","14/07/2026 19:55:45"
"Assets\Mesh\wall1.asset.meta",".meta","144","14/07/2026 19:55:45"
"Assets\Mesh\walls_exit.asset",".asset","3924","14/07/2026 19:55:45"
"Assets\Mesh\walls_exit.asset.meta",".meta","144","14/07/2026 19:55:45"
"Assets\Mesh\wheel.asset",".asset","22418","14/07/2026 19:55:50"
"Assets\Mesh\wheel.asset.meta",".meta","144","14/07/2026 19:55:50"
"Assets\Mesh\WhoopieCushion.asset",".asset","14552","14/07/2026 19:55:41"
"Assets\Mesh\WhoopieCushion.asset.meta",".meta","144","14/07/2026 19:55:41"
"Assets\Mesh\winding_road_001.asset",".asset","4530","14/07/2026 19:55:45"
"Assets\Mesh\winding_road_001.asset.meta",".meta","144","14/07/2026 19:55:45"
"Assets\MonoBehaviour\AgentP.asset",".asset","1022","14/07/2026 19:55:38"
"Assets\MonoBehaviour\AgentP.asset.meta",".meta","144","14/07/2026 19:55:38"
"Assets\MonoBehaviour\Arrow MouseOver.asset",".asset","1057","14/07/2026 19:55:38"
"Assets\MonoBehaviour\Arrow MouseOver.asset.meta",".meta","144","14/07/2026 19:55:38"
"Assets\MonoBehaviour\Arrow Over DOWN.asset",".asset","1051","14/07/2026 19:55:38"
"Assets\MonoBehaviour\Arrow Over DOWN.asset.meta",".meta","144","14/07/2026 19:55:38"
"Assets\MonoBehaviour\Arrow Over.asset",".asset","1049","14/07/2026 19:55:38"
"Assets\MonoBehaviour\Arrow Over.asset.meta",".meta","144","14/07/2026 19:55:38"
"Assets\MonoBehaviour\Bar.asset",".asset","1067","14/07/2026 19:55:32"
"Assets\MonoBehaviour\Bar.asset.meta",".meta","144","14/07/2026 19:55:32"
"Assets\MonoBehaviour\Bea.asset",".asset","1023","14/07/2026 19:55:38"
"Assets\MonoBehaviour\Bea.asset.meta",".meta","144","14/07/2026 19:55:38"
"Assets\MonoBehaviour\Blocker Invisible.asset",".asset","989","14/07/2026 19:55:38"
"Assets\MonoBehaviour\Blocker Invisible.asset.meta",".meta","144","14/07/2026 19:55:38"
"Assets\MonoBehaviour\Blocker.asset",".asset","979","14/07/2026 19:55:38"
"Assets\MonoBehaviour\Blocker.asset.meta",".meta","144","14/07/2026 19:55:38"
"Assets\MonoBehaviour\Bolt.asset",".asset","1038","14/07/2026 19:55:38"
"Assets\MonoBehaviour\Bolt.asset.meta",".meta","144","14/07/2026 19:55:38"
"Assets\MonoBehaviour\Brad.asset",".asset","1024","14/07/2026 19:55:38"
"Assets\MonoBehaviour\Brad.asset.meta",".meta","144","14/07/2026 19:55:38"
"Assets\MonoBehaviour\Brake - DOWN.asset",".asset","1054","14/07/2026 19:55:32"
"Assets\MonoBehaviour\Brake - DOWN.asset.meta",".meta","144","14/07/2026 19:55:32"
"Assets\MonoBehaviour\Brake - Normal.asset",".asset","1050","14/07/2026 19:55:32"
"Assets\MonoBehaviour\Brake - Normal.asset.meta",".meta","144","14/07/2026 19:55:32"
"Assets\MonoBehaviour\Burst.asset",".asset","1025","14/07/2026 19:55:38"
"Assets\MonoBehaviour\Burst.asset.meta",".meta","144","14/07/2026 19:55:38"
"Assets\MonoBehaviour\Buy Powerup - Disabled.asset",".asset","1064","14/07/2026 19:55:32"
"Assets\MonoBehaviour\Buy Powerup - Disabled.asset.meta",".meta","144","14/07/2026 19:55:32"
"Assets\MonoBehaviour\Buy Powerup - DOWN.asset",".asset","1060","14/07/2026 19:55:32"
"Assets\MonoBehaviour\Buy Powerup - DOWN.asset.meta",".meta","144","14/07/2026 19:55:32"
"Assets\MonoBehaviour\Buy Powerup - MouseOver.asset",".asset","1063","14/07/2026 19:55:32"
"Assets\MonoBehaviour\Buy Powerup - MouseOver.asset.meta",".meta","144","14/07/2026 19:55:32"
"Assets\MonoBehaviour\Buy Powerup - Normal.asset",".asset","1062","14/07/2026 19:55:32"
"Assets\MonoBehaviour\Buy Powerup - Normal.asset.meta",".meta","144","14/07/2026 19:55:32"
"Assets\MonoBehaviour\Car Customizer Button.asset",".asset","1056","14/07/2026 19:55:38"
"Assets\MonoBehaviour\Car Customizer Button.asset.meta",".meta","144","14/07/2026 19:55:38"
"Assets\MonoBehaviour\Category Rounded - Normal.asset",".asset","1067","14/07/2026 19:55:38"
"Assets\MonoBehaviour\Category Rounded - Normal.asset.meta",".meta","144","14/07/2026 19:55:38"
"Assets\MonoBehaviour\Category Rounded On - Active.asset",".asset","1070","14/07/2026 19:55:38"
"Assets\MonoBehaviour\Category Rounded On - Active.asset.meta",".meta","144","14/07/2026 19:55:38"
"Assets\MonoBehaviour\Category Rounded On - Normal.asset",".asset","1062","14/07/2026 19:55:38"
"Assets\MonoBehaviour\Category Rounded On - Normal.asset.meta",".meta","144","14/07/2026 19:55:38"
"Assets\MonoBehaviour\Category Square - Active.asset",".asset","1056","14/07/2026 19:55:38"
"Assets\MonoBehaviour\Category Square - Active.asset.meta",".meta","144","14/07/2026 19:55:38"
"Assets\MonoBehaviour\Category Square - Normal.asset",".asset","1059","14/07/2026 19:55:38"
"Assets\MonoBehaviour\Category Square - Normal.asset.meta",".meta","144","14/07/2026 19:55:38"
"Assets\MonoBehaviour\Category Square On - Active.asset",".asset","1062","14/07/2026 19:55:38"
"Assets\MonoBehaviour\Category Square On - Active.asset.meta",".meta","144","14/07/2026 19:55:38"
"Assets\MonoBehaviour\Category Square On - Normal.asset",".asset","1054","14/07/2026 19:55:38"
"Assets\MonoBehaviour\Category Square On - Normal.asset.meta",".meta","144","14/07/2026 19:55:38"
"Assets\MonoBehaviour\CategoryFrame.asset",".asset","1065","14/07/2026 19:55:38"
"Assets\MonoBehaviour\CategoryFrame.asset.meta",".meta","144","14/07/2026 19:55:38"
"Assets\MonoBehaviour\CheckeredFlagHeader.asset",".asset","1036","14/07/2026 19:55:32"
"Assets\MonoBehaviour\CheckeredFlagHeader.asset.meta",".meta","144","14/07/2026 19:55:32"
"Assets\MonoBehaviour\CheckerEND.asset",".asset","1051","14/07/2026 19:55:32"
"Assets\MonoBehaviour\CheckerEND.asset.meta",".meta","144","14/07/2026 19:55:32"
"Assets\MonoBehaviour\Coin DOWN.asset",".asset","1047","14/07/2026 19:55:38"
"Assets\MonoBehaviour\Coin DOWN.asset.meta",".meta","144","14/07/2026 19:55:38"
"Assets\MonoBehaviour\Coin MouseOver.asset",".asset","1038","14/07/2026 19:55:38"
"Assets\MonoBehaviour\Coin MouseOver.asset.meta",".meta","144","14/07/2026 19:55:38"
"Assets\MonoBehaviour\Coin.asset",".asset","1046","14/07/2026 19:55:38"
"Assets\MonoBehaviour\Coin.asset.meta",".meta","144","14/07/2026 19:55:38"
"Assets\MonoBehaviour\CoinBox.asset",".asset","1055","14/07/2026 19:55:32"
"Assets\MonoBehaviour\CoinBox.asset.meta",".meta","144","14/07/2026 19:55:32"
"Assets\MonoBehaviour\coins mega.asset",".asset","1036","14/07/2026 19:55:38"
"Assets\MonoBehaviour\coins mega.asset.meta",".meta","144","14/07/2026 19:55:38"
"Assets\MonoBehaviour\coins super.asset",".asset","1043","14/07/2026 19:55:38"
"Assets\MonoBehaviour\coins super.asset.meta",".meta","144","14/07/2026 19:55:38"
"Assets\MonoBehaviour\coins ultra.asset",".asset","1043","14/07/2026 19:55:38"
"Assets\MonoBehaviour\coins ultra.asset.meta",".meta","144","14/07/2026 19:55:38"
"Assets\MonoBehaviour\Coin_0.asset",".asset","1030","14/07/2026 19:55:38"
"Assets\MonoBehaviour\Coin_0.asset.meta",".meta","144","14/07/2026 19:55:38"
"Assets\MonoBehaviour\copyright.asset",".asset","1013","14/07/2026 19:55:38"
"Assets\MonoBehaviour\copyright.asset.meta",".meta","144","14/07/2026 19:55:38"
"Assets\MonoBehaviour\Crash.asset",".asset","1025","14/07/2026 19:55:38"
"Assets\MonoBehaviour\Crash.asset.meta",".meta","144","14/07/2026 19:55:38"
"Assets\MonoBehaviour\Custom Blip Locked.asset",".asset","1038","14/07/2026 19:55:38"
"Assets\MonoBehaviour\Custom Blip Locked.asset.meta",".meta","144","14/07/2026 19:55:38"
"Assets\MonoBehaviour\Custom Blip Selected.asset",".asset","1042","14/07/2026 19:55:38"
"Assets\MonoBehaviour\Custom Blip Selected.asset.meta",".meta","144","14/07/2026 19:55:38"
"Assets\MonoBehaviour\Custom Blip Unlocked.asset",".asset","1038","14/07/2026 19:55:38"
"Assets\MonoBehaviour\Custom Blip Unlocked.asset.meta",".meta","144","14/07/2026 19:55:38"
"Assets\MonoBehaviour\DATG logo.asset",".asset","1033","14/07/2026 19:55:38"
"Assets\MonoBehaviour\DATG logo.asset.meta",".meta","144","14/07/2026 19:55:38"
"Assets\MonoBehaviour\Dialog Inner Dialog lighter 1.asset",".asset","1110","14/07/2026 19:55:38"
"Assets\MonoBehaviour\Dialog Inner Dialog lighter 1.asset.meta",".meta","144","14/07/2026 19:55:38"
"Assets\MonoBehaviour\Dialog Inner Dialog lighter.asset",".asset","1107","14/07/2026 19:55:38"
"Assets\MonoBehaviour\Dialog Inner Dialog lighter.asset.meta",".meta","144","14/07/2026 19:55:38"
"Assets\MonoBehaviour\Dialog Inner Dialog LightGreen.asset",".asset","1092","14/07/2026 19:55:38"
"Assets\MonoBehaviour\Dialog Inner Dialog LightGreen.asset.meta",".meta","144","14/07/2026 19:55:38"
"Assets\MonoBehaviour\Dialog Inner Dialog.asset",".asset","1099","14/07/2026 19:55:38"
"Assets\MonoBehaviour\Dialog Inner Dialog.asset.meta",".meta","144","14/07/2026 19:55:38"
"Assets\MonoBehaviour\Dialog Inner Dialog_0.asset",".asset","1091","14/07/2026 19:55:38"
"Assets\MonoBehaviour\Dialog Inner Dialog_0.asset.meta",".meta","144","14/07/2026 19:55:38"
"Assets\MonoBehaviour\Dialog.asset",".asset","1086","14/07/2026 19:55:38"
"Assets\MonoBehaviour\Dialog.asset.meta",".meta","144","14/07/2026 19:55:38"
"Assets\MonoBehaviour\DialogTrim.asset",".asset","996","14/07/2026 19:55:38"
"Assets\MonoBehaviour\DialogTrim.asset.meta",".meta","144","14/07/2026 19:55:38"
"Assets\MonoBehaviour\Dipper.asset",".asset","1024","14/07/2026 19:55:38"
"Assets\MonoBehaviour\Dipper.asset.meta",".meta","144","14/07/2026 19:55:38"
"Assets\MonoBehaviour\Disney button DOWN.asset",".asset","1014","14/07/2026 19:55:38"
"Assets\MonoBehaviour\Disney button DOWN.asset.meta",".meta","144","14/07/2026 19:55:38"
"Assets\MonoBehaviour\Disney button MouseOver.asset",".asset","1037","14/07/2026 19:55:38"
"Assets\MonoBehaviour\Disney button MouseOver.asset.meta",".meta","144","14/07/2026 19:55:38"
"Assets\MonoBehaviour\Disney button.asset",".asset","1027","14/07/2026 19:55:38"
"Assets\MonoBehaviour\Disney button.asset.meta",".meta","144","14/07/2026 19:55:38"
"Assets\MonoBehaviour\Disney-XD-logo.asset",".asset","1056","14/07/2026 19:55:38"
"Assets\MonoBehaviour\Disney-XD-logo.asset.meta",".meta","144","14/07/2026 19:55:38"
"Assets\MonoBehaviour\DisneyMobile.asset",".asset","1036","14/07/2026 19:55:38"
"Assets\MonoBehaviour\DisneyMobile.asset.meta",".meta","144","14/07/2026 19:55:38"
"Assets\MonoBehaviour\Drive - Normal DOWN.asset",".asset","1041","14/07/2026 19:55:32"
"Assets\MonoBehaviour\Drive - Normal DOWN.asset.meta",".meta","144","14/07/2026 19:55:32"
"Assets\MonoBehaviour\Drive - Normal.asset",".asset","1036","14/07/2026 19:55:32"
"Assets\MonoBehaviour\Drive - Normal.asset.meta",".meta","144","14/07/2026 19:55:32"
"Assets\MonoBehaviour\Enemy Ahead Indicator.asset",".asset","1057","14/07/2026 19:55:32"
"Assets\MonoBehaviour\Enemy Ahead Indicator.asset.meta",".meta","144","14/07/2026 19:55:32"
"Assets\MonoBehaviour\Enemy Behind Indicator.asset",".asset","1058","14/07/2026 19:55:32"
"Assets\MonoBehaviour\Enemy Behind Indicator.asset.meta",".meta","144","14/07/2026 19:55:32"
"Assets\MonoBehaviour\Ferb.asset",".asset","1026","14/07/2026 19:55:38"
"Assets\MonoBehaviour\Ferb.asset.meta",".meta","144","14/07/2026 19:55:38"
"Assets\MonoBehaviour\Finish Line.asset",".asset","1001","14/07/2026 19:55:38"
"Assets\MonoBehaviour\Finish Line.asset.meta",".meta","144","14/07/2026 19:55:38"
"Assets\MonoBehaviour\Fish Hooks 1.asset",".asset","1006","14/07/2026 19:55:38"
"Assets\MonoBehaviour\Fish Hooks 1.asset.meta",".meta","144","14/07/2026 19:55:38"
"Assets\MonoBehaviour\Fish Hooks 2.asset",".asset","1024","14/07/2026 19:55:38"
"Assets\MonoBehaviour\Fish Hooks 2.asset.meta",".meta","144","14/07/2026 19:55:38"
"Assets\MonoBehaviour\Fish Hooks 3.asset",".asset","1024","14/07/2026 19:55:38"
"Assets\MonoBehaviour\Fish Hooks 3.asset.meta",".meta","144","14/07/2026 19:55:38"
"Assets\MonoBehaviour\Flag Button.asset",".asset","1044","14/07/2026 19:55:38"
"Assets\MonoBehaviour\Flag Button.asset.meta",".meta","144","14/07/2026 19:55:38"
"Assets\MonoBehaviour\Full Brackets - Active.asset",".asset","1070","14/07/2026 19:55:38"
"Assets\MonoBehaviour\Full Brackets - Active.asset.meta",".meta","144","14/07/2026 19:55:38"
"Assets\MonoBehaviour\Full Brackets MouseOver.asset",".asset","1069","14/07/2026 19:55:38"
"Assets\MonoBehaviour\Full Brackets MouseOver.asset.meta",".meta","144","14/07/2026 19:55:38"
"Assets\MonoBehaviour\Full Brackets.asset",".asset","1055","14/07/2026 19:55:38"
"Assets\MonoBehaviour\Full Brackets.asset.meta",".meta","144","14/07/2026 19:55:38"
"Assets\MonoBehaviour\full screen booster.asset",".asset","1007","14/07/2026 19:55:38"
"Assets\MonoBehaviour\full screen booster.asset.meta",".meta","144","14/07/2026 19:55:38"
"Assets\MonoBehaviour\Funds.asset",".asset","1045","14/07/2026 19:55:32"
"Assets\MonoBehaviour\Funds.asset.meta",".meta","144","14/07/2026 19:55:32"
"Assets\MonoBehaviour\GamecenterLogo.asset",".asset","1038","14/07/2026 19:55:38"
"Assets\MonoBehaviour\GamecenterLogo.asset.meta",".meta","144","14/07/2026 19:55:38"
"Assets\MonoBehaviour\Graveck.asset",".asset","1031","14/07/2026 19:55:38"
"Assets\MonoBehaviour\Graveck.asset.meta",".meta","144","14/07/2026 19:55:38"
"Assets\MonoBehaviour\Gunther.asset",".asset","1027","14/07/2026 19:55:38"
"Assets\MonoBehaviour\Gunther.asset.meta",".meta","144","14/07/2026 19:55:38"
"Assets\MonoBehaviour\Icon - Body.asset",".asset","1052","14/07/2026 19:55:38"
"Assets\MonoBehaviour\Icon - Body.asset.meta",".meta","144","14/07/2026 19:55:38"
"Assets\MonoBehaviour\Icon - Scoop.asset",".asset","1052","14/07/2026 19:55:38"
"Assets\MonoBehaviour\Icon - Scoop.asset.meta",".meta","144","14/07/2026 19:55:38"
"Assets\MonoBehaviour\Icon - Spoiler.asset",".asset","1054","14/07/2026 19:55:38"
"Assets\MonoBehaviour\Icon - Spoiler.asset.meta",".meta","144","14/07/2026 19:55:38"
"Assets\MonoBehaviour\Icon - Thruster.asset",".asset","1049","14/07/2026 19:55:38"
"Assets\MonoBehaviour\Icon - Thruster.asset.meta",".meta","144","14/07/2026 19:55:38"
"Assets\MonoBehaviour\Icon - Wheels.asset",".asset","1047","14/07/2026 19:55:38"
"Assets\MonoBehaviour\Icon - Wheels.asset.meta",".meta","144","14/07/2026 19:55:38"
"Assets\MonoBehaviour\icon-Bike.asset",".asset","1039","14/07/2026 19:55:38"
"Assets\MonoBehaviour\icon-Bike.asset.meta",".meta","144","14/07/2026 19:55:38"
"Assets\MonoBehaviour\icon-Trike.asset",".asset","1042","14/07/2026 19:55:38"
"Assets\MonoBehaviour\icon-Trike.asset.meta",".meta","144","14/07/2026 19:55:38"
"Assets\MonoBehaviour\icon-Truck.asset",".asset","1044","14/07/2026 19:55:38"
"Assets\MonoBehaviour\icon-Truck.asset.meta",".meta","144","14/07/2026 19:55:38"
"Assets\MonoBehaviour\IconCheckmark.asset",".asset","1033","14/07/2026 19:55:38"
"Assets\MonoBehaviour\IconCheckmark.asset.meta",".meta","144","14/07/2026 19:55:38"
"Assets\MonoBehaviour\IconCoins.asset",".asset","1027","14/07/2026 19:55:38"
"Assets\MonoBehaviour\IconCoins.asset.meta",".meta","144","14/07/2026 19:55:38"
"Assets\MonoBehaviour\IconMisc.asset",".asset","1028","14/07/2026 19:55:38"
"Assets\MonoBehaviour\IconMisc.asset.meta",".meta","144","14/07/2026 19:55:38"
"Assets\MonoBehaviour\IconRetryArrow.asset",".asset","1040","14/07/2026 19:55:38"
"Assets\MonoBehaviour\IconRetryArrow.asset.meta",".meta","144","14/07/2026 19:55:38"
"Assets\MonoBehaviour\IconStunts.asset",".asset","1030","14/07/2026 19:55:38"
"Assets\MonoBehaviour\IconStunts.asset.meta",".meta","144","14/07/2026 19:55:38"
"Assets\MonoBehaviour\IconTracks.asset",".asset","1032","14/07/2026 19:55:38"
"Assets\MonoBehaviour\IconTracks.asset.meta",".meta","144","14/07/2026 19:55:38"
"Assets\MonoBehaviour\Kick 1.asset",".asset","1018","14/07/2026 19:55:38"
"Assets\MonoBehaviour\Kick 1.asset.meta",".meta","144","14/07/2026 19:55:38"
"Assets\MonoBehaviour\Kick 2.asset",".asset","1016","14/07/2026 19:55:38"
"Assets\MonoBehaviour\Kick 2.asset.meta",".meta","144","14/07/2026 19:55:38"
"Assets\MonoBehaviour\Kick 3.asset",".asset","1018","14/07/2026 19:55:38"
"Assets\MonoBehaviour\Kick 3.asset.meta",".meta","144","14/07/2026 19:55:38"
"Assets\MonoBehaviour\Kick.asset",".asset","1022","14/07/2026 19:55:38"
"Assets\MonoBehaviour\Kick.asset.meta",".meta","144","14/07/2026 19:55:38"
"Assets\MonoBehaviour\lock.asset",".asset","1002","14/07/2026 19:55:38"
"Assets\MonoBehaviour\lock.asset.meta",".meta","144","14/07/2026 19:55:38"
"Assets\MonoBehaviour\Mabel.asset",".asset","1027","14/07/2026 19:55:38"
"Assets\MonoBehaviour\Mabel.asset.meta",".meta","144","14/07/2026 19:55:38"
"Assets\MonoBehaviour\Mike.asset",".asset","1024","14/07/2026 19:55:38"
"Assets\MonoBehaviour\Mike.asset.meta",".meta","144","14/07/2026 19:55:38"
"Assets\MonoBehaviour\Milo.asset",".asset","1022","14/07/2026 19:55:38"
"Assets\MonoBehaviour\Milo.asset.meta",".meta","144","14/07/2026 19:55:38"
"Assets\MonoBehaviour\mine notify.asset",".asset","1016","14/07/2026 19:55:32"
"Assets\MonoBehaviour\mine notify.asset.meta",".meta","144","14/07/2026 19:55:32"
"Assets\MonoBehaviour\Mirror.asset",".asset","1039","14/07/2026 19:55:38"
"Assets\MonoBehaviour\Mirror.asset.meta",".meta","144","14/07/2026 19:55:38"
"Assets\MonoBehaviour\music icon.asset",".asset","988","14/07/2026 19:55:38"
"Assets\MonoBehaviour\music icon.asset.meta",".meta","144","14/07/2026 19:55:38"
"Assets\MonoBehaviour\Options Button.asset",".asset","1054","14/07/2026 19:55:38"
"Assets\MonoBehaviour\Options Button.asset.meta",".meta","144","14/07/2026 19:55:38"
"Assets\MonoBehaviour\Oscar.asset",".asset","1027","14/07/2026 19:55:38"
"Assets\MonoBehaviour\Oscar.asset.meta",".meta","144","14/07/2026 19:55:38"
"Assets\MonoBehaviour\Pause - DOWN.asset",".asset","1058","14/07/2026 19:55:32"
"Assets\MonoBehaviour\Pause - DOWN.asset.meta",".meta","144","14/07/2026 19:55:32"
"Assets\MonoBehaviour\Pause - MouseOver.asset",".asset","1063","14/07/2026 19:55:32"
"Assets\MonoBehaviour\Pause - MouseOver.asset.meta",".meta","144","14/07/2026 19:55:32"
"Assets\MonoBehaviour\Pause - Normal.asset",".asset","1040","14/07/2026 19:55:32"
"Assets\MonoBehaviour\Pause - Normal.asset.meta",".meta","144","14/07/2026 19:55:32"
"Assets\MonoBehaviour\Phineas 1.asset",".asset","1019","14/07/2026 19:55:38"
"Assets\MonoBehaviour\Phineas 1.asset.meta",".meta","144","14/07/2026 19:55:38"
"Assets\MonoBehaviour\Phineas 2.asset",".asset","1039","14/07/2026 19:55:38"
"Assets\MonoBehaviour\Phineas 2.asset.meta",".meta","144","14/07/2026 19:55:38"
"Assets\MonoBehaviour\Phineas 3.asset",".asset","1039","14/07/2026 19:55:38"
"Assets\MonoBehaviour\Phineas 3.asset.meta",".meta","144","14/07/2026 19:55:38"
"Assets\MonoBehaviour\Phineas.asset",".asset","1027","14/07/2026 19:55:38"
"Assets\MonoBehaviour\Phineas.asset.meta",".meta","144","14/07/2026 19:55:38"
"Assets\MonoBehaviour\PieSplat.asset",".asset","986","14/07/2026 19:55:38"
"Assets\MonoBehaviour\PieSplat.asset.meta",".meta","144","14/07/2026 19:55:38"
"Assets\MonoBehaviour\Player Indicator.asset",".asset","1038","14/07/2026 19:55:32"
"Assets\MonoBehaviour\Player Indicator.asset.meta",".meta","144","14/07/2026 19:55:32"
"Assets\MonoBehaviour\Powerup - DISABLED DOWN.asset",".asset","1045","14/07/2026 19:55:32"
"Assets\MonoBehaviour\Powerup - DISABLED DOWN.asset.meta",".meta","144","14/07/2026 19:55:32"
"Assets\MonoBehaviour\Powerup - DOWN.asset",".asset","1034","14/07/2026 19:55:32"
"Assets\MonoBehaviour\Powerup - DOWN.asset.meta",".meta","144","14/07/2026 19:55:32"
"Assets\MonoBehaviour\Powerup - Normal.asset",".asset","1020","14/07/2026 19:55:32"
"Assets\MonoBehaviour\Powerup - Normal.asset.meta",".meta","144","14/07/2026 19:55:32"
"Assets\MonoBehaviour\PowerupBOOST.asset",".asset","1052","14/07/2026 19:55:32"
"Assets\MonoBehaviour\PowerupBOOST.asset.meta",".meta","144","14/07/2026 19:55:32"
"Assets\MonoBehaviour\PowerupMINE.asset",".asset","1051","14/07/2026 19:55:32"
"Assets\MonoBehaviour\PowerupMINE.asset.meta",".meta","144","14/07/2026 19:55:32"
"Assets\MonoBehaviour\PowerupMISSILE.asset",".asset","1056","14/07/2026 19:55:32"
"Assets\MonoBehaviour\PowerupMISSILE.asset.meta",".meta","144","14/07/2026 19:55:32"
"Assets\MonoBehaviour\PowerupSHIELD.asset",".asset","1055","14/07/2026 19:55:32"
"Assets\MonoBehaviour\PowerupSHIELD.asset.meta",".meta","144","14/07/2026 19:55:32"
"Assets\MonoBehaviour\Randy.asset",".asset","1023","14/07/2026 19:55:38"
"Assets\MonoBehaviour\Randy.asset.meta",".meta","144","14/07/2026 19:55:38"
"Assets\MonoBehaviour\Red Button - Active.asset",".asset","1043","14/07/2026 19:55:38"
"Assets\MonoBehaviour\Red Button - Active.asset.meta",".meta","144","14/07/2026 19:55:38"
"Assets\MonoBehaviour\Red Button - MouseOver.asset",".asset","1042","14/07/2026 19:55:38"
"Assets\MonoBehaviour\Red Button - MouseOver.asset.meta",".meta","144","14/07/2026 19:55:38"
"Assets\MonoBehaviour\Red Button.asset",".asset","1049","14/07/2026 19:55:38"
"Assets\MonoBehaviour\Red Button.asset.meta",".meta","144","14/07/2026 19:55:38"
"Assets\MonoBehaviour\ResultsBox.asset",".asset","1078","14/07/2026 19:55:32"
"Assets\MonoBehaviour\ResultsBox.asset.meta",".meta","144","14/07/2026 19:55:32"
"Assets\MonoBehaviour\ScreenFade.asset",".asset","982","14/07/2026 19:55:46"
"Assets\MonoBehaviour\ScreenFade.asset.meta",".meta","144","14/07/2026 19:55:46"
"Assets\MonoBehaviour\Shifter Stick.asset",".asset","1019","14/07/2026 19:55:38"
"Assets\MonoBehaviour\Shifter Stick.asset.meta",".meta","144","14/07/2026 19:55:38"
"Assets\MonoBehaviour\Soos.asset",".asset","1026","14/07/2026 19:55:38"
"Assets\MonoBehaviour\Soos.asset.meta",".meta","144","14/07/2026 19:55:38"
"Assets\MonoBehaviour\sound icon.asset",".asset","988","14/07/2026 19:55:38"
"Assets\MonoBehaviour\sound icon.asset.meta",".meta","144","14/07/2026 19:55:38"
"Assets\MonoBehaviour\splash icloud.asset",".asset","993","14/07/2026 19:55:47"
"Assets\MonoBehaviour\splash icloud.asset.meta",".meta","144","14/07/2026 19:55:47"
"Assets\MonoBehaviour\Square Button - Down.asset",".asset","1064","14/07/2026 19:55:38"
"Assets\MonoBehaviour\Square Button - Down.asset.meta",".meta","144","14/07/2026 19:55:38"
"Assets\MonoBehaviour\Square Button - MouseOver.asset",".asset","1077","14/07/2026 19:55:38"
"Assets\MonoBehaviour\Square Button - MouseOver.asset.meta",".meta","144","14/07/2026 19:55:38"
"Assets\MonoBehaviour\Square Button.asset",".asset","1063","14/07/2026 19:55:38"
"Assets\MonoBehaviour\Square Button.asset.meta",".meta","144","14/07/2026 19:55:38"
"Assets\MonoBehaviour\Stat Bar Back.asset",".asset","1049","14/07/2026 19:55:32"
"Assets\MonoBehaviour\Stat Bar Back.asset.meta",".meta","144","14/07/2026 19:55:32"
"Assets\MonoBehaviour\Stat Bar Back_0.asset",".asset","1064","14/07/2026 19:55:38"
"Assets\MonoBehaviour\Stat Bar Back_0.asset.meta",".meta","144","14/07/2026 19:55:38"
"Assets\MonoBehaviour\Stat Bar Negative.asset",".asset","1064","14/07/2026 19:55:32"
"Assets\MonoBehaviour\Stat Bar Negative.asset.meta",".meta","144","14/07/2026 19:55:32"
"Assets\MonoBehaviour\Stat Bar Negative_0.asset",".asset","1073","14/07/2026 19:55:38"
"Assets\MonoBehaviour\Stat Bar Negative_0.asset.meta",".meta","144","14/07/2026 19:55:38"
"Assets\MonoBehaviour\Stat Bar Positive.asset",".asset","1064","14/07/2026 19:55:32"
"Assets\MonoBehaviour\Stat Bar Positive.asset.meta",".meta","144","14/07/2026 19:55:32"
"Assets\MonoBehaviour\Stat Bar Positive_0.asset",".asset","1073","14/07/2026 19:55:38"
"Assets\MonoBehaviour\Stat Bar Positive_0.asset.meta",".meta","144","14/07/2026 19:55:38"
"Assets\MonoBehaviour\Stat Bar Stat.asset",".asset","1069","14/07/2026 19:55:38"
"Assets\MonoBehaviour\Stat Bar Stat.asset.meta",".meta","144","14/07/2026 19:55:38"
"Assets\MonoBehaviour\traffic light Green.asset",".asset","1011","14/07/2026 19:55:32"
"Assets\MonoBehaviour\traffic light Green.asset.meta",".meta","144","14/07/2026 19:55:32"
"Assets\MonoBehaviour\traffic light Red.asset",".asset","1013","14/07/2026 19:55:32"
"Assets\MonoBehaviour\traffic light Red.asset.meta",".meta","144","14/07/2026 19:55:32"
"Assets\MonoBehaviour\traffic light unlit.asset",".asset","1033","14/07/2026 19:55:32"
"Assets\MonoBehaviour\traffic light unlit.asset.meta",".meta","144","14/07/2026 19:55:32"
"Assets\MonoBehaviour\traffic light Yellow.asset",".asset","1030","14/07/2026 19:55:32"
"Assets\MonoBehaviour\traffic light Yellow.asset.meta",".meta","144","14/07/2026 19:55:32"
"Assets\MonoBehaviour\Trophy Button.asset",".asset","1054","14/07/2026 19:55:38"
"Assets\MonoBehaviour\Trophy Button.asset.meta",".meta","144","14/07/2026 19:55:38"
"Assets\MonoBehaviour\TrophyBRONZE.asset",".asset","1035","14/07/2026 19:55:38"
"Assets\MonoBehaviour\TrophyBRONZE.asset.meta",".meta","144","14/07/2026 19:55:38"
"Assets\MonoBehaviour\TrophyGOLD.asset",".asset","1031","14/07/2026 19:55:38"
"Assets\MonoBehaviour\TrophyGOLD.asset.meta",".meta","144","14/07/2026 19:55:38"
"Assets\MonoBehaviour\TrophySilhouette.asset",".asset","1037","14/07/2026 19:55:38"
"Assets\MonoBehaviour\TrophySilhouette.asset.meta",".meta","144","14/07/2026 19:55:38"
"Assets\MonoBehaviour\TrophySILVER.asset",".asset","1029","14/07/2026 19:55:38"
"Assets\MonoBehaviour\TrophySILVER.asset.meta",".meta","144","14/07/2026 19:55:38"
"Assets\MonoBehaviour\Turkey - Smile.asset",".asset","1019","14/07/2026 19:55:38"
"Assets\MonoBehaviour\Turkey - Smile.asset.meta",".meta","144","14/07/2026 19:55:38"
"Assets\MonoBehaviour\Turkey - Startled.asset",".asset","1040","14/07/2026 19:55:38"
"Assets\MonoBehaviour\Turkey - Startled.asset.meta",".meta","144","14/07/2026 19:55:38"
"Assets\MonoBehaviour\Tutorial Arrow.asset",".asset","1022","14/07/2026 19:55:38"
"Assets\MonoBehaviour\Tutorial Arrow.asset.meta",".meta","144","14/07/2026 19:55:38"
"Assets\MonoBehaviour\Vent.asset",".asset","1026","14/07/2026 19:55:32"
"Assets\MonoBehaviour\Vent.asset.meta",".meta","144","14/07/2026 19:55:32"
"Assets\Plugins\System.Runtime.CompilerServices.Unsafe.dll",".dll","1536","14/07/2026 19:55:47"
"Assets\Plugins\System.Runtime.CompilerServices.Unsafe.dll.meta",".meta","179","14/07/2026 19:55:47"
"Assets\Plugins\System.Runtime.InteropServices.dll",".dll","3072","14/07/2026 19:55:47"
"Assets\Plugins\System.Runtime.InteropServices.dll.meta",".meta","179","14/07/2026 19:55:47"
"Assets\Plugins\Assembly-CSharp-firstpass\AudioCrumb.cs",".cs","197","14/07/2026 19:55:46"
"Assets\Plugins\Assembly-CSharp-firstpass\AudioCrumb.cs.meta",".meta","223","14/07/2026 19:55:47"
"Assets\Plugins\Assembly-CSharp-firstpass\AudioManager.cs",".cs","712","14/07/2026 19:55:46"
"Assets\Plugins\Assembly-CSharp-firstpass\AudioManager.cs.meta",".meta","223","14/07/2026 19:55:47"
"Assets\Plugins\Assembly-CSharp-firstpass\AudioSourcex.cs",".cs","1032","14/07/2026 19:55:46"
"Assets\Plugins\Assembly-CSharp-firstpass\AudioSourcex.cs.meta",".meta","223","14/07/2026 19:55:47"
"Assets\Plugins\Assembly-CSharp-firstpass\BurstlyBinding.cs",".cs","1581","14/07/2026 19:55:46"
"Assets\Plugins\Assembly-CSharp-firstpass\BurstlyBinding.cs.meta",".meta","223","14/07/2026 19:55:47"
"Assets\Plugins\Assembly-CSharp-firstpass\ByteStream.cs",".cs","982","14/07/2026 19:55:47"
"Assets\Plugins\Assembly-CSharp-firstpass\ByteStream.cs.meta",".meta","223","14/07/2026 19:55:47"
"Assets\Plugins\Assembly-CSharp-firstpass\Callback.cs",".cs","196","14/07/2026 19:55:47"
"Assets\Plugins\Assembly-CSharp-firstpass\Callback.cs.meta",".meta","223","14/07/2026 19:55:47"
"Assets\Plugins\Assembly-CSharp-firstpass\Dialog.cs",".cs","2090","14/07/2026 19:55:46"
"Assets\Plugins\Assembly-CSharp-firstpass\Dialog.cs.meta",".meta","223","14/07/2026 19:55:47"
"Assets\Plugins\Assembly-CSharp-firstpass\DictionaryToString.cs",".cs","501","14/07/2026 19:55:46"
"Assets\Plugins\Assembly-CSharp-firstpass\DictionaryToString.cs.meta",".meta","223","14/07/2026 19:55:47"
"Assets\Plugins\Assembly-CSharp-firstpass\DrawArea.cs",".cs","591","14/07/2026 19:55:47"
"Assets\Plugins\Assembly-CSharp-firstpass\DrawArea3D.cs",".cs","351","14/07/2026 19:55:46"
"Assets\Plugins\Assembly-CSharp-firstpass\EdgePixels.cs",".cs","692","14/07/2026 19:55:47"
"Assets\Plugins\Assembly-CSharp-firstpass\Email.cs",".cs","291","14/07/2026 19:55:46"
"Assets\Plugins\Assembly-CSharp-firstpass\Email.cs.meta",".meta","223","14/07/2026 19:55:47"
"Assets\Plugins\Assembly-CSharp-firstpass\EnumerableScript.cs",".cs","637","14/07/2026 19:55:46"
"Assets\Plugins\Assembly-CSharp-firstpass\EnumerableScript.cs.meta",".meta","223","14/07/2026 19:55:47"
"Assets\Plugins\Assembly-CSharp-firstpass\ExternalPersistentArchive.cs",".cs","1463","14/07/2026 19:55:46"
"Assets\Plugins\Assembly-CSharp-firstpass\ExternalPersistentArchive.cs.meta",".meta","223","14/07/2026 19:55:47"
"Assets\Plugins\Assembly-CSharp-firstpass\FractalNoise.cs",".cs","1140","14/07/2026 19:55:47"
"Assets\Plugins\Assembly-CSharp-firstpass\FractalNoiseParams.cs",".cs","249","14/07/2026 19:55:46"
"Assets\Plugins\Assembly-CSharp-firstpass\GameCenterAchievement.cs",".cs","717","14/07/2026 19:55:46"
"Assets\Plugins\Assembly-CSharp-firstpass\GameCenterAchievement.cs.meta",".meta","223","14/07/2026 19:55:47"
"Assets\Plugins\Assembly-CSharp-firstpass\GameCenterAchievementMetadata.cs",".cs","754","14/07/2026 19:55:46"
"Assets\Plugins\Assembly-CSharp-firstpass\GameCenterAchievementMetadata.cs.meta",".meta","223","14/07/2026 19:55:47"
"Assets\Plugins\Assembly-CSharp-firstpass\GameCenterBinding.cs",".cs","5025","14/07/2026 19:55:46"
"Assets\Plugins\Assembly-CSharp-firstpass\GameCenterBinding.cs.meta",".meta","223","14/07/2026 19:55:47"
"Assets\Plugins\Assembly-CSharp-firstpass\GameCenterEventListener.cs",".cs","1713","14/07/2026 19:55:46"
"Assets\Plugins\Assembly-CSharp-firstpass\GameCenterEventListener.cs.meta",".meta","223","14/07/2026 19:55:47"
"Assets\Plugins\Assembly-CSharp-firstpass\GameCenterGUIManager.cs",".cs","301","14/07/2026 19:55:46"
"Assets\Plugins\Assembly-CSharp-firstpass\GameCenterGUIManager.cs.meta",".meta","223","14/07/2026 19:55:47"
"Assets\Plugins\Assembly-CSharp-firstpass\GameCenterLeaderboard.cs",".cs","600","14/07/2026 19:55:46"
"Assets\Plugins\Assembly-CSharp-firstpass\GameCenterLeaderboard.cs.meta",".meta","223","14/07/2026 19:55:47"
"Assets\Plugins\Assembly-CSharp-firstpass\GameCenterLeaderboardTimeScope.cs",".cs","89","14/07/2026 19:55:46"
"Assets\Plugins\Assembly-CSharp-firstpass\GameCenterManager.cs",".cs","6478","14/07/2026 19:55:47"
"Assets\Plugins\Assembly-CSharp-firstpass\GameCenterManager.cs.meta",".meta","223","14/07/2026 19:55:47"
"Assets\Plugins\Assembly-CSharp-firstpass\GameCenterPlayer.cs",".cs","611","14/07/2026 19:55:46"
"Assets\Plugins\Assembly-CSharp-firstpass\GameCenterPlayer.cs.meta",".meta","223","14/07/2026 19:55:47"
"Assets\Plugins\Assembly-CSharp-firstpass\GameCenterScore.cs",".cs","780","14/07/2026 19:55:46"
"Assets\Plugins\Assembly-CSharp-firstpass\GameCenterScore.cs.meta",".meta","223","14/07/2026 19:55:47"
"Assets\Plugins\Assembly-CSharp-firstpass\GDMOBinding.cs",".cs","1039","14/07/2026 19:55:46"
"Assets\Plugins\Assembly-CSharp-firstpass\GDMOBinding.cs.meta",".meta","223","14/07/2026 19:55:47"
"Assets\Plugins\Assembly-CSharp-firstpass\GravCloudBinding.cs",".cs","1318","14/07/2026 19:55:47"
"Assets\Plugins\Assembly-CSharp-firstpass\GravCloudBinding.cs.meta",".meta","223","14/07/2026 19:55:47"
"Assets\Plugins\Assembly-CSharp-firstpass\GravCloudPrefs.cs",".cs","3749","14/07/2026 19:55:47"
"Assets\Plugins\Assembly-CSharp-firstpass\GravCloudPrefs.cs.meta",".meta","223","14/07/2026 19:55:47"
"Assets\Plugins\Assembly-CSharp-firstpass\GUIx.cs",".cs","6061","14/07/2026 19:55:46"
"Assets\Plugins\Assembly-CSharp-firstpass\GUIx.cs.meta",".meta","223","14/07/2026 19:55:47"
"Assets\Plugins\Assembly-CSharp-firstpass\iCloudBinding.cs",".cs","4883","14/07/2026 19:55:47"
"Assets\Plugins\Assembly-CSharp-firstpass\iCloudBinding.cs.meta",".meta","223","14/07/2026 19:55:47"
"Assets\Plugins\Assembly-CSharp-firstpass\iCloudEventListener.cs",".cs","425","14/07/2026 19:55:47"
"Assets\Plugins\Assembly-CSharp-firstpass\iCloudEventListener.cs.meta",".meta","223","14/07/2026 19:55:47"
"Assets\Plugins\Assembly-CSharp-firstpass\iCloudGUIManager.cs",".cs","136","14/07/2026 19:55:47"
"Assets\Plugins\Assembly-CSharp-firstpass\iCloudGUIManager.cs.meta",".meta","223","14/07/2026 19:55:47"
"Assets\Plugins\Assembly-CSharp-firstpass\iCloudManager.cs",".cs","1566","14/07/2026 19:55:47"
"Assets\Plugins\Assembly-CSharp-firstpass\iCloudManager.cs.meta",".meta","223","14/07/2026 19:55:47"
"Assets\Plugins\Assembly-CSharp-firstpass\Inputx.cs",".cs","761","14/07/2026 19:55:46"
"Assets\Plugins\Assembly-CSharp-firstpass\Inputx.cs.meta",".meta","223","14/07/2026 19:55:47"
"Assets\Plugins\Assembly-CSharp-firstpass\JCloudData.cs",".cs","2683","14/07/2026 19:55:47"
"Assets\Plugins\Assembly-CSharp-firstpass\JCloudData.cs.meta",".meta","223","14/07/2026 19:55:47"
"Assets\Plugins\Assembly-CSharp-firstpass\JCloudDictionary.cs",".cs","2719","14/07/2026 19:55:47"
"Assets\Plugins\Assembly-CSharp-firstpass\JCloudDictionary.cs.meta",".meta","223","14/07/2026 19:55:47"
"Assets\Plugins\Assembly-CSharp-firstpass\JCloudDocument.cs",".cs","3797","14/07/2026 19:55:47"
"Assets\Plugins\Assembly-CSharp-firstpass\JCloudDocument.cs.meta",".meta","223","14/07/2026 19:55:47"
"Assets\Plugins\Assembly-CSharp-firstpass\JCloudDocumentAsync.cs",".cs","8392","14/07/2026 19:55:47"
"Assets\Plugins\Assembly-CSharp-firstpass\JCloudDocumentAsync.cs.meta",".meta","223","14/07/2026 19:55:47"
"Assets\Plugins\Assembly-CSharp-firstpass\JCloudDocumentAsyncOperation.cs",".cs","216","14/07/2026 19:55:47"
"Assets\Plugins\Assembly-CSharp-firstpass\JCloudExtern.cs",".cs","5680","14/07/2026 19:55:47"
"Assets\Plugins\Assembly-CSharp-firstpass\JCloudExtern.cs.meta",".meta","223","14/07/2026 19:55:47"
"Assets\Plugins\Assembly-CSharp-firstpass\JCloudManager.cs",".cs","2322","14/07/2026 19:55:47"
"Assets\Plugins\Assembly-CSharp-firstpass\JCloudManager.cs.meta",".meta","223","14/07/2026 19:55:47"
"Assets\Plugins\Assembly-CSharp-firstpass\JCloudRoutine.cs",".cs","1263","14/07/2026 19:55:47"
"Assets\Plugins\Assembly-CSharp-firstpass\JCloudRoutine.cs.meta",".meta","223","14/07/2026 19:55:47"
"Assets\Plugins\Assembly-CSharp-firstpass\JCloudRoutineReturn.cs",".cs","588","14/07/2026 19:55:47"
"Assets\Plugins\Assembly-CSharp-firstpass\LanguageAsset.cs",".cs","184","14/07/2026 19:55:46"
"Assets\Plugins\Assembly-CSharp-firstpass\LEDScroller.cs",".cs","3542","14/07/2026 19:55:47"
"Assets\Plugins\Assembly-CSharp-firstpass\LEDScroller.cs.meta",".meta","223","14/07/2026 19:55:47"
"Assets\Plugins\Assembly-CSharp-firstpass\Localize.cs",".cs","1921","14/07/2026 19:55:47"
"Assets\Plugins\Assembly-CSharp-firstpass\Localize.cs.meta",".meta","223","14/07/2026 19:55:47"
"Assets\Plugins\Assembly-CSharp-firstpass\LocalizedString.cs",".cs","549","14/07/2026 19:55:47"
"Assets\Plugins\Assembly-CSharp-firstpass\Mathfx.cs",".cs","2367","14/07/2026 19:55:46"
"Assets\Plugins\Assembly-CSharp-firstpass\Mathfx.cs.meta",".meta","223","14/07/2026 19:55:47"
"Assets\Plugins\Assembly-CSharp-firstpass\Matrix4x4x.cs",".cs","1881","14/07/2026 19:55:46"
"Assets\Plugins\Assembly-CSharp-firstpass\Matrix4x4x.cs.meta",".meta","223","14/07/2026 19:55:47"
"Assets\Plugins\Assembly-CSharp-firstpass\Messenger.cs",".cs","1778","14/07/2026 19:55:46"
"Assets\Plugins\Assembly-CSharp-firstpass\Messenger.cs.meta",".meta","223","14/07/2026 19:55:47"
"Assets\Plugins\Assembly-CSharp-firstpass\MessengerInternal.cs",".cs","998","14/07/2026 19:55:46"
"Assets\Plugins\Assembly-CSharp-firstpass\MessengerMode.cs",".cs","82","14/07/2026 19:55:46"
"Assets\Plugins\Assembly-CSharp-firstpass\MiniJSON.cs",".cs","4754","14/07/2026 19:55:47"
"Assets\Plugins\Assembly-CSharp-firstpass\MiniJSON.cs.meta",".meta","223","14/07/2026 19:55:47"
"Assets\Plugins\Assembly-CSharp-firstpass\MiniJsonExtensions.cs",".cs","921","14/07/2026 19:55:47"
"Assets\Plugins\Assembly-CSharp-firstpass\MoreGamesBinding.cs",".cs","715","14/07/2026 19:55:46"
"Assets\Plugins\Assembly-CSharp-firstpass\MoreGamesBinding.cs.meta",".meta","223","14/07/2026 19:55:47"
"Assets\Plugins\Assembly-CSharp-firstpass\P31CloudFile.cs",".cs","3460","14/07/2026 19:55:47"
"Assets\Plugins\Assembly-CSharp-firstpass\P31CloudFile.cs.meta",".meta","223","14/07/2026 19:55:47"
"Assets\Plugins\Assembly-CSharp-firstpass\P31Prefs.cs",".cs","2270","14/07/2026 19:55:47"
"Assets\Plugins\Assembly-CSharp-firstpass\P31Prefs.cs.meta",".meta","223","14/07/2026 19:55:47"
"Assets\Plugins\Assembly-CSharp-firstpass\Perlin.cs",".cs","1425","14/07/2026 19:55:46"
"Assets\Plugins\Assembly-CSharp-firstpass\Perlin.cs.meta",".meta","223","14/07/2026 19:55:47"
"Assets\Plugins\Assembly-CSharp-firstpass\PIDController.cs",".cs","648","14/07/2026 19:55:47"
"Assets\Plugins\Assembly-CSharp-firstpass\PIDController.cs.meta",".meta","223","14/07/2026 19:55:47"
"Assets\Plugins\Assembly-CSharp-firstpass\PIDVectorController.cs",".cs","708","14/07/2026 19:55:46"
"Assets\Plugins\Assembly-CSharp-firstpass\PIDVectorController.cs.meta",".meta","223","14/07/2026 19:55:47"
"Assets\Plugins\Assembly-CSharp-firstpass\Quaternionx.cs",".cs","260","14/07/2026 19:55:47"
"Assets\Plugins\Assembly-CSharp-firstpass\Quaternionx.cs.meta",".meta","223","14/07/2026 19:55:47"
"Assets\Plugins\Assembly-CSharp-firstpass\Rangef.cs",".cs","1079","14/07/2026 19:55:46"
"Assets\Plugins\Assembly-CSharp-firstpass\Rangef.cs.meta",".meta","223","14/07/2026 19:55:47"
"Assets\Plugins\Assembly-CSharp-firstpass\Rectx.cs",".cs","1004","14/07/2026 19:55:46"
"Assets\Plugins\Assembly-CSharp-firstpass\Rectx.cs.meta",".meta","223","14/07/2026 19:55:47"
"Assets\Plugins\Assembly-CSharp-firstpass\ResultLogger.cs",".cs","473","14/07/2026 19:55:47"
"Assets\Plugins\Assembly-CSharp-firstpass\ScreenFade.cs",".cs","2102","14/07/2026 19:55:47"
"Assets\Plugins\Assembly-CSharp-firstpass\ScreenFade.cs.meta",".meta","223","14/07/2026 19:55:47"
"Assets\Plugins\Assembly-CSharp-firstpass\Screenx.cs",".cs","3665","14/07/2026 19:55:46"
"Assets\Plugins\Assembly-CSharp-firstpass\Screenx.cs.meta",".meta","223","14/07/2026 19:55:47"
"Assets\Plugins\Assembly-CSharp-firstpass\Script.cs",".cs","5789","14/07/2026 19:55:47"
"Assets\Plugins\Assembly-CSharp-firstpass\Script.cs.meta",".meta","223","14/07/2026 19:55:47"
"Assets\Plugins\Assembly-CSharp-firstpass\SingletonScript.cs",".cs","844","14/07/2026 19:55:47"
"Assets\Plugins\Assembly-CSharp-firstpass\SingletonScript.cs.meta",".meta","223","14/07/2026 19:55:47"
"Assets\Plugins\Assembly-CSharp-firstpass\SmoothFollower.cs",".cs","1124","14/07/2026 19:55:47"
"Assets\Plugins\Assembly-CSharp-firstpass\SmoothRandom.cs",".cs","646","14/07/2026 19:55:46"
"Assets\Plugins\Assembly-CSharp-firstpass\StoreKitBinding.cs",".cs","1786","14/07/2026 19:55:47"
"Assets\Plugins\Assembly-CSharp-firstpass\StoreKitBinding.cs.meta",".meta","223","14/07/2026 19:55:47"
"Assets\Plugins\Assembly-CSharp-firstpass\StoreKitEventListener.cs",".cs","835","14/07/2026 19:55:47"
"Assets\Plugins\Assembly-CSharp-firstpass\StoreKitEventListener.cs.meta",".meta","223","14/07/2026 19:55:47"
"Assets\Plugins\Assembly-CSharp-firstpass\StoreKitGUIManager.cs",".cs","221","14/07/2026 19:55:47"
"Assets\Plugins\Assembly-CSharp-firstpass\StoreKitGUIManager.cs.meta",".meta","223","14/07/2026 19:55:47"
"Assets\Plugins\Assembly-CSharp-firstpass\StoreKitManager.cs",".cs","2915","14/07/2026 19:55:47"
"Assets\Plugins\Assembly-CSharp-firstpass\StoreKitManager.cs.meta",".meta","223","14/07/2026 19:55:47"
"Assets\Plugins\Assembly-CSharp-firstpass\StoreKitProduct.cs",".cs","916","14/07/2026 19:55:47"
"Assets\Plugins\Assembly-CSharp-firstpass\StoreKitProduct.cs.meta",".meta","223","14/07/2026 19:55:47"
"Assets\Plugins\Assembly-CSharp-firstpass\StoreKitTransaction.cs",".cs","1043","14/07/2026 19:55:47"
"Assets\Plugins\Assembly-CSharp-firstpass\StoreKitTransaction.cs.meta",".meta","223","14/07/2026 19:55:47"
"Assets\Plugins\Assembly-CSharp-firstpass\TransformGizmo.cs",".cs","119","14/07/2026 19:55:47"
"Assets\Plugins\Assembly-CSharp-firstpass\TransformGizmo.cs.meta",".meta","223","14/07/2026 19:55:47"
"Assets\Plugins\Assembly-CSharp-firstpass\UghAlign.cs",".cs","1043","14/07/2026 19:55:47"
"Assets\Plugins\Assembly-CSharp-firstpass\UghAlign.cs.meta",".meta","223","14/07/2026 19:55:47"
"Assets\Plugins\Assembly-CSharp-firstpass\UghButton.cs",".cs","773","14/07/2026 19:55:47"
"Assets\Plugins\Assembly-CSharp-firstpass\UghButton.cs.meta",".meta","223","14/07/2026 19:55:47"
"Assets\Plugins\Assembly-CSharp-firstpass\UghButtonDisablable.cs",".cs","559","14/07/2026 19:55:47"
"Assets\Plugins\Assembly-CSharp-firstpass\UghButtonDisablable.cs.meta",".meta","223","14/07/2026 19:55:47"
"Assets\Plugins\Assembly-CSharp-firstpass\UghCamera.cs",".cs","1780","14/07/2026 19:55:47"
"Assets\Plugins\Assembly-CSharp-firstpass\UghCamera.cs.meta",".meta","223","14/07/2026 19:55:47"
"Assets\Plugins\Assembly-CSharp-firstpass\UghControl.cs",".cs","1313","14/07/2026 19:55:47"
"Assets\Plugins\Assembly-CSharp-firstpass\UghControl.cs.meta",".meta","223","14/07/2026 19:55:47"
"Assets\Plugins\Assembly-CSharp-firstpass\UghInput.cs",".cs","1893","14/07/2026 19:55:47"
"Assets\Plugins\Assembly-CSharp-firstpass\UghInput.cs.meta",".meta","223","14/07/2026 19:55:47"
"Assets\Plugins\Assembly-CSharp-firstpass\UghPublisher.cs",".cs","5545","14/07/2026 19:55:47"
"Assets\Plugins\Assembly-CSharp-firstpass\UghPublisher.cs.meta",".meta","223","14/07/2026 19:55:47"
"Assets\Plugins\Assembly-CSharp-firstpass\UghScrollView.cs",".cs","4385","14/07/2026 19:55:47"
"Assets\Plugins\Assembly-CSharp-firstpass\UghScrollView.cs.meta",".meta","223","14/07/2026 19:55:47"
"Assets\Plugins\Assembly-CSharp-firstpass\UghSlider.cs",".cs","1401","14/07/2026 19:55:47"
"Assets\Plugins\Assembly-CSharp-firstpass\UghSlider.cs.meta",".meta","223","14/07/2026 19:55:47"
"Assets\Plugins\Assembly-CSharp-firstpass\UghSlideToggle.cs",".cs","1530","14/07/2026 19:55:47"
"Assets\Plugins\Assembly-CSharp-firstpass\UghSlideToggle.cs.meta",".meta","223","14/07/2026 19:55:47"
"Assets\Plugins\Assembly-CSharp-firstpass\UghSprite.cs",".cs","3099","14/07/2026 19:55:47"
"Assets\Plugins\Assembly-CSharp-firstpass\UghSprite.cs.meta",".meta","223","14/07/2026 19:55:47"
"Assets\Plugins\Assembly-CSharp-firstpass\UghSpritePrototype.cs",".cs","995","14/07/2026 19:55:47"
"Assets\Plugins\Assembly-CSharp-firstpass\UghSpritePrototype.cs.meta",".meta","223","14/07/2026 19:55:47"
"Assets\Plugins\Assembly-CSharp-firstpass\UghStretch.cs",".cs","1261","14/07/2026 19:55:47"
"Assets\Plugins\Assembly-CSharp-firstpass\UghStretch.cs.meta",".meta","223","14/07/2026 19:55:47"
"Assets\Plugins\Assembly-CSharp-firstpass\UghText.cs",".cs","1222","14/07/2026 19:55:47"
"Assets\Plugins\Assembly-CSharp-firstpass\UghText.cs.meta",".meta","223","14/07/2026 19:55:47"
"Assets\Plugins\Assembly-CSharp-firstpass\UghToggle.cs",".cs","1533","14/07/2026 19:55:47"
"Assets\Plugins\Assembly-CSharp-firstpass\UghToggle.cs.meta",".meta","223","14/07/2026 19:55:47"
"Assets\Plugins\Assembly-CSharp-firstpass\UghTriangle.cs",".cs","660","14/07/2026 19:55:47"
"Assets\Plugins\Assembly-CSharp-firstpass\UghTriangle.cs.meta",".meta","223","14/07/2026 19:55:47"
"Assets\Plugins\Assembly-CSharp-firstpass\UnlocalizedString.cs",".cs","1375","14/07/2026 19:55:46"
"Assets\Plugins\Assembly-CSharp-firstpass\Util.cs",".cs","9608","14/07/2026 19:55:46"
"Assets\Plugins\Assembly-CSharp-firstpass\Util.cs.meta",".meta","223","14/07/2026 19:55:47"
"Assets\Plugins\Assembly-CSharp-firstpass\Vector3x.cs",".cs","1325","14/07/2026 19:55:47"
"Assets\Plugins\Assembly-CSharp-firstpass\Vector3x.cs.meta",".meta","223","14/07/2026 19:55:47"
"Assets\Plugins\Assembly-CSharp-firstpass\WindowIDs.cs",".cs","303","14/07/2026 19:55:47"
"Assets\Plugins\Assembly-CSharp-firstpass\WindowIDs.cs.meta",".meta","223","14/07/2026 19:55:47"
"Assets\Plugins\Assembly-CSharp-firstpass\Properties\AssemblyInfo.cs",".cs","108","14/07/2026 19:55:47"
"Assets\Resources\CharacterConfig.txt",".txt","505","14/07/2026 19:55:51"
"Assets\Resources\CharacterConfig.txt.meta",".meta","142","14/07/2026 19:55:51"
"Assets\Resources\PartCosts.json",".json","71","14/07/2026 19:55:51"
"Assets\Resources\PartCosts.json.meta",".meta","142","14/07/2026 19:55:51"
"Assets\Resources\cart assets\ai carts\AgentP_AI.prefab",".prefab","38371","14/07/2026 19:55:51"
"Assets\Resources\cart assets\ai carts\AgentP_AI.prefab.meta",".meta","144","14/07/2026 19:55:51"
"Assets\Resources\cart assets\ai carts\Bea_AI.prefab",".prefab","29795","14/07/2026 19:55:51"
"Assets\Resources\cart assets\ai carts\Bea_AI.prefab.meta",".meta","144","14/07/2026 19:55:51"
"Assets\Resources\cart assets\ai carts\Brad_AI.prefab",".prefab","35986","14/07/2026 19:55:51"
"Assets\Resources\cart assets\ai carts\Brad_AI.prefab.meta",".meta","144","14/07/2026 19:55:51"
"Assets\Resources\cart assets\ai carts\Dipper_AI.prefab",".prefab","35283","14/07/2026 19:55:51"
"Assets\Resources\cart assets\ai carts\Dipper_AI.prefab.meta",".meta","144","14/07/2026 19:55:51"
"Assets\Resources\cart assets\ai carts\Ferb_AI.prefab",".prefab","35883","14/07/2026 19:55:51"
"Assets\Resources\cart assets\ai carts\Ferb_AI.prefab.meta",".meta","144","14/07/2026 19:55:51"
"Assets\Resources\cart assets\ai carts\Gunther_AI.prefab",".prefab","35914","14/07/2026 19:55:51"
"Assets\Resources\cart assets\ai carts\Gunther_AI.prefab.meta",".meta","144","14/07/2026 19:55:51"
"Assets\Resources\cart assets\ai carts\Kick_AI.prefab",".prefab","36087","14/07/2026 19:55:51"
"Assets\Resources\cart assets\ai carts\Kick_AI.prefab.meta",".meta","144","14/07/2026 19:55:51"
"Assets\Resources\cart assets\ai carts\Mabel_AI.prefab",".prefab","35302","14/07/2026 19:55:51"
"Assets\Resources\cart assets\ai carts\Mabel_AI.prefab.meta",".meta","144","14/07/2026 19:55:51"
"Assets\Resources\cart assets\ai carts\Mike_AI.prefab",".prefab","36010","14/07/2026 19:55:51"
"Assets\Resources\cart assets\ai carts\Mike_AI.prefab.meta",".meta","144","14/07/2026 19:55:51"
"Assets\Resources\cart assets\ai carts\Milo_AI.prefab",".prefab","29762","14/07/2026 19:55:51"
"Assets\Resources\cart assets\ai carts\Milo_AI.prefab.meta",".meta","144","14/07/2026 19:55:51"
"Assets\Resources\cart assets\ai carts\noChar_AI.prefab",".prefab","21736","14/07/2026 19:55:51"
"Assets\Resources\cart assets\ai carts\noChar_AI.prefab.meta",".meta","144","14/07/2026 19:55:51"
"Assets\Resources\cart assets\ai carts\Oscar_AI.prefab",".prefab","29836","14/07/2026 19:55:51"
"Assets\Resources\cart assets\ai carts\Oscar_AI.prefab.meta",".meta","144","14/07/2026 19:55:51"
"Assets\Resources\cart assets\ai carts\Phineas_AI.prefab",".prefab","36000","14/07/2026 19:55:51"
"Assets\Resources\cart assets\ai carts\Phineas_AI.prefab.meta",".meta","144","14/07/2026 19:55:51"
"Assets\Resources\cart assets\ai carts\Randy_AI.prefab",".prefab","49053","14/07/2026 19:55:51"
"Assets\Resources\cart assets\ai carts\Randy_AI.prefab.meta",".meta","144","14/07/2026 19:55:51"
"Assets\Resources\cart assets\bodies\Bike 0 Body.prefab",".prefab","10100","14/07/2026 19:55:51"
"Assets\Resources\cart assets\bodies\Bike 0 Body.prefab.meta",".meta","144","14/07/2026 19:55:51"
"Assets\Resources\cart assets\bodies\Bike 1 Body.prefab",".prefab","8489","14/07/2026 19:55:51"
"Assets\Resources\cart assets\bodies\Bike 1 Body.prefab.meta",".meta","144","14/07/2026 19:55:51"
"Assets\Resources\cart assets\bodies\Bike 2 Body.prefab",".prefab","8329","14/07/2026 19:55:51"
"Assets\Resources\cart assets\bodies\Bike 2 Body.prefab.meta",".meta","144","14/07/2026 19:55:51"
"Assets\Resources\cart assets\bodies\Bike 3 Body.prefab",".prefab","8342","14/07/2026 19:55:51"
"Assets\Resources\cart assets\bodies\Bike 3 Body.prefab.meta",".meta","144","14/07/2026 19:55:51"
"Assets\Resources\cart assets\bodies\Bike 4 Body.prefab",".prefab","8791","14/07/2026 19:55:51"
"Assets\Resources\cart assets\bodies\Bike 4 Body.prefab.meta",".meta","144","14/07/2026 19:55:51"
"Assets\Resources\cart assets\bodies\Bike 5 Body.prefab",".prefab","8291","14/07/2026 19:55:51"
"Assets\Resources\cart assets\bodies\Bike 5 Body.prefab.meta",".meta","144","14/07/2026 19:55:51"
"Assets\Resources\cart assets\bodies\Kart 0 Body.prefab",".prefab","10100","14/07/2026 19:55:51"
"Assets\Resources\cart assets\bodies\Kart 0 Body.prefab.meta",".meta","144","14/07/2026 19:55:51"
"Assets\Resources\cart assets\bodies\Kart 1 Body.prefab",".prefab","8489","14/07/2026 19:55:51"
"Assets\Resources\cart assets\bodies\Kart 1 Body.prefab.meta",".meta","144","14/07/2026 19:55:51"
"Assets\Resources\cart assets\bodies\Kart 2 Body.prefab",".prefab","8363","14/07/2026 19:55:51"
"Assets\Resources\cart assets\bodies\Kart 2 Body.prefab.meta",".meta","144","14/07/2026 19:55:51"
"Assets\Resources\cart assets\bodies\Kart 3 Body.prefab",".prefab","8329","14/07/2026 19:55:51"
"Assets\Resources\cart assets\bodies\Kart 3 Body.prefab.meta",".meta","144","14/07/2026 19:55:51"
"Assets\Resources\cart assets\bodies\Kart 4 Body.prefab",".prefab","8797","14/07/2026 19:55:51"
"Assets\Resources\cart assets\bodies\Kart 4 Body.prefab.meta",".meta","144","14/07/2026 19:55:51"
"Assets\Resources\cart assets\bodies\Kart 5 Body.prefab",".prefab","8269","14/07/2026 19:55:51"
"Assets\Resources\cart assets\bodies\Kart 5 Body.prefab.meta",".meta","144","14/07/2026 19:55:51"
"Assets\Resources\cart assets\bodies\Truck 0 Body.prefab",".prefab","8433","14/07/2026 19:55:52"
"Assets\Resources\cart assets\bodies\Truck 0 Body.prefab.meta",".meta","144","14/07/2026 19:55:52"
"Assets\Resources\cart assets\bodies\Truck 1 Body.prefab",".prefab","8438","14/07/2026 19:55:52"
"Assets\Resources\cart assets\bodies\Truck 1 Body.prefab.meta",".meta","144","14/07/2026 19:55:52"
"Assets\Resources\cart assets\bodies\Truck 2 Body.prefab",".prefab","8340","14/07/2026 19:55:52"
"Assets\Resources\cart assets\bodies\Truck 2 Body.prefab.meta",".meta","144","14/07/2026 19:55:52"
"Assets\Resources\cart assets\bodies\Truck 3 Body.prefab",".prefab","8353","14/07/2026 19:55:52"
"Assets\Resources\cart assets\bodies\Truck 3 Body.prefab.meta",".meta","144","14/07/2026 19:55:52"
"Assets\Resources\cart assets\bodies\Truck 4 Body.prefab",".prefab","8734","14/07/2026 19:55:52"
"Assets\Resources\cart assets\bodies\Truck 4 Body.prefab.meta",".meta","144","14/07/2026 19:55:52"
"Assets\Resources\cart assets\bodies\Truck 5 Body.prefab",".prefab","8326","14/07/2026 19:55:52"
"Assets\Resources\cart assets\bodies\Truck 5 Body.prefab.meta",".meta","144","14/07/2026 19:55:52"
"Assets\Resources\cart assets\characters\Agent P.prefab",".prefab","24516","14/07/2026 19:55:52"
"Assets\Resources\cart assets\characters\Agent P.prefab.meta",".meta","144","14/07/2026 19:55:52"
"Assets\Resources\cart assets\characters\Bea.prefab",".prefab","17715","14/07/2026 19:55:52"
"Assets\Resources\cart assets\characters\Bea.prefab.meta",".meta","144","14/07/2026 19:55:52"
"Assets\Resources\cart assets\characters\Brad.prefab",".prefab","22566","14/07/2026 19:55:52"
"Assets\Resources\cart assets\characters\Brad.prefab.meta",".meta","144","14/07/2026 19:55:52"
"Assets\Resources\cart assets\characters\Crash.prefab",".prefab","21981","14/07/2026 19:55:52"
"Assets\Resources\cart assets\characters\Crash.prefab.meta",".meta","144","14/07/2026 19:55:52"
"Assets\Resources\cart assets\characters\Dipper.prefab",".prefab","21617","14/07/2026 19:55:52"
"Assets\Resources\cart assets\characters\Dipper.prefab.meta",".meta","144","14/07/2026 19:55:52"
"Assets\Resources\cart assets\characters\Ferb.prefab",".prefab","22358","14/07/2026 19:55:52"
"Assets\Resources\cart assets\characters\Ferb.prefab.meta",".meta","144","14/07/2026 19:55:52"
"Assets\Resources\cart assets\characters\Gunther.prefab",".prefab","22302","14/07/2026 19:55:52"
"Assets\Resources\cart assets\characters\Gunther.prefab.meta",".meta","144","14/07/2026 19:55:52"
"Assets\Resources\cart assets\characters\Kick.prefab",".prefab","22486","14/07/2026 19:55:52"
"Assets\Resources\cart assets\characters\Kick.prefab.meta",".meta","144","14/07/2026 19:55:52"
"Assets\Resources\cart assets\characters\Mabel.prefab",".prefab","23430","14/07/2026 19:55:52"
"Assets\Resources\cart assets\characters\Mabel.prefab.meta",".meta","144","14/07/2026 19:55:52"
"Assets\Resources\cart assets\characters\Mike.prefab",".prefab","23933","14/07/2026 19:55:52"
"Assets\Resources\cart assets\characters\Mike.prefab.meta",".meta","144","14/07/2026 19:55:52"
"Assets\Resources\cart assets\characters\Milo.prefab",".prefab","17854","14/07/2026 19:55:52"
"Assets\Resources\cart assets\characters\Milo.prefab.meta",".meta","144","14/07/2026 19:55:52"
"Assets\Resources\cart assets\characters\Oscar.prefab",".prefab","17796","14/07/2026 19:55:52"
"Assets\Resources\cart assets\characters\Oscar.prefab.meta",".meta","144","14/07/2026 19:55:52"
"Assets\Resources\cart assets\characters\Phineas.prefab",".prefab","22477","14/07/2026 19:55:52"
"Assets\Resources\cart assets\characters\Phineas.prefab.meta",".meta","144","14/07/2026 19:55:52"
"Assets\Resources\cart assets\characters\Randy.prefab",".prefab","36764","14/07/2026 19:55:52"
"Assets\Resources\cart assets\characters\Randy.prefab.meta",".meta","144","14/07/2026 19:55:52"
"Assets\Resources\cart assets\characters\Soos.prefab",".prefab","21871","14/07/2026 19:55:52"
"Assets\Resources\cart assets\characters\Soos.prefab.meta",".meta","144","14/07/2026 19:55:52"
"Assets\Resources\cart assets\scoops\Kart 1 Scoop.prefab",".prefab","2546","14/07/2026 19:55:52"
"Assets\Resources\cart assets\scoops\Kart 1 Scoop.prefab.meta",".meta","144","14/07/2026 19:55:52"
"Assets\Resources\cart assets\scoops\Kart 2 Scoop.prefab",".prefab","2523","14/07/2026 19:55:52"
"Assets\Resources\cart assets\scoops\Kart 2 Scoop.prefab.meta",".meta","144","14/07/2026 19:55:52"
"Assets\Resources\cart assets\scoops\Kart 3 Scoop.prefab",".prefab","2538","14/07/2026 19:55:52"
"Assets\Resources\cart assets\scoops\Kart 3 Scoop.prefab.meta",".meta","144","14/07/2026 19:55:52"
"Assets\Resources\cart assets\scoops\Kart 4 Scoop.prefab",".prefab","2544","14/07/2026 19:55:52"
"Assets\Resources\cart assets\scoops\Kart 4 Scoop.prefab.meta",".meta","144","14/07/2026 19:55:52"
"Assets\Resources\cart assets\scoops\Kart 5 Scoop.prefab",".prefab","2552","14/07/2026 19:55:52"
"Assets\Resources\cart assets\scoops\Kart 5 Scoop.prefab.meta",".meta","144","14/07/2026 19:55:52"
"Assets\Resources\cart assets\scoops\Kart 6 Scoop.prefab",".prefab","2546","14/07/2026 19:55:52"
"Assets\Resources\cart assets\scoops\Kart 6 Scoop.prefab.meta",".meta","144","14/07/2026 19:55:52"
"Assets\Resources\cart assets\spoilers\Kart 1 Spoiler.prefab",".prefab","2549","14/07/2026 19:55:52"
"Assets\Resources\cart assets\spoilers\Kart 1 Spoiler.prefab.meta",".meta","144","14/07/2026 19:55:52"
"Assets\Resources\cart assets\spoilers\Kart 2 Spoiler.prefab",".prefab","2548","14/07/2026 19:55:52"
"Assets\Resources\cart assets\spoilers\Kart 2 Spoiler.prefab.meta",".meta","144","14/07/2026 19:55:52"
"Assets\Resources\cart assets\spoilers\Kart 3 Spoiler.prefab",".prefab","2545","14/07/2026 19:55:52"
"Assets\Resources\cart assets\spoilers\Kart 3 Spoiler.prefab.meta",".meta","144","14/07/2026 19:55:52"
"Assets\Resources\cart assets\spoilers\Kart 4 Spoiler.prefab",".prefab","2549","14/07/2026 19:55:52"
"Assets\Resources\cart assets\spoilers\Kart 4 Spoiler.prefab.meta",".meta","144","14/07/2026 19:55:52"
"Assets\Resources\cart assets\spoilers\Kart 5 Spoiler.prefab",".prefab","2549","14/07/2026 19:55:52"
"Assets\Resources\cart assets\spoilers\Kart 5 Spoiler.prefab.meta",".meta","144","14/07/2026 19:55:52"
"Assets\Resources\cart assets\spoilers\Kart 6 Spoiler.prefab",".prefab","2518","14/07/2026 19:55:52"
"Assets\Resources\cart assets\spoilers\Kart 6 Spoiler.prefab.meta",".meta","144","14/07/2026 19:55:52"
"Assets\Resources\cart assets\spoilers\Truck 1 Spoiler.prefab",".prefab","2549","14/07/2026 19:55:52"
"Assets\Resources\cart assets\spoilers\Truck 1 Spoiler.prefab.meta",".meta","144","14/07/2026 19:55:52"
"Assets\Resources\cart assets\spoilers\Truck 2 Spoiler.prefab",".prefab","2549","14/07/2026 19:55:52"
"Assets\Resources\cart assets\spoilers\Truck 2 Spoiler.prefab.meta",".meta","144","14/07/2026 19:55:52"
"Assets\Resources\cart assets\spoilers\Truck 3 Spoiler.prefab",".prefab","2546","14/07/2026 19:55:52"
"Assets\Resources\cart assets\spoilers\Truck 3 Spoiler.prefab.meta",".meta","144","14/07/2026 19:55:52"
"Assets\Resources\cart assets\spoilers\Truck 4 Spoiler.prefab",".prefab","2546","14/07/2026 19:55:52"
"Assets\Resources\cart assets\spoilers\Truck 4 Spoiler.prefab.meta",".meta","144","14/07/2026 19:55:52"
"Assets\Resources\cart assets\spoilers\Truck 5 Spoiler.prefab",".prefab","2549","14/07/2026 19:55:52"
"Assets\Resources\cart assets\spoilers\Truck 5 Spoiler.prefab.meta",".meta","144","14/07/2026 19:55:52"
"Assets\Resources\cart assets\spoilers\Truck 6 Spoiler.prefab",".prefab","2519","14/07/2026 19:55:52"
"Assets\Resources\cart assets\spoilers\Truck 6 Spoiler.prefab.meta",".meta","144","14/07/2026 19:55:52"
"Assets\Resources\cart assets\thrusters\Kart 1 Thruster.prefab",".prefab","4749","14/07/2026 19:55:52"
"Assets\Resources\cart assets\thrusters\Kart 1 Thruster.prefab.meta",".meta","144","14/07/2026 19:55:52"
"Assets\Resources\cart assets\thrusters\Kart 2 Thruster.prefab",".prefab","3978","14/07/2026 19:55:52"
"Assets\Resources\cart assets\thrusters\Kart 2 Thruster.prefab.meta",".meta","144","14/07/2026 19:55:52"
"Assets\Resources\cart assets\thrusters\Kart 3 Thruster.prefab",".prefab","4014","14/07/2026 19:55:52"
"Assets\Resources\cart assets\thrusters\Kart 3 Thruster.prefab.meta",".meta","144","14/07/2026 19:55:52"
"Assets\Resources\cart assets\thrusters\Kart 4 Thruster.prefab",".prefab","4009","14/07/2026 19:55:52"
"Assets\Resources\cart assets\thrusters\Kart 4 Thruster.prefab.meta",".meta","144","14/07/2026 19:55:52"
"Assets\Resources\cart assets\thrusters\Kart 5 Thruster.prefab",".prefab","3996","14/07/2026 19:55:52"
"Assets\Resources\cart assets\thrusters\Kart 5 Thruster.prefab.meta",".meta","144","14/07/2026 19:55:52"
"Assets\Resources\cart assets\thrusters\Kart 6 Thruster.prefab",".prefab","4028","14/07/2026 19:55:52"
"Assets\Resources\cart assets\thrusters\Kart 6 Thruster.prefab.meta",".meta","144","14/07/2026 19:55:52"
"Assets\Resources\cart assets\thrusters\Truck 1 Thruster.prefab",".prefab","4745","14/07/2026 19:55:52"
"Assets\Resources\cart assets\thrusters\Truck 1 Thruster.prefab.meta",".meta","144","14/07/2026 19:55:52"
"Assets\Resources\cart assets\thrusters\Truck 2 Thruster.prefab",".prefab","3974","14/07/2026 19:55:52"
"Assets\Resources\cart assets\thrusters\Truck 2 Thruster.prefab.meta",".meta","144","14/07/2026 19:55:52"
"Assets\Resources\cart assets\thrusters\Truck 3 Thruster.prefab",".prefab","4015","14/07/2026 19:55:52"
"Assets\Resources\cart assets\thrusters\Truck 3 Thruster.prefab.meta",".meta","144","14/07/2026 19:55:52"
"Assets\Resources\cart assets\thrusters\Truck 4 Thruster.prefab",".prefab","4010","14/07/2026 19:55:52"
"Assets\Resources\cart assets\thrusters\Truck 4 Thruster.prefab.meta",".meta","144","14/07/2026 19:55:52"
"Assets\Resources\cart assets\thrusters\Truck 5 Thruster.prefab",".prefab","3997","14/07/2026 19:55:52"
"Assets\Resources\cart assets\thrusters\Truck 5 Thruster.prefab.meta",".meta","144","14/07/2026 19:55:52"
"Assets\Resources\cart assets\thrusters\Truck 6 Thruster.prefab",".prefab","4029","14/07/2026 19:55:52"
"Assets\Resources\cart assets\thrusters\Truck 6 Thruster.prefab.meta",".meta","144","14/07/2026 19:55:52"
"Assets\Resources\cart assets\wheels\Bike 0 Wheels.prefab",".prefab","7785","14/07/2026 19:55:52"
"Assets\Resources\cart assets\wheels\Bike 0 Wheels.prefab.meta",".meta","144","14/07/2026 19:55:52"
"Assets\Resources\cart assets\wheels\Bike 1 Wheels.prefab",".prefab","7785","14/07/2026 19:55:52"
"Assets\Resources\cart assets\wheels\Bike 1 Wheels.prefab.meta",".meta","144","14/07/2026 19:55:52"
"Assets\Resources\cart assets\wheels\Bike 2 Wheels.prefab",".prefab","7786","14/07/2026 19:55:52"
"Assets\Resources\cart assets\wheels\Bike 2 Wheels.prefab.meta",".meta","144","14/07/2026 19:55:52"
"Assets\Resources\cart assets\wheels\Bike 3 Wheels.prefab",".prefab","7785","14/07/2026 19:55:52"
"Assets\Resources\cart assets\wheels\Bike 3 Wheels.prefab.meta",".meta","144","14/07/2026 19:55:52"
"Assets\Resources\cart assets\wheels\Bike 4 Wheels.prefab",".prefab","7785","14/07/2026 19:55:52"
"Assets\Resources\cart assets\wheels\Bike 4 Wheels.prefab.meta",".meta","144","14/07/2026 19:55:52"
"Assets\Resources\cart assets\wheels\Bike 5 Wheels.prefab",".prefab","7785","14/07/2026 19:55:52"
"Assets\Resources\cart assets\wheels\Bike 5 Wheels.prefab.meta",".meta","144","14/07/2026 19:55:52"
"Assets\Resources\cart assets\wheels\Bike 6 Wheels.prefab",".prefab","7785","14/07/2026 19:55:52"
"Assets\Resources\cart assets\wheels\Bike 6 Wheels.prefab.meta",".meta","144","14/07/2026 19:55:52"
"Assets\Resources\cart assets\wheels\Kart 0 Wheels.prefab",".prefab","9414","14/07/2026 19:55:52"
"Assets\Resources\cart assets\wheels\Kart 0 Wheels.prefab.meta",".meta","144","14/07/2026 19:55:52"
"Assets\Resources\cart assets\wheels\Kart 1 Wheels.prefab",".prefab","9411","14/07/2026 19:55:52"
"Assets\Resources\cart assets\wheels\Kart 1 Wheels.prefab.meta",".meta","144","14/07/2026 19:55:52"
"Assets\Resources\cart assets\wheels\Kart 2 Wheels.prefab",".prefab","9415","14/07/2026 19:55:52"
"Assets\Resources\cart assets\wheels\Kart 2 Wheels.prefab.meta",".meta","144","14/07/2026 19:55:52"
"Assets\Resources\cart assets\wheels\Kart 3 Wheels.prefab",".prefab","9414","14/07/2026 19:55:52"
"Assets\Resources\cart assets\wheels\Kart 3 Wheels.prefab.meta",".meta","144","14/07/2026 19:55:52"
"Assets\Resources\cart assets\wheels\Kart 4 Wheels.prefab",".prefab","9412","14/07/2026 19:55:52"
"Assets\Resources\cart assets\wheels\Kart 4 Wheels.prefab.meta",".meta","144","14/07/2026 19:55:52"
"Assets\Resources\cart assets\wheels\Kart 5 Wheels.prefab",".prefab","9413","14/07/2026 19:55:52"
"Assets\Resources\cart assets\wheels\Kart 5 Wheels.prefab.meta",".meta","144","14/07/2026 19:55:52"
"Assets\Resources\cart assets\wheels\Kart 6 Wheels.prefab",".prefab","9775","14/07/2026 19:55:52"
"Assets\Resources\cart assets\wheels\Kart 6 Wheels.prefab.meta",".meta","144","14/07/2026 19:55:52"
"Assets\Resources\cart assets\wheels\Truck 0 Wheels.prefab",".prefab","11722","14/07/2026 19:55:52"
"Assets\Resources\cart assets\wheels\Truck 0 Wheels.prefab.meta",".meta","144","14/07/2026 19:55:52"
"Assets\Resources\cart assets\wheels\Truck 1 Wheels.prefab",".prefab","11721","14/07/2026 19:55:52"
"Assets\Resources\cart assets\wheels\Truck 1 Wheels.prefab.meta",".meta","144","14/07/2026 19:55:52"
"Assets\Resources\cart assets\wheels\Truck 2 Wheels.prefab",".prefab","11722","14/07/2026 19:55:52"
"Assets\Resources\cart assets\wheels\Truck 2 Wheels.prefab.meta",".meta","144","14/07/2026 19:55:52"
"Assets\Resources\cart assets\wheels\Truck 3 Wheels.prefab",".prefab","11720","14/07/2026 19:55:52"
"Assets\Resources\cart assets\wheels\Truck 3 Wheels.prefab.meta",".meta","144","14/07/2026 19:55:52"
"Assets\Resources\cart assets\wheels\Truck 4 Wheels.prefab",".prefab","11722","14/07/2026 19:55:52"
"Assets\Resources\cart assets\wheels\Truck 4 Wheels.prefab.meta",".meta","144","14/07/2026 19:55:52"
"Assets\Resources\cart assets\wheels\Truck 5 Wheels.prefab",".prefab","11720","14/07/2026 19:55:52"
"Assets\Resources\cart assets\wheels\Truck 5 Wheels.prefab.meta",".meta","144","14/07/2026 19:55:52"
"Assets\Resources\cart assets\wheels\Truck 6 Wheels.prefab",".prefab","11720","14/07/2026 19:55:52"
"Assets\Resources\cart assets\wheels\Truck 6 Wheels.prefab.meta",".meta","144","14/07/2026 19:55:52"
"Assets\Resources\languages\Localize-Default.bytes",".bytes","32612","14/07/2026 19:55:51"
"Assets\Resources\languages\Localize-Default.bytes.meta",".meta","142","14/07/2026 19:55:51"
"Assets\Resources\languages\Localize-SW.bytes",".bytes","32678","14/07/2026 19:55:51"
"Assets\Resources\languages\Localize-SW.bytes.meta",".meta","142","14/07/2026 19:55:51"
"Assets\Resources\localized\CloudStrapLogo_english.png",".png","711133","14/07/2026 19:55:50"
"Assets\Resources\localized\CloudStrapLogo_english.png.meta",".meta","1347","14/07/2026 19:55:50"
"Assets\Resources\localized\CrashAndBernsteinLogo_english.png",".png","170607","14/07/2026 19:55:50"
"Assets\Resources\localized\CrashAndBernsteinLogo_english.png.meta",".meta","1346","14/07/2026 19:55:50"
"Assets\Resources\localized\CrashAndBernsteinLogo_english.png.png",".png","208980","14/07/2026 19:55:48"
"Assets\Resources\localized\CrashAndBernsteinLogo_english.png.png.meta",".meta","1346","14/07/2026 19:55:48"
"Assets\Resources\localized\CrashAndBernsteinLogo_norwegian.png",".png","370914","14/07/2026 19:55:49"
"Assets\Resources\localized\CrashAndBernsteinLogo_norwegian.png.meta",".meta","1347","14/07/2026 19:55:49"
"Assets\Resources\localized\FishHooksBillboardAd2_english.png",".png","353817","14/07/2026 19:55:49"
"Assets\Resources\localized\FishHooksBillboardAd2_english.png.meta",".meta","1347","14/07/2026 19:55:49"
"Assets\Resources\localized\FishHooksBillboardAd2_norwegian.png",".png","1100048","14/07/2026 19:55:50"
"Assets\Resources\localized\FishHooksBillboardAd2_norwegian.png.meta",".meta","1347","14/07/2026 19:55:50"
"Assets\Resources\localized\FishHooksBillboardAd_english.png",".png","485104","14/07/2026 19:55:48"
"Assets\Resources\localized\FishHooksBillboardAd_english.png.meta",".meta","1347","14/07/2026 19:55:48"
"Assets\Resources\localized\FishHooksBillboardAd_norwegian.png",".png","1525234","14/07/2026 19:55:49"
"Assets\Resources\localized\FishHooksBillboardAd_norwegian.png.meta",".meta","1347","14/07/2026 19:55:49"
"Assets\Resources\localized\FishhooksLogo_english.png",".png","91777","14/07/2026 19:55:48"
"Assets\Resources\localized\FishhooksLogo_english.png.meta",".meta","1346","14/07/2026 19:55:48"
"Assets\Resources\localized\FishhooksLogo_norwegian.png",".png","208331","14/07/2026 19:55:48"
"Assets\Resources\localized\FishhooksLogo_norwegian.png.meta",".meta","1347","14/07/2026 19:55:48"
"Assets\Resources\localized\GravityLogo_english.png",".png","210135","14/07/2026 19:55:48"
"Assets\Resources\localized\GravityLogo_english.png.meta",".meta","1346","14/07/2026 19:55:48"
"Assets\Resources\localized\GravityLogo_norwegian.png",".png","306193","14/07/2026 19:55:48"
"Assets\Resources\localized\GravityLogo_norwegian.png.meta",".meta","1347","14/07/2026 19:55:48"
"Assets\Resources\localized\KickBillboardAd2_english.png",".png","304952","14/07/2026 19:55:48"
"Assets\Resources\localized\KickBillboardAd2_english.png.meta",".meta","1347","14/07/2026 19:55:48"
"Assets\Resources\localized\KickBillboardAd2_norwegian.png",".png","684436","14/07/2026 19:55:49"
"Assets\Resources\localized\KickBillboardAd2_norwegian.png.meta",".meta","1347","14/07/2026 19:55:49"
"Assets\Resources\localized\KickBillboardAd_english.png",".png","440275","14/07/2026 19:55:50"
"Assets\Resources\localized\KickBillboardAd_english.png.meta",".meta","1347","14/07/2026 19:55:50"
"Assets\Resources\localized\KickBillboardAd_norwegian.png",".png","1038489","14/07/2026 19:55:48"
"Assets\Resources\localized\KickBillboardAd_norwegian.png.meta",".meta","1347","14/07/2026 19:55:48"
"Assets\Resources\localized\KickLogo_english.png",".png","128595","14/07/2026 19:55:48"
"Assets\Resources\localized\KickLogo_english.png.meta",".meta","1346","14/07/2026 19:55:48"
"Assets\Resources\localized\KickLogo_norwegian.png",".png","267146","14/07/2026 19:55:48"
"Assets\Resources\localized\KickLogo_norwegian.png.meta",".meta","1347","14/07/2026 19:55:48"
"Assets\Resources\localized\MasterCircuitLocked_english.png",".png","391773","14/07/2026 19:55:50"
"Assets\Resources\localized\MasterCircuitLocked_english.png.meta",".meta","1347","14/07/2026 19:55:50"
"Assets\Resources\localized\MasterCircuitLocked_norwegian.png",".png","294093","14/07/2026 19:55:50"
"Assets\Resources\localized\MasterCircuitLocked_norwegian.png.meta",".meta","1347","14/07/2026 19:55:50"
"Assets\Resources\localized\MasterCircuit_english.png",".png","394276","14/07/2026 19:55:48"
"Assets\Resources\localized\MasterCircuit_english.png.meta",".meta","1347","14/07/2026 19:55:48"
"Assets\Resources\localized\MasterCircuit_norwegian.png",".png","288510","14/07/2026 19:55:48"
"Assets\Resources\localized\MasterCircuit_norwegian.png.meta",".meta","1347","14/07/2026 19:55:48"
"Assets\Resources\localized\MotorCityLogo_english.png",".png","54674","14/07/2026 19:55:50"
"Assets\Resources\localized\MotorCityLogo_english.png.meta",".meta","1346","14/07/2026 19:55:50"
"Assets\Resources\localized\MotorCityLogo_norwegian.png",".png","143274","14/07/2026 19:55:48"
"Assets\Resources\localized\MotorCityLogo_norwegian.png.meta",".meta","1347","14/07/2026 19:55:48"
"Assets\Resources\localized\NewbieCircuit_english.png",".png","408096","14/07/2026 19:55:49"
"Assets\Resources\localized\NewbieCircuit_english.png.meta",".meta","1347","14/07/2026 19:55:49"
"Assets\Resources\localized\NewbieCircuit_norwegian.png",".png","291270","14/07/2026 19:55:49"
"Assets\Resources\localized\NewbieCircuit_norwegian.png.meta",".meta","1347","14/07/2026 19:55:49"
"Assets\Resources\localized\PhineasBillboardAd2_english.png",".png","366446","14/07/2026 19:55:48"
"Assets\Resources\localized\PhineasBillboardAd2_english.png.meta",".meta","1347","14/07/2026 19:55:48"
"Assets\Resources\localized\PhineasBillboardAd2_norwegian.png",".png","1031418","14/07/2026 19:55:49"
"Assets\Resources\localized\PhineasBillboardAd2_norwegian.png.meta",".meta","1347","14/07/2026 19:55:49"
"Assets\Resources\localized\PhineasBillboardAd_english.png",".png","429847","14/07/2026 19:55:50"
"Assets\Resources\localized\PhineasBillboardAd_english.png.meta",".meta","1347","14/07/2026 19:55:50"
"Assets\Resources\localized\PhineasBillboardAd_norwegian.png",".png","1354806","14/07/2026 19:55:47"
"Assets\Resources\localized\PhineasBillboardAd_norwegian.png.meta",".meta","1347","14/07/2026 19:55:47"
"Assets\Resources\localized\PhineasLogo_english.png",".png","100833","14/07/2026 19:55:48"
"Assets\Resources\localized\PhineasLogo_english.png.meta",".meta","1346","14/07/2026 19:55:48"
"Assets\Resources\localized\PhineasLogo_norwegian.png",".png","271328","14/07/2026 19:55:50"
"Assets\Resources\localized\PhineasLogo_norwegian.png.meta",".meta","1347","14/07/2026 19:55:50"
"Assets\Resources\localized\PranksgivingLogo.png",".png","68015","14/07/2026 19:55:49"
"Assets\Resources\localized\PranksgivingLogo.png.meta",".meta","1346","14/07/2026 19:55:49"
"Assets\Resources\localized\ProCircuitLocked_english.png",".png","404178","14/07/2026 19:55:47"
"Assets\Resources\localized\ProCircuitLocked_english.png.meta",".meta","1347","14/07/2026 19:55:47"
"Assets\Resources\localized\ProCircuitLocked_norwegian.png",".png","302720","14/07/2026 19:55:49"
"Assets\Resources\localized\ProCircuitLocked_norwegian.png.meta",".meta","1347","14/07/2026 19:55:49"
"Assets\Resources\localized\ProCircuit_english.png",".png","409444","14/07/2026 19:55:49"
"Assets\Resources\localized\ProCircuit_english.png.meta",".meta","1347","14/07/2026 19:55:49"
"Assets\Resources\localized\ProCircuit_norwegian.png",".png","307502","14/07/2026 19:55:50"
"Assets\Resources\localized\ProCircuit_norwegian.png.meta",".meta","1347","14/07/2026 19:55:50"
"Assets\Resources\localized\RandyLogo_english.png",".png","64874","14/07/2026 19:55:50"
"Assets\Resources\localized\RandyLogo_english.png.meta",".meta","1346","14/07/2026 19:55:50"
"Assets\Resources\localized\RandyLogo_norwegian.png",".png","179282","14/07/2026 19:55:48"
"Assets\Resources\localized\RandyLogo_norwegian.png.meta",".meta","1347","14/07/2026 19:55:48"
"Assets\Resources\localized\SS_Logo_english.png",".png","1340128","14/07/2026 19:55:48"
"Assets\Resources\localized\SS_Logo_english.png.meta",".meta","1347","14/07/2026 19:55:48"
"Assets\Resources\localized\SS_Logo_norwegian.png",".png","148658","14/07/2026 19:55:48"
"Assets\Resources\localized\SS_Logo_norwegian.png.meta",".meta","1346","14/07/2026 19:55:48"
"Assets\Resources\multilayertextures\kart0nopaint\Kart0NoPaintBundleDef.asset",".asset","373","14/07/2026 19:55:52"
"Assets\Resources\multilayertextures\kart0nopaint\Kart0NoPaintBundleDef.asset.meta",".meta","144","14/07/2026 19:55:52"
"Assets\Resources\multilayertextures\kart0nopaint\kart0NO_body_detail.png",".png","2830","14/07/2026 19:55:50"
"Assets\Resources\multilayertextures\kart0nopaint\kart0NO_body_detail.png.meta",".meta","1346","14/07/2026 19:55:50"
"Assets\Resources\multilayertextures\kart0nopaint\kart0NO_body_main.png",".png","34133","14/07/2026 19:55:49"
"Assets\Resources\multilayertextures\kart0nopaint\kart0NO_body_main.png.meta",".meta","1346","14/07/2026 19:55:49"
"Assets\Resources\multilayertextures\kart0nopaint\kart0NO_scoop_main.png",".png","4032","14/07/2026 19:55:48"
"Assets\Resources\multilayertextures\kart0nopaint\kart0NO_scoop_main.png.meta",".meta","1346","14/07/2026 19:55:48"
"Assets\Resources\multilayertextures\kart0nopaint\kart0NO_spoiler_main.png",".png","7044","14/07/2026 19:55:48"
"Assets\Resources\multilayertextures\kart0nopaint\kart0NO_spoiler_main.png.meta",".meta","1346","14/07/2026 19:55:48"
"Assets\Resources\multilayertextures\kart0nopaint\kart0NO_thrusters_main.png",".png","7438","14/07/2026 19:55:48"
"Assets\Resources\multilayertextures\kart0nopaint\kart0NO_thrusters_main.png.meta",".meta","1346","14/07/2026 19:55:48"
"Assets\Resources\multilayertextures\kart0nopaint\kart0NO_untouchable_seat.png",".png","13206","14/07/2026 19:55:50"
"Assets\Resources\multilayertextures\kart0nopaint\kart0NO_untouchable_seat.png.meta",".meta","1346","14/07/2026 19:55:50"
"Assets\Resources\multilayertextures\kart0nopaint\kart0NO_wheels_detail.png",".png","8842","14/07/2026 19:55:50"
"Assets\Resources\multilayertextures\kart0nopaint\kart0NO_wheels_detail.png.meta",".meta","1346","14/07/2026 19:55:50"
"Assets\Resources\multilayertextures\kart0nopaint\kart0NO_wheels_main.png",".png","3391","14/07/2026 19:55:50"
"Assets\Resources\multilayertextures\kart0nopaint\kart0NO_wheels_main.png.meta",".meta","1346","14/07/2026 19:55:50"
"Assets\Resources\multilayertextures\kart0paint\Kart0PaintBundleDef.asset",".asset","371","14/07/2026 19:55:52"
"Assets\Resources\multilayertextures\kart0paint\Kart0PaintBundleDef.asset.meta",".meta","144","14/07/2026 19:55:52"
"Assets\Resources\multilayertextures\kart0paint\kart0_body_detail.png",".png","2830","14/07/2026 19:55:50"
"Assets\Resources\multilayertextures\kart0paint\kart0_body_detail.png.meta",".meta","1346","14/07/2026 19:55:50"
"Assets\Resources\multilayertextures\kart0paint\kart0_body_main.png",".png","23315","14/07/2026 19:55:50"
"Assets\Resources\multilayertextures\kart0paint\kart0_body_main.png.meta",".meta","1346","14/07/2026 19:55:50"
"Assets\Resources\multilayertextures\kart0paint\kart0_scoop_main.png",".png","3853","14/07/2026 19:55:48"
"Assets\Resources\multilayertextures\kart0paint\kart0_scoop_main.png.meta",".meta","1346","14/07/2026 19:55:48"
"Assets\Resources\multilayertextures\kart0paint\kart0_spoiler_main.png",".png","6667","14/07/2026 19:55:48"
"Assets\Resources\multilayertextures\kart0paint\kart0_spoiler_main.png.meta",".meta","1346","14/07/2026 19:55:48"
"Assets\Resources\multilayertextures\kart0paint\kart0_thrusters_main.png",".png","7152","14/07/2026 19:55:49"
"Assets\Resources\multilayertextures\kart0paint\kart0_thrusters_main.png.meta",".meta","1346","14/07/2026 19:55:49"
"Assets\Resources\multilayertextures\kart0paint\kart0_untouchable_seat.png",".png","13206","14/07/2026 19:55:50"
"Assets\Resources\multilayertextures\kart0paint\kart0_untouchable_seat.png.meta",".meta","1346","14/07/2026 19:55:50"
"Assets\Resources\multilayertextures\kart0paint\kart0_wheels_detail.png",".png","8842","14/07/2026 19:55:48"
"Assets\Resources\multilayertextures\kart0paint\kart0_wheels_detail.png.meta",".meta","1346","14/07/2026 19:55:48"
"Assets\Resources\multilayertextures\kart0paint\kart0_wheels_main.png",".png","3391","14/07/2026 19:55:49"
"Assets\Resources\multilayertextures\kart0paint\kart0_wheels_main.png.meta",".meta","1346","14/07/2026 19:55:49"
"Assets\Resources\multilayertextures\kart1paint\Kart1PaintBundleDef.asset",".asset","371","14/07/2026 19:55:52"
"Assets\Resources\multilayertextures\kart1paint\Kart1PaintBundleDef.asset.meta",".meta","144","14/07/2026 19:55:52"
"Assets\Resources\multilayertextures\kart1paint\kart1_body_detail.png",".png","9049","14/07/2026 19:55:49"
"Assets\Resources\multilayertextures\kart1paint\kart1_body_detail.png.meta",".meta","1346","14/07/2026 19:55:49"
"Assets\Resources\multilayertextures\kart1paint\kart1_body_main.png",".png","23315","14/07/2026 19:55:47"
"Assets\Resources\multilayertextures\kart1paint\kart1_body_main.png.meta",".meta","1346","14/07/2026 19:55:47"
"Assets\Resources\multilayertextures\kart1paint\kart1_Gunther_body_decal.png",".png","15305","14/07/2026 19:55:50"
"Assets\Resources\multilayertextures\kart1paint\kart1_Gunther_body_decal.png.meta",".meta","1346","14/07/2026 19:55:50"
"Assets\Resources\multilayertextures\kart1paint\kart1_Gunther_spoiler_decal.png",".png","735","14/07/2026 19:55:48"
"Assets\Resources\multilayertextures\kart1paint\kart1_Gunther_spoiler_decal.png.meta",".meta","1346","14/07/2026 19:55:48"
"Assets\Resources\multilayertextures\kart1paint\kart1_Kick_body_decal.png",".png","13140","14/07/2026 19:55:50"
"Assets\Resources\multilayertextures\kart1paint\kart1_Kick_body_decal.png.meta",".meta","1346","14/07/2026 19:55:50"
"Assets\Resources\multilayertextures\kart1paint\kart1_Kick_spoiler_decal.png",".png","655","14/07/2026 19:55:50"
"Assets\Resources\multilayertextures\kart1paint\kart1_Kick_spoiler_decal.png.meta",".meta","1346","14/07/2026 19:55:50"
"Assets\Resources\multilayertextures\kart1paint\kart1_scoop_main.png",".png","3934","14/07/2026 19:55:50"
"Assets\Resources\multilayertextures\kart1paint\kart1_scoop_main.png.meta",".meta","1346","14/07/2026 19:55:50"
"Assets\Resources\multilayertextures\kart1paint\kart1_spoiler_main.png",".png","6676","14/07/2026 19:55:48"
"Assets\Resources\multilayertextures\kart1paint\kart1_spoiler_main.png.meta",".meta","1346","14/07/2026 19:55:48"
"Assets\Resources\multilayertextures\kart1paint\kart1_thrusters_main.png",".png","7982","14/07/2026 19:55:49"
"Assets\Resources\multilayertextures\kart1paint\kart1_thrusters_main.png.meta",".meta","1346","14/07/2026 19:55:49"
"Assets\Resources\multilayertextures\kart1paint\kart1_untouchable_seat.png",".png","13263","14/07/2026 19:55:49"
"Assets\Resources\multilayertextures\kart1paint\kart1_untouchable_seat.png.meta",".meta","1346","14/07/2026 19:55:49"
"Assets\Resources\multilayertextures\kart1paint\kart1_wheels_detail.png",".png","9841","14/07/2026 19:55:48"
"Assets\Resources\multilayertextures\kart1paint\kart1_wheels_detail.png.meta",".meta","1346","14/07/2026 19:55:48"
"Assets\Resources\multilayertextures\kart1paint\kart1_wheels_main.png",".png","3919","14/07/2026 19:55:50"
"Assets\Resources\multilayertextures\kart1paint\kart1_wheels_main.png.meta",".meta","1346","14/07/2026 19:55:50"
"Assets\Resources\multilayertextures\kart2paint\Kart2PaintBundleDef.asset",".asset","371","14/07/2026 19:55:52"
"Assets\Resources\multilayertextures\kart2paint\Kart2PaintBundleDef.asset.meta",".meta","144","14/07/2026 19:55:52"
"Assets\Resources\multilayertextures\kart2paint\kart2_Bea_body_decal.png",".png","5038","14/07/2026 19:55:48"
"Assets\Resources\multilayertextures\kart2paint\kart2_Bea_body_decal.png.meta",".meta","1346","14/07/2026 19:55:48"
"Assets\Resources\multilayertextures\kart2paint\kart2_Bea_spoiler_decal.png",".png","1126","14/07/2026 19:55:49"
"Assets\Resources\multilayertextures\kart2paint\kart2_Bea_spoiler_decal.png.meta",".meta","1346","14/07/2026 19:55:49"
"Assets\Resources\multilayertextures\kart2paint\kart2_body_detail.png",".png","13811","14/07/2026 19:55:49"
"Assets\Resources\multilayertextures\kart2paint\kart2_body_detail.png.meta",".meta","1346","14/07/2026 19:55:49"
"Assets\Resources\multilayertextures\kart2paint\kart2_body_main.png",".png","11810","14/07/2026 19:55:48"
"Assets\Resources\multilayertextures\kart2paint\kart2_body_main.png.meta",".meta","1346","14/07/2026 19:55:48"
"Assets\Resources\multilayertextures\kart2paint\kart2_Milo_body_decal.png",".png","5322","14/07/2026 19:55:48"
"Assets\Resources\multilayertextures\kart2paint\kart2_Milo_body_decal.png.meta",".meta","1346","14/07/2026 19:55:48"
"Assets\Resources\multilayertextures\kart2paint\kart2_Milo_spoiler_decal.png",".png","1164","14/07/2026 19:55:50"
"Assets\Resources\multilayertextures\kart2paint\kart2_Milo_spoiler_decal.png.meta",".meta","1346","14/07/2026 19:55:50"
"Assets\Resources\multilayertextures\kart2paint\kart2_Oscar_body_decal.png",".png","5813","14/07/2026 19:55:49"
"Assets\Resources\multilayertextures\kart2paint\kart2_Oscar_body_decal.png.meta",".meta","1346","14/07/2026 19:55:49"
"Assets\Resources\multilayertextures\kart2paint\kart2_Oscar_spoiler_decal.png",".png","1259","14/07/2026 19:55:48"
"Assets\Resources\multilayertextures\kart2paint\kart2_Oscar_spoiler_decal.png.meta",".meta","1346","14/07/2026 19:55:48"
"Assets\Resources\multilayertextures\kart2paint\kart2_scoop_main.png",".png","6911","14/07/2026 19:55:49"
"Assets\Resources\multilayertextures\kart2paint\kart2_scoop_main.png.meta",".meta","1346","14/07/2026 19:55:49"
"Assets\Resources\multilayertextures\kart2paint\kart2_spoiler_main.png",".png","6676","14/07/2026 19:55:49"
"Assets\Resources\multilayertextures\kart2paint\kart2_spoiler_main.png.meta",".meta","1346","14/07/2026 19:55:49"
"Assets\Resources\multilayertextures\kart2paint\kart2_thrusters_main.png",".png","3219","14/07/2026 19:55:48"
"Assets\Resources\multilayertextures\kart2paint\kart2_thrusters_main.png.meta",".meta","1346","14/07/2026 19:55:48"
"Assets\Resources\multilayertextures\kart2paint\kart2_untouchable_seat.png",".png","13263","14/07/2026 19:55:50"
"Assets\Resources\multilayertextures\kart2paint\kart2_untouchable_seat.png.meta",".meta","1346","14/07/2026 19:55:50"
"Assets\Resources\multilayertextures\kart2paint\kart2_wheels_detail.png",".png","9560","14/07/2026 19:55:49"
"Assets\Resources\multilayertextures\kart2paint\kart2_wheels_detail.png.meta",".meta","1346","14/07/2026 19:55:49"
"Assets\Resources\multilayertextures\kart2paint\kart2_wheels_main.png",".png","3320","14/07/2026 19:55:50"
"Assets\Resources\multilayertextures\kart2paint\kart2_wheels_main.png.meta",".meta","1346","14/07/2026 19:55:50"
"Assets\Resources\multilayertextures\kart3paint\Kart3PaintBundleDef.asset",".asset","371","14/07/2026 19:55:52"
"Assets\Resources\multilayertextures\kart3paint\Kart3PaintBundleDef.asset.meta",".meta","144","14/07/2026 19:55:52"
"Assets\Resources\multilayertextures\kart3paint\kart3_body_detail.png",".png","5823","14/07/2026 19:55:48"
"Assets\Resources\multilayertextures\kart3paint\kart3_body_detail.png.meta",".meta","1346","14/07/2026 19:55:48"
"Assets\Resources\multilayertextures\kart3paint\kart3_body_main.png",".png","11715","14/07/2026 19:55:49"
"Assets\Resources\multilayertextures\kart3paint\kart3_body_main.png.meta",".meta","1346","14/07/2026 19:55:49"
"Assets\Resources\multilayertextures\kart3paint\kart3_Dipper_body_decal.png",".png","3368","14/07/2026 19:55:50"
"Assets\Resources\multilayertextures\kart3paint\kart3_Dipper_body_decal.png.meta",".meta","1346","14/07/2026 19:55:50"
"Assets\Resources\multilayertextures\kart3paint\kart3_Mabel_body_decal.png",".png","3684","14/07/2026 19:55:49"
"Assets\Resources\multilayertextures\kart3paint\kart3_Mabel_body_decal.png.meta",".meta","1346","14/07/2026 19:55:49"
"Assets\Resources\multilayertextures\kart3paint\kart3_scoop_detail.png",".png","1075","14/07/2026 19:55:48"
"Assets\Resources\multilayertextures\kart3paint\kart3_scoop_detail.png.meta",".meta","1346","14/07/2026 19:55:48"
"Assets\Resources\multilayertextures\kart3paint\kart3_scoop_main.png",".png","1712","14/07/2026 19:55:50"
"Assets\Resources\multilayertextures\kart3paint\kart3_scoop_main.png.meta",".meta","1346","14/07/2026 19:55:50"
"Assets\Resources\multilayertextures\kart3paint\kart3_spoiler_main.png",".png","6676","14/07/2026 19:55:50"
"Assets\Resources\multilayertextures\kart3paint\kart3_spoiler_main.png.meta",".meta","1346","14/07/2026 19:55:50"
"Assets\Resources\multilayertextures\kart3paint\kart3_thrusters_main.png",".png","7152","14/07/2026 19:55:50"
"Assets\Resources\multilayertextures\kart3paint\kart3_thrusters_main.png.meta",".meta","1346","14/07/2026 19:55:50"
"Assets\Resources\multilayertextures\kart3paint\kart3_untouchable_seat.png",".png","13263","14/07/2026 19:55:49"
"Assets\Resources\multilayertextures\kart3paint\kart3_untouchable_seat.png.meta",".meta","1346","14/07/2026 19:55:49"
"Assets\Resources\multilayertextures\kart3paint\kart3_wheels_detail.png",".png","9233","14/07/2026 19:55:48"
"Assets\Resources\multilayertextures\kart3paint\kart3_wheels_detail.png.meta",".meta","1346","14/07/2026 19:55:48"
"Assets\Resources\multilayertextures\kart3paint\kart3_wheels_main.png",".png","3334","14/07/2026 19:55:50"
"Assets\Resources\multilayertextures\kart3paint\kart3_wheels_main.png.meta",".meta","1346","14/07/2026 19:55:50"
"Assets\Resources\multilayertextures\kart4paint\Kart4PaintBundleDef.asset",".asset","371","14/07/2026 19:55:52"
"Assets\Resources\multilayertextures\kart4paint\Kart4PaintBundleDef.asset.meta",".meta","144","14/07/2026 19:55:52"
"Assets\Resources\multilayertextures\kart4paint\kart4_body_detail.png",".png","7575","14/07/2026 19:55:48"
"Assets\Resources\multilayertextures\kart4paint\kart4_body_detail.png.meta",".meta","1346","14/07/2026 19:55:48"
"Assets\Resources\multilayertextures\kart4paint\kart4_body_main.png",".png","18824","14/07/2026 19:55:48"
"Assets\Resources\multilayertextures\kart4paint\kart4_body_main.png.meta",".meta","1346","14/07/2026 19:55:48"
"Assets\Resources\multilayertextures\kart4paint\kart4_Brad_body_decal.png",".png","4880","14/07/2026 19:55:50"
"Assets\Resources\multilayertextures\kart4paint\kart4_Brad_body_decal.png.meta",".meta","1346","14/07/2026 19:55:50"
"Assets\Resources\multilayertextures\kart4paint\kart4_Brad_spoiler_decal.png",".png","2091","14/07/2026 19:55:49"
"Assets\Resources\multilayertextures\kart4paint\kart4_Brad_spoiler_decal.png.meta",".meta","1346","14/07/2026 19:55:49"
"Assets\Resources\multilayertextures\kart4paint\kart4_Mike_body_decal.png",".png","3597","14/07/2026 19:55:49"
"Assets\Resources\multilayertextures\kart4paint\kart4_Mike_body_decal.png.meta",".meta","1346","14/07/2026 19:55:49"
"Assets\Resources\multilayertextures\kart4paint\kart4_Mike_spoiler_decal.png",".png","1629","14/07/2026 19:55:50"
"Assets\Resources\multilayertextures\kart4paint\kart4_Mike_spoiler_decal.png.meta",".meta","1346","14/07/2026 19:55:50"
"Assets\Resources\multilayertextures\kart4paint\kart4_scoop_main.png",".png","4830","14/07/2026 19:55:50"
"Assets\Resources\multilayertextures\kart4paint\kart4_scoop_main.png.meta",".meta","1346","14/07/2026 19:55:50"
"Assets\Resources\multilayertextures\kart4paint\kart4_spoiler_main.png",".png","2145","14/07/2026 19:55:49"
"Assets\Resources\multilayertextures\kart4paint\kart4_spoiler_main.png.meta",".meta","1346","14/07/2026 19:55:49"
"Assets\Resources\multilayertextures\kart4paint\kart4_thrusters_main.png",".png","2112","14/07/2026 19:55:48"
"Assets\Resources\multilayertextures\kart4paint\kart4_thrusters_main.png.meta",".meta","1346","14/07/2026 19:55:48"
"Assets\Resources\multilayertextures\kart4paint\kart4_untouchable_seat.png",".png","13263","14/07/2026 19:55:49"
"Assets\Resources\multilayertextures\kart4paint\kart4_untouchable_seat.png.meta",".meta","1346","14/07/2026 19:55:49"
"Assets\Resources\multilayertextures\kart4paint\kart4_wheels_detail.png",".png","9149","14/07/2026 19:55:48"
"Assets\Resources\multilayertextures\kart4paint\kart4_wheels_detail.png.meta",".meta","1346","14/07/2026 19:55:48"
"Assets\Resources\multilayertextures\kart4paint\kart4_wheels_main.png",".png","2892","14/07/2026 19:55:50"
"Assets\Resources\multilayertextures\kart4paint\kart4_wheels_main.png.meta",".meta","1346","14/07/2026 19:55:50"
"Assets\Resources\multilayertextures\kart5paint\Kart5PaintBundleDef.asset",".asset","371","14/07/2026 19:55:52"
"Assets\Resources\multilayertextures\kart5paint\Kart5PaintBundleDef.asset.meta",".meta","144","14/07/2026 19:55:52"
"Assets\Resources\multilayertextures\kart5paint\kart5_body_detail.png",".png","6275","14/07/2026 19:55:50"
"Assets\Resources\multilayertextures\kart5paint\kart5_body_detail.png.meta",".meta","1346","14/07/2026 19:55:50"
"Assets\Resources\multilayertextures\kart5paint\kart5_body_main.png",".png","16745","14/07/2026 19:55:49"
"Assets\Resources\multilayertextures\kart5paint\kart5_body_main.png.meta",".meta","1346","14/07/2026 19:55:49"
"Assets\Resources\multilayertextures\kart5paint\kart5_Ferb_body_decal.png",".png","4087","14/07/2026 19:55:50"
"Assets\Resources\multilayertextures\kart5paint\kart5_Ferb_body_decal.png.meta",".meta","1346","14/07/2026 19:55:50"
"Assets\Resources\multilayertextures\kart5paint\kart5_Ferb_spoiler_decal.png",".png","1591","14/07/2026 19:55:50"
"Assets\Resources\multilayertextures\kart5paint\kart5_Ferb_spoiler_decal.png.meta",".meta","1346","14/07/2026 19:55:50"
"Assets\Resources\multilayertextures\kart5paint\kart5_Perry_body_decal.png",".png","4596","14/07/2026 19:55:48"
"Assets\Resources\multilayertextures\kart5paint\kart5_Perry_body_decal.png.meta",".meta","1346","14/07/2026 19:55:48"
"Assets\Resources\multilayertextures\kart5paint\kart5_Perry_spoiler_decal.png",".png","1466","14/07/2026 19:55:50"
"Assets\Resources\multilayertextures\kart5paint\kart5_Perry_spoiler_decal.png.meta",".meta","1346","14/07/2026 19:55:50"
"Assets\Resources\multilayertextures\kart5paint\kart5_Phineas_body_decal.png",".png","3704","14/07/2026 19:55:48"
"Assets\Resources\multilayertextures\kart5paint\kart5_Phineas_body_decal.png.meta",".meta","1346","14/07/2026 19:55:48"
"Assets\Resources\multilayertextures\kart5paint\kart5_Phineas_spoiler_decal.png",".png","1369","14/07/2026 19:55:50"
"Assets\Resources\multilayertextures\kart5paint\kart5_Phineas_spoiler_decal.png.meta",".meta","1346","14/07/2026 19:55:50"
"Assets\Resources\multilayertextures\kart5paint\kart5_scoop_detail.png",".png","1601","14/07/2026 19:55:48"
"Assets\Resources\multilayertextures\kart5paint\kart5_scoop_detail.png.meta",".meta","1346","14/07/2026 19:55:48"
"Assets\Resources\multilayertextures\kart5paint\kart5_scoop_main.png",".png","2337","14/07/2026 19:55:48"
"Assets\Resources\multilayertextures\kart5paint\kart5_scoop_main.png.meta",".meta","1346","14/07/2026 19:55:48"
"Assets\Resources\multilayertextures\kart5paint\kart5_spoiler_detail.png",".png","3450","14/07/2026 19:55:48"
"Assets\Resources\multilayertextures\kart5paint\kart5_spoiler_detail.png.meta",".meta","1346","14/07/2026 19:55:48"
"Assets\Resources\multilayertextures\kart5paint\kart5_spoiler_main.png",".png","4030","14/07/2026 19:55:50"
"Assets\Resources\multilayertextures\kart5paint\kart5_spoiler_main.png.meta",".meta","1346","14/07/2026 19:55:50"
"Assets\Resources\multilayertextures\kart5paint\kart5_thrusters_main.png",".png","1712","14/07/2026 19:55:49"
"Assets\Resources\multilayertextures\kart5paint\kart5_thrusters_main.png.meta",".meta","1346","14/07/2026 19:55:49"
"Assets\Resources\multilayertextures\kart5paint\kart5_untouchable_seat.png",".png","13263","14/07/2026 19:55:50"
"Assets\Resources\multilayertextures\kart5paint\kart5_untouchable_seat.png.meta",".meta","1346","14/07/2026 19:55:50"
"Assets\Resources\multilayertextures\kart5paint\kart5_wheels_detail.png",".png","10069","14/07/2026 19:55:50"
"Assets\Resources\multilayertextures\kart5paint\kart5_wheels_detail.png.meta",".meta","1346","14/07/2026 19:55:50"
"Assets\Resources\multilayertextures\kart5paint\kart5_wheels_main.png",".png","3900","14/07/2026 19:55:50"
"Assets\Resources\multilayertextures\kart5paint\kart5_wheels_main.png.meta",".meta","1346","14/07/2026 19:55:50"
"Assets\Resources\multilayertextures\kart6paint\Kart6PaintBundleDef.asset",".asset","371","14/07/2026 19:55:52"
"Assets\Resources\multilayertextures\kart6paint\Kart6PaintBundleDef.asset.meta",".meta","144","14/07/2026 19:55:52"
"Assets\Resources\multilayertextures\kart6paint\kart6_scoop_detail.png",".png","2418","14/07/2026 19:55:49"
"Assets\Resources\multilayertextures\kart6paint\kart6_scoop_detail.png.meta",".meta","1346","14/07/2026 19:55:49"
"Assets\Resources\multilayertextures\kart6paint\kart6_scoop_main.png",".png","6652","14/07/2026 19:55:48"
"Assets\Resources\multilayertextures\kart6paint\kart6_scoop_main.png.meta",".meta","1346","14/07/2026 19:55:48"
"Assets\Resources\multilayertextures\kart6paint\kart6_spoiler_decal.png",".png","2028","14/07/2026 19:55:48"
"Assets\Resources\multilayertextures\kart6paint\kart6_spoiler_decal.png.meta",".meta","1346","14/07/2026 19:55:48"
"Assets\Resources\multilayertextures\kart6paint\kart6_spoiler_main.png",".png","3589","14/07/2026 19:55:48"
"Assets\Resources\multilayertextures\kart6paint\kart6_spoiler_main.png.meta",".meta","1346","14/07/2026 19:55:48"
"Assets\Resources\multilayertextures\kart6paint\kart6_thrusters_detail.png",".png","2821","14/07/2026 19:55:47"
"Assets\Resources\multilayertextures\kart6paint\kart6_thrusters_detail.png.meta",".meta","1346","14/07/2026 19:55:47"
"Assets\Resources\multilayertextures\kart6paint\kart6_thrusters_main.png",".png","3320","14/07/2026 19:55:48"
"Assets\Resources\multilayertextures\kart6paint\kart6_thrusters_main.png.meta",".meta","1346","14/07/2026 19:55:48"
"Assets\Resources\multilayertextures\kart6paint\kart6_wheels_detail.png",".png","10340","14/07/2026 19:55:48"
"Assets\Resources\multilayertextures\kart6paint\kart6_wheels_detail.png.meta",".meta","1346","14/07/2026 19:55:48"
"Assets\Resources\multilayertextures\kart6paint\kart6_wheels_main.png",".png","5344","14/07/2026 19:55:50"
"Assets\Resources\multilayertextures\kart6paint\kart6_wheels_main.png.meta",".meta","1346","14/07/2026 19:55:50"
"Assets\Scenes\CloudStrap.unity",".unity","21609","14/07/2026 19:55:52"
"Assets\Scenes\CloudStrap.unity.meta",".meta","139","14/07/2026 19:55:52"
"Assets\Scenes\MoreDisney.unity",".unity","11844","14/07/2026 19:55:52"
"Assets\Scenes\MoreDisney.unity.meta",".meta","139","14/07/2026 19:55:52"
"Assets\Scenes\PreFrontEnd.unity",".unity","9428","14/07/2026 19:55:53"
"Assets\Scenes\PreFrontEnd.unity.meta",".meta","139","14/07/2026 19:55:53"
"Assets\Scenes\Front End\FrontEndTest.unity",".unity","120044","14/07/2026 19:55:53"
"Assets\Scenes\Front End\FrontEndTest.unity.meta",".meta","139","14/07/2026 19:55:53"
"Assets\Scenes\Front End\Loading.unity",".unity","88242","14/07/2026 19:55:52"
"Assets\Scenes\Front End\Loading.unity.meta",".meta","139","14/07/2026 19:55:52"
"Assets\Scenes\Front End\RaceResults.unity",".unity","205442","14/07/2026 19:55:52"
"Assets\Scenes\Front End\RaceResults.unity.meta",".meta","139","14/07/2026 19:55:52"
"Assets\Scenes\Front End\FrontEndTest\LightmapFar-0.png",".png","289880","14/07/2026 19:55:33"
"Assets\Scenes\Front End\FrontEndTest\LightmapFar-0.png.meta",".meta","1347","14/07/2026 19:55:33"
"Assets\Scenes\Front End\FrontEndTest\LightProbes.asset",".asset","31928","14/07/2026 19:55:37"
"Assets\Scenes\Front End\FrontEndTest\LightProbes.asset.meta",".meta","144","14/07/2026 19:55:37"
"Assets\Scenes\Test Scenes\Pranksgiving Test.unity",".unity","6572289","14/07/2026 19:55:53"
"Assets\Scenes\Test Scenes\Pranksgiving Test.unity.meta",".meta","139","14/07/2026 19:55:53"
"Assets\Scenes\Test Scenes\Pranksgiving Test\LightmapFar-0.png",".png","1044814","14/07/2026 19:55:39"
"Assets\Scenes\Test Scenes\Pranksgiving Test\LightmapFar-0.png.meta",".meta","1347","14/07/2026 19:55:39"
"Assets\Scenes\Test Scenes\Pranksgiving Test\LightmapFar-1.png",".png","1311572","14/07/2026 19:55:40"
"Assets\Scenes\Test Scenes\Pranksgiving Test\LightmapFar-1.png.meta",".meta","1347","14/07/2026 19:55:40"
"Assets\Scenes\Test Scenes\Pranksgiving Test\LightmapFar-2.png",".png","1393204","14/07/2026 19:55:39"
"Assets\Scenes\Test Scenes\Pranksgiving Test\LightmapFar-2.png.meta",".meta","1347","14/07/2026 19:55:39"
"Assets\Scenes\Test Scenes\Pranksgiving Test\LightmapFar-3.png",".png","1243625","14/07/2026 19:55:40"
"Assets\Scenes\Test Scenes\Pranksgiving Test\LightmapFar-3.png.meta",".meta","1347","14/07/2026 19:55:40"
"Assets\Scenes\Test Scenes\Pranksgiving Test\LightmapFar-4.png",".png","1414446","14/07/2026 19:55:39"
"Assets\Scenes\Test Scenes\Pranksgiving Test\LightmapFar-4.png.meta",".meta","1347","14/07/2026 19:55:39"
"Assets\Scenes\Test Scenes\Pranksgiving Test\LightmapFar-5.png",".png","1305072","14/07/2026 19:55:41"
"Assets\Scenes\Test Scenes\Pranksgiving Test\LightmapFar-5.png.meta",".meta","1347","14/07/2026 19:55:41"
"Assets\Scenes\Test Scenes\Pranksgiving Test\LightmapFar-6.png",".png","887276","14/07/2026 19:55:39"
"Assets\Scenes\Test Scenes\Pranksgiving Test\LightmapFar-6.png.meta",".meta","1347","14/07/2026 19:55:39"
"Assets\Scenes\Test Scenes\Pranksgiving Test\LightmapFar-7.png",".png","180881","14/07/2026 19:55:41"
"Assets\Scenes\Test Scenes\Pranksgiving Test\LightmapFar-7.png.meta",".meta","1347","14/07/2026 19:55:41"
"Assets\Scenes\Test Scenes\Pranksgiving Test\LightProbes.asset",".asset","944280","14/07/2026 19:55:41"
"Assets\Scenes\Test Scenes\Pranksgiving Test\LightProbes.asset.meta",".meta","144","14/07/2026 19:55:41"
"Assets\Scenes\Tracks\Fish Hooks Track 1.unity",".unity","3718767","14/07/2026 19:55:52"
"Assets\Scenes\Tracks\Fish Hooks Track 1.unity.meta",".meta","139","14/07/2026 19:55:52"
"Assets\Scenes\Tracks\Fish Hooks Track 2.unity",".unity","5101589","14/07/2026 19:55:52"
"Assets\Scenes\Tracks\Fish Hooks Track 2.unity.meta",".meta","139","14/07/2026 19:55:52"
"Assets\Scenes\Tracks\Fish Hooks Track 3.unity",".unity","4009940","14/07/2026 19:55:52"
"Assets\Scenes\Tracks\Fish Hooks Track 3.unity.meta",".meta","139","14/07/2026 19:55:52"
"Assets\Scenes\Tracks\Kick Butt Track 1.unity",".unity","2617378","14/07/2026 19:55:52"
"Assets\Scenes\Tracks\Kick Butt Track 1.unity.meta",".meta","139","14/07/2026 19:55:52"
"Assets\Scenes\Tracks\Kick Butt Track 2.unity",".unity","3963340","14/07/2026 19:55:52"
"Assets\Scenes\Tracks\Kick Butt Track 2.unity.meta",".meta","139","14/07/2026 19:55:52"
"Assets\Scenes\Tracks\Kick Butt Track 3.unity",".unity","3760622","14/07/2026 19:55:53"
"Assets\Scenes\Tracks\Kick Butt Track 3.unity.meta",".meta","139","14/07/2026 19:55:53"
"Assets\Scenes\Tracks\Phineas Track 1.unity",".unity","4631000","14/07/2026 19:55:53"
"Assets\Scenes\Tracks\Phineas Track 1.unity.meta",".meta","139","14/07/2026 19:55:53"
"Assets\Scenes\Tracks\Phineas Track 2.unity",".unity","5128932","14/07/2026 19:55:53"
"Assets\Scenes\Tracks\Phineas Track 2.unity.meta",".meta","139","14/07/2026 19:55:53"
"Assets\Scenes\Tracks\Phineas Track 3.unity",".unity","7635146","14/07/2026 19:55:53"
"Assets\Scenes\Tracks\Phineas Track 3.unity.meta",".meta","139","14/07/2026 19:55:53"
"Assets\Scenes\Tracks\Tutorial Track.unity",".unity","2629012","14/07/2026 19:55:53"
"Assets\Scenes\Tracks\Tutorial Track.unity.meta",".meta","139","14/07/2026 19:55:53"
"Assets\Scenes\Tracks\Fish Hooks Track 1\LightmapFar-0.png",".png","851178","14/07/2026 19:55:32"
"Assets\Scenes\Tracks\Fish Hooks Track 1\LightmapFar-0.png.meta",".meta","1347","14/07/2026 19:55:32"
"Assets\Scenes\Tracks\Fish Hooks Track 1\LightmapFar-1.png",".png","1324675","14/07/2026 19:55:32"
"Assets\Scenes\Tracks\Fish Hooks Track 1\LightmapFar-1.png.meta",".meta","1347","14/07/2026 19:55:32"
"Assets\Scenes\Tracks\Fish Hooks Track 1\LightmapFar-2.png",".png","544329","14/07/2026 19:55:32"
"Assets\Scenes\Tracks\Fish Hooks Track 1\LightmapFar-2.png.meta",".meta","1347","14/07/2026 19:55:32"
"Assets\Scenes\Tracks\Fish Hooks Track 1\LightProbes.asset",".asset","2387696","14/07/2026 19:55:32"
"Assets\Scenes\Tracks\Fish Hooks Track 1\LightProbes.asset.meta",".meta","144","14/07/2026 19:55:32"
"Assets\Scenes\Tracks\Fish Hooks Track 2\LightmapFar-0.png",".png","1113548","14/07/2026 19:55:30"
"Assets\Scenes\Tracks\Fish Hooks Track 2\LightmapFar-0.png.meta",".meta","1347","14/07/2026 19:55:30"
"Assets\Scenes\Tracks\Fish Hooks Track 2\LightmapFar-1.png",".png","778564","14/07/2026 19:55:30"
"Assets\Scenes\Tracks\Fish Hooks Track 2\LightmapFar-1.png.meta",".meta","1347","14/07/2026 19:55:30"
"Assets\Scenes\Tracks\Fish Hooks Track 2\LightProbes.asset",".asset","1442491","14/07/2026 19:55:30"
"Assets\Scenes\Tracks\Fish Hooks Track 2\LightProbes.asset.meta",".meta","144","14/07/2026 19:55:30"
"Assets\Scenes\Tracks\Fish Hooks Track 3\LightmapFar-0.png",".png","558916","14/07/2026 19:55:30"
"Assets\Scenes\Tracks\Fish Hooks Track 3\LightmapFar-0.png.meta",".meta","1347","14/07/2026 19:55:30"
"Assets\Scenes\Tracks\Fish Hooks Track 3\LightmapFar-1.png",".png","760396","14/07/2026 19:55:29"
"Assets\Scenes\Tracks\Fish Hooks Track 3\LightmapFar-1.png.meta",".meta","1347","14/07/2026 19:55:29"
"Assets\Scenes\Tracks\Fish Hooks Track 3\LightmapFar-2.png",".png","1190825","14/07/2026 19:55:29"
"Assets\Scenes\Tracks\Fish Hooks Track 3\LightmapFar-2.png.meta",".meta","1347","14/07/2026 19:55:29"
"Assets\Scenes\Tracks\Fish Hooks Track 3\LightmapFar-3.png",".png","997813","14/07/2026 19:55:30"
"Assets\Scenes\Tracks\Fish Hooks Track 3\LightmapFar-3.png.meta",".meta","1347","14/07/2026 19:55:30"
"Assets\Scenes\Tracks\Fish Hooks Track 3\LightmapFar-4.png",".png","788031","14/07/2026 19:55:29"
"Assets\Scenes\Tracks\Fish Hooks Track 3\LightmapFar-4.png.meta",".meta","1347","14/07/2026 19:55:29"
"Assets\Scenes\Tracks\Fish Hooks Track 3\LightProbes.asset",".asset","1008776","14/07/2026 19:55:30"
"Assets\Scenes\Tracks\Fish Hooks Track 3\LightProbes.asset.meta",".meta","144","14/07/2026 19:55:30"
"Assets\Scenes\Tracks\Kick Butt Track 1\LightmapFar-0.png",".png","1091780","14/07/2026 19:55:29"
"Assets\Scenes\Tracks\Kick Butt Track 1\LightmapFar-0.png.meta",".meta","1347","14/07/2026 19:55:29"
"Assets\Scenes\Tracks\Kick Butt Track 1\LightmapFar-1.png",".png","1314130","14/07/2026 19:55:29"
"Assets\Scenes\Tracks\Kick Butt Track 1\LightmapFar-1.png.meta",".meta","1347","14/07/2026 19:55:29"
"Assets\Scenes\Tracks\Kick Butt Track 1\LightmapFar-2.png",".png","1221588","14/07/2026 19:55:28"
"Assets\Scenes\Tracks\Kick Butt Track 1\LightmapFar-2.png.meta",".meta","1347","14/07/2026 19:55:28"
"Assets\Scenes\Tracks\Kick Butt Track 1\LightmapFar-3.png",".png","590531","14/07/2026 19:55:28"
"Assets\Scenes\Tracks\Kick Butt Track 1\LightmapFar-3.png.meta",".meta","1347","14/07/2026 19:55:28"
"Assets\Scenes\Tracks\Kick Butt Track 2\LightmapFar-0.png",".png","1146068","14/07/2026 19:55:46"
"Assets\Scenes\Tracks\Kick Butt Track 2\LightmapFar-0.png.meta",".meta","1347","14/07/2026 19:55:46"
"Assets\Scenes\Tracks\Kick Butt Track 2\LightmapFar-1.png",".png","1598733","14/07/2026 19:55:46"
"Assets\Scenes\Tracks\Kick Butt Track 2\LightmapFar-1.png.meta",".meta","1347","14/07/2026 19:55:46"
"Assets\Scenes\Tracks\Kick Butt Track 2\LightmapFar-2.png",".png","859476","14/07/2026 19:55:46"
"Assets\Scenes\Tracks\Kick Butt Track 2\LightmapFar-2.png.meta",".meta","1347","14/07/2026 19:55:46"
"Assets\Scenes\Tracks\Kick Butt Track 2\LightProbes.asset",".asset","1046793","14/07/2026 19:55:46"
"Assets\Scenes\Tracks\Kick Butt Track 2\LightProbes.asset.meta",".meta","144","14/07/2026 19:55:46"
"Assets\Scenes\Tracks\Kick Butt Track 3\LightmapFar-0.png",".png","993506","14/07/2026 19:55:46"
"Assets\Scenes\Tracks\Kick Butt Track 3\LightmapFar-0.png.meta",".meta","1347","14/07/2026 19:55:46"
"Assets\Scenes\Tracks\Kick Butt Track 3\LightmapFar-1.png",".png","1253823","14/07/2026 19:55:45"
"Assets\Scenes\Tracks\Kick Butt Track 3\LightmapFar-1.png.meta",".meta","1347","14/07/2026 19:55:45"
"Assets\Scenes\Tracks\Kick Butt Track 3\LightmapFar-2.png",".png","732791","14/07/2026 19:55:45"
"Assets\Scenes\Tracks\Kick Butt Track 3\LightmapFar-2.png.meta",".meta","1347","14/07/2026 19:55:45"
"Assets\Scenes\Tracks\Kick Butt Track 3\LightProbes.asset",".asset","1286910","14/07/2026 19:55:46"
"Assets\Scenes\Tracks\Kick Butt Track 3\LightProbes.asset.meta",".meta","144","14/07/2026 19:55:46"
"Assets\Scenes\Tracks\Phineas Track 1\LightmapFar-0.png",".png","831015","14/07/2026 19:55:44"
"Assets\Scenes\Tracks\Phineas Track 1\LightmapFar-0.png.meta",".meta","1347","14/07/2026 19:55:44"
"Assets\Scenes\Tracks\Phineas Track 1\LightmapFar-1.png",".png","852781","14/07/2026 19:55:45"
"Assets\Scenes\Tracks\Phineas Track 1\LightmapFar-1.png.meta",".meta","1347","14/07/2026 19:55:45"
"Assets\Scenes\Tracks\Phineas Track 1\LightmapFar-2.png",".png","920204","14/07/2026 19:55:44"
"Assets\Scenes\Tracks\Phineas Track 1\LightmapFar-2.png.meta",".meta","1347","14/07/2026 19:55:44"
"Assets\Scenes\Tracks\Phineas Track 1\LightmapFar-3.png",".png","759617","14/07/2026 19:55:45"
"Assets\Scenes\Tracks\Phineas Track 1\LightmapFar-3.png.meta",".meta","1347","14/07/2026 19:55:45"
"Assets\Scenes\Tracks\Phineas Track 1\LightProbes.asset",".asset","1684808","14/07/2026 19:55:45"
"Assets\Scenes\Tracks\Phineas Track 1\LightProbes.asset.meta",".meta","144","14/07/2026 19:55:45"
"Assets\Scenes\Tracks\Phineas Track 2\LightmapFar-0.png",".png","732648","14/07/2026 19:55:44"
"Assets\Scenes\Tracks\Phineas Track 2\LightmapFar-0.png.meta",".meta","1347","14/07/2026 19:55:44"
"Assets\Scenes\Tracks\Phineas Track 2\LightmapFar-1.png",".png","474595","14/07/2026 19:55:43"
"Assets\Scenes\Tracks\Phineas Track 2\LightmapFar-1.png.meta",".meta","1347","14/07/2026 19:55:43"
"Assets\Scenes\Tracks\Phineas Track 2\LightmapFar-2.png",".png","849491","14/07/2026 19:55:43"
"Assets\Scenes\Tracks\Phineas Track 2\LightmapFar-2.png.meta",".meta","1347","14/07/2026 19:55:43"
"Assets\Scenes\Tracks\Phineas Track 2\LightmapFar-3.png",".png","844993","14/07/2026 19:55:43"
"Assets\Scenes\Tracks\Phineas Track 2\LightmapFar-3.png.meta",".meta","1347","14/07/2026 19:55:43"
"Assets\Scenes\Tracks\Phineas Track 2\LightmapFar-4.png",".png","840343","14/07/2026 19:55:43"
"Assets\Scenes\Tracks\Phineas Track 2\LightmapFar-4.png.meta",".meta","1347","14/07/2026 19:55:43"
"Assets\Scenes\Tracks\Phineas Track 2\LightProbes.asset",".asset","1729152","14/07/2026 19:55:44"
"Assets\Scenes\Tracks\Phineas Track 2\LightProbes.asset.meta",".meta","144","14/07/2026 19:55:44"
"Assets\Scenes\Tracks\Phineas Track 3\LightmapFar-0.png",".png","770853","14/07/2026 19:55:41"
"Assets\Scenes\Tracks\Phineas Track 3\LightmapFar-0.png.meta",".meta","1347","14/07/2026 19:55:41"
"Assets\Scenes\Tracks\Phineas Track 3\LightmapFar-1.png",".png","1261048","14/07/2026 19:55:42"
"Assets\Scenes\Tracks\Phineas Track 3\LightmapFar-1.png.meta",".meta","1347","14/07/2026 19:55:42"
"Assets\Scenes\Tracks\Phineas Track 3\LightmapFar-2.png",".png","1077859","14/07/2026 19:55:42"
"Assets\Scenes\Tracks\Phineas Track 3\LightmapFar-2.png.meta",".meta","1347","14/07/2026 19:55:42"
"Assets\Scenes\Tracks\Phineas Track 3\LightmapFar-3.png",".png","991284","14/07/2026 19:55:42"
"Assets\Scenes\Tracks\Phineas Track 3\LightmapFar-3.png.meta",".meta","1347","14/07/2026 19:55:42"
"Assets\Scenes\Tracks\Phineas Track 3\LightmapFar-4.png",".png","1039140","14/07/2026 19:55:43"
"Assets\Scenes\Tracks\Phineas Track 3\LightmapFar-4.png.meta",".meta","1347","14/07/2026 19:55:43"
"Assets\Scenes\Tracks\Phineas Track 3\LightmapFar-5.png",".png","1014198","14/07/2026 19:55:43"
"Assets\Scenes\Tracks\Phineas Track 3\LightmapFar-5.png.meta",".meta","1347","14/07/2026 19:55:43"
"Assets\Scenes\Tracks\Phineas Track 3\LightmapFar-6.png",".png","1055501","14/07/2026 19:55:42"
"Assets\Scenes\Tracks\Phineas Track 3\LightmapFar-6.png.meta",".meta","1347","14/07/2026 19:55:42"
"Assets\Scenes\Tracks\Phineas Track 3\LightmapFar-7.png",".png","1109650","14/07/2026 19:55:42"
"Assets\Scenes\Tracks\Phineas Track 3\LightmapFar-7.png.meta",".meta","1347","14/07/2026 19:55:42"
"Assets\Scenes\Tracks\Phineas Track 3\LightmapFar-8.png",".png","1000960","14/07/2026 19:55:42"
"Assets\Scenes\Tracks\Phineas Track 3\LightmapFar-8.png.meta",".meta","1347","14/07/2026 19:55:42"
"Assets\Scenes\Tracks\Phineas Track 3\LightmapFar-9.png",".png","572440","14/07/2026 19:55:42"
"Assets\Scenes\Tracks\Phineas Track 3\LightmapFar-9.png.meta",".meta","1347","14/07/2026 19:55:42"
"Assets\Scenes\Tracks\Phineas Track 3\LightProbes.asset",".asset","1386548","14/07/2026 19:55:43"
"Assets\Scenes\Tracks\Phineas Track 3\LightProbes.asset.meta",".meta","144","14/07/2026 19:55:43"
"Assets\Scripts\Assembly-CSharp\AchievementCategoryPublisher.cs",".cs","268","14/07/2026 19:55:47"
"Assets\Scripts\Assembly-CSharp\AchievementCategoryPublisher.cs.meta",".meta","223","14/07/2026 19:55:47"
"Assets\Scripts\Assembly-CSharp\AchievementListener.cs",".cs","1752","14/07/2026 19:55:47"
"Assets\Scripts\Assembly-CSharp\AchievementListener.cs.meta",".meta","223","14/07/2026 19:55:47"
"Assets\Scripts\Assembly-CSharp\AchievementManager.cs",".cs","1653","14/07/2026 19:55:47"
"Assets\Scripts\Assembly-CSharp\AchievementManager.cs.meta",".meta","223","14/07/2026 19:55:47"
"Assets\Scripts\Assembly-CSharp\AchievementPanelPublisher.cs",".cs","424","14/07/2026 19:55:47"
"Assets\Scripts\Assembly-CSharp\AchievementPanelPublisher.cs.meta",".meta","223","14/07/2026 19:55:47"
"Assets\Scripts\Assembly-CSharp\AchievementUI.cs",".cs","1589","14/07/2026 19:55:47"
"Assets\Scripts\Assembly-CSharp\AchievementUI.cs.meta",".meta","223","14/07/2026 19:55:47"
"Assets\Scripts\Assembly-CSharp\AchievementWindowPublisher.cs",".cs","847","14/07/2026 19:55:47"
"Assets\Scripts\Assembly-CSharp\AchievementWindowPublisher.cs.meta",".meta","223","14/07/2026 19:55:47"
"Assets\Scripts\Assembly-CSharp\ActiveObjectListSwtich.cs",".cs","314","14/07/2026 19:55:47"
"Assets\Scripts\Assembly-CSharp\ActiveObjectListSwtich.cs.meta",".meta","223","14/07/2026 19:55:47"
"Assets\Scripts\Assembly-CSharp\AgeGatePopup.cs",".cs","1083","14/07/2026 19:55:47"
"Assets\Scripts\Assembly-CSharp\AgeGatePopup.cs.meta",".meta","223","14/07/2026 19:55:47"
"Assets\Scripts\Assembly-CSharp\AlternateForm.cs",".cs","859","14/07/2026 19:55:47"
"Assets\Scripts\Assembly-CSharp\AlternateForm.cs.meta",".meta","223","14/07/2026 19:55:47"
"Assets\Scripts\Assembly-CSharp\AnimatedTexture.cs",".cs","519","14/07/2026 19:55:47"
"Assets\Scripts\Assembly-CSharp\AnimatedTexture.cs.meta",".meta","223","14/07/2026 19:55:47"
"Assets\Scripts\Assembly-CSharp\AnimationDriver.cs",".cs","1076","14/07/2026 19:55:47"
"Assets\Scripts\Assembly-CSharp\AnimationDriver.cs.meta",".meta","223","14/07/2026 19:55:47"
"Assets\Scripts\Assembly-CSharp\AnimationTire.cs",".cs","259","14/07/2026 19:55:47"
"Assets\Scripts\Assembly-CSharp\AnimationTire.cs.meta",".meta","223","14/07/2026 19:55:47"
"Assets\Scripts\Assembly-CSharp\ApplyEffectDebugUtility.cs",".cs","264","14/07/2026 19:55:47"
"Assets\Scripts\Assembly-CSharp\ApplyEffectDebugUtility.cs.meta",".meta","223","14/07/2026 19:55:47"
"Assets\Scripts\Assembly-CSharp\AutoDestructParticleSystem.cs",".cs","188","14/07/2026 19:55:47"
"Assets\Scripts\Assembly-CSharp\AutoDestructParticleSystem.cs.meta",".meta","223","14/07/2026 19:55:47"
"Assets\Scripts\Assembly-CSharp\BarrelLauncher.cs",".cs","520","14/07/2026 19:55:47"
"Assets\Scripts\Assembly-CSharp\BarrelLauncher.cs.meta",".meta","223","14/07/2026 19:55:47"
"Assets\Scripts\Assembly-CSharp\BarrelSpawner.cs",".cs","639","14/07/2026 19:55:47"
"Assets\Scripts\Assembly-CSharp\BarrelSpawner.cs.meta",".meta","223","14/07/2026 19:55:47"
"Assets\Scripts\Assembly-CSharp\BaseCarAIState.cs",".cs","267","14/07/2026 19:55:47"
"Assets\Scripts\Assembly-CSharp\BaseCarAIState.cs.meta",".meta","223","14/07/2026 19:55:47"
"Assets\Scripts\Assembly-CSharp\BaseEffect.cs",".cs","3014","14/07/2026 19:55:47"
"Assets\Scripts\Assembly-CSharp\BaseEffect.cs.meta",".meta","223","14/07/2026 19:55:47"
"Assets\Scripts\Assembly-CSharp\BaseMission.cs",".cs","1359","14/07/2026 19:55:47"
"Assets\Scripts\Assembly-CSharp\BaseMission.cs.meta",".meta","223","14/07/2026 19:55:47"
"Assets\Scripts\Assembly-CSharp\BasePickup.cs",".cs","419","14/07/2026 19:55:47"
"Assets\Scripts\Assembly-CSharp\BasePickup.cs.meta",".meta","223","14/07/2026 19:55:47"
"Assets\Scripts\Assembly-CSharp\BasketBall.cs",".cs","292","14/07/2026 19:55:47"
"Assets\Scripts\Assembly-CSharp\BasketBall.cs.meta",".meta","223","14/07/2026 19:55:47"
"Assets\Scripts\Assembly-CSharp\BillboardRemover.cs",".cs","430","14/07/2026 19:55:47"
"Assets\Scripts\Assembly-CSharp\BillboardRemover.cs.meta",".meta","223","14/07/2026 19:55:47"
"Assets\Scripts\Assembly-CSharp\BlipTrackPublisher.cs",".cs","456","14/07/2026 19:55:47"
"Assets\Scripts\Assembly-CSharp\BlipTrackPublisher.cs.meta",".meta","223","14/07/2026 19:55:47"
"Assets\Scripts\Assembly-CSharp\BoatAnchorEffect.cs",".cs","811","14/07/2026 19:55:47"
"Assets\Scripts\Assembly-CSharp\BoatAnchorEffect.cs.meta",".meta","223","14/07/2026 19:55:47"
"Assets\Scripts\Assembly-CSharp\BoosterEffect.cs",".cs","665","14/07/2026 19:55:47"
"Assets\Scripts\Assembly-CSharp\BoosterEffect.cs.meta",".meta","223","14/07/2026 19:55:47"
"Assets\Scripts\Assembly-CSharp\BoosterPickup.cs",".cs","361","14/07/2026 19:55:47"
"Assets\Scripts\Assembly-CSharp\BoosterPickup.cs.meta",".meta","223","14/07/2026 19:55:47"
"Assets\Scripts\Assembly-CSharp\BrakeMission.cs",".cs","331","14/07/2026 19:55:47"
"Assets\Scripts\Assembly-CSharp\BrakeMission.cs.meta",".meta","223","14/07/2026 19:55:47"
"Assets\Scripts\Assembly-CSharp\BreakableObject.cs",".cs","219","14/07/2026 19:55:47"
"Assets\Scripts\Assembly-CSharp\BreakableObject.cs.meta",".meta","223","14/07/2026 19:55:47"
"Assets\Scripts\Assembly-CSharp\BubbleJet.cs",".cs","259","14/07/2026 19:55:47"
"Assets\Scripts\Assembly-CSharp\BubbleJet.cs.meta",".meta","223","14/07/2026 19:55:47"
"Assets\Scripts\Assembly-CSharp\BuyPowerupMission.cs",".cs","333","14/07/2026 19:55:47"
"Assets\Scripts\Assembly-CSharp\BuyPowerupMission.cs.meta",".meta","223","14/07/2026 19:55:47"
"Assets\Scripts\Assembly-CSharp\CameraShake.cs",".cs","930","14/07/2026 19:55:47"
"Assets\Scripts\Assembly-CSharp\CameraShake.cs.meta",".meta","223","14/07/2026 19:55:47"
"Assets\Scripts\Assembly-CSharp\CameraWobble.cs",".cs","103","14/07/2026 19:55:47"
"Assets\Scripts\Assembly-CSharp\CameraWobble.cs.meta",".meta","223","14/07/2026 19:55:47"
"Assets\Scripts\Assembly-CSharp\CarAI.cs",".cs","2548","14/07/2026 19:55:47"
"Assets\Scripts\Assembly-CSharp\CarAI.cs.meta",".meta","223","14/07/2026 19:55:47"
"Assets\Scripts\Assembly-CSharp\CarAIPath.cs",".cs","424","14/07/2026 19:55:47"
"Assets\Scripts\Assembly-CSharp\CarAIPath.cs.meta",".meta","223","14/07/2026 19:55:47"
"Assets\Scripts\Assembly-CSharp\CarAIPathManager.cs",".cs","1141","14/07/2026 19:55:47"
"Assets\Scripts\Assembly-CSharp\CarAIPathManager.cs.meta",".meta","223","14/07/2026 19:55:47"
"Assets\Scripts\Assembly-CSharp\CarAIPathRecorder.cs",".cs","579","14/07/2026 19:55:47"
"Assets\Scripts\Assembly-CSharp\CarAIPathRecorder.cs.meta",".meta","223","14/07/2026 19:55:47"
"Assets\Scripts\Assembly-CSharp\CarAIPersonality.cs",".cs","583","14/07/2026 19:55:47"
"Assets\Scripts\Assembly-CSharp\CarAIPersonality.cs.meta",".meta","223","14/07/2026 19:55:47"
"Assets\Scripts\Assembly-CSharp\CarCollider.cs",".cs","6051","14/07/2026 19:55:47"
"Assets\Scripts\Assembly-CSharp\CarCollider.cs.meta",".meta","223","14/07/2026 19:55:47"
"Assets\Scripts\Assembly-CSharp\CarMetrics.cs",".cs","1044","14/07/2026 19:55:47"
"Assets\Scripts\Assembly-CSharp\CarMetrics.cs.meta",".meta","223","14/07/2026 19:55:47"
"Assets\Scripts\Assembly-CSharp\CarProgress.cs",".cs","472","14/07/2026 19:55:47"
"Assets\Scripts\Assembly-CSharp\CarProgress.cs.meta",".meta","223","14/07/2026 19:55:47"
"Assets\Scripts\Assembly-CSharp\CarSnapShot.cs",".cs","529","14/07/2026 19:55:47"
"Assets\Scripts\Assembly-CSharp\CartAttributes.cs",".cs","2901","14/07/2026 19:55:47"
"Assets\Scripts\Assembly-CSharp\CartAttributes.cs.meta",".meta","223","14/07/2026 19:55:47"
"Assets\Scripts\Assembly-CSharp\CartCustomizerPublisher.cs",".cs","5122","14/07/2026 19:55:47"
"Assets\Scripts\Assembly-CSharp\CartCustomizerPublisher.cs.meta",".meta","223","14/07/2026 19:55:47"
"Assets\Scripts\Assembly-CSharp\CartPart.cs",".cs","1170","14/07/2026 19:55:47"
"Assets\Scripts\Assembly-CSharp\CartPart.cs.meta",".meta","223","14/07/2026 19:55:47"
"Assets\Scripts\Assembly-CSharp\CartPartList.cs",".cs","3243","14/07/2026 19:55:47"
"Assets\Scripts\Assembly-CSharp\CartPartList.cs.meta",".meta","223","14/07/2026 19:55:47"
"Assets\Scripts\Assembly-CSharp\CartPrimaryTextureProfile.cs",".cs","421","14/07/2026 19:55:47"
"Assets\Scripts\Assembly-CSharp\CartPrimaryTextureProfile.cs.meta",".meta","223","14/07/2026 19:55:47"
"Assets\Scripts\Assembly-CSharp\CartSlot.cs",".cs","2128","14/07/2026 19:55:47"
"Assets\Scripts\Assembly-CSharp\CartSlot.cs.meta",".meta","223","14/07/2026 19:55:47"
"Assets\Scripts\Assembly-CSharp\CatchupNotify.cs",".cs","354","14/07/2026 19:55:47"
"Assets\Scripts\Assembly-CSharp\CatchupNotify.cs.meta",".meta","223","14/07/2026 19:55:47"
"Assets\Scripts\Assembly-CSharp\CausticsManager.cs",".cs","425","14/07/2026 19:55:47"
"Assets\Scripts\Assembly-CSharp\CausticsManager.cs.meta",".meta","223","14/07/2026 19:55:47"
"Assets\Scripts\Assembly-CSharp\CharacterButtonPublisher.cs",".cs","131","14/07/2026 19:55:47"
"Assets\Scripts\Assembly-CSharp\CharacterButtonPublisher.cs.meta",".meta","223","14/07/2026 19:55:47"
"Assets\Scripts\Assembly-CSharp\CharacterConfigData.cs",".cs","1960","14/07/2026 19:55:47"
"Assets\Scripts\Assembly-CSharp\CharacterConfigData.cs.meta",".meta","223","14/07/2026 19:55:47"
"Assets\Scripts\Assembly-CSharp\CharacterPreview.cs",".cs","853","14/07/2026 19:55:47"
"Assets\Scripts\Assembly-CSharp\CharacterPreview.cs.meta",".meta","223","14/07/2026 19:55:47"
"Assets\Scripts\Assembly-CSharp\CharacterSelectPublisher.cs",".cs","1751","14/07/2026 19:55:47"
"Assets\Scripts\Assembly-CSharp\CharacterSelectPublisher.cs.meta",".meta","223","14/07/2026 19:55:47"
"Assets\Scripts\Assembly-CSharp\CharacterVOController.cs",".cs","795","14/07/2026 19:55:47"
"Assets\Scripts\Assembly-CSharp\CharacterVOController.cs.meta",".meta","223","14/07/2026 19:55:47"
"Assets\Scripts\Assembly-CSharp\CharacterVOControllerGameObjectExtender.cs",".cs","304","14/07/2026 19:55:47"
"Assets\Scripts\Assembly-CSharp\CheckPowerupUseAchievementListener.cs",".cs","965","14/07/2026 19:55:47"
"Assets\Scripts\Assembly-CSharp\CheckPowerupUseAchievementListener.cs.meta",".meta","223","14/07/2026 19:55:47"
"Assets\Scripts\Assembly-CSharp\ClipReference.cs",".cs","136","14/07/2026 19:55:47"
"Assets\Scripts\Assembly-CSharp\CloudSaveData.cs",".cs","591","14/07/2026 19:55:47"
"Assets\Scripts\Assembly-CSharp\CloudStrap.cs",".cs","146","14/07/2026 19:55:47"
"Assets\Scripts\Assembly-CSharp\CloudStrap.cs.meta",".meta","223","14/07/2026 19:55:47"
"Assets\Scripts\Assembly-CSharp\Coin.cs",".cs","274","14/07/2026 19:55:47"
"Assets\Scripts\Assembly-CSharp\Coin.cs.meta",".meta","223","14/07/2026 19:55:47"
"Assets\Scripts\Assembly-CSharp\CoinBalanceAchievementListener.cs",".cs","705","14/07/2026 19:55:47"
"Assets\Scripts\Assembly-CSharp\CoinBalanceAchievementListener.cs.meta",".meta","223","14/07/2026 19:55:47"
"Assets\Scripts\Assembly-CSharp\CoinPoint.cs",".cs","1035","14/07/2026 19:55:47"
"Assets\Scripts\Assembly-CSharp\CoinPoint.cs.meta",".meta","223","14/07/2026 19:55:47"
"Assets\Scripts\Assembly-CSharp\CollectPowerupMission.cs",".cs","340","14/07/2026 19:55:47"
"Assets\Scripts\Assembly-CSharp\CollectPowerupMission.cs.meta",".meta","223","14/07/2026 19:55:47"
"Assets\Scripts\Assembly-CSharp\CombinePowerupMission.cs",".cs","337","14/07/2026 19:55:47"
"Assets\Scripts\Assembly-CSharp\CombinePowerupMission.cs.meta",".meta","223","14/07/2026 19:55:47"
"Assets\Scripts\Assembly-CSharp\CompleteAllMissionsAchievementListener.cs",".cs","689","14/07/2026 19:55:47"
"Assets\Scripts\Assembly-CSharp\CompleteAllMissionsAchievementListener.cs.meta",".meta","223","14/07/2026 19:55:47"
"Assets\Scripts\Assembly-CSharp\CompositeProfile.cs",".cs","740","14/07/2026 19:55:47"
"Assets\Scripts\Assembly-CSharp\CompositeProfile.cs.meta",".meta","223","14/07/2026 19:55:47"
"Assets\Scripts\Assembly-CSharp\CompositeTextureUtil.cs",".cs","1844","14/07/2026 19:55:47"
"Assets\Scripts\Assembly-CSharp\CompositeTextureUtil.cs.meta",".meta","223","14/07/2026 19:55:47"
"Assets\Scripts\Assembly-CSharp\ConfirmationPublisher.cs",".cs","706","14/07/2026 19:55:47"
"Assets\Scripts\Assembly-CSharp\ConfirmationPublisher.cs.meta",".meta","223","14/07/2026 19:55:47"
"Assets\Scripts\Assembly-CSharp\Crab.cs",".cs","816","14/07/2026 19:55:47"
"Assets\Scripts\Assembly-CSharp\Crab.cs.meta",".meta","223","14/07/2026 19:55:47"
"Assets\Scripts\Assembly-CSharp\CreditsPublisher.cs",".cs","355","14/07/2026 19:55:47"
"Assets\Scripts\Assembly-CSharp\CreditsPublisher.cs.meta",".meta","223","14/07/2026 19:55:47"
"Assets\Scripts\Assembly-CSharp\CrossFinishLineBackwardsAchievementListener.cs",".cs","426","14/07/2026 19:55:47"
"Assets\Scripts\Assembly-CSharp\CrossFinishLineBackwardsAchievementListener.cs.meta",".meta","223","14/07/2026 19:55:47"
"Assets\Scripts\Assembly-CSharp\DailyBonusPublisher.cs",".cs","411","14/07/2026 19:55:47"
"Assets\Scripts\Assembly-CSharp\DailyBonusPublisher.cs.meta",".meta","223","14/07/2026 19:55:47"
"Assets\Scripts\Assembly-CSharp\DataUtility.cs",".cs","4971","14/07/2026 19:55:47"
"Assets\Scripts\Assembly-CSharp\DataUtility.cs.meta",".meta","223","14/07/2026 19:55:47"
"Assets\Scripts\Assembly-CSharp\DebugLapButtonPublisher.cs",".cs","167","14/07/2026 19:55:47"
"Assets\Scripts\Assembly-CSharp\DebugLapButtonPublisher.cs.meta",".meta","223","14/07/2026 19:55:47"
"Assets\Scripts\Assembly-CSharp\DebugMoreCoinsPublisher.cs",".cs","1022","14/07/2026 19:55:47"
"Assets\Scripts\Assembly-CSharp\DebugMoreCoinsPublisher.cs.meta",".meta","223","14/07/2026 19:55:47"
"Assets\Scripts\Assembly-CSharp\DebugRaceResultPublisher.cs",".cs","252","14/07/2026 19:55:47"
"Assets\Scripts\Assembly-CSharp\DebugRaceResultPublisher.cs.meta",".meta","223","14/07/2026 19:55:47"
"Assets\Scripts\Assembly-CSharp\DebugRewindDialogPublisher.cs",".cs","308","14/07/2026 19:55:47"
"Assets\Scripts\Assembly-CSharp\DebugRewindDialogPublisher.cs.meta",".meta","223","14/07/2026 19:55:47"
"Assets\Scripts\Assembly-CSharp\DebugTrackStrapper.cs",".cs","180","14/07/2026 19:55:47"
"Assets\Scripts\Assembly-CSharp\DebugTrackStrapper.cs.meta",".meta","223","14/07/2026 19:55:47"
"Assets\Scripts\Assembly-CSharp\DifficultyMenuPublisher.cs",".cs","777","14/07/2026 19:55:47"
"Assets\Scripts\Assembly-CSharp\DifficultyMenuPublisher.cs.meta",".meta","223","14/07/2026 19:55:47"
"Assets\Scripts\Assembly-CSharp\DriftButton.cs",".cs","236","14/07/2026 19:55:47"
"Assets\Scripts\Assembly-CSharp\DriftButton.cs.meta",".meta","223","14/07/2026 19:55:47"
"Assets\Scripts\Assembly-CSharp\DriftMission.cs",".cs","356","14/07/2026 19:55:47"
"Assets\Scripts\Assembly-CSharp\DriftMission.cs.meta",".meta","223","14/07/2026 19:55:47"
"Assets\Scripts\Assembly-CSharp\DriftScalePublisher.cs",".cs","835","14/07/2026 19:55:47"
"Assets\Scripts\Assembly-CSharp\DriftScalePublisher.cs.meta",".meta","223","14/07/2026 19:55:47"
"Assets\Scripts\Assembly-CSharp\DriveAvoidTerrainAIState.cs",".cs","560","14/07/2026 19:55:47"
"Assets\Scripts\Assembly-CSharp\DriveAvoidTerrainAIState.cs.meta",".meta","223","14/07/2026 19:55:47"
"Assets\Scripts\Assembly-CSharp\DriveHitBeneficialAIState.cs",".cs","555","14/07/2026 19:55:47"
"Assets\Scripts\Assembly-CSharp\DriveHitBeneficialAIState.cs.meta",".meta","223","14/07/2026 19:55:47"
"Assets\Scripts\Assembly-CSharp\DrivePickupAIState.cs",".cs","518","14/07/2026 19:55:47"
"Assets\Scripts\Assembly-CSharp\DrivePickupAIState.cs.meta",".meta","223","14/07/2026 19:55:47"
"Assets\Scripts\Assembly-CSharp\DriveWaypointsCarAIState.cs",".cs","553","14/07/2026 19:55:47"
"Assets\Scripts\Assembly-CSharp\DriveWaypointsCarAIState.cs.meta",".meta","223","14/07/2026 19:55:47"
"Assets\Scripts\Assembly-CSharp\EffectManager.cs",".cs","2138","14/07/2026 19:55:47"
"Assets\Scripts\Assembly-CSharp\EffectManager.cs.meta",".meta","223","14/07/2026 19:55:47"
"Assets\Scripts\Assembly-CSharp\EnsureGlobals.cs",".cs","140","14/07/2026 19:55:47"
"Assets\Scripts\Assembly-CSharp\EnsureGlobals.cs.meta",".meta","223","14/07/2026 19:55:47"
"Assets\Scripts\Assembly-CSharp\EquipPaintJobAchievementListener.cs",".cs","739","14/07/2026 19:55:47"
"Assets\Scripts\Assembly-CSharp\EquipPaintJobAchievementListener.cs.meta",".meta","223","14/07/2026 19:55:47"
"Assets\Scripts\Assembly-CSharp\EquipPartSetAchievementListener.cs",".cs","700","14/07/2026 19:55:47"
"Assets\Scripts\Assembly-CSharp\EquipPartSetAchievementListener.cs.meta",".meta","223","14/07/2026 19:55:47"
"Assets\Scripts\Assembly-CSharp\ExplodingBarrel.cs",".cs","818","14/07/2026 19:55:47"
"Assets\Scripts\Assembly-CSharp\ExplodingBarrel.cs.meta",".meta","223","14/07/2026 19:55:47"
"Assets\Scripts\Assembly-CSharp\Explosion.cs",".cs","388","14/07/2026 19:55:47"
"Assets\Scripts\Assembly-CSharp\Explosion.cs.meta",".meta","223","14/07/2026 19:55:47"
"Assets\Scripts\Assembly-CSharp\FadeHelper.cs",".cs","2027","14/07/2026 19:55:47"
"Assets\Scripts\Assembly-CSharp\FadeHelper.cs.meta",".meta","223","14/07/2026 19:55:47"
"Assets\Scripts\Assembly-CSharp\FinishTheLapMission.cs",".cs","302","14/07/2026 19:55:47"
"Assets\Scripts\Assembly-CSharp\FinishTheLapMission.cs.meta",".meta","223","14/07/2026 19:55:47"
"Assets\Scripts\Assembly-CSharp\FirstPlaceAchievementListener.cs",".cs","492","14/07/2026 19:55:47"
"Assets\Scripts\Assembly-CSharp\FirstPlaceAchievementListener.cs.meta",".meta","223","14/07/2026 19:55:47"
"Assets\Scripts\Assembly-CSharp\FlipEffect.cs",".cs","813","14/07/2026 19:55:47"
"Assets\Scripts\Assembly-CSharp\FlipEffect.cs.meta",".meta","223","14/07/2026 19:55:47"
"Assets\Scripts\Assembly-CSharp\FollowCamera.cs",".cs","844","14/07/2026 19:55:47"
"Assets\Scripts\Assembly-CSharp\FollowCamera.cs.meta",".meta","223","14/07/2026 19:55:47"
"Assets\Scripts\Assembly-CSharp\ForwardForceAI.cs",".cs","222","14/07/2026 19:55:47"
"Assets\Scripts\Assembly-CSharp\ForwardForceAI.cs.meta",".meta","223","14/07/2026 19:55:47"
"Assets\Scripts\Assembly-CSharp\FrontEndCamera.cs",".cs","958","14/07/2026 19:55:47"
"Assets\Scripts\Assembly-CSharp\FrontEndCamera.cs.meta",".meta","223","14/07/2026 19:55:47"
"Assets\Scripts\Assembly-CSharp\FrontEndCameraTarget.cs",".cs","117","14/07/2026 19:55:47"
"Assets\Scripts\Assembly-CSharp\FrontEndCameraTarget.cs.meta",".meta","223","14/07/2026 19:55:47"
"Assets\Scripts\Assembly-CSharp\FrontEndLogic.cs",".cs","2270","14/07/2026 19:55:47"
"Assets\Scripts\Assembly-CSharp\FrontEndLogic.cs.meta",".meta","223","14/07/2026 19:55:47"
"Assets\Scripts\Assembly-CSharp\FrontEndTutorialHandler.cs",".cs","1150","14/07/2026 19:55:47"
"Assets\Scripts\Assembly-CSharp\FrontEndTutorialHandler.cs.meta",".meta","223","14/07/2026 19:55:47"
"Assets\Scripts\Assembly-CSharp\FrontEndTutorialPublisher.cs",".cs","1542","14/07/2026 19:55:47"
"Assets\Scripts\Assembly-CSharp\FrontEndTutorialPublisher.cs.meta",".meta","223","14/07/2026 19:55:47"
"Assets\Scripts\Assembly-CSharp\GDMOManager.cs",".cs","571","14/07/2026 19:55:47"
"Assets\Scripts\Assembly-CSharp\GDMOManager.cs.meta",".meta","223","14/07/2026 19:55:47"
"Assets\Scripts\Assembly-CSharp\GenericPopupPublisher.cs",".cs","463","14/07/2026 19:55:47"
"Assets\Scripts\Assembly-CSharp\GenericPopupPublisher.cs.meta",".meta","223","14/07/2026 19:55:47"
"Assets\Scripts\Assembly-CSharp\GetHitByTrackHazardAchievementListener.cs",".cs","993","14/07/2026 19:55:47"
"Assets\Scripts\Assembly-CSharp\GetHitByTrackHazardAchievementListener.cs.meta",".meta","223","14/07/2026 19:55:47"
"Assets\Scripts\Assembly-CSharp\GimpedCarAI.cs",".cs","2552","14/07/2026 19:55:47"
"Assets\Scripts\Assembly-CSharp\GimpedCarAI.cs.meta",".meta","223","14/07/2026 19:55:47"
"Assets\Scripts\Assembly-CSharp\GuidedJumpEffect.cs",".cs","968","14/07/2026 19:55:47"
"Assets\Scripts\Assembly-CSharp\GuidedJumpEffect.cs.meta",".meta","223","14/07/2026 19:55:47"
"Assets\Scripts\Assembly-CSharp\GuidedJumpTrigger.cs",".cs","241","14/07/2026 19:55:47"
"Assets\Scripts\Assembly-CSharp\GuidedJumpTrigger.cs.meta",".meta","223","14/07/2026 19:55:47"
"Assets\Scripts\Assembly-CSharp\HitMaxSpeedAchievementListener.cs",".cs","708","14/07/2026 19:55:47"
"Assets\Scripts\Assembly-CSharp\HitMaxSpeedAchievementListener.cs.meta",".meta","223","14/07/2026 19:55:47"
"Assets\Scripts\Assembly-CSharp\HUDLogic.cs",".cs","5556","14/07/2026 19:55:47"
"Assets\Scripts\Assembly-CSharp\HUDLogic.cs.meta",".meta","223","14/07/2026 19:55:47"
"Assets\Scripts\Assembly-CSharp\InputBlocker.cs",".cs","549","14/07/2026 19:55:47"
"Assets\Scripts\Assembly-CSharp\InputBlocker.cs.meta",".meta","223","14/07/2026 19:55:47"
"Assets\Scripts\Assembly-CSharp\InRaceAquirePickupListener.cs",".cs","972","14/07/2026 19:55:47"
"Assets\Scripts\Assembly-CSharp\InRaceAquirePickupListener.cs.meta",".meta","223","14/07/2026 19:55:47"
"Assets\Scripts\Assembly-CSharp\LaserLogic.cs",".cs","414","14/07/2026 19:55:47"
"Assets\Scripts\Assembly-CSharp\LaserLogic.cs.meta",".meta","223","14/07/2026 19:55:47"
"Assets\Scripts\Assembly-CSharp\LastPlaceAchievementListener.cs",".cs","485","14/07/2026 19:55:47"
"Assets\Scripts\Assembly-CSharp\LastPlaceAchievementListener.cs.meta",".meta","223","14/07/2026 19:55:47"
"Assets\Scripts\Assembly-CSharp\LifetimeInAirAchievementListener.cs",".cs","715","14/07/2026 19:55:47"
"Assets\Scripts\Assembly-CSharp\LifetimeInAirAchievementListener.cs.meta",".meta","223","14/07/2026 19:55:47"
"Assets\Scripts\Assembly-CSharp\LifetimeMetrics.cs",".cs","792","14/07/2026 19:55:47"
"Assets\Scripts\Assembly-CSharp\LifetimeMetrics.cs.meta",".meta","223","14/07/2026 19:55:47"
"Assets\Scripts\Assembly-CSharp\LifetimeOpponentHitsAchievementListener.cs",".cs","953","14/07/2026 19:55:47"
"Assets\Scripts\Assembly-CSharp\LifetimeOpponentHitsAchievementListener.cs.meta",".meta","223","14/07/2026 19:55:47"
"Assets\Scripts\Assembly-CSharp\LifetimePowerupCollectionAchievementListener.cs",".cs","945","14/07/2026 19:55:47"
"Assets\Scripts\Assembly-CSharp\LifetimePowerupCollectionAchievementListener.cs.meta",".meta","223","14/07/2026 19:55:47"
"Assets\Scripts\Assembly-CSharp\LiftControlAI.cs",".cs","340","14/07/2026 19:55:47"
"Assets\Scripts\Assembly-CSharp\LiftControlAI.cs.meta",".meta","223","14/07/2026 19:55:47"
"Assets\Scripts\Assembly-CSharp\LoadingPublisher.cs",".cs","1655","14/07/2026 19:55:47"
"Assets\Scripts\Assembly-CSharp\LoadingPublisher.cs.meta",".meta","223","14/07/2026 19:55:47"
"Assets\Scripts\Assembly-CSharp\LoadSpin.cs",".cs","612","14/07/2026 19:55:47"
"Assets\Scripts\Assembly-CSharp\LoadSpin.cs.meta",".meta","223","14/07/2026 19:55:47"
"Assets\Scripts\Assembly-CSharp\LocalizeCloudStrap.cs",".cs","218","14/07/2026 19:55:47"
"Assets\Scripts\Assembly-CSharp\LocalizeCloudStrap.cs.meta",".meta","223","14/07/2026 19:55:47"
"Assets\Scripts\Assembly-CSharp\LocalizedAssetSwapper.cs",".cs","479","14/07/2026 19:55:47"
"Assets\Scripts\Assembly-CSharp\LocalizedAssetSwapper.cs.meta",".meta","223","14/07/2026 19:55:47"
"Assets\Scripts\Assembly-CSharp\LocalOptionsData.cs",".cs","490","14/07/2026 19:55:47"
"Assets\Scripts\Assembly-CSharp\LowEndInhibitor.cs",".cs","190","14/07/2026 19:55:47"
"Assets\Scripts\Assembly-CSharp\LowEndInhibitor.cs.meta",".meta","223","14/07/2026 19:55:47"
"Assets\Scripts\Assembly-CSharp\MakePlaceAchievementListener.cs",".cs","537","14/07/2026 19:55:47"
"Assets\Scripts\Assembly-CSharp\MakePlaceAchievementListener.cs.meta",".meta","223","14/07/2026 19:55:47"
"Assets\Scripts\Assembly-CSharp\MaxCrashSpeedAchievementListener.cs",".cs","715","14/07/2026 19:55:47"
"Assets\Scripts\Assembly-CSharp\MaxCrashSpeedAchievementListener.cs.meta",".meta","223","14/07/2026 19:55:47"
"Assets\Scripts\Assembly-CSharp\MetaMissionGroupAchievementListener.cs",".cs","742","14/07/2026 19:55:47"
"Assets\Scripts\Assembly-CSharp\MetaMissionGroupAchievementListener.cs.meta",".meta","223","14/07/2026 19:55:47"
"Assets\Scripts\Assembly-CSharp\MineAI.cs",".cs","1025","14/07/2026 19:55:47"
"Assets\Scripts\Assembly-CSharp\MineAI.cs.meta",".meta","223","14/07/2026 19:55:47"
"Assets\Scripts\Assembly-CSharp\MineEffect.cs",".cs","721","14/07/2026 19:55:47"
"Assets\Scripts\Assembly-CSharp\MineEffect.cs.meta",".meta","223","14/07/2026 19:55:47"
"Assets\Scripts\Assembly-CSharp\MineNotifyPublisher.cs",".cs","816","14/07/2026 19:55:47"
"Assets\Scripts\Assembly-CSharp\MineNotifyPublisher.cs.meta",".meta","223","14/07/2026 19:55:47"
"Assets\Scripts\Assembly-CSharp\MinePickup.cs",".cs","314","14/07/2026 19:55:47"
"Assets\Scripts\Assembly-CSharp\MinePickup.cs.meta",".meta","223","14/07/2026 19:55:47"
"Assets\Scripts\Assembly-CSharp\MineSpreaderAI.cs",".cs","524","14/07/2026 19:55:47"
"Assets\Scripts\Assembly-CSharp\MineSpreaderAI.cs.meta",".meta","223","14/07/2026 19:55:47"
"Assets\Scripts\Assembly-CSharp\MissionCollection.cs",".cs","1395","14/07/2026 19:55:47"
"Assets\Scripts\Assembly-CSharp\MissionCollection.cs.meta",".meta","223","14/07/2026 19:55:47"
"Assets\Scripts\Assembly-CSharp\MissionDialogPublisher.cs",".cs","426","14/07/2026 19:55:47"
"Assets\Scripts\Assembly-CSharp\MissionDialogPublisher.cs.meta",".meta","223","14/07/2026 19:55:47"
"Assets\Scripts\Assembly-CSharp\MissionManager.cs",".cs","1686","14/07/2026 19:55:47"
"Assets\Scripts\Assembly-CSharp\MissionManager.cs.meta",".meta","223","14/07/2026 19:55:47"
"Assets\Scripts\Assembly-CSharp\MoreDisneyLogic.cs",".cs","360","14/07/2026 19:55:47"
"Assets\Scripts\Assembly-CSharp\MoreDisneyLogic.cs.meta",".meta","223","14/07/2026 19:55:47"
"Assets\Scripts\Assembly-CSharp\MultilayerTexture.cs",".cs","760","14/07/2026 19:55:47"
"Assets\Scripts\Assembly-CSharp\MultilayerTexture.cs.meta",".meta","223","14/07/2026 19:55:47"
"Assets\Scripts\Assembly-CSharp\MusicPlayer.cs",".cs","1176","14/07/2026 19:55:47"
"Assets\Scripts\Assembly-CSharp\MusicPlayer.cs.meta",".meta","223","14/07/2026 19:55:47"
"Assets\Scripts\Assembly-CSharp\ObjectGroupList.cs",".cs","443","14/07/2026 19:55:47"
"Assets\Scripts\Assembly-CSharp\ObjectGroupList.cs.meta",".meta","223","14/07/2026 19:55:47"
"Assets\Scripts\Assembly-CSharp\ObjectTrackDistanceLogic.cs",".cs","303","14/07/2026 19:55:47"
"Assets\Scripts\Assembly-CSharp\ObjectTrackDistanceLogic.cs.meta",".meta","223","14/07/2026 19:55:47"
"Assets\Scripts\Assembly-CSharp\PaintJob.cs",".cs","378","14/07/2026 19:55:47"
"Assets\Scripts\Assembly-CSharp\PaintJob.cs.meta",".meta","223","14/07/2026 19:55:47"
"Assets\Scripts\Assembly-CSharp\PaintSlotPublisher.cs",".cs","459","14/07/2026 19:55:47"
"Assets\Scripts\Assembly-CSharp\PaintSlotPublisher.cs.meta",".meta","223","14/07/2026 19:55:47"
"Assets\Scripts\Assembly-CSharp\ParticleLibrary.cs",".cs","817","14/07/2026 19:55:47"
"Assets\Scripts\Assembly-CSharp\ParticleLibrary.cs.meta",".meta","223","14/07/2026 19:55:47"
"Assets\Scripts\Assembly-CSharp\ParticleReducer.cs",".cs","326","14/07/2026 19:55:47"
"Assets\Scripts\Assembly-CSharp\ParticleReducer.cs.meta",".meta","223","14/07/2026 19:55:47"
"Assets\Scripts\Assembly-CSharp\ParticleSystemDestroy.cs",".cs","324","14/07/2026 19:55:47"
"Assets\Scripts\Assembly-CSharp\ParticleSystemDestroy.cs.meta",".meta","223","14/07/2026 19:55:47"
"Assets\Scripts\Assembly-CSharp\PathMoverAI.cs",".cs","621","14/07/2026 19:55:47"
"Assets\Scripts\Assembly-CSharp\PathMoverAI.cs.meta",".meta","223","14/07/2026 19:55:47"
"Assets\Scripts\Assembly-CSharp\PauseMission.cs",".cs","295","14/07/2026 19:55:47"
"Assets\Scripts\Assembly-CSharp\PauseMission.cs.meta",".meta","223","14/07/2026 19:55:47"
"Assets\Scripts\Assembly-CSharp\PausePublisher.cs",".cs","301","14/07/2026 19:55:47"
"Assets\Scripts\Assembly-CSharp\PausePublisher.cs.meta",".meta","223","14/07/2026 19:55:47"
"Assets\Scripts\Assembly-CSharp\PickupCoinsPerRaceAchievementListener.cs",".cs","914","14/07/2026 19:55:47"
"Assets\Scripts\Assembly-CSharp\PickupCoinsPerRaceAchievementListener.cs.meta",".meta","223","14/07/2026 19:55:47"
"Assets\Scripts\Assembly-CSharp\PickupSpawner.cs",".cs","681","14/07/2026 19:55:47"
"Assets\Scripts\Assembly-CSharp\PickupSpawner.cs.meta",".meta","223","14/07/2026 19:55:47"
"Assets\Scripts\Assembly-CSharp\PieAttack.cs",".cs","855","14/07/2026 19:55:47"
"Assets\Scripts\Assembly-CSharp\PieAttack.cs.meta",".meta","223","14/07/2026 19:55:47"
"Assets\Scripts\Assembly-CSharp\PieHitEffect.cs",".cs","766","14/07/2026 19:55:47"
"Assets\Scripts\Assembly-CSharp\PieHitEffect.cs.meta",".meta","223","14/07/2026 19:55:47"
"Assets\Scripts\Assembly-CSharp\PieLauncher.cs",".cs","716","14/07/2026 19:55:47"
"Assets\Scripts\Assembly-CSharp\PieLauncher.cs.meta",".meta","223","14/07/2026 19:55:47"
"Assets\Scripts\Assembly-CSharp\PieSplat.cs",".cs","409","14/07/2026 19:55:47"
"Assets\Scripts\Assembly-CSharp\PieSplat.cs.meta",".meta","223","14/07/2026 19:55:47"
"Assets\Scripts\Assembly-CSharp\PlaceWithNoPowerupsAchievementListener.cs",".cs","740","14/07/2026 19:55:47"
"Assets\Scripts\Assembly-CSharp\PlaceWithNoPowerupsAchievementListener.cs.meta",".meta","223","14/07/2026 19:55:47"
"Assets\Scripts\Assembly-CSharp\PlayerAccelControl.cs",".cs","627","14/07/2026 19:55:47"
"Assets\Scripts\Assembly-CSharp\PlayerAccelControl.cs.meta",".meta","223","14/07/2026 19:55:47"
"Assets\Scripts\Assembly-CSharp\PlayerControlLinker.cs",".cs","109","14/07/2026 19:55:47"
"Assets\Scripts\Assembly-CSharp\PlayerControlLinker.cs.meta",".meta","223","14/07/2026 19:55:47"
"Assets\Scripts\Assembly-CSharp\PlayerInstance.cs",".cs","1369","14/07/2026 19:55:47"
"Assets\Scripts\Assembly-CSharp\PlayerInstance.cs.meta",".meta","223","14/07/2026 19:55:47"
"Assets\Scripts\Assembly-CSharp\PlayerKeyboardControl.cs",".cs","1290","14/07/2026 19:55:47"
"Assets\Scripts\Assembly-CSharp\PlayerKeyboardControl.cs.meta",".meta","223","14/07/2026 19:55:47"
"Assets\Scripts\Assembly-CSharp\PlayMenuPublisher.cs",".cs","638","14/07/2026 19:55:47"
"Assets\Scripts\Assembly-CSharp\PlayMenuPublisher.cs.meta",".meta","223","14/07/2026 19:55:47"
"Assets\Scripts\Assembly-CSharp\PlaySummaryPublisher.cs",".cs","901","14/07/2026 19:55:47"
"Assets\Scripts\Assembly-CSharp\PlaySummaryPublisher.cs.meta",".meta","223","14/07/2026 19:55:47"
"Assets\Scripts\Assembly-CSharp\PopoverPublisher.cs",".cs","367","14/07/2026 19:55:47"
"Assets\Scripts\Assembly-CSharp\PopoverPublisher.cs.meta",".meta","223","14/07/2026 19:55:47"
"Assets\Scripts\Assembly-CSharp\PowerSlideBoostAchievementListener.cs",".cs","940","14/07/2026 19:55:47"
"Assets\Scripts\Assembly-CSharp\PowerSlideBoostAchievementListener.cs.meta",".meta","223","14/07/2026 19:55:47"
"Assets\Scripts\Assembly-CSharp\PowerupHitInAirAchievementListener.cs",".cs","908","14/07/2026 19:55:47"
"Assets\Scripts\Assembly-CSharp\PowerupHitInAirAchievementListener.cs.meta",".meta","223","14/07/2026 19:55:47"
"Assets\Scripts\Assembly-CSharp\PowerupHolder.cs",".cs","1634","14/07/2026 19:55:47"
"Assets\Scripts\Assembly-CSharp\PowerupHolder.cs.meta",".meta","223","14/07/2026 19:55:47"
"Assets\Scripts\Assembly-CSharp\PowerupMagnet.cs",".cs","1039","14/07/2026 19:55:47"
"Assets\Scripts\Assembly-CSharp\PowerupMagnet.cs.meta",".meta","223","14/07/2026 19:55:47"
"Assets\Scripts\Assembly-CSharp\PreFrontEndHoop.cs",".cs","318","14/07/2026 19:55:47"
"Assets\Scripts\Assembly-CSharp\PreFrontEndHoop.cs.meta",".meta","223","14/07/2026 19:55:47"
"Assets\Scripts\Assembly-CSharp\PreRaceCamera.cs",".cs","653","14/07/2026 19:55:47"
"Assets\Scripts\Assembly-CSharp\PreRaceCamera.cs.meta",".meta","223","14/07/2026 19:55:47"
"Assets\Scripts\Assembly-CSharp\PreviewCart.cs",".cs","4016","14/07/2026 19:55:47"
"Assets\Scripts\Assembly-CSharp\PreviewCart.cs.meta",".meta","223","14/07/2026 19:55:47"
"Assets\Scripts\Assembly-CSharp\ProgressTriggerLogic.cs",".cs","428","14/07/2026 19:55:47"
"Assets\Scripts\Assembly-CSharp\ProgressTriggerLogic.cs.meta",".meta","223","14/07/2026 19:55:47"
"Assets\Scripts\Assembly-CSharp\PyroTechnics.cs",".cs","226","14/07/2026 19:55:47"
"Assets\Scripts\Assembly-CSharp\PyroTechnics.cs.meta",".meta","223","14/07/2026 19:55:47"
"Assets\Scripts\Assembly-CSharp\QualityControl.cs",".cs","1271","14/07/2026 19:55:47"
"Assets\Scripts\Assembly-CSharp\QualityControl.cs.meta",".meta","223","14/07/2026 19:55:47"
"Assets\Scripts\Assembly-CSharp\RaceManager.cs",".cs","7897","14/07/2026 19:55:47"
"Assets\Scripts\Assembly-CSharp\RaceManager.cs.meta",".meta","223","14/07/2026 19:55:47"
"Assets\Scripts\Assembly-CSharp\RaceResults.cs",".cs","247","14/07/2026 19:55:47"
"Assets\Scripts\Assembly-CSharp\RaceResults.cs.meta",".meta","223","14/07/2026 19:55:47"
"Assets\Scripts\Assembly-CSharp\RaceResultsPublisher.cs",".cs","1831","14/07/2026 19:55:47"
"Assets\Scripts\Assembly-CSharp\RaceResultsPublisher.cs.meta",".meta","223","14/07/2026 19:55:47"
"Assets\Scripts\Assembly-CSharp\RaceSettings.cs",".cs","1989","14/07/2026 19:55:47"
"Assets\Scripts\Assembly-CSharp\RaceSettings.cs.meta",".meta","223","14/07/2026 19:55:47"
"Assets\Scripts\Assembly-CSharp\RandomShotEffect.cs",".cs","815","14/07/2026 19:55:47"
"Assets\Scripts\Assembly-CSharp\RandomShotEffect.cs.meta",".meta","223","14/07/2026 19:55:47"
"Assets\Scripts\Assembly-CSharp\ResetTrigger.cs",".cs","184","14/07/2026 19:55:47"
"Assets\Scripts\Assembly-CSharp\ResetTrigger.cs.meta",".meta","223","14/07/2026 19:55:47"
"Assets\Scripts\Assembly-CSharp\ReverseButton.cs",".cs","240","14/07/2026 19:55:47"
"Assets\Scripts\Assembly-CSharp\ReverseButton.cs.meta",".meta","223","14/07/2026 19:55:47"
"Assets\Scripts\Assembly-CSharp\RewbieShimmer.cs",".cs","413","14/07/2026 19:55:47"
"Assets\Scripts\Assembly-CSharp\RewbieShimmer.cs.meta",".meta","223","14/07/2026 19:55:47"
"Assets\Scripts\Assembly-CSharp\RewindDialogPublisher.cs",".cs","937","14/07/2026 19:55:47"
"Assets\Scripts\Assembly-CSharp\RewindDialogPublisher.cs.meta",".meta","223","14/07/2026 19:55:47"
"Assets\Scripts\Assembly-CSharp\RewindLapSlotPublisher.cs",".cs","120","14/07/2026 19:55:47"
"Assets\Scripts\Assembly-CSharp\RewindLapSlotPublisher.cs.meta",".meta","223","14/07/2026 19:55:47"
"Assets\Scripts\Assembly-CSharp\RocketAI.cs",".cs","1215","14/07/2026 19:55:47"
"Assets\Scripts\Assembly-CSharp\RocketAI.cs.meta",".meta","223","14/07/2026 19:55:47"
"Assets\Scripts\Assembly-CSharp\RocketEffect.cs",".cs","991","14/07/2026 19:55:47"
"Assets\Scripts\Assembly-CSharp\RocketEffect.cs.meta",".meta","223","14/07/2026 19:55:47"
"Assets\Scripts\Assembly-CSharp\RocketPickup.cs",".cs","318","14/07/2026 19:55:47"
"Assets\Scripts\Assembly-CSharp\RocketPickup.cs.meta",".meta","223","14/07/2026 19:55:47"
"Assets\Scripts\Assembly-CSharp\RocketRideEffect.cs",".cs","966","14/07/2026 19:55:47"
"Assets\Scripts\Assembly-CSharp\RocketRideEffect.cs.meta",".meta","223","14/07/2026 19:55:47"
"Assets\Scripts\Assembly-CSharp\RocketRideRemover.cs",".cs","197","14/07/2026 19:55:47"
"Assets\Scripts\Assembly-CSharp\RocketRideRemover.cs.meta",".meta","223","14/07/2026 19:55:47"
"Assets\Scripts\Assembly-CSharp\RotatorAI.cs",".cs","421","14/07/2026 19:55:47"
"Assets\Scripts\Assembly-CSharp\RotatorAI.cs.meta",".meta","223","14/07/2026 19:55:47"
"Assets\Scripts\Assembly-CSharp\RuntimeEditorUtils.cs",".cs","77","14/07/2026 19:55:47"
"Assets\Scripts\Assembly-CSharp\RuntimeEditorUtils.cs.meta",".meta","223","14/07/2026 19:55:47"
"Assets\Scripts\Assembly-CSharp\ScreenFader.cs",".cs","1304","14/07/2026 19:55:47"
"Assets\Scripts\Assembly-CSharp\ScreenFader.cs.meta",".meta","223","14/07/2026 19:55:47"
"Assets\Scripts\Assembly-CSharp\ScreenTimeoutController.cs",".cs","293","14/07/2026 19:55:47"
"Assets\Scripts\Assembly-CSharp\ScreenTimeoutController.cs.meta",".meta","223","14/07/2026 19:55:47"
"Assets\Scripts\Assembly-CSharp\SelectCircuitPublisher.cs",".cs","2101","14/07/2026 19:55:47"
"Assets\Scripts\Assembly-CSharp\SelectCircuitPublisher.cs.meta",".meta","223","14/07/2026 19:55:47"
"Assets\Scripts\Assembly-CSharp\SettingsMenuPublisher.cs",".cs","1022","14/07/2026 19:55:47"
"Assets\Scripts\Assembly-CSharp\SettingsMenuPublisher.cs.meta",".meta","223","14/07/2026 19:55:47"
"Assets\Scripts\Assembly-CSharp\ShadowBlob.cs",".cs","592","14/07/2026 19:55:47"
"Assets\Scripts\Assembly-CSharp\ShadowBlob.cs.meta",".meta","223","14/07/2026 19:55:47"
"Assets\Scripts\Assembly-CSharp\ShieldEffect.cs",".cs","914","14/07/2026 19:55:47"
"Assets\Scripts\Assembly-CSharp\ShieldEffect.cs.meta",".meta","223","14/07/2026 19:55:47"
"Assets\Scripts\Assembly-CSharp\ShieldPickup.cs",".cs","318","14/07/2026 19:55:47"
"Assets\Scripts\Assembly-CSharp\ShieldPickup.cs.meta",".meta","223","14/07/2026 19:55:47"
"Assets\Scripts\Assembly-CSharp\ShiftContentsOnButtonDown.cs",".cs","294","14/07/2026 19:55:47"
"Assets\Scripts\Assembly-CSharp\ShiftContentsOnButtonDown.cs.meta",".meta","223","14/07/2026 19:55:47"
"Assets\Scripts\Assembly-CSharp\ShiftContentsOnToggleDown.cs",".cs","294","14/07/2026 19:55:47"
"Assets\Scripts\Assembly-CSharp\ShiftContentsOnToggleDown.cs.meta",".meta","223","14/07/2026 19:55:47"
"Assets\Scripts\Assembly-CSharp\ShiftUIPublisher.cs",".cs","2805","14/07/2026 19:55:47"
"Assets\Scripts\Assembly-CSharp\ShiftUIPublisher.cs.meta",".meta","223","14/07/2026 19:55:47"
"Assets\Scripts\Assembly-CSharp\ShockedEffect.cs",".cs","701","14/07/2026 19:55:47"
"Assets\Scripts\Assembly-CSharp\ShockedEffect.cs.meta",".meta","223","14/07/2026 19:55:47"
"Assets\Scripts\Assembly-CSharp\ShotDroneAI.cs",".cs","544","14/07/2026 19:55:47"
"Assets\Scripts\Assembly-CSharp\ShotDroneAI.cs.meta",".meta","223","14/07/2026 19:55:47"
"Assets\Scripts\Assembly-CSharp\SkidEffect.cs",".cs","746","14/07/2026 19:55:47"
"Assets\Scripts\Assembly-CSharp\SkidEffect.cs.meta",".meta","223","14/07/2026 19:55:47"
"Assets\Scripts\Assembly-CSharp\SlowdownEffect.cs",".cs","667","14/07/2026 19:55:47"
"Assets\Scripts\Assembly-CSharp\SlowdownEffect.cs.meta",".meta","223","14/07/2026 19:55:47"
"Assets\Scripts\Assembly-CSharp\SmashEffect.cs",".cs","661","14/07/2026 19:55:47"
"Assets\Scripts\Assembly-CSharp\SmashEffect.cs.meta",".meta","223","14/07/2026 19:55:47"
"Assets\Scripts\Assembly-CSharp\SnapShotInfo.cs",".cs","226","14/07/2026 19:55:47"
"Assets\Scripts\Assembly-CSharp\SoundLibrary.cs",".cs","4823","14/07/2026 19:55:47"
"Assets\Scripts\Assembly-CSharp\SoundLibrary.cs.meta",".meta","223","14/07/2026 19:55:47"
"Assets\Scripts\Assembly-CSharp\SoundLibraryAddendum.cs",".cs","247","14/07/2026 19:55:47"
"Assets\Scripts\Assembly-CSharp\SoundLibraryAddendum.cs.meta",".meta","223","14/07/2026 19:55:47"
"Assets\Scripts\Assembly-CSharp\SoundPackage.cs",".cs","106","14/07/2026 19:55:47"
"Assets\Scripts\Assembly-CSharp\SoundPackageLoadReference.cs",".cs","153","14/07/2026 19:55:47"
"Assets\Scripts\Assembly-CSharp\SoundPackageManager.cs",".cs","1941","14/07/2026 19:55:47"
"Assets\Scripts\Assembly-CSharp\SoundPackageManager.cs.meta",".meta","223","14/07/2026 19:55:47"
"Assets\Scripts\Assembly-CSharp\SoundPackageReference.cs",".cs","155","14/07/2026 19:55:47"
"Assets\Scripts\Assembly-CSharp\SoundSequencer.cs",".cs","1563","14/07/2026 19:55:47"
"Assets\Scripts\Assembly-CSharp\SoundSequencer.cs.meta",".meta","223","14/07/2026 19:55:47"
"Assets\Scripts\Assembly-CSharp\SourceFactory.cs",".cs","720","14/07/2026 19:55:47"
"Assets\Scripts\Assembly-CSharp\SpeedPoint.cs",".cs","1336","14/07/2026 19:55:47"
"Assets\Scripts\Assembly-CSharp\SpeedPoint.cs.meta",".meta","223","14/07/2026 19:55:47"
"Assets\Scripts\Assembly-CSharp\SpendCoinsOverLifetimeAchievementListener.cs",".cs","721","14/07/2026 19:55:47"
"Assets\Scripts\Assembly-CSharp\SpendCoinsOverLifetimeAchievementListener.cs.meta",".meta","223","14/07/2026 19:55:47"
"Assets\Scripts\Assembly-CSharp\SphereMoverAI.cs",".cs","592","14/07/2026 19:55:47"
"Assets\Scripts\Assembly-CSharp\SphereMoverAI.cs.meta",".meta","223","14/07/2026 19:55:47"
"Assets\Scripts\Assembly-CSharp\SphereMoverCollider.cs",".cs","199","14/07/2026 19:55:47"
"Assets\Scripts\Assembly-CSharp\SphereMoverCollider.cs.meta",".meta","223","14/07/2026 19:55:47"
"Assets\Scripts\Assembly-CSharp\SpreadMineEffect.cs",".cs","746","14/07/2026 19:55:47"
"Assets\Scripts\Assembly-CSharp\SpreadMineEffect.cs.meta",".meta","223","14/07/2026 19:55:47"
"Assets\Scripts\Assembly-CSharp\SpringConnection.cs",".cs","595","14/07/2026 19:55:47"
"Assets\Scripts\Assembly-CSharp\SpringConnection.cs.meta",".meta","223","14/07/2026 19:55:47"
"Assets\Scripts\Assembly-CSharp\SpringTrigger.cs",".cs","198","14/07/2026 19:55:47"
"Assets\Scripts\Assembly-CSharp\SpringTrigger.cs.meta",".meta","223","14/07/2026 19:55:47"
"Assets\Scripts\Assembly-CSharp\StreamedMultilayerTexture.cs",".cs","824","14/07/2026 19:55:47"
"Assets\Scripts\Assembly-CSharp\StreamedMultilayerTexture.cs.meta",".meta","223","14/07/2026 19:55:47"
"Assets\Scripts\Assembly-CSharp\StreamManager.cs",".cs","3916","14/07/2026 19:55:47"
"Assets\Scripts\Assembly-CSharp\StreamManager.cs.meta",".meta","223","14/07/2026 19:55:47"
"Assets\Scripts\Assembly-CSharp\StreamTest.cs",".cs","134","14/07/2026 19:55:47"
"Assets\Scripts\Assembly-CSharp\StreamTest.cs.meta",".meta","223","14/07/2026 19:55:47"
"Assets\Scripts\Assembly-CSharp\TeleportEffect.cs",".cs","852","14/07/2026 19:55:47"
"Assets\Scripts\Assembly-CSharp\TeleportEffect.cs.meta",".meta","223","14/07/2026 19:55:47"
"Assets\Scripts\Assembly-CSharp\TeleportTrigger.cs",".cs","197","14/07/2026 19:55:47"
"Assets\Scripts\Assembly-CSharp\TeleportTrigger.cs.meta",".meta","223","14/07/2026 19:55:47"
"Assets\Scripts\Assembly-CSharp\TerrainEffectTrigger.cs",".cs","406","14/07/2026 19:55:47"
"Assets\Scripts\Assembly-CSharp\TerrainEffectTrigger.cs.meta",".meta","223","14/07/2026 19:55:47"
"Assets\Scripts\Assembly-CSharp\TimeInAirAchievementListener.cs",".cs","711","14/07/2026 19:55:47"
"Assets\Scripts\Assembly-CSharp\TimeInAirAchievementListener.cs.meta",".meta","223","14/07/2026 19:55:47"
"Assets\Scripts\Assembly-CSharp\TouchTurnTrack.cs",".cs","47","14/07/2026 19:55:47"
"Assets\Scripts\Assembly-CSharp\TouchTurnTrack.cs.meta",".meta","223","14/07/2026 19:55:47"
"Assets\Scripts\Assembly-CSharp\TrackSelectPublisher.cs",".cs","1129","14/07/2026 19:55:47"
"Assets\Scripts\Assembly-CSharp\TrackSelectPublisher.cs.meta",".meta","223","14/07/2026 19:55:47"
"Assets\Scripts\Assembly-CSharp\TrackUnlockHelper.cs",".cs","2752","14/07/2026 19:55:47"
"Assets\Scripts\Assembly-CSharp\TrackUnlockHelper.cs.meta",".meta","223","14/07/2026 19:55:47"
"Assets\Scripts\Assembly-CSharp\TriFoot.cs",".cs","1914","14/07/2026 19:55:47"
"Assets\Scripts\Assembly-CSharp\TriFoot.cs.meta",".meta","223","14/07/2026 19:55:47"
"Assets\Scripts\Assembly-CSharp\TripLine.cs",".cs","188","14/07/2026 19:55:47"
"Assets\Scripts\Assembly-CSharp\TripLine.cs.meta",".meta","223","14/07/2026 19:55:47"
"Assets\Scripts\Assembly-CSharp\TripLineEffect.cs",".cs","792","14/07/2026 19:55:47"
"Assets\Scripts\Assembly-CSharp\TripLineEffect.cs.meta",".meta","223","14/07/2026 19:55:47"
"Assets\Scripts\Assembly-CSharp\TurkeyGooShooter.cs",".cs","497","14/07/2026 19:55:47"
"Assets\Scripts\Assembly-CSharp\TurkeyGooShooter.cs.meta",".meta","223","14/07/2026 19:55:47"
"Assets\Scripts\Assembly-CSharp\TurnMission.cs",".cs","294","14/07/2026 19:55:47"
"Assets\Scripts\Assembly-CSharp\TurnMission.cs.meta",".meta","223","14/07/2026 19:55:47"
"Assets\Scripts\Assembly-CSharp\TutorialLauncherPublisher.cs",".cs","508","14/07/2026 19:55:47"
"Assets\Scripts\Assembly-CSharp\TutorialLauncherPublisher.cs.meta",".meta","223","14/07/2026 19:55:47"
"Assets\Scripts\Assembly-CSharp\UFOLogic.cs",".cs","1143","14/07/2026 19:55:47"
"Assets\Scripts\Assembly-CSharp\UFOLogic.cs.meta",".meta","223","14/07/2026 19:55:47"
"Assets\Scripts\Assembly-CSharp\UghHeldButton.cs",".cs","504","14/07/2026 19:55:47"
"Assets\Scripts\Assembly-CSharp\UghHeldButton.cs.meta",".meta","223","14/07/2026 19:55:47"
"Assets\Scripts\Assembly-CSharp\UnlockAchievementListener.cs",".cs","969","14/07/2026 19:55:47"
"Assets\Scripts\Assembly-CSharp\UnlockAchievementListener.cs.meta",".meta","223","14/07/2026 19:55:47"
"Assets\Scripts\Assembly-CSharp\UnlockedCircuitPublisher.cs",".cs","1294","14/07/2026 19:55:47"
"Assets\Scripts\Assembly-CSharp\UnlockedCircuitPublisher.cs.meta",".meta","223","14/07/2026 19:55:47"
"Assets\Scripts\Assembly-CSharp\UseAPowerupAchievementListener.cs",".cs","981","14/07/2026 19:55:47"
"Assets\Scripts\Assembly-CSharp\UseAPowerupAchievementListener.cs.meta",".meta","223","14/07/2026 19:55:47"
"Assets\Scripts\Assembly-CSharp\UsePowerupAgainstOpponentAchievementListener.cs",".cs","957","14/07/2026 19:55:47"
"Assets\Scripts\Assembly-CSharp\UsePowerupAgainstOpponentAchievementListener.cs.meta",".meta","223","14/07/2026 19:55:47"
"Assets\Scripts\Assembly-CSharp\UsePowerupAIState.cs",".cs","778","14/07/2026 19:55:47"
"Assets\Scripts\Assembly-CSharp\UsePowerupAIState.cs.meta",".meta","223","14/07/2026 19:55:47"
"Assets\Scripts\Assembly-CSharp\UsePowerupMission.cs",".cs","300","14/07/2026 19:55:47"
"Assets\Scripts\Assembly-CSharp\UsePowerupMission.cs.meta",".meta","223","14/07/2026 19:55:47"
"Assets\Scripts\Assembly-CSharp\UVScroller.cs",".cs","359","14/07/2026 19:55:47"
"Assets\Scripts\Assembly-CSharp\UVScroller.cs.meta",".meta","223","14/07/2026 19:55:47"
"Assets\Scripts\Assembly-CSharp\VolumeSlider.cs",".cs","679","14/07/2026 19:55:47"
"Assets\Scripts\Assembly-CSharp\VolumeSlider.cs.meta",".meta","223","14/07/2026 19:55:47"
"Assets\Scripts\Assembly-CSharp\WaypointLogic.cs",".cs","2431","14/07/2026 19:55:47"
"Assets\Scripts\Assembly-CSharp\WaypointLogic.cs.meta",".meta","223","14/07/2026 19:55:47"
"Assets\Scripts\Assembly-CSharp\WhoopieCushion.cs",".cs","505","14/07/2026 19:55:47"
"Assets\Scripts\Assembly-CSharp\WhoopieCushion.cs.meta",".meta","223","14/07/2026 19:55:47"
"Assets\Scripts\Assembly-CSharp\WipeoutEffect.cs",".cs","828","14/07/2026 19:55:47"
"Assets\Scripts\Assembly-CSharp\WipeoutEffect.cs.meta",".meta","223","14/07/2026 19:55:47"
"Assets\Scripts\Assembly-CSharp\Properties\AssemblyInfo.cs",".cs","108","14/07/2026 19:55:47"
"Assets\Scripts\Assembly-UnityScript\Car_Script.cs",".cs","1092","14/07/2026 19:55:47"
"Assets\Scripts\Assembly-UnityScript\Car_Script.cs.meta",".meta","223","14/07/2026 19:55:47"
"Assets\Scripts\Assembly-UnityScript\Plane_Script.cs",".cs","511","14/07/2026 19:55:47"
"Assets\Scripts\Assembly-UnityScript\Plane_Script.cs.meta",".meta","223","14/07/2026 19:55:47"
"Assets\Scripts\Assembly-UnityScript\WheelData.cs",".cs","300","14/07/2026 19:55:47"
"Assets\Scripts\Assembly-UnityScript\Properties\AssemblyInfo.cs",".cs","135","14/07/2026 19:55:47"
"Assets\Shader\Alpha-Diffuse.shader",".shader","486","14/07/2026 19:55:37"
"Assets\Shader\Alpha-Diffuse.shader.meta",".meta","160","14/07/2026 19:55:37"
"Assets\Shader\Alpha-VertexLit.shader",".shader","2047","14/07/2026 19:55:37"
"Assets\Shader\Alpha-VertexLit.shader.meta",".meta","160","14/07/2026 19:55:37"
"Assets\Shader\Double Texture Additive Unlit.shader",".shader","604","14/07/2026 19:55:37"
"Assets\Shader\Double Texture Additive Unlit.shader.meta",".meta","160","14/07/2026 19:55:37"
"Assets\Shader\Illumin-Diffuse.shader",".shader","579","14/07/2026 19:55:37"
"Assets\Shader\Illumin-Diffuse.shader.meta",".meta","160","14/07/2026 19:55:37"
"Assets\Shader\Illumin-VertexLit.shader",".shader","773","14/07/2026 19:55:37"
"Assets\Shader\Illumin-VertexLit.shader.meta",".meta","160","14/07/2026 19:55:37"
"Assets\Shader\Mobile-Diffuse.shader",".shader","429","14/07/2026 19:55:44"
"Assets\Shader\Mobile-Diffuse.shader.meta",".meta","160","14/07/2026 19:55:44"
"Assets\Shader\Mobile-Lightmap-Unlit.shader",".shader","986","14/07/2026 19:55:37"
"Assets\Shader\Mobile-Lightmap-Unlit.shader.meta",".meta","160","14/07/2026 19:55:37"
"Assets\Shader\Mobile-Particle-Add.shader",".shader","524","14/07/2026 19:55:37"
"Assets\Shader\Mobile-Particle-Add.shader.meta",".meta","160","14/07/2026 19:55:37"
"Assets\Shader\Mobile-Particle-Alpha-VertexLit.shader",".shader","594","14/07/2026 19:55:51"
"Assets\Shader\Mobile-Particle-Alpha-VertexLit.shader.meta",".meta","160","14/07/2026 19:55:51"
"Assets\Shader\Mobile-Particle-Alpha.shader",".shader","542","14/07/2026 19:55:46"
"Assets\Shader\Mobile-Particle-Alpha.shader.meta",".meta","160","14/07/2026 19:55:46"
"Assets\Shader\Mobile-Particle-Multiply.shader",".shader","618","14/07/2026 19:55:51"
"Assets\Shader\Mobile-Particle-Multiply.shader.meta",".meta","160","14/07/2026 19:55:51"
"Assets\Shader\Mobile-Skybox.shader",".shader","1295","14/07/2026 19:55:32"
"Assets\Shader\Mobile-Skybox.shader.meta",".meta","160","14/07/2026 19:55:32"
"Assets\Shader\Mobile-VertexLit.shader",".shader","431","14/07/2026 19:55:44"
"Assets\Shader\Mobile-VertexLit.shader.meta",".meta","160","14/07/2026 19:55:44"
"Assets\Shader\Particle Add.shader",".shader","548","14/07/2026 19:55:51"
"Assets\Shader\Particle Add.shader.meta",".meta","160","14/07/2026 19:55:51"
"Assets\Shader\Particle Premultiply Blend.shader",".shader","511","14/07/2026 19:55:37"
"Assets\Shader\Particle Premultiply Blend.shader.meta",".meta","160","14/07/2026 19:55:37"
"Assets\Shader\Transparent And Color Unlit.shader",".shader","388","14/07/2026 19:55:46"
"Assets\Shader\Transparent And Color Unlit.shader.meta",".meta","160","14/07/2026 19:55:46"
"Assets\Shader\Transparent Color Shift Unlit.shader",".shader","479","14/07/2026 19:55:37"
"Assets\Shader\Transparent Color Shift Unlit.shader.meta",".meta","160","14/07/2026 19:55:37"
"Assets\Shader\Underwater Unlit.shader",".shader","511","14/07/2026 19:55:32"
"Assets\Shader\Underwater Unlit.shader.meta",".meta","160","14/07/2026 19:55:32"
"Assets\Shader\Unlit-Alpha.shader",".shader","442","14/07/2026 19:55:46"
"Assets\Shader\Unlit-Alpha.shader.meta",".meta","160","14/07/2026 19:55:46"
"Assets\Shader\Unlit-Normal.shader",".shader","428","14/07/2026 19:55:41"
"Assets\Shader\Unlit-Normal.shader.meta",".meta","160","14/07/2026 19:55:41"
"Assets\TextAsset\Localize-US.bytes",".bytes","32615","14/07/2026 19:55:37"
"Assets\TextAsset\Localize-US.bytes.meta",".meta","142","14/07/2026 19:55:37"
"Assets\Texture2D\AlphaText.png",".png","12401","14/07/2026 19:55:42"
"Assets\Texture2D\AlphaText.png.meta",".meta","1347","14/07/2026 19:55:42"
"Assets\Texture2D\Anchor rocket.png",".png","93551","14/07/2026 19:55:48"
"Assets\Texture2D\Anchor rocket.png.meta",".meta","1347","14/07/2026 19:55:48"
"Assets\Texture2D\arrow sign.png",".png","116448","14/07/2026 19:55:30"
"Assets\Texture2D\arrow sign.png.meta",".meta","1347","14/07/2026 19:55:30"
"Assets\Texture2D\arrow sign_0.png",".png","89814","14/07/2026 19:55:31"
"Assets\Texture2D\arrow sign_0.png.meta",".meta","1347","14/07/2026 19:55:31"
"Assets\Texture2D\Barber.png",".png","421508","14/07/2026 19:55:44"
"Assets\Texture2D\Barber.png.meta",".meta","1347","14/07/2026 19:55:44"
"Assets\Texture2D\barrel.png",".png","74702","14/07/2026 19:55:35"
"Assets\Texture2D\barrel.png.meta",".meta","1347","14/07/2026 19:55:35"
"Assets\Texture2D\barrier uvs.png",".png","94685","14/07/2026 19:55:46"
"Assets\Texture2D\barrier uvs.png.meta",".meta","1347","14/07/2026 19:55:46"
"Assets\Texture2D\BEAmap.png",".png","47382","14/07/2026 19:55:48"
"Assets\Texture2D\BEAmap.png.meta",".meta","1347","14/07/2026 19:55:48"
"Assets\Texture2D\billboard.png",".png","319251","14/07/2026 19:55:31"
"Assets\Texture2D\billboard.png.meta",".meta","1347","14/07/2026 19:55:31"
"Assets\Texture2D\BlastRadius.png",".png","40931","14/07/2026 19:55:46"
"Assets\Texture2D\BlastRadius.png.meta",".meta","1347","14/07/2026 19:55:46"
"Assets\Texture2D\Blocker Invisible SpriteAtlas.png",".png","549","14/07/2026 19:55:34"
"Assets\Texture2D\Blocker Invisible SpriteAtlas.png.meta",".meta","1347","14/07/2026 19:55:34"
"Assets\Texture2D\Blocker SpriteAtlas.png",".png","549","14/07/2026 19:55:35"
"Assets\Texture2D\Blocker SpriteAtlas.png.meta",".meta","1347","14/07/2026 19:55:35"
"Assets\Texture2D\box.png",".png","255607","14/07/2026 19:55:44"
"Assets\Texture2D\box.png.meta",".meta","1347","14/07/2026 19:55:44"
"Assets\Texture2D\bradMap.png",".png","72609","14/07/2026 19:55:48"
"Assets\Texture2D\bradMap.png.meta",".meta","1347","14/07/2026 19:55:48"
"Assets\Texture2D\bridge column uvs.png",".png","84588","14/07/2026 19:55:44"
"Assets\Texture2D\bridge column uvs.png.meta",".meta","1347","14/07/2026 19:55:44"
"Assets\Texture2D\Bridge Street.png",".png","2041809","14/07/2026 19:55:41"
"Assets\Texture2D\Bridge Street.png.meta",".meta","1347","14/07/2026 19:55:41"
"Assets\Texture2D\bridge.png",".png","1514447","14/07/2026 19:55:40"
"Assets\Texture2D\bridge.png.meta",".meta","1347","14/07/2026 19:55:40"
"Assets\Texture2D\Bridge_0.png",".png","123266","14/07/2026 19:55:44"
"Assets\Texture2D\Bridge_0.png.meta",".meta","1347","14/07/2026 19:55:44"
"Assets\Texture2D\Bubble.png",".png","334476","14/07/2026 19:55:36"
"Assets\Texture2D\Bubble.png.meta",".meta","1347","14/07/2026 19:55:36"
"Assets\Texture2D\Burst.png",".png","48122","14/07/2026 19:55:34"
"Assets\Texture2D\Burst.png.meta",".meta","1347","14/07/2026 19:55:34"
"Assets\Texture2D\Castle.png",".png","2487362","14/07/2026 19:55:30"
"Assets\Texture2D\Castle.png.meta",".meta","1347","14/07/2026 19:55:30"
"Assets\Texture2D\CharitableCharities.png",".png","378115","14/07/2026 19:55:44"
"Assets\Texture2D\CharitableCharities.png.meta",".meta","1347","14/07/2026 19:55:44"
"Assets\Texture2D\Checkerground.png",".png","36262","14/07/2026 19:55:32"
"Assets\Texture2D\Checkerground.png.meta",".meta","1347","14/07/2026 19:55:32"
"Assets\Texture2D\ChefGuilbauds.png",".png","967506","14/07/2026 19:55:44"
"Assets\Texture2D\ChefGuilbauds.png.meta",".meta","1347","14/07/2026 19:55:44"
"Assets\Texture2D\Cloud.png",".png","28865","14/07/2026 19:55:34"
"Assets\Texture2D\Cloud.png.meta",".meta","1347","14/07/2026 19:55:34"
"Assets\Texture2D\CloudStrap SpriteAtlas.png",".png","564519","14/07/2026 19:55:46"
"Assets\Texture2D\CloudStrap SpriteAtlas.png.meta",".meta","1347","14/07/2026 19:55:46"
"Assets\Texture2D\Coin.png",".png","20010","14/07/2026 19:55:31"
"Assets\Texture2D\Coin.png.meta",".meta","1346","14/07/2026 19:55:31"
"Assets\Texture2D\coin_0.png",".png","288466","14/07/2026 19:55:31"
"Assets\Texture2D\coin_0.png.meta",".meta","1347","14/07/2026 19:55:31"
"Assets\Texture2D\color_white.png",".png","814","14/07/2026 19:55:33"
"Assets\Texture2D\color_white.png.meta",".meta","1347","14/07/2026 19:55:33"
"Assets\Texture2D\CoronaStar.png",".png","11809","14/07/2026 19:55:34"
"Assets\Texture2D\CoronaStar.png.meta",".meta","1347","14/07/2026 19:55:34"
"Assets\Texture2D\crashTexture.png",".png","305540","14/07/2026 19:55:50"
"Assets\Texture2D\crashTexture.png.meta",".meta","1347","14/07/2026 19:55:50"
"Assets\Texture2D\danville arena ground.png",".png","106322","14/07/2026 19:55:42"
"Assets\Texture2D\danville arena ground.png.meta",".meta","1347","14/07/2026 19:55:42"
"Assets\Texture2D\danville arena texture uvs.png",".png","106362","14/07/2026 19:55:42"
"Assets\Texture2D\danville arena texture uvs.png.meta",".meta","1347","14/07/2026 19:55:42"
"Assets\Texture2D\DanvilleArena uvs.png",".png","356716","14/07/2026 19:55:42"
"Assets\Texture2D\DanvilleArena uvs.png.meta",".meta","1347","14/07/2026 19:55:42"
"Assets\Texture2D\DipperTexture.png",".png","55001","14/07/2026 19:55:48"
"Assets\Texture2D\DipperTexture.png.meta",".meta","1347","14/07/2026 19:55:48"
"Assets\Texture2D\Dirt Road.png",".png","916291","14/07/2026 19:55:39"
"Assets\Texture2D\Dirt Road.png.meta",".meta","1347","14/07/2026 19:55:39"
"Assets\Texture2D\dirt track.png",".png","77993","14/07/2026 19:55:28"
"Assets\Texture2D\dirt track.png.meta",".meta","1347","14/07/2026 19:55:28"
"Assets\Texture2D\DoofenschmirtzEvil.png",".png","458833","14/07/2026 19:55:44"
"Assets\Texture2D\DoofenschmirtzEvil.png.meta",".meta","1347","14/07/2026 19:55:44"
"Assets\Texture2D\ExplosionFire.png",".png","218997","14/07/2026 19:55:36"
"Assets\Texture2D\ExplosionFire.png.meta",".meta","1347","14/07/2026 19:55:36"
"Assets\Texture2D\Fadable HUD SpriteAtlas.png",".png","228316","14/07/2026 19:55:34"
"Assets\Texture2D\Fadable HUD SpriteAtlas.png.meta",".meta","1347","14/07/2026 19:55:34"
"Assets\Texture2D\Fader SpriteAtlas.png",".png","549","14/07/2026 19:55:46"
"Assets\Texture2D\Fader SpriteAtlas.png.meta",".meta","1347","14/07/2026 19:55:46"
"Assets\Texture2D\fancy building A uvs.png",".png","461423","14/07/2026 19:55:43"
"Assets\Texture2D\fancy building A uvs.png.meta",".meta","1347","14/07/2026 19:55:43"
"Assets\Texture2D\fancy building B uvs.png",".png","425554","14/07/2026 19:55:44"
"Assets\Texture2D\fancy building B uvs.png.meta",".meta","1347","14/07/2026 19:55:44"
"Assets\Texture2D\fancy building C uvs.png",".png","81929","14/07/2026 19:55:44"
"Assets\Texture2D\fancy building C uvs.png.meta",".meta","1347","14/07/2026 19:55:44"
"Assets\Texture2D\fancy building E uvs.png",".png","478138","14/07/2026 19:55:43"
"Assets\Texture2D\fancy building E uvs.png.meta",".meta","1347","14/07/2026 19:55:43"
"Assets\Texture2D\fancy building F uvs.png",".png","358691","14/07/2026 19:55:45"
"Assets\Texture2D\fancy building F uvs.png.meta",".meta","1347","14/07/2026 19:55:45"
"Assets\Texture2D\Fence 1.png",".png","306500","14/07/2026 19:55:39"
"Assets\Texture2D\Fence 1.png.meta",".meta","1347","14/07/2026 19:55:39"
"Assets\Texture2D\Fence 2.png",".png","589371","14/07/2026 19:55:41"
"Assets\Texture2D\Fence 2.png.meta",".meta","1347","14/07/2026 19:55:41"
"Assets\Texture2D\Fence.png",".png","292706","14/07/2026 19:55:45"
"Assets\Texture2D\Fence.png.meta",".meta","1347","14/07/2026 19:55:45"
"Assets\Texture2D\Ferb.png",".png","80299","14/07/2026 19:55:48"
"Assets\Texture2D\Ferb.png.meta",".meta","1347","14/07/2026 19:55:48"
"Assets\Texture2D\finish line SpriteAtlas.png",".png","171688","14/07/2026 19:55:33"
"Assets\Texture2D\finish line SpriteAtlas.png.meta",".meta","1347","14/07/2026 19:55:33"
"Assets\Texture2D\finish line.png",".png","368322","14/07/2026 19:55:31"
"Assets\Texture2D\finish line.png.meta",".meta","1347","14/07/2026 19:55:31"
"Assets\Texture2D\Fire bw.png",".png","27496","14/07/2026 19:55:34"
"Assets\Texture2D\Fire bw.png.meta",".meta","1347","14/07/2026 19:55:34"
"Assets\Texture2D\first track uvs.png",".png","84686","14/07/2026 19:55:28"
"Assets\Texture2D\first track uvs.png.meta",".meta","1347","14/07/2026 19:55:28"
"Assets\Texture2D\fish hook cliff face earth.png",".png","114602","14/07/2026 19:55:30"
"Assets\Texture2D\fish hook cliff face earth.png.meta",".meta","1347","14/07/2026 19:55:30"
"Assets\Texture2D\fish hook cliff face weird.png",".png","135467","14/07/2026 19:55:30"
"Assets\Texture2D\fish hook cliff face weird.png.meta",".meta","1347","14/07/2026 19:55:30"
"Assets\Texture2D\fish hook exterior ground.png",".png","168907","14/07/2026 19:55:31"
"Assets\Texture2D\fish hook exterior ground.png.meta",".meta","1347","14/07/2026 19:55:31"
"Assets\Texture2D\fish hook interior ceiling.png",".png","187310","14/07/2026 19:55:31"
"Assets\Texture2D\fish hook interior ceiling.png.meta",".meta","1347","14/07/2026 19:55:31"
"Assets\Texture2D\fish hook interior court ground.png",".png","166358","14/07/2026 19:55:31"
"Assets\Texture2D\fish hook interior court ground.png.meta",".meta","1347","14/07/2026 19:55:31"
"Assets\Texture2D\fish hook interior ground.png",".png","147629","14/07/2026 19:55:31"
"Assets\Texture2D\fish hook interior ground.png.meta",".meta","1347","14/07/2026 19:55:31"
"Assets\Texture2D\fish hook school exterior front door.png",".png","125271","14/07/2026 19:55:32"
"Assets\Texture2D\fish hook school exterior front door.png.meta",".meta","1347","14/07/2026 19:55:32"
"Assets\Texture2D\fish hook school exterior stairs top.png",".png","181706","14/07/2026 19:55:32"
"Assets\Texture2D\fish hook school exterior stairs top.png.meta",".meta","1347","14/07/2026 19:55:32"
"Assets\Texture2D\fish hook school exterior stairs.png",".png","154313","14/07/2026 19:55:31"
"Assets\Texture2D\fish hook school exterior stairs.png.meta",".meta","1347","14/07/2026 19:55:31"
"Assets\Texture2D\fish hook school exterior wall bare.png",".png","122860","14/07/2026 19:55:31"
"Assets\Texture2D\fish hook school exterior wall bare.png.meta",".meta","1347","14/07/2026 19:55:31"
"Assets\Texture2D\fish hook school exterior wall.png",".png","123815","14/07/2026 19:55:31"
"Assets\Texture2D\fish hook school exterior wall.png.meta",".meta","1347","14/07/2026 19:55:31"
"Assets\Texture2D\fish hooks basketball.png",".png","475121","14/07/2026 19:55:31"
"Assets\Texture2D\fish hooks basketball.png.meta",".meta","1347","14/07/2026 19:55:31"
"Assets\Texture2D\fish hooks boulder.png",".png","132230","14/07/2026 19:55:31"
"Assets\Texture2D\fish hooks boulder.png.meta",".meta","1347","14/07/2026 19:55:31"
"Assets\Texture2D\fish hooks casltel.png",".png","135628","14/07/2026 19:55:30"
"Assets\Texture2D\fish hooks casltel.png.meta",".meta","1347","14/07/2026 19:55:30"
"Assets\Texture2D\fish hooks cliff thing 2.png",".png","463397","14/07/2026 19:55:30"
"Assets\Texture2D\fish hooks cliff thing 2.png.meta",".meta","1347","14/07/2026 19:55:30"
"Assets\Texture2D\fish hooks cliff thing.png",".png","496801","14/07/2026 19:55:30"
"Assets\Texture2D\fish hooks cliff thing.png.meta",".meta","1347","14/07/2026 19:55:30"
"Assets\Texture2D\fish hooks column.png",".png","118027","14/07/2026 19:55:31"
"Assets\Texture2D\fish hooks column.png.meta",".meta","1347","14/07/2026 19:55:31"
"Assets\Texture2D\fish hooks decoration flute.png",".png","117651","14/07/2026 19:55:32"
"Assets\Texture2D\fish hooks decoration flute.png.meta",".meta","1347","14/07/2026 19:55:32"
"Assets\Texture2D\fish hooks decorations clam.png",".png","135820","14/07/2026 19:55:31"
"Assets\Texture2D\fish hooks decorations clam.png.meta",".meta","1347","14/07/2026 19:55:31"
"Assets\Texture2D\fish hooks decorations round shell.png",".png","141025","14/07/2026 19:55:31"
"Assets\Texture2D\fish hooks decorations round shell.png.meta",".meta","1347","14/07/2026 19:55:31"
"Assets\Texture2D\fish hooks decorations spiky shell.png",".png","143212","14/07/2026 19:55:31"
"Assets\Texture2D\fish hooks decorations spiky shell.png.meta",".meta","1347","14/07/2026 19:55:31"
"Assets\Texture2D\fish hooks exterior terrain grass.png",".png","140629","14/07/2026 19:55:29"
"Assets\Texture2D\fish hooks exterior terrain grass.png.meta",".meta","1347","14/07/2026 19:55:29"
"Assets\Texture2D\fish hooks exterior terrain weird.png",".png","166253","14/07/2026 19:55:30"
"Assets\Texture2D\fish hooks exterior terrain weird.png.meta",".meta","1347","14/07/2026 19:55:30"
"Assets\Texture2D\fish hooks exterior terrain.png",".png","145870","14/07/2026 19:55:31"
"Assets\Texture2D\fish hooks exterior terrain.png.meta",".meta","1347","14/07/2026 19:55:31"
"Assets\Texture2D\fish hooks football field.png",".png","161347","14/07/2026 19:55:30"
"Assets\Texture2D\fish hooks football field.png.meta",".meta","1347","14/07/2026 19:55:30"
"Assets\Texture2D\fish hooks football stadium.png",".png","136579","14/07/2026 19:55:30"
"Assets\Texture2D\fish hooks football stadium.png.meta",".meta","1347","14/07/2026 19:55:30"
"Assets\Texture2D\fish hooks interior walls clean.png",".png","137157","14/07/2026 19:55:31"
"Assets\Texture2D\fish hooks interior walls clean.png.meta",".meta","1347","14/07/2026 19:55:31"
"Assets\Texture2D\fish hooks interior walls.png",".png","140152","14/07/2026 19:55:32"
"Assets\Texture2D\fish hooks interior walls.png.meta",".meta","1347","14/07/2026 19:55:32"
"Assets\Texture2D\fish hooks lockers.png",".png","95344","14/07/2026 19:55:31"
"Assets\Texture2D\fish hooks lockers.png.meta",".meta","1347","14/07/2026 19:55:31"
"Assets\Texture2D\fish hooks school bottom.png",".png","134543","14/07/2026 19:55:31"
"Assets\Texture2D\fish hooks school bottom.png.meta",".meta","1347","14/07/2026 19:55:31"
"Assets\Texture2D\fish hooks school mini columns.png",".png","116110","14/07/2026 19:55:31"
"Assets\Texture2D\fish hooks school mini columns.png.meta",".meta","1347","14/07/2026 19:55:31"
"Assets\Texture2D\fish hooks school relief.png",".png","157492","14/07/2026 19:55:31"
"Assets\Texture2D\fish hooks school relief.png.meta",".meta","1347","14/07/2026 19:55:31"
"Assets\Texture2D\fish hooks skybox.png",".png","332104","14/07/2026 19:55:31"
"Assets\Texture2D\fish hooks skybox.png.meta",".meta","1347","14/07/2026 19:55:31"
"Assets\Texture2D\fish hooks skybox2.png",".png","334283","14/07/2026 19:55:31"
"Assets\Texture2D\fish hooks skybox2.png.meta",".meta","1347","14/07/2026 19:55:31"
"Assets\Texture2D\fish hooks track lines.png",".png","138630","14/07/2026 19:55:31"
"Assets\Texture2D\fish hooks track lines.png.meta",".meta","1347","14/07/2026 19:55:31"
"Assets\Texture2D\fish hooks track main road.png",".png","514772","14/07/2026 19:55:31"
"Assets\Texture2D\fish hooks track main road.png.meta",".meta","1347","14/07/2026 19:55:31"
"Assets\Texture2D\fish school.png",".png","13576","14/07/2026 19:55:31"
"Assets\Texture2D\fish school.png.meta",".meta","1347","14/07/2026 19:55:31"
"Assets\Texture2D\FishHooksBillboardAd.png",".png","488720","14/07/2026 19:55:31"
"Assets\Texture2D\FishHooksBillboardAd.png.meta",".meta","1347","14/07/2026 19:55:31"
"Assets\Texture2D\Fishtankia Tree 02.png",".png","433524","14/07/2026 19:55:30"
"Assets\Texture2D\Fishtankia Tree 02.png.meta",".meta","1347","14/07/2026 19:55:30"
"Assets\Texture2D\Fishtankia Tree 03.png",".png","243458","14/07/2026 19:55:30"
"Assets\Texture2D\Fishtankia Tree 03.png.meta",".meta","1347","14/07/2026 19:55:30"
"Assets\Texture2D\Fishtankia Tree 04.png",".png","453408","14/07/2026 19:55:30"
"Assets\Texture2D\Fishtankia Tree 04.png.meta",".meta","1347","14/07/2026 19:55:30"
"Assets\Texture2D\Fishtankia-Tree-01.png",".png","453155","14/07/2026 19:55:29"
"Assets\Texture2D\Fishtankia-Tree-01.png.meta",".meta","1347","14/07/2026 19:55:29"
"Assets\Texture2D\Font Texture.texture2D",".texture2d","2097713","14/07/2026 19:55:34"
"Assets\Texture2D\Font Texture.texture2D.meta",".meta","144","14/07/2026 19:55:34"
"Assets\Texture2D\Full Screen Booster SpriteAtlas.png",".png","58912","14/07/2026 19:55:34"
"Assets\Texture2D\Full Screen Booster SpriteAtlas.png.meta",".meta","1347","14/07/2026 19:55:34"
"Assets\Texture2D\garage beam.png",".png","66329","14/07/2026 19:55:34"
"Assets\Texture2D\garage beam.png.meta",".meta","1347","14/07/2026 19:55:34"
"Assets\Texture2D\garage computer.png",".png","117625","14/07/2026 19:55:36"
"Assets\Texture2D\garage computer.png.meta",".meta","1347","14/07/2026 19:55:36"
"Assets\Texture2D\garage electro box.png",".png","128037","14/07/2026 19:55:34"
"Assets\Texture2D\garage electro box.png.meta",".meta","1347","14/07/2026 19:55:34"
"Assets\Texture2D\garage exit door.png",".png","422731","14/07/2026 19:55:34"
"Assets\Texture2D\garage exit door.png.meta",".meta","1347","14/07/2026 19:55:34"
"Assets\Texture2D\garage exit door2.png",".png","113614","14/07/2026 19:55:36"
"Assets\Texture2D\garage exit door2.png.meta",".meta","1347","14/07/2026 19:55:36"
"Assets\Texture2D\garage exit.png",".png","47871","14/07/2026 19:55:36"
"Assets\Texture2D\garage exit.png.meta",".meta","1347","14/07/2026 19:55:36"
"Assets\Texture2D\garage ground.png",".png","308010","14/07/2026 19:55:34"
"Assets\Texture2D\garage ground.png.meta",".meta","1347","14/07/2026 19:55:34"
"Assets\Texture2D\garage hall hole.png",".png","333","14/07/2026 19:55:34"
"Assets\Texture2D\garage hall hole.png.meta",".meta","1347","14/07/2026 19:55:34"
"Assets\Texture2D\garage hall wall and floor.png",".png","469286","14/07/2026 19:55:37"
"Assets\Texture2D\garage hall wall and floor.png.meta",".meta","1347","14/07/2026 19:55:37"
"Assets\Texture2D\garage lift bottom.png",".png","264427","14/07/2026 19:55:33"
"Assets\Texture2D\garage lift bottom.png.meta",".meta","1347","14/07/2026 19:55:33"
"Assets\Texture2D\garage lift thingie.png",".png","74980","14/07/2026 19:55:35"
"Assets\Texture2D\garage lift thingie.png.meta",".meta","1347","14/07/2026 19:55:35"
"Assets\Texture2D\garage metal rivets.png",".png","121506","14/07/2026 19:55:36"
"Assets\Texture2D\garage metal rivets.png.meta",".meta","1347","14/07/2026 19:55:36"
"Assets\Texture2D\garage monitor main.png",".png","196295","14/07/2026 19:55:34"
"Assets\Texture2D\garage monitor main.png.meta",".meta","1347","14/07/2026 19:55:34"
"Assets\Texture2D\garage other screen.png",".png","1175438","14/07/2026 19:55:34"
"Assets\Texture2D\garage other screen.png.meta",".meta","1347","14/07/2026 19:55:34"
"Assets\Texture2D\garage tire rack.png",".png","85329","14/07/2026 19:55:33"
"Assets\Texture2D\garage tire rack.png.meta",".meta","1347","14/07/2026 19:55:33"
"Assets\Texture2D\garage toolbox.png",".png","81576","14/07/2026 19:55:35"
"Assets\Texture2D\garage toolbox.png.meta",".meta","1347","14/07/2026 19:55:35"
"Assets\Texture2D\garage wall - pranksgiving.png",".png","1842293","14/07/2026 19:55:37"
"Assets\Texture2D\garage wall - pranksgiving.png.meta",".meta","1347","14/07/2026 19:55:37"
"Assets\Texture2D\garage wall1.png",".png","347583","14/07/2026 19:55:34"
"Assets\Texture2D\garage wall1.png.meta",".meta","1347","14/07/2026 19:55:34"
"Assets\Texture2D\GlowDot.png",".png","1281","14/07/2026 19:55:37"
"Assets\Texture2D\GlowDot.png.meta",".meta","1347","14/07/2026 19:55:37"
"Assets\Texture2D\Goal-Flag-plants-coral.png",".png","366010","14/07/2026 19:55:31"
"Assets\Texture2D\Goal-Flag-plants-coral.png.meta",".meta","1347","14/07/2026 19:55:31"
"Assets\Texture2D\Green Grass.png",".png","1175202","14/07/2026 19:55:40"
"Assets\Texture2D\Green Grass.png.meta",".meta","1347","14/07/2026 19:55:40"
"Assets\Texture2D\guntherMap.png",".png","72751","14/07/2026 19:55:47"
"Assets\Texture2D\guntherMap.png.meta",".meta","1347","14/07/2026 19:55:47"
"Assets\Texture2D\highway sign uvs.png",".png","91557","14/07/2026 19:55:42"
"Assets\Texture2D\highway sign uvs.png.meta",".meta","1347","14/07/2026 19:55:42"
"Assets\Texture2D\HokeyPokeDiner_Octopus.png",".png","376703","14/07/2026 19:55:30"
"Assets\Texture2D\HokeyPokeDiner_Octopus.png.meta",".meta","1347","14/07/2026 19:55:30"
"Assets\Texture2D\HokeyPokeDiner_Ship.png",".png","387238","14/07/2026 19:55:30"
"Assets\Texture2D\HokeyPokeDiner_Ship.png.meta",".meta","1347","14/07/2026 19:55:30"
"Assets\Texture2D\Horizontal strays SpriteAtlas.png",".png","369389","14/07/2026 19:55:35"
"Assets\Texture2D\Horizontal strays SpriteAtlas.png.meta",".meta","1347","14/07/2026 19:55:35"
"Assets\Texture2D\horseshoe crap uvs.png",".png","1387538","14/07/2026 19:55:31"
"Assets\Texture2D\horseshoe crap uvs.png.meta",".meta","1347","14/07/2026 19:55:31"
"Assets\Texture2D\House 1 Color 1.png",".png","137800","14/07/2026 19:55:40"
"Assets\Texture2D\House 1 Color 1.png.meta",".meta","1347","14/07/2026 19:55:40"
"Assets\Texture2D\House 1 Color 2.png",".png","136334","14/07/2026 19:55:38"
"Assets\Texture2D\House 1 Color 2.png.meta",".meta","1347","14/07/2026 19:55:38"
"Assets\Texture2D\House 2 Color 1.png",".png","482627","14/07/2026 19:55:41"
"Assets\Texture2D\House 2 Color 1.png.meta",".meta","1347","14/07/2026 19:55:41"
"Assets\Texture2D\House 2 Color 2.png",".png","460627","14/07/2026 19:55:40"
"Assets\Texture2D\House 2 Color 2.png.meta",".meta","1347","14/07/2026 19:55:40"
"Assets\Texture2D\House 3 Color 1.png",".png","450711","14/07/2026 19:55:39"
"Assets\Texture2D\House 3 Color 1.png.meta",".meta","1347","14/07/2026 19:55:39"
"Assets\Texture2D\House 3 Color 2.png",".png","453827","14/07/2026 19:55:40"
"Assets\Texture2D\House 3 Color 2.png.meta",".meta","1347","14/07/2026 19:55:40"
"Assets\Texture2D\House 4 Color 1.png",".png","443032","14/07/2026 19:55:39"
"Assets\Texture2D\House 4 Color 1.png.meta",".meta","1347","14/07/2026 19:55:39"
"Assets\Texture2D\House 4 Color 2.png",".png","434758","14/07/2026 19:55:38"
"Assets\Texture2D\House 4 Color 2.png.meta",".meta","1347","14/07/2026 19:55:38"
"Assets\Texture2D\House 5 Color 1.png",".png","472229","14/07/2026 19:55:39"
"Assets\Texture2D\House 5 Color 1.png.meta",".meta","1347","14/07/2026 19:55:39"
"Assets\Texture2D\House 5 Color 2.png",".png","456740","14/07/2026 19:55:39"
"Assets\Texture2D\House 5 Color 2.png.meta",".meta","1347","14/07/2026 19:55:39"
"Assets\Texture2D\houses.png",".png","451433","14/07/2026 19:55:44"
"Assets\Texture2D\houses.png.meta",".meta","1347","14/07/2026 19:55:44"
"Assets\Texture2D\houses2.png",".png","457714","14/07/2026 19:55:45"
"Assets\Texture2D\houses2.png.meta",".meta","1347","14/07/2026 19:55:45"
"Assets\Texture2D\HUD SpriteAtlas.png",".png","1376290","14/07/2026 19:55:32"
"Assets\Texture2D\HUD SpriteAtlas.png.meta",".meta","1347","14/07/2026 19:55:32"
"Assets\Texture2D\HUDCoinCost.png",".png","81222","14/07/2026 19:55:31"
"Assets\Texture2D\HUDCoinCost.png.meta",".meta","1347","14/07/2026 19:55:31"
"Assets\Texture2D\HugeRecords.png",".png","326923","14/07/2026 19:55:45"
"Assets\Texture2D\HugeRecords.png.meta",".meta","1347","14/07/2026 19:55:45"
"Assets\Texture2D\iCloud.png",".png","58585","14/07/2026 19:55:46"
"Assets\Texture2D\iCloud.png.meta",".meta","1347","14/07/2026 19:55:46"
"Assets\Texture2D\inline ramp uvs.png",".png","96610","14/07/2026 19:55:46"
"Assets\Texture2D\inline ramp uvs.png.meta",".meta","1347","14/07/2026 19:55:46"
"Assets\Texture2D\InventorsEmporium.png",".png","350115","14/07/2026 19:55:44"
"Assets\Texture2D\InventorsEmporium.png.meta",".meta","1347","14/07/2026 19:55:44"
"Assets\Texture2D\Kart Customizer SpriteAtlas.png",".png","2418791","14/07/2026 19:55:33"
"Assets\Texture2D\Kart Customizer SpriteAtlas.png.meta",".meta","1347","14/07/2026 19:55:33"
"Assets\Texture2D\kart tier 1 texture.png",".png","128351","14/07/2026 19:55:34"
"Assets\Texture2D\kart tier 1 texture.png.meta",".meta","1347","14/07/2026 19:55:34"
"Assets\Texture2D\kart uvs template.png",".png","125051","14/07/2026 19:55:48"
"Assets\Texture2D\kart uvs template.png.meta",".meta","1347","14/07/2026 19:55:48"
"Assets\Texture2D\kick big screen.png",".png","491462","14/07/2026 19:55:46"
"Assets\Texture2D\kick big screen.png.meta",".meta","1347","14/07/2026 19:55:46"
"Assets\Texture2D\kick car pile.png",".png","95218","14/07/2026 19:55:29"
"Assets\Texture2D\kick car pile.png.meta",".meta","1347","14/07/2026 19:55:29"
"Assets\Texture2D\kick ceiling.png",".png","374422","14/07/2026 19:55:46"
"Assets\Texture2D\kick ceiling.png.meta",".meta","1347","14/07/2026 19:55:46"
"Assets\Texture2D\kick lights.png",".png","419547","14/07/2026 19:55:29"
"Assets\Texture2D\kick lights.png.meta",".meta","1347","14/07/2026 19:55:29"
"Assets\Texture2D\kick school bus.png",".png","121031","14/07/2026 19:55:28"
"Assets\Texture2D\kick school bus.png.meta",".meta","1347","14/07/2026 19:55:28"
"Assets\Texture2D\kick scorebox.png",".png","161235","14/07/2026 19:55:28"
"Assets\Texture2D\kick scorebox.png.meta",".meta","1347","14/07/2026 19:55:28"
"Assets\Texture2D\kick stadium piece.png",".png","441150","14/07/2026 19:55:29"
"Assets\Texture2D\kick stadium piece.png.meta",".meta","1347","14/07/2026 19:55:29"
"Assets\Texture2D\kick terrain.png",".png","195272","14/07/2026 19:55:29"
"Assets\Texture2D\kick terrain.png.meta",".meta","1347","14/07/2026 19:55:29"
"Assets\Texture2D\kick terrain2.png",".png","226241","14/07/2026 19:55:29"
"Assets\Texture2D\kick terrain2.png.meta",".meta","1347","14/07/2026 19:55:29"
"Assets\Texture2D\KickBillboardAd.png",".png","304952","14/07/2026 19:55:29"
"Assets\Texture2D\KickBillboardAd.png.meta",".meta","1347","14/07/2026 19:55:29"
"Assets\Texture2D\kickMap.png",".png","54261","14/07/2026 19:55:48"
"Assets\Texture2D\kickMap.png.meta",".meta","1347","14/07/2026 19:55:48"
"Assets\Texture2D\laser sphere.png",".png","114851","14/07/2026 19:55:45"
"Assets\Texture2D\laser sphere.png.meta",".meta","1347","14/07/2026 19:55:45"
"Assets\Texture2D\laserRobotShadow.png",".png","26913","14/07/2026 19:55:44"
"Assets\Texture2D\laserRobotShadow.png.meta",".meta","1347","14/07/2026 19:55:44"
"Assets\Texture2D\LaserWall.png",".png","37547","14/07/2026 19:55:45"
"Assets\Texture2D\LaserWall.png.meta",".meta","1347","14/07/2026 19:55:45"
"Assets\Texture2D\Level Previews SpriteAtlas.png",".png","3253509","14/07/2026 19:55:36"
"Assets\Texture2D\Level Previews SpriteAtlas.png.meta",".meta","1347","14/07/2026 19:55:36"
"Assets\Texture2D\lightning.png",".png","275388","14/07/2026 19:55:34"
"Assets\Texture2D\lightning.png.meta",".meta","1347","14/07/2026 19:55:34"
"Assets\Texture2D\Loading Circle White Alpha.png",".png","2773","14/07/2026 19:55:35"
"Assets\Texture2D\Loading Circle White Alpha.png.meta",".meta","1347","14/07/2026 19:55:35"
"Assets\Texture2D\logo phineas.png",".png","149768","14/07/2026 19:55:35"
"Assets\Texture2D\logo phineas.png.meta",".meta","1346","14/07/2026 19:55:35"
"Assets\Texture2D\logos SpriteAtlas.png",".png","295556","14/07/2026 19:55:34"
"Assets\Texture2D\logos SpriteAtlas.png.meta",".meta","1347","14/07/2026 19:55:34"
"Assets\Texture2D\Logos SpriteAtlas_0.png",".png","113430","14/07/2026 19:55:34"
"Assets\Texture2D\Logos SpriteAtlas_0.png.meta",".meta","1347","14/07/2026 19:55:34"
"Assets\Texture2D\MabelTexture.png",".png","65463","14/07/2026 19:55:50"
"Assets\Texture2D\MabelTexture.png.meta",".meta","1347","14/07/2026 19:55:50"
"Assets\Texture2D\MagnetShield.png",".png","503886","14/07/2026 19:55:34"
"Assets\Texture2D\MagnetShield.png.meta",".meta","1347","14/07/2026 19:55:34"
"Assets\Texture2D\MikeTexture.png",".png","49523","14/07/2026 19:55:50"
"Assets\Texture2D\MikeTexture.png.meta",".meta","1347","14/07/2026 19:55:50"
"Assets\Texture2D\MILOmap.png",".png","73355","14/07/2026 19:55:49"
"Assets\Texture2D\MILOmap.png.meta",".meta","1347","14/07/2026 19:55:49"
"Assets\Texture2D\mine.png",".png","119939","14/07/2026 19:55:31"
"Assets\Texture2D\mine.png.meta",".meta","1347","14/07/2026 19:55:31"
"Assets\Texture2D\Multi-Use Icons SpriteAtlas.png",".png","737714","14/07/2026 19:55:36"
"Assets\Texture2D\Multi-Use Icons SpriteAtlas.png.meta",".meta","1347","14/07/2026 19:55:36"
"Assets\Texture2D\Multi-Use SpriteAtlas.png",".png","936787","14/07/2026 19:55:35"
"Assets\Texture2D\Multi-Use SpriteAtlas.png.meta",".meta","1347","14/07/2026 19:55:35"
"Assets\Texture2D\music icon SpriteAtlas.png",".png","41838","14/07/2026 19:55:35"
"Assets\Texture2D\music icon SpriteAtlas.png.meta",".meta","1347","14/07/2026 19:55:35"
"Assets\Texture2D\Nav Bar Shifter SpriteAtlas.png",".png","799053","14/07/2026 19:55:35"
"Assets\Texture2D\Nav Bar Shifter SpriteAtlas.png.meta",".meta","1347","14/07/2026 19:55:35"
"Assets\Texture2D\NewbieCircuit.png",".png","158305","14/07/2026 19:55:34"
"Assets\Texture2D\NewbieCircuit.png.meta",".meta","1346","14/07/2026 19:55:34"
"Assets\Texture2D\OilSlick.png",".png","70833","14/07/2026 19:55:28"
"Assets\Texture2D\OilSlick.png.meta",".meta","1347","14/07/2026 19:55:28"
"Assets\Texture2D\OSCARmap.png",".png","41762","14/07/2026 19:55:49"
"Assets\Texture2D\OSCARmap.png.meta",".meta","1347","14/07/2026 19:55:49"
"Assets\Texture2D\OtherUI SpriteAtlas.png",".png","30386","14/07/2026 19:55:36"
"Assets\Texture2D\OtherUI SpriteAtlas.png.meta",".meta","1346","14/07/2026 19:55:36"
"Assets\Texture2D\particle_4.png",".png","5020","14/07/2026 19:55:50"
"Assets\Texture2D\particle_4.png.meta",".meta","1347","14/07/2026 19:55:50"
"Assets\Texture2D\Perry.png",".png","103769","14/07/2026 19:55:50"
"Assets\Texture2D\Perry.png.meta",".meta","1347","14/07/2026 19:55:50"
"Assets\Texture2D\phineas and ferb fancy highway.png",".png","248926","14/07/2026 19:55:45"
"Assets\Texture2D\phineas and ferb fancy highway.png.meta",".meta","1347","14/07/2026 19:55:45"
"Assets\Texture2D\phineas and ferb grass.png",".png","7181","14/07/2026 19:55:44"
"Assets\Texture2D\phineas and ferb grass.png.meta",".meta","1347","14/07/2026 19:55:44"
"Assets\Texture2D\phineas and ferb skybox 2.png",".png","133887","14/07/2026 19:55:44"
"Assets\Texture2D\phineas and ferb skybox 2.png.meta",".meta","1347","14/07/2026 19:55:44"
"Assets\Texture2D\phineas and ferb skybox top.png",".png","2255","14/07/2026 19:55:45"
"Assets\Texture2D\phineas and ferb skybox top.png.meta",".meta","1347","14/07/2026 19:55:45"
"Assets\Texture2D\phineas and ferb skybox.png",".png","186382","14/07/2026 19:55:42"
"Assets\Texture2D\phineas and ferb skybox.png.meta",".meta","1347","14/07/2026 19:55:42"
"Assets\Texture2D\phineas ferb tunnel exterior texture.png",".png","311059","14/07/2026 19:55:45"
"Assets\Texture2D\phineas ferb tunnel exterior texture.png.meta",".meta","1347","14/07/2026 19:55:45"
"Assets\Texture2D\phineas ferb tunnel texture.png",".png","114794","14/07/2026 19:55:29"
"Assets\Texture2D\phineas ferb tunnel texture.png.meta",".meta","1347","14/07/2026 19:55:29"
"Assets\Texture2D\phineas tree.png",".png","99308","14/07/2026 19:55:44"
"Assets\Texture2D\phineas tree.png.meta",".meta","1347","14/07/2026 19:55:44"
"Assets\Texture2D\phineas underpass exit tunnel.png",".png","112071","14/07/2026 19:55:42"
"Assets\Texture2D\phineas underpass exit tunnel.png.meta",".meta","1347","14/07/2026 19:55:42"
"Assets\Texture2D\Phineas.png",".png","94567","14/07/2026 19:55:48"
"Assets\Texture2D\Phineas.png.meta",".meta","1347","14/07/2026 19:55:48"
"Assets\Texture2D\PhineasBillboardAd.png",".png","429847","14/07/2026 19:55:45"
"Assets\Texture2D\PhineasBillboardAd.png.meta",".meta","1347","14/07/2026 19:55:45"
"Assets\Texture2D\pickup gatorade.png",".png","93949","14/07/2026 19:55:31"
"Assets\Texture2D\pickup gatorade.png.meta",".meta","1347","14/07/2026 19:55:31"
"Assets\Texture2D\pickup rocket.png",".png","89716","14/07/2026 19:55:31"
"Assets\Texture2D\pickup rocket.png.meta",".meta","1347","14/07/2026 19:55:31"
"Assets\Texture2D\pickup shield.png",".png","101148","14/07/2026 19:55:31"
"Assets\Texture2D\pickup shield.png.meta",".meta","1347","14/07/2026 19:55:31"
"Assets\Texture2D\Pie.png",".png","423688","14/07/2026 19:55:40"
"Assets\Texture2D\Pie.png.meta",".meta","1347","14/07/2026 19:55:40"
"Assets\Texture2D\PieShooter.png",".png","414133","14/07/2026 19:55:39"
"Assets\Texture2D\PieShooter.png.meta",".meta","1347","14/07/2026 19:55:39"
"Assets\Texture2D\PieSlick.png",".png","224968","14/07/2026 19:55:41"
"Assets\Texture2D\PieSlick.png.meta",".meta","1347","14/07/2026 19:55:41"
"Assets\Texture2D\PieSplat.png",".png","363001","14/07/2026 19:55:41"
"Assets\Texture2D\PieSplat.png.meta",".meta","1347","14/07/2026 19:55:41"
"Assets\Texture2D\PieSplatEffect SpriteAtlas.png",".png","1493090","14/07/2026 19:55:36"
"Assets\Texture2D\PieSplatEffect SpriteAtlas.png.meta",".meta","1347","14/07/2026 19:55:36"
"Assets\Texture2D\Pine Tree Texture.png",".png","1258584","14/07/2026 19:55:40"
"Assets\Texture2D\Pine Tree Texture.png.meta",".meta","1347","14/07/2026 19:55:40"
"Assets\Texture2D\PowerPlant.png",".png","408592","14/07/2026 19:55:45"
"Assets\Texture2D\PowerPlant.png.meta",".meta","1347","14/07/2026 19:55:45"
"Assets\Texture2D\Pranksgiving Logo.png",".png","370641","14/07/2026 19:55:34"
"Assets\Texture2D\Pranksgiving Logo.png.meta",".meta","1347","14/07/2026 19:55:34"
"Assets\Texture2D\Pranksgiving SpriteAtlas.png",".png","382702","14/07/2026 19:55:33"
"Assets\Texture2D\Pranksgiving SpriteAtlas.png.meta",".meta","1347","14/07/2026 19:55:33"
"Assets\Texture2D\RaceResults SpriteAtlas.png",".png","3653628","14/07/2026 19:55:35"
"Assets\Texture2D\RaceResults SpriteAtlas.png.meta",".meta","1347","14/07/2026 19:55:35"
"Assets\Texture2D\ramp.png",".png","99018","14/07/2026 19:55:34"
"Assets\Texture2D\ramp.png.meta",".meta","1347","14/07/2026 19:55:34"
"Assets\Texture2D\randy.png",".png","43036","14/07/2026 19:55:49"
"Assets\Texture2D\randy.png.meta",".meta","1347","14/07/2026 19:55:49"
"Assets\Texture2D\Retaining Wall Brick.png",".png","1487486","14/07/2026 19:55:40"
"Assets\Texture2D\Retaining Wall Brick.png.meta",".meta","1347","14/07/2026 19:55:40"
"Assets\Texture2D\Rock.png",".png","626301","14/07/2026 19:55:41"
"Assets\Texture2D\Rock.png.meta",".meta","1347","14/07/2026 19:55:41"
"Assets\Texture2D\ScubaGuy.png",".png","180919","14/07/2026 19:55:31"
"Assets\Texture2D\ScubaGuy.png.meta",".meta","1347","14/07/2026 19:55:31"
"Assets\Texture2D\self ilum ramp.png",".png","12398","14/07/2026 19:55:36"
"Assets\Texture2D\self ilum ramp.png.meta",".meta","1347","14/07/2026 19:55:36"
"Assets\Texture2D\Shadow Blob.png",".png","121922","14/07/2026 19:55:48"
"Assets\Texture2D\Shadow Blob.png.meta",".meta","1347","14/07/2026 19:55:48"
"Assets\Texture2D\Shield.png",".png","579697","14/07/2026 19:55:34"
"Assets\Texture2D\Shield.png.meta",".meta","1347","14/07/2026 19:55:34"
"Assets\Texture2D\ShieldDouble.png",".png","601309","14/07/2026 19:55:36"
"Assets\Texture2D\ShieldDouble.png.meta",".meta","1347","14/07/2026 19:55:36"
"Assets\Texture2D\ShieldRimlight.png",".png","187421","14/07/2026 19:55:50"
"Assets\Texture2D\ShieldRimlight.png.meta",".meta","1347","14/07/2026 19:55:50"
"Assets\Texture2D\Shifter Slot Back.png",".png","748189","14/07/2026 19:55:37"
"Assets\Texture2D\Shifter Slot Back.png.meta",".meta","1347","14/07/2026 19:55:37"
"Assets\Texture2D\Shifter Slot Front.png",".png","45493","14/07/2026 19:55:33"
"Assets\Texture2D\Shifter Slot Front.png.meta",".meta","1346","14/07/2026 19:55:33"
"Assets\Texture2D\Sidewalk Tile.png",".png","137842","14/07/2026 19:55:41"
"Assets\Texture2D\Sidewalk Tile.png.meta",".meta","1347","14/07/2026 19:55:41"
"Assets\Texture2D\SmokeRealBlurred.png",".png","111786","14/07/2026 19:55:36"
"Assets\Texture2D\SmokeRealBlurred.png.meta",".meta","1347","14/07/2026 19:55:36"
"Assets\Texture2D\SmokeRingBurst.png",".png","138490","14/07/2026 19:55:36"
"Assets\Texture2D\SmokeRingBurst.png.meta",".meta","1347","14/07/2026 19:55:36"
"Assets\Texture2D\SmokeRingBurstHARD.png",".png","133936","14/07/2026 19:55:34"
"Assets\Texture2D\SmokeRingBurstHARD.png.meta",".meta","1347","14/07/2026 19:55:34"
"Assets\Texture2D\Soda.png",".png","122284","14/07/2026 19:55:44"
"Assets\Texture2D\Soda.png.meta",".meta","1347","14/07/2026 19:55:44"
"Assets\Texture2D\SoosTexture.png",".png","269456","14/07/2026 19:55:49"
"Assets\Texture2D\SoosTexture.png.meta",".meta","1347","14/07/2026 19:55:49"
"Assets\Texture2D\sound icon SpriteAtlas.png",".png","42398","14/07/2026 19:55:34"
"Assets\Texture2D\sound icon SpriteAtlas.png.meta",".meta","1347","14/07/2026 19:55:34"
"Assets\Texture2D\Sparkle.png",".png","19906","14/07/2026 19:55:36"
"Assets\Texture2D\Sparkle.png.meta",".meta","1347","14/07/2026 19:55:36"
"Assets\Texture2D\speakers.png",".png","130869","14/07/2026 19:55:29"
"Assets\Texture2D\speakers.png.meta",".meta","1347","14/07/2026 19:55:29"
"Assets\Texture2D\speed strip.png",".png","86732","14/07/2026 19:55:31"
"Assets\Texture2D\speed strip.png.meta",".meta","1347","14/07/2026 19:55:31"
"Assets\Texture2D\SpinnerGeneric.png",".png","8001","14/07/2026 19:55:46"
"Assets\Texture2D\SpinnerGeneric.png.meta",".meta","1347","14/07/2026 19:55:46"
"Assets\Texture2D\Spinning Tire.png",".png","288007","14/07/2026 19:55:46"
"Assets\Texture2D\Spinning Tire.png.meta",".meta","1347","14/07/2026 19:55:46"
"Assets\Texture2D\SpinSemicircle.png",".png","19074","14/07/2026 19:55:34"
"Assets\Texture2D\SpinSemicircle.png.meta",".meta","1347","14/07/2026 19:55:34"
"Assets\Texture2D\SS Logo.png",".png","1572829","14/07/2026 19:55:33"
"Assets\Texture2D\SS Logo.png.meta",".meta","1347","14/07/2026 19:55:33"
"Assets\Texture2D\SS tutorial logo.png",".png","1325189","14/07/2026 19:55:31"
"Assets\Texture2D\SS tutorial logo.png.meta",".meta","1347","14/07/2026 19:55:31"
"Assets\Texture2D\Static.png",".png","34961","14/07/2026 19:55:36"
"Assets\Texture2D\Static.png.meta",".meta","1347","14/07/2026 19:55:36"
"Assets\Texture2D\Street 1 finish line.png",".png","362056","14/07/2026 19:55:44"
"Assets\Texture2D\Street 1 finish line.png.meta",".meta","1347","14/07/2026 19:55:44"
"Assets\Texture2D\Street 1.png",".png","106787","14/07/2026 19:55:29"
"Assets\Texture2D\Street 1.png.meta",".meta","1347","14/07/2026 19:55:29"
"Assets\Texture2D\Street 1_0.png",".png","1156398","14/07/2026 19:55:38"
"Assets\Texture2D\Street 1_0.png.meta",".meta","1347","14/07/2026 19:55:38"
"Assets\Texture2D\Street Corner.png",".png","109033","14/07/2026 19:55:28"
"Assets\Texture2D\Street Corner.png.meta",".meta","1347","14/07/2026 19:55:28"
"Assets\Texture2D\Street to Dirt Transition.png",".png","1254723","14/07/2026 19:55:41"
"Assets\Texture2D\Street to Dirt Transition.png.meta",".meta","1347","14/07/2026 19:55:41"
"Assets\Texture2D\Swatch Bea.png",".png","8618","14/07/2026 19:55:36"
"Assets\Texture2D\Swatch Bea.png.meta",".meta","1346","14/07/2026 19:55:36"
"Assets\Texture2D\Swatch Black.png",".png","5650","14/07/2026 19:55:34"
"Assets\Texture2D\Swatch Black.png.meta",".meta","1346","14/07/2026 19:55:34"
"Assets\Texture2D\Swatch Blue.png",".png","6191","14/07/2026 19:55:35"
"Assets\Texture2D\Swatch Blue.png.meta",".meta","1346","14/07/2026 19:55:35"
"Assets\Texture2D\Swatch Brad.png",".png","8477","14/07/2026 19:55:34"
"Assets\Texture2D\Swatch Brad.png.meta",".meta","1346","14/07/2026 19:55:34"
"Assets\Texture2D\Swatch Bronze.png",".png","6255","14/07/2026 19:55:34"
"Assets\Texture2D\Swatch Bronze.png.meta",".meta","1346","14/07/2026 19:55:34"
"Assets\Texture2D\Swatch Copper.png",".png","6047","14/07/2026 19:55:35"
"Assets\Texture2D\Swatch Copper.png.meta",".meta","1346","14/07/2026 19:55:35"
"Assets\Texture2D\Swatch Custom Alpha Infernos.png",".png","32262","14/07/2026 19:55:34"
"Assets\Texture2D\Swatch Custom Alpha Infernos.png.meta",".meta","1347","14/07/2026 19:55:34"
"Assets\Texture2D\Swatch Custom Alpha.png",".png","11860","14/07/2026 19:55:34"
"Assets\Texture2D\Swatch Custom Alpha.png.meta",".meta","1346","14/07/2026 19:55:34"
"Assets\Texture2D\Swatch Custom Beta Infernos.png",".png","28367","14/07/2026 19:55:33"
"Assets\Texture2D\Swatch Custom Beta Infernos.png.meta",".meta","1347","14/07/2026 19:55:33"
"Assets\Texture2D\Swatch Custom Beta.png",".png","11739","14/07/2026 19:55:36"
"Assets\Texture2D\Swatch Custom Beta.png.meta",".meta","1346","14/07/2026 19:55:36"
"Assets\Texture2D\Swatch Dipper.png",".png","12286","14/07/2026 19:55:33"
"Assets\Texture2D\Swatch Dipper.png.meta",".meta","1346","14/07/2026 19:55:33"
"Assets\Texture2D\Swatch Ferb.png",".png","6959","14/07/2026 19:55:34"
"Assets\Texture2D\Swatch Ferb.png.meta",".meta","1346","14/07/2026 19:55:34"
"Assets\Texture2D\Swatch Gold.png",".png","6167","14/07/2026 19:55:35"
"Assets\Texture2D\Swatch Gold.png.meta",".meta","1346","14/07/2026 19:55:35"
"Assets\Texture2D\Swatch Gunther.png",".png","10565","14/07/2026 19:55:34"
"Assets\Texture2D\Swatch Gunther.png.meta",".meta","1346","14/07/2026 19:55:34"
"Assets\Texture2D\Swatch Kick.png",".png","8602","14/07/2026 19:55:33"
"Assets\Texture2D\Swatch Kick.png.meta",".meta","1346","14/07/2026 19:55:33"
"Assets\Texture2D\Swatch Mabel.png",".png","15006","14/07/2026 19:55:34"
"Assets\Texture2D\Swatch Mabel.png.meta",".meta","1346","14/07/2026 19:55:34"
"Assets\Texture2D\Swatch Mike.png",".png","6623","14/07/2026 19:55:36"
"Assets\Texture2D\Swatch Mike.png.meta",".meta","1346","14/07/2026 19:55:36"
"Assets\Texture2D\Swatch Milo.png",".png","7912","14/07/2026 19:55:36"
"Assets\Texture2D\Swatch Milo.png.meta",".meta","1346","14/07/2026 19:55:36"
"Assets\Texture2D\Swatch None.png",".png","28755","14/07/2026 19:55:34"
"Assets\Texture2D\Swatch None.png.meta",".meta","1347","14/07/2026 19:55:34"
"Assets\Texture2D\Swatch Oscar.png",".png","8679","14/07/2026 19:55:34"
"Assets\Texture2D\Swatch Oscar.png.meta",".meta","1346","14/07/2026 19:55:34"
"Assets\Texture2D\Swatch Perry.png",".png","7022","14/07/2026 19:55:33"
"Assets\Texture2D\Swatch Perry.png.meta",".meta","1346","14/07/2026 19:55:33"
"Assets\Texture2D\Swatch Phineas.png",".png","6807","14/07/2026 19:55:33"
"Assets\Texture2D\Swatch Phineas.png.meta",".meta","1346","14/07/2026 19:55:33"
"Assets\Texture2D\Swatch Pink.png",".png","6209","14/07/2026 19:55:34"
"Assets\Texture2D\Swatch Pink.png.meta",".meta","1346","14/07/2026 19:55:34"
"Assets\Texture2D\Swatch Purple.png",".png","6169","14/07/2026 19:55:33"
"Assets\Texture2D\Swatch Purple.png.meta",".meta","1346","14/07/2026 19:55:33"
"Assets\Texture2D\Swatch Red.png",".png","5912","14/07/2026 19:55:35"
"Assets\Texture2D\Swatch Red.png.meta",".meta","1346","14/07/2026 19:55:35"
"Assets\Texture2D\Swatch Silver.png",".png","6323","14/07/2026 19:55:34"
"Assets\Texture2D\Swatch Silver.png.meta",".meta","1346","14/07/2026 19:55:34"
"Assets\Texture2D\Swatch Steel.png",".png","5848","14/07/2026 19:55:34"
"Assets\Texture2D\Swatch Steel.png.meta",".meta","1346","14/07/2026 19:55:34"
"Assets\Texture2D\texture additional parts.png",".png","435696","14/07/2026 19:55:46"
"Assets\Texture2D\texture additional parts.png.meta",".meta","1347","14/07/2026 19:55:46"
"Assets\Texture2D\texture kart bea.png",".png","413073","14/07/2026 19:55:48"
"Assets\Texture2D\texture kart bea.png.meta",".meta","1347","14/07/2026 19:55:48"
"Assets\Texture2D\texture kart brad.png",".png","436358","14/07/2026 19:55:48"
"Assets\Texture2D\texture kart brad.png.meta",".meta","1347","14/07/2026 19:55:48"
"Assets\Texture2D\texture kart crap.png",".png","452405","14/07/2026 19:55:48"
"Assets\Texture2D\texture kart crap.png.meta",".meta","1347","14/07/2026 19:55:48"
"Assets\Texture2D\texture kart dipper.png",".png","447265","14/07/2026 19:55:48"
"Assets\Texture2D\texture kart dipper.png.meta",".meta","1347","14/07/2026 19:55:48"
"Assets\Texture2D\texture kart gunther.png",".png","446602","14/07/2026 19:55:50"
"Assets\Texture2D\texture kart gunther.png.meta",".meta","1347","14/07/2026 19:55:50"
"Assets\Texture2D\texture kart kick.png",".png","418393","14/07/2026 19:55:49"
"Assets\Texture2D\texture kart kick.png.meta",".meta","1347","14/07/2026 19:55:49"
"Assets\Texture2D\texture kart mabel.png",".png","441353","14/07/2026 19:55:49"
"Assets\Texture2D\texture kart mabel.png.meta",".meta","1347","14/07/2026 19:55:49"
"Assets\Texture2D\texture kart mike.png",".png","424701","14/07/2026 19:55:49"
"Assets\Texture2D\texture kart mike.png.meta",".meta","1347","14/07/2026 19:55:49"
"Assets\Texture2D\texture kart milo.png",".png","418730","14/07/2026 19:55:49"
"Assets\Texture2D\texture kart milo.png.meta",".meta","1347","14/07/2026 19:55:49"
"Assets\Texture2D\texture kart oscar.png",".png","416950","14/07/2026 19:55:49"
"Assets\Texture2D\texture kart oscar.png.meta",".meta","1347","14/07/2026 19:55:49"
"Assets\Texture2D\texture kart phineas.png",".png","434602","14/07/2026 19:55:49"
"Assets\Texture2D\texture kart phineas.png.meta",".meta","1347","14/07/2026 19:55:49"
"Assets\Texture2D\texture kart randy.png",".png","446739","14/07/2026 19:55:48"
"Assets\Texture2D\texture kart randy.png.meta",".meta","1347","14/07/2026 19:55:48"
"Assets\Texture2D\texture kart01.png",".png","129142","14/07/2026 19:55:49"
"Assets\Texture2D\texture kart01.png.meta",".meta","1347","14/07/2026 19:55:49"
"Assets\Texture2D\texture kart02.png",".png","123853","14/07/2026 19:55:49"
"Assets\Texture2D\texture kart02.png.meta",".meta","1347","14/07/2026 19:55:49"
"Assets\Texture2D\texture kart03.png",".png","125423","14/07/2026 19:55:49"
"Assets\Texture2D\texture kart03.png.meta",".meta","1347","14/07/2026 19:55:49"
"Assets\Texture2D\texture kart04.png",".png","128419","14/07/2026 19:55:49"
"Assets\Texture2D\texture kart04.png.meta",".meta","1347","14/07/2026 19:55:49"
"Assets\Texture2D\texture kart05.png",".png","126687","14/07/2026 19:55:48"
"Assets\Texture2D\texture kart05.png.meta",".meta","1347","14/07/2026 19:55:48"
"Assets\Texture2D\texture kat ferb.png",".png","435641","14/07/2026 19:55:48"
"Assets\Texture2D\texture kat ferb.png.meta",".meta","1347","14/07/2026 19:55:48"
"Assets\Texture2D\texture kat perry.png",".png","416351","14/07/2026 19:55:49"
"Assets\Texture2D\texture kat perry.png.meta",".meta","1347","14/07/2026 19:55:49"
"Assets\Texture2D\texture water.png",".png","7226","14/07/2026 19:55:44"
"Assets\Texture2D\texture water.png.meta",".meta","1347","14/07/2026 19:55:44"
"Assets\Texture2D\texture water2.png",".png","7707","14/07/2026 19:55:43"
"Assets\Texture2D\texture water2.png.meta",".meta","1347","14/07/2026 19:55:43"
"Assets\Texture2D\tile_02.png",".png","59285","14/07/2026 19:55:44"
"Assets\Texture2D\tile_02.png.meta",".meta","1347","14/07/2026 19:55:44"
"Assets\Texture2D\tire face.png",".png","93820","14/07/2026 19:55:28"
"Assets\Texture2D\tire face.png.meta",".meta","1347","14/07/2026 19:55:28"
"Assets\Texture2D\tiret.png",".png","113003","14/07/2026 19:55:29"
"Assets\Texture2D\tiret.png.meta",".meta","1347","14/07/2026 19:55:29"
"Assets\Texture2D\track 01 container.png",".png","34678","14/07/2026 19:55:28"
"Assets\Texture2D\track 01 container.png.meta",".meta","1347","14/07/2026 19:55:28"
"Assets\Texture2D\track 01 container2.png",".png","35593","14/07/2026 19:55:29"
"Assets\Texture2D\track 01 container2.png.meta",".meta","1347","14/07/2026 19:55:29"
"Assets\Texture2D\track01 ends.png",".png","107236","14/07/2026 19:55:29"
"Assets\Texture2D\track01 ends.png.meta",".meta","1347","14/07/2026 19:55:29"
"Assets\Texture2D\track01 hills.png",".png","125288","14/07/2026 19:55:44"
"Assets\Texture2D\track01 hills.png.meta",".meta","1347","14/07/2026 19:55:44"
"Assets\Texture2D\Track01-sign.png",".png","196046","14/07/2026 19:55:32"
"Assets\Texture2D\Track01-sign.png.meta",".meta","1347","14/07/2026 19:55:32"
"Assets\Texture2D\Track01_Basketball_hoop.png",".png","55305","14/07/2026 19:55:31"
"Assets\Texture2D\Track01_Basketball_hoop.png.meta",".meta","1347","14/07/2026 19:55:31"
"Assets\Texture2D\Trafic Light SpriteAtlas.png",".png","347183","14/07/2026 19:55:31"
"Assets\Texture2D\Trafic Light SpriteAtlas.png.meta",".meta","1347","14/07/2026 19:55:31"
"Assets\Texture2D\TripWireShield.png",".png","131774","14/07/2026 19:55:34"
"Assets\Texture2D\TripWireShield.png.meta",".meta","1347","14/07/2026 19:55:34"
"Assets\Texture2D\TurkeyGooShooter.png",".png","1338175","14/07/2026 19:55:40"
"Assets\Texture2D\TurkeyGooShooter.png.meta",".meta","1347","14/07/2026 19:55:40"
"Assets\Texture2D\Vertical strays SpriteAtlas.png",".png","663332","14/07/2026 19:55:37"
"Assets\Texture2D\Vertical strays SpriteAtlas.png.meta",".meta","1347","14/07/2026 19:55:37"
"Assets\Texture2D\Water Caustics.png",".png","80885","14/07/2026 19:55:31"
"Assets\Texture2D\Water Caustics.png.meta",".meta","1347","14/07/2026 19:55:31"
"Assets\Texture2D\white wall 2.png",".png","437610","14/07/2026 19:55:44"
"Assets\Texture2D\white wall 2.png.meta",".meta","1347","14/07/2026 19:55:44"
"Assets\Texture2D\white wall.png",".png","456131","14/07/2026 19:55:44"
"Assets\Texture2D\white wall.png.meta",".meta","1347","14/07/2026 19:55:44"
"Assets\Texture2D\WhoopieCushion.png",".png","986843","14/07/2026 19:55:41"
"Assets\Texture2D\WhoopieCushion.png.meta",".meta","1347","14/07/2026 19:55:41"
"Assets\Texture2D\wrench.png",".png","26929","14/07/2026 19:55:34"
"Assets\Texture2D\wrench.png.meta",".meta","1347","14/07/2026 19:55:34"
"Packages\manifest.json",".json","1406","14/07/2026 19:55:53"
"ProjectSettings\AudioManager.asset",".asset","233","14/07/2026 19:55:52"
"ProjectSettings\DelayedCallManager.asset",".asset","97","14/07/2026 19:55:52"
"ProjectSettings\DynamicsManager.asset",".asset","639","14/07/2026 19:55:52"
"ProjectSettings\EditorBuildSettings.asset",".asset","1271","14/07/2026 19:55:53"
"ProjectSettings\EditorSettings.asset",".asset","315","14/07/2026 19:55:53"
"ProjectSettings\GraphicsSettings.asset",".asset","187","14/07/2026 19:55:52"
"ProjectSettings\InputManager.asset",".asset","2041","14/07/2026 19:55:52"
"ProjectSettings\MasterServerInterface.asset",".asset","101","14/07/2026 19:55:52"
"ProjectSettings\NavMeshLayers.asset",".asset","1878","14/07/2026 19:55:52"
"ProjectSettings\NetworkManager.asset",".asset","60364","14/07/2026 19:55:52"
"ProjectSettings\Physics2DSettings.asset",".asset","521","14/07/2026 19:55:52"
"ProjectSettings\ProjectSettings.asset",".asset","5488","14/07/2026 19:55:52"
"ProjectSettings\ProjectVersion.txt",".txt","25","14/07/2026 19:55:53"
"ProjectSettings\QualitySettings.asset",".asset","2962","14/07/2026 19:55:52"
"ProjectSettings\TagManager.asset",".asset","909","14/07/2026 19:55:52"
"ProjectSettings\TimeManager.asset",".asset","170","14/07/2026 19:55:52"
