"RelativePath","Extension","Size"
"Assets\AnimationClip\AchievementIN.anim",".anim","1682"
"Assets\AnimationClip\AchievementOUT.anim",".anim","1820"
"Assets\AnimationClip\Arrow Bounce Size.anim",".anim","1588"
"Assets\AnimationClip\ArrowThrob.anim",".anim","1849"
"Assets\AnimationClip\ArrowThrobLeft.anim",".anim","1667"
"Assets\AnimationClip\bea_cheering.anim",".anim","50881"
"Assets\AnimationClip\bea_driving.anim",".anim","31860"
"Assets\AnimationClip\bea_fist.anim",".anim","37401"
"Assets\AnimationClip\bea_handsUp.anim",".anim","44313"
"Assets\AnimationClip\bea_idle.anim",".anim","36332"
"Assets\AnimationClip\bea_idle2.anim",".anim","33678"
"Assets\AnimationClip\bea_idle3.anim",".anim","31823"
"Assets\AnimationClip\bea_selection.anim",".anim","63504"
"Assets\AnimationClip\bea_sitting.anim",".anim","19204"
"Assets\AnimationClip\bea_turnLeft.anim",".anim","19238"
"Assets\AnimationClip\bea_turnRight.anim",".anim","19236"
"Assets\AnimationClip\bea_wave.anim",".anim","35117"
"Assets\AnimationClip\brad_cheering.anim",".anim","72179"
"Assets\AnimationClip\brad_driving.anim",".anim","58217"
"Assets\AnimationClip\brad_fist.anim",".anim","50987"
"Assets\AnimationClip\brad_handsUp.anim",".anim","55408"
"Assets\AnimationClip\brad_idle.anim",".anim","49943"
"Assets\AnimationClip\brad_idle2.anim",".anim","49610"
"Assets\AnimationClip\brad_idle3.anim",".anim","64711"
"Assets\AnimationClip\brad_selection.anim",".anim","90636"
"Assets\AnimationClip\brad_sitting.anim",".anim","28386"
"Assets\AnimationClip\brad_turnLeft.anim",".anim","28415"
"Assets\AnimationClip\brad_turnRight.anim",".anim","28453"
"Assets\AnimationClip\brad_wave.anim",".anim","45438"
"Assets\AnimationClip\burstThrob.anim",".anim","1711"
"Assets\AnimationClip\CharacterSelectArrowLeft.anim",".anim","1680"
"Assets\AnimationClip\CharacterSelectArrowRight.anim",".anim","1671"
"Assets\AnimationClip\clam open.anim",".anim","2918"
"Assets\AnimationClip\crash_cheering.anim",".anim","70562"
"Assets\AnimationClip\crash_driving.anim",".anim","56575"
"Assets\AnimationClip\crash_fist.anim",".anim","51024"
"Assets\AnimationClip\crash_handsUp.anim",".anim","58211"
"Assets\AnimationClip\crash_idle.anim",".anim","47482"
"Assets\AnimationClip\crash_idle2.anim",".anim","44803"
"Assets\AnimationClip\crash_idle3.anim",".anim","48278"
"Assets\AnimationClip\crash_selection.anim",".anim","83754"
"Assets\AnimationClip\crash_sitting.anim",".anim","28362"
"Assets\AnimationClip\crash_turnLeft.anim",".anim","28430"
"Assets\AnimationClip\crash_turnRight.anim",".anim","28478"
"Assets\AnimationClip\crash_wave.anim",".anim","45205"
"Assets\AnimationClip\CustomizerArrowLeft.anim",".anim","1663"
"Assets\AnimationClip\CustomizerArrowRight.anim",".anim","1671"
"Assets\AnimationClip\Default Take.anim",".anim","2327"
"Assets\AnimationClip\Default Take_0.anim",".anim","5235"
"Assets\AnimationClip\Default Take_1.anim",".anim","3701"
"Assets\AnimationClip\Default Take_10.anim",".anim","29571"
"Assets\AnimationClip\Default Take_11.anim",".anim","58051"
"Assets\AnimationClip\Default Take_12.anim",".anim","31826"
"Assets\AnimationClip\Default Take_13.anim",".anim","53909"
"Assets\AnimationClip\Default Take_14.anim",".anim","79307"
"Assets\AnimationClip\Default Take_15.anim",".anim","278384"
"Assets\AnimationClip\Default Take_16.anim",".anim","186439"
"Assets\AnimationClip\Default Take_17.anim",".anim","58164"
"Assets\AnimationClip\Default Take_2.anim",".anim","42708"
"Assets\AnimationClip\Default Take_3.anim",".anim","47484"
"Assets\AnimationClip\Default Take_4.anim",".anim","54662"
"Assets\AnimationClip\Default Take_5.anim",".anim","74762"
"Assets\AnimationClip\Default Take_6.anim",".anim","72090"
"Assets\AnimationClip\Default Take_7.anim",".anim","59318"
"Assets\AnimationClip\Default Take_8.anim",".anim","51627"
"Assets\AnimationClip\Default Take_9.anim",".anim","48978"
"Assets\AnimationClip\dipper_cheering.anim",".anim","51917"
"Assets\AnimationClip\dipper_driving.anim",".anim","50697"
"Assets\AnimationClip\dipper_fist.anim",".anim","42479"
"Assets\AnimationClip\dipper_handsUp.anim",".anim","44662"
"Assets\AnimationClip\dipper_idle.anim",".anim","40912"
"Assets\AnimationClip\dipper_idle2.anim",".anim","32616"
"Assets\AnimationClip\dipper_idle3.anim",".anim","59318"
"Assets\AnimationClip\dipper_selection.anim",".anim","73182"
"Assets\AnimationClip\dipper_sitting.anim",".anim","26949"
"Assets\AnimationClip\dipper_turnLeft.anim",".anim","26920"
"Assets\AnimationClip\dipper_turnRight.anim",".anim","26944"
"Assets\AnimationClip\dipper_wave.anim",".anim","38889"
"Assets\AnimationClip\Ferb_cheering.anim",".anim","77369"
"Assets\AnimationClip\Ferb_driving.anim",".anim","61148"
"Assets\AnimationClip\Ferb_fist.anim",".anim","52064"
"Assets\AnimationClip\Ferb_handsUp.anim",".anim","60646"
"Assets\AnimationClip\Ferb_idle.anim",".anim","39982"
"Assets\AnimationClip\Ferb_idle2.anim",".anim","39429"
"Assets\AnimationClip\Ferb_idle3.anim",".anim","41413"
"Assets\AnimationClip\Ferb_selection.anim",".anim","58166"
"Assets\AnimationClip\Ferb_sitting.anim",".anim","28757"
"Assets\AnimationClip\Ferb_turnLeft.anim",".anim","28917"
"Assets\AnimationClip\Ferb_turnRight.anim",".anim","28726"
"Assets\AnimationClip\Ferb_wave.anim",".anim","50788"
"Assets\AnimationClip\FH Plant 2.anim",".anim","1624"
"Assets\AnimationClip\FH Plant.anim",".anim","1952"
"Assets\AnimationClip\Garage Door.anim",".anim","1690"
"Assets\AnimationClip\gunther_cheering.anim",".anim","71970"
"Assets\AnimationClip\gunther_driving.anim",".anim","59271"
"Assets\AnimationClip\gunther_fist.anim",".anim","45428"
"Assets\AnimationClip\gunther_handsUp.anim",".anim","54944"
"Assets\AnimationClip\gunther_idle.anim",".anim","55005"
"Assets\AnimationClip\gunther_idle2.anim",".anim","45891"
"Assets\AnimationClip\gunther_idle3.anim",".anim","48979"
"Assets\AnimationClip\gunther_selection.anim",".anim","84094"
"Assets\AnimationClip\gunther_sitting.anim",".anim","28323"
"Assets\AnimationClip\gunther_turnLeft.anim",".anim","31420"
"Assets\AnimationClip\gunther_turnRight.anim",".anim","28360"
"Assets\AnimationClip\gunther_wave.anim",".anim","46289"
"Assets\AnimationClip\kick_cheering.anim",".anim","166269"
"Assets\AnimationClip\kick_driving.anim",".anim","129362"
"Assets\AnimationClip\kick_fist.anim",".anim","93910"
"Assets\AnimationClip\kick_handsUp.anim",".anim","111982"
"Assets\AnimationClip\kick_idle.anim",".anim","111911"
"Assets\AnimationClip\kick_idle2.anim",".anim","106073"
"Assets\AnimationClip\kick_idle3.anim",".anim","126749"
"Assets\AnimationClip\kick_selection.anim",".anim","229720"
"Assets\AnimationClip\kick_sitting.anim",".anim","56539"
"Assets\AnimationClip\kick_turnLeft.anim",".anim","56719"
"Assets\AnimationClip\kick_turnRight.anim",".anim","56572"
"Assets\AnimationClip\kick_wave.anim",".anim","94642"
"Assets\AnimationClip\LaserFence2.anim",".anim","12439"
"Assets\AnimationClip\LogoIn.anim",".anim","2132"
"Assets\AnimationClip\mabel_cheering.anim",".anim","55813"
"Assets\AnimationClip\mabel_driving.anim",".anim","53247"
"Assets\AnimationClip\mabel_fist.anim",".anim","39161"
"Assets\AnimationClip\mabel_handsUp.anim",".anim","44593"
"Assets\AnimationClip\mabel_idle.anim",".anim","43229"
"Assets\AnimationClip\mabel_idle2.anim",".anim","39976"
"Assets\AnimationClip\mabel_idle3.anim",".anim","52641"
"Assets\AnimationClip\mabel_selection.anim",".anim","79310"
"Assets\AnimationClip\mabel_sitting.anim",".anim","26998"
"Assets\AnimationClip\mabel_turnLeft.anim",".anim","27114"
"Assets\AnimationClip\mabel_turnRight.anim",".anim","26987"
"Assets\AnimationClip\mabel_wave.anim",".anim","39568"
"Assets\AnimationClip\mike_cheering.anim",".anim","65146"
"Assets\AnimationClip\mike_driving.anim",".anim","52964"
"Assets\AnimationClip\mike_fist.anim",".anim","45003"
"Assets\AnimationClip\mike_handsUp.anim",".anim","48591"
"Assets\AnimationClip\mike_idle.anim",".anim","57045"
"Assets\AnimationClip\mike_idle2.anim",".anim","55610"
"Assets\AnimationClip\mike_idle3.anim",".anim","74674"
"Assets\AnimationClip\mike_selection.anim",".anim","74764"
"Assets\AnimationClip\mike_sitting.anim",".anim","28183"
"Assets\AnimationClip\mike_turnLeft.anim",".anim","28339"
"Assets\AnimationClip\mike_turnRight.anim",".anim","28410"
"Assets\AnimationClip\mike_wave.anim",".anim","41175"
"Assets\AnimationClip\milo_cheering.anim",".anim","87493"
"Assets\AnimationClip\milo_driving.anim",".anim","42162"
"Assets\AnimationClip\milo_fist.anim",".anim","49468"
"Assets\AnimationClip\milo_handsUp.anim",".anim","83303"
"Assets\AnimationClip\milo_idle.anim",".anim","51624"
"Assets\AnimationClip\milo_idle2.anim",".anim","44437"
"Assets\AnimationClip\milo_idle3.anim",".anim","45047"
"Assets\AnimationClip\milo_selection.anim",".anim","78937"
"Assets\AnimationClip\milo_sitting.anim",".anim","19255"
"Assets\AnimationClip\milo_turnLeft.anim",".anim","19411"
"Assets\AnimationClip\milo_turnRight.anim",".anim","19358"
"Assets\AnimationClip\milo_wave.anim",".anim","48056"
"Assets\AnimationClip\MineWarning.anim",".anim","1679"
"Assets\AnimationClip\NavBlipThrob.anim",".anim","1707"
"Assets\AnimationClip\oscar_cheering.anim",".anim","65803"
"Assets\AnimationClip\oscar_driving.anim",".anim","34873"
"Assets\AnimationClip\oscar_fist.anim",".anim","43126"
"Assets\AnimationClip\oscar_handsUp.anim",".anim","59150"
"Assets\AnimationClip\oscar_idle.anim",".anim","28750"
"Assets\AnimationClip\oscar_idle2.anim",".anim","30312"
"Assets\AnimationClip\oscar_idle3.anim",".anim","29570"
"Assets\AnimationClip\oscar_selection.anim",".anim","42700"
"Assets\AnimationClip\oscar_sitting.anim",".anim","19306"
"Assets\AnimationClip\oscar_turnLeft.anim",".anim","19307"
"Assets\AnimationClip\oscar_turnRight.anim",".anim","19326"
"Assets\AnimationClip\oscar_wave.anim",".anim","42562"
"Assets\AnimationClip\Perry_cheering.anim",".anim","66924"
"Assets\AnimationClip\Perry_driving.anim",".anim","66196"
"Assets\AnimationClip\Perry_fist.anim",".anim","43564"
"Assets\AnimationClip\Perry_handsUp.anim",".anim","50957"
"Assets\AnimationClip\Perry_idle.anim",".anim","63281"
"Assets\AnimationClip\Perry_idle2.anim",".anim","62172"
"Assets\AnimationClip\Perry_idle3.anim",".anim","66745"
"Assets\AnimationClip\Perry_selection.anim",".anim","72093"
"Assets\AnimationClip\Perry_sitting.anim",".anim","32850"
"Assets\AnimationClip\Perry_turnLeft.anim",".anim","33029"
"Assets\AnimationClip\Perry_turnRight.anim",".anim","32861"
"Assets\AnimationClip\Perry_wave.anim",".anim","44337"
"Assets\AnimationClip\Phineas_cheering.anim",".anim","61034"
"Assets\AnimationClip\Phineas_driving.anim",".anim","50398"
"Assets\AnimationClip\Phineas_fist.anim",".anim","42775"
"Assets\AnimationClip\Phineas_handsUp.anim",".anim","48772"
"Assets\AnimationClip\Phineas_idle.anim",".anim","44392"
"Assets\AnimationClip\Phineas_idle2.anim",".anim","48187"
"Assets\AnimationClip\Phineas_idle3.anim",".anim","54663"
"Assets\AnimationClip\Phineas_selection.anim",".anim","57101"
"Assets\AnimationClip\Phineas_sitting.anim",".anim","28312"
"Assets\AnimationClip\Phineas_turnLeft.anim",".anim","28447"
"Assets\AnimationClip\Phineas_turnRight.anim",".anim","28415"
"Assets\AnimationClip\Phineas_wave.anim",".anim","42310"
"Assets\AnimationClip\PlayMenuIn.anim",".anim","1682"
"Assets\AnimationClip\PlaySumLowerLeftArrow.anim",".anim","1630"
"Assets\AnimationClip\PlaySumLowerRightArrow.anim",".anim","1626"
"Assets\AnimationClip\PlaySumUpperArrowRight.anim",".anim","1647"
"Assets\AnimationClip\PlaySumUpperLeftArrow.anim",".anim","1651"
"Assets\AnimationClip\PreviewText.anim",".anim","1697"
"Assets\AnimationClip\Randy_cheering.anim",".anim","190939"
"Assets\AnimationClip\Randy_driving.anim",".anim","71664"
"Assets\AnimationClip\Randy_fist.anim",".anim","91129"
"Assets\AnimationClip\Randy_handsUp.anim",".anim","119905"
"Assets\AnimationClip\Randy_idle.anim",".anim","168969"
"Assets\AnimationClip\Randy_idle2.anim",".anim","278383"
"Assets\AnimationClip\Randy_idle3.anim",".anim","260253"
"Assets\AnimationClip\Randy_selection.anim",".anim","229912"
"Assets\AnimationClip\Randy_sitting.anim",".anim","71760"
"Assets\AnimationClip\Randy_turnLeft.anim",".anim","61221"
"Assets\AnimationClip\Randy_turnRight.anim",".anim","61506"
"Assets\AnimationClip\Randy_wave.anim",".anim","91881"
"Assets\AnimationClip\soos_cheering.anim",".anim","78611"
"Assets\AnimationClip\soos_driving.anim",".anim","52690"
"Assets\AnimationClip\soos_fist.anim",".anim","52330"
"Assets\AnimationClip\soos_handsUp.anim",".anim","63829"
"Assets\AnimationClip\soos_idle.anim",".anim","68665"
"Assets\AnimationClip\soos_idle2.anim",".anim","53138"
"Assets\AnimationClip\soos_idle3.anim",".anim","57484"
"Assets\AnimationClip\soos_selection.anim",".anim","79950"
"Assets\AnimationClip\soos_sitting.anim",".anim","28752"
"Assets\AnimationClip\soos_turnLeft.anim",".anim","28829"
"Assets\AnimationClip\soos_turnRight.anim",".anim","28417"
"Assets\AnimationClip\soos_wave.anim",".anim","51539"
"Assets\AnimationClip\Take 001.anim",".anim","17757"
"Assets\AnimationClip\ThrobCheckmark.anim",".anim","1726"
"Assets\AnimationClip\ThrobGO.anim",".anim","1747"
"Assets\AnimationClip\ThrobPlay2.anim",".anim","1812"
"Assets\AnimationClip\ThrobRaceSummary.anim",".anim","1743"
"Assets\AnimationClip\TrafficLightIn.anim",".anim","1718"
"Assets\AnimationClip\WhoopieHit.anim",".anim","1923"
"Assets\AnimationClip\WrongWaySign.anim",".anim","1659"
"Assets\AudioClip\ACK_MABEL_f.mp3",".mp3","11040"
"Assets\AudioClip\amb_city_lp.mp3",".mp3","610743"
"Assets\AudioClip\amb_crowd_cheering_lp.mp3",".mp3","247118"
"Assets\AudioClip\amb_water_flowing_lp.wav",".wav","309384"
"Assets\AudioClip\ARGH_MABEL_b.mp3",".mp3","18240"
"Assets\AudioClip\AWW_MABEL_b.mp3",".mp3","18240"
"Assets\AudioClip\basketball_bounce.wav",".wav","46106"
"Assets\AudioClip\BEA Super Speedway AHH_01.mp3",".mp3","13920"
"Assets\AudioClip\BEA Super Speedway ARGH_02.mp3",".mp3","8640"
"Assets\AudioClip\BEA Super Speedway HAA HAA_04.mp3",".mp3","15360"
"Assets\AudioClip\BEA Super Speedway HEE HEE_01.mp3",".mp3","9600"
"Assets\AudioClip\BEA Super Speedway OH OH_03.mp3",".mp3","10080"
"Assets\AudioClip\BEA Super Speedway WHOO HOO_02.mp3",".mp3","14880"
"Assets\AudioClip\BRAD_ARGH_b.mp3",".mp3","17280"
"Assets\AudioClip\BRAD_HAA HAA_b.mp3",".mp3","54240"
"Assets\AudioClip\BRAD_HEY COME ON_a.mp3",".mp3","22080"
"Assets\AudioClip\BRAD_UH OH_a.mp3",".mp3","9120"
"Assets\AudioClip\BRAD_WHOO HOO_b.mp3",".mp3","57120"
"Assets\AudioClip\BRAD_YEA BRAD_c.mp3",".mp3","39360"
"Assets\AudioClip\coin_pickup.wav",".wav","127546"
"Assets\AudioClip\DSS_DIPPER_AhHaHa_01.mp3",".mp3","16800"
"Assets\AudioClip\DSS_DIPPER_Ahh_01.mp3",".mp3","7680"
"Assets\AudioClip\DSS_DIPPER_Aww_01.mp3",".mp3","16800"
"Assets\AudioClip\DSS_DIPPER_UhOh_01.mp3",".mp3","12000"
"Assets\AudioClip\DSS_DIPPER_WooHoo_01.mp3",".mp3","19200"
"Assets\AudioClip\DSS_FERB_Ahhh_01.mp3",".mp3","21120"
"Assets\AudioClip\DSS_FERB_Aww_02.mp3",".mp3","15360"
"Assets\AudioClip\DSS_FERB_Aww_04.mp3",".mp3","16800"
"Assets\AudioClip\DSS_FERB_HaHaa_01.mp3",".mp3","20160"
"Assets\AudioClip\DSS_FERB_Uhoh_03.mp3",".mp3","11040"
"Assets\AudioClip\DSS_FERB_Woo_01.mp3",".mp3","20160"
"Assets\AudioClip\DSS_MILO_Ahh_01.mp3",".mp3","8640"
"Assets\AudioClip\DSS_MILO_Arrgh_02.mp3",".mp3","14880"
"Assets\AudioClip\DSS_MILO_Aww_01.mp3",".mp3","23040"
"Assets\AudioClip\DSS_MILO_HaHaa_01.mp3",".mp3","24000"
"Assets\AudioClip\DSS_MILO_UhOh_02.mp3",".mp3","11520"
"Assets\AudioClip\DSS_MILO_WooHoo_01.mp3",".mp3","24480"
"Assets\AudioClip\DSS_MILO_Woo_01.mp3",".mp3","15360"
"Assets\AudioClip\DSS_PHINEAS_Ack_01.mp3",".mp3","12960"
"Assets\AudioClip\DSS_PHINEAS_Aww_01.mp3",".mp3","20640"
"Assets\AudioClip\DSS_PHINEAS_HaHaa_03.mp3",".mp3","21120"
"Assets\AudioClip\DSS_PHINEAS_UhOh_01.mp3",".mp3","12960"
"Assets\AudioClip\DSS_PHINEAS_WooHoo_01.mp3",".mp3","28800"
"Assets\AudioClip\DSS_PHINEAS_Woo_01.mp3",".mp3","27360"
"Assets\AudioClip\engine04_idle_lp_01.wav",".wav","154444"
"Assets\AudioClip\Engine_Revs_01.wav",".wav","252586"
"Assets\AudioClip\Engine_Revs_02.wav",".wav","299426"
"Assets\AudioClip\Engine_Revs_03.wav",".wav","289240"
"Assets\AudioClip\Fish Hooks FINAL Main Title MUSIC ONLY loop.mp3",".mp3","529440"
"Assets\AudioClip\GUI Beep.wav",".wav","30312"
"Assets\AudioClip\GUNTHER_ahh_a.mp3",".mp3","15674"
"Assets\AudioClip\GUNTHER_aww_c.mp3",".mp3","20376"
"Assets\AudioClip\GUNTHER_ha_ha_a.mp3",".mp3","31347"
"Assets\AudioClip\GUNTHER_whoooo_b.mp3",".mp3","33959"
"Assets\AudioClip\GUNTHER_yikes_c.mp3",".mp3","19331"
"Assets\AudioClip\GUNTHER_yipe_c.mp3",".mp3","24555"
"Assets\AudioClip\HAA_HAA_MABEL_a.mp3",".mp3","22560"
"Assets\AudioClip\HEE_HEE_MABEL_d.mp3",".mp3","48960"
"Assets\AudioClip\impact_noglass_01.wav",".wav","69330"
"Assets\AudioClip\impact_noglass_02.wav",".wav","85156"
"Assets\AudioClip\impact_noglass_03.wav",".wav","107058"
"Assets\AudioClip\imp_oil_Slick.wav",".wav","81574"
"Assets\AudioClip\jump_landing.wav",".wav","92844"
"Assets\AudioClip\KB Main Title TRK (FINAL) - loop.mp3",".mp3","537120"
"Assets\AudioClip\KICK_argh_b.mp3",".mp3","18808"
"Assets\AudioClip\KICK_ayee_b.mp3",".mp3","35004"
"Assets\AudioClip\KICK_haa_haa_b.mp3",".mp3","31347"
"Assets\AudioClip\KICK_uhoh_b.mp3",".mp3","12539"
"Assets\AudioClip\KICK_whoo_hoo_a.mp3",".mp3","19331"
"Assets\AudioClip\KICK_yikes_a.mp3",".mp3","13584"
"Assets\AudioClip\Lazer #3.wav",".wav","55054"
"Assets\AudioClip\LAZER2.wav",".wav","90668"
"Assets\AudioClip\Light_Beep_Countdown.wav",".wav","41722"
"Assets\AudioClip\Light_Beep_Start.wav",".wav","60532"
"Assets\AudioClip\Mike Chilton_ahh_b.mp3",".mp3","18808"
"Assets\AudioClip\Mike Chilton_aww_c.mp3",".mp3","16196"
"Assets\AudioClip\Mike Chilton_haa_haa_a.mp3",".mp3","26122"
"Assets\AudioClip\Mike Chilton_hee_hee_b.mp3",".mp3","22465"
"Assets\AudioClip\Mike Chilton_uh_oh_b.mp3",".mp3","10971"
"Assets\AudioClip\Mike Chilton_whoooo_f.mp3",".mp3","23510"
"Assets\AudioClip\Missile Hits Shield.mp3",".mp3","88800"
"Assets\AudioClip\mus_lose.mp3",".mp3","80457"
"Assets\AudioClip\mus_win.mp3",".mp3","90906"
"Assets\AudioClip\NINJA_AHH_a.mp3",".mp3","12539"
"Assets\AudioClip\NINJA_AWW_a.mp3",".mp3","17763"
"Assets\AudioClip\NINJA_HEE HEE_a.mp3",".mp3","17763"
"Assets\AudioClip\NINJA_NYA NYA_a.mp3",".mp3","20898"
"Assets\AudioClip\NINJA_WHOO HOO_a.mp3",".mp3","15674"
"Assets\AudioClip\NINJA_YIKES_a.mp3",".mp3","17241"
"Assets\AudioClip\PERRY_GURGLE.mp3",".mp3","34080"
"Assets\AudioClip\PF Main Title TRK - loop.mp3",".mp3","428640"
"Assets\AudioClip\powerup.wav",".wav","79252"
"Assets\AudioClip\powerup_coin.wav",".wav","45182"
"Assets\AudioClip\pyro_fire_burst.wav",".wav","236910"
"Assets\AudioClip\rocket_exp.wav",".wav","166610"
"Assets\AudioClip\rocket_fire.wav",".wav","132818"
"Assets\AudioClip\rocket_impact_shield.wav",".wav","197276"
"Assets\AudioClip\rocket_lp.wav",".wav","96962"
"Assets\AudioClip\scene_whoosh_01.wav",".wav","161926"
"Assets\AudioClip\scene_whoosh_02.wav",".wav","147040"
"Assets\AudioClip\scene_whoosh_03.wav",".wav","113622"
"Assets\AudioClip\Shield Activate.mp3",".mp3","45600"
"Assets\AudioClip\SI-6037_08_05.wav",".wav","77616"
"Assets\AudioClip\Success_Fanfare.wav",".wav","377348"
"Assets\AudioClip\SUPER SPEEDWAY OSCAR VO AHH_02.mp3",".mp3","9600"
"Assets\AudioClip\SUPER SPEEDWAY OSCAR VO AWW_02.mp3",".mp3","18240"
"Assets\AudioClip\SUPER SPEEDWAY OSCAR VO HAA HAA_03.mp3",".mp3","30720"
"Assets\AudioClip\SUPER SPEEDWAY OSCAR VO NYA NYA_02.mp3",".mp3","24960"
"Assets\AudioClip\SUPER SPEEDWAY OSCAR VO WAHHH WAHHH_04.mp3",".mp3","33600"
"Assets\AudioClip\SUPER SPEEDWAY OSCAR VO WHOOOOO_01.mp3",".mp3","30720"
"Assets\AudioClip\the-movement-loop01.mp3",".mp3","290482"
"Assets\AudioClip\tire_squeal_lp_01.wav",".wav","389420"
"Assets\AudioClip\UH_OH_MABEL_b.mp3",".mp3","11040"
"Assets\AudioClip\ui_buy_button_press.wav",".wav","47826"
"Assets\AudioClip\ui_coins_added.wav",".wav","59680"
"Assets\AudioClip\ui_select.wav",".wav","6680"
"Assets\AudioClip\ui_shift_01.wav",".wav","26850"
"Assets\AudioClip\ui_shift_02.wav",".wav","47768"
"Assets\AudioClip\ui_shift_03.wav",".wav","49818"
"Assets\AudioClip\WHOO_HOO_MABEL_a.mp3",".mp3","20160"
"Assets\AudioClip\wrong_way_buzzer.wav",".wav","48240"
"Assets\AudioClip\YIKES_MABEL_a.mp3",".mp3","13920"
"Assets\Font\Cabin-SemiBold.otf",".otf","54364"
"Assets\Font\CCUpUpAndAway.asset",".asset","108553"
"Assets\Font\VAG Rounded Black.otf",".otf","30508"
"Assets\GameObject\+AchievementManager.prefab",".prefab","8924"
"Assets\GameObject\+DataUtility.prefab",".prefab","1488"
"Assets\GameObject\+Localize.prefab",".prefab","1493"
"Assets\GameObject\+PlayerInstance.prefab",".prefab","2086"
"Assets\GameObject\+Screen Timeout Controller.prefab",".prefab","1346"
"Assets\GameObject\+StreamManager.prefab",".prefab","1334"
"Assets\GameObject\+TrackUnlockHelper.prefab",".prefab","4457"
"Assets\GameObject\1 - Lil Wheelies Custom.prefab",".prefab","1773"
"Assets\GameObject\1 - Lil' Scoop.prefab",".prefab","2250"
"Assets\GameObject\1 - Lil' Spoiler (Truck).prefab",".prefab","2527"
"Assets\GameObject\1 - Lil' Spoiler Forms.prefab",".prefab","1621"
"Assets\GameObject\1 - Lil' Spoiler.prefab",".prefab","2506"
"Assets\GameObject\1 - Lil' Thrusties (Truck).prefab",".prefab","2387"
"Assets\GameObject\1 - Lil' Thrusties Forms.prefab",".prefab","1623"
"Assets\GameObject\1 - Lil' Thrusties.prefab",".prefab","2366"
"Assets\GameObject\1 - Lil' Wheelies (Bike).prefab",".prefab","2056"
"Assets\GameObject\1 - Lil' Wheelies (Truck).prefab",".prefab","2060"
"Assets\GameObject\1 - Lil' Wheelies.prefab",".prefab","2039"
"Assets\GameObject\1 - Lil'Kart (Bike).prefab",".prefab","2130"
"Assets\GameObject\1 - Lil'Kart (Truck).prefab",".prefab","2134"
"Assets\GameObject\1 - Lil'Kart Forms.prefab",".prefab","1617"
"Assets\GameObject\1 - Lil'Kart.prefab",".prefab","2113"
"Assets\GameObject\1 - Lil'Wheelie Forms.prefab",".prefab","1620"
"Assets\GameObject\2 - Scorchin' Thrusters (Truck).prefab",".prefab","2390"
"Assets\GameObject\2 - Scorchin' Thrusters Forms.prefab",".prefab","1628"
"Assets\GameObject\2 - Scorchin' Thrusters.prefab",".prefab","2369"
"Assets\GameObject\2 - Speeder Wheels (Bike).prefab",".prefab","2081"
"Assets\GameObject\2 - Speeder Wheels (Truck).prefab",".prefab","2085"
"Assets\GameObject\2 - Speeder Wheels Custom.prefab",".prefab","1775"
"Assets\GameObject\2 - Speeder Wheels Forms.prefab",".prefab","1623"
"Assets\GameObject\2 - Speeder Wheels.prefab",".prefab","2064"
"Assets\GameObject\2 - Speedster (Bike).prefab",".prefab","2508"
"Assets\GameObject\2 - Speedster (Truck).prefab",".prefab","2512"
"Assets\GameObject\2 - Speedster Forms.prefab",".prefab","1618"
"Assets\GameObject\2 - Speedster.prefab",".prefab","2491"
"Assets\GameObject\2 - Speedy Scoop.prefab",".prefab","2251"
"Assets\GameObject\2 - Speedy Spoiler (Truck).prefab",".prefab","2591"
"Assets\GameObject\2 - Speedy Spoiler Forms.prefab",".prefab","1623"
"Assets\GameObject\2 - Speedy Spoiler.prefab",".prefab","2570"
"Assets\GameObject\3 - Trak Blasters (Truck).prefab",".prefab","2386"
"Assets\GameObject\3 - Trak Blasters Forms.prefab",".prefab","1622"
"Assets\GameObject\3 - Trak Blasters.prefab",".prefab","2365"
"Assets\GameObject\3 - Trak Skoop.prefab",".prefab","2251"
"Assets\GameObject\3 - Traktor 3000 (Bike).prefab",".prefab","2581"
"Assets\GameObject\3 - Traktor 3000 (Truck).prefab",".prefab","2585"
"Assets\GameObject\3 - Traktor 3000 Forms.prefab",".prefab","1621"
"Assets\GameObject\3 - Traktor 3000.prefab",".prefab","2564"
"Assets\GameObject\3 - Traktor Tires (Bike).prefab",".prefab","2076"
"Assets\GameObject\3 - Traktor Tires (Truck).prefab",".prefab","2080"
"Assets\GameObject\3 - Traktor Tires Custom.prefab",".prefab","1774"
"Assets\GameObject\3 - Traktor Tires Forms.prefab",".prefab","1622"
"Assets\GameObject\3 - Traktor Tires.prefab",".prefab","2059"
"Assets\GameObject\3 - Traktor Wing (Truck).prefab",".prefab","2528"
"Assets\GameObject\3 - Traktor Wing Forms.prefab",".prefab","1621"
"Assets\GameObject\3 - Traktor Wing.prefab",".prefab","2507"
"Assets\GameObject\4 - Dune Blazers (Truck).prefab",".prefab","2369"
"Assets\GameObject\4 - Dune Blazers Forms.prefab",".prefab","1621"
"Assets\GameObject\4 - Dune Blazers.prefab",".prefab","2348"
"Assets\GameObject\4 - Dune Jumpers (Bike).prefab",".prefab","2080"
"Assets\GameObject\4 - Dune Jumpers (Truck).prefab",".prefab","2084"
"Assets\GameObject\4 - Dune Jumpers Custom.prefab",".prefab","1773"
"Assets\GameObject\4 - Dune Jumpers Forms.prefab",".prefab","1621"
"Assets\GameObject\4 - Dune Jumpers.prefab",".prefab","2063"
"Assets\GameObject\4 - Dune Scooper.prefab",".prefab","2252"
"Assets\GameObject\4 - Dune Spoiler (Truck).prefab",".prefab","2509"
"Assets\GameObject\4 - Dune Spoiler Forms.prefab",".prefab","1621"
"Assets\GameObject\4 - Dune Spoiler.prefab",".prefab","2488"
"Assets\GameObject\4 - Dune Stomper (Bike).prefab",".prefab","2515"
"Assets\GameObject\4 - Dune Stomper (Truck).prefab",".prefab","2519"
"Assets\GameObject\4 - Dune Stomper Forms.prefab",".prefab","1621"
"Assets\GameObject\4 - Dune Stomper.prefab",".prefab","2498"
"Assets\GameObject\5 - Hog Burners (Truck).prefab",".prefab","2382"
"Assets\GameObject\5 - Hog Burners Forms.prefab",".prefab","1620"
"Assets\GameObject\5 - Hog Burners.prefab",".prefab","2361"
"Assets\GameObject\5 - Hogwing (Truck).prefab",".prefab","2590"
"Assets\GameObject\5 - Hogwing Forms.prefab",".prefab","1616"
"Assets\GameObject\5 - Hogwing.prefab",".prefab","2569"
"Assets\GameObject\5 - Scoop-inator.prefab",".prefab","2253"
"Assets\GameObject\5 - The Hog-inator (Bike).prefab",".prefab","2510"
"Assets\GameObject\5 - The Hog-inator (Truck).prefab",".prefab","2514"
"Assets\GameObject\5 - The Hog-inator Forms.prefab",".prefab","1623"
"Assets\GameObject\5 - The Hog-inator.prefab",".prefab","2493"
"Assets\GameObject\5 - The Wheel-inators Forms.prefab",".prefab","1626"
"Assets\GameObject\5 - Wheel-inators (Bike).prefab",".prefab","2070"
"Assets\GameObject\5 - Wheel-inators (Truck).prefab",".prefab","2074"
"Assets\GameObject\5 - Wheel-inators Custom.prefab",".prefab","1774"
"Assets\GameObject\5 - Wheel-inators.prefab",".prefab","2053"
"Assets\GameObject\6 - Beast Wheelz (Bike).prefab",".prefab","2078"
"Assets\GameObject\6 - Beast Wheelz (Truck).prefab",".prefab","2082"
"Assets\GameObject\6 - Beast Wheelz Custom.prefab",".prefab","1773"
"Assets\GameObject\6 - Beast Wheelz Forms.prefab",".prefab","1621"
"Assets\GameObject\6 - Beast Wheelz.prefab",".prefab","2061"
"Assets\GameObject\6 - Beastly Spoiler (Truck).prefab",".prefab","2523"
"Assets\GameObject\6 - Beastly Spoiler Forms.prefab",".prefab","1624"
"Assets\GameObject\6 - Beastly Spoiler.prefab",".prefab","2502"
"Assets\GameObject\6 - Infernos (Truck).prefab",".prefab","2515"
"Assets\GameObject\6 - Infernos Forms.prefab",".prefab","1617"
"Assets\GameObject\6 - Infernos.prefab",".prefab","2494"
"Assets\GameObject\6 - Monster Scoop.prefab",".prefab","2255"
"Assets\GameObject\6 - The Beast (Bike).prefab",".prefab","2580"
"Assets\GameObject\6 - The Beast (Truck).prefab",".prefab","2584"
"Assets\GameObject\6 - The Beast Forms.prefab",".prefab","1618"
"Assets\GameObject\6 - The Beast.prefab",".prefab","2563"
"Assets\GameObject\7 - Ultra Tractionizers (Bike).prefab",".prefab","2091"
"Assets\GameObject\7 - Ultra Tractionizers (Truck).prefab",".prefab","2095"
"Assets\GameObject\7 - Ultra Tractionizers Custom.prefab",".prefab","1778"
"Assets\GameObject\7 - Ultra Tractionizers Forms.prefab",".prefab","1628"
"Assets\GameObject\7 - Ultra Tractionizers.prefab",".prefab","2074"
"Assets\GameObject\Achievement Category UI.prefab",".prefab","61952"
"Assets\GameObject\AchievementUI.prefab",".prefab","143756"
"Assets\GameObject\AchievementWindow.prefab",".prefab","33079"
"Assets\GameObject\Age Gate Popup.prefab",".prefab","24789"
"Assets\GameObject\Agent P.prefab",".prefab","1890"
"Assets\GameObject\AI Blip.prefab",".prefab","5045"
"Assets\GameObject\Anchor Rocket.prefab",".prefab","10667"
"Assets\GameObject\Barrel On Track.prefab",".prefab","6255"
"Assets\GameObject\Barrel.prefab",".prefab","3443"
"Assets\GameObject\Bea.prefab",".prefab","1875"
"Assets\GameObject\Beastly Spoiler Black.prefab",".prefab","1706"
"Assets\GameObject\Beastly Spoiler Blue.prefab",".prefab","1705"
"Assets\GameObject\Beastly Spoiler Custom Alpha.prefab",".prefab","1836"
"Assets\GameObject\Beastly Spoiler Custom Beta.prefab",".prefab","1835"
"Assets\GameObject\Beastly Spoiler Pink.prefab",".prefab","1705"
"Assets\GameObject\Beastly Spoiler Purple.prefab",".prefab","1707"
"Assets\GameObject\Beastly Spoiler Red.prefab",".prefab","1702"
"Assets\GameObject\Booster Pickup.prefab",".prefab","11440"
"Assets\GameObject\Brad.prefab",".prefab","1879"
"Assets\GameObject\BubbleJetUP.prefab",".prefab","5275"
"Assets\GameObject\Bus Jumper.prefab",".prefab","1529"
"Assets\GameObject\Buy a Powerup Tutorial.prefab",".prefab","1794"
"Assets\GameObject\BuyCoinsPrefab.prefab",".prefab","165430"
"Assets\GameObject\Cart Paint Job.prefab",".prefab","1606"
"Assets\GameObject\CartCustomizerMenu.prefab",".prefab","222995"
"Assets\GameObject\CartPartList.prefab",".prefab","16942"
"Assets\GameObject\CartPrimaryTextureProfile.prefab",".prefab","2848"
"Assets\GameObject\CharacterSelectMenu.prefab",".prefab","50280"
"Assets\GameObject\Coin Balance x100_000.prefab",".prefab","1616"
"Assets\GameObject\Coin Balance x10_000.prefab",".prefab","1619"
"Assets\GameObject\Coin Balance x1_000.prefab",".prefab","1610"
"Assets\GameObject\Coin.prefab",".prefab","27280"
"Assets\GameObject\Collect a Powerup Tutorial.prefab",".prefab","1759"
"Assets\GameObject\Combine a Powerup Tutorial.prefab",".prefab","1779"
"Assets\GameObject\Complete All Achievements.prefab",".prefab","1592"
"Assets\GameObject\Confirmation Popup.prefab",".prefab","28004"
"Assets\GameObject\Crash.prefab",".prefab","1880"
"Assets\GameObject\Credits Screen.prefab",".prefab","57958"
"Assets\GameObject\Cross Finish Line Backwards.prefab",".prefab","1587"
"Assets\GameObject\Daily Bonus.prefab",".prefab","58303"
"Assets\GameObject\Danville Arena.prefab",".prefab","1535"
"Assets\GameObject\Danville River.prefab",".prefab","1535"
"Assets\GameObject\DEBUG.prefab",".prefab","1525"
"Assets\GameObject\Dipper.prefab",".prefab","1887"
"Assets\GameObject\Dirt Devils.prefab",".prefab","1531"
"Assets\GameObject\Doof's Tower.prefab",".prefab","1531"
"Assets\GameObject\DoubleBoost.prefab",".prefab","6874"
"Assets\GameObject\Drift Boost Tutorial.prefab",".prefab","1799"
"Assets\GameObject\Drift Scale.prefab",".prefab","23790"
"Assets\GameObject\Drift Tutorial.prefab",".prefab","1773"
"Assets\GameObject\Drift.prefab",".prefab","7443"
"Assets\GameObject\Dune Blazers Bronze.prefab",".prefab","1710"
"Assets\GameObject\Dune Blazers Copper.prefab",".prefab","1710"
"Assets\GameObject\Dune Blazers Gold.prefab",".prefab","1708"
"Assets\GameObject\Dune Blazers Silver.prefab",".prefab","1710"
"Assets\GameObject\Dune Blazers Steel.prefab",".prefab","1707"
"Assets\GameObject\Dune Scooper Bronze.prefab",".prefab","1698"
"Assets\GameObject\Dune Scooper Copper.prefab",".prefab","1698"
"Assets\GameObject\Dune Scooper Gold.prefab",".prefab","1696"
"Assets\GameObject\Dune Scooper Silver.prefab",".prefab","1698"
"Assets\GameObject\Dune Scooper Steel.prefab",".prefab","1695"
"Assets\GameObject\Dune Spoiler Black.prefab",".prefab","1703"
"Assets\GameObject\Dune Spoiler Blue.prefab",".prefab","1702"
"Assets\GameObject\Dune Spoiler Brad Custom.prefab",".prefab","1848"
"Assets\GameObject\Dune Spoiler Mike Custom.prefab",".prefab","1848"
"Assets\GameObject\Dune Spoiler Pink.prefab",".prefab","1702"
"Assets\GameObject\Dune Spoiler Purple.prefab",".prefab","1704"
"Assets\GameObject\Dune Spoiler Red.prefab",".prefab","1699"
"Assets\GameObject\Dune Stomper Black.prefab",".prefab","1817"
"Assets\GameObject\Dune Stomper Blue.prefab",".prefab","1816"
"Assets\GameObject\Dune Stomper Dipper Custom.prefab",".prefab","1968"
"Assets\GameObject\Dune Stomper Mabel Custom.prefab",".prefab","1964"
"Assets\GameObject\Dune Stomper Pink.prefab",".prefab","1816"
"Assets\GameObject\Dune Stomper Purple.prefab",".prefab","1818"
"Assets\GameObject\Dune Stomper Red.prefab",".prefab","1813"
"Assets\GameObject\Equip Level 3 Parts.prefab",".prefab","1974"
"Assets\GameObject\Equip Level 6 Parts.prefab",".prefab","1966"
"Assets\GameObject\Exhaust Fire.prefab",".prefab","4498"
"Assets\GameObject\Exhaust.prefab",".prefab","4465"
"Assets\GameObject\Explosion.prefab",".prefab","14090"
"Assets\GameObject\FadeHelper.prefab",".prefab","1343"
"Assets\GameObject\Ferb.prefab",".prefab","1879"
"Assets\GameObject\Finish Line New.prefab",".prefab","57393"
"Assets\GameObject\Finish The Lap Tutorial.prefab",".prefab","1774"
"Assets\GameObject\First Place Fish 1.prefab",".prefab","1636"
"Assets\GameObject\First Place Fish 2.prefab",".prefab","1627"
"Assets\GameObject\First Place Fish 3.prefab",".prefab","1634"
"Assets\GameObject\First Place in Elimination.prefab",".prefab","1641"
"Assets\GameObject\First Place Kick 1.prefab",".prefab","1635"
"Assets\GameObject\First Place Kick 2.prefab",".prefab","1624"
"Assets\GameObject\First Place Kick 3.prefab",".prefab","1640"
"Assets\GameObject\First Place Phineas 1.prefab",".prefab","1633"
"Assets\GameObject\First Place Phineas 2.prefab",".prefab","1631"
"Assets\GameObject\First Place Phineas 3.prefab",".prefab","1642"
"Assets\GameObject\FirstPlace With no powerups.prefab",".prefab","1684"
"Assets\GameObject\Fishtankia.prefab",".prefab","1530"
"Assets\GameObject\Freshwater High.prefab",".prefab","1540"
"Assets\GameObject\Front End Tutorial Popup.prefab",".prefab","15118"
"Assets\GameObject\Full Screen Booster Effect.prefab",".prefab","2671"
"Assets\GameObject\Game Center Note.prefab",".prefab","22323"
"Assets\GameObject\GameCenterManager.prefab",".prefab","1337"
"Assets\GameObject\Gunther.prefab",".prefab","1891"
"Assets\GameObject\hit laser.prefab",".prefab","7120"
"Assets\GameObject\HitOtherCart.prefab",".prefab","7188"
"Assets\GameObject\Hog Burners Bronze.prefab",".prefab","1709"
"Assets\GameObject\Hog Burners Copper.prefab",".prefab","1709"
"Assets\GameObject\Hog Burners Gold.prefab",".prefab","1707"
"Assets\GameObject\Hog Burners Silver.prefab",".prefab","1709"
"Assets\GameObject\Hog Burners Steel.prefab",".prefab","1706"
"Assets\GameObject\Hogwing Agent P Custom.prefab",".prefab","1975"
"Assets\GameObject\Hogwing Black.prefab",".prefab","1824"
"Assets\GameObject\Hogwing Blue.prefab",".prefab","1823"
"Assets\GameObject\Hogwing Ferb Custom.prefab",".prefab","1969"
"Assets\GameObject\Hogwing Phineas Custom.prefab",".prefab","1981"
"Assets\GameObject\Hogwing Pink.prefab",".prefab","1823"
"Assets\GameObject\Hogwing Purple.prefab",".prefab","1825"
"Assets\GameObject\Hogwing Red.prefab",".prefab","1820"
"Assets\GameObject\Hokey Poke.prefab",".prefab","1530"
"Assets\GameObject\HUD Buy Powerup.prefab",".prefab","45931"
"Assets\GameObject\HUD Get Powerup.prefab",".prefab","45896"
"Assets\GameObject\In Race Powerup Pickup Boost.prefab",".prefab","1625"
"Assets\GameObject\In Race Powerup Pickup Mine.prefab",".prefab","1620"
"Assets\GameObject\In Race Powerup Pickup Rocket.prefab",".prefab","1623"
"Assets\GameObject\In Race Powerup Pickup Shield.prefab",".prefab","1626"
"Assets\GameObject\Infernos Bronze.prefab",".prefab","1706"
"Assets\GameObject\Infernos Copper.prefab",".prefab","1706"
"Assets\GameObject\Infernos Customized Alpha.prefab",".prefab","1842"
"Assets\GameObject\Infernos Customized Beta.prefab",".prefab","1841"
"Assets\GameObject\Infernos Gold.prefab",".prefab","1704"
"Assets\GameObject\Infernos Silver.prefab",".prefab","1706"
"Assets\GameObject\Infernos Steel.prefab",".prefab","1703"
"Assets\GameObject\Input Blocker Invisible.prefab",".prefab","4256"
"Assets\GameObject\Kick Butt!.prefab",".prefab","1529"
"Assets\GameObject\Kick.prefab",".prefab","1876"
"Assets\GameObject\Laser.prefab",".prefab","2885"
"Assets\GameObject\Lifetime In Air x120.prefab",".prefab","1631"
"Assets\GameObject\Lifetime In Air x300.prefab",".prefab","1624"
"Assets\GameObject\Lifetime In Air x60.prefab",".prefab","1628"
"Assets\GameObject\Lifetime Mine Opponent x100.prefab",".prefab","1646"
"Assets\GameObject\Lifetime Mine Opponent x20.prefab",".prefab","1635"
"Assets\GameObject\Lifetime Mine Opponent x50.prefab",".prefab","1635"
"Assets\GameObject\Lifetime Powerup Collection x100.prefab",".prefab","1651"
"Assets\GameObject\Lifetime Powerup Collection x20.prefab",".prefab","1639"
"Assets\GameObject\Lifetime Powerup Collection x50.prefab",".prefab","1644"
"Assets\GameObject\Lifetime Powerup Purchase x100.prefab",".prefab","1648"
"Assets\GameObject\Lifetime Powerup Purchase x20.prefab",".prefab","1643"
"Assets\GameObject\Lifetime Powerup Purchase x50.prefab",".prefab","1643"
"Assets\GameObject\Lifetime Rocket Opponent x100.prefab",".prefab","1655"
"Assets\GameObject\Lifetime Rocket Opponent x20.prefab",".prefab","1644"
"Assets\GameObject\Lifetime Rocket Opponent x50.prefab",".prefab","1646"
"Assets\GameObject\Lil Kart No Paint.prefab",".prefab","1824"
"Assets\GameObject\Lil Kart Red.prefab",".prefab","1811"
"Assets\GameObject\Lil Spoiler Black.prefab",".prefab","1702"
"Assets\GameObject\Lil Spoiler Blue.prefab",".prefab","1701"
"Assets\GameObject\Lil Spoiler Gunther Custom.prefab",".prefab","1858"
"Assets\GameObject\Lil Spoiler Kick Custom.prefab",".prefab","1846"
"Assets\GameObject\Lil Spoiler Pink.prefab",".prefab","1701"
"Assets\GameObject\Lil Spoiler Purple.prefab",".prefab","1703"
"Assets\GameObject\Lil Spoiler Red.prefab",".prefab","1698"
"Assets\GameObject\Lil' Scoop Bronze.prefab",".prefab","1696"
"Assets\GameObject\Lil' Scoop Copper.prefab",".prefab","1696"
"Assets\GameObject\Lil' Scoop Gold.prefab",".prefab","1694"
"Assets\GameObject\Lil' Scoop Silver.prefab",".prefab","1696"
"Assets\GameObject\Lil' Scoop Steel.prefab",".prefab","1693"
"Assets\GameObject\Lil' Thrusties Bronze.prefab",".prefab","1712"
"Assets\GameObject\Lil' Thrusties Copper.prefab",".prefab","1712"
"Assets\GameObject\Lil' Thrusties Gold.prefab",".prefab","1710"
"Assets\GameObject\Lil' Thrusties Silver.prefab",".prefab","1712"
"Assets\GameObject\Lil' Thrusties Steel.prefab",".prefab","1709"
"Assets\GameObject\LoadingWheel.prefab",".prefab","4967"
"Assets\GameObject\Mabel.prefab",".prefab","1883"
"Assets\GameObject\Magnet Shield.prefab",".prefab","6264"
"Assets\GameObject\Make Place Fish 1 Easy.prefab",".prefab","1685"
"Assets\GameObject\Make Place Fish 1 Hard.prefab",".prefab","1685"
"Assets\GameObject\Make Place Fish 1 Medium.prefab",".prefab","1692"
"Assets\GameObject\Make Place Fish 1 Ultra Hard.prefab",".prefab","1701"
"Assets\GameObject\Make Place Fish 2 Easy.prefab",".prefab","1676"
"Assets\GameObject\Make Place Fish 2 Hard.prefab",".prefab","1676"
"Assets\GameObject\Make Place Fish 2 Medium.prefab",".prefab","1682"
"Assets\GameObject\Make Place Fish 2 Ultra.prefab",".prefab","1685"
"Assets\GameObject\Make Place Fish 3 Easy.prefab",".prefab","1683"
"Assets\GameObject\Make Place Fish 3 Hard.prefab",".prefab","1683"
"Assets\GameObject\Make Place Fish 3 Medium.prefab",".prefab","1689"
"Assets\GameObject\Make Place Fish 3 Ultra Hard.prefab",".prefab","1697"
"Assets\GameObject\Make Place Kick 1 Easy.prefab",".prefab","1684"
"Assets\GameObject\Make Place Kick 1 Hard.prefab",".prefab","1684"
"Assets\GameObject\Make Place Kick 1 Medium.prefab",".prefab","1690"
"Assets\GameObject\Make Place Kick 1 Ultra Hard.prefab",".prefab","1700"
"Assets\GameObject\Make Place Kick 2 Easy.prefab",".prefab","1673"
"Assets\GameObject\Make Place Kick 2 Hard.prefab",".prefab","1673"
"Assets\GameObject\Make Place Kick 2 Medium.prefab",".prefab","1679"
"Assets\GameObject\Make Place Kick 2 Ultra Hard.prefab",".prefab","1687"
"Assets\GameObject\Make Place Kick 3 Easy.prefab",".prefab","1689"
"Assets\GameObject\Make Place Kick 3 Hard.prefab",".prefab","1689"
"Assets\GameObject\Make Place Kick 3 Medium.prefab",".prefab","1695"
"Assets\GameObject\Make Place Kick 3 Ultra Hard.prefab",".prefab","1703"
"Assets\GameObject\Make Place Phineas 1 Easy.prefab",".prefab","1682"
"Assets\GameObject\Make Place Phineas 1 Hard.prefab",".prefab","1682"
"Assets\GameObject\Make Place Phineas 1 Medium.prefab",".prefab","1688"
"Assets\GameObject\Make Place Phineas 1 Ultra Hard.prefab",".prefab","1696"
"Assets\GameObject\Make Place Phineas 2 Easy.prefab",".prefab","1680"
"Assets\GameObject\Make Place Phineas 2 Hard.prefab",".prefab","1693"
"Assets\GameObject\Make Place Phineas 2 Medium.prefab",".prefab","1686"
"Assets\GameObject\Make Place Phineas 2 Ultra Hard.prefab",".prefab","1694"
"Assets\GameObject\Make Place Phineas 3 Easy.prefab",".prefab","1691"
"Assets\GameObject\Make Place Phineas 3 Hard.prefab",".prefab","1691"
"Assets\GameObject\Make Place Phineas 3 Medium.prefab",".prefab","1697"
"Assets\GameObject\Make Place Phineas 3 Ultra Hard.prefab",".prefab","1705"
"Assets\GameObject\Meta Finish All First Places.prefab",".prefab","2280"
"Assets\GameObject\Meta Finish Master Circuit.prefab",".prefab","1895"
"Assets\GameObject\Meta Finish Newbie Circuit.prefab",".prefab","1954"
"Assets\GameObject\Meta Finish Pro Circuit.prefab",".prefab","1947"
"Assets\GameObject\Mike.prefab",".prefab","1879"
"Assets\GameObject\Milo.prefab",".prefab","1876"
"Assets\GameObject\Mine Notify.prefab",".prefab","9284"
"Assets\GameObject\Mine Pickup.prefab",".prefab","10411"
"Assets\GameObject\Mine.prefab",".prefab","5306"
"Assets\GameObject\MineSpreader.prefab",".prefab","10359"
"Assets\GameObject\Nav Blip - Locked.prefab",".prefab","2330"
"Assets\GameObject\Nav Blip - Owned.prefab",".prefab","2329"
"Assets\GameObject\No Scoop Paint.prefab",".prefab","1511"
"Assets\GameObject\No Scoop.prefab",".prefab","1912"
"Assets\GameObject\No Spoiler Paint.prefab",".prefab","1513"
"Assets\GameObject\No Spoiler.prefab",".prefab","1916"
"Assets\GameObject\No Thruster Paint.prefab",".prefab","1514"
"Assets\GameObject\No Thrusters.prefab",".prefab","1920"
"Assets\GameObject\Oscar.prefab",".prefab","1883"
"Assets\GameObject\Paint Slot.prefab",".prefab","10320"
"Assets\GameObject\ParticleLibrary.prefab",".prefab","3536"
"Assets\GameObject\PauseScreen.prefab",".prefab","94060"
"Assets\GameObject\Phineas.prefab",".prefab","1888"
"Assets\GameObject\Pick Up Coin.prefab",".prefab","6701"
"Assets\GameObject\Pick Up Powerup.prefab",".prefab","6713"
"Assets\GameObject\Pie Splat.prefab",".prefab","5962"
"Assets\GameObject\Pie.prefab",".prefab","24865"
"Assets\GameObject\Place wth No powerups.prefab",".prefab","1667"
"Assets\GameObject\Player Blip.prefab",".prefab","2353"
"Assets\GameObject\PlayMenu.prefab",".prefab","36975"
"Assets\GameObject\PlaySummaryMenu.prefab",".prefab","57696"
"Assets\GameObject\Poof.prefab",".prefab","9973"
"Assets\GameObject\Popover Dialog.prefab",".prefab","14166"
"Assets\GameObject\Popover.prefab",".prefab","9950"
"Assets\GameObject\PowerSlide Boost x5.prefab",".prefab","1591"
"Assets\GameObject\PowerUpDisplay Boost.prefab",".prefab","2336"
"Assets\GameObject\PowerUpDisplay Mine.prefab",".prefab","2335"
"Assets\GameObject\PowerUpDisplay Rocket.prefab",".prefab","2337"
"Assets\GameObject\PowerUpDisplay Shield.prefab",".prefab","2337"
"Assets\GameObject\Pranksgiving.prefab",".prefab","1533"
"Assets\GameObject\Purchase Indicator.prefab",".prefab","14716"
"Assets\GameObject\Purchase Notification Popup.prefab",".prefab","25010"
"Assets\GameObject\Pyrotechnics particles.prefab",".prefab","9693"
"Assets\GameObject\RandomShot.prefab",".prefab","3070"
"Assets\GameObject\Randy.prefab",".prefab","1883"
"Assets\GameObject\Rewind Dialog.prefab",".prefab","43753"
"Assets\GameObject\Rocket Pickup.prefab",".prefab","11431"
"Assets\GameObject\Rocket.prefab",".prefab","10630"
"Assets\GameObject\RocketFire.prefab",".prefab","6742"
"Assets\GameObject\Scoop-inator Bronze.prefab",".prefab","1820"
"Assets\GameObject\Scoop-inator Copper.prefab",".prefab","1820"
"Assets\GameObject\Scoop-inator Gold.prefab",".prefab","1818"
"Assets\GameObject\Scoop-inator Silver.prefab",".prefab","1820"
"Assets\GameObject\Scoop-inator Steel.prefab",".prefab","1817"
"Assets\GameObject\Scorchin' Thrusters Bronze.prefab",".prefab","1717"
"Assets\GameObject\Scorchin' Thrusters Copper.prefab",".prefab","1717"
"Assets\GameObject\Scorchin' Thrusters Gold.prefab",".prefab","1715"
"Assets\GameObject\Scorchin' Thrusters Silver.prefab",".prefab","1717"
"Assets\GameObject\Scorchin' Thrusters Steel.prefab",".prefab","1714"
"Assets\GameObject\Select Circuit Menu.prefab",".prefab","108127"
"Assets\GameObject\Select Track Menu.prefab",".prefab","273762"
"Assets\GameObject\SettingsMenu.prefab",".prefab","93469"
"Assets\GameObject\Shadow Blob.prefab",".prefab","1905"
"Assets\GameObject\Shield Double.prefab",".prefab","6322"
"Assets\GameObject\Shield.prefab",".prefab","3320"
"Assets\GameObject\ShieldPickup.prefab",".prefab","11429"
"Assets\GameObject\ShockedEngine.prefab",".prefab","9153"
"Assets\GameObject\SoundLibrary.prefab",".prefab","4743"
"Assets\GameObject\Speedster Black.prefab",".prefab","1814"
"Assets\GameObject\Speedster Blue.prefab",".prefab","1813"
"Assets\GameObject\Speedster Gunther Custom.prefab",".prefab","1969"
"Assets\GameObject\Speedster Kick Custom.prefab",".prefab","1957"
"Assets\GameObject\Speedster Pink.prefab",".prefab","1813"
"Assets\GameObject\Speedster Purple.prefab",".prefab","1815"
"Assets\GameObject\Speedster Red.prefab",".prefab","1810"
"Assets\GameObject\Speedy Scoop Bronze.prefab",".prefab","1698"
"Assets\GameObject\Speedy Scoop Copper.prefab",".prefab","1698"
"Assets\GameObject\Speedy Scoop Gold.prefab",".prefab","1696"
"Assets\GameObject\Speedy Scoop Silver.prefab",".prefab","1698"
"Assets\GameObject\Speedy Scoop Steel.prefab",".prefab","1695"
"Assets\GameObject\Speedy Spoiler Bea Custom.prefab",".prefab","1846"
"Assets\GameObject\Speedy Spoiler Black.prefab",".prefab","1705"
"Assets\GameObject\Speedy Spoiler Blue.prefab",".prefab","1704"
"Assets\GameObject\Speedy Spoiler Milo Custom.prefab",".prefab","1850"
"Assets\GameObject\Speedy Spoiler Oscar Custom.prefab",".prefab","1854"
"Assets\GameObject\Speedy Spoiler Pink.prefab",".prefab","1704"
"Assets\GameObject\Speedy Spoiler Purple.prefab",".prefab","1706"
"Assets\GameObject\Speedy Spoiler Red.prefab",".prefab","1701"
"Assets\GameObject\Spend Lifetime Coins x1000.prefab",".prefab","1626"
"Assets\GameObject\Spend Lifetime Coins x10000.prefab",".prefab","1628"
"Assets\GameObject\Spend Lifetime Coins x100000.prefab",".prefab","1633"
"Assets\GameObject\Spinout.prefab",".prefab","4466"
"Assets\GameObject\StoreKitManager.prefab",".prefab","1335"
"Assets\GameObject\The Beast Agent P Custom.prefab",".prefab","1962"
"Assets\GameObject\The Beast Black.prefab",".prefab","1814"
"Assets\GameObject\The Beast Blue.prefab",".prefab","1813"
"Assets\GameObject\The Beast Bronze.prefab",".prefab","1817"
"Assets\GameObject\The Beast Copper.prefab",".prefab","1817"
"Assets\GameObject\The Beast Ferb Custom.prefab",".prefab","1956"
"Assets\GameObject\The Beast Gold.prefab",".prefab","1815"
"Assets\GameObject\The Beast Phineas Custom.prefab",".prefab","1968"
"Assets\GameObject\The Beast Pink.prefab",".prefab","1813"
"Assets\GameObject\The Beast Purple.prefab",".prefab","1815"
"Assets\GameObject\The Beast Red.prefab",".prefab","1810"
"Assets\GameObject\The Beast Silver.prefab",".prefab","1817"
"Assets\GameObject\The Beast Steel.prefab",".prefab","1814"
"Assets\GameObject\The Hog-inator Black.prefab",".prefab","1819"
"Assets\GameObject\The Hog-inator Blue.prefab",".prefab","1818"
"Assets\GameObject\The Hog-inator Brad Custom.prefab",".prefab","1961"
"Assets\GameObject\The Hog-inator Mike Custom.prefab",".prefab","1961"
"Assets\GameObject\The Hog-inator Pink.prefab",".prefab","1818"
"Assets\GameObject\The Hog-inator Purple.prefab",".prefab","1820"
"Assets\GameObject\The Hog-inator Red.prefab",".prefab","1815"
"Assets\GameObject\Trak Blasters Bronze.prefab",".prefab","1711"
"Assets\GameObject\Trak Blasters Copper.prefab",".prefab","1711"
"Assets\GameObject\Trak Blasters Gold.prefab",".prefab","1709"
"Assets\GameObject\Trak Blasters Silver.prefab",".prefab","1711"
"Assets\GameObject\Trak Blasters Steel.prefab",".prefab","1708"
"Assets\GameObject\Trak Skoop Bronze.prefab",".prefab","1820"
"Assets\GameObject\Trak Skoop Copper.prefab",".prefab","1820"
"Assets\GameObject\Trak Skoop Gold.prefab",".prefab","1818"
"Assets\GameObject\Trak Skoop Silver.prefab",".prefab","1820"
"Assets\GameObject\Trak Skoop Steel.prefab",".prefab","1817"
"Assets\GameObject\Traktor 3000 Bea Custom.prefab",".prefab","1956"
"Assets\GameObject\Traktor 3000 Black.prefab",".prefab","1817"
"Assets\GameObject\Traktor 3000 Blue.prefab",".prefab","1816"
"Assets\GameObject\Traktor 3000 Milo Custom.prefab",".prefab","1960"
"Assets\GameObject\Traktor 3000 Oscar Custom.prefab",".prefab","1964"
"Assets\GameObject\Traktor 3000 Pink.prefab",".prefab","1816"
"Assets\GameObject\Traktor 3000 Purple.prefab",".prefab","1818"
"Assets\GameObject\Traktor 3000 Red.prefab",".prefab","1813"
"Assets\GameObject\Traktor Wing Black.prefab",".prefab","1703"
"Assets\GameObject\Traktor Wing Blue.prefab",".prefab","1702"
"Assets\GameObject\Traktor Wing Dipper Custom.prefab",".prefab","1711"
"Assets\GameObject\Traktor Wing Mabel Custom.prefab",".prefab","1710"
"Assets\GameObject\Traktor Wing Pink.prefab",".prefab","1702"
"Assets\GameObject\Traktor Wing Purple.prefab",".prefab","1704"
"Assets\GameObject\Traktor Wing Red.prefab",".prefab","1699"
"Assets\GameObject\TripLine.prefab",".prefab","4231"
"Assets\GameObject\Tripwire Shield.prefab",".prefab","3329"
"Assets\GameObject\Turn Tutorial.prefab",".prefab","1764"
"Assets\GameObject\Tutorial Collection.prefab",".prefab","2265"
"Assets\GameObject\Tutorial.prefab",".prefab","1591"
"Assets\GameObject\TutorialLauncher.prefab",".prefab","26219"
"Assets\GameObject\Unlock All Cart Bodies.prefab",".prefab","1960"
"Assets\GameObject\Unlock All Cart Scoops.prefab",".prefab","2027"
"Assets\GameObject\Unlock All Cart Spoilers.prefab",".prefab","2032"
"Assets\GameObject\Unlock All Cart Thrusters.prefab",".prefab","2035"
"Assets\GameObject\Unlock All Cart Wheels.prefab",".prefab","1957"
"Assets\GameObject\Unlock All Characters.prefab",".prefab","2306"
"Assets\GameObject\Unlock All Fishhooks Characters.prefab",".prefab","1769"
"Assets\GameObject\Unlock All Gravity Characters.prefab",".prefab","1771"
"Assets\GameObject\Unlock All Kick Characters.prefab",".prefab","1759"
"Assets\GameObject\Unlock All PandF Characters.prefab",".prefab","1768"
"Assets\GameObject\UnlockCircuitDialog.prefab",".prefab","21603"
"Assets\GameObject\Use A Double Boost.prefab",".prefab","1614"
"Assets\GameObject\Use A Double Mine.prefab",".prefab","1609"
"Assets\GameObject\Use A Double Rocket.prefab",".prefab","1615"
"Assets\GameObject\Use A Double Shield.prefab",".prefab","1615"
"Assets\GameObject\Use a Powerup Tutorial.prefab",".prefab","1769"
"Assets\GameObject\Use All Double Powerup Combos.prefab",".prefab","1715"
"Assets\GameObject\Use Powerup Against Opponent Mine.prefab",".prefab","1622"
"Assets\GameObject\Use Powerup Against Opponent Rocket.prefab",".prefab","1628"
"Assets\GameObject\Use Powerup Against Opponent Smash.prefab",".prefab","1627"
"Assets\GameObject\WrongWayPrefab.prefab",".prefab","7784"
"Assets\LightProbes\LightProbes.asset",".asset","765336"
"Assets\Material\100% Dark Grey.mat",".mat","779"
"Assets\Material\50% Black.mat",".mat","689"
"Assets\Material\AlphaText.mat",".mat","1073"
"Assets\Material\anchor rocket.mat",".mat","746"
"Assets\Material\arrow sign.mat",".mat","813"
"Assets\Material\arrow sign_0.mat",".mat","737"
"Assets\Material\Barber.mat",".mat","733"
"Assets\Material\barrel.mat",".mat","739"
"Assets\Material\barrel_0.mat",".mat","739"
"Assets\Material\barrier uvs.mat",".mat","744"
"Assets\Material\Basketball.mat",".mat","737"
"Assets\Material\BEAmap.mat",".mat","739"
"Assets\Material\Black.mat",".mat","671"
"Assets\Material\Blank.mat",".mat","687"
"Assets\Material\BlastRadius.mat",".mat","738"
"Assets\Material\Blocker Invisible SpriteAtlas.mat",".mat","756"
"Assets\Material\Blocker SpriteAtlas.mat",".mat","928"
"Assets\Material\box.mat",".mat","736"
"Assets\Material\bradMap.mat",".mat","740"
"Assets\Material\bridge column uvs 1.mat",".mat","752"
"Assets\Material\Bridge Street.mat",".mat","746"
"Assets\Material\bridge.mat",".mat","739"
"Assets\Material\Bridge_0.mat",".mat","739"
"Assets\Material\bubble.mat",".mat","645"
"Assets\Material\building1_14-01 - default.mat",".mat","746"
"Assets\Material\burst.mat",".mat","644"
"Assets\Material\Cabin - Black.mat",".mat","765"
"Assets\Material\CCUpUpAndAway Back End Header  Shadow.mat",".mat","762"
"Assets\Material\CCUpUpAndAway Back End Header.mat",".mat","754"
"Assets\Material\CCUpUpAndAway Blue.mat",".mat","768"
"Assets\Material\CCUpUpAndAway Dark Blue.mat",".mat","772"
"Assets\Material\CCUpUpAndAway Dark Brown.mat",".mat","749"
"Assets\Material\CCUpUpAndAway Dark Dark Blue.mat",".mat","780"
"Assets\Material\CCUpUpAndAway Dark Gold.mat",".mat","774"
"Assets\Material\CCUpUpAndAway Dark Green.mat",".mat","775"
"Assets\Material\CCUpUpAndAway Faded.mat",".mat","753"
"Assets\Material\CCUpUpAndAway Front End Header Shadow.mat",".mat","762"
"Assets\Material\CCUpUpAndAway Front End Header.mat",".mat","779"
"Assets\Material\CCUpUpAndAway GREEN.mat",".mat","744"
"Assets\Material\CCUpUpAndAway ORANGE.mat",".mat","771"
"Assets\Material\CCUpUpAndAway RED.mat",".mat","742"
"Assets\Material\CCUpUpAndAway SILVER.mat",".mat","772"
"Assets\Material\CCUpUpAndAway YELLOW.mat",".mat","770"
"Assets\Material\CharitableCharities.mat",".mat","752"
"Assets\Material\Checkerground.mat",".mat","752"
"Assets\Material\ChefGuilbauds.mat",".mat","740"
"Assets\Material\Circuit Icon.mat",".mat","909"
"Assets\Material\CloudStrap SpriteAtlas.mat",".mat","661"
"Assets\Material\coin cost.mat",".mat","648"
"Assets\Material\coin HUD.mat",".mat","741"
"Assets\Material\coin.mat",".mat","737"
"Assets\Material\corona additive.mat",".mat","742"
"Assets\Material\corona trip wire.mat",".mat","776"
"Assets\Material\coronastar.mat",".mat","649"
"Assets\Material\crashTexture.mat",".mat","745"
"Assets\Material\danville arena ground.mat",".mat","754"
"Assets\Material\danville arena texture uvs.mat",".mat","759"
"Assets\Material\DanvilleArena uvs.mat",".mat","750"
"Assets\Material\DipperTexture.mat",".mat","746"
"Assets\Material\dirt track green.mat",".mat","749"
"Assets\Material\dirt track.mat",".mat","743"
"Assets\Material\DoofenschmirtzEvil.mat",".mat","751"
"Assets\Material\Exhaust Fire.mat",".mat","739"
"Assets\Material\Fadable HUD SpriteAtlas.mat",".mat","750"
"Assets\Material\Fader SpriteAtlas.mat",".mat","756"
"Assets\Material\fancy building A uvs 1.mat",".mat","755"
"Assets\Material\fancy building B uvs 1.mat",".mat","755"
"Assets\Material\fancy building C uvs 1.mat",".mat","755"
"Assets\Material\fancy building E uvs 1.mat",".mat","755"
"Assets\Material\fancy building F uvs 1.mat",".mat","755"
"Assets\Material\Fence 1.mat",".mat","802"
"Assets\Material\Fence 2.mat",".mat","740"
"Assets\Material\Fence 3.mat",".mat","740"
"Assets\Material\Fence.mat",".mat","738"
"Assets\Material\Ferb.mat",".mat","737"
"Assets\Material\finish line SpriteAtlas.mat",".mat","662"
"Assets\Material\finish line.mat",".mat","738"
"Assets\Material\finish line_0.mat",".mat","744"
"Assets\Material\FireExplosion.mat",".mat","740"
"Assets\Material\first track uvs.mat",".mat","1062"
"Assets\Material\fish hook cliff face earth.mat",".mat","928"
"Assets\Material\fish hook cliff face weird.mat",".mat","928"
"Assets\Material\fish hook exterior ground_.mat",".mat","759"
"Assets\Material\fish hook exterior ground__0.mat",".mat","753"
"Assets\Material\fish hook interior ceiling.mat",".mat","983"
"Assets\Material\fish hook interior court ground.mat",".mat","988"
"Assets\Material\fish hook interior ground_.mat",".mat","983"
"Assets\Material\fish hook school exterior front door.mat",".mat","938"
"Assets\Material\fish hook school exterior stairs top.mat",".mat","993"
"Assets\Material\fish hook school exterior stairs.mat",".mat","989"
"Assets\Material\fish hook school exterior wall bare.mat",".mat","937"
"Assets\Material\fish hook school exterior wall.mat",".mat","932"
"Assets\Material\fish hooks boulder.mat",".mat","975"
"Assets\Material\fish hooks cliff thing 2.mat",".mat","981"
"Assets\Material\fish hooks cliff thing.mat",".mat","924"
"Assets\Material\fish hooks column.mat",".mat","750"
"Assets\Material\fish hooks decoration flute.mat",".mat","984"
"Assets\Material\fish hooks decorations clam.mat",".mat","984"
"Assets\Material\fish hooks decorations clam_0.mat",".mat","984"
"Assets\Material\fish hooks decorations round shell.mat",".mat","991"
"Assets\Material\fish hooks decorations spiky shell.mat",".mat","991"
"Assets\Material\fish hooks exterior terrain grass.mat",".mat","990"
"Assets\Material\fish hooks exterior terrain weird 1.mat",".mat","992"
"Assets\Material\fish hooks exterior terrain weird.mat",".mat","990"
"Assets\Material\fish hooks exterior terrain.mat",".mat","984"
"Assets\Material\fish hooks football field.mat",".mat","982"
"Assets\Material\fish hooks football stadium.mat",".mat","984"
"Assets\Material\fish hooks interior walls clean.mat",".mat","933"
"Assets\Material\fish hooks interior walls.mat",".mat","927"
"Assets\Material\fish hooks lockers.mat",".mat","751"
"Assets\Material\fish hooks school bottom.mat",".mat","926"
"Assets\Material\fish hooks school bottom_0.mat",".mat","926"
"Assets\Material\fish hooks school mini columns.mat",".mat","932"
"Assets\Material\fish hooks school relief.mat",".mat","926"
"Assets\Material\fish hooks skybox.mat",".mat","750"
"Assets\Material\fish hooks skybox2.mat",".mat","751"
"Assets\Material\fish hooks skybox2_0.mat",".mat","751"
"Assets\Material\fish hooks skybox_0.mat",".mat","1739"
"Assets\Material\fish hooks skybox_1.mat",".mat","750"
"Assets\Material\fish hooks track lines.mat",".mat","979"
"Assets\Material\fish hooks track lines_0.mat",".mat","979"
"Assets\Material\fish hooks track main road.mat",".mat","983"
"Assets\Material\fish hooks track main road_0.mat",".mat","983"
"Assets\Material\fish hooks track main road_1.mat",".mat","983"
"Assets\Material\fish school.mat",".mat","968"
"Assets\Material\FishHooksBillboardAd.mat",".mat","747"
"Assets\Material\Fishtankia Tree 02.mat",".mat","975"
"Assets\Material\Fishtankia Tree 03.mat",".mat","975"
"Assets\Material\Fishtankia Tree 04.mat",".mat","975"
"Assets\Material\Fishtankia-Tree-01.mat",".mat","975"
"Assets\Material\Font Material.mat",".mat","738"
"Assets\Material\Full Screen Booster SpriteAtlas.mat",".mat","670"
"Assets\Material\garage beam.mat",".mat","744"
"Assets\Material\garage computer.mat",".mat","748"
"Assets\Material\garage electro box.mat",".mat","821"
"Assets\Material\garage exit door.mat",".mat","749"
"Assets\Material\garage exit door2.mat",".mat","750"
"Assets\Material\garage exit.mat",".mat","978"
"Assets\Material\garage ground.mat",".mat","746"
"Assets\Material\garage hall hole.mat",".mat","749"
"Assets\Material\garage hall wall and floor.mat",".mat","841"
"Assets\Material\garage lift bottom.mat",".mat","821"
"Assets\Material\garage lift thingie.mat",".mat","752"
"Assets\Material\garage metal rivets.mat",".mat","752"
"Assets\Material\garage monitor main.mat",".mat","752"
"Assets\Material\garage other screen.mat",".mat","822"
"Assets\Material\garage tire rack.mat",".mat","749"
"Assets\Material\garage toolbox.mat",".mat","747"
"Assets\Material\garage wall1.mat",".mat","745"
"Assets\Material\GenericSpin.mat",".mat","738"
"Assets\Material\GlowDot.mat",".mat","646"
"Assets\Material\Goal-Flag-plants-coral.mat",".mat","973"
"Assets\Material\Green Grass.mat",".mat","744"
"Assets\Material\guntherMap.mat",".mat","743"
"Assets\Material\highway sign uvs.mat",".mat","749"
"Assets\Material\HokeyPokeDiner_Octopus.mat",".mat","979"
"Assets\Material\HokeyPokeDiner_Ship.mat",".mat","976"
"Assets\Material\Horizontal strays SpriteAtlas.mat",".mat","756"
"Assets\Material\horseshoe crap uvs.mat",".mat","657"
"Assets\Material\House 1 Color 1.mat",".mat","766"
"Assets\Material\House 1 Color 2.mat",".mat","766"
"Assets\Material\House 2 Color 1.mat",".mat","766"
"Assets\Material\House 2 Color 2.mat",".mat","766"
"Assets\Material\House 3 Color 1.mat",".mat","766"
"Assets\Material\House 3 Color 2.mat",".mat","766"
"Assets\Material\House 4 Color 1.mat",".mat","766"
"Assets\Material\House 4 Color 2.mat",".mat","766"
"Assets\Material\House 5 Color 1.mat",".mat","766"
"Assets\Material\House 5 Color 2.mat",".mat","766"
"Assets\Material\houses 2.mat",".mat","735"
"Assets\Material\houses.mat",".mat","733"
"Assets\Material\HUD SpriteAtlas.mat",".mat","654"
"Assets\Material\HugeRecords.mat",".mat","744"
"Assets\Material\icloud.mat",".mat","645"
"Assets\Material\inline ramp uvs.mat",".mat","812"
"Assets\Material\InventorsEmporium.mat",".mat","750"
"Assets\Material\Kart Customizer SpriteAtlas.mat",".mat","754"
"Assets\Material\kart uvs template.mat",".mat","750"
"Assets\Material\kick big screen.mat",".mat","1037"
"Assets\Material\kick car pile.mat",".mat","746"
"Assets\Material\kick ceiling.mat",".mat","745"
"Assets\Material\kick lights.mat",".mat","744"
"Assets\Material\kick school bus.mat",".mat","748"
"Assets\Material\kick scorebox.mat",".mat","810"
"Assets\Material\kick stadium piece.mat",".mat","815"
"Assets\Material\kick terrain.mat",".mat","745"
"Assets\Material\kick terrain2.mat",".mat","746"
"Assets\Material\KickBillboardAd.mat",".mat","654"
"Assets\Material\kickMap.mat",".mat","740"
"Assets\Material\Laser.mat",".mat","1164"
"Assets\Material\laserRobotShadow.mat",".mat","743"
"Assets\Material\LaserWall.mat",".mat","906"
"Assets\Material\Level Previews SpriteAtlas.mat",".mat","753"
"Assets\Material\Lightning.mat",".mat","736"
"Assets\Material\Loading Circle White Alpha.mat",".mat","753"
"Assets\Material\logos SpriteAtlas.mat",".mat","744"
"Assets\Material\Logos SpriteAtlas_0.mat",".mat","744"
"Assets\Material\MabelTexture.mat",".mat","745"
"Assets\Material\Magnet Shield.mat",".mat","841"
"Assets\Material\Material_002__Screen.mat",".mat","982"
"Assets\Material\MikeTexture.mat",".mat","744"
"Assets\Material\MILOmap.mat",".mat","740"
"Assets\Material\mine upgraded.mat",".mat","746"
"Assets\Material\mine.mat",".mat","737"
"Assets\Material\MineWarning.mat",".mat","833"
"Assets\Material\Mobile Cart Part.mat",".mat","1040"
"Assets\Material\MobileUnlit.mat",".mat","683"
"Assets\Material\Multi-Use Icons SpriteAtlas.mat",".mat","754"
"Assets\Material\Multi-Use SpriteAtlas.mat",".mat","748"
"Assets\Material\music icon SpriteAtlas.mat",".mat","749"
"Assets\Material\Nav Bar Shifter SpriteAtlas.mat",".mat","754"
"Assets\Material\None__Castle_Castle_tga.mat",".mat","980"
"Assets\Material\None__fish_hooks_casltel_psd.mat",".mat","985"
"Assets\Material\None__fish_hook_cliff_face_earth_psd.mat",".mat","993"
"Assets\Material\None__kick_stadium_piece_psd.mat",".mat","700"
"Assets\Material\None__untitled.mat",".mat","747"
"Assets\Material\OilSlick.mat",".mat","647"
"Assets\Material\OSCARmap.mat",".mat","741"
"Assets\Material\OtherUI SpriteAtlas.mat",".mat","814"
"Assets\Material\particle_4 Material.mat",".mat","1194"
"Assets\Material\Perry.mat",".mat","738"
"Assets\Material\phineas and ferb fancy highway.mat",".mat","1063"
"Assets\Material\phineas and ferb purple wall.mat",".mat","667"
"Assets\Material\phineas ferb tunnel exterior texture 1.mat",".mat","771"
"Assets\Material\phineas ferb tunnel exterior texture.mat",".mat","1070"
"Assets\Material\phineas ferb tunnel texture.mat",".mat","1053"
"Assets\Material\phineas skybox.mat",".mat","1791"
"Assets\Material\phineas tree.mat",".mat","745"
"Assets\Material\phineas underpass exit tunnel.mat",".mat","762"
"Assets\Material\Phineas.mat",".mat","740"
"Assets\Material\phineas2 skybox.mat",".mat","1792"
"Assets\Material\PhineasBillboardAd.mat",".mat","657"
"Assets\Material\pickup gatorade.mat",".mat","748"
"Assets\Material\pickup rocket.mat",".mat","746"
"Assets\Material\pickup shield.mat",".mat","746"
"Assets\Material\Pie.mat",".mat","730"
"Assets\Material\PieShooter.mat",".mat","737"
"Assets\Material\pieSlick.mat",".mat","735"
"Assets\Material\PieSplat.mat",".mat","735"
"Assets\Material\PieSplatEffect SpriteAtlas.mat",".mat","665"
"Assets\Material\PowerPlant.mat",".mat","743"
"Assets\Material\Pranksgiving SpriteAtlas.mat",".mat","751"
"Assets\Material\Pranksgiving.mat",".mat","739"
"Assets\Material\RaceResults SpriteAtlas.mat",".mat","750"
"Assets\Material\ramp.mat",".mat","801"
"Assets\Material\ramp_0.mat",".mat","1026"
"Assets\Material\randy.mat",".mat","732"
"Assets\Material\Retaining Wall Brick.mat",".mat","771"
"Assets\Material\Road_Flat_002SG1.mat",".mat","688"
"Assets\Material\robot phineas.mat",".mat","816"
"Assets\Material\Rock.mat",".mat","758"
"Assets\Material\ScubaGuy.mat",".mat","965"
"Assets\Material\Shadow Blob.mat",".mat","747"
"Assets\Material\Shield 1.mat",".mat","836"
"Assets\Material\Shield Double.mat",".mat","841"
"Assets\Material\Shifter Slot Back.mat",".mat","656"
"Assets\Material\Shifter Slot Front.mat",".mat","745"
"Assets\Material\Show Logo.mat",".mat","736"
"Assets\Material\Sidewalk 3-Tile.mat",".mat","736"
"Assets\Material\Sidwalk 2-Tile.mat",".mat","741"
"Assets\Material\SmokeRealBlurred.mat",".mat","743"
"Assets\Material\SmokeRingBurst.mat",".mat","741"
"Assets\Material\SmokeRingBurstHARD.mat",".mat","745"
"Assets\Material\Soda.mat",".mat","731"
"Assets\Material\SoosTexture.mat",".mat","744"
"Assets\Material\sound icon SpriteAtlas.mat",".mat","749"
"Assets\Material\Spark clouds.mat",".mat","651"
"Assets\Material\Sparkle Add.mat",".mat","650"
"Assets\Material\Sparkle.mat",".mat","646"
"Assets\Material\Sparks add.mat",".mat","649"
"Assets\Material\speakers.mat",".mat","741"
"Assets\Material\speed strip.mat",".mat","978"
"Assets\Material\SpinCircle.mat",".mat","649"
"Assets\Material\spinning tire.mat",".mat","740"
"Assets\Material\SS Logo.mat",".mat","734"
"Assets\Material\Street 1 finish line.mat",".mat","753"
"Assets\Material\Street 1.mat",".mat","741"
"Assets\Material\Street 1_0.mat",".mat","741"
"Assets\Material\Street Corner.mat",".mat","746"
"Assets\Material\Street to Dirt Transition.mat",".mat","758"
"Assets\Material\Swatch Red.mat",".mat","737"
"Assets\Material\texture additional parts.mat",".mat","757"
"Assets\Material\texture additional parts_0.mat",".mat","751"
"Assets\Material\texture kart bea.mat",".mat","749"
"Assets\Material\texture kart brad.mat",".mat","750"
"Assets\Material\texture kart crap.mat",".mat","747"
"Assets\Material\texture kart dipper.mat",".mat","755"
"Assets\Material\texture kart gunther.mat",".mat","756"
"Assets\Material\texture kart kick.mat",".mat","753"
"Assets\Material\texture kart mabel.mat",".mat","754"
"Assets\Material\texture kart mike.mat",".mat","753"
"Assets\Material\texture kart milo.mat",".mat","750"
"Assets\Material\texture kart oscar.mat",".mat","751"
"Assets\Material\texture kart phineas.mat",".mat","756"
"Assets\Material\texture kart randy.mat",".mat","745"
"Assets\Material\texture kart01.mat",".mat","747"
"Assets\Material\texture kart02.mat",".mat","747"
"Assets\Material\texture kart03.mat",".mat","750"
"Assets\Material\texture kart04.mat",".mat","750"
"Assets\Material\texture kart05.mat",".mat","750"
"Assets\Material\texture kat ferb.mat",".mat","752"
"Assets\Material\texture kat perry.mat",".mat","753"
"Assets\Material\texture water.mat",".mat","1071"
"Assets\Material\texture water2.mat",".mat","747"
"Assets\Material\tire face.mat",".mat","742"
"Assets\Material\tiret.mat",".mat","738"
"Assets\Material\track 01 container.mat",".mat","751"
"Assets\Material\track 01 container2.mat",".mat","752"
"Assets\Material\track kb terrain.mat",".mat","749"
"Assets\Material\track01 ends.mat",".mat","745"
"Assets\Material\track01 hills.mat",".mat","746"
"Assets\Material\Track01-sign.mat",".mat","969"
"Assets\Material\Track01_Basketball_hoop.mat",".mat","750"
"Assets\Material\Trafic Light SpriteAtlas.mat",".mat","663"
"Assets\Material\Tripwire Shield.mat",".mat","843"
"Assets\Material\Tunnel.mat",".mat","739"
"Assets\Material\TurkeyGooShooter.mat",".mat","743"
"Assets\Material\Tutorial logo.mat",".mat","740"
"Assets\Material\unnamed.mat",".mat","734"
"Assets\Material\unnamed_0.mat",".mat","734"
"Assets\Material\unnamed_1.mat",".mat","685"
"Assets\Material\Vertical strays SpriteAtlas.mat",".mat","666"
"Assets\Material\White Fade.mat",".mat","750"
"Assets\Material\white wall 2.mat",".mat","739"
"Assets\Material\white wall.mat",".mat","743"
"Assets\Material\WhoopieCushion.mat",".mat","741"
"Assets\Material\WhoopieSmoke.mat",".mat","739"
"Assets\Material\wrench.mat",".mat","645"
"Assets\Mesh\2-4_Lane_Corner_a_000.asset",".asset","6704"
"Assets\Mesh\2-4_Lane_Corner_a_001.asset",".asset","9030"
"Assets\Mesh\2-4_Lane_Corner_a_001_0.asset",".asset","4142"
"Assets\Mesh\2-4_Lane_Corner_a_002.asset",".asset","9046"
"Assets\Mesh\2-4_Lane_Corner_a_003.asset",".asset","8281"
"Assets\Mesh\2-4_Lane_Corner_a_004.asset",".asset","8280"
"Assets\Mesh\2-4_Lane_Corner_a_005.asset",".asset","6720"
"Assets\Mesh\2-4_Lane_Corner_a_007.asset",".asset","3568"
"Assets\Mesh\2-4_Lane_Corner_a_009.asset",".asset","4389"
"Assets\Mesh\2-Lane_Street_000.asset",".asset","3802"
"Assets\Mesh\2-Lane_Street_001.asset",".asset","91675"
"Assets\Mesh\2-Lane_Street_001_0.asset",".asset","3802"
"Assets\Mesh\2-Lane_Street_002.asset",".asset","4030"
"Assets\Mesh\2-Lane_Street_012.asset",".asset","66747"
"Assets\Mesh\2-Lane_Street_013.asset",".asset","27706"
"Assets\Mesh\2_Lane_Corner_a_001.asset",".asset","3903"
"Assets\Mesh\2_Lane_Corner_a_002.asset",".asset","3903"
"Assets\Mesh\2_Lane_Corner_a_003.asset",".asset","3905"
"Assets\Mesh\2_Lane_End_Cap_001.asset",".asset","3833"
"Assets\Mesh\4-Lane_Corner_001.asset",".asset","4468"
"Assets\Mesh\4-Lane_Corner_001_0.asset",".asset","4466"
"Assets\Mesh\4-Lane_Corner_002.asset",".asset","4466"
"Assets\Mesh\4-Lane_Corner_003.asset",".asset","4466"
"Assets\Mesh\4-Lane_Corner_004.asset",".asset","40486"
"Assets\Mesh\4-Lane_Corner_004_0.asset",".asset","4466"
"Assets\Mesh\4-Lane_Corner_005.asset",".asset","4466"
"Assets\Mesh\4-Lane_Street_001.asset",".asset","3846"
"Assets\Mesh\4-Lane_Street_001_0.asset",".asset","5622"
"Assets\Mesh\4-Lane_Street_002.asset",".asset","3857"
"Assets\Mesh\4-Lane_Street_003.asset",".asset","3832"
"Assets\Mesh\4-Lane_Street_004.asset",".asset","6296"
"Assets\Mesh\4-Lane_Street_004_collision.asset",".asset","4960"
"Assets\Mesh\4-Lane_Street_005.asset",".asset","6099"
"Assets\Mesh\4-Lane_Street_007.asset",".asset","5666"
"Assets\Mesh\4-Lane_Street_011.asset",".asset","3761"
"Assets\Mesh\4-Lane_Street_012.asset",".asset","6274"
"Assets\Mesh\4-Lane_Street_012_0.asset",".asset","3860"
"Assets\Mesh\4-Lane_Street_014.asset",".asset","3833"
"Assets\Mesh\4-Lane_Street_015.asset",".asset","3133"
"Assets\Mesh\4-Lane_Street_020.asset",".asset","34729"
"Assets\Mesh\4-Lane_Tunnel_001.asset",".asset","5644"
"Assets\Mesh\4-Lane_Tunnel_002.asset",".asset","5644"
"Assets\Mesh\4-Lane_Tunnel_003.asset",".asset","3099"
"Assets\Mesh\4_Lane_End_Cap_001.asset",".asset","3860"
"Assets\Mesh\4_Lane_End_Cap_002.asset",".asset","3860"
"Assets\Mesh\4_Lane_End_Cap_003.asset",".asset","3843"
"Assets\Mesh\4_Lane_End_Cap_003_0.asset",".asset","3860"
"Assets\Mesh\4_Lane_End_Cap_005.asset",".asset","3843"
"Assets\Mesh\4_Lane_End_Cap_a_002.asset",".asset","3843"
"Assets\Mesh\4_Lane_End_Cap_a_004.asset",".asset","6916"
"Assets\Mesh\4_Lane_End_Cap_a_005.asset",".asset","3593"
"Assets\Mesh\4_Lane_End_Cap_a_006.asset",".asset","3835"
"Assets\Mesh\4_Lane_End_Cap_a_006_0.asset",".asset","4083"
"Assets\Mesh\4_Lane_End_Cap_a_007.asset",".asset","4059"
"Assets\Mesh\4_Lane_End_Cap_a_007_0.asset",".asset","3611"
"Assets\Mesh\4_Lane_End_Cap_a_008.asset",".asset","3611"
"Assets\Mesh\4_Lane_End_Cap_a_009.asset",".asset","4083"
"Assets\Mesh\4_Lane_End_Cap_a_010.asset",".asset","3593"
"Assets\Mesh\4_Lane_End_Cap_a_011.asset",".asset","3593"
"Assets\Mesh\4_Lane_End_Cap_a_012.asset",".asset","4083"
"Assets\Mesh\4_Lane_End_Cap_a_013.asset",".asset","3611"
"Assets\Mesh\4_Lane_End_Cap_a_014.asset",".asset","3610"
"Assets\Mesh\4_Lane_End_Cap_a_015.asset",".asset","4066"
"Assets\Mesh\4_Lane_End_Cap_a_016.asset",".asset","4069"
"Assets\Mesh\4_Lane_End_Cap_a_017.asset",".asset","3843"
"Assets\Mesh\4_Lane_End_Cap_a_022.asset",".asset","3835"
"Assets\Mesh\4_Lane_End_Cap_a_022_0.asset",".asset","3843"
"Assets\Mesh\a.asset",".asset","22329"
"Assets\Mesh\Arrow_Sign.asset",".asset","3621"
"Assets\Mesh\BEA.asset",".asset","40803"
"Assets\Mesh\belt.asset",".asset","8828"
"Assets\Mesh\belt_0.asset",".asset","8696"
"Assets\Mesh\belt_1.asset",".asset","8629"
"Assets\Mesh\belt_10.asset",".asset","8416"
"Assets\Mesh\belt_11.asset",".asset","3636"
"Assets\Mesh\belt_12.asset",".asset","8741"
"Assets\Mesh\belt_13.asset",".asset","8687"
"Assets\Mesh\belt_2.asset",".asset","8684"
"Assets\Mesh\belt_3.asset",".asset","9738"
"Assets\Mesh\belt_4.asset",".asset","8388"
"Assets\Mesh\belt_5.asset",".asset","6846"
"Assets\Mesh\belt_6.asset",".asset","8758"
"Assets\Mesh\belt_7.asset",".asset","6855"
"Assets\Mesh\belt_8.asset",".asset","8712"
"Assets\Mesh\belt_9.asset",".asset","6826"
"Assets\Mesh\blue_crate_open.asset",".asset","4364"
"Assets\Mesh\body.asset",".asset","9218"
"Assets\Mesh\body_0.asset",".asset","16112"
"Assets\Mesh\body_1.asset",".asset","11528"
"Assets\Mesh\body_10.asset",".asset","18996"
"Assets\Mesh\body_11.asset",".asset","18918"
"Assets\Mesh\body_12.asset",".asset","19604"
"Assets\Mesh\body_13.asset",".asset","18732"
"Assets\Mesh\body_14.asset",".asset","18487"
"Assets\Mesh\body_15.asset",".asset","15456"
"Assets\Mesh\body_16.asset",".asset","17706"
"Assets\Mesh\body_17.asset",".asset","12675"
"Assets\Mesh\body_2.asset",".asset","6011"
"Assets\Mesh\body_3.asset",".asset","9218"
"Assets\Mesh\body_4.asset",".asset","16112"
"Assets\Mesh\body_5.asset",".asset","17706"
"Assets\Mesh\body_6.asset",".asset","12675"
"Assets\Mesh\body_7.asset",".asset","15252"
"Assets\Mesh\body_8.asset",".asset","15456"
"Assets\Mesh\body_9.asset",".asset","18431"
"Assets\Mesh\boulder1.asset",".asset","5013"
"Assets\Mesh\boulder_004.asset",".asset","6540"
"Assets\Mesh\brad.asset",".asset","46541"
"Assets\Mesh\Bridge.asset",".asset","12482"
"Assets\Mesh\bridge_0.asset",".asset","7023"
"Assets\Mesh\bridge_column.asset",".asset","4153"
"Assets\Mesh\clam_bottom_lip.asset",".asset","4314"
"Assets\Mesh\clam_upper_lip.asset",".asset","4311"
"Assets\Mesh\coin.asset",".asset","4516"
"Assets\Mesh\Combined Mesh (root_ scene).asset",".asset","1731644"
"Assets\Mesh\Combined Mesh (root_ scene)_0.asset",".asset","1358575"
"Assets\Mesh\Combined Mesh (root_ scene)_1.asset",".asset","2696396"
"Assets\Mesh\Combined Mesh (root_ scene)_10.asset",".asset","163108"
"Assets\Mesh\Combined Mesh (root_ scene)_2.asset",".asset","1943347"
"Assets\Mesh\Combined Mesh (root_ scene)_3.asset",".asset","2476390"
"Assets\Mesh\Combined Mesh (root_ scene)_4.asset",".asset","7385662"
"Assets\Mesh\Combined Mesh (root_ scene)_5.asset",".asset","1353556"
"Assets\Mesh\Combined Mesh (root_ scene)_6.asset",".asset","1790036"
"Assets\Mesh\Combined Mesh (root_ scene)_7.asset",".asset","1384667"
"Assets\Mesh\Combined Mesh (root_ scene)_8.asset",".asset","1577459"
"Assets\Mesh\Combined Mesh (root_ scene)_9.asset",".asset","1637826"
"Assets\Mesh\connect_road_collision.asset",".asset","92554"
"Assets\Mesh\cras.asset",".asset","57507"
"Assets\Mesh\Cube.asset",".asset","3785"
"Assets\Mesh\Cube_0.asset",".asset","3910"
"Assets\Mesh\Cube_001.asset",".asset","9214"
"Assets\Mesh\Cube_004.asset",".asset","7660"
"Assets\Mesh\cybertunnel_1.asset",".asset","12111"
"Assets\Mesh\cyber_tunnel2.asset",".asset","17039"
"Assets\Mesh\cyber_tunnel_3.asset",".asset","12287"
"Assets\Mesh\Cylinder.asset",".asset","4218"
"Assets\Mesh\Cylinder_0.asset",".asset","7467"
"Assets\Mesh\Dipper.asset",".asset","53176"
"Assets\Mesh\dirt_road.asset",".asset","296007"
"Assets\Mesh\dirt_road2.asset",".asset","53612"
"Assets\Mesh\dirt_road2_0.asset",".asset","41329"
"Assets\Mesh\dirt_road_main_collsision.asset",".asset","328629"
"Assets\Mesh\dirt_road__1_collsion.asset",".asset","361758"
"Assets\Mesh\Doofenshmirtz.asset",".asset","11722"
"Assets\Mesh\Down_Ramp.asset",".asset","2678"
"Assets\Mesh\Drawbridge_000.asset",".asset","27392"
"Assets\Mesh\Drawbridge_001.asset",".asset","27460"
"Assets\Mesh\Drawbridge_003.asset",".asset","27456"
"Assets\Mesh\Drawbridge_005.asset",".asset","27458"
"Assets\Mesh\fancy_buiilding_E.asset",".asset","4776"
"Assets\Mesh\fancy_building_A.asset",".asset","4537"
"Assets\Mesh\fancy_building_B.asset",".asset","5543"
"Assets\Mesh\fancy_building_C.asset",".asset","10331"
"Assets\Mesh\Fence.asset",".asset","4725"
"Assets\Mesh\Ferb.asset",".asset","51449"
"Assets\Mesh\Fishtankia_Tree_01.asset",".asset","15740"
"Assets\Mesh\flagpole.asset",".asset","3963"
"Assets\Mesh\front_wheel.asset",".asset","6942"
"Assets\Mesh\front_wheel_0.asset",".asset","6942"
"Assets\Mesh\front_wheel_001.asset",".asset","6946"
"Assets\Mesh\front_wheel_1.asset",".asset","6942"
"Assets\Mesh\front_wheel_10.asset",".asset","6942"
"Assets\Mesh\front_wheel_11.asset",".asset","6942"
"Assets\Mesh\front_wheel_12.asset",".asset","6945"
"Assets\Mesh\front_wheel_13.asset",".asset","6942"
"Assets\Mesh\front_wheel_14.asset",".asset","6942"
"Assets\Mesh\front_wheel_15.asset",".asset","6945"
"Assets\Mesh\front_wheel_16.asset",".asset","6942"
"Assets\Mesh\front_wheel_17.asset",".asset","6942"
"Assets\Mesh\front_wheel_18.asset",".asset","6942"
"Assets\Mesh\front_wheel_19.asset",".asset","6945"
"Assets\Mesh\front_wheel_2.asset",".asset","6942"
"Assets\Mesh\front_wheel_3.asset",".asset","6942"
"Assets\Mesh\front_wheel_4.asset",".asset","6942"
"Assets\Mesh\front_wheel_5.asset",".asset","6942"
"Assets\Mesh\front_wheel_6.asset",".asset","6942"
"Assets\Mesh\front_wheel_7.asset",".asset","6942"
"Assets\Mesh\front_wheel_8.asset",".asset","6942"
"Assets\Mesh\front_wheel_9.asset",".asset","6942"
"Assets\Mesh\GoalPosts.asset",".asset","11269"
"Assets\Mesh\gsfgrg.asset",".asset","35687"
"Assets\Mesh\gsfgrg_001.asset",".asset","4512"
"Assets\Mesh\gsfgrg_002.asset",".asset","3703"
"Assets\Mesh\gsfgrg_003.asset",".asset","3053"
"Assets\Mesh\gunther.asset",".asset","45795"
"Assets\Mesh\Half_Circle.asset",".asset","2680"
"Assets\Mesh\head_003.asset",".asset","58712"
"Assets\Mesh\highway_sign.asset",".asset","4093"
"Assets\Mesh\hill_face.asset",".asset","2955"
"Assets\Mesh\hill_mesh_complete.asset",".asset","4500"
"Assets\Mesh\Hiway_Curve.asset",".asset","2680"
"Assets\Mesh\house1.asset",".asset","3674"
"Assets\Mesh\house2.asset",".asset","3614"
"Assets\Mesh\houses3.asset",".asset","3640"
"Assets\Mesh\houses4.asset",".asset","3604"
"Assets\Mesh\inline_ramp.asset",".asset","3626"
"Assets\Mesh\interior.asset",".asset","18466"
"Assets\Mesh\interior_0.asset",".asset","27315"
"Assets\Mesh\interior_1.asset",".asset","23417"
"Assets\Mesh\interior_10.asset",".asset","24816"
"Assets\Mesh\interior_11.asset",".asset","24816"
"Assets\Mesh\interior_12.asset",".asset","24816"
"Assets\Mesh\interior_13.asset",".asset","18466"
"Assets\Mesh\interior_14.asset",".asset","18466"
"Assets\Mesh\interior_15.asset",".asset","23417"
"Assets\Mesh\interior_16.asset",".asset","18466"
"Assets\Mesh\interior_17.asset",".asset","23551"
"Assets\Mesh\interior_2.asset",".asset","32238"
"Assets\Mesh\interior_3.asset",".asset","28478"
"Assets\Mesh\interior_4.asset",".asset","18466"
"Assets\Mesh\interior_5.asset",".asset","23417"
"Assets\Mesh\interior_6.asset",".asset","23417"
"Assets\Mesh\interior_7.asset",".asset","24816"
"Assets\Mesh\interior_8.asset",".asset","24816"
"Assets\Mesh\interior_9.asset",".asset","28589"
"Assets\Mesh\kart_bea.asset",".asset","34517"
"Assets\Mesh\kart_brad.asset",".asset","49765"
"Assets\Mesh\kart_dipper.asset",".asset","51454"
"Assets\Mesh\kart_ferb.asset",".asset","55406"
"Assets\Mesh\kart_gunther.asset",".asset","32183"
"Assets\Mesh\kart_kick.asset",".asset","32180"
"Assets\Mesh\kart_kick_0.asset",".asset","32180"
"Assets\Mesh\kart_mabel.asset",".asset","51453"
"Assets\Mesh\kart_mike.asset",".asset","49765"
"Assets\Mesh\kart_milo.asset",".asset","34536"
"Assets\Mesh\kart_oscar.asset",".asset","34498"
"Assets\Mesh\kart_perry.asset",".asset","55407"
"Assets\Mesh\kart_phineas.asset",".asset","55409"
"Assets\Mesh\kick.asset",".asset","31153"
"Assets\Mesh\Lane_Street_highway_000.asset",".asset","78054"
"Assets\Mesh\Lane_Street_highway_001.asset",".asset","6349"
"Assets\Mesh\laser.asset",".asset","2784"
"Assets\Mesh\left_wheel.asset",".asset","6941"
"Assets\Mesh\left_wheel_0.asset",".asset","6941"
"Assets\Mesh\left_wheel_1.asset",".asset","6941"
"Assets\Mesh\left_wheel_10.asset",".asset","6941"
"Assets\Mesh\left_wheel_11.asset",".asset","6941"
"Assets\Mesh\left_wheel_12.asset",".asset","6941"
"Assets\Mesh\left_wheel_13.asset",".asset","6941"
"Assets\Mesh\left_wheel_14.asset",".asset","6941"
"Assets\Mesh\left_wheel_15.asset",".asset","6941"
"Assets\Mesh\left_wheel_16.asset",".asset","6941"
"Assets\Mesh\left_wheel_17.asset",".asset","6941"
"Assets\Mesh\left_wheel_18.asset",".asset","6941"
"Assets\Mesh\left_wheel_2.asset",".asset","6941"
"Assets\Mesh\left_wheel_3.asset",".asset","6941"
"Assets\Mesh\left_wheel_4.asset",".asset","6941"
"Assets\Mesh\left_wheel_5.asset",".asset","6941"
"Assets\Mesh\left_wheel_6.asset",".asset","6941"
"Assets\Mesh\left_wheel_7.asset",".asset","6941"
"Assets\Mesh\left_wheel_8.asset",".asset","6941"
"Assets\Mesh\left_wheel_9.asset",".asset","6941"
"Assets\Mesh\Lift.asset",".asset","5812"
"Assets\Mesh\light.asset",".asset","4199"
"Assets\Mesh\lockers.asset",".asset","3210"
"Assets\Mesh\Mabel.asset",".asset","47261"
"Assets\Mesh\main_road_collsion.asset",".asset","670289"
"Assets\Mesh\Mesh.asset",".asset","2853"
"Assets\Mesh\Mesh_0.asset",".asset","2869"
"Assets\Mesh\Mesh_011.asset",".asset","3396"
"Assets\Mesh\Mesh_015.asset",".asset","3393"
"Assets\Mesh\Mesh_019.asset",".asset","8188"
"Assets\Mesh\Mesh_020.asset",".asset","8061"
"Assets\Mesh\Mesh_1.asset",".asset","2867"
"Assets\Mesh\Mesh_10.asset",".asset","2877"
"Assets\Mesh\Mesh_100.asset",".asset","2855"
"Assets\Mesh\Mesh_101.asset",".asset","2853"
"Assets\Mesh\Mesh_102.asset",".asset","3529"
"Assets\Mesh\Mesh_103.asset",".asset","2859"
"Assets\Mesh\Mesh_104.asset",".asset","2853"
"Assets\Mesh\Mesh_105.asset",".asset","2867"
"Assets\Mesh\Mesh_106.asset",".asset","3539"
"Assets\Mesh\Mesh_107.asset",".asset","3539"
"Assets\Mesh\Mesh_108.asset",".asset","2859"
"Assets\Mesh\Mesh_109.asset",".asset","2859"
"Assets\Mesh\Mesh_11.asset",".asset","2859"
"Assets\Mesh\Mesh_110.asset",".asset","2867"
"Assets\Mesh\Mesh_111.asset",".asset","3541"
"Assets\Mesh\Mesh_112.asset",".asset","2877"
"Assets\Mesh\Mesh_113.asset",".asset","3541"
"Assets\Mesh\Mesh_114.asset",".asset","2869"
"Assets\Mesh\Mesh_115.asset",".asset","3541"
"Assets\Mesh\Mesh_116.asset",".asset","2855"
"Assets\Mesh\Mesh_117.asset",".asset","2853"
"Assets\Mesh\Mesh_118.asset",".asset","2854"
"Assets\Mesh\Mesh_119.asset",".asset","3533"
"Assets\Mesh\Mesh_12.asset",".asset","2859"
"Assets\Mesh\Mesh_120.asset",".asset","2855"
"Assets\Mesh\Mesh_121.asset",".asset","3066"
"Assets\Mesh\Mesh_122.asset",".asset","3530"
"Assets\Mesh\Mesh_123.asset",".asset","2858"
"Assets\Mesh\Mesh_124.asset",".asset","3531"
"Assets\Mesh\Mesh_125.asset",".asset","2853"
"Assets\Mesh\Mesh_126.asset",".asset","2855"
"Assets\Mesh\Mesh_127.asset",".asset","3533"
"Assets\Mesh\Mesh_128.asset",".asset","3066"
"Assets\Mesh\Mesh_129.asset",".asset","2853"
"Assets\Mesh\Mesh_13.asset",".asset","2855"
"Assets\Mesh\Mesh_130.asset",".asset","3534"
"Assets\Mesh\Mesh_131.asset",".asset","3530"
"Assets\Mesh\Mesh_132.asset",".asset","3531"
"Assets\Mesh\Mesh_133.asset",".asset","3533"
"Assets\Mesh\Mesh_134.asset",".asset","2855"
"Assets\Mesh\Mesh_135.asset",".asset","2853"
"Assets\Mesh\Mesh_136.asset",".asset","3531"
"Assets\Mesh\Mesh_137.asset",".asset","3533"
"Assets\Mesh\Mesh_138.asset",".asset","2855"
"Assets\Mesh\Mesh_139.asset",".asset","2853"
"Assets\Mesh\Mesh_14.asset",".asset","2853"
"Assets\Mesh\Mesh_140.asset",".asset","2853"
"Assets\Mesh\Mesh_141.asset",".asset","2853"
"Assets\Mesh\Mesh_142.asset",".asset","3533"
"Assets\Mesh\Mesh_143.asset",".asset","3063"
"Assets\Mesh\Mesh_144.asset",".asset","3533"
"Assets\Mesh\Mesh_145.asset",".asset","3533"
"Assets\Mesh\Mesh_146.asset",".asset","2855"
"Assets\Mesh\Mesh_147.asset",".asset","3533"
"Assets\Mesh\Mesh_148.asset",".asset","2855"
"Assets\Mesh\Mesh_149.asset",".asset","3531"
"Assets\Mesh\Mesh_15.asset",".asset","3541"
"Assets\Mesh\Mesh_150.asset",".asset","3531"
"Assets\Mesh\Mesh_151.asset",".asset","2855"
"Assets\Mesh\Mesh_152.asset",".asset","2853"
"Assets\Mesh\Mesh_153.asset",".asset","3531"
"Assets\Mesh\Mesh_154.asset",".asset","2869"
"Assets\Mesh\Mesh_155.asset",".asset","2867"
"Assets\Mesh\Mesh_156.asset",".asset","2853"
"Assets\Mesh\Mesh_157.asset",".asset","2853"
"Assets\Mesh\Mesh_158.asset",".asset","3538"
"Assets\Mesh\Mesh_159.asset",".asset","3536"
"Assets\Mesh\Mesh_16.asset",".asset","2867"
"Assets\Mesh\Mesh_160.asset",".asset","2853"
"Assets\Mesh\Mesh_161.asset",".asset","3539"
"Assets\Mesh\Mesh_162.asset",".asset","2875"
"Assets\Mesh\Mesh_163.asset",".asset","2859"
"Assets\Mesh\Mesh_164.asset",".asset","2877"
"Assets\Mesh\Mesh_165.asset",".asset","2859"
"Assets\Mesh\Mesh_166.asset",".asset","2859"
"Assets\Mesh\Mesh_167.asset",".asset","2855"
"Assets\Mesh\Mesh_168.asset",".asset","2853"
"Assets\Mesh\Mesh_169.asset",".asset","3541"
"Assets\Mesh\Mesh_17.asset",".asset","3539"
"Assets\Mesh\Mesh_170.asset",".asset","2867"
"Assets\Mesh\Mesh_171.asset",".asset","3536"
"Assets\Mesh\Mesh_172.asset",".asset","3541"
"Assets\Mesh\Mesh_173.asset",".asset","3538"
"Assets\Mesh\Mesh_174.asset",".asset","3529"
"Assets\Mesh\Mesh_175.asset",".asset","2869"
"Assets\Mesh\Mesh_176.asset",".asset","2853"
"Assets\Mesh\Mesh_177.asset",".asset","2877"
"Assets\Mesh\Mesh_178.asset",".asset","2853"
"Assets\Mesh\Mesh_179.asset",".asset","2853"
"Assets\Mesh\Mesh_18.asset",".asset","3541"
"Assets\Mesh\Mesh_180.asset",".asset","2869"
"Assets\Mesh\Mesh_181.asset",".asset","3541"
"Assets\Mesh\Mesh_182.asset",".asset","3541"
"Assets\Mesh\Mesh_183.asset",".asset","2875"
"Assets\Mesh\Mesh_184.asset",".asset","2853"
"Assets\Mesh\Mesh_185.asset",".asset","2859"
"Assets\Mesh\Mesh_186.asset",".asset","2867"
"Assets\Mesh\Mesh_187.asset",".asset","2853"
"Assets\Mesh\Mesh_188.asset",".asset","3539"
"Assets\Mesh\Mesh_189.asset",".asset","3539"
"Assets\Mesh\Mesh_19.asset",".asset","3541"
"Assets\Mesh\Mesh_190.asset",".asset","2859"
"Assets\Mesh\Mesh_191.asset",".asset","3529"
"Assets\Mesh\Mesh_192.asset",".asset","2853"
"Assets\Mesh\Mesh_193.asset",".asset","2855"
"Assets\Mesh\Mesh_194.asset",".asset","2859"
"Assets\Mesh\Mesh_195.asset",".asset","3539"
"Assets\Mesh\Mesh_196.asset",".asset","2869"
"Assets\Mesh\Mesh_197.asset",".asset","3535"
"Assets\Mesh\Mesh_198.asset",".asset","2867"
"Assets\Mesh\Mesh_199.asset",".asset","3541"
"Assets\Mesh\Mesh_2.asset",".asset","2853"
"Assets\Mesh\Mesh_20.asset",".asset","3529"
"Assets\Mesh\Mesh_200.asset",".asset","2853"
"Assets\Mesh\Mesh_201.asset",".asset","2859"
"Assets\Mesh\Mesh_202.asset",".asset","2859"
"Assets\Mesh\Mesh_203.asset",".asset","3535"
"Assets\Mesh\Mesh_204.asset",".asset","2853"
"Assets\Mesh\Mesh_205.asset",".asset","3541"
"Assets\Mesh\Mesh_206.asset",".asset","3529"
"Assets\Mesh\Mesh_207.asset",".asset","3539"
"Assets\Mesh\Mesh_208.asset",".asset","2855"
"Assets\Mesh\Mesh_209.asset",".asset","2869"
"Assets\Mesh\Mesh_21.asset",".asset","2869"
"Assets\Mesh\Mesh_210.asset",".asset","2877"
"Assets\Mesh\Mesh_211.asset",".asset","2853"
"Assets\Mesh\Mesh_212.asset",".asset","3539"
"Assets\Mesh\Mesh_213.asset",".asset","3541"
"Assets\Mesh\Mesh_214.asset",".asset","3539"
"Assets\Mesh\Mesh_215.asset",".asset","2853"
"Assets\Mesh\Mesh_216.asset",".asset","2869"
"Assets\Mesh\Mesh_217.asset",".asset","3541"
"Assets\Mesh\Mesh_218.asset",".asset","2853"
"Assets\Mesh\Mesh_219.asset",".asset","2853"
"Assets\Mesh\Mesh_22.asset",".asset","2853"
"Assets\Mesh\Mesh_220.asset",".asset","2859"
"Assets\Mesh\Mesh_221.asset",".asset","2875"
"Assets\Mesh\Mesh_222.asset",".asset","2867"
"Assets\Mesh\Mesh_223.asset",".asset","2867"
"Assets\Mesh\Mesh_224.asset",".asset","2859"
"Assets\Mesh\Mesh_225.asset",".asset","3541"
"Assets\Mesh\Mesh_226.asset",".asset","3541"
"Assets\Mesh\Mesh_227.asset",".asset","3541"
"Assets\Mesh\Mesh_228.asset",".asset","2877"
"Assets\Mesh\Mesh_229.asset",".asset","2859"
"Assets\Mesh\Mesh_23.asset",".asset","2877"
"Assets\Mesh\Mesh_230.asset",".asset","2869"
"Assets\Mesh\Mesh_231.asset",".asset","2853"
"Assets\Mesh\Mesh_232.asset",".asset","3541"
"Assets\Mesh\Mesh_233.asset",".asset","2867"
"Assets\Mesh\Mesh_234.asset",".asset","3529"
"Assets\Mesh\Mesh_235.asset",".asset","2859"
"Assets\Mesh\Mesh_236.asset",".asset","2875"
"Assets\Mesh\Mesh_237.asset",".asset","2853"
"Assets\Mesh\Mesh_238.asset",".asset","2855"
"Assets\Mesh\Mesh_239.asset",".asset","2853"
"Assets\Mesh\Mesh_24.asset",".asset","2853"
"Assets\Mesh\Mesh_240.asset",".asset","2873"
"Assets\Mesh\Mesh_241.asset",".asset","2853"
"Assets\Mesh\Mesh_242.asset",".asset","3541"
"Assets\Mesh\Mesh_243.asset",".asset","2867"
"Assets\Mesh\Mesh_244.asset",".asset","2853"
"Assets\Mesh\Mesh_245.asset",".asset","3541"
"Assets\Mesh\Mesh_246.asset",".asset","3541"
"Assets\Mesh\Mesh_247.asset",".asset","2867"
"Assets\Mesh\Mesh_248.asset",".asset","2853"
"Assets\Mesh\Mesh_249.asset",".asset","3541"
"Assets\Mesh\Mesh_25.asset",".asset","2853"
"Assets\Mesh\Mesh_250.asset",".asset","3529"
"Assets\Mesh\Mesh_251.asset",".asset","3539"
"Assets\Mesh\Mesh_252.asset",".asset","3541"
"Assets\Mesh\Mesh_253.asset",".asset","2869"
"Assets\Mesh\Mesh_254.asset",".asset","2877"
"Assets\Mesh\Mesh_255.asset",".asset","2859"
"Assets\Mesh\Mesh_256.asset",".asset","3539"
"Assets\Mesh\Mesh_257.asset",".asset","2859"
"Assets\Mesh\Mesh_258.asset",".asset","3535"
"Assets\Mesh\Mesh_259.asset",".asset","2853"
"Assets\Mesh\Mesh_26.asset",".asset","2869"
"Assets\Mesh\Mesh_260.asset",".asset","3541"
"Assets\Mesh\Mesh_261.asset",".asset","3539"
"Assets\Mesh\Mesh_262.asset",".asset","2853"
"Assets\Mesh\Mesh_263.asset",".asset","2853"
"Assets\Mesh\Mesh_264.asset",".asset","2855"
"Assets\Mesh\Mesh_265.asset",".asset","2859"
"Assets\Mesh\Mesh_266.asset",".asset","2853"
"Assets\Mesh\Mesh_267.asset",".asset","2869"
"Assets\Mesh\Mesh_268.asset",".asset","2875"
"Assets\Mesh\Mesh_269.asset",".asset","2867"
"Assets\Mesh\Mesh_27.asset",".asset","3538"
"Assets\Mesh\Mesh_270.asset",".asset","2855"
"Assets\Mesh\Mesh_271.asset",".asset","2877"
"Assets\Mesh\Mesh_272.asset",".asset","3541"
"Assets\Mesh\Mesh_273.asset",".asset","2853"
"Assets\Mesh\Mesh_274.asset",".asset","2853"
"Assets\Mesh\Mesh_275.asset",".asset","2853"
"Assets\Mesh\Mesh_276.asset",".asset","2869"
"Assets\Mesh\Mesh_277.asset",".asset","3541"
"Assets\Mesh\Mesh_278.asset",".asset","2875"
"Assets\Mesh\Mesh_279.asset",".asset","2867"
"Assets\Mesh\Mesh_28.asset",".asset","3538"
"Assets\Mesh\Mesh_280.asset",".asset","2853"
"Assets\Mesh\Mesh_281.asset",".asset","3539"
"Assets\Mesh\Mesh_282.asset",".asset","3539"
"Assets\Mesh\Mesh_283.asset",".asset","2859"
"Assets\Mesh\Mesh_284.asset",".asset","2853"
"Assets\Mesh\Mesh_285.asset",".asset","3529"
"Assets\Mesh\Mesh_286.asset",".asset","2853"
"Assets\Mesh\Mesh_287.asset",".asset","3539"
"Assets\Mesh\Mesh_288.asset",".asset","2869"
"Assets\Mesh\Mesh_289.asset",".asset","3541"
"Assets\Mesh\Mesh_29.asset",".asset","2875"
"Assets\Mesh\Mesh_290.asset",".asset","3541"
"Assets\Mesh\Mesh_291.asset",".asset","2867"
"Assets\Mesh\Mesh_292.asset",".asset","2859"
"Assets\Mesh\Mesh_293.asset",".asset","2859"
"Assets\Mesh\Mesh_294.asset",".asset","2854"
"Assets\Mesh\Mesh_295.asset",".asset","2854"
"Assets\Mesh\Mesh_296.asset",".asset","2921"
"Assets\Mesh\Mesh_297.asset",".asset","2851"
"Assets\Mesh\Mesh_298.asset",".asset","2854"
"Assets\Mesh\Mesh_299.asset",".asset","2871"
"Assets\Mesh\Mesh_3.asset",".asset","2853"
"Assets\Mesh\Mesh_30.asset",".asset","2853"
"Assets\Mesh\Mesh_300.asset",".asset","2853"
"Assets\Mesh\Mesh_301.asset",".asset","2859"
"Assets\Mesh\Mesh_302.asset",".asset","2854"
"Assets\Mesh\Mesh_303.asset",".asset","2867"
"Assets\Mesh\Mesh_304.asset",".asset","2853"
"Assets\Mesh\Mesh_305.asset",".asset","2854"
"Assets\Mesh\Mesh_306.asset",".asset","2854"
"Assets\Mesh\Mesh_307.asset",".asset","2855"
"Assets\Mesh\Mesh_308.asset",".asset","2853"
"Assets\Mesh\Mesh_31.asset",".asset","2859"
"Assets\Mesh\Mesh_32.asset",".asset","2867"
"Assets\Mesh\Mesh_33.asset",".asset","2853"
"Assets\Mesh\Mesh_34.asset",".asset","3536"
"Assets\Mesh\Mesh_35.asset",".asset","3536"
"Assets\Mesh\Mesh_36.asset",".asset","2859"
"Assets\Mesh\Mesh_37.asset",".asset","3529"
"Assets\Mesh\Mesh_38.asset",".asset","2853"
"Assets\Mesh\Mesh_39.asset",".asset","2855"
"Assets\Mesh\Mesh_4.asset",".asset","3541"
"Assets\Mesh\Mesh_40.asset",".asset","2859"
"Assets\Mesh\Mesh_41.asset",".asset","3539"
"Assets\Mesh\Mesh_42.asset",".asset","2869"
"Assets\Mesh\Mesh_43.asset",".asset","3535"
"Assets\Mesh\Mesh_44.asset",".asset","2867"
"Assets\Mesh\Mesh_45.asset",".asset","3541"
"Assets\Mesh\Mesh_46.asset",".asset","2853"
"Assets\Mesh\Mesh_47.asset",".asset","2859"
"Assets\Mesh\Mesh_48.asset",".asset","3536"
"Assets\Mesh\Mesh_49.asset",".asset","2853"
"Assets\Mesh\Mesh_5.asset",".asset","3539"
"Assets\Mesh\Mesh_50.asset",".asset","2853"
"Assets\Mesh\Mesh_51.asset",".asset","2875"
"Assets\Mesh\Mesh_52.asset",".asset","3535"
"Assets\Mesh\Mesh_53.asset",".asset","2853"
"Assets\Mesh\Mesh_54.asset",".asset","2853"
"Assets\Mesh\Mesh_55.asset",".asset","3541"
"Assets\Mesh\Mesh_56.asset",".asset","2859"
"Assets\Mesh\Mesh_57.asset",".asset","3529"
"Assets\Mesh\Mesh_58.asset",".asset","3538"
"Assets\Mesh\Mesh_59.asset",".asset","2877"
"Assets\Mesh\Mesh_6.asset",".asset","2853"
"Assets\Mesh\Mesh_60.asset",".asset","3538"
"Assets\Mesh\Mesh_61.asset",".asset","2869"
"Assets\Mesh\Mesh_62.asset",".asset","2869"
"Assets\Mesh\Mesh_63.asset",".asset","2867"
"Assets\Mesh\Mesh_64.asset",".asset","2859"
"Assets\Mesh\Mesh_65.asset",".asset","3536"
"Assets\Mesh\Mesh_66.asset",".asset","2853"
"Assets\Mesh\Mesh_67.asset",".asset","2867"
"Assets\Mesh\Mesh_68.asset",".asset","2855"
"Assets\Mesh\Mesh_69.asset",".asset","3539"
"Assets\Mesh\Mesh_7.asset",".asset","3539"
"Assets\Mesh\Mesh_70.asset",".asset","2867"
"Assets\Mesh\Mesh_71.asset",".asset","2853"
"Assets\Mesh\Mesh_72.asset",".asset","2869"
"Assets\Mesh\Mesh_73.asset",".asset","2853"
"Assets\Mesh\Mesh_74.asset",".asset","3541"
"Assets\Mesh\Mesh_75.asset",".asset","2875"
"Assets\Mesh\Mesh_76.asset",".asset","2853"
"Assets\Mesh\Mesh_77.asset",".asset","2853"
"Assets\Mesh\Mesh_78.asset",".asset","2867"
"Assets\Mesh\Mesh_79.asset",".asset","2855"
"Assets\Mesh\Mesh_8.asset",".asset","2875"
"Assets\Mesh\Mesh_80.asset",".asset","2859"
"Assets\Mesh\Mesh_81.asset",".asset","3529"
"Assets\Mesh\Mesh_82.asset",".asset","3541"
"Assets\Mesh\Mesh_83.asset",".asset","3536"
"Assets\Mesh\Mesh_84.asset",".asset","3536"
"Assets\Mesh\Mesh_85.asset",".asset","3538"
"Assets\Mesh\Mesh_86.asset",".asset","2859"
"Assets\Mesh\Mesh_87.asset",".asset","2859"
"Assets\Mesh\Mesh_88.asset",".asset","3539"
"Assets\Mesh\Mesh_89.asset",".asset","2869"
"Assets\Mesh\Mesh_9.asset",".asset","2859"
"Assets\Mesh\Mesh_90.asset",".asset","3538"
"Assets\Mesh\Mesh_91.asset",".asset","2877"
"Assets\Mesh\Mesh_92.asset",".asset","2853"
"Assets\Mesh\Mesh_93.asset",".asset","2853"
"Assets\Mesh\Mesh_94.asset",".asset","3539"
"Assets\Mesh\Mesh_95.asset",".asset","2869"
"Assets\Mesh\Mesh_96.asset",".asset","2875"
"Assets\Mesh\Mesh_97.asset",".asset","2853"
"Assets\Mesh\Mesh_98.asset",".asset","3541"
"Assets\Mesh\Mesh_99.asset",".asset","2853"
"Assets\Mesh\Mike.asset",".asset","45439"
"Assets\Mesh\MILO.asset",".asset","33383"
"Assets\Mesh\OSCAR.asset",".asset","45164"
"Assets\Mesh\Perry.asset",".asset","43222"
"Assets\Mesh\Phineas.asset",".asset","44929"
"Assets\Mesh\Pie.asset",".asset","12758"
"Assets\Mesh\Plane.asset",".asset","5682"
"Assets\Mesh\Plane_0.asset",".asset","4651"
"Assets\Mesh\Plane_001.asset",".asset","2900"
"Assets\Mesh\Plane_001_0.asset",".asset","2865"
"Assets\Mesh\Plane_002.asset",".asset","3304"
"Assets\Mesh\Plane_003.asset",".asset","2841"
"Assets\Mesh\Plane_1.asset",".asset","2774"
"Assets\Mesh\Plane_2.asset",".asset","2874"
"Assets\Mesh\Plane_3.asset",".asset","4054"
"Assets\Mesh\Plane_4.asset",".asset","2771"
"Assets\Mesh\punnel1.asset",".asset","9391"
"Assets\Mesh\punnel2.asset",".asset","10674"
"Assets\Mesh\punnel3.asset",".asset","11440"
"Assets\Mesh\punnel4.asset",".asset","13511"
"Assets\Mesh\p_tunnel_1.asset",".asset","16851"
"Assets\Mesh\p_tunnel_2.asset",".asset","13225"
"Assets\Mesh\p_tunnel_3.asset",".asset","13220"
"Assets\Mesh\p_tunnel_4.asset",".asset","14531"
"Assets\Mesh\Quad.asset",".asset","2805"
"Assets\Mesh\ramp_down_collsion.asset",".asset","9524"
"Assets\Mesh\Red_Crate.asset",".asset","3415"
"Assets\Mesh\Red_Crate_open.asset",".asset","4363"
"Assets\Mesh\right_weel.asset",".asset","6939"
"Assets\Mesh\right_weel_0.asset",".asset","6939"
"Assets\Mesh\right_weel_1.asset",".asset","6939"
"Assets\Mesh\right_weel_2.asset",".asset","6939"
"Assets\Mesh\right_wheel.asset",".asset","6940"
"Assets\Mesh\right_wheel_0.asset",".asset","6940"
"Assets\Mesh\right_wheel_1.asset",".asset","6940"
"Assets\Mesh\right_wheel_10.asset",".asset","6940"
"Assets\Mesh\right_wheel_11.asset",".asset","6940"
"Assets\Mesh\right_wheel_12.asset",".asset","6940"
"Assets\Mesh\right_wheel_13.asset",".asset","6940"
"Assets\Mesh\right_wheel_14.asset",".asset","6940"
"Assets\Mesh\right_wheel_2.asset",".asset","6940"
"Assets\Mesh\right_wheel_3.asset",".asset","6940"
"Assets\Mesh\right_wheel_4.asset",".asset","6940"
"Assets\Mesh\right_wheel_5.asset",".asset","6940"
"Assets\Mesh\right_wheel_6.asset",".asset","6940"
"Assets\Mesh\right_wheel_7.asset",".asset","6940"
"Assets\Mesh\right_wheel_8.asset",".asset","6940"
"Assets\Mesh\right_wheel_9.asset",".asset","6940"
"Assets\Mesh\road1.asset",".asset","58899"
"Assets\Mesh\road2.asset",".asset","49558"
"Assets\Mesh\road4.asset",".asset","23366"
"Assets\Mesh\road_3.asset",".asset","20318"
"Assets\Mesh\Rock_2.asset",".asset","6221"
"Assets\Mesh\rollup_door.asset",".asset","2855"
"Assets\Mesh\roof.asset",".asset","2877"
"Assets\Mesh\school.asset",".asset","10870"
"Assets\Mesh\schoolbus.asset",".asset","3846"
"Assets\Mesh\school_left.asset",".asset","11254"
"Assets\Mesh\scoop.asset",".asset","4131"
"Assets\Mesh\SCOOP_0.asset",".asset","3716"
"Assets\Mesh\scoop_1.asset",".asset","6702"
"Assets\Mesh\scoop_2.asset",".asset","3482"
"Assets\Mesh\scoop_3.asset",".asset","7526"
"Assets\Mesh\scoop_4.asset",".asset","5369"
"Assets\Mesh\scoop_5.asset",".asset","3482"
"Assets\Mesh\Shield.asset",".asset","4878"
"Assets\Mesh\shool_right.asset",".asset","11086"
"Assets\Mesh\soos.asset",".asset","40866"
"Assets\Mesh\Sphere.asset",".asset","7743"
"Assets\Mesh\Sphere_0.asset",".asset","10114"
"Assets\Mesh\Sphere_1.asset",".asset","10114"
"Assets\Mesh\split_road.asset",".asset","44311"
"Assets\Mesh\spoiler.asset",".asset","5239"
"Assets\Mesh\spoiler_0.asset",".asset","5070"
"Assets\Mesh\spoiler_1.asset",".asset","5766"
"Assets\Mesh\spoiler_10.asset",".asset","6235"
"Assets\Mesh\spoiler_11.asset",".asset","4850"
"Assets\Mesh\spoiler_2.asset",".asset","5941"
"Assets\Mesh\spoiler_3.asset",".asset","4705"
"Assets\Mesh\spoiler_4.asset",".asset","6734"
"Assets\Mesh\spoiler_5.asset",".asset","4850"
"Assets\Mesh\spoiler_6.asset",".asset","5150"
"Assets\Mesh\spoiler_7.asset",".asset","4793"
"Assets\Mesh\spoiler_8.asset",".asset","5295"
"Assets\Mesh\spoiler_9.asset",".asset","5776"
"Assets\Mesh\stalagtite.asset",".asset","3793"
"Assets\Mesh\Street_Collider.asset",".asset","118763"
"Assets\Mesh\thrusters.asset",".asset","14559"
"Assets\Mesh\thrusters_0.asset",".asset","11062"
"Assets\Mesh\thrusters_1.asset",".asset","8638"
"Assets\Mesh\thrusters_10.asset",".asset","11054"
"Assets\Mesh\thrusters_11.asset",".asset","3654"
"Assets\Mesh\thrusters_2.asset",".asset","4476"
"Assets\Mesh\thrusters_3.asset",".asset","14539"
"Assets\Mesh\thrusters_4.asset",".asset","8826"
"Assets\Mesh\thrusters_5.asset",".asset","8847"
"Assets\Mesh\thrusters_6.asset",".asset","8671"
"Assets\Mesh\thrusters_7.asset",".asset","3654"
"Assets\Mesh\thrusters_8.asset",".asset","8632"
"Assets\Mesh\thrusters_9.asset",".asset","9412"
"Assets\Mesh\tire_tower.asset",".asset","6253"
"Assets\Mesh\top_bridge1.asset",".asset","12408"
"Assets\Mesh\top_bridge_2.asset",".asset","12029"
"Assets\Mesh\Track_Section_1_000.asset",".asset","9585"
"Assets\Mesh\Track_Section_1_001.asset",".asset","49610"
"Assets\Mesh\Track_Section_1_001_0.asset",".asset","76509"
"Assets\Mesh\Track_Section_1_002.asset",".asset","13679"
"Assets\Mesh\Track_Section_1_003.asset",".asset","26133"
"Assets\Mesh\Trilobite.asset",".asset","5579"
"Assets\Mesh\tube_tunnel.asset",".asset","28413"
"Assets\Mesh\tunnel_entrance_thing.asset",".asset","3340"
"Assets\Mesh\tunnel_hall_seperate.asset",".asset","80618"
"Assets\Mesh\tunnel_street_seperate.asset",".asset","48070"
"Assets\Mesh\tunnel_walls.asset",".asset","79793"
"Assets\Mesh\wall1.asset",".asset","2868"
"Assets\Mesh\walls_exit.asset",".asset","3924"
"Assets\Mesh\wheel.asset",".asset","22418"
"Assets\Mesh\WhoopieCushion.asset",".asset","14552"
"Assets\Mesh\winding_road_001.asset",".asset","4530"
"Assets\MonoBehaviour\AgentP.asset",".asset","1022"
"Assets\MonoBehaviour\Arrow MouseOver.asset",".asset","1057"
"Assets\MonoBehaviour\Arrow Over DOWN.asset",".asset","1051"
"Assets\MonoBehaviour\Arrow Over.asset",".asset","1049"
"Assets\MonoBehaviour\Bar.asset",".asset","1067"
"Assets\MonoBehaviour\Bea.asset",".asset","1023"
"Assets\MonoBehaviour\Blocker Invisible.asset",".asset","989"
"Assets\MonoBehaviour\Blocker.asset",".asset","979"
"Assets\MonoBehaviour\Bolt.asset",".asset","1038"
"Assets\MonoBehaviour\Brad.asset",".asset","1024"
"Assets\MonoBehaviour\Brake - DOWN.asset",".asset","1054"
"Assets\MonoBehaviour\Brake - Normal.asset",".asset","1050"
"Assets\MonoBehaviour\Burst.asset",".asset","1025"
"Assets\MonoBehaviour\Buy Powerup - Disabled.asset",".asset","1064"
"Assets\MonoBehaviour\Buy Powerup - DOWN.asset",".asset","1060"
"Assets\MonoBehaviour\Buy Powerup - MouseOver.asset",".asset","1063"
"Assets\MonoBehaviour\Buy Powerup - Normal.asset",".asset","1062"
"Assets\MonoBehaviour\Car Customizer Button.asset",".asset","1056"
"Assets\MonoBehaviour\Category Rounded - Normal.asset",".asset","1067"
"Assets\MonoBehaviour\Category Rounded On - Active.asset",".asset","1070"
"Assets\MonoBehaviour\Category Rounded On - Normal.asset",".asset","1062"
"Assets\MonoBehaviour\Category Square - Active.asset",".asset","1056"
"Assets\MonoBehaviour\Category Square - Normal.asset",".asset","1059"
"Assets\MonoBehaviour\Category Square On - Active.asset",".asset","1062"
"Assets\MonoBehaviour\Category Square On - Normal.asset",".asset","1054"
"Assets\MonoBehaviour\CategoryFrame.asset",".asset","1065"
"Assets\MonoBehaviour\CheckeredFlagHeader.asset",".asset","1036"
"Assets\MonoBehaviour\CheckerEND.asset",".asset","1051"
"Assets\MonoBehaviour\Coin DOWN.asset",".asset","1047"
"Assets\MonoBehaviour\Coin MouseOver.asset",".asset","1038"
"Assets\MonoBehaviour\Coin.asset",".asset","1046"
"Assets\MonoBehaviour\CoinBox.asset",".asset","1055"
"Assets\MonoBehaviour\coins mega.asset",".asset","1036"
"Assets\MonoBehaviour\coins super.asset",".asset","1043"
"Assets\MonoBehaviour\coins ultra.asset",".asset","1043"
"Assets\MonoBehaviour\Coin_0.asset",".asset","1030"
"Assets\MonoBehaviour\copyright.asset",".asset","1013"
"Assets\MonoBehaviour\Crash.asset",".asset","1025"
"Assets\MonoBehaviour\Custom Blip Locked.asset",".asset","1038"
"Assets\MonoBehaviour\Custom Blip Selected.asset",".asset","1042"
"Assets\MonoBehaviour\Custom Blip Unlocked.asset",".asset","1038"
"Assets\MonoBehaviour\DATG logo.asset",".asset","1033"
"Assets\MonoBehaviour\Dialog Inner Dialog lighter 1.asset",".asset","1110"
"Assets\MonoBehaviour\Dialog Inner Dialog lighter.asset",".asset","1107"
"Assets\MonoBehaviour\Dialog Inner Dialog LightGreen.asset",".asset","1092"
"Assets\MonoBehaviour\Dialog Inner Dialog.asset",".asset","1099"
"Assets\MonoBehaviour\Dialog Inner Dialog_0.asset",".asset","1091"
"Assets\MonoBehaviour\Dialog.asset",".asset","1086"
"Assets\MonoBehaviour\DialogTrim.asset",".asset","996"
"Assets\MonoBehaviour\Dipper.asset",".asset","1024"
"Assets\MonoBehaviour\Disney button DOWN.asset",".asset","1014"
"Assets\MonoBehaviour\Disney button MouseOver.asset",".asset","1037"
"Assets\MonoBehaviour\Disney button.asset",".asset","1027"
"Assets\MonoBehaviour\Disney-XD-logo.asset",".asset","1056"
"Assets\MonoBehaviour\DisneyMobile.asset",".asset","1036"
"Assets\MonoBehaviour\Drive - Normal DOWN.asset",".asset","1041"
"Assets\MonoBehaviour\Drive - Normal.asset",".asset","1036"
"Assets\MonoBehaviour\Enemy Ahead Indicator.asset",".asset","1057"
"Assets\MonoBehaviour\Enemy Behind Indicator.asset",".asset","1058"
"Assets\MonoBehaviour\Ferb.asset",".asset","1026"
"Assets\MonoBehaviour\Finish Line.asset",".asset","1001"
"Assets\MonoBehaviour\Fish Hooks 1.asset",".asset","1006"
"Assets\MonoBehaviour\Fish Hooks 2.asset",".asset","1024"
"Assets\MonoBehaviour\Fish Hooks 3.asset",".asset","1024"
"Assets\MonoBehaviour\Flag Button.asset",".asset","1044"
"Assets\MonoBehaviour\Full Brackets - Active.asset",".asset","1070"
"Assets\MonoBehaviour\Full Brackets MouseOver.asset",".asset","1069"
"Assets\MonoBehaviour\Full Brackets.asset",".asset","1055"
"Assets\MonoBehaviour\full screen booster.asset",".asset","1007"
"Assets\MonoBehaviour\Funds.asset",".asset","1045"
"Assets\MonoBehaviour\GamecenterLogo.asset",".asset","1038"
"Assets\MonoBehaviour\Graveck.asset",".asset","1031"
"Assets\MonoBehaviour\Gunther.asset",".asset","1027"
"Assets\MonoBehaviour\Icon - Body.asset",".asset","1052"
"Assets\MonoBehaviour\Icon - Scoop.asset",".asset","1052"
"Assets\MonoBehaviour\Icon - Spoiler.asset",".asset","1054"
"Assets\MonoBehaviour\Icon - Thruster.asset",".asset","1049"
"Assets\MonoBehaviour\Icon - Wheels.asset",".asset","1047"
"Assets\MonoBehaviour\icon-Bike.asset",".asset","1039"
"Assets\MonoBehaviour\icon-Trike.asset",".asset","1042"
"Assets\MonoBehaviour\icon-Truck.asset",".asset","1044"
"Assets\MonoBehaviour\IconCheckmark.asset",".asset","1033"
"Assets\MonoBehaviour\IconCoins.asset",".asset","1027"
"Assets\MonoBehaviour\IconMisc.asset",".asset","1028"
"Assets\MonoBehaviour\IconRetryArrow.asset",".asset","1040"
"Assets\MonoBehaviour\IconStunts.asset",".asset","1030"
"Assets\MonoBehaviour\IconTracks.asset",".asset","1032"
"Assets\MonoBehaviour\Kick 1.asset",".asset","1018"
"Assets\MonoBehaviour\Kick 2.asset",".asset","1016"
"Assets\MonoBehaviour\Kick 3.asset",".asset","1018"
"Assets\MonoBehaviour\Kick.asset",".asset","1022"
"Assets\MonoBehaviour\lock.asset",".asset","1002"
"Assets\MonoBehaviour\Mabel.asset",".asset","1027"
"Assets\MonoBehaviour\Mike.asset",".asset","1024"
"Assets\MonoBehaviour\Milo.asset",".asset","1022"
"Assets\MonoBehaviour\mine notify.asset",".asset","1016"
"Assets\MonoBehaviour\Mirror.asset",".asset","1039"
"Assets\MonoBehaviour\music icon.asset",".asset","988"
"Assets\MonoBehaviour\Options Button.asset",".asset","1054"
"Assets\MonoBehaviour\Oscar.asset",".asset","1027"
"Assets\MonoBehaviour\Pause - DOWN.asset",".asset","1058"
"Assets\MonoBehaviour\Pause - MouseOver.asset",".asset","1063"
"Assets\MonoBehaviour\Pause - Normal.asset",".asset","1040"
"Assets\MonoBehaviour\Phineas 1.asset",".asset","1019"
"Assets\MonoBehaviour\Phineas 2.asset",".asset","1039"
"Assets\MonoBehaviour\Phineas 3.asset",".asset","1039"
"Assets\MonoBehaviour\Phineas.asset",".asset","1027"
"Assets\MonoBehaviour\PieSplat.asset",".asset","986"
"Assets\MonoBehaviour\Player Indicator.asset",".asset","1038"
"Assets\MonoBehaviour\Powerup - DISABLED DOWN.asset",".asset","1045"
"Assets\MonoBehaviour\Powerup - DOWN.asset",".asset","1034"
"Assets\MonoBehaviour\Powerup - Normal.asset",".asset","1020"
"Assets\MonoBehaviour\PowerupBOOST.asset",".asset","1052"
"Assets\MonoBehaviour\PowerupMINE.asset",".asset","1051"
"Assets\MonoBehaviour\PowerupMISSILE.asset",".asset","1056"
"Assets\MonoBehaviour\PowerupSHIELD.asset",".asset","1055"
"Assets\MonoBehaviour\Randy.asset",".asset","1023"
"Assets\MonoBehaviour\Red Button - Active.asset",".asset","1043"
"Assets\MonoBehaviour\Red Button - MouseOver.asset",".asset","1042"
"Assets\MonoBehaviour\Red Button.asset",".asset","1049"
"Assets\MonoBehaviour\ResultsBox.asset",".asset","1078"
"Assets\MonoBehaviour\ScreenFade.asset",".asset","982"
"Assets\MonoBehaviour\Shifter Stick.asset",".asset","1019"
"Assets\MonoBehaviour\Soos.asset",".asset","1026"
"Assets\MonoBehaviour\sound icon.asset",".asset","988"
"Assets\MonoBehaviour\splash icloud.asset",".asset","993"
"Assets\MonoBehaviour\Square Button - Down.asset",".asset","1064"
"Assets\MonoBehaviour\Square Button - MouseOver.asset",".asset","1077"
"Assets\MonoBehaviour\Square Button.asset",".asset","1063"
"Assets\MonoBehaviour\Stat Bar Back.asset",".asset","1049"
"Assets\MonoBehaviour\Stat Bar Back_0.asset",".asset","1064"
"Assets\MonoBehaviour\Stat Bar Negative.asset",".asset","1064"
"Assets\MonoBehaviour\Stat Bar Negative_0.asset",".asset","1073"
"Assets\MonoBehaviour\Stat Bar Positive.asset",".asset","1064"
"Assets\MonoBehaviour\Stat Bar Positive_0.asset",".asset","1073"
"Assets\MonoBehaviour\Stat Bar Stat.asset",".asset","1069"
"Assets\MonoBehaviour\traffic light Green.asset",".asset","1011"
"Assets\MonoBehaviour\traffic light Red.asset",".asset","1013"
"Assets\MonoBehaviour\traffic light unlit.asset",".asset","1033"
"Assets\MonoBehaviour\traffic light Yellow.asset",".asset","1030"
"Assets\MonoBehaviour\Trophy Button.asset",".asset","1054"
"Assets\MonoBehaviour\TrophyBRONZE.asset",".asset","1035"
"Assets\MonoBehaviour\TrophyGOLD.asset",".asset","1031"
"Assets\MonoBehaviour\TrophySilhouette.asset",".asset","1037"
"Assets\MonoBehaviour\TrophySILVER.asset",".asset","1029"
"Assets\MonoBehaviour\Turkey - Smile.asset",".asset","1019"
"Assets\MonoBehaviour\Turkey - Startled.asset",".asset","1040"
"Assets\MonoBehaviour\Tutorial Arrow.asset",".asset","1022"
"Assets\MonoBehaviour\Vent.asset",".asset","1026"
"Assets\Plugins\System.Runtime.CompilerServices.Unsafe.dll",".dll","1536"
"Assets\Plugins\System.Runtime.InteropServices.dll",".dll","3072"
"Assets\Plugins\Assembly-CSharp-firstpass\AudioCrumb.cs",".cs","197"
"Assets\Plugins\Assembly-CSharp-firstpass\AudioManager.cs",".cs","712"
"Assets\Plugins\Assembly-CSharp-firstpass\AudioSourcex.cs",".cs","1032"
"Assets\Plugins\Assembly-CSharp-firstpass\BurstlyBinding.cs",".cs","1581"
"Assets\Plugins\Assembly-CSharp-firstpass\ByteStream.cs",".cs","982"
"Assets\Plugins\Assembly-CSharp-firstpass\Callback.cs",".cs","196"
"Assets\Plugins\Assembly-CSharp-firstpass\Dialog.cs",".cs","2090"
"Assets\Plugins\Assembly-CSharp-firstpass\DictionaryToString.cs",".cs","501"
"Assets\Plugins\Assembly-CSharp-firstpass\DrawArea.cs",".cs","591"
"Assets\Plugins\Assembly-CSharp-firstpass\DrawArea3D.cs",".cs","351"
"Assets\Plugins\Assembly-CSharp-firstpass\EdgePixels.cs",".cs","692"
"Assets\Plugins\Assembly-CSharp-firstpass\Email.cs",".cs","291"
"Assets\Plugins\Assembly-CSharp-firstpass\EnumerableScript.cs",".cs","637"
"Assets\Plugins\Assembly-CSharp-firstpass\ExternalPersistentArchive.cs",".cs","1463"
"Assets\Plugins\Assembly-CSharp-firstpass\FractalNoise.cs",".cs","1140"
"Assets\Plugins\Assembly-CSharp-firstpass\FractalNoiseParams.cs",".cs","249"
"Assets\Plugins\Assembly-CSharp-firstpass\GameCenterAchievement.cs",".cs","717"
"Assets\Plugins\Assembly-CSharp-firstpass\GameCenterAchievementMetadata.cs",".cs","754"
"Assets\Plugins\Assembly-CSharp-firstpass\GameCenterBinding.cs",".cs","5025"
"Assets\Plugins\Assembly-CSharp-firstpass\GameCenterEventListener.cs",".cs","1713"
"Assets\Plugins\Assembly-CSharp-firstpass\GameCenterGUIManager.cs",".cs","301"
"Assets\Plugins\Assembly-CSharp-firstpass\GameCenterLeaderboard.cs",".cs","600"
"Assets\Plugins\Assembly-CSharp-firstpass\GameCenterLeaderboardTimeScope.cs",".cs","89"
"Assets\Plugins\Assembly-CSharp-firstpass\GameCenterManager.cs",".cs","6478"
"Assets\Plugins\Assembly-CSharp-firstpass\GameCenterPlayer.cs",".cs","611"
"Assets\Plugins\Assembly-CSharp-firstpass\GameCenterScore.cs",".cs","780"
"Assets\Plugins\Assembly-CSharp-firstpass\GDMOBinding.cs",".cs","1039"
"Assets\Plugins\Assembly-CSharp-firstpass\GravCloudBinding.cs",".cs","1318"
"Assets\Plugins\Assembly-CSharp-firstpass\GravCloudPrefs.cs",".cs","3749"
"Assets\Plugins\Assembly-CSharp-firstpass\GUIx.cs",".cs","6061"
"Assets\Plugins\Assembly-CSharp-firstpass\iCloudBinding.cs",".cs","4883"
"Assets\Plugins\Assembly-CSharp-firstpass\iCloudEventListener.cs",".cs","425"
"Assets\Plugins\Assembly-CSharp-firstpass\iCloudGUIManager.cs",".cs","136"
"Assets\Plugins\Assembly-CSharp-firstpass\iCloudManager.cs",".cs","1566"
"Assets\Plugins\Assembly-CSharp-firstpass\Inputx.cs",".cs","761"
"Assets\Plugins\Assembly-CSharp-firstpass\JCloudData.cs",".cs","2683"
"Assets\Plugins\Assembly-CSharp-firstpass\JCloudDictionary.cs",".cs","2719"
"Assets\Plugins\Assembly-CSharp-firstpass\JCloudDocument.cs",".cs","3797"
"Assets\Plugins\Assembly-CSharp-firstpass\JCloudDocumentAsync.cs",".cs","8392"
"Assets\Plugins\Assembly-CSharp-firstpass\JCloudDocumentAsyncOperation.cs",".cs","216"
"Assets\Plugins\Assembly-CSharp-firstpass\JCloudExtern.cs",".cs","5680"
"Assets\Plugins\Assembly-CSharp-firstpass\JCloudManager.cs",".cs","2322"
"Assets\Plugins\Assembly-CSharp-firstpass\JCloudRoutine.cs",".cs","1263"
"Assets\Plugins\Assembly-CSharp-firstpass\JCloudRoutineReturn.cs",".cs","588"
"Assets\Plugins\Assembly-CSharp-firstpass\LanguageAsset.cs",".cs","184"
"Assets\Plugins\Assembly-CSharp-firstpass\LEDScroller.cs",".cs","3542"
"Assets\Plugins\Assembly-CSharp-firstpass\Localize.cs",".cs","1921"
"Assets\Plugins\Assembly-CSharp-firstpass\LocalizedString.cs",".cs","549"
"Assets\Plugins\Assembly-CSharp-firstpass\Mathfx.cs",".cs","2367"
"Assets\Plugins\Assembly-CSharp-firstpass\Matrix4x4x.cs",".cs","1881"
"Assets\Plugins\Assembly-CSharp-firstpass\Messenger.cs",".cs","1778"
"Assets\Plugins\Assembly-CSharp-firstpass\MessengerInternal.cs",".cs","998"
"Assets\Plugins\Assembly-CSharp-firstpass\MessengerMode.cs",".cs","82"
"Assets\Plugins\Assembly-CSharp-firstpass\MiniJSON.cs",".cs","4754"
"Assets\Plugins\Assembly-CSharp-firstpass\MiniJsonExtensions.cs",".cs","921"
"Assets\Plugins\Assembly-CSharp-firstpass\MoreGamesBinding.cs",".cs","715"
"Assets\Plugins\Assembly-CSharp-firstpass\P31CloudFile.cs",".cs","3460"
"Assets\Plugins\Assembly-CSharp-firstpass\P31Prefs.cs",".cs","2270"
"Assets\Plugins\Assembly-CSharp-firstpass\Perlin.cs",".cs","1425"
"Assets\Plugins\Assembly-CSharp-firstpass\PIDController.cs",".cs","648"
"Assets\Plugins\Assembly-CSharp-firstpass\PIDVectorController.cs",".cs","708"
"Assets\Plugins\Assembly-CSharp-firstpass\Quaternionx.cs",".cs","260"
"Assets\Plugins\Assembly-CSharp-firstpass\Rangef.cs",".cs","1079"
"Assets\Plugins\Assembly-CSharp-firstpass\Rectx.cs",".cs","1004"
"Assets\Plugins\Assembly-CSharp-firstpass\ResultLogger.cs",".cs","473"
"Assets\Plugins\Assembly-CSharp-firstpass\ScreenFade.cs",".cs","2102"
"Assets\Plugins\Assembly-CSharp-firstpass\Screenx.cs",".cs","3665"
"Assets\Plugins\Assembly-CSharp-firstpass\Script.cs",".cs","5789"
"Assets\Plugins\Assembly-CSharp-firstpass\SingletonScript.cs",".cs","844"
"Assets\Plugins\Assembly-CSharp-firstpass\SmoothFollower.cs",".cs","1124"
"Assets\Plugins\Assembly-CSharp-firstpass\SmoothRandom.cs",".cs","646"
"Assets\Plugins\Assembly-CSharp-firstpass\StoreKitBinding.cs",".cs","1786"
"Assets\Plugins\Assembly-CSharp-firstpass\StoreKitEventListener.cs",".cs","835"
"Assets\Plugins\Assembly-CSharp-firstpass\StoreKitGUIManager.cs",".cs","221"
"Assets\Plugins\Assembly-CSharp-firstpass\StoreKitManager.cs",".cs","2915"
"Assets\Plugins\Assembly-CSharp-firstpass\StoreKitProduct.cs",".cs","916"
"Assets\Plugins\Assembly-CSharp-firstpass\StoreKitTransaction.cs",".cs","1043"
"Assets\Plugins\Assembly-CSharp-firstpass\TransformGizmo.cs",".cs","119"
"Assets\Plugins\Assembly-CSharp-firstpass\UghAlign.cs",".cs","1043"
"Assets\Plugins\Assembly-CSharp-firstpass\UghButton.cs",".cs","773"
"Assets\Plugins\Assembly-CSharp-firstpass\UghButtonDisablable.cs",".cs","559"
"Assets\Plugins\Assembly-CSharp-firstpass\UghCamera.cs",".cs","1780"
"Assets\Plugins\Assembly-CSharp-firstpass\UghControl.cs",".cs","1313"
"Assets\Plugins\Assembly-CSharp-firstpass\UghInput.cs",".cs","1893"
"Assets\Plugins\Assembly-CSharp-firstpass\UghPublisher.cs",".cs","5545"
"Assets\Plugins\Assembly-CSharp-firstpass\UghScrollView.cs",".cs","4385"
"Assets\Plugins\Assembly-CSharp-firstpass\UghSlider.cs",".cs","1401"
"Assets\Plugins\Assembly-CSharp-firstpass\UghSlideToggle.cs",".cs","1530"
"Assets\Plugins\Assembly-CSharp-firstpass\UghSprite.cs",".cs","3099"
"Assets\Plugins\Assembly-CSharp-firstpass\UghSpritePrototype.cs",".cs","995"
"Assets\Plugins\Assembly-CSharp-firstpass\UghStretch.cs",".cs","1261"
"Assets\Plugins\Assembly-CSharp-firstpass\UghText.cs",".cs","1222"
"Assets\Plugins\Assembly-CSharp-firstpass\UghToggle.cs",".cs","1533"
"Assets\Plugins\Assembly-CSharp-firstpass\UghTriangle.cs",".cs","660"
"Assets\Plugins\Assembly-CSharp-firstpass\UnlocalizedString.cs",".cs","1375"
"Assets\Plugins\Assembly-CSharp-firstpass\Util.cs",".cs","9608"
"Assets\Plugins\Assembly-CSharp-firstpass\Vector3x.cs",".cs","1325"
"Assets\Plugins\Assembly-CSharp-firstpass\WindowIDs.cs",".cs","303"
"Assets\Plugins\Assembly-CSharp-firstpass\Properties\AssemblyInfo.cs",".cs","108"
"Assets\Resources\CharacterConfig.txt",".txt","505"
"Assets\Resources\PartCosts.json",".json","71"
"Assets\Resources\cart assets\ai carts\AgentP_AI.prefab",".prefab","38371"
"Assets\Resources\cart assets\ai carts\Bea_AI.prefab",".prefab","29795"
"Assets\Resources\cart assets\ai carts\Brad_AI.prefab",".prefab","35986"
"Assets\Resources\cart assets\ai carts\Dipper_AI.prefab",".prefab","35283"
"Assets\Resources\cart assets\ai carts\Ferb_AI.prefab",".prefab","35883"
"Assets\Resources\cart assets\ai carts\Gunther_AI.prefab",".prefab","35914"
"Assets\Resources\cart assets\ai carts\Kick_AI.prefab",".prefab","36087"
"Assets\Resources\cart assets\ai carts\Mabel_AI.prefab",".prefab","35302"
"Assets\Resources\cart assets\ai carts\Mike_AI.prefab",".prefab","36010"
"Assets\Resources\cart assets\ai carts\Milo_AI.prefab",".prefab","29762"
"Assets\Resources\cart assets\ai carts\noChar_AI.prefab",".prefab","21736"
"Assets\Resources\cart assets\ai carts\Oscar_AI.prefab",".prefab","29836"
"Assets\Resources\cart assets\ai carts\Phineas_AI.prefab",".prefab","36000"
"Assets\Resources\cart assets\ai carts\Randy_AI.prefab",".prefab","49053"
"Assets\Resources\cart assets\bodies\Bike 0 Body.prefab",".prefab","10100"
"Assets\Resources\cart assets\bodies\Bike 1 Body.prefab",".prefab","8489"
"Assets\Resources\cart assets\bodies\Bike 2 Body.prefab",".prefab","8329"
"Assets\Resources\cart assets\bodies\Bike 3 Body.prefab",".prefab","8342"
"Assets\Resources\cart assets\bodies\Bike 4 Body.prefab",".prefab","8791"
"Assets\Resources\cart assets\bodies\Bike 5 Body.prefab",".prefab","8291"
"Assets\Resources\cart assets\bodies\Kart 0 Body.prefab",".prefab","10100"
"Assets\Resources\cart assets\bodies\Kart 1 Body.prefab",".prefab","8489"
"Assets\Resources\cart assets\bodies\Kart 2 Body.prefab",".prefab","8363"
"Assets\Resources\cart assets\bodies\Kart 3 Body.prefab",".prefab","8329"
"Assets\Resources\cart assets\bodies\Kart 4 Body.prefab",".prefab","8797"
"Assets\Resources\cart assets\bodies\Kart 5 Body.prefab",".prefab","8269"
"Assets\Resources\cart assets\bodies\Truck 0 Body.prefab",".prefab","8433"
"Assets\Resources\cart assets\bodies\Truck 1 Body.prefab",".prefab","8438"
"Assets\Resources\cart assets\bodies\Truck 2 Body.prefab",".prefab","8340"
"Assets\Resources\cart assets\bodies\Truck 3 Body.prefab",".prefab","8353"
"Assets\Resources\cart assets\bodies\Truck 4 Body.prefab",".prefab","8734"
"Assets\Resources\cart assets\bodies\Truck 5 Body.prefab",".prefab","8326"
"Assets\Resources\cart assets\characters\Agent P.prefab",".prefab","24516"
"Assets\Resources\cart assets\characters\Bea.prefab",".prefab","17715"
"Assets\Resources\cart assets\characters\Brad.prefab",".prefab","22566"
"Assets\Resources\cart assets\characters\Crash.prefab",".prefab","21981"
"Assets\Resources\cart assets\characters\Dipper.prefab",".prefab","21617"
"Assets\Resources\cart assets\characters\Ferb.prefab",".prefab","22358"
"Assets\Resources\cart assets\characters\Gunther.prefab",".prefab","22302"
"Assets\Resources\cart assets\characters\Kick.prefab",".prefab","22486"
"Assets\Resources\cart assets\characters\Mabel.prefab",".prefab","23430"
"Assets\Resources\cart assets\characters\Mike.prefab",".prefab","23933"
"Assets\Resources\cart assets\characters\Milo.prefab",".prefab","17854"
"Assets\Resources\cart assets\characters\Oscar.prefab",".prefab","17796"
"Assets\Resources\cart assets\characters\Phineas.prefab",".prefab","22477"
"Assets\Resources\cart assets\characters\Randy.prefab",".prefab","36764"
"Assets\Resources\cart assets\characters\Soos.prefab",".prefab","21871"
"Assets\Resources\cart assets\scoops\Kart 1 Scoop.prefab",".prefab","2546"
"Assets\Resources\cart assets\scoops\Kart 2 Scoop.prefab",".prefab","2523"
"Assets\Resources\cart assets\scoops\Kart 3 Scoop.prefab",".prefab","2538"
"Assets\Resources\cart assets\scoops\Kart 4 Scoop.prefab",".prefab","2544"
"Assets\Resources\cart assets\scoops\Kart 5 Scoop.prefab",".prefab","2552"
"Assets\Resources\cart assets\scoops\Kart 6 Scoop.prefab",".prefab","2546"
"Assets\Resources\cart assets\spoilers\Kart 1 Spoiler.prefab",".prefab","2549"
"Assets\Resources\cart assets\spoilers\Kart 2 Spoiler.prefab",".prefab","2548"
"Assets\Resources\cart assets\spoilers\Kart 3 Spoiler.prefab",".prefab","2545"
"Assets\Resources\cart assets\spoilers\Kart 4 Spoiler.prefab",".prefab","2549"
"Assets\Resources\cart assets\spoilers\Kart 5 Spoiler.prefab",".prefab","2549"
"Assets\Resources\cart assets\spoilers\Kart 6 Spoiler.prefab",".prefab","2518"
"Assets\Resources\cart assets\spoilers\Truck 1 Spoiler.prefab",".prefab","2549"
"Assets\Resources\cart assets\spoilers\Truck 2 Spoiler.prefab",".prefab","2549"
"Assets\Resources\cart assets\spoilers\Truck 3 Spoiler.prefab",".prefab","2546"
"Assets\Resources\cart assets\spoilers\Truck 4 Spoiler.prefab",".prefab","2546"
"Assets\Resources\cart assets\spoilers\Truck 5 Spoiler.prefab",".prefab","2549"
"Assets\Resources\cart assets\spoilers\Truck 6 Spoiler.prefab",".prefab","2519"
"Assets\Resources\cart assets\thrusters\Kart 1 Thruster.prefab",".prefab","4749"
"Assets\Resources\cart assets\thrusters\Kart 2 Thruster.prefab",".prefab","3978"
"Assets\Resources\cart assets\thrusters\Kart 3 Thruster.prefab",".prefab","4014"
"Assets\Resources\cart assets\thrusters\Kart 4 Thruster.prefab",".prefab","4009"
"Assets\Resources\cart assets\thrusters\Kart 5 Thruster.prefab",".prefab","3996"
"Assets\Resources\cart assets\thrusters\Kart 6 Thruster.prefab",".prefab","4028"
"Assets\Resources\cart assets\thrusters\Truck 1 Thruster.prefab",".prefab","4745"
"Assets\Resources\cart assets\thrusters\Truck 2 Thruster.prefab",".prefab","3974"
"Assets\Resources\cart assets\thrusters\Truck 3 Thruster.prefab",".prefab","4015"
"Assets\Resources\cart assets\thrusters\Truck 4 Thruster.prefab",".prefab","4010"
"Assets\Resources\cart assets\thrusters\Truck 5 Thruster.prefab",".prefab","3997"
"Assets\Resources\cart assets\thrusters\Truck 6 Thruster.prefab",".prefab","4029"
"Assets\Resources\cart assets\wheels\Bike 0 Wheels.prefab",".prefab","7785"
"Assets\Resources\cart assets\wheels\Bike 1 Wheels.prefab",".prefab","7785"
"Assets\Resources\cart assets\wheels\Bike 2 Wheels.prefab",".prefab","7786"
"Assets\Resources\cart assets\wheels\Bike 3 Wheels.prefab",".prefab","7785"
"Assets\Resources\cart assets\wheels\Bike 4 Wheels.prefab",".prefab","7785"
"Assets\Resources\cart assets\wheels\Bike 5 Wheels.prefab",".prefab","7785"
"Assets\Resources\cart assets\wheels\Bike 6 Wheels.prefab",".prefab","7785"
"Assets\Resources\cart assets\wheels\Kart 0 Wheels.prefab",".prefab","9414"
"Assets\Resources\cart assets\wheels\Kart 1 Wheels.prefab",".prefab","9411"
"Assets\Resources\cart assets\wheels\Kart 2 Wheels.prefab",".prefab","9415"
"Assets\Resources\cart assets\wheels\Kart 3 Wheels.prefab",".prefab","9414"
"Assets\Resources\cart assets\wheels\Kart 4 Wheels.prefab",".prefab","9412"
"Assets\Resources\cart assets\wheels\Kart 5 Wheels.prefab",".prefab","9413"
"Assets\Resources\cart assets\wheels\Kart 6 Wheels.prefab",".prefab","9775"
"Assets\Resources\cart assets\wheels\Truck 0 Wheels.prefab",".prefab","11722"
"Assets\Resources\cart assets\wheels\Truck 1 Wheels.prefab",".prefab","11721"
"Assets\Resources\cart assets\wheels\Truck 2 Wheels.prefab",".prefab","11722"
"Assets\Resources\cart assets\wheels\Truck 3 Wheels.prefab",".prefab","11720"
"Assets\Resources\cart assets\wheels\Truck 4 Wheels.prefab",".prefab","11722"
"Assets\Resources\cart assets\wheels\Truck 5 Wheels.prefab",".prefab","11720"
"Assets\Resources\cart assets\wheels\Truck 6 Wheels.prefab",".prefab","11720"
"Assets\Resources\languages\Localize-Default.bytes",".bytes","32612"
"Assets\Resources\languages\Localize-SW.bytes",".bytes","32678"
"Assets\Resources\localized\CloudStrapLogo_english.png",".png","711133"
"Assets\Resources\localized\CrashAndBernsteinLogo_english.png",".png","170607"
"Assets\Resources\localized\CrashAndBernsteinLogo_english.png.png",".png","208980"
"Assets\Resources\localized\CrashAndBernsteinLogo_norwegian.png",".png","370914"
"Assets\Resources\localized\FishHooksBillboardAd2_english.png",".png","353817"
"Assets\Resources\localized\FishHooksBillboardAd2_norwegian.png",".png","1100048"
"Assets\Resources\localized\FishHooksBillboardAd_english.png",".png","485104"
"Assets\Resources\localized\FishHooksBillboardAd_norwegian.png",".png","1525234"
"Assets\Resources\localized\FishhooksLogo_english.png",".png","91777"
"Assets\Resources\localized\FishhooksLogo_norwegian.png",".png","208331"
"Assets\Resources\localized\GravityLogo_english.png",".png","210135"
"Assets\Resources\localized\GravityLogo_norwegian.png",".png","306193"
"Assets\Resources\localized\KickBillboardAd2_english.png",".png","304952"
"Assets\Resources\localized\KickBillboardAd2_norwegian.png",".png","684436"
"Assets\Resources\localized\KickBillboardAd_english.png",".png","440275"
"Assets\Resources\localized\KickBillboardAd_norwegian.png",".png","1038489"
"Assets\Resources\localized\KickLogo_english.png",".png","128595"
"Assets\Resources\localized\KickLogo_norwegian.png",".png","267146"
"Assets\Resources\localized\MasterCircuitLocked_english.png",".png","391773"
"Assets\Resources\localized\MasterCircuitLocked_norwegian.png",".png","294093"
"Assets\Resources\localized\MasterCircuit_english.png",".png","394276"
"Assets\Resources\localized\MasterCircuit_norwegian.png",".png","288510"
"Assets\Resources\localized\MotorCityLogo_english.png",".png","54674"
"Assets\Resources\localized\MotorCityLogo_norwegian.png",".png","143274"
"Assets\Resources\localized\NewbieCircuit_english.png",".png","408096"
"Assets\Resources\localized\NewbieCircuit_norwegian.png",".png","291270"
"Assets\Resources\localized\PhineasBillboardAd2_english.png",".png","366446"
"Assets\Resources\localized\PhineasBillboardAd2_norwegian.png",".png","1031418"
"Assets\Resources\localized\PhineasBillboardAd_english.png",".png","429847"
"Assets\Resources\localized\PhineasBillboardAd_norwegian.png",".png","1354806"
"Assets\Resources\localized\PhineasLogo_english.png",".png","100833"
"Assets\Resources\localized\PhineasLogo_norwegian.png",".png","271328"
"Assets\Resources\localized\PranksgivingLogo.png",".png","68015"
"Assets\Resources\localized\ProCircuitLocked_english.png",".png","404178"
"Assets\Resources\localized\ProCircuitLocked_norwegian.png",".png","302720"
"Assets\Resources\localized\ProCircuit_english.png",".png","409444"
"Assets\Resources\localized\ProCircuit_norwegian.png",".png","307502"
"Assets\Resources\localized\RandyLogo_english.png",".png","64874"
"Assets\Resources\localized\RandyLogo_norwegian.png",".png","179282"
"Assets\Resources\localized\SS_Logo_english.png",".png","1340128"
"Assets\Resources\localized\SS_Logo_norwegian.png",".png","148658"
"Assets\Resources\multilayertextures\kart0nopaint\Kart0NoPaintBundleDef.asset",".asset","373"
"Assets\Resources\multilayertextures\kart0nopaint\kart0NO_body_detail.png",".png","2830"
"Assets\Resources\multilayertextures\kart0nopaint\kart0NO_body_main.png",".png","34133"
"Assets\Resources\multilayertextures\kart0nopaint\kart0NO_scoop_main.png",".png","4032"
"Assets\Resources\multilayertextures\kart0nopaint\kart0NO_spoiler_main.png",".png","7044"
"Assets\Resources\multilayertextures\kart0nopaint\kart0NO_thrusters_main.png",".png","7438"
"Assets\Resources\multilayertextures\kart0nopaint\kart0NO_untouchable_seat.png",".png","13206"
"Assets\Resources\multilayertextures\kart0nopaint\kart0NO_wheels_detail.png",".png","8842"
"Assets\Resources\multilayertextures\kart0nopaint\kart0NO_wheels_main.png",".png","3391"
"Assets\Resources\multilayertextures\kart0paint\Kart0PaintBundleDef.asset",".asset","371"
"Assets\Resources\multilayertextures\kart0paint\kart0_body_detail.png",".png","2830"
"Assets\Resources\multilayertextures\kart0paint\kart0_body_main.png",".png","23315"
"Assets\Resources\multilayertextures\kart0paint\kart0_scoop_main.png",".png","3853"
"Assets\Resources\multilayertextures\kart0paint\kart0_spoiler_main.png",".png","6667"
"Assets\Resources\multilayertextures\kart0paint\kart0_thrusters_main.png",".png","7152"
"Assets\Resources\multilayertextures\kart0paint\kart0_untouchable_seat.png",".png","13206"
"Assets\Resources\multilayertextures\kart0paint\kart0_wheels_detail.png",".png","8842"
"Assets\Resources\multilayertextures\kart0paint\kart0_wheels_main.png",".png","3391"
"Assets\Resources\multilayertextures\kart1paint\Kart1PaintBundleDef.asset",".asset","371"
"Assets\Resources\multilayertextures\kart1paint\kart1_body_detail.png",".png","9049"
"Assets\Resources\multilayertextures\kart1paint\kart1_body_main.png",".png","23315"
"Assets\Resources\multilayertextures\kart1paint\kart1_Gunther_body_decal.png",".png","15305"
"Assets\Resources\multilayertextures\kart1paint\kart1_Gunther_spoiler_decal.png",".png","735"
"Assets\Resources\multilayertextures\kart1paint\kart1_Kick_body_decal.png",".png","13140"
"Assets\Resources\multilayertextures\kart1paint\kart1_Kick_spoiler_decal.png",".png","655"
"Assets\Resources\multilayertextures\kart1paint\kart1_scoop_main.png",".png","3934"
"Assets\Resources\multilayertextures\kart1paint\kart1_spoiler_main.png",".png","6676"
"Assets\Resources\multilayertextures\kart1paint\kart1_thrusters_main.png",".png","7982"
"Assets\Resources\multilayertextures\kart1paint\kart1_untouchable_seat.png",".png","13263"
"Assets\Resources\multilayertextures\kart1paint\kart1_wheels_detail.png",".png","9841"
"Assets\Resources\multilayertextures\kart1paint\kart1_wheels_main.png",".png","3919"
"Assets\Resources\multilayertextures\kart2paint\Kart2PaintBundleDef.asset",".asset","371"
"Assets\Resources\multilayertextures\kart2paint\kart2_Bea_body_decal.png",".png","5038"
"Assets\Resources\multilayertextures\kart2paint\kart2_Bea_spoiler_decal.png",".png","1126"
"Assets\Resources\multilayertextures\kart2paint\kart2_body_detail.png",".png","13811"
"Assets\Resources\multilayertextures\kart2paint\kart2_body_main.png",".png","11810"
"Assets\Resources\multilayertextures\kart2paint\kart2_Milo_body_decal.png",".png","5322"
"Assets\Resources\multilayertextures\kart2paint\kart2_Milo_spoiler_decal.png",".png","1164"
"Assets\Resources\multilayertextures\kart2paint\kart2_Oscar_body_decal.png",".png","5813"
"Assets\Resources\multilayertextures\kart2paint\kart2_Oscar_spoiler_decal.png",".png","1259"
"Assets\Resources\multilayertextures\kart2paint\kart2_scoop_main.png",".png","6911"
"Assets\Resources\multilayertextures\kart2paint\kart2_spoiler_main.png",".png","6676"
"Assets\Resources\multilayertextures\kart2paint\kart2_thrusters_main.png",".png","3219"
"Assets\Resources\multilayertextures\kart2paint\kart2_untouchable_seat.png",".png","13263"
"Assets\Resources\multilayertextures\kart2paint\kart2_wheels_detail.png",".png","9560"
"Assets\Resources\multilayertextures\kart2paint\kart2_wheels_main.png",".png","3320"
"Assets\Resources\multilayertextures\kart3paint\Kart3PaintBundleDef.asset",".asset","371"
"Assets\Resources\multilayertextures\kart3paint\kart3_body_detail.png",".png","5823"
"Assets\Resources\multilayertextures\kart3paint\kart3_body_main.png",".png","11715"
"Assets\Resources\multilayertextures\kart3paint\kart3_Dipper_body_decal.png",".png","3368"
"Assets\Resources\multilayertextures\kart3paint\kart3_Mabel_body_decal.png",".png","3684"
"Assets\Resources\multilayertextures\kart3paint\kart3_scoop_detail.png",".png","1075"
"Assets\Resources\multilayertextures\kart3paint\kart3_scoop_main.png",".png","1712"
"Assets\Resources\multilayertextures\kart3paint\kart3_spoiler_main.png",".png","6676"
"Assets\Resources\multilayertextures\kart3paint\kart3_thrusters_main.png",".png","7152"
"Assets\Resources\multilayertextures\kart3paint\kart3_untouchable_seat.png",".png","13263"
"Assets\Resources\multilayertextures\kart3paint\kart3_wheels_detail.png",".png","9233"
"Assets\Resources\multilayertextures\kart3paint\kart3_wheels_main.png",".png","3334"
"Assets\Resources\multilayertextures\kart4paint\Kart4PaintBundleDef.asset",".asset","371"
"Assets\Resources\multilayertextures\kart4paint\kart4_body_detail.png",".png","7575"
"Assets\Resources\multilayertextures\kart4paint\kart4_body_main.png",".png","18824"
"Assets\Resources\multilayertextures\kart4paint\kart4_Brad_body_decal.png",".png","4880"
"Assets\Resources\multilayertextures\kart4paint\kart4_Brad_spoiler_decal.png",".png","2091"
"Assets\Resources\multilayertextures\kart4paint\kart4_Mike_body_decal.png",".png","3597"
"Assets\Resources\multilayertextures\kart4paint\kart4_Mike_spoiler_decal.png",".png","1629"
"Assets\Resources\multilayertextures\kart4paint\kart4_scoop_main.png",".png","4830"
"Assets\Resources\multilayertextures\kart4paint\kart4_spoiler_main.png",".png","2145"
"Assets\Resources\multilayertextures\kart4paint\kart4_thrusters_main.png",".png","2112"
"Assets\Resources\multilayertextures\kart4paint\kart4_untouchable_seat.png",".png","13263"
"Assets\Resources\multilayertextures\kart4paint\kart4_wheels_detail.png",".png","9149"
"Assets\Resources\multilayertextures\kart4paint\kart4_wheels_main.png",".png","2892"
"Assets\Resources\multilayertextures\kart5paint\Kart5PaintBundleDef.asset",".asset","371"
"Assets\Resources\multilayertextures\kart5paint\kart5_body_detail.png",".png","6275"
"Assets\Resources\multilayertextures\kart5paint\kart5_body_main.png",".png","16745"
"Assets\Resources\multilayertextures\kart5paint\kart5_Ferb_body_decal.png",".png","4087"
"Assets\Resources\multilayertextures\kart5paint\kart5_Ferb_spoiler_decal.png",".png","1591"
"Assets\Resources\multilayertextures\kart5paint\kart5_Perry_body_decal.png",".png","4596"
"Assets\Resources\multilayertextures\kart5paint\kart5_Perry_spoiler_decal.png",".png","1466"
"Assets\Resources\multilayertextures\kart5paint\kart5_Phineas_body_decal.png",".png","3704"
"Assets\Resources\multilayertextures\kart5paint\kart5_Phineas_spoiler_decal.png",".png","1369"
"Assets\Resources\multilayertextures\kart5paint\kart5_scoop_detail.png",".png","1601"
"Assets\Resources\multilayertextures\kart5paint\kart5_scoop_main.png",".png","2337"
"Assets\Resources\multilayertextures\kart5paint\kart5_spoiler_detail.png",".png","3450"
"Assets\Resources\multilayertextures\kart5paint\kart5_spoiler_main.png",".png","4030"
"Assets\Resources\multilayertextures\kart5paint\kart5_thrusters_main.png",".png","1712"
"Assets\Resources\multilayertextures\kart5paint\kart5_untouchable_seat.png",".png","13263"
"Assets\Resources\multilayertextures\kart5paint\kart5_wheels_detail.png",".png","10069"
"Assets\Resources\multilayertextures\kart5paint\kart5_wheels_main.png",".png","3900"
"Assets\Resources\multilayertextures\kart6paint\Kart6PaintBundleDef.asset",".asset","371"
"Assets\Resources\multilayertextures\kart6paint\kart6_scoop_detail.png",".png","2418"
"Assets\Resources\multilayertextures\kart6paint\kart6_scoop_main.png",".png","6652"
"Assets\Resources\multilayertextures\kart6paint\kart6_spoiler_decal.png",".png","2028"
"Assets\Resources\multilayertextures\kart6paint\kart6_spoiler_main.png",".png","3589"
"Assets\Resources\multilayertextures\kart6paint\kart6_thrusters_detail.png",".png","2821"
"Assets\Resources\multilayertextures\kart6paint\kart6_thrusters_main.png",".png","3320"
"Assets\Resources\multilayertextures\kart6paint\kart6_wheels_detail.png",".png","10340"
"Assets\Resources\multilayertextures\kart6paint\kart6_wheels_main.png",".png","5344"
"Assets\Scenes\CloudStrap.unity",".unity","21609"
"Assets\Scenes\MoreDisney.unity",".unity","11844"
"Assets\Scenes\PreFrontEnd.unity",".unity","9428"
"Assets\Scenes\Front End\FrontEndTest.unity",".unity","120044"
"Assets\Scenes\Front End\Loading.unity",".unity","88242"
"Assets\Scenes\Front End\RaceResults.unity",".unity","205442"
"Assets\Scenes\Front End\FrontEndTest\LightmapFar-0.png",".png","289880"
"Assets\Scenes\Front End\FrontEndTest\LightProbes.asset",".asset","31928"
"Assets\Scenes\Test Scenes\Pranksgiving Test.unity",".unity","6572289"
"Assets\Scenes\Test Scenes\Pranksgiving Test\LightmapFar-0.png",".png","1044814"
"Assets\Scenes\Test Scenes\Pranksgiving Test\LightmapFar-1.png",".png","1311572"
"Assets\Scenes\Test Scenes\Pranksgiving Test\LightmapFar-2.png",".png","1393204"
"Assets\Scenes\Test Scenes\Pranksgiving Test\LightmapFar-3.png",".png","1243625"
"Assets\Scenes\Test Scenes\Pranksgiving Test\LightmapFar-4.png",".png","1414446"
"Assets\Scenes\Test Scenes\Pranksgiving Test\LightmapFar-5.png",".png","1305072"
"Assets\Scenes\Test Scenes\Pranksgiving Test\LightmapFar-6.png",".png","887276"
"Assets\Scenes\Test Scenes\Pranksgiving Test\LightmapFar-7.png",".png","180881"
"Assets\Scenes\Test Scenes\Pranksgiving Test\LightProbes.asset",".asset","944280"
"Assets\Scenes\Tracks\Fish Hooks Track 1.unity",".unity","3718767"
"Assets\Scenes\Tracks\Fish Hooks Track 2.unity",".unity","5101589"
"Assets\Scenes\Tracks\Fish Hooks Track 3.unity",".unity","4009940"
"Assets\Scenes\Tracks\Kick Butt Track 1.unity",".unity","2617378"
"Assets\Scenes\Tracks\Kick Butt Track 2.unity",".unity","3963340"
"Assets\Scenes\Tracks\Kick Butt Track 3.unity",".unity","3760622"
"Assets\Scenes\Tracks\Phineas Track 1.unity",".unity","4631000"
"Assets\Scenes\Tracks\Phineas Track 2.unity",".unity","5128932"
"Assets\Scenes\Tracks\Phineas Track 3.unity",".unity","7635146"
"Assets\Scenes\Tracks\Tutorial Track.unity",".unity","2629012"
"Assets\Scenes\Tracks\Fish Hooks Track 1\LightmapFar-0.png",".png","851178"
"Assets\Scenes\Tracks\Fish Hooks Track 1\LightmapFar-1.png",".png","1324675"
"Assets\Scenes\Tracks\Fish Hooks Track 1\LightmapFar-2.png",".png","544329"
"Assets\Scenes\Tracks\Fish Hooks Track 1\LightProbes.asset",".asset","2387696"
"Assets\Scenes\Tracks\Fish Hooks Track 2\LightmapFar-0.png",".png","1113548"
"Assets\Scenes\Tracks\Fish Hooks Track 2\LightmapFar-1.png",".png","778564"
"Assets\Scenes\Tracks\Fish Hooks Track 2\LightProbes.asset",".asset","1442491"
"Assets\Scenes\Tracks\Fish Hooks Track 3\LightmapFar-0.png",".png","558916"
"Assets\Scenes\Tracks\Fish Hooks Track 3\LightmapFar-1.png",".png","760396"
"Assets\Scenes\Tracks\Fish Hooks Track 3\LightmapFar-2.png",".png","1190825"
"Assets\Scenes\Tracks\Fish Hooks Track 3\LightmapFar-3.png",".png","997813"
"Assets\Scenes\Tracks\Fish Hooks Track 3\LightmapFar-4.png",".png","788031"
"Assets\Scenes\Tracks\Fish Hooks Track 3\LightProbes.asset",".asset","1008776"
"Assets\Scenes\Tracks\Kick Butt Track 1\LightmapFar-0.png",".png","1091780"
"Assets\Scenes\Tracks\Kick Butt Track 1\LightmapFar-1.png",".png","1314130"
"Assets\Scenes\Tracks\Kick Butt Track 1\LightmapFar-2.png",".png","1221588"
"Assets\Scenes\Tracks\Kick Butt Track 1\LightmapFar-3.png",".png","590531"
"Assets\Scenes\Tracks\Kick Butt Track 2\LightmapFar-0.png",".png","1146068"
"Assets\Scenes\Tracks\Kick Butt Track 2\LightmapFar-1.png",".png","1598733"
"Assets\Scenes\Tracks\Kick Butt Track 2\LightmapFar-2.png",".png","859476"
"Assets\Scenes\Tracks\Kick Butt Track 2\LightProbes.asset",".asset","1046793"
"Assets\Scenes\Tracks\Kick Butt Track 3\LightmapFar-0.png",".png","993506"
"Assets\Scenes\Tracks\Kick Butt Track 3\LightmapFar-1.png",".png","1253823"
"Assets\Scenes\Tracks\Kick Butt Track 3\LightmapFar-2.png",".png","732791"
"Assets\Scenes\Tracks\Kick Butt Track 3\LightProbes.asset",".asset","1286910"
"Assets\Scenes\Tracks\Phineas Track 1\LightmapFar-0.png",".png","831015"
"Assets\Scenes\Tracks\Phineas Track 1\LightmapFar-1.png",".png","852781"
"Assets\Scenes\Tracks\Phineas Track 1\LightmapFar-2.png",".png","920204"
"Assets\Scenes\Tracks\Phineas Track 1\LightmapFar-3.png",".png","759617"
"Assets\Scenes\Tracks\Phineas Track 1\LightProbes.asset",".asset","1684808"
"Assets\Scenes\Tracks\Phineas Track 2\LightmapFar-0.png",".png","732648"
"Assets\Scenes\Tracks\Phineas Track 2\LightmapFar-1.png",".png","474595"
"Assets\Scenes\Tracks\Phineas Track 2\LightmapFar-2.png",".png","849491"
"Assets\Scenes\Tracks\Phineas Track 2\LightmapFar-3.png",".png","844993"
"Assets\Scenes\Tracks\Phineas Track 2\LightmapFar-4.png",".png","840343"
"Assets\Scenes\Tracks\Phineas Track 2\LightProbes.asset",".asset","1729152"
"Assets\Scenes\Tracks\Phineas Track 3\LightmapFar-0.png",".png","770853"
"Assets\Scenes\Tracks\Phineas Track 3\LightmapFar-1.png",".png","1261048"
"Assets\Scenes\Tracks\Phineas Track 3\LightmapFar-2.png",".png","1077859"
"Assets\Scenes\Tracks\Phineas Track 3\LightmapFar-3.png",".png","991284"
"Assets\Scenes\Tracks\Phineas Track 3\LightmapFar-4.png",".png","1039140"
"Assets\Scenes\Tracks\Phineas Track 3\LightmapFar-5.png",".png","1014198"
"Assets\Scenes\Tracks\Phineas Track 3\LightmapFar-6.png",".png","1055501"
"Assets\Scenes\Tracks\Phineas Track 3\LightmapFar-7.png",".png","1109650"
"Assets\Scenes\Tracks\Phineas Track 3\LightmapFar-8.png",".png","1000960"
"Assets\Scenes\Tracks\Phineas Track 3\LightmapFar-9.png",".png","572440"
"Assets\Scenes\Tracks\Phineas Track 3\LightProbes.asset",".asset","1386548"
"Assets\Scripts\Assembly-CSharp\AchievementCategoryPublisher.cs",".cs","268"
"Assets\Scripts\Assembly-CSharp\AchievementListener.cs",".cs","1752"
"Assets\Scripts\Assembly-CSharp\AchievementManager.cs",".cs","1653"
"Assets\Scripts\Assembly-CSharp\AchievementPanelPublisher.cs",".cs","424"
"Assets\Scripts\Assembly-CSharp\AchievementUI.cs",".cs","1589"
"Assets\Scripts\Assembly-CSharp\AchievementWindowPublisher.cs",".cs","847"
"Assets\Scripts\Assembly-CSharp\ActiveObjectListSwtich.cs",".cs","314"
"Assets\Scripts\Assembly-CSharp\AgeGatePopup.cs",".cs","1083"
"Assets\Scripts\Assembly-CSharp\AlternateForm.cs",".cs","859"
"Assets\Scripts\Assembly-CSharp\AnimatedTexture.cs",".cs","519"
"Assets\Scripts\Assembly-CSharp\AnimationDriver.cs",".cs","1076"
"Assets\Scripts\Assembly-CSharp\AnimationTire.cs",".cs","259"
"Assets\Scripts\Assembly-CSharp\ApplyEffectDebugUtility.cs",".cs","264"
"Assets\Scripts\Assembly-CSharp\AutoDestructParticleSystem.cs",".cs","188"
"Assets\Scripts\Assembly-CSharp\BarrelLauncher.cs",".cs","520"
"Assets\Scripts\Assembly-CSharp\BarrelSpawner.cs",".cs","639"
"Assets\Scripts\Assembly-CSharp\BaseCarAIState.cs",".cs","267"
"Assets\Scripts\Assembly-CSharp\BaseEffect.cs",".cs","3014"
"Assets\Scripts\Assembly-CSharp\BaseMission.cs",".cs","1359"
"Assets\Scripts\Assembly-CSharp\BasePickup.cs",".cs","419"
"Assets\Scripts\Assembly-CSharp\BasketBall.cs",".cs","292"
"Assets\Scripts\Assembly-CSharp\BillboardRemover.cs",".cs","430"
"Assets\Scripts\Assembly-CSharp\BlipTrackPublisher.cs",".cs","456"
"Assets\Scripts\Assembly-CSharp\BoatAnchorEffect.cs",".cs","811"
"Assets\Scripts\Assembly-CSharp\BoosterEffect.cs",".cs","665"
"Assets\Scripts\Assembly-CSharp\BoosterPickup.cs",".cs","361"
"Assets\Scripts\Assembly-CSharp\BrakeMission.cs",".cs","331"
"Assets\Scripts\Assembly-CSharp\BreakableObject.cs",".cs","219"
"Assets\Scripts\Assembly-CSharp\BubbleJet.cs",".cs","259"
"Assets\Scripts\Assembly-CSharp\BuyPowerupMission.cs",".cs","333"
"Assets\Scripts\Assembly-CSharp\CameraShake.cs",".cs","930"
"Assets\Scripts\Assembly-CSharp\CameraWobble.cs",".cs","103"
"Assets\Scripts\Assembly-CSharp\CarAI.cs",".cs","2548"
"Assets\Scripts\Assembly-CSharp\CarAIPath.cs",".cs","424"
"Assets\Scripts\Assembly-CSharp\CarAIPathManager.cs",".cs","1141"
"Assets\Scripts\Assembly-CSharp\CarAIPathRecorder.cs",".cs","579"
"Assets\Scripts\Assembly-CSharp\CarAIPersonality.cs",".cs","583"
"Assets\Scripts\Assembly-CSharp\CarCollider.cs",".cs","6051"
"Assets\Scripts\Assembly-CSharp\CarMetrics.cs",".cs","1044"
"Assets\Scripts\Assembly-CSharp\CarProgress.cs",".cs","472"
"Assets\Scripts\Assembly-CSharp\CarSnapShot.cs",".cs","529"
"Assets\Scripts\Assembly-CSharp\CartAttributes.cs",".cs","2901"
"Assets\Scripts\Assembly-CSharp\CartCustomizerPublisher.cs",".cs","5122"
"Assets\Scripts\Assembly-CSharp\CartPart.cs",".cs","1170"
"Assets\Scripts\Assembly-CSharp\CartPartList.cs",".cs","3243"
"Assets\Scripts\Assembly-CSharp\CartPrimaryTextureProfile.cs",".cs","421"
"Assets\Scripts\Assembly-CSharp\CartSlot.cs",".cs","2128"
"Assets\Scripts\Assembly-CSharp\CatchupNotify.cs",".cs","354"
"Assets\Scripts\Assembly-CSharp\CausticsManager.cs",".cs","425"
"Assets\Scripts\Assembly-CSharp\CharacterButtonPublisher.cs",".cs","131"
"Assets\Scripts\Assembly-CSharp\CharacterConfigData.cs",".cs","1960"
"Assets\Scripts\Assembly-CSharp\CharacterPreview.cs",".cs","853"
"Assets\Scripts\Assembly-CSharp\CharacterSelectPublisher.cs",".cs","1751"
"Assets\Scripts\Assembly-CSharp\CharacterVOController.cs",".cs","795"
"Assets\Scripts\Assembly-CSharp\CharacterVOControllerGameObjectExtender.cs",".cs","304"
"Assets\Scripts\Assembly-CSharp\CheckPowerupUseAchievementListener.cs",".cs","965"
"Assets\Scripts\Assembly-CSharp\ClipReference.cs",".cs","136"
"Assets\Scripts\Assembly-CSharp\CloudSaveData.cs",".cs","591"
"Assets\Scripts\Assembly-CSharp\CloudStrap.cs",".cs","146"
"Assets\Scripts\Assembly-CSharp\Coin.cs",".cs","274"
"Assets\Scripts\Assembly-CSharp\CoinBalanceAchievementListener.cs",".cs","705"
"Assets\Scripts\Assembly-CSharp\CoinPoint.cs",".cs","1035"
"Assets\Scripts\Assembly-CSharp\CollectPowerupMission.cs",".cs","340"
"Assets\Scripts\Assembly-CSharp\CombinePowerupMission.cs",".cs","337"
"Assets\Scripts\Assembly-CSharp\CompleteAllMissionsAchievementListener.cs",".cs","689"
"Assets\Scripts\Assembly-CSharp\CompositeProfile.cs",".cs","740"
"Assets\Scripts\Assembly-CSharp\CompositeTextureUtil.cs",".cs","1844"
"Assets\Scripts\Assembly-CSharp\ConfirmationPublisher.cs",".cs","706"
"Assets\Scripts\Assembly-CSharp\Crab.cs",".cs","816"
"Assets\Scripts\Assembly-CSharp\CreditsPublisher.cs",".cs","355"
"Assets\Scripts\Assembly-CSharp\CrossFinishLineBackwardsAchievementListener.cs",".cs","426"
"Assets\Scripts\Assembly-CSharp\DailyBonusPublisher.cs",".cs","411"
"Assets\Scripts\Assembly-CSharp\DataUtility.cs",".cs","4971"
"Assets\Scripts\Assembly-CSharp\DebugLapButtonPublisher.cs",".cs","167"
"Assets\Scripts\Assembly-CSharp\DebugMoreCoinsPublisher.cs",".cs","1022"
"Assets\Scripts\Assembly-CSharp\DebugRaceResultPublisher.cs",".cs","252"
"Assets\Scripts\Assembly-CSharp\DebugRewindDialogPublisher.cs",".cs","308"
"Assets\Scripts\Assembly-CSharp\DebugTrackStrapper.cs",".cs","180"
"Assets\Scripts\Assembly-CSharp\DifficultyMenuPublisher.cs",".cs","777"
"Assets\Scripts\Assembly-CSharp\DriftButton.cs",".cs","236"
"Assets\Scripts\Assembly-CSharp\DriftMission.cs",".cs","356"
"Assets\Scripts\Assembly-CSharp\DriftScalePublisher.cs",".cs","835"
"Assets\Scripts\Assembly-CSharp\DriveAvoidTerrainAIState.cs",".cs","560"
"Assets\Scripts\Assembly-CSharp\DriveHitBeneficialAIState.cs",".cs","555"
"Assets\Scripts\Assembly-CSharp\DrivePickupAIState.cs",".cs","518"
"Assets\Scripts\Assembly-CSharp\DriveWaypointsCarAIState.cs",".cs","553"
"Assets\Scripts\Assembly-CSharp\EffectManager.cs",".cs","2138"
"Assets\Scripts\Assembly-CSharp\EnsureGlobals.cs",".cs","140"
"Assets\Scripts\Assembly-CSharp\EquipPaintJobAchievementListener.cs",".cs","739"
"Assets\Scripts\Assembly-CSharp\EquipPartSetAchievementListener.cs",".cs","700"
"Assets\Scripts\Assembly-CSharp\ExplodingBarrel.cs",".cs","818"
"Assets\Scripts\Assembly-CSharp\Explosion.cs",".cs","388"
"Assets\Scripts\Assembly-CSharp\FadeHelper.cs",".cs","2027"
"Assets\Scripts\Assembly-CSharp\FinishTheLapMission.cs",".cs","302"
"Assets\Scripts\Assembly-CSharp\FirstPlaceAchievementListener.cs",".cs","492"
"Assets\Scripts\Assembly-CSharp\FlipEffect.cs",".cs","813"
"Assets\Scripts\Assembly-CSharp\FollowCamera.cs",".cs","844"
"Assets\Scripts\Assembly-CSharp\ForwardForceAI.cs",".cs","222"
"Assets\Scripts\Assembly-CSharp\FrontEndCamera.cs",".cs","958"
"Assets\Scripts\Assembly-CSharp\FrontEndCameraTarget.cs",".cs","117"
"Assets\Scripts\Assembly-CSharp\FrontEndLogic.cs",".cs","2270"
"Assets\Scripts\Assembly-CSharp\FrontEndTutorialHandler.cs",".cs","1150"
"Assets\Scripts\Assembly-CSharp\FrontEndTutorialPublisher.cs",".cs","1542"
"Assets\Scripts\Assembly-CSharp\GDMOManager.cs",".cs","571"
"Assets\Scripts\Assembly-CSharp\GenericPopupPublisher.cs",".cs","463"
"Assets\Scripts\Assembly-CSharp\GetHitByTrackHazardAchievementListener.cs",".cs","993"
"Assets\Scripts\Assembly-CSharp\GimpedCarAI.cs",".cs","2552"
"Assets\Scripts\Assembly-CSharp\GuidedJumpEffect.cs",".cs","968"
"Assets\Scripts\Assembly-CSharp\GuidedJumpTrigger.cs",".cs","241"
"Assets\Scripts\Assembly-CSharp\HitMaxSpeedAchievementListener.cs",".cs","708"
"Assets\Scripts\Assembly-CSharp\HUDLogic.cs",".cs","5556"
"Assets\Scripts\Assembly-CSharp\InputBlocker.cs",".cs","549"
"Assets\Scripts\Assembly-CSharp\InRaceAquirePickupListener.cs",".cs","972"
"Assets\Scripts\Assembly-CSharp\LaserLogic.cs",".cs","414"
"Assets\Scripts\Assembly-CSharp\LastPlaceAchievementListener.cs",".cs","485"
"Assets\Scripts\Assembly-CSharp\LifetimeInAirAchievementListener.cs",".cs","715"
"Assets\Scripts\Assembly-CSharp\LifetimeMetrics.cs",".cs","792"
"Assets\Scripts\Assembly-CSharp\LifetimeOpponentHitsAchievementListener.cs",".cs","953"
"Assets\Scripts\Assembly-CSharp\LifetimePowerupCollectionAchievementListener.cs",".cs","945"
"Assets\Scripts\Assembly-CSharp\LiftControlAI.cs",".cs","340"
"Assets\Scripts\Assembly-CSharp\LoadingPublisher.cs",".cs","1655"
"Assets\Scripts\Assembly-CSharp\LoadSpin.cs",".cs","612"
"Assets\Scripts\Assembly-CSharp\LocalizeCloudStrap.cs",".cs","218"
"Assets\Scripts\Assembly-CSharp\LocalizedAssetSwapper.cs",".cs","479"
"Assets\Scripts\Assembly-CSharp\LocalOptionsData.cs",".cs","490"
"Assets\Scripts\Assembly-CSharp\LowEndInhibitor.cs",".cs","190"
"Assets\Scripts\Assembly-CSharp\MakePlaceAchievementListener.cs",".cs","537"
"Assets\Scripts\Assembly-CSharp\MaxCrashSpeedAchievementListener.cs",".cs","715"
"Assets\Scripts\Assembly-CSharp\MetaMissionGroupAchievementListener.cs",".cs","742"
"Assets\Scripts\Assembly-CSharp\MineAI.cs",".cs","1025"
"Assets\Scripts\Assembly-CSharp\MineEffect.cs",".cs","721"
"Assets\Scripts\Assembly-CSharp\MineNotifyPublisher.cs",".cs","816"
"Assets\Scripts\Assembly-CSharp\MinePickup.cs",".cs","314"
"Assets\Scripts\Assembly-CSharp\MineSpreaderAI.cs",".cs","524"
"Assets\Scripts\Assembly-CSharp\MissionCollection.cs",".cs","1395"
"Assets\Scripts\Assembly-CSharp\MissionDialogPublisher.cs",".cs","426"
"Assets\Scripts\Assembly-CSharp\MissionManager.cs",".cs","1686"
"Assets\Scripts\Assembly-CSharp\MoreDisneyLogic.cs",".cs","360"
"Assets\Scripts\Assembly-CSharp\MultilayerTexture.cs",".cs","760"
"Assets\Scripts\Assembly-CSharp\MusicPlayer.cs",".cs","1176"
"Assets\Scripts\Assembly-CSharp\ObjectGroupList.cs",".cs","443"
"Assets\Scripts\Assembly-CSharp\ObjectTrackDistanceLogic.cs",".cs","303"
"Assets\Scripts\Assembly-CSharp\PaintJob.cs",".cs","378"
"Assets\Scripts\Assembly-CSharp\PaintSlotPublisher.cs",".cs","459"
"Assets\Scripts\Assembly-CSharp\ParticleLibrary.cs",".cs","817"
"Assets\Scripts\Assembly-CSharp\ParticleReducer.cs",".cs","326"
"Assets\Scripts\Assembly-CSharp\ParticleSystemDestroy.cs",".cs","324"
"Assets\Scripts\Assembly-CSharp\PathMoverAI.cs",".cs","621"
"Assets\Scripts\Assembly-CSharp\PauseMission.cs",".cs","295"
"Assets\Scripts\Assembly-CSharp\PausePublisher.cs",".cs","301"
"Assets\Scripts\Assembly-CSharp\PickupCoinsPerRaceAchievementListener.cs",".cs","914"
"Assets\Scripts\Assembly-CSharp\PickupSpawner.cs",".cs","681"
"Assets\Scripts\Assembly-CSharp\PieAttack.cs",".cs","855"
"Assets\Scripts\Assembly-CSharp\PieHitEffect.cs",".cs","766"
"Assets\Scripts\Assembly-CSharp\PieLauncher.cs",".cs","716"
"Assets\Scripts\Assembly-CSharp\PieSplat.cs",".cs","409"
"Assets\Scripts\Assembly-CSharp\PlaceWithNoPowerupsAchievementListener.cs",".cs","740"
"Assets\Scripts\Assembly-CSharp\PlayerAccelControl.cs",".cs","627"
"Assets\Scripts\Assembly-CSharp\PlayerControlLinker.cs",".cs","109"
"Assets\Scripts\Assembly-CSharp\PlayerInstance.cs",".cs","1369"
"Assets\Scripts\Assembly-CSharp\PlayerKeyboardControl.cs",".cs","1290"
"Assets\Scripts\Assembly-CSharp\PlayMenuPublisher.cs",".cs","638"
"Assets\Scripts\Assembly-CSharp\PlaySummaryPublisher.cs",".cs","901"
"Assets\Scripts\Assembly-CSharp\PopoverPublisher.cs",".cs","367"
"Assets\Scripts\Assembly-CSharp\PowerSlideBoostAchievementListener.cs",".cs","940"
"Assets\Scripts\Assembly-CSharp\PowerupHitInAirAchievementListener.cs",".cs","908"
"Assets\Scripts\Assembly-CSharp\PowerupHolder.cs",".cs","1634"
"Assets\Scripts\Assembly-CSharp\PowerupMagnet.cs",".cs","1039"
"Assets\Scripts\Assembly-CSharp\PreFrontEndHoop.cs",".cs","318"
"Assets\Scripts\Assembly-CSharp\PreRaceCamera.cs",".cs","653"
"Assets\Scripts\Assembly-CSharp\PreviewCart.cs",".cs","4016"
"Assets\Scripts\Assembly-CSharp\ProgressTriggerLogic.cs",".cs","428"
"Assets\Scripts\Assembly-CSharp\PyroTechnics.cs",".cs","226"
"Assets\Scripts\Assembly-CSharp\QualityControl.cs",".cs","1271"
"Assets\Scripts\Assembly-CSharp\RaceManager.cs",".cs","7897"
"Assets\Scripts\Assembly-CSharp\RaceResults.cs",".cs","247"
"Assets\Scripts\Assembly-CSharp\RaceResultsPublisher.cs",".cs","1831"
"Assets\Scripts\Assembly-CSharp\RaceSettings.cs",".cs","1989"
"Assets\Scripts\Assembly-CSharp\RandomShotEffect.cs",".cs","815"
"Assets\Scripts\Assembly-CSharp\ResetTrigger.cs",".cs","184"
"Assets\Scripts\Assembly-CSharp\ReverseButton.cs",".cs","240"
"Assets\Scripts\Assembly-CSharp\RewbieShimmer.cs",".cs","413"
"Assets\Scripts\Assembly-CSharp\RewindDialogPublisher.cs",".cs","937"
"Assets\Scripts\Assembly-CSharp\RewindLapSlotPublisher.cs",".cs","120"
"Assets\Scripts\Assembly-CSharp\RocketAI.cs",".cs","1215"
"Assets\Scripts\Assembly-CSharp\RocketEffect.cs",".cs","991"
"Assets\Scripts\Assembly-CSharp\RocketPickup.cs",".cs","318"
"Assets\Scripts\Assembly-CSharp\RocketRideEffect.cs",".cs","966"
"Assets\Scripts\Assembly-CSharp\RocketRideRemover.cs",".cs","197"
"Assets\Scripts\Assembly-CSharp\RotatorAI.cs",".cs","421"
"Assets\Scripts\Assembly-CSharp\RuntimeEditorUtils.cs",".cs","77"
"Assets\Scripts\Assembly-CSharp\ScreenFader.cs",".cs","1304"
"Assets\Scripts\Assembly-CSharp\ScreenTimeoutController.cs",".cs","293"
"Assets\Scripts\Assembly-CSharp\SelectCircuitPublisher.cs",".cs","2101"
"Assets\Scripts\Assembly-CSharp\SettingsMenuPublisher.cs",".cs","1022"
"Assets\Scripts\Assembly-CSharp\ShadowBlob.cs",".cs","592"
"Assets\Scripts\Assembly-CSharp\ShieldEffect.cs",".cs","914"
"Assets\Scripts\Assembly-CSharp\ShieldPickup.cs",".cs","318"
"Assets\Scripts\Assembly-CSharp\ShiftContentsOnButtonDown.cs",".cs","294"
"Assets\Scripts\Assembly-CSharp\ShiftContentsOnToggleDown.cs",".cs","294"
"Assets\Scripts\Assembly-CSharp\ShiftUIPublisher.cs",".cs","2805"
"Assets\Scripts\Assembly-CSharp\ShockedEffect.cs",".cs","701"
"Assets\Scripts\Assembly-CSharp\ShotDroneAI.cs",".cs","544"
"Assets\Scripts\Assembly-CSharp\SkidEffect.cs",".cs","746"
"Assets\Scripts\Assembly-CSharp\SlowdownEffect.cs",".cs","667"
"Assets\Scripts\Assembly-CSharp\SmashEffect.cs",".cs","661"
"Assets\Scripts\Assembly-CSharp\SnapShotInfo.cs",".cs","226"
"Assets\Scripts\Assembly-CSharp\SoundLibrary.cs",".cs","4823"
"Assets\Scripts\Assembly-CSharp\SoundLibraryAddendum.cs",".cs","247"
"Assets\Scripts\Assembly-CSharp\SoundPackage.cs",".cs","106"
"Assets\Scripts\Assembly-CSharp\SoundPackageLoadReference.cs",".cs","153"
"Assets\Scripts\Assembly-CSharp\SoundPackageManager.cs",".cs","1941"
"Assets\Scripts\Assembly-CSharp\SoundPackageReference.cs",".cs","155"
"Assets\Scripts\Assembly-CSharp\SoundSequencer.cs",".cs","1563"
"Assets\Scripts\Assembly-CSharp\SourceFactory.cs",".cs","720"
"Assets\Scripts\Assembly-CSharp\SpeedPoint.cs",".cs","1336"
"Assets\Scripts\Assembly-CSharp\SpendCoinsOverLifetimeAchievementListener.cs",".cs","721"
"Assets\Scripts\Assembly-CSharp\SphereMoverAI.cs",".cs","592"
"Assets\Scripts\Assembly-CSharp\SphereMoverCollider.cs",".cs","199"
"Assets\Scripts\Assembly-CSharp\SpreadMineEffect.cs",".cs","746"
"Assets\Scripts\Assembly-CSharp\SpringConnection.cs",".cs","595"
"Assets\Scripts\Assembly-CSharp\SpringTrigger.cs",".cs","198"
"Assets\Scripts\Assembly-CSharp\StreamedMultilayerTexture.cs",".cs","824"
"Assets\Scripts\Assembly-CSharp\StreamManager.cs",".cs","3916"
"Assets\Scripts\Assembly-CSharp\StreamTest.cs",".cs","134"
"Assets\Scripts\Assembly-CSharp\TeleportEffect.cs",".cs","852"
"Assets\Scripts\Assembly-CSharp\TeleportTrigger.cs",".cs","197"
"Assets\Scripts\Assembly-CSharp\TerrainEffectTrigger.cs",".cs","406"
"Assets\Scripts\Assembly-CSharp\TimeInAirAchievementListener.cs",".cs","711"
"Assets\Scripts\Assembly-CSharp\TouchTurnTrack.cs",".cs","47"
"Assets\Scripts\Assembly-CSharp\TrackSelectPublisher.cs",".cs","1129"
"Assets\Scripts\Assembly-CSharp\TrackUnlockHelper.cs",".cs","2752"
"Assets\Scripts\Assembly-CSharp\TriFoot.cs",".cs","1914"
"Assets\Scripts\Assembly-CSharp\TripLine.cs",".cs","188"
"Assets\Scripts\Assembly-CSharp\TripLineEffect.cs",".cs","792"
"Assets\Scripts\Assembly-CSharp\TurkeyGooShooter.cs",".cs","497"
"Assets\Scripts\Assembly-CSharp\TurnMission.cs",".cs","294"
"Assets\Scripts\Assembly-CSharp\TutorialLauncherPublisher.cs",".cs","508"
"Assets\Scripts\Assembly-CSharp\UFOLogic.cs",".cs","1143"
"Assets\Scripts\Assembly-CSharp\UghHeldButton.cs",".cs","504"
"Assets\Scripts\Assembly-CSharp\UnlockAchievementListener.cs",".cs","969"
"Assets\Scripts\Assembly-CSharp\UnlockedCircuitPublisher.cs",".cs","1294"
"Assets\Scripts\Assembly-CSharp\UseAPowerupAchievementListener.cs",".cs","981"
"Assets\Scripts\Assembly-CSharp\UsePowerupAgainstOpponentAchievementListener.cs",".cs","957"
"Assets\Scripts\Assembly-CSharp\UsePowerupAIState.cs",".cs","778"
"Assets\Scripts\Assembly-CSharp\UsePowerupMission.cs",".cs","300"
"Assets\Scripts\Assembly-CSharp\UVScroller.cs",".cs","359"
"Assets\Scripts\Assembly-CSharp\VolumeSlider.cs",".cs","679"
"Assets\Scripts\Assembly-CSharp\WaypointLogic.cs",".cs","2431"
"Assets\Scripts\Assembly-CSharp\WhoopieCushion.cs",".cs","505"
"Assets\Scripts\Assembly-CSharp\WipeoutEffect.cs",".cs","828"
"Assets\Scripts\Assembly-CSharp\Properties\AssemblyInfo.cs",".cs","108"
"Assets\Scripts\Assembly-UnityScript\Car_Script.cs",".cs","1092"
"Assets\Scripts\Assembly-UnityScript\Plane_Script.cs",".cs","511"
"Assets\Scripts\Assembly-UnityScript\WheelData.cs",".cs","300"
"Assets\Scripts\Assembly-UnityScript\Properties\AssemblyInfo.cs",".cs","135"
"Assets\Shader\Alpha-Diffuse.shader",".shader","486"
"Assets\Shader\Alpha-VertexLit.shader",".shader","2047"
"Assets\Shader\Double Texture Additive Unlit.shader",".shader","604"
"Assets\Shader\Illumin-Diffuse.shader",".shader","579"
"Assets\Shader\Illumin-VertexLit.shader",".shader","773"
"Assets\Shader\Mobile-Diffuse.shader",".shader","429"
"Assets\Shader\Mobile-Lightmap-Unlit.shader",".shader","986"
"Assets\Shader\Mobile-Particle-Add.shader",".shader","524"
"Assets\Shader\Mobile-Particle-Alpha-VertexLit.shader",".shader","594"
"Assets\Shader\Mobile-Particle-Alpha.shader",".shader","542"
"Assets\Shader\Mobile-Particle-Multiply.shader",".shader","618"
"Assets\Shader\Mobile-Skybox.shader",".shader","1295"
"Assets\Shader\Mobile-VertexLit.shader",".shader","431"
"Assets\Shader\Particle Add.shader",".shader","548"
"Assets\Shader\Particle Premultiply Blend.shader",".shader","511"
"Assets\Shader\Transparent And Color Unlit.shader",".shader","388"
"Assets\Shader\Transparent Color Shift Unlit.shader",".shader","479"
"Assets\Shader\Underwater Unlit.shader",".shader","511"
"Assets\Shader\Unlit-Alpha.shader",".shader","442"
"Assets\Shader\Unlit-Normal.shader",".shader","428"
"Assets\TextAsset\Localize-US.bytes",".bytes","32615"
"Assets\Texture2D\AlphaText.png",".png","12401"
"Assets\Texture2D\Anchor rocket.png",".png","93551"
"Assets\Texture2D\arrow sign.png",".png","116448"
"Assets\Texture2D\arrow sign_0.png",".png","89814"
"Assets\Texture2D\Barber.png",".png","421508"
"Assets\Texture2D\barrel.png",".png","74702"
"Assets\Texture2D\barrier uvs.png",".png","94685"
"Assets\Texture2D\BEAmap.png",".png","47382"
"Assets\Texture2D\billboard.png",".png","319251"
"Assets\Texture2D\BlastRadius.png",".png","40931"
"Assets\Texture2D\Blocker Invisible SpriteAtlas.png",".png","549"
"Assets\Texture2D\Blocker SpriteAtlas.png",".png","549"
"Assets\Texture2D\box.png",".png","255607"
"Assets\Texture2D\bradMap.png",".png","72609"
"Assets\Texture2D\bridge column uvs.png",".png","84588"
"Assets\Texture2D\Bridge Street.png",".png","2041809"
"Assets\Texture2D\bridge.png",".png","1514447"
"Assets\Texture2D\Bridge_0.png",".png","123266"
"Assets\Texture2D\Bubble.png",".png","334476"
"Assets\Texture2D\Burst.png",".png","48122"
"Assets\Texture2D\Castle.png",".png","2487362"
"Assets\Texture2D\CharitableCharities.png",".png","378115"
"Assets\Texture2D\Checkerground.png",".png","36262"
"Assets\Texture2D\ChefGuilbauds.png",".png","967506"
"Assets\Texture2D\Cloud.png",".png","28865"
"Assets\Texture2D\CloudStrap SpriteAtlas.png",".png","564519"
"Assets\Texture2D\Coin.png",".png","20010"
"Assets\Texture2D\coin_0.png",".png","288466"
"Assets\Texture2D\color_white.png",".png","814"
"Assets\Texture2D\CoronaStar.png",".png","11809"
"Assets\Texture2D\crashTexture.png",".png","305540"
"Assets\Texture2D\danville arena ground.png",".png","106322"
"Assets\Texture2D\danville arena texture uvs.png",".png","106362"
"Assets\Texture2D\DanvilleArena uvs.png",".png","356716"
"Assets\Texture2D\DipperTexture.png",".png","55001"
"Assets\Texture2D\Dirt Road.png",".png","916291"
"Assets\Texture2D\dirt track.png",".png","77993"
"Assets\Texture2D\DoofenschmirtzEvil.png",".png","458833"
"Assets\Texture2D\ExplosionFire.png",".png","218997"
"Assets\Texture2D\Fadable HUD SpriteAtlas.png",".png","228316"
"Assets\Texture2D\Fader SpriteAtlas.png",".png","549"
"Assets\Texture2D\fancy building A uvs.png",".png","461423"
"Assets\Texture2D\fancy building B uvs.png",".png","425554"
"Assets\Texture2D\fancy building C uvs.png",".png","81929"
"Assets\Texture2D\fancy building E uvs.png",".png","478138"
"Assets\Texture2D\fancy building F uvs.png",".png","358691"
"Assets\Texture2D\Fence 1.png",".png","306500"
"Assets\Texture2D\Fence 2.png",".png","589371"
"Assets\Texture2D\Fence.png",".png","292706"
"Assets\Texture2D\Ferb.png",".png","80299"
"Assets\Texture2D\finish line SpriteAtlas.png",".png","171688"
"Assets\Texture2D\finish line.png",".png","368322"
"Assets\Texture2D\Fire bw.png",".png","27496"
"Assets\Texture2D\first track uvs.png",".png","84686"
"Assets\Texture2D\fish hook cliff face earth.png",".png","114602"
"Assets\Texture2D\fish hook cliff face weird.png",".png","135467"
"Assets\Texture2D\fish hook exterior ground.png",".png","168907"
"Assets\Texture2D\fish hook interior ceiling.png",".png","187310"
"Assets\Texture2D\fish hook interior court ground.png",".png","166358"
"Assets\Texture2D\fish hook interior ground.png",".png","147629"
"Assets\Texture2D\fish hook school exterior front door.png",".png","125271"
"Assets\Texture2D\fish hook school exterior stairs top.png",".png","181706"
"Assets\Texture2D\fish hook school exterior stairs.png",".png","154313"
"Assets\Texture2D\fish hook school exterior wall bare.png",".png","122860"
"Assets\Texture2D\fish hook school exterior wall.png",".png","123815"
"Assets\Texture2D\fish hooks basketball.png",".png","475121"
"Assets\Texture2D\fish hooks boulder.png",".png","132230"
"Assets\Texture2D\fish hooks casltel.png",".png","135628"
"Assets\Texture2D\fish hooks cliff thing 2.png",".png","463397"
"Assets\Texture2D\fish hooks cliff thing.png",".png","496801"
"Assets\Texture2D\fish hooks column.png",".png","118027"
"Assets\Texture2D\fish hooks decoration flute.png",".png","117651"
"Assets\Texture2D\fish hooks decorations clam.png",".png","135820"
"Assets\Texture2D\fish hooks decorations round shell.png",".png","141025"
"Assets\Texture2D\fish hooks decorations spiky shell.png",".png","143212"
"Assets\Texture2D\fish hooks exterior terrain grass.png",".png","140629"
"Assets\Texture2D\fish hooks exterior terrain weird.png",".png","166253"
"Assets\Texture2D\fish hooks exterior terrain.png",".png","145870"
"Assets\Texture2D\fish hooks football field.png",".png","161347"
"Assets\Texture2D\fish hooks football stadium.png",".png","136579"
"Assets\Texture2D\fish hooks interior walls clean.png",".png","137157"
"Assets\Texture2D\fish hooks interior walls.png",".png","140152"
"Assets\Texture2D\fish hooks lockers.png",".png","95344"
"Assets\Texture2D\fish hooks school bottom.png",".png","134543"
"Assets\Texture2D\fish hooks school mini columns.png",".png","116110"
"Assets\Texture2D\fish hooks school relief.png",".png","157492"
"Assets\Texture2D\fish hooks skybox.png",".png","332104"
"Assets\Texture2D\fish hooks skybox2.png",".png","334283"
"Assets\Texture2D\fish hooks track lines.png",".png","138630"
"Assets\Texture2D\fish hooks track main road.png",".png","514772"
"Assets\Texture2D\fish school.png",".png","13576"
"Assets\Texture2D\FishHooksBillboardAd.png",".png","488720"
"Assets\Texture2D\Fishtankia Tree 02.png",".png","433524"
"Assets\Texture2D\Fishtankia Tree 03.png",".png","243458"
"Assets\Texture2D\Fishtankia Tree 04.png",".png","453408"
"Assets\Texture2D\Fishtankia-Tree-01.png",".png","453155"
"Assets\Texture2D\Font Texture.texture2D",".texture2d","2097713"
"Assets\Texture2D\Full Screen Booster SpriteAtlas.png",".png","58912"
"Assets\Texture2D\garage beam.png",".png","66329"
"Assets\Texture2D\garage computer.png",".png","117625"
"Assets\Texture2D\garage electro box.png",".png","128037"
"Assets\Texture2D\garage exit door.png",".png","422731"
"Assets\Texture2D\garage exit door2.png",".png","113614"
"Assets\Texture2D\garage exit.png",".png","47871"
"Assets\Texture2D\garage ground.png",".png","308010"
"Assets\Texture2D\garage hall hole.png",".png","333"
"Assets\Texture2D\garage hall wall and floor.png",".png","469286"
"Assets\Texture2D\garage lift bottom.png",".png","264427"
"Assets\Texture2D\garage lift thingie.png",".png","74980"
"Assets\Texture2D\garage metal rivets.png",".png","121506"
"Assets\Texture2D\garage monitor main.png",".png","196295"
"Assets\Texture2D\garage other screen.png",".png","1175438"
"Assets\Texture2D\garage tire rack.png",".png","85329"
"Assets\Texture2D\garage toolbox.png",".png","81576"
"Assets\Texture2D\garage wall - pranksgiving.png",".png","1842293"
"Assets\Texture2D\garage wall1.png",".png","347583"
"Assets\Texture2D\GlowDot.png",".png","1281"
"Assets\Texture2D\Goal-Flag-plants-coral.png",".png","366010"
"Assets\Texture2D\Green Grass.png",".png","1175202"
"Assets\Texture2D\guntherMap.png",".png","72751"
"Assets\Texture2D\highway sign uvs.png",".png","91557"
"Assets\Texture2D\HokeyPokeDiner_Octopus.png",".png","376703"
"Assets\Texture2D\HokeyPokeDiner_Ship.png",".png","387238"
"Assets\Texture2D\Horizontal strays SpriteAtlas.png",".png","369389"
"Assets\Texture2D\horseshoe crap uvs.png",".png","1387538"
"Assets\Texture2D\House 1 Color 1.png",".png","137800"
"Assets\Texture2D\House 1 Color 2.png",".png","136334"
"Assets\Texture2D\House 2 Color 1.png",".png","482627"
"Assets\Texture2D\House 2 Color 2.png",".png","460627"
"Assets\Texture2D\House 3 Color 1.png",".png","450711"
"Assets\Texture2D\House 3 Color 2.png",".png","453827"
"Assets\Texture2D\House 4 Color 1.png",".png","443032"
"Assets\Texture2D\House 4 Color 2.png",".png","434758"
"Assets\Texture2D\House 5 Color 1.png",".png","472229"
"Assets\Texture2D\House 5 Color 2.png",".png","456740"
"Assets\Texture2D\houses.png",".png","451433"
"Assets\Texture2D\houses2.png",".png","457714"
"Assets\Texture2D\HUD SpriteAtlas.png",".png","1376290"
"Assets\Texture2D\HUDCoinCost.png",".png","81222"
"Assets\Texture2D\HugeRecords.png",".png","326923"
"Assets\Texture2D\iCloud.png",".png","58585"
"Assets\Texture2D\inline ramp uvs.png",".png","96610"
"Assets\Texture2D\InventorsEmporium.png",".png","350115"
"Assets\Texture2D\Kart Customizer SpriteAtlas.png",".png","2418791"
"Assets\Texture2D\kart tier 1 texture.png",".png","128351"
"Assets\Texture2D\kart uvs template.png",".png","125051"
"Assets\Texture2D\kick big screen.png",".png","491462"
"Assets\Texture2D\kick car pile.png",".png","95218"
"Assets\Texture2D\kick ceiling.png",".png","374422"
"Assets\Texture2D\kick lights.png",".png","419547"
"Assets\Texture2D\kick school bus.png",".png","121031"
"Assets\Texture2D\kick scorebox.png",".png","161235"
"Assets\Texture2D\kick stadium piece.png",".png","441150"
"Assets\Texture2D\kick terrain.png",".png","195272"
"Assets\Texture2D\kick terrain2.png",".png","226241"
"Assets\Texture2D\KickBillboardAd.png",".png","304952"
"Assets\Texture2D\kickMap.png",".png","54261"
"Assets\Texture2D\laser sphere.png",".png","114851"
"Assets\Texture2D\laserRobotShadow.png",".png","26913"
"Assets\Texture2D\LaserWall.png",".png","37547"
"Assets\Texture2D\Level Previews SpriteAtlas.png",".png","3253509"
"Assets\Texture2D\lightning.png",".png","275388"
"Assets\Texture2D\Loading Circle White Alpha.png",".png","2773"
"Assets\Texture2D\logo phineas.png",".png","149768"
"Assets\Texture2D\logos SpriteAtlas.png",".png","295556"
"Assets\Texture2D\Logos SpriteAtlas_0.png",".png","113430"
"Assets\Texture2D\MabelTexture.png",".png","65463"
"Assets\Texture2D\MagnetShield.png",".png","503886"
"Assets\Texture2D\MikeTexture.png",".png","49523"
"Assets\Texture2D\MILOmap.png",".png","73355"
"Assets\Texture2D\mine.png",".png","119939"
"Assets\Texture2D\Multi-Use Icons SpriteAtlas.png",".png","737714"
"Assets\Texture2D\Multi-Use SpriteAtlas.png",".png","936787"
"Assets\Texture2D\music icon SpriteAtlas.png",".png","41838"
"Assets\Texture2D\Nav Bar Shifter SpriteAtlas.png",".png","799053"
"Assets\Texture2D\NewbieCircuit.png",".png","158305"
"Assets\Texture2D\OilSlick.png",".png","70833"
"Assets\Texture2D\OSCARmap.png",".png","41762"
"Assets\Texture2D\OtherUI SpriteAtlas.png",".png","30386"
"Assets\Texture2D\particle_4.png",".png","5020"
"Assets\Texture2D\Perry.png",".png","103769"
"Assets\Texture2D\phineas and ferb fancy highway.png",".png","248926"
"Assets\Texture2D\phineas and ferb grass.png",".png","7181"
"Assets\Texture2D\phineas and ferb skybox 2.png",".png","133887"
"Assets\Texture2D\phineas and ferb skybox top.png",".png","2255"
"Assets\Texture2D\phineas and ferb skybox.png",".png","186382"
"Assets\Texture2D\phineas ferb tunnel exterior texture.png",".png","311059"
"Assets\Texture2D\phineas ferb tunnel texture.png",".png","114794"
"Assets\Texture2D\phineas tree.png",".png","99308"
"Assets\Texture2D\phineas underpass exit tunnel.png",".png","112071"
"Assets\Texture2D\Phineas.png",".png","94567"
"Assets\Texture2D\PhineasBillboardAd.png",".png","429847"
"Assets\Texture2D\pickup gatorade.png",".png","93949"
"Assets\Texture2D\pickup rocket.png",".png","89716"
"Assets\Texture2D\pickup shield.png",".png","101148"
"Assets\Texture2D\Pie.png",".png","423688"
"Assets\Texture2D\PieShooter.png",".png","414133"
"Assets\Texture2D\PieSlick.png",".png","224968"
"Assets\Texture2D\PieSplat.png",".png","363001"
"Assets\Texture2D\PieSplatEffect SpriteAtlas.png",".png","1493090"
"Assets\Texture2D\Pine Tree Texture.png",".png","1258584"
"Assets\Texture2D\PowerPlant.png",".png","408592"
"Assets\Texture2D\Pranksgiving Logo.png",".png","370641"
"Assets\Texture2D\Pranksgiving SpriteAtlas.png",".png","382702"
"Assets\Texture2D\RaceResults SpriteAtlas.png",".png","3653628"
"Assets\Texture2D\ramp.png",".png","99018"
"Assets\Texture2D\randy.png",".png","43036"
"Assets\Texture2D\Retaining Wall Brick.png",".png","1487486"
"Assets\Texture2D\Rock.png",".png","626301"
"Assets\Texture2D\ScubaGuy.png",".png","180919"
"Assets\Texture2D\self ilum ramp.png",".png","12398"
"Assets\Texture2D\Shadow Blob.png",".png","121922"
"Assets\Texture2D\Shield.png",".png","579697"
"Assets\Texture2D\ShieldDouble.png",".png","601309"
"Assets\Texture2D\ShieldRimlight.png",".png","187421"
"Assets\Texture2D\Shifter Slot Back.png",".png","748189"
"Assets\Texture2D\Shifter Slot Front.png",".png","45493"
"Assets\Texture2D\Sidewalk Tile.png",".png","137842"
"Assets\Texture2D\SmokeRealBlurred.png",".png","111786"
"Assets\Texture2D\SmokeRingBurst.png",".png","138490"
"Assets\Texture2D\SmokeRingBurstHARD.png",".png","133936"
"Assets\Texture2D\Soda.png",".png","122284"
"Assets\Texture2D\SoosTexture.png",".png","269456"
"Assets\Texture2D\sound icon SpriteAtlas.png",".png","42398"
"Assets\Texture2D\Sparkle.png",".png","19906"
"Assets\Texture2D\speakers.png",".png","130869"
"Assets\Texture2D\speed strip.png",".png","86732"
"Assets\Texture2D\SpinnerGeneric.png",".png","8001"
"Assets\Texture2D\Spinning Tire.png",".png","288007"
"Assets\Texture2D\SpinSemicircle.png",".png","19074"
"Assets\Texture2D\SS Logo.png",".png","1572829"
"Assets\Texture2D\SS tutorial logo.png",".png","1325189"
"Assets\Texture2D\Static.png",".png","34961"
"Assets\Texture2D\Street 1 finish line.png",".png","362056"
"Assets\Texture2D\Street 1.png",".png","106787"
"Assets\Texture2D\Street 1_0.png",".png","1156398"
"Assets\Texture2D\Street Corner.png",".png","109033"
"Assets\Texture2D\Street to Dirt Transition.png",".png","1254723"
"Assets\Texture2D\Swatch Bea.png",".png","8618"
"Assets\Texture2D\Swatch Black.png",".png","5650"
"Assets\Texture2D\Swatch Blue.png",".png","6191"
"Assets\Texture2D\Swatch Brad.png",".png","8477"
"Assets\Texture2D\Swatch Bronze.png",".png","6255"
"Assets\Texture2D\Swatch Copper.png",".png","6047"
"Assets\Texture2D\Swatch Custom Alpha Infernos.png",".png","32262"
"Assets\Texture2D\Swatch Custom Alpha.png",".png","11860"
"Assets\Texture2D\Swatch Custom Beta Infernos.png",".png","28367"
"Assets\Texture2D\Swatch Custom Beta.png",".png","11739"
"Assets\Texture2D\Swatch Dipper.png",".png","12286"
"Assets\Texture2D\Swatch Ferb.png",".png","6959"
"Assets\Texture2D\Swatch Gold.png",".png","6167"
"Assets\Texture2D\Swatch Gunther.png",".png","10565"
"Assets\Texture2D\Swatch Kick.png",".png","8602"
"Assets\Texture2D\Swatch Mabel.png",".png","15006"
"Assets\Texture2D\Swatch Mike.png",".png","6623"
"Assets\Texture2D\Swatch Milo.png",".png","7912"
"Assets\Texture2D\Swatch None.png",".png","28755"
"Assets\Texture2D\Swatch Oscar.png",".png","8679"
"Assets\Texture2D\Swatch Perry.png",".png","7022"
"Assets\Texture2D\Swatch Phineas.png",".png","6807"
"Assets\Texture2D\Swatch Pink.png",".png","6209"
"Assets\Texture2D\Swatch Purple.png",".png","6169"
"Assets\Texture2D\Swatch Red.png",".png","5912"
"Assets\Texture2D\Swatch Silver.png",".png","6323"
"Assets\Texture2D\Swatch Steel.png",".png","5848"
"Assets\Texture2D\texture additional parts.png",".png","435696"
"Assets\Texture2D\texture kart bea.png",".png","413073"
"Assets\Texture2D\texture kart brad.png",".png","436358"
"Assets\Texture2D\texture kart crap.png",".png","452405"
"Assets\Texture2D\texture kart dipper.png",".png","447265"
"Assets\Texture2D\texture kart gunther.png",".png","446602"
"Assets\Texture2D\texture kart kick.png",".png","418393"
"Assets\Texture2D\texture kart mabel.png",".png","441353"
"Assets\Texture2D\texture kart mike.png",".png","424701"
"Assets\Texture2D\texture kart milo.png",".png","418730"
"Assets\Texture2D\texture kart oscar.png",".png","416950"
"Assets\Texture2D\texture kart phineas.png",".png","434602"
"Assets\Texture2D\texture kart randy.png",".png","446739"
"Assets\Texture2D\texture kart01.png",".png","129142"
"Assets\Texture2D\texture kart02.png",".png","123853"
"Assets\Texture2D\texture kart03.png",".png","125423"
"Assets\Texture2D\texture kart04.png",".png","128419"
"Assets\Texture2D\texture kart05.png",".png","126687"
"Assets\Texture2D\texture kat ferb.png",".png","435641"
"Assets\Texture2D\texture kat perry.png",".png","416351"
"Assets\Texture2D\texture water.png",".png","7226"
"Assets\Texture2D\texture water2.png",".png","7707"
"Assets\Texture2D\tile_02.png",".png","59285"
"Assets\Texture2D\tire face.png",".png","93820"
"Assets\Texture2D\tiret.png",".png","113003"
"Assets\Texture2D\track 01 container.png",".png","34678"
"Assets\Texture2D\track 01 container2.png",".png","35593"
"Assets\Texture2D\track01 ends.png",".png","107236"
"Assets\Texture2D\track01 hills.png",".png","125288"
"Assets\Texture2D\Track01-sign.png",".png","196046"
"Assets\Texture2D\Track01_Basketball_hoop.png",".png","55305"
"Assets\Texture2D\Trafic Light SpriteAtlas.png",".png","347183"
"Assets\Texture2D\TripWireShield.png",".png","131774"
"Assets\Texture2D\TurkeyGooShooter.png",".png","1338175"
"Assets\Texture2D\Vertical strays SpriteAtlas.png",".png","663332"
"Assets\Texture2D\Water Caustics.png",".png","80885"
"Assets\Texture2D\white wall 2.png",".png","437610"
"Assets\Texture2D\white wall.png",".png","456131"
"Assets\Texture2D\WhoopieCushion.png",".png","986843"
"Assets\Texture2D\wrench.png",".png","26929"
"Packages\manifest.json",".json","1406"
"ProjectSettings\AudioManager.asset",".asset","233"
"ProjectSettings\DelayedCallManager.asset",".asset","97"
"ProjectSettings\DynamicsManager.asset",".asset","639"
"ProjectSettings\EditorBuildSettings.asset",".asset","1271"
"ProjectSettings\EditorSettings.asset",".asset","315"
"ProjectSettings\GraphicsSettings.asset",".asset","187"
"ProjectSettings\InputManager.asset",".asset","2041"
"ProjectSettings\MasterServerInterface.asset",".asset","101"
"ProjectSettings\NavMeshLayers.asset",".asset","1878"
"ProjectSettings\NetworkManager.asset",".asset","60364"
"ProjectSettings\Physics2DSettings.asset",".asset","521"
"ProjectSettings\ProjectSettings.asset",".asset","5488"
"ProjectSettings\ProjectVersion.txt",".txt","25"
"ProjectSettings\QualitySettings.asset",".asset","2962"
"ProjectSettings\TagManager.asset",".asset","909"
"ProjectSettings\TimeManager.asset",".asset","170"
