"RelativePath","Extension","Size"
"Assemblies\Assembly-CSharp-firstpass.dll",".dll","86016"
"Assemblies\Assembly-CSharp.dll",".dll","142336"
"Assemblies\Assembly-UnityScript.dll",".dll","3072"
"Assemblies\mscorlib.dll",".dll","753664"
"Assemblies\System.Core.dll",".dll","8704"
"Assemblies\System.dll",".dll","39936"
"Assemblies\System.Runtime.CompilerServices.Unsafe.dll",".dll","1536"
"Assemblies\System.Runtime.InteropServices.dll",".dll","3072"
"Assemblies\System.Xml.dll",".dll","112128"
"Assemblies\UnityEngine.dll",".dll","126464"
"Assets\AudioClip\ACK_MABEL_f.mp3",".mp3","11040"
"Assets\AudioClip\amb_city_lp.mp3",".mp3","610743"
"Assets\AudioClip\amb_crowd_cheering_lp.mp3",".mp3","247118"
"Assets\AudioClip\amb_water_flowing_lp.wav",".wav","309384"
"Assets\AudioClip\ARGH_MABEL_b.mp3",".mp3","18240"
"Assets\AudioClip\AWW_MABEL_b.mp3",".mp3","18240"
"Assets\AudioClip\basketball_bounce.wav",".wav","46106"
"Assets\AudioClip\BEA Super Speedway AHH_01.mp3",".mp3","13920"
"Assets\AudioClip\BEA Super Speedway ARGH_02.mp3",".mp3","8640"
"Assets\AudioClip\BEA Super Speedway HAA HAA_04.mp3",".mp3","15360"
"Assets\AudioClip\BEA Super Speedway HEE HEE_01.mp3",".mp3","9600"
"Assets\AudioClip\BEA Super Speedway OH OH_03.mp3",".mp3","10080"
"Assets\AudioClip\BEA Super Speedway WHOO HOO_02.mp3",".mp3","14880"
"Assets\AudioClip\BRAD_ARGH_b.mp3",".mp3","17280"
"Assets\AudioClip\BRAD_HAA HAA_b.mp3",".mp3","54240"
"Assets\AudioClip\BRAD_HEY COME ON_a.mp3",".mp3","22080"
"Assets\AudioClip\BRAD_UH OH_a.mp3",".mp3","9120"
"Assets\AudioClip\BRAD_WHOO HOO_b.mp3",".mp3","57120"
"Assets\AudioClip\BRAD_YEA BRAD_c.mp3",".mp3","39360"
"Assets\AudioClip\coin_pickup.wav",".wav","127546"
"Assets\AudioClip\DSS_DIPPER_AhHaHa_01.mp3",".mp3","16800"
"Assets\AudioClip\DSS_DIPPER_Ahh_01.mp3",".mp3","7680"
"Assets\AudioClip\DSS_DIPPER_Aww_01.mp3",".mp3","16800"
"Assets\AudioClip\DSS_DIPPER_UhOh_01.mp3",".mp3","12000"
"Assets\AudioClip\DSS_DIPPER_WooHoo_01.mp3",".mp3","19200"
"Assets\AudioClip\DSS_FERB_Ahhh_01.mp3",".mp3","21120"
"Assets\AudioClip\DSS_FERB_Aww_02.mp3",".mp3","15360"
"Assets\AudioClip\DSS_FERB_Aww_04.mp3",".mp3","16800"
"Assets\AudioClip\DSS_FERB_HaHaa_01.mp3",".mp3","20160"
"Assets\AudioClip\DSS_FERB_Uhoh_03.mp3",".mp3","11040"
"Assets\AudioClip\DSS_FERB_Woo_01.mp3",".mp3","20160"
"Assets\AudioClip\DSS_MILO_Ahh_01.mp3",".mp3","8640"
"Assets\AudioClip\DSS_MILO_Arrgh_02.mp3",".mp3","14880"
"Assets\AudioClip\DSS_MILO_Aww_01.mp3",".mp3","23040"
"Assets\AudioClip\DSS_MILO_HaHaa_01.mp3",".mp3","24000"
"Assets\AudioClip\DSS_MILO_UhOh_02.mp3",".mp3","11520"
"Assets\AudioClip\DSS_MILO_WooHoo_01.mp3",".mp3","24480"
"Assets\AudioClip\DSS_MILO_Woo_01.mp3",".mp3","15360"
"Assets\AudioClip\DSS_PHINEAS_Ack_01.mp3",".mp3","12960"
"Assets\AudioClip\DSS_PHINEAS_Aww_01.mp3",".mp3","20640"
"Assets\AudioClip\DSS_PHINEAS_HaHaa_03.mp3",".mp3","21120"
"Assets\AudioClip\DSS_PHINEAS_UhOh_01.mp3",".mp3","12960"
"Assets\AudioClip\DSS_PHINEAS_WooHoo_01.mp3",".mp3","28800"
"Assets\AudioClip\DSS_PHINEAS_Woo_01.mp3",".mp3","27360"
"Assets\AudioClip\engine04_idle_lp_01.wav",".wav","154444"
"Assets\AudioClip\Engine_Revs_01.wav",".wav","252586"
"Assets\AudioClip\Engine_Revs_02.wav",".wav","299426"
"Assets\AudioClip\Engine_Revs_03.wav",".wav","289240"
"Assets\AudioClip\Fish Hooks FINAL Main Title MUSIC ONLY loop.mp3",".mp3","529440"
"Assets\AudioClip\GUI Beep.wav",".wav","30312"
"Assets\AudioClip\GUNTHER_ahh_a.mp3",".mp3","15674"
"Assets\AudioClip\GUNTHER_aww_c.mp3",".mp3","20376"
"Assets\AudioClip\GUNTHER_ha_ha_a.mp3",".mp3","31347"
"Assets\AudioClip\GUNTHER_whoooo_b.mp3",".mp3","33959"
"Assets\AudioClip\GUNTHER_yikes_c.mp3",".mp3","19331"
"Assets\AudioClip\GUNTHER_yipe_c.mp3",".mp3","24555"
"Assets\AudioClip\HAA_HAA_MABEL_a.mp3",".mp3","22560"
"Assets\AudioClip\HEE_HEE_MABEL_d.mp3",".mp3","48960"
"Assets\AudioClip\impact_noglass_01.wav",".wav","69330"
"Assets\AudioClip\impact_noglass_02.wav",".wav","85156"
"Assets\AudioClip\impact_noglass_03.wav",".wav","107058"
"Assets\AudioClip\imp_oil_Slick.wav",".wav","81574"
"Assets\AudioClip\jump_landing.wav",".wav","92844"
"Assets\AudioClip\KB Main Title TRK (FINAL) - loop.mp3",".mp3","537120"
"Assets\AudioClip\KICK_argh_b.mp3",".mp3","18808"
"Assets\AudioClip\KICK_ayee_b.mp3",".mp3","35004"
"Assets\AudioClip\KICK_haa_haa_b.mp3",".mp3","31347"
"Assets\AudioClip\KICK_uhoh_b.mp3",".mp3","12539"
"Assets\AudioClip\KICK_whoo_hoo_a.mp3",".mp3","19331"
"Assets\AudioClip\KICK_yikes_a.mp3",".mp3","13584"
"Assets\AudioClip\Lazer #3.wav",".wav","55054"
"Assets\AudioClip\LAZER2.wav",".wav","90668"
"Assets\AudioClip\Light_Beep_Countdown.wav",".wav","41722"
"Assets\AudioClip\Light_Beep_Start.wav",".wav","60532"
"Assets\AudioClip\Mike Chilton_ahh_b.mp3",".mp3","18808"
"Assets\AudioClip\Mike Chilton_aww_c.mp3",".mp3","16196"
"Assets\AudioClip\Mike Chilton_haa_haa_a.mp3",".mp3","26122"
"Assets\AudioClip\Mike Chilton_hee_hee_b.mp3",".mp3","22465"
"Assets\AudioClip\Mike Chilton_uh_oh_b.mp3",".mp3","10971"
"Assets\AudioClip\Mike Chilton_whoooo_f.mp3",".mp3","23510"
"Assets\AudioClip\Missile Hits Shield.mp3",".mp3","88800"
"Assets\AudioClip\mus_lose.mp3",".mp3","80457"
"Assets\AudioClip\mus_win.mp3",".mp3","90906"
"Assets\AudioClip\NINJA_AHH_a.mp3",".mp3","12539"
"Assets\AudioClip\NINJA_AWW_a.mp3",".mp3","17763"
"Assets\AudioClip\NINJA_HEE HEE_a.mp3",".mp3","17763"
"Assets\AudioClip\NINJA_NYA NYA_a.mp3",".mp3","20898"
"Assets\AudioClip\NINJA_WHOO HOO_a.mp3",".mp3","15674"
"Assets\AudioClip\NINJA_YIKES_a.mp3",".mp3","17241"
"Assets\AudioClip\PERRY_GURGLE.mp3",".mp3","34080"
"Assets\AudioClip\PF Main Title TRK - loop.mp3",".mp3","428640"
"Assets\AudioClip\powerup.wav",".wav","79252"
"Assets\AudioClip\powerup_coin.wav",".wav","45182"
"Assets\AudioClip\pyro_fire_burst.wav",".wav","236910"
"Assets\AudioClip\rocket_exp.wav",".wav","166610"
"Assets\AudioClip\rocket_fire.wav",".wav","132818"
"Assets\AudioClip\rocket_impact_shield.wav",".wav","197276"
"Assets\AudioClip\rocket_lp.wav",".wav","96962"
"Assets\AudioClip\scene_whoosh_01.wav",".wav","161926"
"Assets\AudioClip\scene_whoosh_02.wav",".wav","147040"
"Assets\AudioClip\scene_whoosh_03.wav",".wav","113622"
"Assets\AudioClip\Shield Activate.mp3",".mp3","45600"
"Assets\AudioClip\SI-6037_08_05.wav",".wav","77616"
"Assets\AudioClip\Success_Fanfare.wav",".wav","377348"
"Assets\AudioClip\SUPER SPEEDWAY OSCAR VO AHH_02.mp3",".mp3","9600"
"Assets\AudioClip\SUPER SPEEDWAY OSCAR VO AWW_02.mp3",".mp3","18240"
"Assets\AudioClip\SUPER SPEEDWAY OSCAR VO HAA HAA_03.mp3",".mp3","30720"
"Assets\AudioClip\SUPER SPEEDWAY OSCAR VO NYA NYA_02.mp3",".mp3","24960"
"Assets\AudioClip\SUPER SPEEDWAY OSCAR VO WAHHH WAHHH_04.mp3",".mp3","33600"
"Assets\AudioClip\SUPER SPEEDWAY OSCAR VO WHOOOOO_01.mp3",".mp3","30720"
"Assets\AudioClip\the-movement-loop01.mp3",".mp3","290482"
"Assets\AudioClip\tire_squeal_lp_01.wav",".wav","389420"
"Assets\AudioClip\UH_OH_MABEL_b.mp3",".mp3","11040"
"Assets\AudioClip\ui_buy_button_press.wav",".wav","47826"
"Assets\AudioClip\ui_coins_added.wav",".wav","59680"
"Assets\AudioClip\ui_select.wav",".wav","6680"
"Assets\AudioClip\ui_shift_01.wav",".wav","26850"
"Assets\AudioClip\ui_shift_02.wav",".wav","47768"
"Assets\AudioClip\ui_shift_03.wav",".wav","49818"
"Assets\AudioClip\WHOO_HOO_MABEL_a.mp3",".mp3","20160"
"Assets\AudioClip\wrong_way_buzzer.wav",".wav","48240"
"Assets\AudioClip\YIKES_MABEL_a.mp3",".mp3","13920"
"Assets\AudioManager\AudioManager.json",".json","196"
"Assets\BuildSettings\BuildSettings.json",".json","7386"
"Assets\DelayedCallManager\DelayedCallManager.json",".json","23"
"Assets\EditorBuildSettings\EditorBuildSettings.json",".json","1604"
"Assets\EditorSettings\EditorSettings.json",".json","244"
"Assets\Font\Arial.json",".json","2482"
"Assets\Font\Cabin-SemiBold.otf",".otf","54364"
"Assets\Font\CCUpUpAndAway.json",".json","121047"
"Assets\Font\VAG Rounded Black.otf",".otf","30508"
"Assets\GraphicsSettings\GraphicsSettings.json",".json","108"
"Assets\InputManager\InputManager.json",".json","2469"
"Assets\LightProbes\LightProbes.json",".json","971542"
"Assets\MasterServerInterface\MasterServerInterface.json",".json","23"
"Assets\Mesh\2-4_Lane_Corner_a_000.glb",".glb","9052"
"Assets\Mesh\2-4_Lane_Corner_a_001.glb",".glb","11920"
"Assets\Mesh\2-4_Lane_Corner_a_001_0.glb",".glb","4056"
"Assets\Mesh\2-4_Lane_Corner_a_002.glb",".glb","11928"
"Assets\Mesh\2-4_Lane_Corner_a_003.glb",".glb","10936"
"Assets\Mesh\2-4_Lane_Corner_a_004.glb",".glb","10940"
"Assets\Mesh\2-4_Lane_Corner_a_005.glb",".glb","9024"
"Assets\Mesh\2-4_Lane_Corner_a_007.glb",".glb","2912"
"Assets\Mesh\2-4_Lane_Corner_a_009.glb",".glb","4392"
"Assets\Mesh\2-Lane_Street_000.glb",".glb","3404"
"Assets\Mesh\2-Lane_Street_001.glb",".glb","145628"
"Assets\Mesh\2-Lane_Street_001_0.glb",".glb","3404"
"Assets\Mesh\2-Lane_Street_002.glb",".glb","3636"
"Assets\Mesh\2-Lane_Street_012.glb",".glb","98108"
"Assets\Mesh\2-Lane_Street_013.glb",".glb","44256"
"Assets\Mesh\2_Lane_Corner_a_001.glb",".glb","3716"
"Assets\Mesh\2_Lane_Corner_a_002.glb",".glb","3716"
"Assets\Mesh\2_Lane_Corner_a_003.glb",".glb","3724"
"Assets\Mesh\2_Lane_End_Cap_001.glb",".glb","4172"
"Assets\Mesh\4-Lane_Corner_001.glb",".glb","4648"
"Assets\Mesh\4-Lane_Corner_001_0.glb",".glb","4640"
"Assets\Mesh\4-Lane_Corner_002.glb",".glb","4640"
"Assets\Mesh\4-Lane_Corner_003.glb",".glb","4640"
"Assets\Mesh\4-Lane_Corner_004.glb",".glb","65536"
"Assets\Mesh\4-Lane_Corner_004_0.glb",".glb","4640"
"Assets\Mesh\4-Lane_Corner_005.glb",".glb","4640"
"Assets\Mesh\4-Lane_Street_001.glb",".glb","3376"
"Assets\Mesh\4-Lane_Street_001_0.glb",".glb","7148"
"Assets\Mesh\4-Lane_Street_002.glb",".glb","3392"
"Assets\Mesh\4-Lane_Street_003.glb",".glb","3396"
"Assets\Mesh\4-Lane_Street_004.glb",".glb","8080"
"Assets\Mesh\4-Lane_Street_004_collision.glb",".glb","5536"
"Assets\Mesh\4-Lane_Street_005.glb",".glb","8004"
"Assets\Mesh\4-Lane_Street_007.glb",".glb","6676"
"Assets\Mesh\4-Lane_Street_011.glb",".glb","3348"
"Assets\Mesh\4-Lane_Street_012.glb",".glb","8004"
"Assets\Mesh\4-Lane_Street_012_0.glb",".glb","3396"
"Assets\Mesh\4-Lane_Street_014.glb",".glb","3396"
"Assets\Mesh\4-Lane_Street_015.glb",".glb","2204"
"Assets\Mesh\4-Lane_Street_020.glb",".glb","53796"
"Assets\Mesh\4-Lane_Tunnel_001.glb",".glb","6536"
"Assets\Mesh\4-Lane_Tunnel_002.glb",".glb","6544"
"Assets\Mesh\4-Lane_Tunnel_003.glb",".glb","2196"
"Assets\Mesh\4_Lane_End_Cap_001.glb",".glb","4176"
"Assets\Mesh\4_Lane_End_Cap_002.glb",".glb","4176"
"Assets\Mesh\4_Lane_End_Cap_003.glb",".glb","4160"
"Assets\Mesh\4_Lane_End_Cap_003_0.glb",".glb","4176"
"Assets\Mesh\4_Lane_End_Cap_005.glb",".glb","4160"
"Assets\Mesh\4_Lane_End_Cap_a_002.glb",".glb","4220"
"Assets\Mesh\4_Lane_End_Cap_a_004.glb",".glb","9336"
"Assets\Mesh\4_Lane_End_Cap_a_005.glb",".glb","3692"
"Assets\Mesh\4_Lane_End_Cap_a_006.glb",".glb","4220"
"Assets\Mesh\4_Lane_End_Cap_a_006_0.glb",".glb","3840"
"Assets\Mesh\4_Lane_End_Cap_a_007.glb",".glb","3844"
"Assets\Mesh\4_Lane_End_Cap_a_007_0.glb",".glb","3696"
"Assets\Mesh\4_Lane_End_Cap_a_008.glb",".glb","3696"
"Assets\Mesh\4_Lane_End_Cap_a_009.glb",".glb","3840"
"Assets\Mesh\4_Lane_End_Cap_a_010.glb",".glb","3692"
"Assets\Mesh\4_Lane_End_Cap_a_011.glb",".glb","3692"
"Assets\Mesh\4_Lane_End_Cap_a_012.glb",".glb","3840"
"Assets\Mesh\4_Lane_End_Cap_a_013.glb",".glb","3696"
"Assets\Mesh\4_Lane_End_Cap_a_014.glb",".glb","3724"
"Assets\Mesh\4_Lane_End_Cap_a_015.glb",".glb","3844"
"Assets\Mesh\4_Lane_End_Cap_a_016.glb",".glb","3844"
"Assets\Mesh\4_Lane_End_Cap_a_017.glb",".glb","4220"
"Assets\Mesh\4_Lane_End_Cap_a_022.glb",".glb","4220"
"Assets\Mesh\4_Lane_End_Cap_a_022_0.glb",".glb","4220"
"Assets\Mesh\a.glb",".glb","35376"
"Assets\Mesh\Arrow_Sign.glb",".glb","3160"
"Assets\Mesh\BEA.glb",".glb","74936"
"Assets\Mesh\belt.glb",".glb","4136"
"Assets\Mesh\belt_0.glb",".glb","3844"
"Assets\Mesh\belt_1.glb",".glb","3848"
"Assets\Mesh\belt_10.glb",".glb","3840"
"Assets\Mesh\belt_11.glb",".glb","3032"
"Assets\Mesh\belt_12.glb",".glb","3840"
"Assets\Mesh\belt_13.glb",".glb","3844"
"Assets\Mesh\belt_2.glb",".glb","3840"
"Assets\Mesh\belt_3.glb",".glb","3996"
"Assets\Mesh\belt_4.glb",".glb","3844"
"Assets\Mesh\belt_5.glb",".glb","3844"
"Assets\Mesh\belt_6.glb",".glb","4140"
"Assets\Mesh\belt_7.glb",".glb","3840"
"Assets\Mesh\belt_8.glb",".glb","3844"
"Assets\Mesh\belt_9.glb",".glb","3836"
"Assets\Mesh\blue_crate_open.glb",".glb","4556"
"Assets\Mesh\body.glb",".glb","12860"
"Assets\Mesh\body_0.glb",".glb","24728"
"Assets\Mesh\body_1.glb",".glb","16660"
"Assets\Mesh\body_10.glb",".glb","28908"
"Assets\Mesh\body_11.glb",".glb","28792"
"Assets\Mesh\body_12.glb",".glb","29932"
"Assets\Mesh\body_13.glb",".glb","28428"
"Assets\Mesh\body_14.glb",".glb","28044"
"Assets\Mesh\body_15.glb",".glb","23468"
"Assets\Mesh\body_16.glb",".glb","27500"
"Assets\Mesh\body_17.glb",".glb","18704"
"Assets\Mesh\body_2.glb",".glb","7292"
"Assets\Mesh\body_3.glb",".glb","12860"
"Assets\Mesh\body_4.glb",".glb","24728"
"Assets\Mesh\body_5.glb",".glb","27500"
"Assets\Mesh\body_6.glb",".glb","18704"
"Assets\Mesh\body_7.glb",".glb","23084"
"Assets\Mesh\body_8.glb",".glb","23468"
"Assets\Mesh\body_9.glb",".glb","27976"
"Assets\Mesh\boulder1.glb",".glb","5584"
"Assets\Mesh\boulder_004.glb",".glb","7816"
"Assets\Mesh\brad.glb",".glb","81308"
"Assets\Mesh\Bridge.glb",".glb","18120"
"Assets\Mesh\bridge_0.glb",".glb","9784"
"Assets\Mesh\bridge_column.glb",".glb","4112"
"Assets\Mesh\Capsule.glb",".glb","28760"
"Assets\Mesh\clam_bottom_lip.glb",".glb","4264"
"Assets\Mesh\clam_upper_lip.glb",".glb","4268"
"Assets\Mesh\coin.glb",".glb","4660"
"Assets\Mesh\Combined Mesh (root_ scene).glb",".glb","1114176"
"Assets\Mesh\Combined Mesh (root_ scene)_0.glb",".glb","842636"
"Assets\Mesh\Combined Mesh (root_ scene)_1.glb",".glb","1489304"
"Assets\Mesh\Combined Mesh (root_ scene)_10.glb",".glb","113492"
"Assets\Mesh\Combined Mesh (root_ scene)_2.glb",".glb","1122500"
"Assets\Mesh\Combined Mesh (root_ scene)_3.glb",".glb","1510644"
"Assets\Mesh\Combined Mesh (root_ scene)_4.glb",".glb","4001860"
"Assets\Mesh\Combined Mesh (root_ scene)_5.glb",".glb","836840"
"Assets\Mesh\Combined Mesh (root_ scene)_6.glb",".glb","1105128"
"Assets\Mesh\Combined Mesh (root_ scene)_7.glb",".glb","809812"
"Assets\Mesh\Combined Mesh (root_ scene)_8.glb",".glb","1106904"
"Assets\Mesh\Combined Mesh (root_ scene)_9.glb",".glb","1021676"
"Assets\Mesh\connect_road_collision.glb",".glb","147568"
"Assets\Mesh\cras.glb",".glb","102316"
"Assets\Mesh\Cube.glb",".glb","2816"
"Assets\Mesh\Cube_0.glb",".glb","3412"
"Assets\Mesh\Cube_001.glb",".glb","12996"
"Assets\Mesh\Cube_004.glb",".glb","10004"
"Assets\Mesh\Cube_1.glb",".glb","3416"
"Assets\Mesh\cybertunnel_1.glb",".glb","17664"
"Assets\Mesh\cyber_tunnel2.glb",".glb","26036"
"Assets\Mesh\cyber_tunnel_3.glb",".glb","17936"
"Assets\Mesh\Cylinder.glb",".glb","7032"
"Assets\Mesh\Cylinder_0.glb",".glb","4056"
"Assets\Mesh\Cylinder_1.glb",".glb","9652"
"Assets\Mesh\Dipper.glb",".glb","94796"
"Assets\Mesh\dirt_road.glb",".glb","456416"
"Assets\Mesh\dirt_road2.glb",".glb","81680"
"Assets\Mesh\dirt_road2_0.glb",".glb","67080"
"Assets\Mesh\dirt_road_main_collsision.glb",".glb","518132"
"Assets\Mesh\dirt_road__1_collsion.glb",".glb","548684"
"Assets\Mesh\Doofenshmirtz.glb",".glb","17048"
"Assets\Mesh\Down_Ramp.json",".json","3433"
"Assets\Mesh\Drawbridge_000.glb",".glb","43488"
"Assets\Mesh\Drawbridge_001.glb",".glb","43600"
"Assets\Mesh\Drawbridge_003.glb",".glb","43604"
"Assets\Mesh\Drawbridge_005.glb",".glb","43604"
"Assets\Mesh\fancy_buiilding_E.glb",".glb","5324"
"Assets\Mesh\fancy_building_A.glb",".glb","4856"
"Assets\Mesh\fancy_building_B.glb",".glb","6468"
"Assets\Mesh\fancy_building_C.glb",".glb","14884"
"Assets\Mesh\Fence.glb",".glb","4872"
"Assets\Mesh\Ferb.glb",".glb","92884"
"Assets\Mesh\Fishtankia_Tree_01.glb",".glb","23188"
"Assets\Mesh\flagpole.glb",".glb","3564"
"Assets\Mesh\front_wheel.glb",".glb","8864"
"Assets\Mesh\front_wheel_0.glb",".glb","8864"
"Assets\Mesh\front_wheel_001.glb",".glb","8868"
"Assets\Mesh\front_wheel_1.glb",".glb","8864"
"Assets\Mesh\front_wheel_10.glb",".glb","8864"
"Assets\Mesh\front_wheel_11.glb",".glb","8864"
"Assets\Mesh\front_wheel_12.glb",".glb","8868"
"Assets\Mesh\front_wheel_13.glb",".glb","8864"
"Assets\Mesh\front_wheel_14.glb",".glb","8864"
"Assets\Mesh\front_wheel_15.glb",".glb","8868"
"Assets\Mesh\front_wheel_16.glb",".glb","8864"
"Assets\Mesh\front_wheel_17.glb",".glb","8864"
"Assets\Mesh\front_wheel_18.glb",".glb","8864"
"Assets\Mesh\front_wheel_19.glb",".glb","8868"
"Assets\Mesh\front_wheel_2.glb",".glb","8864"
"Assets\Mesh\front_wheel_3.glb",".glb","8864"
"Assets\Mesh\front_wheel_4.glb",".glb","8864"
"Assets\Mesh\front_wheel_5.glb",".glb","8864"
"Assets\Mesh\front_wheel_6.glb",".glb","8864"
"Assets\Mesh\front_wheel_7.glb",".glb","8864"
"Assets\Mesh\front_wheel_8.glb",".glb","8864"
"Assets\Mesh\front_wheel_9.glb",".glb","8864"
"Assets\Mesh\GoalPosts.glb",".glb","16404"
"Assets\Mesh\gsfgrg.glb",".glb","56388"
"Assets\Mesh\gsfgrg_001.glb",".glb","5436"
"Assets\Mesh\gsfgrg_002.glb",".glb","3252"
"Assets\Mesh\gsfgrg_003.glb",".glb","2024"
"Assets\Mesh\gunther.glb",".glb","79088"
"Assets\Mesh\Half_Circle.json",".json","3435"
"Assets\Mesh\head_003.glb",".glb","94076"
"Assets\Mesh\highway_sign.glb",".glb","4072"
"Assets\Mesh\hill_face.glb",".glb","1976"
"Assets\Mesh\hill_mesh_complete.glb",".glb","5452"
"Assets\Mesh\Hiway_Curve.json",".json","3435"
"Assets\Mesh\house1.glb",".glb","3284"
"Assets\Mesh\house2.glb",".glb","3172"
"Assets\Mesh\houses3.glb",".glb","3228"
"Assets\Mesh\houses4.glb",".glb","3172"
"Assets\Mesh\icosahedron.glb",".glb","1412"
"Assets\Mesh\Icosphere.glb",".glb","2496"
"Assets\Mesh\inline_ramp.glb",".glb","3144"
"Assets\Mesh\interior.glb",".glb","28312"
"Assets\Mesh\interior_0.glb",".glb","43484"
"Assets\Mesh\interior_1.glb",".glb","36820"
"Assets\Mesh\interior_10.glb",".glb","39272"
"Assets\Mesh\interior_11.glb",".glb","39272"
"Assets\Mesh\interior_12.glb",".glb","39272"
"Assets\Mesh\interior_13.glb",".glb","28312"
"Assets\Mesh\interior_14.glb",".glb","28312"
"Assets\Mesh\interior_15.glb",".glb","36820"
"Assets\Mesh\interior_16.glb",".glb","28312"
"Assets\Mesh\interior_17.glb",".glb","37080"
"Assets\Mesh\interior_2.glb",".glb","51988"
"Assets\Mesh\interior_3.glb",".glb","45584"
"Assets\Mesh\interior_4.glb",".glb","28312"
"Assets\Mesh\interior_5.glb",".glb","36820"
"Assets\Mesh\interior_6.glb",".glb","36820"
"Assets\Mesh\interior_7.glb",".glb","39272"
"Assets\Mesh\interior_8.glb",".glb","39272"
"Assets\Mesh\interior_9.glb",".glb","45684"
"Assets\Mesh\kart_bea.glb",".glb","55108"
"Assets\Mesh\kart_brad.glb",".glb","80828"
"Assets\Mesh\kart_dipper.glb",".glb","83760"
"Assets\Mesh\kart_ferb.glb",".glb","90388"
"Assets\Mesh\kart_gunther.glb",".glb","51888"
"Assets\Mesh\kart_kick.glb",".glb","51884"
"Assets\Mesh\kart_kick_0.glb",".glb","51884"
"Assets\Mesh\kart_mabel.glb",".glb","83756"
"Assets\Mesh\kart_mike.glb",".glb","80828"
"Assets\Mesh\kart_milo.glb",".glb","55108"
"Assets\Mesh\kart_oscar.glb",".glb","55108"
"Assets\Mesh\kart_perry.glb",".glb","90392"
"Assets\Mesh\kart_phineas.glb",".glb","90392"
"Assets\Mesh\kick.glb",".glb","48804"
"Assets\Mesh\Lane_Street_highway_000.glb",".glb","123952"
"Assets\Mesh\Lane_Street_highway_001.glb",".glb","7408"
"Assets\Mesh\laser.glb",".glb","1484"
"Assets\Mesh\left_wheel.glb",".glb","8864"
"Assets\Mesh\left_wheel_0.glb",".glb","8864"
"Assets\Mesh\left_wheel_1.glb",".glb","8864"
"Assets\Mesh\left_wheel_10.glb",".glb","8864"
"Assets\Mesh\left_wheel_11.glb",".glb","8864"
"Assets\Mesh\left_wheel_12.glb",".glb","8864"
"Assets\Mesh\left_wheel_13.glb",".glb","8864"
"Assets\Mesh\left_wheel_14.glb",".glb","8864"
"Assets\Mesh\left_wheel_15.glb",".glb","8864"
"Assets\Mesh\left_wheel_16.glb",".glb","8864"
"Assets\Mesh\left_wheel_17.glb",".glb","8864"
"Assets\Mesh\left_wheel_18.glb",".glb","8864"
"Assets\Mesh\left_wheel_2.glb",".glb","8864"
"Assets\Mesh\left_wheel_3.glb",".glb","8864"
"Assets\Mesh\left_wheel_4.glb",".glb","8864"
"Assets\Mesh\left_wheel_5.glb",".glb","8864"
"Assets\Mesh\left_wheel_6.glb",".glb","8864"
"Assets\Mesh\left_wheel_7.glb",".glb","8864"
"Assets\Mesh\left_wheel_8.glb",".glb","8864"
"Assets\Mesh\left_wheel_9.glb",".glb","8864"
"Assets\Mesh\Lift.glb",".glb","7772"
"Assets\Mesh\light.glb",".glb","4156"
"Assets\Mesh\lockers.glb",".glb","2400"
"Assets\Mesh\Mabel.glb",".glb","83180"
"Assets\Mesh\main_road_collsion.glb",".glb","1020524"
"Assets\Mesh\Mesh.glb",".glb","1048"
"Assets\Mesh\Mesh_0.glb",".glb","1056"
"Assets\Mesh\Mesh_011.glb",".glb","3604"
"Assets\Mesh\Mesh_015.glb",".glb","3572"
"Assets\Mesh\Mesh_019.glb",".glb","10488"
"Assets\Mesh\Mesh_020.glb",".glb","10224"
"Assets\Mesh\Mesh_1.glb",".glb","1044"
"Assets\Mesh\Mesh_10.glb",".glb","1056"
"Assets\Mesh\Mesh_100.glb",".glb","1096"
"Assets\Mesh\Mesh_101.glb",".glb","1060"
"Assets\Mesh\Mesh_102.glb",".glb","1436"
"Assets\Mesh\Mesh_103.glb",".glb","1060"
"Assets\Mesh\Mesh_104.glb",".glb","1052"
"Assets\Mesh\Mesh_105.glb",".glb","1052"
"Assets\Mesh\Mesh_106.glb",".glb","1444"
"Assets\Mesh\Mesh_107.glb",".glb","1444"
"Assets\Mesh\Mesh_108.glb",".glb","1060"
"Assets\Mesh\Mesh_109.glb",".glb","1060"
"Assets\Mesh\Mesh_11.glb",".glb","1060"
"Assets\Mesh\Mesh_110.glb",".glb","1044"
"Assets\Mesh\Mesh_111.glb",".glb","1444"
"Assets\Mesh\Mesh_112.glb",".glb","1056"
"Assets\Mesh\Mesh_113.glb",".glb","1444"
"Assets\Mesh\Mesh_114.glb",".glb","1056"
"Assets\Mesh\Mesh_115.glb",".glb","1440"
"Assets\Mesh\Mesh_116.glb",".glb","1072"
"Assets\Mesh\Mesh_117.glb",".glb","1084"
"Assets\Mesh\Mesh_118.glb",".glb","1080"
"Assets\Mesh\Mesh_119.glb",".glb","1460"
"Assets\Mesh\Mesh_12.glb",".glb","1060"
"Assets\Mesh\Mesh_120.glb",".glb","1080"
"Assets\Mesh\Mesh_121.glb",".glb","1220"
"Assets\Mesh\Mesh_122.glb",".glb","1420"
"Assets\Mesh\Mesh_123.glb",".glb","1060"
"Assets\Mesh\Mesh_124.glb",".glb","1456"
"Assets\Mesh\Mesh_125.glb",".glb","1048"
"Assets\Mesh\Mesh_126.glb",".glb","1080"
"Assets\Mesh\Mesh_127.glb",".glb","1460"
"Assets\Mesh\Mesh_128.glb",".glb","1220"
"Assets\Mesh\Mesh_129.glb",".glb","1048"
"Assets\Mesh\Mesh_13.glb",".glb","1096"
"Assets\Mesh\Mesh_130.glb",".glb","1440"
"Assets\Mesh\Mesh_131.glb",".glb","1408"
"Assets\Mesh\Mesh_132.glb",".glb","1456"
"Assets\Mesh\Mesh_133.glb",".glb","1432"
"Assets\Mesh\Mesh_134.glb",".glb","1072"
"Assets\Mesh\Mesh_135.glb",".glb","1088"
"Assets\Mesh\Mesh_136.glb",".glb","1456"
"Assets\Mesh\Mesh_137.glb",".glb","1460"
"Assets\Mesh\Mesh_138.glb",".glb","1080"
"Assets\Mesh\Mesh_139.glb",".glb","1084"
"Assets\Mesh\Mesh_14.glb",".glb","1060"
"Assets\Mesh\Mesh_140.glb",".glb","1084"
"Assets\Mesh\Mesh_141.glb",".glb","1048"
"Assets\Mesh\Mesh_142.glb",".glb","1460"
"Assets\Mesh\Mesh_143.glb",".glb","1220"
"Assets\Mesh\Mesh_144.glb",".glb","1460"
"Assets\Mesh\Mesh_145.glb",".glb","1460"
"Assets\Mesh\Mesh_146.glb",".glb","1080"
"Assets\Mesh\Mesh_147.glb",".glb","1432"
"Assets\Mesh\Mesh_148.glb",".glb","1080"
"Assets\Mesh\Mesh_149.glb",".glb","1456"
"Assets\Mesh\Mesh_15.glb",".glb","1444"
"Assets\Mesh\Mesh_150.glb",".glb","1456"
"Assets\Mesh\Mesh_151.glb",".glb","1080"
"Assets\Mesh\Mesh_152.glb",".glb","1048"
"Assets\Mesh\Mesh_153.glb",".glb","1456"
"Assets\Mesh\Mesh_154.glb",".glb","1056"
"Assets\Mesh\Mesh_155.glb",".glb","1044"
"Assets\Mesh\Mesh_156.glb",".glb","1060"
"Assets\Mesh\Mesh_157.glb",".glb","1052"
"Assets\Mesh\Mesh_158.glb",".glb","1440"
"Assets\Mesh\Mesh_159.glb",".glb","1440"
"Assets\Mesh\Mesh_16.glb",".glb","1052"
"Assets\Mesh\Mesh_160.glb",".glb","1064"
"Assets\Mesh\Mesh_161.glb",".glb","1444"
"Assets\Mesh\Mesh_162.glb",".glb","1048"
"Assets\Mesh\Mesh_163.glb",".glb","1068"
"Assets\Mesh\Mesh_164.glb",".glb","1048"
"Assets\Mesh\Mesh_165.glb",".glb","1068"
"Assets\Mesh\Mesh_166.glb",".glb","1068"
"Assets\Mesh\Mesh_167.glb",".glb","1096"
"Assets\Mesh\Mesh_168.glb",".glb","1060"
"Assets\Mesh\Mesh_169.glb",".glb","1444"
"Assets\Mesh\Mesh_17.glb",".glb","1444"
"Assets\Mesh\Mesh_170.glb",".glb","1052"
"Assets\Mesh\Mesh_171.glb",".glb","1440"
"Assets\Mesh\Mesh_172.glb",".glb","1444"
"Assets\Mesh\Mesh_173.glb",".glb","1440"
"Assets\Mesh\Mesh_174.glb",".glb","1436"
"Assets\Mesh\Mesh_175.glb",".glb","1032"
"Assets\Mesh\Mesh_176.glb",".glb","1052"
"Assets\Mesh\Mesh_177.glb",".glb","1056"
"Assets\Mesh\Mesh_178.glb",".glb","1060"
"Assets\Mesh\Mesh_179.glb",".glb","1048"
"Assets\Mesh\Mesh_18.glb",".glb","1444"
"Assets\Mesh\Mesh_180.glb",".glb","1056"
"Assets\Mesh\Mesh_181.glb",".glb","1408"
"Assets\Mesh\Mesh_182.glb",".glb","1404"
"Assets\Mesh\Mesh_183.glb",".glb","1056"
"Assets\Mesh\Mesh_184.glb",".glb","1052"
"Assets\Mesh\Mesh_185.glb",".glb","1068"
"Assets\Mesh\Mesh_186.glb",".glb","1044"
"Assets\Mesh\Mesh_187.glb",".glb","1064"
"Assets\Mesh\Mesh_188.glb",".glb","1408"
"Assets\Mesh\Mesh_189.glb",".glb","1408"
"Assets\Mesh\Mesh_19.glb",".glb","1440"
"Assets\Mesh\Mesh_190.glb",".glb","1068"
"Assets\Mesh\Mesh_191.glb",".glb","1436"
"Assets\Mesh\Mesh_192.glb",".glb","1060"
"Assets\Mesh\Mesh_193.glb",".glb","1096"
"Assets\Mesh\Mesh_194.glb",".glb","1068"
"Assets\Mesh\Mesh_195.glb",".glb","1416"
"Assets\Mesh\Mesh_196.glb",".glb","1032"
"Assets\Mesh\Mesh_197.glb",".glb","1416"
"Assets\Mesh\Mesh_198.glb",".glb","1052"
"Assets\Mesh\Mesh_199.glb",".glb","1416"
"Assets\Mesh\Mesh_2.glb",".glb","1060"
"Assets\Mesh\Mesh_20.glb",".glb","1436"
"Assets\Mesh\Mesh_200.glb",".glb","1052"
"Assets\Mesh\Mesh_201.glb",".glb","1060"
"Assets\Mesh\Mesh_202.glb",".glb","1060"
"Assets\Mesh\Mesh_203.glb",".glb","1444"
"Assets\Mesh\Mesh_204.glb",".glb","1052"
"Assets\Mesh\Mesh_205.glb",".glb","1444"
"Assets\Mesh\Mesh_206.glb",".glb","1436"
"Assets\Mesh\Mesh_207.glb",".glb","1444"
"Assets\Mesh\Mesh_208.glb",".glb","1096"
"Assets\Mesh\Mesh_209.glb",".glb","1032"
"Assets\Mesh\Mesh_21.glb",".glb","1032"
"Assets\Mesh\Mesh_210.glb",".glb","1056"
"Assets\Mesh\Mesh_211.glb",".glb","1064"
"Assets\Mesh\Mesh_212.glb",".glb","1444"
"Assets\Mesh\Mesh_213.glb",".glb","1440"
"Assets\Mesh\Mesh_214.glb",".glb","1444"
"Assets\Mesh\Mesh_215.glb",".glb","1052"
"Assets\Mesh\Mesh_216.glb",".glb","1056"
"Assets\Mesh\Mesh_217.glb",".glb","1444"
"Assets\Mesh\Mesh_218.glb",".glb","1060"
"Assets\Mesh\Mesh_219.glb",".glb","1060"
"Assets\Mesh\Mesh_22.glb",".glb","1052"
"Assets\Mesh\Mesh_220.glb",".glb","1060"
"Assets\Mesh\Mesh_221.glb",".glb","1056"
"Assets\Mesh\Mesh_222.glb",".glb","1044"
"Assets\Mesh\Mesh_223.glb",".glb","1052"
"Assets\Mesh\Mesh_224.glb",".glb","1060"
"Assets\Mesh\Mesh_225.glb",".glb","1444"
"Assets\Mesh\Mesh_226.glb",".glb","1444"
"Assets\Mesh\Mesh_227.glb",".glb","1444"
"Assets\Mesh\Mesh_228.glb",".glb","1056"
"Assets\Mesh\Mesh_229.glb",".glb","1060"
"Assets\Mesh\Mesh_23.glb",".glb","1048"
"Assets\Mesh\Mesh_230.glb",".glb","1056"
"Assets\Mesh\Mesh_231.glb",".glb","1060"
"Assets\Mesh\Mesh_232.glb",".glb","1444"
"Assets\Mesh\Mesh_233.glb",".glb","1044"
"Assets\Mesh\Mesh_234.glb",".glb","1436"
"Assets\Mesh\Mesh_235.glb",".glb","1060"
"Assets\Mesh\Mesh_236.glb",".glb","1056"
"Assets\Mesh\Mesh_237.glb",".glb","1064"
"Assets\Mesh\Mesh_238.glb",".glb","1096"
"Assets\Mesh\Mesh_239.glb",".glb","1060"
"Assets\Mesh\Mesh_24.glb",".glb","1060"
"Assets\Mesh\Mesh_240.glb",".glb","1032"
"Assets\Mesh\Mesh_241.glb",".glb","1052"
"Assets\Mesh\Mesh_242.glb",".glb","1440"
"Assets\Mesh\Mesh_243.glb",".glb","1052"
"Assets\Mesh\Mesh_244.glb",".glb","1052"
"Assets\Mesh\Mesh_245.glb",".glb","1444"
"Assets\Mesh\Mesh_246.glb",".glb","1444"
"Assets\Mesh\Mesh_247.glb",".glb","1052"
"Assets\Mesh\Mesh_248.glb",".glb","1060"
"Assets\Mesh\Mesh_249.glb",".glb","1396"
"Assets\Mesh\Mesh_25.glb",".glb","1048"
"Assets\Mesh\Mesh_250.glb",".glb","1436"
"Assets\Mesh\Mesh_251.glb",".glb","1444"
"Assets\Mesh\Mesh_252.glb",".glb","1444"
"Assets\Mesh\Mesh_253.glb",".glb","1032"
"Assets\Mesh\Mesh_254.glb",".glb","1056"
"Assets\Mesh\Mesh_255.glb",".glb","1060"
"Assets\Mesh\Mesh_256.glb",".glb","1444"
"Assets\Mesh\Mesh_257.glb",".glb","1060"
"Assets\Mesh\Mesh_258.glb",".glb","1444"
"Assets\Mesh\Mesh_259.glb",".glb","1060"
"Assets\Mesh\Mesh_26.glb",".glb","1056"
"Assets\Mesh\Mesh_260.glb",".glb","1444"
"Assets\Mesh\Mesh_261.glb",".glb","1444"
"Assets\Mesh\Mesh_262.glb",".glb","1052"
"Assets\Mesh\Mesh_263.glb",".glb","1064"
"Assets\Mesh\Mesh_264.glb",".glb","1096"
"Assets\Mesh\Mesh_265.glb",".glb","1060"
"Assets\Mesh\Mesh_266.glb",".glb","1052"
"Assets\Mesh\Mesh_267.glb",".glb","1056"
"Assets\Mesh\Mesh_268.glb",".glb","1056"
"Assets\Mesh\Mesh_269.glb",".glb","1044"
"Assets\Mesh\Mesh_27.glb",".glb","1440"
"Assets\Mesh\Mesh_270.glb",".glb","1096"
"Assets\Mesh\Mesh_271.glb",".glb","1048"
"Assets\Mesh\Mesh_272.glb",".glb","1444"
"Assets\Mesh\Mesh_273.glb",".glb","1064"
"Assets\Mesh\Mesh_274.glb",".glb","1060"
"Assets\Mesh\Mesh_275.glb",".glb","1048"
"Assets\Mesh\Mesh_276.glb",".glb","1056"
"Assets\Mesh\Mesh_277.glb",".glb","1440"
"Assets\Mesh\Mesh_278.glb",".glb","1048"
"Assets\Mesh\Mesh_279.glb",".glb","1044"
"Assets\Mesh\Mesh_28.glb",".glb","1440"
"Assets\Mesh\Mesh_280.glb",".glb","1052"
"Assets\Mesh\Mesh_281.glb",".glb","1444"
"Assets\Mesh\Mesh_282.glb",".glb","1444"
"Assets\Mesh\Mesh_283.glb",".glb","1060"
"Assets\Mesh\Mesh_284.glb",".glb","1060"
"Assets\Mesh\Mesh_285.glb",".glb","1436"
"Assets\Mesh\Mesh_286.glb",".glb","1052"
"Assets\Mesh\Mesh_287.glb",".glb","1444"
"Assets\Mesh\Mesh_288.glb",".glb","1032"
"Assets\Mesh\Mesh_289.glb",".glb","1444"
"Assets\Mesh\Mesh_29.glb",".glb","1048"
"Assets\Mesh\Mesh_290.glb",".glb","1444"
"Assets\Mesh\Mesh_291.glb",".glb","1052"
"Assets\Mesh\Mesh_292.glb",".glb","1060"
"Assets\Mesh\Mesh_293.glb",".glb","1060"
"Assets\Mesh\Mesh_294.glb",".glb","1116"
"Assets\Mesh\Mesh_295.glb",".glb","1116"
"Assets\Mesh\Mesh_296.glb",".glb","1224"
"Assets\Mesh\Mesh_297.glb",".glb","1080"
"Assets\Mesh\Mesh_298.glb",".glb","1116"
"Assets\Mesh\Mesh_299.glb",".glb","1052"
"Assets\Mesh\Mesh_3.glb",".glb","1052"
"Assets\Mesh\Mesh_30.glb",".glb","1052"
"Assets\Mesh\Mesh_300.glb",".glb","1092"
"Assets\Mesh\Mesh_301.glb",".glb","1044"
"Assets\Mesh\Mesh_302.glb",".glb","1116"
"Assets\Mesh\Mesh_303.glb",".glb","1036"
"Assets\Mesh\Mesh_304.glb",".glb","1088"
"Assets\Mesh\Mesh_305.glb",".glb","1116"
"Assets\Mesh\Mesh_306.glb",".glb","1076"
"Assets\Mesh\Mesh_307.glb",".glb","1080"
"Assets\Mesh\Mesh_308.glb",".glb","1048"
"Assets\Mesh\Mesh_31.glb",".glb","1068"
"Assets\Mesh\Mesh_32.glb",".glb","1044"
"Assets\Mesh\Mesh_33.glb",".glb","1064"
"Assets\Mesh\Mesh_34.glb",".glb","1440"
"Assets\Mesh\Mesh_35.glb",".glb","1440"
"Assets\Mesh\Mesh_36.glb",".glb","1068"
"Assets\Mesh\Mesh_37.glb",".glb","1436"
"Assets\Mesh\Mesh_38.glb",".glb","1060"
"Assets\Mesh\Mesh_39.glb",".glb","1096"
"Assets\Mesh\Mesh_4.glb",".glb","1444"
"Assets\Mesh\Mesh_40.glb",".glb","1068"
"Assets\Mesh\Mesh_41.glb",".glb","1444"
"Assets\Mesh\Mesh_42.glb",".glb","1032"
"Assets\Mesh\Mesh_43.glb",".glb","1444"
"Assets\Mesh\Mesh_44.glb",".glb","1052"
"Assets\Mesh\Mesh_45.glb",".glb","1444"
"Assets\Mesh\Mesh_46.glb",".glb","1052"
"Assets\Mesh\Mesh_47.glb",".glb","1068"
"Assets\Mesh\Mesh_48.glb",".glb","1440"
"Assets\Mesh\Mesh_49.glb",".glb","1060"
"Assets\Mesh\Mesh_5.glb",".glb","1444"
"Assets\Mesh\Mesh_50.glb",".glb","1064"
"Assets\Mesh\Mesh_51.glb",".glb","1048"
"Assets\Mesh\Mesh_52.glb",".glb","1444"
"Assets\Mesh\Mesh_53.glb",".glb","1052"
"Assets\Mesh\Mesh_54.glb",".glb","1052"
"Assets\Mesh\Mesh_55.glb",".glb","1444"
"Assets\Mesh\Mesh_56.glb",".glb","1068"
"Assets\Mesh\Mesh_57.glb",".glb","1436"
"Assets\Mesh\Mesh_58.glb",".glb","1440"
"Assets\Mesh\Mesh_59.glb",".glb","1048"
"Assets\Mesh\Mesh_6.glb",".glb","1064"
"Assets\Mesh\Mesh_60.glb",".glb","1440"
"Assets\Mesh\Mesh_61.glb",".glb","1056"
"Assets\Mesh\Mesh_62.glb",".glb","1032"
"Assets\Mesh\Mesh_63.glb",".glb","1052"
"Assets\Mesh\Mesh_64.glb",".glb","1068"
"Assets\Mesh\Mesh_65.glb",".glb","1440"
"Assets\Mesh\Mesh_66.glb",".glb","1060"
"Assets\Mesh\Mesh_67.glb",".glb","1044"
"Assets\Mesh\Mesh_68.glb",".glb","1096"
"Assets\Mesh\Mesh_69.glb",".glb","1444"
"Assets\Mesh\Mesh_7.glb",".glb","1444"
"Assets\Mesh\Mesh_70.glb",".glb","1052"
"Assets\Mesh\Mesh_71.glb",".glb","1064"
"Assets\Mesh\Mesh_72.glb",".glb","1032"
"Assets\Mesh\Mesh_73.glb",".glb","1052"
"Assets\Mesh\Mesh_74.glb",".glb","1444"
"Assets\Mesh\Mesh_75.glb",".glb","1048"
"Assets\Mesh\Mesh_76.glb",".glb","1060"
"Assets\Mesh\Mesh_77.glb",".glb","1060"
"Assets\Mesh\Mesh_78.glb",".glb","1044"
"Assets\Mesh\Mesh_79.glb",".glb","1096"
"Assets\Mesh\Mesh_8.glb",".glb","1056"
"Assets\Mesh\Mesh_80.glb",".glb","1068"
"Assets\Mesh\Mesh_81.glb",".glb","1436"
"Assets\Mesh\Mesh_82.glb",".glb","1444"
"Assets\Mesh\Mesh_83.glb",".glb","1440"
"Assets\Mesh\Mesh_84.glb",".glb","1440"
"Assets\Mesh\Mesh_85.glb",".glb","1440"
"Assets\Mesh\Mesh_86.glb",".glb","1068"
"Assets\Mesh\Mesh_87.glb",".glb","1068"
"Assets\Mesh\Mesh_88.glb",".glb","1444"
"Assets\Mesh\Mesh_89.glb",".glb","1056"
"Assets\Mesh\Mesh_9.glb",".glb","1060"
"Assets\Mesh\Mesh_90.glb",".glb","1440"
"Assets\Mesh\Mesh_91.glb",".glb","1048"
"Assets\Mesh\Mesh_92.glb",".glb","1052"
"Assets\Mesh\Mesh_93.glb",".glb","1060"
"Assets\Mesh\Mesh_94.glb",".glb","1444"
"Assets\Mesh\Mesh_95.glb",".glb","1032"
"Assets\Mesh\Mesh_96.glb",".glb","1056"
"Assets\Mesh\Mesh_97.glb",".glb","1064"
"Assets\Mesh\Mesh_98.glb",".glb","1444"
"Assets\Mesh\Mesh_99.glb",".glb","1052"
"Assets\Mesh\Mike.glb",".glb","78784"
"Assets\Mesh\MILO.glb",".glb","58324"
"Assets\Mesh\OSCAR.glb",".glb","81324"
"Assets\Mesh\pCylinder1.glb",".glb","7708"
"Assets\Mesh\Perry.glb",".glb","72672"
"Assets\Mesh\Phineas.glb",".glb","78100"
"Assets\Mesh\Pie.glb",".glb","18916"
"Assets\Mesh\Plane.glb",".glb","8232"
"Assets\Mesh\Plane_0.glb",".glb","7240"
"Assets\Mesh\Plane_001.glb",".glb","1720"
"Assets\Mesh\Plane_001_0.glb",".glb","1764"
"Assets\Mesh\Plane_002.glb",".glb","2468"
"Assets\Mesh\Plane_003.glb",".glb","1732"
"Assets\Mesh\Plane_1.glb",".glb","5208"
"Assets\Mesh\Plane_2.glb",".glb","1408"
"Assets\Mesh\Plane_3.glb",".glb","1776"
"Assets\Mesh\Plane_4.glb",".glb","3772"
"Assets\Mesh\Plane_5.glb",".glb","1408"
"Assets\Mesh\polySurface2.glb",".glb","25108"
"Assets\Mesh\pPlane1.glb",".glb","8244"
"Assets\Mesh\pSphere1.glb",".glb","26936"
"Assets\Mesh\punnel1.glb",".glb","13764"
"Assets\Mesh\punnel2.glb",".glb","15892"
"Assets\Mesh\punnel3.glb",".glb","17276"
"Assets\Mesh\punnel4.glb",".glb","20076"
"Assets\Mesh\pyramid.glb",".glb","1052"
"Assets\Mesh\p_tunnel_1.glb",".glb","27944"
"Assets\Mesh\p_tunnel_2.glb",".glb","20100"
"Assets\Mesh\p_tunnel_3.glb",".glb","20092"
"Assets\Mesh\p_tunnel_4.glb",".glb","23564"
"Assets\Mesh\Quad.glb",".glb","1424"
"Assets\Mesh\Quad_0.glb",".glb","1656"
"Assets\Mesh\ramp_down_collsion.glb",".glb","13400"
"Assets\Mesh\Red_Crate.glb",".glb","2900"
"Assets\Mesh\Red_Crate_open.glb",".glb","4556"
"Assets\Mesh\right_weel.glb",".glb","8864"
"Assets\Mesh\right_weel_0.glb",".glb","8864"
"Assets\Mesh\right_weel_1.glb",".glb","8864"
"Assets\Mesh\right_weel_2.glb",".glb","8864"
"Assets\Mesh\right_wheel.glb",".glb","8864"
"Assets\Mesh\right_wheel_0.glb",".glb","8864"
"Assets\Mesh\right_wheel_1.glb",".glb","8864"
"Assets\Mesh\right_wheel_10.glb",".glb","8864"
"Assets\Mesh\right_wheel_11.glb",".glb","8864"
"Assets\Mesh\right_wheel_12.glb",".glb","8864"
"Assets\Mesh\right_wheel_13.glb",".glb","8864"
"Assets\Mesh\right_wheel_14.glb",".glb","8864"
"Assets\Mesh\right_wheel_2.glb",".glb","8864"
"Assets\Mesh\right_wheel_3.glb",".glb","8864"
"Assets\Mesh\right_wheel_4.glb",".glb","8864"
"Assets\Mesh\right_wheel_5.glb",".glb","8864"
"Assets\Mesh\right_wheel_6.glb",".glb","8864"
"Assets\Mesh\right_wheel_7.glb",".glb","8864"
"Assets\Mesh\right_wheel_8.glb",".glb","8864"
"Assets\Mesh\right_wheel_9.glb",".glb","8864"
"Assets\Mesh\road1.glb",".glb","94128"
"Assets\Mesh\road2.glb",".glb","81992"
"Assets\Mesh\road4.glb",".glb","38416"
"Assets\Mesh\road_3.glb",".glb","32176"
"Assets\Mesh\Rock_2.glb",".glb","7564"
"Assets\Mesh\rollup_door.glb",".glb","1808"
"Assets\Mesh\roof.glb",".glb","1836"
"Assets\Mesh\school.glb",".glb","23756"
"Assets\Mesh\schoolbus.glb",".glb","3624"
"Assets\Mesh\school_left.glb",".glb","21124"
"Assets\Mesh\scoop.glb",".glb","3904"
"Assets\Mesh\SCOOP_0.glb",".glb","3188"
"Assets\Mesh\scoop_1.glb",".glb","8336"
"Assets\Mesh\scoop_2.glb",".glb","2780"
"Assets\Mesh\scoop_3.glb",".glb","9860"
"Assets\Mesh\scoop_4.glb",".glb","6080"
"Assets\Mesh\scoop_5.glb",".glb","2780"
"Assets\Mesh\Shield.glb",".glb","5084"
"Assets\Mesh\shool_right.glb",".glb","21352"
"Assets\Mesh\soos.glb",".glb","69348"
"Assets\Mesh\Sphere.glb",".glb","35456"
"Assets\Mesh\Sphere_0.glb",".glb","10392"
"Assets\Mesh\Sphere_1.glb",".glb","14168"
"Assets\Mesh\Sphere_2.glb",".glb","14168"
"Assets\Mesh\split_road.glb",".glb","66776"
"Assets\Mesh\spoiler.glb",".glb","5968"
"Assets\Mesh\spoiler_0.glb",".glb","5636"
"Assets\Mesh\spoiler_1.glb",".glb","6904"
"Assets\Mesh\spoiler_10.glb",".glb","7724"
"Assets\Mesh\spoiler_11.glb",".glb","5224"
"Assets\Mesh\spoiler_2.glb",".glb","7268"
"Assets\Mesh\spoiler_3.glb",".glb","4936"
"Assets\Mesh\spoiler_4.glb",".glb","8540"
"Assets\Mesh\spoiler_5.glb",".glb","5224"
"Assets\Mesh\spoiler_6.glb",".glb","5756"
"Assets\Mesh\spoiler_7.glb",".glb","5152"
"Assets\Mesh\spoiler_8.glb",".glb","6044"
"Assets\Mesh\spoiler_9.glb",".glb","6912"
"Assets\Mesh\stalagtite.glb",".glb","3388"
"Assets\Mesh\Street_Collider.glb",".glb","181108"
"Assets\Mesh\thrusters.glb",".glb","22304"
"Assets\Mesh\thrusters_0.glb",".glb","15992"
"Assets\Mesh\thrusters_1.glb",".glb","12048"
"Assets\Mesh\thrusters_10.glb",".glb","15988"
"Assets\Mesh\thrusters_11.glb",".glb","3096"
"Assets\Mesh\thrusters_2.glb",".glb","4620"
"Assets\Mesh\thrusters_3.glb",".glb","22300"
"Assets\Mesh\thrusters_4.glb",".glb","12244"
"Assets\Mesh\thrusters_5.glb",".glb","12244"
"Assets\Mesh\thrusters_6.glb",".glb","12032"
"Assets\Mesh\thrusters_7.glb",".glb","3096"
"Assets\Mesh\thrusters_8.glb",".glb","12032"
"Assets\Mesh\thrusters_9.glb",".glb","13464"
"Assets\Mesh\tire_tower.glb",".glb","8428"
"Assets\Mesh\top_bridge1.glb",".glb","17608"
"Assets\Mesh\top_bridge_2.glb",".glb","17420"
"Assets\Mesh\Track_Section_1_000.glb",".glb","14392"
"Assets\Mesh\Track_Section_1_001.glb",".glb","81780"
"Assets\Mesh\Track_Section_1_001_0.glb",".glb","101068"
"Assets\Mesh\Track_Section_1_002.glb",".glb","18464"
"Assets\Mesh\Track_Section_1_003.glb",".glb","35228"
"Assets\Mesh\Trilobite.glb",".glb","6328"
"Assets\Mesh\tube_tunnel.glb",".glb","45544"
"Assets\Mesh\tunnel_entrance_thing.glb",".glb","2680"
"Assets\Mesh\tunnel_hall_seperate.glb",".glb","127248"
"Assets\Mesh\tunnel_street_seperate.glb",".glb","78352"
"Assets\Mesh\tunnel_walls.glb",".glb","126020"
"Assets\Mesh\wall1.glb",".glb","1780"
"Assets\Mesh\walls_exit.glb",".glb","3672"
"Assets\Mesh\wheel.glb",".glb","36216"
"Assets\Mesh\WhoopieCushion.glb",".glb","21952"
"Assets\Mesh\winding_road_001.glb",".glb","5444"
"Assets\MonoManager\MonoManager.json",".json","17279"
"Assets\NavMeshLayers\NavMeshLayers.json",".json","2605"
"Assets\NetworkManager\NetworkManager.json",".json","121729"
"Assets\Physics2DSettings\Physics2DSettings.json",".json","749"
"Assets\PhysicsManager\PhysicsManager.json",".json","889"
"Assets\PlayerSettings\PlayerSettings.json",".json","9504"
"Assets\PrefabHierarchyObject\+AchievementManager.glb",".glb","212"
"Assets\PrefabHierarchyObject\+DataUtility.glb",".glb","204"
"Assets\PrefabHierarchyObject\+Localize.glb",".glb","200"
"Assets\PrefabHierarchyObject\+PlayerInstance.glb",".glb","208"
"Assets\PrefabHierarchyObject\+Screen Timeout Controller.glb",".glb","216"
"Assets\PrefabHierarchyObject\+StreamManager.glb",".glb","204"
"Assets\PrefabHierarchyObject\+TrackUnlockHelper.glb",".glb","208"
"Assets\PrefabHierarchyObject\1 - Lil Wheelies Custom.glb",".glb","216"
"Assets\PrefabHierarchyObject\1 - Lil' Scoop.glb",".glb","204"
"Assets\PrefabHierarchyObject\1 - Lil' Spoiler (Truck).glb",".glb","216"
"Assets\PrefabHierarchyObject\1 - Lil' Spoiler Forms.glb",".glb","212"
"Assets\PrefabHierarchyObject\1 - Lil' Spoiler.glb",".glb","208"
"Assets\PrefabHierarchyObject\1 - Lil' Thrusties (Truck).glb",".glb","216"
"Assets\PrefabHierarchyObject\1 - Lil' Thrusties Forms.glb",".glb","216"
"Assets\PrefabHierarchyObject\1 - Lil' Thrusties.glb",".glb","208"
"Assets\PrefabHierarchyObject\1 - Lil' Wheelies (Bike).glb",".glb","216"
"Assets\PrefabHierarchyObject\1 - Lil' Wheelies (Truck).glb",".glb","216"
"Assets\PrefabHierarchyObject\1 - Lil' Wheelies.glb",".glb","208"
"Assets\PrefabHierarchyObject\1 - Lil'Kart (Bike).glb",".glb","212"
"Assets\PrefabHierarchyObject\1 - Lil'Kart (Truck).glb",".glb","212"
"Assets\PrefabHierarchyObject\1 - Lil'Kart Forms.glb",".glb","208"
"Assets\PrefabHierarchyObject\1 - Lil'Kart.glb",".glb","204"
"Assets\PrefabHierarchyObject\1 - Lil'Wheelie Forms.glb",".glb","212"
"Assets\PrefabHierarchyObject\2 - Scorchin' Thrusters (Truck).glb",".glb","224"
"Assets\PrefabHierarchyObject\2 - Scorchin' Thrusters Forms.glb",".glb","220"
"Assets\PrefabHierarchyObject\2 - Scorchin' Thrusters.glb",".glb","216"
"Assets\PrefabHierarchyObject\2 - Speeder Wheels (Bike).glb",".glb","216"
"Assets\PrefabHierarchyObject\2 - Speeder Wheels (Truck).glb",".glb","216"
"Assets\PrefabHierarchyObject\2 - Speeder Wheels Custom.glb",".glb","216"
"Assets\PrefabHierarchyObject\2 - Speeder Wheels Forms.glb",".glb","216"
"Assets\PrefabHierarchyObject\2 - Speeder Wheels.glb",".glb","208"
"Assets\PrefabHierarchyObject\2 - Speedster (Bike).glb",".glb","212"
"Assets\PrefabHierarchyObject\2 - Speedster (Truck).glb",".glb","212"
"Assets\PrefabHierarchyObject\2 - Speedster Forms.glb",".glb","212"
"Assets\PrefabHierarchyObject\2 - Speedster.glb",".glb","204"
"Assets\PrefabHierarchyObject\2 - Speedy Scoop.glb",".glb","208"
"Assets\PrefabHierarchyObject\2 - Speedy Spoiler (Truck).glb",".glb","216"
"Assets\PrefabHierarchyObject\2 - Speedy Spoiler Forms.glb",".glb","216"
"Assets\PrefabHierarchyObject\2 - Speedy Spoiler.glb",".glb","208"
"Assets\PrefabHierarchyObject\3 - Trak Blasters (Truck).glb",".glb","216"
"Assets\PrefabHierarchyObject\3 - Trak Blasters Forms.glb",".glb","216"
"Assets\PrefabHierarchyObject\3 - Trak Blasters.glb",".glb","208"
"Assets\PrefabHierarchyObject\3 - Trak Skoop.glb",".glb","204"
"Assets\PrefabHierarchyObject\3 - Traktor 3000 (Bike).glb",".glb","216"
"Assets\PrefabHierarchyObject\3 - Traktor 3000 (Truck).glb",".glb","216"
"Assets\PrefabHierarchyObject\3 - Traktor 3000 Forms.glb",".glb","212"
"Assets\PrefabHierarchyObject\3 - Traktor 3000.glb",".glb","208"
"Assets\PrefabHierarchyObject\3 - Traktor Tires (Bike).glb",".glb","216"
"Assets\PrefabHierarchyObject\3 - Traktor Tires (Truck).glb",".glb","216"
"Assets\PrefabHierarchyObject\3 - Traktor Tires Custom.glb",".glb","216"
"Assets\PrefabHierarchyObject\3 - Traktor Tires Forms.glb",".glb","216"
"Assets\PrefabHierarchyObject\3 - Traktor Tires.glb",".glb","208"
"Assets\PrefabHierarchyObject\3 - Traktor Wing (Truck).glb",".glb","216"
"Assets\PrefabHierarchyObject\3 - Traktor Wing Forms.glb",".glb","212"
"Assets\PrefabHierarchyObject\3 - Traktor Wing.glb",".glb","208"
"Assets\PrefabHierarchyObject\4 - Dune Blazers (Truck).glb",".glb","216"
"Assets\PrefabHierarchyObject\4 - Dune Blazers Forms.glb",".glb","212"
"Assets\PrefabHierarchyObject\4 - Dune Blazers.glb",".glb","208"
"Assets\PrefabHierarchyObject\4 - Dune Jumpers (Bike).glb",".glb","216"
"Assets\PrefabHierarchyObject\4 - Dune Jumpers (Truck).glb",".glb","216"
"Assets\PrefabHierarchyObject\4 - Dune Jumpers Custom.glb",".glb","216"
"Assets\PrefabHierarchyObject\4 - Dune Jumpers Forms.glb",".glb","212"
"Assets\PrefabHierarchyObject\4 - Dune Jumpers.glb",".glb","208"
"Assets\PrefabHierarchyObject\4 - Dune Scooper.glb",".glb","208"
"Assets\PrefabHierarchyObject\4 - Dune Spoiler (Truck).glb",".glb","216"
"Assets\PrefabHierarchyObject\4 - Dune Spoiler Forms.glb",".glb","212"
"Assets\PrefabHierarchyObject\4 - Dune Spoiler.glb",".glb","208"
"Assets\PrefabHierarchyObject\4 - Dune Stomper (Bike).glb",".glb","216"
"Assets\PrefabHierarchyObject\4 - Dune Stomper (Truck).glb",".glb","216"
"Assets\PrefabHierarchyObject\4 - Dune Stomper Forms.glb",".glb","212"
"Assets\PrefabHierarchyObject\4 - Dune Stomper.glb",".glb","208"
"Assets\PrefabHierarchyObject\5 - Hog Burners (Truck).glb",".glb","216"
"Assets\PrefabHierarchyObject\5 - Hog Burners Forms.glb",".glb","212"
"Assets\PrefabHierarchyObject\5 - Hog Burners.glb",".glb","208"
"Assets\PrefabHierarchyObject\5 - Hogwing (Truck).glb",".glb","212"
"Assets\PrefabHierarchyObject\5 - Hogwing Forms.glb",".glb","208"
"Assets\PrefabHierarchyObject\5 - Hogwing.glb",".glb","204"
"Assets\PrefabHierarchyObject\5 - Scoop-inator.glb",".glb","208"
"Assets\PrefabHierarchyObject\5 - The Hog-inator (Bike).glb",".glb","216"
"Assets\PrefabHierarchyObject\5 - The Hog-inator (Truck).glb",".glb","216"
"Assets\PrefabHierarchyObject\5 - The Hog-inator Forms.glb",".glb","216"
"Assets\PrefabHierarchyObject\5 - The Hog-inator.glb",".glb","208"
"Assets\PrefabHierarchyObject\5 - The Wheel-inators Forms.glb",".glb","220"
"Assets\PrefabHierarchyObject\5 - Wheel-inators (Bike).glb",".glb","216"
"Assets\PrefabHierarchyObject\5 - Wheel-inators (Truck).glb",".glb","216"
"Assets\PrefabHierarchyObject\5 - Wheel-inators Custom.glb",".glb","216"
"Assets\PrefabHierarchyObject\5 - Wheel-inators.glb",".glb","208"
"Assets\PrefabHierarchyObject\6 - Beast Wheelz (Bike).glb",".glb","216"
"Assets\PrefabHierarchyObject\6 - Beast Wheelz (Truck).glb",".glb","216"
"Assets\PrefabHierarchyObject\6 - Beast Wheelz Custom.glb",".glb","216"
"Assets\PrefabHierarchyObject\6 - Beast Wheelz Forms.glb",".glb","212"
"Assets\PrefabHierarchyObject\6 - Beast Wheelz.glb",".glb","208"
"Assets\PrefabHierarchyObject\6 - Beastly Spoiler (Truck).glb",".glb","220"
"Assets\PrefabHierarchyObject\6 - Beastly Spoiler Forms.glb",".glb","216"
"Assets\PrefabHierarchyObject\6 - Beastly Spoiler.glb",".glb","212"
"Assets\PrefabHierarchyObject\6 - Infernos (Truck).glb",".glb","212"
"Assets\PrefabHierarchyObject\6 - Infernos Forms.glb",".glb","208"
"Assets\PrefabHierarchyObject\6 - Infernos.glb",".glb","204"
"Assets\PrefabHierarchyObject\6 - Monster Scoop.glb",".glb","208"
"Assets\PrefabHierarchyObject\6 - The Beast (Bike).glb",".glb","212"
"Assets\PrefabHierarchyObject\6 - The Beast (Truck).glb",".glb","212"
"Assets\PrefabHierarchyObject\6 - The Beast Forms.glb",".glb","212"
"Assets\PrefabHierarchyObject\6 - The Beast.glb",".glb","204"
"Assets\PrefabHierarchyObject\7 - Ultra Tractionizers (Bike).glb",".glb","220"
"Assets\PrefabHierarchyObject\7 - Ultra Tractionizers (Truck).glb",".glb","224"
"Assets\PrefabHierarchyObject\7 - Ultra Tractionizers Custom.glb",".glb","220"
"Assets\PrefabHierarchyObject\7 - Ultra Tractionizers Forms.glb",".glb","220"
"Assets\PrefabHierarchyObject\7 - Ultra Tractionizers.glb",".glb","216"
"Assets\PrefabHierarchyObject\Achievement Category UI.glb",".glb","2612"
"Assets\PrefabHierarchyObject\AchievementUI.glb",".glb","6452"
"Assets\PrefabHierarchyObject\AchievementWindow.glb",".glb","1556"
"Assets\PrefabHierarchyObject\Age Gate Popup.glb",".glb","1100"
"Assets\PrefabHierarchyObject\Agent P.glb",".glb","200"
"Assets\PrefabHierarchyObject\Agent P_0.glb",".glb","3704"
"Assets\PrefabHierarchyObject\AgentP_AI.glb",".glb","536576"
"Assets\PrefabHierarchyObject\AI Blip.glb",".glb","292"
"Assets\PrefabHierarchyObject\Anchor Rocket.glb",".glb","106964"
"Assets\PrefabHierarchyObject\Barrel On Track.glb",".glb","79060"
"Assets\PrefabHierarchyObject\Barrel.glb",".glb","78872"
"Assets\PrefabHierarchyObject\Bea.glb",".glb","196"
"Assets\PrefabHierarchyObject\Beastly Spoiler Black.glb",".glb","212"
"Assets\PrefabHierarchyObject\Beastly Spoiler Blue.glb",".glb","212"
"Assets\PrefabHierarchyObject\Beastly Spoiler Custom Alpha.glb",".glb","220"
"Assets\PrefabHierarchyObject\Beastly Spoiler Custom Beta.glb",".glb","220"
"Assets\PrefabHierarchyObject\Beastly Spoiler Pink.glb",".glb","212"
"Assets\PrefabHierarchyObject\Beastly Spoiler Purple.glb",".glb","212"
"Assets\PrefabHierarchyObject\Beastly Spoiler Red.glb",".glb","212"
"Assets\PrefabHierarchyObject\Bea_0.glb",".glb","2296"
"Assets\PrefabHierarchyObject\Bea_AI.glb",".glb","915276"
"Assets\PrefabHierarchyObject\Bike 0 Body.glb",".glb","770136"
"Assets\PrefabHierarchyObject\Bike 0 Wheels.glb",".glb","146916"
"Assets\PrefabHierarchyObject\Bike 1 Body.glb",".glb","54876"
"Assets\PrefabHierarchyObject\Bike 1 Wheels.glb",".glb","146916"
"Assets\PrefabHierarchyObject\Bike 2 Body.glb",".glb","50840"
"Assets\PrefabHierarchyObject\Bike 2 Wheels.glb",".glb","146916"
"Assets\PrefabHierarchyObject\Bike 3 Body.glb",".glb","77864"
"Assets\PrefabHierarchyObject\Bike 3 Wheels.glb",".glb","146916"
"Assets\PrefabHierarchyObject\Bike 4 Body.glb",".glb","61616"
"Assets\PrefabHierarchyObject\Bike 4 Wheels.glb",".glb","146916"
"Assets\PrefabHierarchyObject\Bike 5 Body.glb",".glb","74152"
"Assets\PrefabHierarchyObject\Bike 5 Wheels.glb",".glb","146916"
"Assets\PrefabHierarchyObject\Bike 6 Wheels.glb",".glb","146916"
"Assets\PrefabHierarchyObject\Booster Pickup.glb",".glb","103912"
"Assets\PrefabHierarchyObject\Brad.glb",".glb","196"
"Assets\PrefabHierarchyObject\Brad_0.glb",".glb","3244"
"Assets\PrefabHierarchyObject\Brad_AI.glb",".glb","546592"
"Assets\PrefabHierarchyObject\BubbleJetUP.glb",".glb","336"
"Assets\PrefabHierarchyObject\Bus Jumper.glb",".glb","200"
"Assets\PrefabHierarchyObject\Buy a Powerup Tutorial.glb",".glb","212"
"Assets\PrefabHierarchyObject\BuyCoinsPrefab.glb",".glb","5600"
"Assets\PrefabHierarchyObject\Cart Paint Job.glb",".glb","204"
"Assets\PrefabHierarchyObject\CartCustomizerMenu.glb",".glb","10432"
"Assets\PrefabHierarchyObject\CartPartList.glb",".glb","204"
"Assets\PrefabHierarchyObject\CartPrimaryTextureProfile.glb",".glb","216"
"Assets\PrefabHierarchyObject\CharacterSelectMenu.glb",".glb","153564"
"Assets\PrefabHierarchyObject\Coin Balance x100_000.glb",".glb","212"
"Assets\PrefabHierarchyObject\Coin Balance x10_000.glb",".glb","212"
"Assets\PrefabHierarchyObject\Coin Balance x1_000.glb",".glb","212"
"Assets\PrefabHierarchyObject\Coin.glb",".glb","293364"
"Assets\PrefabHierarchyObject\Collect a Powerup Tutorial.glb",".glb","216"
"Assets\PrefabHierarchyObject\Combine a Powerup Tutorial.glb",".glb","216"
"Assets\PrefabHierarchyObject\Complete All Achievements.glb",".glb","216"
"Assets\PrefabHierarchyObject\Confirmation Popup.glb",".glb","1068"
"Assets\PrefabHierarchyObject\Crash.glb",".glb","196"
"Assets\PrefabHierarchyObject\Crash_0.glb",".glb","3324"
"Assets\PrefabHierarchyObject\Credits Screen.glb",".glb","2412"
"Assets\PrefabHierarchyObject\Cross Finish Line Backwards.glb",".glb","220"
"Assets\PrefabHierarchyObject\Daily Bonus.glb",".glb","1820"
"Assets\PrefabHierarchyObject\Danville Arena.glb",".glb","204"
"Assets\PrefabHierarchyObject\Danville River.glb",".glb","204"
"Assets\PrefabHierarchyObject\DEBUG.glb",".glb","196"
"Assets\PrefabHierarchyObject\Dipper.glb",".glb","196"
"Assets\PrefabHierarchyObject\Dipper_0.glb",".glb","3140"
"Assets\PrefabHierarchyObject\Dipper_AI.glb",".glb","560372"
"Assets\PrefabHierarchyObject\Dirt Devils.glb",".glb","204"
"Assets\PrefabHierarchyObject\Doof's Tower.glb",".glb","204"
"Assets\PrefabHierarchyObject\DoubleBoost.glb",".glb","364"
"Assets\PrefabHierarchyObject\Drift Boost Tutorial.glb",".glb","212"
"Assets\PrefabHierarchyObject\Drift Scale.glb",".glb","1024"
"Assets\PrefabHierarchyObject\Drift Tutorial.glb",".glb","204"
"Assets\PrefabHierarchyObject\Drift.glb",".glb","360"
"Assets\PrefabHierarchyObject\Dune Blazers Bronze.glb",".glb","212"
"Assets\PrefabHierarchyObject\Dune Blazers Copper.glb",".glb","212"
"Assets\PrefabHierarchyObject\Dune Blazers Gold.glb",".glb","208"
"Assets\PrefabHierarchyObject\Dune Blazers Silver.glb",".glb","212"
"Assets\PrefabHierarchyObject\Dune Blazers Steel.glb",".glb","208"
"Assets\PrefabHierarchyObject\Dune Scooper Bronze.glb",".glb","212"
"Assets\PrefabHierarchyObject\Dune Scooper Copper.glb",".glb","212"
"Assets\PrefabHierarchyObject\Dune Scooper Gold.glb",".glb","208"
"Assets\PrefabHierarchyObject\Dune Scooper Silver.glb",".glb","212"
"Assets\PrefabHierarchyObject\Dune Scooper Steel.glb",".glb","208"
"Assets\PrefabHierarchyObject\Dune Spoiler Black.glb",".glb","208"
"Assets\PrefabHierarchyObject\Dune Spoiler Blue.glb",".glb","208"
"Assets\PrefabHierarchyObject\Dune Spoiler Brad Custom.glb",".glb","216"
"Assets\PrefabHierarchyObject\Dune Spoiler Mike Custom.glb",".glb","216"
"Assets\PrefabHierarchyObject\Dune Spoiler Pink.glb",".glb","208"
"Assets\PrefabHierarchyObject\Dune Spoiler Purple.glb",".glb","212"
"Assets\PrefabHierarchyObject\Dune Spoiler Red.glb",".glb","208"
"Assets\PrefabHierarchyObject\Dune Stomper Black.glb",".glb","208"
"Assets\PrefabHierarchyObject\Dune Stomper Blue.glb",".glb","208"
"Assets\PrefabHierarchyObject\Dune Stomper Dipper Custom.glb",".glb","216"
"Assets\PrefabHierarchyObject\Dune Stomper Mabel Custom.glb",".glb","216"
"Assets\PrefabHierarchyObject\Dune Stomper Pink.glb",".glb","208"
"Assets\PrefabHierarchyObject\Dune Stomper Purple.glb",".glb","212"
"Assets\PrefabHierarchyObject\Dune Stomper Red.glb",".glb","208"
"Assets\PrefabHierarchyObject\Equip Level 3 Parts.glb",".glb","212"
"Assets\PrefabHierarchyObject\Equip Level 6 Parts.glb",".glb","212"
"Assets\PrefabHierarchyObject\Exhaust Fire.glb",".glb","292"
"Assets\PrefabHierarchyObject\Exhaust.glb",".glb","272"
"Assets\PrefabHierarchyObject\Explosion.glb",".glb","280"
"Assets\PrefabHierarchyObject\FadeHelper.glb",".glb","200"
"Assets\PrefabHierarchyObject\Ferb.glb",".glb","196"
"Assets\PrefabHierarchyObject\Ferb_0.glb",".glb","2932"
"Assets\PrefabHierarchyObject\Ferb_AI.glb",".glb","555152"
"Assets\PrefabHierarchyObject\Finish Line New.glb",".glb","768"
"Assets\PrefabHierarchyObject\Finish The Lap Tutorial.glb",".glb","216"
"Assets\PrefabHierarchyObject\First Place Fish 1.glb",".glb","208"
"Assets\PrefabHierarchyObject\First Place Fish 2.glb",".glb","208"
"Assets\PrefabHierarchyObject\First Place Fish 3.glb",".glb","208"
"Assets\PrefabHierarchyObject\First Place in Elimination.glb",".glb","216"
"Assets\PrefabHierarchyObject\First Place Kick 1.glb",".glb","208"
"Assets\PrefabHierarchyObject\First Place Kick 2.glb",".glb","208"
"Assets\PrefabHierarchyObject\First Place Kick 3.glb",".glb","208"
"Assets\PrefabHierarchyObject\First Place Phineas 1.glb",".glb","212"
"Assets\PrefabHierarchyObject\First Place Phineas 2.glb",".glb","212"
"Assets\PrefabHierarchyObject\First Place Phineas 3.glb",".glb","212"
"Assets\PrefabHierarchyObject\FirstPlace With no powerups.glb",".glb","220"
"Assets\PrefabHierarchyObject\Fishtankia.glb",".glb","200"
"Assets\PrefabHierarchyObject\Freshwater High.glb",".glb","208"
"Assets\PrefabHierarchyObject\Front End Tutorial Popup.glb",".glb","620"
"Assets\PrefabHierarchyObject\Full Screen Booster Effect.glb",".glb","216"
"Assets\PrefabHierarchyObject\Game Center Note.glb",".glb","936"
"Assets\PrefabHierarchyObject\GameCenterManager.glb",".glb","208"
"Assets\PrefabHierarchyObject\Gunther.glb",".glb","200"
"Assets\PrefabHierarchyObject\Gunther_0.glb",".glb","2992"
"Assets\PrefabHierarchyObject\Gunther_AI.glb",".glb","946288"
"Assets\PrefabHierarchyObject\hit laser.glb",".glb","240"
"Assets\PrefabHierarchyObject\HitOtherCart.glb",".glb","308"
"Assets\PrefabHierarchyObject\Hog Burners Bronze.glb",".glb","208"
"Assets\PrefabHierarchyObject\Hog Burners Copper.glb",".glb","208"
"Assets\PrefabHierarchyObject\Hog Burners Gold.glb",".glb","208"
"Assets\PrefabHierarchyObject\Hog Burners Silver.glb",".glb","208"
"Assets\PrefabHierarchyObject\Hog Burners Steel.glb",".glb","208"
"Assets\PrefabHierarchyObject\Hogwing Agent P Custom.glb",".glb","212"
"Assets\PrefabHierarchyObject\Hogwing Black.glb",".glb","204"
"Assets\PrefabHierarchyObject\Hogwing Blue.glb",".glb","204"
"Assets\PrefabHierarchyObject\Hogwing Ferb Custom.glb",".glb","212"
"Assets\PrefabHierarchyObject\Hogwing Phineas Custom.glb",".glb","212"
"Assets\PrefabHierarchyObject\Hogwing Pink.glb",".glb","204"
"Assets\PrefabHierarchyObject\Hogwing Purple.glb",".glb","204"
"Assets\PrefabHierarchyObject\Hogwing Red.glb",".glb","204"
"Assets\PrefabHierarchyObject\Hokey Poke.glb",".glb","200"
"Assets\PrefabHierarchyObject\HUD Buy Powerup.glb",".glb","412"
"Assets\PrefabHierarchyObject\HUD Get Powerup.glb",".glb","436"
"Assets\PrefabHierarchyObject\In Race Powerup Pickup Boost.glb",".glb","220"
"Assets\PrefabHierarchyObject\In Race Powerup Pickup Mine.glb",".glb","220"
"Assets\PrefabHierarchyObject\In Race Powerup Pickup Rocket.glb",".glb","220"
"Assets\PrefabHierarchyObject\In Race Powerup Pickup Shield.glb",".glb","220"
"Assets\PrefabHierarchyObject\Infernos Bronze.glb",".glb","208"
"Assets\PrefabHierarchyObject\Infernos Copper.glb",".glb","208"
"Assets\PrefabHierarchyObject\Infernos Customized Alpha.glb",".glb","216"
"Assets\PrefabHierarchyObject\Infernos Customized Beta.glb",".glb","216"
"Assets\PrefabHierarchyObject\Infernos Gold.glb",".glb","204"
"Assets\PrefabHierarchyObject\Infernos Silver.glb",".glb","208"
"Assets\PrefabHierarchyObject\Infernos Steel.glb",".glb","204"
"Assets\PrefabHierarchyObject\Input Blocker Invisible.glb",".glb","216"
"Assets\PrefabHierarchyObject\Kart 0 Body.glb",".glb","492460"
"Assets\PrefabHierarchyObject\Kart 0 Wheels.glb",".glb","155476"
"Assets\PrefabHierarchyObject\Kart 1 Body.glb",".glb","176740"
"Assets\PrefabHierarchyObject\Kart 1 Scoop.glb",".glb","132136"
"Assets\PrefabHierarchyObject\Kart 1 Spoiler.glb",".glb","134580"
"Assets\PrefabHierarchyObject\Kart 1 Thruster.glb",".glb","132832"
"Assets\PrefabHierarchyObject\Kart 1 Wheels.glb",".glb","150184"
"Assets\PrefabHierarchyObject\Kart 2 Body.glb",".glb","168264"
"Assets\PrefabHierarchyObject\Kart 2 Scoop.glb",".glb","130064"
"Assets\PrefabHierarchyObject\Kart 2 Spoiler.glb",".glb","131836"
"Assets\PrefabHierarchyObject\Kart 2 Thruster.glb",".glb","139148"
"Assets\PrefabHierarchyObject\Kart 2 Wheels.glb",".glb","155476"
"Assets\PrefabHierarchyObject\Kart 3 Body.glb",".glb","193968"
"Assets\PrefabHierarchyObject\Kart 3 Scoop.glb",".glb","129536"
"Assets\PrefabHierarchyObject\Kart 3 Spoiler.glb",".glb","131268"
"Assets\PrefabHierarchyObject\Kart 3 Thruster.glb",".glb","138128"
"Assets\PrefabHierarchyObject\Kart 3 Wheels.glb",".glb","151756"
"Assets\PrefabHierarchyObject\Kart 4 Body.glb",".glb","301396"
"Assets\PrefabHierarchyObject\Kart 4 Scoop.glb",".glb","130148"
"Assets\PrefabHierarchyObject\Kart 4 Spoiler.glb",".glb","130980"
"Assets\PrefabHierarchyObject\Kart 4 Thruster.glb",".glb","146612"
"Assets\PrefabHierarchyObject\Kart 4 Wheels.glb",".glb","151752"
"Assets\PrefabHierarchyObject\Kart 5 Body.glb",".glb","318864"
"Assets\PrefabHierarchyObject\Kart 5 Scoop.glb",".glb","136976"
"Assets\PrefabHierarchyObject\Kart 5 Spoiler.glb",".glb","136356"
"Assets\PrefabHierarchyObject\Kart 5 Thruster.glb",".glb","144840"
"Assets\PrefabHierarchyObject\Kart 5 Wheels.glb",".glb","153020"
"Assets\PrefabHierarchyObject\Kart 6 Scoop.glb",".glb","445780"
"Assets\PrefabHierarchyObject\Kart 6 Spoiler.glb",".glb","441024"
"Assets\PrefabHierarchyObject\Kart 6 Thruster.glb",".glb","449644"
"Assets\PrefabHierarchyObject\Kart 6 Wheels.glb",".glb","461932"
"Assets\PrefabHierarchyObject\Kick Butt!.glb",".glb","200"
"Assets\PrefabHierarchyObject\Kick.glb",".glb","196"
"Assets\PrefabHierarchyObject\Kick_0.glb",".glb","3384"
"Assets\PrefabHierarchyObject\Kick_AI.glb",".glb","499872"
"Assets\PrefabHierarchyObject\Laser.glb",".glb","8076"
"Assets\PrefabHierarchyObject\Lifetime In Air x120.glb",".glb","212"
"Assets\PrefabHierarchyObject\Lifetime In Air x300.glb",".glb","212"
"Assets\PrefabHierarchyObject\Lifetime In Air x60.glb",".glb","212"
"Assets\PrefabHierarchyObject\Lifetime Mine Opponent x100.glb",".glb","220"
"Assets\PrefabHierarchyObject\Lifetime Mine Opponent x20.glb",".glb","216"
"Assets\PrefabHierarchyObject\Lifetime Mine Opponent x50.glb",".glb","216"
"Assets\PrefabHierarchyObject\Lifetime Powerup Collection x100.glb",".glb","224"
"Assets\PrefabHierarchyObject\Lifetime Powerup Collection x20.glb",".glb","224"
"Assets\PrefabHierarchyObject\Lifetime Powerup Collection x50.glb",".glb","224"
"Assets\PrefabHierarchyObject\Lifetime Powerup Purchase x100.glb",".glb","220"
"Assets\PrefabHierarchyObject\Lifetime Powerup Purchase x20.glb",".glb","220"
"Assets\PrefabHierarchyObject\Lifetime Powerup Purchase x50.glb",".glb","220"
"Assets\PrefabHierarchyObject\Lifetime Rocket Opponent x100.glb",".glb","220"
"Assets\PrefabHierarchyObject\Lifetime Rocket Opponent x20.glb",".glb","220"
"Assets\PrefabHierarchyObject\Lifetime Rocket Opponent x50.glb",".glb","220"
"Assets\PrefabHierarchyObject\Lil Kart No Paint.glb",".glb","208"
"Assets\PrefabHierarchyObject\Lil Kart Red.glb",".glb","204"
"Assets\PrefabHierarchyObject\Lil Spoiler Black.glb",".glb","208"
"Assets\PrefabHierarchyObject\Lil Spoiler Blue.glb",".glb","208"
"Assets\PrefabHierarchyObject\Lil Spoiler Gunther Custom.glb",".glb","216"
"Assets\PrefabHierarchyObject\Lil Spoiler Kick Custom.glb",".glb","216"
"Assets\PrefabHierarchyObject\Lil Spoiler Pink.glb",".glb","208"
"Assets\PrefabHierarchyObject\Lil Spoiler Purple.glb",".glb","208"
"Assets\PrefabHierarchyObject\Lil Spoiler Red.glb",".glb","208"
"Assets\PrefabHierarchyObject\Lil' Scoop Bronze.glb",".glb","208"
"Assets\PrefabHierarchyObject\Lil' Scoop Copper.glb",".glb","208"
"Assets\PrefabHierarchyObject\Lil' Scoop Gold.glb",".glb","208"
"Assets\PrefabHierarchyObject\Lil' Scoop Silver.glb",".glb","208"
"Assets\PrefabHierarchyObject\Lil' Scoop Steel.glb",".glb","208"
"Assets\PrefabHierarchyObject\Lil' Thrusties Bronze.glb",".glb","212"
"Assets\PrefabHierarchyObject\Lil' Thrusties Copper.glb",".glb","212"
"Assets\PrefabHierarchyObject\Lil' Thrusties Gold.glb",".glb","212"
"Assets\PrefabHierarchyObject\Lil' Thrusties Silver.glb",".glb","212"
"Assets\PrefabHierarchyObject\Lil' Thrusties Steel.glb",".glb","212"
"Assets\PrefabHierarchyObject\LoadingWheel.glb",".glb","454120"
"Assets\PrefabHierarchyObject\Mabel.glb",".glb","196"
"Assets\PrefabHierarchyObject\Mabel_0.glb",".glb","3476"
"Assets\PrefabHierarchyObject\Mabel_AI.glb",".glb","554464"
"Assets\PrefabHierarchyObject\Magnet Shield.glb",".glb","509344"
"Assets\PrefabHierarchyObject\Make Place Fish 1 Easy.glb",".glb","212"
"Assets\PrefabHierarchyObject\Make Place Fish 1 Hard.glb",".glb","212"
"Assets\PrefabHierarchyObject\Make Place Fish 1 Medium.glb",".glb","216"
"Assets\PrefabHierarchyObject\Make Place Fish 1 Ultra Hard.glb",".glb","220"
"Assets\PrefabHierarchyObject\Make Place Fish 2 Easy.glb",".glb","212"
"Assets\PrefabHierarchyObject\Make Place Fish 2 Hard.glb",".glb","212"
"Assets\PrefabHierarchyObject\Make Place Fish 2 Medium.glb",".glb","216"
"Assets\PrefabHierarchyObject\Make Place Fish 2 Ultra.glb",".glb","216"
"Assets\PrefabHierarchyObject\Make Place Fish 3 Easy.glb",".glb","212"
"Assets\PrefabHierarchyObject\Make Place Fish 3 Hard.glb",".glb","212"
"Assets\PrefabHierarchyObject\Make Place Fish 3 Medium.glb",".glb","216"
"Assets\PrefabHierarchyObject\Make Place Fish 3 Ultra Hard.glb",".glb","220"
"Assets\PrefabHierarchyObject\Make Place Kick 1 Easy.glb",".glb","212"
"Assets\PrefabHierarchyObject\Make Place Kick 1 Hard.glb",".glb","212"
"Assets\PrefabHierarchyObject\Make Place Kick 1 Medium.glb",".glb","216"
"Assets\PrefabHierarchyObject\Make Place Kick 1 Ultra Hard.glb",".glb","220"
"Assets\PrefabHierarchyObject\Make Place Kick 2 Easy.glb",".glb","212"
"Assets\PrefabHierarchyObject\Make Place Kick 2 Hard.glb",".glb","212"
"Assets\PrefabHierarchyObject\Make Place Kick 2 Medium.glb",".glb","216"
"Assets\PrefabHierarchyObject\Make Place Kick 2 Ultra Hard.glb",".glb","220"
"Assets\PrefabHierarchyObject\Make Place Kick 3 Easy.glb",".glb","212"
"Assets\PrefabHierarchyObject\Make Place Kick 3 Hard.glb",".glb","212"
"Assets\PrefabHierarchyObject\Make Place Kick 3 Medium.glb",".glb","216"
"Assets\PrefabHierarchyObject\Make Place Kick 3 Ultra Hard.glb",".glb","220"
"Assets\PrefabHierarchyObject\Make Place Phineas 1 Easy.glb",".glb","216"
"Assets\PrefabHierarchyObject\Make Place Phineas 1 Hard.glb",".glb","216"
"Assets\PrefabHierarchyObject\Make Place Phineas 1 Medium.glb",".glb","220"
"Assets\PrefabHierarchyObject\Make Place Phineas 1 Ultra Hard.glb",".glb","224"
"Assets\PrefabHierarchyObject\Make Place Phineas 2 Easy.glb",".glb","216"
"Assets\PrefabHierarchyObject\Make Place Phineas 2 Hard.glb",".glb","216"
"Assets\PrefabHierarchyObject\Make Place Phineas 2 Medium.glb",".glb","220"
"Assets\PrefabHierarchyObject\Make Place Phineas 2 Ultra Hard.glb",".glb","224"
"Assets\PrefabHierarchyObject\Make Place Phineas 3 Easy.glb",".glb","216"
"Assets\PrefabHierarchyObject\Make Place Phineas 3 Hard.glb",".glb","216"
"Assets\PrefabHierarchyObject\Make Place Phineas 3 Medium.glb",".glb","220"
"Assets\PrefabHierarchyObject\Make Place Phineas 3 Ultra Hard.glb",".glb","224"
"Assets\PrefabHierarchyObject\Meta Finish All First Places.glb",".glb","220"
"Assets\PrefabHierarchyObject\Meta Finish Master Circuit.glb",".glb","216"
"Assets\PrefabHierarchyObject\Meta Finish Newbie Circuit.glb",".glb","216"
"Assets\PrefabHierarchyObject\Meta Finish Pro Circuit.glb",".glb","216"
"Assets\PrefabHierarchyObject\Mike.glb",".glb","196"
"Assets\PrefabHierarchyObject\Mike_0.glb",".glb","3548"
"Assets\PrefabHierarchyObject\Mike_AI.glb",".glb","534952"
"Assets\PrefabHierarchyObject\Milo.glb",".glb","196"
"Assets\PrefabHierarchyObject\Milo_0.glb",".glb","2336"
"Assets\PrefabHierarchyObject\Milo_AI.glb",".glb","502020"
"Assets\PrefabHierarchyObject\Mine Notify.glb",".glb","456"
"Assets\PrefabHierarchyObject\Mine Pickup.glb",".glb","134336"
"Assets\PrefabHierarchyObject\Mine.glb",".glb","322916"
"Assets\PrefabHierarchyObject\MineSpreader.glb",".glb","134532"
"Assets\PrefabHierarchyObject\Nav Blip - Locked.glb",".glb","208"
"Assets\PrefabHierarchyObject\Nav Blip - Owned.glb",".glb","208"
"Assets\PrefabHierarchyObject\No Scoop Paint.glb",".glb","204"
"Assets\PrefabHierarchyObject\No Scoop.glb",".glb","200"
"Assets\PrefabHierarchyObject\No Spoiler Paint.glb",".glb","208"
"Assets\PrefabHierarchyObject\No Spoiler.glb",".glb","200"
"Assets\PrefabHierarchyObject\No Thruster Paint.glb",".glb","208"
"Assets\PrefabHierarchyObject\No Thrusters.glb",".glb","204"
"Assets\PrefabHierarchyObject\noChar_AI.glb",".glb","212084"
"Assets\PrefabHierarchyObject\Oscar.glb",".glb","196"
"Assets\PrefabHierarchyObject\Oscar_0.glb",".glb","2292"
"Assets\PrefabHierarchyObject\Oscar_AI.glb",".glb","500256"
"Assets\PrefabHierarchyObject\Paint Slot.glb",".glb","7772"
"Assets\PrefabHierarchyObject\ParticleLibrary.glb",".glb","208"
"Assets\PrefabHierarchyObject\PauseScreen.glb",".glb","1330660"
"Assets\PrefabHierarchyObject\Phineas.glb",".glb","200"
"Assets\PrefabHierarchyObject\Phineas_0.glb",".glb","3152"
"Assets\PrefabHierarchyObject\Phineas_AI.glb",".glb","554296"
"Assets\PrefabHierarchyObject\Pick Up Coin.glb",".glb","236"
"Assets\PrefabHierarchyObject\Pick Up Powerup.glb",".glb","240"
"Assets\PrefabHierarchyObject\Pie Splat.glb",".glb","344"
"Assets\PrefabHierarchyObject\Pie.glb",".glb","442824"
"Assets\PrefabHierarchyObject\Place wth No powerups.glb",".glb","212"
"Assets\PrefabHierarchyObject\Player Blip.glb",".glb","204"
"Assets\PrefabHierarchyObject\PlayMenu.glb",".glb","1576796"
"Assets\PrefabHierarchyObject\PlaySummaryMenu.glb",".glb","2156"
"Assets\PrefabHierarchyObject\Poof.glb",".glb","288"
"Assets\PrefabHierarchyObject\Popover Dialog.glb",".glb","612"
"Assets\PrefabHierarchyObject\Popover.glb",".glb","404"
"Assets\PrefabHierarchyObject\PowerSlide Boost x5.glb",".glb","212"
"Assets\PrefabHierarchyObject\PowerUpDisplay Boost.glb",".glb","212"
"Assets\PrefabHierarchyObject\PowerUpDisplay Mine.glb",".glb","212"
"Assets\PrefabHierarchyObject\PowerUpDisplay Rocket.glb",".glb","212"
"Assets\PrefabHierarchyObject\PowerUpDisplay Shield.glb",".glb","212"
"Assets\PrefabHierarchyObject\Pranksgiving.glb",".glb","204"
"Assets\PrefabHierarchyObject\Purchase Indicator.glb",".glb","5048"
"Assets\PrefabHierarchyObject\Purchase Notification Popup.glb",".glb","1040"
"Assets\PrefabHierarchyObject\Pyrotechnics particles.glb",".glb","296"
"Assets\PrefabHierarchyObject\RandomShot.glb",".glb","129208"
"Assets\PrefabHierarchyObject\Randy.glb",".glb","196"
"Assets\PrefabHierarchyObject\Randy_0.glb",".glb","52472"
"Assets\PrefabHierarchyObject\Randy_AI.glb",".glb","995356"
"Assets\PrefabHierarchyObject\Rewind Dialog.glb",".glb","1996"
"Assets\PrefabHierarchyObject\Rocket Pickup.glb",".glb","103016"
"Assets\PrefabHierarchyObject\Rocket.glb",".glb","103048"
"Assets\PrefabHierarchyObject\RocketFire.glb",".glb","276"
"Assets\PrefabHierarchyObject\Scoop-inator Bronze.glb",".glb","212"
"Assets\PrefabHierarchyObject\Scoop-inator Copper.glb",".glb","212"
"Assets\PrefabHierarchyObject\Scoop-inator Gold.glb",".glb","208"
"Assets\PrefabHierarchyObject\Scoop-inator Silver.glb",".glb","212"
"Assets\PrefabHierarchyObject\Scoop-inator Steel.glb",".glb","208"
"Assets\PrefabHierarchyObject\Scorchin' Thrusters Bronze.glb",".glb","216"
"Assets\PrefabHierarchyObject\Scorchin' Thrusters Copper.glb",".glb","216"
"Assets\PrefabHierarchyObject\Scorchin' Thrusters Gold.glb",".glb","216"
"Assets\PrefabHierarchyObject\Scorchin' Thrusters Silver.glb",".glb","216"
"Assets\PrefabHierarchyObject\Scorchin' Thrusters Steel.glb",".glb","216"
"Assets\PrefabHierarchyObject\Select Circuit Menu.glb",".glb","540368"
"Assets\PrefabHierarchyObject\Select Track Menu.glb",".glb","4524"
"Assets\PrefabHierarchyObject\SettingsMenu.glb",".glb","3852"
"Assets\PrefabHierarchyObject\Shadow Blob.glb",".glb","123464"
"Assets\PrefabHierarchyObject\Shield Double.glb",".glb","606840"
"Assets\PrefabHierarchyObject\Shield.glb",".glb","585052"
"Assets\PrefabHierarchyObject\ShieldPickup.glb",".glb","104884"
"Assets\PrefabHierarchyObject\ShockedEngine.glb",".glb","400"
"Assets\PrefabHierarchyObject\Soos.glb",".glb","3064"
"Assets\PrefabHierarchyObject\SoundLibrary.glb",".glb","204"
"Assets\PrefabHierarchyObject\Speedster Black.glb",".glb","208"
"Assets\PrefabHierarchyObject\Speedster Blue.glb",".glb","204"
"Assets\PrefabHierarchyObject\Speedster Gunther Custom.glb",".glb","216"
"Assets\PrefabHierarchyObject\Speedster Kick Custom.glb",".glb","212"
"Assets\PrefabHierarchyObject\Speedster Pink.glb",".glb","204"
"Assets\PrefabHierarchyObject\Speedster Purple.glb",".glb","208"
"Assets\PrefabHierarchyObject\Speedster Red.glb",".glb","204"
"Assets\PrefabHierarchyObject\Speedy Scoop Bronze.glb",".glb","212"
"Assets\PrefabHierarchyObject\Speedy Scoop Copper.glb",".glb","212"
"Assets\PrefabHierarchyObject\Speedy Scoop Gold.glb",".glb","208"
"Assets\PrefabHierarchyObject\Speedy Scoop Silver.glb",".glb","212"
"Assets\PrefabHierarchyObject\Speedy Scoop Steel.glb",".glb","208"
"Assets\PrefabHierarchyObject\Speedy Spoiler Bea Custom.glb",".glb","216"
"Assets\PrefabHierarchyObject\Speedy Spoiler Black.glb",".glb","212"
"Assets\PrefabHierarchyObject\Speedy Spoiler Blue.glb",".glb","212"
"Assets\PrefabHierarchyObject\Speedy Spoiler Milo Custom.glb",".glb","216"
"Assets\PrefabHierarchyObject\Speedy Spoiler Oscar Custom.glb",".glb","220"
"Assets\PrefabHierarchyObject\Speedy Spoiler Pink.glb",".glb","212"
"Assets\PrefabHierarchyObject\Speedy Spoiler Purple.glb",".glb","212"
"Assets\PrefabHierarchyObject\Speedy Spoiler Red.glb",".glb","208"
"Assets\PrefabHierarchyObject\Spend Lifetime Coins x1000.glb",".glb","216"
"Assets\PrefabHierarchyObject\Spend Lifetime Coins x10000.glb",".glb","220"
"Assets\PrefabHierarchyObject\Spend Lifetime Coins x100000.glb",".glb","220"
"Assets\PrefabHierarchyObject\Spinout.glb",".glb","272"
"Assets\PrefabHierarchyObject\StoreKitManager.glb",".glb","208"
"Assets\PrefabHierarchyObject\The Beast Agent P Custom.glb",".glb","216"
"Assets\PrefabHierarchyObject\The Beast Black.glb",".glb","208"
"Assets\PrefabHierarchyObject\The Beast Blue.glb",".glb","204"
"Assets\PrefabHierarchyObject\The Beast Bronze.glb",".glb","208"
"Assets\PrefabHierarchyObject\The Beast Copper.glb",".glb","208"
"Assets\PrefabHierarchyObject\The Beast Ferb Custom.glb",".glb","212"
"Assets\PrefabHierarchyObject\The Beast Gold.glb",".glb","204"
"Assets\PrefabHierarchyObject\The Beast Phineas Custom.glb",".glb","216"
"Assets\PrefabHierarchyObject\The Beast Pink.glb",".glb","204"
"Assets\PrefabHierarchyObject\The Beast Purple.glb",".glb","208"
"Assets\PrefabHierarchyObject\The Beast Red.glb",".glb","204"
"Assets\PrefabHierarchyObject\The Beast Silver.glb",".glb","208"
"Assets\PrefabHierarchyObject\The Beast Steel.glb",".glb","208"
"Assets\PrefabHierarchyObject\The Hog-inator Black.glb",".glb","212"
"Assets\PrefabHierarchyObject\The Hog-inator Blue.glb",".glb","212"
"Assets\PrefabHierarchyObject\The Hog-inator Brad Custom.glb",".glb","216"
"Assets\PrefabHierarchyObject\The Hog-inator Mike Custom.glb",".glb","216"
"Assets\PrefabHierarchyObject\The Hog-inator Pink.glb",".glb","212"
"Assets\PrefabHierarchyObject\The Hog-inator Purple.glb",".glb","212"
"Assets\PrefabHierarchyObject\The Hog-inator Red.glb",".glb","208"
"Assets\PrefabHierarchyObject\Trak Blasters Bronze.glb",".glb","212"
"Assets\PrefabHierarchyObject\Trak Blasters Copper.glb",".glb","212"
"Assets\PrefabHierarchyObject\Trak Blasters Gold.glb",".glb","208"
"Assets\PrefabHierarchyObject\Trak Blasters Silver.glb",".glb","212"
"Assets\PrefabHierarchyObject\Trak Blasters Steel.glb",".glb","212"
"Assets\PrefabHierarchyObject\Trak Skoop Bronze.glb",".glb","208"
"Assets\PrefabHierarchyObject\Trak Skoop Copper.glb",".glb","208"
"Assets\PrefabHierarchyObject\Trak Skoop Gold.glb",".glb","208"
"Assets\PrefabHierarchyObject\Trak Skoop Silver.glb",".glb","208"
"Assets\PrefabHierarchyObject\Trak Skoop Steel.glb",".glb","208"
"Assets\PrefabHierarchyObject\Traktor 3000 Bea Custom.glb",".glb","216"
"Assets\PrefabHierarchyObject\Traktor 3000 Black.glb",".glb","208"
"Assets\PrefabHierarchyObject\Traktor 3000 Blue.glb",".glb","208"
"Assets\PrefabHierarchyObject\Traktor 3000 Milo Custom.glb",".glb","216"
"Assets\PrefabHierarchyObject\Traktor 3000 Oscar Custom.glb",".glb","216"
"Assets\PrefabHierarchyObject\Traktor 3000 Pink.glb",".glb","208"
"Assets\PrefabHierarchyObject\Traktor 3000 Purple.glb",".glb","212"
"Assets\PrefabHierarchyObject\Traktor 3000 Red.glb",".glb","208"
"Assets\PrefabHierarchyObject\Traktor Wing Black.glb",".glb","208"
"Assets\PrefabHierarchyObject\Traktor Wing Blue.glb",".glb","208"
"Assets\PrefabHierarchyObject\Traktor Wing Dipper Custom.glb",".glb","216"
"Assets\PrefabHierarchyObject\Traktor Wing Mabel Custom.glb",".glb","216"
"Assets\PrefabHierarchyObject\Traktor Wing Pink.glb",".glb","208"
"Assets\PrefabHierarchyObject\Traktor Wing Purple.glb",".glb","212"
"Assets\PrefabHierarchyObject\Traktor Wing Red.glb",".glb","208"
"Assets\PrefabHierarchyObject\TripLine.glb",".glb","13572"
"Assets\PrefabHierarchyObject\Tripwire Shield.glb",".glb","137144"
"Assets\PrefabHierarchyObject\Truck 0 Body.glb",".glb","68632"
"Assets\PrefabHierarchyObject\Truck 0 Wheels.glb",".glb","273536"
"Assets\PrefabHierarchyObject\Truck 1 Body.glb",".glb","68564"
"Assets\PrefabHierarchyObject\Truck 1 Spoiler.glb",".glb","131684"
"Assets\PrefabHierarchyObject\Truck 1 Thruster.glb",".glb","134356"
"Assets\PrefabHierarchyObject\Truck 1 Wheels.glb",".glb","273536"
"Assets\PrefabHierarchyObject\Truck 2 Body.glb",".glb","68900"
"Assets\PrefabHierarchyObject\Truck 2 Spoiler.glb",".glb","131396"
"Assets\PrefabHierarchyObject\Truck 2 Thruster.glb",".glb","139144"
"Assets\PrefabHierarchyObject\Truck 2 Wheels.glb",".glb","273536"
"Assets\PrefabHierarchyObject\Truck 3 Body.glb",".glb","75660"
"Assets\PrefabHierarchyObject\Truck 3 Spoiler.glb",".glb","132904"
"Assets\PrefabHierarchyObject\Truck 3 Thruster.glb",".glb","138128"
"Assets\PrefabHierarchyObject\Truck 3 Wheels.glb",".glb","273532"
"Assets\PrefabHierarchyObject\Truck 4 Body.glb",".glb","69416"
"Assets\PrefabHierarchyObject\Truck 4 Spoiler.glb",".glb","132540"
"Assets\PrefabHierarchyObject\Truck 4 Thruster.glb",".glb","146612"
"Assets\PrefabHierarchyObject\Truck 4 Wheels.glb",".glb","273536"
"Assets\PrefabHierarchyObject\Truck 5 Body.glb",".glb","70364"
"Assets\PrefabHierarchyObject\Truck 5 Spoiler.glb",".glb","134180"
"Assets\PrefabHierarchyObject\Truck 5 Thruster.glb",".glb","144836"
"Assets\PrefabHierarchyObject\Truck 5 Wheels.glb",".glb","273532"
"Assets\PrefabHierarchyObject\Truck 6 Spoiler.glb",".glb","441840"
"Assets\PrefabHierarchyObject\Truck 6 Thruster.glb",".glb","448228"
"Assets\PrefabHierarchyObject\Truck 6 Wheels.glb",".glb","273532"
"Assets\PrefabHierarchyObject\Turn Tutorial.glb",".glb","204"
"Assets\PrefabHierarchyObject\Tutorial Collection.glb",".glb","212"
"Assets\PrefabHierarchyObject\Tutorial.glb",".glb","200"
"Assets\PrefabHierarchyObject\TutorialLauncher.glb",".glb","1020"
"Assets\PrefabHierarchyObject\Unlock All Cart Bodies.glb",".glb","212"
"Assets\PrefabHierarchyObject\Unlock All Cart Scoops.glb",".glb","212"
"Assets\PrefabHierarchyObject\Unlock All Cart Spoilers.glb",".glb","216"
"Assets\PrefabHierarchyObject\Unlock All Cart Thrusters.glb",".glb","216"
"Assets\PrefabHierarchyObject\Unlock All Cart Wheels.glb",".glb","212"
"Assets\PrefabHierarchyObject\Unlock All Characters.glb",".glb","212"
"Assets\PrefabHierarchyObject\Unlock All Fishhooks Characters.glb",".glb","224"
"Assets\PrefabHierarchyObject\Unlock All Gravity Characters.glb",".glb","220"
"Assets\PrefabHierarchyObject\Unlock All Kick Characters.glb",".glb","216"
"Assets\PrefabHierarchyObject\Unlock All PandF Characters.glb",".glb","220"
"Assets\PrefabHierarchyObject\UnlockCircuitDialog.glb",".glb","160936"
"Assets\PrefabHierarchyObject\Use A Double Boost.glb",".glb","208"
"Assets\PrefabHierarchyObject\Use A Double Mine.glb",".glb","208"
"Assets\PrefabHierarchyObject\Use A Double Rocket.glb",".glb","212"
"Assets\PrefabHierarchyObject\Use A Double Shield.glb",".glb","212"
"Assets\PrefabHierarchyObject\Use a Powerup Tutorial.glb",".glb","212"
"Assets\PrefabHierarchyObject\Use All Double Powerup Combos.glb",".glb","220"
"Assets\PrefabHierarchyObject\Use Powerup Against Opponent Mine.glb",".glb","224"
"Assets\PrefabHierarchyObject\Use Powerup Against Opponent Rocket.glb",".glb","228"
"Assets\PrefabHierarchyObject\Use Powerup Against Opponent Smash.glb",".glb","224"
"Assets\PrefabHierarchyObject\WrongWayPrefab.glb",".glb","464"
"Assets\QualitySettings\QualitySettings.json",".json","3454"
"Assets\ResourceManager\ResourceManager.json",".json","820917"
"Assets\Resources\CharacterConfig.bytes",".bytes","505"
"Assets\Resources\PartCosts.bytes",".bytes","71"
"Assets\Resources\languages\Localize-Default.bytes",".bytes","32612"
"Assets\Resources\languages\Localize-SW.bytes",".bytes","32678"
"Assets\Resources\localized\CloudStrapLogo_english.png",".png","711133"
"Assets\Resources\localized\CrashAndBernsteinLogo_english.png",".png","170607"
"Assets\Resources\localized\CrashAndBernsteinLogo_english.png.png",".png","208980"
"Assets\Resources\localized\CrashAndBernsteinLogo_norwegian.png",".png","370914"
"Assets\Resources\localized\FishHooksBillboardAd2_english.png",".png","353817"
"Assets\Resources\localized\FishHooksBillboardAd2_norwegian.png",".png","1100048"
"Assets\Resources\localized\FishHooksBillboardAd_english.png",".png","485104"
"Assets\Resources\localized\FishHooksBillboardAd_norwegian.png",".png","1525234"
"Assets\Resources\localized\FishhooksLogo_english.png",".png","91777"
"Assets\Resources\localized\FishhooksLogo_norwegian.png",".png","208331"
"Assets\Resources\localized\GravityLogo_english.png",".png","210135"
"Assets\Resources\localized\GravityLogo_norwegian.png",".png","306193"
"Assets\Resources\localized\KickBillboardAd2_english.png",".png","304952"
"Assets\Resources\localized\KickBillboardAd2_norwegian.png",".png","684436"
"Assets\Resources\localized\KickBillboardAd_english.png",".png","440275"
"Assets\Resources\localized\KickBillboardAd_norwegian.png",".png","1038489"
"Assets\Resources\localized\KickLogo_english.png",".png","128595"
"Assets\Resources\localized\KickLogo_norwegian.png",".png","267146"
"Assets\Resources\localized\MasterCircuitLocked_english.png",".png","391773"
"Assets\Resources\localized\MasterCircuitLocked_norwegian.png",".png","294093"
"Assets\Resources\localized\MasterCircuit_english.png",".png","394276"
"Assets\Resources\localized\MasterCircuit_norwegian.png",".png","288510"
"Assets\Resources\localized\MotorCityLogo_english.png",".png","54674"
"Assets\Resources\localized\MotorCityLogo_norwegian.png",".png","143274"
"Assets\Resources\localized\NewbieCircuit_english.png",".png","408096"
"Assets\Resources\localized\NewbieCircuit_norwegian.png",".png","291270"
"Assets\Resources\localized\PhineasBillboardAd2_english.png",".png","366446"
"Assets\Resources\localized\PhineasBillboardAd2_norwegian.png",".png","1031418"
"Assets\Resources\localized\PhineasBillboardAd_english.png",".png","429847"
"Assets\Resources\localized\PhineasBillboardAd_norwegian.png",".png","1354806"
"Assets\Resources\localized\PhineasLogo_english.png",".png","100833"
"Assets\Resources\localized\PhineasLogo_norwegian.png",".png","271328"
"Assets\Resources\localized\PranksgivingLogo.png",".png","68015"
"Assets\Resources\localized\ProCircuitLocked_english.png",".png","404178"
"Assets\Resources\localized\ProCircuitLocked_norwegian.png",".png","302720"
"Assets\Resources\localized\ProCircuit_english.png",".png","409444"
"Assets\Resources\localized\ProCircuit_norwegian.png",".png","307502"
"Assets\Resources\localized\RandyLogo_english.png",".png","64874"
"Assets\Resources\localized\RandyLogo_norwegian.png",".png","179282"
"Assets\Resources\localized\SS_Logo_english.png",".png","1340128"
"Assets\Resources\localized\SS_Logo_norwegian.png",".png","148658"
"Assets\Resources\multilayertextures\kart0nopaint\kart0NO_body_detail.png",".png","2830"
"Assets\Resources\multilayertextures\kart0nopaint\kart0NO_body_main.png",".png","34133"
"Assets\Resources\multilayertextures\kart0nopaint\kart0NO_scoop_main.png",".png","4032"
"Assets\Resources\multilayertextures\kart0nopaint\kart0NO_spoiler_main.png",".png","7044"
"Assets\Resources\multilayertextures\kart0nopaint\kart0NO_thrusters_main.png",".png","7438"
"Assets\Resources\multilayertextures\kart0nopaint\kart0NO_untouchable_seat.png",".png","13206"
"Assets\Resources\multilayertextures\kart0nopaint\kart0NO_wheels_detail.png",".png","8842"
"Assets\Resources\multilayertextures\kart0nopaint\kart0NO_wheels_main.png",".png","3391"
"Assets\Resources\multilayertextures\kart0paint\kart0_body_detail.png",".png","2830"
"Assets\Resources\multilayertextures\kart0paint\kart0_body_main.png",".png","23315"
"Assets\Resources\multilayertextures\kart0paint\kart0_scoop_main.png",".png","3853"
"Assets\Resources\multilayertextures\kart0paint\kart0_spoiler_main.png",".png","6667"
"Assets\Resources\multilayertextures\kart0paint\kart0_thrusters_main.png",".png","7152"
"Assets\Resources\multilayertextures\kart0paint\kart0_untouchable_seat.png",".png","13206"
"Assets\Resources\multilayertextures\kart0paint\kart0_wheels_detail.png",".png","8842"
"Assets\Resources\multilayertextures\kart0paint\kart0_wheels_main.png",".png","3391"
"Assets\Resources\multilayertextures\kart1paint\kart1_body_detail.png",".png","9049"
"Assets\Resources\multilayertextures\kart1paint\kart1_body_main.png",".png","23315"
"Assets\Resources\multilayertextures\kart1paint\kart1_Gunther_body_decal.png",".png","15305"
"Assets\Resources\multilayertextures\kart1paint\kart1_Gunther_spoiler_decal.png",".png","735"
"Assets\Resources\multilayertextures\kart1paint\kart1_Kick_body_decal.png",".png","13140"
"Assets\Resources\multilayertextures\kart1paint\kart1_Kick_spoiler_decal.png",".png","655"
"Assets\Resources\multilayertextures\kart1paint\kart1_scoop_main.png",".png","3934"
"Assets\Resources\multilayertextures\kart1paint\kart1_spoiler_main.png",".png","6676"
"Assets\Resources\multilayertextures\kart1paint\kart1_thrusters_main.png",".png","7982"
"Assets\Resources\multilayertextures\kart1paint\kart1_untouchable_seat.png",".png","13263"
"Assets\Resources\multilayertextures\kart1paint\kart1_wheels_detail.png",".png","9841"
"Assets\Resources\multilayertextures\kart1paint\kart1_wheels_main.png",".png","3919"
"Assets\Resources\multilayertextures\kart2paint\kart2_Bea_body_decal.png",".png","5038"
"Assets\Resources\multilayertextures\kart2paint\kart2_Bea_spoiler_decal.png",".png","1126"
"Assets\Resources\multilayertextures\kart2paint\kart2_body_detail.png",".png","13811"
"Assets\Resources\multilayertextures\kart2paint\kart2_body_main.png",".png","11810"
"Assets\Resources\multilayertextures\kart2paint\kart2_Milo_body_decal.png",".png","5322"
"Assets\Resources\multilayertextures\kart2paint\kart2_Milo_spoiler_decal.png",".png","1164"
"Assets\Resources\multilayertextures\kart2paint\kart2_Oscar_body_decal.png",".png","5813"
"Assets\Resources\multilayertextures\kart2paint\kart2_Oscar_spoiler_decal.png",".png","1259"
"Assets\Resources\multilayertextures\kart2paint\kart2_scoop_main.png",".png","6911"
"Assets\Resources\multilayertextures\kart2paint\kart2_spoiler_main.png",".png","6676"
"Assets\Resources\multilayertextures\kart2paint\kart2_thrusters_main.png",".png","3219"
"Assets\Resources\multilayertextures\kart2paint\kart2_untouchable_seat.png",".png","13263"
"Assets\Resources\multilayertextures\kart2paint\kart2_wheels_detail.png",".png","9560"
"Assets\Resources\multilayertextures\kart2paint\kart2_wheels_main.png",".png","3320"
"Assets\Resources\multilayertextures\kart3paint\kart3_body_detail.png",".png","5823"
"Assets\Resources\multilayertextures\kart3paint\kart3_body_main.png",".png","11715"
"Assets\Resources\multilayertextures\kart3paint\kart3_Dipper_body_decal.png",".png","3368"
"Assets\Resources\multilayertextures\kart3paint\kart3_Mabel_body_decal.png",".png","3684"
"Assets\Resources\multilayertextures\kart3paint\kart3_scoop_detail.png",".png","1075"
"Assets\Resources\multilayertextures\kart3paint\kart3_scoop_main.png",".png","1712"
"Assets\Resources\multilayertextures\kart3paint\kart3_spoiler_main.png",".png","6676"
"Assets\Resources\multilayertextures\kart3paint\kart3_thrusters_main.png",".png","7152"
"Assets\Resources\multilayertextures\kart3paint\kart3_untouchable_seat.png",".png","13263"
"Assets\Resources\multilayertextures\kart3paint\kart3_wheels_detail.png",".png","9233"
"Assets\Resources\multilayertextures\kart3paint\kart3_wheels_main.png",".png","3334"
"Assets\Resources\multilayertextures\kart4paint\kart4_body_detail.png",".png","7575"
"Assets\Resources\multilayertextures\kart4paint\kart4_body_main.png",".png","18824"
"Assets\Resources\multilayertextures\kart4paint\kart4_Brad_body_decal.png",".png","4880"
"Assets\Resources\multilayertextures\kart4paint\kart4_Brad_spoiler_decal.png",".png","2091"
"Assets\Resources\multilayertextures\kart4paint\kart4_Mike_body_decal.png",".png","3597"
"Assets\Resources\multilayertextures\kart4paint\kart4_Mike_spoiler_decal.png",".png","1629"
"Assets\Resources\multilayertextures\kart4paint\kart4_scoop_main.png",".png","4830"
"Assets\Resources\multilayertextures\kart4paint\kart4_spoiler_main.png",".png","2145"
"Assets\Resources\multilayertextures\kart4paint\kart4_thrusters_main.png",".png","2112"
"Assets\Resources\multilayertextures\kart4paint\kart4_untouchable_seat.png",".png","13263"
"Assets\Resources\multilayertextures\kart4paint\kart4_wheels_detail.png",".png","9149"
"Assets\Resources\multilayertextures\kart4paint\kart4_wheels_main.png",".png","2892"
"Assets\Resources\multilayertextures\kart5paint\kart5_body_detail.png",".png","6275"
"Assets\Resources\multilayertextures\kart5paint\kart5_body_main.png",".png","16745"
"Assets\Resources\multilayertextures\kart5paint\kart5_Ferb_body_decal.png",".png","4087"
"Assets\Resources\multilayertextures\kart5paint\kart5_Ferb_spoiler_decal.png",".png","1591"
"Assets\Resources\multilayertextures\kart5paint\kart5_Perry_body_decal.png",".png","4596"
"Assets\Resources\multilayertextures\kart5paint\kart5_Perry_spoiler_decal.png",".png","1466"
"Assets\Resources\multilayertextures\kart5paint\kart5_Phineas_body_decal.png",".png","3704"
"Assets\Resources\multilayertextures\kart5paint\kart5_Phineas_spoiler_decal.png",".png","1369"
"Assets\Resources\multilayertextures\kart5paint\kart5_scoop_detail.png",".png","1601"
"Assets\Resources\multilayertextures\kart5paint\kart5_scoop_main.png",".png","2337"
"Assets\Resources\multilayertextures\kart5paint\kart5_spoiler_detail.png",".png","3450"
"Assets\Resources\multilayertextures\kart5paint\kart5_spoiler_main.png",".png","4030"
"Assets\Resources\multilayertextures\kart5paint\kart5_thrusters_main.png",".png","1712"
"Assets\Resources\multilayertextures\kart5paint\kart5_untouchable_seat.png",".png","13263"
"Assets\Resources\multilayertextures\kart5paint\kart5_wheels_detail.png",".png","10069"
"Assets\Resources\multilayertextures\kart5paint\kart5_wheels_main.png",".png","3900"
"Assets\Resources\multilayertextures\kart6paint\kart6_scoop_detail.png",".png","2418"
"Assets\Resources\multilayertextures\kart6paint\kart6_scoop_main.png",".png","6652"
"Assets\Resources\multilayertextures\kart6paint\kart6_spoiler_decal.png",".png","2028"
"Assets\Resources\multilayertextures\kart6paint\kart6_spoiler_main.png",".png","3589"
"Assets\Resources\multilayertextures\kart6paint\kart6_thrusters_detail.png",".png","2821"
"Assets\Resources\multilayertextures\kart6paint\kart6_thrusters_main.png",".png","3320"
"Assets\Resources\multilayertextures\kart6paint\kart6_wheels_detail.png",".png","10340"
"Assets\Resources\multilayertextures\kart6paint\kart6_wheels_main.png",".png","5344"
"Assets\SceneHierarchyObject\CloudStrap.glb",".glb","1370328"
"Assets\SceneHierarchyObject\Fish Hooks Track 1.glb",".glb","12452492"
"Assets\SceneHierarchyObject\Fish Hooks Track 2.glb",".glb","11133008"
"Assets\SceneHierarchyObject\Fish Hooks Track 3.glb",".glb","14374004"
"Assets\SceneHierarchyObject\FrontEndTest.glb",".glb","10909848"
"Assets\SceneHierarchyObject\Kick Butt Track 1.glb",".glb","8283864"
"Assets\SceneHierarchyObject\Kick Butt Track 2.glb",".glb","9729528"
"Assets\SceneHierarchyObject\Kick Butt Track 3.glb",".glb","8674716"
"Assets\SceneHierarchyObject\Loading.glb",".glb","6478636"
"Assets\SceneHierarchyObject\MoreDisney.glb",".glb","1844"
"Assets\SceneHierarchyObject\Phineas Track 1.glb",".glb","14703788"
"Assets\SceneHierarchyObject\Phineas Track 2.glb",".glb","10934728"
"Assets\SceneHierarchyObject\Phineas Track 3.glb",".glb","12441116"
"Assets\SceneHierarchyObject\Pranksgiving Test.glb",".glb","27502728"
"Assets\SceneHierarchyObject\PreFrontEnd.glb",".glb","1836"
"Assets\SceneHierarchyObject\RaceResults.glb",".glb","6025092"
"Assets\SceneHierarchyObject\Tutorial Track.glb",".glb","8279060"
"Assets\Scenes\Front End\FrontEndTest\LightmapFar-0.png",".png","289880"
"Assets\Scenes\Front End\FrontEndTest\LightProbes.json",".json","41124"
"Assets\Scenes\Test Scenes\Pranksgiving Test\LightmapFar-0.png",".png","1044814"
"Assets\Scenes\Test Scenes\Pranksgiving Test\LightmapFar-1.png",".png","1311572"
"Assets\Scenes\Test Scenes\Pranksgiving Test\LightmapFar-2.png",".png","1393204"
"Assets\Scenes\Test Scenes\Pranksgiving Test\LightmapFar-3.png",".png","1243625"
"Assets\Scenes\Test Scenes\Pranksgiving Test\LightmapFar-4.png",".png","1414446"
"Assets\Scenes\Test Scenes\Pranksgiving Test\LightmapFar-5.png",".png","1305072"
"Assets\Scenes\Test Scenes\Pranksgiving Test\LightmapFar-6.png",".png","887276"
"Assets\Scenes\Test Scenes\Pranksgiving Test\LightmapFar-7.png",".png","180881"
"Assets\Scenes\Test Scenes\Pranksgiving Test\LightProbes.json",".json","1198901"
"Assets\Scenes\Tracks\Fish Hooks Track 1\LightmapFar-0.png",".png","851178"
"Assets\Scenes\Tracks\Fish Hooks Track 1\LightmapFar-1.png",".png","1324675"
"Assets\Scenes\Tracks\Fish Hooks Track 1\LightmapFar-2.png",".png","544329"
"Assets\Scenes\Tracks\Fish Hooks Track 1\LightProbes.json",".json","3024466"
"Assets\Scenes\Tracks\Fish Hooks Track 2\LightmapFar-0.png",".png","1113548"
"Assets\Scenes\Tracks\Fish Hooks Track 2\LightmapFar-1.png",".png","778564"
"Assets\Scenes\Tracks\Fish Hooks Track 2\LightProbes.json",".json","1827526"
"Assets\Scenes\Tracks\Fish Hooks Track 3\LightmapFar-0.png",".png","558916"
"Assets\Scenes\Tracks\Fish Hooks Track 3\LightmapFar-1.png",".png","760396"
"Assets\Scenes\Tracks\Fish Hooks Track 3\LightmapFar-2.png",".png","1190825"
"Assets\Scenes\Tracks\Fish Hooks Track 3\LightmapFar-3.png",".png","997813"
"Assets\Scenes\Tracks\Fish Hooks Track 3\LightmapFar-4.png",".png","788031"
"Assets\Scenes\Tracks\Fish Hooks Track 3\LightProbes.json",".json","1279921"
"Assets\Scenes\Tracks\Kick Butt Track 1\LightmapFar-0.png",".png","1091780"
"Assets\Scenes\Tracks\Kick Butt Track 1\LightmapFar-1.png",".png","1314130"
"Assets\Scenes\Tracks\Kick Butt Track 1\LightmapFar-2.png",".png","1221588"
"Assets\Scenes\Tracks\Kick Butt Track 1\LightmapFar-3.png",".png","590531"
"Assets\Scenes\Tracks\Kick Butt Track 2\LightmapFar-0.png",".png","1146068"
"Assets\Scenes\Tracks\Kick Butt Track 2\LightmapFar-1.png",".png","1598733"
"Assets\Scenes\Tracks\Kick Butt Track 2\LightmapFar-2.png",".png","859476"
"Assets\Scenes\Tracks\Kick Butt Track 2\LightProbes.json",".json","1329144"
"Assets\Scenes\Tracks\Kick Butt Track 3\LightmapFar-0.png",".png","993506"
"Assets\Scenes\Tracks\Kick Butt Track 3\LightmapFar-1.png",".png","1253823"
"Assets\Scenes\Tracks\Kick Butt Track 3\LightmapFar-2.png",".png","732791"
"Assets\Scenes\Tracks\Kick Butt Track 3\LightProbes.json",".json","1629952"
"Assets\Scenes\Tracks\Phineas Track 1\LightmapFar-0.png",".png","831015"
"Assets\Scenes\Tracks\Phineas Track 1\LightmapFar-1.png",".png","852781"
"Assets\Scenes\Tracks\Phineas Track 1\LightmapFar-2.png",".png","920204"
"Assets\Scenes\Tracks\Phineas Track 1\LightmapFar-3.png",".png","759617"
"Assets\Scenes\Tracks\Phineas Track 1\LightProbes.json",".json","2134735"
"Assets\Scenes\Tracks\Phineas Track 2\LightmapFar-0.png",".png","732648"
"Assets\Scenes\Tracks\Phineas Track 2\LightmapFar-1.png",".png","474595"
"Assets\Scenes\Tracks\Phineas Track 2\LightmapFar-2.png",".png","849491"
"Assets\Scenes\Tracks\Phineas Track 2\LightmapFar-3.png",".png","844993"
"Assets\Scenes\Tracks\Phineas Track 2\LightmapFar-4.png",".png","840343"
"Assets\Scenes\Tracks\Phineas Track 2\LightProbes.json",".json","2189714"
"Assets\Scenes\Tracks\Phineas Track 3\LightmapFar-0.png",".png","770853"
"Assets\Scenes\Tracks\Phineas Track 3\LightmapFar-1.png",".png","1261048"
"Assets\Scenes\Tracks\Phineas Track 3\LightmapFar-2.png",".png","1077859"
"Assets\Scenes\Tracks\Phineas Track 3\LightmapFar-3.png",".png","991284"
"Assets\Scenes\Tracks\Phineas Track 3\LightmapFar-4.png",".png","1039140"
"Assets\Scenes\Tracks\Phineas Track 3\LightmapFar-5.png",".png","1014198"
"Assets\Scenes\Tracks\Phineas Track 3\LightmapFar-6.png",".png","1055501"
"Assets\Scenes\Tracks\Phineas Track 3\LightmapFar-7.png",".png","1109650"
"Assets\Scenes\Tracks\Phineas Track 3\LightmapFar-8.png",".png","1000960"
"Assets\Scenes\Tracks\Phineas Track 3\LightmapFar-9.png",".png","572440"
"Assets\Scenes\Tracks\Phineas Track 3\LightProbes.json",".json","1757135"
"Assets\ScriptMapper\ScriptMapper.json",".json","19609"
"Assets\Shader\Alpha-Diffuse.bytes",".bytes","20950"
"Assets\Shader\Alpha-VertexLit.bytes",".bytes","2047"
"Assets\Shader\Camera-DepthNormalTexture.bytes",".bytes","27767"
"Assets\Shader\Camera-DepthTexture.bytes",".bytes","17086"
"Assets\Shader\Double Texture Additive Unlit.bytes",".bytes","604"
"Assets\Shader\Font.bytes",".bytes","1298"
"Assets\Shader\Illumin-Diffuse.bytes",".bytes","68601"
"Assets\Shader\Illumin-VertexLit.bytes",".bytes","773"
"Assets\Shader\Internal-BlitCopy.bytes",".bytes","703"
"Assets\Shader\Internal-Clear.bytes",".bytes","2123"
"Assets\Shader\Internal-CombineDepthNormals.bytes",".bytes","1985"
"Assets\Shader\Internal-Flare.bytes",".bytes","972"
"Assets\Shader\Internal-GUITexture.bytes",".bytes","1073"
"Assets\Shader\Internal-GUITextureBlit.bytes",".bytes","1418"
"Assets\Shader\Internal-GUITextureClip.bytes",".bytes","1458"
"Assets\Shader\Internal-GUITextureClipText.bytes",".bytes","1456"
"Assets\Shader\Internal-Halo.bytes",".bytes","1201"
"Assets\Shader\Internal-PrePassCollectShadows.bytes",".bytes","11787"
"Assets\Shader\Internal-PrePassLighting.bytes",".bytes","222042"
"Assets\Shader\Mobile-Diffuse.bytes",".bytes","52257"
"Assets\Shader\Mobile-Lightmap-Unlit.bytes",".bytes","986"
"Assets\Shader\Mobile-Particle-Add.bytes",".bytes","524"
"Assets\Shader\Mobile-Particle-Alpha-VertexLit.bytes",".bytes","594"
"Assets\Shader\Mobile-Particle-Alpha.bytes",".bytes","542"
"Assets\Shader\Mobile-Particle-Multiply.bytes",".bytes","618"
"Assets\Shader\Mobile-Skybox.bytes",".bytes","1295"
"Assets\Shader\Mobile-VertexLit.bytes",".bytes","15543"
"Assets\Shader\Normal-Diffuse.bytes",".bytes","63407"
"Assets\Shader\Normal-VertexLit.bytes",".bytes","15966"
"Assets\Shader\Particle Add.bytes",".bytes","3215"
"Assets\Shader\Particle Premultiply Blend.bytes",".bytes","3074"
"Assets\Shader\Shadow-ScreenBlur.bytes",".bytes","4679"
"Assets\Shader\Shadow-ScreenBlurRotated.bytes",".bytes","6930"
"Assets\Shader\Sprites-Default.bytes",".bytes","2480"
"Assets\Shader\Transparent And Color Unlit.bytes",".bytes","388"
"Assets\Shader\Transparent Color Shift Unlit.bytes",".bytes","479"
"Assets\Shader\Underwater Unlit.bytes",".bytes","81309"
"Assets\Shader\Unlit-Alpha.bytes",".bytes","1051"
"Assets\Shader\Unlit-Normal.bytes",".bytes","886"
"Assets\TagManager\TagManager.json",".json","1162"
"Assets\TextAsset\Localize-US.bytes",".bytes","32615"
"Assets\Texture2D\AlphaText.png",".png","12401"
"Assets\Texture2D\Anchor rocket.png",".png","93551"
"Assets\Texture2D\arrow sign.png",".png","116448"
"Assets\Texture2D\arrow sign_0.png",".png","89814"
"Assets\Texture2D\Barber.png",".png","421508"
"Assets\Texture2D\barrel.png",".png","74702"
"Assets\Texture2D\barrier uvs.png",".png","94685"
"Assets\Texture2D\BEAmap.png",".png","47382"
"Assets\Texture2D\billboard.png",".png","319251"
"Assets\Texture2D\BlastRadius.png",".png","40931"
"Assets\Texture2D\Blocker Invisible SpriteAtlas.png",".png","549"
"Assets\Texture2D\Blocker SpriteAtlas.png",".png","549"
"Assets\Texture2D\box.png",".png","279"
"Assets\Texture2D\box_0.png",".png","255607"
"Assets\Texture2D\bradMap.png",".png","72609"
"Assets\Texture2D\bridge column uvs.png",".png","84588"
"Assets\Texture2D\Bridge Street.png",".png","2041809"
"Assets\Texture2D\bridge.png",".png","1514447"
"Assets\Texture2D\Bridge_0.png",".png","123266"
"Assets\Texture2D\Bubble.png",".png","334476"
"Assets\Texture2D\Burst.png",".png","48122"
"Assets\Texture2D\button active.png",".png","550"
"Assets\Texture2D\button hover.png",".png","397"
"Assets\Texture2D\button on hover.png",".png","411"
"Assets\Texture2D\button on.png",".png","388"
"Assets\Texture2D\button.png",".png","385"
"Assets\Texture2D\Castle.png",".png","2487362"
"Assets\Texture2D\CharitableCharities.png",".png","378115"
"Assets\Texture2D\Checkerground.png",".png","36262"
"Assets\Texture2D\ChefGuilbauds.png",".png","967506"
"Assets\Texture2D\Cloud.png",".png","28865"
"Assets\Texture2D\CloudStrap SpriteAtlas.png",".png","564519"
"Assets\Texture2D\Coin.png",".png","20010"
"Assets\Texture2D\coin_0.png",".png","288466"
"Assets\Texture2D\color_white.png",".png","814"
"Assets\Texture2D\CoronaStar.png",".png","11809"
"Assets\Texture2D\crashTexture.png",".png","305540"
"Assets\Texture2D\danville arena ground.png",".png","106322"
"Assets\Texture2D\danville arena texture uvs.png",".png","106362"
"Assets\Texture2D\DanvilleArena uvs.png",".png","356716"
"Assets\Texture2D\Default-Particle.png",".png","7832"
"Assets\Texture2D\DipperTexture.png",".png","55001"
"Assets\Texture2D\Dirt Road.png",".png","916291"
"Assets\Texture2D\dirt track.png",".png","77993"
"Assets\Texture2D\DoofenschmirtzEvil.png",".png","458833"
"Assets\Texture2D\EscToExit_back.png",".png","6403"
"Assets\Texture2D\EscToExit_Text.png",".png","6454"
"Assets\Texture2D\ExplosionFire.png",".png","218997"
"Assets\Texture2D\Fadable HUD SpriteAtlas.png",".png","228316"
"Assets\Texture2D\Fader SpriteAtlas.png",".png","549"
"Assets\Texture2D\fancy building A uvs.png",".png","461423"
"Assets\Texture2D\fancy building B uvs.png",".png","425554"
"Assets\Texture2D\fancy building C uvs.png",".png","81929"
"Assets\Texture2D\fancy building E uvs.png",".png","478138"
"Assets\Texture2D\fancy building F uvs.png",".png","358691"
"Assets\Texture2D\Fence 1.png",".png","306500"
"Assets\Texture2D\Fence 2.png",".png","589371"
"Assets\Texture2D\Fence.png",".png","292706"
"Assets\Texture2D\Ferb.png",".png","80299"
"Assets\Texture2D\finish line SpriteAtlas.png",".png","171688"
"Assets\Texture2D\finish line.png",".png","368322"
"Assets\Texture2D\Fire bw.png",".png","27496"
"Assets\Texture2D\first track uvs.png",".png","84686"
"Assets\Texture2D\fish hook cliff face earth.png",".png","114602"
"Assets\Texture2D\fish hook cliff face weird.png",".png","135467"
"Assets\Texture2D\fish hook exterior ground.png",".png","168907"
"Assets\Texture2D\fish hook interior ceiling.png",".png","187310"
"Assets\Texture2D\fish hook interior court ground.png",".png","166358"
"Assets\Texture2D\fish hook interior ground.png",".png","147629"
"Assets\Texture2D\fish hook school exterior front door.png",".png","125271"
"Assets\Texture2D\fish hook school exterior stairs top.png",".png","181706"
"Assets\Texture2D\fish hook school exterior stairs.png",".png","154313"
"Assets\Texture2D\fish hook school exterior wall bare.png",".png","122860"
"Assets\Texture2D\fish hook school exterior wall.png",".png","123815"
"Assets\Texture2D\fish hooks basketball.png",".png","475121"
"Assets\Texture2D\fish hooks boulder.png",".png","132230"
"Assets\Texture2D\fish hooks casltel.png",".png","135628"
"Assets\Texture2D\fish hooks cliff thing 2.png",".png","463397"
"Assets\Texture2D\fish hooks cliff thing.png",".png","496801"
"Assets\Texture2D\fish hooks column.png",".png","118027"
"Assets\Texture2D\fish hooks decoration flute.png",".png","117651"
"Assets\Texture2D\fish hooks decorations clam.png",".png","135820"
"Assets\Texture2D\fish hooks decorations round shell.png",".png","141025"
"Assets\Texture2D\fish hooks decorations spiky shell.png",".png","143212"
"Assets\Texture2D\fish hooks exterior terrain grass.png",".png","140629"
"Assets\Texture2D\fish hooks exterior terrain weird.png",".png","166253"
"Assets\Texture2D\fish hooks exterior terrain.png",".png","145870"
"Assets\Texture2D\fish hooks football field.png",".png","161347"
"Assets\Texture2D\fish hooks football stadium.png",".png","136579"
"Assets\Texture2D\fish hooks interior walls clean.png",".png","137157"
"Assets\Texture2D\fish hooks interior walls.png",".png","140152"
"Assets\Texture2D\fish hooks lockers.png",".png","95344"
"Assets\Texture2D\fish hooks school bottom.png",".png","134543"
"Assets\Texture2D\fish hooks school mini columns.png",".png","116110"
"Assets\Texture2D\fish hooks school relief.png",".png","157492"
"Assets\Texture2D\fish hooks skybox.png",".png","332104"
"Assets\Texture2D\fish hooks skybox2.png",".png","334283"
"Assets\Texture2D\fish hooks track lines.png",".png","138630"
"Assets\Texture2D\fish hooks track main road.png",".png","514772"
"Assets\Texture2D\fish school.png",".png","13576"
"Assets\Texture2D\FishHooksBillboardAd.png",".png","488720"
"Assets\Texture2D\Fishtankia Tree 02.png",".png","433524"
"Assets\Texture2D\Fishtankia Tree 03.png",".png","243458"
"Assets\Texture2D\Fishtankia Tree 04.png",".png","453408"
"Assets\Texture2D\Fishtankia-Tree-01.png",".png","453155"
"Assets\Texture2D\Font Texture.json",".json","784"
"Assets\Texture2D\Font Texture.png",".png","225711"
"Assets\Texture2D\Font Texture_0.json",".json","778"
"Assets\Texture2D\Font Texture_1.json",".json","778"
"Assets\Texture2D\Full Screen Booster SpriteAtlas.png",".png","58912"
"Assets\Texture2D\garage beam.png",".png","66329"
"Assets\Texture2D\garage computer.png",".png","117625"
"Assets\Texture2D\garage electro box.png",".png","128037"
"Assets\Texture2D\garage exit door.png",".png","422731"
"Assets\Texture2D\garage exit door2.png",".png","113614"
"Assets\Texture2D\garage exit.png",".png","47871"
"Assets\Texture2D\garage ground.png",".png","308010"
"Assets\Texture2D\garage hall hole.png",".png","333"
"Assets\Texture2D\garage hall wall and floor.png",".png","469286"
"Assets\Texture2D\garage lift bottom.png",".png","264427"
"Assets\Texture2D\garage lift thingie.png",".png","74980"
"Assets\Texture2D\garage metal rivets.png",".png","121506"
"Assets\Texture2D\garage monitor main.png",".png","196295"
"Assets\Texture2D\garage other screen.png",".png","1175438"
"Assets\Texture2D\garage tire rack.png",".png","85329"
"Assets\Texture2D\garage toolbox.png",".png","81576"
"Assets\Texture2D\garage wall - pranksgiving.png",".png","1842293"
"Assets\Texture2D\garage wall1.png",".png","347583"
"Assets\Texture2D\GlowDot.png",".png","1281"
"Assets\Texture2D\Goal-Flag-plants-coral.png",".png","366010"
"Assets\Texture2D\Green Grass.png",".png","1175202"
"Assets\Texture2D\guntherMap.png",".png","72751"
"Assets\Texture2D\highway sign uvs.png",".png","91557"
"Assets\Texture2D\HokeyPokeDiner_Octopus.png",".png","376703"
"Assets\Texture2D\HokeyPokeDiner_Ship.png",".png","387238"
"Assets\Texture2D\horizontal scrollbar thumb.png",".png","395"
"Assets\Texture2D\horizontal scrollbar.png",".png","403"
"Assets\Texture2D\Horizontal strays SpriteAtlas.png",".png","369389"
"Assets\Texture2D\horizontalslider.png",".png","231"
"Assets\Texture2D\horseshoe crap uvs.png",".png","1387538"
"Assets\Texture2D\House 1 Color 1.png",".png","137800"
"Assets\Texture2D\House 1 Color 2.png",".png","136334"
"Assets\Texture2D\House 2 Color 1.png",".png","482627"
"Assets\Texture2D\House 2 Color 2.png",".png","460627"
"Assets\Texture2D\House 3 Color 1.png",".png","450711"
"Assets\Texture2D\House 3 Color 2.png",".png","453827"
"Assets\Texture2D\House 4 Color 1.png",".png","443032"
"Assets\Texture2D\House 4 Color 2.png",".png","434758"
"Assets\Texture2D\House 5 Color 1.png",".png","472229"
"Assets\Texture2D\House 5 Color 2.png",".png","456740"
"Assets\Texture2D\houses.png",".png","451433"
"Assets\Texture2D\houses2.png",".png","457714"
"Assets\Texture2D\HUD SpriteAtlas.png",".png","1376290"
"Assets\Texture2D\HUDCoinCost.png",".png","81222"
"Assets\Texture2D\HugeRecords.png",".png","326923"
"Assets\Texture2D\iCloud.png",".png","58585"
"Assets\Texture2D\inline ramp uvs.png",".png","96610"
"Assets\Texture2D\InventorsEmporium.png",".png","350115"
"Assets\Texture2D\Kart Customizer SpriteAtlas.png",".png","2418791"
"Assets\Texture2D\kart tier 1 texture.png",".png","128351"
"Assets\Texture2D\kart uvs template.png",".png","125051"
"Assets\Texture2D\kick big screen.png",".png","491462"
"Assets\Texture2D\kick car pile.png",".png","95218"
"Assets\Texture2D\kick ceiling.png",".png","374422"
"Assets\Texture2D\kick lights.png",".png","419547"
"Assets\Texture2D\kick school bus.png",".png","121031"
"Assets\Texture2D\kick scorebox.png",".png","161235"
"Assets\Texture2D\kick stadium piece.png",".png","441150"
"Assets\Texture2D\kick terrain.png",".png","195272"
"Assets\Texture2D\kick terrain2.png",".png","226241"
"Assets\Texture2D\KickBillboardAd.png",".png","304952"
"Assets\Texture2D\kickMap.png",".png","54261"
"Assets\Texture2D\laser sphere.png",".png","114851"
"Assets\Texture2D\laserRobotShadow.png",".png","26913"
"Assets\Texture2D\LaserWall.png",".png","37547"
"Assets\Texture2D\Level Previews SpriteAtlas.png",".png","3253509"
"Assets\Texture2D\lightning.png",".png","275388"
"Assets\Texture2D\Loading Circle White Alpha.png",".png","2773"
"Assets\Texture2D\logo phineas.png",".png","149768"
"Assets\Texture2D\logos SpriteAtlas.png",".png","295556"
"Assets\Texture2D\Logos SpriteAtlas_0.png",".png","113430"
"Assets\Texture2D\MabelTexture.png",".png","65463"
"Assets\Texture2D\MagnetShield.png",".png","503886"
"Assets\Texture2D\MikeTexture.png",".png","49523"
"Assets\Texture2D\MILOmap.png",".png","73355"
"Assets\Texture2D\mine.png",".png","119939"
"Assets\Texture2D\Multi-Use Icons SpriteAtlas.png",".png","737714"
"Assets\Texture2D\Multi-Use SpriteAtlas.png",".png","936787"
"Assets\Texture2D\music icon SpriteAtlas.png",".png","41838"
"Assets\Texture2D\Nav Bar Shifter SpriteAtlas.png",".png","799053"
"Assets\Texture2D\NewbieCircuit.png",".png","158305"
"Assets\Texture2D\OilSlick.png",".png","70833"
"Assets\Texture2D\OSCARmap.png",".png","41762"
"Assets\Texture2D\OtherUI SpriteAtlas.png",".png","30386"
"Assets\Texture2D\particle_4.png",".png","5020"
"Assets\Texture2D\Perry.png",".png","103769"
"Assets\Texture2D\phineas and ferb fancy highway.png",".png","248926"
"Assets\Texture2D\phineas and ferb grass.png",".png","7181"
"Assets\Texture2D\phineas and ferb skybox 2.png",".png","133887"
"Assets\Texture2D\phineas and ferb skybox top.png",".png","2255"
"Assets\Texture2D\phineas and ferb skybox.png",".png","186382"
"Assets\Texture2D\phineas ferb tunnel exterior texture.png",".png","311059"
"Assets\Texture2D\phineas ferb tunnel texture.png",".png","114794"
"Assets\Texture2D\phineas tree.png",".png","99308"
"Assets\Texture2D\phineas underpass exit tunnel.png",".png","112071"
"Assets\Texture2D\Phineas.png",".png","94567"
"Assets\Texture2D\PhineasBillboardAd.png",".png","429847"
"Assets\Texture2D\pickup gatorade.png",".png","93949"
"Assets\Texture2D\pickup rocket.png",".png","89716"
"Assets\Texture2D\pickup shield.png",".png","101148"
"Assets\Texture2D\Pie.png",".png","423688"
"Assets\Texture2D\PieShooter.png",".png","414133"
"Assets\Texture2D\PieSlick.png",".png","224968"
"Assets\Texture2D\PieSplat.png",".png","363001"
"Assets\Texture2D\PieSplatEffect SpriteAtlas.png",".png","1493090"
"Assets\Texture2D\Pine Tree Texture.png",".png","1258584"
"Assets\Texture2D\PowerPlant.png",".png","408592"
"Assets\Texture2D\Pranksgiving Logo.png",".png","370641"
"Assets\Texture2D\Pranksgiving SpriteAtlas.png",".png","382702"
"Assets\Texture2D\RaceResults SpriteAtlas.png",".png","3653628"
"Assets\Texture2D\ramp.png",".png","99018"
"Assets\Texture2D\randy.png",".png","43036"
"Assets\Texture2D\Retaining Wall Brick.png",".png","1487486"
"Assets\Texture2D\Rock.png",".png","626301"
"Assets\Texture2D\ScubaGuy.png",".png","180919"
"Assets\Texture2D\self ilum ramp.png",".png","12398"
"Assets\Texture2D\Shadow Blob.png",".png","121922"
"Assets\Texture2D\Shield.png",".png","579697"
"Assets\Texture2D\ShieldDouble.png",".png","601309"
"Assets\Texture2D\ShieldRimlight.png",".png","187421"
"Assets\Texture2D\Shifter Slot Back.png",".png","748189"
"Assets\Texture2D\Shifter Slot Front.png",".png","45493"
"Assets\Texture2D\Sidewalk Tile.png",".png","137842"
"Assets\Texture2D\slider thumb active.png",".png","352"
"Assets\Texture2D\slider thumb.png",".png","335"
"Assets\Texture2D\slidert humb hover.png",".png","323"
"Assets\Texture2D\SmokeRealBlurred.png",".png","111786"
"Assets\Texture2D\SmokeRingBurst.png",".png","138490"
"Assets\Texture2D\SmokeRingBurstHARD.png",".png","133936"
"Assets\Texture2D\Soda.png",".png","122284"
"Assets\Texture2D\Soft.png",".png","10476"
"Assets\Texture2D\SoosTexture.png",".png","269456"
"Assets\Texture2D\sound icon SpriteAtlas.png",".png","42398"
"Assets\Texture2D\Sparkle.png",".png","19906"
"Assets\Texture2D\speakers.png",".png","130869"
"Assets\Texture2D\speed strip.png",".png","86732"
"Assets\Texture2D\SpinnerGeneric.png",".png","8001"
"Assets\Texture2D\Spinning Tire.png",".png","288007"
"Assets\Texture2D\SpinSemicircle.png",".png","19074"
"Assets\Texture2D\SS Logo.png",".png","1572829"
"Assets\Texture2D\SS tutorial logo.png",".png","1325189"
"Assets\Texture2D\Static.png",".png","34961"
"Assets\Texture2D\Street 1 finish line.png",".png","362056"
"Assets\Texture2D\Street 1.png",".png","106787"
"Assets\Texture2D\Street 1_0.png",".png","1156398"
"Assets\Texture2D\Street Corner.png",".png","109033"
"Assets\Texture2D\Street to Dirt Transition.png",".png","1254723"
"Assets\Texture2D\Swatch Bea.png",".png","8618"
"Assets\Texture2D\Swatch Black.png",".png","5650"
"Assets\Texture2D\Swatch Blue.png",".png","6191"
"Assets\Texture2D\Swatch Brad.png",".png","8477"
"Assets\Texture2D\Swatch Bronze.png",".png","6255"
"Assets\Texture2D\Swatch Copper.png",".png","6047"
"Assets\Texture2D\Swatch Custom Alpha Infernos.png",".png","32262"
"Assets\Texture2D\Swatch Custom Alpha.png",".png","11860"
"Assets\Texture2D\Swatch Custom Beta Infernos.png",".png","28367"
"Assets\Texture2D\Swatch Custom Beta.png",".png","11739"
"Assets\Texture2D\Swatch Dipper.png",".png","12286"
"Assets\Texture2D\Swatch Ferb.png",".png","6959"
"Assets\Texture2D\Swatch Gold.png",".png","6167"
"Assets\Texture2D\Swatch Gunther.png",".png","10565"
"Assets\Texture2D\Swatch Kick.png",".png","8602"
"Assets\Texture2D\Swatch Mabel.png",".png","15006"
"Assets\Texture2D\Swatch Mike.png",".png","6623"
"Assets\Texture2D\Swatch Milo.png",".png","7912"
"Assets\Texture2D\Swatch None.png",".png","28755"
"Assets\Texture2D\Swatch Oscar.png",".png","8679"
"Assets\Texture2D\Swatch Perry.png",".png","7022"
"Assets\Texture2D\Swatch Phineas.png",".png","6807"
"Assets\Texture2D\Swatch Pink.png",".png","6209"
"Assets\Texture2D\Swatch Purple.png",".png","6169"
"Assets\Texture2D\Swatch Red.png",".png","5912"
"Assets\Texture2D\Swatch Silver.png",".png","6323"
"Assets\Texture2D\Swatch Steel.png",".png","5848"
"Assets\Texture2D\textfield hover.png",".png","415"
"Assets\Texture2D\textfield on.png",".png","421"
"Assets\Texture2D\textfield.png",".png","423"
"Assets\Texture2D\texture additional parts.png",".png","435696"
"Assets\Texture2D\texture kart bea.png",".png","413073"
"Assets\Texture2D\texture kart brad.png",".png","436358"
"Assets\Texture2D\texture kart crap.png",".png","452405"
"Assets\Texture2D\texture kart dipper.png",".png","447265"
"Assets\Texture2D\texture kart gunther.png",".png","446602"
"Assets\Texture2D\texture kart kick.png",".png","418393"
"Assets\Texture2D\texture kart mabel.png",".png","441353"
"Assets\Texture2D\texture kart mike.png",".png","424701"
"Assets\Texture2D\texture kart milo.png",".png","418730"
"Assets\Texture2D\texture kart oscar.png",".png","416950"
"Assets\Texture2D\texture kart phineas.png",".png","434602"
"Assets\Texture2D\texture kart randy.png",".png","446739"
"Assets\Texture2D\texture kart01.png",".png","129142"
"Assets\Texture2D\texture kart02.png",".png","123853"
"Assets\Texture2D\texture kart03.png",".png","125423"
"Assets\Texture2D\texture kart04.png",".png","128419"
"Assets\Texture2D\texture kart05.png",".png","126687"
"Assets\Texture2D\texture kat ferb.png",".png","435641"
"Assets\Texture2D\texture kat perry.png",".png","416351"
"Assets\Texture2D\texture water.png",".png","7226"
"Assets\Texture2D\texture water2.png",".png","7707"
"Assets\Texture2D\tile_02.png",".png","59285"
"Assets\Texture2D\tire face.png",".png","93820"
"Assets\Texture2D\tiret.png",".png","113003"
"Assets\Texture2D\toggle active.png",".png","515"
"Assets\Texture2D\toggle hover.png",".png","499"
"Assets\Texture2D\toggle on active.png",".png","654"
"Assets\Texture2D\toggle on hover.png",".png","638"
"Assets\Texture2D\toggle on.png",".png","582"
"Assets\Texture2D\toggle.png",".png","434"
"Assets\Texture2D\track 01 container.png",".png","34678"
"Assets\Texture2D\track 01 container2.png",".png","35593"
"Assets\Texture2D\track01 ends.png",".png","107236"
"Assets\Texture2D\track01 hills.png",".png","125288"
"Assets\Texture2D\Track01-sign.png",".png","196046"
"Assets\Texture2D\Track01_Basketball_hoop.png",".png","55305"
"Assets\Texture2D\Trafic Light SpriteAtlas.png",".png","347183"
"Assets\Texture2D\TripWireShield.png",".png","131774"
"Assets\Texture2D\TurkeyGooShooter.png",".png","1338175"
"Assets\Texture2D\UnitySplash.png",".png","21471"
"Assets\Texture2D\UnitySplash2.png",".png","4372"
"Assets\Texture2D\UnitySplash3.png",".png","6992"
"Assets\Texture2D\UnitySplashBack.png",".png","137"
"Assets\Texture2D\UnityWatermark-beta.png",".png","3448"
"Assets\Texture2D\UnityWatermark-DebugFlashPlayer.png",".png","4166"
"Assets\Texture2D\UnityWatermark-dev.png",".png","2695"
"Assets\Texture2D\UnityWatermark-edu.png",".png","3305"
"Assets\Texture2D\UnityWatermark-proto.png",".png","2168"
"Assets\Texture2D\UnityWatermark-small.png",".png","8004"
"Assets\Texture2D\UnityWatermark-trial.png",".png","1717"
"Assets\Texture2D\UnityWatermarkPlugin-beta.png",".png","1961"
"Assets\Texture2D\vertical scrollbar thumb.png",".png","365"
"Assets\Texture2D\vertical scrollbar.png",".png","411"
"Assets\Texture2D\Vertical strays SpriteAtlas.png",".png","663332"
"Assets\Texture2D\verticalslider.png",".png","231"
"Assets\Texture2D\WarningSign.png",".png","2405"
"Assets\Texture2D\Water Caustics.png",".png","80885"
"Assets\Texture2D\white wall 2.png",".png","437610"
"Assets\Texture2D\white wall.png",".png","456131"
"Assets\Texture2D\WhoopieCushion.png",".png","986843"
"Assets\Texture2D\window on.png",".png","671"
"Assets\Texture2D\window.png",".png","575"
"Assets\Texture2D\wrench.png",".png","26929"
"Assets\TimeManager\TimeManager.json",".json","117"
"Scripts\Assembly-CSharp\AchievementCategoryPublisher.cs",".cs","268"
"Scripts\Assembly-CSharp\AchievementListener.cs",".cs","1752"
"Scripts\Assembly-CSharp\AchievementManager.cs",".cs","1653"
"Scripts\Assembly-CSharp\AchievementPanelPublisher.cs",".cs","424"
"Scripts\Assembly-CSharp\AchievementUI.cs",".cs","1589"
"Scripts\Assembly-CSharp\AchievementWindowPublisher.cs",".cs","847"
"Scripts\Assembly-CSharp\ActiveObjectListSwtich.cs",".cs","314"
"Scripts\Assembly-CSharp\AgeGatePopup.cs",".cs","1083"
"Scripts\Assembly-CSharp\AlternateForm.cs",".cs","859"
"Scripts\Assembly-CSharp\AnimatedTexture.cs",".cs","519"
"Scripts\Assembly-CSharp\AnimationDriver.cs",".cs","1076"
"Scripts\Assembly-CSharp\AnimationTire.cs",".cs","259"
"Scripts\Assembly-CSharp\ApplyEffectDebugUtility.cs",".cs","264"
"Scripts\Assembly-CSharp\Assembly-CSharp.csproj",".csproj","875"
"Scripts\Assembly-CSharp\AutoDestructParticleSystem.cs",".cs","188"
"Scripts\Assembly-CSharp\BarrelLauncher.cs",".cs","520"
"Scripts\Assembly-CSharp\BarrelSpawner.cs",".cs","639"
"Scripts\Assembly-CSharp\BaseCarAIState.cs",".cs","267"
"Scripts\Assembly-CSharp\BaseEffect.cs",".cs","3014"
"Scripts\Assembly-CSharp\BaseMission.cs",".cs","1359"
"Scripts\Assembly-CSharp\BasePickup.cs",".cs","419"
"Scripts\Assembly-CSharp\BasketBall.cs",".cs","292"
"Scripts\Assembly-CSharp\BillboardRemover.cs",".cs","430"
"Scripts\Assembly-CSharp\BlipTrackPublisher.cs",".cs","456"
"Scripts\Assembly-CSharp\BoatAnchorEffect.cs",".cs","811"
"Scripts\Assembly-CSharp\BoosterEffect.cs",".cs","665"
"Scripts\Assembly-CSharp\BoosterPickup.cs",".cs","361"
"Scripts\Assembly-CSharp\BrakeMission.cs",".cs","331"
"Scripts\Assembly-CSharp\BreakableObject.cs",".cs","219"
"Scripts\Assembly-CSharp\BubbleJet.cs",".cs","259"
"Scripts\Assembly-CSharp\BuyPowerupMission.cs",".cs","333"
"Scripts\Assembly-CSharp\CameraShake.cs",".cs","930"
"Scripts\Assembly-CSharp\CameraWobble.cs",".cs","103"
"Scripts\Assembly-CSharp\CarAI.cs",".cs","2548"
"Scripts\Assembly-CSharp\CarAIPath.cs",".cs","424"
"Scripts\Assembly-CSharp\CarAIPathManager.cs",".cs","1141"
"Scripts\Assembly-CSharp\CarAIPathRecorder.cs",".cs","579"
"Scripts\Assembly-CSharp\CarAIPersonality.cs",".cs","583"
"Scripts\Assembly-CSharp\CarCollider.cs",".cs","6051"
"Scripts\Assembly-CSharp\CarMetrics.cs",".cs","1044"
"Scripts\Assembly-CSharp\CarProgress.cs",".cs","472"
"Scripts\Assembly-CSharp\CarSnapShot.cs",".cs","529"
"Scripts\Assembly-CSharp\CartAttributes.cs",".cs","2901"
"Scripts\Assembly-CSharp\CartCustomizerPublisher.cs",".cs","5122"
"Scripts\Assembly-CSharp\CartPart.cs",".cs","1170"
"Scripts\Assembly-CSharp\CartPartList.cs",".cs","3243"
"Scripts\Assembly-CSharp\CartPrimaryTextureProfile.cs",".cs","421"
"Scripts\Assembly-CSharp\CartSlot.cs",".cs","2128"
"Scripts\Assembly-CSharp\CatchupNotify.cs",".cs","354"
"Scripts\Assembly-CSharp\CausticsManager.cs",".cs","425"
"Scripts\Assembly-CSharp\CharacterButtonPublisher.cs",".cs","131"
"Scripts\Assembly-CSharp\CharacterConfigData.cs",".cs","1960"
"Scripts\Assembly-CSharp\CharacterPreview.cs",".cs","853"
"Scripts\Assembly-CSharp\CharacterSelectPublisher.cs",".cs","1751"
"Scripts\Assembly-CSharp\CharacterVOController.cs",".cs","795"
"Scripts\Assembly-CSharp\CharacterVOControllerGameObjectExtender.cs",".cs","304"
"Scripts\Assembly-CSharp\CheckPowerupUseAchievementListener.cs",".cs","965"
"Scripts\Assembly-CSharp\ClipReference.cs",".cs","136"
"Scripts\Assembly-CSharp\CloudSaveData.cs",".cs","591"
"Scripts\Assembly-CSharp\CloudStrap.cs",".cs","146"
"Scripts\Assembly-CSharp\Coin.cs",".cs","274"
"Scripts\Assembly-CSharp\CoinBalanceAchievementListener.cs",".cs","705"
"Scripts\Assembly-CSharp\CoinPoint.cs",".cs","1035"
"Scripts\Assembly-CSharp\CollectPowerupMission.cs",".cs","340"
"Scripts\Assembly-CSharp\CombinePowerupMission.cs",".cs","337"
"Scripts\Assembly-CSharp\CompleteAllMissionsAchievementListener.cs",".cs","689"
"Scripts\Assembly-CSharp\CompositeProfile.cs",".cs","740"
"Scripts\Assembly-CSharp\CompositeTextureUtil.cs",".cs","1844"
"Scripts\Assembly-CSharp\ConfirmationPublisher.cs",".cs","706"
"Scripts\Assembly-CSharp\Crab.cs",".cs","816"
"Scripts\Assembly-CSharp\CreditsPublisher.cs",".cs","355"
"Scripts\Assembly-CSharp\CrossFinishLineBackwardsAchievementListener.cs",".cs","426"
"Scripts\Assembly-CSharp\DailyBonusPublisher.cs",".cs","411"
"Scripts\Assembly-CSharp\DataUtility.cs",".cs","4971"
"Scripts\Assembly-CSharp\DebugLapButtonPublisher.cs",".cs","167"
"Scripts\Assembly-CSharp\DebugMoreCoinsPublisher.cs",".cs","1022"
"Scripts\Assembly-CSharp\DebugRaceResultPublisher.cs",".cs","252"
"Scripts\Assembly-CSharp\DebugRewindDialogPublisher.cs",".cs","308"
"Scripts\Assembly-CSharp\DebugTrackStrapper.cs",".cs","180"
"Scripts\Assembly-CSharp\DifficultyMenuPublisher.cs",".cs","777"
"Scripts\Assembly-CSharp\DriftButton.cs",".cs","236"
"Scripts\Assembly-CSharp\DriftMission.cs",".cs","356"
"Scripts\Assembly-CSharp\DriftScalePublisher.cs",".cs","835"
"Scripts\Assembly-CSharp\DriveAvoidTerrainAIState.cs",".cs","560"
"Scripts\Assembly-CSharp\DriveHitBeneficialAIState.cs",".cs","555"
"Scripts\Assembly-CSharp\DrivePickupAIState.cs",".cs","518"
"Scripts\Assembly-CSharp\DriveWaypointsCarAIState.cs",".cs","553"
"Scripts\Assembly-CSharp\EffectManager.cs",".cs","2138"
"Scripts\Assembly-CSharp\EnsureGlobals.cs",".cs","140"
"Scripts\Assembly-CSharp\EquipPaintJobAchievementListener.cs",".cs","739"
"Scripts\Assembly-CSharp\EquipPartSetAchievementListener.cs",".cs","700"
"Scripts\Assembly-CSharp\ExplodingBarrel.cs",".cs","818"
"Scripts\Assembly-CSharp\Explosion.cs",".cs","388"
"Scripts\Assembly-CSharp\FadeHelper.cs",".cs","2027"
"Scripts\Assembly-CSharp\FinishTheLapMission.cs",".cs","302"
"Scripts\Assembly-CSharp\FirstPlaceAchievementListener.cs",".cs","492"
"Scripts\Assembly-CSharp\FlipEffect.cs",".cs","813"
"Scripts\Assembly-CSharp\FollowCamera.cs",".cs","844"
"Scripts\Assembly-CSharp\ForwardForceAI.cs",".cs","222"
"Scripts\Assembly-CSharp\FrontEndCamera.cs",".cs","958"
"Scripts\Assembly-CSharp\FrontEndCameraTarget.cs",".cs","117"
"Scripts\Assembly-CSharp\FrontEndLogic.cs",".cs","2270"
"Scripts\Assembly-CSharp\FrontEndTutorialHandler.cs",".cs","1150"
"Scripts\Assembly-CSharp\FrontEndTutorialPublisher.cs",".cs","1542"
"Scripts\Assembly-CSharp\GDMOManager.cs",".cs","571"
"Scripts\Assembly-CSharp\GenericPopupPublisher.cs",".cs","463"
"Scripts\Assembly-CSharp\GetHitByTrackHazardAchievementListener.cs",".cs","993"
"Scripts\Assembly-CSharp\GimpedCarAI.cs",".cs","2552"
"Scripts\Assembly-CSharp\GuidedJumpEffect.cs",".cs","968"
"Scripts\Assembly-CSharp\GuidedJumpTrigger.cs",".cs","241"
"Scripts\Assembly-CSharp\HitMaxSpeedAchievementListener.cs",".cs","708"
"Scripts\Assembly-CSharp\HUDLogic.cs",".cs","5556"
"Scripts\Assembly-CSharp\InputBlocker.cs",".cs","549"
"Scripts\Assembly-CSharp\InRaceAquirePickupListener.cs",".cs","972"
"Scripts\Assembly-CSharp\LaserLogic.cs",".cs","414"
"Scripts\Assembly-CSharp\LastPlaceAchievementListener.cs",".cs","485"
"Scripts\Assembly-CSharp\LifetimeInAirAchievementListener.cs",".cs","715"
"Scripts\Assembly-CSharp\LifetimeMetrics.cs",".cs","792"
"Scripts\Assembly-CSharp\LifetimeOpponentHitsAchievementListener.cs",".cs","953"
"Scripts\Assembly-CSharp\LifetimePowerupCollectionAchievementListener.cs",".cs","945"
"Scripts\Assembly-CSharp\LiftControlAI.cs",".cs","340"
"Scripts\Assembly-CSharp\LoadingPublisher.cs",".cs","1655"
"Scripts\Assembly-CSharp\LoadSpin.cs",".cs","612"
"Scripts\Assembly-CSharp\LocalizeCloudStrap.cs",".cs","218"
"Scripts\Assembly-CSharp\LocalizedAssetSwapper.cs",".cs","479"
"Scripts\Assembly-CSharp\LocalOptionsData.cs",".cs","490"
"Scripts\Assembly-CSharp\LowEndInhibitor.cs",".cs","190"
"Scripts\Assembly-CSharp\MakePlaceAchievementListener.cs",".cs","537"
"Scripts\Assembly-CSharp\MaxCrashSpeedAchievementListener.cs",".cs","715"
"Scripts\Assembly-CSharp\MetaMissionGroupAchievementListener.cs",".cs","742"
"Scripts\Assembly-CSharp\MineAI.cs",".cs","1025"
"Scripts\Assembly-CSharp\MineEffect.cs",".cs","721"
"Scripts\Assembly-CSharp\MineNotifyPublisher.cs",".cs","816"
"Scripts\Assembly-CSharp\MinePickup.cs",".cs","314"
"Scripts\Assembly-CSharp\MineSpreaderAI.cs",".cs","524"
"Scripts\Assembly-CSharp\MissionCollection.cs",".cs","1395"
"Scripts\Assembly-CSharp\MissionDialogPublisher.cs",".cs","426"
"Scripts\Assembly-CSharp\MissionManager.cs",".cs","1686"
"Scripts\Assembly-CSharp\MoreDisneyLogic.cs",".cs","360"
"Scripts\Assembly-CSharp\MultilayerTexture.cs",".cs","760"
"Scripts\Assembly-CSharp\MusicPlayer.cs",".cs","1176"
"Scripts\Assembly-CSharp\ObjectGroupList.cs",".cs","443"
"Scripts\Assembly-CSharp\ObjectTrackDistanceLogic.cs",".cs","303"
"Scripts\Assembly-CSharp\PaintJob.cs",".cs","378"
"Scripts\Assembly-CSharp\PaintSlotPublisher.cs",".cs","459"
"Scripts\Assembly-CSharp\ParticleLibrary.cs",".cs","817"
"Scripts\Assembly-CSharp\ParticleReducer.cs",".cs","326"
"Scripts\Assembly-CSharp\ParticleSystemDestroy.cs",".cs","324"
"Scripts\Assembly-CSharp\PathMoverAI.cs",".cs","621"
"Scripts\Assembly-CSharp\PauseMission.cs",".cs","295"
"Scripts\Assembly-CSharp\PausePublisher.cs",".cs","301"
"Scripts\Assembly-CSharp\PickupCoinsPerRaceAchievementListener.cs",".cs","914"
"Scripts\Assembly-CSharp\PickupSpawner.cs",".cs","681"
"Scripts\Assembly-CSharp\PieAttack.cs",".cs","855"
"Scripts\Assembly-CSharp\PieHitEffect.cs",".cs","766"
"Scripts\Assembly-CSharp\PieLauncher.cs",".cs","716"
"Scripts\Assembly-CSharp\PieSplat.cs",".cs","409"
"Scripts\Assembly-CSharp\PlaceWithNoPowerupsAchievementListener.cs",".cs","740"
"Scripts\Assembly-CSharp\PlayerAccelControl.cs",".cs","627"
"Scripts\Assembly-CSharp\PlayerControlLinker.cs",".cs","109"
"Scripts\Assembly-CSharp\PlayerInstance.cs",".cs","1369"
"Scripts\Assembly-CSharp\PlayerKeyboardControl.cs",".cs","1290"
"Scripts\Assembly-CSharp\PlayMenuPublisher.cs",".cs","638"
"Scripts\Assembly-CSharp\PlaySummaryPublisher.cs",".cs","901"
"Scripts\Assembly-CSharp\PopoverPublisher.cs",".cs","367"
"Scripts\Assembly-CSharp\PowerSlideBoostAchievementListener.cs",".cs","940"
"Scripts\Assembly-CSharp\PowerupHitInAirAchievementListener.cs",".cs","908"
"Scripts\Assembly-CSharp\PowerupHolder.cs",".cs","1634"
"Scripts\Assembly-CSharp\PowerupMagnet.cs",".cs","1039"
"Scripts\Assembly-CSharp\PreFrontEndHoop.cs",".cs","318"
"Scripts\Assembly-CSharp\PreRaceCamera.cs",".cs","653"
"Scripts\Assembly-CSharp\PreviewCart.cs",".cs","4016"
"Scripts\Assembly-CSharp\ProgressTriggerLogic.cs",".cs","428"
"Scripts\Assembly-CSharp\PyroTechnics.cs",".cs","226"
"Scripts\Assembly-CSharp\QualityControl.cs",".cs","1271"
"Scripts\Assembly-CSharp\RaceManager.cs",".cs","7897"
"Scripts\Assembly-CSharp\RaceResults.cs",".cs","247"
"Scripts\Assembly-CSharp\RaceResultsPublisher.cs",".cs","1831"
"Scripts\Assembly-CSharp\RaceSettings.cs",".cs","1989"
"Scripts\Assembly-CSharp\RandomShotEffect.cs",".cs","815"
"Scripts\Assembly-CSharp\ResetTrigger.cs",".cs","184"
"Scripts\Assembly-CSharp\ReverseButton.cs",".cs","240"
"Scripts\Assembly-CSharp\RewbieShimmer.cs",".cs","413"
"Scripts\Assembly-CSharp\RewindDialogPublisher.cs",".cs","937"
"Scripts\Assembly-CSharp\RewindLapSlotPublisher.cs",".cs","120"
"Scripts\Assembly-CSharp\RocketAI.cs",".cs","1215"
"Scripts\Assembly-CSharp\RocketEffect.cs",".cs","991"
"Scripts\Assembly-CSharp\RocketPickup.cs",".cs","318"
"Scripts\Assembly-CSharp\RocketRideEffect.cs",".cs","966"
"Scripts\Assembly-CSharp\RocketRideRemover.cs",".cs","197"
"Scripts\Assembly-CSharp\RotatorAI.cs",".cs","421"
"Scripts\Assembly-CSharp\RuntimeEditorUtils.cs",".cs","77"
"Scripts\Assembly-CSharp\ScreenFader.cs",".cs","1304"
"Scripts\Assembly-CSharp\ScreenTimeoutController.cs",".cs","293"
"Scripts\Assembly-CSharp\SelectCircuitPublisher.cs",".cs","2101"
"Scripts\Assembly-CSharp\SettingsMenuPublisher.cs",".cs","1022"
"Scripts\Assembly-CSharp\ShadowBlob.cs",".cs","592"
"Scripts\Assembly-CSharp\ShieldEffect.cs",".cs","914"
"Scripts\Assembly-CSharp\ShieldPickup.cs",".cs","318"
"Scripts\Assembly-CSharp\ShiftContentsOnButtonDown.cs",".cs","294"
"Scripts\Assembly-CSharp\ShiftContentsOnToggleDown.cs",".cs","294"
"Scripts\Assembly-CSharp\ShiftUIPublisher.cs",".cs","2805"
"Scripts\Assembly-CSharp\ShockedEffect.cs",".cs","701"
"Scripts\Assembly-CSharp\ShotDroneAI.cs",".cs","544"
"Scripts\Assembly-CSharp\SkidEffect.cs",".cs","746"
"Scripts\Assembly-CSharp\SlowdownEffect.cs",".cs","667"
"Scripts\Assembly-CSharp\SmashEffect.cs",".cs","661"
"Scripts\Assembly-CSharp\SnapShotInfo.cs",".cs","226"
"Scripts\Assembly-CSharp\SoundLibrary.cs",".cs","4823"
"Scripts\Assembly-CSharp\SoundLibraryAddendum.cs",".cs","247"
"Scripts\Assembly-CSharp\SoundPackage.cs",".cs","106"
"Scripts\Assembly-CSharp\SoundPackageLoadReference.cs",".cs","153"
"Scripts\Assembly-CSharp\SoundPackageManager.cs",".cs","1941"
"Scripts\Assembly-CSharp\SoundPackageReference.cs",".cs","155"
"Scripts\Assembly-CSharp\SoundSequencer.cs",".cs","1563"
"Scripts\Assembly-CSharp\SourceFactory.cs",".cs","720"
"Scripts\Assembly-CSharp\SpeedPoint.cs",".cs","1336"
"Scripts\Assembly-CSharp\SpendCoinsOverLifetimeAchievementListener.cs",".cs","721"
"Scripts\Assembly-CSharp\SphereMoverAI.cs",".cs","592"
"Scripts\Assembly-CSharp\SphereMoverCollider.cs",".cs","199"
"Scripts\Assembly-CSharp\SpreadMineEffect.cs",".cs","746"
"Scripts\Assembly-CSharp\SpringConnection.cs",".cs","595"
"Scripts\Assembly-CSharp\SpringTrigger.cs",".cs","198"
"Scripts\Assembly-CSharp\StreamedMultilayerTexture.cs",".cs","824"
"Scripts\Assembly-CSharp\StreamManager.cs",".cs","3916"
"Scripts\Assembly-CSharp\StreamTest.cs",".cs","134"
"Scripts\Assembly-CSharp\TeleportEffect.cs",".cs","852"
"Scripts\Assembly-CSharp\TeleportTrigger.cs",".cs","197"
"Scripts\Assembly-CSharp\TerrainEffectTrigger.cs",".cs","406"
"Scripts\Assembly-CSharp\TimeInAirAchievementListener.cs",".cs","711"
"Scripts\Assembly-CSharp\TouchTurnTrack.cs",".cs","47"
"Scripts\Assembly-CSharp\TrackSelectPublisher.cs",".cs","1129"
"Scripts\Assembly-CSharp\TrackUnlockHelper.cs",".cs","2752"
"Scripts\Assembly-CSharp\TriFoot.cs",".cs","1914"
"Scripts\Assembly-CSharp\TripLine.cs",".cs","188"
"Scripts\Assembly-CSharp\TripLineEffect.cs",".cs","792"
"Scripts\Assembly-CSharp\TurkeyGooShooter.cs",".cs","497"
"Scripts\Assembly-CSharp\TurnMission.cs",".cs","294"
"Scripts\Assembly-CSharp\TutorialLauncherPublisher.cs",".cs","508"
"Scripts\Assembly-CSharp\UFOLogic.cs",".cs","1143"
"Scripts\Assembly-CSharp\UghHeldButton.cs",".cs","504"
"Scripts\Assembly-CSharp\UnlockAchievementListener.cs",".cs","969"
"Scripts\Assembly-CSharp\UnlockedCircuitPublisher.cs",".cs","1294"
"Scripts\Assembly-CSharp\UseAPowerupAchievementListener.cs",".cs","981"
"Scripts\Assembly-CSharp\UsePowerupAgainstOpponentAchievementListener.cs",".cs","957"
"Scripts\Assembly-CSharp\UsePowerupAIState.cs",".cs","778"
"Scripts\Assembly-CSharp\UsePowerupMission.cs",".cs","300"
"Scripts\Assembly-CSharp\UVScroller.cs",".cs","359"
"Scripts\Assembly-CSharp\VolumeSlider.cs",".cs","679"
"Scripts\Assembly-CSharp\WaypointLogic.cs",".cs","2431"
"Scripts\Assembly-CSharp\WhoopieCushion.cs",".cs","505"
"Scripts\Assembly-CSharp\WipeoutEffect.cs",".cs","828"
"Scripts\Assembly-CSharp\Properties\AssemblyInfo.cs",".cs","108"
"Scripts\Assembly-CSharp-firstpass\Assembly-CSharp-firstpass.csproj",".csproj","739"
"Scripts\Assembly-CSharp-firstpass\AudioCrumb.cs",".cs","197"
"Scripts\Assembly-CSharp-firstpass\AudioManager.cs",".cs","712"
"Scripts\Assembly-CSharp-firstpass\AudioSourcex.cs",".cs","1032"
"Scripts\Assembly-CSharp-firstpass\BurstlyBinding.cs",".cs","1581"
"Scripts\Assembly-CSharp-firstpass\ByteStream.cs",".cs","982"
"Scripts\Assembly-CSharp-firstpass\Callback.cs",".cs","196"
"Scripts\Assembly-CSharp-firstpass\Dialog.cs",".cs","2090"
"Scripts\Assembly-CSharp-firstpass\DictionaryToString.cs",".cs","501"
"Scripts\Assembly-CSharp-firstpass\DrawArea.cs",".cs","591"
"Scripts\Assembly-CSharp-firstpass\DrawArea3D.cs",".cs","351"
"Scripts\Assembly-CSharp-firstpass\EdgePixels.cs",".cs","692"
"Scripts\Assembly-CSharp-firstpass\Email.cs",".cs","291"
"Scripts\Assembly-CSharp-firstpass\EnumerableScript.cs",".cs","637"
"Scripts\Assembly-CSharp-firstpass\ExternalPersistentArchive.cs",".cs","1463"
"Scripts\Assembly-CSharp-firstpass\FractalNoise.cs",".cs","1140"
"Scripts\Assembly-CSharp-firstpass\FractalNoiseParams.cs",".cs","249"
"Scripts\Assembly-CSharp-firstpass\GameCenterAchievement.cs",".cs","717"
"Scripts\Assembly-CSharp-firstpass\GameCenterAchievementMetadata.cs",".cs","754"
"Scripts\Assembly-CSharp-firstpass\GameCenterBinding.cs",".cs","5025"
"Scripts\Assembly-CSharp-firstpass\GameCenterEventListener.cs",".cs","1713"
"Scripts\Assembly-CSharp-firstpass\GameCenterGUIManager.cs",".cs","301"
"Scripts\Assembly-CSharp-firstpass\GameCenterLeaderboard.cs",".cs","600"
"Scripts\Assembly-CSharp-firstpass\GameCenterLeaderboardTimeScope.cs",".cs","89"
"Scripts\Assembly-CSharp-firstpass\GameCenterManager.cs",".cs","6478"
"Scripts\Assembly-CSharp-firstpass\GameCenterPlayer.cs",".cs","611"
"Scripts\Assembly-CSharp-firstpass\GameCenterScore.cs",".cs","780"
"Scripts\Assembly-CSharp-firstpass\GDMOBinding.cs",".cs","1039"
"Scripts\Assembly-CSharp-firstpass\GravCloudBinding.cs",".cs","1318"
"Scripts\Assembly-CSharp-firstpass\GravCloudPrefs.cs",".cs","3749"
"Scripts\Assembly-CSharp-firstpass\GUIx.cs",".cs","6061"
"Scripts\Assembly-CSharp-firstpass\iCloudBinding.cs",".cs","4883"
"Scripts\Assembly-CSharp-firstpass\iCloudEventListener.cs",".cs","425"
"Scripts\Assembly-CSharp-firstpass\iCloudGUIManager.cs",".cs","136"
"Scripts\Assembly-CSharp-firstpass\iCloudManager.cs",".cs","1566"
"Scripts\Assembly-CSharp-firstpass\Inputx.cs",".cs","761"
"Scripts\Assembly-CSharp-firstpass\JCloudData.cs",".cs","2683"
"Scripts\Assembly-CSharp-firstpass\JCloudDictionary.cs",".cs","2719"
"Scripts\Assembly-CSharp-firstpass\JCloudDocument.cs",".cs","3797"
"Scripts\Assembly-CSharp-firstpass\JCloudDocumentAsync.cs",".cs","8392"
"Scripts\Assembly-CSharp-firstpass\JCloudDocumentAsyncOperation.cs",".cs","216"
"Scripts\Assembly-CSharp-firstpass\JCloudExtern.cs",".cs","5680"
"Scripts\Assembly-CSharp-firstpass\JCloudManager.cs",".cs","2322"
"Scripts\Assembly-CSharp-firstpass\JCloudRoutine.cs",".cs","1263"
"Scripts\Assembly-CSharp-firstpass\JCloudRoutineReturn.cs",".cs","588"
"Scripts\Assembly-CSharp-firstpass\LanguageAsset.cs",".cs","184"
"Scripts\Assembly-CSharp-firstpass\LEDScroller.cs",".cs","3542"
"Scripts\Assembly-CSharp-firstpass\Localize.cs",".cs","1921"
"Scripts\Assembly-CSharp-firstpass\LocalizedString.cs",".cs","549"
"Scripts\Assembly-CSharp-firstpass\Mathfx.cs",".cs","2367"
"Scripts\Assembly-CSharp-firstpass\Matrix4x4x.cs",".cs","1881"
"Scripts\Assembly-CSharp-firstpass\Messenger.cs",".cs","1778"
"Scripts\Assembly-CSharp-firstpass\MessengerInternal.cs",".cs","998"
"Scripts\Assembly-CSharp-firstpass\MessengerMode.cs",".cs","82"
"Scripts\Assembly-CSharp-firstpass\MiniJSON.cs",".cs","4754"
"Scripts\Assembly-CSharp-firstpass\MiniJsonExtensions.cs",".cs","921"
"Scripts\Assembly-CSharp-firstpass\MoreGamesBinding.cs",".cs","715"
"Scripts\Assembly-CSharp-firstpass\P31CloudFile.cs",".cs","3460"
"Scripts\Assembly-CSharp-firstpass\P31Prefs.cs",".cs","2270"
"Scripts\Assembly-CSharp-firstpass\Perlin.cs",".cs","1425"
"Scripts\Assembly-CSharp-firstpass\PIDController.cs",".cs","648"
"Scripts\Assembly-CSharp-firstpass\PIDVectorController.cs",".cs","708"
"Scripts\Assembly-CSharp-firstpass\Quaternionx.cs",".cs","260"
"Scripts\Assembly-CSharp-firstpass\Rangef.cs",".cs","1079"
"Scripts\Assembly-CSharp-firstpass\Rectx.cs",".cs","1004"
"Scripts\Assembly-CSharp-firstpass\ResultLogger.cs",".cs","473"
"Scripts\Assembly-CSharp-firstpass\ScreenFade.cs",".cs","2102"
"Scripts\Assembly-CSharp-firstpass\Screenx.cs",".cs","3665"
"Scripts\Assembly-CSharp-firstpass\Script.cs",".cs","5789"
"Scripts\Assembly-CSharp-firstpass\SingletonScript.cs",".cs","844"
"Scripts\Assembly-CSharp-firstpass\SmoothFollower.cs",".cs","1124"
"Scripts\Assembly-CSharp-firstpass\SmoothRandom.cs",".cs","646"
"Scripts\Assembly-CSharp-firstpass\StoreKitBinding.cs",".cs","1786"
"Scripts\Assembly-CSharp-firstpass\StoreKitEventListener.cs",".cs","835"
"Scripts\Assembly-CSharp-firstpass\StoreKitGUIManager.cs",".cs","221"
"Scripts\Assembly-CSharp-firstpass\StoreKitManager.cs",".cs","2915"
"Scripts\Assembly-CSharp-firstpass\StoreKitProduct.cs",".cs","916"
"Scripts\Assembly-CSharp-firstpass\StoreKitTransaction.cs",".cs","1043"
"Scripts\Assembly-CSharp-firstpass\TransformGizmo.cs",".cs","119"
"Scripts\Assembly-CSharp-firstpass\UghAlign.cs",".cs","1043"
"Scripts\Assembly-CSharp-firstpass\UghButton.cs",".cs","773"
"Scripts\Assembly-CSharp-firstpass\UghButtonDisablable.cs",".cs","559"
"Scripts\Assembly-CSharp-firstpass\UghCamera.cs",".cs","1780"
"Scripts\Assembly-CSharp-firstpass\UghControl.cs",".cs","1313"
"Scripts\Assembly-CSharp-firstpass\UghInput.cs",".cs","1893"
"Scripts\Assembly-CSharp-firstpass\UghPublisher.cs",".cs","5545"
"Scripts\Assembly-CSharp-firstpass\UghScrollView.cs",".cs","4385"
"Scripts\Assembly-CSharp-firstpass\UghSlider.cs",".cs","1401"
"Scripts\Assembly-CSharp-firstpass\UghSlideToggle.cs",".cs","1530"
"Scripts\Assembly-CSharp-firstpass\UghSprite.cs",".cs","3099"
"Scripts\Assembly-CSharp-firstpass\UghSpritePrototype.cs",".cs","995"
"Scripts\Assembly-CSharp-firstpass\UghStretch.cs",".cs","1261"
"Scripts\Assembly-CSharp-firstpass\UghText.cs",".cs","1222"
"Scripts\Assembly-CSharp-firstpass\UghToggle.cs",".cs","1533"
"Scripts\Assembly-CSharp-firstpass\UghTriangle.cs",".cs","660"
"Scripts\Assembly-CSharp-firstpass\UnlocalizedString.cs",".cs","1375"
"Scripts\Assembly-CSharp-firstpass\Util.cs",".cs","9608"
"Scripts\Assembly-CSharp-firstpass\Vector3x.cs",".cs","1325"
"Scripts\Assembly-CSharp-firstpass\WindowIDs.cs",".cs","303"
"Scripts\Assembly-CSharp-firstpass\Properties\AssemblyInfo.cs",".cs","108"
"Scripts\Assembly-UnityScript\Assembly-UnityScript.csproj",".csproj","616"
"Scripts\Assembly-UnityScript\Car_Script.cs",".cs","1092"
"Scripts\Assembly-UnityScript\Plane_Script.cs",".cs","511"
"Scripts\Assembly-UnityScript\WheelData.cs",".cs","300"
"Scripts\Assembly-UnityScript\Properties\AssemblyInfo.cs",".cs","135"
"Scripts\mscorlib\collation.cjkCHS.bin",".bin","55813"
"Scripts\mscorlib\collation.cjkCHT.bin",".bin","44549"
"Scripts\mscorlib\collation.cjkJA.bin",".bin","44549"
"Scripts\mscorlib\collation.cjkKO.bin",".bin","44549"
"Scripts\mscorlib\collation.cjkKOlv2.bin",".bin","22273"
"Scripts\mscorlib\collation.core.bin",".bin","118901"
"Scripts\mscorlib\collation.tailoring.bin",".bin","6724"
"Scripts\mscorlib\Locale.cs",".cs","428"
"Scripts\mscorlib\mscorlib.csproj",".csproj","1482"
"Scripts\mscorlib\Mono\Globalization\Unicode\CodePointIndexer.cs",".cs","815"
"Scripts\mscorlib\Mono\Globalization\Unicode\Normalization.cs",".cs","5102"
"Scripts\mscorlib\Mono\Globalization\Unicode\NormalizationCheck.cs",".cs","123"
"Scripts\mscorlib\Mono\Globalization\Unicode\NormalizationTableUtil.cs",".cs","768"
"Scripts\mscorlib\Mono\Interop\ComInteropProxy.cs",".cs","1578"
"Scripts\mscorlib\Mono\Interop\IDispatch.cs",".cs","159"
"Scripts\mscorlib\Mono\Interop\IUnknown.cs",".cs","158"
"Scripts\mscorlib\Mono\Math\BigInteger.cs",".cs","12424"
"Scripts\mscorlib\Mono\Math\Prime\ConfidenceFactor.cs",".cs","165"
"Scripts\mscorlib\Mono\Math\Prime\PrimalityTest.cs",".cs","117"
"Scripts\mscorlib\Mono\Math\Prime\PrimalityTests.cs",".cs","976"
"Scripts\mscorlib\Mono\Math\Prime\Generator\PrimeGeneratorBase.cs",".cs","789"
"Scripts\mscorlib\Mono\Math\Prime\Generator\SequentialSearchPrimeGeneratorBase.cs",".cs","987"
"Scripts\mscorlib\Mono\Security\ASN1.cs",".cs","1466"
"Scripts\mscorlib\Mono\Security\BitConverterLE.cs",".cs","2591"
"Scripts\mscorlib\Mono\Security\Uri.cs",".cs","6102"
"Scripts\mscorlib\Mono\Security\UriPartial.cs",".cs","111"
"Scripts\mscorlib\Mono\Security\Cryptography\BlockProcessor.cs",".cs","674"
"Scripts\mscorlib\Mono\Security\Cryptography\CryptoConvert.cs",".cs","3394"
"Scripts\mscorlib\Mono\Security\Cryptography\DSAManaged.cs",".cs","3178"
"Scripts\mscorlib\Mono\Security\Cryptography\KeyBuilder.cs",".cs","749"
"Scripts\mscorlib\Mono\Security\Cryptography\KeyPairPersistence.cs",".cs","4223"
"Scripts\mscorlib\Mono\Security\Cryptography\MACAlgorithm.cs",".cs","622"
"Scripts\mscorlib\Mono\Security\Cryptography\PKCS1.cs",".cs","4350"
"Scripts\mscorlib\Mono\Security\Cryptography\RSAManaged.cs",".cs","3201"
"Scripts\mscorlib\Mono\Security\Cryptography\SymmetricTransform.cs",".cs","3773"
"Scripts\mscorlib\Mono\Xml\SmallXmlParser.cs",".cs","3920"
"Scripts\mscorlib\Mono\Xml\SmallXmlParserException.cs",".cs","236"
"Scripts\mscorlib\Properties\AssemblyInfo.cs",".cs","1108"
"Scripts\mscorlib\System\AccessViolationException.cs",".cs","398"
"Scripts\mscorlib\System\Action.cs",".cs","65"
"Scripts\mscorlib\System\Activator.cs",".cs","3843"
"Scripts\mscorlib\System\AppDomain.cs",".cs","18603"
"Scripts\mscorlib\System\AppDomainSetup.cs",".cs","4555"
"Scripts\mscorlib\System\AppDomainUnloadedException.cs",".cs","560"
"Scripts\mscorlib\System\ApplicationException.cs",".cs","439"
"Scripts\mscorlib\System\ArgIterator.cs",".cs","1308"
"Scripts\mscorlib\System\ArgumentException.cs",".cs","1142"
"Scripts\mscorlib\System\ArgumentNullException.cs",".cs","531"
"Scripts\mscorlib\System\ArgumentOutOfRangeException.cs",".cs","1000"
"Scripts\mscorlib\System\ArithmeticException.cs",".cs","525"
"Scripts\mscorlib\System\Array.cs",".cs","30072"
"Scripts\mscorlib\System\ArrayTypeMismatchException.cs",".cs","469"
"Scripts\mscorlib\System\AssemblyLoadEventArgs.cs",".cs","276"
"Scripts\mscorlib\System\AssemblyLoadEventHandler.cs",".cs","195"
"Scripts\mscorlib\System\AsyncCallback.cs",".cs","158"
"Scripts\mscorlib\System\Attribute.cs",".cs","2154"
"Scripts\mscorlib\System\AttributeTargets.cs",".cs","463"
"Scripts\mscorlib\System\AttributeUsageAttribute.cs",".cs","813"
"Scripts\mscorlib\System\BitConverter.cs",".cs","2749"
"Scripts\mscorlib\System\Boolean.cs",".cs","5040"
"Scripts\mscorlib\System\BRECORD.cs",".cs","116"
"Scripts\mscorlib\System\Buffer.cs",".cs","738"
"Scripts\mscorlib\System\Byte.cs",".cs","6353"
"Scripts\mscorlib\System\Char.cs",".cs","8434"
"Scripts\mscorlib\System\CharEnumerator.cs",".cs","1196"
"Scripts\mscorlib\System\CLSCompliantAttribute.cs",".cs","300"
"Scripts\mscorlib\System\Comparison.cs",".cs","71"
"Scripts\mscorlib\System\Console.cs",".cs","1586"
"Scripts\mscorlib\System\ContextBoundObject.cs",".cs","175"
"Scripts\mscorlib\System\Convert.cs",".cs","44842"
"Scripts\mscorlib\System\Converter.cs",".cs","92"
"Scripts\mscorlib\System\CrossAppDomainDelegate.cs",".cs","135"
"Scripts\mscorlib\System\CultureAwareComparer.cs",".cs","890"
"Scripts\mscorlib\System\CurrentSystemTimeZone.cs",".cs","1622"
"Scripts\mscorlib\System\DateTime.cs",".cs","18513"
"Scripts\mscorlib\System\DateTimeKind.cs",".cs","183"
"Scripts\mscorlib\System\DateTimeOffset.cs",".cs","2882"
"Scripts\mscorlib\System\DateTimeUtils.cs",".cs","1679"
"Scripts\mscorlib\System\DayOfWeek.cs",".cs","247"
"Scripts\mscorlib\System\DBNull.cs",".cs","4067"
"Scripts\mscorlib\System\Decimal.cs",".cs","16705"
"Scripts\mscorlib\System\Delegate.cs",".cs","5659"
"Scripts\mscorlib\System\DelegateData.cs",".cs","122"
"Scripts\mscorlib\System\DelegateSerializationHolder.cs",".cs","1288"
"Scripts\mscorlib\System\DivideByZeroException.cs",".cs","539"
"Scripts\mscorlib\System\DllNotFoundException.cs",".cs","523"
"Scripts\mscorlib\System\Double.cs",".cs","7857"
"Scripts\mscorlib\System\EntryPointNotFoundException.cs",".cs","558"
"Scripts\mscorlib\System\Enum.cs",".cs","10576"
"Scripts\mscorlib\System\Environment.cs",".cs","6778"
"Scripts\mscorlib\System\EventArgs.cs",".cs","179"
"Scripts\mscorlib\System\EventHandler.cs",".cs","168"
"Scripts\mscorlib\System\Exception.cs",".cs","2827"
"Scripts\mscorlib\System\FieldAccessException.cs",".cs","451"
"Scripts\mscorlib\System\FlagsAttribute.cs",".cs","214"
"Scripts\mscorlib\System\FormatException.cs",".cs","425"
"Scripts\mscorlib\System\GC.cs",".cs","697"
"Scripts\mscorlib\System\Guid.cs",".cs","5955"
"Scripts\mscorlib\System\IAsyncResult.cs",".cs","190"
"Scripts\mscorlib\System\ICloneable.cs",".cs","143"
"Scripts\mscorlib\System\IComparable.cs",".cs","224"
"Scripts\mscorlib\System\IConvertible.cs",".cs","946"
"Scripts\mscorlib\System\ICustomFormatter.cs",".cs","207"
"Scripts\mscorlib\System\IDisposable.cs",".cs","144"
"Scripts\mscorlib\System\IEquatable.cs",".cs","90"
"Scripts\mscorlib\System\IFormatProvider.cs",".cs","167"
"Scripts\mscorlib\System\IFormattable.cs",".cs","193"
"Scripts\mscorlib\System\IndexOutOfRangeException.cs",".cs","422"
"Scripts\mscorlib\System\Int16.cs",".cs","6175"
"Scripts\mscorlib\System\Int32.cs",".cs","8741"
"Scripts\mscorlib\System\Int64.cs",".cs","6905"
"Scripts\mscorlib\System\IntPtr.cs",".cs","3927"
"Scripts\mscorlib\System\InvalidCastException.cs",".cs","445"
"Scripts\mscorlib\System\InvalidOperationException.cs",".cs","555"
"Scripts\mscorlib\System\LoaderOptimization.cs",".cs","301"
"Scripts\mscorlib\System\LocalDataStoreSlot.cs",".cs","418"
"Scripts\mscorlib\System\MarshalByRefObject.cs",".cs","1058"
"Scripts\mscorlib\System\Math.cs",".cs","2547"
"Scripts\mscorlib\System\MemberAccessException.cs",".cs","449"
"Scripts\mscorlib\System\MethodAccessException.cs",".cs","395"
"Scripts\mscorlib\System\MissingFieldException.cs",".cs","657"
"Scripts\mscorlib\System\MissingMemberException.cs",".cs","942"
"Scripts\mscorlib\System\MissingMethodException.cs",".cs","743"
"Scripts\mscorlib\System\MonoAsyncCall.cs",".cs","260"
"Scripts\mscorlib\System\MonoCustomAttrs.cs",".cs","3646"
"Scripts\mscorlib\System\MonoDocumentationNoteAttribute.cs",".cs","230"
"Scripts\mscorlib\System\MonoEnumInfo.cs",".cs","2951"
"Scripts\mscorlib\System\MonoLimitationAttribute.cs",".cs","216"
"Scripts\mscorlib\System\MonoListItem.cs",".cs","125"
"Scripts\mscorlib\System\MonoNotSupportedAttribute.cs",".cs","220"
"Scripts\mscorlib\System\MonoTODOAttribute.cs",".cs","267"
"Scripts\mscorlib\System\MonoType.cs",".cs","8571"
"Scripts\mscorlib\System\MonoTypeInfo.cs",".cs","160"
"Scripts\mscorlib\System\MulticastDelegate.cs",".cs","1856"
"Scripts\mscorlib\System\MulticastNotSupportedException.cs",".cs","446"
"Scripts\mscorlib\System\NotImplementedException.cs",".cs","536"
"Scripts\mscorlib\System\NotSupportedException.cs",".cs","449"
"Scripts\mscorlib\System\Nullable.cs",".cs","2417"
"Scripts\mscorlib\System\NullReferenceException.cs",".cs","540"
"Scripts\mscorlib\System\NumberFormatter.cs",".cs","17736"
"Scripts\mscorlib\System\Object.cs",".cs","2062"
"Scripts\mscorlib\System\ObjectDisposedException.cs",".cs","814"
"Scripts\mscorlib\System\ObsoleteAttribute.cs",".cs","687"
"Scripts\mscorlib\System\OperatingSystem.cs",".cs","1030"
"Scripts\mscorlib\System\OrdinalComparer.cs",".cs","784"
"Scripts\mscorlib\System\OutOfMemoryException.cs",".cs","530"
"Scripts\mscorlib\System\OverflowException.cs",".cs","437"
"Scripts\mscorlib\System\ParamArrayAttribute.cs",".cs","195"
"Scripts\mscorlib\System\PlatformID.cs",".cs","242"
"Scripts\mscorlib\System\Predicate.cs",".cs","68"
"Scripts\mscorlib\System\Random.cs",".cs","755"
"Scripts\mscorlib\System\RankException.cs",".cs","417"
"Scripts\mscorlib\System\ResolveEventArgs.cs",".cs","216"
"Scripts\mscorlib\System\ResolveEventHandler.cs",".cs","215"
"Scripts\mscorlib\System\RuntimeArgumentHandle.cs",".cs","157"
"Scripts\mscorlib\System\RuntimeFieldHandle.cs",".cs","1126"
"Scripts\mscorlib\System\RuntimeMethodHandle.cs",".cs","1182"
"Scripts\mscorlib\System\RuntimeTypeHandle.cs",".cs","1124"
"Scripts\mscorlib\System\SByte.cs",".cs","6268"
"Scripts\mscorlib\System\Single.cs",".cs","6808"
"Scripts\mscorlib\System\StackOverflowException.cs",".cs","501"
"Scripts\mscorlib\System\String.cs",".cs","38078"
"Scripts\mscorlib\System\StringComparer.cs",".cs","1440"
"Scripts\mscorlib\System\StringComparison.cs",".cs","299"
"Scripts\mscorlib\System\StringSplitOptions.cs",".cs","177"
"Scripts\mscorlib\System\SystemException.cs",".cs","499"
"Scripts\mscorlib\System\ThreadStaticAttribute.cs",".cs","222"
"Scripts\mscorlib\System\TimeSpan.cs",".cs","6746"
"Scripts\mscorlib\System\TimeZone.cs",".cs","1809"
"Scripts\mscorlib\System\Type.cs",".cs","14593"
"Scripts\mscorlib\System\TypeCode.cs",".cs","406"
"Scripts\mscorlib\System\TypedReference.cs",".cs","761"
"Scripts\mscorlib\System\TypeInitializationException.cs",".cs","737"
"Scripts\mscorlib\System\TypeLoadException.cs",".cs","872"
"Scripts\mscorlib\System\UInt16.cs",".cs","6319"
"Scripts\mscorlib\System\UInt32.cs",".cs","6824"
"Scripts\mscorlib\System\UInt64.cs",".cs","6335"
"Scripts\mscorlib\System\UIntPtr.cs",".cs","3543"
"Scripts\mscorlib\System\UnauthorizedAccessException.cs",".cs","473"
"Scripts\mscorlib\System\UnhandledExceptionEventArgs.cs",".cs","902"
"Scripts\mscorlib\System\UnhandledExceptionEventHandler.cs",".cs","204"
"Scripts\mscorlib\System\UnitySerializationHolder.cs",".cs","1126"
"Scripts\mscorlib\System\ValueType.cs",".cs","1215"
"Scripts\mscorlib\System\Variant.cs",".cs","1275"
"Scripts\mscorlib\System\Version.cs",".cs","3359"
"Scripts\mscorlib\System\Void.cs",".cs","164"
"Scripts\mscorlib\System\WeakReference.cs",".cs","1110"
"Scripts\mscorlib\System\__ComObject.cs",".cs","2842"
"Scripts\mscorlib\System\Collections\ArrayList.cs",".cs","12204"
"Scripts\mscorlib\System\Collections\BitArray.cs",".cs","3071"
"Scripts\mscorlib\System\Collections\CaseInsensitiveComparer.cs",".cs","1106"
"Scripts\mscorlib\System\Collections\CaseInsensitiveHashCodeProvider.cs",".cs","1678"
"Scripts\mscorlib\System\Collections\CollectionBase.cs",".cs","3437"
"Scripts\mscorlib\System\Collections\Comparer.cs",".cs","751"
"Scripts\mscorlib\System\Collections\DictionaryEntry.cs",".cs","727"
"Scripts\mscorlib\System\Collections\Hashtable.cs",".cs","14148"
"Scripts\mscorlib\System\Collections\ICollection.cs",".cs","279"
"Scripts\mscorlib\System\Collections\IComparer.cs",".cs","171"
"Scripts\mscorlib\System\Collections\IDictionary.cs",".cs","500"
"Scripts\mscorlib\System\Collections\IDictionaryEnumerator.cs",".cs","247"
"Scripts\mscorlib\System\Collections\IEnumerable.cs",".cs","234"
"Scripts\mscorlib\System\Collections\IEnumerator.cs",".cs","254"
"Scripts\mscorlib\System\Collections\IEqualityComparer.cs",".cs","217"
"Scripts\mscorlib\System\Collections\IHashCodeProvider.cs",".cs","229"
"Scripts\mscorlib\System\Collections\IList.cs",".cs","478"
"Scripts\mscorlib\System\Collections\Queue.cs",".cs","2818"
"Scripts\mscorlib\System\Collections\SortedList.cs",".cs","12103"
"Scripts\mscorlib\System\Collections\Stack.cs",".cs","3209"
"Scripts\mscorlib\System\Collections\Generic\CollectionDebuggerView.cs",".cs","256"
"Scripts\mscorlib\System\Collections\Generic\Comparer.cs",".cs","907"
"Scripts\mscorlib\System\Collections\Generic\Dictionary.cs",".cs","18745"
"Scripts\mscorlib\System\Collections\Generic\EqualityComparer.cs",".cs","1421"
"Scripts\mscorlib\System\Collections\Generic\GenericComparer.cs",".cs","336"
"Scripts\mscorlib\System\Collections\Generic\GenericEqualityComparer.cs",".cs","539"
"Scripts\mscorlib\System\Collections\Generic\ICollection.cs",".cs","309"
"Scripts\mscorlib\System\Collections\Generic\IComparer.cs",".cs","110"
"Scripts\mscorlib\System\Collections\Generic\IDictionary.cs",".cs","383"
"Scripts\mscorlib\System\Collections\Generic\IEnumerable.cs",".cs","139"
"Scripts\mscorlib\System\Collections\Generic\IEnumerator.cs",".cs","139"
"Scripts\mscorlib\System\Collections\Generic\IEqualityComparer.cs",".cs","147"
"Scripts\mscorlib\System\Collections\Generic\IList.cs",".cs","255"
"Scripts\mscorlib\System\Collections\Generic\KeyNotFoundException.cs",".cs","376"
"Scripts\mscorlib\System\Collections\Generic\KeyValuePair.cs",".cs","912"
"Scripts\mscorlib\System\Collections\Generic\Link.cs",".cs","121"
"Scripts\mscorlib\System\Collections\Generic\List.cs",".cs","7052"
"Scripts\mscorlib\System\Collections\ObjectModel\Collection.cs",".cs","4877"
"Scripts\mscorlib\System\Collections\ObjectModel\ReadOnlyCollection.cs",".cs","4125"
"Scripts\mscorlib\System\Configuration\Assemblies\AssemblyHashAlgorithm.cs",".cs","217"
"Scripts\mscorlib\System\Configuration\Assemblies\AssemblyVersionCompatibility.cs",".cs","237"
"Scripts\mscorlib\System\Diagnostics\ConditionalAttribute.cs",".cs","367"
"Scripts\mscorlib\System\Diagnostics\DebuggableAttribute.cs",".cs","635"
"Scripts\mscorlib\System\Diagnostics\DebuggerDisplayAttribute.cs",".cs","650"
"Scripts\mscorlib\System\Diagnostics\DebuggerHiddenAttribute.cs",".cs","303"
"Scripts\mscorlib\System\Diagnostics\DebuggerStepThroughAttribute.cs",".cs","331"
"Scripts\mscorlib\System\Diagnostics\DebuggerTypeProxyAttribute.cs",".cs","450"
"Scripts\mscorlib\System\Diagnostics\StackFrame.cs",".cs","2371"
"Scripts\mscorlib\System\Diagnostics\StackTrace.cs",".cs","1521"
"Scripts\mscorlib\System\Globalization\Calendar.cs",".cs","1260"
"Scripts\mscorlib\System\Globalization\CCFixed.cs",".cs","459"
"Scripts\mscorlib\System\Globalization\CCGregorianCalendar.cs",".cs","1862"
"Scripts\mscorlib\System\Globalization\CCMath.cs",".cs","646"
"Scripts\mscorlib\System\Globalization\CompareInfo.cs",".cs","6203"
"Scripts\mscorlib\System\Globalization\CompareOptions.cs",".cs","374"
"Scripts\mscorlib\System\Globalization\CultureInfo.cs",".cs","13315"
"Scripts\mscorlib\System\Globalization\CultureTypes.cs",".cs","378"
"Scripts\mscorlib\System\Globalization\DateTimeFormatFlags.cs",".cs","166"
"Scripts\mscorlib\System\Globalization\DateTimeFormatInfo.cs",".cs","10016"
"Scripts\mscorlib\System\Globalization\DateTimeStyles.cs",".cs","411"
"Scripts\mscorlib\System\Globalization\DaylightTime.cs",".cs","897"
"Scripts\mscorlib\System\Globalization\GregorianCalendar.cs",".cs","1767"
"Scripts\mscorlib\System\Globalization\GregorianCalendarTypes.cs",".cs","299"
"Scripts\mscorlib\System\Globalization\NumberFormatInfo.cs",".cs","8210"
"Scripts\mscorlib\System\Globalization\NumberStyles.cs",".cs","558"
"Scripts\mscorlib\System\Globalization\SortKey.cs",".cs","1547"
"Scripts\mscorlib\System\Globalization\TextInfo.cs",".cs","3223"
"Scripts\mscorlib\System\Globalization\UnicodeCategory.cs",".cs","870"
"Scripts\mscorlib\System\IO\BinaryReader.cs",".cs","4580"
"Scripts\mscorlib\System\IO\BinaryWriter.cs",".cs","1820"
"Scripts\mscorlib\System\IO\Directory.cs",".cs","2810"
"Scripts\mscorlib\System\IO\DirectoryInfo.cs",".cs","1127"
"Scripts\mscorlib\System\IO\DirectoryNotFoundException.cs",".cs","423"
"Scripts\mscorlib\System\IO\EndOfStreamException.cs",".cs","340"
"Scripts\mscorlib\System\IO\File.cs",".cs","3245"
"Scripts\mscorlib\System\IO\FileAccess.cs",".cs","193"
"Scripts\mscorlib\System\IO\FileAttributes.cs",".cs","443"
"Scripts\mscorlib\System\IO\FileMode.cs",".cs","235"
"Scripts\mscorlib\System\IO\FileNotFoundException.cs",".cs","1010"
"Scripts\mscorlib\System\IO\FileOptions.cs",".cs","338"
"Scripts\mscorlib\System\IO\FileShare.cs",".cs","243"
"Scripts\mscorlib\System\IO\FileStream.cs",".cs","5667"
"Scripts\mscorlib\System\IO\FileStreamAsyncResult.cs",".cs","832"
"Scripts\mscorlib\System\IO\FileSystemInfo.cs",".cs","844"
"Scripts\mscorlib\System\IO\IOException.cs",".cs","430"
"Scripts\mscorlib\System\IO\MemoryStream.cs",".cs","3423"
"Scripts\mscorlib\System\IO\MonoFileType.cs",".cs","137"
"Scripts\mscorlib\System\IO\MonoIO.cs",".cs","5010"
"Scripts\mscorlib\System\IO\MonoIOError.cs",".cs","774"
"Scripts\mscorlib\System\IO\MonoIOStat.cs",".cs","247"
"Scripts\mscorlib\System\IO\NullStream.cs",".cs","1925"
"Scripts\mscorlib\System\IO\Path.cs",".cs","3441"
"Scripts\mscorlib\System\IO\PathTooLongException.cs",".cs","399"
"Scripts\mscorlib\System\IO\SearchPattern.cs",".cs","440"
"Scripts\mscorlib\System\IO\SeekOrigin.cs",".cs","180"
"Scripts\mscorlib\System\IO\Stream.cs",".cs","1894"
"Scripts\mscorlib\System\IO\StreamAsyncResult.cs",".cs","1243"
"Scripts\mscorlib\System\IO\StreamReader.cs",".cs","4097"
"Scripts\mscorlib\System\IO\StreamWriter.cs",".cs","2226"
"Scripts\mscorlib\System\IO\StringReader.cs",".cs","1390"
"Scripts\mscorlib\System\IO\StringWriter.cs",".cs","1361"
"Scripts\mscorlib\System\IO\SynchronizedReader.cs",".cs","1165"
"Scripts\mscorlib\System\IO\SynchronizedWriter.cs",".cs","1106"
"Scripts\mscorlib\System\IO\TextReader.cs",".cs","1766"
"Scripts\mscorlib\System\IO\TextWriter.cs",".cs","1787"
"Scripts\mscorlib\System\IO\UnexceptionalStreamReader.cs",".cs","1488"
"Scripts\mscorlib\System\IO\UnexceptionalStreamWriter.cs",".cs","484"
"Scripts\mscorlib\System\IO\IsolatedStorage\IsolatedStorageException.cs",".cs","429"
"Scripts\mscorlib\System\Reflection\AmbiguousMatchException.cs",".cs","429"
"Scripts\mscorlib\System\Reflection\Assembly.cs",".cs","5313"
"Scripts\mscorlib\System\Reflection\AssemblyCompanyAttribute.cs",".cs","316"
"Scripts\mscorlib\System\Reflection\AssemblyCopyrightAttribute.cs",".cs","322"
"Scripts\mscorlib\System\Reflection\AssemblyDefaultAliasAttribute.cs",".cs","331"
"Scripts\mscorlib\System\Reflection\AssemblyDelaySignAttribute.cs",".cs","319"
"Scripts\mscorlib\System\Reflection\AssemblyDescriptionAttribute.cs",".cs","328"
"Scripts\mscorlib\System\Reflection\AssemblyFileVersionAttribute.cs",".cs","324"
"Scripts\mscorlib\System\Reflection\AssemblyInformationalVersionAttribute.cs",".cs","355"
"Scripts\mscorlib\System\Reflection\AssemblyKeyFileAttribute.cs",".cs","316"
"Scripts\mscorlib\System\Reflection\AssemblyName.cs",".cs","3250"
"Scripts\mscorlib\System\Reflection\AssemblyNameFlags.cs",".cs","296"
"Scripts\mscorlib\System\Reflection\AssemblyProductAttribute.cs",".cs","316"
"Scripts\mscorlib\System\Reflection\AssemblyTitleAttribute.cs",".cs","310"
"Scripts\mscorlib\System\Reflection\AssemblyVersionAttribute.cs",".cs","442"
"Scripts\mscorlib\System\Reflection\Binder.cs",".cs","5126"
"Scripts\mscorlib\System\Reflection\BindingFlags.cs",".cs","642"
"Scripts\mscorlib\System\Reflection\CallingConventions.cs",".cs","252"
"Scripts\mscorlib\System\Reflection\ConstructorInfo.cs",".cs","1078"
"Scripts\mscorlib\System\Reflection\DefaultMemberAttribute.cs",".cs","567"
"Scripts\mscorlib\System\Reflection\EventAttributes.cs",".cs","249"
"Scripts\mscorlib\System\Reflection\EventInfo.cs",".cs","745"
"Scripts\mscorlib\System\Reflection\FieldAttributes.cs",".cs","568"
"Scripts\mscorlib\System\Reflection\FieldInfo.cs",".cs","2159"
"Scripts\mscorlib\System\Reflection\GetterAdapter.cs",".cs","91"
"Scripts\mscorlib\System\Reflection\ICustomAttributeProvider.cs",".cs","320"
"Scripts\mscorlib\System\Reflection\IReflect.cs",".cs","1019"
"Scripts\mscorlib\System\Reflection\MemberFilter.cs",".cs","188"
"Scripts\mscorlib\System\Reflection\MemberInfo.cs",".cs","897"
"Scripts\mscorlib\System\Reflection\MemberInfoSerializationHolder.cs",".cs","1222"
"Scripts\mscorlib\System\Reflection\MemberTypes.cs",".cs","315"
"Scripts\mscorlib\System\Reflection\MethodAttributes.cs",".cs","688"
"Scripts\mscorlib\System\Reflection\MethodBase.cs",".cs","3355"
"Scripts\mscorlib\System\Reflection\MethodImplAttributes.cs",".cs","423"
"Scripts\mscorlib\System\Reflection\MethodInfo.cs",".cs","1812"
"Scripts\mscorlib\System\Reflection\Missing.cs",".cs","392"
"Scripts\mscorlib\System\Reflection\Module.cs",".cs","2901"
"Scripts\mscorlib\System\Reflection\ModuleResolveEventHandler.cs",".cs","201"
"Scripts\mscorlib\System\Reflection\MonoCMethod.cs",".cs","3357"
"Scripts\mscorlib\System\Reflection\MonoEvent.cs",".cs","2163"
"Scripts\mscorlib\System\Reflection\MonoEventInfo.cs",".cs","731"
"Scripts\mscorlib\System\Reflection\MonoField.cs",".cs","3442"
"Scripts\mscorlib\System\Reflection\MonoGenericCMethod.cs",".cs","310"
"Scripts\mscorlib\System\Reflection\MonoGenericMethod.cs",".cs","307"
"Scripts\mscorlib\System\Reflection\MonoMethod.cs",".cs","3981"
"Scripts\mscorlib\System\Reflection\MonoMethodInfo.cs",".cs","1844"
"Scripts\mscorlib\System\Reflection\MonoProperty.cs",".cs","3117"
"Scripts\mscorlib\System\Reflection\MonoPropertyInfo.cs",".cs","438"
"Scripts\mscorlib\System\Reflection\ParameterAttributes.cs",".cs","374"
"Scripts\mscorlib\System\Reflection\ParameterInfo.cs",".cs","2850"
"Scripts\mscorlib\System\Reflection\ParameterModifier.cs",".cs","208"
"Scripts\mscorlib\System\Reflection\PInfo.cs",".cs","192"
"Scripts\mscorlib\System\Reflection\ProcessorArchitecture.cs",".cs","222"
"Scripts\mscorlib\System\Reflection\PropertyAttributes.cs",".cs","346"
"Scripts\mscorlib\System\Reflection\PropertyInfo.cs",".cs","1102"
"Scripts\mscorlib\System\Reflection\StrongNameKeyPair.cs",".cs","722"
"Scripts\mscorlib\System\Reflection\TargetException.cs",".cs","385"
"Scripts\mscorlib\System\Reflection\TargetInvocationException.cs",".cs","377"
"Scripts\mscorlib\System\Reflection\TargetParameterCountException.cs",".cs","447"
"Scripts\mscorlib\System\Reflection\TypeAttributes.cs",".cs","894"
"Scripts\mscorlib\System\Reflection\TypeFilter.cs",".cs","180"
"Scripts\mscorlib\System\Resources\NeutralResourcesLanguageAttribute.cs",".cs","372"
"Scripts\mscorlib\System\Resources\SatelliteContractVersionAttribute.cs",".cs","314"
"Scripts\mscorlib\System\Resources\UltimateResourceFallbackLocation.cs",".cs","206"
"Scripts\mscorlib\System\Runtime\CompilerServices\CompilationRelaxations.cs",".cs","208"
"Scripts\mscorlib\System\Runtime\CompilerServices\CompilationRelaxationsAttribute.cs",".cs","430"
"Scripts\mscorlib\System\Runtime\CompilerServices\CompilerGeneratedAttribute.cs",".cs","176"
"Scripts\mscorlib\System\Runtime\CompilerServices\DecimalConstantAttribute.cs",".cs","522"
"Scripts\mscorlib\System\Runtime\CompilerServices\DefaultDependencyAttribute.cs",".cs","283"
"Scripts\mscorlib\System\Runtime\CompilerServices\InternalsVisibleToAttribute.cs",".cs","340"
"Scripts\mscorlib\System\Runtime\CompilerServices\IsVolatile.cs",".cs","152"
"Scripts\mscorlib\System\Runtime\CompilerServices\LoadHint.cs",".cs","145"
"Scripts\mscorlib\System\Runtime\CompilerServices\MethodCodeType.cs",".cs","141"
"Scripts\mscorlib\System\Runtime\CompilerServices\MethodImplAttribute.cs",".cs","725"
"Scripts\mscorlib\System\Runtime\CompilerServices\MethodImplOptions.cs",".cs","322"
"Scripts\mscorlib\System\Runtime\CompilerServices\RuntimeCompatibilityAttribute.cs",".cs","339"
"Scripts\mscorlib\System\Runtime\CompilerServices\RuntimeHelpers.cs",".cs","430"
"Scripts\mscorlib\System\Runtime\CompilerServices\StringFreezingAttribute.cs",".cs","197"
"Scripts\mscorlib\System\Runtime\CompilerServices\TypeForwardedToAttribute.cs",".cs","496"
"Scripts\mscorlib\System\Runtime\ConstrainedExecution\Cer.cs",".cs","140"
"Scripts\mscorlib\System\Runtime\ConstrainedExecution\Consistency.cs",".cs","212"
"Scripts\mscorlib\System\Runtime\ConstrainedExecution\CriticalFinalizerObject.cs",".cs","404"
"Scripts\mscorlib\System\Runtime\ConstrainedExecution\ReliabilityContractAttribute.cs",".cs","478"
"Scripts\mscorlib\System\Runtime\InteropServices\BStrWrapper.cs",".cs","352"
"Scripts\mscorlib\System\Runtime\InteropServices\ClassInterfaceAttribute.cs",".cs","348"
"Scripts\mscorlib\System\Runtime\InteropServices\ClassInterfaceType.cs",".cs","177"
"Scripts\mscorlib\System\Runtime\InteropServices\ComDefaultInterfaceAttribute.cs",".cs","299"
"Scripts\mscorlib\System\Runtime\InteropServices\COMException.cs",".cs","604"
"Scripts\mscorlib\System\Runtime\InteropServices\ComInterfaceType.cs",".cs","205"
"Scripts\mscorlib\System\Runtime\InteropServices\ComMemberType.cs",".cs","168"
"Scripts\mscorlib\System\Runtime\InteropServices\ComVisibleAttribute.cs",".cs","491"
"Scripts\mscorlib\System\Runtime\InteropServices\DispatchWrapper.cs",".cs","363"
"Scripts\mscorlib\System\Runtime\InteropServices\DispIdAttribute.cs",".cs","337"
"Scripts\mscorlib\System\Runtime\InteropServices\ExtensibleClassFactory.cs",".cs","459"
"Scripts\mscorlib\System\Runtime\InteropServices\ExternalException.cs",".cs","444"
"Scripts\mscorlib\System\Runtime\InteropServices\GCHandle.cs",".cs","1691"
"Scripts\mscorlib\System\Runtime\InteropServices\GCHandleType.cs",".cs","193"
"Scripts\mscorlib\System\Runtime\InteropServices\GuidAttribute.cs",".cs","590"
"Scripts\mscorlib\System\Runtime\InteropServices\InterfaceTypeAttribute.cs",".cs","314"
"Scripts\mscorlib\System\Runtime\InteropServices\InvalidComObjectException.cs",".cs","453"
"Scripts\mscorlib\System\Runtime\InteropServices\Marshal.cs",".cs","28501"
"Scripts\mscorlib\System\Runtime\InteropServices\ObjectCreationDelegate.cs",".cs","137"
"Scripts\mscorlib\System\Runtime\InteropServices\TypeLibImportClassAttribute.cs",".cs","305"
"Scripts\mscorlib\System\Runtime\InteropServices\TypeLibVersionAttribute.cs",".cs","337"
"Scripts\mscorlib\System\Runtime\InteropServices\UCOMITypeInfo.cs",".cs","221"
"Scripts\mscorlib\System\Runtime\InteropServices\UCOMITypeLib.cs",".cs","220"
"Scripts\mscorlib\System\Runtime\InteropServices\UnknownWrapper.cs",".cs","363"
"Scripts\mscorlib\System\Runtime\InteropServices\VarEnum.cs",".cs","916"
"Scripts\mscorlib\System\Runtime\InteropServices\_Activator.cs",".cs","278"
"Scripts\mscorlib\System\Runtime\InteropServices\_Assembly.cs",".cs","703"
"Scripts\mscorlib\System\Runtime\InteropServices\_AssemblyName.cs",".cs","312"
"Scripts\mscorlib\System\Runtime\InteropServices\_Attribute.cs",".cs","278"
"Scripts\mscorlib\System\Runtime\InteropServices\_ConstructorInfo.cs",".cs","353"
"Scripts\mscorlib\System\Runtime\InteropServices\_EventInfo.cs",".cs","464"
"Scripts\mscorlib\System\Runtime\InteropServices\_Exception.cs",".cs","411"
"Scripts\mscorlib\System\Runtime\InteropServices\_FieldInfo.cs",".cs","792"
"Scripts\mscorlib\System\Runtime\InteropServices\_MemberInfo.cs",".cs","435"
"Scripts\mscorlib\System\Runtime\InteropServices\_MethodBase.cs",".cs","765"
"Scripts\mscorlib\System\Runtime\InteropServices\_MethodInfo.cs",".cs","410"
"Scripts\mscorlib\System\Runtime\InteropServices\_Module.cs",".cs","300"
"Scripts\mscorlib\System\Runtime\InteropServices\_ParameterInfo.cs",".cs","314"
"Scripts\mscorlib\System\Runtime\InteropServices\_PropertyInfo.cs",".cs","772"
"Scripts\mscorlib\System\Runtime\InteropServices\_Thread.cs",".cs","667"
"Scripts\mscorlib\System\Runtime\InteropServices\_Type.cs",".cs","2334"
"Scripts\mscorlib\System\Runtime\InteropServices\ComTypes\ITypeInfo.cs",".cs","213"
"Scripts\mscorlib\System\Runtime\InteropServices\ComTypes\ITypeLib.cs",".cs","212"
"Scripts\mscorlib\System\Runtime\Remoting\ActivatedClientTypeEntry.cs",".cs","1056"
"Scripts\mscorlib\System\Runtime\Remoting\ClientActivatedIdentity.cs",".cs","480"
"Scripts\mscorlib\System\Runtime\Remoting\ClientIdentity.cs",".cs","831"
"Scripts\mscorlib\System\Runtime\Remoting\EnvoyInfo.cs",".cs","439"
"Scripts\mscorlib\System\Runtime\Remoting\IChannelInfo.cs",".cs","176"
"Scripts\mscorlib\System\Runtime\Remoting\Identity.cs",".cs","1737"
"Scripts\mscorlib\System\Runtime\Remoting\IEnvoyInfo.cs",".cs","219"
"Scripts\mscorlib\System\Runtime\Remoting\IObjectHandle.cs",".cs","269"
"Scripts\mscorlib\System\Runtime\Remoting\IRemotingTypeInfo.cs",".cs","227"
"Scripts\mscorlib\System\Runtime\Remoting\ObjectHandle.cs",".cs","668"
"Scripts\mscorlib\System\Runtime\Remoting\ObjRef.cs",".cs","2456"
"Scripts\mscorlib\System\Runtime\Remoting\RemotingConfiguration.cs",".cs","1225"
"Scripts\mscorlib\System\Runtime\Remoting\RemotingException.cs",".cs","405"
"Scripts\mscorlib\System\Runtime\Remoting\RemotingServices.cs",".cs","13003"
"Scripts\mscorlib\System\Runtime\Remoting\ServerIdentity.cs",".cs","1545"
"Scripts\mscorlib\System\Runtime\Remoting\SingleCallIdentity.cs",".cs","236"
"Scripts\mscorlib\System\Runtime\Remoting\SingletonIdentity.cs",".cs","234"
"Scripts\mscorlib\System\Runtime\Remoting\TypeEntry.cs",".cs","590"
"Scripts\mscorlib\System\Runtime\Remoting\TypeInfo.cs",".cs","677"
"Scripts\mscorlib\System\Runtime\Remoting\WellKnownClientTypeEntry.cs",".cs","1016"
"Scripts\mscorlib\System\Runtime\Remoting\WellKnownObjectMode.cs",".cs","198"
"Scripts\mscorlib\System\Runtime\Remoting\Activation\ActivationServices.cs",".cs","1539"
"Scripts\mscorlib\System\Runtime\Remoting\Activation\AppDomainLevelActivator.cs",".cs","491"
"Scripts\mscorlib\System\Runtime\Remoting\Activation\ConstructionLevelActivator.cs",".cs","354"
"Scripts\mscorlib\System\Runtime\Remoting\Activation\ContextLevelActivator.cs",".cs","456"
"Scripts\mscorlib\System\Runtime\Remoting\Activation\IActivator.cs",".cs","222"
"Scripts\mscorlib\System\Runtime\Remoting\Activation\IConstructionCallMessage.cs",".cs","484"
"Scripts\mscorlib\System\Runtime\Remoting\Activation\IConstructionReturnMessage.cs",".cs","259"
"Scripts\mscorlib\System\Runtime\Remoting\Activation\RemoteActivationAttribute.cs",".cs","616"
"Scripts\mscorlib\System\Runtime\Remoting\Activation\RemoteActivator.cs",".cs","546"
"Scripts\mscorlib\System\Runtime\Remoting\Activation\UrlAttribute.cs",".cs","1186"
"Scripts\mscorlib\System\Runtime\Remoting\Channels\AsyncRequest.cs",".cs","283"
"Scripts\mscorlib\System\Runtime\Remoting\Channels\CADSerializer.cs",".cs","1007"
"Scripts\mscorlib\System\Runtime\Remoting\Channels\CrossAppDomainChannel.cs",".cs","362"
"Scripts\mscorlib\System\Runtime\Remoting\Channels\CrossAppDomainSink.cs",".cs","1194"
"Scripts\mscorlib\System\Runtime\Remoting\Channels\IChannel.cs",".cs","148"
"Scripts\mscorlib\System\Runtime\Remoting\Channels\IChannelReceiver.cs",".cs","167"
"Scripts\mscorlib\System\Runtime\Remoting\Channels\IChannelSender.cs",".cs","165"
"Scripts\mscorlib\System\Runtime\Remoting\Contexts\Context.cs",".cs","3123"
"Scripts\mscorlib\System\Runtime\Remoting\Contexts\ContextAttribute.cs",".cs","1282"
"Scripts\mscorlib\System\Runtime\Remoting\Contexts\ContextCallbackObject.cs",".cs","118"
"Scripts\mscorlib\System\Runtime\Remoting\Contexts\DynamicPropertyCollection.cs",".cs","624"
"Scripts\mscorlib\System\Runtime\Remoting\Contexts\IContextAttribute.cs",".cs","332"
"Scripts\mscorlib\System\Runtime\Remoting\Contexts\IContextProperty.cs",".cs","180"
"Scripts\mscorlib\System\Runtime\Remoting\Contexts\IContributeClientContextSink.cs",".cs","271"
"Scripts\mscorlib\System\Runtime\Remoting\Contexts\IContributeEnvoySink.cs",".cs","279"
"Scripts\mscorlib\System\Runtime\Remoting\Contexts\IContributeServerContextSink.cs",".cs","271"
"Scripts\mscorlib\System\Runtime\Remoting\Contexts\IDynamicMessageSink.cs",".cs","354"
"Scripts\mscorlib\System\Runtime\Remoting\Contexts\IDynamicProperty.cs",".cs","156"
"Scripts\mscorlib\System\Runtime\Remoting\Contexts\SynchronizationAttribute.cs",".cs","2192"
"Scripts\mscorlib\System\Runtime\Remoting\Contexts\SynchronizedClientContextSink.cs",".cs","765"
"Scripts\mscorlib\System\Runtime\Remoting\Contexts\SynchronizedContextReplySink.cs",".cs","805"
"Scripts\mscorlib\System\Runtime\Remoting\Contexts\SynchronizedServerContextSink.cs",".cs","765"
"Scripts\mscorlib\System\Runtime\Remoting\Lifetime\ILease.cs",".cs","422"
"Scripts\mscorlib\System\Runtime\Remoting\Lifetime\ISponsor.cs",".cs","183"
"Scripts\mscorlib\System\Runtime\Remoting\Lifetime\Lease.cs",".cs","1583"
"Scripts\mscorlib\System\Runtime\Remoting\Lifetime\LeaseManager.cs",".cs","476"
"Scripts\mscorlib\System\Runtime\Remoting\Lifetime\LeaseState.cs",".cs","238"
"Scripts\mscorlib\System\Runtime\Remoting\Lifetime\LifetimeServices.cs",".cs","1431"
"Scripts\mscorlib\System\Runtime\Remoting\Messaging\ArgInfo.cs",".cs","1037"
"Scripts\mscorlib\System\Runtime\Remoting\Messaging\ArgInfoType.cs",".cs","116"
"Scripts\mscorlib\System\Runtime\Remoting\Messaging\AsyncResult.cs",".cs","1622"
"Scripts\mscorlib\System\Runtime\Remoting\Messaging\CADArgHolder.cs",".cs","152"
"Scripts\mscorlib\System\Runtime\Remoting\Messaging\CADMessageBase.cs",".cs","1987"
"Scripts\mscorlib\System\Runtime\Remoting\Messaging\CADMethodCallMessage.cs",".cs","505"
"Scripts\mscorlib\System\Runtime\Remoting\Messaging\CADMethodReturnMessage.cs",".cs","1181"
"Scripts\mscorlib\System\Runtime\Remoting\Messaging\CADObjRef.cs",".cs","142"
"Scripts\mscorlib\System\Runtime\Remoting\Messaging\CallContext.cs",".cs","1226"
"Scripts\mscorlib\System\Runtime\Remoting\Messaging\CallContextRemotingData.cs",".cs","335"
"Scripts\mscorlib\System\Runtime\Remoting\Messaging\CallType.cs",".cs","149"
"Scripts\mscorlib\System\Runtime\Remoting\Messaging\ClientContextReplySink.cs",".cs","731"
"Scripts\mscorlib\System\Runtime\Remoting\Messaging\ClientContextTerminatorSink.cs",".cs","679"
"Scripts\mscorlib\System\Runtime\Remoting\Messaging\ConstructionCall.cs",".cs","2471"
"Scripts\mscorlib\System\Runtime\Remoting\Messaging\ConstructionCallDictionary.cs",".cs","578"
"Scripts\mscorlib\System\Runtime\Remoting\Messaging\ConstructionResponse.cs",".cs","818"
"Scripts\mscorlib\System\Runtime\Remoting\Messaging\EnvoyTerminatorSink.cs",".cs","600"
"Scripts\mscorlib\System\Runtime\Remoting\Messaging\Header.cs",".cs","521"
"Scripts\mscorlib\System\Runtime\Remoting\Messaging\HeaderHandler.cs",".cs","171"
"Scripts\mscorlib\System\Runtime\Remoting\Messaging\IInternalMessage.cs",".cs","168"
"Scripts\mscorlib\System\Runtime\Remoting\Messaging\ILogicalThreadAffinative.cs",".cs","165"
"Scripts\mscorlib\System\Runtime\Remoting\Messaging\IMessage.cs",".cs","211"
"Scripts\mscorlib\System\Runtime\Remoting\Messaging\IMessageCtrl.cs",".cs","153"
"Scripts\mscorlib\System\Runtime\Remoting\Messaging\IMessageSink.cs",".cs","276"
"Scripts\mscorlib\System\Runtime\Remoting\Messaging\IMethodCallMessage.cs",".cs","314"
"Scripts\mscorlib\System\Runtime\Remoting\Messaging\IMethodMessage.cs",".cs","554"
"Scripts\mscorlib\System\Runtime\Remoting\Messaging\IMethodReturnMessage.cs",".cs","387"
"Scripts\mscorlib\System\Runtime\Remoting\Messaging\IRemotingFormatter.cs",".cs","382"
"Scripts\mscorlib\System\Runtime\Remoting\Messaging\ISerializationRootObject.cs",".cs","105"
"Scripts\mscorlib\System\Runtime\Remoting\Messaging\LogicalCallContext.cs",".cs","1201"
"Scripts\mscorlib\System\Runtime\Remoting\Messaging\MessageSurrogateFilter.cs",".cs","186"
"Scripts\mscorlib\System\Runtime\Remoting\Messaging\MethodCall.cs",".cs","5081"
"Scripts\mscorlib\System\Runtime\Remoting\Messaging\MethodCallDictionary.cs",".cs","223"
"Scripts\mscorlib\System\Runtime\Remoting\Messaging\MethodDictionary.cs",".cs","5390"
"Scripts\mscorlib\System\Runtime\Remoting\Messaging\MethodResponse.cs",".cs","5383"
"Scripts\mscorlib\System\Runtime\Remoting\Messaging\MethodReturnDictionary.cs",".cs","290"
"Scripts\mscorlib\System\Runtime\Remoting\Messaging\MonoMethodMessage.cs",".cs","6308"
"Scripts\mscorlib\System\Runtime\Remoting\Messaging\ObjRefSurrogate.cs",".cs","528"
"Scripts\mscorlib\System\Runtime\Remoting\Messaging\OneWayAttribute.cs",".cs","208"
"Scripts\mscorlib\System\Runtime\Remoting\Messaging\RemotingSurrogate.cs",".cs","530"
"Scripts\mscorlib\System\Runtime\Remoting\Messaging\RemotingSurrogateSelector.cs",".cs","760"
"Scripts\mscorlib\System\Runtime\Remoting\Messaging\ReturnMessage.cs",".cs","4936"
"Scripts\mscorlib\System\Runtime\Remoting\Messaging\ServerContextTerminatorSink.cs",".cs","542"
"Scripts\mscorlib\System\Runtime\Remoting\Proxies\ProxyAttribute.cs",".cs","1126"
"Scripts\mscorlib\System\Runtime\Remoting\Proxies\RealProxy.cs",".cs","1712"
"Scripts\mscorlib\System\Runtime\Remoting\Proxies\RemotingProxy.cs",".cs","1220"
"Scripts\mscorlib\System\Runtime\Remoting\Proxies\TransparentProxy.cs",".cs","181"
"Scripts\mscorlib\System\Runtime\Remoting\Services\ITrackingHandler.cs",".cs","298"
"Scripts\mscorlib\System\Runtime\Remoting\Services\TrackingServices.cs",".cs","455"
"Scripts\mscorlib\System\Runtime\Serialization\ArrayFixupRecord.cs",".cs","310"
"Scripts\mscorlib\System\Runtime\Serialization\BaseFixupRecord.cs",".cs","659"
"Scripts\mscorlib\System\Runtime\Serialization\DelayedFixupRecord.cs",".cs","329"
"Scripts\mscorlib\System\Runtime\Serialization\FixupRecord.cs",".cs","343"
"Scripts\mscorlib\System\Runtime\Serialization\FormatterConverter.cs",".cs","1286"
"Scripts\mscorlib\System\Runtime\Serialization\FormatterServices.cs",".cs","1312"
"Scripts\mscorlib\System\Runtime\Serialization\IDeserializationCallback.cs",".cs","202"
"Scripts\mscorlib\System\Runtime\Serialization\IFormatter.cs",".cs","414"
"Scripts\mscorlib\System\Runtime\Serialization\IFormatterConverter.cs",".cs","393"
"Scripts\mscorlib\System\Runtime\Serialization\IObjectReference.cs",".cs","203"
"Scripts\mscorlib\System\Runtime\Serialization\ISerializable.cs",".cs","222"
"Scripts\mscorlib\System\Runtime\Serialization\ISerializationSurrogate.cs",".cs","362"
"Scripts\mscorlib\System\Runtime\Serialization\ISurrogateSelector.cs",".cs","265"
"Scripts\mscorlib\System\Runtime\Serialization\MultiArrayFixupRecord.cs",".cs","328"
"Scripts\mscorlib\System\Runtime\Serialization\ObjectIDGenerator.cs",".cs","1223"
"Scripts\mscorlib\System\Runtime\Serialization\ObjectManager.cs",".cs","2062"
"Scripts\mscorlib\System\Runtime\Serialization\ObjectRecord.cs",".cs","2445"
"Scripts\mscorlib\System\Runtime\Serialization\ObjectRecordStatus.cs",".cs","198"
"Scripts\mscorlib\System\Runtime\Serialization\OnDeserializedAttribute.cs",".cs","237"
"Scripts\mscorlib\System\Runtime\Serialization\OnDeserializingAttribute.cs",".cs","238"
"Scripts\mscorlib\System\Runtime\Serialization\OnSerializedAttribute.cs",".cs","235"
"Scripts\mscorlib\System\Runtime\Serialization\OnSerializingAttribute.cs",".cs","236"
"Scripts\mscorlib\System\Runtime\Serialization\SerializationBinder.cs",".cs","251"
"Scripts\mscorlib\System\Runtime\Serialization\SerializationCallbacks.cs",".cs","2008"
"Scripts\mscorlib\System\Runtime\Serialization\SerializationEntry.cs",".cs","885"
"Scripts\mscorlib\System\Runtime\Serialization\SerializationException.cs",".cs","393"
"Scripts\mscorlib\System\Runtime\Serialization\SerializationInfo.cs",".cs","3010"
"Scripts\mscorlib\System\Runtime\Serialization\SerializationInfoEnumerator.cs",".cs","1490"
"Scripts\mscorlib\System\Runtime\Serialization\SerializationObjectManager.cs",".cs","460"
"Scripts\mscorlib\System\Runtime\Serialization\StreamingContext.cs",".cs","1166"
"Scripts\mscorlib\System\Runtime\Serialization\StreamingContextStates.cs",".cs","349"
"Scripts\mscorlib\System\Runtime\Serialization\Formatters\FormatterAssemblyStyle.cs",".cs","208"
"Scripts\mscorlib\System\Runtime\Serialization\Formatters\FormatterTypeStyle.cs",".cs","238"
"Scripts\mscorlib\System\Runtime\Serialization\Formatters\TypeFilterLevel.cs",".cs","181"
"Scripts\mscorlib\System\Runtime\Serialization\Formatters\Binary\BinaryCommon.cs",".cs","1095"
"Scripts\mscorlib\System\Runtime\Serialization\Formatters\Binary\BinaryElement.cs",".cs","612"
"Scripts\mscorlib\System\Runtime\Serialization\Formatters\Binary\BinaryFormatter.cs",".cs","3573"
"Scripts\mscorlib\System\Runtime\Serialization\Formatters\Binary\ClrTypeMetadata.cs",".cs","420"
"Scripts\mscorlib\System\Runtime\Serialization\Formatters\Binary\MemberTypeMetadata.cs",".cs","581"
"Scripts\mscorlib\System\Runtime\Serialization\Formatters\Binary\MessageFormatter.cs",".cs","2490"
"Scripts\mscorlib\System\Runtime\Serialization\Formatters\Binary\MethodFlags.cs",".cs","386"
"Scripts\mscorlib\System\Runtime\Serialization\Formatters\Binary\ObjectReader.cs",".cs","5241"
"Scripts\mscorlib\System\Runtime\Serialization\Formatters\Binary\ObjectWriter.cs",".cs","4389"
"Scripts\mscorlib\System\Runtime\Serialization\Formatters\Binary\ReturnTypeTag.cs",".cs","186"
"Scripts\mscorlib\System\Runtime\Serialization\Formatters\Binary\SerializableTypeMetadata.cs",".cs","992"
"Scripts\mscorlib\System\Runtime\Serialization\Formatters\Binary\TypeMetadata.cs",".cs","725"
"Scripts\mscorlib\System\Runtime\Serialization\Formatters\Binary\TypeTag.cs",".cs","271"
"Scripts\mscorlib\System\Security\IPermission.cs",".cs","134"
"Scripts\mscorlib\System\Security\SecureString.cs",".cs","918"
"Scripts\mscorlib\System\Security\SecurityCriticalAttribute.cs",".cs","482"
"Scripts\mscorlib\System\Security\SecuritySafeCriticalAttribute.cs",".cs","258"
"Scripts\mscorlib\System\Security\SuppressUnmanagedCodeSecurityAttribute.cs",".cs","343"
"Scripts\mscorlib\System\Security\UnverifiableCodeAttribute.cs",".cs","248"
"Scripts\mscorlib\System\Security\Cryptography\AsymmetricAlgorithm.cs",".cs","1664"
"Scripts\mscorlib\System\Security\Cryptography\AsymmetricKeyExchangeDeformatter.cs",".cs","343"
"Scripts\mscorlib\System\Security\Cryptography\AsymmetricKeyExchangeFormatter.cs",".cs","413"
"Scripts\mscorlib\System\Security\Cryptography\AsymmetricSignatureDeformatter.cs",".cs","594"
"Scripts\mscorlib\System\Security\Cryptography\AsymmetricSignatureFormatter.cs",".cs","554"
"Scripts\mscorlib\System\Security\Cryptography\Base64Constants.cs",".cs","188"
"Scripts\mscorlib\System\Security\Cryptography\CipherMode.cs",".cs","217"
"Scripts\mscorlib\System\Security\Cryptography\CryptoAPITransform.cs",".cs","1948"
"Scripts\mscorlib\System\Security\Cryptography\CryptoConfig.cs",".cs","14954"
"Scripts\mscorlib\System\Security\Cryptography\CryptographicException.cs",".cs","648"
"Scripts\mscorlib\System\Security\Cryptography\CryptographicUnexpectedOperationException.cs",".cs","704"
"Scripts\mscorlib\System\Security\Cryptography\CryptoStream.cs",".cs","2632"
"Scripts\mscorlib\System\Security\Cryptography\CryptoStreamMode.cs",".cs","190"
"Scripts\mscorlib\System\Security\Cryptography\CspKeyContainerInfo.cs",".cs","2587"
"Scripts\mscorlib\System\Security\Cryptography\CspParameters.cs",".cs","740"
"Scripts\mscorlib\System\Security\Cryptography\CspProviderFlags.cs",".cs","377"
"Scripts\mscorlib\System\Security\Cryptography\DeriveBytes.cs",".cs","231"
"Scripts\mscorlib\System\Security\Cryptography\DES.cs",".cs","1284"
"Scripts\mscorlib\System\Security\Cryptography\DESCryptoServiceProvider.cs",".cs","720"
"Scripts\mscorlib\System\Security\Cryptography\DESTransform.cs",".cs","1533"
"Scripts\mscorlib\System\Security\Cryptography\DSA.cs",".cs","1189"
"Scripts\mscorlib\System\Security\Cryptography\DSACryptoServiceProvider.cs",".cs","4827"
"Scripts\mscorlib\System\Security\Cryptography\DSAParameters.cs",".cs","362"
"Scripts\mscorlib\System\Security\Cryptography\DSASignatureDeformatter.cs",".cs","687"
"Scripts\mscorlib\System\Security\Cryptography\DSASignatureDescription.cs",".cs","118"
"Scripts\mscorlib\System\Security\Cryptography\DSASignatureFormatter.cs",".cs","660"
"Scripts\mscorlib\System\Security\Cryptography\FromBase64Transform.cs",".cs","2487"
"Scripts\mscorlib\System\Security\Cryptography\FromBase64TransformMode.cs",".cs","227"
"Scripts\mscorlib\System\Security\Cryptography\HashAlgorithm.cs",".cs","3350"
"Scripts\mscorlib\System\Security\Cryptography\HMAC.cs",".cs","2168"
"Scripts\mscorlib\System\Security\Cryptography\HMACMD5.cs",".cs","218"
"Scripts\mscorlib\System\Security\Cryptography\HMACRIPEMD160.cs",".cs","236"
"Scripts\mscorlib\System\Security\Cryptography\HMACSHA1.cs",".cs","285"
"Scripts\mscorlib\System\Security\Cryptography\HMACSHA256.cs",".cs","227"
"Scripts\mscorlib\System\Security\Cryptography\HMACSHA384.cs",".cs","552"
"Scripts\mscorlib\System\Security\Cryptography\HMACSHA512.cs",".cs","552"
"Scripts\mscorlib\System\Security\Cryptography\ICryptoTransform.cs",".cs","517"
"Scripts\mscorlib\System\Security\Cryptography\ICspAsymmetricAlgorithm.cs",".cs","310"
"Scripts\mscorlib\System\Security\Cryptography\KeyedHashAlgorithm.cs",".cs","966"
"Scripts\mscorlib\System\Security\Cryptography\KeyNumber.cs",".cs","191"
"Scripts\mscorlib\System\Security\Cryptography\KeySizes.cs",".cs","1205"
"Scripts\mscorlib\System\Security\Cryptography\MACTripleDES.cs",".cs","1175"
"Scripts\mscorlib\System\Security\Cryptography\MaskGenerationMethod.cs",".cs","253"
"Scripts\mscorlib\System\Security\Cryptography\MD5.cs",".cs","532"
"Scripts\mscorlib\System\Security\Cryptography\MD5CryptoServiceProvider.cs",".cs","1139"
"Scripts\mscorlib\System\Security\Cryptography\PaddingMode.cs",".cs","233"
"Scripts\mscorlib\System\Security\Cryptography\PasswordDeriveBytes.cs",".cs","2726"
"Scripts\mscorlib\System\Security\Cryptography\PKCS1MaskGenerationMethod.cs",".cs","636"
"Scripts\mscorlib\System\Security\Cryptography\RandomNumberGenerator.cs",".cs","605"
"Scripts\mscorlib\System\Security\Cryptography\RC2.cs",".cs","1023"
"Scripts\mscorlib\System\Security\Cryptography\RC2CryptoServiceProvider.cs",".cs","1247"
"Scripts\mscorlib\System\Security\Cryptography\RC2Transform.cs",".cs","486"
"Scripts\mscorlib\System\Security\Cryptography\Rfc2898DeriveBytes.cs",".cs","1622"
"Scripts\mscorlib\System\Security\Cryptography\Rijndael.cs",".cs","552"
"Scripts\mscorlib\System\Security\Cryptography\RijndaelManaged.cs",".cs","716"
"Scripts\mscorlib\System\Security\Cryptography\RijndaelManagedTransform.cs",".cs","2042"
"Scripts\mscorlib\System\Security\Cryptography\RijndaelTransform.cs",".cs","1570"
"Scripts\mscorlib\System\Security\Cryptography\RIPEMD160.cs",".cs","551"
"Scripts\mscorlib\System\Security\Cryptography\RIPEMD160Managed.cs",".cs","2953"
"Scripts\mscorlib\System\Security\Cryptography\RNGCryptoServiceProvider.cs",".cs","908"
"Scripts\mscorlib\System\Security\Cryptography\RSA.cs",".cs","1156"
"Scripts\mscorlib\System\Security\Cryptography\RSACryptoServiceProvider.cs",".cs","5662"
"Scripts\mscorlib\System\Security\Cryptography\RSAOAEPKeyExchangeDeformatter.cs",".cs","846"
"Scripts\mscorlib\System\Security\Cryptography\RSAOAEPKeyExchangeFormatter.cs",".cs","1547"
"Scripts\mscorlib\System\Security\Cryptography\RSAParameters.cs",".cs","473"
"Scripts\mscorlib\System\Security\Cryptography\RSAPKCS1KeyExchangeDeformatter.cs",".cs","1113"
"Scripts\mscorlib\System\Security\Cryptography\RSAPKCS1KeyExchangeFormatter.cs",".cs","1372"
"Scripts\mscorlib\System\Security\Cryptography\RSAPKCS1SHA1SignatureDescription.cs",".cs","364"
"Scripts\mscorlib\System\Security\Cryptography\RSAPKCS1SignatureDeformatter.cs",".cs","732"
"Scripts\mscorlib\System\Security\Cryptography\RSAPKCS1SignatureFormatter.cs",".cs","708"
"Scripts\mscorlib\System\Security\Cryptography\SHA1.cs",".cs","536"
"Scripts\mscorlib\System\Security\Cryptography\SHA1CryptoServiceProvider.cs",".cs","628"
"Scripts\mscorlib\System\Security\Cryptography\SHA1Internal.cs",".cs","1029"
"Scripts\mscorlib\System\Security\Cryptography\SHA1Managed.cs",".cs","500"
"Scripts\mscorlib\System\Security\Cryptography\SHA256.cs",".cs","542"
"Scripts\mscorlib\System\Security\Cryptography\SHA256Managed.cs",".cs","979"
"Scripts\mscorlib\System\Security\Cryptography\SHA384.cs",".cs","542"
"Scripts\mscorlib\System\Security\Cryptography\SHA384Managed.cs",".cs","1214"
"Scripts\mscorlib\System\Security\Cryptography\SHA512.cs",".cs","542"
"Scripts\mscorlib\System\Security\Cryptography\SHA512Managed.cs",".cs","2504"
"Scripts\mscorlib\System\Security\Cryptography\SHAConstants.cs",".cs","168"
"Scripts\mscorlib\System\Security\Cryptography\SignatureDescription.cs",".cs","1857"
"Scripts\mscorlib\System\Security\Cryptography\SymmetricAlgorithm.cs",".cs","3907"
"Scripts\mscorlib\System\Security\Cryptography\ToBase64Transform.cs",".cs","2188"
"Scripts\mscorlib\System\Security\Cryptography\TripleDES.cs",".cs","961"
"Scripts\mscorlib\System\Security\Cryptography\TripleDESCryptoServiceProvider.cs",".cs","732"
"Scripts\mscorlib\System\Security\Cryptography\TripleDESTransform.cs",".cs","682"
"Scripts\mscorlib\System\Text\ASCIIEncoding.cs",".cs","3988"
"Scripts\mscorlib\System\Text\Decoder.cs",".cs","672"
"Scripts\mscorlib\System\Text\DecoderExceptionFallback.cs",".cs","701"
"Scripts\mscorlib\System\Text\DecoderExceptionFallbackBuffer.cs",".cs","707"
"Scripts\mscorlib\System\Text\DecoderFallback.cs",".cs","994"
"Scripts\mscorlib\System\Text\DecoderFallbackBuffer.cs",".cs","277"
"Scripts\mscorlib\System\Text\DecoderFallbackException.cs",".cs","495"
"Scripts\mscorlib\System\Text\DecoderReplacementFallback.cs",".cs","1068"
"Scripts\mscorlib\System\Text\DecoderReplacementFallbackBuffer.cs",".cs","941"
"Scripts\mscorlib\System\Text\EncoderExceptionFallback.cs",".cs","701"
"Scripts\mscorlib\System\Text\EncoderExceptionFallbackBuffer.cs",".cs","937"
"Scripts\mscorlib\System\Text\EncoderFallback.cs",".cs","776"
"Scripts\mscorlib\System\Text\EncoderFallbackBuffer.cs",".cs","321"
"Scripts\mscorlib\System\Text\EncoderFallbackException.cs",".cs","651"
"Scripts\mscorlib\System\Text\EncoderReplacementFallback.cs",".cs","1068"
"Scripts\mscorlib\System\Text\EncoderReplacementFallbackBuffer.cs",".cs","1309"
"Scripts\mscorlib\System\Text\Encoding.cs",".cs","9405"
"Scripts\mscorlib\System\Text\EncodingInfo.cs",".cs","529"
"Scripts\mscorlib\System\Text\Latin1Encoding.cs",".cs","3143"
"Scripts\mscorlib\System\Text\NormalizationForm.cs",".cs","188"
"Scripts\mscorlib\System\Text\StringBuilder.cs",".cs","5635"
"Scripts\mscorlib\System\Text\UnicodeEncoding.cs",".cs","4964"
"Scripts\mscorlib\System\Text\UTF8Encoding.cs",".cs","7375"
"Scripts\mscorlib\System\Threading\ApartmentState.cs",".cs","189"
"Scripts\mscorlib\System\Threading\CompressedStack.cs",".cs","130"
"Scripts\mscorlib\System\Threading\EventResetMode.cs",".cs","171"
"Scripts\mscorlib\System\Threading\EventWaitHandle.cs",".cs","526"
"Scripts\mscorlib\System\Threading\ExecutionContext.cs",".cs","465"
"Scripts\mscorlib\System\Threading\Interlocked.cs",".cs","549"
"Scripts\mscorlib\System\Threading\ManualResetEvent.cs",".cs","217"
"Scripts\mscorlib\System\Threading\Monitor.cs",".cs","1084"
"Scripts\mscorlib\System\Threading\Mutex.cs",".cs","488"
"Scripts\mscorlib\System\Threading\NativeEventCalls.cs",".cs","512"
"Scripts\mscorlib\System\Threading\ParameterizedThreadStart.cs",".cs","158"
"Scripts\mscorlib\System\Threading\RegisteredWaitHandle.cs",".cs","747"
"Scripts\mscorlib\System\Threading\SynchronizationLockException.cs",".cs","442"
"Scripts\mscorlib\System\Threading\Thread.cs",".cs","17051"
"Scripts\mscorlib\System\Threading\ThreadAbortException.cs",".cs","352"
"Scripts\mscorlib\System\Threading\ThreadPool.cs",".cs","950"
"Scripts\mscorlib\System\Threading\ThreadPriority.cs",".cs","235"
"Scripts\mscorlib\System\Threading\ThreadStart.cs",".cs","134"
"Scripts\mscorlib\System\Threading\ThreadState.cs",".cs","367"
"Scripts\mscorlib\System\Threading\ThreadStateException.cs",".cs","410"
"Scripts\mscorlib\System\Threading\Timer.cs",".cs","2041"
"Scripts\mscorlib\System\Threading\TimerCallback.cs",".cs","148"
"Scripts\mscorlib\System\Threading\WaitCallback.cs",".cs","147"
"Scripts\mscorlib\System\Threading\WaitHandle.cs",".cs","1484"
"Scripts\mscorlib\System\Threading\WaitOrTimerCallback.cs",".cs","169"
"Scripts\System\Locale.cs",".cs","428"
"Scripts\System\System.csproj",".csproj","470"
"Scripts\System\Properties\AssemblyInfo.cs",".cs","980"
"Scripts\System\System\DefaultUriParser.cs",".cs","171"
"Scripts\System\System\GenericUriParser.cs",".cs","76"
"Scripts\System\System\MonoTODOAttribute.cs",".cs","169"
"Scripts\System\System\Uri.cs",".cs","9983"
"Scripts\System\System\UriFormatException.cs",".cs","445"
"Scripts\System\System\UriHostNameType.cs",".cs","129"
"Scripts\System\System\UriKind.cs",".cs","114"
"Scripts\System\System\UriParser.cs",".cs","1247"
"Scripts\System\System\UriPartial.cs",".cs","116"
"Scripts\System\System\UriTypeConverter.cs",".cs","112"
"Scripts\System\System\Collections\Generic\Stack.cs",".cs","2874"
"Scripts\System\System\Collections\Specialized\HybridDictionary.cs",".cs","2975"
"Scripts\System\System\Collections\Specialized\ListDictionary.cs",".cs","6744"
"Scripts\System\System\ComponentModel\TypeConverter.cs",".cs","138"
"Scripts\System\System\ComponentModel\TypeConverterAttribute.cs",".cs","978"
"Scripts\System\System\Net\ICredentials.cs",".cs","68"
"Scripts\System\System\Net\IPAddress.cs",".cs","3650"
"Scripts\System\System\Net\IPv6Address.cs",".cs","3426"
"Scripts\System\System\Net\IWebProxy.cs",".cs","65"
"Scripts\System\System\Net\IWebRequestCreate.cs",".cs","104"
"Scripts\System\System\Net\WebRequest.cs",".cs","1918"
"Scripts\System\System\Net\WebResponse.cs",".cs","1075"
"Scripts\System\System\Net\Security\AuthenticationLevel.cs",".cs","146"
"Scripts\System\System\Net\Sockets\AddressFamily.cs",".cs","571"
"Scripts\System\System\Text\RegularExpressions\BaseMachine.cs",".cs","370"
"Scripts\System\System\Text\RegularExpressions\Capture.cs",".cs","658"
"Scripts\System\System\Text\RegularExpressions\CaptureCollection.cs",".cs","1167"
"Scripts\System\System\Text\RegularExpressions\Category.cs",".cs","4059"
"Scripts\System\System\Text\RegularExpressions\CategoryUtils.cs",".cs","727"
"Scripts\System\System\Text\RegularExpressions\FactoryCache.cs",".cs","1330"
"Scripts\System\System\Text\RegularExpressions\Group.cs",".cs","773"
"Scripts\System\System\Text\RegularExpressions\GroupCollection.cs",".cs","1188"
"Scripts\System\System\Text\RegularExpressions\ICompiler.cs",".cs","1525"
"Scripts\System\System\Text\RegularExpressions\IMachine.cs",".cs","147"
"Scripts\System\System\Text\RegularExpressions\IMachineFactory.cs",".cs","285"
"Scripts\System\System\Text\RegularExpressions\Interpreter.cs",".cs","5930"
"Scripts\System\System\Text\RegularExpressions\InterpreterFactory.cs",".cs","1331"
"Scripts\System\System\Text\RegularExpressions\Interval.cs",".cs","2320"
"Scripts\System\System\Text\RegularExpressions\IntervalCollection.cs",".cs","2216"
"Scripts\System\System\Text\RegularExpressions\LinkRef.cs",".cs","90"
"Scripts\System\System\Text\RegularExpressions\LinkStack.cs",".cs","486"
"Scripts\System\System\Text\RegularExpressions\Mark.cs",".cs","714"
"Scripts\System\System\Text\RegularExpressions\Match.cs",".cs","960"
"Scripts\System\System\Text\RegularExpressions\MRUList.cs",".cs","494"
"Scripts\System\System\Text\RegularExpressions\OpCode.cs",".cs","482"
"Scripts\System\System\Text\RegularExpressions\OpFlags.cs",".cs","194"
"Scripts\System\System\Text\RegularExpressions\PatternCompiler.cs",".cs","4163"
"Scripts\System\System\Text\RegularExpressions\Position.cs",".cs","264"
"Scripts\System\System\Text\RegularExpressions\QuickSearch.cs",".cs","1192"
"Scripts\System\System\Text\RegularExpressions\Regex.cs",".cs","3909"
"Scripts\System\System\Text\RegularExpressions\RegexOptions.cs",".cs","298"
"Scripts\System\System\Text\RegularExpressions\Syntax\Alternation.cs",".cs","523"
"Scripts\System\System\Text\RegularExpressions\Syntax\AnchorInfo.cs",".cs","2602"
"Scripts\System\System\Text\RegularExpressions\Syntax\Assertion.cs",".cs","671"
"Scripts\System\System\Text\RegularExpressions\Syntax\BackslashNumber.cs",".cs","535"
"Scripts\System\System\Text\RegularExpressions\Syntax\BalancingGroup.cs",".cs","285"
"Scripts\System\System\Text\RegularExpressions\Syntax\CaptureAssertion.cs",".cs","801"
"Scripts\System\System\Text\RegularExpressions\Syntax\CapturingGroup.cs",".cs","1207"
"Scripts\System\System\Text\RegularExpressions\Syntax\CharacterClass.cs",".cs","1233"
"Scripts\System\System\Text\RegularExpressions\Syntax\CompositeExpression.cs",".cs","682"
"Scripts\System\System\Text\RegularExpressions\Syntax\Expression.cs",".cs","642"
"Scripts\System\System\Text\RegularExpressions\Syntax\ExpressionAssertion.cs",".cs","750"
"Scripts\System\System\Text\RegularExpressions\Syntax\ExpressionCollection.cs",".cs","470"
"Scripts\System\System\Text\RegularExpressions\Syntax\Group.cs",".cs","512"
"Scripts\System\System\Text\RegularExpressions\Syntax\Literal.cs",".cs","838"
"Scripts\System\System\Text\RegularExpressions\Syntax\NonBacktrackingGroup.cs",".cs","362"
"Scripts\System\System\Text\RegularExpressions\Syntax\Parser.cs",".cs","5774"
"Scripts\System\System\Text\RegularExpressions\Syntax\PositionAssertion.cs",".cs","719"
"Scripts\System\System\Text\RegularExpressions\Syntax\Reference.cs",".cs","953"
"Scripts\System\System\Text\RegularExpressions\Syntax\RegularExpression.cs",".cs","264"
"Scripts\System\System\Text\RegularExpressions\Syntax\Repetition.cs",".cs","997"
"Scripts\System.Core\System.Core.csproj",".csproj","475"
"Scripts\System.Core\Properties\AssemblyInfo.cs",".cs","925"
"Scripts\System.Core\System\Action.cs",".cs","114"
"Scripts\System.Core\System\Func.cs",".cs","143"
"Scripts\System.Core\System\Linq\Check.cs",".cs","207"
"Scripts\System.Core\System\Linq\Enumerable.cs",".cs","1351"
"Scripts\System.Core\System\Runtime\CompilerServices\ExtensionAttribute.cs",".cs","207"
"Scripts\System.Runtime.CompilerServices.Unsafe\System.Runtime.CompilerServices.Unsafe.csproj",".csproj","536"
"Scripts\System.Runtime.CompilerServices.Unsafe\Properties\AssemblyInfo.cs",".cs","68"
"Scripts\System.Runtime.InteropServices\System.Runtime.InteropServices.csproj",".csproj","528"
"Scripts\System.Runtime.InteropServices\Properties\AssemblyInfo.cs",".cs","68"
"Scripts\System.Xml\System.Xml.csproj",".csproj","474"
"Scripts\System.Xml\Mono\Xml\DictionaryBase.cs",".cs","344"
"Scripts\System.Xml\Mono\Xml\DTDAnyAutomata.cs",".cs","80"
"Scripts\System.Xml\Mono\Xml\DTDAttListDeclaration.cs",".cs","1557"
"Scripts\System.Xml\Mono\Xml\DTDAttListDeclarationCollection.cs",".cs","465"
"Scripts\System.Xml\Mono\Xml\DTDAttributeDefinition.cs",".cs","1462"
"Scripts\System.Xml\Mono\Xml\DTDAttributeOccurenceType.cs",".cs","136"
"Scripts\System.Xml\Mono\Xml\DTDAutomata.cs",".cs","104"
"Scripts\System.Xml\Mono\Xml\DTDAutomataFactory.cs",".cs","267"
"Scripts\System.Xml\Mono\Xml\DTDCollectionBase.cs",".cs","817"
"Scripts\System.Xml\Mono\Xml\DTDContentModel.cs",".cs","1165"
"Scripts\System.Xml\Mono\Xml\DTDContentModelCollection.cs",".cs","587"
"Scripts\System.Xml\Mono\Xml\DTDContentOrderType.cs",".cs","105"
"Scripts\System.Xml\Mono\Xml\DTDElementAutomata.cs",".cs","108"
"Scripts\System.Xml\Mono\Xml\DTDElementDeclaration.cs",".cs","922"
"Scripts\System.Xml\Mono\Xml\DTDElementDeclarationCollection.cs",".cs","302"
"Scripts\System.Xml\Mono\Xml\DTDEmptyAutomata.cs",".cs","82"
"Scripts\System.Xml\Mono\Xml\DTDEntityBase.cs",".cs","2103"
"Scripts\System.Xml\Mono\Xml\DTDEntityDeclaration.cs",".cs","1062"
"Scripts\System.Xml\Mono\Xml\DTDEntityDeclarationCollection.cs",".cs","461"
"Scripts\System.Xml\Mono\Xml\DTDInvalidAutomata.cs",".cs","84"
"Scripts\System.Xml\Mono\Xml\DTDNode.cs",".cs","1542"
"Scripts\System.Xml\Mono\Xml\DTDNotationDeclaration.cs",".cs","1355"
"Scripts\System.Xml\Mono\Xml\DTDNotationDeclarationCollection.cs",".cs","305"
"Scripts\System.Xml\Mono\Xml\DTDObjectModel.cs",".cs","5631"
"Scripts\System.Xml\Mono\Xml\DTDOccurence.cs",".cs","128"
"Scripts\System.Xml\Mono\Xml\DTDParameterEntityDeclaration.cs",".cs","170"
"Scripts\System.Xml\Mono\Xml\DTDParameterEntityDeclarationCollection.cs",".cs","572"
"Scripts\System.Xml\Mono\Xml\IHasXmlParserContext.cs",".cs","140"
"Scripts\System.Xml\Mono\Xml\Schema\XdtAnyAtomicType.cs",".cs","135"
"Scripts\System.Xml\Mono\Xml\Schema\XdtDayTimeDuration.cs",".cs","134"
"Scripts\System.Xml\Mono\Xml\Schema\XdtUntypedAtomic.cs",".cs","135"
"Scripts\System.Xml\Mono\Xml\Schema\XdtYearMonthDuration.cs",".cs","138"
"Scripts\System.Xml\Mono\Xml\Schema\XsdAnySimpleType.cs",".cs","1044"
"Scripts\System.Xml\Mono\Xml\Schema\XsdAnyURI.cs",".cs","316"
"Scripts\System.Xml\Mono\Xml\Schema\XsdBase64Binary.cs",".cs","243"
"Scripts\System.Xml\Mono\Xml\Schema\XsdBoolean.cs",".cs","361"
"Scripts\System.Xml\Mono\Xml\Schema\XsdByte.cs",".cs","77"
"Scripts\System.Xml\Mono\Xml\Schema\XsdDate.cs",".cs","355"
"Scripts\System.Xml\Mono\Xml\Schema\XsdDateTime.cs",".cs","363"
"Scripts\System.Xml\Mono\Xml\Schema\XsdDecimal.cs",".cs","361"
"Scripts\System.Xml\Mono\Xml\Schema\XsdDouble.cs",".cs","121"
"Scripts\System.Xml\Mono\Xml\Schema\XsdDuration.cs",".cs","363"
"Scripts\System.Xml\Mono\Xml\Schema\XsdEntities.cs",".cs","354"
"Scripts\System.Xml\Mono\Xml\Schema\XsdEntity.cs",".cs","350"
"Scripts\System.Xml\Mono\Xml\Schema\XsdFloat.cs",".cs","119"
"Scripts\System.Xml\Mono\Xml\Schema\XsdGDay.cs",".cs","117"
"Scripts\System.Xml\Mono\Xml\Schema\XsdGMonth.cs",".cs","121"
"Scripts\System.Xml\Mono\Xml\Schema\XsdGMonthDay.cs",".cs","127"
"Scripts\System.Xml\Mono\Xml\Schema\XsdGYear.cs",".cs","119"
"Scripts\System.Xml\Mono\Xml\Schema\XsdGYearMonth.cs",".cs","129"
"Scripts\System.Xml\Mono\Xml\Schema\XsdHexBinary.cs",".cs","365"
"Scripts\System.Xml\Mono\Xml\Schema\XsdID.cs",".cs","342"
"Scripts\System.Xml\Mono\Xml\Schema\XsdIDRef.cs",".cs","348"
"Scripts\System.Xml\Mono\Xml\Schema\XsdIDRefs.cs",".cs","350"
"Scripts\System.Xml\Mono\Xml\Schema\XsdInt.cs",".cs","75"
"Scripts\System.Xml\Mono\Xml\Schema\XsdInteger.cs",".cs","82"
"Scripts\System.Xml\Mono\Xml\Schema\XsdLanguage.cs",".cs","355"
"Scripts\System.Xml\Mono\Xml\Schema\XsdLong.cs",".cs","79"
"Scripts\System.Xml\Mono\Xml\Schema\XsdName.cs",".cs","347"
"Scripts\System.Xml\Mono\Xml\Schema\XsdNCName.cs",".cs","350"
"Scripts\System.Xml\Mono\Xml\Schema\XsdNegativeInteger.cs",".cs","101"
"Scripts\System.Xml\Mono\Xml\Schema\XsdNMToken.cs",".cs","353"
"Scripts\System.Xml\Mono\Xml\Schema\XsdNMTokens.cs",".cs","357"
"Scripts\System.Xml\Mono\Xml\Schema\XsdNonNegativeInteger.cs",".cs","93"
"Scripts\System.Xml\Mono\Xml\Schema\XsdNonPositiveInteger.cs",".cs","93"
"Scripts\System.Xml\Mono\Xml\Schema\XsdNormalizedString.cs",".cs","372"
"Scripts\System.Xml\Mono\Xml\Schema\XsdNotation.cs",".cs","363"
"Scripts\System.Xml\Mono\Xml\Schema\XsdPositiveInteger.cs",".cs","101"
"Scripts\System.Xml\Mono\Xml\Schema\XsdQName.cs",".cs","348"
"Scripts\System.Xml\Mono\Xml\Schema\XsdShort.cs",".cs","76"
"Scripts\System.Xml\Mono\Xml\Schema\XsdString.cs",".cs","359"
"Scripts\System.Xml\Mono\Xml\Schema\XsdTime.cs",".cs","397"
"Scripts\System.Xml\Mono\Xml\Schema\XsdToken.cs",".cs","360"
"Scripts\System.Xml\Mono\Xml\Schema\XsdUnsignedByte.cs",".cs","93"
"Scripts\System.Xml\Mono\Xml\Schema\XsdUnsignedInt.cs",".cs","91"
"Scripts\System.Xml\Mono\Xml\Schema\XsdUnsignedLong.cs",".cs","98"
"Scripts\System.Xml\Mono\Xml\Schema\XsdUnsignedShort.cs",".cs","92"
"Scripts\System.Xml\Mono\Xml\Schema\XsdWhitespaceFacet.cs",".cs","125"
"Scripts\System.Xml\Mono\Xml\XPath\Tokenizer.cs",".cs","4004"
"Scripts\System.Xml\Mono\Xml\XPath\XmlDocumentEditableNavigator.cs",".cs","5753"
"Scripts\System.Xml\Mono\Xml\XPath\XPathEditableDocument.cs",".cs","605"
"Scripts\System.Xml\Mono\Xml\XPath\XPathParser.cs",".cs","2435"
"Scripts\System.Xml\Mono\Xml\XPath\yydebug\yyDebug.cs",".cs","512"
"Scripts\System.Xml\Mono\Xml\XPath\yyParser\yyException.cs",".cs","155"
"Scripts\System.Xml\Mono\Xml\XPath\yyParser\yyInput.cs",".cs","136"
"Scripts\System.Xml\Mono\Xml\XPath\yyParser\yyUnexpectedEof.cs",".cs","96"
"Scripts\System.Xml\Mono\Xml2\XmlTextReader.cs",".cs","20699"
"Scripts\System.Xml\Properties\AssemblyInfo.cs",".cs","1129"
"Scripts\System.Xml\System\MonoTODOAttribute.cs",".cs","169"
"Scripts\System.Xml\System\Xml\ConformanceLevel.cs",".cs","113"
"Scripts\System.Xml\System\Xml\DTDReader.cs",".cs","7383"
"Scripts\System.Xml\System\Xml\EntityHandling.cs",".cs","114"
"Scripts\System.Xml\System\Xml\IHasXmlChildNode.cs",".cs","121"
"Scripts\System.Xml\System\Xml\IHasXmlNode.cs",".cs","89"
"Scripts\System.Xml\System\Xml\IXmlLineInfo.cs",".cs","126"
"Scripts\System.Xml\System\Xml\IXmlNamespaceResolver.cs",".cs","156"
"Scripts\System.Xml\System\Xml\MonoFIXAttribute.cs",".cs","205"
"Scripts\System.Xml\System\Xml\NamespaceHandling.cs",".cs","116"
"Scripts\System.Xml\System\Xml\NameTable.cs",".cs","1387"
"Scripts\System.Xml\System\Xml\NewLineHandling.cs",".cs","111"
"Scripts\System.Xml\System\Xml\NonBlockingStreamReader.cs",".cs","2338"
"Scripts\System.Xml\System\Xml\ReadState.cs",".cs","142"
"Scripts\System.Xml\System\Xml\ValidationType.cs",".cs","157"
"Scripts\System.Xml\System\Xml\WhitespaceHandling.cs",".cs","113"
"Scripts\System.Xml\System\Xml\WriteState.cs",".cs","168"
"Scripts\System.Xml\System\Xml\XmlAttribute.cs",".cs","4719"
"Scripts\System.Xml\System\Xml\XmlAttributeCollection.cs",".cs","2448"
"Scripts\System.Xml\System\Xml\XmlCDataSection.cs",".cs","1171"
"Scripts\System.Xml\System\Xml\XmlChar.cs",".cs","2638"
"Scripts\System.Xml\System\Xml\XmlCharacterData.cs",".cs","1080"
"Scripts\System.Xml\System\Xml\XmlComment.cs",".cs","1202"
"Scripts\System.Xml\System\Xml\XmlConvert.cs",".cs","925"
"Scripts\System.Xml\System\Xml\XmlDeclaration.cs",".cs","2387"
"Scripts\System.Xml\System\Xml\XmlDocument.cs",".cs","12138"
"Scripts\System.Xml\System\Xml\XmlDocumentFragment.cs",".cs","1911"
"Scripts\System.Xml\System\Xml\XmlDocumentNavigator.cs",".cs","6916"
"Scripts\System.Xml\System\Xml\XmlDocumentType.cs",".cs","1876"
"Scripts\System.Xml\System\Xml\XmlElement.cs",".cs","3851"
"Scripts\System.Xml\System\Xml\XmlEntity.cs",".cs","2307"
"Scripts\System.Xml\System\Xml\XmlEntityReference.cs",".cs","2629"
"Scripts\System.Xml\System\Xml\XmlException.cs",".cs","1711"
"Scripts\System.Xml\System\Xml\XmlImplementation.cs",".cs","412"
"Scripts\System.Xml\System\Xml\XmlInputStream.cs",".cs","3122"
"Scripts\System.Xml\System\Xml\XmlLinkedNode.cs",".cs","1017"
"Scripts\System.Xml\System\Xml\XmlNamedNodeMap.cs",".cs","2158"
"Scripts\System.Xml\System\Xml\XmlNameEntry.cs",".cs","934"
"Scripts\System.Xml\System\Xml\XmlNameEntryCache.cs",".cs","972"
"Scripts\System.Xml\System\Xml\XmlNamespaceManager.cs",".cs","4095"
"Scripts\System.Xml\System\Xml\XmlNameTable.cs",".cs","235"
"Scripts\System.Xml\System\Xml\XmlNode.cs",".cs","9003"
"Scripts\System.Xml\System\Xml\XmlNodeArrayList.cs",".cs","780"
"Scripts\System.Xml\System\Xml\XmlNodeChangedAction.cs",".cs","115"
"Scripts\System.Xml\System\Xml\XmlNodeChangedEventArgs.cs",".cs","445"
"Scripts\System.Xml\System\Xml\XmlNodeChangedEventHandler.cs",".cs","121"
"Scripts\System.Xml\System\Xml\XmlNodeList.cs",".cs","521"
"Scripts\System.Xml\System\Xml\XmlNodeListChildren.cs",".cs","1465"
"Scripts\System.Xml\System\Xml\XmlNodeOrder.cs",".cs","120"
"Scripts\System.Xml\System\Xml\XmlNodeType.cs",".cs","417"
"Scripts\System.Xml\System\Xml\XmlNotation.cs",".cs","1314"
"Scripts\System.Xml\System\Xml\XmlOutputMethod.cs",".cs","122"
"Scripts\System.Xml\System\Xml\XmlParserContext.cs",".cs","3020"
"Scripts\System.Xml\System\Xml\XmlParserInput.cs",".cs","3023"
"Scripts\System.Xml\System\Xml\XmlProcessingInstruction.cs",".cs","2095"
"Scripts\System.Xml\System\Xml\XmlQualifiedName.cs",".cs","1499"
"Scripts\System.Xml\System\Xml\XmlReader.cs",".cs","3564"
"Scripts\System.Xml\System\Xml\XmlReaderBinarySupport.cs",".cs","652"
"Scripts\System.Xml\System\Xml\XmlReaderSettings.cs",".cs","1353"
"Scripts\System.Xml\System\Xml\XmlResolver.cs",".cs","560"
"Scripts\System.Xml\System\Xml\XmlSignificantWhitespace.cs",".cs","1654"
"Scripts\System.Xml\System\Xml\XmlSpace.cs",".cs","104"
"Scripts\System.Xml\System\Xml\XmlStreamReader.cs",".cs","688"
"Scripts\System.Xml\System\Xml\XmlText.cs",".cs","1620"
"Scripts\System.Xml\System\Xml\XmlTextReader.cs",".cs","8704"
"Scripts\System.Xml\System\Xml\XmlTextWriter.cs",".cs","6344"
"Scripts\System.Xml\System\Xml\XmlTokenizedType.cs",".cs","267"
"Scripts\System.Xml\System\Xml\XmlUrlResolver.cs",".cs","785"
"Scripts\System.Xml\System\Xml\XmlWhitespace.cs",".cs","1632"
"Scripts\System.Xml\System\Xml\XmlWriter.cs",".cs","1632"
"Scripts\System.Xml\System\Xml\XmlWriterSettings.cs",".cs","634"
"Scripts\System.Xml\System\Xml\Schema\IXmlSchemaInfo.cs",".cs","348"
"Scripts\System.Xml\System\Xml\Schema\ValidationEventArgs.cs",".cs","199"
"Scripts\System.Xml\System\Xml\Schema\ValidationEventHandler.cs",".cs","120"
"Scripts\System.Xml\System\Xml\Schema\XmlSchema.cs",".cs","1365"
"Scripts\System.Xml\System\Xml\Schema\XmlSchemaAnnotated.cs",".cs","211"
"Scripts\System.Xml\System\Xml\Schema\XmlSchemaAnnotation.cs",".cs","263"
"Scripts\System.Xml\System\Xml\Schema\XmlSchemaAttribute.cs",".cs","825"
"Scripts\System.Xml\System\Xml\Schema\XmlSchemaCompilationSettings.cs",".cs","128"
"Scripts\System.Xml\System\Xml\Schema\XmlSchemaContentType.cs",".cs","142"
"Scripts\System.Xml\System\Xml\Schema\XmlSchemaDatatype.cs",".cs","3687"
"Scripts\System.Xml\System\Xml\Schema\XmlSchemaDerivationMethod.cs",".cs","441"
"Scripts\System.Xml\System\Xml\Schema\XmlSchemaElement.cs",".cs","1267"
"Scripts\System.Xml\System\Xml\Schema\XmlSchemaException.cs",".cs","1109"
"Scripts\System.Xml\System\Xml\Schema\XmlSchemaFacet.cs",".cs","542"
"Scripts\System.Xml\System\Xml\Schema\XmlSchemaForm.cs",".cs","225"
"Scripts\System.Xml\System\Xml\Schema\XmlSchemaInfo.cs",".cs","2021"
"Scripts\System.Xml\System\Xml\Schema\XmlSchemaObject.cs",".cs","620"
"Scripts\System.Xml\System\Xml\Schema\XmlSchemaObjectCollection.cs",".cs","463"
"Scripts\System.Xml\System\Xml\Schema\XmlSchemaObjectTable.cs",".cs","207"
"Scripts\System.Xml\System\Xml\Schema\XmlSchemaParticle.cs",".cs","525"
"Scripts\System.Xml\System\Xml\Schema\XmlSchemaSet.cs",".cs","696"
"Scripts\System.Xml\System\Xml\Schema\XmlSchemaSimpleType.cs",".cs","4250"
"Scripts\System.Xml\System\Xml\Schema\XmlSchemaSimpleTypeContent.cs",".cs","158"
"Scripts\System.Xml\System\Xml\Schema\XmlSchemaSimpleTypeList.cs",".cs","619"
"Scripts\System.Xml\System\Xml\Schema\XmlSchemaSimpleTypeRestriction.cs",".cs","993"
"Scripts\System.Xml\System\Xml\Schema\XmlSchemaSimpleTypeUnion.cs",".cs","345"
"Scripts\System.Xml\System\Xml\Schema\XmlSchemaType.cs",".cs","1049"
"Scripts\System.Xml\System\Xml\Schema\XmlSchemaUse.cs",".cs","262"
"Scripts\System.Xml\System\Xml\Schema\XmlSchemaUtil.cs",".cs","365"
"Scripts\System.Xml\System\Xml\Schema\XmlSchemaValidationFlags.cs",".cs","411"
"Scripts\System.Xml\System\Xml\Schema\XmlSchemaValidity.cs",".cs","121"
"Scripts\System.Xml\System\Xml\Schema\XmlSeverityType.cs",".cs","102"
"Scripts\System.Xml\System\Xml\Serialization\XmlAttributeAttribute.cs",".cs","468"
"Scripts\System.Xml\System\Xml\Serialization\XmlElementAttribute.cs",".cs","700"
"Scripts\System.Xml\System\Xml\Serialization\XmlEnumAttribute.cs",".cs","213"
"Scripts\System.Xml\System\Xml\Serialization\XmlIgnoreAttribute.cs",".cs","227"
"Scripts\System.Xml\System\Xml\Serialization\XmlRootAttribute.cs",".cs","519"
"Scripts\System.Xml\System\Xml\Serialization\XmlSerializerNamespaces.cs",".cs","168"
"Scripts\System.Xml\System\Xml\XPath\AncestorIterator.cs",".cs","1174"
"Scripts\System.Xml\System\Xml\XPath\AncestorOrSelfIterator.cs",".cs","1198"
"Scripts\System.Xml\System\Xml\XPath\AttributeIterator.cs",".cs","593"
"Scripts\System.Xml\System\Xml\XPath\Axes.cs",".cs","313"
"Scripts\System.Xml\System\Xml\XPath\AxisIterator.cs",".cs","1060"
"Scripts\System.Xml\System\Xml\XPath\AxisSpecifier.cs",".cs","912"
"Scripts\System.Xml\System\Xml\XPath\BaseIterator.cs",".cs","1752"
"Scripts\System.Xml\System\Xml\XPath\ChildIterator.cs",".cs","818"
"Scripts\System.Xml\System\Xml\XPath\CompiledExpression.cs",".cs","897"
"Scripts\System.Xml\System\Xml\XPath\DescendantIterator.cs",".cs","651"
"Scripts\System.Xml\System\Xml\XPath\DescendantOrSelfIterator.cs",".cs","675"
"Scripts\System.Xml\System\Xml\XPath\EqualityExpr.cs",".cs","621"
"Scripts\System.Xml\System\Xml\XPath\ExprAND.cs",".cs","766"
"Scripts\System.Xml\System\Xml\XPath\ExprBinary.cs",".cs","1048"
"Scripts\System.Xml\System\Xml\XPath\ExprBoolean.cs",".cs","1172"
"Scripts\System.Xml\System\Xml\XPath\ExprDIV.cs",".cs","768"
"Scripts\System.Xml\System\Xml\XPath\ExprEQ.cs",".cs","348"
"Scripts\System.Xml\System\Xml\XPath\Expression.cs",".cs","3543"
"Scripts\System.Xml\System\Xml\XPath\ExprFilter.cs",".cs","1176"
"Scripts\System.Xml\System\Xml\XPath\ExprFunctionCall.cs",".cs","1848"
"Scripts\System.Xml\System\Xml\XPath\ExprGE.cs",".cs","554"
"Scripts\System.Xml\System\Xml\XPath\ExprGT.cs",".cs","554"
"Scripts\System.Xml\System\Xml\XPath\ExprLE.cs",".cs","554"
"Scripts\System.Xml\System\Xml\XPath\ExprLiteral.cs",".cs","1579"
"Scripts\System.Xml\System\Xml\XPath\ExprLT.cs",".cs","554"
"Scripts\System.Xml\System\Xml\XPath\ExprMINUS.cs",".cs","772"
"Scripts\System.Xml\System\Xml\XPath\ExprMOD.cs",".cs","768"
"Scripts\System.Xml\System\Xml\XPath\ExprMULT.cs",".cs","770"
"Scripts\System.Xml\System\Xml\XPath\ExprNE.cs",".cs","348"
"Scripts\System.Xml\System\Xml\XPath\ExprNEG.cs",".cs","1762"
"Scripts\System.Xml\System\Xml\XPath\ExprNumber.cs",".cs","1577"
"Scripts\System.Xml\System\Xml\XPath\ExprNumeric.cs",".cs","760"
"Scripts\System.Xml\System\Xml\XPath\ExprOR.cs",".cs","764"
"Scripts\System.Xml\System\Xml\XPath\ExprParens.cs",".cs","2194"
"Scripts\System.Xml\System\Xml\XPath\ExprPLUS.cs",".cs","770"
"Scripts\System.Xml\System\Xml\XPath\ExprRoot.cs",".cs","858"
"Scripts\System.Xml\System\Xml\XPath\ExprSLASH.cs",".cs","1372"
"Scripts\System.Xml\System\Xml\XPath\ExprSLASH2.cs",".cs","1425"
"Scripts\System.Xml\System\Xml\XPath\ExprUNION.cs",".cs","1176"
"Scripts\System.Xml\System\Xml\XPath\ExprVariable.cs",".cs","1271"
"Scripts\System.Xml\System\Xml\XPath\FollowingIterator.cs",".cs","622"
"Scripts\System.Xml\System\Xml\XPath\FollowingSiblingIterator.cs",".cs","621"
"Scripts\System.Xml\System\Xml\XPath\FunctionArguments.cs",".cs","700"
"Scripts\System.Xml\System\Xml\XPath\IXPathNavigable.cs",".cs","114"
"Scripts\System.Xml\System\Xml\XPath\ListIterator.cs",".cs","1117"
"Scripts\System.Xml\System\Xml\XPath\NamespaceIterator.cs",".cs","593"
"Scripts\System.Xml\System\Xml\XPath\NodeNameTest.cs",".cs","756"
"Scripts\System.Xml\System\Xml\XPath\NodeSet.cs",".cs","345"
"Scripts\System.Xml\System\Xml\XPath\NodeTest.cs",".cs","1244"
"Scripts\System.Xml\System\Xml\XPath\NodeTypeTest.cs",".cs","1018"
"Scripts\System.Xml\System\Xml\XPath\NullIterator.cs",".cs","1068"
"Scripts\System.Xml\System\Xml\XPath\ParensIterator.cs",".cs","1017"
"Scripts\System.Xml\System\Xml\XPath\ParentIterator.cs",".cs","620"
"Scripts\System.Xml\System\Xml\XPath\PrecedingIterator.cs",".cs","894"
"Scripts\System.Xml\System\Xml\XPath\PrecedingSiblingIterator.cs",".cs","922"
"Scripts\System.Xml\System\Xml\XPath\PredicateIterator.cs",".cs","1333"
"Scripts\System.Xml\System\Xml\XPath\RelationalExpr.cs",".cs","855"
"Scripts\System.Xml\System\Xml\XPath\SelfIterator.cs",".cs","878"
"Scripts\System.Xml\System\Xml\XPath\SimpleIterator.cs",".cs","814"
"Scripts\System.Xml\System\Xml\XPath\SimpleSlashIterator.cs",".cs","955"
"Scripts\System.Xml\System\Xml\XPath\SlashIterator.cs",".cs","1036"
"Scripts\System.Xml\System\Xml\XPath\SortedIterator.cs",".cs","1041"
"Scripts\System.Xml\System\Xml\XPath\UnionIterator.cs",".cs","1048"
"Scripts\System.Xml\System\Xml\XPath\WrapperIterator.cs",".cs","861"
"Scripts\System.Xml\System\Xml\XPath\XmlDataType.cs",".cs","95"
"Scripts\System.Xml\System\Xml\XPath\XPathBooleanFunction.cs",".cs","588"
"Scripts\System.Xml\System\Xml\XPath\XPathException.cs",".cs","706"
"Scripts\System.Xml\System\Xml\XPath\XPathExpression.cs",".cs","745"
"Scripts\System.Xml\System\Xml\XPath\XPathFunction.cs",".cs","153"
"Scripts\System.Xml\System\Xml\XPath\XPathFunctionBoolean.cs",".cs","779"
"Scripts\System.Xml\System\Xml\XPath\XPathFunctionCeil.cs",".cs","1192"
"Scripts\System.Xml\System\Xml\XPath\XPathFunctionConcat.cs",".cs","1010"
"Scripts\System.Xml\System\Xml\XPath\XPathFunctionContains.cs",".cs","1017"
"Scripts\System.Xml\System\Xml\XPath\XPathFunctionCount.cs",".cs","1186"
"Scripts\System.Xml\System\Xml\XPath\XPathFunctionFalse.cs",".cs","1163"
"Scripts\System.Xml\System\Xml\XPath\XPathFunctionFloor.cs",".cs","1194"
"Scripts\System.Xml\System\Xml\XPath\XPathFunctionId.cs",".cs","1018"
"Scripts\System.Xml\System\Xml\XPath\XPathFunctionLang.cs",".cs","1184"
"Scripts\System.Xml\System\Xml\XPath\XPathFunctionLast.cs",".cs","949"
"Scripts\System.Xml\System\Xml\XPath\XPathFunctionLocalName.cs",".cs","989"
"Scripts\System.Xml\System\Xml\XPath\XPathFunctionName.cs",".cs","979"
"Scripts\System.Xml\System\Xml\XPath\XPathFunctionNamespaceUri.cs",".cs","995"
"Scripts\System.Xml\System\Xml\XPath\XPathFunctionNormalizeSpace.cs",".cs","999"
"Scripts\System.Xml\System\Xml\XPath\XPathFunctionNot.cs",".cs","771"
"Scripts\System.Xml\System\Xml\XPath\XPathFunctionNumber.cs",".cs","1383"
"Scripts\System.Xml\System\Xml\XPath\XPathFunctionPosition.cs",".cs","957"
"Scripts\System.Xml\System\Xml\XPath\XPathFunctionRound.cs",".cs","1376"
"Scripts\System.Xml\System\Xml\XPath\XPathFunctions.cs",".cs","1212"
"Scripts\System.Xml\System\Xml\XPath\XPathFunctionStartsWith.cs",".cs","1021"
"Scripts\System.Xml\System\Xml\XPath\XPathFunctionString.cs",".cs","983"
"Scripts\System.Xml\System\Xml\XPath\XPathFunctionStringLength.cs",".cs","995"
"Scripts\System.Xml\System\Xml\XPath\XPathFunctionSubstring.cs",".cs","1049"
"Scripts\System.Xml\System\Xml\XPath\XPathFunctionSubstringAfter.cs",".cs","1029"
"Scripts\System.Xml\System\Xml\XPath\XPathFunctionSubstringBefore.cs",".cs","1031"
"Scripts\System.Xml\System\Xml\XPath\XPathFunctionSum.cs",".cs","771"
"Scripts\System.Xml\System\Xml\XPath\XPathFunctionTranslate.cs",".cs","1049"
"Scripts\System.Xml\System\Xml\XPath\XPathFunctionTrue.cs",".cs","1161"
"Scripts\System.Xml\System\Xml\XPath\XPathItem.cs",".cs","117"
"Scripts\System.Xml\System\Xml\XPath\XPathIteratorComparer.cs",".cs","408"
"Scripts\System.Xml\System\Xml\XPath\XPathNamespaceScope.cs",".cs","120"
"Scripts\System.Xml\System\Xml\XPath\XPathNavigator.cs",".cs","6439"
"Scripts\System.Xml\System\Xml\XPath\XPathNavigatorComparer.cs",".cs","826"
"Scripts\System.Xml\System\Xml\XPath\XPathNodeIterator.cs",".cs","960"
"Scripts\System.Xml\System\Xml\XPath\XPathNodeType.cs",".cs","254"
"Scripts\System.Xml\System\Xml\XPath\XPathNumericFunction.cs",".cs","590"
"Scripts\System.Xml\System\Xml\XPath\XPathResultType.cs",".cs","203"
"Scripts\System.Xml\System\Xml\XPath\XPathSortElement.cs",".cs","141"
"Scripts\System.Xml\System\Xml\XPath\XPathSorter.cs",".cs","598"
"Scripts\System.Xml\System\Xml\XPath\XPathSorters.cs",".cs","964"
"Scripts\System.Xml\System\Xml\Xsl\IStaticXsltContext.cs",".cs","270"
"Scripts\System.Xml\System\Xml\Xsl\IXsltContextFunction.cs",".cs","259"
"Scripts\System.Xml\System\Xml\Xsl\IXsltContextVariable.cs",".cs","125"
"Scripts\System.Xml\System\Xml\Xsl\XsltContext.cs",".cs","805"
"Scripts\UnityEngine\UnityEngine.csproj",".csproj","475"
"Scripts\UnityEngine\Properties\AssemblyInfo.cs",".cs","108"
"Scripts\UnityEngine\UnityEngine\AddComponentMenu.cs",".cs","199"
"Scripts\UnityEngine\UnityEngine\Animation.cs",".cs","9655"
"Scripts\UnityEngine\UnityEngine\AnimationClip.cs",".cs","2301"
"Scripts\UnityEngine\UnityEngine\AnimationCullingType.cs",".cs","170"
"Scripts\UnityEngine\UnityEngine\AnimationCurve.cs",".cs","3815"
"Scripts\UnityEngine\UnityEngine\AnimationEvent.cs",".cs","412"
"Scripts\UnityEngine\UnityEngine\AnimationInfo.cs",".cs","715"
"Scripts\UnityEngine\UnityEngine\AnimationPlayMode.cs",".cs","107"
"Scripts\UnityEngine\UnityEngine\AnimationState.cs",".cs","512"
"Scripts\UnityEngine\UnityEngine\Animator.cs",".cs","247"
"Scripts\UnityEngine\UnityEngine\AnimatorStateInfo.cs",".cs","1548"
"Scripts\UnityEngine\UnityEngine\AnimatorTransitionInfo.cs",".cs","1113"
"Scripts\UnityEngine\UnityEngine\Application.cs",".cs","10453"
"Scripts\UnityEngine\UnityEngine\AssetBundle.cs",".cs","686"
"Scripts\UnityEngine\UnityEngine\AssetBundleCreateRequest.cs",".cs","401"
"Scripts\UnityEngine\UnityEngine\AssetBundleRequest.cs",".cs","278"
"Scripts\UnityEngine\UnityEngine\AsyncOperation.cs",".cs","525"
"Scripts\UnityEngine\UnityEngine\AttributeHelperEngine.cs",".cs","497"
"Scripts\UnityEngine\UnityEngine\AudioClip.cs",".cs","2951"
"Scripts\UnityEngine\UnityEngine\AudioListener.cs",".cs","85"
"Scripts\UnityEngine\UnityEngine\AudioRolloffMode.cs",".cs","117"
"Scripts\UnityEngine\UnityEngine\AudioSource.cs",".cs","2153"
"Scripts\UnityEngine\UnityEngine\Behaviour.cs",".cs","318"
"Scripts\UnityEngine\UnityEngine\BoneWeight.cs",".cs","2212"
"Scripts\UnityEngine\UnityEngine\Bounds.cs",".cs","1631"
"Scripts\UnityEngine\UnityEngine\BoxCollider.cs",".cs","502"
"Scripts\UnityEngine\UnityEngine\CacheIndex.cs",".cs","204"
"Scripts\UnityEngine\UnityEngine\Camera.cs",".cs","4029"
"Scripts\UnityEngine\UnityEngine\CameraClearFlags.cs",".cs","145"
"Scripts\UnityEngine\UnityEngine\CanConvertToFlashAttribute.cs",".cs","168"
"Scripts\UnityEngine\UnityEngine\CapsuleCollider.cs",".cs","86"
"Scripts\UnityEngine\UnityEngine\CharacterController.cs",".cs","90"
"Scripts\UnityEngine\UnityEngine\CharacterInfo.cs",".cs","234"
"Scripts\UnityEngine\UnityEngine\ClassLibraryInitializer.cs",".cs","125"
"Scripts\UnityEngine\UnityEngine\Collider.cs",".cs","1831"
"Scripts\UnityEngine\UnityEngine\Collider2D.cs",".cs","255"
"Scripts\UnityEngine\UnityEngine\Collision.cs",".cs","483"
"Scripts\UnityEngine\UnityEngine\Color.cs",".cs","3426"
"Scripts\UnityEngine\UnityEngine\Color32.cs",".cs","582"
"Scripts\UnityEngine\UnityEngine\CombineInstance.cs",".cs","171"
"Scripts\UnityEngine\UnityEngine\Compass.cs",".cs","67"
"Scripts\UnityEngine\UnityEngine\Component.cs",".cs","4176"
"Scripts\UnityEngine\UnityEngine\ConstantForce.cs",".cs","85"
"Scripts\UnityEngine\UnityEngine\ContactPoint.cs",".cs","206"
"Scripts\UnityEngine\UnityEngine\ContextMenu.cs",".cs","177"
"Scripts\UnityEngine\UnityEngine\ControllerColliderHit.cs",".cs","397"
"Scripts\UnityEngine\UnityEngine\Coroutine.cs",".cs","385"
"Scripts\UnityEngine\UnityEngine\Debug.cs",".cs","761"
"Scripts\UnityEngine\UnityEngine\Display.cs",".cs","2873"
"Scripts\UnityEngine\UnityEngine\Event.cs",".cs","7424"
"Scripts\UnityEngine\UnityEngine\EventModifiers.cs",".cs","212"
"Scripts\UnityEngine\UnityEngine\EventType.cs",".cs","595"
"Scripts\UnityEngine\UnityEngine\ExecuteInEditMode.cs",".cs","106"
"Scripts\UnityEngine\UnityEngine\ExitGUIException.cs",".cs","105"
"Scripts\UnityEngine\UnityEngine\FocusType.cs",".cs","108"
"Scripts\UnityEngine\UnityEngine\Font.cs",".cs","2849"
"Scripts\UnityEngine\UnityEngine\FontStyle.cs",".cs","125"
"Scripts\UnityEngine\UnityEngine\ForceMode.cs",".cs","134"
"Scripts\UnityEngine\UnityEngine\GameObject.cs",".cs","11305"
"Scripts\UnityEngine\UnityEngine\Gizmos.cs",".cs","1262"
"Scripts\UnityEngine\UnityEngine\GL.cs",".cs","623"
"Scripts\UnityEngine\UnityEngine\Gradient.cs",".cs","1178"
"Scripts\UnityEngine\UnityEngine\GradientAlphaKey.cs",".cs","117"
"Scripts\UnityEngine\UnityEngine\GradientColorKey.cs",".cs","117"
"Scripts\UnityEngine\UnityEngine\Graphics.cs",".cs","268"
"Scripts\UnityEngine\UnityEngine\GUI.cs",".cs","33415"
"Scripts\UnityEngine\UnityEngine\GUIClip.cs",".cs","1708"
"Scripts\UnityEngine\UnityEngine\GUIContent.cs",".cs","2430"
"Scripts\UnityEngine\UnityEngine\GUIElement.cs",".cs","75"
"Scripts\UnityEngine\UnityEngine\GUILayer.cs",".cs","493"
"Scripts\UnityEngine\UnityEngine\GUILayout.cs",".cs","465"
"Scripts\UnityEngine\UnityEngine\GUILayoutEntry.cs",".cs","1474"
"Scripts\UnityEngine\UnityEngine\GUILayoutGroup.cs",".cs","1509"
"Scripts\UnityEngine\UnityEngine\GUILayoutOption.cs",".cs","505"
"Scripts\UnityEngine\UnityEngine\GUILayoutUtility.cs",".cs","1855"
"Scripts\UnityEngine\UnityEngine\GUIScrollGroup.cs",".cs","768"
"Scripts\UnityEngine\UnityEngine\GUISettings.cs",".cs","1169"
"Scripts\UnityEngine\UnityEngine\GUISkin.cs",".cs","7855"
"Scripts\UnityEngine\UnityEngine\GUIStateObjects.cs",".cs","650"
"Scripts\UnityEngine\UnityEngine\GUIStyle.cs",".cs","11009"
"Scripts\UnityEngine\UnityEngine\GUIStyleState.cs",".cs","1451"
"Scripts\UnityEngine\UnityEngine\GUIText.cs",".cs","80"
"Scripts\UnityEngine\UnityEngine\GUITexture.cs",".cs","83"
"Scripts\UnityEngine\UnityEngine\GUIUtility.cs",".cs","6647"
"Scripts\UnityEngine\UnityEngine\Gyroscope.cs",".cs","97"
"Scripts\UnityEngine\UnityEngine\HideInInspector.cs",".cs","104"
"Scripts\UnityEngine\UnityEngine\HingeJoint.cs",".cs","78"
"Scripts\UnityEngine\UnityEngine\HumanBone.cs",".cs","583"
"Scripts\UnityEngine\UnityEngine\HumanLimit.cs",".cs","219"
"Scripts\UnityEngine\UnityEngine\ImageEffectOpaque.cs",".cs","106"
"Scripts\UnityEngine\UnityEngine\ImageEffectTransformsToLDR.cs",".cs","115"
"Scripts\UnityEngine\UnityEngine\Input.cs",".cs","2778"
"Scripts\UnityEngine\UnityEngine\InternalDrawTextureArguments.cs",".cs","336"
"Scripts\UnityEngine\UnityEngine\Internal_DrawArguments.cs",".cs","252"
"Scripts\UnityEngine\UnityEngine\Internal_DrawWithTextSelectionArguments.cs",".cs","429"
"Scripts\UnityEngine\UnityEngine\iPhone.cs",".cs","251"
"Scripts\UnityEngine\UnityEngine\iPhoneGeneration.cs",".cs","543"
"Scripts\UnityEngine\UnityEngine\iPhoneKeyboard.cs",".cs","397"
"Scripts\UnityEngine\UnityEngine\Joint.cs",".cs","70"
"Scripts\UnityEngine\UnityEngine\JointSpring.cs",".cs","149"
"Scripts\UnityEngine\UnityEngine\KeyCode.cs",".cs","5082"
"Scripts\UnityEngine\UnityEngine\Keyframe.cs",".cs","271"
"Scripts\UnityEngine\UnityEngine\LayerMask.cs",".cs","259"
"Scripts\UnityEngine\UnityEngine\Light.cs",".cs","77"
"Scripts\UnityEngine\UnityEngine\LightmapSettings.cs",".cs","85"
"Scripts\UnityEngine\UnityEngine\LightProbeGroup.cs",".cs","87"
"Scripts\UnityEngine\UnityEngine\LightProbes.cs",".cs","80"
"Scripts\UnityEngine\UnityEngine\LocalNotification.cs",".cs","780"
"Scripts\UnityEngine\UnityEngine\LocationService.cs",".cs","75"
"Scripts\UnityEngine\UnityEngine\LogType.cs",".cs","133"
"Scripts\UnityEngine\UnityEngine\Material.cs",".cs","3836"
"Scripts\UnityEngine\UnityEngine\Mathf.cs",".cs","4807"
"Scripts\UnityEngine\UnityEngine\Matrix4x4.cs",".cs","3091"
"Scripts\UnityEngine\UnityEngine\Mesh.cs",".cs","6476"
"Scripts\UnityEngine\UnityEngine\MeshCollider.cs",".cs","83"
"Scripts\UnityEngine\UnityEngine\MeshFilter.cs",".cs","449"
"Scripts\UnityEngine\UnityEngine\MeshRenderer.cs",".cs","83"
"Scripts\UnityEngine\UnityEngine\MeshTopology.cs",".cs","142"
"Scripts\UnityEngine\UnityEngine\MonoBehaviour.cs",".cs","1391"
"Scripts\UnityEngine\UnityEngine\Motion.cs",".cs","68"
"Scripts\UnityEngine\UnityEngine\NetworkReachability.cs",".cs","167"
"Scripts\UnityEngine\UnityEngine\NetworkView.cs",".cs","83"
"Scripts\UnityEngine\UnityEngine\NotConvertedAttribute.cs",".cs","181"
"Scripts\UnityEngine\UnityEngine\NotificationServices.cs",".cs","412"
"Scripts\UnityEngine\UnityEngine\NotRenamedAttribute.cs",".cs","333"
"Scripts\UnityEngine\UnityEngine\Object.cs",".cs","5157"
"Scripts\UnityEngine\UnityEngine\Particle.cs",".cs","313"
"Scripts\UnityEngine\UnityEngine\ParticleAnimator.cs",".cs","88"
"Scripts\UnityEngine\UnityEngine\ParticleEmitter.cs",".cs","1581"
"Scripts\UnityEngine\UnityEngine\ParticleRenderer.cs",".cs","87"
"Scripts\UnityEngine\UnityEngine\ParticleSystem.cs",".cs","1328"
"Scripts\UnityEngine\UnityEngine\ParticleSystemRenderer.cs",".cs","93"
"Scripts\UnityEngine\UnityEngine\Physics.cs",".cs","5851"
"Scripts\UnityEngine\UnityEngine\Physics2D.cs",".cs","805"
"Scripts\UnityEngine\UnityEngine\PlayerPrefs.cs",".cs","2357"
"Scripts\UnityEngine\UnityEngine\PlayerPrefsException.cs",".cs","164"
"Scripts\UnityEngine\UnityEngine\PlayMode.cs",".cs","97"
"Scripts\UnityEngine\UnityEngine\PrimitiveType.cs",".cs","152"
"Scripts\UnityEngine\UnityEngine\Quaternion.cs",".cs","5940"
"Scripts\UnityEngine\UnityEngine\QueueMode.cs",".cs","99"
"Scripts\UnityEngine\UnityEngine\Random.cs",".cs","1461"
"Scripts\UnityEngine\UnityEngine\Ray.cs",".cs","751"
"Scripts\UnityEngine\UnityEngine\RaycastHit.cs",".cs","1406"
"Scripts\UnityEngine\UnityEngine\RaycastHit2D.cs",".cs","588"
"Scripts\UnityEngine\UnityEngine\Rect.cs",".cs","2792"
"Scripts\UnityEngine\UnityEngine\RectOffset.cs",".cs","2555"
"Scripts\UnityEngine\UnityEngine\ReferenceData.cs",".cs","142"
"Scripts\UnityEngine\UnityEngine\RenderBuffer.cs",".cs","160"
"Scripts\UnityEngine\UnityEngine\Renderer.cs",".cs","834"
"Scripts\UnityEngine\UnityEngine\RenderSettings.cs",".cs","803"
"Scripts\UnityEngine\UnityEngine\RenderTexture.cs",".cs","797"
"Scripts\UnityEngine\UnityEngine\RequireComponent.cs",".cs","397"
"Scripts\UnityEngine\UnityEngine\Resolution.cs",".cs","147"
"Scripts\UnityEngine\UnityEngine\Resources.cs",".cs","1055"
"Scripts\UnityEngine\UnityEngine\Rigidbody.cs",".cs","2052"
"Scripts\UnityEngine\UnityEngine\Rigidbody2D.cs",".cs","83"
"Scripts\UnityEngine\UnityEngine\RigidbodyConstraints.cs",".cs","300"
"Scripts\UnityEngine\UnityEngine\RuntimePlatform.cs",".cs","492"
"Scripts\UnityEngine\UnityEngine\ScaleMode.cs",".cs","122"
"Scripts\UnityEngine\UnityEngine\Screen.cs",".cs","723"
"Scripts\UnityEngine\UnityEngine\ScreenOrientation.cs",".cs","212"
"Scripts\UnityEngine\UnityEngine\ScriptableObject.cs",".cs","358"
"Scripts\UnityEngine\UnityEngine\SendMessageOptions.cs",".cs","121"
"Scripts\UnityEngine\UnityEngine\SendMouseEvents.cs",".cs","940"
"Scripts\UnityEngine\UnityEngine\SerializeField.cs",".cs","103"
"Scripts\UnityEngine\UnityEngine\SerializePrivateVariables.cs",".cs","213"
"Scripts\UnityEngine\UnityEngine\SetupCoroutine.cs",".cs","540"
"Scripts\UnityEngine\UnityEngine\Shader.cs",".cs","766"
"Scripts\UnityEngine\UnityEngine\SkeletonBone.cs",".cs","214"
"Scripts\UnityEngine\UnityEngine\SkinnedMeshRenderer.cs",".cs","2312"
"Scripts\UnityEngine\UnityEngine\SkinQuality.cs",".cs","117"
"Scripts\UnityEngine\UnityEngine\SliderHandler.cs",".cs","5129"
"Scripts\UnityEngine\UnityEngine\SliderState.cs",".cs","159"
"Scripts\UnityEngine\UnityEngine\Space.cs",".cs","83"
"Scripts\UnityEngine\UnityEngine\SphereCollider.cs",".cs","248"
"Scripts\UnityEngine\UnityEngine\StackTraceUtility.cs",".cs","1421"
"Scripts\UnityEngine\UnityEngine\SystemClock.cs",".cs","278"
"Scripts\UnityEngine\UnityEngine\SystemInfo.cs",".cs","397"
"Scripts\UnityEngine\UnityEngine\SystemLanguage.cs",".cs","790"
"Scripts\UnityEngine\UnityEngine\TextAnchor.cs",".cs","235"
"Scripts\UnityEngine\UnityEngine\TextAsset.cs",".cs","416"
"Scripts\UnityEngine\UnityEngine\TextEditor.cs",".cs","9326"
"Scripts\UnityEngine\UnityEngine\TextMesh.cs",".cs","654"
"Scripts\UnityEngine\UnityEngine\Texture.cs",".cs","769"
"Scripts\UnityEngine\UnityEngine\Texture2D.cs",".cs","1378"
"Scripts\UnityEngine\UnityEngine\TextureFormat.cs",".cs","664"
"Scripts\UnityEngine\UnityEngine\ThreadPriority.cs",".cs","125"
"Scripts\UnityEngine\UnityEngine\Time.cs",".cs","1000"
"Scripts\UnityEngine\UnityEngine\Touch.cs",".cs","865"
"Scripts\UnityEngine\UnityEngine\TouchPhase.cs",".cs","139"
"Scripts\UnityEngine\UnityEngine\TouchScreenKeyboard.cs",".cs","1843"
"Scripts\UnityEngine\UnityEngine\TouchScreenKeyboardType.cs",".cs","230"
"Scripts\UnityEngine\UnityEngine\TouchScreenKeyboard_InternalConstructorHelperArguments.cs",".cs","249"
"Scripts\UnityEngine\UnityEngine\TrackedReference.cs",".cs","1220"
"Scripts\UnityEngine\UnityEngine\TrailRenderer.cs",".cs","84"
"Scripts\UnityEngine\UnityEngine\Transform.cs",".cs","12386"
"Scripts\UnityEngine\UnityEngine\UnhandledExceptionHandler.cs",".cs","338"
"Scripts\UnityEngine\UnityEngine\UnityException.cs",".cs","497"
"Scripts\UnityEngine\UnityEngine\UnityLogWriter.cs",".cs","652"
"Scripts\UnityEngine\UnityEngine\UnityString.cs",".cs","282"
"Scripts\UnityEngine\UnityEngine\UserAuthorization.cs",".cs","102"
"Scripts\UnityEngine\UnityEngine\Vector2.cs",".cs","3428"
"Scripts\UnityEngine\UnityEngine\Vector3.cs",".cs","6581"
"Scripts\UnityEngine\UnityEngine\Vector4.cs",".cs","1866"
"Scripts\UnityEngine\UnityEngine\WaitForEndOfFrame.cs",".cs","96"
"Scripts\UnityEngine\UnityEngine\WaitForFixedUpdate.cs",".cs","97"
"Scripts\UnityEngine\UnityEngine\WaitForSeconds.cs",".cs","247"
"Scripts\UnityEngine\UnityEngine\WheelCollider.cs",".cs","2858"
"Scripts\UnityEngine\UnityEngine\WheelFrictionCurve.cs",".cs","490"
"Scripts\UnityEngine\UnityEngine\WheelHit.cs",".cs","514"
"Scripts\UnityEngine\UnityEngine\WrapMode.cs",".cs","153"
"Scripts\UnityEngine\UnityEngine\WrapperlessIcall.cs",".cs","100"
"Scripts\UnityEngine\UnityEngine\WritableAttribute.cs",".cs","171"
"Scripts\UnityEngine\UnityEngine\WWW.cs",".cs","3436"
"Scripts\UnityEngine\UnityEngine\WWWTranscoder.cs",".cs","1340"
"Scripts\UnityEngine\UnityEngine\YieldInstruction.cs",".cs","142"
"Scripts\UnityEngine\UnityEngine\Internal\DefaultValueAttribute.cs",".cs","864"
"Scripts\UnityEngine\UnityEngine\Internal\ExcludeFromDocsAttribute.cs",".cs","176"
"Scripts\UnityEngine\UnityEngine\SocialPlatforms\IAchievement.cs",".cs","267"
"Scripts\UnityEngine\UnityEngine\SocialPlatforms\IAchievementDescription.cs",".cs","285"
"Scripts\UnityEngine\UnityEngine\SocialPlatforms\ILeaderboard.cs",".cs","221"
"Scripts\UnityEngine\UnityEngine\SocialPlatforms\ILocalUser.cs",".cs","129"
"Scripts\UnityEngine\UnityEngine\SocialPlatforms\IScore.cs",".cs","147"
"Scripts\UnityEngine\UnityEngine\SocialPlatforms\ISocialPlatform.cs",".cs","960"
"Scripts\UnityEngine\UnityEngine\SocialPlatforms\IUserProfile.cs",".cs","195"
"Scripts\UnityEngine\UnityEngine\SocialPlatforms\Range.cs",".cs","177"
"Scripts\UnityEngine\UnityEngine\SocialPlatforms\TimeScope.cs",".cs","119"
"Scripts\UnityEngine\UnityEngine\SocialPlatforms\UserScope.cs",".cs","111"
"Scripts\UnityEngine\UnityEngine\SocialPlatforms\UserState.cs",".cs","167"
"Scripts\UnityEngine\UnityEngine\SocialPlatforms\GameCenter\GameCenterPlatform.cs",".cs","7407"
"Scripts\UnityEngine\UnityEngine\SocialPlatforms\GameCenter\GcAchievementData.cs",".cs","488"
"Scripts\UnityEngine\UnityEngine\SocialPlatforms\GameCenter\GcAchievementDescriptionData.cs",".cs","588"
"Scripts\UnityEngine\UnityEngine\SocialPlatforms\GameCenter\GcLeaderboard.cs",".cs","1455"
"Scripts\UnityEngine\UnityEngine\SocialPlatforms\GameCenter\GcScoreData.cs",".cs","511"
"Scripts\UnityEngine\UnityEngine\SocialPlatforms\GameCenter\GcUserProfileData.cs",".cs","511"
"Scripts\UnityEngine\UnityEngine\SocialPlatforms\Impl\Achievement.cs",".cs","1770"
"Scripts\UnityEngine\UnityEngine\SocialPlatforms\Impl\AchievementDescription.cs",".cs","2004"
"Scripts\UnityEngine\UnityEngine\SocialPlatforms\Impl\Leaderboard.cs",".cs","1954"
"Scripts\UnityEngine\UnityEngine\SocialPlatforms\Impl\LocalUser.cs",".cs","590"
"Scripts\UnityEngine\UnityEngine\SocialPlatforms\Impl\Score.cs",".cs","1158"
"Scripts\UnityEngine\UnityEngine\SocialPlatforms\Impl\UserProfile.cs",".cs","1501"
"Scripts\UnityEngine\UnityEngineInternal\GenericStack.cs",".cs","110"
"Scripts\UnityEngine\UnityEngineInternal\TypeInferenceRuleAttribute.cs",".cs","530"
"Scripts\UnityEngine\UnityEngineInternal\TypeInferenceRules.cs",".cs","227"
