stage,status,system,assembly,type,method,token,arm_addr,arm_bytes,note
1,RECUPERADO-AOT,Arranque y globales,Assembly-CSharp,CloudStrap,.ctor,0x0600063d,0x00128d1c,52,
1,RECUPERADO-AOT,Arranque y globales,Assembly-CSharp,CloudStrap,ContinueToFrontEnd,0x0600063e,0x00128d50,276,
1,RECUPERADO-AOT,Arranque y globales,Assembly-CSharp,CloudStrap,Start,0x0600063f,0x00128e64,268,
1,RECUPERADO-AOT,Arranque y globales,Assembly-CSharp,EnsureGlobals,.ctor,0x06000432,0x000ff8bc,52,
1,RECUPERADO-AOT,Arranque y globales,Assembly-CSharp,EnsureGlobals,Awake,0x06000433,0x000ff8f0,296,
1,RECUPERADO-AOT,Arranque y globales,Assembly-CSharp,FadeHelper,.cctor,0x06000407,0x000fb9b8,36,
1,RECUPERADO-AOT,Arranque y globales,Assembly-CSharp,FadeHelper,.ctor,0x06000406,0x000fb924,148,
1,RECUPERADO-AOT,Arranque y globales,Assembly-CSharp,FadeHelper,<CleanNullEntries>m__8,0x06000416,0x000fdf60,76,
1,RECUPERADO-AOT,Arranque y globales,Assembly-CSharp,FadeHelper,<CleanNullEntries>m__9,0x06000417,0x000fdfac,76,
1,RECUPERADO-AOT,Arranque y globales,Assembly-CSharp,FadeHelper,CleanNullEntries,0x06000415,0x000fddd8,392,
1,RECUPERADO-AOT,Arranque y globales,Assembly-CSharp,FadeHelper,Fade,0x06000410,0x000fd3b4,244,
1,RECUPERADO-AOT,Arranque y globales,Assembly-CSharp,FadeHelper,Fade,0x06000411,0x000fd4a8,164,
1,RECUPERADO-AOT,Arranque y globales,Assembly-CSharp,FadeHelper,Fade,0x06000412,0x000fd54c,460,
1,RECUPERADO-AOT,Arranque y globales,Assembly-CSharp,FadeHelper,Fade,0x06000413,0x000fd718,1604,
1,RECUPERADO-AOT,Arranque y globales,Assembly-CSharp,FadeHelper,FadeRecursively,0x0600040b,0x000fc1d8,1388,
1,RECUPERADO-AOT,Arranque y globales,Assembly-CSharp,FadeHelper,Fader,0x06000414,0x000fdd5c,124,
1,RECUPERADO-AOT,Arranque y globales,Assembly-CSharp,FadeHelper,GetAllChildren,0x0600040f,0x000fd0f0,708,
1,RECUPERADO-AOT,Arranque y globales,Assembly-CSharp,FadeHelper,IsFading,0x06000409,0x000fbadc,1552,
1,RECUPERADO-AOT,Arranque y globales,Assembly-CSharp,FadeHelper,IsFading,0x0600040a,0x000fc0ec,236,
1,RECUPERADO-AOT,Arranque y globales,Assembly-CSharp,FadeHelper,SetOpacity,0x0600040d,0x000fcca8,464,
1,RECUPERADO-AOT,Arranque y globales,Assembly-CSharp,FadeHelper,SetOpacity,0x0600040e,0x000fce78,632,
1,RECUPERADO-AOT,Arranque y globales,Assembly-CSharp,FadeHelper,SetOpacityRecursively,0x0600040c,0x000fc744,1380,
1,RECUPERADO-AOT,Arranque y globales,Assembly-CSharp,FadeHelper,get_Instance,0x06000408,0x000fb9dc,256,
1,RECUPERADO-AOT,Arranque y globales,Assembly-CSharp,FadeHelper/<Fade>c__AnonStorey92,.ctor,0x06000b36,0x0016667c,44,
1,RECUPERADO-AOT,Arranque y globales,Assembly-CSharp,FadeHelper/<Fade>c__AnonStorey92,<>m__6,0x06000b37,0x001666a8,88,
1,RECUPERADO-AOT,Arranque y globales,Assembly-CSharp,FadeHelper/<Fade>c__AnonStorey92,<>m__7,0x06000b38,0x00166700,88,
1,RECUPERADO-AOT,Arranque y globales,Assembly-CSharp,FadeHelper/<Fader>c__Iterator29,.ctor,0x060008c3,0x00148de4,44,
1,RECUPERADO-AOT,Arranque y globales,Assembly-CSharp,FadeHelper/<Fader>c__Iterator29,<>m__A,0x060008c9,0x0014a0d4,92,
1,RECUPERADO-AOT,Arranque y globales,Assembly-CSharp,FadeHelper/<Fader>c__Iterator29,<>m__B,0x060008ca,0x0014a130,88,
1,RECUPERADO-AOT,Arranque y globales,Assembly-CSharp,FadeHelper/<Fader>c__Iterator29,<>m__C,0x060008cb,0x0014a188,92,
1,RECUPERADO-AOT,Arranque y globales,Assembly-CSharp,FadeHelper/<Fader>c__Iterator29,<>m__D,0x060008cc,0x0014a1e4,92,
1,RECUPERADO-AOT,Arranque y globales,Assembly-CSharp,FadeHelper/<Fader>c__Iterator29,Dispose,0x060008c7,0x0014a05c,56,
1,RECUPERADO-AOT,Arranque y globales,Assembly-CSharp,FadeHelper/<Fader>c__Iterator29,MoveNext,0x060008c6,0x00148e78,4580,
1,RECUPERADO-AOT,Arranque y globales,Assembly-CSharp,FadeHelper/<Fader>c__Iterator29,Reset,0x060008c8,0x0014a094,64,
1,RECUPERADO-AOT,Arranque y globales,Assembly-CSharp,FadeHelper/<Fader>c__Iterator29,System.Collections.Generic.IEnumerator<object>.get_Current,0x060008c4,0x00148e10,52,
1,RECUPERADO-AOT,Arranque y globales,Assembly-CSharp,FadeHelper/<Fader>c__Iterator29,System.Collections.IEnumerator.get_Current,0x060008c5,0x00148e44,52,
1,RECUPERADO-AOT,Arranque y globales,Assembly-CSharp,FadeHelper/<IsFading>c__AnonStorey91,.ctor,0x06000b34,0x001665f8,44,
1,RECUPERADO-AOT,Arranque y globales,Assembly-CSharp,FadeHelper/<IsFading>c__AnonStorey91,<>m__5,0x06000b35,0x00166624,88,
1,RECUPERADO-AOT,Arranque y globales,Assembly-CSharp,LocalizeCloudStrap,.ctor,0x060006a2,0x0012e4f0,52,
1,RECUPERADO-AOT,Arranque y globales,Assembly-CSharp,LocalizeCloudStrap,Awake,0x060006a3,0x0012e524,404,
1,RECUPERADO-AOT,Arranque y globales,Assembly-CSharp,LocalizeCloudStrap,Start,0x060006a4,0x0012e6b8,44,
1,RECUPERADO-AOT,Arranque y globales,Assembly-CSharp,LocalizeCloudStrap,Update,0x060006a5,0x0012e6e4,44,
1,RECUPERADO-AOT,Arranque y globales,Assembly-CSharp,LowEndInhibitor,.ctor,0x0600043c,0x000ffc80,160,
1,RECUPERADO-AOT,Arranque y globales,Assembly-CSharp,LowEndInhibitor,Start,0x0600043d,0x000ffd20,204,
1,RECUPERADO-AOT,Arranque y globales,Assembly-CSharp,PreFrontEndHoop,.ctor,0x06000792,0x0013dc54,52,
1,RECUPERADO-AOT,Arranque y globales,Assembly-CSharp,PreFrontEndHoop,Start,0x06000793,0x0013dc88,64,
1,RECUPERADO-AOT,Arranque y globales,Assembly-CSharp,PreFrontEndHoop/<Start>c__Iterator86,.ctor,0x06000afd,0x001637e0,44,
1,RECUPERADO-AOT,Arranque y globales,Assembly-CSharp,PreFrontEndHoop/<Start>c__Iterator86,Dispose,0x06000b01,0x00163a08,56,
1,RECUPERADO-AOT,Arranque y globales,Assembly-CSharp,PreFrontEndHoop/<Start>c__Iterator86,MoveNext,0x06000b00,0x00163874,404,
1,RECUPERADO-AOT,Arranque y globales,Assembly-CSharp,PreFrontEndHoop/<Start>c__Iterator86,Reset,0x06000b02,0x00163a40,64,
1,RECUPERADO-AOT,Arranque y globales,Assembly-CSharp,PreFrontEndHoop/<Start>c__Iterator86,System.Collections.Generic.IEnumerator<object>.get_Current,0x06000afe,0x0016380c,52,
1,RECUPERADO-AOT,Arranque y globales,Assembly-CSharp,PreFrontEndHoop/<Start>c__Iterator86,System.Collections.IEnumerator.get_Current,0x06000aff,0x00163840,52,
1,RECUPERADO-AOT,Arranque y globales,Assembly-CSharp,QualityControl,Apply,0x06000478,0x00103428,116,
1,RECUPERADO-AOT,Arranque y globales,Assembly-CSharp,QualityControl,get_DoDummiedPlayerCollision,0x06000475,0x00103398,48,
1,RECUPERADO-AOT,Arranque y globales,Assembly-CSharp,QualityControl,get_DoFullAI,0x06000477,0x001033f8,48,
1,RECUPERADO-AOT,Arranque y globales,Assembly-CSharp,QualityControl,get_DoFullTriFoot,0x06000476,0x001033c8,48,
1,RECUPERADO-AOT,Arranque y globales,Assembly-CSharp,QualityControl,get_DoPerFrameCollision,0x06000474,0x00103368,48,
1,RECUPERADO-AOT,Arranque y globales,Assembly-CSharp,QualityControl,get_DoPhysicsAt30fps,0x06000473,0x00103338,48,
1,RECUPERADO-AOT,Arranque y globales,Assembly-CSharp,QualityControl,get_IsGameHardcore,0x06000472,0x00103310,40,
1,RECUPERADO-AOT,Arranque y globales,Assembly-CSharp,RotatorAI,.ctor,0x0600009d,0x000ced58,96,
1,RECUPERADO-AOT,Arranque y globales,Assembly-CSharp,RotatorAI,RotateCoroutine,0x0600009e,0x000cedb8,72,
1,RECUPERADO-AOT,Arranque y globales,Assembly-CSharp,RotatorAI,Start,0x0600009f,0x000cee00,204,
1,RECUPERADO-AOT,Arranque y globales,Assembly-CSharp,RotatorAI/<RotateCoroutine>c__Iterator4,.ctor,0x060007e5,0x00141970,44,
1,RECUPERADO-AOT,Arranque y globales,Assembly-CSharp,RotatorAI/<RotateCoroutine>c__Iterator4,Dispose,0x060007e9,0x00141b88,56,
1,RECUPERADO-AOT,Arranque y globales,Assembly-CSharp,RotatorAI/<RotateCoroutine>c__Iterator4,MoveNext,0x060007e8,0x00141a04,388,
1,RECUPERADO-AOT,Arranque y globales,Assembly-CSharp,RotatorAI/<RotateCoroutine>c__Iterator4,Reset,0x060007ea,0x00141bc0,64,
1,RECUPERADO-AOT,Arranque y globales,Assembly-CSharp,RotatorAI/<RotateCoroutine>c__Iterator4,System.Collections.Generic.IEnumerator<object>.get_Current,0x060007e6,0x0014199c,52,
1,RECUPERADO-AOT,Arranque y globales,Assembly-CSharp,RotatorAI/<RotateCoroutine>c__Iterator4,System.Collections.IEnumerator.get_Current,0x060007e7,0x001419d0,52,
1,RECUPERADO-AOT,Arranque y globales,Assembly-CSharp-firstpass,ScreenFade,.cctor,0x06000403,0x0003f900,36,
1,RECUPERADO-AOT,Arranque y globales,Assembly-CSharp-firstpass,ScreenFade,.ctor,0x06000402,0x0003f8cc,52,
1,RECUPERADO-AOT,Arranque y globales,Assembly-CSharp-firstpass,ScreenFade,Fade,0x0600040a,0x0003fd20,88,
1,RECUPERADO-AOT,Arranque y globales,Assembly-CSharp-firstpass,ScreenFade,Fade,0x0600040b,0x0003fd78,96,
1,RECUPERADO-AOT,Arranque y globales,Assembly-CSharp-firstpass,ScreenFade,FadeHelper,0x0600040e,0x0003fe9c,124,
1,RECUPERADO-AOT,Arranque y globales,Assembly-CSharp-firstpass,ScreenFade,LoadLevelWithFade,0x0600040c,0x0003fdd8,72,
1,RECUPERADO-AOT,Arranque y globales,Assembly-CSharp-firstpass,ScreenFade,LoadSceneHelper,0x0600040f,0x0003ff18,80,
1,RECUPERADO-AOT,Arranque y globales,Assembly-CSharp-firstpass,ScreenFade,Start,0x0600040d,0x0003fe20,124,
1,RECUPERADO-AOT,Arranque y globales,Assembly-CSharp-firstpass,ScreenFade,get_FadedAmount,0x06000408,0x0003fb60,64,
1,RECUPERADO-AOT,Arranque y globales,Assembly-CSharp-firstpass,ScreenFade,get_Instance,0x06000404,0x0003f924,248,
1,RECUPERADO-AOT,Arranque y globales,Assembly-CSharp-firstpass,ScreenFade,get_IsFaded,0x06000406,0x0003fa50,100,
1,RECUPERADO-AOT,Arranque y globales,Assembly-CSharp-firstpass,ScreenFade,get_IsFading,0x06000405,0x0003fa1c,52,
1,RECUPERADO-AOT,Arranque y globales,Assembly-CSharp-firstpass,ScreenFade,set_FadedAmount,0x06000409,0x0003fba0,384,
1,RECUPERADO-AOT,Arranque y globales,Assembly-CSharp-firstpass,ScreenFade,set_IsFaded,0x06000407,0x0003fab4,172,
1,RECUPERADO-AOT,Arranque y globales,Assembly-CSharp-firstpass,ScreenFade/<FadeHelper>c__Iterator28,.ctor,0x06000603,0x0005e264,44,
1,RECUPERADO-AOT,Arranque y globales,Assembly-CSharp-firstpass,ScreenFade/<FadeHelper>c__Iterator28,Dispose,0x06000607,0x0005e63c,56,
1,RECUPERADO-AOT,Arranque y globales,Assembly-CSharp-firstpass,ScreenFade/<FadeHelper>c__Iterator28,MoveNext,0x06000606,0x0005e2f8,836,
1,RECUPERADO-AOT,Arranque y globales,Assembly-CSharp-firstpass,ScreenFade/<FadeHelper>c__Iterator28,Reset,0x06000608,0x0005e674,64,
1,RECUPERADO-AOT,Arranque y globales,Assembly-CSharp-firstpass,ScreenFade/<FadeHelper>c__Iterator28,System.Collections.Generic.IEnumerator<object>.get_Current,0x06000604,0x0005e290,52,
1,RECUPERADO-AOT,Arranque y globales,Assembly-CSharp-firstpass,ScreenFade/<FadeHelper>c__Iterator28,System.Collections.IEnumerator.get_Current,0x06000605,0x0005e2c4,52,
1,RECUPERADO-AOT,Arranque y globales,Assembly-CSharp-firstpass,ScreenFade/<LoadSceneHelper>c__Iterator29,.ctor,0x06000609,0x0005e6b4,44,
1,RECUPERADO-AOT,Arranque y globales,Assembly-CSharp-firstpass,ScreenFade/<LoadSceneHelper>c__Iterator29,Dispose,0x0600060d,0x0005e7f0,56,
1,RECUPERADO-AOT,Arranque y globales,Assembly-CSharp-firstpass,ScreenFade/<LoadSceneHelper>c__Iterator29,MoveNext,0x0600060c,0x0005e748,168,
1,RECUPERADO-AOT,Arranque y globales,Assembly-CSharp-firstpass,ScreenFade/<LoadSceneHelper>c__Iterator29,Reset,0x0600060e,0x0005e828,64,
1,RECUPERADO-AOT,Arranque y globales,Assembly-CSharp-firstpass,ScreenFade/<LoadSceneHelper>c__Iterator29,System.Collections.Generic.IEnumerator<object>.get_Current,0x0600060a,0x0005e6e0,52,
1,RECUPERADO-AOT,Arranque y globales,Assembly-CSharp-firstpass,ScreenFade/<LoadSceneHelper>c__Iterator29,System.Collections.IEnumerator.get_Current,0x0600060b,0x0005e714,52,
1,RECUPERADO-AOT,Arranque y globales,Assembly-CSharp,ScreenFader,.cctor,0x060007b3,0x001404a4,36,
1,RECUPERADO-AOT,Arranque y globales,Assembly-CSharp,ScreenFader,.ctor,0x060007b2,0x00140450,84,
1,RECUPERADO-AOT,Arranque y globales,Assembly-CSharp,ScreenFader,CreateScreenFader,0x060007b5,0x001405c0,296,
1,RECUPERADO-AOT,Arranque y globales,Assembly-CSharp,ScreenFader,FadeIn,0x060007bc,0x00140b68,96,
1,RECUPERADO-AOT,Arranque y globales,Assembly-CSharp,ScreenFader,FadeInHelper,0x060007ba,0x00140ad8,72,
1,RECUPERADO-AOT,Arranque y globales,Assembly-CSharp,ScreenFader,FadeOut,0x060007bd,0x00140bc8,96,
1,RECUPERADO-AOT,Arranque y globales,Assembly-CSharp,ScreenFader,FadeOutHelper,0x060007bb,0x00140b20,72,
1,RECUPERADO-AOT,Arranque y globales,Assembly-CSharp,ScreenFader,LoadLevel,0x060007b8,0x00140a18,108,
1,RECUPERADO-AOT,Arranque y globales,Assembly-CSharp,ScreenFader,LoadLevel,0x060007b9,0x00140a84,84,
1,RECUPERADO-AOT,Arranque y globales,Assembly-CSharp,ScreenFader,OnLevelWasLoaded,0x060007be,0x00140c28,88,
1,RECUPERADO-AOT,Arranque y globales,Assembly-CSharp,ScreenFader,Start,0x060007b6,0x001406e8,684,
1,RECUPERADO-AOT,Arranque y globales,Assembly-CSharp,ScreenFader,Update,0x060007b7,0x00140994,132,
1,RECUPERADO-AOT,Arranque y globales,Assembly-CSharp,ScreenFader,get_Instance,0x060007b4,0x001404c8,248,
1,RECUPERADO-AOT,Arranque y globales,Assembly-CSharp,ScreenFader/<FadeInHelper>c__Iterator8C,.ctor,0x06000b21,0x00165dd8,44,
1,RECUPERADO-AOT,Arranque y globales,Assembly-CSharp,ScreenFader/<FadeInHelper>c__Iterator8C,Dispose,0x06000b25,0x001660bc,56,
1,RECUPERADO-AOT,Arranque y globales,Assembly-CSharp,ScreenFader/<FadeInHelper>c__Iterator8C,MoveNext,0x06000b24,0x00165e6c,592,
1,RECUPERADO-AOT,Arranque y globales,Assembly-CSharp,ScreenFader/<FadeInHelper>c__Iterator8C,Reset,0x06000b26,0x001660f4,64,
1,RECUPERADO-AOT,Arranque y globales,Assembly-CSharp,ScreenFader/<FadeInHelper>c__Iterator8C,System.Collections.Generic.IEnumerator<object>.get_Current,0x06000b22,0x00165e04,52,
1,RECUPERADO-AOT,Arranque y globales,Assembly-CSharp,ScreenFader/<FadeInHelper>c__Iterator8C,System.Collections.IEnumerator.get_Current,0x06000b23,0x00165e38,52,
1,RECUPERADO-AOT,Arranque y globales,Assembly-CSharp,ScreenFader/<FadeOutHelper>c__Iterator8D,.ctor,0x06000b27,0x00166134,44,
1,RECUPERADO-AOT,Arranque y globales,Assembly-CSharp,ScreenFader/<FadeOutHelper>c__Iterator8D,Dispose,0x06000b2b,0x001663d4,56,
1,RECUPERADO-AOT,Arranque y globales,Assembly-CSharp,ScreenFader/<FadeOutHelper>c__Iterator8D,MoveNext,0x06000b2a,0x001661c8,524,
1,RECUPERADO-AOT,Arranque y globales,Assembly-CSharp,ScreenFader/<FadeOutHelper>c__Iterator8D,Reset,0x06000b2c,0x0016640c,64,
1,RECUPERADO-AOT,Arranque y globales,Assembly-CSharp,ScreenFader/<FadeOutHelper>c__Iterator8D,System.Collections.Generic.IEnumerator<object>.get_Current,0x06000b28,0x00166160,52,
1,RECUPERADO-AOT,Arranque y globales,Assembly-CSharp,ScreenFader/<FadeOutHelper>c__Iterator8D,System.Collections.IEnumerator.get_Current,0x06000b29,0x00166194,52,
1,RECUPERADO-AOT,Arranque y globales,Assembly-CSharp,ScreenTimeoutController,.cctor,0x060007c0,0x00140cb4,36,
1,RECUPERADO-AOT,Arranque y globales,Assembly-CSharp,ScreenTimeoutController,.ctor,0x060007bf,0x00140c80,52,
1,RECUPERADO-AOT,Arranque y globales,Assembly-CSharp,ScreenTimeoutController,AllowSleep,0x060007c3,0x00140e48,84,
1,RECUPERADO-AOT,Arranque y globales,Assembly-CSharp,ScreenTimeoutController,OnDestroy,0x060007c2,0x00140e18,48,
1,RECUPERADO-AOT,Arranque y globales,Assembly-CSharp,ScreenTimeoutController,SupressSleep,0x060007c4,0x00140e9c,152,
1,RECUPERADO-AOT,Arranque y globales,Assembly-CSharp,ScreenTimeoutController,Update,0x060007c1,0x00140cd8,320,
1,RECUPERADO-AOT,Arranque y globales,Assembly-CSharp-firstpass,SingletonScript,.ctor,0x0600025e,0x0002d9d8,44,
1,RECUPERADO-AOT,Arranque y globales,Assembly-CSharp-firstpass,SingletonScript`1,.ctor,0x0600025f,0x0002da04,52,
1,RECUPERADO-AOT,Arranque y globales,Assembly-CSharp-firstpass,SingletonScript`1,Existed,0x06000263,0x0002dc20,68,
1,RECUPERADO-AOT,Arranque y globales,Assembly-CSharp-firstpass,SingletonScript`1,Exists_VERY_EXPENSIVE,0x06000262,0x0002dbc8,88,
1,RECUPERADO-AOT,Arranque y globales,Assembly-CSharp-firstpass,SingletonScript`1,ForceReload,0x06000265,0x0002dcc0,84,
1,RECUPERADO-AOT,Arranque y globales,Assembly-CSharp-firstpass,SingletonScript`1,OnLevelWasLoaded,0x06000264,0x0002dc64,92,
1,RECUPERADO-AOT,Arranque y globales,Assembly-CSharp-firstpass,SingletonScript`1,SingletonCreated,0x06000261,0x0002db9c,44,
1,RECUPERADO-AOT,Arranque y globales,Assembly-CSharp-firstpass,SingletonScript`1,get_i,0x06000260,0x0002da38,356,
1,RECUPERADO-AOT,Framework UI propio (Ugh),Assembly-CSharp,ConfirmationPublisher,.ctor,0x06000640,0x00128f70,52,
1,RECUPERADO-AOT,Framework UI propio (Ugh),Assembly-CSharp,ConfirmationPublisher,Close,0x06000645,0x001290b0,72,
1,RECUPERADO-AOT,Framework UI propio (Ugh),Assembly-CSharp,ConfirmationPublisher,DestroyThis,0x06000646,0x001290f8,72,
1,RECUPERADO-AOT,Framework UI propio (Ugh),Assembly-CSharp,ConfirmationPublisher,PressedNo,0x06000644,0x00129058,88,
1,RECUPERADO-AOT,Framework UI propio (Ugh),Assembly-CSharp,ConfirmationPublisher,PressedYes,0x06000643,0x00129000,88,
1,RECUPERADO-AOT,Framework UI propio (Ugh),Assembly-CSharp,ConfirmationPublisher,Start,0x06000641,0x00128fa4,48,
1,RECUPERADO-AOT,Framework UI propio (Ugh),Assembly-CSharp,ConfirmationPublisher,Update,0x06000642,0x00128fd4,44,
1,RECUPERADO-AOT,Framework UI propio (Ugh),Assembly-CSharp,ConfirmationPublisher/<Close>c__Iterator55,.ctor,0x060009cf,0x00153f20,44,
1,RECUPERADO-AOT,Framework UI propio (Ugh),Assembly-CSharp,ConfirmationPublisher/<Close>c__Iterator55,Dispose,0x060009d3,0x001540bc,56,
1,RECUPERADO-AOT,Framework UI propio (Ugh),Assembly-CSharp,ConfirmationPublisher/<Close>c__Iterator55,MoveNext,0x060009d2,0x00153fb4,264,
1,RECUPERADO-AOT,Framework UI propio (Ugh),Assembly-CSharp,ConfirmationPublisher/<Close>c__Iterator55,Reset,0x060009d4,0x001540f4,64,
1,RECUPERADO-AOT,Framework UI propio (Ugh),Assembly-CSharp,ConfirmationPublisher/<Close>c__Iterator55,System.Collections.Generic.IEnumerator<object>.get_Current,0x060009d0,0x00153f4c,52,
1,RECUPERADO-AOT,Framework UI propio (Ugh),Assembly-CSharp,ConfirmationPublisher/<Close>c__Iterator55,System.Collections.IEnumerator.get_Current,0x060009d1,0x00153f80,52,
1,RECUPERADO-AOT,Framework UI propio (Ugh),Assembly-CSharp,ConfirmationPublisher/<DestroyThis>c__Iterator56,.ctor,0x060009d5,0x00154134,44,
1,RECUPERADO-AOT,Framework UI propio (Ugh),Assembly-CSharp,ConfirmationPublisher/<DestroyThis>c__Iterator56,Dispose,0x060009d9,0x0015431c,56,
1,RECUPERADO-AOT,Framework UI propio (Ugh),Assembly-CSharp,ConfirmationPublisher/<DestroyThis>c__Iterator56,MoveNext,0x060009d8,0x001541c8,340,
1,RECUPERADO-AOT,Framework UI propio (Ugh),Assembly-CSharp,ConfirmationPublisher/<DestroyThis>c__Iterator56,Reset,0x060009da,0x00154354,64,
1,RECUPERADO-AOT,Framework UI propio (Ugh),Assembly-CSharp,ConfirmationPublisher/<DestroyThis>c__Iterator56,System.Collections.Generic.IEnumerator<object>.get_Current,0x060009d6,0x00154160,52,
1,RECUPERADO-AOT,Framework UI propio (Ugh),Assembly-CSharp,ConfirmationPublisher/<DestroyThis>c__Iterator56,System.Collections.IEnumerator.get_Current,0x060009d7,0x00154194,52,
1,RECUPERADO-AOT,Framework UI propio (Ugh),Assembly-CSharp,GenericPopupPublisher,.ctor,0x06000691,0x0012dd94,52,
1,RECUPERADO-AOT,Framework UI propio (Ugh),Assembly-CSharp,GenericPopupPublisher,DestroyThis,0x06000696,0x0012def0,72,
1,RECUPERADO-AOT,Framework UI propio (Ugh),Assembly-CSharp,GenericPopupPublisher,PressedBacking,0x06000695,0x0012de88,104,
1,RECUPERADO-AOT,Framework UI propio (Ugh),Assembly-CSharp,GenericPopupPublisher,SetText,0x06000694,0x0012de24,100,
1,RECUPERADO-AOT,Framework UI propio (Ugh),Assembly-CSharp,GenericPopupPublisher,Start,0x06000692,0x0012ddc8,48,
1,RECUPERADO-AOT,Framework UI propio (Ugh),Assembly-CSharp,GenericPopupPublisher,Update,0x06000693,0x0012ddf8,44,
1,RECUPERADO-AOT,Framework UI propio (Ugh),Assembly-CSharp,GenericPopupPublisher/<DestroyThis>c__Iterator5D,.ctor,0x060009ff,0x001559bc,44,
1,RECUPERADO-AOT,Framework UI propio (Ugh),Assembly-CSharp,GenericPopupPublisher/<DestroyThis>c__Iterator5D,Dispose,0x06000a03,0x00155ba4,56,
1,RECUPERADO-AOT,Framework UI propio (Ugh),Assembly-CSharp,GenericPopupPublisher/<DestroyThis>c__Iterator5D,MoveNext,0x06000a02,0x00155a50,340,
1,RECUPERADO-AOT,Framework UI propio (Ugh),Assembly-CSharp,GenericPopupPublisher/<DestroyThis>c__Iterator5D,Reset,0x06000a04,0x00155bdc,64,
1,RECUPERADO-AOT,Framework UI propio (Ugh),Assembly-CSharp,GenericPopupPublisher/<DestroyThis>c__Iterator5D,System.Collections.Generic.IEnumerator<object>.get_Current,0x06000a00,0x001559e8,52,
1,RECUPERADO-AOT,Framework UI propio (Ugh),Assembly-CSharp,GenericPopupPublisher/<DestroyThis>c__Iterator5D,System.Collections.IEnumerator.get_Current,0x06000a01,0x00155a1c,52,
1,RECUPERADO-AOT,Framework UI propio (Ugh),Assembly-CSharp,InputBlocker,.ctor,0x06000418,0x000fdff8,52,
1,RECUPERADO-AOT,Framework UI propio (Ugh),Assembly-CSharp,InputBlocker,FadeOut,0x0600041a,0x000fe074,80,
1,RECUPERADO-AOT,Framework UI propio (Ugh),Assembly-CSharp,InputBlocker,FadeOutHelper,0x0600041b,0x000fe0c4,72,
1,RECUPERADO-AOT,Framework UI propio (Ugh),Assembly-CSharp,InputBlocker,Start,0x06000419,0x000fe02c,72,
1,RECUPERADO-AOT,Framework UI propio (Ugh),Assembly-CSharp,InputBlocker/<FadeOutHelper>c__Iterator2B,.ctor,0x060008d3,0x0014a68c,44,
1,RECUPERADO-AOT,Framework UI propio (Ugh),Assembly-CSharp,InputBlocker/<FadeOutHelper>c__Iterator2B,Dispose,0x060008d7,0x0014aa60,56,
1,RECUPERADO-AOT,Framework UI propio (Ugh),Assembly-CSharp,InputBlocker/<FadeOutHelper>c__Iterator2B,MoveNext,0x060008d6,0x0014a720,832,
1,RECUPERADO-AOT,Framework UI propio (Ugh),Assembly-CSharp,InputBlocker/<FadeOutHelper>c__Iterator2B,Reset,0x060008d8,0x0014aa98,64,
1,RECUPERADO-AOT,Framework UI propio (Ugh),Assembly-CSharp,InputBlocker/<FadeOutHelper>c__Iterator2B,System.Collections.Generic.IEnumerator<object>.get_Current,0x060008d4,0x0014a6b8,52,
1,RECUPERADO-AOT,Framework UI propio (Ugh),Assembly-CSharp,InputBlocker/<FadeOutHelper>c__Iterator2B,System.Collections.IEnumerator.get_Current,0x060008d5,0x0014a6ec,52,
1,RECUPERADO-AOT,Framework UI propio (Ugh),Assembly-CSharp,InputBlocker/<Start>c__Iterator2A,.ctor,0x060008cd,0x0014a240,44,
1,RECUPERADO-AOT,Framework UI propio (Ugh),Assembly-CSharp,InputBlocker/<Start>c__Iterator2A,Dispose,0x060008d1,0x0014a614,56,
1,RECUPERADO-AOT,Framework UI propio (Ugh),Assembly-CSharp,InputBlocker/<Start>c__Iterator2A,MoveNext,0x060008d0,0x0014a2d4,832,
1,RECUPERADO-AOT,Framework UI propio (Ugh),Assembly-CSharp,InputBlocker/<Start>c__Iterator2A,Reset,0x060008d2,0x0014a64c,64,
1,RECUPERADO-AOT,Framework UI propio (Ugh),Assembly-CSharp,InputBlocker/<Start>c__Iterator2A,System.Collections.Generic.IEnumerator<object>.get_Current,0x060008ce,0x0014a26c,52,
1,RECUPERADO-AOT,Framework UI propio (Ugh),Assembly-CSharp,InputBlocker/<Start>c__Iterator2A,System.Collections.IEnumerator.get_Current,0x060008cf,0x0014a2a0,52,
1,RECUPERADO-AOT,Framework UI propio (Ugh),Assembly-CSharp,PopoverPublisher,.ctor,0x060006c3,0x001304a0,268,
1,RECUPERADO-AOT,Framework UI propio (Ugh),Assembly-CSharp,PopoverPublisher,FixedUpdate,0x060006c5,0x0013068c,824,
1,RECUPERADO-AOT,Framework UI propio (Ugh),Assembly-CSharp,PopoverPublisher,PressedBacking,0x060006c6,0x001309c4,80,
1,RECUPERADO-AOT,Framework UI propio (Ugh),Assembly-CSharp,PopoverPublisher,SetText,0x060006c7,0x00130a14,100,
1,RECUPERADO-AOT,Framework UI propio (Ugh),Assembly-CSharp,PopoverPublisher,Start,0x060006c4,0x001305ac,224,
1,RECUPERADO-AOT,Framework UI propio (Ugh),Assembly-CSharp,ShiftContentsOnButtonDown,.ctor,0x06000426,0x000fe64c,220,
1,RECUPERADO-AOT,Framework UI propio (Ugh),Assembly-CSharp,ShiftContentsOnButtonDown,OnDisable,0x06000428,0x000fe838,272,
1,RECUPERADO-AOT,Framework UI propio (Ugh),Assembly-CSharp,ShiftContentsOnButtonDown,OnDownHandler,0x06000429,0x000fe948,1236,
1,RECUPERADO-AOT,Framework UI propio (Ugh),Assembly-CSharp,ShiftContentsOnButtonDown,OnEnable,0x06000427,0x000fe728,272,
1,RECUPERADO-AOT,Framework UI propio (Ugh),Assembly-CSharp,ShiftContentsOnToggleDown,.ctor,0x0600042a,0x000fee1c,220,
1,RECUPERADO-AOT,Framework UI propio (Ugh),Assembly-CSharp,ShiftContentsOnToggleDown,OnDisable,0x0600042c,0x000ff008,272,
1,RECUPERADO-AOT,Framework UI propio (Ugh),Assembly-CSharp,ShiftContentsOnToggleDown,OnDownHandler,0x0600042d,0x000ff118,1216,
1,RECUPERADO-AOT,Framework UI propio (Ugh),Assembly-CSharp,ShiftContentsOnToggleDown,OnEnable,0x0600042b,0x000feef8,272,
1,RECUPERADO-AOT,Framework UI propio (Ugh),Assembly-CSharp-firstpass,UghAlign,.ctor,0x06000410,0x0003ff68,84,
1,RECUPERADO-AOT,Framework UI propio (Ugh),Assembly-CSharp-firstpass,UghAlign,Align,0x06000413,0x0004002c,1732,
1,RECUPERADO-AOT,Framework UI propio (Ugh),Assembly-CSharp-firstpass,UghAlign,AlignToScreen,0x06000415,0x00040920,540,
1,RECUPERADO-AOT,Framework UI propio (Ugh),Assembly-CSharp-firstpass,UghAlign,AlignToSprite,0x06000414,0x000406f0,560,
1,RECUPERADO-AOT,Framework UI propio (Ugh),Assembly-CSharp-firstpass,UghAlign,OnDisable,0x06000416,0x00040b3c,152,
1,RECUPERADO-AOT,Framework UI propio (Ugh),Assembly-CSharp-firstpass,UghAlign,OnDrawGizmos,0x06000417,0x00040bd4,80,
1,RECUPERADO-AOT,Framework UI propio (Ugh),Assembly-CSharp-firstpass,UghAlign,OnEnable,0x06000418,0x00040c24,312,
1,RECUPERADO-AOT,Framework UI propio (Ugh),Assembly-CSharp-firstpass,UghAlign,OnMPDirtyAlign,0x06000419,0x00040d5c,84,
1,RECUPERADO-AOT,Framework UI propio (Ugh),Assembly-CSharp-firstpass,UghAlign,Start,0x0600041a,0x00040db0,52,
1,RECUPERADO-AOT,Framework UI propio (Ugh),Assembly-CSharp-firstpass,UghAlign,Update,0x0600041b,0x00040de4,68,
1,RECUPERADO-AOT,Framework UI propio (Ugh),Assembly-CSharp-firstpass,UghAlign,get_IsDirty,0x06000411,0x0003ffbc,52,
1,RECUPERADO-AOT,Framework UI propio (Ugh),Assembly-CSharp-firstpass,UghAlign,set_IsDirty,0x06000412,0x0003fff0,60,
1,RECUPERADO-AOT,Framework UI propio (Ugh),Assembly-CSharp-firstpass,UghButton,.ctor,0x0600038a,0x0003ab9c,52,
1,RECUPERADO-AOT,Framework UI propio (Ugh),Assembly-CSharp-firstpass,UghButton,OnMouseEnter,0x0600038e,0x0003ad5c,100,
1,RECUPERADO-AOT,Framework UI propio (Ugh),Assembly-CSharp-firstpass,UghButton,OnMouseExit,0x0600038f,0x0003adc0,120,
1,RECUPERADO-AOT,Framework UI propio (Ugh),Assembly-CSharp-firstpass,UghButton,OnUghInputDown,0x0600038b,0x0003abd0,72,
1,RECUPERADO-AOT,Framework UI propio (Ugh),Assembly-CSharp-firstpass,UghButton,OnUghInputUp,0x0600038c,0x0003ac18,120,
1,RECUPERADO-AOT,Framework UI propio (Ugh),Assembly-CSharp-firstpass,UghButton,OnUghInputUpAsButton,0x0600038d,0x0003ac90,204,
1,RECUPERADO-AOT,Framework UI propio (Ugh),Assembly-CSharp-firstpass,UghButton/<OnUghInputDown>c__Iterator1B,.ctor,0x060005b5,0x0005759c,44,
1,RECUPERADO-AOT,Framework UI propio (Ugh),Assembly-CSharp-firstpass,UghButton/<OnUghInputDown>c__Iterator1B,Dispose,0x060005b9,0x000576f8,56,
1,RECUPERADO-AOT,Framework UI propio (Ugh),Assembly-CSharp-firstpass,UghButton/<OnUghInputDown>c__Iterator1B,MoveNext,0x060005b8,0x00057630,200,
1,RECUPERADO-AOT,Framework UI propio (Ugh),Assembly-CSharp-firstpass,UghButton/<OnUghInputDown>c__Iterator1B,Reset,0x060005ba,0x00057730,64,
1,RECUPERADO-AOT,Framework UI propio (Ugh),Assembly-CSharp-firstpass,UghButton/<OnUghInputDown>c__Iterator1B,System.Collections.Generic.IEnumerator<object>.get_Current,0x060005b6,0x000575c8,52,
1,RECUPERADO-AOT,Framework UI propio (Ugh),Assembly-CSharp-firstpass,UghButton/<OnUghInputDown>c__Iterator1B,System.Collections.IEnumerator.get_Current,0x060005b7,0x000575fc,52,
1,RECUPERADO-AOT,Framework UI propio (Ugh),Assembly-CSharp-firstpass,UghButtonDisablable,.ctor,0x06000390,0x0003ae38,52,
1,RECUPERADO-AOT,Framework UI propio (Ugh),Assembly-CSharp-firstpass,UghButtonDisablable,OnUghInputDown,0x06000392,0x0003aea4,72,
1,RECUPERADO-AOT,Framework UI propio (Ugh),Assembly-CSharp-firstpass,UghButtonDisablable,OnUghInputUpAsButton,0x06000393,0x0003aeec,92,
1,RECUPERADO-AOT,Framework UI propio (Ugh),Assembly-CSharp-firstpass,UghButtonDisablable,SetLock,0x06000394,0x0003af48,100,
1,RECUPERADO-AOT,Framework UI propio (Ugh),Assembly-CSharp-firstpass,UghButtonDisablable,Start,0x06000391,0x0003ae6c,56,
1,RECUPERADO-AOT,Framework UI propio (Ugh),Assembly-CSharp-firstpass,UghButtonDisablable,ToggleLock,0x06000395,0x0003afac,104,
1,RECUPERADO-AOT,Framework UI propio (Ugh),Assembly-CSharp-firstpass,UghButtonDisablable/<OnUghInputDown>c__Iterator1C,.ctor,0x060005bb,0x00057770,44,
1,RECUPERADO-AOT,Framework UI propio (Ugh),Assembly-CSharp-firstpass,UghButtonDisablable/<OnUghInputDown>c__Iterator1C,Dispose,0x060005bf,0x000578a4,56,
1,RECUPERADO-AOT,Framework UI propio (Ugh),Assembly-CSharp-firstpass,UghButtonDisablable/<OnUghInputDown>c__Iterator1C,MoveNext,0x060005be,0x00057804,160,
1,RECUPERADO-AOT,Framework UI propio (Ugh),Assembly-CSharp-firstpass,UghButtonDisablable/<OnUghInputDown>c__Iterator1C,Reset,0x060005c0,0x000578dc,64,
1,RECUPERADO-AOT,Framework UI propio (Ugh),Assembly-CSharp-firstpass,UghButtonDisablable/<OnUghInputDown>c__Iterator1C,System.Collections.Generic.IEnumerator<object>.get_Current,0x060005bc,0x0005779c,52,
1,RECUPERADO-AOT,Framework UI propio (Ugh),Assembly-CSharp-firstpass,UghButtonDisablable/<OnUghInputDown>c__Iterator1C,System.Collections.IEnumerator.get_Current,0x060005bd,0x000577d0,52,
1,RECUPERADO-AOT,Framework UI propio (Ugh),Assembly-CSharp-firstpass,UghCamera,.cctor,0x0600041d,0x00040f0c,76,
1,RECUPERADO-AOT,Framework UI propio (Ugh),Assembly-CSharp-firstpass,UghCamera,.ctor,0x0600041c,0x00040e28,228,
1,RECUPERADO-AOT,Framework UI propio (Ugh),Assembly-CSharp-firstpass,UghCamera,OnLevelWasLoaded,0x06000424,0x00041d70,88,
1,RECUPERADO-AOT,Framework UI propio (Ugh),Assembly-CSharp-firstpass,UghCamera,Reset,0x06000425,0x00041dc8,52,
1,RECUPERADO-AOT,Framework UI propio (Ugh),Assembly-CSharp-firstpass,UghCamera,ResetCamera,0x06000428,0x00041e80,400,
1,RECUPERADO-AOT,Framework UI propio (Ugh),Assembly-CSharp-firstpass,UghCamera,ResetCameraPosition,0x06000429,0x00042010,224,
1,RECUPERADO-AOT,Framework UI propio (Ugh),Assembly-CSharp-firstpass,UghCamera,ScreenAnchorToPosition,0x06000423,0x0004145c,2324,
1,RECUPERADO-AOT,Framework UI propio (Ugh),Assembly-CSharp-firstpass,UghCamera,Start,0x06000426,0x00041dfc,60,
1,RECUPERADO-AOT,Framework UI propio (Ugh),Assembly-CSharp-firstpass,UghCamera,Update,0x06000427,0x00041e38,72,
1,RECUPERADO-AOT,Framework UI propio (Ugh),Assembly-CSharp-firstpass,UghCamera,get_Aspect,0x06000422,0x000413b4,168,
1,RECUPERADO-AOT,Framework UI propio (Ugh),Assembly-CSharp-firstpass,UghCamera,get_CameraPixelSize,0x0600041f,0x00041180,192,
1,RECUPERADO-AOT,Framework UI propio (Ugh),Assembly-CSharp-firstpass,UghCamera,get_Instance,0x0600041e,0x00040f58,552,
1,RECUPERADO-AOT,Framework UI propio (Ugh),Assembly-CSharp-firstpass,UghCamera,get_ScreenExtents,0x06000421,0x00041330,132,
1,RECUPERADO-AOT,Framework UI propio (Ugh),Assembly-CSharp-firstpass,UghCamera,get_ScreenSize,0x06000420,0x00041240,240,
1,RECUPERADO-AOT,Framework UI propio (Ugh),Assembly-CSharp-firstpass,UghControl,.cctor,0x06000397,0x0003b050,36,
1,RECUPERADO-AOT,Framework UI propio (Ugh),Assembly-CSharp-firstpass,UghControl,.ctor,0x06000396,0x0003b014,60,
1,RECUPERADO-AOT,Framework UI propio (Ugh),Assembly-CSharp-firstpass,UghControl,AutoSizeCollider,0x060003a0,0x0003b26c,528,
1,RECUPERADO-AOT,Framework UI propio (Ugh),Assembly-CSharp-firstpass,UghControl,OnDrawGizmos,0x060003a1,0x0003b47c,108,
1,RECUPERADO-AOT,Framework UI propio (Ugh),Assembly-CSharp-firstpass,UghControl,OnUghInputDown,0x0600039b,0x0003b17c,64,
1,RECUPERADO-AOT,Framework UI propio (Ugh),Assembly-CSharp-firstpass,UghControl,OnUghInputDrag,0x0600039d,0x0003b1e8,44,
1,RECUPERADO-AOT,Framework UI propio (Ugh),Assembly-CSharp-firstpass,UghControl,OnUghInputUp,0x0600039c,0x0003b1bc,44,
1,RECUPERADO-AOT,Framework UI propio (Ugh),Assembly-CSharp-firstpass,UghControl,OnUghInputUpAsButton,0x0600039e,0x0003b214,44,
1,RECUPERADO-AOT,Framework UI propio (Ugh),Assembly-CSharp-firstpass,UghControl,OnUghInputUpLate,0x0600039f,0x0003b240,44,
1,RECUPERADO-AOT,Framework UI propio (Ugh),Assembly-CSharp-firstpass,UghControl,Reset,0x060003a2,0x0003b4e8,188,
1,RECUPERADO-AOT,Framework UI propio (Ugh),Assembly-CSharp-firstpass,UghControl,get_HotFingerID,0x06000398,0x0003b074,52,
1,RECUPERADO-AOT,Framework UI propio (Ugh),Assembly-CSharp-firstpass,UghControl,get_isLegalControl,0x0600039a,0x0003b0e4,152,
1,RECUPERADO-AOT,Framework UI propio (Ugh),Assembly-CSharp-firstpass,UghControl,set_HotFingerID,0x06000399,0x0003b0a8,60,
1,RECUPERADO-AOT,Framework UI propio (Ugh),Assembly-CSharp-firstpass,UghControl/<OnUghInputDown>c__Iterator1A,.ctor,0x060005af,0x0005744c,44,
1,RECUPERADO-AOT,Framework UI propio (Ugh),Assembly-CSharp-firstpass,UghControl/<OnUghInputDown>c__Iterator1A,Dispose,0x060005b3,0x00057524,56,
1,RECUPERADO-AOT,Framework UI propio (Ugh),Assembly-CSharp-firstpass,UghControl/<OnUghInputDown>c__Iterator1A,MoveNext,0x060005b2,0x000574e0,68,
1,RECUPERADO-AOT,Framework UI propio (Ugh),Assembly-CSharp-firstpass,UghControl/<OnUghInputDown>c__Iterator1A,Reset,0x060005b4,0x0005755c,64,
1,RECUPERADO-AOT,Framework UI propio (Ugh),Assembly-CSharp-firstpass,UghControl/<OnUghInputDown>c__Iterator1A,System.Collections.Generic.IEnumerator<object>.get_Current,0x060005b0,0x00057478,52,
1,RECUPERADO-AOT,Framework UI propio (Ugh),Assembly-CSharp-firstpass,UghControl/<OnUghInputDown>c__Iterator1A,System.Collections.IEnumerator.get_Current,0x060005b1,0x000574ac,52,
1,RECUPERADO-AOT,Framework UI propio (Ugh),Assembly-CSharp,UghHeldButton,.ctor,0x06000783,0x0013ccb8,52,
1,RECUPERADO-AOT,Framework UI propio (Ugh),Assembly-CSharp,UghHeldButton,OnButtonDown,0x06000788,0x0013d030,44,
1,RECUPERADO-AOT,Framework UI propio (Ugh),Assembly-CSharp,UghHeldButton,OnButtonHeld,0x0600078a,0x0013d088,44,
1,RECUPERADO-AOT,Framework UI propio (Ugh),Assembly-CSharp,UghHeldButton,OnButtonUp,0x06000789,0x0013d05c,44,
1,RECUPERADO-AOT,Framework UI propio (Ugh),Assembly-CSharp,UghHeldButton,SetButtonVisualState,0x06000786,0x0013cd60,128,
1,RECUPERADO-AOT,Framework UI propio (Ugh),Assembly-CSharp,UghHeldButton,Update,0x06000787,0x0013cde0,592,
1,RECUPERADO-AOT,Framework UI propio (Ugh),Assembly-CSharp,UghHeldButton,get_isDown,0x06000784,0x0013ccec,52,
1,RECUPERADO-AOT,Framework UI propio (Ugh),Assembly-CSharp,UghHeldButton,set_isDown,0x06000785,0x0013cd20,64,
1,RECUPERADO-AOT,Framework UI propio (Ugh),Assembly-CSharp-firstpass,UghInput,.ctor,0x0600042a,0x000420f0,104,
1,RECUPERADO-AOT,Framework UI propio (Ugh),Assembly-CSharp-firstpass,UghInput,<TouchBeginEvent>m__6,0x06000438,0x00043354,228,
1,RECUPERADO-AOT,Framework UI propio (Ugh),Assembly-CSharp-firstpass,UghInput,<TouchEndedEvent>m__7,0x06000439,0x00043438,228,
1,RECUPERADO-AOT,Framework UI propio (Ugh),Assembly-CSharp-firstpass,UghInput,Awake,0x06000436,0x0004304c,80,
1,RECUPERADO-AOT,Framework UI propio (Ugh),Assembly-CSharp-firstpass,UghInput,InputToWorldPoint,0x06000430,0x00042520,144,
1,RECUPERADO-AOT,Framework UI propio (Ugh),Assembly-CSharp-firstpass,UghInput,LateUpdate,0x06000437,0x0004309c,696,
1,RECUPERADO-AOT,Framework UI propio (Ugh),Assembly-CSharp-firstpass,UghInput,Touch,0x06000431,0x000425b0,44,
1,RECUPERADO-AOT,Framework UI propio (Ugh),Assembly-CSharp-firstpass,UghInput,TouchBeginEvent,0x06000432,0x000425dc,724,
1,RECUPERADO-AOT,Framework UI propio (Ugh),Assembly-CSharp-firstpass,UghInput,TouchCanceledEvent,0x06000434,0x00042a50,252,
1,RECUPERADO-AOT,Framework UI propio (Ugh),Assembly-CSharp-firstpass,UghInput,TouchEndedEvent,0x06000435,0x00042b4c,1280,
1,RECUPERADO-AOT,Framework UI propio (Ugh),Assembly-CSharp-firstpass,UghInput,TouchPersistEvent,0x06000433,0x000428b0,416,
1,RECUPERADO-AOT,Framework UI propio (Ugh),Assembly-CSharp-firstpass,UghInput,get_InputPosition,0x0600042d,0x00042388,176,
1,RECUPERADO-AOT,Framework UI propio (Ugh),Assembly-CSharp-firstpass,UghInput,get_InputPositionInWorldSpace,0x0600042e,0x00042438,144,
1,RECUPERADO-AOT,Framework UI propio (Ugh),Assembly-CSharp-firstpass,UghInput,get_Instance,0x0600042b,0x00042158,516,
1,RECUPERADO-AOT,Framework UI propio (Ugh),Assembly-CSharp-firstpass,UghInput,get_IsInputDown,0x0600042f,0x000424c8,88,
1,RECUPERADO-AOT,Framework UI propio (Ugh),Assembly-CSharp-firstpass,UghInput,get_UseTouchInput,0x0600042c,0x0004235c,44,
1,RECUPERADO-AOT,Framework UI propio (Ugh),Assembly-CSharp-firstpass,UghPublisher,.ctor,0x0600043a,0x0004351c,52,
1,RECUPERADO-AOT,Framework UI propio (Ugh),Assembly-CSharp-firstpass,UghPublisher,Awake,0x06000442,0x000436d0,332,
1,RECUPERADO-AOT,Framework UI propio (Ugh),Assembly-CSharp-firstpass,UghPublisher,GetButton,0x0600043f,0x00043620,72,
1,RECUPERADO-AOT,Framework UI propio (Ugh),Assembly-CSharp-firstpass,UghPublisher,GetSprite,0x06000444,0x000438d4,236,
1,RECUPERADO-AOT,Framework UI propio (Ugh),Assembly-CSharp-firstpass,UghPublisher,OnButtonPressed,0x06000443,0x0004381c,184,
1,RECUPERADO-AOT,Framework UI propio (Ugh),Assembly-CSharp-firstpass,UghPublisher,get_ledScrollers,0x0600043d,0x000435b8,52,
1,RECUPERADO-AOT,Framework UI propio (Ugh),Assembly-CSharp-firstpass,UghPublisher,get_transforms,0x0600043b,0x00043550,52,
1,RECUPERADO-AOT,Framework UI propio (Ugh),Assembly-CSharp-firstpass,UghPublisher,get_ughButtons,0x0600043e,0x000435ec,52,
1,RECUPERADO-AOT,Framework UI propio (Ugh),Assembly-CSharp-firstpass,UghPublisher,get_ughSlideToggles,0x06000440,0x00043668,52,
1,RECUPERADO-AOT,Framework UI propio (Ugh),Assembly-CSharp-firstpass,UghPublisher,get_ughSliders,0x06000441,0x0004369c,52,
1,RECUPERADO-AOT,Framework UI propio (Ugh),Assembly-CSharp-firstpass,UghPublisher,get_ughTexts,0x0600043c,0x00043584,52,
1,RECUPERADO-AOT,Framework UI propio (Ugh),Assembly-CSharp-firstpass,UghPublisher/<GetSprite>c__AnonStorey2A,.ctor,0x06000610,0x0005e894,44,
1,RECUPERADO-AOT,Framework UI propio (Ugh),Assembly-CSharp-firstpass,UghPublisher/<GetSprite>c__AnonStorey2A,<>m__8,0x06000611,0x0005e8c0,84,
1,RECUPERADO-AOT,Framework UI propio (Ugh),Assembly-CSharp-firstpass,UghPublisher/LEDScrollerReference,.ctor,0x0600044d,0x00043d24,44,
1,RECUPERADO-AOT,Framework UI propio (Ugh),Assembly-CSharp-firstpass,UghPublisher/LEDScrollersDictionary,.ctor,0x0600044b,0x00043c20,188,
1,RECUPERADO-AOT,Framework UI propio (Ugh),Assembly-CSharp-firstpass,UghPublisher/LEDScrollersDictionary,get_Item,0x0600044c,0x00043cdc,72,
1,RECUPERADO-AOT,Framework UI propio (Ugh),Assembly-CSharp-firstpass,UghPublisher/TransformReference,.ctor,0x06000447,0x00043ac4,44,
1,RECUPERADO-AOT,Framework UI propio (Ugh),Assembly-CSharp-firstpass,UghPublisher/TransformsDictionary,.ctor,0x06000445,0x000439c0,188,
1,RECUPERADO-AOT,Framework UI propio (Ugh),Assembly-CSharp-firstpass,UghPublisher/TransformsDictionary,get_Item,0x06000446,0x00043a7c,72,
1,RECUPERADO-AOT,Framework UI propio (Ugh),Assembly-CSharp-firstpass,UghPublisher/UghButtonReference,.ctor,0x06000450,0x00043e54,44,
1,RECUPERADO-AOT,Framework UI propio (Ugh),Assembly-CSharp-firstpass,UghPublisher/UghButtonsDictionary,.ctor,0x0600044e,0x00043d50,188,
1,RECUPERADO-AOT,Framework UI propio (Ugh),Assembly-CSharp-firstpass,UghPublisher/UghButtonsDictionary,get_Item,0x0600044f,0x00043e0c,72,
1,RECUPERADO-AOT,Framework UI propio (Ugh),Assembly-CSharp-firstpass,UghPublisher/UghSlideToggleDictionary,.ctor,0x06000451,0x00043e80,188,
1,RECUPERADO-AOT,Framework UI propio (Ugh),Assembly-CSharp-firstpass,UghPublisher/UghSlideToggleDictionary,get_Item,0x06000452,0x00043f3c,72,
1,RECUPERADO-AOT,Framework UI propio (Ugh),Assembly-CSharp-firstpass,UghPublisher/UghSlideToggleReference,.ctor,0x06000453,0x00043f84,44,
1,RECUPERADO-AOT,Framework UI propio (Ugh),Assembly-CSharp-firstpass,UghPublisher/UghSliderDictionary,.ctor,0x06000454,0x00043fb0,188,
1,RECUPERADO-AOT,Framework UI propio (Ugh),Assembly-CSharp-firstpass,UghPublisher/UghSliderDictionary,get_Item,0x06000455,0x0004406c,72,
1,RECUPERADO-AOT,Framework UI propio (Ugh),Assembly-CSharp-firstpass,UghPublisher/UghSliderReference,.ctor,0x06000456,0x000440b4,44,
1,RECUPERADO-AOT,Framework UI propio (Ugh),Assembly-CSharp-firstpass,UghPublisher/UghTextReference,.ctor,0x0600044a,0x00043bf4,44,
1,RECUPERADO-AOT,Framework UI propio (Ugh),Assembly-CSharp-firstpass,UghPublisher/UghTextsDictionary,.ctor,0x06000448,0x00043af0,188,
1,RECUPERADO-AOT,Framework UI propio (Ugh),Assembly-CSharp-firstpass,UghPublisher/UghTextsDictionary,get_Item,0x06000449,0x00043bac,72,
1,RECUPERADO-AOT,Framework UI propio (Ugh),Assembly-CSharp-firstpass,UghSlideToggle,.ctor,0x060003be,0x0003cdc8,76,
1,RECUPERADO-AOT,Framework UI propio (Ugh),Assembly-CSharp-firstpass,UghSlideToggle,AutoSizeCollider,0x060003c1,0x0003cee8,44,
1,RECUPERADO-AOT,Framework UI propio (Ugh),Assembly-CSharp-firstpass,UghSlideToggle,Awake,0x060003c3,0x0003cf98,84,
1,RECUPERADO-AOT,Framework UI propio (Ugh),Assembly-CSharp-firstpass,UghSlideToggle,LocalPositionForInput,0x060003c4,0x0003cfec,488,
1,RECUPERADO-AOT,Framework UI propio (Ugh),Assembly-CSharp-firstpass,UghSlideToggle,OnUghInputDown,0x060003c6,0x0003d220,72,
1,RECUPERADO-AOT,Framework UI propio (Ugh),Assembly-CSharp-firstpass,UghSlideToggle,OnUghInputUp,0x060003c7,0x0003d268,56,
1,RECUPERADO-AOT,Framework UI propio (Ugh),Assembly-CSharp-firstpass,UghSlideToggle,OnUghInputUpAsButton,0x060003c8,0x0003d2a0,56,
1,RECUPERADO-AOT,Framework UI propio (Ugh),Assembly-CSharp-firstpass,UghSlideToggle,SendOnChanged,0x060003c5,0x0003d1d4,76,
1,RECUPERADO-AOT,Framework UI propio (Ugh),Assembly-CSharp-firstpass,UghSlideToggle,Update,0x060003ca,0x0003de50,64,
1,RECUPERADO-AOT,Framework UI propio (Ugh),Assembly-CSharp-firstpass,UghSlideToggle,UpdateMeshWithSpritePrototype,0x060003c9,0x0003d2d8,2936,
1,RECUPERADO-AOT,Framework UI propio (Ugh),Assembly-CSharp-firstpass,UghSlideToggle,UpdateRealDeltaTime,0x060003c2,0x0003cf14,132,
1,RECUPERADO-AOT,Framework UI propio (Ugh),Assembly-CSharp-firstpass,UghSlideToggle,get_State,0x060003bf,0x0003ce14,52,
1,RECUPERADO-AOT,Framework UI propio (Ugh),Assembly-CSharp-firstpass,UghSlideToggle,set_State,0x060003c0,0x0003ce48,160,
1,RECUPERADO-AOT,Framework UI propio (Ugh),Assembly-CSharp-firstpass,UghSlideToggle/<OnUghInputDown>c__Iterator23,.ctor,0x060005e5,0x0005cb54,44,
1,RECUPERADO-AOT,Framework UI propio (Ugh),Assembly-CSharp-firstpass,UghSlideToggle/<OnUghInputDown>c__Iterator23,Dispose,0x060005e9,0x0005d588,56,
1,RECUPERADO-AOT,Framework UI propio (Ugh),Assembly-CSharp-firstpass,UghSlideToggle/<OnUghInputDown>c__Iterator23,MoveNext,0x060005e8,0x0005cbe8,2464,
1,RECUPERADO-AOT,Framework UI propio (Ugh),Assembly-CSharp-firstpass,UghSlideToggle/<OnUghInputDown>c__Iterator23,Reset,0x060005ea,0x0005d5c0,64,
1,RECUPERADO-AOT,Framework UI propio (Ugh),Assembly-CSharp-firstpass,UghSlideToggle/<OnUghInputDown>c__Iterator23,System.Collections.Generic.IEnumerator<object>.get_Current,0x060005e6,0x0005cb80,52,
1,RECUPERADO-AOT,Framework UI propio (Ugh),Assembly-CSharp-firstpass,UghSlideToggle/<OnUghInputDown>c__Iterator23,System.Collections.IEnumerator.get_Current,0x060005e7,0x0005cbb4,52,
1,RECUPERADO-AOT,Framework UI propio (Ugh),Assembly-CSharp-firstpass,UghSlider,.ctor,0x060003cb,0x0003de90,76,
1,RECUPERADO-AOT,Framework UI propio (Ugh),Assembly-CSharp-firstpass,UghSlider,Awake,0x060003d0,0x0003e074,104,
1,RECUPERADO-AOT,Framework UI propio (Ugh),Assembly-CSharp-firstpass,UghSlider,LocalPositionForInput,0x060003d1,0x0003e0dc,488,
1,RECUPERADO-AOT,Framework UI propio (Ugh),Assembly-CSharp-firstpass,UghSlider,OnUghInputDown,0x060003d2,0x0003e2c4,72,
1,RECUPERADO-AOT,Framework UI propio (Ugh),Assembly-CSharp-firstpass,UghSlider,OnUghInputUp,0x060003d3,0x0003e30c,64,
1,RECUPERADO-AOT,Framework UI propio (Ugh),Assembly-CSharp-firstpass,UghSlider,OnUghInputUpAsButton,0x060003d4,0x0003e34c,64,
1,RECUPERADO-AOT,Framework UI propio (Ugh),Assembly-CSharp-firstpass,UghSlider,UpdatePosition,0x060003d5,0x0003e38c,484,
1,RECUPERADO-AOT,Framework UI propio (Ugh),Assembly-CSharp-firstpass,UghSlider,get_Current,0x060003cc,0x0003dedc,100,
1,RECUPERADO-AOT,Framework UI propio (Ugh),Assembly-CSharp-firstpass,UghSlider,get_CurrentNormalized,0x060003ce,0x0003dfb4,64,
1,RECUPERADO-AOT,Framework UI propio (Ugh),Assembly-CSharp-firstpass,UghSlider,set_Current,0x060003cd,0x0003df40,116,
1,RECUPERADO-AOT,Framework UI propio (Ugh),Assembly-CSharp-firstpass,UghSlider,set_CurrentNormalized,0x060003cf,0x0003dff4,128,
1,RECUPERADO-AOT,Framework UI propio (Ugh),Assembly-CSharp-firstpass,UghSlider/<OnUghInputDown>c__Iterator24,.ctor,0x060005eb,0x0005d600,44,
1,RECUPERADO-AOT,Framework UI propio (Ugh),Assembly-CSharp-firstpass,UghSlider/<OnUghInputDown>c__Iterator24,Dispose,0x060005ef,0x0005d934,56,
1,RECUPERADO-AOT,Framework UI propio (Ugh),Assembly-CSharp-firstpass,UghSlider/<OnUghInputDown>c__Iterator24,MoveNext,0x060005ee,0x0005d694,672,
1,RECUPERADO-AOT,Framework UI propio (Ugh),Assembly-CSharp-firstpass,UghSlider/<OnUghInputDown>c__Iterator24,Reset,0x060005f0,0x0005d96c,64,
1,RECUPERADO-AOT,Framework UI propio (Ugh),Assembly-CSharp-firstpass,UghSlider/<OnUghInputDown>c__Iterator24,System.Collections.Generic.IEnumerator<object>.get_Current,0x060005ec,0x0005d62c,52,
1,RECUPERADO-AOT,Framework UI propio (Ugh),Assembly-CSharp-firstpass,UghSlider/<OnUghInputDown>c__Iterator24,System.Collections.IEnumerator.get_Current,0x060005ed,0x0005d660,52,
1,RECUPERADO-AOT,Framework UI propio (Ugh),Assembly-CSharp-firstpass,UghSprite,.ctor,0x06000457,0x000440e0,60,
1,RECUPERADO-AOT,Framework UI propio (Ugh),Assembly-CSharp-firstpass,UghSprite,AnchorToTextAnchor,0x06000462,0x000493f8,176,
1,RECUPERADO-AOT,Framework UI propio (Ugh),Assembly-CSharp-firstpass,UghSprite,GetLocalCenter,0x0600045b,0x0004422c,372,
1,RECUPERADO-AOT,Framework UI propio (Ugh),Assembly-CSharp-firstpass,UghSprite,GetLocalOrigin,0x0600045c,0x000443a0,184,
1,RECUPERADO-AOT,Framework UI propio (Ugh),Assembly-CSharp-firstpass,UghSprite,GetOffsetForAnchor,0x06000464,0x00049558,1564,
1,RECUPERADO-AOT,Framework UI propio (Ugh),Assembly-CSharp-firstpass,UghSprite,GetParentPublisher,0x06000469,0x0004a2f8,160,
1,RECUPERADO-AOT,Framework UI propio (Ugh),Assembly-CSharp-firstpass,UghSprite,GetUVArray,0x06000465,0x00049b74,1540,
1,RECUPERADO-AOT,Framework UI propio (Ugh),Assembly-CSharp-firstpass,UghSprite,MeshColumnCount,0x06000467,0x0004a214,156,
1,RECUPERADO-AOT,Framework UI propio (Ugh),Assembly-CSharp-firstpass,UghSprite,MeshRowCount,0x06000466,0x0004a178,156,
1,RECUPERADO-AOT,Framework UI propio (Ugh),Assembly-CSharp-firstpass,UghSprite,MeshVertexCount,0x06000468,0x0004a2b0,72,
1,RECUPERADO-AOT,Framework UI propio (Ugh),Assembly-CSharp-firstpass,UghSprite,OnDisable,0x0600045e,0x000444a8,184,
1,RECUPERADO-AOT,Framework UI propio (Ugh),Assembly-CSharp-firstpass,UghSprite,OnDrawGizmos,0x0600045f,0x00044560,116,
1,RECUPERADO-AOT,Framework UI propio (Ugh),Assembly-CSharp-firstpass,UghSprite,OnEnable,0x0600045d,0x00044458,80,
1,RECUPERADO-AOT,Framework UI propio (Ugh),Assembly-CSharp-firstpass,UghSprite,TextAnchorToAnchor,0x06000463,0x000494a8,176,
1,RECUPERADO-AOT,Framework UI propio (Ugh),Assembly-CSharp-firstpass,UghSprite,UpdateMesh,0x06000460,0x000445d4,116,
1,RECUPERADO-AOT,Framework UI propio (Ugh),Assembly-CSharp-firstpass,UghSprite,UpdateMeshWithSpritePrototype,0x06000461,0x00044648,19888,
1,RECUPERADO-AOT,Framework UI propio (Ugh),Assembly-CSharp-firstpass,UghSprite,get_Offset,0x06000458,0x0004411c,108,
1,RECUPERADO-AOT,Framework UI propio (Ugh),Assembly-CSharp-firstpass,UghSprite,get_Prototype,0x06000459,0x00044188,52,
1,RECUPERADO-AOT,Framework UI propio (Ugh),Assembly-CSharp-firstpass,UghSprite,set_Prototype,0x0600045a,0x000441bc,112,
1,RECUPERADO-AOT,Framework UI propio (Ugh),Assembly-CSharp-firstpass,UghSpritePrototype,.ctor,0x0600046e,0x0004a4dc,316,
1,RECUPERADO-AOT,Framework UI propio (Ugh),Assembly-CSharp-firstpass,UghSpritePrototype,CreateSprite,0x0600046f,0x0004a618,380,
1,RECUPERADO-AOT,Framework UI propio (Ugh),Assembly-CSharp-firstpass,UghSpritePrototype,OnEnable,0x06000470,0x0004a794,52,
1,RECUPERADO-AOT,Framework UI propio (Ugh),Assembly-CSharp-firstpass,UghSpritePrototype,UpdatePrototype,0x06000471,0x0004a7c8,1220,
1,RECUPERADO-AOT,Framework UI propio (Ugh),Assembly-CSharp-firstpass,UghStretch,.ctor,0x06000472,0x0004ac8c,60,
1,RECUPERADO-AOT,Framework UI propio (Ugh),Assembly-CSharp-firstpass,UghStretch,Align,0x0600047a,0x0004af4c,2096,
1,RECUPERADO-AOT,Framework UI propio (Ugh),Assembly-CSharp-firstpass,UghStretch,DoSignalDirtyAlign,0x06000477,0x0004ae78,108,
1,RECUPERADO-AOT,Framework UI propio (Ugh),Assembly-CSharp-firstpass,UghStretch,OnDrawGizmos,0x06000478,0x0004aee4,52,
1,RECUPERADO-AOT,Framework UI propio (Ugh),Assembly-CSharp-firstpass,UghStretch,Start,0x06000479,0x0004af18,52,
1,RECUPERADO-AOT,Framework UI propio (Ugh),Assembly-CSharp-firstpass,UghStretch,Update,0x0600047b,0x0004b77c,68,
1,RECUPERADO-AOT,Framework UI propio (Ugh),Assembly-CSharp-firstpass,UghStretch,add_HandleMPDirtyAlign,0x06000473,0x0004acc8,160,
1,RECUPERADO-AOT,Framework UI propio (Ugh),Assembly-CSharp-firstpass,UghStretch,get_IsDirty,0x06000475,0x0004ae08,52,
1,RECUPERADO-AOT,Framework UI propio (Ugh),Assembly-CSharp-firstpass,UghStretch,remove_HandleMPDirtyAlign,0x06000474,0x0004ad68,160,
1,RECUPERADO-AOT,Framework UI propio (Ugh),Assembly-CSharp-firstpass,UghStretch,set_IsDirty,0x06000476,0x0004ae3c,60,
1,RECUPERADO-AOT,Framework UI propio (Ugh),Assembly-CSharp-firstpass,UghText,.ctor,0x0600047c,0x0004b7c0,244,
1,RECUPERADO-AOT,Framework UI propio (Ugh),Assembly-CSharp-firstpass,UghText,AutoInheritText,0x06000480,0x0004b970,44,
1,RECUPERADO-AOT,Framework UI propio (Ugh),Assembly-CSharp-firstpass,UghText,ForceUpdate,0x06000482,0x0004b9dc,144,
1,RECUPERADO-AOT,Framework UI propio (Ugh),Assembly-CSharp-firstpass,UghText,GetParentPublisher,0x06000485,0x0004c5c0,160,
1,RECUPERADO-AOT,Framework UI propio (Ugh),Assembly-CSharp-firstpass,UghText,OnDrawGizmos,0x06000481,0x0004b99c,64,
1,RECUPERADO-AOT,Framework UI propio (Ugh),Assembly-CSharp-firstpass,UghText,SetTextMeshAndWordWrap,0x06000484,0x0004bdf4,1996,
1,RECUPERADO-AOT,Framework UI propio (Ugh),Assembly-CSharp-firstpass,UghText,Start,0x0600047f,0x0004b93c,52,
1,RECUPERADO-AOT,Framework UI propio (Ugh),Assembly-CSharp-firstpass,UghText,UpdateDropShadow,0x06000483,0x0004ba6c,904,
1,RECUPERADO-AOT,Framework UI propio (Ugh),Assembly-CSharp-firstpass,UghText,get_Text,0x0600047d,0x0004b8b4,68,
1,RECUPERADO-AOT,Framework UI propio (Ugh),Assembly-CSharp-firstpass,UghText,set_Text,0x0600047e,0x0004b8f8,68,
1,RECUPERADO-AOT,Framework UI propio (Ugh),Assembly-CSharp-firstpass,UghToggle,.ctor,0x060003d6,0x0003e570,52,
1,RECUPERADO-AOT,Framework UI propio (Ugh),Assembly-CSharp-firstpass,UghToggle,GetUghSpritePrototypeForCurrentState,0x060003de,0x0003e7e4,108,
1,RECUPERADO-AOT,Framework UI propio (Ugh),Assembly-CSharp-firstpass,UghToggle,OnMouseExit,0x060003e1,0x0003e8e4,100,
1,RECUPERADO-AOT,Framework UI propio (Ugh),Assembly-CSharp-firstpass,UghToggle,OnUghInputDown,0x060003db,0x0003e694,72,
1,RECUPERADO-AOT,Framework UI propio (Ugh),Assembly-CSharp-firstpass,UghToggle,OnUghInputUp,0x060003dc,0x0003e6dc,116,
1,RECUPERADO-AOT,Framework UI propio (Ugh),Assembly-CSharp-firstpass,UghToggle,OnUghInputUpAsButton,0x060003dd,0x0003e750,148,
1,RECUPERADO-AOT,Framework UI propio (Ugh),Assembly-CSharp-firstpass,UghToggle,SendOnChanged,0x060003e0,0x0003e898,76,
1,RECUPERADO-AOT,Framework UI propio (Ugh),Assembly-CSharp-firstpass,UghToggle,UpdateMeshForCurrentState,0x060003df,0x0003e850,72,
1,RECUPERADO-AOT,Framework UI propio (Ugh),Assembly-CSharp-firstpass,UghToggle,get_HighlightState,0x060003d9,0x0003e620,52,
1,RECUPERADO-AOT,Framework UI propio (Ugh),Assembly-CSharp-firstpass,UghToggle,get_State,0x060003d7,0x0003e5a4,52,
1,RECUPERADO-AOT,Framework UI propio (Ugh),Assembly-CSharp-firstpass,UghToggle,set_HighlightState,0x060003da,0x0003e654,64,
1,RECUPERADO-AOT,Framework UI propio (Ugh),Assembly-CSharp-firstpass,UghToggle,set_State,0x060003d8,0x0003e5d8,72,
1,RECUPERADO-AOT,Framework UI propio (Ugh),Assembly-CSharp-firstpass,UghToggle/<OnUghInputDown>c__Iterator25,.ctor,0x060005f1,0x0005d9ac,44,
1,RECUPERADO-AOT,Framework UI propio (Ugh),Assembly-CSharp-firstpass,UghToggle/<OnUghInputDown>c__Iterator25,Dispose,0x060005f5,0x0005dae0,56,
1,RECUPERADO-AOT,Framework UI propio (Ugh),Assembly-CSharp-firstpass,UghToggle/<OnUghInputDown>c__Iterator25,MoveNext,0x060005f4,0x0005da40,160,
1,RECUPERADO-AOT,Framework UI propio (Ugh),Assembly-CSharp-firstpass,UghToggle/<OnUghInputDown>c__Iterator25,Reset,0x060005f6,0x0005db18,64,
1,RECUPERADO-AOT,Framework UI propio (Ugh),Assembly-CSharp-firstpass,UghToggle/<OnUghInputDown>c__Iterator25,System.Collections.Generic.IEnumerator<object>.get_Current,0x060005f2,0x0005d9d8,52,
1,RECUPERADO-AOT,Framework UI propio (Ugh),Assembly-CSharp-firstpass,UghToggle/<OnUghInputDown>c__Iterator25,System.Collections.IEnumerator.get_Current,0x060005f3,0x0005da0c,52,
1,RECUPERADO-AOT,Framework UI propio (Ugh),Assembly-CSharp-firstpass,UghTriangle,.ctor,0x06000486,0x0004c660,512,
1,RECUPERADO-AOT,Framework UI propio (Ugh),Assembly-CSharp-firstpass,UghTriangle,.ctor,0x06000487,0x0004c860,140,
1,RECUPERADO-AOT,Framework UI propio (Ugh),Assembly-CSharp-firstpass,UghTriangle,AddToMeshList,0x06000488,0x0004c8ec,648,
1,RECUPERADO-AOT,Framework UI propio (Ugh),Assembly-CSharp-firstpass,UghTriangle,MakeQuad,0x06000489,0x0004cb74,1032,
1,RECUPERADO-AOT,Guardado local y datos globales,Assembly-CSharp,CloudSaveData,.ctor,0x06000255,0x000e62b0,112,
1,RECUPERADO-AOT,Guardado local y datos globales,Assembly-CSharp,CloudSaveData,get_CurrentCloudSaveDataVersion,0x06000256,0x000e6320,40,
1,RECUPERADO-AOT,Guardado local y datos globales,Assembly-CSharp,DataUtility,.cctor,0x06000258,0x000e6414,36,
1,RECUPERADO-AOT,Guardado local y datos globales,Assembly-CSharp,DataUtility,AddPlayerMoney,0x0600026c,0x000e7e7c,96,
1,RECUPERADO-AOT,Guardado local y datos globales,Assembly-CSharp,DataUtility,AddPlayerMoney,0x0600026d,0x000e7edc,128,
1,RECUPERADO-AOT,Guardado local y datos globales,Assembly-CSharp,DataUtility,AddSnapshot,0x06000277,0x000e8670,152,
1,RECUPERADO-AOT,Guardado local y datos globales,Assembly-CSharp,DataUtility,Awake,0x0600025b,0x000e6578,88,
1,RECUPERADO-AOT,Guardado local y datos globales,Assembly-CSharp,DataUtility,BuyItem,0x0600026b,0x000e7d90,236,
1,RECUPERADO-AOT,Guardado local y datos globales,Assembly-CSharp,DataUtility,CleanupAllSnapShots,0x0600027a,0x000e89d8,656,
1,RECUPERADO-AOT,Guardado local y datos globales,Assembly-CSharp,DataUtility,CleanupSnapShots,0x06000279,0x000e87b0,552,
1,RECUPERADO-AOT,Guardado local y datos globales,Assembly-CSharp,DataUtility,DoActualPurchase,0x06000261,0x000e6708,140,
1,RECUPERADO-AOT,Guardado local y datos globales,Assembly-CSharp,DataUtility,GetSnapshot,0x06000278,0x000e8708,168,
1,RECUPERADO-AOT,Guardado local y datos globales,Assembly-CSharp,DataUtility,IsCurrentPaint,0x06000268,0x000e6c74,280,
1,RECUPERADO-AOT,Guardado local y datos globales,Assembly-CSharp,DataUtility,IsUnlocked,0x06000262,0x000e6794,144,
1,RECUPERADO-AOT,Guardado local y datos globales,Assembly-CSharp,DataUtility,Load,0x06000269,0x000e6d8c,2752,
1,RECUPERADO-AOT,Guardado local y datos globales,Assembly-CSharp,DataUtility,OnApplicationPause,0x0600027e,0x000e9388,124,
1,RECUPERADO-AOT,Guardado local y datos globales,Assembly-CSharp,DataUtility,OnApplicationQuit,0x0600027f,0x000e9404,72,
1,RECUPERADO-AOT,Guardado local y datos globales,Assembly-CSharp,DataUtility,OnDisable,0x0600027d,0x000e903c,844,
1,RECUPERADO-AOT,Guardado local y datos globales,Assembly-CSharp,DataUtility,OnEnable,0x0600027c,0x000e8d08,820,
1,RECUPERADO-AOT,Guardado local y datos globales,Assembly-CSharp,DataUtility,PrependBundlePath,0x06000281,0x000e94ac,220,
1,RECUPERADO-AOT,Guardado local y datos globales,Assembly-CSharp,DataUtility,Relock,0x06000265,0x000e6934,152,
1,RECUPERADO-AOT,Guardado local y datos globales,Assembly-CSharp,DataUtility,Save,0x0600026a,0x000e784c,1348,
1,RECUPERADO-AOT,Guardado local y datos globales,Assembly-CSharp,DataUtility,SetCartPaint,0x06000267,0x000e6b20,340,
1,RECUPERADO-AOT,Guardado local y datos globales,Assembly-CSharp,DataUtility,SetCartPart,0x06000266,0x000e69cc,340,
1,RECUPERADO-AOT,Guardado local y datos globales,Assembly-CSharp,DataUtility,Start,0x0600027b,0x000e8c68,160,
1,RECUPERADO-AOT,Guardado local y datos globales,Assembly-CSharp,DataUtility,Unlock,0x06000264,0x000e685c,216,
1,RECUPERADO-AOT,Guardado local y datos globales,Assembly-CSharp,DataUtility,get_CurSettings,0x0600025f,0x000e6678,52,
1,RECUPERADO-AOT,Guardado local y datos globales,Assembly-CSharp,DataUtility,get_Exists,0x0600025a,0x000e6538,64,
1,RECUPERADO-AOT,Guardado local y datos globales,Assembly-CSharp,DataUtility,get_Instance,0x06000259,0x000e6438,256,
1,RECUPERADO-AOT,Guardado local y datos globales,Assembly-CSharp,DataUtility,get_PopupDone,0x0600025d,0x000e6608,52,
1,RECUPERADO-AOT,Guardado local y datos globales,Assembly-CSharp,DataUtility,get_playerCoins,0x0600025c,0x000e65d0,56,
1,RECUPERADO-AOT,Guardado local y datos globales,Assembly-CSharp,DataUtility,set_CurSettings,0x06000260,0x000e66ac,92,
1,RECUPERADO-AOT,Guardado local y datos globales,Assembly-CSharp,DataUtility,set_PopupDone,0x0600025e,0x000e663c,60,
1,RECUPERADO-AOT,Guardado local y datos globales,Assembly-CSharp-firstpass,ExternalPersistentArchive,.cctor,0x060000f2,0x00014ef4,120,
1,RECUPERADO-AOT,Guardado local y datos globales,Assembly-CSharp-firstpass,ExternalPersistentArchive,.ctor,0x060000f1,0x00014e98,92,
1,RECUPERADO-AOT,Guardado local y datos globales,Assembly-CSharp-firstpass,ExternalPersistentArchive,Decode,0x060000f7,0x000152e8,632,
1,RECUPERADO-AOT,Guardado local y datos globales,Assembly-CSharp-firstpass,ExternalPersistentArchive,DecryptLocal,0x060000fa,0x00015600,360,
1,RECUPERADO-AOT,Guardado local y datos globales,Assembly-CSharp-firstpass,ExternalPersistentArchive,Encode,0x060000f6,0x000150b8,560,
1,RECUPERADO-AOT,Guardado local y datos globales,Assembly-CSharp-firstpass,ExternalPersistentArchive,ExternalPersistanceCoroutine,0x060000f9,0x000155b8,72,
1,RECUPERADO-AOT,Guardado local y datos globales,Assembly-CSharp-firstpass,ExternalPersistentArchive,LoadFromWebCoroutine,0x060000f8,0x00015560,88,
1,RECUPERADO-AOT,Guardado local y datos globales,Assembly-CSharp-firstpass,ExternalPersistentArchive,Serialize,0x060000f5,0x00014fe0,216,
1,RECUPERADO-AOT,Guardado local y datos globales,Assembly-CSharp-firstpass,ExternalPersistentArchive,Start,0x060000fb,0x00015768,88,
1,RECUPERADO-AOT,Guardado local y datos globales,Assembly-CSharp-firstpass,ExternalPersistentArchive,get_TextData,0x060000f3,0x00014f6c,52,
1,RECUPERADO-AOT,Guardado local y datos globales,Assembly-CSharp-firstpass,ExternalPersistentArchive,set_TextData,0x060000f4,0x00014fa0,64,
1,RECUPERADO-AOT,Guardado local y datos globales,Assembly-CSharp-firstpass,ExternalPersistentArchive/<ExternalPersistanceCoroutine>c__Iterator6,.ctor,0x06000537,0x000519c8,44,
1,RECUPERADO-AOT,Guardado local y datos globales,Assembly-CSharp-firstpass,ExternalPersistentArchive/<ExternalPersistanceCoroutine>c__Iterator6,Dispose,0x0600053b,0x00051d1c,56,
1,RECUPERADO-AOT,Guardado local y datos globales,Assembly-CSharp-firstpass,ExternalPersistentArchive/<ExternalPersistanceCoroutine>c__Iterator6,MoveNext,0x0600053a,0x00051a5c,704,
1,RECUPERADO-AOT,Guardado local y datos globales,Assembly-CSharp-firstpass,ExternalPersistentArchive/<ExternalPersistanceCoroutine>c__Iterator6,Reset,0x0600053c,0x00051d54,64,
1,RECUPERADO-AOT,Guardado local y datos globales,Assembly-CSharp-firstpass,ExternalPersistentArchive/<ExternalPersistanceCoroutine>c__Iterator6,System.Collections.Generic.IEnumerator<object>.get_Current,0x06000538,0x000519f4,52,
1,RECUPERADO-AOT,Guardado local y datos globales,Assembly-CSharp-firstpass,ExternalPersistentArchive/<ExternalPersistanceCoroutine>c__Iterator6,System.Collections.IEnumerator.get_Current,0x06000539,0x00051a28,52,
1,RECUPERADO-AOT,Guardado local y datos globales,Assembly-CSharp-firstpass,ExternalPersistentArchive/<LoadFromWebCoroutine>c__Iterator5,.ctor,0x06000531,0x000516c8,44,
1,RECUPERADO-AOT,Guardado local y datos globales,Assembly-CSharp-firstpass,ExternalPersistentArchive/<LoadFromWebCoroutine>c__Iterator5,Dispose,0x06000535,0x00051950,56,
1,RECUPERADO-AOT,Guardado local y datos globales,Assembly-CSharp-firstpass,ExternalPersistentArchive/<LoadFromWebCoroutine>c__Iterator5,MoveNext,0x06000534,0x0005175c,500,
1,RECUPERADO-AOT,Guardado local y datos globales,Assembly-CSharp-firstpass,ExternalPersistentArchive/<LoadFromWebCoroutine>c__Iterator5,Reset,0x06000536,0x00051988,64,
1,RECUPERADO-AOT,Guardado local y datos globales,Assembly-CSharp-firstpass,ExternalPersistentArchive/<LoadFromWebCoroutine>c__Iterator5,System.Collections.Generic.IEnumerator<object>.get_Current,0x06000532,0x000516f4,52,
1,RECUPERADO-AOT,Guardado local y datos globales,Assembly-CSharp-firstpass,ExternalPersistentArchive/<LoadFromWebCoroutine>c__Iterator5,System.Collections.IEnumerator.get_Current,0x06000533,0x00051728,52,
1,RECUPERADO-AOT,Guardado local y datos globales,Assembly-CSharp,LocalOptionsData,.ctor,0x06000252,0x000e604c,120,
1,RECUPERADO-AOT,Guardado local y datos globales,Assembly-CSharp,LocalOptionsData,Load,0x06000254,0x000e6190,288,
1,RECUPERADO-AOT,Guardado local y datos globales,Assembly-CSharp,LocalOptionsData,Save,0x06000253,0x000e60c4,204,
1,RECUPERADO-AOT,Localización,Assembly-CSharp-firstpass,LanguageAsset,.ctor,0x06000226,0x0002aea8,96,
1,RECUPERADO-AOT,Localización,Assembly-CSharp-firstpass,Localize,.cctor,0x06000228,0x0002af50,36,
1,RECUPERADO-AOT,Localización,Assembly-CSharp-firstpass,Localize,.ctor,0x06000227,0x0002af08,72,
1,RECUPERADO-AOT,Localización,Assembly-CSharp-firstpass,Localize,<Awake>m__4,0x06000235,0x0002be84,80,
1,RECUPERADO-AOT,Localización,Assembly-CSharp-firstpass,Localize,Awake,0x06000229,0x0002af74,316,
1,RECUPERADO-AOT,Localización,Assembly-CSharp-firstpass,Localize,Get,0x06000231,0x0002b674,580,
1,RECUPERADO-AOT,Localización,Assembly-CSharp-firstpass,Localize,GetBaseURL,0x06000233,0x0002bcc4,140,
1,RECUPERADO-AOT,Localización,Assembly-CSharp-firstpass,Localize,GetDynamicKeys,0x06000232,0x0002b8b8,1036,
1,RECUPERADO-AOT,Localización,Assembly-CSharp-firstpass,Localize,GetURL,0x06000234,0x0002bd50,308,
1,RECUPERADO-AOT,Localización,Assembly-CSharp-firstpass,Localize,LoadDefaultLanguage,0x0600022b,0x0002b0f8,140,
1,RECUPERADO-AOT,Localización,Assembly-CSharp-firstpass,Localize,LoadKeys,0x06000230,0x0002b4fc,376,
1,RECUPERADO-AOT,Localización,Assembly-CSharp-firstpass,Localize,LoadLanguage,0x0600022f,0x0002b348,436,
1,RECUPERADO-AOT,Localización,Assembly-CSharp-firstpass,Localize,LoadLanguageAsset,0x0600022c,0x0002b184,288,
1,RECUPERADO-AOT,Localización,Assembly-CSharp-firstpass,Localize,UseLocalizedLanguage,0x0600022d,0x0002b2a4,76,
1,RECUPERADO-AOT,Localización,Assembly-CSharp-firstpass,Localize,UseLocalizedLanguageHelper,0x0600022e,0x0002b2f0,88,
1,RECUPERADO-AOT,Localización,Assembly-CSharp-firstpass,Localize,WebLoadingHelper,0x0600022a,0x0002b0b0,72,
1,RECUPERADO-AOT,Localización,Assembly-CSharp-firstpass,Localize/<UseLocalizedLanguageHelper>c__Iterator9,.ctor,0x06000549,0x00052668,44,
1,RECUPERADO-AOT,Localización,Assembly-CSharp-firstpass,Localize/<UseLocalizedLanguageHelper>c__Iterator9,Dispose,0x0600054d,0x000529fc,56,
1,RECUPERADO-AOT,Localización,Assembly-CSharp-firstpass,Localize/<UseLocalizedLanguageHelper>c__Iterator9,MoveNext,0x0600054c,0x000526fc,768,
1,RECUPERADO-AOT,Localización,Assembly-CSharp-firstpass,Localize/<UseLocalizedLanguageHelper>c__Iterator9,Reset,0x0600054e,0x00052a34,64,
1,RECUPERADO-AOT,Localización,Assembly-CSharp-firstpass,Localize/<UseLocalizedLanguageHelper>c__Iterator9,System.Collections.Generic.IEnumerator<object>.get_Current,0x0600054a,0x00052694,52,
1,RECUPERADO-AOT,Localización,Assembly-CSharp-firstpass,Localize/<UseLocalizedLanguageHelper>c__Iterator9,System.Collections.IEnumerator.get_Current,0x0600054b,0x000526c8,52,
1,RECUPERADO-AOT,Localización,Assembly-CSharp-firstpass,Localize/<WebLoadingHelper>c__Iterator8,.ctor,0x06000543,0x00052450,44,
1,RECUPERADO-AOT,Localización,Assembly-CSharp-firstpass,Localize/<WebLoadingHelper>c__Iterator8,Dispose,0x06000547,0x000525f0,56,
1,RECUPERADO-AOT,Localización,Assembly-CSharp-firstpass,Localize/<WebLoadingHelper>c__Iterator8,MoveNext,0x06000546,0x000524e4,268,
1,RECUPERADO-AOT,Localización,Assembly-CSharp-firstpass,Localize/<WebLoadingHelper>c__Iterator8,Reset,0x06000548,0x00052628,64,
1,RECUPERADO-AOT,Localización,Assembly-CSharp-firstpass,Localize/<WebLoadingHelper>c__Iterator8,System.Collections.Generic.IEnumerator<object>.get_Current,0x06000544,0x0005247c,52,
1,RECUPERADO-AOT,Localización,Assembly-CSharp-firstpass,Localize/<WebLoadingHelper>c__Iterator8,System.Collections.IEnumerator.get_Current,0x06000545,0x000524b0,52,
1,RECUPERADO-AOT,Localización,Assembly-CSharp,LocalizedAssetSwapper,.ctor,0x0600051a,0x0010de28,52,
1,RECUPERADO-AOT,Localización,Assembly-CSharp,LocalizedAssetSwapper,Start,0x0600051b,0x0010de5c,72,
1,RECUPERADO-AOT,Localización,Assembly-CSharp,LocalizedAssetSwapper/<Start>c__Iterator3F,.ctor,0x0600094b,0x0014e310,44,
1,RECUPERADO-AOT,Localización,Assembly-CSharp,LocalizedAssetSwapper/<Start>c__Iterator3F,Dispose,0x0600094f,0x0014e664,56,
1,RECUPERADO-AOT,Localización,Assembly-CSharp,LocalizedAssetSwapper/<Start>c__Iterator3F,MoveNext,0x0600094e,0x0014e3a4,704,
1,RECUPERADO-AOT,Localización,Assembly-CSharp,LocalizedAssetSwapper/<Start>c__Iterator3F,Reset,0x06000950,0x0014e69c,64,
1,RECUPERADO-AOT,Localización,Assembly-CSharp,LocalizedAssetSwapper/<Start>c__Iterator3F,System.Collections.Generic.IEnumerator<object>.get_Current,0x0600094c,0x0014e33c,52,
1,RECUPERADO-AOT,Localización,Assembly-CSharp,LocalizedAssetSwapper/<Start>c__Iterator3F,System.Collections.IEnumerator.get_Current,0x0600094d,0x0014e370,52,
1,RECUPERADO-AOT,Localización,Assembly-CSharp-firstpass,LocalizedString,.ctor,0x0600021a,0x0002aba0,72,
1,RECUPERADO-AOT,Localización,Assembly-CSharp-firstpass,LocalizedString,.ctor,0x0600021b,0x0002abe8,84,
1,RECUPERADO-AOT,Localización,Assembly-CSharp-firstpass,LocalizedString,ToString,0x0600021d,0x0002ac74,64,
1,RECUPERADO-AOT,Localización,Assembly-CSharp-firstpass,LocalizedString,get_Text,0x0600021c,0x0002ac3c,56,
1,RECUPERADO-AOT,Localización,Assembly-CSharp-firstpass,UnlocalizedString,.ctor,0x0600021e,0x0002acb4,72,
1,RECUPERADO-AOT,Localización,Assembly-CSharp-firstpass,UnlocalizedString,.ctor,0x0600021f,0x0002acfc,84,
1,RECUPERADO-AOT,Localización,Assembly-CSharp-firstpass,UnlocalizedString,ToString,0x06000222,0x0002adb4,52,
1,RECUPERADO-AOT,Localización,Assembly-CSharp-firstpass,UnlocalizedString,UnlocalizedStringMarker,0x06000220,0x0002ad50,48,
1,RECUPERADO-AOT,Localización,Assembly-CSharp-firstpass,UnlocalizedString,get_Text,0x06000221,0x0002ad80,52,
1,RECUPERADO-AOT,Localización,Assembly-CSharp-firstpass,UnlocalizedString,op_Addition,0x06000225,0x0002ae6c,60,
1,RECUPERADO-AOT,Localización,Assembly-CSharp-firstpass,UnlocalizedString,op_Implicit,0x06000223,0x0002ade8,80,
1,RECUPERADO-AOT,Localización,Assembly-CSharp-firstpass,UnlocalizedString,op_Implicit,0x06000224,0x0002ae38,52,
1,RECUPERADO-AOT,Menú principal / garaje,Assembly-CSharp,CameraShake,.ctor,0x060003f8,0x000fa808,124,
1,RECUPERADO-AOT,Menú principal / garaje,Assembly-CSharp,CameraShake,Start,0x060003fc,0x000fa928,64,
1,RECUPERADO-AOT,Menú principal / garaje,Assembly-CSharp,CameraShake,TurnOffShake,0x06000400,0x000fb330,108,
1,RECUPERADO-AOT,Menú principal / garaje,Assembly-CSharp,CameraShake,TurnOnShake,0x060003fe,0x000fb138,188,
1,RECUPERADO-AOT,Menú principal / garaje,Assembly-CSharp,CameraShake,TurnOnStationaryShake,0x060003ff,0x000fb1f4,316,
1,RECUPERADO-AOT,Menú principal / garaje,Assembly-CSharp,CameraShake,Update,0x060003fd,0x000fa968,2000,
1,RECUPERADO-AOT,Menú principal / garaje,Assembly-CSharp,CameraShake,get_IsShaking,0x060003f9,0x000fa884,52,
1,RECUPERADO-AOT,Menú principal / garaje,Assembly-CSharp,CameraShake,get_IsStationary,0x060003fa,0x000fa8b8,52,
1,RECUPERADO-AOT,Menú principal / garaje,Assembly-CSharp,CameraShake,set_IsStationary,0x060003fb,0x000fa8ec,60,
1,RECUPERADO-AOT,Menú principal / garaje,Assembly-CSharp,CreditsPublisher,.ctor,0x06000647,0x00129140,52,
1,RECUPERADO-AOT,Menú principal / garaje,Assembly-CSharp,CreditsPublisher,PressedBackButton,0x0600064a,0x001291cc,64,
1,RECUPERADO-AOT,Menú principal / garaje,Assembly-CSharp,CreditsPublisher,PressedCustomerSupport,0x0600064b,0x0012920c,68,
1,RECUPERADO-AOT,Menú principal / garaje,Assembly-CSharp,CreditsPublisher,PressedLinkButton,0x0600064e,0x001292d8,68,
1,RECUPERADO-AOT,Menú principal / garaje,Assembly-CSharp,CreditsPublisher,PressedPrivacyButton,0x0600064c,0x00129250,68,
1,RECUPERADO-AOT,Menú principal / garaje,Assembly-CSharp,CreditsPublisher,PressedTermsOfUseButton,0x0600064d,0x00129294,68,
1,RECUPERADO-AOT,Menú principal / garaje,Assembly-CSharp,CreditsPublisher,Start,0x06000648,0x00129174,44,
1,RECUPERADO-AOT,Menú principal / garaje,Assembly-CSharp,CreditsPublisher,Update,0x06000649,0x001291a0,44,
1,RECUPERADO-AOT,Menú principal / garaje,Assembly-CSharp,DailyBonusPublisher,.ctor,0x0600064f,0x0012931c,52,
1,RECUPERADO-AOT,Menú principal / garaje,Assembly-CSharp,DailyBonusPublisher,DestroyThis,0x06000653,0x001293fc,72,
1,RECUPERADO-AOT,Menú principal / garaje,Assembly-CSharp,DailyBonusPublisher,OnPressed,0x06000652,0x001293ac,80,
1,RECUPERADO-AOT,Menú principal / garaje,Assembly-CSharp,DailyBonusPublisher,Start,0x06000650,0x00129350,48,
1,RECUPERADO-AOT,Menú principal / garaje,Assembly-CSharp,DailyBonusPublisher,Update,0x06000651,0x00129380,44,
1,RECUPERADO-AOT,Menú principal / garaje,Assembly-CSharp,DailyBonusPublisher/<DestroyThis>c__Iterator57,.ctor,0x060009db,0x00154394,44,
1,RECUPERADO-AOT,Menú principal / garaje,Assembly-CSharp,DailyBonusPublisher/<DestroyThis>c__Iterator57,Dispose,0x060009df,0x0015457c,56,
1,RECUPERADO-AOT,Menú principal / garaje,Assembly-CSharp,DailyBonusPublisher/<DestroyThis>c__Iterator57,MoveNext,0x060009de,0x00154428,340,
1,RECUPERADO-AOT,Menú principal / garaje,Assembly-CSharp,DailyBonusPublisher/<DestroyThis>c__Iterator57,Reset,0x060009e0,0x001545b4,64,
1,RECUPERADO-AOT,Menú principal / garaje,Assembly-CSharp,DailyBonusPublisher/<DestroyThis>c__Iterator57,System.Collections.Generic.IEnumerator<object>.get_Current,0x060009dc,0x001543c0,52,
1,RECUPERADO-AOT,Menú principal / garaje,Assembly-CSharp,DailyBonusPublisher/<DestroyThis>c__Iterator57,System.Collections.IEnumerator.get_Current,0x060009dd,0x001543f4,52,
1,RECUPERADO-AOT,Menú principal / garaje,Assembly-CSharp,FrontEndCamera,.ctor,0x0600065b,0x00129b14,236,
1,RECUPERADO-AOT,Menú principal / garaje,Assembly-CSharp,FrontEndCamera,FixedUpdate,0x0600065f,0x00129f68,504,
1,RECUPERADO-AOT,Menú principal / garaje,Assembly-CSharp,FrontEndCamera,ForceCameraTarget,0x06000662,0x0012a274,68,
1,RECUPERADO-AOT,Menú principal / garaje,Assembly-CSharp,FrontEndCamera,SetCameraTarget,0x06000660,0x0012a160,128,
1,RECUPERADO-AOT,Menú principal / garaje,Assembly-CSharp,FrontEndCamera,SetCameraTargetByIndex,0x06000661,0x0012a1e0,148,
1,RECUPERADO-AOT,Menú principal / garaje,Assembly-CSharp,FrontEndCamera,Start,0x0600065e,0x00129efc,108,
1,RECUPERADO-AOT,Menú principal / garaje,Assembly-CSharp,FrontEndCamera,StartTransition,0x0600065d,0x00129c50,684,
1,RECUPERADO-AOT,Menú principal / garaje,Assembly-CSharp,FrontEndCamera,get_isTransitioning,0x0600065c,0x00129c00,80,
1,RECUPERADO-AOT,Menú principal / garaje,Assembly-CSharp,FrontEndCameraTarget,.ctor,0x06000663,0x0012a2b8,52,
1,RECUPERADO-AOT,Menú principal / garaje,Assembly-CSharp,FrontEndCameraTarget,OnDrawGizmos,0x06000664,0x0012a2ec,316,
1,RECUPERADO-AOT,Menú principal / garaje,Assembly-CSharp,FrontEndLogic,.cctor,0x06000666,0x0012a464,60,
1,RECUPERADO-AOT,Menú principal / garaje,Assembly-CSharp,FrontEndLogic,.ctor,0x06000665,0x0012a428,60,
1,RECUPERADO-AOT,Menú principal / garaje,Assembly-CSharp,FrontEndLogic,CheckForDailyBonus,0x0600066e,0x0012a748,1200,
1,RECUPERADO-AOT,Menú principal / garaje,Assembly-CSharp,FrontEndLogic,CheckMenuTransitionOK,0x0600066c,0x0012a67c,88,
1,RECUPERADO-AOT,Menú principal / garaje,Assembly-CSharp,FrontEndLogic,GetInstance,0x06000668,0x0012a4d4,168,
1,RECUPERADO-AOT,Menú principal / garaje,Assembly-CSharp,FrontEndLogic,GiveDailyBonus,0x06000670,0x0012adc4,948,
1,RECUPERADO-AOT,Menú principal / garaje,Assembly-CSharp,FrontEndLogic,HideMenu,0x06000669,0x0012a57c,112,
1,RECUPERADO-AOT,Menú principal / garaje,Assembly-CSharp,FrontEndLogic,HideMenuHelper,0x0600066a,0x0012a5ec,72,
1,RECUPERADO-AOT,Menú principal / garaje,Assembly-CSharp,FrontEndLogic,NeedMoreCoins,0x06000675,0x0012b94c,992,
1,RECUPERADO-AOT,Menú principal / garaje,Assembly-CSharp,FrontEndLogic,OnApplicationPause,0x06000673,0x0012b7e0,96,
1,RECUPERADO-AOT,Menú principal / garaje,Assembly-CSharp,FrontEndLogic,PlayRandomWhoosh,0x0600066d,0x0012a6d4,116,
1,RECUPERADO-AOT,Menú principal / garaje,Assembly-CSharp,FrontEndLogic,PopupDailyBonusNote,0x0600066f,0x0012abf8,460,
1,RECUPERADO-AOT,Menú principal / garaje,Assembly-CSharp,FrontEndLogic,RequestMenuChange,0x06000674,0x0012b840,268,
1,RECUPERADO-AOT,Menú principal / garaje,Assembly-CSharp,FrontEndLogic,Start,0x06000671,0x0012b178,1280,
1,RECUPERADO-AOT,Menú principal / garaje,Assembly-CSharp,FrontEndLogic,StartMenuTransition,0x0600066b,0x0012a634,72,
1,RECUPERADO-AOT,Menú principal / garaje,Assembly-CSharp,FrontEndLogic,Update,0x06000672,0x0012b678,360,
1,RECUPERADO-AOT,Menú principal / garaje,Assembly-CSharp,FrontEndLogic,get_CurrentMenu,0x06000667,0x0012a4a0,52,
1,RECUPERADO-AOT,Menú principal / garaje,Assembly-CSharp,FrontEndLogic/<CheckMenuTransitionOK>c__Iterator59,.ctor,0x060009e7,0x00154834,44,
1,RECUPERADO-AOT,Menú principal / garaje,Assembly-CSharp,FrontEndLogic/<CheckMenuTransitionOK>c__Iterator59,Dispose,0x060009eb,0x00154aac,56,
1,RECUPERADO-AOT,Menú principal / garaje,Assembly-CSharp,FrontEndLogic/<CheckMenuTransitionOK>c__Iterator59,MoveNext,0x060009ea,0x001548c8,484,
1,RECUPERADO-AOT,Menú principal / garaje,Assembly-CSharp,FrontEndLogic/<CheckMenuTransitionOK>c__Iterator59,Reset,0x060009ec,0x00154ae4,64,
1,RECUPERADO-AOT,Menú principal / garaje,Assembly-CSharp,FrontEndLogic/<CheckMenuTransitionOK>c__Iterator59,System.Collections.Generic.IEnumerator<object>.get_Current,0x060009e8,0x00154860,52,
1,RECUPERADO-AOT,Menú principal / garaje,Assembly-CSharp,FrontEndLogic/<CheckMenuTransitionOK>c__Iterator59,System.Collections.IEnumerator.get_Current,0x060009e9,0x00154894,52,
1,RECUPERADO-AOT,Menú principal / garaje,Assembly-CSharp,FrontEndLogic/<HideMenuHelper>c__Iterator58,.ctor,0x060009e1,0x001545f4,44,
1,RECUPERADO-AOT,Menú principal / garaje,Assembly-CSharp,FrontEndLogic/<HideMenuHelper>c__Iterator58,Dispose,0x060009e5,0x001547bc,56,
1,RECUPERADO-AOT,Menú principal / garaje,Assembly-CSharp,FrontEndLogic/<HideMenuHelper>c__Iterator58,MoveNext,0x060009e4,0x00154688,308,
1,RECUPERADO-AOT,Menú principal / garaje,Assembly-CSharp,FrontEndLogic/<HideMenuHelper>c__Iterator58,Reset,0x060009e6,0x001547f4,64,
1,RECUPERADO-AOT,Menú principal / garaje,Assembly-CSharp,FrontEndLogic/<HideMenuHelper>c__Iterator58,System.Collections.Generic.IEnumerator<object>.get_Current,0x060009e2,0x00154620,52,
1,RECUPERADO-AOT,Menú principal / garaje,Assembly-CSharp,FrontEndLogic/<HideMenuHelper>c__Iterator58,System.Collections.IEnumerator.get_Current,0x060009e3,0x00154654,52,
1,RECUPERADO-AOT,Menú principal / garaje,Assembly-CSharp,FrontEndLogic/<RequestMenuChange>c__AnonStoreyA0,.ctor,0x06000b53,0x00166dd0,44,
1,RECUPERADO-AOT,Menú principal / garaje,Assembly-CSharp,FrontEndLogic/<RequestMenuChange>c__AnonStoreyA0,<>m__24,0x06000b54,0x00166dfc,68,
1,RECUPERADO-AOT,Menú principal / garaje,Assembly-CSharp,FrontEndLogic/MenuStruct,.ctor,0x06000676,0x0012bd2c,44,
1,RECUPERADO-AOT,Menú principal / garaje,Assembly-CSharp,LiftControlAI,.ctor,0x06000095,0x000ce480,124,
1,RECUPERADO-AOT,Menú principal / garaje,Assembly-CSharp,LiftControlAI,FixedUpdate,0x06000097,0x000ce564,372,
1,RECUPERADO-AOT,Menú principal / garaje,Assembly-CSharp,LiftControlAI,SetTransition,0x06000098,0x000ce6d8,208,
1,RECUPERADO-AOT,Menú principal / garaje,Assembly-CSharp,LiftControlAI,Start,0x06000096,0x000ce4fc,104,
1,RECUPERADO-AOT,Menú principal / garaje,Assembly-CSharp,PlayMenuPublisher,.ctor,0x060006ae,0x0012eea4,52,
1,RECUPERADO-AOT,Menú principal / garaje,Assembly-CSharp,PlayMenuPublisher,PressedInfo,0x060006b4,0x0012f238,148,
1,RECUPERADO-AOT,Menú principal / garaje,Assembly-CSharp,PlayMenuPublisher,PressedMoreDisney,0x060006b2,0x0012f168,80,
1,RECUPERADO-AOT,Menú principal / garaje,Assembly-CSharp,PlayMenuPublisher,PressedPlayButton,0x060006b1,0x0012f0c4,164,
1,RECUPERADO-AOT,Menú principal / garaje,Assembly-CSharp,PlayMenuPublisher,PressedSettings,0x060006b3,0x0012f1b8,128,
1,RECUPERADO-AOT,Menú principal / garaje,Assembly-CSharp,PlayMenuPublisher,Start,0x060006b0,0x0012ef58,364,
1,RECUPERADO-AOT,Menú principal / garaje,Assembly-CSharp,PlayMenuPublisher,StartTutLoad,0x060006b6,0x0012f3d4,64,
1,RECUPERADO-AOT,Menú principal / garaje,Assembly-CSharp,PlayMenuPublisher,StartTutorial,0x060006b5,0x0012f2cc,264,
1,RECUPERADO-AOT,Menú principal / garaje,Assembly-CSharp,PlayMenuPublisher,Update,0x060006af,0x0012eed8,128,
1,RECUPERADO-AOT,Menú principal / garaje,Assembly-CSharp,PlayMenuPublisher/<StartTutLoad>c__Iterator65,.ctor,0x06000a2f,0x001573dc,44,
1,RECUPERADO-AOT,Menú principal / garaje,Assembly-CSharp,PlayMenuPublisher/<StartTutLoad>c__Iterator65,Dispose,0x06000a33,0x0015752c,56,
1,RECUPERADO-AOT,Menú principal / garaje,Assembly-CSharp,PlayMenuPublisher/<StartTutLoad>c__Iterator65,MoveNext,0x06000a32,0x00157470,188,
1,RECUPERADO-AOT,Menú principal / garaje,Assembly-CSharp,PlayMenuPublisher/<StartTutLoad>c__Iterator65,Reset,0x06000a34,0x00157564,64,
1,RECUPERADO-AOT,Menú principal / garaje,Assembly-CSharp,PlayMenuPublisher/<StartTutLoad>c__Iterator65,System.Collections.Generic.IEnumerator<object>.get_Current,0x06000a30,0x00157408,52,
1,RECUPERADO-AOT,Menú principal / garaje,Assembly-CSharp,PlayMenuPublisher/<StartTutLoad>c__Iterator65,System.Collections.IEnumerator.get_Current,0x06000a31,0x0015743c,52,
1,RECUPERADO-AOT,Menú principal / garaje,Assembly-CSharp,SettingsMenuPublisher,.ctor,0x060006f5,0x00133278,52,
1,RECUPERADO-AOT,Menú principal / garaje,Assembly-CSharp,SettingsMenuPublisher,CheckResetConfirm,0x06000703,0x00133f04,72,
1,RECUPERADO-AOT,Menú principal / garaje,Assembly-CSharp,SettingsMenuPublisher,OnAppPurchaseToggleChanged,0x060006fc,0x00133b20,260,
1,RECUPERADO-AOT,Menú principal / garaje,Assembly-CSharp,SettingsMenuPublisher,OnDebugCoinPressed,0x06000701,0x00133d80,72,
1,RECUPERADO-AOT,Menú principal / garaje,Assembly-CSharp,SettingsMenuPublisher,OnDebugUnlockPressed,0x06000700,0x00133d4c,52,
1,RECUPERADO-AOT,Menú principal / garaje,Assembly-CSharp,SettingsMenuPublisher,OnMusicVolumeChanged,0x060006fd,0x00133c24,124,
1,RECUPERADO-AOT,Menú principal / garaje,Assembly-CSharp,SettingsMenuPublisher,OnSFXVolumeChanged,0x060006fe,0x00133ca0,92,
1,RECUPERADO-AOT,Menú principal / garaje,Assembly-CSharp,SettingsMenuPublisher,PressedBuyCoins,0x060006f8,0x001339e8,76,
1,RECUPERADO-AOT,Menú principal / garaje,Assembly-CSharp,SettingsMenuPublisher,PressedCredits,0x060006f9,0x00133a34,64,
1,RECUPERADO-AOT,Menú principal / garaje,Assembly-CSharp,SettingsMenuPublisher,PressedGameCenter,0x060006fa,0x00133a74,92,
1,RECUPERADO-AOT,Menú principal / garaje,Assembly-CSharp,SettingsMenuPublisher,PressedMoreDisney,0x060006fb,0x00133ad0,80,
1,RECUPERADO-AOT,Menú principal / garaje,Assembly-CSharp,SettingsMenuPublisher,PressedResetData,0x060006ff,0x00133cfc,80,
1,RECUPERADO-AOT,Menú principal / garaje,Assembly-CSharp,SettingsMenuPublisher,Start,0x060006f6,0x001332ac,1656,
1,RECUPERADO-AOT,Menú principal / garaje,Assembly-CSharp,SettingsMenuPublisher,UnlockAll,0x06000702,0x00133dc8,316,
1,RECUPERADO-AOT,Menú principal / garaje,Assembly-CSharp,SettingsMenuPublisher,Update,0x060006f7,0x00133924,196,
1,RECUPERADO-AOT,Menú principal / garaje,Assembly-CSharp,SettingsMenuPublisher/<CheckResetConfirm>c__Iterator71,.ctor,0x06000a7e,0x0015d304,44,
1,RECUPERADO-AOT,Menú principal / garaje,Assembly-CSharp,SettingsMenuPublisher/<CheckResetConfirm>c__Iterator71,Dispose,0x06000a82,0x0015d6b4,56,
1,RECUPERADO-AOT,Menú principal / garaje,Assembly-CSharp,SettingsMenuPublisher/<CheckResetConfirm>c__Iterator71,MoveNext,0x06000a81,0x0015d398,796,
1,RECUPERADO-AOT,Menú principal / garaje,Assembly-CSharp,SettingsMenuPublisher/<CheckResetConfirm>c__Iterator71,Reset,0x06000a83,0x0015d6ec,64,
1,RECUPERADO-AOT,Menú principal / garaje,Assembly-CSharp,SettingsMenuPublisher/<CheckResetConfirm>c__Iterator71,System.Collections.Generic.IEnumerator<object>.get_Current,0x06000a7f,0x0015d330,52,
1,RECUPERADO-AOT,Menú principal / garaje,Assembly-CSharp,SettingsMenuPublisher/<CheckResetConfirm>c__Iterator71,System.Collections.IEnumerator.get_Current,0x06000a80,0x0015d364,52,
1,RECUPERADO-AOT,Menú principal / garaje,Assembly-CSharp,ShiftUIPublisher,.ctor,0x06000704,0x00133f4c,108,
1,RECUPERADO-AOT,Menú principal / garaje,Assembly-CSharp,ShiftUIPublisher,Awake,0x0600070a,0x001346cc,3040,
1,RECUPERADO-AOT,Menú principal / garaje,Assembly-CSharp,ShiftUIPublisher,Hide,0x06000715,0x0013598c,464,
1,RECUPERADO-AOT,Menú principal / garaje,Assembly-CSharp,ShiftUIPublisher,PlayRandomShiftSound,0x06000709,0x00134660,108,
1,RECUPERADO-AOT,Menú principal / garaje,Assembly-CSharp,ShiftUIPublisher,PressedCartCustomizer,0x0600070e,0x0013569c,96,
1,RECUPERADO-AOT,Menú principal / garaje,Assembly-CSharp,ShiftUIPublisher,PressedCharacter,0x06000710,0x0013575c,96,
1,RECUPERADO-AOT,Menú principal / garaje,Assembly-CSharp,ShiftUIPublisher,PressedMoreCoins,0x06000713,0x00135880,88,
1,RECUPERADO-AOT,Menú principal / garaje,Assembly-CSharp,ShiftUIPublisher,PressedMoreDisney,0x06000712,0x0013581c,100,
1,RECUPERADO-AOT,Menú principal / garaje,Assembly-CSharp,ShiftUIPublisher,PressedOptions,0x06000711,0x001357bc,96,
1,RECUPERADO-AOT,Menú principal / garaje,Assembly-CSharp,ShiftUIPublisher,PressedPlayButton,0x0600070d,0x0013563c,96,
1,RECUPERADO-AOT,Menú principal / garaje,Assembly-CSharp,ShiftUIPublisher,PressedTrophy,0x0600070f,0x001356fc,96,
1,RECUPERADO-AOT,Menú principal / garaje,Assembly-CSharp,ShiftUIPublisher,SetStickPosition,0x06000707,0x001340f8,292,
1,RECUPERADO-AOT,Menú principal / garaje,Assembly-CSharp,ShiftUIPublisher,ShiftSurfaceCoroutine,0x06000714,0x001358d8,180,
1,RECUPERADO-AOT,Menú principal / garaje,Assembly-CSharp,ShiftUIPublisher,Show,0x06000716,0x00135b5c,464,
1,RECUPERADO-AOT,Menú principal / garaje,Assembly-CSharp,ShiftUIPublisher,Start,0x0600070b,0x001352ac,476,
1,RECUPERADO-AOT,Menú principal / garaje,Assembly-CSharp,ShiftUIPublisher,SwitchSlot,0x06000708,0x0013421c,1092,
1,RECUPERADO-AOT,Menú principal / garaje,Assembly-CSharp,ShiftUIPublisher,Update,0x0600070c,0x00135488,436,
1,RECUPERADO-AOT,Menú principal / garaje,Assembly-CSharp,ShiftUIPublisher,UpdateCharacterIcon,0x06000717,0x00135d2c,488,
1,RECUPERADO-AOT,Menú principal / garaje,Assembly-CSharp,ShiftUIPublisher,add_ChangedShifterSlot,0x06000705,0x00133fb8,160,
1,RECUPERADO-AOT,Menú principal / garaje,Assembly-CSharp,ShiftUIPublisher,remove_ChangedShifterSlot,0x06000706,0x00134058,160,
1,RECUPERADO-AOT,Menú principal / garaje,Assembly-CSharp,ShiftUIPublisher/<ShiftSurfaceCoroutine>c__Iterator72,.ctor,0x06000a84,0x0015d72c,44,
1,RECUPERADO-AOT,Menú principal / garaje,Assembly-CSharp,ShiftUIPublisher/<ShiftSurfaceCoroutine>c__Iterator72,Dispose,0x06000a88,0x0015da50,56,
1,RECUPERADO-AOT,Menú principal / garaje,Assembly-CSharp,ShiftUIPublisher/<ShiftSurfaceCoroutine>c__Iterator72,MoveNext,0x06000a87,0x0015d7c0,656,
1,RECUPERADO-AOT,Menú principal / garaje,Assembly-CSharp,ShiftUIPublisher/<ShiftSurfaceCoroutine>c__Iterator72,Reset,0x06000a89,0x0015da88,64,
1,RECUPERADO-AOT,Menú principal / garaje,Assembly-CSharp,ShiftUIPublisher/<ShiftSurfaceCoroutine>c__Iterator72,System.Collections.Generic.IEnumerator<object>.get_Current,0x06000a85,0x0015d758,52,
1,RECUPERADO-AOT,Menú principal / garaje,Assembly-CSharp,ShiftUIPublisher/<ShiftSurfaceCoroutine>c__Iterator72,System.Collections.IEnumerator.get_Current,0x06000a86,0x0015d78c,52,
1,RECUPERADO-AOT,Menú principal / garaje,Assembly-CSharp,ShiftUIPublisher/Icon,.ctor,0x06000718,0x00135f14,44,
1,RECUPERADO-AOT,Menú principal / garaje,Assembly-CSharp,ShiftUIPublisher/ShiftKeyframe,.ctor,0x0600071c,0x0013614c,80,
1,RECUPERADO-AOT,Menú principal / garaje,Assembly-CSharp,ShiftUIPublisher/ShifterPosition,.ctor,0x06000719,0x00135f40,112,
1,RECUPERADO-AOT,Menú principal / garaje,Assembly-CSharp,ShiftUIPublisher/ShifterPosition,Lerp,0x0600071a,0x00135fb0,340,
1,RECUPERADO-AOT,Menú principal / garaje,Assembly-CSharp,ShiftUIPublisher/ShifterSlot,.ctor,0x0600071b,0x00136104,72,
1,RECUPERADO-AOT,Menú principal / garaje,Assembly-CSharp,VolumeSlider,.ctor,0x06000739,0x00137dc8,256,
1,RECUPERADO-AOT,Menú principal / garaje,Assembly-CSharp,VolumeSlider,MouseLogic,0x0600073f,0x001384c4,84,
1,RECUPERADO-AOT,Menú principal / garaje,Assembly-CSharp,VolumeSlider,OnMouseDown,0x0600073d,0x001383ec,160,
1,RECUPERADO-AOT,Menú principal / garaje,Assembly-CSharp,VolumeSlider,OnMouseUp,0x0600073e,0x0013848c,56,
1,RECUPERADO-AOT,Menú principal / garaje,Assembly-CSharp,VolumeSlider,TouchLogic,0x06000740,0x00138518,684,
1,RECUPERADO-AOT,Menú principal / garaje,Assembly-CSharp,VolumeSlider,Update,0x0600073c,0x001380e4,776,
1,RECUPERADO-AOT,Menú principal / garaje,Assembly-CSharp,VolumeSlider,get_percent,0x0600073a,0x00137ec8,180,
1,RECUPERADO-AOT,Menú principal / garaje,Assembly-CSharp,VolumeSlider,set_percent,0x0600073b,0x00137f7c,360,
1,RECUPERADO-AOT,Utilidades compartidas,Assembly-CSharp,AnimatedTexture,.ctor,0x06000192,0x000d51a4,148,
1,RECUPERADO-AOT,Utilidades compartidas,Assembly-CSharp,AnimatedTexture,Start,0x06000193,0x000d5238,376,
1,RECUPERADO-AOT,Utilidades compartidas,Assembly-CSharp,AnimatedTexture,Update,0x06000194,0x000d53b0,44,
1,RECUPERADO-AOT,Utilidades compartidas,Assembly-CSharp,AnimatedTexture/<UpdateTexture>c__Iterator1A,.ctor,0x06000869,0x00144b80,44,
1,RECUPERADO-AOT,Utilidades compartidas,Assembly-CSharp,AnimatedTexture/<UpdateTexture>c__Iterator1A,Dispose,0x0600086d,0x00144ec4,56,
1,RECUPERADO-AOT,Utilidades compartidas,Assembly-CSharp,AnimatedTexture/<UpdateTexture>c__Iterator1A,MoveNext,0x0600086c,0x00144c14,688,
1,RECUPERADO-AOT,Utilidades compartidas,Assembly-CSharp,AnimatedTexture/<UpdateTexture>c__Iterator1A,Reset,0x0600086e,0x00144efc,64,
1,RECUPERADO-AOT,Utilidades compartidas,Assembly-CSharp,AnimatedTexture/<UpdateTexture>c__Iterator1A,System.Collections.Generic.IEnumerator<object>.get_Current,0x0600086a,0x00144bac,52,
1,RECUPERADO-AOT,Utilidades compartidas,Assembly-CSharp,AnimatedTexture/<UpdateTexture>c__Iterator1A,System.Collections.IEnumerator.get_Current,0x0600086b,0x00144be0,52,
1,RECUPERADO-AOT,Utilidades compartidas,Assembly-CSharp-firstpass,AudioCrumb,Play,0x060000fd,0x00015820,240,
1,RECUPERADO-AOT,Utilidades compartidas,Assembly-CSharp-firstpass,AudioSourcex,PlayClipAtPosition,0x06000102,0x00015c38,532,
1,RECUPERADO-AOT,Utilidades compartidas,Assembly-CSharp-firstpass,DictionaryToString,Parse,0x060000e9,0x000148a0,760,
1,RECUPERADO-AOT,Utilidades compartidas,Assembly-CSharp-firstpass,DictionaryToString,ToString,0x060000e8,0x000145c8,728,
1,RECUPERADO-AOT,Utilidades compartidas,Assembly-CSharp-firstpass,EdgePixels,DeepCopy,0x0600046d,0x0004a45c,128,
1,RECUPERADO-AOT,Utilidades compartidas,Assembly-CSharp-firstpass,MiniJSON,.cctor,0x06000320,0x000344f0,100,
1,RECUPERADO-AOT,Utilidades compartidas,Assembly-CSharp-firstpass,MiniJSON,eatWhitespace,0x0600032c,0x000351cc,164,
1,RECUPERADO-AOT,Utilidades compartidas,Assembly-CSharp-firstpass,MiniJSON,getLastIndexOfNumber,0x0600032b,0x00035134,152,
1,RECUPERADO-AOT,Utilidades compartidas,Assembly-CSharp-firstpass,MiniJSON,jsonDecode,0x06000321,0x00034554,216,
1,RECUPERADO-AOT,Utilidades compartidas,Assembly-CSharp-firstpass,MiniJSON,jsonEncode,0x06000322,0x0003462c,132,
1,RECUPERADO-AOT,Utilidades compartidas,Assembly-CSharp-firstpass,MiniJSON,lookAhead,0x0600032d,0x00035270,76,
1,RECUPERADO-AOT,Utilidades compartidas,Assembly-CSharp-firstpass,MiniJSON,nextToken,0x0600032e,0x000352bc,1048,
1,RECUPERADO-AOT,Utilidades compartidas,Assembly-CSharp-firstpass,MiniJSON,parseArray,0x06000327,0x00034994,296,
1,RECUPERADO-AOT,Utilidades compartidas,Assembly-CSharp-firstpass,MiniJSON,parseNumber,0x0600032a,0x0003507c,184,
1,RECUPERADO-AOT,Utilidades compartidas,Assembly-CSharp-firstpass,MiniJSON,parseObject,0x06000326,0x00034830,356,
1,RECUPERADO-AOT,Utilidades compartidas,Assembly-CSharp-firstpass,MiniJSON,parseString,0x06000329,0x00034c38,1092,
1,RECUPERADO-AOT,Utilidades compartidas,Assembly-CSharp-firstpass,MiniJSON,parseValue,0x06000328,0x00034abc,380,
1,RECUPERADO-AOT,Utilidades compartidas,Assembly-CSharp-firstpass,MiniJSON,serializeArray,0x06000332,0x00035be4,252,
1,RECUPERADO-AOT,Utilidades compartidas,Assembly-CSharp-firstpass,MiniJSON,serializeDictionary,0x06000331,0x000359b4,560,
1,RECUPERADO-AOT,Utilidades compartidas,Assembly-CSharp-firstpass,MiniJSON,serializeNumber,0x06000335,0x00036548,88,
1,RECUPERADO-AOT,Utilidades compartidas,Assembly-CSharp-firstpass,MiniJSON,serializeObject,0x06000330,0x00035828,396,
1,RECUPERADO-AOT,Utilidades compartidas,Assembly-CSharp-firstpass,MiniJSON,serializeString,0x06000334,0x000362dc,620,
1,RECUPERADO-AOT,Utilidades compartidas,Assembly-CSharp-firstpass,MiniJSON,serializeValue,0x06000333,0x00035ce0,1532,
1,RECUPERADO-AOT,Utilidades compartidas,Assembly-CSharp-firstpass,Rangef,.ctor,0x0600018a,0x00020e34,96,
1,RECUPERADO-AOT,Utilidades compartidas,Assembly-CSharp-firstpass,Rangef,.ctor,0x0600018b,0x00020e94,88,
1,RECUPERADO-AOT,Utilidades compartidas,Assembly-CSharp-firstpass,Rangef,Clamp,0x0600018e,0x00020fa4,132,
1,RECUPERADO-AOT,Utilidades compartidas,Assembly-CSharp-firstpass,Rangef,Lerp,0x0600018f,0x00021028,132,
1,RECUPERADO-AOT,Utilidades compartidas,Assembly-CSharp-firstpass,Script,.ctor,0x0600023e,0x0002c7dc,52,
1,RECUPERADO-AOT,Utilidades compartidas,Assembly-CSharp-firstpass,Script,Instantiate,0x06000250,0x0002cf38,168,
1,RECUPERADO-AOT,Utilidades compartidas,Assembly-CSharp-firstpass,Script,Instantiate,0x06000251,0x0002cfe0,80,
2,RECUPERADO-AOT,Carga de carrera (RaceSettings/StreamManager/Loading),Assembly-CSharp,LoadSpin,.ctor,0x0600041c,0x000fe10c,52,
2,RECUPERADO-AOT,Carga de carrera (RaceSettings/StreamManager/Loading),Assembly-CSharp,LoadSpin,FadeHelper,0x06000420,0x000fe230,108,
2,RECUPERADO-AOT,Carga de carrera (RaceSettings/StreamManager/Loading),Assembly-CSharp,LoadSpin,FadeOut,0x0600041e,0x000fe188,80,
2,RECUPERADO-AOT,Carga de carrera (RaceSettings/StreamManager/Loading),Assembly-CSharp,LoadSpin,FadeOut,0x0600041f,0x000fe1d8,88,
2,RECUPERADO-AOT,Carga de carrera (RaceSettings/StreamManager/Loading),Assembly-CSharp,LoadSpin,Start,0x0600041d,0x000fe140,72,
2,RECUPERADO-AOT,Carga de carrera (RaceSettings/StreamManager/Loading),Assembly-CSharp,LoadSpin/<FadeHelper>c__Iterator2D,.ctor,0x060008df,0x0014ad6c,44,
2,RECUPERADO-AOT,Carga de carrera (RaceSettings/StreamManager/Loading),Assembly-CSharp,LoadSpin/<FadeHelper>c__Iterator2D,Dispose,0x060008e3,0x0014b0c8,56,
2,RECUPERADO-AOT,Carga de carrera (RaceSettings/StreamManager/Loading),Assembly-CSharp,LoadSpin/<FadeHelper>c__Iterator2D,MoveNext,0x060008e2,0x0014ae00,712,
2,RECUPERADO-AOT,Carga de carrera (RaceSettings/StreamManager/Loading),Assembly-CSharp,LoadSpin/<FadeHelper>c__Iterator2D,Reset,0x060008e4,0x0014b100,64,
2,RECUPERADO-AOT,Carga de carrera (RaceSettings/StreamManager/Loading),Assembly-CSharp,LoadSpin/<FadeHelper>c__Iterator2D,System.Collections.Generic.IEnumerator<object>.get_Current,0x060008e0,0x0014ad98,52,
2,RECUPERADO-AOT,Carga de carrera (RaceSettings/StreamManager/Loading),Assembly-CSharp,LoadSpin/<FadeHelper>c__Iterator2D,System.Collections.IEnumerator.get_Current,0x060008e1,0x0014adcc,52,
2,RECUPERADO-AOT,Carga de carrera (RaceSettings/StreamManager/Loading),Assembly-CSharp,LoadSpin/<Start>c__Iterator2C,.ctor,0x060008d9,0x0014aad8,44,
2,RECUPERADO-AOT,Carga de carrera (RaceSettings/StreamManager/Loading),Assembly-CSharp,LoadSpin/<Start>c__Iterator2C,Dispose,0x060008dd,0x0014acf4,56,
2,RECUPERADO-AOT,Carga de carrera (RaceSettings/StreamManager/Loading),Assembly-CSharp,LoadSpin/<Start>c__Iterator2C,MoveNext,0x060008dc,0x0014ab6c,392,
2,RECUPERADO-AOT,Carga de carrera (RaceSettings/StreamManager/Loading),Assembly-CSharp,LoadSpin/<Start>c__Iterator2C,Reset,0x060008de,0x0014ad2c,64,
2,RECUPERADO-AOT,Carga de carrera (RaceSettings/StreamManager/Loading),Assembly-CSharp,LoadSpin/<Start>c__Iterator2C,System.Collections.Generic.IEnumerator<object>.get_Current,0x060008da,0x0014ab04,52,
2,RECUPERADO-AOT,Carga de carrera (RaceSettings/StreamManager/Loading),Assembly-CSharp,LoadSpin/<Start>c__Iterator2C,System.Collections.IEnumerator.get_Current,0x060008db,0x0014ab38,52,
2,RECUPERADO-AOT,Carga de carrera (RaceSettings/StreamManager/Loading),Assembly-CSharp,LoadingPublisher,.ctor,0x06000697,0x0012df38,52,
2,RECUPERADO-AOT,Carga de carrera (RaceSettings/StreamManager/Loading),Assembly-CSharp,LoadingPublisher,FadeAndDestroyCoroutine,0x0600069d,0x0012e0d4,72,
2,RECUPERADO-AOT,Carga de carrera (RaceSettings/StreamManager/Loading),Assembly-CSharp,LoadingPublisher,LoadingProcess,0x0600069c,0x0012e08c,72,
2,RECUPERADO-AOT,Carga de carrera (RaceSettings/StreamManager/Loading),Assembly-CSharp,LoadingPublisher,PressedGoButton,0x060006a0,0x0012e3d0,228,
2,RECUPERADO-AOT,Carga de carrera (RaceSettings/StreamManager/Loading),Assembly-CSharp,LoadingPublisher,SetAssetCluster,0x060006a1,0x0012e4b4,60,
2,RECUPERADO-AOT,Carga de carrera (RaceSettings/StreamManager/Loading),Assembly-CSharp,LoadingPublisher,SetupMissionText,0x0600069b,0x0012e044,72,
2,RECUPERADO-AOT,Carga de carrera (RaceSettings/StreamManager/Loading),Assembly-CSharp,LoadingPublisher,Start,0x0600069e,0x0012e11c,648,
2,RECUPERADO-AOT,Carga de carrera (RaceSettings/StreamManager/Loading),Assembly-CSharp,LoadingPublisher,Update,0x0600069f,0x0012e3a4,44,
2,RECUPERADO-AOT,Carga de carrera (RaceSettings/StreamManager/Loading),Assembly-CSharp,LoadingPublisher,WaitForAssetBundles,0x06000698,0x0012df6c,72,
2,RECUPERADO-AOT,Carga de carrera (RaceSettings/StreamManager/Loading),Assembly-CSharp,LoadingPublisher,WaitForCartConstruction,0x06000699,0x0012dfb4,72,
2,RECUPERADO-AOT,Carga de carrera (RaceSettings/StreamManager/Loading),Assembly-CSharp,LoadingPublisher,WaitForLevelLoad,0x0600069a,0x0012dffc,72,
2,RECUPERADO-AOT,Carga de carrera (RaceSettings/StreamManager/Loading),Assembly-CSharp,LoadingPublisher/<FadeAndDestroyCoroutine>c__Iterator63,.ctor,0x06000a23,0x00156f40,44,
2,RECUPERADO-AOT,Carga de carrera (RaceSettings/StreamManager/Loading),Assembly-CSharp,LoadingPublisher/<FadeAndDestroyCoroutine>c__Iterator63,Dispose,0x06000a27,0x001570d4,56,
2,RECUPERADO-AOT,Carga de carrera (RaceSettings/StreamManager/Loading),Assembly-CSharp,LoadingPublisher/<FadeAndDestroyCoroutine>c__Iterator63,MoveNext,0x06000a26,0x00156fd4,256,
2,RECUPERADO-AOT,Carga de carrera (RaceSettings/StreamManager/Loading),Assembly-CSharp,LoadingPublisher/<FadeAndDestroyCoroutine>c__Iterator63,Reset,0x06000a28,0x0015710c,64,
2,RECUPERADO-AOT,Carga de carrera (RaceSettings/StreamManager/Loading),Assembly-CSharp,LoadingPublisher/<FadeAndDestroyCoroutine>c__Iterator63,System.Collections.Generic.IEnumerator<object>.get_Current,0x06000a24,0x00156f6c,52,
2,RECUPERADO-AOT,Carga de carrera (RaceSettings/StreamManager/Loading),Assembly-CSharp,LoadingPublisher/<FadeAndDestroyCoroutine>c__Iterator63,System.Collections.IEnumerator.get_Current,0x06000a25,0x00156fa0,52,
2,RECUPERADO-AOT,Carga de carrera (RaceSettings/StreamManager/Loading),Assembly-CSharp,LoadingPublisher/<LoadingProcess>c__Iterator62,.ctor,0x06000a1d,0x00156aac,44,
2,RECUPERADO-AOT,Carga de carrera (RaceSettings/StreamManager/Loading),Assembly-CSharp,LoadingPublisher/<LoadingProcess>c__Iterator62,Dispose,0x06000a21,0x00156ec8,56,
2,RECUPERADO-AOT,Carga de carrera (RaceSettings/StreamManager/Loading),Assembly-CSharp,LoadingPublisher/<LoadingProcess>c__Iterator62,MoveNext,0x06000a20,0x00156b40,904,
2,RECUPERADO-AOT,Carga de carrera (RaceSettings/StreamManager/Loading),Assembly-CSharp,LoadingPublisher/<LoadingProcess>c__Iterator62,Reset,0x06000a22,0x00156f00,64,
2,RECUPERADO-AOT,Carga de carrera (RaceSettings/StreamManager/Loading),Assembly-CSharp,LoadingPublisher/<LoadingProcess>c__Iterator62,System.Collections.Generic.IEnumerator<object>.get_Current,0x06000a1e,0x00156ad8,52,
2,RECUPERADO-AOT,Carga de carrera (RaceSettings/StreamManager/Loading),Assembly-CSharp,LoadingPublisher/<LoadingProcess>c__Iterator62,System.Collections.IEnumerator.get_Current,0x06000a1f,0x00156b0c,52,
2,RECUPERADO-AOT,Carga de carrera (RaceSettings/StreamManager/Loading),Assembly-CSharp,LoadingPublisher/<SetupMissionText>c__Iterator61,.ctor,0x06000a17,0x00156440,44,
2,RECUPERADO-AOT,Carga de carrera (RaceSettings/StreamManager/Loading),Assembly-CSharp,LoadingPublisher/<SetupMissionText>c__Iterator61,Dispose,0x06000a1b,0x00156a34,56,
2,RECUPERADO-AOT,Carga de carrera (RaceSettings/StreamManager/Loading),Assembly-CSharp,LoadingPublisher/<SetupMissionText>c__Iterator61,MoveNext,0x06000a1a,0x001564d4,1376,
2,RECUPERADO-AOT,Carga de carrera (RaceSettings/StreamManager/Loading),Assembly-CSharp,LoadingPublisher/<SetupMissionText>c__Iterator61,Reset,0x06000a1c,0x00156a6c,64,
2,RECUPERADO-AOT,Carga de carrera (RaceSettings/StreamManager/Loading),Assembly-CSharp,LoadingPublisher/<SetupMissionText>c__Iterator61,System.Collections.Generic.IEnumerator<object>.get_Current,0x06000a18,0x0015646c,52,
2,RECUPERADO-AOT,Carga de carrera (RaceSettings/StreamManager/Loading),Assembly-CSharp,LoadingPublisher/<SetupMissionText>c__Iterator61,System.Collections.IEnumerator.get_Current,0x06000a19,0x001564a0,52,
2,RECUPERADO-AOT,Carga de carrera (RaceSettings/StreamManager/Loading),Assembly-CSharp,LoadingPublisher/<WaitForAssetBundles>c__Iterator5E,.ctor,0x06000a05,0x00155c1c,44,
2,RECUPERADO-AOT,Carga de carrera (RaceSettings/StreamManager/Loading),Assembly-CSharp,LoadingPublisher/<WaitForAssetBundles>c__Iterator5E,Dispose,0x06000a09,0x00155ee0,56,
2,RECUPERADO-AOT,Carga de carrera (RaceSettings/StreamManager/Loading),Assembly-CSharp,LoadingPublisher/<WaitForAssetBundles>c__Iterator5E,MoveNext,0x06000a08,0x00155cb0,560,
2,RECUPERADO-AOT,Carga de carrera (RaceSettings/StreamManager/Loading),Assembly-CSharp,LoadingPublisher/<WaitForAssetBundles>c__Iterator5E,Reset,0x06000a0a,0x00155f18,64,
2,RECUPERADO-AOT,Carga de carrera (RaceSettings/StreamManager/Loading),Assembly-CSharp,LoadingPublisher/<WaitForAssetBundles>c__Iterator5E,System.Collections.Generic.IEnumerator<object>.get_Current,0x06000a06,0x00155c48,52,
2,RECUPERADO-AOT,Carga de carrera (RaceSettings/StreamManager/Loading),Assembly-CSharp,LoadingPublisher/<WaitForAssetBundles>c__Iterator5E,System.Collections.IEnumerator.get_Current,0x06000a07,0x00155c7c,52,
2,RECUPERADO-AOT,Carga de carrera (RaceSettings/StreamManager/Loading),Assembly-CSharp,LoadingPublisher/<WaitForCartConstruction>c__Iterator5F,.ctor,0x06000a0b,0x00155f58,44,
2,RECUPERADO-AOT,Carga de carrera (RaceSettings/StreamManager/Loading),Assembly-CSharp,LoadingPublisher/<WaitForCartConstruction>c__Iterator5F,Dispose,0x06000a0f,0x001560e8,56,
2,RECUPERADO-AOT,Carga de carrera (RaceSettings/StreamManager/Loading),Assembly-CSharp,LoadingPublisher/<WaitForCartConstruction>c__Iterator5F,MoveNext,0x06000a0e,0x00155fec,252,
2,RECUPERADO-AOT,Carga de carrera (RaceSettings/StreamManager/Loading),Assembly-CSharp,LoadingPublisher/<WaitForCartConstruction>c__Iterator5F,Reset,0x06000a10,0x00156120,64,
2,RECUPERADO-AOT,Carga de carrera (RaceSettings/StreamManager/Loading),Assembly-CSharp,LoadingPublisher/<WaitForCartConstruction>c__Iterator5F,System.Collections.Generic.IEnumerator<object>.get_Current,0x06000a0c,0x00155f84,52,
2,RECUPERADO-AOT,Carga de carrera (RaceSettings/StreamManager/Loading),Assembly-CSharp,LoadingPublisher/<WaitForCartConstruction>c__Iterator5F,System.Collections.IEnumerator.get_Current,0x06000a0d,0x00155fb8,52,
2,RECUPERADO-AOT,Carga de carrera (RaceSettings/StreamManager/Loading),Assembly-CSharp,LoadingPublisher/<WaitForLevelLoad>c__Iterator60,.ctor,0x06000a11,0x00156160,44,
2,RECUPERADO-AOT,Carga de carrera (RaceSettings/StreamManager/Loading),Assembly-CSharp,LoadingPublisher/<WaitForLevelLoad>c__Iterator60,Dispose,0x06000a15,0x001563c8,56,
2,RECUPERADO-AOT,Carga de carrera (RaceSettings/StreamManager/Loading),Assembly-CSharp,LoadingPublisher/<WaitForLevelLoad>c__Iterator60,MoveNext,0x06000a14,0x001561f4,468,
2,RECUPERADO-AOT,Carga de carrera (RaceSettings/StreamManager/Loading),Assembly-CSharp,LoadingPublisher/<WaitForLevelLoad>c__Iterator60,Reset,0x06000a16,0x00156400,64,
2,RECUPERADO-AOT,Carga de carrera (RaceSettings/StreamManager/Loading),Assembly-CSharp,LoadingPublisher/<WaitForLevelLoad>c__Iterator60,System.Collections.Generic.IEnumerator<object>.get_Current,0x06000a12,0x0015618c,52,
2,RECUPERADO-AOT,Carga de carrera (RaceSettings/StreamManager/Loading),Assembly-CSharp,LoadingPublisher/<WaitForLevelLoad>c__Iterator60,System.Collections.IEnumerator.get_Current,0x06000a13,0x001561c0,52,
2,RECUPERADO-AOT,Carga de carrera (RaceSettings/StreamManager/Loading),Assembly-CSharp,RaceSettings,.cctor,0x0600055c,0x00113dc4,116,
2,RECUPERADO-AOT,Carga de carrera (RaceSettings/StreamManager/Loading),Assembly-CSharp,RaceSettings,.ctor,0x0600055b,0x00113ab8,780,
2,RECUPERADO-AOT,Carga de carrera (RaceSettings/StreamManager/Loading),Assembly-CSharp,RaceSettings,<DetermineAICars>m__17,0x06000567,0x00114b68,128,
2,RECUPERADO-AOT,Carga de carrera (RaceSettings/StreamManager/Loading),Assembly-CSharp,RaceSettings,<DetermineAICars>m__18,0x06000568,0x00114be8,100,
2,RECUPERADO-AOT,Carga de carrera (RaceSettings/StreamManager/Loading),Assembly-CSharp,RaceSettings,Awake,0x06000563,0x001146a0,56,
2,RECUPERADO-AOT,Carga de carrera (RaceSettings/StreamManager/Loading),Assembly-CSharp,RaceSettings,CleanupCoroutine,0x06000562,0x00114660,64,
2,RECUPERADO-AOT,Carga de carrera (RaceSettings/StreamManager/Loading),Assembly-CSharp,RaceSettings,DetermineAICars,0x06000561,0x001141b4,1196,
2,RECUPERADO-AOT,Carga de carrera (RaceSettings/StreamManager/Loading),Assembly-CSharp,RaceSettings,GatherRequiredAssets,0x06000560,0x00113edc,728,
2,RECUPERADO-AOT,Carga de carrera (RaceSettings/StreamManager/Loading),Assembly-CSharp,RaceSettings,GetCircuit,0x06000566,0x001148cc,668,
2,RECUPERADO-AOT,Carga de carrera (RaceSettings/StreamManager/Loading),Assembly-CSharp,RaceSettings,Launch,0x06000565,0x001147b0,284,
2,RECUPERADO-AOT,Carga de carrera (RaceSettings/StreamManager/Loading),Assembly-CSharp,RaceSettings,StartBundleLoads,0x06000564,0x001146d8,216,
2,RECUPERADO-AOT,Carga de carrera (RaceSettings/StreamManager/Loading),Assembly-CSharp,RaceSettings,get_AICarts,0x0600055d,0x00113e38,52,
2,RECUPERADO-AOT,Carga de carrera (RaceSettings/StreamManager/Loading),Assembly-CSharp,RaceSettings,get_RaceType,0x0600055e,0x00113e6c,52,
2,RECUPERADO-AOT,Carga de carrera (RaceSettings/StreamManager/Loading),Assembly-CSharp,RaceSettings,set_RaceType,0x0600055f,0x00113ea0,60,
2,RECUPERADO-AOT,Carga de carrera (RaceSettings/StreamManager/Loading),Assembly-CSharp,RaceSettings/<CleanupCoroutine>c__Iterator48,.ctor,0x06000981,0x00150690,44,
2,RECUPERADO-AOT,Carga de carrera (RaceSettings/StreamManager/Loading),Assembly-CSharp,RaceSettings/<CleanupCoroutine>c__Iterator48,Dispose,0x06000985,0x001507c8,56,
2,RECUPERADO-AOT,Carga de carrera (RaceSettings/StreamManager/Loading),Assembly-CSharp,RaceSettings/<CleanupCoroutine>c__Iterator48,MoveNext,0x06000984,0x00150724,164,
2,RECUPERADO-AOT,Carga de carrera (RaceSettings/StreamManager/Loading),Assembly-CSharp,RaceSettings/<CleanupCoroutine>c__Iterator48,Reset,0x06000986,0x00150800,64,
2,RECUPERADO-AOT,Carga de carrera (RaceSettings/StreamManager/Loading),Assembly-CSharp,RaceSettings/<CleanupCoroutine>c__Iterator48,System.Collections.Generic.IEnumerator<object>.get_Current,0x06000982,0x001506bc,52,
2,RECUPERADO-AOT,Carga de carrera (RaceSettings/StreamManager/Loading),Assembly-CSharp,RaceSettings/<CleanupCoroutine>c__Iterator48,System.Collections.IEnumerator.get_Current,0x06000983,0x001506f0,52,
2,RECUPERADO-AOT,Carga de carrera (RaceSettings/StreamManager/Loading),Assembly-CSharp,RaceSettings/<DetermineAICars>c__AnonStorey97,.ctor,0x06000b41,0x00166938,44,
2,RECUPERADO-AOT,Carga de carrera (RaceSettings/StreamManager/Loading),Assembly-CSharp,RaceSettings/<DetermineAICars>c__AnonStorey97,<>m__16,0x06000b42,0x00166964,96,
2,RECUPERADO-AOT,Carga de carrera (RaceSettings/StreamManager/Loading),Assembly-CSharp,RaceSettings/AICartSettings,.ctor,0x06000569,0x00114c4c,44,
2,RECUPERADO-AOT,Carga de carrera (RaceSettings/StreamManager/Loading),Assembly-CSharp,StreamManager,.cctor,0x06000493,0x00104fa4,36,
2,RECUPERADO-AOT,Carga de carrera (RaceSettings/StreamManager/Loading),Assembly-CSharp,StreamManager,.ctor,0x06000492,0x00104f4c,88,
2,RECUPERADO-AOT,Carga de carrera (RaceSettings/StreamManager/Loading),Assembly-CSharp,StreamManager,Awake,0x06000496,0x00105108,56,
2,RECUPERADO-AOT,Carga de carrera (RaceSettings/StreamManager/Loading),Assembly-CSharp,StreamManager,Cleanup,0x0600049c,0x0010547c,780,se ejecuta ya en Etapa 1
2,RECUPERADO-AOT,Carga de carrera (RaceSettings/StreamManager/Loading),Assembly-CSharp,StreamManager,DebugDump,0x0600049f,0x001059e4,1756,
2,RECUPERADO-AOT,Carga de carrera (RaceSettings/StreamManager/Loading),Assembly-CSharp,StreamManager,FlushAll,0x0600049d,0x00105788,412,
2,RECUPERADO-AOT,Carga de carrera (RaceSettings/StreamManager/Loading),Assembly-CSharp,StreamManager,LoadAsset,0x06000498,0x00105198,80,
2,RECUPERADO-AOT,Carga de carrera (RaceSettings/StreamManager/Loading),Assembly-CSharp,StreamManager,PreloadAsset,0x06000499,0x001051e8,216,
2,RECUPERADO-AOT,Carga de carrera (RaceSettings/StreamManager/Loading),Assembly-CSharp,StreamManager,PrependRootFileLocation,0x0600049e,0x00105924,192,se ejecuta ya en Etapa 1
2,RECUPERADO-AOT,Carga de carrera (RaceSettings/StreamManager/Loading),Assembly-CSharp,StreamManager,ReleaseAsset,0x0600049b,0x001053e0,156,
2,RECUPERADO-AOT,Carga de carrera (RaceSettings/StreamManager/Loading),Assembly-CSharp,StreamManager,RequestAsset,0x0600049a,0x001052c0,288,
2,RECUPERADO-AOT,Carga de carrera (RaceSettings/StreamManager/Loading),Assembly-CSharp,StreamManager,Start,0x06000497,0x00105140,88,
2,RECUPERADO-AOT,Carga de carrera (RaceSettings/StreamManager/Loading),Assembly-CSharp,StreamManager,get_Instance,0x06000494,0x00104fc8,256,
2,RECUPERADO-AOT,Carga de carrera (RaceSettings/StreamManager/Loading),Assembly-CSharp,StreamManager,get_isAvailable,0x06000495,0x001050c8,64,
2,RECUPERADO-AOT,Carga de carrera (RaceSettings/StreamManager/Loading),Assembly-CSharp,StreamManager/<LoadAsset>c__Iterator32,.ctor,0x060008fd,0x0014c11c,44,
2,RECUPERADO-AOT,Carga de carrera (RaceSettings/StreamManager/Loading),Assembly-CSharp,StreamManager/<LoadAsset>c__Iterator32,Dispose,0x06000901,0x0014c3f8,56,
2,RECUPERADO-AOT,Carga de carrera (RaceSettings/StreamManager/Loading),Assembly-CSharp,StreamManager/<LoadAsset>c__Iterator32,MoveNext,0x06000900,0x0014c1b0,584,
2,RECUPERADO-AOT,Carga de carrera (RaceSettings/StreamManager/Loading),Assembly-CSharp,StreamManager/<LoadAsset>c__Iterator32,Reset,0x06000902,0x0014c430,64,
2,RECUPERADO-AOT,Carga de carrera (RaceSettings/StreamManager/Loading),Assembly-CSharp,StreamManager/<LoadAsset>c__Iterator32,System.Collections.Generic.IEnumerator<object>.get_Current,0x060008fe,0x0014c148,52,
2,RECUPERADO-AOT,Carga de carrera (RaceSettings/StreamManager/Loading),Assembly-CSharp,StreamManager/<LoadAsset>c__Iterator32,System.Collections.IEnumerator.get_Current,0x060008ff,0x0014c17c,52,
2,RECUPERADO-AOT,Carga de carrera (RaceSettings/StreamManager/Loading),Assembly-CSharp,StreamManager/Asset,.ctor,0x060004a0,0x001060c0,44,
2,RECUPERADO-AOT,Carga de carrera (RaceSettings/StreamManager/Loading),Assembly-CSharp,StreamManager/Asset,Unload,0x060004a5,0x001062dc,216,
2,RECUPERADO-AOT,Carga de carrera (RaceSettings/StreamManager/Loading),Assembly-CSharp,StreamManager/Asset,get_isDone,0x060004a1,0x001060ec,104,
2,RECUPERADO-AOT,Carga de carrera (RaceSettings/StreamManager/Loading),Assembly-CSharp,StreamManager/Asset,get_isInUse,0x060004a3,0x0010621c,64,
2,RECUPERADO-AOT,Carga de carrera (RaceSettings/StreamManager/Loading),Assembly-CSharp,StreamManager/Asset,get_mainAsset,0x060004a4,0x0010625c,128,
2,RECUPERADO-AOT,Carga de carrera (RaceSettings/StreamManager/Loading),Assembly-CSharp,StreamManager/Asset,get_progress,0x060004a2,0x00106154,200,
2,RECUPERADO-AOT,Carga de carrera (RaceSettings/StreamManager/Loading),Assembly-CSharp,StreamManager/AssetCluster,.ctor,0x060004a6,0x001063b4,100,
2,RECUPERADO-AOT,Carga de carrera (RaceSettings/StreamManager/Loading),Assembly-CSharp,StreamManager/AssetCluster,AddAsset,0x060004a9,0x00106738,124,
2,RECUPERADO-AOT,Carga de carrera (RaceSettings/StreamManager/Loading),Assembly-CSharp,StreamManager/AssetCluster,GetAsset,0x060004aa,0x001067b4,356,
2,RECUPERADO-AOT,Carga de carrera (RaceSettings/StreamManager/Loading),Assembly-CSharp,StreamManager/AssetCluster,GetMainObjectOfAsset,0x060004ab,0x00106918,132,
2,RECUPERADO-AOT,Carga de carrera (RaceSettings/StreamManager/Loading),Assembly-CSharp,StreamManager/AssetCluster,Load,0x060004ad,0x00106a98,296,
2,RECUPERADO-AOT,Carga de carrera (RaceSettings/StreamManager/Loading),Assembly-CSharp,StreamManager/AssetCluster,Preload,0x060004ac,0x0010699c,252,
2,RECUPERADO-AOT,Carga de carrera (RaceSettings/StreamManager/Loading),Assembly-CSharp,StreamManager/AssetCluster,Release,0x060004ae,0x00106bc0,316,
2,RECUPERADO-AOT,Carga de carrera (RaceSettings/StreamManager/Loading),Assembly-CSharp,StreamManager/AssetCluster,get_isDone,0x060004a8,0x001065d4,356,
2,RECUPERADO-AOT,Carga de carrera (RaceSettings/StreamManager/Loading),Assembly-CSharp,StreamManager/AssetCluster,get_progress,0x060004a7,0x00106418,444,
2,RECUPERADO-AOT,Construcción del kart y vista previa,Assembly-CSharp,AlternateForm,.ctor,0x06000208,0x000e0e00,52,
2,RECUPERADO-AOT,Construcción del kart y vista previa,Assembly-CSharp,AlternateForm,FindFirstWithForm,0x0600020a,0x000e0ed0,180,
2,RECUPERADO-AOT,Construcción del kart y vista previa,Assembly-CSharp,AlternateForm,GetBodyForm,0x0600020b,0x000e0f84,140,
2,RECUPERADO-AOT,Construcción del kart y vista previa,Assembly-CSharp,AlternateForm,IndexOf,0x06000209,0x000e0e34,156,
2,RECUPERADO-AOT,Construcción del kart y vista previa,Assembly-CSharp,AlternateForm/FormData,.ctor,0x0600020c,0x000e1010,44,
2,RECUPERADO-AOT,Construcción del kart y vista previa,Assembly-CSharp,CartAttributes,.ctor,0x0600020d,0x000e103c,404,
2,RECUPERADO-AOT,Construcción del kart y vista previa,Assembly-CSharp,CartAttributes,CompareAcceleration,0x06000211,0x000e13e0,104,
2,RECUPERADO-AOT,Construcción del kart y vista previa,Assembly-CSharp,CartAttributes,CompareHandlingRating,0x06000213,0x000e1570,104,
2,RECUPERADO-AOT,Construcción del kart y vista previa,Assembly-CSharp,CartAttributes,ComparePowerSlide,0x06000215,0x000e16ec,104,
2,RECUPERADO-AOT,Construcción del kart y vista previa,Assembly-CSharp,CartAttributes,CompareSpeed,0x0600020f,0x000e12a4,104,
2,RECUPERADO-AOT,Construcción del kart y vista previa,Assembly-CSharp,CartAttributes,GetAccelerationRating,0x06000210,0x000e130c,212,
2,RECUPERADO-AOT,Construcción del kart y vista previa,Assembly-CSharp,CartAttributes,GetHandlingRating,0x06000212,0x000e1448,296,
2,RECUPERADO-AOT,Construcción del kart y vista previa,Assembly-CSharp,CartAttributes,GetPowerSlideRating,0x06000214,0x000e15d8,276,
2,RECUPERADO-AOT,Construcción del kart y vista previa,Assembly-CSharp,CartAttributes,GetSpeedRating,0x0600020e,0x000e11d0,212,
2,RECUPERADO-AOT,Construcción del kart y vista previa,Assembly-CSharp,CartAttributes,get_MaxAttributes,0x06000216,0x000e1754,388,
2,RECUPERADO-AOT,Construcción del kart y vista previa,Assembly-CSharp,CartAttributes,get_MinAttributes,0x06000217,0x000e18d8,388,
2,RECUPERADO-AOT,Construcción del kart y vista previa,Assembly-CSharp,CartAttributes,op_Addition,0x06000218,0x000e1a5c,512,
2,RECUPERADO-AOT,Construcción del kart y vista previa,Assembly-CSharp,CartAttributes,op_Subtraction,0x06000219,0x000e1c5c,512,
2,RECUPERADO-AOT,Construcción del kart y vista previa,Assembly-CSharp,CartPart,.ctor,0x0600021a,0x000e1e5c,52,
2,RECUPERADO-AOT,Construcción del kart y vista previa,Assembly-CSharp,CartPart,GetAlternatePartOfForm,0x0600021e,0x000e207c,212,
2,RECUPERADO-AOT,Construcción del kart y vista previa,Assembly-CSharp,CartPart,get_AreAllAlternateFormsLocked,0x0600021c,0x000e1f00,180,
2,RECUPERADO-AOT,Construcción del kart y vista previa,Assembly-CSharp,CartPart,get_IsLocked,0x0600021b,0x000e1e90,112,
2,RECUPERADO-AOT,Construcción del kart y vista previa,Assembly-CSharp,CartPart,get_bodyFormType,0x0600021d,0x000e1fb4,200,
2,RECUPERADO-AOT,Construcción del kart y vista previa,Assembly-CSharp,CartPartList,.ctor,0x0600021f,0x000e2150,52,
2,RECUPERADO-AOT,Construcción del kart y vista previa,Assembly-CSharp,CartPartList,CartPartListExists,0x06000227,0x000e31cc,136,
2,RECUPERADO-AOT,Construcción del kart y vista previa,Assembly-CSharp,CartPartList,GetAllPaintJobs,0x0600022c,0x000e3428,44,
2,RECUPERADO-AOT,Construcción del kart y vista previa,Assembly-CSharp,CartPartList,GetAllParts,0x06000228,0x000e3254,44,
2,RECUPERADO-AOT,Construcción del kart y vista previa,Assembly-CSharp,CartPartList,GetDefaultParts,0x0600022b,0x000e33fc,44,
2,RECUPERADO-AOT,Construcción del kart y vista previa,Assembly-CSharp,CartPartList,GetInstance,0x06000220,0x000e2184,168,
2,RECUPERADO-AOT,Construcción del kart y vista previa,Assembly-CSharp,CartPartList,GetMostExpensiveAffordablePart,0x06000230,0x000e35e8,212,
2,RECUPERADO-AOT,Construcción del kart y vista previa,Assembly-CSharp,CartPartList,GetMostExpensiveUnlockableAffordablePart,0x06000231,0x000e36bc,1060,
2,RECUPERADO-AOT,Construcción del kart y vista previa,Assembly-CSharp,CartPartList,GetNextPurchasablePartForSlot,0x0600022f,0x000e3544,164,
2,RECUPERADO-AOT,Construcción del kart y vista previa,Assembly-CSharp,CartPartList,GetPaintJob,0x0600022d,0x000e3454,160,
2,RECUPERADO-AOT,Construcción del kart y vista previa,Assembly-CSharp,CartPartList,GetPart,0x06000229,0x000e3280,300,
2,RECUPERADO-AOT,Construcción del kart y vista previa,Assembly-CSharp,CartPartList,GetSlotPaintJobList,0x0600022e,0x000e34f4,80,
2,RECUPERADO-AOT,Construcción del kart y vista previa,Assembly-CSharp,CartPartList,GetSlotPartList,0x0600022a,0x000e33ac,80,
2,RECUPERADO-AOT,Construcción del kart y vista previa,Assembly-CSharp,CartPartList,LoadPartCosts,0x06000221,0x000e222c,1612,
2,RECUPERADO-AOT,Construcción del kart y vista previa,Assembly-CSharp,CartPartList,ModifyPartCostsCoroutine,0x06000222,0x000e2878,72,
2,RECUPERADO-AOT,Construcción del kart y vista previa,Assembly-CSharp,CartPartList,OnDisable,0x06000225,0x000e2a14,276,
2,RECUPERADO-AOT,Construcción del kart y vista previa,Assembly-CSharp,CartPartList,OnEnable,0x06000224,0x000e2900,276,
2,RECUPERADO-AOT,Construcción del kart y vista previa,Assembly-CSharp,CartPartList,OnExternalArchiveRead,0x06000223,0x000e28c0,64,
2,RECUPERADO-AOT,Construcción del kart y vista previa,Assembly-CSharp,CartPartList,Start,0x06000226,0x000e2b28,1700,
2,RECUPERADO-AOT,Construcción del kart y vista previa,Assembly-CSharp,CartPartList/<LoadPartCosts>c__AnonStorey90,.ctor,0x06000b31,0x0016653c,44,
2,RECUPERADO-AOT,Construcción del kart y vista previa,Assembly-CSharp,CartPartList/<LoadPartCosts>c__AnonStorey90,<>m__2,0x06000b32,0x00166568,72,
2,RECUPERADO-AOT,Construcción del kart y vista previa,Assembly-CSharp,CartPartList/<LoadPartCosts>c__AnonStorey90,<>m__3,0x06000b33,0x001665b0,72,
2,RECUPERADO-AOT,Construcción del kart y vista previa,Assembly-CSharp,CartPartList/<ModifyPartCostsCoroutine>c__Iterator1F,.ctor,0x06000887,0x00145b9c,44,
2,RECUPERADO-AOT,Construcción del kart y vista previa,Assembly-CSharp,CartPartList/<ModifyPartCostsCoroutine>c__Iterator1F,Dispose,0x0600088b,0x00145d34,56,
2,RECUPERADO-AOT,Construcción del kart y vista previa,Assembly-CSharp,CartPartList/<ModifyPartCostsCoroutine>c__Iterator1F,MoveNext,0x0600088a,0x00145c30,260,
2,RECUPERADO-AOT,Construcción del kart y vista previa,Assembly-CSharp,CartPartList/<ModifyPartCostsCoroutine>c__Iterator1F,Reset,0x0600088c,0x00145d6c,64,
2,RECUPERADO-AOT,Construcción del kart y vista previa,Assembly-CSharp,CartPartList/<ModifyPartCostsCoroutine>c__Iterator1F,System.Collections.Generic.IEnumerator<object>.get_Current,0x06000888,0x00145bc8,52,
2,RECUPERADO-AOT,Construcción del kart y vista previa,Assembly-CSharp,CartPartList/<ModifyPartCostsCoroutine>c__Iterator1F,System.Collections.IEnumerator.get_Current,0x06000889,0x00145bfc,52,
2,RECUPERADO-AOT,Construcción del kart y vista previa,Assembly-CSharp,CartPrimaryTextureProfile,.ctor,0x06000232,0x000e3ae0,52,
2,RECUPERADO-AOT,Construcción del kart y vista previa,Assembly-CSharp,CartPrimaryTextureProfile,Awake,0x06000234,0x000e3b90,156,
2,RECUPERADO-AOT,Construcción del kart y vista previa,Assembly-CSharp,CartPrimaryTextureProfile,get_profile,0x06000233,0x000e3b14,124,
2,RECUPERADO-AOT,Construcción del kart y vista previa,Assembly-CSharp,CartSlot,.cctor,0x06000236,0x000e3c68,3364,
2,RECUPERADO-AOT,Construcción del kart y vista previa,Assembly-CSharp,CartSlot,.ctor,0x06000235,0x000e3c2c,60,
2,RECUPERADO-AOT,Construcción del kart y vista previa,Assembly-CSharp,CartSlot,GetCustomizerCameraPosition,0x0600023e,0x000e4cd8,168,
2,RECUPERADO-AOT,Construcción del kart y vista previa,Assembly-CSharp,CartSlot,GetCustomizerCameraTarget,0x0600023d,0x000e4c30,168,
2,RECUPERADO-AOT,Construcción del kart y vista previa,Assembly-CSharp,CartSlot,GetIsSlotRequired,0x0600023c,0x000e4bc4,108,
2,RECUPERADO-AOT,Construcción del kart y vista previa,Assembly-CSharp,CartSlot,GetSlotName,0x0600023a,0x000e4ae4,112,
2,RECUPERADO-AOT,Construcción del kart y vista previa,Assembly-CSharp,CartSlot,GetSlotTargetGameObjectName,0x0600023b,0x000e4b54,112,
2,RECUPERADO-AOT,Construcción del kart y vista previa,Assembly-CSharp,CartSlot,get_name,0x06000237,0x000e498c,116,
2,RECUPERADO-AOT,Construcción del kart y vista previa,Assembly-CSharp,CartSlot,get_required,0x06000239,0x000e4a74,112,
2,RECUPERADO-AOT,Construcción del kart y vista previa,Assembly-CSharp,CartSlot,get_targetGameObjectName,0x06000238,0x000e4a00,116,
2,RECUPERADO-AOT,Construcción del kart y vista previa,Assembly-CSharp,CharacterConfigData,.ctor,0x060001e1,0x000de728,52,
2,RECUPERADO-AOT,Construcción del kart y vista previa,Assembly-CSharp,CharacterConfigData,GetCharacterCost,0x060001ea,0x000df10c,84,
2,RECUPERADO-AOT,Construcción del kart y vista previa,Assembly-CSharp,CharacterConfigData,GetCharacterIsSyncable,0x060001eb,0x000df160,48,
2,RECUPERADO-AOT,Construcción del kart y vista previa,Assembly-CSharp,CharacterConfigData,GetCharacterMessage,0x060001ec,0x000df190,340,
2,RECUPERADO-AOT,Construcción del kart y vista previa,Assembly-CSharp,CharacterConfigData,GetCharacterUnlockString,0x060001ed,0x000df2e4,132,
2,RECUPERADO-AOT,Construcción del kart y vista previa,Assembly-CSharp,CharacterConfigData,LoadDefaultConfig,0x060001e4,0x000ded50,168,
2,RECUPERADO-AOT,Construcción del kart y vista previa,Assembly-CSharp,CharacterConfigData,LoadWebConfig,0x060001e5,0x000dedf8,72,
2,RECUPERADO-AOT,Construcción del kart y vista previa,Assembly-CSharp,CharacterConfigData,OnDisable,0x060001e8,0x000def94,276,
2,RECUPERADO-AOT,Construcción del kart y vista previa,Assembly-CSharp,CharacterConfigData,OnEnable,0x060001e7,0x000dee80,276,
2,RECUPERADO-AOT,Construcción del kart y vista previa,Assembly-CSharp,CharacterConfigData,OnExternalArchiveRead,0x060001e6,0x000dee40,64,
2,RECUPERADO-AOT,Construcción del kart y vista previa,Assembly-CSharp,CharacterConfigData,ProcXML,0x060001e3,0x000de80c,1348,
2,RECUPERADO-AOT,Construcción del kart y vista previa,Assembly-CSharp,CharacterConfigData,Start,0x060001e9,0x000df0a8,100,
2,RECUPERADO-AOT,Construcción del kart y vista previa,Assembly-CSharp,CharacterConfigData,get_Instance,0x060001e2,0x000de75c,176,
2,RECUPERADO-AOT,Construcción del kart y vista previa,Assembly-CSharp,CharacterConfigData/<LoadWebConfig>c__Iterator1D,.ctor,0x0600087b,0x00145594,44,
2,RECUPERADO-AOT,Construcción del kart y vista previa,Assembly-CSharp,CharacterConfigData/<LoadWebConfig>c__Iterator1D,Dispose,0x0600087f,0x0014572c,56,
2,RECUPERADO-AOT,Construcción del kart y vista previa,Assembly-CSharp,CharacterConfigData/<LoadWebConfig>c__Iterator1D,MoveNext,0x0600087e,0x00145628,260,
2,RECUPERADO-AOT,Construcción del kart y vista previa,Assembly-CSharp,CharacterConfigData/<LoadWebConfig>c__Iterator1D,Reset,0x06000880,0x00145764,64,
2,RECUPERADO-AOT,Construcción del kart y vista previa,Assembly-CSharp,CharacterConfigData/<LoadWebConfig>c__Iterator1D,System.Collections.Generic.IEnumerator<object>.get_Current,0x0600087c,0x001455c0,52,
2,RECUPERADO-AOT,Construcción del kart y vista previa,Assembly-CSharp,CharacterConfigData/<LoadWebConfig>c__Iterator1D,System.Collections.IEnumerator.get_Current,0x0600087d,0x001455f4,52,
2,RECUPERADO-AOT,Construcción del kart y vista previa,Assembly-CSharp,CharacterConfigData/ConfigData,.ctor,0x060001ee,0x000df368,44,
2,RECUPERADO-AOT,Construcción del kart y vista previa,Assembly-CSharp,CharacterPreview,.ctor,0x06000621,0x00125af0,104,
2,RECUPERADO-AOT,Construcción del kart y vista previa,Assembly-CSharp,CharacterPreview,Blackout,0x06000627,0x001269e0,428,
2,RECUPERADO-AOT,Construcción del kart y vista previa,Assembly-CSharp,CharacterPreview,Hide,0x06000629,0x00126ca8,276,
2,RECUPERADO-AOT,Construcción del kart y vista previa,Assembly-CSharp,CharacterPreview,OnDestroy,0x06000624,0x001266e4,100,
2,RECUPERADO-AOT,Construcción del kart y vista previa,Assembly-CSharp,CharacterPreview,PlayRandomIdleAnimation,0x06000623,0x001263d8,780,
2,RECUPERADO-AOT,Construcción del kart y vista previa,Assembly-CSharp,CharacterPreview,Refresh,0x06000626,0x00126988,88,se ejecuta ya en Etapa 1
2,RECUPERADO-AOT,Construcción del kart y vista previa,Assembly-CSharp,CharacterPreview,SetCharacter,0x06000625,0x00126748,576,
2,RECUPERADO-AOT,Construcción del kart y vista previa,Assembly-CSharp,CharacterPreview,Unhide,0x06000628,0x00126b8c,284,
2,RECUPERADO-AOT,Construcción del kart y vista previa,Assembly-CSharp,CharacterPreview,Update,0x06000622,0x00125b58,2176,
2,RECUPERADO-AOT,Construcción del kart y vista previa,Assembly-CSharp,CharacterPreview/PreviewPart,.ctor,0x0600062a,0x00126dbc,44,
2,RECUPERADO-AOT,Construcción del kart y vista previa,Assembly-CSharp,CompositeProfile,.ctor,0x060001ef,0x000df394,52,
2,RECUPERADO-AOT,Construcción del kart y vista previa,Assembly-CSharp,CompositeProfile,FindSlotByName,0x060001f0,0x000df3c8,172,
2,RECUPERADO-AOT,Construcción del kart y vista previa,Assembly-CSharp,CompositeProfile,SetSlotSource,0x060001f1,0x000df474,176,
2,RECUPERADO-AOT,Construcción del kart y vista previa,Assembly-CSharp,CompositeProfile/CompositeSlot,.ctor,0x060001f3,0x000df550,44,
2,RECUPERADO-AOT,Construcción del kart y vista previa,Assembly-CSharp,CompositeProfile/CompositeSource,.ctor,0x060001f2,0x000df524,44,
2,RECUPERADO-AOT,Construcción del kart y vista previa,Assembly-CSharp,CompositeTextureUtil,AlphaBlendColor32,0x060001f5,0x000df6c4,544,
2,RECUPERADO-AOT,Construcción del kart y vista previa,Assembly-CSharp,CompositeTextureUtil,BlitPixels,0x060001f6,0x000df8e4,1148,
2,RECUPERADO-AOT,Construcción del kart y vista previa,Assembly-CSharp,CompositeTextureUtil,BlitToCachedTexture,0x060001f8,0x000dff78,656,
2,RECUPERADO-AOT,Construcción del kart y vista previa,Assembly-CSharp,CompositeTextureUtil,ColorMultiply,0x060001f4,0x000df57c,328,
2,RECUPERADO-AOT,Construcción del kart y vista previa,Assembly-CSharp,CompositeTextureUtil,GenerateCompositeTexture,0x060001f9,0x000e0208,520,
2,RECUPERADO-AOT,Construcción del kart y vista previa,Assembly-CSharp,CompositeTextureUtil,MergeLayers,0x060001f7,0x000dfd60,536,
2,RECUPERADO-AOT,Construcción del kart y vista previa,Assembly-CSharp,CompositeTextureUtil/AsyncTextureProcessor,.ctor,0x060001fa,0x000e0410,44,
2,RECUPERADO-AOT,Construcción del kart y vista previa,Assembly-CSharp,CompositeTextureUtil/AsyncTextureProcessor,GenerateCompositeTextureAsync,0x060001fb,0x000e043c,88,
2,RECUPERADO-AOT,Construcción del kart y vista previa,Assembly-CSharp,CompositeTextureUtil/AsyncTextureProcessor/<GenerateCompositeTextureAsync>c__Iterator1E,.ctor,0x06000881,0x001457a4,44,
2,RECUPERADO-AOT,Construcción del kart y vista previa,Assembly-CSharp,CompositeTextureUtil/AsyncTextureProcessor/<GenerateCompositeTextureAsync>c__Iterator1E,Dispose,0x06000885,0x00145b24,56,
2,RECUPERADO-AOT,Construcción del kart y vista previa,Assembly-CSharp,CompositeTextureUtil/AsyncTextureProcessor/<GenerateCompositeTextureAsync>c__Iterator1E,MoveNext,0x06000884,0x00145838,748,
2,RECUPERADO-AOT,Construcción del kart y vista previa,Assembly-CSharp,CompositeTextureUtil/AsyncTextureProcessor/<GenerateCompositeTextureAsync>c__Iterator1E,Reset,0x06000886,0x00145b5c,64,
2,RECUPERADO-AOT,Construcción del kart y vista previa,Assembly-CSharp,CompositeTextureUtil/AsyncTextureProcessor/<GenerateCompositeTextureAsync>c__Iterator1E,System.Collections.Generic.IEnumerator<object>.get_Current,0x06000882,0x001457d0,52,
2,RECUPERADO-AOT,Construcción del kart y vista previa,Assembly-CSharp,CompositeTextureUtil/AsyncTextureProcessor/<GenerateCompositeTextureAsync>c__Iterator1E,System.Collections.IEnumerator.get_Current,0x06000883,0x00145804,52,
2,RECUPERADO-AOT,Construcción del kart y vista previa,Assembly-CSharp,MultilayerTexture,.ctor,0x060001fc,0x000e0494,44,
2,RECUPERADO-AOT,Construcción del kart y vista previa,Assembly-CSharp,MultilayerTexture,ComposeTexture,0x060001fe,0x000e0558,320,
2,RECUPERADO-AOT,Construcción del kart y vista previa,Assembly-CSharp,MultilayerTexture,FindLayerByName,0x060001fd,0x000e04c0,152,
2,RECUPERADO-AOT,Construcción del kart y vista previa,Assembly-CSharp,MultilayerTexture,SetLayerColor,0x06000200,0x000e06ec,88,
2,RECUPERADO-AOT,Construcción del kart y vista previa,Assembly-CSharp,MultilayerTexture,SetLayerTexture,0x060001ff,0x000e0698,84,
2,RECUPERADO-AOT,Construcción del kart y vista previa,Assembly-CSharp,MultilayerTexture/Layer,.ctor,0x06000201,0x000e0744,104,
2,RECUPERADO-AOT,Construcción del kart y vista previa,Assembly-CSharp,PaintJob,.ctor,0x0600023f,0x000e4d80,52,
2,RECUPERADO-AOT,Construcción del kart y vista previa,Assembly-CSharp,PaintJob,GetTexture,0x06000240,0x000e4db4,108,
2,RECUPERADO-AOT,Construcción del kart y vista previa,Assembly-CSharp,PlayerInstance,.cctor,0x06000242,0x000e4f2c,36,
2,RECUPERADO-AOT,Construcción del kart y vista previa,Assembly-CSharp,PlayerInstance,.ctor,0x06000241,0x000e4e20,268,
2,RECUPERADO-AOT,Construcción del kart y vista previa,Assembly-CSharp,PlayerInstance,Awake,0x06000244,0x000e5050,56,
2,RECUPERADO-AOT,Construcción del kart y vista previa,Assembly-CSharp,PlayerInstance,Bootstrap,0x06000246,0x000e50e0,1764,se ejecuta ya en Etapa 1
2,RECUPERADO-AOT,Construcción del kart y vista previa,Assembly-CSharp,PlayerInstance,ConstructCart,0x06000249,0x000e5898,56,
2,RECUPERADO-AOT,Construcción del kart y vista previa,Assembly-CSharp,PlayerInstance,GetCartSlot,0x06000247,0x000e57c4,100,se ejecuta ya en Etapa 1
2,RECUPERADO-AOT,Construcción del kart y vista previa,Assembly-CSharp,PlayerInstance,GetConstructedCart,0x06000248,0x000e5828,112,
2,RECUPERADO-AOT,Construcción del kart y vista previa,Assembly-CSharp,PlayerInstance,MatchAlternateForms,0x0600024a,0x000e58d0,484,
2,RECUPERADO-AOT,Construcción del kart y vista previa,Assembly-CSharp,PlayerInstance,ReleaseCart,0x0600024b,0x000e5ab4,324,
2,RECUPERADO-AOT,Construcción del kart y vista previa,Assembly-CSharp,PlayerInstance,Start,0x06000245,0x000e5088,88,
2,RECUPERADO-AOT,Construcción del kart y vista previa,Assembly-CSharp,PlayerInstance,get_Instance,0x06000243,0x000e4f50,256,
2,RECUPERADO-AOT,Construcción del kart y vista previa,Assembly-CSharp,PlayerInstance/<ConstructCart>c__Iterator20,.ctor,0x0600088d,0x00145dac,44,
2,RECUPERADO-AOT,Construcción del kart y vista previa,Assembly-CSharp,PlayerInstance/<ConstructCart>c__Iterator20,Dispose,0x06000891,0x00147468,268,
2,RECUPERADO-AOT,Construcción del kart y vista previa,Assembly-CSharp,PlayerInstance/<ConstructCart>c__Iterator20,MoveNext,0x06000890,0x00145e40,5672,
2,RECUPERADO-AOT,Construcción del kart y vista previa,Assembly-CSharp,PlayerInstance/<ConstructCart>c__Iterator20,Reset,0x06000892,0x00147574,64,
2,RECUPERADO-AOT,Construcción del kart y vista previa,Assembly-CSharp,PlayerInstance/<ConstructCart>c__Iterator20,System.Collections.Generic.IEnumerator<object>.get_Current,0x0600088e,0x00145dd8,52,
2,RECUPERADO-AOT,Construcción del kart y vista previa,Assembly-CSharp,PlayerInstance/<ConstructCart>c__Iterator20,System.Collections.IEnumerator.get_Current,0x0600088f,0x00145e0c,52,
2,RECUPERADO-AOT,Construcción del kart y vista previa,Assembly-CSharp,PreviewCart,.ctor,0x060006c8,0x00130a78,244,
2,RECUPERADO-AOT,Construcción del kart y vista previa,Assembly-CSharp,PreviewCart,<CharacterVisibility>m__25,0x060006e2,0x0013240c,68,
2,RECUPERADO-AOT,Construcción del kart y vista previa,Assembly-CSharp,PreviewCart,AddPaint,0x060006db,0x001319d0,460,
2,RECUPERADO-AOT,Construcción del kart y vista previa,Assembly-CSharp,PreviewCart,AddPart,0x060006d9,0x001316ac,512,
2,RECUPERADO-AOT,Construcción del kart y vista previa,Assembly-CSharp,PreviewCart,ApplyPaints,0x060006cd,0x00130cfc,72,
2,RECUPERADO-AOT,Construcción del kart y vista previa,Assembly-CSharp,PreviewCart,CharacterVisibility,0x060006d3,0x00130fc4,420,
2,RECUPERADO-AOT,Construcción del kart y vista previa,Assembly-CSharp,PreviewCart,CheckLoadingCoroutine,0x060006d4,0x00131168,72,
2,RECUPERADO-AOT,Construcción del kart y vista previa,Assembly-CSharp,PreviewCart,ClearnTransparencies,0x060006e0,0x00132240,188,
2,RECUPERADO-AOT,Construcción del kart y vista previa,Assembly-CSharp,PreviewCart,ComposeCart,0x060006d0,0x00130dd4,72,
2,RECUPERADO-AOT,Construcción del kart y vista previa,Assembly-CSharp,PreviewCart,DriveOutCoroutine,0x060006d6,0x001311f8,72,
2,RECUPERADO-AOT,Construcción del kart y vista previa,Assembly-CSharp,PreviewCart,GenerateCartPreview,0x060006dd,0x00131ccc,404,se ejecuta ya en Etapa 1
2,RECUPERADO-AOT,Construcción del kart y vista previa,Assembly-CSharp,PreviewCart,GetPartTransform,0x060006de,0x00131e60,616,
2,RECUPERADO-AOT,Construcción del kart y vista previa,Assembly-CSharp,PreviewCart,OnDestroy,0x060006d8,0x001313f0,700,
2,RECUPERADO-AOT,Construcción del kart y vista previa,Assembly-CSharp,PreviewCart,RemovePaint,0x060006dc,0x00131b9c,304,
2,RECUPERADO-AOT,Construcción del kart y vista previa,Assembly-CSharp,PreviewCart,RemovePart,0x060006da,0x001318ac,292,
2,RECUPERADO-AOT,Construcción del kart y vista previa,Assembly-CSharp,PreviewCart,SetPartVisibility,0x060006d1,0x00130e1c,176,
2,RECUPERADO-AOT,Construcción del kart y vista previa,Assembly-CSharp,PreviewCart,SetSlotTransparent,0x060006e1,0x001322fc,272,
2,RECUPERADO-AOT,Construcción del kart y vista previa,Assembly-CSharp,PreviewCart,ShowLoadingObject,0x060006d2,0x00130ecc,248,
2,RECUPERADO-AOT,Construcción del kart y vista previa,Assembly-CSharp,PreviewCart,StartDriveout,0x060006df,0x001320c8,376,se ejecuta ya en Etapa 1
2,RECUPERADO-AOT,Construcción del kart y vista previa,Assembly-CSharp,PreviewCart,Update,0x060006d7,0x00131240,432,
2,RECUPERADO-AOT,Construcción del kart y vista previa,Assembly-CSharp,PreviewCart,UpdateCachedPaint,0x060006d5,0x001311b0,72,
2,RECUPERADO-AOT,Construcción del kart y vista previa,Assembly-CSharp,PreviewCart,UpdateColorShift,0x060006cf,0x00130d8c,72,
2,RECUPERADO-AOT,Construcción del kart y vista previa,Assembly-CSharp,PreviewCart,UpdateRenderers,0x060006ce,0x00130d44,72,
2,RECUPERADO-AOT,Construcción del kart y vista previa,Assembly-CSharp,PreviewCart,get_CachedPaint,0x060006c9,0x00130b6c,52,
2,RECUPERADO-AOT,Construcción del kart y vista previa,Assembly-CSharp,PreviewCart,get_IsLoading,0x060006cc,0x00130c7c,128,se ejecuta ya en Etapa 1
2,RECUPERADO-AOT,Construcción del kart y vista previa,Assembly-CSharp,PreviewCart,get_IsUpdating,0x060006cb,0x00130bdc,160,
2,RECUPERADO-AOT,Construcción del kart y vista previa,Assembly-CSharp,PreviewCart,set_CachedPaint,0x060006ca,0x00130ba0,60,
2,RECUPERADO-AOT,Construcción del kart y vista previa,Assembly-CSharp,PreviewCart/<AddPaint>c__AnonStoreyA3,.ctor,0x06000b59,0x00166f40,44,
2,RECUPERADO-AOT,Construcción del kart y vista previa,Assembly-CSharp,PreviewCart/<AddPaint>c__AnonStoreyA3,<>m__28,0x06000b5a,0x00166f6c,84,
2,RECUPERADO-AOT,Construcción del kart y vista previa,Assembly-CSharp,PreviewCart/<AddPart>c__AnonStoreyA1,.ctor,0x06000b55,0x00166e40,44,
2,RECUPERADO-AOT,Construcción del kart y vista previa,Assembly-CSharp,PreviewCart/<AddPart>c__AnonStoreyA1,<>m__26,0x06000b56,0x00166e6c,84,
2,RECUPERADO-AOT,Construcción del kart y vista previa,Assembly-CSharp,PreviewCart/<ApplyPaints>c__Iterator66,.ctor,0x06000a35,0x001575a4,44,
2,RECUPERADO-AOT,Construcción del kart y vista previa,Assembly-CSharp,PreviewCart/<ApplyPaints>c__Iterator66,<>m__2A,0x06000a3b,0x001581f0,80,
2,RECUPERADO-AOT,Construcción del kart y vista previa,Assembly-CSharp,PreviewCart/<ApplyPaints>c__Iterator66,Dispose,0x06000a39,0x00158008,424,
2,RECUPERADO-AOT,Construcción del kart y vista previa,Assembly-CSharp,PreviewCart/<ApplyPaints>c__Iterator66,MoveNext,0x06000a38,0x00157638,2512,
2,RECUPERADO-AOT,Construcción del kart y vista previa,Assembly-CSharp,PreviewCart/<ApplyPaints>c__Iterator66,Reset,0x06000a3a,0x001581b0,64,
2,RECUPERADO-AOT,Construcción del kart y vista previa,Assembly-CSharp,PreviewCart/<ApplyPaints>c__Iterator66,System.Collections.Generic.IEnumerator<object>.get_Current,0x06000a36,0x001575d0,52,
2,RECUPERADO-AOT,Construcción del kart y vista previa,Assembly-CSharp,PreviewCart/<ApplyPaints>c__Iterator66,System.Collections.IEnumerator.get_Current,0x06000a37,0x00157604,52,
2,RECUPERADO-AOT,Construcción del kart y vista previa,Assembly-CSharp,PreviewCart/<CheckLoadingCoroutine>c__Iterator6A,.ctor,0x06000a4e,0x00159a58,44,
2,RECUPERADO-AOT,Construcción del kart y vista previa,Assembly-CSharp,PreviewCart/<CheckLoadingCoroutine>c__Iterator6A,Dispose,0x06000a52,0x0015a110,56,
2,RECUPERADO-AOT,Construcción del kart y vista previa,Assembly-CSharp,PreviewCart/<CheckLoadingCoroutine>c__Iterator6A,MoveNext,0x06000a51,0x00159aec,1572,
2,RECUPERADO-AOT,Construcción del kart y vista previa,Assembly-CSharp,PreviewCart/<CheckLoadingCoroutine>c__Iterator6A,Reset,0x06000a53,0x0015a148,64,
2,RECUPERADO-AOT,Construcción del kart y vista previa,Assembly-CSharp,PreviewCart/<CheckLoadingCoroutine>c__Iterator6A,System.Collections.Generic.IEnumerator<object>.get_Current,0x06000a4f,0x00159a84,52,
2,RECUPERADO-AOT,Construcción del kart y vista previa,Assembly-CSharp,PreviewCart/<CheckLoadingCoroutine>c__Iterator6A,System.Collections.IEnumerator.get_Current,0x06000a50,0x00159ab8,52,
2,RECUPERADO-AOT,Construcción del kart y vista previa,Assembly-CSharp,PreviewCart/<ComposeCart>c__Iterator69,.ctor,0x06000a48,0x00158ca8,44,
2,RECUPERADO-AOT,Construcción del kart y vista previa,Assembly-CSharp,PreviewCart/<ComposeCart>c__Iterator69,Dispose,0x06000a4c,0x00159840,472,
2,RECUPERADO-AOT,Construcción del kart y vista previa,Assembly-CSharp,PreviewCart/<ComposeCart>c__Iterator69,MoveNext,0x06000a4b,0x00158d3c,2820,
2,RECUPERADO-AOT,Construcción del kart y vista previa,Assembly-CSharp,PreviewCart/<ComposeCart>c__Iterator69,Reset,0x06000a4d,0x00159a18,64,
2,RECUPERADO-AOT,Construcción del kart y vista previa,Assembly-CSharp,PreviewCart/<ComposeCart>c__Iterator69,System.Collections.Generic.IEnumerator<object>.get_Current,0x06000a49,0x00158cd4,52,
2,RECUPERADO-AOT,Construcción del kart y vista previa,Assembly-CSharp,PreviewCart/<ComposeCart>c__Iterator69,System.Collections.IEnumerator.get_Current,0x06000a4a,0x00158d08,52,
2,RECUPERADO-AOT,Construcción del kart y vista previa,Assembly-CSharp,PreviewCart/<DriveOutCoroutine>c__Iterator6C,.ctor,0x06000a5b,0x0015ac10,44,
2,RECUPERADO-AOT,Construcción del kart y vista previa,Assembly-CSharp,PreviewCart/<DriveOutCoroutine>c__Iterator6C,Dispose,0x06000a5f,0x0015b7b0,56,
2,RECUPERADO-AOT,Construcción del kart y vista previa,Assembly-CSharp,PreviewCart/<DriveOutCoroutine>c__Iterator6C,MoveNext,0x06000a5e,0x0015aca4,2828,
2,RECUPERADO-AOT,Construcción del kart y vista previa,Assembly-CSharp,PreviewCart/<DriveOutCoroutine>c__Iterator6C,Reset,0x06000a60,0x0015b7e8,64,
2,RECUPERADO-AOT,Construcción del kart y vista previa,Assembly-CSharp,PreviewCart/<DriveOutCoroutine>c__Iterator6C,System.Collections.Generic.IEnumerator<object>.get_Current,0x06000a5c,0x0015ac3c,52,
2,RECUPERADO-AOT,Construcción del kart y vista previa,Assembly-CSharp,PreviewCart/<DriveOutCoroutine>c__Iterator6C,System.Collections.IEnumerator.get_Current,0x06000a5d,0x0015ac70,52,
2,RECUPERADO-AOT,Construcción del kart y vista previa,Assembly-CSharp,PreviewCart/<RemovePaint>c__AnonStoreyA4,.ctor,0x06000b5b,0x00166fc0,44,
2,RECUPERADO-AOT,Construcción del kart y vista previa,Assembly-CSharp,PreviewCart/<RemovePaint>c__AnonStoreyA4,<>m__29,0x06000b5c,0x00166fec,104,
2,RECUPERADO-AOT,Construcción del kart y vista previa,Assembly-CSharp,PreviewCart/<RemovePart>c__AnonStoreyA2,.ctor,0x06000b57,0x00166ec0,44,
2,RECUPERADO-AOT,Construcción del kart y vista previa,Assembly-CSharp,PreviewCart/<RemovePart>c__AnonStoreyA2,<>m__27,0x06000b58,0x00166eec,84,
2,RECUPERADO-AOT,Construcción del kart y vista previa,Assembly-CSharp,PreviewCart/<UpdateCachedPaint>c__Iterator6B,.ctor,0x06000a54,0x0015a188,44,
2,RECUPERADO-AOT,Construcción del kart y vista previa,Assembly-CSharp,PreviewCart/<UpdateCachedPaint>c__Iterator6B,<>m__2B,0x06000a5a,0x0015abc0,80,
2,RECUPERADO-AOT,Construcción del kart y vista previa,Assembly-CSharp,PreviewCart/<UpdateCachedPaint>c__Iterator6B,Dispose,0x06000a58,0x0015aa74,268,
2,RECUPERADO-AOT,Construcción del kart y vista previa,Assembly-CSharp,PreviewCart/<UpdateCachedPaint>c__Iterator6B,MoveNext,0x06000a57,0x0015a21c,2136,
2,RECUPERADO-AOT,Construcción del kart y vista previa,Assembly-CSharp,PreviewCart/<UpdateCachedPaint>c__Iterator6B,Reset,0x06000a59,0x0015ab80,64,
2,RECUPERADO-AOT,Construcción del kart y vista previa,Assembly-CSharp,PreviewCart/<UpdateCachedPaint>c__Iterator6B,System.Collections.Generic.IEnumerator<object>.get_Current,0x06000a55,0x0015a1b4,52,
2,RECUPERADO-AOT,Construcción del kart y vista previa,Assembly-CSharp,PreviewCart/<UpdateCachedPaint>c__Iterator6B,System.Collections.IEnumerator.get_Current,0x06000a56,0x0015a1e8,52,
2,RECUPERADO-AOT,Construcción del kart y vista previa,Assembly-CSharp,PreviewCart/<UpdateColorShift>c__Iterator68,.ctor,0x06000a42,0x0015886c,44,
2,RECUPERADO-AOT,Construcción del kart y vista previa,Assembly-CSharp,PreviewCart/<UpdateColorShift>c__Iterator68,Dispose,0x06000a46,0x00158c30,56,
2,RECUPERADO-AOT,Construcción del kart y vista previa,Assembly-CSharp,PreviewCart/<UpdateColorShift>c__Iterator68,MoveNext,0x06000a45,0x00158900,816,
2,RECUPERADO-AOT,Construcción del kart y vista previa,Assembly-CSharp,PreviewCart/<UpdateColorShift>c__Iterator68,Reset,0x06000a47,0x00158c68,64,
2,RECUPERADO-AOT,Construcción del kart y vista previa,Assembly-CSharp,PreviewCart/<UpdateColorShift>c__Iterator68,System.Collections.Generic.IEnumerator<object>.get_Current,0x06000a43,0x00158898,52,
2,RECUPERADO-AOT,Construcción del kart y vista previa,Assembly-CSharp,PreviewCart/<UpdateColorShift>c__Iterator68,System.Collections.IEnumerator.get_Current,0x06000a44,0x001588cc,52,
2,RECUPERADO-AOT,Construcción del kart y vista previa,Assembly-CSharp,PreviewCart/<UpdateRenderers>c__Iterator67,.ctor,0x06000a3c,0x00158240,44,
2,RECUPERADO-AOT,Construcción del kart y vista previa,Assembly-CSharp,PreviewCart/<UpdateRenderers>c__Iterator67,Dispose,0x06000a40,0x00158720,268,
2,RECUPERADO-AOT,Construcción del kart y vista previa,Assembly-CSharp,PreviewCart/<UpdateRenderers>c__Iterator67,MoveNext,0x06000a3f,0x001582d4,1100,
2,RECUPERADO-AOT,Construcción del kart y vista previa,Assembly-CSharp,PreviewCart/<UpdateRenderers>c__Iterator67,Reset,0x06000a41,0x0015882c,64,
2,RECUPERADO-AOT,Construcción del kart y vista previa,Assembly-CSharp,PreviewCart/<UpdateRenderers>c__Iterator67,System.Collections.Generic.IEnumerator<object>.get_Current,0x06000a3d,0x0015826c,52,
2,RECUPERADO-AOT,Construcción del kart y vista previa,Assembly-CSharp,PreviewCart/<UpdateRenderers>c__Iterator67,System.Collections.IEnumerator.get_Current,0x06000a3e,0x001582a0,52,
2,RECUPERADO-AOT,Construcción del kart y vista previa,Assembly-CSharp,PreviewCart/PreviewPaint,.ctor,0x060006e4,0x0013247c,44,
2,RECUPERADO-AOT,Construcción del kart y vista previa,Assembly-CSharp,PreviewCart/PreviewPart,.ctor,0x060006e3,0x00132450,44,
2,RECUPERADO-AOT,Construcción del kart y vista previa,Assembly-CSharp,SourceFactory,.ctor,0x0600032a,0x000eef24,56,
2,RECUPERADO-AOT,Construcción del kart y vista previa,Assembly-CSharp,SourceFactory,GetSource,0x0600032b,0x000eef5c,140,
2,RECUPERADO-AOT,Construcción del kart y vista previa,Assembly-CSharp,SourceFactory,GetUsedList,0x0600032d,0x000ef0a4,52,
2,RECUPERADO-AOT,Construcción del kart y vista previa,Assembly-CSharp,SourceFactory,Init,0x0600032e,0x000ef0d8,556,
2,RECUPERADO-AOT,Construcción del kart y vista previa,Assembly-CSharp,SourceFactory,RecycleSources,0x0600032c,0x000eefe8,188,
2,RECUPERADO-AOT,Construcción del kart y vista previa,Assembly-CSharp,SourceFactory,SetPriority,0x0600032f,0x000ef304,608,
2,RECUPERADO-AOT,Construcción del kart y vista previa,Assembly-CSharp,StreamedMultilayerTexture,.ctor,0x06000202,0x000e07ac,44,
2,RECUPERADO-AOT,Construcción del kart y vista previa,Assembly-CSharp,StreamedMultilayerTexture,IsLoaded,0x06000206,0x000e0d7c,88,
2,RECUPERADO-AOT,Construcción del kart y vista previa,Assembly-CSharp,StreamedMultilayerTexture,PrepareMultilayerTexture,0x06000203,0x000e07d8,1164,
2,RECUPERADO-AOT,Construcción del kart y vista previa,Assembly-CSharp,StreamedMultilayerTexture,ReleaseAssets,0x06000205,0x000e0cd0,172,
2,RECUPERADO-AOT,Construcción del kart y vista previa,Assembly-CSharp,StreamedMultilayerTexture,RequestAssets,0x06000204,0x000e0c64,108,
2,RECUPERADO-AOT,Construcción del kart y vista previa,Assembly-CSharp,StreamedMultilayerTexture/Layer,.ctor,0x06000207,0x000e0dd4,44,
2,RECUPERADO-AOT,Selección de circuito/pista/personaje,Assembly-CSharp,CharacterButtonPublisher,.ctor,0x0600061f,0x00125a38,52,
2,RECUPERADO-AOT,Selección de circuito/pista/personaje,Assembly-CSharp,CharacterButtonPublisher,OnPressedButton,0x06000620,0x00125a6c,132,
2,RECUPERADO-AOT,Selección de circuito/pista/personaje,Assembly-CSharp,CharacterSelectPublisher,.ctor,0x0600062b,0x00126de8,60,
2,RECUPERADO-AOT,Selección de circuito/pista/personaje,Assembly-CSharp,CharacterSelectPublisher,<Start>m__23,0x0600063b,0x00128ca0,80,
2,RECUPERADO-AOT,Selección de circuito/pista/personaje,Assembly-CSharp,CharacterSelectPublisher,Awake,0x0600062c,0x00126e24,108,
2,RECUPERADO-AOT,Selección de circuito/pista/personaje,Assembly-CSharp,CharacterSelectPublisher,IsTemporary,0x06000639,0x00128588,288,
2,RECUPERADO-AOT,Selección de circuito/pista/personaje,Assembly-CSharp,CharacterSelectPublisher,LoadInLocalizedAssets,0x0600062d,0x00126e90,88,
2,RECUPERADO-AOT,Selección de circuito/pista/personaje,Assembly-CSharp,CharacterSelectPublisher,OnDestroy,0x06000635,0x001280c4,192,
2,RECUPERADO-AOT,Selección de circuito/pista/personaje,Assembly-CSharp,CharacterSelectPublisher,PressedAction,0x06000638,0x00128264,804,
2,RECUPERADO-AOT,Selección de circuito/pista/personaje,Assembly-CSharp,CharacterSelectPublisher,PressedLeftArrow,0x06000637,0x001281f4,112,
2,RECUPERADO-AOT,Selección de circuito/pista/personaje,Assembly-CSharp,CharacterSelectPublisher,PressedRightArrow,0x06000636,0x00128184,112,
2,RECUPERADO-AOT,Selección de circuito/pista/personaje,Assembly-CSharp,CharacterSelectPublisher,RefreshCharacter,0x0600062f,0x00127314,136,
2,RECUPERADO-AOT,Selección de circuito/pista/personaje,Assembly-CSharp,CharacterSelectPublisher,RefreshDisplay,0x06000632,0x00127750,1680,
2,RECUPERADO-AOT,Selección de circuito/pista/personaje,Assembly-CSharp,CharacterSelectPublisher,RefreshStatBars,0x06000631,0x0012771c,52,
2,RECUPERADO-AOT,Selección de circuito/pista/personaje,Assembly-CSharp,CharacterSelectPublisher,SetCharacter,0x0600062e,0x00126ee8,1068,
2,RECUPERADO-AOT,Selección de circuito/pista/personaje,Assembly-CSharp,CharacterSelectPublisher,SetStatBar,0x06000630,0x0012739c,896,
2,RECUPERADO-AOT,Selección de circuito/pista/personaje,Assembly-CSharp,CharacterSelectPublisher,Start,0x06000633,0x00127de0,348,
2,RECUPERADO-AOT,Selección de circuito/pista/personaje,Assembly-CSharp,CharacterSelectPublisher,Update,0x06000634,0x00127f3c,392,
2,RECUPERADO-AOT,Selección de circuito/pista/personaje,Assembly-CSharp,CharacterSelectPublisher,UpdateLogo,0x0600063a,0x001286a8,1528,
2,RECUPERADO-AOT,Selección de circuito/pista/personaje,Assembly-CSharp,CharacterSelectPublisher/<LoadInLocalizedAssets>c__Iterator54,.ctor,0x060009c9,0x00153994,44,
2,RECUPERADO-AOT,Selección de circuito/pista/personaje,Assembly-CSharp,CharacterSelectPublisher/<LoadInLocalizedAssets>c__Iterator54,Dispose,0x060009cd,0x00153dd4,268,
2,RECUPERADO-AOT,Selección de circuito/pista/personaje,Assembly-CSharp,CharacterSelectPublisher/<LoadInLocalizedAssets>c__Iterator54,MoveNext,0x060009cc,0x00153a28,940,
2,RECUPERADO-AOT,Selección de circuito/pista/personaje,Assembly-CSharp,CharacterSelectPublisher/<LoadInLocalizedAssets>c__Iterator54,Reset,0x060009ce,0x00153ee0,64,
2,RECUPERADO-AOT,Selección de circuito/pista/personaje,Assembly-CSharp,CharacterSelectPublisher/<LoadInLocalizedAssets>c__Iterator54,System.Collections.Generic.IEnumerator<object>.get_Current,0x060009ca,0x001539c0,52,
2,RECUPERADO-AOT,Selección de circuito/pista/personaje,Assembly-CSharp,CharacterSelectPublisher/<LoadInLocalizedAssets>c__Iterator54,System.Collections.IEnumerator.get_Current,0x060009cb,0x001539f4,52,
2,RECUPERADO-AOT,Selección de circuito/pista/personaje,Assembly-CSharp,CharacterSelectPublisher/Logo,.ctor,0x0600063c,0x00128cf0,44,
2,RECUPERADO-AOT,Selección de circuito/pista/personaje,Assembly-CSharp,DifficultyMenuPublisher,.ctor,0x06000654,0x00129444,52,
2,RECUPERADO-AOT,Selección de circuito/pista/personaje,Assembly-CSharp,DifficultyMenuPublisher,CalculateCompletion,0x06000655,0x00129478,252,
2,RECUPERADO-AOT,Selección de circuito/pista/personaje,Assembly-CSharp,DifficultyMenuPublisher,PushedEasy,0x06000658,0x00129948,100,
2,RECUPERADO-AOT,Selección de circuito/pista/personaje,Assembly-CSharp,DifficultyMenuPublisher,PushedHard,0x0600065a,0x00129a60,180,
2,RECUPERADO-AOT,Selección de circuito/pista/personaje,Assembly-CSharp,DifficultyMenuPublisher,PushedMedium,0x06000659,0x001299ac,180,
2,RECUPERADO-AOT,Selección de circuito/pista/personaje,Assembly-CSharp,DifficultyMenuPublisher,ShowPopover,0x06000656,0x00129574,144,
2,RECUPERADO-AOT,Selección de circuito/pista/personaje,Assembly-CSharp,DifficultyMenuPublisher,Start,0x06000657,0x00129604,836,
2,RECUPERADO-AOT,Selección de circuito/pista/personaje,Assembly-CSharp,SelectCircuitPublisher,.ctor,0x060006e5,0x001324a8,268,
2,RECUPERADO-AOT,Selección de circuito/pista/personaje,Assembly-CSharp,SelectCircuitPublisher,AnimateIn,0x060006eb,0x00132bb8,72,
2,RECUPERADO-AOT,Selección de circuito/pista/personaje,Assembly-CSharp,SelectCircuitPublisher,DetermineTrophies,0x060006ea,0x0013287c,828,
2,RECUPERADO-AOT,Selección de circuito/pista/personaje,Assembly-CSharp,SelectCircuitPublisher,LoadCircuitTextures,0x060006e6,0x001325b4,72,
2,RECUPERADO-AOT,Selección de circuito/pista/personaje,Assembly-CSharp,SelectCircuitPublisher,OnDisable,0x060006e8,0x00132804,48,
2,RECUPERADO-AOT,Selección de circuito/pista/personaje,Assembly-CSharp,SelectCircuitPublisher,OnEnable,0x060006e7,0x001325fc,520,
2,RECUPERADO-AOT,Selección de circuito/pista/personaje,Assembly-CSharp,SelectCircuitPublisher,PressedCircuitButton1,0x060006ec,0x00132c00,248,
2,RECUPERADO-AOT,Selección de circuito/pista/personaje,Assembly-CSharp,SelectCircuitPublisher,PressedCircuitButton2,0x060006ed,0x00132cf8,300,
2,RECUPERADO-AOT,Selección de circuito/pista/personaje,Assembly-CSharp,SelectCircuitPublisher,PressedCircuitButton3,0x060006ee,0x00132e24,300,
2,RECUPERADO-AOT,Selección de circuito/pista/personaje,Assembly-CSharp,SelectCircuitPublisher,PressedPranksgiving,0x060006f1,0x00133084,228,
2,RECUPERADO-AOT,Selección de circuito/pista/personaje,Assembly-CSharp,SelectCircuitPublisher,PressedTutorial,0x060006f0,0x00132f90,244,
2,RECUPERADO-AOT,Selección de circuito/pista/personaje,Assembly-CSharp,SelectCircuitPublisher,ShowPopupDialog,0x060006f2,0x00133168,184,
2,RECUPERADO-AOT,Selección de circuito/pista/personaje,Assembly-CSharp,SelectCircuitPublisher,Start,0x060006e9,0x00132834,72,
2,RECUPERADO-AOT,Selección de circuito/pista/personaje,Assembly-CSharp,SelectCircuitPublisher,StartTutLoad,0x060006ef,0x00132f50,64,
2,RECUPERADO-AOT,Selección de circuito/pista/personaje,Assembly-CSharp,SelectCircuitPublisher/<AnimateIn>c__Iterator6F,.ctor,0x06000a72,0x0015cd30,44,
2,RECUPERADO-AOT,Selección de circuito/pista/personaje,Assembly-CSharp,SelectCircuitPublisher/<AnimateIn>c__Iterator6F,Dispose,0x06000a76,0x0015d0c4,56,
2,RECUPERADO-AOT,Selección de circuito/pista/personaje,Assembly-CSharp,SelectCircuitPublisher/<AnimateIn>c__Iterator6F,MoveNext,0x06000a75,0x0015cdc4,768,
2,RECUPERADO-AOT,Selección de circuito/pista/personaje,Assembly-CSharp,SelectCircuitPublisher/<AnimateIn>c__Iterator6F,Reset,0x06000a77,0x0015d0fc,64,
2,RECUPERADO-AOT,Selección de circuito/pista/personaje,Assembly-CSharp,SelectCircuitPublisher/<AnimateIn>c__Iterator6F,System.Collections.Generic.IEnumerator<object>.get_Current,0x06000a73,0x0015cd5c,52,
2,RECUPERADO-AOT,Selección de circuito/pista/personaje,Assembly-CSharp,SelectCircuitPublisher/<AnimateIn>c__Iterator6F,System.Collections.IEnumerator.get_Current,0x06000a74,0x0015cd90,52,
2,RECUPERADO-AOT,Selección de circuito/pista/personaje,Assembly-CSharp,SelectCircuitPublisher/<LoadCircuitTextures>c__Iterator6D,.ctor,0x06000a61,0x0015b828,44,
2,RECUPERADO-AOT,Selección de circuito/pista/personaje,Assembly-CSharp,SelectCircuitPublisher/<LoadCircuitTextures>c__Iterator6D,Dispose,0x06000a65,0x0015bf88,56,
2,RECUPERADO-AOT,Selección de circuito/pista/personaje,Assembly-CSharp,SelectCircuitPublisher/<LoadCircuitTextures>c__Iterator6D,MoveNext,0x06000a64,0x0015b8bc,1740,
2,RECUPERADO-AOT,Selección de circuito/pista/personaje,Assembly-CSharp,SelectCircuitPublisher/<LoadCircuitTextures>c__Iterator6D,Reset,0x06000a66,0x0015bfc0,64,
2,RECUPERADO-AOT,Selección de circuito/pista/personaje,Assembly-CSharp,SelectCircuitPublisher/<LoadCircuitTextures>c__Iterator6D,System.Collections.Generic.IEnumerator<object>.get_Current,0x06000a62,0x0015b854,52,
2,RECUPERADO-AOT,Selección de circuito/pista/personaje,Assembly-CSharp,SelectCircuitPublisher/<LoadCircuitTextures>c__Iterator6D,System.Collections.IEnumerator.get_Current,0x06000a63,0x0015b888,52,
2,RECUPERADO-AOT,Selección de circuito/pista/personaje,Assembly-CSharp,SelectCircuitPublisher/<Start>c__Iterator6E,.ctor,0x06000a67,0x0015c000,44,
2,RECUPERADO-AOT,Selección de circuito/pista/personaje,Assembly-CSharp,SelectCircuitPublisher/<Start>c__Iterator6E,<>m__2C,0x06000a6d,0x0015cba0,80,
2,RECUPERADO-AOT,Selección de circuito/pista/personaje,Assembly-CSharp,SelectCircuitPublisher/<Start>c__Iterator6E,<>m__2D,0x06000a6e,0x0015cbf0,80,
2,RECUPERADO-AOT,Selección de circuito/pista/personaje,Assembly-CSharp,SelectCircuitPublisher/<Start>c__Iterator6E,<>m__2E,0x06000a6f,0x0015cc40,80,
2,RECUPERADO-AOT,Selección de circuito/pista/personaje,Assembly-CSharp,SelectCircuitPublisher/<Start>c__Iterator6E,<>m__2F,0x06000a70,0x0015cc90,80,
2,RECUPERADO-AOT,Selección de circuito/pista/personaje,Assembly-CSharp,SelectCircuitPublisher/<Start>c__Iterator6E,<>m__30,0x06000a71,0x0015cce0,80,
2,RECUPERADO-AOT,Selección de circuito/pista/personaje,Assembly-CSharp,SelectCircuitPublisher/<Start>c__Iterator6E,Dispose,0x06000a6b,0x0015cb28,56,
2,RECUPERADO-AOT,Selección de circuito/pista/personaje,Assembly-CSharp,SelectCircuitPublisher/<Start>c__Iterator6E,MoveNext,0x06000a6a,0x0015c094,2708,
2,RECUPERADO-AOT,Selección de circuito/pista/personaje,Assembly-CSharp,SelectCircuitPublisher/<Start>c__Iterator6E,Reset,0x06000a6c,0x0015cb60,64,
2,RECUPERADO-AOT,Selección de circuito/pista/personaje,Assembly-CSharp,SelectCircuitPublisher/<Start>c__Iterator6E,System.Collections.Generic.IEnumerator<object>.get_Current,0x06000a68,0x0015c02c,52,
2,RECUPERADO-AOT,Selección de circuito/pista/personaje,Assembly-CSharp,SelectCircuitPublisher/<Start>c__Iterator6E,System.Collections.IEnumerator.get_Current,0x06000a69,0x0015c060,52,
2,RECUPERADO-AOT,Selección de circuito/pista/personaje,Assembly-CSharp,SelectCircuitPublisher/<StartTutLoad>c__Iterator70,.ctor,0x06000a78,0x0015d13c,44,
2,RECUPERADO-AOT,Selección de circuito/pista/personaje,Assembly-CSharp,SelectCircuitPublisher/<StartTutLoad>c__Iterator70,Dispose,0x06000a7c,0x0015d28c,56,
2,RECUPERADO-AOT,Selección de circuito/pista/personaje,Assembly-CSharp,SelectCircuitPublisher/<StartTutLoad>c__Iterator70,MoveNext,0x06000a7b,0x0015d1d0,188,
2,RECUPERADO-AOT,Selección de circuito/pista/personaje,Assembly-CSharp,SelectCircuitPublisher/<StartTutLoad>c__Iterator70,Reset,0x06000a7d,0x0015d2c4,64,
2,RECUPERADO-AOT,Selección de circuito/pista/personaje,Assembly-CSharp,SelectCircuitPublisher/<StartTutLoad>c__Iterator70,System.Collections.Generic.IEnumerator<object>.get_Current,0x06000a79,0x0015d168,52,
2,RECUPERADO-AOT,Selección de circuito/pista/personaje,Assembly-CSharp,SelectCircuitPublisher/<StartTutLoad>c__Iterator70,System.Collections.IEnumerator.get_Current,0x06000a7a,0x0015d19c,52,
2,RECUPERADO-AOT,Selección de circuito/pista/personaje,Assembly-CSharp,SelectCircuitPublisher/CircuitBanner,.ctor,0x060006f3,0x00133220,44,
2,RECUPERADO-AOT,Selección de circuito/pista/personaje,Assembly-CSharp,SelectCircuitPublisher/TrophyAssets,.ctor,0x060006f4,0x0013324c,44,
2,RECUPERADO-AOT,Selección de circuito/pista/personaje,Assembly-CSharp,TrackSelectPublisher,.ctor,0x0600071d,0x0013619c,268,
2,RECUPERADO-AOT,Selección de circuito/pista/personaje,Assembly-CSharp,TrackSelectPublisher,DetermineTrophies,0x06000722,0x00136688,1620,
2,RECUPERADO-AOT,Selección de circuito/pista/personaje,Assembly-CSharp,TrackSelectPublisher,FixedUpdate,0x06000723,0x00136cdc,536,
2,RECUPERADO-AOT,Selección de circuito/pista/personaje,Assembly-CSharp,TrackSelectPublisher,GetTrackIconsList,0x0600071e,0x001362a8,148,
2,RECUPERADO-AOT,Selección de circuito/pista/personaje,Assembly-CSharp,TrackSelectPublisher,PressedBackButton,0x06000727,0x0013714c,84,
2,RECUPERADO-AOT,Selección de circuito/pista/personaje,Assembly-CSharp,TrackSelectPublisher,PressedTrackButton1,0x06000724,0x00136ef4,200,
2,RECUPERADO-AOT,Selección de circuito/pista/personaje,Assembly-CSharp,TrackSelectPublisher,PressedTrackButton2,0x06000725,0x00136fbc,200,
2,RECUPERADO-AOT,Selección de circuito/pista/personaje,Assembly-CSharp,TrackSelectPublisher,PressedTrackButton3,0x06000726,0x00137084,200,
2,RECUPERADO-AOT,Selección de circuito/pista/personaje,Assembly-CSharp,TrackSelectPublisher,RaceOrSummary,0x06000720,0x00136480,136,
2,RECUPERADO-AOT,Selección de circuito/pista/personaje,Assembly-CSharp,TrackSelectPublisher,Refresh,0x0600071f,0x0013633c,324,
2,RECUPERADO-AOT,Selección de circuito/pista/personaje,Assembly-CSharp,TrackSelectPublisher,Start,0x06000721,0x00136508,384,
2,RECUPERADO-AOT,Selección de circuito/pista/personaje,Assembly-CSharp,TrackSelectPublisher,UpdateTrackSnapshots,0x06000728,0x001371a0,1356,
2,RECUPERADO-AOT,Selección de circuito/pista/personaje,Assembly-CSharp,TrackSelectPublisher/TrackIcon,.ctor,0x06000729,0x001376ec,44,
2,RECUPERADO-AOT,Selección de circuito/pista/personaje,Assembly-CSharp,TrackUnlockHelper,.ctor,0x06000584,0x00118b04,52,
2,RECUPERADO-AOT,Selección de circuito/pista/personaje,Assembly-CSharp,TrackUnlockHelper,CheckForPreraceSetupUnlock,0x0600058c,0x00118f9c,336,
2,RECUPERADO-AOT,Selección de circuito/pista/personaje,Assembly-CSharp,TrackUnlockHelper,GetCircuitMedalCount,0x0600058a,0x00118c90,448,
2,RECUPERADO-AOT,Selección de circuito/pista/personaje,Assembly-CSharp,TrackUnlockHelper,GetCircuitTracks,0x06000592,0x00119778,372,
2,RECUPERADO-AOT,Selección de circuito/pista/personaje,Assembly-CSharp,TrackUnlockHelper,GetHasEnoughMedals,0x06000589,0x00118c34,92,
2,RECUPERADO-AOT,Selección de circuito/pista/personaje,Assembly-CSharp,TrackUnlockHelper,GetHighestTrackPlace,0x0600058f,0x0011938c,396,
2,RECUPERADO-AOT,Selección de circuito/pista/personaje,Assembly-CSharp,TrackUnlockHelper,GetTrackMedalCount,0x06000591,0x001195d4,420,
2,RECUPERADO-AOT,Selección de circuito/pista/personaje,Assembly-CSharp,TrackUnlockHelper,IsCircuitUnlocked,0x0600058b,0x00118e50,332,se ejecuta ya en Etapa 1
2,RECUPERADO-AOT,Selección de circuito/pista/personaje,Assembly-CSharp,TrackUnlockHelper,RelockEverything,0x0600058e,0x0011923c,336,se ejecuta ya en Etapa 1
2,RECUPERADO-AOT,Selección de circuito/pista/personaje,Assembly-CSharp,TrackUnlockHelper,Start,0x06000587,0x00118bb8,72,
2,RECUPERADO-AOT,Selección de circuito/pista/personaje,Assembly-CSharp,TrackUnlockHelper,TestForUltraHard,0x06000590,0x00119518,188,
2,RECUPERADO-AOT,Selección de circuito/pista/personaje,Assembly-CSharp,TrackUnlockHelper,UnlockAllEverything,0x0600058d,0x001190ec,336,
2,RECUPERADO-AOT,Selección de circuito/pista/personaje,Assembly-CSharp,TrackUnlockHelper,get_CanPranksgiving,0x06000588,0x00118c00,52,
2,RECUPERADO-AOT,Selección de circuito/pista/personaje,Assembly-CSharp,TrackUnlockHelper,get_DebugUnlock,0x06000585,0x00118b38,52,
2,RECUPERADO-AOT,Selección de circuito/pista/personaje,Assembly-CSharp,TrackUnlockHelper,set_DebugUnlock,0x06000586,0x00118b6c,76,se ejecuta ya en Etapa 1
2,RECUPERADO-AOT,Selección de circuito/pista/personaje,Assembly-CSharp,TrackUnlockHelper/<GetCircuitMedalCount>c__AnonStorey98,.ctor,0x06000b43,0x001669c4,44,
2,RECUPERADO-AOT,Selección de circuito/pista/personaje,Assembly-CSharp,TrackUnlockHelper/<GetCircuitMedalCount>c__AnonStorey98,<>m__19,0x06000b44,0x001669f0,76,
2,RECUPERADO-AOT,Selección de circuito/pista/personaje,Assembly-CSharp,TrackUnlockHelper/<GetCircuitTracks>c__AnonStorey9A,.ctor,0x06000b47,0x00166abc,44,
2,RECUPERADO-AOT,Selección de circuito/pista/personaje,Assembly-CSharp,TrackUnlockHelper/<GetCircuitTracks>c__AnonStorey9A,<>m__1B,0x06000b48,0x00166ae8,76,
2,RECUPERADO-AOT,Selección de circuito/pista/personaje,Assembly-CSharp,TrackUnlockHelper/<GetTrackMedalCount>c__AnonStorey99,.ctor,0x06000b45,0x00166a3c,44,
2,RECUPERADO-AOT,Selección de circuito/pista/personaje,Assembly-CSharp,TrackUnlockHelper/<GetTrackMedalCount>c__AnonStorey99,<>m__1A,0x06000b46,0x00166a68,84,
2,RECUPERADO-AOT,Selección de circuito/pista/personaje,Assembly-CSharp,TrackUnlockHelper/<Start>c__Iterator49,.ctor,0x06000987,0x00150840,44,
2,RECUPERADO-AOT,Selección de circuito/pista/personaje,Assembly-CSharp,TrackUnlockHelper/<Start>c__Iterator49,Dispose,0x0600098b,0x00150b6c,56,
2,RECUPERADO-AOT,Selección de circuito/pista/personaje,Assembly-CSharp,TrackUnlockHelper/<Start>c__Iterator49,MoveNext,0x0600098a,0x001508d4,664,
2,RECUPERADO-AOT,Selección de circuito/pista/personaje,Assembly-CSharp,TrackUnlockHelper/<Start>c__Iterator49,Reset,0x0600098c,0x00150ba4,64,
2,RECUPERADO-AOT,Selección de circuito/pista/personaje,Assembly-CSharp,TrackUnlockHelper/<Start>c__Iterator49,System.Collections.Generic.IEnumerator<object>.get_Current,0x06000988,0x0015086c,52,
2,RECUPERADO-AOT,Selección de circuito/pista/personaje,Assembly-CSharp,TrackUnlockHelper/<Start>c__Iterator49,System.Collections.IEnumerator.get_Current,0x06000989,0x001508a0,52,
2,RECUPERADO-AOT,Selección de circuito/pista/personaje,Assembly-CSharp,TrackUnlockHelper/CircuitTracks,.ctor,0x06000594,0x00119918,44,
2,RECUPERADO-AOT,Selección de circuito/pista/personaje,Assembly-CSharp,TrackUnlockHelper/TrackMedals,.ctor,0x06000593,0x001198ec,44,
2,RECUPERADO-AOT,Selección de circuito/pista/personaje,Assembly-CSharp,UnlockedCircuitPublisher,.ctor,0x06000730,0x00137950,76,
2,RECUPERADO-AOT,Selección de circuito/pista/personaje,Assembly-CSharp,UnlockedCircuitPublisher,LoadCircuitTextures,0x06000737,0x00137d54,72,
2,RECUPERADO-AOT,Selección de circuito/pista/personaje,Assembly-CSharp,UnlockedCircuitPublisher,SetContent,0x06000736,0x00137c74,224,
2,RECUPERADO-AOT,Selección de circuito/pista/personaje,Assembly-CSharp,UnlockedCircuitPublisher,ShowCircuitBanner,0x06000735,0x00137a98,476,
2,RECUPERADO-AOT,Selección de circuito/pista/personaje,Assembly-CSharp,UnlockedCircuitPublisher,Start,0x06000733,0x00137a0c,72,
2,RECUPERADO-AOT,Selección de circuito/pista/personaje,Assembly-CSharp,UnlockedCircuitPublisher,Update,0x06000734,0x00137a54,68,
2,RECUPERADO-AOT,Selección de circuito/pista/personaje,Assembly-CSharp,UnlockedCircuitPublisher,get_Circuit,0x06000731,0x0013799c,52,
2,RECUPERADO-AOT,Selección de circuito/pista/personaje,Assembly-CSharp,UnlockedCircuitPublisher,set_Circuit,0x06000732,0x001379d0,60,
2,RECUPERADO-AOT,Selección de circuito/pista/personaje,Assembly-CSharp,UnlockedCircuitPublisher/<LoadCircuitTextures>c__Iterator75,.ctor,0x06000a96,0x0015de6c,44,
2,RECUPERADO-AOT,Selección de circuito/pista/personaje,Assembly-CSharp,UnlockedCircuitPublisher/<LoadCircuitTextures>c__Iterator75,Dispose,0x06000a9a,0x0015e5ec,56,
2,RECUPERADO-AOT,Selección de circuito/pista/personaje,Assembly-CSharp,UnlockedCircuitPublisher/<LoadCircuitTextures>c__Iterator75,MoveNext,0x06000a99,0x0015df00,1772,
2,RECUPERADO-AOT,Selección de circuito/pista/personaje,Assembly-CSharp,UnlockedCircuitPublisher/<LoadCircuitTextures>c__Iterator75,Reset,0x06000a9b,0x0015e624,64,
2,RECUPERADO-AOT,Selección de circuito/pista/personaje,Assembly-CSharp,UnlockedCircuitPublisher/<LoadCircuitTextures>c__Iterator75,System.Collections.Generic.IEnumerator<object>.get_Current,0x06000a97,0x0015de98,52,
2,RECUPERADO-AOT,Selección de circuito/pista/personaje,Assembly-CSharp,UnlockedCircuitPublisher/<LoadCircuitTextures>c__Iterator75,System.Collections.IEnumerator.get_Current,0x06000a98,0x0015decc,52,
2,RECUPERADO-AOT,Selección de circuito/pista/personaje,Assembly-CSharp,UnlockedCircuitPublisher/<Start>c__Iterator74,.ctor,0x06000a90,0x0015dc9c,44,
2,RECUPERADO-AOT,Selección de circuito/pista/personaje,Assembly-CSharp,UnlockedCircuitPublisher/<Start>c__Iterator74,Dispose,0x06000a94,0x0015ddf4,56,
2,RECUPERADO-AOT,Selección de circuito/pista/personaje,Assembly-CSharp,UnlockedCircuitPublisher/<Start>c__Iterator74,MoveNext,0x06000a93,0x0015dd30,196,
2,RECUPERADO-AOT,Selección de circuito/pista/personaje,Assembly-CSharp,UnlockedCircuitPublisher/<Start>c__Iterator74,Reset,0x06000a95,0x0015de2c,64,
2,RECUPERADO-AOT,Selección de circuito/pista/personaje,Assembly-CSharp,UnlockedCircuitPublisher/<Start>c__Iterator74,System.Collections.Generic.IEnumerator<object>.get_Current,0x06000a91,0x0015dcc8,52,
2,RECUPERADO-AOT,Selección de circuito/pista/personaje,Assembly-CSharp,UnlockedCircuitPublisher/<Start>c__Iterator74,System.Collections.IEnumerator.get_Current,0x06000a92,0x0015dcfc,52,
2,RECUPERADO-AOT,Selección de circuito/pista/personaje,Assembly-CSharp,UnlockedCircuitPublisher/CircuitBanner,.ctor,0x06000738,0x00137d9c,44,
3,RECUPERADO-AOT,Cámaras de carrera,Assembly-CSharp,CameraWobble,.ctor,0x06000401,0x000fb39c,52,
3,RECUPERADO-AOT,Cámaras de carrera,Assembly-CSharp,CameraWobble,Update,0x06000402,0x000fb3d0,464,
3,RECUPERADO-AOT,Cámaras de carrera,Assembly-CSharp,FollowCamera,.ctor,0x060001a2,0x000d6538,724,
3,RECUPERADO-AOT,Cámaras de carrera,Assembly-CSharp,FollowCamera,CrashCamUpdate,0x060001a5,0x000d70e4,184,
3,RECUPERADO-AOT,Cámaras de carrera,Assembly-CSharp,FollowCamera,FixedUpdate,0x060001a7,0x000d724c,804,
3,RECUPERADO-AOT,Cámaras de carrera,Assembly-CSharp,FollowCamera,NoCarUpdate,0x060001a3,0x000d680c,676,
3,RECUPERADO-AOT,Cámaras de carrera,Assembly-CSharp,FollowCamera,SetCrashCam,0x060001a8,0x000d7570,212,
3,RECUPERADO-AOT,Cámaras de carrera,Assembly-CSharp,FollowCamera,Start,0x060001a6,0x000d719c,176,
3,RECUPERADO-AOT,Cámaras de carrera,Assembly-CSharp,FollowCamera,WithCarUpdate,0x060001a4,0x000d6ab0,1588,
3,RECUPERADO-AOT,Cámaras de carrera,Assembly-CSharp,PreRaceCamera,.ctor,0x060001a9,0x000d7644,124,
3,RECUPERADO-AOT,Cámaras de carrera,Assembly-CSharp,PreRaceCamera,Awake,0x060001ac,0x000d789c,220,
3,RECUPERADO-AOT,Cámaras de carrera,Assembly-CSharp,PreRaceCamera,FixedUpdate,0x060001ad,0x000d7978,1752,
3,RECUPERADO-AOT,Cámaras de carrera,Assembly-CSharp,PreRaceCamera,OnDrawGizmos,0x060001b0,0x000d87e8,268,
3,RECUPERADO-AOT,Cámaras de carrera,Assembly-CSharp,PreRaceCamera,SetNextTargetIndex,0x060001aa,0x000d76c0,312,
3,RECUPERADO-AOT,Cámaras de carrera,Assembly-CSharp,PreRaceCamera,ShutdownPreRace,0x060001af,0x000d865c,396,
3,RECUPERADO-AOT,Cámaras de carrera,Assembly-CSharp,PreRaceCamera,StartCamera,0x060001ae,0x000d8050,1548,
3,RECUPERADO-AOT,Cámaras de carrera,Assembly-CSharp,PreRaceCamera,Update,0x060001ab,0x000d77f8,164,
3,RECUPERADO-AOT,Gestión de carrera,Assembly-CSharp,CarProgress,.ctor,0x06000516,0x0010dacc,88,
3,RECUPERADO-AOT,Gestión de carrera,Assembly-CSharp,CarProgress,GetProgressCopy,0x06000517,0x0010db24,140,
3,RECUPERADO-AOT,Gestión de carrera,Assembly-CSharp,DebugTrackStrapper,.ctor,0x06000518,0x0010dbb0,268,
3,RECUPERADO-AOT,Gestión de carrera,Assembly-CSharp,DebugTrackStrapper,Start,0x06000519,0x0010dcbc,364,
3,RECUPERADO-AOT,Gestión de carrera,Assembly-CSharp,ObjectTrackDistanceLogic,.ctor,0x06000520,0x0010e0b0,52,
3,RECUPERADO-AOT,Gestión de carrera,Assembly-CSharp,ObjectTrackDistanceLogic,CalculateTrackDistance,0x06000525,0x0010e25c,120,
3,RECUPERADO-AOT,Gestión de carrera,Assembly-CSharp,ObjectTrackDistanceLogic,OnDisable,0x06000524,0x0010e1cc,144,
3,RECUPERADO-AOT,Gestión de carrera,Assembly-CSharp,ObjectTrackDistanceLogic,OnEnable,0x06000523,0x0010e13c,144,
3,RECUPERADO-AOT,Gestión de carrera,Assembly-CSharp,ObjectTrackDistanceLogic,Start,0x06000521,0x0010e0e4,44,
3,RECUPERADO-AOT,Gestión de carrera,Assembly-CSharp,ObjectTrackDistanceLogic,Update,0x06000522,0x0010e110,44,
3,RECUPERADO-AOT,Gestión de carrera,Assembly-CSharp,RaceManager,.cctor,0x0600052a,0x0010e4e8,36,
3,RECUPERADO-AOT,Gestión de carrera,Assembly-CSharp,RaceManager,.ctor,0x06000529,0x0010e4ac,60,
3,RECUPERADO-AOT,Gestión de carrera,Assembly-CSharp,RaceManager,<CalculateCarPositions>m__12,0x06000556,0x00113788,216,
3,RECUPERADO-AOT,Gestión de carrera,Assembly-CSharp,RaceManager,<EndRace>m__14,0x06000558,0x001138c0,352,
3,RECUPERADO-AOT,Gestión de carrera,Assembly-CSharp,RaceManager,<EndRace>m__15,0x06000559,0x00113a20,92,
3,RECUPERADO-AOT,Gestión de carrera,Assembly-CSharp,RaceManager,<Init>m__13,0x06000557,0x00113860,96,
3,RECUPERADO-AOT,Gestión de carrera,Assembly-CSharp,RaceManager,AdvanceCarLap,0x06000544,0x00111758,2164,
3,RECUPERADO-AOT,Gestión de carrera,Assembly-CSharp,RaceManager,CalculateCarPositionPump,0x06000531,0x0010e8e0,72,
3,RECUPERADO-AOT,Gestión de carrera,Assembly-CSharp,RaceManager,CalculateCarPositions,0x06000537,0x0010ebb8,1640,
3,RECUPERADO-AOT,Gestión de carrera,Assembly-CSharp,RaceManager,CleanupRace,0x06000543,0x00111604,340,
3,RECUPERADO-AOT,Gestión de carrera,Assembly-CSharp,RaceManager,DoFinishLineEffect,0x06000533,0x0010e970,92,
3,RECUPERADO-AOT,Gestión de carrera,Assembly-CSharp,RaceManager,EliminateCar,0x06000545,0x00111fcc,88,
3,RECUPERADO-AOT,Gestión de carrera,Assembly-CSharp,RaceManager,EndRace,0x0600053c,0x00110a0c,2372,
3,RECUPERADO-AOT,Gestión de carrera,Assembly-CSharp,RaceManager,GetCarInPosition,0x0600054a,0x001121d8,152,
3,RECUPERADO-AOT,Gestión de carrera,Assembly-CSharp,RaceManager,GetCarIsActive,0x06000554,0x00113000,140,
3,RECUPERADO-AOT,Gestión de carrera,Assembly-CSharp,RaceManager,GetCarLap,0x06000546,0x00112024,92,
3,RECUPERADO-AOT,Gestión de carrera,Assembly-CSharp,RaceManager,GetCarLastProgressTrigger,0x06000548,0x001120dc,132,
3,RECUPERADO-AOT,Gestión de carrera,Assembly-CSharp,RaceManager,GetCarLastTrackDistance,0x0600054b,0x00112270,184,
3,RECUPERADO-AOT,Gestión de carrera,Assembly-CSharp,RaceManager,GetCarPosition,0x06000549,0x00112160,120,
3,RECUPERADO-AOT,Gestión de carrera,Assembly-CSharp,RaceManager,GetOrderedCarList,0x0600054c,0x00112328,208,
3,RECUPERADO-AOT,Gestión de carrera,Assembly-CSharp,RaceManager,GetPlayerCar,0x06000551,0x001129cc,44,
3,RECUPERADO-AOT,Gestión de carrera,Assembly-CSharp,RaceManager,Init,0x0600053a,0x0010f440,5264,
3,RECUPERADO-AOT,Gestión de carrera,Assembly-CSharp,RaceManager,InitRace,0x0600054e,0x001126a4,136,se ejecuta ya en Etapa 2
3,RECUPERADO-AOT,Gestión de carrera,Assembly-CSharp,RaceManager,IsPlayerCar,0x06000552,0x001129f8,60,
3,RECUPERADO-AOT,Gestión de carrera,Assembly-CSharp,RaceManager,PauseRace,0x06000550,0x00112778,596,
3,RECUPERADO-AOT,Gestión de carrera,Assembly-CSharp,RaceManager,PlayAmbientNoise,0x0600053b,0x001108d0,316,
3,RECUPERADO-AOT,Gestión de carrera,Assembly-CSharp,RaceManager,PlayRandomAnimation,0x06000535,0x0010ea24,332,
3,RECUPERADO-AOT,Gestión de carrera,Assembly-CSharp,RaceManager,PostRaceCountdown,0x06000534,0x0010e9cc,88,
3,RECUPERADO-AOT,Gestión de carrera,Assembly-CSharp,RaceManager,PreLaunchCoroutine,0x06000536,0x0010eb70,72,
3,RECUPERADO-AOT,Gestión de carrera,Assembly-CSharp,RaceManager,PreraceCountdown,0x06000532,0x0010e928,72,
3,RECUPERADO-AOT,Gestión de carrera,Assembly-CSharp,RaceManager,RaceOutCoroutine,0x06000530,0x0010e8a0,64,
3,RECUPERADO-AOT,Gestión de carrera,Assembly-CSharp,RaceManager,RaceRewind,0x06000555,0x0011308c,1788,
3,RECUPERADO-AOT,Gestión de carrera,Assembly-CSharp,RaceManager,RecordSnapshot,0x06000553,0x00112a34,1484,
3,RECUPERADO-AOT,Gestión de carrera,Assembly-CSharp,RaceManager,SetCarProgressTrigger,0x06000547,0x00112080,92,
3,RECUPERADO-AOT,Gestión de carrera,Assembly-CSharp,RaceManager,SpawnCoins,0x06000538,0x0010f220,56,
3,RECUPERADO-AOT,Gestión de carrera,Assembly-CSharp,RaceManager,SpawnCoins,0x06000539,0x0010f258,488,
3,RECUPERADO-AOT,Gestión de carrera,Assembly-CSharp,RaceManager,StartMusic,0x0600054d,0x001123f8,684,
3,RECUPERADO-AOT,Gestión de carrera,Assembly-CSharp,RaceManager,StartRaceRewind,0x0600054f,0x0011272c,76,
3,RECUPERADO-AOT,Gestión de carrera,Assembly-CSharp,RaceManager,add_raceInitFinishedEvent,0x0600052b,0x0010e50c,160,
3,RECUPERADO-AOT,Gestión de carrera,Assembly-CSharp,RaceManager,get_Exists,0x0600052e,0x0010e818,64,
3,RECUPERADO-AOT,Gestión de carrera,Assembly-CSharp,RaceManager,get_Instance,0x0600052d,0x0010e64c,460,
3,RECUPERADO-AOT,Gestión de carrera,Assembly-CSharp,RaceManager,get_allCars,0x0600053d,0x00111350,84,
3,RECUPERADO-AOT,Gestión de carrera,Assembly-CSharp,RaceManager,get_elapsedTime,0x0600053f,0x001113d0,316,
3,RECUPERADO-AOT,Gestión de carrera,Assembly-CSharp,RaceManager,get_isPaused,0x0600052f,0x0010e858,72,se ejecuta ya en Etapa 1
3,RECUPERADO-AOT,Gestión de carrera,Assembly-CSharp,RaceManager,get_lastWaypoint,0x06000541,0x00111538,84,
3,RECUPERADO-AOT,Gestión de carrera,Assembly-CSharp,RaceManager,get_leadCar,0x0600053e,0x001113a4,44,
3,RECUPERADO-AOT,Gestión de carrera,Assembly-CSharp,RaceManager,get_totalNumLaps,0x06000540,0x0011150c,44,
3,RECUPERADO-AOT,Gestión de carrera,Assembly-CSharp,RaceManager,get_totalTrackLength,0x06000542,0x0011158c,120,
3,RECUPERADO-AOT,Gestión de carrera,Assembly-CSharp,RaceManager,remove_raceInitFinishedEvent,0x0600052c,0x0010e5ac,160,
3,RECUPERADO-AOT,Gestión de carrera,Assembly-CSharp,RaceManager/<CalculateCarPositionPump>c__Iterator41,.ctor,0x06000957,0x0014e9c8,44,
3,RECUPERADO-AOT,Gestión de carrera,Assembly-CSharp,RaceManager/<CalculateCarPositionPump>c__Iterator41,Dispose,0x0600095b,0x0014eb28,56,
3,RECUPERADO-AOT,Gestión de carrera,Assembly-CSharp,RaceManager/<CalculateCarPositionPump>c__Iterator41,MoveNext,0x0600095a,0x0014ea5c,204,
3,RECUPERADO-AOT,Gestión de carrera,Assembly-CSharp,RaceManager/<CalculateCarPositionPump>c__Iterator41,Reset,0x0600095c,0x0014eb60,64,
3,RECUPERADO-AOT,Gestión de carrera,Assembly-CSharp,RaceManager/<CalculateCarPositionPump>c__Iterator41,System.Collections.Generic.IEnumerator<object>.get_Current,0x06000958,0x0014e9f4,52,
3,RECUPERADO-AOT,Gestión de carrera,Assembly-CSharp,RaceManager/<CalculateCarPositionPump>c__Iterator41,System.Collections.IEnumerator.get_Current,0x06000959,0x0014ea28,52,
3,RECUPERADO-AOT,Gestión de carrera,Assembly-CSharp,RaceManager/<DoFinishLineEffect>c__Iterator43,.ctor,0x06000963,0x0014ef5c,44,
3,RECUPERADO-AOT,Gestión de carrera,Assembly-CSharp,RaceManager/<DoFinishLineEffect>c__Iterator43,Dispose,0x06000967,0x0014f5bc,56,
3,RECUPERADO-AOT,Gestión de carrera,Assembly-CSharp,RaceManager/<DoFinishLineEffect>c__Iterator43,MoveNext,0x06000966,0x0014eff0,1484,
3,RECUPERADO-AOT,Gestión de carrera,Assembly-CSharp,RaceManager/<DoFinishLineEffect>c__Iterator43,Reset,0x06000968,0x0014f5f4,64,
3,RECUPERADO-AOT,Gestión de carrera,Assembly-CSharp,RaceManager/<DoFinishLineEffect>c__Iterator43,System.Collections.Generic.IEnumerator<object>.get_Current,0x06000964,0x0014ef88,52,
3,RECUPERADO-AOT,Gestión de carrera,Assembly-CSharp,RaceManager/<DoFinishLineEffect>c__Iterator43,System.Collections.IEnumerator.get_Current,0x06000965,0x0014efbc,52,
3,RECUPERADO-AOT,Gestión de carrera,Assembly-CSharp,RaceManager/<EliminateCar>c__Iterator46,.ctor,0x06000975,0x0014ff10,44,
3,RECUPERADO-AOT,Gestión de carrera,Assembly-CSharp,RaceManager/<EliminateCar>c__Iterator46,Dispose,0x06000979,0x00150440,56,
3,RECUPERADO-AOT,Gestión de carrera,Assembly-CSharp,RaceManager/<EliminateCar>c__Iterator46,MoveNext,0x06000978,0x0014ffa4,1180,
3,RECUPERADO-AOT,Gestión de carrera,Assembly-CSharp,RaceManager/<EliminateCar>c__Iterator46,Reset,0x0600097a,0x00150478,64,
3,RECUPERADO-AOT,Gestión de carrera,Assembly-CSharp,RaceManager/<EliminateCar>c__Iterator46,System.Collections.Generic.IEnumerator<object>.get_Current,0x06000976,0x0014ff3c,52,
3,RECUPERADO-AOT,Gestión de carrera,Assembly-CSharp,RaceManager/<EliminateCar>c__Iterator46,System.Collections.IEnumerator.get_Current,0x06000977,0x0014ff70,52,
3,RECUPERADO-AOT,Gestión de carrera,Assembly-CSharp,RaceManager/<PostRaceCountdown>c__Iterator44,.ctor,0x06000969,0x0014f634,44,
3,RECUPERADO-AOT,Gestión de carrera,Assembly-CSharp,RaceManager/<PostRaceCountdown>c__Iterator44,Dispose,0x0600096d,0x0014fc44,56,
3,RECUPERADO-AOT,Gestión de carrera,Assembly-CSharp,RaceManager/<PostRaceCountdown>c__Iterator44,MoveNext,0x0600096c,0x0014f6c8,1404,
3,RECUPERADO-AOT,Gestión de carrera,Assembly-CSharp,RaceManager/<PostRaceCountdown>c__Iterator44,Reset,0x0600096e,0x0014fc7c,64,
3,RECUPERADO-AOT,Gestión de carrera,Assembly-CSharp,RaceManager/<PostRaceCountdown>c__Iterator44,System.Collections.Generic.IEnumerator<object>.get_Current,0x0600096a,0x0014f660,52,
3,RECUPERADO-AOT,Gestión de carrera,Assembly-CSharp,RaceManager/<PostRaceCountdown>c__Iterator44,System.Collections.IEnumerator.get_Current,0x0600096b,0x0014f694,52,
3,RECUPERADO-AOT,Gestión de carrera,Assembly-CSharp,RaceManager/<PreLaunchCoroutine>c__Iterator45,.ctor,0x0600096f,0x0014fcbc,44,
3,RECUPERADO-AOT,Gestión de carrera,Assembly-CSharp,RaceManager/<PreLaunchCoroutine>c__Iterator45,Dispose,0x06000973,0x0014fe98,56,
3,RECUPERADO-AOT,Gestión de carrera,Assembly-CSharp,RaceManager/<PreLaunchCoroutine>c__Iterator45,MoveNext,0x06000972,0x0014fd50,328,
3,RECUPERADO-AOT,Gestión de carrera,Assembly-CSharp,RaceManager/<PreLaunchCoroutine>c__Iterator45,Reset,0x06000974,0x0014fed0,64,
3,RECUPERADO-AOT,Gestión de carrera,Assembly-CSharp,RaceManager/<PreLaunchCoroutine>c__Iterator45,System.Collections.Generic.IEnumerator<object>.get_Current,0x06000970,0x0014fce8,52,
3,RECUPERADO-AOT,Gestión de carrera,Assembly-CSharp,RaceManager/<PreLaunchCoroutine>c__Iterator45,System.Collections.IEnumerator.get_Current,0x06000971,0x0014fd1c,52,
3,RECUPERADO-AOT,Gestión de carrera,Assembly-CSharp,RaceManager/<PreraceCountdown>c__Iterator42,.ctor,0x0600095d,0x0014eba0,44,
3,RECUPERADO-AOT,Gestión de carrera,Assembly-CSharp,RaceManager/<PreraceCountdown>c__Iterator42,Dispose,0x06000961,0x0014eee4,56,
3,RECUPERADO-AOT,Gestión de carrera,Assembly-CSharp,RaceManager/<PreraceCountdown>c__Iterator42,MoveNext,0x06000960,0x0014ec34,688,
3,RECUPERADO-AOT,Gestión de carrera,Assembly-CSharp,RaceManager/<PreraceCountdown>c__Iterator42,Reset,0x06000962,0x0014ef1c,64,
3,RECUPERADO-AOT,Gestión de carrera,Assembly-CSharp,RaceManager/<PreraceCountdown>c__Iterator42,System.Collections.Generic.IEnumerator<object>.get_Current,0x0600095e,0x0014ebcc,52,
3,RECUPERADO-AOT,Gestión de carrera,Assembly-CSharp,RaceManager/<PreraceCountdown>c__Iterator42,System.Collections.IEnumerator.get_Current,0x0600095f,0x0014ec00,52,
3,RECUPERADO-AOT,Gestión de carrera,Assembly-CSharp,RaceManager/<RaceOutCoroutine>c__Iterator40,.ctor,0x06000951,0x0014e6dc,44,
3,RECUPERADO-AOT,Gestión de carrera,Assembly-CSharp,RaceManager/<RaceOutCoroutine>c__Iterator40,Dispose,0x06000955,0x0014e950,56,
3,RECUPERADO-AOT,Gestión de carrera,Assembly-CSharp,RaceManager/<RaceOutCoroutine>c__Iterator40,MoveNext,0x06000954,0x0014e770,480,
3,RECUPERADO-AOT,Gestión de carrera,Assembly-CSharp,RaceManager/<RaceOutCoroutine>c__Iterator40,Reset,0x06000956,0x0014e988,64,
3,RECUPERADO-AOT,Gestión de carrera,Assembly-CSharp,RaceManager/<RaceOutCoroutine>c__Iterator40,System.Collections.Generic.IEnumerator<object>.get_Current,0x06000952,0x0014e708,52,
3,RECUPERADO-AOT,Gestión de carrera,Assembly-CSharp,RaceManager/<RaceOutCoroutine>c__Iterator40,System.Collections.IEnumerator.get_Current,0x06000953,0x0014e73c,52,
3,RECUPERADO-AOT,Gestión de carrera,Assembly-CSharp,RaceManager/<StartRaceRewind>c__Iterator47,.ctor,0x0600097b,0x001504b8,44,
3,RECUPERADO-AOT,Gestión de carrera,Assembly-CSharp,RaceManager/<StartRaceRewind>c__Iterator47,Dispose,0x0600097f,0x00150618,56,
3,RECUPERADO-AOT,Gestión de carrera,Assembly-CSharp,RaceManager/<StartRaceRewind>c__Iterator47,MoveNext,0x0600097e,0x0015054c,204,
3,RECUPERADO-AOT,Gestión de carrera,Assembly-CSharp,RaceManager/<StartRaceRewind>c__Iterator47,Reset,0x06000980,0x00150650,64,
3,RECUPERADO-AOT,Gestión de carrera,Assembly-CSharp,RaceManager/<StartRaceRewind>c__Iterator47,System.Collections.Generic.IEnumerator<object>.get_Current,0x0600097c,0x001504e4,52,
3,RECUPERADO-AOT,Gestión de carrera,Assembly-CSharp,RaceManager/<StartRaceRewind>c__Iterator47,System.Collections.IEnumerator.get_Current,0x0600097d,0x00150518,52,
3,RECUPERADO-AOT,Gestión de carrera,Assembly-CSharp,RaceResults,.ctor,0x0600055a,0x00113a7c,60,
3,RECUPERADO-AOT,"HUD, pausa y resultados",Assembly-CSharp,BlipTrackPublisher,.ctor,0x06000741,0x001387c4,52,
3,RECUPERADO-AOT,"HUD, pausa y resultados",Assembly-CSharp,BlipTrackPublisher,InitBlips,0x06000742,0x001387f8,864,
3,RECUPERADO-AOT,"HUD, pausa y resultados",Assembly-CSharp,BlipTrackPublisher,InitValues,0x06000743,0x00138b58,176,
3,RECUPERADO-AOT,"HUD, pausa y resultados",Assembly-CSharp,BlipTrackPublisher,UpdateBlips,0x06000744,0x00138c08,1320,
3,RECUPERADO-AOT,"HUD, pausa y resultados",Assembly-CSharp,DriftScalePublisher,.ctor,0x0600074d,0x00139364,100,
3,RECUPERADO-AOT,"HUD, pausa y resultados",Assembly-CSharp,DriftScalePublisher,BlinkLabelCoroutine,0x0600074e,0x001393c8,72,
3,RECUPERADO-AOT,"HUD, pausa y resultados",Assembly-CSharp,DriftScalePublisher,BlinkWarningCoroutine,0x0600074f,0x00139410,72,
3,RECUPERADO-AOT,"HUD, pausa y resultados",Assembly-CSharp,DriftScalePublisher,Start,0x06000750,0x00139458,500,
3,RECUPERADO-AOT,"HUD, pausa y resultados",Assembly-CSharp,DriftScalePublisher,Update,0x06000751,0x0013964c,828,
3,RECUPERADO-AOT,"HUD, pausa y resultados",Assembly-CSharp,DriftScalePublisher/<BlinkLabelCoroutine>c__Iterator77,.ctor,0x06000aa2,0x0015e848,44,
3,RECUPERADO-AOT,"HUD, pausa y resultados",Assembly-CSharp,DriftScalePublisher/<BlinkLabelCoroutine>c__Iterator77,Dispose,0x06000aa6,0x0015ea54,56,
3,RECUPERADO-AOT,"HUD, pausa y resultados",Assembly-CSharp,DriftScalePublisher/<BlinkLabelCoroutine>c__Iterator77,MoveNext,0x06000aa5,0x0015e8dc,376,
3,RECUPERADO-AOT,"HUD, pausa y resultados",Assembly-CSharp,DriftScalePublisher/<BlinkLabelCoroutine>c__Iterator77,Reset,0x06000aa7,0x0015ea8c,64,
3,RECUPERADO-AOT,"HUD, pausa y resultados",Assembly-CSharp,DriftScalePublisher/<BlinkLabelCoroutine>c__Iterator77,System.Collections.Generic.IEnumerator<object>.get_Current,0x06000aa3,0x0015e874,52,
3,RECUPERADO-AOT,"HUD, pausa y resultados",Assembly-CSharp,DriftScalePublisher/<BlinkLabelCoroutine>c__Iterator77,System.Collections.IEnumerator.get_Current,0x06000aa4,0x0015e8a8,52,
3,RECUPERADO-AOT,"HUD, pausa y resultados",Assembly-CSharp,DriftScalePublisher/<BlinkWarningCoroutine>c__Iterator78,.ctor,0x06000aa8,0x0015eacc,44,
3,RECUPERADO-AOT,"HUD, pausa y resultados",Assembly-CSharp,DriftScalePublisher/<BlinkWarningCoroutine>c__Iterator78,Dispose,0x06000aac,0x0015ed84,56,
3,RECUPERADO-AOT,"HUD, pausa y resultados",Assembly-CSharp,DriftScalePublisher/<BlinkWarningCoroutine>c__Iterator78,MoveNext,0x06000aab,0x0015eb60,548,
3,RECUPERADO-AOT,"HUD, pausa y resultados",Assembly-CSharp,DriftScalePublisher/<BlinkWarningCoroutine>c__Iterator78,Reset,0x06000aad,0x0015edbc,64,
3,RECUPERADO-AOT,"HUD, pausa y resultados",Assembly-CSharp,DriftScalePublisher/<BlinkWarningCoroutine>c__Iterator78,System.Collections.Generic.IEnumerator<object>.get_Current,0x06000aa9,0x0015eaf8,52,
3,RECUPERADO-AOT,"HUD, pausa y resultados",Assembly-CSharp,DriftScalePublisher/<BlinkWarningCoroutine>c__Iterator78,System.Collections.IEnumerator.get_Current,0x06000aaa,0x0015eb2c,52,
3,RECUPERADO-AOT,"HUD, pausa y resultados",Assembly-CSharp,HUDLogic,.cctor,0x06000753,0x00139a14,36,
3,RECUPERADO-AOT,"HUD, pausa y resultados",Assembly-CSharp,HUDLogic,.ctor,0x06000752,0x00139988,140,
3,RECUPERADO-AOT,"HUD, pausa y resultados",Assembly-CSharp,HUDLogic,AchievementSlideNotificationCoroutine,0x0600075c,0x00139d38,104,
3,RECUPERADO-AOT,"HUD, pausa y resultados",Assembly-CSharp,HUDLogic,AnimateBrakeButtonIn,0x06000768,0x0013b9e0,64,
3,RECUPERADO-AOT,"HUD, pausa y resultados",Assembly-CSharp,HUDLogic,AnimateDriftButtonIn,0x06000769,0x0013ba20,64,
3,RECUPERADO-AOT,"HUD, pausa y resultados",Assembly-CSharp,HUDLogic,AnimatePowerupDohickeyIn,0x0600076a,0x0013ba60,64,
3,RECUPERADO-AOT,"HUD, pausa y resultados",Assembly-CSharp,HUDLogic,DisplayNotification,0x06000765,0x0013b8d0,96,
3,RECUPERADO-AOT,"HUD, pausa y resultados",Assembly-CSharp,HUDLogic,DisplayNotificationCoroutine,0x06000764,0x0013b854,124,
3,RECUPERADO-AOT,"HUD, pausa y resultados",Assembly-CSharp,HUDLogic,DoWrongWayNotice,0x06000771,0x0013c4bc,72,
3,RECUPERADO-AOT,"HUD, pausa y resultados",Assembly-CSharp,HUDLogic,GimpedHudCoroutine,0x06000762,0x0013a9f4,72,
3,RECUPERADO-AOT,"HUD, pausa y resultados",Assembly-CSharp,HUDLogic,OnApplicationPause,0x0600075e,0x0013a11c,328,
3,RECUPERADO-AOT,"HUD, pausa y resultados",Assembly-CSharp,HUDLogic,OnRaceInit,0x0600075f,0x0013a264,800,
3,RECUPERADO-AOT,"HUD, pausa y resultados",Assembly-CSharp,HUDLogic,PreraceCountCoroutine,0x0600075b,0x00139cf0,72,
3,RECUPERADO-AOT,"HUD, pausa y resultados",Assembly-CSharp,HUDLogic,PressedBuyButton,0x0600076e,0x0013bbb8,1804,
3,RECUPERADO-AOT,"HUD, pausa y resultados",Assembly-CSharp,HUDLogic,PressedDrift,0x0600076c,0x0013bacc,44,
3,RECUPERADO-AOT,"HUD, pausa y resultados",Assembly-CSharp,HUDLogic,PressedPauseButton,0x0600076f,0x0013c2c4,428,
3,RECUPERADO-AOT,"HUD, pausa y resultados",Assembly-CSharp,HUDLogic,PressedPower,0x0600076d,0x0013baf8,192,
3,RECUPERADO-AOT,"HUD, pausa y resultados",Assembly-CSharp,HUDLogic,SetPlayerObject,0x06000770,0x0013c470,76,
3,RECUPERADO-AOT,"HUD, pausa y resultados",Assembly-CSharp,HUDLogic,ShowAchievementNotification,0x06000774,0x0013c84c,184,
3,RECUPERADO-AOT,"HUD, pausa y resultados",Assembly-CSharp,HUDLogic,ShowDriftScale,0x06000761,0x0013a9b8,60,
3,RECUPERADO-AOT,"HUD, pausa y resultados",Assembly-CSharp,HUDLogic,ShowMineNotify,0x06000772,0x0013c504,760,
3,RECUPERADO-AOT,"HUD, pausa y resultados",Assembly-CSharp,HUDLogic,ShowPreraceCount,0x06000773,0x0013c7fc,80,
3,RECUPERADO-AOT,"HUD, pausa y resultados",Assembly-CSharp,HUDLogic,SignalCatchUp,0x0600076b,0x0013baa0,44,
3,PENDIENTE,"HUD, pausa y resultados",Assembly-CSharp,HUDLogic,SignalMissionComplete,0x06000767,0x0013b988,88,
3,PENDIENTE,"HUD, pausa y resultados",Assembly-CSharp,HUDLogic,SignalMissionStart,0x06000766,0x0013b930,88,
3,RECUPERADO-AOT,"HUD, pausa y resultados",Assembly-CSharp,HUDLogic,Start,0x0600075d,0x00139da0,892,
3,RECUPERADO-AOT,"HUD, pausa y resultados",Assembly-CSharp,HUDLogic,Update,0x06000760,0x0013a584,1076,
3,RECUPERADO-AOT,"HUD, pausa y resultados",Assembly-CSharp,HUDLogic,UpdateHUD,0x06000763,0x0013aa3c,3608,
3,RECUPERADO-AOT,"HUD, pausa y resultados",Assembly-CSharp,HUDLogic,get_CatchUpNeeded,0x06000754,0x00139a38,52,
3,RECUPERADO-AOT,"HUD, pausa y resultados",Assembly-CSharp,HUDLogic,get_Instance,0x06000759,0x00139ba0,260,
3,RECUPERADO-AOT,"HUD, pausa y resultados",Assembly-CSharp,HUDLogic,get_WrongWay,0x06000756,0x00139aa8,52,
3,RECUPERADO-AOT,"HUD, pausa y resultados",Assembly-CSharp,HUDLogic,get_playerCar,0x0600075a,0x00139ca4,76,
3,RECUPERADO-AOT,"HUD, pausa y resultados",Assembly-CSharp,HUDLogic,isAchievementNoteEngaged,0x06000758,0x00139b18,136,
3,RECUPERADO-AOT,"HUD, pausa y resultados",Assembly-CSharp,HUDLogic,set_CatchUpNeeded,0x06000755,0x00139a6c,60,
3,RECUPERADO-AOT,"HUD, pausa y resultados",Assembly-CSharp,HUDLogic,set_WrongWay,0x06000757,0x00139adc,60,
3,RECUPERADO-AOT,"HUD, pausa y resultados",Assembly-CSharp,HUDLogic/<AchievementSlideNotificationCoroutine>c__Iterator7A,.ctor,0x06000ab4,0x0015f818,44,
3,RECUPERADO-AOT,"HUD, pausa y resultados",Assembly-CSharp,HUDLogic/<AchievementSlideNotificationCoroutine>c__Iterator7A,Dispose,0x06000ab8,0x0015ff8c,56,
3,RECUPERADO-AOT,"HUD, pausa y resultados",Assembly-CSharp,HUDLogic/<AchievementSlideNotificationCoroutine>c__Iterator7A,MoveNext,0x06000ab7,0x0015f8ac,1760,
3,RECUPERADO-AOT,"HUD, pausa y resultados",Assembly-CSharp,HUDLogic/<AchievementSlideNotificationCoroutine>c__Iterator7A,Reset,0x06000ab9,0x0015ffc4,64,
3,RECUPERADO-AOT,"HUD, pausa y resultados",Assembly-CSharp,HUDLogic/<AchievementSlideNotificationCoroutine>c__Iterator7A,System.Collections.Generic.IEnumerator<object>.get_Current,0x06000ab5,0x0015f844,52,
3,RECUPERADO-AOT,"HUD, pausa y resultados",Assembly-CSharp,HUDLogic/<AchievementSlideNotificationCoroutine>c__Iterator7A,System.Collections.IEnumerator.get_Current,0x06000ab6,0x0015f878,52,
3,RECUPERADO-AOT,"HUD, pausa y resultados",Assembly-CSharp,HUDLogic/<AnimateBrakeButtonIn>c__Iterator7F,.ctor,0x06000ad3,0x00161e3c,44,
3,RECUPERADO-AOT,"HUD, pausa y resultados",Assembly-CSharp,HUDLogic/<AnimateBrakeButtonIn>c__Iterator7F,Dispose,0x06000ad7,0x00162168,56,
3,RECUPERADO-AOT,"HUD, pausa y resultados",Assembly-CSharp,HUDLogic/<AnimateBrakeButtonIn>c__Iterator7F,MoveNext,0x06000ad6,0x00161ed0,664,
3,RECUPERADO-AOT,"HUD, pausa y resultados",Assembly-CSharp,HUDLogic/<AnimateBrakeButtonIn>c__Iterator7F,Reset,0x06000ad8,0x001621a0,64,
3,RECUPERADO-AOT,"HUD, pausa y resultados",Assembly-CSharp,HUDLogic/<AnimateBrakeButtonIn>c__Iterator7F,System.Collections.Generic.IEnumerator<object>.get_Current,0x06000ad4,0x00161e68,52,
3,RECUPERADO-AOT,"HUD, pausa y resultados",Assembly-CSharp,HUDLogic/<AnimateBrakeButtonIn>c__Iterator7F,System.Collections.IEnumerator.get_Current,0x06000ad5,0x00161e9c,52,
3,RECUPERADO-AOT,"HUD, pausa y resultados",Assembly-CSharp,HUDLogic/<AnimateDriftButtonIn>c__Iterator80,.ctor,0x06000ad9,0x001621e0,44,
3,RECUPERADO-AOT,"HUD, pausa y resultados",Assembly-CSharp,HUDLogic/<AnimateDriftButtonIn>c__Iterator80,Dispose,0x06000add,0x00162514,56,
3,RECUPERADO-AOT,"HUD, pausa y resultados",Assembly-CSharp,HUDLogic/<AnimateDriftButtonIn>c__Iterator80,MoveNext,0x06000adc,0x00162274,672,
3,RECUPERADO-AOT,"HUD, pausa y resultados",Assembly-CSharp,HUDLogic/<AnimateDriftButtonIn>c__Iterator80,Reset,0x06000ade,0x0016254c,64,
3,RECUPERADO-AOT,"HUD, pausa y resultados",Assembly-CSharp,HUDLogic/<AnimateDriftButtonIn>c__Iterator80,System.Collections.Generic.IEnumerator<object>.get_Current,0x06000ada,0x0016220c,52,
3,RECUPERADO-AOT,"HUD, pausa y resultados",Assembly-CSharp,HUDLogic/<AnimateDriftButtonIn>c__Iterator80,System.Collections.IEnumerator.get_Current,0x06000adb,0x00162240,52,
3,RECUPERADO-AOT,"HUD, pausa y resultados",Assembly-CSharp,HUDLogic/<AnimatePowerupDohickeyIn>c__Iterator81,.ctor,0x06000adf,0x0016258c,44,
3,RECUPERADO-AOT,"HUD, pausa y resultados",Assembly-CSharp,HUDLogic/<AnimatePowerupDohickeyIn>c__Iterator81,Dispose,0x06000ae3,0x001628d8,56,
3,RECUPERADO-AOT,"HUD, pausa y resultados",Assembly-CSharp,HUDLogic/<AnimatePowerupDohickeyIn>c__Iterator81,MoveNext,0x06000ae2,0x00162620,696,
3,RECUPERADO-AOT,"HUD, pausa y resultados",Assembly-CSharp,HUDLogic/<AnimatePowerupDohickeyIn>c__Iterator81,Reset,0x06000ae4,0x00162910,64,
3,RECUPERADO-AOT,"HUD, pausa y resultados",Assembly-CSharp,HUDLogic/<AnimatePowerupDohickeyIn>c__Iterator81,System.Collections.Generic.IEnumerator<object>.get_Current,0x06000ae0,0x001625b8,52,
3,RECUPERADO-AOT,"HUD, pausa y resultados",Assembly-CSharp,HUDLogic/<AnimatePowerupDohickeyIn>c__Iterator81,System.Collections.IEnumerator.get_Current,0x06000ae1,0x001625ec,52,
3,RECUPERADO-AOT,"HUD, pausa y resultados",Assembly-CSharp,HUDLogic/<DisplayNotificationCoroutine>c__Iterator7C,.ctor,0x06000ac0,0x001601dc,44,
3,RECUPERADO-AOT,"HUD, pausa y resultados",Assembly-CSharp,HUDLogic/<DisplayNotificationCoroutine>c__Iterator7C,Dispose,0x06000ac4,0x001606ac,56,
3,RECUPERADO-AOT,"HUD, pausa y resultados",Assembly-CSharp,HUDLogic/<DisplayNotificationCoroutine>c__Iterator7C,MoveNext,0x06000ac3,0x00160270,1084,
3,RECUPERADO-AOT,"HUD, pausa y resultados",Assembly-CSharp,HUDLogic/<DisplayNotificationCoroutine>c__Iterator7C,Reset,0x06000ac5,0x001606e4,64,
3,RECUPERADO-AOT,"HUD, pausa y resultados",Assembly-CSharp,HUDLogic/<DisplayNotificationCoroutine>c__Iterator7C,System.Collections.Generic.IEnumerator<object>.get_Current,0x06000ac1,0x00160208,52,
3,RECUPERADO-AOT,"HUD, pausa y resultados",Assembly-CSharp,HUDLogic/<DisplayNotificationCoroutine>c__Iterator7C,System.Collections.IEnumerator.get_Current,0x06000ac2,0x0016023c,52,
3,RECUPERADO-AOT,"HUD, pausa y resultados",Assembly-CSharp,HUDLogic/<DoWrongWayNotice>c__Iterator82,.ctor,0x06000ae5,0x00162950,44,
3,RECUPERADO-AOT,"HUD, pausa y resultados",Assembly-CSharp,HUDLogic/<DoWrongWayNotice>c__Iterator82,Dispose,0x06000ae9,0x00162bf8,56,
3,RECUPERADO-AOT,"HUD, pausa y resultados",Assembly-CSharp,HUDLogic/<DoWrongWayNotice>c__Iterator82,MoveNext,0x06000ae8,0x001629e4,532,
3,RECUPERADO-AOT,"HUD, pausa y resultados",Assembly-CSharp,HUDLogic/<DoWrongWayNotice>c__Iterator82,Reset,0x06000aea,0x00162c30,64,
3,RECUPERADO-AOT,"HUD, pausa y resultados",Assembly-CSharp,HUDLogic/<DoWrongWayNotice>c__Iterator82,System.Collections.Generic.IEnumerator<object>.get_Current,0x06000ae6,0x0016297c,52,
3,RECUPERADO-AOT,"HUD, pausa y resultados",Assembly-CSharp,HUDLogic/<DoWrongWayNotice>c__Iterator82,System.Collections.IEnumerator.get_Current,0x06000ae7,0x001629b0,52,
3,RECUPERADO-AOT,"HUD, pausa y resultados",Assembly-CSharp,HUDLogic/<GimpedHudCoroutine>c__Iterator7B,.ctor,0x06000aba,0x00160004,44,
3,RECUPERADO-AOT,"HUD, pausa y resultados",Assembly-CSharp,HUDLogic/<GimpedHudCoroutine>c__Iterator7B,Dispose,0x06000abe,0x00160164,56,
3,RECUPERADO-AOT,"HUD, pausa y resultados",Assembly-CSharp,HUDLogic/<GimpedHudCoroutine>c__Iterator7B,MoveNext,0x06000abd,0x00160098,204,
3,RECUPERADO-AOT,"HUD, pausa y resultados",Assembly-CSharp,HUDLogic/<GimpedHudCoroutine>c__Iterator7B,Reset,0x06000abf,0x0016019c,64,
3,RECUPERADO-AOT,"HUD, pausa y resultados",Assembly-CSharp,HUDLogic/<GimpedHudCoroutine>c__Iterator7B,System.Collections.Generic.IEnumerator<object>.get_Current,0x06000abb,0x00160030,52,
3,RECUPERADO-AOT,"HUD, pausa y resultados",Assembly-CSharp,HUDLogic/<GimpedHudCoroutine>c__Iterator7B,System.Collections.IEnumerator.get_Current,0x06000abc,0x00160064,52,
3,RECUPERADO-AOT,"HUD, pausa y resultados",Assembly-CSharp,HUDLogic/<PreraceCountCoroutine>c__Iterator79,.ctor,0x06000aae,0x0015edfc,44,
3,RECUPERADO-AOT,"HUD, pausa y resultados",Assembly-CSharp,HUDLogic/<PreraceCountCoroutine>c__Iterator79,Dispose,0x06000ab2,0x0015f7a0,56,
3,RECUPERADO-AOT,"HUD, pausa y resultados",Assembly-CSharp,HUDLogic/<PreraceCountCoroutine>c__Iterator79,MoveNext,0x06000ab1,0x0015ee90,2320,
3,RECUPERADO-AOT,"HUD, pausa y resultados",Assembly-CSharp,HUDLogic/<PreraceCountCoroutine>c__Iterator79,Reset,0x06000ab3,0x0015f7d8,64,
3,RECUPERADO-AOT,"HUD, pausa y resultados",Assembly-CSharp,HUDLogic/<PreraceCountCoroutine>c__Iterator79,System.Collections.Generic.IEnumerator<object>.get_Current,0x06000aaf,0x0015ee28,52,
3,RECUPERADO-AOT,"HUD, pausa y resultados",Assembly-CSharp,HUDLogic/<PreraceCountCoroutine>c__Iterator79,System.Collections.IEnumerator.get_Current,0x06000ab0,0x0015ee5c,52,
3,PENDIENTE,"HUD, pausa y resultados",Assembly-CSharp,HUDLogic/<SignalMissionComplete>c__Iterator7E,.ctor,0x06000acd,0x0016178c,44,
3,PENDIENTE,"HUD, pausa y resultados",Assembly-CSharp,HUDLogic/<SignalMissionComplete>c__Iterator7E,Dispose,0x06000ad1,0x00161dc4,56,
3,PENDIENTE,"HUD, pausa y resultados",Assembly-CSharp,HUDLogic/<SignalMissionComplete>c__Iterator7E,MoveNext,0x06000ad0,0x00161820,1444,
3,PENDIENTE,"HUD, pausa y resultados",Assembly-CSharp,HUDLogic/<SignalMissionComplete>c__Iterator7E,Reset,0x06000ad2,0x00161dfc,64,
3,PENDIENTE,"HUD, pausa y resultados",Assembly-CSharp,HUDLogic/<SignalMissionComplete>c__Iterator7E,System.Collections.Generic.IEnumerator<object>.get_Current,0x06000ace,0x001617b8,52,
3,PENDIENTE,"HUD, pausa y resultados",Assembly-CSharp,HUDLogic/<SignalMissionComplete>c__Iterator7E,System.Collections.IEnumerator.get_Current,0x06000acf,0x001617ec,52,
3,PENDIENTE,"HUD, pausa y resultados",Assembly-CSharp,HUDLogic/<SignalMissionStart>c__Iterator7D,.ctor,0x06000ac6,0x00160724,44,
3,PENDIENTE,"HUD, pausa y resultados",Assembly-CSharp,HUDLogic/<SignalMissionStart>c__Iterator7D,<>m__34,0x06000acc,0x00161730,92,
3,PENDIENTE,"HUD, pausa y resultados",Assembly-CSharp,HUDLogic/<SignalMissionStart>c__Iterator7D,Dispose,0x06000aca,0x001616b8,56,
3,PENDIENTE,"HUD, pausa y resultados",Assembly-CSharp,HUDLogic/<SignalMissionStart>c__Iterator7D,MoveNext,0x06000ac9,0x001607b8,3840,
3,PENDIENTE,"HUD, pausa y resultados",Assembly-CSharp,HUDLogic/<SignalMissionStart>c__Iterator7D,Reset,0x06000acb,0x001616f0,64,
3,PENDIENTE,"HUD, pausa y resultados",Assembly-CSharp,HUDLogic/<SignalMissionStart>c__Iterator7D,System.Collections.Generic.IEnumerator<object>.get_Current,0x06000ac7,0x00160750,52,
3,PENDIENTE,"HUD, pausa y resultados",Assembly-CSharp,HUDLogic/<SignalMissionStart>c__Iterator7D,System.Collections.IEnumerator.get_Current,0x06000ac8,0x00160784,52,
3,RECUPERADO-AOT,"HUD, pausa y resultados",Assembly-CSharp,HUDLogic/<UpdateHUD>c__AnonStoreyA5,.ctor,0x06000b5d,0x00167054,44,
3,RECUPERADO-AOT,"HUD, pausa y resultados",Assembly-CSharp,HUDLogic/<UpdateHUD>c__AnonStoreyA5,<>m__31,0x06000b5e,0x00167080,96,
3,RECUPERADO-AOT,"HUD, pausa y resultados",Assembly-CSharp,HUDLogic/<UpdateHUD>c__AnonStoreyA5,<>m__32,0x06000b5f,0x001670e0,96,
3,RECUPERADO-AOT,"HUD, pausa y resultados",Assembly-CSharp,HUDLogic/<UpdateHUD>c__AnonStoreyA5,<>m__33,0x06000b60,0x00167140,96,
3,RECUPERADO-AOT,"HUD, pausa y resultados",Assembly-CSharp,HUDLogic/ArrowTarget,.ctor,0x06000776,0x0013c930,44,
3,RECUPERADO-AOT,"HUD, pausa y resultados",Assembly-CSharp,HUDLogic/PowerupDisplay,.ctor,0x06000775,0x0013c904,44,
3,RECUPERADO-AOT,"HUD, pausa y resultados",Assembly-CSharp,PausePublisher,.ctor,0x0600078b,0x0013d0b4,52,
3,RECUPERADO-AOT,"HUD, pausa y resultados",Assembly-CSharp,PausePublisher,OnDestroy,0x06000791,0x0013dc08,76,
3,RECUPERADO-AOT,"HUD, pausa y resultados",Assembly-CSharp,PausePublisher,PressedQuitButton,0x0600078e,0x0013d294,392,
3,RECUPERADO-AOT,"HUD, pausa y resultados",Assembly-CSharp,PausePublisher,PressedRestartButton,0x0600078f,0x0013d41c,84,
3,RECUPERADO-AOT,"HUD, pausa y resultados",Assembly-CSharp,PausePublisher,PressedResumeButton,0x0600078d,0x0013d254,64,
3,RECUPERADO-AOT,"HUD, pausa y resultados",Assembly-CSharp,PausePublisher,SetupMissionText,0x06000790,0x0013d470,1944,
3,RECUPERADO-AOT,"HUD, pausa y resultados",Assembly-CSharp,PausePublisher,Start,0x0600078c,0x0013d0e8,364,
3,RECUPERADO-AOT,"HUD, pausa y resultados",Assembly-CSharp,PlaySummaryPublisher,.ctor,0x060006b7,0x0012f414,100,
3,RECUPERADO-AOT,"HUD, pausa y resultados",Assembly-CSharp,PlaySummaryPublisher,FixedUpdate,0x060006ba,0x0012fa70,1064,
3,RECUPERADO-AOT,"HUD, pausa y resultados",Assembly-CSharp,PlaySummaryPublisher,PressedBackButton,0x060006c1,0x0013028c,84,
3,RECUPERADO-AOT,"HUD, pausa y resultados",Assembly-CSharp,PlaySummaryPublisher,PressedDifficultyArrowLeft,0x060006be,0x00130068,180,
3,RECUPERADO-AOT,"HUD, pausa y resultados",Assembly-CSharp,PlaySummaryPublisher,PressedDifficultyArrowRight,0x060006bf,0x0013011c,180,
3,RECUPERADO-AOT,"HUD, pausa y resultados",Assembly-CSharp,PlaySummaryPublisher,PressedModeArrowLeft,0x060006bc,0x0012fef8,184,
3,RECUPERADO-AOT,"HUD, pausa y resultados",Assembly-CSharp,PlaySummaryPublisher,PressedModeArrowRight,0x060006bd,0x0012ffb0,184,
3,RECUPERADO-AOT,"HUD, pausa y resultados",Assembly-CSharp,PlaySummaryPublisher,PressedPlayButton,0x060006bb,0x0012fe98,96,
3,RECUPERADO-AOT,"HUD, pausa y resultados",Assembly-CSharp,PlaySummaryPublisher,Refresh,0x060006b8,0x0012f478,800,
3,RECUPERADO-AOT,"HUD, pausa y resultados",Assembly-CSharp,PlaySummaryPublisher,Start,0x060006b9,0x0012f798,728,
3,RECUPERADO-AOT,"HUD, pausa y resultados",Assembly-CSharp,PlaySummaryPublisher,TestForUltraHard,0x060006c0,0x001301d0,188,
3,RECUPERADO-AOT,"HUD, pausa y resultados",Assembly-CSharp,PlaySummaryPublisher,UpdateTrackIcon,0x060006c2,0x001302e0,448,
3,RECUPERADO-AOT,"HUD, pausa y resultados",Assembly-CSharp,RaceResultsPublisher,.ctor,0x0600079a,0x0013e358,60,
3,RECUPERADO-AOT,"HUD, pausa y resultados",Assembly-CSharp,RaceResultsPublisher,AnimateCoinsCoroutine,0x0600079e,0x0013e49c,88,
3,RECUPERADO-AOT,"HUD, pausa y resultados",Assembly-CSharp,RaceResultsPublisher,AnimatePlaceResultsCoroutine,0x0600079d,0x0013e444,88,
3,RECUPERADO-AOT,"HUD, pausa y resultados",Assembly-CSharp,RaceResultsPublisher,AnimateScreenCoroutine,0x0600079b,0x0013e394,88,
3,RECUPERADO-AOT,"HUD, pausa y resultados",Assembly-CSharp,RaceResultsPublisher,CheckForRewindTutorial,0x0600079c,0x0013e3ec,88,
3,RECUPERADO-AOT,"HUD, pausa y resultados",Assembly-CSharp,RaceResultsPublisher,FillRank,0x0600079f,0x0013e4f4,920,
3,RECUPERADO-AOT,"HUD, pausa y resultados",Assembly-CSharp,RaceResultsPublisher,FillRanks,0x060007a0,0x0013e88c,2940,
3,RECUPERADO-AOT,"HUD, pausa y resultados",Assembly-CSharp,RaceResultsPublisher,NeedMoreCoins,0x060007a5,0x0013fa8c,848,
3,RECUPERADO-AOT,"HUD, pausa y resultados",Assembly-CSharp,RaceResultsPublisher,PressedDone,0x060007a3,0x0013f730,704,
3,RECUPERADO-AOT,"HUD, pausa y resultados",Assembly-CSharp,RaceResultsPublisher,PressedRetry,0x060007a4,0x0013f9f0,156,
3,RECUPERADO-AOT,"HUD, pausa y resultados",Assembly-CSharp,RaceResultsPublisher,PressedRewind,0x060007a2,0x0013f674,188,
3,RECUPERADO-AOT,"HUD, pausa y resultados",Assembly-CSharp,RaceResultsPublisher,Start,0x060007a1,0x0013f408,620,
3,RECUPERADO-AOT,"HUD, pausa y resultados",Assembly-CSharp,RaceResultsPublisher/<AnimateCoinsCoroutine>c__Iterator8A,.ctor,0x06000b15,0x00164c4c,44,
3,RECUPERADO-AOT,"HUD, pausa y resultados",Assembly-CSharp,RaceResultsPublisher/<AnimateCoinsCoroutine>c__Iterator8A,Dispose,0x06000b19,0x00165b00,56,
3,RECUPERADO-AOT,"HUD, pausa y resultados",Assembly-CSharp,RaceResultsPublisher/<AnimateCoinsCoroutine>c__Iterator8A,MoveNext,0x06000b18,0x00164ce0,3616,
3,RECUPERADO-AOT,"HUD, pausa y resultados",Assembly-CSharp,RaceResultsPublisher/<AnimateCoinsCoroutine>c__Iterator8A,Reset,0x06000b1a,0x00165b38,64,
3,RECUPERADO-AOT,"HUD, pausa y resultados",Assembly-CSharp,RaceResultsPublisher/<AnimateCoinsCoroutine>c__Iterator8A,System.Collections.Generic.IEnumerator<object>.get_Current,0x06000b16,0x00164c78,52,
3,RECUPERADO-AOT,"HUD, pausa y resultados",Assembly-CSharp,RaceResultsPublisher/<AnimateCoinsCoroutine>c__Iterator8A,System.Collections.IEnumerator.get_Current,0x06000b17,0x00164cac,52,
3,RECUPERADO-AOT,"HUD, pausa y resultados",Assembly-CSharp,RaceResultsPublisher/<AnimatePlaceResultsCoroutine>c__Iterator89,.ctor,0x06000b0f,0x0016450c,44,
3,RECUPERADO-AOT,"HUD, pausa y resultados",Assembly-CSharp,RaceResultsPublisher/<AnimatePlaceResultsCoroutine>c__Iterator89,Dispose,0x06000b13,0x00164bd4,56,
3,RECUPERADO-AOT,"HUD, pausa y resultados",Assembly-CSharp,RaceResultsPublisher/<AnimatePlaceResultsCoroutine>c__Iterator89,MoveNext,0x06000b12,0x001645a0,1588,
3,RECUPERADO-AOT,"HUD, pausa y resultados",Assembly-CSharp,RaceResultsPublisher/<AnimatePlaceResultsCoroutine>c__Iterator89,Reset,0x06000b14,0x00164c0c,64,
3,RECUPERADO-AOT,"HUD, pausa y resultados",Assembly-CSharp,RaceResultsPublisher/<AnimatePlaceResultsCoroutine>c__Iterator89,System.Collections.Generic.IEnumerator<object>.get_Current,0x06000b10,0x00164538,52,
3,RECUPERADO-AOT,"HUD, pausa y resultados",Assembly-CSharp,RaceResultsPublisher/<AnimatePlaceResultsCoroutine>c__Iterator89,System.Collections.IEnumerator.get_Current,0x06000b11,0x0016456c,52,
3,RECUPERADO-AOT,"HUD, pausa y resultados",Assembly-CSharp,RaceResultsPublisher/<AnimateScreenCoroutine>c__Iterator87,.ctor,0x06000b03,0x00163a80,44,
3,RECUPERADO-AOT,"HUD, pausa y resultados",Assembly-CSharp,RaceResultsPublisher/<AnimateScreenCoroutine>c__Iterator87,Dispose,0x06000b07,0x001641d0,56,
3,RECUPERADO-AOT,"HUD, pausa y resultados",Assembly-CSharp,RaceResultsPublisher/<AnimateScreenCoroutine>c__Iterator87,MoveNext,0x06000b06,0x00163b14,1724,
3,RECUPERADO-AOT,"HUD, pausa y resultados",Assembly-CSharp,RaceResultsPublisher/<AnimateScreenCoroutine>c__Iterator87,Reset,0x06000b08,0x00164208,64,
3,RECUPERADO-AOT,"HUD, pausa y resultados",Assembly-CSharp,RaceResultsPublisher/<AnimateScreenCoroutine>c__Iterator87,System.Collections.Generic.IEnumerator<object>.get_Current,0x06000b04,0x00163aac,52,
3,RECUPERADO-AOT,"HUD, pausa y resultados",Assembly-CSharp,RaceResultsPublisher/<AnimateScreenCoroutine>c__Iterator87,System.Collections.IEnumerator.get_Current,0x06000b05,0x00163ae0,52,
3,RECUPERADO-AOT,"HUD, pausa y resultados",Assembly-CSharp,RaceResultsPublisher/<CheckForRewindTutorial>c__Iterator88,.ctor,0x06000b09,0x00164248,44,
3,RECUPERADO-AOT,"HUD, pausa y resultados",Assembly-CSharp,RaceResultsPublisher/<CheckForRewindTutorial>c__Iterator88,Dispose,0x06000b0d,0x00164494,56,
3,RECUPERADO-AOT,"HUD, pausa y resultados",Assembly-CSharp,RaceResultsPublisher/<CheckForRewindTutorial>c__Iterator88,MoveNext,0x06000b0c,0x001642dc,440,
3,RECUPERADO-AOT,"HUD, pausa y resultados",Assembly-CSharp,RaceResultsPublisher/<CheckForRewindTutorial>c__Iterator88,Reset,0x06000b0e,0x001644cc,64,
3,RECUPERADO-AOT,"HUD, pausa y resultados",Assembly-CSharp,RaceResultsPublisher/<CheckForRewindTutorial>c__Iterator88,System.Collections.Generic.IEnumerator<object>.get_Current,0x06000b0a,0x00164274,52,
3,RECUPERADO-AOT,"HUD, pausa y resultados",Assembly-CSharp,RaceResultsPublisher/<CheckForRewindTutorial>c__Iterator88,System.Collections.IEnumerator.get_Current,0x06000b0b,0x001642a8,52,
3,RECUPERADO-AOT,"HUD, pausa y resultados",Assembly-CSharp,RaceResultsPublisher/<FillRank>c__AnonStoreyA6,.ctor,0x06000b61,0x001671a0,44,
3,RECUPERADO-AOT,"HUD, pausa y resultados",Assembly-CSharp,RaceResultsPublisher/<FillRank>c__AnonStoreyA6,<>m__35,0x06000b62,0x001671cc,76,
3,RECUPERADO-AOT,"HUD, pausa y resultados",Assembly-CSharp,RaceResultsPublisher/CharacterIcon,.ctor,0x060007a6,0x0013fddc,44,
3,RECUPERADO-AOT,"Pista: waypoints, vueltas, respawn, superficies",Assembly-CSharp,CausticsManager,.ctor,0x06000403,0x000fb5a0,268,
3,RECUPERADO-AOT,"Pista: waypoints, vueltas, respawn, superficies",Assembly-CSharp,CausticsManager,Start,0x06000404,0x000fb6ac,560,
3,RECUPERADO-AOT,"Pista: waypoints, vueltas, respawn, superficies",Assembly-CSharp,CausticsManager,UpdateCausticsCoroutine,0x06000405,0x000fb8dc,72,
3,RECUPERADO-AOT,"Pista: waypoints, vueltas, respawn, superficies",Assembly-CSharp,CausticsManager/<UpdateCausticsCoroutine>c__Iterator28,.ctor,0x060008bd,0x00148b50,44,
3,RECUPERADO-AOT,"Pista: waypoints, vueltas, respawn, superficies",Assembly-CSharp,CausticsManager/<UpdateCausticsCoroutine>c__Iterator28,Dispose,0x060008c1,0x00148d6c,56,
3,RECUPERADO-AOT,"Pista: waypoints, vueltas, respawn, superficies",Assembly-CSharp,CausticsManager/<UpdateCausticsCoroutine>c__Iterator28,MoveNext,0x060008c0,0x00148be4,392,
3,RECUPERADO-AOT,"Pista: waypoints, vueltas, respawn, superficies",Assembly-CSharp,CausticsManager/<UpdateCausticsCoroutine>c__Iterator28,Reset,0x060008c2,0x00148da4,64,
3,RECUPERADO-AOT,"Pista: waypoints, vueltas, respawn, superficies",Assembly-CSharp,CausticsManager/<UpdateCausticsCoroutine>c__Iterator28,System.Collections.Generic.IEnumerator<object>.get_Current,0x060008be,0x00148b7c,52,
3,RECUPERADO-AOT,"Pista: waypoints, vueltas, respawn, superficies",Assembly-CSharp,CausticsManager/<UpdateCausticsCoroutine>c__Iterator28,System.Collections.IEnumerator.get_Current,0x060008bf,0x00148bb0,52,
3,RECUPERADO-AOT,"Pista: waypoints, vueltas, respawn, superficies",Assembly-CSharp,ProgressTriggerLogic,.ctor,0x06000526,0x0010e2d4,52,
3,RECUPERADO-AOT,"Pista: waypoints, vueltas, respawn, superficies",Assembly-CSharp,ProgressTriggerLogic,CanTriggerForCar,0x06000527,0x0010e308,208,
3,RECUPERADO-AOT,"Pista: waypoints, vueltas, respawn, superficies",Assembly-CSharp,ProgressTriggerLogic,OnTriggerEnter,0x06000528,0x0010e3d8,212,
3,RECUPERADO-AOT,"Pista: waypoints, vueltas, respawn, superficies",Assembly-CSharp,ResetTrigger,.ctor,0x0600056a,0x00114c78,52,
3,RECUPERADO-AOT,"Pista: waypoints, vueltas, respawn, superficies",Assembly-CSharp,ResetTrigger,OnTriggerEnter,0x0600056b,0x00114cac,260,
3,RECUPERADO-AOT,"Pista: waypoints, vueltas, respawn, superficies",Assembly-CSharp,SpeedPoint,.ctor,0x06000570,0x00114ef0,84,
3,RECUPERADO-AOT,"Pista: waypoints, vueltas, respawn, superficies",Assembly-CSharp,SpeedPoint,FindClosestSpeedPoint,0x06000575,0x001158d4,432,
3,RECUPERADO-AOT,"Pista: waypoints, vueltas, respawn, superficies",Assembly-CSharp,SpeedPoint,GetSPLine,0x06000573,0x0011570c,188,
3,RECUPERADO-AOT,"Pista: waypoints, vueltas, respawn, superficies",Assembly-CSharp,SpeedPoint,GetSPLinePoint,0x06000572,0x0011530c,1024,
3,RECUPERADO-AOT,"Pista: waypoints, vueltas, respawn, superficies",Assembly-CSharp,SpeedPoint,IsPointForward,0x06000574,0x001157c8,268,
3,RECUPERADO-AOT,"Pista: waypoints, vueltas, respawn, superficies",Assembly-CSharp,SpeedPoint,OnDrawGizmos,0x06000576,0x00115a84,440,
3,RECUPERADO-AOT,"Pista: waypoints, vueltas, respawn, superficies",Assembly-CSharp,SpeedPoint,ProjectOnSPLine,0x06000571,0x00114f44,968,
3,RECUPERADO-AOT,"Pista: waypoints, vueltas, respawn, superficies",Assembly-CSharp,SpeedPoint/SpeedBranchStruct,.ctor,0x06000577,0x00115c3c,44,
3,RECUPERADO-AOT,"Pista: waypoints, vueltas, respawn, superficies",Assembly-CSharp,TerrainEffectTrigger,.ctor,0x060004fe,0x0010c6a4,84,
3,RECUPERADO-AOT,"Pista: waypoints, vueltas, respawn, superficies",Assembly-CSharp,TerrainEffectTrigger,OnTriggerEnter,0x06000500,0x0010c724,756,
3,RECUPERADO-AOT,"Pista: waypoints, vueltas, respawn, superficies",Assembly-CSharp,TerrainEffectTrigger,OnTriggerExit,0x06000501,0x0010ca18,148,
3,RECUPERADO-AOT,"Pista: waypoints, vueltas, respawn, superficies",Assembly-CSharp,TerrainEffectTrigger,Start,0x060004ff,0x0010c6f8,44,
3,RECUPERADO-AOT,"Pista: waypoints, vueltas, respawn, superficies",Assembly-CSharp,WaypointLogic,.ctor,0x06000578,0x00115c68,84,
3,RECUPERADO-AOT,"Pista: waypoints, vueltas, respawn, superficies",Assembly-CSharp,WaypointLogic,FindClosestWaypoint,0x0600057f,0x001171e8,488,
3,RECUPERADO-AOT,"Pista: waypoints, vueltas, respawn, superficies",Assembly-CSharp,WaypointLogic,FindNextWaypoint,0x06000580,0x001173d0,184,
3,RECUPERADO-AOT,"Pista: waypoints, vueltas, respawn, superficies",Assembly-CSharp,WaypointLogic,FindWallDistance,0x06000581,0x00117488,160,
3,RECUPERADO-AOT,"Pista: waypoints, vueltas, respawn, superficies",Assembly-CSharp,WaypointLogic,GetTrackDistanceForPoint,0x0600057e,0x00116d74,1140,
3,RECUPERADO-AOT,"Pista: waypoints, vueltas, respawn, superficies",Assembly-CSharp,WaypointLogic,GetTrackPoint,0x0600057b,0x00115fc4,808,
3,RECUPERADO-AOT,"Pista: waypoints, vueltas, respawn, superficies",Assembly-CSharp,WaypointLogic,GetWallDistanceAtPoint,0x0600057c,0x001162ec,1240,
3,RECUPERADO-AOT,"Pista: waypoints, vueltas, respawn, superficies",Assembly-CSharp,WaypointLogic,GetWallOffsetForPoint,0x0600057d,0x001167c4,1456,
3,RECUPERADO-AOT,"Pista: waypoints, vueltas, respawn, superficies",Assembly-CSharp,WaypointLogic,OnDrawGizmos,0x06000583,0x00117f78,2956,
3,RECUPERADO-AOT,"Pista: waypoints, vueltas, respawn, superficies",Assembly-CSharp,WaypointLogic,ProjectOnWPLine,0x0600057a,0x00115d34,656,
3,RECUPERADO-AOT,"Pista: waypoints, vueltas, respawn, superficies",Assembly-CSharp,WaypointLogic,WaypointPrecalculations,0x06000582,0x00117528,2640,
3,RECUPERADO-AOT,"Pista: waypoints, vueltas, respawn, superficies",Assembly-CSharp,WaypointLogic,get_distanceToPrev,0x06000579,0x00115cbc,120,
3,RECUPERADO-AOT,Utilidades compartidas,Assembly-CSharp-firstpass,Mathfx,Berp,0x06000145,0x0001ac64,460,
3,RECUPERADO-AOT,Utilidades compartidas,Assembly-CSharp-firstpass,Vector3x,Berp,0x060001ee,0x00028d54,440,
3,RECUPERADO-AOT,"Vehículo: física, input PC, animación",Assembly-CSharp,AnimationDriver,.cctor,0x06000197,0x000d5470,516,se ejecuta ya en Etapa 2
3,RECUPERADO-AOT,"Vehículo: física, input PC, animación",Assembly-CSharp,AnimationDriver,.ctor,0x06000196,0x000d5424,76,se ejecuta ya en Etapa 2
3,RECUPERADO-AOT,"Vehículo: física, input PC, animación",Assembly-CSharp,AnimationDriver,Blend,0x0600019d,0x000d5e2c,224,
3,RECUPERADO-AOT,"Vehículo: física, input PC, animación",Assembly-CSharp,AnimationDriver,CrossFadeToNewAnimation,0x0600019c,0x000d5dc4,104,
3,RECUPERADO-AOT,"Vehículo: física, input PC, animación",Assembly-CSharp,AnimationDriver,Lean,0x0600019e,0x000d5f0c,400,
3,RECUPERADO-AOT,"Vehículo: física, input PC, animación",Assembly-CSharp,AnimationDriver,Play,0x0600019b,0x000d5c84,320,se ejecuta ya en Etapa 1
3,RECUPERADO-AOT,"Vehículo: física, input PC, animación",Assembly-CSharp,AnimationDriver,SetAnimationTarget,0x06000199,0x000d56bc,1136,se ejecuta ya en Etapa 2
3,RECUPERADO-AOT,"Vehículo: física, input PC, animación",Assembly-CSharp,AnimationDriver,Update,0x0600019a,0x000d5b2c,344,se ejecuta ya en Etapa 2
3,RECUPERADO-AOT,"Vehículo: física, input PC, animación",Assembly-CSharp,AnimationDriver,get_Item,0x06000198,0x000d5674,72,
3,RECUPERADO-AOT,"Vehículo: física, input PC, animación",Assembly-CSharp,AnimationDriver/<CrossFadeToNewAnimation>c__Iterator1B,.ctor,0x0600086f,0x00144f3c,44,
3,RECUPERADO-AOT,"Vehículo: física, input PC, animación",Assembly-CSharp,AnimationDriver/<CrossFadeToNewAnimation>c__Iterator1B,Dispose,0x06000873,0x00145264,56,
3,RECUPERADO-AOT,"Vehículo: física, input PC, animación",Assembly-CSharp,AnimationDriver/<CrossFadeToNewAnimation>c__Iterator1B,MoveNext,0x06000872,0x00144fd0,660,
3,RECUPERADO-AOT,"Vehículo: física, input PC, animación",Assembly-CSharp,AnimationDriver/<CrossFadeToNewAnimation>c__Iterator1B,Reset,0x06000874,0x0014529c,64,
3,RECUPERADO-AOT,"Vehículo: física, input PC, animación",Assembly-CSharp,AnimationDriver/<CrossFadeToNewAnimation>c__Iterator1B,System.Collections.Generic.IEnumerator<object>.get_Current,0x06000870,0x00144f68,52,
3,RECUPERADO-AOT,"Vehículo: física, input PC, animación",Assembly-CSharp,AnimationDriver/<CrossFadeToNewAnimation>c__Iterator1B,System.Collections.IEnumerator.get_Current,0x06000871,0x00144f9c,52,
3,RECUPERADO-AOT,"Vehículo: física, input PC, animación",Assembly-CSharp,AnimationTire,.ctor,0x0600019f,0x000d609c,52,
3,RECUPERADO-AOT,"Vehículo: física, input PC, animación",Assembly-CSharp,AnimationTire,Start,0x060001a0,0x000d60d0,144,
3,RECUPERADO-AOT,"Vehículo: física, input PC, animación",Assembly-CSharp,AnimationTire,Update,0x060001a1,0x000d6160,984,
3,RECUPERADO-AOT,"Vehículo: física, input PC, animación",Assembly-CSharp,CarCollider,.ctor,0x060001b1,0x000d88f4,268,
3,RECUPERADO-AOT,"Vehículo: física, input PC, animación",Assembly-CSharp,CarCollider,ApplyAcceleration,0x060001c2,0x000d9884,372,
3,RECUPERADO-AOT,"Vehículo: física, input PC, animación",Assembly-CSharp,CarCollider,ApplyDrift,0x060001c4,0x000d9c78,252,
3,RECUPERADO-AOT,"Vehículo: física, input PC, animación",Assembly-CSharp,CarCollider,ApplyTurning,0x060001c3,0x000d99f8,640,
3,RECUPERADO-AOT,"Vehículo: física, input PC, animación",Assembly-CSharp,CarCollider,CarUpdatePump,0x060001bc,0x000d8db4,72,
3,RECUPERADO-AOT,"Vehículo: física, input PC, animación",Assembly-CSharp,CarCollider,CheckForCatchUp,0x060001c1,0x000d9688,508,
3,RECUPERADO-AOT,"Vehículo: física, input PC, animación",Assembly-CSharp,CarCollider,CheckForStall,0x060001d1,0x000dc7cc,584,
3,RECUPERADO-AOT,"Vehículo: física, input PC, animación",Assembly-CSharp,CarCollider,DecrementInputBlock,0x060001db,0x000de1ec,60,
3,RECUPERADO-AOT,"Vehículo: física, input PC, animación",Assembly-CSharp,CarCollider,DoAcceleration,0x060001cd,0x000daed4,948,
3,RECUPERADO-AOT,"Vehículo: física, input PC, animación",Assembly-CSharp,CarCollider,DoGimpedMovement,0x060001d0,0x000dc6a4,296,
3,RECUPERADO-AOT,"Vehículo: física, input PC, animación",Assembly-CSharp,CarCollider,DoGroundCollision,0x060001cc,0x000da394,2880,
3,RECUPERADO-AOT,"Vehículo: física, input PC, animación",Assembly-CSharp,CarCollider,DoMovement,0x060001ce,0x000db288,4984,
3,RECUPERADO-AOT,"Vehículo: física, input PC, animación",Assembly-CSharp,CarCollider,DoPowerSlideCheck,0x060001d6,0x000dd834,1560,
3,RECUPERADO-AOT,"Vehículo: física, input PC, animación",Assembly-CSharp,CarCollider,DoResetCarOnTrack,0x060001d2,0x000dca14,84,
3,RECUPERADO-AOT,"Vehículo: física, input PC, animación",Assembly-CSharp,CarCollider,DoResetCarOnTrack,0x060001d3,0x000dca68,884,
3,RECUPERADO-AOT,"Vehículo: física, input PC, animación",Assembly-CSharp,CarCollider,DoRoadBoundaries,0x060001d5,0x000dcf30,2308,
3,RECUPERADO-AOT,"Vehículo: física, input PC, animación",Assembly-CSharp,CarCollider,DoTireDrag,0x060001d4,0x000dcddc,340,
3,RECUPERADO-AOT,"Vehículo: física, input PC, animación",Assembly-CSharp,CarCollider,DoWrongWayCheck,0x060001d7,0x000dde4c,548,
3,RECUPERADO-AOT,"Vehículo: física, input PC, animación",Assembly-CSharp,CarCollider,FixedUpdate,0x060001c0,0x000d95d8,176,
3,RECUPERADO-AOT,"Vehículo: física, input PC, animación",Assembly-CSharp,CarCollider,GetAccel,0x060001da,0x000de180,108,
3,RECUPERADO-AOT,"Vehículo: física, input PC, animación",Assembly-CSharp,CarCollider,GetActualAcceleration,0x060001c7,0x000d9e8c,432,
3,RECUPERADO-AOT,"Vehículo: física, input PC, animación",Assembly-CSharp,CarCollider,GetActualCollisionMass,0x060001c8,0x000da03c,124,
3,RECUPERADO-AOT,"Vehículo: física, input PC, animación",Assembly-CSharp,CarCollider,GetActualCollisionRestitution,0x060001c9,0x000da0b8,124,
3,RECUPERADO-AOT,"Vehículo: física, input PC, animación",Assembly-CSharp,CarCollider,GetActualHandling,0x060001cb,0x000da2e4,176,
3,RECUPERADO-AOT,"Vehículo: física, input PC, animación",Assembly-CSharp,CarCollider,GetActualMaxSpeed,0x060001ca,0x000da134,432,
3,RECUPERADO-AOT,"Vehículo: física, input PC, animación",Assembly-CSharp,CarCollider,GetVelocity,0x060001d8,0x000de070,108,
3,RECUPERADO-AOT,"Vehículo: física, input PC, animación",Assembly-CSharp,CarCollider,IncrementInputBlock,0x060001dc,0x000de228,60,
3,RECUPERADO-AOT,"Vehículo: física, input PC, animación",Assembly-CSharp,CarCollider,InputBlocked,0x060001dd,0x000de264,64,
3,RECUPERADO-AOT,"Vehículo: física, input PC, animación",Assembly-CSharp,CarCollider,IsShielded,0x060001de,0x000de2a4,108,
3,RECUPERADO-AOT,"Vehículo: física, input PC, animación",Assembly-CSharp,CarCollider,OnDisable,0x060001bb,0x000d8d24,144,
3,RECUPERADO-AOT,"Vehículo: física, input PC, animación",Assembly-CSharp,CarCollider,OnDrawGizmos,0x060001df,0x000de310,880,
3,RECUPERADO-AOT,"Vehículo: física, input PC, animación",Assembly-CSharp,CarCollider,OnEnable,0x060001ba,0x000d8c28,252,
3,RECUPERADO-AOT,"Vehículo: física, input PC, animación",Assembly-CSharp,CarCollider,PauseSounds,0x060001be,0x000d91f4,152,
3,RECUPERADO-AOT,"Vehículo: física, input PC, animación",Assembly-CSharp,CarCollider,PlayRandomCollisionSound,0x060001cf,0x000dc600,164,
3,RECUPERADO-AOT,"Vehículo: física, input PC, animación",Assembly-CSharp,CarCollider,RaceInitFinished,0x060001c5,0x000d9d74,60,
3,RECUPERADO-AOT,"Vehículo: física, input PC, animación",Assembly-CSharp,CarCollider,SetEngineSoundState,0x060001c6,0x000d9db0,220,
3,RECUPERADO-AOT,"Vehículo: física, input PC, animación",Assembly-CSharp,CarCollider,SetupAudioStuff,0x060001e0,0x000de680,168,
3,RECUPERADO-AOT,"Vehículo: física, input PC, animación",Assembly-CSharp,CarCollider,Start,0x060001bd,0x000d8dfc,1016,
3,RECUPERADO-AOT,"Vehículo: física, input PC, animación",Assembly-CSharp,CarCollider,TransformVelocity,0x060001d9,0x000de0dc,164,
3,RECUPERADO-AOT,"Vehículo: física, input PC, animación",Assembly-CSharp,CarCollider,Update,0x060001bf,0x000d928c,844,
3,RECUPERADO-AOT,"Vehículo: física, input PC, animación",Assembly-CSharp,CarCollider,get_EffectMgr,0x060001b5,0x000d8ad4,52,
3,RECUPERADO-AOT,"Vehículo: física, input PC, animación",Assembly-CSharp,CarCollider,get_EngineAudioSource,0x060001b2,0x000d8a00,52,
3,RECUPERADO-AOT,"Vehículo: física, input PC, animación",Assembly-CSharp,CarCollider,get_PowerSlideTimer,0x060001b7,0x000d8b3c,64,
3,RECUPERADO-AOT,"Vehículo: física, input PC, animación",Assembly-CSharp,CarCollider,get_isCarLocked,0x060001b3,0x000d8a34,100,
3,RECUPERADO-AOT,"Vehículo: física, input PC, animación",Assembly-CSharp,CarCollider,get_isDrifting,0x060001b6,0x000d8b08,52,
3,RECUPERADO-AOT,"Vehículo: física, input PC, animación",Assembly-CSharp,CarCollider,get_isInAir,0x060001b9,0x000d8bb0,120,
3,RECUPERADO-AOT,"Vehículo: física, input PC, animación",Assembly-CSharp,CarCollider,get_isPowerSlideQueued,0x060001b8,0x000d8b7c,52,
3,RECUPERADO-AOT,"Vehículo: física, input PC, animación",Assembly-CSharp,CarCollider,set_isCarLocked,0x060001b4,0x000d8a98,60,
3,RECUPERADO-AOT,"Vehículo: física, input PC, animación",Assembly-CSharp,CarCollider/<CarUpdatePump>c__Iterator1C,.ctor,0x06000875,0x001452dc,44,
3,RECUPERADO-AOT,"Vehículo: física, input PC, animación",Assembly-CSharp,CarCollider/<CarUpdatePump>c__Iterator1C,Dispose,0x06000879,0x0014551c,56,
3,RECUPERADO-AOT,"Vehículo: física, input PC, animación",Assembly-CSharp,CarCollider/<CarUpdatePump>c__Iterator1C,MoveNext,0x06000878,0x00145370,428,
3,RECUPERADO-AOT,"Vehículo: física, input PC, animación",Assembly-CSharp,CarCollider/<CarUpdatePump>c__Iterator1C,Reset,0x0600087a,0x00145554,64,
3,RECUPERADO-AOT,"Vehículo: física, input PC, animación",Assembly-CSharp,CarCollider/<CarUpdatePump>c__Iterator1C,System.Collections.Generic.IEnumerator<object>.get_Current,0x06000876,0x00145308,52,
3,RECUPERADO-AOT,"Vehículo: física, input PC, animación",Assembly-CSharp,CarCollider/<CarUpdatePump>c__Iterator1C,System.Collections.IEnumerator.get_Current,0x06000877,0x0014533c,52,
3,RECUPERADO-AOT,"Vehículo: física, input PC, animación",Assembly-CSharp,CarMetrics,.ctor,0x0600050d,0x0010cff0,104,
3,RECUPERADO-AOT,"Vehículo: física, input PC, animación",Assembly-CSharp,CarMetrics,CleanupCopiedMetrics,0x06000515,0x0010d994,312,
3,RECUPERADO-AOT,"Vehículo: física, input PC, animación",Assembly-CSharp,CarMetrics,CloneToObject,0x06000512,0x0010d3dc,236,
3,RECUPERADO-AOT,"Vehículo: física, input PC, animación",Assembly-CSharp,CarMetrics,CopyMetrics,0x06000513,0x0010d4c8,260,
3,RECUPERADO-AOT,"Vehículo: física, input PC, animación",Assembly-CSharp,CarMetrics,DebugDump,0x06000514,0x0010d5cc,968,
3,RECUPERADO-AOT,"Vehículo: física, input PC, animación",Assembly-CSharp,CarMetrics,Signal,0x06000510,0x0010d2a0,228,
3,RECUPERADO-AOT,"Vehículo: física, input PC, animación",Assembly-CSharp,CarMetrics,Signal,0x06000511,0x0010d384,88,
3,RECUPERADO-AOT,"Vehículo: física, input PC, animación",Assembly-CSharp,CarMetrics,Start,0x0600050e,0x0010d058,88,
3,RECUPERADO-AOT,"Vehículo: física, input PC, animación",Assembly-CSharp,CarMetrics,Update,0x0600050f,0x0010d0b0,496,
3,RECUPERADO-AOT,"Vehículo: física, input PC, animación",Assembly-CSharp,CatchupNotify,.ctor,0x06000745,0x00139130,52,
3,RECUPERADO-AOT,"Vehículo: física, input PC, animación",Assembly-CSharp,CatchupNotify,DeathCount,0x06000746,0x00139164,72,
3,RECUPERADO-AOT,"Vehículo: física, input PC, animación",Assembly-CSharp,CatchupNotify,Start,0x06000747,0x001391ac,80,
3,RECUPERADO-AOT,"Vehículo: física, input PC, animación",Assembly-CSharp,CatchupNotify/<DeathCount>c__Iterator76,.ctor,0x06000a9c,0x0015e664,44,
3,RECUPERADO-AOT,"Vehículo: física, input PC, animación",Assembly-CSharp,CatchupNotify/<DeathCount>c__Iterator76,Dispose,0x06000aa0,0x0015e7d0,56,
3,RECUPERADO-AOT,"Vehículo: física, input PC, animación",Assembly-CSharp,CatchupNotify/<DeathCount>c__Iterator76,MoveNext,0x06000a9f,0x0015e6f8,216,
3,RECUPERADO-AOT,"Vehículo: física, input PC, animación",Assembly-CSharp,CatchupNotify/<DeathCount>c__Iterator76,Reset,0x06000aa1,0x0015e808,64,
3,RECUPERADO-AOT,"Vehículo: física, input PC, animación",Assembly-CSharp,CatchupNotify/<DeathCount>c__Iterator76,System.Collections.Generic.IEnumerator<object>.get_Current,0x06000a9d,0x0015e690,52,
3,RECUPERADO-AOT,"Vehículo: física, input PC, animación",Assembly-CSharp,CatchupNotify/<DeathCount>c__Iterator76,System.Collections.IEnumerator.get_Current,0x06000a9e,0x0015e6c4,52,
3,RECUPERADO-AOT,"Vehículo: física, input PC, animación",Assembly-CSharp,DriftButton,.ctor,0x06000748,0x001391fc,52,
3,RECUPERADO-AOT,"Vehículo: física, input PC, animación",Assembly-CSharp,DriftButton,ApplyDrift,0x06000749,0x00139230,140,
3,RECUPERADO-AOT,"Vehículo: física, input PC, animación",Assembly-CSharp,DriftButton,OnButtonDown,0x0600074a,0x001392bc,56,
3,RECUPERADO-AOT,"Vehículo: física, input PC, animación",Assembly-CSharp,DriftButton,OnButtonHeld,0x0600074c,0x0013932c,56,
3,RECUPERADO-AOT,"Vehículo: física, input PC, animación",Assembly-CSharp,DriftButton,OnButtonUp,0x0600074b,0x001392f4,56,
3,RECUPERADO-AOT,"Vehículo: física, input PC, animación",Assembly-CSharp,PlayerControlLinker,.ctor,0x0600045b,0x00101374,52,
3,RECUPERADO-AOT,"Vehículo: física, input PC, animación",Assembly-CSharp,PlayerControlLinker,Start,0x0600045c,0x001013a8,140,
3,RECUPERADO-AOT,"Vehículo: física, input PC, animación",Assembly-CSharp,PlayerKeyboardControl,.cctor,0x0600045e,0x00101468,92,
3,RECUPERADO-AOT,"Vehículo: física, input PC, animación",Assembly-CSharp,PlayerKeyboardControl,.ctor,0x0600045d,0x00101434,52,
3,RECUPERADO-AOT,"Vehículo: física, input PC, animación",Assembly-CSharp,PlayerKeyboardControl,Awake,0x06000461,0x001015e4,848,
3,RECUPERADO-AOT,"Vehículo: física, input PC, animación",Assembly-CSharp,PlayerKeyboardControl,FixedUpdate,0x06000463,0x00101ac4,624,
3,RECUPERADO-AOT,"Vehículo: física, input PC, animación",Assembly-CSharp,PlayerKeyboardControl,GetKey,0x06000460,0x00101554,144,
3,RECUPERADO-AOT,"Vehículo: física, input PC, animación",Assembly-CSharp,PlayerKeyboardControl,GetKeyDown,0x0600045f,0x001014c4,144,
3,RECUPERADO-AOT,"Vehículo: física, input PC, animación",Assembly-CSharp,PlayerKeyboardControl,Update,0x06000462,0x00101934,400,
3,RECUPERADO-AOT,"Vehículo: física, input PC, animación",Assembly-CSharp,PlayerKeyboardControl/KeyEventBinding,.ctor,0x06000464,0x00101d34,44,
3,RECUPERADO-AOT,"Vehículo: física, input PC, animación",Assembly-CSharp,PlayerKeyboardControl/KeyEventBinding,Key,0x06000466,0x00101e9c,316,
3,RECUPERADO-AOT,"Vehículo: física, input PC, animación",Assembly-CSharp,PlayerKeyboardControl/KeyEventBinding,KeyDown,0x06000465,0x00101d60,316,
3,RECUPERADO-AOT,"Vehículo: física, input PC, animación",Assembly-CSharp,ReverseButton,.ctor,0x0600077d,0x0013cb1c,52,
3,RECUPERADO-AOT,"Vehículo: física, input PC, animación",Assembly-CSharp,ReverseButton,ApplyReverse,0x0600077e,0x0013cb50,140,
3,RECUPERADO-AOT,"Vehículo: física, input PC, animación",Assembly-CSharp,ReverseButton,OnButtonDown,0x0600077f,0x0013cbdc,56,
3,RECUPERADO-AOT,"Vehículo: física, input PC, animación",Assembly-CSharp,ReverseButton,OnButtonHeld,0x06000781,0x0013cc4c,56,
3,RECUPERADO-AOT,"Vehículo: física, input PC, animación",Assembly-CSharp,ReverseButton,OnButtonUp,0x06000780,0x0013cc14,56,
3,RECUPERADO-AOT,"Vehículo: física, input PC, animación",Assembly-CSharp,ShadowBlob,.ctor,0x0600047a,0x001034d0,52,
3,RECUPERADO-AOT,"Vehículo: física, input PC, animación",Assembly-CSharp,ShadowBlob,OnDisable,0x0600047e,0x0010368c,88,
3,RECUPERADO-AOT,"Vehículo: física, input PC, animación",Assembly-CSharp,ShadowBlob,OnEnable,0x0600047d,0x00103634,88,
3,RECUPERADO-AOT,"Vehículo: física, input PC, animación",Assembly-CSharp,ShadowBlob,Start,0x0600047c,0x001035b8,124,
3,RECUPERADO-AOT,"Vehículo: física, input PC, animación",Assembly-CSharp,ShadowBlob,Update,0x0600047f,0x001036e4,1116,
3,RECUPERADO-AOT,"Vehículo: física, input PC, animación",Assembly-CSharp,ShadowBlob,get_ShadowPosition,0x0600047b,0x00103504,180,
3,RECUPERADO-AOT,"Vehículo: física, input PC, animación",Assembly-CSharp,SpringConnection,.ctor,0x06000480,0x00103b40,316,
3,RECUPERADO-AOT,"Vehículo: física, input PC, animación",Assembly-CSharp,SpringConnection,FixedUpdate,0x06000482,0x00103d84,2068,
3,RECUPERADO-AOT,"Vehículo: física, input PC, animación",Assembly-CSharp,SpringConnection,Start,0x06000481,0x00103c7c,264,
3,RECUPERADO-AOT,"Vehículo: física, input PC, animación",Assembly-CSharp,TriFoot,.ctor,0x06000595,0x00119944,672,
3,RECUPERADO-AOT,"Vehículo: física, input PC, animación",Assembly-CSharp,TriFoot,FixedUpdate,0x060005a5,0x0011c0b0,780,
3,RECUPERADO-AOT,"Vehículo: física, input PC, animación",Assembly-CSharp,TriFoot,GimpedTrifootCoroutine,0x060005a6,0x0011c3bc,72,
3,RECUPERADO-AOT,"Vehículo: física, input PC, animación",Assembly-CSharp,TriFoot,OnDrawGizmos,0x060005a7,0x0011c404,44,
3,RECUPERADO-AOT,"Vehículo: física, input PC, animación",Assembly-CSharp,TriFoot,Start,0x060005a4,0x0011c04c,100,
3,RECUPERADO-AOT,"Vehículo: física, input PC, animación",Assembly-CSharp,TriFoot,TriFootTest,0x060005a2,0x0011a490,6924,
3,RECUPERADO-AOT,"Vehículo: física, input PC, animación",Assembly-CSharp,TriFoot,UpsideDownTest,0x060005a3,0x0011bf9c,176,
3,RECUPERADO-AOT,"Vehículo: física, input PC, animación",Assembly-CSharp,TriFoot,get_forward,0x0600059c,0x00119f50,312,
3,RECUPERADO-AOT,"Vehículo: física, input PC, animación",Assembly-CSharp,TriFoot,get_leadFoot,0x06000596,0x00119be4,156,
3,RECUPERADO-AOT,"Vehículo: física, input PC, animación",Assembly-CSharp,TriFoot,get_leftFoot,0x06000598,0x00119d08,156,
3,RECUPERADO-AOT,"Vehículo: física, input PC, animación",Assembly-CSharp,TriFoot,get_right,0x0600059e,0x0011a110,312,
3,RECUPERADO-AOT,"Vehículo: física, input PC, animación",Assembly-CSharp,TriFoot,get_rightFoot,0x0600059a,0x00119e2c,156,
3,RECUPERADO-AOT,"Vehículo: física, input PC, animación",Assembly-CSharp,TriFoot,get_up,0x060005a0,0x0011a2d0,312,
3,RECUPERADO-AOT,"Vehículo: física, input PC, animación",Assembly-CSharp,TriFoot,set_forward,0x0600059d,0x0011a088,136,
3,RECUPERADO-AOT,"Vehículo: física, input PC, animación",Assembly-CSharp,TriFoot,set_leadFoot,0x06000597,0x00119c80,136,
3,RECUPERADO-AOT,"Vehículo: física, input PC, animación",Assembly-CSharp,TriFoot,set_leftFoot,0x06000599,0x00119da4,136,
3,RECUPERADO-AOT,"Vehículo: física, input PC, animación",Assembly-CSharp,TriFoot,set_right,0x0600059f,0x0011a248,136,
3,RECUPERADO-AOT,"Vehículo: física, input PC, animación",Assembly-CSharp,TriFoot,set_rightFoot,0x0600059b,0x00119ec8,136,
3,RECUPERADO-AOT,"Vehículo: física, input PC, animación",Assembly-CSharp,TriFoot,set_up,0x060005a1,0x0011a408,136,
3,RECUPERADO-AOT,"Vehículo: física, input PC, animación",Assembly-CSharp,TriFoot/<GimpedTrifootCoroutine>c__Iterator4A,.ctor,0x0600098d,0x00150be4,44,
3,RECUPERADO-AOT,"Vehículo: física, input PC, animación",Assembly-CSharp,TriFoot/<GimpedTrifootCoroutine>c__Iterator4A,Dispose,0x06000991,0x00150d44,56,
3,RECUPERADO-AOT,"Vehículo: física, input PC, animación",Assembly-CSharp,TriFoot/<GimpedTrifootCoroutine>c__Iterator4A,MoveNext,0x06000990,0x00150c78,204,
3,RECUPERADO-AOT,"Vehículo: física, input PC, animación",Assembly-CSharp,TriFoot/<GimpedTrifootCoroutine>c__Iterator4A,Reset,0x06000992,0x00150d7c,64,
3,RECUPERADO-AOT,"Vehículo: física, input PC, animación",Assembly-CSharp,TriFoot/<GimpedTrifootCoroutine>c__Iterator4A,System.Collections.Generic.IEnumerator<object>.get_Current,0x0600098e,0x00150c10,52,
3,RECUPERADO-AOT,"Vehículo: física, input PC, animación",Assembly-CSharp,TriFoot/<GimpedTrifootCoroutine>c__Iterator4A,System.Collections.IEnumerator.get_Current,0x0600098f,0x00150c44,52,
4,RECUPERADO-AOT,"Audio (música, SFX, voces)",Assembly-CSharp-firstpass,AudioManager,.cctor,0x060000c3,0x00012fc4,36,
4,RECUPERADO-AOT,"Audio (música, SFX, voces)",Assembly-CSharp-firstpass,AudioManager,.ctor,0x060000c2,0x00012f70,84,
4,RECUPERADO-AOT,"Audio (música, SFX, voces)",Assembly-CSharp-firstpass,AudioManager,OnDisable,0x060000c5,0x000130e0,68,
4,RECUPERADO-AOT,"Audio (música, SFX, voces)",Assembly-CSharp-firstpass,AudioManager,OnEnable,0x060000c6,0x00013124,68,
4,RECUPERADO-AOT,"Audio (música, SFX, voces)",Assembly-CSharp-firstpass,AudioManager,get_SoundEffectsVolume,0x060000c7,0x00013168,144,se ejecuta ya en Etapa 1
4,RECUPERADO-AOT,"Audio (música, SFX, voces)",Assembly-CSharp-firstpass,AudioManager,get_instance,0x060000c4,0x00012fe8,248,se ejecuta ya en Etapa 1
4,RECUPERADO-AOT,"Audio (música, SFX, voces)",Assembly-CSharp-firstpass,AudioManager,set_SoundEffectsVolume,0x060000c8,0x000131f8,108,
4,RECUPERADO-AOT,"Audio (música, SFX, voces)",Assembly-CSharp,CharacterVOController,.ctor,0x060002ec,0x000ecd04,196,
4,RECUPERADO-AOT,"Audio (música, SFX, voces)",Assembly-CSharp,CharacterVOController,PickClip,0x060002ed,0x000ecdc8,336,
4,RECUPERADO-AOT,"Audio (música, SFX, voces)",Assembly-CSharp,CharacterVOController,PlayCelebrate,0x060002ef,0x000ecfb4,72,se ejecuta ya en Etapa 3
4,RECUPERADO-AOT,"Audio (música, SFX, voces)",Assembly-CSharp,CharacterVOController,PlayCharacterSelect,0x060002f1,0x000ed044,72,se ejecuta ya en Etapa 2
4,RECUPERADO-AOT,"Audio (música, SFX, voces)",Assembly-CSharp,CharacterVOController,PlayClip,0x060002ee,0x000ecf18,156,
4,RECUPERADO-AOT,"Audio (música, SFX, voces)",Assembly-CSharp,CharacterVOController,PlayPout,0x060002f0,0x000ecffc,72,se ejecuta ya en Etapa 3
4,RECUPERADO-AOT,"Audio (música, SFX, voces)",Assembly-CSharp,CharacterVOControllerGameObjectExtender,GetVOController,0x060002eb,0x000ecc80,132,se ejecuta ya en Etapa 2
4,PENDIENTE,"Audio (música, SFX, voces)",Assembly-CSharp,ClipReference,.ctor,0x06000483,0x00104598,44,
4,PENDIENTE,"Audio (música, SFX, voces)",Assembly-CSharp,MusicPlayer,.cctor,0x060002f7,0x000ed214,36,
4,PENDIENTE,"Audio (música, SFX, voces)",Assembly-CSharp,MusicPlayer,.ctor,0x060002f6,0x000ed1e0,52,
4,PENDIENTE,"Audio (música, SFX, voces)",Assembly-CSharp,MusicPlayer,Awake,0x060002fb,0x000ed3d8,56,
4,PENDIENTE,"Audio (música, SFX, voces)",Assembly-CSharp,MusicPlayer,HijackMusicPlayerForSoundStings,0x06000301,0x000ed6d0,276,se ejecuta ya en Etapa 3
4,PENDIENTE,"Audio (música, SFX, voces)",Assembly-CSharp,MusicPlayer,PlayMusic,0x060002fd,0x000ed4a8,72,se ejecuta ya en Etapa 1
4,PENDIENTE,"Audio (música, SFX, voces)",Assembly-CSharp,MusicPlayer,PlayMusic,0x060002fe,0x000ed4f0,288,se ejecuta ya en Etapa 1
4,PENDIENTE,"Audio (música, SFX, voces)",Assembly-CSharp,MusicPlayer,RestoreVolumeAfterSound,0x06000302,0x000ed7e4,72,
4,PENDIENTE,"Audio (música, SFX, voces)",Assembly-CSharp,MusicPlayer,Start,0x060002fa,0x000ed370,104,
4,PENDIENTE,"Audio (música, SFX, voces)",Assembly-CSharp,MusicPlayer,StopMusic,0x060002ff,0x000ed610,92,
4,PENDIENTE,"Audio (música, SFX, voces)",Assembly-CSharp,MusicPlayer,Update,0x060002fc,0x000ed410,152,
4,PENDIENTE,"Audio (música, SFX, voces)",Assembly-CSharp,MusicPlayer,UpdateVolume,0x06000300,0x000ed66c,100,se ejecuta ya en Etapa 1
4,PENDIENTE,"Audio (música, SFX, voces)",Assembly-CSharp,MusicPlayer,get_Exists,0x060002f9,0x000ed330,64,
4,PENDIENTE,"Audio (música, SFX, voces)",Assembly-CSharp,MusicPlayer,get_Instance,0x060002f8,0x000ed238,248,se ejecuta ya en Etapa 1
4,PENDIENTE,"Audio (música, SFX, voces)",Assembly-CSharp,MusicPlayer/<RestoreVolumeAfterSound>c__Iterator25,.ctor,0x060008ab,0x001484b8,44,
4,PENDIENTE,"Audio (música, SFX, voces)",Assembly-CSharp,MusicPlayer/<RestoreVolumeAfterSound>c__Iterator25,Dispose,0x060008af,0x001485f8,56,
4,PENDIENTE,"Audio (música, SFX, voces)",Assembly-CSharp,MusicPlayer/<RestoreVolumeAfterSound>c__Iterator25,MoveNext,0x060008ae,0x0014854c,172,
4,PENDIENTE,"Audio (música, SFX, voces)",Assembly-CSharp,MusicPlayer/<RestoreVolumeAfterSound>c__Iterator25,Reset,0x060008b0,0x00148630,64,
4,PENDIENTE,"Audio (música, SFX, voces)",Assembly-CSharp,MusicPlayer/<RestoreVolumeAfterSound>c__Iterator25,System.Collections.Generic.IEnumerator<object>.get_Current,0x060008ac,0x001484e4,52,
4,PENDIENTE,"Audio (música, SFX, voces)",Assembly-CSharp,MusicPlayer/<RestoreVolumeAfterSound>c__Iterator25,System.Collections.IEnumerator.get_Current,0x060008ad,0x00148518,52,
4,PENDIENTE,"Audio (música, SFX, voces)",Assembly-CSharp,SoundLibrary,.cctor,0x06000304,0x000ed860,36,
4,PENDIENTE,"Audio (música, SFX, voces)",Assembly-CSharp,SoundLibrary,.ctor,0x06000303,0x000ed82c,52,
4,PENDIENTE,"Audio (música, SFX, voces)",Assembly-CSharp,SoundLibrary,Awake,0x0600030a,0x000eda58,388,
4,PENDIENTE,"Audio (música, SFX, voces)",Assembly-CSharp,SoundLibrary,ButtonClickPlay,0x06000314,0x000ee278,116,se ejecuta ya en Etapa 1
4,PENDIENTE,"Audio (música, SFX, voces)",Assembly-CSharp,SoundLibrary,GetClip,0x0600030b,0x000edbdc,108,
4,PENDIENTE,"Audio (música, SFX, voces)",Assembly-CSharp,SoundLibrary,GetClipHash,0x0600030c,0x000edc48,108,
4,PENDIENTE,"Audio (música, SFX, voces)",Assembly-CSharp,SoundLibrary,GetClipName,0x0600030d,0x000edcb4,112,
4,PENDIENTE,"Audio (música, SFX, voces)",Assembly-CSharp,SoundLibrary,GetInstanceOfSource,0x06000313,0x000ee0a4,468,
4,PENDIENTE,"Audio (música, SFX, voces)",Assembly-CSharp,SoundLibrary,ManuallyAddClip,0x0600030e,0x000edd24,184,
4,PENDIENTE,"Audio (música, SFX, voces)",Assembly-CSharp,SoundLibrary,ManuallyRemoveClip,0x0600030f,0x000edddc,160,
4,PENDIENTE,"Audio (música, SFX, voces)",Assembly-CSharp,SoundLibrary,PauseCameraSound,0x06000319,0x000ee5fc,348,
4,PENDIENTE,"Audio (música, SFX, voces)",Assembly-CSharp,SoundLibrary,PlayClipOnSource,0x06000310,0x000ede7c,312,
4,PENDIENTE,"Audio (música, SFX, voces)",Assembly-CSharp,SoundLibrary,PlayOneShotClipOnSource,0x06000311,0x000edfb4,164,
4,PENDIENTE,"Audio (música, SFX, voces)",Assembly-CSharp,SoundLibrary,PlayRandomWhoosh,0x06000315,0x000ee2ec,188,se ejecuta ya en Etapa 1
4,PENDIENTE,"Audio (música, SFX, voces)",Assembly-CSharp,SoundLibrary,PlaySoundOnCamera,0x06000317,0x000ee454,248,
4,PENDIENTE,"Audio (música, SFX, voces)",Assembly-CSharp,SoundLibrary,PlaySoundOnPlayer,0x06000316,0x000ee3a8,172,se ejecuta ya en Etapa 3
4,PENDIENTE,"Audio (música, SFX, voces)",Assembly-CSharp,SoundLibrary,StopClipOnSource,0x06000312,0x000ee058,76,
4,PENDIENTE,"Audio (música, SFX, voces)",Assembly-CSharp,SoundLibrary,StopSoundOnCamera,0x06000318,0x000ee54c,176,
4,PENDIENTE,"Audio (música, SFX, voces)",Assembly-CSharp,SoundLibrary,Update,0x0600031a,0x000ee758,76,
4,PENDIENTE,"Audio (música, SFX, voces)",Assembly-CSharp,SoundLibrary,get_HashToNameBank,0x06000309,0x000eda24,52,
4,PENDIENTE,"Audio (música, SFX, voces)",Assembly-CSharp,SoundLibrary,get_Instance,0x06000305,0x000ed884,248,
4,PENDIENTE,"Audio (música, SFX, voces)",Assembly-CSharp,SoundLibrary,get_NameToHashBank,0x06000308,0x000ed9f0,52,
4,PENDIENTE,"Audio (música, SFX, voces)",Assembly-CSharp,SoundLibrary,get_Present,0x06000306,0x000ed97c,64,
4,PENDIENTE,"Audio (música, SFX, voces)",Assembly-CSharp,SoundLibrary,get_SoundBank,0x06000307,0x000ed9bc,52,
4,PENDIENTE,"Audio (música, SFX, voces)",Assembly-CSharp,SoundLibrary/ClipHashDictionary,.ctor,0x06000320,0x000eea1c,188,
4,PENDIENTE,"Audio (música, SFX, voces)",Assembly-CSharp,SoundLibrary/ClipHashDictionary,get_Item,0x06000321,0x000eead8,112,
4,PENDIENTE,"Audio (música, SFX, voces)",Assembly-CSharp,SoundLibrary/ClipHashDictionary,set_Item,0x06000322,0x000eeb48,164,
4,PENDIENTE,"Audio (música, SFX, voces)",Assembly-CSharp,SoundLibrary/HashClipDictionary,.ctor,0x06000323,0x000eebec,188,
4,PENDIENTE,"Audio (música, SFX, voces)",Assembly-CSharp,SoundLibrary/HashClipDictionary,get_Item,0x06000324,0x000eeca8,112,
4,PENDIENTE,"Audio (música, SFX, voces)",Assembly-CSharp,SoundLibrary/HashClipDictionary,set_Item,0x06000325,0x000eed18,160,
4,PENDIENTE,"Audio (música, SFX, voces)",Assembly-CSharp,SoundLibrary/SoundClipDictionary,.ctor,0x0600031c,0x000ee7d0,188,
4,PENDIENTE,"Audio (música, SFX, voces)",Assembly-CSharp,SoundLibrary/SoundClipDictionary,get_Count,0x0600031f,0x000ee9dc,64,
4,PENDIENTE,"Audio (música, SFX, voces)",Assembly-CSharp,SoundLibrary/SoundClipDictionary,get_Item,0x0600031d,0x000ee88c,112,
4,PENDIENTE,"Audio (música, SFX, voces)",Assembly-CSharp,SoundLibrary/SoundClipDictionary,set_Item,0x0600031e,0x000ee8fc,224,
4,PENDIENTE,"Audio (música, SFX, voces)",Assembly-CSharp,SoundLibrary/SoundClipReference,.ctor,0x0600031b,0x000ee7a4,44,
4,PENDIENTE,"Audio (música, SFX, voces)",Assembly-CSharp,SoundLibraryAddendum,.ctor,0x06000326,0x000eedb8,52,
4,PENDIENTE,"Audio (música, SFX, voces)",Assembly-CSharp,SoundLibraryAddendum,Dispose,0x06000329,0x000eeef0,52,se ejecuta ya en Etapa 3
4,PENDIENTE,"Audio (música, SFX, voces)",Assembly-CSharp,SoundLibraryAddendum,OnDisable,0x06000328,0x000eee70,128,
4,PENDIENTE,"Audio (música, SFX, voces)",Assembly-CSharp,SoundLibraryAddendum,OnEnable,0x06000327,0x000eedec,132,
4,PENDIENTE,"Audio (música, SFX, voces)",Assembly-CSharp,SoundPackage,.ctor,0x06000484,0x001045c4,52,
4,PENDIENTE,"Audio (música, SFX, voces)",Assembly-CSharp,SoundPackageLoadReference,.ctor,0x06000486,0x00104624,44,
4,PENDIENTE,"Audio (música, SFX, voces)",Assembly-CSharp,SoundPackageManager,.cctor,0x06000488,0x001046d8,36,
4,PENDIENTE,"Audio (música, SFX, voces)",Assembly-CSharp,SoundPackageManager,.ctor,0x06000487,0x00104650,136,
4,PENDIENTE,"Audio (música, SFX, voces)",Assembly-CSharp,SoundPackageManager,CleaningPass,0x0600048e,0x00104aa0,780,
4,PENDIENTE,"Audio (música, SFX, voces)",Assembly-CSharp,SoundPackageManager,GetClip,0x06000491,0x00104edc,112,
4,PENDIENTE,"Audio (música, SFX, voces)",Assembly-CSharp,SoundPackageManager,IsClipLoaded,0x0600048f,0x00104dac,72,
4,PENDIENTE,"Audio (música, SFX, voces)",Assembly-CSharp,SoundPackageManager,IsPackageLoaded,0x06000490,0x00104df4,232,
4,PENDIENTE,"Audio (música, SFX, voces)",Assembly-CSharp,SoundPackageManager,LoadPackage,0x0600048c,0x0010488c,304,
4,PENDIENTE,"Audio (música, SFX, voces)",Assembly-CSharp,SoundPackageManager,LoadPackageCoroutine,0x0600048b,0x00104834,88,
4,PENDIENTE,"Audio (música, SFX, voces)",Assembly-CSharp,SoundPackageManager,UnloadPackage,0x0600048d,0x001049bc,228,
4,PENDIENTE,"Audio (música, SFX, voces)",Assembly-CSharp,SoundPackageManager,get_Instance,0x06000489,0x001046fc,248,
4,PENDIENTE,"Audio (música, SFX, voces)",Assembly-CSharp,SoundPackageManager,get_Present,0x0600048a,0x001047f4,64,
4,PENDIENTE,"Audio (música, SFX, voces)",Assembly-CSharp,SoundPackageManager/<IsPackageLoaded>c__AnonStorey96,.ctor,0x06000b3f,0x001668c0,44,
4,PENDIENTE,"Audio (música, SFX, voces)",Assembly-CSharp,SoundPackageManager/<IsPackageLoaded>c__AnonStorey96,<>m__11,0x06000b40,0x001668ec,76,
4,PENDIENTE,"Audio (música, SFX, voces)",Assembly-CSharp,SoundPackageManager/<LoadPackage>c__AnonStorey94,.ctor,0x06000b3b,0x001667d0,44,
4,PENDIENTE,"Audio (música, SFX, voces)",Assembly-CSharp,SoundPackageManager/<LoadPackage>c__AnonStorey94,<>m__F,0x06000b3c,0x001667fc,76,
4,PENDIENTE,"Audio (música, SFX, voces)",Assembly-CSharp,SoundPackageManager/<LoadPackageCoroutine>c__Iterator31,.ctor,0x060008f7,0x0014bd34,44,
4,PENDIENTE,"Audio (música, SFX, voces)",Assembly-CSharp,SoundPackageManager/<LoadPackageCoroutine>c__Iterator31,Dispose,0x060008fb,0x0014c0a4,56,
4,PENDIENTE,"Audio (música, SFX, voces)",Assembly-CSharp,SoundPackageManager/<LoadPackageCoroutine>c__Iterator31,MoveNext,0x060008fa,0x0014bdc8,732,
4,PENDIENTE,"Audio (música, SFX, voces)",Assembly-CSharp,SoundPackageManager/<LoadPackageCoroutine>c__Iterator31,Reset,0x060008fc,0x0014c0dc,64,
4,PENDIENTE,"Audio (música, SFX, voces)",Assembly-CSharp,SoundPackageManager/<LoadPackageCoroutine>c__Iterator31,System.Collections.Generic.IEnumerator<object>.get_Current,0x060008f8,0x0014bd60,52,
4,PENDIENTE,"Audio (música, SFX, voces)",Assembly-CSharp,SoundPackageManager/<LoadPackageCoroutine>c__Iterator31,System.Collections.IEnumerator.get_Current,0x060008f9,0x0014bd94,52,
4,PENDIENTE,"Audio (música, SFX, voces)",Assembly-CSharp,SoundPackageManager/<UnloadPackage>c__AnonStorey95,.ctor,0x06000b3d,0x00166848,44,
4,PENDIENTE,"Audio (música, SFX, voces)",Assembly-CSharp,SoundPackageManager/<UnloadPackage>c__AnonStorey95,<>m__10,0x06000b3e,0x00166874,76,
4,PENDIENTE,"Audio (música, SFX, voces)",Assembly-CSharp,SoundPackageReference,.ctor,0x06000485,0x001045f8,44,
4,PENDIENTE,"Audio (música, SFX, voces)",Assembly-CSharp,SoundSequencer,.ctor,0x06000330,0x000ef564,124,
4,PENDIENTE,"Audio (música, SFX, voces)",Assembly-CSharp,SoundSequencer,Awake,0x06000338,0x000efdac,180,
4,PENDIENTE,"Audio (música, SFX, voces)",Assembly-CSharp,SoundSequencer,DetermineSoundsToPlay,0x06000335,0x000ef8b8,512,
4,PENDIENTE,"Audio (música, SFX, voces)",Assembly-CSharp,SoundSequencer,GetNewSourceAndPlay,0x06000337,0x000efcac,256,
4,PENDIENTE,"Audio (música, SFX, voces)",Assembly-CSharp,SoundSequencer,PauseSounds,0x0600033b,0x000eff24,364,
4,PENDIENTE,"Audio (música, SFX, voces)",Assembly-CSharp,SoundSequencer,Recycle,0x0600033a,0x000efedc,72,
4,PENDIENTE,"Audio (música, SFX, voces)",Assembly-CSharp,SoundSequencer,RequestPlay,0x06000332,0x000ef614,180,se ejecuta ya en Etapa 3
4,PENDIENTE,"Audio (música, SFX, voces)",Assembly-CSharp,SoundSequencer,RequestPlayLoop,0x06000333,0x000ef6c8,108,
4,PENDIENTE,"Audio (música, SFX, voces)",Assembly-CSharp,SoundSequencer,SearchUsedList,0x06000336,0x000efab8,500,
4,PENDIENTE,"Audio (música, SFX, voces)",Assembly-CSharp,SoundSequencer,SetPriority,0x0600033e,0x000f035c,88,
4,PENDIENTE,"Audio (música, SFX, voces)",Assembly-CSharp,SoundSequencer,StopLoopingSound,0x06000334,0x000ef734,388,
4,PENDIENTE,"Audio (música, SFX, voces)",Assembly-CSharp,SoundSequencer,StopSounds,0x0600033d,0x000f01fc,352,
4,PENDIENTE,"Audio (música, SFX, voces)",Assembly-CSharp,SoundSequencer,UnpauseSounds,0x0600033c,0x000f0090,364,
4,PENDIENTE,"Audio (música, SFX, voces)",Assembly-CSharp,SoundSequencer,Update,0x06000339,0x000efe60,124,
4,PENDIENTE,"Audio (música, SFX, voces)",Assembly-CSharp,SoundSequencer,get_isPaused,0x06000331,0x000ef5e0,52,
4,PENDIENTE,"Audio (música, SFX, voces)",Assembly-CSharp,SoundSequencer/<Recycle>c__Iterator26,.ctor,0x060008b1,0x00148670,44,
4,PENDIENTE,"Audio (música, SFX, voces)",Assembly-CSharp,SoundSequencer/<Recycle>c__Iterator26,Dispose,0x060008b5,0x001487e0,56,
4,PENDIENTE,"Audio (música, SFX, voces)",Assembly-CSharp,SoundSequencer/<Recycle>c__Iterator26,MoveNext,0x060008b4,0x00148704,220,
4,PENDIENTE,"Audio (música, SFX, voces)",Assembly-CSharp,SoundSequencer/<Recycle>c__Iterator26,Reset,0x060008b6,0x00148818,64,
4,PENDIENTE,"Audio (música, SFX, voces)",Assembly-CSharp,SoundSequencer/<Recycle>c__Iterator26,System.Collections.Generic.IEnumerator<object>.get_Current,0x060008b2,0x0014869c,52,
4,PENDIENTE,"Audio (música, SFX, voces)",Assembly-CSharp,SoundSequencer/<Recycle>c__Iterator26,System.Collections.IEnumerator.get_Current,0x060008b3,0x001486d0,52,
4,PENDIENTE,IA de rivales,Assembly-CSharp,BaseCarAIState,.ctor,0x0600002b,0x000c4ad8,44,
4,PENDIENTE,IA de rivales,Assembly-CSharp,CarAI,.ctor,0x06000016,0x000c21c0,1016,
4,PENDIENTE,IA de rivales,Assembly-CSharp,CarAI,AIEvaluationPump,0x06000017,0x000c25b8,72,
4,PENDIENTE,IA de rivales,Assembly-CSharp,CarAI,AddState,0x0600001f,0x000c35e4,488,
4,PENDIENTE,IA de rivales,Assembly-CSharp,CarAI,ClearStates,0x06000024,0x000c404c,352,se ejecuta ya en Etapa 3
4,PENDIENTE,IA de rivales,Assembly-CSharp,CarAI,DriveTowardPoint,0x06000026,0x000c44fc,144,
4,PENDIENTE,IA de rivales,Assembly-CSharp,CarAI,DriveWithFacing,0x06000025,0x000c41ac,848,
4,PENDIENTE,IA de rivales,Assembly-CSharp,CarAI,EvaluateStates,0x0600001d,0x000c2da0,1900,
4,PENDIENTE,IA de rivales,Assembly-CSharp,CarAI,FixedUpdate,0x06000023,0x000c3fdc,112,
4,PENDIENTE,IA de rivales,Assembly-CSharp,CarAI,OnDrawGizmos,0x06000022,0x000c3a44,1432,
4,PENDIENTE,IA de rivales,Assembly-CSharp,CarAI,Start,0x06000020,0x000c37cc,512,
4,PENDIENTE,IA de rivales,Assembly-CSharp,CarAI,StateDone,0x0600001e,0x000c350c,216,
4,PENDIENTE,IA de rivales,Assembly-CSharp,CarAI,TestForAvoidBadTerrain,0x0600001a,0x000c2920,364,
4,PENDIENTE,IA de rivales,Assembly-CSharp,CarAI,TestForHarassCar,0x0600001c,0x000c2cac,244,
4,PENDIENTE,IA de rivales,Assembly-CSharp,CarAI,TestForHitBeneficialTerrain,0x0600001b,0x000c2a8c,544,
4,PENDIENTE,IA de rivales,Assembly-CSharp,CarAI,TestForNoticePickup,0x06000018,0x000c2600,620,
4,PENDIENTE,IA de rivales,Assembly-CSharp,CarAI,TestForPowerupUsage,0x06000019,0x000c286c,180,
4,PENDIENTE,IA de rivales,Assembly-CSharp,CarAI,Update,0x06000021,0x000c39cc,120,
4,PENDIENTE,IA de rivales,Assembly-CSharp,CarAI/<AIEvaluationPump>c__Iterator0,.ctor,0x060007cd,0x00140f34,44,
4,PENDIENTE,IA de rivales,Assembly-CSharp,CarAI/<AIEvaluationPump>c__Iterator0,Dispose,0x060007d1,0x001410e4,56,
4,PENDIENTE,IA de rivales,Assembly-CSharp,CarAI/<AIEvaluationPump>c__Iterator0,MoveNext,0x060007d0,0x00140fc8,284,
4,PENDIENTE,IA de rivales,Assembly-CSharp,CarAI/<AIEvaluationPump>c__Iterator0,Reset,0x060007d2,0x0014111c,64,
4,PENDIENTE,IA de rivales,Assembly-CSharp,CarAI/<AIEvaluationPump>c__Iterator0,System.Collections.Generic.IEnumerator<object>.get_Current,0x060007ce,0x00140f60,52,
4,PENDIENTE,IA de rivales,Assembly-CSharp,CarAI/<AIEvaluationPump>c__Iterator0,System.Collections.IEnumerator.get_Current,0x060007cf,0x00140f94,52,
4,PENDIENTE,IA de rivales,Assembly-CSharp,CarAI/<EvaluateStates>c__AnonStorey8F,.ctor,0x06000b2f,0x001664c0,44,
4,PENDIENTE,IA de rivales,Assembly-CSharp,CarAI/<EvaluateStates>c__AnonStorey8F,<>m__1,0x06000b30,0x001664ec,80,
4,PENDIENTE,IA de rivales,Assembly-CSharp,CarAIPath,.ctor,0x06000001,0x000c08f0,44,
4,PENDIENTE,IA de rivales,Assembly-CSharp,CarAIPath,GetSizeEstimate,0x06000002,0x000c091c,64,
4,PENDIENTE,IA de rivales,Assembly-CSharp,CarAIPath/PathPoint,.ctor,0x06000003,0x000c095c,44,
4,PENDIENTE,IA de rivales,Assembly-CSharp,CarAIPathManager,.cctor,0x06000005,0x000c09bc,36,se ejecuta ya en Etapa 3
4,PENDIENTE,IA de rivales,Assembly-CSharp,CarAIPathManager,.ctor,0x06000004,0x000c0988,52,
4,PENDIENTE,IA de rivales,Assembly-CSharp,CarAIPathManager,AddPath,0x06000009,0x000c0af8,220,
4,PENDIENTE,IA de rivales,Assembly-CSharp,CarAIPathManager,GetPathByIndex,0x0600000c,0x000c0d7c,168,
4,PENDIENTE,IA de rivales,Assembly-CSharp,CarAIPathManager,GetPathCount,0x06000008,0x000c0a8c,108,
4,PENDIENTE,IA de rivales,Assembly-CSharp,CarAIPathManager,GetPathIndex,0x0600000b,0x000c0c98,228,
4,PENDIENTE,IA de rivales,Assembly-CSharp,CarAIPathManager,GetRandomPath,0x0600000a,0x000c0bd4,196,
4,PENDIENTE,IA de rivales,Assembly-CSharp,CarAIPathManager,OnDisable,0x06000007,0x000c0a48,68,
4,PENDIENTE,IA de rivales,Assembly-CSharp,CarAIPathManager,OnDrawGizmos,0x0600000e,0x000c0ecc,644,
4,PENDIENTE,IA de rivales,Assembly-CSharp,CarAIPathManager,OnEnable,0x06000006,0x000c09e0,104,
4,PENDIENTE,IA de rivales,Assembly-CSharp,CarAIPathManager,ProduceInstance,0x0600000d,0x000c0e24,168,
4,PENDIENTE,IA de rivales,Assembly-CSharp,CarAIPathManager/<GetPathIndex>c__AnonStorey8E,.ctor,0x06000b2d,0x0016644c,44,
4,PENDIENTE,IA de rivales,Assembly-CSharp,CarAIPathManager/<GetPathIndex>c__AnonStorey8E,<>m__0,0x06000b2e,0x00166478,72,
4,PENDIENTE,IA de rivales,Assembly-CSharp,CarAIPathRecorder,.ctor,0x0600000f,0x000c1150,104,
4,PENDIENTE,IA de rivales,Assembly-CSharp,CarAIPathRecorder,DeltaCompressPath,0x06000010,0x000c11b8,800,
4,PENDIENTE,IA de rivales,Assembly-CSharp,CarAIPathRecorder,DistanceCompressPath,0x06000011,0x000c14d8,500,
4,PENDIENTE,IA de rivales,Assembly-CSharp,CarAIPathRecorder,DistanceCompressPathWithGroundChecking,0x06000012,0x000c16cc,2232,
4,PENDIENTE,IA de rivales,Assembly-CSharp,CarAIPathRecorder,FinishRecording,0x06000015,0x000c2120,160,se ejecuta ya en Etapa 3
4,PENDIENTE,IA de rivales,Assembly-CSharp,CarAIPathRecorder,StartRecording,0x06000014,0x000c20b0,112,se ejecuta ya en Etapa 3
4,PENDIENTE,IA de rivales,Assembly-CSharp,CarAIPathRecorder,Update,0x06000013,0x000c1f84,300,
4,PENDIENTE,IA de rivales,Assembly-CSharp,CarAIPersonality,.ctor,0x06000027,0x000c458c,376,
4,PENDIENTE,IA de rivales,Assembly-CSharp,CarAIPersonality,Start,0x06000029,0x000c4a04,144,
4,PENDIENTE,IA de rivales,Assembly-CSharp,CarAIPersonality,get_stateWeightMap,0x06000028,0x000c4704,768,
4,PENDIENTE,IA de rivales,Assembly-CSharp,CarAIPersonality/PersonalityTrait,.ctor,0x0600002a,0x000c4a94,68,
4,PENDIENTE,IA de rivales,Assembly-CSharp,DriveAvoidTerrainAIState,.ctor,0x06000031,0x000c4b04,84,
4,PENDIENTE,IA de rivales,Assembly-CSharp,DriveAvoidTerrainAIState,FixedUpdate,0x06000035,0x000c4ff0,1004,
4,PENDIENTE,IA de rivales,Assembly-CSharp,DriveAvoidTerrainAIState,GetAIStateEnum,0x06000032,0x000c4b58,48,
4,PENDIENTE,IA de rivales,Assembly-CSharp,DriveAvoidTerrainAIState,Init,0x06000033,0x000c4b88,580,
4,PENDIENTE,IA de rivales,Assembly-CSharp,DriveAvoidTerrainAIState,Shutdown,0x06000036,0x000c53dc,44,
4,PENDIENTE,IA de rivales,Assembly-CSharp,DriveAvoidTerrainAIState,Update,0x06000034,0x000c4dcc,548,
4,PENDIENTE,IA de rivales,Assembly-CSharp,DriveHitBeneficialAIState,.ctor,0x06000037,0x000c5408,84,
4,PENDIENTE,IA de rivales,Assembly-CSharp,DriveHitBeneficialAIState,FixedUpdate,0x0600003b,0x000c5970,432,
4,PENDIENTE,IA de rivales,Assembly-CSharp,DriveHitBeneficialAIState,GetAIStateEnum,0x06000038,0x000c545c,48,
4,PENDIENTE,IA de rivales,Assembly-CSharp,DriveHitBeneficialAIState,Init,0x06000039,0x000c548c,716,
4,PENDIENTE,IA de rivales,Assembly-CSharp,DriveHitBeneficialAIState,Shutdown,0x0600003c,0x000c5b20,44,
4,PENDIENTE,IA de rivales,Assembly-CSharp,DriveHitBeneficialAIState,Update,0x0600003a,0x000c5758,536,
4,PENDIENTE,IA de rivales,Assembly-CSharp,DrivePickupAIState,.ctor,0x0600003d,0x000c5b4c,44,
4,PENDIENTE,IA de rivales,Assembly-CSharp,DrivePickupAIState,FixedUpdate,0x06000041,0x000c60bc,136,
4,PENDIENTE,IA de rivales,Assembly-CSharp,DrivePickupAIState,GetAIStateEnum,0x0600003e,0x000c5b78,48,
4,PENDIENTE,IA de rivales,Assembly-CSharp,DrivePickupAIState,Init,0x0600003f,0x000c5ba8,848,
4,PENDIENTE,IA de rivales,Assembly-CSharp,DrivePickupAIState,Shutdown,0x06000042,0x000c6144,44,
4,PENDIENTE,IA de rivales,Assembly-CSharp,DrivePickupAIState,Update,0x06000040,0x000c5ef8,452,
4,PENDIENTE,IA de rivales,Assembly-CSharp,DriveWaypointsCarAIState,.ctor,0x06000043,0x000c6170,84,
4,PENDIENTE,IA de rivales,Assembly-CSharp,DriveWaypointsCarAIState,FixedUpdate,0x06000047,0x000c6640,104,
4,PENDIENTE,IA de rivales,Assembly-CSharp,DriveWaypointsCarAIState,GetAIStateEnum,0x06000044,0x000c61c4,48,
4,PENDIENTE,IA de rivales,Assembly-CSharp,DriveWaypointsCarAIState,Init,0x06000045,0x000c61f4,112,
4,PENDIENTE,IA de rivales,Assembly-CSharp,DriveWaypointsCarAIState,Shutdown,0x06000048,0x000c66a8,44,
4,PENDIENTE,IA de rivales,Assembly-CSharp,DriveWaypointsCarAIState,Update,0x06000046,0x000c6264,988,
4,PENDIENTE,IA de rivales,Assembly-CSharp,ForwardForceAI,.ctor,0x06000092,0x000ce228,160,
4,PENDIENTE,IA de rivales,Assembly-CSharp,ForwardForceAI,FixedUpdate,0x06000094,0x000ce388,248,
4,PENDIENTE,IA de rivales,Assembly-CSharp,ForwardForceAI,Start,0x06000093,0x000ce2c8,192,
4,PENDIENTE,IA de rivales,Assembly-CSharp,GimpedCarAI,.ctor,0x06000052,0x000c7014,504,se ejecuta ya en Etapa 3
4,PENDIENTE,IA de rivales,Assembly-CSharp,GimpedCarAI,AggressionTherapyCoroutine,0x0600005d,0x000c839c,72,
4,PENDIENTE,IA de rivales,Assembly-CSharp,GimpedCarAI,Bump,0x06000061,0x000c914c,320,
4,PENDIENTE,IA de rivales,Assembly-CSharp,GimpedCarAI,DoCarCollisions,0x0600005b,0x000c7e18,1340,
4,PENDIENTE,IA de rivales,Assembly-CSharp,GimpedCarAI,DoRoadBoundaries,0x0600005a,0x000c78e0,1336,
4,PENDIENTE,IA de rivales,Assembly-CSharp,GimpedCarAI,FixedUpdate,0x06000060,0x000c8658,2804,se ejecuta ya en Etapa 3
4,PENDIENTE,IA de rivales,Assembly-CSharp,GimpedCarAI,GetGimpedSnapShot,0x06000062,0x000c928c,92,se ejecuta ya en Etapa 3
4,PENDIENTE,IA de rivales,Assembly-CSharp,GimpedCarAI,PowerupUseEvaluationCoroutinue,0x0600005c,0x000c8354,72,
4,PENDIENTE,IA de rivales,Assembly-CSharp,GimpedCarAI,SetGimpedSnapShot,0x06000063,0x000c92e8,604,
4,PENDIENTE,IA de rivales,Assembly-CSharp,GimpedCarAI,SetNewPath,0x06000058,0x000c7470,556,
4,PENDIENTE,IA de rivales,Assembly-CSharp,GimpedCarAI,SetNextPoint,0x06000059,0x000c769c,580,
4,PENDIENTE,IA de rivales,Assembly-CSharp,GimpedCarAI,SetToClosestPathHead,0x06000064,0x000c9544,456,se ejecuta ya en Etapa 3
4,PENDIENTE,IA de rivales,Assembly-CSharp,GimpedCarAI,Start,0x0600005e,0x000c83e4,568,se ejecuta ya en Etapa 3
4,PENDIENTE,IA de rivales,Assembly-CSharp,GimpedCarAI,Update,0x0600005f,0x000c861c,60,se ejecuta ya en Etapa 3
4,PENDIENTE,IA de rivales,Assembly-CSharp,GimpedCarAI,get_Direction,0x06000056,0x000c72d0,216,
4,PENDIENTE,IA de rivales,Assembly-CSharp,GimpedCarAI,get_IsInAir,0x06000057,0x000c73a8,200,
4,PENDIENTE,IA de rivales,Assembly-CSharp,GimpedCarAI,get_LinearVelocity,0x06000053,0x000c720c,64,
4,PENDIENTE,IA de rivales,Assembly-CSharp,GimpedCarAI,get_Velocity,0x06000055,0x000c7290,64,
4,PENDIENTE,IA de rivales,Assembly-CSharp,GimpedCarAI,set_LinearVelocity,0x06000054,0x000c724c,68,
4,PENDIENTE,IA de rivales,Assembly-CSharp,GimpedCarAI/<AggressionTherapyCoroutine>c__Iterator2,.ctor,0x060007d9,0x0014143c,44,
4,PENDIENTE,IA de rivales,Assembly-CSharp,GimpedCarAI/<AggressionTherapyCoroutine>c__Iterator2,Dispose,0x060007dd,0x001416e4,56,
4,PENDIENTE,IA de rivales,Assembly-CSharp,GimpedCarAI/<AggressionTherapyCoroutine>c__Iterator2,MoveNext,0x060007dc,0x001414d0,532,
4,PENDIENTE,IA de rivales,Assembly-CSharp,GimpedCarAI/<AggressionTherapyCoroutine>c__Iterator2,Reset,0x060007de,0x0014171c,64,
4,PENDIENTE,IA de rivales,Assembly-CSharp,GimpedCarAI/<AggressionTherapyCoroutine>c__Iterator2,System.Collections.Generic.IEnumerator<object>.get_Current,0x060007da,0x00141468,52,
4,PENDIENTE,IA de rivales,Assembly-CSharp,GimpedCarAI/<AggressionTherapyCoroutine>c__Iterator2,System.Collections.IEnumerator.get_Current,0x060007db,0x0014149c,52,
4,PENDIENTE,IA de rivales,Assembly-CSharp,GimpedCarAI/<PowerupUseEvaluationCoroutinue>c__Iterator1,.ctor,0x060007d3,0x0014115c,44,
4,PENDIENTE,IA de rivales,Assembly-CSharp,GimpedCarAI/<PowerupUseEvaluationCoroutinue>c__Iterator1,Dispose,0x060007d7,0x001413c4,56,
4,PENDIENTE,IA de rivales,Assembly-CSharp,GimpedCarAI/<PowerupUseEvaluationCoroutinue>c__Iterator1,MoveNext,0x060007d6,0x001411f0,468,
4,PENDIENTE,IA de rivales,Assembly-CSharp,GimpedCarAI/<PowerupUseEvaluationCoroutinue>c__Iterator1,Reset,0x060007d8,0x001413fc,64,
4,PENDIENTE,IA de rivales,Assembly-CSharp,GimpedCarAI/<PowerupUseEvaluationCoroutinue>c__Iterator1,System.Collections.Generic.IEnumerator<object>.get_Current,0x060007d4,0x00141188,52,
4,PENDIENTE,IA de rivales,Assembly-CSharp,GimpedCarAI/<PowerupUseEvaluationCoroutinue>c__Iterator1,System.Collections.IEnumerator.get_Current,0x060007d5,0x001411bc,52,
4,PENDIENTE,IA de rivales,Assembly-CSharp,PathMoverAI,.ctor,0x06000099,0x000ce7a8,244,
4,PENDIENTE,IA de rivales,Assembly-CSharp,PathMoverAI,FixedUpdate,0x0600009c,0x000cea68,752,
4,PENDIENTE,IA de rivales,Assembly-CSharp,PathMoverAI,Start,0x0600009b,0x000ce9c4,164,
4,PENDIENTE,IA de rivales,Assembly-CSharp,PathMoverAI,StartTransition,0x0600009a,0x000ce89c,296,
4,PENDIENTE,IA de rivales,Assembly-CSharp,SphereMoverAI,.ctor,0x060000a0,0x000ceecc,76,
4,PENDIENTE,IA de rivales,Assembly-CSharp,SphereMoverAI,CollisionReflect,0x060000a7,0x000cf220,1020,
4,PENDIENTE,IA de rivales,Assembly-CSharp,SphereMoverAI,DoMovement,0x060000a4,0x000cf04c,148,
4,PENDIENTE,IA de rivales,Assembly-CSharp,SphereMoverAI,FixedUpdate,0x060000a3,0x000cf018,52,
4,PENDIENTE,IA de rivales,Assembly-CSharp,SphereMoverAI,OnDrawGizmos,0x060000a6,0x000cf1f4,44,
4,PENDIENTE,IA de rivales,Assembly-CSharp,SphereMoverAI,Start,0x060000a1,0x000cef18,212,
4,PENDIENTE,IA de rivales,Assembly-CSharp,SphereMoverAI,Update,0x060000a2,0x000cefec,44,
4,PENDIENTE,IA de rivales,Assembly-CSharp,SphereMoverAI,UpdateTarget,0x060000a5,0x000cf0e0,276,
4,PENDIENTE,IA de rivales,Assembly-CSharp,SphereMoverCollider,.ctor,0x060000a8,0x000cf61c,52,
4,PENDIENTE,IA de rivales,Assembly-CSharp,SphereMoverCollider,OnTriggerEnter,0x060000ab,0x000cf6a8,144,
4,PENDIENTE,IA de rivales,Assembly-CSharp,SphereMoverCollider,Start,0x060000a9,0x000cf650,44,
4,PENDIENTE,IA de rivales,Assembly-CSharp,SphereMoverCollider,Update,0x060000aa,0x000cf67c,44,
4,PENDIENTE,IA de rivales,Assembly-CSharp,UsePowerupAIState,.ctor,0x06000049,0x000c66d4,116,
4,PENDIENTE,IA de rivales,Assembly-CSharp,UsePowerupAIState,DoMineEffectExecute,0x0600004f,0x000c6d74,584,
4,PENDIENTE,IA de rivales,Assembly-CSharp,UsePowerupAIState,DoRocketEffectExecute,0x0600004d,0x000c6908,264,
4,PENDIENTE,IA de rivales,Assembly-CSharp,UsePowerupAIState,DoShieldEffectExecute,0x0600004e,0x000c6a10,868,
4,PENDIENTE,IA de rivales,Assembly-CSharp,UsePowerupAIState,FixedUpdate,0x06000050,0x000c6fbc,44,
4,PENDIENTE,IA de rivales,Assembly-CSharp,UsePowerupAIState,GetAIStateEnum,0x0600004a,0x000c6748,48,
4,PENDIENTE,IA de rivales,Assembly-CSharp,UsePowerupAIState,Init,0x0600004b,0x000c6778,44,
4,PENDIENTE,IA de rivales,Assembly-CSharp,UsePowerupAIState,Shutdown,0x06000051,0x000c6fe8,44,
4,PENDIENTE,IA de rivales,Assembly-CSharp,UsePowerupAIState,Update,0x0600004c,0x000c67a4,356,
4,PENDIENTE,Misiones y logros internos,Assembly-CSharp,AchievementCategoryPublisher,.ctor,0x060005bf,0x0011d190,52,
4,PENDIENTE,Misiones y logros internos,Assembly-CSharp,AchievementCategoryPublisher,OnPressedCoins,0x060005c2,0x0011d62c,108,
4,PENDIENTE,Misiones y logros internos,Assembly-CSharp,AchievementCategoryPublisher,OnPressedPowerups,0x060005c4,0x0011d704,108,
4,PENDIENTE,Misiones y logros internos,Assembly-CSharp,AchievementCategoryPublisher,OnPressedStunts,0x060005c3,0x0011d698,108,
4,PENDIENTE,Misiones y logros internos,Assembly-CSharp,AchievementCategoryPublisher,OnPressedTracks,0x060005c1,0x0011d5c0,108,
4,PENDIENTE,Misiones y logros internos,Assembly-CSharp,AchievementCategoryPublisher,Start,0x060005c0,0x0011d1c4,1020,
4,PENDIENTE,Misiones y logros internos,Assembly-CSharp,AchievementListener,.ctor,0x060000ac,0x000cf738,52,
4,PENDIENTE,Misiones y logros internos,Assembly-CSharp,AchievementListener,Achieve,0x060000b4,0x000cf80c,240,
4,PENDIENTE,Misiones y logros internos,Assembly-CSharp,AchievementListener,Activate,0x060000b3,0x000cf7d4,56,
4,PENDIENTE,Misiones y logros internos,Assembly-CSharp,AchievementListener,Fail,0x060000b5,0x000cf8fc,76,se ejecuta ya en Etapa 1
4,PENDIENTE,Misiones y logros internos,Assembly-CSharp,AchievementListener,FilterCategory,0x060000b2,0x000cf7a0,52,
4,PENDIENTE,Misiones y logros internos,Assembly-CSharp,AchievementListener,GetUnlockName,0x060000b6,0x000cf948,100,
4,PENDIENTE,Misiones y logros internos,Assembly-CSharp,AchievementListener,HasAchieved,0x060000b7,0x000cf9ac,80,se ejecuta ya en Etapa 3
4,PENDIENTE,Misiones y logros internos,Assembly-CSharp,AchievementListener,get_State,0x060000ad,0x000cf76c,52,
4,RECUPERADO-AOT,Misiones y logros internos,Assembly-CSharp,AchievementManager,.cctor,0x060000b9,0x000cfa30,36,
4,RECUPERADO-AOT,Misiones y logros internos,Assembly-CSharp,AchievementManager,.ctor,0x060000b8,0x000cf9fc,52,
4,RECUPERADO-AOT,Misiones y logros internos,Assembly-CSharp,AchievementManager,Achieve,0x060000c2,0x000d0020,976,
4,RECUPERADO-AOT,Misiones y logros internos,Assembly-CSharp,AchievementManager,Awake,0x060000bc,0x000cfbb8,56,
4,RECUPERADO-AOT,Misiones y logros internos,Assembly-CSharp,AchievementManager,ChooseActiveListeners,0x060000c5,0x000d0514,1212,se ejecuta ya en Etapa 2
4,RECUPERADO-AOT,Misiones y logros internos,Assembly-CSharp,AchievementManager,ClearActiveListeners,0x060000c4,0x000d0468,172,se ejecuta ya en Etapa 2
4,RECUPERADO-AOT,Misiones y logros internos,Assembly-CSharp,AchievementManager,Fail,0x060000c3,0x000d03f0,120,se ejecuta ya en Etapa 1
4,RECUPERADO-AOT,Misiones y logros internos,Assembly-CSharp,AchievementManager,InitFrontEndAchievements,0x060000c6,0x000d09d0,468,se ejecuta ya en Etapa 1
4,RECUPERADO-AOT,Misiones y logros internos,Assembly-CSharp,AchievementManager,OnDisable,0x060000bf,0x000cfd94,332,
4,RECUPERADO-AOT,Misiones y logros internos,Assembly-CSharp,AchievementManager,OnEnable,0x060000be,0x000cfc48,332,
4,RECUPERADO-AOT,Misiones y logros internos,Assembly-CSharp,AchievementManager,OnRaceEnd,0x060000c1,0x000cff80,160,
4,RECUPERADO-AOT,Misiones y logros internos,Assembly-CSharp,AchievementManager,OnRaceInit,0x060000c0,0x000cfee0,160,
4,RECUPERADO-AOT,Misiones y logros internos,Assembly-CSharp,AchievementManager,Start,0x060000bd,0x000cfbf0,88,
4,RECUPERADO-AOT,Misiones y logros internos,Assembly-CSharp,AchievementManager,get_AllAchievements,0x060000bb,0x000cfb04,180,
4,RECUPERADO-AOT,Misiones y logros internos,Assembly-CSharp,AchievementManager,get_Instance,0x060000ba,0x000cfa54,176,se ejecuta ya en Etapa 1
4,PENDIENTE,Misiones y logros internos,Assembly-CSharp,AchievementPanelPublisher,.ctor,0x060005c5,0x0011d770,52,
4,PENDIENTE,Misiones y logros internos,Assembly-CSharp,AchievementPanelPublisher,Refresh,0x060005c8,0x0011d818,924,
4,PENDIENTE,Misiones y logros internos,Assembly-CSharp,AchievementPanelPublisher,get_Achievement,0x060005c6,0x0011d7a4,52,
4,PENDIENTE,Misiones y logros internos,Assembly-CSharp,AchievementPanelPublisher,set_Achievement,0x060005c7,0x0011d7d8,64,
4,PENDIENTE,Misiones y logros internos,Assembly-CSharp,AchievementUI,.ctor,0x060005c9,0x0011dbb4,52,
4,PENDIENTE,Misiones y logros internos,Assembly-CSharp,AchievementUI,AnimatePanelInCoroutine,0x060005cb,0x0011dc48,96,
4,PENDIENTE,Misiones y logros internos,Assembly-CSharp,AchievementUI,AnimatePanelOutCoroutine,0x060005ca,0x0011dbe8,96,
4,PENDIENTE,Misiones y logros internos,Assembly-CSharp,AchievementUI,BuildFilteredList,0x060005cf,0x0011e12c,488,
4,PENDIENTE,Misiones y logros internos,Assembly-CSharp,AchievementUI,GetCurrentSurface,0x060005cc,0x0011dca8,68,
4,PENDIENTE,Misiones y logros internos,Assembly-CSharp,AchievementUI,OnPressedBack,0x060005d3,0x0011e528,84,
4,PENDIENTE,Misiones y logros internos,Assembly-CSharp,AchievementUI,OnPressedNext,0x060005d1,0x0011e488,80,
4,PENDIENTE,Misiones y logros internos,Assembly-CSharp,AchievementUI,OnPressedPrev,0x060005d2,0x0011e4d8,80,
4,PENDIENTE,Misiones y logros internos,Assembly-CSharp,AchievementUI,SetPage,0x060005ce,0x0011dd34,1016,
4,PENDIENTE,Misiones y logros internos,Assembly-CSharp,AchievementUI,Start,0x060005d0,0x0011e314,372,
4,PENDIENTE,Misiones y logros internos,Assembly-CSharp,AchievementUI,SwapSurface,0x060005cd,0x0011dcec,72,
4,PENDIENTE,Misiones y logros internos,Assembly-CSharp,AchievementUI/<AnimatePanelInCoroutine>c__Iterator4D,.ctor,0x0600099f,0x001516fc,44,
4,PENDIENTE,Misiones y logros internos,Assembly-CSharp,AchievementUI/<AnimatePanelInCoroutine>c__Iterator4D,Dispose,0x060009a3,0x00151d6c,56,
4,PENDIENTE,Misiones y logros internos,Assembly-CSharp,AchievementUI/<AnimatePanelInCoroutine>c__Iterator4D,MoveNext,0x060009a2,0x00151790,1500,
4,PENDIENTE,Misiones y logros internos,Assembly-CSharp,AchievementUI/<AnimatePanelInCoroutine>c__Iterator4D,Reset,0x060009a4,0x00151da4,64,
4,PENDIENTE,Misiones y logros internos,Assembly-CSharp,AchievementUI/<AnimatePanelInCoroutine>c__Iterator4D,System.Collections.Generic.IEnumerator<object>.get_Current,0x060009a0,0x00151728,52,
4,PENDIENTE,Misiones y logros internos,Assembly-CSharp,AchievementUI/<AnimatePanelInCoroutine>c__Iterator4D,System.Collections.IEnumerator.get_Current,0x060009a1,0x0015175c,52,
4,PENDIENTE,Misiones y logros internos,Assembly-CSharp,AchievementUI/<AnimatePanelOutCoroutine>c__Iterator4C,.ctor,0x06000999,0x0015101c,44,
4,PENDIENTE,Misiones y logros internos,Assembly-CSharp,AchievementUI/<AnimatePanelOutCoroutine>c__Iterator4C,Dispose,0x0600099d,0x00151684,56,
4,PENDIENTE,Misiones y logros internos,Assembly-CSharp,AchievementUI/<AnimatePanelOutCoroutine>c__Iterator4C,MoveNext,0x0600099c,0x001510b0,1492,
4,PENDIENTE,Misiones y logros internos,Assembly-CSharp,AchievementUI/<AnimatePanelOutCoroutine>c__Iterator4C,Reset,0x0600099e,0x001516bc,64,
4,PENDIENTE,Misiones y logros internos,Assembly-CSharp,AchievementUI/<AnimatePanelOutCoroutine>c__Iterator4C,System.Collections.Generic.IEnumerator<object>.get_Current,0x0600099a,0x00151048,52,
4,PENDIENTE,Misiones y logros internos,Assembly-CSharp,AchievementUI/<AnimatePanelOutCoroutine>c__Iterator4C,System.Collections.IEnumerator.get_Current,0x0600099b,0x0015107c,52,
4,PENDIENTE,Misiones y logros internos,Assembly-CSharp,AchievementWindowPublisher,.ctor,0x060005d4,0x0011e57c,52,
4,PENDIENTE,Misiones y logros internos,Assembly-CSharp,AchievementWindowPublisher,AnimInHelper,0x060005d9,0x0011e718,72,
4,PENDIENTE,Misiones y logros internos,Assembly-CSharp,AchievementWindowPublisher,Awake,0x060005d5,0x0011e5b0,116,
4,PENDIENTE,Misiones y logros internos,Assembly-CSharp,AchievementWindowPublisher,DestroyThis,0x060005d7,0x0011e680,72,
4,PENDIENTE,Misiones y logros internos,Assembly-CSharp,AchievementWindowPublisher,PressedWindow,0x060005d6,0x0011e624,92,
4,PENDIENTE,Misiones y logros internos,Assembly-CSharp,AchievementWindowPublisher,SetContent,0x060005da,0x0011e760,400,
4,PENDIENTE,Misiones y logros internos,Assembly-CSharp,AchievementWindowPublisher,SetNextWindow,0x060005db,0x0011e8f0,136,
4,PENDIENTE,Misiones y logros internos,Assembly-CSharp,AchievementWindowPublisher,TriggerAnimIn,0x060005d8,0x0011e6c8,80,
4,PENDIENTE,Misiones y logros internos,Assembly-CSharp,AchievementWindowPublisher/<AnimInHelper>c__Iterator4F,.ctor,0x060009ab,0x0015213c,44,
4,PENDIENTE,Misiones y logros internos,Assembly-CSharp,AchievementWindowPublisher/<AnimInHelper>c__Iterator4F,Dispose,0x060009af,0x0015235c,56,
4,PENDIENTE,Misiones y logros internos,Assembly-CSharp,AchievementWindowPublisher/<AnimInHelper>c__Iterator4F,MoveNext,0x060009ae,0x001521d0,396,
4,PENDIENTE,Misiones y logros internos,Assembly-CSharp,AchievementWindowPublisher/<AnimInHelper>c__Iterator4F,Reset,0x060009b0,0x00152394,64,
4,PENDIENTE,Misiones y logros internos,Assembly-CSharp,AchievementWindowPublisher/<AnimInHelper>c__Iterator4F,System.Collections.Generic.IEnumerator<object>.get_Current,0x060009ac,0x00152168,52,
4,PENDIENTE,Misiones y logros internos,Assembly-CSharp,AchievementWindowPublisher/<AnimInHelper>c__Iterator4F,System.Collections.IEnumerator.get_Current,0x060009ad,0x0015219c,52,
4,PENDIENTE,Misiones y logros internos,Assembly-CSharp,AchievementWindowPublisher/<DestroyThis>c__Iterator4E,.ctor,0x060009a5,0x00151de4,44,
4,PENDIENTE,Misiones y logros internos,Assembly-CSharp,AchievementWindowPublisher/<DestroyThis>c__Iterator4E,Dispose,0x060009a9,0x001520c4,56,
4,PENDIENTE,Misiones y logros internos,Assembly-CSharp,AchievementWindowPublisher/<DestroyThis>c__Iterator4E,MoveNext,0x060009a8,0x00151e78,588,
4,PENDIENTE,Misiones y logros internos,Assembly-CSharp,AchievementWindowPublisher/<DestroyThis>c__Iterator4E,Reset,0x060009aa,0x001520fc,64,
4,PENDIENTE,Misiones y logros internos,Assembly-CSharp,AchievementWindowPublisher/<DestroyThis>c__Iterator4E,System.Collections.Generic.IEnumerator<object>.get_Current,0x060009a6,0x00151e10,52,
4,PENDIENTE,Misiones y logros internos,Assembly-CSharp,AchievementWindowPublisher/<DestroyThis>c__Iterator4E,System.Collections.IEnumerator.get_Current,0x060009a7,0x00151e44,52,
4,PENDIENTE,Misiones y logros internos,Assembly-CSharp,BaseMission,.ctor,0x06000291,0x000ea384,232,
4,PENDIENTE,Misiones y logros internos,Assembly-CSharp,BaseMission,GetCurrentMissionName,0x06000299,0x000ea5bc,300,
4,PENDIENTE,Misiones y logros internos,Assembly-CSharp,BaseMission,GetCurrentUntranslatedMissionName,0x0600029a,0x000ea6e8,276,
4,PENDIENTE,Misiones y logros internos,Assembly-CSharp,BaseMission,GetHasArrow,0x06000297,0x000ea46c,52,
4,PENDIENTE,Misiones y logros internos,Assembly-CSharp,BaseMission,GetTaskDisplay,0x06000298,0x000ea4a0,284,
4,PENDIENTE,Misiones y logros internos,Assembly-CSharp,BrakeMission,.ctor,0x0600029b,0x000ea7fc,52,
4,PENDIENTE,Misiones y logros internos,Assembly-CSharp,BrakeMission,Init,0x0600029c,0x000ea830,80,
4,PENDIENTE,Misiones y logros internos,Assembly-CSharp,BrakeMission,Shutdown,0x0600029e,0x000eaa1c,44,
4,PENDIENTE,Misiones y logros internos,Assembly-CSharp,BrakeMission,Signal,0x0600029f,0x000eaa48,48,
4,PENDIENTE,Misiones y logros internos,Assembly-CSharp,BrakeMission,Signal,0x060002a0,0x000eaa78,52,
4,PENDIENTE,Misiones y logros internos,Assembly-CSharp,BrakeMission,Update,0x0600029d,0x000ea880,412,
4,PENDIENTE,Misiones y logros internos,Assembly-CSharp,BuyPowerupMission,.ctor,0x060002a1,0x000eaaac,52,
4,PENDIENTE,Misiones y logros internos,Assembly-CSharp,BuyPowerupMission,Init,0x060002a3,0x000eab0c,44,
4,PENDIENTE,Misiones y logros internos,Assembly-CSharp,BuyPowerupMission,Shutdown,0x060002a4,0x000eab38,44,
4,PENDIENTE,Misiones y logros internos,Assembly-CSharp,BuyPowerupMission,Signal,0x060002a6,0x000eab90,144,
4,PENDIENTE,Misiones y logros internos,Assembly-CSharp,BuyPowerupMission,Signal,0x060002a7,0x000eac20,52,
4,PENDIENTE,Misiones y logros internos,Assembly-CSharp,BuyPowerupMission,Start,0x060002a2,0x000eaae0,44,
4,PENDIENTE,Misiones y logros internos,Assembly-CSharp,BuyPowerupMission,Update,0x060002a5,0x000eab64,44,
4,PENDIENTE,Misiones y logros internos,Assembly-CSharp,CheckPowerupUseAchievementListener,.ctor,0x060000c7,0x000d0ba4,52,
4,PENDIENTE,Misiones y logros internos,Assembly-CSharp,CheckPowerupUseAchievementListener,CheckMetrics,0x060000cb,0x000d0ca4,348,
4,PENDIENTE,Misiones y logros internos,Assembly-CSharp,CheckPowerupUseAchievementListener,IsAvailable,0x060000cc,0x000d0e00,72,
4,PENDIENTE,Misiones y logros internos,Assembly-CSharp,CheckPowerupUseAchievementListener,Postrace,0x060000ce,0x000d0e74,84,
4,PENDIENTE,Misiones y logros internos,Assembly-CSharp,CheckPowerupUseAchievementListener,PowerupUseCheckPump,0x060000ca,0x000d0c5c,72,
4,PENDIENTE,Misiones y logros internos,Assembly-CSharp,CheckPowerupUseAchievementListener,Prerace,0x060000cd,0x000d0e48,44,
4,PENDIENTE,Misiones y logros internos,Assembly-CSharp,CheckPowerupUseAchievementListener,Reward,0x060000cf,0x000d0ec8,64,
4,PENDIENTE,Misiones y logros internos,Assembly-CSharp,CheckPowerupUseAchievementListener,Start,0x060000c8,0x000d0bd8,88,
4,PENDIENTE,Misiones y logros internos,Assembly-CSharp,CheckPowerupUseAchievementListener,Update,0x060000c9,0x000d0c30,44,
4,PENDIENTE,Misiones y logros internos,Assembly-CSharp,CheckPowerupUseAchievementListener/<PowerupUseCheckPump>c__Iterator5,.ctor,0x060007eb,0x00141c00,44,
4,PENDIENTE,Misiones y logros internos,Assembly-CSharp,CheckPowerupUseAchievementListener/<PowerupUseCheckPump>c__Iterator5,Dispose,0x060007ef,0x00141d74,56,
4,PENDIENTE,Misiones y logros internos,Assembly-CSharp,CheckPowerupUseAchievementListener/<PowerupUseCheckPump>c__Iterator5,MoveNext,0x060007ee,0x00141c94,224,
4,PENDIENTE,Misiones y logros internos,Assembly-CSharp,CheckPowerupUseAchievementListener/<PowerupUseCheckPump>c__Iterator5,Reset,0x060007f0,0x00141dac,64,
4,PENDIENTE,Misiones y logros internos,Assembly-CSharp,CheckPowerupUseAchievementListener/<PowerupUseCheckPump>c__Iterator5,System.Collections.Generic.IEnumerator<object>.get_Current,0x060007ec,0x00141c2c,52,
4,PENDIENTE,Misiones y logros internos,Assembly-CSharp,CheckPowerupUseAchievementListener/<PowerupUseCheckPump>c__Iterator5,System.Collections.IEnumerator.get_Current,0x060007ed,0x00141c60,52,
4,PENDIENTE,Misiones y logros internos,Assembly-CSharp,CoinBalanceAchievementListener,.ctor,0x060000d0,0x000d0f08,52,
4,PENDIENTE,Misiones y logros internos,Assembly-CSharp,CoinBalanceAchievementListener,CheckCoinBalanceCoroutine,0x060000d5,0x000d1014,72,
4,PENDIENTE,Misiones y logros internos,Assembly-CSharp,CoinBalanceAchievementListener,IsAvailable,0x060000d1,0x000d0f3c,64,
4,PENDIENTE,Misiones y logros internos,Assembly-CSharp,CoinBalanceAchievementListener,Postrace,0x060000d3,0x000d0fa8,44,
4,PENDIENTE,Misiones y logros internos,Assembly-CSharp,CoinBalanceAchievementListener,Prerace,0x060000d2,0x000d0f7c,44,
4,PENDIENTE,Misiones y logros internos,Assembly-CSharp,CoinBalanceAchievementListener,Reward,0x060000d4,0x000d0fd4,64,
4,PENDIENTE,Misiones y logros internos,Assembly-CSharp,CoinBalanceAchievementListener,Start,0x060000d6,0x000d105c,88,
4,PENDIENTE,Misiones y logros internos,Assembly-CSharp,CoinBalanceAchievementListener/<CheckCoinBalanceCoroutine>c__Iterator6,.ctor,0x060007f1,0x00141dec,44,
4,PENDIENTE,Misiones y logros internos,Assembly-CSharp,CoinBalanceAchievementListener/<CheckCoinBalanceCoroutine>c__Iterator6,Dispose,0x060007f5,0x00141f74,56,
4,PENDIENTE,Misiones y logros internos,Assembly-CSharp,CoinBalanceAchievementListener/<CheckCoinBalanceCoroutine>c__Iterator6,MoveNext,0x060007f4,0x00141e80,244,
4,PENDIENTE,Misiones y logros internos,Assembly-CSharp,CoinBalanceAchievementListener/<CheckCoinBalanceCoroutine>c__Iterator6,Reset,0x060007f6,0x00141fac,64,
4,PENDIENTE,Misiones y logros internos,Assembly-CSharp,CoinBalanceAchievementListener/<CheckCoinBalanceCoroutine>c__Iterator6,System.Collections.Generic.IEnumerator<object>.get_Current,0x060007f2,0x00141e18,52,
4,PENDIENTE,Misiones y logros internos,Assembly-CSharp,CoinBalanceAchievementListener/<CheckCoinBalanceCoroutine>c__Iterator6,System.Collections.IEnumerator.get_Current,0x060007f3,0x00141e4c,52,
4,PENDIENTE,Misiones y logros internos,Assembly-CSharp,CollectPowerupMission,.ctor,0x060002a8,0x000eac54,116,
4,PENDIENTE,Misiones y logros internos,Assembly-CSharp,CollectPowerupMission,Init,0x060002a9,0x000eacc8,56,
4,PENDIENTE,Misiones y logros internos,Assembly-CSharp,CollectPowerupMission,Shutdown,0x060002ab,0x000eadac,44,
4,PENDIENTE,Misiones y logros internos,Assembly-CSharp,CollectPowerupMission,Signal,0x060002ac,0x000eadd8,200,
4,PENDIENTE,Misiones y logros internos,Assembly-CSharp,CollectPowerupMission,Signal,0x060002ad,0x000eaea0,52,
4,PENDIENTE,Misiones y logros internos,Assembly-CSharp,CollectPowerupMission,Update,0x060002aa,0x000ead00,172,
4,PENDIENTE,Misiones y logros internos,Assembly-CSharp,CombinePowerupMission,.ctor,0x060002ae,0x000eaed4,52,
4,PENDIENTE,Misiones y logros internos,Assembly-CSharp,CombinePowerupMission,Init,0x060002b0,0x000eaf34,44,
4,PENDIENTE,Misiones y logros internos,Assembly-CSharp,CombinePowerupMission,Shutdown,0x060002b2,0x000eaf8c,44,
4,PENDIENTE,Misiones y logros internos,Assembly-CSharp,CombinePowerupMission,Signal,0x060002b3,0x000eafb8,144,
4,PENDIENTE,Misiones y logros internos,Assembly-CSharp,CombinePowerupMission,Signal,0x060002b4,0x000eb048,52,
4,PENDIENTE,Misiones y logros internos,Assembly-CSharp,CombinePowerupMission,Start,0x060002af,0x000eaf08,44,
4,PENDIENTE,Misiones y logros internos,Assembly-CSharp,CombinePowerupMission,Update,0x060002b1,0x000eaf60,44,
4,PENDIENTE,Misiones y logros internos,Assembly-CSharp,CompleteAllMissionsAchievementListener,.ctor,0x060000d7,0x000d10b4,52,
4,PENDIENTE,Misiones y logros internos,Assembly-CSharp,CompleteAllMissionsAchievementListener,CheckAllMissionsCoroutine,0x060000dc,0x000d11c0,72,
4,PENDIENTE,Misiones y logros internos,Assembly-CSharp,CompleteAllMissionsAchievementListener,IsAvailable,0x060000d8,0x000d10e8,64,
4,PENDIENTE,Misiones y logros internos,Assembly-CSharp,CompleteAllMissionsAchievementListener,Postrace,0x060000da,0x000d1154,44,
4,PENDIENTE,Misiones y logros internos,Assembly-CSharp,CompleteAllMissionsAchievementListener,Prerace,0x060000d9,0x000d1128,44,
4,PENDIENTE,Misiones y logros internos,Assembly-CSharp,CompleteAllMissionsAchievementListener,Reward,0x060000db,0x000d1180,64,
4,PENDIENTE,Misiones y logros internos,Assembly-CSharp,CompleteAllMissionsAchievementListener,Start,0x060000dd,0x000d1208,88,
4,PENDIENTE,Misiones y logros internos,Assembly-CSharp,CompleteAllMissionsAchievementListener/<CheckAllMissionsCoroutine>c__Iterator7,.ctor,0x060007f7,0x00141fec,44,
4,PENDIENTE,Misiones y logros internos,Assembly-CSharp,CompleteAllMissionsAchievementListener/<CheckAllMissionsCoroutine>c__Iterator7,Dispose,0x060007fb,0x001423b8,56,
4,PENDIENTE,Misiones y logros internos,Assembly-CSharp,CompleteAllMissionsAchievementListener/<CheckAllMissionsCoroutine>c__Iterator7,MoveNext,0x060007fa,0x00142080,824,
4,PENDIENTE,Misiones y logros internos,Assembly-CSharp,CompleteAllMissionsAchievementListener/<CheckAllMissionsCoroutine>c__Iterator7,Reset,0x060007fc,0x001423f0,64,
4,PENDIENTE,Misiones y logros internos,Assembly-CSharp,CompleteAllMissionsAchievementListener/<CheckAllMissionsCoroutine>c__Iterator7,System.Collections.Generic.IEnumerator<object>.get_Current,0x060007f8,0x00142018,52,
4,PENDIENTE,Misiones y logros internos,Assembly-CSharp,CompleteAllMissionsAchievementListener/<CheckAllMissionsCoroutine>c__Iterator7,System.Collections.IEnumerator.get_Current,0x060007f9,0x0014204c,52,
4,PENDIENTE,Misiones y logros internos,Assembly-CSharp,CrossFinishLineBackwardsAchievementListener,.ctor,0x060000de,0x000d1260,52,
4,PENDIENTE,Misiones y logros internos,Assembly-CSharp,CrossFinishLineBackwardsAchievementListener,IsAvailable,0x060000df,0x000d1294,64,
4,PENDIENTE,Misiones y logros internos,Assembly-CSharp,CrossFinishLineBackwardsAchievementListener,Postrace,0x060000e1,0x000d1300,252,
4,PENDIENTE,Misiones y logros internos,Assembly-CSharp,CrossFinishLineBackwardsAchievementListener,Prerace,0x060000e0,0x000d12d4,44,
4,PENDIENTE,Misiones y logros internos,Assembly-CSharp,CrossFinishLineBackwardsAchievementListener,Reward,0x060000e2,0x000d13fc,64,
4,PENDIENTE,Misiones y logros internos,Assembly-CSharp,CrossFinishLineBackwardsAchievementListener,Start,0x060000e3,0x000d143c,56,
4,PENDIENTE,Misiones y logros internos,Assembly-CSharp,DriftMission,.ctor,0x060002b5,0x000eb07c,52,
4,PENDIENTE,Misiones y logros internos,Assembly-CSharp,DriftMission,Init,0x060002b6,0x000eb0b0,96,
4,PENDIENTE,Misiones y logros internos,Assembly-CSharp,DriftMission,Shutdown,0x060002b8,0x000eb268,44,
4,PENDIENTE,Misiones y logros internos,Assembly-CSharp,DriftMission,Signal,0x060002b9,0x000eb294,48,
4,PENDIENTE,Misiones y logros internos,Assembly-CSharp,DriftMission,Signal,0x060002ba,0x000eb2c4,52,
4,PENDIENTE,Misiones y logros internos,Assembly-CSharp,DriftMission,Update,0x060002b7,0x000eb110,344,
4,PENDIENTE,Misiones y logros internos,Assembly-CSharp,EquipPaintJobAchievementListener,.ctor,0x060000e4,0x000d1474,60,
4,PENDIENTE,Misiones y logros internos,Assembly-CSharp,EquipPaintJobAchievementListener,CheckPaintJobs,0x060000e8,0x000d157c,72,
4,PENDIENTE,Misiones y logros internos,Assembly-CSharp,EquipPaintJobAchievementListener,IsAvailable,0x060000e7,0x000d1534,72,
4,PENDIENTE,Misiones y logros internos,Assembly-CSharp,EquipPaintJobAchievementListener,Postrace,0x060000e9,0x000d15c4,44,
4,PENDIENTE,Misiones y logros internos,Assembly-CSharp,EquipPaintJobAchievementListener,Prerace,0x060000ea,0x000d15f0,44,
4,PENDIENTE,Misiones y logros internos,Assembly-CSharp,EquipPaintJobAchievementListener,Reward,0x060000eb,0x000d161c,64,
4,PENDIENTE,Misiones y logros internos,Assembly-CSharp,EquipPaintJobAchievementListener,Start,0x060000e5,0x000d14b0,88,
4,PENDIENTE,Misiones y logros internos,Assembly-CSharp,EquipPaintJobAchievementListener,Update,0x060000e6,0x000d1508,44,
4,PENDIENTE,Misiones y logros internos,Assembly-CSharp,EquipPaintJobAchievementListener/<CheckPaintJobs>c__Iterator8,.ctor,0x060007fd,0x00142430,44,
4,PENDIENTE,Misiones y logros internos,Assembly-CSharp,EquipPaintJobAchievementListener/<CheckPaintJobs>c__Iterator8,Dispose,0x06000801,0x001426c8,56,
4,PENDIENTE,Misiones y logros internos,Assembly-CSharp,EquipPaintJobAchievementListener/<CheckPaintJobs>c__Iterator8,MoveNext,0x06000800,0x001424c4,516,
4,PENDIENTE,Misiones y logros internos,Assembly-CSharp,EquipPaintJobAchievementListener/<CheckPaintJobs>c__Iterator8,Reset,0x06000802,0x00142700,64,
4,PENDIENTE,Misiones y logros internos,Assembly-CSharp,EquipPaintJobAchievementListener/<CheckPaintJobs>c__Iterator8,System.Collections.Generic.IEnumerator<object>.get_Current,0x060007fe,0x0014245c,52,
4,PENDIENTE,Misiones y logros internos,Assembly-CSharp,EquipPaintJobAchievementListener/<CheckPaintJobs>c__Iterator8,System.Collections.IEnumerator.get_Current,0x060007ff,0x00142490,52,
4,PENDIENTE,Misiones y logros internos,Assembly-CSharp,EquipPartSetAchievementListener,.ctor,0x060000ec,0x000d165c,52,
4,PENDIENTE,Misiones y logros internos,Assembly-CSharp,EquipPartSetAchievementListener,CheckCartSet,0x060000f1,0x000d1768,72,
4,PENDIENTE,Misiones y logros internos,Assembly-CSharp,EquipPartSetAchievementListener,IsAvailable,0x060000ed,0x000d1690,64,
4,PENDIENTE,Misiones y logros internos,Assembly-CSharp,EquipPartSetAchievementListener,Postrace,0x060000ef,0x000d16fc,44,
4,PENDIENTE,Misiones y logros internos,Assembly-CSharp,EquipPartSetAchievementListener,Prerace,0x060000ee,0x000d16d0,44,
4,PENDIENTE,Misiones y logros internos,Assembly-CSharp,EquipPartSetAchievementListener,Reward,0x060000f0,0x000d1728,64,
4,PENDIENTE,Misiones y logros internos,Assembly-CSharp,EquipPartSetAchievementListener,Start,0x060000f2,0x000d17b0,88,
4,PENDIENTE,Misiones y logros internos,Assembly-CSharp,EquipPartSetAchievementListener/<CheckCartSet>c__Iterator9,.ctor,0x06000803,0x00142740,44,
4,PENDIENTE,Misiones y logros internos,Assembly-CSharp,EquipPartSetAchievementListener/<CheckCartSet>c__Iterator9,Dispose,0x06000807,0x001429a4,56,
4,PENDIENTE,Misiones y logros internos,Assembly-CSharp,EquipPartSetAchievementListener/<CheckCartSet>c__Iterator9,MoveNext,0x06000806,0x001427d4,464,
4,PENDIENTE,Misiones y logros internos,Assembly-CSharp,EquipPartSetAchievementListener/<CheckCartSet>c__Iterator9,Reset,0x06000808,0x001429dc,64,
4,PENDIENTE,Misiones y logros internos,Assembly-CSharp,EquipPartSetAchievementListener/<CheckCartSet>c__Iterator9,System.Collections.Generic.IEnumerator<object>.get_Current,0x06000804,0x0014276c,52,
4,PENDIENTE,Misiones y logros internos,Assembly-CSharp,EquipPartSetAchievementListener/<CheckCartSet>c__Iterator9,System.Collections.IEnumerator.get_Current,0x06000805,0x001427a0,52,
4,PENDIENTE,Misiones y logros internos,Assembly-CSharp,FinishTheLapMission,.ctor,0x060002bb,0x000eb2f8,52,
4,PENDIENTE,Misiones y logros internos,Assembly-CSharp,FinishTheLapMission,Init,0x060002bc,0x000eb32c,44,
4,PENDIENTE,Misiones y logros internos,Assembly-CSharp,FinishTheLapMission,Shutdown,0x060002be,0x000eb384,44,
4,PENDIENTE,Misiones y logros internos,Assembly-CSharp,FinishTheLapMission,Signal,0x060002bf,0x000eb3b0,144,
4,PENDIENTE,Misiones y logros internos,Assembly-CSharp,FinishTheLapMission,Signal,0x060002c0,0x000eb440,52,
4,PENDIENTE,Misiones y logros internos,Assembly-CSharp,FinishTheLapMission,Update,0x060002bd,0x000eb358,44,
4,PENDIENTE,Misiones y logros internos,Assembly-CSharp,FirstPlaceAchievementListener,.ctor,0x060000f3,0x000d1808,52,
4,PENDIENTE,Misiones y logros internos,Assembly-CSharp,FirstPlaceAchievementListener,IsAvailable,0x060000f5,0x000d1874,248,
4,PENDIENTE,Misiones y logros internos,Assembly-CSharp,FirstPlaceAchievementListener,Postrace,0x060000f7,0x000d1998,516,
4,PENDIENTE,Misiones y logros internos,Assembly-CSharp,FirstPlaceAchievementListener,Prerace,0x060000f6,0x000d196c,44,
4,PENDIENTE,Misiones y logros internos,Assembly-CSharp,FirstPlaceAchievementListener,Reward,0x060000f8,0x000d1b9c,64,
4,PENDIENTE,Misiones y logros internos,Assembly-CSharp,FirstPlaceAchievementListener,Start,0x060000f4,0x000d183c,56,
4,PENDIENTE,Misiones y logros internos,Assembly-CSharp,GetHitByTrackHazardAchievementListener,.ctor,0x060000f9,0x000d1bdc,60,
4,PENDIENTE,Misiones y logros internos,Assembly-CSharp,GetHitByTrackHazardAchievementListener,CheckMetrics,0x060000fe,0x000d1d78,244,
4,PENDIENTE,Misiones y logros internos,Assembly-CSharp,GetHitByTrackHazardAchievementListener,CheckMetricsPump,0x060000fd,0x000d1d30,72,
4,PENDIENTE,Misiones y logros internos,Assembly-CSharp,GetHitByTrackHazardAchievementListener,IsAvailable,0x060000fc,0x000d1c9c,148,
4,PENDIENTE,Misiones y logros internos,Assembly-CSharp,GetHitByTrackHazardAchievementListener,Postrace,0x06000100,0x000d1e98,84,
4,PENDIENTE,Misiones y logros internos,Assembly-CSharp,GetHitByTrackHazardAchievementListener,Prerace,0x060000ff,0x000d1e6c,44,
4,PENDIENTE,Misiones y logros internos,Assembly-CSharp,GetHitByTrackHazardAchievementListener,Reward,0x06000101,0x000d1eec,64,
4,PENDIENTE,Misiones y logros internos,Assembly-CSharp,GetHitByTrackHazardAchievementListener,Start,0x060000fa,0x000d1c18,88,
4,PENDIENTE,Misiones y logros internos,Assembly-CSharp,GetHitByTrackHazardAchievementListener,Update,0x060000fb,0x000d1c70,44,
4,PENDIENTE,Misiones y logros internos,Assembly-CSharp,GetHitByTrackHazardAchievementListener/<CheckMetricsPump>c__IteratorA,.ctor,0x06000809,0x00142a1c,44,
4,PENDIENTE,Misiones y logros internos,Assembly-CSharp,GetHitByTrackHazardAchievementListener/<CheckMetricsPump>c__IteratorA,Dispose,0x0600080d,0x00142b90,56,
4,PENDIENTE,Misiones y logros internos,Assembly-CSharp,GetHitByTrackHazardAchievementListener/<CheckMetricsPump>c__IteratorA,MoveNext,0x0600080c,0x00142ab0,224,
4,PENDIENTE,Misiones y logros internos,Assembly-CSharp,GetHitByTrackHazardAchievementListener/<CheckMetricsPump>c__IteratorA,Reset,0x0600080e,0x00142bc8,64,
4,PENDIENTE,Misiones y logros internos,Assembly-CSharp,GetHitByTrackHazardAchievementListener/<CheckMetricsPump>c__IteratorA,System.Collections.Generic.IEnumerator<object>.get_Current,0x0600080a,0x00142a48,52,
4,PENDIENTE,Misiones y logros internos,Assembly-CSharp,GetHitByTrackHazardAchievementListener/<CheckMetricsPump>c__IteratorA,System.Collections.IEnumerator.get_Current,0x0600080b,0x00142a7c,52,
4,PENDIENTE,Misiones y logros internos,Assembly-CSharp,HitMaxSpeedAchievementListener,.ctor,0x06000102,0x000d1f2c,52,
4,PENDIENTE,Misiones y logros internos,Assembly-CSharp,HitMaxSpeedAchievementListener,CheckMaxSpeedCoroutine,0x06000107,0x000d2038,72,
4,PENDIENTE,Misiones y logros internos,Assembly-CSharp,HitMaxSpeedAchievementListener,IsAvailable,0x06000103,0x000d1f60,64,
4,PENDIENTE,Misiones y logros internos,Assembly-CSharp,HitMaxSpeedAchievementListener,Postrace,0x06000105,0x000d1fcc,44,
4,PENDIENTE,Misiones y logros internos,Assembly-CSharp,HitMaxSpeedAchievementListener,Prerace,0x06000104,0x000d1fa0,44,
4,PENDIENTE,Misiones y logros internos,Assembly-CSharp,HitMaxSpeedAchievementListener,Reward,0x06000106,0x000d1ff8,64,
4,PENDIENTE,Misiones y logros internos,Assembly-CSharp,HitMaxSpeedAchievementListener,Start,0x06000108,0x000d2080,88,
4,PENDIENTE,Misiones y logros internos,Assembly-CSharp,HitMaxSpeedAchievementListener/<CheckMaxSpeedCoroutine>c__IteratorB,.ctor,0x0600080f,0x00142c08,44,
4,PENDIENTE,Misiones y logros internos,Assembly-CSharp,HitMaxSpeedAchievementListener/<CheckMaxSpeedCoroutine>c__IteratorB,Dispose,0x06000813,0x00142de0,56,
4,PENDIENTE,Misiones y logros internos,Assembly-CSharp,HitMaxSpeedAchievementListener/<CheckMaxSpeedCoroutine>c__IteratorB,MoveNext,0x06000812,0x00142c9c,324,
4,PENDIENTE,Misiones y logros internos,Assembly-CSharp,HitMaxSpeedAchievementListener/<CheckMaxSpeedCoroutine>c__IteratorB,Reset,0x06000814,0x00142e18,64,
4,PENDIENTE,Misiones y logros internos,Assembly-CSharp,HitMaxSpeedAchievementListener/<CheckMaxSpeedCoroutine>c__IteratorB,System.Collections.Generic.IEnumerator<object>.get_Current,0x06000810,0x00142c34,52,
4,PENDIENTE,Misiones y logros internos,Assembly-CSharp,HitMaxSpeedAchievementListener/<CheckMaxSpeedCoroutine>c__IteratorB,System.Collections.IEnumerator.get_Current,0x06000811,0x00142c68,52,
4,PENDIENTE,Misiones y logros internos,Assembly-CSharp,LastPlaceAchievementListener,.ctor,0x06000112,0x000d2458,52,
4,PENDIENTE,Misiones y logros internos,Assembly-CSharp,LastPlaceAchievementListener,IsAvailable,0x06000114,0x000d24c4,152,
4,PENDIENTE,Misiones y logros internos,Assembly-CSharp,LastPlaceAchievementListener,Postrace,0x06000116,0x000d2588,480,
4,PENDIENTE,Misiones y logros internos,Assembly-CSharp,LastPlaceAchievementListener,Prerace,0x06000115,0x000d255c,44,
4,PENDIENTE,Misiones y logros internos,Assembly-CSharp,LastPlaceAchievementListener,Reward,0x06000117,0x000d2768,64,
4,PENDIENTE,Misiones y logros internos,Assembly-CSharp,LastPlaceAchievementListener,Start,0x06000113,0x000d248c,56,
4,PENDIENTE,Misiones y logros internos,Assembly-CSharp,LastPlaceAchievementListener,Update,0x06000118,0x000d27a8,44,
4,PENDIENTE,Misiones y logros internos,Assembly-CSharp,LifetimeInAirAchievementListener,.ctor,0x06000119,0x000d27d4,52,
4,PENDIENTE,Misiones y logros internos,Assembly-CSharp,LifetimeInAirAchievementListener,CheckAirTimeCoroutine,0x0600011e,0x000d28e0,72,
4,PENDIENTE,Misiones y logros internos,Assembly-CSharp,LifetimeInAirAchievementListener,IsAvailable,0x0600011a,0x000d2808,64,
4,PENDIENTE,Misiones y logros internos,Assembly-CSharp,LifetimeInAirAchievementListener,Postrace,0x0600011c,0x000d2874,44,
4,PENDIENTE,Misiones y logros internos,Assembly-CSharp,LifetimeInAirAchievementListener,Prerace,0x0600011b,0x000d2848,44,
4,PENDIENTE,Misiones y logros internos,Assembly-CSharp,LifetimeInAirAchievementListener,Reward,0x0600011d,0x000d28a0,64,
4,PENDIENTE,Misiones y logros internos,Assembly-CSharp,LifetimeInAirAchievementListener,Start,0x0600011f,0x000d2928,88,
4,PENDIENTE,Misiones y logros internos,Assembly-CSharp,LifetimeInAirAchievementListener/<CheckAirTimeCoroutine>c__IteratorD,.ctor,0x0600081b,0x00143044,44,
4,PENDIENTE,Misiones y logros internos,Assembly-CSharp,LifetimeInAirAchievementListener/<CheckAirTimeCoroutine>c__IteratorD,Dispose,0x0600081f,0x00143200,56,
4,PENDIENTE,Misiones y logros internos,Assembly-CSharp,LifetimeInAirAchievementListener/<CheckAirTimeCoroutine>c__IteratorD,MoveNext,0x0600081e,0x001430d8,296,
4,PENDIENTE,Misiones y logros internos,Assembly-CSharp,LifetimeInAirAchievementListener/<CheckAirTimeCoroutine>c__IteratorD,Reset,0x06000820,0x00143238,64,
4,PENDIENTE,Misiones y logros internos,Assembly-CSharp,LifetimeInAirAchievementListener/<CheckAirTimeCoroutine>c__IteratorD,System.Collections.Generic.IEnumerator<object>.get_Current,0x0600081c,0x00143070,52,
4,PENDIENTE,Misiones y logros internos,Assembly-CSharp,LifetimeInAirAchievementListener/<CheckAirTimeCoroutine>c__IteratorD,System.Collections.IEnumerator.get_Current,0x0600081d,0x001430a4,52,
4,PENDIENTE,Misiones y logros internos,Assembly-CSharp,LifetimeOpponentHitsAchievementListener,.ctor,0x06000120,0x000d2980,60,
4,PENDIENTE,Misiones y logros internos,Assembly-CSharp,LifetimeOpponentHitsAchievementListener,CheckMetrics,0x06000127,0x000d2b50,224,
4,PENDIENTE,Misiones y logros internos,Assembly-CSharp,LifetimeOpponentHitsAchievementListener,CheckMetricsPump,0x06000126,0x000d2b08,72,
4,PENDIENTE,Misiones y logros internos,Assembly-CSharp,LifetimeOpponentHitsAchievementListener,IsAvailable,0x06000123,0x000d2a40,72,
4,PENDIENTE,Misiones y logros internos,Assembly-CSharp,LifetimeOpponentHitsAchievementListener,Postrace,0x06000125,0x000d2ab4,84,
4,PENDIENTE,Misiones y logros internos,Assembly-CSharp,LifetimeOpponentHitsAchievementListener,Prerace,0x06000124,0x000d2a88,44,
4,PENDIENTE,Misiones y logros internos,Assembly-CSharp,LifetimeOpponentHitsAchievementListener,Reward,0x06000128,0x000d2c30,64,
4,PENDIENTE,Misiones y logros internos,Assembly-CSharp,LifetimeOpponentHitsAchievementListener,Start,0x06000121,0x000d29bc,88,
4,PENDIENTE,Misiones y logros internos,Assembly-CSharp,LifetimeOpponentHitsAchievementListener,Update,0x06000122,0x000d2a14,44,
4,PENDIENTE,Misiones y logros internos,Assembly-CSharp,LifetimeOpponentHitsAchievementListener/<CheckMetricsPump>c__IteratorE,.ctor,0x06000821,0x00143278,44,
4,PENDIENTE,Misiones y logros internos,Assembly-CSharp,LifetimeOpponentHitsAchievementListener/<CheckMetricsPump>c__IteratorE,Dispose,0x06000825,0x001433ec,56,
4,PENDIENTE,Misiones y logros internos,Assembly-CSharp,LifetimeOpponentHitsAchievementListener/<CheckMetricsPump>c__IteratorE,MoveNext,0x06000824,0x0014330c,224,
4,PENDIENTE,Misiones y logros internos,Assembly-CSharp,LifetimeOpponentHitsAchievementListener/<CheckMetricsPump>c__IteratorE,Reset,0x06000826,0x00143424,64,
4,PENDIENTE,Misiones y logros internos,Assembly-CSharp,LifetimeOpponentHitsAchievementListener/<CheckMetricsPump>c__IteratorE,System.Collections.Generic.IEnumerator<object>.get_Current,0x06000822,0x001432a4,52,
4,PENDIENTE,Misiones y logros internos,Assembly-CSharp,LifetimeOpponentHitsAchievementListener/<CheckMetricsPump>c__IteratorE,System.Collections.IEnumerator.get_Current,0x06000823,0x001432d8,52,
4,PENDIENTE,Misiones y logros internos,Assembly-CSharp,LifetimePowerupCollectionAchievementListener,.ctor,0x06000129,0x000d2c70,60,
4,PENDIENTE,Misiones y logros internos,Assembly-CSharp,LifetimePowerupCollectionAchievementListener,CheckMetrics,0x06000130,0x000d2e40,208,
4,PENDIENTE,Misiones y logros internos,Assembly-CSharp,LifetimePowerupCollectionAchievementListener,CheckMetricsPump,0x0600012f,0x000d2df8,72,
4,PENDIENTE,Misiones y logros internos,Assembly-CSharp,LifetimePowerupCollectionAchievementListener,IsAvailable,0x0600012c,0x000d2d30,72,
4,PENDIENTE,Misiones y logros internos,Assembly-CSharp,LifetimePowerupCollectionAchievementListener,Postrace,0x0600012e,0x000d2da4,84,
4,PENDIENTE,Misiones y logros internos,Assembly-CSharp,LifetimePowerupCollectionAchievementListener,Prerace,0x0600012d,0x000d2d78,44,
4,PENDIENTE,Misiones y logros internos,Assembly-CSharp,LifetimePowerupCollectionAchievementListener,Reward,0x06000131,0x000d2f10,64,
4,PENDIENTE,Misiones y logros internos,Assembly-CSharp,LifetimePowerupCollectionAchievementListener,Start,0x0600012a,0x000d2cac,88,
4,PENDIENTE,Misiones y logros internos,Assembly-CSharp,LifetimePowerupCollectionAchievementListener,Update,0x0600012b,0x000d2d04,44,
4,PENDIENTE,Misiones y logros internos,Assembly-CSharp,LifetimePowerupCollectionAchievementListener/<CheckMetricsPump>c__IteratorF,.ctor,0x06000827,0x00143464,44,
4,PENDIENTE,Misiones y logros internos,Assembly-CSharp,LifetimePowerupCollectionAchievementListener/<CheckMetricsPump>c__IteratorF,Dispose,0x0600082b,0x001435d8,56,
4,PENDIENTE,Misiones y logros internos,Assembly-CSharp,LifetimePowerupCollectionAchievementListener/<CheckMetricsPump>c__IteratorF,MoveNext,0x0600082a,0x001434f8,224,
4,PENDIENTE,Misiones y logros internos,Assembly-CSharp,LifetimePowerupCollectionAchievementListener/<CheckMetricsPump>c__IteratorF,Reset,0x0600082c,0x00143610,64,
4,PENDIENTE,Misiones y logros internos,Assembly-CSharp,LifetimePowerupCollectionAchievementListener/<CheckMetricsPump>c__IteratorF,System.Collections.Generic.IEnumerator<object>.get_Current,0x06000828,0x00143490,52,
4,PENDIENTE,Misiones y logros internos,Assembly-CSharp,LifetimePowerupCollectionAchievementListener/<CheckMetricsPump>c__IteratorF,System.Collections.IEnumerator.get_Current,0x06000829,0x001434c4,52,
4,PENDIENTE,Misiones y logros internos,Assembly-CSharp,MakePlaceAchievementListener,.ctor,0x06000132,0x000d2f50,60,
4,PENDIENTE,Misiones y logros internos,Assembly-CSharp,MakePlaceAchievementListener,IsAvailable,0x06000134,0x000d2fc4,208,
4,PENDIENTE,Misiones y logros internos,Assembly-CSharp,MakePlaceAchievementListener,Postrace,0x06000136,0x000d30c0,508,
4,PENDIENTE,Misiones y logros internos,Assembly-CSharp,MakePlaceAchievementListener,Prerace,0x06000135,0x000d3094,44,
4,PENDIENTE,Misiones y logros internos,Assembly-CSharp,MakePlaceAchievementListener,Reward,0x06000137,0x000d32bc,64,
4,PENDIENTE,Misiones y logros internos,Assembly-CSharp,MakePlaceAchievementListener,Start,0x06000133,0x000d2f8c,56,
4,PENDIENTE,Misiones y logros internos,Assembly-CSharp,MaxCrashSpeedAchievementListener,.ctor,0x06000138,0x000d32fc,52,
4,PENDIENTE,Misiones y logros internos,Assembly-CSharp,MaxCrashSpeedAchievementListener,CheckMaxCrashSpeedCoroutine,0x0600013d,0x000d3408,72,
4,PENDIENTE,Misiones y logros internos,Assembly-CSharp,MaxCrashSpeedAchievementListener,IsAvailable,0x06000139,0x000d3330,64,
4,PENDIENTE,Misiones y logros internos,Assembly-CSharp,MaxCrashSpeedAchievementListener,Postrace,0x0600013b,0x000d339c,44,
4,PENDIENTE,Misiones y logros internos,Assembly-CSharp,MaxCrashSpeedAchievementListener,Prerace,0x0600013a,0x000d3370,44,
4,PENDIENTE,Misiones y logros internos,Assembly-CSharp,MaxCrashSpeedAchievementListener,Reward,0x0600013c,0x000d33c8,64,
4,PENDIENTE,Misiones y logros internos,Assembly-CSharp,MaxCrashSpeedAchievementListener,Start,0x0600013e,0x000d3450,88,
4,PENDIENTE,Misiones y logros internos,Assembly-CSharp,MaxCrashSpeedAchievementListener/<CheckMaxCrashSpeedCoroutine>c__Iterator10,.ctor,0x0600082d,0x00143650,44,
4,PENDIENTE,Misiones y logros internos,Assembly-CSharp,MaxCrashSpeedAchievementListener/<CheckMaxCrashSpeedCoroutine>c__Iterator10,Dispose,0x06000831,0x00143874,56,
4,PENDIENTE,Misiones y logros internos,Assembly-CSharp,MaxCrashSpeedAchievementListener/<CheckMaxCrashSpeedCoroutine>c__Iterator10,MoveNext,0x06000830,0x001436e4,400,
4,PENDIENTE,Misiones y logros internos,Assembly-CSharp,MaxCrashSpeedAchievementListener/<CheckMaxCrashSpeedCoroutine>c__Iterator10,Reset,0x06000832,0x001438ac,64,
4,PENDIENTE,Misiones y logros internos,Assembly-CSharp,MaxCrashSpeedAchievementListener/<CheckMaxCrashSpeedCoroutine>c__Iterator10,System.Collections.Generic.IEnumerator<object>.get_Current,0x0600082e,0x0014367c,52,
4,PENDIENTE,Misiones y logros internos,Assembly-CSharp,MaxCrashSpeedAchievementListener/<CheckMaxCrashSpeedCoroutine>c__Iterator10,System.Collections.IEnumerator.get_Current,0x0600082f,0x001436b0,52,
4,PENDIENTE,Misiones y logros internos,Assembly-CSharp,MetaMissionGroupAchievementListener,.ctor,0x0600013f,0x000d34a8,52,
4,PENDIENTE,Misiones y logros internos,Assembly-CSharp,MetaMissionGroupAchievementListener,CheckCompletionCoroutine,0x06000144,0x000d35b4,72,
4,PENDIENTE,Misiones y logros internos,Assembly-CSharp,MetaMissionGroupAchievementListener,IsAvailable,0x06000140,0x000d34dc,64,
4,PENDIENTE,Misiones y logros internos,Assembly-CSharp,MetaMissionGroupAchievementListener,Postrace,0x06000142,0x000d3548,44,
4,PENDIENTE,Misiones y logros internos,Assembly-CSharp,MetaMissionGroupAchievementListener,Prerace,0x06000141,0x000d351c,44,
4,PENDIENTE,Misiones y logros internos,Assembly-CSharp,MetaMissionGroupAchievementListener,Reward,0x06000143,0x000d3574,64,
4,PENDIENTE,Misiones y logros internos,Assembly-CSharp,MetaMissionGroupAchievementListener,Start,0x06000145,0x000d35fc,88,
4,PENDIENTE,Misiones y logros internos,Assembly-CSharp,MetaMissionGroupAchievementListener/<CheckCompletionCoroutine>c__Iterator11,.ctor,0x06000833,0x001438ec,44,
4,PENDIENTE,Misiones y logros internos,Assembly-CSharp,MetaMissionGroupAchievementListener/<CheckCompletionCoroutine>c__Iterator11,Dispose,0x06000837,0x00143af4,56,
4,PENDIENTE,Misiones y logros internos,Assembly-CSharp,MetaMissionGroupAchievementListener/<CheckCompletionCoroutine>c__Iterator11,MoveNext,0x06000836,0x00143980,372,
4,PENDIENTE,Misiones y logros internos,Assembly-CSharp,MetaMissionGroupAchievementListener/<CheckCompletionCoroutine>c__Iterator11,Reset,0x06000838,0x00143b2c,64,
4,PENDIENTE,Misiones y logros internos,Assembly-CSharp,MetaMissionGroupAchievementListener/<CheckCompletionCoroutine>c__Iterator11,System.Collections.Generic.IEnumerator<object>.get_Current,0x06000834,0x00143918,52,
4,PENDIENTE,Misiones y logros internos,Assembly-CSharp,MetaMissionGroupAchievementListener/<CheckCompletionCoroutine>c__Iterator11,System.Collections.IEnumerator.get_Current,0x06000835,0x0014394c,52,
4,PENDIENTE,Misiones y logros internos,Assembly-CSharp,MissionCollection,.ctor,0x060002c1,0x000eb474,60,
4,PENDIENTE,Misiones y logros internos,Assembly-CSharp,MissionCollection,GetAreThereAnyMissionsLeft,0x060002ca,0x000eba48,72,
4,PENDIENTE,Misiones y logros internos,Assembly-CSharp,MissionCollection,GetCurrentMission,0x060002cc,0x000ebb24,100,
4,PENDIENTE,Misiones y logros internos,Assembly-CSharp,MissionCollection,GetHasArrow,0x060002c3,0x000eb544,104,
4,PENDIENTE,Misiones y logros internos,Assembly-CSharp,MissionCollection,GetTaskDisplay,0x060002cb,0x000eba90,148,
4,PENDIENTE,Misiones y logros internos,Assembly-CSharp,MissionCollection,Init,0x060002c2,0x000eb4b0,148,
4,PENDIENTE,Misiones y logros internos,Assembly-CSharp,MissionCollection,Shutdown,0x060002c5,0x000eb71c,44,
4,PENDIENTE,Misiones y logros internos,Assembly-CSharp,MissionCollection,Signal,0x060002c6,0x000eb748,140,
4,PENDIENTE,Misiones y logros internos,Assembly-CSharp,MissionCollection,Signal,0x060002c7,0x000eb7d4,516,
4,PENDIENTE,Misiones y logros internos,Assembly-CSharp,MissionCollection,Update,0x060002c4,0x000eb5ac,368,
4,PENDIENTE,Misiones y logros internos,Assembly-CSharp,MissionCollection,getCheckCurrentMission,0x060002c8,0x000eb9d8,52,
4,PENDIENTE,Misiones y logros internos,Assembly-CSharp,MissionCollection,setCheckCurrentMission,0x060002c9,0x000eba0c,60,
4,PENDIENTE,Misiones y logros internos,Assembly-CSharp,MissionDialogPublisher,.ctor,0x06000794,0x0013dcc8,396,
4,PENDIENTE,Misiones y logros internos,Assembly-CSharp,MissionDialogPublisher,FixedUpdate,0x06000797,0x0013e0d8,420,
4,PENDIENTE,Misiones y logros internos,Assembly-CSharp,MissionDialogPublisher,PressedTab,0x06000796,0x0013e084,84,
4,PENDIENTE,Misiones y logros internos,Assembly-CSharp,MissionDialogPublisher,SetRollState,0x06000798,0x0013e27c,116,se ejecuta ya en Etapa 3
4,PENDIENTE,Misiones y logros internos,Assembly-CSharp,MissionDialogPublisher,Start,0x06000795,0x0013de54,560,
4,PENDIENTE,Misiones y logros internos,Assembly-CSharp,MissionDialogPublisher,Update,0x06000799,0x0013e2f0,104,
4,PENDIENTE,Misiones y logros internos,Assembly-CSharp,MissionManager,.ctor,0x060002cd,0x000ebb88,196,
4,PENDIENTE,Misiones y logros internos,Assembly-CSharp,MissionManager,AddMission,0x060002d4,0x000ec1a8,96,
4,PENDIENTE,Misiones y logros internos,Assembly-CSharp,MissionManager,CompleteMission,0x060002d5,0x000ec208,236,
4,PENDIENTE,Misiones y logros internos,Assembly-CSharp,MissionManager,GetCurrentMission,0x060002d8,0x000ec594,68,
4,RECUPERADO-AOT,Misiones y logros internos,Assembly-CSharp,MissionManager,GetHasStartedFirstMission,0x060002ce,0x000ebc4c,52,
4,PENDIENTE,Misiones y logros internos,Assembly-CSharp,MissionManager,Signal,0x060002d6,0x000ec2f4,332,se ejecuta ya en Etapa 3
4,PENDIENTE,Misiones y logros internos,Assembly-CSharp,MissionManager,Signal,0x060002d7,0x000ec440,340,se ejecuta ya en Etapa 3
4,PENDIENTE,Misiones y logros internos,Assembly-CSharp,MissionManager,Start,0x060002d0,0x000ebcd8,56,
4,PENDIENTE,Misiones y logros internos,Assembly-CSharp,MissionManager,Update,0x060002d3,0x000ebd90,1048,
4,PENDIENTE,Misiones y logros internos,Assembly-CSharp,MissionManager,WaitForNextMission,0x060002cf,0x000ebc80,88,
4,PENDIENTE,Misiones y logros internos,Assembly-CSharp,MissionManager,get_AllMissionsComplete,0x060002d2,0x000ebd44,76,
4,PENDIENTE,Misiones y logros internos,Assembly-CSharp,MissionManager,get_CurrentMissionComplete,0x060002d1,0x000ebd10,52,
4,PENDIENTE,Misiones y logros internos,Assembly-CSharp,MissionManager/<WaitForNextMission>c__Iterator23,.ctor,0x0600089f,0x00148020,44,
4,PENDIENTE,Misiones y logros internos,Assembly-CSharp,MissionManager/<WaitForNextMission>c__Iterator23,Dispose,0x060008a3,0x00148264,56,
4,PENDIENTE,Misiones y logros internos,Assembly-CSharp,MissionManager/<WaitForNextMission>c__Iterator23,MoveNext,0x060008a2,0x001480b4,432,
4,PENDIENTE,Misiones y logros internos,Assembly-CSharp,MissionManager/<WaitForNextMission>c__Iterator23,Reset,0x060008a4,0x0014829c,64,
4,PENDIENTE,Misiones y logros internos,Assembly-CSharp,MissionManager/<WaitForNextMission>c__Iterator23,System.Collections.Generic.IEnumerator<object>.get_Current,0x060008a0,0x0014804c,52,
4,PENDIENTE,Misiones y logros internos,Assembly-CSharp,MissionManager/<WaitForNextMission>c__Iterator23,System.Collections.IEnumerator.get_Current,0x060008a1,0x00148080,52,
4,PENDIENTE,Misiones y logros internos,Assembly-CSharp,PauseMission,.ctor,0x060002d9,0x000ec5d8,52,
4,PENDIENTE,Misiones y logros internos,Assembly-CSharp,PauseMission,Init,0x060002da,0x000ec60c,44,
4,PENDIENTE,Misiones y logros internos,Assembly-CSharp,PauseMission,Shutdown,0x060002dc,0x000ec664,44,
4,PENDIENTE,Misiones y logros internos,Assembly-CSharp,PauseMission,Signal,0x060002dd,0x000ec690,144,
4,PENDIENTE,Misiones y logros internos,Assembly-CSharp,PauseMission,Signal,0x060002de,0x000ec720,52,
4,PENDIENTE,Misiones y logros internos,Assembly-CSharp,PauseMission,Update,0x060002db,0x000ec638,44,
4,PENDIENTE,Misiones y logros internos,Assembly-CSharp,PlaceWithNoPowerupsAchievementListener,.ctor,0x0600014f,0x000d394c,60,
4,PENDIENTE,Misiones y logros internos,Assembly-CSharp,PlaceWithNoPowerupsAchievementListener,CheckPowerupPass,0x06000156,0x000d3c60,244,
4,PENDIENTE,Misiones y logros internos,Assembly-CSharp,PlaceWithNoPowerupsAchievementListener,IsAvailable,0x06000151,0x000d39c0,72,
4,PENDIENTE,Misiones y logros internos,Assembly-CSharp,PlaceWithNoPowerupsAchievementListener,Postrace,0x06000154,0x000d3a60,448,
4,PENDIENTE,Misiones y logros internos,Assembly-CSharp,PlaceWithNoPowerupsAchievementListener,Prerace,0x06000153,0x000d3a34,44,
4,PENDIENTE,Misiones y logros internos,Assembly-CSharp,PlaceWithNoPowerupsAchievementListener,Reward,0x06000155,0x000d3c20,64,
4,PENDIENTE,Misiones y logros internos,Assembly-CSharp,PlaceWithNoPowerupsAchievementListener,Start,0x06000150,0x000d3988,56,
4,PENDIENTE,Misiones y logros internos,Assembly-CSharp,PlaceWithNoPowerupsAchievementListener,Update,0x06000152,0x000d3a08,44,
4,PENDIENTE,Misiones y logros internos,Assembly-CSharp,PowerSlideBoostAchievementListener,.ctor,0x06000157,0x000d3d54,60,
4,PENDIENTE,Misiones y logros internos,Assembly-CSharp,PowerSlideBoostAchievementListener,CheckMetrics,0x0600015c,0x000d3ef8,188,
4,PENDIENTE,Misiones y logros internos,Assembly-CSharp,PowerSlideBoostAchievementListener,CheckMetricsPump,0x0600015b,0x000d3eb0,72,
4,PENDIENTE,Misiones y logros internos,Assembly-CSharp,PowerSlideBoostAchievementListener,IsAvailable,0x0600015a,0x000d3e70,64,
4,PENDIENTE,Misiones y logros internos,Assembly-CSharp,PowerSlideBoostAchievementListener,Postrace,0x0600015d,0x000d3fb4,84,
4,PENDIENTE,Misiones y logros internos,Assembly-CSharp,PowerSlideBoostAchievementListener,Prerace,0x0600015e,0x000d4008,44,
4,PENDIENTE,Misiones y logros internos,Assembly-CSharp,PowerSlideBoostAchievementListener,Reward,0x0600015f,0x000d4034,64,
4,PENDIENTE,Misiones y logros internos,Assembly-CSharp,PowerSlideBoostAchievementListener,Start,0x06000158,0x000d3d90,88,
4,PENDIENTE,Misiones y logros internos,Assembly-CSharp,PowerSlideBoostAchievementListener,Update,0x06000159,0x000d3de8,136,
4,PENDIENTE,Misiones y logros internos,Assembly-CSharp,PowerSlideBoostAchievementListener/<CheckMetricsPump>c__Iterator13,.ctor,0x0600083f,0x00143d58,44,
4,PENDIENTE,Misiones y logros internos,Assembly-CSharp,PowerSlideBoostAchievementListener/<CheckMetricsPump>c__Iterator13,Dispose,0x06000843,0x00143ecc,56,
4,PENDIENTE,Misiones y logros internos,Assembly-CSharp,PowerSlideBoostAchievementListener/<CheckMetricsPump>c__Iterator13,MoveNext,0x06000842,0x00143dec,224,
4,PENDIENTE,Misiones y logros internos,Assembly-CSharp,PowerSlideBoostAchievementListener/<CheckMetricsPump>c__Iterator13,Reset,0x06000844,0x00143f04,64,
4,PENDIENTE,Misiones y logros internos,Assembly-CSharp,PowerSlideBoostAchievementListener/<CheckMetricsPump>c__Iterator13,System.Collections.Generic.IEnumerator<object>.get_Current,0x06000840,0x00143d84,52,
4,PENDIENTE,Misiones y logros internos,Assembly-CSharp,PowerSlideBoostAchievementListener/<CheckMetricsPump>c__Iterator13,System.Collections.IEnumerator.get_Current,0x06000841,0x00143db8,52,
4,PENDIENTE,Misiones y logros internos,Assembly-CSharp,PowerupHitInAirAchievementListener,.ctor,0x06000160,0x000d4074,60,
4,PENDIENTE,Misiones y logros internos,Assembly-CSharp,PowerupHitInAirAchievementListener,CheckMetrics,0x06000165,0x000d41c4,232,
4,PENDIENTE,Misiones y logros internos,Assembly-CSharp,PowerupHitInAirAchievementListener,CheckMetricsPump,0x06000164,0x000d417c,72,
4,PENDIENTE,Misiones y logros internos,Assembly-CSharp,PowerupHitInAirAchievementListener,IsAvailable,0x06000163,0x000d4134,72,
4,PENDIENTE,Misiones y logros internos,Assembly-CSharp,PowerupHitInAirAchievementListener,Postrace,0x06000167,0x000d42d8,84,
4,PENDIENTE,Misiones y logros internos,Assembly-CSharp,PowerupHitInAirAchievementListener,Prerace,0x06000166,0x000d42ac,44,
4,PENDIENTE,Misiones y logros internos,Assembly-CSharp,PowerupHitInAirAchievementListener,Reward,0x06000168,0x000d432c,64,
4,PENDIENTE,Misiones y logros internos,Assembly-CSharp,PowerupHitInAirAchievementListener,Start,0x06000161,0x000d40b0,88,
4,PENDIENTE,Misiones y logros internos,Assembly-CSharp,PowerupHitInAirAchievementListener,Update,0x06000162,0x000d4108,44,
4,PENDIENTE,Misiones y logros internos,Assembly-CSharp,PowerupHitInAirAchievementListener/<CheckMetricsPump>c__Iterator14,.ctor,0x06000845,0x00143f44,44,
4,PENDIENTE,Misiones y logros internos,Assembly-CSharp,PowerupHitInAirAchievementListener/<CheckMetricsPump>c__Iterator14,Dispose,0x06000849,0x001440b8,56,
4,PENDIENTE,Misiones y logros internos,Assembly-CSharp,PowerupHitInAirAchievementListener/<CheckMetricsPump>c__Iterator14,MoveNext,0x06000848,0x00143fd8,224,
4,PENDIENTE,Misiones y logros internos,Assembly-CSharp,PowerupHitInAirAchievementListener/<CheckMetricsPump>c__Iterator14,Reset,0x0600084a,0x001440f0,64,
4,PENDIENTE,Misiones y logros internos,Assembly-CSharp,PowerupHitInAirAchievementListener/<CheckMetricsPump>c__Iterator14,System.Collections.Generic.IEnumerator<object>.get_Current,0x06000846,0x00143f70,52,
4,PENDIENTE,Misiones y logros internos,Assembly-CSharp,PowerupHitInAirAchievementListener/<CheckMetricsPump>c__Iterator14,System.Collections.IEnumerator.get_Current,0x06000847,0x00143fa4,52,
4,PENDIENTE,Misiones y logros internos,Assembly-CSharp,SpendCoinsOverLifetimeAchievementListener,.ctor,0x06000169,0x000d436c,52,
4,PENDIENTE,Misiones y logros internos,Assembly-CSharp,SpendCoinsOverLifetimeAchievementListener,CheckSpentCoinsCoroutine,0x0600016e,0x000d44c0,72,
4,PENDIENTE,Misiones y logros internos,Assembly-CSharp,SpendCoinsOverLifetimeAchievementListener,IsAvailable,0x0600016a,0x000d43a0,64,
4,PENDIENTE,Misiones y logros internos,Assembly-CSharp,SpendCoinsOverLifetimeAchievementListener,Postrace,0x0600016c,0x000d440c,44,
4,PENDIENTE,Misiones y logros internos,Assembly-CSharp,SpendCoinsOverLifetimeAchievementListener,Prerace,0x0600016b,0x000d43e0,44,
4,PENDIENTE,Misiones y logros internos,Assembly-CSharp,SpendCoinsOverLifetimeAchievementListener,Reward,0x0600016d,0x000d4438,136,
4,PENDIENTE,Misiones y logros internos,Assembly-CSharp,SpendCoinsOverLifetimeAchievementListener,Start,0x0600016f,0x000d4508,80,
4,PENDIENTE,Misiones y logros internos,Assembly-CSharp,SpendCoinsOverLifetimeAchievementListener/<CheckSpentCoinsCoroutine>c__Iterator15,.ctor,0x0600084b,0x00144130,44,
4,PENDIENTE,Misiones y logros internos,Assembly-CSharp,SpendCoinsOverLifetimeAchievementListener/<CheckSpentCoinsCoroutine>c__Iterator15,Dispose,0x0600084f,0x001442f4,56,
4,PENDIENTE,Misiones y logros internos,Assembly-CSharp,SpendCoinsOverLifetimeAchievementListener/<CheckSpentCoinsCoroutine>c__Iterator15,MoveNext,0x0600084e,0x001441c4,304,
4,PENDIENTE,Misiones y logros internos,Assembly-CSharp,SpendCoinsOverLifetimeAchievementListener/<CheckSpentCoinsCoroutine>c__Iterator15,Reset,0x06000850,0x0014432c,64,
4,PENDIENTE,Misiones y logros internos,Assembly-CSharp,SpendCoinsOverLifetimeAchievementListener/<CheckSpentCoinsCoroutine>c__Iterator15,System.Collections.Generic.IEnumerator<object>.get_Current,0x0600084c,0x0014415c,52,
4,PENDIENTE,Misiones y logros internos,Assembly-CSharp,SpendCoinsOverLifetimeAchievementListener/<CheckSpentCoinsCoroutine>c__Iterator15,System.Collections.IEnumerator.get_Current,0x0600084d,0x00144190,52,
4,PENDIENTE,Misiones y logros internos,Assembly-CSharp,TimeInAirAchievementListener,.ctor,0x06000170,0x000d4558,52,
4,PENDIENTE,Misiones y logros internos,Assembly-CSharp,TimeInAirAchievementListener,CheckAirTimeCoroutine,0x06000175,0x000d4664,72,
4,PENDIENTE,Misiones y logros internos,Assembly-CSharp,TimeInAirAchievementListener,IsAvailable,0x06000171,0x000d458c,64,
4,PENDIENTE,Misiones y logros internos,Assembly-CSharp,TimeInAirAchievementListener,Postrace,0x06000173,0x000d45f8,44,
4,PENDIENTE,Misiones y logros internos,Assembly-CSharp,TimeInAirAchievementListener,Prerace,0x06000172,0x000d45cc,44,
4,PENDIENTE,Misiones y logros internos,Assembly-CSharp,TimeInAirAchievementListener,Reward,0x06000174,0x000d4624,64,
4,PENDIENTE,Misiones y logros internos,Assembly-CSharp,TimeInAirAchievementListener,Start,0x06000176,0x000d46ac,88,
4,PENDIENTE,Misiones y logros internos,Assembly-CSharp,TimeInAirAchievementListener/<CheckAirTimeCoroutine>c__Iterator16,.ctor,0x06000851,0x0014436c,44,
4,PENDIENTE,Misiones y logros internos,Assembly-CSharp,TimeInAirAchievementListener/<CheckAirTimeCoroutine>c__Iterator16,Dispose,0x06000855,0x00144544,56,
4,PENDIENTE,Misiones y logros internos,Assembly-CSharp,TimeInAirAchievementListener/<CheckAirTimeCoroutine>c__Iterator16,MoveNext,0x06000854,0x00144400,324,
4,PENDIENTE,Misiones y logros internos,Assembly-CSharp,TimeInAirAchievementListener/<CheckAirTimeCoroutine>c__Iterator16,Reset,0x06000856,0x0014457c,64,
4,PENDIENTE,Misiones y logros internos,Assembly-CSharp,TimeInAirAchievementListener/<CheckAirTimeCoroutine>c__Iterator16,System.Collections.Generic.IEnumerator<object>.get_Current,0x06000852,0x00144398,52,
4,PENDIENTE,Misiones y logros internos,Assembly-CSharp,TimeInAirAchievementListener/<CheckAirTimeCoroutine>c__Iterator16,System.Collections.IEnumerator.get_Current,0x06000853,0x001443cc,52,
4,PENDIENTE,Misiones y logros internos,Assembly-CSharp,TurnMission,.ctor,0x060002df,0x000ec754,52,
4,PENDIENTE,Misiones y logros internos,Assembly-CSharp,TurnMission,Init,0x060002e0,0x000ec788,652,
4,PENDIENTE,Misiones y logros internos,Assembly-CSharp,TurnMission,Shutdown,0x060002e2,0x000eca40,44,
4,PENDIENTE,Misiones y logros internos,Assembly-CSharp,TurnMission,Signal,0x060002e3,0x000eca6c,100,
4,PENDIENTE,Misiones y logros internos,Assembly-CSharp,TurnMission,Signal,0x060002e4,0x000ecad0,52,
4,PENDIENTE,Misiones y logros internos,Assembly-CSharp,TurnMission,Update,0x060002e1,0x000eca14,44,
4,PENDIENTE,Misiones y logros internos,Assembly-CSharp,UnlockAchievementListener,.ctor,0x06000177,0x000d4704,52,
4,PENDIENTE,Misiones y logros internos,Assembly-CSharp,UnlockAchievementListener,CheckUnlocks,0x0600017b,0x000d4804,72,
4,PENDIENTE,Misiones y logros internos,Assembly-CSharp,UnlockAchievementListener,IsAvailable,0x0600017a,0x000d47bc,72,
4,PENDIENTE,Misiones y logros internos,Assembly-CSharp,UnlockAchievementListener,Postrace,0x0600017e,0x000d4980,44,
4,PENDIENTE,Misiones y logros internos,Assembly-CSharp,UnlockAchievementListener,Prerace,0x0600017d,0x000d4954,44,
4,PENDIENTE,Misiones y logros internos,Assembly-CSharp,UnlockAchievementListener,Reward,0x0600017f,0x000d49ac,140,
4,PENDIENTE,Misiones y logros internos,Assembly-CSharp,UnlockAchievementListener,Start,0x06000178,0x000d4738,88,
4,PENDIENTE,Misiones y logros internos,Assembly-CSharp,UnlockAchievementListener,UnlockCheck,0x0600017c,0x000d484c,264,
4,PENDIENTE,Misiones y logros internos,Assembly-CSharp,UnlockAchievementListener,Update,0x06000179,0x000d4790,44,
4,PENDIENTE,Misiones y logros internos,Assembly-CSharp,UnlockAchievementListener/<CheckUnlocks>c__Iterator17,.ctor,0x06000857,0x001445bc,44,
4,PENDIENTE,Misiones y logros internos,Assembly-CSharp,UnlockAchievementListener/<CheckUnlocks>c__Iterator17,Dispose,0x0600085b,0x00144730,56,
4,PENDIENTE,Misiones y logros internos,Assembly-CSharp,UnlockAchievementListener/<CheckUnlocks>c__Iterator17,MoveNext,0x0600085a,0x00144650,224,
4,PENDIENTE,Misiones y logros internos,Assembly-CSharp,UnlockAchievementListener/<CheckUnlocks>c__Iterator17,Reset,0x0600085c,0x00144768,64,
4,PENDIENTE,Misiones y logros internos,Assembly-CSharp,UnlockAchievementListener/<CheckUnlocks>c__Iterator17,System.Collections.Generic.IEnumerator<object>.get_Current,0x06000858,0x001445e8,52,
4,PENDIENTE,Misiones y logros internos,Assembly-CSharp,UnlockAchievementListener/<CheckUnlocks>c__Iterator17,System.Collections.IEnumerator.get_Current,0x06000859,0x0014461c,52,
4,PENDIENTE,Misiones y logros internos,Assembly-CSharp,UseAPowerupAchievementListener,.ctor,0x06000180,0x000d4a38,52,
4,PENDIENTE,Misiones y logros internos,Assembly-CSharp,UseAPowerupAchievementListener,CheckCarMetrics,0x06000183,0x000d4af0,352,
4,PENDIENTE,Misiones y logros internos,Assembly-CSharp,UseAPowerupAchievementListener,IsAvailable,0x06000185,0x000d4c98,72,
4,PENDIENTE,Misiones y logros internos,Assembly-CSharp,UseAPowerupAchievementListener,Postrace,0x06000187,0x000d4d0c,44,
4,PENDIENTE,Misiones y logros internos,Assembly-CSharp,UseAPowerupAchievementListener,PowerupUseCheckPump,0x06000184,0x000d4c50,72,
4,PENDIENTE,Misiones y logros internos,Assembly-CSharp,UseAPowerupAchievementListener,Prerace,0x06000186,0x000d4ce0,44,
4,PENDIENTE,Misiones y logros internos,Assembly-CSharp,UseAPowerupAchievementListener,Reward,0x06000188,0x000d4d38,304,
4,PENDIENTE,Misiones y logros internos,Assembly-CSharp,UseAPowerupAchievementListener,Start,0x06000181,0x000d4a6c,88,
4,PENDIENTE,Misiones y logros internos,Assembly-CSharp,UseAPowerupAchievementListener,Update,0x06000182,0x000d4ac4,44,
4,PENDIENTE,Misiones y logros internos,Assembly-CSharp,UseAPowerupAchievementListener/<PowerupUseCheckPump>c__Iterator18,.ctor,0x0600085d,0x001447a8,44,
4,PENDIENTE,Misiones y logros internos,Assembly-CSharp,UseAPowerupAchievementListener/<PowerupUseCheckPump>c__Iterator18,Dispose,0x06000861,0x0014491c,56,
4,PENDIENTE,Misiones y logros internos,Assembly-CSharp,UseAPowerupAchievementListener/<PowerupUseCheckPump>c__Iterator18,MoveNext,0x06000860,0x0014483c,224,
4,PENDIENTE,Misiones y logros internos,Assembly-CSharp,UseAPowerupAchievementListener/<PowerupUseCheckPump>c__Iterator18,Reset,0x06000862,0x00144954,64,
4,PENDIENTE,Misiones y logros internos,Assembly-CSharp,UseAPowerupAchievementListener/<PowerupUseCheckPump>c__Iterator18,System.Collections.Generic.IEnumerator<object>.get_Current,0x0600085e,0x001447d4,52,
4,PENDIENTE,Misiones y logros internos,Assembly-CSharp,UseAPowerupAchievementListener/<PowerupUseCheckPump>c__Iterator18,System.Collections.IEnumerator.get_Current,0x0600085f,0x00144808,52,
4,PENDIENTE,Misiones y logros internos,Assembly-CSharp,UsePowerupAgainstOpponentAchievementListener,.ctor,0x06000189,0x000d4e68,60,
4,PENDIENTE,Misiones y logros internos,Assembly-CSharp,UsePowerupAgainstOpponentAchievementListener,CheckMetrics,0x0600018d,0x000d4f70,300,
4,PENDIENTE,Misiones y logros internos,Assembly-CSharp,UsePowerupAgainstOpponentAchievementListener,CheckMetricsPump,0x0600018c,0x000d4f28,72,
4,PENDIENTE,Misiones y logros internos,Assembly-CSharp,UsePowerupAgainstOpponentAchievementListener,IsAvailable,0x0600018e,0x000d509c,72,
4,PENDIENTE,Misiones y logros internos,Assembly-CSharp,UsePowerupAgainstOpponentAchievementListener,Postrace,0x06000190,0x000d5110,84,
4,PENDIENTE,Misiones y logros internos,Assembly-CSharp,UsePowerupAgainstOpponentAchievementListener,Prerace,0x0600018f,0x000d50e4,44,
4,PENDIENTE,Misiones y logros internos,Assembly-CSharp,UsePowerupAgainstOpponentAchievementListener,Reward,0x06000191,0x000d5164,64,
4,PENDIENTE,Misiones y logros internos,Assembly-CSharp,UsePowerupAgainstOpponentAchievementListener,Start,0x0600018a,0x000d4ea4,88,
4,PENDIENTE,Misiones y logros internos,Assembly-CSharp,UsePowerupAgainstOpponentAchievementListener,Update,0x0600018b,0x000d4efc,44,
4,PENDIENTE,Misiones y logros internos,Assembly-CSharp,UsePowerupAgainstOpponentAchievementListener/<CheckMetricsPump>c__Iterator19,.ctor,0x06000863,0x00144994,44,
4,PENDIENTE,Misiones y logros internos,Assembly-CSharp,UsePowerupAgainstOpponentAchievementListener/<CheckMetricsPump>c__Iterator19,Dispose,0x06000867,0x00144b08,56,
4,PENDIENTE,Misiones y logros internos,Assembly-CSharp,UsePowerupAgainstOpponentAchievementListener/<CheckMetricsPump>c__Iterator19,MoveNext,0x06000866,0x00144a28,224,
4,PENDIENTE,Misiones y logros internos,Assembly-CSharp,UsePowerupAgainstOpponentAchievementListener/<CheckMetricsPump>c__Iterator19,Reset,0x06000868,0x00144b40,64,
4,PENDIENTE,Misiones y logros internos,Assembly-CSharp,UsePowerupAgainstOpponentAchievementListener/<CheckMetricsPump>c__Iterator19,System.Collections.Generic.IEnumerator<object>.get_Current,0x06000864,0x001449c0,52,
4,PENDIENTE,Misiones y logros internos,Assembly-CSharp,UsePowerupAgainstOpponentAchievementListener/<CheckMetricsPump>c__Iterator19,System.Collections.IEnumerator.get_Current,0x06000865,0x001449f4,52,
4,PENDIENTE,Misiones y logros internos,Assembly-CSharp,UsePowerupMission,.ctor,0x060002e5,0x000ecb04,52,
4,PENDIENTE,Misiones y logros internos,Assembly-CSharp,UsePowerupMission,Init,0x060002e6,0x000ecb38,44,
4,PENDIENTE,Misiones y logros internos,Assembly-CSharp,UsePowerupMission,Shutdown,0x060002e8,0x000ecb90,44,
4,PENDIENTE,Misiones y logros internos,Assembly-CSharp,UsePowerupMission,Signal,0x060002e9,0x000ecbbc,144,
4,PENDIENTE,Misiones y logros internos,Assembly-CSharp,UsePowerupMission,Signal,0x060002ea,0x000ecc4c,52,
4,PENDIENTE,Misiones y logros internos,Assembly-CSharp,UsePowerupMission,Update,0x060002e7,0x000ecb64,44,
4,PENDIENTE,Monedas en pista,Assembly-CSharp,Coin,.ctor,0x060004cc,0x001081d4,52,
4,PENDIENTE,Monedas en pista,Assembly-CSharp,Coin,OnTriggerEnter,0x060004ce,0x00108328,628,
4,PENDIENTE,Monedas en pista,Assembly-CSharp,Coin,Start,0x060004cd,0x00108208,288,
4,PENDIENTE,Monedas en pista,Assembly-CSharp,CoinPoint,.ctor,0x060004cf,0x0010859c,100,
4,PENDIENTE,Monedas en pista,Assembly-CSharp,CoinPoint,OnDrawGizmos,0x060004d6,0x00109e3c,1508,
4,PENDIENTE,Monedas en pista,Assembly-CSharp,CoinPoint,ProperCoinNum,0x060004d5,0x00109d68,212,
4,PENDIENTE,Monedas en pista,Assembly-CSharp,CoinPoint,SpawnCircleHelper,0x060004d3,0x001086d4,4180,
4,PENDIENTE,Monedas en pista,Assembly-CSharp,CoinPoint,SpawnCoins,0x060004d2,0x00108670,100,
4,PENDIENTE,Monedas en pista,Assembly-CSharp,CoinPoint,SpawnTrailHelper,0x060004d4,0x00109728,1600,
4,PENDIENTE,Monedas en pista,Assembly-CSharp,CoinPoint,get_ShapeType,0x060004d0,0x00108600,52,
4,PENDIENTE,Monedas en pista,Assembly-CSharp,CoinPoint,set_ShapeType,0x060004d1,0x00108634,60,
4,PENDIENTE,Personalización del kart,Assembly-CSharp,CartCustomizerPublisher,.ctor,0x060005e8,0x0011fe08,196,
4,PENDIENTE,Personalización del kart,Assembly-CSharp,CartCustomizerPublisher,BuyPart,0x0600060e,0x00124b80,892,
4,PENDIENTE,Personalización del kart,Assembly-CSharp,CartCustomizerPublisher,CameraWaitAndRefresh,0x060005ec,0x00120354,88,
4,PENDIENTE,Personalización del kart,Assembly-CSharp,CartCustomizerPublisher,CloseLockedMenu,0x06000610,0x001251e8,156,
4,PENDIENTE,Personalización del kart,Assembly-CSharp,CartCustomizerPublisher,EquipPart,0x0600060f,0x00124efc,748,
4,PENDIENTE,Personalización del kart,Assembly-CSharp,CartCustomizerPublisher,GetPaintMenuIsOut,0x060005e9,0x0011fecc,52,
4,PENDIENTE,Personalización del kart,Assembly-CSharp,CartCustomizerPublisher,InitialWaitForLoadCoroutine,0x060005fe,0x001236ac,72,
4,RECUPERADO-AOT,Personalización del kart,Assembly-CSharp,CartCustomizerPublisher,IsTemporaryInSlot,0x06000616,0x00125758,288,se ejecuta ya en Etapa 2
4,PENDIENTE,Personalización del kart,Assembly-CSharp,CartCustomizerPublisher,OnBikeToggleChanged,0x0600061c,0x00125990,56,
4,PENDIENTE,Personalización del kart,Assembly-CSharp,CartCustomizerPublisher,OnBodyToggleChanged,0x06000617,0x00125878,56,
4,PENDIENTE,Personalización del kart,Assembly-CSharp,CartCustomizerPublisher,OnDisable,0x06000613,0x0012545c,88,
4,PENDIENTE,Personalización del kart,Assembly-CSharp,CartCustomizerPublisher,OnScoopToggleChanged,0x06000618,0x001258b0,56,
4,PENDIENTE,Personalización del kart,Assembly-CSharp,CartCustomizerPublisher,OnSpoilerToggleChanged,0x06000619,0x001258e8,56,
4,PENDIENTE,Personalización del kart,Assembly-CSharp,CartCustomizerPublisher,OnThrusterToggleChanged,0x0600061a,0x00125920,56,
4,PENDIENTE,Personalización del kart,Assembly-CSharp,CartCustomizerPublisher,OnTrikeToggleChanged,0x0600061d,0x001259c8,56,
4,PENDIENTE,Personalización del kart,Assembly-CSharp,CartCustomizerPublisher,OnTruckToggleChanged,0x0600061e,0x00125a00,56,
4,PENDIENTE,Personalización del kart,Assembly-CSharp,CartCustomizerPublisher,OnWheelToggleChanged,0x0600061b,0x00125958,56,
4,PENDIENTE,Personalización del kart,Assembly-CSharp,CartCustomizerPublisher,OpenBuyPaint,0x060005f7,0x00121dc8,804,
4,PENDIENTE,Personalización del kart,Assembly-CSharp,CartCustomizerPublisher,OpenPaintIsLocked,0x060005f8,0x001220ec,304,
4,PENDIENTE,Personalización del kart,Assembly-CSharp,CartCustomizerPublisher,PopulatePaintMenu,0x060005eb,0x0011ff34,1056,
4,PENDIENTE,Personalización del kart,Assembly-CSharp,CartCustomizerPublisher,PressedAction,0x0600060d,0x00124ac8,184,
4,PENDIENTE,Personalización del kart,Assembly-CSharp,CartCustomizerPublisher,PressedBikeForm,0x06000606,0x00124020,76,
4,PENDIENTE,Personalización del kart,Assembly-CSharp,CartCustomizerPublisher,PressedBodySlot,0x06000601,0x00123ea4,76,
4,PENDIENTE,Personalización del kart,Assembly-CSharp,CartCustomizerPublisher,PressedBuyPaint,0x060005f5,0x001217f8,1280,
4,PENDIENTE,Personalización del kart,Assembly-CSharp,CartCustomizerPublisher,PressedClosePaint,0x06000612,0x0012538c,208,
4,PENDIENTE,Personalización del kart,Assembly-CSharp,CartCustomizerPublisher,PressedDownArrow,0x0600060c,0x00124844,644,
4,PENDIENTE,Personalización del kart,Assembly-CSharp,CartCustomizerPublisher,PressedLeftArrow,0x0600060a,0x001243bc,516,
4,PENDIENTE,Personalización del kart,Assembly-CSharp,CartCustomizerPublisher,PressedOkPaint,0x060005f6,0x00121cf8,208,
4,PENDIENTE,Personalización del kart,Assembly-CSharp,CartCustomizerPublisher,PressedPaint,0x06000611,0x00125284,264,
4,PENDIENTE,Personalización del kart,Assembly-CSharp,CartCustomizerPublisher,PressedRightArrow,0x06000609,0x00124104,696,
4,PENDIENTE,Personalización del kart,Assembly-CSharp,CartCustomizerPublisher,PressedScoopSlot,0x06000602,0x00123ef0,76,
4,PENDIENTE,Personalización del kart,Assembly-CSharp,CartCustomizerPublisher,PressedSpoilerSlot,0x06000603,0x00123f3c,76,
4,PENDIENTE,Personalización del kart,Assembly-CSharp,CartCustomizerPublisher,PressedThrusterSlot,0x06000604,0x00123f88,76,
4,PENDIENTE,Personalización del kart,Assembly-CSharp,CartCustomizerPublisher,PressedTrikeForm,0x06000607,0x0012406c,76,
4,PENDIENTE,Personalización del kart,Assembly-CSharp,CartCustomizerPublisher,PressedTruckForm,0x06000608,0x001240b8,76,
4,PENDIENTE,Personalización del kart,Assembly-CSharp,CartCustomizerPublisher,PressedUpArrow,0x0600060b,0x001245c0,644,
4,PENDIENTE,Personalización del kart,Assembly-CSharp,CartCustomizerPublisher,PressedWheelsSlot,0x06000605,0x00123fd4,76,
4,PENDIENTE,Personalización del kart,Assembly-CSharp,CartCustomizerPublisher,Refresh,0x06000614,0x001254b4,172,se ejecuta ya en Etapa 1
4,PENDIENTE,Personalización del kart,Assembly-CSharp,CartCustomizerPublisher,RefreshDisplay,0x060005fd,0x00122cb4,2552,
4,PENDIENTE,Personalización del kart,Assembly-CSharp,CartCustomizerPublisher,RefreshFormToggles,0x060005fa,0x00122390,552,
4,PENDIENTE,Personalización del kart,Assembly-CSharp,CartCustomizerPublisher,RefreshNavBlips,0x060005fc,0x00122610,1700,
4,PENDIENTE,Personalización del kart,Assembly-CSharp,CartCustomizerPublisher,RefreshStatBars,0x060005f4,0x00121294,1380,
4,PENDIENTE,Personalización del kart,Assembly-CSharp,CartCustomizerPublisher,RefreshToggles,0x060005f9,0x0012221c,372,
4,PENDIENTE,Personalización del kart,Assembly-CSharp,CartCustomizerPublisher,ResetPaintInSlot,0x060005ef,0x00120624,244,
4,PENDIENTE,Personalización del kart,Assembly-CSharp,CartCustomizerPublisher,ResetPreviewSlot,0x060005ee,0x00120584,160,
4,PENDIENTE,Personalización del kart,Assembly-CSharp,CartCustomizerPublisher,SetCameraToSlot,0x060005ed,0x001203ac,472,
4,PENDIENTE,Personalización del kart,Assembly-CSharp,CartCustomizerPublisher,SetStatBar,0x060005f3,0x00120e6c,1064,
4,PENDIENTE,Personalización del kart,Assembly-CSharp,CartCustomizerPublisher,SetToSpecificPart,0x060005f0,0x00120718,456,
4,PENDIENTE,Personalización del kart,Assembly-CSharp,CartCustomizerPublisher,SetViewingPaintIndex,0x06000615,0x00125560,504,
4,PENDIENTE,Personalización del kart,Assembly-CSharp,CartCustomizerPublisher,SlideBodyFormBox,0x060005fb,0x001225b8,88,
4,PENDIENTE,Personalización del kart,Assembly-CSharp,CartCustomizerPublisher,Start,0x060005ff,0x001236f4,72,
4,PENDIENTE,Personalización del kart,Assembly-CSharp,CartCustomizerPublisher,SwitchFormType,0x060005f1,0x001208e0,468,
4,PENDIENTE,Personalización del kart,Assembly-CSharp,CartCustomizerPublisher,SwitchSlot,0x060005f2,0x00120ab4,952,
4,PENDIENTE,Personalización del kart,Assembly-CSharp,CartCustomizerPublisher,Update,0x06000600,0x0012373c,1896,
4,PENDIENTE,Personalización del kart,Assembly-CSharp,CartCustomizerPublisher,get_CurrentSlot,0x060005ea,0x0011ff00,52,
4,PENDIENTE,Personalización del kart,Assembly-CSharp,CartCustomizerPublisher/<CameraWaitAndRefresh>c__Iterator50,.ctor,0x060009b1,0x001523d4,44,
4,PENDIENTE,Personalización del kart,Assembly-CSharp,CartCustomizerPublisher/<CameraWaitAndRefresh>c__Iterator50,Dispose,0x060009b5,0x00152544,56,
4,PENDIENTE,Personalización del kart,Assembly-CSharp,CartCustomizerPublisher/<CameraWaitAndRefresh>c__Iterator50,MoveNext,0x060009b4,0x00152468,220,
4,PENDIENTE,Personalización del kart,Assembly-CSharp,CartCustomizerPublisher/<CameraWaitAndRefresh>c__Iterator50,Reset,0x060009b6,0x0015257c,64,
4,PENDIENTE,Personalización del kart,Assembly-CSharp,CartCustomizerPublisher/<CameraWaitAndRefresh>c__Iterator50,System.Collections.Generic.IEnumerator<object>.get_Current,0x060009b2,0x00152400,52,
4,PENDIENTE,Personalización del kart,Assembly-CSharp,CartCustomizerPublisher/<CameraWaitAndRefresh>c__Iterator50,System.Collections.IEnumerator.get_Current,0x060009b3,0x00152434,52,
4,PENDIENTE,Personalización del kart,Assembly-CSharp,CartCustomizerPublisher/<InitialWaitForLoadCoroutine>c__Iterator52,.ctor,0x060009bd,0x00152aa0,44,
4,PENDIENTE,Personalización del kart,Assembly-CSharp,CartCustomizerPublisher/<InitialWaitForLoadCoroutine>c__Iterator52,Dispose,0x060009c1,0x00152c9c,56,
4,PENDIENTE,Personalización del kart,Assembly-CSharp,CartCustomizerPublisher/<InitialWaitForLoadCoroutine>c__Iterator52,MoveNext,0x060009c0,0x00152b34,360,
4,PENDIENTE,Personalización del kart,Assembly-CSharp,CartCustomizerPublisher/<InitialWaitForLoadCoroutine>c__Iterator52,Reset,0x060009c2,0x00152cd4,64,
4,PENDIENTE,Personalización del kart,Assembly-CSharp,CartCustomizerPublisher/<InitialWaitForLoadCoroutine>c__Iterator52,System.Collections.Generic.IEnumerator<object>.get_Current,0x060009be,0x00152acc,52,
4,PENDIENTE,Personalización del kart,Assembly-CSharp,CartCustomizerPublisher/<InitialWaitForLoadCoroutine>c__Iterator52,System.Collections.IEnumerator.get_Current,0x060009bf,0x00152b00,52,
4,PENDIENTE,Personalización del kart,Assembly-CSharp,CartCustomizerPublisher/<PressedDownArrow>c__AnonStorey9F,.ctor,0x06000b51,0x00166d50,44,
4,PENDIENTE,Personalización del kart,Assembly-CSharp,CartCustomizerPublisher/<PressedDownArrow>c__AnonStorey9F,<>m__22,0x06000b52,0x00166d7c,84,
4,PENDIENTE,Personalización del kart,Assembly-CSharp,CartCustomizerPublisher/<PressedUpArrow>c__AnonStorey9E,.ctor,0x06000b4f,0x00166cd0,44,
4,PENDIENTE,Personalización del kart,Assembly-CSharp,CartCustomizerPublisher/<PressedUpArrow>c__AnonStorey9E,<>m__21,0x06000b50,0x00166cfc,84,
4,PENDIENTE,Personalización del kart,Assembly-CSharp,CartCustomizerPublisher/<SetCameraToSlot>c__AnonStorey9D,.ctor,0x06000b4d,0x00166c1c,44,
4,PENDIENTE,Personalización del kart,Assembly-CSharp,CartCustomizerPublisher/<SetCameraToSlot>c__AnonStorey9D,<>m__20,0x06000b4e,0x00166c48,136,
4,PENDIENTE,Personalización del kart,Assembly-CSharp,CartCustomizerPublisher/<SlideBodyFormBox>c__Iterator51,.ctor,0x060009b7,0x001525bc,44,
4,PENDIENTE,Personalización del kart,Assembly-CSharp,CartCustomizerPublisher/<SlideBodyFormBox>c__Iterator51,Dispose,0x060009bb,0x00152a28,56,
4,PENDIENTE,Personalización del kart,Assembly-CSharp,CartCustomizerPublisher/<SlideBodyFormBox>c__Iterator51,MoveNext,0x060009ba,0x00152650,984,
4,PENDIENTE,Personalización del kart,Assembly-CSharp,CartCustomizerPublisher/<SlideBodyFormBox>c__Iterator51,Reset,0x060009bc,0x00152a60,64,
4,PENDIENTE,Personalización del kart,Assembly-CSharp,CartCustomizerPublisher/<SlideBodyFormBox>c__Iterator51,System.Collections.Generic.IEnumerator<object>.get_Current,0x060009b8,0x001525e8,52,
4,PENDIENTE,Personalización del kart,Assembly-CSharp,CartCustomizerPublisher/<SlideBodyFormBox>c__Iterator51,System.Collections.IEnumerator.get_Current,0x060009b9,0x0015261c,52,
4,PENDIENTE,Personalización del kart,Assembly-CSharp,CartCustomizerPublisher/<Start>c__Iterator53,.ctor,0x060009c3,0x00152d14,44,
4,PENDIENTE,Personalización del kart,Assembly-CSharp,CartCustomizerPublisher/<Start>c__Iterator53,Dispose,0x060009c7,0x0015391c,56,
4,PENDIENTE,Personalización del kart,Assembly-CSharp,CartCustomizerPublisher/<Start>c__Iterator53,MoveNext,0x060009c6,0x00152da8,2932,
4,PENDIENTE,Personalización del kart,Assembly-CSharp,CartCustomizerPublisher/<Start>c__Iterator53,Reset,0x060009c8,0x00153954,64,
4,PENDIENTE,Personalización del kart,Assembly-CSharp,CartCustomizerPublisher/<Start>c__Iterator53,System.Collections.Generic.IEnumerator<object>.get_Current,0x060009c4,0x00152d40,52,
4,PENDIENTE,Personalización del kart,Assembly-CSharp,CartCustomizerPublisher/<Start>c__Iterator53,System.Collections.IEnumerator.get_Current,0x060009c5,0x00152d74,52,
4,PENDIENTE,Personalización del kart,Assembly-CSharp,PaintSlotPublisher,.ctor,0x060006a9,0x0012e888,52,
4,PENDIENTE,Personalización del kart,Assembly-CSharp,PaintSlotPublisher,OnDestroy,0x060006ad,0x0012ee54,80,
4,PENDIENTE,Personalización del kart,Assembly-CSharp,PaintSlotPublisher,PressedPaintButton,0x060006aa,0x0012e8bc,144,
4,PENDIENTE,Personalización del kart,Assembly-CSharp,PaintSlotPublisher,SetPaint,0x060006ac,0x0012e9d8,1148,
4,PENDIENTE,Personalización del kart,Assembly-CSharp,PaintSlotPublisher,Start,0x060006ab,0x0012e94c,140,
4,PENDIENTE,"Power-ups, efectos y obstáculos",Assembly-CSharp,BarrelLauncher,.ctor,0x060004b2,0x00106d88,100,
4,PENDIENTE,"Power-ups, efectos y obstáculos",Assembly-CSharp,BarrelLauncher,LaunchBarrel,0x060004b5,0x00106e84,300,
4,PENDIENTE,"Power-ups, efectos y obstáculos",Assembly-CSharp,BarrelLauncher,LaunchPump,0x060004b3,0x00106dec,72,
4,PENDIENTE,"Power-ups, efectos y obstáculos",Assembly-CSharp,BarrelLauncher,Start,0x060004b4,0x00106e34,80,
4,PENDIENTE,"Power-ups, efectos y obstáculos",Assembly-CSharp,BarrelLauncher/<LaunchPump>c__Iterator33,.ctor,0x06000903,0x0014c470,44,
4,PENDIENTE,"Power-ups, efectos y obstáculos",Assembly-CSharp,BarrelLauncher/<LaunchPump>c__Iterator33,Dispose,0x06000907,0x0014c64c,56,
4,PENDIENTE,"Power-ups, efectos y obstáculos",Assembly-CSharp,BarrelLauncher/<LaunchPump>c__Iterator33,MoveNext,0x06000906,0x0014c504,328,
4,PENDIENTE,"Power-ups, efectos y obstáculos",Assembly-CSharp,BarrelLauncher/<LaunchPump>c__Iterator33,Reset,0x06000908,0x0014c684,64,
4,PENDIENTE,"Power-ups, efectos y obstáculos",Assembly-CSharp,BarrelLauncher/<LaunchPump>c__Iterator33,System.Collections.Generic.IEnumerator<object>.get_Current,0x06000904,0x0014c49c,52,
4,PENDIENTE,"Power-ups, efectos y obstáculos",Assembly-CSharp,BarrelLauncher/<LaunchPump>c__Iterator33,System.Collections.IEnumerator.get_Current,0x06000905,0x0014c4d0,52,
4,PENDIENTE,"Power-ups, efectos y obstáculos",Assembly-CSharp,BarrelSpawner,.ctor,0x060004b6,0x00106fb0,76,
4,PENDIENTE,"Power-ups, efectos y obstáculos",Assembly-CSharp,BarrelSpawner,OnDrawGizmos,0x060004bb,0x00107424,276,
4,PENDIENTE,"Power-ups, efectos y obstáculos",Assembly-CSharp,BarrelSpawner,SpawnBarrel,0x060004b8,0x00107044,764,
4,PENDIENTE,"Power-ups, efectos y obstáculos",Assembly-CSharp,BarrelSpawner,SpawnCheck,0x060004b7,0x00106ffc,72,
4,PENDIENTE,"Power-ups, efectos y obstáculos",Assembly-CSharp,BarrelSpawner,Start,0x060004b9,0x00107340,96,
4,PENDIENTE,"Power-ups, efectos y obstáculos",Assembly-CSharp,BarrelSpawner,Update,0x060004ba,0x001073a0,132,
4,PENDIENTE,"Power-ups, efectos y obstáculos",Assembly-CSharp,BarrelSpawner/<SpawnCheck>c__Iterator34,.ctor,0x06000909,0x0014c6c4,44,
4,PENDIENTE,"Power-ups, efectos y obstáculos",Assembly-CSharp,BarrelSpawner/<SpawnCheck>c__Iterator34,Dispose,0x0600090d,0x0014c888,56,
4,PENDIENTE,"Power-ups, efectos y obstáculos",Assembly-CSharp,BarrelSpawner/<SpawnCheck>c__Iterator34,MoveNext,0x0600090c,0x0014c758,304,
4,PENDIENTE,"Power-ups, efectos y obstáculos",Assembly-CSharp,BarrelSpawner/<SpawnCheck>c__Iterator34,Reset,0x0600090e,0x0014c8c0,64,
4,PENDIENTE,"Power-ups, efectos y obstáculos",Assembly-CSharp,BarrelSpawner/<SpawnCheck>c__Iterator34,System.Collections.Generic.IEnumerator<object>.get_Current,0x0600090a,0x0014c6f0,52,
4,PENDIENTE,"Power-ups, efectos y obstáculos",Assembly-CSharp,BarrelSpawner/<SpawnCheck>c__Iterator34,System.Collections.IEnumerator.get_Current,0x0600090b,0x0014c724,52,
4,RECUPERADO-AOT,"Power-ups, efectos y obstáculos",Assembly-CSharp,BaseEffect,.cctor,0x06000346,0x000f0634,36,se ejecuta ya en Etapa 3
4,PENDIENTE,"Power-ups, efectos y obstáculos",Assembly-CSharp,BaseEffect,.ctor,0x06000345,0x000f05fc,56,
4,PENDIENTE,"Power-ups, efectos y obstáculos",Assembly-CSharp,BaseEffect,DebugDump,0x0600035b,0x000f1138,444,
4,PENDIENTE,"Power-ups, efectos y obstáculos",Assembly-CSharp,BaseEffect,FixedUpdate,0x06000357,0x000f0d04,44,
4,PENDIENTE,"Power-ups, efectos y obstáculos",Assembly-CSharp,BaseEffect,GetComboEffectType,0x0600035a,0x000f0f80,440,
4,PENDIENTE,"Power-ups, efectos y obstáculos",Assembly-CSharp,BaseEffect,GetEffectInstance,0x06000351,0x000f0960,932,se ejecuta ya en Etapa 3
4,PENDIENTE,"Power-ups, efectos y obstáculos",Assembly-CSharp,BaseEffect,InitComboLookup,0x06000358,0x000f0d30,188,se ejecuta ya en Etapa 1
4,PENDIENTE,"Power-ups, efectos y obstáculos",Assembly-CSharp,BaseEffect,SetUpComboLookup,0x06000359,0x000f0dec,404,
4,PENDIENTE,"Power-ups, efectos y obstáculos",Assembly-CSharp,BaseEffect,get_ComboLookup,0x06000347,0x000f0658,56,
4,PENDIENTE,"Power-ups, efectos y obstáculos",Assembly-CSharp,BaseEffect,get_EffectType,0x06000349,0x000f06d4,52,
4,RECUPERADO-AOT,"Power-ups, efectos y obstáculos",Assembly-CSharp,BaseEffect,get_IsMultiLevel,0x0600034b,0x000f0744,52,
4,PENDIENTE,"Power-ups, efectos y obstáculos",Assembly-CSharp,BaseEffect,get_PowerLevel,0x0600034d,0x000f07b4,52,
4,PENDIENTE,"Power-ups, efectos y obstáculos",Assembly-CSharp,BaseEffect,isBeneficial,0x0600034f,0x000f0824,56,se ejecuta ya en Etapa 3
4,PENDIENTE,"Power-ups, efectos y obstáculos",Assembly-CSharp,BaseEffect,isBeneficial,0x06000350,0x000f085c,260,se ejecuta ya en Etapa 3
4,PENDIENTE,"Power-ups, efectos y obstáculos",Assembly-CSharp,BaseEffect,set_ComboLookup,0x06000348,0x000f0690,68,
4,PENDIENTE,"Power-ups, efectos y obstáculos",Assembly-CSharp,BaseEffect,set_EffectType,0x0600034a,0x000f0708,60,
4,RECUPERADO-AOT,"Power-ups, efectos y obstáculos",Assembly-CSharp,BaseEffect,set_IsMultiLevel,0x0600034c,0x000f0778,60,
4,PENDIENTE,"Power-ups, efectos y obstáculos",Assembly-CSharp,BaseEffect,set_PowerLevel,0x0600034e,0x000f07e8,60,
4,PENDIENTE,"Power-ups, efectos y obstáculos",Assembly-CSharp,BasePickup,.ctor,0x06000441,0x00100088,52,
4,PENDIENTE,"Power-ups, efectos y obstáculos",Assembly-CSharp,BasePickup,OnTriggerEnter,0x06000442,0x001000bc,892,
4,PENDIENTE,"Power-ups, efectos y obstáculos",Assembly-CSharp,BasePickup,Start,0x06000444,0x00100438,80,
4,PENDIENTE,"Power-ups, efectos y obstáculos",Assembly-CSharp,BasePickup,Update,0x06000445,0x00100488,328,
4,PENDIENTE,"Power-ups, efectos y obstáculos",Assembly-CSharp,BasketBall,.ctor,0x060004bc,0x00107538,112,
4,PENDIENTE,"Power-ups, efectos y obstáculos",Assembly-CSharp,BasketBall,OnTriggerEnter,0x060004bf,0x00107a10,732,
4,PENDIENTE,"Power-ups, efectos y obstáculos",Assembly-CSharp,BasketBall,PlayBounceSound,0x060004be,0x0010799c,116,
4,PENDIENTE,"Power-ups, efectos y obstáculos",Assembly-CSharp,BasketBall,Update,0x060004bd,0x001075a8,1012,
4,PENDIENTE,"Power-ups, efectos y obstáculos",Assembly-CSharp,BoatAnchorEffect,.ctor,0x0600035c,0x000f12f4,72,
4,PENDIENTE,"Power-ups, efectos y obstáculos",Assembly-CSharp,BoatAnchorEffect,GetEffectSnapShot,0x06000361,0x000f1634,48,
4,PENDIENTE,"Power-ups, efectos y obstáculos",Assembly-CSharp,BoatAnchorEffect,Init,0x0600035d,0x000f133c,620,
4,PENDIENTE,"Power-ups, efectos y obstáculos",Assembly-CSharp,BoatAnchorEffect,LaunchAnchor,0x06000362,0x000f1664,636,
4,PENDIENTE,"Power-ups, efectos y obstáculos",Assembly-CSharp,BoatAnchorEffect,Shutdown,0x0600035f,0x000f15d4,44,
4,PENDIENTE,"Power-ups, efectos y obstáculos",Assembly-CSharp,BoatAnchorEffect,Stack,0x06000360,0x000f1600,52,
4,PENDIENTE,"Power-ups, efectos y obstáculos",Assembly-CSharp,BoatAnchorEffect,Update,0x0600035e,0x000f15a8,44,
4,PENDIENTE,"Power-ups, efectos y obstáculos",Assembly-CSharp,BoosterEffect,.ctor,0x06000363,0x000f18e0,112,se ejecuta ya en Etapa 3
4,PENDIENTE,"Power-ups, efectos y obstáculos",Assembly-CSharp,BoosterEffect,GetEffectSnapShot,0x06000368,0x000f24d8,48,
4,PENDIENTE,"Power-ups, efectos y obstáculos",Assembly-CSharp,BoosterEffect,Init,0x06000364,0x000f1950,2088,
4,PENDIENTE,"Power-ups, efectos y obstáculos",Assembly-CSharp,BoosterEffect,Shutdown,0x06000366,0x000f21a4,768,
4,PENDIENTE,"Power-ups, efectos y obstáculos",Assembly-CSharp,BoosterEffect,Stack,0x06000367,0x000f24a4,52,
4,PENDIENTE,"Power-ups, efectos y obstáculos",Assembly-CSharp,BoosterEffect,Update,0x06000365,0x000f2178,44,
4,PENDIENTE,"Power-ups, efectos y obstáculos",Assembly-CSharp,BoosterPickup,.ctor,0x06000446,0x001005d0,52,
4,PENDIENTE,"Power-ups, efectos y obstáculos",Assembly-CSharp,BoosterPickup,GetTriggeredEffect,0x06000447,0x00100604,132,
4,PENDIENTE,"Power-ups, efectos y obstáculos",Assembly-CSharp,BreakableObject,.ctor,0x060004c4,0x00107e14,76,
4,PENDIENTE,"Power-ups, efectos y obstáculos",Assembly-CSharp,BreakableObject,CollideBreak,0x060004c5,0x00107e60,116,
4,PENDIENTE,"Power-ups, efectos y obstáculos",Assembly-CSharp,BreakableObject,Start,0x060004c6,0x00107ed4,44,
4,PENDIENTE,"Power-ups, efectos y obstáculos",Assembly-CSharp,BreakableObject,Update,0x060004c7,0x00107f00,44,
4,PENDIENTE,"Power-ups, efectos y obstáculos",Assembly-CSharp,BubbleJet,.ctor,0x060004c8,0x00107f2c,76,
4,PENDIENTE,"Power-ups, efectos y obstáculos",Assembly-CSharp,BubbleJet,OnDrawGizmos,0x060004cb,0x001080bc,280,
4,PENDIENTE,"Power-ups, efectos y obstáculos",Assembly-CSharp,BubbleJet,OnTriggerStay,0x060004ca,0x00107fd4,232,
4,PENDIENTE,"Power-ups, efectos y obstáculos",Assembly-CSharp,BubbleJet,Start,0x060004c9,0x00107f78,92,
4,PENDIENTE,"Power-ups, efectos y obstáculos",Assembly-CSharp,Crab,.ctor,0x060004d7,0x0010a420,220,
4,PENDIENTE,"Power-ups, efectos y obstáculos",Assembly-CSharp,Crab,FixedUpdate,0x060004db,0x0010a7f0,1136,
4,PENDIENTE,"Power-ups, efectos y obstáculos",Assembly-CSharp,Crab,OnDrawGizmos,0x060004dd,0x0010ada4,140,
4,PENDIENTE,"Power-ups, efectos y obstáculos",Assembly-CSharp,Crab,OnTriggerEnter,0x060004dc,0x0010ac60,324,
4,PENDIENTE,"Power-ups, efectos y obstáculos",Assembly-CSharp,Crab,SleepRoutine,0x060004d8,0x0010a4fc,108,
4,PENDIENTE,"Power-ups, efectos y obstáculos",Assembly-CSharp,Crab,Start,0x060004d9,0x0010a568,104,
4,PENDIENTE,"Power-ups, efectos y obstáculos",Assembly-CSharp,Crab,Update,0x060004da,0x0010a5d0,544,
4,PENDIENTE,"Power-ups, efectos y obstáculos",Assembly-CSharp,Crab/<SleepRoutine>c__Iterator36,.ctor,0x06000915,0x0014cc24,44,
4,PENDIENTE,"Power-ups, efectos y obstáculos",Assembly-CSharp,Crab/<SleepRoutine>c__Iterator36,Dispose,0x06000919,0x0014cdb0,56,
4,PENDIENTE,"Power-ups, efectos y obstáculos",Assembly-CSharp,Crab/<SleepRoutine>c__Iterator36,MoveNext,0x06000918,0x0014ccb8,248,
4,PENDIENTE,"Power-ups, efectos y obstáculos",Assembly-CSharp,Crab/<SleepRoutine>c__Iterator36,Reset,0x0600091a,0x0014cde8,64,
4,PENDIENTE,"Power-ups, efectos y obstáculos",Assembly-CSharp,Crab/<SleepRoutine>c__Iterator36,System.Collections.Generic.IEnumerator<object>.get_Current,0x06000916,0x0014cc50,52,
4,PENDIENTE,"Power-ups, efectos y obstáculos",Assembly-CSharp,Crab/<SleepRoutine>c__Iterator36,System.Collections.IEnumerator.get_Current,0x06000917,0x0014cc84,52,
4,PENDIENTE,"Power-ups, efectos y obstáculos",Assembly-CSharp,EffectManager,.ctor,0x06000369,0x000f2508,104,
4,PENDIENTE,"Power-ups, efectos y obstáculos",Assembly-CSharp,EffectManager,AddEffect,0x0600036d,0x000f29b8,640,se ejecuta ya en Etapa 3
4,PENDIENTE,"Power-ups, efectos y obstáculos",Assembly-CSharp,EffectManager,FixedUpdate,0x0600036c,0x000f2868,336,
4,PENDIENTE,"Power-ups, efectos y obstáculos",Assembly-CSharp,EffectManager,GetEffect,0x06000375,0x000f3588,112,se ejecuta ya en Etapa 3
4,PENDIENTE,"Power-ups, efectos y obstáculos",Assembly-CSharp,EffectManager,GetEffectCount,0x06000371,0x000f2ff0,340,se ejecuta ya en Etapa 3
4,PENDIENTE,"Power-ups, efectos y obstáculos",Assembly-CSharp,EffectManager,GetEffectListCopy,0x06000376,0x000f35f8,252,
4,PENDIENTE,"Power-ups, efectos y obstáculos",Assembly-CSharp,EffectManager,GetHighestPoweredEffect,0x06000372,0x000f3144,352,
4,PENDIENTE,"Power-ups, efectos y obstáculos",Assembly-CSharp,EffectManager,GetStrongestEffect,0x06000373,0x000f32a4,364,
4,PENDIENTE,"Power-ups, efectos y obstáculos",Assembly-CSharp,EffectManager,HasEffect,0x06000370,0x000f2e8c,356,se ejecuta ya en Etapa 3
4,PENDIENTE,"Power-ups, efectos y obstáculos",Assembly-CSharp,EffectManager,HasEffectOfLevel,0x06000374,0x000f3410,376,
4,PENDIENTE,"Power-ups, efectos y obstáculos",Assembly-CSharp,EffectManager,RemoveAllEffects,0x0600036f,0x000f2ccc,448,se ejecuta ya en Etapa 3
4,PENDIENTE,"Power-ups, efectos y obstáculos",Assembly-CSharp,EffectManager,RemoveEffect,0x0600036e,0x000f2c38,148,se ejecuta ya en Etapa 3
4,PENDIENTE,"Power-ups, efectos y obstáculos",Assembly-CSharp,EffectManager,SetEffectList,0x06000377,0x000f36f4,72,
4,PENDIENTE,"Power-ups, efectos y obstáculos",Assembly-CSharp,EffectManager,Start,0x0600036b,0x000f283c,44,
4,PENDIENTE,"Power-ups, efectos y obstáculos",Assembly-CSharp,EffectManager,Update,0x0600036a,0x000f2570,716,
4,PENDIENTE,"Power-ups, efectos y obstáculos",Assembly-CSharp,ExplodingBarrel,.ctor,0x060004de,0x0010ae30,112,
4,PENDIENTE,"Power-ups, efectos y obstáculos",Assembly-CSharp,ExplodingBarrel,Explode,0x060004e1,0x0010b018,72,
4,PENDIENTE,"Power-ups, efectos y obstáculos",Assembly-CSharp,ExplodingBarrel,LifeCountdown,0x060004df,0x0010aea0,72,
4,PENDIENTE,"Power-ups, efectos y obstáculos",Assembly-CSharp,ExplodingBarrel,OnCollisionEnter,0x060004e3,0x0010b0bc,64,
4,PENDIENTE,"Power-ups, efectos y obstáculos",Assembly-CSharp,ExplodingBarrel,OnTriggerEnter,0x060004e4,0x0010b0fc,468,
4,PENDIENTE,"Power-ups, efectos y obstáculos",Assembly-CSharp,ExplodingBarrel,Start,0x060004e2,0x0010b060,92,
4,PENDIENTE,"Power-ups, efectos y obstáculos",Assembly-CSharp,ExplodingBarrel,Update,0x060004e0,0x0010aee8,304,
4,PENDIENTE,"Power-ups, efectos y obstáculos",Assembly-CSharp,ExplodingBarrel/<Explode>c__Iterator38,.ctor,0x06000921,0x0014d038,44,
4,PENDIENTE,"Power-ups, efectos y obstáculos",Assembly-CSharp,ExplodingBarrel/<Explode>c__Iterator38,Dispose,0x06000925,0x0014d2e4,56,
4,PENDIENTE,"Power-ups, efectos y obstáculos",Assembly-CSharp,ExplodingBarrel/<Explode>c__Iterator38,MoveNext,0x06000924,0x0014d0cc,536,
4,PENDIENTE,"Power-ups, efectos y obstáculos",Assembly-CSharp,ExplodingBarrel/<Explode>c__Iterator38,Reset,0x06000926,0x0014d31c,64,
4,PENDIENTE,"Power-ups, efectos y obstáculos",Assembly-CSharp,ExplodingBarrel/<Explode>c__Iterator38,System.Collections.Generic.IEnumerator<object>.get_Current,0x06000922,0x0014d064,52,
4,PENDIENTE,"Power-ups, efectos y obstáculos",Assembly-CSharp,ExplodingBarrel/<Explode>c__Iterator38,System.Collections.IEnumerator.get_Current,0x06000923,0x0014d098,52,
4,PENDIENTE,"Power-ups, efectos y obstáculos",Assembly-CSharp,ExplodingBarrel/<LifeCountdown>c__Iterator37,.ctor,0x0600091b,0x0014ce28,44,
4,PENDIENTE,"Power-ups, efectos y obstáculos",Assembly-CSharp,ExplodingBarrel/<LifeCountdown>c__Iterator37,Dispose,0x0600091f,0x0014cfc0,56,
4,PENDIENTE,"Power-ups, efectos y obstáculos",Assembly-CSharp,ExplodingBarrel/<LifeCountdown>c__Iterator37,MoveNext,0x0600091e,0x0014cebc,260,
4,PENDIENTE,"Power-ups, efectos y obstáculos",Assembly-CSharp,ExplodingBarrel/<LifeCountdown>c__Iterator37,Reset,0x06000920,0x0014cff8,64,
4,PENDIENTE,"Power-ups, efectos y obstáculos",Assembly-CSharp,ExplodingBarrel/<LifeCountdown>c__Iterator37,System.Collections.Generic.IEnumerator<object>.get_Current,0x0600091c,0x0014ce54,52,
4,PENDIENTE,"Power-ups, efectos y obstáculos",Assembly-CSharp,ExplodingBarrel/<LifeCountdown>c__Iterator37,System.Collections.IEnumerator.get_Current,0x0600091d,0x0014ce88,52,
4,PENDIENTE,"Power-ups, efectos y obstáculos",Assembly-CSharp,Explosion,.ctor,0x060002f2,0x000ed08c,52,
4,PENDIENTE,"Power-ups, efectos y obstáculos",Assembly-CSharp,Explosion,ExplosionDeath,0x060002f5,0x000ed198,72,
4,PENDIENTE,"Power-ups, efectos y obstáculos",Assembly-CSharp,Explosion,Start,0x060002f3,0x000ed0c0,172,
4,PENDIENTE,"Power-ups, efectos y obstáculos",Assembly-CSharp,Explosion,Update,0x060002f4,0x000ed16c,44,
4,PENDIENTE,"Power-ups, efectos y obstáculos",Assembly-CSharp,Explosion/<ExplosionDeath>c__Iterator24,.ctor,0x060008a5,0x001482dc,44,
4,PENDIENTE,"Power-ups, efectos y obstáculos",Assembly-CSharp,Explosion/<ExplosionDeath>c__Iterator24,Dispose,0x060008a9,0x00148440,56,
4,PENDIENTE,"Power-ups, efectos y obstáculos",Assembly-CSharp,Explosion/<ExplosionDeath>c__Iterator24,MoveNext,0x060008a8,0x00148370,208,
4,PENDIENTE,"Power-ups, efectos y obstáculos",Assembly-CSharp,Explosion/<ExplosionDeath>c__Iterator24,Reset,0x060008aa,0x00148478,64,
4,PENDIENTE,"Power-ups, efectos y obstáculos",Assembly-CSharp,Explosion/<ExplosionDeath>c__Iterator24,System.Collections.Generic.IEnumerator<object>.get_Current,0x060008a6,0x00148308,52,
4,PENDIENTE,"Power-ups, efectos y obstáculos",Assembly-CSharp,Explosion/<ExplosionDeath>c__Iterator24,System.Collections.IEnumerator.get_Current,0x060008a7,0x0014833c,52,
4,PENDIENTE,"Power-ups, efectos y obstáculos",Assembly-CSharp,FlipEffect,.ctor,0x06000378,0x000f373c,176,
4,PENDIENTE,"Power-ups, efectos y obstáculos",Assembly-CSharp,FlipEffect,GetEffectSnapShot,0x0600037d,0x000f40b8,48,
4,PENDIENTE,"Power-ups, efectos y obstáculos",Assembly-CSharp,FlipEffect,Init,0x06000379,0x000f37ec,1220,
4,PENDIENTE,"Power-ups, efectos y obstáculos",Assembly-CSharp,FlipEffect,Shutdown,0x0600037b,0x000f3eb4,464,
4,PENDIENTE,"Power-ups, efectos y obstáculos",Assembly-CSharp,FlipEffect,Stack,0x0600037c,0x000f4084,52,
4,PENDIENTE,"Power-ups, efectos y obstáculos",Assembly-CSharp,FlipEffect,Update,0x0600037a,0x000f3cb0,516,
4,PENDIENTE,"Power-ups, efectos y obstáculos",Assembly-CSharp,GuidedJumpEffect,.ctor,0x0600037e,0x000f40e8,692,
4,PENDIENTE,"Power-ups, efectos y obstáculos",Assembly-CSharp,GuidedJumpEffect,FixedUpdate,0x06000381,0x000f46ec,616,
4,PENDIENTE,"Power-ups, efectos y obstáculos",Assembly-CSharp,GuidedJumpEffect,GetEffectSnapShot,0x06000384,0x000f4a54,144,
4,PENDIENTE,"Power-ups, efectos y obstáculos",Assembly-CSharp,GuidedJumpEffect,Init,0x0600037f,0x000f439c,560,
4,PENDIENTE,"Power-ups, efectos y obstáculos",Assembly-CSharp,GuidedJumpEffect,Shutdown,0x06000382,0x000f4954,204,
4,PENDIENTE,"Power-ups, efectos y obstáculos",Assembly-CSharp,GuidedJumpEffect,Stack,0x06000383,0x000f4a20,52,
4,PENDIENTE,"Power-ups, efectos y obstáculos",Assembly-CSharp,GuidedJumpEffect,Update,0x06000380,0x000f45cc,288,
4,PENDIENTE,"Power-ups, efectos y obstáculos",Assembly-CSharp,GuidedJumpTrigger,.ctor,0x060004e5,0x0010b2d0,52,
4,PENDIENTE,"Power-ups, efectos y obstáculos",Assembly-CSharp,GuidedJumpTrigger,OnDrawGizmos,0x060004e7,0x0010b470,780,
4,PENDIENTE,"Power-ups, efectos y obstáculos",Assembly-CSharp,GuidedJumpTrigger,OnTriggerEnter,0x060004e6,0x0010b304,364,
4,PENDIENTE,"Power-ups, efectos y obstáculos",Assembly-CSharp,InRaceAquirePickupListener,.ctor,0x06000109,0x000d20d8,60,
4,PENDIENTE,"Power-ups, efectos y obstáculos",Assembly-CSharp,InRaceAquirePickupListener,CheckMetrics,0x0600010e,0x000d2228,368,
4,PENDIENTE,"Power-ups, efectos y obstáculos",Assembly-CSharp,InRaceAquirePickupListener,CheckMetricsPump,0x0600010d,0x000d21e0,72,
4,PENDIENTE,"Power-ups, efectos y obstáculos",Assembly-CSharp,InRaceAquirePickupListener,IsAvailable,0x0600010c,0x000d2198,72,
4,PENDIENTE,"Power-ups, efectos y obstáculos",Assembly-CSharp,InRaceAquirePickupListener,Postrace,0x06000110,0x000d23c4,84,
4,PENDIENTE,"Power-ups, efectos y obstáculos",Assembly-CSharp,InRaceAquirePickupListener,Prerace,0x0600010f,0x000d2398,44,
4,PENDIENTE,"Power-ups, efectos y obstáculos",Assembly-CSharp,InRaceAquirePickupListener,Reward,0x06000111,0x000d2418,64,
4,PENDIENTE,"Power-ups, efectos y obstáculos",Assembly-CSharp,InRaceAquirePickupListener,Start,0x0600010a,0x000d2114,88,
4,PENDIENTE,"Power-ups, efectos y obstáculos",Assembly-CSharp,InRaceAquirePickupListener,Update,0x0600010b,0x000d216c,44,
4,PENDIENTE,"Power-ups, efectos y obstáculos",Assembly-CSharp,InRaceAquirePickupListener/<CheckMetricsPump>c__IteratorC,.ctor,0x06000815,0x00142e58,44,
4,PENDIENTE,"Power-ups, efectos y obstáculos",Assembly-CSharp,InRaceAquirePickupListener/<CheckMetricsPump>c__IteratorC,Dispose,0x06000819,0x00142fcc,56,
4,PENDIENTE,"Power-ups, efectos y obstáculos",Assembly-CSharp,InRaceAquirePickupListener/<CheckMetricsPump>c__IteratorC,MoveNext,0x06000818,0x00142eec,224,
4,PENDIENTE,"Power-ups, efectos y obstáculos",Assembly-CSharp,InRaceAquirePickupListener/<CheckMetricsPump>c__IteratorC,Reset,0x0600081a,0x00143004,64,
4,PENDIENTE,"Power-ups, efectos y obstáculos",Assembly-CSharp,InRaceAquirePickupListener/<CheckMetricsPump>c__IteratorC,System.Collections.Generic.IEnumerator<object>.get_Current,0x06000816,0x00142e84,52,
4,PENDIENTE,"Power-ups, efectos y obstáculos",Assembly-CSharp,InRaceAquirePickupListener/<CheckMetricsPump>c__IteratorC,System.Collections.IEnumerator.get_Current,0x06000817,0x00142eb8,52,
4,PENDIENTE,"Power-ups, efectos y obstáculos",Assembly-CSharp,LaserLogic,.ctor,0x06000065,0x000c970c,112,
4,PENDIENTE,"Power-ups, efectos y obstáculos",Assembly-CSharp,LaserLogic,ApplyError,0x06000069,0x000c9ab4,216,
4,PENDIENTE,"Power-ups, efectos y obstáculos",Assembly-CSharp,LaserLogic,SetParent,0x06000067,0x000c9a3c,60,
4,PENDIENTE,"Power-ups, efectos y obstáculos",Assembly-CSharp,LaserLogic,SetTarget,0x06000068,0x000c9a78,60,
4,PENDIENTE,"Power-ups, efectos y obstáculos",Assembly-CSharp,LaserLogic,Update,0x06000066,0x000c977c,704,
4,PENDIENTE,"Power-ups, efectos y obstáculos",Assembly-CSharp,MineAI,.ctor,0x0600006a,0x000c9b8c,160,
4,PENDIENTE,"Power-ups, efectos y obstáculos",Assembly-CSharp,MineAI,ArmMine,0x0600006e,0x000ca388,72,
4,PENDIENTE,"Power-ups, efectos y obstáculos",Assembly-CSharp,MineAI,KillAI,0x0600006d,0x000ca330,88,
4,PENDIENTE,"Power-ups, efectos y obstáculos",Assembly-CSharp,MineAI,OnTriggerEnter,0x0600006c,0x000c9c60,1744,
4,PENDIENTE,"Power-ups, efectos y obstáculos",Assembly-CSharp,MineAI,SetOwner,0x06000071,0x000ca9f8,60,
4,PENDIENTE,"Power-ups, efectos y obstáculos",Assembly-CSharp,MineAI,Start,0x0600006f,0x000ca3d0,80,
4,PENDIENTE,"Power-ups, efectos y obstáculos",Assembly-CSharp,MineAI,Update,0x06000070,0x000ca420,1496,
4,PENDIENTE,"Power-ups, efectos y obstáculos",Assembly-CSharp,MineAI,get_IsArmed,0x0600006b,0x000c9c2c,52,
4,PENDIENTE,"Power-ups, efectos y obstáculos",Assembly-CSharp,MineAI/<ArmMine>c__Iterator3,.ctor,0x060007df,0x0014175c,44,
4,PENDIENTE,"Power-ups, efectos y obstáculos",Assembly-CSharp,MineAI/<ArmMine>c__Iterator3,Dispose,0x060007e3,0x001418f8,56,
4,PENDIENTE,"Power-ups, efectos y obstáculos",Assembly-CSharp,MineAI/<ArmMine>c__Iterator3,MoveNext,0x060007e2,0x001417f0,264,
4,PENDIENTE,"Power-ups, efectos y obstáculos",Assembly-CSharp,MineAI/<ArmMine>c__Iterator3,Reset,0x060007e4,0x00141930,64,
4,PENDIENTE,"Power-ups, efectos y obstáculos",Assembly-CSharp,MineAI/<ArmMine>c__Iterator3,System.Collections.Generic.IEnumerator<object>.get_Current,0x060007e0,0x00141788,52,
4,PENDIENTE,"Power-ups, efectos y obstáculos",Assembly-CSharp,MineAI/<ArmMine>c__Iterator3,System.Collections.IEnumerator.get_Current,0x060007e1,0x001417bc,52,
4,PENDIENTE,"Power-ups, efectos y obstáculos",Assembly-CSharp,MineEffect,.ctor,0x06000385,0x000f4ae4,112,
4,PENDIENTE,"Power-ups, efectos y obstáculos",Assembly-CSharp,MineEffect,GetEffectSnapShot,0x0600038a,0x000f4e30,48,
4,PENDIENTE,"Power-ups, efectos y obstáculos",Assembly-CSharp,MineEffect,Init,0x06000386,0x000f4b54,148,
4,PENDIENTE,"Power-ups, efectos y obstáculos",Assembly-CSharp,MineEffect,Shutdown,0x06000387,0x000f4be8,44,
4,PENDIENTE,"Power-ups, efectos y obstáculos",Assembly-CSharp,MineEffect,Stack,0x06000388,0x000f4c14,112,
4,PENDIENTE,"Power-ups, efectos y obstáculos",Assembly-CSharp,MineEffect,Update,0x06000389,0x000f4c84,428,
4,PENDIENTE,"Power-ups, efectos y obstáculos",Assembly-CSharp,MineNotifyPublisher,.ctor,0x06000777,0x0013c95c,52,
4,PENDIENTE,"Power-ups, efectos y obstáculos",Assembly-CSharp,MineNotifyPublisher,FadeIn,0x06000779,0x0013c9d8,72,
4,PENDIENTE,"Power-ups, efectos y obstáculos",Assembly-CSharp,MineNotifyPublisher,FadeOut,0x0600077a,0x0013ca20,72,
4,PENDIENTE,"Power-ups, efectos y obstáculos",Assembly-CSharp,MineNotifyPublisher,Lifetime,0x06000778,0x0013c990,72,
4,PENDIENTE,"Power-ups, efectos y obstáculos",Assembly-CSharp,MineNotifyPublisher,SetDisplayName,0x0600077c,0x0013cab8,100,
4,PENDIENTE,"Power-ups, efectos y obstáculos",Assembly-CSharp,MineNotifyPublisher,Start,0x0600077b,0x0013ca68,80,
4,PENDIENTE,"Power-ups, efectos y obstáculos",Assembly-CSharp,MineNotifyPublisher/<FadeIn>c__Iterator84,.ctor,0x06000af1,0x00162f48,44,
4,PENDIENTE,"Power-ups, efectos y obstáculos",Assembly-CSharp,MineNotifyPublisher/<FadeIn>c__Iterator84,Dispose,0x06000af5,0x001633a8,56,
4,PENDIENTE,"Power-ups, efectos y obstáculos",Assembly-CSharp,MineNotifyPublisher/<FadeIn>c__Iterator84,MoveNext,0x06000af4,0x00162fdc,972,
4,PENDIENTE,"Power-ups, efectos y obstáculos",Assembly-CSharp,MineNotifyPublisher/<FadeIn>c__Iterator84,Reset,0x06000af6,0x001633e0,64,
4,PENDIENTE,"Power-ups, efectos y obstáculos",Assembly-CSharp,MineNotifyPublisher/<FadeIn>c__Iterator84,System.Collections.Generic.IEnumerator<object>.get_Current,0x06000af2,0x00162f74,52,
4,PENDIENTE,"Power-ups, efectos y obstáculos",Assembly-CSharp,MineNotifyPublisher/<FadeIn>c__Iterator84,System.Collections.IEnumerator.get_Current,0x06000af3,0x00162fa8,52,
4,PENDIENTE,"Power-ups, efectos y obstáculos",Assembly-CSharp,MineNotifyPublisher/<FadeOut>c__Iterator85,.ctor,0x06000af7,0x00163420,44,
4,PENDIENTE,"Power-ups, efectos y obstáculos",Assembly-CSharp,MineNotifyPublisher/<FadeOut>c__Iterator85,Dispose,0x06000afb,0x00163768,56,
4,PENDIENTE,"Power-ups, efectos y obstáculos",Assembly-CSharp,MineNotifyPublisher/<FadeOut>c__Iterator85,MoveNext,0x06000afa,0x001634b4,692,
4,PENDIENTE,"Power-ups, efectos y obstáculos",Assembly-CSharp,MineNotifyPublisher/<FadeOut>c__Iterator85,Reset,0x06000afc,0x001637a0,64,
4,PENDIENTE,"Power-ups, efectos y obstáculos",Assembly-CSharp,MineNotifyPublisher/<FadeOut>c__Iterator85,System.Collections.Generic.IEnumerator<object>.get_Current,0x06000af8,0x0016344c,52,
4,PENDIENTE,"Power-ups, efectos y obstáculos",Assembly-CSharp,MineNotifyPublisher/<FadeOut>c__Iterator85,System.Collections.IEnumerator.get_Current,0x06000af9,0x00163480,52,
4,PENDIENTE,"Power-ups, efectos y obstáculos",Assembly-CSharp,MineNotifyPublisher/<Lifetime>c__Iterator83,.ctor,0x06000aeb,0x00162c70,44,
4,PENDIENTE,"Power-ups, efectos y obstáculos",Assembly-CSharp,MineNotifyPublisher/<Lifetime>c__Iterator83,Dispose,0x06000aef,0x00162ed0,56,
4,PENDIENTE,"Power-ups, efectos y obstáculos",Assembly-CSharp,MineNotifyPublisher/<Lifetime>c__Iterator83,MoveNext,0x06000aee,0x00162d04,460,
4,PENDIENTE,"Power-ups, efectos y obstáculos",Assembly-CSharp,MineNotifyPublisher/<Lifetime>c__Iterator83,Reset,0x06000af0,0x00162f08,64,
4,PENDIENTE,"Power-ups, efectos y obstáculos",Assembly-CSharp,MineNotifyPublisher/<Lifetime>c__Iterator83,System.Collections.Generic.IEnumerator<object>.get_Current,0x06000aec,0x00162c9c,52,
4,PENDIENTE,"Power-ups, efectos y obstáculos",Assembly-CSharp,MineNotifyPublisher/<Lifetime>c__Iterator83,System.Collections.IEnumerator.get_Current,0x06000aed,0x00162cd0,52,
4,PENDIENTE,"Power-ups, efectos y obstáculos",Assembly-CSharp,MinePickup,.ctor,0x06000448,0x00100688,52,
4,PENDIENTE,"Power-ups, efectos y obstáculos",Assembly-CSharp,MinePickup,GetTriggeredEffect,0x06000449,0x001006bc,132,
4,PENDIENTE,"Power-ups, efectos y obstáculos",Assembly-CSharp,MineSpreaderAI,.ctor,0x06000072,0x000caa34,168,
4,PENDIENTE,"Power-ups, efectos y obstáculos",Assembly-CSharp,MineSpreaderAI,Explode,0x06000076,0x000cb014,324,
4,PENDIENTE,"Power-ups, efectos y obstáculos",Assembly-CSharp,MineSpreaderAI,LaunchUpdate,0x06000075,0x000caf0c,264,
4,PENDIENTE,"Power-ups, efectos y obstáculos",Assembly-CSharp,MineSpreaderAI,SetOwner,0x06000077,0x000cb158,60,
4,PENDIENTE,"Power-ups, efectos y obstáculos",Assembly-CSharp,MineSpreaderAI,SpreadMines,0x06000078,0x000cb194,628,
4,PENDIENTE,"Power-ups, efectos y obstáculos",Assembly-CSharp,MineSpreaderAI,Start,0x06000073,0x000caadc,924,
4,PENDIENTE,"Power-ups, efectos y obstáculos",Assembly-CSharp,MineSpreaderAI,Update,0x06000074,0x000cae78,148,
4,RECUPERADO-AOT,"Power-ups, efectos y obstáculos",Assembly-CSharp,ParticleLibrary,.cctor,0x0600038c,0x000f4e94,36,
4,RECUPERADO-AOT,"Power-ups, efectos y obstáculos",Assembly-CSharp,ParticleLibrary,.ctor,0x0600038b,0x000f4e60,52,
4,RECUPERADO-AOT,"Power-ups, efectos y obstáculos",Assembly-CSharp,ParticleLibrary,Awake,0x0600038f,0x000f5134,56,
4,RECUPERADO-AOT,"Power-ups, efectos y obstáculos",Assembly-CSharp,ParticleLibrary,GetPrefab,0x0600038e,0x000f4fb0,388,se ejecuta ya en Etapa 2
4,RECUPERADO-AOT,"Power-ups, efectos y obstáculos",Assembly-CSharp,ParticleLibrary,Start,0x06000390,0x000f516c,88,
4,RECUPERADO-AOT,"Power-ups, efectos y obstáculos",Assembly-CSharp,ParticleLibrary,Update,0x06000391,0x000f51c4,44,
4,RECUPERADO-AOT,"Power-ups, efectos y obstáculos",Assembly-CSharp,ParticleLibrary,get_Instance,0x0600038d,0x000f4eb8,248,se ejecuta ya en Etapa 2
4,RECUPERADO-AOT,"Power-ups, efectos y obstáculos",Assembly-CSharp,ParticleLibrary/ParticlePrefab,.ctor,0x06000392,0x000f51f0,44,
4,PENDIENTE,"Power-ups, efectos y obstáculos",Assembly-CSharp,ParticleReducer,.ctor,0x0600043e,0x000ffdec,52,
4,PENDIENTE,"Power-ups, efectos y obstáculos",Assembly-CSharp,ParticleReducer,Start,0x0600043f,0x000ffe20,572,
4,PENDIENTE,"Power-ups, efectos y obstáculos",Assembly-CSharp,ParticleReducer/<Start>c__AnonStorey93,.ctor,0x06000b39,0x00166758,44,
4,PENDIENTE,"Power-ups, efectos y obstáculos",Assembly-CSharp,ParticleReducer/<Start>c__AnonStorey93,<>m__E,0x06000b3a,0x00166784,76,
4,PENDIENTE,"Power-ups, efectos y obstáculos",Assembly-CSharp,ParticleReducer/PlatformProfile,.ctor,0x06000440,0x0010005c,44,
4,PENDIENTE,"Power-ups, efectos y obstáculos",Assembly-CSharp,PickupCoinsPerRaceAchievementListener,.ctor,0x06000146,0x000d3654,52,
4,PENDIENTE,"Power-ups, efectos y obstáculos",Assembly-CSharp,PickupCoinsPerRaceAchievementListener,CheckCarMetrics,0x0600014c,0x000d37c8,240,
4,PENDIENTE,"Power-ups, efectos y obstáculos",Assembly-CSharp,PickupCoinsPerRaceAchievementListener,CheckMetricsPump,0x0600014b,0x000d3780,72,
4,PENDIENTE,"Power-ups, efectos y obstáculos",Assembly-CSharp,PickupCoinsPerRaceAchievementListener,IsAvailable,0x06000149,0x000d370c,72,
4,PENDIENTE,"Power-ups, efectos y obstáculos",Assembly-CSharp,PickupCoinsPerRaceAchievementListener,Postrace,0x0600014d,0x000d38b8,84,
4,PENDIENTE,"Power-ups, efectos y obstáculos",Assembly-CSharp,PickupCoinsPerRaceAchievementListener,Prerace,0x0600014a,0x000d3754,44,
4,PENDIENTE,"Power-ups, efectos y obstáculos",Assembly-CSharp,PickupCoinsPerRaceAchievementListener,Reward,0x0600014e,0x000d390c,64,
4,PENDIENTE,"Power-ups, efectos y obstáculos",Assembly-CSharp,PickupCoinsPerRaceAchievementListener,Start,0x06000147,0x000d3688,88,
4,PENDIENTE,"Power-ups, efectos y obstáculos",Assembly-CSharp,PickupCoinsPerRaceAchievementListener,Update,0x06000148,0x000d36e0,44,
4,PENDIENTE,"Power-ups, efectos y obstáculos",Assembly-CSharp,PickupCoinsPerRaceAchievementListener/<CheckMetricsPump>c__Iterator12,.ctor,0x06000839,0x00143b6c,44,
4,PENDIENTE,"Power-ups, efectos y obstáculos",Assembly-CSharp,PickupCoinsPerRaceAchievementListener/<CheckMetricsPump>c__Iterator12,Dispose,0x0600083d,0x00143ce0,56,
4,PENDIENTE,"Power-ups, efectos y obstáculos",Assembly-CSharp,PickupCoinsPerRaceAchievementListener/<CheckMetricsPump>c__Iterator12,MoveNext,0x0600083c,0x00143c00,224,
4,PENDIENTE,"Power-ups, efectos y obstáculos",Assembly-CSharp,PickupCoinsPerRaceAchievementListener/<CheckMetricsPump>c__Iterator12,Reset,0x0600083e,0x00143d18,64,
4,PENDIENTE,"Power-ups, efectos y obstáculos",Assembly-CSharp,PickupCoinsPerRaceAchievementListener/<CheckMetricsPump>c__Iterator12,System.Collections.Generic.IEnumerator<object>.get_Current,0x0600083a,0x00143b98,52,
4,PENDIENTE,"Power-ups, efectos y obstáculos",Assembly-CSharp,PickupCoinsPerRaceAchievementListener/<CheckMetricsPump>c__Iterator12,System.Collections.IEnumerator.get_Current,0x0600083b,0x00143bcc,52,
4,PENDIENTE,"Power-ups, efectos y obstáculos",Assembly-CSharp,PickupSpawner,.ctor,0x0600044a,0x00100740,84,
4,PENDIENTE,"Power-ups, efectos y obstáculos",Assembly-CSharp,PickupSpawner,OnDrawGizmos,0x0600044f,0x00100c5c,276,
4,PENDIENTE,"Power-ups, efectos y obstáculos",Assembly-CSharp,PickupSpawner,SpawnCheck,0x0600044b,0x00100794,72,
4,PENDIENTE,"Power-ups, efectos y obstáculos",Assembly-CSharp,PickupSpawner,SpawnPickup,0x0600044c,0x001007dc,968,
4,PENDIENTE,"Power-ups, efectos y obstáculos",Assembly-CSharp,PickupSpawner,Start,0x0600044d,0x00100ba4,52,
4,PENDIENTE,"Power-ups, efectos y obstáculos",Assembly-CSharp,PickupSpawner,Update,0x0600044e,0x00100bd8,132,
4,PENDIENTE,"Power-ups, efectos y obstáculos",Assembly-CSharp,PickupSpawner/<SpawnCheck>c__Iterator30,.ctor,0x060008f1,0x0014baf8,44,
4,PENDIENTE,"Power-ups, efectos y obstáculos",Assembly-CSharp,PickupSpawner/<SpawnCheck>c__Iterator30,Dispose,0x060008f5,0x0014bcbc,56,
4,PENDIENTE,"Power-ups, efectos y obstáculos",Assembly-CSharp,PickupSpawner/<SpawnCheck>c__Iterator30,MoveNext,0x060008f4,0x0014bb8c,304,
4,PENDIENTE,"Power-ups, efectos y obstáculos",Assembly-CSharp,PickupSpawner/<SpawnCheck>c__Iterator30,Reset,0x060008f6,0x0014bcf4,64,
4,PENDIENTE,"Power-ups, efectos y obstáculos",Assembly-CSharp,PickupSpawner/<SpawnCheck>c__Iterator30,System.Collections.Generic.IEnumerator<object>.get_Current,0x060008f2,0x0014bb24,52,
4,PENDIENTE,"Power-ups, efectos y obstáculos",Assembly-CSharp,PickupSpawner/<SpawnCheck>c__Iterator30,System.Collections.IEnumerator.get_Current,0x060008f3,0x0014bb58,52,
4,PENDIENTE,"Power-ups, efectos y obstáculos",Assembly-CSharp,PieAttack,.ctor,0x060004e8,0x0010b77c,112,
4,PENDIENTE,"Power-ups, efectos y obstáculos",Assembly-CSharp,PieAttack,Explode,0x060004eb,0x0010b964,80,
4,PENDIENTE,"Power-ups, efectos y obstáculos",Assembly-CSharp,PieAttack,ExplodeCoroutine,0x060004ec,0x0010b9b4,72,
4,PENDIENTE,"Power-ups, efectos y obstáculos",Assembly-CSharp,PieAttack,LifeCountdown,0x060004e9,0x0010b7ec,72,
4,PENDIENTE,"Power-ups, efectos y obstáculos",Assembly-CSharp,PieAttack,OnCollisionEnter,0x060004ee,0x0010ba58,64,
4,PENDIENTE,"Power-ups, efectos y obstáculos",Assembly-CSharp,PieAttack,OnTriggerEnter,0x060004ef,0x0010ba98,788,
4,PENDIENTE,"Power-ups, efectos y obstáculos",Assembly-CSharp,PieAttack,Start,0x060004ed,0x0010b9fc,92,
4,PENDIENTE,"Power-ups, efectos y obstáculos",Assembly-CSharp,PieAttack,Update,0x060004ea,0x0010b834,304,
4,PENDIENTE,"Power-ups, efectos y obstáculos",Assembly-CSharp,PieAttack/<ExplodeCoroutine>c__Iterator3A,.ctor,0x0600092d,0x0014d53c,44,
4,PENDIENTE,"Power-ups, efectos y obstáculos",Assembly-CSharp,PieAttack/<ExplodeCoroutine>c__Iterator3A,Dispose,0x06000931,0x0014d678,56,
4,PENDIENTE,"Power-ups, efectos y obstáculos",Assembly-CSharp,PieAttack/<ExplodeCoroutine>c__Iterator3A,MoveNext,0x06000930,0x0014d5d0,168,
4,PENDIENTE,"Power-ups, efectos y obstáculos",Assembly-CSharp,PieAttack/<ExplodeCoroutine>c__Iterator3A,Reset,0x06000932,0x0014d6b0,64,
4,PENDIENTE,"Power-ups, efectos y obstáculos",Assembly-CSharp,PieAttack/<ExplodeCoroutine>c__Iterator3A,System.Collections.Generic.IEnumerator<object>.get_Current,0x0600092e,0x0014d568,52,
4,PENDIENTE,"Power-ups, efectos y obstáculos",Assembly-CSharp,PieAttack/<ExplodeCoroutine>c__Iterator3A,System.Collections.IEnumerator.get_Current,0x0600092f,0x0014d59c,52,
4,PENDIENTE,"Power-ups, efectos y obstáculos",Assembly-CSharp,PieAttack/<LifeCountdown>c__Iterator39,.ctor,0x06000927,0x0014d35c,44,
4,PENDIENTE,"Power-ups, efectos y obstáculos",Assembly-CSharp,PieAttack/<LifeCountdown>c__Iterator39,Dispose,0x0600092b,0x0014d4c4,56,
4,PENDIENTE,"Power-ups, efectos y obstáculos",Assembly-CSharp,PieAttack/<LifeCountdown>c__Iterator39,MoveNext,0x0600092a,0x0014d3f0,212,
4,PENDIENTE,"Power-ups, efectos y obstáculos",Assembly-CSharp,PieAttack/<LifeCountdown>c__Iterator39,Reset,0x0600092c,0x0014d4fc,64,
4,PENDIENTE,"Power-ups, efectos y obstáculos",Assembly-CSharp,PieAttack/<LifeCountdown>c__Iterator39,System.Collections.Generic.IEnumerator<object>.get_Current,0x06000928,0x0014d388,52,
4,PENDIENTE,"Power-ups, efectos y obstáculos",Assembly-CSharp,PieAttack/<LifeCountdown>c__Iterator39,System.Collections.IEnumerator.get_Current,0x06000929,0x0014d3bc,52,
4,PENDIENTE,"Power-ups, efectos y obstáculos",Assembly-CSharp,PieHitEffect,.ctor,0x06000395,0x000f5298,76,
4,PENDIENTE,"Power-ups, efectos y obstáculos",Assembly-CSharp,PieHitEffect,GetEffectSnapShot,0x0600039a,0x000f54d0,48,
4,PENDIENTE,"Power-ups, efectos y obstáculos",Assembly-CSharp,PieHitEffect,Init,0x06000396,0x000f52e4,352,
4,PENDIENTE,"Power-ups, efectos y obstáculos",Assembly-CSharp,PieHitEffect,Shutdown,0x06000398,0x000f5470,44,
4,PENDIENTE,"Power-ups, efectos y obstáculos",Assembly-CSharp,PieHitEffect,Stack,0x06000399,0x000f549c,52,
4,PENDIENTE,"Power-ups, efectos y obstáculos",Assembly-CSharp,PieHitEffect,Update,0x06000397,0x000f5444,44,
4,PENDIENTE,"Power-ups, efectos y obstáculos",Assembly-CSharp,PieLauncher,.ctor,0x060004f0,0x0010bdac,100,
4,PENDIENTE,"Power-ups, efectos y obstáculos",Assembly-CSharp,PieLauncher,OnDrawGizmos,0x060004f3,0x0010bea0,156,
4,PENDIENTE,"Power-ups, efectos y obstáculos",Assembly-CSharp,PieLauncher,ShootPieCoroutine,0x060004f2,0x0010be58,72,
4,PENDIENTE,"Power-ups, efectos y obstáculos",Assembly-CSharp,PieLauncher,Start,0x060004f1,0x0010be10,72,
4,PENDIENTE,"Power-ups, efectos y obstáculos",Assembly-CSharp,PieLauncher/<ShootPieCoroutine>c__Iterator3C,.ctor,0x06000939,0x0014d8fc,44,
4,PENDIENTE,"Power-ups, efectos y obstáculos",Assembly-CSharp,PieLauncher/<ShootPieCoroutine>c__Iterator3C,Dispose,0x0600093d,0x0014dcf8,56,
4,PENDIENTE,"Power-ups, efectos y obstáculos",Assembly-CSharp,PieLauncher/<ShootPieCoroutine>c__Iterator3C,MoveNext,0x0600093c,0x0014d990,872,
4,PENDIENTE,"Power-ups, efectos y obstáculos",Assembly-CSharp,PieLauncher/<ShootPieCoroutine>c__Iterator3C,Reset,0x0600093e,0x0014dd30,64,
4,PENDIENTE,"Power-ups, efectos y obstáculos",Assembly-CSharp,PieLauncher/<ShootPieCoroutine>c__Iterator3C,System.Collections.Generic.IEnumerator<object>.get_Current,0x0600093a,0x0014d928,52,
4,PENDIENTE,"Power-ups, efectos y obstáculos",Assembly-CSharp,PieLauncher/<ShootPieCoroutine>c__Iterator3C,System.Collections.IEnumerator.get_Current,0x0600093b,0x0014d95c,52,
4,PENDIENTE,"Power-ups, efectos y obstáculos",Assembly-CSharp,PieLauncher/<Start>c__Iterator3B,.ctor,0x06000933,0x0014d6f0,44,
4,PENDIENTE,"Power-ups, efectos y obstáculos",Assembly-CSharp,PieLauncher/<Start>c__Iterator3B,Dispose,0x06000937,0x0014d884,56,
4,PENDIENTE,"Power-ups, efectos y obstáculos",Assembly-CSharp,PieLauncher/<Start>c__Iterator3B,MoveNext,0x06000936,0x0014d784,256,
4,PENDIENTE,"Power-ups, efectos y obstáculos",Assembly-CSharp,PieLauncher/<Start>c__Iterator3B,Reset,0x06000938,0x0014d8bc,64,
4,PENDIENTE,"Power-ups, efectos y obstáculos",Assembly-CSharp,PieLauncher/<Start>c__Iterator3B,System.Collections.Generic.IEnumerator<object>.get_Current,0x06000934,0x0014d71c,52,
4,PENDIENTE,"Power-ups, efectos y obstáculos",Assembly-CSharp,PieLauncher/<Start>c__Iterator3B,System.Collections.IEnumerator.get_Current,0x06000935,0x0014d750,52,
4,PENDIENTE,"Power-ups, efectos y obstáculos",Assembly-CSharp,PieSplat,.ctor,0x06000421,0x000fe29c,76,
4,PENDIENTE,"Power-ups, efectos y obstáculos",Assembly-CSharp,PieSplat,Start,0x06000422,0x000fe2e8,72,
4,PENDIENTE,"Power-ups, efectos y obstáculos",Assembly-CSharp,PieSplat/<Start>c__Iterator2E,.ctor,0x060008e5,0x0014b140,44,
4,PENDIENTE,"Power-ups, efectos y obstáculos",Assembly-CSharp,PieSplat/<Start>c__Iterator2E,Dispose,0x060008e9,0x0014b878,56,
4,PENDIENTE,"Power-ups, efectos y obstáculos",Assembly-CSharp,PieSplat/<Start>c__Iterator2E,MoveNext,0x060008e8,0x0014b1d4,1700,
4,PENDIENTE,"Power-ups, efectos y obstáculos",Assembly-CSharp,PieSplat/<Start>c__Iterator2E,Reset,0x060008ea,0x0014b8b0,64,
4,PENDIENTE,"Power-ups, efectos y obstáculos",Assembly-CSharp,PieSplat/<Start>c__Iterator2E,System.Collections.Generic.IEnumerator<object>.get_Current,0x060008e6,0x0014b16c,52,
4,PENDIENTE,"Power-ups, efectos y obstáculos",Assembly-CSharp,PieSplat/<Start>c__Iterator2E,System.Collections.IEnumerator.get_Current,0x060008e7,0x0014b1a0,52,
4,PENDIENTE,"Power-ups, efectos y obstáculos",Assembly-CSharp,PowerupHolder,.ctor,0x06000467,0x00101fd8,100,
4,PENDIENTE,"Power-ups, efectos y obstáculos",Assembly-CSharp,PowerupHolder,AddEffect,0x0600046d,0x001022bc,384,se ejecuta ya en Etapa 3
4,PENDIENTE,"Power-ups, efectos y obstáculos",Assembly-CSharp,PowerupHolder,Awake,0x06000468,0x0010203c,112,
4,PENDIENTE,"Power-ups, efectos y obstáculos",Assembly-CSharp,PowerupHolder,ClearEffectsInReserve,0x0600046f,0x001025a4,96,
4,PENDIENTE,"Power-ups, efectos y obstáculos",Assembly-CSharp,PowerupHolder,ExecutePowerups,0x06000470,0x00102604,1904,se ejecuta ya en Etapa 3
4,PENDIENTE,"Power-ups, efectos y obstáculos",Assembly-CSharp,PowerupHolder,HasEffect,0x0600046e,0x0010243c,360,
4,PENDIENTE,"Power-ups, efectos y obstáculos",Assembly-CSharp,PowerupHolder,PowerupComboCheck,0x06000471,0x00102d74,1436,
4,PENDIENTE,"Power-ups, efectos y obstáculos",Assembly-CSharp,PowerupHolder,Update,0x0600046c,0x001021c8,244,
4,PENDIENTE,"Power-ups, efectos y obstáculos",Assembly-CSharp,PowerupHolder,get_CanTakePowerup,0x0600046b,0x0010216c,92,se ejecuta ya en Etapa 3
4,PENDIENTE,"Power-ups, efectos y obstáculos",Assembly-CSharp,PowerupHolder,get_Item,0x06000469,0x001020ac,128,se ejecuta ya en Etapa 3
4,PENDIENTE,"Power-ups, efectos y obstáculos",Assembly-CSharp,PowerupHolder,get_numEffects,0x0600046a,0x0010212c,64,
4,PENDIENTE,"Power-ups, efectos y obstáculos",Assembly-CSharp,PowerupMagnet,.ctor,0x0600039b,0x000f5500,252,
4,PENDIENTE,"Power-ups, efectos y obstáculos",Assembly-CSharp,PowerupMagnet,FixedUpdate,0x0600039f,0x000f5c1c,900,
4,PENDIENTE,"Power-ups, efectos y obstáculos",Assembly-CSharp,PowerupMagnet,GetEffectSnapShot,0x060003a2,0x000f60ac,48,
4,PENDIENTE,"Power-ups, efectos y obstáculos",Assembly-CSharp,PowerupMagnet,Init,0x0600039d,0x000f5628,760,
4,PENDIENTE,"Power-ups, efectos y obstáculos",Assembly-CSharp,PowerupMagnet,Shutdown,0x060003a0,0x000f5fa0,216,
4,PENDIENTE,"Power-ups, efectos y obstáculos",Assembly-CSharp,PowerupMagnet,Stack,0x060003a1,0x000f6078,52,
4,PENDIENTE,"Power-ups, efectos y obstáculos",Assembly-CSharp,PowerupMagnet,Start,0x0600039c,0x000f55fc,44,
4,PENDIENTE,"Power-ups, efectos y obstáculos",Assembly-CSharp,PowerupMagnet,Update,0x0600039e,0x000f5920,764,
4,PENDIENTE,"Power-ups, efectos y obstáculos",Assembly-CSharp,PyroTechnics,.ctor,0x060004f4,0x0010bf3c,52,
4,PENDIENTE,"Power-ups, efectos y obstáculos",Assembly-CSharp,PyroTechnics,OnTriggerEnter,0x060004f7,0x0010bfc8,456,
4,PENDIENTE,"Power-ups, efectos y obstáculos",Assembly-CSharp,PyroTechnics,Start,0x060004f5,0x0010bf70,44,
4,PENDIENTE,"Power-ups, efectos y obstáculos",Assembly-CSharp,PyroTechnics,Update,0x060004f6,0x0010bf9c,44,
4,PENDIENTE,"Power-ups, efectos y obstáculos",Assembly-CSharp,RandomShotEffect,.ctor,0x060003a3,0x000f60dc,96,
4,PENDIENTE,"Power-ups, efectos y obstáculos",Assembly-CSharp,RandomShotEffect,FixedUpdate,0x060003aa,0x000f6590,44,
4,PENDIENTE,"Power-ups, efectos y obstáculos",Assembly-CSharp,RandomShotEffect,GetEffectSnapShot,0x060003a9,0x000f6560,48,
4,PENDIENTE,"Power-ups, efectos y obstáculos",Assembly-CSharp,RandomShotEffect,Init,0x060003a5,0x000f6168,772,
4,PENDIENTE,"Power-ups, efectos y obstáculos",Assembly-CSharp,RandomShotEffect,Shutdown,0x060003a7,0x000f6498,148,
4,PENDIENTE,"Power-ups, efectos y obstáculos",Assembly-CSharp,RandomShotEffect,Stack,0x060003a8,0x000f652c,52,
4,PENDIENTE,"Power-ups, efectos y obstáculos",Assembly-CSharp,RandomShotEffect,Start,0x060003a4,0x000f613c,44,
4,PENDIENTE,"Power-ups, efectos y obstáculos",Assembly-CSharp,RandomShotEffect,Update,0x060003a6,0x000f646c,44,
4,PENDIENTE,"Power-ups, efectos y obstáculos",Assembly-CSharp,RocketAI,.ctor,0x06000079,0x000cb408,136,
4,PENDIENTE,"Power-ups, efectos y obstáculos",Assembly-CSharp,RocketAI,BurnUpdate,0x0600007c,0x000cbaac,1232,
4,PENDIENTE,"Power-ups, efectos y obstáculos",Assembly-CSharp,RocketAI,Explode,0x0600007d,0x000cbf7c,320,
4,PENDIENTE,"Power-ups, efectos y obstáculos",Assembly-CSharp,RocketAI,FixedUpdate,0x06000080,0x000cc5a4,560,
4,PENDIENTE,"Power-ups, efectos y obstáculos",Assembly-CSharp,RocketAI,LaunchUpdate,0x0600007b,0x000cb870,572,
4,PENDIENTE,"Power-ups, efectos y obstáculos",Assembly-CSharp,RocketAI,SetOwner,0x06000081,0x000cc7d4,60,
4,PENDIENTE,"Power-ups, efectos y obstáculos",Assembly-CSharp,RocketAI,SetRiderEffect,0x06000083,0x000cc888,68,
4,PENDIENTE,"Power-ups, efectos y obstáculos",Assembly-CSharp,RocketAI,SetTarget,0x06000082,0x000cc810,120,
4,PENDIENTE,"Power-ups, efectos y obstáculos",Assembly-CSharp,RocketAI,Start,0x0600007e,0x000cc0bc,1116,
4,PENDIENTE,"Power-ups, efectos y obstáculos",Assembly-CSharp,RocketAI,StrikeTarget,0x0600007a,0x000cb490,992,
4,PENDIENTE,"Power-ups, efectos y obstáculos",Assembly-CSharp,RocketAI,Update,0x0600007f,0x000cc518,140,
4,PENDIENTE,"Power-ups, efectos y obstáculos",Assembly-CSharp,RocketEffect,.ctor,0x060003ab,0x000f65bc,184,
4,PENDIENTE,"Power-ups, efectos y obstáculos",Assembly-CSharp,RocketEffect,GetEffectSnapShot,0x060003b0,0x000f6bb8,48,
4,PENDIENTE,"Power-ups, efectos y obstáculos",Assembly-CSharp,RocketEffect,Init,0x060003ac,0x000f6674,1024,
4,PENDIENTE,"Power-ups, efectos y obstáculos",Assembly-CSharp,RocketEffect,LaunchRocket,0x060003b1,0x000f6be8,588,
4,PENDIENTE,"Power-ups, efectos y obstáculos",Assembly-CSharp,RocketEffect,Shutdown,0x060003ad,0x000f6a74,44,
4,PENDIENTE,"Power-ups, efectos y obstáculos",Assembly-CSharp,RocketEffect,Stack,0x060003ae,0x000f6aa0,52,
4,PENDIENTE,"Power-ups, efectos y obstáculos",Assembly-CSharp,RocketEffect,Update,0x060003af,0x000f6ad4,228,
4,PENDIENTE,"Power-ups, efectos y obstáculos",Assembly-CSharp,RocketPickup,.ctor,0x06000450,0x00100d70,52,
4,PENDIENTE,"Power-ups, efectos y obstáculos",Assembly-CSharp,RocketPickup,GetTriggeredEffect,0x06000451,0x00100da4,132,
4,PENDIENTE,"Power-ups, efectos y obstáculos",Assembly-CSharp,RocketRideEffect,.ctor,0x060003b2,0x000f6e34,132,
4,PENDIENTE,"Power-ups, efectos y obstáculos",Assembly-CSharp,RocketRideEffect,DetachFromRocket,0x060003b9,0x000f76cc,572,
4,PENDIENTE,"Power-ups, efectos y obstáculos",Assembly-CSharp,RocketRideEffect,GetEffectSnapShot,0x060003b7,0x000f7274,48,
4,PENDIENTE,"Power-ups, efectos y obstáculos",Assembly-CSharp,RocketRideEffect,Init,0x060003b3,0x000f6eb8,492,
4,PENDIENTE,"Power-ups, efectos y obstáculos",Assembly-CSharp,RocketRideEffect,LaunchRocket,0x060003b8,0x000f72a4,1064,
4,PENDIENTE,"Power-ups, efectos y obstáculos",Assembly-CSharp,RocketRideEffect,Shutdown,0x060003b5,0x000f7158,232,
4,PENDIENTE,"Power-ups, efectos y obstáculos",Assembly-CSharp,RocketRideEffect,Stack,0x060003b6,0x000f7240,52,
4,PENDIENTE,"Power-ups, efectos y obstáculos",Assembly-CSharp,RocketRideEffect,Update,0x060003b4,0x000f70a4,180,
4,PENDIENTE,"Power-ups, efectos y obstáculos",Assembly-CSharp,RocketRideRemover,.ctor,0x0600056c,0x00114db0,52,
4,PENDIENTE,"Power-ups, efectos y obstáculos",Assembly-CSharp,RocketRideRemover,OnTriggerEnter,0x0600056f,0x00114e3c,180,
4,PENDIENTE,"Power-ups, efectos y obstáculos",Assembly-CSharp,RocketRideRemover,Start,0x0600056d,0x00114de4,44,
4,PENDIENTE,"Power-ups, efectos y obstáculos",Assembly-CSharp,RocketRideRemover,Update,0x0600056e,0x00114e10,44,
4,PENDIENTE,"Power-ups, efectos y obstáculos",Assembly-CSharp,ShieldEffect,.ctor,0x060003ba,0x000f7908,112,
4,PENDIENTE,"Power-ups, efectos y obstáculos",Assembly-CSharp,ShieldEffect,GetEffectSnapShot,0x060003c0,0x000f8054,48,
4,PENDIENTE,"Power-ups, efectos y obstáculos",Assembly-CSharp,ShieldEffect,Init,0x060003bc,0x000f79b8,972,
4,PENDIENTE,"Power-ups, efectos y obstáculos",Assembly-CSharp,ShieldEffect,Shutdown,0x060003bd,0x000f7d84,300,
4,PENDIENTE,"Power-ups, efectos y obstáculos",Assembly-CSharp,ShieldEffect,Stack,0x060003be,0x000f7eb0,52,
4,PENDIENTE,"Power-ups, efectos y obstáculos",Assembly-CSharp,ShieldEffect,Update,0x060003bf,0x000f7ee4,368,
4,PENDIENTE,"Power-ups, efectos y obstáculos",Assembly-CSharp,ShieldEffect,get_Reflective,0x060003bb,0x000f7978,64,
4,PENDIENTE,"Power-ups, efectos y obstáculos",Assembly-CSharp,ShieldPickup,.ctor,0x06000452,0x00100e28,52,
4,PENDIENTE,"Power-ups, efectos y obstáculos",Assembly-CSharp,ShieldPickup,GetTriggeredEffect,0x06000453,0x00100e5c,132,
4,PENDIENTE,"Power-ups, efectos y obstáculos",Assembly-CSharp,ShockedEffect,.ctor,0x060003c1,0x000f8084,104,
4,PENDIENTE,"Power-ups, efectos y obstáculos",Assembly-CSharp,ShockedEffect,GetEffectSnapShot,0x060003c6,0x000f843c,48,
4,PENDIENTE,"Power-ups, efectos y obstáculos",Assembly-CSharp,ShockedEffect,Init,0x060003c2,0x000f80ec,684,
4,PENDIENTE,"Power-ups, efectos y obstáculos",Assembly-CSharp,ShockedEffect,Shutdown,0x060003c4,0x000f83c4,44,
4,PENDIENTE,"Power-ups, efectos y obstáculos",Assembly-CSharp,ShockedEffect,Stack,0x060003c5,0x000f83f0,76,
4,PENDIENTE,"Power-ups, efectos y obstáculos",Assembly-CSharp,ShockedEffect,Update,0x060003c3,0x000f8398,44,
4,PENDIENTE,"Power-ups, efectos y obstáculos",Assembly-CSharp,ShotDroneAI,.ctor,0x06000084,0x000cc8cc,76,
4,PENDIENTE,"Power-ups, efectos y obstáculos",Assembly-CSharp,ShotDroneAI,FixedUpdate,0x06000088,0x000ccb20,44,
4,PENDIENTE,"Power-ups, efectos y obstáculos",Assembly-CSharp,ShotDroneAI,SetParent,0x06000086,0x000cc960,60,
4,PENDIENTE,"Power-ups, efectos y obstáculos",Assembly-CSharp,ShotDroneAI,Shoot,0x06000089,0x000ccb4c,812,
4,PENDIENTE,"Power-ups, efectos y obstáculos",Assembly-CSharp,ShotDroneAI,Start,0x06000085,0x000cc918,72,
4,PENDIENTE,"Power-ups, efectos y obstáculos",Assembly-CSharp,ShotDroneAI,Update,0x06000087,0x000cc99c,388,
4,PENDIENTE,"Power-ups, efectos y obstáculos",Assembly-CSharp,SkidEffect,.ctor,0x060003c7,0x000f846c,88,
4,PENDIENTE,"Power-ups, efectos y obstáculos",Assembly-CSharp,SkidEffect,GetEffectSnapShot,0x060003cc,0x000f866c,48,
4,PENDIENTE,"Power-ups, efectos y obstáculos",Assembly-CSharp,SkidEffect,Init,0x060003c8,0x000f84c4,92,
4,PENDIENTE,"Power-ups, efectos y obstáculos",Assembly-CSharp,SkidEffect,Shutdown,0x060003ca,0x000f860c,44,
4,PENDIENTE,"Power-ups, efectos y obstáculos",Assembly-CSharp,SkidEffect,Stack,0x060003cb,0x000f8638,52,
4,PENDIENTE,"Power-ups, efectos y obstáculos",Assembly-CSharp,SkidEffect,Update,0x060003c9,0x000f8520,236,
4,PENDIENTE,"Power-ups, efectos y obstáculos",Assembly-CSharp,SlowdownEffect,.ctor,0x060003cd,0x000f869c,104,se ejecuta ya en Etapa 3
4,PENDIENTE,"Power-ups, efectos y obstáculos",Assembly-CSharp,SlowdownEffect,GetEffectSnapShot,0x060003d2,0x000f8848,48,
4,PENDIENTE,"Power-ups, efectos y obstáculos",Assembly-CSharp,SlowdownEffect,Init,0x060003ce,0x000f8704,44,
4,PENDIENTE,"Power-ups, efectos y obstáculos",Assembly-CSharp,SlowdownEffect,Shutdown,0x060003d0,0x000f875c,184,
4,PENDIENTE,"Power-ups, efectos y obstáculos",Assembly-CSharp,SlowdownEffect,Stack,0x060003d1,0x000f8814,52,
4,PENDIENTE,"Power-ups, efectos y obstáculos",Assembly-CSharp,SlowdownEffect,Update,0x060003cf,0x000f8730,44,
4,PENDIENTE,"Power-ups, efectos y obstáculos",Assembly-CSharp,SmashEffect,.ctor,0x060003d3,0x000f8878,104,
4,PENDIENTE,"Power-ups, efectos y obstáculos",Assembly-CSharp,SmashEffect,GetEffectSnapShot,0x060003d8,0x000f8be4,48,
4,PENDIENTE,"Power-ups, efectos y obstáculos",Assembly-CSharp,SmashEffect,Init,0x060003d4,0x000f88e0,476,
4,PENDIENTE,"Power-ups, efectos y obstáculos",Assembly-CSharp,SmashEffect,Shutdown,0x060003d6,0x000f8ae8,200,
4,PENDIENTE,"Power-ups, efectos y obstáculos",Assembly-CSharp,SmashEffect,Stack,0x060003d7,0x000f8bb0,52,
4,PENDIENTE,"Power-ups, efectos y obstáculos",Assembly-CSharp,SmashEffect,Update,0x060003d5,0x000f8abc,44,
4,PENDIENTE,"Power-ups, efectos y obstáculos",Assembly-CSharp,SpreadMineEffect,.ctor,0x060003d9,0x000f8c14,96,
4,PENDIENTE,"Power-ups, efectos y obstáculos",Assembly-CSharp,SpreadMineEffect,GetEffectSnapShot,0x060003df,0x000f8d60,48,
4,PENDIENTE,"Power-ups, efectos y obstáculos",Assembly-CSharp,SpreadMineEffect,Init,0x060003db,0x000f8ca0,52,
4,PENDIENTE,"Power-ups, efectos y obstáculos",Assembly-CSharp,SpreadMineEffect,LaunchSpreader,0x060003e0,0x000f8d90,596,
4,PENDIENTE,"Power-ups, efectos y obstáculos",Assembly-CSharp,SpreadMineEffect,Shutdown,0x060003dd,0x000f8d00,44,
4,PENDIENTE,"Power-ups, efectos y obstáculos",Assembly-CSharp,SpreadMineEffect,Stack,0x060003de,0x000f8d2c,52,
4,PENDIENTE,"Power-ups, efectos y obstáculos",Assembly-CSharp,SpreadMineEffect,Start,0x060003da,0x000f8c74,44,
4,PENDIENTE,"Power-ups, efectos y obstáculos",Assembly-CSharp,SpreadMineEffect,Update,0x060003dc,0x000f8cd4,44,
4,PENDIENTE,"Power-ups, efectos y obstáculos",Assembly-CSharp,SpringTrigger,.ctor,0x060004f8,0x0010c190,52,
4,PENDIENTE,"Power-ups, efectos y obstáculos",Assembly-CSharp,SpringTrigger,OnDrawGizmos,0x060004fa,0x0010c268,236,
4,PENDIENTE,"Power-ups, efectos y obstáculos",Assembly-CSharp,SpringTrigger,OnTriggerEnter,0x060004f9,0x0010c1c4,164,
4,PENDIENTE,"Power-ups, efectos y obstáculos",Assembly-CSharp,TeleportEffect,.ctor,0x060003e1,0x000f8fe4,200,
4,PENDIENTE,"Power-ups, efectos y obstáculos",Assembly-CSharp,TeleportEffect,GetEffectSnapShot,0x060003e6,0x000f9498,48,
4,PENDIENTE,"Power-ups, efectos y obstáculos",Assembly-CSharp,TeleportEffect,Init,0x060003e2,0x000f90ac,252,
4,PENDIENTE,"Power-ups, efectos y obstáculos",Assembly-CSharp,TeleportEffect,Shutdown,0x060003e4,0x000f9398,204,
4,PENDIENTE,"Power-ups, efectos y obstáculos",Assembly-CSharp,TeleportEffect,Stack,0x060003e5,0x000f9464,52,
4,PENDIENTE,"Power-ups, efectos y obstáculos",Assembly-CSharp,TeleportEffect,Update,0x060003e3,0x000f91a8,496,
4,PENDIENTE,"Power-ups, efectos y obstáculos",Assembly-CSharp,TeleportTrigger,.ctor,0x060004fb,0x0010c354,52,
4,PENDIENTE,"Power-ups, efectos y obstáculos",Assembly-CSharp,TeleportTrigger,OnDrawGizmos,0x060004fd,0x0010c4d8,460,
4,PENDIENTE,"Power-ups, efectos y obstáculos",Assembly-CSharp,TeleportTrigger,OnTriggerEnter,0x060004fc,0x0010c388,336,
4,PENDIENTE,"Power-ups, efectos y obstáculos",Assembly-CSharp,TripLine,.ctor,0x060003e7,0x000f94c8,52,
4,PENDIENTE,"Power-ups, efectos y obstáculos",Assembly-CSharp,TripLine,OnTriggerEnter,0x060003ea,0x000f9554,240,
4,PENDIENTE,"Power-ups, efectos y obstáculos",Assembly-CSharp,TripLine,Start,0x060003e8,0x000f94fc,44,
4,PENDIENTE,"Power-ups, efectos y obstáculos",Assembly-CSharp,TripLine,Update,0x060003e9,0x000f9528,44,
4,PENDIENTE,"Power-ups, efectos y obstáculos",Assembly-CSharp,TripLineEffect,.ctor,0x060003eb,0x000f9644,96,
4,PENDIENTE,"Power-ups, efectos y obstáculos",Assembly-CSharp,TripLineEffect,GetEffectSnapShot,0x060003f1,0x000f9d9c,48,
4,PENDIENTE,"Power-ups, efectos y obstáculos",Assembly-CSharp,TripLineEffect,Init,0x060003ed,0x000f96d0,1132,
4,PENDIENTE,"Power-ups, efectos y obstáculos",Assembly-CSharp,TripLineEffect,Shutdown,0x060003ef,0x000f9cac,188,
4,PENDIENTE,"Power-ups, efectos y obstáculos",Assembly-CSharp,TripLineEffect,Stack,0x060003f0,0x000f9d68,52,
4,PENDIENTE,"Power-ups, efectos y obstáculos",Assembly-CSharp,TripLineEffect,Start,0x060003ec,0x000f96a4,44,
4,PENDIENTE,"Power-ups, efectos y obstáculos",Assembly-CSharp,TripLineEffect,Update,0x060003ee,0x000f9b3c,368,
4,PENDIENTE,"Power-ups, efectos y obstáculos",Assembly-CSharp,TurkeyGooShooter,.ctor,0x06000502,0x0010caac,116,
4,PENDIENTE,"Power-ups, efectos y obstáculos",Assembly-CSharp,TurkeyGooShooter,Start,0x06000503,0x0010cb20,72,
4,PENDIENTE,"Power-ups, efectos y obstáculos",Assembly-CSharp,TurkeyGooShooter/<Start>c__Iterator3D,.ctor,0x0600093f,0x0014dd70,44,
4,PENDIENTE,"Power-ups, efectos y obstáculos",Assembly-CSharp,TurkeyGooShooter/<Start>c__Iterator3D,Dispose,0x06000943,0x0014dfe4,56,
4,PENDIENTE,"Power-ups, efectos y obstáculos",Assembly-CSharp,TurkeyGooShooter/<Start>c__Iterator3D,MoveNext,0x06000942,0x0014de04,480,
4,PENDIENTE,"Power-ups, efectos y obstáculos",Assembly-CSharp,TurkeyGooShooter/<Start>c__Iterator3D,Reset,0x06000944,0x0014e01c,64,
4,PENDIENTE,"Power-ups, efectos y obstáculos",Assembly-CSharp,TurkeyGooShooter/<Start>c__Iterator3D,System.Collections.Generic.IEnumerator<object>.get_Current,0x06000940,0x0014dd9c,52,
4,PENDIENTE,"Power-ups, efectos y obstáculos",Assembly-CSharp,TurkeyGooShooter/<Start>c__Iterator3D,System.Collections.IEnumerator.get_Current,0x06000941,0x0014ddd0,52,
4,PENDIENTE,"Power-ups, efectos y obstáculos",Assembly-CSharp,UFOLogic,.ctor,0x0600008a,0x000cce78,436,
4,PENDIENTE,"Power-ups, efectos y obstáculos",Assembly-CSharp,UFOLogic,FireLaser,0x0600008b,0x000cd02c,1220,
4,PENDIENTE,"Power-ups, efectos y obstáculos",Assembly-CSharp,UFOLogic,FixedUpdate,0x0600008d,0x000cd6ac,2604,
4,PENDIENTE,"Power-ups, efectos y obstáculos",Assembly-CSharp,UFOLogic,OnDrawGizmos,0x06000091,0x000ce198,144,
4,PENDIENTE,"Power-ups, efectos y obstáculos",Assembly-CSharp,UFOLogic,SetParent,0x0600008e,0x000ce0d8,60,
4,PENDIENTE,"Power-ups, efectos y obstáculos",Assembly-CSharp,UFOLogic,SetSecondUFO,0x0600008f,0x000ce114,60,
4,PENDIENTE,"Power-ups, efectos y obstáculos",Assembly-CSharp,UFOLogic,StartFlyaway,0x06000090,0x000ce150,72,
4,PENDIENTE,"Power-ups, efectos y obstáculos",Assembly-CSharp,UFOLogic,Update,0x0600008c,0x000cd4f0,444,
4,PENDIENTE,"Power-ups, efectos y obstáculos",Assembly-CSharp,WhoopieCushion,.ctor,0x06000504,0x0010cb68,52,
4,PENDIENTE,"Power-ups, efectos y obstáculos",Assembly-CSharp,WhoopieCushion,Explode,0x06000506,0x0010cbe0,72,
4,PENDIENTE,"Power-ups, efectos y obstáculos",Assembly-CSharp,WhoopieCushion,OnCollisionEnter,0x06000507,0x0010cc28,64,
4,PENDIENTE,"Power-ups, efectos y obstáculos",Assembly-CSharp,WhoopieCushion,OnTriggerEnter,0x06000508,0x0010cc68,428,
4,PENDIENTE,"Power-ups, efectos y obstáculos",Assembly-CSharp,WhoopieCushion,Start,0x06000505,0x0010cb9c,68,
4,PENDIENTE,"Power-ups, efectos y obstáculos",Assembly-CSharp,WhoopieCushion/<Explode>c__Iterator3E,.ctor,0x06000945,0x0014e05c,44,
4,PENDIENTE,"Power-ups, efectos y obstáculos",Assembly-CSharp,WhoopieCushion/<Explode>c__Iterator3E,Dispose,0x06000949,0x0014e298,56,
4,PENDIENTE,"Power-ups, efectos y obstáculos",Assembly-CSharp,WhoopieCushion/<Explode>c__Iterator3E,MoveNext,0x06000948,0x0014e0f0,424,
4,PENDIENTE,"Power-ups, efectos y obstáculos",Assembly-CSharp,WhoopieCushion/<Explode>c__Iterator3E,Reset,0x0600094a,0x0014e2d0,64,
4,PENDIENTE,"Power-ups, efectos y obstáculos",Assembly-CSharp,WhoopieCushion/<Explode>c__Iterator3E,System.Collections.Generic.IEnumerator<object>.get_Current,0x06000946,0x0014e088,52,
4,PENDIENTE,"Power-ups, efectos y obstáculos",Assembly-CSharp,WhoopieCushion/<Explode>c__Iterator3E,System.Collections.IEnumerator.get_Current,0x06000947,0x0014e0bc,52,
4,PENDIENTE,"Power-ups, efectos y obstáculos",Assembly-CSharp,WipeoutEffect,.ctor,0x060003f2,0x000f9dcc,192,
4,PENDIENTE,"Power-ups, efectos y obstáculos",Assembly-CSharp,WipeoutEffect,GetEffectSnapShot,0x060003f7,0x000fa7d8,48,
4,PENDIENTE,"Power-ups, efectos y obstáculos",Assembly-CSharp,WipeoutEffect,Init,0x060003f3,0x000f9e8c,1200,
4,PENDIENTE,"Power-ups, efectos y obstáculos",Assembly-CSharp,WipeoutEffect,Shutdown,0x060003f5,0x000fa57c,552,
4,PENDIENTE,"Power-ups, efectos y obstáculos",Assembly-CSharp,WipeoutEffect,Stack,0x060003f6,0x000fa7a4,52,
4,PENDIENTE,"Power-ups, efectos y obstáculos",Assembly-CSharp,WipeoutEffect,Update,0x060003f4,0x000fa33c,576,
4,RECUPERADO-AOT,"Progresión, bono diario, rewind",Assembly-CSharp,CarSnapShot,.ctor,0x0600024c,0x000e5bf8,172,se ejecuta ya en Etapa 3
4,RECUPERADO-AOT,"Progresión, bono diario, rewind",Assembly-CSharp,CarSnapShot,AddEffectToPowerUpholder,0x0600024e,0x000e5cec,72,se ejecuta ya en Etapa 3
4,RECUPERADO-AOT,"Progresión, bono diario, rewind",Assembly-CSharp,CarSnapShot,AddToEffectList,0x0600024d,0x000e5ca4,72,se ejecuta ya en Etapa 3
4,RECUPERADO-AOT,"Progresión, bono diario, rewind",Assembly-CSharp,LifetimeMetrics,.cctor,0x06000288,0x000e97c8,36,se ejecuta ya en Etapa 1
4,RECUPERADO-AOT,"Progresión, bono diario, rewind",Assembly-CSharp,LifetimeMetrics,.ctor,0x06000287,0x000e979c,44,
4,RECUPERADO-AOT,"Progresión, bono diario, rewind",Assembly-CSharp,LifetimeMetrics,ContainsKey,0x0600028a,0x000e9898,84,se ejecuta ya en Etapa 3
4,RECUPERADO-AOT,"Progresión, bono diario, rewind",Assembly-CSharp,LifetimeMetrics,DebugDump,0x06000290,0x000ea0e0,676,
4,RECUPERADO-AOT,"Progresión, bono diario, rewind",Assembly-CSharp,LifetimeMetrics,Load,0x0600028c,0x000e9b54,756,se ejecuta ya en Etapa 1
4,RECUPERADO-AOT,"Progresión, bono diario, rewind",Assembly-CSharp,LifetimeMetrics,Save,0x0600028b,0x000e98ec,616,se ejecuta ya en Etapa 1
4,RECUPERADO-AOT,"Progresión, bono diario, rewind",Assembly-CSharp,LifetimeMetrics,SetMetric,0x0600028f,0x000e9fdc,260,se ejecuta ya en Etapa 3
4,RECUPERADO-AOT,"Progresión, bono diario, rewind",Assembly-CSharp,LifetimeMetrics,Signal,0x0600028d,0x000e9e48,324,se ejecuta ya en Etapa 2
4,RECUPERADO-AOT,"Progresión, bono diario, rewind",Assembly-CSharp,LifetimeMetrics,Signal,0x0600028e,0x000e9f8c,80,se ejecuta ya en Etapa 2
4,RECUPERADO-AOT,"Progresión, bono diario, rewind",Assembly-CSharp,LifetimeMetrics,get_Item,0x06000289,0x000e97ec,172,se ejecuta ya en Etapa 2
4,PENDIENTE,"Progresión, bono diario, rewind",Assembly-CSharp,RewindDialogPublisher,.ctor,0x060007a7,0x0013fe08,52,
4,PENDIENTE,"Progresión, bono diario, rewind",Assembly-CSharp,RewindDialogPublisher,DestroyThis,0x060007af,0x00140368,72,
4,PENDIENTE,"Progresión, bono diario, rewind",Assembly-CSharp,RewindDialogPublisher,FinalizedRewind,0x060007ae,0x001402e4,132,
4,PENDIENTE,"Progresión, bono diario, rewind",Assembly-CSharp,RewindDialogPublisher,MoneyCheck,0x060007ac,0x001401e8,84,
4,PENDIENTE,"Progresión, bono diario, rewind",Assembly-CSharp,RewindDialogPublisher,NeedMoreCoins,0x060007ad,0x0014023c,168,
4,PENDIENTE,"Progresión, bono diario, rewind",Assembly-CSharp,RewindDialogPublisher,PressedBuy,0x060007ab,0x00140054,404,
4,PENDIENTE,"Progresión, bono diario, rewind",Assembly-CSharp,RewindDialogPublisher,PressedExit,0x060007aa,0x0013fff0,100,
4,PENDIENTE,"Progresión, bono diario, rewind",Assembly-CSharp,RewindDialogPublisher,Start,0x060007a9,0x0013fe64,396,
4,PENDIENTE,"Progresión, bono diario, rewind",Assembly-CSharp,RewindDialogPublisher,get_RewindCost,0x060007a8,0x0013fe3c,40,
4,PENDIENTE,"Progresión, bono diario, rewind",Assembly-CSharp,RewindDialogPublisher/<DestroyThis>c__Iterator8B,.ctor,0x06000b1b,0x00165b78,44,
4,PENDIENTE,"Progresión, bono diario, rewind",Assembly-CSharp,RewindDialogPublisher/<DestroyThis>c__Iterator8B,Dispose,0x06000b1f,0x00165d60,56,
4,PENDIENTE,"Progresión, bono diario, rewind",Assembly-CSharp,RewindDialogPublisher/<DestroyThis>c__Iterator8B,MoveNext,0x06000b1e,0x00165c0c,340,
4,PENDIENTE,"Progresión, bono diario, rewind",Assembly-CSharp,RewindDialogPublisher/<DestroyThis>c__Iterator8B,Reset,0x06000b20,0x00165d98,64,
4,PENDIENTE,"Progresión, bono diario, rewind",Assembly-CSharp,RewindDialogPublisher/<DestroyThis>c__Iterator8B,System.Collections.Generic.IEnumerator<object>.get_Current,0x06000b1c,0x00165ba4,52,
4,PENDIENTE,"Progresión, bono diario, rewind",Assembly-CSharp,RewindDialogPublisher/<DestroyThis>c__Iterator8B,System.Collections.IEnumerator.get_Current,0x06000b1d,0x00165bd8,52,
4,PENDIENTE,"Progresión, bono diario, rewind",Assembly-CSharp,RewindLapSlotPublisher,.ctor,0x060007b0,0x001403b0,52,
4,PENDIENTE,"Progresión, bono diario, rewind",Assembly-CSharp,RewindLapSlotPublisher,PressedRewind,0x060007b1,0x001403e4,108,
4,RECUPERADO-AOT,"Progresión, bono diario, rewind",Assembly-CSharp,SnapShotInfo,.ctor,0x0600024f,0x000e5d34,100,
4,RECUPERADO-AOT,"Progresión, bono diario, rewind",Assembly-CSharp,SnapShotInfo,AddCarSnap,0x06000250,0x000e5d98,72,se ejecuta ya en Etapa 3
4,RECUPERADO-AOT,"Progresión, bono diario, rewind",Assembly-CSharp,SnapShotInfo,DebugDump,0x06000251,0x000e5de0,620,
4,PENDIENTE,Tutorial,Assembly-CSharp,FrontEndTutorialHandler,.ctor,0x06000677,0x0012bd58,68,
4,PENDIENTE,Tutorial,Assembly-CSharp,FrontEndTutorialHandler,ChangedShifterUISlot,0x0600067f,0x0012c278,292,
4,PENDIENTE,Tutorial,Assembly-CSharp,FrontEndTutorialHandler,GetNextTutorial,0x0600067a,0x0012be0c,160,
4,PENDIENTE,Tutorial,Assembly-CSharp,FrontEndTutorialHandler,OnDisable,0x0600067e,0x0012c1e8,144,
4,PENDIENTE,Tutorial,Assembly-CSharp,FrontEndTutorialHandler,Start,0x0600067d,0x0012c14c,156,
4,PENDIENTE,Tutorial,Assembly-CSharp,FrontEndTutorialHandler,TriggerNext,0x0600067b,0x0012beac,588,
4,PENDIENTE,Tutorial,Assembly-CSharp,FrontEndTutorialHandler,Update,0x0600067c,0x0012c0f8,84,
4,RECUPERADO-AOT,Tutorial,Assembly-CSharp,FrontEndTutorialHandler,get_ActiveTutorial,0x06000678,0x0012bd9c,52,
4,RECUPERADO-AOT,Tutorial,Assembly-CSharp,FrontEndTutorialHandler,set_ActiveTutorial,0x06000679,0x0012bdd0,60,
4,PENDIENTE,Tutorial,Assembly-CSharp,FrontEndTutorialHandler/TutorialSettings,.ctor,0x06000680,0x0012c39c,92,
4,PENDIENTE,Tutorial,Assembly-CSharp,FrontEndTutorialPublisher,.ctor,0x06000681,0x0012c3f8,96,
4,PENDIENTE,Tutorial,Assembly-CSharp,FrontEndTutorialPublisher,FadeInCoroutine,0x06000683,0x0012c4a0,72,
4,PENDIENTE,Tutorial,Assembly-CSharp,FrontEndTutorialPublisher,OnDisabled,0x0600068d,0x0012db9c,76,
4,PENDIENTE,Tutorial,Assembly-CSharp,FrontEndTutorialPublisher,OnEnabled,0x0600068c,0x0012db70,44,
4,PENDIENTE,Tutorial,Assembly-CSharp,FrontEndTutorialPublisher,OnPressedDismiss,0x06000689,0x0012da60,144,
4,PENDIENTE,Tutorial,Assembly-CSharp,FrontEndTutorialPublisher,OnTargetButtonPressed,0x0600068a,0x0012daf0,56,
4,PENDIENTE,Tutorial,Assembly-CSharp,FrontEndTutorialPublisher,OnTargetTogglePressed,0x0600068b,0x0012db28,72,
4,PENDIENTE,Tutorial,Assembly-CSharp,FrontEndTutorialPublisher,PulseArrowCoroutine,0x06000682,0x0012c458,72,
4,PENDIENTE,Tutorial,Assembly-CSharp,FrontEndTutorialPublisher,RegisterControlListeners,0x06000685,0x0012cf98,1484,
4,PENDIENTE,Tutorial,Assembly-CSharp,FrontEndTutorialPublisher,Resize,0x06000684,0x0012c4e8,2736,
4,PENDIENTE,Tutorial,Assembly-CSharp,FrontEndTutorialPublisher,SetAnchorPoint,0x0600068f,0x0012dc54,252,
4,PENDIENTE,Tutorial,Assembly-CSharp,FrontEndTutorialPublisher,SetTargetControls,0x06000690,0x0012dd50,68,
4,PENDIENTE,Tutorial,Assembly-CSharp,FrontEndTutorialPublisher,SetText,0x0600068e,0x0012dbe8,108,
4,PENDIENTE,Tutorial,Assembly-CSharp,FrontEndTutorialPublisher,Start,0x06000687,0x0012d8cc,332,
4,PENDIENTE,Tutorial,Assembly-CSharp,FrontEndTutorialPublisher,StartHelper,0x06000688,0x0012da18,72,
4,PENDIENTE,Tutorial,Assembly-CSharp,FrontEndTutorialPublisher,UnregisterControlListeners,0x06000686,0x0012d564,872,
4,PENDIENTE,Tutorial,Assembly-CSharp,FrontEndTutorialPublisher/<FadeInCoroutine>c__Iterator5B,.ctor,0x060009f3,0x00155038,44,
4,PENDIENTE,Tutorial,Assembly-CSharp,FrontEndTutorialPublisher/<FadeInCoroutine>c__Iterator5B,Dispose,0x060009f7,0x0015551c,56,
4,PENDIENTE,Tutorial,Assembly-CSharp,FrontEndTutorialPublisher/<FadeInCoroutine>c__Iterator5B,MoveNext,0x060009f6,0x001550cc,1104,
4,PENDIENTE,Tutorial,Assembly-CSharp,FrontEndTutorialPublisher/<FadeInCoroutine>c__Iterator5B,Reset,0x060009f8,0x00155554,64,
4,PENDIENTE,Tutorial,Assembly-CSharp,FrontEndTutorialPublisher/<FadeInCoroutine>c__Iterator5B,System.Collections.Generic.IEnumerator<object>.get_Current,0x060009f4,0x00155064,52,
4,PENDIENTE,Tutorial,Assembly-CSharp,FrontEndTutorialPublisher/<FadeInCoroutine>c__Iterator5B,System.Collections.IEnumerator.get_Current,0x060009f5,0x00155098,52,
4,PENDIENTE,Tutorial,Assembly-CSharp,FrontEndTutorialPublisher/<PulseArrowCoroutine>c__Iterator5A,.ctor,0x060009ed,0x00154b24,44,
4,PENDIENTE,Tutorial,Assembly-CSharp,FrontEndTutorialPublisher/<PulseArrowCoroutine>c__Iterator5A,Dispose,0x060009f1,0x00154fc0,56,
4,PENDIENTE,Tutorial,Assembly-CSharp,FrontEndTutorialPublisher/<PulseArrowCoroutine>c__Iterator5A,MoveNext,0x060009f0,0x00154bb8,1032,
4,PENDIENTE,Tutorial,Assembly-CSharp,FrontEndTutorialPublisher/<PulseArrowCoroutine>c__Iterator5A,Reset,0x060009f2,0x00154ff8,64,
4,PENDIENTE,Tutorial,Assembly-CSharp,FrontEndTutorialPublisher/<PulseArrowCoroutine>c__Iterator5A,System.Collections.Generic.IEnumerator<object>.get_Current,0x060009ee,0x00154b50,52,
4,PENDIENTE,Tutorial,Assembly-CSharp,FrontEndTutorialPublisher/<PulseArrowCoroutine>c__Iterator5A,System.Collections.IEnumerator.get_Current,0x060009ef,0x00154b84,52,
4,PENDIENTE,Tutorial,Assembly-CSharp,FrontEndTutorialPublisher/<StartHelper>c__Iterator5C,.ctor,0x060009f9,0x00155594,44,
4,PENDIENTE,Tutorial,Assembly-CSharp,FrontEndTutorialPublisher/<StartHelper>c__Iterator5C,Dispose,0x060009fd,0x00155944,56,
4,PENDIENTE,Tutorial,Assembly-CSharp,FrontEndTutorialPublisher/<StartHelper>c__Iterator5C,MoveNext,0x060009fc,0x00155628,796,
4,PENDIENTE,Tutorial,Assembly-CSharp,FrontEndTutorialPublisher/<StartHelper>c__Iterator5C,Reset,0x060009fe,0x0015597c,64,
4,PENDIENTE,Tutorial,Assembly-CSharp,FrontEndTutorialPublisher/<StartHelper>c__Iterator5C,System.Collections.Generic.IEnumerator<object>.get_Current,0x060009fa,0x001555c0,52,
4,PENDIENTE,Tutorial,Assembly-CSharp,FrontEndTutorialPublisher/<StartHelper>c__Iterator5C,System.Collections.IEnumerator.get_Current,0x060009fb,0x001555f4,52,
4,PENDIENTE,Tutorial,Assembly-CSharp,TutorialLauncherPublisher,.ctor,0x0600072a,0x00137718,52,
4,PENDIENTE,Tutorial,Assembly-CSharp,TutorialLauncherPublisher,PressedNo,0x0600072f,0x001378f8,88,
4,PENDIENTE,Tutorial,Assembly-CSharp,TutorialLauncherPublisher,PressedYes,0x0600072d,0x001377a4,268,
4,PENDIENTE,Tutorial,Assembly-CSharp,TutorialLauncherPublisher,Start,0x0600072b,0x0013774c,44,
4,PENDIENTE,Tutorial,Assembly-CSharp,TutorialLauncherPublisher,StartTutLoad,0x0600072e,0x001378b0,72,
4,PENDIENTE,Tutorial,Assembly-CSharp,TutorialLauncherPublisher,Update,0x0600072c,0x00137778,44,
4,PENDIENTE,Tutorial,Assembly-CSharp,TutorialLauncherPublisher/<StartTutLoad>c__Iterator73,.ctor,0x06000a8a,0x0015dac8,44,
4,PENDIENTE,Tutorial,Assembly-CSharp,TutorialLauncherPublisher/<StartTutLoad>c__Iterator73,Dispose,0x06000a8e,0x0015dc24,56,
4,PENDIENTE,Tutorial,Assembly-CSharp,TutorialLauncherPublisher/<StartTutLoad>c__Iterator73,MoveNext,0x06000a8d,0x0015db5c,200,
4,PENDIENTE,Tutorial,Assembly-CSharp,TutorialLauncherPublisher/<StartTutLoad>c__Iterator73,Reset,0x06000a8f,0x0015dc5c,64,
4,PENDIENTE,Tutorial,Assembly-CSharp,TutorialLauncherPublisher/<StartTutLoad>c__Iterator73,System.Collections.Generic.IEnumerator<object>.get_Current,0x06000a8b,0x0015daf4,52,
4,PENDIENTE,Tutorial,Assembly-CSharp,TutorialLauncherPublisher/<StartTutLoad>c__Iterator73,System.Collections.IEnumerator.get_Current,0x06000a8c,0x0015db28,52,
4,RECUPERADO-AOT,Utilidades compartidas,Assembly-CSharp,AnimatedTexture,UpdateTexture,0x06000195,0x000d53dc,72,
4,RECUPERADO-AOT,Utilidades compartidas,Assembly-CSharp-firstpass,AudioCrumb,.ctor,0x060000fc,0x000157c0,96,
4,RECUPERADO-AOT,Utilidades compartidas,Assembly-CSharp-firstpass,AudioSourcex,.ctor,0x060000fe,0x00015910,44,
4,RECUPERADO-AOT,Utilidades compartidas,Assembly-CSharp-firstpass,AudioSourcex,PlayClipAtTransform,0x060000ff,0x0001593c,568,
4,RECUPERADO-AOT,Utilidades compartidas,Assembly-CSharp-firstpass,AudioSourcex,PlayClipAtTransform,0x06000100,0x00015b74,112,
4,RECUPERADO-AOT,Utilidades compartidas,Assembly-CSharp-firstpass,AudioSourcex,PlayCrumbAtTransform,0x06000101,0x00015be4,84,
4,RECUPERADO-AOT,Utilidades compartidas,Assembly-CSharp-firstpass,DrawArea3D,.ctor,0x060001e1,0x00027d24,180,
4,RECUPERADO-AOT,Utilidades compartidas,Assembly-CSharp-firstpass,EdgePixels,.ctor,0x0600046a,0x0004a398,44,
4,RECUPERADO-AOT,Utilidades compartidas,Assembly-CSharp-firstpass,EdgePixels,get_xSum,0x0600046b,0x0004a3c4,76,
4,RECUPERADO-AOT,Utilidades compartidas,Assembly-CSharp-firstpass,EdgePixels,get_ySum,0x0600046c,0x0004a410,76,
4,RECUPERADO-AOT,Utilidades compartidas,Assembly-CSharp-firstpass,Mathfx,.ctor,0x06000141,0x0001a9b0,44,
4,RECUPERADO-AOT,Utilidades compartidas,Assembly-CSharp-firstpass,Mathfx,Bounce,0x0600014c,0x0001b380,688,
4,RECUPERADO-AOT,Utilidades compartidas,Assembly-CSharp-firstpass,Mathfx,ClampAngle,0x0600014a,0x0001b110,284,
4,RECUPERADO-AOT,Utilidades compartidas,Assembly-CSharp-firstpass,Mathfx,Coserp,0x06000144,0x0001ab74,240,
4,RECUPERADO-AOT,Utilidades compartidas,Assembly-CSharp-firstpass,Mathfx,DragBounce,0x06000149,0x0001b010,256,
4,RECUPERADO-AOT,Utilidades compartidas,Assembly-CSharp-firstpass,Mathfx,Exponential,0x06000147,0x0001aeac,196,
4,RECUPERADO-AOT,Utilidades compartidas,Assembly-CSharp-firstpass,Mathfx,Exponential,0x06000148,0x0001af70,160,
4,RECUPERADO-AOT,Utilidades compartidas,Assembly-CSharp-firstpass,Mathfx,Hermite,0x06000142,0x0001a9dc,196,
4,RECUPERADO-AOT,Utilidades compartidas,Assembly-CSharp-firstpass,Mathfx,Lerp,0x06000146,0x0001ae30,124,
4,RECUPERADO-AOT,Utilidades compartidas,Assembly-CSharp-firstpass,Mathfx,Parameter,0x0600014b,0x0001b22c,340,
4,RECUPERADO-AOT,Utilidades compartidas,Assembly-CSharp-firstpass,Mathfx,Sinerp,0x06000143,0x0001aaa0,212,
4,RECUPERADO-AOT,Utilidades compartidas,Assembly-CSharp-firstpass,MiniJSON,.ctor,0x0600031f,0x000344c4,44,
4,RECUPERADO-AOT,Utilidades compartidas,Assembly-CSharp-firstpass,MiniJSON,getLastErrorIndex,0x06000324,0x000346f8,56,
4,RECUPERADO-AOT,Utilidades compartidas,Assembly-CSharp-firstpass,MiniJSON,getLastErrorSnippet,0x06000325,0x00034730,256,
4,RECUPERADO-AOT,Utilidades compartidas,Assembly-CSharp-firstpass,MiniJSON,lastDecodeSuccessful,0x06000323,0x000346b0,72,
4,RECUPERADO-AOT,Utilidades compartidas,Assembly-CSharp-firstpass,MiniJSON,serializeObjectOrArray,0x0600032f,0x000356d4,340,
4,PENDIENTE,Utilidades compartidas,Assembly-CSharp-firstpass,PIDVectorController,.ctor,0x0600023a,0x0002c1b8,432,
4,PENDIENTE,Utilidades compartidas,Assembly-CSharp-firstpass,PIDVectorController,.ctor,0x0600023b,0x0002c368,360,
4,PENDIENTE,Utilidades compartidas,Assembly-CSharp-firstpass,PIDVectorController,CalculateOutput,0x0600023c,0x0002c4d0,692,
4,PENDIENTE,Utilidades compartidas,Assembly-CSharp,ParticleSystemDestroy,.ctor,0x06000393,0x000f521c,52,
4,PENDIENTE,Utilidades compartidas,Assembly-CSharp,ParticleSystemDestroy,Start,0x06000394,0x000f5250,72,
4,PENDIENTE,Utilidades compartidas,Assembly-CSharp,ParticleSystemDestroy/<Start>c__Iterator27,.ctor,0x060008b7,0x00148858,44,
4,PENDIENTE,Utilidades compartidas,Assembly-CSharp,ParticleSystemDestroy/<Start>c__Iterator27,Dispose,0x060008bb,0x00148ad8,56,
4,PENDIENTE,Utilidades compartidas,Assembly-CSharp,ParticleSystemDestroy/<Start>c__Iterator27,MoveNext,0x060008ba,0x001488ec,492,
4,PENDIENTE,Utilidades compartidas,Assembly-CSharp,ParticleSystemDestroy/<Start>c__Iterator27,Reset,0x060008bc,0x00148b10,64,
4,PENDIENTE,Utilidades compartidas,Assembly-CSharp,ParticleSystemDestroy/<Start>c__Iterator27,System.Collections.Generic.IEnumerator<object>.get_Current,0x060008b8,0x00148884,52,
4,PENDIENTE,Utilidades compartidas,Assembly-CSharp,ParticleSystemDestroy/<Start>c__Iterator27,System.Collections.IEnumerator.get_Current,0x060008b9,0x001488b8,52,
4,RECUPERADO-AOT,Utilidades compartidas,Assembly-CSharp-firstpass,Rangef,InverseLerp,0x06000190,0x000210ac,132,
4,RECUPERADO-AOT,Utilidades compartidas,Assembly-CSharp-firstpass,Rangef,get_Range,0x0600018c,0x00020eec,76,
4,RECUPERADO-AOT,Utilidades compartidas,Assembly-CSharp-firstpass,Rangef,get_random,0x0600018d,0x00020f38,108,
4,RECUPERADO-AOT,Utilidades compartidas,Assembly-CSharp-firstpass,Script,<ConvertObjectArray`1>m__3,0x0600025d,0x0002d994,68,
4,RECUPERADO-AOT,Utilidades compartidas,Assembly-CSharp-firstpass,Script,AddAnimation,0x0600023f,0x0002c810,124,
4,RECUPERADO-AOT,Utilidades compartidas,Assembly-CSharp-firstpass,Script,AddAnimation,0x06000240,0x0002c88c,120,
4,RECUPERADO-AOT,Utilidades compartidas,Assembly-CSharp-firstpass,Script,AddComponent,0x06000249,0x0002cc50,112,
4,RECUPERADO-AOT,Utilidades compartidas,Assembly-CSharp-firstpass,Script,AddComponentTo,0x0600024a,0x0002ccc0,96,
4,RECUPERADO-AOT,Utilidades compartidas,Assembly-CSharp-firstpass,Script,AddComponentTo,0x0600024b,0x0002cd20,116,
4,RECUPERADO-AOT,Utilidades compartidas,Assembly-CSharp-firstpass,Script,AddDelayed,0x06000242,0x0002c99c,96,
4,RECUPERADO-AOT,Utilidades compartidas,Assembly-CSharp-firstpass,Script,AnimationHelper,0x06000241,0x0002c904,152,
4,RECUPERADO-AOT,Utilidades compartidas,Assembly-CSharp-firstpass,Script,ConvertObjectArray,0x0600024c,0x0002cd94,116,
4,RECUPERADO-AOT,Utilidades compartidas,Assembly-CSharp-firstpass,Script,CreateLoop,0x06000258,0x0002d4a0,88,
4,RECUPERADO-AOT,Utilidades compartidas,Assembly-CSharp-firstpass,Script,CreateLoop,0x06000259,0x0002d4f8,84,
4,RECUPERADO-AOT,Utilidades compartidas,Assembly-CSharp-firstpass,Script,CreateLoop,0x0600025a,0x0002d54c,204,
4,RECUPERADO-AOT,Utilidades compartidas,Assembly-CSharp-firstpass,Script,DelayedHelper,0x06000243,0x0002c9fc,116,
4,RECUPERADO-AOT,Utilidades compartidas,Assembly-CSharp-firstpass,Script,FindNameRecursive,0x0600025b,0x0002d618,120,
4,RECUPERADO-AOT,Utilidades compartidas,Assembly-CSharp-firstpass,Script,FindNameRecursive,0x0600025c,0x0002d690,772,
4,RECUPERADO-AOT,Utilidades compartidas,Assembly-CSharp-firstpass,Script,GetComponentFrom,0x06000244,0x0002ca70,96,
4,RECUPERADO-AOT,Utilidades compartidas,Assembly-CSharp-firstpass,Script,GetComponentFrom,0x06000245,0x0002cad0,96,
4,RECUPERADO-AOT,Utilidades compartidas,Assembly-CSharp-firstpass,Script,GetComponentUpwards,0x0600024d,0x0002ce08,80,
4,RECUPERADO-AOT,Utilidades compartidas,Assembly-CSharp-firstpass,Script,GetComponentUpwardsFrom,0x0600024e,0x0002ce58,140,
4,RECUPERADO-AOT,Utilidades compartidas,Assembly-CSharp-firstpass,Script,GetComponentUpwardsFrom,0x0600024f,0x0002cee4,84,
4,RECUPERADO-AOT,Utilidades compartidas,Assembly-CSharp-firstpass,Script,GetComponentsFrom,0x06000246,0x0002cb30,96,
4,RECUPERADO-AOT,Utilidades compartidas,Assembly-CSharp-firstpass,Script,GetComponentsInChildrenFrom,0x06000247,0x0002cb90,96,
4,RECUPERADO-AOT,Utilidades compartidas,Assembly-CSharp-firstpass,Script,GetComponentsInChildrenFrom,0x06000248,0x0002cbf0,96,
4,RECUPERADO-AOT,Utilidades compartidas,Assembly-CSharp-firstpass,Script,InstantiateIfNotPresent,0x06000252,0x0002d030,320,
4,RECUPERADO-AOT,Utilidades compartidas,Assembly-CSharp-firstpass,Script,InstantiateIfNotPresent,0x06000253,0x0002d170,260,
4,RECUPERADO-AOT,Utilidades compartidas,Assembly-CSharp-firstpass,Script,SendMessageToGameObjects,0x06000256,0x0002d380,56,
4,RECUPERADO-AOT,Utilidades compartidas,Assembly-CSharp-firstpass,Script,SendMessageToGameObjects,0x06000257,0x0002d3b8,232,
4,RECUPERADO-AOT,Utilidades compartidas,Assembly-CSharp-firstpass,Script,SendMessageToObjectsOfType,0x06000254,0x0002d274,72,
4,RECUPERADO-AOT,Utilidades compartidas,Assembly-CSharp-firstpass,Script,SendMessageToObjectsOfType,0x06000255,0x0002d2bc,196,
4,RECUPERADO-AOT,Utilidades compartidas,Assembly-CSharp-firstpass,Script/<AnimationHelper>c__Iterator0,.ctor,0x06000513,0x00050968,44,
4,RECUPERADO-AOT,Utilidades compartidas,Assembly-CSharp-firstpass,Script/<AnimationHelper>c__Iterator0,Dispose,0x06000517,0x00050ba0,56,
4,RECUPERADO-AOT,Utilidades compartidas,Assembly-CSharp-firstpass,Script/<AnimationHelper>c__Iterator0,MoveNext,0x06000516,0x000509fc,420,
4,RECUPERADO-AOT,Utilidades compartidas,Assembly-CSharp-firstpass,Script/<AnimationHelper>c__Iterator0,Reset,0x06000518,0x00050bd8,64,
4,RECUPERADO-AOT,Utilidades compartidas,Assembly-CSharp-firstpass,Script/<AnimationHelper>c__Iterator0,System.Collections.Generic.IEnumerator<object>.get_Current,0x06000514,0x00050994,52,
4,RECUPERADO-AOT,Utilidades compartidas,Assembly-CSharp-firstpass,Script/<AnimationHelper>c__Iterator0,System.Collections.IEnumerator.get_Current,0x06000515,0x000509c8,52,
4,RECUPERADO-AOT,Utilidades compartidas,Assembly-CSharp-firstpass,Script/<DelayedHelper>c__Iterator1,.ctor,0x06000519,0x00050c18,44,
4,RECUPERADO-AOT,Utilidades compartidas,Assembly-CSharp-firstpass,Script/<DelayedHelper>c__Iterator1,Dispose,0x0600051d,0x00050d84,56,
4,RECUPERADO-AOT,Utilidades compartidas,Assembly-CSharp-firstpass,Script/<DelayedHelper>c__Iterator1,MoveNext,0x0600051c,0x00050cac,216,
4,RECUPERADO-AOT,Utilidades compartidas,Assembly-CSharp-firstpass,Script/<DelayedHelper>c__Iterator1,Reset,0x0600051e,0x00050dbc,64,
4,RECUPERADO-AOT,Utilidades compartidas,Assembly-CSharp-firstpass,Script/<DelayedHelper>c__Iterator1,System.Collections.Generic.IEnumerator<object>.get_Current,0x0600051a,0x00050c44,52,
4,RECUPERADO-AOT,Utilidades compartidas,Assembly-CSharp-firstpass,Script/<DelayedHelper>c__Iterator1,System.Collections.IEnumerator.get_Current,0x0600051b,0x00050c78,52,
4,RECUPERADO-AOT,Utilidades compartidas,Assembly-CSharp-firstpass,Vector3x,.cctor,0x060001ea,0x00028750,220,
4,RECUPERADO-AOT,Utilidades compartidas,Assembly-CSharp-firstpass,Vector3x,.ctor,0x060001e9,0x00028724,44,
4,RECUPERADO-AOT,Utilidades compartidas,Assembly-CSharp-firstpass,Vector3x,Coserp,0x060001ec,0x000289e4,440,
4,RECUPERADO-AOT,Utilidades compartidas,Assembly-CSharp-firstpass,Vector3x,FromString,0x060001f0,0x00029018,452,
4,RECUPERADO-AOT,Utilidades compartidas,Assembly-CSharp-firstpass,Vector3x,Hermite,0x060001ed,0x00028b9c,440,
4,RECUPERADO-AOT,Utilidades compartidas,Assembly-CSharp-firstpass,Vector3x,Inverse,0x060001ef,0x00028f0c,268,
4,RECUPERADO-AOT,Utilidades compartidas,Assembly-CSharp-firstpass,Vector3x,Sinerp,0x060001eb,0x0002882c,440,
ANDROID,PENDIENTE,Input táctil/inclinación (Android),Assembly-CSharp,PlayerAccelControl,.ctor,0x06000454,0x00100ee0,52,
ANDROID,PENDIENTE,Input táctil/inclinación (Android),Assembly-CSharp,PlayerAccelControl,ApplyReverse,0x06000457,0x00100f84,60,
ANDROID,PENDIENTE,Input táctil/inclinación (Android),Assembly-CSharp,PlayerAccelControl,FixedUpdate,0x0600045a,0x00101048,812,
ANDROID,PENDIENTE,Input táctil/inclinación (Android),Assembly-CSharp,PlayerAccelControl,Start,0x06000458,0x00100fc0,44,
ANDROID,PENDIENTE,Input táctil/inclinación (Android),Assembly-CSharp,PlayerAccelControl,Update,0x06000459,0x00100fec,92,
ANDROID,PENDIENTE,Input táctil/inclinación (Android),Assembly-CSharp,PlayerAccelControl,get_isReversing,0x06000455,0x00100f14,52,
ANDROID,PENDIENTE,Input táctil/inclinación (Android),Assembly-CSharp,PlayerAccelControl,set_isReversing,0x06000456,0x00100f48,60,
ANDROID,PENDIENTE,Input táctil/inclinación (Android),Assembly-CSharp,TouchTurnTrack,.ctor,0x06000782,0x0013cc84,52,
OPCIONAL,PENDIENTE,Depuración (herramientas del equipo original),Assembly-CSharp,ApplyEffectDebugUtility,.ctor,0x0600033f,0x000f03b4,92,
OPCIONAL,PENDIENTE,Depuración (herramientas del equipo original),Assembly-CSharp,ApplyEffectDebugUtility,Update,0x06000340,0x000f0410,240,
OPCIONAL,PENDIENTE,Depuración (herramientas del equipo original),Assembly-CSharp,DebugLapButtonPublisher,.ctor,0x060005a8,0x0011c430,52,
OPCIONAL,PENDIENTE,Depuración (herramientas del equipo original),Assembly-CSharp,DebugLapButtonPublisher,OnButtonPressed,0x060005ab,0x0011c4bc,116,
OPCIONAL,PENDIENTE,Depuración (herramientas del equipo original),Assembly-CSharp,DebugLapButtonPublisher,Start,0x060005a9,0x0011c464,44,
OPCIONAL,PENDIENTE,Depuración (herramientas del equipo original),Assembly-CSharp,DebugLapButtonPublisher,Update,0x060005aa,0x0011c490,44,
OPCIONAL,PENDIENTE,Depuración (herramientas del equipo original),Assembly-CSharp,DebugRaceResultPublisher,.ctor,0x060005b6,0x0011ca20,52,
OPCIONAL,PENDIENTE,Depuración (herramientas del equipo original),Assembly-CSharp,DebugRaceResultPublisher,PressedDoneButton,0x060005b8,0x0011cd4c,80,
OPCIONAL,PENDIENTE,Depuración (herramientas del equipo original),Assembly-CSharp,DebugRaceResultPublisher,PressedRewindButton,0x060005b9,0x0011cd9c,72,
OPCIONAL,PENDIENTE,Depuración (herramientas del equipo original),Assembly-CSharp,DebugRaceResultPublisher,Start,0x060005b7,0x0011ca54,760,
OPCIONAL,PENDIENTE,Depuración (herramientas del equipo original),Assembly-CSharp,DebugRewindDialogPublisher,.ctor,0x060005ba,0x0011cde4,52,
OPCIONAL,PENDIENTE,Depuración (herramientas del equipo original),Assembly-CSharp,DebugRewindDialogPublisher,OnCancelPressed,0x060005be,0x0011d158,56,
OPCIONAL,PENDIENTE,Depuración (herramientas del equipo original),Assembly-CSharp,DebugRewindDialogPublisher,OnRewindPressed,0x060005bd,0x0011d0f0,104,
OPCIONAL,PENDIENTE,Depuración (herramientas del equipo original),Assembly-CSharp,DebugRewindDialogPublisher,Start,0x060005bb,0x0011ce18,684,
OPCIONAL,PENDIENTE,Depuración (herramientas del equipo original),Assembly-CSharp,DebugRewindDialogPublisher,Update,0x060005bc,0x0011d0c4,44,
OPCIONAL,PENDIENTE,Depuración (herramientas del equipo original),Assembly-CSharp,RuntimeEditorUtils,.ctor,0x06000479,0x0010349c,52,
OPCIONAL,PENDIENTE,Depuración (herramientas del equipo original),Assembly-CSharp,StreamTest,.ctor,0x060004af,0x00106cfc,52,
OPCIONAL,PENDIENTE,Depuración (herramientas del equipo original),Assembly-CSharp,StreamTest,Start,0x060004b0,0x00106d30,44,
OPCIONAL,PENDIENTE,Depuración (herramientas del equipo original),Assembly-CSharp,StreamTest,Update,0x060004b1,0x00106d5c,44,
SIN USO DETECTADO,PENDIENTE,Utilidades compartidas,Assembly-CSharp-firstpass,<PrivateImplementationDetails>,.ctor,0x0600060f,0x0005e868,44,
SIN USO DETECTADO,PENDIENTE,Utilidades compartidas,Assembly-CSharp,ActiveObjectListSwtich,.ctor,0x06000509,0x0010ce14,52,
SIN USO DETECTADO,PENDIENTE,Utilidades compartidas,Assembly-CSharp,ActiveObjectListSwtich,Fire,0x0600050a,0x0010ce48,276,
SIN USO DETECTADO,PENDIENTE,Utilidades compartidas,Assembly-CSharp,ActiveObjectListSwtich,OnTriggerEnter,0x0600050c,0x0010cfa0,80,
SIN USO DETECTADO,PENDIENTE,Utilidades compartidas,Assembly-CSharp,ActiveObjectListSwtich,Start,0x0600050b,0x0010cf5c,68,
SIN USO DETECTADO,PENDIENTE,Utilidades compartidas,Assembly-CSharp,AutoDestructParticleSystem,.ctor,0x06000341,0x000f0500,52,
SIN USO DETECTADO,PENDIENTE,Utilidades compartidas,Assembly-CSharp,AutoDestructParticleSystem,LateUpdate,0x06000344,0x000f058c,112,
SIN USO DETECTADO,PENDIENTE,Utilidades compartidas,Assembly-CSharp,AutoDestructParticleSystem,Start,0x06000342,0x000f0534,44,
SIN USO DETECTADO,PENDIENTE,Utilidades compartidas,Assembly-CSharp,AutoDestructParticleSystem,Update,0x06000343,0x000f0560,44,
SIN USO DETECTADO,PENDIENTE,Utilidades compartidas,Assembly-CSharp,BillboardRemover,.ctor,0x060004c0,0x00107cec,52,
SIN USO DETECTADO,PENDIENTE,Utilidades compartidas,Assembly-CSharp,BillboardRemover,RemoveBillboards,0x060004c3,0x00107dcc,72,
SIN USO DETECTADO,PENDIENTE,Utilidades compartidas,Assembly-CSharp,BillboardRemover,Start,0x060004c1,0x00107d20,128,
SIN USO DETECTADO,PENDIENTE,Utilidades compartidas,Assembly-CSharp,BillboardRemover,Update,0x060004c2,0x00107da0,44,
SIN USO DETECTADO,PENDIENTE,Utilidades compartidas,Assembly-CSharp,BillboardRemover/<RemoveBillboards>c__Iterator35,.ctor,0x0600090f,0x0014c900,44,
SIN USO DETECTADO,PENDIENTE,Utilidades compartidas,Assembly-CSharp,BillboardRemover/<RemoveBillboards>c__Iterator35,Dispose,0x06000913,0x0014cbac,56,
SIN USO DETECTADO,PENDIENTE,Utilidades compartidas,Assembly-CSharp,BillboardRemover/<RemoveBillboards>c__Iterator35,MoveNext,0x06000912,0x0014c994,536,
SIN USO DETECTADO,PENDIENTE,Utilidades compartidas,Assembly-CSharp,BillboardRemover/<RemoveBillboards>c__Iterator35,Reset,0x06000914,0x0014cbe4,64,
SIN USO DETECTADO,PENDIENTE,Utilidades compartidas,Assembly-CSharp,BillboardRemover/<RemoveBillboards>c__Iterator35,System.Collections.Generic.IEnumerator<object>.get_Current,0x06000910,0x0014c92c,52,
SIN USO DETECTADO,PENDIENTE,Utilidades compartidas,Assembly-CSharp,BillboardRemover/<RemoveBillboards>c__Iterator35,System.Collections.IEnumerator.get_Current,0x06000911,0x0014c960,52,
SIN USO DETECTADO,PENDIENTE,Utilidades compartidas,Assembly-CSharp-firstpass,ByteStream,.ctor,0x06000103,0x00015e4c,136,
SIN USO DETECTADO,PENDIENTE,Utilidades compartidas,Assembly-CSharp-firstpass,ByteStream,.ctor,0x06000104,0x00015ed4,140,
SIN USO DETECTADO,PENDIENTE,Utilidades compartidas,Assembly-CSharp-firstpass,ByteStream,Serialize,0x06000106,0x00015fa4,148,
SIN USO DETECTADO,PENDIENTE,Utilidades compartidas,Assembly-CSharp-firstpass,ByteStream,Serialize,0x06000107,0x00016038,124,
SIN USO DETECTADO,PENDIENTE,Utilidades compartidas,Assembly-CSharp-firstpass,ByteStream,Serialize,0x06000108,0x000160b4,124,
SIN USO DETECTADO,PENDIENTE,Utilidades compartidas,Assembly-CSharp-firstpass,ByteStream,Serialize,0x06000109,0x00016130,124,
SIN USO DETECTADO,PENDIENTE,Utilidades compartidas,Assembly-CSharp-firstpass,ByteStream,Serialize,0x0600010a,0x000161ac,136,
SIN USO DETECTADO,PENDIENTE,Utilidades compartidas,Assembly-CSharp-firstpass,ByteStream,Serialize,0x0600010b,0x00016234,136,
SIN USO DETECTADO,PENDIENTE,Utilidades compartidas,Assembly-CSharp-firstpass,ByteStream,Serialize,0x0600010c,0x000162bc,292,
SIN USO DETECTADO,PENDIENTE,Utilidades compartidas,Assembly-CSharp-firstpass,ByteStream,Serialize,0x0600010d,0x000163e0,368,
SIN USO DETECTADO,PENDIENTE,Utilidades compartidas,Assembly-CSharp-firstpass,ByteStream,Serialize,0x0600010e,0x00016550,124,
SIN USO DETECTADO,PENDIENTE,Utilidades compartidas,Assembly-CSharp-firstpass,ByteStream,Serialize,0x0600010f,0x000165cc,336,
SIN USO DETECTADO,PENDIENTE,Utilidades compartidas,Assembly-CSharp-firstpass,ByteStream,get_Bytes,0x06000105,0x00015f60,68,
SIN USO DETECTADO,PENDIENTE,Utilidades compartidas,Assembly-CSharp-firstpass,DrawArea,.ctor,0x060001dc,0x00027064,472,
SIN USO DETECTADO,PENDIENTE,Utilidades compartidas,Assembly-CSharp-firstpass,DrawArea,DrawDiamond,0x060001e0,0x00027950,980,
SIN USO DETECTADO,PENDIENTE,Utilidades compartidas,Assembly-CSharp-firstpass,DrawArea,DrawLine,0x060001de,0x00027520,236,
SIN USO DETECTADO,PENDIENTE,Utilidades compartidas,Assembly-CSharp-firstpass,DrawArea,DrawRect,0x060001df,0x0002760c,836,
SIN USO DETECTADO,PENDIENTE,Utilidades compartidas,Assembly-CSharp-firstpass,DrawArea,Point,0x060001dd,0x0002723c,740,
SIN USO DETECTADO,PENDIENTE,Utilidades compartidas,Assembly-CSharp-firstpass,DrawArea3D,Point,0x060001e2,0x00027dd8,576,
SIN USO DETECTADO,PENDIENTE,Utilidades compartidas,Assembly-CSharp-firstpass,EnumerableScript,.ctor,0x060000ea,0x00014b98,44,
SIN USO DETECTADO,PENDIENTE,Utilidades compartidas,Assembly-CSharp-firstpass,EnumerableScript`1,.cctor,0x060000ec,0x00014bf8,92,
SIN USO DETECTADO,PENDIENTE,Utilidades compartidas,Assembly-CSharp-firstpass,EnumerableScript`1,.ctor,0x060000eb,0x00014bc4,52,
SIN USO DETECTADO,PENDIENTE,Utilidades compartidas,Assembly-CSharp-firstpass,EnumerableScript`1,All,0x060000ef,0x00014dbc,68,
SIN USO DETECTADO,PENDIENTE,Utilidades compartidas,Assembly-CSharp-firstpass,EnumerableScript`1,GetEnumerator,0x060000f0,0x00014e00,152,
SIN USO DETECTADO,PENDIENTE,Utilidades compartidas,Assembly-CSharp-firstpass,EnumerableScript`1,OnDisable,0x060000ee,0x00014d08,180,
SIN USO DETECTADO,PENDIENTE,Utilidades compartidas,Assembly-CSharp-firstpass,EnumerableScript`1,Start,0x060000ed,0x00014c54,180,
SIN USO DETECTADO,PENDIENTE,Utilidades compartidas,Assembly-CSharp-firstpass,FractalNoise,.ctor,0x06000181,0x0001fd38,172,
SIN USO DETECTADO,PENDIENTE,Utilidades compartidas,Assembly-CSharp-firstpass,FractalNoise,.ctor,0x06000182,0x0001fde4,132,
SIN USO DETECTADO,PENDIENTE,Utilidades compartidas,Assembly-CSharp-firstpass,FractalNoise,.ctor,0x06000183,0x0001fe68,428,
SIN USO DETECTADO,PENDIENTE,Utilidades compartidas,Assembly-CSharp-firstpass,FractalNoise,BrownianMotion,0x06000187,0x00020654,712,
SIN USO DETECTADO,PENDIENTE,Utilidades compartidas,Assembly-CSharp-firstpass,FractalNoise,HybridMultifractal,0x06000185,0x00020040,828,
SIN USO DETECTADO,PENDIENTE,Utilidades compartidas,Assembly-CSharp-firstpass,FractalNoise,PrecalculateNOoise,0x06000184,0x00020014,44,
SIN USO DETECTADO,PENDIENTE,Utilidades compartidas,Assembly-CSharp-firstpass,FractalNoise,RidgedMultifractal,0x06000186,0x0002037c,728,
SIN USO DETECTADO,PENDIENTE,Utilidades compartidas,Assembly-CSharp-firstpass,FractalNoiseParams,.ctor,0x06000180,0x0001fc64,212,
SIN USO DETECTADO,PENDIENTE,Utilidades compartidas,Assembly-CSharp-firstpass,GUIx,.cctor,0x06000114,0x00016860,292,
SIN USO DETECTADO,PENDIENTE,Utilidades compartidas,Assembly-CSharp-firstpass,GUIx,.ctor,0x06000113,0x00016834,44,
SIN USO DETECTADO,PENDIENTE,Utilidades compartidas,Assembly-CSharp-firstpass,GUIx,AutoScaleText,0x0600011b,0x0001769c,160,
SIN USO DETECTADO,PENDIENTE,Utilidades compartidas,Assembly-CSharp-firstpass,GUIx,AutoScaleText,0x0600011c,0x0001773c,1964,
SIN USO DETECTADO,PENDIENTE,Utilidades compartidas,Assembly-CSharp-firstpass,GUIx,BeginGroupShadow,0x06000130,0x00019344,140,
SIN USO DETECTADO,PENDIENTE,Utilidades compartidas,Assembly-CSharp-firstpass,GUIx,BeginGroupShadow,0x06000131,0x000193d0,940,
SIN USO DETECTADO,PENDIENTE,Utilidades compartidas,Assembly-CSharp-firstpass,GUIx,ButtonShadow,0x0600012a,0x00018c94,152,
SIN USO DETECTADO,PENDIENTE,Utilidades compartidas,Assembly-CSharp-firstpass,GUIx,ButtonShadow,0x0600012b,0x00018d2c,136,
SIN USO DETECTADO,PENDIENTE,Utilidades compartidas,Assembly-CSharp-firstpass,GUIx,ButtonShadow,0x0600012c,0x00018db4,184,
SIN USO DETECTADO,PENDIENTE,Utilidades compartidas,Assembly-CSharp-firstpass,GUIx,ButtonShadow,0x0600012d,0x00018e6c,140,
SIN USO DETECTADO,PENDIENTE,Utilidades compartidas,Assembly-CSharp-firstpass,GUIx,ButtonShadow,0x0600012e,0x00018ef8,176,
SIN USO DETECTADO,PENDIENTE,Utilidades compartidas,Assembly-CSharp-firstpass,GUIx,ButtonShadow,0x0600012f,0x00018fa8,924,
SIN USO DETECTADO,PENDIENTE,Utilidades compartidas,Assembly-CSharp-firstpass,GUIx,EndGroupShadow,0x06000132,0x0001977c,40,
SIN USO DETECTADO,PENDIENTE,Utilidades compartidas,Assembly-CSharp-firstpass,GUIx,LabelShadow,0x06000122,0x00018498,192,
SIN USO DETECTADO,PENDIENTE,Utilidades compartidas,Assembly-CSharp-firstpass,GUIx,LabelShadow,0x06000123,0x00018558,216,
SIN USO DETECTADO,PENDIENTE,Utilidades compartidas,Assembly-CSharp-firstpass,GUIx,LabelShadow,0x06000124,0x00018630,140,
SIN USO DETECTADO,PENDIENTE,Utilidades compartidas,Assembly-CSharp-firstpass,GUIx,LabelShadow,0x06000125,0x000186bc,176,
SIN USO DETECTADO,PENDIENTE,Utilidades compartidas,Assembly-CSharp-firstpass,GUIx,LabelShadow,0x06000126,0x0001876c,204,
SIN USO DETECTADO,PENDIENTE,Utilidades compartidas,Assembly-CSharp-firstpass,GUIx,LabelShadow,0x06000127,0x00018838,208,
SIN USO DETECTADO,PENDIENTE,Utilidades compartidas,Assembly-CSharp-firstpass,GUIx,LabelShadow,0x06000128,0x00018908,156,
SIN USO DETECTADO,PENDIENTE,Utilidades compartidas,Assembly-CSharp-firstpass,GUIx,LabelShadow,0x06000129,0x000189a4,752,
SIN USO DETECTADO,PENDIENTE,Utilidades compartidas,Assembly-CSharp-firstpass,GUIx,RepeatButtonShadow,0x06000137,0x0001a038,156,
SIN USO DETECTADO,PENDIENTE,Utilidades compartidas,Assembly-CSharp-firstpass,GUIx,RepeatButtonShadow,0x06000138,0x0001a0d4,144,
SIN USO DETECTADO,PENDIENTE,Utilidades compartidas,Assembly-CSharp-firstpass,GUIx,RepeatButtonShadow,0x06000139,0x0001a164,184,
SIN USO DETECTADO,PENDIENTE,Utilidades compartidas,Assembly-CSharp-firstpass,GUIx,RepeatButtonShadow,0x0600013a,0x0001a21c,140,
SIN USO DETECTADO,PENDIENTE,Utilidades compartidas,Assembly-CSharp-firstpass,GUIx,RepeatButtonShadow,0x0600013b,0x0001a2a8,924,
SIN USO DETECTADO,PENDIENTE,Utilidades compartidas,Assembly-CSharp-firstpass,GUIx,ScreenScale,0x06000115,0x00016984,304,
SIN USO DETECTADO,PENDIENTE,Utilidades compartidas,Assembly-CSharp-firstpass,GUIx,ScreenScaleBig,0x06000116,0x00016ab4,304,
SIN USO DETECTADO,PENDIENTE,Utilidades compartidas,Assembly-CSharp-firstpass,GUIx,TextRect,0x06000118,0x00016d0c,164,
SIN USO DETECTADO,PENDIENTE,Utilidades compartidas,Assembly-CSharp-firstpass,GUIx,TextRect,0x06000119,0x00016db0,160,
SIN USO DETECTADO,PENDIENTE,Utilidades compartidas,Assembly-CSharp-firstpass,GUIx,TextRect,0x0600011a,0x00016e50,2124,
SIN USO DETECTADO,PENDIENTE,Utilidades compartidas,Assembly-CSharp-firstpass,GUIx,TextRectShadow,0x0600011d,0x00017ee8,188,
SIN USO DETECTADO,PENDIENTE,Utilidades compartidas,Assembly-CSharp-firstpass,GUIx,TextRectShadow,0x0600011e,0x00017fa4,184,
SIN USO DETECTADO,PENDIENTE,Utilidades compartidas,Assembly-CSharp-firstpass,GUIx,TextRectShadow,0x0600011f,0x0001805c,140,
SIN USO DETECTADO,PENDIENTE,Utilidades compartidas,Assembly-CSharp-firstpass,GUIx,TextRectShadow,0x06000120,0x000180e8,192,
SIN USO DETECTADO,PENDIENTE,Utilidades compartidas,Assembly-CSharp-firstpass,GUIx,TextRectShadow,0x06000121,0x000181a8,752,
SIN USO DETECTADO,PENDIENTE,Utilidades compartidas,Assembly-CSharp-firstpass,GUIx,ToggleShadow,0x06000133,0x000197a4,168,
SIN USO DETECTADO,PENDIENTE,Utilidades compartidas,Assembly-CSharp-firstpass,GUIx,ToggleShadow,0x06000134,0x0001984c,152,
SIN USO DETECTADO,PENDIENTE,Utilidades compartidas,Assembly-CSharp-firstpass,GUIx,ToggleShadow,0x06000135,0x000198e4,156,
SIN USO DETECTADO,PENDIENTE,Utilidades compartidas,Assembly-CSharp-firstpass,GUIx,ToggleShadow,0x06000136,0x00019980,1720,
SIN USO DETECTADO,PENDIENTE,Utilidades compartidas,Assembly-CSharp-firstpass,GUIx,get_screenMargin,0x06000117,0x00016be4,296,
SIN USO DETECTADO,PENDIENTE,Utilidades compartidas,Assembly-CSharp-firstpass,Inputx,.ctor,0x0600013c,0x0001a644,44,
SIN USO DETECTADO,PENDIENTE,Utilidades compartidas,Assembly-CSharp-firstpass,Inputx,InputDown,0x0600013e,0x0001a724,192,
SIN USO DETECTADO,PENDIENTE,Utilidades compartidas,Assembly-CSharp-firstpass,Inputx,InputDownStart,0x0600013d,0x0001a670,180,
SIN USO DETECTADO,PENDIENTE,Utilidades compartidas,Assembly-CSharp-firstpass,Inputx,InputPosition,0x06000140,0x0001a8b0,256,
SIN USO DETECTADO,PENDIENTE,Utilidades compartidas,Assembly-CSharp-firstpass,Inputx,InputUp,0x0600013f,0x0001a7e4,204,
SIN USO DETECTADO,PENDIENTE,Utilidades compartidas,Assembly-CSharp-firstpass,Matrix4x4x,.ctor,0x0600014d,0x0001b630,44,
SIN USO DETECTADO,PENDIENTE,Utilidades compartidas,Assembly-CSharp-firstpass,Matrix4x4x,AdjustToIPhone,0x06000154,0x0001c638,208,
SIN USO DETECTADO,PENDIENTE,Utilidades compartidas,Assembly-CSharp-firstpass,Matrix4x4x,AdjustToIPhone,0x06000155,0x0001c708,1132,
SIN USO DETECTADO,PENDIENTE,Utilidades compartidas,Assembly-CSharp-firstpass,Matrix4x4x,AdjustToIPhone,0x06000156,0x0001cb74,448,
SIN USO DETECTADO,PENDIENTE,Utilidades compartidas,Assembly-CSharp-firstpass,Matrix4x4x,CropMatrix,0x06000153,0x0001c000,1592,
SIN USO DETECTADO,PENDIENTE,Utilidades compartidas,Assembly-CSharp-firstpass,Matrix4x4x,Rotate,0x0600014f,0x0001b72c,108,
SIN USO DETECTADO,PENDIENTE,Utilidades compartidas,Assembly-CSharp-firstpass,Matrix4x4x,RotateAtOrigin,0x06000152,0x0001bc2c,980,
SIN USO DETECTADO,PENDIENTE,Utilidades compartidas,Assembly-CSharp-firstpass,Matrix4x4x,Scale,0x06000150,0x0001b798,208,
SIN USO DETECTADO,PENDIENTE,Utilidades compartidas,Assembly-CSharp-firstpass,Matrix4x4x,ScaleAtOrigin,0x06000151,0x0001b868,964,
SIN USO DETECTADO,PENDIENTE,Utilidades compartidas,Assembly-CSharp-firstpass,Matrix4x4x,Translate,0x0600014e,0x0001b65c,208,
SIN USO DETECTADO,PENDIENTE,Utilidades compartidas,Assembly-CSharp-firstpass,Messenger,.cctor,0x0600015f,0x0001d30c,76,
SIN USO DETECTADO,PENDIENTE,Utilidades compartidas,Assembly-CSharp-firstpass,Messenger,AddListener,0x06000160,0x0001d358,272,
SIN USO DETECTADO,PENDIENTE,Utilidades compartidas,Assembly-CSharp-firstpass,Messenger,Broadcast,0x06000162,0x0001d584,72,
SIN USO DETECTADO,PENDIENTE,Utilidades compartidas,Assembly-CSharp-firstpass,Messenger,Broadcast,0x06000163,0x0001d5cc,216,
SIN USO DETECTADO,PENDIENTE,Utilidades compartidas,Assembly-CSharp-firstpass,Messenger,RemoveListener,0x06000161,0x0001d468,284,
SIN USO DETECTADO,PENDIENTE,Utilidades compartidas,Assembly-CSharp-firstpass,MessengerInternal,.cctor,0x06000157,0x0001cd34,116,
SIN USO DETECTADO,PENDIENTE,Utilidades compartidas,Assembly-CSharp-firstpass,MessengerInternal,CreateBroadcastSignatureException,0x0600015c,0x0001d228,108,
SIN USO DETECTADO,PENDIENTE,Utilidades compartidas,Assembly-CSharp-firstpass,MessengerInternal,OnBroadcasting,0x0600015b,0x0001d170,184,
SIN USO DETECTADO,PENDIENTE,Utilidades compartidas,Assembly-CSharp-firstpass,MessengerInternal,OnListenerAdding,0x06000158,0x0001cda8,360,
SIN USO DETECTADO,PENDIENTE,Utilidades compartidas,Assembly-CSharp-firstpass,MessengerInternal,OnListenerRemoved,0x0600015a,0x0001d0f4,124,
SIN USO DETECTADO,PENDIENTE,Utilidades compartidas,Assembly-CSharp-firstpass,MessengerInternal,OnListenerRemoving,0x06000159,0x0001cf10,484,
SIN USO DETECTADO,PENDIENTE,Utilidades compartidas,Assembly-CSharp-firstpass,MessengerInternal/BroadcastException,.ctor,0x0600015d,0x0001d294,60,
SIN USO DETECTADO,PENDIENTE,Utilidades compartidas,Assembly-CSharp-firstpass,MessengerInternal/ListenerException,.ctor,0x0600015e,0x0001d2d0,60,
SIN USO DETECTADO,PENDIENTE,Utilidades compartidas,Assembly-CSharp-firstpass,Messenger`1,.cctor,0x06000164,0x0001d6a4,96,
SIN USO DETECTADO,PENDIENTE,Utilidades compartidas,Assembly-CSharp-firstpass,Messenger`1,AddListener,0x06000165,0x0001d704,212,
SIN USO DETECTADO,PENDIENTE,Utilidades compartidas,Assembly-CSharp-firstpass,Messenger`1,Broadcast,0x06000167,0x0001d8b4,104,
SIN USO DETECTADO,PENDIENTE,Utilidades compartidas,Assembly-CSharp-firstpass,Messenger`1,Broadcast,0x06000168,0x0001d91c,200,
SIN USO DETECTADO,PENDIENTE,Utilidades compartidas,Assembly-CSharp-firstpass,Messenger`1,RemoveListener,0x06000166,0x0001d7d8,220,
SIN USO DETECTADO,PENDIENTE,Utilidades compartidas,Assembly-CSharp-firstpass,Messenger`2,.cctor,0x06000169,0x0001d9e4,96,
SIN USO DETECTADO,PENDIENTE,Utilidades compartidas,Assembly-CSharp-firstpass,Messenger`2,AddListener,0x0600016a,0x0001da44,212,
SIN USO DETECTADO,PENDIENTE,Utilidades compartidas,Assembly-CSharp-firstpass,Messenger`2,Broadcast,0x0600016c,0x0001dbf4,112,
SIN USO DETECTADO,PENDIENTE,Utilidades compartidas,Assembly-CSharp-firstpass,Messenger`2,Broadcast,0x0600016d,0x0001dc64,208,
SIN USO DETECTADO,PENDIENTE,Utilidades compartidas,Assembly-CSharp-firstpass,Messenger`2,RemoveListener,0x0600016b,0x0001db18,220,
SIN USO DETECTADO,PENDIENTE,Utilidades compartidas,Assembly-CSharp-firstpass,Messenger`3,.cctor,0x0600016e,0x0001dd34,96,
SIN USO DETECTADO,PENDIENTE,Utilidades compartidas,Assembly-CSharp-firstpass,Messenger`3,AddListener,0x0600016f,0x0001dd94,212,
SIN USO DETECTADO,PENDIENTE,Utilidades compartidas,Assembly-CSharp-firstpass,Messenger`3,Broadcast,0x06000171,0x0001df44,124,
SIN USO DETECTADO,PENDIENTE,Utilidades compartidas,Assembly-CSharp-firstpass,Messenger`3,Broadcast,0x06000172,0x0001dfc0,220,
SIN USO DETECTADO,PENDIENTE,Utilidades compartidas,Assembly-CSharp-firstpass,Messenger`3,RemoveListener,0x06000170,0x0001de68,220,
SIN USO DETECTADO,PENDIENTE,Utilidades compartidas,Assembly-CSharp-firstpass,MiniJsonExtensions,arrayListFromJson,0x06000338,0x00036608,112,
SIN USO DETECTADO,PENDIENTE,Utilidades compartidas,Assembly-CSharp-firstpass,MiniJsonExtensions,hashtableFromJson,0x06000339,0x00036678,112,
SIN USO DETECTADO,PENDIENTE,Utilidades compartidas,Assembly-CSharp-firstpass,MiniJsonExtensions,toJson,0x06000336,0x000365a0,52,
SIN USO DETECTADO,PENDIENTE,Utilidades compartidas,Assembly-CSharp-firstpass,MiniJsonExtensions,toJson,0x06000337,0x000365d4,52,
SIN USO DETECTADO,PENDIENTE,Utilidades compartidas,Assembly-CSharp,ObjectGroupList,.ctor,0x0600051c,0x0010dea4,68,
SIN USO DETECTADO,PENDIENTE,Utilidades compartidas,Assembly-CSharp,ObjectGroupList,Awake,0x0600051f,0x0010e078,56,
SIN USO DETECTADO,PENDIENTE,Utilidades compartidas,Assembly-CSharp,ObjectGroupList,get_CurrentState,0x0600051d,0x0010dee8,52,
SIN USO DETECTADO,PENDIENTE,Utilidades compartidas,Assembly-CSharp,ObjectGroupList,set_CurrentState,0x0600051e,0x0010df1c,348,
SIN USO DETECTADO,PENDIENTE,Utilidades compartidas,Assembly-CSharp-firstpass,PIDController,.ctor,0x06000236,0x0002bed4,236,
SIN USO DETECTADO,PENDIENTE,Utilidades compartidas,Assembly-CSharp-firstpass,PIDController,.ctor,0x06000237,0x0002bfc0,168,
SIN USO DETECTADO,PENDIENTE,Utilidades compartidas,Assembly-CSharp-firstpass,PIDController,CalculateOutput,0x06000238,0x0002c068,268,
SIN USO DETECTADO,PENDIENTE,Utilidades compartidas,Assembly-CSharp-firstpass,PIDController,SetPoint,0x06000239,0x0002c174,68,
SIN USO DETECTADO,PENDIENTE,Utilidades compartidas,Assembly-CSharp-firstpass,PIDVectorController,SetPoint,0x0600023d,0x0002c784,88,
SIN USO DETECTADO,PENDIENTE,Utilidades compartidas,Assembly-CSharp-firstpass,Perlin,.cctor,0x06000178,0x0001e600,120,
SIN USO DETECTADO,PENDIENTE,Utilidades compartidas,Assembly-CSharp-firstpass,Perlin,.ctor,0x06000177,0x0001e5d4,44,
SIN USO DETECTADO,PENDIENTE,Utilidades compartidas,Assembly-CSharp-firstpass,Perlin,Noise,0x0600017a,0x0001e72c,1544,
SIN USO DETECTADO,PENDIENTE,Utilidades compartidas,Assembly-CSharp-firstpass,Perlin,Noise,0x0600017b,0x0001ed34,2964,
SIN USO DETECTADO,PENDIENTE,Utilidades compartidas,Assembly-CSharp-firstpass,Perlin,NoiseNormalized,0x06000179,0x0001e678,180,
SIN USO DETECTADO,PENDIENTE,Utilidades compartidas,Assembly-CSharp-firstpass,Perlin,fade,0x0600017c,0x0001f8c8,168,
SIN USO DETECTADO,PENDIENTE,Utilidades compartidas,Assembly-CSharp-firstpass,Perlin,grad,0x0600017e,0x0001f9d8,324,
SIN USO DETECTADO,PENDIENTE,Utilidades compartidas,Assembly-CSharp-firstpass,Perlin,grad2,0x0600017f,0x0001fb1c,328,
SIN USO DETECTADO,PENDIENTE,Utilidades compartidas,Assembly-CSharp-firstpass,Perlin,lerp,0x0600017d,0x0001f970,104,
SIN USO DETECTADO,PENDIENTE,Utilidades compartidas,Assembly-CSharp-firstpass,Quaternionx,.ctor,0x06000188,0x0002091c,44,
SIN USO DETECTADO,PENDIENTE,Utilidades compartidas,Assembly-CSharp-firstpass,Quaternionx,QuaternionToMatrix4x4,0x06000189,0x00020948,1260,
SIN USO DETECTADO,PENDIENTE,Utilidades compartidas,Assembly-CSharp-firstpass,Rectx,.ctor,0x06000191,0x00021130,44,
SIN USO DETECTADO,PENDIENTE,Utilidades compartidas,Assembly-CSharp-firstpass,Rectx,AddScreenMargin,0x06000196,0x00021680,412,
SIN USO DETECTADO,PENDIENTE,Utilidades compartidas,Assembly-CSharp-firstpass,Rectx,DoesContain,0x06000195,0x000214cc,436,
SIN USO DETECTADO,PENDIENTE,Utilidades compartidas,Assembly-CSharp-firstpass,Rectx,GetBottomLeft,0x06000193,0x000212c0,280,
SIN USO DETECTADO,PENDIENTE,Utilidades compartidas,Assembly-CSharp-firstpass,Rectx,GetCenter,0x06000192,0x0002115c,356,
SIN USO DETECTADO,PENDIENTE,Utilidades compartidas,Assembly-CSharp-firstpass,Rectx,WillFitIn,0x06000194,0x000213d8,244,
SIN USO DETECTADO,PENDIENTE,Utilidades compartidas,Assembly-CSharp,RewbieShimmer,.ctor,0x06000423,0x000fe330,52,
SIN USO DETECTADO,PENDIENTE,Utilidades compartidas,Assembly-CSharp,RewbieShimmer,Shimmer,0x06000425,0x000fe604,72,
SIN USO DETECTADO,PENDIENTE,Utilidades compartidas,Assembly-CSharp,RewbieShimmer,Update,0x06000424,0x000fe364,672,
SIN USO DETECTADO,PENDIENTE,Utilidades compartidas,Assembly-CSharp,RewbieShimmer/<Shimmer>c__Iterator2F,.ctor,0x060008eb,0x0014b8f0,44,
SIN USO DETECTADO,PENDIENTE,Utilidades compartidas,Assembly-CSharp,RewbieShimmer/<Shimmer>c__Iterator2F,Dispose,0x060008ef,0x0014ba80,56,
SIN USO DETECTADO,PENDIENTE,Utilidades compartidas,Assembly-CSharp,RewbieShimmer/<Shimmer>c__Iterator2F,MoveNext,0x060008ee,0x0014b984,252,
SIN USO DETECTADO,PENDIENTE,Utilidades compartidas,Assembly-CSharp,RewbieShimmer/<Shimmer>c__Iterator2F,Reset,0x060008f0,0x0014bab8,64,
SIN USO DETECTADO,PENDIENTE,Utilidades compartidas,Assembly-CSharp,RewbieShimmer/<Shimmer>c__Iterator2F,System.Collections.Generic.IEnumerator<object>.get_Current,0x060008ec,0x0014b91c,52,
SIN USO DETECTADO,PENDIENTE,Utilidades compartidas,Assembly-CSharp,RewbieShimmer/<Shimmer>c__Iterator2F,System.Collections.IEnumerator.get_Current,0x060008ed,0x0014b950,52,
SIN USO DETECTADO,PENDIENTE,Utilidades compartidas,Assembly-CSharp-firstpass,Screenx,.cctor,0x06000198,0x00021848,84,
SIN USO DETECTADO,PENDIENTE,Utilidades compartidas,Assembly-CSharp-firstpass,Screenx,.ctor,0x06000197,0x0002181c,44,
SIN USO DETECTADO,PENDIENTE,Utilidades compartidas,Assembly-CSharp-firstpass,Screenx,ScaleGUI,0x060001a7,0x00022324,444,
SIN USO DETECTADO,PENDIENTE,Utilidades compartidas,Assembly-CSharp-firstpass,Screenx,ScaleGUIToHeight,0x060001aa,0x000226f8,408,
SIN USO DETECTADO,PENDIENTE,Utilidades compartidas,Assembly-CSharp-firstpass,Screenx,ScaleGUIToWidth,0x060001ab,0x00022890,408,
SIN USO DETECTADO,PENDIENTE,Utilidades compartidas,Assembly-CSharp-firstpass,Screenx,TouchToScreenCords,0x060001a8,0x000224e0,124,
SIN USO DETECTADO,PENDIENTE,Utilidades compartidas,Assembly-CSharp-firstpass,Screenx,TouchToiPadScreenCoords,0x060001a9,0x0002255c,412,
SIN USO DETECTADO,PENDIENTE,Utilidades compartidas,Assembly-CSharp-firstpass,Screenx,get_aspectRatio,0x0600019a,0x0002190c,92,
SIN USO DETECTADO,PENDIENTE,Utilidades compartidas,Assembly-CSharp-firstpass,Screenx,get_baseAspectRatio,0x06000199,0x0002189c,112,
SIN USO DETECTADO,PENDIENTE,Utilidades compartidas,Assembly-CSharp-firstpass,Screenx,get_bottomCenter,0x0600019f,0x00021d84,204,
SIN USO DETECTADO,PENDIENTE,Utilidades compartidas,Assembly-CSharp-firstpass,Screenx,get_bottomLeft,0x0600019e,0x00021ccc,184,
SIN USO DETECTADO,PENDIENTE,Utilidades compartidas,Assembly-CSharp-firstpass,Screenx,get_bottomRight,0x060001a0,0x00021e50,184,
SIN USO DETECTADO,PENDIENTE,Utilidades compartidas,Assembly-CSharp-firstpass,Screenx,get_center,0x0600019d,0x00021bd4,248,
SIN USO DETECTADO,PENDIENTE,Utilidades compartidas,Assembly-CSharp-firstpass,Screenx,get_middleCenter,0x060001a4,0x00022130,92,
SIN USO DETECTADO,PENDIENTE,Utilidades compartidas,Assembly-CSharp-firstpass,Screenx,get_middleLeft,0x060001a6,0x00022258,204,
SIN USO DETECTADO,PENDIENTE,Utilidades compartidas,Assembly-CSharp-firstpass,Screenx,get_middleRight,0x060001a5,0x0002218c,204,
SIN USO DETECTADO,PENDIENTE,Utilidades compartidas,Assembly-CSharp-firstpass,Screenx,get_scale,0x0600019c,0x00021aa0,308,
SIN USO DETECTADO,PENDIENTE,Utilidades compartidas,Assembly-CSharp-firstpass,Screenx,get_scaleWithCutoff,0x0600019b,0x00021968,312,
SIN USO DETECTADO,PENDIENTE,Utilidades compartidas,Assembly-CSharp-firstpass,Screenx,get_topCenter,0x060001a1,0x00021f08,200,
SIN USO DETECTADO,PENDIENTE,Utilidades compartidas,Assembly-CSharp-firstpass,Screenx,get_topLeft,0x060001a2,0x00021fd0,176,
SIN USO DETECTADO,PENDIENTE,Utilidades compartidas,Assembly-CSharp-firstpass,Screenx,get_topRight,0x060001a3,0x00022080,176,
SIN USO DETECTADO,PENDIENTE,Utilidades compartidas,Assembly-CSharp-firstpass,SmoothFollower,.ctor,0x060001e3,0x00028018,196,
SIN USO DETECTADO,PENDIENTE,Utilidades compartidas,Assembly-CSharp-firstpass,SmoothFollower,.ctor,0x060001e4,0x000280dc,192,
SIN USO DETECTADO,PENDIENTE,Utilidades compartidas,Assembly-CSharp-firstpass,SmoothFollower,GetPosition,0x060001e7,0x0002864c,108,
SIN USO DETECTADO,PENDIENTE,Utilidades compartidas,Assembly-CSharp-firstpass,SmoothFollower,GetVelocity,0x060001e8,0x000286b8,108,
SIN USO DETECTADO,PENDIENTE,Utilidades compartidas,Assembly-CSharp-firstpass,SmoothFollower,Update,0x060001e5,0x0002819c,884,
SIN USO DETECTADO,PENDIENTE,Utilidades compartidas,Assembly-CSharp-firstpass,SmoothFollower,Update,0x060001e6,0x00028510,316,
SIN USO DETECTADO,PENDIENTE,Utilidades compartidas,Assembly-CSharp-firstpass,SmoothRandom,.ctor,0x06000173,0x0001e09c,44,
SIN USO DETECTADO,PENDIENTE,Utilidades compartidas,Assembly-CSharp-firstpass,SmoothRandom,Get,0x06000175,0x0001e3b0,300,
SIN USO DETECTADO,PENDIENTE,Utilidades compartidas,Assembly-CSharp-firstpass,SmoothRandom,Get,0x06000176,0x0001e4dc,248,
SIN USO DETECTADO,PENDIENTE,Utilidades compartidas,Assembly-CSharp-firstpass,SmoothRandom,GetVector3,0x06000174,0x0001e0c8,744,
SIN USO DETECTADO,PENDIENTE,Utilidades compartidas,Assembly-CSharp-firstpass,TransformGizmo,.ctor,0x06000266,0x0002dd14,52,
SIN USO DETECTADO,PENDIENTE,Utilidades compartidas,Assembly-CSharp-firstpass,TransformGizmo,OnDrawGizmosSelected,0x06000267,0x0002dd48,536,
SIN USO DETECTADO,PENDIENTE,Utilidades compartidas,Assembly-CSharp,UVScroller,.ctor,0x0600042e,0x000ff5d8,52,
SIN USO DETECTADO,PENDIENTE,Utilidades compartidas,Assembly-CSharp,UVScroller,Start,0x0600042f,0x000ff60c,152,
SIN USO DETECTADO,PENDIENTE,Utilidades compartidas,Assembly-CSharp,UVScroller,Update,0x06000430,0x000ff6a4,460,
SIN USO DETECTADO,PENDIENTE,Utilidades compartidas,Assembly-CSharp,UVScroller/UVScroll,.ctor,0x06000431,0x000ff870,76,
SIN USO DETECTADO,PENDIENTE,Utilidades compartidas,Assembly-CSharp-firstpass,Util,.ctor,0x060001ac,0x00022a28,44,
SIN USO DETECTADO,PENDIENTE,Utilidades compartidas,Assembly-CSharp-firstpass,Util,Bezier,0x060001d9,0x000267bc,524,
SIN USO DETECTADO,PENDIENTE,Utilidades compartidas,Assembly-CSharp-firstpass,Util,Clamp,0x060001b6,0x00023fe4,300,
SIN USO DETECTADO,PENDIENTE,Utilidades compartidas,Assembly-CSharp-firstpass,Util,ConstantLerp,0x060001d7,0x0002661c,240,
SIN USO DETECTADO,PENDIENTE,Utilidades compartidas,Assembly-CSharp-firstpass,Util,ConstantLerp,0x060001d8,0x0002670c,176,
SIN USO DETECTADO,PENDIENTE,Utilidades compartidas,Assembly-CSharp-firstpass,Util,ConstantSlerp,0x060001d5,0x00026304,368,
SIN USO DETECTADO,PENDIENTE,Utilidades compartidas,Assembly-CSharp-firstpass,Util,ConstantSlerp,0x060001d6,0x00026474,424,
SIN USO DETECTADO,PENDIENTE,Utilidades compartidas,Assembly-CSharp-firstpass,Util,Create3dText,0x060001da,0x000269c8,592,
SIN USO DETECTADO,PENDIENTE,Utilidades compartidas,Assembly-CSharp-firstpass,Util,CreateMatrix,0x060001d2,0x00025f50,484,
SIN USO DETECTADO,PENDIENTE,Utilidades compartidas,Assembly-CSharp-firstpass,Util,CreateMatrixPosition,0x060001d3,0x00026134,220,
SIN USO DETECTADO,PENDIENTE,Utilidades compartidas,Assembly-CSharp-firstpass,Util,CyclicDiff,0x060001bb,0x000242d0,296,
SIN USO DETECTADO,PENDIENTE,Utilidades compartidas,Assembly-CSharp-firstpass,Util,CyclicDiff,0x060001bc,0x000243f8,128,
SIN USO DETECTADO,PENDIENTE,Utilidades compartidas,Assembly-CSharp-firstpass,Util,CyclicDiff,0x060001bd,0x00024478,136,
SIN USO DETECTADO,PENDIENTE,Utilidades compartidas,Assembly-CSharp-firstpass,Util,CyclicDiff,0x060001be,0x00024500,72,
SIN USO DETECTADO,PENDIENTE,Utilidades compartidas,Assembly-CSharp-firstpass,Util,CyclicDiff,0x060001bf,0x00024548,140,
SIN USO DETECTADO,PENDIENTE,Utilidades compartidas,Assembly-CSharp-firstpass,Util,CyclicDiff,0x060001c0,0x000245d4,68,
SIN USO DETECTADO,PENDIENTE,Utilidades compartidas,Assembly-CSharp-firstpass,Util,CyclicIsLower,0x060001c1,0x00024618,364,
SIN USO DETECTADO,PENDIENTE,Utilidades compartidas,Assembly-CSharp-firstpass,Util,CyclicIsLower,0x060001c2,0x00024784,160,
SIN USO DETECTADO,PENDIENTE,Utilidades compartidas,Assembly-CSharp-firstpass,Util,CyclicIsLower,0x060001c3,0x00024824,144,
SIN USO DETECTADO,PENDIENTE,Utilidades compartidas,Assembly-CSharp-firstpass,Util,CyclicIsLower,0x060001c4,0x000248b4,72,
SIN USO DETECTADO,PENDIENTE,Utilidades compartidas,Assembly-CSharp-firstpass,Util,CyclicLerp,0x060001c5,0x000248fc,408,
SIN USO DETECTADO,PENDIENTE,Utilidades compartidas,Assembly-CSharp-firstpass,Util,FatalError,0x060001ae,0x00022d2c,56,
SIN USO DETECTADO,PENDIENTE,Utilidades compartidas,Assembly-CSharp-firstpass,Util,Find,0x060001ad,0x00022a54,728,
SIN USO DETECTADO,PENDIENTE,Utilidades compartidas,Assembly-CSharp-firstpass,Util,GetCornerPointsFromBounds,0x060001b2,0x0002303c,2908,
SIN USO DETECTADO,PENDIENTE,Utilidades compartidas,Assembly-CSharp-firstpass,Util,GetHighest,0x060001c8,0x00024c60,276,
SIN USO DETECTADO,PENDIENTE,Utilidades compartidas,Assembly-CSharp-firstpass,Util,GetLineSphereIntersections,0x060001db,0x00026c18,1100,
SIN USO DETECTADO,PENDIENTE,Utilidades compartidas,Assembly-CSharp-firstpass,Util,GetLowest,0x060001c9,0x00024d74,276,
SIN USO DETECTADO,PENDIENTE,Utilidades compartidas,Assembly-CSharp-firstpass,Util,GetTimeString,0x060001b5,0x00023e78,364,
SIN USO DETECTADO,PENDIENTE,Utilidades compartidas,Assembly-CSharp-firstpass,Util,IsSaneNumber,0x060001af,0x00022d64,308,
SIN USO DETECTADO,PENDIENTE,Utilidades compartidas,Assembly-CSharp-firstpass,Util,MD5,0x060001b0,0x00022e98,300,
SIN USO DETECTADO,PENDIENTE,Utilidades compartidas,Assembly-CSharp-firstpass,Util,MatrixFromQuaternion,0x060001cf,0x00025958,360,
SIN USO DETECTADO,PENDIENTE,Utilidades compartidas,Assembly-CSharp-firstpass,Util,MatrixFromQuaternionPosition,0x060001d0,0x00025ac0,272,
SIN USO DETECTADO,PENDIENTE,Utilidades compartidas,Assembly-CSharp-firstpass,Util,MatrixSlerp,0x060001d1,0x00025bd0,896,
SIN USO DETECTADO,PENDIENTE,Utilidades compartidas,Assembly-CSharp-firstpass,Util,Mod,0x060001b7,0x00024110,196,
SIN USO DETECTADO,PENDIENTE,Utilidades compartidas,Assembly-CSharp-firstpass,Util,Mod,0x060001b8,0x000241d4,84,
SIN USO DETECTADO,PENDIENTE,Utilidades compartidas,Assembly-CSharp-firstpass,Util,Mod,0x060001b9,0x00024228,112,
SIN USO DETECTADO,PENDIENTE,Utilidades compartidas,Assembly-CSharp-firstpass,Util,Mod,0x060001ba,0x00024298,56,
SIN USO DETECTADO,PENDIENTE,Utilidades compartidas,Assembly-CSharp-firstpass,Util,ProjectOntoPlane,0x060001c6,0x00024a94,196,
SIN USO DETECTADO,PENDIENTE,Utilidades compartidas,Assembly-CSharp-firstpass,Util,QuaternionFromMatrix,0x060001ce,0x0002533c,1564,
SIN USO DETECTADO,PENDIENTE,Utilidades compartidas,Assembly-CSharp-firstpass,Util,RelativeMatrix,0x060001ca,0x00024e88,352,
SIN USO DETECTADO,PENDIENTE,Utilidades compartidas,Assembly-CSharp-firstpass,Util,SetHeight,0x060001c7,0x00024b58,264,
SIN USO DETECTADO,PENDIENTE,Utilidades compartidas,Assembly-CSharp-firstpass,Util,Split,0x060001b1,0x00022fc4,120,
SIN USO DETECTADO,PENDIENTE,Utilidades compartidas,Assembly-CSharp-firstpass,Util,TransformFromMatrix,0x060001cd,0x000251ec,336,
SIN USO DETECTADO,PENDIENTE,Utilidades compartidas,Assembly-CSharp-firstpass,Util,TransformVector,0x060001cb,0x00024fe8,260,
SIN USO DETECTADO,PENDIENTE,Utilidades compartidas,Assembly-CSharp-firstpass,Util,TransformVector,0x060001cc,0x000250ec,256,
SIN USO DETECTADO,PENDIENTE,Utilidades compartidas,Assembly-CSharp-firstpass,Util,TranslateMatrix,0x060001d4,0x00026210,244,
SIN USO DETECTADO,PENDIENTE,Utilidades compartidas,Assembly-CSharp-firstpass,Util,toMinuteSeconds,0x060001b3,0x00023b98,288,
SIN USO DETECTADO,PENDIENTE,Utilidades compartidas,Assembly-CSharp-firstpass,Util,toMinuteSubSeconds,0x060001b4,0x00023cb8,448,
SIN USO DETECTADO,PENDIENTE,Utilidades compartidas,Assembly-CSharp-firstpass,WindowIDs,.cctor,0x06000269,0x0002df94,36,
SIN USO DETECTADO,PENDIENTE,Utilidades compartidas,Assembly-CSharp-firstpass,WindowIDs,.ctor,0x06000268,0x0002df60,52,
SIN USO DETECTADO,PENDIENTE,Utilidades compartidas,Assembly-CSharp-firstpass,WindowIDs,FetchID,0x0600026b,0x0002dffc,84,
SIN USO DETECTADO,PENDIENTE,Utilidades compartidas,Assembly-CSharp-firstpass,WindowIDs,OnDisable,0x0600026a,0x0002dfb8,68,
SIN USO,PENDIENTE,Framework UI: componentes sin instancias ni llamadas en el juego,Assembly-CSharp-firstpass,Dialog,.ctor,0x060000d4,0x000133b0,260,
SIN USO,PENDIENTE,Framework UI: componentes sin instancias ni llamadas en el juego,Assembly-CSharp-firstpass,Dialog,Activate,0x060000d8,0x00013580,92,
SIN USO,PENDIENTE,Framework UI: componentes sin instancias ni llamadas en el juego,Assembly-CSharp-firstpass,Dialog,ActivateHelper,0x060000d9,0x000135dc,72,
SIN USO,PENDIENTE,Framework UI: componentes sin instancias ni llamadas en el juego,Assembly-CSharp-firstpass,Dialog,Awake,0x060000d6,0x000134e8,80,
SIN USO,PENDIENTE,Framework UI: componentes sin instancias ni llamadas en el juego,Assembly-CSharp-firstpass,Dialog,Deactivate,0x060000db,0x000138bc,92,
SIN USO,PENDIENTE,Framework UI: componentes sin instancias ni llamadas en el juego,Assembly-CSharp-firstpass,Dialog,DeactivateHelper,0x060000dc,0x00013918,72,
SIN USO,PENDIENTE,Framework UI: componentes sin instancias ni llamadas en el juego,Assembly-CSharp-firstpass,Dialog,DoWindow,0x060000e3,0x000144c0,48,
SIN USO,PENDIENTE,Framework UI: componentes sin instancias ni llamadas en el juego,Assembly-CSharp-firstpass,Dialog,OnActivateUpdate,0x060000da,0x00013624,664,
SIN USO,PENDIENTE,Framework UI: componentes sin instancias ni llamadas en el juego,Assembly-CSharp-firstpass,Dialog,OnActivated,0x060000e5,0x0001451c,64,
SIN USO,PENDIENTE,Framework UI: componentes sin instancias ni llamadas en el juego,Assembly-CSharp-firstpass,Dialog,OnActivating,0x060000e4,0x000144f0,44,
SIN USO,PENDIENTE,Framework UI: componentes sin instancias ni llamadas en el juego,Assembly-CSharp-firstpass,Dialog,OnDeactivateUpdate,0x060000dd,0x00013960,44,
SIN USO,PENDIENTE,Framework UI: componentes sin instancias ni llamadas en el juego,Assembly-CSharp-firstpass,Dialog,OnDeactivated,0x060000e7,0x00014588,64,
SIN USO,PENDIENTE,Framework UI: componentes sin instancias ni llamadas en el juego,Assembly-CSharp-firstpass,Dialog,OnDeactivating,0x060000e6,0x0001455c,44,
SIN USO,PENDIENTE,Framework UI: componentes sin instancias ni llamadas en el juego,Assembly-CSharp-firstpass,Dialog,OnDraw,0x060000e2,0x0001438c,308,
SIN USO,PENDIENTE,Framework UI: componentes sin instancias ni llamadas en el juego,Assembly-CSharp-firstpass,Dialog,OnDrawUnderlay,0x060000e1,0x00014360,44,
SIN USO,PENDIENTE,Framework UI: componentes sin instancias ni llamadas en el juego,Assembly-CSharp-firstpass,Dialog,OnGUI,0x060000de,0x0001398c,44,
SIN USO,PENDIENTE,Framework UI: componentes sin instancias ni llamadas en el juego,Assembly-CSharp-firstpass,Dialog,OnStart,0x060000e0,0x00014238,296,
SIN USO,PENDIENTE,Framework UI: componentes sin instancias ni llamadas en el juego,Assembly-CSharp-firstpass,Dialog,RenderGUI,0x060000df,0x000139b8,2176,
SIN USO,PENDIENTE,Framework UI: componentes sin instancias ni llamadas en el juego,Assembly-CSharp-firstpass,Dialog,Start,0x060000d7,0x00013538,72,
SIN USO,PENDIENTE,Framework UI: componentes sin instancias ni llamadas en el juego,Assembly-CSharp-firstpass,Dialog,get_On,0x060000d5,0x000134b4,52,
SIN USO,PENDIENTE,Framework UI: componentes sin instancias ni llamadas en el juego,Assembly-CSharp-firstpass,Dialog/<ActivateHelper>c__Iterator3,.ctor,0x06000525,0x00051014,44,
SIN USO,PENDIENTE,Framework UI: componentes sin instancias ni llamadas en el juego,Assembly-CSharp-firstpass,Dialog/<ActivateHelper>c__Iterator3,Dispose,0x06000529,0x000512fc,56,
SIN USO,PENDIENTE,Framework UI: componentes sin instancias ni llamadas en el juego,Assembly-CSharp-firstpass,Dialog/<ActivateHelper>c__Iterator3,MoveNext,0x06000528,0x000510a8,596,
SIN USO,PENDIENTE,Framework UI: componentes sin instancias ni llamadas en el juego,Assembly-CSharp-firstpass,Dialog/<ActivateHelper>c__Iterator3,Reset,0x0600052a,0x00051334,64,
SIN USO,PENDIENTE,Framework UI: componentes sin instancias ni llamadas en el juego,Assembly-CSharp-firstpass,Dialog/<ActivateHelper>c__Iterator3,System.Collections.Generic.IEnumerator<object>.get_Current,0x06000526,0x00051040,52,
SIN USO,PENDIENTE,Framework UI: componentes sin instancias ni llamadas en el juego,Assembly-CSharp-firstpass,Dialog/<ActivateHelper>c__Iterator3,System.Collections.IEnumerator.get_Current,0x06000527,0x00051074,52,
SIN USO,PENDIENTE,Framework UI: componentes sin instancias ni llamadas en el juego,Assembly-CSharp-firstpass,Dialog/<DeactivateHelper>c__Iterator4,.ctor,0x0600052b,0x00051374,44,
SIN USO,PENDIENTE,Framework UI: componentes sin instancias ni llamadas en el juego,Assembly-CSharp-firstpass,Dialog/<DeactivateHelper>c__Iterator4,Dispose,0x0600052f,0x00051650,56,
SIN USO,PENDIENTE,Framework UI: componentes sin instancias ni llamadas en el juego,Assembly-CSharp-firstpass,Dialog/<DeactivateHelper>c__Iterator4,MoveNext,0x0600052e,0x00051408,584,
SIN USO,PENDIENTE,Framework UI: componentes sin instancias ni llamadas en el juego,Assembly-CSharp-firstpass,Dialog/<DeactivateHelper>c__Iterator4,Reset,0x06000530,0x00051688,64,
SIN USO,PENDIENTE,Framework UI: componentes sin instancias ni llamadas en el juego,Assembly-CSharp-firstpass,Dialog/<DeactivateHelper>c__Iterator4,System.Collections.Generic.IEnumerator<object>.get_Current,0x0600052c,0x000513a0,52,
SIN USO,PENDIENTE,Framework UI: componentes sin instancias ni llamadas en el juego,Assembly-CSharp-firstpass,Dialog/<DeactivateHelper>c__Iterator4,System.Collections.IEnumerator.get_Current,0x0600052d,0x000513d4,52,
SIN USO,PENDIENTE,Framework UI: componentes sin instancias ni llamadas en el juego,Assembly-CSharp-firstpass,Dialog/<Start>c__Iterator2,.ctor,0x0600051f,0x00050dfc,44,
SIN USO,PENDIENTE,Framework UI: componentes sin instancias ni llamadas en el juego,Assembly-CSharp-firstpass,Dialog/<Start>c__Iterator2,Dispose,0x06000523,0x00050f9c,56,
SIN USO,PENDIENTE,Framework UI: componentes sin instancias ni llamadas en el juego,Assembly-CSharp-firstpass,Dialog/<Start>c__Iterator2,MoveNext,0x06000522,0x00050e90,268,
SIN USO,PENDIENTE,Framework UI: componentes sin instancias ni llamadas en el juego,Assembly-CSharp-firstpass,Dialog/<Start>c__Iterator2,Reset,0x06000524,0x00050fd4,64,
SIN USO,PENDIENTE,Framework UI: componentes sin instancias ni llamadas en el juego,Assembly-CSharp-firstpass,Dialog/<Start>c__Iterator2,System.Collections.Generic.IEnumerator<object>.get_Current,0x06000520,0x00050e28,52,
SIN USO,PENDIENTE,Framework UI: componentes sin instancias ni llamadas en el juego,Assembly-CSharp-firstpass,Dialog/<Start>c__Iterator2,System.Collections.IEnumerator.get_Current,0x06000521,0x00050e5c,52,
SIN USO,PENDIENTE,Framework UI: componentes sin instancias ni llamadas en el juego,Assembly-CSharp-firstpass,LEDScroller,.ctor,0x060003e2,0x0003e948,184,
SIN USO,PENDIENTE,Framework UI: componentes sin instancias ni llamadas en el juego,Assembly-CSharp-firstpass,LEDScroller,AddText,0x060003f6,0x0003f514,120,
SIN USO,PENDIENTE,Framework UI: componentes sin instancias ni llamadas en el juego,Assembly-CSharp-firstpass,LEDScroller,CheckForNewText,0x060003ec,0x0003ee88,240,
SIN USO,PENDIENTE,Framework UI: componentes sin instancias ni llamadas en el juego,Assembly-CSharp-firstpass,LEDScroller,ClearText,0x060003f9,0x0003f6ac,64,
SIN USO,PENDIENTE,Framework UI: componentes sin instancias ni llamadas en el juego,Assembly-CSharp-firstpass,LEDScroller,OnDisable,0x060003eb,0x0003ed88,256,
SIN USO,PENDIENTE,Framework UI: componentes sin instancias ni llamadas en el juego,Assembly-CSharp-firstpass,LEDScroller,OnEnable,0x060003ea,0x0003ec88,256,
SIN USO,PENDIENTE,Framework UI: componentes sin instancias ni llamadas en el juego,Assembly-CSharp-firstpass,LEDScroller,OnFlash,0x060003f1,0x0003f1d8,80,
SIN USO,PENDIENTE,Framework UI: componentes sin instancias ni llamadas en el juego,Assembly-CSharp-firstpass,LEDScroller,OnFlashHelper,0x060003f3,0x0003f270,72,
SIN USO,PENDIENTE,Framework UI: componentes sin instancias ni llamadas en el juego,Assembly-CSharp-firstpass,LEDScroller,OnNewTextCheck,0x060003e9,0x0003ec20,104,
SIN USO,PENDIENTE,Framework UI: componentes sin instancias ni llamadas en el juego,Assembly-CSharp-firstpass,LEDScroller,OnResetScroller,0x060003ef,0x0003f118,112,
SIN USO,PENDIENTE,Framework UI: componentes sin instancias ni llamadas en el juego,Assembly-CSharp-firstpass,LEDScroller,OnScroll,0x060003f0,0x0003f188,80,
SIN USO,PENDIENTE,Framework UI: componentes sin instancias ni llamadas en el juego,Assembly-CSharp-firstpass,LEDScroller,OnScrollHelper,0x060003f2,0x0003f228,72,
SIN USO,PENDIENTE,Framework UI: componentes sin instancias ni llamadas en el juego,Assembly-CSharp-firstpass,LEDScroller,OnStaticText,0x060003f4,0x0003f2b8,264,
SIN USO,PENDIENTE,Framework UI: componentes sin instancias ni llamadas en el juego,Assembly-CSharp-firstpass,LEDScroller,RemoveText,0x060003f7,0x0003f58c,116,
SIN USO,PENDIENTE,Framework UI: componentes sin instancias ni llamadas en el juego,Assembly-CSharp-firstpass,LEDScroller,ReplaceText,0x060003f8,0x0003f600,172,
SIN USO,PENDIENTE,Framework UI: componentes sin instancias ni llamadas en el juego,Assembly-CSharp-firstpass,LEDScroller,SetUpNewStringForDisplayHelper,0x060003ee,0x0003efe4,308,
SIN USO,PENDIENTE,Framework UI: componentes sin instancias ni llamadas en el juego,Assembly-CSharp-firstpass,LEDScroller,Start,0x060003ed,0x0003ef78,108,
SIN USO,PENDIENTE,Framework UI: componentes sin instancias ni llamadas en el juego,Assembly-CSharp-firstpass,LEDScroller,TextStringCount,0x060003fa,0x0003f6ec,64,
SIN USO,PENDIENTE,Framework UI: componentes sin instancias ni llamadas en el juego,Assembly-CSharp-firstpass,LEDScroller,Update,0x060003f5,0x0003f3c0,340,
SIN USO,PENDIENTE,Framework UI: componentes sin instancias ni llamadas en el juego,Assembly-CSharp-firstpass,LEDScroller,add_HandleNewTextCheck,0x060003e3,0x0003ea00,160,
SIN USO,PENDIENTE,Framework UI: componentes sin instancias ni llamadas en el juego,Assembly-CSharp-firstpass,LEDScroller,get_CurrentString,0x060003e5,0x0003eb40,52,
SIN USO,PENDIENTE,Framework UI: componentes sin instancias ni llamadas en el juego,Assembly-CSharp-firstpass,LEDScroller,get_EndofSentence,0x060003e7,0x0003ebb0,52,
SIN USO,PENDIENTE,Framework UI: componentes sin instancias ni llamadas en el juego,Assembly-CSharp-firstpass,LEDScroller,remove_HandleNewTextCheck,0x060003e4,0x0003eaa0,160,
SIN USO,PENDIENTE,Framework UI: componentes sin instancias ni llamadas en el juego,Assembly-CSharp-firstpass,LEDScroller,set_CurrentString,0x060003e6,0x0003eb74,60,
SIN USO,PENDIENTE,Framework UI: componentes sin instancias ni llamadas en el juego,Assembly-CSharp-firstpass,LEDScroller,set_EndofSentence,0x060003e8,0x0003ebe4,60,
SIN USO,PENDIENTE,Framework UI: componentes sin instancias ni llamadas en el juego,Assembly-CSharp-firstpass,LEDScroller/<OnFlashHelper>c__Iterator27,.ctor,0x060005fd,0x0005df60,44,
SIN USO,PENDIENTE,Framework UI: componentes sin instancias ni llamadas en el juego,Assembly-CSharp-firstpass,LEDScroller/<OnFlashHelper>c__Iterator27,Dispose,0x06000601,0x0005e1ec,56,
SIN USO,PENDIENTE,Framework UI: componentes sin instancias ni llamadas en el juego,Assembly-CSharp-firstpass,LEDScroller/<OnFlashHelper>c__Iterator27,MoveNext,0x06000600,0x0005dff4,504,
SIN USO,PENDIENTE,Framework UI: componentes sin instancias ni llamadas en el juego,Assembly-CSharp-firstpass,LEDScroller/<OnFlashHelper>c__Iterator27,Reset,0x06000602,0x0005e224,64,
SIN USO,PENDIENTE,Framework UI: componentes sin instancias ni llamadas en el juego,Assembly-CSharp-firstpass,LEDScroller/<OnFlashHelper>c__Iterator27,System.Collections.Generic.IEnumerator<object>.get_Current,0x060005fe,0x0005df8c,52,
SIN USO,PENDIENTE,Framework UI: componentes sin instancias ni llamadas en el juego,Assembly-CSharp-firstpass,LEDScroller/<OnFlashHelper>c__Iterator27,System.Collections.IEnumerator.get_Current,0x060005ff,0x0005dfc0,52,
SIN USO,PENDIENTE,Framework UI: componentes sin instancias ni llamadas en el juego,Assembly-CSharp-firstpass,LEDScroller/<OnScrollHelper>c__Iterator26,.ctor,0x060005f7,0x0005db58,44,
SIN USO,PENDIENTE,Framework UI: componentes sin instancias ni llamadas en el juego,Assembly-CSharp-firstpass,LEDScroller/<OnScrollHelper>c__Iterator26,Dispose,0x060005fb,0x0005dee8,56,
SIN USO,PENDIENTE,Framework UI: componentes sin instancias ni llamadas en el juego,Assembly-CSharp-firstpass,LEDScroller/<OnScrollHelper>c__Iterator26,MoveNext,0x060005fa,0x0005dbec,764,
SIN USO,PENDIENTE,Framework UI: componentes sin instancias ni llamadas en el juego,Assembly-CSharp-firstpass,LEDScroller/<OnScrollHelper>c__Iterator26,Reset,0x060005fc,0x0005df20,64,
SIN USO,PENDIENTE,Framework UI: componentes sin instancias ni llamadas en el juego,Assembly-CSharp-firstpass,LEDScroller/<OnScrollHelper>c__Iterator26,System.Collections.Generic.IEnumerator<object>.get_Current,0x060005f8,0x0005db84,52,
SIN USO,PENDIENTE,Framework UI: componentes sin instancias ni llamadas en el juego,Assembly-CSharp-firstpass,LEDScroller/<OnScrollHelper>c__Iterator26,System.Collections.IEnumerator.get_Current,0x060005f9,0x0005dbb8,52,
SIN USO,PENDIENTE,Framework UI: componentes sin instancias ni llamadas en el juego,Assembly-CSharp-firstpass,LEDScroller/TextString,.ctor,0x060003fb,0x0003f72c,80,
SIN USO,PENDIENTE,Framework UI: componentes sin instancias ni llamadas en el juego,Assembly-CSharp-firstpass,LEDScroller/TextString,get_Flash,0x06000400,0x0003f85c,52,
SIN USO,PENDIENTE,Framework UI: componentes sin instancias ni llamadas en el juego,Assembly-CSharp-firstpass,LEDScroller/TextString,get_Scroll,0x060003fe,0x0003f7ec,52,
SIN USO,PENDIENTE,Framework UI: componentes sin instancias ni llamadas en el juego,Assembly-CSharp-firstpass,LEDScroller/TextString,get_Text,0x060003fc,0x0003f77c,52,
SIN USO,PENDIENTE,Framework UI: componentes sin instancias ni llamadas en el juego,Assembly-CSharp-firstpass,LEDScroller/TextString,set_Flash,0x06000401,0x0003f890,60,
SIN USO,PENDIENTE,Framework UI: componentes sin instancias ni llamadas en el juego,Assembly-CSharp-firstpass,LEDScroller/TextString,set_Scroll,0x060003ff,0x0003f820,60,
SIN USO,PENDIENTE,Framework UI: componentes sin instancias ni llamadas en el juego,Assembly-CSharp-firstpass,LEDScroller/TextString,set_Text,0x060003fd,0x0003f7b0,60,
SIN USO,PENDIENTE,Framework UI: componentes sin instancias ni llamadas en el juego,Assembly-CSharp-firstpass,UghScrollView,.ctor,0x060003a3,0x0003b5a4,188,
SIN USO,PENDIENTE,Framework UI: componentes sin instancias ni llamadas en el juego,Assembly-CSharp-firstpass,UghScrollView,Awake,0x060003b5,0x0003c690,208,
SIN USO,PENDIENTE,Framework UI: componentes sin instancias ni llamadas en el juego,Assembly-CSharp-firstpass,UghScrollView,ForceSnapScrolling,0x060003bb,0x0003c904,140,
SIN USO,PENDIENTE,Framework UI: componentes sin instancias ni llamadas en el juego,Assembly-CSharp-firstpass,UghScrollView,HandleExplicitScrolling,0x060003b8,0x0003c82c,72,
SIN USO,PENDIENTE,Framework UI: componentes sin instancias ni llamadas en el juego,Assembly-CSharp-firstpass,UghScrollView,HandleSnapScrolling,0x060003ba,0x0003c8bc,72,
SIN USO,PENDIENTE,Framework UI: componentes sin instancias ni llamadas en el juego,Assembly-CSharp-firstpass,UghScrollView,HandleVelocityScrolling,0x060003b9,0x0003c874,72,
SIN USO,PENDIENTE,Framework UI: componentes sin instancias ni llamadas en el juego,Assembly-CSharp-firstpass,UghScrollView,OnScrollPositionChanged,0x060003bd,0x0003ca1c,940,
SIN USO,PENDIENTE,Framework UI: componentes sin instancias ni llamadas en el juego,Assembly-CSharp-firstpass,UghScrollView,OnUghInputDown,0x060003b6,0x0003c760,72,
SIN USO,PENDIENTE,Framework UI: componentes sin instancias ni llamadas en el juego,Assembly-CSharp-firstpass,UghScrollView,ScrollToPosition,0x060003b4,0x0003c478,536,
SIN USO,PENDIENTE,Framework UI: componentes sin instancias ni llamadas en el juego,Assembly-CSharp-firstpass,UghScrollView,SnapScroll,0x060003bc,0x0003c990,140,
SIN USO,PENDIENTE,Framework UI: componentes sin instancias ni llamadas en el juego,Assembly-CSharp-firstpass,UghScrollView,SnapScrollByShift,0x060003b3,0x0003c24c,556,
SIN USO,PENDIENTE,Framework UI: componentes sin instancias ni llamadas en el juego,Assembly-CSharp-firstpass,UghScrollView,SnapScrollToIndex,0x060003b2,0x0003bc48,1540,
SIN USO,PENDIENTE,Framework UI: componentes sin instancias ni llamadas en el juego,Assembly-CSharp-firstpass,UghScrollView,UpdateRealDeltaTime,0x060003b7,0x0003c7a8,132,
SIN USO,PENDIENTE,Framework UI: componentes sin instancias ni llamadas en el juego,Assembly-CSharp-firstpass,UghScrollView,add_ScrollSnapped,0x060003a4,0x0003b660,148,
SIN USO,PENDIENTE,Framework UI: componentes sin instancias ni llamadas en el juego,Assembly-CSharp-firstpass,UghScrollView,add_ScrollSoftSnapped,0x060003a6,0x0003b788,148,
SIN USO,PENDIENTE,Framework UI: componentes sin instancias ni llamadas en el juego,Assembly-CSharp-firstpass,UghScrollView,get_HorizontalContents,0x060003a8,0x0003b8b0,52,
SIN USO,PENDIENTE,Framework UI: componentes sin instancias ni llamadas en el juego,Assembly-CSharp-firstpass,UghScrollView,get_ScrollPosition,0x060003ae,0x0003ba5c,108,
SIN USO,PENDIENTE,Framework UI: componentes sin instancias ni llamadas en el juego,Assembly-CSharp-firstpass,UghScrollView,get_SnapSpacing,0x060003ac,0x0003b998,108,
SIN USO,PENDIENTE,Framework UI: componentes sin instancias ni llamadas en el juego,Assembly-CSharp-firstpass,UghScrollView,get_VerticalContents,0x060003aa,0x0003b924,52,
SIN USO,PENDIENTE,Framework UI: componentes sin instancias ni llamadas en el juego,Assembly-CSharp-firstpass,UghScrollView,get_ViewSize,0x060003b0,0x0003bb84,108,
SIN USO,PENDIENTE,Framework UI: componentes sin instancias ni llamadas en el juego,Assembly-CSharp-firstpass,UghScrollView,remove_ScrollSnapped,0x060003a5,0x0003b6f4,148,
SIN USO,PENDIENTE,Framework UI: componentes sin instancias ni llamadas en el juego,Assembly-CSharp-firstpass,UghScrollView,remove_ScrollSoftSnapped,0x060003a7,0x0003b81c,148,
SIN USO,PENDIENTE,Framework UI: componentes sin instancias ni llamadas en el juego,Assembly-CSharp-firstpass,UghScrollView,set_HorizontalContents,0x060003a9,0x0003b8e4,64,
SIN USO,PENDIENTE,Framework UI: componentes sin instancias ni llamadas en el juego,Assembly-CSharp-firstpass,UghScrollView,set_ScrollPosition,0x060003af,0x0003bac8,188,
SIN USO,PENDIENTE,Framework UI: componentes sin instancias ni llamadas en el juego,Assembly-CSharp-firstpass,UghScrollView,set_SnapSpacing,0x060003ad,0x0003ba04,88,
SIN USO,PENDIENTE,Framework UI: componentes sin instancias ni llamadas en el juego,Assembly-CSharp-firstpass,UghScrollView,set_VerticalContents,0x060003ab,0x0003b958,64,
SIN USO,PENDIENTE,Framework UI: componentes sin instancias ni llamadas en el juego,Assembly-CSharp-firstpass,UghScrollView,set_ViewSize,0x060003b1,0x0003bbf0,88,
SIN USO,PENDIENTE,Framework UI: componentes sin instancias ni llamadas en el juego,Assembly-CSharp-firstpass,UghScrollView/<ForceSnapScrolling>c__Iterator21,.ctor,0x060005d9,0x0005bc64,44,
SIN USO,PENDIENTE,Framework UI: componentes sin instancias ni llamadas en el juego,Assembly-CSharp-firstpass,UghScrollView/<ForceSnapScrolling>c__Iterator21,Dispose,0x060005dd,0x0005be00,56,
SIN USO,PENDIENTE,Framework UI: componentes sin instancias ni llamadas en el juego,Assembly-CSharp-firstpass,UghScrollView/<ForceSnapScrolling>c__Iterator21,MoveNext,0x060005dc,0x0005bcf8,264,
SIN USO,PENDIENTE,Framework UI: componentes sin instancias ni llamadas en el juego,Assembly-CSharp-firstpass,UghScrollView/<ForceSnapScrolling>c__Iterator21,Reset,0x060005de,0x0005be38,64,
SIN USO,PENDIENTE,Framework UI: componentes sin instancias ni llamadas en el juego,Assembly-CSharp-firstpass,UghScrollView/<ForceSnapScrolling>c__Iterator21,System.Collections.Generic.IEnumerator<object>.get_Current,0x060005da,0x0005bc90,52,
SIN USO,PENDIENTE,Framework UI: componentes sin instancias ni llamadas en el juego,Assembly-CSharp-firstpass,UghScrollView/<ForceSnapScrolling>c__Iterator21,System.Collections.IEnumerator.get_Current,0x060005db,0x0005bcc4,52,
SIN USO,PENDIENTE,Framework UI: componentes sin instancias ni llamadas en el juego,Assembly-CSharp-firstpass,UghScrollView/<HandleExplicitScrolling>c__Iterator1E,.ctor,0x060005c7,0x00058028,44,
SIN USO,PENDIENTE,Framework UI: componentes sin instancias ni llamadas en el juego,Assembly-CSharp-firstpass,UghScrollView/<HandleExplicitScrolling>c__Iterator1E,Dispose,0x060005cb,0x00059268,56,
SIN USO,PENDIENTE,Framework UI: componentes sin instancias ni llamadas en el juego,Assembly-CSharp-firstpass,UghScrollView/<HandleExplicitScrolling>c__Iterator1E,MoveNext,0x060005ca,0x000580bc,4524,
SIN USO,PENDIENTE,Framework UI: componentes sin instancias ni llamadas en el juego,Assembly-CSharp-firstpass,UghScrollView/<HandleExplicitScrolling>c__Iterator1E,Reset,0x060005cc,0x000592a0,64,
SIN USO,PENDIENTE,Framework UI: componentes sin instancias ni llamadas en el juego,Assembly-CSharp-firstpass,UghScrollView/<HandleExplicitScrolling>c__Iterator1E,System.Collections.Generic.IEnumerator<object>.get_Current,0x060005c8,0x00058054,52,
SIN USO,PENDIENTE,Framework UI: componentes sin instancias ni llamadas en el juego,Assembly-CSharp-firstpass,UghScrollView/<HandleExplicitScrolling>c__Iterator1E,System.Collections.IEnumerator.get_Current,0x060005c9,0x00058088,52,
SIN USO,PENDIENTE,Framework UI: componentes sin instancias ni llamadas en el juego,Assembly-CSharp-firstpass,UghScrollView/<HandleSnapScrolling>c__Iterator20,.ctor,0x060005d3,0x0005a718,44,
SIN USO,PENDIENTE,Framework UI: componentes sin instancias ni llamadas en el juego,Assembly-CSharp-firstpass,UghScrollView/<HandleSnapScrolling>c__Iterator20,Dispose,0x060005d7,0x0005bbec,56,
SIN USO,PENDIENTE,Framework UI: componentes sin instancias ni llamadas en el juego,Assembly-CSharp-firstpass,UghScrollView/<HandleSnapScrolling>c__Iterator20,MoveNext,0x060005d6,0x0005a7ac,5184,
SIN USO,PENDIENTE,Framework UI: componentes sin instancias ni llamadas en el juego,Assembly-CSharp-firstpass,UghScrollView/<HandleSnapScrolling>c__Iterator20,Reset,0x060005d8,0x0005bc24,64,
SIN USO,PENDIENTE,Framework UI: componentes sin instancias ni llamadas en el juego,Assembly-CSharp-firstpass,UghScrollView/<HandleSnapScrolling>c__Iterator20,System.Collections.Generic.IEnumerator<object>.get_Current,0x060005d4,0x0005a744,52,
SIN USO,PENDIENTE,Framework UI: componentes sin instancias ni llamadas en el juego,Assembly-CSharp-firstpass,UghScrollView/<HandleSnapScrolling>c__Iterator20,System.Collections.IEnumerator.get_Current,0x060005d5,0x0005a778,52,
SIN USO,PENDIENTE,Framework UI: componentes sin instancias ni llamadas en el juego,Assembly-CSharp-firstpass,UghScrollView/<HandleVelocityScrolling>c__Iterator1F,.ctor,0x060005cd,0x000592e0,44,
SIN USO,PENDIENTE,Framework UI: componentes sin instancias ni llamadas en el juego,Assembly-CSharp-firstpass,UghScrollView/<HandleVelocityScrolling>c__Iterator1F,Dispose,0x060005d1,0x0005a6a0,56,
SIN USO,PENDIENTE,Framework UI: componentes sin instancias ni llamadas en el juego,Assembly-CSharp-firstpass,UghScrollView/<HandleVelocityScrolling>c__Iterator1F,MoveNext,0x060005d0,0x00059374,4908,
SIN USO,PENDIENTE,Framework UI: componentes sin instancias ni llamadas en el juego,Assembly-CSharp-firstpass,UghScrollView/<HandleVelocityScrolling>c__Iterator1F,Reset,0x060005d2,0x0005a6d8,64,
SIN USO,PENDIENTE,Framework UI: componentes sin instancias ni llamadas en el juego,Assembly-CSharp-firstpass,UghScrollView/<HandleVelocityScrolling>c__Iterator1F,System.Collections.Generic.IEnumerator<object>.get_Current,0x060005ce,0x0005930c,52,
SIN USO,PENDIENTE,Framework UI: componentes sin instancias ni llamadas en el juego,Assembly-CSharp-firstpass,UghScrollView/<HandleVelocityScrolling>c__Iterator1F,System.Collections.IEnumerator.get_Current,0x060005cf,0x00059340,52,
SIN USO,PENDIENTE,Framework UI: componentes sin instancias ni llamadas en el juego,Assembly-CSharp-firstpass,UghScrollView/<OnUghInputDown>c__Iterator1D,.ctor,0x060005c1,0x0005791c,44,
SIN USO,PENDIENTE,Framework UI: componentes sin instancias ni llamadas en el juego,Assembly-CSharp-firstpass,UghScrollView/<OnUghInputDown>c__Iterator1D,Dispose,0x060005c5,0x00057fb0,56,
SIN USO,PENDIENTE,Framework UI: componentes sin instancias ni llamadas en el juego,Assembly-CSharp-firstpass,UghScrollView/<OnUghInputDown>c__Iterator1D,MoveNext,0x060005c4,0x000579b0,1536,
SIN USO,PENDIENTE,Framework UI: componentes sin instancias ni llamadas en el juego,Assembly-CSharp-firstpass,UghScrollView/<OnUghInputDown>c__Iterator1D,Reset,0x060005c6,0x00057fe8,64,
SIN USO,PENDIENTE,Framework UI: componentes sin instancias ni llamadas en el juego,Assembly-CSharp-firstpass,UghScrollView/<OnUghInputDown>c__Iterator1D,System.Collections.Generic.IEnumerator<object>.get_Current,0x060005c2,0x00057948,52,
SIN USO,PENDIENTE,Framework UI: componentes sin instancias ni llamadas en el juego,Assembly-CSharp-firstpass,UghScrollView/<OnUghInputDown>c__Iterator1D,System.Collections.IEnumerator.get_Current,0x060005c3,0x0005797c,52,
SIN USO,PENDIENTE,Framework UI: componentes sin instancias ni llamadas en el juego,Assembly-CSharp-firstpass,UghScrollView/<SnapScroll>c__Iterator22,.ctor,0x060005df,0x0005be78,44,
SIN USO,PENDIENTE,Framework UI: componentes sin instancias ni llamadas en el juego,Assembly-CSharp-firstpass,UghScrollView/<SnapScroll>c__Iterator22,Dispose,0x060005e3,0x0005cadc,56,
SIN USO,PENDIENTE,Framework UI: componentes sin instancias ni llamadas en el juego,Assembly-CSharp-firstpass,UghScrollView/<SnapScroll>c__Iterator22,MoveNext,0x060005e2,0x0005bf0c,3024,
SIN USO,PENDIENTE,Framework UI: componentes sin instancias ni llamadas en el juego,Assembly-CSharp-firstpass,UghScrollView/<SnapScroll>c__Iterator22,Reset,0x060005e4,0x0005cb14,64,
SIN USO,PENDIENTE,Framework UI: componentes sin instancias ni llamadas en el juego,Assembly-CSharp-firstpass,UghScrollView/<SnapScroll>c__Iterator22,System.Collections.Generic.IEnumerator<object>.get_Current,0x060005e0,0x0005bea4,52,
SIN USO,PENDIENTE,Framework UI: componentes sin instancias ni llamadas en el juego,Assembly-CSharp-firstpass,UghScrollView/<SnapScroll>c__Iterator22,System.Collections.IEnumerator.get_Current,0x060005e1,0x0005bed8,52,
SIN USO,PENDIENTE,"Sin uso (UnityScript, 0 referencias)",Assembly-UnityScript,Car_Script,.ctor,0x06000006,0x002367e4,468,
SIN USO,PENDIENTE,"Sin uso (UnityScript, 0 referencias)",Assembly-UnityScript,Car_Script,FixedUpdate,0x06000009,0x0023715c,2800,
SIN USO,PENDIENTE,"Sin uso (UnityScript, 0 referencias)",Assembly-UnityScript,Car_Script,Main,0x0600000a,0x00237c4c,484,
SIN USO,PENDIENTE,"Sin uso (UnityScript, 0 referencias)",Assembly-UnityScript,Car_Script,SetWheelParams,0x06000007,0x002369b8,540,
SIN USO,PENDIENTE,"Sin uso (UnityScript, 0 referencias)",Assembly-UnityScript,Car_Script,Start,0x06000008,0x00236bd4,1416,
SIN USO,PENDIENTE,"Sin uso (UnityScript, 0 referencias)",Assembly-UnityScript,Plane_Script,.ctor,0x06000001,0x00235460,244,
SIN USO,PENDIENTE,"Sin uso (UnityScript, 0 referencias)",Assembly-UnityScript,Plane_Script,Main,0x06000004,0x002365d4,484,
SIN USO,PENDIENTE,"Sin uso (UnityScript, 0 referencias)",Assembly-UnityScript,Plane_Script,Start,0x06000002,0x00235554,188,
SIN USO,PENDIENTE,"Sin uso (UnityScript, 0 referencias)",Assembly-UnityScript,Plane_Script,Update,0x06000003,0x00235610,4036,
SIN USO,PENDIENTE,"Sin uso (UnityScript, 0 referencias)",Assembly-UnityScript,WheelData,.ctor,0x06000005,0x002367b8,44,
ELIMINADO,ELIMINADO,ELIMINADO (servicio iOS/externo),Assembly-CSharp,AgeGatePopup,.ctor,0x060005dc,0x0011e978,76,
ELIMINADO,ELIMINADO,ELIMINADO (servicio iOS/externo),Assembly-CSharp,AgeGatePopup,<Start>m__1E,0x060005e6,0x0011fd58,124,
ELIMINADO,ELIMINADO,ELIMINADO (servicio iOS/externo),Assembly-CSharp,AgeGatePopup,<Start>m__1F,0x060005e7,0x0011fdd4,52,
ELIMINADO,ELIMINADO,ELIMINADO (servicio iOS/externo),Assembly-CSharp,AgeGatePopup,AddCharacterToAnswer,0x060005e2,0x0011f5c4,236,
ELIMINADO,ELIMINADO,ELIMINADO (servicio iOS/externo),Assembly-CSharp,AgeGatePopup,CalcAnswer,0x060005df,0x0011eb2c,384,
ELIMINADO,ELIMINADO,ELIMINADO (servicio iOS/externo),Assembly-CSharp,AgeGatePopup,ExecuteOperator,0x060005de,0x0011ea90,156,
ELIMINADO,ELIMINADO,ELIMINADO (servicio iOS/externo),Assembly-CSharp,AgeGatePopup,GetOperatorSymbol,0x060005dd,0x0011e9c4,204,
ELIMINADO,ELIMINADO,ELIMINADO (servicio iOS/externo),Assembly-CSharp,AgeGatePopup,SetupButton,0x060005e0,0x0011ecac,328,
ELIMINADO,ELIMINADO,ELIMINADO (servicio iOS/externo),Assembly-CSharp,AgeGatePopup,SetupProblem,0x060005e1,0x0011edf4,2000,
ELIMINADO,ELIMINADO,ELIMINADO (servicio iOS/externo),Assembly-CSharp,AgeGatePopup,Start,0x060005e4,0x0011f768,1388,
ELIMINADO,ELIMINADO,ELIMINADO (servicio iOS/externo),Assembly-CSharp,AgeGatePopup,TestAnswer,0x060005e3,0x0011f6b0,184,
ELIMINADO,ELIMINADO,ELIMINADO (servicio iOS/externo),Assembly-CSharp,AgeGatePopup,Update,0x060005e5,0x0011fcd4,132,
ELIMINADO,ELIMINADO,ELIMINADO (servicio iOS/externo),Assembly-CSharp,AgeGatePopup/<SetupButton>c__AnonStorey9B,.ctor,0x06000b49,0x00166b34,44,
ELIMINADO,ELIMINADO,ELIMINADO (servicio iOS/externo),Assembly-CSharp,AgeGatePopup/<SetupButton>c__AnonStorey9B,<>m__1C,0x06000b4a,0x00166b60,68,
ELIMINADO,ELIMINADO,ELIMINADO (servicio iOS/externo),Assembly-CSharp,AgeGatePopup/<Start>c__AnonStorey9C,.ctor,0x06000b4b,0x00166ba4,44,
ELIMINADO,ELIMINADO,ELIMINADO (servicio iOS/externo),Assembly-CSharp,AgeGatePopup/<Start>c__AnonStorey9C,<>m__1D,0x06000b4c,0x00166bd0,76,
ELIMINADO,ELIMINADO,ELIMINADO (servicio iOS/externo),Assembly-CSharp-firstpass,BurstlyBinding,CacheInterstitial,0x0600000e,0x0000b1b0,52,
ELIMINADO,ELIMINADO,ELIMINADO (servicio iOS/externo),Assembly-CSharp-firstpass,BurstlyBinding,HideBanner,0x06000006,0x0000b050,40,
ELIMINADO,ELIMINADO,ELIMINADO (servicio iOS/externo),Assembly-CSharp-firstpass,BurstlyBinding,Init,0x06000002,0x0000af10,52,
ELIMINADO,ELIMINADO,ELIMINADO (servicio iOS/externo),Assembly-CSharp-firstpass,BurstlyBinding,PlaceFakeBanner,0x0600000a,0x0000b0bc,204,
ELIMINADO,ELIMINADO,ELIMINADO (servicio iOS/externo),Assembly-CSharp-firstpass,BurstlyBinding,RemoveFakeBanner,0x0600000c,0x0000b188,40,
ELIMINADO,ELIMINADO,ELIMINADO (servicio iOS/externo),Assembly-CSharp-firstpass,BurstlyBinding,SetInterstitialAutoCache,0x06000010,0x0000b1e4,60,
ELIMINADO,ELIMINADO,ELIMINADO (servicio iOS/externo),Assembly-CSharp-firstpass,BurstlyBinding,SetRefreshInterval,0x06000008,0x0000b078,68,
ELIMINADO,ELIMINADO,ELIMINADO (servicio iOS/externo),Assembly-CSharp-firstpass,BurstlyBinding,ShowBanner,0x06000004,0x0000af44,268,
ELIMINADO,ELIMINADO,ELIMINADO (servicio iOS/externo),Assembly-CSharp-firstpass,BurstlyBinding,ShowInterstitial,0x06000012,0x0000b220,52,
ELIMINADO,ELIMINADO,ELIMINADO (servicio iOS/externo),Assembly-CSharp,DebugMoreCoinsPublisher,.ctor,0x060005ac,0x0011c530,52,
ELIMINADO,ELIMINADO,ELIMINADO (servicio iOS/externo),Assembly-CSharp,DebugMoreCoinsPublisher,AddButtonsToLegalControls,0x060005b5,0x0011c884,412,
ELIMINADO,ELIMINADO,ELIMINADO (servicio iOS/externo),Assembly-CSharp,DebugMoreCoinsPublisher,CancelPressed,0x060005b3,0x0011c7a0,96,
ELIMINADO,ELIMINADO,ELIMINADO (servicio iOS/externo),Assembly-CSharp,DebugMoreCoinsPublisher,CoinPackOnePressed,0x060005b0,0x0011c680,96,
ELIMINADO,ELIMINADO,ELIMINADO (servicio iOS/externo),Assembly-CSharp,DebugMoreCoinsPublisher,CoinPackThreePressed,0x060005b2,0x0011c740,96,
ELIMINADO,ELIMINADO,ELIMINADO (servicio iOS/externo),Assembly-CSharp,DebugMoreCoinsPublisher,CoinPackTwoPressed,0x060005b1,0x0011c6e0,96,
ELIMINADO,ELIMINADO,ELIMINADO (servicio iOS/externo),Assembly-CSharp,DebugMoreCoinsPublisher,DestroyThis,0x060005ae,0x0011c608,72,
ELIMINADO,ELIMINADO,ELIMINADO (servicio iOS/externo),Assembly-CSharp,DebugMoreCoinsPublisher,GetInstance,0x060005b4,0x0011c800,132,
ELIMINADO,ELIMINADO,ELIMINADO (servicio iOS/externo),Assembly-CSharp,DebugMoreCoinsPublisher,ReBuyHelper,0x060005ad,0x0011c564,164,
ELIMINADO,ELIMINADO,ELIMINADO (servicio iOS/externo),Assembly-CSharp,DebugMoreCoinsPublisher,Start,0x060005af,0x0011c650,48,
ELIMINADO,ELIMINADO,ELIMINADO (servicio iOS/externo),Assembly-CSharp,DebugMoreCoinsPublisher/<DestroyThis>c__Iterator4B,.ctor,0x06000993,0x00150dbc,44,
ELIMINADO,ELIMINADO,ELIMINADO (servicio iOS/externo),Assembly-CSharp,DebugMoreCoinsPublisher/<DestroyThis>c__Iterator4B,Dispose,0x06000997,0x00150fa4,56,
ELIMINADO,ELIMINADO,ELIMINADO (servicio iOS/externo),Assembly-CSharp,DebugMoreCoinsPublisher/<DestroyThis>c__Iterator4B,MoveNext,0x06000996,0x00150e50,340,
ELIMINADO,ELIMINADO,ELIMINADO (servicio iOS/externo),Assembly-CSharp,DebugMoreCoinsPublisher/<DestroyThis>c__Iterator4B,Reset,0x06000998,0x00150fdc,64,
ELIMINADO,ELIMINADO,ELIMINADO (servicio iOS/externo),Assembly-CSharp,DebugMoreCoinsPublisher/<DestroyThis>c__Iterator4B,System.Collections.Generic.IEnumerator<object>.get_Current,0x06000994,0x00150de8,52,
ELIMINADO,ELIMINADO,ELIMINADO (servicio iOS/externo),Assembly-CSharp,DebugMoreCoinsPublisher/<DestroyThis>c__Iterator4B,System.Collections.IEnumerator.get_Current,0x06000995,0x00150e1c,52,
ELIMINADO,ELIMINADO,ELIMINADO (servicio iOS/externo),Assembly-CSharp-firstpass,Email,.ctor,0x06000110,0x0001671c,44,
ELIMINADO,ELIMINADO,ELIMINADO (servicio iOS/externo),Assembly-CSharp-firstpass,Email,EscapeText,0x06000111,0x00016748,108,
ELIMINADO,ELIMINADO,ELIMINADO (servicio iOS/externo),Assembly-CSharp-firstpass,Email,Send,0x06000112,0x000167b4,128,
ELIMINADO,ELIMINADO,ELIMINADO (servicio iOS/externo),Assembly-CSharp-firstpass,GDMOBinding,.ctor,0x060000c9,0x00013264,44,
ELIMINADO,ELIMINADO,ELIMINADO (servicio iOS/externo),Assembly-CSharp-firstpass,GDMOBinding,FlushAnalyticsQueue,0x060000d3,0x00013388,40,
ELIMINADO,ELIMINADO,ELIMINADO (servicio iOS/externo),Assembly-CSharp-firstpass,GDMOBinding,InitWithAppKey,0x060000cb,0x00013290,60,
ELIMINADO,ELIMINADO,ELIMINADO (servicio iOS/externo),Assembly-CSharp-firstpass,GDMOBinding,InitWithAppKey,0x060000cd,0x000132cc,68,
ELIMINADO,ELIMINADO,ELIMINADO (servicio iOS/externo),Assembly-CSharp-firstpass,GDMOBinding,LogAnalyticsEvent,0x060000cf,0x00013310,52,
ELIMINADO,ELIMINADO,ELIMINADO (servicio iOS/externo),Assembly-CSharp-firstpass,GDMOBinding,LogAnalyticsEventWithContext,0x060000d1,0x00013344,68,
ELIMINADO,ELIMINADO,ELIMINADO (servicio iOS/externo),Assembly-CSharp,GDMOManager,.cctor,0x06000435,0x000ffa4c,36,
ELIMINADO,ELIMINADO,ELIMINADO (servicio iOS/externo),Assembly-CSharp,GDMOManager,.ctor,0x06000434,0x000ffa18,52,
ELIMINADO,ELIMINADO,ELIMINADO (servicio iOS/externo),Assembly-CSharp,GDMOManager,Flush,0x0600043b,0x000ffc54,44,
ELIMINADO,ELIMINADO,ELIMINADO (servicio iOS/externo),Assembly-CSharp,GDMOManager,Init,0x06000438,0x000ffaf8,228,
ELIMINADO,ELIMINADO,ELIMINADO (servicio iOS/externo),Assembly-CSharp,GDMOManager,OnApplicationPause,0x06000437,0x000ffac8,48,
ELIMINADO,ELIMINADO,ELIMINADO (servicio iOS/externo),Assembly-CSharp,GDMOManager,Send,0x06000439,0x000ffbdc,56,
ELIMINADO,ELIMINADO,ELIMINADO (servicio iOS/externo),Assembly-CSharp,GDMOManager,SendWithContext,0x0600043a,0x000ffc14,64,
ELIMINADO,ELIMINADO,ELIMINADO (servicio iOS/externo),Assembly-CSharp,GDMOManager,Start,0x06000436,0x000ffa70,88,
ELIMINADO,ELIMINADO,ELIMINADO (servicio iOS/externo),Assembly-CSharp-firstpass,GameCenterAchievement,.ctor,0x0600001c,0x0000b320,816,
ELIMINADO,ELIMINADO,ELIMINADO (servicio iOS/externo),Assembly-CSharp-firstpass,GameCenterAchievement,ToString,0x0600001e,0x0000b920,424,
ELIMINADO,ELIMINADO,ELIMINADO (servicio iOS/externo),Assembly-CSharp-firstpass,GameCenterAchievement,fromJSON,0x0600001d,0x0000b650,720,
ELIMINADO,ELIMINADO,ELIMINADO (servicio iOS/externo),Assembly-CSharp-firstpass,GameCenterAchievementMetadata,.ctor,0x0600001f,0x0000bac8,628,
ELIMINADO,ELIMINADO,ELIMINADO (servicio iOS/externo),Assembly-CSharp-firstpass,GameCenterAchievementMetadata,ToString,0x06000021,0x0000c00c,320,
ELIMINADO,ELIMINADO,ELIMINADO (servicio iOS/externo),Assembly-CSharp-firstpass,GameCenterAchievementMetadata,fromJSON,0x06000020,0x0000bd3c,720,
ELIMINADO,ELIMINADO,ELIMINADO (servicio iOS/externo),Assembly-CSharp-firstpass,GameCenterBinding,.ctor,0x06000022,0x0000c14c,44,
ELIMINADO,ELIMINADO,ELIMINADO (servicio iOS/externo),Assembly-CSharp-firstpass,GameCenterBinding,authenticateLocalPlayer,0x06000026,0x0000c1b4,52,
ELIMINADO,ELIMINADO,ELIMINADO (servicio iOS/externo),Assembly-CSharp-firstpass,GameCenterBinding,getAchievements,0x06000048,0x0000c674,52,
ELIMINADO,ELIMINADO,ELIMINADO (servicio iOS/externo),Assembly-CSharp-firstpass,GameCenterBinding,isGameCenterAvailable,0x06000024,0x0000c178,60,
ELIMINADO,ELIMINADO,ELIMINADO (servicio iOS/externo),Assembly-CSharp-firstpass,GameCenterBinding,isPlayerAuthenticated,0x06000028,0x0000c1e8,60,
ELIMINADO,ELIMINADO,ELIMINADO (servicio iOS/externo),Assembly-CSharp-firstpass,GameCenterBinding,isUnderage,0x0600002e,0x0000c2bc,60,
ELIMINADO,ELIMINADO,ELIMINADO (servicio iOS/externo),Assembly-CSharp-firstpass,GameCenterBinding,loadLeaderboardTitles,0x06000036,0x0000c3c8,52,
ELIMINADO,ELIMINADO,ELIMINADO (servicio iOS/externo),Assembly-CSharp-firstpass,GameCenterBinding,loadPlayerData,0x06000032,0x0000c338,92,
ELIMINADO,ELIMINADO,ELIMINADO (servicio iOS/externo),Assembly-CSharp-firstpass,GameCenterBinding,loadProfilePhotoForLocalPlayer,0x06000034,0x0000c394,52,
ELIMINADO,ELIMINADO,ELIMINADO (servicio iOS/externo),Assembly-CSharp-firstpass,GameCenterBinding,playerAlias,0x0600002a,0x0000c224,76,
ELIMINADO,ELIMINADO,ELIMINADO (servicio iOS/externo),Assembly-CSharp-firstpass,GameCenterBinding,playerIdentifier,0x0600002c,0x0000c270,76,
ELIMINADO,ELIMINADO,ELIMINADO (servicio iOS/externo),Assembly-CSharp-firstpass,GameCenterBinding,reportAchievement,0x06000046,0x0000c61c,88,
ELIMINADO,ELIMINADO,ELIMINADO (servicio iOS/externo),Assembly-CSharp-firstpass,GameCenterBinding,reportScore,0x06000038,0x0000c3fc,80,
ELIMINADO,ELIMINADO,ELIMINADO (servicio iOS/externo),Assembly-CSharp-firstpass,GameCenterBinding,resetAchievements,0x0600004a,0x0000c6a8,52,
ELIMINADO,ELIMINADO,ELIMINADO (servicio iOS/externo),Assembly-CSharp-firstpass,GameCenterBinding,retrieveAchievementMetadata,0x0600004e,0x0000c710,52,
ELIMINADO,ELIMINADO,ELIMINADO (servicio iOS/externo),Assembly-CSharp-firstpass,GameCenterBinding,retrieveFriends,0x06000030,0x0000c2f8,64,
ELIMINADO,ELIMINADO,ELIMINADO (servicio iOS/externo),Assembly-CSharp-firstpass,GameCenterBinding,retrieveScores,0x0600003e,0x0000c4d4,88,
ELIMINADO,ELIMINADO,ELIMINADO (servicio iOS/externo),Assembly-CSharp-firstpass,GameCenterBinding,retrieveScores,0x06000040,0x0000c52c,104,
ELIMINADO,ELIMINADO,ELIMINADO (servicio iOS/externo),Assembly-CSharp-firstpass,GameCenterBinding,retrieveScoresForPlayerId,0x06000042,0x0000c594,64,
ELIMINADO,ELIMINADO,ELIMINADO (servicio iOS/externo),Assembly-CSharp-firstpass,GameCenterBinding,retrieveScoresForPlayerId,0x06000044,0x0000c5d4,72,
ELIMINADO,ELIMINADO,ELIMINADO (servicio iOS/externo),Assembly-CSharp-firstpass,GameCenterBinding,showAchievements,0x0600004c,0x0000c6dc,52,
ELIMINADO,ELIMINADO,ELIMINADO (servicio iOS/externo),Assembly-CSharp-firstpass,GameCenterBinding,showCompletionBannerForAchievements,0x06000050,0x0000c744,52,
ELIMINADO,ELIMINADO,ELIMINADO (servicio iOS/externo),Assembly-CSharp-firstpass,GameCenterBinding,showLeaderboardWithTimeScope,0x0600003a,0x0000c44c,64,
ELIMINADO,ELIMINADO,ELIMINADO (servicio iOS/externo),Assembly-CSharp-firstpass,GameCenterBinding,showLeaderboardWithTimeScopeAndLeaderboard,0x0600003c,0x0000c48c,72,
ELIMINADO,ELIMINADO,ELIMINADO (servicio iOS/externo),Assembly-CSharp-firstpass,GameCenterEventListener,.ctor,0x06000051,0x0000c778,52,
ELIMINADO,ELIMINADO,ELIMINADO (servicio iOS/externo),Assembly-CSharp-firstpass,GameCenterEventListener,OnDisable,0x06000053,0x0000cebc,1732,
ELIMINADO,ELIMINADO,ELIMINADO (servicio iOS/externo),Assembly-CSharp-firstpass,GameCenterEventListener,Start,0x06000052,0x0000c7ac,1808,
ELIMINADO,ELIMINADO,ELIMINADO (servicio iOS/externo),Assembly-CSharp-firstpass,GameCenterEventListener,achievementMetadataLoaded,0x06000063,0x0000ddcc,328,
ELIMINADO,ELIMINADO,ELIMINADO (servicio iOS/externo),Assembly-CSharp-firstpass,GameCenterEventListener,achievementsLoaded,0x06000067,0x0000dfec,328,
ELIMINADO,ELIMINADO,ELIMINADO (servicio iOS/externo),Assembly-CSharp-firstpass,GameCenterEventListener,categoriesLoaded,0x0600005b,0x0000d878,328,
ELIMINADO,ELIMINADO,ELIMINADO (servicio iOS/externo),Assembly-CSharp-firstpass,GameCenterEventListener,loadAchievementsFailed,0x06000068,0x0000e134,76,
ELIMINADO,ELIMINADO,ELIMINADO (servicio iOS/externo),Assembly-CSharp-firstpass,GameCenterEventListener,loadCategoryTitlesFailed,0x0600005c,0x0000d9c0,76,
ELIMINADO,ELIMINADO,ELIMINADO (servicio iOS/externo),Assembly-CSharp-firstpass,GameCenterEventListener,loadPlayerDataFailed,0x06000058,0x0000d794,76,
ELIMINADO,ELIMINADO,ELIMINADO (servicio iOS/externo),Assembly-CSharp-firstpass,GameCenterEventListener,playerAuthenticated,0x06000054,0x0000d580,64,
ELIMINADO,ELIMINADO,ELIMINADO (servicio iOS/externo),Assembly-CSharp-firstpass,GameCenterEventListener,playerDataLoaded,0x06000057,0x0000d64c,328,
ELIMINADO,ELIMINADO,ELIMINADO (servicio iOS/externo),Assembly-CSharp-firstpass,GameCenterEventListener,playerFailedToAuthenticate,0x06000055,0x0000d5c0,76,
ELIMINADO,ELIMINADO,ELIMINADO (servicio iOS/externo),Assembly-CSharp-firstpass,GameCenterEventListener,playerLoggedOut,0x06000056,0x0000d60c,64,
ELIMINADO,ELIMINADO,ELIMINADO (servicio iOS/externo),Assembly-CSharp-firstpass,GameCenterEventListener,profilePhotoFailed,0x0600005a,0x0000d82c,76,
ELIMINADO,ELIMINADO,ELIMINADO (servicio iOS/externo),Assembly-CSharp-firstpass,GameCenterEventListener,profilePhotoLoaded,0x06000059,0x0000d7e0,76,
ELIMINADO,ELIMINADO,ELIMINADO (servicio iOS/externo),Assembly-CSharp-firstpass,GameCenterEventListener,reportAchievementFailed,0x0600006a,0x0000e1cc,76,
ELIMINADO,ELIMINADO,ELIMINADO (servicio iOS/externo),Assembly-CSharp-firstpass,GameCenterEventListener,reportAchievementFinished,0x06000069,0x0000e180,76,
ELIMINADO,ELIMINADO,ELIMINADO (servicio iOS/externo),Assembly-CSharp-firstpass,GameCenterEventListener,reportScoreFailed,0x06000062,0x0000dd80,76,
ELIMINADO,ELIMINADO,ELIMINADO (servicio iOS/externo),Assembly-CSharp-firstpass,GameCenterEventListener,reportScoreFinished,0x06000061,0x0000dd34,76,
ELIMINADO,ELIMINADO,ELIMINADO (servicio iOS/externo),Assembly-CSharp-firstpass,GameCenterEventListener,resetAchievementsFailed,0x06000066,0x0000dfa0,76,
ELIMINADO,ELIMINADO,ELIMINADO (servicio iOS/externo),Assembly-CSharp-firstpass,GameCenterEventListener,resetAchievementsFinished,0x06000065,0x0000df60,64,
ELIMINADO,ELIMINADO,ELIMINADO (servicio iOS/externo),Assembly-CSharp-firstpass,GameCenterEventListener,retrieveAchievementMetadataFailed,0x06000064,0x0000df14,76,
ELIMINADO,ELIMINADO,ELIMINADO (servicio iOS/externo),Assembly-CSharp-firstpass,GameCenterEventListener,retrieveScoresFailed,0x0600005e,0x0000db54,76,
ELIMINADO,ELIMINADO,ELIMINADO (servicio iOS/externo),Assembly-CSharp-firstpass,GameCenterEventListener,retrieveScoresForPlayerIdFailed,0x0600005f,0x0000dba0,76,
ELIMINADO,ELIMINADO,ELIMINADO (servicio iOS/externo),Assembly-CSharp-firstpass,GameCenterEventListener,scoresForPlayerIdLoaded,0x06000060,0x0000dbec,328,
ELIMINADO,ELIMINADO,ELIMINADO (servicio iOS/externo),Assembly-CSharp-firstpass,GameCenterEventListener,scoresLoaded,0x0600005d,0x0000da0c,328,
ELIMINADO,ELIMINADO,ELIMINADO (servicio iOS/externo),Assembly-CSharp-firstpass,GameCenterGUIManager,.ctor,0x060000bc,0x00011d08,52,
ELIMINADO,ELIMINADO,ELIMINADO (servicio iOS/externo),Assembly-CSharp-firstpass,GameCenterGUIManager,<Start>m__0,0x060000bf,0x00012ed0,60,
ELIMINADO,ELIMINADO,ELIMINADO (servicio iOS/externo),Assembly-CSharp-firstpass,GameCenterGUIManager,<Start>m__1,0x060000c0,0x00012f0c,60,
ELIMINADO,ELIMINADO,ELIMINADO (servicio iOS/externo),Assembly-CSharp-firstpass,GameCenterGUIManager,<Start>m__2,0x060000c1,0x00012f48,40,
ELIMINADO,ELIMINADO,ELIMINADO (servicio iOS/externo),Assembly-CSharp-firstpass,GameCenterGUIManager,OnGUI,0x060000be,0x00011e98,4152,
ELIMINADO,ELIMINADO,ELIMINADO (servicio iOS/externo),Assembly-CSharp-firstpass,GameCenterGUIManager,Start,0x060000bd,0x00011d3c,348,
ELIMINADO,ELIMINADO,ELIMINADO (servicio iOS/externo),Assembly-CSharp-firstpass,GameCenterLeaderboard,.ctor,0x0600006b,0x0000e218,72,
ELIMINADO,ELIMINADO,ELIMINADO (servicio iOS/externo),Assembly-CSharp-firstpass,GameCenterLeaderboard,ToString,0x0600006d,0x0000e5d8,76,
ELIMINADO,ELIMINADO,ELIMINADO (servicio iOS/externo),Assembly-CSharp-firstpass,GameCenterLeaderboard,fromJSON,0x0600006c,0x0000e260,888,
ELIMINADO,ELIMINADO,ELIMINADO (servicio iOS/externo),Assembly-CSharp-firstpass,GameCenterManager,.ctor,0x0600006e,0x0000e624,52,
ELIMINADO,ELIMINADO,ELIMINADO (servicio iOS/externo),Assembly-CSharp-firstpass,GameCenterManager,Awake,0x0600009d,0x00010318,108,
ELIMINADO,ELIMINADO,ELIMINADO (servicio iOS/externo),Assembly-CSharp-firstpass,GameCenterManager,Start,0x0600009e,0x00010384,88,
ELIMINADO,ELIMINADO,ELIMINADO (servicio iOS/externo),Assembly-CSharp-firstpass,GameCenterManager,achievementMetadataDidLoad,0x060000b5,0x00010da4,124,
ELIMINADO,ELIMINADO,ELIMINADO (servicio iOS/externo),Assembly-CSharp-firstpass,GameCenterManager,achievementsDidLoad,0x060000b1,0x00010bdc,124,
ELIMINADO,ELIMINADO,ELIMINADO (servicio iOS/externo),Assembly-CSharp-firstpass,GameCenterManager,add_achievementMetadataLoaded,0x0600009b,0x000101d8,160,
ELIMINADO,ELIMINADO,ELIMINADO (servicio iOS/externo),Assembly-CSharp-firstpass,GameCenterManager,add_achievementsLoaded,0x06000093,0x0000fcd8,160,
ELIMINADO,ELIMINADO,ELIMINADO (servicio iOS/externo),Assembly-CSharp-firstpass,GameCenterManager,add_categoriesLoaded,0x0600007f,0x0000f058,160,
ELIMINADO,ELIMINADO,ELIMINADO (servicio iOS/externo),Assembly-CSharp-firstpass,GameCenterManager,add_loadAchievementsFailed,0x06000091,0x0000fb98,160,
ELIMINADO,ELIMINADO,ELIMINADO (servicio iOS/externo),Assembly-CSharp-firstpass,GameCenterManager,add_loadCategoryTitlesFailed,0x0600007d,0x0000ef18,160,
ELIMINADO,ELIMINADO,ELIMINADO (servicio iOS/externo),Assembly-CSharp-firstpass,GameCenterManager,add_loadPlayerDataFailed,0x0600006f,0x0000e658,160,
ELIMINADO,ELIMINADO,ELIMINADO (servicio iOS/externo),Assembly-CSharp-firstpass,GameCenterManager,add_playerAuthenticated,0x06000073,0x0000e8d8,160,
ELIMINADO,ELIMINADO,ELIMINADO (servicio iOS/externo),Assembly-CSharp-firstpass,GameCenterManager,add_playerDataLoaded,0x06000071,0x0000e798,160,
ELIMINADO,ELIMINADO,ELIMINADO (servicio iOS/externo),Assembly-CSharp-firstpass,GameCenterManager,add_playerFailedToAuthenticate,0x06000075,0x0000ea18,160,
ELIMINADO,ELIMINADO,ELIMINADO (servicio iOS/externo),Assembly-CSharp-firstpass,GameCenterManager,add_playerLoggedOut,0x06000077,0x0000eb58,160,
ELIMINADO,ELIMINADO,ELIMINADO (servicio iOS/externo),Assembly-CSharp-firstpass,GameCenterManager,add_profilePhotoFailed,0x0600007b,0x0000edd8,160,
ELIMINADO,ELIMINADO,ELIMINADO (servicio iOS/externo),Assembly-CSharp-firstpass,GameCenterManager,add_profilePhotoLoaded,0x06000079,0x0000ec98,160,
ELIMINADO,ELIMINADO,ELIMINADO (servicio iOS/externo),Assembly-CSharp-firstpass,GameCenterManager,add_reportAchievementFailed,0x0600008d,0x0000f918,160,
ELIMINADO,ELIMINADO,ELIMINADO (servicio iOS/externo),Assembly-CSharp-firstpass,GameCenterManager,add_reportAchievementFinished,0x0600008f,0x0000fa58,160,
ELIMINADO,ELIMINADO,ELIMINADO (servicio iOS/externo),Assembly-CSharp-firstpass,GameCenterManager,add_reportScoreFailed,0x06000081,0x0000f198,160,
ELIMINADO,ELIMINADO,ELIMINADO (servicio iOS/externo),Assembly-CSharp-firstpass,GameCenterManager,add_reportScoreFinished,0x06000083,0x0000f2d8,160,
ELIMINADO,ELIMINADO,ELIMINADO (servicio iOS/externo),Assembly-CSharp-firstpass,GameCenterManager,add_resetAchievementsFailed,0x06000095,0x0000fe18,160,
ELIMINADO,ELIMINADO,ELIMINADO (servicio iOS/externo),Assembly-CSharp-firstpass,GameCenterManager,add_resetAchievementsFinished,0x06000097,0x0000ff58,160,
ELIMINADO,ELIMINADO,ELIMINADO (servicio iOS/externo),Assembly-CSharp-firstpass,GameCenterManager,add_retrieveAchievementMetadataFailed,0x06000099,0x00010098,160,
ELIMINADO,ELIMINADO,ELIMINADO (servicio iOS/externo),Assembly-CSharp-firstpass,GameCenterManager,add_retrieveScoresFailed,0x06000085,0x0000f418,160,
ELIMINADO,ELIMINADO,ELIMINADO (servicio iOS/externo),Assembly-CSharp-firstpass,GameCenterManager,add_retrieveScoresForPlayerIdFailed,0x06000089,0x0000f698,160,
ELIMINADO,ELIMINADO,ELIMINADO (servicio iOS/externo),Assembly-CSharp-firstpass,GameCenterManager,add_scoresForPlayerIdLoaded,0x0600008b,0x0000f7d8,160,
ELIMINADO,ELIMINADO,ELIMINADO (servicio iOS/externo),Assembly-CSharp-firstpass,GameCenterManager,add_scoresLoaded,0x06000087,0x0000f558,160,
ELIMINADO,ELIMINADO,ELIMINADO (servicio iOS/externo),Assembly-CSharp-firstpass,GameCenterManager,categoriesDidLoad,0x060000a7,0x00010758,124,
ELIMINADO,ELIMINADO,ELIMINADO (servicio iOS/externo),Assembly-CSharp-firstpass,GameCenterManager,loadAchievementsDidFail,0x060000b0,0x00010b6c,112,
ELIMINADO,ELIMINADO,ELIMINADO (servicio iOS/externo),Assembly-CSharp-firstpass,GameCenterManager,loadCategoryTitlesDidFail,0x060000a6,0x000106e8,112,
ELIMINADO,ELIMINADO,ELIMINADO (servicio iOS/externo),Assembly-CSharp-firstpass,GameCenterManager,loadPlayerDataDidFail,0x0600009f,0x000103dc,112,
ELIMINADO,ELIMINADO,ELIMINADO (servicio iOS/externo),Assembly-CSharp-firstpass,GameCenterManager,loadPlayerDataDidLoad,0x060000a0,0x0001044c,124,
ELIMINADO,ELIMINADO,ELIMINADO (servicio iOS/externo),Assembly-CSharp-firstpass,GameCenterManager,loadProfilePhotoDidFail,0x060000a5,0x00010678,112,
ELIMINADO,ELIMINADO,ELIMINADO (servicio iOS/externo),Assembly-CSharp-firstpass,GameCenterManager,loadProfilePhotoDidLoad,0x060000a4,0x00010608,112,
ELIMINADO,ELIMINADO,ELIMINADO (servicio iOS/externo),Assembly-CSharp-firstpass,GameCenterManager,playerAuthenticationFailed,0x060000a3,0x00010598,112,
ELIMINADO,ELIMINADO,ELIMINADO (servicio iOS/externo),Assembly-CSharp-firstpass,GameCenterManager,playerDidAuthenticate,0x060000a2,0x00010530,104,
ELIMINADO,ELIMINADO,ELIMINADO (servicio iOS/externo),Assembly-CSharp-firstpass,GameCenterManager,playerDidLogOut,0x060000a1,0x000104c8,104,
ELIMINADO,ELIMINADO,ELIMINADO (servicio iOS/externo),Assembly-CSharp-firstpass,GameCenterManager,remove_achievementMetadataLoaded,0x0600009c,0x00010278,160,
ELIMINADO,ELIMINADO,ELIMINADO (servicio iOS/externo),Assembly-CSharp-firstpass,GameCenterManager,remove_achievementsLoaded,0x06000094,0x0000fd78,160,
ELIMINADO,ELIMINADO,ELIMINADO (servicio iOS/externo),Assembly-CSharp-firstpass,GameCenterManager,remove_categoriesLoaded,0x06000080,0x0000f0f8,160,
ELIMINADO,ELIMINADO,ELIMINADO (servicio iOS/externo),Assembly-CSharp-firstpass,GameCenterManager,remove_loadAchievementsFailed,0x06000092,0x0000fc38,160,
ELIMINADO,ELIMINADO,ELIMINADO (servicio iOS/externo),Assembly-CSharp-firstpass,GameCenterManager,remove_loadCategoryTitlesFailed,0x0600007e,0x0000efb8,160,
ELIMINADO,ELIMINADO,ELIMINADO (servicio iOS/externo),Assembly-CSharp-firstpass,GameCenterManager,remove_loadPlayerDataFailed,0x06000070,0x0000e6f8,160,
ELIMINADO,ELIMINADO,ELIMINADO (servicio iOS/externo),Assembly-CSharp-firstpass,GameCenterManager,remove_playerAuthenticated,0x06000074,0x0000e978,160,
ELIMINADO,ELIMINADO,ELIMINADO (servicio iOS/externo),Assembly-CSharp-firstpass,GameCenterManager,remove_playerDataLoaded,0x06000072,0x0000e838,160,
ELIMINADO,ELIMINADO,ELIMINADO (servicio iOS/externo),Assembly-CSharp-firstpass,GameCenterManager,remove_playerFailedToAuthenticate,0x06000076,0x0000eab8,160,
ELIMINADO,ELIMINADO,ELIMINADO (servicio iOS/externo),Assembly-CSharp-firstpass,GameCenterManager,remove_playerLoggedOut,0x06000078,0x0000ebf8,160,
ELIMINADO,ELIMINADO,ELIMINADO (servicio iOS/externo),Assembly-CSharp-firstpass,GameCenterManager,remove_profilePhotoFailed,0x0600007c,0x0000ee78,160,
ELIMINADO,ELIMINADO,ELIMINADO (servicio iOS/externo),Assembly-CSharp-firstpass,GameCenterManager,remove_profilePhotoLoaded,0x0600007a,0x0000ed38,160,
ELIMINADO,ELIMINADO,ELIMINADO (servicio iOS/externo),Assembly-CSharp-firstpass,GameCenterManager,remove_reportAchievementFailed,0x0600008e,0x0000f9b8,160,
ELIMINADO,ELIMINADO,ELIMINADO (servicio iOS/externo),Assembly-CSharp-firstpass,GameCenterManager,remove_reportAchievementFinished,0x06000090,0x0000faf8,160,
ELIMINADO,ELIMINADO,ELIMINADO (servicio iOS/externo),Assembly-CSharp-firstpass,GameCenterManager,remove_reportScoreFailed,0x06000082,0x0000f238,160,
ELIMINADO,ELIMINADO,ELIMINADO (servicio iOS/externo),Assembly-CSharp-firstpass,GameCenterManager,remove_reportScoreFinished,0x06000084,0x0000f378,160,
ELIMINADO,ELIMINADO,ELIMINADO (servicio iOS/externo),Assembly-CSharp-firstpass,GameCenterManager,remove_resetAchievementsFailed,0x06000096,0x0000feb8,160,
ELIMINADO,ELIMINADO,ELIMINADO (servicio iOS/externo),Assembly-CSharp-firstpass,GameCenterManager,remove_resetAchievementsFinished,0x06000098,0x0000fff8,160,
ELIMINADO,ELIMINADO,ELIMINADO (servicio iOS/externo),Assembly-CSharp-firstpass,GameCenterManager,remove_retrieveAchievementMetadataFailed,0x0600009a,0x00010138,160,
ELIMINADO,ELIMINADO,ELIMINADO (servicio iOS/externo),Assembly-CSharp-firstpass,GameCenterManager,remove_retrieveScoresFailed,0x06000086,0x0000f4b8,160,
ELIMINADO,ELIMINADO,ELIMINADO (servicio iOS/externo),Assembly-CSharp-firstpass,GameCenterManager,remove_retrieveScoresForPlayerIdFailed,0x0600008a,0x0000f738,160,
ELIMINADO,ELIMINADO,ELIMINADO (servicio iOS/externo),Assembly-CSharp-firstpass,GameCenterManager,remove_scoresForPlayerIdLoaded,0x0600008c,0x0000f878,160,
ELIMINADO,ELIMINADO,ELIMINADO (servicio iOS/externo),Assembly-CSharp-firstpass,GameCenterManager,remove_scoresLoaded,0x06000088,0x0000f5f8,160,
ELIMINADO,ELIMINADO,ELIMINADO (servicio iOS/externo),Assembly-CSharp-firstpass,GameCenterManager,reportAchievementDidFail,0x060000ae,0x00010a8c,112,
ELIMINADO,ELIMINADO,ELIMINADO (servicio iOS/externo),Assembly-CSharp-firstpass,GameCenterManager,reportAchievementDidFinish,0x060000af,0x00010afc,112,
ELIMINADO,ELIMINADO,ELIMINADO (servicio iOS/externo),Assembly-CSharp-firstpass,GameCenterManager,reportScoreDidFail,0x060000a8,0x000107d4,112,
ELIMINADO,ELIMINADO,ELIMINADO (servicio iOS/externo),Assembly-CSharp-firstpass,GameCenterManager,reportScoreDidFinish,0x060000a9,0x00010844,112,
ELIMINADO,ELIMINADO,ELIMINADO (servicio iOS/externo),Assembly-CSharp-firstpass,GameCenterManager,resetAchievementsDidFail,0x060000b2,0x00010c58,112,
ELIMINADO,ELIMINADO,ELIMINADO (servicio iOS/externo),Assembly-CSharp-firstpass,GameCenterManager,resetAchievementsDidFinish,0x060000b3,0x00010cc8,108,
ELIMINADO,ELIMINADO,ELIMINADO (servicio iOS/externo),Assembly-CSharp-firstpass,GameCenterManager,retrieveAchievementsMetadataDidFail,0x060000b4,0x00010d34,112,
ELIMINADO,ELIMINADO,ELIMINADO (servicio iOS/externo),Assembly-CSharp-firstpass,GameCenterManager,retrieveScoresDidFail,0x060000aa,0x000108b4,112,
ELIMINADO,ELIMINADO,ELIMINADO (servicio iOS/externo),Assembly-CSharp-firstpass,GameCenterManager,retrieveScoresDidLoad,0x060000ab,0x00010924,124,
ELIMINADO,ELIMINADO,ELIMINADO (servicio iOS/externo),Assembly-CSharp-firstpass,GameCenterManager,retrieveScoresForPlayerIdDidFail,0x060000ac,0x000109a0,112,
ELIMINADO,ELIMINADO,ELIMINADO (servicio iOS/externo),Assembly-CSharp-firstpass,GameCenterManager,retrieveScoresForPlayerIdDidLoad,0x060000ad,0x00010a10,124,
ELIMINADO,ELIMINADO,ELIMINADO (servicio iOS/externo),Assembly-CSharp-firstpass,GameCenterPlayer,.ctor,0x060000b6,0x00010e20,488,
ELIMINADO,ELIMINADO,ELIMINADO (servicio iOS/externo),Assembly-CSharp-firstpass,GameCenterPlayer,ToString,0x060000b8,0x000112d8,136,
ELIMINADO,ELIMINADO,ELIMINADO (servicio iOS/externo),Assembly-CSharp-firstpass,GameCenterPlayer,fromJSON,0x060000b7,0x00011008,720,
ELIMINADO,ELIMINADO,ELIMINADO (servicio iOS/externo),Assembly-CSharp-firstpass,GameCenterScore,.ctor,0x060000b9,0x00011360,1352,
ELIMINADO,ELIMINADO,ELIMINADO (servicio iOS/externo),Assembly-CSharp-firstpass,GameCenterScore,ToString,0x060000bb,0x00011b78,400,
ELIMINADO,ELIMINADO,ELIMINADO (servicio iOS/externo),Assembly-CSharp-firstpass,GameCenterScore,fromJSON,0x060000ba,0x000118a8,720,
ELIMINADO,ELIMINADO,ELIMINADO (servicio iOS/externo),Assembly-CSharp-firstpass,GravCloudBinding,DoesFileExist,0x060001fa,0x000292cc,60,
ELIMINADO,ELIMINADO,ELIMINADO (servicio iOS/externo),Assembly-CSharp-firstpass,GravCloudBinding,GetFile,0x060001f6,0x0002922c,92,
ELIMINADO,ELIMINADO,ELIMINADO (servicio iOS/externo),Assembly-CSharp-firstpass,GravCloudBinding,HasCloudAccess,0x060001f4,0x00029204,40,
ELIMINADO,ELIMINADO,ELIMINADO (servicio iOS/externo),Assembly-CSharp-firstpass,GravCloudBinding,Init,0x060001f2,0x000291dc,40,
ELIMINADO,ELIMINADO,ELIMINADO (servicio iOS/externo),Assembly-CSharp-firstpass,GravCloudBinding,PutFile,0x060001f8,0x00029288,68,
ELIMINADO,ELIMINADO,ELIMINADO (servicio iOS/externo),Assembly-CSharp-firstpass,GravCloudPrefs,.cctor,0x060001fc,0x0002933c,244,
ELIMINADO,ELIMINADO,ELIMINADO (servicio iOS/externo),Assembly-CSharp-firstpass,GravCloudPrefs,.ctor,0x060001fb,0x00029308,52,
ELIMINADO,ELIMINADO,ELIMINADO (servicio iOS/externo),Assembly-CSharp-firstpass,GravCloudPrefs,DeleteAll,0x06000209,0x00029de4,112,
ELIMINADO,ELIMINADO,ELIMINADO (servicio iOS/externo),Assembly-CSharp-firstpass,GravCloudPrefs,DeleteGravCloudFile,0x0600020b,0x00029ef0,164,
ELIMINADO,ELIMINADO,ELIMINADO (servicio iOS/externo),Assembly-CSharp-firstpass,GravCloudPrefs,EditorDeleteAll,0x0600020a,0x00029e54,156,
ELIMINADO,ELIMINADO,ELIMINADO (servicio iOS/externo),Assembly-CSharp-firstpass,GravCloudPrefs,GetBool,0x06000215,0x0002a7a0,200,
ELIMINADO,ELIMINADO,ELIMINADO (servicio iOS/externo),Assembly-CSharp-firstpass,GravCloudPrefs,GetDictionary,0x06000219,0x0002aad0,208,
ELIMINADO,ELIMINADO,ELIMINADO (servicio iOS/externo),Assembly-CSharp-firstpass,GravCloudPrefs,GetFloat,0x06000213,0x0002a5b8,228,
ELIMINADO,ELIMINADO,ELIMINADO (servicio iOS/externo),Assembly-CSharp-firstpass,GravCloudPrefs,GetInt,0x0600020e,0x0002a170,176,
ELIMINADO,ELIMINADO,ELIMINADO (servicio iOS/externo),Assembly-CSharp-firstpass,GravCloudPrefs,GetInt64,0x06000211,0x0002a3e8,212,
ELIMINADO,ELIMINADO,ELIMINADO (servicio iOS/externo),Assembly-CSharp-firstpass,GravCloudPrefs,GetLong,0x06000210,0x0002a318,208,
ELIMINADO,ELIMINADO,ELIMINADO (servicio iOS/externo),Assembly-CSharp-firstpass,GravCloudPrefs,GetString,0x06000217,0x0002a930,172,
ELIMINADO,ELIMINADO,ELIMINADO (servicio iOS/externo),Assembly-CSharp-firstpass,GravCloudPrefs,HasKey,0x06000207,0x00029ce8,104,
ELIMINADO,ELIMINADO,ELIMINADO (servicio iOS/externo),Assembly-CSharp-firstpass,GravCloudPrefs,Init,0x06000202,0x00029ad0,284,
ELIMINADO,ELIMINADO,ELIMINADO (servicio iOS/externo),Assembly-CSharp-firstpass,GravCloudPrefs,Load,0x06000205,0x00029c58,108,
ELIMINADO,ELIMINADO,ELIMINADO (servicio iOS/externo),Assembly-CSharp-firstpass,GravCloudPrefs,LoadFromFileStream,0x060001fe,0x00029468,1080,
ELIMINADO,ELIMINADO,ELIMINADO (servicio iOS/externo),Assembly-CSharp-firstpass,GravCloudPrefs,OnApplicationPause,0x06000204,0x00029c18,64,
ELIMINADO,ELIMINADO,ELIMINADO (servicio iOS/externo),Assembly-CSharp-firstpass,GravCloudPrefs,OnApplicationQuit,0x06000203,0x00029bec,44,
ELIMINADO,ELIMINADO,ELIMINADO (servicio iOS/externo),Assembly-CSharp-firstpass,GravCloudPrefs,OnGravCloudPrefsFileCallback,0x060001ff,0x000298a0,452,
ELIMINADO,ELIMINADO,ELIMINADO (servicio iOS/externo),Assembly-CSharp-firstpass,GravCloudPrefs,RemoveKey,0x06000208,0x00029d50,148,
ELIMINADO,ELIMINADO,ELIMINADO (servicio iOS/externo),Assembly-CSharp-firstpass,GravCloudPrefs,Save,0x06000206,0x00029cc4,36,
ELIMINADO,ELIMINADO,ELIMINADO (servicio iOS/externo),Assembly-CSharp-firstpass,GravCloudPrefs,Serialize,0x06000201,0x00029aac,36,
ELIMINADO,ELIMINADO,ELIMINADO (servicio iOS/externo),Assembly-CSharp-firstpass,GravCloudPrefs,SetBool,0x06000214,0x0002a69c,260,
ELIMINADO,ELIMINADO,ELIMINADO (servicio iOS/externo),Assembly-CSharp-firstpass,GravCloudPrefs,SetDictionary,0x06000218,0x0002a9dc,244,
ELIMINADO,ELIMINADO,ELIMINADO (servicio iOS/externo),Assembly-CSharp-firstpass,GravCloudPrefs,SetFloat,0x06000212,0x0002a4bc,252,
ELIMINADO,ELIMINADO,ELIMINADO (servicio iOS/externo),Assembly-CSharp-firstpass,GravCloudPrefs,SetInt,0x0600020c,0x00029f94,236,
ELIMINADO,ELIMINADO,ELIMINADO (servicio iOS/externo),Assembly-CSharp-firstpass,GravCloudPrefs,SetInt64,0x0600020d,0x0002a080,240,
ELIMINADO,ELIMINADO,ELIMINADO (servicio iOS/externo),Assembly-CSharp-firstpass,GravCloudPrefs,SetLong,0x0600020f,0x0002a220,248,
ELIMINADO,ELIMINADO,ELIMINADO (servicio iOS/externo),Assembly-CSharp-firstpass,GravCloudPrefs,SetString,0x06000216,0x0002a868,200,
ELIMINADO,ELIMINADO,ELIMINADO (servicio iOS/externo),Assembly-CSharp-firstpass,GravCloudPrefs,WaitForLoadCoroutine,0x06000200,0x00029a64,72,
ELIMINADO,ELIMINADO,ELIMINADO (servicio iOS/externo),Assembly-CSharp-firstpass,GravCloudPrefs,get_IsLoaded,0x060001fd,0x00029430,56,
ELIMINADO,ELIMINADO,ELIMINADO (servicio iOS/externo),Assembly-CSharp-firstpass,GravCloudPrefs/<WaitForLoadCoroutine>c__Iterator7,.ctor,0x0600053d,0x00051d94,44,
ELIMINADO,ELIMINADO,ELIMINADO (servicio iOS/externo),Assembly-CSharp-firstpass,GravCloudPrefs/<WaitForLoadCoroutine>c__Iterator7,Dispose,0x06000541,0x000523d8,56,
ELIMINADO,ELIMINADO,ELIMINADO (servicio iOS/externo),Assembly-CSharp-firstpass,GravCloudPrefs/<WaitForLoadCoroutine>c__Iterator7,MoveNext,0x06000540,0x00051e28,1456,
ELIMINADO,ELIMINADO,ELIMINADO (servicio iOS/externo),Assembly-CSharp-firstpass,GravCloudPrefs/<WaitForLoadCoroutine>c__Iterator7,Reset,0x06000542,0x00052410,64,
ELIMINADO,ELIMINADO,ELIMINADO (servicio iOS/externo),Assembly-CSharp-firstpass,GravCloudPrefs/<WaitForLoadCoroutine>c__Iterator7,System.Collections.Generic.IEnumerator<object>.get_Current,0x0600053e,0x00051dc0,52,
ELIMINADO,ELIMINADO,ELIMINADO (servicio iOS/externo),Assembly-CSharp-firstpass,GravCloudPrefs/<WaitForLoadCoroutine>c__Iterator7,System.Collections.IEnumerator.get_Current,0x0600053f,0x00051df4,52,
ELIMINADO,ELIMINADO,ELIMINADO (servicio iOS/externo),Assembly-CSharp-firstpass,JCloudData,.cctor,0x0600026d,0x0002e084,128,
ELIMINADO,ELIMINADO,ELIMINADO (servicio iOS/externo),Assembly-CSharp-firstpass,JCloudData,.ctor,0x0600026c,0x0002e050,52,
ELIMINADO,ELIMINADO,ELIMINADO (servicio iOS/externo),Assembly-CSharp-firstpass,JCloudData,DeleteAll,0x06000279,0x0002e7e4,116,
ELIMINADO,ELIMINADO,ELIMINADO (servicio iOS/externo),Assembly-CSharp-firstpass,JCloudData,DeleteKey,0x06000278,0x0002e760,132,
ELIMINADO,ELIMINADO,ELIMINADO (servicio iOS/externo),Assembly-CSharp-firstpass,JCloudData,GetFloat,0x06000272,0x0002e320,232,
ELIMINADO,ELIMINADO,ELIMINADO (servicio iOS/externo),Assembly-CSharp-firstpass,JCloudData,GetFloat,0x06000273,0x0002e408,96,
ELIMINADO,ELIMINADO,ELIMINADO (servicio iOS/externo),Assembly-CSharp-firstpass,JCloudData,GetInt,0x0600026f,0x0002e194,164,
ELIMINADO,ELIMINADO,ELIMINADO (servicio iOS/externo),Assembly-CSharp-firstpass,JCloudData,GetInt,0x06000270,0x0002e238,56,
ELIMINADO,ELIMINADO,ELIMINADO (servicio iOS/externo),Assembly-CSharp-firstpass,JCloudData,GetString,0x06000275,0x0002e4f8,188,
ELIMINADO,ELIMINADO,ELIMINADO (servicio iOS/externo),Assembly-CSharp-firstpass,JCloudData,GetString,0x06000276,0x0002e5b4,72,
ELIMINADO,ELIMINADO,ELIMINADO (servicio iOS/externo),Assembly-CSharp-firstpass,JCloudData,HasKey,0x06000277,0x0002e5fc,356,
ELIMINADO,ELIMINADO,ELIMINADO (servicio iOS/externo),Assembly-CSharp-firstpass,JCloudData,KeyValueStoreDidChangeExternally,0x0600027e,0x0002ec18,964,
ELIMINADO,ELIMINADO,ELIMINADO (servicio iOS/externo),Assembly-CSharp-firstpass,JCloudData,PollCloudDataAvailability,0x0600027b,0x0002e8cc,116,
ELIMINADO,ELIMINADO,ELIMINADO (servicio iOS/externo),Assembly-CSharp-firstpass,JCloudData,RegisterCloudDataExternalChanges,0x0600027c,0x0002e940,456,
ELIMINADO,ELIMINADO,ELIMINADO (servicio iOS/externo),Assembly-CSharp-firstpass,JCloudData,Save,0x0600027a,0x0002e858,116,
ELIMINADO,ELIMINADO,ELIMINADO (servicio iOS/externo),Assembly-CSharp-firstpass,JCloudData,SetFloat,0x06000271,0x0002e270,176,
ELIMINADO,ELIMINADO,ELIMINADO (servicio iOS/externo),Assembly-CSharp-firstpass,JCloudData,SetInt,0x0600026e,0x0002e104,144,
ELIMINADO,ELIMINADO,ELIMINADO (servicio iOS/externo),Assembly-CSharp-firstpass,JCloudData,SetString,0x06000274,0x0002e468,144,
ELIMINADO,ELIMINADO,ELIMINADO (servicio iOS/externo),Assembly-CSharp-firstpass,JCloudData,UnregisterCloudDataExternalChanges,0x0600027d,0x0002eb08,272,
ELIMINADO,ELIMINADO,ELIMINADO (servicio iOS/externo),Assembly-CSharp-firstpass,JCloudDictionary,.cctor,0x06000280,0x0002f010,128,
ELIMINADO,ELIMINADO,ELIMINADO (servicio iOS/externo),Assembly-CSharp-firstpass,JCloudDictionary,.ctor,0x0600027f,0x0002efdc,52,
ELIMINADO,ELIMINADO,ELIMINADO (servicio iOS/externo),Assembly-CSharp-firstpass,JCloudDictionary,DeleteAll,0x0600028c,0x0002f690,116,
ELIMINADO,ELIMINADO,ELIMINADO (servicio iOS/externo),Assembly-CSharp-firstpass,JCloudDictionary,DeleteKey,0x0600028b,0x0002f60c,132,
ELIMINADO,ELIMINADO,ELIMINADO (servicio iOS/externo),Assembly-CSharp-firstpass,JCloudDictionary,GetFloat,0x06000285,0x0002f2ac,232,
ELIMINADO,ELIMINADO,ELIMINADO (servicio iOS/externo),Assembly-CSharp-firstpass,JCloudDictionary,GetFloat,0x06000286,0x0002f394,96,
ELIMINADO,ELIMINADO,ELIMINADO (servicio iOS/externo),Assembly-CSharp-firstpass,JCloudDictionary,GetInt,0x06000282,0x0002f120,164,
ELIMINADO,ELIMINADO,ELIMINADO (servicio iOS/externo),Assembly-CSharp-firstpass,JCloudDictionary,GetInt,0x06000283,0x0002f1c4,56,
ELIMINADO,ELIMINADO,ELIMINADO (servicio iOS/externo),Assembly-CSharp-firstpass,JCloudDictionary,GetString,0x06000288,0x0002f484,188,
ELIMINADO,ELIMINADO,ELIMINADO (servicio iOS/externo),Assembly-CSharp-firstpass,JCloudDictionary,GetString,0x06000289,0x0002f540,72,
ELIMINADO,ELIMINADO,ELIMINADO (servicio iOS/externo),Assembly-CSharp-firstpass,JCloudDictionary,HasKey,0x0600028a,0x0002f588,132,
ELIMINADO,ELIMINADO,ELIMINADO (servicio iOS/externo),Assembly-CSharp-firstpass,JCloudDictionary,KeyValueStoreDidChangeExternally,0x06000291,0x0002fabc,964,
ELIMINADO,ELIMINADO,ELIMINADO (servicio iOS/externo),Assembly-CSharp-firstpass,JCloudDictionary,PollCloudDictionaryAvailability,0x0600028e,0x0002f778,116,
ELIMINADO,ELIMINADO,ELIMINADO (servicio iOS/externo),Assembly-CSharp-firstpass,JCloudDictionary,RegisterCloudDictionaryExternalChanges,0x0600028f,0x0002f7ec,448,
ELIMINADO,ELIMINADO,ELIMINADO (servicio iOS/externo),Assembly-CSharp-firstpass,JCloudDictionary,Save,0x0600028d,0x0002f704,116,
ELIMINADO,ELIMINADO,ELIMINADO (servicio iOS/externo),Assembly-CSharp-firstpass,JCloudDictionary,SetFloat,0x06000284,0x0002f1fc,176,
ELIMINADO,ELIMINADO,ELIMINADO (servicio iOS/externo),Assembly-CSharp-firstpass,JCloudDictionary,SetInt,0x06000281,0x0002f090,144,
ELIMINADO,ELIMINADO,ELIMINADO (servicio iOS/externo),Assembly-CSharp-firstpass,JCloudDictionary,SetString,0x06000287,0x0002f3f4,144,
ELIMINADO,ELIMINADO,ELIMINADO (servicio iOS/externo),Assembly-CSharp-firstpass,JCloudDictionary,UnregisterCloudDictionaryExternalChanges,0x06000290,0x0002f9ac,272,
ELIMINADO,ELIMINADO,ELIMINADO (servicio iOS/externo),Assembly-CSharp-firstpass,JCloudDocument,.cctor,0x06000293,0x0002feb4,60,
ELIMINADO,ELIMINADO,ELIMINADO (servicio iOS/externo),Assembly-CSharp-firstpass,JCloudDocument,.ctor,0x06000292,0x0002fe80,52,
ELIMINADO,ELIMINADO,ELIMINADO (servicio iOS/externo),Assembly-CSharp-firstpass,JCloudDocument,DirectoryCopy,0x060002a3,0x0003165c,500,
ELIMINADO,ELIMINADO,ELIMINADO (servicio iOS/externo),Assembly-CSharp-firstpass,JCloudDocument,DirectoryCreate,0x0600029d,0x00030b68,320,
ELIMINADO,ELIMINADO,ELIMINADO (servicio iOS/externo),Assembly-CSharp-firstpass,JCloudDocument,DirectoryDelete,0x0600029f,0x00030dd8,300,
ELIMINADO,ELIMINADO,ELIMINADO (servicio iOS/externo),Assembly-CSharp-firstpass,JCloudDocument,DirectoryExists,0x0600029e,0x00030ca8,304,
ELIMINADO,ELIMINADO,ELIMINADO (servicio iOS/externo),Assembly-CSharp-firstpass,JCloudDocument,DirectoryGetDirectories,0x060002a1,0x00031160,604,
ELIMINADO,ELIMINADO,ELIMINADO (servicio iOS/externo),Assembly-CSharp-firstpass,JCloudDocument,DirectoryGetFiles,0x060002a0,0x00030f04,604,
ELIMINADO,ELIMINADO,ELIMINADO (servicio iOS/externo),Assembly-CSharp-firstpass,JCloudDocument,DirectoryModificationDate,0x060002a2,0x000313bc,672,
ELIMINADO,ELIMINADO,ELIMINADO (servicio iOS/externo),Assembly-CSharp-firstpass,JCloudDocument,DirectoryMove,0x060002a4,0x00031850,500,
ELIMINADO,ELIMINADO,ELIMINADO (servicio iOS/externo),Assembly-CSharp-firstpass,JCloudDocument,DismissCloudDocument,0x06000295,0x0002ff3c,60,
ELIMINADO,ELIMINADO,ELIMINADO (servicio iOS/externo),Assembly-CSharp-firstpass,JCloudDocument,FileCopy,0x0600029b,0x00030780,500,
ELIMINADO,ELIMINADO,ELIMINADO (servicio iOS/externo),Assembly-CSharp-firstpass,JCloudDocument,FileDelete,0x06000297,0x000300a8,300,
ELIMINADO,ELIMINADO,ELIMINADO (servicio iOS/externo),Assembly-CSharp-firstpass,JCloudDocument,FileExists,0x06000296,0x0002ff78,304,
ELIMINADO,ELIMINADO,ELIMINADO (servicio iOS/externo),Assembly-CSharp-firstpass,JCloudDocument,FileModificationDate,0x0600029a,0x000304e0,672,
ELIMINADO,ELIMINADO,ELIMINADO (servicio iOS/externo),Assembly-CSharp-firstpass,JCloudDocument,FileMove,0x0600029c,0x00030974,500,
ELIMINADO,ELIMINADO,ELIMINADO (servicio iOS/externo),Assembly-CSharp-firstpass,JCloudDocument,FileReadAllBytes,0x06000299,0x00030330,432,
ELIMINADO,ELIMINADO,ELIMINADO (servicio iOS/externo),Assembly-CSharp-firstpass,JCloudDocument,FileWriteAllBytes,0x06000298,0x000301d4,348,
ELIMINADO,ELIMINADO,ELIMINADO (servicio iOS/externo),Assembly-CSharp-firstpass,JCloudDocument,NewCloudDocument,0x06000294,0x0002fef0,76,
ELIMINADO,ELIMINADO,ELIMINADO (servicio iOS/externo),Assembly-CSharp-firstpass,JCloudDocument,PollCloudDocumentAvailability,0x060002a5,0x00031a44,116,
ELIMINADO,ELIMINADO,ELIMINADO (servicio iOS/externo),Assembly-CSharp-firstpass,JCloudDocumentAsync,.cctor,0x060002a8,0x00031b18,60,
ELIMINADO,ELIMINADO,ELIMINADO (servicio iOS/externo),Assembly-CSharp-firstpass,JCloudDocumentAsync,.ctor,0x060002a7,0x00031ae4,52,
ELIMINADO,ELIMINADO,ELIMINADO (servicio iOS/externo),Assembly-CSharp-firstpass,JCloudDocumentAsync,DirectoryCopy,0x060002b8,0x00032224,136,
ELIMINADO,ELIMINADO,ELIMINADO (servicio iOS/externo),Assembly-CSharp-firstpass,JCloudDocumentAsync,DirectoryCopyOperation,0x060002c7,0x00032830,124,
ELIMINADO,ELIMINADO,ELIMINADO (servicio iOS/externo),Assembly-CSharp-firstpass,JCloudDocumentAsync,DirectoryCreate,0x060002b2,0x00031f54,120,
ELIMINADO,ELIMINADO,ELIMINADO (servicio iOS/externo),Assembly-CSharp-firstpass,JCloudDocumentAsync,DirectoryCreateOperation,0x060002c1,0x00032608,92,
ELIMINADO,ELIMINADO,ELIMINADO (servicio iOS/externo),Assembly-CSharp-firstpass,JCloudDocumentAsync,DirectoryDelete,0x060002b4,0x00032044,120,
ELIMINADO,ELIMINADO,ELIMINADO (servicio iOS/externo),Assembly-CSharp-firstpass,JCloudDocumentAsync,DirectoryDeleteOperation,0x060002c3,0x000326c0,92,
ELIMINADO,ELIMINADO,ELIMINADO (servicio iOS/externo),Assembly-CSharp-firstpass,JCloudDocumentAsync,DirectoryExists,0x060002b3,0x00031fcc,120,
ELIMINADO,ELIMINADO,ELIMINADO (servicio iOS/externo),Assembly-CSharp-firstpass,JCloudDocumentAsync,DirectoryExistsOperation,0x060002c2,0x00032664,92,
ELIMINADO,ELIMINADO,ELIMINADO (servicio iOS/externo),Assembly-CSharp-firstpass,JCloudDocumentAsync,DirectoryGetDirectories,0x060002b6,0x00032134,120,
ELIMINADO,ELIMINADO,ELIMINADO (servicio iOS/externo),Assembly-CSharp-firstpass,JCloudDocumentAsync,DirectoryGetDirectoriesOperation,0x060002c5,0x00032778,92,
ELIMINADO,ELIMINADO,ELIMINADO (servicio iOS/externo),Assembly-CSharp-firstpass,JCloudDocumentAsync,DirectoryGetFiles,0x060002b5,0x000320bc,120,
ELIMINADO,ELIMINADO,ELIMINADO (servicio iOS/externo),Assembly-CSharp-firstpass,JCloudDocumentAsync,DirectoryGetFilesOperation,0x060002c4,0x0003271c,92,
ELIMINADO,ELIMINADO,ELIMINADO (servicio iOS/externo),Assembly-CSharp-firstpass,JCloudDocumentAsync,DirectoryModificationDate,0x060002b7,0x000321ac,120,
ELIMINADO,ELIMINADO,ELIMINADO (servicio iOS/externo),Assembly-CSharp-firstpass,JCloudDocumentAsync,DirectoryModificationDateOperation,0x060002c6,0x000327d4,92,
ELIMINADO,ELIMINADO,ELIMINADO (servicio iOS/externo),Assembly-CSharp-firstpass,JCloudDocumentAsync,DirectoryMove,0x060002b9,0x000322ac,136,
ELIMINADO,ELIMINADO,ELIMINADO (servicio iOS/externo),Assembly-CSharp-firstpass,JCloudDocumentAsync,DirectoryMoveOperation,0x060002c8,0x000328ac,124,
ELIMINADO,ELIMINADO,ELIMINADO (servicio iOS/externo),Assembly-CSharp-firstpass,JCloudDocumentAsync,DismissCloudDocument,0x060002aa,0x00031ba0,68,
ELIMINADO,ELIMINADO,ELIMINADO (servicio iOS/externo),Assembly-CSharp-firstpass,JCloudDocumentAsync,FileCopy,0x060002b0,0x00031e44,136,
ELIMINADO,ELIMINADO,ELIMINADO (servicio iOS/externo),Assembly-CSharp-firstpass,JCloudDocumentAsync,FileCopyOperation,0x060002bf,0x00032510,124,
ELIMINADO,ELIMINADO,ELIMINADO (servicio iOS/externo),Assembly-CSharp-firstpass,JCloudDocumentAsync,FileDelete,0x060002ac,0x00031c5c,120,
ELIMINADO,ELIMINADO,ELIMINADO (servicio iOS/externo),Assembly-CSharp-firstpass,JCloudDocumentAsync,FileDeleteOperation,0x060002bb,0x00032390,92,
ELIMINADO,ELIMINADO,ELIMINADO (servicio iOS/externo),Assembly-CSharp-firstpass,JCloudDocumentAsync,FileExists,0x060002ab,0x00031be4,120,
ELIMINADO,ELIMINADO,ELIMINADO (servicio iOS/externo),Assembly-CSharp-firstpass,JCloudDocumentAsync,FileExistsOperation,0x060002ba,0x00032334,92,
ELIMINADO,ELIMINADO,ELIMINADO (servicio iOS/externo),Assembly-CSharp-firstpass,JCloudDocumentAsync,FileModificationDate,0x060002af,0x00031dcc,120,
ELIMINADO,ELIMINADO,ELIMINADO (servicio iOS/externo),Assembly-CSharp-firstpass,JCloudDocumentAsync,FileModificationDateOperation,0x060002be,0x000324b4,92,
ELIMINADO,ELIMINADO,ELIMINADO (servicio iOS/externo),Assembly-CSharp-firstpass,JCloudDocumentAsync,FileMove,0x060002b1,0x00031ecc,136,
ELIMINADO,ELIMINADO,ELIMINADO (servicio iOS/externo),Assembly-CSharp-firstpass,JCloudDocumentAsync,FileMoveOperation,0x060002c0,0x0003258c,124,
ELIMINADO,ELIMINADO,ELIMINADO (servicio iOS/externo),Assembly-CSharp-firstpass,JCloudDocumentAsync,FileReadAllBytes,0x060002ae,0x00031d54,120,
ELIMINADO,ELIMINADO,ELIMINADO (servicio iOS/externo),Assembly-CSharp-firstpass,JCloudDocumentAsync,FileReadAllBytesOperation,0x060002bd,0x00032458,92,
ELIMINADO,ELIMINADO,ELIMINADO (servicio iOS/externo),Assembly-CSharp-firstpass,JCloudDocumentAsync,FileWriteAllBytes,0x060002ad,0x00031cd4,128,
ELIMINADO,ELIMINADO,ELIMINADO (servicio iOS/externo),Assembly-CSharp-firstpass,JCloudDocumentAsync,FileWriteAllBytesOperation,0x060002bc,0x000323ec,108,
ELIMINADO,ELIMINADO,ELIMINADO (servicio iOS/externo),Assembly-CSharp-firstpass,JCloudDocumentAsync,NewCloudDocument,0x060002a9,0x00031b54,76,
ELIMINADO,ELIMINADO,ELIMINADO (servicio iOS/externo),Assembly-CSharp-firstpass,JCloudDocumentAsync,PollCloudDocumentAvailability,0x060002c9,0x00032928,116,
ELIMINADO,ELIMINADO,ELIMINADO (servicio iOS/externo),Assembly-CSharp-firstpass,JCloudDocumentAsync/<DirectoryCopyOperation>c__Iterator17,.ctor,0x0600059d,0x0005671c,44,
ELIMINADO,ELIMINADO,ELIMINADO (servicio iOS/externo),Assembly-CSharp-firstpass,JCloudDocumentAsync/<DirectoryCopyOperation>c__Iterator17,Dispose,0x060005a1,0x00056b94,56,
ELIMINADO,ELIMINADO,ELIMINADO (servicio iOS/externo),Assembly-CSharp-firstpass,JCloudDocumentAsync/<DirectoryCopyOperation>c__Iterator17,MoveNext,0x060005a0,0x000567b0,996,
ELIMINADO,ELIMINADO,ELIMINADO (servicio iOS/externo),Assembly-CSharp-firstpass,JCloudDocumentAsync/<DirectoryCopyOperation>c__Iterator17,Reset,0x060005a2,0x00056bcc,64,
ELIMINADO,ELIMINADO,ELIMINADO (servicio iOS/externo),Assembly-CSharp-firstpass,JCloudDocumentAsync/<DirectoryCopyOperation>c__Iterator17,System.Collections.Generic.IEnumerator<object>.get_Current,0x0600059e,0x00056748,52,
ELIMINADO,ELIMINADO,ELIMINADO (servicio iOS/externo),Assembly-CSharp-firstpass,JCloudDocumentAsync/<DirectoryCopyOperation>c__Iterator17,System.Collections.IEnumerator.get_Current,0x0600059f,0x0005677c,52,
ELIMINADO,ELIMINADO,ELIMINADO (servicio iOS/externo),Assembly-CSharp-firstpass,JCloudDocumentAsync/<DirectoryCreateOperation>c__Iterator11,.ctor,0x06000579,0x00054a28,44,
ELIMINADO,ELIMINADO,ELIMINADO (servicio iOS/externo),Assembly-CSharp-firstpass,JCloudDocumentAsync/<DirectoryCreateOperation>c__Iterator11,Dispose,0x0600057d,0x00054da8,56,
ELIMINADO,ELIMINADO,ELIMINADO (servicio iOS/externo),Assembly-CSharp-firstpass,JCloudDocumentAsync/<DirectoryCreateOperation>c__Iterator11,MoveNext,0x0600057c,0x00054abc,748,
ELIMINADO,ELIMINADO,ELIMINADO (servicio iOS/externo),Assembly-CSharp-firstpass,JCloudDocumentAsync/<DirectoryCreateOperation>c__Iterator11,Reset,0x0600057e,0x00054de0,64,
ELIMINADO,ELIMINADO,ELIMINADO (servicio iOS/externo),Assembly-CSharp-firstpass,JCloudDocumentAsync/<DirectoryCreateOperation>c__Iterator11,System.Collections.Generic.IEnumerator<object>.get_Current,0x0600057a,0x00054a54,52,
ELIMINADO,ELIMINADO,ELIMINADO (servicio iOS/externo),Assembly-CSharp-firstpass,JCloudDocumentAsync/<DirectoryCreateOperation>c__Iterator11,System.Collections.IEnumerator.get_Current,0x0600057b,0x00054a88,52,
ELIMINADO,ELIMINADO,ELIMINADO (servicio iOS/externo),Assembly-CSharp-firstpass,JCloudDocumentAsync/<DirectoryDeleteOperation>c__Iterator13,.ctor,0x06000585,0x00055220,44,
ELIMINADO,ELIMINADO,ELIMINADO (servicio iOS/externo),Assembly-CSharp-firstpass,JCloudDocumentAsync/<DirectoryDeleteOperation>c__Iterator13,Dispose,0x06000589,0x000555a0,56,
ELIMINADO,ELIMINADO,ELIMINADO (servicio iOS/externo),Assembly-CSharp-firstpass,JCloudDocumentAsync/<DirectoryDeleteOperation>c__Iterator13,MoveNext,0x06000588,0x000552b4,748,
ELIMINADO,ELIMINADO,ELIMINADO (servicio iOS/externo),Assembly-CSharp-firstpass,JCloudDocumentAsync/<DirectoryDeleteOperation>c__Iterator13,Reset,0x0600058a,0x000555d8,64,
ELIMINADO,ELIMINADO,ELIMINADO (servicio iOS/externo),Assembly-CSharp-firstpass,JCloudDocumentAsync/<DirectoryDeleteOperation>c__Iterator13,System.Collections.Generic.IEnumerator<object>.get_Current,0x06000586,0x0005524c,52,
ELIMINADO,ELIMINADO,ELIMINADO (servicio iOS/externo),Assembly-CSharp-firstpass,JCloudDocumentAsync/<DirectoryDeleteOperation>c__Iterator13,System.Collections.IEnumerator.get_Current,0x06000587,0x00055280,52,
ELIMINADO,ELIMINADO,ELIMINADO (servicio iOS/externo),Assembly-CSharp-firstpass,JCloudDocumentAsync/<DirectoryExistsOperation>c__Iterator12,.ctor,0x0600057f,0x00054e20,44,
ELIMINADO,ELIMINADO,ELIMINADO (servicio iOS/externo),Assembly-CSharp-firstpass,JCloudDocumentAsync/<DirectoryExistsOperation>c__Iterator12,Dispose,0x06000583,0x000551a8,56,
ELIMINADO,ELIMINADO,ELIMINADO (servicio iOS/externo),Assembly-CSharp-firstpass,JCloudDocumentAsync/<DirectoryExistsOperation>c__Iterator12,MoveNext,0x06000582,0x00054eb4,756,
ELIMINADO,ELIMINADO,ELIMINADO (servicio iOS/externo),Assembly-CSharp-firstpass,JCloudDocumentAsync/<DirectoryExistsOperation>c__Iterator12,Reset,0x06000584,0x000551e0,64,
ELIMINADO,ELIMINADO,ELIMINADO (servicio iOS/externo),Assembly-CSharp-firstpass,JCloudDocumentAsync/<DirectoryExistsOperation>c__Iterator12,System.Collections.Generic.IEnumerator<object>.get_Current,0x06000580,0x00054e4c,52,
ELIMINADO,ELIMINADO,ELIMINADO (servicio iOS/externo),Assembly-CSharp-firstpass,JCloudDocumentAsync/<DirectoryExistsOperation>c__Iterator12,System.Collections.IEnumerator.get_Current,0x06000581,0x00054e80,52,
ELIMINADO,ELIMINADO,ELIMINADO (servicio iOS/externo),Assembly-CSharp-firstpass,JCloudDocumentAsync/<DirectoryGetDirectoriesOperation>c__Iterator15,.ctor,0x06000591,0x00055bfc,44,
ELIMINADO,ELIMINADO,ELIMINADO (servicio iOS/externo),Assembly-CSharp-firstpass,JCloudDocumentAsync/<DirectoryGetDirectoriesOperation>c__Iterator15,Dispose,0x06000595,0x00056168,56,
ELIMINADO,ELIMINADO,ELIMINADO (servicio iOS/externo),Assembly-CSharp-firstpass,JCloudDocumentAsync/<DirectoryGetDirectoriesOperation>c__Iterator15,MoveNext,0x06000594,0x00055c90,1240,
ELIMINADO,ELIMINADO,ELIMINADO (servicio iOS/externo),Assembly-CSharp-firstpass,JCloudDocumentAsync/<DirectoryGetDirectoriesOperation>c__Iterator15,Reset,0x06000596,0x000561a0,64,
ELIMINADO,ELIMINADO,ELIMINADO (servicio iOS/externo),Assembly-CSharp-firstpass,JCloudDocumentAsync/<DirectoryGetDirectoriesOperation>c__Iterator15,System.Collections.Generic.IEnumerator<object>.get_Current,0x06000592,0x00055c28,52,
ELIMINADO,ELIMINADO,ELIMINADO (servicio iOS/externo),Assembly-CSharp-firstpass,JCloudDocumentAsync/<DirectoryGetDirectoriesOperation>c__Iterator15,System.Collections.IEnumerator.get_Current,0x06000593,0x00055c5c,52,
ELIMINADO,ELIMINADO,ELIMINADO (servicio iOS/externo),Assembly-CSharp-firstpass,JCloudDocumentAsync/<DirectoryGetFilesOperation>c__Iterator14,.ctor,0x0600058b,0x00055618,44,
ELIMINADO,ELIMINADO,ELIMINADO (servicio iOS/externo),Assembly-CSharp-firstpass,JCloudDocumentAsync/<DirectoryGetFilesOperation>c__Iterator14,Dispose,0x0600058f,0x00055b84,56,
ELIMINADO,ELIMINADO,ELIMINADO (servicio iOS/externo),Assembly-CSharp-firstpass,JCloudDocumentAsync/<DirectoryGetFilesOperation>c__Iterator14,MoveNext,0x0600058e,0x000556ac,1240,
ELIMINADO,ELIMINADO,ELIMINADO (servicio iOS/externo),Assembly-CSharp-firstpass,JCloudDocumentAsync/<DirectoryGetFilesOperation>c__Iterator14,Reset,0x06000590,0x00055bbc,64,
ELIMINADO,ELIMINADO,ELIMINADO (servicio iOS/externo),Assembly-CSharp-firstpass,JCloudDocumentAsync/<DirectoryGetFilesOperation>c__Iterator14,System.Collections.Generic.IEnumerator<object>.get_Current,0x0600058c,0x00055644,52,
ELIMINADO,ELIMINADO,ELIMINADO (servicio iOS/externo),Assembly-CSharp-firstpass,JCloudDocumentAsync/<DirectoryGetFilesOperation>c__Iterator14,System.Collections.IEnumerator.get_Current,0x0600058d,0x00055678,52,
ELIMINADO,ELIMINADO,ELIMINADO (servicio iOS/externo),Assembly-CSharp-firstpass,JCloudDocumentAsync/<DirectoryModificationDateOperation>c__Iterator16,.ctor,0x06000597,0x000561e0,44,
ELIMINADO,ELIMINADO,ELIMINADO (servicio iOS/externo),Assembly-CSharp-firstpass,JCloudDocumentAsync/<DirectoryModificationDateOperation>c__Iterator16,Dispose,0x0600059b,0x000566a4,56,
ELIMINADO,ELIMINADO,ELIMINADO (servicio iOS/externo),Assembly-CSharp-firstpass,JCloudDocumentAsync/<DirectoryModificationDateOperation>c__Iterator16,MoveNext,0x0600059a,0x00056274,1072,
ELIMINADO,ELIMINADO,ELIMINADO (servicio iOS/externo),Assembly-CSharp-firstpass,JCloudDocumentAsync/<DirectoryModificationDateOperation>c__Iterator16,Reset,0x0600059c,0x000566dc,64,
ELIMINADO,ELIMINADO,ELIMINADO (servicio iOS/externo),Assembly-CSharp-firstpass,JCloudDocumentAsync/<DirectoryModificationDateOperation>c__Iterator16,System.Collections.Generic.IEnumerator<object>.get_Current,0x06000598,0x0005620c,52,
ELIMINADO,ELIMINADO,ELIMINADO (servicio iOS/externo),Assembly-CSharp-firstpass,JCloudDocumentAsync/<DirectoryModificationDateOperation>c__Iterator16,System.Collections.IEnumerator.get_Current,0x06000599,0x00056240,52,
ELIMINADO,ELIMINADO,ELIMINADO (servicio iOS/externo),Assembly-CSharp-firstpass,JCloudDocumentAsync/<DirectoryMoveOperation>c__Iterator18,.ctor,0x060005a3,0x00056c0c,44,
ELIMINADO,ELIMINADO,ELIMINADO (servicio iOS/externo),Assembly-CSharp-firstpass,JCloudDocumentAsync/<DirectoryMoveOperation>c__Iterator18,Dispose,0x060005a7,0x00057084,56,
ELIMINADO,ELIMINADO,ELIMINADO (servicio iOS/externo),Assembly-CSharp-firstpass,JCloudDocumentAsync/<DirectoryMoveOperation>c__Iterator18,MoveNext,0x060005a6,0x00056ca0,996,
ELIMINADO,ELIMINADO,ELIMINADO (servicio iOS/externo),Assembly-CSharp-firstpass,JCloudDocumentAsync/<DirectoryMoveOperation>c__Iterator18,Reset,0x060005a8,0x000570bc,64,
ELIMINADO,ELIMINADO,ELIMINADO (servicio iOS/externo),Assembly-CSharp-firstpass,JCloudDocumentAsync/<DirectoryMoveOperation>c__Iterator18,System.Collections.Generic.IEnumerator<object>.get_Current,0x060005a4,0x00056c38,52,
ELIMINADO,ELIMINADO,ELIMINADO (servicio iOS/externo),Assembly-CSharp-firstpass,JCloudDocumentAsync/<DirectoryMoveOperation>c__Iterator18,System.Collections.IEnumerator.get_Current,0x060005a5,0x00056c6c,52,
ELIMINADO,ELIMINADO,ELIMINADO (servicio iOS/externo),Assembly-CSharp-firstpass,JCloudDocumentAsync/<FileCopyOperation>c__IteratorF,.ctor,0x0600056d,0x00054048,44,
ELIMINADO,ELIMINADO,ELIMINADO (servicio iOS/externo),Assembly-CSharp-firstpass,JCloudDocumentAsync/<FileCopyOperation>c__IteratorF,Dispose,0x06000571,0x000544c0,56,
ELIMINADO,ELIMINADO,ELIMINADO (servicio iOS/externo),Assembly-CSharp-firstpass,JCloudDocumentAsync/<FileCopyOperation>c__IteratorF,MoveNext,0x06000570,0x000540dc,996,
ELIMINADO,ELIMINADO,ELIMINADO (servicio iOS/externo),Assembly-CSharp-firstpass,JCloudDocumentAsync/<FileCopyOperation>c__IteratorF,Reset,0x06000572,0x000544f8,64,
ELIMINADO,ELIMINADO,ELIMINADO (servicio iOS/externo),Assembly-CSharp-firstpass,JCloudDocumentAsync/<FileCopyOperation>c__IteratorF,System.Collections.Generic.IEnumerator<object>.get_Current,0x0600056e,0x00054074,52,
ELIMINADO,ELIMINADO,ELIMINADO (servicio iOS/externo),Assembly-CSharp-firstpass,JCloudDocumentAsync/<FileCopyOperation>c__IteratorF,System.Collections.IEnumerator.get_Current,0x0600056f,0x000540a8,52,
ELIMINADO,ELIMINADO,ELIMINADO (servicio iOS/externo),Assembly-CSharp-firstpass,JCloudDocumentAsync/<FileDeleteOperation>c__IteratorB,.ctor,0x06000555,0x00052e74,44,
ELIMINADO,ELIMINADO,ELIMINADO (servicio iOS/externo),Assembly-CSharp-firstpass,JCloudDocumentAsync/<FileDeleteOperation>c__IteratorB,Dispose,0x06000559,0x000531f4,56,
ELIMINADO,ELIMINADO,ELIMINADO (servicio iOS/externo),Assembly-CSharp-firstpass,JCloudDocumentAsync/<FileDeleteOperation>c__IteratorB,MoveNext,0x06000558,0x00052f08,748,
ELIMINADO,ELIMINADO,ELIMINADO (servicio iOS/externo),Assembly-CSharp-firstpass,JCloudDocumentAsync/<FileDeleteOperation>c__IteratorB,Reset,0x0600055a,0x0005322c,64,
ELIMINADO,ELIMINADO,ELIMINADO (servicio iOS/externo),Assembly-CSharp-firstpass,JCloudDocumentAsync/<FileDeleteOperation>c__IteratorB,System.Collections.Generic.IEnumerator<object>.get_Current,0x06000556,0x00052ea0,52,
ELIMINADO,ELIMINADO,ELIMINADO (servicio iOS/externo),Assembly-CSharp-firstpass,JCloudDocumentAsync/<FileDeleteOperation>c__IteratorB,System.Collections.IEnumerator.get_Current,0x06000557,0x00052ed4,52,
ELIMINADO,ELIMINADO,ELIMINADO (servicio iOS/externo),Assembly-CSharp-firstpass,JCloudDocumentAsync/<FileExistsOperation>c__IteratorA,.ctor,0x0600054f,0x00052a74,44,
ELIMINADO,ELIMINADO,ELIMINADO (servicio iOS/externo),Assembly-CSharp-firstpass,JCloudDocumentAsync/<FileExistsOperation>c__IteratorA,Dispose,0x06000553,0x00052dfc,56,
ELIMINADO,ELIMINADO,ELIMINADO (servicio iOS/externo),Assembly-CSharp-firstpass,JCloudDocumentAsync/<FileExistsOperation>c__IteratorA,MoveNext,0x06000552,0x00052b08,756,
ELIMINADO,ELIMINADO,ELIMINADO (servicio iOS/externo),Assembly-CSharp-firstpass,JCloudDocumentAsync/<FileExistsOperation>c__IteratorA,Reset,0x06000554,0x00052e34,64,
ELIMINADO,ELIMINADO,ELIMINADO (servicio iOS/externo),Assembly-CSharp-firstpass,JCloudDocumentAsync/<FileExistsOperation>c__IteratorA,System.Collections.Generic.IEnumerator<object>.get_Current,0x06000550,0x00052aa0,52,
ELIMINADO,ELIMINADO,ELIMINADO (servicio iOS/externo),Assembly-CSharp-firstpass,JCloudDocumentAsync/<FileExistsOperation>c__IteratorA,System.Collections.IEnumerator.get_Current,0x06000551,0x00052ad4,52,
ELIMINADO,ELIMINADO,ELIMINADO (servicio iOS/externo),Assembly-CSharp-firstpass,JCloudDocumentAsync/<FileModificationDateOperation>c__IteratorE,.ctor,0x06000567,0x00053b0c,44,
ELIMINADO,ELIMINADO,ELIMINADO (servicio iOS/externo),Assembly-CSharp-firstpass,JCloudDocumentAsync/<FileModificationDateOperation>c__IteratorE,Dispose,0x0600056b,0x00053fd0,56,
ELIMINADO,ELIMINADO,ELIMINADO (servicio iOS/externo),Assembly-CSharp-firstpass,JCloudDocumentAsync/<FileModificationDateOperation>c__IteratorE,MoveNext,0x0600056a,0x00053ba0,1072,
ELIMINADO,ELIMINADO,ELIMINADO (servicio iOS/externo),Assembly-CSharp-firstpass,JCloudDocumentAsync/<FileModificationDateOperation>c__IteratorE,Reset,0x0600056c,0x00054008,64,
ELIMINADO,ELIMINADO,ELIMINADO (servicio iOS/externo),Assembly-CSharp-firstpass,JCloudDocumentAsync/<FileModificationDateOperation>c__IteratorE,System.Collections.Generic.IEnumerator<object>.get_Current,0x06000568,0x00053b38,52,
ELIMINADO,ELIMINADO,ELIMINADO (servicio iOS/externo),Assembly-CSharp-firstpass,JCloudDocumentAsync/<FileModificationDateOperation>c__IteratorE,System.Collections.IEnumerator.get_Current,0x06000569,0x00053b6c,52,
ELIMINADO,ELIMINADO,ELIMINADO (servicio iOS/externo),Assembly-CSharp-firstpass,JCloudDocumentAsync/<FileMoveOperation>c__Iterator10,.ctor,0x06000573,0x00054538,44,
ELIMINADO,ELIMINADO,ELIMINADO (servicio iOS/externo),Assembly-CSharp-firstpass,JCloudDocumentAsync/<FileMoveOperation>c__Iterator10,Dispose,0x06000577,0x000549b0,56,
ELIMINADO,ELIMINADO,ELIMINADO (servicio iOS/externo),Assembly-CSharp-firstpass,JCloudDocumentAsync/<FileMoveOperation>c__Iterator10,MoveNext,0x06000576,0x000545cc,996,
ELIMINADO,ELIMINADO,ELIMINADO (servicio iOS/externo),Assembly-CSharp-firstpass,JCloudDocumentAsync/<FileMoveOperation>c__Iterator10,Reset,0x06000578,0x000549e8,64,
ELIMINADO,ELIMINADO,ELIMINADO (servicio iOS/externo),Assembly-CSharp-firstpass,JCloudDocumentAsync/<FileMoveOperation>c__Iterator10,System.Collections.Generic.IEnumerator<object>.get_Current,0x06000574,0x00054564,52,
ELIMINADO,ELIMINADO,ELIMINADO (servicio iOS/externo),Assembly-CSharp-firstpass,JCloudDocumentAsync/<FileMoveOperation>c__Iterator10,System.Collections.IEnumerator.get_Current,0x06000575,0x00054598,52,
ELIMINADO,ELIMINADO,ELIMINADO (servicio iOS/externo),Assembly-CSharp-firstpass,JCloudDocumentAsync/<FileReadAllBytesOperation>c__IteratorD,.ctor,0x06000561,0x00053688,44,
ELIMINADO,ELIMINADO,ELIMINADO (servicio iOS/externo),Assembly-CSharp-firstpass,JCloudDocumentAsync/<FileReadAllBytesOperation>c__IteratorD,Dispose,0x06000565,0x00053a94,56,
ELIMINADO,ELIMINADO,ELIMINADO (servicio iOS/externo),Assembly-CSharp-firstpass,JCloudDocumentAsync/<FileReadAllBytesOperation>c__IteratorD,MoveNext,0x06000564,0x0005371c,888,
ELIMINADO,ELIMINADO,ELIMINADO (servicio iOS/externo),Assembly-CSharp-firstpass,JCloudDocumentAsync/<FileReadAllBytesOperation>c__IteratorD,Reset,0x06000566,0x00053acc,64,
ELIMINADO,ELIMINADO,ELIMINADO (servicio iOS/externo),Assembly-CSharp-firstpass,JCloudDocumentAsync/<FileReadAllBytesOperation>c__IteratorD,System.Collections.Generic.IEnumerator<object>.get_Current,0x06000562,0x000536b4,52,
ELIMINADO,ELIMINADO,ELIMINADO (servicio iOS/externo),Assembly-CSharp-firstpass,JCloudDocumentAsync/<FileReadAllBytesOperation>c__IteratorD,System.Collections.IEnumerator.get_Current,0x06000563,0x000536e8,52,
ELIMINADO,ELIMINADO,ELIMINADO (servicio iOS/externo),Assembly-CSharp-firstpass,JCloudDocumentAsync/<FileWriteAllBytesOperation>c__IteratorC,.ctor,0x0600055b,0x0005326c,44,
ELIMINADO,ELIMINADO,ELIMINADO (servicio iOS/externo),Assembly-CSharp-firstpass,JCloudDocumentAsync/<FileWriteAllBytesOperation>c__IteratorC,Dispose,0x0600055f,0x00053610,56,
ELIMINADO,ELIMINADO,ELIMINADO (servicio iOS/externo),Assembly-CSharp-firstpass,JCloudDocumentAsync/<FileWriteAllBytesOperation>c__IteratorC,MoveNext,0x0600055e,0x00053300,784,
ELIMINADO,ELIMINADO,ELIMINADO (servicio iOS/externo),Assembly-CSharp-firstpass,JCloudDocumentAsync/<FileWriteAllBytesOperation>c__IteratorC,Reset,0x06000560,0x00053648,64,
ELIMINADO,ELIMINADO,ELIMINADO (servicio iOS/externo),Assembly-CSharp-firstpass,JCloudDocumentAsync/<FileWriteAllBytesOperation>c__IteratorC,System.Collections.Generic.IEnumerator<object>.get_Current,0x0600055c,0x00053298,52,
ELIMINADO,ELIMINADO,ELIMINADO (servicio iOS/externo),Assembly-CSharp-firstpass,JCloudDocumentAsync/<FileWriteAllBytesOperation>c__IteratorC,System.Collections.IEnumerator.get_Current,0x0600055d,0x000532cc,52,
ELIMINADO,ELIMINADO,ELIMINADO (servicio iOS/externo),Assembly-CSharp-firstpass,JCloudDocumentAsyncOperation,.ctor,0x060002a6,0x00031ab8,44,
ELIMINADO,ELIMINADO,ELIMINADO (servicio iOS/externo),Assembly-CSharp-firstpass,JCloudExtern,.cctor,0x060002cb,0x000329c8,436,
ELIMINADO,ELIMINADO,ELIMINADO (servicio iOS/externo),Assembly-CSharp-firstpass,JCloudExtern,.ctor,0x060002ca,0x0003299c,44,
ELIMINADO,ELIMINADO,ELIMINADO (servicio iOS/externo),Assembly-CSharp-firstpass,JCloudManager,.cctor,0x06000300,0x00032bb0,316,
ELIMINADO,ELIMINADO,ELIMINADO (servicio iOS/externo),Assembly-CSharp-firstpass,JCloudManager,.ctor,0x060002ff,0x00032b7c,52,
ELIMINADO,ELIMINADO,ELIMINADO (servicio iOS/externo),Assembly-CSharp-firstpass,JCloudManager,CheckDocumentLock,0x06000309,0x00033718,256,
ELIMINADO,ELIMINADO,ELIMINADO (servicio iOS/externo),Assembly-CSharp-firstpass,JCloudManager,CheckManagerStatus,0x06000301,0x00032cec,320,
ELIMINADO,ELIMINADO,ELIMINADO (servicio iOS/externo),Assembly-CSharp-firstpass,JCloudManager,CopyDirectory,0x0600030e,0x00033dc4,400,
ELIMINADO,ELIMINADO,ELIMINADO (servicio iOS/externo),Assembly-CSharp-firstpass,JCloudManager,DocumentResultDidChange,0x0600030c,0x00033aac,468,
ELIMINADO,ELIMINADO,ELIMINADO (servicio iOS/externo),Assembly-CSharp-firstpass,JCloudManager,DocumentStateDidChange,0x0600030b,0x00033964,328,
ELIMINADO,ELIMINADO,ELIMINADO (servicio iOS/externo),Assembly-CSharp-firstpass,JCloudManager,GetDocumentLock,0x06000308,0x0003357c,412,
ELIMINADO,ELIMINADO,ELIMINADO (servicio iOS/externo),Assembly-CSharp-firstpass,JCloudManager,GetDocumentResult,0x06000307,0x00033478,260,
ELIMINADO,ELIMINADO,ELIMINADO (servicio iOS/externo),Assembly-CSharp-firstpass,JCloudManager,GetDocumentState,0x06000305,0x00033130,208,
ELIMINADO,ELIMINADO,ELIMINADO (servicio iOS/externo),Assembly-CSharp-firstpass,JCloudManager,GetSharedManager,0x06000302,0x00032e2c,60,
ELIMINADO,ELIMINADO,ELIMINADO (servicio iOS/externo),Assembly-CSharp-firstpass,JCloudManager,PathListFromBytes,0x0600030d,0x00033c80,324,
ELIMINADO,ELIMINADO,ELIMINADO (servicio iOS/externo),Assembly-CSharp-firstpass,JCloudManager,ReleaseDocumentLock,0x0600030a,0x00033818,332,
ELIMINADO,ELIMINADO,ELIMINADO (servicio iOS/externo),Assembly-CSharp-firstpass,JCloudManager,UnwatchDocument,0x06000306,0x00033200,632,
ELIMINADO,ELIMINADO,ELIMINADO (servicio iOS/externo),Assembly-CSharp-firstpass,JCloudManager,WatchAsyncDocument,0x06000304,0x00032fcc,356,
ELIMINADO,ELIMINADO,ELIMINADO (servicio iOS/externo),Assembly-CSharp-firstpass,JCloudManager,WatchDocument,0x06000303,0x00032e68,356,
ELIMINADO,ELIMINADO,ELIMINADO (servicio iOS/externo),Assembly-CSharp-firstpass,JCloudManager/DocumentLock,.ctor,0x0600030f,0x00033f54,72,
ELIMINADO,ELIMINADO,ELIMINADO (servicio iOS/externo),Assembly-CSharp-firstpass,JCloudRoutine,.cctor,0x06000316,0x000340d4,80,
ELIMINADO,ELIMINADO,ELIMINADO (servicio iOS/externo),Assembly-CSharp-firstpass,JCloudRoutine,.ctor,0x06000315,0x000340a8,44,
ELIMINADO,ELIMINADO,ELIMINADO (servicio iOS/externo),Assembly-CSharp-firstpass,JCloudRoutine,Cancel,0x0600031b,0x00034374,56,
ELIMINADO,ELIMINADO,ELIMINADO (servicio iOS/externo),Assembly-CSharp-firstpass,JCloudRoutine,Create,0x0600031d,0x000343fc,112,
ELIMINADO,ELIMINADO,ELIMINADO (servicio iOS/externo),Assembly-CSharp-firstpass,JCloudRoutine,Execute,0x0600031e,0x0003446c,88,
ELIMINADO,ELIMINADO,ELIMINADO (servicio iOS/externo),Assembly-CSharp-firstpass,JCloudRoutine,Run,0x0600031c,0x000343ac,80,
ELIMINADO,ELIMINADO,ELIMINADO (servicio iOS/externo),Assembly-CSharp-firstpass,JCloudRoutine,add_Cancelled,0x06000317,0x00034124,148,
ELIMINADO,ELIMINADO,ELIMINADO (servicio iOS/externo),Assembly-CSharp-firstpass,JCloudRoutine,add_Finished,0x06000319,0x0003424c,148,
ELIMINADO,ELIMINADO,ELIMINADO (servicio iOS/externo),Assembly-CSharp-firstpass,JCloudRoutine,remove_Cancelled,0x06000318,0x000341b8,148,
ELIMINADO,ELIMINADO,ELIMINADO (servicio iOS/externo),Assembly-CSharp-firstpass,JCloudRoutine,remove_Finished,0x0600031a,0x000342e0,148,
ELIMINADO,ELIMINADO,ELIMINADO (servicio iOS/externo),Assembly-CSharp-firstpass,JCloudRoutine/<Execute>c__Iterator19,.ctor,0x060005a9,0x000570fc,44,
ELIMINADO,ELIMINADO,ELIMINADO (servicio iOS/externo),Assembly-CSharp-firstpass,JCloudRoutine/<Execute>c__Iterator19,Dispose,0x060005ad,0x000573d4,56,
ELIMINADO,ELIMINADO,ELIMINADO (servicio iOS/externo),Assembly-CSharp-firstpass,JCloudRoutine/<Execute>c__Iterator19,MoveNext,0x060005ac,0x00057190,580,
ELIMINADO,ELIMINADO,ELIMINADO (servicio iOS/externo),Assembly-CSharp-firstpass,JCloudRoutine/<Execute>c__Iterator19,Reset,0x060005ae,0x0005740c,64,
ELIMINADO,ELIMINADO,ELIMINADO (servicio iOS/externo),Assembly-CSharp-firstpass,JCloudRoutine/<Execute>c__Iterator19,System.Collections.Generic.IEnumerator<object>.get_Current,0x060005aa,0x00057128,52,
ELIMINADO,ELIMINADO,ELIMINADO (servicio iOS/externo),Assembly-CSharp-firstpass,JCloudRoutine/<Execute>c__Iterator19,System.Collections.IEnumerator.get_Current,0x060005ab,0x0005715c,52,
ELIMINADO,ELIMINADO,ELIMINADO (servicio iOS/externo),Assembly-CSharp-firstpass,JCloudRoutineReturn,.ctor,0x06000310,0x00033f9c,44,
ELIMINADO,ELIMINADO,ELIMINADO (servicio iOS/externo),Assembly-CSharp-firstpass,JCloudRoutineReturn,get_cancel,0x06000313,0x00034038,52,
ELIMINADO,ELIMINADO,ELIMINADO (servicio iOS/externo),Assembly-CSharp-firstpass,JCloudRoutineReturn,get_finished,0x06000311,0x00033fc8,52,
ELIMINADO,ELIMINADO,ELIMINADO (servicio iOS/externo),Assembly-CSharp-firstpass,JCloudRoutineReturn,set_cancel,0x06000314,0x0003406c,60,
ELIMINADO,ELIMINADO,ELIMINADO (servicio iOS/externo),Assembly-CSharp-firstpass,JCloudRoutineReturn,set_finished,0x06000312,0x00033ffc,60,
ELIMINADO,ELIMINADO,ELIMINADO (servicio iOS/externo),Assembly-CSharp,MoreDisneyLogic,.ctor,0x060006a6,0x0012e710,52,
ELIMINADO,ELIMINADO,ELIMINADO (servicio iOS/externo),Assembly-CSharp,MoreDisneyLogic,Start,0x060006a8,0x0012e784,260,
ELIMINADO,ELIMINADO,ELIMINADO (servicio iOS/externo),Assembly-CSharp,MoreDisneyLogic,WaitForDestroy,0x060006a7,0x0012e744,64,
ELIMINADO,ELIMINADO,ELIMINADO (servicio iOS/externo),Assembly-CSharp,MoreDisneyLogic/<WaitForDestroy>c__Iterator64,.ctor,0x06000a29,0x0015714c,44,
ELIMINADO,ELIMINADO,ELIMINADO (servicio iOS/externo),Assembly-CSharp,MoreDisneyLogic/<WaitForDestroy>c__Iterator64,Dispose,0x06000a2d,0x00157364,56,
ELIMINADO,ELIMINADO,ELIMINADO (servicio iOS/externo),Assembly-CSharp,MoreDisneyLogic/<WaitForDestroy>c__Iterator64,MoveNext,0x06000a2c,0x001571e0,388,
ELIMINADO,ELIMINADO,ELIMINADO (servicio iOS/externo),Assembly-CSharp,MoreDisneyLogic/<WaitForDestroy>c__Iterator64,Reset,0x06000a2e,0x0015739c,64,
ELIMINADO,ELIMINADO,ELIMINADO (servicio iOS/externo),Assembly-CSharp,MoreDisneyLogic/<WaitForDestroy>c__Iterator64,System.Collections.Generic.IEnumerator<object>.get_Current,0x06000a2a,0x00157178,52,
ELIMINADO,ELIMINADO,ELIMINADO (servicio iOS/externo),Assembly-CSharp,MoreDisneyLogic/<WaitForDestroy>c__Iterator64,System.Collections.IEnumerator.get_Current,0x06000a2b,0x001571ac,52,
ELIMINADO,ELIMINADO,ELIMINADO (servicio iOS/externo),Assembly-CSharp-firstpass,MoreGamesBinding,.ctor,0x06000013,0x0000b254,44,
ELIMINADO,ELIMINADO,ELIMINADO (servicio iOS/externo),Assembly-CSharp-firstpass,MoreGamesBinding,HideWindow,0x06000019,0x0000b2d0,40,
ELIMINADO,ELIMINADO,ELIMINADO (servicio iOS/externo),Assembly-CSharp-firstpass,MoreGamesBinding,Init,0x06000015,0x0000b280,40,
ELIMINADO,ELIMINADO,ELIMINADO (servicio iOS/externo),Assembly-CSharp-firstpass,MoreGamesBinding,IsShowingWindow,0x0600001b,0x0000b2f8,40,
ELIMINADO,ELIMINADO,ELIMINADO (servicio iOS/externo),Assembly-CSharp-firstpass,MoreGamesBinding,ShowWindow,0x06000017,0x0000b2a8,40,
ELIMINADO,ELIMINADO,ELIMINADO (servicio iOS/externo),Assembly-CSharp-firstpass,P31CloudFile,.cctor,0x0600048b,0x0004cfa8,176,
ELIMINADO,ELIMINADO,ELIMINADO (servicio iOS/externo),Assembly-CSharp-firstpass,P31CloudFile,.ctor,0x0600048a,0x0004cf7c,44,
ELIMINADO,ELIMINADO,ELIMINADO (servicio iOS/externo),Assembly-CSharp-firstpass,P31CloudFile,delete,0x0600048d,0x0004d0ac,84,
ELIMINADO,ELIMINADO,ELIMINADO (servicio iOS/externo),Assembly-CSharp-firstpass,P31CloudFile,exists,0x0600048c,0x0004d058,84,
ELIMINADO,ELIMINADO,ELIMINADO (servicio iOS/externo),Assembly-CSharp-firstpass,P31CloudFile,listAllFiles,0x06000492,0x0004d268,72,
ELIMINADO,ELIMINADO,ELIMINADO (servicio iOS/externo),Assembly-CSharp-firstpass,P31CloudFile,readAllBytes,0x06000491,0x0004d214,84,
ELIMINADO,ELIMINADO,ELIMINADO (servicio iOS/externo),Assembly-CSharp-firstpass,P31CloudFile,readAllLines,0x06000490,0x0004d1c0,84,
ELIMINADO,ELIMINADO,ELIMINADO (servicio iOS/externo),Assembly-CSharp-firstpass,P31CloudFile,writeAllBytes,0x0600048e,0x0004d100,96,
ELIMINADO,ELIMINADO,ELIMINADO (servicio iOS/externo),Assembly-CSharp-firstpass,P31CloudFile,writeAllText,0x0600048f,0x0004d160,96,
ELIMINADO,ELIMINADO,ELIMINADO (servicio iOS/externo),Assembly-CSharp-firstpass,P31CloudFile/CloudFileManager,.ctor,0x0600049b,0x0004d510,60,
ELIMINADO,ELIMINADO,ELIMINADO (servicio iOS/externo),Assembly-CSharp-firstpass,P31CloudFile/CloudFileManager,writeAllBytes,0x0600049c,0x0004d54c,120,
ELIMINADO,ELIMINADO,ELIMINADO (servicio iOS/externo),Assembly-CSharp-firstpass,P31CloudFile/CloudFileManager,writeAllText,0x0600049d,0x0004d5c4,120,
ELIMINADO,ELIMINADO,ELIMINADO (servicio iOS/externo),Assembly-CSharp-firstpass,P31CloudFile/LocalFileManager,.ctor,0x06000493,0x0004d2b0,60,
ELIMINADO,ELIMINADO,ELIMINADO (servicio iOS/externo),Assembly-CSharp-firstpass,P31CloudFile/LocalFileManager,delete,0x06000495,0x0004d330,72,
ELIMINADO,ELIMINADO,ELIMINADO (servicio iOS/externo),Assembly-CSharp-firstpass,P31CloudFile/LocalFileManager,exists,0x06000494,0x0004d2ec,68,
ELIMINADO,ELIMINADO,ELIMINADO (servicio iOS/externo),Assembly-CSharp-firstpass,P31CloudFile/LocalFileManager,listAllFiles,0x0600049a,0x0004d4d8,56,
ELIMINADO,ELIMINADO,ELIMINADO (servicio iOS/externo),Assembly-CSharp-firstpass,P31CloudFile/LocalFileManager,readAllBytes,0x06000498,0x0004d418,96,
ELIMINADO,ELIMINADO,ELIMINADO (servicio iOS/externo),Assembly-CSharp-firstpass,P31CloudFile/LocalFileManager,readAllLines,0x06000499,0x0004d478,96,
ELIMINADO,ELIMINADO,ELIMINADO (servicio iOS/externo),Assembly-CSharp-firstpass,P31CloudFile/LocalFileManager,writeAllBytes,0x06000496,0x0004d378,80,
ELIMINADO,ELIMINADO,ELIMINADO (servicio iOS/externo),Assembly-CSharp-firstpass,P31CloudFile/LocalFileManager,writeAllText,0x06000497,0x0004d3c8,80,
ELIMINADO,ELIMINADO,ELIMINADO (servicio iOS/externo),Assembly-CSharp-firstpass,P31Prefs,.cctor,0x0600049f,0x0004d668,228,
ELIMINADO,ELIMINADO,ELIMINADO (servicio iOS/externo),Assembly-CSharp-firstpass,P31Prefs,.ctor,0x0600049e,0x0004d63c,44,
ELIMINADO,ELIMINADO,ELIMINADO (servicio iOS/externo),Assembly-CSharp-firstpass,P31Prefs,<P31Prefs>m__9,0x060004af,0x0004dd44,84,
ELIMINADO,ELIMINADO,ELIMINADO (servicio iOS/externo),Assembly-CSharp-firstpass,P31Prefs,HasKey,0x060004a3,0x0004d818,96,
ELIMINADO,ELIMINADO,ELIMINADO (servicio iOS/externo),Assembly-CSharp-firstpass,P31Prefs,getBool,0x060004ac,0x0004dbf8,108,
ELIMINADO,ELIMINADO,ELIMINADO (servicio iOS/externo),Assembly-CSharp-firstpass,P31Prefs,getDictionary,0x060004ae,0x0004dcd8,108,
ELIMINADO,ELIMINADO,ELIMINADO (servicio iOS/externo),Assembly-CSharp-firstpass,P31Prefs,getFloat,0x060004a8,0x0004da28,128,
ELIMINADO,ELIMINADO,ELIMINADO (servicio iOS/externo),Assembly-CSharp-firstpass,P31Prefs,getInt,0x060004a6,0x0004d93c,96,
ELIMINADO,ELIMINADO,ELIMINADO (servicio iOS/externo),Assembly-CSharp-firstpass,P31Prefs,getString,0x060004aa,0x0004db10,96,
ELIMINADO,ELIMINADO,ELIMINADO (servicio iOS/externo),Assembly-CSharp-firstpass,P31Prefs,get_iCloudAvailable,0x060004a0,0x0004d74c,60,
ELIMINADO,ELIMINADO,ELIMINADO (servicio iOS/externo),Assembly-CSharp-firstpass,P31Prefs,get_iCloudDocumentStoreAvailable,0x060004a1,0x0004d788,60,
ELIMINADO,ELIMINADO,ELIMINADO (servicio iOS/externo),Assembly-CSharp-firstpass,P31Prefs,removeObjectForKey,0x060004a4,0x0004d878,92,
ELIMINADO,ELIMINADO,ELIMINADO (servicio iOS/externo),Assembly-CSharp-firstpass,P31Prefs,setBool,0x060004ab,0x0004db70,136,
ELIMINADO,ELIMINADO,ELIMINADO (servicio iOS/externo),Assembly-CSharp-firstpass,P31Prefs,setDictionary,0x060004ad,0x0004dc64,116,
ELIMINADO,ELIMINADO,ELIMINADO (servicio iOS/externo),Assembly-CSharp-firstpass,P31Prefs,setFloat,0x060004a7,0x0004d99c,140,
ELIMINADO,ELIMINADO,ELIMINADO (servicio iOS/externo),Assembly-CSharp-firstpass,P31Prefs,setInt,0x060004a5,0x0004d8d4,104,
ELIMINADO,ELIMINADO,ELIMINADO (servicio iOS/externo),Assembly-CSharp-firstpass,P31Prefs,setString,0x060004a9,0x0004daa8,104,
ELIMINADO,ELIMINADO,ELIMINADO (servicio iOS/externo),Assembly-CSharp-firstpass,P31Prefs,synchronize,0x060004a2,0x0004d7c4,84,
ELIMINADO,ELIMINADO,ELIMINADO (servicio iOS/externo),Assembly-CSharp-firstpass,ResultLogger,.ctor,0x0600033a,0x000366e8,44,
ELIMINADO,ELIMINADO,ELIMINADO (servicio iOS/externo),Assembly-CSharp-firstpass,ResultLogger,addArraylistToString,0x0600033f,0x00036f8c,896,
ELIMINADO,ELIMINADO,ELIMINADO (servicio iOS/externo),Assembly-CSharp-firstpass,ResultLogger,addHashtableToString,0x0600033e,0x00036b6c,1056,
ELIMINADO,ELIMINADO,ELIMINADO (servicio iOS/externo),Assembly-CSharp-firstpass,ResultLogger,logArraylist,0x0600033c,0x00036840,704,
ELIMINADO,ELIMINADO,ELIMINADO (servicio iOS/externo),Assembly-CSharp-firstpass,ResultLogger,logHashtable,0x0600033d,0x00036b00,108,
ELIMINADO,ELIMINADO,ELIMINADO (servicio iOS/externo),Assembly-CSharp-firstpass,ResultLogger,logObject,0x0600033b,0x00036714,300,
ELIMINADO,ELIMINADO,ELIMINADO (servicio iOS/externo),Assembly-CSharp-firstpass,StoreKitBinding,.ctor,0x06000340,0x0003730c,44,
ELIMINADO,ELIMINADO,ELIMINADO (servicio iOS/externo),Assembly-CSharp-firstpass,StoreKitBinding,canMakePayments,0x06000342,0x00037338,60,
ELIMINADO,ELIMINADO,ELIMINADO (servicio iOS/externo),Assembly-CSharp-firstpass,StoreKitBinding,getAllSavedTransactions,0x0600034e,0x000374dc,112,
ELIMINADO,ELIMINADO,ELIMINADO (servicio iOS/externo),Assembly-CSharp-firstpass,StoreKitBinding,purchaseProduct,0x06000346,0x000373c8,72,
ELIMINADO,ELIMINADO,ELIMINADO (servicio iOS/externo),Assembly-CSharp-firstpass,StoreKitBinding,requestProductData,0x06000344,0x00037374,84,
ELIMINADO,ELIMINADO,ELIMINADO (servicio iOS/externo),Assembly-CSharp-firstpass,StoreKitBinding,restoreCompletedTransactions,0x06000348,0x00037410,52,
ELIMINADO,ELIMINADO,ELIMINADO (servicio iOS/externo),Assembly-CSharp-firstpass,StoreKitBinding,validateAutoRenewableReceipt,0x0600034c,0x0003748c,80,
ELIMINADO,ELIMINADO,ELIMINADO (servicio iOS/externo),Assembly-CSharp-firstpass,StoreKitBinding,validateReceipt,0x0600034a,0x00037444,72,
ELIMINADO,ELIMINADO,ELIMINADO (servicio iOS/externo),Assembly-CSharp-firstpass,StoreKitEventListener,.ctor,0x0600034f,0x0003754c,52,
ELIMINADO,ELIMINADO,ELIMINADO (servicio iOS/externo),Assembly-CSharp-firstpass,StoreKitEventListener,OnDisable,0x06000351,0x000378b4,820,
ELIMINADO,ELIMINADO,ELIMINADO (servicio iOS/externo),Assembly-CSharp-firstpass,StoreKitEventListener,OnEnable,0x06000350,0x00037580,820,
ELIMINADO,ELIMINADO,ELIMINADO (servicio iOS/externo),Assembly-CSharp-firstpass,StoreKitEventListener,productListReceived,0x06000352,0x00037be8,420,
ELIMINADO,ELIMINADO,ELIMINADO (servicio iOS/externo),Assembly-CSharp-firstpass,StoreKitEventListener,productListRequestFailed,0x06000353,0x00037d8c,76,
ELIMINADO,ELIMINADO,ELIMINADO (servicio iOS/externo),Assembly-CSharp-firstpass,StoreKitEventListener,purchaseCancelled,0x06000358,0x00037efc,76,
ELIMINADO,ELIMINADO,ELIMINADO (servicio iOS/externo),Assembly-CSharp-firstpass,StoreKitEventListener,purchaseFailed,0x06000357,0x00037eb0,76,
ELIMINADO,ELIMINADO,ELIMINADO (servicio iOS/externo),Assembly-CSharp-firstpass,StoreKitEventListener,purchaseSuccessful,0x06000359,0x00037f48,76,
ELIMINADO,ELIMINADO,ELIMINADO (servicio iOS/externo),Assembly-CSharp-firstpass,StoreKitEventListener,receiptValidationFailed,0x06000355,0x00037e18,76,
ELIMINADO,ELIMINADO,ELIMINADO (servicio iOS/externo),Assembly-CSharp-firstpass,StoreKitEventListener,receiptValidationRawResponseReceived,0x06000356,0x00037e64,76,
ELIMINADO,ELIMINADO,ELIMINADO (servicio iOS/externo),Assembly-CSharp-firstpass,StoreKitEventListener,receiptValidationSuccessful,0x06000354,0x00037dd8,64,
ELIMINADO,ELIMINADO,ELIMINADO (servicio iOS/externo),Assembly-CSharp-firstpass,StoreKitEventListener,restoreTransactionsFailed,0x0600035a,0x00037f94,76,
ELIMINADO,ELIMINADO,ELIMINADO (servicio iOS/externo),Assembly-CSharp-firstpass,StoreKitEventListener,restoreTransactionsFinished,0x0600035b,0x00037fe0,64,
ELIMINADO,ELIMINADO,ELIMINADO (servicio iOS/externo),Assembly-CSharp-firstpass,StoreKitGUIManager,.ctor,0x06000386,0x00039e48,52,
ELIMINADO,ELIMINADO,ELIMINADO (servicio iOS/externo),Assembly-CSharp-firstpass,StoreKitGUIManager,<Start>m__5,0x06000389,0x0003ab18,132,
ELIMINADO,ELIMINADO,ELIMINADO (servicio iOS/externo),Assembly-CSharp-firstpass,StoreKitGUIManager,OnGUI,0x06000388,0x00039f0c,3084,
ELIMINADO,ELIMINADO,ELIMINADO (servicio iOS/externo),Assembly-CSharp-firstpass,StoreKitGUIManager,Start,0x06000387,0x00039e7c,144,
ELIMINADO,ELIMINADO,ELIMINADO (servicio iOS/externo),Assembly-CSharp-firstpass,StoreKitManager,.ctor,0x0600035c,0x00038020,52,
ELIMINADO,ELIMINADO,ELIMINADO (servicio iOS/externo),Assembly-CSharp-firstpass,StoreKitManager,Awake,0x06000371,0x00038cd4,108,
ELIMINADO,ELIMINADO,ELIMINADO (servicio iOS/externo),Assembly-CSharp-firstpass,StoreKitManager,Start,0x06000372,0x00038d40,88,
ELIMINADO,ELIMINADO,ELIMINADO (servicio iOS/externo),Assembly-CSharp-firstpass,StoreKitManager,add_productListReceived,0x0600035f,0x00038194,160,
ELIMINADO,ELIMINADO,ELIMINADO (servicio iOS/externo),Assembly-CSharp-firstpass,StoreKitManager,add_productListRequestFailed,0x06000361,0x000382d4,160,
ELIMINADO,ELIMINADO,ELIMINADO (servicio iOS/externo),Assembly-CSharp-firstpass,StoreKitManager,add_purchaseCancelled,0x06000365,0x00038554,160,
ELIMINADO,ELIMINADO,ELIMINADO (servicio iOS/externo),Assembly-CSharp-firstpass,StoreKitManager,add_purchaseFailed,0x06000363,0x00038414,160,
ELIMINADO,ELIMINADO,ELIMINADO (servicio iOS/externo),Assembly-CSharp-firstpass,StoreKitManager,add_purchaseSuccessful,0x0600035d,0x00038054,160,
ELIMINADO,ELIMINADO,ELIMINADO (servicio iOS/externo),Assembly-CSharp-firstpass,StoreKitManager,add_receiptValidationFailed,0x06000367,0x00038694,160,
ELIMINADO,ELIMINADO,ELIMINADO (servicio iOS/externo),Assembly-CSharp-firstpass,StoreKitManager,add_receiptValidationRawResponseReceived,0x06000369,0x000387d4,160,
ELIMINADO,ELIMINADO,ELIMINADO (servicio iOS/externo),Assembly-CSharp-firstpass,StoreKitManager,add_receiptValidationSuccessful,0x0600036b,0x00038914,160,
ELIMINADO,ELIMINADO,ELIMINADO (servicio iOS/externo),Assembly-CSharp-firstpass,StoreKitManager,add_restoreTransactionsFailed,0x0600036d,0x00038a54,160,
ELIMINADO,ELIMINADO,ELIMINADO (servicio iOS/externo),Assembly-CSharp-firstpass,StoreKitManager,add_restoreTransactionsFinished,0x0600036f,0x00038b94,160,
ELIMINADO,ELIMINADO,ELIMINADO (servicio iOS/externo),Assembly-CSharp-firstpass,StoreKitManager,productPurchaseCancelled,0x06000375,0x00038e88,112,
ELIMINADO,ELIMINADO,ELIMINADO (servicio iOS/externo),Assembly-CSharp-firstpass,StoreKitManager,productPurchaseFailed,0x06000374,0x00038e18,112,
ELIMINADO,ELIMINADO,ELIMINADO (servicio iOS/externo),Assembly-CSharp-firstpass,StoreKitManager,productPurchased,0x06000373,0x00038d98,128,
ELIMINADO,ELIMINADO,ELIMINADO (servicio iOS/externo),Assembly-CSharp-firstpass,StoreKitManager,productsReceived,0x06000376,0x00038ef8,128,
ELIMINADO,ELIMINADO,ELIMINADO (servicio iOS/externo),Assembly-CSharp-firstpass,StoreKitManager,productsRequestDidFail,0x06000377,0x00038f78,112,
ELIMINADO,ELIMINADO,ELIMINADO (servicio iOS/externo),Assembly-CSharp-firstpass,StoreKitManager,remove_productListReceived,0x06000360,0x00038234,160,
ELIMINADO,ELIMINADO,ELIMINADO (servicio iOS/externo),Assembly-CSharp-firstpass,StoreKitManager,remove_productListRequestFailed,0x06000362,0x00038374,160,
ELIMINADO,ELIMINADO,ELIMINADO (servicio iOS/externo),Assembly-CSharp-firstpass,StoreKitManager,remove_purchaseCancelled,0x06000366,0x000385f4,160,
ELIMINADO,ELIMINADO,ELIMINADO (servicio iOS/externo),Assembly-CSharp-firstpass,StoreKitManager,remove_purchaseFailed,0x06000364,0x000384b4,160,
ELIMINADO,ELIMINADO,ELIMINADO (servicio iOS/externo),Assembly-CSharp-firstpass,StoreKitManager,remove_purchaseSuccessful,0x0600035e,0x000380f4,160,
ELIMINADO,ELIMINADO,ELIMINADO (servicio iOS/externo),Assembly-CSharp-firstpass,StoreKitManager,remove_receiptValidationFailed,0x06000368,0x00038734,160,
ELIMINADO,ELIMINADO,ELIMINADO (servicio iOS/externo),Assembly-CSharp-firstpass,StoreKitManager,remove_receiptValidationRawResponseReceived,0x0600036a,0x00038874,160,
ELIMINADO,ELIMINADO,ELIMINADO (servicio iOS/externo),Assembly-CSharp-firstpass,StoreKitManager,remove_receiptValidationSuccessful,0x0600036c,0x000389b4,160,
ELIMINADO,ELIMINADO,ELIMINADO (servicio iOS/externo),Assembly-CSharp-firstpass,StoreKitManager,remove_restoreTransactionsFailed,0x0600036e,0x00038af4,160,
ELIMINADO,ELIMINADO,ELIMINADO (servicio iOS/externo),Assembly-CSharp-firstpass,StoreKitManager,remove_restoreTransactionsFinished,0x06000370,0x00038c34,160,
ELIMINADO,ELIMINADO,ELIMINADO (servicio iOS/externo),Assembly-CSharp-firstpass,StoreKitManager,restoreCompletedTransactionsFailed,0x0600037b,0x000391b8,112,
ELIMINADO,ELIMINADO,ELIMINADO (servicio iOS/externo),Assembly-CSharp-firstpass,StoreKitManager,restoreCompletedTransactionsFinished,0x0600037c,0x00039228,108,
ELIMINADO,ELIMINADO,ELIMINADO (servicio iOS/externo),Assembly-CSharp-firstpass,StoreKitManager,validateReceiptFailed,0x06000378,0x00038fe8,112,
ELIMINADO,ELIMINADO,ELIMINADO (servicio iOS/externo),Assembly-CSharp-firstpass,StoreKitManager,validateReceiptFinished,0x0600037a,0x000390c8,240,
ELIMINADO,ELIMINADO,ELIMINADO (servicio iOS/externo),Assembly-CSharp-firstpass,StoreKitManager,validateReceiptRawResponse,0x06000379,0x00039058,112,
ELIMINADO,ELIMINADO,ELIMINADO (servicio iOS/externo),Assembly-CSharp-firstpass,StoreKitProduct,.ctor,0x0600037d,0x00039294,44,
ELIMINADO,ELIMINADO,ELIMINADO (servicio iOS/externo),Assembly-CSharp-firstpass,StoreKitProduct,ToString,0x06000380,0x00039840,264,
ELIMINADO,ELIMINADO,ELIMINADO (servicio iOS/externo),Assembly-CSharp-firstpass,StoreKitProduct,productFromHashtable,0x0600037f,0x00039578,712,
ELIMINADO,ELIMINADO,ELIMINADO (servicio iOS/externo),Assembly-CSharp-firstpass,StoreKitProduct,productsFromJson,0x0600037e,0x000392c0,696,
ELIMINADO,ELIMINADO,ELIMINADO (servicio iOS/externo),Assembly-CSharp-firstpass,StoreKitTransaction,.ctor,0x06000381,0x00039948,44,
ELIMINADO,ELIMINADO,ELIMINADO (servicio iOS/externo),Assembly-CSharp-firstpass,StoreKitTransaction,ToString,0x06000385,0x00039dc0,136,
ELIMINADO,ELIMINADO,ELIMINADO (servicio iOS/externo),Assembly-CSharp-firstpass,StoreKitTransaction,transactionFromHashtable,0x06000384,0x00039c64,348,
ELIMINADO,ELIMINADO,ELIMINADO (servicio iOS/externo),Assembly-CSharp-firstpass,StoreKitTransaction,transactionFromJson,0x06000383,0x00039c2c,56,
ELIMINADO,ELIMINADO,ELIMINADO (servicio iOS/externo),Assembly-CSharp-firstpass,StoreKitTransaction,transactionsFromJson,0x06000382,0x00039974,696,
ELIMINADO,ELIMINADO,ELIMINADO (servicio iOS/externo),Assembly-CSharp-firstpass,iCloudBinding,.ctor,0x060004b0,0x0004dd98,44,
ELIMINADO,ELIMINADO,ELIMINADO (servicio iOS/externo),Assembly-CSharp-firstpass,iCloudBinding,addFile,0x060004d6,0x0004e350,72,
ELIMINADO,ELIMINADO,ELIMINADO (servicio iOS/externo),Assembly-CSharp-firstpass,iCloudBinding,boolForKey,0x060004ca,0x0004e1a8,72,
ELIMINADO,ELIMINADO,ELIMINADO (servicio iOS/externo),Assembly-CSharp-firstpass,iCloudBinding,dictionaryForKey,0x060004be,0x0004df64,168,
ELIMINADO,ELIMINADO,ELIMINADO (servicio iOS/externo),Assembly-CSharp-firstpass,iCloudBinding,documentStoreAvailable,0x060004ce,0x0004e238,60,
ELIMINADO,ELIMINADO,ELIMINADO (servicio iOS/externo),Assembly-CSharp-firstpass,iCloudBinding,documentsDirectory,0x060004d0,0x0004e274,76,
ELIMINADO,ELIMINADO,ELIMINADO (servicio iOS/externo),Assembly-CSharp-firstpass,iCloudBinding,doubleForKey,0x060004c2,0x0004e054,108,
ELIMINADO,ELIMINADO,ELIMINADO (servicio iOS/externo),Assembly-CSharp-firstpass,iCloudBinding,evictFile,0x060004d8,0x0004e398,64,
ELIMINADO,ELIMINADO,ELIMINADO (servicio iOS/externo),Assembly-CSharp-firstpass,iCloudBinding,hasKey,0x060004b8,0x0004de7c,72,
ELIMINADO,ELIMINADO,ELIMINADO (servicio iOS/externo),Assembly-CSharp-firstpass,iCloudBinding,intForKey,0x060004c6,0x0004e118,72,
ELIMINADO,ELIMINADO,ELIMINADO (servicio iOS/externo),Assembly-CSharp-firstpass,iCloudBinding,isFileDownloaded,0x060004d4,0x0004e308,72,
ELIMINADO,ELIMINADO,ELIMINADO (servicio iOS/externo),Assembly-CSharp-firstpass,iCloudBinding,isFileInCloud,0x060004d2,0x0004e2c0,72,
ELIMINADO,ELIMINADO,ELIMINADO (servicio iOS/externo),Assembly-CSharp-firstpass,iCloudBinding,isiCloudAvailable,0x060004b2,0x0004ddc4,60,
ELIMINADO,ELIMINADO,ELIMINADO (servicio iOS/externo),Assembly-CSharp-firstpass,iCloudBinding,removeObjectForKey,0x060004b6,0x0004de3c,64,
ELIMINADO,ELIMINADO,ELIMINADO (servicio iOS/externo),Assembly-CSharp-firstpass,iCloudBinding,setBool,0x060004cc,0x0004e1f0,72,
ELIMINADO,ELIMINADO,ELIMINADO (servicio iOS/externo),Assembly-CSharp-firstpass,iCloudBinding,setDictionary,0x060004c0,0x0004e00c,72,
ELIMINADO,ELIMINADO,ELIMINADO (servicio iOS/externo),Assembly-CSharp-firstpass,iCloudBinding,setDouble,0x060004c4,0x0004e0c0,88,
ELIMINADO,ELIMINADO,ELIMINADO (servicio iOS/externo),Assembly-CSharp-firstpass,iCloudBinding,setInt,0x060004c8,0x0004e160,72,
ELIMINADO,ELIMINADO,ELIMINADO (servicio iOS/externo),Assembly-CSharp-firstpass,iCloudBinding,setString,0x060004bc,0x0004df1c,72,
ELIMINADO,ELIMINADO,ELIMINADO (servicio iOS/externo),Assembly-CSharp-firstpass,iCloudBinding,stringForKey,0x060004ba,0x0004dec4,88,
ELIMINADO,ELIMINADO,ELIMINADO (servicio iOS/externo),Assembly-CSharp-firstpass,iCloudBinding,synchronize,0x060004b4,0x0004de00,60,
ELIMINADO,ELIMINADO,ELIMINADO (servicio iOS/externo),Assembly-CSharp-firstpass,iCloudEventListener,.ctor,0x060004d9,0x0004e3d8,52,
ELIMINADO,ELIMINADO,ELIMINADO (servicio iOS/externo),Assembly-CSharp-firstpass,iCloudEventListener,OnDisable,0x060004db,0x0004e52c,288,
ELIMINADO,ELIMINADO,ELIMINADO (servicio iOS/externo),Assembly-CSharp-firstpass,iCloudEventListener,OnEnable,0x060004da,0x0004e40c,288,
ELIMINADO,ELIMINADO,ELIMINADO (servicio iOS/externo),Assembly-CSharp-firstpass,iCloudEventListener,documentStoreUpdatedEvent,0x060004de,0x0004e910,308,
ELIMINADO,ELIMINADO,ELIMINADO (servicio iOS/externo),Assembly-CSharp-firstpass,iCloudEventListener,entitlementsMissingEvent,0x060004dd,0x0004e8d0,64,
ELIMINADO,ELIMINADO,ELIMINADO (servicio iOS/externo),Assembly-CSharp-firstpass,iCloudEventListener,keyValueStoreDidChangeEvent,0x060004dc,0x0004e64c,644,
ELIMINADO,ELIMINADO,ELIMINADO (servicio iOS/externo),Assembly-CSharp-firstpass,iCloudGUIManager,.ctor,0x060004ed,0x0004f468,72,
ELIMINADO,ELIMINADO,ELIMINADO (servicio iOS/externo),Assembly-CSharp-firstpass,iCloudGUIManager,OnGUI,0x060004ee,0x0004f4b0,5304,
ELIMINADO,ELIMINADO,ELIMINADO (servicio iOS/externo),Assembly-CSharp-firstpass,iCloudManager,.ctor,0x060004df,0x0004ea44,52,
ELIMINADO,ELIMINADO,ELIMINADO (servicio iOS/externo),Assembly-CSharp-firstpass,iCloudManager,Awake,0x060004e6,0x0004ee38,108,
ELIMINADO,ELIMINADO,ELIMINADO (servicio iOS/externo),Assembly-CSharp-firstpass,iCloudManager,add_documentStoreUpdatedEvent,0x060004e4,0x0004ecf8,160,
ELIMINADO,ELIMINADO,ELIMINADO (servicio iOS/externo),Assembly-CSharp-firstpass,iCloudManager,add_entitlementsMissingEvent,0x060004e2,0x0004ebb8,160,
ELIMINADO,ELIMINADO,ELIMINADO (servicio iOS/externo),Assembly-CSharp-firstpass,iCloudManager,add_keyValueStoreDidChangeEvent,0x060004e0,0x0004ea78,160,
ELIMINADO,ELIMINADO,ELIMINADO (servicio iOS/externo),Assembly-CSharp-firstpass,iCloudManager,documentStoreUpdated,0x060004e9,0x0004ef8c,124,
ELIMINADO,ELIMINADO,ELIMINADO (servicio iOS/externo),Assembly-CSharp-firstpass,iCloudManager,entitlementsMissing,0x060004e8,0x0004ef20,108,
ELIMINADO,ELIMINADO,ELIMINADO (servicio iOS/externo),Assembly-CSharp-firstpass,iCloudManager,keyValueStoreDidChange,0x060004e7,0x0004eea4,124,
ELIMINADO,ELIMINADO,ELIMINADO (servicio iOS/externo),Assembly-CSharp-firstpass,iCloudManager,remove_documentStoreUpdatedEvent,0x060004e5,0x0004ed98,160,
ELIMINADO,ELIMINADO,ELIMINADO (servicio iOS/externo),Assembly-CSharp-firstpass,iCloudManager,remove_entitlementsMissingEvent,0x060004e3,0x0004ec58,160,
ELIMINADO,ELIMINADO,ELIMINADO (servicio iOS/externo),Assembly-CSharp-firstpass,iCloudManager,remove_keyValueStoreDidChangeEvent,0x060004e1,0x0004eb18,160,
ELIMINADO,ELIMINADO,ELIMINADO (servicio iOS/externo),Assembly-CSharp-firstpass,iCloudManager/iCloudDocument,.ctor,0x060004ea,0x0004f008,252,
ELIMINADO,ELIMINADO,ELIMINADO (servicio iOS/externo),Assembly-CSharp-firstpass,iCloudManager/iCloudDocument,ToString,0x060004ec,0x0004f3e8,128,
ELIMINADO,ELIMINADO,ELIMINADO (servicio iOS/externo),Assembly-CSharp-firstpass,iCloudManager/iCloudDocument,fromJSON,0x060004eb,0x0004f104,740,
ELIMINADO,ELIMINADO,Guardado local y datos globales,Assembly-CSharp,DataUtility,.ctor,0x06000257,0x000e6348,204,
ELIMINADO,ELIMINADO,Guardado local y datos globales,Assembly-CSharp,DataUtility,<ProductListRecieved>m__4,0x06000286,0x000e96c0,220,
ELIMINADO,ELIMINADO,Guardado local y datos globales,Assembly-CSharp,DataUtility,FinalizePurchase,0x06000274,0x000e8244,104,
ELIMINADO,ELIMINADO,Guardado local y datos globales,Assembly-CSharp,DataUtility,FinalizeStore,0x06000273,0x000e81f4,80,
ELIMINADO,ELIMINADO,Guardado local y datos globales,Assembly-CSharp,DataUtility,JCloudDataDidChangeExternally,0x06000280,0x000e944c,96,
ELIMINADO,ELIMINADO,Guardado local y datos globales,Assembly-CSharp,DataUtility,ProductListRecieved,0x06000275,0x000e82ac,876,
ELIMINADO,ELIMINADO,Guardado local y datos globales,Assembly-CSharp,DataUtility,ProductListRequestFailed,0x06000276,0x000e8618,88,
ELIMINADO,ELIMINADO,Guardado local y datos globales,Assembly-CSharp,DataUtility,PurchaseCoinsFromStoreKit,0x0600026e,0x000e7f5c,216,
ELIMINADO,ELIMINADO,Guardado local y datos globales,Assembly-CSharp,DataUtility,PurchaseFailed,0x06000270,0x000e80e8,100,
ELIMINADO,ELIMINADO,Guardado local y datos globales,Assembly-CSharp,DataUtility,PurchaseSuccessful,0x06000271,0x000e814c,96,
ELIMINADO,ELIMINADO,Guardado local y datos globales,Assembly-CSharp,DataUtility,SetupItemsForPurchase,0x0600026f,0x000e8034,180,
ELIMINADO,ELIMINADO,Guardado local y datos globales,Assembly-CSharp,DataUtility,StartStorePurchase,0x06000272,0x000e81ac,72,
ELIMINADO,ELIMINADO,Guardado local y datos globales,Assembly-CSharp,DataUtility,gcDisplayReportedAchievement,0x06000284,0x000e9618,92,
ELIMINADO,ELIMINADO,Guardado local y datos globales,Assembly-CSharp,DataUtility,gcPlayerAuthenticateFailed,0x06000283,0x000e95cc,76,
ELIMINADO,ELIMINADO,Guardado local y datos globales,Assembly-CSharp,DataUtility,gcPlayerAuthenticated,0x06000282,0x000e9588,68,
ELIMINADO,ELIMINADO,Guardado local y datos globales,Assembly-CSharp,DataUtility,gcReportAchievementFailed,0x06000285,0x000e9674,76,
ELIMINADO,ELIMINADO,Guardado local y datos globales,Assembly-CSharp,DataUtility,iCloudDataChanged,0x06000263,0x000e6824,56,
ELIMINADO,ELIMINADO,Guardado local y datos globales,Assembly-CSharp,DataUtility/<FinalizePurchase>c__Iterator22,.ctor,0x06000899,0x001478d4,44,
ELIMINADO,ELIMINADO,Guardado local y datos globales,Assembly-CSharp,DataUtility/<FinalizePurchase>c__Iterator22,Dispose,0x0600089d,0x00147fa8,56,
ELIMINADO,ELIMINADO,Guardado local y datos globales,Assembly-CSharp,DataUtility/<FinalizePurchase>c__Iterator22,MoveNext,0x0600089c,0x00147968,1600,
ELIMINADO,ELIMINADO,Guardado local y datos globales,Assembly-CSharp,DataUtility/<FinalizePurchase>c__Iterator22,Reset,0x0600089e,0x00147fe0,64,
ELIMINADO,ELIMINADO,Guardado local y datos globales,Assembly-CSharp,DataUtility/<FinalizePurchase>c__Iterator22,System.Collections.Generic.IEnumerator<object>.get_Current,0x0600089a,0x00147900,52,
ELIMINADO,ELIMINADO,Guardado local y datos globales,Assembly-CSharp,DataUtility/<FinalizePurchase>c__Iterator22,System.Collections.IEnumerator.get_Current,0x0600089b,0x00147934,52,
ELIMINADO,ELIMINADO,Guardado local y datos globales,Assembly-CSharp,DataUtility/<StartStorePurchase>c__Iterator21,.ctor,0x06000893,0x001475b4,44,
ELIMINADO,ELIMINADO,Guardado local y datos globales,Assembly-CSharp,DataUtility/<StartStorePurchase>c__Iterator21,Dispose,0x06000897,0x0014785c,56,
ELIMINADO,ELIMINADO,Guardado local y datos globales,Assembly-CSharp,DataUtility/<StartStorePurchase>c__Iterator21,MoveNext,0x06000896,0x00147648,532,
ELIMINADO,ELIMINADO,Guardado local y datos globales,Assembly-CSharp,DataUtility/<StartStorePurchase>c__Iterator21,Reset,0x06000898,0x00147894,64,
ELIMINADO,ELIMINADO,Guardado local y datos globales,Assembly-CSharp,DataUtility/<StartStorePurchase>c__Iterator21,System.Collections.Generic.IEnumerator<object>.get_Current,0x06000894,0x001475e0,52,
ELIMINADO,ELIMINADO,Guardado local y datos globales,Assembly-CSharp,DataUtility/<StartStorePurchase>c__Iterator21,System.Collections.IEnumerator.get_Current,0x06000895,0x00147614,52,
-,SIN CÓDIGO (abstract/extern),ELIMINADO (servicio iOS/externo),Assembly-CSharp-firstpass,BurstlyBinding,_CacheInterstitial,0x0600000d,,0,
-,SIN CÓDIGO (abstract/extern),ELIMINADO (servicio iOS/externo),Assembly-CSharp-firstpass,BurstlyBinding,_HideBanner,0x06000005,,0,
-,SIN CÓDIGO (abstract/extern),ELIMINADO (servicio iOS/externo),Assembly-CSharp-firstpass,BurstlyBinding,_Init,0x06000001,,0,
-,SIN CÓDIGO (abstract/extern),ELIMINADO (servicio iOS/externo),Assembly-CSharp-firstpass,BurstlyBinding,_PlaceFakeBanner,0x06000009,,0,
-,SIN CÓDIGO (abstract/extern),ELIMINADO (servicio iOS/externo),Assembly-CSharp-firstpass,BurstlyBinding,_RemoveFakeBanner,0x0600000b,,0,
-,SIN CÓDIGO (abstract/extern),ELIMINADO (servicio iOS/externo),Assembly-CSharp-firstpass,BurstlyBinding,_SetInterstitialAutoCache,0x0600000f,,0,
-,SIN CÓDIGO (abstract/extern),ELIMINADO (servicio iOS/externo),Assembly-CSharp-firstpass,BurstlyBinding,_SetRefreshInterval,0x06000007,,0,
-,SIN CÓDIGO (abstract/extern),ELIMINADO (servicio iOS/externo),Assembly-CSharp-firstpass,BurstlyBinding,_ShowBanner,0x06000003,,0,
-,SIN CÓDIGO (abstract/extern),ELIMINADO (servicio iOS/externo),Assembly-CSharp-firstpass,BurstlyBinding,_ShowInterstitial,0x06000011,,0,
-,SIN CÓDIGO (abstract/extern),ELIMINADO (servicio iOS/externo),Assembly-CSharp-firstpass,GDMOBinding,_GDMOFlushAnalyticsQueue,0x060000d2,,0,
-,SIN CÓDIGO (abstract/extern),ELIMINADO (servicio iOS/externo),Assembly-CSharp-firstpass,GDMOBinding,_GDMOInitWithAppKey,0x060000ca,,0,
-,SIN CÓDIGO (abstract/extern),ELIMINADO (servicio iOS/externo),Assembly-CSharp-firstpass,GDMOBinding,_GDMOInitWithAppKeyEx,0x060000cc,,0,
-,SIN CÓDIGO (abstract/extern),ELIMINADO (servicio iOS/externo),Assembly-CSharp-firstpass,GDMOBinding,_GDMOLogAnalyticsEvent,0x060000ce,,0,
-,SIN CÓDIGO (abstract/extern),ELIMINADO (servicio iOS/externo),Assembly-CSharp-firstpass,GDMOBinding,_GDMOLogAnalyticsEventWithJSON,0x060000d0,,0,
-,SIN CÓDIGO (abstract/extern),ELIMINADO (servicio iOS/externo),Assembly-CSharp-firstpass,GameCenterBinding,_gameCenterAuthenticateLocalPlayer,0x06000025,,0,
-,SIN CÓDIGO (abstract/extern),ELIMINADO (servicio iOS/externo),Assembly-CSharp-firstpass,GameCenterBinding,_gameCenterGetAchievements,0x06000047,,0,
-,SIN CÓDIGO (abstract/extern),ELIMINADO (servicio iOS/externo),Assembly-CSharp-firstpass,GameCenterBinding,_gameCenterIsGameCenterAvailable,0x06000023,,0,
-,SIN CÓDIGO (abstract/extern),ELIMINADO (servicio iOS/externo),Assembly-CSharp-firstpass,GameCenterBinding,_gameCenterIsPlayerAuthenticated,0x06000027,,0,
-,SIN CÓDIGO (abstract/extern),ELIMINADO (servicio iOS/externo),Assembly-CSharp-firstpass,GameCenterBinding,_gameCenterIsUnderage,0x0600002d,,0,
-,SIN CÓDIGO (abstract/extern),ELIMINADO (servicio iOS/externo),Assembly-CSharp-firstpass,GameCenterBinding,_gameCenterLoadLeaderboardLeaderboardTitles,0x06000035,,0,
-,SIN CÓDIGO (abstract/extern),ELIMINADO (servicio iOS/externo),Assembly-CSharp-firstpass,GameCenterBinding,_gameCenterLoadPlayerData,0x06000031,,0,
-,SIN CÓDIGO (abstract/extern),ELIMINADO (servicio iOS/externo),Assembly-CSharp-firstpass,GameCenterBinding,_gameCenterLoadProfilePhotoForLocalPlayer,0x06000033,,0,
-,SIN CÓDIGO (abstract/extern),ELIMINADO (servicio iOS/externo),Assembly-CSharp-firstpass,GameCenterBinding,_gameCenterPlayerAlias,0x06000029,,0,
-,SIN CÓDIGO (abstract/extern),ELIMINADO (servicio iOS/externo),Assembly-CSharp-firstpass,GameCenterBinding,_gameCenterPlayerIdentifier,0x0600002b,,0,
-,SIN CÓDIGO (abstract/extern),ELIMINADO (servicio iOS/externo),Assembly-CSharp-firstpass,GameCenterBinding,_gameCenterReportAchievement,0x06000045,,0,
-,SIN CÓDIGO (abstract/extern),ELIMINADO (servicio iOS/externo),Assembly-CSharp-firstpass,GameCenterBinding,_gameCenterReportScore,0x06000037,,0,
-,SIN CÓDIGO (abstract/extern),ELIMINADO (servicio iOS/externo),Assembly-CSharp-firstpass,GameCenterBinding,_gameCenterResetAchievements,0x06000049,,0,
-,SIN CÓDIGO (abstract/extern),ELIMINADO (servicio iOS/externo),Assembly-CSharp-firstpass,GameCenterBinding,_gameCenterRetrieveAchievementMetadata,0x0600004d,,0,
-,SIN CÓDIGO (abstract/extern),ELIMINADO (servicio iOS/externo),Assembly-CSharp-firstpass,GameCenterBinding,_gameCenterRetrieveFriends,0x0600002f,,0,
-,SIN CÓDIGO (abstract/extern),ELIMINADO (servicio iOS/externo),Assembly-CSharp-firstpass,GameCenterBinding,_gameCenterRetrieveScores,0x0600003d,,0,
-,SIN CÓDIGO (abstract/extern),ELIMINADO (servicio iOS/externo),Assembly-CSharp-firstpass,GameCenterBinding,_gameCenterRetrieveScoresForLeaderboard,0x0600003f,,0,
-,SIN CÓDIGO (abstract/extern),ELIMINADO (servicio iOS/externo),Assembly-CSharp-firstpass,GameCenterBinding,_gameCenterRetrieveScoresForPlayerId,0x06000041,,0,
-,SIN CÓDIGO (abstract/extern),ELIMINADO (servicio iOS/externo),Assembly-CSharp-firstpass,GameCenterBinding,_gameCenterRetrieveScoresForPlayerIdAndLeaderboard,0x06000043,,0,
-,SIN CÓDIGO (abstract/extern),ELIMINADO (servicio iOS/externo),Assembly-CSharp-firstpass,GameCenterBinding,_gameCenterShowAchievements,0x0600004b,,0,
-,SIN CÓDIGO (abstract/extern),ELIMINADO (servicio iOS/externo),Assembly-CSharp-firstpass,GameCenterBinding,_gameCenterShowCompletionBannerForAchievements,0x0600004f,,0,
-,SIN CÓDIGO (abstract/extern),ELIMINADO (servicio iOS/externo),Assembly-CSharp-firstpass,GameCenterBinding,_gameCenterShowLeaderboardWithTimeScope,0x06000039,,0,
-,SIN CÓDIGO (abstract/extern),ELIMINADO (servicio iOS/externo),Assembly-CSharp-firstpass,GameCenterBinding,_gameCenterShowLeaderboardWithTimeScopeAndLeaderboardId,0x0600003b,,0,
-,SIN CÓDIGO (abstract/extern),ELIMINADO (servicio iOS/externo),Assembly-CSharp-firstpass,GravCloudBinding,_GravCloudDoesFileExist,0x060001f9,,0,
-,SIN CÓDIGO (abstract/extern),ELIMINADO (servicio iOS/externo),Assembly-CSharp-firstpass,GravCloudBinding,_GravCloudGetFile,0x060001f5,,0,
-,SIN CÓDIGO (abstract/extern),ELIMINADO (servicio iOS/externo),Assembly-CSharp-firstpass,GravCloudBinding,_GravCloudHasCloudAccess,0x060001f3,,0,
-,SIN CÓDIGO (abstract/extern),ELIMINADO (servicio iOS/externo),Assembly-CSharp-firstpass,GravCloudBinding,_GravCloudInit,0x060001f1,,0,
-,SIN CÓDIGO (abstract/extern),ELIMINADO (servicio iOS/externo),Assembly-CSharp-firstpass,GravCloudBinding,_GravCloudPutFile,0x060001f7,,0,
-,SIN CÓDIGO (abstract/extern),ELIMINADO (servicio iOS/externo),Assembly-CSharp-firstpass,JCloudExtern,CloudDataDeleteAll,0x060002eb,,0,
-,SIN CÓDIGO (abstract/extern),ELIMINADO (servicio iOS/externo),Assembly-CSharp-firstpass,JCloudExtern,CloudDataDeleteKey,0x060002ea,,0,
-,SIN CÓDIGO (abstract/extern),ELIMINADO (servicio iOS/externo),Assembly-CSharp-firstpass,JCloudExtern,CloudDataGetFloat,0x060002e6,,0,
-,SIN CÓDIGO (abstract/extern),ELIMINADO (servicio iOS/externo),Assembly-CSharp-firstpass,JCloudExtern,CloudDataGetInt,0x060002e4,,0,
-,SIN CÓDIGO (abstract/extern),ELIMINADO (servicio iOS/externo),Assembly-CSharp-firstpass,JCloudExtern,CloudDataGetString,0x060002e8,,0,
-,SIN CÓDIGO (abstract/extern),ELIMINADO (servicio iOS/externo),Assembly-CSharp-firstpass,JCloudExtern,CloudDataHasKey,0x060002e9,,0,
-,SIN CÓDIGO (abstract/extern),ELIMINADO (servicio iOS/externo),Assembly-CSharp-firstpass,JCloudExtern,CloudDataSave,0x060002ec,,0,
-,SIN CÓDIGO (abstract/extern),ELIMINADO (servicio iOS/externo),Assembly-CSharp-firstpass,JCloudExtern,CloudDataSetCallbackPointer,0x060002ee,,0,
-,SIN CÓDIGO (abstract/extern),ELIMINADO (servicio iOS/externo),Assembly-CSharp-firstpass,JCloudExtern,CloudDataSetFloat,0x060002e5,,0,
-,SIN CÓDIGO (abstract/extern),ELIMINADO (servicio iOS/externo),Assembly-CSharp-firstpass,JCloudExtern,CloudDataSetInt,0x060002e3,,0,
-,SIN CÓDIGO (abstract/extern),ELIMINADO (servicio iOS/externo),Assembly-CSharp-firstpass,JCloudExtern,CloudDataSetShouldMessage,0x060002ed,,0,
-,SIN CÓDIGO (abstract/extern),ELIMINADO (servicio iOS/externo),Assembly-CSharp-firstpass,JCloudExtern,CloudDataSetString,0x060002e7,,0,
-,SIN CÓDIGO (abstract/extern),ELIMINADO (servicio iOS/externo),Assembly-CSharp-firstpass,JCloudExtern,CloudDictionaryDocumentDeleteAll,0x060002f7,,0,
-,SIN CÓDIGO (abstract/extern),ELIMINADO (servicio iOS/externo),Assembly-CSharp-firstpass,JCloudExtern,CloudDictionaryDocumentDeleteKey,0x060002f6,,0,
-,SIN CÓDIGO (abstract/extern),ELIMINADO (servicio iOS/externo),Assembly-CSharp-firstpass,JCloudExtern,CloudDictionaryDocumentGetFloat,0x060002f2,,0,
-,SIN CÓDIGO (abstract/extern),ELIMINADO (servicio iOS/externo),Assembly-CSharp-firstpass,JCloudExtern,CloudDictionaryDocumentGetInt,0x060002f0,,0,
-,SIN CÓDIGO (abstract/extern),ELIMINADO (servicio iOS/externo),Assembly-CSharp-firstpass,JCloudExtern,CloudDictionaryDocumentGetString,0x060002f4,,0,
-,SIN CÓDIGO (abstract/extern),ELIMINADO (servicio iOS/externo),Assembly-CSharp-firstpass,JCloudExtern,CloudDictionaryDocumentHasKey,0x060002f5,,0,
-,SIN CÓDIGO (abstract/extern),ELIMINADO (servicio iOS/externo),Assembly-CSharp-firstpass,JCloudExtern,CloudDictionaryDocumentSave,0x060002f8,,0,
-,SIN CÓDIGO (abstract/extern),ELIMINADO (servicio iOS/externo),Assembly-CSharp-firstpass,JCloudExtern,CloudDictionaryDocumentSetCallbackPointer,0x060002fa,,0,
-,SIN CÓDIGO (abstract/extern),ELIMINADO (servicio iOS/externo),Assembly-CSharp-firstpass,JCloudExtern,CloudDictionaryDocumentSetFloat,0x060002f1,,0,
-,SIN CÓDIGO (abstract/extern),ELIMINADO (servicio iOS/externo),Assembly-CSharp-firstpass,JCloudExtern,CloudDictionaryDocumentSetInt,0x060002ef,,0,
-,SIN CÓDIGO (abstract/extern),ELIMINADO (servicio iOS/externo),Assembly-CSharp-firstpass,JCloudExtern,CloudDictionaryDocumentSetShouldMessage,0x060002f9,,0,
-,SIN CÓDIGO (abstract/extern),ELIMINADO (servicio iOS/externo),Assembly-CSharp-firstpass,JCloudExtern,CloudDictionaryDocumentSetString,0x060002f3,,0,
-,SIN CÓDIGO (abstract/extern),ELIMINADO (servicio iOS/externo),Assembly-CSharp-firstpass,JCloudExtern,CopyCloudItem,0x060002dd,,0,
-,SIN CÓDIGO (abstract/extern),ELIMINADO (servicio iOS/externo),Assembly-CSharp-firstpass,JCloudExtern,CopyCloudItemSync,0x060002de,,0,
-,SIN CÓDIGO (abstract/extern),ELIMINADO (servicio iOS/externo),Assembly-CSharp-firstpass,JCloudExtern,CreateOrOpenCloudItem,0x060002cf,,0,
-,SIN CÓDIGO (abstract/extern),ELIMINADO (servicio iOS/externo),Assembly-CSharp-firstpass,JCloudExtern,CreateOrOpenCloudItemSync,0x060002d0,,0,
-,SIN CÓDIGO (abstract/extern),ELIMINADO (servicio iOS/externo),Assembly-CSharp-firstpass,JCloudExtern,DeleteCloudItem,0x060002d3,,0,
-,SIN CÓDIGO (abstract/extern),ELIMINADO (servicio iOS/externo),Assembly-CSharp-firstpass,JCloudExtern,DeleteCloudItemSync,0x060002d4,,0,
-,SIN CÓDIGO (abstract/extern),ELIMINADO (servicio iOS/externo),Assembly-CSharp-firstpass,JCloudExtern,DismissCloudItem,0x060002cd,,0,
-,SIN CÓDIGO (abstract/extern),ELIMINADO (servicio iOS/externo),Assembly-CSharp-firstpass,JCloudExtern,FreeMemory,0x060002fd,,0,
-,SIN CÓDIGO (abstract/extern),ELIMINADO (servicio iOS/externo),Assembly-CSharp-firstpass,JCloudExtern,GetCloudDirectoryPath,0x060002d8,,0,
-,SIN CÓDIGO (abstract/extern),ELIMINADO (servicio iOS/externo),Assembly-CSharp-firstpass,JCloudExtern,GetCloudItemExistence,0x060002d9,,0,
-,SIN CÓDIGO (abstract/extern),ELIMINADO (servicio iOS/externo),Assembly-CSharp-firstpass,JCloudExtern,GetCloudItemExistenceSync,0x060002da,,0,
-,SIN CÓDIGO (abstract/extern),ELIMINADO (servicio iOS/externo),Assembly-CSharp-firstpass,JCloudExtern,GetCloudItemModificationDate,0x060002db,,0,
-,SIN CÓDIGO (abstract/extern),ELIMINADO (servicio iOS/externo),Assembly-CSharp-firstpass,JCloudExtern,GetCloudItemModificationDateSync,0x060002dc,,0,
-,SIN CÓDIGO (abstract/extern),ELIMINADO (servicio iOS/externo),Assembly-CSharp-firstpass,JCloudExtern,GetCloudItemState,0x060002ce,,0,
-,SIN CÓDIGO (abstract/extern),ELIMINADO (servicio iOS/externo),Assembly-CSharp-firstpass,JCloudExtern,GetUbiquitousContainerAvailability,0x060002fb,,0,
-,SIN CÓDIGO (abstract/extern),ELIMINADO (servicio iOS/externo),Assembly-CSharp-firstpass,JCloudExtern,GetUbiquitousStoreAvailability,0x060002fc,,0,
-,SIN CÓDIGO (abstract/extern),ELIMINADO (servicio iOS/externo),Assembly-CSharp-firstpass,JCloudExtern,IsJailbroken,0x060002fe,,0,
-,SIN CÓDIGO (abstract/extern),ELIMINADO (servicio iOS/externo),Assembly-CSharp-firstpass,JCloudExtern,MoveCloudItem,0x060002df,,0,
-,SIN CÓDIGO (abstract/extern),ELIMINADO (servicio iOS/externo),Assembly-CSharp-firstpass,JCloudExtern,MoveCloudItemSync,0x060002e0,,0,
-,SIN CÓDIGO (abstract/extern),ELIMINADO (servicio iOS/externo),Assembly-CSharp-firstpass,JCloudExtern,OpenCloudItem,0x060002d1,,0,
-,SIN CÓDIGO (abstract/extern),ELIMINADO (servicio iOS/externo),Assembly-CSharp-firstpass,JCloudExtern,OpenCloudItemSync,0x060002d2,,0,
-,SIN CÓDIGO (abstract/extern),ELIMINADO (servicio iOS/externo),Assembly-CSharp-firstpass,JCloudExtern,PrepareCloudItem,0x060002cc,,0,
-,SIN CÓDIGO (abstract/extern),ELIMINADO (servicio iOS/externo),Assembly-CSharp-firstpass,JCloudExtern,ReadCloudItemContents,0x060002d6,,0,
-,SIN CÓDIGO (abstract/extern),ELIMINADO (servicio iOS/externo),Assembly-CSharp-firstpass,JCloudExtern,SetPersistentDataPath,0x060002d7,,0,
-,SIN CÓDIGO (abstract/extern),ELIMINADO (servicio iOS/externo),Assembly-CSharp-firstpass,JCloudExtern,SetResultChangeCallbackPointer,0x060002e2,,0,
-,SIN CÓDIGO (abstract/extern),ELIMINADO (servicio iOS/externo),Assembly-CSharp-firstpass,JCloudExtern,SetStateChangeCallbackPointer,0x060002e1,,0,
-,SIN CÓDIGO (abstract/extern),ELIMINADO (servicio iOS/externo),Assembly-CSharp-firstpass,JCloudExtern,WriteCloudItemContents,0x060002d5,,0,
-,SIN CÓDIGO (abstract/extern),ELIMINADO (servicio iOS/externo),Assembly-CSharp-firstpass,MoreGamesBinding,_MoreGamesHideWindow,0x06000018,,0,
-,SIN CÓDIGO (abstract/extern),ELIMINADO (servicio iOS/externo),Assembly-CSharp-firstpass,MoreGamesBinding,_MoreGamesInit,0x06000014,,0,
-,SIN CÓDIGO (abstract/extern),ELIMINADO (servicio iOS/externo),Assembly-CSharp-firstpass,MoreGamesBinding,_MoreGamesIsShowingWindow,0x0600001a,,0,
-,SIN CÓDIGO (abstract/extern),ELIMINADO (servicio iOS/externo),Assembly-CSharp-firstpass,MoreGamesBinding,_MoreGamesShowWindow,0x06000016,,0,
-,SIN CÓDIGO (abstract/extern),ELIMINADO (servicio iOS/externo),Assembly-CSharp-firstpass,StoreKitBinding,_storeKitCanMakePayments,0x06000341,,0,
-,SIN CÓDIGO (abstract/extern),ELIMINADO (servicio iOS/externo),Assembly-CSharp-firstpass,StoreKitBinding,_storeKitGetAllSavedTransactions,0x0600034d,,0,
-,SIN CÓDIGO (abstract/extern),ELIMINADO (servicio iOS/externo),Assembly-CSharp-firstpass,StoreKitBinding,_storeKitPurchaseProduct,0x06000345,,0,
-,SIN CÓDIGO (abstract/extern),ELIMINADO (servicio iOS/externo),Assembly-CSharp-firstpass,StoreKitBinding,_storeKitRequestProductData,0x06000343,,0,
-,SIN CÓDIGO (abstract/extern),ELIMINADO (servicio iOS/externo),Assembly-CSharp-firstpass,StoreKitBinding,_storeKitRestoreCompletedTransactions,0x06000347,,0,
-,SIN CÓDIGO (abstract/extern),ELIMINADO (servicio iOS/externo),Assembly-CSharp-firstpass,StoreKitBinding,_storeKitValidateAutoRenewableReceipt,0x0600034b,,0,
-,SIN CÓDIGO (abstract/extern),ELIMINADO (servicio iOS/externo),Assembly-CSharp-firstpass,StoreKitBinding,_storeKitValidateReceipt,0x06000349,,0,
-,SIN CÓDIGO (abstract/extern),ELIMINADO (servicio iOS/externo),Assembly-CSharp-firstpass,iCloudBinding,_iCloudAddFile,0x060004d5,,0,
-,SIN CÓDIGO (abstract/extern),ELIMINADO (servicio iOS/externo),Assembly-CSharp-firstpass,iCloudBinding,_iCloudBoolForKey,0x060004c9,,0,
-,SIN CÓDIGO (abstract/extern),ELIMINADO (servicio iOS/externo),Assembly-CSharp-firstpass,iCloudBinding,_iCloudDictionaryForKey,0x060004bd,,0,
-,SIN CÓDIGO (abstract/extern),ELIMINADO (servicio iOS/externo),Assembly-CSharp-firstpass,iCloudBinding,_iCloudDocumentStoreAvailable,0x060004cd,,0,
-,SIN CÓDIGO (abstract/extern),ELIMINADO (servicio iOS/externo),Assembly-CSharp-firstpass,iCloudBinding,_iCloudDocumentsDirectory,0x060004cf,,0,
-,SIN CÓDIGO (abstract/extern),ELIMINADO (servicio iOS/externo),Assembly-CSharp-firstpass,iCloudBinding,_iCloudDoubleForKey,0x060004c1,,0,
-,SIN CÓDIGO (abstract/extern),ELIMINADO (servicio iOS/externo),Assembly-CSharp-firstpass,iCloudBinding,_iCloudEvictFile,0x060004d7,,0,
-,SIN CÓDIGO (abstract/extern),ELIMINADO (servicio iOS/externo),Assembly-CSharp-firstpass,iCloudBinding,_iCloudHasKey,0x060004b7,,0,
-,SIN CÓDIGO (abstract/extern),ELIMINADO (servicio iOS/externo),Assembly-CSharp-firstpass,iCloudBinding,_iCloudIntForKey,0x060004c5,,0,
-,SIN CÓDIGO (abstract/extern),ELIMINADO (servicio iOS/externo),Assembly-CSharp-firstpass,iCloudBinding,_iCloudIsFileDownloaded,0x060004d3,,0,
-,SIN CÓDIGO (abstract/extern),ELIMINADO (servicio iOS/externo),Assembly-CSharp-firstpass,iCloudBinding,_iCloudIsFileInCloud,0x060004d1,,0,
-,SIN CÓDIGO (abstract/extern),ELIMINADO (servicio iOS/externo),Assembly-CSharp-firstpass,iCloudBinding,_iCloudIsiCloudAvailable,0x060004b1,,0,
-,SIN CÓDIGO (abstract/extern),ELIMINADO (servicio iOS/externo),Assembly-CSharp-firstpass,iCloudBinding,_iCloudRemoveObjectForKey,0x060004b5,,0,
-,SIN CÓDIGO (abstract/extern),ELIMINADO (servicio iOS/externo),Assembly-CSharp-firstpass,iCloudBinding,_iCloudSetBool,0x060004cb,,0,
-,SIN CÓDIGO (abstract/extern),ELIMINADO (servicio iOS/externo),Assembly-CSharp-firstpass,iCloudBinding,_iCloudSetDictionary,0x060004bf,,0,
-,SIN CÓDIGO (abstract/extern),ELIMINADO (servicio iOS/externo),Assembly-CSharp-firstpass,iCloudBinding,_iCloudSetDouble,0x060004c3,,0,
-,SIN CÓDIGO (abstract/extern),ELIMINADO (servicio iOS/externo),Assembly-CSharp-firstpass,iCloudBinding,_iCloudSetInt,0x060004c7,,0,
-,SIN CÓDIGO (abstract/extern),ELIMINADO (servicio iOS/externo),Assembly-CSharp-firstpass,iCloudBinding,_iCloudSetString,0x060004bb,,0,
-,SIN CÓDIGO (abstract/extern),ELIMINADO (servicio iOS/externo),Assembly-CSharp-firstpass,iCloudBinding,_iCloudStringForKey,0x060004b9,,0,
-,SIN CÓDIGO (abstract/extern),ELIMINADO (servicio iOS/externo),Assembly-CSharp-firstpass,iCloudBinding,_iCloudSynchronize,0x060004b3,,0,
-,SIN CÓDIGO (abstract/extern),Framework UI propio (Ugh),Assembly-CSharp-firstpass,UghStretch/MPDirtyAlignHandler,.ctor,0x060004ff,,0,
-,SIN CÓDIGO (abstract/extern),Framework UI propio (Ugh),Assembly-CSharp-firstpass,UghStretch/MPDirtyAlignHandler,BeginInvoke,0x06000501,,0,
-,SIN CÓDIGO (abstract/extern),Framework UI propio (Ugh),Assembly-CSharp-firstpass,UghStretch/MPDirtyAlignHandler,EndInvoke,0x06000502,,0,
-,SIN CÓDIGO (abstract/extern),Framework UI propio (Ugh),Assembly-CSharp-firstpass,UghStretch/MPDirtyAlignHandler,Invoke,0x06000500,,0,
-,SIN CÓDIGO (abstract/extern),Framework UI: componentes sin instancias ni llamadas en el juego,Assembly-CSharp-firstpass,LEDScroller/NewTextCheckHandler,.ctor,0x060004fb,,0,
-,SIN CÓDIGO (abstract/extern),Framework UI: componentes sin instancias ni llamadas en el juego,Assembly-CSharp-firstpass,LEDScroller/NewTextCheckHandler,BeginInvoke,0x060004fd,,0,
-,SIN CÓDIGO (abstract/extern),Framework UI: componentes sin instancias ni llamadas en el juego,Assembly-CSharp-firstpass,LEDScroller/NewTextCheckHandler,EndInvoke,0x060004fe,,0,
-,SIN CÓDIGO (abstract/extern),Framework UI: componentes sin instancias ni llamadas en el juego,Assembly-CSharp-firstpass,LEDScroller/NewTextCheckHandler,Invoke,0x060004fc,,0,
-,SIN CÓDIGO (abstract/extern),Framework UI: componentes sin instancias ni llamadas en el juego,Assembly-CSharp-firstpass,UghScrollView/ScrollSnappedHandler,.ctor,0x060004f3,,0,
-,SIN CÓDIGO (abstract/extern),Framework UI: componentes sin instancias ni llamadas en el juego,Assembly-CSharp-firstpass,UghScrollView/ScrollSnappedHandler,BeginInvoke,0x060004f5,,0,
-,SIN CÓDIGO (abstract/extern),Framework UI: componentes sin instancias ni llamadas en el juego,Assembly-CSharp-firstpass,UghScrollView/ScrollSnappedHandler,EndInvoke,0x060004f6,,0,
-,SIN CÓDIGO (abstract/extern),Framework UI: componentes sin instancias ni llamadas en el juego,Assembly-CSharp-firstpass,UghScrollView/ScrollSnappedHandler,Invoke,0x060004f4,,0,
-,SIN CÓDIGO (abstract/extern),Framework UI: componentes sin instancias ni llamadas en el juego,Assembly-CSharp-firstpass,UghScrollView/ScrollSoftSnappedHandler,.ctor,0x060004f7,,0,
-,SIN CÓDIGO (abstract/extern),Framework UI: componentes sin instancias ni llamadas en el juego,Assembly-CSharp-firstpass,UghScrollView/ScrollSoftSnappedHandler,BeginInvoke,0x060004f9,,0,
-,SIN CÓDIGO (abstract/extern),Framework UI: componentes sin instancias ni llamadas en el juego,Assembly-CSharp-firstpass,UghScrollView/ScrollSoftSnappedHandler,EndInvoke,0x060004fa,,0,
-,SIN CÓDIGO (abstract/extern),Framework UI: componentes sin instancias ni llamadas en el juego,Assembly-CSharp-firstpass,UghScrollView/ScrollSoftSnappedHandler,Invoke,0x060004f8,,0,
-,SIN CÓDIGO (abstract/extern),Gestión de carrera,Assembly-CSharp,RaceManager/RaceInitHandler,.ctor,0x060007c9,,0,
-,SIN CÓDIGO (abstract/extern),Gestión de carrera,Assembly-CSharp,RaceManager/RaceInitHandler,BeginInvoke,0x060007cb,,0,
-,SIN CÓDIGO (abstract/extern),Gestión de carrera,Assembly-CSharp,RaceManager/RaceInitHandler,EndInvoke,0x060007cc,,0,
-,SIN CÓDIGO (abstract/extern),Gestión de carrera,Assembly-CSharp,RaceManager/RaceInitHandler,Invoke,0x060007ca,,0,
-,SIN CÓDIGO (abstract/extern),IA de rivales,Assembly-CSharp,BaseCarAIState,FixedUpdate,0x0600002f,,0,
-,SIN CÓDIGO (abstract/extern),IA de rivales,Assembly-CSharp,BaseCarAIState,GetAIStateEnum,0x0600002c,,0,
-,SIN CÓDIGO (abstract/extern),IA de rivales,Assembly-CSharp,BaseCarAIState,Init,0x0600002d,,0,
-,SIN CÓDIGO (abstract/extern),IA de rivales,Assembly-CSharp,BaseCarAIState,Shutdown,0x06000030,,0,
-,SIN CÓDIGO (abstract/extern),IA de rivales,Assembly-CSharp,BaseCarAIState,Update,0x0600002e,,0,
-,SIN CÓDIGO (abstract/extern),IA de rivales,Assembly-CSharp,CarAI/TestActionDelegate,.ctor,0x060007c5,,0,
-,SIN CÓDIGO (abstract/extern),IA de rivales,Assembly-CSharp,CarAI/TestActionDelegate,BeginInvoke,0x060007c7,,0,
-,SIN CÓDIGO (abstract/extern),IA de rivales,Assembly-CSharp,CarAI/TestActionDelegate,EndInvoke,0x060007c8,,0,
-,SIN CÓDIGO (abstract/extern),IA de rivales,Assembly-CSharp,CarAI/TestActionDelegate,Invoke,0x060007c6,,0,
-,SIN CÓDIGO (abstract/extern),Misiones y logros internos,Assembly-CSharp,AchievementListener,IsAvailable,0x060000ae,,0,
-,SIN CÓDIGO (abstract/extern),Misiones y logros internos,Assembly-CSharp,AchievementListener,Postrace,0x060000b0,,0,
-,SIN CÓDIGO (abstract/extern),Misiones y logros internos,Assembly-CSharp,AchievementListener,Prerace,0x060000af,,0,
-,SIN CÓDIGO (abstract/extern),Misiones y logros internos,Assembly-CSharp,AchievementListener,Reward,0x060000b1,,0,
-,SIN CÓDIGO (abstract/extern),Misiones y logros internos,Assembly-CSharp,BaseMission,Init,0x06000292,,0,
-,SIN CÓDIGO (abstract/extern),Misiones y logros internos,Assembly-CSharp,BaseMission,Shutdown,0x06000294,,0,
-,SIN CÓDIGO (abstract/extern),Misiones y logros internos,Assembly-CSharp,BaseMission,Signal,0x06000295,,0,
-,SIN CÓDIGO (abstract/extern),Misiones y logros internos,Assembly-CSharp,BaseMission,Signal,0x06000296,,0,
-,SIN CÓDIGO (abstract/extern),Misiones y logros internos,Assembly-CSharp,BaseMission,Update,0x06000293,,0,
-,SIN CÓDIGO (abstract/extern),"Power-ups, efectos y obstáculos",Assembly-CSharp,BaseEffect,GetEffectSnapShot,0x06000356,,0,
-,SIN CÓDIGO (abstract/extern),"Power-ups, efectos y obstáculos",Assembly-CSharp,BaseEffect,Init,0x06000352,,0,
-,SIN CÓDIGO (abstract/extern),"Power-ups, efectos y obstáculos",Assembly-CSharp,BaseEffect,Shutdown,0x06000354,,0,
-,SIN CÓDIGO (abstract/extern),"Power-ups, efectos y obstáculos",Assembly-CSharp,BaseEffect,Stack,0x06000355,,0,
-,SIN CÓDIGO (abstract/extern),"Power-ups, efectos y obstáculos",Assembly-CSharp,BaseEffect,Update,0x06000353,,0,
-,SIN CÓDIGO (abstract/extern),"Power-ups, efectos y obstáculos",Assembly-CSharp,BasePickup,GetTriggeredEffect,0x06000443,,0,
-,SIN CÓDIGO (abstract/extern),Utilidades compartidas,Assembly-CSharp-firstpass,Callback,.ctor,0x06000503,,0,
-,SIN CÓDIGO (abstract/extern),Utilidades compartidas,Assembly-CSharp-firstpass,Callback,BeginInvoke,0x06000505,,0,
-,SIN CÓDIGO (abstract/extern),Utilidades compartidas,Assembly-CSharp-firstpass,Callback,EndInvoke,0x06000506,,0,
-,SIN CÓDIGO (abstract/extern),Utilidades compartidas,Assembly-CSharp-firstpass,Callback,Invoke,0x06000504,,0,
-,SIN CÓDIGO (abstract/extern),Utilidades compartidas,Assembly-CSharp-firstpass,Callback`1,.ctor,0x06000507,,0,
-,SIN CÓDIGO (abstract/extern),Utilidades compartidas,Assembly-CSharp-firstpass,Callback`1,BeginInvoke,0x06000509,,0,
-,SIN CÓDIGO (abstract/extern),Utilidades compartidas,Assembly-CSharp-firstpass,Callback`1,EndInvoke,0x0600050a,,0,
-,SIN CÓDIGO (abstract/extern),Utilidades compartidas,Assembly-CSharp-firstpass,Callback`1,Invoke,0x06000508,,0,
-,SIN CÓDIGO (abstract/extern),Utilidades compartidas,Assembly-CSharp-firstpass,Callback`2,.ctor,0x0600050b,,0,
-,SIN CÓDIGO (abstract/extern),Utilidades compartidas,Assembly-CSharp-firstpass,Callback`2,BeginInvoke,0x0600050d,,0,
-,SIN CÓDIGO (abstract/extern),Utilidades compartidas,Assembly-CSharp-firstpass,Callback`2,EndInvoke,0x0600050e,,0,
-,SIN CÓDIGO (abstract/extern),Utilidades compartidas,Assembly-CSharp-firstpass,Callback`2,Invoke,0x0600050c,,0,
-,SIN CÓDIGO (abstract/extern),Utilidades compartidas,Assembly-CSharp-firstpass,Callback`3,.ctor,0x0600050f,,0,
-,SIN CÓDIGO (abstract/extern),Utilidades compartidas,Assembly-CSharp-firstpass,Callback`3,BeginInvoke,0x06000511,,0,
-,SIN CÓDIGO (abstract/extern),Utilidades compartidas,Assembly-CSharp-firstpass,Callback`3,EndInvoke,0x06000512,,0,
-,SIN CÓDIGO (abstract/extern),Utilidades compartidas,Assembly-CSharp-firstpass,Callback`3,Invoke,0x06000510,,0,
-,SIN CÓDIGO (abstract/extern),Utilidades compartidas,Assembly-CSharp-firstpass,Script/AnimationDelegate,.ctor,0x060004ef,,0,
-,SIN CÓDIGO (abstract/extern),Utilidades compartidas,Assembly-CSharp-firstpass,Script/AnimationDelegate,BeginInvoke,0x060004f1,,0,
-,SIN CÓDIGO (abstract/extern),Utilidades compartidas,Assembly-CSharp-firstpass,Script/AnimationDelegate,EndInvoke,0x060004f2,,0,
-,SIN CÓDIGO (abstract/extern),Utilidades compartidas,Assembly-CSharp-firstpass,Script/AnimationDelegate,Invoke,0x060004f0,,0,
