"Assembly","Type","Method","ReturnType","IsAbstract","IsPInvoke","ILBytes","ILHex","Error","SuspiciousRetOnly"
"Assembly-CSharp.dll","CarAIPath","GetSizeEstimate","System.Int32","False","False","1","2A","","True"
"Assembly-CSharp.dll","CarAIPathManager","OnEnable","System.Void","False","False","1","2A","","False"
"Assembly-CSharp.dll","CarAIPathManager","OnDisable","System.Void","False","False","1","2A","","False"
"Assembly-CSharp.dll","CarAIPathManager","GetPathCount","System.Int32","False","False","1","2A","","True"
"Assembly-CSharp.dll","CarAIPathManager","AddPath","System.Void","False","False","1","2A","","False"
"Assembly-CSharp.dll","CarAIPathManager","GetRandomPath","CarAIPath","False","False","1","2A","","True"
"Assembly-CSharp.dll","CarAIPathManager","GetPathIndex","System.Int32","False","False","1","2A","","True"
"Assembly-CSharp.dll","CarAIPathManager","GetPathByIndex","CarAIPath","False","False","1","2A","","True"
"Assembly-CSharp.dll","CarAIPathManager","ProduceInstance","System.Void","False","False","1","2A","","False"
"Assembly-CSharp.dll","CarAIPathManager","OnDrawGizmos","System.Void","False","False","1","2A","","False"
"Assembly-CSharp.dll","CarAIPathRecorder","DeltaCompressPath","System.Void","False","False","1","2A","","False"
"Assembly-CSharp.dll","CarAIPathRecorder","DistanceCompressPath","System.Void","False","False","1","2A","","False"
"Assembly-CSharp.dll","CarAIPathRecorder","DistanceCompressPathWithGroundChecking","System.Void","False","False","1","2A","","False"
"Assembly-CSharp.dll","CarAIPathRecorder","Update","System.Void","False","False","1","2A","","False"
"Assembly-CSharp.dll","CarAIPathRecorder","StartRecording","System.Void","False","False","1","2A","","False"
"Assembly-CSharp.dll","CarAIPathRecorder","FinishRecording","System.Void","False","False","1","2A","","False"
"Assembly-CSharp.dll","CarAI","AIEvaluationPump","System.Collections.IEnumerator","False","False","1","2A","","True"
"Assembly-CSharp.dll","CarAI","TestForNoticePickup","System.Boolean","False","False","1","2A","","True"
"Assembly-CSharp.dll","CarAI","TestForPowerupUsage","System.Boolean","False","False","1","2A","","True"
"Assembly-CSharp.dll","CarAI","TestForAvoidBadTerrain","System.Boolean","False","False","1","2A","","True"
"Assembly-CSharp.dll","CarAI","TestForHitBeneficialTerrain","System.Boolean","False","False","1","2A","","True"
"Assembly-CSharp.dll","CarAI","TestForHarassCar","System.Boolean","False","False","1","2A","","True"
"Assembly-CSharp.dll","CarAI","EvaluateStates","System.Void","False","False","1","2A","","False"
"Assembly-CSharp.dll","CarAI","StateDone","System.Void","False","False","1","2A","","False"
"Assembly-CSharp.dll","CarAI","AddState","System.Void","False","False","1","2A","","False"
"Assembly-CSharp.dll","CarAI","Start","System.Void","False","False","1","2A","","False"
"Assembly-CSharp.dll","CarAI","Update","System.Void","False","False","1","2A","","False"
"Assembly-CSharp.dll","CarAI","OnDrawGizmos","System.Void","False","False","1","2A","","False"
"Assembly-CSharp.dll","CarAI","FixedUpdate","System.Void","False","False","1","2A","","False"
"Assembly-CSharp.dll","CarAI","ClearStates","System.Void","False","False","1","2A","","False"
"Assembly-CSharp.dll","CarAI","DriveWithFacing","System.Void","False","False","1","2A","","False"
"Assembly-CSharp.dll","CarAI","DriveTowardPoint","System.Void","False","False","1","2A","","False"
"Assembly-CSharp.dll","CarAIPersonality","get_stateWeightMap","System.Collections.Generic.Dictionary`2[[CarAI+AIStates, Assembly-CSharp, Version=0.0.0.0, Culture=neutral, PublicKeyToken=null],[System.Single, mscorlib, Version=4.0.0.0, Culture=neutral, PublicKeyToken=b77a5c561934e089]]","False","False","1","2A","","True"
"Assembly-CSharp.dll","CarAIPersonality","Start","System.Void","False","False","1","2A","","False"
"Assembly-CSharp.dll","BaseCarAIState","GetAIStateEnum","CarAI+AIStates","True","False","0","","","False"
"Assembly-CSharp.dll","BaseCarAIState","Init","System.Void","True","False","0","","","False"
"Assembly-CSharp.dll","BaseCarAIState","Update","System.Void","True","False","0","","","False"
"Assembly-CSharp.dll","BaseCarAIState","FixedUpdate","System.Void","True","False","0","","","False"
"Assembly-CSharp.dll","BaseCarAIState","Shutdown","System.Void","True","False","0","","","False"
"Assembly-CSharp.dll","DriveAvoidTerrainAIState","GetAIStateEnum","CarAI+AIStates","False","False","1","2A","","True"
"Assembly-CSharp.dll","DriveAvoidTerrainAIState","Init","System.Void","False","False","1","2A","","False"
"Assembly-CSharp.dll","DriveAvoidTerrainAIState","Update","System.Void","False","False","1","2A","","False"
"Assembly-CSharp.dll","DriveAvoidTerrainAIState","FixedUpdate","System.Void","False","False","1","2A","","False"
"Assembly-CSharp.dll","DriveAvoidTerrainAIState","Shutdown","System.Void","False","False","1","2A","","False"
"Assembly-CSharp.dll","DriveHitBeneficialAIState","GetAIStateEnum","CarAI+AIStates","False","False","1","2A","","True"
"Assembly-CSharp.dll","DriveHitBeneficialAIState","Init","System.Void","False","False","1","2A","","False"
"Assembly-CSharp.dll","DriveHitBeneficialAIState","Update","System.Void","False","False","1","2A","","False"
"Assembly-CSharp.dll","DriveHitBeneficialAIState","FixedUpdate","System.Void","False","False","1","2A","","False"
"Assembly-CSharp.dll","DriveHitBeneficialAIState","Shutdown","System.Void","False","False","1","2A","","False"
"Assembly-CSharp.dll","DrivePickupAIState","GetAIStateEnum","CarAI+AIStates","False","False","1","2A","","True"
"Assembly-CSharp.dll","DrivePickupAIState","Init","System.Void","False","False","1","2A","","False"
"Assembly-CSharp.dll","DrivePickupAIState","Update","System.Void","False","False","1","2A","","False"
"Assembly-CSharp.dll","DrivePickupAIState","FixedUpdate","System.Void","False","False","1","2A","","False"
"Assembly-CSharp.dll","DrivePickupAIState","Shutdown","System.Void","False","False","1","2A","","False"
"Assembly-CSharp.dll","DriveWaypointsCarAIState","GetAIStateEnum","CarAI+AIStates","False","False","1","2A","","True"
"Assembly-CSharp.dll","DriveWaypointsCarAIState","Init","System.Void","False","False","1","2A","","False"
"Assembly-CSharp.dll","DriveWaypointsCarAIState","Update","System.Void","False","False","1","2A","","False"
"Assembly-CSharp.dll","DriveWaypointsCarAIState","FixedUpdate","System.Void","False","False","1","2A","","False"
"Assembly-CSharp.dll","DriveWaypointsCarAIState","Shutdown","System.Void","False","False","1","2A","","False"
"Assembly-CSharp.dll","UsePowerupAIState","GetAIStateEnum","CarAI+AIStates","False","False","1","2A","","True"
"Assembly-CSharp.dll","UsePowerupAIState","Init","System.Void","False","False","1","2A","","False"
"Assembly-CSharp.dll","UsePowerupAIState","Update","System.Void","False","False","1","2A","","False"
"Assembly-CSharp.dll","UsePowerupAIState","DoRocketEffectExecute","System.Void","False","False","1","2A","","False"
"Assembly-CSharp.dll","UsePowerupAIState","DoShieldEffectExecute","System.Void","False","False","1","2A","","False"
"Assembly-CSharp.dll","UsePowerupAIState","DoMineEffectExecute","System.Void","False","False","1","2A","","False"
"Assembly-CSharp.dll","UsePowerupAIState","FixedUpdate","System.Void","False","False","1","2A","","False"
"Assembly-CSharp.dll","UsePowerupAIState","Shutdown","System.Void","False","False","1","2A","","False"
"Assembly-CSharp.dll","GimpedCarAI","get_LinearVelocity","System.Single","False","False","1","2A","","True"
"Assembly-CSharp.dll","GimpedCarAI","set_LinearVelocity","System.Void","False","False","1","2A","","False"
"Assembly-CSharp.dll","GimpedCarAI","get_Velocity","System.Single","False","False","1","2A","","True"
"Assembly-CSharp.dll","GimpedCarAI","get_Direction","UnityEngine.Vector3","False","False","1","2A","","True"
"Assembly-CSharp.dll","GimpedCarAI","get_IsInAir","System.Boolean","False","False","1","2A","","True"
"Assembly-CSharp.dll","GimpedCarAI","SetNewPath","System.Void","False","False","1","2A","","False"
"Assembly-CSharp.dll","GimpedCarAI","SetNextPoint","System.Void","False","False","1","2A","","False"
"Assembly-CSharp.dll","GimpedCarAI","DoRoadBoundaries","System.Void","False","False","1","2A","","False"
"Assembly-CSharp.dll","GimpedCarAI","DoCarCollisions","System.Void","False","False","1","2A","","False"
"Assembly-CSharp.dll","GimpedCarAI","PowerupUseEvaluationCoroutinue","System.Collections.IEnumerator","False","False","1","2A","","True"
"Assembly-CSharp.dll","GimpedCarAI","AggressionTherapyCoroutine","System.Collections.IEnumerator","False","False","1","2A","","True"
"Assembly-CSharp.dll","GimpedCarAI","Start","System.Void","False","False","1","2A","","False"
"Assembly-CSharp.dll","GimpedCarAI","Update","System.Void","False","False","1","2A","","False"
"Assembly-CSharp.dll","GimpedCarAI","FixedUpdate","System.Void","False","False","1","2A","","False"
"Assembly-CSharp.dll","GimpedCarAI","Bump","System.Void","False","False","1","2A","","False"
"Assembly-CSharp.dll","GimpedCarAI","GetGimpedSnapShot","System.Void","False","False","1","2A","","False"
"Assembly-CSharp.dll","GimpedCarAI","SetGimpedSnapShot","System.Void","False","False","1","2A","","False"
"Assembly-CSharp.dll","GimpedCarAI","SetToClosestPathHead","System.Void","False","False","1","2A","","False"
"Assembly-CSharp.dll","LaserLogic","Update","System.Void","False","False","1","2A","","False"
"Assembly-CSharp.dll","LaserLogic","SetParent","System.Void","False","False","1","2A","","False"
"Assembly-CSharp.dll","LaserLogic","SetTarget","System.Void","False","False","1","2A","","False"
"Assembly-CSharp.dll","LaserLogic","ApplyError","System.Void","False","False","1","2A","","False"
"Assembly-CSharp.dll","MineAI","get_IsArmed","System.Boolean","False","False","1","2A","","True"
"Assembly-CSharp.dll","MineAI","OnTriggerEnter","System.Void","False","False","1","2A","","False"
"Assembly-CSharp.dll","MineAI","KillAI","System.Void","False","False","1","2A","","False"
"Assembly-CSharp.dll","MineAI","ArmMine","System.Collections.IEnumerator","False","False","1","2A","","True"
"Assembly-CSharp.dll","MineAI","Start","System.Void","False","False","1","2A","","False"
"Assembly-CSharp.dll","MineAI","Update","System.Void","False","False","1","2A","","False"
"Assembly-CSharp.dll","MineAI","SetOwner","System.Void","False","False","1","2A","","False"
"Assembly-CSharp.dll","MineSpreaderAI","Start","System.Void","False","False","1","2A","","False"
"Assembly-CSharp.dll","MineSpreaderAI","Update","System.Void","False","False","1","2A","","False"
"Assembly-CSharp.dll","MineSpreaderAI","LaunchUpdate","System.Void","False","False","1","2A","","False"
"Assembly-CSharp.dll","MineSpreaderAI","Explode","System.Void","False","False","1","2A","","False"
"Assembly-CSharp.dll","MineSpreaderAI","SetOwner","System.Void","False","False","1","2A","","False"
"Assembly-CSharp.dll","MineSpreaderAI","SpreadMines","System.Void","False","False","1","2A","","False"
"Assembly-CSharp.dll","RocketAI","StrikeTarget","System.Void","False","False","1","2A","","False"
"Assembly-CSharp.dll","RocketAI","LaunchUpdate","System.Void","False","False","1","2A","","False"
"Assembly-CSharp.dll","RocketAI","BurnUpdate","System.Void","False","False","1","2A","","False"
"Assembly-CSharp.dll","RocketAI","Explode","System.Void","False","False","1","2A","","False"
"Assembly-CSharp.dll","RocketAI","Start","System.Void","False","False","1","2A","","False"
"Assembly-CSharp.dll","RocketAI","Update","System.Void","False","False","1","2A","","False"
"Assembly-CSharp.dll","RocketAI","FixedUpdate","System.Void","False","False","1","2A","","False"
"Assembly-CSharp.dll","RocketAI","SetOwner","System.Void","False","False","1","2A","","False"
"Assembly-CSharp.dll","RocketAI","SetTarget","System.Void","False","False","1","2A","","False"
"Assembly-CSharp.dll","RocketAI","SetRiderEffect","System.Void","False","False","1","2A","","False"
"Assembly-CSharp.dll","ShotDroneAI","Start","System.Void","False","False","1","2A","","False"
"Assembly-CSharp.dll","ShotDroneAI","SetParent","System.Void","False","False","1","2A","","False"
"Assembly-CSharp.dll","ShotDroneAI","Update","System.Void","False","False","1","2A","","False"
"Assembly-CSharp.dll","ShotDroneAI","FixedUpdate","System.Void","False","False","1","2A","","False"
"Assembly-CSharp.dll","ShotDroneAI","Shoot","System.Void","False","False","1","2A","","False"
"Assembly-CSharp.dll","UFOLogic","FireLaser","System.Void","False","False","1","2A","","False"
"Assembly-CSharp.dll","UFOLogic","Update","System.Void","False","False","1","2A","","False"
"Assembly-CSharp.dll","UFOLogic","FixedUpdate","System.Void","False","False","1","2A","","False"
"Assembly-CSharp.dll","UFOLogic","SetParent","System.Void","False","False","1","2A","","False"
"Assembly-CSharp.dll","UFOLogic","SetSecondUFO","System.Void","False","False","1","2A","","False"
"Assembly-CSharp.dll","UFOLogic","StartFlyaway","System.Void","False","False","1","2A","","False"
"Assembly-CSharp.dll","UFOLogic","OnDrawGizmos","System.Void","False","False","1","2A","","False"
"Assembly-CSharp.dll","ForwardForceAI","Start","System.Void","False","False","1","2A","","False"
"Assembly-CSharp.dll","ForwardForceAI","FixedUpdate","System.Void","False","False","1","2A","","False"
"Assembly-CSharp.dll","LiftControlAI","Start","System.Void","False","False","1","2A","","False"
"Assembly-CSharp.dll","LiftControlAI","FixedUpdate","System.Void","False","False","1","2A","","False"
"Assembly-CSharp.dll","LiftControlAI","SetTransition","System.Void","False","False","1","2A","","False"
"Assembly-CSharp.dll","PathMoverAI","StartTransition","System.Void","False","False","1","2A","","False"
"Assembly-CSharp.dll","PathMoverAI","Start","System.Void","False","False","1","2A","","False"
"Assembly-CSharp.dll","PathMoverAI","FixedUpdate","System.Void","False","False","1","2A","","False"
"Assembly-CSharp.dll","RotatorAI","RotateCoroutine","System.Collections.IEnumerator","False","False","1","2A","","True"
"Assembly-CSharp.dll","RotatorAI","Start","System.Void","False","False","1","2A","","False"
"Assembly-CSharp.dll","SphereMoverAI","Start","System.Void","False","False","1","2A","","False"
"Assembly-CSharp.dll","SphereMoverAI","Update","System.Void","False","False","1","2A","","False"
"Assembly-CSharp.dll","SphereMoverAI","FixedUpdate","System.Void","False","False","1","2A","","False"
"Assembly-CSharp.dll","SphereMoverAI","DoMovement","System.Void","False","False","1","2A","","False"
"Assembly-CSharp.dll","SphereMoverAI","UpdateTarget","System.Void","False","False","1","2A","","False"
"Assembly-CSharp.dll","SphereMoverAI","OnDrawGizmos","System.Void","False","False","1","2A","","False"
"Assembly-CSharp.dll","SphereMoverAI","CollisionReflect","System.Void","False","False","1","2A","","False"
"Assembly-CSharp.dll","SphereMoverCollider","Start","System.Void","False","False","1","2A","","False"
"Assembly-CSharp.dll","SphereMoverCollider","Update","System.Void","False","False","1","2A","","False"
"Assembly-CSharp.dll","SphereMoverCollider","OnTriggerEnter","System.Void","False","False","1","2A","","False"
"Assembly-CSharp.dll","AchievementListener","get_State","AchievementListener+AchievementState","False","False","1","2A","","True"
"Assembly-CSharp.dll","AchievementListener","IsAvailable","System.Boolean","True","False","0","","","False"
"Assembly-CSharp.dll","AchievementListener","Prerace","System.Void","True","False","0","","","False"
"Assembly-CSharp.dll","AchievementListener","Postrace","System.Void","True","False","0","","","False"
"Assembly-CSharp.dll","AchievementListener","Reward","System.Void","True","False","0","","","False"
"Assembly-CSharp.dll","AchievementListener","FilterCategory","AchievementListener+AchievementFilterCategory","False","False","1","2A","","True"
"Assembly-CSharp.dll","AchievementListener","Activate","System.Void","False","False","1","2A","","False"
"Assembly-CSharp.dll","AchievementListener","Achieve","System.Void","False","False","1","2A","","False"
"Assembly-CSharp.dll","AchievementListener","Fail","System.Void","False","False","1","2A","","False"
"Assembly-CSharp.dll","AchievementListener","GetUnlockName","System.String","False","False","1","2A","","True"
"Assembly-CSharp.dll","AchievementListener","HasAchieved","System.Boolean","False","False","1","2A","","True"
"Assembly-CSharp.dll","AchievementManager","get_Instance","AchievementManager","False","False","1","2A","","True"
"Assembly-CSharp.dll","AchievementManager","get_AllAchievements","AchievementListener[]","False","False","1","2A","","True"
"Assembly-CSharp.dll","AchievementManager","Awake","System.Void","False","False","1","2A","","False"
"Assembly-CSharp.dll","AchievementManager","Start","System.Void","False","False","1","2A","","False"
"Assembly-CSharp.dll","AchievementManager","OnEnable","System.Void","False","False","1","2A","","False"
"Assembly-CSharp.dll","AchievementManager","OnDisable","System.Void","False","False","1","2A","","False"
"Assembly-CSharp.dll","AchievementManager","OnRaceInit","System.Void","False","False","1","2A","","False"
"Assembly-CSharp.dll","AchievementManager","OnRaceEnd","System.Void","False","False","1","2A","","False"
"Assembly-CSharp.dll","AchievementManager","Achieve","System.Void","False","False","1","2A","","False"
"Assembly-CSharp.dll","AchievementManager","Fail","System.Void","False","False","1","2A","","False"
"Assembly-CSharp.dll","AchievementManager","ClearActiveListeners","System.Void","False","False","1","2A","","False"
"Assembly-CSharp.dll","AchievementManager","ChooseActiveListeners","System.Void","False","False","1","2A","","False"
"Assembly-CSharp.dll","AchievementManager","InitFrontEndAchievements","System.Void","False","False","1","2A","","False"
"Assembly-CSharp.dll","CheckPowerupUseAchievementListener","Start","System.Void","False","False","1","2A","","False"
"Assembly-CSharp.dll","CheckPowerupUseAchievementListener","Update","System.Void","False","False","1","2A","","False"
"Assembly-CSharp.dll","CheckPowerupUseAchievementListener","PowerupUseCheckPump","System.Collections.IEnumerator","False","False","1","2A","","True"
"Assembly-CSharp.dll","CheckPowerupUseAchievementListener","CheckMetrics","System.Boolean","False","False","1","2A","","True"
"Assembly-CSharp.dll","CheckPowerupUseAchievementListener","IsAvailable","System.Boolean","False","False","1","2A","","True"
"Assembly-CSharp.dll","CheckPowerupUseAchievementListener","Prerace","System.Void","False","False","1","2A","","False"
"Assembly-CSharp.dll","CheckPowerupUseAchievementListener","Postrace","System.Void","False","False","1","2A","","False"
"Assembly-CSharp.dll","CheckPowerupUseAchievementListener","Reward","System.Void","False","False","1","2A","","False"
"Assembly-CSharp.dll","CoinBalanceAchievementListener","IsAvailable","System.Boolean","False","False","1","2A","","True"
"Assembly-CSharp.dll","CoinBalanceAchievementListener","Prerace","System.Void","False","False","1","2A","","False"
"Assembly-CSharp.dll","CoinBalanceAchievementListener","Postrace","System.Void","False","False","1","2A","","False"
"Assembly-CSharp.dll","CoinBalanceAchievementListener","Reward","System.Void","False","False","1","2A","","False"
"Assembly-CSharp.dll","CoinBalanceAchievementListener","CheckCoinBalanceCoroutine","System.Collections.IEnumerator","False","False","1","2A","","True"
"Assembly-CSharp.dll","CoinBalanceAchievementListener","Start","System.Void","False","False","1","2A","","False"
"Assembly-CSharp.dll","CompleteAllMissionsAchievementListener","IsAvailable","System.Boolean","False","False","1","2A","","True"
"Assembly-CSharp.dll","CompleteAllMissionsAchievementListener","Prerace","System.Void","False","False","1","2A","","False"
"Assembly-CSharp.dll","CompleteAllMissionsAchievementListener","Postrace","System.Void","False","False","1","2A","","False"
"Assembly-CSharp.dll","CompleteAllMissionsAchievementListener","Reward","System.Void","False","False","1","2A","","False"
"Assembly-CSharp.dll","CompleteAllMissionsAchievementListener","CheckAllMissionsCoroutine","System.Collections.IEnumerator","False","False","1","2A","","True"
"Assembly-CSharp.dll","CompleteAllMissionsAchievementListener","Start","System.Void","False","False","1","2A","","False"
"Assembly-CSharp.dll","CrossFinishLineBackwardsAchievementListener","IsAvailable","System.Boolean","False","False","1","2A","","True"
"Assembly-CSharp.dll","CrossFinishLineBackwardsAchievementListener","Prerace","System.Void","False","False","1","2A","","False"
"Assembly-CSharp.dll","CrossFinishLineBackwardsAchievementListener","Postrace","System.Void","False","False","1","2A","","False"
"Assembly-CSharp.dll","CrossFinishLineBackwardsAchievementListener","Reward","System.Void","False","False","1","2A","","False"
"Assembly-CSharp.dll","CrossFinishLineBackwardsAchievementListener","Start","System.Void","False","False","1","2A","","False"
"Assembly-CSharp.dll","EquipPaintJobAchievementListener","Start","System.Void","False","False","1","2A","","False"
"Assembly-CSharp.dll","EquipPaintJobAchievementListener","Update","System.Void","False","False","1","2A","","False"
"Assembly-CSharp.dll","EquipPaintJobAchievementListener","IsAvailable","System.Boolean","False","False","1","2A","","True"
"Assembly-CSharp.dll","EquipPaintJobAchievementListener","CheckPaintJobs","System.Collections.IEnumerator","False","False","1","2A","","True"
"Assembly-CSharp.dll","EquipPaintJobAchievementListener","Postrace","System.Void","False","False","1","2A","","False"
"Assembly-CSharp.dll","EquipPaintJobAchievementListener","Prerace","System.Void","False","False","1","2A","","False"
"Assembly-CSharp.dll","EquipPaintJobAchievementListener","Reward","System.Void","False","False","1","2A","","False"
"Assembly-CSharp.dll","EquipPartSetAchievementListener","IsAvailable","System.Boolean","False","False","1","2A","","True"
"Assembly-CSharp.dll","EquipPartSetAchievementListener","Prerace","System.Void","False","False","1","2A","","False"
"Assembly-CSharp.dll","EquipPartSetAchievementListener","Postrace","System.Void","False","False","1","2A","","False"
"Assembly-CSharp.dll","EquipPartSetAchievementListener","Reward","System.Void","False","False","1","2A","","False"
"Assembly-CSharp.dll","EquipPartSetAchievementListener","CheckCartSet","System.Collections.IEnumerator","False","False","1","2A","","True"
"Assembly-CSharp.dll","EquipPartSetAchievementListener","Start","System.Void","False","False","1","2A","","False"
"Assembly-CSharp.dll","FirstPlaceAchievementListener","Start","System.Void","False","False","1","2A","","False"
"Assembly-CSharp.dll","FirstPlaceAchievementListener","IsAvailable","System.Boolean","False","False","1","2A","","True"
"Assembly-CSharp.dll","FirstPlaceAchievementListener","Prerace","System.Void","False","False","1","2A","","False"
"Assembly-CSharp.dll","FirstPlaceAchievementListener","Postrace","System.Void","False","False","1","2A","","False"
"Assembly-CSharp.dll","FirstPlaceAchievementListener","Reward","System.Void","False","False","1","2A","","False"
"Assembly-CSharp.dll","GetHitByTrackHazardAchievementListener","Start","System.Void","False","False","1","2A","","False"
"Assembly-CSharp.dll","GetHitByTrackHazardAchievementListener","Update","System.Void","False","False","1","2A","","False"
"Assembly-CSharp.dll","GetHitByTrackHazardAchievementListener","IsAvailable","System.Boolean","False","False","1","2A","","True"
"Assembly-CSharp.dll","GetHitByTrackHazardAchievementListener","CheckMetricsPump","System.Collections.IEnumerator","False","False","1","2A","","True"
"Assembly-CSharp.dll","GetHitByTrackHazardAchievementListener","CheckMetrics","System.Boolean","False","False","1","2A","","True"
"Assembly-CSharp.dll","GetHitByTrackHazardAchievementListener","Prerace","System.Void","False","False","1","2A","","False"
"Assembly-CSharp.dll","GetHitByTrackHazardAchievementListener","Postrace","System.Void","False","False","1","2A","","False"
"Assembly-CSharp.dll","GetHitByTrackHazardAchievementListener","Reward","System.Void","False","False","1","2A","","False"
"Assembly-CSharp.dll","HitMaxSpeedAchievementListener","IsAvailable","System.Boolean","False","False","1","2A","","True"
"Assembly-CSharp.dll","HitMaxSpeedAchievementListener","Prerace","System.Void","False","False","1","2A","","False"
"Assembly-CSharp.dll","HitMaxSpeedAchievementListener","Postrace","System.Void","False","False","1","2A","","False"
"Assembly-CSharp.dll","HitMaxSpeedAchievementListener","Reward","System.Void","False","False","1","2A","","False"
"Assembly-CSharp.dll","HitMaxSpeedAchievementListener","CheckMaxSpeedCoroutine","System.Collections.IEnumerator","False","False","1","2A","","True"
"Assembly-CSharp.dll","HitMaxSpeedAchievementListener","Start","System.Void","False","False","1","2A","","False"
"Assembly-CSharp.dll","InRaceAquirePickupListener","Start","System.Void","False","False","1","2A","","False"
"Assembly-CSharp.dll","InRaceAquirePickupListener","Update","System.Void","False","False","1","2A","","False"
"Assembly-CSharp.dll","InRaceAquirePickupListener","IsAvailable","System.Boolean","False","False","1","2A","","True"
"Assembly-CSharp.dll","InRaceAquirePickupListener","CheckMetricsPump","System.Collections.IEnumerator","False","False","1","2A","","True"
"Assembly-CSharp.dll","InRaceAquirePickupListener","CheckMetrics","System.Boolean","False","False","1","2A","","True"
"Assembly-CSharp.dll","InRaceAquirePickupListener","Prerace","System.Void","False","False","1","2A","","False"
"Assembly-CSharp.dll","InRaceAquirePickupListener","Postrace","System.Void","False","False","1","2A","","False"
"Assembly-CSharp.dll","InRaceAquirePickupListener","Reward","System.Void","False","False","1","2A","","False"
"Assembly-CSharp.dll","LastPlaceAchievementListener","Start","System.Void","False","False","1","2A","","False"
"Assembly-CSharp.dll","LastPlaceAchievementListener","IsAvailable","System.Boolean","False","False","1","2A","","True"
"Assembly-CSharp.dll","LastPlaceAchievementListener","Prerace","System.Void","False","False","1","2A","","False"
"Assembly-CSharp.dll","LastPlaceAchievementListener","Postrace","System.Void","False","False","1","2A","","False"
"Assembly-CSharp.dll","LastPlaceAchievementListener","Reward","System.Void","False","False","1","2A","","False"
"Assembly-CSharp.dll","LastPlaceAchievementListener","Update","System.Void","False","False","1","2A","","False"
"Assembly-CSharp.dll","LifetimeInAirAchievementListener","IsAvailable","System.Boolean","False","False","1","2A","","True"
"Assembly-CSharp.dll","LifetimeInAirAchievementListener","Prerace","System.Void","False","False","1","2A","","False"
"Assembly-CSharp.dll","LifetimeInAirAchievementListener","Postrace","System.Void","False","False","1","2A","","False"
"Assembly-CSharp.dll","LifetimeInAirAchievementListener","Reward","System.Void","False","False","1","2A","","False"
"Assembly-CSharp.dll","LifetimeInAirAchievementListener","CheckAirTimeCoroutine","System.Collections.IEnumerator","False","False","1","2A","","True"
"Assembly-CSharp.dll","LifetimeInAirAchievementListener","Start","System.Void","False","False","1","2A","","False"
"Assembly-CSharp.dll","LifetimeOpponentHitsAchievementListener","Start","System.Void","False","False","1","2A","","False"
"Assembly-CSharp.dll","LifetimeOpponentHitsAchievementListener","Update","System.Void","False","False","1","2A","","False"
"Assembly-CSharp.dll","LifetimeOpponentHitsAchievementListener","IsAvailable","System.Boolean","False","False","1","2A","","True"
"Assembly-CSharp.dll","LifetimeOpponentHitsAchievementListener","Prerace","System.Void","False","False","1","2A","","False"
"Assembly-CSharp.dll","LifetimeOpponentHitsAchievementListener","Postrace","System.Void","False","False","1","2A","","False"
"Assembly-CSharp.dll","LifetimeOpponentHitsAchievementListener","CheckMetricsPump","System.Collections.IEnumerator","False","False","1","2A","","True"
"Assembly-CSharp.dll","LifetimeOpponentHitsAchievementListener","CheckMetrics","System.Boolean","False","False","1","2A","","True"
"Assembly-CSharp.dll","LifetimeOpponentHitsAchievementListener","Reward","System.Void","False","False","1","2A","","False"
"Assembly-CSharp.dll","LifetimePowerupCollectionAchievementListener","Start","System.Void","False","False","1","2A","","False"
"Assembly-CSharp.dll","LifetimePowerupCollectionAchievementListener","Update","System.Void","False","False","1","2A","","False"
"Assembly-CSharp.dll","LifetimePowerupCollectionAchievementListener","IsAvailable","System.Boolean","False","False","1","2A","","True"
"Assembly-CSharp.dll","LifetimePowerupCollectionAchievementListener","Prerace","System.Void","False","False","1","2A","","False"
"Assembly-CSharp.dll","LifetimePowerupCollectionAchievementListener","Postrace","System.Void","False","False","1","2A","","False"
"Assembly-CSharp.dll","LifetimePowerupCollectionAchievementListener","CheckMetricsPump","System.Collections.IEnumerator","False","False","1","2A","","True"
"Assembly-CSharp.dll","LifetimePowerupCollectionAchievementListener","CheckMetrics","System.Boolean","False","False","1","2A","","True"
"Assembly-CSharp.dll","LifetimePowerupCollectionAchievementListener","Reward","System.Void","False","False","1","2A","","False"
"Assembly-CSharp.dll","MakePlaceAchievementListener","Start","System.Void","False","False","1","2A","","False"
"Assembly-CSharp.dll","MakePlaceAchievementListener","IsAvailable","System.Boolean","False","False","1","2A","","True"
"Assembly-CSharp.dll","MakePlaceAchievementListener","Prerace","System.Void","False","False","1","2A","","False"
"Assembly-CSharp.dll","MakePlaceAchievementListener","Postrace","System.Void","False","False","1","2A","","False"
"Assembly-CSharp.dll","MakePlaceAchievementListener","Reward","System.Void","False","False","1","2A","","False"
"Assembly-CSharp.dll","MaxCrashSpeedAchievementListener","IsAvailable","System.Boolean","False","False","1","2A","","True"
"Assembly-CSharp.dll","MaxCrashSpeedAchievementListener","Prerace","System.Void","False","False","1","2A","","False"
"Assembly-CSharp.dll","MaxCrashSpeedAchievementListener","Postrace","System.Void","False","False","1","2A","","False"
"Assembly-CSharp.dll","MaxCrashSpeedAchievementListener","Reward","System.Void","False","False","1","2A","","False"
"Assembly-CSharp.dll","MaxCrashSpeedAchievementListener","CheckMaxCrashSpeedCoroutine","System.Collections.IEnumerator","False","False","1","2A","","True"
"Assembly-CSharp.dll","MaxCrashSpeedAchievementListener","Start","System.Void","False","False","1","2A","","False"
"Assembly-CSharp.dll","MetaMissionGroupAchievementListener","IsAvailable","System.Boolean","False","False","1","2A","","True"
"Assembly-CSharp.dll","MetaMissionGroupAchievementListener","Prerace","System.Void","False","False","1","2A","","False"
"Assembly-CSharp.dll","MetaMissionGroupAchievementListener","Postrace","System.Void","False","False","1","2A","","False"
"Assembly-CSharp.dll","MetaMissionGroupAchievementListener","Reward","System.Void","False","False","1","2A","","False"
"Assembly-CSharp.dll","MetaMissionGroupAchievementListener","CheckCompletionCoroutine","System.Collections.IEnumerator","False","False","1","2A","","True"
"Assembly-CSharp.dll","MetaMissionGroupAchievementListener","Start","System.Void","False","False","1","2A","","False"
"Assembly-CSharp.dll","PickupCoinsPerRaceAchievementListener","Start","System.Void","False","False","1","2A","","False"
"Assembly-CSharp.dll","PickupCoinsPerRaceAchievementListener","Update","System.Void","False","False","1","2A","","False"
"Assembly-CSharp.dll","PickupCoinsPerRaceAchievementListener","IsAvailable","System.Boolean","False","False","1","2A","","True"
"Assembly-CSharp.dll","PickupCoinsPerRaceAchievementListener","Prerace","System.Void","False","False","1","2A","","False"
"Assembly-CSharp.dll","PickupCoinsPerRaceAchievementListener","CheckMetricsPump","System.Collections.IEnumerator","False","False","1","2A","","True"
"Assembly-CSharp.dll","PickupCoinsPerRaceAchievementListener","CheckCarMetrics","System.Boolean","False","False","1","2A","","True"
"Assembly-CSharp.dll","PickupCoinsPerRaceAchievementListener","Postrace","System.Void","False","False","1","2A","","False"
"Assembly-CSharp.dll","PickupCoinsPerRaceAchievementListener","Reward","System.Void","False","False","1","2A","","False"
"Assembly-CSharp.dll","PlaceWithNoPowerupsAchievementListener","Start","System.Void","False","False","1","2A","","False"
"Assembly-CSharp.dll","PlaceWithNoPowerupsAchievementListener","IsAvailable","System.Boolean","False","False","1","2A","","True"
"Assembly-CSharp.dll","PlaceWithNoPowerupsAchievementListener","Update","System.Void","False","False","1","2A","","False"
"Assembly-CSharp.dll","PlaceWithNoPowerupsAchievementListener","Prerace","System.Void","False","False","1","2A","","False"
"Assembly-CSharp.dll","PlaceWithNoPowerupsAchievementListener","Postrace","System.Void","False","False","1","2A","","False"
"Assembly-CSharp.dll","PlaceWithNoPowerupsAchievementListener","Reward","System.Void","False","False","1","2A","","False"
"Assembly-CSharp.dll","PlaceWithNoPowerupsAchievementListener","CheckPowerupPass","System.Boolean","False","False","1","2A","","True"
"Assembly-CSharp.dll","PowerSlideBoostAchievementListener","Start","System.Void","False","False","1","2A","","False"
"Assembly-CSharp.dll","PowerSlideBoostAchievementListener","Update","System.Void","False","False","1","2A","","False"
"Assembly-CSharp.dll","PowerSlideBoostAchievementListener","IsAvailable","System.Boolean","False","False","1","2A","","True"
"Assembly-CSharp.dll","PowerSlideBoostAchievementListener","CheckMetricsPump","System.Collections.IEnumerator","False","False","1","2A","","True"
"Assembly-CSharp.dll","PowerSlideBoostAchievementListener","CheckMetrics","System.Boolean","False","False","1","2A","","True"
"Assembly-CSharp.dll","PowerSlideBoostAchievementListener","Postrace","System.Void","False","False","1","2A","","False"
"Assembly-CSharp.dll","PowerSlideBoostAchievementListener","Prerace","System.Void","False","False","1","2A","","False"
"Assembly-CSharp.dll","PowerSlideBoostAchievementListener","Reward","System.Void","False","False","1","2A","","False"
"Assembly-CSharp.dll","PowerupHitInAirAchievementListener","Start","System.Void","False","False","1","2A","","False"
"Assembly-CSharp.dll","PowerupHitInAirAchievementListener","Update","System.Void","False","False","1","2A","","False"
"Assembly-CSharp.dll","PowerupHitInAirAchievementListener","IsAvailable","System.Boolean","False","False","1","2A","","True"
"Assembly-CSharp.dll","PowerupHitInAirAchievementListener","CheckMetricsPump","System.Collections.IEnumerator","False","False","1","2A","","True"
"Assembly-CSharp.dll","PowerupHitInAirAchievementListener","CheckMetrics","System.Boolean","False","False","1","2A","","True"
"Assembly-CSharp.dll","PowerupHitInAirAchievementListener","Prerace","System.Void","False","False","1","2A","","False"
"Assembly-CSharp.dll","PowerupHitInAirAchievementListener","Postrace","System.Void","False","False","1","2A","","False"
"Assembly-CSharp.dll","PowerupHitInAirAchievementListener","Reward","System.Void","False","False","1","2A","","False"
"Assembly-CSharp.dll","SpendCoinsOverLifetimeAchievementListener","IsAvailable","System.Boolean","False","False","1","2A","","True"
"Assembly-CSharp.dll","SpendCoinsOverLifetimeAchievementListener","Prerace","System.Void","False","False","1","2A","","False"
"Assembly-CSharp.dll","SpendCoinsOverLifetimeAchievementListener","Postrace","System.Void","False","False","1","2A","","False"
"Assembly-CSharp.dll","SpendCoinsOverLifetimeAchievementListener","Reward","System.Void","False","False","1","2A","","False"
"Assembly-CSharp.dll","SpendCoinsOverLifetimeAchievementListener","CheckSpentCoinsCoroutine","System.Collections.IEnumerator","False","False","1","2A","","True"
"Assembly-CSharp.dll","SpendCoinsOverLifetimeAchievementListener","Start","System.Void","False","False","1","2A","","False"
"Assembly-CSharp.dll","TimeInAirAchievementListener","IsAvailable","System.Boolean","False","False","1","2A","","True"
"Assembly-CSharp.dll","TimeInAirAchievementListener","Prerace","System.Void","False","False","1","2A","","False"
"Assembly-CSharp.dll","TimeInAirAchievementListener","Postrace","System.Void","False","False","1","2A","","False"
"Assembly-CSharp.dll","TimeInAirAchievementListener","Reward","System.Void","False","False","1","2A","","False"
"Assembly-CSharp.dll","TimeInAirAchievementListener","CheckAirTimeCoroutine","System.Collections.IEnumerator","False","False","1","2A","","True"
"Assembly-CSharp.dll","TimeInAirAchievementListener","Start","System.Void","False","False","1","2A","","False"
"Assembly-CSharp.dll","UnlockAchievementListener","Start","System.Void","False","False","1","2A","","False"
"Assembly-CSharp.dll","UnlockAchievementListener","Update","System.Void","False","False","1","2A","","False"
"Assembly-CSharp.dll","UnlockAchievementListener","IsAvailable","System.Boolean","False","False","1","2A","","True"
"Assembly-CSharp.dll","UnlockAchievementListener","CheckUnlocks","System.Collections.IEnumerator","False","False","1","2A","","True"
"Assembly-CSharp.dll","UnlockAchievementListener","UnlockCheck","System.Boolean","False","False","1","2A","","True"
"Assembly-CSharp.dll","UnlockAchievementListener","Prerace","System.Void","False","False","1","2A","","False"
"Assembly-CSharp.dll","UnlockAchievementListener","Postrace","System.Void","False","False","1","2A","","False"
"Assembly-CSharp.dll","UnlockAchievementListener","Reward","System.Void","False","False","1","2A","","False"
"Assembly-CSharp.dll","UseAPowerupAchievementListener","Start","System.Void","False","False","1","2A","","False"
"Assembly-CSharp.dll","UseAPowerupAchievementListener","Update","System.Void","False","False","1","2A","","False"
"Assembly-CSharp.dll","UseAPowerupAchievementListener","CheckCarMetrics","System.Boolean","False","False","1","2A","","True"
"Assembly-CSharp.dll","UseAPowerupAchievementListener","PowerupUseCheckPump","System.Collections.IEnumerator","False","False","1","2A","","True"
"Assembly-CSharp.dll","UseAPowerupAchievementListener","IsAvailable","System.Boolean","False","False","1","2A","","True"
"Assembly-CSharp.dll","UseAPowerupAchievementListener","Prerace","System.Void","False","False","1","2A","","False"
"Assembly-CSharp.dll","UseAPowerupAchievementListener","Postrace","System.Void","False","False","1","2A","","False"
"Assembly-CSharp.dll","UseAPowerupAchievementListener","Reward","System.Void","False","False","1","2A","","False"
"Assembly-CSharp.dll","UsePowerupAgainstOpponentAchievementListener","Start","System.Void","False","False","1","2A","","False"
"Assembly-CSharp.dll","UsePowerupAgainstOpponentAchievementListener","Update","System.Void","False","False","1","2A","","False"
"Assembly-CSharp.dll","UsePowerupAgainstOpponentAchievementListener","CheckMetricsPump","System.Collections.IEnumerator","False","False","1","2A","","True"
"Assembly-CSharp.dll","UsePowerupAgainstOpponentAchievementListener","CheckMetrics","System.Boolean","False","False","1","2A","","True"
"Assembly-CSharp.dll","UsePowerupAgainstOpponentAchievementListener","IsAvailable","System.Boolean","False","False","1","2A","","True"
"Assembly-CSharp.dll","UsePowerupAgainstOpponentAchievementListener","Prerace","System.Void","False","False","1","2A","","False"
"Assembly-CSharp.dll","UsePowerupAgainstOpponentAchievementListener","Postrace","System.Void","False","False","1","2A","","False"
"Assembly-CSharp.dll","UsePowerupAgainstOpponentAchievementListener","Reward","System.Void","False","False","1","2A","","False"
"Assembly-CSharp.dll","AnimatedTexture","Start","System.Void","False","False","1","2A","","False"
"Assembly-CSharp.dll","AnimatedTexture","Update","System.Void","False","False","1","2A","","False"
"Assembly-CSharp.dll","AnimatedTexture","UpdateTexture","System.Collections.IEnumerator","False","False","1","2A","","True"
"Assembly-CSharp.dll","AnimationDriver","get_Item","UnityEngine.AnimationState","False","False","1","2A","","True"
"Assembly-CSharp.dll","AnimationDriver","SetAnimationTarget","System.Void","False","False","1","2A","","False"
"Assembly-CSharp.dll","AnimationDriver","Update","System.Void","False","False","1","2A","","False"
"Assembly-CSharp.dll","AnimationDriver","Play","System.Void","False","False","1","2A","","False"
"Assembly-CSharp.dll","AnimationDriver","CrossFadeToNewAnimation","System.Collections.IEnumerator","False","False","1","2A","","True"
"Assembly-CSharp.dll","AnimationDriver","Blend","System.Void","False","False","1","2A","","False"
"Assembly-CSharp.dll","AnimationDriver","Lean","System.Void","False","False","1","2A","","False"
"Assembly-CSharp.dll","AnimationTire","Start","System.Void","False","False","1","2A","","False"
"Assembly-CSharp.dll","AnimationTire","Update","System.Void","False","False","1","2A","","False"
"Assembly-CSharp.dll","FollowCamera","NoCarUpdate","System.Void","False","False","1","2A","","False"
"Assembly-CSharp.dll","FollowCamera","WithCarUpdate","System.Void","False","False","1","2A","","False"
"Assembly-CSharp.dll","FollowCamera","CrashCamUpdate","System.Void","False","False","1","2A","","False"
"Assembly-CSharp.dll","FollowCamera","Start","System.Void","False","False","1","2A","","False"
"Assembly-CSharp.dll","FollowCamera","FixedUpdate","System.Void","False","False","1","2A","","False"
"Assembly-CSharp.dll","FollowCamera","SetCrashCam","System.Void","False","False","1","2A","","False"
"Assembly-CSharp.dll","PreRaceCamera","SetNextTargetIndex","System.Void","False","False","1","2A","","False"
"Assembly-CSharp.dll","PreRaceCamera","Update","System.Void","False","False","1","2A","","False"
"Assembly-CSharp.dll","PreRaceCamera","Awake","System.Void","False","False","1","2A","","False"
"Assembly-CSharp.dll","PreRaceCamera","FixedUpdate","System.Void","False","False","1","2A","","False"
"Assembly-CSharp.dll","PreRaceCamera","StartCamera","System.Void","False","False","1","2A","","False"
"Assembly-CSharp.dll","PreRaceCamera","ShutdownPreRace","System.Void","False","False","1","2A","","False"
"Assembly-CSharp.dll","PreRaceCamera","OnDrawGizmos","System.Void","False","False","1","2A","","False"
"Assembly-CSharp.dll","CarCollider","get_EngineAudioSource","UnityEngine.AudioSource","False","False","1","2A","","True"
"Assembly-CSharp.dll","CarCollider","get_isCarLocked","System.Boolean","False","False","1","2A","","True"
"Assembly-CSharp.dll","CarCollider","set_isCarLocked","System.Void","False","False","1","2A","","False"
"Assembly-CSharp.dll","CarCollider","get_EffectMgr","EffectManager","False","False","1","2A","","True"
"Assembly-CSharp.dll","CarCollider","get_isDrifting","System.Boolean","False","False","1","2A","","True"
"Assembly-CSharp.dll","CarCollider","get_PowerSlideTimer","System.Single","False","False","1","2A","","True"
"Assembly-CSharp.dll","CarCollider","get_isPowerSlideQueued","System.Boolean","False","False","1","2A","","True"
"Assembly-CSharp.dll","CarCollider","get_isInAir","System.Boolean","False","False","1","2A","","True"
"Assembly-CSharp.dll","CarCollider","OnEnable","System.Void","False","False","1","2A","","False"
"Assembly-CSharp.dll","CarCollider","OnDisable","System.Void","False","False","1","2A","","False"
"Assembly-CSharp.dll","CarCollider","CarUpdatePump","System.Collections.IEnumerator","False","False","1","2A","","True"
"Assembly-CSharp.dll","CarCollider","Start","System.Void","False","False","1","2A","","False"
"Assembly-CSharp.dll","CarCollider","PauseSounds","System.Void","False","False","1","2A","","False"
"Assembly-CSharp.dll","CarCollider","Update","System.Void","False","False","1","2A","","False"
"Assembly-CSharp.dll","CarCollider","FixedUpdate","System.Void","False","False","1","2A","","False"
"Assembly-CSharp.dll","CarCollider","CheckForCatchUp","System.Void","False","False","1","2A","","False"
"Assembly-CSharp.dll","CarCollider","ApplyAcceleration","System.Void","False","False","1","2A","","False"
"Assembly-CSharp.dll","CarCollider","ApplyTurning","System.Void","False","False","1","2A","","False"
"Assembly-CSharp.dll","CarCollider","ApplyDrift","System.Void","False","False","1","2A","","False"
"Assembly-CSharp.dll","CarCollider","RaceInitFinished","System.Void","False","False","1","2A","","False"
"Assembly-CSharp.dll","CarCollider","SetEngineSoundState","System.Void","False","False","1","2A","","False"
"Assembly-CSharp.dll","CarCollider","GetActualAcceleration","System.Single","False","False","1","2A","","True"
"Assembly-CSharp.dll","CarCollider","GetActualCollisionMass","System.Single","False","False","1","2A","","True"
"Assembly-CSharp.dll","CarCollider","GetActualCollisionRestitution","System.Single","False","False","1","2A","","True"
"Assembly-CSharp.dll","CarCollider","GetActualMaxSpeed","System.Single","False","False","1","2A","","True"
"Assembly-CSharp.dll","CarCollider","GetActualHandling","System.Single","False","False","1","2A","","True"
"Assembly-CSharp.dll","CarCollider","DoGroundCollision","System.Void","False","False","1","2A","","False"
"Assembly-CSharp.dll","CarCollider","DoAcceleration","System.Void","False","False","1","2A","","False"
"Assembly-CSharp.dll","CarCollider","DoMovement","System.Void","False","False","1","2A","","False"
"Assembly-CSharp.dll","CarCollider","PlayRandomCollisionSound","System.Void","False","False","1","2A","","False"
"Assembly-CSharp.dll","CarCollider","DoGimpedMovement","System.Void","False","False","1","2A","","False"
"Assembly-CSharp.dll","CarCollider","CheckForStall","System.Void","False","False","1","2A","","False"
"Assembly-CSharp.dll","CarCollider","DoResetCarOnTrack","System.Void","False","False","1","2A","","False"
"Assembly-CSharp.dll","CarCollider","DoResetCarOnTrack","System.Void","False","False","1","2A","","False"
"Assembly-CSharp.dll","CarCollider","DoTireDrag","System.Void","False","False","1","2A","","False"
"Assembly-CSharp.dll","CarCollider","DoRoadBoundaries","System.Void","False","False","1","2A","","False"
"Assembly-CSharp.dll","CarCollider","DoPowerSlideCheck","System.Void","False","False","1","2A","","False"
"Assembly-CSharp.dll","CarCollider","DoWrongWayCheck","System.Void","False","False","1","2A","","False"
"Assembly-CSharp.dll","CarCollider","GetVelocity","UnityEngine.Vector3","False","False","1","2A","","True"
"Assembly-CSharp.dll","CarCollider","TransformVelocity","System.Void","False","False","1","2A","","False"
"Assembly-CSharp.dll","CarCollider","GetAccel","UnityEngine.Vector3","False","False","1","2A","","True"
"Assembly-CSharp.dll","CarCollider","DecrementInputBlock","System.Void","False","False","1","2A","","False"
"Assembly-CSharp.dll","CarCollider","IncrementInputBlock","System.Void","False","False","1","2A","","False"
"Assembly-CSharp.dll","CarCollider","InputBlocked","System.Boolean","False","False","1","2A","","True"
"Assembly-CSharp.dll","CarCollider","IsShielded","System.Boolean","False","False","1","2A","","True"
"Assembly-CSharp.dll","CarCollider","OnDrawGizmos","System.Void","False","False","1","2A","","False"
"Assembly-CSharp.dll","CarCollider","SetupAudioStuff","System.Void","False","False","1","2A","","False"
"Assembly-CSharp.dll","CharacterConfigData","get_Instance","CharacterConfigData","False","False","1","2A","","True"
"Assembly-CSharp.dll","CharacterConfigData","ProcXML","System.Void","False","False","1","2A","","False"
"Assembly-CSharp.dll","CharacterConfigData","LoadDefaultConfig","System.Void","False","False","1","2A","","False"
"Assembly-CSharp.dll","CharacterConfigData","LoadWebConfig","System.Collections.IEnumerator","False","False","1","2A","","True"
"Assembly-CSharp.dll","CharacterConfigData","OnExternalArchiveRead","System.Void","False","False","1","2A","","False"
"Assembly-CSharp.dll","CharacterConfigData","OnEnable","System.Void","False","False","1","2A","","False"
"Assembly-CSharp.dll","CharacterConfigData","OnDisable","System.Void","False","False","1","2A","","False"
"Assembly-CSharp.dll","CharacterConfigData","Start","System.Void","False","False","1","2A","","False"
"Assembly-CSharp.dll","CharacterConfigData","GetCharacterCost","System.Int32","False","False","1","2A","","True"
"Assembly-CSharp.dll","CharacterConfigData","GetCharacterIsSyncable","System.Boolean","False","False","1","2A","","True"
"Assembly-CSharp.dll","CharacterConfigData","GetCharacterMessage","System.String","False","False","1","2A","","True"
"Assembly-CSharp.dll","CharacterConfigData","GetCharacterUnlockString","System.String","False","False","1","2A","","True"
"Assembly-CSharp.dll","CompositeProfile","FindSlotByName","CompositeProfile+CompositeSlot","False","False","1","2A","","True"
"Assembly-CSharp.dll","CompositeProfile","SetSlotSource","System.Void","False","False","1","2A","","False"
"Assembly-CSharp.dll","CompositeTextureUtil","ColorMultiply","UnityEngine.Color32[]","False","False","1","2A","","True"
"Assembly-CSharp.dll","CompositeTextureUtil","AlphaBlendColor32","UnityEngine.Color32","False","False","1","2A","","True"
"Assembly-CSharp.dll","CompositeTextureUtil","BlitPixels","UnityEngine.Color32[]","False","False","1","2A","","True"
"Assembly-CSharp.dll","CompositeTextureUtil","MergeLayers","UnityEngine.Texture2D","False","False","1","2A","","True"
"Assembly-CSharp.dll","CompositeTextureUtil","BlitToCachedTexture","UnityEngine.Texture2D","False","False","1","2A","","True"
"Assembly-CSharp.dll","CompositeTextureUtil","GenerateCompositeTexture","UnityEngine.Texture2D","False","False","1","2A","","True"
"Assembly-CSharp.dll","CompositeTextureUtil+AsyncTextureProcessor","GenerateCompositeTextureAsync","System.Collections.IEnumerator","False","False","1","2A","","True"
"Assembly-CSharp.dll","MultilayerTexture","FindLayerByName","MultilayerTexture+Layer","False","False","1","2A","","True"
"Assembly-CSharp.dll","MultilayerTexture","ComposeTexture","UnityEngine.Texture2D","False","False","1","2A","","True"
"Assembly-CSharp.dll","MultilayerTexture","SetLayerTexture","System.Void","False","False","1","2A","","False"
"Assembly-CSharp.dll","MultilayerTexture","SetLayerColor","System.Void","False","False","1","2A","","False"
"Assembly-CSharp.dll","StreamedMultilayerTexture","PrepareMultilayerTexture","MultilayerTexture","False","False","1","2A","","True"
"Assembly-CSharp.dll","StreamedMultilayerTexture","RequestAssets","System.Void","False","False","1","2A","","False"
"Assembly-CSharp.dll","StreamedMultilayerTexture","ReleaseAssets","System.Void","False","False","1","2A","","False"
"Assembly-CSharp.dll","StreamedMultilayerTexture","IsLoaded","System.Boolean","False","False","1","2A","","True"
"Assembly-CSharp.dll","AlternateForm","IndexOf","System.Int32","False","False","1","2A","","True"
"Assembly-CSharp.dll","AlternateForm","FindFirstWithForm","CartPart","False","False","1","2A","","True"
"Assembly-CSharp.dll","AlternateForm","GetBodyForm","AlternateForm+BodyForm","False","False","1","2A","","True"
"Assembly-CSharp.dll","CartAttributes","GetSpeedRating","System.Single","False","False","1","2A","","True"
"Assembly-CSharp.dll","CartAttributes","CompareSpeed","System.Single","False","False","1","2A","","True"
"Assembly-CSharp.dll","CartAttributes","GetAccelerationRating","System.Single","False","False","1","2A","","True"
"Assembly-CSharp.dll","CartAttributes","CompareAcceleration","System.Single","False","False","1","2A","","True"
"Assembly-CSharp.dll","CartAttributes","GetHandlingRating","System.Single","False","False","1","2A","","True"
"Assembly-CSharp.dll","CartAttributes","CompareHandlingRating","System.Single","False","False","1","2A","","True"
"Assembly-CSharp.dll","CartAttributes","GetPowerSlideRating","System.Single","False","False","1","2A","","True"
"Assembly-CSharp.dll","CartAttributes","ComparePowerSlide","System.Single","False","False","1","2A","","True"
"Assembly-CSharp.dll","CartAttributes","get_MaxAttributes","CartAttributes","False","False","1","2A","","True"
"Assembly-CSharp.dll","CartAttributes","get_MinAttributes","CartAttributes","False","False","1","2A","","True"
"Assembly-CSharp.dll","CartAttributes","op_Addition","CartAttributes","False","False","1","2A","","True"
"Assembly-CSharp.dll","CartAttributes","op_Subtraction","CartAttributes","False","False","1","2A","","True"
"Assembly-CSharp.dll","CartPart","get_IsLocked","System.Boolean","False","False","1","2A","","True"
"Assembly-CSharp.dll","CartPart","get_AreAllAlternateFormsLocked","System.Boolean","False","False","1","2A","","True"
"Assembly-CSharp.dll","CartPart","get_bodyFormType","AlternateForm+BodyForm","False","False","1","2A","","True"
"Assembly-CSharp.dll","CartPart","GetAlternatePartOfForm","CartPart","False","False","1","2A","","True"
"Assembly-CSharp.dll","CartPartList","GetInstance","CartPartList","False","False","1","2A","","True"
"Assembly-CSharp.dll","CartPartList","LoadPartCosts","System.Void","False","False","1","2A","","False"
"Assembly-CSharp.dll","CartPartList","ModifyPartCostsCoroutine","System.Collections.IEnumerator","False","False","1","2A","","True"
"Assembly-CSharp.dll","CartPartList","OnExternalArchiveRead","System.Void","False","False","1","2A","","False"
"Assembly-CSharp.dll","CartPartList","OnEnable","System.Void","False","False","1","2A","","False"
"Assembly-CSharp.dll","CartPartList","OnDisable","System.Void","False","False","1","2A","","False"
"Assembly-CSharp.dll","CartPartList","Start","System.Void","False","False","1","2A","","False"
"Assembly-CSharp.dll","CartPartList","CartPartListExists","System.Boolean","False","False","1","2A","","True"
"Assembly-CSharp.dll","CartPartList","GetAllParts","CartPart[]","False","False","1","2A","","True"
"Assembly-CSharp.dll","CartPartList","GetPart","CartPart","False","False","1","2A","","True"
"Assembly-CSharp.dll","CartPartList","GetSlotPartList","CartPart[]","False","False","1","2A","","True"
"Assembly-CSharp.dll","CartPartList","GetDefaultParts","CartPart[]","False","False","1","2A","","True"
"Assembly-CSharp.dll","CartPartList","GetAllPaintJobs","PaintJob[]","False","False","1","2A","","True"
"Assembly-CSharp.dll","CartPartList","GetPaintJob","PaintJob","False","False","1","2A","","True"
"Assembly-CSharp.dll","CartPartList","GetSlotPaintJobList","PaintJob[]","False","False","1","2A","","True"
"Assembly-CSharp.dll","CartPartList","GetNextPurchasablePartForSlot","CartPart","False","False","1","2A","","True"
"Assembly-CSharp.dll","CartPartList","GetMostExpensiveAffordablePart","CartPart","False","False","1","2A","","True"
"Assembly-CSharp.dll","CartPartList","GetMostExpensiveUnlockableAffordablePart","CartPart","False","False","1","2A","","True"
"Assembly-CSharp.dll","CartPrimaryTextureProfile","get_profile","CompositeProfile","False","False","1","2A","","True"
"Assembly-CSharp.dll","CartPrimaryTextureProfile","Awake","System.Void","False","False","1","2A","","False"
"Assembly-CSharp.dll","CartSlot","get_name","System.String","False","False","1","2A","","True"
"Assembly-CSharp.dll","CartSlot","get_targetGameObjectName","System.String","False","False","1","2A","","True"
"Assembly-CSharp.dll","CartSlot","get_required","System.Boolean","False","False","1","2A","","True"
"Assembly-CSharp.dll","CartSlot","GetSlotName","System.String","False","False","1","2A","","True"
"Assembly-CSharp.dll","CartSlot","GetSlotTargetGameObjectName","System.String","False","False","1","2A","","True"
"Assembly-CSharp.dll","CartSlot","GetIsSlotRequired","System.Boolean","False","False","1","2A","","True"
"Assembly-CSharp.dll","CartSlot","GetCustomizerCameraTarget","UnityEngine.Vector3","False","False","1","2A","","True"
"Assembly-CSharp.dll","CartSlot","GetCustomizerCameraPosition","UnityEngine.Vector3","False","False","1","2A","","True"
"Assembly-CSharp.dll","PaintJob","GetTexture","UnityEngine.Texture2D","False","False","1","2A","","True"
"Assembly-CSharp.dll","PlayerInstance","get_Instance","PlayerInstance","False","False","1","2A","","True"
"Assembly-CSharp.dll","PlayerInstance","Awake","System.Void","False","False","1","2A","","False"
"Assembly-CSharp.dll","PlayerInstance","Start","System.Void","False","False","1","2A","","False"
"Assembly-CSharp.dll","PlayerInstance","Bootstrap","System.Void","False","False","1","2A","","False"
"Assembly-CSharp.dll","PlayerInstance","GetCartSlot","CartSlot","False","False","1","2A","","True"
"Assembly-CSharp.dll","PlayerInstance","GetConstructedCart","UnityEngine.GameObject","False","False","1","2A","","True"
"Assembly-CSharp.dll","PlayerInstance","ConstructCart","System.Collections.IEnumerator","False","False","1","2A","","True"
"Assembly-CSharp.dll","PlayerInstance","MatchAlternateForms","System.Void","False","False","1","2A","","False"
"Assembly-CSharp.dll","PlayerInstance","ReleaseCart","System.Void","False","False","1","2A","","False"
"Assembly-CSharp.dll","CarSnapShot","AddToEffectList","System.Void","False","False","1","2A","","False"
"Assembly-CSharp.dll","CarSnapShot","AddEffectToPowerUpholder","System.Void","False","False","1","2A","","False"
"Assembly-CSharp.dll","SnapShotInfo","AddCarSnap","System.Void","False","False","1","2A","","False"
"Assembly-CSharp.dll","SnapShotInfo","DebugDump","System.Void","False","False","1","2A","","False"
"Assembly-CSharp.dll","LocalOptionsData","Save","System.Void","False","False","1","2A","","False"
"Assembly-CSharp.dll","LocalOptionsData","Load","System.Void","False","False","1","2A","","False"
"Assembly-CSharp.dll","CloudSaveData","get_CurrentCloudSaveDataVersion","System.Int32","False","False","1","2A","","True"
"Assembly-CSharp.dll","DataUtility","get_Instance","DataUtility","False","False","1","2A","","True"
"Assembly-CSharp.dll","DataUtility","get_Exists","System.Boolean","False","False","1","2A","","True"
"Assembly-CSharp.dll","DataUtility","Awake","System.Void","False","False","1","2A","","False"
"Assembly-CSharp.dll","DataUtility","get_playerCoins","System.Int32","False","False","1","2A","","True"
"Assembly-CSharp.dll","DataUtility","get_PopupDone","System.Boolean","False","False","1","2A","","True"
"Assembly-CSharp.dll","DataUtility","set_PopupDone","System.Void","False","False","1","2A","","False"
"Assembly-CSharp.dll","DataUtility","get_CurSettings","RaceSettings","False","False","1","2A","","True"
"Assembly-CSharp.dll","DataUtility","set_CurSettings","System.Void","False","False","1","2A","","False"
"Assembly-CSharp.dll","DataUtility","DoActualPurchase","System.Void","False","False","1","2A","","False"
"Assembly-CSharp.dll","DataUtility","IsUnlocked","System.Boolean","False","False","1","2A","","True"
"Assembly-CSharp.dll","DataUtility","iCloudDataChanged","System.Void","False","False","1","2A","","False"
"Assembly-CSharp.dll","DataUtility","Unlock","System.Void","False","False","1","2A","","False"
"Assembly-CSharp.dll","DataUtility","Relock","System.Void","False","False","1","2A","","False"
"Assembly-CSharp.dll","DataUtility","SetCartPart","System.Void","False","False","1","2A","","False"
"Assembly-CSharp.dll","DataUtility","SetCartPaint","System.Void","False","False","1","2A","","False"
"Assembly-CSharp.dll","DataUtility","IsCurrentPaint","System.Boolean","False","False","1","2A","","True"
"Assembly-CSharp.dll","DataUtility","Load","System.Void","False","False","1","2A","","False"
"Assembly-CSharp.dll","DataUtility","Save","System.Void","False","False","1","2A","","False"
"Assembly-CSharp.dll","DataUtility","BuyItem","System.Boolean","False","False","1","2A","","True"
"Assembly-CSharp.dll","DataUtility","AddPlayerMoney","System.Void","False","False","1","2A","","False"
"Assembly-CSharp.dll","DataUtility","AddPlayerMoney","System.Void","False","False","1","2A","","False"
"Assembly-CSharp.dll","DataUtility","PurchaseCoinsFromStoreKit","System.Void","False","False","1","2A","","False"
"Assembly-CSharp.dll","DataUtility","SetupItemsForPurchase","System.Void","False","False","1","2A","","False"
"Assembly-CSharp.dll","DataUtility","PurchaseFailed","System.Void","False","False","1","2A","","False"
"Assembly-CSharp.dll","DataUtility","PurchaseSuccessful","System.Void","False","False","1","2A","","False"
"Assembly-CSharp.dll","DataUtility","StartStorePurchase","System.Collections.IEnumerator","False","False","1","2A","","True"
"Assembly-CSharp.dll","DataUtility","FinalizeStore","System.Void","False","False","1","2A","","False"
"Assembly-CSharp.dll","DataUtility","FinalizePurchase","System.Collections.IEnumerator","False","False","1","2A","","True"
"Assembly-CSharp.dll","DataUtility","ProductListRecieved","System.Void","False","False","1","2A","","False"
"Assembly-CSharp.dll","DataUtility","ProductListRequestFailed","System.Void","False","False","1","2A","","False"
"Assembly-CSharp.dll","DataUtility","AddSnapshot","System.Int32","False","False","1","2A","","True"
"Assembly-CSharp.dll","DataUtility","GetSnapshot","SnapShotInfo","False","False","1","2A","","True"
"Assembly-CSharp.dll","DataUtility","CleanupSnapShots","System.Void","False","False","1","2A","","False"
"Assembly-CSharp.dll","DataUtility","CleanupAllSnapShots","System.Void","False","False","1","2A","","False"
"Assembly-CSharp.dll","DataUtility","Start","System.Void","False","False","1","2A","","False"
"Assembly-CSharp.dll","DataUtility","OnEnable","System.Void","False","False","1","2A","","False"
"Assembly-CSharp.dll","DataUtility","OnDisable","System.Void","False","False","1","2A","","False"
"Assembly-CSharp.dll","DataUtility","OnApplicationPause","System.Void","False","False","1","2A","","False"
"Assembly-CSharp.dll","DataUtility","OnApplicationQuit","System.Void","False","False","1","2A","","False"
"Assembly-CSharp.dll","DataUtility","JCloudDataDidChangeExternally","System.Void","False","False","1","2A","","False"
"Assembly-CSharp.dll","DataUtility","PrependBundlePath","System.String","False","False","1","2A","","True"
"Assembly-CSharp.dll","DataUtility","gcPlayerAuthenticated","System.Void","False","False","1","2A","","False"
"Assembly-CSharp.dll","DataUtility","gcPlayerAuthenticateFailed","System.Void","False","False","1","2A","","False"
"Assembly-CSharp.dll","DataUtility","gcDisplayReportedAchievement","System.Void","False","False","1","2A","","False"
"Assembly-CSharp.dll","DataUtility","gcReportAchievementFailed","System.Void","False","False","1","2A","","False"
"Assembly-CSharp.dll","DataUtility","<ProductListRecieved>m__4","System.Int32","False","False","1","2A","","True"
"Assembly-CSharp.dll","LifetimeMetrics","get_Item","System.Single","False","False","1","2A","","True"
"Assembly-CSharp.dll","LifetimeMetrics","ContainsKey","System.Boolean","False","False","1","2A","","True"
"Assembly-CSharp.dll","LifetimeMetrics","Save","System.Void","False","False","1","2A","","False"
"Assembly-CSharp.dll","LifetimeMetrics","Load","System.Void","False","False","1","2A","","False"
"Assembly-CSharp.dll","LifetimeMetrics","Signal","System.Void","False","False","1","2A","","False"
"Assembly-CSharp.dll","LifetimeMetrics","Signal","System.Void","False","False","1","2A","","False"
"Assembly-CSharp.dll","LifetimeMetrics","SetMetric","System.Void","False","False","1","2A","","False"
"Assembly-CSharp.dll","LifetimeMetrics","DebugDump","System.Void","False","False","1","2A","","False"
"Assembly-CSharp.dll","BaseMission","Init","System.Void","True","False","0","","","False"
"Assembly-CSharp.dll","BaseMission","Update","System.Void","True","False","0","","","False"
"Assembly-CSharp.dll","BaseMission","Shutdown","System.Void","True","False","0","","","False"
"Assembly-CSharp.dll","BaseMission","Signal","System.Void","True","False","0","","","False"
"Assembly-CSharp.dll","BaseMission","Signal","System.Void","True","False","0","","","False"
"Assembly-CSharp.dll","BaseMission","GetHasArrow","System.Boolean","False","False","1","2A","","True"
"Assembly-CSharp.dll","BaseMission","GetTaskDisplay","System.String","False","False","1","2A","","True"
"Assembly-CSharp.dll","BaseMission","GetCurrentMissionName","System.String","False","False","1","2A","","True"
"Assembly-CSharp.dll","BaseMission","GetCurrentUntranslatedMissionName","System.String","False","False","1","2A","","True"
"Assembly-CSharp.dll","BrakeMission","Init","System.Void","False","False","1","2A","","False"
"Assembly-CSharp.dll","BrakeMission","Update","System.Void","False","False","1","2A","","False"
"Assembly-CSharp.dll","BrakeMission","Shutdown","System.Void","False","False","1","2A","","False"
"Assembly-CSharp.dll","BrakeMission","Signal","System.Void","False","False","1","2A","","False"
"Assembly-CSharp.dll","BrakeMission","Signal","System.Void","False","False","1","2A","","False"
"Assembly-CSharp.dll","BuyPowerupMission","Start","System.Void","False","False","1","2A","","False"
"Assembly-CSharp.dll","BuyPowerupMission","Init","System.Void","False","False","1","2A","","False"
"Assembly-CSharp.dll","BuyPowerupMission","Shutdown","System.Void","False","False","1","2A","","False"
"Assembly-CSharp.dll","BuyPowerupMission","Update","System.Void","False","False","1","2A","","False"
"Assembly-CSharp.dll","BuyPowerupMission","Signal","System.Void","False","False","1","2A","","False"
"Assembly-CSharp.dll","BuyPowerupMission","Signal","System.Void","False","False","1","2A","","False"
"Assembly-CSharp.dll","CollectPowerupMission","Init","System.Void","False","False","1","2A","","False"
"Assembly-CSharp.dll","CollectPowerupMission","Update","System.Void","False","False","1","2A","","False"
"Assembly-CSharp.dll","CollectPowerupMission","Shutdown","System.Void","False","False","1","2A","","False"
"Assembly-CSharp.dll","CollectPowerupMission","Signal","System.Void","False","False","1","2A","","False"
"Assembly-CSharp.dll","CollectPowerupMission","Signal","System.Void","False","False","1","2A","","False"
"Assembly-CSharp.dll","CombinePowerupMission","Start","System.Void","False","False","1","2A","","False"
"Assembly-CSharp.dll","CombinePowerupMission","Init","System.Void","False","False","1","2A","","False"
"Assembly-CSharp.dll","CombinePowerupMission","Update","System.Void","False","False","1","2A","","False"
"Assembly-CSharp.dll","CombinePowerupMission","Shutdown","System.Void","False","False","1","2A","","False"
"Assembly-CSharp.dll","CombinePowerupMission","Signal","System.Void","False","False","1","2A","","False"
"Assembly-CSharp.dll","CombinePowerupMission","Signal","System.Void","False","False","1","2A","","False"
"Assembly-CSharp.dll","DriftMission","Init","System.Void","False","False","1","2A","","False"
"Assembly-CSharp.dll","DriftMission","Update","System.Void","False","False","1","2A","","False"
"Assembly-CSharp.dll","DriftMission","Shutdown","System.Void","False","False","1","2A","","False"
"Assembly-CSharp.dll","DriftMission","Signal","System.Void","False","False","1","2A","","False"
"Assembly-CSharp.dll","DriftMission","Signal","System.Void","False","False","1","2A","","False"
"Assembly-CSharp.dll","FinishTheLapMission","Init","System.Void","False","False","1","2A","","False"
"Assembly-CSharp.dll","FinishTheLapMission","Update","System.Void","False","False","1","2A","","False"
"Assembly-CSharp.dll","FinishTheLapMission","Shutdown","System.Void","False","False","1","2A","","False"
"Assembly-CSharp.dll","FinishTheLapMission","Signal","System.Void","False","False","1","2A","","False"
"Assembly-CSharp.dll","FinishTheLapMission","Signal","System.Void","False","False","1","2A","","False"
"Assembly-CSharp.dll","MissionCollection","Init","System.Void","False","False","1","2A","","False"
"Assembly-CSharp.dll","MissionCollection","GetHasArrow","System.Boolean","False","False","1","2A","","True"
"Assembly-CSharp.dll","MissionCollection","Update","System.Void","False","False","1","2A","","False"
"Assembly-CSharp.dll","MissionCollection","Shutdown","System.Void","False","False","1","2A","","False"
"Assembly-CSharp.dll","MissionCollection","Signal","System.Void","False","False","1","2A","","False"
"Assembly-CSharp.dll","MissionCollection","Signal","System.Void","False","False","1","2A","","False"
"Assembly-CSharp.dll","MissionCollection","getCheckCurrentMission","System.Boolean","False","False","1","2A","","True"
"Assembly-CSharp.dll","MissionCollection","setCheckCurrentMission","System.Void","False","False","1","2A","","False"
"Assembly-CSharp.dll","MissionCollection","GetAreThereAnyMissionsLeft","System.Boolean","False","False","1","2A","","True"
"Assembly-CSharp.dll","MissionCollection","GetTaskDisplay","System.String","False","False","1","2A","","True"
"Assembly-CSharp.dll","MissionCollection","GetCurrentMission","BaseMission","False","False","1","2A","","True"
"Assembly-CSharp.dll","MissionManager","GetHasStartedFirstMission","System.Boolean","False","False","1","2A","","True"
"Assembly-CSharp.dll","MissionManager","WaitForNextMission","System.Collections.IEnumerator","False","False","1","2A","","True"
"Assembly-CSharp.dll","MissionManager","Start","System.Void","False","False","1","2A","","False"
"Assembly-CSharp.dll","MissionManager","get_CurrentMissionComplete","System.Boolean","False","False","1","2A","","True"
"Assembly-CSharp.dll","MissionManager","get_AllMissionsComplete","System.Boolean","False","False","1","2A","","True"
"Assembly-CSharp.dll","MissionManager","Update","System.Void","False","False","1","2A","","False"
"Assembly-CSharp.dll","MissionManager","AddMission","System.Void","False","False","1","2A","","False"
"Assembly-CSharp.dll","MissionManager","CompleteMission","System.Void","False","False","1","2A","","False"
"Assembly-CSharp.dll","MissionManager","Signal","System.Void","False","False","1","2A","","False"
"Assembly-CSharp.dll","MissionManager","Signal","System.Void","False","False","1","2A","","False"
"Assembly-CSharp.dll","MissionManager","GetCurrentMission","BaseMission","False","False","1","2A","","True"
"Assembly-CSharp.dll","PauseMission","Init","System.Void","False","False","1","2A","","False"
"Assembly-CSharp.dll","PauseMission","Update","System.Void","False","False","1","2A","","False"
"Assembly-CSharp.dll","PauseMission","Shutdown","System.Void","False","False","1","2A","","False"
"Assembly-CSharp.dll","PauseMission","Signal","System.Void","False","False","1","2A","","False"
"Assembly-CSharp.dll","PauseMission","Signal","System.Void","False","False","1","2A","","False"
"Assembly-CSharp.dll","TurnMission","Init","System.Void","False","False","1","2A","","False"
"Assembly-CSharp.dll","TurnMission","Update","System.Void","False","False","1","2A","","False"
"Assembly-CSharp.dll","TurnMission","Shutdown","System.Void","False","False","1","2A","","False"
"Assembly-CSharp.dll","TurnMission","Signal","System.Void","False","False","1","2A","","False"
"Assembly-CSharp.dll","TurnMission","Signal","System.Void","False","False","1","2A","","False"
"Assembly-CSharp.dll","UsePowerupMission","Init","System.Void","False","False","1","2A","","False"
"Assembly-CSharp.dll","UsePowerupMission","Update","System.Void","False","False","1","2A","","False"
"Assembly-CSharp.dll","UsePowerupMission","Shutdown","System.Void","False","False","1","2A","","False"
"Assembly-CSharp.dll","UsePowerupMission","Signal","System.Void","False","False","1","2A","","False"
"Assembly-CSharp.dll","UsePowerupMission","Signal","System.Void","False","False","1","2A","","False"
"Assembly-CSharp.dll","CharacterVOControllerGameObjectExtender","GetVOController","CharacterVOController","False","False","1","2A","","True"
"Assembly-CSharp.dll","CharacterVOController","PickClip","UnityEngine.AudioClip","False","False","1","2A","","True"
"Assembly-CSharp.dll","CharacterVOController","PlayClip","System.Void","False","False","1","2A","","False"
"Assembly-CSharp.dll","CharacterVOController","PlayCelebrate","System.Void","False","False","1","2A","","False"
"Assembly-CSharp.dll","CharacterVOController","PlayPout","System.Void","False","False","1","2A","","False"
"Assembly-CSharp.dll","CharacterVOController","PlayCharacterSelect","System.Void","False","False","1","2A","","False"
"Assembly-CSharp.dll","Explosion","Start","System.Void","False","False","1","2A","","False"
"Assembly-CSharp.dll","Explosion","Update","System.Void","False","False","1","2A","","False"
"Assembly-CSharp.dll","Explosion","ExplosionDeath","System.Collections.IEnumerator","False","False","1","2A","","True"
"Assembly-CSharp.dll","MusicPlayer","get_Instance","MusicPlayer","False","False","1","2A","","True"
"Assembly-CSharp.dll","MusicPlayer","get_Exists","System.Boolean","False","False","1","2A","","True"
"Assembly-CSharp.dll","MusicPlayer","Start","System.Void","False","False","1","2A","","False"
"Assembly-CSharp.dll","MusicPlayer","Awake","System.Void","False","False","1","2A","","False"
"Assembly-CSharp.dll","MusicPlayer","Update","System.Void","False","False","1","2A","","False"
"Assembly-CSharp.dll","MusicPlayer","PlayMusic","System.Void","False","False","1","2A","","False"
"Assembly-CSharp.dll","MusicPlayer","PlayMusic","System.Void","False","False","1","2A","","False"
"Assembly-CSharp.dll","MusicPlayer","StopMusic","System.Void","False","False","1","2A","","False"
"Assembly-CSharp.dll","MusicPlayer","UpdateVolume","System.Void","False","False","1","2A","","False"
"Assembly-CSharp.dll","MusicPlayer","HijackMusicPlayerForSoundStings","System.Void","False","False","1","2A","","False"
"Assembly-CSharp.dll","MusicPlayer","RestoreVolumeAfterSound","System.Collections.IEnumerator","False","False","1","2A","","True"
"Assembly-CSharp.dll","SoundLibrary","get_Instance","SoundLibrary","False","False","1","2A","","True"
"Assembly-CSharp.dll","SoundLibrary","get_Present","System.Boolean","False","False","1","2A","","True"
"Assembly-CSharp.dll","SoundLibrary","get_SoundBank","SoundLibrary+SoundClipDictionary","False","False","1","2A","","True"
"Assembly-CSharp.dll","SoundLibrary","get_NameToHashBank","SoundLibrary+ClipHashDictionary","False","False","1","2A","","True"
"Assembly-CSharp.dll","SoundLibrary","get_HashToNameBank","SoundLibrary+HashClipDictionary","False","False","1","2A","","True"
"Assembly-CSharp.dll","SoundLibrary","Awake","System.Void","False","False","1","2A","","False"
"Assembly-CSharp.dll","SoundLibrary","GetClip","UnityEngine.AudioClip","False","False","1","2A","","True"
"Assembly-CSharp.dll","SoundLibrary","GetClipHash","System.Int32","False","False","1","2A","","True"
"Assembly-CSharp.dll","SoundLibrary","GetClipName","System.String","False","False","1","2A","","True"
"Assembly-CSharp.dll","SoundLibrary","ManuallyAddClip","System.Void","False","False","1","2A","","False"
"Assembly-CSharp.dll","SoundLibrary","ManuallyRemoveClip","System.Void","False","False","1","2A","","False"
"Assembly-CSharp.dll","SoundLibrary","PlayClipOnSource","UnityEngine.AudioClip","False","False","1","2A","","True"
"Assembly-CSharp.dll","SoundLibrary","PlayOneShotClipOnSource","UnityEngine.AudioClip","False","False","1","2A","","True"
"Assembly-CSharp.dll","SoundLibrary","StopClipOnSource","System.Void","False","False","1","2A","","False"
"Assembly-CSharp.dll","SoundLibrary","GetInstanceOfSource","UnityEngine.AudioSource","False","False","1","2A","","True"
"Assembly-CSharp.dll","SoundLibrary","ButtonClickPlay","System.Void","False","False","1","2A","","False"
"Assembly-CSharp.dll","SoundLibrary","PlayRandomWhoosh","System.Void","False","False","1","2A","","False"
"Assembly-CSharp.dll","SoundLibrary","PlaySoundOnPlayer","System.Void","False","False","1","2A","","False"
"Assembly-CSharp.dll","SoundLibrary","PlaySoundOnCamera","System.Void","False","False","1","2A","","False"
"Assembly-CSharp.dll","SoundLibrary","StopSoundOnCamera","System.Void","False","False","1","2A","","False"
"Assembly-CSharp.dll","SoundLibrary","PauseCameraSound","System.Void","False","False","1","2A","","False"
"Assembly-CSharp.dll","SoundLibrary","Update","System.Void","False","False","1","2A","","False"
"Assembly-CSharp.dll","SoundLibrary+SoundClipDictionary","get_Item","UnityEngine.AudioClip","False","False","1","2A","","True"
"Assembly-CSharp.dll","SoundLibrary+SoundClipDictionary","set_Item","System.Void","False","False","1","2A","","False"
"Assembly-CSharp.dll","SoundLibrary+SoundClipDictionary","get_Count","System.Int32","False","False","1","2A","","True"
"Assembly-CSharp.dll","SoundLibrary+ClipHashDictionary","get_Item","System.Int32","False","False","1","2A","","True"
"Assembly-CSharp.dll","SoundLibrary+ClipHashDictionary","set_Item","System.Void","False","False","1","2A","","False"
"Assembly-CSharp.dll","SoundLibrary+HashClipDictionary","get_Item","System.String","False","False","1","2A","","True"
"Assembly-CSharp.dll","SoundLibrary+HashClipDictionary","set_Item","System.Void","False","False","1","2A","","False"
"Assembly-CSharp.dll","SoundLibraryAddendum","OnEnable","System.Void","False","False","1","2A","","False"
"Assembly-CSharp.dll","SoundLibraryAddendum","OnDisable","System.Void","False","False","1","2A","","False"
"Assembly-CSharp.dll","SoundLibraryAddendum","Dispose","System.Void","False","False","1","2A","","False"
"Assembly-CSharp.dll","SourceFactory","GetSource","UnityEngine.AudioSource","False","False","1","2A","","True"
"Assembly-CSharp.dll","SourceFactory","RecycleSources","System.Void","False","False","1","2A","","False"
"Assembly-CSharp.dll","SourceFactory","GetUsedList","System.Collections.Generic.List`1[[UnityEngine.AudioSource, UnityEngine, Version=0.0.0.0, Culture=neutral, PublicKeyToken=null]]","False","False","1","2A","","True"
"Assembly-CSharp.dll","SourceFactory","Init","System.Void","False","False","1","2A","","False"
"Assembly-CSharp.dll","SourceFactory","SetPriority","System.Void","False","False","1","2A","","False"
"Assembly-CSharp.dll","SoundSequencer","get_isPaused","System.Boolean","False","False","1","2A","","True"
"Assembly-CSharp.dll","SoundSequencer","RequestPlay","System.Int32","False","False","1","2A","","True"
"Assembly-CSharp.dll","SoundSequencer","RequestPlayLoop","System.Void","False","False","1","2A","","False"
"Assembly-CSharp.dll","SoundSequencer","StopLoopingSound","System.Void","False","False","1","2A","","False"
"Assembly-CSharp.dll","SoundSequencer","DetermineSoundsToPlay","System.Void","False","False","1","2A","","False"
"Assembly-CSharp.dll","SoundSequencer","SearchUsedList","System.Boolean","False","False","1","2A","","True"
"Assembly-CSharp.dll","SoundSequencer","GetNewSourceAndPlay","System.Void","False","False","1","2A","","False"
"Assembly-CSharp.dll","SoundSequencer","Awake","System.Void","False","False","1","2A","","False"
"Assembly-CSharp.dll","SoundSequencer","Update","System.Void","False","False","1","2A","","False"
"Assembly-CSharp.dll","SoundSequencer","Recycle","System.Collections.IEnumerator","False","False","1","2A","","True"
"Assembly-CSharp.dll","SoundSequencer","PauseSounds","System.Void","False","False","1","2A","","False"
"Assembly-CSharp.dll","SoundSequencer","UnpauseSounds","System.Void","False","False","1","2A","","False"
"Assembly-CSharp.dll","SoundSequencer","StopSounds","System.Void","False","False","1","2A","","False"
"Assembly-CSharp.dll","SoundSequencer","SetPriority","System.Void","False","False","1","2A","","False"
"Assembly-CSharp.dll","ApplyEffectDebugUtility","Update","System.Void","False","False","1","2A","","False"
"Assembly-CSharp.dll","AutoDestructParticleSystem","Start","System.Void","False","False","1","2A","","False"
"Assembly-CSharp.dll","AutoDestructParticleSystem","Update","System.Void","False","False","1","2A","","False"
"Assembly-CSharp.dll","AutoDestructParticleSystem","LateUpdate","System.Void","False","False","1","2A","","False"
"Assembly-CSharp.dll","BaseEffect","get_ComboLookup","System.Collections.Generic.Dictionary`2[[BaseEffect+EffectTypes, Assembly-CSharp, Version=0.0.0.0, Culture=neutral, PublicKeyToken=null],[System.Collections.Generic.Dictionary`2[[BaseEffect+EffectTypes, Assembly-CSharp, Version=0.0.0.0, Culture=neutral, PublicKeyToken=null],[BaseEffect+EffectTypes, Assembly-CSharp, Version=0.0.0.0, Culture=neutral, PublicKeyToken=null]], mscorlib, Version=4.0.0.0, Culture=neutral, PublicKeyToken=b77a5c561934e089]]","False","False","1","2A","","True"
"Assembly-CSharp.dll","BaseEffect","set_ComboLookup","System.Void","False","False","1","2A","","False"
"Assembly-CSharp.dll","BaseEffect","get_EffectType","BaseEffect+EffectTypes","False","False","1","2A","","True"
"Assembly-CSharp.dll","BaseEffect","set_EffectType","System.Void","False","False","1","2A","","False"
"Assembly-CSharp.dll","BaseEffect","get_IsMultiLevel","System.Boolean","False","False","1","2A","","True"
"Assembly-CSharp.dll","BaseEffect","set_IsMultiLevel","System.Void","False","False","1","2A","","False"
"Assembly-CSharp.dll","BaseEffect","get_PowerLevel","System.Int32","False","False","1","2A","","True"
"Assembly-CSharp.dll","BaseEffect","set_PowerLevel","System.Void","False","False","1","2A","","False"
"Assembly-CSharp.dll","BaseEffect","isBeneficial","System.Boolean","False","False","1","2A","","True"
"Assembly-CSharp.dll","BaseEffect","isBeneficial","System.Boolean","False","False","1","2A","","True"
"Assembly-CSharp.dll","BaseEffect","GetEffectInstance","BaseEffect","False","False","1","2A","","True"
"Assembly-CSharp.dll","BaseEffect","Init","System.Void","True","False","0","","","False"
"Assembly-CSharp.dll","BaseEffect","Update","System.Void","True","False","0","","","False"
"Assembly-CSharp.dll","BaseEffect","Shutdown","System.Void","True","False","0","","","False"
"Assembly-CSharp.dll","BaseEffect","Stack","System.Boolean","True","False","0","","","False"
"Assembly-CSharp.dll","BaseEffect","GetEffectSnapShot","BaseEffect","True","False","0","","","False"
"Assembly-CSharp.dll","BaseEffect","FixedUpdate","System.Void","False","False","1","2A","","False"
"Assembly-CSharp.dll","BaseEffect","InitComboLookup","System.Void","False","False","1","2A","","False"
"Assembly-CSharp.dll","BaseEffect","SetUpComboLookup","System.Void","False","False","1","2A","","False"
"Assembly-CSharp.dll","BaseEffect","GetComboEffectType","System.Boolean","False","False","1","2A","","True"
"Assembly-CSharp.dll","BaseEffect","DebugDump","System.Void","False","False","1","2A","","False"
"Assembly-CSharp.dll","BoatAnchorEffect","Init","System.Void","False","False","1","2A","","False"
"Assembly-CSharp.dll","BoatAnchorEffect","Update","System.Void","False","False","1","2A","","False"
"Assembly-CSharp.dll","BoatAnchorEffect","Shutdown","System.Void","False","False","1","2A","","False"
"Assembly-CSharp.dll","BoatAnchorEffect","Stack","System.Boolean","False","False","1","2A","","True"
"Assembly-CSharp.dll","BoatAnchorEffect","GetEffectSnapShot","BaseEffect","False","False","1","2A","","True"
"Assembly-CSharp.dll","BoatAnchorEffect","LaunchAnchor","System.Void","False","False","1","2A","","False"
"Assembly-CSharp.dll","BoosterEffect","Init","System.Void","False","False","1","2A","","False"
"Assembly-CSharp.dll","BoosterEffect","Update","System.Void","False","False","1","2A","","False"
"Assembly-CSharp.dll","BoosterEffect","Shutdown","System.Void","False","False","1","2A","","False"
"Assembly-CSharp.dll","BoosterEffect","Stack","System.Boolean","False","False","1","2A","","True"
"Assembly-CSharp.dll","BoosterEffect","GetEffectSnapShot","BaseEffect","False","False","1","2A","","True"
"Assembly-CSharp.dll","EffectManager","Update","System.Void","False","False","1","2A","","False"
"Assembly-CSharp.dll","EffectManager","Start","System.Void","False","False","1","2A","","False"
"Assembly-CSharp.dll","EffectManager","FixedUpdate","System.Void","False","False","1","2A","","False"
"Assembly-CSharp.dll","EffectManager","AddEffect","System.Void","False","False","1","2A","","False"
"Assembly-CSharp.dll","EffectManager","RemoveEffect","System.Void","False","False","1","2A","","False"
"Assembly-CSharp.dll","EffectManager","RemoveAllEffects","System.Void","False","False","1","2A","","False"
"Assembly-CSharp.dll","EffectManager","HasEffect","System.Boolean","False","False","1","2A","","True"
"Assembly-CSharp.dll","EffectManager","GetEffectCount","System.Int32","False","False","1","2A","","True"
"Assembly-CSharp.dll","EffectManager","GetHighestPoweredEffect","System.Int32","False","False","1","2A","","True"
"Assembly-CSharp.dll","EffectManager","GetStrongestEffect","BaseEffect","False","False","1","2A","","True"
"Assembly-CSharp.dll","EffectManager","HasEffectOfLevel","System.Boolean","False","False","1","2A","","True"
"Assembly-CSharp.dll","EffectManager","GetEffect","BaseEffect","False","False","1","2A","","True"
"Assembly-CSharp.dll","EffectManager","GetEffectListCopy","System.Collections.Generic.List`1[[BaseEffect, Assembly-CSharp, Version=0.0.0.0, Culture=neutral, PublicKeyToken=null]]","False","False","1","2A","","True"
"Assembly-CSharp.dll","EffectManager","SetEffectList","System.Void","False","False","1","2A","","False"
"Assembly-CSharp.dll","FlipEffect","Init","System.Void","False","False","1","2A","","False"
"Assembly-CSharp.dll","FlipEffect","Update","System.Void","False","False","1","2A","","False"
"Assembly-CSharp.dll","FlipEffect","Shutdown","System.Void","False","False","1","2A","","False"
"Assembly-CSharp.dll","FlipEffect","Stack","System.Boolean","False","False","1","2A","","True"
"Assembly-CSharp.dll","FlipEffect","GetEffectSnapShot","BaseEffect","False","False","1","2A","","True"
"Assembly-CSharp.dll","GuidedJumpEffect","Init","System.Void","False","False","1","2A","","False"
"Assembly-CSharp.dll","GuidedJumpEffect","Update","System.Void","False","False","1","2A","","False"
"Assembly-CSharp.dll","GuidedJumpEffect","FixedUpdate","System.Void","False","False","1","2A","","False"
"Assembly-CSharp.dll","GuidedJumpEffect","Shutdown","System.Void","False","False","1","2A","","False"
"Assembly-CSharp.dll","GuidedJumpEffect","Stack","System.Boolean","False","False","1","2A","","True"
"Assembly-CSharp.dll","GuidedJumpEffect","GetEffectSnapShot","BaseEffect","False","False","1","2A","","True"
"Assembly-CSharp.dll","MineEffect","Init","System.Void","False","False","1","2A","","False"
"Assembly-CSharp.dll","MineEffect","Shutdown","System.Void","False","False","1","2A","","False"
"Assembly-CSharp.dll","MineEffect","Stack","System.Boolean","False","False","1","2A","","True"
"Assembly-CSharp.dll","MineEffect","Update","System.Void","False","False","1","2A","","False"
"Assembly-CSharp.dll","MineEffect","GetEffectSnapShot","BaseEffect","False","False","1","2A","","True"
"Assembly-CSharp.dll","ParticleLibrary","get_Instance","ParticleLibrary","False","False","1","2A","","True"
"Assembly-CSharp.dll","ParticleLibrary","GetPrefab","UnityEngine.GameObject","False","False","1","2A","","True"
"Assembly-CSharp.dll","ParticleLibrary","Awake","System.Void","False","False","1","2A","","False"
"Assembly-CSharp.dll","ParticleLibrary","Start","System.Void","False","False","1","2A","","False"
"Assembly-CSharp.dll","ParticleLibrary","Update","System.Void","False","False","1","2A","","False"
"Assembly-CSharp.dll","ParticleSystemDestroy","Start","System.Collections.IEnumerator","False","False","1","2A","","True"
"Assembly-CSharp.dll","PieHitEffect","Init","System.Void","False","False","1","2A","","False"
"Assembly-CSharp.dll","PieHitEffect","Update","System.Void","False","False","1","2A","","False"
"Assembly-CSharp.dll","PieHitEffect","Shutdown","System.Void","False","False","1","2A","","False"
"Assembly-CSharp.dll","PieHitEffect","Stack","System.Boolean","False","False","1","2A","","True"
"Assembly-CSharp.dll","PieHitEffect","GetEffectSnapShot","BaseEffect","False","False","1","2A","","True"
"Assembly-CSharp.dll","PowerupMagnet","Start","System.Void","False","False","1","2A","","False"
"Assembly-CSharp.dll","PowerupMagnet","Init","System.Void","False","False","1","2A","","False"
"Assembly-CSharp.dll","PowerupMagnet","Update","System.Void","False","False","1","2A","","False"
"Assembly-CSharp.dll","PowerupMagnet","FixedUpdate","System.Void","False","False","1","2A","","False"
"Assembly-CSharp.dll","PowerupMagnet","Shutdown","System.Void","False","False","1","2A","","False"
"Assembly-CSharp.dll","PowerupMagnet","Stack","System.Boolean","False","False","1","2A","","True"
"Assembly-CSharp.dll","PowerupMagnet","GetEffectSnapShot","BaseEffect","False","False","1","2A","","True"
"Assembly-CSharp.dll","RandomShotEffect","Start","System.Void","False","False","1","2A","","False"
"Assembly-CSharp.dll","RandomShotEffect","Init","System.Void","False","False","1","2A","","False"
"Assembly-CSharp.dll","RandomShotEffect","Update","System.Void","False","False","1","2A","","False"
"Assembly-CSharp.dll","RandomShotEffect","Shutdown","System.Void","False","False","1","2A","","False"
"Assembly-CSharp.dll","RandomShotEffect","Stack","System.Boolean","False","False","1","2A","","True"
"Assembly-CSharp.dll","RandomShotEffect","GetEffectSnapShot","BaseEffect","False","False","1","2A","","True"
"Assembly-CSharp.dll","RandomShotEffect","FixedUpdate","System.Void","False","False","1","2A","","False"
"Assembly-CSharp.dll","RocketEffect","Init","System.Void","False","False","1","2A","","False"
"Assembly-CSharp.dll","RocketEffect","Shutdown","System.Void","False","False","1","2A","","False"
"Assembly-CSharp.dll","RocketEffect","Stack","System.Boolean","False","False","1","2A","","True"
"Assembly-CSharp.dll","RocketEffect","Update","System.Void","False","False","1","2A","","False"
"Assembly-CSharp.dll","RocketEffect","GetEffectSnapShot","BaseEffect","False","False","1","2A","","True"
"Assembly-CSharp.dll","RocketEffect","LaunchRocket","System.Void","False","False","1","2A","","False"
"Assembly-CSharp.dll","RocketRideEffect","Init","System.Void","False","False","1","2A","","False"
"Assembly-CSharp.dll","RocketRideEffect","Update","System.Void","False","False","1","2A","","False"
"Assembly-CSharp.dll","RocketRideEffect","Shutdown","System.Void","False","False","1","2A","","False"
"Assembly-CSharp.dll","RocketRideEffect","Stack","System.Boolean","False","False","1","2A","","True"
"Assembly-CSharp.dll","RocketRideEffect","GetEffectSnapShot","BaseEffect","False","False","1","2A","","True"
"Assembly-CSharp.dll","RocketRideEffect","LaunchRocket","System.Void","False","False","1","2A","","False"
"Assembly-CSharp.dll","RocketRideEffect","DetachFromRocket","System.Void","False","False","1","2A","","False"
"Assembly-CSharp.dll","ShieldEffect","get_Reflective","System.Boolean","False","False","1","2A","","True"
"Assembly-CSharp.dll","ShieldEffect","Init","System.Void","False","False","1","2A","","False"
"Assembly-CSharp.dll","ShieldEffect","Shutdown","System.Void","False","False","1","2A","","False"
"Assembly-CSharp.dll","ShieldEffect","Stack","System.Boolean","False","False","1","2A","","True"
"Assembly-CSharp.dll","ShieldEffect","Update","System.Void","False","False","1","2A","","False"
"Assembly-CSharp.dll","ShieldEffect","GetEffectSnapShot","BaseEffect","False","False","1","2A","","True"
"Assembly-CSharp.dll","ShockedEffect","Init","System.Void","False","False","1","2A","","False"
"Assembly-CSharp.dll","ShockedEffect","Update","System.Void","False","False","1","2A","","False"
"Assembly-CSharp.dll","ShockedEffect","Shutdown","System.Void","False","False","1","2A","","False"
"Assembly-CSharp.dll","ShockedEffect","Stack","System.Boolean","False","False","1","2A","","True"
"Assembly-CSharp.dll","ShockedEffect","GetEffectSnapShot","BaseEffect","False","False","1","2A","","True"
"Assembly-CSharp.dll","SkidEffect","Init","System.Void","False","False","1","2A","","False"
"Assembly-CSharp.dll","SkidEffect","Update","System.Void","False","False","1","2A","","False"
"Assembly-CSharp.dll","SkidEffect","Shutdown","System.Void","False","False","1","2A","","False"
"Assembly-CSharp.dll","SkidEffect","Stack","System.Boolean","False","False","1","2A","","True"
"Assembly-CSharp.dll","SkidEffect","GetEffectSnapShot","BaseEffect","False","False","1","2A","","True"
"Assembly-CSharp.dll","SlowdownEffect","Init","System.Void","False","False","1","2A","","False"
"Assembly-CSharp.dll","SlowdownEffect","Update","System.Void","False","False","1","2A","","False"
"Assembly-CSharp.dll","SlowdownEffect","Shutdown","System.Void","False","False","1","2A","","False"
"Assembly-CSharp.dll","SlowdownEffect","Stack","System.Boolean","False","False","1","2A","","True"
"Assembly-CSharp.dll","SlowdownEffect","GetEffectSnapShot","BaseEffect","False","False","1","2A","","True"
"Assembly-CSharp.dll","SmashEffect","Init","System.Void","False","False","1","2A","","False"
"Assembly-CSharp.dll","SmashEffect","Update","System.Void","False","False","1","2A","","False"
"Assembly-CSharp.dll","SmashEffect","Shutdown","System.Void","False","False","1","2A","","False"
"Assembly-CSharp.dll","SmashEffect","Stack","System.Boolean","False","False","1","2A","","True"
"Assembly-CSharp.dll","SmashEffect","GetEffectSnapShot","BaseEffect","False","False","1","2A","","True"
"Assembly-CSharp.dll","SpreadMineEffect","Start","System.Void","False","False","1","2A","","False"
"Assembly-CSharp.dll","SpreadMineEffect","Init","System.Void","False","False","1","2A","","False"
"Assembly-CSharp.dll","SpreadMineEffect","Update","System.Void","False","False","1","2A","","False"
"Assembly-CSharp.dll","SpreadMineEffect","Shutdown","System.Void","False","False","1","2A","","False"
"Assembly-CSharp.dll","SpreadMineEffect","Stack","System.Boolean","False","False","1","2A","","True"
"Assembly-CSharp.dll","SpreadMineEffect","GetEffectSnapShot","BaseEffect","False","False","1","2A","","True"
"Assembly-CSharp.dll","SpreadMineEffect","LaunchSpreader","System.Void","False","False","1","2A","","False"
"Assembly-CSharp.dll","TeleportEffect","Init","System.Void","False","False","1","2A","","False"
"Assembly-CSharp.dll","TeleportEffect","Update","System.Void","False","False","1","2A","","False"
"Assembly-CSharp.dll","TeleportEffect","Shutdown","System.Void","False","False","1","2A","","False"
"Assembly-CSharp.dll","TeleportEffect","Stack","System.Boolean","False","False","1","2A","","True"
"Assembly-CSharp.dll","TeleportEffect","GetEffectSnapShot","BaseEffect","False","False","1","2A","","True"
"Assembly-CSharp.dll","TripLine","Start","System.Void","False","False","1","2A","","False"
"Assembly-CSharp.dll","TripLine","Update","System.Void","False","False","1","2A","","False"
"Assembly-CSharp.dll","TripLine","OnTriggerEnter","System.Void","False","False","1","2A","","False"
"Assembly-CSharp.dll","TripLineEffect","Start","System.Void","False","False","1","2A","","False"
"Assembly-CSharp.dll","TripLineEffect","Init","System.Void","False","False","1","2A","","False"
"Assembly-CSharp.dll","TripLineEffect","Update","System.Void","False","False","1","2A","","False"
"Assembly-CSharp.dll","TripLineEffect","Shutdown","System.Void","False","False","1","2A","","False"
"Assembly-CSharp.dll","TripLineEffect","Stack","System.Boolean","False","False","1","2A","","True"
"Assembly-CSharp.dll","TripLineEffect","GetEffectSnapShot","BaseEffect","False","False","1","2A","","True"
"Assembly-CSharp.dll","WipeoutEffect","Init","System.Void","False","False","1","2A","","False"
"Assembly-CSharp.dll","WipeoutEffect","Update","System.Void","False","False","1","2A","","False"
"Assembly-CSharp.dll","WipeoutEffect","Shutdown","System.Void","False","False","1","2A","","False"
"Assembly-CSharp.dll","WipeoutEffect","Stack","System.Boolean","False","False","1","2A","","True"
"Assembly-CSharp.dll","WipeoutEffect","GetEffectSnapShot","BaseEffect","False","False","1","2A","","True"
"Assembly-CSharp.dll","CameraShake","get_IsShaking","System.Boolean","False","False","1","2A","","True"
"Assembly-CSharp.dll","CameraShake","get_IsStationary","System.Boolean","False","False","1","2A","","True"
"Assembly-CSharp.dll","CameraShake","set_IsStationary","System.Void","False","False","1","2A","","False"
"Assembly-CSharp.dll","CameraShake","Start","System.Void","False","False","1","2A","","False"
"Assembly-CSharp.dll","CameraShake","Update","System.Void","False","False","1","2A","","False"
"Assembly-CSharp.dll","CameraShake","TurnOnShake","System.Void","False","False","1","2A","","False"
"Assembly-CSharp.dll","CameraShake","TurnOnStationaryShake","System.Void","False","False","1","2A","","False"
"Assembly-CSharp.dll","CameraShake","TurnOffShake","System.Void","False","False","1","2A","","False"
"Assembly-CSharp.dll","CameraWobble","Update","System.Void","False","False","1","2A","","False"
"Assembly-CSharp.dll","CausticsManager","Start","System.Void","False","False","1","2A","","False"
"Assembly-CSharp.dll","CausticsManager","UpdateCausticsCoroutine","System.Collections.IEnumerator","False","False","1","2A","","True"
"Assembly-CSharp.dll","FadeHelper","get_Instance","FadeHelper","False","False","1","2A","","True"
"Assembly-CSharp.dll","FadeHelper","IsFading","System.Boolean","False","False","1","2A","","True"
"Assembly-CSharp.dll","FadeHelper","IsFading","System.Boolean","False","False","1","2A","","True"
"Assembly-CSharp.dll","FadeHelper","FadeRecursively","System.Void","False","False","1","2A","","False"
"Assembly-CSharp.dll","FadeHelper","SetOpacityRecursively","System.Void","False","False","1","2A","","False"
"Assembly-CSharp.dll","FadeHelper","SetOpacity","System.Void","False","False","1","2A","","False"
"Assembly-CSharp.dll","FadeHelper","SetOpacity","System.Void","False","False","1","2A","","False"
"Assembly-CSharp.dll","FadeHelper","GetAllChildren","System.Collections.Generic.List`1[[UnityEngine.Transform, UnityEngine, Version=0.0.0.0, Culture=neutral, PublicKeyToken=null]]","False","False","1","2A","","True"
"Assembly-CSharp.dll","FadeHelper","Fade","System.Void","False","False","1","2A","","False"
"Assembly-CSharp.dll","FadeHelper","Fade","System.Void","False","False","1","2A","","False"
"Assembly-CSharp.dll","FadeHelper","Fade","System.Void","False","False","1","2A","","False"
"Assembly-CSharp.dll","FadeHelper","Fade","System.Void","False","False","1","2A","","False"
"Assembly-CSharp.dll","FadeHelper","Fader","System.Collections.IEnumerator","False","False","1","2A","","True"
"Assembly-CSharp.dll","FadeHelper","CleanNullEntries","System.Void","False","False","1","2A","","False"
"Assembly-CSharp.dll","FadeHelper","<CleanNullEntries>m__8","System.Boolean","False","False","1","2A","","True"
"Assembly-CSharp.dll","FadeHelper","<CleanNullEntries>m__9","System.Boolean","False","False","1","2A","","True"
"Assembly-CSharp.dll","InputBlocker","Start","System.Collections.IEnumerator","False","False","1","2A","","True"
"Assembly-CSharp.dll","InputBlocker","FadeOut","System.Void","False","False","1","2A","","False"
"Assembly-CSharp.dll","InputBlocker","FadeOutHelper","System.Collections.IEnumerator","False","False","1","2A","","True"
"Assembly-CSharp.dll","LoadSpin","Start","System.Collections.IEnumerator","False","False","1","2A","","True"
"Assembly-CSharp.dll","LoadSpin","FadeOut","System.Void","False","False","1","2A","","False"
"Assembly-CSharp.dll","LoadSpin","FadeOut","System.Void","False","False","1","2A","","False"
"Assembly-CSharp.dll","LoadSpin","FadeHelper","System.Collections.IEnumerator","False","False","1","2A","","True"
"Assembly-CSharp.dll","PieSplat","Start","System.Collections.IEnumerator","False","False","1","2A","","True"
"Assembly-CSharp.dll","RewbieShimmer","Update","System.Void","False","False","1","2A","","False"
"Assembly-CSharp.dll","RewbieShimmer","Shimmer","System.Collections.IEnumerator","False","False","1","2A","","True"
"Assembly-CSharp.dll","ShiftContentsOnButtonDown","OnEnable","System.Void","False","False","1","2A","","False"
"Assembly-CSharp.dll","ShiftContentsOnButtonDown","OnDisable","System.Void","False","False","1","2A","","False"
"Assembly-CSharp.dll","ShiftContentsOnButtonDown","OnDownHandler","System.Void","False","False","1","2A","","False"
"Assembly-CSharp.dll","ShiftContentsOnToggleDown","OnEnable","System.Void","False","False","1","2A","","False"
"Assembly-CSharp.dll","ShiftContentsOnToggleDown","OnDisable","System.Void","False","False","1","2A","","False"
"Assembly-CSharp.dll","ShiftContentsOnToggleDown","OnDownHandler","System.Void","False","False","1","2A","","False"
"Assembly-CSharp.dll","UVScroller","Start","System.Void","False","False","1","2A","","False"
"Assembly-CSharp.dll","UVScroller","Update","System.Void","False","False","1","2A","","False"
"Assembly-CSharp.dll","EnsureGlobals","Awake","System.Void","False","False","1","2A","","False"
"Assembly-CSharp.dll","GDMOManager","Start","System.Void","False","False","1","2A","","False"
"Assembly-CSharp.dll","GDMOManager","OnApplicationPause","System.Void","False","False","1","2A","","False"
"Assembly-CSharp.dll","GDMOManager","Init","System.Void","False","False","1","2A","","False"
"Assembly-CSharp.dll","GDMOManager","Send","System.Void","False","False","1","2A","","False"
"Assembly-CSharp.dll","GDMOManager","SendWithContext","System.Void","False","False","1","2A","","False"
"Assembly-CSharp.dll","GDMOManager","Flush","System.Void","False","False","1","2A","","False"
"Assembly-CSharp.dll","LowEndInhibitor","Start","System.Void","False","False","1","2A","","False"
"Assembly-CSharp.dll","ParticleReducer","Start","System.Void","False","False","1","2A","","False"
"Assembly-CSharp.dll","BasePickup","OnTriggerEnter","System.Void","False","False","1","2A","","False"
"Assembly-CSharp.dll","BasePickup","GetTriggeredEffect","BaseEffect","True","False","0","","","False"
"Assembly-CSharp.dll","BasePickup","Start","System.Void","False","False","1","2A","","False"
"Assembly-CSharp.dll","BasePickup","Update","System.Void","False","False","1","2A","","False"
"Assembly-CSharp.dll","BoosterPickup","GetTriggeredEffect","BaseEffect","False","False","1","2A","","True"
"Assembly-CSharp.dll","MinePickup","GetTriggeredEffect","BaseEffect","False","False","1","2A","","True"
"Assembly-CSharp.dll","PickupSpawner","SpawnCheck","System.Collections.IEnumerator","False","False","1","2A","","True"
"Assembly-CSharp.dll","PickupSpawner","SpawnPickup","System.Void","False","False","1","2A","","False"
"Assembly-CSharp.dll","PickupSpawner","Start","System.Void","False","False","1","2A","","False"
"Assembly-CSharp.dll","PickupSpawner","Update","System.Void","False","False","1","2A","","False"
"Assembly-CSharp.dll","PickupSpawner","OnDrawGizmos","System.Void","False","False","1","2A","","False"
"Assembly-CSharp.dll","RocketPickup","GetTriggeredEffect","BaseEffect","False","False","1","2A","","True"
"Assembly-CSharp.dll","ShieldPickup","GetTriggeredEffect","BaseEffect","False","False","1","2A","","True"
"Assembly-CSharp.dll","PlayerAccelControl","get_isReversing","System.Boolean","False","False","1","2A","","True"
"Assembly-CSharp.dll","PlayerAccelControl","set_isReversing","System.Void","False","False","1","2A","","False"
"Assembly-CSharp.dll","PlayerAccelControl","ApplyReverse","System.Void","False","False","1","2A","","False"
"Assembly-CSharp.dll","PlayerAccelControl","Start","System.Void","False","False","1","2A","","False"
"Assembly-CSharp.dll","PlayerAccelControl","Update","System.Void","False","False","1","2A","","False"
"Assembly-CSharp.dll","PlayerAccelControl","FixedUpdate","System.Void","False","False","1","2A","","False"
"Assembly-CSharp.dll","PlayerControlLinker","Start","System.Void","False","False","1","2A","","False"
"Assembly-CSharp.dll","PlayerKeyboardControl","GetKeyDown","System.Boolean","False","False","1","2A","","True"
"Assembly-CSharp.dll","PlayerKeyboardControl","GetKey","System.Boolean","False","False","1","2A","","True"
"Assembly-CSharp.dll","PlayerKeyboardControl","Awake","System.Void","False","False","1","2A","","False"
"Assembly-CSharp.dll","PlayerKeyboardControl","Update","System.Void","False","False","1","2A","","False"
"Assembly-CSharp.dll","PlayerKeyboardControl","FixedUpdate","System.Void","False","False","1","2A","","False"
"Assembly-CSharp.dll","PlayerKeyboardControl+KeyEventBinding","KeyDown","System.Boolean","False","False","1","2A","","True"
"Assembly-CSharp.dll","PlayerKeyboardControl+KeyEventBinding","Key","System.Boolean","False","False","1","2A","","True"
"Assembly-CSharp.dll","PowerupHolder","Awake","System.Void","False","False","1","2A","","False"
"Assembly-CSharp.dll","PowerupHolder","get_Item","BaseEffect","False","False","1","2A","","True"
"Assembly-CSharp.dll","PowerupHolder","get_numEffects","System.Int32","False","False","1","2A","","True"
"Assembly-CSharp.dll","PowerupHolder","get_CanTakePowerup","System.Boolean","False","False","1","2A","","True"
"Assembly-CSharp.dll","PowerupHolder","Update","System.Void","False","False","1","2A","","False"
"Assembly-CSharp.dll","PowerupHolder","AddEffect","System.Void","False","False","1","2A","","False"
"Assembly-CSharp.dll","PowerupHolder","HasEffect","System.Boolean","False","False","1","2A","","True"
"Assembly-CSharp.dll","PowerupHolder","ClearEffectsInReserve","System.Boolean","False","False","1","2A","","True"
"Assembly-CSharp.dll","PowerupHolder","ExecutePowerups","System.Void","False","False","1","2A","","False"
"Assembly-CSharp.dll","PowerupHolder","PowerupComboCheck","System.Boolean","False","False","1","2A","","True"
"Assembly-CSharp.dll","QualityControl","get_IsGameHardcore","System.Boolean","False","False","1","2A","","True"
"Assembly-CSharp.dll","QualityControl","get_DoPhysicsAt30fps","System.Boolean","False","False","1","2A","","True"
"Assembly-CSharp.dll","QualityControl","get_DoPerFrameCollision","System.Boolean","False","False","1","2A","","True"
"Assembly-CSharp.dll","QualityControl","get_DoDummiedPlayerCollision","System.Boolean","False","False","1","2A","","True"
"Assembly-CSharp.dll","QualityControl","get_DoFullTriFoot","System.Boolean","False","False","1","2A","","True"
"Assembly-CSharp.dll","QualityControl","get_DoFullAI","System.Boolean","False","False","1","2A","","True"
"Assembly-CSharp.dll","QualityControl","Apply","System.Void","False","False","1","2A","","False"
"Assembly-CSharp.dll","ShadowBlob","get_ShadowPosition","UnityEngine.Vector3","False","False","1","2A","","True"
"Assembly-CSharp.dll","ShadowBlob","Start","System.Void","False","False","1","2A","","False"
"Assembly-CSharp.dll","ShadowBlob","OnEnable","System.Void","False","False","1","2A","","False"
"Assembly-CSharp.dll","ShadowBlob","OnDisable","System.Void","False","False","1","2A","","False"
"Assembly-CSharp.dll","ShadowBlob","Update","System.Void","False","False","1","2A","","False"
"Assembly-CSharp.dll","SpringConnection","Start","System.Void","False","False","1","2A","","False"
"Assembly-CSharp.dll","SpringConnection","FixedUpdate","System.Void","False","False","1","2A","","False"
"Assembly-CSharp.dll","SoundPackageManager","get_Instance","SoundPackageManager","False","False","1","2A","","True"
"Assembly-CSharp.dll","SoundPackageManager","get_Present","System.Boolean","False","False","1","2A","","True"
"Assembly-CSharp.dll","SoundPackageManager","LoadPackageCoroutine","System.Collections.IEnumerator","False","False","1","2A","","True"
"Assembly-CSharp.dll","SoundPackageManager","LoadPackage","SoundPackageLoadReference","False","False","1","2A","","True"
"Assembly-CSharp.dll","SoundPackageManager","UnloadPackage","System.Void","False","False","1","2A","","False"
"Assembly-CSharp.dll","SoundPackageManager","CleaningPass","System.Void","False","False","1","2A","","False"
"Assembly-CSharp.dll","SoundPackageManager","IsClipLoaded","System.Boolean","False","False","1","2A","","True"
"Assembly-CSharp.dll","SoundPackageManager","IsPackageLoaded","System.Boolean","False","False","1","2A","","True"
"Assembly-CSharp.dll","SoundPackageManager","GetClip","UnityEngine.AudioClip","False","False","1","2A","","True"
"Assembly-CSharp.dll","StreamManager","get_Instance","StreamManager","False","False","1","2A","","True"
"Assembly-CSharp.dll","StreamManager","get_isAvailable","System.Boolean","False","False","1","2A","","True"
"Assembly-CSharp.dll","StreamManager","Awake","System.Void","False","False","1","2A","","False"
"Assembly-CSharp.dll","StreamManager","Start","System.Void","False","False","1","2A","","False"
"Assembly-CSharp.dll","StreamManager","LoadAsset","System.Collections.IEnumerator","False","False","1","2A","","True"
"Assembly-CSharp.dll","StreamManager","PreloadAsset","StreamManager+Asset","False","False","1","2A","","True"
"Assembly-CSharp.dll","StreamManager","RequestAsset","StreamManager+Asset","False","False","1","2A","","True"
"Assembly-CSharp.dll","StreamManager","ReleaseAsset","System.Void","False","False","1","2A","","False"
"Assembly-CSharp.dll","StreamManager","Cleanup","System.Void","False","False","1","2A","","False"
"Assembly-CSharp.dll","StreamManager","FlushAll","System.Void","False","False","1","2A","","False"
"Assembly-CSharp.dll","StreamManager","PrependRootFileLocation","System.String","False","False","1","2A","","True"
"Assembly-CSharp.dll","StreamManager","DebugDump","System.Void","False","False","1","2A","","False"
"Assembly-CSharp.dll","StreamManager+Asset","get_isDone","System.Boolean","False","False","1","2A","","True"
"Assembly-CSharp.dll","StreamManager+Asset","get_progress","System.Single","False","False","1","2A","","True"
"Assembly-CSharp.dll","StreamManager+Asset","get_isInUse","System.Boolean","False","False","1","2A","","True"
"Assembly-CSharp.dll","StreamManager+Asset","get_mainAsset","UnityEngine.Object","False","False","1","2A","","True"
"Assembly-CSharp.dll","StreamManager+Asset","Unload","System.Void","False","False","1","2A","","False"
"Assembly-CSharp.dll","StreamManager+AssetCluster","get_progress","System.Single","False","False","1","2A","","True"
"Assembly-CSharp.dll","StreamManager+AssetCluster","get_isDone","System.Boolean","False","False","1","2A","","True"
"Assembly-CSharp.dll","StreamManager+AssetCluster","AddAsset","System.Void","False","False","1","2A","","False"
"Assembly-CSharp.dll","StreamManager+AssetCluster","GetAsset","StreamManager+Asset","False","False","1","2A","","True"
"Assembly-CSharp.dll","StreamManager+AssetCluster","GetMainObjectOfAsset","UnityEngine.Object","False","False","1","2A","","True"
"Assembly-CSharp.dll","StreamManager+AssetCluster","Preload","System.Void","False","False","1","2A","","False"
"Assembly-CSharp.dll","StreamManager+AssetCluster","Load","System.Void","False","False","1","2A","","False"
"Assembly-CSharp.dll","StreamManager+AssetCluster","Release","System.Void","False","False","1","2A","","False"
"Assembly-CSharp.dll","StreamTest","Start","System.Void","False","False","1","2A","","False"
"Assembly-CSharp.dll","StreamTest","Update","System.Void","False","False","1","2A","","False"
"Assembly-CSharp.dll","BarrelLauncher","LaunchPump","System.Collections.IEnumerator","False","False","1","2A","","True"
"Assembly-CSharp.dll","BarrelLauncher","Start","System.Void","False","False","1","2A","","False"
"Assembly-CSharp.dll","BarrelLauncher","LaunchBarrel","System.Void","False","False","1","2A","","False"
"Assembly-CSharp.dll","BarrelSpawner","SpawnCheck","System.Collections.IEnumerator","False","False","1","2A","","True"
"Assembly-CSharp.dll","BarrelSpawner","SpawnBarrel","System.Void","False","False","1","2A","","False"
"Assembly-CSharp.dll","BarrelSpawner","Start","System.Void","False","False","1","2A","","False"
"Assembly-CSharp.dll","BarrelSpawner","Update","System.Void","False","False","1","2A","","False"
"Assembly-CSharp.dll","BarrelSpawner","OnDrawGizmos","System.Void","False","False","1","2A","","False"
"Assembly-CSharp.dll","BasketBall","Update","System.Void","False","False","1","2A","","False"
"Assembly-CSharp.dll","BasketBall","PlayBounceSound","System.Void","False","False","1","2A","","False"
"Assembly-CSharp.dll","BasketBall","OnTriggerEnter","System.Void","False","False","1","2A","","False"
"Assembly-CSharp.dll","BillboardRemover","Start","System.Void","False","False","1","2A","","False"
"Assembly-CSharp.dll","BillboardRemover","Update","System.Void","False","False","1","2A","","False"
"Assembly-CSharp.dll","BillboardRemover","RemoveBillboards","System.Collections.IEnumerator","False","False","1","2A","","True"
"Assembly-CSharp.dll","BreakableObject","CollideBreak","System.Void","False","False","1","2A","","False"
"Assembly-CSharp.dll","BreakableObject","Start","System.Void","False","False","1","2A","","False"
"Assembly-CSharp.dll","BreakableObject","Update","System.Void","False","False","1","2A","","False"
"Assembly-CSharp.dll","BubbleJet","Start","System.Void","False","False","1","2A","","False"
"Assembly-CSharp.dll","BubbleJet","OnTriggerStay","System.Void","False","False","1","2A","","False"
"Assembly-CSharp.dll","BubbleJet","OnDrawGizmos","System.Void","False","False","1","2A","","False"
"Assembly-CSharp.dll","Coin","Start","System.Void","False","False","1","2A","","False"
"Assembly-CSharp.dll","Coin","OnTriggerEnter","System.Void","False","False","1","2A","","False"
"Assembly-CSharp.dll","CoinPoint","get_ShapeType","CoinPoint+ShapeTypes","False","False","1","2A","","True"
"Assembly-CSharp.dll","CoinPoint","set_ShapeType","System.Void","False","False","1","2A","","False"
"Assembly-CSharp.dll","CoinPoint","SpawnCoins","System.Void","False","False","1","2A","","False"
"Assembly-CSharp.dll","CoinPoint","SpawnCircleHelper","System.Void","False","False","1","2A","","False"
"Assembly-CSharp.dll","CoinPoint","SpawnTrailHelper","System.Void","False","False","1","2A","","False"
"Assembly-CSharp.dll","CoinPoint","ProperCoinNum","System.Int32","False","False","1","2A","","True"
"Assembly-CSharp.dll","CoinPoint","OnDrawGizmos","System.Void","False","False","1","2A","","False"
"Assembly-CSharp.dll","Crab","SleepRoutine","System.Collections.IEnumerator","False","False","1","2A","","True"
"Assembly-CSharp.dll","Crab","Start","System.Void","False","False","1","2A","","False"
"Assembly-CSharp.dll","Crab","Update","System.Void","False","False","1","2A","","False"
"Assembly-CSharp.dll","Crab","FixedUpdate","System.Void","False","False","1","2A","","False"
"Assembly-CSharp.dll","Crab","OnTriggerEnter","System.Void","False","False","1","2A","","False"
"Assembly-CSharp.dll","Crab","OnDrawGizmos","System.Void","False","False","1","2A","","False"
"Assembly-CSharp.dll","ExplodingBarrel","LifeCountdown","System.Collections.IEnumerator","False","False","1","2A","","True"
"Assembly-CSharp.dll","ExplodingBarrel","Update","System.Void","False","False","1","2A","","False"
"Assembly-CSharp.dll","ExplodingBarrel","Explode","System.Collections.IEnumerator","False","False","1","2A","","True"
"Assembly-CSharp.dll","ExplodingBarrel","Start","System.Void","False","False","1","2A","","False"
"Assembly-CSharp.dll","ExplodingBarrel","OnCollisionEnter","System.Void","False","False","1","2A","","False"
"Assembly-CSharp.dll","ExplodingBarrel","OnTriggerEnter","System.Void","False","False","1","2A","","False"
"Assembly-CSharp.dll","GuidedJumpTrigger","OnTriggerEnter","System.Void","False","False","1","2A","","False"
"Assembly-CSharp.dll","GuidedJumpTrigger","OnDrawGizmos","System.Void","False","False","1","2A","","False"
"Assembly-CSharp.dll","PieAttack","LifeCountdown","System.Collections.IEnumerator","False","False","1","2A","","True"
"Assembly-CSharp.dll","PieAttack","Update","System.Void","False","False","1","2A","","False"
"Assembly-CSharp.dll","PieAttack","Explode","System.Void","False","False","1","2A","","False"
"Assembly-CSharp.dll","PieAttack","ExplodeCoroutine","System.Collections.IEnumerator","False","False","1","2A","","True"
"Assembly-CSharp.dll","PieAttack","Start","System.Void","False","False","1","2A","","False"
"Assembly-CSharp.dll","PieAttack","OnCollisionEnter","System.Void","False","False","1","2A","","False"
"Assembly-CSharp.dll","PieAttack","OnTriggerEnter","System.Void","False","False","1","2A","","False"
"Assembly-CSharp.dll","PieLauncher","Start","System.Collections.IEnumerator","False","False","1","2A","","True"
"Assembly-CSharp.dll","PieLauncher","ShootPieCoroutine","System.Collections.IEnumerator","False","False","1","2A","","True"
"Assembly-CSharp.dll","PieLauncher","OnDrawGizmos","System.Void","False","False","1","2A","","False"
"Assembly-CSharp.dll","PyroTechnics","Start","System.Void","False","False","1","2A","","False"
"Assembly-CSharp.dll","PyroTechnics","Update","System.Void","False","False","1","2A","","False"
"Assembly-CSharp.dll","PyroTechnics","OnTriggerEnter","System.Void","False","False","1","2A","","False"
"Assembly-CSharp.dll","SpringTrigger","OnTriggerEnter","System.Void","False","False","1","2A","","False"
"Assembly-CSharp.dll","SpringTrigger","OnDrawGizmos","System.Void","False","False","1","2A","","False"
"Assembly-CSharp.dll","TeleportTrigger","OnTriggerEnter","System.Void","False","False","1","2A","","False"
"Assembly-CSharp.dll","TeleportTrigger","OnDrawGizmos","System.Void","False","False","1","2A","","False"
"Assembly-CSharp.dll","TerrainEffectTrigger","Start","System.Void","False","False","1","2A","","False"
"Assembly-CSharp.dll","TerrainEffectTrigger","OnTriggerEnter","System.Void","False","False","1","2A","","False"
"Assembly-CSharp.dll","TerrainEffectTrigger","OnTriggerExit","System.Void","False","False","1","2A","","False"
"Assembly-CSharp.dll","TurkeyGooShooter","Start","System.Collections.IEnumerator","False","False","1","2A","","True"
"Assembly-CSharp.dll","WhoopieCushion","Start","System.Void","False","False","1","2A","","False"
"Assembly-CSharp.dll","WhoopieCushion","Explode","System.Collections.IEnumerator","False","False","1","2A","","True"
"Assembly-CSharp.dll","WhoopieCushion","OnCollisionEnter","System.Void","False","False","1","2A","","False"
"Assembly-CSharp.dll","WhoopieCushion","OnTriggerEnter","System.Void","False","False","1","2A","","False"
"Assembly-CSharp.dll","ActiveObjectListSwtich","Fire","System.Void","False","False","1","2A","","False"
"Assembly-CSharp.dll","ActiveObjectListSwtich","Start","System.Void","False","False","1","2A","","False"
"Assembly-CSharp.dll","ActiveObjectListSwtich","OnTriggerEnter","System.Void","False","False","1","2A","","False"
"Assembly-CSharp.dll","CarMetrics","Start","System.Void","False","False","1","2A","","False"
"Assembly-CSharp.dll","CarMetrics","Update","System.Void","False","False","1","2A","","False"
"Assembly-CSharp.dll","CarMetrics","Signal","System.Void","False","False","1","2A","","False"
"Assembly-CSharp.dll","CarMetrics","Signal","System.Void","False","False","1","2A","","False"
"Assembly-CSharp.dll","CarMetrics","CloneToObject","CarMetrics","False","False","1","2A","","True"
"Assembly-CSharp.dll","CarMetrics","CopyMetrics","CarMetrics","False","False","1","2A","","True"
"Assembly-CSharp.dll","CarMetrics","DebugDump","System.Void","False","False","1","2A","","False"
"Assembly-CSharp.dll","CarMetrics","CleanupCopiedMetrics","System.Void","False","False","1","2A","","False"
"Assembly-CSharp.dll","CarProgress","GetProgressCopy","CarProgress","False","False","1","2A","","True"
"Assembly-CSharp.dll","DebugTrackStrapper","Start","System.Void","False","False","1","2A","","False"
"Assembly-CSharp.dll","LocalizedAssetSwapper","Start","System.Collections.IEnumerator","False","False","1","2A","","True"
"Assembly-CSharp.dll","ObjectGroupList","get_CurrentState","System.Boolean","False","False","1","2A","","True"
"Assembly-CSharp.dll","ObjectGroupList","set_CurrentState","System.Void","False","False","1","2A","","False"
"Assembly-CSharp.dll","ObjectGroupList","Awake","System.Void","False","False","1","2A","","False"
"Assembly-CSharp.dll","ObjectTrackDistanceLogic","Start","System.Void","False","False","1","2A","","False"
"Assembly-CSharp.dll","ObjectTrackDistanceLogic","Update","System.Void","False","False","1","2A","","False"
"Assembly-CSharp.dll","ObjectTrackDistanceLogic","OnEnable","System.Void","False","False","1","2A","","False"
"Assembly-CSharp.dll","ObjectTrackDistanceLogic","OnDisable","System.Void","False","False","1","2A","","False"
"Assembly-CSharp.dll","ObjectTrackDistanceLogic","CalculateTrackDistance","System.Void","False","False","1","2A","","False"
"Assembly-CSharp.dll","ProgressTriggerLogic","CanTriggerForCar","System.Boolean","False","False","1","2A","","True"
"Assembly-CSharp.dll","ProgressTriggerLogic","OnTriggerEnter","System.Void","False","False","1","2A","","False"
"Assembly-CSharp.dll","RaceManager","add_raceInitFinishedEvent","System.Void","False","False","1","2A","","False"
"Assembly-CSharp.dll","RaceManager","remove_raceInitFinishedEvent","System.Void","False","False","1","2A","","False"
"Assembly-CSharp.dll","RaceManager","get_Instance","RaceManager","False","False","1","2A","","True"
"Assembly-CSharp.dll","RaceManager","get_Exists","System.Boolean","False","False","1","2A","","True"
"Assembly-CSharp.dll","RaceManager","get_isPaused","System.Boolean","False","False","1","2A","","True"
"Assembly-CSharp.dll","RaceManager","RaceOutCoroutine","System.Collections.IEnumerator","False","False","1","2A","","True"
"Assembly-CSharp.dll","RaceManager","CalculateCarPositionPump","System.Collections.IEnumerator","False","False","1","2A","","True"
"Assembly-CSharp.dll","RaceManager","PreraceCountdown","System.Collections.IEnumerator","False","False","1","2A","","True"
"Assembly-CSharp.dll","RaceManager","DoFinishLineEffect","System.Collections.IEnumerator","False","False","1","2A","","True"
"Assembly-CSharp.dll","RaceManager","PostRaceCountdown","System.Collections.IEnumerator","False","False","1","2A","","True"
"Assembly-CSharp.dll","RaceManager","PlayRandomAnimation","System.Void","False","False","1","2A","","False"
"Assembly-CSharp.dll","RaceManager","PreLaunchCoroutine","System.Collections.IEnumerator","False","False","1","2A","","True"
"Assembly-CSharp.dll","RaceManager","CalculateCarPositions","System.Void","False","False","1","2A","","False"
"Assembly-CSharp.dll","RaceManager","SpawnCoins","System.Void","False","False","1","2A","","False"
"Assembly-CSharp.dll","RaceManager","SpawnCoins","System.Void","False","False","1","2A","","False"
"Assembly-CSharp.dll","RaceManager","Init","System.Void","False","False","1","2A","","False"
"Assembly-CSharp.dll","RaceManager","PlayAmbientNoise","System.Void","False","False","1","2A","","False"
"Assembly-CSharp.dll","RaceManager","EndRace","System.Void","False","False","1","2A","","False"
"Assembly-CSharp.dll","RaceManager","get_allCars","UnityEngine.GameObject[]","False","False","1","2A","","True"
"Assembly-CSharp.dll","RaceManager","get_leadCar","UnityEngine.GameObject","False","False","1","2A","","True"
"Assembly-CSharp.dll","RaceManager","get_elapsedTime","System.Int32","False","False","1","2A","","True"
"Assembly-CSharp.dll","RaceManager","get_totalNumLaps","System.Int32","False","False","1","2A","","True"
"Assembly-CSharp.dll","RaceManager","get_lastWaypoint","WaypointLogic","False","False","1","2A","","True"
"Assembly-CSharp.dll","RaceManager","get_totalTrackLength","System.Single","False","False","1","2A","","True"
"Assembly-CSharp.dll","RaceManager","CleanupRace","System.Void","False","False","1","2A","","False"
"Assembly-CSharp.dll","RaceManager","AdvanceCarLap","System.Int32","False","False","1","2A","","True"
"Assembly-CSharp.dll","RaceManager","EliminateCar","System.Collections.IEnumerator","False","False","1","2A","","True"
"Assembly-CSharp.dll","RaceManager","GetCarLap","System.Int32","False","False","1","2A","","True"
"Assembly-CSharp.dll","RaceManager","SetCarProgressTrigger","System.Void","False","False","1","2A","","False"
"Assembly-CSharp.dll","RaceManager","GetCarLastProgressTrigger","ProgressTriggerLogic","False","False","1","2A","","True"
"Assembly-CSharp.dll","RaceManager","GetCarPosition","System.Int32","False","False","1","2A","","True"
"Assembly-CSharp.dll","RaceManager","GetCarInPosition","UnityEngine.GameObject","False","False","1","2A","","True"
"Assembly-CSharp.dll","RaceManager","GetCarLastTrackDistance","System.Single","False","False","1","2A","","True"
"Assembly-CSharp.dll","RaceManager","GetOrderedCarList","UnityEngine.GameObject[]","False","False","1","2A","","True"
"Assembly-CSharp.dll","RaceManager","StartMusic","System.Void","False","False","1","2A","","False"
"Assembly-CSharp.dll","RaceManager","InitRace","System.Void","False","False","1","2A","","False"
"Assembly-CSharp.dll","RaceManager","StartRaceRewind","System.Collections.IEnumerator","False","False","1","2A","","True"
"Assembly-CSharp.dll","RaceManager","PauseRace","System.Void","False","False","1","2A","","False"
"Assembly-CSharp.dll","RaceManager","GetPlayerCar","UnityEngine.GameObject","False","False","1","2A","","True"
"Assembly-CSharp.dll","RaceManager","IsPlayerCar","System.Boolean","False","False","1","2A","","True"
"Assembly-CSharp.dll","RaceManager","RecordSnapshot","System.Void","False","False","1","2A","","False"
"Assembly-CSharp.dll","RaceManager","GetCarIsActive","System.Boolean","False","False","1","2A","","True"
"Assembly-CSharp.dll","RaceManager","RaceRewind","System.Void","False","False","1","2A","","False"
"Assembly-CSharp.dll","RaceManager","<CalculateCarPositions>m__12","System.Int32","False","False","1","2A","","True"
"Assembly-CSharp.dll","RaceManager","<Init>m__13","System.Int32","False","False","1","2A","","True"
"Assembly-CSharp.dll","RaceManager","<EndRace>m__14","System.Int32","False","False","1","2A","","True"
"Assembly-CSharp.dll","RaceManager","<EndRace>m__15","System.Boolean","False","False","1","2A","","True"
"Assembly-CSharp.dll","RaceSettings","get_AICarts","RaceSettings+AICartSettings[]","False","False","1","2A","","True"
"Assembly-CSharp.dll","RaceSettings","get_RaceType","RaceSettings+RaceModes","False","False","1","2A","","True"
"Assembly-CSharp.dll","RaceSettings","set_RaceType","System.Void","False","False","1","2A","","False"
"Assembly-CSharp.dll","RaceSettings","GatherRequiredAssets","StreamManager+AssetCluster","False","False","1","2A","","True"
"Assembly-CSharp.dll","RaceSettings","DetermineAICars","System.Void","False","False","1","2A","","False"
"Assembly-CSharp.dll","RaceSettings","CleanupCoroutine","System.Collections.IEnumerator","False","False","1","2A","","True"
"Assembly-CSharp.dll","RaceSettings","Awake","System.Void","False","False","1","2A","","False"
"Assembly-CSharp.dll","RaceSettings","StartBundleLoads","System.Void","False","False","1","2A","","False"
"Assembly-CSharp.dll","RaceSettings","Launch","System.Void","False","False","1","2A","","False"
"Assembly-CSharp.dll","RaceSettings","GetCircuit","System.Int32","False","False","1","2A","","True"
"Assembly-CSharp.dll","RaceSettings","<DetermineAICars>m__17","System.Boolean","False","False","1","2A","","True"
"Assembly-CSharp.dll","RaceSettings","<DetermineAICars>m__18","System.Boolean","False","False","1","2A","","True"
"Assembly-CSharp.dll","ResetTrigger","OnTriggerEnter","System.Void","False","False","1","2A","","False"
"Assembly-CSharp.dll","RocketRideRemover","Start","System.Void","False","False","1","2A","","False"
"Assembly-CSharp.dll","RocketRideRemover","Update","System.Void","False","False","1","2A","","False"
"Assembly-CSharp.dll","RocketRideRemover","OnTriggerEnter","System.Void","False","False","1","2A","","False"
"Assembly-CSharp.dll","SpeedPoint","ProjectOnSPLine","System.Boolean","False","False","1","2A","","True"
"Assembly-CSharp.dll","SpeedPoint","GetSPLinePoint","UnityEngine.Vector3","False","False","1","2A","","True"
"Assembly-CSharp.dll","SpeedPoint","GetSPLine","UnityEngine.Vector3","False","False","1","2A","","True"
"Assembly-CSharp.dll","SpeedPoint","IsPointForward","System.Boolean","False","False","1","2A","","True"
"Assembly-CSharp.dll","SpeedPoint","FindClosestSpeedPoint","SpeedPoint","False","False","1","2A","","True"
"Assembly-CSharp.dll","SpeedPoint","OnDrawGizmos","System.Void","False","False","1","2A","","False"
"Assembly-CSharp.dll","WaypointLogic","get_distanceToPrev","System.Single","False","False","1","2A","","True"
"Assembly-CSharp.dll","WaypointLogic","ProjectOnWPLine","System.Boolean","False","False","1","2A","","True"
"Assembly-CSharp.dll","WaypointLogic","GetTrackPoint","UnityEngine.Vector3","False","False","1","2A","","True"
"Assembly-CSharp.dll","WaypointLogic","GetWallDistanceAtPoint","System.Single","False","False","1","2A","","True"
"Assembly-CSharp.dll","WaypointLogic","GetWallOffsetForPoint","UnityEngine.Vector3","False","False","1","2A","","True"
"Assembly-CSharp.dll","WaypointLogic","GetTrackDistanceForPoint","System.Single","False","False","1","2A","","True"
"Assembly-CSharp.dll","WaypointLogic","FindClosestWaypoint","WaypointLogic","False","False","1","2A","","True"
"Assembly-CSharp.dll","WaypointLogic","FindNextWaypoint","WaypointLogic","False","False","1","2A","","True"
"Assembly-CSharp.dll","WaypointLogic","FindWallDistance","System.Single","False","False","1","2A","","True"
"Assembly-CSharp.dll","WaypointLogic","WaypointPrecalculations","System.Void","False","False","1","2A","","False"
"Assembly-CSharp.dll","WaypointLogic","OnDrawGizmos","System.Void","False","False","1","2A","","False"
"Assembly-CSharp.dll","TrackUnlockHelper","get_DebugUnlock","System.Boolean","False","False","1","2A","","True"
"Assembly-CSharp.dll","TrackUnlockHelper","set_DebugUnlock","System.Void","False","False","1","2A","","False"
"Assembly-CSharp.dll","TrackUnlockHelper","Start","System.Collections.IEnumerator","False","False","1","2A","","True"
"Assembly-CSharp.dll","TrackUnlockHelper","get_CanPranksgiving","System.Boolean","False","False","1","2A","","True"
"Assembly-CSharp.dll","TrackUnlockHelper","GetHasEnoughMedals","System.Boolean","False","False","1","2A","","True"
"Assembly-CSharp.dll","TrackUnlockHelper","GetCircuitMedalCount","System.Int32","False","False","1","2A","","True"
"Assembly-CSharp.dll","TrackUnlockHelper","IsCircuitUnlocked","System.Boolean","False","False","1","2A","","True"
"Assembly-CSharp.dll","TrackUnlockHelper","CheckForPreraceSetupUnlock","System.Boolean","False","False","1","2A","","True"
"Assembly-CSharp.dll","TrackUnlockHelper","UnlockAllEverything","System.Void","False","False","1","2A","","False"
"Assembly-CSharp.dll","TrackUnlockHelper","RelockEverything","System.Void","False","False","1","2A","","False"
"Assembly-CSharp.dll","TrackUnlockHelper","GetHighestTrackPlace","System.Int32","False","False","1","2A","","True"
"Assembly-CSharp.dll","TrackUnlockHelper","TestForUltraHard","System.Boolean","False","False","1","2A","","True"
"Assembly-CSharp.dll","TrackUnlockHelper","GetTrackMedalCount","System.Int32","False","False","1","2A","","True"
"Assembly-CSharp.dll","TrackUnlockHelper","GetCircuitTracks","UnityEngine.GameObject[]","False","False","1","2A","","True"
"Assembly-CSharp.dll","TriFoot","get_leadFoot","UnityEngine.Vector3","False","False","1","2A","","True"
"Assembly-CSharp.dll","TriFoot","set_leadFoot","System.Void","False","False","1","2A","","False"
"Assembly-CSharp.dll","TriFoot","get_leftFoot","UnityEngine.Vector3","False","False","1","2A","","True"
"Assembly-CSharp.dll","TriFoot","set_leftFoot","System.Void","False","False","1","2A","","False"
"Assembly-CSharp.dll","TriFoot","get_rightFoot","UnityEngine.Vector3","False","False","1","2A","","True"
"Assembly-CSharp.dll","TriFoot","set_rightFoot","System.Void","False","False","1","2A","","False"
"Assembly-CSharp.dll","TriFoot","get_forward","UnityEngine.Vector3","False","False","1","2A","","True"
"Assembly-CSharp.dll","TriFoot","set_forward","System.Void","False","False","1","2A","","False"
"Assembly-CSharp.dll","TriFoot","get_right","UnityEngine.Vector3","False","False","1","2A","","True"
"Assembly-CSharp.dll","TriFoot","set_right","System.Void","False","False","1","2A","","False"
"Assembly-CSharp.dll","TriFoot","get_up","UnityEngine.Vector3","False","False","1","2A","","True"
"Assembly-CSharp.dll","TriFoot","set_up","System.Void","False","False","1","2A","","False"
"Assembly-CSharp.dll","TriFoot","TriFootTest","System.Void","False","False","1","2A","","False"
"Assembly-CSharp.dll","TriFoot","UpsideDownTest","System.Void","False","False","1","2A","","False"
"Assembly-CSharp.dll","TriFoot","Start","System.Void","False","False","1","2A","","False"
"Assembly-CSharp.dll","TriFoot","FixedUpdate","System.Void","False","False","1","2A","","False"
"Assembly-CSharp.dll","TriFoot","GimpedTrifootCoroutine","System.Collections.IEnumerator","False","False","1","2A","","True"
"Assembly-CSharp.dll","TriFoot","OnDrawGizmos","System.Void","False","False","1","2A","","False"
"Assembly-CSharp.dll","DebugLapButtonPublisher","Start","System.Void","False","False","1","2A","","False"
"Assembly-CSharp.dll","DebugLapButtonPublisher","Update","System.Void","False","False","1","2A","","False"
"Assembly-CSharp.dll","DebugLapButtonPublisher","OnButtonPressed","System.Void","False","False","1","2A","","False"
"Assembly-CSharp.dll","DebugMoreCoinsPublisher","ReBuyHelper","System.Void","False","False","1","2A","","False"
"Assembly-CSharp.dll","DebugMoreCoinsPublisher","DestroyThis","System.Collections.IEnumerator","False","False","1","2A","","True"
"Assembly-CSharp.dll","DebugMoreCoinsPublisher","Start","System.Void","False","False","1","2A","","False"
"Assembly-CSharp.dll","DebugMoreCoinsPublisher","CoinPackOnePressed","System.Void","False","False","1","2A","","False"
"Assembly-CSharp.dll","DebugMoreCoinsPublisher","CoinPackTwoPressed","System.Void","False","False","1","2A","","False"
"Assembly-CSharp.dll","DebugMoreCoinsPublisher","CoinPackThreePressed","System.Void","False","False","1","2A","","False"
"Assembly-CSharp.dll","DebugMoreCoinsPublisher","CancelPressed","System.Void","False","False","1","2A","","False"
"Assembly-CSharp.dll","DebugMoreCoinsPublisher","GetInstance","DebugMoreCoinsPublisher","False","False","1","2A","","True"
"Assembly-CSharp.dll","DebugMoreCoinsPublisher","AddButtonsToLegalControls","System.Void","False","False","1","2A","","False"
"Assembly-CSharp.dll","DebugRaceResultPublisher","Start","System.Void","False","False","1","2A","","False"
"Assembly-CSharp.dll","DebugRaceResultPublisher","PressedDoneButton","System.Void","False","False","1","2A","","False"
"Assembly-CSharp.dll","DebugRaceResultPublisher","PressedRewindButton","System.Void","False","False","1","2A","","False"
"Assembly-CSharp.dll","DebugRewindDialogPublisher","Start","System.Void","False","False","1","2A","","False"
"Assembly-CSharp.dll","DebugRewindDialogPublisher","Update","System.Void","False","False","1","2A","","False"
"Assembly-CSharp.dll","DebugRewindDialogPublisher","OnRewindPressed","System.Void","False","False","1","2A","","False"
"Assembly-CSharp.dll","DebugRewindDialogPublisher","OnCancelPressed","System.Void","False","False","1","2A","","False"
"Assembly-CSharp.dll","AchievementCategoryPublisher","Start","System.Void","False","False","1","2A","","False"
"Assembly-CSharp.dll","AchievementCategoryPublisher","OnPressedTracks","System.Void","False","False","1","2A","","False"
"Assembly-CSharp.dll","AchievementCategoryPublisher","OnPressedCoins","System.Void","False","False","1","2A","","False"
"Assembly-CSharp.dll","AchievementCategoryPublisher","OnPressedStunts","System.Void","False","False","1","2A","","False"
"Assembly-CSharp.dll","AchievementCategoryPublisher","OnPressedPowerups","System.Void","False","False","1","2A","","False"
"Assembly-CSharp.dll","AchievementPanelPublisher","get_Achievement","AchievementListener","False","False","1","2A","","True"
"Assembly-CSharp.dll","AchievementPanelPublisher","set_Achievement","System.Void","False","False","1","2A","","False"
"Assembly-CSharp.dll","AchievementPanelPublisher","Refresh","System.Void","False","False","1","2A","","False"
"Assembly-CSharp.dll","AchievementUI","AnimatePanelOutCoroutine","System.Collections.IEnumerator","False","False","1","2A","","True"
"Assembly-CSharp.dll","AchievementUI","AnimatePanelInCoroutine","System.Collections.IEnumerator","False","False","1","2A","","True"
"Assembly-CSharp.dll","AchievementUI","GetCurrentSurface","AchievementPanelPublisher[]","False","False","1","2A","","True"
"Assembly-CSharp.dll","AchievementUI","SwapSurface","AchievementPanelPublisher[]","False","False","1","2A","","True"
"Assembly-CSharp.dll","AchievementUI","SetPage","System.Void","False","False","1","2A","","False"
"Assembly-CSharp.dll","AchievementUI","BuildFilteredList","System.Void","False","False","1","2A","","False"
"Assembly-CSharp.dll","AchievementUI","Start","System.Void","False","False","1","2A","","False"
"Assembly-CSharp.dll","AchievementUI","OnPressedNext","System.Void","False","False","1","2A","","False"
"Assembly-CSharp.dll","AchievementUI","OnPressedPrev","System.Void","False","False","1","2A","","False"
"Assembly-CSharp.dll","AchievementUI","OnPressedBack","System.Void","False","False","1","2A","","False"
"Assembly-CSharp.dll","AchievementWindowPublisher","Awake","System.Void","False","False","1","2A","","False"
"Assembly-CSharp.dll","AchievementWindowPublisher","PressedWindow","System.Void","False","False","1","2A","","False"
"Assembly-CSharp.dll","AchievementWindowPublisher","DestroyThis","System.Collections.IEnumerator","False","False","1","2A","","True"
"Assembly-CSharp.dll","AchievementWindowPublisher","TriggerAnimIn","System.Void","False","False","1","2A","","False"
"Assembly-CSharp.dll","AchievementWindowPublisher","AnimInHelper","System.Collections.IEnumerator","False","False","1","2A","","True"
"Assembly-CSharp.dll","AchievementWindowPublisher","SetContent","System.Void","False","False","1","2A","","False"
"Assembly-CSharp.dll","AchievementWindowPublisher","SetNextWindow","System.Void","False","False","1","2A","","False"
"Assembly-CSharp.dll","AgeGatePopup","GetOperatorSymbol","System.String","False","False","1","2A","","True"
"Assembly-CSharp.dll","AgeGatePopup","ExecuteOperator","System.Int32","False","False","1","2A","","True"
"Assembly-CSharp.dll","AgeGatePopup","CalcAnswer","System.Void","False","False","1","2A","","False"
"Assembly-CSharp.dll","AgeGatePopup","SetupButton","System.Void","False","False","1","2A","","False"
"Assembly-CSharp.dll","AgeGatePopup","SetupProblem","System.Void","False","False","1","2A","","False"
"Assembly-CSharp.dll","AgeGatePopup","AddCharacterToAnswer","System.Void","False","False","1","2A","","False"
"Assembly-CSharp.dll","AgeGatePopup","TestAnswer","System.Void","False","False","1","2A","","False"
"Assembly-CSharp.dll","AgeGatePopup","Start","System.Void","False","False","1","2A","","False"
"Assembly-CSharp.dll","AgeGatePopup","Update","System.Void","False","False","1","2A","","False"
"Assembly-CSharp.dll","AgeGatePopup","<Start>m__1E","System.Void","False","False","1","2A","","False"
"Assembly-CSharp.dll","AgeGatePopup","<Start>m__1F","System.Void","False","False","1","2A","","False"
"Assembly-CSharp.dll","CartCustomizerPublisher","GetPaintMenuIsOut","System.Boolean","False","False","1","2A","","True"
"Assembly-CSharp.dll","CartCustomizerPublisher","get_CurrentSlot","CartSlot+Slots","False","False","1","2A","","True"
"Assembly-CSharp.dll","CartCustomizerPublisher","PopulatePaintMenu","System.Void","False","False","1","2A","","False"
"Assembly-CSharp.dll","CartCustomizerPublisher","CameraWaitAndRefresh","System.Collections.IEnumerator","False","False","1","2A","","True"
"Assembly-CSharp.dll","CartCustomizerPublisher","SetCameraToSlot","System.Void","False","False","1","2A","","False"
"Assembly-CSharp.dll","CartCustomizerPublisher","ResetPreviewSlot","System.Void","False","False","1","2A","","False"
"Assembly-CSharp.dll","CartCustomizerPublisher","ResetPaintInSlot","System.Void","False","False","1","2A","","False"
"Assembly-CSharp.dll","CartCustomizerPublisher","SetToSpecificPart","System.Void","False","False","1","2A","","False"
"Assembly-CSharp.dll","CartCustomizerPublisher","SwitchFormType","System.Void","False","False","1","2A","","False"
"Assembly-CSharp.dll","CartCustomizerPublisher","SwitchSlot","System.Void","False","False","1","2A","","False"
"Assembly-CSharp.dll","CartCustomizerPublisher","SetStatBar","System.Void","False","False","1","2A","","False"
"Assembly-CSharp.dll","CartCustomizerPublisher","RefreshStatBars","System.Void","False","False","1","2A","","False"
"Assembly-CSharp.dll","CartCustomizerPublisher","PressedBuyPaint","System.Void","False","False","1","2A","","False"
"Assembly-CSharp.dll","CartCustomizerPublisher","PressedOkPaint","System.Void","False","False","1","2A","","False"
"Assembly-CSharp.dll","CartCustomizerPublisher","OpenBuyPaint","System.Void","False","False","1","2A","","False"
"Assembly-CSharp.dll","CartCustomizerPublisher","OpenPaintIsLocked","System.Void","False","False","1","2A","","False"
"Assembly-CSharp.dll","CartCustomizerPublisher","RefreshToggles","System.Void","False","False","1","2A","","False"
"Assembly-CSharp.dll","CartCustomizerPublisher","RefreshFormToggles","System.Void","False","False","1","2A","","False"
"Assembly-CSharp.dll","CartCustomizerPublisher","SlideBodyFormBox","System.Collections.IEnumerator","False","False","1","2A","","True"
"Assembly-CSharp.dll","CartCustomizerPublisher","RefreshNavBlips","System.Void","False","False","1","2A","","False"
"Assembly-CSharp.dll","CartCustomizerPublisher","RefreshDisplay","System.Void","False","False","1","2A","","False"
"Assembly-CSharp.dll","CartCustomizerPublisher","InitialWaitForLoadCoroutine","System.Collections.IEnumerator","False","False","1","2A","","True"
"Assembly-CSharp.dll","CartCustomizerPublisher","Start","System.Collections.IEnumerator","False","False","1","2A","","True"
"Assembly-CSharp.dll","CartCustomizerPublisher","Update","System.Void","False","False","1","2A","","False"
"Assembly-CSharp.dll","CartCustomizerPublisher","PressedBodySlot","System.Void","False","False","1","2A","","False"
"Assembly-CSharp.dll","CartCustomizerPublisher","PressedScoopSlot","System.Void","False","False","1","2A","","False"
"Assembly-CSharp.dll","CartCustomizerPublisher","PressedSpoilerSlot","System.Void","False","False","1","2A","","False"
"Assembly-CSharp.dll","CartCustomizerPublisher","PressedThrusterSlot","System.Void","False","False","1","2A","","False"
"Assembly-CSharp.dll","CartCustomizerPublisher","PressedWheelsSlot","System.Void","False","False","1","2A","","False"
"Assembly-CSharp.dll","CartCustomizerPublisher","PressedBikeForm","System.Void","False","False","1","2A","","False"
"Assembly-CSharp.dll","CartCustomizerPublisher","PressedTrikeForm","System.Void","False","False","1","2A","","False"
"Assembly-CSharp.dll","CartCustomizerPublisher","PressedTruckForm","System.Void","False","False","1","2A","","False"
"Assembly-CSharp.dll","CartCustomizerPublisher","PressedRightArrow","System.Void","False","False","1","2A","","False"
"Assembly-CSharp.dll","CartCustomizerPublisher","PressedLeftArrow","System.Void","False","False","1","2A","","False"
"Assembly-CSharp.dll","CartCustomizerPublisher","PressedUpArrow","System.Void","False","False","1","2A","","False"
"Assembly-CSharp.dll","CartCustomizerPublisher","PressedDownArrow","System.Void","False","False","1","2A","","False"
"Assembly-CSharp.dll","CartCustomizerPublisher","PressedAction","System.Void","False","False","1","2A","","False"
"Assembly-CSharp.dll","CartCustomizerPublisher","BuyPart","System.Boolean","False","False","1","2A","","True"
"Assembly-CSharp.dll","CartCustomizerPublisher","EquipPart","System.Void","False","False","1","2A","","False"
"Assembly-CSharp.dll","CartCustomizerPublisher","CloseLockedMenu","System.Void","False","False","1","2A","","False"
"Assembly-CSharp.dll","CartCustomizerPublisher","PressedPaint","System.Void","False","False","1","2A","","False"
"Assembly-CSharp.dll","CartCustomizerPublisher","PressedClosePaint","System.Void","False","False","1","2A","","False"
"Assembly-CSharp.dll","CartCustomizerPublisher","OnDisable","System.Void","False","False","1","2A","","False"
"Assembly-CSharp.dll","CartCustomizerPublisher","Refresh","System.Void","False","False","1","2A","","False"
"Assembly-CSharp.dll","CartCustomizerPublisher","SetViewingPaintIndex","System.Void","False","False","1","2A","","False"
"Assembly-CSharp.dll","CartCustomizerPublisher","IsTemporaryInSlot","System.Boolean","False","False","1","2A","","True"
"Assembly-CSharp.dll","CartCustomizerPublisher","OnBodyToggleChanged","System.Void","False","False","1","2A","","False"
"Assembly-CSharp.dll","CartCustomizerPublisher","OnScoopToggleChanged","System.Void","False","False","1","2A","","False"
"Assembly-CSharp.dll","CartCustomizerPublisher","OnSpoilerToggleChanged","System.Void","False","False","1","2A","","False"
"Assembly-CSharp.dll","CartCustomizerPublisher","OnThrusterToggleChanged","System.Void","False","False","1","2A","","False"
"Assembly-CSharp.dll","CartCustomizerPublisher","OnWheelToggleChanged","System.Void","False","False","1","2A","","False"
"Assembly-CSharp.dll","CartCustomizerPublisher","OnBikeToggleChanged","System.Void","False","False","1","2A","","False"
"Assembly-CSharp.dll","CartCustomizerPublisher","OnTrikeToggleChanged","System.Void","False","False","1","2A","","False"
"Assembly-CSharp.dll","CartCustomizerPublisher","OnTruckToggleChanged","System.Void","False","False","1","2A","","False"
"Assembly-CSharp.dll","CharacterButtonPublisher","OnPressedButton","System.Void","False","False","1","2A","","False"
"Assembly-CSharp.dll","CharacterPreview","Update","System.Void","False","False","1","2A","","False"
"Assembly-CSharp.dll","CharacterPreview","PlayRandomIdleAnimation","System.Void","False","False","1","2A","","False"
"Assembly-CSharp.dll","CharacterPreview","OnDestroy","System.Void","False","False","1","2A","","False"
"Assembly-CSharp.dll","CharacterPreview","SetCharacter","System.Void","False","False","1","2A","","False"
"Assembly-CSharp.dll","CharacterPreview","Refresh","System.Void","False","False","1","2A","","False"
"Assembly-CSharp.dll","CharacterPreview","Blackout","System.Void","False","False","1","2A","","False"
"Assembly-CSharp.dll","CharacterPreview","Unhide","System.Void","False","False","1","2A","","False"
"Assembly-CSharp.dll","CharacterPreview","Hide","System.Void","False","False","1","2A","","False"
"Assembly-CSharp.dll","CharacterSelectPublisher","Awake","System.Void","False","False","1","2A","","False"
"Assembly-CSharp.dll","CharacterSelectPublisher","LoadInLocalizedAssets","System.Collections.IEnumerator","False","False","1","2A","","True"
"Assembly-CSharp.dll","CharacterSelectPublisher","SetCharacter","System.Void","False","False","1","2A","","False"
"Assembly-CSharp.dll","CharacterSelectPublisher","RefreshCharacter","System.Void","False","False","1","2A","","False"
"Assembly-CSharp.dll","CharacterSelectPublisher","SetStatBar","System.Void","False","False","1","2A","","False"
"Assembly-CSharp.dll","CharacterSelectPublisher","RefreshStatBars","System.Void","False","False","1","2A","","False"
"Assembly-CSharp.dll","CharacterSelectPublisher","RefreshDisplay","System.Void","False","False","1","2A","","False"
"Assembly-CSharp.dll","CharacterSelectPublisher","Start","System.Void","False","False","1","2A","","False"
"Assembly-CSharp.dll","CharacterSelectPublisher","Update","System.Void","False","False","1","2A","","False"
"Assembly-CSharp.dll","CharacterSelectPublisher","OnDestroy","System.Void","False","False","1","2A","","False"
"Assembly-CSharp.dll","CharacterSelectPublisher","PressedRightArrow","System.Void","False","False","1","2A","","False"
"Assembly-CSharp.dll","CharacterSelectPublisher","PressedLeftArrow","System.Void","False","False","1","2A","","False"
"Assembly-CSharp.dll","CharacterSelectPublisher","PressedAction","System.Void","False","False","1","2A","","False"
"Assembly-CSharp.dll","CharacterSelectPublisher","IsTemporary","System.Boolean","False","False","1","2A","","True"
"Assembly-CSharp.dll","CharacterSelectPublisher","UpdateLogo","System.Void","False","False","1","2A","","False"
"Assembly-CSharp.dll","CharacterSelectPublisher","<Start>m__23","System.Boolean","False","False","1","2A","","True"
"Assembly-CSharp.dll","CloudStrap","ContinueToFrontEnd","System.Void","False","False","1","2A","","False"
"Assembly-CSharp.dll","CloudStrap","Start","System.Void","False","False","1","2A","","False"
"Assembly-CSharp.dll","ConfirmationPublisher","Start","System.Void","False","False","1","2A","","False"
"Assembly-CSharp.dll","ConfirmationPublisher","Update","System.Void","False","False","1","2A","","False"
"Assembly-CSharp.dll","ConfirmationPublisher","PressedYes","System.Void","False","False","1","2A","","False"
"Assembly-CSharp.dll","ConfirmationPublisher","PressedNo","System.Void","False","False","1","2A","","False"
"Assembly-CSharp.dll","ConfirmationPublisher","Close","System.Collections.IEnumerator","False","False","1","2A","","True"
"Assembly-CSharp.dll","ConfirmationPublisher","DestroyThis","System.Collections.IEnumerator","False","False","1","2A","","True"
"Assembly-CSharp.dll","CreditsPublisher","Start","System.Void","False","False","1","2A","","False"
"Assembly-CSharp.dll","CreditsPublisher","Update","System.Void","False","False","1","2A","","False"
"Assembly-CSharp.dll","CreditsPublisher","PressedBackButton","System.Void","False","False","1","2A","","False"
"Assembly-CSharp.dll","CreditsPublisher","PressedCustomerSupport","System.Void","False","False","1","2A","","False"
"Assembly-CSharp.dll","CreditsPublisher","PressedPrivacyButton","System.Void","False","False","1","2A","","False"
"Assembly-CSharp.dll","CreditsPublisher","PressedTermsOfUseButton","System.Void","False","False","1","2A","","False"
"Assembly-CSharp.dll","CreditsPublisher","PressedLinkButton","System.Void","False","False","1","2A","","False"
"Assembly-CSharp.dll","DailyBonusPublisher","Start","System.Void","False","False","1","2A","","False"
"Assembly-CSharp.dll","DailyBonusPublisher","Update","System.Void","False","False","1","2A","","False"
"Assembly-CSharp.dll","DailyBonusPublisher","OnPressed","System.Void","False","False","1","2A","","False"
"Assembly-CSharp.dll","DailyBonusPublisher","DestroyThis","System.Collections.IEnumerator","False","False","1","2A","","True"
"Assembly-CSharp.dll","DifficultyMenuPublisher","CalculateCompletion","System.Single","False","False","1","2A","","True"
"Assembly-CSharp.dll","DifficultyMenuPublisher","ShowPopover","System.Void","False","False","1","2A","","False"
"Assembly-CSharp.dll","DifficultyMenuPublisher","Start","System.Void","False","False","1","2A","","False"
"Assembly-CSharp.dll","DifficultyMenuPublisher","PushedEasy","System.Void","False","False","1","2A","","False"
"Assembly-CSharp.dll","DifficultyMenuPublisher","PushedMedium","System.Void","False","False","1","2A","","False"
"Assembly-CSharp.dll","DifficultyMenuPublisher","PushedHard","System.Void","False","False","1","2A","","False"
"Assembly-CSharp.dll","FrontEndCamera","get_isTransitioning","System.Boolean","False","False","1","2A","","True"
"Assembly-CSharp.dll","FrontEndCamera","StartTransition","System.Void","False","False","1","2A","","False"
"Assembly-CSharp.dll","FrontEndCamera","Start","System.Void","False","False","1","2A","","False"
"Assembly-CSharp.dll","FrontEndCamera","FixedUpdate","System.Void","False","False","1","2A","","False"
"Assembly-CSharp.dll","FrontEndCamera","SetCameraTarget","System.Void","False","False","1","2A","","False"
"Assembly-CSharp.dll","FrontEndCamera","SetCameraTargetByIndex","System.Void","False","False","1","2A","","False"
"Assembly-CSharp.dll","FrontEndCamera","ForceCameraTarget","System.Void","False","False","1","2A","","False"
"Assembly-CSharp.dll","FrontEndCameraTarget","OnDrawGizmos","System.Void","False","False","1","2A","","False"
"Assembly-CSharp.dll","FrontEndLogic","get_CurrentMenu","FrontEndLogic+MenuStruct","False","False","1","2A","","True"
"Assembly-CSharp.dll","FrontEndLogic","GetInstance","FrontEndLogic","False","False","1","2A","","True"
"Assembly-CSharp.dll","FrontEndLogic","HideMenu","System.Void","False","False","1","2A","","False"
"Assembly-CSharp.dll","FrontEndLogic","HideMenuHelper","System.Collections.IEnumerator","False","False","1","2A","","True"
"Assembly-CSharp.dll","FrontEndLogic","StartMenuTransition","System.Void","False","False","1","2A","","False"
"Assembly-CSharp.dll","FrontEndLogic","CheckMenuTransitionOK","System.Collections.IEnumerator","False","False","1","2A","","True"
"Assembly-CSharp.dll","FrontEndLogic","PlayRandomWhoosh","System.Void","False","False","1","2A","","False"
"Assembly-CSharp.dll","FrontEndLogic","CheckForDailyBonus","System.Void","False","False","1","2A","","False"
"Assembly-CSharp.dll","FrontEndLogic","PopupDailyBonusNote","System.Void","False","False","1","2A","","False"
"Assembly-CSharp.dll","FrontEndLogic","GiveDailyBonus","System.Void","False","False","1","2A","","False"
"Assembly-CSharp.dll","FrontEndLogic","Start","System.Void","False","False","1","2A","","False"
"Assembly-CSharp.dll","FrontEndLogic","Update","System.Void","False","False","1","2A","","False"
"Assembly-CSharp.dll","FrontEndLogic","OnApplicationPause","System.Void","False","False","1","2A","","False"
"Assembly-CSharp.dll","FrontEndLogic","RequestMenuChange","System.Void","False","False","1","2A","","False"
"Assembly-CSharp.dll","FrontEndLogic","NeedMoreCoins","System.Void","False","False","1","2A","","False"
"Assembly-CSharp.dll","FrontEndTutorialHandler","get_ActiveTutorial","System.Boolean","False","False","1","2A","","True"
"Assembly-CSharp.dll","FrontEndTutorialHandler","set_ActiveTutorial","System.Void","False","False","1","2A","","False"
"Assembly-CSharp.dll","FrontEndTutorialHandler","GetNextTutorial","FrontEndTutorialHandler+TutorialSettings","False","False","1","2A","","True"
"Assembly-CSharp.dll","FrontEndTutorialHandler","TriggerNext","System.Void","False","False","1","2A","","False"
"Assembly-CSharp.dll","FrontEndTutorialHandler","Update","System.Void","False","False","1","2A","","False"
"Assembly-CSharp.dll","FrontEndTutorialHandler","Start","System.Void","False","False","1","2A","","False"
"Assembly-CSharp.dll","FrontEndTutorialHandler","OnDisable","System.Void","False","False","1","2A","","False"
"Assembly-CSharp.dll","FrontEndTutorialHandler","ChangedShifterUISlot","System.Void","False","False","1","2A","","False"
"Assembly-CSharp.dll","FrontEndTutorialPublisher","PulseArrowCoroutine","System.Collections.IEnumerator","False","False","1","2A","","True"
"Assembly-CSharp.dll","FrontEndTutorialPublisher","FadeInCoroutine","System.Collections.IEnumerator","False","False","1","2A","","True"
"Assembly-CSharp.dll","FrontEndTutorialPublisher","Resize","System.Void","False","False","1","2A","","False"
"Assembly-CSharp.dll","FrontEndTutorialPublisher","RegisterControlListeners","System.Void","False","False","1","2A","","False"
"Assembly-CSharp.dll","FrontEndTutorialPublisher","UnregisterControlListeners","System.Void","False","False","1","2A","","False"
"Assembly-CSharp.dll","FrontEndTutorialPublisher","Start","System.Void","False","False","1","2A","","False"
"Assembly-CSharp.dll","FrontEndTutorialPublisher","StartHelper","System.Collections.IEnumerator","False","False","1","2A","","True"
"Assembly-CSharp.dll","FrontEndTutorialPublisher","OnPressedDismiss","System.Void","False","False","1","2A","","False"
"Assembly-CSharp.dll","FrontEndTutorialPublisher","OnTargetButtonPressed","System.Void","False","False","1","2A","","False"
"Assembly-CSharp.dll","FrontEndTutorialPublisher","OnTargetTogglePressed","System.Void","False","False","1","2A","","False"
"Assembly-CSharp.dll","FrontEndTutorialPublisher","OnEnabled","System.Void","False","False","1","2A","","False"
"Assembly-CSharp.dll","FrontEndTutorialPublisher","OnDisabled","System.Void","False","False","1","2A","","False"
"Assembly-CSharp.dll","FrontEndTutorialPublisher","SetText","System.Void","False","False","1","2A","","False"
"Assembly-CSharp.dll","FrontEndTutorialPublisher","SetAnchorPoint","System.Void","False","False","1","2A","","False"
"Assembly-CSharp.dll","FrontEndTutorialPublisher","SetTargetControls","System.Void","False","False","1","2A","","False"
"Assembly-CSharp.dll","GenericPopupPublisher","Start","System.Void","False","False","1","2A","","False"
"Assembly-CSharp.dll","GenericPopupPublisher","Update","System.Void","False","False","1","2A","","False"
"Assembly-CSharp.dll","GenericPopupPublisher","SetText","System.Void","False","False","1","2A","","False"
"Assembly-CSharp.dll","GenericPopupPublisher","PressedBacking","System.Void","False","False","1","2A","","False"
"Assembly-CSharp.dll","GenericPopupPublisher","DestroyThis","System.Collections.IEnumerator","False","False","1","2A","","True"
"Assembly-CSharp.dll","LoadingPublisher","WaitForAssetBundles","System.Collections.IEnumerator","False","False","1","2A","","True"
"Assembly-CSharp.dll","LoadingPublisher","WaitForCartConstruction","System.Collections.IEnumerator","False","False","1","2A","","True"
"Assembly-CSharp.dll","LoadingPublisher","WaitForLevelLoad","System.Collections.IEnumerator","False","False","1","2A","","True"
"Assembly-CSharp.dll","LoadingPublisher","SetupMissionText","System.Collections.IEnumerator","False","False","1","2A","","True"
"Assembly-CSharp.dll","LoadingPublisher","LoadingProcess","System.Collections.IEnumerator","False","False","1","2A","","True"
"Assembly-CSharp.dll","LoadingPublisher","FadeAndDestroyCoroutine","System.Collections.IEnumerator","False","False","1","2A","","True"
"Assembly-CSharp.dll","LoadingPublisher","Start","System.Void","False","False","1","2A","","False"
"Assembly-CSharp.dll","LoadingPublisher","Update","System.Void","False","False","1","2A","","False"
"Assembly-CSharp.dll","LoadingPublisher","PressedGoButton","System.Void","False","False","1","2A","","False"
"Assembly-CSharp.dll","LoadingPublisher","SetAssetCluster","System.Void","False","False","1","2A","","False"
"Assembly-CSharp.dll","LocalizeCloudStrap","Awake","System.Void","False","False","1","2A","","False"
"Assembly-CSharp.dll","LocalizeCloudStrap","Start","System.Void","False","False","1","2A","","False"
"Assembly-CSharp.dll","LocalizeCloudStrap","Update","System.Void","False","False","1","2A","","False"
"Assembly-CSharp.dll","MoreDisneyLogic","WaitForDestroy","System.Collections.IEnumerator","False","False","1","2A","","True"
"Assembly-CSharp.dll","MoreDisneyLogic","Start","System.Void","False","False","1","2A","","False"
"Assembly-CSharp.dll","PaintSlotPublisher","PressedPaintButton","System.Void","False","False","1","2A","","False"
"Assembly-CSharp.dll","PaintSlotPublisher","Start","System.Void","False","False","1","2A","","False"
"Assembly-CSharp.dll","PaintSlotPublisher","SetPaint","System.Void","False","False","1","2A","","False"
"Assembly-CSharp.dll","PaintSlotPublisher","OnDestroy","System.Void","False","False","1","2A","","False"
"Assembly-CSharp.dll","PlayMenuPublisher","Update","System.Void","False","False","1","2A","","False"
"Assembly-CSharp.dll","PlayMenuPublisher","Start","System.Void","False","False","1","2A","","False"
"Assembly-CSharp.dll","PlayMenuPublisher","PressedPlayButton","System.Void","False","False","1","2A","","False"
"Assembly-CSharp.dll","PlayMenuPublisher","PressedMoreDisney","System.Void","False","False","1","2A","","False"
"Assembly-CSharp.dll","PlayMenuPublisher","PressedSettings","System.Void","False","False","1","2A","","False"
"Assembly-CSharp.dll","PlayMenuPublisher","PressedInfo","System.Void","False","False","1","2A","","False"
"Assembly-CSharp.dll","PlayMenuPublisher","StartTutorial","System.Void","False","False","1","2A","","False"
"Assembly-CSharp.dll","PlayMenuPublisher","StartTutLoad","System.Collections.IEnumerator","False","False","1","2A","","True"
"Assembly-CSharp.dll","PlaySummaryPublisher","Refresh","System.Void","False","False","1","2A","","False"
"Assembly-CSharp.dll","PlaySummaryPublisher","Start","System.Void","False","False","1","2A","","False"
"Assembly-CSharp.dll","PlaySummaryPublisher","FixedUpdate","System.Void","False","False","1","2A","","False"
"Assembly-CSharp.dll","PlaySummaryPublisher","PressedPlayButton","System.Void","False","False","1","2A","","False"
"Assembly-CSharp.dll","PlaySummaryPublisher","PressedModeArrowLeft","System.Void","False","False","1","2A","","False"
"Assembly-CSharp.dll","PlaySummaryPublisher","PressedModeArrowRight","System.Void","False","False","1","2A","","False"
"Assembly-CSharp.dll","PlaySummaryPublisher","PressedDifficultyArrowLeft","System.Void","False","False","1","2A","","False"
"Assembly-CSharp.dll","PlaySummaryPublisher","PressedDifficultyArrowRight","System.Void","False","False","1","2A","","False"
"Assembly-CSharp.dll","PlaySummaryPublisher","TestForUltraHard","System.Boolean","False","False","1","2A","","True"
"Assembly-CSharp.dll","PlaySummaryPublisher","PressedBackButton","System.Void","False","False","1","2A","","False"
"Assembly-CSharp.dll","PlaySummaryPublisher","UpdateTrackIcon","System.Void","False","False","1","2A","","False"
"Assembly-CSharp.dll","PopoverPublisher","Start","System.Void","False","False","1","2A","","False"
"Assembly-CSharp.dll","PopoverPublisher","FixedUpdate","System.Void","False","False","1","2A","","False"
"Assembly-CSharp.dll","PopoverPublisher","PressedBacking","System.Void","False","False","1","2A","","False"
"Assembly-CSharp.dll","PopoverPublisher","SetText","System.Void","False","False","1","2A","","False"
"Assembly-CSharp.dll","PreviewCart","get_CachedPaint","UnityEngine.Texture2D","False","False","1","2A","","True"
"Assembly-CSharp.dll","PreviewCart","set_CachedPaint","System.Void","False","False","1","2A","","False"
"Assembly-CSharp.dll","PreviewCart","get_IsUpdating","System.Boolean","False","False","1","2A","","True"
"Assembly-CSharp.dll","PreviewCart","get_IsLoading","System.Boolean","False","False","1","2A","","True"
"Assembly-CSharp.dll","PreviewCart","ApplyPaints","System.Collections.IEnumerator","False","False","1","2A","","True"
"Assembly-CSharp.dll","PreviewCart","UpdateRenderers","System.Collections.IEnumerator","False","False","1","2A","","True"
"Assembly-CSharp.dll","PreviewCart","UpdateColorShift","System.Collections.IEnumerator","False","False","1","2A","","True"
"Assembly-CSharp.dll","PreviewCart","ComposeCart","System.Collections.IEnumerator","False","False","1","2A","","True"
"Assembly-CSharp.dll","PreviewCart","SetPartVisibility","System.Void","False","False","1","2A","","False"
"Assembly-CSharp.dll","PreviewCart","ShowLoadingObject","System.Void","False","False","1","2A","","False"
"Assembly-CSharp.dll","PreviewCart","CharacterVisibility","System.Void","False","False","1","2A","","False"
"Assembly-CSharp.dll","PreviewCart","CheckLoadingCoroutine","System.Collections.IEnumerator","False","False","1","2A","","True"
"Assembly-CSharp.dll","PreviewCart","UpdateCachedPaint","System.Collections.IEnumerator","False","False","1","2A","","True"
"Assembly-CSharp.dll","PreviewCart","DriveOutCoroutine","System.Collections.IEnumerator","False","False","1","2A","","True"
"Assembly-CSharp.dll","PreviewCart","Update","System.Void","False","False","1","2A","","False"
"Assembly-CSharp.dll","PreviewCart","OnDestroy","System.Void","False","False","1","2A","","False"
"Assembly-CSharp.dll","PreviewCart","AddPart","System.Void","False","False","1","2A","","False"
"Assembly-CSharp.dll","PreviewCart","RemovePart","System.Void","False","False","1","2A","","False"
"Assembly-CSharp.dll","PreviewCart","AddPaint","System.Void","False","False","1","2A","","False"
"Assembly-CSharp.dll","PreviewCart","RemovePaint","System.Void","False","False","1","2A","","False"
"Assembly-CSharp.dll","PreviewCart","GenerateCartPreview","System.Void","False","False","1","2A","","False"
"Assembly-CSharp.dll","PreviewCart","GetPartTransform","UnityEngine.Transform","False","False","1","2A","","True"
"Assembly-CSharp.dll","PreviewCart","StartDriveout","System.Void","False","False","1","2A","","False"
"Assembly-CSharp.dll","PreviewCart","ClearnTransparencies","System.Void","False","False","1","2A","","False"
"Assembly-CSharp.dll","PreviewCart","SetSlotTransparent","System.Void","False","False","1","2A","","False"
"Assembly-CSharp.dll","PreviewCart","<CharacterVisibility>m__25","System.Boolean","False","False","1","2A","","True"
"Assembly-CSharp.dll","SelectCircuitPublisher","LoadCircuitTextures","System.Collections.IEnumerator","False","False","1","2A","","True"
"Assembly-CSharp.dll","SelectCircuitPublisher","OnEnable","System.Void","False","False","1","2A","","False"
"Assembly-CSharp.dll","SelectCircuitPublisher","OnDisable","System.Void","False","False","1","2A","","False"
"Assembly-CSharp.dll","SelectCircuitPublisher","Start","System.Collections.IEnumerator","False","False","1","2A","","True"
"Assembly-CSharp.dll","SelectCircuitPublisher","DetermineTrophies","System.Void","False","False","1","2A","","False"
"Assembly-CSharp.dll","SelectCircuitPublisher","AnimateIn","System.Collections.IEnumerator","False","False","1","2A","","True"
"Assembly-CSharp.dll","SelectCircuitPublisher","PressedCircuitButton1","System.Void","False","False","1","2A","","False"
"Assembly-CSharp.dll","SelectCircuitPublisher","PressedCircuitButton2","System.Void","False","False","1","2A","","False"
"Assembly-CSharp.dll","SelectCircuitPublisher","PressedCircuitButton3","System.Void","False","False","1","2A","","False"
"Assembly-CSharp.dll","SelectCircuitPublisher","StartTutLoad","System.Collections.IEnumerator","False","False","1","2A","","True"
"Assembly-CSharp.dll","SelectCircuitPublisher","PressedTutorial","System.Void","False","False","1","2A","","False"
"Assembly-CSharp.dll","SelectCircuitPublisher","PressedPranksgiving","System.Void","False","False","1","2A","","False"
"Assembly-CSharp.dll","SelectCircuitPublisher","ShowPopupDialog","System.Void","False","False","1","2A","","False"
"Assembly-CSharp.dll","SettingsMenuPublisher","Start","System.Void","False","False","1","2A","","False"
"Assembly-CSharp.dll","SettingsMenuPublisher","Update","System.Void","False","False","1","2A","","False"
"Assembly-CSharp.dll","SettingsMenuPublisher","PressedBuyCoins","System.Void","False","False","1","2A","","False"
"Assembly-CSharp.dll","SettingsMenuPublisher","PressedCredits","System.Void","False","False","1","2A","","False"
"Assembly-CSharp.dll","SettingsMenuPublisher","PressedGameCenter","System.Void","False","False","1","2A","","False"
"Assembly-CSharp.dll","SettingsMenuPublisher","PressedMoreDisney","System.Void","False","False","1","2A","","False"
"Assembly-CSharp.dll","SettingsMenuPublisher","OnAppPurchaseToggleChanged","System.Void","False","False","1","2A","","False"
"Assembly-CSharp.dll","SettingsMenuPublisher","OnMusicVolumeChanged","System.Void","False","False","1","2A","","False"
"Assembly-CSharp.dll","SettingsMenuPublisher","OnSFXVolumeChanged","System.Void","False","False","1","2A","","False"
"Assembly-CSharp.dll","SettingsMenuPublisher","PressedResetData","System.Void","False","False","1","2A","","False"
"Assembly-CSharp.dll","SettingsMenuPublisher","OnDebugUnlockPressed","System.Void","False","False","1","2A","","False"
"Assembly-CSharp.dll","SettingsMenuPublisher","OnDebugCoinPressed","System.Void","False","False","1","2A","","False"
"Assembly-CSharp.dll","SettingsMenuPublisher","UnlockAll","System.Void","False","False","1","2A","","False"
"Assembly-CSharp.dll","SettingsMenuPublisher","CheckResetConfirm","System.Collections.IEnumerator","False","False","1","2A","","True"
"Assembly-CSharp.dll","ShiftUIPublisher","add_ChangedShifterSlot","System.Void","False","False","1","2A","","False"
"Assembly-CSharp.dll","ShiftUIPublisher","remove_ChangedShifterSlot","System.Void","False","False","1","2A","","False"
"Assembly-CSharp.dll","ShiftUIPublisher","SetStickPosition","System.Void","False","False","1","2A","","False"
"Assembly-CSharp.dll","ShiftUIPublisher","SwitchSlot","System.Void","False","False","1","2A","","False"
"Assembly-CSharp.dll","ShiftUIPublisher","PlayRandomShiftSound","System.Void","False","False","1","2A","","False"
"Assembly-CSharp.dll","ShiftUIPublisher","Awake","System.Void","False","False","1","2A","","False"
"Assembly-CSharp.dll","ShiftUIPublisher","Start","System.Void","False","False","1","2A","","False"
"Assembly-CSharp.dll","ShiftUIPublisher","Update","System.Void","False","False","1","2A","","False"
"Assembly-CSharp.dll","ShiftUIPublisher","PressedPlayButton","System.Void","False","False","1","2A","","False"
"Assembly-CSharp.dll","ShiftUIPublisher","PressedCartCustomizer","System.Void","False","False","1","2A","","False"
"Assembly-CSharp.dll","ShiftUIPublisher","PressedTrophy","System.Void","False","False","1","2A","","False"
"Assembly-CSharp.dll","ShiftUIPublisher","PressedCharacter","System.Void","False","False","1","2A","","False"
"Assembly-CSharp.dll","ShiftUIPublisher","PressedOptions","System.Void","False","False","1","2A","","False"
"Assembly-CSharp.dll","ShiftUIPublisher","PressedMoreDisney","System.Void","False","False","1","2A","","False"
"Assembly-CSharp.dll","ShiftUIPublisher","PressedMoreCoins","System.Void","False","False","1","2A","","False"
"Assembly-CSharp.dll","ShiftUIPublisher","ShiftSurfaceCoroutine","System.Collections.IEnumerator","False","False","1","2A","","True"
"Assembly-CSharp.dll","ShiftUIPublisher","Hide","System.Void","False","False","1","2A","","False"
"Assembly-CSharp.dll","ShiftUIPublisher","Show","System.Void","False","False","1","2A","","False"
"Assembly-CSharp.dll","ShiftUIPublisher","UpdateCharacterIcon","System.Void","False","False","1","2A","","False"
"Assembly-CSharp.dll","ShiftUIPublisher+ShifterPosition","Lerp","ShiftUIPublisher+ShifterPosition","False","False","1","2A","","True"
"Assembly-CSharp.dll","TrackSelectPublisher","GetTrackIconsList","System.Collections.Generic.List`1[[TrackSelectPublisher+TrackIcon, Assembly-CSharp, Version=0.0.0.0, Culture=neutral, PublicKeyToken=null]]","False","False","1","2A","","True"
"Assembly-CSharp.dll","TrackSelectPublisher","Refresh","System.Void","False","False","1","2A","","False"
"Assembly-CSharp.dll","TrackSelectPublisher","RaceOrSummary","System.Void","False","False","1","2A","","False"
"Assembly-CSharp.dll","TrackSelectPublisher","Start","System.Void","False","False","1","2A","","False"
"Assembly-CSharp.dll","TrackSelectPublisher","DetermineTrophies","System.Void","False","False","1","2A","","False"
"Assembly-CSharp.dll","TrackSelectPublisher","FixedUpdate","System.Void","False","False","1","2A","","False"
"Assembly-CSharp.dll","TrackSelectPublisher","PressedTrackButton1","System.Void","False","False","1","2A","","False"
"Assembly-CSharp.dll","TrackSelectPublisher","PressedTrackButton2","System.Void","False","False","1","2A","","False"
"Assembly-CSharp.dll","TrackSelectPublisher","PressedTrackButton3","System.Void","False","False","1","2A","","False"
"Assembly-CSharp.dll","TrackSelectPublisher","PressedBackButton","System.Void","False","False","1","2A","","False"
"Assembly-CSharp.dll","TrackSelectPublisher","UpdateTrackSnapshots","System.Void","False","False","1","2A","","False"
"Assembly-CSharp.dll","TutorialLauncherPublisher","Start","System.Void","False","False","1","2A","","False"
"Assembly-CSharp.dll","TutorialLauncherPublisher","Update","System.Void","False","False","1","2A","","False"
"Assembly-CSharp.dll","TutorialLauncherPublisher","PressedYes","System.Void","False","False","1","2A","","False"
"Assembly-CSharp.dll","TutorialLauncherPublisher","StartTutLoad","System.Collections.IEnumerator","False","False","1","2A","","True"
"Assembly-CSharp.dll","TutorialLauncherPublisher","PressedNo","System.Void","False","False","1","2A","","False"
"Assembly-CSharp.dll","UnlockedCircuitPublisher","get_Circuit","System.String","False","False","1","2A","","True"
"Assembly-CSharp.dll","UnlockedCircuitPublisher","set_Circuit","System.Void","False","False","1","2A","","False"
"Assembly-CSharp.dll","UnlockedCircuitPublisher","Start","System.Collections.IEnumerator","False","False","1","2A","","True"
"Assembly-CSharp.dll","UnlockedCircuitPublisher","Update","System.Void","False","False","1","2A","","False"
"Assembly-CSharp.dll","UnlockedCircuitPublisher","ShowCircuitBanner","System.Void","False","False","1","2A","","False"
"Assembly-CSharp.dll","UnlockedCircuitPublisher","SetContent","System.Void","False","False","1","2A","","False"
"Assembly-CSharp.dll","UnlockedCircuitPublisher","LoadCircuitTextures","System.Collections.IEnumerator","False","False","1","2A","","True"
"Assembly-CSharp.dll","VolumeSlider","get_percent","System.Single","False","False","1","2A","","True"
"Assembly-CSharp.dll","VolumeSlider","set_percent","System.Void","False","False","1","2A","","False"
"Assembly-CSharp.dll","VolumeSlider","Update","System.Void","False","False","1","2A","","False"
"Assembly-CSharp.dll","VolumeSlider","OnMouseDown","System.Void","False","False","1","2A","","False"
"Assembly-CSharp.dll","VolumeSlider","OnMouseUp","System.Void","False","False","1","2A","","False"
"Assembly-CSharp.dll","VolumeSlider","MouseLogic","System.Void","False","False","1","2A","","False"
"Assembly-CSharp.dll","VolumeSlider","TouchLogic","System.Void","False","False","1","2A","","False"
"Assembly-CSharp.dll","BlipTrackPublisher","InitBlips","System.Void","False","False","1","2A","","False"
"Assembly-CSharp.dll","BlipTrackPublisher","InitValues","System.Void","False","False","1","2A","","False"
"Assembly-CSharp.dll","BlipTrackPublisher","UpdateBlips","System.Void","False","False","1","2A","","False"
"Assembly-CSharp.dll","CatchupNotify","DeathCount","System.Collections.IEnumerator","False","False","1","2A","","True"
"Assembly-CSharp.dll","CatchupNotify","Start","System.Void","False","False","1","2A","","False"
"Assembly-CSharp.dll","DriftButton","ApplyDrift","System.Void","False","False","1","2A","","False"
"Assembly-CSharp.dll","DriftButton","OnButtonDown","System.Void","False","False","1","2A","","False"
"Assembly-CSharp.dll","DriftButton","OnButtonUp","System.Void","False","False","1","2A","","False"
"Assembly-CSharp.dll","DriftButton","OnButtonHeld","System.Void","False","False","1","2A","","False"
"Assembly-CSharp.dll","DriftScalePublisher","BlinkLabelCoroutine","System.Collections.IEnumerator","False","False","1","2A","","True"
"Assembly-CSharp.dll","DriftScalePublisher","BlinkWarningCoroutine","System.Collections.IEnumerator","False","False","1","2A","","True"
"Assembly-CSharp.dll","DriftScalePublisher","Start","System.Void","False","False","1","2A","","False"
"Assembly-CSharp.dll","DriftScalePublisher","Update","System.Void","False","False","1","2A","","False"
"Assembly-CSharp.dll","HUDLogic","get_CatchUpNeeded","System.Boolean","False","False","1","2A","","True"
"Assembly-CSharp.dll","HUDLogic","set_CatchUpNeeded","System.Void","False","False","1","2A","","False"
"Assembly-CSharp.dll","HUDLogic","get_WrongWay","System.Boolean","False","False","1","2A","","True"
"Assembly-CSharp.dll","HUDLogic","set_WrongWay","System.Void","False","False","1","2A","","False"
"Assembly-CSharp.dll","HUDLogic","isAchievementNoteEngaged","System.Boolean","False","False","1","2A","","True"
"Assembly-CSharp.dll","HUDLogic","get_Instance","HUDLogic","False","False","1","2A","","True"
"Assembly-CSharp.dll","HUDLogic","get_playerCar","UnityEngine.GameObject","False","False","1","2A","","True"
"Assembly-CSharp.dll","HUDLogic","PreraceCountCoroutine","System.Collections.IEnumerator","False","False","1","2A","","True"
"Assembly-CSharp.dll","HUDLogic","AchievementSlideNotificationCoroutine","System.Collections.IEnumerator","False","False","1","2A","","True"
"Assembly-CSharp.dll","HUDLogic","Start","System.Void","False","False","1","2A","","False"
"Assembly-CSharp.dll","HUDLogic","OnApplicationPause","System.Void","False","False","1","2A","","False"
"Assembly-CSharp.dll","HUDLogic","OnRaceInit","System.Void","False","False","1","2A","","False"
"Assembly-CSharp.dll","HUDLogic","Update","System.Void","False","False","1","2A","","False"
"Assembly-CSharp.dll","HUDLogic","ShowDriftScale","System.Void","False","False","1","2A","","False"
"Assembly-CSharp.dll","HUDLogic","GimpedHudCoroutine","System.Collections.IEnumerator","False","False","1","2A","","True"
"Assembly-CSharp.dll","HUDLogic","UpdateHUD","System.Void","False","False","1","2A","","False"
"Assembly-CSharp.dll","HUDLogic","DisplayNotificationCoroutine","System.Collections.IEnumerator","False","False","1","2A","","True"
"Assembly-CSharp.dll","HUDLogic","DisplayNotification","System.Void","False","False","1","2A","","False"
"Assembly-CSharp.dll","HUDLogic","SignalMissionStart","System.Collections.IEnumerator","False","False","1","2A","","True"
"Assembly-CSharp.dll","HUDLogic","SignalMissionComplete","System.Collections.IEnumerator","False","False","1","2A","","True"
"Assembly-CSharp.dll","HUDLogic","AnimateBrakeButtonIn","System.Collections.IEnumerator","False","False","1","2A","","True"
"Assembly-CSharp.dll","HUDLogic","AnimateDriftButtonIn","System.Collections.IEnumerator","False","False","1","2A","","True"
"Assembly-CSharp.dll","HUDLogic","AnimatePowerupDohickeyIn","System.Collections.IEnumerator","False","False","1","2A","","True"
"Assembly-CSharp.dll","HUDLogic","SignalCatchUp","System.Void","False","False","1","2A","","False"
"Assembly-CSharp.dll","HUDLogic","PressedDrift","System.Void","False","False","1","2A","","False"
"Assembly-CSharp.dll","HUDLogic","PressedPower","System.Void","False","False","1","2A","","False"
"Assembly-CSharp.dll","HUDLogic","PressedBuyButton","System.Void","False","False","1","2A","","False"
"Assembly-CSharp.dll","HUDLogic","PressedPauseButton","System.Void","False","False","1","2A","","False"
"Assembly-CSharp.dll","HUDLogic","SetPlayerObject","System.Void","False","False","1","2A","","False"
"Assembly-CSharp.dll","HUDLogic","DoWrongWayNotice","System.Collections.IEnumerator","False","False","1","2A","","True"
"Assembly-CSharp.dll","HUDLogic","ShowMineNotify","System.Void","False","False","1","2A","","False"
"Assembly-CSharp.dll","HUDLogic","ShowPreraceCount","System.Void","False","False","1","2A","","False"
"Assembly-CSharp.dll","HUDLogic","ShowAchievementNotification","System.Void","False","False","1","2A","","False"
"Assembly-CSharp.dll","MineNotifyPublisher","Lifetime","System.Collections.IEnumerator","False","False","1","2A","","True"
"Assembly-CSharp.dll","MineNotifyPublisher","FadeIn","System.Collections.IEnumerator","False","False","1","2A","","True"
"Assembly-CSharp.dll","MineNotifyPublisher","FadeOut","System.Collections.IEnumerator","False","False","1","2A","","True"
"Assembly-CSharp.dll","MineNotifyPublisher","Start","System.Void","False","False","1","2A","","False"
"Assembly-CSharp.dll","MineNotifyPublisher","SetDisplayName","System.Void","False","False","1","2A","","False"
"Assembly-CSharp.dll","ReverseButton","ApplyReverse","System.Void","False","False","1","2A","","False"
"Assembly-CSharp.dll","ReverseButton","OnButtonDown","System.Void","False","False","1","2A","","False"
"Assembly-CSharp.dll","ReverseButton","OnButtonUp","System.Void","False","False","1","2A","","False"
"Assembly-CSharp.dll","ReverseButton","OnButtonHeld","System.Void","False","False","1","2A","","False"
"Assembly-CSharp.dll","UghHeldButton","get_isDown","System.Boolean","False","False","1","2A","","True"
"Assembly-CSharp.dll","UghHeldButton","set_isDown","System.Void","False","False","1","2A","","False"
"Assembly-CSharp.dll","UghHeldButton","SetButtonVisualState","System.Void","False","False","1","2A","","False"
"Assembly-CSharp.dll","UghHeldButton","Update","System.Void","False","False","1","2A","","False"
"Assembly-CSharp.dll","UghHeldButton","OnButtonDown","System.Void","False","False","1","2A","","False"
"Assembly-CSharp.dll","UghHeldButton","OnButtonUp","System.Void","False","False","1","2A","","False"
"Assembly-CSharp.dll","UghHeldButton","OnButtonHeld","System.Void","False","False","1","2A","","False"
"Assembly-CSharp.dll","PausePublisher","Start","System.Void","False","False","1","2A","","False"
"Assembly-CSharp.dll","PausePublisher","PressedResumeButton","System.Void","False","False","1","2A","","False"
"Assembly-CSharp.dll","PausePublisher","PressedQuitButton","System.Void","False","False","1","2A","","False"
"Assembly-CSharp.dll","PausePublisher","PressedRestartButton","System.Void","False","False","1","2A","","False"
"Assembly-CSharp.dll","PausePublisher","SetupMissionText","System.Void","False","False","1","2A","","False"
"Assembly-CSharp.dll","PausePublisher","OnDestroy","System.Void","False","False","1","2A","","False"
"Assembly-CSharp.dll","PreFrontEndHoop","Start","System.Collections.IEnumerator","False","False","1","2A","","True"
"Assembly-CSharp.dll","MissionDialogPublisher","Start","System.Void","False","False","1","2A","","False"
"Assembly-CSharp.dll","MissionDialogPublisher","PressedTab","System.Void","False","False","1","2A","","False"
"Assembly-CSharp.dll","MissionDialogPublisher","FixedUpdate","System.Void","False","False","1","2A","","False"
"Assembly-CSharp.dll","MissionDialogPublisher","SetRollState","System.Void","False","False","1","2A","","False"
"Assembly-CSharp.dll","MissionDialogPublisher","Update","System.Void","False","False","1","2A","","False"
"Assembly-CSharp.dll","RaceResultsPublisher","AnimateScreenCoroutine","System.Collections.IEnumerator","False","False","1","2A","","True"
"Assembly-CSharp.dll","RaceResultsPublisher","CheckForRewindTutorial","System.Collections.IEnumerator","False","False","1","2A","","True"
"Assembly-CSharp.dll","RaceResultsPublisher","AnimatePlaceResultsCoroutine","System.Collections.IEnumerator","False","False","1","2A","","True"
"Assembly-CSharp.dll","RaceResultsPublisher","AnimateCoinsCoroutine","System.Collections.IEnumerator","False","False","1","2A","","True"
"Assembly-CSharp.dll","RaceResultsPublisher","FillRank","System.Void","False","False","1","2A","","False"
"Assembly-CSharp.dll","RaceResultsPublisher","FillRanks","System.Void","False","False","1","2A","","False"
"Assembly-CSharp.dll","RaceResultsPublisher","Start","System.Void","False","False","1","2A","","False"
"Assembly-CSharp.dll","RaceResultsPublisher","PressedRewind","System.Void","False","False","1","2A","","False"
"Assembly-CSharp.dll","RaceResultsPublisher","PressedDone","System.Void","False","False","1","2A","","False"
"Assembly-CSharp.dll","RaceResultsPublisher","PressedRetry","System.Void","False","False","1","2A","","False"
"Assembly-CSharp.dll","RaceResultsPublisher","NeedMoreCoins","System.Void","False","False","1","2A","","False"
"Assembly-CSharp.dll","RewindDialogPublisher","get_RewindCost","System.Int32","False","False","1","2A","","True"
"Assembly-CSharp.dll","RewindDialogPublisher","Start","System.Void","False","False","1","2A","","False"
"Assembly-CSharp.dll","RewindDialogPublisher","PressedExit","System.Void","False","False","1","2A","","False"
"Assembly-CSharp.dll","RewindDialogPublisher","PressedBuy","System.Void","False","False","1","2A","","False"
"Assembly-CSharp.dll","RewindDialogPublisher","MoneyCheck","System.Boolean","False","False","1","2A","","True"
"Assembly-CSharp.dll","RewindDialogPublisher","NeedMoreCoins","System.Void","False","False","1","2A","","False"
"Assembly-CSharp.dll","RewindDialogPublisher","FinalizedRewind","System.Void","False","False","1","2A","","False"
"Assembly-CSharp.dll","RewindDialogPublisher","DestroyThis","System.Collections.IEnumerator","False","False","1","2A","","True"
"Assembly-CSharp.dll","RewindLapSlotPublisher","PressedRewind","System.Void","False","False","1","2A","","False"
"Assembly-CSharp.dll","ScreenFader","get_Instance","ScreenFader","False","False","1","2A","","True"
"Assembly-CSharp.dll","ScreenFader","CreateScreenFader","System.Void","False","False","1","2A","","False"
"Assembly-CSharp.dll","ScreenFader","Start","System.Void","False","False","1","2A","","False"
"Assembly-CSharp.dll","ScreenFader","Update","System.Void","False","False","1","2A","","False"
"Assembly-CSharp.dll","ScreenFader","LoadLevel","System.Void","False","False","1","2A","","False"
"Assembly-CSharp.dll","ScreenFader","LoadLevel","System.Void","False","False","1","2A","","False"
"Assembly-CSharp.dll","ScreenFader","FadeInHelper","System.Collections.IEnumerator","False","False","1","2A","","True"
"Assembly-CSharp.dll","ScreenFader","FadeOutHelper","System.Collections.IEnumerator","False","False","1","2A","","True"
"Assembly-CSharp.dll","ScreenFader","FadeIn","System.Void","False","False","1","2A","","False"
"Assembly-CSharp.dll","ScreenFader","FadeOut","System.Void","False","False","1","2A","","False"
"Assembly-CSharp.dll","ScreenFader","OnLevelWasLoaded","System.Void","False","False","1","2A","","False"
"Assembly-CSharp.dll","ScreenTimeoutController","Update","System.Void","False","False","1","2A","","False"
"Assembly-CSharp.dll","ScreenTimeoutController","OnDestroy","System.Void","False","False","1","2A","","False"
"Assembly-CSharp.dll","ScreenTimeoutController","AllowSleep","System.Void","False","False","1","2A","","False"
"Assembly-CSharp.dll","ScreenTimeoutController","SupressSleep","System.Void","False","False","1","2A","","False"
"Assembly-CSharp.dll","CarAI+TestActionDelegate","Invoke","System.Boolean","False","False","0","","","False"
"Assembly-CSharp.dll","CarAI+TestActionDelegate","BeginInvoke","System.IAsyncResult","False","False","0","","","False"
"Assembly-CSharp.dll","CarAI+TestActionDelegate","EndInvoke","System.Boolean","False","False","0","","","False"
"Assembly-CSharp.dll","RaceManager+RaceInitHandler","Invoke","System.Void","False","False","0","","","False"
"Assembly-CSharp.dll","RaceManager+RaceInitHandler","BeginInvoke","System.IAsyncResult","False","False","0","","","False"
"Assembly-CSharp.dll","RaceManager+RaceInitHandler","EndInvoke","System.Void","False","False","0","","","False"
"Assembly-CSharp.dll","CarAI+<AIEvaluationPump>c__Iterator0","System.Collections.Generic.IEnumerator<object>.get_Current","System.Object","False","False","1","2A","","True"
"Assembly-CSharp.dll","CarAI+<AIEvaluationPump>c__Iterator0","System.Collections.IEnumerator.get_Current","System.Object","False","False","1","2A","","True"
"Assembly-CSharp.dll","CarAI+<AIEvaluationPump>c__Iterator0","MoveNext","System.Boolean","False","False","1","2A","","True"
"Assembly-CSharp.dll","CarAI+<AIEvaluationPump>c__Iterator0","Dispose","System.Void","False","False","1","2A","","False"
"Assembly-CSharp.dll","CarAI+<AIEvaluationPump>c__Iterator0","Reset","System.Void","False","False","1","2A","","False"
"Assembly-CSharp.dll","GimpedCarAI+<PowerupUseEvaluationCoroutinue>c__Iterator1","System.Collections.Generic.IEnumerator<object>.get_Current","System.Object","False","False","1","2A","","True"
"Assembly-CSharp.dll","GimpedCarAI+<PowerupUseEvaluationCoroutinue>c__Iterator1","System.Collections.IEnumerator.get_Current","System.Object","False","False","1","2A","","True"
"Assembly-CSharp.dll","GimpedCarAI+<PowerupUseEvaluationCoroutinue>c__Iterator1","MoveNext","System.Boolean","False","False","1","2A","","True"
"Assembly-CSharp.dll","GimpedCarAI+<PowerupUseEvaluationCoroutinue>c__Iterator1","Dispose","System.Void","False","False","1","2A","","False"
"Assembly-CSharp.dll","GimpedCarAI+<PowerupUseEvaluationCoroutinue>c__Iterator1","Reset","System.Void","False","False","1","2A","","False"
"Assembly-CSharp.dll","GimpedCarAI+<AggressionTherapyCoroutine>c__Iterator2","System.Collections.Generic.IEnumerator<object>.get_Current","System.Object","False","False","1","2A","","True"
"Assembly-CSharp.dll","GimpedCarAI+<AggressionTherapyCoroutine>c__Iterator2","System.Collections.IEnumerator.get_Current","System.Object","False","False","1","2A","","True"
"Assembly-CSharp.dll","GimpedCarAI+<AggressionTherapyCoroutine>c__Iterator2","MoveNext","System.Boolean","False","False","1","2A","","True"
"Assembly-CSharp.dll","GimpedCarAI+<AggressionTherapyCoroutine>c__Iterator2","Dispose","System.Void","False","False","1","2A","","False"
"Assembly-CSharp.dll","GimpedCarAI+<AggressionTherapyCoroutine>c__Iterator2","Reset","System.Void","False","False","1","2A","","False"
"Assembly-CSharp.dll","MineAI+<ArmMine>c__Iterator3","System.Collections.Generic.IEnumerator<object>.get_Current","System.Object","False","False","1","2A","","True"
"Assembly-CSharp.dll","MineAI+<ArmMine>c__Iterator3","System.Collections.IEnumerator.get_Current","System.Object","False","False","1","2A","","True"
"Assembly-CSharp.dll","MineAI+<ArmMine>c__Iterator3","MoveNext","System.Boolean","False","False","1","2A","","True"
"Assembly-CSharp.dll","MineAI+<ArmMine>c__Iterator3","Dispose","System.Void","False","False","1","2A","","False"
"Assembly-CSharp.dll","MineAI+<ArmMine>c__Iterator3","Reset","System.Void","False","False","1","2A","","False"
"Assembly-CSharp.dll","RotatorAI+<RotateCoroutine>c__Iterator4","System.Collections.Generic.IEnumerator<object>.get_Current","System.Object","False","False","1","2A","","True"
"Assembly-CSharp.dll","RotatorAI+<RotateCoroutine>c__Iterator4","System.Collections.IEnumerator.get_Current","System.Object","False","False","1","2A","","True"
"Assembly-CSharp.dll","RotatorAI+<RotateCoroutine>c__Iterator4","MoveNext","System.Boolean","False","False","1","2A","","True"
"Assembly-CSharp.dll","RotatorAI+<RotateCoroutine>c__Iterator4","Dispose","System.Void","False","False","1","2A","","False"
"Assembly-CSharp.dll","RotatorAI+<RotateCoroutine>c__Iterator4","Reset","System.Void","False","False","1","2A","","False"
"Assembly-CSharp.dll","CheckPowerupUseAchievementListener+<PowerupUseCheckPump>c__Iterator5","System.Collections.Generic.IEnumerator<object>.get_Current","System.Object","False","False","1","2A","","True"
"Assembly-CSharp.dll","CheckPowerupUseAchievementListener+<PowerupUseCheckPump>c__Iterator5","System.Collections.IEnumerator.get_Current","System.Object","False","False","1","2A","","True"
"Assembly-CSharp.dll","CheckPowerupUseAchievementListener+<PowerupUseCheckPump>c__Iterator5","MoveNext","System.Boolean","False","False","1","2A","","True"
"Assembly-CSharp.dll","CheckPowerupUseAchievementListener+<PowerupUseCheckPump>c__Iterator5","Dispose","System.Void","False","False","1","2A","","False"
"Assembly-CSharp.dll","CheckPowerupUseAchievementListener+<PowerupUseCheckPump>c__Iterator5","Reset","System.Void","False","False","1","2A","","False"
"Assembly-CSharp.dll","CoinBalanceAchievementListener+<CheckCoinBalanceCoroutine>c__Iterator6","System.Collections.Generic.IEnumerator<object>.get_Current","System.Object","False","False","1","2A","","True"
"Assembly-CSharp.dll","CoinBalanceAchievementListener+<CheckCoinBalanceCoroutine>c__Iterator6","System.Collections.IEnumerator.get_Current","System.Object","False","False","1","2A","","True"
"Assembly-CSharp.dll","CoinBalanceAchievementListener+<CheckCoinBalanceCoroutine>c__Iterator6","MoveNext","System.Boolean","False","False","1","2A","","True"
"Assembly-CSharp.dll","CoinBalanceAchievementListener+<CheckCoinBalanceCoroutine>c__Iterator6","Dispose","System.Void","False","False","1","2A","","False"
"Assembly-CSharp.dll","CoinBalanceAchievementListener+<CheckCoinBalanceCoroutine>c__Iterator6","Reset","System.Void","False","False","1","2A","","False"
"Assembly-CSharp.dll","CompleteAllMissionsAchievementListener+<CheckAllMissionsCoroutine>c__Iterator7","System.Collections.Generic.IEnumerator<object>.get_Current","System.Object","False","False","1","2A","","True"
"Assembly-CSharp.dll","CompleteAllMissionsAchievementListener+<CheckAllMissionsCoroutine>c__Iterator7","System.Collections.IEnumerator.get_Current","System.Object","False","False","1","2A","","True"
"Assembly-CSharp.dll","CompleteAllMissionsAchievementListener+<CheckAllMissionsCoroutine>c__Iterator7","MoveNext","System.Boolean","False","False","1","2A","","True"
"Assembly-CSharp.dll","CompleteAllMissionsAchievementListener+<CheckAllMissionsCoroutine>c__Iterator7","Dispose","System.Void","False","False","1","2A","","False"
"Assembly-CSharp.dll","CompleteAllMissionsAchievementListener+<CheckAllMissionsCoroutine>c__Iterator7","Reset","System.Void","False","False","1","2A","","False"
"Assembly-CSharp.dll","EquipPaintJobAchievementListener+<CheckPaintJobs>c__Iterator8","System.Collections.Generic.IEnumerator<object>.get_Current","System.Object","False","False","1","2A","","True"
"Assembly-CSharp.dll","EquipPaintJobAchievementListener+<CheckPaintJobs>c__Iterator8","System.Collections.IEnumerator.get_Current","System.Object","False","False","1","2A","","True"
"Assembly-CSharp.dll","EquipPaintJobAchievementListener+<CheckPaintJobs>c__Iterator8","MoveNext","System.Boolean","False","False","1","2A","","True"
"Assembly-CSharp.dll","EquipPaintJobAchievementListener+<CheckPaintJobs>c__Iterator8","Dispose","System.Void","False","False","1","2A","","False"
"Assembly-CSharp.dll","EquipPaintJobAchievementListener+<CheckPaintJobs>c__Iterator8","Reset","System.Void","False","False","1","2A","","False"
"Assembly-CSharp.dll","EquipPartSetAchievementListener+<CheckCartSet>c__Iterator9","System.Collections.Generic.IEnumerator<object>.get_Current","System.Object","False","False","1","2A","","True"
"Assembly-CSharp.dll","EquipPartSetAchievementListener+<CheckCartSet>c__Iterator9","System.Collections.IEnumerator.get_Current","System.Object","False","False","1","2A","","True"
"Assembly-CSharp.dll","EquipPartSetAchievementListener+<CheckCartSet>c__Iterator9","MoveNext","System.Boolean","False","False","1","2A","","True"
"Assembly-CSharp.dll","EquipPartSetAchievementListener+<CheckCartSet>c__Iterator9","Dispose","System.Void","False","False","1","2A","","False"
"Assembly-CSharp.dll","EquipPartSetAchievementListener+<CheckCartSet>c__Iterator9","Reset","System.Void","False","False","1","2A","","False"
"Assembly-CSharp.dll","GetHitByTrackHazardAchievementListener+<CheckMetricsPump>c__IteratorA","System.Collections.Generic.IEnumerator<object>.get_Current","System.Object","False","False","1","2A","","True"
"Assembly-CSharp.dll","GetHitByTrackHazardAchievementListener+<CheckMetricsPump>c__IteratorA","System.Collections.IEnumerator.get_Current","System.Object","False","False","1","2A","","True"
"Assembly-CSharp.dll","GetHitByTrackHazardAchievementListener+<CheckMetricsPump>c__IteratorA","MoveNext","System.Boolean","False","False","1","2A","","True"
"Assembly-CSharp.dll","GetHitByTrackHazardAchievementListener+<CheckMetricsPump>c__IteratorA","Dispose","System.Void","False","False","1","2A","","False"
"Assembly-CSharp.dll","GetHitByTrackHazardAchievementListener+<CheckMetricsPump>c__IteratorA","Reset","System.Void","False","False","1","2A","","False"
"Assembly-CSharp.dll","HitMaxSpeedAchievementListener+<CheckMaxSpeedCoroutine>c__IteratorB","System.Collections.Generic.IEnumerator<object>.get_Current","System.Object","False","False","1","2A","","True"
"Assembly-CSharp.dll","HitMaxSpeedAchievementListener+<CheckMaxSpeedCoroutine>c__IteratorB","System.Collections.IEnumerator.get_Current","System.Object","False","False","1","2A","","True"
"Assembly-CSharp.dll","HitMaxSpeedAchievementListener+<CheckMaxSpeedCoroutine>c__IteratorB","MoveNext","System.Boolean","False","False","1","2A","","True"
"Assembly-CSharp.dll","HitMaxSpeedAchievementListener+<CheckMaxSpeedCoroutine>c__IteratorB","Dispose","System.Void","False","False","1","2A","","False"
"Assembly-CSharp.dll","HitMaxSpeedAchievementListener+<CheckMaxSpeedCoroutine>c__IteratorB","Reset","System.Void","False","False","1","2A","","False"
"Assembly-CSharp.dll","InRaceAquirePickupListener+<CheckMetricsPump>c__IteratorC","System.Collections.Generic.IEnumerator<object>.get_Current","System.Object","False","False","1","2A","","True"
"Assembly-CSharp.dll","InRaceAquirePickupListener+<CheckMetricsPump>c__IteratorC","System.Collections.IEnumerator.get_Current","System.Object","False","False","1","2A","","True"
"Assembly-CSharp.dll","InRaceAquirePickupListener+<CheckMetricsPump>c__IteratorC","MoveNext","System.Boolean","False","False","1","2A","","True"
"Assembly-CSharp.dll","InRaceAquirePickupListener+<CheckMetricsPump>c__IteratorC","Dispose","System.Void","False","False","1","2A","","False"
"Assembly-CSharp.dll","InRaceAquirePickupListener+<CheckMetricsPump>c__IteratorC","Reset","System.Void","False","False","1","2A","","False"
"Assembly-CSharp.dll","LifetimeInAirAchievementListener+<CheckAirTimeCoroutine>c__IteratorD","System.Collections.Generic.IEnumerator<object>.get_Current","System.Object","False","False","1","2A","","True"
"Assembly-CSharp.dll","LifetimeInAirAchievementListener+<CheckAirTimeCoroutine>c__IteratorD","System.Collections.IEnumerator.get_Current","System.Object","False","False","1","2A","","True"
"Assembly-CSharp.dll","LifetimeInAirAchievementListener+<CheckAirTimeCoroutine>c__IteratorD","MoveNext","System.Boolean","False","False","1","2A","","True"
"Assembly-CSharp.dll","LifetimeInAirAchievementListener+<CheckAirTimeCoroutine>c__IteratorD","Dispose","System.Void","False","False","1","2A","","False"
"Assembly-CSharp.dll","LifetimeInAirAchievementListener+<CheckAirTimeCoroutine>c__IteratorD","Reset","System.Void","False","False","1","2A","","False"
"Assembly-CSharp.dll","LifetimeOpponentHitsAchievementListener+<CheckMetricsPump>c__IteratorE","System.Collections.Generic.IEnumerator<object>.get_Current","System.Object","False","False","1","2A","","True"
"Assembly-CSharp.dll","LifetimeOpponentHitsAchievementListener+<CheckMetricsPump>c__IteratorE","System.Collections.IEnumerator.get_Current","System.Object","False","False","1","2A","","True"
"Assembly-CSharp.dll","LifetimeOpponentHitsAchievementListener+<CheckMetricsPump>c__IteratorE","MoveNext","System.Boolean","False","False","1","2A","","True"
"Assembly-CSharp.dll","LifetimeOpponentHitsAchievementListener+<CheckMetricsPump>c__IteratorE","Dispose","System.Void","False","False","1","2A","","False"
"Assembly-CSharp.dll","LifetimeOpponentHitsAchievementListener+<CheckMetricsPump>c__IteratorE","Reset","System.Void","False","False","1","2A","","False"
"Assembly-CSharp.dll","LifetimePowerupCollectionAchievementListener+<CheckMetricsPump>c__IteratorF","System.Collections.Generic.IEnumerator<object>.get_Current","System.Object","False","False","1","2A","","True"
"Assembly-CSharp.dll","LifetimePowerupCollectionAchievementListener+<CheckMetricsPump>c__IteratorF","System.Collections.IEnumerator.get_Current","System.Object","False","False","1","2A","","True"
"Assembly-CSharp.dll","LifetimePowerupCollectionAchievementListener+<CheckMetricsPump>c__IteratorF","MoveNext","System.Boolean","False","False","1","2A","","True"
"Assembly-CSharp.dll","LifetimePowerupCollectionAchievementListener+<CheckMetricsPump>c__IteratorF","Dispose","System.Void","False","False","1","2A","","False"
"Assembly-CSharp.dll","LifetimePowerupCollectionAchievementListener+<CheckMetricsPump>c__IteratorF","Reset","System.Void","False","False","1","2A","","False"
"Assembly-CSharp.dll","MaxCrashSpeedAchievementListener+<CheckMaxCrashSpeedCoroutine>c__Iterator10","System.Collections.Generic.IEnumerator<object>.get_Current","System.Object","False","False","1","2A","","True"
"Assembly-CSharp.dll","MaxCrashSpeedAchievementListener+<CheckMaxCrashSpeedCoroutine>c__Iterator10","System.Collections.IEnumerator.get_Current","System.Object","False","False","1","2A","","True"
"Assembly-CSharp.dll","MaxCrashSpeedAchievementListener+<CheckMaxCrashSpeedCoroutine>c__Iterator10","MoveNext","System.Boolean","False","False","1","2A","","True"
"Assembly-CSharp.dll","MaxCrashSpeedAchievementListener+<CheckMaxCrashSpeedCoroutine>c__Iterator10","Dispose","System.Void","False","False","1","2A","","False"
"Assembly-CSharp.dll","MaxCrashSpeedAchievementListener+<CheckMaxCrashSpeedCoroutine>c__Iterator10","Reset","System.Void","False","False","1","2A","","False"
"Assembly-CSharp.dll","MetaMissionGroupAchievementListener+<CheckCompletionCoroutine>c__Iterator11","System.Collections.Generic.IEnumerator<object>.get_Current","System.Object","False","False","1","2A","","True"
"Assembly-CSharp.dll","MetaMissionGroupAchievementListener+<CheckCompletionCoroutine>c__Iterator11","System.Collections.IEnumerator.get_Current","System.Object","False","False","1","2A","","True"
"Assembly-CSharp.dll","MetaMissionGroupAchievementListener+<CheckCompletionCoroutine>c__Iterator11","MoveNext","System.Boolean","False","False","1","2A","","True"
"Assembly-CSharp.dll","MetaMissionGroupAchievementListener+<CheckCompletionCoroutine>c__Iterator11","Dispose","System.Void","False","False","1","2A","","False"
"Assembly-CSharp.dll","MetaMissionGroupAchievementListener+<CheckCompletionCoroutine>c__Iterator11","Reset","System.Void","False","False","1","2A","","False"
"Assembly-CSharp.dll","PickupCoinsPerRaceAchievementListener+<CheckMetricsPump>c__Iterator12","System.Collections.Generic.IEnumerator<object>.get_Current","System.Object","False","False","1","2A","","True"
"Assembly-CSharp.dll","PickupCoinsPerRaceAchievementListener+<CheckMetricsPump>c__Iterator12","System.Collections.IEnumerator.get_Current","System.Object","False","False","1","2A","","True"
"Assembly-CSharp.dll","PickupCoinsPerRaceAchievementListener+<CheckMetricsPump>c__Iterator12","MoveNext","System.Boolean","False","False","1","2A","","True"
"Assembly-CSharp.dll","PickupCoinsPerRaceAchievementListener+<CheckMetricsPump>c__Iterator12","Dispose","System.Void","False","False","1","2A","","False"
"Assembly-CSharp.dll","PickupCoinsPerRaceAchievementListener+<CheckMetricsPump>c__Iterator12","Reset","System.Void","False","False","1","2A","","False"
"Assembly-CSharp.dll","PowerSlideBoostAchievementListener+<CheckMetricsPump>c__Iterator13","System.Collections.Generic.IEnumerator<object>.get_Current","System.Object","False","False","1","2A","","True"
"Assembly-CSharp.dll","PowerSlideBoostAchievementListener+<CheckMetricsPump>c__Iterator13","System.Collections.IEnumerator.get_Current","System.Object","False","False","1","2A","","True"
"Assembly-CSharp.dll","PowerSlideBoostAchievementListener+<CheckMetricsPump>c__Iterator13","MoveNext","System.Boolean","False","False","1","2A","","True"
"Assembly-CSharp.dll","PowerSlideBoostAchievementListener+<CheckMetricsPump>c__Iterator13","Dispose","System.Void","False","False","1","2A","","False"
"Assembly-CSharp.dll","PowerSlideBoostAchievementListener+<CheckMetricsPump>c__Iterator13","Reset","System.Void","False","False","1","2A","","False"
"Assembly-CSharp.dll","PowerupHitInAirAchievementListener+<CheckMetricsPump>c__Iterator14","System.Collections.Generic.IEnumerator<object>.get_Current","System.Object","False","False","1","2A","","True"
"Assembly-CSharp.dll","PowerupHitInAirAchievementListener+<CheckMetricsPump>c__Iterator14","System.Collections.IEnumerator.get_Current","System.Object","False","False","1","2A","","True"
"Assembly-CSharp.dll","PowerupHitInAirAchievementListener+<CheckMetricsPump>c__Iterator14","MoveNext","System.Boolean","False","False","1","2A","","True"
"Assembly-CSharp.dll","PowerupHitInAirAchievementListener+<CheckMetricsPump>c__Iterator14","Dispose","System.Void","False","False","1","2A","","False"
"Assembly-CSharp.dll","PowerupHitInAirAchievementListener+<CheckMetricsPump>c__Iterator14","Reset","System.Void","False","False","1","2A","","False"
"Assembly-CSharp.dll","SpendCoinsOverLifetimeAchievementListener+<CheckSpentCoinsCoroutine>c__Iterator15","System.Collections.Generic.IEnumerator<object>.get_Current","System.Object","False","False","1","2A","","True"
"Assembly-CSharp.dll","SpendCoinsOverLifetimeAchievementListener+<CheckSpentCoinsCoroutine>c__Iterator15","System.Collections.IEnumerator.get_Current","System.Object","False","False","1","2A","","True"
"Assembly-CSharp.dll","SpendCoinsOverLifetimeAchievementListener+<CheckSpentCoinsCoroutine>c__Iterator15","MoveNext","System.Boolean","False","False","1","2A","","True"
"Assembly-CSharp.dll","SpendCoinsOverLifetimeAchievementListener+<CheckSpentCoinsCoroutine>c__Iterator15","Dispose","System.Void","False","False","1","2A","","False"
"Assembly-CSharp.dll","SpendCoinsOverLifetimeAchievementListener+<CheckSpentCoinsCoroutine>c__Iterator15","Reset","System.Void","False","False","1","2A","","False"
"Assembly-CSharp.dll","TimeInAirAchievementListener+<CheckAirTimeCoroutine>c__Iterator16","System.Collections.Generic.IEnumerator<object>.get_Current","System.Object","False","False","1","2A","","True"
"Assembly-CSharp.dll","TimeInAirAchievementListener+<CheckAirTimeCoroutine>c__Iterator16","System.Collections.IEnumerator.get_Current","System.Object","False","False","1","2A","","True"
"Assembly-CSharp.dll","TimeInAirAchievementListener+<CheckAirTimeCoroutine>c__Iterator16","MoveNext","System.Boolean","False","False","1","2A","","True"
"Assembly-CSharp.dll","TimeInAirAchievementListener+<CheckAirTimeCoroutine>c__Iterator16","Dispose","System.Void","False","False","1","2A","","False"
"Assembly-CSharp.dll","TimeInAirAchievementListener+<CheckAirTimeCoroutine>c__Iterator16","Reset","System.Void","False","False","1","2A","","False"
"Assembly-CSharp.dll","UnlockAchievementListener+<CheckUnlocks>c__Iterator17","System.Collections.Generic.IEnumerator<object>.get_Current","System.Object","False","False","1","2A","","True"
"Assembly-CSharp.dll","UnlockAchievementListener+<CheckUnlocks>c__Iterator17","System.Collections.IEnumerator.get_Current","System.Object","False","False","1","2A","","True"
"Assembly-CSharp.dll","UnlockAchievementListener+<CheckUnlocks>c__Iterator17","MoveNext","System.Boolean","False","False","1","2A","","True"
"Assembly-CSharp.dll","UnlockAchievementListener+<CheckUnlocks>c__Iterator17","Dispose","System.Void","False","False","1","2A","","False"
"Assembly-CSharp.dll","UnlockAchievementListener+<CheckUnlocks>c__Iterator17","Reset","System.Void","False","False","1","2A","","False"
"Assembly-CSharp.dll","UseAPowerupAchievementListener+<PowerupUseCheckPump>c__Iterator18","System.Collections.Generic.IEnumerator<object>.get_Current","System.Object","False","False","1","2A","","True"
"Assembly-CSharp.dll","UseAPowerupAchievementListener+<PowerupUseCheckPump>c__Iterator18","System.Collections.IEnumerator.get_Current","System.Object","False","False","1","2A","","True"
"Assembly-CSharp.dll","UseAPowerupAchievementListener+<PowerupUseCheckPump>c__Iterator18","MoveNext","System.Boolean","False","False","1","2A","","True"
"Assembly-CSharp.dll","UseAPowerupAchievementListener+<PowerupUseCheckPump>c__Iterator18","Dispose","System.Void","False","False","1","2A","","False"
"Assembly-CSharp.dll","UseAPowerupAchievementListener+<PowerupUseCheckPump>c__Iterator18","Reset","System.Void","False","False","1","2A","","False"
"Assembly-CSharp.dll","UsePowerupAgainstOpponentAchievementListener+<CheckMetricsPump>c__Iterator19","System.Collections.Generic.IEnumerator<object>.get_Current","System.Object","False","False","1","2A","","True"
"Assembly-CSharp.dll","UsePowerupAgainstOpponentAchievementListener+<CheckMetricsPump>c__Iterator19","System.Collections.IEnumerator.get_Current","System.Object","False","False","1","2A","","True"
"Assembly-CSharp.dll","UsePowerupAgainstOpponentAchievementListener+<CheckMetricsPump>c__Iterator19","MoveNext","System.Boolean","False","False","1","2A","","True"
"Assembly-CSharp.dll","UsePowerupAgainstOpponentAchievementListener+<CheckMetricsPump>c__Iterator19","Dispose","System.Void","False","False","1","2A","","False"
"Assembly-CSharp.dll","UsePowerupAgainstOpponentAchievementListener+<CheckMetricsPump>c__Iterator19","Reset","System.Void","False","False","1","2A","","False"
"Assembly-CSharp.dll","AnimatedTexture+<UpdateTexture>c__Iterator1A","System.Collections.Generic.IEnumerator<object>.get_Current","System.Object","False","False","1","2A","","True"
"Assembly-CSharp.dll","AnimatedTexture+<UpdateTexture>c__Iterator1A","System.Collections.IEnumerator.get_Current","System.Object","False","False","1","2A","","True"
"Assembly-CSharp.dll","AnimatedTexture+<UpdateTexture>c__Iterator1A","MoveNext","System.Boolean","False","False","1","2A","","True"
"Assembly-CSharp.dll","AnimatedTexture+<UpdateTexture>c__Iterator1A","Dispose","System.Void","False","False","1","2A","","False"
"Assembly-CSharp.dll","AnimatedTexture+<UpdateTexture>c__Iterator1A","Reset","System.Void","False","False","1","2A","","False"
"Assembly-CSharp.dll","AnimationDriver+<CrossFadeToNewAnimation>c__Iterator1B","System.Collections.Generic.IEnumerator<object>.get_Current","System.Object","False","False","1","2A","","True"
"Assembly-CSharp.dll","AnimationDriver+<CrossFadeToNewAnimation>c__Iterator1B","System.Collections.IEnumerator.get_Current","System.Object","False","False","1","2A","","True"
"Assembly-CSharp.dll","AnimationDriver+<CrossFadeToNewAnimation>c__Iterator1B","MoveNext","System.Boolean","False","False","1","2A","","True"
"Assembly-CSharp.dll","AnimationDriver+<CrossFadeToNewAnimation>c__Iterator1B","Dispose","System.Void","False","False","1","2A","","False"
"Assembly-CSharp.dll","AnimationDriver+<CrossFadeToNewAnimation>c__Iterator1B","Reset","System.Void","False","False","1","2A","","False"
"Assembly-CSharp.dll","CarCollider+<CarUpdatePump>c__Iterator1C","System.Collections.Generic.IEnumerator<object>.get_Current","System.Object","False","False","1","2A","","True"
"Assembly-CSharp.dll","CarCollider+<CarUpdatePump>c__Iterator1C","System.Collections.IEnumerator.get_Current","System.Object","False","False","1","2A","","True"
"Assembly-CSharp.dll","CarCollider+<CarUpdatePump>c__Iterator1C","MoveNext","System.Boolean","False","False","1","2A","","True"
"Assembly-CSharp.dll","CarCollider+<CarUpdatePump>c__Iterator1C","Dispose","System.Void","False","False","1","2A","","False"
"Assembly-CSharp.dll","CarCollider+<CarUpdatePump>c__Iterator1C","Reset","System.Void","False","False","1","2A","","False"
"Assembly-CSharp.dll","CharacterConfigData+<LoadWebConfig>c__Iterator1D","System.Collections.Generic.IEnumerator<object>.get_Current","System.Object","False","False","1","2A","","True"
"Assembly-CSharp.dll","CharacterConfigData+<LoadWebConfig>c__Iterator1D","System.Collections.IEnumerator.get_Current","System.Object","False","False","1","2A","","True"
"Assembly-CSharp.dll","CharacterConfigData+<LoadWebConfig>c__Iterator1D","MoveNext","System.Boolean","False","False","1","2A","","True"
"Assembly-CSharp.dll","CharacterConfigData+<LoadWebConfig>c__Iterator1D","Dispose","System.Void","False","False","1","2A","","False"
"Assembly-CSharp.dll","CharacterConfigData+<LoadWebConfig>c__Iterator1D","Reset","System.Void","False","False","1","2A","","False"
"Assembly-CSharp.dll","CompositeTextureUtil+AsyncTextureProcessor+<GenerateCompositeTextureAsync>c__Iterator1E","System.Collections.Generic.IEnumerator<object>.get_Current","System.Object","False","False","1","2A","","True"
"Assembly-CSharp.dll","CompositeTextureUtil+AsyncTextureProcessor+<GenerateCompositeTextureAsync>c__Iterator1E","System.Collections.IEnumerator.get_Current","System.Object","False","False","1","2A","","True"
"Assembly-CSharp.dll","CompositeTextureUtil+AsyncTextureProcessor+<GenerateCompositeTextureAsync>c__Iterator1E","MoveNext","System.Boolean","False","False","1","2A","","True"
"Assembly-CSharp.dll","CompositeTextureUtil+AsyncTextureProcessor+<GenerateCompositeTextureAsync>c__Iterator1E","Dispose","System.Void","False","False","1","2A","","False"
"Assembly-CSharp.dll","CompositeTextureUtil+AsyncTextureProcessor+<GenerateCompositeTextureAsync>c__Iterator1E","Reset","System.Void","False","False","1","2A","","False"
"Assembly-CSharp.dll","CartPartList+<ModifyPartCostsCoroutine>c__Iterator1F","System.Collections.Generic.IEnumerator<object>.get_Current","System.Object","False","False","1","2A","","True"
"Assembly-CSharp.dll","CartPartList+<ModifyPartCostsCoroutine>c__Iterator1F","System.Collections.IEnumerator.get_Current","System.Object","False","False","1","2A","","True"
"Assembly-CSharp.dll","CartPartList+<ModifyPartCostsCoroutine>c__Iterator1F","MoveNext","System.Boolean","False","False","1","2A","","True"
"Assembly-CSharp.dll","CartPartList+<ModifyPartCostsCoroutine>c__Iterator1F","Dispose","System.Void","False","False","1","2A","","False"
"Assembly-CSharp.dll","CartPartList+<ModifyPartCostsCoroutine>c__Iterator1F","Reset","System.Void","False","False","1","2A","","False"
"Assembly-CSharp.dll","PlayerInstance+<ConstructCart>c__Iterator20","System.Collections.Generic.IEnumerator<object>.get_Current","System.Object","False","False","1","2A","","True"
"Assembly-CSharp.dll","PlayerInstance+<ConstructCart>c__Iterator20","System.Collections.IEnumerator.get_Current","System.Object","False","False","1","2A","","True"
"Assembly-CSharp.dll","PlayerInstance+<ConstructCart>c__Iterator20","MoveNext","System.Boolean","False","False","1","2A","","True"
"Assembly-CSharp.dll","PlayerInstance+<ConstructCart>c__Iterator20","Dispose","System.Void","False","False","1","2A","","False"
"Assembly-CSharp.dll","PlayerInstance+<ConstructCart>c__Iterator20","Reset","System.Void","False","False","1","2A","","False"
"Assembly-CSharp.dll","DataUtility+<StartStorePurchase>c__Iterator21","System.Collections.Generic.IEnumerator<object>.get_Current","System.Object","False","False","1","2A","","True"
"Assembly-CSharp.dll","DataUtility+<StartStorePurchase>c__Iterator21","System.Collections.IEnumerator.get_Current","System.Object","False","False","1","2A","","True"
"Assembly-CSharp.dll","DataUtility+<StartStorePurchase>c__Iterator21","MoveNext","System.Boolean","False","False","1","2A","","True"
"Assembly-CSharp.dll","DataUtility+<StartStorePurchase>c__Iterator21","Dispose","System.Void","False","False","1","2A","","False"
"Assembly-CSharp.dll","DataUtility+<StartStorePurchase>c__Iterator21","Reset","System.Void","False","False","1","2A","","False"
"Assembly-CSharp.dll","DataUtility+<FinalizePurchase>c__Iterator22","System.Collections.Generic.IEnumerator<object>.get_Current","System.Object","False","False","1","2A","","True"
"Assembly-CSharp.dll","DataUtility+<FinalizePurchase>c__Iterator22","System.Collections.IEnumerator.get_Current","System.Object","False","False","1","2A","","True"
"Assembly-CSharp.dll","DataUtility+<FinalizePurchase>c__Iterator22","MoveNext","System.Boolean","False","False","1","2A","","True"
"Assembly-CSharp.dll","DataUtility+<FinalizePurchase>c__Iterator22","Dispose","System.Void","False","False","1","2A","","False"
"Assembly-CSharp.dll","DataUtility+<FinalizePurchase>c__Iterator22","Reset","System.Void","False","False","1","2A","","False"
"Assembly-CSharp.dll","MissionManager+<WaitForNextMission>c__Iterator23","System.Collections.Generic.IEnumerator<object>.get_Current","System.Object","False","False","1","2A","","True"
"Assembly-CSharp.dll","MissionManager+<WaitForNextMission>c__Iterator23","System.Collections.IEnumerator.get_Current","System.Object","False","False","1","2A","","True"
"Assembly-CSharp.dll","MissionManager+<WaitForNextMission>c__Iterator23","MoveNext","System.Boolean","False","False","1","2A","","True"
"Assembly-CSharp.dll","MissionManager+<WaitForNextMission>c__Iterator23","Dispose","System.Void","False","False","1","2A","","False"
"Assembly-CSharp.dll","MissionManager+<WaitForNextMission>c__Iterator23","Reset","System.Void","False","False","1","2A","","False"
"Assembly-CSharp.dll","Explosion+<ExplosionDeath>c__Iterator24","System.Collections.Generic.IEnumerator<object>.get_Current","System.Object","False","False","1","2A","","True"
"Assembly-CSharp.dll","Explosion+<ExplosionDeath>c__Iterator24","System.Collections.IEnumerator.get_Current","System.Object","False","False","1","2A","","True"
"Assembly-CSharp.dll","Explosion+<ExplosionDeath>c__Iterator24","MoveNext","System.Boolean","False","False","1","2A","","True"
"Assembly-CSharp.dll","Explosion+<ExplosionDeath>c__Iterator24","Dispose","System.Void","False","False","1","2A","","False"
"Assembly-CSharp.dll","Explosion+<ExplosionDeath>c__Iterator24","Reset","System.Void","False","False","1","2A","","False"
"Assembly-CSharp.dll","MusicPlayer+<RestoreVolumeAfterSound>c__Iterator25","System.Collections.Generic.IEnumerator<object>.get_Current","System.Object","False","False","1","2A","","True"
"Assembly-CSharp.dll","MusicPlayer+<RestoreVolumeAfterSound>c__Iterator25","System.Collections.IEnumerator.get_Current","System.Object","False","False","1","2A","","True"
"Assembly-CSharp.dll","MusicPlayer+<RestoreVolumeAfterSound>c__Iterator25","MoveNext","System.Boolean","False","False","1","2A","","True"
"Assembly-CSharp.dll","MusicPlayer+<RestoreVolumeAfterSound>c__Iterator25","Dispose","System.Void","False","False","1","2A","","False"
"Assembly-CSharp.dll","MusicPlayer+<RestoreVolumeAfterSound>c__Iterator25","Reset","System.Void","False","False","1","2A","","False"
"Assembly-CSharp.dll","SoundSequencer+<Recycle>c__Iterator26","System.Collections.Generic.IEnumerator<object>.get_Current","System.Object","False","False","1","2A","","True"
"Assembly-CSharp.dll","SoundSequencer+<Recycle>c__Iterator26","System.Collections.IEnumerator.get_Current","System.Object","False","False","1","2A","","True"
"Assembly-CSharp.dll","SoundSequencer+<Recycle>c__Iterator26","MoveNext","System.Boolean","False","False","1","2A","","True"
"Assembly-CSharp.dll","SoundSequencer+<Recycle>c__Iterator26","Dispose","System.Void","False","False","1","2A","","False"
"Assembly-CSharp.dll","SoundSequencer+<Recycle>c__Iterator26","Reset","System.Void","False","False","1","2A","","False"
"Assembly-CSharp.dll","ParticleSystemDestroy+<Start>c__Iterator27","System.Collections.Generic.IEnumerator<object>.get_Current","System.Object","False","False","1","2A","","True"
"Assembly-CSharp.dll","ParticleSystemDestroy+<Start>c__Iterator27","System.Collections.IEnumerator.get_Current","System.Object","False","False","1","2A","","True"
"Assembly-CSharp.dll","ParticleSystemDestroy+<Start>c__Iterator27","MoveNext","System.Boolean","False","False","1","2A","","True"
"Assembly-CSharp.dll","ParticleSystemDestroy+<Start>c__Iterator27","Dispose","System.Void","False","False","1","2A","","False"
"Assembly-CSharp.dll","ParticleSystemDestroy+<Start>c__Iterator27","Reset","System.Void","False","False","1","2A","","False"
"Assembly-CSharp.dll","CausticsManager+<UpdateCausticsCoroutine>c__Iterator28","System.Collections.Generic.IEnumerator<object>.get_Current","System.Object","False","False","1","2A","","True"
"Assembly-CSharp.dll","CausticsManager+<UpdateCausticsCoroutine>c__Iterator28","System.Collections.IEnumerator.get_Current","System.Object","False","False","1","2A","","True"
"Assembly-CSharp.dll","CausticsManager+<UpdateCausticsCoroutine>c__Iterator28","MoveNext","System.Boolean","False","False","1","2A","","True"
"Assembly-CSharp.dll","CausticsManager+<UpdateCausticsCoroutine>c__Iterator28","Dispose","System.Void","False","False","1","2A","","False"
"Assembly-CSharp.dll","CausticsManager+<UpdateCausticsCoroutine>c__Iterator28","Reset","System.Void","False","False","1","2A","","False"
"Assembly-CSharp.dll","FadeHelper+<Fader>c__Iterator29","System.Collections.Generic.IEnumerator<object>.get_Current","System.Object","False","False","1","2A","","True"
"Assembly-CSharp.dll","FadeHelper+<Fader>c__Iterator29","System.Collections.IEnumerator.get_Current","System.Object","False","False","1","2A","","True"
"Assembly-CSharp.dll","FadeHelper+<Fader>c__Iterator29","MoveNext","System.Boolean","False","False","1","2A","","True"
"Assembly-CSharp.dll","FadeHelper+<Fader>c__Iterator29","Dispose","System.Void","False","False","1","2A","","False"
"Assembly-CSharp.dll","FadeHelper+<Fader>c__Iterator29","Reset","System.Void","False","False","1","2A","","False"
"Assembly-CSharp.dll","FadeHelper+<Fader>c__Iterator29","<>m__A","System.Boolean","False","False","1","2A","","True"
"Assembly-CSharp.dll","FadeHelper+<Fader>c__Iterator29","<>m__B","System.Boolean","False","False","1","2A","","True"
"Assembly-CSharp.dll","FadeHelper+<Fader>c__Iterator29","<>m__C","System.Boolean","False","False","1","2A","","True"
"Assembly-CSharp.dll","FadeHelper+<Fader>c__Iterator29","<>m__D","System.Boolean","False","False","1","2A","","True"
"Assembly-CSharp.dll","InputBlocker+<Start>c__Iterator2A","System.Collections.Generic.IEnumerator<object>.get_Current","System.Object","False","False","1","2A","","True"
"Assembly-CSharp.dll","InputBlocker+<Start>c__Iterator2A","System.Collections.IEnumerator.get_Current","System.Object","False","False","1","2A","","True"
"Assembly-CSharp.dll","InputBlocker+<Start>c__Iterator2A","MoveNext","System.Boolean","False","False","1","2A","","True"
"Assembly-CSharp.dll","InputBlocker+<Start>c__Iterator2A","Dispose","System.Void","False","False","1","2A","","False"
"Assembly-CSharp.dll","InputBlocker+<Start>c__Iterator2A","Reset","System.Void","False","False","1","2A","","False"
"Assembly-CSharp.dll","InputBlocker+<FadeOutHelper>c__Iterator2B","System.Collections.Generic.IEnumerator<object>.get_Current","System.Object","False","False","1","2A","","True"
"Assembly-CSharp.dll","InputBlocker+<FadeOutHelper>c__Iterator2B","System.Collections.IEnumerator.get_Current","System.Object","False","False","1","2A","","True"
"Assembly-CSharp.dll","InputBlocker+<FadeOutHelper>c__Iterator2B","MoveNext","System.Boolean","False","False","1","2A","","True"
"Assembly-CSharp.dll","InputBlocker+<FadeOutHelper>c__Iterator2B","Dispose","System.Void","False","False","1","2A","","False"
"Assembly-CSharp.dll","InputBlocker+<FadeOutHelper>c__Iterator2B","Reset","System.Void","False","False","1","2A","","False"
"Assembly-CSharp.dll","LoadSpin+<Start>c__Iterator2C","System.Collections.Generic.IEnumerator<object>.get_Current","System.Object","False","False","1","2A","","True"
"Assembly-CSharp.dll","LoadSpin+<Start>c__Iterator2C","System.Collections.IEnumerator.get_Current","System.Object","False","False","1","2A","","True"
"Assembly-CSharp.dll","LoadSpin+<Start>c__Iterator2C","MoveNext","System.Boolean","False","False","1","2A","","True"
"Assembly-CSharp.dll","LoadSpin+<Start>c__Iterator2C","Dispose","System.Void","False","False","1","2A","","False"
"Assembly-CSharp.dll","LoadSpin+<Start>c__Iterator2C","Reset","System.Void","False","False","1","2A","","False"
"Assembly-CSharp.dll","LoadSpin+<FadeHelper>c__Iterator2D","System.Collections.Generic.IEnumerator<object>.get_Current","System.Object","False","False","1","2A","","True"
"Assembly-CSharp.dll","LoadSpin+<FadeHelper>c__Iterator2D","System.Collections.IEnumerator.get_Current","System.Object","False","False","1","2A","","True"
"Assembly-CSharp.dll","LoadSpin+<FadeHelper>c__Iterator2D","MoveNext","System.Boolean","False","False","1","2A","","True"
"Assembly-CSharp.dll","LoadSpin+<FadeHelper>c__Iterator2D","Dispose","System.Void","False","False","1","2A","","False"
"Assembly-CSharp.dll","LoadSpin+<FadeHelper>c__Iterator2D","Reset","System.Void","False","False","1","2A","","False"
"Assembly-CSharp.dll","PieSplat+<Start>c__Iterator2E","System.Collections.Generic.IEnumerator<object>.get_Current","System.Object","False","False","1","2A","","True"
"Assembly-CSharp.dll","PieSplat+<Start>c__Iterator2E","System.Collections.IEnumerator.get_Current","System.Object","False","False","1","2A","","True"
"Assembly-CSharp.dll","PieSplat+<Start>c__Iterator2E","MoveNext","System.Boolean","False","False","1","2A","","True"
"Assembly-CSharp.dll","PieSplat+<Start>c__Iterator2E","Dispose","System.Void","False","False","1","2A","","False"
"Assembly-CSharp.dll","PieSplat+<Start>c__Iterator2E","Reset","System.Void","False","False","1","2A","","False"
"Assembly-CSharp.dll","RewbieShimmer+<Shimmer>c__Iterator2F","System.Collections.Generic.IEnumerator<object>.get_Current","System.Object","False","False","1","2A","","True"
"Assembly-CSharp.dll","RewbieShimmer+<Shimmer>c__Iterator2F","System.Collections.IEnumerator.get_Current","System.Object","False","False","1","2A","","True"
"Assembly-CSharp.dll","RewbieShimmer+<Shimmer>c__Iterator2F","MoveNext","System.Boolean","False","False","1","2A","","True"
"Assembly-CSharp.dll","RewbieShimmer+<Shimmer>c__Iterator2F","Dispose","System.Void","False","False","1","2A","","False"
"Assembly-CSharp.dll","RewbieShimmer+<Shimmer>c__Iterator2F","Reset","System.Void","False","False","1","2A","","False"
"Assembly-CSharp.dll","PickupSpawner+<SpawnCheck>c__Iterator30","System.Collections.Generic.IEnumerator<object>.get_Current","System.Object","False","False","1","2A","","True"
"Assembly-CSharp.dll","PickupSpawner+<SpawnCheck>c__Iterator30","System.Collections.IEnumerator.get_Current","System.Object","False","False","1","2A","","True"
"Assembly-CSharp.dll","PickupSpawner+<SpawnCheck>c__Iterator30","MoveNext","System.Boolean","False","False","1","2A","","True"
"Assembly-CSharp.dll","PickupSpawner+<SpawnCheck>c__Iterator30","Dispose","System.Void","False","False","1","2A","","False"
"Assembly-CSharp.dll","PickupSpawner+<SpawnCheck>c__Iterator30","Reset","System.Void","False","False","1","2A","","False"
"Assembly-CSharp.dll","SoundPackageManager+<LoadPackageCoroutine>c__Iterator31","System.Collections.Generic.IEnumerator<object>.get_Current","System.Object","False","False","1","2A","","True"
"Assembly-CSharp.dll","SoundPackageManager+<LoadPackageCoroutine>c__Iterator31","System.Collections.IEnumerator.get_Current","System.Object","False","False","1","2A","","True"
"Assembly-CSharp.dll","SoundPackageManager+<LoadPackageCoroutine>c__Iterator31","MoveNext","System.Boolean","False","False","1","2A","","True"
"Assembly-CSharp.dll","SoundPackageManager+<LoadPackageCoroutine>c__Iterator31","Dispose","System.Void","False","False","1","2A","","False"
"Assembly-CSharp.dll","SoundPackageManager+<LoadPackageCoroutine>c__Iterator31","Reset","System.Void","False","False","1","2A","","False"
"Assembly-CSharp.dll","StreamManager+<LoadAsset>c__Iterator32","System.Collections.Generic.IEnumerator<object>.get_Current","System.Object","False","False","1","2A","","True"
"Assembly-CSharp.dll","StreamManager+<LoadAsset>c__Iterator32","System.Collections.IEnumerator.get_Current","System.Object","False","False","1","2A","","True"
"Assembly-CSharp.dll","StreamManager+<LoadAsset>c__Iterator32","MoveNext","System.Boolean","False","False","1","2A","","True"
"Assembly-CSharp.dll","StreamManager+<LoadAsset>c__Iterator32","Dispose","System.Void","False","False","1","2A","","False"
"Assembly-CSharp.dll","StreamManager+<LoadAsset>c__Iterator32","Reset","System.Void","False","False","1","2A","","False"
"Assembly-CSharp.dll","BarrelLauncher+<LaunchPump>c__Iterator33","System.Collections.Generic.IEnumerator<object>.get_Current","System.Object","False","False","1","2A","","True"
"Assembly-CSharp.dll","BarrelLauncher+<LaunchPump>c__Iterator33","System.Collections.IEnumerator.get_Current","System.Object","False","False","1","2A","","True"
"Assembly-CSharp.dll","BarrelLauncher+<LaunchPump>c__Iterator33","MoveNext","System.Boolean","False","False","1","2A","","True"
"Assembly-CSharp.dll","BarrelLauncher+<LaunchPump>c__Iterator33","Dispose","System.Void","False","False","1","2A","","False"
"Assembly-CSharp.dll","BarrelLauncher+<LaunchPump>c__Iterator33","Reset","System.Void","False","False","1","2A","","False"
"Assembly-CSharp.dll","BarrelSpawner+<SpawnCheck>c__Iterator34","System.Collections.Generic.IEnumerator<object>.get_Current","System.Object","False","False","1","2A","","True"
"Assembly-CSharp.dll","BarrelSpawner+<SpawnCheck>c__Iterator34","System.Collections.IEnumerator.get_Current","System.Object","False","False","1","2A","","True"
"Assembly-CSharp.dll","BarrelSpawner+<SpawnCheck>c__Iterator34","MoveNext","System.Boolean","False","False","1","2A","","True"
"Assembly-CSharp.dll","BarrelSpawner+<SpawnCheck>c__Iterator34","Dispose","System.Void","False","False","1","2A","","False"
"Assembly-CSharp.dll","BarrelSpawner+<SpawnCheck>c__Iterator34","Reset","System.Void","False","False","1","2A","","False"
"Assembly-CSharp.dll","BillboardRemover+<RemoveBillboards>c__Iterator35","System.Collections.Generic.IEnumerator<object>.get_Current","System.Object","False","False","1","2A","","True"
"Assembly-CSharp.dll","BillboardRemover+<RemoveBillboards>c__Iterator35","System.Collections.IEnumerator.get_Current","System.Object","False","False","1","2A","","True"
"Assembly-CSharp.dll","BillboardRemover+<RemoveBillboards>c__Iterator35","MoveNext","System.Boolean","False","False","1","2A","","True"
"Assembly-CSharp.dll","BillboardRemover+<RemoveBillboards>c__Iterator35","Dispose","System.Void","False","False","1","2A","","False"
"Assembly-CSharp.dll","BillboardRemover+<RemoveBillboards>c__Iterator35","Reset","System.Void","False","False","1","2A","","False"
"Assembly-CSharp.dll","Crab+<SleepRoutine>c__Iterator36","System.Collections.Generic.IEnumerator<object>.get_Current","System.Object","False","False","1","2A","","True"
"Assembly-CSharp.dll","Crab+<SleepRoutine>c__Iterator36","System.Collections.IEnumerator.get_Current","System.Object","False","False","1","2A","","True"
"Assembly-CSharp.dll","Crab+<SleepRoutine>c__Iterator36","MoveNext","System.Boolean","False","False","1","2A","","True"
"Assembly-CSharp.dll","Crab+<SleepRoutine>c__Iterator36","Dispose","System.Void","False","False","1","2A","","False"
"Assembly-CSharp.dll","Crab+<SleepRoutine>c__Iterator36","Reset","System.Void","False","False","1","2A","","False"
"Assembly-CSharp.dll","ExplodingBarrel+<LifeCountdown>c__Iterator37","System.Collections.Generic.IEnumerator<object>.get_Current","System.Object","False","False","1","2A","","True"
"Assembly-CSharp.dll","ExplodingBarrel+<LifeCountdown>c__Iterator37","System.Collections.IEnumerator.get_Current","System.Object","False","False","1","2A","","True"
"Assembly-CSharp.dll","ExplodingBarrel+<LifeCountdown>c__Iterator37","MoveNext","System.Boolean","False","False","1","2A","","True"
"Assembly-CSharp.dll","ExplodingBarrel+<LifeCountdown>c__Iterator37","Dispose","System.Void","False","False","1","2A","","False"
"Assembly-CSharp.dll","ExplodingBarrel+<LifeCountdown>c__Iterator37","Reset","System.Void","False","False","1","2A","","False"
"Assembly-CSharp.dll","ExplodingBarrel+<Explode>c__Iterator38","System.Collections.Generic.IEnumerator<object>.get_Current","System.Object","False","False","1","2A","","True"
"Assembly-CSharp.dll","ExplodingBarrel+<Explode>c__Iterator38","System.Collections.IEnumerator.get_Current","System.Object","False","False","1","2A","","True"
"Assembly-CSharp.dll","ExplodingBarrel+<Explode>c__Iterator38","MoveNext","System.Boolean","False","False","1","2A","","True"
"Assembly-CSharp.dll","ExplodingBarrel+<Explode>c__Iterator38","Dispose","System.Void","False","False","1","2A","","False"
"Assembly-CSharp.dll","ExplodingBarrel+<Explode>c__Iterator38","Reset","System.Void","False","False","1","2A","","False"
"Assembly-CSharp.dll","PieAttack+<LifeCountdown>c__Iterator39","System.Collections.Generic.IEnumerator<object>.get_Current","System.Object","False","False","1","2A","","True"
"Assembly-CSharp.dll","PieAttack+<LifeCountdown>c__Iterator39","System.Collections.IEnumerator.get_Current","System.Object","False","False","1","2A","","True"
"Assembly-CSharp.dll","PieAttack+<LifeCountdown>c__Iterator39","MoveNext","System.Boolean","False","False","1","2A","","True"
"Assembly-CSharp.dll","PieAttack+<LifeCountdown>c__Iterator39","Dispose","System.Void","False","False","1","2A","","False"
"Assembly-CSharp.dll","PieAttack+<LifeCountdown>c__Iterator39","Reset","System.Void","False","False","1","2A","","False"
"Assembly-CSharp.dll","PieAttack+<ExplodeCoroutine>c__Iterator3A","System.Collections.Generic.IEnumerator<object>.get_Current","System.Object","False","False","1","2A","","True"
"Assembly-CSharp.dll","PieAttack+<ExplodeCoroutine>c__Iterator3A","System.Collections.IEnumerator.get_Current","System.Object","False","False","1","2A","","True"
"Assembly-CSharp.dll","PieAttack+<ExplodeCoroutine>c__Iterator3A","MoveNext","System.Boolean","False","False","1","2A","","True"
"Assembly-CSharp.dll","PieAttack+<ExplodeCoroutine>c__Iterator3A","Dispose","System.Void","False","False","1","2A","","False"
"Assembly-CSharp.dll","PieAttack+<ExplodeCoroutine>c__Iterator3A","Reset","System.Void","False","False","1","2A","","False"
"Assembly-CSharp.dll","PieLauncher+<Start>c__Iterator3B","System.Collections.Generic.IEnumerator<object>.get_Current","System.Object","False","False","1","2A","","True"
"Assembly-CSharp.dll","PieLauncher+<Start>c__Iterator3B","System.Collections.IEnumerator.get_Current","System.Object","False","False","1","2A","","True"
"Assembly-CSharp.dll","PieLauncher+<Start>c__Iterator3B","MoveNext","System.Boolean","False","False","1","2A","","True"
"Assembly-CSharp.dll","PieLauncher+<Start>c__Iterator3B","Dispose","System.Void","False","False","1","2A","","False"
"Assembly-CSharp.dll","PieLauncher+<Start>c__Iterator3B","Reset","System.Void","False","False","1","2A","","False"
"Assembly-CSharp.dll","PieLauncher+<ShootPieCoroutine>c__Iterator3C","System.Collections.Generic.IEnumerator<object>.get_Current","System.Object","False","False","1","2A","","True"
"Assembly-CSharp.dll","PieLauncher+<ShootPieCoroutine>c__Iterator3C","System.Collections.IEnumerator.get_Current","System.Object","False","False","1","2A","","True"
"Assembly-CSharp.dll","PieLauncher+<ShootPieCoroutine>c__Iterator3C","MoveNext","System.Boolean","False","False","1","2A","","True"
"Assembly-CSharp.dll","PieLauncher+<ShootPieCoroutine>c__Iterator3C","Dispose","System.Void","False","False","1","2A","","False"
"Assembly-CSharp.dll","PieLauncher+<ShootPieCoroutine>c__Iterator3C","Reset","System.Void","False","False","1","2A","","False"
"Assembly-CSharp.dll","TurkeyGooShooter+<Start>c__Iterator3D","System.Collections.Generic.IEnumerator<object>.get_Current","System.Object","False","False","1","2A","","True"
"Assembly-CSharp.dll","TurkeyGooShooter+<Start>c__Iterator3D","System.Collections.IEnumerator.get_Current","System.Object","False","False","1","2A","","True"
"Assembly-CSharp.dll","TurkeyGooShooter+<Start>c__Iterator3D","MoveNext","System.Boolean","False","False","1","2A","","True"
"Assembly-CSharp.dll","TurkeyGooShooter+<Start>c__Iterator3D","Dispose","System.Void","False","False","1","2A","","False"
"Assembly-CSharp.dll","TurkeyGooShooter+<Start>c__Iterator3D","Reset","System.Void","False","False","1","2A","","False"
"Assembly-CSharp.dll","WhoopieCushion+<Explode>c__Iterator3E","System.Collections.Generic.IEnumerator<object>.get_Current","System.Object","False","False","1","2A","","True"
"Assembly-CSharp.dll","WhoopieCushion+<Explode>c__Iterator3E","System.Collections.IEnumerator.get_Current","System.Object","False","False","1","2A","","True"
"Assembly-CSharp.dll","WhoopieCushion+<Explode>c__Iterator3E","MoveNext","System.Boolean","False","False","1","2A","","True"
"Assembly-CSharp.dll","WhoopieCushion+<Explode>c__Iterator3E","Dispose","System.Void","False","False","1","2A","","False"
"Assembly-CSharp.dll","WhoopieCushion+<Explode>c__Iterator3E","Reset","System.Void","False","False","1","2A","","False"
"Assembly-CSharp.dll","LocalizedAssetSwapper+<Start>c__Iterator3F","System.Collections.Generic.IEnumerator<object>.get_Current","System.Object","False","False","1","2A","","True"
"Assembly-CSharp.dll","LocalizedAssetSwapper+<Start>c__Iterator3F","System.Collections.IEnumerator.get_Current","System.Object","False","False","1","2A","","True"
"Assembly-CSharp.dll","LocalizedAssetSwapper+<Start>c__Iterator3F","MoveNext","System.Boolean","False","False","1","2A","","True"
"Assembly-CSharp.dll","LocalizedAssetSwapper+<Start>c__Iterator3F","Dispose","System.Void","False","False","1","2A","","False"
"Assembly-CSharp.dll","LocalizedAssetSwapper+<Start>c__Iterator3F","Reset","System.Void","False","False","1","2A","","False"
"Assembly-CSharp.dll","RaceManager+<RaceOutCoroutine>c__Iterator40","System.Collections.Generic.IEnumerator<object>.get_Current","System.Object","False","False","1","2A","","True"
"Assembly-CSharp.dll","RaceManager+<RaceOutCoroutine>c__Iterator40","System.Collections.IEnumerator.get_Current","System.Object","False","False","1","2A","","True"
"Assembly-CSharp.dll","RaceManager+<RaceOutCoroutine>c__Iterator40","MoveNext","System.Boolean","False","False","1","2A","","True"
"Assembly-CSharp.dll","RaceManager+<RaceOutCoroutine>c__Iterator40","Dispose","System.Void","False","False","1","2A","","False"
"Assembly-CSharp.dll","RaceManager+<RaceOutCoroutine>c__Iterator40","Reset","System.Void","False","False","1","2A","","False"
"Assembly-CSharp.dll","RaceManager+<CalculateCarPositionPump>c__Iterator41","System.Collections.Generic.IEnumerator<object>.get_Current","System.Object","False","False","1","2A","","True"
"Assembly-CSharp.dll","RaceManager+<CalculateCarPositionPump>c__Iterator41","System.Collections.IEnumerator.get_Current","System.Object","False","False","1","2A","","True"
"Assembly-CSharp.dll","RaceManager+<CalculateCarPositionPump>c__Iterator41","MoveNext","System.Boolean","False","False","1","2A","","True"
"Assembly-CSharp.dll","RaceManager+<CalculateCarPositionPump>c__Iterator41","Dispose","System.Void","False","False","1","2A","","False"
"Assembly-CSharp.dll","RaceManager+<CalculateCarPositionPump>c__Iterator41","Reset","System.Void","False","False","1","2A","","False"
"Assembly-CSharp.dll","RaceManager+<PreraceCountdown>c__Iterator42","System.Collections.Generic.IEnumerator<object>.get_Current","System.Object","False","False","1","2A","","True"
"Assembly-CSharp.dll","RaceManager+<PreraceCountdown>c__Iterator42","System.Collections.IEnumerator.get_Current","System.Object","False","False","1","2A","","True"
"Assembly-CSharp.dll","RaceManager+<PreraceCountdown>c__Iterator42","MoveNext","System.Boolean","False","False","1","2A","","True"
"Assembly-CSharp.dll","RaceManager+<PreraceCountdown>c__Iterator42","Dispose","System.Void","False","False","1","2A","","False"
"Assembly-CSharp.dll","RaceManager+<PreraceCountdown>c__Iterator42","Reset","System.Void","False","False","1","2A","","False"
"Assembly-CSharp.dll","RaceManager+<DoFinishLineEffect>c__Iterator43","System.Collections.Generic.IEnumerator<object>.get_Current","System.Object","False","False","1","2A","","True"
"Assembly-CSharp.dll","RaceManager+<DoFinishLineEffect>c__Iterator43","System.Collections.IEnumerator.get_Current","System.Object","False","False","1","2A","","True"
"Assembly-CSharp.dll","RaceManager+<DoFinishLineEffect>c__Iterator43","MoveNext","System.Boolean","False","False","1","2A","","True"
"Assembly-CSharp.dll","RaceManager+<DoFinishLineEffect>c__Iterator43","Dispose","System.Void","False","False","1","2A","","False"
"Assembly-CSharp.dll","RaceManager+<DoFinishLineEffect>c__Iterator43","Reset","System.Void","False","False","1","2A","","False"
"Assembly-CSharp.dll","RaceManager+<PostRaceCountdown>c__Iterator44","System.Collections.Generic.IEnumerator<object>.get_Current","System.Object","False","False","1","2A","","True"
"Assembly-CSharp.dll","RaceManager+<PostRaceCountdown>c__Iterator44","System.Collections.IEnumerator.get_Current","System.Object","False","False","1","2A","","True"
"Assembly-CSharp.dll","RaceManager+<PostRaceCountdown>c__Iterator44","MoveNext","System.Boolean","False","False","1","2A","","True"
"Assembly-CSharp.dll","RaceManager+<PostRaceCountdown>c__Iterator44","Dispose","System.Void","False","False","1","2A","","False"
"Assembly-CSharp.dll","RaceManager+<PostRaceCountdown>c__Iterator44","Reset","System.Void","False","False","1","2A","","False"
"Assembly-CSharp.dll","RaceManager+<PreLaunchCoroutine>c__Iterator45","System.Collections.Generic.IEnumerator<object>.get_Current","System.Object","False","False","1","2A","","True"
"Assembly-CSharp.dll","RaceManager+<PreLaunchCoroutine>c__Iterator45","System.Collections.IEnumerator.get_Current","System.Object","False","False","1","2A","","True"
"Assembly-CSharp.dll","RaceManager+<PreLaunchCoroutine>c__Iterator45","MoveNext","System.Boolean","False","False","1","2A","","True"
"Assembly-CSharp.dll","RaceManager+<PreLaunchCoroutine>c__Iterator45","Dispose","System.Void","False","False","1","2A","","False"
"Assembly-CSharp.dll","RaceManager+<PreLaunchCoroutine>c__Iterator45","Reset","System.Void","False","False","1","2A","","False"
"Assembly-CSharp.dll","RaceManager+<EliminateCar>c__Iterator46","System.Collections.Generic.IEnumerator<object>.get_Current","System.Object","False","False","1","2A","","True"
"Assembly-CSharp.dll","RaceManager+<EliminateCar>c__Iterator46","System.Collections.IEnumerator.get_Current","System.Object","False","False","1","2A","","True"
"Assembly-CSharp.dll","RaceManager+<EliminateCar>c__Iterator46","MoveNext","System.Boolean","False","False","1","2A","","True"
"Assembly-CSharp.dll","RaceManager+<EliminateCar>c__Iterator46","Dispose","System.Void","False","False","1","2A","","False"
"Assembly-CSharp.dll","RaceManager+<EliminateCar>c__Iterator46","Reset","System.Void","False","False","1","2A","","False"
"Assembly-CSharp.dll","RaceManager+<StartRaceRewind>c__Iterator47","System.Collections.Generic.IEnumerator<object>.get_Current","System.Object","False","False","1","2A","","True"
"Assembly-CSharp.dll","RaceManager+<StartRaceRewind>c__Iterator47","System.Collections.IEnumerator.get_Current","System.Object","False","False","1","2A","","True"
"Assembly-CSharp.dll","RaceManager+<StartRaceRewind>c__Iterator47","MoveNext","System.Boolean","False","False","1","2A","","True"
"Assembly-CSharp.dll","RaceManager+<StartRaceRewind>c__Iterator47","Dispose","System.Void","False","False","1","2A","","False"
"Assembly-CSharp.dll","RaceManager+<StartRaceRewind>c__Iterator47","Reset","System.Void","False","False","1","2A","","False"
"Assembly-CSharp.dll","RaceSettings+<CleanupCoroutine>c__Iterator48","System.Collections.Generic.IEnumerator<object>.get_Current","System.Object","False","False","1","2A","","True"
"Assembly-CSharp.dll","RaceSettings+<CleanupCoroutine>c__Iterator48","System.Collections.IEnumerator.get_Current","System.Object","False","False","1","2A","","True"
"Assembly-CSharp.dll","RaceSettings+<CleanupCoroutine>c__Iterator48","MoveNext","System.Boolean","False","False","1","2A","","True"
"Assembly-CSharp.dll","RaceSettings+<CleanupCoroutine>c__Iterator48","Dispose","System.Void","False","False","1","2A","","False"
"Assembly-CSharp.dll","RaceSettings+<CleanupCoroutine>c__Iterator48","Reset","System.Void","False","False","1","2A","","False"
"Assembly-CSharp.dll","TrackUnlockHelper+<Start>c__Iterator49","System.Collections.Generic.IEnumerator<object>.get_Current","System.Object","False","False","1","2A","","True"
"Assembly-CSharp.dll","TrackUnlockHelper+<Start>c__Iterator49","System.Collections.IEnumerator.get_Current","System.Object","False","False","1","2A","","True"
"Assembly-CSharp.dll","TrackUnlockHelper+<Start>c__Iterator49","MoveNext","System.Boolean","False","False","1","2A","","True"
"Assembly-CSharp.dll","TrackUnlockHelper+<Start>c__Iterator49","Dispose","System.Void","False","False","1","2A","","False"
"Assembly-CSharp.dll","TrackUnlockHelper+<Start>c__Iterator49","Reset","System.Void","False","False","1","2A","","False"
"Assembly-CSharp.dll","TriFoot+<GimpedTrifootCoroutine>c__Iterator4A","System.Collections.Generic.IEnumerator<object>.get_Current","System.Object","False","False","1","2A","","True"
"Assembly-CSharp.dll","TriFoot+<GimpedTrifootCoroutine>c__Iterator4A","System.Collections.IEnumerator.get_Current","System.Object","False","False","1","2A","","True"
"Assembly-CSharp.dll","TriFoot+<GimpedTrifootCoroutine>c__Iterator4A","MoveNext","System.Boolean","False","False","1","2A","","True"
"Assembly-CSharp.dll","TriFoot+<GimpedTrifootCoroutine>c__Iterator4A","Dispose","System.Void","False","False","1","2A","","False"
"Assembly-CSharp.dll","TriFoot+<GimpedTrifootCoroutine>c__Iterator4A","Reset","System.Void","False","False","1","2A","","False"
"Assembly-CSharp.dll","DebugMoreCoinsPublisher+<DestroyThis>c__Iterator4B","System.Collections.Generic.IEnumerator<object>.get_Current","System.Object","False","False","1","2A","","True"
"Assembly-CSharp.dll","DebugMoreCoinsPublisher+<DestroyThis>c__Iterator4B","System.Collections.IEnumerator.get_Current","System.Object","False","False","1","2A","","True"
"Assembly-CSharp.dll","DebugMoreCoinsPublisher+<DestroyThis>c__Iterator4B","MoveNext","System.Boolean","False","False","1","2A","","True"
"Assembly-CSharp.dll","DebugMoreCoinsPublisher+<DestroyThis>c__Iterator4B","Dispose","System.Void","False","False","1","2A","","False"
"Assembly-CSharp.dll","DebugMoreCoinsPublisher+<DestroyThis>c__Iterator4B","Reset","System.Void","False","False","1","2A","","False"
"Assembly-CSharp.dll","AchievementUI+<AnimatePanelOutCoroutine>c__Iterator4C","System.Collections.Generic.IEnumerator<object>.get_Current","System.Object","False","False","1","2A","","True"
"Assembly-CSharp.dll","AchievementUI+<AnimatePanelOutCoroutine>c__Iterator4C","System.Collections.IEnumerator.get_Current","System.Object","False","False","1","2A","","True"
"Assembly-CSharp.dll","AchievementUI+<AnimatePanelOutCoroutine>c__Iterator4C","MoveNext","System.Boolean","False","False","1","2A","","True"
"Assembly-CSharp.dll","AchievementUI+<AnimatePanelOutCoroutine>c__Iterator4C","Dispose","System.Void","False","False","1","2A","","False"
"Assembly-CSharp.dll","AchievementUI+<AnimatePanelOutCoroutine>c__Iterator4C","Reset","System.Void","False","False","1","2A","","False"
"Assembly-CSharp.dll","AchievementUI+<AnimatePanelInCoroutine>c__Iterator4D","System.Collections.Generic.IEnumerator<object>.get_Current","System.Object","False","False","1","2A","","True"
"Assembly-CSharp.dll","AchievementUI+<AnimatePanelInCoroutine>c__Iterator4D","System.Collections.IEnumerator.get_Current","System.Object","False","False","1","2A","","True"
"Assembly-CSharp.dll","AchievementUI+<AnimatePanelInCoroutine>c__Iterator4D","MoveNext","System.Boolean","False","False","1","2A","","True"
"Assembly-CSharp.dll","AchievementUI+<AnimatePanelInCoroutine>c__Iterator4D","Dispose","System.Void","False","False","1","2A","","False"
"Assembly-CSharp.dll","AchievementUI+<AnimatePanelInCoroutine>c__Iterator4D","Reset","System.Void","False","False","1","2A","","False"
"Assembly-CSharp.dll","AchievementWindowPublisher+<DestroyThis>c__Iterator4E","System.Collections.Generic.IEnumerator<object>.get_Current","System.Object","False","False","1","2A","","True"
"Assembly-CSharp.dll","AchievementWindowPublisher+<DestroyThis>c__Iterator4E","System.Collections.IEnumerator.get_Current","System.Object","False","False","1","2A","","True"
"Assembly-CSharp.dll","AchievementWindowPublisher+<DestroyThis>c__Iterator4E","MoveNext","System.Boolean","False","False","1","2A","","True"
"Assembly-CSharp.dll","AchievementWindowPublisher+<DestroyThis>c__Iterator4E","Dispose","System.Void","False","False","1","2A","","False"
"Assembly-CSharp.dll","AchievementWindowPublisher+<DestroyThis>c__Iterator4E","Reset","System.Void","False","False","1","2A","","False"
"Assembly-CSharp.dll","AchievementWindowPublisher+<AnimInHelper>c__Iterator4F","System.Collections.Generic.IEnumerator<object>.get_Current","System.Object","False","False","1","2A","","True"
"Assembly-CSharp.dll","AchievementWindowPublisher+<AnimInHelper>c__Iterator4F","System.Collections.IEnumerator.get_Current","System.Object","False","False","1","2A","","True"
"Assembly-CSharp.dll","AchievementWindowPublisher+<AnimInHelper>c__Iterator4F","MoveNext","System.Boolean","False","False","1","2A","","True"
"Assembly-CSharp.dll","AchievementWindowPublisher+<AnimInHelper>c__Iterator4F","Dispose","System.Void","False","False","1","2A","","False"
"Assembly-CSharp.dll","AchievementWindowPublisher+<AnimInHelper>c__Iterator4F","Reset","System.Void","False","False","1","2A","","False"
"Assembly-CSharp.dll","CartCustomizerPublisher+<CameraWaitAndRefresh>c__Iterator50","System.Collections.Generic.IEnumerator<object>.get_Current","System.Object","False","False","1","2A","","True"
"Assembly-CSharp.dll","CartCustomizerPublisher+<CameraWaitAndRefresh>c__Iterator50","System.Collections.IEnumerator.get_Current","System.Object","False","False","1","2A","","True"
"Assembly-CSharp.dll","CartCustomizerPublisher+<CameraWaitAndRefresh>c__Iterator50","MoveNext","System.Boolean","False","False","1","2A","","True"
"Assembly-CSharp.dll","CartCustomizerPublisher+<CameraWaitAndRefresh>c__Iterator50","Dispose","System.Void","False","False","1","2A","","False"
"Assembly-CSharp.dll","CartCustomizerPublisher+<CameraWaitAndRefresh>c__Iterator50","Reset","System.Void","False","False","1","2A","","False"
"Assembly-CSharp.dll","CartCustomizerPublisher+<SlideBodyFormBox>c__Iterator51","System.Collections.Generic.IEnumerator<object>.get_Current","System.Object","False","False","1","2A","","True"
"Assembly-CSharp.dll","CartCustomizerPublisher+<SlideBodyFormBox>c__Iterator51","System.Collections.IEnumerator.get_Current","System.Object","False","False","1","2A","","True"
"Assembly-CSharp.dll","CartCustomizerPublisher+<SlideBodyFormBox>c__Iterator51","MoveNext","System.Boolean","False","False","1","2A","","True"
"Assembly-CSharp.dll","CartCustomizerPublisher+<SlideBodyFormBox>c__Iterator51","Dispose","System.Void","False","False","1","2A","","False"
"Assembly-CSharp.dll","CartCustomizerPublisher+<SlideBodyFormBox>c__Iterator51","Reset","System.Void","False","False","1","2A","","False"
"Assembly-CSharp.dll","CartCustomizerPublisher+<InitialWaitForLoadCoroutine>c__Iterator52","System.Collections.Generic.IEnumerator<object>.get_Current","System.Object","False","False","1","2A","","True"
"Assembly-CSharp.dll","CartCustomizerPublisher+<InitialWaitForLoadCoroutine>c__Iterator52","System.Collections.IEnumerator.get_Current","System.Object","False","False","1","2A","","True"
"Assembly-CSharp.dll","CartCustomizerPublisher+<InitialWaitForLoadCoroutine>c__Iterator52","MoveNext","System.Boolean","False","False","1","2A","","True"
"Assembly-CSharp.dll","CartCustomizerPublisher+<InitialWaitForLoadCoroutine>c__Iterator52","Dispose","System.Void","False","False","1","2A","","False"
"Assembly-CSharp.dll","CartCustomizerPublisher+<InitialWaitForLoadCoroutine>c__Iterator52","Reset","System.Void","False","False","1","2A","","False"
"Assembly-CSharp.dll","CartCustomizerPublisher+<Start>c__Iterator53","System.Collections.Generic.IEnumerator<object>.get_Current","System.Object","False","False","1","2A","","True"
"Assembly-CSharp.dll","CartCustomizerPublisher+<Start>c__Iterator53","System.Collections.IEnumerator.get_Current","System.Object","False","False","1","2A","","True"
"Assembly-CSharp.dll","CartCustomizerPublisher+<Start>c__Iterator53","MoveNext","System.Boolean","False","False","1","2A","","True"
"Assembly-CSharp.dll","CartCustomizerPublisher+<Start>c__Iterator53","Dispose","System.Void","False","False","1","2A","","False"
"Assembly-CSharp.dll","CartCustomizerPublisher+<Start>c__Iterator53","Reset","System.Void","False","False","1","2A","","False"
"Assembly-CSharp.dll","CharacterSelectPublisher+<LoadInLocalizedAssets>c__Iterator54","System.Collections.Generic.IEnumerator<object>.get_Current","System.Object","False","False","1","2A","","True"
"Assembly-CSharp.dll","CharacterSelectPublisher+<LoadInLocalizedAssets>c__Iterator54","System.Collections.IEnumerator.get_Current","System.Object","False","False","1","2A","","True"
"Assembly-CSharp.dll","CharacterSelectPublisher+<LoadInLocalizedAssets>c__Iterator54","MoveNext","System.Boolean","False","False","1","2A","","True"
"Assembly-CSharp.dll","CharacterSelectPublisher+<LoadInLocalizedAssets>c__Iterator54","Dispose","System.Void","False","False","1","2A","","False"
"Assembly-CSharp.dll","CharacterSelectPublisher+<LoadInLocalizedAssets>c__Iterator54","Reset","System.Void","False","False","1","2A","","False"
"Assembly-CSharp.dll","ConfirmationPublisher+<Close>c__Iterator55","System.Collections.Generic.IEnumerator<object>.get_Current","System.Object","False","False","1","2A","","True"
"Assembly-CSharp.dll","ConfirmationPublisher+<Close>c__Iterator55","System.Collections.IEnumerator.get_Current","System.Object","False","False","1","2A","","True"
"Assembly-CSharp.dll","ConfirmationPublisher+<Close>c__Iterator55","MoveNext","System.Boolean","False","False","1","2A","","True"
"Assembly-CSharp.dll","ConfirmationPublisher+<Close>c__Iterator55","Dispose","System.Void","False","False","1","2A","","False"
"Assembly-CSharp.dll","ConfirmationPublisher+<Close>c__Iterator55","Reset","System.Void","False","False","1","2A","","False"
"Assembly-CSharp.dll","ConfirmationPublisher+<DestroyThis>c__Iterator56","System.Collections.Generic.IEnumerator<object>.get_Current","System.Object","False","False","1","2A","","True"
"Assembly-CSharp.dll","ConfirmationPublisher+<DestroyThis>c__Iterator56","System.Collections.IEnumerator.get_Current","System.Object","False","False","1","2A","","True"
"Assembly-CSharp.dll","ConfirmationPublisher+<DestroyThis>c__Iterator56","MoveNext","System.Boolean","False","False","1","2A","","True"
"Assembly-CSharp.dll","ConfirmationPublisher+<DestroyThis>c__Iterator56","Dispose","System.Void","False","False","1","2A","","False"
"Assembly-CSharp.dll","ConfirmationPublisher+<DestroyThis>c__Iterator56","Reset","System.Void","False","False","1","2A","","False"
"Assembly-CSharp.dll","DailyBonusPublisher+<DestroyThis>c__Iterator57","System.Collections.Generic.IEnumerator<object>.get_Current","System.Object","False","False","1","2A","","True"
"Assembly-CSharp.dll","DailyBonusPublisher+<DestroyThis>c__Iterator57","System.Collections.IEnumerator.get_Current","System.Object","False","False","1","2A","","True"
"Assembly-CSharp.dll","DailyBonusPublisher+<DestroyThis>c__Iterator57","MoveNext","System.Boolean","False","False","1","2A","","True"
"Assembly-CSharp.dll","DailyBonusPublisher+<DestroyThis>c__Iterator57","Dispose","System.Void","False","False","1","2A","","False"
"Assembly-CSharp.dll","DailyBonusPublisher+<DestroyThis>c__Iterator57","Reset","System.Void","False","False","1","2A","","False"
"Assembly-CSharp.dll","FrontEndLogic+<HideMenuHelper>c__Iterator58","System.Collections.Generic.IEnumerator<object>.get_Current","System.Object","False","False","1","2A","","True"
"Assembly-CSharp.dll","FrontEndLogic+<HideMenuHelper>c__Iterator58","System.Collections.IEnumerator.get_Current","System.Object","False","False","1","2A","","True"
"Assembly-CSharp.dll","FrontEndLogic+<HideMenuHelper>c__Iterator58","MoveNext","System.Boolean","False","False","1","2A","","True"
"Assembly-CSharp.dll","FrontEndLogic+<HideMenuHelper>c__Iterator58","Dispose","System.Void","False","False","1","2A","","False"
"Assembly-CSharp.dll","FrontEndLogic+<HideMenuHelper>c__Iterator58","Reset","System.Void","False","False","1","2A","","False"
"Assembly-CSharp.dll","FrontEndLogic+<CheckMenuTransitionOK>c__Iterator59","System.Collections.Generic.IEnumerator<object>.get_Current","System.Object","False","False","1","2A","","True"
"Assembly-CSharp.dll","FrontEndLogic+<CheckMenuTransitionOK>c__Iterator59","System.Collections.IEnumerator.get_Current","System.Object","False","False","1","2A","","True"
"Assembly-CSharp.dll","FrontEndLogic+<CheckMenuTransitionOK>c__Iterator59","MoveNext","System.Boolean","False","False","1","2A","","True"
"Assembly-CSharp.dll","FrontEndLogic+<CheckMenuTransitionOK>c__Iterator59","Dispose","System.Void","False","False","1","2A","","False"
"Assembly-CSharp.dll","FrontEndLogic+<CheckMenuTransitionOK>c__Iterator59","Reset","System.Void","False","False","1","2A","","False"
"Assembly-CSharp.dll","FrontEndTutorialPublisher+<PulseArrowCoroutine>c__Iterator5A","System.Collections.Generic.IEnumerator<object>.get_Current","System.Object","False","False","1","2A","","True"
"Assembly-CSharp.dll","FrontEndTutorialPublisher+<PulseArrowCoroutine>c__Iterator5A","System.Collections.IEnumerator.get_Current","System.Object","False","False","1","2A","","True"
"Assembly-CSharp.dll","FrontEndTutorialPublisher+<PulseArrowCoroutine>c__Iterator5A","MoveNext","System.Boolean","False","False","1","2A","","True"
"Assembly-CSharp.dll","FrontEndTutorialPublisher+<PulseArrowCoroutine>c__Iterator5A","Dispose","System.Void","False","False","1","2A","","False"
"Assembly-CSharp.dll","FrontEndTutorialPublisher+<PulseArrowCoroutine>c__Iterator5A","Reset","System.Void","False","False","1","2A","","False"
"Assembly-CSharp.dll","FrontEndTutorialPublisher+<FadeInCoroutine>c__Iterator5B","System.Collections.Generic.IEnumerator<object>.get_Current","System.Object","False","False","1","2A","","True"
"Assembly-CSharp.dll","FrontEndTutorialPublisher+<FadeInCoroutine>c__Iterator5B","System.Collections.IEnumerator.get_Current","System.Object","False","False","1","2A","","True"
"Assembly-CSharp.dll","FrontEndTutorialPublisher+<FadeInCoroutine>c__Iterator5B","MoveNext","System.Boolean","False","False","1","2A","","True"
"Assembly-CSharp.dll","FrontEndTutorialPublisher+<FadeInCoroutine>c__Iterator5B","Dispose","System.Void","False","False","1","2A","","False"
"Assembly-CSharp.dll","FrontEndTutorialPublisher+<FadeInCoroutine>c__Iterator5B","Reset","System.Void","False","False","1","2A","","False"
"Assembly-CSharp.dll","FrontEndTutorialPublisher+<StartHelper>c__Iterator5C","System.Collections.Generic.IEnumerator<object>.get_Current","System.Object","False","False","1","2A","","True"
"Assembly-CSharp.dll","FrontEndTutorialPublisher+<StartHelper>c__Iterator5C","System.Collections.IEnumerator.get_Current","System.Object","False","False","1","2A","","True"
"Assembly-CSharp.dll","FrontEndTutorialPublisher+<StartHelper>c__Iterator5C","MoveNext","System.Boolean","False","False","1","2A","","True"
"Assembly-CSharp.dll","FrontEndTutorialPublisher+<StartHelper>c__Iterator5C","Dispose","System.Void","False","False","1","2A","","False"
"Assembly-CSharp.dll","FrontEndTutorialPublisher+<StartHelper>c__Iterator5C","Reset","System.Void","False","False","1","2A","","False"
"Assembly-CSharp.dll","GenericPopupPublisher+<DestroyThis>c__Iterator5D","System.Collections.Generic.IEnumerator<object>.get_Current","System.Object","False","False","1","2A","","True"
"Assembly-CSharp.dll","GenericPopupPublisher+<DestroyThis>c__Iterator5D","System.Collections.IEnumerator.get_Current","System.Object","False","False","1","2A","","True"
"Assembly-CSharp.dll","GenericPopupPublisher+<DestroyThis>c__Iterator5D","MoveNext","System.Boolean","False","False","1","2A","","True"
"Assembly-CSharp.dll","GenericPopupPublisher+<DestroyThis>c__Iterator5D","Dispose","System.Void","False","False","1","2A","","False"
"Assembly-CSharp.dll","GenericPopupPublisher+<DestroyThis>c__Iterator5D","Reset","System.Void","False","False","1","2A","","False"
"Assembly-CSharp.dll","LoadingPublisher+<WaitForAssetBundles>c__Iterator5E","System.Collections.Generic.IEnumerator<object>.get_Current","System.Object","False","False","1","2A","","True"
"Assembly-CSharp.dll","LoadingPublisher+<WaitForAssetBundles>c__Iterator5E","System.Collections.IEnumerator.get_Current","System.Object","False","False","1","2A","","True"
"Assembly-CSharp.dll","LoadingPublisher+<WaitForAssetBundles>c__Iterator5E","MoveNext","System.Boolean","False","False","1","2A","","True"
"Assembly-CSharp.dll","LoadingPublisher+<WaitForAssetBundles>c__Iterator5E","Dispose","System.Void","False","False","1","2A","","False"
"Assembly-CSharp.dll","LoadingPublisher+<WaitForAssetBundles>c__Iterator5E","Reset","System.Void","False","False","1","2A","","False"
"Assembly-CSharp.dll","LoadingPublisher+<WaitForCartConstruction>c__Iterator5F","System.Collections.Generic.IEnumerator<object>.get_Current","System.Object","False","False","1","2A","","True"
"Assembly-CSharp.dll","LoadingPublisher+<WaitForCartConstruction>c__Iterator5F","System.Collections.IEnumerator.get_Current","System.Object","False","False","1","2A","","True"
"Assembly-CSharp.dll","LoadingPublisher+<WaitForCartConstruction>c__Iterator5F","MoveNext","System.Boolean","False","False","1","2A","","True"
"Assembly-CSharp.dll","LoadingPublisher+<WaitForCartConstruction>c__Iterator5F","Dispose","System.Void","False","False","1","2A","","False"
"Assembly-CSharp.dll","LoadingPublisher+<WaitForCartConstruction>c__Iterator5F","Reset","System.Void","False","False","1","2A","","False"
"Assembly-CSharp.dll","LoadingPublisher+<WaitForLevelLoad>c__Iterator60","System.Collections.Generic.IEnumerator<object>.get_Current","System.Object","False","False","1","2A","","True"
"Assembly-CSharp.dll","LoadingPublisher+<WaitForLevelLoad>c__Iterator60","System.Collections.IEnumerator.get_Current","System.Object","False","False","1","2A","","True"
"Assembly-CSharp.dll","LoadingPublisher+<WaitForLevelLoad>c__Iterator60","MoveNext","System.Boolean","False","False","1","2A","","True"
"Assembly-CSharp.dll","LoadingPublisher+<WaitForLevelLoad>c__Iterator60","Dispose","System.Void","False","False","1","2A","","False"
"Assembly-CSharp.dll","LoadingPublisher+<WaitForLevelLoad>c__Iterator60","Reset","System.Void","False","False","1","2A","","False"
"Assembly-CSharp.dll","LoadingPublisher+<SetupMissionText>c__Iterator61","System.Collections.Generic.IEnumerator<object>.get_Current","System.Object","False","False","1","2A","","True"
"Assembly-CSharp.dll","LoadingPublisher+<SetupMissionText>c__Iterator61","System.Collections.IEnumerator.get_Current","System.Object","False","False","1","2A","","True"
"Assembly-CSharp.dll","LoadingPublisher+<SetupMissionText>c__Iterator61","MoveNext","System.Boolean","False","False","1","2A","","True"
"Assembly-CSharp.dll","LoadingPublisher+<SetupMissionText>c__Iterator61","Dispose","System.Void","False","False","1","2A","","False"
"Assembly-CSharp.dll","LoadingPublisher+<SetupMissionText>c__Iterator61","Reset","System.Void","False","False","1","2A","","False"
"Assembly-CSharp.dll","LoadingPublisher+<LoadingProcess>c__Iterator62","System.Collections.Generic.IEnumerator<object>.get_Current","System.Object","False","False","1","2A","","True"
"Assembly-CSharp.dll","LoadingPublisher+<LoadingProcess>c__Iterator62","System.Collections.IEnumerator.get_Current","System.Object","False","False","1","2A","","True"
"Assembly-CSharp.dll","LoadingPublisher+<LoadingProcess>c__Iterator62","MoveNext","System.Boolean","False","False","1","2A","","True"
"Assembly-CSharp.dll","LoadingPublisher+<LoadingProcess>c__Iterator62","Dispose","System.Void","False","False","1","2A","","False"
"Assembly-CSharp.dll","LoadingPublisher+<LoadingProcess>c__Iterator62","Reset","System.Void","False","False","1","2A","","False"
"Assembly-CSharp.dll","LoadingPublisher+<FadeAndDestroyCoroutine>c__Iterator63","System.Collections.Generic.IEnumerator<object>.get_Current","System.Object","False","False","1","2A","","True"
"Assembly-CSharp.dll","LoadingPublisher+<FadeAndDestroyCoroutine>c__Iterator63","System.Collections.IEnumerator.get_Current","System.Object","False","False","1","2A","","True"
"Assembly-CSharp.dll","LoadingPublisher+<FadeAndDestroyCoroutine>c__Iterator63","MoveNext","System.Boolean","False","False","1","2A","","True"
"Assembly-CSharp.dll","LoadingPublisher+<FadeAndDestroyCoroutine>c__Iterator63","Dispose","System.Void","False","False","1","2A","","False"
"Assembly-CSharp.dll","LoadingPublisher+<FadeAndDestroyCoroutine>c__Iterator63","Reset","System.Void","False","False","1","2A","","False"
"Assembly-CSharp.dll","MoreDisneyLogic+<WaitForDestroy>c__Iterator64","System.Collections.Generic.IEnumerator<object>.get_Current","System.Object","False","False","1","2A","","True"
"Assembly-CSharp.dll","MoreDisneyLogic+<WaitForDestroy>c__Iterator64","System.Collections.IEnumerator.get_Current","System.Object","False","False","1","2A","","True"
"Assembly-CSharp.dll","MoreDisneyLogic+<WaitForDestroy>c__Iterator64","MoveNext","System.Boolean","False","False","1","2A","","True"
"Assembly-CSharp.dll","MoreDisneyLogic+<WaitForDestroy>c__Iterator64","Dispose","System.Void","False","False","1","2A","","False"
"Assembly-CSharp.dll","MoreDisneyLogic+<WaitForDestroy>c__Iterator64","Reset","System.Void","False","False","1","2A","","False"
"Assembly-CSharp.dll","PlayMenuPublisher+<StartTutLoad>c__Iterator65","System.Collections.Generic.IEnumerator<object>.get_Current","System.Object","False","False","1","2A","","True"
"Assembly-CSharp.dll","PlayMenuPublisher+<StartTutLoad>c__Iterator65","System.Collections.IEnumerator.get_Current","System.Object","False","False","1","2A","","True"
"Assembly-CSharp.dll","PlayMenuPublisher+<StartTutLoad>c__Iterator65","MoveNext","System.Boolean","False","False","1","2A","","True"
"Assembly-CSharp.dll","PlayMenuPublisher+<StartTutLoad>c__Iterator65","Dispose","System.Void","False","False","1","2A","","False"
"Assembly-CSharp.dll","PlayMenuPublisher+<StartTutLoad>c__Iterator65","Reset","System.Void","False","False","1","2A","","False"
"Assembly-CSharp.dll","PreviewCart+<ApplyPaints>c__Iterator66","System.Collections.Generic.IEnumerator<object>.get_Current","System.Object","False","False","1","2A","","True"
"Assembly-CSharp.dll","PreviewCart+<ApplyPaints>c__Iterator66","System.Collections.IEnumerator.get_Current","System.Object","False","False","1","2A","","True"
"Assembly-CSharp.dll","PreviewCart+<ApplyPaints>c__Iterator66","MoveNext","System.Boolean","False","False","1","2A","","True"
"Assembly-CSharp.dll","PreviewCart+<ApplyPaints>c__Iterator66","Dispose","System.Void","False","False","1","2A","","False"
"Assembly-CSharp.dll","PreviewCart+<ApplyPaints>c__Iterator66","Reset","System.Void","False","False","1","2A","","False"
"Assembly-CSharp.dll","PreviewCart+<ApplyPaints>c__Iterator66","<>m__2A","System.Boolean","False","False","1","2A","","True"
"Assembly-CSharp.dll","PreviewCart+<UpdateRenderers>c__Iterator67","System.Collections.Generic.IEnumerator<object>.get_Current","System.Object","False","False","1","2A","","True"
"Assembly-CSharp.dll","PreviewCart+<UpdateRenderers>c__Iterator67","System.Collections.IEnumerator.get_Current","System.Object","False","False","1","2A","","True"
"Assembly-CSharp.dll","PreviewCart+<UpdateRenderers>c__Iterator67","MoveNext","System.Boolean","False","False","1","2A","","True"
"Assembly-CSharp.dll","PreviewCart+<UpdateRenderers>c__Iterator67","Dispose","System.Void","False","False","1","2A","","False"
"Assembly-CSharp.dll","PreviewCart+<UpdateRenderers>c__Iterator67","Reset","System.Void","False","False","1","2A","","False"
"Assembly-CSharp.dll","PreviewCart+<UpdateColorShift>c__Iterator68","System.Collections.Generic.IEnumerator<object>.get_Current","System.Object","False","False","1","2A","","True"
"Assembly-CSharp.dll","PreviewCart+<UpdateColorShift>c__Iterator68","System.Collections.IEnumerator.get_Current","System.Object","False","False","1","2A","","True"
"Assembly-CSharp.dll","PreviewCart+<UpdateColorShift>c__Iterator68","MoveNext","System.Boolean","False","False","1","2A","","True"
"Assembly-CSharp.dll","PreviewCart+<UpdateColorShift>c__Iterator68","Dispose","System.Void","False","False","1","2A","","False"
"Assembly-CSharp.dll","PreviewCart+<UpdateColorShift>c__Iterator68","Reset","System.Void","False","False","1","2A","","False"
"Assembly-CSharp.dll","PreviewCart+<ComposeCart>c__Iterator69","System.Collections.Generic.IEnumerator<object>.get_Current","System.Object","False","False","1","2A","","True"
"Assembly-CSharp.dll","PreviewCart+<ComposeCart>c__Iterator69","System.Collections.IEnumerator.get_Current","System.Object","False","False","1","2A","","True"
"Assembly-CSharp.dll","PreviewCart+<ComposeCart>c__Iterator69","MoveNext","System.Boolean","False","False","1","2A","","True"
"Assembly-CSharp.dll","PreviewCart+<ComposeCart>c__Iterator69","Dispose","System.Void","False","False","1","2A","","False"
"Assembly-CSharp.dll","PreviewCart+<ComposeCart>c__Iterator69","Reset","System.Void","False","False","1","2A","","False"
"Assembly-CSharp.dll","PreviewCart+<CheckLoadingCoroutine>c__Iterator6A","System.Collections.Generic.IEnumerator<object>.get_Current","System.Object","False","False","1","2A","","True"
"Assembly-CSharp.dll","PreviewCart+<CheckLoadingCoroutine>c__Iterator6A","System.Collections.IEnumerator.get_Current","System.Object","False","False","1","2A","","True"
"Assembly-CSharp.dll","PreviewCart+<CheckLoadingCoroutine>c__Iterator6A","MoveNext","System.Boolean","False","False","1","2A","","True"
"Assembly-CSharp.dll","PreviewCart+<CheckLoadingCoroutine>c__Iterator6A","Dispose","System.Void","False","False","1","2A","","False"
"Assembly-CSharp.dll","PreviewCart+<CheckLoadingCoroutine>c__Iterator6A","Reset","System.Void","False","False","1","2A","","False"
"Assembly-CSharp.dll","PreviewCart+<UpdateCachedPaint>c__Iterator6B","System.Collections.Generic.IEnumerator<object>.get_Current","System.Object","False","False","1","2A","","True"
"Assembly-CSharp.dll","PreviewCart+<UpdateCachedPaint>c__Iterator6B","System.Collections.IEnumerator.get_Current","System.Object","False","False","1","2A","","True"
"Assembly-CSharp.dll","PreviewCart+<UpdateCachedPaint>c__Iterator6B","MoveNext","System.Boolean","False","False","1","2A","","True"
"Assembly-CSharp.dll","PreviewCart+<UpdateCachedPaint>c__Iterator6B","Dispose","System.Void","False","False","1","2A","","False"
"Assembly-CSharp.dll","PreviewCart+<UpdateCachedPaint>c__Iterator6B","Reset","System.Void","False","False","1","2A","","False"
"Assembly-CSharp.dll","PreviewCart+<UpdateCachedPaint>c__Iterator6B","<>m__2B","System.Boolean","False","False","1","2A","","True"
"Assembly-CSharp.dll","PreviewCart+<DriveOutCoroutine>c__Iterator6C","System.Collections.Generic.IEnumerator<object>.get_Current","System.Object","False","False","1","2A","","True"
"Assembly-CSharp.dll","PreviewCart+<DriveOutCoroutine>c__Iterator6C","System.Collections.IEnumerator.get_Current","System.Object","False","False","1","2A","","True"
"Assembly-CSharp.dll","PreviewCart+<DriveOutCoroutine>c__Iterator6C","MoveNext","System.Boolean","False","False","1","2A","","True"
"Assembly-CSharp.dll","PreviewCart+<DriveOutCoroutine>c__Iterator6C","Dispose","System.Void","False","False","1","2A","","False"
"Assembly-CSharp.dll","PreviewCart+<DriveOutCoroutine>c__Iterator6C","Reset","System.Void","False","False","1","2A","","False"
"Assembly-CSharp.dll","SelectCircuitPublisher+<LoadCircuitTextures>c__Iterator6D","System.Collections.Generic.IEnumerator<object>.get_Current","System.Object","False","False","1","2A","","True"
"Assembly-CSharp.dll","SelectCircuitPublisher+<LoadCircuitTextures>c__Iterator6D","System.Collections.IEnumerator.get_Current","System.Object","False","False","1","2A","","True"
"Assembly-CSharp.dll","SelectCircuitPublisher+<LoadCircuitTextures>c__Iterator6D","MoveNext","System.Boolean","False","False","1","2A","","True"
"Assembly-CSharp.dll","SelectCircuitPublisher+<LoadCircuitTextures>c__Iterator6D","Dispose","System.Void","False","False","1","2A","","False"
"Assembly-CSharp.dll","SelectCircuitPublisher+<LoadCircuitTextures>c__Iterator6D","Reset","System.Void","False","False","1","2A","","False"
"Assembly-CSharp.dll","SelectCircuitPublisher+<Start>c__Iterator6E","System.Collections.Generic.IEnumerator<object>.get_Current","System.Object","False","False","1","2A","","True"
"Assembly-CSharp.dll","SelectCircuitPublisher+<Start>c__Iterator6E","System.Collections.IEnumerator.get_Current","System.Object","False","False","1","2A","","True"
"Assembly-CSharp.dll","SelectCircuitPublisher+<Start>c__Iterator6E","MoveNext","System.Boolean","False","False","1","2A","","True"
"Assembly-CSharp.dll","SelectCircuitPublisher+<Start>c__Iterator6E","Dispose","System.Void","False","False","1","2A","","False"
"Assembly-CSharp.dll","SelectCircuitPublisher+<Start>c__Iterator6E","Reset","System.Void","False","False","1","2A","","False"
"Assembly-CSharp.dll","SelectCircuitPublisher+<Start>c__Iterator6E","<>m__2C","System.Boolean","False","False","1","2A","","True"
"Assembly-CSharp.dll","SelectCircuitPublisher+<Start>c__Iterator6E","<>m__2D","System.Boolean","False","False","1","2A","","True"
"Assembly-CSharp.dll","SelectCircuitPublisher+<Start>c__Iterator6E","<>m__2E","System.Boolean","False","False","1","2A","","True"
"Assembly-CSharp.dll","SelectCircuitPublisher+<Start>c__Iterator6E","<>m__2F","System.Boolean","False","False","1","2A","","True"
"Assembly-CSharp.dll","SelectCircuitPublisher+<Start>c__Iterator6E","<>m__30","System.Boolean","False","False","1","2A","","True"
"Assembly-CSharp.dll","SelectCircuitPublisher+<AnimateIn>c__Iterator6F","System.Collections.Generic.IEnumerator<object>.get_Current","System.Object","False","False","1","2A","","True"
"Assembly-CSharp.dll","SelectCircuitPublisher+<AnimateIn>c__Iterator6F","System.Collections.IEnumerator.get_Current","System.Object","False","False","1","2A","","True"
"Assembly-CSharp.dll","SelectCircuitPublisher+<AnimateIn>c__Iterator6F","MoveNext","System.Boolean","False","False","1","2A","","True"
"Assembly-CSharp.dll","SelectCircuitPublisher+<AnimateIn>c__Iterator6F","Dispose","System.Void","False","False","1","2A","","False"
"Assembly-CSharp.dll","SelectCircuitPublisher+<AnimateIn>c__Iterator6F","Reset","System.Void","False","False","1","2A","","False"
"Assembly-CSharp.dll","SelectCircuitPublisher+<StartTutLoad>c__Iterator70","System.Collections.Generic.IEnumerator<object>.get_Current","System.Object","False","False","1","2A","","True"
"Assembly-CSharp.dll","SelectCircuitPublisher+<StartTutLoad>c__Iterator70","System.Collections.IEnumerator.get_Current","System.Object","False","False","1","2A","","True"
"Assembly-CSharp.dll","SelectCircuitPublisher+<StartTutLoad>c__Iterator70","MoveNext","System.Boolean","False","False","1","2A","","True"
"Assembly-CSharp.dll","SelectCircuitPublisher+<StartTutLoad>c__Iterator70","Dispose","System.Void","False","False","1","2A","","False"
"Assembly-CSharp.dll","SelectCircuitPublisher+<StartTutLoad>c__Iterator70","Reset","System.Void","False","False","1","2A","","False"
"Assembly-CSharp.dll","SettingsMenuPublisher+<CheckResetConfirm>c__Iterator71","System.Collections.Generic.IEnumerator<object>.get_Current","System.Object","False","False","1","2A","","True"
"Assembly-CSharp.dll","SettingsMenuPublisher+<CheckResetConfirm>c__Iterator71","System.Collections.IEnumerator.get_Current","System.Object","False","False","1","2A","","True"
"Assembly-CSharp.dll","SettingsMenuPublisher+<CheckResetConfirm>c__Iterator71","MoveNext","System.Boolean","False","False","1","2A","","True"
"Assembly-CSharp.dll","SettingsMenuPublisher+<CheckResetConfirm>c__Iterator71","Dispose","System.Void","False","False","1","2A","","False"
"Assembly-CSharp.dll","SettingsMenuPublisher+<CheckResetConfirm>c__Iterator71","Reset","System.Void","False","False","1","2A","","False"
"Assembly-CSharp.dll","ShiftUIPublisher+<ShiftSurfaceCoroutine>c__Iterator72","System.Collections.Generic.IEnumerator<object>.get_Current","System.Object","False","False","1","2A","","True"
"Assembly-CSharp.dll","ShiftUIPublisher+<ShiftSurfaceCoroutine>c__Iterator72","System.Collections.IEnumerator.get_Current","System.Object","False","False","1","2A","","True"
"Assembly-CSharp.dll","ShiftUIPublisher+<ShiftSurfaceCoroutine>c__Iterator72","MoveNext","System.Boolean","False","False","1","2A","","True"
"Assembly-CSharp.dll","ShiftUIPublisher+<ShiftSurfaceCoroutine>c__Iterator72","Dispose","System.Void","False","False","1","2A","","False"
"Assembly-CSharp.dll","ShiftUIPublisher+<ShiftSurfaceCoroutine>c__Iterator72","Reset","System.Void","False","False","1","2A","","False"
"Assembly-CSharp.dll","TutorialLauncherPublisher+<StartTutLoad>c__Iterator73","System.Collections.Generic.IEnumerator<object>.get_Current","System.Object","False","False","1","2A","","True"
"Assembly-CSharp.dll","TutorialLauncherPublisher+<StartTutLoad>c__Iterator73","System.Collections.IEnumerator.get_Current","System.Object","False","False","1","2A","","True"
"Assembly-CSharp.dll","TutorialLauncherPublisher+<StartTutLoad>c__Iterator73","MoveNext","System.Boolean","False","False","1","2A","","True"
"Assembly-CSharp.dll","TutorialLauncherPublisher+<StartTutLoad>c__Iterator73","Dispose","System.Void","False","False","1","2A","","False"
"Assembly-CSharp.dll","TutorialLauncherPublisher+<StartTutLoad>c__Iterator73","Reset","System.Void","False","False","1","2A","","False"
"Assembly-CSharp.dll","UnlockedCircuitPublisher+<Start>c__Iterator74","System.Collections.Generic.IEnumerator<object>.get_Current","System.Object","False","False","1","2A","","True"
"Assembly-CSharp.dll","UnlockedCircuitPublisher+<Start>c__Iterator74","System.Collections.IEnumerator.get_Current","System.Object","False","False","1","2A","","True"
"Assembly-CSharp.dll","UnlockedCircuitPublisher+<Start>c__Iterator74","MoveNext","System.Boolean","False","False","1","2A","","True"
"Assembly-CSharp.dll","UnlockedCircuitPublisher+<Start>c__Iterator74","Dispose","System.Void","False","False","1","2A","","False"
"Assembly-CSharp.dll","UnlockedCircuitPublisher+<Start>c__Iterator74","Reset","System.Void","False","False","1","2A","","False"
"Assembly-CSharp.dll","UnlockedCircuitPublisher+<LoadCircuitTextures>c__Iterator75","System.Collections.Generic.IEnumerator<object>.get_Current","System.Object","False","False","1","2A","","True"
"Assembly-CSharp.dll","UnlockedCircuitPublisher+<LoadCircuitTextures>c__Iterator75","System.Collections.IEnumerator.get_Current","System.Object","False","False","1","2A","","True"
"Assembly-CSharp.dll","UnlockedCircuitPublisher+<LoadCircuitTextures>c__Iterator75","MoveNext","System.Boolean","False","False","1","2A","","True"
"Assembly-CSharp.dll","UnlockedCircuitPublisher+<LoadCircuitTextures>c__Iterator75","Dispose","System.Void","False","False","1","2A","","False"
"Assembly-CSharp.dll","UnlockedCircuitPublisher+<LoadCircuitTextures>c__Iterator75","Reset","System.Void","False","False","1","2A","","False"
"Assembly-CSharp.dll","CatchupNotify+<DeathCount>c__Iterator76","System.Collections.Generic.IEnumerator<object>.get_Current","System.Object","False","False","1","2A","","True"
"Assembly-CSharp.dll","CatchupNotify+<DeathCount>c__Iterator76","System.Collections.IEnumerator.get_Current","System.Object","False","False","1","2A","","True"
"Assembly-CSharp.dll","CatchupNotify+<DeathCount>c__Iterator76","MoveNext","System.Boolean","False","False","1","2A","","True"
"Assembly-CSharp.dll","CatchupNotify+<DeathCount>c__Iterator76","Dispose","System.Void","False","False","1","2A","","False"
"Assembly-CSharp.dll","CatchupNotify+<DeathCount>c__Iterator76","Reset","System.Void","False","False","1","2A","","False"
"Assembly-CSharp.dll","DriftScalePublisher+<BlinkLabelCoroutine>c__Iterator77","System.Collections.Generic.IEnumerator<object>.get_Current","System.Object","False","False","1","2A","","True"
"Assembly-CSharp.dll","DriftScalePublisher+<BlinkLabelCoroutine>c__Iterator77","System.Collections.IEnumerator.get_Current","System.Object","False","False","1","2A","","True"
"Assembly-CSharp.dll","DriftScalePublisher+<BlinkLabelCoroutine>c__Iterator77","MoveNext","System.Boolean","False","False","1","2A","","True"
"Assembly-CSharp.dll","DriftScalePublisher+<BlinkLabelCoroutine>c__Iterator77","Dispose","System.Void","False","False","1","2A","","False"
"Assembly-CSharp.dll","DriftScalePublisher+<BlinkLabelCoroutine>c__Iterator77","Reset","System.Void","False","False","1","2A","","False"
"Assembly-CSharp.dll","DriftScalePublisher+<BlinkWarningCoroutine>c__Iterator78","System.Collections.Generic.IEnumerator<object>.get_Current","System.Object","False","False","1","2A","","True"
"Assembly-CSharp.dll","DriftScalePublisher+<BlinkWarningCoroutine>c__Iterator78","System.Collections.IEnumerator.get_Current","System.Object","False","False","1","2A","","True"
"Assembly-CSharp.dll","DriftScalePublisher+<BlinkWarningCoroutine>c__Iterator78","MoveNext","System.Boolean","False","False","1","2A","","True"
"Assembly-CSharp.dll","DriftScalePublisher+<BlinkWarningCoroutine>c__Iterator78","Dispose","System.Void","False","False","1","2A","","False"
"Assembly-CSharp.dll","DriftScalePublisher+<BlinkWarningCoroutine>c__Iterator78","Reset","System.Void","False","False","1","2A","","False"
"Assembly-CSharp.dll","HUDLogic+<PreraceCountCoroutine>c__Iterator79","System.Collections.Generic.IEnumerator<object>.get_Current","System.Object","False","False","1","2A","","True"
"Assembly-CSharp.dll","HUDLogic+<PreraceCountCoroutine>c__Iterator79","System.Collections.IEnumerator.get_Current","System.Object","False","False","1","2A","","True"
"Assembly-CSharp.dll","HUDLogic+<PreraceCountCoroutine>c__Iterator79","MoveNext","System.Boolean","False","False","1","2A","","True"
"Assembly-CSharp.dll","HUDLogic+<PreraceCountCoroutine>c__Iterator79","Dispose","System.Void","False","False","1","2A","","False"
"Assembly-CSharp.dll","HUDLogic+<PreraceCountCoroutine>c__Iterator79","Reset","System.Void","False","False","1","2A","","False"
"Assembly-CSharp.dll","HUDLogic+<AchievementSlideNotificationCoroutine>c__Iterator7A","System.Collections.Generic.IEnumerator<object>.get_Current","System.Object","False","False","1","2A","","True"
"Assembly-CSharp.dll","HUDLogic+<AchievementSlideNotificationCoroutine>c__Iterator7A","System.Collections.IEnumerator.get_Current","System.Object","False","False","1","2A","","True"
"Assembly-CSharp.dll","HUDLogic+<AchievementSlideNotificationCoroutine>c__Iterator7A","MoveNext","System.Boolean","False","False","1","2A","","True"
"Assembly-CSharp.dll","HUDLogic+<AchievementSlideNotificationCoroutine>c__Iterator7A","Dispose","System.Void","False","False","1","2A","","False"
"Assembly-CSharp.dll","HUDLogic+<AchievementSlideNotificationCoroutine>c__Iterator7A","Reset","System.Void","False","False","1","2A","","False"
"Assembly-CSharp.dll","HUDLogic+<GimpedHudCoroutine>c__Iterator7B","System.Collections.Generic.IEnumerator<object>.get_Current","System.Object","False","False","1","2A","","True"
"Assembly-CSharp.dll","HUDLogic+<GimpedHudCoroutine>c__Iterator7B","System.Collections.IEnumerator.get_Current","System.Object","False","False","1","2A","","True"
"Assembly-CSharp.dll","HUDLogic+<GimpedHudCoroutine>c__Iterator7B","MoveNext","System.Boolean","False","False","1","2A","","True"
"Assembly-CSharp.dll","HUDLogic+<GimpedHudCoroutine>c__Iterator7B","Dispose","System.Void","False","False","1","2A","","False"
"Assembly-CSharp.dll","HUDLogic+<GimpedHudCoroutine>c__Iterator7B","Reset","System.Void","False","False","1","2A","","False"
"Assembly-CSharp.dll","HUDLogic+<DisplayNotificationCoroutine>c__Iterator7C","System.Collections.Generic.IEnumerator<object>.get_Current","System.Object","False","False","1","2A","","True"
"Assembly-CSharp.dll","HUDLogic+<DisplayNotificationCoroutine>c__Iterator7C","System.Collections.IEnumerator.get_Current","System.Object","False","False","1","2A","","True"
"Assembly-CSharp.dll","HUDLogic+<DisplayNotificationCoroutine>c__Iterator7C","MoveNext","System.Boolean","False","False","1","2A","","True"
"Assembly-CSharp.dll","HUDLogic+<DisplayNotificationCoroutine>c__Iterator7C","Dispose","System.Void","False","False","1","2A","","False"
"Assembly-CSharp.dll","HUDLogic+<DisplayNotificationCoroutine>c__Iterator7C","Reset","System.Void","False","False","1","2A","","False"
"Assembly-CSharp.dll","HUDLogic+<SignalMissionStart>c__Iterator7D","System.Collections.Generic.IEnumerator<object>.get_Current","System.Object","False","False","1","2A","","True"
"Assembly-CSharp.dll","HUDLogic+<SignalMissionStart>c__Iterator7D","System.Collections.IEnumerator.get_Current","System.Object","False","False","1","2A","","True"
"Assembly-CSharp.dll","HUDLogic+<SignalMissionStart>c__Iterator7D","MoveNext","System.Boolean","False","False","1","2A","","True"
"Assembly-CSharp.dll","HUDLogic+<SignalMissionStart>c__Iterator7D","Dispose","System.Void","False","False","1","2A","","False"
"Assembly-CSharp.dll","HUDLogic+<SignalMissionStart>c__Iterator7D","Reset","System.Void","False","False","1","2A","","False"
"Assembly-CSharp.dll","HUDLogic+<SignalMissionStart>c__Iterator7D","<>m__34","System.Boolean","False","False","1","2A","","True"
"Assembly-CSharp.dll","HUDLogic+<SignalMissionComplete>c__Iterator7E","System.Collections.Generic.IEnumerator<object>.get_Current","System.Object","False","False","1","2A","","True"
"Assembly-CSharp.dll","HUDLogic+<SignalMissionComplete>c__Iterator7E","System.Collections.IEnumerator.get_Current","System.Object","False","False","1","2A","","True"
"Assembly-CSharp.dll","HUDLogic+<SignalMissionComplete>c__Iterator7E","MoveNext","System.Boolean","False","False","1","2A","","True"
"Assembly-CSharp.dll","HUDLogic+<SignalMissionComplete>c__Iterator7E","Dispose","System.Void","False","False","1","2A","","False"
"Assembly-CSharp.dll","HUDLogic+<SignalMissionComplete>c__Iterator7E","Reset","System.Void","False","False","1","2A","","False"
"Assembly-CSharp.dll","HUDLogic+<AnimateBrakeButtonIn>c__Iterator7F","System.Collections.Generic.IEnumerator<object>.get_Current","System.Object","False","False","1","2A","","True"
"Assembly-CSharp.dll","HUDLogic+<AnimateBrakeButtonIn>c__Iterator7F","System.Collections.IEnumerator.get_Current","System.Object","False","False","1","2A","","True"
"Assembly-CSharp.dll","HUDLogic+<AnimateBrakeButtonIn>c__Iterator7F","MoveNext","System.Boolean","False","False","1","2A","","True"
"Assembly-CSharp.dll","HUDLogic+<AnimateBrakeButtonIn>c__Iterator7F","Dispose","System.Void","False","False","1","2A","","False"
"Assembly-CSharp.dll","HUDLogic+<AnimateBrakeButtonIn>c__Iterator7F","Reset","System.Void","False","False","1","2A","","False"
"Assembly-CSharp.dll","HUDLogic+<AnimateDriftButtonIn>c__Iterator80","System.Collections.Generic.IEnumerator<object>.get_Current","System.Object","False","False","1","2A","","True"
"Assembly-CSharp.dll","HUDLogic+<AnimateDriftButtonIn>c__Iterator80","System.Collections.IEnumerator.get_Current","System.Object","False","False","1","2A","","True"
"Assembly-CSharp.dll","HUDLogic+<AnimateDriftButtonIn>c__Iterator80","MoveNext","System.Boolean","False","False","1","2A","","True"
"Assembly-CSharp.dll","HUDLogic+<AnimateDriftButtonIn>c__Iterator80","Dispose","System.Void","False","False","1","2A","","False"
"Assembly-CSharp.dll","HUDLogic+<AnimateDriftButtonIn>c__Iterator80","Reset","System.Void","False","False","1","2A","","False"
"Assembly-CSharp.dll","HUDLogic+<AnimatePowerupDohickeyIn>c__Iterator81","System.Collections.Generic.IEnumerator<object>.get_Current","System.Object","False","False","1","2A","","True"
"Assembly-CSharp.dll","HUDLogic+<AnimatePowerupDohickeyIn>c__Iterator81","System.Collections.IEnumerator.get_Current","System.Object","False","False","1","2A","","True"
"Assembly-CSharp.dll","HUDLogic+<AnimatePowerupDohickeyIn>c__Iterator81","MoveNext","System.Boolean","False","False","1","2A","","True"
"Assembly-CSharp.dll","HUDLogic+<AnimatePowerupDohickeyIn>c__Iterator81","Dispose","System.Void","False","False","1","2A","","False"
"Assembly-CSharp.dll","HUDLogic+<AnimatePowerupDohickeyIn>c__Iterator81","Reset","System.Void","False","False","1","2A","","False"
"Assembly-CSharp.dll","HUDLogic+<DoWrongWayNotice>c__Iterator82","System.Collections.Generic.IEnumerator<object>.get_Current","System.Object","False","False","1","2A","","True"
"Assembly-CSharp.dll","HUDLogic+<DoWrongWayNotice>c__Iterator82","System.Collections.IEnumerator.get_Current","System.Object","False","False","1","2A","","True"
"Assembly-CSharp.dll","HUDLogic+<DoWrongWayNotice>c__Iterator82","MoveNext","System.Boolean","False","False","1","2A","","True"
"Assembly-CSharp.dll","HUDLogic+<DoWrongWayNotice>c__Iterator82","Dispose","System.Void","False","False","1","2A","","False"
"Assembly-CSharp.dll","HUDLogic+<DoWrongWayNotice>c__Iterator82","Reset","System.Void","False","False","1","2A","","False"
"Assembly-CSharp.dll","MineNotifyPublisher+<Lifetime>c__Iterator83","System.Collections.Generic.IEnumerator<object>.get_Current","System.Object","False","False","1","2A","","True"
"Assembly-CSharp.dll","MineNotifyPublisher+<Lifetime>c__Iterator83","System.Collections.IEnumerator.get_Current","System.Object","False","False","1","2A","","True"
"Assembly-CSharp.dll","MineNotifyPublisher+<Lifetime>c__Iterator83","MoveNext","System.Boolean","False","False","1","2A","","True"
"Assembly-CSharp.dll","MineNotifyPublisher+<Lifetime>c__Iterator83","Dispose","System.Void","False","False","1","2A","","False"
"Assembly-CSharp.dll","MineNotifyPublisher+<Lifetime>c__Iterator83","Reset","System.Void","False","False","1","2A","","False"
"Assembly-CSharp.dll","MineNotifyPublisher+<FadeIn>c__Iterator84","System.Collections.Generic.IEnumerator<object>.get_Current","System.Object","False","False","1","2A","","True"
"Assembly-CSharp.dll","MineNotifyPublisher+<FadeIn>c__Iterator84","System.Collections.IEnumerator.get_Current","System.Object","False","False","1","2A","","True"
"Assembly-CSharp.dll","MineNotifyPublisher+<FadeIn>c__Iterator84","MoveNext","System.Boolean","False","False","1","2A","","True"
"Assembly-CSharp.dll","MineNotifyPublisher+<FadeIn>c__Iterator84","Dispose","System.Void","False","False","1","2A","","False"
"Assembly-CSharp.dll","MineNotifyPublisher+<FadeIn>c__Iterator84","Reset","System.Void","False","False","1","2A","","False"
"Assembly-CSharp.dll","MineNotifyPublisher+<FadeOut>c__Iterator85","System.Collections.Generic.IEnumerator<object>.get_Current","System.Object","False","False","1","2A","","True"
"Assembly-CSharp.dll","MineNotifyPublisher+<FadeOut>c__Iterator85","System.Collections.IEnumerator.get_Current","System.Object","False","False","1","2A","","True"
"Assembly-CSharp.dll","MineNotifyPublisher+<FadeOut>c__Iterator85","MoveNext","System.Boolean","False","False","1","2A","","True"
"Assembly-CSharp.dll","MineNotifyPublisher+<FadeOut>c__Iterator85","Dispose","System.Void","False","False","1","2A","","False"
"Assembly-CSharp.dll","MineNotifyPublisher+<FadeOut>c__Iterator85","Reset","System.Void","False","False","1","2A","","False"
"Assembly-CSharp.dll","PreFrontEndHoop+<Start>c__Iterator86","System.Collections.Generic.IEnumerator<object>.get_Current","System.Object","False","False","1","2A","","True"
"Assembly-CSharp.dll","PreFrontEndHoop+<Start>c__Iterator86","System.Collections.IEnumerator.get_Current","System.Object","False","False","1","2A","","True"
"Assembly-CSharp.dll","PreFrontEndHoop+<Start>c__Iterator86","MoveNext","System.Boolean","False","False","1","2A","","True"
"Assembly-CSharp.dll","PreFrontEndHoop+<Start>c__Iterator86","Dispose","System.Void","False","False","1","2A","","False"
"Assembly-CSharp.dll","PreFrontEndHoop+<Start>c__Iterator86","Reset","System.Void","False","False","1","2A","","False"
"Assembly-CSharp.dll","RaceResultsPublisher+<AnimateScreenCoroutine>c__Iterator87","System.Collections.Generic.IEnumerator<object>.get_Current","System.Object","False","False","1","2A","","True"
"Assembly-CSharp.dll","RaceResultsPublisher+<AnimateScreenCoroutine>c__Iterator87","System.Collections.IEnumerator.get_Current","System.Object","False","False","1","2A","","True"
"Assembly-CSharp.dll","RaceResultsPublisher+<AnimateScreenCoroutine>c__Iterator87","MoveNext","System.Boolean","False","False","1","2A","","True"
"Assembly-CSharp.dll","RaceResultsPublisher+<AnimateScreenCoroutine>c__Iterator87","Dispose","System.Void","False","False","1","2A","","False"
"Assembly-CSharp.dll","RaceResultsPublisher+<AnimateScreenCoroutine>c__Iterator87","Reset","System.Void","False","False","1","2A","","False"
"Assembly-CSharp.dll","RaceResultsPublisher+<CheckForRewindTutorial>c__Iterator88","System.Collections.Generic.IEnumerator<object>.get_Current","System.Object","False","False","1","2A","","True"
"Assembly-CSharp.dll","RaceResultsPublisher+<CheckForRewindTutorial>c__Iterator88","System.Collections.IEnumerator.get_Current","System.Object","False","False","1","2A","","True"
"Assembly-CSharp.dll","RaceResultsPublisher+<CheckForRewindTutorial>c__Iterator88","MoveNext","System.Boolean","False","False","1","2A","","True"
"Assembly-CSharp.dll","RaceResultsPublisher+<CheckForRewindTutorial>c__Iterator88","Dispose","System.Void","False","False","1","2A","","False"
"Assembly-CSharp.dll","RaceResultsPublisher+<CheckForRewindTutorial>c__Iterator88","Reset","System.Void","False","False","1","2A","","False"
"Assembly-CSharp.dll","RaceResultsPublisher+<AnimatePlaceResultsCoroutine>c__Iterator89","System.Collections.Generic.IEnumerator<object>.get_Current","System.Object","False","False","1","2A","","True"
"Assembly-CSharp.dll","RaceResultsPublisher+<AnimatePlaceResultsCoroutine>c__Iterator89","System.Collections.IEnumerator.get_Current","System.Object","False","False","1","2A","","True"
"Assembly-CSharp.dll","RaceResultsPublisher+<AnimatePlaceResultsCoroutine>c__Iterator89","MoveNext","System.Boolean","False","False","1","2A","","True"
"Assembly-CSharp.dll","RaceResultsPublisher+<AnimatePlaceResultsCoroutine>c__Iterator89","Dispose","System.Void","False","False","1","2A","","False"
"Assembly-CSharp.dll","RaceResultsPublisher+<AnimatePlaceResultsCoroutine>c__Iterator89","Reset","System.Void","False","False","1","2A","","False"
"Assembly-CSharp.dll","RaceResultsPublisher+<AnimateCoinsCoroutine>c__Iterator8A","System.Collections.Generic.IEnumerator<object>.get_Current","System.Object","False","False","1","2A","","True"
"Assembly-CSharp.dll","RaceResultsPublisher+<AnimateCoinsCoroutine>c__Iterator8A","System.Collections.IEnumerator.get_Current","System.Object","False","False","1","2A","","True"
"Assembly-CSharp.dll","RaceResultsPublisher+<AnimateCoinsCoroutine>c__Iterator8A","MoveNext","System.Boolean","False","False","1","2A","","True"
"Assembly-CSharp.dll","RaceResultsPublisher+<AnimateCoinsCoroutine>c__Iterator8A","Dispose","System.Void","False","False","1","2A","","False"
"Assembly-CSharp.dll","RaceResultsPublisher+<AnimateCoinsCoroutine>c__Iterator8A","Reset","System.Void","False","False","1","2A","","False"
"Assembly-CSharp.dll","RewindDialogPublisher+<DestroyThis>c__Iterator8B","System.Collections.Generic.IEnumerator<object>.get_Current","System.Object","False","False","1","2A","","True"
"Assembly-CSharp.dll","RewindDialogPublisher+<DestroyThis>c__Iterator8B","System.Collections.IEnumerator.get_Current","System.Object","False","False","1","2A","","True"
"Assembly-CSharp.dll","RewindDialogPublisher+<DestroyThis>c__Iterator8B","MoveNext","System.Boolean","False","False","1","2A","","True"
"Assembly-CSharp.dll","RewindDialogPublisher+<DestroyThis>c__Iterator8B","Dispose","System.Void","False","False","1","2A","","False"
"Assembly-CSharp.dll","RewindDialogPublisher+<DestroyThis>c__Iterator8B","Reset","System.Void","False","False","1","2A","","False"
"Assembly-CSharp.dll","ScreenFader+<FadeInHelper>c__Iterator8C","System.Collections.Generic.IEnumerator<object>.get_Current","System.Object","False","False","1","2A","","True"
"Assembly-CSharp.dll","ScreenFader+<FadeInHelper>c__Iterator8C","System.Collections.IEnumerator.get_Current","System.Object","False","False","1","2A","","True"
"Assembly-CSharp.dll","ScreenFader+<FadeInHelper>c__Iterator8C","MoveNext","System.Boolean","False","False","1","2A","","True"
"Assembly-CSharp.dll","ScreenFader+<FadeInHelper>c__Iterator8C","Dispose","System.Void","False","False","1","2A","","False"
"Assembly-CSharp.dll","ScreenFader+<FadeInHelper>c__Iterator8C","Reset","System.Void","False","False","1","2A","","False"
"Assembly-CSharp.dll","ScreenFader+<FadeOutHelper>c__Iterator8D","System.Collections.Generic.IEnumerator<object>.get_Current","System.Object","False","False","1","2A","","True"
"Assembly-CSharp.dll","ScreenFader+<FadeOutHelper>c__Iterator8D","System.Collections.IEnumerator.get_Current","System.Object","False","False","1","2A","","True"
"Assembly-CSharp.dll","ScreenFader+<FadeOutHelper>c__Iterator8D","MoveNext","System.Boolean","False","False","1","2A","","True"
"Assembly-CSharp.dll","ScreenFader+<FadeOutHelper>c__Iterator8D","Dispose","System.Void","False","False","1","2A","","False"
"Assembly-CSharp.dll","ScreenFader+<FadeOutHelper>c__Iterator8D","Reset","System.Void","False","False","1","2A","","False"
"Assembly-CSharp.dll","CarAIPathManager+<GetPathIndex>c__AnonStorey8E","<>m__0","System.Boolean","False","False","1","2A","","True"
"Assembly-CSharp.dll","CarAI+<EvaluateStates>c__AnonStorey8F","<>m__1","System.Boolean","False","False","1","2A","","True"
"Assembly-CSharp.dll","CartPartList+<LoadPartCosts>c__AnonStorey90","<>m__2","System.Boolean","False","False","1","2A","","True"
"Assembly-CSharp.dll","CartPartList+<LoadPartCosts>c__AnonStorey90","<>m__3","System.Boolean","False","False","1","2A","","True"
"Assembly-CSharp.dll","FadeHelper+<IsFading>c__AnonStorey91","<>m__5","System.Boolean","False","False","1","2A","","True"
"Assembly-CSharp.dll","FadeHelper+<Fade>c__AnonStorey92","<>m__6","System.Boolean","False","False","1","2A","","True"
"Assembly-CSharp.dll","FadeHelper+<Fade>c__AnonStorey92","<>m__7","System.Boolean","False","False","1","2A","","True"
"Assembly-CSharp.dll","ParticleReducer+<Start>c__AnonStorey93","<>m__E","System.Boolean","False","False","1","2A","","True"
"Assembly-CSharp.dll","SoundPackageManager+<LoadPackage>c__AnonStorey94","<>m__F","System.Boolean","False","False","1","2A","","True"
"Assembly-CSharp.dll","SoundPackageManager+<UnloadPackage>c__AnonStorey95","<>m__10","System.Boolean","False","False","1","2A","","True"
"Assembly-CSharp.dll","SoundPackageManager+<IsPackageLoaded>c__AnonStorey96","<>m__11","System.Boolean","False","False","1","2A","","True"
"Assembly-CSharp.dll","RaceSettings+<DetermineAICars>c__AnonStorey97","<>m__16","System.Boolean","False","False","1","2A","","True"
"Assembly-CSharp.dll","TrackUnlockHelper+<GetCircuitMedalCount>c__AnonStorey98","<>m__19","System.Boolean","False","False","1","2A","","True"
"Assembly-CSharp.dll","TrackUnlockHelper+<GetTrackMedalCount>c__AnonStorey99","<>m__1A","System.Boolean","False","False","1","2A","","True"
"Assembly-CSharp.dll","TrackUnlockHelper+<GetCircuitTracks>c__AnonStorey9A","<>m__1B","System.Boolean","False","False","1","2A","","True"
"Assembly-CSharp.dll","AgeGatePopup+<SetupButton>c__AnonStorey9B","<>m__1C","System.Void","False","False","1","2A","","False"
"Assembly-CSharp.dll","AgeGatePopup+<Start>c__AnonStorey9C","<>m__1D","System.Void","False","False","1","2A","","False"
"Assembly-CSharp.dll","CartCustomizerPublisher+<SetCameraToSlot>c__AnonStorey9D","<>m__20","System.Boolean","False","False","1","2A","","True"
"Assembly-CSharp.dll","CartCustomizerPublisher+<PressedUpArrow>c__AnonStorey9E","<>m__21","System.Boolean","False","False","1","2A","","True"
"Assembly-CSharp.dll","CartCustomizerPublisher+<PressedDownArrow>c__AnonStorey9F","<>m__22","System.Boolean","False","False","1","2A","","True"
"Assembly-CSharp.dll","FrontEndLogic+<RequestMenuChange>c__AnonStoreyA0","<>m__24","System.Boolean","False","False","1","2A","","True"
"Assembly-CSharp.dll","PreviewCart+<AddPart>c__AnonStoreyA1","<>m__26","System.Boolean","False","False","1","2A","","True"
"Assembly-CSharp.dll","PreviewCart+<RemovePart>c__AnonStoreyA2","<>m__27","System.Boolean","False","False","1","2A","","True"
"Assembly-CSharp.dll","PreviewCart+<AddPaint>c__AnonStoreyA3","<>m__28","System.Boolean","False","False","1","2A","","True"
"Assembly-CSharp.dll","PreviewCart+<RemovePaint>c__AnonStoreyA4","<>m__29","System.Boolean","False","False","1","2A","","True"
"Assembly-CSharp.dll","HUDLogic+<UpdateHUD>c__AnonStoreyA5","<>m__31","System.Boolean","False","False","1","2A","","True"
"Assembly-CSharp.dll","HUDLogic+<UpdateHUD>c__AnonStoreyA5","<>m__32","System.Boolean","False","False","1","2A","","True"
"Assembly-CSharp.dll","HUDLogic+<UpdateHUD>c__AnonStoreyA5","<>m__33","System.Boolean","False","False","1","2A","","True"
"Assembly-CSharp.dll","RaceResultsPublisher+<FillRank>c__AnonStoreyA6","<>m__35","System.Boolean","False","False","1","2A","","True"
"Assembly-CSharp-firstpass.dll","BurstlyBinding","_Init","System.Void","False","True","0","","","False"
"Assembly-CSharp-firstpass.dll","BurstlyBinding","Init","System.Void","False","False","1","2A","","False"
"Assembly-CSharp-firstpass.dll","BurstlyBinding","_ShowBanner","System.Void","False","True","0","","","False"
"Assembly-CSharp-firstpass.dll","BurstlyBinding","ShowBanner","System.Void","False","False","1","2A","","False"
"Assembly-CSharp-firstpass.dll","BurstlyBinding","_HideBanner","System.Void","False","True","0","","","False"
"Assembly-CSharp-firstpass.dll","BurstlyBinding","HideBanner","System.Void","False","False","1","2A","","False"
"Assembly-CSharp-firstpass.dll","BurstlyBinding","_SetRefreshInterval","System.Void","False","True","0","","","False"
"Assembly-CSharp-firstpass.dll","BurstlyBinding","SetRefreshInterval","System.Void","False","False","1","2A","","False"
"Assembly-CSharp-firstpass.dll","BurstlyBinding","_PlaceFakeBanner","System.Void","False","True","0","","","False"
"Assembly-CSharp-firstpass.dll","BurstlyBinding","PlaceFakeBanner","System.Void","False","False","1","2A","","False"
"Assembly-CSharp-firstpass.dll","BurstlyBinding","_RemoveFakeBanner","System.Void","False","True","0","","","False"
"Assembly-CSharp-firstpass.dll","BurstlyBinding","RemoveFakeBanner","System.Void","False","False","1","2A","","False"
"Assembly-CSharp-firstpass.dll","BurstlyBinding","_CacheInterstitial","System.Void","False","True","0","","","False"
"Assembly-CSharp-firstpass.dll","BurstlyBinding","CacheInterstitial","System.Void","False","False","1","2A","","False"
"Assembly-CSharp-firstpass.dll","BurstlyBinding","_SetInterstitialAutoCache","System.Void","False","True","0","","","False"
"Assembly-CSharp-firstpass.dll","BurstlyBinding","SetInterstitialAutoCache","System.Void","False","False","1","2A","","False"
"Assembly-CSharp-firstpass.dll","BurstlyBinding","_ShowInterstitial","System.Void","False","True","0","","","False"
"Assembly-CSharp-firstpass.dll","BurstlyBinding","ShowInterstitial","System.Void","False","False","1","2A","","False"
"Assembly-CSharp-firstpass.dll","MoreGamesBinding","_MoreGamesInit","System.Void","False","True","0","","","False"
"Assembly-CSharp-firstpass.dll","MoreGamesBinding","Init","System.Void","False","False","1","2A","","False"
"Assembly-CSharp-firstpass.dll","MoreGamesBinding","_MoreGamesShowWindow","System.Void","False","True","0","","","False"
"Assembly-CSharp-firstpass.dll","MoreGamesBinding","ShowWindow","System.Void","False","False","1","2A","","False"
"Assembly-CSharp-firstpass.dll","MoreGamesBinding","_MoreGamesHideWindow","System.Void","False","True","0","","","False"
"Assembly-CSharp-firstpass.dll","MoreGamesBinding","HideWindow","System.Void","False","False","1","2A","","False"
"Assembly-CSharp-firstpass.dll","MoreGamesBinding","_MoreGamesIsShowingWindow","System.Boolean","False","True","0","","","False"
"Assembly-CSharp-firstpass.dll","MoreGamesBinding","IsShowingWindow","System.Boolean","False","False","1","2A","","True"
"Assembly-CSharp-firstpass.dll","GameCenterAchievement","fromJSON","System.Collections.Generic.List`1[[GameCenterAchievement, Assembly-CSharp-firstpass, Version=0.0.0.0, Culture=neutral, PublicKeyToken=null]]","False","False","1","2A","","True"
"Assembly-CSharp-firstpass.dll","GameCenterAchievement","ToString","System.String","False","False","1","2A","","True"
"Assembly-CSharp-firstpass.dll","GameCenterAchievementMetadata","fromJSON","System.Collections.Generic.List`1[[GameCenterAchievementMetadata, Assembly-CSharp-firstpass, Version=0.0.0.0, Culture=neutral, PublicKeyToken=null]]","False","False","1","2A","","True"
"Assembly-CSharp-firstpass.dll","GameCenterAchievementMetadata","ToString","System.String","False","False","1","2A","","True"
"Assembly-CSharp-firstpass.dll","GameCenterBinding","_gameCenterIsGameCenterAvailable","System.Boolean","False","True","0","","","False"
"Assembly-CSharp-firstpass.dll","GameCenterBinding","isGameCenterAvailable","System.Boolean","False","False","1","2A","","True"
"Assembly-CSharp-firstpass.dll","GameCenterBinding","_gameCenterAuthenticateLocalPlayer","System.Void","False","True","0","","","False"
"Assembly-CSharp-firstpass.dll","GameCenterBinding","authenticateLocalPlayer","System.Void","False","False","1","2A","","False"
"Assembly-CSharp-firstpass.dll","GameCenterBinding","_gameCenterIsPlayerAuthenticated","System.Boolean","False","True","0","","","False"
"Assembly-CSharp-firstpass.dll","GameCenterBinding","isPlayerAuthenticated","System.Boolean","False","False","1","2A","","True"
"Assembly-CSharp-firstpass.dll","GameCenterBinding","_gameCenterPlayerAlias","System.String","False","True","0","","","False"
"Assembly-CSharp-firstpass.dll","GameCenterBinding","playerAlias","System.String","False","False","1","2A","","True"
"Assembly-CSharp-firstpass.dll","GameCenterBinding","_gameCenterPlayerIdentifier","System.String","False","True","0","","","False"
"Assembly-CSharp-firstpass.dll","GameCenterBinding","playerIdentifier","System.String","False","False","1","2A","","True"
"Assembly-CSharp-firstpass.dll","GameCenterBinding","_gameCenterIsUnderage","System.Boolean","False","True","0","","","False"
"Assembly-CSharp-firstpass.dll","GameCenterBinding","isUnderage","System.Boolean","False","False","1","2A","","True"
"Assembly-CSharp-firstpass.dll","GameCenterBinding","_gameCenterRetrieveFriends","System.Void","False","True","0","","","False"
"Assembly-CSharp-firstpass.dll","GameCenterBinding","retrieveFriends","System.Void","False","False","1","2A","","False"
"Assembly-CSharp-firstpass.dll","GameCenterBinding","_gameCenterLoadPlayerData","System.Void","False","True","0","","","False"
"Assembly-CSharp-firstpass.dll","GameCenterBinding","loadPlayerData","System.Void","False","False","1","2A","","False"
"Assembly-CSharp-firstpass.dll","GameCenterBinding","_gameCenterLoadProfilePhotoForLocalPlayer","System.Void","False","True","0","","","False"
"Assembly-CSharp-firstpass.dll","GameCenterBinding","loadProfilePhotoForLocalPlayer","System.Void","False","False","1","2A","","False"
"Assembly-CSharp-firstpass.dll","GameCenterBinding","_gameCenterLoadLeaderboardLeaderboardTitles","System.Void","False","True","0","","","False"
"Assembly-CSharp-firstpass.dll","GameCenterBinding","loadLeaderboardTitles","System.Void","False","False","1","2A","","False"
"Assembly-CSharp-firstpass.dll","GameCenterBinding","_gameCenterReportScore","System.Void","False","True","0","","","False"
"Assembly-CSharp-firstpass.dll","GameCenterBinding","reportScore","System.Void","False","False","1","2A","","False"
"Assembly-CSharp-firstpass.dll","GameCenterBinding","_gameCenterShowLeaderboardWithTimeScope","System.Void","False","True","0","","","False"
"Assembly-CSharp-firstpass.dll","GameCenterBinding","showLeaderboardWithTimeScope","System.Void","False","False","1","2A","","False"
"Assembly-CSharp-firstpass.dll","GameCenterBinding","_gameCenterShowLeaderboardWithTimeScopeAndLeaderboardId","System.Void","False","True","0","","","False"
"Assembly-CSharp-firstpass.dll","GameCenterBinding","showLeaderboardWithTimeScopeAndLeaderboard","System.Void","False","False","1","2A","","False"
"Assembly-CSharp-firstpass.dll","GameCenterBinding","_gameCenterRetrieveScores","System.Void","False","True","0","","","False"
"Assembly-CSharp-firstpass.dll","GameCenterBinding","retrieveScores","System.Void","False","False","1","2A","","False"
"Assembly-CSharp-firstpass.dll","GameCenterBinding","_gameCenterRetrieveScoresForLeaderboard","System.Void","False","True","0","","","False"
"Assembly-CSharp-firstpass.dll","GameCenterBinding","retrieveScores","System.Void","False","False","1","2A","","False"
"Assembly-CSharp-firstpass.dll","GameCenterBinding","_gameCenterRetrieveScoresForPlayerId","System.Void","False","True","0","","","False"
"Assembly-CSharp-firstpass.dll","GameCenterBinding","retrieveScoresForPlayerId","System.Void","False","False","1","2A","","False"
"Assembly-CSharp-firstpass.dll","GameCenterBinding","_gameCenterRetrieveScoresForPlayerIdAndLeaderboard","System.Void","False","True","0","","","False"
"Assembly-CSharp-firstpass.dll","GameCenterBinding","retrieveScoresForPlayerId","System.Void","False","False","1","2A","","False"
"Assembly-CSharp-firstpass.dll","GameCenterBinding","_gameCenterReportAchievement","System.Void","False","True","0","","","False"
"Assembly-CSharp-firstpass.dll","GameCenterBinding","reportAchievement","System.Void","False","False","1","2A","","False"
"Assembly-CSharp-firstpass.dll","GameCenterBinding","_gameCenterGetAchievements","System.Void","False","True","0","","","False"
"Assembly-CSharp-firstpass.dll","GameCenterBinding","getAchievements","System.Void","False","False","1","2A","","False"
"Assembly-CSharp-firstpass.dll","GameCenterBinding","_gameCenterResetAchievements","System.Void","False","True","0","","","False"
"Assembly-CSharp-firstpass.dll","GameCenterBinding","resetAchievements","System.Void","False","False","1","2A","","False"
"Assembly-CSharp-firstpass.dll","GameCenterBinding","_gameCenterShowAchievements","System.Void","False","True","0","","","False"
"Assembly-CSharp-firstpass.dll","GameCenterBinding","showAchievements","System.Void","False","False","1","2A","","False"
"Assembly-CSharp-firstpass.dll","GameCenterBinding","_gameCenterRetrieveAchievementMetadata","System.Void","False","True","0","","","False"
"Assembly-CSharp-firstpass.dll","GameCenterBinding","retrieveAchievementMetadata","System.Void","False","False","1","2A","","False"
"Assembly-CSharp-firstpass.dll","GameCenterBinding","_gameCenterShowCompletionBannerForAchievements","System.Void","False","True","0","","","False"
"Assembly-CSharp-firstpass.dll","GameCenterBinding","showCompletionBannerForAchievements","System.Void","False","False","1","2A","","False"
"Assembly-CSharp-firstpass.dll","GameCenterEventListener","Start","System.Void","False","False","1","2A","","False"
"Assembly-CSharp-firstpass.dll","GameCenterEventListener","OnDisable","System.Void","False","False","1","2A","","False"
"Assembly-CSharp-firstpass.dll","GameCenterEventListener","playerAuthenticated","System.Void","False","False","1","2A","","False"
"Assembly-CSharp-firstpass.dll","GameCenterEventListener","playerFailedToAuthenticate","System.Void","False","False","1","2A","","False"
"Assembly-CSharp-firstpass.dll","GameCenterEventListener","playerLoggedOut","System.Void","False","False","1","2A","","False"
"Assembly-CSharp-firstpass.dll","GameCenterEventListener","playerDataLoaded","System.Void","False","False","1","2A","","False"
"Assembly-CSharp-firstpass.dll","GameCenterEventListener","loadPlayerDataFailed","System.Void","False","False","1","2A","","False"
"Assembly-CSharp-firstpass.dll","GameCenterEventListener","profilePhotoLoaded","System.Void","False","False","1","2A","","False"
"Assembly-CSharp-firstpass.dll","GameCenterEventListener","profilePhotoFailed","System.Void","False","False","1","2A","","False"
"Assembly-CSharp-firstpass.dll","GameCenterEventListener","categoriesLoaded","System.Void","False","False","1","2A","","False"
"Assembly-CSharp-firstpass.dll","GameCenterEventListener","loadCategoryTitlesFailed","System.Void","False","False","1","2A","","False"
"Assembly-CSharp-firstpass.dll","GameCenterEventListener","scoresLoaded","System.Void","False","False","1","2A","","False"
"Assembly-CSharp-firstpass.dll","GameCenterEventListener","retrieveScoresFailed","System.Void","False","False","1","2A","","False"
"Assembly-CSharp-firstpass.dll","GameCenterEventListener","retrieveScoresForPlayerIdFailed","System.Void","False","False","1","2A","","False"
"Assembly-CSharp-firstpass.dll","GameCenterEventListener","scoresForPlayerIdLoaded","System.Void","False","False","1","2A","","False"
"Assembly-CSharp-firstpass.dll","GameCenterEventListener","reportScoreFinished","System.Void","False","False","1","2A","","False"
"Assembly-CSharp-firstpass.dll","GameCenterEventListener","reportScoreFailed","System.Void","False","False","1","2A","","False"
"Assembly-CSharp-firstpass.dll","GameCenterEventListener","achievementMetadataLoaded","System.Void","False","False","1","2A","","False"
"Assembly-CSharp-firstpass.dll","GameCenterEventListener","retrieveAchievementMetadataFailed","System.Void","False","False","1","2A","","False"
"Assembly-CSharp-firstpass.dll","GameCenterEventListener","resetAchievementsFinished","System.Void","False","False","1","2A","","False"
"Assembly-CSharp-firstpass.dll","GameCenterEventListener","resetAchievementsFailed","System.Void","False","False","1","2A","","False"
"Assembly-CSharp-firstpass.dll","GameCenterEventListener","achievementsLoaded","System.Void","False","False","1","2A","","False"
"Assembly-CSharp-firstpass.dll","GameCenterEventListener","loadAchievementsFailed","System.Void","False","False","1","2A","","False"
"Assembly-CSharp-firstpass.dll","GameCenterEventListener","reportAchievementFinished","System.Void","False","False","1","2A","","False"
"Assembly-CSharp-firstpass.dll","GameCenterEventListener","reportAchievementFailed","System.Void","False","False","1","2A","","False"
"Assembly-CSharp-firstpass.dll","GameCenterLeaderboard","fromJSON","System.Collections.Generic.List`1[[GameCenterLeaderboard, Assembly-CSharp-firstpass, Version=0.0.0.0, Culture=neutral, PublicKeyToken=null]]","False","False","1","2A","","True"
"Assembly-CSharp-firstpass.dll","GameCenterLeaderboard","ToString","System.String","False","False","1","2A","","True"
"Assembly-CSharp-firstpass.dll","GameCenterManager","add_loadPlayerDataFailed","System.Void","False","False","1","2A","","False"
"Assembly-CSharp-firstpass.dll","GameCenterManager","remove_loadPlayerDataFailed","System.Void","False","False","1","2A","","False"
"Assembly-CSharp-firstpass.dll","GameCenterManager","add_playerDataLoaded","System.Void","False","False","1","2A","","False"
"Assembly-CSharp-firstpass.dll","GameCenterManager","remove_playerDataLoaded","System.Void","False","False","1","2A","","False"
"Assembly-CSharp-firstpass.dll","GameCenterManager","add_playerAuthenticated","System.Void","False","False","1","2A","","False"
"Assembly-CSharp-firstpass.dll","GameCenterManager","remove_playerAuthenticated","System.Void","False","False","1","2A","","False"
"Assembly-CSharp-firstpass.dll","GameCenterManager","add_playerFailedToAuthenticate","System.Void","False","False","1","2A","","False"
"Assembly-CSharp-firstpass.dll","GameCenterManager","remove_playerFailedToAuthenticate","System.Void","False","False","1","2A","","False"
"Assembly-CSharp-firstpass.dll","GameCenterManager","add_playerLoggedOut","System.Void","False","False","1","2A","","False"
"Assembly-CSharp-firstpass.dll","GameCenterManager","remove_playerLoggedOut","System.Void","False","False","1","2A","","False"
"Assembly-CSharp-firstpass.dll","GameCenterManager","add_profilePhotoLoaded","System.Void","False","False","1","2A","","False"
"Assembly-CSharp-firstpass.dll","GameCenterManager","remove_profilePhotoLoaded","System.Void","False","False","1","2A","","False"
"Assembly-CSharp-firstpass.dll","GameCenterManager","add_profilePhotoFailed","System.Void","False","False","1","2A","","False"
"Assembly-CSharp-firstpass.dll","GameCenterManager","remove_profilePhotoFailed","System.Void","False","False","1","2A","","False"
"Assembly-CSharp-firstpass.dll","GameCenterManager","add_loadCategoryTitlesFailed","System.Void","False","False","1","2A","","False"
"Assembly-CSharp-firstpass.dll","GameCenterManager","remove_loadCategoryTitlesFailed","System.Void","False","False","1","2A","","False"
"Assembly-CSharp-firstpass.dll","GameCenterManager","add_categoriesLoaded","System.Void","False","False","1","2A","","False"
"Assembly-CSharp-firstpass.dll","GameCenterManager","remove_categoriesLoaded","System.Void","False","False","1","2A","","False"
"Assembly-CSharp-firstpass.dll","GameCenterManager","add_reportScoreFailed","System.Void","False","False","1","2A","","False"
"Assembly-CSharp-firstpass.dll","GameCenterManager","remove_reportScoreFailed","System.Void","False","False","1","2A","","False"
"Assembly-CSharp-firstpass.dll","GameCenterManager","add_reportScoreFinished","System.Void","False","False","1","2A","","False"
"Assembly-CSharp-firstpass.dll","GameCenterManager","remove_reportScoreFinished","System.Void","False","False","1","2A","","False"
"Assembly-CSharp-firstpass.dll","GameCenterManager","add_retrieveScoresFailed","System.Void","False","False","1","2A","","False"
"Assembly-CSharp-firstpass.dll","GameCenterManager","remove_retrieveScoresFailed","System.Void","False","False","1","2A","","False"
"Assembly-CSharp-firstpass.dll","GameCenterManager","add_scoresLoaded","System.Void","False","False","1","2A","","False"
"Assembly-CSharp-firstpass.dll","GameCenterManager","remove_scoresLoaded","System.Void","False","False","1","2A","","False"
"Assembly-CSharp-firstpass.dll","GameCenterManager","add_retrieveScoresForPlayerIdFailed","System.Void","False","False","1","2A","","False"
"Assembly-CSharp-firstpass.dll","GameCenterManager","remove_retrieveScoresForPlayerIdFailed","System.Void","False","False","1","2A","","False"
"Assembly-CSharp-firstpass.dll","GameCenterManager","add_scoresForPlayerIdLoaded","System.Void","False","False","1","2A","","False"
"Assembly-CSharp-firstpass.dll","GameCenterManager","remove_scoresForPlayerIdLoaded","System.Void","False","False","1","2A","","False"
"Assembly-CSharp-firstpass.dll","GameCenterManager","add_reportAchievementFailed","System.Void","False","False","1","2A","","False"
"Assembly-CSharp-firstpass.dll","GameCenterManager","remove_reportAchievementFailed","System.Void","False","False","1","2A","","False"
"Assembly-CSharp-firstpass.dll","GameCenterManager","add_reportAchievementFinished","System.Void","False","False","1","2A","","False"
"Assembly-CSharp-firstpass.dll","GameCenterManager","remove_reportAchievementFinished","System.Void","False","False","1","2A","","False"
"Assembly-CSharp-firstpass.dll","GameCenterManager","add_loadAchievementsFailed","System.Void","False","False","1","2A","","False"
"Assembly-CSharp-firstpass.dll","GameCenterManager","remove_loadAchievementsFailed","System.Void","False","False","1","2A","","False"
"Assembly-CSharp-firstpass.dll","GameCenterManager","add_achievementsLoaded","System.Void","False","False","1","2A","","False"
"Assembly-CSharp-firstpass.dll","GameCenterManager","remove_achievementsLoaded","System.Void","False","False","1","2A","","False"
"Assembly-CSharp-firstpass.dll","GameCenterManager","add_resetAchievementsFailed","System.Void","False","False","1","2A","","False"
"Assembly-CSharp-firstpass.dll","GameCenterManager","remove_resetAchievementsFailed","System.Void","False","False","1","2A","","False"
"Assembly-CSharp-firstpass.dll","GameCenterManager","add_resetAchievementsFinished","System.Void","False","False","1","2A","","False"
"Assembly-CSharp-firstpass.dll","GameCenterManager","remove_resetAchievementsFinished","System.Void","False","False","1","2A","","False"
"Assembly-CSharp-firstpass.dll","GameCenterManager","add_retrieveAchievementMetadataFailed","System.Void","False","False","1","2A","","False"
"Assembly-CSharp-firstpass.dll","GameCenterManager","remove_retrieveAchievementMetadataFailed","System.Void","False","False","1","2A","","False"
"Assembly-CSharp-firstpass.dll","GameCenterManager","add_achievementMetadataLoaded","System.Void","False","False","1","2A","","False"
"Assembly-CSharp-firstpass.dll","GameCenterManager","remove_achievementMetadataLoaded","System.Void","False","False","1","2A","","False"
"Assembly-CSharp-firstpass.dll","GameCenterManager","Awake","System.Void","False","False","1","2A","","False"
"Assembly-CSharp-firstpass.dll","GameCenterManager","Start","System.Void","False","False","1","2A","","False"
"Assembly-CSharp-firstpass.dll","GameCenterManager","loadPlayerDataDidFail","System.Void","False","False","1","2A","","False"
"Assembly-CSharp-firstpass.dll","GameCenterManager","loadPlayerDataDidLoad","System.Void","False","False","1","2A","","False"
"Assembly-CSharp-firstpass.dll","GameCenterManager","playerDidLogOut","System.Void","False","False","1","2A","","False"
"Assembly-CSharp-firstpass.dll","GameCenterManager","playerDidAuthenticate","System.Void","False","False","1","2A","","False"
"Assembly-CSharp-firstpass.dll","GameCenterManager","playerAuthenticationFailed","System.Void","False","False","1","2A","","False"
"Assembly-CSharp-firstpass.dll","GameCenterManager","loadProfilePhotoDidLoad","System.Void","False","False","1","2A","","False"
"Assembly-CSharp-firstpass.dll","GameCenterManager","loadProfilePhotoDidFail","System.Void","False","False","1","2A","","False"
"Assembly-CSharp-firstpass.dll","GameCenterManager","loadCategoryTitlesDidFail","System.Void","False","False","1","2A","","False"
"Assembly-CSharp-firstpass.dll","GameCenterManager","categoriesDidLoad","System.Void","False","False","1","2A","","False"
"Assembly-CSharp-firstpass.dll","GameCenterManager","reportScoreDidFail","System.Void","False","False","1","2A","","False"
"Assembly-CSharp-firstpass.dll","GameCenterManager","reportScoreDidFinish","System.Void","False","False","1","2A","","False"
"Assembly-CSharp-firstpass.dll","GameCenterManager","retrieveScoresDidFail","System.Void","False","False","1","2A","","False"
"Assembly-CSharp-firstpass.dll","GameCenterManager","retrieveScoresDidLoad","System.Void","False","False","1","2A","","False"
"Assembly-CSharp-firstpass.dll","GameCenterManager","retrieveScoresForPlayerIdDidFail","System.Void","False","False","1","2A","","False"
"Assembly-CSharp-firstpass.dll","GameCenterManager","retrieveScoresForPlayerIdDidLoad","System.Void","False","False","1","2A","","False"
"Assembly-CSharp-firstpass.dll","GameCenterManager","reportAchievementDidFail","System.Void","False","False","1","2A","","False"
"Assembly-CSharp-firstpass.dll","GameCenterManager","reportAchievementDidFinish","System.Void","False","False","1","2A","","False"
"Assembly-CSharp-firstpass.dll","GameCenterManager","loadAchievementsDidFail","System.Void","False","False","1","2A","","False"
"Assembly-CSharp-firstpass.dll","GameCenterManager","achievementsDidLoad","System.Void","False","False","1","2A","","False"
"Assembly-CSharp-firstpass.dll","GameCenterManager","resetAchievementsDidFail","System.Void","False","False","1","2A","","False"
"Assembly-CSharp-firstpass.dll","GameCenterManager","resetAchievementsDidFinish","System.Void","False","False","1","2A","","False"
"Assembly-CSharp-firstpass.dll","GameCenterManager","retrieveAchievementsMetadataDidFail","System.Void","False","False","1","2A","","False"
"Assembly-CSharp-firstpass.dll","GameCenterManager","achievementMetadataDidLoad","System.Void","False","False","1","2A","","False"
"Assembly-CSharp-firstpass.dll","GameCenterPlayer","fromJSON","System.Collections.Generic.List`1[[GameCenterPlayer, Assembly-CSharp-firstpass, Version=0.0.0.0, Culture=neutral, PublicKeyToken=null]]","False","False","1","2A","","True"
"Assembly-CSharp-firstpass.dll","GameCenterPlayer","ToString","System.String","False","False","1","2A","","True"
"Assembly-CSharp-firstpass.dll","GameCenterScore","fromJSON","System.Collections.Generic.List`1[[GameCenterScore, Assembly-CSharp-firstpass, Version=0.0.0.0, Culture=neutral, PublicKeyToken=null]]","False","False","1","2A","","True"
"Assembly-CSharp-firstpass.dll","GameCenterScore","ToString","System.String","False","False","1","2A","","True"
"Assembly-CSharp-firstpass.dll","GameCenterGUIManager","Start","System.Void","False","False","1","2A","","False"
"Assembly-CSharp-firstpass.dll","GameCenterGUIManager","OnGUI","System.Void","False","False","1","2A","","False"
"Assembly-CSharp-firstpass.dll","GameCenterGUIManager","<Start>m__0","System.Void","False","False","1","2A","","False"
"Assembly-CSharp-firstpass.dll","GameCenterGUIManager","<Start>m__1","System.Void","False","False","1","2A","","False"
"Assembly-CSharp-firstpass.dll","GameCenterGUIManager","<Start>m__2","System.Void","False","False","1","2A","","False"
"Assembly-CSharp-firstpass.dll","AudioManager","get_instance","AudioManager","False","False","1","2A","","True"
"Assembly-CSharp-firstpass.dll","AudioManager","OnDisable","System.Void","False","False","1","2A","","False"
"Assembly-CSharp-firstpass.dll","AudioManager","OnEnable","System.Void","False","False","1","2A","","False"
"Assembly-CSharp-firstpass.dll","AudioManager","get_SoundEffectsVolume","System.Single","False","False","1","2A","","True"
"Assembly-CSharp-firstpass.dll","AudioManager","set_SoundEffectsVolume","System.Void","False","False","1","2A","","False"
"Assembly-CSharp-firstpass.dll","GDMOBinding","_GDMOInitWithAppKey","System.Void","False","True","0","","","False"
"Assembly-CSharp-firstpass.dll","GDMOBinding","InitWithAppKey","System.Void","False","False","1","2A","","False"
"Assembly-CSharp-firstpass.dll","GDMOBinding","_GDMOInitWithAppKeyEx","System.Void","False","True","0","","","False"
"Assembly-CSharp-firstpass.dll","GDMOBinding","InitWithAppKey","System.Void","False","False","1","2A","","False"
"Assembly-CSharp-firstpass.dll","GDMOBinding","_GDMOLogAnalyticsEvent","System.Void","False","True","0","","","False"
"Assembly-CSharp-firstpass.dll","GDMOBinding","LogAnalyticsEvent","System.Void","False","False","1","2A","","False"
"Assembly-CSharp-firstpass.dll","GDMOBinding","_GDMOLogAnalyticsEventWithJSON","System.Void","False","True","0","","","False"
"Assembly-CSharp-firstpass.dll","GDMOBinding","LogAnalyticsEventWithContext","System.Void","False","False","1","2A","","False"
"Assembly-CSharp-firstpass.dll","GDMOBinding","_GDMOFlushAnalyticsQueue","System.Void","False","True","0","","","False"
"Assembly-CSharp-firstpass.dll","GDMOBinding","FlushAnalyticsQueue","System.Void","False","False","1","2A","","False"
"Assembly-CSharp-firstpass.dll","Dialog","get_On","System.Boolean","False","False","1","2A","","True"
"Assembly-CSharp-firstpass.dll","Dialog","Awake","System.Void","False","False","1","2A","","False"
"Assembly-CSharp-firstpass.dll","Dialog","Start","System.Collections.IEnumerator","False","False","1","2A","","True"
"Assembly-CSharp-firstpass.dll","Dialog","Activate","System.Void","False","False","1","2A","","False"
"Assembly-CSharp-firstpass.dll","Dialog","ActivateHelper","System.Collections.IEnumerator","False","False","1","2A","","True"
"Assembly-CSharp-firstpass.dll","Dialog","OnActivateUpdate","System.Void","False","False","1","2A","","False"
"Assembly-CSharp-firstpass.dll","Dialog","Deactivate","System.Void","False","False","1","2A","","False"
"Assembly-CSharp-firstpass.dll","Dialog","DeactivateHelper","System.Collections.IEnumerator","False","False","1","2A","","True"
"Assembly-CSharp-firstpass.dll","Dialog","OnDeactivateUpdate","System.Void","False","False","1","2A","","False"
"Assembly-CSharp-firstpass.dll","Dialog","OnGUI","System.Void","False","False","1","2A","","False"
"Assembly-CSharp-firstpass.dll","Dialog","RenderGUI","System.Void","False","False","1","2A","","False"
"Assembly-CSharp-firstpass.dll","Dialog","OnStart","System.Void","False","False","1","2A","","False"
"Assembly-CSharp-firstpass.dll","Dialog","OnDrawUnderlay","System.Void","False","False","1","2A","","False"
"Assembly-CSharp-firstpass.dll","Dialog","OnDraw","System.Void","False","False","1","2A","","False"
"Assembly-CSharp-firstpass.dll","Dialog","DoWindow","System.Void","False","False","1","2A","","False"
"Assembly-CSharp-firstpass.dll","Dialog","OnActivating","System.Void","False","False","1","2A","","False"
"Assembly-CSharp-firstpass.dll","Dialog","OnActivated","System.Void","False","False","1","2A","","False"
"Assembly-CSharp-firstpass.dll","Dialog","OnDeactivating","System.Void","False","False","1","2A","","False"
"Assembly-CSharp-firstpass.dll","Dialog","OnDeactivated","System.Void","False","False","1","2A","","False"
"Assembly-CSharp-firstpass.dll","DictionaryToString","ToString","System.String","False","False","1","2A","","True"
"Assembly-CSharp-firstpass.dll","DictionaryToString","Parse","System.Collections.Generic.Dictionary`2[[System.String, mscorlib, Version=4.0.0.0, Culture=neutral, PublicKeyToken=b77a5c561934e089],[System.String, mscorlib, Version=4.0.0.0, Culture=neutral, PublicKeyToken=b77a5c561934e089]]","False","False","1","2A","","True"
"Assembly-CSharp-firstpass.dll","EnumerableScript`1","Start","System.Void","False","False","1","2A","","False"
"Assembly-CSharp-firstpass.dll","EnumerableScript`1","OnDisable","System.Void","False","False","1","2A","","False"
"Assembly-CSharp-firstpass.dll","EnumerableScript`1","All",,"False","False","1","2A","","True"
"Assembly-CSharp-firstpass.dll","EnumerableScript`1","GetEnumerator",,"False","False","1","2A","","True"
"Assembly-CSharp-firstpass.dll","ExternalPersistentArchive","get_TextData","System.String","False","False","1","2A","","True"
"Assembly-CSharp-firstpass.dll","ExternalPersistentArchive","set_TextData","System.Void","False","False","1","2A","","False"
"Assembly-CSharp-firstpass.dll","ExternalPersistentArchive","Serialize","System.Void","False","False","1","2A","","False"
"Assembly-CSharp-firstpass.dll","ExternalPersistentArchive","Encode","System.Byte[]","False","False","1","2A","","True"
"Assembly-CSharp-firstpass.dll","ExternalPersistentArchive","Decode","System.Void","False","False","1","2A","","False"
"Assembly-CSharp-firstpass.dll","ExternalPersistentArchive","LoadFromWebCoroutine","System.Collections.IEnumerator","False","False","1","2A","","True"
"Assembly-CSharp-firstpass.dll","ExternalPersistentArchive","ExternalPersistanceCoroutine","System.Collections.IEnumerator","False","False","1","2A","","True"
"Assembly-CSharp-firstpass.dll","ExternalPersistentArchive","DecryptLocal","System.Void","False","False","1","2A","","False"
"Assembly-CSharp-firstpass.dll","ExternalPersistentArchive","Start","System.Void","False","False","1","2A","","False"
"Assembly-CSharp-firstpass.dll","AudioCrumb","Play","System.Void","False","False","1","2A","","False"
"Assembly-CSharp-firstpass.dll","AudioSourcex","PlayClipAtTransform","UnityEngine.AudioSource","False","False","1","2A","","True"
"Assembly-CSharp-firstpass.dll","AudioSourcex","PlayClipAtTransform","UnityEngine.AudioSource","False","False","1","2A","","True"
"Assembly-CSharp-firstpass.dll","AudioSourcex","PlayCrumbAtTransform","UnityEngine.AudioSource","False","False","1","2A","","True"
"Assembly-CSharp-firstpass.dll","AudioSourcex","PlayClipAtPosition","UnityEngine.AudioSource","False","False","1","2A","","True"
"Assembly-CSharp-firstpass.dll","ByteStream","get_Bytes","System.Byte[]","False","False","1","2A","","True"
"Assembly-CSharp-firstpass.dll","ByteStream","Serialize","System.Void","False","False","1","2A","","False"
"Assembly-CSharp-firstpass.dll","ByteStream","Serialize","System.Void","False","False","1","2A","","False"
"Assembly-CSharp-firstpass.dll","ByteStream","Serialize","System.Void","False","False","1","2A","","False"
"Assembly-CSharp-firstpass.dll","ByteStream","Serialize","System.Void","False","False","1","2A","","False"
"Assembly-CSharp-firstpass.dll","ByteStream","Serialize","System.Void","False","False","1","2A","","False"
"Assembly-CSharp-firstpass.dll","ByteStream","Serialize","System.Void","False","False","1","2A","","False"
"Assembly-CSharp-firstpass.dll","ByteStream","Serialize","System.Void","False","False","1","2A","","False"
"Assembly-CSharp-firstpass.dll","ByteStream","Serialize","System.Void","False","False","1","2A","","False"
"Assembly-CSharp-firstpass.dll","ByteStream","Serialize","System.Void","False","False","1","2A","","False"
"Assembly-CSharp-firstpass.dll","ByteStream","Serialize","System.Void","False","False","1","2A","","False"
"Assembly-CSharp-firstpass.dll","Email","EscapeText","System.String","False","False","1","2A","","True"
"Assembly-CSharp-firstpass.dll","Email","Send","System.Void","False","False","1","2A","","False"
"Assembly-CSharp-firstpass.dll","GUIx","ScreenScale","System.Single","False","False","1","2A","","True"
"Assembly-CSharp-firstpass.dll","GUIx","ScreenScaleBig","System.Single","False","False","1","2A","","True"
"Assembly-CSharp-firstpass.dll","GUIx","get_screenMargin","UnityEngine.Vector2","False","False","1","2A","","True"
"Assembly-CSharp-firstpass.dll","GUIx","TextRect","System.Void","False","False","1","2A","","False"
"Assembly-CSharp-firstpass.dll","GUIx","TextRect","System.Void","False","False","1","2A","","False"
"Assembly-CSharp-firstpass.dll","GUIx","TextRect","System.Void","False","False","1","2A","","False"
"Assembly-CSharp-firstpass.dll","GUIx","AutoScaleText","System.Void","False","False","1","2A","","False"
"Assembly-CSharp-firstpass.dll","GUIx","AutoScaleText","System.Void","False","False","1","2A","","False"
"Assembly-CSharp-firstpass.dll","GUIx","TextRectShadow","System.Void","False","False","1","2A","","False"
"Assembly-CSharp-firstpass.dll","GUIx","TextRectShadow","System.Void","False","False","1","2A","","False"
"Assembly-CSharp-firstpass.dll","GUIx","TextRectShadow","System.Void","False","False","1","2A","","False"
"Assembly-CSharp-firstpass.dll","GUIx","TextRectShadow","System.Void","False","False","1","2A","","False"
"Assembly-CSharp-firstpass.dll","GUIx","TextRectShadow","System.Void","False","False","1","2A","","False"
"Assembly-CSharp-firstpass.dll","GUIx","LabelShadow","System.Void","False","False","1","2A","","False"
"Assembly-CSharp-firstpass.dll","GUIx","LabelShadow","System.Void","False","False","1","2A","","False"
"Assembly-CSharp-firstpass.dll","GUIx","LabelShadow","System.Void","False","False","1","2A","","False"
"Assembly-CSharp-firstpass.dll","GUIx","LabelShadow","System.Void","False","False","1","2A","","False"
"Assembly-CSharp-firstpass.dll","GUIx","LabelShadow","System.Void","False","False","1","2A","","False"
"Assembly-CSharp-firstpass.dll","GUIx","LabelShadow","System.Void","False","False","1","2A","","False"
"Assembly-CSharp-firstpass.dll","GUIx","LabelShadow","System.Void","False","False","1","2A","","False"
"Assembly-CSharp-firstpass.dll","GUIx","LabelShadow","System.Void","False","False","1","2A","","False"
"Assembly-CSharp-firstpass.dll","GUIx","ButtonShadow","System.Boolean","False","False","1","2A","","True"
"Assembly-CSharp-firstpass.dll","GUIx","ButtonShadow","System.Boolean","False","False","1","2A","","True"
"Assembly-CSharp-firstpass.dll","GUIx","ButtonShadow","System.Boolean","False","False","1","2A","","True"
"Assembly-CSharp-firstpass.dll","GUIx","ButtonShadow","System.Boolean","False","False","1","2A","","True"
"Assembly-CSharp-firstpass.dll","GUIx","ButtonShadow","System.Boolean","False","False","1","2A","","True"
"Assembly-CSharp-firstpass.dll","GUIx","ButtonShadow","System.Boolean","False","False","1","2A","","True"
"Assembly-CSharp-firstpass.dll","GUIx","BeginGroupShadow","System.Void","False","False","1","2A","","False"
"Assembly-CSharp-firstpass.dll","GUIx","BeginGroupShadow","System.Void","False","False","1","2A","","False"
"Assembly-CSharp-firstpass.dll","GUIx","EndGroupShadow","System.Void","False","False","1","2A","","False"
"Assembly-CSharp-firstpass.dll","GUIx","ToggleShadow","System.Boolean","False","False","1","2A","","True"
"Assembly-CSharp-firstpass.dll","GUIx","ToggleShadow","System.Boolean","False","False","1","2A","","True"
"Assembly-CSharp-firstpass.dll","GUIx","ToggleShadow","System.Boolean","False","False","1","2A","","True"
"Assembly-CSharp-firstpass.dll","GUIx","ToggleShadow","System.Boolean","False","False","1","2A","","True"
"Assembly-CSharp-firstpass.dll","GUIx","RepeatButtonShadow","System.Boolean","False","False","1","2A","","True"
"Assembly-CSharp-firstpass.dll","GUIx","RepeatButtonShadow","System.Boolean","False","False","1","2A","","True"
"Assembly-CSharp-firstpass.dll","GUIx","RepeatButtonShadow","System.Boolean","False","False","1","2A","","True"
"Assembly-CSharp-firstpass.dll","GUIx","RepeatButtonShadow","System.Boolean","False","False","1","2A","","True"
"Assembly-CSharp-firstpass.dll","GUIx","RepeatButtonShadow","System.Boolean","False","False","1","2A","","True"
"Assembly-CSharp-firstpass.dll","Inputx","InputDownStart","System.Boolean","False","False","1","2A","","True"
"Assembly-CSharp-firstpass.dll","Inputx","InputDown","System.Boolean","False","False","1","2A","","True"
"Assembly-CSharp-firstpass.dll","Inputx","InputUp","System.Boolean","False","False","1","2A","","True"
"Assembly-CSharp-firstpass.dll","Inputx","InputPosition","UnityEngine.Vector3","False","False","1","2A","","True"
"Assembly-CSharp-firstpass.dll","Mathfx","Hermite","System.Single","False","False","1","2A","","True"
"Assembly-CSharp-firstpass.dll","Mathfx","Sinerp","System.Single","False","False","1","2A","","True"
"Assembly-CSharp-firstpass.dll","Mathfx","Coserp","System.Single","False","False","1","2A","","True"
"Assembly-CSharp-firstpass.dll","Mathfx","Berp","System.Single","False","False","1","2A","","True"
"Assembly-CSharp-firstpass.dll","Mathfx","Lerp","System.Single","False","False","1","2A","","True"
"Assembly-CSharp-firstpass.dll","Mathfx","Exponential","System.Single","False","False","1","2A","","True"
"Assembly-CSharp-firstpass.dll","Mathfx","Exponential","System.Single","False","False","1","2A","","True"
"Assembly-CSharp-firstpass.dll","Mathfx","DragBounce","System.Single","False","False","1","2A","","True"
"Assembly-CSharp-firstpass.dll","Mathfx","ClampAngle","System.Single","False","False","1","2A","","True"
"Assembly-CSharp-firstpass.dll","Mathfx","Parameter","System.Single","False","False","1","2A","","True"
"Assembly-CSharp-firstpass.dll","Mathfx","Bounce","System.Single","False","False","1","2A","","True"
"Assembly-CSharp-firstpass.dll","Matrix4x4x","Translate","UnityEngine.Matrix4x4","False","False","1","2A","","True"
"Assembly-CSharp-firstpass.dll","Matrix4x4x","Rotate","UnityEngine.Matrix4x4","False","False","1","2A","","True"
"Assembly-CSharp-firstpass.dll","Matrix4x4x","Scale","UnityEngine.Matrix4x4","False","False","1","2A","","True"
"Assembly-CSharp-firstpass.dll","Matrix4x4x","ScaleAtOrigin","UnityEngine.Matrix4x4","False","False","1","2A","","True"
"Assembly-CSharp-firstpass.dll","Matrix4x4x","RotateAtOrigin","UnityEngine.Matrix4x4","False","False","1","2A","","True"
"Assembly-CSharp-firstpass.dll","Matrix4x4x","CropMatrix","UnityEngine.Matrix4x4","False","False","1","2A","","True"
"Assembly-CSharp-firstpass.dll","Matrix4x4x","AdjustToIPhone","UnityEngine.Matrix4x4","False","False","1","2A","","True"
"Assembly-CSharp-firstpass.dll","Matrix4x4x","AdjustToIPhone","UnityEngine.Matrix4x4","False","False","1","2A","","True"
"Assembly-CSharp-firstpass.dll","Matrix4x4x","AdjustToIPhone","UnityEngine.Matrix4x4","False","False","1","2A","","True"
"Assembly-CSharp-firstpass.dll","MessengerInternal","OnListenerAdding","System.Void","False","False","1","2A","","False"
"Assembly-CSharp-firstpass.dll","MessengerInternal","OnListenerRemoving","System.Void","False","False","1","2A","","False"
"Assembly-CSharp-firstpass.dll","MessengerInternal","OnListenerRemoved","System.Void","False","False","1","2A","","False"
"Assembly-CSharp-firstpass.dll","MessengerInternal","OnBroadcasting","System.Void","False","False","1","2A","","False"
"Assembly-CSharp-firstpass.dll","MessengerInternal","CreateBroadcastSignatureException","MessengerInternal+BroadcastException","False","False","1","2A","","True"
"Assembly-CSharp-firstpass.dll","Messenger","AddListener","System.Void","False","False","1","2A","","False"
"Assembly-CSharp-firstpass.dll","Messenger","RemoveListener","System.Void","False","False","1","2A","","False"
"Assembly-CSharp-firstpass.dll","Messenger","Broadcast","System.Void","False","False","1","2A","","False"
"Assembly-CSharp-firstpass.dll","Messenger","Broadcast","System.Void","False","False","1","2A","","False"
"Assembly-CSharp-firstpass.dll","Messenger`1","AddListener","System.Void","False","False","1","2A","","False"
"Assembly-CSharp-firstpass.dll","Messenger`1","RemoveListener","System.Void","False","False","1","2A","","False"
"Assembly-CSharp-firstpass.dll","Messenger`1","Broadcast","System.Void","False","False","1","2A","","False"
"Assembly-CSharp-firstpass.dll","Messenger`1","Broadcast","System.Void","False","False","1","2A","","False"
"Assembly-CSharp-firstpass.dll","Messenger`2","AddListener","System.Void","False","False","1","2A","","False"
"Assembly-CSharp-firstpass.dll","Messenger`2","RemoveListener","System.Void","False","False","1","2A","","False"
"Assembly-CSharp-firstpass.dll","Messenger`2","Broadcast","System.Void","False","False","1","2A","","False"
"Assembly-CSharp-firstpass.dll","Messenger`2","Broadcast","System.Void","False","False","1","2A","","False"
"Assembly-CSharp-firstpass.dll","Messenger`3","AddListener","System.Void","False","False","1","2A","","False"
"Assembly-CSharp-firstpass.dll","Messenger`3","RemoveListener","System.Void","False","False","1","2A","","False"
"Assembly-CSharp-firstpass.dll","Messenger`3","Broadcast","System.Void","False","False","1","2A","","False"
"Assembly-CSharp-firstpass.dll","Messenger`3","Broadcast","System.Void","False","False","1","2A","","False"
"Assembly-CSharp-firstpass.dll","SmoothRandom","GetVector3","UnityEngine.Vector3","False","False","1","2A","","True"
"Assembly-CSharp-firstpass.dll","SmoothRandom","Get","System.Single","False","False","1","2A","","True"
"Assembly-CSharp-firstpass.dll","SmoothRandom","Get","FractalNoise","False","False","1","2A","","True"
"Assembly-CSharp-firstpass.dll","Perlin","NoiseNormalized","System.Single","False","False","1","2A","","True"
"Assembly-CSharp-firstpass.dll","Perlin","Noise","System.Single","False","False","1","2A","","True"
"Assembly-CSharp-firstpass.dll","Perlin","Noise","System.Single","False","False","1","2A","","True"
"Assembly-CSharp-firstpass.dll","Perlin","fade","System.Single","False","False","1","2A","","True"
"Assembly-CSharp-firstpass.dll","Perlin","lerp","System.Single","False","False","1","2A","","True"
"Assembly-CSharp-firstpass.dll","Perlin","grad","System.Single","False","False","1","2A","","True"
"Assembly-CSharp-firstpass.dll","Perlin","grad2","System.Single","False","False","1","2A","","True"
"Assembly-CSharp-firstpass.dll","FractalNoise","PrecalculateNOoise","System.Void","False","False","1","2A","","False"
"Assembly-CSharp-firstpass.dll","FractalNoise","HybridMultifractal","System.Single","False","False","1","2A","","True"
"Assembly-CSharp-firstpass.dll","FractalNoise","RidgedMultifractal","System.Single","False","False","1","2A","","True"
"Assembly-CSharp-firstpass.dll","FractalNoise","BrownianMotion","System.Single","False","False","1","2A","","True"
"Assembly-CSharp-firstpass.dll","Quaternionx","QuaternionToMatrix4x4","UnityEngine.Matrix4x4","False","False","1","2A","","True"
"Assembly-CSharp-firstpass.dll","Rangef","get_Range","System.Single","False","False","1","2A","","True"
"Assembly-CSharp-firstpass.dll","Rangef","get_random","System.Single","False","False","1","2A","","True"
"Assembly-CSharp-firstpass.dll","Rangef","Clamp","System.Single","False","False","1","2A","","True"
"Assembly-CSharp-firstpass.dll","Rangef","Lerp","System.Single","False","False","1","2A","","True"
"Assembly-CSharp-firstpass.dll","Rangef","InverseLerp","System.Single","False","False","1","2A","","True"
"Assembly-CSharp-firstpass.dll","Rectx","GetCenter","UnityEngine.Vector3","False","False","1","2A","","True"
"Assembly-CSharp-firstpass.dll","Rectx","GetBottomLeft","UnityEngine.Vector3","False","False","1","2A","","True"
"Assembly-CSharp-firstpass.dll","Rectx","WillFitIn","System.Boolean","False","False","1","2A","","True"
"Assembly-CSharp-firstpass.dll","Rectx","DoesContain","System.Boolean","False","False","1","2A","","True"
"Assembly-CSharp-firstpass.dll","Rectx","AddScreenMargin","UnityEngine.Rect","False","False","1","2A","","True"
"Assembly-CSharp-firstpass.dll","Screenx","get_baseAspectRatio","System.Single","False","False","1","2A","","True"
"Assembly-CSharp-firstpass.dll","Screenx","get_aspectRatio","System.Single","False","False","1","2A","","True"
"Assembly-CSharp-firstpass.dll","Screenx","get_scaleWithCutoff","System.Single","False","False","1","2A","","True"
"Assembly-CSharp-firstpass.dll","Screenx","get_scale","System.Single","False","False","1","2A","","True"
"Assembly-CSharp-firstpass.dll","Screenx","get_center","UnityEngine.Vector3","False","False","1","2A","","True"
"Assembly-CSharp-firstpass.dll","Screenx","get_bottomLeft","UnityEngine.Vector2","False","False","1","2A","","True"
"Assembly-CSharp-firstpass.dll","Screenx","get_bottomCenter","UnityEngine.Vector2","False","False","1","2A","","True"
"Assembly-CSharp-firstpass.dll","Screenx","get_bottomRight","UnityEngine.Vector2","False","False","1","2A","","True"
"Assembly-CSharp-firstpass.dll","Screenx","get_topCenter","UnityEngine.Vector2","False","False","1","2A","","True"
"Assembly-CSharp-firstpass.dll","Screenx","get_topLeft","UnityEngine.Vector2","False","False","1","2A","","True"
"Assembly-CSharp-firstpass.dll","Screenx","get_topRight","UnityEngine.Vector2","False","False","1","2A","","True"
"Assembly-CSharp-firstpass.dll","Screenx","get_middleCenter","UnityEngine.Vector2","False","False","1","2A","","True"
"Assembly-CSharp-firstpass.dll","Screenx","get_middleRight","UnityEngine.Vector2","False","False","1","2A","","True"
"Assembly-CSharp-firstpass.dll","Screenx","get_middleLeft","UnityEngine.Vector2","False","False","1","2A","","True"
"Assembly-CSharp-firstpass.dll","Screenx","ScaleGUI","System.Void","False","False","1","2A","","False"
"Assembly-CSharp-firstpass.dll","Screenx","TouchToScreenCords","UnityEngine.Vector2","False","False","1","2A","","True"
"Assembly-CSharp-firstpass.dll","Screenx","TouchToiPadScreenCoords","UnityEngine.Vector2","False","False","1","2A","","True"
"Assembly-CSharp-firstpass.dll","Screenx","ScaleGUIToHeight","System.Single","False","False","1","2A","","True"
"Assembly-CSharp-firstpass.dll","Screenx","ScaleGUIToWidth","System.Single","False","False","1","2A","","True"
"Assembly-CSharp-firstpass.dll","Util","Find","UnityEngine.GameObject","False","False","1","2A","","True"
"Assembly-CSharp-firstpass.dll","Util","FatalError","System.Void","False","False","1","2A","","False"
"Assembly-CSharp-firstpass.dll","Util","IsSaneNumber","System.Boolean","False","False","1","2A","","True"
"Assembly-CSharp-firstpass.dll","Util","MD5","System.String","False","False","1","2A","","True"
"Assembly-CSharp-firstpass.dll","Util","Split","System.String[]","False","False","1","2A","","True"
"Assembly-CSharp-firstpass.dll","Util","GetCornerPointsFromBounds","UnityEngine.Vector3[]","False","False","1","2A","","True"
"Assembly-CSharp-firstpass.dll","Util","toMinuteSeconds","System.String","False","False","1","2A","","True"
"Assembly-CSharp-firstpass.dll","Util","toMinuteSubSeconds","System.String","False","False","1","2A","","True"
"Assembly-CSharp-firstpass.dll","Util","GetTimeString","System.String","False","False","1","2A","","True"
"Assembly-CSharp-firstpass.dll","Util","Clamp","UnityEngine.Vector3","False","False","1","2A","","True"
"Assembly-CSharp-firstpass.dll","Util","Mod","System.Single","False","False","1","2A","","True"
"Assembly-CSharp-firstpass.dll","Util","Mod","System.Int32","False","False","1","2A","","True"
"Assembly-CSharp-firstpass.dll","Util","Mod","System.Single","False","False","1","2A","","True"
"Assembly-CSharp-firstpass.dll","Util","Mod","System.Int32","False","False","1","2A","","True"
"Assembly-CSharp-firstpass.dll","Util","CyclicDiff","System.Single","False","False","1","2A","","True"
"Assembly-CSharp-firstpass.dll","Util","CyclicDiff","System.Int32","False","False","1","2A","","True"
"Assembly-CSharp-firstpass.dll","Util","CyclicDiff","System.Single","False","False","1","2A","","True"
"Assembly-CSharp-firstpass.dll","Util","CyclicDiff","System.Int32","False","False","1","2A","","True"
"Assembly-CSharp-firstpass.dll","Util","CyclicDiff","System.Single","False","False","1","2A","","True"
"Assembly-CSharp-firstpass.dll","Util","CyclicDiff","System.Int32","False","False","1","2A","","True"
"Assembly-CSharp-firstpass.dll","Util","CyclicIsLower","System.Boolean","False","False","1","2A","","True"
"Assembly-CSharp-firstpass.dll","Util","CyclicIsLower","System.Boolean","False","False","1","2A","","True"
"Assembly-CSharp-firstpass.dll","Util","CyclicIsLower","System.Boolean","False","False","1","2A","","True"
"Assembly-CSharp-firstpass.dll","Util","CyclicIsLower","System.Boolean","False","False","1","2A","","True"
"Assembly-CSharp-firstpass.dll","Util","CyclicLerp","System.Single","False","False","1","2A","","True"
"Assembly-CSharp-firstpass.dll","Util","ProjectOntoPlane","UnityEngine.Vector3","False","False","1","2A","","True"
"Assembly-CSharp-firstpass.dll","Util","SetHeight","UnityEngine.Vector3","False","False","1","2A","","True"
"Assembly-CSharp-firstpass.dll","Util","GetHighest","UnityEngine.Vector3","False","False","1","2A","","True"
"Assembly-CSharp-firstpass.dll","Util","GetLowest","UnityEngine.Vector3","False","False","1","2A","","True"
"Assembly-CSharp-firstpass.dll","Util","RelativeMatrix","UnityEngine.Matrix4x4","False","False","1","2A","","True"
"Assembly-CSharp-firstpass.dll","Util","TransformVector","UnityEngine.Vector3","False","False","1","2A","","True"
"Assembly-CSharp-firstpass.dll","Util","TransformVector","UnityEngine.Vector3","False","False","1","2A","","True"
"Assembly-CSharp-firstpass.dll","Util","TransformFromMatrix","System.Void","False","False","1","2A","","False"
"Assembly-CSharp-firstpass.dll","Util","QuaternionFromMatrix","UnityEngine.Quaternion","False","False","1","2A","","True"
"Assembly-CSharp-firstpass.dll","Util","MatrixFromQuaternion","UnityEngine.Matrix4x4","False","False","1","2A","","True"
"Assembly-CSharp-firstpass.dll","Util","MatrixFromQuaternionPosition","UnityEngine.Matrix4x4","False","False","1","2A","","True"
"Assembly-CSharp-firstpass.dll","Util","MatrixSlerp","UnityEngine.Matrix4x4","False","False","1","2A","","True"
"Assembly-CSharp-firstpass.dll","Util","CreateMatrix","UnityEngine.Matrix4x4","False","False","1","2A","","True"
"Assembly-CSharp-firstpass.dll","Util","CreateMatrixPosition","UnityEngine.Matrix4x4","False","False","1","2A","","True"
"Assembly-CSharp-firstpass.dll","Util","TranslateMatrix","System.Void","False","False","1","2A","","False"
"Assembly-CSharp-firstpass.dll","Util","ConstantSlerp","UnityEngine.Vector3","False","False","1","2A","","True"
"Assembly-CSharp-firstpass.dll","Util","ConstantSlerp","UnityEngine.Quaternion","False","False","1","2A","","True"
"Assembly-CSharp-firstpass.dll","Util","ConstantLerp","UnityEngine.Vector3","False","False","1","2A","","True"
"Assembly-CSharp-firstpass.dll","Util","ConstantLerp","System.Single","False","False","1","2A","","True"
"Assembly-CSharp-firstpass.dll","Util","Bezier","UnityEngine.Vector3","False","False","1","2A","","True"
"Assembly-CSharp-firstpass.dll","Util","Create3dText","UnityEngine.GameObject","False","False","1","2A","","True"
"Assembly-CSharp-firstpass.dll","Util","GetLineSphereIntersections","System.Single[]","False","False","1","2A","","True"
"Assembly-CSharp-firstpass.dll","DrawArea","Point","UnityEngine.Vector3","False","False","1","2A","","True"
"Assembly-CSharp-firstpass.dll","DrawArea","DrawLine","System.Void","False","False","1","2A","","False"
"Assembly-CSharp-firstpass.dll","DrawArea","DrawRect","System.Void","False","False","1","2A","","False"
"Assembly-CSharp-firstpass.dll","DrawArea","DrawDiamond","System.Void","False","False","1","2A","","False"
"Assembly-CSharp-firstpass.dll","DrawArea3D","Point","UnityEngine.Vector3","False","False","1","2A","","True"
"Assembly-CSharp-firstpass.dll","SmoothFollower","Update","UnityEngine.Vector3","False","False","1","2A","","True"
"Assembly-CSharp-firstpass.dll","SmoothFollower","Update","UnityEngine.Vector3","False","False","1","2A","","True"
"Assembly-CSharp-firstpass.dll","SmoothFollower","GetPosition","UnityEngine.Vector3","False","False","1","2A","","True"
"Assembly-CSharp-firstpass.dll","SmoothFollower","GetVelocity","UnityEngine.Vector3","False","False","1","2A","","True"
"Assembly-CSharp-firstpass.dll","Vector3x","Sinerp","UnityEngine.Vector3","False","False","1","2A","","True"
"Assembly-CSharp-firstpass.dll","Vector3x","Coserp","UnityEngine.Vector3","False","False","1","2A","","True"
"Assembly-CSharp-firstpass.dll","Vector3x","Hermite","UnityEngine.Vector3","False","False","1","2A","","True"
"Assembly-CSharp-firstpass.dll","Vector3x","Berp","UnityEngine.Vector3","False","False","1","2A","","True"
"Assembly-CSharp-firstpass.dll","Vector3x","Inverse","UnityEngine.Vector3","False","False","1","2A","","True"
"Assembly-CSharp-firstpass.dll","Vector3x","FromString","UnityEngine.Vector3","False","False","1","2A","","True"
"Assembly-CSharp-firstpass.dll","GravCloudBinding","_GravCloudInit","System.Void","False","True","0","","","False"
"Assembly-CSharp-firstpass.dll","GravCloudBinding","Init","System.Void","False","False","1","2A","","False"
"Assembly-CSharp-firstpass.dll","GravCloudBinding","_GravCloudHasCloudAccess","System.Boolean","False","True","0","","","False"
"Assembly-CSharp-firstpass.dll","GravCloudBinding","HasCloudAccess","System.Boolean","False","False","1","2A","","True"
"Assembly-CSharp-firstpass.dll","GravCloudBinding","_GravCloudGetFile","System.Void","False","True","0","","","False"
"Assembly-CSharp-firstpass.dll","GravCloudBinding","GetFile","System.Void","False","False","1","2A","","False"
"Assembly-CSharp-firstpass.dll","GravCloudBinding","_GravCloudPutFile","System.Void","False","True","0","","","False"
"Assembly-CSharp-firstpass.dll","GravCloudBinding","PutFile","System.Void","False","False","1","2A","","False"
"Assembly-CSharp-firstpass.dll","GravCloudBinding","_GravCloudDoesFileExist","System.Boolean","False","True","0","","","False"
"Assembly-CSharp-firstpass.dll","GravCloudBinding","DoesFileExist","System.Boolean","False","False","1","2A","","True"
"Assembly-CSharp-firstpass.dll","GravCloudPrefs","get_IsLoaded","System.Boolean","False","False","1","2A","","True"
"Assembly-CSharp-firstpass.dll","GravCloudPrefs","LoadFromFileStream","System.Void","False","False","1","2A","","False"
"Assembly-CSharp-firstpass.dll","GravCloudPrefs","OnGravCloudPrefsFileCallback","System.Void","False","False","1","2A","","False"
"Assembly-CSharp-firstpass.dll","GravCloudPrefs","WaitForLoadCoroutine","System.Collections.IEnumerator","False","False","1","2A","","True"
"Assembly-CSharp-firstpass.dll","GravCloudPrefs","Serialize","System.Void","False","False","1","2A","","False"
"Assembly-CSharp-firstpass.dll","GravCloudPrefs","Init","GravCloudPrefs","False","False","1","2A","","True"
"Assembly-CSharp-firstpass.dll","GravCloudPrefs","OnApplicationQuit","System.Void","False","False","1","2A","","False"
"Assembly-CSharp-firstpass.dll","GravCloudPrefs","OnApplicationPause","System.Void","False","False","1","2A","","False"
"Assembly-CSharp-firstpass.dll","GravCloudPrefs","Load","System.Void","False","False","1","2A","","False"
"Assembly-CSharp-firstpass.dll","GravCloudPrefs","Save","System.Void","False","False","1","2A","","False"
"Assembly-CSharp-firstpass.dll","GravCloudPrefs","HasKey","System.Boolean","False","False","1","2A","","True"
"Assembly-CSharp-firstpass.dll","GravCloudPrefs","RemoveKey","System.Void","False","False","1","2A","","False"
"Assembly-CSharp-firstpass.dll","GravCloudPrefs","DeleteAll","System.Void","False","False","1","2A","","False"
"Assembly-CSharp-firstpass.dll","GravCloudPrefs","EditorDeleteAll","System.Void","False","False","1","2A","","False"
"Assembly-CSharp-firstpass.dll","GravCloudPrefs","DeleteGravCloudFile","System.Void","False","False","1","2A","","False"
"Assembly-CSharp-firstpass.dll","GravCloudPrefs","SetInt","System.Void","False","False","1","2A","","False"
"Assembly-CSharp-firstpass.dll","GravCloudPrefs","SetInt64","System.Void","False","False","1","2A","","False"
"Assembly-CSharp-firstpass.dll","GravCloudPrefs","GetInt","System.Int32","False","False","1","2A","","True"
"Assembly-CSharp-firstpass.dll","GravCloudPrefs","SetLong","System.Void","False","False","1","2A","","False"
"Assembly-CSharp-firstpass.dll","GravCloudPrefs","GetLong","System.Int64","False","False","1","2A","","True"
"Assembly-CSharp-firstpass.dll","GravCloudPrefs","GetInt64","System.Int64","False","False","1","2A","","True"
"Assembly-CSharp-firstpass.dll","GravCloudPrefs","SetFloat","System.Void","False","False","1","2A","","False"
"Assembly-CSharp-firstpass.dll","GravCloudPrefs","GetFloat","System.Single","False","False","1","2A","","True"
"Assembly-CSharp-firstpass.dll","GravCloudPrefs","SetBool","System.Void","False","False","1","2A","","False"
"Assembly-CSharp-firstpass.dll","GravCloudPrefs","GetBool","System.Boolean","False","False","1","2A","","True"
"Assembly-CSharp-firstpass.dll","GravCloudPrefs","SetString","System.Void","False","False","1","2A","","False"
"Assembly-CSharp-firstpass.dll","GravCloudPrefs","GetString","System.String","False","False","1","2A","","True"
"Assembly-CSharp-firstpass.dll","GravCloudPrefs","SetDictionary","System.Void","False","False","1","2A","","False"
"Assembly-CSharp-firstpass.dll","GravCloudPrefs","GetDictionary","System.Collections.Generic.Dictionary`2[[System.String, mscorlib, Version=4.0.0.0, Culture=neutral, PublicKeyToken=b77a5c561934e089],[System.String, mscorlib, Version=4.0.0.0, Culture=neutral, PublicKeyToken=b77a5c561934e089]]","False","False","1","2A","","True"
"Assembly-CSharp-firstpass.dll","LocalizedString","get_Text","System.String","False","False","1","2A","","True"
"Assembly-CSharp-firstpass.dll","LocalizedString","ToString","System.String","False","False","1","2A","","True"
"Assembly-CSharp-firstpass.dll","UnlocalizedString","UnlocalizedStringMarker","System.String","False","False","1","2A","","True"
"Assembly-CSharp-firstpass.dll","UnlocalizedString","get_Text","System.String","False","False","1","2A","","True"
"Assembly-CSharp-firstpass.dll","UnlocalizedString","ToString","System.String","False","False","1","2A","","True"
"Assembly-CSharp-firstpass.dll","UnlocalizedString","op_Implicit","UnlocalizedString","False","False","1","2A","","True"
"Assembly-CSharp-firstpass.dll","UnlocalizedString","op_Implicit","System.String","False","False","1","2A","","True"
"Assembly-CSharp-firstpass.dll","UnlocalizedString","op_Addition","System.String","False","False","1","2A","","True"
"Assembly-CSharp-firstpass.dll","Localize","Awake","System.Void","False","False","1","2A","","False"
"Assembly-CSharp-firstpass.dll","Localize","WebLoadingHelper","System.Collections.IEnumerator","False","False","1","2A","","True"
"Assembly-CSharp-firstpass.dll","Localize","LoadDefaultLanguage","System.Void","False","False","1","2A","","False"
"Assembly-CSharp-firstpass.dll","Localize","LoadLanguageAsset","System.Void","False","False","1","2A","","False"
"Assembly-CSharp-firstpass.dll","Localize","UseLocalizedLanguage","System.Void","False","False","1","2A","","False"
"Assembly-CSharp-firstpass.dll","Localize","UseLocalizedLanguageHelper","System.Collections.IEnumerator","False","False","1","2A","","True"
"Assembly-CSharp-firstpass.dll","Localize","LoadLanguage","System.Void","False","False","1","2A","","False"
"Assembly-CSharp-firstpass.dll","Localize","LoadKeys","System.Void","False","False","1","2A","","False"
"Assembly-CSharp-firstpass.dll","Localize","Get","System.String","False","False","1","2A","","True"
"Assembly-CSharp-firstpass.dll","Localize","GetDynamicKeys","UnityEngine.KeyCode[]","False","False","1","2A","","True"
"Assembly-CSharp-firstpass.dll","Localize","GetBaseURL","System.String","False","False","1","2A","","True"
"Assembly-CSharp-firstpass.dll","Localize","GetURL","System.String","False","False","1","2A","","True"
"Assembly-CSharp-firstpass.dll","Localize","<Awake>m__4","System.Boolean","False","False","1","2A","","True"
"Assembly-CSharp-firstpass.dll","PIDController","CalculateOutput","System.Single","False","False","1","2A","","True"
"Assembly-CSharp-firstpass.dll","PIDController","SetPoint","System.Void","False","False","1","2A","","False"
"Assembly-CSharp-firstpass.dll","PIDVectorController","CalculateOutput","UnityEngine.Vector3","False","False","1","2A","","True"
"Assembly-CSharp-firstpass.dll","PIDVectorController","SetPoint","System.Void","False","False","1","2A","","False"
"Assembly-CSharp-firstpass.dll","Script","AddAnimation","System.Void","False","False","1","2A","","False"
"Assembly-CSharp-firstpass.dll","Script","AddAnimation","System.Void","False","False","1","2A","","False"
"Assembly-CSharp-firstpass.dll","Script","AnimationHelper","System.Collections.IEnumerator","False","False","1","2A","","True"
"Assembly-CSharp-firstpass.dll","Script","AddDelayed","System.Void","False","False","1","2A","","False"
"Assembly-CSharp-firstpass.dll","Script","DelayedHelper","System.Collections.IEnumerator","False","False","1","2A","","True"
"Assembly-CSharp-firstpass.dll","Script","GetComponentFrom",,"False","False","1","2A","","True"
"Assembly-CSharp-firstpass.dll","Script","GetComponentFrom",,"False","False","1","2A","","True"
"Assembly-CSharp-firstpass.dll","Script","GetComponentsFrom",,"False","False","1","2A","","True"
"Assembly-CSharp-firstpass.dll","Script","GetComponentsInChildrenFrom",,"False","False","1","2A","","True"
"Assembly-CSharp-firstpass.dll","Script","GetComponentsInChildrenFrom",,"False","False","1","2A","","True"
"Assembly-CSharp-firstpass.dll","Script","AddComponent",,"False","False","1","2A","","True"
"Assembly-CSharp-firstpass.dll","Script","AddComponentTo",,"False","False","1","2A","","True"
"Assembly-CSharp-firstpass.dll","Script","AddComponentTo",,"False","False","1","2A","","True"
"Assembly-CSharp-firstpass.dll","Script","ConvertObjectArray",,"False","False","1","2A","","True"
"Assembly-CSharp-firstpass.dll","Script","GetComponentUpwards",,"False","False","1","2A","","True"
"Assembly-CSharp-firstpass.dll","Script","GetComponentUpwardsFrom",,"False","False","1","2A","","True"
"Assembly-CSharp-firstpass.dll","Script","GetComponentUpwardsFrom",,"False","False","1","2A","","True"
"Assembly-CSharp-firstpass.dll","Script","Instantiate",,"False","False","1","2A","","True"
"Assembly-CSharp-firstpass.dll","Script","Instantiate",,"False","False","1","2A","","True"
"Assembly-CSharp-firstpass.dll","Script","InstantiateIfNotPresent","UnityEngine.GameObject","False","False","1","2A","","True"
"Assembly-CSharp-firstpass.dll","Script","InstantiateIfNotPresent",,"False","False","1","2A","","True"
"Assembly-CSharp-firstpass.dll","Script","SendMessageToObjectsOfType","System.Void","False","False","1","2A","","False"
"Assembly-CSharp-firstpass.dll","Script","SendMessageToObjectsOfType","System.Void","False","False","1","2A","","False"
"Assembly-CSharp-firstpass.dll","Script","SendMessageToGameObjects","System.Void","False","False","1","2A","","False"
"Assembly-CSharp-firstpass.dll","Script","SendMessageToGameObjects","System.Void","False","False","1","2A","","False"
"Assembly-CSharp-firstpass.dll","Script","CreateLoop","UnityEngine.AudioSource","False","False","1","2A","","True"
"Assembly-CSharp-firstpass.dll","Script","CreateLoop","UnityEngine.AudioSource","False","False","1","2A","","True"
"Assembly-CSharp-firstpass.dll","Script","CreateLoop","UnityEngine.AudioSource","False","False","1","2A","","True"
"Assembly-CSharp-firstpass.dll","Script","FindNameRecursive","UnityEngine.Transform","False","False","1","2A","","True"
"Assembly-CSharp-firstpass.dll","Script","FindNameRecursive","UnityEngine.Transform","False","False","1","2A","","True"
"Assembly-CSharp-firstpass.dll","Script","<ConvertObjectArray`1>m__3",,"False","False","1","2A","","True"
"Assembly-CSharp-firstpass.dll","SingletonScript`1","get_i",,"False","False","1","2A","","True"
"Assembly-CSharp-firstpass.dll","SingletonScript`1","SingletonCreated","System.Void","False","False","1","2A","","False"
"Assembly-CSharp-firstpass.dll","SingletonScript`1","Exists_VERY_EXPENSIVE","System.Boolean","False","False","1","2A","","True"
"Assembly-CSharp-firstpass.dll","SingletonScript`1","Existed","System.Boolean","False","False","1","2A","","True"
"Assembly-CSharp-firstpass.dll","SingletonScript`1","OnLevelWasLoaded","System.Void","False","False","1","2A","","False"
"Assembly-CSharp-firstpass.dll","SingletonScript`1","ForceReload","System.Void","False","False","1","2A","","False"
"Assembly-CSharp-firstpass.dll","TransformGizmo","OnDrawGizmosSelected","System.Void","False","False","1","2A","","False"
"Assembly-CSharp-firstpass.dll","WindowIDs","OnDisable","System.Void","False","False","1","2A","","False"
"Assembly-CSharp-firstpass.dll","WindowIDs","FetchID","System.Int32","False","False","1","2A","","True"
"Assembly-CSharp-firstpass.dll","JCloudData","SetInt","System.Void","False","False","1","2A","","False"
"Assembly-CSharp-firstpass.dll","JCloudData","GetInt","System.Int32","False","False","1","2A","","True"
"Assembly-CSharp-firstpass.dll","JCloudData","GetInt","System.Int32","False","False","1","2A","","True"
"Assembly-CSharp-firstpass.dll","JCloudData","SetFloat","System.Void","False","False","1","2A","","False"
"Assembly-CSharp-firstpass.dll","JCloudData","GetFloat","System.Single","False","False","1","2A","","True"
"Assembly-CSharp-firstpass.dll","JCloudData","GetFloat","System.Single","False","False","1","2A","","True"
"Assembly-CSharp-firstpass.dll","JCloudData","SetString","System.Void","False","False","1","2A","","False"
"Assembly-CSharp-firstpass.dll","JCloudData","GetString","System.String","False","False","1","2A","","True"
"Assembly-CSharp-firstpass.dll","JCloudData","GetString","System.String","False","False","1","2A","","True"
"Assembly-CSharp-firstpass.dll","JCloudData","HasKey","System.Boolean","False","False","1","2A","","True"
"Assembly-CSharp-firstpass.dll","JCloudData","DeleteKey","System.Void","False","False","1","2A","","False"
"Assembly-CSharp-firstpass.dll","JCloudData","DeleteAll","System.Void","False","False","1","2A","","False"
"Assembly-CSharp-firstpass.dll","JCloudData","Save","System.Void","False","False","1","2A","","False"
"Assembly-CSharp-firstpass.dll","JCloudData","PollCloudDataAvailability","System.Boolean","False","False","1","2A","","True"
"Assembly-CSharp-firstpass.dll","JCloudData","RegisterCloudDataExternalChanges","System.Boolean","False","False","1","2A","","True"
"Assembly-CSharp-firstpass.dll","JCloudData","UnregisterCloudDataExternalChanges","System.Boolean","False","False","1","2A","","True"
"Assembly-CSharp-firstpass.dll","JCloudData","KeyValueStoreDidChangeExternally","System.Void","False","False","1","2A","","False"
"Assembly-CSharp-firstpass.dll","JCloudDictionary","SetInt","System.Void","False","False","1","2A","","False"
"Assembly-CSharp-firstpass.dll","JCloudDictionary","GetInt","System.Int32","False","False","1","2A","","True"
"Assembly-CSharp-firstpass.dll","JCloudDictionary","GetInt","System.Int32","False","False","1","2A","","True"
"Assembly-CSharp-firstpass.dll","JCloudDictionary","SetFloat","System.Void","False","False","1","2A","","False"
"Assembly-CSharp-firstpass.dll","JCloudDictionary","GetFloat","System.Single","False","False","1","2A","","True"
"Assembly-CSharp-firstpass.dll","JCloudDictionary","GetFloat","System.Single","False","False","1","2A","","True"
"Assembly-CSharp-firstpass.dll","JCloudDictionary","SetString","System.Void","False","False","1","2A","","False"
"Assembly-CSharp-firstpass.dll","JCloudDictionary","GetString","System.String","False","False","1","2A","","True"
"Assembly-CSharp-firstpass.dll","JCloudDictionary","GetString","System.String","False","False","1","2A","","True"
"Assembly-CSharp-firstpass.dll","JCloudDictionary","HasKey","System.Boolean","False","False","1","2A","","True"
"Assembly-CSharp-firstpass.dll","JCloudDictionary","DeleteKey","System.Void","False","False","1","2A","","False"
"Assembly-CSharp-firstpass.dll","JCloudDictionary","DeleteAll","System.Void","False","False","1","2A","","False"
"Assembly-CSharp-firstpass.dll","JCloudDictionary","Save","System.Void","False","False","1","2A","","False"
"Assembly-CSharp-firstpass.dll","JCloudDictionary","PollCloudDictionaryAvailability","System.Boolean","False","False","1","2A","","True"
"Assembly-CSharp-firstpass.dll","JCloudDictionary","RegisterCloudDictionaryExternalChanges","System.Boolean","False","False","1","2A","","True"
"Assembly-CSharp-firstpass.dll","JCloudDictionary","UnregisterCloudDictionaryExternalChanges","System.Boolean","False","False","1","2A","","True"
"Assembly-CSharp-firstpass.dll","JCloudDictionary","KeyValueStoreDidChangeExternally","System.Void","False","False","1","2A","","False"
"Assembly-CSharp-firstpass.dll","JCloudDocument","NewCloudDocument","System.Int32","False","False","1","2A","","True"
"Assembly-CSharp-firstpass.dll","JCloudDocument","DismissCloudDocument","System.Void","False","False","1","2A","","False"
"Assembly-CSharp-firstpass.dll","JCloudDocument","FileExists","System.Boolean","False","False","1","2A","","True"
"Assembly-CSharp-firstpass.dll","JCloudDocument","FileDelete","System.Boolean","False","False","1","2A","","True"
"Assembly-CSharp-firstpass.dll","JCloudDocument","FileWriteAllBytes","System.Boolean","False","False","1","2A","","True"
"Assembly-CSharp-firstpass.dll","JCloudDocument","FileReadAllBytes","System.Byte[]","False","False","1","2A","","True"
"Assembly-CSharp-firstpass.dll","JCloudDocument","FileModificationDate","System.Boolean","False","False","1","2A","","True"
"Assembly-CSharp-firstpass.dll","JCloudDocument","FileCopy","System.Boolean","False","False","1","2A","","True"
"Assembly-CSharp-firstpass.dll","JCloudDocument","FileMove","System.Boolean","False","False","1","2A","","True"
"Assembly-CSharp-firstpass.dll","JCloudDocument","DirectoryCreate","System.Boolean","False","False","1","2A","","True"
"Assembly-CSharp-firstpass.dll","JCloudDocument","DirectoryExists","System.Boolean","False","False","1","2A","","True"
"Assembly-CSharp-firstpass.dll","JCloudDocument","DirectoryDelete","System.Boolean","False","False","1","2A","","True"
"Assembly-CSharp-firstpass.dll","JCloudDocument","DirectoryGetFiles","System.String[]","False","False","1","2A","","True"
"Assembly-CSharp-firstpass.dll","JCloudDocument","DirectoryGetDirectories","System.String[]","False","False","1","2A","","True"
"Assembly-CSharp-firstpass.dll","JCloudDocument","DirectoryModificationDate","System.Boolean","False","False","1","2A","","True"
"Assembly-CSharp-firstpass.dll","JCloudDocument","DirectoryCopy","System.Boolean","False","False","1","2A","","True"
"Assembly-CSharp-firstpass.dll","JCloudDocument","DirectoryMove","System.Boolean","False","False","1","2A","","True"
"Assembly-CSharp-firstpass.dll","JCloudDocument","PollCloudDocumentAvailability","System.Boolean","False","False","1","2A","","True"
"Assembly-CSharp-firstpass.dll","JCloudDocumentAsync","NewCloudDocument","System.Int32","False","False","1","2A","","True"
"Assembly-CSharp-firstpass.dll","JCloudDocumentAsync","DismissCloudDocument","System.Void","False","False","1","2A","","False"
"Assembly-CSharp-firstpass.dll","JCloudDocumentAsync","FileExists","JCloudDocumentAsyncOperation","False","False","1","2A","","True"
"Assembly-CSharp-firstpass.dll","JCloudDocumentAsync","FileDelete","JCloudDocumentAsyncOperation","False","False","1","2A","","True"
"Assembly-CSharp-firstpass.dll","JCloudDocumentAsync","FileWriteAllBytes","JCloudDocumentAsyncOperation","False","False","1","2A","","True"
"Assembly-CSharp-firstpass.dll","JCloudDocumentAsync","FileReadAllBytes","JCloudDocumentAsyncOperation","False","False","1","2A","","True"
"Assembly-CSharp-firstpass.dll","JCloudDocumentAsync","FileModificationDate","JCloudDocumentAsyncOperation","False","False","1","2A","","True"
"Assembly-CSharp-firstpass.dll","JCloudDocumentAsync","FileCopy","JCloudDocumentAsyncOperation","False","False","1","2A","","True"
"Assembly-CSharp-firstpass.dll","JCloudDocumentAsync","FileMove","JCloudDocumentAsyncOperation","False","False","1","2A","","True"
"Assembly-CSharp-firstpass.dll","JCloudDocumentAsync","DirectoryCreate","JCloudDocumentAsyncOperation","False","False","1","2A","","True"
"Assembly-CSharp-firstpass.dll","JCloudDocumentAsync","DirectoryExists","JCloudDocumentAsyncOperation","False","False","1","2A","","True"
"Assembly-CSharp-firstpass.dll","JCloudDocumentAsync","DirectoryDelete","JCloudDocumentAsyncOperation","False","False","1","2A","","True"
"Assembly-CSharp-firstpass.dll","JCloudDocumentAsync","DirectoryGetFiles","JCloudDocumentAsyncOperation","False","False","1","2A","","True"
"Assembly-CSharp-firstpass.dll","JCloudDocumentAsync","DirectoryGetDirectories","JCloudDocumentAsyncOperation","False","False","1","2A","","True"
"Assembly-CSharp-firstpass.dll","JCloudDocumentAsync","DirectoryModificationDate","JCloudDocumentAsyncOperation","False","False","1","2A","","True"
"Assembly-CSharp-firstpass.dll","JCloudDocumentAsync","DirectoryCopy","JCloudDocumentAsyncOperation","False","False","1","2A","","True"
"Assembly-CSharp-firstpass.dll","JCloudDocumentAsync","DirectoryMove","JCloudDocumentAsyncOperation","False","False","1","2A","","True"
"Assembly-CSharp-firstpass.dll","JCloudDocumentAsync","FileExistsOperation","System.Collections.IEnumerator","False","False","1","2A","","True"
"Assembly-CSharp-firstpass.dll","JCloudDocumentAsync","FileDeleteOperation","System.Collections.IEnumerator","False","False","1","2A","","True"
"Assembly-CSharp-firstpass.dll","JCloudDocumentAsync","FileWriteAllBytesOperation","System.Collections.IEnumerator","False","False","1","2A","","True"
"Assembly-CSharp-firstpass.dll","JCloudDocumentAsync","FileReadAllBytesOperation","System.Collections.IEnumerator","False","False","1","2A","","True"
"Assembly-CSharp-firstpass.dll","JCloudDocumentAsync","FileModificationDateOperation","System.Collections.IEnumerator","False","False","1","2A","","True"
"Assembly-CSharp-firstpass.dll","JCloudDocumentAsync","FileCopyOperation","System.Collections.IEnumerator","False","False","1","2A","","True"
"Assembly-CSharp-firstpass.dll","JCloudDocumentAsync","FileMoveOperation","System.Collections.IEnumerator","False","False","1","2A","","True"
"Assembly-CSharp-firstpass.dll","JCloudDocumentAsync","DirectoryCreateOperation","System.Collections.IEnumerator","False","False","1","2A","","True"
"Assembly-CSharp-firstpass.dll","JCloudDocumentAsync","DirectoryExistsOperation","System.Collections.IEnumerator","False","False","1","2A","","True"
"Assembly-CSharp-firstpass.dll","JCloudDocumentAsync","DirectoryDeleteOperation","System.Collections.IEnumerator","False","False","1","2A","","True"
"Assembly-CSharp-firstpass.dll","JCloudDocumentAsync","DirectoryGetFilesOperation","System.Collections.IEnumerator","False","False","1","2A","","True"
"Assembly-CSharp-firstpass.dll","JCloudDocumentAsync","DirectoryGetDirectoriesOperation","System.Collections.IEnumerator","False","False","1","2A","","True"
"Assembly-CSharp-firstpass.dll","JCloudDocumentAsync","DirectoryModificationDateOperation","System.Collections.IEnumerator","False","False","1","2A","","True"
"Assembly-CSharp-firstpass.dll","JCloudDocumentAsync","DirectoryCopyOperation","System.Collections.IEnumerator","False","False","1","2A","","True"
"Assembly-CSharp-firstpass.dll","JCloudDocumentAsync","DirectoryMoveOperation","System.Collections.IEnumerator","False","False","1","2A","","True"
"Assembly-CSharp-firstpass.dll","JCloudDocumentAsync","PollCloudDocumentAvailability","System.Boolean","False","False","1","2A","","True"
"Assembly-CSharp-firstpass.dll","JCloudExtern","CloudDataGetString","System.Boolean","False","True","0","","","False"
"Assembly-CSharp-firstpass.dll","JCloudExtern","CloudDataHasKey","System.Boolean","False","True","0","","","False"
"Assembly-CSharp-firstpass.dll","JCloudExtern","CloudDataDeleteKey","System.Void","False","True","0","","","False"
"Assembly-CSharp-firstpass.dll","JCloudExtern","CloudDataDeleteAll","System.Void","False","True","0","","","False"
"Assembly-CSharp-firstpass.dll","JCloudExtern","CloudDataSave","System.Void","False","True","0","","","False"
"Assembly-CSharp-firstpass.dll","JCloudExtern","CloudDataSetShouldMessage","System.Void","False","True","0","","","False"
"Assembly-CSharp-firstpass.dll","JCloudExtern","CloudDataSetCallbackPointer","System.Void","False","True","0","","","False"
"Assembly-CSharp-firstpass.dll","JCloudExtern","CloudDictionaryDocumentSetInt","System.Void","False","True","0","","","False"
"Assembly-CSharp-firstpass.dll","JCloudExtern","CloudDictionaryDocumentGetInt","System.Boolean","False","True","0","","","False"
"Assembly-CSharp-firstpass.dll","JCloudExtern","CloudDictionaryDocumentSetFloat","System.Void","False","True","0","","","False"
"Assembly-CSharp-firstpass.dll","JCloudExtern","CloudDictionaryDocumentGetFloat","System.Boolean","False","True","0","","","False"
"Assembly-CSharp-firstpass.dll","JCloudExtern","CloudDictionaryDocumentSetString","System.Void","False","True","0","","","False"
"Assembly-CSharp-firstpass.dll","JCloudExtern","CloudDictionaryDocumentGetString","System.Boolean","False","True","0","","","False"
"Assembly-CSharp-firstpass.dll","JCloudExtern","CloudDictionaryDocumentHasKey","System.Boolean","False","True","0","","","False"
"Assembly-CSharp-firstpass.dll","JCloudExtern","CloudDictionaryDocumentDeleteKey","System.Void","False","True","0","","","False"
"Assembly-CSharp-firstpass.dll","JCloudExtern","CloudDictionaryDocumentDeleteAll","System.Void","False","True","0","","","False"
"Assembly-CSharp-firstpass.dll","JCloudExtern","CloudDictionaryDocumentSave","System.Void","False","True","0","","","False"
"Assembly-CSharp-firstpass.dll","JCloudExtern","CloudDictionaryDocumentSetShouldMessage","System.Void","False","True","0","","","False"
"Assembly-CSharp-firstpass.dll","JCloudExtern","CloudDictionaryDocumentSetCallbackPointer","System.Void","False","True","0","","","False"
"Assembly-CSharp-firstpass.dll","JCloudExtern","GetUbiquitousContainerAvailability","System.Boolean","False","True","0","","","False"
"Assembly-CSharp-firstpass.dll","JCloudExtern","GetUbiquitousStoreAvailability","System.Boolean","False","True","0","","","False"
"Assembly-CSharp-firstpass.dll","JCloudExtern","FreeMemory","System.Void","False","True","0","","","False"
"Assembly-CSharp-firstpass.dll","JCloudExtern","IsJailbroken","System.Boolean","False","True","0","","","False"
"Assembly-CSharp-firstpass.dll","JCloudExtern","PrepareCloudItem","System.Int32","False","True","0","","","False"
"Assembly-CSharp-firstpass.dll","JCloudExtern","DismissCloudItem","System.Int32","False","True","0","","","False"
"Assembly-CSharp-firstpass.dll","JCloudExtern","GetCloudItemState","JCloudExtern+JCloudDocumentState","False","True","0","","","False"
"Assembly-CSharp-firstpass.dll","JCloudExtern","CreateOrOpenCloudItem","System.Boolean","False","True","0","","","False"
"Assembly-CSharp-firstpass.dll","JCloudExtern","CreateOrOpenCloudItemSync","System.Boolean","False","True","0","","","False"
"Assembly-CSharp-firstpass.dll","JCloudExtern","OpenCloudItem","System.Boolean","False","True","0","","","False"
"Assembly-CSharp-firstpass.dll","JCloudExtern","OpenCloudItemSync","System.Boolean","False","True","0","","","False"
"Assembly-CSharp-firstpass.dll","JCloudExtern","DeleteCloudItem","System.Boolean","False","True","0","","","False"
"Assembly-CSharp-firstpass.dll","JCloudExtern","DeleteCloudItemSync","System.Boolean","False","True","0","","","False"
"Assembly-CSharp-firstpass.dll","JCloudExtern","WriteCloudItemContents","System.Boolean","False","True","0","","","False"
"Assembly-CSharp-firstpass.dll","JCloudExtern","ReadCloudItemContents","System.Int32","False","True","0","","","False"
"Assembly-CSharp-firstpass.dll","JCloudExtern","SetPersistentDataPath","System.Boolean","False","True","0","","","False"
"Assembly-CSharp-firstpass.dll","JCloudExtern","GetCloudDirectoryPath","System.Boolean","False","True","0","","","False"
"Assembly-CSharp-firstpass.dll","JCloudExtern","GetCloudItemExistence","System.Boolean","False","True","0","","","False"
"Assembly-CSharp-firstpass.dll","JCloudExtern","GetCloudItemExistenceSync","System.Boolean","False","True","0","","","False"
"Assembly-CSharp-firstpass.dll","JCloudExtern","GetCloudItemModificationDate","System.Boolean","False","True","0","","","False"
"Assembly-CSharp-firstpass.dll","JCloudExtern","GetCloudItemModificationDateSync","System.Boolean","False","True","0","","","False"
"Assembly-CSharp-firstpass.dll","JCloudExtern","CopyCloudItem","System.Boolean","False","True","0","","","False"
"Assembly-CSharp-firstpass.dll","JCloudExtern","CopyCloudItemSync","System.Boolean","False","True","0","","","False"
"Assembly-CSharp-firstpass.dll","JCloudExtern","MoveCloudItem","System.Boolean","False","True","0","","","False"
"Assembly-CSharp-firstpass.dll","JCloudExtern","MoveCloudItemSync","System.Boolean","False","True","0","","","False"
"Assembly-CSharp-firstpass.dll","JCloudExtern","SetStateChangeCallbackPointer","System.Void","False","True","0","","","False"
"Assembly-CSharp-firstpass.dll","JCloudExtern","SetResultChangeCallbackPointer","System.Void","False","True","0","","","False"
"Assembly-CSharp-firstpass.dll","JCloudExtern","CloudDataSetInt","System.Void","False","True","0","","","False"
"Assembly-CSharp-firstpass.dll","JCloudExtern","CloudDataGetInt","System.Boolean","False","True","0","","","False"
"Assembly-CSharp-firstpass.dll","JCloudExtern","CloudDataSetFloat","System.Void","False","True","0","","","False"
"Assembly-CSharp-firstpass.dll","JCloudExtern","CloudDataGetFloat","System.Boolean","False","True","0","","","False"
"Assembly-CSharp-firstpass.dll","JCloudExtern","CloudDataSetString","System.Void","False","True","0","","","False"
"Assembly-CSharp-firstpass.dll","JCloudManager","CheckManagerStatus","System.Void","False","False","1","2A","","False"
"Assembly-CSharp-firstpass.dll","JCloudManager","GetSharedManager","JCloudManager","False","False","1","2A","","True"
"Assembly-CSharp-firstpass.dll","JCloudManager","WatchDocument","System.Void","False","False","1","2A","","False"
"Assembly-CSharp-firstpass.dll","JCloudManager","WatchAsyncDocument","System.Void","False","False","1","2A","","False"
"Assembly-CSharp-firstpass.dll","JCloudManager","GetDocumentState","JCloudExtern+JCloudDocumentState","False","False","1","2A","","True"
"Assembly-CSharp-firstpass.dll","JCloudManager","UnwatchDocument","System.Void","False","False","1","2A","","False"
"Assembly-CSharp-firstpass.dll","JCloudManager","GetDocumentResult","System.Boolean","False","False","1","2A","","True"
"Assembly-CSharp-firstpass.dll","JCloudManager","GetDocumentLock","System.Int32","False","False","1","2A","","True"
"Assembly-CSharp-firstpass.dll","JCloudManager","CheckDocumentLock","System.Boolean","False","False","1","2A","","True"
"Assembly-CSharp-firstpass.dll","JCloudManager","ReleaseDocumentLock","System.Void","False","False","1","2A","","False"
"Assembly-CSharp-firstpass.dll","JCloudManager","DocumentStateDidChange","System.Void","False","False","1","2A","","False"
"Assembly-CSharp-firstpass.dll","JCloudManager","DocumentResultDidChange","System.Void","False","False","1","2A","","False"
"Assembly-CSharp-firstpass.dll","JCloudManager","PathListFromBytes","System.String[]","False","False","1","2A","","True"
"Assembly-CSharp-firstpass.dll","JCloudManager","CopyDirectory","System.Void","False","False","1","2A","","False"
"Assembly-CSharp-firstpass.dll","JCloudRoutineReturn","get_finished","System.Boolean","False","False","1","2A","","True"
"Assembly-CSharp-firstpass.dll","JCloudRoutineReturn","set_finished","System.Void","False","False","1","2A","","False"
"Assembly-CSharp-firstpass.dll","JCloudRoutineReturn","get_cancel","System.Boolean","False","False","1","2A","","True"
"Assembly-CSharp-firstpass.dll","JCloudRoutineReturn","set_cancel","System.Void","False","False","1","2A","","False"
"Assembly-CSharp-firstpass.dll","JCloudRoutine","add_Cancelled","System.Void","False","False","1","2A","","False"
"Assembly-CSharp-firstpass.dll","JCloudRoutine","remove_Cancelled","System.Void","False","False","1","2A","","False"
"Assembly-CSharp-firstpass.dll","JCloudRoutine","add_Finished","System.Void","False","False","1","2A","","False"
"Assembly-CSharp-firstpass.dll","JCloudRoutine","remove_Finished","System.Void","False","False","1","2A","","False"
"Assembly-CSharp-firstpass.dll","JCloudRoutine","Cancel","System.Void","False","False","1","2A","","False"
"Assembly-CSharp-firstpass.dll","JCloudRoutine","Run","System.Collections.IEnumerator","False","False","1","2A","","True"
"Assembly-CSharp-firstpass.dll","JCloudRoutine","Create","JCloudRoutine","False","False","1","2A","","True"
"Assembly-CSharp-firstpass.dll","JCloudRoutine","Execute","System.Collections.IEnumerator","False","False","1","2A","","True"
"Assembly-CSharp-firstpass.dll","MiniJSON","jsonDecode","System.Object","False","False","1","2A","","True"
"Assembly-CSharp-firstpass.dll","MiniJSON","jsonEncode","System.String","False","False","1","2A","","True"
"Assembly-CSharp-firstpass.dll","MiniJSON","lastDecodeSuccessful","System.Boolean","False","False","1","2A","","True"
"Assembly-CSharp-firstpass.dll","MiniJSON","getLastErrorIndex","System.Int32","False","False","1","2A","","True"
"Assembly-CSharp-firstpass.dll","MiniJSON","getLastErrorSnippet","System.String","False","False","1","2A","","True"
"Assembly-CSharp-firstpass.dll","MiniJSON","parseObject","System.Collections.Hashtable","False","False","1","2A","","True"
"Assembly-CSharp-firstpass.dll","MiniJSON","parseArray","System.Collections.ArrayList","False","False","1","2A","","True"
"Assembly-CSharp-firstpass.dll","MiniJSON","parseValue","System.Object","False","False","1","2A","","True"
"Assembly-CSharp-firstpass.dll","MiniJSON","parseString","System.String","False","False","1","2A","","True"
"Assembly-CSharp-firstpass.dll","MiniJSON","parseNumber","System.Double","False","False","1","2A","","True"
"Assembly-CSharp-firstpass.dll","MiniJSON","getLastIndexOfNumber","System.Int32","False","False","1","2A","","True"
"Assembly-CSharp-firstpass.dll","MiniJSON","eatWhitespace","System.Void","False","False","1","2A","","False"
"Assembly-CSharp-firstpass.dll","MiniJSON","lookAhead","System.Int32","False","False","1","2A","","True"
"Assembly-CSharp-firstpass.dll","MiniJSON","nextToken","System.Int32","False","False","1","2A","","True"
"Assembly-CSharp-firstpass.dll","MiniJSON","serializeObjectOrArray","System.Boolean","False","False","1","2A","","True"
"Assembly-CSharp-firstpass.dll","MiniJSON","serializeObject","System.Boolean","False","False","1","2A","","True"
"Assembly-CSharp-firstpass.dll","MiniJSON","serializeDictionary","System.Boolean","False","False","1","2A","","True"
"Assembly-CSharp-firstpass.dll","MiniJSON","serializeArray","System.Boolean","False","False","1","2A","","True"
"Assembly-CSharp-firstpass.dll","MiniJSON","serializeValue","System.Boolean","False","False","1","2A","","True"
"Assembly-CSharp-firstpass.dll","MiniJSON","serializeString","System.Void","False","False","1","2A","","False"
"Assembly-CSharp-firstpass.dll","MiniJSON","serializeNumber","System.Void","False","False","1","2A","","False"
"Assembly-CSharp-firstpass.dll","MiniJsonExtensions","toJson","System.String","False","False","1","2A","","True"
"Assembly-CSharp-firstpass.dll","MiniJsonExtensions","toJson","System.String","False","False","1","2A","","True"
"Assembly-CSharp-firstpass.dll","MiniJsonExtensions","arrayListFromJson","System.Collections.ArrayList","False","False","1","2A","","True"
"Assembly-CSharp-firstpass.dll","MiniJsonExtensions","hashtableFromJson","System.Collections.Hashtable","False","False","1","2A","","True"
"Assembly-CSharp-firstpass.dll","ResultLogger","logObject","System.Void","False","False","1","2A","","False"
"Assembly-CSharp-firstpass.dll","ResultLogger","logArraylist","System.Void","False","False","1","2A","","False"
"Assembly-CSharp-firstpass.dll","ResultLogger","logHashtable","System.Void","False","False","1","2A","","False"
"Assembly-CSharp-firstpass.dll","ResultLogger","addHashtableToString","System.Void","False","False","1","2A","","False"
"Assembly-CSharp-firstpass.dll","ResultLogger","addArraylistToString","System.Void","False","False","1","2A","","False"
"Assembly-CSharp-firstpass.dll","StoreKitBinding","_storeKitCanMakePayments","System.Boolean","False","True","0","","","False"
"Assembly-CSharp-firstpass.dll","StoreKitBinding","canMakePayments","System.Boolean","False","False","1","2A","","True"
"Assembly-CSharp-firstpass.dll","StoreKitBinding","_storeKitRequestProductData","System.Void","False","True","0","","","False"
"Assembly-CSharp-firstpass.dll","StoreKitBinding","requestProductData","System.Void","False","False","1","2A","","False"
"Assembly-CSharp-firstpass.dll","StoreKitBinding","_storeKitPurchaseProduct","System.Void","False","True","0","","","False"
"Assembly-CSharp-firstpass.dll","StoreKitBinding","purchaseProduct","System.Void","False","False","1","2A","","False"
"Assembly-CSharp-firstpass.dll","StoreKitBinding","_storeKitRestoreCompletedTransactions","System.Void","False","True","0","","","False"
"Assembly-CSharp-firstpass.dll","StoreKitBinding","restoreCompletedTransactions","System.Void","False","False","1","2A","","False"
"Assembly-CSharp-firstpass.dll","StoreKitBinding","_storeKitValidateReceipt","System.Void","False","True","0","","","False"
"Assembly-CSharp-firstpass.dll","StoreKitBinding","validateReceipt","System.Void","False","False","1","2A","","False"
"Assembly-CSharp-firstpass.dll","StoreKitBinding","_storeKitValidateAutoRenewableReceipt","System.Void","False","True","0","","","False"
"Assembly-CSharp-firstpass.dll","StoreKitBinding","validateAutoRenewableReceipt","System.Void","False","False","1","2A","","False"
"Assembly-CSharp-firstpass.dll","StoreKitBinding","_storeKitGetAllSavedTransactions","System.String","False","True","0","","","False"
"Assembly-CSharp-firstpass.dll","StoreKitBinding","getAllSavedTransactions","System.Collections.Generic.List`1[[StoreKitTransaction, Assembly-CSharp-firstpass, Version=0.0.0.0, Culture=neutral, PublicKeyToken=null]]","False","False","1","2A","","True"
"Assembly-CSharp-firstpass.dll","StoreKitEventListener","OnEnable","System.Void","False","False","1","2A","","False"
"Assembly-CSharp-firstpass.dll","StoreKitEventListener","OnDisable","System.Void","False","False","1","2A","","False"
"Assembly-CSharp-firstpass.dll","StoreKitEventListener","productListReceived","System.Void","False","False","1","2A","","False"
"Assembly-CSharp-firstpass.dll","StoreKitEventListener","productListRequestFailed","System.Void","False","False","1","2A","","False"
"Assembly-CSharp-firstpass.dll","StoreKitEventListener","receiptValidationSuccessful","System.Void","False","False","1","2A","","False"
"Assembly-CSharp-firstpass.dll","StoreKitEventListener","receiptValidationFailed","System.Void","False","False","1","2A","","False"
"Assembly-CSharp-firstpass.dll","StoreKitEventListener","receiptValidationRawResponseReceived","System.Void","False","False","1","2A","","False"
"Assembly-CSharp-firstpass.dll","StoreKitEventListener","purchaseFailed","System.Void","False","False","1","2A","","False"
"Assembly-CSharp-firstpass.dll","StoreKitEventListener","purchaseCancelled","System.Void","False","False","1","2A","","False"
"Assembly-CSharp-firstpass.dll","StoreKitEventListener","purchaseSuccessful","System.Void","False","False","1","2A","","False"
"Assembly-CSharp-firstpass.dll","StoreKitEventListener","restoreTransactionsFailed","System.Void","False","False","1","2A","","False"
"Assembly-CSharp-firstpass.dll","StoreKitEventListener","restoreTransactionsFinished","System.Void","False","False","1","2A","","False"
"Assembly-CSharp-firstpass.dll","StoreKitManager","add_purchaseSuccessful","System.Void","False","False","1","2A","","False"
"Assembly-CSharp-firstpass.dll","StoreKitManager","remove_purchaseSuccessful","System.Void","False","False","1","2A","","False"
"Assembly-CSharp-firstpass.dll","StoreKitManager","add_productListReceived","System.Void","False","False","1","2A","","False"
"Assembly-CSharp-firstpass.dll","StoreKitManager","remove_productListReceived","System.Void","False","False","1","2A","","False"
"Assembly-CSharp-firstpass.dll","StoreKitManager","add_productListRequestFailed","System.Void","False","False","1","2A","","False"
"Assembly-CSharp-firstpass.dll","StoreKitManager","remove_productListRequestFailed","System.Void","False","False","1","2A","","False"
"Assembly-CSharp-firstpass.dll","StoreKitManager","add_purchaseFailed","System.Void","False","False","1","2A","","False"
"Assembly-CSharp-firstpass.dll","StoreKitManager","remove_purchaseFailed","System.Void","False","False","1","2A","","False"
"Assembly-CSharp-firstpass.dll","StoreKitManager","add_purchaseCancelled","System.Void","False","False","1","2A","","False"
"Assembly-CSharp-firstpass.dll","StoreKitManager","remove_purchaseCancelled","System.Void","False","False","1","2A","","False"
"Assembly-CSharp-firstpass.dll","StoreKitManager","add_receiptValidationFailed","System.Void","False","False","1","2A","","False"
"Assembly-CSharp-firstpass.dll","StoreKitManager","remove_receiptValidationFailed","System.Void","False","False","1","2A","","False"
"Assembly-CSharp-firstpass.dll","StoreKitManager","add_receiptValidationRawResponseReceived","System.Void","False","False","1","2A","","False"
"Assembly-CSharp-firstpass.dll","StoreKitManager","remove_receiptValidationRawResponseReceived","System.Void","False","False","1","2A","","False"
"Assembly-CSharp-firstpass.dll","StoreKitManager","add_receiptValidationSuccessful","System.Void","False","False","1","2A","","False"
"Assembly-CSharp-firstpass.dll","StoreKitManager","remove_receiptValidationSuccessful","System.Void","False","False","1","2A","","False"
"Assembly-CSharp-firstpass.dll","StoreKitManager","add_restoreTransactionsFailed","System.Void","False","False","1","2A","","False"
"Assembly-CSharp-firstpass.dll","StoreKitManager","remove_restoreTransactionsFailed","System.Void","False","False","1","2A","","False"
"Assembly-CSharp-firstpass.dll","StoreKitManager","add_restoreTransactionsFinished","System.Void","False","False","1","2A","","False"
"Assembly-CSharp-firstpass.dll","StoreKitManager","remove_restoreTransactionsFinished","System.Void","False","False","1","2A","","False"
"Assembly-CSharp-firstpass.dll","StoreKitManager","Awake","System.Void","False","False","1","2A","","False"
"Assembly-CSharp-firstpass.dll","StoreKitManager","Start","System.Void","False","False","1","2A","","False"
"Assembly-CSharp-firstpass.dll","StoreKitManager","productPurchased","System.Void","False","False","1","2A","","False"
"Assembly-CSharp-firstpass.dll","StoreKitManager","productPurchaseFailed","System.Void","False","False","1","2A","","False"
"Assembly-CSharp-firstpass.dll","StoreKitManager","productPurchaseCancelled","System.Void","False","False","1","2A","","False"
"Assembly-CSharp-firstpass.dll","StoreKitManager","productsReceived","System.Void","False","False","1","2A","","False"
"Assembly-CSharp-firstpass.dll","StoreKitManager","productsRequestDidFail","System.Void","False","False","1","2A","","False"
"Assembly-CSharp-firstpass.dll","StoreKitManager","validateReceiptFailed","System.Void","False","False","1","2A","","False"
"Assembly-CSharp-firstpass.dll","StoreKitManager","validateReceiptRawResponse","System.Void","False","False","1","2A","","False"
"Assembly-CSharp-firstpass.dll","StoreKitManager","validateReceiptFinished","System.Void","False","False","1","2A","","False"
"Assembly-CSharp-firstpass.dll","StoreKitManager","restoreCompletedTransactionsFailed","System.Void","False","False","1","2A","","False"
"Assembly-CSharp-firstpass.dll","StoreKitManager","restoreCompletedTransactionsFinished","System.Void","False","False","1","2A","","False"
"Assembly-CSharp-firstpass.dll","StoreKitProduct","productsFromJson","System.Collections.Generic.List`1[[StoreKitProduct, Assembly-CSharp-firstpass, Version=0.0.0.0, Culture=neutral, PublicKeyToken=null]]","False","False","1","2A","","True"
"Assembly-CSharp-firstpass.dll","StoreKitProduct","productFromHashtable","StoreKitProduct","False","False","1","2A","","True"
"Assembly-CSharp-firstpass.dll","StoreKitProduct","ToString","System.String","False","False","1","2A","","True"
"Assembly-CSharp-firstpass.dll","StoreKitTransaction","transactionsFromJson","System.Collections.Generic.List`1[[StoreKitTransaction, Assembly-CSharp-firstpass, Version=0.0.0.0, Culture=neutral, PublicKeyToken=null]]","False","False","1","2A","","True"
"Assembly-CSharp-firstpass.dll","StoreKitTransaction","transactionFromJson","StoreKitTransaction","False","False","1","2A","","True"
"Assembly-CSharp-firstpass.dll","StoreKitTransaction","transactionFromHashtable","StoreKitTransaction","False","False","1","2A","","True"
"Assembly-CSharp-firstpass.dll","StoreKitTransaction","ToString","System.String","False","False","1","2A","","True"
"Assembly-CSharp-firstpass.dll","StoreKitGUIManager","Start","System.Void","False","False","1","2A","","False"
"Assembly-CSharp-firstpass.dll","StoreKitGUIManager","OnGUI","System.Void","False","False","1","2A","","False"
"Assembly-CSharp-firstpass.dll","StoreKitGUIManager","<Start>m__5","System.Void","False","False","1","2A","","False"
"Assembly-CSharp-firstpass.dll","UghButton","OnUghInputDown","System.Collections.IEnumerator","False","False","1","2A","","True"
"Assembly-CSharp-firstpass.dll","UghButton","OnUghInputUp","System.Void","False","False","1","2A","","False"
"Assembly-CSharp-firstpass.dll","UghButton","OnUghInputUpAsButton","System.Void","False","False","1","2A","","False"
"Assembly-CSharp-firstpass.dll","UghButton","OnMouseEnter","System.Void","False","False","1","2A","","False"
"Assembly-CSharp-firstpass.dll","UghButton","OnMouseExit","System.Void","False","False","1","2A","","False"
"Assembly-CSharp-firstpass.dll","UghButtonDisablable","Start","System.Void","False","False","1","2A","","False"
"Assembly-CSharp-firstpass.dll","UghButtonDisablable","OnUghInputDown","System.Collections.IEnumerator","False","False","1","2A","","True"
"Assembly-CSharp-firstpass.dll","UghButtonDisablable","OnUghInputUpAsButton","System.Void","False","False","1","2A","","False"
"Assembly-CSharp-firstpass.dll","UghButtonDisablable","SetLock","System.Void","False","False","1","2A","","False"
"Assembly-CSharp-firstpass.dll","UghButtonDisablable","ToggleLock","System.Void","False","False","1","2A","","False"
"Assembly-CSharp-firstpass.dll","UghControl","get_HotFingerID","System.Int32","False","False","1","2A","","True"
"Assembly-CSharp-firstpass.dll","UghControl","set_HotFingerID","System.Void","False","False","1","2A","","False"
"Assembly-CSharp-firstpass.dll","UghControl","get_isLegalControl","System.Boolean","False","False","1","2A","","True"
"Assembly-CSharp-firstpass.dll","UghControl","OnUghInputDown","System.Collections.IEnumerator","False","False","1","2A","","True"
"Assembly-CSharp-firstpass.dll","UghControl","OnUghInputUp","System.Void","False","False","1","2A","","False"
"Assembly-CSharp-firstpass.dll","UghControl","OnUghInputDrag","System.Void","False","False","1","2A","","False"
"Assembly-CSharp-firstpass.dll","UghControl","OnUghInputUpAsButton","System.Void","False","False","1","2A","","False"
"Assembly-CSharp-firstpass.dll","UghControl","OnUghInputUpLate","System.Void","False","False","1","2A","","False"
"Assembly-CSharp-firstpass.dll","UghControl","AutoSizeCollider","System.Void","False","False","1","2A","","False"
"Assembly-CSharp-firstpass.dll","UghControl","OnDrawGizmos","System.Void","False","False","1","2A","","False"
"Assembly-CSharp-firstpass.dll","UghControl","Reset","System.Void","False","False","1","2A","","False"
"Assembly-CSharp-firstpass.dll","UghScrollView","add_ScrollSnapped","System.Void","False","False","1","2A","","False"
"Assembly-CSharp-firstpass.dll","UghScrollView","remove_ScrollSnapped","System.Void","False","False","1","2A","","False"
"Assembly-CSharp-firstpass.dll","UghScrollView","add_ScrollSoftSnapped","System.Void","False","False","1","2A","","False"
"Assembly-CSharp-firstpass.dll","UghScrollView","remove_ScrollSoftSnapped","System.Void","False","False","1","2A","","False"
"Assembly-CSharp-firstpass.dll","UghScrollView","get_HorizontalContents","UnityEngine.Transform","False","False","1","2A","","True"
"Assembly-CSharp-firstpass.dll","UghScrollView","set_HorizontalContents","System.Void","False","False","1","2A","","False"
"Assembly-CSharp-firstpass.dll","UghScrollView","get_VerticalContents","UnityEngine.Transform","False","False","1","2A","","True"
"Assembly-CSharp-firstpass.dll","UghScrollView","set_VerticalContents","System.Void","False","False","1","2A","","False"
"Assembly-CSharp-firstpass.dll","UghScrollView","get_SnapSpacing","UnityEngine.Vector3","False","False","1","2A","","True"
"Assembly-CSharp-firstpass.dll","UghScrollView","set_SnapSpacing","System.Void","False","False","1","2A","","False"
"Assembly-CSharp-firstpass.dll","UghScrollView","get_ScrollPosition","UnityEngine.Vector3","False","False","1","2A","","True"
"Assembly-CSharp-firstpass.dll","UghScrollView","set_ScrollPosition","System.Void","False","False","1","2A","","False"
"Assembly-CSharp-firstpass.dll","UghScrollView","get_ViewSize","UnityEngine.Vector3","False","False","1","2A","","True"
"Assembly-CSharp-firstpass.dll","UghScrollView","set_ViewSize","System.Void","False","False","1","2A","","False"
"Assembly-CSharp-firstpass.dll","UghScrollView","SnapScrollToIndex","System.Void","False","False","1","2A","","False"
"Assembly-CSharp-firstpass.dll","UghScrollView","SnapScrollByShift","System.Void","False","False","1","2A","","False"
"Assembly-CSharp-firstpass.dll","UghScrollView","ScrollToPosition","System.Void","False","False","1","2A","","False"
"Assembly-CSharp-firstpass.dll","UghScrollView","Awake","System.Void","False","False","1","2A","","False"
"Assembly-CSharp-firstpass.dll","UghScrollView","OnUghInputDown","System.Collections.IEnumerator","False","False","1","2A","","True"
"Assembly-CSharp-firstpass.dll","UghScrollView","UpdateRealDeltaTime","System.Void","False","False","1","2A","","False"
"Assembly-CSharp-firstpass.dll","UghScrollView","HandleExplicitScrolling","System.Collections.IEnumerator","False","False","1","2A","","True"
"Assembly-CSharp-firstpass.dll","UghScrollView","HandleVelocityScrolling","System.Collections.IEnumerator","False","False","1","2A","","True"
"Assembly-CSharp-firstpass.dll","UghScrollView","HandleSnapScrolling","System.Collections.IEnumerator","False","False","1","2A","","True"
"Assembly-CSharp-firstpass.dll","UghScrollView","ForceSnapScrolling","System.Collections.IEnumerator","False","False","1","2A","","True"
"Assembly-CSharp-firstpass.dll","UghScrollView","SnapScroll","System.Collections.IEnumerator","False","False","1","2A","","True"
"Assembly-CSharp-firstpass.dll","UghScrollView","OnScrollPositionChanged","System.Void","False","False","1","2A","","False"
"Assembly-CSharp-firstpass.dll","UghSlideToggle","get_State","System.Boolean","False","False","1","2A","","True"
"Assembly-CSharp-firstpass.dll","UghSlideToggle","set_State","System.Void","False","False","1","2A","","False"
"Assembly-CSharp-firstpass.dll","UghSlideToggle","AutoSizeCollider","System.Void","False","False","1","2A","","False"
"Assembly-CSharp-firstpass.dll","UghSlideToggle","UpdateRealDeltaTime","System.Void","False","False","1","2A","","False"
"Assembly-CSharp-firstpass.dll","UghSlideToggle","Awake","System.Void","False","False","1","2A","","False"
"Assembly-CSharp-firstpass.dll","UghSlideToggle","LocalPositionForInput","UnityEngine.Vector3","False","False","1","2A","","True"
"Assembly-CSharp-firstpass.dll","UghSlideToggle","SendOnChanged","System.Void","False","False","1","2A","","False"
"Assembly-CSharp-firstpass.dll","UghSlideToggle","OnUghInputDown","System.Collections.IEnumerator","False","False","1","2A","","True"
"Assembly-CSharp-firstpass.dll","UghSlideToggle","OnUghInputUp","System.Void","False","False","1","2A","","False"
"Assembly-CSharp-firstpass.dll","UghSlideToggle","OnUghInputUpAsButton","System.Void","False","False","1","2A","","False"
"Assembly-CSharp-firstpass.dll","UghSlideToggle","UpdateMeshWithSpritePrototype","System.Void","False","False","1","2A","","False"
"Assembly-CSharp-firstpass.dll","UghSlideToggle","Update","System.Void","False","False","1","2A","","False"
"Assembly-CSharp-firstpass.dll","UghSlider","get_Current","System.Single","False","False","1","2A","","True"
"Assembly-CSharp-firstpass.dll","UghSlider","set_Current","System.Void","False","False","1","2A","","False"
"Assembly-CSharp-firstpass.dll","UghSlider","get_CurrentNormalized","System.Single","False","False","1","2A","","True"
"Assembly-CSharp-firstpass.dll","UghSlider","set_CurrentNormalized","System.Void","False","False","1","2A","","False"
"Assembly-CSharp-firstpass.dll","UghSlider","Awake","System.Void","False","False","1","2A","","False"
"Assembly-CSharp-firstpass.dll","UghSlider","LocalPositionForInput","UnityEngine.Vector3","False","False","1","2A","","True"
"Assembly-CSharp-firstpass.dll","UghSlider","OnUghInputDown","System.Collections.IEnumerator","False","False","1","2A","","True"
"Assembly-CSharp-firstpass.dll","UghSlider","OnUghInputUp","System.Void","False","False","1","2A","","False"
"Assembly-CSharp-firstpass.dll","UghSlider","OnUghInputUpAsButton","System.Void","False","False","1","2A","","False"
"Assembly-CSharp-firstpass.dll","UghSlider","UpdatePosition","System.Void","False","False","1","2A","","False"
"Assembly-CSharp-firstpass.dll","UghToggle","get_State","System.Boolean","False","False","1","2A","","True"
"Assembly-CSharp-firstpass.dll","UghToggle","set_State","System.Void","False","False","1","2A","","False"
"Assembly-CSharp-firstpass.dll","UghToggle","get_HighlightState","System.Boolean","False","False","1","2A","","True"
"Assembly-CSharp-firstpass.dll","UghToggle","set_HighlightState","System.Void","False","False","1","2A","","False"
"Assembly-CSharp-firstpass.dll","UghToggle","OnUghInputDown","System.Collections.IEnumerator","False","False","1","2A","","True"
"Assembly-CSharp-firstpass.dll","UghToggle","OnUghInputUp","System.Void","False","False","1","2A","","False"
"Assembly-CSharp-firstpass.dll","UghToggle","OnUghInputUpAsButton","System.Void","False","False","1","2A","","False"
"Assembly-CSharp-firstpass.dll","UghToggle","GetUghSpritePrototypeForCurrentState","UghSpritePrototype","False","False","1","2A","","True"
"Assembly-CSharp-firstpass.dll","UghToggle","UpdateMeshForCurrentState","System.Void","False","False","1","2A","","False"
"Assembly-CSharp-firstpass.dll","UghToggle","SendOnChanged","System.Void","False","False","1","2A","","False"
"Assembly-CSharp-firstpass.dll","UghToggle","OnMouseExit","System.Void","False","False","1","2A","","False"
"Assembly-CSharp-firstpass.dll","LEDScroller","add_HandleNewTextCheck","System.Void","False","False","1","2A","","False"
"Assembly-CSharp-firstpass.dll","LEDScroller","remove_HandleNewTextCheck","System.Void","False","False","1","2A","","False"
"Assembly-CSharp-firstpass.dll","LEDScroller","get_CurrentString","System.Int32","False","False","1","2A","","True"
"Assembly-CSharp-firstpass.dll","LEDScroller","set_CurrentString","System.Void","False","False","1","2A","","False"
"Assembly-CSharp-firstpass.dll","LEDScroller","get_EndofSentence","System.Boolean","False","False","1","2A","","True"
"Assembly-CSharp-firstpass.dll","LEDScroller","set_EndofSentence","System.Void","False","False","1","2A","","False"
"Assembly-CSharp-firstpass.dll","LEDScroller","OnNewTextCheck","System.Void","False","False","1","2A","","False"
"Assembly-CSharp-firstpass.dll","LEDScroller","OnEnable","System.Void","False","False","1","2A","","False"
"Assembly-CSharp-firstpass.dll","LEDScroller","OnDisable","System.Void","False","False","1","2A","","False"
"Assembly-CSharp-firstpass.dll","LEDScroller","CheckForNewText","System.Void","False","False","1","2A","","False"
"Assembly-CSharp-firstpass.dll","LEDScroller","Start","System.Void","False","False","1","2A","","False"
"Assembly-CSharp-firstpass.dll","LEDScroller","SetUpNewStringForDisplayHelper","System.Void","False","False","1","2A","","False"
"Assembly-CSharp-firstpass.dll","LEDScroller","OnResetScroller","System.Void","False","False","1","2A","","False"
"Assembly-CSharp-firstpass.dll","LEDScroller","OnScroll","System.Void","False","False","1","2A","","False"
"Assembly-CSharp-firstpass.dll","LEDScroller","OnFlash","System.Void","False","False","1","2A","","False"
"Assembly-CSharp-firstpass.dll","LEDScroller","OnScrollHelper","System.Collections.IEnumerator","False","False","1","2A","","True"
"Assembly-CSharp-firstpass.dll","LEDScroller","OnFlashHelper","System.Collections.IEnumerator","False","False","1","2A","","True"
"Assembly-CSharp-firstpass.dll","LEDScroller","OnStaticText","System.Void","False","False","1","2A","","False"
"Assembly-CSharp-firstpass.dll","LEDScroller","Update","System.Void","False","False","1","2A","","False"
"Assembly-CSharp-firstpass.dll","LEDScroller","AddText","System.Void","False","False","1","2A","","False"
"Assembly-CSharp-firstpass.dll","LEDScroller","RemoveText","System.Void","False","False","1","2A","","False"
"Assembly-CSharp-firstpass.dll","LEDScroller","ReplaceText","System.Void","False","False","1","2A","","False"
"Assembly-CSharp-firstpass.dll","LEDScroller","ClearText","System.Void","False","False","1","2A","","False"
"Assembly-CSharp-firstpass.dll","LEDScroller","TextStringCount","System.Int32","False","False","1","2A","","True"
"Assembly-CSharp-firstpass.dll","LEDScroller+TextString","get_Text","System.String","False","False","1","2A","","True"
"Assembly-CSharp-firstpass.dll","LEDScroller+TextString","set_Text","System.Void","False","False","1","2A","","False"
"Assembly-CSharp-firstpass.dll","LEDScroller+TextString","get_Scroll","System.Boolean","False","False","1","2A","","True"
"Assembly-CSharp-firstpass.dll","LEDScroller+TextString","set_Scroll","System.Void","False","False","1","2A","","False"
"Assembly-CSharp-firstpass.dll","LEDScroller+TextString","get_Flash","System.Boolean","False","False","1","2A","","True"
"Assembly-CSharp-firstpass.dll","LEDScroller+TextString","set_Flash","System.Void","False","False","1","2A","","False"
"Assembly-CSharp-firstpass.dll","ScreenFade","get_Instance","ScreenFade","False","False","1","2A","","True"
"Assembly-CSharp-firstpass.dll","ScreenFade","get_IsFading","System.Boolean","False","False","1","2A","","True"
"Assembly-CSharp-firstpass.dll","ScreenFade","get_IsFaded","System.Boolean","False","False","1","2A","","True"
"Assembly-CSharp-firstpass.dll","ScreenFade","set_IsFaded","System.Void","False","False","1","2A","","False"
"Assembly-CSharp-firstpass.dll","ScreenFade","get_FadedAmount","System.Single","False","False","1","2A","","True"
"Assembly-CSharp-firstpass.dll","ScreenFade","set_FadedAmount","System.Void","False","False","1","2A","","False"
"Assembly-CSharp-firstpass.dll","ScreenFade","Fade","UnityEngine.Coroutine","False","False","1","2A","","True"
"Assembly-CSharp-firstpass.dll","ScreenFade","Fade","UnityEngine.Coroutine","False","False","1","2A","","True"
"Assembly-CSharp-firstpass.dll","ScreenFade","LoadLevelWithFade","System.Void","False","False","1","2A","","False"
"Assembly-CSharp-firstpass.dll","ScreenFade","Start","System.Void","False","False","1","2A","","False"
"Assembly-CSharp-firstpass.dll","ScreenFade","FadeHelper","System.Collections.IEnumerator","False","False","1","2A","","True"
"Assembly-CSharp-firstpass.dll","ScreenFade","LoadSceneHelper","System.Collections.IEnumerator","False","False","1","2A","","True"
"Assembly-CSharp-firstpass.dll","UghAlign","get_IsDirty","System.Boolean","False","False","1","2A","","True"
"Assembly-CSharp-firstpass.dll","UghAlign","set_IsDirty","System.Void","False","False","1","2A","","False"
"Assembly-CSharp-firstpass.dll","UghAlign","Align","System.Void","False","False","1","2A","","False"
"Assembly-CSharp-firstpass.dll","UghAlign","AlignToSprite","System.Void","False","False","1","2A","","False"
"Assembly-CSharp-firstpass.dll","UghAlign","AlignToScreen","System.Void","False","False","1","2A","","False"
"Assembly-CSharp-firstpass.dll","UghAlign","OnDisable","System.Void","False","False","1","2A","","False"
"Assembly-CSharp-firstpass.dll","UghAlign","OnDrawGizmos","System.Void","False","False","1","2A","","False"
"Assembly-CSharp-firstpass.dll","UghAlign","OnEnable","System.Void","False","False","1","2A","","False"
"Assembly-CSharp-firstpass.dll","UghAlign","OnMPDirtyAlign","System.Void","False","False","1","2A","","False"
"Assembly-CSharp-firstpass.dll","UghAlign","Start","System.Void","False","False","1","2A","","False"
"Assembly-CSharp-firstpass.dll","UghAlign","Update","System.Void","False","False","1","2A","","False"
"Assembly-CSharp-firstpass.dll","UghCamera","get_Instance","UghCamera","False","False","1","2A","","True"
"Assembly-CSharp-firstpass.dll","UghCamera","get_CameraPixelSize","UnityEngine.Vector3","False","False","1","2A","","True"
"Assembly-CSharp-firstpass.dll","UghCamera","get_ScreenSize","UnityEngine.Vector3","False","False","1","2A","","True"
"Assembly-CSharp-firstpass.dll","UghCamera","get_ScreenExtents","UnityEngine.Vector3","False","False","1","2A","","True"
"Assembly-CSharp-firstpass.dll","UghCamera","get_Aspect","System.Single","False","False","1","2A","","True"
"Assembly-CSharp-firstpass.dll","UghCamera","ScreenAnchorToPosition","UnityEngine.Vector3","False","False","1","2A","","True"
"Assembly-CSharp-firstpass.dll","UghCamera","OnLevelWasLoaded","System.Void","False","False","1","2A","","False"
"Assembly-CSharp-firstpass.dll","UghCamera","Reset","System.Void","False","False","1","2A","","False"
"Assembly-CSharp-firstpass.dll","UghCamera","Start","System.Void","False","False","1","2A","","False"
"Assembly-CSharp-firstpass.dll","UghCamera","Update","System.Void","False","False","1","2A","","False"
"Assembly-CSharp-firstpass.dll","UghCamera","ResetCamera","System.Void","False","False","1","2A","","False"
"Assembly-CSharp-firstpass.dll","UghCamera","ResetCameraPosition","System.Void","False","False","1","2A","","False"
"Assembly-CSharp-firstpass.dll","UghInput","get_Instance","UghInput","False","False","1","2A","","True"
"Assembly-CSharp-firstpass.dll","UghInput","get_UseTouchInput","System.Boolean","False","False","1","2A","","True"
"Assembly-CSharp-firstpass.dll","UghInput","get_InputPosition","UnityEngine.Vector3","False","False","1","2A","","True"
"Assembly-CSharp-firstpass.dll","UghInput","get_InputPositionInWorldSpace","UnityEngine.Vector3","False","False","1","2A","","True"
"Assembly-CSharp-firstpass.dll","UghInput","get_IsInputDown","System.Boolean","False","False","1","2A","","True"
"Assembly-CSharp-firstpass.dll","UghInput","InputToWorldPoint","UnityEngine.Vector3","False","False","1","2A","","True"
"Assembly-CSharp-firstpass.dll","UghInput","Touch","System.Void","False","False","1","2A","","False"
"Assembly-CSharp-firstpass.dll","UghInput","TouchBeginEvent","System.Void","False","False","1","2A","","False"
"Assembly-CSharp-firstpass.dll","UghInput","TouchPersistEvent","System.Void","False","False","1","2A","","False"
"Assembly-CSharp-firstpass.dll","UghInput","TouchCanceledEvent","System.Void","False","False","1","2A","","False"
"Assembly-CSharp-firstpass.dll","UghInput","TouchEndedEvent","System.Void","False","False","1","2A","","False"
"Assembly-CSharp-firstpass.dll","UghInput","Awake","System.Void","False","False","1","2A","","False"
"Assembly-CSharp-firstpass.dll","UghInput","LateUpdate","System.Void","False","False","1","2A","","False"
"Assembly-CSharp-firstpass.dll","UghInput","<TouchBeginEvent>m__6","System.Int32","False","False","1","2A","","True"
"Assembly-CSharp-firstpass.dll","UghInput","<TouchEndedEvent>m__7","System.Int32","False","False","1","2A","","True"
"Assembly-CSharp-firstpass.dll","UghPublisher","get_transforms","UghPublisher+TransformsDictionary","False","False","1","2A","","True"
"Assembly-CSharp-firstpass.dll","UghPublisher","get_ughTexts","UghPublisher+UghTextsDictionary","False","False","1","2A","","True"
"Assembly-CSharp-firstpass.dll","UghPublisher","get_ledScrollers","UghPublisher+LEDScrollersDictionary","False","False","1","2A","","True"
"Assembly-CSharp-firstpass.dll","UghPublisher","get_ughButtons","UghPublisher+UghButtonsDictionary","False","False","1","2A","","True"
"Assembly-CSharp-firstpass.dll","UghPublisher","GetButton","UghButton","False","False","1","2A","","True"
"Assembly-CSharp-firstpass.dll","UghPublisher","get_ughSlideToggles","UghPublisher+UghSlideToggleDictionary","False","False","1","2A","","True"
"Assembly-CSharp-firstpass.dll","UghPublisher","get_ughSliders","UghPublisher+UghSliderDictionary","False","False","1","2A","","True"
"Assembly-CSharp-firstpass.dll","UghPublisher","Awake","System.Void","False","False","1","2A","","False"
"Assembly-CSharp-firstpass.dll","UghPublisher","OnButtonPressed","System.Void","False","False","1","2A","","False"
"Assembly-CSharp-firstpass.dll","UghPublisher","GetSprite","UghSprite","False","False","1","2A","","True"
"Assembly-CSharp-firstpass.dll","UghPublisher+TransformsDictionary","get_Item","UnityEngine.Transform","False","False","1","2A","","True"
"Assembly-CSharp-firstpass.dll","UghPublisher+UghTextsDictionary","get_Item","UghText","False","False","1","2A","","True"
"Assembly-CSharp-firstpass.dll","UghPublisher+LEDScrollersDictionary","get_Item","LEDScroller","False","False","1","2A","","True"
"Assembly-CSharp-firstpass.dll","UghPublisher+UghButtonsDictionary","get_Item","UghButton","False","False","1","2A","","True"
"Assembly-CSharp-firstpass.dll","UghPublisher+UghSlideToggleDictionary","get_Item","UghSlideToggle","False","False","1","2A","","True"
"Assembly-CSharp-firstpass.dll","UghPublisher+UghSliderDictionary","get_Item","UghSlider","False","False","1","2A","","True"
"Assembly-CSharp-firstpass.dll","UghSprite","get_Offset","UnityEngine.Vector3","False","False","1","2A","","True"
"Assembly-CSharp-firstpass.dll","UghSprite","get_Prototype","UghSpritePrototype","False","False","1","2A","","True"
"Assembly-CSharp-firstpass.dll","UghSprite","set_Prototype","System.Void","False","False","1","2A","","False"
"Assembly-CSharp-firstpass.dll","UghSprite","GetLocalCenter","UnityEngine.Vector3","False","False","1","2A","","True"
"Assembly-CSharp-firstpass.dll","UghSprite","GetLocalOrigin","UnityEngine.Vector3","False","False","1","2A","","True"
"Assembly-CSharp-firstpass.dll","UghSprite","OnEnable","System.Void","False","False","1","2A","","False"
"Assembly-CSharp-firstpass.dll","UghSprite","OnDisable","System.Void","False","False","1","2A","","False"
"Assembly-CSharp-firstpass.dll","UghSprite","OnDrawGizmos","System.Void","False","False","1","2A","","False"
"Assembly-CSharp-firstpass.dll","UghSprite","UpdateMesh","System.Void","False","False","1","2A","","False"
"Assembly-CSharp-firstpass.dll","UghSprite","UpdateMeshWithSpritePrototype","System.Void","False","False","1","2A","","False"
"Assembly-CSharp-firstpass.dll","UghSprite","AnchorToTextAnchor","UnityEngine.TextAnchor","False","False","1","2A","","True"
"Assembly-CSharp-firstpass.dll","UghSprite","TextAnchorToAnchor","UghSprite+Anchor","False","False","1","2A","","True"
"Assembly-CSharp-firstpass.dll","UghSprite","GetOffsetForAnchor","UnityEngine.Vector3","False","False","1","2A","","True"
"Assembly-CSharp-firstpass.dll","UghSprite","GetUVArray","UnityEngine.Vector2[]","False","False","1","2A","","True"
"Assembly-CSharp-firstpass.dll","UghSprite","MeshRowCount","System.Int32","False","False","1","2A","","True"
"Assembly-CSharp-firstpass.dll","UghSprite","MeshColumnCount","System.Int32","False","False","1","2A","","True"
"Assembly-CSharp-firstpass.dll","UghSprite","MeshVertexCount","System.Int32","False","False","1","2A","","True"
"Assembly-CSharp-firstpass.dll","UghSprite","GetParentPublisher","UghPublisher","False","False","1","2A","","True"
"Assembly-CSharp-firstpass.dll","EdgePixels","get_xSum","System.Single","False","False","1","2A","","True"
"Assembly-CSharp-firstpass.dll","EdgePixels","get_ySum","System.Single","False","False","1","2A","","True"
"Assembly-CSharp-firstpass.dll","EdgePixels","DeepCopy","EdgePixels","False","False","1","2A","","True"
"Assembly-CSharp-firstpass.dll","UghSpritePrototype","CreateSprite","UnityEngine.GameObject","False","False","1","2A","","True"
"Assembly-CSharp-firstpass.dll","UghSpritePrototype","OnEnable","System.Void","False","False","1","2A","","False"
"Assembly-CSharp-firstpass.dll","UghSpritePrototype","UpdatePrototype","System.Void","False","False","1","2A","","False"
"Assembly-CSharp-firstpass.dll","UghStretch","add_HandleMPDirtyAlign","System.Void","False","False","1","2A","","False"
"Assembly-CSharp-firstpass.dll","UghStretch","remove_HandleMPDirtyAlign","System.Void","False","False","1","2A","","False"
"Assembly-CSharp-firstpass.dll","UghStretch","get_IsDirty","System.Boolean","False","False","1","2A","","True"
"Assembly-CSharp-firstpass.dll","UghStretch","set_IsDirty","System.Void","False","False","1","2A","","False"
"Assembly-CSharp-firstpass.dll","UghStretch","DoSignalDirtyAlign","System.Void","False","False","1","2A","","False"
"Assembly-CSharp-firstpass.dll","UghStretch","OnDrawGizmos","System.Void","False","False","1","2A","","False"
"Assembly-CSharp-firstpass.dll","UghStretch","Start","System.Void","False","False","1","2A","","False"
"Assembly-CSharp-firstpass.dll","UghStretch","Align","System.Void","False","False","1","2A","","False"
"Assembly-CSharp-firstpass.dll","UghStretch","Update","System.Void","False","False","1","2A","","False"
"Assembly-CSharp-firstpass.dll","UghText","get_Text","System.String","False","False","1","2A","","True"
"Assembly-CSharp-firstpass.dll","UghText","set_Text","System.Void","False","False","1","2A","","False"
"Assembly-CSharp-firstpass.dll","UghText","Start","System.Void","False","False","1","2A","","False"
"Assembly-CSharp-firstpass.dll","UghText","AutoInheritText","System.Void","False","False","1","2A","","False"
"Assembly-CSharp-firstpass.dll","UghText","OnDrawGizmos","System.Void","False","False","1","2A","","False"
"Assembly-CSharp-firstpass.dll","UghText","ForceUpdate","System.Void","False","False","1","2A","","False"
"Assembly-CSharp-firstpass.dll","UghText","UpdateDropShadow","System.Void","False","False","1","2A","","False"
"Assembly-CSharp-firstpass.dll","UghText","SetTextMeshAndWordWrap","System.Void","False","False","1","2A","","False"
"Assembly-CSharp-firstpass.dll","UghText","GetParentPublisher","UghPublisher","False","False","1","2A","","True"
"Assembly-CSharp-firstpass.dll","UghTriangle","AddToMeshList","System.Void","False","False","1","2A","","False"
"Assembly-CSharp-firstpass.dll","UghTriangle","MakeQuad","UghTriangle[]","False","False","1","2A","","True"
"Assembly-CSharp-firstpass.dll","P31CloudFile","exists","System.Boolean","False","False","1","2A","","True"
"Assembly-CSharp-firstpass.dll","P31CloudFile","delete","System.Boolean","False","False","1","2A","","True"
"Assembly-CSharp-firstpass.dll","P31CloudFile","writeAllBytes","System.Boolean","False","False","1","2A","","True"
"Assembly-CSharp-firstpass.dll","P31CloudFile","writeAllText","System.Boolean","False","False","1","2A","","True"
"Assembly-CSharp-firstpass.dll","P31CloudFile","readAllLines","System.String[]","False","False","1","2A","","True"
"Assembly-CSharp-firstpass.dll","P31CloudFile","readAllBytes","System.Byte[]","False","False","1","2A","","True"
"Assembly-CSharp-firstpass.dll","P31CloudFile","listAllFiles","System.String[]","False","False","1","2A","","True"
"Assembly-CSharp-firstpass.dll","P31CloudFile+LocalFileManager","exists","System.Boolean","False","False","1","2A","","True"
"Assembly-CSharp-firstpass.dll","P31CloudFile+LocalFileManager","delete","System.Boolean","False","False","1","2A","","True"
"Assembly-CSharp-firstpass.dll","P31CloudFile+LocalFileManager","writeAllBytes","System.Boolean","False","False","1","2A","","True"
"Assembly-CSharp-firstpass.dll","P31CloudFile+LocalFileManager","writeAllText","System.Boolean","False","False","1","2A","","True"
"Assembly-CSharp-firstpass.dll","P31CloudFile+LocalFileManager","readAllBytes","System.Byte[]","False","False","1","2A","","True"
"Assembly-CSharp-firstpass.dll","P31CloudFile+LocalFileManager","readAllLines","System.String[]","False","False","1","2A","","True"
"Assembly-CSharp-firstpass.dll","P31CloudFile+LocalFileManager","listAllFiles","System.String[]","False","False","1","2A","","True"
"Assembly-CSharp-firstpass.dll","P31CloudFile+CloudFileManager","writeAllBytes","System.Boolean","False","False","1","2A","","True"
"Assembly-CSharp-firstpass.dll","P31CloudFile+CloudFileManager","writeAllText","System.Boolean","False","False","1","2A","","True"
"Assembly-CSharp-firstpass.dll","P31Prefs","get_iCloudAvailable","System.Boolean","False","False","1","2A","","True"
"Assembly-CSharp-firstpass.dll","P31Prefs","get_iCloudDocumentStoreAvailable","System.Boolean","False","False","1","2A","","True"
"Assembly-CSharp-firstpass.dll","P31Prefs","synchronize","System.Boolean","False","False","1","2A","","True"
"Assembly-CSharp-firstpass.dll","P31Prefs","HasKey","System.Boolean","False","False","1","2A","","True"
"Assembly-CSharp-firstpass.dll","P31Prefs","removeObjectForKey","System.Void","False","False","1","2A","","False"
"Assembly-CSharp-firstpass.dll","P31Prefs","setInt","System.Void","False","False","1","2A","","False"
"Assembly-CSharp-firstpass.dll","P31Prefs","getInt","System.Int32","False","False","1","2A","","True"
"Assembly-CSharp-firstpass.dll","P31Prefs","setFloat","System.Void","False","False","1","2A","","False"
"Assembly-CSharp-firstpass.dll","P31Prefs","getFloat","System.Single","False","False","1","2A","","True"
"Assembly-CSharp-firstpass.dll","P31Prefs","setString","System.Void","False","False","1","2A","","False"
"Assembly-CSharp-firstpass.dll","P31Prefs","getString","System.String","False","False","1","2A","","True"
"Assembly-CSharp-firstpass.dll","P31Prefs","setBool","System.Void","False","False","1","2A","","False"
"Assembly-CSharp-firstpass.dll","P31Prefs","getBool","System.Boolean","False","False","1","2A","","True"
"Assembly-CSharp-firstpass.dll","P31Prefs","setDictionary","System.Void","False","False","1","2A","","False"
"Assembly-CSharp-firstpass.dll","P31Prefs","getDictionary","System.Collections.Hashtable","False","False","1","2A","","True"
"Assembly-CSharp-firstpass.dll","P31Prefs","<P31Prefs>m__9","System.Void","False","False","1","2A","","False"
"Assembly-CSharp-firstpass.dll","iCloudBinding","_iCloudIsiCloudAvailable","System.Boolean","False","True","0","","","False"
"Assembly-CSharp-firstpass.dll","iCloudBinding","isiCloudAvailable","System.Boolean","False","False","1","2A","","True"
"Assembly-CSharp-firstpass.dll","iCloudBinding","_iCloudSynchronize","System.Boolean","False","True","0","","","False"
"Assembly-CSharp-firstpass.dll","iCloudBinding","synchronize","System.Boolean","False","False","1","2A","","True"
"Assembly-CSharp-firstpass.dll","iCloudBinding","_iCloudRemoveObjectForKey","System.Void","False","True","0","","","False"
"Assembly-CSharp-firstpass.dll","iCloudBinding","removeObjectForKey","System.Void","False","False","1","2A","","False"
"Assembly-CSharp-firstpass.dll","iCloudBinding","_iCloudHasKey","System.Boolean","False","True","0","","","False"
"Assembly-CSharp-firstpass.dll","iCloudBinding","hasKey","System.Boolean","False","False","1","2A","","True"
"Assembly-CSharp-firstpass.dll","iCloudBinding","_iCloudStringForKey","System.String","False","True","0","","","False"
"Assembly-CSharp-firstpass.dll","iCloudBinding","stringForKey","System.String","False","False","1","2A","","True"
"Assembly-CSharp-firstpass.dll","iCloudBinding","_iCloudSetString","System.Void","False","True","0","","","False"
"Assembly-CSharp-firstpass.dll","iCloudBinding","setString","System.Void","False","False","1","2A","","False"
"Assembly-CSharp-firstpass.dll","iCloudBinding","_iCloudDictionaryForKey","System.String","False","True","0","","","False"
"Assembly-CSharp-firstpass.dll","iCloudBinding","dictionaryForKey","System.Collections.Hashtable","False","False","1","2A","","True"
"Assembly-CSharp-firstpass.dll","iCloudBinding","_iCloudSetDictionary","System.Void","False","True","0","","","False"
"Assembly-CSharp-firstpass.dll","iCloudBinding","setDictionary","System.Void","False","False","1","2A","","False"
"Assembly-CSharp-firstpass.dll","iCloudBinding","_iCloudDoubleForKey","System.Single","False","True","0","","","False"
"Assembly-CSharp-firstpass.dll","iCloudBinding","doubleForKey","System.Single","False","False","1","2A","","True"
"Assembly-CSharp-firstpass.dll","iCloudBinding","_iCloudSetDouble","System.Void","False","True","0","","","False"
"Assembly-CSharp-firstpass.dll","iCloudBinding","setDouble","System.Void","False","False","1","2A","","False"
"Assembly-CSharp-firstpass.dll","iCloudBinding","_iCloudIntForKey","System.Int32","False","True","0","","","False"
"Assembly-CSharp-firstpass.dll","iCloudBinding","intForKey","System.Int32","False","False","1","2A","","True"
"Assembly-CSharp-firstpass.dll","iCloudBinding","_iCloudSetInt","System.Void","False","True","0","","","False"
"Assembly-CSharp-firstpass.dll","iCloudBinding","setInt","System.Void","False","False","1","2A","","False"
"Assembly-CSharp-firstpass.dll","iCloudBinding","_iCloudBoolForKey","System.Boolean","False","True","0","","","False"
"Assembly-CSharp-firstpass.dll","iCloudBinding","boolForKey","System.Boolean","False","False","1","2A","","True"
"Assembly-CSharp-firstpass.dll","iCloudBinding","_iCloudSetBool","System.Void","False","True","0","","","False"
"Assembly-CSharp-firstpass.dll","iCloudBinding","setBool","System.Void","False","False","1","2A","","False"
"Assembly-CSharp-firstpass.dll","iCloudBinding","_iCloudDocumentStoreAvailable","System.Boolean","False","True","0","","","False"
"Assembly-CSharp-firstpass.dll","iCloudBinding","documentStoreAvailable","System.Boolean","False","False","1","2A","","True"
"Assembly-CSharp-firstpass.dll","iCloudBinding","_iCloudDocumentsDirectory","System.String","False","True","0","","","False"
"Assembly-CSharp-firstpass.dll","iCloudBinding","documentsDirectory","System.String","False","False","1","2A","","True"
"Assembly-CSharp-firstpass.dll","iCloudBinding","_iCloudIsFileInCloud","System.Boolean","False","True","0","","","False"
"Assembly-CSharp-firstpass.dll","iCloudBinding","isFileInCloud","System.Boolean","False","False","1","2A","","True"
"Assembly-CSharp-firstpass.dll","iCloudBinding","_iCloudIsFileDownloaded","System.Boolean","False","True","0","","","False"
"Assembly-CSharp-firstpass.dll","iCloudBinding","isFileDownloaded","System.Boolean","False","False","1","2A","","True"
"Assembly-CSharp-firstpass.dll","iCloudBinding","_iCloudAddFile","System.Boolean","False","True","0","","","False"
"Assembly-CSharp-firstpass.dll","iCloudBinding","addFile","System.Boolean","False","False","1","2A","","True"
"Assembly-CSharp-firstpass.dll","iCloudBinding","_iCloudEvictFile","System.Void","False","True","0","","","False"
"Assembly-CSharp-firstpass.dll","iCloudBinding","evictFile","System.Void","False","False","1","2A","","False"
"Assembly-CSharp-firstpass.dll","iCloudEventListener","OnEnable","System.Void","False","False","1","2A","","False"
"Assembly-CSharp-firstpass.dll","iCloudEventListener","OnDisable","System.Void","False","False","1","2A","","False"
"Assembly-CSharp-firstpass.dll","iCloudEventListener","keyValueStoreDidChangeEvent","System.Void","False","False","1","2A","","False"
"Assembly-CSharp-firstpass.dll","iCloudEventListener","entitlementsMissingEvent","System.Void","False","False","1","2A","","False"
"Assembly-CSharp-firstpass.dll","iCloudEventListener","documentStoreUpdatedEvent","System.Void","False","False","1","2A","","False"
"Assembly-CSharp-firstpass.dll","iCloudManager","add_keyValueStoreDidChangeEvent","System.Void","False","False","1","2A","","False"
"Assembly-CSharp-firstpass.dll","iCloudManager","remove_keyValueStoreDidChangeEvent","System.Void","False","False","1","2A","","False"
"Assembly-CSharp-firstpass.dll","iCloudManager","add_entitlementsMissingEvent","System.Void","False","False","1","2A","","False"
"Assembly-CSharp-firstpass.dll","iCloudManager","remove_entitlementsMissingEvent","System.Void","False","False","1","2A","","False"
"Assembly-CSharp-firstpass.dll","iCloudManager","add_documentStoreUpdatedEvent","System.Void","False","False","1","2A","","False"
"Assembly-CSharp-firstpass.dll","iCloudManager","remove_documentStoreUpdatedEvent","System.Void","False","False","1","2A","","False"
"Assembly-CSharp-firstpass.dll","iCloudManager","Awake","System.Void","False","False","1","2A","","False"
"Assembly-CSharp-firstpass.dll","iCloudManager","keyValueStoreDidChange","System.Void","False","False","1","2A","","False"
"Assembly-CSharp-firstpass.dll","iCloudManager","entitlementsMissing","System.Void","False","False","1","2A","","False"
"Assembly-CSharp-firstpass.dll","iCloudManager","documentStoreUpdated","System.Void","False","False","1","2A","","False"
"Assembly-CSharp-firstpass.dll","iCloudManager+iCloudDocument","fromJSON","System.Collections.Generic.List`1[[iCloudManager+iCloudDocument, Assembly-CSharp-firstpass, Version=0.0.0.0, Culture=neutral, PublicKeyToken=null]]","False","False","1","2A","","True"
"Assembly-CSharp-firstpass.dll","iCloudManager+iCloudDocument","ToString","System.String","False","False","1","2A","","True"
"Assembly-CSharp-firstpass.dll","iCloudGUIManager","OnGUI","System.Void","False","False","1","2A","","False"
"Assembly-CSharp-firstpass.dll","Script+AnimationDelegate","Invoke","System.Void","False","False","0","","","False"
"Assembly-CSharp-firstpass.dll","Script+AnimationDelegate","BeginInvoke","System.IAsyncResult","False","False","0","","","False"
"Assembly-CSharp-firstpass.dll","Script+AnimationDelegate","EndInvoke","System.Void","False","False","0","","","False"
"Assembly-CSharp-firstpass.dll","UghScrollView+ScrollSnappedHandler","Invoke","System.Void","False","False","0","","","False"
"Assembly-CSharp-firstpass.dll","UghScrollView+ScrollSnappedHandler","BeginInvoke","System.IAsyncResult","False","False","0","","","False"
"Assembly-CSharp-firstpass.dll","UghScrollView+ScrollSnappedHandler","EndInvoke","System.Void","False","False","0","","","False"
"Assembly-CSharp-firstpass.dll","UghScrollView+ScrollSoftSnappedHandler","Invoke","System.Void","False","False","0","","","False"
"Assembly-CSharp-firstpass.dll","UghScrollView+ScrollSoftSnappedHandler","BeginInvoke","System.IAsyncResult","False","False","0","","","False"
"Assembly-CSharp-firstpass.dll","UghScrollView+ScrollSoftSnappedHandler","EndInvoke","System.Void","False","False","0","","","False"
"Assembly-CSharp-firstpass.dll","LEDScroller+NewTextCheckHandler","Invoke","System.Void","False","False","0","","","False"
"Assembly-CSharp-firstpass.dll","LEDScroller+NewTextCheckHandler","BeginInvoke","System.IAsyncResult","False","False","0","","","False"
"Assembly-CSharp-firstpass.dll","LEDScroller+NewTextCheckHandler","EndInvoke","System.Void","False","False","0","","","False"
"Assembly-CSharp-firstpass.dll","UghStretch+MPDirtyAlignHandler","Invoke","System.Void","False","False","0","","","False"
"Assembly-CSharp-firstpass.dll","UghStretch+MPDirtyAlignHandler","BeginInvoke","System.IAsyncResult","False","False","0","","","False"
"Assembly-CSharp-firstpass.dll","UghStretch+MPDirtyAlignHandler","EndInvoke","System.Void","False","False","0","","","False"
"Assembly-CSharp-firstpass.dll","Callback","Invoke","System.Void","False","False","0","","","False"
"Assembly-CSharp-firstpass.dll","Callback","BeginInvoke","System.IAsyncResult","False","False","0","","","False"
"Assembly-CSharp-firstpass.dll","Callback","EndInvoke","System.Void","False","False","0","","","False"
"Assembly-CSharp-firstpass.dll","Callback`1","Invoke","System.Void","False","False","0","","","False"
"Assembly-CSharp-firstpass.dll","Callback`1","BeginInvoke","System.IAsyncResult","False","False","0","","","False"
"Assembly-CSharp-firstpass.dll","Callback`1","EndInvoke","System.Void","False","False","0","","","False"
"Assembly-CSharp-firstpass.dll","Callback`2","Invoke","System.Void","False","False","0","","","False"
"Assembly-CSharp-firstpass.dll","Callback`2","BeginInvoke","System.IAsyncResult","False","False","0","","","False"
"Assembly-CSharp-firstpass.dll","Callback`2","EndInvoke","System.Void","False","False","0","","","False"
"Assembly-CSharp-firstpass.dll","Callback`3","Invoke","System.Void","False","False","0","","","False"
"Assembly-CSharp-firstpass.dll","Callback`3","BeginInvoke","System.IAsyncResult","False","False","0","","","False"
"Assembly-CSharp-firstpass.dll","Callback`3","EndInvoke","System.Void","False","False","0","","","False"
"Assembly-CSharp-firstpass.dll","Script+<AnimationHelper>c__Iterator0","System.Collections.Generic.IEnumerator<object>.get_Current","System.Object","False","False","1","2A","","True"
"Assembly-CSharp-firstpass.dll","Script+<AnimationHelper>c__Iterator0","System.Collections.IEnumerator.get_Current","System.Object","False","False","1","2A","","True"
"Assembly-CSharp-firstpass.dll","Script+<AnimationHelper>c__Iterator0","MoveNext","System.Boolean","False","False","1","2A","","True"
"Assembly-CSharp-firstpass.dll","Script+<AnimationHelper>c__Iterator0","Dispose","System.Void","False","False","1","2A","","False"
"Assembly-CSharp-firstpass.dll","Script+<AnimationHelper>c__Iterator0","Reset","System.Void","False","False","1","2A","","False"
"Assembly-CSharp-firstpass.dll","Script+<DelayedHelper>c__Iterator1","System.Collections.Generic.IEnumerator<object>.get_Current","System.Object","False","False","1","2A","","True"
"Assembly-CSharp-firstpass.dll","Script+<DelayedHelper>c__Iterator1","System.Collections.IEnumerator.get_Current","System.Object","False","False","1","2A","","True"
"Assembly-CSharp-firstpass.dll","Script+<DelayedHelper>c__Iterator1","MoveNext","System.Boolean","False","False","1","2A","","True"
"Assembly-CSharp-firstpass.dll","Script+<DelayedHelper>c__Iterator1","Dispose","System.Void","False","False","1","2A","","False"
"Assembly-CSharp-firstpass.dll","Script+<DelayedHelper>c__Iterator1","Reset","System.Void","False","False","1","2A","","False"
"Assembly-CSharp-firstpass.dll","Dialog+<Start>c__Iterator2","System.Collections.Generic.IEnumerator<object>.get_Current","System.Object","False","False","1","2A","","True"
"Assembly-CSharp-firstpass.dll","Dialog+<Start>c__Iterator2","System.Collections.IEnumerator.get_Current","System.Object","False","False","1","2A","","True"
"Assembly-CSharp-firstpass.dll","Dialog+<Start>c__Iterator2","MoveNext","System.Boolean","False","False","1","2A","","True"
"Assembly-CSharp-firstpass.dll","Dialog+<Start>c__Iterator2","Dispose","System.Void","False","False","1","2A","","False"
"Assembly-CSharp-firstpass.dll","Dialog+<Start>c__Iterator2","Reset","System.Void","False","False","1","2A","","False"
"Assembly-CSharp-firstpass.dll","Dialog+<ActivateHelper>c__Iterator3","System.Collections.Generic.IEnumerator<object>.get_Current","System.Object","False","False","1","2A","","True"
"Assembly-CSharp-firstpass.dll","Dialog+<ActivateHelper>c__Iterator3","System.Collections.IEnumerator.get_Current","System.Object","False","False","1","2A","","True"
"Assembly-CSharp-firstpass.dll","Dialog+<ActivateHelper>c__Iterator3","MoveNext","System.Boolean","False","False","1","2A","","True"
"Assembly-CSharp-firstpass.dll","Dialog+<ActivateHelper>c__Iterator3","Dispose","System.Void","False","False","1","2A","","False"
"Assembly-CSharp-firstpass.dll","Dialog+<ActivateHelper>c__Iterator3","Reset","System.Void","False","False","1","2A","","False"
"Assembly-CSharp-firstpass.dll","Dialog+<DeactivateHelper>c__Iterator4","System.Collections.Generic.IEnumerator<object>.get_Current","System.Object","False","False","1","2A","","True"
"Assembly-CSharp-firstpass.dll","Dialog+<DeactivateHelper>c__Iterator4","System.Collections.IEnumerator.get_Current","System.Object","False","False","1","2A","","True"
"Assembly-CSharp-firstpass.dll","Dialog+<DeactivateHelper>c__Iterator4","MoveNext","System.Boolean","False","False","1","2A","","True"
"Assembly-CSharp-firstpass.dll","Dialog+<DeactivateHelper>c__Iterator4","Dispose","System.Void","False","False","1","2A","","False"
"Assembly-CSharp-firstpass.dll","Dialog+<DeactivateHelper>c__Iterator4","Reset","System.Void","False","False","1","2A","","False"
"Assembly-CSharp-firstpass.dll","ExternalPersistentArchive+<LoadFromWebCoroutine>c__Iterator5","System.Collections.Generic.IEnumerator<object>.get_Current","System.Object","False","False","1","2A","","True"
"Assembly-CSharp-firstpass.dll","ExternalPersistentArchive+<LoadFromWebCoroutine>c__Iterator5","System.Collections.IEnumerator.get_Current","System.Object","False","False","1","2A","","True"
"Assembly-CSharp-firstpass.dll","ExternalPersistentArchive+<LoadFromWebCoroutine>c__Iterator5","MoveNext","System.Boolean","False","False","1","2A","","True"
"Assembly-CSharp-firstpass.dll","ExternalPersistentArchive+<LoadFromWebCoroutine>c__Iterator5","Dispose","System.Void","False","False","1","2A","","False"
"Assembly-CSharp-firstpass.dll","ExternalPersistentArchive+<LoadFromWebCoroutine>c__Iterator5","Reset","System.Void","False","False","1","2A","","False"
"Assembly-CSharp-firstpass.dll","ExternalPersistentArchive+<ExternalPersistanceCoroutine>c__Iterator6","System.Collections.Generic.IEnumerator<object>.get_Current","System.Object","False","False","1","2A","","True"
"Assembly-CSharp-firstpass.dll","ExternalPersistentArchive+<ExternalPersistanceCoroutine>c__Iterator6","System.Collections.IEnumerator.get_Current","System.Object","False","False","1","2A","","True"
"Assembly-CSharp-firstpass.dll","ExternalPersistentArchive+<ExternalPersistanceCoroutine>c__Iterator6","MoveNext","System.Boolean","False","False","1","2A","","True"
"Assembly-CSharp-firstpass.dll","ExternalPersistentArchive+<ExternalPersistanceCoroutine>c__Iterator6","Dispose","System.Void","False","False","1","2A","","False"
"Assembly-CSharp-firstpass.dll","ExternalPersistentArchive+<ExternalPersistanceCoroutine>c__Iterator6","Reset","System.Void","False","False","1","2A","","False"
"Assembly-CSharp-firstpass.dll","GravCloudPrefs+<WaitForLoadCoroutine>c__Iterator7","System.Collections.Generic.IEnumerator<object>.get_Current","System.Object","False","False","1","2A","","True"
"Assembly-CSharp-firstpass.dll","GravCloudPrefs+<WaitForLoadCoroutine>c__Iterator7","System.Collections.IEnumerator.get_Current","System.Object","False","False","1","2A","","True"
"Assembly-CSharp-firstpass.dll","GravCloudPrefs+<WaitForLoadCoroutine>c__Iterator7","MoveNext","System.Boolean","False","False","1","2A","","True"
"Assembly-CSharp-firstpass.dll","GravCloudPrefs+<WaitForLoadCoroutine>c__Iterator7","Dispose","System.Void","False","False","1","2A","","False"
"Assembly-CSharp-firstpass.dll","GravCloudPrefs+<WaitForLoadCoroutine>c__Iterator7","Reset","System.Void","False","False","1","2A","","False"
"Assembly-CSharp-firstpass.dll","Localize+<WebLoadingHelper>c__Iterator8","System.Collections.Generic.IEnumerator<object>.get_Current","System.Object","False","False","1","2A","","True"
"Assembly-CSharp-firstpass.dll","Localize+<WebLoadingHelper>c__Iterator8","System.Collections.IEnumerator.get_Current","System.Object","False","False","1","2A","","True"
"Assembly-CSharp-firstpass.dll","Localize+<WebLoadingHelper>c__Iterator8","MoveNext","System.Boolean","False","False","1","2A","","True"
"Assembly-CSharp-firstpass.dll","Localize+<WebLoadingHelper>c__Iterator8","Dispose","System.Void","False","False","1","2A","","False"
"Assembly-CSharp-firstpass.dll","Localize+<WebLoadingHelper>c__Iterator8","Reset","System.Void","False","False","1","2A","","False"
"Assembly-CSharp-firstpass.dll","Localize+<UseLocalizedLanguageHelper>c__Iterator9","System.Collections.Generic.IEnumerator<object>.get_Current","System.Object","False","False","1","2A","","True"
"Assembly-CSharp-firstpass.dll","Localize+<UseLocalizedLanguageHelper>c__Iterator9","System.Collections.IEnumerator.get_Current","System.Object","False","False","1","2A","","True"
"Assembly-CSharp-firstpass.dll","Localize+<UseLocalizedLanguageHelper>c__Iterator9","MoveNext","System.Boolean","False","False","1","2A","","True"
"Assembly-CSharp-firstpass.dll","Localize+<UseLocalizedLanguageHelper>c__Iterator9","Dispose","System.Void","False","False","1","2A","","False"
"Assembly-CSharp-firstpass.dll","Localize+<UseLocalizedLanguageHelper>c__Iterator9","Reset","System.Void","False","False","1","2A","","False"
"Assembly-CSharp-firstpass.dll","JCloudDocumentAsync+<FileExistsOperation>c__IteratorA","System.Collections.Generic.IEnumerator<object>.get_Current","System.Object","False","False","1","2A","","True"
"Assembly-CSharp-firstpass.dll","JCloudDocumentAsync+<FileExistsOperation>c__IteratorA","System.Collections.IEnumerator.get_Current","System.Object","False","False","1","2A","","True"
"Assembly-CSharp-firstpass.dll","JCloudDocumentAsync+<FileExistsOperation>c__IteratorA","MoveNext","System.Boolean","False","False","1","2A","","True"
"Assembly-CSharp-firstpass.dll","JCloudDocumentAsync+<FileExistsOperation>c__IteratorA","Dispose","System.Void","False","False","1","2A","","False"
"Assembly-CSharp-firstpass.dll","JCloudDocumentAsync+<FileExistsOperation>c__IteratorA","Reset","System.Void","False","False","1","2A","","False"
"Assembly-CSharp-firstpass.dll","JCloudDocumentAsync+<FileDeleteOperation>c__IteratorB","System.Collections.Generic.IEnumerator<object>.get_Current","System.Object","False","False","1","2A","","True"
"Assembly-CSharp-firstpass.dll","JCloudDocumentAsync+<FileDeleteOperation>c__IteratorB","System.Collections.IEnumerator.get_Current","System.Object","False","False","1","2A","","True"
"Assembly-CSharp-firstpass.dll","JCloudDocumentAsync+<FileDeleteOperation>c__IteratorB","MoveNext","System.Boolean","False","False","1","2A","","True"
"Assembly-CSharp-firstpass.dll","JCloudDocumentAsync+<FileDeleteOperation>c__IteratorB","Dispose","System.Void","False","False","1","2A","","False"
"Assembly-CSharp-firstpass.dll","JCloudDocumentAsync+<FileDeleteOperation>c__IteratorB","Reset","System.Void","False","False","1","2A","","False"
"Assembly-CSharp-firstpass.dll","JCloudDocumentAsync+<FileWriteAllBytesOperation>c__IteratorC","System.Collections.Generic.IEnumerator<object>.get_Current","System.Object","False","False","1","2A","","True"
"Assembly-CSharp-firstpass.dll","JCloudDocumentAsync+<FileWriteAllBytesOperation>c__IteratorC","System.Collections.IEnumerator.get_Current","System.Object","False","False","1","2A","","True"
"Assembly-CSharp-firstpass.dll","JCloudDocumentAsync+<FileWriteAllBytesOperation>c__IteratorC","MoveNext","System.Boolean","False","False","1","2A","","True"
"Assembly-CSharp-firstpass.dll","JCloudDocumentAsync+<FileWriteAllBytesOperation>c__IteratorC","Dispose","System.Void","False","False","1","2A","","False"
"Assembly-CSharp-firstpass.dll","JCloudDocumentAsync+<FileWriteAllBytesOperation>c__IteratorC","Reset","System.Void","False","False","1","2A","","False"
"Assembly-CSharp-firstpass.dll","JCloudDocumentAsync+<FileReadAllBytesOperation>c__IteratorD","System.Collections.Generic.IEnumerator<object>.get_Current","System.Object","False","False","1","2A","","True"
"Assembly-CSharp-firstpass.dll","JCloudDocumentAsync+<FileReadAllBytesOperation>c__IteratorD","System.Collections.IEnumerator.get_Current","System.Object","False","False","1","2A","","True"
"Assembly-CSharp-firstpass.dll","JCloudDocumentAsync+<FileReadAllBytesOperation>c__IteratorD","MoveNext","System.Boolean","False","False","1","2A","","True"
"Assembly-CSharp-firstpass.dll","JCloudDocumentAsync+<FileReadAllBytesOperation>c__IteratorD","Dispose","System.Void","False","False","1","2A","","False"
"Assembly-CSharp-firstpass.dll","JCloudDocumentAsync+<FileReadAllBytesOperation>c__IteratorD","Reset","System.Void","False","False","1","2A","","False"
"Assembly-CSharp-firstpass.dll","JCloudDocumentAsync+<FileModificationDateOperation>c__IteratorE","System.Collections.Generic.IEnumerator<object>.get_Current","System.Object","False","False","1","2A","","True"
"Assembly-CSharp-firstpass.dll","JCloudDocumentAsync+<FileModificationDateOperation>c__IteratorE","System.Collections.IEnumerator.get_Current","System.Object","False","False","1","2A","","True"
"Assembly-CSharp-firstpass.dll","JCloudDocumentAsync+<FileModificationDateOperation>c__IteratorE","MoveNext","System.Boolean","False","False","1","2A","","True"
"Assembly-CSharp-firstpass.dll","JCloudDocumentAsync+<FileModificationDateOperation>c__IteratorE","Dispose","System.Void","False","False","1","2A","","False"
"Assembly-CSharp-firstpass.dll","JCloudDocumentAsync+<FileModificationDateOperation>c__IteratorE","Reset","System.Void","False","False","1","2A","","False"
"Assembly-CSharp-firstpass.dll","JCloudDocumentAsync+<FileCopyOperation>c__IteratorF","System.Collections.Generic.IEnumerator<object>.get_Current","System.Object","False","False","1","2A","","True"
"Assembly-CSharp-firstpass.dll","JCloudDocumentAsync+<FileCopyOperation>c__IteratorF","System.Collections.IEnumerator.get_Current","System.Object","False","False","1","2A","","True"
"Assembly-CSharp-firstpass.dll","JCloudDocumentAsync+<FileCopyOperation>c__IteratorF","MoveNext","System.Boolean","False","False","1","2A","","True"
"Assembly-CSharp-firstpass.dll","JCloudDocumentAsync+<FileCopyOperation>c__IteratorF","Dispose","System.Void","False","False","1","2A","","False"
"Assembly-CSharp-firstpass.dll","JCloudDocumentAsync+<FileCopyOperation>c__IteratorF","Reset","System.Void","False","False","1","2A","","False"
"Assembly-CSharp-firstpass.dll","JCloudDocumentAsync+<FileMoveOperation>c__Iterator10","System.Collections.Generic.IEnumerator<object>.get_Current","System.Object","False","False","1","2A","","True"
"Assembly-CSharp-firstpass.dll","JCloudDocumentAsync+<FileMoveOperation>c__Iterator10","System.Collections.IEnumerator.get_Current","System.Object","False","False","1","2A","","True"
"Assembly-CSharp-firstpass.dll","JCloudDocumentAsync+<FileMoveOperation>c__Iterator10","MoveNext","System.Boolean","False","False","1","2A","","True"
"Assembly-CSharp-firstpass.dll","JCloudDocumentAsync+<FileMoveOperation>c__Iterator10","Dispose","System.Void","False","False","1","2A","","False"
"Assembly-CSharp-firstpass.dll","JCloudDocumentAsync+<FileMoveOperation>c__Iterator10","Reset","System.Void","False","False","1","2A","","False"
"Assembly-CSharp-firstpass.dll","JCloudDocumentAsync+<DirectoryCreateOperation>c__Iterator11","System.Collections.Generic.IEnumerator<object>.get_Current","System.Object","False","False","1","2A","","True"
"Assembly-CSharp-firstpass.dll","JCloudDocumentAsync+<DirectoryCreateOperation>c__Iterator11","System.Collections.IEnumerator.get_Current","System.Object","False","False","1","2A","","True"
"Assembly-CSharp-firstpass.dll","JCloudDocumentAsync+<DirectoryCreateOperation>c__Iterator11","MoveNext","System.Boolean","False","False","1","2A","","True"
"Assembly-CSharp-firstpass.dll","JCloudDocumentAsync+<DirectoryCreateOperation>c__Iterator11","Dispose","System.Void","False","False","1","2A","","False"
"Assembly-CSharp-firstpass.dll","JCloudDocumentAsync+<DirectoryCreateOperation>c__Iterator11","Reset","System.Void","False","False","1","2A","","False"
"Assembly-CSharp-firstpass.dll","JCloudDocumentAsync+<DirectoryExistsOperation>c__Iterator12","System.Collections.Generic.IEnumerator<object>.get_Current","System.Object","False","False","1","2A","","True"
"Assembly-CSharp-firstpass.dll","JCloudDocumentAsync+<DirectoryExistsOperation>c__Iterator12","System.Collections.IEnumerator.get_Current","System.Object","False","False","1","2A","","True"
"Assembly-CSharp-firstpass.dll","JCloudDocumentAsync+<DirectoryExistsOperation>c__Iterator12","MoveNext","System.Boolean","False","False","1","2A","","True"
"Assembly-CSharp-firstpass.dll","JCloudDocumentAsync+<DirectoryExistsOperation>c__Iterator12","Dispose","System.Void","False","False","1","2A","","False"
"Assembly-CSharp-firstpass.dll","JCloudDocumentAsync+<DirectoryExistsOperation>c__Iterator12","Reset","System.Void","False","False","1","2A","","False"
"Assembly-CSharp-firstpass.dll","JCloudDocumentAsync+<DirectoryDeleteOperation>c__Iterator13","System.Collections.Generic.IEnumerator<object>.get_Current","System.Object","False","False","1","2A","","True"
"Assembly-CSharp-firstpass.dll","JCloudDocumentAsync+<DirectoryDeleteOperation>c__Iterator13","System.Collections.IEnumerator.get_Current","System.Object","False","False","1","2A","","True"
"Assembly-CSharp-firstpass.dll","JCloudDocumentAsync+<DirectoryDeleteOperation>c__Iterator13","MoveNext","System.Boolean","False","False","1","2A","","True"
"Assembly-CSharp-firstpass.dll","JCloudDocumentAsync+<DirectoryDeleteOperation>c__Iterator13","Dispose","System.Void","False","False","1","2A","","False"
"Assembly-CSharp-firstpass.dll","JCloudDocumentAsync+<DirectoryDeleteOperation>c__Iterator13","Reset","System.Void","False","False","1","2A","","False"
"Assembly-CSharp-firstpass.dll","JCloudDocumentAsync+<DirectoryGetFilesOperation>c__Iterator14","System.Collections.Generic.IEnumerator<object>.get_Current","System.Object","False","False","1","2A","","True"
"Assembly-CSharp-firstpass.dll","JCloudDocumentAsync+<DirectoryGetFilesOperation>c__Iterator14","System.Collections.IEnumerator.get_Current","System.Object","False","False","1","2A","","True"
"Assembly-CSharp-firstpass.dll","JCloudDocumentAsync+<DirectoryGetFilesOperation>c__Iterator14","MoveNext","System.Boolean","False","False","1","2A","","True"
"Assembly-CSharp-firstpass.dll","JCloudDocumentAsync+<DirectoryGetFilesOperation>c__Iterator14","Dispose","System.Void","False","False","1","2A","","False"
"Assembly-CSharp-firstpass.dll","JCloudDocumentAsync+<DirectoryGetFilesOperation>c__Iterator14","Reset","System.Void","False","False","1","2A","","False"
"Assembly-CSharp-firstpass.dll","JCloudDocumentAsync+<DirectoryGetDirectoriesOperation>c__Iterator15","System.Collections.Generic.IEnumerator<object>.get_Current","System.Object","False","False","1","2A","","True"
"Assembly-CSharp-firstpass.dll","JCloudDocumentAsync+<DirectoryGetDirectoriesOperation>c__Iterator15","System.Collections.IEnumerator.get_Current","System.Object","False","False","1","2A","","True"
"Assembly-CSharp-firstpass.dll","JCloudDocumentAsync+<DirectoryGetDirectoriesOperation>c__Iterator15","MoveNext","System.Boolean","False","False","1","2A","","True"
"Assembly-CSharp-firstpass.dll","JCloudDocumentAsync+<DirectoryGetDirectoriesOperation>c__Iterator15","Dispose","System.Void","False","False","1","2A","","False"
"Assembly-CSharp-firstpass.dll","JCloudDocumentAsync+<DirectoryGetDirectoriesOperation>c__Iterator15","Reset","System.Void","False","False","1","2A","","False"
"Assembly-CSharp-firstpass.dll","JCloudDocumentAsync+<DirectoryModificationDateOperation>c__Iterator16","System.Collections.Generic.IEnumerator<object>.get_Current","System.Object","False","False","1","2A","","True"
"Assembly-CSharp-firstpass.dll","JCloudDocumentAsync+<DirectoryModificationDateOperation>c__Iterator16","System.Collections.IEnumerator.get_Current","System.Object","False","False","1","2A","","True"
"Assembly-CSharp-firstpass.dll","JCloudDocumentAsync+<DirectoryModificationDateOperation>c__Iterator16","MoveNext","System.Boolean","False","False","1","2A","","True"
"Assembly-CSharp-firstpass.dll","JCloudDocumentAsync+<DirectoryModificationDateOperation>c__Iterator16","Dispose","System.Void","False","False","1","2A","","False"
"Assembly-CSharp-firstpass.dll","JCloudDocumentAsync+<DirectoryModificationDateOperation>c__Iterator16","Reset","System.Void","False","False","1","2A","","False"
"Assembly-CSharp-firstpass.dll","JCloudDocumentAsync+<DirectoryCopyOperation>c__Iterator17","System.Collections.Generic.IEnumerator<object>.get_Current","System.Object","False","False","1","2A","","True"
"Assembly-CSharp-firstpass.dll","JCloudDocumentAsync+<DirectoryCopyOperation>c__Iterator17","System.Collections.IEnumerator.get_Current","System.Object","False","False","1","2A","","True"
"Assembly-CSharp-firstpass.dll","JCloudDocumentAsync+<DirectoryCopyOperation>c__Iterator17","MoveNext","System.Boolean","False","False","1","2A","","True"
"Assembly-CSharp-firstpass.dll","JCloudDocumentAsync+<DirectoryCopyOperation>c__Iterator17","Dispose","System.Void","False","False","1","2A","","False"
"Assembly-CSharp-firstpass.dll","JCloudDocumentAsync+<DirectoryCopyOperation>c__Iterator17","Reset","System.Void","False","False","1","2A","","False"
"Assembly-CSharp-firstpass.dll","JCloudDocumentAsync+<DirectoryMoveOperation>c__Iterator18","System.Collections.Generic.IEnumerator<object>.get_Current","System.Object","False","False","1","2A","","True"
"Assembly-CSharp-firstpass.dll","JCloudDocumentAsync+<DirectoryMoveOperation>c__Iterator18","System.Collections.IEnumerator.get_Current","System.Object","False","False","1","2A","","True"
"Assembly-CSharp-firstpass.dll","JCloudDocumentAsync+<DirectoryMoveOperation>c__Iterator18","MoveNext","System.Boolean","False","False","1","2A","","True"
"Assembly-CSharp-firstpass.dll","JCloudDocumentAsync+<DirectoryMoveOperation>c__Iterator18","Dispose","System.Void","False","False","1","2A","","False"
"Assembly-CSharp-firstpass.dll","JCloudDocumentAsync+<DirectoryMoveOperation>c__Iterator18","Reset","System.Void","False","False","1","2A","","False"
"Assembly-CSharp-firstpass.dll","JCloudRoutine+<Execute>c__Iterator19","System.Collections.Generic.IEnumerator<object>.get_Current","System.Object","False","False","1","2A","","True"
"Assembly-CSharp-firstpass.dll","JCloudRoutine+<Execute>c__Iterator19","System.Collections.IEnumerator.get_Current","System.Object","False","False","1","2A","","True"
"Assembly-CSharp-firstpass.dll","JCloudRoutine+<Execute>c__Iterator19","MoveNext","System.Boolean","False","False","1","2A","","True"
"Assembly-CSharp-firstpass.dll","JCloudRoutine+<Execute>c__Iterator19","Dispose","System.Void","False","False","1","2A","","False"
"Assembly-CSharp-firstpass.dll","JCloudRoutine+<Execute>c__Iterator19","Reset","System.Void","False","False","1","2A","","False"
"Assembly-CSharp-firstpass.dll","UghControl+<OnUghInputDown>c__Iterator1A","System.Collections.Generic.IEnumerator<object>.get_Current","System.Object","False","False","1","2A","","True"
"Assembly-CSharp-firstpass.dll","UghControl+<OnUghInputDown>c__Iterator1A","System.Collections.IEnumerator.get_Current","System.Object","False","False","1","2A","","True"
"Assembly-CSharp-firstpass.dll","UghControl+<OnUghInputDown>c__Iterator1A","MoveNext","System.Boolean","False","False","1","2A","","True"
"Assembly-CSharp-firstpass.dll","UghControl+<OnUghInputDown>c__Iterator1A","Dispose","System.Void","False","False","1","2A","","False"
"Assembly-CSharp-firstpass.dll","UghControl+<OnUghInputDown>c__Iterator1A","Reset","System.Void","False","False","1","2A","","False"
"Assembly-CSharp-firstpass.dll","UghButton+<OnUghInputDown>c__Iterator1B","System.Collections.Generic.IEnumerator<object>.get_Current","System.Object","False","False","1","2A","","True"
"Assembly-CSharp-firstpass.dll","UghButton+<OnUghInputDown>c__Iterator1B","System.Collections.IEnumerator.get_Current","System.Object","False","False","1","2A","","True"
"Assembly-CSharp-firstpass.dll","UghButton+<OnUghInputDown>c__Iterator1B","MoveNext","System.Boolean","False","False","1","2A","","True"
"Assembly-CSharp-firstpass.dll","UghButton+<OnUghInputDown>c__Iterator1B","Dispose","System.Void","False","False","1","2A","","False"
"Assembly-CSharp-firstpass.dll","UghButton+<OnUghInputDown>c__Iterator1B","Reset","System.Void","False","False","1","2A","","False"
"Assembly-CSharp-firstpass.dll","UghButtonDisablable+<OnUghInputDown>c__Iterator1C","System.Collections.Generic.IEnumerator<object>.get_Current","System.Object","False","False","1","2A","","True"
"Assembly-CSharp-firstpass.dll","UghButtonDisablable+<OnUghInputDown>c__Iterator1C","System.Collections.IEnumerator.get_Current","System.Object","False","False","1","2A","","True"
"Assembly-CSharp-firstpass.dll","UghButtonDisablable+<OnUghInputDown>c__Iterator1C","MoveNext","System.Boolean","False","False","1","2A","","True"
"Assembly-CSharp-firstpass.dll","UghButtonDisablable+<OnUghInputDown>c__Iterator1C","Dispose","System.Void","False","False","1","2A","","False"
"Assembly-CSharp-firstpass.dll","UghButtonDisablable+<OnUghInputDown>c__Iterator1C","Reset","System.Void","False","False","1","2A","","False"
"Assembly-CSharp-firstpass.dll","UghScrollView+<OnUghInputDown>c__Iterator1D","System.Collections.Generic.IEnumerator<object>.get_Current","System.Object","False","False","1","2A","","True"
"Assembly-CSharp-firstpass.dll","UghScrollView+<OnUghInputDown>c__Iterator1D","System.Collections.IEnumerator.get_Current","System.Object","False","False","1","2A","","True"
"Assembly-CSharp-firstpass.dll","UghScrollView+<OnUghInputDown>c__Iterator1D","MoveNext","System.Boolean","False","False","1","2A","","True"
"Assembly-CSharp-firstpass.dll","UghScrollView+<OnUghInputDown>c__Iterator1D","Dispose","System.Void","False","False","1","2A","","False"
"Assembly-CSharp-firstpass.dll","UghScrollView+<OnUghInputDown>c__Iterator1D","Reset","System.Void","False","False","1","2A","","False"
"Assembly-CSharp-firstpass.dll","UghScrollView+<HandleExplicitScrolling>c__Iterator1E","System.Collections.Generic.IEnumerator<object>.get_Current","System.Object","False","False","1","2A","","True"
"Assembly-CSharp-firstpass.dll","UghScrollView+<HandleExplicitScrolling>c__Iterator1E","System.Collections.IEnumerator.get_Current","System.Object","False","False","1","2A","","True"
"Assembly-CSharp-firstpass.dll","UghScrollView+<HandleExplicitScrolling>c__Iterator1E","MoveNext","System.Boolean","False","False","1","2A","","True"
"Assembly-CSharp-firstpass.dll","UghScrollView+<HandleExplicitScrolling>c__Iterator1E","Dispose","System.Void","False","False","1","2A","","False"
"Assembly-CSharp-firstpass.dll","UghScrollView+<HandleExplicitScrolling>c__Iterator1E","Reset","System.Void","False","False","1","2A","","False"
"Assembly-CSharp-firstpass.dll","UghScrollView+<HandleVelocityScrolling>c__Iterator1F","System.Collections.Generic.IEnumerator<object>.get_Current","System.Object","False","False","1","2A","","True"
"Assembly-CSharp-firstpass.dll","UghScrollView+<HandleVelocityScrolling>c__Iterator1F","System.Collections.IEnumerator.get_Current","System.Object","False","False","1","2A","","True"
"Assembly-CSharp-firstpass.dll","UghScrollView+<HandleVelocityScrolling>c__Iterator1F","MoveNext","System.Boolean","False","False","1","2A","","True"
"Assembly-CSharp-firstpass.dll","UghScrollView+<HandleVelocityScrolling>c__Iterator1F","Dispose","System.Void","False","False","1","2A","","False"
"Assembly-CSharp-firstpass.dll","UghScrollView+<HandleVelocityScrolling>c__Iterator1F","Reset","System.Void","False","False","1","2A","","False"
"Assembly-CSharp-firstpass.dll","UghScrollView+<HandleSnapScrolling>c__Iterator20","System.Collections.Generic.IEnumerator<object>.get_Current","System.Object","False","False","1","2A","","True"
"Assembly-CSharp-firstpass.dll","UghScrollView+<HandleSnapScrolling>c__Iterator20","System.Collections.IEnumerator.get_Current","System.Object","False","False","1","2A","","True"
"Assembly-CSharp-firstpass.dll","UghScrollView+<HandleSnapScrolling>c__Iterator20","MoveNext","System.Boolean","False","False","1","2A","","True"
"Assembly-CSharp-firstpass.dll","UghScrollView+<HandleSnapScrolling>c__Iterator20","Dispose","System.Void","False","False","1","2A","","False"
"Assembly-CSharp-firstpass.dll","UghScrollView+<HandleSnapScrolling>c__Iterator20","Reset","System.Void","False","False","1","2A","","False"
"Assembly-CSharp-firstpass.dll","UghScrollView+<ForceSnapScrolling>c__Iterator21","System.Collections.Generic.IEnumerator<object>.get_Current","System.Object","False","False","1","2A","","True"
"Assembly-CSharp-firstpass.dll","UghScrollView+<ForceSnapScrolling>c__Iterator21","System.Collections.IEnumerator.get_Current","System.Object","False","False","1","2A","","True"
"Assembly-CSharp-firstpass.dll","UghScrollView+<ForceSnapScrolling>c__Iterator21","MoveNext","System.Boolean","False","False","1","2A","","True"
"Assembly-CSharp-firstpass.dll","UghScrollView+<ForceSnapScrolling>c__Iterator21","Dispose","System.Void","False","False","1","2A","","False"
"Assembly-CSharp-firstpass.dll","UghScrollView+<ForceSnapScrolling>c__Iterator21","Reset","System.Void","False","False","1","2A","","False"
"Assembly-CSharp-firstpass.dll","UghScrollView+<SnapScroll>c__Iterator22","System.Collections.Generic.IEnumerator<object>.get_Current","System.Object","False","False","1","2A","","True"
"Assembly-CSharp-firstpass.dll","UghScrollView+<SnapScroll>c__Iterator22","System.Collections.IEnumerator.get_Current","System.Object","False","False","1","2A","","True"
"Assembly-CSharp-firstpass.dll","UghScrollView+<SnapScroll>c__Iterator22","MoveNext","System.Boolean","False","False","1","2A","","True"
"Assembly-CSharp-firstpass.dll","UghScrollView+<SnapScroll>c__Iterator22","Dispose","System.Void","False","False","1","2A","","False"
"Assembly-CSharp-firstpass.dll","UghScrollView+<SnapScroll>c__Iterator22","Reset","System.Void","False","False","1","2A","","False"
"Assembly-CSharp-firstpass.dll","UghSlideToggle+<OnUghInputDown>c__Iterator23","System.Collections.Generic.IEnumerator<object>.get_Current","System.Object","False","False","1","2A","","True"
"Assembly-CSharp-firstpass.dll","UghSlideToggle+<OnUghInputDown>c__Iterator23","System.Collections.IEnumerator.get_Current","System.Object","False","False","1","2A","","True"
"Assembly-CSharp-firstpass.dll","UghSlideToggle+<OnUghInputDown>c__Iterator23","MoveNext","System.Boolean","False","False","1","2A","","True"
"Assembly-CSharp-firstpass.dll","UghSlideToggle+<OnUghInputDown>c__Iterator23","Dispose","System.Void","False","False","1","2A","","False"
"Assembly-CSharp-firstpass.dll","UghSlideToggle+<OnUghInputDown>c__Iterator23","Reset","System.Void","False","False","1","2A","","False"
"Assembly-CSharp-firstpass.dll","UghSlider+<OnUghInputDown>c__Iterator24","System.Collections.Generic.IEnumerator<object>.get_Current","System.Object","False","False","1","2A","","True"
"Assembly-CSharp-firstpass.dll","UghSlider+<OnUghInputDown>c__Iterator24","System.Collections.IEnumerator.get_Current","System.Object","False","False","1","2A","","True"
"Assembly-CSharp-firstpass.dll","UghSlider+<OnUghInputDown>c__Iterator24","MoveNext","System.Boolean","False","False","1","2A","","True"
"Assembly-CSharp-firstpass.dll","UghSlider+<OnUghInputDown>c__Iterator24","Dispose","System.Void","False","False","1","2A","","False"
"Assembly-CSharp-firstpass.dll","UghSlider+<OnUghInputDown>c__Iterator24","Reset","System.Void","False","False","1","2A","","False"
"Assembly-CSharp-firstpass.dll","UghToggle+<OnUghInputDown>c__Iterator25","System.Collections.Generic.IEnumerator<object>.get_Current","System.Object","False","False","1","2A","","True"
"Assembly-CSharp-firstpass.dll","UghToggle+<OnUghInputDown>c__Iterator25","System.Collections.IEnumerator.get_Current","System.Object","False","False","1","2A","","True"
"Assembly-CSharp-firstpass.dll","UghToggle+<OnUghInputDown>c__Iterator25","MoveNext","System.Boolean","False","False","1","2A","","True"
"Assembly-CSharp-firstpass.dll","UghToggle+<OnUghInputDown>c__Iterator25","Dispose","System.Void","False","False","1","2A","","False"
"Assembly-CSharp-firstpass.dll","UghToggle+<OnUghInputDown>c__Iterator25","Reset","System.Void","False","False","1","2A","","False"
"Assembly-CSharp-firstpass.dll","LEDScroller+<OnScrollHelper>c__Iterator26","System.Collections.Generic.IEnumerator<object>.get_Current","System.Object","False","False","1","2A","","True"
"Assembly-CSharp-firstpass.dll","LEDScroller+<OnScrollHelper>c__Iterator26","System.Collections.IEnumerator.get_Current","System.Object","False","False","1","2A","","True"
"Assembly-CSharp-firstpass.dll","LEDScroller+<OnScrollHelper>c__Iterator26","MoveNext","System.Boolean","False","False","1","2A","","True"
"Assembly-CSharp-firstpass.dll","LEDScroller+<OnScrollHelper>c__Iterator26","Dispose","System.Void","False","False","1","2A","","False"
"Assembly-CSharp-firstpass.dll","LEDScroller+<OnScrollHelper>c__Iterator26","Reset","System.Void","False","False","1","2A","","False"
"Assembly-CSharp-firstpass.dll","LEDScroller+<OnFlashHelper>c__Iterator27","System.Collections.Generic.IEnumerator<object>.get_Current","System.Object","False","False","1","2A","","True"
"Assembly-CSharp-firstpass.dll","LEDScroller+<OnFlashHelper>c__Iterator27","System.Collections.IEnumerator.get_Current","System.Object","False","False","1","2A","","True"
"Assembly-CSharp-firstpass.dll","LEDScroller+<OnFlashHelper>c__Iterator27","MoveNext","System.Boolean","False","False","1","2A","","True"
"Assembly-CSharp-firstpass.dll","LEDScroller+<OnFlashHelper>c__Iterator27","Dispose","System.Void","False","False","1","2A","","False"
"Assembly-CSharp-firstpass.dll","LEDScroller+<OnFlashHelper>c__Iterator27","Reset","System.Void","False","False","1","2A","","False"
"Assembly-CSharp-firstpass.dll","ScreenFade+<FadeHelper>c__Iterator28","System.Collections.Generic.IEnumerator<object>.get_Current","System.Object","False","False","1","2A","","True"
"Assembly-CSharp-firstpass.dll","ScreenFade+<FadeHelper>c__Iterator28","System.Collections.IEnumerator.get_Current","System.Object","False","False","1","2A","","True"
"Assembly-CSharp-firstpass.dll","ScreenFade+<FadeHelper>c__Iterator28","MoveNext","System.Boolean","False","False","1","2A","","True"
"Assembly-CSharp-firstpass.dll","ScreenFade+<FadeHelper>c__Iterator28","Dispose","System.Void","False","False","1","2A","","False"
"Assembly-CSharp-firstpass.dll","ScreenFade+<FadeHelper>c__Iterator28","Reset","System.Void","False","False","1","2A","","False"
"Assembly-CSharp-firstpass.dll","ScreenFade+<LoadSceneHelper>c__Iterator29","System.Collections.Generic.IEnumerator<object>.get_Current","System.Object","False","False","1","2A","","True"
"Assembly-CSharp-firstpass.dll","ScreenFade+<LoadSceneHelper>c__Iterator29","System.Collections.IEnumerator.get_Current","System.Object","False","False","1","2A","","True"
"Assembly-CSharp-firstpass.dll","ScreenFade+<LoadSceneHelper>c__Iterator29","MoveNext","System.Boolean","False","False","1","2A","","True"
"Assembly-CSharp-firstpass.dll","ScreenFade+<LoadSceneHelper>c__Iterator29","Dispose","System.Void","False","False","1","2A","","False"
"Assembly-CSharp-firstpass.dll","ScreenFade+<LoadSceneHelper>c__Iterator29","Reset","System.Void","False","False","1","2A","","False"
"Assembly-CSharp-firstpass.dll","UghPublisher+<GetSprite>c__AnonStorey2A","<>m__8","System.Boolean","False","False","1","2A","","True"
"Assembly-UnityScript.dll","Plane_Script","Start","System.Void","False","False","1","2A","","False"
"Assembly-UnityScript.dll","Plane_Script","Update","System.Void","False","False","1","2A","","False"
"Assembly-UnityScript.dll","Plane_Script","Main","System.Void","False","False","1","2A","","False"
"Assembly-UnityScript.dll","Car_Script","SetWheelParams","WheelData","False","False","1","2A","","True"
"Assembly-UnityScript.dll","Car_Script","Start","System.Void","False","False","1","2A","","False"
"Assembly-UnityScript.dll","Car_Script","FixedUpdate","System.Void","False","False","1","2A","","False"
"Assembly-UnityScript.dll","Car_Script","Main","System.Void","False","False","1","2A","","False"
