"Assembly","FullName","Kind","BaseType","Interfaces","Methods","Fields","Properties","Events","IsCompilerGenerated"
"Assembly-CSharp.dll","CarAIPath","class","System.Object","","1","1","0","0","False"
"Assembly-CSharp.dll","CarAIPath+PathPoint","class","System.Object","","0","3","0","0","False"
"Assembly-CSharp.dll","CarAIPathManager","class","UnityEngine.MonoBehaviour","","9","2","0","0","False"
"Assembly-CSharp.dll","CarAIPathRecorder","class","UnityEngine.MonoBehaviour","","6","3","0","0","False"
"Assembly-CSharp.dll","CarAI","class","UnityEngine.MonoBehaviour","","16","11","0","0","False"
"Assembly-CSharp.dll","CarAI+AIStates","enum","System.Enum","System.IComparable;System.IFormattable;System.IConvertible","0","6","0","0","False"
"Assembly-CSharp.dll","CarAIPersonality","class","UnityEngine.MonoBehaviour","","2","3","1","0","False"
"Assembly-CSharp.dll","CarAIPersonality+PersonalityTrait","class","System.Object","","0","2","0","0","False"
"Assembly-CSharp.dll","BaseCarAIState","class","System.Object","","5","1","0","0","False"
"Assembly-CSharp.dll","DriveAvoidTerrainAIState","class","BaseCarAIState","","5","3","0","0","False"
"Assembly-CSharp.dll","DriveHitBeneficialAIState","class","BaseCarAIState","","5","3","0","0","False"
"Assembly-CSharp.dll","DrivePickupAIState","class","BaseCarAIState","","5","2","0","0","False"
"Assembly-CSharp.dll","DriveWaypointsCarAIState","class","BaseCarAIState","","5","3","0","0","False"
"Assembly-CSharp.dll","UsePowerupAIState","class","BaseCarAIState","","8","4","0","0","False"
"Assembly-CSharp.dll","GimpedCarAI","class","UnityEngine.MonoBehaviour","","18","19","4","0","False"
"Assembly-CSharp.dll","LaserLogic","class","UnityEngine.MonoBehaviour","","4","5","0","0","False"
"Assembly-CSharp.dll","MineAI","class","UnityEngine.MonoBehaviour","","7","10","1","0","False"
"Assembly-CSharp.dll","MineSpreaderAI","class","UnityEngine.MonoBehaviour","","6","7","0","0","False"
"Assembly-CSharp.dll","RocketAI","class","UnityEngine.MonoBehaviour","","10","18","0","0","False"
"Assembly-CSharp.dll","ShotDroneAI","class","UnityEngine.MonoBehaviour","","5","7","0","0","False"
"Assembly-CSharp.dll","UFOLogic","class","UnityEngine.MonoBehaviour","","7","21","0","0","False"
"Assembly-CSharp.dll","ForwardForceAI","class","UnityEngine.MonoBehaviour","","2","3","0","0","False"
"Assembly-CSharp.dll","LiftControlAI","class","UnityEngine.MonoBehaviour","","3","4","0","0","False"
"Assembly-CSharp.dll","PathMoverAI","class","UnityEngine.MonoBehaviour","","3","10","0","0","False"
"Assembly-CSharp.dll","RotatorAI","class","UnityEngine.MonoBehaviour","","2","2","0","0","False"
"Assembly-CSharp.dll","SphereMoverAI","class","UnityEngine.MonoBehaviour","","7","6","0","0","False"
"Assembly-CSharp.dll","SphereMoverCollider","class","UnityEngine.MonoBehaviour","","3","0","0","0","False"
"Assembly-CSharp.dll","AchievementListener","class","UnityEngine.MonoBehaviour","","11","9","1","0","False"
"Assembly-CSharp.dll","AchievementListener+AchievementState","enum","System.Enum","System.IComparable;System.IFormattable;System.IConvertible","0","5","0","0","False"
"Assembly-CSharp.dll","AchievementListener+AchievementAreaType","enum","System.Enum","System.IComparable;System.IFormattable;System.IConvertible","0","4","0","0","False"
"Assembly-CSharp.dll","AchievementListener+AchievementFilterCategory","enum","System.Enum","System.IComparable;System.IFormattable;System.IConvertible","0","6","0","0","False"
"Assembly-CSharp.dll","AchievementManager","class","UnityEngine.MonoBehaviour","","13","12","2","0","False"
"Assembly-CSharp.dll","CheckPowerupUseAchievementListener","class","AchievementListener","","8","2","0","0","False"
"Assembly-CSharp.dll","CoinBalanceAchievementListener","class","AchievementListener","","6","1","0","0","False"
"Assembly-CSharp.dll","CompleteAllMissionsAchievementListener","class","AchievementListener","","6","0","0","0","False"
"Assembly-CSharp.dll","CrossFinishLineBackwardsAchievementListener","class","AchievementListener","","5","0","0","0","False"
"Assembly-CSharp.dll","EquipPaintJobAchievementListener","class","AchievementListener","","7","1","0","0","False"
"Assembly-CSharp.dll","EquipPartSetAchievementListener","class","AchievementListener","","6","1","0","0","False"
"Assembly-CSharp.dll","FirstPlaceAchievementListener","class","AchievementListener","","5","2","0","0","False"
"Assembly-CSharp.dll","GetHitByTrackHazardAchievementListener","class","AchievementListener","","8","3","0","0","False"
"Assembly-CSharp.dll","HitMaxSpeedAchievementListener","class","AchievementListener","","6","1","0","0","False"
"Assembly-CSharp.dll","InRaceAquirePickupListener","class","AchievementListener","","8","3","0","0","False"
"Assembly-CSharp.dll","LastPlaceAchievementListener","class","AchievementListener","","6","1","0","0","False"
"Assembly-CSharp.dll","LifetimeInAirAchievementListener","class","AchievementListener","","6","1","0","0","False"
"Assembly-CSharp.dll","LifetimeOpponentHitsAchievementListener","class","AchievementListener","","8","2","0","0","False"
"Assembly-CSharp.dll","LifetimePowerupCollectionAchievementListener","class","AchievementListener","","8","2","0","0","False"
"Assembly-CSharp.dll","MakePlaceAchievementListener","class","AchievementListener","","5","3","0","0","False"
"Assembly-CSharp.dll","MaxCrashSpeedAchievementListener","class","AchievementListener","","6","1","0","0","False"
"Assembly-CSharp.dll","MetaMissionGroupAchievementListener","class","AchievementListener","","6","1","0","0","False"
"Assembly-CSharp.dll","PickupCoinsPerRaceAchievementListener","class","AchievementListener","","8","1","0","0","False"
"Assembly-CSharp.dll","PlaceWithNoPowerupsAchievementListener","class","AchievementListener","","7","3","0","0","False"
"Assembly-CSharp.dll","PowerSlideBoostAchievementListener","class","AchievementListener","","8","2","0","0","False"
"Assembly-CSharp.dll","PowerupHitInAirAchievementListener","class","AchievementListener","","8","1","0","0","False"
"Assembly-CSharp.dll","SpendCoinsOverLifetimeAchievementListener","class","AchievementListener","","6","1","0","0","False"
"Assembly-CSharp.dll","TimeInAirAchievementListener","class","AchievementListener","","6","1","0","0","False"
"Assembly-CSharp.dll","UnlockAchievementListener","class","AchievementListener","","8","2","0","0","False"
"Assembly-CSharp.dll","UseAPowerupAchievementListener","class","AchievementListener","","8","3","0","0","False"
"Assembly-CSharp.dll","UsePowerupAgainstOpponentAchievementListener","class","AchievementListener","","8","2","0","0","False"
"Assembly-CSharp.dll","AnimatedTexture","class","UnityEngine.MonoBehaviour","","3","5","0","0","False"
"Assembly-CSharp.dll","AnimationDriver","class","UnityEngine.MonoBehaviour","","7","6","1","0","False"
"Assembly-CSharp.dll","AnimationTire","class","UnityEngine.MonoBehaviour","","2","4","0","0","False"
"Assembly-CSharp.dll","FollowCamera","class","UnityEngine.MonoBehaviour","","6","15","0","0","False"
"Assembly-CSharp.dll","PreRaceCamera","class","UnityEngine.MonoBehaviour","","7","10","0","0","False"
"Assembly-CSharp.dll","CarCollider","class","UnityEngine.MonoBehaviour","","47","35","7","0","False"
"Assembly-CSharp.dll","CarCollider+EngineSoundState","enum","System.Enum","System.IComparable;System.IFormattable;System.IConvertible","0","4","0","0","False"
"Assembly-CSharp.dll","CharacterConfigData","class","UnityEngine.MonoBehaviour","","12","1","1","0","False"
"Assembly-CSharp.dll","CharacterConfigData+ConfigData","class","System.Object","","0","7","0","0","False"
"Assembly-CSharp.dll","CompositeProfile","class","UnityEngine.MonoBehaviour","","2","2","0","0","False"
"Assembly-CSharp.dll","CompositeProfile+CompositeSource","class","System.Object","","0","2","0","0","False"
"Assembly-CSharp.dll","CompositeProfile+CompositeSlot","class","System.Object","","0","3","0","0","False"
"Assembly-CSharp.dll","CompositeTextureUtil","class","System.Object","","6","0","0","0","False"
"Assembly-CSharp.dll","CompositeTextureUtil+AsyncTextureProcessor","class","System.Object","","1","1","0","0","False"
"Assembly-CSharp.dll","MultilayerTexture","class","System.Object","","4","1","0","0","False"
"Assembly-CSharp.dll","MultilayerTexture+Layer","class","System.Object","","0","3","0","0","False"
"Assembly-CSharp.dll","StreamedMultilayerTexture","class","System.Object","","4","5","0","0","False"
"Assembly-CSharp.dll","StreamedMultilayerTexture+Layer","class","System.Object","","0","3","0","0","False"
"Assembly-CSharp.dll","AlternateForm","class","UnityEngine.MonoBehaviour","","3","1","0","0","False"
"Assembly-CSharp.dll","AlternateForm+BodyForm","enum","System.Enum","System.IComparable;System.IFormattable;System.IConvertible","0","4","0","0","False"
"Assembly-CSharp.dll","AlternateForm+FormData","class","System.Object","","0","2","0","0","False"
"Assembly-CSharp.dll","CartAttributes","class","System.Object","","12","15","2","0","False"
"Assembly-CSharp.dll","CartPart","class","UnityEngine.MonoBehaviour","","4","8","3","0","False"
"Assembly-CSharp.dll","CartPartList","class","UnityEngine.MonoBehaviour","","18","5","0","0","False"
"Assembly-CSharp.dll","CartPrimaryTextureProfile","class","UnityEngine.MonoBehaviour","","2","2","1","0","False"
"Assembly-CSharp.dll","CartSlot","class","System.Object","","8","8","3","0","False"
"Assembly-CSharp.dll","CartSlot+Slots","enum","System.Enum","System.IComparable;System.IFormattable;System.IConvertible","0","7","0","0","False"
"Assembly-CSharp.dll","PaintJob","class","UnityEngine.MonoBehaviour","","1","4","0","0","False"
"Assembly-CSharp.dll","PlayerInstance","class","UnityEngine.MonoBehaviour","","9","5","1","0","False"
"Assembly-CSharp.dll","CarSnapShot","class","System.Object","","2","10","0","0","False"
"Assembly-CSharp.dll","SnapShotInfo","class","System.Object","","2","2","0","0","False"
"Assembly-CSharp.dll","LocalOptionsData","class","System.Object","","2","6","0","0","False"
"Assembly-CSharp.dll","CloudSaveData","class","System.Object","","1","8","1","0","False"
"Assembly-CSharp.dll","DataUtility","class","UnityEngine.MonoBehaviour","","46","17","5","0","False"
"Assembly-CSharp.dll","LifetimeMetrics","class","System.Object","","8","1","1","0","False"
"Assembly-CSharp.dll","BaseMission","class","UnityEngine.MonoBehaviour","","9","9","0","0","False"
"Assembly-CSharp.dll","BrakeMission","class","BaseMission","","5","1","0","0","False"
"Assembly-CSharp.dll","BuyPowerupMission","class","BaseMission","","6","0","0","0","False"
"Assembly-CSharp.dll","CollectPowerupMission","class","BaseMission","","5","1","0","0","False"
"Assembly-CSharp.dll","CombinePowerupMission","class","BaseMission","","6","0","0","0","False"
"Assembly-CSharp.dll","DriftMission","class","BaseMission","","5","2","0","0","False"
"Assembly-CSharp.dll","FinishTheLapMission","class","BaseMission","","5","0","0","0","False"
"Assembly-CSharp.dll","MissionCollection","class","BaseMission","","11","3","0","0","False"
"Assembly-CSharp.dll","MissionManager","class","UnityEngine.MonoBehaviour","","11","6","2","0","False"
"Assembly-CSharp.dll","PauseMission","class","BaseMission","","5","0","0","0","False"
"Assembly-CSharp.dll","TurnMission","class","BaseMission","","5","0","0","0","False"
"Assembly-CSharp.dll","UsePowerupMission","class","BaseMission","","5","0","0","0","False"
"Assembly-CSharp.dll","CharacterVOControllerGameObjectExtender","class","System.Object","","1","0","0","0","False"
"Assembly-CSharp.dll","CharacterVOController","class","UnityEngine.MonoBehaviour","","5","6","0","0","False"
"Assembly-CSharp.dll","Explosion","class","UnityEngine.MonoBehaviour","","3","0","0","0","False"
"Assembly-CSharp.dll","MusicPlayer","class","UnityEngine.MonoBehaviour","","11","2","2","0","False"
"Assembly-CSharp.dll","SoundLibrary","class","UnityEngine.MonoBehaviour","","22","6","5","0","False"
"Assembly-CSharp.dll","SoundLibrary+SoundClipReference","class","System.Object","","0","3","0","0","False"
"Assembly-CSharp.dll","SoundLibrary+SoundClipDictionary","class","System.Object","","3","1","2","0","False"
"Assembly-CSharp.dll","SoundLibrary+ClipHashDictionary","class","System.Object","","2","1","1","0","False"
"Assembly-CSharp.dll","SoundLibrary+HashClipDictionary","class","System.Object","","2","1","1","0","False"
"Assembly-CSharp.dll","SoundLibraryAddendum","class","UnityEngine.MonoBehaviour","","3","1","0","0","False"
"Assembly-CSharp.dll","SourceFactory","class","System.Object","","5","3","0","0","False"
"Assembly-CSharp.dll","SoundSequencer","class","UnityEngine.MonoBehaviour","","14","5","1","0","False"
"Assembly-CSharp.dll","ApplyEffectDebugUtility","class","UnityEngine.MonoBehaviour","","1","5","0","0","False"
"Assembly-CSharp.dll","AutoDestructParticleSystem","class","UnityEngine.MonoBehaviour","","3","0","0","0","False"
"Assembly-CSharp.dll","BaseEffect","class","System.Object","","21","6","4","0","False"
"Assembly-CSharp.dll","BaseEffect+EffectTypes","enum","System.Enum","System.IComparable;System.IFormattable;System.IConvertible","0","20","0","0","False"
"Assembly-CSharp.dll","BoatAnchorEffect","class","BaseEffect","","6","3","0","0","False"
"Assembly-CSharp.dll","BoosterEffect","class","BaseEffect","","5","1","0","0","False"
"Assembly-CSharp.dll","EffectManager","class","UnityEngine.MonoBehaviour","","14","8","0","0","False"
"Assembly-CSharp.dll","FlipEffect","class","BaseEffect","","5","6","0","0","False"
"Assembly-CSharp.dll","GuidedJumpEffect","class","BaseEffect","","6","7","0","0","False"
"Assembly-CSharp.dll","MineEffect","class","BaseEffect","","5","3","0","0","False"
"Assembly-CSharp.dll","ParticleLibrary","class","UnityEngine.MonoBehaviour","","5","2","1","0","False"
"Assembly-CSharp.dll","ParticleLibrary+ParticlePrefab","class","System.Object","","0","2","0","0","False"
"Assembly-CSharp.dll","ParticleSystemDestroy","class","UnityEngine.MonoBehaviour","","1","0","0","0","False"
"Assembly-CSharp.dll","PieHitEffect","class","BaseEffect","","5","1","0","0","False"
"Assembly-CSharp.dll","PieHitEffect+HitDirection","enum","System.Enum","System.IComparable;System.IFormattable;System.IConvertible","0","3","0","0","False"
"Assembly-CSharp.dll","PowerupMagnet","class","BaseEffect","","7","9","0","0","False"
"Assembly-CSharp.dll","RandomShotEffect","class","BaseEffect","","7","3","0","0","False"
"Assembly-CSharp.dll","RocketEffect","class","BaseEffect","","6","7","0","0","False"
"Assembly-CSharp.dll","RocketRideEffect","class","BaseEffect","","7","7","0","0","False"
"Assembly-CSharp.dll","ShieldEffect","class","BaseEffect","","6","3","1","0","False"
"Assembly-CSharp.dll","ShockedEffect","class","BaseEffect","","5","2","0","0","False"
"Assembly-CSharp.dll","SkidEffect","class","BaseEffect","","5","3","0","0","False"
"Assembly-CSharp.dll","SlowdownEffect","class","BaseEffect","","5","1","0","0","False"
"Assembly-CSharp.dll","SmashEffect","class","BaseEffect","","5","1","0","0","False"
"Assembly-CSharp.dll","SpreadMineEffect","class","BaseEffect","","7","1","0","0","False"
"Assembly-CSharp.dll","TeleportEffect","class","BaseEffect","","5","6","0","0","False"
"Assembly-CSharp.dll","TripLine","class","UnityEngine.MonoBehaviour","","3","0","0","0","False"
"Assembly-CSharp.dll","TripLineEffect","class","BaseEffect","","6","4","0","0","False"
"Assembly-CSharp.dll","WipeoutEffect","class","BaseEffect","","5","6","0","0","False"
"Assembly-CSharp.dll","CameraShake","class","UnityEngine.MonoBehaviour","","8","7","2","0","False"
"Assembly-CSharp.dll","CameraWobble","class","UnityEngine.MonoBehaviour","","1","0","0","0","False"
"Assembly-CSharp.dll","CausticsManager","class","UnityEngine.MonoBehaviour","","2","1","0","0","False"
"Assembly-CSharp.dll","FadeHelper","class","UnityEngine.MonoBehaviour","","16","5","1","0","False"
"Assembly-CSharp.dll","InputBlocker","class","UnityEngine.MonoBehaviour","","3","0","0","0","False"
"Assembly-CSharp.dll","LoadSpin","class","UnityEngine.MonoBehaviour","","4","0","0","0","False"
"Assembly-CSharp.dll","PieSplat","class","UnityEngine.MonoBehaviour","","1","3","0","0","False"
"Assembly-CSharp.dll","RewbieShimmer","class","UnityEngine.MonoBehaviour","","2","2","0","0","False"
"Assembly-CSharp.dll","ShiftContentsOnButtonDown","class","UnityEngine.MonoBehaviour","","3","2","0","0","False"
"Assembly-CSharp.dll","ShiftContentsOnToggleDown","class","UnityEngine.MonoBehaviour","","3","2","0","0","False"
"Assembly-CSharp.dll","UVScroller","class","UnityEngine.MonoBehaviour","","2","1","0","0","False"
"Assembly-CSharp.dll","UVScroller+UVScroll","class","System.Object","","0","4","0","0","False"
"Assembly-CSharp.dll","EnsureGlobals","class","UnityEngine.MonoBehaviour","","1","1","0","0","False"
"Assembly-CSharp.dll","GDMOManager","class","UnityEngine.MonoBehaviour","","6","3","0","0","False"
"Assembly-CSharp.dll","LowEndInhibitor","class","UnityEngine.MonoBehaviour","","1","2","0","0","False"
"Assembly-CSharp.dll","ParticleReducer","class","UnityEngine.MonoBehaviour","","1","1","0","0","False"
"Assembly-CSharp.dll","ParticleReducer+PlatformProfile","class","System.Object","","0","3","0","0","False"
"Assembly-CSharp.dll","BasePickup","class","UnityEngine.MonoBehaviour","","4","4","0","0","False"
"Assembly-CSharp.dll","BoosterPickup","class","BasePickup","","1","2","0","0","False"
"Assembly-CSharp.dll","MinePickup","class","BasePickup","","1","1","0","0","False"
"Assembly-CSharp.dll","PickupSpawner","class","UnityEngine.MonoBehaviour","","5","6","0","0","False"
"Assembly-CSharp.dll","RocketPickup","class","BasePickup","","1","1","0","0","False"
"Assembly-CSharp.dll","ShieldPickup","class","BasePickup","","1","1","0","0","False"
"Assembly-CSharp.dll","PlayerAccelControl","class","UnityEngine.MonoBehaviour","","6","5","1","0","False"
"Assembly-CSharp.dll","PlayerControlLinker","class","UnityEngine.MonoBehaviour","","1","0","0","0","False"
"Assembly-CSharp.dll","PlayerKeyboardControl","class","UnityEngine.MonoBehaviour","","5","1","0","0","False"
"Assembly-CSharp.dll","PlayerKeyboardControl+KeyEvents","enum","System.Enum","System.IComparable;System.IFormattable;System.IConvertible","0","9","0","0","False"
"Assembly-CSharp.dll","PlayerKeyboardControl+KeyEventBinding","class","System.Object","","2","2","0","0","False"
"Assembly-CSharp.dll","PowerupHolder","class","UnityEngine.MonoBehaviour","","10","7","3","0","False"
"Assembly-CSharp.dll","QualityControl","class","System.Object","","7","0","6","0","False"
"Assembly-CSharp.dll","RuntimeEditorUtils","class","UnityEngine.MonoBehaviour","","0","0","0","0","False"
"Assembly-CSharp.dll","ShadowBlob","class","UnityEngine.MonoBehaviour","","5","5","1","0","False"
"Assembly-CSharp.dll","SpringConnection","class","UnityEngine.MonoBehaviour","","2","11","0","0","False"
"Assembly-CSharp.dll","SpringConnection+RestrictDirection","enum","System.Enum","System.IComparable;System.IFormattable;System.IConvertible","0","4","0","0","False"
"Assembly-CSharp.dll","ClipReference","class","System.Object","","0","2","0","0","False"
"Assembly-CSharp.dll","SoundPackage","class","UnityEngine.MonoBehaviour","","0","1","0","0","False"
"Assembly-CSharp.dll","SoundPackageReference","class","System.Object","","0","3","0","0","False"
"Assembly-CSharp.dll","SoundPackageLoadReference","class","System.Object","","0","3","0","0","False"
"Assembly-CSharp.dll","SoundPackageManager","class","UnityEngine.MonoBehaviour","","9","4","2","0","False"
"Assembly-CSharp.dll","StreamManager","class","UnityEngine.MonoBehaviour","","12","2","2","0","False"
"Assembly-CSharp.dll","StreamManager+StreamType","enum","System.Enum","System.IComparable;System.IFormattable;System.IConvertible","0","4","0","0","False"
"Assembly-CSharp.dll","StreamManager+Asset","class","System.Object","","5","8","4","0","False"
"Assembly-CSharp.dll","StreamManager+AssetCluster","class","System.Object","","8","1","2","0","False"
"Assembly-CSharp.dll","StreamTest","class","UnityEngine.MonoBehaviour","","2","0","0","0","False"
"Assembly-CSharp.dll","BarrelLauncher","class","UnityEngine.MonoBehaviour","","3","4","0","0","False"
"Assembly-CSharp.dll","BarrelSpawner","class","UnityEngine.MonoBehaviour","","5","5","0","0","False"
"Assembly-CSharp.dll","BasketBall","class","UnityEngine.MonoBehaviour","","3","3","0","0","False"
"Assembly-CSharp.dll","BillboardRemover","class","UnityEngine.MonoBehaviour","","3","1","0","0","False"
"Assembly-CSharp.dll","BreakableObject","class","UnityEngine.MonoBehaviour","","3","1","0","0","False"
"Assembly-CSharp.dll","BubbleJet","class","UnityEngine.MonoBehaviour","","3","1","0","0","False"
"Assembly-CSharp.dll","Coin","class","UnityEngine.MonoBehaviour","","2","3","0","0","False"
"Assembly-CSharp.dll","CoinPoint","class","UnityEngine.MonoBehaviour","","7","9","1","0","False"
"Assembly-CSharp.dll","CoinPoint+ShapeTypes","enum","System.Enum","System.IComparable;System.IFormattable;System.IConvertible","0","3","0","0","False"
"Assembly-CSharp.dll","Crab","class","UnityEngine.MonoBehaviour","","6","8","0","0","False"
"Assembly-CSharp.dll","ExplodingBarrel","class","UnityEngine.MonoBehaviour","","6","4","0","0","False"
"Assembly-CSharp.dll","GuidedJumpTrigger","class","UnityEngine.MonoBehaviour","","2","2","0","0","False"
"Assembly-CSharp.dll","PieAttack","class","UnityEngine.MonoBehaviour","","7","4","0","0","False"
"Assembly-CSharp.dll","PieLauncher","class","UnityEngine.MonoBehaviour","","3","5","0","0","False"
"Assembly-CSharp.dll","PyroTechnics","class","UnityEngine.MonoBehaviour","","3","1","0","0","False"
"Assembly-CSharp.dll","SpringTrigger","class","UnityEngine.MonoBehaviour","","2","1","0","0","False"
"Assembly-CSharp.dll","TeleportTrigger","class","UnityEngine.MonoBehaviour","","2","1","0","0","False"
"Assembly-CSharp.dll","TerrainEffectTrigger","class","UnityEngine.MonoBehaviour","","3","6","0","0","False"
"Assembly-CSharp.dll","TurkeyGooShooter","class","UnityEngine.MonoBehaviour","","1","5","0","0","False"
"Assembly-CSharp.dll","WhoopieCushion","class","UnityEngine.MonoBehaviour","","4","1","0","0","False"
"Assembly-CSharp.dll","ActiveObjectListSwtich","class","UnityEngine.MonoBehaviour","","3","3","0","0","False"
"Assembly-CSharp.dll","CarMetrics","class","UnityEngine.MonoBehaviour","","8","9","0","0","False"
"Assembly-CSharp.dll","CarProgress","class","System.Object","","1","7","0","0","False"
"Assembly-CSharp.dll","DebugTrackStrapper","class","UnityEngine.MonoBehaviour","","1","2","0","0","False"
"Assembly-CSharp.dll","LocalizedAssetSwapper","class","UnityEngine.MonoBehaviour","","1","4","0","0","False"
"Assembly-CSharp.dll","ObjectGroupList","class","UnityEngine.MonoBehaviour","","3","3","1","0","False"
"Assembly-CSharp.dll","ObjectTrackDistanceLogic","class","UnityEngine.MonoBehaviour","","5","1","0","0","False"
"Assembly-CSharp.dll","ProgressTriggerLogic","class","UnityEngine.MonoBehaviour","","2","3","0","0","False"
"Assembly-CSharp.dll","RaceManager","class","UnityEngine.MonoBehaviour","","47","34","9","1","False"
"Assembly-CSharp.dll","RaceManager+RaceDifficultyLevel","enum","System.Enum","System.IComparable;System.IFormattable;System.IConvertible","0","5","0","0","False"
"Assembly-CSharp.dll","RaceResults","class","UnityEngine.MonoBehaviour","","0","5","0","0","False"
"Assembly-CSharp.dll","RaceSettings","class","UnityEngine.MonoBehaviour","","12","15","2","0","False"
"Assembly-CSharp.dll","RaceSettings+RaceModes","enum","System.Enum","System.IComparable;System.IFormattable;System.IConvertible","0","4","0","0","False"
"Assembly-CSharp.dll","RaceSettings+AICartSettings","class","System.Object","","0","4","0","0","False"
"Assembly-CSharp.dll","ResetTrigger","class","UnityEngine.MonoBehaviour","","1","2","0","0","False"
"Assembly-CSharp.dll","RocketRideRemover","class","UnityEngine.MonoBehaviour","","3","0","0","0","False"
"Assembly-CSharp.dll","SpeedPoint","class","UnityEngine.MonoBehaviour","","6","3","0","0","False"
"Assembly-CSharp.dll","SpeedPoint+SpeedBranchStruct","class","System.Object","","0","2","0","0","False"
"Assembly-CSharp.dll","WaypointLogic","class","UnityEngine.MonoBehaviour","","11","11","1","0","False"
"Assembly-CSharp.dll","TrackUnlockHelper","class","UnityEngine.MonoBehaviour","","14","3","2","0","False"
"Assembly-CSharp.dll","TrackUnlockHelper+TrackMedals","class","System.Object","","0","2","0","0","False"
"Assembly-CSharp.dll","TrackUnlockHelper+CircuitTracks","class","System.Object","","0","2","0","0","False"
"Assembly-CSharp.dll","TriFoot","class","UnityEngine.MonoBehaviour","","18","5","6","0","False"
"Assembly-CSharp.dll","DebugLapButtonPublisher","class","UghPublisher","","3","0","0","0","False"
"Assembly-CSharp.dll","DebugMoreCoinsPublisher","class","UghPublisher","","9","5","0","0","False"
"Assembly-CSharp.dll","DebugRaceResultPublisher","class","UghPublisher","","3","1","0","0","False"
"Assembly-CSharp.dll","DebugRewindDialogPublisher","class","UghPublisher","","4","2","0","0","False"
"Assembly-CSharp.dll","AchievementCategoryPublisher","class","UghPublisher","","5","0","0","0","False"
"Assembly-CSharp.dll","AchievementPanelPublisher","class","UghPublisher","","3","2","1","0","False"
"Assembly-CSharp.dll","AchievementUI","class","UghPublisher","","10","7","0","0","False"
"Assembly-CSharp.dll","AchievementWindowPublisher","class","UghPublisher","","7","2","0","0","False"
"Assembly-CSharp.dll","AgeGatePopup","class","UghPublisher","","11","6","0","0","False"
"Assembly-CSharp.dll","AgeGatePopup+MathOperation","enum","System.Enum","System.IComparable;System.IFormattable;System.IConvertible","0","5","0","0","False"
"Assembly-CSharp.dll","CartCustomizerPublisher","class","UghPublisher","","54","23","1","0","False"
"Assembly-CSharp.dll","CharacterButtonPublisher","class","UghPublisher","","1","1","0","0","False"
"Assembly-CSharp.dll","CharacterPreview","class","UnityEngine.MonoBehaviour","","8","8","0","0","False"
"Assembly-CSharp.dll","CharacterPreview+PreviewPart","class","System.Object","","0","3","0","0","False"
"Assembly-CSharp.dll","CharacterSelectPublisher","class","UghPublisher","","16","9","0","0","False"
"Assembly-CSharp.dll","CharacterSelectPublisher+Logo","class","System.Object","","0","4","0","0","False"
"Assembly-CSharp.dll","CloudStrap","class","UnityEngine.MonoBehaviour","","2","0","0","0","False"
"Assembly-CSharp.dll","ConfirmationPublisher","class","UghPublisher","","6","1","0","0","False"
"Assembly-CSharp.dll","CreditsPublisher","class","UghPublisher","","7","0","0","0","False"
"Assembly-CSharp.dll","DailyBonusPublisher","class","UghPublisher","","4","0","0","0","False"
"Assembly-CSharp.dll","DifficultyMenuPublisher","class","UghPublisher","","6","5","0","0","False"
"Assembly-CSharp.dll","FrontEndCamera","class","UnityEngine.MonoBehaviour","","7","8","1","0","False"
"Assembly-CSharp.dll","FrontEndCameraTarget","class","UnityEngine.MonoBehaviour","","1","0","0","0","False"
"Assembly-CSharp.dll","FrontEndLogic","class","UnityEngine.MonoBehaviour","","15","15","1","0","False"
"Assembly-CSharp.dll","FrontEndLogic+MenuStruct","class","System.Object","","0","3","0","0","False"
"Assembly-CSharp.dll","FrontEndTutorialHandler","class","UnityEngine.MonoBehaviour","","8","5","1","0","False"
"Assembly-CSharp.dll","FrontEndTutorialHandler+TutorialSettings","class","System.Object","","0","6","0","0","False"
"Assembly-CSharp.dll","FrontEndTutorialPublisher","class","UghPublisher","","15","5","0","0","False"
"Assembly-CSharp.dll","GenericPopupPublisher","class","UghPublisher","","5","0","0","0","False"
"Assembly-CSharp.dll","LoadingPublisher","class","UghPublisher","","10","3","0","0","False"
"Assembly-CSharp.dll","LocalizeCloudStrap","class","UnityEngine.MonoBehaviour","","3","1","0","0","False"
"Assembly-CSharp.dll","MoreDisneyLogic","class","UnityEngine.MonoBehaviour","","2","0","0","0","False"
"Assembly-CSharp.dll","PaintSlotPublisher","class","UghPublisher","","4","4","0","0","False"
"Assembly-CSharp.dll","PaintSlotPublisher+States","enum","System.Enum","System.IComparable;System.IFormattable;System.IConvertible","0","4","0","0","False"
"Assembly-CSharp.dll","PlayMenuPublisher","class","UghPublisher","","8","1","0","0","False"
"Assembly-CSharp.dll","PlaySummaryPublisher","class","UghPublisher","","11","4","0","0","False"
"Assembly-CSharp.dll","PopoverPublisher","class","UghPublisher","","4","4","0","0","False"
"Assembly-CSharp.dll","PreviewCart","class","UnityEngine.MonoBehaviour","","26","20","3","0","False"
"Assembly-CSharp.dll","PreviewCart+PreviewPart","class","System.Object","","0","3","0","0","False"
"Assembly-CSharp.dll","PreviewCart+PreviewPaint","class","System.Object","","0","2","0","0","False"
"Assembly-CSharp.dll","SelectCircuitPublisher","class","UghPublisher","","13","10","0","0","False"
"Assembly-CSharp.dll","SelectCircuitPublisher+CircuitBanner","class","System.Object","","0","4","0","0","False"
"Assembly-CSharp.dll","SelectCircuitPublisher+TrophyAssets","class","System.Object","","0","2","0","0","False"
"Assembly-CSharp.dll","SettingsMenuPublisher","class","UghPublisher","","14","2","0","0","False"
"Assembly-CSharp.dll","ShiftUIPublisher","class","UghPublisher","","19","11","0","1","False"
"Assembly-CSharp.dll","ShiftUIPublisher+Icon","class","System.Object","","0","2","0","0","False"
"Assembly-CSharp.dll","ShiftUIPublisher+ShifterPosition","class","System.Object","","1","2","0","0","False"
"Assembly-CSharp.dll","ShiftUIPublisher+ShifterSlot","class","System.Object","","0","2","0","0","False"
"Assembly-CSharp.dll","ShiftUIPublisher+ShiftKeyframe","class","System.Object","","0","2","0","0","False"
"Assembly-CSharp.dll","ShiftUIPublisher+UISlot","enum","System.Enum","System.IComparable;System.IFormattable;System.IConvertible","0","6","0","0","False"
"Assembly-CSharp.dll","TrackSelectPublisher","class","UghPublisher","","11","9","0","0","False"
"Assembly-CSharp.dll","TrackSelectPublisher+TrackIcon","class","System.Object","","0","2","0","0","False"
"Assembly-CSharp.dll","TutorialLauncherPublisher","class","UghPublisher","","5","1","0","0","False"
"Assembly-CSharp.dll","UnlockedCircuitPublisher","class","AchievementWindowPublisher","","7","4","1","0","False"
"Assembly-CSharp.dll","UnlockedCircuitPublisher+CircuitBanner","class","System.Object","","0","4","0","0","False"
"Assembly-CSharp.dll","VolumeSlider","class","UnityEngine.MonoBehaviour","","7","6","1","0","False"
"Assembly-CSharp.dll","BlipTrackPublisher","class","UghPublisher","","3","6","0","0","False"
"Assembly-CSharp.dll","CatchupNotify","class","UnityEngine.MonoBehaviour","","2","0","0","0","False"
"Assembly-CSharp.dll","DriftButton","class","UghHeldButton","","4","0","0","0","False"
"Assembly-CSharp.dll","DriftScalePublisher","class","UghPublisher","","4","7","0","0","False"
"Assembly-CSharp.dll","HUDLogic","class","UghPublisher","","33","31","4","0","False"
"Assembly-CSharp.dll","HUDLogic+PowerupDisplay","class","System.Object","","0","2","0","0","False"
"Assembly-CSharp.dll","HUDLogic+ArrowTarget","class","System.Object","","0","2","0","0","False"
"Assembly-CSharp.dll","MineNotifyPublisher","class","UghPublisher","","5","1","0","0","False"
"Assembly-CSharp.dll","ReverseButton","class","UghHeldButton","","4","0","0","0","False"
"Assembly-CSharp.dll","TouchTurnTrack","class","UghButton","","0","0","0","0","False"
"Assembly-CSharp.dll","UghHeldButton","class","UghButton","","7","1","1","0","False"
"Assembly-CSharp.dll","PausePublisher","class","UghPublisher","","6","0","0","0","False"
"Assembly-CSharp.dll","PreFrontEndHoop","class","UnityEngine.MonoBehaviour","","1","0","0","0","False"
"Assembly-CSharp.dll","MissionDialogPublisher","class","UghPublisher","","5","5","0","0","False"
"Assembly-CSharp.dll","RaceResultsPublisher","class","UghPublisher","","11","7","0","0","False"
"Assembly-CSharp.dll","RaceResultsPublisher+CharacterIcon","class","System.Object","","0","2","0","0","False"
"Assembly-CSharp.dll","RewindDialogPublisher","class","UghPublisher","","8","2","1","0","False"
"Assembly-CSharp.dll","RewindLapSlotPublisher","class","UghPublisher","","1","1","0","0","False"
"Assembly-CSharp.dll","ScreenFader","class","UnityEngine.MonoBehaviour","","11","7","1","0","False"
"Assembly-CSharp.dll","ScreenTimeoutController","class","UnityEngine.MonoBehaviour","","4","1","0","0","False"
"Assembly-CSharp.dll","CarAI+TestActionDelegate","delegate","System.MulticastDelegate","System.ICloneable;System.Runtime.Serialization.ISerializable","3","0","0","0","False"
"Assembly-CSharp.dll","RaceManager+RaceInitHandler","delegate","System.MulticastDelegate","System.ICloneable;System.Runtime.Serialization.ISerializable","3","0","0","0","False"
"Assembly-CSharp.dll","CarAI+<AIEvaluationPump>c__Iterator0","class","System.Object","System.IDisposable;System.Collections.IEnumerator;System.Collections.Generic.IEnumerator`1[[System.Object, mscorlib, Version=4.0.0.0, Culture=neutral, PublicKeyToken=b77a5c561934e089]]","5","3","2","0","True"
"Assembly-CSharp.dll","GimpedCarAI+<PowerupUseEvaluationCoroutinue>c__Iterator1","class","System.Object","System.IDisposable;System.Collections.IEnumerator;System.Collections.Generic.IEnumerator`1[[System.Object, mscorlib, Version=4.0.0.0, Culture=neutral, PublicKeyToken=b77a5c561934e089]]","5","4","2","0","True"
"Assembly-CSharp.dll","GimpedCarAI+<AggressionTherapyCoroutine>c__Iterator2","class","System.Object","System.IDisposable;System.Collections.IEnumerator;System.Collections.Generic.IEnumerator`1[[System.Object, mscorlib, Version=4.0.0.0, Culture=neutral, PublicKeyToken=b77a5c561934e089]]","5","4","2","0","True"
"Assembly-CSharp.dll","MineAI+<ArmMine>c__Iterator3","class","System.Object","System.IDisposable;System.Collections.IEnumerator;System.Collections.Generic.IEnumerator`1[[System.Object, mscorlib, Version=4.0.0.0, Culture=neutral, PublicKeyToken=b77a5c561934e089]]","5","3","2","0","True"
"Assembly-CSharp.dll","RotatorAI+<RotateCoroutine>c__Iterator4","class","System.Object","System.IDisposable;System.Collections.IEnumerator;System.Collections.Generic.IEnumerator`1[[System.Object, mscorlib, Version=4.0.0.0, Culture=neutral, PublicKeyToken=b77a5c561934e089]]","5","3","2","0","True"
"Assembly-CSharp.dll","CheckPowerupUseAchievementListener+<PowerupUseCheckPump>c__Iterator5","class","System.Object","System.IDisposable;System.Collections.IEnumerator;System.Collections.Generic.IEnumerator`1[[System.Object, mscorlib, Version=4.0.0.0, Culture=neutral, PublicKeyToken=b77a5c561934e089]]","5","3","2","0","True"
"Assembly-CSharp.dll","CoinBalanceAchievementListener+<CheckCoinBalanceCoroutine>c__Iterator6","class","System.Object","System.IDisposable;System.Collections.IEnumerator;System.Collections.Generic.IEnumerator`1[[System.Object, mscorlib, Version=4.0.0.0, Culture=neutral, PublicKeyToken=b77a5c561934e089]]","5","3","2","0","True"
"Assembly-CSharp.dll","CompleteAllMissionsAchievementListener+<CheckAllMissionsCoroutine>c__Iterator7","class","System.Object","System.IDisposable;System.Collections.IEnumerator;System.Collections.Generic.IEnumerator`1[[System.Object, mscorlib, Version=4.0.0.0, Culture=neutral, PublicKeyToken=b77a5c561934e089]]","5","14","2","0","True"
"Assembly-CSharp.dll","EquipPaintJobAchievementListener+<CheckPaintJobs>c__Iterator8","class","System.Object","System.IDisposable;System.Collections.IEnumerator;System.Collections.Generic.IEnumerator`1[[System.Object, mscorlib, Version=4.0.0.0, Culture=neutral, PublicKeyToken=b77a5c561934e089]]","5","9","2","0","True"
"Assembly-CSharp.dll","EquipPartSetAchievementListener+<CheckCartSet>c__Iterator9","class","System.Object","System.IDisposable;System.Collections.IEnumerator;System.Collections.Generic.IEnumerator`1[[System.Object, mscorlib, Version=4.0.0.0, Culture=neutral, PublicKeyToken=b77a5c561934e089]]","5","8","2","0","True"
"Assembly-CSharp.dll","GetHitByTrackHazardAchievementListener+<CheckMetricsPump>c__IteratorA","class","System.Object","System.IDisposable;System.Collections.IEnumerator;System.Collections.Generic.IEnumerator`1[[System.Object, mscorlib, Version=4.0.0.0, Culture=neutral, PublicKeyToken=b77a5c561934e089]]","5","3","2","0","True"
"Assembly-CSharp.dll","HitMaxSpeedAchievementListener+<CheckMaxSpeedCoroutine>c__IteratorB","class","System.Object","System.IDisposable;System.Collections.IEnumerator;System.Collections.Generic.IEnumerator`1[[System.Object, mscorlib, Version=4.0.0.0, Culture=neutral, PublicKeyToken=b77a5c561934e089]]","5","5","2","0","True"
"Assembly-CSharp.dll","InRaceAquirePickupListener+<CheckMetricsPump>c__IteratorC","class","System.Object","System.IDisposable;System.Collections.IEnumerator;System.Collections.Generic.IEnumerator`1[[System.Object, mscorlib, Version=4.0.0.0, Culture=neutral, PublicKeyToken=b77a5c561934e089]]","5","3","2","0","True"
"Assembly-CSharp.dll","LifetimeInAirAchievementListener+<CheckAirTimeCoroutine>c__IteratorD","class","System.Object","System.IDisposable;System.Collections.IEnumerator;System.Collections.Generic.IEnumerator`1[[System.Object, mscorlib, Version=4.0.0.0, Culture=neutral, PublicKeyToken=b77a5c561934e089]]","5","4","2","0","True"
"Assembly-CSharp.dll","LifetimeOpponentHitsAchievementListener+<CheckMetricsPump>c__IteratorE","class","System.Object","System.IDisposable;System.Collections.IEnumerator;System.Collections.Generic.IEnumerator`1[[System.Object, mscorlib, Version=4.0.0.0, Culture=neutral, PublicKeyToken=b77a5c561934e089]]","5","3","2","0","True"
"Assembly-CSharp.dll","LifetimePowerupCollectionAchievementListener+<CheckMetricsPump>c__IteratorF","class","System.Object","System.IDisposable;System.Collections.IEnumerator;System.Collections.Generic.IEnumerator`1[[System.Object, mscorlib, Version=4.0.0.0, Culture=neutral, PublicKeyToken=b77a5c561934e089]]","5","3","2","0","True"
"Assembly-CSharp.dll","MaxCrashSpeedAchievementListener+<CheckMaxCrashSpeedCoroutine>c__Iterator10","class","System.Object","System.IDisposable;System.Collections.IEnumerator;System.Collections.Generic.IEnumerator`1[[System.Object, mscorlib, Version=4.0.0.0, Culture=neutral, PublicKeyToken=b77a5c561934e089]]","5","5","2","0","True"
"Assembly-CSharp.dll","MetaMissionGroupAchievementListener+<CheckCompletionCoroutine>c__Iterator11","class","System.Object","System.IDisposable;System.Collections.IEnumerator;System.Collections.Generic.IEnumerator`1[[System.Object, mscorlib, Version=4.0.0.0, Culture=neutral, PublicKeyToken=b77a5c561934e089]]","5","7","2","0","True"
"Assembly-CSharp.dll","PickupCoinsPerRaceAchievementListener+<CheckMetricsPump>c__Iterator12","class","System.Object","System.IDisposable;System.Collections.IEnumerator;System.Collections.Generic.IEnumerator`1[[System.Object, mscorlib, Version=4.0.0.0, Culture=neutral, PublicKeyToken=b77a5c561934e089]]","5","3","2","0","True"
"Assembly-CSharp.dll","PowerSlideBoostAchievementListener+<CheckMetricsPump>c__Iterator13","class","System.Object","System.IDisposable;System.Collections.IEnumerator;System.Collections.Generic.IEnumerator`1[[System.Object, mscorlib, Version=4.0.0.0, Culture=neutral, PublicKeyToken=b77a5c561934e089]]","5","3","2","0","True"
"Assembly-CSharp.dll","PowerupHitInAirAchievementListener+<CheckMetricsPump>c__Iterator14","class","System.Object","System.IDisposable;System.Collections.IEnumerator;System.Collections.Generic.IEnumerator`1[[System.Object, mscorlib, Version=4.0.0.0, Culture=neutral, PublicKeyToken=b77a5c561934e089]]","5","3","2","0","True"
"Assembly-CSharp.dll","SpendCoinsOverLifetimeAchievementListener+<CheckSpentCoinsCoroutine>c__Iterator15","class","System.Object","System.IDisposable;System.Collections.IEnumerator;System.Collections.Generic.IEnumerator`1[[System.Object, mscorlib, Version=4.0.0.0, Culture=neutral, PublicKeyToken=b77a5c561934e089]]","5","4","2","0","True"
"Assembly-CSharp.dll","TimeInAirAchievementListener+<CheckAirTimeCoroutine>c__Iterator16","class","System.Object","System.IDisposable;System.Collections.IEnumerator;System.Collections.Generic.IEnumerator`1[[System.Object, mscorlib, Version=4.0.0.0, Culture=neutral, PublicKeyToken=b77a5c561934e089]]","5","5","2","0","True"
"Assembly-CSharp.dll","UnlockAchievementListener+<CheckUnlocks>c__Iterator17","class","System.Object","System.IDisposable;System.Collections.IEnumerator;System.Collections.Generic.IEnumerator`1[[System.Object, mscorlib, Version=4.0.0.0, Culture=neutral, PublicKeyToken=b77a5c561934e089]]","5","3","2","0","True"
"Assembly-CSharp.dll","UseAPowerupAchievementListener+<PowerupUseCheckPump>c__Iterator18","class","System.Object","System.IDisposable;System.Collections.IEnumerator;System.Collections.Generic.IEnumerator`1[[System.Object, mscorlib, Version=4.0.0.0, Culture=neutral, PublicKeyToken=b77a5c561934e089]]","5","3","2","0","True"
"Assembly-CSharp.dll","UsePowerupAgainstOpponentAchievementListener+<CheckMetricsPump>c__Iterator19","class","System.Object","System.IDisposable;System.Collections.IEnumerator;System.Collections.Generic.IEnumerator`1[[System.Object, mscorlib, Version=4.0.0.0, Culture=neutral, PublicKeyToken=b77a5c561934e089]]","5","3","2","0","True"
"Assembly-CSharp.dll","AnimatedTexture+<UpdateTexture>c__Iterator1A","class","System.Object","System.IDisposable;System.Collections.IEnumerator;System.Collections.Generic.IEnumerator`1[[System.Object, mscorlib, Version=4.0.0.0, Culture=neutral, PublicKeyToken=b77a5c561934e089]]","5","4","2","0","True"
"Assembly-CSharp.dll","AnimationDriver+<CrossFadeToNewAnimation>c__Iterator1B","class","System.Object","System.IDisposable;System.Collections.IEnumerator;System.Collections.Generic.IEnumerator`1[[System.Object, mscorlib, Version=4.0.0.0, Culture=neutral, PublicKeyToken=b77a5c561934e089]]","5","8","2","0","True"
"Assembly-CSharp.dll","CarCollider+<CarUpdatePump>c__Iterator1C","class","System.Object","System.IDisposable;System.Collections.IEnumerator;System.Collections.Generic.IEnumerator`1[[System.Object, mscorlib, Version=4.0.0.0, Culture=neutral, PublicKeyToken=b77a5c561934e089]]","5","3","2","0","True"
"Assembly-CSharp.dll","CharacterConfigData+<LoadWebConfig>c__Iterator1D","class","System.Object","System.IDisposable;System.Collections.IEnumerator;System.Collections.Generic.IEnumerator`1[[System.Object, mscorlib, Version=4.0.0.0, Culture=neutral, PublicKeyToken=b77a5c561934e089]]","5","4","2","0","True"
"Assembly-CSharp.dll","CompositeTextureUtil+AsyncTextureProcessor+<GenerateCompositeTextureAsync>c__Iterator1E","class","System.Object","System.IDisposable;System.Collections.IEnumerator;System.Collections.Generic.IEnumerator`1[[System.Object, mscorlib, Version=4.0.0.0, Culture=neutral, PublicKeyToken=b77a5c561934e089]]","5","9","2","0","True"
"Assembly-CSharp.dll","CartPartList+<ModifyPartCostsCoroutine>c__Iterator1F","class","System.Object","System.IDisposable;System.Collections.IEnumerator;System.Collections.Generic.IEnumerator`1[[System.Object, mscorlib, Version=4.0.0.0, Culture=neutral, PublicKeyToken=b77a5c561934e089]]","5","4","2","0","True"
"Assembly-CSharp.dll","PlayerInstance+<ConstructCart>c__Iterator20","class","System.Object","System.IDisposable;System.Collections.IEnumerator;System.Collections.Generic.IEnumerator`1[[System.Object, mscorlib, Version=4.0.0.0, Culture=neutral, PublicKeyToken=b77a5c561934e089]]","5","40","2","0","True"
"Assembly-CSharp.dll","DataUtility+<StartStorePurchase>c__Iterator21","class","System.Object","System.IDisposable;System.Collections.IEnumerator;System.Collections.Generic.IEnumerator`1[[System.Object, mscorlib, Version=4.0.0.0, Culture=neutral, PublicKeyToken=b77a5c561934e089]]","5","5","2","0","True"
"Assembly-CSharp.dll","DataUtility+<FinalizePurchase>c__Iterator22","class","System.Object","System.IDisposable;System.Collections.IEnumerator;System.Collections.Generic.IEnumerator`1[[System.Object, mscorlib, Version=4.0.0.0, Culture=neutral, PublicKeyToken=b77a5c561934e089]]","5","13","2","0","True"
"Assembly-CSharp.dll","MissionManager+<WaitForNextMission>c__Iterator23","class","System.Object","System.IDisposable;System.Collections.IEnumerator;System.Collections.Generic.IEnumerator`1[[System.Object, mscorlib, Version=4.0.0.0, Culture=neutral, PublicKeyToken=b77a5c561934e089]]","5","6","2","0","True"
"Assembly-CSharp.dll","Explosion+<ExplosionDeath>c__Iterator24","class","System.Object","System.IDisposable;System.Collections.IEnumerator;System.Collections.Generic.IEnumerator`1[[System.Object, mscorlib, Version=4.0.0.0, Culture=neutral, PublicKeyToken=b77a5c561934e089]]","5","3","2","0","True"
"Assembly-CSharp.dll","MusicPlayer+<RestoreVolumeAfterSound>c__Iterator25","class","System.Object","System.IDisposable;System.Collections.IEnumerator;System.Collections.Generic.IEnumerator`1[[System.Object, mscorlib, Version=4.0.0.0, Culture=neutral, PublicKeyToken=b77a5c561934e089]]","5","3","2","0","True"
"Assembly-CSharp.dll","SoundSequencer+<Recycle>c__Iterator26","class","System.Object","System.IDisposable;System.Collections.IEnumerator;System.Collections.Generic.IEnumerator`1[[System.Object, mscorlib, Version=4.0.0.0, Culture=neutral, PublicKeyToken=b77a5c561934e089]]","5","3","2","0","True"
"Assembly-CSharp.dll","ParticleSystemDestroy+<Start>c__Iterator27","class","System.Object","System.IDisposable;System.Collections.IEnumerator;System.Collections.Generic.IEnumerator`1[[System.Object, mscorlib, Version=4.0.0.0, Culture=neutral, PublicKeyToken=b77a5c561934e089]]","5","8","2","0","True"
"Assembly-CSharp.dll","CausticsManager+<UpdateCausticsCoroutine>c__Iterator28","class","System.Object","System.IDisposable;System.Collections.IEnumerator;System.Collections.Generic.IEnumerator`1[[System.Object, mscorlib, Version=4.0.0.0, Culture=neutral, PublicKeyToken=b77a5c561934e089]]","5","3","2","0","True"
"Assembly-CSharp.dll","FadeHelper+<Fader>c__Iterator29","class","System.Object","System.IDisposable;System.Collections.IEnumerator;System.Collections.Generic.IEnumerator`1[[System.Object, mscorlib, Version=4.0.0.0, Culture=neutral, PublicKeyToken=b77a5c561934e089]]","9","28","2","0","True"
"Assembly-CSharp.dll","InputBlocker+<Start>c__Iterator2A","class","System.Object","System.IDisposable;System.Collections.IEnumerator;System.Collections.Generic.IEnumerator`1[[System.Object, mscorlib, Version=4.0.0.0, Culture=neutral, PublicKeyToken=b77a5c561934e089]]","5","7","2","0","True"
"Assembly-CSharp.dll","InputBlocker+<FadeOutHelper>c__Iterator2B","class","System.Object","System.IDisposable;System.Collections.IEnumerator;System.Collections.Generic.IEnumerator`1[[System.Object, mscorlib, Version=4.0.0.0, Culture=neutral, PublicKeyToken=b77a5c561934e089]]","5","7","2","0","True"
"Assembly-CSharp.dll","LoadSpin+<Start>c__Iterator2C","class","System.Object","System.IDisposable;System.Collections.IEnumerator;System.Collections.Generic.IEnumerator`1[[System.Object, mscorlib, Version=4.0.0.0, Culture=neutral, PublicKeyToken=b77a5c561934e089]]","5","5","2","0","True"
"Assembly-CSharp.dll","LoadSpin+<FadeHelper>c__Iterator2D","class","System.Object","System.IDisposable;System.Collections.IEnumerator;System.Collections.Generic.IEnumerator`1[[System.Object, mscorlib, Version=4.0.0.0, Culture=neutral, PublicKeyToken=b77a5c561934e089]]","5","9","2","0","True"
"Assembly-CSharp.dll","PieSplat+<Start>c__Iterator2E","class","System.Object","System.IDisposable;System.Collections.IEnumerator;System.Collections.Generic.IEnumerator`1[[System.Object, mscorlib, Version=4.0.0.0, Culture=neutral, PublicKeyToken=b77a5c561934e089]]","5","11","2","0","True"
"Assembly-CSharp.dll","RewbieShimmer+<Shimmer>c__Iterator2F","class","System.Object","System.IDisposable;System.Collections.IEnumerator;System.Collections.Generic.IEnumerator`1[[System.Object, mscorlib, Version=4.0.0.0, Culture=neutral, PublicKeyToken=b77a5c561934e089]]","5","3","2","0","True"
"Assembly-CSharp.dll","PickupSpawner+<SpawnCheck>c__Iterator30","class","System.Object","System.IDisposable;System.Collections.IEnumerator;System.Collections.Generic.IEnumerator`1[[System.Object, mscorlib, Version=4.0.0.0, Culture=neutral, PublicKeyToken=b77a5c561934e089]]","5","3","2","0","True"
"Assembly-CSharp.dll","SoundPackageManager+<LoadPackageCoroutine>c__Iterator31","class","System.Object","System.IDisposable;System.Collections.IEnumerator;System.Collections.Generic.IEnumerator`1[[System.Object, mscorlib, Version=4.0.0.0, Culture=neutral, PublicKeyToken=b77a5c561934e089]]","5","11","2","0","True"
"Assembly-CSharp.dll","StreamManager+<LoadAsset>c__Iterator32","class","System.Object","System.IDisposable;System.Collections.IEnumerator;System.Collections.Generic.IEnumerator`1[[System.Object, mscorlib, Version=4.0.0.0, Culture=neutral, PublicKeyToken=b77a5c561934e089]]","5","4","2","0","True"
"Assembly-CSharp.dll","BarrelLauncher+<LaunchPump>c__Iterator33","class","System.Object","System.IDisposable;System.Collections.IEnumerator;System.Collections.Generic.IEnumerator`1[[System.Object, mscorlib, Version=4.0.0.0, Culture=neutral, PublicKeyToken=b77a5c561934e089]]","5","3","2","0","True"
"Assembly-CSharp.dll","BarrelSpawner+<SpawnCheck>c__Iterator34","class","System.Object","System.IDisposable;System.Collections.IEnumerator;System.Collections.Generic.IEnumerator`1[[System.Object, mscorlib, Version=4.0.0.0, Culture=neutral, PublicKeyToken=b77a5c561934e089]]","5","3","2","0","True"
"Assembly-CSharp.dll","BillboardRemover+<RemoveBillboards>c__Iterator35","class","System.Object","System.IDisposable;System.Collections.IEnumerator;System.Collections.Generic.IEnumerator`1[[System.Object, mscorlib, Version=4.0.0.0, Culture=neutral, PublicKeyToken=b77a5c561934e089]]","5","8","2","0","True"
"Assembly-CSharp.dll","Crab+<SleepRoutine>c__Iterator36","class","System.Object","System.IDisposable;System.Collections.IEnumerator;System.Collections.Generic.IEnumerator`1[[System.Object, mscorlib, Version=4.0.0.0, Culture=neutral, PublicKeyToken=b77a5c561934e089]]","5","5","2","0","True"
"Assembly-CSharp.dll","ExplodingBarrel+<LifeCountdown>c__Iterator37","class","System.Object","System.IDisposable;System.Collections.IEnumerator;System.Collections.Generic.IEnumerator`1[[System.Object, mscorlib, Version=4.0.0.0, Culture=neutral, PublicKeyToken=b77a5c561934e089]]","5","3","2","0","True"
"Assembly-CSharp.dll","ExplodingBarrel+<Explode>c__Iterator38","class","System.Object","System.IDisposable;System.Collections.IEnumerator;System.Collections.Generic.IEnumerator`1[[System.Object, mscorlib, Version=4.0.0.0, Culture=neutral, PublicKeyToken=b77a5c561934e089]]","5","4","2","0","True"
"Assembly-CSharp.dll","PieAttack+<LifeCountdown>c__Iterator39","class","System.Object","System.IDisposable;System.Collections.IEnumerator;System.Collections.Generic.IEnumerator`1[[System.Object, mscorlib, Version=4.0.0.0, Culture=neutral, PublicKeyToken=b77a5c561934e089]]","5","3","2","0","True"
"Assembly-CSharp.dll","PieAttack+<ExplodeCoroutine>c__Iterator3A","class","System.Object","System.IDisposable;System.Collections.IEnumerator;System.Collections.Generic.IEnumerator`1[[System.Object, mscorlib, Version=4.0.0.0, Culture=neutral, PublicKeyToken=b77a5c561934e089]]","5","3","2","0","True"
"Assembly-CSharp.dll","PieLauncher+<Start>c__Iterator3B","class","System.Object","System.IDisposable;System.Collections.IEnumerator;System.Collections.Generic.IEnumerator`1[[System.Object, mscorlib, Version=4.0.0.0, Culture=neutral, PublicKeyToken=b77a5c561934e089]]","5","3","2","0","True"
"Assembly-CSharp.dll","PieLauncher+<ShootPieCoroutine>c__Iterator3C","class","System.Object","System.IDisposable;System.Collections.IEnumerator;System.Collections.Generic.IEnumerator`1[[System.Object, mscorlib, Version=4.0.0.0, Culture=neutral, PublicKeyToken=b77a5c561934e089]]","5","8","2","0","True"
"Assembly-CSharp.dll","TurkeyGooShooter+<Start>c__Iterator3D","class","System.Object","System.IDisposable;System.Collections.IEnumerator;System.Collections.Generic.IEnumerator`1[[System.Object, mscorlib, Version=4.0.0.0, Culture=neutral, PublicKeyToken=b77a5c561934e089]]","5","4","2","0","True"
"Assembly-CSharp.dll","WhoopieCushion+<Explode>c__Iterator3E","class","System.Object","System.IDisposable;System.Collections.IEnumerator;System.Collections.Generic.IEnumerator`1[[System.Object, mscorlib, Version=4.0.0.0, Culture=neutral, PublicKeyToken=b77a5c561934e089]]","5","3","2","0","True"
"Assembly-CSharp.dll","LocalizedAssetSwapper+<Start>c__Iterator3F","class","System.Object","System.IDisposable;System.Collections.IEnumerator;System.Collections.Generic.IEnumerator`1[[System.Object, mscorlib, Version=4.0.0.0, Culture=neutral, PublicKeyToken=b77a5c561934e089]]","5","5","2","0","True"
"Assembly-CSharp.dll","RaceManager+<RaceOutCoroutine>c__Iterator40","class","System.Object","System.IDisposable;System.Collections.IEnumerator;System.Collections.Generic.IEnumerator`1[[System.Object, mscorlib, Version=4.0.0.0, Culture=neutral, PublicKeyToken=b77a5c561934e089]]","5","2","2","0","True"
"Assembly-CSharp.dll","RaceManager+<CalculateCarPositionPump>c__Iterator41","class","System.Object","System.IDisposable;System.Collections.IEnumerator;System.Collections.Generic.IEnumerator`1[[System.Object, mscorlib, Version=4.0.0.0, Culture=neutral, PublicKeyToken=b77a5c561934e089]]","5","3","2","0","True"
"Assembly-CSharp.dll","RaceManager+<PreraceCountdown>c__Iterator42","class","System.Object","System.IDisposable;System.Collections.IEnumerator;System.Collections.Generic.IEnumerator`1[[System.Object, mscorlib, Version=4.0.0.0, Culture=neutral, PublicKeyToken=b77a5c561934e089]]","5","5","2","0","True"
"Assembly-CSharp.dll","RaceManager+<DoFinishLineEffect>c__Iterator43","class","System.Object","System.IDisposable;System.Collections.IEnumerator;System.Collections.Generic.IEnumerator`1[[System.Object, mscorlib, Version=4.0.0.0, Culture=neutral, PublicKeyToken=b77a5c561934e089]]","5","13","2","0","True"
"Assembly-CSharp.dll","RaceManager+<PostRaceCountdown>c__Iterator44","class","System.Object","System.IDisposable;System.Collections.IEnumerator;System.Collections.Generic.IEnumerator`1[[System.Object, mscorlib, Version=4.0.0.0, Culture=neutral, PublicKeyToken=b77a5c561934e089]]","5","12","2","0","True"
"Assembly-CSharp.dll","RaceManager+<PreLaunchCoroutine>c__Iterator45","class","System.Object","System.IDisposable;System.Collections.IEnumerator;System.Collections.Generic.IEnumerator`1[[System.Object, mscorlib, Version=4.0.0.0, Culture=neutral, PublicKeyToken=b77a5c561934e089]]","5","3","2","0","True"
"Assembly-CSharp.dll","RaceManager+<EliminateCar>c__Iterator46","class","System.Object","System.IDisposable;System.Collections.IEnumerator;System.Collections.Generic.IEnumerator`1[[System.Object, mscorlib, Version=4.0.0.0, Culture=neutral, PublicKeyToken=b77a5c561934e089]]","5","9","2","0","True"
"Assembly-CSharp.dll","RaceManager+<StartRaceRewind>c__Iterator47","class","System.Object","System.IDisposable;System.Collections.IEnumerator;System.Collections.Generic.IEnumerator`1[[System.Object, mscorlib, Version=4.0.0.0, Culture=neutral, PublicKeyToken=b77a5c561934e089]]","5","4","2","0","True"
"Assembly-CSharp.dll","RaceSettings+<CleanupCoroutine>c__Iterator48","class","System.Object","System.IDisposable;System.Collections.IEnumerator;System.Collections.Generic.IEnumerator`1[[System.Object, mscorlib, Version=4.0.0.0, Culture=neutral, PublicKeyToken=b77a5c561934e089]]","5","2","2","0","True"
"Assembly-CSharp.dll","TrackUnlockHelper+<Start>c__Iterator49","class","System.Object","System.IDisposable;System.Collections.IEnumerator;System.Collections.Generic.IEnumerator`1[[System.Object, mscorlib, Version=4.0.0.0, Culture=neutral, PublicKeyToken=b77a5c561934e089]]","5","6","2","0","True"
"Assembly-CSharp.dll","TriFoot+<GimpedTrifootCoroutine>c__Iterator4A","class","System.Object","System.IDisposable;System.Collections.IEnumerator;System.Collections.Generic.IEnumerator`1[[System.Object, mscorlib, Version=4.0.0.0, Culture=neutral, PublicKeyToken=b77a5c561934e089]]","5","3","2","0","True"
"Assembly-CSharp.dll","DebugMoreCoinsPublisher+<DestroyThis>c__Iterator4B","class","System.Object","System.IDisposable;System.Collections.IEnumerator;System.Collections.Generic.IEnumerator`1[[System.Object, mscorlib, Version=4.0.0.0, Culture=neutral, PublicKeyToken=b77a5c561934e089]]","5","4","2","0","True"
"Assembly-CSharp.dll","AchievementUI+<AnimatePanelOutCoroutine>c__Iterator4C","class","System.Object","System.IDisposable;System.Collections.IEnumerator;System.Collections.Generic.IEnumerator`1[[System.Object, mscorlib, Version=4.0.0.0, Culture=neutral, PublicKeyToken=b77a5c561934e089]]","5","9","2","0","True"
"Assembly-CSharp.dll","AchievementUI+<AnimatePanelInCoroutine>c__Iterator4D","class","System.Object","System.IDisposable;System.Collections.IEnumerator;System.Collections.Generic.IEnumerator`1[[System.Object, mscorlib, Version=4.0.0.0, Culture=neutral, PublicKeyToken=b77a5c561934e089]]","5","9","2","0","True"
"Assembly-CSharp.dll","AchievementWindowPublisher+<DestroyThis>c__Iterator4E","class","System.Object","System.IDisposable;System.Collections.IEnumerator;System.Collections.Generic.IEnumerator`1[[System.Object, mscorlib, Version=4.0.0.0, Culture=neutral, PublicKeyToken=b77a5c561934e089]]","5","6","2","0","True"
"Assembly-CSharp.dll","AchievementWindowPublisher+<AnimInHelper>c__Iterator4F","class","System.Object","System.IDisposable;System.Collections.IEnumerator;System.Collections.Generic.IEnumerator`1[[System.Object, mscorlib, Version=4.0.0.0, Culture=neutral, PublicKeyToken=b77a5c561934e089]]","5","4","2","0","True"
"Assembly-CSharp.dll","CartCustomizerPublisher+<CameraWaitAndRefresh>c__Iterator50","class","System.Object","System.IDisposable;System.Collections.IEnumerator;System.Collections.Generic.IEnumerator`1[[System.Object, mscorlib, Version=4.0.0.0, Culture=neutral, PublicKeyToken=b77a5c561934e089]]","5","5","2","0","True"
"Assembly-CSharp.dll","CartCustomizerPublisher+<SlideBodyFormBox>c__Iterator51","class","System.Object","System.IDisposable;System.Collections.IEnumerator;System.Collections.Generic.IEnumerator`1[[System.Object, mscorlib, Version=4.0.0.0, Culture=neutral, PublicKeyToken=b77a5c561934e089]]","5","12","2","0","True"
"Assembly-CSharp.dll","CartCustomizerPublisher+<InitialWaitForLoadCoroutine>c__Iterator52","class","System.Object","System.IDisposable;System.Collections.IEnumerator;System.Collections.Generic.IEnumerator`1[[System.Object, mscorlib, Version=4.0.0.0, Culture=neutral, PublicKeyToken=b77a5c561934e089]]","5","4","2","0","True"
"Assembly-CSharp.dll","CartCustomizerPublisher+<Start>c__Iterator53","class","System.Object","System.IDisposable;System.Collections.IEnumerator;System.Collections.Generic.IEnumerator`1[[System.Object, mscorlib, Version=4.0.0.0, Culture=neutral, PublicKeyToken=b77a5c561934e089]]","5","13","2","0","True"
"Assembly-CSharp.dll","CharacterSelectPublisher+<LoadInLocalizedAssets>c__Iterator54","class","System.Object","System.IDisposable;System.Collections.IEnumerator;System.Collections.Generic.IEnumerator`1[[System.Object, mscorlib, Version=4.0.0.0, Culture=neutral, PublicKeyToken=b77a5c561934e089]]","5","8","2","0","True"
"Assembly-CSharp.dll","ConfirmationPublisher+<Close>c__Iterator55","class","System.Object","System.IDisposable;System.Collections.IEnumerator;System.Collections.Generic.IEnumerator`1[[System.Object, mscorlib, Version=4.0.0.0, Culture=neutral, PublicKeyToken=b77a5c561934e089]]","5","3","2","0","True"
"Assembly-CSharp.dll","ConfirmationPublisher+<DestroyThis>c__Iterator56","class","System.Object","System.IDisposable;System.Collections.IEnumerator;System.Collections.Generic.IEnumerator`1[[System.Object, mscorlib, Version=4.0.0.0, Culture=neutral, PublicKeyToken=b77a5c561934e089]]","5","4","2","0","True"
"Assembly-CSharp.dll","DailyBonusPublisher+<DestroyThis>c__Iterator57","class","System.Object","System.IDisposable;System.Collections.IEnumerator;System.Collections.Generic.IEnumerator`1[[System.Object, mscorlib, Version=4.0.0.0, Culture=neutral, PublicKeyToken=b77a5c561934e089]]","5","4","2","0","True"
"Assembly-CSharp.dll","FrontEndLogic+<HideMenuHelper>c__Iterator58","class","System.Object","System.IDisposable;System.Collections.IEnumerator;System.Collections.Generic.IEnumerator`1[[System.Object, mscorlib, Version=4.0.0.0, Culture=neutral, PublicKeyToken=b77a5c561934e089]]","5","3","2","0","True"
"Assembly-CSharp.dll","FrontEndLogic+<CheckMenuTransitionOK>c__Iterator59","class","System.Object","System.IDisposable;System.Collections.IEnumerator;System.Collections.Generic.IEnumerator`1[[System.Object, mscorlib, Version=4.0.0.0, Culture=neutral, PublicKeyToken=b77a5c561934e089]]","5","5","2","0","True"
"Assembly-CSharp.dll","FrontEndTutorialPublisher+<PulseArrowCoroutine>c__Iterator5A","class","System.Object","System.IDisposable;System.Collections.IEnumerator;System.Collections.Generic.IEnumerator`1[[System.Object, mscorlib, Version=4.0.0.0, Culture=neutral, PublicKeyToken=b77a5c561934e089]]","5","6","2","0","True"
"Assembly-CSharp.dll","FrontEndTutorialPublisher+<FadeInCoroutine>c__Iterator5B","class","System.Object","System.IDisposable;System.Collections.IEnumerator;System.Collections.Generic.IEnumerator`1[[System.Object, mscorlib, Version=4.0.0.0, Culture=neutral, PublicKeyToken=b77a5c561934e089]]","5","13","2","0","True"
"Assembly-CSharp.dll","FrontEndTutorialPublisher+<StartHelper>c__Iterator5C","class","System.Object","System.IDisposable;System.Collections.IEnumerator;System.Collections.Generic.IEnumerator`1[[System.Object, mscorlib, Version=4.0.0.0, Culture=neutral, PublicKeyToken=b77a5c561934e089]]","5","3","2","0","True"
"Assembly-CSharp.dll","GenericPopupPublisher+<DestroyThis>c__Iterator5D","class","System.Object","System.IDisposable;System.Collections.IEnumerator;System.Collections.Generic.IEnumerator`1[[System.Object, mscorlib, Version=4.0.0.0, Culture=neutral, PublicKeyToken=b77a5c561934e089]]","5","4","2","0","True"
"Assembly-CSharp.dll","LoadingPublisher+<WaitForAssetBundles>c__Iterator5E","class","System.Object","System.IDisposable;System.Collections.IEnumerator;System.Collections.Generic.IEnumerator`1[[System.Object, mscorlib, Version=4.0.0.0, Culture=neutral, PublicKeyToken=b77a5c561934e089]]","5","3","2","0","True"
"Assembly-CSharp.dll","LoadingPublisher+<WaitForCartConstruction>c__Iterator5F","class","System.Object","System.IDisposable;System.Collections.IEnumerator;System.Collections.Generic.IEnumerator`1[[System.Object, mscorlib, Version=4.0.0.0, Culture=neutral, PublicKeyToken=b77a5c561934e089]]","5","3","2","0","True"
"Assembly-CSharp.dll","LoadingPublisher+<WaitForLevelLoad>c__Iterator60","class","System.Object","System.IDisposable;System.Collections.IEnumerator;System.Collections.Generic.IEnumerator`1[[System.Object, mscorlib, Version=4.0.0.0, Culture=neutral, PublicKeyToken=b77a5c561934e089]]","5","4","2","0","True"
"Assembly-CSharp.dll","LoadingPublisher+<SetupMissionText>c__Iterator61","class","System.Object","System.IDisposable;System.Collections.IEnumerator;System.Collections.Generic.IEnumerator`1[[System.Object, mscorlib, Version=4.0.0.0, Culture=neutral, PublicKeyToken=b77a5c561934e089]]","5","5","2","0","True"
"Assembly-CSharp.dll","LoadingPublisher+<LoadingProcess>c__Iterator62","class","System.Object","System.IDisposable;System.Collections.IEnumerator;System.Collections.Generic.IEnumerator`1[[System.Object, mscorlib, Version=4.0.0.0, Culture=neutral, PublicKeyToken=b77a5c561934e089]]","5","5","2","0","True"
"Assembly-CSharp.dll","LoadingPublisher+<FadeAndDestroyCoroutine>c__Iterator63","class","System.Object","System.IDisposable;System.Collections.IEnumerator;System.Collections.Generic.IEnumerator`1[[System.Object, mscorlib, Version=4.0.0.0, Culture=neutral, PublicKeyToken=b77a5c561934e089]]","5","3","2","0","True"
"Assembly-CSharp.dll","MoreDisneyLogic+<WaitForDestroy>c__Iterator64","class","System.Object","System.IDisposable;System.Collections.IEnumerator;System.Collections.Generic.IEnumerator`1[[System.Object, mscorlib, Version=4.0.0.0, Culture=neutral, PublicKeyToken=b77a5c561934e089]]","5","2","2","0","True"
"Assembly-CSharp.dll","PlayMenuPublisher+<StartTutLoad>c__Iterator65","class","System.Object","System.IDisposable;System.Collections.IEnumerator;System.Collections.Generic.IEnumerator`1[[System.Object, mscorlib, Version=4.0.0.0, Culture=neutral, PublicKeyToken=b77a5c561934e089]]","5","2","2","0","True"
"Assembly-CSharp.dll","PreviewCart+<ApplyPaints>c__Iterator66","class","System.Object","System.IDisposable;System.Collections.IEnumerator;System.Collections.Generic.IEnumerator`1[[System.Object, mscorlib, Version=4.0.0.0, Culture=neutral, PublicKeyToken=b77a5c561934e089]]","6","14","2","0","True"
"Assembly-CSharp.dll","PreviewCart+<UpdateRenderers>c__Iterator67","class","System.Object","System.IDisposable;System.Collections.IEnumerator;System.Collections.Generic.IEnumerator`1[[System.Object, mscorlib, Version=4.0.0.0, Culture=neutral, PublicKeyToken=b77a5c561934e089]]","5","10","2","0","True"
"Assembly-CSharp.dll","PreviewCart+<UpdateColorShift>c__Iterator68","class","System.Object","System.IDisposable;System.Collections.IEnumerator;System.Collections.Generic.IEnumerator`1[[System.Object, mscorlib, Version=4.0.0.0, Culture=neutral, PublicKeyToken=b77a5c561934e089]]","5","7","2","0","True"
"Assembly-CSharp.dll","PreviewCart+<ComposeCart>c__Iterator69","class","System.Object","System.IDisposable;System.Collections.IEnumerator;System.Collections.Generic.IEnumerator`1[[System.Object, mscorlib, Version=4.0.0.0, Culture=neutral, PublicKeyToken=b77a5c561934e089]]","5","10","2","0","True"
"Assembly-CSharp.dll","PreviewCart+<CheckLoadingCoroutine>c__Iterator6A","class","System.Object","System.IDisposable;System.Collections.IEnumerator;System.Collections.Generic.IEnumerator`1[[System.Object, mscorlib, Version=4.0.0.0, Culture=neutral, PublicKeyToken=b77a5c561934e089]]","5","9","2","0","True"
"Assembly-CSharp.dll","PreviewCart+<UpdateCachedPaint>c__Iterator6B","class","System.Object","System.IDisposable;System.Collections.IEnumerator;System.Collections.Generic.IEnumerator`1[[System.Object, mscorlib, Version=4.0.0.0, Culture=neutral, PublicKeyToken=b77a5c561934e089]]","6","14","2","0","True"
"Assembly-CSharp.dll","PreviewCart+<DriveOutCoroutine>c__Iterator6C","class","System.Object","System.IDisposable;System.Collections.IEnumerator;System.Collections.Generic.IEnumerator`1[[System.Object, mscorlib, Version=4.0.0.0, Culture=neutral, PublicKeyToken=b77a5c561934e089]]","5","13","2","0","True"
"Assembly-CSharp.dll","SelectCircuitPublisher+<LoadCircuitTextures>c__Iterator6D","class","System.Object","System.IDisposable;System.Collections.IEnumerator;System.Collections.Generic.IEnumerator`1[[System.Object, mscorlib, Version=4.0.0.0, Culture=neutral, PublicKeyToken=b77a5c561934e089]]","5","13","2","0","True"
"Assembly-CSharp.dll","SelectCircuitPublisher+<Start>c__Iterator6E","class","System.Object","System.IDisposable;System.Collections.IEnumerator;System.Collections.Generic.IEnumerator`1[[System.Object, mscorlib, Version=4.0.0.0, Culture=neutral, PublicKeyToken=b77a5c561934e089]]","10","14","2","0","True"
"Assembly-CSharp.dll","SelectCircuitPublisher+<AnimateIn>c__Iterator6F","class","System.Object","System.IDisposable;System.Collections.IEnumerator;System.Collections.Generic.IEnumerator`1[[System.Object, mscorlib, Version=4.0.0.0, Culture=neutral, PublicKeyToken=b77a5c561934e089]]","5","4","2","0","True"
"Assembly-CSharp.dll","SelectCircuitPublisher+<StartTutLoad>c__Iterator70","class","System.Object","System.IDisposable;System.Collections.IEnumerator;System.Collections.Generic.IEnumerator`1[[System.Object, mscorlib, Version=4.0.0.0, Culture=neutral, PublicKeyToken=b77a5c561934e089]]","5","2","2","0","True"
"Assembly-CSharp.dll","SettingsMenuPublisher+<CheckResetConfirm>c__Iterator71","class","System.Object","System.IDisposable;System.Collections.IEnumerator;System.Collections.Generic.IEnumerator`1[[System.Object, mscorlib, Version=4.0.0.0, Culture=neutral, PublicKeyToken=b77a5c561934e089]]","5","7","2","0","True"
"Assembly-CSharp.dll","ShiftUIPublisher+<ShiftSurfaceCoroutine>c__Iterator72","class","System.Object","System.IDisposable;System.Collections.IEnumerator;System.Collections.Generic.IEnumerator`1[[System.Object, mscorlib, Version=4.0.0.0, Culture=neutral, PublicKeyToken=b77a5c561934e089]]","5","11","2","0","True"
"Assembly-CSharp.dll","TutorialLauncherPublisher+<StartTutLoad>c__Iterator73","class","System.Object","System.IDisposable;System.Collections.IEnumerator;System.Collections.Generic.IEnumerator`1[[System.Object, mscorlib, Version=4.0.0.0, Culture=neutral, PublicKeyToken=b77a5c561934e089]]","5","3","2","0","True"
"Assembly-CSharp.dll","UnlockedCircuitPublisher+<Start>c__Iterator74","class","System.Object","System.IDisposable;System.Collections.IEnumerator;System.Collections.Generic.IEnumerator`1[[System.Object, mscorlib, Version=4.0.0.0, Culture=neutral, PublicKeyToken=b77a5c561934e089]]","5","3","2","0","True"
"Assembly-CSharp.dll","UnlockedCircuitPublisher+<LoadCircuitTextures>c__Iterator75","class","System.Object","System.IDisposable;System.Collections.IEnumerator;System.Collections.Generic.IEnumerator`1[[System.Object, mscorlib, Version=4.0.0.0, Culture=neutral, PublicKeyToken=b77a5c561934e089]]","5","13","2","0","True"
"Assembly-CSharp.dll","CatchupNotify+<DeathCount>c__Iterator76","class","System.Object","System.IDisposable;System.Collections.IEnumerator;System.Collections.Generic.IEnumerator`1[[System.Object, mscorlib, Version=4.0.0.0, Culture=neutral, PublicKeyToken=b77a5c561934e089]]","5","3","2","0","True"
"Assembly-CSharp.dll","DriftScalePublisher+<BlinkLabelCoroutine>c__Iterator77","class","System.Object","System.IDisposable;System.Collections.IEnumerator;System.Collections.Generic.IEnumerator`1[[System.Object, mscorlib, Version=4.0.0.0, Culture=neutral, PublicKeyToken=b77a5c561934e089]]","5","4","2","0","True"
"Assembly-CSharp.dll","DriftScalePublisher+<BlinkWarningCoroutine>c__Iterator78","class","System.Object","System.IDisposable;System.Collections.IEnumerator;System.Collections.Generic.IEnumerator`1[[System.Object, mscorlib, Version=4.0.0.0, Culture=neutral, PublicKeyToken=b77a5c561934e089]]","5","5","2","0","True"
"Assembly-CSharp.dll","HUDLogic+<PreraceCountCoroutine>c__Iterator79","class","System.Object","System.IDisposable;System.Collections.IEnumerator;System.Collections.Generic.IEnumerator`1[[System.Object, mscorlib, Version=4.0.0.0, Culture=neutral, PublicKeyToken=b77a5c561934e089]]","5","10","2","0","True"
"Assembly-CSharp.dll","HUDLogic+<AchievementSlideNotificationCoroutine>c__Iterator7A","class","System.Object","System.IDisposable;System.Collections.IEnumerator;System.Collections.Generic.IEnumerator`1[[System.Object, mscorlib, Version=4.0.0.0, Culture=neutral, PublicKeyToken=b77a5c561934e089]]","5","15","2","0","True"
"Assembly-CSharp.dll","HUDLogic+<GimpedHudCoroutine>c__Iterator7B","class","System.Object","System.IDisposable;System.Collections.IEnumerator;System.Collections.Generic.IEnumerator`1[[System.Object, mscorlib, Version=4.0.0.0, Culture=neutral, PublicKeyToken=b77a5c561934e089]]","5","3","2","0","True"
"Assembly-CSharp.dll","HUDLogic+<DisplayNotificationCoroutine>c__Iterator7C","class","System.Object","System.IDisposable;System.Collections.IEnumerator;System.Collections.Generic.IEnumerator`1[[System.Object, mscorlib, Version=4.0.0.0, Culture=neutral, PublicKeyToken=b77a5c561934e089]]","5","10","2","0","True"
"Assembly-CSharp.dll","HUDLogic+<SignalMissionStart>c__Iterator7D","class","System.Object","System.IDisposable;System.Collections.IEnumerator;System.Collections.Generic.IEnumerator`1[[System.Object, mscorlib, Version=4.0.0.0, Culture=neutral, PublicKeyToken=b77a5c561934e089]]","6","19","2","0","True"
"Assembly-CSharp.dll","HUDLogic+<SignalMissionComplete>c__Iterator7E","class","System.Object","System.IDisposable;System.Collections.IEnumerator;System.Collections.Generic.IEnumerator`1[[System.Object, mscorlib, Version=4.0.0.0, Culture=neutral, PublicKeyToken=b77a5c561934e089]]","5","9","2","0","True"
"Assembly-CSharp.dll","HUDLogic+<AnimateBrakeButtonIn>c__Iterator7F","class","System.Object","System.IDisposable;System.Collections.IEnumerator;System.Collections.Generic.IEnumerator`1[[System.Object, mscorlib, Version=4.0.0.0, Culture=neutral, PublicKeyToken=b77a5c561934e089]]","5","4","2","0","True"
"Assembly-CSharp.dll","HUDLogic+<AnimateDriftButtonIn>c__Iterator80","class","System.Object","System.IDisposable;System.Collections.IEnumerator;System.Collections.Generic.IEnumerator`1[[System.Object, mscorlib, Version=4.0.0.0, Culture=neutral, PublicKeyToken=b77a5c561934e089]]","5","5","2","0","True"
"Assembly-CSharp.dll","HUDLogic+<AnimatePowerupDohickeyIn>c__Iterator81","class","System.Object","System.IDisposable;System.Collections.IEnumerator;System.Collections.Generic.IEnumerator`1[[System.Object, mscorlib, Version=4.0.0.0, Culture=neutral, PublicKeyToken=b77a5c561934e089]]","5","5","2","0","True"
"Assembly-CSharp.dll","HUDLogic+<DoWrongWayNotice>c__Iterator82","class","System.Object","System.IDisposable;System.Collections.IEnumerator;System.Collections.Generic.IEnumerator`1[[System.Object, mscorlib, Version=4.0.0.0, Culture=neutral, PublicKeyToken=b77a5c561934e089]]","5","3","2","0","True"
"Assembly-CSharp.dll","MineNotifyPublisher+<Lifetime>c__Iterator83","class","System.Object","System.IDisposable;System.Collections.IEnumerator;System.Collections.Generic.IEnumerator`1[[System.Object, mscorlib, Version=4.0.0.0, Culture=neutral, PublicKeyToken=b77a5c561934e089]]","5","3","2","0","True"
"Assembly-CSharp.dll","MineNotifyPublisher+<FadeIn>c__Iterator84","class","System.Object","System.IDisposable;System.Collections.IEnumerator;System.Collections.Generic.IEnumerator`1[[System.Object, mscorlib, Version=4.0.0.0, Culture=neutral, PublicKeyToken=b77a5c561934e089]]","5","13","2","0","True"
"Assembly-CSharp.dll","MineNotifyPublisher+<FadeOut>c__Iterator85","class","System.Object","System.IDisposable;System.Collections.IEnumerator;System.Collections.Generic.IEnumerator`1[[System.Object, mscorlib, Version=4.0.0.0, Culture=neutral, PublicKeyToken=b77a5c561934e089]]","5","9","2","0","True"
"Assembly-CSharp.dll","PreFrontEndHoop+<Start>c__Iterator86","class","System.Object","System.IDisposable;System.Collections.IEnumerator;System.Collections.Generic.IEnumerator`1[[System.Object, mscorlib, Version=4.0.0.0, Culture=neutral, PublicKeyToken=b77a5c561934e089]]","5","2","2","0","True"
"Assembly-CSharp.dll","RaceResultsPublisher+<AnimateScreenCoroutine>c__Iterator87","class","System.Object","System.IDisposable;System.Collections.IEnumerator;System.Collections.Generic.IEnumerator`1[[System.Object, mscorlib, Version=4.0.0.0, Culture=neutral, PublicKeyToken=b77a5c561934e089]]","5","5","2","0","True"
"Assembly-CSharp.dll","RaceResultsPublisher+<CheckForRewindTutorial>c__Iterator88","class","System.Object","System.IDisposable;System.Collections.IEnumerator;System.Collections.Generic.IEnumerator`1[[System.Object, mscorlib, Version=4.0.0.0, Culture=neutral, PublicKeyToken=b77a5c561934e089]]","5","7","2","0","True"
"Assembly-CSharp.dll","RaceResultsPublisher+<AnimatePlaceResultsCoroutine>c__Iterator89","class","System.Object","System.IDisposable;System.Collections.IEnumerator;System.Collections.Generic.IEnumerator`1[[System.Object, mscorlib, Version=4.0.0.0, Culture=neutral, PublicKeyToken=b77a5c561934e089]]","5","7","2","0","True"
"Assembly-CSharp.dll","RaceResultsPublisher+<AnimateCoinsCoroutine>c__Iterator8A","class","System.Object","System.IDisposable;System.Collections.IEnumerator;System.Collections.Generic.IEnumerator`1[[System.Object, mscorlib, Version=4.0.0.0, Culture=neutral, PublicKeyToken=b77a5c561934e089]]","5","21","2","0","True"
"Assembly-CSharp.dll","RewindDialogPublisher+<DestroyThis>c__Iterator8B","class","System.Object","System.IDisposable;System.Collections.IEnumerator;System.Collections.Generic.IEnumerator`1[[System.Object, mscorlib, Version=4.0.0.0, Culture=neutral, PublicKeyToken=b77a5c561934e089]]","5","4","2","0","True"
"Assembly-CSharp.dll","ScreenFader+<FadeInHelper>c__Iterator8C","class","System.Object","System.IDisposable;System.Collections.IEnumerator;System.Collections.Generic.IEnumerator`1[[System.Object, mscorlib, Version=4.0.0.0, Culture=neutral, PublicKeyToken=b77a5c561934e089]]","5","4","2","0","True"
"Assembly-CSharp.dll","ScreenFader+<FadeOutHelper>c__Iterator8D","class","System.Object","System.IDisposable;System.Collections.IEnumerator;System.Collections.Generic.IEnumerator`1[[System.Object, mscorlib, Version=4.0.0.0, Culture=neutral, PublicKeyToken=b77a5c561934e089]]","5","4","2","0","True"
"Assembly-CSharp.dll","CarAIPathManager+<GetPathIndex>c__AnonStorey8E","class","System.Object","","1","1","0","0","True"
"Assembly-CSharp.dll","CarAI+<EvaluateStates>c__AnonStorey8F","class","System.Object","","1","1","0","0","True"
"Assembly-CSharp.dll","CartPartList+<LoadPartCosts>c__AnonStorey90","class","System.Object","","2","1","0","0","True"
"Assembly-CSharp.dll","FadeHelper+<IsFading>c__AnonStorey91","class","System.Object","","1","1","0","0","True"
"Assembly-CSharp.dll","FadeHelper+<Fade>c__AnonStorey92","class","System.Object","","2","1","0","0","True"
"Assembly-CSharp.dll","ParticleReducer+<Start>c__AnonStorey93","class","System.Object","","1","1","0","0","True"
"Assembly-CSharp.dll","SoundPackageManager+<LoadPackage>c__AnonStorey94","class","System.Object","","1","1","0","0","True"
"Assembly-CSharp.dll","SoundPackageManager+<UnloadPackage>c__AnonStorey95","class","System.Object","","1","1","0","0","True"
"Assembly-CSharp.dll","SoundPackageManager+<IsPackageLoaded>c__AnonStorey96","class","System.Object","","1","1","0","0","True"
"Assembly-CSharp.dll","RaceSettings+<DetermineAICars>c__AnonStorey97","class","System.Object","","1","1","0","0","True"
"Assembly-CSharp.dll","TrackUnlockHelper+<GetCircuitMedalCount>c__AnonStorey98","class","System.Object","","1","1","0","0","True"
"Assembly-CSharp.dll","TrackUnlockHelper+<GetTrackMedalCount>c__AnonStorey99","class","System.Object","","1","1","0","0","True"
"Assembly-CSharp.dll","TrackUnlockHelper+<GetCircuitTracks>c__AnonStorey9A","class","System.Object","","1","1","0","0","True"
"Assembly-CSharp.dll","AgeGatePopup+<SetupButton>c__AnonStorey9B","class","System.Object","","1","1","0","0","True"
"Assembly-CSharp.dll","AgeGatePopup+<Start>c__AnonStorey9C","class","System.Object","","1","2","0","0","True"
"Assembly-CSharp.dll","CartCustomizerPublisher+<SetCameraToSlot>c__AnonStorey9D","class","System.Object","","1","1","0","0","True"
"Assembly-CSharp.dll","CartCustomizerPublisher+<PressedUpArrow>c__AnonStorey9E","class","System.Object","","1","1","0","0","True"
"Assembly-CSharp.dll","CartCustomizerPublisher+<PressedDownArrow>c__AnonStorey9F","class","System.Object","","1","1","0","0","True"
"Assembly-CSharp.dll","FrontEndLogic+<RequestMenuChange>c__AnonStoreyA0","class","System.Object","","1","1","0","0","True"
"Assembly-CSharp.dll","PreviewCart+<AddPart>c__AnonStoreyA1","class","System.Object","","1","1","0","0","True"
"Assembly-CSharp.dll","PreviewCart+<RemovePart>c__AnonStoreyA2","class","System.Object","","1","1","0","0","True"
"Assembly-CSharp.dll","PreviewCart+<AddPaint>c__AnonStoreyA3","class","System.Object","","1","1","0","0","True"
"Assembly-CSharp.dll","PreviewCart+<RemovePaint>c__AnonStoreyA4","class","System.Object","","1","1","0","0","True"
"Assembly-CSharp.dll","HUDLogic+<UpdateHUD>c__AnonStoreyA5","class","System.Object","","3","1","0","0","True"
"Assembly-CSharp.dll","RaceResultsPublisher+<FillRank>c__AnonStoreyA6","class","System.Object","","1","1","0","0","True"
"Assembly-CSharp-firstpass.dll","BurstlyBinding","class","System.Object","","18","0","0","0","False"
"Assembly-CSharp-firstpass.dll","MoreGamesBinding","class","System.Object","","8","0","0","0","False"
"Assembly-CSharp-firstpass.dll","GameCenterAchievement","class","System.Object","","2","5","0","0","False"
"Assembly-CSharp-firstpass.dll","GameCenterAchievementMetadata","class","System.Object","","2","6","0","0","False"
"Assembly-CSharp-firstpass.dll","GameCenterLeaderboardTimeScope","enum","System.Enum","System.IComparable;System.IFormattable;System.IConvertible","0","4","0","0","False"
"Assembly-CSharp-firstpass.dll","GameCenterBinding","class","System.Object","","46","0","0","0","False"
"Assembly-CSharp-firstpass.dll","GameCenterEventListener","class","UnityEngine.MonoBehaviour","","25","0","0","0","False"
"Assembly-CSharp-firstpass.dll","GameCenterLeaderboard","class","System.Object","","2","2","0","0","False"
"Assembly-CSharp-firstpass.dll","GameCenterManager","class","UnityEngine.MonoBehaviour","","71","23","0","23","False"
"Assembly-CSharp-firstpass.dll","GameCenterPlayer","class","System.Object","","2","3","0","0","False"
"Assembly-CSharp-firstpass.dll","GameCenterScore","class","System.Object","","2","9","0","0","False"
"Assembly-CSharp-firstpass.dll","GameCenterGUIManager","class","UnityEngine.MonoBehaviour","","5","3","0","0","False"
"Assembly-CSharp-firstpass.dll","AudioManager","class","UnityEngine.MonoBehaviour","","5","5","2","0","False"
"Assembly-CSharp-firstpass.dll","GDMOBinding","class","System.Object","","10","0","0","0","False"
"Assembly-CSharp-firstpass.dll","Dialog","class","Script","","19","16","1","0","False"
"Assembly-CSharp-firstpass.dll","DictionaryToString","class","System.Object","","2","0","0","0","False"
"Assembly-CSharp-firstpass.dll","EnumerableScript","class","System.Object","","0","0","0","0","False"
"Assembly-CSharp-firstpass.dll","EnumerableScript`1","class","Script","","4","1","0","0","False"
"Assembly-CSharp-firstpass.dll","ExternalPersistentArchive","class","UnityEngine.MonoBehaviour","","9","6","1","0","False"
"Assembly-CSharp-firstpass.dll","ExternalPersistentArchive+ExternalPersistanceType","enum","System.Enum","System.IComparable;System.IFormattable;System.IConvertible","0","5","0","0","False"
"Assembly-CSharp-firstpass.dll","AudioCrumb","class","System.Object","","1","3","0","0","False"
"Assembly-CSharp-firstpass.dll","AudioSourcex","class","System.Object","","4","0","0","0","False"
"Assembly-CSharp-firstpass.dll","ByteStream","class","System.Object","","11","5","1","0","False"
"Assembly-CSharp-firstpass.dll","Email","class","System.Object","","2","0","0","0","False"
"Assembly-CSharp-firstpass.dll","GUIx","class","System.Object","","39","2","1","0","False"
"Assembly-CSharp-firstpass.dll","Inputx","class","System.Object","","4","0","0","0","False"
"Assembly-CSharp-firstpass.dll","Mathfx","class","System.Object","","11","0","0","0","False"
"Assembly-CSharp-firstpass.dll","Matrix4x4x","class","System.Object","","9","0","0","0","False"
"Assembly-CSharp-firstpass.dll","MessengerMode","enum","System.Enum","System.IComparable;System.IFormattable;System.IConvertible","0","3","0","0","False"
"Assembly-CSharp-firstpass.dll","MessengerInternal","class","System.Object","","5","2","0","0","False"
"Assembly-CSharp-firstpass.dll","MessengerInternal+BroadcastException","class","System.Exception","System.Runtime.Serialization.ISerializable;System.Runtime.InteropServices._Exception","0","0","0","0","False"
"Assembly-CSharp-firstpass.dll","MessengerInternal+ListenerException","class","System.Exception","System.Runtime.Serialization.ISerializable;System.Runtime.InteropServices._Exception","0","0","0","0","False"
"Assembly-CSharp-firstpass.dll","Messenger","class","System.Object","","4","1","0","0","False"
"Assembly-CSharp-firstpass.dll","Messenger`1","class","System.Object","","4","1","0","0","False"
"Assembly-CSharp-firstpass.dll","Messenger`2","class","System.Object","","4","1","0","0","False"
"Assembly-CSharp-firstpass.dll","Messenger`3","class","System.Object","","4","1","0","0","False"
"Assembly-CSharp-firstpass.dll","SmoothRandom","class","System.Object","","3","1","0","0","False"
"Assembly-CSharp-firstpass.dll","Perlin","class","System.Object","","7","1","0","0","False"
"Assembly-CSharp-firstpass.dll","FractalNoiseParams","class","System.Object","","0","7","0","0","False"
"Assembly-CSharp-firstpass.dll","FractalNoise","class","System.Object","","4","7","0","0","False"
"Assembly-CSharp-firstpass.dll","Quaternionx","class","System.Object","","1","0","0","0","False"
"Assembly-CSharp-firstpass.dll","Rangef","class","System.Object","","5","2","2","0","False"
"Assembly-CSharp-firstpass.dll","Rectx","class","System.Object","","5","0","0","0","False"
"Assembly-CSharp-firstpass.dll","Screenx","class","System.Object","","19","2","14","0","False"
"Assembly-CSharp-firstpass.dll","Util","class","System.Object","","47","0","0","0","False"
"Assembly-CSharp-firstpass.dll","DrawArea","class","System.Object","","4","4","0","0","False"
"Assembly-CSharp-firstpass.dll","DrawArea3D","class","DrawArea","","1","1","0","0","False"
"Assembly-CSharp-firstpass.dll","SmoothFollower","class","System.Object","","4","5","0","0","False"
"Assembly-CSharp-firstpass.dll","Vector3x","class","System.Object","","6","1","0","0","False"
"Assembly-CSharp-firstpass.dll","GravCloudBinding","class","System.Object","","10","0","0","0","False"
"Assembly-CSharp-firstpass.dll","GravCloudPrefs","class","UnityEngine.MonoBehaviour","","29","10","1","0","False"
"Assembly-CSharp-firstpass.dll","LocalizedString","class","System.Object","","2","1","1","0","False"
"Assembly-CSharp-firstpass.dll","UnlocalizedString","class","System.Object","","6","1","1","0","False"
"Assembly-CSharp-firstpass.dll","LanguageAsset","class","System.Object","","0","3","0","0","False"
"Assembly-CSharp-firstpass.dll","Localize","class","SingletonScript`1[[Localize, Assembly-CSharp-firstpass, Version=0.0.0.0, Culture=neutral, PublicKeyToken=null]]","","13","8","0","0","False"
"Assembly-CSharp-firstpass.dll","PIDController","class","System.Object","","2","6","0","0","False"
"Assembly-CSharp-firstpass.dll","PIDVectorController","class","System.Object","","2","6","0","0","False"
"Assembly-CSharp-firstpass.dll","Script","class","UnityEngine.MonoBehaviour","","31","0","0","0","False"
"Assembly-CSharp-firstpass.dll","SingletonScript","class","System.Object","","0","0","0","0","False"
"Assembly-CSharp-firstpass.dll","SingletonScript`1","class","Script","","6","1","1","0","False"
"Assembly-CSharp-firstpass.dll","TransformGizmo","class","UnityEngine.MonoBehaviour","","1","0","0","0","False"
"Assembly-CSharp-firstpass.dll","WindowIDs","class","UnityEngine.MonoBehaviour","","2","1","0","0","False"
"Assembly-CSharp-firstpass.dll","JCloudData","class","UnityEngine.MonoBehaviour","","17","3","0","0","False"
"Assembly-CSharp-firstpass.dll","JCloudDictionary","class","UnityEngine.MonoBehaviour","","17","3","0","0","False"
"Assembly-CSharp-firstpass.dll","JCloudDocument","class","UnityEngine.MonoBehaviour","","18","1","0","0","False"
"Assembly-CSharp-firstpass.dll","JCloudDocumentAsyncOperation","class","JCloudRoutineReturn","","0","4","0","0","False"
"Assembly-CSharp-firstpass.dll","JCloudDocumentAsync","class","UnityEngine.MonoBehaviour","","33","1","0","0","False"
"Assembly-CSharp-firstpass.dll","JCloudExtern","class","System.Object","","51","3","0","0","False"
"Assembly-CSharp-firstpass.dll","JCloudExtern+JCloudDocumentState","enum","System.Enum","System.IComparable;System.IFormattable;System.IConvertible","0","6","0","0","False"
"Assembly-CSharp-firstpass.dll","JCloudManager","class","UnityEngine.MonoBehaviour","","14","6","0","0","False"
"Assembly-CSharp-firstpass.dll","JCloudManager+DocumentLock","struct","System.ValueType","","0","2","0","0","False"
"Assembly-CSharp-firstpass.dll","JCloudRoutineReturn","class","System.Object","","4","2","2","0","False"
"Assembly-CSharp-firstpass.dll","JCloudRoutine","class","System.Object","","8","5","0","2","False"
"Assembly-CSharp-firstpass.dll","MiniJSON","class","System.Object","","21","15","0","0","False"
"Assembly-CSharp-firstpass.dll","MiniJsonExtensions","class","System.Object","","4","0","0","0","False"
"Assembly-CSharp-firstpass.dll","ResultLogger","class","UnityEngine.Object","","5","0","0","0","False"
"Assembly-CSharp-firstpass.dll","StoreKitBinding","class","System.Object","","14","0","0","0","False"
"Assembly-CSharp-firstpass.dll","StoreKitEventListener","class","UnityEngine.MonoBehaviour","","12","0","0","0","False"
"Assembly-CSharp-firstpass.dll","StoreKitManager","class","UnityEngine.MonoBehaviour","","32","10","0","10","False"
"Assembly-CSharp-firstpass.dll","StoreKitProduct","class","System.Object","","3","7","0","0","False"
"Assembly-CSharp-firstpass.dll","StoreKitTransaction","class","System.Object","","4","3","0","0","False"
"Assembly-CSharp-firstpass.dll","StoreKitGUIManager","class","UnityEngine.MonoBehaviour","","3","1","0","0","False"
"Assembly-CSharp-firstpass.dll","UghButton","class","UghControl","","5","5","0","0","False"
"Assembly-CSharp-firstpass.dll","UghButtonDisablable","class","UghButton","","5","2","0","0","False"
"Assembly-CSharp-firstpass.dll","UghControl","class","UghSprite","","11","4","2","0","False"
"Assembly-CSharp-firstpass.dll","UghScrollView","class","UghControl","","26","29","5","2","False"
"Assembly-CSharp-firstpass.dll","UghSlideToggle","class","UghControl","","12","8","1","0","False"
"Assembly-CSharp-firstpass.dll","UghSlider","class","UghControl","","10","6","2","0","False"
"Assembly-CSharp-firstpass.dll","UghToggle","class","UghControl","","11","8","2","0","False"
"Assembly-CSharp-firstpass.dll","LEDScroller","class","UnityEngine.MonoBehaviour","","24","18","2","1","False"
"Assembly-CSharp-firstpass.dll","LEDScroller+TextString","class","System.Object","","6","3","3","0","False"
"Assembly-CSharp-firstpass.dll","ScreenFade","class","UnityEngine.MonoBehaviour","","12","9","4","0","False"
"Assembly-CSharp-firstpass.dll","UghAlign","class","UnityEngine.MonoBehaviour","","11","8","1","0","False"
"Assembly-CSharp-firstpass.dll","UghCamera","class","UnityEngine.MonoBehaviour","","12","7","5","0","False"
"Assembly-CSharp-firstpass.dll","UghInput","class","UnityEngine.MonoBehaviour","","15","8","5","0","False"
"Assembly-CSharp-firstpass.dll","UghPublisher","class","Script","","10","13","6","0","False"
"Assembly-CSharp-firstpass.dll","UghPublisher+TransformsDictionary","class","System.Object","","1","1","1","0","False"
"Assembly-CSharp-firstpass.dll","UghPublisher+TransformReference","class","System.Object","","0","2","0","0","False"
"Assembly-CSharp-firstpass.dll","UghPublisher+UghTextsDictionary","class","System.Object","","1","1","1","0","False"
"Assembly-CSharp-firstpass.dll","UghPublisher+UghTextReference","class","System.Object","","0","2","0","0","False"
"Assembly-CSharp-firstpass.dll","UghPublisher+LEDScrollersDictionary","class","System.Object","","1","1","1","0","False"
"Assembly-CSharp-firstpass.dll","UghPublisher+LEDScrollerReference","class","System.Object","","0","2","0","0","False"
"Assembly-CSharp-firstpass.dll","UghPublisher+UghButtonsDictionary","class","System.Object","","1","1","1","0","False"
"Assembly-CSharp-firstpass.dll","UghPublisher+UghButtonReference","class","System.Object","","0","3","0","0","False"
"Assembly-CSharp-firstpass.dll","UghPublisher+UghSlideToggleDictionary","class","System.Object","","1","1","1","0","False"
"Assembly-CSharp-firstpass.dll","UghPublisher+UghSlideToggleReference","class","System.Object","","0","2","0","0","False"
"Assembly-CSharp-firstpass.dll","UghPublisher+UghSliderDictionary","class","System.Object","","1","1","1","0","False"
"Assembly-CSharp-firstpass.dll","UghPublisher+UghSliderReference","class","System.Object","","0","2","0","0","False"
"Assembly-CSharp-firstpass.dll","UghSprite","class","UnityEngine.MonoBehaviour","","18","6","2","0","False"
"Assembly-CSharp-firstpass.dll","UghSprite+Anchor","enum","System.Enum","System.IComparable;System.IFormattable;System.IConvertible","0","11","0","0","False"
"Assembly-CSharp-firstpass.dll","EdgePixels","class","System.Object","","3","4","2","0","False"
"Assembly-CSharp-firstpass.dll","UghSpritePrototype","class","UnityEngine.ScriptableObject","","3","15","0","0","False"
"Assembly-CSharp-firstpass.dll","UghSpritePrototype+InsetScaling","enum","System.Enum","System.IComparable;System.IFormattable;System.IConvertible","0","4","0","0","False"
"Assembly-CSharp-firstpass.dll","UghStretch","class","UnityEngine.MonoBehaviour","","9","11","1","1","False"
"Assembly-CSharp-firstpass.dll","UghStretch+StretchType","enum","System.Enum","System.IComparable;System.IFormattable;System.IConvertible","0","3","0","0","False"
"Assembly-CSharp-firstpass.dll","UghText","class","UnityEngine.MonoBehaviour","","9","12","1","0","False"
"Assembly-CSharp-firstpass.dll","UghTriangle","class","System.Object","","2","2","0","0","False"
"Assembly-CSharp-firstpass.dll","P31CloudFile","class","System.Object","","7","1","0","0","False"
"Assembly-CSharp-firstpass.dll","P31CloudFile+LocalFileManager","class","System.Object","","7","1","0","0","False"
"Assembly-CSharp-firstpass.dll","P31CloudFile+CloudFileManager","class","P31CloudFile+LocalFileManager","","2","0","0","0","False"
"Assembly-CSharp-firstpass.dll","P31Prefs","class","System.Object","","16","3","2","0","False"
"Assembly-CSharp-firstpass.dll","iCloudBinding","class","System.Object","","40","0","0","0","False"
"Assembly-CSharp-firstpass.dll","iCloudEventListener","class","UnityEngine.MonoBehaviour","","5","0","0","0","False"
"Assembly-CSharp-firstpass.dll","iCloudManager","class","UnityEngine.MonoBehaviour","","10","3","0","3","False"
"Assembly-CSharp-firstpass.dll","iCloudManager+iCloudDocument","class","System.Object","","2","2","0","0","False"
"Assembly-CSharp-firstpass.dll","iCloudGUIManager","class","UnityEngine.MonoBehaviour","","1","1","0","0","False"
"Assembly-CSharp-firstpass.dll","Script+AnimationDelegate","delegate","System.MulticastDelegate","System.ICloneable;System.Runtime.Serialization.ISerializable","3","0","0","0","False"
"Assembly-CSharp-firstpass.dll","UghScrollView+ScrollSnappedHandler","delegate","System.MulticastDelegate","System.ICloneable;System.Runtime.Serialization.ISerializable","3","0","0","0","False"
"Assembly-CSharp-firstpass.dll","UghScrollView+ScrollSoftSnappedHandler","delegate","System.MulticastDelegate","System.ICloneable;System.Runtime.Serialization.ISerializable","3","0","0","0","False"
"Assembly-CSharp-firstpass.dll","LEDScroller+NewTextCheckHandler","delegate","System.MulticastDelegate","System.ICloneable;System.Runtime.Serialization.ISerializable","3","0","0","0","False"
"Assembly-CSharp-firstpass.dll","UghStretch+MPDirtyAlignHandler","delegate","System.MulticastDelegate","System.ICloneable;System.Runtime.Serialization.ISerializable","3","0","0","0","False"
"Assembly-CSharp-firstpass.dll","Callback","delegate","System.MulticastDelegate","System.ICloneable;System.Runtime.Serialization.ISerializable","3","0","0","0","False"
"Assembly-CSharp-firstpass.dll","Callback`1","delegate","System.MulticastDelegate","System.ICloneable;System.Runtime.Serialization.ISerializable","3","0","0","0","False"
"Assembly-CSharp-firstpass.dll","Callback`2","delegate","System.MulticastDelegate","System.ICloneable;System.Runtime.Serialization.ISerializable","3","0","0","0","False"
"Assembly-CSharp-firstpass.dll","Callback`3","delegate","System.MulticastDelegate","System.ICloneable;System.Runtime.Serialization.ISerializable","3","0","0","0","False"
"Assembly-CSharp-firstpass.dll","Script+<AnimationHelper>c__Iterator0","class","System.Object","System.Collections.IEnumerator;System.IDisposable;System.Collections.Generic.IEnumerator`1[[System.Object, mscorlib, Version=4.0.0.0, Culture=neutral, PublicKeyToken=b77a5c561934e089]]","5","10","2","0","True"
"Assembly-CSharp-firstpass.dll","Script+<DelayedHelper>c__Iterator1","class","System.Object","System.Collections.IEnumerator;System.IDisposable;System.Collections.Generic.IEnumerator`1[[System.Object, mscorlib, Version=4.0.0.0, Culture=neutral, PublicKeyToken=b77a5c561934e089]]","5","6","2","0","True"
"Assembly-CSharp-firstpass.dll","Dialog+<Start>c__Iterator2","class","System.Object","System.Collections.IEnumerator;System.IDisposable;System.Collections.Generic.IEnumerator`1[[System.Object, mscorlib, Version=4.0.0.0, Culture=neutral, PublicKeyToken=b77a5c561934e089]]","5","3","2","0","True"
"Assembly-CSharp-firstpass.dll","Dialog+<ActivateHelper>c__Iterator3","class","System.Object","System.Collections.IEnumerator;System.IDisposable;System.Collections.Generic.IEnumerator`1[[System.Object, mscorlib, Version=4.0.0.0, Culture=neutral, PublicKeyToken=b77a5c561934e089]]","5","7","2","0","True"
"Assembly-CSharp-firstpass.dll","Dialog+<DeactivateHelper>c__Iterator4","class","System.Object","System.Collections.IEnumerator;System.IDisposable;System.Collections.Generic.IEnumerator`1[[System.Object, mscorlib, Version=4.0.0.0, Culture=neutral, PublicKeyToken=b77a5c561934e089]]","5","7","2","0","True"
"Assembly-CSharp-firstpass.dll","ExternalPersistentArchive+<LoadFromWebCoroutine>c__Iterator5","class","System.Object","System.Collections.IEnumerator;System.IDisposable;System.Collections.Generic.IEnumerator`1[[System.Object, mscorlib, Version=4.0.0.0, Culture=neutral, PublicKeyToken=b77a5c561934e089]]","5","6","2","0","True"
"Assembly-CSharp-firstpass.dll","ExternalPersistentArchive+<ExternalPersistanceCoroutine>c__Iterator6","class","System.Object","System.Collections.IEnumerator;System.IDisposable;System.Collections.Generic.IEnumerator`1[[System.Object, mscorlib, Version=4.0.0.0, Culture=neutral, PublicKeyToken=b77a5c561934e089]]","5","6","2","0","True"
"Assembly-CSharp-firstpass.dll","GravCloudPrefs+<WaitForLoadCoroutine>c__Iterator7","class","System.Object","System.Collections.IEnumerator;System.IDisposable;System.Collections.Generic.IEnumerator`1[[System.Object, mscorlib, Version=4.0.0.0, Culture=neutral, PublicKeyToken=b77a5c561934e089]]","5","12","2","0","True"
"Assembly-CSharp-firstpass.dll","Localize+<WebLoadingHelper>c__Iterator8","class","System.Object","System.Collections.IEnumerator;System.IDisposable;System.Collections.Generic.IEnumerator`1[[System.Object, mscorlib, Version=4.0.0.0, Culture=neutral, PublicKeyToken=b77a5c561934e089]]","5","3","2","0","True"
"Assembly-CSharp-firstpass.dll","Localize+<UseLocalizedLanguageHelper>c__Iterator9","class","System.Object","System.Collections.IEnumerator;System.IDisposable;System.Collections.Generic.IEnumerator`1[[System.Object, mscorlib, Version=4.0.0.0, Culture=neutral, PublicKeyToken=b77a5c561934e089]]","5","8","2","0","True"
"Assembly-CSharp-firstpass.dll","JCloudDocumentAsync+<FileExistsOperation>c__IteratorA","class","System.Object","System.Collections.IEnumerator;System.IDisposable;System.Collections.Generic.IEnumerator`1[[System.Object, mscorlib, Version=4.0.0.0, Culture=neutral, PublicKeyToken=b77a5c561934e089]]","5","9","2","0","True"
"Assembly-CSharp-firstpass.dll","JCloudDocumentAsync+<FileDeleteOperation>c__IteratorB","class","System.Object","System.Collections.IEnumerator;System.IDisposable;System.Collections.Generic.IEnumerator`1[[System.Object, mscorlib, Version=4.0.0.0, Culture=neutral, PublicKeyToken=b77a5c561934e089]]","5","9","2","0","True"
"Assembly-CSharp-firstpass.dll","JCloudDocumentAsync+<FileWriteAllBytesOperation>c__IteratorC","class","System.Object","System.Collections.IEnumerator;System.IDisposable;System.Collections.Generic.IEnumerator`1[[System.Object, mscorlib, Version=4.0.0.0, Culture=neutral, PublicKeyToken=b77a5c561934e089]]","5","11","2","0","True"
"Assembly-CSharp-firstpass.dll","JCloudDocumentAsync+<FileReadAllBytesOperation>c__IteratorD","class","System.Object","System.Collections.IEnumerator;System.IDisposable;System.Collections.Generic.IEnumerator`1[[System.Object, mscorlib, Version=4.0.0.0, Culture=neutral, PublicKeyToken=b77a5c561934e089]]","5","11","2","0","True"
"Assembly-CSharp-firstpass.dll","JCloudDocumentAsync+<FileModificationDateOperation>c__IteratorE","class","System.Object","System.Collections.IEnumerator;System.IDisposable;System.Collections.Generic.IEnumerator`1[[System.Object, mscorlib, Version=4.0.0.0, Culture=neutral, PublicKeyToken=b77a5c561934e089]]","5","9","2","0","True"
"Assembly-CSharp-firstpass.dll","JCloudDocumentAsync+<FileCopyOperation>c__IteratorF","class","System.Object","System.Collections.IEnumerator;System.IDisposable;System.Collections.Generic.IEnumerator`1[[System.Object, mscorlib, Version=4.0.0.0, Culture=neutral, PublicKeyToken=b77a5c561934e089]]","5","13","2","0","True"
"Assembly-CSharp-firstpass.dll","JCloudDocumentAsync+<FileMoveOperation>c__Iterator10","class","System.Object","System.Collections.IEnumerator;System.IDisposable;System.Collections.Generic.IEnumerator`1[[System.Object, mscorlib, Version=4.0.0.0, Culture=neutral, PublicKeyToken=b77a5c561934e089]]","5","13","2","0","True"
"Assembly-CSharp-firstpass.dll","JCloudDocumentAsync+<DirectoryCreateOperation>c__Iterator11","class","System.Object","System.Collections.IEnumerator;System.IDisposable;System.Collections.Generic.IEnumerator`1[[System.Object, mscorlib, Version=4.0.0.0, Culture=neutral, PublicKeyToken=b77a5c561934e089]]","5","9","2","0","True"
"Assembly-CSharp-firstpass.dll","JCloudDocumentAsync+<DirectoryExistsOperation>c__Iterator12","class","System.Object","System.Collections.IEnumerator;System.IDisposable;System.Collections.Generic.IEnumerator`1[[System.Object, mscorlib, Version=4.0.0.0, Culture=neutral, PublicKeyToken=b77a5c561934e089]]","5","9","2","0","True"
"Assembly-CSharp-firstpass.dll","JCloudDocumentAsync+<DirectoryDeleteOperation>c__Iterator13","class","System.Object","System.Collections.IEnumerator;System.IDisposable;System.Collections.Generic.IEnumerator`1[[System.Object, mscorlib, Version=4.0.0.0, Culture=neutral, PublicKeyToken=b77a5c561934e089]]","5","9","2","0","True"
"Assembly-CSharp-firstpass.dll","JCloudDocumentAsync+<DirectoryGetFilesOperation>c__Iterator14","class","System.Object","System.Collections.IEnumerator;System.IDisposable;System.Collections.Generic.IEnumerator`1[[System.Object, mscorlib, Version=4.0.0.0, Culture=neutral, PublicKeyToken=b77a5c561934e089]]","5","16","2","0","True"
"Assembly-CSharp-firstpass.dll","JCloudDocumentAsync+<DirectoryGetDirectoriesOperation>c__Iterator15","class","System.Object","System.Collections.IEnumerator;System.IDisposable;System.Collections.Generic.IEnumerator`1[[System.Object, mscorlib, Version=4.0.0.0, Culture=neutral, PublicKeyToken=b77a5c561934e089]]","5","16","2","0","True"
"Assembly-CSharp-firstpass.dll","JCloudDocumentAsync+<DirectoryModificationDateOperation>c__Iterator16","class","System.Object","System.Collections.IEnumerator;System.IDisposable;System.Collections.Generic.IEnumerator`1[[System.Object, mscorlib, Version=4.0.0.0, Culture=neutral, PublicKeyToken=b77a5c561934e089]]","5","9","2","0","True"
"Assembly-CSharp-firstpass.dll","JCloudDocumentAsync+<DirectoryCopyOperation>c__Iterator17","class","System.Object","System.Collections.IEnumerator;System.IDisposable;System.Collections.Generic.IEnumerator`1[[System.Object, mscorlib, Version=4.0.0.0, Culture=neutral, PublicKeyToken=b77a5c561934e089]]","5","13","2","0","True"
"Assembly-CSharp-firstpass.dll","JCloudDocumentAsync+<DirectoryMoveOperation>c__Iterator18","class","System.Object","System.Collections.IEnumerator;System.IDisposable;System.Collections.Generic.IEnumerator`1[[System.Object, mscorlib, Version=4.0.0.0, Culture=neutral, PublicKeyToken=b77a5c561934e089]]","5","13","2","0","True"
"Assembly-CSharp-firstpass.dll","JCloudRoutine+<Execute>c__Iterator19","class","System.Object","System.Collections.IEnumerator;System.IDisposable;System.Collections.Generic.IEnumerator`1[[System.Object, mscorlib, Version=4.0.0.0, Culture=neutral, PublicKeyToken=b77a5c561934e089]]","5","7","2","0","True"
"Assembly-CSharp-firstpass.dll","UghControl+<OnUghInputDown>c__Iterator1A","class","System.Object","System.Collections.IEnumerator;System.IDisposable;System.Collections.Generic.IEnumerator`1[[System.Object, mscorlib, Version=4.0.0.0, Culture=neutral, PublicKeyToken=b77a5c561934e089]]","5","2","2","0","True"
"Assembly-CSharp-firstpass.dll","UghButton+<OnUghInputDown>c__Iterator1B","class","System.Object","System.Collections.IEnumerator;System.IDisposable;System.Collections.Generic.IEnumerator`1[[System.Object, mscorlib, Version=4.0.0.0, Culture=neutral, PublicKeyToken=b77a5c561934e089]]","5","4","2","0","True"
"Assembly-CSharp-firstpass.dll","UghButtonDisablable+<OnUghInputDown>c__Iterator1C","class","System.Object","System.Collections.IEnumerator;System.IDisposable;System.Collections.Generic.IEnumerator`1[[System.Object, mscorlib, Version=4.0.0.0, Culture=neutral, PublicKeyToken=b77a5c561934e089]]","5","3","2","0","True"
"Assembly-CSharp-firstpass.dll","UghScrollView+<OnUghInputDown>c__Iterator1D","class","System.Object","System.Collections.IEnumerator;System.IDisposable;System.Collections.Generic.IEnumerator`1[[System.Object, mscorlib, Version=4.0.0.0, Culture=neutral, PublicKeyToken=b77a5c561934e089]]","5","3","2","0","True"
"Assembly-CSharp-firstpass.dll","UghScrollView+<HandleExplicitScrolling>c__Iterator1E","class","System.Object","System.Collections.IEnumerator;System.IDisposable;System.Collections.Generic.IEnumerator`1[[System.Object, mscorlib, Version=4.0.0.0, Culture=neutral, PublicKeyToken=b77a5c561934e089]]","5","20","2","0","True"
"Assembly-CSharp-firstpass.dll","UghScrollView+<HandleVelocityScrolling>c__Iterator1F","class","System.Object","System.Collections.IEnumerator;System.IDisposable;System.Collections.Generic.IEnumerator`1[[System.Object, mscorlib, Version=4.0.0.0, Culture=neutral, PublicKeyToken=b77a5c561934e089]]","5","9","2","0","True"
"Assembly-CSharp-firstpass.dll","UghScrollView+<HandleSnapScrolling>c__Iterator20","class","System.Object","System.Collections.IEnumerator;System.IDisposable;System.Collections.Generic.IEnumerator`1[[System.Object, mscorlib, Version=4.0.0.0, Culture=neutral, PublicKeyToken=b77a5c561934e089]]","5","9","2","0","True"
"Assembly-CSharp-firstpass.dll","UghScrollView+<ForceSnapScrolling>c__Iterator21","class","System.Object","System.Collections.IEnumerator;System.IDisposable;System.Collections.Generic.IEnumerator`1[[System.Object, mscorlib, Version=4.0.0.0, Culture=neutral, PublicKeyToken=b77a5c561934e089]]","5","5","2","0","True"
"Assembly-CSharp-firstpass.dll","UghScrollView+<SnapScroll>c__Iterator22","class","System.Object","System.Collections.IEnumerator;System.IDisposable;System.Collections.Generic.IEnumerator`1[[System.Object, mscorlib, Version=4.0.0.0, Culture=neutral, PublicKeyToken=b77a5c561934e089]]","5","10","2","0","True"
"Assembly-CSharp-firstpass.dll","UghSlideToggle+<OnUghInputDown>c__Iterator23","class","System.Object","System.Collections.IEnumerator;System.IDisposable;System.Collections.Generic.IEnumerator`1[[System.Object, mscorlib, Version=4.0.0.0, Culture=neutral, PublicKeyToken=b77a5c561934e089]]","5","26","2","0","True"
"Assembly-CSharp-firstpass.dll","UghSlider+<OnUghInputDown>c__Iterator24","class","System.Object","System.Collections.IEnumerator;System.IDisposable;System.Collections.Generic.IEnumerator`1[[System.Object, mscorlib, Version=4.0.0.0, Culture=neutral, PublicKeyToken=b77a5c561934e089]]","5","8","2","0","True"
"Assembly-CSharp-firstpass.dll","UghToggle+<OnUghInputDown>c__Iterator25","class","System.Object","System.Collections.IEnumerator;System.IDisposable;System.Collections.Generic.IEnumerator`1[[System.Object, mscorlib, Version=4.0.0.0, Culture=neutral, PublicKeyToken=b77a5c561934e089]]","5","3","2","0","True"
"Assembly-CSharp-firstpass.dll","LEDScroller+<OnScrollHelper>c__Iterator26","class","System.Object","System.Collections.IEnumerator;System.IDisposable;System.Collections.Generic.IEnumerator`1[[System.Object, mscorlib, Version=4.0.0.0, Culture=neutral, PublicKeyToken=b77a5c561934e089]]","5","3","2","0","True"
"Assembly-CSharp-firstpass.dll","LEDScroller+<OnFlashHelper>c__Iterator27","class","System.Object","System.Collections.IEnumerator;System.IDisposable;System.Collections.Generic.IEnumerator`1[[System.Object, mscorlib, Version=4.0.0.0, Culture=neutral, PublicKeyToken=b77a5c561934e089]]","5","3","2","0","True"
"Assembly-CSharp-firstpass.dll","ScreenFade+<FadeHelper>c__Iterator28","class","System.Object","System.Collections.IEnumerator;System.IDisposable;System.Collections.Generic.IEnumerator`1[[System.Object, mscorlib, Version=4.0.0.0, Culture=neutral, PublicKeyToken=b77a5c561934e089]]","5","11","2","0","True"
"Assembly-CSharp-firstpass.dll","ScreenFade+<LoadSceneHelper>c__Iterator29","class","System.Object","System.Collections.IEnumerator;System.IDisposable;System.Collections.Generic.IEnumerator`1[[System.Object, mscorlib, Version=4.0.0.0, Culture=neutral, PublicKeyToken=b77a5c561934e089]]","5","4","2","0","True"
"Assembly-CSharp-firstpass.dll","<PrivateImplementationDetails>","class","System.Object","","0","4","0","0","True"
"Assembly-CSharp-firstpass.dll","<PrivateImplementationDetails>+$ArrayType$32","struct","System.ValueType","","0","0","0","0","False"
"Assembly-CSharp-firstpass.dll","<PrivateImplementationDetails>+$ArrayType$2048","struct","System.ValueType","","0","0","0","0","False"
"Assembly-CSharp-firstpass.dll","<PrivateImplementationDetails>+$ArrayType$24","struct","System.ValueType","","0","0","0","0","False"
"Assembly-CSharp-firstpass.dll","UghPublisher+<GetSprite>c__AnonStorey2A","class","System.Object","","1","1","0","0","True"
"Assembly-UnityScript.dll","Plane_Script","class","UnityEngine.MonoBehaviour","","3","10","0","0","False"
"Assembly-UnityScript.dll","WheelData","class","System.Object","","0","8","0","0","False"
"Assembly-UnityScript.dll","Car_Script","class","UnityEngine.MonoBehaviour","","4","21","0","0","False"
