[Licensing::Module] Trying to connect to existing licensing client channel...
Built from '6000.5/staging' branch; Version is '6000.5.3f1 (c2eb47b3a2a9) revision 12774215'; Using compiler version '194234433'; Build Type 'Release'
OS: 'Windows 11  (10.0.26200) CoreSingleLanguage' Language: 'es' Physical Memory: 15814 MB
BatchMode: 1, IsHumanControllingUs: 0, StartBugReporterOnCrash: 0, Is64bit: 1
[Licensing::IpcConnector] Successfully connected to: "LicenseClient-STEEP" at "2026-07-15T02:33:58.6361646Z"
System  architecture: x64
Process architecture: x64
Date: 2026-07-15T02:33:58Z

COMMAND LINE ARGUMENTS:
C:\Program Files\Unity\Hub\Editor\6000.5.3f1\Editor\Unity.exe
-batchmode
-quit
-accept-apiupdate
-projectPath
C:\Users\STEEP\Documents\game\phase4_reconstruction\Unity6Project
-executeMethod
AndroidPhase6Builder.BuildApk
-logFile
C:\Users\STEEP\Documents\game\phase4_reconstruction\reports\phase6_android_build_apk_pass3.log
Successfully changed project path to: C:\Users\STEEP\Documents\game\phase4_reconstruction\Unity6Project
C:/Users/STEEP/Documents/game/phase4_reconstruction/Unity6Project
[UnityMemory] Configuration Parameters - Can be set up in boot.config
    "memorysetup-temp-allocator-size-gi-baking-worker=262144"
    "memorysetup-temp-allocator-size-gi-baking-worker=262144"
    "memorysetup-temp-allocator-size-gi-baking-worker=262144"
    "memorysetup-temp-allocator-size-gi-baking-worker=262144"
    "memorysetup-temp-allocator-size-gi-baking-worker=262144"
    "memorysetup-temp-allocator-size-nav-mesh-worker=65536"
    "memorysetup-temp-allocator-size-audio-worker=65536"
    "memorysetup-temp-allocator-size-cloud-worker=32768"
    "memorysetup-temp-allocator-size-gfx=262144"
    "memorysetup-temp-allocator-size-preload-manager=33554432"
    "memorysetup-allocator-temp-initial-block-size-main=262144"
    "memorysetup-allocator-temp-initial-block-size-worker=262144"
    "memorysetup-temp-allocator-size-job-worker=262144"
    "memorysetup-temp-allocator-size-background-worker=32768"
    "memorysetup-bucket-allocator-granularity=16"
    "memorysetup-bucket-allocator-bucket-count=8"
    "memorysetup-bucket-allocator-block-size=33554432"
    "memorysetup-bucket-allocator-block-count=8"
    "memorysetup-main-allocator-block-size=16777216"
    "memorysetup-thread-allocator-block-size=16777216"
    "memorysetup-main-allocator-mimalloc-enabled=0"
    "memorysetup-gfx-main-allocator-block-size=16777216"
    "memorysetup-gfx-thread-allocator-block-size=16777216"
    "memorysetup-cache-allocator-block-size=4194304"
    "memorysetup-typetree-allocator-block-size=2097152"
    "memorysetup-profiler-bucket-allocator-granularity=16"
    "memorysetup-profiler-bucket-allocator-bucket-count=8"
    "memorysetup-profiler-bucket-allocator-block-size=33554432"
    "memorysetup-profiler-bucket-allocator-block-count=8"
    "memorysetup-profiler-allocator-block-size=16777216"
    "memorysetup-profiler-editor-allocator-block-size=1048576"
    "memorysetup-temp-allocator-size-main=16777216"
    "memorysetup-job-temp-allocator-block-size=2097152"
    "memorysetup-job-temp-allocator-block-size-background=1048576"
    "memorysetup-job-temp-allocator-reduction-small-platforms=262144"
Logging is directed to a specific file, skipping project log.Player connection [18988]  Target information:

Player connection [18988]  * "[IP] 172.29.176.1 [Port] 55504 [Flags] 2 [Guid] 1201887580 [EditorId] 1201887580 [Version] 1048832 [Id] WindowsEditor(7,LAPTOP-TQVLD7MF) [Debug] 1 [PackageName] WindowsEditor [ProjectName] Editor" 

Player connection [18988]  * "[IP] 192.168.1.5 [Port] 55504 [Flags] 2 [Guid] 1201887580 [EditorId] 1201887580 [Version] 1048832 [Id] WindowsEditor(7,LAPTOP-TQVLD7MF) [Debug] 1 [PackageName] WindowsEditor [ProjectName] Editor" 

Player connection [18988] Host joined multi-casting on [225.0.0.222:54997]...
Player connection [18988] Host joined alternative multi-casting on [225.0.0.222:34997]...
Input System module state changed to: Initialized.
[Physics::Module] Initialized fallback backend.
[Physics::Module] Id: 0xdecafbad
[Package Manager] Connected to IPC stream "Upm-10952" after 0.3 seconds.
[Licensing::Module] Licensing is not yet initialized.
[Licensing::Client] Error: HandshakeResponse reported an error:
	ResponseCode: 505
	ResponseStatus: Unsupported protocol version '1.18.1'.
[Licensing::Module] Error: Failed to handshake to channel: "LicenseClient-STEEP"
[Licensing::IpcConnector] LicenseClient-STEEP channel disconnected successfully.
[Licensing::IpcConnector] Channel LicenseClient-STEEP-6000.5.3 doesn't exist
[Licensing::Module] Successfully launched the LicensingClient (PId: 16352)
[Licensing::IpcConnector] Successfully connected to: "LicenseClient-STEEP-6000.5.3" at "2026-07-15T02:33:59.7877817Z"
[Licensing::Client] Code 10 while verifying Licensing Client signature (process Id: 16352, path: "C:/Program Files/Unity/Hub/Editor/6000.5.3f1/Editor/Data/Resources/Licensing/Client/Unity.Licensing.Client.exe")
[Licensing::Module] LicensingClient has failed validation; ignoring
[Licensing::Client] Handshaking with LicensingClient:
  Version:                 1.18.1+9fbee8e
  Session Id:              8c4b9816c37542348350646ff5a878a2
  Correlation Id:          e0bd1bb13ce3a1e8977d6e29b8f15b6c
  External correlation Id: 1571636371375753171
  Machine Id:              segNaylj+iT0/fzmmJP61DLLbz4=
[Licensing::Module] Successfully connected to LicensingClient on channel: "LicenseClient-STEEP-6000.5.3" (connect: 0.24s, validation: 0.15s, handshake: 0.01s)
[Licensing::IpcConnector] Successfully connected to: "LicenseClient-STEEP-6000.5.3-notifications" at "2026-07-15T02:33:59.9454781Z"
[Licensing::Module] Connected to LicensingClient (PId: 16352, launch time: 0.01, total connection time: 0.40s)
[Licensing::Module] Error: Access token is unavailable; failed to update
[Licensing::Client] Successfully resolved entitlement details
[Licensing::Module] License group:
  Id: 4674230029630-UnityPersXXXX
  Product: Unity Personal
  Type: Assigned
  Expiration: Unlimited
[Licensing::Client] Successfully updated license, isAsync: True, time: 0.01
[Licensing::Client] Successfully resolved entitlement details
[Licensing::Module] Licensing Background thread has ended after 1.34s
[Licensing::Module] Licensing is initialized (took 0.91s).
[Licensing::Client] Successfully resolved entitlement details
Library Redirect Path: Library/
[Physics::Module] Selected backend.
[Physics::Module] Name: PhysX
[Physics::Module] Id: 0xf2b8ea05
[Physics::Module] SDK Version: 4.1.2
[Physics::Module] Integration Version: 1.0.0
[Physics::Module] Threading Mode: Multi-Threaded
Initialize engine version: 6000.5.3f1 (c2eb47b3a2a9)
[Subsystems] Discovering subsystems at path C:/Program Files/Unity/Hub/Editor/6000.5.3f1/Editor/Data/Resources/UnitySubsystems
[Subsystems] Discovering subsystems at path C:/Users/STEEP/Documents/game/phase4_reconstruction/Unity6Project/Assets
GfxDevice: creating device client; kGfxThreadingModeNonThreaded
Direct3D:
    Version:  Direct3D 11.0 [level 11.1]
    Renderer: Intel(R) Graphics (ID=0x7dd1)
    Vendor:   Intel
    VRAM:     9014 MB
    Driver:   32.0.101.8860
Initialize mono
Mono path[0] = 'C:/Program Files/Unity/Hub/Editor/6000.5.3f1/Editor/Data/Managed'
Mono path[1] = 'C:/Program Files/Unity/Hub/Editor/6000.5.3f1/Editor/Data/BCLExtensions/runtime/netstandard2.1'
Mono path[2] = 'C:/Program Files/Unity/Hub/Editor/6000.5.3f1/Editor/Data/MonoBleedingEdge/lib/mono/unityjit-win32'
Mono config path = 'C:/Program Files/Unity/Hub/Editor/6000.5.3f1/Editor/Data/MonoBleedingEdge/etc'
Using monoOptions --debugger-agent=transport=dt_socket,embedding=1,server=y,suspend=n,address=127.0.0.1:56952
CodeReloadManager initialized
ImportWorker Server TCP listen port: 0
AcceleratorClientConnectionCallback - disconnected - :0
Begin MonoManager ReloadAssembly
Registering precompiled unity dll's ...
Register platform support module: C:/Program Files/Unity/Hub/Editor/6000.5.3f1/Editor/Data/PlaybackEngines/WebGLSupport/UnityEditor.WebGL.Extensions.dll
Register platform support module: C:/Program Files/Unity/Hub/Editor/6000.5.3f1/Editor/Data/PlaybackEngines/WindowsStandaloneSupport/UnityEditor.WindowsStandalone.Extensions.dll
[Licensing::Client] Successfully resolved entitlement details
Register platform support module: C:/Program Files/Unity/Hub/Editor/6000.5.3f1/Editor/Data/PlaybackEngines/AndroidPlayer/UnityEditor.Android.Extensions.dll
Registered in 0.005000 seconds.
Native extension for Android target not found
Native extension for WindowsStandalone target not found
Native extension for WebGL target not found
Package Manager log level set to [2]
ScheduleIndexationOnStartup MainProcess:False IndexOnStartup:True
Mono: successfully reloaded assembly
- Finished resetting the current domain, in  0.351 seconds
Domain Reload Profiling: 811ms
	BeginReloadAssembly (101ms)
		CreateAndSetChildDomain (4ms)
	RebuildCommonClasses (5ms)
	RebuildNativeTypeToScriptingClass (14ms)
	initialDomainReloadingComplete (74ms)
	LoadAllAssembliesAndSetupDomain (262ms)
		LoadAssemblies (95ms)
		AnalyzeDomain (191ms)
			TypeCache.Refresh (190ms)
				TypeCache.ScanAssembly (175ms)
	FinalizeReload (354ms)
		SetupLoadedEditorAssemblies (0ms)
			InitializePlatformSupportModulesInManaged (8ms)
			BeforeProcessingInitializeOnLoad (72ms)
			ProcessInitializeOnLoadAttributes (78ms)
			ProcessInitializeOnLoadMethodAttributes (124ms)
[Licensing::Client] Successfully resolved entitlement details
Application.AssetDatabase Initial Refresh Start
[Package Manager] Restoring resolved packages state from cache
[Licensing::Client] Successfully resolved entitlement details
[Package Manager] Registered 53 packages:
  Packages from [https://packages.unity.com]:
    com.unity.ai.navigation@2.0.13 (location: C:\Users\STEEP\Documents\game\phase4_reconstruction\Unity6Project\Library\PackageCache\com.unity.ai.navigation@42d896194035)
    com.unity.analytics@3.8.2 (location: C:\Users\STEEP\Documents\game\phase4_reconstruction\Unity6Project\Library\PackageCache\com.unity.analytics@c9d14a6bdec6)
    com.unity.collab-proxy@2.12.4 (location: C:\Users\STEEP\Documents\game\phase4_reconstruction\Unity6Project\Library\PackageCache\com.unity.collab-proxy@0b1559bcd34e)
    com.unity.ide.rider@3.0.38 (location: C:\Users\STEEP\Documents\game\phase4_reconstruction\Unity6Project\Library\PackageCache\com.unity.ide.rider@1f60b3138684)
    com.unity.ide.visualstudio@2.0.26 (location: C:\Users\STEEP\Documents\game\phase4_reconstruction\Unity6Project\Library\PackageCache\com.unity.ide.visualstudio@a99d56dec63f)
    com.unity.purchasing@4.15.1 (location: C:\Users\STEEP\Documents\game\phase4_reconstruction\Unity6Project\Library\PackageCache\com.unity.purchasing@265595791a69)
    com.unity.timeline@1.8.12 (location: C:\Users\STEEP\Documents\game\phase4_reconstruction\Unity6Project\Library\PackageCache\com.unity.timeline@8cd8509afae5)
    com.unity.xr.legacyinputhelpers@3.0.1 (location: C:\Users\STEEP\Documents\game\phase4_reconstruction\Unity6Project\Library\PackageCache\com.unity.xr.legacyinputhelpers@3f62d634f63b)
    com.unity.services.core@1.18.0 (location: C:\Users\STEEP\Documents\game\phase4_reconstruction\Unity6Project\Library\PackageCache\com.unity.services.core@3464cb68d709)
    com.unity.services.analytics@6.3.0 (location: C:\Users\STEEP\Documents\game\phase4_reconstruction\Unity6Project\Library\PackageCache\com.unity.services.analytics@cde4e6cf92f9)
    com.unity.nuget.newtonsoft-json@3.2.2 (location: C:\Users\STEEP\Documents\game\phase4_reconstruction\Unity6Project\Library\PackageCache\com.unity.nuget.newtonsoft-json@4dfd81071c64)
  Built-in packages:
    com.unity.2d.sprite@1.0.0 (location: C:\Users\STEEP\Documents\game\phase4_reconstruction\Unity6Project\Library\PackageCache\com.unity.2d.sprite@053a968eab56)
    com.unity.2d.tilemap@1.0.0 (location: C:\Users\STEEP\Documents\game\phase4_reconstruction\Unity6Project\Library\PackageCache\com.unity.2d.tilemap@592c6ccaefe1)
    com.unity.multiplayer.center@1.0.1 (location: C:\Users\STEEP\Documents\game\phase4_reconstruction\Unity6Project\Library\PackageCache\com.unity.multiplayer.center@b860850997d0)
    com.unity.test-framework@1.7.0 (location: C:\Users\STEEP\Documents\game\phase4_reconstruction\Unity6Project\Library\PackageCache\com.unity.test-framework@1405238725ab)
    com.unity.ugui@2.5.0 (location: C:\Users\STEEP\Documents\game\phase4_reconstruction\Unity6Project\Library\PackageCache\com.unity.ugui@377fd60ad87b)
    com.unity.modules.accessibility@1.0.0 (location: C:\Users\STEEP\Documents\game\phase4_reconstruction\Unity6Project\Library\PackageCache\com.unity.modules.accessibility)
    com.unity.modules.adaptiveperformance@1.0.0 (location: C:\Users\STEEP\Documents\game\phase4_reconstruction\Unity6Project\Library\PackageCache\com.unity.modules.adaptiveperformance)
    com.unity.modules.ai@1.0.0 (location: C:\Users\STEEP\Documents\game\phase4_reconstruction\Unity6Project\Library\PackageCache\com.unity.modules.ai)
    com.unity.modules.androidjni@1.0.0 (location: C:\Users\STEEP\Documents\game\phase4_reconstruction\Unity6Project\Library\PackageCache\com.unity.modules.androidjni)
    com.unity.modules.animation@1.0.0 (location: C:\Users\STEEP\Documents\game\phase4_reconstruction\Unity6Project\Library\PackageCache\com.unity.modules.animation)
    com.unity.modules.assetbundle@1.0.0 (location: C:\Users\STEEP\Documents\game\phase4_reconstruction\Unity6Project\Library\PackageCache\com.unity.modules.assetbundle)
    com.unity.modules.audio@1.0.0 (location: C:\Users\STEEP\Documents\game\phase4_reconstruction\Unity6Project\Library\PackageCache\com.unity.modules.audio)
    com.unity.modules.cloth@1.0.0 (location: C:\Users\STEEP\Documents\game\phase4_reconstruction\Unity6Project\Library\PackageCache\com.unity.modules.cloth)
    com.unity.modules.director@1.0.0 (location: C:\Users\STEEP\Documents\game\phase4_reconstruction\Unity6Project\Library\PackageCache\com.unity.modules.director)
    com.unity.modules.imageconversion@1.0.0 (location: C:\Users\STEEP\Documents\game\phase4_reconstruction\Unity6Project\Library\PackageCache\com.unity.modules.imageconversion)
    com.unity.modules.imgui@1.0.0 (location: C:\Users\STEEP\Documents\game\phase4_reconstruction\Unity6Project\Library\PackageCache\com.unity.modules.imgui)
    com.unity.modules.jsonserialize@1.0.0 (location: C:\Users\STEEP\Documents\game\phase4_reconstruction\Unity6Project\Library\PackageCache\com.unity.modules.jsonserialize)
    com.unity.modules.particlesystem@1.0.0 (location: C:\Users\STEEP\Documents\game\phase4_reconstruction\Unity6Project\Library\PackageCache\com.unity.modules.particlesystem)
    com.unity.modules.physics@1.0.0 (location: C:\Users\STEEP\Documents\game\phase4_reconstruction\Unity6Project\Library\PackageCache\com.unity.modules.physics)
    com.unity.modules.physics2d@1.0.0 (location: C:\Users\STEEP\Documents\game\phase4_reconstruction\Unity6Project\Library\PackageCache\com.unity.modules.physics2d)
    com.unity.modules.physicscore2d@1.0.0 (location: C:\Users\STEEP\Documents\game\phase4_reconstruction\Unity6Project\Library\PackageCache\com.unity.modules.physicscore2d)
    com.unity.modules.screencapture@1.0.0 (location: C:\Users\STEEP\Documents\game\phase4_reconstruction\Unity6Project\Library\PackageCache\com.unity.modules.screencapture)
    com.unity.modules.terrain@1.0.0 (location: C:\Users\STEEP\Documents\game\phase4_reconstruction\Unity6Project\Library\PackageCache\com.unity.modules.terrain)
    com.unity.modules.terrainphysics@1.0.0 (location: C:\Users\STEEP\Documents\game\phase4_reconstruction\Unity6Project\Library\PackageCache\com.unity.modules.terrainphysics)
    com.unity.modules.tilemap@1.0.0 (location: C:\Users\STEEP\Documents\game\phase4_reconstruction\Unity6Project\Library\PackageCache\com.unity.modules.tilemap)
    com.unity.modules.ui@1.0.0 (location: C:\Users\STEEP\Documents\game\phase4_reconstruction\Unity6Project\Library\PackageCache\com.unity.modules.ui)
    com.unity.modules.uielements@1.0.0 (location: C:\Users\STEEP\Documents\game\phase4_reconstruction\Unity6Project\Library\PackageCache\com.unity.modules.uielements)
    com.unity.modules.umbra@1.0.0 (location: C:\Users\STEEP\Documents\game\phase4_reconstruction\Unity6Project\Library\PackageCache\com.unity.modules.umbra)
    com.unity.modules.unityanalytics@1.0.0 (location: C:\Users\STEEP\Documents\game\phase4_reconstruction\Unity6Project\Library\PackageCache\com.unity.modules.unityanalytics)
    com.unity.modules.unitywebrequest@1.0.0 (location: C:\Users\STEEP\Documents\game\phase4_reconstruction\Unity6Project\Library\PackageCache\com.unity.modules.unitywebrequest)
    com.unity.modules.unitywebrequestassetbundle@1.0.0 (location: C:\Users\STEEP\Documents\game\phase4_reconstruction\Unity6Project\Library\PackageCache\com.unity.modules.unitywebrequestassetbundle)
    com.unity.modules.unitywebrequestaudio@1.0.0 (location: C:\Users\STEEP\Documents\game\phase4_reconstruction\Unity6Project\Library\PackageCache\com.unity.modules.unitywebrequestaudio)
    com.unity.modules.unitywebrequesttexture@1.0.0 (location: C:\Users\STEEP\Documents\game\phase4_reconstruction\Unity6Project\Library\PackageCache\com.unity.modules.unitywebrequesttexture)
    com.unity.modules.unitywebrequestwww@1.0.0 (location: C:\Users\STEEP\Documents\game\phase4_reconstruction\Unity6Project\Library\PackageCache\com.unity.modules.unitywebrequestwww)
    com.unity.modules.vectorgraphics@1.0.0 (location: C:\Users\STEEP\Documents\game\phase4_reconstruction\Unity6Project\Library\PackageCache\com.unity.modules.vectorgraphics)
    com.unity.modules.vehicles@1.0.0 (location: C:\Users\STEEP\Documents\game\phase4_reconstruction\Unity6Project\Library\PackageCache\com.unity.modules.vehicles)
    com.unity.modules.video@1.0.0 (location: C:\Users\STEEP\Documents\game\phase4_reconstruction\Unity6Project\Library\PackageCache\com.unity.modules.video)
    com.unity.modules.wind@1.0.0 (location: C:\Users\STEEP\Documents\game\phase4_reconstruction\Unity6Project\Library\PackageCache\com.unity.modules.wind)
    com.unity.modules.xr@1.0.0 (location: C:\Users\STEEP\Documents\game\phase4_reconstruction\Unity6Project\Library\PackageCache\com.unity.modules.xr)
    com.unity.modules.subsystems@1.0.0 (location: C:\Users\STEEP\Documents\game\phase4_reconstruction\Unity6Project\Library\PackageCache\com.unity.modules.subsystems)
    com.unity.modules.hierarchycore@1.0.0 (location: C:\Users\STEEP\Documents\game\phase4_reconstruction\Unity6Project\Library\PackageCache\com.unity.modules.hierarchycore)
    com.unity.ext.nunit@2.1.0 (location: C:\Users\STEEP\Documents\game\phase4_reconstruction\Unity6Project\Library\PackageCache\com.unity.ext.nunit@44f7d31723bd)
[Package Manager] com.unity.purchasing@4.15.1 is deprecated: Unity IAP 4 is unsupported as of June 8, 2026. IAP 5 is the supported version going forward.
[Subsystems] No new subsystems found in resolved package list.
[Package Manager] Done registering packages in 0.01 seconds
[ScriptCompilation] Requested script compilation because: AssetDatabase observed changes in script compilation related files
Starting: C:\Program Files\Unity\Hub\Editor\6000.5.3f1\Editor\Data\Tools\BuildPipeline\bee_backend.exe --ipc --defer-dag-verification --dagfile="Library/Bee/1900b0aE.dag" --continue-on-failure --profile="Library/Bee/backend1.traceevents" ScriptAssemblies
WorkingDir: C:/Users/STEEP/Documents/game/phase4_reconstruction/Unity6Project
DisplayProgressbar: Compiling Scripts
ExitCode: 0 Duration: 1s853ms
[712/718    1s] Csc Library/Bee/artifacts/1900b0aE.dag/Assembly-CSharp.dll (+2 others)
[713/718    0s] CopyFiles Library/ScriptAssemblies/Assembly-CSharp.pdb
[714/718    0s] CopyFiles Library/ScriptAssemblies/Assembly-CSharp.dll
[715/718    0s] Csc Library/Bee/artifacts/1900b0aE.dag/Assembly-CSharp-Editor.dll (+2 others)
[716/718    0s] CopyFiles Library/ScriptAssemblies/Assembly-CSharp-Editor.pdb
[717/718    0s] CopyFiles Library/ScriptAssemblies/Assembly-CSharp-Editor.dll
*** Tundra build success (1.82 seconds), 6 items updated, 718 evaluated
Total cache size 42322572
Total cache size after purge 42322572, took 00:00:00.0711711
AssetDatabase: script compilation time: 2.279289s
Begin MonoManager ReloadAssembly
OnLevelWasLoaded was found on ScreenFader
This message has been deprecated and will be removed in a later version of Unity.
Add a delegate to SceneManager.sceneLoaded instead to get notifications after scene loading has completed
OnLevelWasLoaded was found on Localize
This message has been deprecated and will be removed in a later version of Unity.
Add a delegate to SceneManager.sceneLoaded instead to get notifications after scene loading has completed
OnLevelWasLoaded was found on UghCamera
This message has been deprecated and will be removed in a later version of Unity.
Add a delegate to SceneManager.sceneLoaded instead to get notifications after scene loading has completed
Refreshing native plugins compatible for Editor in 2.96 ms, found 3 plugins.
OnLevelWasLoaded was found on UghCamera
This message has been deprecated and will be removed in a later version of Unity.
Add a delegate to SceneManager.sceneLoaded instead to get notifications after scene loading has completed
OnLevelWasLoaded was found on ScreenFader
This message has been deprecated and will be removed in a later version of Unity.
Add a delegate to SceneManager.sceneLoaded instead to get notifications after scene loading has completed
OnLevelWasLoaded was found on Localize
This message has been deprecated and will be removed in a later version of Unity.
Add a delegate to SceneManager.sceneLoaded instead to get notifications after scene loading has completed
Native extension for Android target not found
Native extension for WindowsStandalone target not found
Native extension for WebGL target not found
ScheduleIndexationOnStartup MainProcess:True IndexOnStartup:True
Mono: successfully reloaded assembly
- Finished resetting the current domain, in  0.682 seconds
Domain Reload Profiling: 1432ms
	BeginReloadAssembly (213ms)
		DisableScriptedObjects (65ms)
		CreateAndSetChildDomain (43ms)
	RebuildCommonClasses (7ms)
	RebuildNativeTypeToScriptingClass (12ms)
	initialDomainReloadingComplete (51ms)
	LoadAllAssembliesAndSetupDomain (465ms)
		LoadAssemblies (302ms)
		AnalyzeDomain (137ms)
			TypeCache.Refresh (100ms)
				TypeCache.ScanAssembly (86ms)
			BuildScriptInfoCaches (33ms)
	FinalizeReload (683ms)
		SetupLoadedEditorAssemblies (0ms)
			InitializePlatformSupportModulesInManaged (8ms)
			BeforeProcessingInitializeOnLoad (76ms)
			ProcessInitializeOnLoadAttributes (241ms)
			ProcessInitializeOnLoadMethodAttributes (202ms)
			AfterProcessingInitializeOnLoad (5ms)
		AwakeInstancesAfterBackupRestoration (15ms)
Importing 'GUID: 02a855fe46fea4b409432d280b1c79a5 - Path: Assets/GameObject/Poof.prefab' with importer (PrefabImporter)
Imported 'GUID: 02a855fe46fea4b409432d280b1c79a5' -> (Import Result ID: '448af599c78a0067aa13b97c7ee843dd') in 0.018 seconds [static and dynamic dependencies]. Details - ImportResultOutputID=3937f1717f4aae14ae491fe08b862af0 DependenciesID=826046543010da098932683298e8d011 StaticDependenciesID=595cbcae7d1e8b5f541ec100186f931c 
Importing 'GUID: 54f7eac83ff363447a3dc75834ed5389 - Path: Assets/GameObject/Explosion.prefab' with importer (PrefabImporter)
Imported 'GUID: 54f7eac83ff363447a3dc75834ed5389' -> (Import Result ID: '153855cb689807ea2b47a66c1d41bb55') in 0.009 seconds [static and dynamic dependencies]. Details - ImportResultOutputID=5483b3d7ccbe0bf97d15cd6410cdc308 DependenciesID=3e387c2f5dc6a5a9dd7cfda165e8d6b6 StaticDependenciesID=e955d571c94c28d83e402a803b401c13 
Importing 'GUID: f4394bfc78dee294782810ef7e6374f4 - Path: Assets/GameObject/hit laser.prefab' with importer (PrefabImporter)
Imported 'GUID: f4394bfc78dee294782810ef7e6374f4' -> (Import Result ID: 'a1f7fe0a81257b07d3b55f38098e491a') in 0.008 seconds [static and dynamic dependencies]. Details - ImportResultOutputID=17a1704e33fa7463dd86b3e1cec737c5 DependenciesID=8ba3f6fa2f03660fde664b33bd3d0f27 StaticDependenciesID=6918de70dca1f0008960bb6e2354daee 
Importing 'GUID: 35329a7ff78a62d469440bf93542c2ee - Path: Assets/GameObject/Pyrotechnics particles.prefab' with importer (PrefabImporter)
Imported 'GUID: 35329a7ff78a62d469440bf93542c2ee' -> (Import Result ID: '64cab476b86bec8048311b9a3cd30c35') in 0.007 seconds [static and dynamic dependencies]. Details - ImportResultOutputID=d039af03be84095611c05b3d0d7dea2a DependenciesID=8b23fa64229d0ecaf2185faceddd3666 StaticDependenciesID=27cfb1893eb9d42c9e21fab9cd42a7fd 
Importing 'GUID: 75a1e2d730831bf49b1bac9ea03a9a8a - Path: Assets/GameObject/Barrel On Track.prefab' with importer (PrefabImporter)
Imported 'GUID: 75a1e2d730831bf49b1bac9ea03a9a8a' -> (Import Result ID: '3056fc0a0ef7c394e9aff2ff5f9ab3ba') in 0.010 seconds [static and dynamic dependencies]. Details - ImportResultOutputID=47950b758c5503cce2923c2fdd99f38e DependenciesID=26ba2460c465b7969a100ed4ac79b9e2 StaticDependenciesID=180a3051f0a47a3b25fd535ee849500a 
Importing 'GUID: 855689529e5da9f4590306d546df8c8f - Path: Assets/GameObject/Exhaust.prefab' with importer (PrefabImporter)
Imported 'GUID: 855689529e5da9f4590306d546df8c8f' -> (Import Result ID: 'aa90bff74ad62f606e63107b72ccff94') in 0.008 seconds [static and dynamic dependencies]. Details - ImportResultOutputID=c02f97eea707ba01fed878f6d04de7f4 DependenciesID=55c1df32c7cada557e1e5d47b268b842 StaticDependenciesID=16325b27f7e9394df1eb2800089a713a 
Importing 'GUID: 9589e2385f921f945947b83bdb5a821d - Path: Assets/GameObject/Pick Up Powerup.prefab' with importer (PrefabImporter)
Imported 'GUID: 9589e2385f921f945947b83bdb5a821d' -> (Import Result ID: '0976d1e600864911eeaba0458a4a030a') in 0.009 seconds [static and dynamic dependencies]. Details - ImportResultOutputID=839ba75cc14be90e91a7639bc348ba85 DependenciesID=32ed93a4308a55f4dee00e4465e72de8 StaticDependenciesID=b8b8daaf29a9d6ac694710fb60ed4409 
Importing 'GUID: 87c91d273a0562f4891113520b4ba15d - Path: Assets/GameObject/Exhaust Fire.prefab' with importer (PrefabImporter)
Imported 'GUID: 87c91d273a0562f4891113520b4ba15d' -> (Import Result ID: '7f0e14d6f243696b6efa876770b1a2b7') in 0.008 seconds [static and dynamic dependencies]. Details - ImportResultOutputID=75e7d43c9bd01d4810fdbfb47c428a7d DependenciesID=861971dd883710d78999035e98ea3303 StaticDependenciesID=68f2052facdf3dc27421994ddc70d91b 
Importing 'GUID: 18ad268c4a72a8f42a7c41e99d6670f9 - Path: Assets/GameObject/BubbleJetUP.prefab' with importer (PrefabImporter)
Imported 'GUID: 18ad268c4a72a8f42a7c41e99d6670f9' -> (Import Result ID: '587058c33a5ee31284ebd8863e5557ef') in 0.008 seconds [static and dynamic dependencies]. Details - ImportResultOutputID=520f67556d81068793b2286e54f46397 DependenciesID=d53e24c839405a1e20f197cd03038c61 StaticDependenciesID=570cd67347922dd0116ac4d81c30e658 
Importing 'GUID: 4aa6dcd858cdf9e43b75c328552042bd - Path: Assets/GameObject/Drift.prefab' with importer (PrefabImporter)
Imported 'GUID: 4aa6dcd858cdf9e43b75c328552042bd' -> (Import Result ID: '8e2f0200e760cbc254998639ab53425b') in 0.008 seconds [static and dynamic dependencies]. Details - ImportResultOutputID=933b597712c842cfd957c9360a54fd2d DependenciesID=7d31318c101cbb405478c1b682a1d058 StaticDependenciesID=e9afe7edcd45aafb1042bfec9c0d185d 
Importing 'GUID: 8c95bf15b5757ef48b9794498bd53de3 - Path: Assets/GameObject/RocketFire.prefab' with importer (PrefabImporter)
Imported 'GUID: 8c95bf15b5757ef48b9794498bd53de3' -> (Import Result ID: '399f126cbb411fdec4952c3a495cafbd') in 0.009 seconds [static and dynamic dependencies]. Details - ImportResultOutputID=c6a09d10504c7bcefb63de61fdbcf5df DependenciesID=aef34a68da676c685bfd610a9a8a5e4d StaticDependenciesID=39ccfa0b94d47293f218057491f85710 
Importing 'GUID: 0ea730aacc7ca5f478bd09b201dbfbb4 - Path: Assets/GameObject/Pick Up Coin.prefab' with importer (PrefabImporter)
Imported 'GUID: 0ea730aacc7ca5f478bd09b201dbfbb4' -> (Import Result ID: '8d3578161bf41ab7e06e5a0eed2f1c8c') in 0.008 seconds [static and dynamic dependencies]. Details - ImportResultOutputID=e8f1069b02521de4091cc7f0807b907c DependenciesID=f9ccc996cad081a84396713803b3141e StaticDependenciesID=c22b81ae54351fbe45737cbffe452d6d 
Importing 'GUID: df8b2e41b854bf940a2a475c96527485 - Path: Assets/GameObject/Spinout.prefab' with importer (PrefabImporter)
Imported 'GUID: df8b2e41b854bf940a2a475c96527485' -> (Import Result ID: '34568bad5d92f01089506fc3d762f478') in 0.008 seconds [static and dynamic dependencies]. Details - ImportResultOutputID=ec9715e1442ce66d4bf4995bea42b07d DependenciesID=96f58f6ee86f943565b4f6e5b7b136f6 StaticDependenciesID=ef39980d1f0850a0cb1844a142595902 
Starting new worker id: 0 with log in C:/Users/STEEP/Documents/game/phase4_reconstruction/Unity6Project/Logs/AssetImportWorkerHW0.log
Refreshing native plugins compatible for Editor in 2.65 ms, found 3 plugins.

Asset Pipeline Refresh (id=f65f62b98577dc74f8ca0359ba82a869): Total: 4.509 seconds - Initiated by InitialRefreshV2(ForceSynchronousImport)
	(Values over 0.05ms)
	Summary:
		Imports: total=13 (actual=13, local cache=0, cache server=0)
		Asset DB Process Time: managed=2 ms, native=1273 ms
		Asset DB Callback time: managed=101 ms, native=24 ms
		Scripting: domain reloads=1, domain reload time=795 ms, compile time=2281 ms, other=30 ms
		Project Asset Count: scripts=852, non-scripts=3656
		Asset File Changes: new=0, changed=2, moved=0, deleted=0
		Scan Filter Count: 0
	InvokePackagesCallback: 18.588ms
	ApplyChangesToAssetFolders: 0.622ms
	Scan: 139.999ms
	Collect global state as custom dependencies: 0.610ms
	OnSourceAssetsModified: 0.778ms
	CategorizeScriptCompilationAssets: 16.800ms
	ProcessAssetsWithTransientArtifactChanges: 48.339ms
	CategorizeAssets: 29.197ms
	CompileScripts: 2281.075ms
	ImportOutOfDateAssets: 954.425ms (696.715ms without children)
		ImportManagerImport: 230.810ms (108.105ms without children)
			UpdateCategorizedAssets: 0.090ms
		UnloadImportedAssets: 0.106ms
		EnsureUptoDateAssetsAreRegisteredWithGuidPM: 0.469ms
		ImportSchedulerStart: 26.310ms
	PostProcessAllAssets: 104.025ms
		VCAutoAddAssetPostprocess 1.122ms
		XRBuildSystem.XRAssetImported 0.841ms
		PostProcessCallbackCreateDeferredMaterials 0.080ms
		MonoPostProcessAllAssets: 101.097ms
			AssetPostprocessor.OnPostprocessAllAssets 54.855ms
			StyleCatalogPostProcessor.OnPostprocessAllAssets 13.298ms
			WindowAssetPostprocessingWatcher.OnPostprocessAllAssets 5.937ms
			BuilderAssetPostprocessor.OnPostprocessAllAssets 5.304ms
			SpriteSlicePostprocessor.OnPostprocessAllAssets 2.387ms
			AssetChangedListener.OnPostprocessAllAssets 1.732ms
			RetainedModeAssetPostprocessor.OnPostprocessAllAssets 1.235ms
			EditModeScopePostprocessor.OnPostprocessAllAssets 0.843ms
			SpeedTree9Postprocessor.OnPostprocessAllAssets 0.720ms
			SpriteEditorTexturePostprocessor.OnPostprocessAllAssets 0.683ms
			TextAssetPostProcessor.OnPostprocessAllAssets 0.574ms
			ArtifactBrowserPostProcessor.OnPostprocessAllAssets 0.491ms
			UVCSAssetPostprocessor.OnPostprocessAllAssets 0.458ms
			AssetProcessor.OnPostprocessAllAssets 0.294ms
			AudioMixerPostprocessor.OnPostprocessAllAssets 0.269ms
			TMPro_TexturePostProcessor.OnPostprocessAllAssets 0.250ms
			ReferencedClipsPostProcessor.OnPostprocessAllAssets 0.241ms
			AssetEvents.OnPostprocessAllAssets 0.226ms
			TerrainToolbarOverlayPostProcessor.OnPostprocessAllAssets 0.177ms
			AssetDatabaseCallbacks.OnPostprocessAllAssets 0.173ms
			SamplePostprocessor.OnPostprocessAllAssets 0.170ms
			ConfigAssetsTracker.OnPostprocessAllAssets 0.159ms
			SpeedTreePostProcessor.OnPostprocessAllAssets 0.157ms
			ScenarioDriftAssetsTracker.OnPostprocessAllAssets 0.130ms
			SyncVS.PostprocessSyncProject 0.112ms
			RenderPipelineGlobalSettingsPostprocessor.OnPostprocessAllAssets 0.092ms
			AudioContainerPostProcessor.OnPostprocessAllAssets 0.069ms
	PostAssetChangesProfiler: 5.061ms
	UnloadStreamsBegin: 2.109ms
	PersistCurrentRevisions: 0.277ms
	GenerateScriptTypeHashes: 2.032ms
	GenerateScriptTypeSerializationHashes: 3.882ms
	Untracked: 899.963ms

Application.AssetDatabase Initial Refresh End
Launched and connected shader compiler UnityShaderCompiler.exe after 0.01 seconds
Scanning for USB devices : 0.746ms
Initializing Unity extensions:
[MODES] ModeService[none].Initialize
[MODES] ModeService[none].LoadModes
[MODES] Loading mode Default (0) for mode-current-id-Speedway
Unloading 12 Unused Serialized files (Serialized files now loaded: 0)
Unloading 3491 unused Assets / (3.5 MB). Loaded Objects now: 4121.
Memory consumption went from 285.7 MB to 282.2 MB.
Total: 11.839300 ms (FindLiveObjects: 0.496000 ms CreateObjectMapping: 1.385200 ms MarkObjects: 7.601000 ms  DeleteObjects: 2.341200 ms)

[ServicesCore]: To use Unity's dashboard services, you need to link your Unity project to a project ID. To do this, go to Project Settings to select your organization, select your project and then link a project ID. You also need to make sure your organization has access to the required products. Visit https://dashboard.unity3d.com to sign up.
UnityEngine.Debug:ExtractStackTraceNoAlloc (byte*,int,string)
UnityEngine.StackTraceUtility:ExtractStackTrace ()
UnityEngine.DebugLogHandler:Internal_Log (UnityEngine.LogType,UnityEngine.LogOption,string,UnityEngine.Object)
UnityEngine.DebugLogHandler:LogFormat (UnityEngine.LogType,UnityEngine.Object,string,object[])
UnityEngine.Logger:LogWarning (string,object)
Unity.Services.Core.Internal.CoreLogger:LogWarning (object) (at ./Library/PackageCache/com.unity.services.core@3464cb68d709/Runtime/Core.Internal/Logging/CoreLogger.cs:15)
Unity.Services.Core.Editor.ProjectUnlinkBuildWarning:OnPreprocessBuild (UnityEditor.Build.Reporting.BuildReport) (at ./Library/PackageCache/com.unity.services.core@3464cb68d709/Editor/Core/Build/ProjectUnlinkBuildWarning.cs:29)
UnityEditor.Build.BuildPipelineInterfaces/<>c__DisplayClass17_0:<OnBuildPreProcess>b__1 (UnityEditor.Build.IPreprocessBuildWithReport)
UnityEditor.Build.BuildPipelineInterfaces:InvokeCallbackInterfacesPair<UnityEditor.Build.IPreprocessBuild, UnityEditor.Build.IPreprocessBuildWithReport> (System.Collections.Generic.List`1<UnityEditor.Build.IPreprocessBuild>,System.Action`1<UnityEditor.Build.IPreprocessBuild>,System.Collections.Generic.List`1<UnityEditor.Build.IPreprocessBuildWithReport>,System.Action`1<UnityEditor.Build.IPreprocessBuildWithReport>,bool)
UnityEditor.Build.BuildPipelineInterfaces:OnBuildPreProcess (UnityEditor.Build.Reporting.BuildReport)
UnityEditor.BuildPipeline:BuildPlayerInternal (string[],string,string,UnityEditor.BuildTargetGroup,UnityEditor.BuildTarget,int,UnityEditor.BuildOptions,string[],string[],bool)
UnityEditor.BuildPipeline:BuildPlayer (UnityEditor.BuildPlayerOptions)
AndroidPhase6Builder:Build (string,bool) (at Assets/Editor/AndroidPhase6Builder.cs:32)
AndroidPhase6Builder:BuildApk () (at Assets/Editor/AndroidPhase6Builder.cs:9)

(Filename: ./Library/PackageCache/com.unity.services.core@3464cb68d709/Editor/Core/Build/ProjectUnlinkBuildWarning.cs Line: 29)

Importing 'GUID: 0000000000000000a100000000000000 - Path: ProjectSettings/UnityConnectSettings.asset' with importer (LibraryAssetImporter)
Imported 'GUID: 0000000000000000a100000000000000' -> (Import Result ID: '82ae1d67ff1da9bf5cb14a6b877a900b') in 0.002 seconds [static dependencies only]. Details - ImportResultOutputID=1989c27f310e62ee2c72d63f16a698d0 DependenciesID=93f923ab64baa3a5983994274190eda3 StaticDependenciesID=554a138aac23664bd4369c6faf604df5 
Refreshing native plugins compatible for Editor in 2.70 ms, found 3 plugins.
Asset Pipeline Refresh (id=21979c705aaca70478bd679dd4fcdc2b): Total: 0.061 seconds - Initiated by StopAssetImportingV2(NoUpdateAssetOptions)
DisplayProgressbar: Checking prerequisites
Reporting tool paths:
 JDK: 'C:\Program Files\Unity\Hub\Editor\6000.5.3f1\Editor\Data\PlaybackEngines\AndroidPlayer\OpenJDK'
 Android SDK: 'C:\Program Files\Unity\Hub\Editor\6000.5.3f1\Editor\Data\PlaybackEngines\AndroidPlayer\SDK'
 Android NDK: 'C:\Program Files\Unity\Hub\Editor\6000.5.3f1\Editor\Data\PlaybackEngines\AndroidPlayer\NDK'
 Gradle: 'C:\Program Files\Unity\Hub\Editor\6000.5.3f1\Editor\Data\PlaybackEngines\AndroidPlayer\Tools\gradle' (Gradle Version: '9.1.0' Android Plugin Version: '9.0.0')
Android PostProcess task "Checking prerequisites" took 29,0868 ms
DisplayProgressbar: Detect Java Development Kit (JDK)
Android PostProcess task "Detect Java Development Kit (JDK)" took 87,6548 ms
DisplayProgressbar: Detecting Android SDK
Worker ready: AssetImportWorkerHW0 0
AndroidSDKTools:

	root          : C:\Program Files\Unity\Hub\Editor\6000.5.3f1\Editor\Data\PlaybackEngines\AndroidPlayer\SDK
	cmdline-tools : C:\Program Files\Unity\Hub\Editor\6000.5.3f1\Editor\Data\PlaybackEngines\AndroidPlayer\SDK\cmdline-tools\16.0
	platform-tools: C:\Program Files\Unity\Hub\Editor\6000.5.3f1\Editor\Data\PlaybackEngines\AndroidPlayer\SDK\platform-tools
	build-tools   : C:\Program Files\Unity\Hub\Editor\6000.5.3f1\Editor\Data\PlaybackEngines\AndroidPlayer\SDK\build-tools\36.0.0

	adb           : C:\Program Files\Unity\Hub\Editor\6000.5.3f1\Editor\Data\PlaybackEngines\AndroidPlayer\SDK\platform-tools\adb.exe

Android PostProcess task "Detecting Android SDK" took 1615,956 ms
DisplayProgressbar: Detect Android NDK
Android PostProcess task "Detect Android NDK" took 1,0357 ms
Android PostProcess task "Trying to find a suitable Android device" took 0,6979 ms
DisplayProgressbar: Check resources
Android PostProcess task "Check resources" took 0,1801 ms
DisplayProgressbar: Check Android Player Settings
Android PostProcess task "Check Android Player Settings" took 1,9744 ms
Starting: C:\Program Files\Unity\Hub\Editor\6000.5.3f1\Editor\Data\Tools\BuildPipeline\bee_backend.exe --ipc --defer-dag-verification --dagfile="Library/Bee/1900b0aESkipCompile.dag" --continue-on-failure --profile="Library/Bee/backend1.traceevents" ScriptAssembliesAndTypeDB
WorkingDir: C:/Users/STEEP/Documents/game/phase4_reconstruction/Unity6Project
DisplayProgressbar: Compiling Scripts
ExitCode: 0 Duration: 0s667ms
[2/3        0s] BuildPlayerDataGenerator Library/BuildPlayerData/Editor/TypeDb-All.json
*** Tundra build success (0.64 seconds), 1 items updated, 3 evaluated
Asset Pipeline Refresh (id=4a7ba3a8247b84d449e0fb3ddc885a0d): Total: 0.011 seconds - Initiated by RefreshV2(NoUpdateAssetOptions)
[ScriptCompilation] Requested script compilation because: Recompiling scripts for player build.
BuildPlayer: start building target 13
Total cache size 42322572
Total cache size after purge 42322572, took 00:00:00.0914019
Starting: C:\Program Files\Unity\Hub\Editor\6000.5.3f1\Editor\Data\Tools\BuildPipeline\bee_backend.exe --ipc --defer-dag-verification --dagfile="Library/Bee/1300b0aP.dag" --continue-on-failure --profile="Library/Bee/backend1.traceevents" ScriptAssembliesAndTypeDB
WorkingDir: C:/Users/STEEP/Documents/game/phase4_reconstruction/Unity6Project
ExitCode: 0 Duration: 1s768ms
[314/401    0s] CopyFiles Library/Bee/PlayerScriptAssemblies/UnityEngine.Purchasing.SecurityCore.dll
[315/401    0s] CopyFiles Library/Bee/PlayerScriptAssemblies/Unity.Services.Core.dll
[321/401    0s] CopyFiles Library/Bee/PlayerScriptAssemblies/UnityEngine.UI.pdb
[329/401    0s] CopyFiles Library/Bee/PlayerScriptAssemblies/Unity.Multiplayer.Center.Common.dll
[330/401    0s] CopyFiles Library/Bee/PlayerScriptAssemblies/UnityEngine.SpatialTracking.pdb
[331/401    0s] CopyFiles Library/Bee/PlayerScriptAssemblies/UnityEngine.XR.LegacyInputHelpers.dll
[332/401    0s] CopyFiles Library/Bee/PlayerScriptAssemblies/Unity.AI.Navigation.dll
[333/401    0s] CopyFiles Library/Bee/PlayerScriptAssemblies/Unity.Timeline.dll
[334/401    0s] CopyFiles Library/Bee/PlayerScriptAssemblies/UnityEngine.Purchasing.WinRTStub.dll
[335/401    0s] CopyFiles Library/Bee/PlayerScriptAssemblies/Unity.Services.Core.Analytics.dll
[336/401    0s] CopyFiles Library/Bee/PlayerScriptAssemblies/UnityEngine.SpatialTracking.dll
[337/401    0s] CopyFiles Library/Bee/PlayerScriptAssemblies/UnityEngine.UI.dll
[338/401    0s] CopyFiles Library/Bee/PlayerScriptAssemblies/Unity.Services.Core.Threading.dll
[339/401    0s] CopyFiles Library/Bee/PlayerScriptAssemblies/UnityEngine.Purchasing.WinRTCore.dll
[340/401    0s] CopyFiles Library/Bee/PlayerScriptAssemblies/Unity.Services.Core.Environments.dll
[341/401    0s] CopyFiles Library/Bee/PlayerScriptAssemblies/Assembly-CSharp-firstpass.dll
[342/401    0s] CopyFiles Library/Bee/PlayerScriptAssemblies/Unity.Services.Core.Registration.dll
[343/401    0s] CopyFiles Library/Bee/PlayerScriptAssemblies/Unity.TextMeshPro.dll
[344/401    0s] CopyFiles Library/Bee/PlayerScriptAssemblies/Unity.Services.Core.Networking.dll
[345/401    0s] CopyFiles Library/Bee/PlayerScriptAssemblies/Unity.Services.Core.Environments.Internal.dll
[346/401    0s] CopyFiles Library/Bee/PlayerScriptAssemblies/Unity.Services.Core.Configuration.dll
[347/401    0s] CopyFiles Library/Bee/PlayerScriptAssemblies/UnityEngine.Purchasing.AppleStub.dll
[348/401    0s] CopyFiles Library/Bee/PlayerScriptAssemblies/Unity.Analytics.DataPrivacy.dll
[349/401    0s] CopyFiles Library/Bee/PlayerScriptAssemblies/Purchasing.Common.dll
[350/401    0s] CopyFiles Library/Bee/PlayerScriptAssemblies/Unity.Services.Core.Scheduler.dll
[351/401    0s] CopyFiles Library/Bee/PlayerScriptAssemblies/Unity.Services.Core.Device.dll
[352/401    0s] CopyFiles Library/Bee/PlayerScriptAssemblies/UnityEngine.Purchasing.AppleMacosStub.dll
[353/401    0s] CopyFiles Library/Bee/PlayerScriptAssemblies/Unity.Services.Core.Telemetry.dll
[354/401    0s] CopyFiles Library/Bee/PlayerScriptAssemblies/UnityEngine.Purchasing.AppleCore.dll
[355/401    0s] CopyFiles Library/Bee/PlayerScriptAssemblies/UnityEngine.Purchasing.Codeless.dll
[356/401    0s] CopyFiles Library/Bee/PlayerScriptAssemblies/UnityEngine.Purchasing.dll
[357/401    0s] CopyFiles Library/Bee/PlayerScriptAssemblies/Unity.Services.Analytics.dll
[358/401    0s] CopyFiles Library/Bee/PlayerScriptAssemblies/Unity.InternalAPIEngineBridge.004.dll
[359/401    0s] CopyFiles Library/Bee/PlayerScriptAssemblies/Unity.Services.Core.Components.dll
[360/401    0s] CopyFiles Library/Bee/PlayerScriptAssemblies/Unity.Services.Core.Registration.pdb
[361/401    0s] CopyFiles Library/Bee/PlayerScriptAssemblies/UnityEngine.Purchasing.Stores.dll
[362/401    0s] CopyFiles Library/Bee/PlayerScriptAssemblies/Unity.Services.Core.Internal.dll
[363/401    0s] CopyFiles Library/Bee/PlayerScriptAssemblies/UnityEngine.Purchasing.Codeless.pdb
[364/401    0s] CopyFiles Library/Bee/PlayerScriptAssemblies/Unity.Services.Core.Threading.pdb
[365/401    0s] CopyFiles Library/Bee/PlayerScriptAssemblies/Unity.Services.Core.Configuration.pdb
[366/401    0s] CopyFiles Library/Bee/PlayerScriptAssemblies/Unity.Services.Core.Environments.Internal.pdb
[367/401    0s] CopyFiles Library/Bee/PlayerScriptAssemblies/Unity.Services.Core.Device.pdb
[368/401    0s] CopyFiles Library/Bee/PlayerScriptAssemblies/UnityEngine.Purchasing.AppleMacosStub.pdb
[369/401    0s] CopyFiles Library/Bee/PlayerScriptAssemblies/Unity.Services.Core.Networking.pdb
[370/401    0s] CopyFiles Library/Bee/PlayerScriptAssemblies/Unity.Services.Core.Telemetry.pdb
[371/401    0s] CopyFiles Library/Bee/PlayerScriptAssemblies/UnityEngine.Purchasing.Stores.pdb
[372/401    0s] CopyFiles Library/Bee/PlayerScriptAssemblies/Unity.Services.Core.Components.pdb
[373/401    0s] CopyFiles Library/Bee/PlayerScriptAssemblies/UnityEngine.Purchasing.Security.pdb
[374/401    0s] CopyFiles Library/Bee/PlayerScriptAssemblies/UnityEngine.Purchasing.pdb
[375/401    0s] CopyFiles Library/Bee/PlayerScriptAssemblies/Unity.Services.Core.Environments.pdb
[376/401    0s] CopyFiles Library/Bee/PlayerScriptAssemblies/UnityEngine.Purchasing.Security.dll
[377/401    0s] CopyFiles Library/Bee/PlayerScriptAssemblies/UnityEngine.Purchasing.AppleCore.pdb
[378/401    0s] CopyFiles Library/Bee/PlayerScriptAssemblies/Assembly-CSharp-firstpass.pdb
[379/401    0s] CopyFiles Library/Bee/PlayerScriptAssemblies/Unity.Services.Analytics.pdb
[380/401    0s] CopyFiles Library/Bee/PlayerScriptAssemblies/Unity.Services.Core.Internal.pdb
[381/401    0s] CopyFiles Library/Bee/PlayerScriptAssemblies/Unity.TextMeshPro.pdb
[382/401    0s] CopyFiles Library/Bee/PlayerScriptAssemblies/UnityEngine.XR.LegacyInputHelpers.pdb
[383/401    0s] CopyFiles Library/Bee/PlayerScriptAssemblies/UnityEngine.Purchasing.WinRTStub.pdb
[384/401    0s] CopyFiles Library/Bee/PlayerScriptAssemblies/Unity.Services.Core.Analytics.pdb
[385/401    0s] CopyFiles Library/Bee/PlayerScriptAssemblies/Unity.InternalAPIEngineBridge.004.pdb
[386/401    0s] CopyFiles Library/Bee/PlayerScriptAssemblies/Unity.Timeline.pdb
[387/401    0s] CopyFiles Library/Bee/PlayerScriptAssemblies/Unity.Analytics.DataPrivacy.pdb
[388/401    0s] CopyFiles Library/Bee/PlayerScriptAssemblies/Unity.Services.Core.pdb
[389/401    0s] CopyFiles Library/Bee/PlayerScriptAssemblies/UnityEngine.Purchasing.SecurityCore.pdb
[390/401    0s] CopyFiles Library/Bee/PlayerScriptAssemblies/UnityEngine.Purchasing.WinRTCore.pdb
[391/401    0s] CopyFiles Library/Bee/PlayerScriptAssemblies/Purchasing.Common.pdb
[392/401    0s] CopyFiles Library/Bee/PlayerScriptAssemblies/Unity.Services.Core.Scheduler.pdb
[393/401    0s] CopyFiles Library/Bee/PlayerScriptAssemblies/UnityEngine.Purchasing.AppleStub.pdb
[394/401    0s] CopyFiles Library/Bee/PlayerScriptAssemblies/Unity.AI.Navigation.pdb
[395/401    0s] CopyFiles Library/Bee/PlayerScriptAssemblies/Unity.Multiplayer.Center.Common.pdb
[396/401    0s] Csc Library/Bee/artifacts/1300b0aP.dag/Assembly-CSharp.dll (+2 others)
[397/401    0s] CopyFiles Library/Bee/PlayerScriptAssemblies/Assembly-CSharp.pdb
[398/401    0s] CopyFiles Library/Bee/PlayerScriptAssemblies/Assembly-CSharp.dll
[400/401    0s] BuildPlayerDataGenerator Library/BuildPlayerData/Player/RuntimeInitializeOnLoads.json (+1 other)
*** Tundra build success (1.75 seconds), 74 items updated, 401 evaluated
Total cache size 42322572
Total cache size after purge 42322572, took 00:00:00.0776136
[Licensing::Client] Successfully resolved entitlement details
Importing 'GUID: 00511a0abb433f941bff2469bfd33c71 - Path: Assets/Resources/localized/RandyLogo_english.png' with importer (TextureImporter)
Imported 'GUID: 00511a0abb433f941bff2469bfd33c71' -> (Import Result ID: 'fe55975ed9e9b9a9fdf277c5112668d2') in 0.030 seconds [static and dynamic dependencies]. Details - ImportResultOutputID=52f25c48ed2ae7297b31684767c69ac3 DependenciesID=b991135f6dcaef0549207ae7591d0a85 StaticDependenciesID=4d2bf29024f798089793e035bfe9c325 
Importing 'GUID: 0029170d14ce6c04c9f45c22cdae5559 - Path: Packages/com.unity.collab-proxy/Editor/Assets/Images/step2@2x.png' with importer (TextureImporter)
Imported 'GUID: 0029170d14ce6c04c9f45c22cdae5559' -> (Import Result ID: '0d2bf7921a649c99b9b1cd5929058f00') in 0.020 seconds [static and dynamic dependencies]. Details - ImportResultOutputID=8b1d8c6f4614605a8e68d76863df04b2 DependenciesID=ca2c0645ae1c47c9e269d7f927891c57 StaticDependenciesID=776ee52068d0483dc8f6c33e0ab6c03c 
Importing 'GUID: 007a06f9017eae342933fca57e1d48e5 - Path: Packages/com.unity.services.analytics/Editor/Tools/Loading.png' with importer (TextureImporter)
Imported 'GUID: 007a06f9017eae342933fca57e1d48e5' -> (Import Result ID: '60e74acd4e86d3cf42f80170ee00fc80') in 0.016 seconds [static and dynamic dependencies]. Details - ImportResultOutputID=e472d3531c0da69b68d76d4ebecc7c1c DependenciesID=423fefdbc4ed945398e2c8d24bb98b49 StaticDependenciesID=26c06444a3e461d3a9309b07d7b2de4d 
Importing 'GUID: 10c4b549838d007458ea950eca1ff7c5 - Path: Assets/Texture2D/track01 ends.png' with importer (TextureImporter)
Imported 'GUID: 10c4b549838d007458ea950eca1ff7c5' -> (Import Result ID: '77b8cc5a20c2b76492cecf727f73f933') in 0.037 seconds [static and dynamic dependencies]. Details - ImportResultOutputID=1ce62b789823316feb44476769eab93b DependenciesID=1f5ea62bdc129c878ed3d8a278f796b6 StaticDependenciesID=af0463cac569ef1791ff4e4a32810626 
Importing 'GUID: 10c4d95582d5b5d4aac0b109f3f340ef - Path: Assets/Texture2D/fish hook school exterior stairs top.png' with importer (TextureImporter)
Imported 'GUID: 10c4d95582d5b5d4aac0b109f3f340ef' -> (Import Result ID: '65ed65fe8b50e5c3d4e76906f3224e25') in 0.033 seconds [static and dynamic dependencies]. Details - ImportResultOutputID=587f90e6075b7d96e62900b95f1dd870 DependenciesID=1304d6b0357cef40713b51b8c95ba984 StaticDependenciesID=2210ad3a7b46d0e42ac0924d35d0c5e7 
Importing 'GUID: 1046ed65e6aaffb4391378f6d08d6c14 - Path: Packages/com.unity.collab-proxy/Editor/Assets/Images/d_iconlockedremoteoverlay.png' with importer (TextureImporter)
Imported 'GUID: 1046ed65e6aaffb4391378f6d08d6c14' -> (Import Result ID: 'd9a06538769c4598397d90cb79f0b946') in 0.017 seconds [static and dynamic dependencies]. Details - ImportResultOutputID=c47098c98ed3dfe444f61ccf928f01ca DependenciesID=8c21b17c55bf065509094fbb9da2e113 StaticDependenciesID=168bc91cccd7d43cdc2243b6646d66d8 
Importing 'GUID: 106a2208fb13d1748b9bee3860afb8ce - Path: Assets/Resources/multilayertextures/kart2paint/kart2_thrusters_main.png' with importer (TextureImporter)
Imported 'GUID: 106a2208fb13d1748b9bee3860afb8ce' -> (Import Result ID: '136a5af588566bc9a72a7e006d84df4f') in 0.017 seconds [static and dynamic dependencies]. Details - ImportResultOutputID=35faebc77a98044d04d339324c0991d7 DependenciesID=e8967393405be641549e6843c7bd6438 StaticDependenciesID=8f3651e1ef747e2c4b69c7b80660e080 
Importing 'GUID: 10eb88b9da4d41f41b5ce6b253026f22 - Path: Assets/Resources/localized/SS_Logo_norwegian.png' with importer (TextureImporter)
Imported 'GUID: 10eb88b9da4d41f41b5ce6b253026f22' -> (Import Result ID: '539d99e0d7ec179196b51b908ebfc31c') in 0.025 seconds [static and dynamic dependencies]. Details - ImportResultOutputID=35c95953560ad1239310bd0877d94143 DependenciesID=a8bdd56400b21ecf4f3bb266eaa3988a StaticDependenciesID=770c22253b949719f9f7da0eaa18b663 
Importing 'GUID: 10cc50f6bdb16b945b420f9c109dc5e2 - Path: Assets/Texture2D/Bubble.png' with importer (TextureImporter)
Imported 'GUID: 10cc50f6bdb16b945b420f9c109dc5e2' -> (Import Result ID: 'd78f906456ee46523a570b2ac4dbcb36') in 0.106 seconds [static and dynamic dependencies]. Details - ImportResultOutputID=5052f0e3a86a61d4bf6bb804d1a0de8f DependenciesID=5cd56834c7878d7f47b736b8df312581 StaticDependenciesID=c366636fc24dd798e9f7a183cf7afe77 
Importing 'GUID: 20e346c0b69a7874d871097865d0b28e - Path: Assets/Texture2D/horseshoe crap uvs.png' with importer (TextureImporter)
Imported 'GUID: 20e346c0b69a7874d871097865d0b28e' -> (Import Result ID: '801bf5b55c0d20d15975fea07239368a') in 0.141 seconds [static and dynamic dependencies]. Details - ImportResultOutputID=5895e7fef659ba663c4399f8b3af3f44 DependenciesID=19844ba2231107a3513c0b013b8fb175 StaticDependenciesID=731f8350041b629b175cf3dc168f91d2 
Importing 'GUID: 20647d71003f8e34685b1972b30dbd2b - Path: Packages/com.unity.collab-proxy/Editor/Assets/Images/d_iconlockretained@2x.png' with importer (TextureImporter)
Imported 'GUID: 20647d71003f8e34685b1972b30dbd2b' -> (Import Result ID: '8d4399d58168845919c14e8793353ebb') in 0.021 seconds [static and dynamic dependencies]. Details - ImportResultOutputID=1b0e8728cef8bd22cf92b82f13ec1c14 DependenciesID=399bfd98b40fdef98f814464ab808eda StaticDependenciesID=816295bdc907651fc335ba8f4991e629 
Importing 'GUID: 20894f77802694ca2b9afb02a7388138 - Path: Packages/com.unity.collab-proxy/Editor/Assets/Images/iconprivateoverlay@2x.png' with importer (TextureImporter)
Imported 'GUID: 20894f77802694ca2b9afb02a7388138' -> (Import Result ID: 'ee3e2596865694f5a3a175090edba912') in 0.019 seconds [static and dynamic dependencies]. Details - ImportResultOutputID=8ee8e043eee68029de86ead5af24b5e1 DependenciesID=4b67862b60b1ca00241b89246f4ff563 StaticDependenciesID=1c3f0d380c67714c2c9237c51447863a 
Importing 'GUID: 207ee8102dd4143d288186ef0be518ee - Path: Packages/com.unity.2d.sprite/Editor/ObjectMenuCreation/DefaultAssets/Textures/v2/Capsule.png' with importer (TextureImporter)
Imported 'GUID: 207ee8102dd4143d288186ef0be518ee' -> (Import Result ID: 'ba2c7588efd5a9193c256eef31ffa89c') in 0.038 seconds [static and dynamic dependencies]. Details - ImportResultOutputID=d85cc79ae09f3a85a58b4ec75c026ac1 DependenciesID=3de91465cbda926637fa870d04b49348 StaticDependenciesID=4caa007982071538861d837e116dc5bb 
Importing 'GUID: 30d0749627b715a41a33be65aecd816a - Path: Assets/Scenes/Tracks/Phineas Track 3/LightmapFar-3.png' with importer (TextureImporter)
Imported 'GUID: 30d0749627b715a41a33be65aecd816a' -> (Import Result ID: 'e0e4c61103c2919949755cb99be64169') in 0.138 seconds [static and dynamic dependencies]. Details - ImportResultOutputID=7d97e2130e3916b60fbd19fdeaf56c22 DependenciesID=f9b46afcfbc5a1dfa3afabe79817ed1e StaticDependenciesID=370664d6f23a2d77fdd4c3653e9e3536 
Importing 'GUID: 3094096a150921c409ef35579f2ada0f - Path: Packages/com.unity.collab-proxy/Editor/Assets/Images/d_iconinviteusers.png' with importer (TextureImporter)
Imported 'GUID: 3094096a150921c409ef35579f2ada0f' -> (Import Result ID: 'ba5b800883eec7d9fda29bf6bf20bbf0') in 0.019 seconds [static and dynamic dependencies]. Details - ImportResultOutputID=b14d87e9e659a81a8bc2c335b07afce4 DependenciesID=f1f2e2478a0b9b82a279d7ff222a310a StaticDependenciesID=e9ca01555a01f72a4b997a3cb0d8726f 
Importing 'GUID: 30e402f6780f2444f9fc9107e0ec1e94 - Path: Assets/Texture2D/kickMap.png' with importer (TextureImporter)
Imported 'GUID: 30e402f6780f2444f9fc9107e0ec1e94' -> (Import Result ID: 'df15881ed1d38b7e7047b67adbc11ceb') in 0.029 seconds [static and dynamic dependencies]. Details - ImportResultOutputID=652b0d8169afac2cb6417ea8e345fc9c DependenciesID=9f9200eaeb676c537b1518fd8c8d1680 StaticDependenciesID=e31176bf6d2652d7043e44d9462a7902 
Importing 'GUID: 3086d66a563317b40a20a20da2c64ac0 - Path: Packages/com.unity.collab-proxy/Editor/Assets/Images/d_buttonssosigninemail.png' with importer (TextureImporter)
Imported 'GUID: 3086d66a563317b40a20a20da2c64ac0' -> (Import Result ID: 'd1b6d413c0769d540888afc37c3843b4') in 0.018 seconds [static and dynamic dependencies]. Details - ImportResultOutputID=1b11ef957d3adc81f88febc01c6343b6 DependenciesID=c15fd19bbdc04d0fc5ed0157d17beeb9 StaticDependenciesID=dae12b15bb51e7e27732aac0b88f0920 
Importing 'GUID: 30198fd980ee226479d749d24fc00396 - Path: Assets/Texture2D/fish hooks school mini columns.png' with importer (TextureImporter)
Imported 'GUID: 30198fd980ee226479d749d24fc00396' -> (Import Result ID: '98105c816ed264c41373cb38014a360d') in 0.029 seconds [static and dynamic dependencies]. Details - ImportResultOutputID=4e6851da3f1e71ae6c11137897c4c578 DependenciesID=e7f548d2e21e94de446c9d257e10486b StaticDependenciesID=fa4e6822f4686d8fcfdb82c44f3496b2 
Importing 'GUID: 300b30b5f0ee09849b4ae3e94dc49442 - Path: Assets/Texture2D/Swatch Gold.png' with importer (TextureImporter)
Imported 'GUID: 300b30b5f0ee09849b4ae3e94dc49442' -> (Import Result ID: '9514bb4a23957345da616a58bc1db8c5') in 0.018 seconds [static and dynamic dependencies]. Details - ImportResultOutputID=80f316c002cac619062e5b254fbc2832 DependenciesID=4fb00008f1556c5df7a468b2c4f03e17 StaticDependenciesID=eca9bc4e469cef306047fe18d2026d0f 
Importing 'GUID: 309b1d5a294fd6c43ae9cf77656c1852 - Path: Packages/com.unity.collab-proxy/Editor/Assets/Images/iconconflictresolvedoverlay@2x.png' with importer (TextureImporter)
Imported 'GUID: 309b1d5a294fd6c43ae9cf77656c1852' -> (Import Result ID: '0b72cd230e0b3a29842ff258b563e029') in 0.020 seconds [static and dynamic dependencies]. Details - ImportResultOutputID=1f7b134a2539d026e1372030328a1982 DependenciesID=bd0b1f96b95f30a4b3769f1d8535c261 StaticDependenciesID=d3c4d58d5e669d1076adf19e0382b97a 
Importing 'GUID: 301d3688f0e197348a466e4ff0e8a889 - Path: Assets/Texture2D/barrel.png' with importer (TextureImporter)
Imported 'GUID: 301d3688f0e197348a466e4ff0e8a889' -> (Import Result ID: '76760020e28c728a1034791d45da495f') in 0.028 seconds [static and dynamic dependencies]. Details - ImportResultOutputID=08aebaca394d0619068388c495c06c3d DependenciesID=a1264b12fa343dd27929e43b41fe1841 StaticDependenciesID=1de431f0d7355561c90ca0f059045959 
Importing 'GUID: 40e23f4f2fddc724db517c63f4d8990d - Path: Packages/com.unity.collab-proxy/Editor/Assets/Images/iconinviteusers.png' with importer (TextureImporter)
Imported 'GUID: 40e23f4f2fddc724db517c63f4d8990d' -> (Import Result ID: 'e345666f7dc22c22f9079e66517aea42') in 0.020 seconds [static and dynamic dependencies]. Details - ImportResultOutputID=192d6520680aec846d2cccf6a4415e5e DependenciesID=8d007a739cf952bfad3ec3133a2b8911 StaticDependenciesID=18076cc36da5e69c72a9b18b1f7a8479 
Importing 'GUID: 4043403a75181ff4b9ff5d8ce56a3a1a - Path: Assets/Texture2D/Burst.png' with importer (TextureImporter)
Imported 'GUID: 4043403a75181ff4b9ff5d8ce56a3a1a' -> (Import Result ID: 'fb2489eaf262d792a82fe09d7fa1f202') in 0.095 seconds [static and dynamic dependencies]. Details - ImportResultOutputID=c328e384f213a520943b69bfb7ba0ea8 DependenciesID=16ef50060f5d9f4bb750b60b7a4dd2f8 StaticDependenciesID=4f329efcb1dea7ef2ecbb2ff81740b06 
Importing 'GUID: 40947ddc2dd4f0d499a92d0f3675c4e8 - Path: Packages/com.unity.timeline/Editor/StyleSheets/Images/Icons/d_TimelineCollapseMarkerButtonDisabled.png' with importer (TextureImporter)
Imported 'GUID: 40947ddc2dd4f0d499a92d0f3675c4e8' -> (Import Result ID: '145d4827cf48459ecd14c2d5372021c9') in 0.022 seconds [static and dynamic dependencies]. Details - ImportResultOutputID=d7a20264907946a9d12a42ab9fd875b8 DependenciesID=77923ba6bda82ed5d3728957ea481a2b StaticDependenciesID=fee15b854a987d3c21aaa5f0818f195a 
Importing 'GUID: 40bde776259d14327bcda6275f7c21b3 - Path: Packages/com.unity.2d.sprite/Editor/Assets/d_LockedOptions.png' with importer (TextureImporter)
Imported 'GUID: 40bde776259d14327bcda6275f7c21b3' -> (Import Result ID: 'e47c28e6e2224f65e0ef45b32d60c3c3') in 0.019 seconds [static and dynamic dependencies]. Details - ImportResultOutputID=764251bc0fdaef65b54e167d2c43ec11 DependenciesID=5c7dfb9fcc1ef0431b8e64b5cbf9f8ae StaticDependenciesID=fd67dcb7c183486545e58165dbcfa09a 
Importing 'GUID: 401e910567b72dd4abf58be9f7e0518b - Path: Packages/com.unity.2d.tilemap/Editor/Icons/Tilemap.ShowTilePalette@4x.png' with importer (TextureImporter)
Imported 'GUID: 401e910567b72dd4abf58be9f7e0518b' -> (Import Result ID: '5507bad983e0dfc6dcc35de20bfb86c4') in 0.022 seconds [static and dynamic dependencies]. Details - ImportResultOutputID=fd391e69b02c779dd1eb959b0e9c4b66 DependenciesID=70fe2590c3563d0144f95fd7b025b549 StaticDependenciesID=f98384aaabe0876f3a2ff2c849fb0b45 
Importing 'GUID: 5060c9f9eb2f7ee4695b638a21d8fe01 - Path: Packages/com.unity.timeline/Editor/StyleSheets/Images/DarkSkin/TimelineStartPlayback.png' with importer (TextureImporter)
Imported 'GUID: 5060c9f9eb2f7ee4695b638a21d8fe01' -> (Import Result ID: 'd17041b4c1d25225d587ac644c7d3d8f') in 0.019 seconds [static and dynamic dependencies]. Details - ImportResultOutputID=4479336527cf591a9c1f345b24b6fb62 DependenciesID=403d23813f6f13710e38cbc1c5a2181c StaticDependenciesID=cbc480588d556d9c6b15afc33786b38e 
Importing 'GUID: 50d1ea51731fa43db9ce0ec4fe5f0b07 - Path: Packages/com.unity.collab-proxy/Editor/Assets/Images/d_iconhistory@2x.png' with importer (TextureImporter)
Imported 'GUID: 50d1ea51731fa43db9ce0ec4fe5f0b07' -> (Import Result ID: '3bae628401b58cd244f327cb4abe577c') in 0.019 seconds [static and dynamic dependencies]. Details - ImportResultOutputID=33e52fabcd2aa93ead96434054145368 DependenciesID=a5f2ad6b2c259e25773db73788126c68 StaticDependenciesID=3b72e5e55073a41049190a33d1610bf0 
Importing 'GUID: 50725311192b8434999c9e64be40203b - Path: Assets/Texture2D/MabelTexture.png' with importer (TextureImporter)
Imported 'GUID: 50725311192b8434999c9e64be40203b' -> (Import Result ID: '0ad569ec460a50092b9ce6c59717c7ed') in 0.028 seconds [static and dynamic dependencies]. Details - ImportResultOutputID=1853221b692ec17d3ee6f82df40fc6df DependenciesID=28a6bbf1ae229ee70aeacaf95c617a9d StaticDependenciesID=978052a3407e2643f3ee865ae84e6bd9 
Importing 'GUID: 503a763cc33a6854c86d736c5dd2515c - Path: Packages/com.unity.collab-proxy/Editor/Assets/Images/iconconflictedoverlay.png' with importer (TextureImporter)
Imported 'GUID: 503a763cc33a6854c86d736c5dd2515c' -> (Import Result ID: 'c7dad6459cdbb81b3c8a1dee90d6239d') in 0.013 seconds [static and dynamic dependencies]. Details - ImportResultOutputID=26e91135a10485ce5b91b6ebab47d7a7 DependenciesID=3450aebccc27148c5a7ba25362bb2220 StaticDependenciesID=5dda7039a8ff62f9e3368be156e87c52 
Importing 'GUID: 502f7d5165ddfa040b0878111a3c3615 - Path: Assets/Texture2D/guntherMap.png' with importer (TextureImporter)
Imported 'GUID: 502f7d5165ddfa040b0878111a3c3615' -> (Import Result ID: '17cdedcebc5eddfbdd91dba6a3866704') in 0.030 seconds [static and dynamic dependencies]. Details - ImportResultOutputID=79d5a0ede78a44067e7845534f2ac720 DependenciesID=226866a4a9667f2bba51e082ed0cddd2 StaticDependenciesID=e5a34cce5e3e217bea288ef9f006d434 
Importing 'GUID: 6091f9516d23100479c03bca26138bc8 - Path: Packages/com.unity.timeline/Editor/StyleSheets/Images/Icons/TrackRecordButtonDisabled@2x.png' with importer (TextureImporter)
Imported 'GUID: 6091f9516d23100479c03bca26138bc8' -> (Import Result ID: 'a520e5c7c03484b763853aaa6a0d14f4') in 0.017 seconds [static and dynamic dependencies]. Details - ImportResultOutputID=424a5d9a117585a889417b4488f92b91 DependenciesID=b4d30de5603242b036ebbab5a55004d4 StaticDependenciesID=1c505e590d34feed05259778575d42e6 
Importing 'GUID: 60824c0bd41592b45b595f58f01fefc8 - Path: Assets/Texture2D/garage hall wall and floor.png' with importer (TextureImporter)
Imported 'GUID: 60824c0bd41592b45b595f58f01fefc8' -> (Import Result ID: 'bedbadcce36cfd5feecc5847b2618f6c') in 0.097 seconds [static and dynamic dependencies]. Details - ImportResultOutputID=7d8e9a56f08353cb95e3c386509726ce DependenciesID=b608c430aa900b341d5976c12668da1a StaticDependenciesID=91a7c11ee5050ca82d92f366b2710e69 
Importing 'GUID: 60d2f30e25224c24594b0ef129737b02 - Path: Assets/Texture2D/garage metal rivets.png' with importer (TextureImporter)
Imported 'GUID: 60d2f30e25224c24594b0ef129737b02' -> (Import Result ID: 'ebfecf9a95846fe99507717343c88bce') in 0.033 seconds [static and dynamic dependencies]. Details - ImportResultOutputID=2e6eda70b77f01d9659db75669ce584a DependenciesID=72c9fcb727403445cec253a5201239a9 StaticDependenciesID=c2841ee2bae067049cdc9f2c86bb7982 
Importing 'GUID: 602b72d4617c3694aa94419fc1b68e04 - Path: Packages/com.unity.collab-proxy/Editor/Assets/Images/d_refresh@2x.png' with importer (TextureImporter)
Imported 'GUID: 602b72d4617c3694aa94419fc1b68e04' -> (Import Result ID: '41e0a9a614d821c9ba19af2fc6e95ab9') in 0.021 seconds [static and dynamic dependencies]. Details - ImportResultOutputID=28fbfc90622dc4669af7e2f0ff546f49 DependenciesID=87a36dbf471ee7ca423d1a63f3753b0a StaticDependenciesID=ecf781f6d2dec39132e2b3444c1ef042 
Importing 'GUID: 60dcd28007acef4429b8470d556003aa - Path: Assets/Resources/multilayertextures/kart2paint/kart2_scoop_main.png' with importer (TextureImporter)
Imported 'GUID: 60dcd28007acef4429b8470d556003aa' -> (Import Result ID: '8f8b34df4862f9effd2619b9d3a7000a') in 0.019 seconds [static and dynamic dependencies]. Details - ImportResultOutputID=21d409d1eefdef6b04dd6a17e29dddc1 DependenciesID=aaa9c5d5e1e34b576ab0ef22719caedf StaticDependenciesID=f9fb608612dbaa967fa82e1504a53544 
Importing 'GUID: 7013f35dfb10340ecbb956ca7e17de0d - Path: Packages/com.unity.2d.sprite/Editor/Assets/SpriteEditor@2x.png' with importer (TextureImporter)
Imported 'GUID: 7013f35dfb10340ecbb956ca7e17de0d' -> (Import Result ID: '58d7178b18d47ba929adbd36043d1023') in 0.019 seconds [static and dynamic dependencies]. Details - ImportResultOutputID=05d7a24e375ad7fa647e3587ea034c37 DependenciesID=698f23f3f4297e889c1fd4cdee4b9fe3 StaticDependenciesID=57faa3c1e2019ab2b8c19e67a2cd4e71 
Importing 'GUID: 70b328004d562e5498df0167919ad006 - Path: Assets/Resources/localized/GravityLogo_english.png' with importer (TextureImporter)
Imported 'GUID: 70b328004d562e5498df0167919ad006' -> (Import Result ID: '2710594e7f6bdd5a3de6406bdc58802f') in 0.025 seconds [static and dynamic dependencies]. Details - ImportResultOutputID=b67a09ab0e0bfe86f90a21854a77c3ef DependenciesID=4fe27840d0d6562e8355d31d6a6106b7 StaticDependenciesID=788cf244c7eb78f0a75df0b54f7319ff 
Importing 'GUID: 70e3f118652b9094885689730ad3a47b - Path: Packages/com.unity.timeline/Editor/StyleSheets/Images/LightSkin/TimelinePlayRange.png' with importer (TextureImporter)
Imported 'GUID: 70e3f118652b9094885689730ad3a47b' -> (Import Result ID: '3943fc67a9164e038482fee8be187d70') in 0.017 seconds [static and dynamic dependencies]. Details - ImportResultOutputID=0de29aa4a5fecf99e4ba4f12c8b480ec DependenciesID=7d90d00ef182fbeb4289bfba33d709df StaticDependenciesID=0073a29939a5803ed266f0c416c2e1b6 
Importing 'GUID: 70e3ce8ad01f39248a3ea97a35bcf238 - Path: Packages/com.unity.collab-proxy/Editor/Assets/Images/icondeletedremote@2x.png' with importer (TextureImporter)
Imported 'GUID: 70e3ce8ad01f39248a3ea97a35bcf238' -> (Import Result ID: '0ef80ee11ebdabd5e9d801851f618a13') in 0.018 seconds [static and dynamic dependencies]. Details - ImportResultOutputID=43e7e8a1f27764edc40d551337a82bf6 DependenciesID=0bbb3133be493788f69ca7d7de986843 StaticDependenciesID=0cab3df277d9aecdb8c7be15a57b0269 
Importing 'GUID: 708e3186d03dfb749b5f800df69df53c - Path: Assets/Resources/multilayertextures/kart5paint/kart5_Phineas_spoiler_decal.png' with importer (TextureImporter)
Imported 'GUID: 708e3186d03dfb749b5f800df69df53c' -> (Import Result ID: '373170dd1a7cc2add1a6cdfda57380ee') in 0.017 seconds [static and dynamic dependencies]. Details - ImportResultOutputID=2e48334207518ad0f9bb1aceb2fe9d71 DependenciesID=900335720af4de40559b3ea2c3c5863a StaticDependenciesID=3580a10a2a192797733e9b66b7fc9c0b 
Importing 'GUID: 80f14097a22850342aa0208e9fb0a0e2 - Path: Assets/Resources/localized/KickLogo_english.png' with importer (TextureImporter)
Imported 'GUID: 80f14097a22850342aa0208e9fb0a0e2' -> (Import Result ID: '4d917e330216e6c2a835a358cf9e67ff') in 0.029 seconds [static and dynamic dependencies]. Details - ImportResultOutputID=92422586c77f684b564d9d210167fb44 DependenciesID=44bb9b8e8a06e03f2f9ec21ab98dcc6f StaticDependenciesID=11e70889133cd5adc30f3056b7086ec7 
Importing 'GUID: 80899a9fbe3d3364eac2c5924c0a28cf - Path: Packages/com.unity.ai.navigation/EditorResources/Overlay/d_NavigationOverlay@128.png' with importer (TextureImporter)
Imported 'GUID: 80899a9fbe3d3364eac2c5924c0a28cf' -> (Import Result ID: '018d6651649acdfedf907ac8512c8d2f') in 0.025 seconds [static and dynamic dependencies]. Details - ImportResultOutputID=0a4df36214cfcf5c429949f9497c8d28 DependenciesID=2eab944fe3ce7463ceba41b163df75f7 StaticDependenciesID=2914ad3f73ae3bf1e5dd7cc0b21b35bb 
Importing 'GUID: 902bbf45801b5254e874412088a79ab2 - Path: Assets/Texture2D/HokeyPokeDiner_Octopus.png' with importer (TextureImporter)
Imported 'GUID: 902bbf45801b5254e874412088a79ab2' -> (Import Result ID: '24806cfda58e74f8f865c6fec81468f4') in 0.055 seconds [static and dynamic dependencies]. Details - ImportResultOutputID=48858d62f534bf43b8040d1737e0aa4c DependenciesID=ae0b065a5a48796533d282329b2d6f49 StaticDependenciesID=42c7dc70a51eadfbb048e5868eb48c39 
Importing 'GUID: 902e1b8979bf31c409c805270e7bc447 - Path: Assets/Texture2D/Pranksgiving SpriteAtlas.png' with importer (TextureImporter)
Imported 'GUID: 902e1b8979bf31c409c805270e7bc447' -> (Import Result ID: 'e50f63a8e853c00e820cd0ab4ea5f049') in 0.071 seconds [static and dynamic dependencies]. Details - ImportResultOutputID=936b3617c818797c7361d397de79d5be DependenciesID=966e5e3787772a0ed13558ffb4fd2f07 StaticDependenciesID=166d6d5f71e20bcf611cec694b9c3350 
Importing 'GUID: a01087ce1455c7e4c8f2410c26afcfd2 - Path: Packages/com.unity.collab-proxy/Editor/Assets/Images/iconretainedoverlay@2x.png' with importer (TextureImporter)
Imported 'GUID: a01087ce1455c7e4c8f2410c26afcfd2' -> (Import Result ID: '595c9f1ac9b5c94901b4fd6086d2ac1f') in 0.018 seconds [static and dynamic dependencies]. Details - ImportResultOutputID=cf5bc1889060405462bfab134484ee7d DependenciesID=cd07180baeeb5ba1031d58784ff3301c StaticDependenciesID=8952560327882fc7ac630b77f08dbab5 
Importing 'GUID: a0a4ebaf446f32144ab687145752b60f - Path: Assets/Texture2D/phineas and ferb fancy highway.png' with importer (TextureImporter)
Imported 'GUID: a0a4ebaf446f32144ab687145752b60f' -> (Import Result ID: 'b9b925c262ee400f984a171fc682b7eb') in 0.075 seconds [static and dynamic dependencies]. Details - ImportResultOutputID=e0184f56fd29b372cfb34f6b71f5f684 DependenciesID=caa340618836b151d350cd501f512e9d StaticDependenciesID=639f8efe1ed81470eb2d8b89f9b3dd9b 
Importing 'GUID: a06923554df657641a16c3812f8337a5 - Path: Packages/com.unity.services.analytics/Editor/Tools/StateInactive.png' with importer (TextureImporter)
Imported 'GUID: a06923554df657641a16c3812f8337a5' -> (Import Result ID: '44fbb830c35d357044b28b7f1705b28b') in 0.013 seconds [static and dynamic dependencies]. Details - ImportResultOutputID=69a932a541c9e7293a02c651dee926a5 DependenciesID=681b0ebf6258c9d3475a784c0b5f739f StaticDependenciesID=2aa0394cb30f9f9f29e3c72e8f8e28df 
Importing 'GUID: a04f1625bf500f64e97445265dfbcc93 - Path: Packages/com.unity.timeline/Editor/StyleSheets/Images/Shared/TimelineConnector.png' with importer (TextureImporter)
Imported 'GUID: a04f1625bf500f64e97445265dfbcc93' -> (Import Result ID: 'e515cd478ab04f8b00955544ae4d84b6') in 0.015 seconds [static and dynamic dependencies]. Details - ImportResultOutputID=9c657ccdf7432758d487b45c868e7e67 DependenciesID=c0aea621b63171a572875dc6167b5f8b StaticDependenciesID=4a5466e7d3e449fba19e84b010606a59 
Importing 'GUID: a09fd8b5d9396c24a96a6de50cddc3b9 - Path: Packages/com.unity.timeline/Editor/StyleSheets/Images/LightSkin/TimelineHold.png' with importer (TextureImporter)
Imported 'GUID: a09fd8b5d9396c24a96a6de50cddc3b9' -> (Import Result ID: '7fe084fb7f7cf1700ecdf32958729e77') in 0.015 seconds [static and dynamic dependencies]. Details - ImportResultOutputID=af6189ae8ebd2ea7d160a5be086a7285 DependenciesID=9a673065f5b76617d6429a412193bee7 StaticDependenciesID=112eff3d92050ac05459c192038b621e 
Importing 'GUID: b011db6b6fb587b428e1cc9819bd9602 - Path: Assets/Resources/multilayertextures/kart2paint/kart2_Bea_body_decal.png' with importer (TextureImporter)
Imported 'GUID: b011db6b6fb587b428e1cc9819bd9602' -> (Import Result ID: 'a8612b9d4c2bd837d3a9e73957b6d395') in 0.017 seconds [static and dynamic dependencies]. Details - ImportResultOutputID=a0b6df8da8a72e2fb176b0572a79eb58 DependenciesID=be485732807d065ec988eb13474827bf StaticDependenciesID=c86a5731a8758925b36e8ffe0ecdbaee 
Importing 'GUID: b0172c3ab97e219478711e1fbe9630f2 - Path: Packages/com.unity.ai.navigation/EditorResources/NavigationWindowIcon.png' with importer (TextureImporter)
Imported 'GUID: b0172c3ab97e219478711e1fbe9630f2' -> (Import Result ID: '79889a90a6d14206310e0fa077d55a90') in 0.018 seconds [static and dynamic dependencies]. Details - ImportResultOutputID=e4755e737e7965ee18a6ee699edeb599 DependenciesID=243f734e4a9c54e8e8f7b202d0ba26ef StaticDependenciesID=7189a50533564a56b6d0665b90dfcf04 
Importing 'GUID: b0e7ed213bccf484e89c4261a7e16f66 - Path: Packages/com.unity.collab-proxy/Editor/Assets/Images/d_iconedit.png' with importer (TextureImporter)
Imported 'GUID: b0e7ed213bccf484e89c4261a7e16f66' -> (Import Result ID: '896ce9f4048690bd2e8587697c6059a6') in 0.016 seconds [static and dynamic dependencies]. Details - ImportResultOutputID=7d8fe04fedc3a4849d789731c2c1e9d9 DependenciesID=1222103073850a7b59c0b73919e3a007 StaticDependenciesID=5d3b238f2e0ee8e8486f067230d1e496 
Importing 'GUID: b0a80d6004dbb224b8d39df36daca5bd - Path: Assets/Texture2D/ShieldRimlight.png' with importer (TextureImporter)
Imported 'GUID: b0a80d6004dbb224b8d39df36daca5bd' -> (Import Result ID: 'a16be80436978cfb9324e8366623d8da') in 0.091 seconds [static and dynamic dependencies]. Details - ImportResultOutputID=1aa65d64b43de7b8a73b6e285927fb3d DependenciesID=692ed039583ec1f05401a9c66504c775 StaticDependenciesID=0676cba56cb1ba40a5726b76ddf09f42 
Importing 'GUID: b05e7d8dc2bdbb14ab5b1da240ac65d5 - Path: Packages/com.unity.ai.navigation/EditorResources/Overlay/NavigationOverlay On@256.png' with importer (TextureImporter)
Imported 'GUID: b05e7d8dc2bdbb14ab5b1da240ac65d5' -> (Import Result ID: '1438408d3d329840befd051463156c5e') in 0.040 seconds [static and dynamic dependencies]. Details - ImportResultOutputID=d713e932d2a689a71b2f4f84e55013ed DependenciesID=a59fc59a2365ec50f2bd80fc0f506d6b StaticDependenciesID=73892b3989259d54d3e432aacc57025d 
Importing 'GUID: c06100d8ae6a60d44ab25f318a154ce3 - Path: Packages/com.unity.2d.tilemap/Editor/Icons/d_Tilemap.DefaultBrush@2x.png' with importer (TextureImporter)
Imported 'GUID: c06100d8ae6a60d44ab25f318a154ce3' -> (Import Result ID: '79b1b3d50a51a22a07fc7f61669256ba') in 0.019 seconds [static and dynamic dependencies]. Details - ImportResultOutputID=d06fd632239638deda3a3bcf4889683e DependenciesID=95eb0de08708fa74e766f325abfbf2d5 StaticDependenciesID=3f6b605f4bfc56330d7a5e154ebaaa5b 
Importing 'GUID: c0f12cb33adec9741b9ab1407203c1fc - Path: Assets/Resources/multilayertextures/kart5paint/kart5_spoiler_main.png' with importer (TextureImporter)
Imported 'GUID: c0f12cb33adec9741b9ab1407203c1fc' -> (Import Result ID: 'd4ee48ab4bb21ec8341a1c68029236dd') in 0.017 seconds [static and dynamic dependencies]. Details - ImportResultOutputID=7882a3b5e2ccf8b5e6bf7ed1e2403602 DependenciesID=9c61eb44e295f637646fb53c0dda7695 StaticDependenciesID=36738c38faec72898b3a8f8cdc0610ce 
Importing 'GUID: c03772200f17387499513704aa6afaa3 - Path: Assets/Resources/multilayertextures/kart5paint/kart5_scoop_main.png' with importer (TextureImporter)
Imported 'GUID: c03772200f17387499513704aa6afaa3' -> (Import Result ID: 'b172421cd6fbf57365c942c1ae353161') in 0.017 seconds [static and dynamic dependencies]. Details - ImportResultOutputID=f5bb3bc1a85366e2454063a94c81aa0d DependenciesID=30d1a662fcd4b23f3093e6786138933c StaticDependenciesID=faf7d7001b779a070c9303907f0ee8a7 
Importing 'GUID: d0315b8a1c1a0c64abfd0683bd073fd4 - Path: Assets/Texture2D/Fishtankia Tree 04.png' with importer (TextureImporter)
Imported 'GUID: d0315b8a1c1a0c64abfd0683bd073fd4' -> (Import Result ID: '755612b94c20e89819e95fa52c433885') in 0.057 seconds [static and dynamic dependencies]. Details - ImportResultOutputID=e6a7a2d57c94e28b05878d1f0436bc04 DependenciesID=f09903616bd978fe1043f442d9413be4 StaticDependenciesID=d71f5f40706498c3b91c2e8d278c453d 
Importing 'GUID: d07505d4e84478241ba18da664248a53 - Path: Assets/Texture2D/laser sphere.png' with importer (TextureImporter)
Imported 'GUID: d07505d4e84478241ba18da664248a53' -> (Import Result ID: '572833a55e70cd78e701cd55d4ea9697') in 0.028 seconds [static and dynamic dependencies]. Details - ImportResultOutputID=7416bed1e88df4cf345b9644aaf65c7b DependenciesID=a69bb4a82f5b6b64bdfa02c44d3a0e8b StaticDependenciesID=8627605360fb2a6041233f01301efdcb 
Importing 'GUID: d0c62daf874c2a54daec0efe06e76bf3 - Path: Assets/Resources/multilayertextures/kart0paint/kart0_spoiler_main.png' with importer (TextureImporter)
Imported 'GUID: d0c62daf874c2a54daec0efe06e76bf3' -> (Import Result ID: 'ac6a280a3bf0effecbc506135b281dd7') in 0.016 seconds [static and dynamic dependencies]. Details - ImportResultOutputID=15e52df73fafd819a006960eaf50cb68 DependenciesID=8c11531df59c41417890527ebd2a05a5 StaticDependenciesID=245b1a1dfb5f7090a52eaa6e35545f4d 
Importing 'GUID: d0e9ef1d282d3fb46853f21c811001a3 - Path: Assets/Resources/multilayertextures/kart2paint/kart2_untouchable_seat.png' with importer (TextureImporter)
Imported 'GUID: d0e9ef1d282d3fb46853f21c811001a3' -> (Import Result ID: '563ba016cd8db1d19eaefba098279534') in 0.020 seconds [static and dynamic dependencies]. Details - ImportResultOutputID=f886bcb7d29930cc798f889b63a144b4 DependenciesID=03accb7d82972da1a44d80308adfcbe2 StaticDependenciesID=bacaab5030c8e0c9dfafe7232718ba89 
Importing 'GUID: d01b0a5fb47c3f74693438130b5f1fea - Path: Assets/Resources/multilayertextures/kart2paint/kart2_spoiler_main.png' with importer (TextureImporter)
Imported 'GUID: d01b0a5fb47c3f74693438130b5f1fea' -> (Import Result ID: '1ec4338860012efd502ee1f9f4f4c5bb') in 0.017 seconds [static and dynamic dependencies]. Details - ImportResultOutputID=1df55b6e98255c71399ddfcae796ad18 DependenciesID=bbef7bc6dcca35c62bcef976fc178c58 StaticDependenciesID=693b31e2e1c7cf7644d360738ec5c3e2 
Importing 'GUID: d0accf3598f2b054bb02ce0214d04b68 - Path: Assets/Texture2D/phineas ferb tunnel exterior texture.png' with importer (TextureImporter)
Imported 'GUID: d0accf3598f2b054bb02ce0214d04b68' -> (Import Result ID: '7b10168930aa2f80a9a1544b928b5402') in 0.052 seconds [static and dynamic dependencies]. Details - ImportResultOutputID=db66c7a732f82ec013305ac60355b569 DependenciesID=0a8d08fba6e87b7b9e1422d01fe70db4 StaticDependenciesID=00ed8df41bb0055bf6ad9b04bfa9f1d5 
Importing 'GUID: d0afa7013bcafcf418908201233c5942 - Path: Assets/Texture2D/House 3 Color 2.png' with importer (TextureImporter)
Imported 'GUID: d0afa7013bcafcf418908201233c5942' -> (Import Result ID: 'be5bc8c9e439a988c31f7e35052700b7') in 0.050 seconds [static and dynamic dependencies]. Details - ImportResultOutputID=0ab5a1cb61406608860d8045cf0f62f2 DependenciesID=69372b8a3aa3f1b4801657489737d5b7 StaticDependenciesID=579eead5b5509c2b7c3ae8e10f17ddd2 
Importing 'GUID: e05ace3bd15740cda0bad60d89092a5b - Path: Packages/com.unity.ugui/Editor Resources/Textures/btn_AlignRight_Light.psd' with importer (TextureImporter)
Imported 'GUID: e05ace3bd15740cda0bad60d89092a5b' -> (Import Result ID: '30a1cca87aad23f092e2c7eeb9d939c6') in 0.022 seconds [static and dynamic dependencies]. Details - ImportResultOutputID=5d7fad8c7569e279b0c3feaeb3469273 DependenciesID=41269a508f3a6904a7a050fd41e989d3 StaticDependenciesID=a72a3f45942b0d911a67d02dcd110582 
Importing 'GUID: f0c047e73e3b41341822a9e31da81877 - Path: Packages/com.unity.collab-proxy/Editor/Assets/Images/d_iconplasticnotifypendingchanges@2x.png' with importer (TextureImporter)
Imported 'GUID: f0c047e73e3b41341822a9e31da81877' -> (Import Result ID: '4db0e53731bdf0afdcd76733bc69ff79') in 0.019 seconds [static and dynamic dependencies]. Details - ImportResultOutputID=07f09840e8d0689d04ac1fcea3e4505b DependenciesID=e571556b6fe019e6b781ba5c030ce817 StaticDependenciesID=ee521c9eb4259b29b0edd64c7c99b026 
Importing 'GUID: f014fa2708019b44693a6e6ab1fc5e50 - Path: Assets/Resources/localized/FishHooksBillboardAd2_norwegian.png' with importer (TextureImporter)
Imported 'GUID: f014fa2708019b44693a6e6ab1fc5e50' -> (Import Result ID: 'b9b647ef385e91f50509d5e33f7248b2') in 0.134 seconds [static and dynamic dependencies]. Details - ImportResultOutputID=aae911d16b5047d1faf8e6d46562728f DependenciesID=3cb5472f7131ae7710981cd844c463cb StaticDependenciesID=81382ac8285409ea566c8b7bbe7f3ef2 
Importing 'GUID: f0b8c284b02efc445a91ffb30afca2b9 - Path: Assets/Texture2D/houses.png' with importer (TextureImporter)
Imported 'GUID: f0b8c284b02efc445a91ffb30afca2b9' -> (Import Result ID: '3979a361867d7be3e66c8dcea271cef9') in 0.052 seconds [static and dynamic dependencies]. Details - ImportResultOutputID=822b87ccdc991aee92a9d9dd80168822 DependenciesID=5491f39befcb758ba0628418604d929e StaticDependenciesID=5e92601c33901492a7f4070a590f1357 
Importing 'GUID: f0f8ff8921b22a74a8c79d955ace248d - Path: Packages/com.unity.timeline/Editor/StyleSheets/Images/Icons/TrackCurvesButtonDisabled.png' with importer (TextureImporter)
Imported 'GUID: f0f8ff8921b22a74a8c79d955ace248d' -> (Import Result ID: 'dbba6b6140d105ce8e2b4eb326fb75f8') in 0.017 seconds [static and dynamic dependencies]. Details - ImportResultOutputID=6e391973b66b4d11081c4aca2cd002a0 DependenciesID=5227801a1dd4091ff72279850bb5ac94 StaticDependenciesID=92a5670aeafb85e2d759620dcf52e58b 
Importing 'GUID: f09eae8c0ea04254b90c5386a034a225 - Path: Packages/com.unity.collab-proxy/Editor/Assets/Images/buttonssosigningoogle.png' with importer (TextureImporter)
Imported 'GUID: f09eae8c0ea04254b90c5386a034a225' -> (Import Result ID: 'f47f0033bbf35b9e412575166a52fd74') in 0.018 seconds [static and dynamic dependencies]. Details - ImportResultOutputID=5713db1bf4cbb4739f991472ae19bd58 DependenciesID=7c72bff42bf964b2d559e1295d0ac699 StaticDependenciesID=94a345b8cd1e8f4a20c8f04da7b239ca 
Importing 'GUID: 1101e6b4628626641a4984fd5f4c852b - Path: Assets/Resources/multilayertextures/kart5paint/kart5_Ferb_body_decal.png' with importer (TextureImporter)
Imported 'GUID: 1101e6b4628626641a4984fd5f4c852b' -> (Import Result ID: '19b6a479f442ef381799fac008457713') in 0.018 seconds [static and dynamic dependencies]. Details - ImportResultOutputID=105ea72ab23e8aa784fc2e33efaccda3 DependenciesID=c326f3f74aa7f0ae51e712950ba38caf StaticDependenciesID=15498d779a6900eb4b0b4e7937ad0aa3 
Importing 'GUID: 11b276d3cd1a7df45a1ce1785cda0fb5 - Path: Assets/Scenes/Tracks/Phineas Track 2/LightmapFar-0.png' with importer (TextureImporter)
Imported 'GUID: 11b276d3cd1a7df45a1ce1785cda0fb5' -> (Import Result ID: '8b11da7051f11fb1393cb73254f0a73f') in 0.138 seconds [static and dynamic dependencies]. Details - ImportResultOutputID=47dd905ca6c58459678a82ae9e65b71a DependenciesID=aa1206d5b7c8ecf728da4ea9ebc16a0b StaticDependenciesID=1ec7db84231f2321d8ecc0c3a54d1517 
Importing 'GUID: 11d4f7dd8fc834c8e92cab84d5137828 - Path: Packages/com.unity.collab-proxy/Editor/Assets/Images/d_iconpendingchangesview.png' with importer (TextureImporter)
Imported 'GUID: 11d4f7dd8fc834c8e92cab84d5137828' -> (Import Result ID: 'a6bfac2f003f5f8510b24f481a4e6b4b') in 0.019 seconds [static and dynamic dependencies]. Details - ImportResultOutputID=65a7834e0c7e05a6c3748877fe468ea0 DependenciesID=fc27187284d6bab2154e56bd76807240 StaticDependenciesID=0dc503f634592720d579de79629ec566 
Importing 'GUID: 119c63aec5f592640b412a2070324dba - Path: Assets/Texture2D/Coin.png' with importer (TextureImporter)
Imported 'GUID: 119c63aec5f592640b412a2070324dba' -> (Import Result ID: 'a5247a2b8b33a635297caa40ccfb4b7e') in 0.018 seconds [static and dynamic dependencies]. Details - ImportResultOutputID=196ffe47b38daed7dfd9a2f2f95efd2d DependenciesID=45034113b5cdf5f69810b03dac7fa12c StaticDependenciesID=ffe2842ede73f2c28e07b522954d611f 
Importing 'GUID: 21a3072ffa7bbd9429babf3a70181b7f - Path: Assets/Texture2D/kick terrain2.png' with importer (TextureImporter)
Imported 'GUID: 21a3072ffa7bbd9429babf3a70181b7f' -> (Import Result ID: '62c3aad9ce15531cf2c6d618d8da5ceb') in 0.054 seconds [static and dynamic dependencies]. Details - ImportResultOutputID=dc915798f2cd491d12bc16e4c03835b1 DependenciesID=e8f81e0f6f96be7f740650d3a7cdaece StaticDependenciesID=00d3335cb432c0286d2a404eebee01d5 
Importing 'GUID: 21c87a31691b1944ebdc7b815df0e6fc - Path: Assets/Resources/localized/GravityLogo_norwegian.png' with importer (TextureImporter)
Imported 'GUID: 21c87a31691b1944ebdc7b815df0e6fc' -> (Import Result ID: '049c52ea1d4bb2b81de56d96227bc502') in 0.124 seconds [static and dynamic dependencies]. Details - ImportResultOutputID=5fadb6f3ef9da3c8fd55ab9572dbca5f DependenciesID=46e8850bfca2532d04b81f20c2a2b4ad StaticDependenciesID=a1efc7eab997ae34e9b7791a26725736 
Importing 'GUID: 317490ed258c50648be9b99e1bce98a6 - Path: Assets/Resources/multilayertextures/kart4paint/kart4_wheels_detail.png' with importer (TextureImporter)
Imported 'GUID: 317490ed258c50648be9b99e1bce98a6' -> (Import Result ID: 'aaa439f6e9123c6a23e203f311ca200f') in 0.020 seconds [static and dynamic dependencies]. Details - ImportResultOutputID=5b358c87bf589220f84fb4880886f976 DependenciesID=888b8b0ae0857ed20935e1c572878fba StaticDependenciesID=78a4c068d09380d34a7a01733af05552 
Importing 'GUID: 3168140d6f409d0448447f18568d9482 - Path: Packages/com.unity.collab-proxy/Editor/Assets/Images/d_iconplasticview@2x.png' with importer (TextureImporter)
Imported 'GUID: 3168140d6f409d0448447f18568d9482' -> (Import Result ID: 'b8f349d02940e9e38250831eb4117cf9') in 0.013 seconds [static and dynamic dependencies]. Details - ImportResultOutputID=ba16bd12f4c1cf4902935b5c77c13d0e DependenciesID=0784cc1adf2c36787128cd36d22b4906 StaticDependenciesID=e94e83a5b06e5335ad597e6883cd4763 
Importing 'GUID: 311925a002f4447b3a28927169b83ea6 - Path: Packages/com.unity.2d.sprite/Editor/ObjectMenuCreation/DefaultAssets/Textures/v2/Square.png' with importer (TextureImporter)
Imported 'GUID: 311925a002f4447b3a28927169b83ea6' -> (Import Result ID: '0b386813205ecc7535819a2892ca25a4') in 0.028 seconds [static and dynamic dependencies]. Details - ImportResultOutputID=70bf5712a471877b45b6392c6951d2c5 DependenciesID=e071ee11da4c7c0e84ddcb00679d88cc StaticDependenciesID=d45616ca1d798e9f51df3f4cf03634a9 
Importing 'GUID: 318df756abab5463e9aa361360784865 - Path: Packages/com.unity.multiplayer.center/Editor/MultiplayerCenterWindow/UI/Icons/d_PackageInstalled@2x.png' with importer (TextureImporter)
Imported 'GUID: 318df756abab5463e9aa361360784865' -> (Import Result ID: '3373fad050794cf371148d2bf18f7378') in 0.018 seconds [static and dynamic dependencies]. Details - ImportResultOutputID=5b3e7e998fcae84a2ff46ae0761b73f8 DependenciesID=41c6efe41eafe5bcb7107e95b37131f7 StaticDependenciesID=676a434c83d6f0fc85958ffc61b2c34a 
Importing 'GUID: 4171b549947246b4f9579419d5698a7e - Path: Packages/com.unity.timeline/Editor/StyleSheets/Images/LightSkin/TimelineIconClipIn.png' with importer (TextureImporter)
Imported 'GUID: 4171b549947246b4f9579419d5698a7e' -> (Import Result ID: 'd043c640ab310bd78da3a6d9aeae0de8') in 0.018 seconds [static and dynamic dependencies]. Details - ImportResultOutputID=a6a6d81d56be87b08462ebd5e90e9d13 DependenciesID=b0f83d3b293080fb4defea190199ff50 StaticDependenciesID=8fe1570aa1bfc8e3abde2375e6bf555c 
Importing 'GUID: 41c8c39b6cad32f4e93e17cc60c29fd6 - Path: Assets/Scenes/Test Scenes/Pranksgiving Test/LightmapFar-3.png' with importer (TextureImporter)
Imported 'GUID: 41c8c39b6cad32f4e93e17cc60c29fd6' -> (Import Result ID: 'f26ff34580c914b233e036e20c3936b9') in 0.148 seconds [static and dynamic dependencies]. Details - ImportResultOutputID=0e00511fbed5bc450b9d20611780d778 DependenciesID=1088eb789b8f89c2e6e6bc3cdbc4a197 StaticDependenciesID=3c2926363321c17c12b0083fc234a066 
Importing 'GUID: 41b96614b2e6494ba995ddcd252d11ae - Path: Packages/com.unity.ugui/Editor Resources/Textures/btn_AlignMiddle.psd' with importer (TextureImporter)
Imported 'GUID: 41b96614b2e6494ba995ddcd252d11ae' -> (Import Result ID: 'ac3b5286c86d781f807b20e68ae6b81f') in 0.022 seconds [static and dynamic dependencies]. Details - ImportResultOutputID=6e0e6f916b92c5695909863b27d9e0ec DependenciesID=9de05d51f0940ef7ea6e965950332e4f StaticDependenciesID=3aefd0abb1ea977de447f517c6e12372 
Importing 'GUID: 411e6f19c19fa0546af83aeb59c2ed4b - Path: Packages/com.unity.timeline/Editor/StyleSheets/Images/Icons/d_TimelineEditModeRippleOFF.png' with importer (TextureImporter)
Imported 'GUID: 411e6f19c19fa0546af83aeb59c2ed4b' -> (Import Result ID: '373d208c0cb620aec20b8b869820ef73') in 0.013 seconds [static and dynamic dependencies]. Details - ImportResultOutputID=6de4979d70660dd3a44640feb9a5dd0a DependenciesID=147fd8accbccf2e04d6e1df83c725a49 StaticDependenciesID=96b6c61965bfcd5981bf45ec7fba622e 
Importing 'GUID: 412f73153f3a3c549b67b2a847741145 - Path: Packages/com.unity.timeline/Editor/StyleSheets/Images/DarkSkin/TimelineDisabledBackground.png' with importer (TextureImporter)
Imported 'GUID: 412f73153f3a3c549b67b2a847741145' -> (Import Result ID: 'de1ff13ccb251d41518341ab1e479929') in 0.018 seconds [static and dynamic dependencies]. Details - ImportResultOutputID=22b3638ce053a6ca15196bc43c9dd884 DependenciesID=a393ab4b25c71238143ba980887dbbc3 StaticDependenciesID=b1df1ffadd8b4fc27b760cc7a81afb39 
Importing 'GUID: 51582ae5ea51fa14996791a550f89473 - Path: Packages/com.unity.collab-proxy/Editor/Assets/Images/d_iconplasticnotifyconflict.png' with importer (TextureImporter)
Imported 'GUID: 51582ae5ea51fa14996791a550f89473' -> (Import Result ID: '2cd29c55b098fe4d351103c3aeafbc26') in 0.017 seconds [static and dynamic dependencies]. Details - ImportResultOutputID=143a3b0f70c4edaab3deae2da50888e3 DependenciesID=8b6f64edd531d72fa8f931a85dfd130e StaticDependenciesID=f5383353376d8af8dd46194f1108969a 
Importing 'GUID: 51b8cbcbf34a36243a954f42c5d344fc - Path: Packages/com.unity.2d.tilemap/Editor/Icons/Grid.RotateACW@2x.png' with importer (TextureImporter)
Imported 'GUID: 51b8cbcbf34a36243a954f42c5d344fc' -> (Import Result ID: '850f8f180e73551abd85854f7e89a12f') in 0.016 seconds [static and dynamic dependencies]. Details - ImportResultOutputID=eeaeb99f9de2c6ac2c12ced961060536 DependenciesID=4b74b763a1b5891eb2c34f37a5dce79b StaticDependenciesID=e0fcfc1038a4d913e1a5dacf95664ca0 
Importing 'GUID: 512aaee9b220348408a2e518f98d6e14 - Path: Packages/com.unity.timeline/Editor/StyleSheets/Images/Icons/TrackMuteButtonEnabled@2x.png' with importer (TextureImporter)
Imported 'GUID: 512aaee9b220348408a2e518f98d6e14' -> (Import Result ID: '41adcbf9fc1f25bd9df8f263de8a3e96') in 0.017 seconds [static and dynamic dependencies]. Details - ImportResultOutputID=9deedf45ca37a4cd589f3a00ad1f1cc2 DependenciesID=6f2f2a654c771e1f277f8a7c51dbabff StaticDependenciesID=b71d064d3779169e5360f0440e18a1e0 
Importing 'GUID: 519d97e745e55f041b609f3666cbc037 - Path: Packages/com.unity.collab-proxy/Editor/Assets/Images/d_iconplasticview.png' with importer (TextureImporter)
Imported 'GUID: 519d97e745e55f041b609f3666cbc037' -> (Import Result ID: '407ae1819925870a2321b92b534cfc29') in 0.018 seconds [static and dynamic dependencies]. Details - ImportResultOutputID=59249b2ea4f3a0f76002ee57a9b38317 DependenciesID=26072d68f3b684eda9fbe489c04a2875 StaticDependenciesID=bb84c12da316dceb7c9755ee862d5096 
Importing 'GUID: 51bf5f55a8a01e546bf6092b54fdae20 - Path: Packages/com.unity.timeline/Editor/StyleSheets/Images/Icons/TrackAvatarButtonEnabled@2x.png' with importer (TextureImporter)
Imported 'GUID: 51bf5f55a8a01e546bf6092b54fdae20' -> (Import Result ID: '2eb1f6263c7aed1d232a5070e1d50b0f') in 0.019 seconds [static and dynamic dependencies]. Details - ImportResultOutputID=d1cae7fe84f59f641b7583316f292654 DependenciesID=a9e08ee5e34c6ac2ed5083c42df5f0d9 StaticDependenciesID=93a027880e3083319fc3405aba33ff01 
Importing 'GUID: 6192986415256ca47a97a97507406f5e - Path: Packages/com.unity.timeline/Editor/StyleSheets/Images/Icons/d_TrackMarkerButtonEnabled@2x.png' with importer (TextureImporter)
Imported 'GUID: 6192986415256ca47a97a97507406f5e' -> (Import Result ID: 'a673451ad2c833a7ab53615d12e22a90') in 0.016 seconds [static and dynamic dependencies]. Details - ImportResultOutputID=cc456eb92ef37a9bcc97d4bf71363e1a DependenciesID=b43cb5b3b08952a5842d8a83c51b04c3 StaticDependenciesID=ee5e0c5a28b5ab7a0fa555d0d007b606 
Importing 'GUID: 61c21f74972ba8246b3ea400a9231841 - Path: Packages/com.unity.timeline/Editor/StyleSheets/Images/LightSkin/TimelineContinue.png' with importer (TextureImporter)
Imported 'GUID: 61c21f74972ba8246b3ea400a9231841' -> (Import Result ID: 'a7edddf8e869742c3788af21f84f1e9a') in 0.016 seconds [static and dynamic dependencies]. Details - ImportResultOutputID=c08cb362341671ba3f1e014b4c1ab17b DependenciesID=43cb9e784f9bfe4f386818346342fa40 StaticDependenciesID=b5d2b1f3d0aec9b293d376e6f4f2091f 
Importing 'GUID: 618322c5a6b49404cba58d33afc2bbe0 - Path: Assets/Texture2D/fish hook school exterior stairs.png' with importer (TextureImporter)
Imported 'GUID: 618322c5a6b49404cba58d33afc2bbe0' -> (Import Result ID: '4b8df2df5d58b1132c2964fed1aa2a68') in 0.032 seconds [static and dynamic dependencies]. Details - ImportResultOutputID=3959461c402fc8d50ffdd4a14a5c73a0 DependenciesID=bbb701c9f8d8086a3c8a52390e8ce25a StaticDependenciesID=87c9de0e45533e68ce5593a0df0081d2 
Importing 'GUID: 612c5e166a121e3449dad067fbdc37a4 - Path: Packages/com.unity.collab-proxy/Editor/Assets/Images/d_iconbranches.png' with importer (TextureImporter)
Imported 'GUID: 612c5e166a121e3449dad067fbdc37a4' -> (Import Result ID: 'e7ac895e7ec14bd1f14c9678c3ef640a') in 0.019 seconds [static and dynamic dependencies]. Details - ImportResultOutputID=70dc7488b6d96982e66ed0a4c939a665 DependenciesID=ec6131e7a196cfaccbf8bed3ad8162a1 StaticDependenciesID=19c1e1be150059046cd869160be29379 
Importing 'GUID: 71a3a06710c619047a348d56af6d6ac2 - Path: Assets/Texture2D/Pie.png' with importer (TextureImporter)
Imported 'GUID: 71a3a06710c619047a348d56af6d6ac2' -> (Import Result ID: 'ac6004367e98a0d4a294638a14057acc') in 0.242 seconds [static and dynamic dependencies]. Details - ImportResultOutputID=8b594f3f33981af78a8220304c6d715f DependenciesID=f340570a040ed8b7588fc8ff0b41fcf3 StaticDependenciesID=13ea272c736e7c29e373f0a2cfc6c178 
Importing 'GUID: 71c45f80bffdb9145ad2c456254c862e - Path: Packages/com.unity.collab-proxy/Editor/Assets/Images/d_iconlockedlocaloverlay.png' with importer (TextureImporter)
Imported 'GUID: 71c45f80bffdb9145ad2c456254c862e' -> (Import Result ID: 'b3a3898035b4d9954bb39f7531a803e1') in 0.017 seconds [static and dynamic dependencies]. Details - ImportResultOutputID=9b1cc8b85d3ce5d2b3726b621a8c43dd DependenciesID=494256ebea9834346fe60995c7ac0bd2 StaticDependenciesID=564c2dee986d242f82a9329cde1cab94 
Importing 'GUID: 71e6da3a21d9b7d42b0ca702f8ee944d - Path: Assets/Texture2D/texture kart kick.png' with importer (TextureImporter)
Imported 'GUID: 71e6da3a21d9b7d42b0ca702f8ee944d' -> (Import Result ID: '97b8c903e4f5cf4ba92d24e62bb3073b') in 0.051 seconds [static and dynamic dependencies]. Details - ImportResultOutputID=b2d3a61c2a6b40c8304310d72f3fa379 DependenciesID=346c3d2ec19c06117d5937aa0eba79d7 StaticDependenciesID=296530c7f53324dd1b42d24355e79a1c 
Importing 'GUID: 71ebafeef3c03457483266a33ab2b270 - Path: Packages/com.unity.2d.sprite/Editor/ObjectMenuCreation/DefaultAssets/Textures/9-Sliced.png' with importer (TextureImporter)
Imported 'GUID: 71ebafeef3c03457483266a33ab2b270' -> (Import Result ID: 'c80dba31366f6f67c72bb652db298b45') in 0.030 seconds [static and dynamic dependencies]. Details - ImportResultOutputID=b55115ef8ae092d127dbc04753bd244a DependenciesID=d9c2916b742878982df51dd03071876a StaticDependenciesID=04845537e99b5b0b31187cbf6b22cb6c 
Importing 'GUID: 716f0061ae97b1a4e9463d2dcf1a9739 - Path: Packages/com.unity.services.analytics/Editor/Tools/d_Checkmark.png' with importer (TextureImporter)
Imported 'GUID: 716f0061ae97b1a4e9463d2dcf1a9739' -> (Import Result ID: 'c07fa3628f819ac5e484b0dbdb192575') in 0.015 seconds [static and dynamic dependencies]. Details - ImportResultOutputID=4488f42a5d41dd3e03d7db4dbaaa922c DependenciesID=d95f706a438272ea3b3c565b3ed4a7aa StaticDependenciesID=dfbdd11d22e03f3cd006acd8ad284083 
Importing 'GUID: 818379ddaadc4064d8e39d35d4f8ac86 - Path: Assets/Texture2D/fancy building A uvs.png' with importer (TextureImporter)
Imported 'GUID: 818379ddaadc4064d8e39d35d4f8ac86' -> (Import Result ID: 'e102f94aa759b21ce944a75e392fbf0e') in 0.055 seconds [static and dynamic dependencies]. Details - ImportResultOutputID=2648a9eed5b1a0094c964b8491127d2f DependenciesID=1d69ebf61eb8fd7a98662cc9a9b613f9 StaticDependenciesID=1c8c4028857be0b147084b377d21887b 
Importing 'GUID: 81b5aaf60a42dcf46b3c2db65b203921 - Path: Assets/Resources/multilayertextures/kart1paint/kart1_body_main.png' with importer (TextureImporter)
Imported 'GUID: 81b5aaf60a42dcf46b3c2db65b203921' -> (Import Result ID: '84897d9132220de5ae4effd78e324dba') in 0.019 seconds [static and dynamic dependencies]. Details - ImportResultOutputID=4c9ada648ea15aa3878590ed3cb0f109 DependenciesID=b14f4396f533e25ac390164be8d0c2d9 StaticDependenciesID=3233744b932dfc2ee46ca8f04b6cb5d0 
Importing 'GUID: 810766d2b7cb769488ee1691ef76a8a7 - Path: Assets/Texture2D/MILOmap.png' with importer (TextureImporter)
Imported 'GUID: 810766d2b7cb769488ee1691ef76a8a7' -> (Import Result ID: '6790edf977f7da2cd00f3f5fc96934ca') in 0.027 seconds [static and dynamic dependencies]. Details - ImportResultOutputID=52ee699a933ae6e603cc40cd499261c5 DependenciesID=913dac766d1a9b962d2b4db125e92687 StaticDependenciesID=7daf7c1c7d901886f1b647adcf1198b5 
Importing 'GUID: 81f7a1f09b103784ca6c40f2a8a4acd2 - Path: Assets/Scenes/Tracks/Phineas Track 1/LightmapFar-1.png' with importer (TextureImporter)
Imported 'GUID: 81f7a1f09b103784ca6c40f2a8a4acd2' -> (Import Result ID: '7ad6bc02bf4c51d8059b31b5fc0a8fa9') in 0.124 seconds [static and dynamic dependencies]. Details - ImportResultOutputID=fc1c15d9a2758d25c96c60b05321fc6d DependenciesID=20dacb9c228aba3acf36c3ed92e07195 StaticDependenciesID=41b64efcd74642a5d4595169ff5046e7 
Importing 'GUID: 81e8b4a4bcbf7a14898e2658fd827642 - Path: Packages/com.unity.timeline/Editor/StyleSheets/Images/Icons/TrackMuteButtonEnabled.png' with importer (TextureImporter)
Imported 'GUID: 81e8b4a4bcbf7a14898e2658fd827642' -> (Import Result ID: '5600801f96ecbdf990eca5468e5a846f') in 0.017 seconds [static and dynamic dependencies]. Details - ImportResultOutputID=76dae7546434cc06b5e1ddd7499ef16b DependenciesID=cbf0549d7e060b11ae0998a27448c168 StaticDependenciesID=1f68c85280c387176d5c14573a72f218 
Importing 'GUID: 81ed8c76d2bc4a4c95d092c98af4e58f - Path: Packages/com.unity.ugui/Editor Resources/Textures/btn_AlignCenter.psd' with importer (TextureImporter)
Imported 'GUID: 81ed8c76d2bc4a4c95d092c98af4e58f' -> (Import Result ID: 'c15b14477817999e8298351699d212ef') in 0.019 seconds [static and dynamic dependencies]. Details - ImportResultOutputID=47aa9e239b363f5bf6b6b80320360ac6 DependenciesID=c4a20d5a87eddb32c5161caf89d61fb5 StaticDependenciesID=f240d5cfda00b209c156baab86b25418 
Importing 'GUID: 9182e08d6d8be424a98050562de5b053 - Path: Packages/com.unity.2d.tilemap/Editor/Icons/Tilemap.DefaultBrush@2x.png' with importer (TextureImporter)
Imported 'GUID: 9182e08d6d8be424a98050562de5b053' -> (Import Result ID: 'e2f1866c745fce2d212464b2a3a45592') in 0.017 seconds [static and dynamic dependencies]. Details - ImportResultOutputID=fbf8e9857c54752b4e47cfa3f30fc331 DependenciesID=21ce5cfedec0c1d2dd7b4c55caaff63d StaticDependenciesID=c8bc1ddaa6e68d61668631ebec71bf22 
Importing 'GUID: 91746a504b59769439bb2749c314d231 - Path: Packages/com.unity.timeline/Editor/StyleSheets/Images/Icons/d_TrackAvatarButtonDisabled.png' with importer (TextureImporter)
Imported 'GUID: 91746a504b59769439bb2749c314d231' -> (Import Result ID: '97691357c31a1b2b5636653e32059dfd') in 0.016 seconds [static and dynamic dependencies]. Details - ImportResultOutputID=63cb195bd3c839ae4fe03624c51689f5 DependenciesID=43056600c0d50feb86310f678cc92812 StaticDependenciesID=60e18f991ca484574ded3eb58e6cef74 
Importing 'GUID: 91976e8b9ce0f0341838727acd55621c - Path: Packages/com.unity.collab-proxy/Editor/Assets/Images/iconemptygravatar.png' with importer (TextureImporter)
Imported 'GUID: 91976e8b9ce0f0341838727acd55621c' -> (Import Result ID: 'c10c0c85b88b90027f0cfd10a7976387') in 0.018 seconds [static and dynamic dependencies]. Details - ImportResultOutputID=0d7128b96ee5f8a73b17811fb660f63b DependenciesID=0260e477264603bb934ed21b6a6be186 StaticDependenciesID=b44e12decb0540bce002c66e771c2f3c 
Importing 'GUID: 91998e76c2fffa146ac06213edcc8a5c - Path: Assets/Resources/multilayertextures/kart0nopaint/kart0NO_body_detail.png' with importer (TextureImporter)
Imported 'GUID: 91998e76c2fffa146ac06213edcc8a5c' -> (Import Result ID: '785137976abfb4b806d6f4d958a89e55') in 0.018 seconds [static and dynamic dependencies]. Details - ImportResultOutputID=ee689e3401d30448f4aa77e48bb3ec50 DependenciesID=f803ce409a63faeca7854b4d0fd1a2ee StaticDependenciesID=6bec1d0caef7fbac3b74595ba766e1da 
Importing 'GUID: 913bf813dae6ec94a874641f89237415 - Path: Assets/Texture2D/Street 1 finish line.png' with importer (TextureImporter)
Imported 'GUID: 913bf813dae6ec94a874641f89237415' -> (Import Result ID: 'f74b994ce2650f4e907229ec311cc233') in 0.052 seconds [static and dynamic dependencies]. Details - ImportResultOutputID=afef5a7d0a95c6991f827b1b6070b027 DependenciesID=776f2c8a3b8cb96a170c573d31bdbc84 StaticDependenciesID=b94362f17adfba5b7401e5d7225cd116 
Importing 'GUID: 912fd71cbf4cbe140b4f240bedbc1f3e - Path: Packages/com.unity.timeline/Editor/StyleSheets/Images/Icons/d_TimelineEditModeReplaceOFF.png' with importer (TextureImporter)
Imported 'GUID: 912fd71cbf4cbe140b4f240bedbc1f3e' -> (Import Result ID: 'e93d6038d469c7b3bfb856bc826f89ba') in 0.018 seconds [static and dynamic dependencies]. Details - ImportResultOutputID=4cb16645845dff3d31f964e16f0c0e5b DependenciesID=f5200243685c4127730456d39d61b764 StaticDependenciesID=8097cdaee1443d55fd7bcf34a199a46f 
Importing 'GUID: a16432554ffe69042985d012d1df2637 - Path: Packages/com.unity.2d.tilemap/Editor/Icons/d_Tilemap.TilePalette.png' with importer (TextureImporter)
Imported 'GUID: a16432554ffe69042985d012d1df2637' -> (Import Result ID: '76476d0f3e616a17b9a85b08b030e1bb') in 0.016 seconds [static and dynamic dependencies]. Details - ImportResultOutputID=e1900d5f315a4a403fca2fe9f5e17b66 DependenciesID=0a3302e233989d52f16caf1449300583 StaticDependenciesID=b0b978efaa93573d7d214fce0b74aeca 
Importing 'GUID: a1abbfac9aad5f24e95e639e1899618e - Path: Assets/Texture2D/logo phineas.png' with importer (TextureImporter)
Imported 'GUID: a1abbfac9aad5f24e95e639e1899618e' -> (Import Result ID: 'aa4096ea7934a142ef55fe4b3a64d79b') in 0.023 seconds [static and dynamic dependencies]. Details - ImportResultOutputID=a0a8fab4df7461224b433c35ae238b00 DependenciesID=f52050762d3d639d8f33b124240d8828 StaticDependenciesID=33bd4ceff2c4fc3aac7adce86122f65e 
Importing 'GUID: a11d1252397454e6d90d7a5514e76ce5 - Path: Packages/com.unity.2d.sprite/Editor/Assets/SpriteFrameToggle@32.png' with importer (TextureImporter)
Imported 'GUID: a11d1252397454e6d90d7a5514e76ce5' -> (Import Result ID: 'ee4c891e517c11cad9bbb8f2534c5318') in 0.021 seconds [static and dynamic dependencies]. Details - ImportResultOutputID=74c49aef5b8b3fca295c68e5dbb7c0a4 DependenciesID=7a55c1b27cd4512a946712918a5bc198 StaticDependenciesID=2a57d81d233b5fddabcd8bbe42e1a32f 
Importing 'GUID: a1bd3db90f5f7314e822ba2e38f901c6 - Path: Packages/com.unity.2d.tilemap/Editor/Icons/Tilemap.FocusGrid@4x.png' with importer (TextureImporter)
Imported 'GUID: a1bd3db90f5f7314e822ba2e38f901c6' -> (Import Result ID: 'e970855ecde328d3eb68735ab11501d1') in 0.022 seconds [static and dynamic dependencies]. Details - ImportResultOutputID=2fd769039f700c76dffa72ad8b3807f4 DependenciesID=7757c7438efa2dd0033ae73037431da1 StaticDependenciesID=015001ce2751a19e644c1831fc008be2 
Importing 'GUID: b190a4304df201d4fa7d5628f3f9470a - Path: Assets/Texture2D/finish line.png' with importer (TextureImporter)
Imported 'GUID: b190a4304df201d4fa7d5628f3f9470a' -> (Import Result ID: '01ec89c1efb63a6af9e12524b84e74e9') in 0.051 seconds [static and dynamic dependencies]. Details - ImportResultOutputID=e06c72fd125607e1fac4648ac4a77047 DependenciesID=c0a6f04094318363cd6d77bb97bd15f7 StaticDependenciesID=6f3e4d609f15c694c8bc647184c9b559 
Importing 'GUID: b1d064d6d80829f4eb370f679384ea1f - Path: Packages/com.unity.timeline/Editor/StyleSheets/Images/Icons/TimelineDigIn.png' with importer (TextureImporter)
Imported 'GUID: b1d064d6d80829f4eb370f679384ea1f' -> (Import Result ID: '76032c0185d5adbac2dcf22379237454') in 0.016 seconds [static and dynamic dependencies]. Details - ImportResultOutputID=d94176b9ca69c97088eb671e03c37ccc DependenciesID=1fe9cd4d29481603d568d218d30566b8 StaticDependenciesID=1e793f525cc29dbdf9393c3c619f495d 
Importing 'GUID: b1b37c2733b68854ba004ff712ef849f - Path: Packages/com.unity.collab-proxy/Editor/Assets/Images/iconshelve.png' with importer (TextureImporter)
Imported 'GUID: b1b37c2733b68854ba004ff712ef849f' -> (Import Result ID: '98ce8ee570a081b4a0bd6f66e4707845') in 0.021 seconds [static and dynamic dependencies]. Details - ImportResultOutputID=485155ecbf087352eb82e8d069c8d887 DependenciesID=799dfb6a812e0a46cc8a4fce5e3bb704 StaticDependenciesID=e0fcf2a34f7194eef7c13a86d28b0f27 
Importing 'GUID: c130b41d1f572a14793b146add3d6e3f - Path: Packages/com.unity.2d.tilemap/Editor/Icons/d_EditorUI.TargetHover.png' with importer (TextureImporter)
Imported 'GUID: c130b41d1f572a14793b146add3d6e3f' -> (Import Result ID: '5e040115acdf776bea4a754f33e0cd81') in 0.017 seconds [static and dynamic dependencies]. Details - ImportResultOutputID=cc62b3115d366786e3f5b1fdd5db68ea DependenciesID=0334c9118fe82e1ea624b2f32c559fc8 StaticDependenciesID=6b3652a81b071ce069e1a762071e6d13 
Importing 'GUID: c1516142c0a669b42aecce30a3459017 - Path: Packages/com.unity.collab-proxy/Editor/Assets/Images/d_iconbranch.png' with importer (TextureImporter)
Imported 'GUID: c1516142c0a669b42aecce30a3459017' -> (Import Result ID: '86852cc9c8232fcad6d74683518a9a98') in 0.018 seconds [static and dynamic dependencies]. Details - ImportResultOutputID=fedfdbed0a1335455f7b01ede7f02dc9 DependenciesID=f288184994f1afa77de0a8504571c434 StaticDependenciesID=fa16a500634eb5e9ccbdb47fb51c83ad 
Importing 'GUID: c133595e3c100774496e03e66fa69259 - Path: Packages/com.unity.timeline/Editor/StyleSheets/Images/DarkSkin/TimelineMarkerItem.png' with importer (TextureImporter)
Imported 'GUID: c133595e3c100774496e03e66fa69259' -> (Import Result ID: '639377bdaa715e1a1eb28e8c2e074b8c') in 0.016 seconds [static and dynamic dependencies]. Details - ImportResultOutputID=a7154f9c45aba8d1a000618d2e159032 DependenciesID=a9cb306980a76bdae0ccc51f487aa4f3 StaticDependenciesID=f9c4833248fcb4baa4ce83719eb5b2d7 
Importing 'GUID: c115023c6a2060d4da6a7684bd40c5c0 - Path: Packages/com.unity.collab-proxy/Editor/Assets/Images/d_iconclipboard@2x.png' with importer (TextureImporter)
Imported 'GUID: c115023c6a2060d4da6a7684bd40c5c0' -> (Import Result ID: '33c6be172851530f35a9b4912e5f57bb') in 0.016 seconds [static and dynamic dependencies]. Details - ImportResultOutputID=047bb2f256631c396584dd8229bcd8fc DependenciesID=5d9ad0dc44fc6a7b319c190618fb3e18 StaticDependenciesID=a4b9c4961c6b6bf8349e0948c1d018c3 
Importing 'GUID: c136efa5cc6d99a4d9e7bad0209aea25 - Path: Packages/com.unity.ai.navigation/EditorResources/Overlay/NavigationOverlay On.png' with importer (TextureImporter)
Imported 'GUID: c136efa5cc6d99a4d9e7bad0209aea25' -> (Import Result ID: '88d8a1b80f12f231990735fa806aaf58') in 0.015 seconds [static and dynamic dependencies]. Details - ImportResultOutputID=43f02943edccd228c2001f6a50db57b9 DependenciesID=16bae15507329b311275dbec3398afee StaticDependenciesID=5627ed8675fa5d58f519d7d84380ad02 
Importing 'GUID: c178246e3f6f23b4c903d5fc73fa3cd6 - Path: Assets/Texture2D/Pranksgiving Logo.png' with importer (TextureImporter)
Imported 'GUID: c178246e3f6f23b4c903d5fc73fa3cd6' -> (Import Result ID: '34ef0b5bacc9f784c86d3a2e63d2db86') in 0.083 seconds [static and dynamic dependencies]. Details - ImportResultOutputID=a057a8595d6356e12a7559241bb93f01 DependenciesID=5a173490558ed9cf424639eeb17690e0 StaticDependenciesID=d9c0af87eef9ef667127f964f11f2569 
Importing 'GUID: c11a660aae7b26b4ca41d1a68d6cd441 - Path: Assets/Texture2D/Cloud.png' with importer (TextureImporter)
Imported 'GUID: c11a660aae7b26b4ca41d1a68d6cd441' -> (Import Result ID: 'ee0b1fb554c08f2ff3033f59d08c53c1') in 0.037 seconds [static and dynamic dependencies]. Details - ImportResultOutputID=89876eb8c98df1a414a14133091ff00a DependenciesID=eb344a4c09e5bfa5fa6647d94103aabf StaticDependenciesID=29bc93a755e8cc7cb7dc1eacd319eb97 
Importing 'GUID: d160d6fea93eed94cb8645985e22a85d - Path: Assets/Resources/localized/PhineasBillboardAd_norwegian.png' with importer (TextureImporter)
Imported 'GUID: d160d6fea93eed94cb8645985e22a85d' -> (Import Result ID: 'eb300998e92f226b74de18c00fb2f83d') in 0.150 seconds [static and dynamic dependencies]. Details - ImportResultOutputID=79b6de094e33f4196f5e93456d003042 DependenciesID=37ebf38663634027a5d6d9ed1c502c90 StaticDependenciesID=c168bed39907438c5967a940766a6044 
Importing 'GUID: d18286874382ef042bbbdab5f71329c1 - Path: Packages/com.unity.timeline/Editor/StyleSheets/Images/Icons/d_TrackMarkerButtonEnabled.png' with importer (TextureImporter)
Imported 'GUID: d18286874382ef042bbbdab5f71329c1' -> (Import Result ID: 'f5c3be1b2896805d8b40706f876e3089') in 0.016 seconds [static and dynamic dependencies]. Details - ImportResultOutputID=c59e06b9fcbaa23f8f6aa9bc39b98bea DependenciesID=88d45b1be2aaf09d27c7cb850c68e997 StaticDependenciesID=952a9cd1f16093d546c96327094e0e1b 
Importing 'GUID: d1a4629d5a3d147978a3fe8af3b6a935 - Path: Packages/com.unity.2d.sprite/Editor/Assets/d_LockedOptions@2x.png' with importer (TextureImporter)
Imported 'GUID: d1a4629d5a3d147978a3fe8af3b6a935' -> (Import Result ID: 'f16f9ffa45294bf7c6efe8424c19fea7') in 0.017 seconds [static and dynamic dependencies]. Details - ImportResultOutputID=71e0687b25736349cf41260cbaf11ee2 DependenciesID=424d80f0e65daae5fec2fc153227971b StaticDependenciesID=d9a2f9c435d7ce15bd4db613ba419bc9 
Importing 'GUID: d1c88f142eee55b4eb2b2cfd7b3624ce - Path: Packages/com.unity.collab-proxy/Editor/Assets/Images/iconconflicted.png' with importer (TextureImporter)
Imported 'GUID: d1c88f142eee55b4eb2b2cfd7b3624ce' -> (Import Result ID: 'f2bfe23d93cbeb4de59c7d4eebc3f879') in 0.010 seconds [static and dynamic dependencies]. Details - ImportResultOutputID=8e92b3188990e8467129744f07e31889 DependenciesID=51709274d88285ed50912dd839d51068 StaticDependenciesID=bfa8e2c1188314687df7febfd11520b7 
Importing 'GUID: d1eccbb425fdacc4ba53ce4223f4ea30 - Path: Packages/com.unity.timeline/Editor/StyleSheets/Images/Icons/TrackMarkerButtonEnabled.png' with importer (TextureImporter)
Imported 'GUID: d1eccbb425fdacc4ba53ce4223f4ea30' -> (Import Result ID: '3b8b0c82a6db2c51d3ea591d843099af') in 0.017 seconds [static and dynamic dependencies]. Details - ImportResultOutputID=88d1b1e510af85e7c41fa10e521b6088 DependenciesID=79062b0b256e1ea7bf3560ced5a8ece5 StaticDependenciesID=d65d6d3d175a108c9a807973838ed52f 
Importing 'GUID: e1e64e28e7631534d8408668bcb82502 - Path: Packages/com.unity.collab-proxy/Editor/Assets/Images/d_iconlabel.png' with importer (TextureImporter)
Imported 'GUID: e1e64e28e7631534d8408668bcb82502' -> (Import Result ID: 'e7129af4ca482b7a88e6bdb95327c636') in 0.019 seconds [static and dynamic dependencies]. Details - ImportResultOutputID=a21280f0e96917906585358d15824b79 DependenciesID=5148821f5e12e7040c081cb009086bd2 StaticDependenciesID=c0bb5dfce7c4c0d01c863c530ee1af76 
Importing 'GUID: e17ee60887efdd04389991a15ee0c578 - Path: Packages/com.unity.timeline/Editor/StyleSheets/Images/DarkSkin/TimelineAutokey_active.png' with importer (TextureImporter)
Imported 'GUID: e17ee60887efdd04389991a15ee0c578' -> (Import Result ID: '64bfb94546dfb1bce8947d979798965d') in 0.015 seconds [static and dynamic dependencies]. Details - ImportResultOutputID=b6c9e1c3c675b9cda5f0bf03921ebef1 DependenciesID=935c4ed826e4e26edf37215e2fa56df6 StaticDependenciesID=a9f6ec6fc27ee211ac8beb8e1085ab8a 
Importing 'GUID: f180259cb3c626b4eb4a6abc56b07fe7 - Path: Assets/Texture2D/GlowDot.png' with importer (TextureImporter)
Imported 'GUID: f180259cb3c626b4eb4a6abc56b07fe7' -> (Import Result ID: 'b337bf2aa564c73354dfd4d1b2a3ec26') in 0.018 seconds [static and dynamic dependencies]. Details - ImportResultOutputID=486151af5efc603a1637143b9badb922 DependenciesID=d6af3d323022dc5bc022928df2c544cd StaticDependenciesID=7cd66558bc4e8ea3470e81dad2fa5e3d 
Importing 'GUID: f180c6addffab449cb6897ba994abec5 - Path: Packages/com.unity.collab-proxy/Editor/Assets/Images/d_iconplasticnotifypendingchangesandincoming.png' with importer (TextureImporter)
Imported 'GUID: f180c6addffab449cb6897ba994abec5' -> (Import Result ID: '77cad8cde7b18ac92f9872bb04c8fff5') in 0.013 seconds [static and dynamic dependencies]. Details - ImportResultOutputID=d91cc8a6dae401587d295fb07ee9c167 DependenciesID=7d0e183bb7b7ab9d13f6750ffeb14a82 StaticDependenciesID=706e7e490799f950fbb57d66d3c47929 
Importing 'GUID: f1d766c90aeb37d4fb8c7d1ed3ba1378 - Path: Packages/com.unity.2d.tilemap/Editor/Icons/d_Tilemap.FocusNone@4x.png' with importer (TextureImporter)
Imported 'GUID: f1d766c90aeb37d4fb8c7d1ed3ba1378' -> (Import Result ID: '166ab4be83cd4baf8b217af005fd6b54') in 0.016 seconds [static and dynamic dependencies]. Details - ImportResultOutputID=61c9d0bb106687b41ebc592a1a0822f1 DependenciesID=d8ee739154eada471bac01c451d3a213 StaticDependenciesID=e8936d1826333cf6e3ba0063bfe366a0 
Importing 'GUID: f179d9a3cccffb04ba2e27f681e9b147 - Path: Packages/com.unity.timeline/Editor/StyleSheets/Images/DarkSkin/TimelineMarkerItemCollapsed.png' with importer (TextureImporter)
Imported 'GUID: f179d9a3cccffb04ba2e27f681e9b147' -> (Import Result ID: '8f05bc9238277a5c21fc6f690b84b03b') in 0.014 seconds [static and dynamic dependencies]. Details - ImportResultOutputID=a03f3fca59a447bd537dd75a5c01b77e DependenciesID=faffa9a3aecb02d5588fde6c757ac202 StaticDependenciesID=722e90de204c248bc0f3a0f61a292f58 
Importing 'GUID: 02800fb9cff14da47a04572790384d8b - Path: Packages/com.unity.collab-proxy/Editor/Assets/Images/d_iconaddedlocal@2x.png' with importer (TextureImporter)
Imported 'GUID: 02800fb9cff14da47a04572790384d8b' -> (Import Result ID: '5669614aee24cfa8b7db2448321f5116') in 0.015 seconds [static and dynamic dependencies]. Details - ImportResultOutputID=6624c48db6ced77abd56e1d9305125e5 DependenciesID=18400ccd6b03fc9edfdf3207ea6fe8af StaticDependenciesID=c4c24d4a42aecbfeea768dd630a31968 
Importing 'GUID: 0265d611f5ec3824fac74e6151a83fcc - Path: Assets/Texture2D/texture kart03.png' with importer (TextureImporter)
Imported 'GUID: 0265d611f5ec3824fac74e6151a83fcc' -> (Import Result ID: 'eab3e89faa0b4d9bf7ac8ee123d78a02') in 0.034 seconds [static and dynamic dependencies]. Details - ImportResultOutputID=072601dc502952adfa3efba8df978180 DependenciesID=183b50c72cefdd3dfd23ecd2a09e9a7c StaticDependenciesID=bb738c529782ff022bca2d99dc456dc0 
Importing 'GUID: 02e68b497fd37374f84dd38f8bd2c97c - Path: Assets/Resources/multilayertextures/kart6paint/kart6_thrusters_detail.png' with importer (TextureImporter)
Imported 'GUID: 02e68b497fd37374f84dd38f8bd2c97c' -> (Import Result ID: '72d1cc61365af1c44f8f6093b187b305') in 0.017 seconds [static and dynamic dependencies]. Details - ImportResultOutputID=2a89dfd84879a5897e3000d59ad200cb DependenciesID=1c7d287b5e22363b02155a939f5038a9 StaticDependenciesID=65160d2e6293294d33a0bce70fb39e12 
Importing 'GUID: 0247a919add89e04aad63b6657886901 - Path: Packages/com.unity.collab-proxy/Editor/Assets/Images/iconzoomin@2x.png' with importer (TextureImporter)
Imported 'GUID: 0247a919add89e04aad63b6657886901' -> (Import Result ID: '9bf63b43f101b57be5e6ec4629993149') in 0.018 seconds [static and dynamic dependencies]. Details - ImportResultOutputID=29334bed4f955422cb568f4f9a8431b7 DependenciesID=30ae0cf77e7d7ceef94c85034fc6f0eb StaticDependenciesID=fbe17012e2b0764273e72ac7e63ec46c 
Importing 'GUID: 0219184e13f92e94896b4df6846db652 - Path: Packages/com.unity.2d.tilemap/Editor/Icons/d_Grid.FlipY.png' with importer (TextureImporter)
Imported 'GUID: 0219184e13f92e94896b4df6846db652' -> (Import Result ID: '2fce66659eb269b7501428fafe17e5ec') in 0.017 seconds [static and dynamic dependencies]. Details - ImportResultOutputID=f2a5cb2b6f350496428d02c6dc1cbd5a DependenciesID=beb444173ad779758b906ab8c12352aa StaticDependenciesID=3d6eaabbc1f73c339d2155e8a5a23a8c 
Importing 'GUID: 12e04f72413abf04fb4a5f79e70822ff - Path: Packages/com.unity.2d.tilemap/Editor/Icons/d_Tilemap.DefaultBrush.png' with importer (TextureImporter)
Imported 'GUID: 12e04f72413abf04fb4a5f79e70822ff' -> (Import Result ID: '36d8522dac63732d66567d4ed539e4bd') in 0.016 seconds [static and dynamic dependencies]. Details - ImportResultOutputID=80de8ac1aa224030d85216b490ee84d1 DependenciesID=1faf2560c0bbc03793f39d51db2dec99 StaticDependenciesID=911095e2670396f248e5a027efd32418 
Importing 'GUID: 12736c98af174f91827a26b66d2b01b9 - Path: Packages/com.unity.ugui/Editor Resources/Textures/btn_AlignLeft_Light.psd' with importer (TextureImporter)
Imported 'GUID: 12736c98af174f91827a26b66d2b01b9' -> (Import Result ID: 'b966e9477726f950d91b96a3ce704521') in 0.018 seconds [static and dynamic dependencies]. Details - ImportResultOutputID=c691874b37db8b4027473cf129e6f923 DependenciesID=871ed5bcde635e5594a3cb9ed493948c StaticDependenciesID=9c64da912f5b7980065ac489d466eaf4 
Importing 'GUID: 12c50880da9d9a8419efe5ba8c6bd7de - Path: Assets/Texture2D/Swatch Purple.png' with importer (TextureImporter)
Imported 'GUID: 12c50880da9d9a8419efe5ba8c6bd7de' -> (Import Result ID: 'ec906d1ebb7900efe2732a85edc111bb') in 0.016 seconds [static and dynamic dependencies]. Details - ImportResultOutputID=5706dd4990c558d3f543063a8017567d DependenciesID=ebc85c88e889f038223a5f14daad3a35 StaticDependenciesID=44407691c2c6e6d8a2cae3cf01d1a12a 
Importing 'GUID: 120bf54dff785a0429b068b814e9c12a - Path: Packages/com.unity.collab-proxy/Editor/Assets/Images/iconmergelink.png' with importer (TextureImporter)
Imported 'GUID: 120bf54dff785a0429b068b814e9c12a' -> (Import Result ID: '1e63686e05bed8ce1cffb2b661f043a9') in 0.016 seconds [static and dynamic dependencies]. Details - ImportResultOutputID=095a17bd2baedcf76c5a7542645a8bb9 DependenciesID=9d15ff8388e0f289f547e554904f4da9 StaticDependenciesID=99a10c39fec9cd11b1fe2988efaf61f9 
Importing 'GUID: 12ed013d90bfc6245b68c04a830185f7 - Path: Assets/Texture2D/Shifter Slot Front.png' with importer (TextureImporter)
Imported 'GUID: 12ed013d90bfc6245b68c04a830185f7' -> (Import Result ID: 'd62271c159ea9500779ee043f21e0976') in 0.018 seconds [static and dynamic dependencies]. Details - ImportResultOutputID=732e4b91e6145747875ad21bf4554fef DependenciesID=430d5393e7c208203fdb007210216210 StaticDependenciesID=86be502ebd4c314e6a51fb10888dfb05 
Importing 'GUID: 22c3c381bd3cd4a40a8541103023e1ef - Path: Packages/com.unity.timeline/Editor/StyleSheets/Images/Icons/d_TimelineDigIn.png' with importer (TextureImporter)
Imported 'GUID: 22c3c381bd3cd4a40a8541103023e1ef' -> (Import Result ID: '0062c9fc0e75ee8916879a5da189ea71') in 0.010 seconds [static and dynamic dependencies]. Details - ImportResultOutputID=02d8798c8e3ef208dd7bee9c21d078ee DependenciesID=7dbd422b9af8d55ed6c2b2ceda5a4b16 StaticDependenciesID=f77659f6ad3efdc85838d89ef88aed52 
Importing 'GUID: 229870d327005574fb840c2dd8050ec6 - Path: Packages/com.unity.collab-proxy/Editor/Assets/Images/iconclouddriveview.png' with importer (TextureImporter)
Imported 'GUID: 229870d327005574fb840c2dd8050ec6' -> (Import Result ID: '125696784f40f7e70db3a647558de84a') in 0.015 seconds [static and dynamic dependencies]. Details - ImportResultOutputID=1d6e36cbf0163e62a6fae3916e416916 DependenciesID=3d7d2d6b27958ce2da33463ce70280b5 StaticDependenciesID=829cd36b1fc7789a4603b90b379bd58a 
Importing 'GUID: 22bbd203db1050b48a3949fc652baf19 - Path: Packages/com.unity.services.analytics/Editor/Tools/Error.png' with importer (TextureImporter)
Imported 'GUID: 22bbd203db1050b48a3949fc652baf19' -> (Import Result ID: 'e79fb9893e500d385860f9ae6737a1c4') in 0.013 seconds [static and dynamic dependencies]. Details - ImportResultOutputID=8802c0cc8e9ad44269a64c5ec20107b5 DependenciesID=64a0141cf6638ab6efb672868e03a577 StaticDependenciesID=eeec20334cab3c69a9ce8d717e4b543e 
Importing 'GUID: 32b387bc7d27ce6479392bc527793e9e - Path: Assets/Texture2D/House 1 Color 1.png' with importer (TextureImporter)
Imported 'GUID: 32b387bc7d27ce6479392bc527793e9e' -> (Import Result ID: 'bad179b1a7d663700a32b52c7dcdcdcf') in 0.028 seconds [static and dynamic dependencies]. Details - ImportResultOutputID=5fcf6b3fb0c30f3b400a46cbcfa9edfe DependenciesID=e12bd3dc4766dc8483169aeca93a64e4 StaticDependenciesID=4cbfdc10172156b9515e30a7727863cc 
Importing 'GUID: 32f7e3598d6414c489127629e29af3f6 - Path: Packages/com.unity.timeline/Editor/StyleSheets/Images/DarkSkin/TimelineIconClipOut.png' with importer (TextureImporter)
Imported 'GUID: 32f7e3598d6414c489127629e29af3f6' -> (Import Result ID: '93630071d277ae5872fb7a3481db8815') in 0.015 seconds [static and dynamic dependencies]. Details - ImportResultOutputID=8cd78b5398564440519ab870ac06b0cd DependenciesID=ea4372d9504c7ea635d882efdecc1d78 StaticDependenciesID=e5f6d52ec7b3d37905ead83a114fcafe 
Importing 'GUID: 3239e705bdc364b47a21e44901809b91 - Path: Packages/com.unity.2d.tilemap/Editor/Icons/Grid.RotateCW@2x.png' with importer (TextureImporter)
Imported 'GUID: 3239e705bdc364b47a21e44901809b91' -> (Import Result ID: '9cb327f56eb01339595ff0550506fe31') in 0.017 seconds [static and dynamic dependencies]. Details - ImportResultOutputID=d519702f42e715c96ce222729c63b7e6 DependenciesID=669a629c225ea16a9da030407d3d5f8e StaticDependenciesID=364931b4edc3c6fef27fcf87e35af8b4 
Importing 'GUID: 320a7c2756434dc43b9ecca2585168b2 - Path: Packages/com.unity.collab-proxy/Editor/Assets/Images/d_iconzoomout@2x.png' with importer (TextureImporter)
Imported 'GUID: 320a7c2756434dc43b9ecca2585168b2' -> (Import Result ID: 'c86d0d39046cc1133b95a3f9b212d998') in 0.018 seconds [static and dynamic dependencies]. Details - ImportResultOutputID=82e4eac5843d09700e29b89488275e3f DependenciesID=a1130af82994758e8dd7becba6cb89a2 StaticDependenciesID=6fb108c2cc1757f3b4d080d0f6a21532 
Importing 'GUID: 32ff6609b3db15b458e1b2d5ea376c8c - Path: Assets/Texture2D/BlastRadius.png' with importer (TextureImporter)
Imported 'GUID: 32ff6609b3db15b458e1b2d5ea376c8c' -> (Import Result ID: '607a76858b862361af70df609b9b9dac') in 0.030 seconds [static and dynamic dependencies]. Details - ImportResultOutputID=814774106733cdf602bd265a2db55b17 DependenciesID=a3ecb11deb7be6c4817ea757d94c1672 StaticDependenciesID=b763e9781d4dd223f7e9a406b64f6bfb 
Importing 'GUID: 42540fa3b3cef1340bebdf077d0e2030 - Path: Packages/com.unity.collab-proxy/Editor/Assets/Images/iconlabel.png' with importer (TextureImporter)
Imported 'GUID: 42540fa3b3cef1340bebdf077d0e2030' -> (Import Result ID: '533a17c5eca746bbeed42dade80f7ca2') in 0.015 seconds [static and dynamic dependencies]. Details - ImportResultOutputID=47969288ea9f9dcbe56130eae126f782 DependenciesID=d4cf16956d2ac1ac85a20f57c25cd894 StaticDependenciesID=d777f2a49ffefe2e6556dd4b3fe3d3f1 
Importing 'GUID: 425970578f3342a43b40545d1ac8a25d - Path: Packages/com.unity.collab-proxy/Editor/Assets/Images/iconbranch@2x.png' with importer (TextureImporter)
Imported 'GUID: 425970578f3342a43b40545d1ac8a25d' -> (Import Result ID: 'f293826341037ce2db30f055aaa2d947') in 0.016 seconds [static and dynamic dependencies]. Details - ImportResultOutputID=41ba0a25cb4e1ad0fdd3b15c3a7796f4 DependenciesID=a99cbce537c32ca82e262398e0a96f99 StaticDependenciesID=12bb388d38af75081c8310be6ed30401 
Importing 'GUID: 424a8de5def3b46dcb08edd00ad1c7bd - Path: Packages/com.unity.multiplayer.center/Editor/MultiplayerCenterWindow/UI/Icons/Loading.png' with importer (TextureImporter)
Imported 'GUID: 424a8de5def3b46dcb08edd00ad1c7bd' -> (Import Result ID: 'dc6f9c7063cfeced2c0159836530bb49') in 0.021 seconds [static and dynamic dependencies]. Details - ImportResultOutputID=b5f5a661438d3268486cceeb4cfc3fea DependenciesID=0c9e3c55b3799bfe646b66ea927b25eb StaticDependenciesID=d2f3fd67d2eac8d20da59d58a0bbfab1 
Importing 'GUID: 42fb19d14e266e4409770bbcdbc6a1e5 - Path: Packages/com.unity.2d.tilemap/Editor/Icons/Tilemap.GridPaint@2x.png' with importer (TextureImporter)
Imported 'GUID: 42fb19d14e266e4409770bbcdbc6a1e5' -> (Import Result ID: '06caf7fcca1351151fc8366640737eb2') in 0.016 seconds [static and dynamic dependencies]. Details - ImportResultOutputID=58de471e788180ca1f62d203bc4c56fe DependenciesID=836de270ca85209978033500937fad2e StaticDependenciesID=6ae8c1a3e24d5d0472700a7eb297e8bb 
Importing 'GUID: 425f55e9ef81a5e48b87c5d6b1bbf35c - Path: Packages/com.unity.ai.navigation/EditorResources/d_NavigationWindowIcon.png' with importer (TextureImporter)
Imported 'GUID: 425f55e9ef81a5e48b87c5d6b1bbf35c' -> (Import Result ID: 'a1eb792c9e286669b6dc1be48ef27091') in 0.017 seconds [static and dynamic dependencies]. Details - ImportResultOutputID=5c37afe1b474083c81a44e6fa48f2851 DependenciesID=9079f93d2af7b47bb5d696a6b4d0e23c StaticDependenciesID=590ebaaaed71c0c38109ee20998d1380 
Importing 'GUID: 52518647f79cd6e4a8b2b69d348ef105 - Path: Assets/Resources/multilayertextures/kart0nopaint/kart0NO_thrusters_main.png' with importer (TextureImporter)
Imported 'GUID: 52518647f79cd6e4a8b2b69d348ef105' -> (Import Result ID: '02124af49080f4569adf985dc94205ea') in 0.018 seconds [static and dynamic dependencies]. Details - ImportResultOutputID=c92e422d51f102552268f5b9b98cb572 DependenciesID=6aa64e9b9db86f5febac8ce779f623b7 StaticDependenciesID=1103dad168ebc76e9a0d3d61a445dea8 
Importing 'GUID: 5216b1b48296ef345ad2d2ec43105bf0 - Path: Packages/com.unity.timeline/Editor/StyleSheets/Images/Icons/TrackMuteButtonDisabled.png' with importer (TextureImporter)
Imported 'GUID: 5216b1b48296ef345ad2d2ec43105bf0' -> (Import Result ID: 'cc31b5a0a987b18481ea0cf2e1cd1259') in 0.018 seconds [static and dynamic dependencies]. Details - ImportResultOutputID=65a6a1703744f47f4417fc619f53ceb6 DependenciesID=67da4a768a740dbbe97f13a55c3c795a StaticDependenciesID=48c50412d9f270a3b7ffff0396e0716f 
Importing 'GUID: 52a825037e457964f9c91a99d4522f14 - Path: Packages/com.unity.collab-proxy/Editor/Assets/Images/iconignoredoverlay.png' with importer (TextureImporter)
Imported 'GUID: 52a825037e457964f9c91a99d4522f14' -> (Import Result ID: 'c34e05a56cced4ca68c3f02db6e35b2f') in 0.015 seconds [static and dynamic dependencies]. Details - ImportResultOutputID=f924ac51b7decf2b6a8fe9adf1cae52a DependenciesID=6c2478c9d86287307b3c35f572cde31b StaticDependenciesID=2f5ad05dca120e03428cd8f0680455ee 
Importing 'GUID: 525a6cca8dd9a4d28875a8fe824710d9 - Path: Packages/com.unity.multiplayer.center/Editor/MultiplayerCenterWindow/UI/Icons/d_Package.png' with importer (TextureImporter)
Imported 'GUID: 525a6cca8dd9a4d28875a8fe824710d9' -> (Import Result ID: 'b63ad1b62e5a214b7e22aabccc4a988d') in 0.018 seconds [static and dynamic dependencies]. Details - ImportResultOutputID=b525f7581fef6a1d5a28a3549d0171e7 DependenciesID=2c4c62779569cf6ca6a6fc70bf1284ba StaticDependenciesID=fd7ef6f900dcc98cd00dafa7c517e51f 
Importing 'GUID: 52ee3ba2abc3da14a95cdf64d32ae0ae - Path: Packages/com.unity.timeline/Editor/StyleSheets/Images/Icons/d_TrackLockButtonDisabled.png' with importer (TextureImporter)
Imported 'GUID: 52ee3ba2abc3da14a95cdf64d32ae0ae' -> (Import Result ID: '993e6ba335ec7bcb289a65948cc2142f') in 0.014 seconds [static and dynamic dependencies]. Details - ImportResultOutputID=8613a4608581821a533e59f10b5dc019 DependenciesID=527beebb7e1e4256bc685f39a9a8a403 StaticDependenciesID=f3067500c2f5c0a82354a75078b40a74 
Importing 'GUID: 6256b50002db9694195c7f8a3fb8d436 - Path: Assets/Texture2D/Ferb.png' with importer (TextureImporter)
Imported 'GUID: 6256b50002db9694195c7f8a3fb8d436' -> (Import Result ID: 'ce5c459d1711330b63f5294571bfc23c') in 0.036 seconds [static and dynamic dependencies]. Details - ImportResultOutputID=d983b1c5f640cbe3f70f2d4f6428a4cd DependenciesID=a9fd8ebd04812983dc9e456ec1103771 StaticDependenciesID=cfae01ab58372edef808d1f46800b4c2 
Importing 'GUID: 626b9cddb29049e4cac50cd87b419945 - Path: Packages/com.unity.collab-proxy/Editor/Assets/Images/d_icondeletedremote@2x.png' with importer (TextureImporter)
Imported 'GUID: 626b9cddb29049e4cac50cd87b419945' -> (Import Result ID: '15df10658470985191abf4e63f1dd14a') in 0.016 seconds [static and dynamic dependencies]. Details - ImportResultOutputID=515f51bb2bdd37da2ffe372768274aeb DependenciesID=dd2b243f9f852abb3b4e55d52945b8cd StaticDependenciesID=f7e88dbee93efef002106a0ae0abfa4e 
Importing 'GUID: 620f97c371500b34b9c99c0b4343a1df - Path: Assets/Texture2D/Swatch Blue.png' with importer (TextureImporter)
Imported 'GUID: 620f97c371500b34b9c99c0b4343a1df' -> (Import Result ID: '01d385ea42f7c0141d7a2765c4832801') in 0.016 seconds [static and dynamic dependencies]. Details - ImportResultOutputID=d58492b375c1b80eb514b6ad89e5d39e DependenciesID=801ec33f995ef5f5a36aaa26125e3174 StaticDependenciesID=46c6ba46eac5e7c29dcc16886efc7d0b 
Importing 'GUID: 62df3a3c4f9ddcf40a1d31345e54f35f - Path: Assets/Texture2D/HokeyPokeDiner_Ship.png' with importer (TextureImporter)
Imported 'GUID: 62df3a3c4f9ddcf40a1d31345e54f35f' -> (Import Result ID: '177efe776c2a1ccc47b8cb47dc65331d') in 0.050 seconds [static and dynamic dependencies]. Details - ImportResultOutputID=cd32ceb85a58c9aa56750b977d6463ed DependenciesID=92ce11fae6aa88e30170a1565494b5d3 StaticDependenciesID=a3b8f0d077ee702fb766fe5ff923ce14 
Importing 'GUID: 72124a67bbace794fa38534a24d23cee - Path: Packages/com.unity.2d.tilemap/Editor/Icons/d_Grid.RotateACW@2x.png' with importer (TextureImporter)
Imported 'GUID: 72124a67bbace794fa38534a24d23cee' -> (Import Result ID: '6dca184b46c5a9572af1a7f1c1b84e0a') in 0.018 seconds [static and dynamic dependencies]. Details - ImportResultOutputID=cf0716da88e7eeab9a31df2631f871c1 DependenciesID=a4579730d4f6d6ccdfea4061f931332f StaticDependenciesID=4721666685e873ba2ab1b9a751ab12c4 
Importing 'GUID: 72a3c6132d5e2ae48a1df56cfebbc7c2 - Path: Packages/com.unity.2d.tilemap/Editor/Icons/Tilemap.EditPalette@4x.png' with importer (TextureImporter)
Imported 'GUID: 72a3c6132d5e2ae48a1df56cfebbc7c2' -> (Import Result ID: 'b06f064833b48f5c98b01bfe0502ab8c') in 0.019 seconds [static and dynamic dependencies]. Details - ImportResultOutputID=28f00032eac359c374c7e299b2bf6850 DependenciesID=81b9f1819314450d0ade711d653f9ce2 StaticDependenciesID=353bfb972542c155aa1f74f1a652f641 
Importing 'GUID: 72d7adc35356f6e449076a787912577d - Path: Assets/Texture2D/phineas underpass exit tunnel.png' with importer (TextureImporter)
Imported 'GUID: 72d7adc35356f6e449076a787912577d' -> (Import Result ID: '9b5f87dab149208ad33116f0fb7f38c9') in 0.028 seconds [static and dynamic dependencies]. Details - ImportResultOutputID=0494aef86dc4e8ee9d17d42c59cdd27a DependenciesID=f6931e19750abaeff3f6dd2f786fffe4 StaticDependenciesID=21dd3537d7670c0c2c2fe592ec4fed45 
Importing 'GUID: 7269757657df30742975f29e21484551 - Path: Assets/Resources/multilayertextures/kart4paint/kart4_body_detail.png' with importer (TextureImporter)
Imported 'GUID: 7269757657df30742975f29e21484551' -> (Import Result ID: '0d4c4b51429edeec56e1c5bc54c9d94f') in 0.017 seconds [static and dynamic dependencies]. Details - ImportResultOutputID=bcae198f36ac316b162750a2c1305e9f DependenciesID=5c3146fae9fb639119406df8be5c86da StaticDependenciesID=0d887e5fcb6394c5d282e634c44f30dd 
Importing 'GUID: 829511f8e35bf3a40be037a1050f801c - Path: Packages/com.unity.timeline/Editor/StyleSheets/Images/Shared/TimelineOutline.png' with importer (TextureImporter)
Imported 'GUID: 829511f8e35bf3a40be037a1050f801c' -> (Import Result ID: '28ba7ed9b0fd88ca16c656a7f702574a') in 0.019 seconds [static and dynamic dependencies]. Details - ImportResultOutputID=44d0588adff4c8730ab9fcec7866b6e5 DependenciesID=48fae8cd32735c3c847a538b5b1e2d38 StaticDependenciesID=03bc30694a837b80f4b379ec619930f9 
Importing 'GUID: 82f78c36add1c2c4795c911a7abfb93e - Path: Packages/com.unity.2d.tilemap/Editor/Icons/d_Tilemap.ActiveTargetLayers@4x.png' with importer (TextureImporter)
Imported 'GUID: 82f78c36add1c2c4795c911a7abfb93e' -> (Import Result ID: '61595f96d9134986798f0bb7c9203d31') in 0.017 seconds [static and dynamic dependencies]. Details - ImportResultOutputID=c84dbbc8915ddcdd7588388764fa9acd DependenciesID=a3794285170f8404cdb171118607eda0 StaticDependenciesID=74c20523923bb45a6bd4edf996b84cf0 
Importing 'GUID: 8219bbb48767b46e7b1588dad7f021aa - Path: Packages/com.unity.collab-proxy/Editor/Assets/Images/d_iconhistory.png' with importer (TextureImporter)
Imported 'GUID: 8219bbb48767b46e7b1588dad7f021aa' -> (Import Result ID: '8db3b094fc91b027de27e23a754da1ad') in 0.017 seconds [static and dynamic dependencies]. Details - ImportResultOutputID=68dc8e6df17ed6c9bf0549b5a353d985 DependenciesID=dbbbdb3ad4c1d990cc7944dace79a166 StaticDependenciesID=aa4127778106ae7a8a92a9c93a42ec32 
Importing 'GUID: 824c4beb0ca6c934bbc7a26919302236 - Path: Packages/com.unity.timeline/Editor/StyleSheets/Images/LightSkin/TimelineStartPlayback.png' with importer (TextureImporter)
Imported 'GUID: 824c4beb0ca6c934bbc7a26919302236' -> (Import Result ID: '06267f3945564cbc8833901c21aaba37') in 0.017 seconds [static and dynamic dependencies]. Details - ImportResultOutputID=cdecdd907559586d29b13a8fa3f119c9 DependenciesID=c80f9475cd05fdd560a4e139aeb86bc2 StaticDependenciesID=ffc3dbeb316743e6db6265d0d87a9808 
Importing 'GUID: 92d0683e90993224b8abdbddac23c0bb - Path: Assets/Resources/multilayertextures/kart0paint/kart0_thrusters_main.png' with importer (TextureImporter)
Imported 'GUID: 92d0683e90993224b8abdbddac23c0bb' -> (Import Result ID: '121e2e544451c7fc7fc6cce2627fef33') in 0.018 seconds [static and dynamic dependencies]. Details - ImportResultOutputID=18d4f69494485a158cbca6faf82930d6 DependenciesID=110c87e1ac9fe9a0ecc6a58e9b9e6c30 StaticDependenciesID=a9210168839403d7ca7891a7f52bba59 
Importing 'GUID: 92027f7f8cfc4feaa477da0dc38d3d46 - Path: Packages/com.unity.ugui/Editor Resources/Textures/btn_AlignJustified.psd' with importer (TextureImporter)
Imported 'GUID: 92027f7f8cfc4feaa477da0dc38d3d46' -> (Import Result ID: '305dbe8546a008f232ea8016418f97e3') in 0.017 seconds [static and dynamic dependencies]. Details - ImportResultOutputID=2aaefa0fad8317272cf568b66e09ab22 DependenciesID=8781012559b3c8bbcc767ff7d9393577 StaticDependenciesID=4523259c4dcfaf024a01ef7da1edf85e 
Importing 'GUID: 92b204cca46037444ab18ba6701f86f7 - Path: Packages/com.unity.collab-proxy/Editor/Assets/Images/d_icondeletedlocaloverlay@2x.png' with importer (TextureImporter)
Imported 'GUID: 92b204cca46037444ab18ba6701f86f7' -> (Import Result ID: '630d77b1d4b37331afd4062be26ece1a') in 0.017 seconds [static and dynamic dependencies]. Details - ImportResultOutputID=f0fc4188c0c31c576f8326894861427c DependenciesID=1a525586235e8508ce0f01d2449f10e1 StaticDependenciesID=2bebb2994b6c100200595f8b194b20e2 
Importing 'GUID: 9264df9de832d7f4bb90a1d0c31d8343 - Path: Packages/com.unity.collab-proxy/Editor/Assets/Images/d_iconshelve@2x.png' with importer (TextureImporter)
Imported 'GUID: 9264df9de832d7f4bb90a1d0c31d8343' -> (Import Result ID: '1988b0b29955585c8c9fc27cedd2236a') in 0.017 seconds [static and dynamic dependencies]. Details - ImportResultOutputID=2f64addea26b31f91102839c628fa5fa DependenciesID=74c53d72eb4938326e37554a8130be8a StaticDependenciesID=f2ce733b803090b29750f9f9b776b0fa 
Importing 'GUID: 92f4afa3e25264f5b964937ccea49ff2 - Path: Packages/com.unity.ai.navigation/Gizmos/NavMeshLink Icon.png' with importer (TextureImporter)
Imported 'GUID: 92f4afa3e25264f5b964937ccea49ff2' -> (Import Result ID: '32811c33bd616fdda94826154120adc9') in 0.017 seconds [static and dynamic dependencies]. Details - ImportResultOutputID=ea6f10d314dc2dc15425007eea35b0f5 DependenciesID=93dea2830bf844d8d9f78643aa564cc4 StaticDependenciesID=360029dd4843d3dd0046b80691eff84a 
Importing 'GUID: 92b5e4310629b264dad0fb2cc196d818 - Path: Packages/com.unity.timeline/Editor/StyleSheets/Images/DarkSkin/TimelineAutokey.png' with importer (TextureImporter)
Imported 'GUID: 92b5e4310629b264dad0fb2cc196d818' -> (Import Result ID: '986060dc1e3552406be83986f9d2ce59') in 0.015 seconds [static and dynamic dependencies]. Details - ImportResultOutputID=47fc2636a1232ce21d4aa3910c3e8be2 DependenciesID=c9c007a4fbf5084160d0d7edc909f6ca StaticDependenciesID=cd562cf587662ecca13f26563d777046 
Importing 'GUID: 92973fa653722344fbf8f3ddb2be2add - Path: Assets/Resources/multilayertextures/kart6paint/kart6_scoop_detail.png' with importer (TextureImporter)
Imported 'GUID: 92973fa653722344fbf8f3ddb2be2add' -> (Import Result ID: '56f67f962d2dd4732c3bdf447ae2d011') in 0.016 seconds [static and dynamic dependencies]. Details - ImportResultOutputID=40e655d9a70e6a29957dd4935cb4d488 DependenciesID=443e3501003c5da56f21309de785af33 StaticDependenciesID=0ef1017a9a1319aa901efa0cb4be72c7 
Importing 'GUID: 9288066c33474b94b6ee5465f4df1cc0 - Path: Packages/com.unity.ugui/Editor Resources/Textures/btn_AlignLeft.psd' with importer (TextureImporter)
Imported 'GUID: 9288066c33474b94b6ee5465f4df1cc0' -> (Import Result ID: 'd506a26b26997165d2f3cd79f2e4fef9') in 0.017 seconds [static and dynamic dependencies]. Details - ImportResultOutputID=bffa1a243bf51aaa922e9abfba106419 DependenciesID=eb775b3bf6b85ae00427bc8791c38e75 StaticDependenciesID=a6564db806505f1f451c5948ed5901d1 
Importing 'GUID: 92b8c447daf4d4b41a0ec148d1091261 - Path: Packages/com.unity.collab-proxy/Editor/Assets/Images/d_refresh.png' with importer (TextureImporter)
Imported 'GUID: 92b8c447daf4d4b41a0ec148d1091261' -> (Import Result ID: '6921290e66e8e08188938543a6513470') in 0.015 seconds [static and dynamic dependencies]. Details - ImportResultOutputID=a456648ca749c8b8aed5ecdc44c84ce6 DependenciesID=d94948fcacb34528ac0da078c4010801 StaticDependenciesID=b7388195a8b40327ece63721063efe3d 
Importing 'GUID: 92fd82d2f5b48a840a2a3c568178bbd0 - Path: Assets/Texture2D/Fence 1.png' with importer (TextureImporter)
Imported 'GUID: 92fd82d2f5b48a840a2a3c568178bbd0' -> (Import Result ID: '4855d48fdb5b8eb01f23ae88ed655b87') in 0.093 seconds [static and dynamic dependencies]. Details - ImportResultOutputID=6aff2bbc1203f7e1f9cdba6fb5f33276 DependenciesID=c539ac21c46cd8997b5fd565002dfad4 StaticDependenciesID=c16cad9bbe2117f6223092de04898bf6 
Importing 'GUID: 920ecfdb532776b4cb32b37e5bd9e6ff - Path: Packages/com.unity.2d.tilemap/Editor/Icons/Tilemap.TilePalette@4x.png' with importer (TextureImporter)
Imported 'GUID: 920ecfdb532776b4cb32b37e5bd9e6ff' -> (Import Result ID: '14b15695e35b111d9b4e10f8301c68f7') in 0.019 seconds [static and dynamic dependencies]. Details - ImportResultOutputID=49bc08f6060f6595aa82b89d659b2fc3 DependenciesID=e03758728e972c3d2953cc8a61e762e6 StaticDependenciesID=904e4159e8938fc65486fed8b2b6e188 
Importing 'GUID: 929e44994130ee644ac47965b289aec4 - Path: Packages/com.unity.2d.tilemap/Editor/Icons/Tilemap.FocusGrid@2x.png' with importer (TextureImporter)
Imported 'GUID: 929e44994130ee644ac47965b289aec4' -> (Import Result ID: '3ede883426e13453e238bf56a89e2830') in 0.016 seconds [static and dynamic dependencies]. Details - ImportResultOutputID=21eadb6be79f9991b1706e8b423195dd DependenciesID=087bb3ed18d5e13bbd95b2b0daae9e90 StaticDependenciesID=b81b8c3811fa9b54e52df1b147b75251 
Importing 'GUID: a206ff0ddc681e642a2e62fc57a7d51c - Path: Packages/com.unity.ai.navigation/EditorResources/Overlay/d_NavigationOverlay On@2x.png' with importer (TextureImporter)
Imported 'GUID: a206ff0ddc681e642a2e62fc57a7d51c' -> (Import Result ID: '02884dd6dc9a8e72f3c782d8d6d3c407') in 0.017 seconds [static and dynamic dependencies]. Details - ImportResultOutputID=b811ef73346b52b64effab5b288e19de DependenciesID=fb8e6d9c072ec41b0d4600c65e15cbd2 StaticDependenciesID=b56bfcad8aca19d20097dce3b1b03ced 
Importing 'GUID: a27731252e47623429306a9577e5ba67 - Path: Assets/Texture2D/garage wall1.png' with importer (TextureImporter)
Imported 'GUID: a27731252e47623429306a9577e5ba67' -> (Import Result ID: '25cf49b4110e8c02049b1a5c6395d7b1') in 0.051 seconds [static and dynamic dependencies]. Details - ImportResultOutputID=4aeeb7761f1623ec1c19fe33037ff73a DependenciesID=40c606ba31a56e1c458202235b7c432e StaticDependenciesID=c14ec52108df1cdb28fcb2403302822b 
Importing 'GUID: a2dbb6fae2b889a419fac41cc1e317a6 - Path: Assets/Texture2D/kick car pile.png' with importer (TextureImporter)
Imported 'GUID: a2dbb6fae2b889a419fac41cc1e317a6' -> (Import Result ID: 'b4ceeef0ae867af36b97be2cd8b65d4d') in 0.022 seconds [static and dynamic dependencies]. Details - ImportResultOutputID=d7956af09eef252114f1304aa23dff4a DependenciesID=094c15983f8a00e3387ec152cad5b1a1 StaticDependenciesID=a877d08a72c8f7c9f54e61487fcd5877 
Importing 'GUID: a23c0dd570fd44b57a03a8880002fcca - Path: Packages/com.unity.multiplayer.center/Editor/MultiplayerCenterWindow/UI/Icons/CloudCode@2x.png' with importer (TextureImporter)
Imported 'GUID: a23c0dd570fd44b57a03a8880002fcca' -> (Import Result ID: 'e1f9e7ec00ee3ef484ef8931eacb2836') in 0.022 seconds [static and dynamic dependencies]. Details - ImportResultOutputID=6074197ff1f397c67f551e1e7095dc2a DependenciesID=264b9cbdfbc9ff21c7c12de8a54aa723 StaticDependenciesID=53eefbeb88874fa656c30a6992976ad9 
Importing 'GUID: b25a3e06de6fe3b49853a3582571df08 - Path: Assets/Texture2D/Swatch Silver.png' with importer (TextureImporter)
Imported 'GUID: b25a3e06de6fe3b49853a3582571df08' -> (Import Result ID: '4e2a08db4608a12b3e8e5ee3e69e317b') in 0.014 seconds [static and dynamic dependencies]. Details - ImportResultOutputID=d179e3b1d0aebdbf226c6a3699b9ce20 DependenciesID=9d0f6f806a17cb27a6a979d8f9d6a44f StaticDependenciesID=699e676b5b6c62461cb73fb072d4078c 
Importing 'GUID: b2bd41a7c30fc4ad796e452d755dbfb5 - Path: Packages/com.unity.2d.sprite/Editor/Assets/d_SpriteFrameToggle@32.png' with importer (TextureImporter)
Imported 'GUID: b2bd41a7c30fc4ad796e452d755dbfb5' -> (Import Result ID: 'd3b782e7482341129ff51af60956a02e') in 0.019 seconds [static and dynamic dependencies]. Details - ImportResultOutputID=594fa029d423f2552412ed1e0cf4d229 DependenciesID=f42b84d4642e0544a1707e61a7d25eea StaticDependenciesID=4684038939fb05b67697e0ab92654618 
Importing 'GUID: b2ce704e56cc84fb3b347499263c6244 - Path: Packages/com.unity.multiplayer.center/Editor/MultiplayerCenterWindow/UI/Icons/ClientHosted.png' with importer (TextureImporter)
Imported 'GUID: b2ce704e56cc84fb3b347499263c6244' -> (Import Result ID: '972746fc33a47600dab9dec262995b87') in 0.018 seconds [static and dynamic dependencies]. Details - ImportResultOutputID=0fd9c698aab19c2b886f7a12855e51dc DependenciesID=773f53003d34d1f3bbd5d9529783af43 StaticDependenciesID=dbbc280e9cfc9540e17337985e9432fd 
Importing 'GUID: c2334fc5bb22ac648b3a5032929a4969 - Path: Assets/Texture2D/fish hooks boulder.png' with importer (TextureImporter)
Imported 'GUID: c2334fc5bb22ac648b3a5032929a4969' -> (Import Result ID: 'ae886baa7d720ff0f7d4630943a0c51b') in 0.027 seconds [static and dynamic dependencies]. Details - ImportResultOutputID=4a09e45be146892af75066ec605a887a DependenciesID=3a4ea5ad03bca8940497280b32356871 StaticDependenciesID=e0e0a749ac9d14230d27f783752f2a4f 
Importing 'GUID: c285802d9d414814fad592b90b223f15 - Path: Packages/com.unity.timeline/Editor/StyleSheets/Images/DarkSkin/TimelineEndPlayback.png' with importer (TextureImporter)
Imported 'GUID: c285802d9d414814fad592b90b223f15' -> (Import Result ID: '9d07a6adcb82f9710d6ad2a33772d9a2') in 0.015 seconds [static and dynamic dependencies]. Details - ImportResultOutputID=00d0771a72db81435dd9d6a84d314ff1 DependenciesID=2d58b8fb6589c3a5245c7c64cb38cbbe StaticDependenciesID=9433ff6604540816e34fba1aca14270e 
Importing 'GUID: c2072036d20f63f4897288ad1dc25ff2 - Path: Assets/Texture2D/fish hooks skybox2.png' with importer (TextureImporter)
Imported 'GUID: c2072036d20f63f4897288ad1dc25ff2' -> (Import Result ID: 'd268fbb1548b73a168ed53384c79b9cc') in 0.050 seconds [static and dynamic dependencies]. Details - ImportResultOutputID=00741a0a2b550364a148bbc5a14a7136 DependenciesID=00bf48a82b0e21328e203d028bf15bb7 StaticDependenciesID=43fc7cb7caf13ffb586bf44e64cb6fbe 
Importing 'GUID: c207dcd389fb689489f5266468cd4609 - Path: Packages/com.unity.timeline/Editor/StyleSheets/Images/Icons/d_TrackAvatarButtonEnabled.png' with importer (TextureImporter)
Imported 'GUID: c207dcd389fb689489f5266468cd4609' -> (Import Result ID: '53aceca5a5ada19a588b0bbe0228f1fa') in 0.015 seconds [static and dynamic dependencies]. Details - ImportResultOutputID=4c3287a19889ca035180842edbdb5676 DependenciesID=b568e1a9a3d457aceb4cc738e59246c1 StaticDependenciesID=8977b802ef02ffdaad0225f9a8d89f1d 
Importing 'GUID: c2f7f6a88b4c4f20a53deb72f3d9144c - Path: Packages/com.unity.ugui/Editor Resources/Textures/btn_AlignMidLine.psd' with importer (TextureImporter)
Imported 'GUID: c2f7f6a88b4c4f20a53deb72f3d9144c' -> (Import Result ID: 'f9f7af510d0a44c7f7ffb342ee6255ca') in 0.025 seconds [static and dynamic dependencies]. Details - ImportResultOutputID=143e9295ad6015bc3e79e9596aa09c39 DependenciesID=1eb7e246de50b3b105cb36828b6ce06a StaticDependenciesID=2e1da3edd8c0b8380ed5eb78f0078a96 
Importing 'GUID: c22aeaaf7bf522943b231b93ee515ca5 - Path: Assets/Texture2D/mine.png' with importer (TextureImporter)
Imported 'GUID: c22aeaaf7bf522943b231b93ee515ca5' -> (Import Result ID: '7993a72f42c3d0266f675f5a8dca3bc1') in 0.036 seconds [static and dynamic dependencies]. Details - ImportResultOutputID=9ad2a50102c5b277f8dab56bf56153aa DependenciesID=7d582f0ae326711419d954e177524b48 StaticDependenciesID=9717e614396d25bf17670166df8733dc 
Importing 'GUID: c2da406f2c7a500479df84ba878d6d89 - Path: Assets/Scenes/Tracks/Phineas Track 3/LightmapFar-8.png' with importer (TextureImporter)
Imported 'GUID: c2da406f2c7a500479df84ba878d6d89' -> (Import Result ID: '5ec30408cdc9fd3c3ea6bd34c9a1c415') in 0.134 seconds [static and dynamic dependencies]. Details - ImportResultOutputID=c193a13049a2c405d808f886cec1638b DependenciesID=2870c6135dde008ece7fddb5d346560a StaticDependenciesID=9b142b760b4a5360ee03bc4a0ecc3ee2 
Importing 'GUID: c2fa9e400f5f89945b93c8a047e5325a - Path: Assets/Scenes/Tracks/Fish Hooks Track 3/LightmapFar-3.png' with importer (TextureImporter)
Imported 'GUID: c2fa9e400f5f89945b93c8a047e5325a' -> (Import Result ID: '1b8105e2d4b47bb46bbdbd48dd72e580') in 0.129 seconds [static and dynamic dependencies]. Details - ImportResultOutputID=20bc461a22ee6628690cf136ec4ae39d DependenciesID=70c5d23366d7856248d91e25bc10ea3c StaticDependenciesID=667fa5ba25b8dd1adcd4ae453f3ade82 
Importing 'GUID: d2ea3f2e14f1f124089c65d7a600dec5 - Path: Assets/Resources/multilayertextures/kart4paint/kart4_Mike_body_decal.png' with importer (TextureImporter)
Imported 'GUID: d2ea3f2e14f1f124089c65d7a600dec5' -> (Import Result ID: '66473894bf00694fbe86c8c38cbfce15') in 0.017 seconds [static and dynamic dependencies]. Details - ImportResultOutputID=0a059a65a46c4b57e109c7a7341f6906 DependenciesID=aa8f61d70725a9a1bc378ac925f171bc StaticDependenciesID=25f528164d6ad0c591ae223989856e05 
Importing 'GUID: d24e7e0b75e1a244bb9687d6fd4315ef - Path: Packages/com.unity.collab-proxy/Editor/Assets/Images/buttonssosigninemail.png' with importer (TextureImporter)
Imported 'GUID: d24e7e0b75e1a244bb9687d6fd4315ef' -> (Import Result ID: '65af83158bccba9cc50b65e6311ead5f') in 0.016 seconds [static and dynamic dependencies]. Details - ImportResultOutputID=49ad87b3b98582b88d7b575e2abc4402 DependenciesID=cc1a0fa8ab9de991ddcc84abbebdc959 StaticDependenciesID=15b764ecd0ff06e7cbdbcf784e24fe94 
Importing 'GUID: e2c5ee46f6b0148afbe40d935c70faee - Path: Packages/com.unity.collab-proxy/Editor/Assets/Images/d_ArrowCaretLeft.png' with importer (TextureImporter)
Imported 'GUID: e2c5ee46f6b0148afbe40d935c70faee' -> (Import Result ID: 'cae3e4505e31f949d17ebb2c3c0934d5') in 0.020 seconds [static and dynamic dependencies]. Details - ImportResultOutputID=a5d360c1bb5d1bcfe1af1827cafabe70 DependenciesID=95d27788ea3f8c9bf40ff9be3a21136d StaticDependenciesID=6c1662d974c5f7efd9074b124f500e40 
Importing 'GUID: e2baed7cb8ea17b4da193047cb5cdd66 - Path: Assets/Texture2D/HUDCoinCost.png' with importer (TextureImporter)
Imported 'GUID: e2baed7cb8ea17b4da193047cb5cdd66' -> (Import Result ID: '23e97e9148966a3d0793aea51b506818') in 0.039 seconds [static and dynamic dependencies]. Details - ImportResultOutputID=d5dd88d947b60009007d0f83b5a7eba0 DependenciesID=2bf7f1966cc13d01a523e9c698bf1770 StaticDependenciesID=09fb64ae63052322cf40ae702bf4d384 
Importing 'GUID: e27bb56b83f03421880673ee2b951102 - Path: Packages/com.unity.collab-proxy/Editor/Assets/Images/d_iconmovedoverlay@2x.png' with importer (TextureImporter)
Imported 'GUID: e27bb56b83f03421880673ee2b951102' -> (Import Result ID: '605ffe2073dd353ade9986200c991f9d') in 0.017 seconds [static and dynamic dependencies]. Details - ImportResultOutputID=145d80c43addb8d426d428d4c4da22f6 DependenciesID=43cb2ffc65a22599177d07922c48eb90 StaticDependenciesID=caca80a687edc31b68e3bf02a4f7cd8a 
Importing 'GUID: e2bc42599b58d6e4b9b0db0d4559cc4c - Path: Assets/Resources/localized/FishHooksBillboardAd_norwegian.png' with importer (TextureImporter)
Imported 'GUID: e2bc42599b58d6e4b9b0db0d4559cc4c' -> (Import Result ID: 'bb46d7f069622be26e00dba8cd846785') in 0.258 seconds [static and dynamic dependencies]. Details - ImportResultOutputID=4f4b035744fad7eac3567d6602cb8b05 DependenciesID=66e821d242a1e80c8f299a39c9eac570 StaticDependenciesID=a4350151dde826a546dcf62c64a70212 
Importing 'GUID: e25f34c849d45714e86b14d3afbb763e - Path: Packages/com.unity.2d.tilemap/Editor/Icons/Grid.RotateCW.png' with importer (TextureImporter)
Imported 'GUID: e25f34c849d45714e86b14d3afbb763e' -> (Import Result ID: 'def23a86a77e9e9154efe1fede1a640f') in 0.016 seconds [static and dynamic dependencies]. Details - ImportResultOutputID=8e6cc35826d35e206a2cc04689fa869b DependenciesID=c973eefe8e65910cd7919f65e8f49a01 StaticDependenciesID=69a18b08d16a38e64960b184bbbff9c1 
Importing 'GUID: f259fc56b0700e14a82df478889e8d78 - Path: Assets/Resources/localized/SS_Logo_english.png' with importer (TextureImporter)
Imported 'GUID: f259fc56b0700e14a82df478889e8d78' -> (Import Result ID: '6a8649ea4b99a5e9f69a21b4842fd094') in 0.253 seconds [static and dynamic dependencies]. Details - ImportResultOutputID=a81e1f96330be31eb3f4decd1c12032e DependenciesID=e4b107ea9072cc237d7ee0bd80c22175 StaticDependenciesID=62224d468d6f2b681f59c20da02428eb 
Importing 'GUID: 0304baf8d224f3e47b22d872c8dcd412 - Path: Packages/com.unity.timeline/Editor/StyleSheets/Images/LightSkin/TimelineDisabledBackground.png' with importer (TextureImporter)
Imported 'GUID: 0304baf8d224f3e47b22d872c8dcd412' -> (Import Result ID: '6ae727a0c5c74b5d62a5b10daf547f1e') in 0.023 seconds [static and dynamic dependencies]. Details - ImportResultOutputID=118f12f74b341f4b514e78360118de03 DependenciesID=9c1c8f09f982e601b799a414dfc9002b StaticDependenciesID=4788b7f2e52277b717c66781fc306026 
Importing 'GUID: 0354877031b64465ea7e5cafea1a2653 - Path: Packages/com.unity.multiplayer.center/Editor/MultiplayerCenterWindow/UI/Icons/DistributedAuthority@2x.png' with importer (TextureImporter)
Imported 'GUID: 0354877031b64465ea7e5cafea1a2653' -> (Import Result ID: '4666193ec851712cb2e119380b3285bf') in 0.020 seconds [static and dynamic dependencies]. Details - ImportResultOutputID=df43a228d11756def79d8f17802641f5 DependenciesID=e7b4527d8722b0f2d5a94527af0b949b StaticDependenciesID=c59afa8e6d1c388ec3739dc5d4f0ae91 
Importing 'GUID: 0367ce1ebbbb18940b79eed63a0315d5 - Path: Packages/com.unity.timeline/Editor/StyleSheets/Images/Icons/TimelineCollapseMarkerButtonEnabled.png' with importer (TextureImporter)
Imported 'GUID: 0367ce1ebbbb18940b79eed63a0315d5' -> (Import Result ID: 'a3b5a23264f0514a5ab11cafc34821f3') in 0.018 seconds [static and dynamic dependencies]. Details - ImportResultOutputID=c3fa145e7891043a4de06587c816a5fa DependenciesID=7b1850763ccee584c453411ce56cb6c5 StaticDependenciesID=05f50447534d8e27472051a0a7bca964 
Importing 'GUID: 03d93c388f90a6248983677a29c72b38 - Path: Packages/com.unity.2d.tilemap/Editor/Icons/d_Tilemap.BrushSettings@2x.png' with importer (TextureImporter)
Imported 'GUID: 03d93c388f90a6248983677a29c72b38' -> (Import Result ID: '2b455e11618d03122929b525163e79ea') in 0.018 seconds [static and dynamic dependencies]. Details - ImportResultOutputID=0cd31ac3551282447c45c854241cbbf2 DependenciesID=32eaf8b59a637ce41a5b10124bafa673 StaticDependenciesID=5f40c825455c73bff70da098ef776494 
Importing 'GUID: 03ba59a31f4f08c44b31be18b5221cfa - Path: Assets/Scenes/Tracks/Fish Hooks Track 1/LightmapFar-0.png' with importer (TextureImporter)
Imported 'GUID: 03ba59a31f4f08c44b31be18b5221cfa' -> (Import Result ID: 'e73da5c94976e2c0ec53f2741212de6f') in 0.116 seconds [static and dynamic dependencies]. Details - ImportResultOutputID=2e5c7ced7e9f717df071bede8a1f30ff DependenciesID=2a501bf0cafa54b65f03ff0120f6cbee StaticDependenciesID=f884a853b543b0244bd83c31001fc406 
Importing 'GUID: 034d3052cb4a54f028bf55f9f9115d3c - Path: Packages/com.unity.collab-proxy/Editor/Assets/Images/iconpendingchangesview.png' with importer (TextureImporter)
Imported 'GUID: 034d3052cb4a54f028bf55f9f9115d3c' -> (Import Result ID: 'eb7672825e40f5202e5bb9bdd0753650') in 0.016 seconds [static and dynamic dependencies]. Details - ImportResultOutputID=ca8373ef3174cb07c1588477710f66df DependenciesID=9cafa17f144e59e71f122ebf5307408b StaticDependenciesID=a0f325c81a9f8efb07928a9feb683ea9 
Importing 'GUID: 03ae22b9de3989144a9bebf8972b4fad - Path: Packages/com.unity.timeline/Editor/StyleSheets/Images/Shared/TimelineDisplay.png' with importer (TextureImporter)
Imported 'GUID: 03ae22b9de3989144a9bebf8972b4fad' -> (Import Result ID: '653c2f05d274a5c282077075e5dd3451') in 0.013 seconds [static and dynamic dependencies]. Details - ImportResultOutputID=db5ba76bf2515bbc69266075417ddba9 DependenciesID=1324cc8187c09abf74e757165725901d StaticDependenciesID=f32a425aee2c236870cdaec2351dd02e 
Importing 'GUID: 03cefa94d5aa9d74993fb2138af9d607 - Path: Packages/com.unity.collab-proxy/Editor/Assets/Images/secondarytabclose.png' with importer (TextureImporter)
Imported 'GUID: 03cefa94d5aa9d74993fb2138af9d607' -> (Import Result ID: 'dc60a1d290e8eb93d094af30542a43b6') in 0.018 seconds [static and dynamic dependencies]. Details - ImportResultOutputID=ef77420f947e29db3edc388394fa737e DependenciesID=cd55d57977e1b37984f06e2720af3fbc StaticDependenciesID=cb5574b65b7c47fdf13724f77886a003 
Importing 'GUID: 138065961b669fa479c610fc0168cb6d - Path: Assets/Texture2D/SpinnerGeneric.png' with importer (TextureImporter)
Imported 'GUID: 138065961b669fa479c610fc0168cb6d' -> (Import Result ID: '4f3f3196845522d01c00f47c6ef6e39b') in 0.023 seconds [static and dynamic dependencies]. Details - ImportResultOutputID=48ab8d1a41fb3a983db35179788d27a9 DependenciesID=d89131ee01354ead76bc38b9c674634a StaticDependenciesID=371a814dc01511bdaf9993c78d3bcfbc 
Importing 'GUID: 13a049015d9038343964ac2ea5d09824 - Path: Assets/Texture2D/fancy building E uvs.png' with importer (TextureImporter)
Imported 'GUID: 13a049015d9038343964ac2ea5d09824' -> (Import Result ID: 'eb2bad958b3b0227c1f32ba2d1a677ea') in 0.052 seconds [static and dynamic dependencies]. Details - ImportResultOutputID=fc5fb70cc1f37bcda9d62cf700058bf7 DependenciesID=93fe8e7118469922272fcff4a10cad6f StaticDependenciesID=892fa00837f741175ffadd014cab5923 
Importing 'GUID: 13527793884104b46b7446fd7464c3ed - Path: Packages/com.unity.collab-proxy/Editor/Assets/Images/iconclosebutton.png' with importer (TextureImporter)
Imported 'GUID: 13527793884104b46b7446fd7464c3ed' -> (Import Result ID: '17cba9acd799984467bc474083c8b11f') in 0.018 seconds [static and dynamic dependencies]. Details - ImportResultOutputID=3dceab4f6e8362e42b2a6a1080437770 DependenciesID=15ba27b0973a49afa993dea6830f834c StaticDependenciesID=ade294c45589b17ddad06100b3ecb493 
Importing 'GUID: 1353be0141bb46144b871eb09670de2f - Path: Assets/Resources/localized/KickBillboardAd2_english.png' with importer (TextureImporter)
Imported 'GUID: 1353be0141bb46144b871eb09670de2f' -> (Import Result ID: 'cd766f44851e9f88e6ff7cd7dcb801d6') in 0.050 seconds [static and dynamic dependencies]. Details - ImportResultOutputID=5e6ff544102a7c155c96f959307e4631 DependenciesID=4e1ec35d3e71aefd4e281129cabcb23e StaticDependenciesID=7419114d71d3f37bc9a4fe52e12b0fc6 
Importing 'GUID: 13543287fe6e2494bbe15f3644b89d03 - Path: Assets/Texture2D/SS Logo.png' with importer (TextureImporter)
Imported 'GUID: 13543287fe6e2494bbe15f3644b89d03' -> (Import Result ID: '72bc1f6db04eb13ba6884f17e67cf8e4') in 0.190 seconds [static and dynamic dependencies]. Details - ImportResultOutputID=68181179159abbece453cc39e0f4110f DependenciesID=67524f197e856efe5686329ceebfed35 StaticDependenciesID=c3c47fca83248c3dbe6a17c1bdb174de 
Importing 'GUID: 1376ecb1e3b98df4f812fcb255f822b0 - Path: Assets/Texture2D/fish hook school exterior wall bare.png' with importer (TextureImporter)
Imported 'GUID: 1376ecb1e3b98df4f812fcb255f822b0' -> (Import Result ID: '8fefe2a493a80f8a1c7732aca2fc8033') in 0.027 seconds [static and dynamic dependencies]. Details - ImportResultOutputID=788f1b7fbfde1ec5440fab1248bae505 DependenciesID=806324005834a7f1389b0b2d72c9ed96 StaticDependenciesID=492fa80f5473478473df9a0193cae856 
Importing 'GUID: 1318ab8bf649dcf43b922511fa5e155b - Path: Packages/com.unity.collab-proxy/Editor/Assets/Images/iconconflictresolvedoverlay.png' with importer (TextureImporter)
Imported 'GUID: 1318ab8bf649dcf43b922511fa5e155b' -> (Import Result ID: '348cd86db69ffe2ffded662e6a356f6b') in 0.017 seconds [static and dynamic dependencies]. Details - ImportResultOutputID=349c4c44324a609de87d747543103648 DependenciesID=184d2bc59ff32e0665344cfcf079c6d4 StaticDependenciesID=dd0e5658643e5835883098f656464e8e 
Importing 'GUID: 13c8bd32c985e204eafd19f6360119db - Path: Packages/com.unity.2d.tilemap/Editor/Icons/Tilemap.EditPalette@2x.png' with importer (TextureImporter)
Imported 'GUID: 13c8bd32c985e204eafd19f6360119db' -> (Import Result ID: '82c8c9eb9af44685aebfd68413dfe6fd') in 0.016 seconds [static and dynamic dependencies]. Details - ImportResultOutputID=328a4bafe1155c835e200834c9aa088f DependenciesID=61fb9d85bb6e75f7d878b7d1056adaae StaticDependenciesID=297dc82a19f50ec3b280c5c4203d8b8b 
Importing 'GUID: 13f91ac7ee403ce4e861b534ff5a8a5e - Path: Assets/Texture2D/InventorsEmporium.png' with importer (TextureImporter)
Imported 'GUID: 13f91ac7ee403ce4e861b534ff5a8a5e' -> (Import Result ID: 'ffba4903aab18da784c531a7c2d3f4d9') in 0.049 seconds [static and dynamic dependencies]. Details - ImportResultOutputID=6ca1e1807ae77ee6eb75b47decb641aa DependenciesID=f8c92610f797ef055dd670ccde9522a2 StaticDependenciesID=8d0e8b3bbc1ce03236309bf9af86d89d 
Importing 'GUID: 133c0b4caa0c9f44fbb6e5a8038006c7 - Path: Assets/Resources/multilayertextures/kart1paint/kart1_Kick_body_decal.png' with importer (TextureImporter)
Imported 'GUID: 133c0b4caa0c9f44fbb6e5a8038006c7' -> (Import Result ID: '49641e4eb75fc2880a2d3eabc2baefe9') in 0.018 seconds [static and dynamic dependencies]. Details - ImportResultOutputID=393f362c129f3e8012b108121a67919b DependenciesID=5542c34b6c6be986318204a7f66eb0a6 StaticDependenciesID=f6f2b08b7829755d4d9ea5586c6da151 
Importing 'GUID: 23515ce8dcfeba34793f54fe6803f116 - Path: Assets/Scenes/Test Scenes/Pranksgiving Test/LightmapFar-5.png' with importer (TextureImporter)
Imported 'GUID: 23515ce8dcfeba34793f54fe6803f116' -> (Import Result ID: 'df249150993862da9e504e7bd6343455') in 0.139 seconds [static and dynamic dependencies]. Details - ImportResultOutputID=4d8ce07a6adb65b3e810841da89d2da6 DependenciesID=af2eeb7997076af449a93844d8588f49 StaticDependenciesID=beec5867cf1601e4c4b1541a666586a0 
Importing 'GUID: 23743f0c0ed1e6546808a5d645c2a6a5 - Path: Packages/com.unity.collab-proxy/Editor/Assets/Images/d_iconplasticnotifyconflict@2x.png' with importer (TextureImporter)
Imported 'GUID: 23743f0c0ed1e6546808a5d645c2a6a5' -> (Import Result ID: '36446bf8e9dea2944fec1271b000b5b5') in 0.017 seconds [static and dynamic dependencies]. Details - ImportResultOutputID=c8c677e868d96cd1e22ab8c5aae6760f DependenciesID=3ad2b0a72ba13bc43ba6e3324e01c939 StaticDependenciesID=030c394342d9a7db065d0f76a044b15c 
Importing 'GUID: 23e66f7264c74424889342127f229577 - Path: Packages/com.unity.collab-proxy/Editor/Assets/Images/d_icondeletedremote.png' with importer (TextureImporter)
Imported 'GUID: 23e66f7264c74424889342127f229577' -> (Import Result ID: '746bc8970d7075ca695741cdb30f1bff') in 0.015 seconds [static and dynamic dependencies]. Details - ImportResultOutputID=4077c611810d2af80ed1413d34615c9c DependenciesID=8d40ac8e772fb02f8ad93a4c5b577495 StaticDependenciesID=7f7bd110f9755d8dec801f6e714ef9b4 
Importing 'GUID: 238833eb2176e7d429d5020dc9232155 - Path: Packages/com.unity.2d.tilemap/Editor/Icons/d_Grid.FlipX.png' with importer (TextureImporter)
Imported 'GUID: 238833eb2176e7d429d5020dc9232155' -> (Import Result ID: '3eca3828ff94cdbc838bb845bade21a0') in 0.015 seconds [static and dynamic dependencies]. Details - ImportResultOutputID=e7e2f9769f8dd2d9e4ed2b026d960f2d DependenciesID=ff2ca9502bc049da7b7e8adac1ad7597 StaticDependenciesID=dc95602d3c750d610596e54274826f7e 
Importing 'GUID: 23ad21899e9ce41468c979f36bc467f2 - Path: Assets/Scenes/Tracks/Fish Hooks Track 2/LightmapFar-0.png' with importer (TextureImporter)
Imported 'GUID: 23ad21899e9ce41468c979f36bc467f2' -> (Import Result ID: 'a7cdbb624954620668af1fc813af5960') in 0.126 seconds [static and dynamic dependencies]. Details - ImportResultOutputID=c97db95b3fa83e21745ba7651c7cf473 DependenciesID=b2b7f718d8fe83ca84ad7666e3504ac2 StaticDependenciesID=2a805601b62f61cc68e945124f8e060b 
Importing 'GUID: 230e8bce5c54f2a44bfbf33c8dd6ef1b - Path: Assets/Texture2D/Fishtankia Tree 02.png' with importer (TextureImporter)
Imported 'GUID: 230e8bce5c54f2a44bfbf33c8dd6ef1b' -> (Import Result ID: '1cfeafeb6cacbb6ca58e862a168db001') in 0.050 seconds [static and dynamic dependencies]. Details - ImportResultOutputID=03cdb2b555113f51c3adaa95150b78f3 DependenciesID=f7df214a926db996cad08c4685ce51f5 StaticDependenciesID=d2483ee4326e4bc2ae28a20219d2f05b 
Importing 'GUID: 232fe04bebe5e904bb0568e685bd32a6 - Path: Packages/com.unity.collab-proxy/Editor/Assets/Images/iconpendingchanges@2x.png' with importer (TextureImporter)
Imported 'GUID: 232fe04bebe5e904bb0568e685bd32a6' -> (Import Result ID: '62d66a6af34363ab1388127f3ee2e2c9') in 0.017 seconds [static and dynamic dependencies]. Details - ImportResultOutputID=1caa8f6269574a94692652ceafe3506b DependenciesID=c51e95a0b14dbd734c8326a035e86916 StaticDependenciesID=6abc8ed7adbf51a7867f4ff104c0d88a 
Importing 'GUID: 33b1871a2d09cfa459a93f4e8feb5c41 - Path: Packages/com.unity.timeline/Editor/StyleSheets/Images/Icons/TimelineClipFG.png' with importer (TextureImporter)
Imported 'GUID: 33b1871a2d09cfa459a93f4e8feb5c41' -> (Import Result ID: '768dff7a834fe63e1ae6fc29e24f7405') in 0.017 seconds [static and dynamic dependencies]. Details - ImportResultOutputID=c7d22598284daaafda8844941944fcbb DependenciesID=be43af98b80cc79d9166e48a038126fe StaticDependenciesID=763c25e1cd1aae4a0005b85a38fb5bf3 
Importing 'GUID: 33d3dd2c39dfd49a3b2d36b20225624a - Path: Packages/com.unity.purchasing/Icons/LinkBlack.png' with importer (TextureImporter)
Imported 'GUID: 33d3dd2c39dfd49a3b2d36b20225624a' -> (Import Result ID: 'e3fd9fb9cc3e6eb7781f0f39378f1898') in 0.015 seconds [static and dynamic dependencies]. Details - ImportResultOutputID=2f7d724360d1d6253feb44442dad2a18 DependenciesID=438ea397f09c00a204735b435afce7f0 StaticDependenciesID=78c13e736663c3869be6772281093f44 
Importing 'GUID: 334589c596cc053418f700189f91111c - Path: Packages/com.unity.ai.navigation/EditorResources/Overlay/NavigationOverlay On@2x.png' with importer (TextureImporter)
Imported 'GUID: 334589c596cc053418f700189f91111c' -> (Import Result ID: '4122f0d58ef0ef6b09f1304f5f1bb831') in 0.012 seconds [static and dynamic dependencies]. Details - ImportResultOutputID=6289d1058f679abaaf1cf58834df7e45 DependenciesID=428081ad9ef176c15138f2d2ea9527b5 StaticDependenciesID=3c92d00a6d181cc996ee71355284cf4b 
Importing 'GUID: 33a52b41b4de5874ca7da1da32067e39 - Path: Packages/com.unity.timeline/Editor/StyleSheets/Images/Icons/TrackMarkerButtonDisabled.png' with importer (TextureImporter)
Imported 'GUID: 33a52b41b4de5874ca7da1da32067e39' -> (Import Result ID: 'bce6bfecafcc7efc304b6773a4bdfafd') in 0.009 seconds [static and dynamic dependencies]. Details - ImportResultOutputID=77126fd1626f90241f707e763569a38e DependenciesID=2c8b2fbaeee2e3c0bbbe57bc804c9135 StaticDependenciesID=cd52035619046c082e9991956ea4b316 
Importing 'GUID: 330a1470812b14641aceef80d56ecc4e - Path: Assets/Resources/multilayertextures/kart1paint/kart1_thrusters_main.png' with importer (TextureImporter)
Imported 'GUID: 330a1470812b14641aceef80d56ecc4e' -> (Import Result ID: '003e276992dceebf693184a9496eba28') in 0.014 seconds [static and dynamic dependencies]. Details - ImportResultOutputID=dcf56722579539e62b571951fe20ab6c DependenciesID=1f21b81b9a655434f7ea651c082849bf StaticDependenciesID=baf82cb72461bb5ef258ad9df45d79cd 
Importing 'GUID: 43411f399f49b42eb9a7157481e8747c - Path: Packages/com.unity.collab-proxy/Editor/Assets/Images/inclusionrule@2x.png' with importer (TextureImporter)
Imported 'GUID: 43411f399f49b42eb9a7157481e8747c' -> (Import Result ID: '2811a66ae766bebabeeb7656148b37b1') in 0.015 seconds [static and dynamic dependencies]. Details - ImportResultOutputID=c1f792f6ea2c0be2f9d8fcadd4b6e737 DependenciesID=e224fcd3961322409a324ca8b49d2a13 StaticDependenciesID=9da1cfd3bd46abd3dc86fc9c1d95c982 
Importing 'GUID: 43735cb4df8a4aa49b379e83bd9d77b8 - Path: Packages/com.unity.collab-proxy/Editor/Assets/Images/d_iconzoomout.png' with importer (TextureImporter)
Imported 'GUID: 43735cb4df8a4aa49b379e83bd9d77b8' -> (Import Result ID: '133d8a5f675fb6c387beb55d71e1ccf4') in 0.014 seconds [static and dynamic dependencies]. Details - ImportResultOutputID=1ded6e97b44001577ff7a5dec6b3ab07 DependenciesID=c3e8df6367fdd6f92bf359222ad7d0a5 StaticDependenciesID=c0d031b3f7215f523ce2330ffe8295a4 
Importing 'GUID: 435981e57bc82014cbf9754d20e95dcf - Path: Assets/Texture2D/fish hook interior ground.png' with importer (TextureImporter)
Imported 'GUID: 435981e57bc82014cbf9754d20e95dcf' -> (Import Result ID: '6047be9eb02b5638596f51639aedb7af') in 0.026 seconds [static and dynamic dependencies]. Details - ImportResultOutputID=c4091da5d1890b5cdc358e0e40e0b423 DependenciesID=241b856cdb416dd23094d2711e21c105 StaticDependenciesID=adf6209411fffdc0af210f67f6242791 
Importing 'GUID: 43ed4593c5ddda0439fcc1bdaf8309fe - Path: Packages/com.unity.timeline/Editor/StyleSheets/Images/Icons/d_TrackCurvesButtonEnabled@2x.png' with importer (TextureImporter)
Imported 'GUID: 43ed4593c5ddda0439fcc1bdaf8309fe' -> (Import Result ID: '60b702e60aef6d37ad34b7df14dc9f30') in 0.012 seconds [static and dynamic dependencies]. Details - ImportResultOutputID=a93451180c32cdcbf4a2b24d3c7bedc7 DependenciesID=d8484845b0c759a51cb6b6bb0764bf5b StaticDependenciesID=d303b19f3fe188ab7ceab7b01e97bf5f 
Importing 'GUID: 436e77c8ff23a7946b0127bceb3b0b47 - Path: Assets/Texture2D/bridge.png' with importer (TextureImporter)
Imported 'GUID: 436e77c8ff23a7946b0127bceb3b0b47' -> (Import Result ID: '69ff0d5da6c5fe7396cab1d07735ae29') in 0.135 seconds [static and dynamic dependencies]. Details - ImportResultOutputID=f6b6584eb8dfb3c3c2aee1d6d585cc51 DependenciesID=05cdf8507b48229a64544ecdb738638d StaticDependenciesID=02bcfaf40f8d573577ec8366aafcd3ef 
Importing 'GUID: 43eeff8a446b32242a4fb1a5c1bd7b8e - Path: Packages/com.unity.timeline/Editor/StyleSheets/Images/DarkSkin/TimelinePlayRange.png' with importer (TextureImporter)
Imported 'GUID: 43eeff8a446b32242a4fb1a5c1bd7b8e' -> (Import Result ID: 'fee5735761f3af562f8f74940d5d480c') in 0.015 seconds [static and dynamic dependencies]. Details - ImportResultOutputID=c23e7ec5ab1c1effbf30e1381dc438f3 DependenciesID=dab6f3d43905daa6938621c3a4da69d5 StaticDependenciesID=0062a25a8da11ada03ba2bacfb50a1b5 
Importing 'GUID: 43fe0cd0da17e47fc9e56f08a2415f65 - Path: Packages/com.unity.collab-proxy/Editor/Assets/Images/d_iconincomingchangesview@2x.png' with importer (TextureImporter)
Imported 'GUID: 43fe0cd0da17e47fc9e56f08a2415f65' -> (Import Result ID: '6e291fed38b2e3ad29244be5a06111dd') in 0.016 seconds [static and dynamic dependencies]. Details - ImportResultOutputID=2606d356903151c6bb43aecfbbbaf8a0 DependenciesID=d2754d56437dfb54d2e7c5d657872ad8 StaticDependenciesID=b7c74dd9c98e1bcfc3946a9f78faf87e 
Importing 'GUID: 534112f711642464e8a5b9b5ea20e941 - Path: Packages/com.unity.2d.tilemap/Editor/Icons/Tilemap.FocusTilemap.png' with importer (TextureImporter)
Imported 'GUID: 534112f711642464e8a5b9b5ea20e941' -> (Import Result ID: '40af4d348bf9357594bfbef2463b811c') in 0.015 seconds [static and dynamic dependencies]. Details - ImportResultOutputID=68f2738d4b6aef98045b4844e00ed467 DependenciesID=e6060611a14f3b8c595432411ef71f7a StaticDependenciesID=0c927b2a58ab9636cb2435676fcb60bd 
Importing 'GUID: 53439e5dcebe4d74e8358cf7104c4666 - Path: Packages/com.unity.2d.tilemap/Editor/Icons/Tilemap.DefaultBrush.png' with importer (TextureImporter)
Imported 'GUID: 53439e5dcebe4d74e8358cf7104c4666' -> (Import Result ID: '339d47d38262d67ef3e0ed97a19ab55a') in 0.016 seconds [static and dynamic dependencies]. Details - ImportResultOutputID=61457272e1f893547a4116fc1dc6581d DependenciesID=fc5d7482f3afae7c844c76440caa42c8 StaticDependenciesID=2a36850a84ebafffad28c8d3f4938d3e 
Importing 'GUID: 5386e9f365cd73842aff56291441bed7 - Path: Assets/Resources/multilayertextures/kart1paint/kart1_Gunther_body_decal.png' with importer (TextureImporter)
Imported 'GUID: 5386e9f365cd73842aff56291441bed7' -> (Import Result ID: 'd243a61b1b3f691d93bc2b1c6450c0c4') in 0.017 seconds [static and dynamic dependencies]. Details - ImportResultOutputID=3644f99573208f296c97cf7e7b8e1cc7 DependenciesID=51149c8f299b84165e5c81f04d726c22 StaticDependenciesID=76d85c0861e2f2b632dbd2f8864a9d90 
Importing 'GUID: 53d7d471c568daa4fac929e2bf1e25bf - Path: Assets/Scenes/Tracks/Phineas Track 1/LightmapFar-2.png' with importer (TextureImporter)
Imported 'GUID: 53d7d471c568daa4fac929e2bf1e25bf' -> (Import Result ID: 'bb68edfc3e73e59ab1b065d463f9a928') in 0.123 seconds [static and dynamic dependencies]. Details - ImportResultOutputID=4ed48f1a235caab527d05b841e3a6a9e DependenciesID=ac2e94b26dd3270c169f94fb5447a745 StaticDependenciesID=718f2b99d25e1907d9013ab84fe90750 
Importing 'GUID: 53da314bfe3845741ad14976e09ee6cf - Path: Packages/com.unity.2d.tilemap/Editor/Icons/d_Grid.RotateACW.png' with importer (TextureImporter)
Imported 'GUID: 53da314bfe3845741ad14976e09ee6cf' -> (Import Result ID: 'e370d237384d8c8cbf922eb6b3732027') in 0.016 seconds [static and dynamic dependencies]. Details - ImportResultOutputID=6feeb5a833b480a204f95e125618de67 DependenciesID=1f3ca9f4fd519cae5c4ac132fe9e66b3 StaticDependenciesID=21e1c1b6899eea51bded9165a76be30e 
Importing 'GUID: 53ea6c36b9722914c8fc7eada4005567 - Path: Assets/Scenes/Tracks/Phineas Track 2/LightmapFar-4.png' with importer (TextureImporter)
Imported 'GUID: 53ea6c36b9722914c8fc7eada4005567' -> (Import Result ID: 'bcdebbad578db4ede8ba354774cc67a4') in 0.125 seconds [static and dynamic dependencies]. Details - ImportResultOutputID=bdee3609ec8ffee7edf585840037f518 DependenciesID=e10bab08cfd759da7daf634e013b838a StaticDependenciesID=f425102643680f3d0f450e891ce9060f 
Importing 'GUID: 538d677a6c3115149a431b0221de593c - Path: Assets/Texture2D/Perry.png' with importer (TextureImporter)
Imported 'GUID: 538d677a6c3115149a431b0221de593c' -> (Import Result ID: '919abf881ee63b108d0be22b3d05336e') in 0.029 seconds [static and dynamic dependencies]. Details - ImportResultOutputID=cf2a2643ab7d3f60692fdfbd2f872c22 DependenciesID=8d55c62d8b923295800e6c4719c95cdf StaticDependenciesID=0fb93db5c41030ab3c8c6a0fc3adb7cf 
Importing 'GUID: 53be24256dfe86f4da6e72e252d6eea8 - Path: Assets/Texture2D/Swatch Custom Beta.png' with importer (TextureImporter)
Imported 'GUID: 53be24256dfe86f4da6e72e252d6eea8' -> (Import Result ID: 'e7bd13e05d9b0299a5e52c6b90004d9e') in 0.016 seconds [static and dynamic dependencies]. Details - ImportResultOutputID=2189b88634605d36a12b5fcf9181dcd6 DependenciesID=45624fbeb3c0465e354722d2a6239313 StaticDependenciesID=abd65ecbeddf5de9de7b71c0a01bcbba 
Importing 'GUID: 531f7639ee9fdef4f88ac685b0f68d6d - Path: Assets/Texture2D/phineas and ferb skybox top.png' with importer (TextureImporter)
Imported 'GUID: 531f7639ee9fdef4f88ac685b0f68d6d' -> (Import Result ID: '058699e0b668225395ab18bd3c737e56') in 0.024 seconds [static and dynamic dependencies]. Details - ImportResultOutputID=5b3ef057362f6f0fb91c2c9aa6302e37 DependenciesID=b619a2328a5d8dcfeb5ce517e3f49ea7 StaticDependenciesID=162b1651ba9825e4630cc85d87149cc6 
Importing 'GUID: 53af60edddb86244ea1236f3f247344b - Path: Assets/Resources/localized/KickBillboardAd2_norwegian.png' with importer (TextureImporter)
Imported 'GUID: 53af60edddb86244ea1236f3f247344b' -> (Import Result ID: '0dbfda5d3f917c44730dc01cced0368b') in 0.130 seconds [static and dynamic dependencies]. Details - ImportResultOutputID=51f7bf880d6fe3c09029c40fb94ac5a2 DependenciesID=6b87648ed3fee0c85c502907cd471483 StaticDependenciesID=484e8673296bcd9e430dde97d447d1ea 
Importing 'GUID: 63a012608de367444a8cfb3b43e4da64 - Path: Packages/com.unity.2d.tilemap/Editor/Icons/d_GridSelection@2x.png' with importer (TextureImporter)
Imported 'GUID: 63a012608de367444a8cfb3b43e4da64' -> (Import Result ID: 'd045836f912d823b8796996f64e891be') in 0.015 seconds [static and dynamic dependencies]. Details - ImportResultOutputID=d60e97bc8399e03c88b1d4a768befacd DependenciesID=d4c04d2c9eb1ba194f8b40bbb3a39b39 StaticDependenciesID=08e981333be0ced57f652519331bcfdf 
Importing 'GUID: 63154732be07c2242a369890e0f80a72 - Path: Packages/com.unity.2d.tilemap/Editor/Icons/Tilemap.ShowGrid.png' with importer (TextureImporter)
Imported 'GUID: 63154732be07c2242a369890e0f80a72' -> (Import Result ID: 'e033b20417468be2afa7bc6e6c8516f4') in 0.015 seconds [static and dynamic dependencies]. Details - ImportResultOutputID=dbb76f7930627eb9ba823d31db36974c DependenciesID=a079831da106ac9b530c8a0d40d765f3 StaticDependenciesID=df1a9281dff93648f37e89771f9fbcf3 
Importing 'GUID: 63387a17b866347b390227e10a2b1f2e - Path: Packages/com.unity.collab-proxy/Editor/Assets/Images/inclusionrule.png' with importer (TextureImporter)
Imported 'GUID: 63387a17b866347b390227e10a2b1f2e' -> (Import Result ID: '0ffd2923de63fd3b89946fbcd8dc7f05') in 0.016 seconds [static and dynamic dependencies]. Details - ImportResultOutputID=e69c5aafe726de149cb43a27630287b1 DependenciesID=558f420adc2b328de969a95ddd2dc151 StaticDependenciesID=8f4546a37a7b871b4378d9333cfdb21d 
Importing 'GUID: 637997ff32a389f4ebcb6d7b5882654f - Path: Assets/Resources/multilayertextures/kart0paint/kart0_body_main.png' with importer (TextureImporter)
Imported 'GUID: 637997ff32a389f4ebcb6d7b5882654f' -> (Import Result ID: '0bc97012094392b1056f8990c831b8e2') in 0.018 seconds [static and dynamic dependencies]. Details - ImportResultOutputID=7934a02902ff9aab938a03fb7353a3d1 DependenciesID=49bfc38ff51a38337d06c5acb514226e StaticDependenciesID=3d76ecb4112b4a911e8cfa91102b2c70 
Importing 'GUID: 636d03a8834e3ed4cac3a1cb4b82deaf - Path: Packages/com.unity.collab-proxy/Editor/Assets/Images/iconoutofsync.png' with importer (TextureImporter)
Imported 'GUID: 636d03a8834e3ed4cac3a1cb4b82deaf' -> (Import Result ID: '1f71372fbf1ff4c2f545d7f89e1c1845') in 0.016 seconds [static and dynamic dependencies]. Details - ImportResultOutputID=97ab49eb19f62fbc3151f48a8288f090 DependenciesID=83861f6ed0e4a774df9e02103ba91bd5 StaticDependenciesID=f17cbff041ffda6d8003ef7483997bc8 
Importing 'GUID: 630f47dbaa1e11842ab39fa6b3691a18 - Path: Assets/Texture2D/garage computer.png' with importer (TextureImporter)
Imported 'GUID: 630f47dbaa1e11842ab39fa6b3691a18' -> (Import Result ID: '06d892020849863081906787f45ba060') in 0.027 seconds [static and dynamic dependencies]. Details - ImportResultOutputID=3627c7ed3e766f5bacf62fbec5803e37 DependenciesID=567d113b5e08b82140fef38aecd2880e StaticDependenciesID=77cdc86a09f378338b8052fdd8d72da8 
Importing 'GUID: 7360ac83b6bff7149836a436a4920d53 - Path: Packages/com.unity.2d.tilemap/Editor/Icons/Tilemap.FocusTilemap@4x.png' with importer (TextureImporter)
Imported 'GUID: 7360ac83b6bff7149836a436a4920d53' -> (Import Result ID: '0bd756ebce20e9d0f5ac781bf8b099f9') in 0.025 seconds [static and dynamic dependencies]. Details - ImportResultOutputID=fdcb174c088df14b711508f2533d0eba DependenciesID=f411b131b7a8fdcf4b5dfff2a1d7a6cf StaticDependenciesID=550a495cb01e44e326ae785c7f0c744c 
Importing 'GUID: 73d124bf77e463c45942d14136745d9f - Path: Packages/com.unity.collab-proxy/Editor/Assets/Images/d_iconaddedoverlay.png' with importer (TextureImporter)
Imported 'GUID: 73d124bf77e463c45942d14136745d9f' -> (Import Result ID: 'a6364c335cf50c6931b459fdaf651100') in 0.017 seconds [static and dynamic dependencies]. Details - ImportResultOutputID=18dc29cbcda925b514f0e7a14c152876 DependenciesID=d17791cd6574683ced340c33f5a715cd StaticDependenciesID=e4def754215ce340eb2bed9d14b2ccbe 
Importing 'GUID: 731522d95656bec42a5fc0bdc672ebe9 - Path: Packages/com.unity.ai.navigation/EditorResources/Overlay/NavigationOverlay@16.png' with importer (TextureImporter)
Imported 'GUID: 731522d95656bec42a5fc0bdc672ebe9' -> (Import Result ID: '3d0d82783df71dcbf8cf50f196167bd4') in 0.020 seconds [static and dynamic dependencies]. Details - ImportResultOutputID=3ac6b1748b78342cbff4db33dc21c9a4 DependenciesID=afadb69ed9a1176df7c6341ecf287d5e StaticDependenciesID=0a3cb890b2da07ae21e2df9dfe6ed2e6 
Importing 'GUID: 73f5ebb64da7b2a40ab6bffac80f1a61 - Path: Packages/com.unity.timeline/Editor/StyleSheets/Images/Icons/TimelineSelector.png' with importer (TextureImporter)
Imported 'GUID: 73f5ebb64da7b2a40ab6bffac80f1a61' -> (Import Result ID: '41dbaabbc56647156930fd97797d2087') in 0.018 seconds [static and dynamic dependencies]. Details - ImportResultOutputID=57ad709df733420b99d03b6eb1ac6ffd DependenciesID=27e0f5a784d39be00595085f5ee36deb StaticDependenciesID=5bc732f8a1b24e5ad7e5b5cea269e033 
Importing 'GUID: 73d87bc3a27171144985c68fbbd54380 - Path: Packages/com.unity.collab-proxy/Editor/Assets/Images/d_iconzoomin@2x.png' with importer (TextureImporter)
Imported 'GUID: 73d87bc3a27171144985c68fbbd54380' -> (Import Result ID: '3ae995cd602fbba2da1893b8575ffb4d') in 0.014 seconds [static and dynamic dependencies]. Details - ImportResultOutputID=45537ce59f0e5e9fc594329d5a68d739 DependenciesID=56be29314cb38901ac6293edee8f8c84 StaticDependenciesID=2cba9d4f802ad28a2599fef2cae43a8e 
Importing 'GUID: 73093a471ae94e34d9588a5dbe5848b4 - Path: Assets/Texture2D/Bridge_0.png' with importer (TextureImporter)
Imported 'GUID: 73093a471ae94e34d9588a5dbe5848b4' -> (Import Result ID: '7db188244a6086be38cad206cd42c3dc') in 0.025 seconds [static and dynamic dependencies]. Details - ImportResultOutputID=bf1b8632b62548c902ae2b24bd2aaeaf DependenciesID=12fb358501061e397b0552cac8000fc3 StaticDependenciesID=7b5b9a6aead5a7187dcccfce0f448a47 
Importing 'GUID: 738faa3b9c6aaf94db508268feb6fcdb - Path: Assets/Resources/multilayertextures/kart4paint/kart4_Mike_spoiler_decal.png' with importer (TextureImporter)
Imported 'GUID: 738faa3b9c6aaf94db508268feb6fcdb' -> (Import Result ID: '10b1d4af86e3e4ac593e688e8e9f92be') in 0.018 seconds [static and dynamic dependencies]. Details - ImportResultOutputID=ec015faec11ae623a24b48d3f461a05b DependenciesID=ba96faff364a1126e38a5469647c997a StaticDependenciesID=1e10d10e05093d929220462a7c50ea95 
Importing 'GUID: 8310d2f40936c9e45a9e4d6d36304930 - Path: Assets/Texture2D/texture kart mike.png' with importer (TextureImporter)
Imported 'GUID: 8310d2f40936c9e45a9e4d6d36304930' -> (Import Result ID: '7e7a3a9f1aa2e6792d86dcaa5df5efeb') in 0.054 seconds [static and dynamic dependencies]. Details - ImportResultOutputID=916ce0ae8edbfb5549f86fc316dc5291 DependenciesID=e7f25749c5eec535540c59e16d0dc59e StaticDependenciesID=785a846c818ffad20a2249359a54335c 
Importing 'GUID: 830164d71b9d60c40b606822b957d10b - Path: Packages/com.unity.collab-proxy/Editor/Assets/Images/iconinfobellnotification@2x.png' with importer (TextureImporter)
Imported 'GUID: 830164d71b9d60c40b606822b957d10b' -> (Import Result ID: '0c7a921274bbc29a4e7379759624d563') in 0.018 seconds [static and dynamic dependencies]. Details - ImportResultOutputID=deec8f10a3cd3259a3f89f9f164fec85 DependenciesID=981362e5fdb1d0d0975356b0a6f06d99 StaticDependenciesID=bcda7222b6e1375330cd8ee438e32c48 
Importing 'GUID: 83b28bcaaf34b4fd580114fb05d9f160 - Path: Packages/com.unity.multiplayer.center/Editor/MultiplayerCenterWindow/UI/Icons/NGO@2x.png' with importer (TextureImporter)
Imported 'GUID: 83b28bcaaf34b4fd580114fb05d9f160' -> (Import Result ID: '8ec1b936f68435fd90d53fcf652a0826') in 0.023 seconds [static and dynamic dependencies]. Details - ImportResultOutputID=79d7aeb49effe44bff69523599e4c026 DependenciesID=8556af23dd1556cb52c9c3df0ccd8445 StaticDependenciesID=8c84be2703390f97b8325aa11fb5feb6 
Importing 'GUID: 8384bd11ef869654db141ee0eb7d6cd9 - Path: Assets/Texture2D/Retaining Wall Brick.png' with importer (TextureImporter)
Imported 'GUID: 8384bd11ef869654db141ee0eb7d6cd9' -> (Import Result ID: 'b9f74ce940fd37d476d4693f10f3dd22') in 0.128 seconds [static and dynamic dependencies]. Details - ImportResultOutputID=88859ac794ff1b9ee07eed80e96e8f1e DependenciesID=410e37cfac53e15f47ef61362b13a42f StaticDependenciesID=d27eee7d47e15f97386123a7ba5d30be 
Importing 'GUID: 930b4ec56cd54c845a2b9196b2fb24fb - Path: Assets/Texture2D/iCloud.png' with importer (TextureImporter)
Imported 'GUID: 930b4ec56cd54c845a2b9196b2fb24fb' -> (Import Result ID: '484c2bdda4f434496935f4719702aa18') in 0.029 seconds [static and dynamic dependencies]. Details - ImportResultOutputID=3b96de4fca7376606b85f94fdb619eb9 DependenciesID=812a66578b788b7da137df0a201846b1 StaticDependenciesID=3f1f5d2a99a303b5ad08618924e03cad 
Importing 'GUID: 933ea0547293f00409bc626d362e944f - Path: Assets/Scenes/Test Scenes/Pranksgiving Test/LightmapFar-0.png' with importer (TextureImporter)
Imported 'GUID: 933ea0547293f00409bc626d362e944f' -> (Import Result ID: 'eaed60cac67dcbb9ed46bd01dba002bf') in 0.133 seconds [static and dynamic dependencies]. Details - ImportResultOutputID=e4f0eacd384330ae340b0cdd991eca0f DependenciesID=e604e6825c21f58f709994c68756f96b StaticDependenciesID=11a6314f9e3429d88143ceb4a041d922 
Importing 'GUID: a3c2fdfe47723584e8b725bd6106df28 - Path: Assets/Scenes/Test Scenes/Pranksgiving Test/LightmapFar-7.png' with importer (TextureImporter)
Imported 'GUID: a3c2fdfe47723584e8b725bd6106df28' -> (Import Result ID: 'fab0d0c5ddf9c91200188f64bb712420') in 0.049 seconds [static and dynamic dependencies]. Details - ImportResultOutputID=a0253ea60ce4564b9485b767fdab628f DependenciesID=2d4e5be9a2aa774e620d1dd5089acb55 StaticDependenciesID=81c5d4501457c4716044b6c9f26464da 
Importing 'GUID: a383d8b1327c9254896ad76d6efaf357 - Path: Packages/com.unity.timeline/Editor/StyleSheets/Images/Icons/TrackCurvesButtonDisabled@2x.png' with importer (TextureImporter)
Imported 'GUID: a383d8b1327c9254896ad76d6efaf357' -> (Import Result ID: 'ea140921e19159cd51e76f3a87d9d752') in 0.017 seconds [static and dynamic dependencies]. Details - ImportResultOutputID=50075875850759c9e41185cf49cd9949 DependenciesID=48ea33b0e200b78aca052f6537dc9b08 StaticDependenciesID=92c38b4bad5d7338d29b3a51b7c9a58b 
Importing 'GUID: a3d3219cddcfc3e4da4e065541d742bf - Path: Assets/Resources/multilayertextures/kart5paint/kart5_Perry_spoiler_decal.png' with importer (TextureImporter)
Imported 'GUID: a3d3219cddcfc3e4da4e065541d742bf' -> (Import Result ID: '0b9e20bf012f074cfc95081f89237cce') in 0.017 seconds [static and dynamic dependencies]. Details - ImportResultOutputID=6be4d51078ffc0d801d602388df3ed3c DependenciesID=c83dffe358c3456f6aa57c98d32eb0eb StaticDependenciesID=c631a6c0cd520b900ad397f495b4921f 
Importing 'GUID: a3c4ea29a117e3f418ded11a50e4d52d - Path: Packages/com.unity.2d.tilemap/Editor/Icons/d_Grid.FlipY@2x.png' with importer (TextureImporter)
Imported 'GUID: a3c4ea29a117e3f418ded11a50e4d52d' -> (Import Result ID: 'ace4972caf32eeec680e461f5b6777da') in 0.020 seconds [static and dynamic dependencies]. Details - ImportResultOutputID=f10c0e106c097782af8836f8c0987ce8 DependenciesID=d97df44dac3cc2c2e6f3ab4daba24b6a StaticDependenciesID=f4db25031a267ac84e670abfef6d6ff8 
Importing 'GUID: a3e491f99ea3ad74f8731ca93e84c497 - Path: Packages/com.unity.collab-proxy/Editor/Assets/Images/icondeletedlocaloverlay@2x.png' with importer (TextureImporter)
Imported 'GUID: a3e491f99ea3ad74f8731ca93e84c497' -> (Import Result ID: 'f91fc3879d71475070e5a5703e306e74') in 0.016 seconds [static and dynamic dependencies]. Details - ImportResultOutputID=40ee6e0f48e80008fe2b80eb80dbd3e6 DependenciesID=f70ddd68b087d6ca89745779c2d03002 StaticDependenciesID=f7c7aa5e3fb059dbe42a8ce98629ad93 
Importing 'GUID: a36e66e044a5fd94ca570351917c6bda - Path: Packages/com.unity.collab-proxy/Editor/Assets/Images/d_iconedit@2x.png' with importer (TextureImporter)
Imported 'GUID: a36e66e044a5fd94ca570351917c6bda' -> (Import Result ID: '61269f934da5212012acd99b2ebba54a') in 0.018 seconds [static and dynamic dependencies]. Details - ImportResultOutputID=6e1cc906d632e34ac34854fcac75489e DependenciesID=85cdd60b9326af18b7c0b403d652464c StaticDependenciesID=ee2299e8e768be528e82f17ea003c585 
Importing 'GUID: a3ced8f7044b9de4787602a9e9b20ea7 - Path: Packages/com.unity.collab-proxy/Editor/Assets/Images/d_iconconflictedoverlay@2x.png' with importer (TextureImporter)
Imported 'GUID: a3ced8f7044b9de4787602a9e9b20ea7' -> (Import Result ID: '5e00740afb20bbf5cde0a0fe2c70b418') in 0.018 seconds [static and dynamic dependencies]. Details - ImportResultOutputID=492946cafb464f9b05ab0043e1d2cb2b DependenciesID=1e4d38ca3fad0238382ebae82bf89e1d StaticDependenciesID=62e99beed416ed5bcd22074b8e02af2b 
Importing 'GUID: b3e01e80c420d4ac9a425a6abf8c99ec - Path: Packages/com.unity.collab-proxy/Editor/Assets/Images/d_ArrowCaretLeft@2x.png' with importer (TextureImporter)
Imported 'GUID: b3e01e80c420d4ac9a425a6abf8c99ec' -> (Import Result ID: 'e8e44dbccfbc3e4b1cb3528a49d27503') in 0.016 seconds [static and dynamic dependencies]. Details - ImportResultOutputID=02d27e846ca4c715b408aecdcfc8bd53 DependenciesID=68b891c43cf2deab58ac7505aece7cad StaticDependenciesID=1f1fe67adba499c361d54eb74d927e52 
Importing 'GUID: b3644a971cca0bd4eb357cb9aca4dde1 - Path: Packages/com.unity.timeline/Editor/StyleSheets/Images/Icons/d_TrackMarkerButtonDisabled.png' with importer (TextureImporter)
Imported 'GUID: b3644a971cca0bd4eb357cb9aca4dde1' -> (Import Result ID: '175dbaf6c7e924595069845440b05011') in 0.015 seconds [static and dynamic dependencies]. Details - ImportResultOutputID=89e0408acab8f050c70c4f6532a676e9 DependenciesID=e45aec1de869f37ebfda9ac3efc216cb StaticDependenciesID=04c4b839c5c8e64896c1b97fbb1fa3ed 
Importing 'GUID: b375422385f769844a35ff7743e8f1bb - Path: Packages/com.unity.2d.tilemap/Editor/Icons/Tilemap.ShowGrid@4x.png' with importer (TextureImporter)
Imported 'GUID: b375422385f769844a35ff7743e8f1bb' -> (Import Result ID: '6f2c03959d2f8af40ac1d722f2592db6') in 0.018 seconds [static and dynamic dependencies]. Details - ImportResultOutputID=f6999a590e9fe7eb723637d69ff65736 DependenciesID=f6839bf8e5dd9feec23884f1e81aaa2c StaticDependenciesID=eded919ab4a81f695fcb67781dfeaf86 
Importing 'GUID: b3f6a0922e3511840813c51882c0907b - Path: Packages/com.unity.2d.tilemap/Editor/Icons/d_Tilemap.ShowTilePalette@2x.png' with importer (TextureImporter)
Imported 'GUID: b3f6a0922e3511840813c51882c0907b' -> (Import Result ID: '48d5f4993e90f4870571fac7a78c9436') in 0.015 seconds [static and dynamic dependencies]. Details - ImportResultOutputID=3a3da0446c110eb1e608ce62bc25dc40 DependenciesID=92e8c8613862961d6eac627a7ad96027 StaticDependenciesID=bd68fa202d8cb6cfcf32e638609756db 
Importing 'GUID: b3cd430fb0ffe164fa829262bb9e1d4b - Path: Packages/com.unity.ai.navigation/EditorResources/Overlay/d_NavigationOverlay On@64.png' with importer (TextureImporter)
Imported 'GUID: b3cd430fb0ffe164fa829262bb9e1d4b' -> (Import Result ID: '4de048836808686764f6fcc66afaa7fd') in 0.019 seconds [static and dynamic dependencies]. Details - ImportResultOutputID=0aab5b4bb19cee25e5ce3a1ccc2de774 DependenciesID=fdeba6b65d37bddb044f89136ad73a9d StaticDependenciesID=9ee69d7b74cceb8228e8b979dce9db02 
Importing 'GUID: b37e47b09ab931549a4d6e259c1b189c - Path: Assets/Scenes/Test Scenes/Pranksgiving Test/LightmapFar-1.png' with importer (TextureImporter)
Imported 'GUID: b37e47b09ab931549a4d6e259c1b189c' -> (Import Result ID: '860f58e6a82e8d93789e157eb8e8d6f5') in 0.135 seconds [static and dynamic dependencies]. Details - ImportResultOutputID=4cb9495f88c597b21e9ba4d08d4fb65d DependenciesID=3e20e647864bf70b0c46a9a54b98366f StaticDependenciesID=1db512a930fecbb15cd533fae78e18c8 
Importing 'GUID: c3a2501866e207c459cb0fb4ade6a799 - Path: Assets/Texture2D/PieSlick.png' with importer (TextureImporter)
Imported 'GUID: c3a2501866e207c459cb0fb4ade6a799' -> (Import Result ID: '4d804b2716f4d6c9f5aa96ed63a28d36') in 0.077 seconds [static and dynamic dependencies]. Details - ImportResultOutputID=317fc177b07fae406565b61fc4395a67 DependenciesID=108fa9d3a870b85c130b2d0b55bc5526 StaticDependenciesID=e4fe01ed500baed0a675c2bc49c7f2cc 
Importing 'GUID: c3756b12c8b2c9e4284df1e33482132f - Path: Assets/Texture2D/first track uvs.png' with importer (TextureImporter)
Imported 'GUID: c3756b12c8b2c9e4284df1e33482132f' -> (Import Result ID: '2f42e1ae8aa199ac4509cd2ec01593fa') in 0.027 seconds [static and dynamic dependencies]. Details - ImportResultOutputID=121432c581f4a49722a769e90072fb3a DependenciesID=e5b5811247be0de0566413e0ff45378f StaticDependenciesID=e9b869efde0b497bd87d102a8a0d1445 
Importing 'GUID: c35a22ede3f5feb488bf69587ddc36ed - Path: Packages/com.unity.timeline/Editor/StyleSheets/Images/Icons/TrackMarkerButtonEnabled@2x.png' with importer (TextureImporter)
Imported 'GUID: c35a22ede3f5feb488bf69587ddc36ed' -> (Import Result ID: '9f038859f25ffd12455250140da7eeeb') in 0.010 seconds [static and dynamic dependencies]. Details - ImportResultOutputID=7f99a26a18353dfe8b3bb7351e0df503 DependenciesID=9f79df2b49616d8010b77b2e949354b8 StaticDependenciesID=c58b06675d5903418c278d690cea7e92 
Importing 'GUID: c33b82aa5373c4e1f8e2d43210c97c45 - Path: Packages/com.unity.2d.tilemap/Editor/Icons/d_EditorUI.Filter.png' with importer (TextureImporter)
Imported 'GUID: c33b82aa5373c4e1f8e2d43210c97c45' -> (Import Result ID: 'd35ace7889b25b776b8a8613f0579580') in 0.016 seconds [static and dynamic dependencies]. Details - ImportResultOutputID=04f2db29e031eb887d65c6a640a4e084 DependenciesID=d16134798dc6483249ecdcbb392f717e StaticDependenciesID=ec688591f2e8ec3ff74141704dca0985 
Importing 'GUID: c34cd61ed96ff9a40a54e159467c5155 - Path: Packages/com.unity.collab-proxy/Editor/Assets/Images/d_iconretainedoverlay@2x.png' with importer (TextureImporter)
Imported 'GUID: c34cd61ed96ff9a40a54e159467c5155' -> (Import Result ID: '513ca741b213f29ed588135d818d37f2') in 0.017 seconds [static and dynamic dependencies]. Details - ImportResultOutputID=5f1053cea7497f24a92ac7eaa8044250 DependenciesID=d23e6ae2ddb09467dc98ca4abbd5628e StaticDependenciesID=499e1e82135bf71f70c657b6032f05ed 
Importing 'GUID: d3b2641fbdbb1f340ad9732102db591e - Path: Packages/com.unity.2d.tilemap/Editor/Icons/d_Tilemap.ActiveTargetLayers@2x.png' with importer (TextureImporter)
Imported 'GUID: d3b2641fbdbb1f340ad9732102db591e' -> (Import Result ID: '2b8e2161b2594a749d273f5ef59e6063') in 0.014 seconds [static and dynamic dependencies]. Details - ImportResultOutputID=6bf26f32aadb44d33cfeca3a3c4eca34 DependenciesID=f047bbca0ba8a3fc728dff732d7791ea StaticDependenciesID=1e1f45ea830e33a86b981112d3c09f56 
Importing 'GUID: d3a38f4c05b0f3145bcd3eaa214c945e - Path: Assets/Texture2D/pickup gatorade.png' with importer (TextureImporter)
Imported 'GUID: d3a38f4c05b0f3145bcd3eaa214c945e' -> (Import Result ID: '97c6925979da846de96be564886bf4fe') in 0.024 seconds [static and dynamic dependencies]. Details - ImportResultOutputID=004b33eafc1807608f1b3d0f63c05791 DependenciesID=f7b79067e17bd5224dd7b0f1f3bb39b1 StaticDependenciesID=5f555bf7038ac1819225c4eecc5633cd 
Importing 'GUID: d3c4a2e486e7dda41a2467e216e08bb1 - Path: Assets/Texture2D/Shifter Slot Back.png' with importer (TextureImporter)
Imported 'GUID: d3c4a2e486e7dda41a2467e216e08bb1' -> (Import Result ID: 'f5eebff078728da841e9c1aafa4d933c') in 0.165 seconds [static and dynamic dependencies]. Details - ImportResultOutputID=cdf48fa05c71b33bedeb4705c1bb0075 DependenciesID=189146742761b779688400af2e517f17 StaticDependenciesID=245f45c8c127f9eaba71e64c92b0a9fb 
Importing 'GUID: d3b5c4f7d6b94f64085b3713bffa680e - Path: Packages/com.unity.timeline/Editor/StyleSheets/Images/DarkSkin/TimelinePingPong.png' with importer (TextureImporter)
Imported 'GUID: d3b5c4f7d6b94f64085b3713bffa680e' -> (Import Result ID: '2fc3e4f32f93e8f0dfac71602a286205') in 0.016 seconds [static and dynamic dependencies]. Details - ImportResultOutputID=dafc38dff6a54ec143580aa48b96f343 DependenciesID=1e7f5eb24009cf8d6a9c25338574d33c StaticDependenciesID=3fcaa6696cb2d905025c212510132b18 
Importing 'GUID: d30af1e364af1fc48be2ff2dcb0d4724 - Path: Packages/com.unity.collab-proxy/Editor/Assets/Images/iconcurrentbranch.png' with importer (TextureImporter)
Imported 'GUID: d30af1e364af1fc48be2ff2dcb0d4724' -> (Import Result ID: 'd7205142204e0552801012e59a531251') in 0.019 seconds [static and dynamic dependencies]. Details - ImportResultOutputID=23e798a58f8ac653bbb471232146764d DependenciesID=4c1fdedc8f1adedfbd5612ba6462a01c StaticDependenciesID=434891d10aee70cb7737afeb8bf3e9df 
Importing 'GUID: d33f7e91be823114fb0db2d33524aeac - Path: Assets/Resources/localized/FishHooksBillboardAd_english.png' with importer (TextureImporter)
Imported 'GUID: d33f7e91be823114fb0db2d33524aeac' -> (Import Result ID: '64f68e087ec1e5fb76cf942ace0dc42b') in 0.088 seconds [static and dynamic dependencies]. Details - ImportResultOutputID=24bd68240af1a8e3db2523851a211e2f DependenciesID=b36e9ed9605595374becded8fa303f45 StaticDependenciesID=11053c2dd60a1aee56b553fa4b7407a5 
Importing 'GUID: e3b0f810fdea84e40ab4ba20f256f7e8 - Path: Packages/com.unity.ugui/Editor Resources/Textures/SectionHeader_Light.psd' with importer (TextureImporter)
Imported 'GUID: e3b0f810fdea84e40ab4ba20f256f7e8' -> (Import Result ID: 'ae2dbf8bb39b5332cd34be90c287bb9e') in 0.021 seconds [static and dynamic dependencies]. Details - ImportResultOutputID=6c62a00dc71307e0fc6c9887a4555466 DependenciesID=6c6994e285c79f720e373f763bc64a12 StaticDependenciesID=d8196a8332eea4329c4c4638ec39c23c 
Importing 'GUID: e3f0b16456276c94aab8bd6664208dc3 - Path: Packages/com.unity.ai.navigation/EditorResources/Overlay/NavigationOverlay.png' with importer (TextureImporter)
Imported 'GUID: e3f0b16456276c94aab8bd6664208dc3' -> (Import Result ID: '7632348de5f20e240ac2aec8e347aa6d') in 0.011 seconds [static and dynamic dependencies]. Details - ImportResultOutputID=7027924f033a9ffd359826b54753b385 DependenciesID=b636bb4ce7d5a341457c88a51d79fd23 StaticDependenciesID=c37d00494d98ac6b4c57abdd0af8dc69 
Importing 'GUID: e3d5269aed8ea68498c82fd8fd88a086 - Path: Assets/Texture2D/pickup shield.png' with importer (TextureImporter)
Imported 'GUID: e3d5269aed8ea68498c82fd8fd88a086' -> (Import Result ID: '42510c0b43d645ac95d90ff79d4fcd84') in 0.029 seconds [static and dynamic dependencies]. Details - ImportResultOutputID=d023063e674089c98dc5b4286c3c8b33 DependenciesID=11354c4f9a4fd93d2b76cdab6c25490e StaticDependenciesID=94bcefbfe8f710b4d9fcb31623f3ade6 
Importing 'GUID: e378fd9a9cc3dc742bd0db768cebdf1c - Path: Assets/Texture2D/phineas and ferb skybox.png' with importer (TextureImporter)
Imported 'GUID: e378fd9a9cc3dc742bd0db768cebdf1c' -> (Import Result ID: '5140a02068168fbf8996169f994655a6') in 0.044 seconds [static and dynamic dependencies]. Details - ImportResultOutputID=abebfbf2ca57746517bb7db59060b64f DependenciesID=cf4b586cea015fcb694942bef8f7d688 StaticDependenciesID=9d5742680e48193c17614c75e55e9bea 
Importing 'GUID: e3297b76e3119f14dab348b1d69801d7 - Path: Assets/Resources/localized/KickBillboardAd_english.png' with importer (TextureImporter)
Imported 'GUID: e3297b76e3119f14dab348b1d69801d7' -> (Import Result ID: '04eab62daf70cf1ab1dcdbc4b132078d') in 0.054 seconds [static and dynamic dependencies]. Details - ImportResultOutputID=c5f6f4d05de726450157ca76c931fc38 DependenciesID=cd23a7fb1edcd89132b5b8cd42d6620a StaticDependenciesID=7bda049982f9cfdebf7349ddf50556a8 
Importing 'GUID: e3dde70f38e2e7742a7346f3f42d5440 - Path: Assets/Texture2D/TripWireShield.png' with importer (TextureImporter)
Imported 'GUID: e3dde70f38e2e7742a7346f3f42d5440' -> (Import Result ID: '2e12f3641a7c8ef913e2baef12e8c406') in 0.057 seconds [static and dynamic dependencies]. Details - ImportResultOutputID=773fbba17eee91e64c80e86af10c065f DependenciesID=589b95d1f40649bbd7e8e04dd815f5da StaticDependenciesID=e08f1c58b5ba5a31fe873d716f07e734 
Importing 'GUID: f3e2797165e71b443bae6264899b89d6 - Path: Packages/com.unity.collab-proxy/Editor/Assets/Images/iconplasticnotifypendingchanges.png' with importer (TextureImporter)
Imported 'GUID: f3e2797165e71b443bae6264899b89d6' -> (Import Result ID: '6e9d2c8a181b14bbe567b85306871076') in 0.020 seconds [static and dynamic dependencies]. Details - ImportResultOutputID=f1c74bf6c4129cae316c844c9b87e593 DependenciesID=b4d0eebcea58d37cb7c50a4f2297feb3 StaticDependenciesID=53c2b4aacf7dd235d015b4f987214a79 
Importing 'GUID: f317f6f2ac16ab942a571c3eca17a3df - Path: Assets/Texture2D/Fence 2.png' with importer (TextureImporter)
Imported 'GUID: f317f6f2ac16ab942a571c3eca17a3df' -> (Import Result ID: '82f1378cdd52a037b53837075dd016ab') in 0.229 seconds [static and dynamic dependencies]. Details - ImportResultOutputID=bdb31235c56d5fe37ba212fd871c60f6 DependenciesID=4d3c24b24b38b1cc17dae48b5e852a5c StaticDependenciesID=acd5b21d6858c5e749afc4efde983e17 
Importing 'GUID: f31d2c855644aad4cb2030bce12859f6 - Path: Packages/com.unity.collab-proxy/Editor/Assets/Images/d_iconplasticnotifyincoming.png' with importer (TextureImporter)
Imported 'GUID: f31d2c855644aad4cb2030bce12859f6' -> (Import Result ID: '662d5ea72059d58fa5a43318cb6128f0') in 0.017 seconds [static and dynamic dependencies]. Details - ImportResultOutputID=db01940bfd578fb9dd714929211f3e7d DependenciesID=267deca1a9b70e72113dc0bcf1ed232c StaticDependenciesID=89b95a842bbb1d524acc4867e6c00c32 
Importing 'GUID: f38e832edef3ab648bcc2ab5dfa2906d - Path: Packages/com.unity.collab-proxy/Editor/Assets/Images/d_iconinfobellnotification.png' with importer (TextureImporter)
Imported 'GUID: f38e832edef3ab648bcc2ab5dfa2906d' -> (Import Result ID: '7aec1b6ab89bcdcc7d2f7e3bbe69095a') in 0.015 seconds [static and dynamic dependencies]. Details - ImportResultOutputID=d038e0a6ae7cba8b9637c818e89c1a35 DependenciesID=14e4eb74f01d7d8dfc1eb6b37f22c182 StaticDependenciesID=7fde7b9bf9c11cf95fa8ffb8a586f3e5 
Importing 'GUID: f31f0a10d3a03ce45866999faed7ee50 - Path: Assets/Resources/localized/FishhooksLogo_english.png' with importer (TextureImporter)
Imported 'GUID: f31f0a10d3a03ce45866999faed7ee50' -> (Import Result ID: 'b7edbd826fbfc1ad49711eff9b7767c0') in 0.024 seconds [static and dynamic dependencies]. Details - ImportResultOutputID=eb0d060aa6f7dd8c0bce278d7ee97975 DependenciesID=0c938bd8c57f2c25438a133039667d7a StaticDependenciesID=4fb856ed1f80eac4af6943e8b9ccc58f 
Importing 'GUID: f38f723c9b7745741961f51b8fdf6a47 - Path: Assets/Texture2D/Shield.png' with importer (TextureImporter)
Imported 'GUID: f38f723c9b7745741961f51b8fdf6a47' -> (Import Result ID: 'd5ad6339f8169f10a9b2df3f94888b4b') in 0.149 seconds [static and dynamic dependencies]. Details - ImportResultOutputID=c89d859d078fdad7b4cd8ba02ddacd93 DependenciesID=76ad03c9b88c9ff7e89e21bf8c64fb36 StaticDependenciesID=22b225e434668b0e75f8991a7b8c31f2 
Importing 'GUID: 0423146d9f51c4563a0f2a8200b6cd38 - Path: Packages/com.unity.multiplayer.center/Editor/MultiplayerCenterWindow/UI/Icons/PackageInstalled@2x.png' with importer (TextureImporter)
Imported 'GUID: 0423146d9f51c4563a0f2a8200b6cd38' -> (Import Result ID: 'c6160d488c8cb4577d5547333666e48b') in 0.022 seconds [static and dynamic dependencies]. Details - ImportResultOutputID=239ab6069a76752cea760a1bb48b8d29 DependenciesID=e834713a062614873aa3c1e7f8c36be3 StaticDependenciesID=d2b72c94d81bef7a36c9a6456d5d534f 
Importing 'GUID: 04e6c3cc740a491458073f2f715066f6 - Path: Packages/com.unity.2d.tilemap/Editor/Icons/d_EditorUI.Target.png' with importer (TextureImporter)
Imported 'GUID: 04e6c3cc740a491458073f2f715066f6' -> (Import Result ID: '3eecc987e5d4f1fc9694aeee871e034c') in 0.018 seconds [static and dynamic dependencies]. Details - ImportResultOutputID=834088cd2e8ab6a791159f3b256e0dd8 DependenciesID=b040723075628e857dceea6cd24d2414 StaticDependenciesID=413fd8b8548cb8065826748565f73cb7 
Importing 'GUID: 04ca3057bc8a3462899551a1d4c90184 - Path: Packages/com.unity.services.core/Editor/Core/UiHelpers/Images/ToggleOff.png' with importer (TextureImporter)
Imported 'GUID: 04ca3057bc8a3462899551a1d4c90184' -> (Import Result ID: '442ccda874d4f7de8148b5bf3c91b728') in 0.016 seconds [static and dynamic dependencies]. Details - ImportResultOutputID=b942ea53d9c38fb1b89df8b8b8ca7327 DependenciesID=44a364979862fe6c466ed684ccbdabc8 StaticDependenciesID=b3cec940e0fcdbeb1809ff45e183021e 
Importing 'GUID: 045b15ec09bba42448d89db77fa6f20a - Path: Packages/com.unity.2d.sprite/Editor/ObjectMenuCreation/DefaultAssets/Textures/IsometricDiamond.png' with importer (TextureImporter)
Imported 'GUID: 045b15ec09bba42448d89db77fa6f20a' -> (Import Result ID: 'b4dce41869c2270c56cb07566132062f') in 0.023 seconds [static and dynamic dependencies]. Details - ImportResultOutputID=682432573eb641f0fcba8837d7e19067 DependenciesID=642c84b5a2473d7e130c8c3cb0e5874e StaticDependenciesID=bb1cbaa45148eaf32e728de612eec78c 
Importing 'GUID: 14f3608300bf74747b6aedb36f2e8922 - Path: Assets/Texture2D/DipperTexture.png' with importer (TextureImporter)
Imported 'GUID: 14f3608300bf74747b6aedb36f2e8922' -> (Import Result ID: 'ff8163d106d5f536138d8912b7907108') in 0.024 seconds [static and dynamic dependencies]. Details - ImportResultOutputID=3a6278e06b1f697d8e3a1960ce37d9ac DependenciesID=88f7fc4a836a23b877a55eba08a2159d StaticDependenciesID=febdf95b742a296669d805c676c51478 
Importing 'GUID: 1474ad5dfc68a754a9e8501eb108c53b - Path: Assets/Texture2D/fish hook school exterior front door.png' with importer (TextureImporter)
Imported 'GUID: 1474ad5dfc68a754a9e8501eb108c53b' -> (Import Result ID: '5f0690320b1a7c31dac7c31028d14190') in 0.030 seconds [static and dynamic dependencies]. Details - ImportResultOutputID=06db8a302f1e94d8ef9b2be6cce4d5b7 DependenciesID=20620a1b82b1553081a616f42dfb6bca StaticDependenciesID=212cb3adcc67d4de2e885c020f11e9dc 
Importing 'GUID: 1497075210b6dcd4c8f31ecfc6c5c79c - Path: Packages/com.unity.ai.navigation/EditorResources/Overlay/NavigationOverlay@256.png' with importer (TextureImporter)
Imported 'GUID: 1497075210b6dcd4c8f31ecfc6c5c79c' -> (Import Result ID: '534b4fa4f746a9a3fb4412aea726d3b3') in 0.039 seconds [static and dynamic dependencies]. Details - ImportResultOutputID=638610e527c924e46314d652bd7ecba1 DependenciesID=aeaf2cb61fb8c06d7cb384ebe2fb8ab0 StaticDependenciesID=5f3c95149a97ff673f8ca0af7dc5d783 
Importing 'GUID: 144aa74618b85974a9a50f612c2fa8fd - Path: Packages/com.unity.collab-proxy/Editor/Assets/Images/d_buttonssosigninemail@2x.png' with importer (TextureImporter)
Imported 'GUID: 144aa74618b85974a9a50f612c2fa8fd' -> (Import Result ID: '32a94140395b0d59a0413f3fe43cc47e') in 0.018 seconds [static and dynamic dependencies]. Details - ImportResultOutputID=4e037cf3261312ff2c5a79bf6bd139ba DependenciesID=23c8eeba05cfe21614e6b0d30e75c97c StaticDependenciesID=3e40f1d11152e1432045e52a4185288e 
Importing 'GUID: 149e9e872d5948e42afa860e8912a054 - Path: Assets/Texture2D/Swatch Custom Alpha Infernos.png' with importer (TextureImporter)
Imported 'GUID: 149e9e872d5948e42afa860e8912a054' -> (Import Result ID: '559fc387f9367ca500c1f7debe9f683a') in 0.024 seconds [static and dynamic dependencies]. Details - ImportResultOutputID=7756e808de69d7bbafc420f487cd33c7 DependenciesID=d97f16bfc23798241346f421c84029bf StaticDependenciesID=902cdb7b201bb1381ec73e00f8e544e4 
Importing 'GUID: 24a4dd7831e4a46f593e94273994b42c - Path: Packages/com.unity.2d.tilemap/Editor/Icons/d_EditorUI.Filter@2x.png' with importer (TextureImporter)
Imported 'GUID: 24a4dd7831e4a46f593e94273994b42c' -> (Import Result ID: 'ffa9580e876c718e6669b3927d4a2ff9') in 0.019 seconds [static and dynamic dependencies]. Details - ImportResultOutputID=5d453ed58e4dab5ee3e00e4a551eba93 DependenciesID=e076919b3985a896e50b77f78152359a StaticDependenciesID=9ed4b7b9c33e6000f4d329cec2d772c1 
Importing 'GUID: 2446ee609b613cd4e9142ccc55cb7c43 - Path: Packages/com.unity.timeline/Editor/StyleSheets/Images/Icons/d_TimelineCollapseMarkerButtonEnabled.png' with importer (TextureImporter)
Imported 'GUID: 2446ee609b613cd4e9142ccc55cb7c43' -> (Import Result ID: '85c34c13ad6a3174a791a0a65473026e') in 0.014 seconds [static and dynamic dependencies]. Details - ImportResultOutputID=5d7b613b618913c136fd015e6fbff594 DependenciesID=35fb57165a3057ee780744213e546dbb StaticDependenciesID=b4ae3e1949c32862a992f7ff51a03aac 
Importing 'GUID: 24b97c67b63a23b48bea4036d28a5818 - Path: Packages/com.unity.timeline/Editor/StyleSheets/Images/LightSkin/TimelineMarkerItem.png' with importer (TextureImporter)
Imported 'GUID: 24b97c67b63a23b48bea4036d28a5818' -> (Import Result ID: '0e047b6d6ddd7127801aa218336a2b43') in 0.014 seconds [static and dynamic dependencies]. Details - ImportResultOutputID=51e9d7c21e7a512d05b1ebc0e8f66bf5 DependenciesID=371a2221b2b83151a68ad4d1c8210d9e StaticDependenciesID=6b740150137dab631246b0c843dbd491 
Importing 'GUID: 24d9e5e0f1c837941a3af1990c67841b - Path: Assets/Texture2D/Full Screen Booster SpriteAtlas.png' with importer (TextureImporter)
Imported 'GUID: 24d9e5e0f1c837941a3af1990c67841b' -> (Import Result ID: '4311fce9d8c8989913f13f7b77046165') in 0.062 seconds [static and dynamic dependencies]. Details - ImportResultOutputID=38ba4f363ec48da66d32c010c8dd00b0 DependenciesID=3c4cd0af814c8d013ff576c28504a87a StaticDependenciesID=b4cd6d37d7857f124858cc79e9c3c424 
Importing 'GUID: 3451731abc835d44993075b3bc0935bd - Path: Packages/com.unity.2d.tilemap/Editor/Icons/d_Tilemap.GridPaint@2x.png' with importer (TextureImporter)
Imported 'GUID: 3451731abc835d44993075b3bc0935bd' -> (Import Result ID: 'f81f72f210cde1711fb0cb090cb90d52') in 0.017 seconds [static and dynamic dependencies]. Details - ImportResultOutputID=b3d7f2421e7ed3588946356dde16a55f DependenciesID=6c89e632f8c2552de7f9d35076a8de87 StaticDependenciesID=206595f97b54606e85a31cea67bd3bba 
Importing 'GUID: 3494dc956dfd7174abc07060940a2848 - Path: Packages/com.unity.collab-proxy/Editor/Assets/Images/d_stepok@2x.png' with importer (TextureImporter)
Imported 'GUID: 3494dc956dfd7174abc07060940a2848' -> (Import Result ID: 'cfa5efb60e91459a7c4eace6d1b586c0') in 0.011 seconds [static and dynamic dependencies]. Details - ImportResultOutputID=ac7786837ff58ca2f0ed1edfa8778acf DependenciesID=c92698e447da07a72d88e20fdca1a290 StaticDependenciesID=6d59557d65133aec4238acdcb2107fe5 
Importing 'GUID: 34587324d412940a79d530020c957dc0 - Path: Packages/com.unity.2d.sprite/Editor/ObjectMenuCreation/DefaultAssets/Textures/CapsuleWithBorder.png' with importer (TextureImporter)
Imported 'GUID: 34587324d412940a79d530020c957dc0' -> (Import Result ID: 'cd182e5344686575e34f5709d9f27a67') in 0.043 seconds [static and dynamic dependencies]. Details - ImportResultOutputID=0917da785813d5a1c423997c78477bfa DependenciesID=45447e8262e639f03a5d2eef5504af56 StaticDependenciesID=c6bd8111e459eadd2dacf9fe0c35ccdd 
Importing 'GUID: 342a0f8aca7f4f0691338912faec0494 - Path: Packages/com.unity.ugui/Editor Resources/Textures/btn_AlignRight.psd' with importer (TextureImporter)
Imported 'GUID: 342a0f8aca7f4f0691338912faec0494' -> (Import Result ID: '9f80ca302f9a989f0e2dab147524af9c') in 0.022 seconds [static and dynamic dependencies]. Details - ImportResultOutputID=0c381818575f15537c894ea87f8eef07 DependenciesID=9c7d179c00b98930cfdd56ab1e4d44d0 StaticDependenciesID=03cdd4cc67a634eb7e7f2d115bb26574 
Importing 'GUID: 44837f46c53a42246a6de7fa161e0d00 - Path: Packages/com.unity.ai.navigation/EditorResources/Overlay/NavigationOverlay On@128.png' with importer (TextureImporter)
Imported 'GUID: 44837f46c53a42246a6de7fa161e0d00' -> (Import Result ID: 'a22eeff80d0c8d6ba14877e01eb7da97') in 0.026 seconds [static and dynamic dependencies]. Details - ImportResultOutputID=5cb283f4b196c525bbed862746a78be4 DependenciesID=74b1b021d43c48905675539dc3ff8d01 StaticDependenciesID=a9a25303ba3eb5ea3054c4ea9d755370 
Importing 'GUID: 44b8946b056f278419b6a635c173a35f - Path: Assets/Texture2D/bradMap.png' with importer (TextureImporter)
Imported 'GUID: 44b8946b056f278419b6a635c173a35f' -> (Import Result ID: '0da66390631b80225a9ed99a593858c8') in 0.023 seconds [static and dynamic dependencies]. Details - ImportResultOutputID=92969b8784a72e5f12c6873be3892ac5 DependenciesID=b9f8f8463a89cfae2698275925457e3f StaticDependenciesID=e1feb0c7f9107b9f4f22e29e24fa8e39 
Importing 'GUID: 54024d7bafa404eb39097aa14df8a5cb - Path: Packages/com.unity.collab-proxy/Editor/Assets/Images/d_iconplasticnotifypendingchangesandincoming@2x.png' with importer (TextureImporter)
Imported 'GUID: 54024d7bafa404eb39097aa14df8a5cb' -> (Import Result ID: '1e25dafa7a2dffd5408f018d0bc0a06e') in 0.019 seconds [static and dynamic dependencies]. Details - ImportResultOutputID=be9a5d7342ada06fbef510d92a77d63c DependenciesID=932754a254701adce7d269ce0e4e35eb StaticDependenciesID=1c12f48237bb52e70cd017a0fba5709d 
Importing 'GUID: 54623075676bd504d93243fb18745161 - Path: Packages/com.unity.timeline/Editor/StyleSheets/Images/Icons/TrackAvatarButtonDisabled.png' with importer (TextureImporter)
Imported 'GUID: 54623075676bd504d93243fb18745161' -> (Import Result ID: 'ee283ea3b0b8da1321f399d9aab2aa53') in 0.023 seconds [static and dynamic dependencies]. Details - ImportResultOutputID=25cbdf17f42e3f850922c8dcfc4057be DependenciesID=b30d59bb4207fbce6880d475343c0a51 StaticDependenciesID=cf7e8226c788f029f42b58a666dd90cb 
Importing 'GUID: 64767cfc2fc79894a879cc977bb0d5ba - Path: Assets/Texture2D/kart tier 1 texture.png' with importer (TextureImporter)
Imported 'GUID: 64767cfc2fc79894a879cc977bb0d5ba' -> (Import Result ID: '5dfba0ff2ba144f5e75c1f9240d174ac') in 0.037 seconds [static and dynamic dependencies]. Details - ImportResultOutputID=93bad8c5d2fa1abfc7d0ea3fc26e7358 DependenciesID=453a136093c18ac5ac23a10b71b40990 StaticDependenciesID=849df2b2c574dd23b8a61f0aacb41408 
Importing 'GUID: 64b9fad609434c489c32b1cdf2004a1c - Path: Packages/com.unity.ugui/Editor Resources/Textures/btn_AlignFlush_Light.psd' with importer (TextureImporter)
Imported 'GUID: 64b9fad609434c489c32b1cdf2004a1c' -> (Import Result ID: '0c59e036cb7ce8a336bd177354422fa7') in 0.025 seconds [static and dynamic dependencies]. Details - ImportResultOutputID=5903e755ec4f795d297001e8ba544b30 DependenciesID=fdb76704ae3edaed2fe494484b38aeef StaticDependenciesID=06ec1caee865604e3621a33caa1838ba 
Importing 'GUID: 64ae2f329c281c54e9f7cb884848a436 - Path: Assets/Texture2D/garage other screen.png' with importer (TextureImporter)
Imported 'GUID: 64ae2f329c281c54e9f7cb884848a436' -> (Import Result ID: 'ffd76776a849aa659b6296871c1510c7') in 0.098 seconds [static and dynamic dependencies]. Details - ImportResultOutputID=35ba7995256aa27c403da7b28e360dd5 DependenciesID=57901ae7ef43243ce71fff9e1a5de0e4 StaticDependenciesID=7b823184e5403d50339ee407a88ca159 
Importing 'GUID: 642f7453935154b44afc516c07b1d009 - Path: Packages/com.unity.ai.navigation/EditorResources/Overlay/d_NavigationOverlay On@256.png' with importer (TextureImporter)
Imported 'GUID: 642f7453935154b44afc516c07b1d009' -> (Import Result ID: '4ad40b57a8a2306e1941c84a79d32fa8') in 0.032 seconds [static and dynamic dependencies]. Details - ImportResultOutputID=c1a00e23bc6c4227f806cab245fae26f DependenciesID=ce18822290d857833f647d63266e36be StaticDependenciesID=5ea02e1c1df900d1cdc86b1f5273ee9a 
Importing 'GUID: 741761e72e6f24446bd8ba03ea3d0261 - Path: Packages/com.unity.multiplayer.center/Editor/MultiplayerCenterWindow/UI/Icons/d_Questionnaire.png' with importer (TextureImporter)
Imported 'GUID: 741761e72e6f24446bd8ba03ea3d0261' -> (Import Result ID: '30fecb704d1641e9c16f693eba5cf940') in 0.018 seconds [static and dynamic dependencies]. Details - ImportResultOutputID=ed22e514fe7b5a4c114534d95dfbae83 DependenciesID=7bc3a7ce247e5f25a7ee68e98ae82d2f StaticDependenciesID=2e312d124cb545638026726eb3aa4349 
Importing 'GUID: 74d9036aa1bb14ccfafb89d639870288 - Path: Packages/com.unity.2d.sprite/Editor/Assets/d_SpriteEditor@2x.png' with importer (TextureImporter)
Imported 'GUID: 74d9036aa1bb14ccfafb89d639870288' -> (Import Result ID: 'c8edb213bb743dae3325640966fe8c82') in 0.018 seconds [static and dynamic dependencies]. Details - ImportResultOutputID=5c0a5a006e78d4a4bb3b995d6e3c29e0 DependenciesID=fd4771889039d736bc014c1f3e51f5d6 StaticDependenciesID=0ee0e1e862f35a9ea2b3d4590938d6d4 
Importing 'GUID: 74ef721fef79c44489d4e3edb0ab0c01 - Path: Packages/com.unity.collab-proxy/Editor/Assets/Images/iconaddedoverlay@2x.png' with importer (TextureImporter)
Imported 'GUID: 74ef721fef79c44489d4e3edb0ab0c01' -> (Import Result ID: '3738f69e97d7260beba608020c5c2255') in 0.016 seconds [static and dynamic dependencies]. Details - ImportResultOutputID=308844af9b814dfa4a6fa02e6db50bc5 DependenciesID=767921028418fa5c277d8c90d6c881fa StaticDependenciesID=a683c4e8830bef136605fd3bb10f1808 
Importing 'GUID: 84e4bbd00035e4671bf14e0380a89001 - Path: Packages/com.unity.multiplayer.center/Editor/MultiplayerCenterWindow/UI/Icons/EmptyViewIcon.png' with importer (TextureImporter)
Imported 'GUID: 84e4bbd00035e4671bf14e0380a89001' -> (Import Result ID: 'c76686fa1e13f656d6123b7c5955762a') in 0.018 seconds [static and dynamic dependencies]. Details - ImportResultOutputID=9e39af6f8eef6bcab242f3de5b6b950b DependenciesID=6e3c3e1373a5294a4a930799765e6548 StaticDependenciesID=91428acf996ced3bd7e3ad87eabbf0ba 
Importing 'GUID: 8415cbeba2b4c1345a4dc49a49693b84 - Path: Assets/Texture2D/fish hooks decorations round shell.png' with importer (TextureImporter)
Imported 'GUID: 8415cbeba2b4c1345a4dc49a49693b84' -> (Import Result ID: '5c356d4693cc45bd9f8f0a3a4f4d8c60') in 0.026 seconds [static and dynamic dependencies]. Details - ImportResultOutputID=cd8670d37296c15fe44a5804ead75a27 DependenciesID=6f4ff0debdec6adb93e4f41089386341 StaticDependenciesID=c9adaf04516cecb512de90868d256c0f 
Importing 'GUID: 84f696eaa6e195043b22f318aa59b058 - Path: Packages/com.unity.collab-proxy/Editor/Assets/Images/iconrepository@2x.png' with importer (TextureImporter)
Imported 'GUID: 84f696eaa6e195043b22f318aa59b058' -> (Import Result ID: '61230c0e9604dd831d724c6e27adadb4') in 0.015 seconds [static and dynamic dependencies]. Details - ImportResultOutputID=93b5271910f8478985184f2a59ef6085 DependenciesID=4c18189c9d858a5c460cb5083ebb9e68 StaticDependenciesID=c234849408908bdda34dc6128969fb39 
Importing 'GUID: 841a1bcfcc9df4d46a392a3538999ee5 - Path: Assets/Texture2D/billboard.png' with importer (TextureImporter)
Imported 'GUID: 841a1bcfcc9df4d46a392a3538999ee5' -> (Import Result ID: '6d2476874668b89b07835085868e1da9') in 0.050 seconds [static and dynamic dependencies]. Details - ImportResultOutputID=bdd14594b5cd9ff74531d785a932fe13 DependenciesID=cfaf0d7da49410d7e54cc982e6eb6bf4 StaticDependenciesID=92c873e73141658947d6d3ee1ac72ff4 
Importing 'GUID: 84cab1f9dbfaa054ea6119024098c312 - Path: Assets/Texture2D/fish hook exterior ground.png' with importer (TextureImporter)
Imported 'GUID: 84cab1f9dbfaa054ea6119024098c312' -> (Import Result ID: '0b452129565601ea762a74140f18fbcb') in 0.031 seconds [static and dynamic dependencies]. Details - ImportResultOutputID=ee229a588b6b812f32abe4224c0911fb DependenciesID=61145e528e8076eaa4982872ed0a442c StaticDependenciesID=725dd6b0d16be337c7911119a6b37e63 
Importing 'GUID: 84cd96391d8e912479adff56b3500191 - Path: Packages/com.unity.2d.tilemap/Editor/Icons/d_Tilemap.EditPalette.png' with importer (TextureImporter)
Imported 'GUID: 84cd96391d8e912479adff56b3500191' -> (Import Result ID: 'e80b369e355197ef81ef97721490d890') in 0.015 seconds [static and dynamic dependencies]. Details - ImportResultOutputID=7e5e646a8c245c7938b307690b2fb889 DependenciesID=88c96347e0e73c6721c551c8258ee76a StaticDependenciesID=ad29eda4cc80721baf75d8f0ae3e0c33 
Importing 'GUID: 9431e8221045c4af189b2fa7174b9e9f - Path: Packages/com.unity.multiplayer.center/Editor/MultiplayerCenterWindow/UI/Icons/PackageManager@2x.png' with importer (TextureImporter)
Imported 'GUID: 9431e8221045c4af189b2fa7174b9e9f' -> (Import Result ID: '489fff098b9d8b0926d3d82e68c211ee') in 0.015 seconds [static and dynamic dependencies]. Details - ImportResultOutputID=dba955ddbb2f8bea85ca83052d62b435 DependenciesID=9663a29d4de96e2ffb511996fe8988d0 StaticDependenciesID=5415f7f8ef260c27f36d50103bcf79bf 
Importing 'GUID: 94b672e93ffe93e44ad85fcde649c8be - Path: Assets/Texture2D/Swatch Dipper.png' with importer (TextureImporter)
Imported 'GUID: 94b672e93ffe93e44ad85fcde649c8be' -> (Import Result ID: '064277206ef0bc7ce3d993dbf17a6248') in 0.016 seconds [static and dynamic dependencies]. Details - ImportResultOutputID=4c242635533d129d928c05229bea7232 DependenciesID=05c6c8dde023f5077e085abda9ab7c51 StaticDependenciesID=ed52d57ba9b978fec6cd3ac0f02b40f8 
Importing 'GUID: 949e98ac1c07e424685f43f530864a7c - Path: Packages/com.unity.2d.tilemap/Editor/Icons/GridSelection@2x.png' with importer (TextureImporter)
Imported 'GUID: 949e98ac1c07e424685f43f530864a7c' -> (Import Result ID: 'd0f1c81257350d1ac199f01854f2338c') in 0.013 seconds [static and dynamic dependencies]. Details - ImportResultOutputID=e0e4121e3d842ec30f62974c8e313594 DependenciesID=48f3fad6d1d9168ee485cac3b2f6c268 StaticDependenciesID=c5a664f7c3cbd6e2d4c259c2d0bbdb26 
Importing 'GUID: 94fe868620119564f9474f40cd6145aa - Path: Packages/com.unity.collab-proxy/Editor/Assets/Images/iconpressedclosebutton.png' with importer (TextureImporter)
Imported 'GUID: 94fe868620119564f9474f40cd6145aa' -> (Import Result ID: '833adee1c2bf92ad6f92f1a4fd7dfeb8') in 0.014 seconds [static and dynamic dependencies]. Details - ImportResultOutputID=5994e97beecb87bad50bd5cefe96c94d DependenciesID=b481e3884139ef32e9d9534a98490410 StaticDependenciesID=ab09678c3cabbc575c1099f74087449c 
Importing 'GUID: 943f98e6f10ab4d4883cdc5198a68118 - Path: Packages/com.unity.2d.tilemap/Editor/Icons/EditorUI.Filter@2x.png' with importer (TextureImporter)
Imported 'GUID: 943f98e6f10ab4d4883cdc5198a68118' -> (Import Result ID: 'e8a3808b51213ee9ac09208f4c4fa1d1') in 0.015 seconds [static and dynamic dependencies]. Details - ImportResultOutputID=e9e425b9c770e1bf4f8697b50301dbfb DependenciesID=8192efbf55d047cbb256415c37ca86a1 StaticDependenciesID=4be6d13acc9b65c097663079a6dd5f3d 
Importing 'GUID: 945f4ecec6df62244b9ebcc363833642 - Path: Packages/com.unity.timeline/Editor/StyleSheets/Images/Icons/Timeline-Marker-Warning-Overlay.png' with importer (TextureImporter)
Imported 'GUID: 945f4ecec6df62244b9ebcc363833642' -> (Import Result ID: '92574b34c97ffd32a9e92cdf0758bc15') in 0.014 seconds [static and dynamic dependencies]. Details - ImportResultOutputID=164a0e280512a81e67e9630a8b97426d DependenciesID=288a9cb1738045745cd3a25ebf53a401 StaticDependenciesID=afa50aff982efa209795228617096a51 
Importing 'GUID: a4e32feb373deaa48a6efe2ccefb3552 - Path: Assets/Texture2D/pickup rocket.png' with importer (TextureImporter)
Imported 'GUID: a4e32feb373deaa48a6efe2ccefb3552' -> (Import Result ID: 'b0d34a2eb5ac5b90ac883076ef04dabb') in 0.025 seconds [static and dynamic dependencies]. Details - ImportResultOutputID=a81843680d29f184eaf188b1c5491c65 DependenciesID=2f381491fea135aec04adf5c2c3e66dd StaticDependenciesID=89207e7ca71241410e397e32458b8186 
Importing 'GUID: a43a335ac7e13024ebefd2a19af62f81 - Path: Assets/Resources/multilayertextures/kart1paint/kart1_spoiler_main.png' with importer (TextureImporter)
Imported 'GUID: a43a335ac7e13024ebefd2a19af62f81' -> (Import Result ID: '4af65f140c9ad25a5a8f0e8feae6ea1a') in 0.009 seconds [static and dynamic dependencies]. Details - ImportResultOutputID=39aff21f3da7d64c7865af0c257fc3b0 DependenciesID=4fb8cd834e4cee0cb28a49fc68f58c16 StaticDependenciesID=9c9d692ff37f7dc3f57acc288940e17f 
Importing 'GUID: b4f2ee853e6878f4ebf2c12eb4167046 - Path: Assets/Resources/multilayertextures/kart4paint/kart4_Brad_spoiler_decal.png' with importer (TextureImporter)
Imported 'GUID: b4f2ee853e6878f4ebf2c12eb4167046' -> (Import Result ID: '6d9b23f42d181848923ccb9739b82a52') in 0.016 seconds [static and dynamic dependencies]. Details - ImportResultOutputID=f434ce42801b0f76ee2f2e1edba97391 DependenciesID=87c292da52c80f7bca52b7ff8051463b StaticDependenciesID=631452f49c5e7c21fcde189cc2c68916 
Importing 'GUID: b43651fb085b38445ade3f9de3ab0636 - Path: Packages/com.unity.collab-proxy/Editor/Assets/Images/iconinviteusers@2x.png' with importer (TextureImporter)
Imported 'GUID: b43651fb085b38445ade3f9de3ab0636' -> (Import Result ID: '488157bd678e3bffeeab735fd439b79f') in 0.016 seconds [static and dynamic dependencies]. Details - ImportResultOutputID=c0ca42fc5be2d1724ba3e27686915a37 DependenciesID=07129c25b68ee4bc863e51af332d0376 StaticDependenciesID=2b51577acb4d8fb9fad3cb2a7b27be7e 
Importing 'GUID: b46d3a07716bc8b4296166d5ac10e492 - Path: Packages/com.unity.2d.tilemap/Editor/Icons/d_Tilemap.FocusGrid.png' with importer (TextureImporter)
Imported 'GUID: b46d3a07716bc8b4296166d5ac10e492' -> (Import Result ID: '09ccb1c4013a10569512e0f8859fef6f') in 0.015 seconds [static and dynamic dependencies]. Details - ImportResultOutputID=72bab16ffa503d208f47bf2a942c69e2 DependenciesID=89d72c12813efc7ae2cf6fadf0362b4f StaticDependenciesID=d107c3007dec28f99f6c54cf707b9c3b 
Importing 'GUID: b49d101e1c1a30049840e2ff20d8b9db - Path: Assets/Texture2D/ExplosionFire.png' with importer (TextureImporter)
Imported 'GUID: b49d101e1c1a30049840e2ff20d8b9db' -> (Import Result ID: 'dc2e46255855d8abbbf9e81f44a63030') in 0.048 seconds [static and dynamic dependencies]. Details - ImportResultOutputID=7778c39085ce0b6533dbaea4e12c63af DependenciesID=123990d4889724ff8cc2ebbc6b08d8c6 StaticDependenciesID=ec3fb314e88e3a815331021604d82249 
Importing 'GUID: c4b1ae59822894d4d8e2560a4bbfca37 - Path: Assets/Texture2D/RaceResults SpriteAtlas.png' with importer (TextureImporter)
Imported 'GUID: c4b1ae59822894d4d8e2560a4bbfca37' -> (Import Result ID: 'd00dcf3de72c54bf4b7de59ec1e7acda') in 0.658 seconds [static and dynamic dependencies]. Details - ImportResultOutputID=5bd9246143a16c7f042cee45d8b36b5f DependenciesID=395d3b89f148ff91e75a1aa23b0c800b StaticDependenciesID=d5c4d7b9b9b7cc130dd5dd8182b63a84 
Importing 'GUID: c482d7c8e2aee794e8d1bfee2344252d - Path: Assets/Texture2D/fish hooks column.png' with importer (TextureImporter)
Imported 'GUID: c482d7c8e2aee794e8d1bfee2344252d' -> (Import Result ID: 'fb21e0544e1ed4a4d69d6bbf569171d5') in 0.030 seconds [static and dynamic dependencies]. Details - ImportResultOutputID=36156fb436c1b46d3801db0907421367 DependenciesID=a822281402f612670f1e95cd7b8ebdd0 StaticDependenciesID=9c498d65684b2f382ed968a001337ef2 
Importing 'GUID: c41381829109cd84786a392ea6e3db60 - Path: Packages/com.unity.collab-proxy/Editor/Assets/Images/d_iconadd@2x.png' with importer (TextureImporter)
Imported 'GUID: c41381829109cd84786a392ea6e3db60' -> (Import Result ID: '4caf90b80f8a4c1d8b160f1ed7d67ed4') in 0.019 seconds [static and dynamic dependencies]. Details - ImportResultOutputID=3192fb021d195f2c4273df967c9a1b5a DependenciesID=f95262ab7b84de88fa023707f442866c StaticDependenciesID=658dacb9c858de792d42411beaf07af9 
Importing 'GUID: c4f6f4573afb05441aa3f6f19427bcdc - Path: Assets/Texture2D/Swatch Bea.png' with importer (TextureImporter)
Imported 'GUID: c4f6f4573afb05441aa3f6f19427bcdc' -> (Import Result ID: 'ca716db3162512dba390ec3d6dc20c7d') in 0.018 seconds [static and dynamic dependencies]. Details - ImportResultOutputID=5a9d038a4be258c02cc2069045b0d48d DependenciesID=2fa52ba288d6350c10fd4624e24324f5 StaticDependenciesID=0b7af62a4a15b3c8232a095fcb419815 
Importing 'GUID: c48b8bcda45b63442a7a7c7244c84635 - Path: Packages/com.unity.collab-proxy/Editor/Assets/Images/d_iconcurrentbranch@2x.png' with importer (TextureImporter)
Imported 'GUID: c48b8bcda45b63442a7a7c7244c84635' -> (Import Result ID: '7acf73eaaf87cc8a37a6c539cb75a737') in 0.021 seconds [static and dynamic dependencies]. Details - ImportResultOutputID=1c1e3aace07429d82ed79064041f346b DependenciesID=d7bb9ddb0277a5dd01f101c23f75d1eb StaticDependenciesID=037b61f784f8e8b9b9db033db19cf6da 
Importing 'GUID: d42323c1014af62458ee4ec9a05c79d5 - Path: Assets/Texture2D/LaserWall.png' with importer (TextureImporter)
Imported 'GUID: d42323c1014af62458ee4ec9a05c79d5' -> (Import Result ID: '21e04e5ce493eb5659f5c01a17f83b62') in 0.033 seconds [static and dynamic dependencies]. Details - ImportResultOutputID=a7d53aa9c1f005996f0c360ea43843ed DependenciesID=112ea00845e6dee9bfcbdd09ccaa3d29 StaticDependenciesID=e530832cf8d8705da6ad2776fac2aac3 
Importing 'GUID: d4780dc1205c7c7478c970d8c61d24e8 - Path: Packages/com.unity.collab-proxy/Editor/Assets/Images/stepok.png' with importer (TextureImporter)
Imported 'GUID: d4780dc1205c7c7478c970d8c61d24e8' -> (Import Result ID: '586c01660eb1065bdf0e2ba4745f6b95') in 0.014 seconds [static and dynamic dependencies]. Details - ImportResultOutputID=ea0d06e0b71131194a321d18fd0b61d8 DependenciesID=7286fcb0e3b5fcddff4d6b5b28ca7447 StaticDependenciesID=96e427beb973bf9f3b71a7a9c61ab08b 
Importing 'GUID: d4cd060c7bf78644d99a5eec9c83c21d - Path: Packages/com.unity.services.analytics/Editor/Tools/Checkmark.png' with importer (TextureImporter)
Imported 'GUID: d4cd060c7bf78644d99a5eec9c83c21d' -> (Import Result ID: 'baa7b19f0ce41b794c722cc00a1678d1') in 0.017 seconds [static and dynamic dependencies]. Details - ImportResultOutputID=c4f0c433a3a5c69c19c871cdcf8991f0 DependenciesID=46138a243dc77fa33f09b8020413b6cf StaticDependenciesID=bd53cc53cb09073065a4d685484db14f 
Importing 'GUID: d44fc8b11425e0043aa7c20a301ce707 - Path: Packages/com.unity.timeline/Editor/StyleSheets/Images/Icons/TimelineClipBG.png' with importer (TextureImporter)
Imported 'GUID: d44fc8b11425e0043aa7c20a301ce707' -> (Import Result ID: '31daa81fc45882c91501fa249c04b0da') in 0.022 seconds [static and dynamic dependencies]. Details - ImportResultOutputID=f23b4bc25a9cdee35b7c1eb794e87ddd DependenciesID=5917c24552e2cc85353978249a49d6c0 StaticDependenciesID=a4b8a41d310fee8b4aa954da7105bf61 
Importing 'GUID: d44f9c7a4044e1845b5b3627ba32fb10 - Path: Packages/com.unity.collab-proxy/Editor/Assets/Images/d_iconbrex.png' with importer (TextureImporter)
Imported 'GUID: d44f9c7a4044e1845b5b3627ba32fb10' -> (Import Result ID: 'bd77c4df7b4ea9f3d3e1c3f2d214ae54') in 0.020 seconds [static and dynamic dependencies]. Details - ImportResultOutputID=d194a8bea8d724cd3c519684e4021b76 DependenciesID=4e010afdf0c01840be7b45e7bf9720a2 StaticDependenciesID=6de32b1d403ea1ff1190979309bce6ec 
Importing 'GUID: e4517bb2f521d99439ec9981a44a87ec - Path: Packages/com.unity.collab-proxy/Editor/Assets/Images/iconoutofsyncoverlay.png' with importer (TextureImporter)
Imported 'GUID: e4517bb2f521d99439ec9981a44a87ec' -> (Import Result ID: '38abeafed22e655d3a0a8e87a9c0f671') in 0.017 seconds [static and dynamic dependencies]. Details - ImportResultOutputID=b93273540b7541b4dbf134caff73690e DependenciesID=df5b22d66e3529033edd19b06691249e StaticDependenciesID=771b778059a08a99a1db45c3427b4964 
Importing 'GUID: e45389a8a97044d4caf408f252370632 - Path: Packages/com.unity.collab-proxy/Editor/Assets/Images/iconbranches@2x.png' with importer (TextureImporter)
Imported 'GUID: e45389a8a97044d4caf408f252370632' -> (Import Result ID: '72fb2808b87067960aff0c89423267cf') in 0.019 seconds [static and dynamic dependencies]. Details - ImportResultOutputID=ad6c31633a1b7c9522cd8e087f8c945a DependenciesID=b213ccdb312109e2c665cac047e6a402 StaticDependenciesID=318223364754799e2ce68b1ec0918501 
Importing 'GUID: e4f97225bcfb64760a1c81f460837f01 - Path: Packages/com.unity.ai.navigation/Gizmos/NavMeshSurface Icon.png' with importer (TextureImporter)
Imported 'GUID: e4f97225bcfb64760a1c81f460837f01' -> (Import Result ID: '6256604dc70193535938db2bb3c48c2f') in 0.013 seconds [static and dynamic dependencies]. Details - ImportResultOutputID=35525d6b10bb7d93a493716c0fc00a2e DependenciesID=4ba6915839ee00b25e7d2188a8dcb2be StaticDependenciesID=fb2fe97fb6b67d938edb9511c68f6d09 
Importing 'GUID: e41a6ab3ac7354642a9006c03183e95e - Path: Packages/com.unity.2d.tilemap/Editor/Icons/d_Grid.RotateCW@2x.png' with importer (TextureImporter)
Imported 'GUID: e41a6ab3ac7354642a9006c03183e95e' -> (Import Result ID: 'd36a7d770ac1308903ab830c5a9514ed') in 0.020 seconds [static and dynamic dependencies]. Details - ImportResultOutputID=8c895037aea26954a3d49eec2b3bd734 DependenciesID=b61064b8ef739a572f7be63f048d7ec2 StaticDependenciesID=09478313ee5236d26473d8474651eb16 
Importing 'GUID: e44e4c2b79ede0c4b89ae127823e1529 - Path: Assets/Texture2D/CoronaStar.png' with importer (TextureImporter)
Imported 'GUID: e44e4c2b79ede0c4b89ae127823e1529' -> (Import Result ID: '95751a6c070302625d11a9259290692b') in 0.023 seconds [static and dynamic dependencies]. Details - ImportResultOutputID=16f2df3ae57ae9063f3a380d22c4c162 DependenciesID=8fbae7492f909c4088d90bd34efd6a14 StaticDependenciesID=983378f543ffac64427382beb4b399f9 
Importing 'GUID: f41357e2483be0e489a4c9a2e5fed8dc - Path: Assets/Scenes/Tracks/Fish Hooks Track 3/LightmapFar-0.png' with importer (TextureImporter)
Imported 'GUID: f41357e2483be0e489a4c9a2e5fed8dc' -> (Import Result ID: 'e6cd44c7ee1b01a4dcaf4dc4f02658c3') in 0.118 seconds [static and dynamic dependencies]. Details - ImportResultOutputID=f0e12ba54823f41b2ac0ea278bd0761e DependenciesID=b19b6943e17afe7e753db9be07244a04 StaticDependenciesID=033a4614db52b7c9efb14d3fd7163da2 
Importing 'GUID: f4d4cddc7d40e49e18d2253e661465b2 - Path: Packages/com.unity.collab-proxy/Editor/Assets/Images/d_ArrowCaretRight.png' with importer (TextureImporter)
Imported 'GUID: f4d4cddc7d40e49e18d2253e661465b2' -> (Import Result ID: 'ee928be1ef6b23d44a7f02442ac54c0a') in 0.019 seconds [static and dynamic dependencies]. Details - ImportResultOutputID=d5f0b96fe4a81321779651100c6d0cf0 DependenciesID=c6ba64c5a4b91830673f8e1da450c3a3 StaticDependenciesID=0710cf68211f5078e0c494e11ded940f 
Importing 'GUID: f4e6455a6ba807a429a593ffa860bff8 - Path: Assets/Resources/multilayertextures/kart2paint/kart2_body_detail.png' with importer (TextureImporter)
Imported 'GUID: f4e6455a6ba807a429a593ffa860bff8' -> (Import Result ID: '5a1a7fe88c92d35fd3fea5a5cca01044') in 0.018 seconds [static and dynamic dependencies]. Details - ImportResultOutputID=fea3a5ffa593157cb4974f9f4b3d9723 DependenciesID=81f3e6547d2b545558f03b5d341619b0 StaticDependenciesID=9e5538ce4ad0b938224b88dcb2c2d330 
Importing 'GUID: f42a69ee6b34c4a8eb57e17686d6ab67 - Path: Packages/com.unity.collab-proxy/Editor/Assets/Images/iconhistory.png' with importer (TextureImporter)
Imported 'GUID: f42a69ee6b34c4a8eb57e17686d6ab67' -> (Import Result ID: '25b025c66fd0a20d86024bdc29e06456') in 0.019 seconds [static and dynamic dependencies]. Details - ImportResultOutputID=05ed19338ed512fde8b3495661e6f370 DependenciesID=12fa62150d4194a31b2eb8759cdf7151 StaticDependenciesID=cce28c71e2690f4244daed9a6571597e 
Importing 'GUID: 0560e4ba63c9bf946abda87361a95260 - Path: Assets/Texture2D/MagnetShield.png' with importer (TextureImporter)
Imported 'GUID: 0560e4ba63c9bf946abda87361a95260' -> (Import Result ID: '4392019f017ee83f9123fd0618f65cb9') in 0.141 seconds [static and dynamic dependencies]. Details - ImportResultOutputID=d8fdeee8487e71de4082264cf19c1377 DependenciesID=bd9915911b0bf2866e0cf85de5c0fe69 StaticDependenciesID=ed5fe7cfb9a99a892a75a03b50df0154 
Importing 'GUID: 0594f3299f18e6f41908492f9b359f6c - Path: Packages/com.unity.2d.tilemap/Editor/Icons/d_GridSelection.png' with importer (TextureImporter)
Imported 'GUID: 0594f3299f18e6f41908492f9b359f6c' -> (Import Result ID: 'cc535ac0baaa742f23314aa1f179bcd7') in 0.018 seconds [static and dynamic dependencies]. Details - ImportResultOutputID=35b549c66244e9354d2c27e0d14c3028 DependenciesID=cf708d6f597400f4fae422a80d613fc2 StaticDependenciesID=acf665a8f0bf4f6f6a96de1dd433a006 
Importing 'GUID: 0525793900d728a42936791a8a6de63b - Path: Packages/com.unity.collab-proxy/Editor/Assets/Images/d_iconclosebutton@2x.png' with importer (TextureImporter)
Imported 'GUID: 0525793900d728a42936791a8a6de63b' -> (Import Result ID: 'b9f75981620950cff1a3c48eaa5a5ddb') in 0.014 seconds [static and dynamic dependencies]. Details - ImportResultOutputID=c180ff97853af0df353bfe28f3770534 DependenciesID=27f475dc6eab47b3032b154197647121 StaticDependenciesID=c3763ad686458c53e0e8ff30d21f8c11 
Importing 'GUID: 0526537eeb87aca4aa4caa334691d013 - Path: Assets/Resources/multilayertextures/kart6paint/kart6_scoop_main.png' with importer (TextureImporter)
Imported 'GUID: 0526537eeb87aca4aa4caa334691d013' -> (Import Result ID: '01e303928a25b5f79dd70266c05a9fa2') in 0.014 seconds [static and dynamic dependencies]. Details - ImportResultOutputID=b09a32fcd79e38dda3122ca73339c140 DependenciesID=66fdf3d627e6fd45214b7adcffb4e90f StaticDependenciesID=6c5d04d329ceca16f346056c014e83fa 
Importing 'GUID: 05884e5f522471940a1b6262b3ad4d4f - Path: Assets/Resources/multilayertextures/kart0paint/kart0_wheels_main.png' with importer (TextureImporter)
Imported 'GUID: 05884e5f522471940a1b6262b3ad4d4f' -> (Import Result ID: '2e4ffec81a126281675fda935c210ac3') in 0.014 seconds [static and dynamic dependencies]. Details - ImportResultOutputID=df25a38fd68c23690705e46c05aba74b DependenciesID=b3d2246bca4b9e28c2e364d0de974cc0 StaticDependenciesID=7a2231df51c0148beb42735608c42fde 
Importing 'GUID: 05ba7199286b24c6ca7441e2c454f5c3 - Path: Packages/com.unity.collab-proxy/Editor/Assets/Images/d_inclusionrule.png' with importer (TextureImporter)
Imported 'GUID: 05ba7199286b24c6ca7441e2c454f5c3' -> (Import Result ID: 'a82757542cf64b63e5a708c5bd7c60f9') in 0.014 seconds [static and dynamic dependencies]. Details - ImportResultOutputID=a5fb35715c937efec20ae8f174fd2281 DependenciesID=b414fa1d3f0e553fea701260727a288e StaticDependenciesID=133e6bc5f59b546a0fbfc056fb2f1b70 
Importing 'GUID: 058cf02658da38649bab4b604c0dafa1 - Path: Assets/Resources/multilayertextures/kart0nopaint/kart0NO_body_main.png' with importer (TextureImporter)
Imported 'GUID: 058cf02658da38649bab4b604c0dafa1' -> (Import Result ID: '6d075a79b608920c7c0f9310834e7c57') in 0.016 seconds [static and dynamic dependencies]. Details - ImportResultOutputID=b8980150c3f0405aa96a8e937ed84eb9 DependenciesID=3dee004227e246473c2ccc2346d81b39 StaticDependenciesID=9023f7e750dbea287222fabde5dbaf45 
Importing 'GUID: 056ee72c467a4e24d87541d42839ca72 - Path: Packages/com.unity.collab-proxy/Editor/Assets/Images/d_iconconflictresolvedoverlay.png' with importer (TextureImporter)
Imported 'GUID: 056ee72c467a4e24d87541d42839ca72' -> (Import Result ID: 'bc5c108c2503fee7fd9e08d134f57030') in 0.014 seconds [static and dynamic dependencies]. Details - ImportResultOutputID=2619a6a24e117fd2f07cfe04c10001bf DependenciesID=183824b5d378c3a29ecaa40021fc06fa StaticDependenciesID=087032fb112b2c13622326d30ae7ed88 
Importing 'GUID: 15845fb26c2846947b4dedb9fb348cc1 - Path: Packages/com.unity.timeline/Editor/StyleSheets/Images/Icons/TimelineSignal.png' with importer (TextureImporter)
Imported 'GUID: 15845fb26c2846947b4dedb9fb348cc1' -> (Import Result ID: 'e6f5761a1ca813c9b5d80ab23362fe84') in 0.015 seconds [static and dynamic dependencies]. Details - ImportResultOutputID=089fc685a9c25ca5b4423dfcea7af996 DependenciesID=062d3be08c4d4982b81ed477af446be5 StaticDependenciesID=70008af0df3c9dc990084ce0df112340 
Importing 'GUID: 151753cf3d5916d4fbf624668c268675 - Path: Packages/com.unity.ai.navigation/EditorResources/Overlay/NavigationOverlay On@64.png' with importer (TextureImporter)
Imported 'GUID: 151753cf3d5916d4fbf624668c268675' -> (Import Result ID: 'a0ead0ac8a044f3397d3666b5cb31204') in 0.015 seconds [static and dynamic dependencies]. Details - ImportResultOutputID=ba0ab403728c470f8e2bfffae0c19d3a DependenciesID=0b0d038d669ecb0a07e10375bf5f1265 StaticDependenciesID=6b8fad282077f9a887d4bd049db0ed7e 
Importing 'GUID: 15ac84998d8bbc34fbc06584f50cb2ca - Path: Assets/Texture2D/highway sign uvs.png' with importer (TextureImporter)
Imported 'GUID: 15ac84998d8bbc34fbc06584f50cb2ca' -> (Import Result ID: 'b8fd46e2f4aaf5023be3d7dac650c3d3') in 0.039 seconds [static and dynamic dependencies]. Details - ImportResultOutputID=1bd6363b7aa14ba5d22456ca93ae189a DependenciesID=ea6bf1beea7d2f7edc503c6933d3fea5 StaticDependenciesID=0c66a5aa93ad6a7b05bc7a5f83cbe082 
Importing 'GUID: 25e2548bde9994d4db564f1d70141575 - Path: Assets/Texture2D/arrow sign.png' with importer (TextureImporter)
Imported 'GUID: 25e2548bde9994d4db564f1d70141575' -> (Import Result ID: '8db316f852bfcefbbfda7533bb825cde') in 0.047 seconds [static and dynamic dependencies]. Details - ImportResultOutputID=46f834d2cac3a37dd32f2baf57cfdbc1 DependenciesID=fe9788cdb5f59d92fc16bf243b25322d StaticDependenciesID=fe08f2f71fc6e0ff62f4169ed3b30c00 
Importing 'GUID: 251deacf7d92b144e9a104c1e8d86b74 - Path: Assets/Texture2D/tile_02.png' with importer (TextureImporter)
Imported 'GUID: 251deacf7d92b144e9a104c1e8d86b74' -> (Import Result ID: '0608b3f08ec16126d410c4fcfc427b73') in 0.046 seconds [static and dynamic dependencies]. Details - ImportResultOutputID=3515c3b20d8fd7b2628976c18748544d DependenciesID=6619adb62f99d575ad33ba3c117b8b83 StaticDependenciesID=6d605687000861441f1793e45d312a85 
Importing 'GUID: 259fe6e49c74eb143a9fc88f6bd3f050 - Path: Packages/com.unity.collab-proxy/Editor/Assets/Images/iconclouddriveview@2x.png' with importer (TextureImporter)
Imported 'GUID: 259fe6e49c74eb143a9fc88f6bd3f050' -> (Import Result ID: 'c39dcea89a2a32ce3d42a2032902f353') in 0.019 seconds [static and dynamic dependencies]. Details - ImportResultOutputID=289077d23fb99c8c01ddc913a3c24f95 DependenciesID=43e170504888d99dd8dbb37420cd28b6 StaticDependenciesID=01513c2d582ecd1e3ab26e235a560751 
Importing 'GUID: 352a8fb9dee94054e95df1f9d576f8d6 - Path: Assets/Resources/multilayertextures/kart3paint/kart3_scoop_main.png' with importer (TextureImporter)
Imported 'GUID: 352a8fb9dee94054e95df1f9d576f8d6' -> (Import Result ID: 'a46ea843ee1c04c7b412c0a251f1a883') in 0.018 seconds [static and dynamic dependencies]. Details - ImportResultOutputID=a50761ebc1e5e6f3515dc57b0a6ca197 DependenciesID=18ab52d681b4fd96e00e04a18dca2e39 StaticDependenciesID=4de49b982e6183c03ff2b1ce639639ef 
Importing 'GUID: 359cf58d5969d1a4aad29b095c7fc338 - Path: Packages/com.unity.timeline/Editor/StyleSheets/Images/DarkSkin/TimelineActivation.png' with importer (TextureImporter)
Imported 'GUID: 359cf58d5969d1a4aad29b095c7fc338' -> (Import Result ID: '38e28367748919a74f7fe386ebf2fbbf') in 0.017 seconds [static and dynamic dependencies]. Details - ImportResultOutputID=5aeb1fb465eddd175d6db30f48a48d6e DependenciesID=b69fda224256b3aede9fabffc0f19396 StaticDependenciesID=3fcf9bf17405d338c7c795b291eb6df5 
Importing 'GUID: 35ff0937876540d3bd4b6a941df62a92 - Path: Packages/com.unity.ugui/Editor Resources/Textures/btn_AlignCenterGeo_Light.psd' with importer (TextureImporter)
Imported 'GUID: 35ff0937876540d3bd4b6a941df62a92' -> (Import Result ID: '572e5e6343177e55e480cfe5fbf9abf8') in 0.018 seconds [static and dynamic dependencies]. Details - ImportResultOutputID=3ce1b2804896f28a22fd0d25f865974c DependenciesID=6eba690fc08952868fffd7cb89f429f0 StaticDependenciesID=267c468312115d868370feab4d58b31c 
Importing 'GUID: 45612d93bb71d8f48bb1dba4b0f5caac - Path: Packages/com.unity.2d.tilemap/Editor/Icons/Tilemap.BrushPicks@4x.png' with importer (TextureImporter)
Imported 'GUID: 45612d93bb71d8f48bb1dba4b0f5caac' -> (Import Result ID: '892c5274ffc6f9f69a44d20d39b29290') in 0.017 seconds [static and dynamic dependencies]. Details - ImportResultOutputID=c56f8becaa9b90ec805e277e4a6dfce5 DependenciesID=a942e8ea2ac03aa1a5094d72a1a8adde StaticDependenciesID=281d7ada69159d81f1539b0b1ac2e825 
Importing 'GUID: 4576408ff459c3a48a69ad3c7d941581 - Path: Packages/com.unity.2d.tilemap/Editor/Icons/d_Tilemap.ShowGrid@2x.png' with importer (TextureImporter)
Imported 'GUID: 4576408ff459c3a48a69ad3c7d941581' -> (Import Result ID: '3f39b6af24ccfcd8a49f5a7118c1efd0') in 0.015 seconds [static and dynamic dependencies]. Details - ImportResultOutputID=deb4541b1a9775d6a6424a65ae336d72 DependenciesID=bca4b9bb9a1e8ae4006572bc74f6db69 StaticDependenciesID=cd218631c836a8d58e5e35d8033cc0df 
Importing 'GUID: 5544f39aea350784ba1dd4ecc285b777 - Path: Packages/com.unity.collab-proxy/Editor/Assets/Images/d_iconzoomin.png' with importer (TextureImporter)
Imported 'GUID: 5544f39aea350784ba1dd4ecc285b777' -> (Import Result ID: '1e6bec0270106e84356ac459d9eee8bb') in 0.018 seconds [static and dynamic dependencies]. Details - ImportResultOutputID=794d9eecb93ae2f2bce55edb7f7dfcf4 DependenciesID=4a05db7e90869fb792fc810b216afb14 StaticDependenciesID=f9267fe0b722ae13749caff38e05e260 
Importing 'GUID: 55747841a2e3b47dab36dc8d5e0dc4df - Path: Packages/com.unity.collab-proxy/Editor/Assets/Images/d_iconlock@2x.png' with importer (TextureImporter)
Imported 'GUID: 55747841a2e3b47dab36dc8d5e0dc4df' -> (Import Result ID: '76429f5af8136a80746849cdfeff37c1') in 0.017 seconds [static and dynamic dependencies]. Details - ImportResultOutputID=77b9523ea42a65b986a766fe9f35e81e DependenciesID=c191ebfd34f29a7d55b7da5d4302a0c7 StaticDependenciesID=24244ab7eec2827d594eb70071511607 
Importing 'GUID: 55e457740fe60405dac77af143e1a867 - Path: Packages/com.unity.purchasing/Icons/UnityEngine.Purchasing.IAPButtonIcon.png' with importer (TextureImporter)
Imported 'GUID: 55e457740fe60405dac77af143e1a867' -> (Import Result ID: '0cab47688512b7958a0fccc0b0b64a04') in 0.016 seconds [static and dynamic dependencies]. Details - ImportResultOutputID=fd0c14f3cf34faa9d1ac8db64b156e8f DependenciesID=e17f41a5ee8cd60b62ef5cbc97ed5f3c StaticDependenciesID=ddc9d658e613cbb91ab0c4c6f1cf75da 
Importing 'GUID: 55356ed20546e834594a5c5ed8d8a3a2 - Path: Assets/Scenes/Tracks/Phineas Track 3/LightmapFar-1.png' with importer (TextureImporter)
Imported 'GUID: 55356ed20546e834594a5c5ed8d8a3a2' -> (Import Result ID: '1bfc26aa48f48695790cdf5241e1582d') in 0.128 seconds [static and dynamic dependencies]. Details - ImportResultOutputID=7bb4a1d46aad1f8c046be3e9ba005888 DependenciesID=bd8c861cefa9d782d99daa4e4839124f StaticDependenciesID=f1e7d1466134ca6dabcc01c00b7060d4 
Importing 'GUID: 555590668fba60241bc5718367292b5f - Path: Assets/Resources/multilayertextures/kart0nopaint/kart0NO_scoop_main.png' with importer (TextureImporter)
Imported 'GUID: 555590668fba60241bc5718367292b5f' -> (Import Result ID: '2763124cc73e1ad58fe32971f4d3939c') in 0.016 seconds [static and dynamic dependencies]. Details - ImportResultOutputID=a97814660f21bee691c4b3d797d94d3f DependenciesID=1a418cebcfacd865656b3e5b0540ee88 StaticDependenciesID=a902896f645b0fe2f84f24715636b12e 
Importing 'GUID: 556a2f3b046024d4c9621c1b4be5f0c1 - Path: Packages/com.unity.collab-proxy/Editor/Assets/Images/xlink.png' with importer (TextureImporter)
Imported 'GUID: 556a2f3b046024d4c9621c1b4be5f0c1' -> (Import Result ID: 'dac82e84f00dae7713dd2fee661384be') in 0.017 seconds [static and dynamic dependencies]. Details - ImportResultOutputID=21f002270e5a9c74bce35ba412dd68d1 DependenciesID=72e47a9dd035224bc7a8145535c5b279 StaticDependenciesID=9ceb5daa80dca6a1e70610586372ac30 
Importing 'GUID: 55ea118682152e145a469678a72a5cfd - Path: Assets/Texture2D/garage toolbox.png' with importer (TextureImporter)
Imported 'GUID: 55ea118682152e145a469678a72a5cfd' -> (Import Result ID: '3df69a0a47d1c9df3f32b51a002adc11') in 0.026 seconds [static and dynamic dependencies]. Details - ImportResultOutputID=2b09693ab00cd9ff8278903e8b4355f6 DependenciesID=22682ca7c8f5a5dae476cb08a931b6c3 StaticDependenciesID=e4adfd870a2814c7d677d30b1be4d87e 
Importing 'GUID: 556b836fc99258f4b90fcb3ad45842d2 - Path: Assets/Resources/multilayertextures/kart5paint/kart5_scoop_detail.png' with importer (TextureImporter)
Imported 'GUID: 556b836fc99258f4b90fcb3ad45842d2' -> (Import Result ID: '6c87c80ee740775e597e73da0a000412') in 0.015 seconds [static and dynamic dependencies]. Details - ImportResultOutputID=81b7c0608021743d98c25aa2089fdb84 DependenciesID=2f2d0c99e0e413668ab4b664a3e0969c StaticDependenciesID=78c2d3ea2e1e71aa4c98f1a2ac5010be 
Importing 'GUID: 65f0e363b74cf5845ab8c3fbc14f39ac - Path: Packages/com.unity.collab-proxy/Editor/Assets/Images/d_iconconflicted@2x.png' with importer (TextureImporter)
Imported 'GUID: 65f0e363b74cf5845ab8c3fbc14f39ac' -> (Import Result ID: 'adea7600e007c0bc4cfdc3662434e2f8') in 0.014 seconds [static and dynamic dependencies]. Details - ImportResultOutputID=775cc545b273d37b1faf788190868f24 DependenciesID=0e9256c337b5d5078c2da5a79b88f7c4 StaticDependenciesID=ac6feeff274b23a40cf4d09f70b1d322 
Importing 'GUID: 651488dca0c179844afecf79fe55dc19 - Path: Assets/Texture2D/sound icon SpriteAtlas.png' with importer (TextureImporter)
Imported 'GUID: 651488dca0c179844afecf79fe55dc19' -> (Import Result ID: '43c12ec6a4c44c904f1f030aab85b5df') in 0.150 seconds [static and dynamic dependencies]. Details - ImportResultOutputID=de7c45c869c94809fa07906135d78199 DependenciesID=17aa5dae4c13ec94208363f6c9a70840 StaticDependenciesID=ddccc7a95ccd40326808111d306e80f5 
Importing 'GUID: 6558c8df2b64edb49b035d4ec2ee2a26 - Path: Assets/Resources/localized/PhineasBillboardAd_english.png' with importer (TextureImporter)
Imported 'GUID: 6558c8df2b64edb49b035d4ec2ee2a26' -> (Import Result ID: '6f6c6d30a5c07572310ecedb072cf6b4') in 0.056 seconds [static and dynamic dependencies]. Details - ImportResultOutputID=bfa3c05155b59121460815f8b85e7163 DependenciesID=aed550004d68442d64a16bdbe45dd6f8 StaticDependenciesID=e53b028b30fdf461c326dde3778996ef 
Importing 'GUID: 65d85d897cde994459eed4de0e051adc - Path: Assets/Texture2D/texture additional parts.png' with importer (TextureImporter)
Imported 'GUID: 65d85d897cde994459eed4de0e051adc' -> (Import Result ID: '91439248d2b74845e8e86144ba91712d') in 0.083 seconds [static and dynamic dependencies]. Details - ImportResultOutputID=0d9c1d3876fcde0ccbf132360de37c22 DependenciesID=0c36aced575ce2c70f2299b47d885a4b StaticDependenciesID=f5bc24e585c8ad8e12841ddbf3d5d9ee 
Importing 'GUID: 65dc6f6e5aee10f4e8dba240a9cf2d2c - Path: Assets/Texture2D/randy.png' with importer (TextureImporter)
Imported 'GUID: 65dc6f6e5aee10f4e8dba240a9cf2d2c' -> (Import Result ID: '66d0bb9c185da1115bc03e6e8fb20db3') in 0.024 seconds [static and dynamic dependencies]. Details - ImportResultOutputID=e02f1df924d0dffe7ca574ac36a90905 DependenciesID=eab8ec30257d486f97defeb7b1bedbeb StaticDependenciesID=c5beb3233a7b82cc26314fd90f31100e 
Importing 'GUID: 7521f1882a4ae3d4bbef4b775d38f77a - Path: Assets/Resources/multilayertextures/kart3paint/kart3_Mabel_body_decal.png' with importer (TextureImporter)
Imported 'GUID: 7521f1882a4ae3d4bbef4b775d38f77a' -> (Import Result ID: '01f7393063a506d6984b44a4e3c775d8') in 0.017 seconds [static and dynamic dependencies]. Details - ImportResultOutputID=faabf2546cd250a27aca43e30c44ebc3 DependenciesID=87ad23e3c8697432499a213cadff1d93 StaticDependenciesID=8e7d00b95a73e0a12ee6fd9a33237bfb 
Importing 'GUID: 75f26f1c549568c4e9950a368bd08cb8 - Path: Packages/com.unity.timeline/Editor/StyleSheets/Images/Shared/Timeline-Marker-Multi-Overlay.png' with importer (TextureImporter)
Imported 'GUID: 75f26f1c549568c4e9950a368bd08cb8' -> (Import Result ID: 'fabdeb86b89dde572ed027f63a1fdd14') in 0.014 seconds [static and dynamic dependencies]. Details - ImportResultOutputID=ee9e156fb8854de428a84ca228363537 DependenciesID=fd6fc53032a9a12e87fed8c04e5a7e6f StaticDependenciesID=3897386a851ce74cd616161e8dc33121 
Importing 'GUID: 75e586e124d98904fa0df9ba75dbbe31 - Path: Assets/Texture2D/garage exit.png' with importer (TextureImporter)
Imported 'GUID: 75e586e124d98904fa0df9ba75dbbe31' -> (Import Result ID: '1499f3fa06beffa46950aa0c1df57627') in 0.043 seconds [static and dynamic dependencies]. Details - ImportResultOutputID=89b849523d80408dd98cd8ab2323ae49 DependenciesID=28746ecf5cc2c562f2b02d3f6b333cd9 StaticDependenciesID=0eeebaca54bca4a7c06dec70e78697e2 
Importing 'GUID: 75f5f34dc1b5347e0b8351032682f224 - Path: Packages/com.unity.2d.sprite/Editor/ObjectMenuCreation/DefaultAssets/Textures/v2/Triangle.png' with importer (TextureImporter)
Imported 'GUID: 75f5f34dc1b5347e0b8351032682f224' -> (Import Result ID: '672e0579281befea23039ba975308b14') in 0.027 seconds [static and dynamic dependencies]. Details - ImportResultOutputID=8427c332aa4e328675548a11e9ef9aba DependenciesID=05246f4fda9458d91d0fadea71e606ce StaticDependenciesID=e2fe5063888d902127b9d19f9518393d 
Importing 'GUID: 757877d7480b7e646bb770fd07c9de62 - Path: Assets/Resources/localized/KickLogo_norwegian.png' with importer (TextureImporter)
Imported 'GUID: 757877d7480b7e646bb770fd07c9de62' -> (Import Result ID: '568db0f11fc7ded53b81b5a80ad58a97') in 0.110 seconds [static and dynamic dependencies]. Details - ImportResultOutputID=e097c927b26f66a31fef2125d0bbdcb5 DependenciesID=27ea39df92d741558fc90ee1d92c87b0 StaticDependenciesID=5a7ea2cc0bc12de6bf763c0844bc01ed 
Importing 'GUID: 753a7ed4d63d7404eb6e78a4b39f017c - Path: Assets/Texture2D/Green Grass.png' with importer (TextureImporter)
Imported 'GUID: 753a7ed4d63d7404eb6e78a4b39f017c' -> (Import Result ID: '7f4f793887c2e6580e7819d368b3f3d5') in 0.131 seconds [static and dynamic dependencies]. Details - ImportResultOutputID=9170df4ec764310670c3bbbaa8e3b344 DependenciesID=9920f8f01953e8f73bec94978d7f00fd StaticDependenciesID=713a319360cf5fe77f42db52fb411768 
Importing 'GUID: 758eb7d232c2601469858796bb55e4ef - Path: Assets/Texture2D/fancy building C uvs.png' with importer (TextureImporter)
Imported 'GUID: 758eb7d232c2601469858796bb55e4ef' -> (Import Result ID: '2a6d52793230c63fc16bf8fae7477bd3') in 0.026 seconds [static and dynamic dependencies]. Details - ImportResultOutputID=217e124d849d8f704e0095887d7d6076 DependenciesID=f51cf58f09dbe3441f17e28302e64089 StaticDependenciesID=d6f1e90d3f3a5ae850b366e88b47b5dd 
Importing 'GUID: 857187d2d610c234587c8a50803e4307 - Path: Packages/com.unity.2d.tilemap/Editor/Icons/d_EditorUI.TargetHover@2x.png' with importer (TextureImporter)
Imported 'GUID: 857187d2d610c234587c8a50803e4307' -> (Import Result ID: '8ff2cf5491258859a2294cd0e2f3a3f6') in 0.016 seconds [static and dynamic dependencies]. Details - ImportResultOutputID=5953882930d46ef69a0d954a8998686b DependenciesID=0fe0bdbb8bc66c150979dc1c8dc7ecf4 StaticDependenciesID=ab4644ee1191316a527b75da7243922f 
Importing 'GUID: 85847886c724a2a43836987d3ec56e7b - Path: Assets/Texture2D/texture kart04.png' with importer (TextureImporter)
Imported 'GUID: 85847886c724a2a43836987d3ec56e7b' -> (Import Result ID: 'f8b91cb72a4a61f0ca76167b855399b8') in 0.026 seconds [static and dynamic dependencies]. Details - ImportResultOutputID=666285fde56770cb199b910a96068300 DependenciesID=619a5b55a55b124b5f1962b6e2512275 StaticDependenciesID=2c8d879f2a59d02468ce4a88e5419b26 
Importing 'GUID: 95b2d1ff151dd2f479bf1f6321b44179 - Path: Packages/com.unity.2d.tilemap/Editor/Icons/d_Tilemap.ShowTilePalette.png' with importer (TextureImporter)
Imported 'GUID: 95b2d1ff151dd2f479bf1f6321b44179' -> (Import Result ID: '9f86dd140d2e163587c57de25131b4b4') in 0.016 seconds [static and dynamic dependencies]. Details - ImportResultOutputID=ac76673fc739bb0dccc143ba53ac7111 DependenciesID=361443ac94eed2f1569b0274e735f529 StaticDependenciesID=29789ae71ad2f82dc3820ac6afc18d95 
Importing 'GUID: 9584af03d5f163a40903fdaf2a585759 - Path: Assets/Texture2D/box.png' with importer (TextureImporter)
Imported 'GUID: 9584af03d5f163a40903fdaf2a585759' -> (Import Result ID: '3e8354f9abc4892c53af173986f26caa') in 0.047 seconds [static and dynamic dependencies]. Details - ImportResultOutputID=d23f5c681c07f6987df87cc90decdeb1 DependenciesID=88051d165669859a94a14f5886272d63 StaticDependenciesID=8adcbe559f52ce45f0e58706d3a220b0 
Importing 'GUID: 9589d5d9eb09dec43b2ad51af4e78b1e - Path: Packages/com.unity.timeline/Editor/StyleSheets/Images/Icons/TrackCurvesButtonEnabled.png' with importer (TextureImporter)
Imported 'GUID: 9589d5d9eb09dec43b2ad51af4e78b1e' -> (Import Result ID: 'fe530403cce2b50cf4418a5d720e9beb') in 0.016 seconds [static and dynamic dependencies]. Details - ImportResultOutputID=dd53ce94c3dc8da119c72c89d277454a DependenciesID=6f4c9aeb44e05bc0d5b8efdf927a82ee StaticDependenciesID=6ef172924b6c5b02c23ee9405a7b7c8c 
Importing 'GUID: 956deaef7c041ed4abe7a5a3690c28bc - Path: Packages/com.unity.collab-proxy/Editor/Assets/Images/buttonhome@2x.png' with importer (TextureImporter)
Imported 'GUID: 956deaef7c041ed4abe7a5a3690c28bc' -> (Import Result ID: '670619b55f60392dd84bf787f6af060d') in 0.016 seconds [static and dynamic dependencies]. Details - ImportResultOutputID=fddabba174b60f2b1a4cf8299541cde6 DependenciesID=79434264170ff794e8a9bebe484c3a08 StaticDependenciesID=e94672af8e3db4f18b8b3eff74d5f053 
Importing 'GUID: a5e21f4e466690645980dd0cf0b664bc - Path: Packages/com.unity.timeline/Editor/StyleSheets/Images/DarkSkin/TimelineSignalSelected.png' with importer (TextureImporter)
Imported 'GUID: a5e21f4e466690645980dd0cf0b664bc' -> (Import Result ID: 'fcb0b80b36c217e19cd43125a6fdd8db') in 0.018 seconds [static and dynamic dependencies]. Details - ImportResultOutputID=96e7e5503bc85b0324f18bf75dac7948 DependenciesID=36e2afe065bb0184808df1dcac6e52e6 StaticDependenciesID=d83c0f16df468ac86bd8cb8794edf794 
Importing 'GUID: a57d0bc93481bd844af3c2236db044f2 - Path: Packages/com.unity.collab-proxy/Editor/Assets/Images/iconaddedoverlay.png' with importer (TextureImporter)
Imported 'GUID: a57d0bc93481bd844af3c2236db044f2' -> (Import Result ID: '72ac9c62fd786619105d2148a21cc842') in 0.014 seconds [static and dynamic dependencies]. Details - ImportResultOutputID=6f551e2723b173fa0a5d31146f025cba DependenciesID=90f4d2ebc81a991ccd87e0f38a5cdf0d StaticDependenciesID=2dd7d0afe70e02c956a17df5064285c4 
Importing 'GUID: b576bc44bffb8414eae7717ae90c9a35 - Path: Assets/Texture2D/Water Caustics.png' with importer (TextureImporter)
Imported 'GUID: b576bc44bffb8414eae7717ae90c9a35' -> (Import Result ID: 'fe21979c4dd449938c120995113bbced') in 0.029 seconds [static and dynamic dependencies]. Details - ImportResultOutputID=e4abb1b4e071500b026a4e3f392963db DependenciesID=7b3b1814750cf7bbb241e3889e84b847 StaticDependenciesID=36ad593fea64a76b72184e3b408c3063 
Importing 'GUID: b528c1b33a65cf94ea74f830b54c9acb - Path: Packages/com.unity.collab-proxy/Editor/Assets/Images/iconlockedlocaloverlay@2x.png' with importer (TextureImporter)
Imported 'GUID: b528c1b33a65cf94ea74f830b54c9acb' -> (Import Result ID: '12ac4fcd7e507be11b640556c1568854') in 0.016 seconds [static and dynamic dependencies]. Details - ImportResultOutputID=8fc9876bbbf1905806345a28f871c03d DependenciesID=237da569a0aebe6c446d34a457ec7c91 StaticDependenciesID=9527d46670959addcd1a5d384b6d4557 
Importing 'GUID: b58a826ca804e4c67bab4283ad5a6102 - Path: Packages/com.unity.multiplayer.center/Editor/MultiplayerCenterWindow/UI/Icons/NoNetcode@2x.png' with importer (TextureImporter)
Imported 'GUID: b58a826ca804e4c67bab4283ad5a6102' -> (Import Result ID: 'be3f3bf4f40bd60e2035ecec44587d93') in 0.022 seconds [static and dynamic dependencies]. Details - ImportResultOutputID=eae4566a21b54ba91d2a6cefa582411a DependenciesID=36eefc5875046756b1b348ea61dc4f62 StaticDependenciesID=1c4d2f91a1a2391f618a22de0cc9b848 
Importing 'GUID: b5bc649aa1bc06c4cb08ded007d59b11 - Path: Assets/Texture2D/Fadable HUD SpriteAtlas.png' with importer (TextureImporter)
Imported 'GUID: b5bc649aa1bc06c4cb08ded007d59b11' -> (Import Result ID: '42c7194c263b8eb4f583d3ddd83a16bc') in 0.059 seconds [static and dynamic dependencies]. Details - ImportResultOutputID=5778189498cdff78b411668578546c82 DependenciesID=0eb7b6ff8bc851833a2ee4ffa360538b StaticDependenciesID=3e8979d9912106499704c8215c0a7689 
Importing 'GUID: c5c1f094d9a9b3f4c9cc6c3a87af871c - Path: Packages/com.unity.timeline/Editor/StyleSheets/Images/Icons/TimelineEditModeRippleON.png' with importer (TextureImporter)
Imported 'GUID: c5c1f094d9a9b3f4c9cc6c3a87af871c' -> (Import Result ID: '52d7dbb217c01128b57cc1134eb4178e') in 0.014 seconds [static and dynamic dependencies]. Details - ImportResultOutputID=4cb97516f78561bb3c1465314a152b5a DependenciesID=1dc551a654c2c863d038b655b282503e StaticDependenciesID=fc51b3ba2dbc5a54bd72dd5f484c5fca 
Importing 'GUID: c54623997d885f6499655af6031a3bf9 - Path: Packages/com.unity.2d.tilemap/Editor/Icons/Tilemap.GridPaint@4x.png' with importer (TextureImporter)
Imported 'GUID: c54623997d885f6499655af6031a3bf9' -> (Import Result ID: '82ef9c144fa9e80e69ad14b6da62590e') in 0.017 seconds [static and dynamic dependencies]. Details - ImportResultOutputID=d8418869966f737cf98440d37161bf11 DependenciesID=39a3ff968a5254fa858d2e48f896dec8 StaticDependenciesID=923c3680544af36a7a7cb17eb7dd6db9 
Importing 'GUID: c5d82e0b4fbcf42539ceffc642e631ce - Path: Packages/com.unity.collab-proxy/Editor/Assets/Images/iconchangesets.png' with importer (TextureImporter)
Imported 'GUID: c5d82e0b4fbcf42539ceffc642e631ce' -> (Import Result ID: 'e984d251f7362c754d589a2567d28a8f') in 0.018 seconds [static and dynamic dependencies]. Details - ImportResultOutputID=536b315a88de53359d762ba1040647ec DependenciesID=4a1b297169ae900dafa6bea96a097319 StaticDependenciesID=5513517b8ab60f1872982906996614cd 
Importing 'GUID: c5fc116b3271b5947808130b2212cd60 - Path: Packages/com.unity.collab-proxy/Editor/Assets/Images/d_iconplasticnotifyincoming@2x.png' with importer (TextureImporter)
Imported 'GUID: c5fc116b3271b5947808130b2212cd60' -> (Import Result ID: '3267ee4ea02c98b9f530fd6965d65aa8') in 0.020 seconds [static and dynamic dependencies]. Details - ImportResultOutputID=456ec99009215dc79a7aee664f370bf2 DependenciesID=dbb76ab936bc5d86d6488c1eabf7f805 StaticDependenciesID=05bca71decd71efec670e746619a010d 
Importing 'GUID: c56db131c26460842b84c3238117717b - Path: Assets/Resources/multilayertextures/kart0paint/kart0_scoop_main.png' with importer (TextureImporter)
Imported 'GUID: c56db131c26460842b84c3238117717b' -> (Import Result ID: '4d5b011fbd081c09e6d3d427e8b23319') in 0.017 seconds [static and dynamic dependencies]. Details - ImportResultOutputID=b53863a760c00a8da9b10708cac93302 DependenciesID=0b3d98a09e9934a805cb5895d9cfbada StaticDependenciesID=fb391010656a715495cb86965f75cf46 
Importing 'GUID: d5208ffda06bc1f4c8bee2443c14be34 - Path: Assets/Resources/multilayertextures/kart5paint/kart5_Perry_body_decal.png' with importer (TextureImporter)
Imported 'GUID: d5208ffda06bc1f4c8bee2443c14be34' -> (Import Result ID: 'b535b14c2ec9abd8348259378ecb6a87') in 0.015 seconds [static and dynamic dependencies]. Details - ImportResultOutputID=85d6accc2e4ec4f77a4edbd36b9588c3 DependenciesID=7305c9ebaf8632fdf036833a97c0f1fa StaticDependenciesID=b68d474004b2acd1966f764f511c3fca 
Importing 'GUID: d5c3277b1dbad9448b46c2ec87a2cef8 - Path: Packages/com.unity.collab-proxy/Editor/Assets/Images/icondeletedremoteoverlay@2x.png' with importer (TextureImporter)
Imported 'GUID: d5c3277b1dbad9448b46c2ec87a2cef8' -> (Import Result ID: '9ab91d65ad30b3a290daefef1301a204') in 0.013 seconds [static and dynamic dependencies]. Details - ImportResultOutputID=616b1f52c6d02ba8ca90e686644af9dd DependenciesID=55518e755cfb8cd18237fd83e36d09ea StaticDependenciesID=bf8c6d5e1c2e7b4b3ae7d9a33b094566 
Importing 'GUID: d5e72ab52355f594fb3b3ba0deba9b4a - Path: Packages/com.unity.2d.tilemap/Editor/Icons/Tilemap.BrushPicks.png' with importer (TextureImporter)
Imported 'GUID: d5e72ab52355f594fb3b3ba0deba9b4a' -> (Import Result ID: '5c8450d9247275d1fa50cd5089b42969') in 0.013 seconds [static and dynamic dependencies]. Details - ImportResultOutputID=a9e20de3cbf3cab456673907c4b5e25e DependenciesID=e7b9f051a27fd28496013270d1dfc898 StaticDependenciesID=1f4f15902709392970c74f3a24d3565e 
Importing 'GUID: d55a54a15106e3f418a43134888f2211 - Path: Packages/com.unity.timeline/Editor/StyleSheets/Images/Icons/d_TrackCurvesButtonDisabled.png' with importer (TextureImporter)
Imported 'GUID: d55a54a15106e3f418a43134888f2211' -> (Import Result ID: '2a8d9e57dda72e97e4e5b2ee14dc2f6b') in 0.012 seconds [static and dynamic dependencies]. Details - ImportResultOutputID=8b3f7cb595e7093358a0b08b7b3bd8cc DependenciesID=08993baeed8d43ec27fe01b8124dfacf StaticDependenciesID=212e1328cbf89eaa4ff5f364197c9d2f 
Importing 'GUID: d5fb6a508827b8642ad29e32fd7c3d30 - Path: Assets/Texture2D/texture kart randy.png' with importer (TextureImporter)
Imported 'GUID: d5fb6a508827b8642ad29e32fd7c3d30' -> (Import Result ID: 'cf07d9f62f02d93290a296b5580594a3') in 0.049 seconds [static and dynamic dependencies]. Details - ImportResultOutputID=81df4eef8ca7145efb837f5cce9323c3 DependenciesID=3839ed39602637d0c0b15f0563898686 StaticDependenciesID=d348061524c45f72f871cdfa91ec4746 
Importing 'GUID: d56c0e13ba1ea1e48a048d9b4d3df205 - Path: Assets/Resources/localized/MasterCircuitLocked_english.png' with importer (TextureImporter)
Imported 'GUID: d56c0e13ba1ea1e48a048d9b4d3df205' -> (Import Result ID: 'b5b30f81d44595b7bb06f804864c5c1f') in 0.076 seconds [static and dynamic dependencies]. Details - ImportResultOutputID=6ce024efafb9067628ff2e0ca1c958ea DependenciesID=7db320fc505b1c5786fd77d7a3bb9abd StaticDependenciesID=fe640034f6aa78dbb802cbff9efdcb46 
Importing 'GUID: d58e94bfb1bac774dbb8ca9c2597ef2e - Path: Packages/com.unity.collab-proxy/Editor/Assets/Images/d_loading.png' with importer (TextureImporter)
Imported 'GUID: d58e94bfb1bac774dbb8ca9c2597ef2e' -> (Import Result ID: 'e8cca50726e5d03cd0b36e8802c57e3a') in 0.015 seconds [static and dynamic dependencies]. Details - ImportResultOutputID=1987480c5cf9aac2ed7ad218b4b0353f DependenciesID=91ddbd54cd1b62f97ec8d747155cd8e7 StaticDependenciesID=986a03d9f6bcba289a5ce8e7b28c27d4 
Importing 'GUID: e50018fd67fc156459e4014bdad3f5f6 - Path: Packages/com.unity.timeline/Editor/StyleSheets/Images/Shared/TimelineSwatch.png' with importer (TextureImporter)
Imported 'GUID: e50018fd67fc156459e4014bdad3f5f6' -> (Import Result ID: 'df328eb393e4f7224994ac64a9f659cd') in 0.014 seconds [static and dynamic dependencies]. Details - ImportResultOutputID=d955d8e4d2bcaa5abb4f7668832f9215 DependenciesID=92cf635b25332b74610349356fe9239c StaticDependenciesID=0421e82d5342cdef404ecf4d97880bd7 
Importing 'GUID: e594d81ba9280de4dacb3e03c2dfc3b3 - Path: Assets/Scenes/Tracks/Kick Butt Track 3/LightmapFar-1.png' with importer (TextureImporter)
Imported 'GUID: e594d81ba9280de4dacb3e03c2dfc3b3' -> (Import Result ID: '955219abadb4009d5054458818508a8c') in 0.129 seconds [static and dynamic dependencies]. Details - ImportResultOutputID=53c8ac5733d5f43a2949be9cd33fd736 DependenciesID=add4d08ad7b2fa0440b2c27bb5383a9c StaticDependenciesID=03025ba559979efea64710f90203f184 
Importing 'GUID: e5788272b675fd6428c0add65e5554ba - Path: Assets/Resources/localized/PhineasBillboardAd2_english.png' with importer (TextureImporter)
Imported 'GUID: e5788272b675fd6428c0add65e5554ba' -> (Import Result ID: '4d0595cf89303e8edefe0a0ba5cd3eae') in 0.054 seconds [static and dynamic dependencies]. Details - ImportResultOutputID=c3156cf0d21e98837513976eb899574d DependenciesID=634e577e111709ccb21537f91135a198 StaticDependenciesID=a2517bd45f29a3b5b7769d785c6a5329 
Importing 'GUID: e54e20c7a9730fe4c822d63228527ae4 - Path: Packages/com.unity.timeline/Editor/StyleSheets/Images/Icons/d_TrackMuteButtonEnabled@2x.png' with importer (TextureImporter)
Imported 'GUID: e54e20c7a9730fe4c822d63228527ae4' -> (Import Result ID: '76a2ba0d16e414df36e629196921d54e') in 0.015 seconds [static and dynamic dependencies]. Details - ImportResultOutputID=897a70b3a8886e59f681cdf0e3036283 DependenciesID=e8a59089b28bf0f1ff41de15b476a834 StaticDependenciesID=795e927d5af3182282dac9b1c7dd0c99 
Importing 'GUID: f53c19dcd50ce9e4d8ced6b136ea0e74 - Path: Assets/Texture2D/Rock.png' with importer (TextureImporter)
Imported 'GUID: f53c19dcd50ce9e4d8ced6b136ea0e74' -> (Import Result ID: '485062b07e87d86f047846db408dd0e2') in 0.052 seconds [static and dynamic dependencies]. Details - ImportResultOutputID=01b288ceee03f3e085dc40802d814a1c DependenciesID=d319ab190e80e843e62d06ed6290763d StaticDependenciesID=f90ef1caafd3eddf4f0855375f8c74a2 
Importing 'GUID: f5bdeed8311a24647ab928c75998d1c4 - Path: Assets/Texture2D/barrier uvs.png' with importer (TextureImporter)
Imported 'GUID: f5bdeed8311a24647ab928c75998d1c4' -> (Import Result ID: '04851fe6b09a5c5a7f63b3bb505e73a7') in 0.027 seconds [static and dynamic dependencies]. Details - ImportResultOutputID=57a8758ceef6e2a798b9b7d7499ac47c DependenciesID=e0cde69d1fb3eb537bf057b8b80589d8 StaticDependenciesID=05e53fa0250ce2b79a55f44084c40373 
Importing 'GUID: f5dd88efd8622424998bf5326c5421eb - Path: Packages/com.unity.ai.navigation/EditorResources/Overlay/d_NavigationOverlay@256.png' with importer (TextureImporter)
Imported 'GUID: f5dd88efd8622424998bf5326c5421eb' -> (Import Result ID: '44ad406f82c6332fcbe62d6a881be100') in 0.034 seconds [static and dynamic dependencies]. Details - ImportResultOutputID=750667e6ef19de4205a5faf9c85125a0 DependenciesID=25de8a4ababd79a662f56fad186fb4d8 StaticDependenciesID=8a00d350a24132b69a14b760cd775c4c 
Importing 'GUID: 066619c9c9c84f89acb1b48c11a7efe2 - Path: Packages/com.unity.ugui/Editor Resources/Textures/btn_AlignMiddle_Light.psd' with importer (TextureImporter)
Imported 'GUID: 066619c9c9c84f89acb1b48c11a7efe2' -> (Import Result ID: 'baa73f16ef64a499ce8a2a58096fe9ed') in 0.021 seconds [static and dynamic dependencies]. Details - ImportResultOutputID=842987d1b4af38515519c26352fe44e5 DependenciesID=dc1664f949c04411bc19cc102c4b07ac StaticDependenciesID=7b725d5196bb439b05a6fc7f8cd1c99f 
Importing 'GUID: 06bf6150656339941aa98e175a995445 - Path: Packages/com.unity.timeline/Editor/StyleSheets/Images/Icons/d_TimelineSelector.png' with importer (TextureImporter)
Imported 'GUID: 06bf6150656339941aa98e175a995445' -> (Import Result ID: '2b9d54d47b06ad77d3210c1a60711de8') in 0.017 seconds [static and dynamic dependencies]. Details - ImportResultOutputID=07b0244290909cb9fcc2600085a12b2e DependenciesID=ab1eaef559c8e4f6c87f9574f1ce5614 StaticDependenciesID=0d35f7a0e0652d16fb701390852d66a7 
Importing 'GUID: 16d0aa0e3556cca4fb11a970a3e680b2 - Path: Assets/Scenes/Tracks/Kick Butt Track 3/LightmapFar-2.png' with importer (TextureImporter)
Imported 'GUID: 16d0aa0e3556cca4fb11a970a3e680b2' -> (Import Result ID: '41389c79210752067b94662a38ac608d') in 0.125 seconds [static and dynamic dependencies]. Details - ImportResultOutputID=f0b3f797a21f086424fd8cb5dfd35419 DependenciesID=926e31bd1e59f67d3ec257d3545772cf StaticDependenciesID=00876bab620c0b2c93f6c397eaaa98fd 
Importing 'GUID: 16e2437bc79d04055b65b968f4eba9c0 - Path: Packages/com.unity.collab-proxy/Editor/Assets/Images/d_iconpendingchangesview@2x.png' with importer (TextureImporter)
Imported 'GUID: 16e2437bc79d04055b65b968f4eba9c0' -> (Import Result ID: '286b50e85c5bcf219443814dba41880d') in 0.018 seconds [static and dynamic dependencies]. Details - ImportResultOutputID=f9f70a413b5975cae636233bcb4a5b82 DependenciesID=a5b6162225c6b4e8888ec38726991f93 StaticDependenciesID=aac3a8e0560903b47e2a3581fcee32d2 
Importing 'GUID: 16037dbd798344f57a526d53d48f5ead - Path: Packages/com.unity.2d.sprite/Editor/ObjectMenuCreation/DefaultAssets/Textures/HexagonFlatTop.png' with importer (TextureImporter)
Imported 'GUID: 16037dbd798344f57a526d53d48f5ead' -> (Import Result ID: '90c4180a5df2a5ca06c9e433c5dab1f9') in 0.029 seconds [static and dynamic dependencies]. Details - ImportResultOutputID=c0a26a64fb2cd0206a9bd8e766d93f65 DependenciesID=ef3624a154aa5b418d4cf8476c9d6619 StaticDependenciesID=279bde86cf02077dc50e16e97e040382 
Importing 'GUID: 26f3d342b8e95b24da7ec4638d7f2322 - Path: Packages/com.unity.2d.tilemap/Editor/Icons/d_Tilemap.GridPaint.png' with importer (TextureImporter)
Imported 'GUID: 26f3d342b8e95b24da7ec4638d7f2322' -> (Import Result ID: 'cda765355a1923208e7bcfb80332477d') in 0.016 seconds [static and dynamic dependencies]. Details - ImportResultOutputID=9b392aa67f75cc05a23328327f1e4284 DependenciesID=e7a370e269f67709f674016bfd064348 StaticDependenciesID=3501439a620ded7594704417d6c77230 
Importing 'GUID: 2626020eca9e33847944f9e7bf761293 - Path: Assets/Scenes/Tracks/Phineas Track 3/LightmapFar-4.png' with importer (TextureImporter)
Imported 'GUID: 2626020eca9e33847944f9e7bf761293' -> (Import Result ID: '57b524a53efe344c6f14f57bd4bb2957') in 0.132 seconds [static and dynamic dependencies]. Details - ImportResultOutputID=bc18f028c41e4a0d907121e5ceb12f90 DependenciesID=9716bccf4008ab39c31845ee22e6991d StaticDependenciesID=82737f5d64337f446acc43b6521840e9 
Importing 'GUID: 267a89f787a621e4290fbff7a5442750 - Path: Packages/com.unity.collab-proxy/Editor/Assets/Images/d_iconbranch@2x.png' with importer (TextureImporter)
Imported 'GUID: 267a89f787a621e4290fbff7a5442750' -> (Import Result ID: 'e6b0235dd9b054408d11fd6eae185957') in 0.016 seconds [static and dynamic dependencies]. Details - ImportResultOutputID=a17fe203dcd7e6afb5c5d40d95b153d2 DependenciesID=655789db99bff6f022da69c5dd90bf2a StaticDependenciesID=1be5091c61690c8554863669725a0529 
Importing 'GUID: 26ea2dd44bcc0644f83228f4dd8a183f - Path: Assets/Texture2D/ScubaGuy.png' with importer (TextureImporter)
Imported 'GUID: 26ea2dd44bcc0644f83228f4dd8a183f' -> (Import Result ID: '5c45ef54e2ab51ae155d73b370e07277') in 0.047 seconds [static and dynamic dependencies]. Details - ImportResultOutputID=c79026feb439d38d6e53031b84f747ea DependenciesID=4f1443e15c452a2a891f8f220ceda9d8 StaticDependenciesID=c10dfd5f34d8a2fc71015a5c37161f5e 
Importing 'GUID: 3692e91280d243e409b2c6da8a583bce - Path: Assets/Resources/multilayertextures/kart0paint/kart0_wheels_detail.png' with importer (TextureImporter)
Imported 'GUID: 3692e91280d243e409b2c6da8a583bce' -> (Import Result ID: '427d0c6a7de4ceffdb9580808ce53997') in 0.016 seconds [static and dynamic dependencies]. Details - ImportResultOutputID=7291f7a88b57f4190c5536e148dd8f03 DependenciesID=bac2b258a642fb3c99ceb780581a0cb6 StaticDependenciesID=63745228b7a819fb72e749110bb9c423 
Importing 'GUID: 36267587978d0b147a5f961734ef1ff3 - Path: Assets/Texture2D/Fader SpriteAtlas.png' with importer (TextureImporter)
Imported 'GUID: 36267587978d0b147a5f961734ef1ff3' -> (Import Result ID: 'bbfff3e700c5514b5cf35ef32f682851') in 0.015 seconds [static and dynamic dependencies]. Details - ImportResultOutputID=ece8d3b074408d41c970b47dea2a8194 DependenciesID=0474eadc17938332b6dd9ee9c7e1436e StaticDependenciesID=ad84e3acff5a26dff0cba3ddb80131cb 
Importing 'GUID: 3636b3aff2a4c1c48ba72555b5976e38 - Path: Assets/Texture2D/texture kart02.png' with importer (TextureImporter)
Imported 'GUID: 3636b3aff2a4c1c48ba72555b5976e38' -> (Import Result ID: 'a6a7e27f5ed2811dea380e7801f275f8') in 0.032 seconds [static and dynamic dependencies]. Details - ImportResultOutputID=dd890254df00446b10499182534fc7cb DependenciesID=d7ca855374f33953e56157bf6bb2d71f StaticDependenciesID=a2c87a60d2e75d5c01518b627d598c1e 
Importing 'GUID: 36564eb85f1bdf2409df96325231cb6c - Path: Packages/com.unity.collab-proxy/Editor/Assets/Images/d_iconrepository@2x.png' with importer (TextureImporter)
Imported 'GUID: 36564eb85f1bdf2409df96325231cb6c' -> (Import Result ID: '4108d482cdf3376641a6d65c8a0efea3') in 0.017 seconds [static and dynamic dependencies]. Details - ImportResultOutputID=bcd01386170f6f05137474d43ee44135 DependenciesID=5f39594f3bb30b0db9624ef0a61353ca StaticDependenciesID=fda5a2918612c17ae71e8ef24b1f6a4d 
Importing 'GUID: 36e6970b84831434a9eac79abd03700b - Path: Packages/com.unity.collab-proxy/Editor/Assets/Images/step3@2x.png' with importer (TextureImporter)
Imported 'GUID: 36e6970b84831434a9eac79abd03700b' -> (Import Result ID: '142b5bd382f8252ab427be7e9732449e') in 0.019 seconds [static and dynamic dependencies]. Details - ImportResultOutputID=cdb6f2c719365dfc13962b698736c223 DependenciesID=ae06e2cf24ff3f0331d67e8170e3d5d4 StaticDependenciesID=60e6bc35dd298f1da5d85832f7a84882 
Importing 'GUID: 360968b3f1a39714885c1a40e24021ad - Path: Assets/Resources/multilayertextures/kart3paint/kart3_body_detail.png' with importer (TextureImporter)
Imported 'GUID: 360968b3f1a39714885c1a40e24021ad' -> (Import Result ID: 'e42d78ba3275b050b5bb981bc9f22ef3') in 0.015 seconds [static and dynamic dependencies]. Details - ImportResultOutputID=183b01cb8287f97ce962a1e661e129ef DependenciesID=5217398eb02240246d4d3b2fe71f19fc StaticDependenciesID=17e078ad9d7eed12b610f0fb03817fdd 
Importing 'GUID: 367a9e3649215be42869f99bdeecbab6 - Path: Packages/com.unity.2d.tilemap/Editor/Icons/Grid.FlipX@2x.png' with importer (TextureImporter)
Imported 'GUID: 367a9e3649215be42869f99bdeecbab6' -> (Import Result ID: 'cd567db2f7ef4de112aa5391d77b0d99') in 0.015 seconds [static and dynamic dependencies]. Details - ImportResultOutputID=5e8d40fdfa436f45a3151401112d3cd0 DependenciesID=09757015e2309aab957b30f61b19baa7 StaticDependenciesID=ca0c864c5f76392ddee7915a8c81faaf 
Importing 'GUID: 36daa980b11775a42b0b3a22fb1072fa - Path: Assets/Texture2D/Logos SpriteAtlas_0.png' with importer (TextureImporter)
Imported 'GUID: 36daa980b11775a42b0b3a22fb1072fa' -> (Import Result ID: '0420bfc2404c740e7fa064f82be9f242') in 0.030 seconds [static and dynamic dependencies]. Details - ImportResultOutputID=168f29ef25e10696f28fbc51aaa63d15 DependenciesID=81c3584a978743f728f10cd29db10c73 StaticDependenciesID=96d7dbfaec7ebd972fbe561cf3180256 
Importing 'GUID: 360dded8761e81d4d98c10f469d55492 - Path: Packages/com.unity.timeline/Editor/StyleSheets/Images/DarkSkin/TimelineLoop.png' with importer (TextureImporter)
Imported 'GUID: 360dded8761e81d4d98c10f469d55492' -> (Import Result ID: '91898af48b22c0ccfef4b6191a0c1f5d') in 0.017 seconds [static and dynamic dependencies]. Details - ImportResultOutputID=7a59814bac2068989c97fe87a090802d DependenciesID=a92c29a683db3bacd710e1770b7fafbf StaticDependenciesID=b0ce8c3b6b8e62b30955ad83550f7c90 
Importing 'GUID: 46930b20180b59e46b73494adf53abbb - Path: Packages/com.unity.collab-proxy/Editor/Assets/Images/d_step3.png' with importer (TextureImporter)
Imported 'GUID: 46930b20180b59e46b73494adf53abbb' -> (Import Result ID: '9fe918e4c7d7ba9d71591d0af2a428b7') in 0.016 seconds [static and dynamic dependencies]. Details - ImportResultOutputID=240ca34982ac3f0bd61290fea4df1981 DependenciesID=ed17ac380e66776a642f1fa941d30547 StaticDependenciesID=7331a7ae588512363448dda8b8d3461e 
Importing 'GUID: 4616b2fa4acd1429e931835b80966c2a - Path: Packages/com.unity.multiplayer.center/Editor/MultiplayerCenterWindow/UI/Icons/PackageInstalled.png' with importer (TextureImporter)
Imported 'GUID: 4616b2fa4acd1429e931835b80966c2a' -> (Import Result ID: 'b71a7d6b5dcccc14f36dd18d1c98b72a') in 0.024 seconds [static and dynamic dependencies]. Details - ImportResultOutputID=b909433e2f2034ad41c1007511f229da DependenciesID=ab16420ee72eb30543c74c21db5ba6fe StaticDependenciesID=bc4ca2691d7da9b9105b0b4b0a7c5f67 
Importing 'GUID: 4656472d92dc9694a886cfad069e6521 - Path: Assets/Texture2D/particle_4.png' with importer (TextureImporter)
Imported 'GUID: 4656472d92dc9694a886cfad069e6521' -> (Import Result ID: '679eadd8e3e610685e275388038e6291') in 0.028 seconds [static and dynamic dependencies]. Details - ImportResultOutputID=8b4bcd26d78e261b2bd1dbfe52c2ba22 DependenciesID=582fbe1b7edce2d55aca32151e4408fe StaticDependenciesID=6ff17c068cde7f88263d8705fa659ad3 
Importing 'GUID: 560103b8702db7040b7b04bd197f593a - Path: Assets/Texture2D/garage exit door2.png' with importer (TextureImporter)
Imported 'GUID: 560103b8702db7040b7b04bd197f593a' -> (Import Result ID: 'a99b57c817911a8103fd9bb67f692c0a') in 0.026 seconds [static and dynamic dependencies]. Details - ImportResultOutputID=e14877c5672136f1c52ab7be920f5517 DependenciesID=a1db2a4065de8f45f47ccb987efeac60 StaticDependenciesID=0e830719b95778e31408ef629498a9ad 
Importing 'GUID: 5621b484f4f9abe4caeda2a44fd48ee1 - Path: Assets/Texture2D/Swatch Steel.png' with importer (TextureImporter)
Imported 'GUID: 5621b484f4f9abe4caeda2a44fd48ee1' -> (Import Result ID: '0e1e425c9922300bfd95bd844762a456') in 0.015 seconds [static and dynamic dependencies]. Details - ImportResultOutputID=f04c33fe2da42faf0d9f9a4c2d7e8a23 DependenciesID=1558e3c219c5bfbe806d05c021aa8ab2 StaticDependenciesID=e74ca21b0bb0459e5a518c3a034287c7 
Importing 'GUID: 5679a74364f6b4440ab7e7aed55cd95e - Path: Packages/com.unity.collab-proxy/Editor/Assets/Images/iconconflictedoverlay@2x.png' with importer (TextureImporter)
Imported 'GUID: 5679a74364f6b4440ab7e7aed55cd95e' -> (Import Result ID: '9099eeb750fa76254c47c41baac11fb8') in 0.019 seconds [static and dynamic dependencies]. Details - ImportResultOutputID=10f9da410bc0a1c36cd2f7ab8b45d67a DependenciesID=fe41b025cd18abd8b31023fe46cdfd74 StaticDependenciesID=0b2b4b9e6bd51c3e001633c7c97514d0 
Importing 'GUID: 569cb7c654ca242978cdc7428c2881a3 - Path: Packages/com.unity.collab-proxy/Editor/Assets/Images/iconmergeview.png' with importer (TextureImporter)
Imported 'GUID: 569cb7c654ca242978cdc7428c2881a3' -> (Import Result ID: '1cee877a233f9aacd0a37912745f7062') in 0.023 seconds [static and dynamic dependencies]. Details - ImportResultOutputID=d422c737678d211649a2d427781580cf DependenciesID=03a4c0b59a7d3067bae3c8a08dd2003b StaticDependenciesID=498d8cff377f2a3924fd86f8d65fe92a 
Importing 'GUID: 66bb00887f3170c4a95b989d392049ec - Path: Packages/com.unity.2d.tilemap/Editor/Icons/d_Grid.RotateCW.png' with importer (TextureImporter)
Imported 'GUID: 66bb00887f3170c4a95b989d392049ec' -> (Import Result ID: '884e3f006252f07f6b305350366c053a') in 0.017 seconds [static and dynamic dependencies]. Details - ImportResultOutputID=a77bc30c8aca85ba1e695567efc1554e DependenciesID=2171e336c49f7a808dea365fac78f683 StaticDependenciesID=0df85378b81a015c3cd3d05f06780f02 
Importing 'GUID: 76a05d2ec901a8b49a064fe0b0674ba7 - Path: Packages/com.unity.collab-proxy/Editor/Assets/Images/iconpendingchanges.png' with importer (TextureImporter)
Imported 'GUID: 76a05d2ec901a8b49a064fe0b0674ba7' -> (Import Result ID: '691b8c41cfc7dd86a46387ed7f90a532') in 0.017 seconds [static and dynamic dependencies]. Details - ImportResultOutputID=dbddc57d144581109e6abd8bd726c2c7 DependenciesID=face62028d9c717a43de67610fcb29a2 StaticDependenciesID=3135b758fb6ee6de4369846f6edd7454 
Importing 'GUID: 76812e141e006a443915f62021eba4f4 - Path: Assets/Resources/localized/MotorCityLogo_english.png' with importer (TextureImporter)
Imported 'GUID: 76812e141e006a443915f62021eba4f4' -> (Import Result ID: '79843d6d06eeefa3f824bad6e4f27b25') in 0.019 seconds [static and dynamic dependencies]. Details - ImportResultOutputID=1ef2fc14b5c2bee36029fc0d78ec619c DependenciesID=9d95f7f58edb8483b0608eb7ee9e387d StaticDependenciesID=6a85de8fe0ea8ff32dab88bece80a7da 
Importing 'GUID: 76a18d5f6ebeec449a326f9ef6849830 - Path: Assets/Texture2D/HUD SpriteAtlas.png' with importer (TextureImporter)
Imported 'GUID: 76a18d5f6ebeec449a326f9ef6849830' -> (Import Result ID: 'ea5ba686358014e6e446c84e7807c9d2') in 0.201 seconds [static and dynamic dependencies]. Details - ImportResultOutputID=cdcc134ea1dc30c9f6538c55d25173b7 DependenciesID=51c86372ab4ffbaf176550dde6fe3066 StaticDependenciesID=f150a3542d334fc1b7b1f080d5f141f4 
Importing 'GUID: 768416c8e913ad740aa5965383095863 - Path: Assets/Resources/multilayertextures/kart3paint/kart3_scoop_detail.png' with importer (TextureImporter)
Imported 'GUID: 768416c8e913ad740aa5965383095863' -> (Import Result ID: 'fb51c822cd51e688842a98b9615f6337') in 0.017 seconds [static and dynamic dependencies]. Details - ImportResultOutputID=72ba54608083601372742fff81358860 DependenciesID=4793b51e6d0cfafcd1f1aae30e4e815c StaticDependenciesID=611b5adb9cd26005cf5222d2b48b92d7 
Importing 'GUID: 86408806ba4819c4494d51cb88d34da4 - Path: Packages/com.unity.2d.tilemap/Editor/Icons/d_Tilemap.TilePalette@4x.png' with importer (TextureImporter)
Imported 'GUID: 86408806ba4819c4494d51cb88d34da4' -> (Import Result ID: 'bf80a66417ad89fc1ac200ef4dd30510') in 0.018 seconds [static and dynamic dependencies]. Details - ImportResultOutputID=8f21d37e33f5916f8ad80aedcbb0f01c DependenciesID=b84f55001f1480935713a54115040dde StaticDependenciesID=e088e5fc84fdae237400ac35cdd7849a 
Importing 'GUID: 86024d8740431e3428892c6ace71c3cc - Path: Assets/Resources/localized/FishHooksBillboardAd2_english.png' with importer (TextureImporter)
Imported 'GUID: 86024d8740431e3428892c6ace71c3cc' -> (Import Result ID: '096247a679c2f5ea4ca366bab4248857') in 0.051 seconds [static and dynamic dependencies]. Details - ImportResultOutputID=11b85973242182f6d8876b3fa8ee7969 DependenciesID=741affcb1c1f52aade37135c992a2e54 StaticDependenciesID=0a89d42ea8b71f20bc56210fe7d835d5 
Importing 'GUID: 86874261a4705e1469ba9c1892fc8ca7 - Path: Assets/Texture2D/garage beam.png' with importer (TextureImporter)
Imported 'GUID: 86874261a4705e1469ba9c1892fc8ca7' -> (Import Result ID: '87690332ad571449a921b2c7c48f9a73') in 0.026 seconds [static and dynamic dependencies]. Details - ImportResultOutputID=46a701f740a4be54fcd6d784fe93f224 DependenciesID=7ab7a9dd622440f9f00ce75b0371ae77 StaticDependenciesID=7582900d41081e1d4cc7f6c1e3375301 
Importing 'GUID: 86f74056ad052aa4b83fe485546f0521 - Path: Packages/com.unity.2d.tilemap/Editor/Icons/EditorUI.Target@4x.png' with importer (TextureImporter)
Imported 'GUID: 86f74056ad052aa4b83fe485546f0521' -> (Import Result ID: '6eafbcdc87575b595a5cf382bd708c54') in 0.019 seconds [static and dynamic dependencies]. Details - ImportResultOutputID=675f3e9471b91e435018527c5ea3e7e2 DependenciesID=bf4bf1e218853bca3f9ec23657e2bf6d StaticDependenciesID=de6a60413120af9b13c02fe7a9e49c1c 
Importing 'GUID: 86981593bb2fe4a4381d2442636440ae - Path: Assets/Texture2D/kick lights.png' with importer (TextureImporter)
Imported 'GUID: 86981593bb2fe4a4381d2442636440ae' -> (Import Result ID: '1a564de64497b9fa5f4b28b0b8b5872d') in 0.051 seconds [static and dynamic dependencies]. Details - ImportResultOutputID=72a9e444c1f8630a22d4e6431869f241 DependenciesID=0a1158f40365335ef95ea786945886a4 StaticDependenciesID=2045e6ae0286cf8090d04e2a2d2ed7f1 
Importing 'GUID: 868a45983deb0264a8a37c8de31ec255 - Path: Assets/Texture2D/ramp.png' with importer (TextureImporter)
Imported 'GUID: 868a45983deb0264a8a37c8de31ec255' -> (Import Result ID: '534125d7f3766e229c6741be2b3f6675') in 0.030 seconds [static and dynamic dependencies]. Details - ImportResultOutputID=e1245287736dec9970480782f655178e DependenciesID=f9120e87557437bf999969c5f049bc7d StaticDependenciesID=b430b91662d8196e9e22120f6cc4d5fe 
Importing 'GUID: 864f64164beae6141b39879e1b6f4031 - Path: Packages/com.unity.collab-proxy/Editor/Assets/Images/d_iconadd.png' with importer (TextureImporter)
Imported 'GUID: 864f64164beae6141b39879e1b6f4031' -> (Import Result ID: 'ec18d4edff11da985f009d14a63987f6') in 0.020 seconds [static and dynamic dependencies]. Details - ImportResultOutputID=c72c841ab48f04d310a52bf8d2955c25 DependenciesID=83e736681d325d3b5d8fb0377b525e37 StaticDependenciesID=15ce31332e9e3c8f59ee52b5e191e2ca 
Importing 'GUID: 86bf1d2225bf2074b99722d1559cc32c - Path: Assets/Scenes/Tracks/Fish Hooks Track 1/LightmapFar-2.png' with importer (TextureImporter)
Imported 'GUID: 86bf1d2225bf2074b99722d1559cc32c' -> (Import Result ID: '8c6d6a28c632507421e2639c10de0d37') in 0.117 seconds [static and dynamic dependencies]. Details - ImportResultOutputID=23be6b074a3ebbbfa510f57a424f18a5 DependenciesID=8b0e85ad0ade70e5322fe03ebf727c64 StaticDependenciesID=cd654a796f203f78af7831ecd6aab8a3 
Importing 'GUID: 9604b32628281e24e9e03a45dc5e27d3 - Path: Assets/Texture2D/houses2.png' with importer (TextureImporter)
Imported 'GUID: 9604b32628281e24e9e03a45dc5e27d3' -> (Import Result ID: 'f036c61830a7752f92db15b8a5964d76') in 0.053 seconds [static and dynamic dependencies]. Details - ImportResultOutputID=d3ed10edbc3533d5992935d8ef1f38aa DependenciesID=82783b0d45db377617a83aa7685d2c5e StaticDependenciesID=16a47e6c9c0cc0cb1686ef021efffce9 
Importing 'GUID: 96c47fd5eed2ea447882bd12c53f76e1 - Path: Assets/Resources/multilayertextures/kart1paint/kart1_wheels_main.png' with importer (TextureImporter)
Imported 'GUID: 96c47fd5eed2ea447882bd12c53f76e1' -> (Import Result ID: '637d7e822031d353894d07be8ffb2bf7') in 0.019 seconds [static and dynamic dependencies]. Details - ImportResultOutputID=fdf35c247c22bd365c7043b01104d357 DependenciesID=88db2683bf9b7e542aeb53a55869cd39 StaticDependenciesID=4bf8954cae7a30704b1f79b5748f7aaa 
Importing 'GUID: 96967b3953faf48f6885b45aed76490f - Path: Packages/com.unity.collab-proxy/Editor/Assets/Images/iconplasticnotifypendingchangesandincoming.png' with importer (TextureImporter)
Imported 'GUID: 96967b3953faf48f6885b45aed76490f' -> (Import Result ID: '6538b2e4be51e1a11eea329b7190e1f4') in 0.019 seconds [static and dynamic dependencies]. Details - ImportResultOutputID=b1c3c340c936d546d8fd37e680a8f524 DependenciesID=332d46dd79b80067e6f91558d004a40a StaticDependenciesID=b833b273575b1917386a5c6027440bdd 
Importing 'GUID: 96c9a57d95a712d44978703ea9dd7f4e - Path: Packages/com.unity.ai.navigation/EditorResources/Overlay/d_NavigationOverlay On@16.png' with importer (TextureImporter)
Imported 'GUID: 96c9a57d95a712d44978703ea9dd7f4e' -> (Import Result ID: '68ce2a25a03c37702613c9f8823deb5b') in 0.010 seconds [static and dynamic dependencies]. Details - ImportResultOutputID=02398eaa7a477def3516066f8adf8923 DependenciesID=5faffbd5ecebc755e50da538bb28384a StaticDependenciesID=062cdc361efc4f00afddfd2e912aef9d 
Importing 'GUID: 965cca562393a2c4a842e22582ce8b9a - Path: Assets/Texture2D/WhoopieCushion.png' with importer (TextureImporter)
Imported 'GUID: 965cca562393a2c4a842e22582ce8b9a' -> (Import Result ID: '72e2598a0ebf4ef741b5a911e7f4214f') in 0.242 seconds [static and dynamic dependencies]. Details - ImportResultOutputID=5312fdc6c5d1281920aa7726b084cf07 DependenciesID=440eee1bbcbae732e05a31e3fb35feed StaticDependenciesID=6a7888b67eaed65c926c01e9f1d0f0a0 
Importing 'GUID: a6219d44b6fc910449f7c3fee45db5c5 - Path: Packages/com.unity.collab-proxy/Editor/Assets/Images/iconbranches.png' with importer (TextureImporter)
Imported 'GUID: a6219d44b6fc910449f7c3fee45db5c5' -> (Import Result ID: 'ce61af1f1021fa1bb448fec781708e1c') in 0.016 seconds [static and dynamic dependencies]. Details - ImportResultOutputID=6e412e80b2a2a2dc79715abc269f39a7 DependenciesID=9a270679ac15cbb88fa05480093b8dff StaticDependenciesID=c1b44b25dd490d8bacb98050de857d18 
Importing 'GUID: a6b1cd0a05d0d084f8f1aa089e97415d - Path: Assets/Resources/multilayertextures/kart5paint/kart5_thrusters_main.png' with importer (TextureImporter)
Imported 'GUID: a6b1cd0a05d0d084f8f1aa089e97415d' -> (Import Result ID: '922c3852b13dc6e08b4ff85f0bb2587c') in 0.016 seconds [static and dynamic dependencies]. Details - ImportResultOutputID=7d19f2fef3551e979a09a5a1b8ad0f32 DependenciesID=70938195104f110c0120bc9f369a459f StaticDependenciesID=eb419d7ca5198ea06b80985715225e3b 
Importing 'GUID: a683fc9c4dde0fa4e890d41d03caa4e7 - Path: Assets/Texture2D/fish hooks decoration flute.png' with importer (TextureImporter)
Imported 'GUID: a683fc9c4dde0fa4e890d41d03caa4e7' -> (Import Result ID: '8e3f6948327f47df932f237c076badaf') in 0.027 seconds [static and dynamic dependencies]. Details - ImportResultOutputID=d854b102c416d80ce83aafd22520bab5 DependenciesID=ab388c74b23d1071ee551f6ce53b2576 StaticDependenciesID=483eddfe03dc2aea3c04ef485fa5e156 
Importing 'GUID: a605ef4315d43d6438e211f589d2df38 - Path: Packages/com.unity.2d.tilemap/Editor/Icons/Tilemap.TilePalette.png' with importer (TextureImporter)
Imported 'GUID: a605ef4315d43d6438e211f589d2df38' -> (Import Result ID: 'cce0f982d6763647520a983538bcf633') in 0.016 seconds [static and dynamic dependencies]. Details - ImportResultOutputID=2ea70cdc139099501e4b2fa6ec528ed3 DependenciesID=cf838abc94dc24d96d751e6fd7762811 StaticDependenciesID=36dc15e108d6b080901ca749e8237dbc 
Importing 'GUID: a64677671762b8f4d82eb41912013dcd - Path: Assets/Texture2D/track01 hills.png' with importer (TextureImporter)
Imported 'GUID: a64677671762b8f4d82eb41912013dcd' -> (Import Result ID: '7df76df1911b48468a5f09010da88725') in 0.029 seconds [static and dynamic dependencies]. Details - ImportResultOutputID=f770fbfd387dce30d3187782b193321c DependenciesID=543fb299fa82c1b0322610a2632f54aa StaticDependenciesID=2f2ba33e5b37cc4cc090b8bae8afd256 
Importing 'GUID: a67b58d6cddcd4345b1e001340de5a76 - Path: Packages/com.unity.collab-proxy/Editor/Assets/Images/iconaddedlocal@2x.png' with importer (TextureImporter)
Imported 'GUID: a67b58d6cddcd4345b1e001340de5a76' -> (Import Result ID: 'cf385558012328b6bf2b7527b831c7b7') in 0.016 seconds [static and dynamic dependencies]. Details - ImportResultOutputID=0be9050ddd4673c95e516ae4c9bbf22e DependenciesID=4043f6a78aedc0275e7e0c52564e1706 StaticDependenciesID=970e962abbf1ce6488ad6b909472e15d 
Importing 'GUID: a6fbd5a181bc51e42a61a73fe8d727c8 - Path: Packages/com.unity.collab-proxy/Editor/Assets/Images/d_iconaddedoverlay@2x.png' with importer (TextureImporter)
Imported 'GUID: a6fbd5a181bc51e42a61a73fe8d727c8' -> (Import Result ID: '9929fef34d98b369b26a1937a1ab593e') in 0.017 seconds [static and dynamic dependencies]. Details - ImportResultOutputID=836314c6822a34b7c8c04e501054f5fe DependenciesID=2d5b91b335b60c779c7efb8d8d244461 StaticDependenciesID=35dd0c01f463da79c2d6e16c190b5fa4 
Importing 'GUID: a6fd0c627f5aa48fa81512221e70a11e - Path: Packages/com.unity.multiplayer.center/Editor/MultiplayerCenterWindow/UI/Icons/d_PackageManager@2x.png' with importer (TextureImporter)
Imported 'GUID: a6fd0c627f5aa48fa81512221e70a11e' -> (Import Result ID: 'f163275013cf283b5c492f7b19c9068e') in 0.019 seconds [static and dynamic dependencies]. Details - ImportResultOutputID=1a01f8eca661ff6c8dbcf0445598a22e DependenciesID=a60ffd8afbddd3a97fbdb31fd9c4d081 StaticDependenciesID=3eb28988e0caffbc8606ba7448fbdb0f 
Importing 'GUID: a60e09d7c2452be4c824d4eb480c91c7 - Path: Packages/com.unity.2d.tilemap/Editor/Icons/GridSelection.png' with importer (TextureImporter)
Imported 'GUID: a60e09d7c2452be4c824d4eb480c91c7' -> (Import Result ID: '7b0f0b10aa0bfba1d014dea327de5899') in 0.016 seconds [static and dynamic dependencies]. Details - ImportResultOutputID=9a546a99c84e45d158cd7494f3b8ab71 DependenciesID=8a36ae9eb75916d5de09544405d08fcf StaticDependenciesID=3dc8f616fe10f8d71807f5c43b642f27 
Importing 'GUID: a6eebbb1898a2a44c9343ee2b0aae46c - Path: Assets/Texture2D/Swatch Kick.png' with importer (TextureImporter)
Imported 'GUID: a6eebbb1898a2a44c9343ee2b0aae46c' -> (Import Result ID: '4693deac5be48ac4f6e649e4398f75d8') in 0.017 seconds [static and dynamic dependencies]. Details - ImportResultOutputID=585c5808abe61ea61728559ee0ddc5d0 DependenciesID=ebc131f2c53623782571224993c7de84 StaticDependenciesID=0aa3f8486387b210fd575fdb7e3e890e 
Importing 'GUID: b670ab75dde984907b8570040daa08c5 - Path: Packages/com.unity.2d.sprite/Editor/ObjectMenuCreation/DefaultAssets/Textures/v2/HexagonFlatTop.png' with importer (TextureImporter)
Imported 'GUID: b670ab75dde984907b8570040daa08c5' -> (Import Result ID: 'f7a01419618eda05da8f80adb8c712ad') in 0.033 seconds [static and dynamic dependencies]. Details - ImportResultOutputID=6f9a05e6fe3925684ba78577a91f58ea DependenciesID=b158938f2414c956b662076626fcb379 StaticDependenciesID=676a709db6d34aa4544bcdcac0522b11 
Importing 'GUID: b642c6bf23e624e23ad11b3e1d471932 - Path: Packages/com.unity.ai.navigation/Gizmos/NavMeshModifier Icon.png' with importer (TextureImporter)
Imported 'GUID: b642c6bf23e624e23ad11b3e1d471932' -> (Import Result ID: 'd3f96e287206a682a72720ad610345a1') in 0.017 seconds [static and dynamic dependencies]. Details - ImportResultOutputID=0b8462e9a83404537c7edc9f68007b67 DependenciesID=5949228c1f0097c9149c353d395d0d11 StaticDependenciesID=0388da3c81b353f71fecfc21e97368a3 
Importing 'GUID: b6073d723b6ef3f429aa7e1d0f3db44f - Path: Packages/com.unity.collab-proxy/Editor/Assets/Images/iconlockedlocaloverlay.png' with importer (TextureImporter)
Imported 'GUID: b6073d723b6ef3f429aa7e1d0f3db44f' -> (Import Result ID: 'aab8098897199719171e6023ad866377') in 0.017 seconds [static and dynamic dependencies]. Details - ImportResultOutputID=b70b5e7209dadffd54eedd2cbfc08533 DependenciesID=6cea11c33e3f47476e6c01f31aae4b7b StaticDependenciesID=5baace2a5651dca8b631b53c725511d0 
Importing 'GUID: b6f88350c63b24a4abdb197bf2e86d7a - Path: Packages/com.unity.collab-proxy/Editor/Assets/Images/d_buttonhome@2x.png' with importer (TextureImporter)
Imported 'GUID: b6f88350c63b24a4abdb197bf2e86d7a' -> (Import Result ID: '30cd2f0b7506336eee24159f0f98d030') in 0.019 seconds [static and dynamic dependencies]. Details - ImportResultOutputID=499b054914533928c7c7eb548aab100f DependenciesID=65a0781f2f493b1cad5aedabed730f9d StaticDependenciesID=6004da7f96a228435922458355478f22 
Importing 'GUID: b6e9dc9aad5843748a0124b8925c3743 - Path: Packages/com.unity.timeline/Editor/StyleSheets/Images/LightSkin/TimelineMarkerItemSelected.png' with importer (TextureImporter)
Imported 'GUID: b6e9dc9aad5843748a0124b8925c3743' -> (Import Result ID: '1614dd7af5797187e5cdd48b8d948a43') in 0.016 seconds [static and dynamic dependencies]. Details - ImportResultOutputID=8095abb5f8bf6361014c37bb6c88b56f DependenciesID=cb6ddc36f313c2cc76730027401a3218 StaticDependenciesID=10392b54ac6013414e885a2ed04f3da9 
Importing 'GUID: b6ee788bc3bd00741a4670092b9bf6fc - Path: Assets/Texture2D/DanvilleArena uvs.png' with importer (TextureImporter)
Imported 'GUID: b6ee788bc3bd00741a4670092b9bf6fc' -> (Import Result ID: 'a6db07650dcfae19eb2b701697e9ded8') in 0.052 seconds [static and dynamic dependencies]. Details - ImportResultOutputID=a690251fb0fa9bdee9d722fc3d9b80a1 DependenciesID=f68f8463aeb97bd14e38622de06a5d41 StaticDependenciesID=f1c1358ed5a12abd14c55b4cb433c5d3 
Importing 'GUID: c6a0c6226c05f954fa6cd03aebb4d255 - Path: Packages/com.unity.timeline/Editor/StyleSheets/Images/Icons/TrackRecordButtonEnabled.png' with importer (TextureImporter)
Imported 'GUID: c6a0c6226c05f954fa6cd03aebb4d255' -> (Import Result ID: '71b06e6a04eafa9e1d769ab9c6a0288b') in 0.017 seconds [static and dynamic dependencies]. Details - ImportResultOutputID=1ed693cb7db9450e1cc0af79c879ca4e DependenciesID=c64a2449022fff285ef521997f0fb4eb StaticDependenciesID=a3d8915c8ee664c7ce76cce262d81f44 
Importing 'GUID: c6b1bcaa3f4767141acd747384dbb276 - Path: Packages/com.unity.collab-proxy/Editor/Assets/Images/loading.png' with importer (TextureImporter)
Imported 'GUID: c6b1bcaa3f4767141acd747384dbb276' -> (Import Result ID: 'ada3fea8f233d073a57ff140bbd9fb4c') in 0.016 seconds [static and dynamic dependencies]. Details - ImportResultOutputID=f487eb56892833288883c3d152999b0e DependenciesID=589a5e4f193c6f5edb9d588ac1e857e2 StaticDependenciesID=cd82ac92736df09ccffb633a833470b5 
Importing 'GUID: c6b26c5450a1d4b4f905a498a236ca60 - Path: Assets/Texture2D/kick stadium piece.png' with importer (TextureImporter)
Imported 'GUID: c6b26c5450a1d4b4f905a498a236ca60' -> (Import Result ID: '74fc2ccd589b5549e107ef2696bcb319') in 0.052 seconds [static and dynamic dependencies]. Details - ImportResultOutputID=4185a879c2135280c8b582216b9af37a DependenciesID=4910e48770c9eb5620f11b62e05cb46c StaticDependenciesID=f88529b7c58dd7b970669d92dc349527 
Importing 'GUID: c677bcd9111fb4514aa1a56844e9006f - Path: Packages/com.unity.collab-proxy/Editor/Assets/Images/iconincomingchangesview.png' with importer (TextureImporter)
Imported 'GUID: c677bcd9111fb4514aa1a56844e9006f' -> (Import Result ID: '97acffee6837137eeaeb92eb9e95784c') in 0.019 seconds [static and dynamic dependencies]. Details - ImportResultOutputID=9813bef5332989fc18179dce2e371020 DependenciesID=69773b4c50c7898d56df1cdbd1f84486 StaticDependenciesID=0fe7effe39994e6abfff5b5c579b678e 
Importing 'GUID: c6fda491fa33e5648b91f41539450b0b - Path: Assets/Texture2D/texture water2.png' with importer (TextureImporter)
Imported 'GUID: c6fda491fa33e5648b91f41539450b0b' -> (Import Result ID: 'e9577817e1db922e7219c3b856cd21a3') in 0.018 seconds [static and dynamic dependencies]. Details - ImportResultOutputID=4275006566262c08482cfddc105fa137 DependenciesID=8810e10023a89f5b693a6ec4a1eacd3f StaticDependenciesID=84aaedf07804aebf5e3cb6275e0b8b41 
Importing 'GUID: d63245ece6d8f476c8c7ca24da9937f6 - Path: Packages/com.unity.multiplayer.center/Editor/MultiplayerCenterWindow/UI/Icons/DistributedAuthority.png' with importer (TextureImporter)
Imported 'GUID: d63245ece6d8f476c8c7ca24da9937f6' -> (Import Result ID: '516d1ee032cb88827b1ab1fa6115ce92') in 0.019 seconds [static and dynamic dependencies]. Details - ImportResultOutputID=d95e4bb241199943eb18f5b74973a082 DependenciesID=ab03c76eb871dc07f857190fd4b7ddab StaticDependenciesID=4087462b64bf37193952c711691e2485 
Importing 'GUID: d616c78aaf225437199c9ac8c4f2197b - Path: Packages/com.unity.collab-proxy/Editor/Assets/Images/d_exclusionrule.png' with importer (TextureImporter)
Imported 'GUID: d616c78aaf225437199c9ac8c4f2197b' -> (Import Result ID: 'e13ef18f7b7278009d190d46a25c2b57') in 0.015 seconds [static and dynamic dependencies]. Details - ImportResultOutputID=309eddb7dab6c68a06263dc8586e813c DependenciesID=b093e5147632332c4e1698a72069e094 StaticDependenciesID=0a2a7e88145fd1968834888e07098520 
Importing 'GUID: d69b2503b822f4c3a95386e4bc0c8668 - Path: Packages/com.unity.collab-proxy/Editor/Assets/Images/iconprivateoverlay.png' with importer (TextureImporter)
Imported 'GUID: d69b2503b822f4c3a95386e4bc0c8668' -> (Import Result ID: 'bb316cc9c1544707c00900cc4f304d28') in 0.016 seconds [static and dynamic dependencies]. Details - ImportResultOutputID=28be8c0579c41631cccf85ca8c98470f DependenciesID=d82cf9ac736bfd236480f39e8b51ecf0 StaticDependenciesID=a647116ec48d01b15cbdbe28069dca9b 
Importing 'GUID: d63fb8a8a3f06407e8e712a29a3499c0 - Path: Packages/com.unity.collab-proxy/Editor/Assets/Images/iconmovedoverlay.png' with importer (TextureImporter)
Imported 'GUID: d63fb8a8a3f06407e8e712a29a3499c0' -> (Import Result ID: '7b1fe5a6ed2761061d312269bcf6b440') in 0.015 seconds [static and dynamic dependencies]. Details - ImportResultOutputID=91204ba93525b7400845595119d50f92 DependenciesID=46bb9606f577ffa940852e4a72836e42 StaticDependenciesID=1888793366d7b4273a95ebf757e10f8b 
Importing 'GUID: d66ffc12c6df7fd419818a1d40e3f571 - Path: Assets/Texture2D/Goal-Flag-plants-coral.png' with importer (TextureImporter)
Imported 'GUID: d66ffc12c6df7fd419818a1d40e3f571' -> (Import Result ID: 'a1bc1c652325c87f0fb1c8b774729f1c') in 0.054 seconds [static and dynamic dependencies]. Details - ImportResultOutputID=9bdf231f018d7b333f010ee61a4e4d55 DependenciesID=46a51f05e501c618de3d08dbbb8da067 StaticDependenciesID=158f3b4dcd81432f2acdc421f0cd090c 
Importing 'GUID: e6716927b6ea6e74ab12996698395382 - Path: Assets/Resources/multilayertextures/kart1paint/kart1_untouchable_seat.png' with importer (TextureImporter)
Imported 'GUID: e6716927b6ea6e74ab12996698395382' -> (Import Result ID: 'fdb2246f6ebca54f12cce64fd1ec5208') in 0.017 seconds [static and dynamic dependencies]. Details - ImportResultOutputID=af2bb84805cf4f2f542f7f613471f9af DependenciesID=5d5670359abd14b26db7b014bc56f453 StaticDependenciesID=23a81a7b80c1f4bccd45d9626f81eda3 
Importing 'GUID: e69207b199b04d2408a1e2070c6e7740 - Path: Assets/Resources/multilayertextures/kart2paint/kart2_wheels_detail.png' with importer (TextureImporter)
Imported 'GUID: e69207b199b04d2408a1e2070c6e7740' -> (Import Result ID: '2183853b5037b79ee970ae2400d654f0') in 0.017 seconds [static and dynamic dependencies]. Details - ImportResultOutputID=02964d6475b98449988bed78d9900154 DependenciesID=1cad3115ff0897d77e79e4864fd2c5fb StaticDependenciesID=db41598a4e9d63f0de8d3d869dfef614 
Importing 'GUID: e6f431509f8cf89498e6c53aba25b817 - Path: Assets/Texture2D/SmokeRingBurstHARD.png' with importer (TextureImporter)
Imported 'GUID: e6f431509f8cf89498e6c53aba25b817' -> (Import Result ID: '5f55ee9312d1d80d3024ea8fa00d68d4') in 0.048 seconds [static and dynamic dependencies]. Details - ImportResultOutputID=a221cc0934b2a4d6d645806b09fcefd0 DependenciesID=a614167eef4649534f335851ff9df15e StaticDependenciesID=c5bc7cf2e8d7ba56f833c931182d10b6 
Importing 'GUID: e679a29ca22bc4fa0bd848bd79a42b79 - Path: Packages/com.unity.purchasing/Icons/LinkWhite.png' with importer (TextureImporter)
Imported 'GUID: e679a29ca22bc4fa0bd848bd79a42b79' -> (Import Result ID: '78daeb016b767ba496312217a87101c0') in 0.017 seconds [static and dynamic dependencies]. Details - ImportResultOutputID=69ff6f015c475699654f540fec86da0c DependenciesID=1d85952c2d44ce837d5657999f3c924d StaticDependenciesID=bdb282e3b2a229b6cbd4ccb84a30f7a4 
Importing 'GUID: e64bde76852ee8247b40b50ef8880632 - Path: Packages/com.unity.collab-proxy/Editor/Assets/Images/d_iconplasticnotifypendingchanges.png' with importer (TextureImporter)
Imported 'GUID: e64bde76852ee8247b40b50ef8880632' -> (Import Result ID: '5f32b71932e485ade9d7f905e3e37fc5') in 0.017 seconds [static and dynamic dependencies]. Details - ImportResultOutputID=019f675db9dd5c039c7e604e2480d222 DependenciesID=d75d7c3483627253b830210104d6bc93 StaticDependenciesID=f58010bd9d51ad4d01e1cfe9f19d4b32 
Importing 'GUID: f6717d61970edba4686c297677881a77 - Path: Packages/com.unity.timeline/Editor/StyleSheets/Images/LightSkin/TimelineAutokey_active@2x.png' with importer (TextureImporter)
Imported 'GUID: f6717d61970edba4686c297677881a77' -> (Import Result ID: '6519aa8eb430f5dd8012e807c02346fe') in 0.015 seconds [static and dynamic dependencies]. Details - ImportResultOutputID=9e5b94dfa93e54b364d6e2fbaddf60f1 DependenciesID=26bb93617bb4cfba7972de6e6f4b04cc StaticDependenciesID=4a36869790db78b012e9764545e15647 
Importing 'GUID: f637c3917ece93440b8f0fb5a63c521b - Path: Assets/Scenes/Front End/FrontEndTest/LightmapFar-0.png' with importer (TextureImporter)
Imported 'GUID: f637c3917ece93440b8f0fb5a63c521b' -> (Import Result ID: 'c3e100370af68e1cf628283988d47216') in 0.051 seconds [static and dynamic dependencies]. Details - ImportResultOutputID=0b544b587e3a8eba7641c7cb21e1c1bc DependenciesID=e139fce5739f2ee021995c5ad5d4afd9 StaticDependenciesID=d21263677d8bc5cc457c8d9021cc2884 
Importing 'GUID: f6ea7eb320af940f6ade67ef3befef89 - Path: Packages/com.unity.collab-proxy/Editor/Assets/Images/d_iconincomingchangesview.png' with importer (TextureImporter)
Imported 'GUID: f6ea7eb320af940f6ade67ef3befef89' -> (Import Result ID: '26ef9f70caf8940a7e0e3253814e0280') in 0.018 seconds [static and dynamic dependencies]. Details - ImportResultOutputID=9bb9acb06ee26e77bc4e949d603e81d5 DependenciesID=b77219b8c22caacf49082e0e75e4045d StaticDependenciesID=fa52f926650bb9b35c021903a896fb88 
Importing 'GUID: 0727168a534af3641a8e744834225825 - Path: Packages/com.unity.collab-proxy/Editor/Assets/Images/iconzoomout.png' with importer (TextureImporter)
Imported 'GUID: 0727168a534af3641a8e744834225825' -> (Import Result ID: 'be3cac4e5235d814c37dfea7e233fa2e') in 0.017 seconds [static and dynamic dependencies]. Details - ImportResultOutputID=1e68cb32e21a1b60cf7e3c2f8aba2c5d DependenciesID=b68ff2e917da5b70e522036e8a3bd257 StaticDependenciesID=395941869b88ed040caf0df7928bad23 
Importing 'GUID: 07ebb40255854ed448d765ba16a15a37 - Path: Assets/Texture2D/House 2 Color 1.png' with importer (TextureImporter)
Imported 'GUID: 07ebb40255854ed448d765ba16a15a37' -> (Import Result ID: '676bcc5a02f9a1aaef19be03b887bd19') in 0.053 seconds [static and dynamic dependencies]. Details - ImportResultOutputID=8c71ba39218afa3932ac8f71e8c3d884 DependenciesID=3e764839179cf757632bf52c53af4e24 StaticDependenciesID=a7cfc06b66e9e2616dc7871305971e75 
Importing 'GUID: 070c631c5a8d05e41baf0a64b742067d - Path: Packages/com.unity.2d.tilemap/Editor/Icons/Tilemap.FocusNone@4x.png' with importer (TextureImporter)
Imported 'GUID: 070c631c5a8d05e41baf0a64b742067d' -> (Import Result ID: 'f247788c1cb2a74e405214ee7df332f7') in 0.018 seconds [static and dynamic dependencies]. Details - ImportResultOutputID=033fd828969db440908b21f596ab1c98 DependenciesID=345e12ebf38463fb133c345ff347b722 StaticDependenciesID=4bc3a889b35732a5bb522ff104b4b186 
Importing 'GUID: 079cac99dbd76514b95d5ef3251cc0b1 - Path: Assets/Texture2D/House 4 Color 2.png' with importer (TextureImporter)
Imported 'GUID: 079cac99dbd76514b95d5ef3251cc0b1' -> (Import Result ID: 'c01c4e269d9723023bcf6714f7f2e75a') in 0.056 seconds [static and dynamic dependencies]. Details - ImportResultOutputID=f3a303b1c35b4c9794930b419847b3a3 DependenciesID=9615562482473e760782aba70de72288 StaticDependenciesID=da9acb8ace61b5b68944bbada229b167 
Importing 'GUID: 079f562959995344baea4cd40a9ecea6 - Path: Packages/com.unity.collab-proxy/Editor/Assets/Images/d_iconignoredoverlay@2x.png' with importer (TextureImporter)
Imported 'GUID: 079f562959995344baea4cd40a9ecea6' -> (Import Result ID: '9eeccdf76197c2b7fe9bacf1f65f7435') in 0.017 seconds [static and dynamic dependencies]. Details - ImportResultOutputID=bac4707b743ca891902c7a421c452a32 DependenciesID=8b7a6c71a07f0e6bd5bcf0b5bb126797 StaticDependenciesID=93affdc3509b10f500c524a580eaf8a5 
Importing 'GUID: 17518514607657046bd2860a7bdb1dae - Path: Assets/Texture2D/Trafic Light SpriteAtlas.png' with importer (TextureImporter)
Imported 'GUID: 17518514607657046bd2860a7bdb1dae' -> (Import Result ID: '1af9944e9cff0753b3872be8f77337d1') in 0.064 seconds [static and dynamic dependencies]. Details - ImportResultOutputID=6215fa257beeb99b0db484537bbf839d DependenciesID=9b0da4888228981d44b70dcba11fcdfd StaticDependenciesID=923f186591f62a15ad628a359f669447 
Importing 'GUID: 1732e542f535d374bbfa7565fc78414e - Path: Packages/com.unity.timeline/Editor/StyleSheets/Images/Shared/TimelineWarning.png' with importer (TextureImporter)
Imported 'GUID: 1732e542f535d374bbfa7565fc78414e' -> (Import Result ID: '3bdce7841c911150b5b59a84c36af5f5') in 0.018 seconds [static and dynamic dependencies]. Details - ImportResultOutputID=151ff886ddfe90f062ea4054417a785e DependenciesID=78d110804dc6f9ed3acb78d66ca55ced StaticDependenciesID=c5c37036d7318b13564a960bd517fb2f 
Importing 'GUID: 278554b27cbfd144f853f131f05bac30 - Path: Assets/Texture2D/Swatch Gunther.png' with importer (TextureImporter)
Imported 'GUID: 278554b27cbfd144f853f131f05bac30' -> (Import Result ID: '511e7d3e77e807fab708fe5e5e99048c') in 0.017 seconds [static and dynamic dependencies]. Details - ImportResultOutputID=7291494081dba994288f35e537612c1b DependenciesID=26996e4b07b5db1fb9b92077ba79fbd2 StaticDependenciesID=658dda9b0bc8043c84ee1760c42c5c34 
Importing 'GUID: 274e7e4c59f212f488e5d16bb0f316eb - Path: Assets/Resources/multilayertextures/kart6paint/kart6_wheels_main.png' with importer (TextureImporter)
Imported 'GUID: 274e7e4c59f212f488e5d16bb0f316eb' -> (Import Result ID: 'e1ae65bc6d9f2e052afcb7d06101e5d0') in 0.016 seconds [static and dynamic dependencies]. Details - ImportResultOutputID=d216d2c522ae063ccddf6070307473b9 DependenciesID=cb17f682841bde1dc5e061b3be80139e StaticDependenciesID=4174b28e81f037c366b8e10db4c614e8 
Importing 'GUID: 372641aa3cbf4634cbb32a5726ec85fc - Path: Assets/Texture2D/garage ground.png' with importer (TextureImporter)
Imported 'GUID: 372641aa3cbf4634cbb32a5726ec85fc' -> (Import Result ID: '3cbb9e24b041f2635d82ab2c1fef12ce') in 0.048 seconds [static and dynamic dependencies]. Details - ImportResultOutputID=b6e238b80288f8263058f44f6a2b826f DependenciesID=e86ca4fe0ae6675f397da4c483e0690b StaticDependenciesID=7c3f44d150cd6bb23631bd3607b0db8c 
Importing 'GUID: 3728580c149181a44b359e89f6edacae - Path: Packages/com.unity.collab-proxy/Editor/Assets/Images/iconoutofsyncoverlay@2x.png' with importer (TextureImporter)
Imported 'GUID: 3728580c149181a44b359e89f6edacae' -> (Import Result ID: '0d4e7ff35aaafc24789dade9678540b9') in 0.019 seconds [static and dynamic dependencies]. Details - ImportResultOutputID=77288c4ea31407df9bd05329f74da681 DependenciesID=3de25fd3aa0d56b313e16541ead0a8c2 StaticDependenciesID=5b691b73b2cbc971797e331d297f81f6 
Importing 'GUID: 374d5352990b38b4887c78f0c92c50fb - Path: Assets/Scenes/Tracks/Fish Hooks Track 3/LightmapFar-1.png' with importer (TextureImporter)
Imported 'GUID: 374d5352990b38b4887c78f0c92c50fb' -> (Import Result ID: '3aeed5968474d01c616e7bb038f4b053') in 0.126 seconds [static and dynamic dependencies]. Details - ImportResultOutputID=82c70af8fcd2fe3f07c1b3b46c8eb860 DependenciesID=75edc41dfa5d83d348daf407c37ff095 StaticDependenciesID=173c15d9fa4687a5a724dfa2decb5bb5 
Importing 'GUID: 376ee2aec8381a94a814fcb8fca4749d - Path: Assets/Resources/localized/RandyLogo_norwegian.png' with importer (TextureImporter)
Imported 'GUID: 376ee2aec8381a94a814fcb8fca4749d' -> (Import Result ID: 'b14d0a1e47da426c6fcd9de34ee1ea7a') in 0.100 seconds [static and dynamic dependencies]. Details - ImportResultOutputID=870330ede8e5ea3c31174e119ee0a0b2 DependenciesID=849bb01bfcd273537eda30f8a54a05dd StaticDependenciesID=d8b6e53207c794feb0f9c94431044112 
Importing 'GUID: 47500a6fba22d6849a3f9335aa198ba5 - Path: Packages/com.unity.2d.tilemap/Editor/Icons/Tilemap.BrushSettings@2x.png' with importer (TextureImporter)
Imported 'GUID: 47500a6fba22d6849a3f9335aa198ba5' -> (Import Result ID: '2d337160ad85c41155b58bcf60aa69e0') in 0.018 seconds [static and dynamic dependencies]. Details - ImportResultOutputID=7bb9dfb8d6d619711baca2870a61319a DependenciesID=1c37ce4a52cacfc15671e07b7ad0269d StaticDependenciesID=5fdcac4a0ae140d5fd5e3d15b474fee8 
Importing 'GUID: 476369828d55a4032beead7444495b69 - Path: Packages/com.unity.2d.sprite/Editor/Assets/SpriteEditorOn.png' with importer (TextureImporter)
Imported 'GUID: 476369828d55a4032beead7444495b69' -> (Import Result ID: '0bd8526b14024fe015705f78bd3f9434') in 0.019 seconds [static and dynamic dependencies]. Details - ImportResultOutputID=88b828cd3898fc26331976d2087fa237 DependenciesID=651d7161bd4d42796320fe76cdb88409 StaticDependenciesID=9de4bd61951d88f3bf211a737b37b016 
Importing 'GUID: 475524fca50ddf5429194a50d7e43e49 - Path: Assets/Resources/localized/CrashAndBernsteinLogo_english.png' with importer (TextureImporter)
Imported 'GUID: 475524fca50ddf5429194a50d7e43e49' -> (Import Result ID: '9549758d79d06e31fc3c1d75eba6bb3c') in 0.023 seconds [static and dynamic dependencies]. Details - ImportResultOutputID=6f20974c86a7f1741fc47c3aeea500be DependenciesID=e755db3d1c533d3a843b44035933aef8 StaticDependenciesID=aa03f2754ae4492b7afa550e1a34ba93 
Importing 'GUID: 479801e1f49ea2d4baf2b4c12f674bcb - Path: Packages/com.unity.2d.tilemap/Editor/Icons/d_Tilemap.FocusNone@2x.png' with importer (TextureImporter)
Imported 'GUID: 479801e1f49ea2d4baf2b4c12f674bcb' -> (Import Result ID: 'a93a660f0ce71596275d468e24575f84') in 0.017 seconds [static and dynamic dependencies]. Details - ImportResultOutputID=674a92fce119064de0e97467c503920e DependenciesID=601eb8970760c0221bc43810655bfb12 StaticDependenciesID=d68a6e8a772e1fa8bd89103c435d1ebe 
Importing 'GUID: 475f99329514e7c4a8fc858bc281a715 - Path: Assets/Resources/multilayertextures/kart5paint/kart5_wheels_main.png' with importer (TextureImporter)
Imported 'GUID: 475f99329514e7c4a8fc858bc281a715' -> (Import Result ID: 'c418c2bf407d09699f2c46fcbce3d349') in 0.016 seconds [static and dynamic dependencies]. Details - ImportResultOutputID=c81b15240886dba011ea89d373277026 DependenciesID=00860b4035bc7bf179d482fb149a0883 StaticDependenciesID=6ad2472c77eb7e33a10fdec59a2382f4 
Importing 'GUID: 576eb5cd845179349af93e749a2f4dc7 - Path: Assets/Resources/multilayertextures/kart6paint/kart6_spoiler_decal.png' with importer (TextureImporter)
Imported 'GUID: 576eb5cd845179349af93e749a2f4dc7' -> (Import Result ID: 'f5565f3c16f85c55ab9c76d3010f7ec2') in 0.015 seconds [static and dynamic dependencies]. Details - ImportResultOutputID=41aafa1c8250ae92264bfd669e8ac1f4 DependenciesID=bcba757fe731043b5cc0b576dce24963 StaticDependenciesID=81d9aed98e4e19374914a2dda49d78d7 
Importing 'GUID: 6731f02d7cea5084fb567f850d20d747 - Path: Assets/Texture2D/tire face.png' with importer (TextureImporter)
Imported 'GUID: 6731f02d7cea5084fb567f850d20d747' -> (Import Result ID: '30e945e0de53bfa8a71c13b2be93a2e1') in 0.025 seconds [static and dynamic dependencies]. Details - ImportResultOutputID=2cadf7f40f32d88864892eb9be7b915c DependenciesID=383f91d2bb3264e3c58e3c6e4db4b4d2 StaticDependenciesID=6a26b4fabfe668b27beb7cc769f9e0b8 
Importing 'GUID: 67e680da36c60e245ab0176daa656da5 - Path: Packages/com.unity.collab-proxy/Editor/Assets/Images/iconpackageupdateavailable@2x.png' with importer (TextureImporter)
Imported 'GUID: 67e680da36c60e245ab0176daa656da5' -> (Import Result ID: '0b2bf85fcf8f0802dc86b8c2c642fae3') in 0.019 seconds [static and dynamic dependencies]. Details - ImportResultOutputID=7946581930e83d0a42fb6240e35edd2e DependenciesID=925ee2c88028489b746b5a160667139e StaticDependenciesID=33373fade7806ed65d3b799b8c1042a2 
Importing 'GUID: 67a774c4384aa6c488128e2851b18ced - Path: Packages/com.unity.timeline/Editor/StyleSheets/Images/Icons/d_TimelineEditModeRippleON.png' with importer (TextureImporter)
Imported 'GUID: 67a774c4384aa6c488128e2851b18ced' -> (Import Result ID: '53c586073f269e6098b86647a5d00d3a') in 0.019 seconds [static and dynamic dependencies]. Details - ImportResultOutputID=88230d36bda2a4aa6f2d5b5e6243f210 DependenciesID=00398707d8230686d2391ca1f3f49791 StaticDependenciesID=b7f11ae4cc33830d807fbbb9e023b8a3 
Importing 'GUID: 6768dd39d3740af429fb2d88f53390c2 - Path: Packages/com.unity.collab-proxy/Editor/Assets/Images/d_iconignoredoverlay.png' with importer (TextureImporter)
Imported 'GUID: 6768dd39d3740af429fb2d88f53390c2' -> (Import Result ID: '3ca70b1dafae12336c022df0914226c3') in 0.015 seconds [static and dynamic dependencies]. Details - ImportResultOutputID=2e410565b4159812693589f384a6cbdb DependenciesID=3e84dad5dc796f352145cca96476e214 StaticDependenciesID=e8016908b0a966220c9816028b6eb496 
Importing 'GUID: 67be4cab857acd54c8e41985ab8b01f2 - Path: Assets/Scenes/Tracks/Kick Butt Track 1/LightmapFar-0.png' with importer (TextureImporter)
Imported 'GUID: 67be4cab857acd54c8e41985ab8b01f2' -> (Import Result ID: '6277a7ae8cb0d4a86d14c0c7c621eda0') in 0.131 seconds [static and dynamic dependencies]. Details - ImportResultOutputID=c022b2a87021c1955e44af0c01157501 DependenciesID=c2bac8b494e3285782fd0bd8d30f031b StaticDependenciesID=39f2aea2d7b37638e6417415d4f90f35 
Importing 'GUID: 679f9999c6f8f497e806a2d5d0511879 - Path: Packages/com.unity.multiplayer.center/Editor/MultiplayerCenterWindow/UI/Icons/PackageManager.png' with importer (TextureImporter)
Imported 'GUID: 679f9999c6f8f497e806a2d5d0511879' -> (Import Result ID: '0cb3ee73ee2a580cf17a8675c4be00cc') in 0.015 seconds [static and dynamic dependencies]. Details - ImportResultOutputID=842190f936f29e10a2220634ee06ecff DependenciesID=ba8563bd9bc5cb7d33eec998ddda2d81 StaticDependenciesID=ca7f9983dd0e301510f01f3aafed4c0d 
Importing 'GUID: 67ef935493dd2544daa22f307510eff7 - Path: Assets/Scenes/Tracks/Phineas Track 2/LightmapFar-1.png' with importer (TextureImporter)
Imported 'GUID: 67ef935493dd2544daa22f307510eff7' -> (Import Result ID: 'db212438920f3f21b677b0a628dec96c') in 0.115 seconds [static and dynamic dependencies]. Details - ImportResultOutputID=08d3cd3413568ed5318a474f8cbe6995 DependenciesID=f160a21a486cacefd9895feae1f37097 StaticDependenciesID=2ebcb979dedc26e6f1ec0211cf6adcc9 
Importing 'GUID: 77d926c9a4ddcc940b8c000b45cbfb35 - Path: Packages/com.unity.timeline/Editor/StyleSheets/Images/Icons/d_TrackMarkerButtonDisabled@2x.png' with importer (TextureImporter)
Imported 'GUID: 77d926c9a4ddcc940b8c000b45cbfb35' -> (Import Result ID: '41f4cdcd94a1b1dad9eb03fd65748a5c') in 0.011 seconds [static and dynamic dependencies]. Details - ImportResultOutputID=256c1acc93daf4525d968feeb05b9123 DependenciesID=080da4badf339957ed15adc8e207f4c3 StaticDependenciesID=eb29eb3d8c276ac1fd089b43f6dddba6 
Importing 'GUID: 77be953cf28de42a4ad8532539fef3f5 - Path: Packages/com.unity.multiplayer.center/Editor/MultiplayerCenterWindow/UI/Icons/d_PackageInstalled.png' with importer (TextureImporter)
Imported 'GUID: 77be953cf28de42a4ad8532539fef3f5' -> (Import Result ID: 'ec97952c29fb73ba1501465008e18f39') in 0.016 seconds [static and dynamic dependencies]. Details - ImportResultOutputID=5818e1544cf9fd2380c17d29fc1e6abf DependenciesID=5c6a3b7c9bcd660be69fa9b3215068b8 StaticDependenciesID=1c8d6dc718f350f147ef59016542146d 
Importing 'GUID: 77be2b195bdd3a849b554d6dd09badb0 - Path: Packages/com.unity.2d.tilemap/Editor/Icons/d_Tilemap.DefaultBrush@4x.png' with importer (TextureImporter)
Imported 'GUID: 77be2b195bdd3a849b554d6dd09badb0' -> (Import Result ID: '33ee0a99e41c130a3a8d0a029dcb97f3') in 0.018 seconds [static and dynamic dependencies]. Details - ImportResultOutputID=2419f599d78c7913407eccf7a8cabc06 DependenciesID=3b3e5b8d003feadf887d2b4d31e68ca2 StaticDependenciesID=db2f281f7fcd76f5a5e086eea760fba9 
Importing 'GUID: 87480bc179519ff4da25283c61c2573b - Path: Packages/com.unity.collab-proxy/Editor/Assets/Images/iconbrex.png' with importer (TextureImporter)
Imported 'GUID: 87480bc179519ff4da25283c61c2573b' -> (Import Result ID: 'abde0153a95b77a715bfa67ed0d473a5') in 0.015 seconds [static and dynamic dependencies]. Details - ImportResultOutputID=f55d98c8d83f251e602aed2c6b1e59a5 DependenciesID=d6163130d5089345036601c824f09119 StaticDependenciesID=389f79107cef256d2f440fb571f1eb30 
Importing 'GUID: 87aaca0a643d54397ba969dab4fc8875 - Path: Packages/com.unity.2d.sprite/Editor/ObjectMenuCreation/DefaultAssets/Textures/CircleMask.png' with importer (TextureImporter)
Imported 'GUID: 87aaca0a643d54397ba969dab4fc8875' -> (Import Result ID: 'da242b00af6c2695840c7c1289ef1b6f') in 0.027 seconds [static and dynamic dependencies]. Details - ImportResultOutputID=39e5b63dc18742645f0336ca9a8c0bfc DependenciesID=d906997bdf952e399bfeea579f98cf7b StaticDependenciesID=9e20bccbf3db3d270d7d6949129db60e 
Importing 'GUID: 874d8401331ede14087e8d8d486ddda6 - Path: Packages/com.unity.collab-proxy/Editor/Assets/Images/d_iconbranches@2x.png' with importer (TextureImporter)
Imported 'GUID: 874d8401331ede14087e8d8d486ddda6' -> (Import Result ID: '499b5c20d3a4032740a07c50c77b68ab') in 0.018 seconds [static and dynamic dependencies]. Details - ImportResultOutputID=d2627979ae425ab2397f85cbc76bfc02 DependenciesID=52906a399537ea1a0147264da89ab1b2 StaticDependenciesID=152dd3dfc3a9f9105e463e4ddee408aa 
Importing 'GUID: 97b3ae10905de804eb3c2570617e44a1 - Path: Assets/Texture2D/Fishtankia Tree 03.png' with importer (TextureImporter)
Imported 'GUID: 97b3ae10905de804eb3c2570617e44a1' -> (Import Result ID: '9c851862c8e0ec5c19b98d4d1b452961') in 0.050 seconds [static and dynamic dependencies]. Details - ImportResultOutputID=62ef0375d5df655a1a96d00354628b70 DependenciesID=0ffdf4b50e3dea417d1f8fab98bf766e StaticDependenciesID=23bc74507fb5e64b7f1ad48812193152 
Importing 'GUID: 97a4e2b6ae08b1140a5ba9e22953e029 - Path: Packages/com.unity.collab-proxy/Editor/Assets/Images/iconplasticview@2x.png' with importer (TextureImporter)
Imported 'GUID: 97a4e2b6ae08b1140a5ba9e22953e029' -> (Import Result ID: '9fcb991517356e5b5622e5f89fff0a76') in 0.019 seconds [static and dynamic dependencies]. Details - ImportResultOutputID=d8a0f2c25c335e046d83208716d6f9cb DependenciesID=48a068dcad27607e5efb9089b8e3dc33 StaticDependenciesID=2fe8a34f0fe0864192f7f761edea21c2 
Importing 'GUID: 97d91748e9a82af4d8deedabc4c3a645 - Path: Assets/Texture2D/Street to Dirt Transition.png' with importer (TextureImporter)
Imported 'GUID: 97d91748e9a82af4d8deedabc4c3a645' -> (Import Result ID: '5f5fc70c87ff950ee2f256f20ceaa07e') in 0.128 seconds [static and dynamic dependencies]. Details - ImportResultOutputID=b34b70537247454b13805c4ed9b07d8e DependenciesID=634a1e78d2d581a831740f06608740da StaticDependenciesID=ef3cd6085f9330d33eb8b5049028641e 
Importing 'GUID: 976ffef7755ce3d42b4952f302aecf85 - Path: Assets/Texture2D/fish hooks exterior terrain.png' with importer (TextureImporter)
Imported 'GUID: 976ffef7755ce3d42b4952f302aecf85' -> (Import Result ID: '57474280af77f7f8543a5b4db3181e9d') in 0.031 seconds [static and dynamic dependencies]. Details - ImportResultOutputID=2337bab0e6f27176d92cc2085f13dab8 DependenciesID=13ebb1d206d46ab1aa101be5620dc425 StaticDependenciesID=a60aaeaa6eb1c9a5edd5e2561c85303e 
Importing 'GUID: a7a968b204ed77c4ba90be3ef3ee8551 - Path: Packages/com.unity.timeline/Editor/StyleSheets/Images/LightSkin/TimelineIconClipOut.png' with importer (TextureImporter)
Imported 'GUID: a7a968b204ed77c4ba90be3ef3ee8551' -> (Import Result ID: '8956d5b7ec2b4c301ed31c3ac7d15685') in 0.019 seconds [static and dynamic dependencies]. Details - ImportResultOutputID=8229083e3e288c0cdd821bc1a7bc8b72 DependenciesID=56876742e1a855d27d94a2d6f89471b6 StaticDependenciesID=e79dbab10b1b8ff2f4ad525b19afcdba 
Importing 'GUID: a7ec9e7ad8b847b7ae4510af83c5d868 - Path: Packages/com.unity.ugui/Editor Resources/Gizmos/TMP - Dropdown Icon.psd' with importer (TextureImporter)
Imported 'GUID: a7ec9e7ad8b847b7ae4510af83c5d868' -> (Import Result ID: 'efdacc4f3d010b9608bad4e7e97274d0') in 0.023 seconds [static and dynamic dependencies]. Details - ImportResultOutputID=c2213d370bd4d602ca4fcec2465bafb1 DependenciesID=cbaf754c3bc40e4e6d4337721b0af5b9 StaticDependenciesID=e8babd171845cb02d591e1ede4e64d8e 
Importing 'GUID: a7dee509511cbdb4e8acf9b9913668e7 - Path: Assets/Texture2D/Blocker Invisible SpriteAtlas.png' with importer (TextureImporter)
Imported 'GUID: a7dee509511cbdb4e8acf9b9913668e7' -> (Import Result ID: '8d65a766859f163d0fe77bbda0e7afa2') in 0.018 seconds [static and dynamic dependencies]. Details - ImportResultOutputID=49e258f2d346394257b1ca1dbf82bfef DependenciesID=cd2737c8691acfb1065fdfc3a1ce82ab StaticDependenciesID=86e20f64fd4d8e16572e961630f0808c 
Importing 'GUID: b7784190913354d4fb9b7f77888f915f - Path: Packages/com.unity.2d.sprite/Editor/Assets/d_SpriteEditor.png' with importer (TextureImporter)
Imported 'GUID: b7784190913354d4fb9b7f77888f915f' -> (Import Result ID: '6a4e62176222e2f95618deb8c0db5316') in 0.015 seconds [static and dynamic dependencies]. Details - ImportResultOutputID=72b0812000586bf347d95bd46f26360c DependenciesID=143221ac7c02b82fd0f4d8bdafbc5157 StaticDependenciesID=4c8713efa848cc8d012440bc1f378d72 
Importing 'GUID: b7ebcfcfa275ef149a94fe6edbbeb64a - Path: Assets/Texture2D/Swatch Phineas.png' with importer (TextureImporter)
Imported 'GUID: b7ebcfcfa275ef149a94fe6edbbeb64a' -> (Import Result ID: '602b3a675caa110eca004077c53c57fb') in 0.015 seconds [static and dynamic dependencies]. Details - ImportResultOutputID=69d537a0347aef34e09cefa3e29ef156 DependenciesID=5068a2d4ce6f6a4f55b1100fbf580669 StaticDependenciesID=e6c9882d5450a176fc57c9aaea17355e 
Importing 'GUID: b76c20add7d3d4f79afcbafeaa12e974 - Path: Packages/com.unity.collab-proxy/Editor/Assets/Images/d_iconchangesets@2x.png' with importer (TextureImporter)
Imported 'GUID: b76c20add7d3d4f79afcbafeaa12e974' -> (Import Result ID: 'd572cb0e74bfe7b50fb2ada28471babc') in 0.014 seconds [static and dynamic dependencies]. Details - ImportResultOutputID=c573467ef67820fdf77469a26797229b DependenciesID=4a87973f33e999cbe86a061d5d34c0d3 StaticDependenciesID=8842a6f89d7c88e403c1ac18937cbb34 
Importing 'GUID: c7a38e6eccbfc49778cb8b77f594a971 - Path: Packages/com.unity.multiplayer.center/Editor/MultiplayerCenterWindow/UI/Icons/ClientHosted@2x.png' with importer (TextureImporter)
Imported 'GUID: c7a38e6eccbfc49778cb8b77f594a971' -> (Import Result ID: '5a88fb3e1ec329a2fd4b8f0fdaae9385') in 0.020 seconds [static and dynamic dependencies]. Details - ImportResultOutputID=fd209953a9644ea686ce6b1b5a3f4026 DependenciesID=21324bb0d7a6cbf53cfd72266b5d3ffd StaticDependenciesID=26c762357b2e667dfd9fd48826b9d0e4 
Importing 'GUID: c7d31ce121f6d6841b01dbcf3d909854 - Path: Packages/com.unity.2d.tilemap/Editor/Icons/d_EditorUI.Target@4x.png' with importer (TextureImporter)
Imported 'GUID: c7d31ce121f6d6841b01dbcf3d909854' -> (Import Result ID: 'db13a3134572d13bf97a8775b6eb3e1b') in 0.020 seconds [static and dynamic dependencies]. Details - ImportResultOutputID=3cdde2467cc6d76d93682fb2d4876c3c DependenciesID=e8584a2c0510ec3c638ebdca2608c6c2 StaticDependenciesID=11217797325af22b7a949eb0554b5a3e 
Importing 'GUID: c76700ea0062413d9f69409b4e9e151b - Path: Packages/com.unity.ugui/Editor Resources/Textures/btn_AlignCenterGeo.psd' with importer (TextureImporter)
Imported 'GUID: c76700ea0062413d9f69409b4e9e151b' -> (Import Result ID: '53a5bfd356445bd3e78f73dcc4958aca') in 0.027 seconds [static and dynamic dependencies]. Details - ImportResultOutputID=c89f48f003ea13f9f570bc374e55eeda DependenciesID=277abfaf39c6c5819544b9b261e114ed StaticDependenciesID=678f1428a0fa19ed17d3319a84cc9401 
Importing 'GUID: c73bc2e171dab024382365894170ca7b - Path: Assets/Texture2D/texture kart brad.png' with importer (TextureImporter)
Imported 'GUID: c73bc2e171dab024382365894170ca7b' -> (Import Result ID: '6c69b6439ba6bacaf0a04959374eb442') in 0.057 seconds [static and dynamic dependencies]. Details - ImportResultOutputID=7f44b768e61d8545fbbeb530e53bb17b DependenciesID=13331ec2e98786add585009924ca9732 StaticDependenciesID=75490ab85f119e53e65bee547773df55 
Importing 'GUID: c77bf753265fe4a4f8edef881974a686 - Path: Assets/Texture2D/texture kart phineas.png' with importer (TextureImporter)
Imported 'GUID: c77bf753265fe4a4f8edef881974a686' -> (Import Result ID: '8080abe7434d7349b15d52b5589ed0f3') in 0.051 seconds [static and dynamic dependencies]. Details - ImportResultOutputID=dfda65ef8b96f99efa6b415a72e8b96e DependenciesID=ff9042df25228d24be4da0e67c19d43f StaticDependenciesID=ed32e4be025f17e9c8fffd0f64263273 
Importing 'GUID: c7bee029a895b44cfb249d7cd63d13af - Path: Packages/com.unity.collab-proxy/Editor/Assets/Images/iconmovedoverlay@2x.png' with importer (TextureImporter)
Imported 'GUID: c7bee029a895b44cfb249d7cd63d13af' -> (Import Result ID: '855a96da40ada0a77f56c88f6e2a56c3') in 0.017 seconds [static and dynamic dependencies]. Details - ImportResultOutputID=7fd6c7f95a6b3de15353715dc0cf9814 DependenciesID=4ee0ee12410938ec16d010bf55637f3a StaticDependenciesID=b952b7979bf70cf559a590fbee894616 
Importing 'GUID: c7df1e797b21c774f9b859d17f674737 - Path: Packages/com.unity.timeline/Editor/StyleSheets/Images/LightSkin/TimelineLoop.png' with importer (TextureImporter)
Imported 'GUID: c7df1e797b21c774f9b859d17f674737' -> (Import Result ID: 'a961b27ffac64a112b3996e731e21d72') in 0.016 seconds [static and dynamic dependencies]. Details - ImportResultOutputID=616be1fb50a5fd9e218add274d8dbe7d DependenciesID=b411c59a2d6ad4fa5bb41057f0805987 StaticDependenciesID=e7f38b01f05046224c53ce43dba2ad53 
Importing 'GUID: d7711b0cc806d430b8a95f1e33ec3649 - Path: Packages/com.unity.multiplayer.center/Editor/MultiplayerCenterWindow/UI/Icons/CustomNetcode@2x.png' with importer (TextureImporter)
Imported 'GUID: d7711b0cc806d430b8a95f1e33ec3649' -> (Import Result ID: '16a0cb17172bf84548046cc7875a34dd') in 0.021 seconds [static and dynamic dependencies]. Details - ImportResultOutputID=53801f43438952ef6a63a6a915981ab7 DependenciesID=1f3eb7d1b8a440ad3c2d517678f69759 StaticDependenciesID=2fb8048331ee4b7c91600d6d83910676 
Importing 'GUID: d7c5d6f12d192b14584e2dc5124d3302 - Path: Assets/Texture2D/CharitableCharities.png' with importer (TextureImporter)
Imported 'GUID: d7c5d6f12d192b14584e2dc5124d3302' -> (Import Result ID: 'f2de9925516ca58a671fd01cb07c11ad') in 0.047 seconds [static and dynamic dependencies]. Details - ImportResultOutputID=9301305b4a924e059fd589cb81ace581 DependenciesID=8f4b5cc3f0c97060fc9174dfff159d70 StaticDependenciesID=d1027570622ef104fe11e5ecb1c1b4a2 
Importing 'GUID: d7094718bdac022428dd29244922d06b - Path: Packages/com.unity.collab-proxy/Editor/Assets/Images/iconoutofsync@2x.png' with importer (TextureImporter)
Imported 'GUID: d7094718bdac022428dd29244922d06b' -> (Import Result ID: '28078a4210b91efc7e093254c07451d1') in 0.021 seconds [static and dynamic dependencies]. Details - ImportResultOutputID=5e81c9acfe9a89b4a7880b955a6516e4 DependenciesID=b9e73b7fecbee6991f64eecef114fcd6 StaticDependenciesID=10a64b3966a97f3958bd4efb5bb13cd1 
Importing 'GUID: d7dc7a244da52cd44b8fd2e5c91c83ae - Path: Assets/Texture2D/fancy building F uvs.png' with importer (TextureImporter)
Imported 'GUID: d7dc7a244da52cd44b8fd2e5c91c83ae' -> (Import Result ID: 'bf15148667d49681d414fddd212bd4ea') in 0.058 seconds [static and dynamic dependencies]. Details - ImportResultOutputID=fac2783e9d3f0774967cbf68f2287ff6 DependenciesID=8a40a66a7fcf6b78a35b7a2a318b797f StaticDependenciesID=bd1154f9ba8cb0bd5a8231c1002ca4f4 
Importing 'GUID: e73eb87336d0d0846a48f288248f52eb - Path: Packages/com.unity.collab-proxy/Editor/Assets/Images/iconretainedoverlay.png' with importer (TextureImporter)
Imported 'GUID: e73eb87336d0d0846a48f288248f52eb' -> (Import Result ID: '53671d92ae15065b3b00278e0606c8d2') in 0.016 seconds [static and dynamic dependencies]. Details - ImportResultOutputID=0aa03f1f733b65caccec582aa2500446 DependenciesID=e297be9d9c0c91cf9273313aa911db46 StaticDependenciesID=137233be7eca50ff256c51f6bdc4150d 
Importing 'GUID: f7a3e2b3beab29040bc1a68f0ad0045c - Path: Packages/com.unity.ai.navigation/EditorResources/Overlay/NavigationOverlay On@32.png' with importer (TextureImporter)
Imported 'GUID: f7a3e2b3beab29040bc1a68f0ad0045c' -> (Import Result ID: '582134c4a25120c443c8ba7774809368') in 0.013 seconds [static and dynamic dependencies]. Details - ImportResultOutputID=c120fbf749da05a6d1afca526613379a DependenciesID=d7caf5287f934e1ae49fa318ca86a5e7 StaticDependenciesID=e0d3325b1a9ab16157c81a555a6d7cde 
Importing 'GUID: f736675ebcf298246868251965914345 - Path: Assets/Texture2D/OSCARmap.png' with importer (TextureImporter)
Imported 'GUID: f736675ebcf298246868251965914345' -> (Import Result ID: 'b633fcfb5f1af72c74b475c79afb7388') in 0.024 seconds [static and dynamic dependencies]. Details - ImportResultOutputID=e09a07fa5935edb535fbdad7e7fed0bc DependenciesID=4ef67db9a456fbf8e5581fd92efbc601 StaticDependenciesID=aa69e114c0f80ab4f657e7b91bb971a2 
Importing 'GUID: f747f9cdf03f2ff418fe728a77e8cbef - Path: Packages/com.unity.timeline/Editor/StyleSheets/Images/DarkSkin/TimelineContinue.png' with importer (TextureImporter)
Imported 'GUID: f747f9cdf03f2ff418fe728a77e8cbef' -> (Import Result ID: '8e2f874fc84d4567ab460268434e6e38') in 0.017 seconds [static and dynamic dependencies]. Details - ImportResultOutputID=cae45637479e296129b28aea2462f90d DependenciesID=6088d076f6c06cb17f9c9351a1ec6681 StaticDependenciesID=22081ff25c3d25afefcaf3d250b9efd2 
Importing 'GUID: f708c0da8a2b5fc4381f7f8d4a322a0a - Path: Packages/com.unity.2d.tilemap/Editor/Icons/Tilemap.ActiveTargetLayers@2x.png' with importer (TextureImporter)
Imported 'GUID: f708c0da8a2b5fc4381f7f8d4a322a0a' -> (Import Result ID: '56a3955d2d5868a35dfe6ff28c669390') in 0.020 seconds [static and dynamic dependencies]. Details - ImportResultOutputID=c40c516915d7332f004d0c010bb17cf8 DependenciesID=bb02bf192c6223547ea7d3c85a811b90 StaticDependenciesID=088f9175b366e5ed5b40342f2ce5ea69 
Importing 'GUID: f73a7d8758d7be04588b15637d94b5a8 - Path: Packages/com.unity.collab-proxy/Editor/Assets/Images/iconlockedremoteoverlay@2x.png' with importer (TextureImporter)
Imported 'GUID: f73a7d8758d7be04588b15637d94b5a8' -> (Import Result ID: '249563c04584b41017a319eeba500580') in 0.018 seconds [static and dynamic dependencies]. Details - ImportResultOutputID=9ffbb39a7455b78f99a4fb61e7254347 DependenciesID=9baa6a2b18ab162edece1939ad9ad321 StaticDependenciesID=612364c530cced92229b0adcd8e38382 
Importing 'GUID: f7adc828ed70a485db62c459bdf09525 - Path: Packages/com.unity.collab-proxy/Editor/Assets/Images/d_iconlock.png' with importer (TextureImporter)
Imported 'GUID: f7adc828ed70a485db62c459bdf09525' -> (Import Result ID: '22c8f5201f0efcec73c813d02dffd122') in 0.015 seconds [static and dynamic dependencies]. Details - ImportResultOutputID=d1f505a06eb4e98f763ada5a3aa10d96 DependenciesID=adb29dcc8672876cc771b83bfdebffc8 StaticDependenciesID=0d2917f7e7682e834f3f83a55709f15a 
Importing 'GUID: 08c1bc2a008284ed6987b801a480e64a - Path: Packages/com.unity.collab-proxy/Editor/Assets/Images/iconhistory@2x.png' with importer (TextureImporter)
Imported 'GUID: 08c1bc2a008284ed6987b801a480e64a' -> (Import Result ID: 'b1d1ef130c81af8b61e36c10f307096e') in 0.021 seconds [static and dynamic dependencies]. Details - ImportResultOutputID=6e6b225dad93c83dfbcb43d5e35338d7 DependenciesID=342ba529471284a5919f73dcbe8f52f8 StaticDependenciesID=da0f7841ed1d544e3c1ba59f66ec5279 
Importing 'GUID: 0838dba95105e7148a96012c2778a2d5 - Path: Packages/com.unity.2d.tilemap/Editor/Icons/Tilemap.FocusGrid.png' with importer (TextureImporter)
Imported 'GUID: 0838dba95105e7148a96012c2778a2d5' -> (Import Result ID: '42657e0f68e9da99d1e3a6deee5cd46b') in 0.015 seconds [static and dynamic dependencies]. Details - ImportResultOutputID=61ede4c8e8cb2a49668a0c7735094278 DependenciesID=0eea9fcee8408e9a8d496cb94c0a50c1 StaticDependenciesID=4932140f7bea0b280ddb4b1662f6ae2f 
Importing 'GUID: 1844d3d99090a0b43b60a5f1ff821467 - Path: Packages/com.unity.collab-proxy/Editor/Assets/Images/iconlockretained@2x.png' with importer (TextureImporter)
Imported 'GUID: 1844d3d99090a0b43b60a5f1ff821467' -> (Import Result ID: '907fb9f757e162cece0adf14ac5113fb') in 0.018 seconds [static and dynamic dependencies]. Details - ImportResultOutputID=6a6d84f4e6c862082841781881144488 DependenciesID=3f0d086ece109559191be053a9e1664c StaticDependenciesID=ecfcfef4bb83e3b1e5bc2f4877747655 
Importing 'GUID: 18775b51e3bd42299fd30bd036ea982f - Path: Packages/com.unity.ugui/Editor Resources/Textures/btn_AlignBaseLine_Light.psd' with importer (TextureImporter)
Imported 'GUID: 18775b51e3bd42299fd30bd036ea982f' -> (Import Result ID: 'c4174ff072edc662760e324fb2849b44') in 0.016 seconds [static and dynamic dependencies]. Details - ImportResultOutputID=7710703e9b8d55921ca4e78a969bf97c DependenciesID=cca6f657681eefcefe30a72d3614d165 StaticDependenciesID=36b5fedac47a39dd23237e4d57c7179a 
Importing 'GUID: 185ebd4d073ed7d46b1885175dbb2599 - Path: Assets/Scenes/Tracks/Fish Hooks Track 2/LightmapFar-1.png' with importer (TextureImporter)
Imported 'GUID: 185ebd4d073ed7d46b1885175dbb2599' -> (Import Result ID: '04ab5b9be4770f0b6e2655db774235be') in 0.125 seconds [static and dynamic dependencies]. Details - ImportResultOutputID=628aebdc8bd206de3fa67eb38fef237c DependenciesID=a2208cc8a6a1522260ee323b568f82ed StaticDependenciesID=bccc1e7170238656f5e272d1b7f0134e 
Importing 'GUID: 183f7b7549219ab47becb461a16df882 - Path: Packages/com.unity.timeline/Editor/StyleSheets/Images/DarkSkin/TimelineAutokey_active@2x.png' with importer (TextureImporter)
Imported 'GUID: 183f7b7549219ab47becb461a16df882' -> (Import Result ID: 'ca6e70e4779ea7591d78338d58141dfc') in 0.016 seconds [static and dynamic dependencies]. Details - ImportResultOutputID=165e60d161ee4d5148a481e069db6ba0 DependenciesID=895a90eab5420a754aa326365e3b0005 StaticDependenciesID=d5f35e7c666996706a8b8c763ee21ca2 
Importing 'GUID: 2887294cc7f1fe840bff6e349409648d - Path: Packages/com.unity.timeline/Editor/StyleSheets/Images/LightSkin/TimelineActivation.png' with importer (TextureImporter)
Imported 'GUID: 2887294cc7f1fe840bff6e349409648d' -> (Import Result ID: '1cc2700ed19845585a979c0f70b8a6a8') in 0.016 seconds [static and dynamic dependencies]. Details - ImportResultOutputID=feda84711b4e38e19807be2322209902 DependenciesID=1ebe6bce2aaf42871931d521b51cb78a StaticDependenciesID=2d3bc599a6031e460110243533248974 
Importing 'GUID: 28df830b98d0a3f44b58e73d78060ab0 - Path: Packages/com.unity.2d.tilemap/Editor/Icons/Grid.RotateACW.png' with importer (TextureImporter)
Imported 'GUID: 28df830b98d0a3f44b58e73d78060ab0' -> (Import Result ID: 'b3d8c3fc55e3d2260f3656d527d1435c') in 0.020 seconds [static and dynamic dependencies]. Details - ImportResultOutputID=28a433074dd0832feb81287d4e27a26c DependenciesID=4bd4d41dd95367ab72450d1fc0a002b0 StaticDependenciesID=8df34ad76bdb0861bd0706ea6ee2a34d 
Importing 'GUID: 38236a82ff44aaa4b972248479d5f970 - Path: Packages/com.unity.collab-proxy/Editor/Assets/Images/d_step1.png' with importer (TextureImporter)
Imported 'GUID: 38236a82ff44aaa4b972248479d5f970' -> (Import Result ID: '0a16aea651809881c535ffd4eedaa89f') in 0.015 seconds [static and dynamic dependencies]. Details - ImportResultOutputID=21fdff9c4ff8b92a4e9bc9b8149cc043 DependenciesID=d1bf306a2407c72e393759862256122d StaticDependenciesID=a88c5eb0412a7298095be7f01d240638 
Importing 'GUID: 38b78df4a34c94fa6a52c90239606ff1 - Path: Packages/com.unity.multiplayer.center/Editor/MultiplayerCenterWindow/UI/Icons/DedicatedServer@2x.png' with importer (TextureImporter)
Imported 'GUID: 38b78df4a34c94fa6a52c90239606ff1' -> (Import Result ID: 'db7e1f9d7a73b32875cc424d64296362') in 0.019 seconds [static and dynamic dependencies]. Details - ImportResultOutputID=c363bc7d25e967716dd475e53a13f80c DependenciesID=476338d535b8d7240a66608f14a4eed6 StaticDependenciesID=918f5189d91e3d0a7d02c77e7b1a2296 
Importing 'GUID: 48d034c499ee4697af9dd6e327110249 - Path: Packages/com.unity.ugui/Editor Resources/Textures/btn_AlignTop.psd' with importer (TextureImporter)
Imported 'GUID: 48d034c499ee4697af9dd6e327110249' -> (Import Result ID: '537dc648b7df4697c00b6fd00fa03456') in 0.021 seconds [static and dynamic dependencies]. Details - ImportResultOutputID=28e1bd57bb670e0e64748849ed4495c5 DependenciesID=0a6ebf4f2583c222151a21f9c05cb6fa StaticDependenciesID=1ef52aac0fbbc6e75a8e230581142c53 
Importing 'GUID: 48f52595897ae5b468441f89392c8c51 - Path: Assets/Scenes/Tracks/Kick Butt Track 2/LightmapFar-0.png' with importer (TextureImporter)
Imported 'GUID: 48f52595897ae5b468441f89392c8c51' -> (Import Result ID: '5479db4584b6eab6d0515dc444ec1d85') in 0.135 seconds [static and dynamic dependencies]. Details - ImportResultOutputID=ce07c3b5645450837c58912bee917e79 DependenciesID=f5b589e0efb4d8d354815aff45d1c451 StaticDependenciesID=502d6a1d0ad5ce6b875126eb641281b6 
Importing 'GUID: 48378e33007b60747a21e0e399ad3c77 - Path: Assets/Texture2D/Anchor rocket.png' with importer (TextureImporter)
Imported 'GUID: 48378e33007b60747a21e0e399ad3c77' -> (Import Result ID: '37bae1c40146f02da3c6c3af5837a379') in 0.028 seconds [static and dynamic dependencies]. Details - ImportResultOutputID=fc2c9881eca5230b271e723e3623efff DependenciesID=481fa753537f5201844e1fc4d391dd16 StaticDependenciesID=7220585423579881f3c2eadc4fdfcf0f 
Importing 'GUID: 4858e04232af5e340922812cd3697086 - Path: Packages/com.unity.2d.tilemap/Editor/Icons/Tilemap.EditPalette.png' with importer (TextureImporter)
Imported 'GUID: 4858e04232af5e340922812cd3697086' -> (Import Result ID: 'ede2d3c424331d65122c37a35077973e') in 0.016 seconds [static and dynamic dependencies]. Details - ImportResultOutputID=16df68da61fc974a4a0d402dbb631e0c DependenciesID=c3fd3a55a8a35a311d6d1417924d1b4f StaticDependenciesID=62265e1bff1d725f32b6bfa735574377 
Importing 'GUID: 48e93eef0688c4a259cb0eddcd8661f7 - Path: Packages/com.unity.2d.sprite/Editor/ObjectMenuCreation/DefaultAssets/Textures/Square.png' with importer (TextureImporter)
Imported 'GUID: 48e93eef0688c4a259cb0eddcd8661f7' -> (Import Result ID: '341aa1c9b253cf1ee44690f6313b1713') in 0.017 seconds [static and dynamic dependencies]. Details - ImportResultOutputID=25d59e02805d1e966ecf96ea1ebd6a12 DependenciesID=fd285f11ef74711a3ede4d48d0ae397b StaticDependenciesID=1b368e5ee38738e53beb959b43f76191 
Importing 'GUID: 488d19008a4ebf249bd1c29b3d781d2e - Path: Assets/Texture2D/fish hooks school bottom.png' with importer (TextureImporter)
Imported 'GUID: 488d19008a4ebf249bd1c29b3d781d2e' -> (Import Result ID: '423f85b5b5a6d065fff30baa1ce5debc') in 0.030 seconds [static and dynamic dependencies]. Details - ImportResultOutputID=145af59de4a56e0a16586110713945fc DependenciesID=50c024b26fcc8624e105e5320415b4b2 StaticDependenciesID=3eaa6c5e5928e3ad00ead2849bea87ef 
Importing 'GUID: 58f6d5934224b4bb0a67d67e45a6654b - Path: Packages/com.unity.collab-proxy/Editor/Assets/Images/iconpendingchangesview@2x.png' with importer (TextureImporter)
Imported 'GUID: 58f6d5934224b4bb0a67d67e45a6654b' -> (Import Result ID: 'c0e3324f9988fd22bdcd098f67a69353') in 0.017 seconds [static and dynamic dependencies]. Details - ImportResultOutputID=cdfb57d813e8e0cabea8d12006f44a4a DependenciesID=bafa9fe2347461eb09ce5be0cb837378 StaticDependenciesID=077792cac679f2646f676d1c92c4baac 
Importing 'GUID: 58a9b73c312b56d47bb2097dc160177e - Path: Assets/Resources/localized/PhineasBillboardAd2_norwegian.png' with importer (TextureImporter)
Imported 'GUID: 58a9b73c312b56d47bb2097dc160177e' -> (Import Result ID: '827b15b8f90b1233519e6f7d90317f75') in 0.138 seconds [static and dynamic dependencies]. Details - ImportResultOutputID=20bd20fe2043949c57c44eb3a9b05aed DependenciesID=08487a7a075998368f110afd350f0c3e StaticDependenciesID=61403ddf25cca8e1143b7d9429cdda5b 
Importing 'GUID: 585b70cb75dd43efbfead809c30a1731 - Path: Packages/com.unity.ugui/Editor Resources/Textures/btn_AlignBottom_Light.psd' with importer (TextureImporter)
Imported 'GUID: 585b70cb75dd43efbfead809c30a1731' -> (Import Result ID: '67e0924aacd00483be7c48c24959a477') in 0.021 seconds [static and dynamic dependencies]. Details - ImportResultOutputID=a61c987eb0353aac8363a6cc16340b14 DependenciesID=79d9a36c63f4ad74922739c1bb4ad37c StaticDependenciesID=e97ff400ee29b058653f137c2519fa4c 
Importing 'GUID: 582c30126f256d449bf0e126a0bc0151 - Path: Assets/Texture2D/fish hooks interior walls clean.png' with importer (TextureImporter)
Imported 'GUID: 582c30126f256d449bf0e126a0bc0151' -> (Import Result ID: '4477e6514a561c8a12ad72a7243f1917') in 0.030 seconds [static and dynamic dependencies]. Details - ImportResultOutputID=03343e4e3ca3e2303c8e3f9002042655 DependenciesID=230d19cad330ca154fa2df73508f015e StaticDependenciesID=b2ce609bb871bf60ecfcf1514d1a1a24 
Importing 'GUID: 584c592f1bd857a45a7e19a8611ed2e9 - Path: Assets/Texture2D/Phineas.png' with importer (TextureImporter)
Imported 'GUID: 584c592f1bd857a45a7e19a8611ed2e9' -> (Import Result ID: '6ff7340eb0d116ae60b5d69bfef44f4f') in 0.026 seconds [static and dynamic dependencies]. Details - ImportResultOutputID=38870899203ca9e39478d2668533d111 DependenciesID=5bbfee817c62bc5cc45c197969467033 StaticDependenciesID=90823d2080d0f28eeef51938498848ee 
Importing 'GUID: 68302c8c48e3cee4aad72dbbf7894781 - Path: Packages/com.unity.collab-proxy/Editor/Assets/Images/d_iconpendingchanges@2x.png' with importer (TextureImporter)
Imported 'GUID: 68302c8c48e3cee4aad72dbbf7894781' -> (Import Result ID: '29464d5a24baf519d9eed41d332960da') in 0.017 seconds [static and dynamic dependencies]. Details - ImportResultOutputID=877e7d83339b6b4da1d3caf19b52a205 DependenciesID=bd0acd05ee9624b57e905078aa921461 StaticDependenciesID=5095b9e71463d309cc2eeb61ced7c1c9 
Importing 'GUID: 78de972b7bcb2424e8560a8c310a6d10 - Path: Packages/com.unity.collab-proxy/Editor/Assets/Images/d_exclusionrule@2x.png' with importer (TextureImporter)
Imported 'GUID: 78de972b7bcb2424e8560a8c310a6d10' -> (Import Result ID: '550a2081af79696dcc730ee1d2fe7a29') in 0.018 seconds [static and dynamic dependencies]. Details - ImportResultOutputID=dbf7170606c71953f10883a0d8eac415 DependenciesID=a2fce31ac818a6da48557f3ba1995dea StaticDependenciesID=432b76dcb3f909cd0226555a769b08c8 
Importing 'GUID: 788f3924f831a434ab3213c8e6caf735 - Path: Assets/Scenes/Tracks/Kick Butt Track 1/LightmapFar-2.png' with importer (TextureImporter)
Imported 'GUID: 788f3924f831a434ab3213c8e6caf735' -> (Import Result ID: 'e85d1198ce2792f7460b2f66cb304fd7') in 0.133 seconds [static and dynamic dependencies]. Details - ImportResultOutputID=eb2574ab99518e2a47fc6d30f9d0711d DependenciesID=1c25dea3bedbd9cde8efdf67c5c1b304 StaticDependenciesID=217e1ab11408ea46ee7c9031e6175afa 
Importing 'GUID: 8884154dfe85442a3a3578be807dbcdf - Path: Packages/com.unity.2d.sprite/Editor/ObjectMenuCreation/DefaultAssets/Textures/v2/9Sliced.png' with importer (TextureImporter)
Imported 'GUID: 8884154dfe85442a3a3578be807dbcdf' -> (Import Result ID: 'd7e7bcffc36aad30338ed8ace6a9be93') in 0.024 seconds [static and dynamic dependencies]. Details - ImportResultOutputID=4ea65f9586c206ebaa70ec719e43c713 DependenciesID=9ff26aeff8709f2e5b5d471aa3413fa3 StaticDependenciesID=5553c6ce396e1a924dcb90a3288f0b67 
Importing 'GUID: 88d697f38121de443ba144702e5122d9 - Path: Packages/com.unity.timeline/Editor/StyleSheets/Images/LightSkin/TimelinePingPong.png' with importer (TextureImporter)
Imported 'GUID: 88d697f38121de443ba144702e5122d9' -> (Import Result ID: 'dc38853d456ac2c3f92d94e044f21a21') in 0.016 seconds [static and dynamic dependencies]. Details - ImportResultOutputID=ecd161a86eb70527f3d7cc966a515d79 DependenciesID=d3ba969cb244d7ee56532ffe428d23b6 StaticDependenciesID=0c891bbd5867a8f6d6a9eea18022c759 
Importing 'GUID: 881798b77426a8f47b533dcc4767e9e5 - Path: Packages/com.unity.collab-proxy/Editor/Assets/Images/d_iconconflicted.png' with importer (TextureImporter)
Imported 'GUID: 881798b77426a8f47b533dcc4767e9e5' -> (Import Result ID: 'f563637ddd962bee30821dbc595f0909') in 0.018 seconds [static and dynamic dependencies]. Details - ImportResultOutputID=2e2b6bcedc150e146840524c16e410c2 DependenciesID=3300ef85c02c18c300bfec66b07cacc0 StaticDependenciesID=4090622492a287a4c2389e1ca6d2ff8a 
Importing 'GUID: 8849562fc8809d24c94925b995b2b284 - Path: Assets/Texture2D/fish hooks football stadium.png' with importer (TextureImporter)
Imported 'GUID: 8849562fc8809d24c94925b995b2b284' -> (Import Result ID: 'ef689d6ba19dc3284d38b25207f68961') in 0.028 seconds [static and dynamic dependencies]. Details - ImportResultOutputID=154540b0ce83014badb497c209449475 DependenciesID=4e3bef39e61d0458e89aef4f03221811 StaticDependenciesID=41dd2567ba42b2b7d5ad240e12c67ba5 
Importing 'GUID: 98856e3d0c02ddc498d2e6ff4410088b - Path: Assets/Scenes/Tracks/Phineas Track 3/LightmapFar-0.png' with importer (TextureImporter)
Imported 'GUID: 98856e3d0c02ddc498d2e6ff4410088b' -> (Import Result ID: 'cd5e10f90f8757d88d05d507f5ca0fdb') in 0.129 seconds [static and dynamic dependencies]. Details - ImportResultOutputID=b178761f57ba940c8a0d921ae98c7a2a DependenciesID=111d1f95e1b0dd5d2d04fe175dd9cfc0 StaticDependenciesID=b07725174a76d2d547bbf73694493549 
Importing 'GUID: 98773313eabe35543bfdbf542ccea271 - Path: Packages/com.unity.collab-proxy/Editor/Assets/Images/iconundo.png' with importer (TextureImporter)
Imported 'GUID: 98773313eabe35543bfdbf542ccea271' -> (Import Result ID: 'ebe44483ae8be7cf27e1e5d111e228c7') in 0.016 seconds [static and dynamic dependencies]. Details - ImportResultOutputID=106aefa8775686d8b1854d9b4fc9ccc2 DependenciesID=ab8d6cc0a52f0ca21606acc6609adcf9 StaticDependenciesID=2474b1bbe91f55d8aeb7ef1bdb84d6ca 
Importing 'GUID: 9808592dc5cbaa245b9039a161095c27 - Path: Assets/Scenes/Tracks/Phineas Track 2/LightmapFar-3.png' with importer (TextureImporter)
Imported 'GUID: 9808592dc5cbaa245b9039a161095c27' -> (Import Result ID: '3d8ad3358b3a83311a4785e05f6fe23a') in 0.119 seconds [static and dynamic dependencies]. Details - ImportResultOutputID=c6c8b1ac8614eb327d85f162ee2cdcdd DependenciesID=a2b64b3c5f7ccd06cc7b7de1f4f18792 StaticDependenciesID=df2b951f34d017fdd3b62c12c1ac4a06 
Importing 'GUID: 981b1c6358520f245a69c070270eca96 - Path: Packages/com.unity.collab-proxy/Editor/Assets/Images/iconbranch.png' with importer (TextureImporter)
Imported 'GUID: 981b1c6358520f245a69c070270eca96' -> (Import Result ID: '721e6f9987b8377dcaf3f927bcde5bfe') in 0.020 seconds [static and dynamic dependencies]. Details - ImportResultOutputID=fc4e26180a18b9abe7f53fd21a350232 DependenciesID=db2f39931375e0e06dd729b9cf6796f4 StaticDependenciesID=57142b90fc77d46dbaa1cc0ce62d8ec8 
Importing 'GUID: 981eab6b27bb3bf41b66b01f6468e6b5 - Path: Assets/Texture2D/Swatch Copper.png' with importer (TextureImporter)
Imported 'GUID: 981eab6b27bb3bf41b66b01f6468e6b5' -> (Import Result ID: 'b3faf5ee260c26c48de3929f87ed809e') in 0.017 seconds [static and dynamic dependencies]. Details - ImportResultOutputID=cc54a4cbe233fcbd4600e7601923bf37 DependenciesID=76a1c331d280eba7a10e55c8f44acc37 StaticDependenciesID=7c618ddc752d0700072e36d1fc701c46 
Importing 'GUID: a892bcc7ae1871447926b3c44d158763 - Path: Packages/com.unity.collab-proxy/Editor/Assets/Images/d_iconconflictedoverlay.png' with importer (TextureImporter)
Imported 'GUID: a892bcc7ae1871447926b3c44d158763' -> (Import Result ID: '3691bc171219660cc9d9ebbb0df07e29') in 0.015 seconds [static and dynamic dependencies]. Details - ImportResultOutputID=cb1cfaa166b541aeab7a6a8f8d6c7488 DependenciesID=0c3880b5a35e94153bb78c8c07384784 StaticDependenciesID=901dea124ff43348f2feefce79de9e9c 
Importing 'GUID: a86470a33a6bf42c4b3595704624658b - Path: Packages/com.unity.2d.sprite/Editor/ObjectMenuCreation/DefaultAssets/Textures/v2/Circle.png' with importer (TextureImporter)
Imported 'GUID: a86470a33a6bf42c4b3595704624658b' -> (Import Result ID: '2ac0f4ec82d818d5477baed03188296d') in 0.026 seconds [static and dynamic dependencies]. Details - ImportResultOutputID=59dc0ed801e0f23401ff7ec304b3aea3 DependenciesID=0be522e6e3d56d5df38ca2619c0cae8a StaticDependenciesID=618408d1ee78572844c39110debab218 
Importing 'GUID: a87570e8ce9b9124dbf2e31e24a4c2a3 - Path: Assets/Texture2D/House 1 Color 2.png' with importer (TextureImporter)
Imported 'GUID: a87570e8ce9b9124dbf2e31e24a4c2a3' -> (Import Result ID: '6d95811b40fee2c1ac14c84a52c3d84a') in 0.025 seconds [static and dynamic dependencies]. Details - ImportResultOutputID=8236aa4ebe63cff835c011f1792ba472 DependenciesID=bed49995a29f31feacce019385aa2557 StaticDependenciesID=5cb5bc1eb6d56ced3c78c12e23e39111 
Importing 'GUID: a82846d41464fcf4b962ebdc815963f5 - Path: Packages/com.unity.timeline/Editor/StyleSheets/Images/Icons/TimelineEditModeMixON.png' with importer (TextureImporter)
Imported 'GUID: a82846d41464fcf4b962ebdc815963f5' -> (Import Result ID: 'f1d76c941a48f3a82909165fcbe7ec7e') in 0.017 seconds [static and dynamic dependencies]. Details - ImportResultOutputID=8d721c09541f4ec39228221f1ccedaf5 DependenciesID=1654709a258ddf28d7320f43208dbfe2 StaticDependenciesID=d80bec72c6eb553c8f29c0e70a674985 
Importing 'GUID: a88fa20ed164bbe4da6bf533f94a3113 - Path: Packages/com.unity.timeline/Editor/StyleSheets/Images/LightSkin/TimelineSignalCollapsed.png' with importer (TextureImporter)
Imported 'GUID: a88fa20ed164bbe4da6bf533f94a3113' -> (Import Result ID: '73da8c077f96845269bb1994827b97d5') in 0.016 seconds [static and dynamic dependencies]. Details - ImportResultOutputID=8618396df43eeadcfa6e2a0ed86e7582 DependenciesID=77dc632f5ad7473bf5a0f625258991c3 StaticDependenciesID=a50161bcadebb93635a3fbb4cb53a8e6 
Importing 'GUID: b8c531b4e51e4994a81837c4e9b0d649 - Path: Packages/com.unity.timeline/Editor/StyleSheets/Images/Icons/TrackLockButtonEnabled@2x.png' with importer (TextureImporter)
Imported 'GUID: b8c531b4e51e4994a81837c4e9b0d649' -> (Import Result ID: 'dfb350e5688eae712fafc2f9452c48d5') in 0.016 seconds [static and dynamic dependencies]. Details - ImportResultOutputID=6607fd53e632ebb325bcba09d5fb3d46 DependenciesID=de482d75dd1d6de1080158dfcbace148 StaticDependenciesID=e5478863c09914d2b7b3920d3fdb6157 
Importing 'GUID: b8263c2f8ead9485180cfeaa9bde0999 - Path: Packages/com.unity.collab-proxy/Editor/Assets/Images/iconincomingchangesview@2x.png' with importer (TextureImporter)
Imported 'GUID: b8263c2f8ead9485180cfeaa9bde0999' -> (Import Result ID: '5be7e85261a51849c3fd767282b379e0') in 0.017 seconds [static and dynamic dependencies]. Details - ImportResultOutputID=5396be058d4aed33ca35f10e011ba577 DependenciesID=f8f86df128ac29199e1e10c74ae72945 StaticDependenciesID=832d9a5c8cb087e4ec1b1ee49437ec5c 
Importing 'GUID: b8a654e77ffbbcd4abdda7fdb70fbb9e - Path: Packages/com.unity.ai.navigation/EditorResources/Overlay/d_NavigationOverlay On@32.png' with importer (TextureImporter)
Imported 'GUID: b8a654e77ffbbcd4abdda7fdb70fbb9e' -> (Import Result ID: '39081c7873172293e4c19a51bc48c6ba') in 0.014 seconds [static and dynamic dependencies]. Details - ImportResultOutputID=c161ab205c0a8977ec8e8b4ff7904dc1 DependenciesID=bb0a68afa2c86a5669f7c363d4bc6d2f StaticDependenciesID=2214780fb05175e362498781c4be4196 
Importing 'GUID: b82a08a34cce31147ad259f968daa475 - Path: Assets/Resources/localized/NewbieCircuit_norwegian.png' with importer (TextureImporter)
Imported 'GUID: b82a08a34cce31147ad259f968daa475' -> (Import Result ID: '5c56bf2adfe8df8d17c5c44c28682757') in 0.105 seconds [static and dynamic dependencies]. Details - ImportResultOutputID=4477a4e6ee644871f54c7d0abb537103 DependenciesID=ddf654d6e8223aa5c6de7d9ff66071a1 StaticDependenciesID=be76fa230ee88c2507f2852cbc4deaba 
Importing 'GUID: b85a4b2ec6433d04895612d791edc260 - Path: Packages/com.unity.collab-proxy/Editor/Assets/Images/icondeletedremote.png' with importer (TextureImporter)
Imported 'GUID: b85a4b2ec6433d04895612d791edc260' -> (Import Result ID: '5c75361af9b975dfc5436721a70abf9d') in 0.016 seconds [static and dynamic dependencies]. Details - ImportResultOutputID=3f2c3044776a4ec7f2b578480fa387b5 DependenciesID=988cc57dfa2f8f9da8ce4ce7b619e237 StaticDependenciesID=826814d3e850430918fafc024933502e 
Importing 'GUID: b80d5b6acdfbc114b9efab6295fd96c1 - Path: Packages/com.unity.timeline/Editor/StyleSheets/Images/Icons/TimelineCollapseMarkerButtonDisabled.png' with importer (TextureImporter)
Imported 'GUID: b80d5b6acdfbc114b9efab6295fd96c1' -> (Import Result ID: 'b029bbcf54c736187e85969efc2446bf') in 0.010 seconds [static and dynamic dependencies]. Details - ImportResultOutputID=9fc421031421a750e754bd6c3d48850f DependenciesID=eca6f40be9556a062271bcbb580a35ee StaticDependenciesID=141eaab854efcda4976f7586836cda70 
Importing 'GUID: c8a69ecdf54ac8e4b873466605de27ff - Path: Packages/com.unity.collab-proxy/Editor/Assets/Images/d_step1@2x.png' with importer (TextureImporter)
Imported 'GUID: c8a69ecdf54ac8e4b873466605de27ff' -> (Import Result ID: '887db8b972d1c393976e8cdf6aac5889') in 0.019 seconds [static and dynamic dependencies]. Details - ImportResultOutputID=4be80b4712476b7c6fc44a415abd15f9 DependenciesID=67b21cffa323bb7b8c682315afdeabe4 StaticDependenciesID=fb4795bc95f4c2b314f3d48ffcdcfd16 
Importing 'GUID: c8c6722d479e52e42ae374ed04d0f860 - Path: Assets/Texture2D/track 01 container2.png' with importer (TextureImporter)
Imported 'GUID: c8c6722d479e52e42ae374ed04d0f860' -> (Import Result ID: 'a412e27747f0715ea6083bb1491fb644') in 0.023 seconds [static and dynamic dependencies]. Details - ImportResultOutputID=ef4a2596456db9a7c2c3309af5f58415 DependenciesID=02c3169ef551eb1392d66523587404cb StaticDependenciesID=a6f3f24c9729059adaab8f95a2d92341 
Importing 'GUID: c8396bd7e257d6b4b8d1d72fdb7a2684 - Path: Packages/com.unity.collab-proxy/Editor/Assets/Images/iconlabel@2x.png' with importer (TextureImporter)
Imported 'GUID: c8396bd7e257d6b4b8d1d72fdb7a2684' -> (Import Result ID: '94c7b20e9c6604833e6dbe9483ba9608') in 0.010 seconds [static and dynamic dependencies]. Details - ImportResultOutputID=f9aa3648f6a53e25374cfa5675353213 DependenciesID=d4db8f41a93a20404fb533314a213fb6 StaticDependenciesID=70ef43589353b4cd5836e19cc0c1993b 
Importing 'GUID: d86968e7e44ada240b9d700eb8d65eac - Path: Assets/Texture2D/Horizontal strays SpriteAtlas.png' with importer (TextureImporter)
Imported 'GUID: d86968e7e44ada240b9d700eb8d65eac' -> (Import Result ID: '01514a6031c3efd5f2c928721457fdbf') in 0.172 seconds [static and dynamic dependencies]. Details - ImportResultOutputID=a5007277fbd3734b9976b28c71531af8 DependenciesID=611790b711143d254b09b1a8119ed83b StaticDependenciesID=f9b94b91e22a95a78d1671d51cb31d80 
Importing 'GUID: d82b77d54a702e441a0bb9b14ec4ca22 - Path: Assets/Resources/multilayertextures/kart5paint/kart5_body_main.png' with importer (TextureImporter)
Imported 'GUID: d82b77d54a702e441a0bb9b14ec4ca22' -> (Import Result ID: 'a8a06dce53815b70befc5a5e451a2ec5') in 0.022 seconds [static and dynamic dependencies]. Details - ImportResultOutputID=044bf55868a55bd1909586cf4bd826df DependenciesID=0eabe3801d7284744e72ce1d60c4b0b4 StaticDependenciesID=8a6579d28f07c1a72442d2a2941fd542 
Importing 'GUID: d83d26a46db2b504fbcfa6f2aae590b6 - Path: Packages/com.unity.collab-proxy/Editor/Assets/Images/d_iconretainedoverlay.png' with importer (TextureImporter)
Imported 'GUID: d83d26a46db2b504fbcfa6f2aae590b6' -> (Import Result ID: '3516eb4a016c101d51c050f77e13adf4') in 0.022 seconds [static and dynamic dependencies]. Details - ImportResultOutputID=43995e101f0f495beddc4e122263fa2a DependenciesID=7150bd493775eb5a31284eb430dbee90 StaticDependenciesID=7cdf2feb1906e9eea8f33ce08b62d350 
Importing 'GUID: d88e25b75a7927f4683afb6c74b05a08 - Path: Packages/com.unity.2d.tilemap/Editor/Icons/Tilemap.ShowTilePalette@2x.png' with importer (TextureImporter)
Imported 'GUID: d88e25b75a7927f4683afb6c74b05a08' -> (Import Result ID: 'f49078af783ee983cc334eb1a1ac94fd') in 0.018 seconds [static and dynamic dependencies]. Details - ImportResultOutputID=1260c74d052ffa4123e93fcba6a26318 DependenciesID=1b475e3901de795289a4cb0ebbf1cf39 StaticDependenciesID=1a64942ac6ca095fcbb0610f065df9b2 
Importing 'GUID: e883969672bd261498f38ec9e9fc393f - Path: Packages/com.unity.2d.tilemap/Editor/Icons/Grid.FlipX.png' with importer (TextureImporter)
Imported 'GUID: e883969672bd261498f38ec9e9fc393f' -> (Import Result ID: 'b808842a12e4d0cf3f7c94fd7c008dbc') in 0.017 seconds [static and dynamic dependencies]. Details - ImportResultOutputID=3537d0539296ed7783643023b157c08f DependenciesID=8f7a2a640871b0eaab6e42509e77fb25 StaticDependenciesID=36946a4526e7589e17836e7e79dd1329 
Importing 'GUID: e8e756779e8f7994baad0184b5b03305 - Path: Assets/Texture2D/OilSlick.png' with importer (TextureImporter)
Imported 'GUID: e8e756779e8f7994baad0184b5b03305' -> (Import Result ID: 'c1d6771f2165ca3d774f1e3c0b1ef985') in 0.033 seconds [static and dynamic dependencies]. Details - ImportResultOutputID=168856085f08b7772f842233a03e5a06 DependenciesID=c2893ba9235e8d5b986e7a3faea5f114 StaticDependenciesID=6eeab25fe6c693e7dcf51bff6e3b3f93 
Importing 'GUID: e8aa120f1b4731e43a2dd31eb70bbbe2 - Path: Packages/com.unity.timeline/Editor/StyleSheets/Images/Icons/d_TrackLockButtonEnabled.png' with importer (TextureImporter)
Imported 'GUID: e8aa120f1b4731e43a2dd31eb70bbbe2' -> (Import Result ID: 'ec0c1c9c350cf451d063698f376dbb8e') in 0.010 seconds [static and dynamic dependencies]. Details - ImportResultOutputID=5e074132c343c9c5f6aa52ded2a77460 DependenciesID=9398c70150873c1ba89747525773c824 StaticDependenciesID=94d0ba2389c0afe5e74ed6815ce90a12 
Importing 'GUID: f8e23945cefaa614da36fe203225170a - Path: Packages/com.unity.2d.tilemap/Editor/Icons/d_Tilemap.TilePalette@2x.png' with importer (TextureImporter)
Imported 'GUID: f8e23945cefaa614da36fe203225170a' -> (Import Result ID: '09a7cfb353945b7688c827f13159b422') in 0.020 seconds [static and dynamic dependencies]. Details - ImportResultOutputID=8e62a07264f2ba519d441e4d8023ee8c DependenciesID=2fa5b975a3ad18a4c973a34144e81abb StaticDependenciesID=d985e62dbdb7d432f7ab324e0ecb752c 
Importing 'GUID: f8e27d22a910edd4e9b6791a887aa9e1 - Path: Packages/com.unity.2d.tilemap/Editor/Icons/Tilemap.FocusNone@2x.png' with importer (TextureImporter)
Imported 'GUID: f8e27d22a910edd4e9b6791a887aa9e1' -> (Import Result ID: 'dd7f30327e622d5d77ae6aee75a3493f') in 0.021 seconds [static and dynamic dependencies]. Details - ImportResultOutputID=9094f9793e8f7c58423d523055785ef1 DependenciesID=9036e2059b671b4de8dbb80899f72ba8 StaticDependenciesID=077c580f2897fb85bc4320fb5f7f133b 
Importing 'GUID: f817f932f32a5e540b096497603269b8 - Path: Assets/Texture2D/Swatch Red.png' with importer (TextureImporter)
Imported 'GUID: f817f932f32a5e540b096497603269b8' -> (Import Result ID: '4d9360c6e08177291731c30e128b72ca') in 0.017 seconds [static and dynamic dependencies]. Details - ImportResultOutputID=1751f5634046cdece70b7cbd82353389 DependenciesID=5baf61c2745a10167cdfe3afea25faf6 StaticDependenciesID=b58786e7e497292cabaacbafe387d225 
Importing 'GUID: f82dfc5fc3c5a8f4080a3550427019c8 - Path: Packages/com.unity.collab-proxy/Editor/Assets/Images/d_iconoutofsync@2x.png' with importer (TextureImporter)
Imported 'GUID: f82dfc5fc3c5a8f4080a3550427019c8' -> (Import Result ID: 'd0be34fa58d650ed32ef454229a25351') in 0.023 seconds [static and dynamic dependencies]. Details - ImportResultOutputID=43904493e5a7effb89f7dae22070ef92 DependenciesID=aaad114d46c3c2600328af54dc6d1364 StaticDependenciesID=81eb735ffa5a575d65bef6612f188443 
Importing 'GUID: f8eef1ebd82d467428620ec2c02bc50a - Path: Packages/com.unity.2d.tilemap/Editor/Icons/EditorUI.Target@2x.png' with importer (TextureImporter)
Imported 'GUID: f8eef1ebd82d467428620ec2c02bc50a' -> (Import Result ID: 'dee195b3e7cbbaec9c1a0b2b9f1d9961') in 0.018 seconds [static and dynamic dependencies]. Details - ImportResultOutputID=1bb4492b2658c5e99dbdc01d1af70b31 DependenciesID=7d6ba5c4867d0df43e36bb12b1bc6444 StaticDependenciesID=1421daf07e2d3fe5f5948cbd1e7014e8 
Importing 'GUID: 09b036ce54153214f8698c71a11ecb4a - Path: Assets/Texture2D/white wall.png' with importer (TextureImporter)
Imported 'GUID: 09b036ce54153214f8698c71a11ecb4a' -> (Import Result ID: '299068b189628136bbdc384c0032cb9d') in 0.048 seconds [static and dynamic dependencies]. Details - ImportResultOutputID=c3a769d67be7d59fe9646ce889f8f36f DependenciesID=6e28218a2fc55e87af26a102fe2577d4 StaticDependenciesID=189af86aefca350d0eeae929b5e2279a 
Importing 'GUID: 092347b12f348a6439e85218cd291ea2 - Path: Packages/com.unity.collab-proxy/Editor/Assets/Images/icondeletedremoteoverlay.png' with importer (TextureImporter)
Imported 'GUID: 092347b12f348a6439e85218cd291ea2' -> (Import Result ID: '6c98df9c8f06c637b0e54dfd6a6eee60') in 0.017 seconds [static and dynamic dependencies]. Details - ImportResultOutputID=705f7326bdce0b7ba250f877e5e321e5 DependenciesID=e9d72cdede2ecbc6e1c7039eca7d915a StaticDependenciesID=0b025d5c18f200c5a45609ebdc9c64f9 
Importing 'GUID: 09fca212d621e844a8a0f11a9ac6c1bc - Path: Packages/com.unity.collab-proxy/Editor/Assets/Images/d_buttonhome.png' with importer (TextureImporter)
Imported 'GUID: 09fca212d621e844a8a0f11a9ac6c1bc' -> (Import Result ID: 'ae211497f3e226154dac36ad2d9c4913') in 0.009 seconds [static and dynamic dependencies]. Details - ImportResultOutputID=2ee2e16e5fec6c75ea7ea470524a4bd0 DependenciesID=defcd64da9b9c30ef35312ff8ff52eac StaticDependenciesID=ebf62c2b41752cf797ffe461e88c5e7a 
Importing 'GUID: 09ae14686a02d484ab41e76fd1efba14 - Path: Packages/com.unity.timeline/Editor/StyleSheets/Images/Icons/TimelineEditModeReplaceOFF.png' with importer (TextureImporter)
Imported 'GUID: 09ae14686a02d484ab41e76fd1efba14' -> (Import Result ID: 'ed00f8bc020507ec239e677c9d56f6f0') in 0.014 seconds [static and dynamic dependencies]. Details - ImportResultOutputID=f1d8da614e2177f59a8238bb1ee3746f DependenciesID=ee00c25bb14774ed40b70cb5a5cf5006 StaticDependenciesID=975997a23ef908e84f4c94348133b34b 
Importing 'GUID: 191083df27ef3f04ebf005ce41f5015e - Path: Assets/Resources/localized/ProCircuitLocked_norwegian.png' with importer (TextureImporter)
Imported 'GUID: 191083df27ef3f04ebf005ce41f5015e' -> (Import Result ID: '76902bef06b2fdbdc8c64dcb6891318b') in 0.099 seconds [static and dynamic dependencies]. Details - ImportResultOutputID=9b891694057f859700ae53ca64648dbc DependenciesID=3805934b5af84f61678ba12eca4c7605 StaticDependenciesID=b79d49e72257eb22144905001ab0f6f0 
Importing 'GUID: 19b06b801c204604290761788cf6e125 - Path: Packages/com.unity.collab-proxy/Editor/Assets/Images/d_iconpackageupdateavailable@2x.png' with importer (TextureImporter)
Imported 'GUID: 19b06b801c204604290761788cf6e125' -> (Import Result ID: '2a4d08ac2dbc9b02b2ef8608256077d5') in 0.020 seconds [static and dynamic dependencies]. Details - ImportResultOutputID=45d4be52e9ca54e61b72badbee7cdadf DependenciesID=d134f80de28f1ffaf319d678d822d8a8 StaticDependenciesID=410e84c58dc13534c25d75b959e6b8d4 
Importing 'GUID: 19f278c7122548446922b7ade8c51d2a - Path: Assets/Texture2D/fish hooks lockers.png' with importer (TextureImporter)
Imported 'GUID: 19f278c7122548446922b7ade8c51d2a' -> (Import Result ID: '86cdcdcac63c581bb23f107a4f3ace9d') in 0.028 seconds [static and dynamic dependencies]. Details - ImportResultOutputID=029bccb12c2ba793b53d8faac726088e DependenciesID=71ca355d1ed2c4b7c24a7f1594f113c9 StaticDependenciesID=97cd041d4921d5f29b30e3ef86353987 
Importing 'GUID: 1915f55bbb9484044b7829d1df0b4abf - Path: Packages/com.unity.2d.tilemap/Editor/Icons/Tilemap.GridPaint.png' with importer (TextureImporter)
Imported 'GUID: 1915f55bbb9484044b7829d1df0b4abf' -> (Import Result ID: '3c369793383b0f07cf5496d930532677') in 0.017 seconds [static and dynamic dependencies]. Details - ImportResultOutputID=5698412fbd244d49a5a443a4b1050873 DependenciesID=39a1fbe867d308d66ff0d3bf9f1e01f5 StaticDependenciesID=6431af0027e6696c7aa96db0e1e36f02 
Importing 'GUID: 19fb86013d8c24d6cb8410c0aadf30fa - Path: Packages/com.unity.2d.sprite/Editor/ObjectMenuCreation/DefaultAssets/Textures/v2/IsometricDiamond.png' with importer (TextureImporter)
Imported 'GUID: 19fb86013d8c24d6cb8410c0aadf30fa' -> (Import Result ID: '414506ad8c6734ec4b57bbce0a74c77e') in 0.019 seconds [static and dynamic dependencies]. Details - ImportResultOutputID=00d17a9433723cf1c8bd0e4ea639fc34 DependenciesID=86ea039789f79c4f815b5e792edbafd0 StaticDependenciesID=7b8096ff4665f88331b7597cc2f59e00 
Importing 'GUID: 193dae938a3136440b693b45a2494737 - Path: Packages/com.unity.timeline/Editor/StyleSheets/Images/Icons/TrackMarkerButtonDisabled@2x.png' with importer (TextureImporter)
Imported 'GUID: 193dae938a3136440b693b45a2494737' -> (Import Result ID: 'd2b1b3a9f4b4399fd26cb424452e2233') in 0.014 seconds [static and dynamic dependencies]. Details - ImportResultOutputID=850e89c29277b2f7936490277a6e5e8b DependenciesID=3970ea8ab195c7644cfecab446326d17 StaticDependenciesID=8af8f0fe932cb246b098e49e79178c37 
Importing 'GUID: 193e1ff94797301488beb3527a1fa963 - Path: Assets/Resources/multilayertextures/kart5paint/kart5_Phineas_body_decal.png' with importer (TextureImporter)
Imported 'GUID: 193e1ff94797301488beb3527a1fa963' -> (Import Result ID: '6d18f90a86afe843f83db51da9f9c7e0') in 0.021 seconds [static and dynamic dependencies]. Details - ImportResultOutputID=f37eaca2da4c41a9634bbe0294676c19 DependenciesID=bd622dbe26c31a123904c16603994d87 StaticDependenciesID=d9f9955c96f33c188b60e44fc31b4154 
Importing 'GUID: 29619f4f148bf084e942741b8c09bd2f - Path: Assets/Texture2D/Bridge Street.png' with importer (TextureImporter)
Imported 'GUID: 29619f4f148bf084e942741b8c09bd2f' -> (Import Result ID: '8fc249ff9b5c191ef57e37b52f4686de') in 0.137 seconds [static and dynamic dependencies]. Details - ImportResultOutputID=8f412cf7243795ef1d90a28972f964ba DependenciesID=adab9f8e3dc0e49f34973945733c85d6 StaticDependenciesID=972bbe4f1c98c9322a4024965a9f8f3f 
Importing 'GUID: 29395f0639574c1fbc8b729aa257fb84 - Path: Packages/com.unity.multiplayer.center/Editor/MultiplayerCenterWindow/UI/Icons/d_Check.png' with importer (TextureImporter)
Imported 'GUID: 29395f0639574c1fbc8b729aa257fb84' -> (Import Result ID: '6ef9126b1551fd0786111134b7366bb9') in 0.019 seconds [static and dynamic dependencies]. Details - ImportResultOutputID=eed5f7e9a77fab169750f37435856a40 DependenciesID=fcf627b6e6f975c7f53581d776e7b5ba StaticDependenciesID=7b63e129144b3a11b28f95e9f5bf21fc 
Importing 'GUID: 292bae633fda01e41b8847fad37495c2 - Path: Packages/com.unity.collab-proxy/Editor/Assets/Images/d_iconshelve.png' with importer (TextureImporter)
Imported 'GUID: 292bae633fda01e41b8847fad37495c2' -> (Import Result ID: '935f1afe38ea750cb603ad6c28cadd60') in 0.015 seconds [static and dynamic dependencies]. Details - ImportResultOutputID=641b60453172a668ddf5c1ec712efbd2 DependenciesID=909819ff1f99a1407627910d11446cb8 StaticDependenciesID=d2c0bdd32046bf86d931e79d96ce38b2 
Importing 'GUID: 290f7bbe817859b4aaf61356d8e4c068 - Path: Assets/Texture2D/KickBillboardAd.png' with importer (TextureImporter)
Imported 'GUID: 290f7bbe817859b4aaf61356d8e4c068' -> (Import Result ID: '84e7223fab87dcff631df56c74865765') in 0.038 seconds [static and dynamic dependencies]. Details - ImportResultOutputID=64914293f45a11d6869f49f445d70fda DependenciesID=440ee9ef98d52ab49d1e3528f6a89bc4 StaticDependenciesID=c5e27db60dfe810576d7ad9aa7adcdd9 
Importing 'GUID: 39828de7e27112f449bd595d7a5fa9f3 - Path: Assets/Texture2D/phineas tree.png' with importer (TextureImporter)
Imported 'GUID: 39828de7e27112f449bd595d7a5fa9f3' -> (Import Result ID: '36a7e04beb48142bc4d1aea718b78597') in 0.025 seconds [static and dynamic dependencies]. Details - ImportResultOutputID=0c9402d54b3dca19152b60812fee79ad DependenciesID=d4a8324cfc09e7d1090aafc10b8d5a08 StaticDependenciesID=9531da0d0bf5271a8ad8220e127d8adc 
Importing 'GUID: 3943479b9e27741a78451950ae5841f6 - Path: Packages/com.unity.collab-proxy/Editor/Assets/Images/d_ArrowCaretRight@2x.png' with importer (TextureImporter)
Imported 'GUID: 3943479b9e27741a78451950ae5841f6' -> (Import Result ID: 'f5149f0cacbd5c3f7e91fc30fecb9c75') in 0.015 seconds [static and dynamic dependencies]. Details - ImportResultOutputID=8d7cb712332ba5646632ea3dd3c046ec DependenciesID=ab54e63ed038a17de4ac6edb49ae0764 StaticDependenciesID=f3f8acebfe093225bc8a98f01992aa5a 
Importing 'GUID: 3983e976e5d79f84d83ac4ee6f01f384 - Path: Packages/com.unity.services.analytics/Editor/Tools/StateActive.png' with importer (TextureImporter)
Imported 'GUID: 3983e976e5d79f84d83ac4ee6f01f384' -> (Import Result ID: '97c4b3f3d55b2759414664282ad113fb') in 0.015 seconds [static and dynamic dependencies]. Details - ImportResultOutputID=89ce033c96a07d19f7fc6af2ffbe4609 DependenciesID=c6952bd7afe2579293af7cf1b3569057 StaticDependenciesID=5986dbfe40b01737034bc0ffa3d39d15 
Importing 'GUID: 39f307e3118fd6e46a61e2ea8e610dbb - Path: Assets/Texture2D/fish hooks track lines.png' with importer (TextureImporter)
Imported 'GUID: 39f307e3118fd6e46a61e2ea8e610dbb' -> (Import Result ID: 'cf7ae5798f13eec93bf391f0bafca5d2') in 0.031 seconds [static and dynamic dependencies]. Details - ImportResultOutputID=9466c586b881db4752d03209090c2c4f DependenciesID=685472051e5989d802433a5d45f4ef4f StaticDependenciesID=47f81f26dd2463459f21c1d3ce3940bc 
Importing 'GUID: 3999034958d54364da380a8839a11050 - Path: Packages/com.unity.collab-proxy/Editor/Assets/Images/iconcheckedoutlocaloverlay@2x.png' with importer (TextureImporter)
Imported 'GUID: 3999034958d54364da380a8839a11050' -> (Import Result ID: '76cc61b2754d077e6a52da33f95473bb') in 0.017 seconds [static and dynamic dependencies]. Details - ImportResultOutputID=a4942c75288a7a4268ffe210d56972ec DependenciesID=bc0317b7f65034e652ee673a654b8fd9 StaticDependenciesID=100cc32b0ef8118d6e15898441fa59f9 
Importing 'GUID: 39a95831608894842b7e012a151edea7 - Path: Assets/Resources/localized/FishhooksLogo_norwegian.png' with importer (TextureImporter)
Imported 'GUID: 39a95831608894842b7e012a151edea7' -> (Import Result ID: '61e6d6f38cfa12bcedf0b7e0a1d9337a') in 0.100 seconds [static and dynamic dependencies]. Details - ImportResultOutputID=650bcffc25c11ee3f74fc0269c8383ce DependenciesID=c389d621d4fb345b2c0c9445b2fe21af StaticDependenciesID=4f21105b026c6a5764f7c5e9535c53d9 
Importing 'GUID: 39d9575ed0465354cb02b69ea18526de - Path: Packages/com.unity.timeline/Editor/StyleSheets/Images/Icons/d_TimelineEditModeMixOFF.png' with importer (TextureImporter)
Imported 'GUID: 39d9575ed0465354cb02b69ea18526de' -> (Import Result ID: '64b31eec218deb2615120647071153ef') in 0.019 seconds [static and dynamic dependencies]. Details - ImportResultOutputID=50e2df59f4781c09a549367fcfa622b8 DependenciesID=72dd8730d2ebfdc1d4e121f9b6ced89e StaticDependenciesID=8c42230fea5a9ede3b963baefbcd10a3 
Importing 'GUID: 49e0597883758964a9761f6ea1ee9cbb - Path: Assets/Resources/localized/ProCircuitLocked_english.png' with importer (TextureImporter)
Imported 'GUID: 49e0597883758964a9761f6ea1ee9cbb' -> (Import Result ID: '1ec45ec9ddb8492345bf43ced35c2c80') in 0.073 seconds [static and dynamic dependencies]. Details - ImportResultOutputID=aaef3afb0684c6da1acf106c0b42fcc2 DependenciesID=9908551c7eeadf56afabcd23f15536d3 StaticDependenciesID=e71a0e84bcecd4676a58e2b00d27aae8 
Importing 'GUID: 49813f637fb8c7941a3ac0f33199ebb3 - Path: Assets/Texture2D/laserRobotShadow.png' with importer (TextureImporter)
Imported 'GUID: 49813f637fb8c7941a3ac0f33199ebb3' -> (Import Result ID: '497b7f6ee2eaa1e08a2b83030638f3c5') in 0.027 seconds [static and dynamic dependencies]. Details - ImportResultOutputID=db7a7ed36db999ecaff8e79db00bf85d DependenciesID=22e39d85c79fee5ca5d3fdd7f99881c4 StaticDependenciesID=b156212f48d473108446831056da6ffe 
Importing 'GUID: 49679f302ac6408697f6b9314a38985c - Path: Packages/com.unity.ugui/Editor Resources/Textures/btn_AlignCapLine_Light.psd' with importer (TextureImporter)
Imported 'GUID: 49679f302ac6408697f6b9314a38985c' -> (Import Result ID: 'ac1a6ecd2acdaf731f5ddfe6a6446954') in 0.019 seconds [static and dynamic dependencies]. Details - ImportResultOutputID=97117ffb6f7620fe4e0520c5d19bad6a DependenciesID=7b0bbdb22932bea71a9f9068316039c5 StaticDependenciesID=611618b7851a0d939e6fdc711e294008 
Importing 'GUID: 495998c718a094540bbe57ae5ab07647 - Path: Packages/com.unity.timeline/Editor/StyleSheets/Images/Icons/TrackRecordButtonDisabled.png' with importer (TextureImporter)
Imported 'GUID: 495998c718a094540bbe57ae5ab07647' -> (Import Result ID: '737592f46d486f61207abeb0a189fe91') in 0.015 seconds [static and dynamic dependencies]. Details - ImportResultOutputID=3c34028c525470f07471b47bfc7579b1 DependenciesID=256837bde1736172975ec4ed8b0c3377 StaticDependenciesID=887dfcdc5de3a576a4e43e2b779c802d 
Importing 'GUID: 492c70ec0e6ff4af48a6886e4e1608f8 - Path: Packages/com.unity.2d.sprite/Editor/Assets/LockedOptions.png' with importer (TextureImporter)
Imported 'GUID: 492c70ec0e6ff4af48a6886e4e1608f8' -> (Import Result ID: '4559500dd39d622205a7d67e50dc1973') in 0.016 seconds [static and dynamic dependencies]. Details - ImportResultOutputID=f968e452718a8efc091671adcf6d91a3 DependenciesID=7d497a38af041a71c03635a6e0afb9c3 StaticDependenciesID=2efb60a4bfebb39ef92b948628654750 
Importing 'GUID: 49cf11b1407237f419d8d45276dabb8f - Path: Assets/Texture2D/fish hook school exterior wall.png' with importer (TextureImporter)
Imported 'GUID: 49cf11b1407237f419d8d45276dabb8f' -> (Import Result ID: '17ae0408fd01f7638eb8c3dda798910d') in 0.025 seconds [static and dynamic dependencies]. Details - ImportResultOutputID=9c8b766fc40195c0f94044beac1e8fe0 DependenciesID=473b56733c15dc2d986e360618ea5ff0 StaticDependenciesID=38c497708ae09edbed4f5223951f4e75 
Importing 'GUID: 59d17703fae374169bc28ce046728590 - Path: Packages/com.unity.collab-proxy/Editor/Assets/Images/iconchangesets@2x.png' with importer (TextureImporter)
Imported 'GUID: 59d17703fae374169bc28ce046728590' -> (Import Result ID: '4361b9f31c943a40bed5a1c7d1fe432d') in 0.021 seconds [static and dynamic dependencies]. Details - ImportResultOutputID=5021643ada31687e9248e8789a62082a DependenciesID=3abf462dc95a3b35830741c2bc93abee StaticDependenciesID=6506caeefc3d1987c806b668e9bba7d7 
Importing 'GUID: 5912353a07d15c840b64fde486cceca8 - Path: Assets/Texture2D/DoofenschmirtzEvil.png' with importer (TextureImporter)
Imported 'GUID: 5912353a07d15c840b64fde486cceca8' -> (Import Result ID: 'd1d63ff7698e7df41dfe581a39109c58') in 0.054 seconds [static and dynamic dependencies]. Details - ImportResultOutputID=06ce6a7d6709a03140c8a080da7e5cf5 DependenciesID=c9ad891f3aac8dd099d82e1ffbf199f9 StaticDependenciesID=26649b329927612e163d80e5e1b57951 
Importing 'GUID: 59571f82a0dc1a14da606dc0df6f8ea7 - Path: Packages/com.unity.collab-proxy/Editor/Assets/Images/refresh@2x.png' with importer (TextureImporter)
Imported 'GUID: 59571f82a0dc1a14da606dc0df6f8ea7' -> (Import Result ID: '8cb0db6d7c4b5d8002967aa16e275d80') in 0.019 seconds [static and dynamic dependencies]. Details - ImportResultOutputID=08a825443eea83bbf85a09cd59a9f54d DependenciesID=0ebc30cff7c384e6ca18397d8ce9be33 StaticDependenciesID=8f2046f4235acaa7bc9a6526bdad81b0 
Importing 'GUID: 599a5fd92bab81a4ab02e52d0b1b1c60 - Path: Packages/com.unity.analytics/DataPrivacy/DataPrivacyIcon.png' with importer (TextureImporter)
Imported 'GUID: 599a5fd92bab81a4ab02e52d0b1b1c60' -> (Import Result ID: '33415bdb7c4014a6e135e626abd48296') in 0.024 seconds [static and dynamic dependencies]. Details - ImportResultOutputID=588dd52cf82248b209ee08454fb266a8 DependenciesID=412f40d688ff1a48b92aff2e5ee4113a StaticDependenciesID=d6de0f8045ea5353ec61da7fbadf7482 
Importing 'GUID: 592cc37b962a5604599e514ecc35f4b2 - Path: Packages/com.unity.2d.tilemap/Editor/Icons/Tilemap.FocusNone.png' with importer (TextureImporter)
Imported 'GUID: 592cc37b962a5604599e514ecc35f4b2' -> (Import Result ID: '02e58c4ab43defedccf5ba919de5b3c0') in 0.016 seconds [static and dynamic dependencies]. Details - ImportResultOutputID=8fdd3027c16bed4a4e626985ab05021e DependenciesID=6e7f5e59e9dc8b17d974b9aeb795d273 StaticDependenciesID=f0a5d58307525d45282a872dab86a61e 
Importing 'GUID: 59eedc7f076ac5749993ec0e94b87af3 - Path: Packages/com.unity.collab-proxy/Editor/Assets/Images/d_iconclouddriveview@2x.png' with importer (TextureImporter)
Imported 'GUID: 59eedc7f076ac5749993ec0e94b87af3' -> (Import Result ID: 'cb82149526485d726aba7ee213a3247c') in 0.014 seconds [static and dynamic dependencies]. Details - ImportResultOutputID=82469dca9a99d70435d56a5bad70b054 DependenciesID=137761953a994a8567d90f3f267213ad StaticDependenciesID=3e6b45e9b2f7f6c04fa727cd5655599f 
Importing 'GUID: 59bfcd316f2b3264b8e19362b142c4cb - Path: Assets/Texture2D/white wall 2.png' with importer (TextureImporter)
Imported 'GUID: 59bfcd316f2b3264b8e19362b142c4cb' -> (Import Result ID: '04f7140a2e00a845eb171e23104781a9') in 0.049 seconds [static and dynamic dependencies]. Details - ImportResultOutputID=0c37cf75da34f0eeaca4f1d82184a20c DependenciesID=ab3ff8f180a1963feb51ff34b18255ef StaticDependenciesID=deb6cf4a543c32b2c6919fc8b8c17baa 
Importing 'GUID: 693290cb5c304fd43a5801d692829985 - Path: Assets/Resources/multilayertextures/kart2paint/kart2_wheels_main.png' with importer (TextureImporter)
Imported 'GUID: 693290cb5c304fd43a5801d692829985' -> (Import Result ID: 'c6a46521114d874cd251e258369656cd') in 0.017 seconds [static and dynamic dependencies]. Details - ImportResultOutputID=ff475015b01518c521af3b117ebe8b32 DependenciesID=271f27aa6dbef668036b6896fc15a9a4 StaticDependenciesID=c71ff1e7834a21d9cb3ea460387b10a5 
Importing 'GUID: 6952cd3b0f88917449a8fa4d19fc5009 - Path: Packages/com.unity.timeline/Editor/StyleSheets/Images/LightSkin/TimelineEndPlayback.png' with importer (TextureImporter)
Imported 'GUID: 6952cd3b0f88917449a8fa4d19fc5009' -> (Import Result ID: 'ecb9e55dd00ce6ad41acb99a92d694fa') in 0.019 seconds [static and dynamic dependencies]. Details - ImportResultOutputID=fbc5c08cbbda9c1539aadf2fa79ebfd9 DependenciesID=b15d8075e822b09546ead278aa94b8c7 StaticDependenciesID=5a7e661170b58dc369d2bdd5680808df 
Importing 'GUID: 691475c57a824010be0c6f474caeb7e1 - Path: Packages/com.unity.ugui/Editor Resources/Textures/btn_AlignFlush.psd' with importer (TextureImporter)
Imported 'GUID: 691475c57a824010be0c6f474caeb7e1' -> (Import Result ID: '572614e2a4cbb9d7e2a40264f83d71d1') in 0.021 seconds [static and dynamic dependencies]. Details - ImportResultOutputID=b0edfcf776d2c648cf33da0915d32fdd DependenciesID=b4f0df070df14de508e33e16c4a49793 StaticDependenciesID=7df2f5ee9e62f60d87b988ea7dee7cf5 
Importing 'GUID: 6975ee4c1f40caf4da8dd733ee2cfeaf - Path: Packages/com.unity.collab-proxy/Editor/Assets/Images/d_secondarytabclose.png' with importer (TextureImporter)
Imported 'GUID: 6975ee4c1f40caf4da8dd733ee2cfeaf' -> (Import Result ID: 'eac99155c984fc9ac4a8489bcbff799b') in 0.016 seconds [static and dynamic dependencies]. Details - ImportResultOutputID=c0885565d1f69ca8e4d959a0cdc90445 DependenciesID=71e1fc64acc133e398d8ff222c9f8208 StaticDependenciesID=66b0eb67e24935e4608f1272d4123ee9 
Importing 'GUID: 69e5073c34d7d014699dab3e8f6d02fd - Path: Assets/Texture2D/Vertical strays SpriteAtlas.png' with importer (TextureImporter)
Imported 'GUID: 69e5073c34d7d014699dab3e8f6d02fd' -> (Import Result ID: '531297c5f6a46f8c3381256675144645') in 0.171 seconds [static and dynamic dependencies]. Details - ImportResultOutputID=a34237aedb15d32f87bb81f8adee94bc DependenciesID=bc765f1db9c13fcf536794d7c78062f4 StaticDependenciesID=c2a0bc4a80f71db0a8844aea4cfb69de 
Importing 'GUID: 69899ed144c8eea4baea48b858b37746 - Path: Packages/com.unity.collab-proxy/Editor/Assets/Images/step3.png' with importer (TextureImporter)
Imported 'GUID: 69899ed144c8eea4baea48b858b37746' -> (Import Result ID: 'c00727dd1b1a86d70dfacafd26d4587c') in 0.016 seconds [static and dynamic dependencies]. Details - ImportResultOutputID=767b79529ed75dd4250c2140008a2aac DependenciesID=e7c865f2acf5e236f2d886f0f2d666c5 StaticDependenciesID=fbfc5a3a9bbdf149f22485c4842945d5 
Importing 'GUID: 691dc543ff5b9ca44bf846657ba04161 - Path: Packages/com.unity.collab-proxy/Editor/Assets/Images/d_iconundo.png' with importer (TextureImporter)
Imported 'GUID: 691dc543ff5b9ca44bf846657ba04161' -> (Import Result ID: '17d47d3612831edef38e842f89bc8f64') in 0.015 seconds [static and dynamic dependencies]. Details - ImportResultOutputID=ab7d468da03f329010ea34e047ac211a DependenciesID=b01c1827ce7c431988ac13bd97a13712 StaticDependenciesID=9451ff3657c89db19b396a8ee391842b 
Importing 'GUID: 695fbddd7238dc94c8f102d9191c2886 - Path: Packages/com.unity.collab-proxy/Editor/Assets/Images/iconshelve@2x.png' with importer (TextureImporter)
Imported 'GUID: 695fbddd7238dc94c8f102d9191c2886' -> (Import Result ID: '3cea32d5203c59566102b7c29e6deaf1') in 0.016 seconds [static and dynamic dependencies]. Details - ImportResultOutputID=92153e1c121d8ed63fe8d957238dd9f5 DependenciesID=0c09bdc70e3a0071eb214dabd1c80638 StaticDependenciesID=27ad8c0ea18b8f4e0e52a038fed52b32 
Importing 'GUID: 69ff79f863a32ad44a9497d4896d9d1c - Path: Packages/com.unity.timeline/Editor/StyleSheets/Images/LightSkin/TimelineInfiniteTrackNoShadow.png' with importer (TextureImporter)
Imported 'GUID: 69ff79f863a32ad44a9497d4896d9d1c' -> (Import Result ID: '1b15c84ff083b2c737cbab967a8e99a7') in 0.016 seconds [static and dynamic dependencies]. Details - ImportResultOutputID=e649c3fd0f3f8adcce4787a6825c1d85 DependenciesID=0c5b992e14df31eb355edbc0aaee743b StaticDependenciesID=0011e71deadcbd0e53344ab186ab6823 
Importing 'GUID: 796251b15e88f0f4ead31ea35a2ab284 - Path: Assets/Texture2D/SmokeRealBlurred.png' with importer (TextureImporter)
Imported 'GUID: 796251b15e88f0f4ead31ea35a2ab284' -> (Import Result ID: '10b88c6a34b710b854646f14022e8f62') in 0.053 seconds [static and dynamic dependencies]. Details - ImportResultOutputID=632c5af066324522e2963972e41d91e1 DependenciesID=775037b1c809a691c0ccf4e87c255c19 StaticDependenciesID=9f01146a3e9960ad82db479cffee558f 
Importing 'GUID: 89a58c9e82b0eb943b614d71538ef06e - Path: Assets/Texture2D/texture kart05.png' with importer (TextureImporter)
Imported 'GUID: 89a58c9e82b0eb943b614d71538ef06e' -> (Import Result ID: '7f21fd730dc0ca3242d7ae0cdde87e82') in 0.029 seconds [static and dynamic dependencies]. Details - ImportResultOutputID=1f2d7bcae9ec95ec2ea20b03ecf32aeb DependenciesID=c4ea44d42e696b409387f8033d2431eb StaticDependenciesID=6f5ace3c1411e6b95372e59e819bdca0 
Importing 'GUID: 8938daebea9aa604092795c40cf3bf9e - Path: Assets/Texture2D/music icon SpriteAtlas.png' with importer (TextureImporter)
Imported 'GUID: 8938daebea9aa604092795c40cf3bf9e' -> (Import Result ID: '508e96a38f333ad6fcf9dfbaa96366b0') in 0.152 seconds [static and dynamic dependencies]. Details - ImportResultOutputID=d8070516100b018c2e4a93408e22eb1c DependenciesID=d7a8afed96ddeb60df594183f3487d73 StaticDependenciesID=0d6803ec704e1cc4f591fb37633189ee 
Importing 'GUID: 89384f36cf505204290f29c53f88626e - Path: Assets/Texture2D/texture kart mabel.png' with importer (TextureImporter)
Imported 'GUID: 89384f36cf505204290f29c53f88626e' -> (Import Result ID: 'ce87050b243ce9854e8aa5ce431356f5') in 0.051 seconds [static and dynamic dependencies]. Details - ImportResultOutputID=fbd237418e032aaf39fb366daa47e88f DependenciesID=f6b915167799384b9aeeb34e852266f4 StaticDependenciesID=c2639a552e982e6a555e8ca086f9acbc 
Importing 'GUID: 897c3a3f5c4038345a7143573bbb4a40 - Path: Packages/com.unity.collab-proxy/Editor/Assets/Images/d_step2.png' with importer (TextureImporter)
Imported 'GUID: 897c3a3f5c4038345a7143573bbb4a40' -> (Import Result ID: '4f4491233e348ca4156d62087b87379e') in 0.015 seconds [static and dynamic dependencies]. Details - ImportResultOutputID=c5b057fc0a0c856c0cbdfa41eb86dd6a DependenciesID=dd1feccdde052878aa473a3cc939b878 StaticDependenciesID=17aa73ac1b780041b0924622caafc0e2 
Importing 'GUID: 899fd634eefdd1540b95f45739664582 - Path: Assets/Resources/multilayertextures/kart6paint/kart6_spoiler_main.png' with importer (TextureImporter)
Imported 'GUID: 899fd634eefdd1540b95f45739664582' -> (Import Result ID: 'f4f375a3e40a9d2df0ddb33a36bf7cfe') in 0.015 seconds [static and dynamic dependencies]. Details - ImportResultOutputID=4e0af0c7fdb7f184cc590dc7676d7c04 DependenciesID=d8edf3e4ba5f5081fa39d01cd3992715 StaticDependenciesID=4ac279fb7445eac0d9c53321e156760c 
Importing 'GUID: 99d1cf315f771ae48ab6f41c99a8d7cb - Path: Packages/com.unity.collab-proxy/Editor/Assets/Images/iconadd.png' with importer (TextureImporter)
Imported 'GUID: 99d1cf315f771ae48ab6f41c99a8d7cb' -> (Import Result ID: '69e36b52171b8e45c28d2b112b8a2f72') in 0.019 seconds [static and dynamic dependencies]. Details - ImportResultOutputID=e1bbd8b2551cef94239dd16e256e5239 DependenciesID=03f7745f0af9162bd49e168f479a8a0b StaticDependenciesID=e69c2d178debc8e64ad5ef27b9663858 
Importing 'GUID: 99c3717808acc0f43b394ab3e10da8bb - Path: Packages/com.unity.2d.tilemap/Editor/Icons/d_Tilemap.ActiveTargetLayers.png' with importer (TextureImporter)
Imported 'GUID: 99c3717808acc0f43b394ab3e10da8bb' -> (Import Result ID: '195cdec9c20bf0fc41fadbc9a4bf094b') in 0.015 seconds [static and dynamic dependencies]. Details - ImportResultOutputID=0f8a67b8592a426499407bfc7b72978d DependenciesID=1f8cc98f96b62662091706f40d657c82 StaticDependenciesID=85c7032ec5ccc84c39a883b41993c1bd 
Importing 'GUID: 99a5f3c32f75c894fb63d1d83ec9f6ad - Path: Assets/Texture2D/FishHooksBillboardAd.png' with importer (TextureImporter)
Imported 'GUID: 99a5f3c32f75c894fb63d1d83ec9f6ad' -> (Import Result ID: '57714c6d22fdaa6548b31b075a76d1a0') in 0.065 seconds [static and dynamic dependencies]. Details - ImportResultOutputID=fd2ea21950372d3638bf3abdb307fef3 DependenciesID=b52cfcc44047d1fe88edf49516480109 StaticDependenciesID=792080b5b5167c4ac084164404923ab9 
Importing 'GUID: 99da7b3894f364efdb5fa1443952a55d - Path: Packages/com.unity.multiplayer.center/Editor/MultiplayerCenterWindow/UI/Icons/NGO.png' with importer (TextureImporter)
Imported 'GUID: 99da7b3894f364efdb5fa1443952a55d' -> (Import Result ID: 'c337dcffe6b9fbac7ffcfef3584da74e') in 0.018 seconds [static and dynamic dependencies]. Details - ImportResultOutputID=b13b9cd15a7d03ead281233c00e777fa DependenciesID=5cc0c7694123a2a8a73b9c4d826dca07 StaticDependenciesID=0e7b4d1db12f687a8b4cd84507f2bf7b 
Importing 'GUID: 998e4aae0494244578bee3771d57801c - Path: Packages/com.unity.collab-proxy/Editor/Assets/Images/d_iconmergeview.png' with importer (TextureImporter)
Imported 'GUID: 998e4aae0494244578bee3771d57801c' -> (Import Result ID: '655facc0f5e4596726c9bb02d9645fea') in 0.021 seconds [static and dynamic dependencies]. Details - ImportResultOutputID=b27adbca66bfe540184d7edbc2c384b9 DependenciesID=af455e7629aeb87ff4330b6149fad2de StaticDependenciesID=779a20202fde8efbe14230d77d75c0b7 
Importing 'GUID: a9716c16a44a94eed9b5c90fbf4d9bdd - Path: Packages/com.unity.2d.sprite/Editor/ObjectMenuCreation/DefaultAssets/Textures/HexagonFlatTopWithBorder.png' with importer (TextureImporter)
Imported 'GUID: a9716c16a44a94eed9b5c90fbf4d9bdd' -> (Import Result ID: 'f1047e8a8d18db76ef4fd225f40610e5') in 0.034 seconds [static and dynamic dependencies]. Details - ImportResultOutputID=cedf5fbbab19bf227df9699c629dc768 DependenciesID=10d4bc57de1422f0b266a607765d68e5 StaticDependenciesID=07db75f471729c670dd6020a63bd93ee 
Importing 'GUID: a9a5b304877d58a47859e53d2b2d9fe3 - Path: Packages/com.unity.2d.tilemap/Editor/Icons/d_Tilemap.FocusTilemap.png' with importer (TextureImporter)
Imported 'GUID: a9a5b304877d58a47859e53d2b2d9fe3' -> (Import Result ID: 'd62912fd85392120f666f1f6ee5d0f66') in 0.017 seconds [static and dynamic dependencies]. Details - ImportResultOutputID=f309d0ee92a58590e25c2dc3853c42cb DependenciesID=bba7b30e9cc79a1ec10590a9f45ce029 StaticDependenciesID=b061e540678d2aa2b3d3f4ad255d9466 
Importing 'GUID: a916ed6819efd014588f58e3cfc48196 - Path: Packages/com.unity.collab-proxy/Editor/Assets/Images/iconplasticnotifyconflict.png' with importer (TextureImporter)
Imported 'GUID: a916ed6819efd014588f58e3cfc48196' -> (Import Result ID: '6e9333d39cf0cbf3ffd107f880d4220d') in 0.019 seconds [static and dynamic dependencies]. Details - ImportResultOutputID=99b71acd4039c2c0a68ac56708293e1d DependenciesID=fb8e5fd036873a5891436633389bec79 StaticDependenciesID=113801a8ec91f088806755167df9126d 
Importing 'GUID: a94c96baeb500cf4aafc4839e2f41d76 - Path: Assets/Texture2D/CloudStrap SpriteAtlas.png' with importer (TextureImporter)
Imported 'GUID: a94c96baeb500cf4aafc4839e2f41d76' -> (Import Result ID: 'd71df9108035d16c4c4c33f7556956da') in 0.164 seconds [static and dynamic dependencies]. Details - ImportResultOutputID=1dbafd07933927d446594d14e7ae2435 DependenciesID=246dd802a129139fcb1608cc8c31e82a StaticDependenciesID=c403c98b464a19c715ab36ed7b9d233e 
Importing 'GUID: b9988c8f08964604d86b0c2912db8ac3 - Path: Assets/Texture2D/fish hooks interior walls.png' with importer (TextureImporter)
Imported 'GUID: b9988c8f08964604d86b0c2912db8ac3' -> (Import Result ID: '4c903401cf7a456e14fe902644714478') in 0.027 seconds [static and dynamic dependencies]. Details - ImportResultOutputID=11ff4b3c422beb30e5899752efa82b0a DependenciesID=cdd35c12ad46a168f873a790290a6dae StaticDependenciesID=68bcf8fa9f744f3aaba3b1163436dfa2 
Importing 'GUID: c913516b8faa4b144808779b5d1f871a - Path: Assets/Texture2D/fish school.png' with importer (TextureImporter)
Imported 'GUID: c913516b8faa4b144808779b5d1f871a' -> (Import Result ID: '5457ce859d4dcb86cc3d25954b85cc9c') in 0.042 seconds [static and dynamic dependencies]. Details - ImportResultOutputID=778b147ce1a18e39200c3af7a6a1dc5f DependenciesID=4c846733445a0f35bad1254725b97aca StaticDependenciesID=2e6b8d2ba22b63cfbd3b3fe8127668b0 
Importing 'GUID: c9a4dbf0781a2e94caaf2edd575d8ec2 - Path: Assets/Resources/multilayertextures/kart1paint/kart1_Kick_spoiler_decal.png' with importer (TextureImporter)
Imported 'GUID: c9a4dbf0781a2e94caaf2edd575d8ec2' -> (Import Result ID: '8e166b04d8f8099f03e01844e4360af0') in 0.017 seconds [static and dynamic dependencies]. Details - ImportResultOutputID=5c70baf25032a2e4cf0fa9b3c4688d9b DependenciesID=343fa3dfea6837480ab9775c03c5322f StaticDependenciesID=96ab8d7e682ea52b4c1f65fee9efd810 
Importing 'GUID: c9ec3e3a70e49cb46ad95bc54fba13c6 - Path: Assets/Resources/multilayertextures/kart1paint/kart1_wheels_detail.png' with importer (TextureImporter)
Imported 'GUID: c9ec3e3a70e49cb46ad95bc54fba13c6' -> (Import Result ID: '15e16e2d72b5b087b6957302578775a2') in 0.019 seconds [static and dynamic dependencies]. Details - ImportResultOutputID=bca6c606e8fd8d799cce44f63f2fd562 DependenciesID=84828cf56b72819a04e16ede42f6a6e4 StaticDependenciesID=ebd05873e4516449249047b3c32a892e 
Importing 'GUID: c9ed6d6ea2f9657409bfa068d4846139 - Path: Packages/com.unity.collab-proxy/Editor/Assets/Images/d_step3@2x.png' with importer (TextureImporter)
Imported 'GUID: c9ed6d6ea2f9657409bfa068d4846139' -> (Import Result ID: '8199b96cf6d305fd7d35ef4d7c901833') in 0.019 seconds [static and dynamic dependencies]. Details - ImportResultOutputID=8a8bf8943711d8f0e211627456f413c9 DependenciesID=c25fc14de16ec2d3784624ffdf772a23 StaticDependenciesID=37c6aaba2955383ff36eeaa1edd89c4c 
Importing 'GUID: c99eb8743994e1746acc466547b2aa43 - Path: Assets/Resources/multilayertextures/kart4paint/kart4_thrusters_main.png' with importer (TextureImporter)
Imported 'GUID: c99eb8743994e1746acc466547b2aa43' -> (Import Result ID: 'c89ce1963267c3d0649a77c89969e262') in 0.014 seconds [static and dynamic dependencies]. Details - ImportResultOutputID=709b4c4aed1f1f5dae617fa99293c570 DependenciesID=dc5d2e9d4e50fee9913de1b28d9e58b7 StaticDependenciesID=828b5dd176f70ea7a511a859c551d942 
Importing 'GUID: d9f2d0aff557fba4cb316f849b0ccdd1 - Path: Packages/com.unity.2d.tilemap/Editor/Icons/d_Tilemap.BrushSettings@4x.png' with importer (TextureImporter)
Imported 'GUID: d9f2d0aff557fba4cb316f849b0ccdd1' -> (Import Result ID: '974ea5172279387696f6d1ab279d831a') in 0.016 seconds [static and dynamic dependencies]. Details - ImportResultOutputID=36af6d7c28670feddab52c74b68e1ad1 DependenciesID=9133ff8a539f1593531c3f7d4318065c StaticDependenciesID=f131ada846186a5f56f8df7de4cee1d8 
Importing 'GUID: d92326ed76994d24b9120ec3a6a95e8e - Path: Assets/Scenes/Tracks/Fish Hooks Track 3/LightmapFar-4.png' with importer (TextureImporter)
Imported 'GUID: d92326ed76994d24b9120ec3a6a95e8e' -> (Import Result ID: '05717a173ed29e7b129422158e5f43e4') in 0.120 seconds [static and dynamic dependencies]. Details - ImportResultOutputID=e0a5ce47d60745b607cd343b748130e5 DependenciesID=ea6536665c285455941d345a563e0f2d StaticDependenciesID=71e7b2aa4156ddc15b9d016e9cd943fb 
Importing 'GUID: d91793cd853a258448e4d5545bb38e45 - Path: Packages/com.unity.timeline/Editor/StyleSheets/Images/DarkSkin/TimelineSignalCollapsed.png' with importer (TextureImporter)
Imported 'GUID: d91793cd853a258448e4d5545bb38e45' -> (Import Result ID: 'd6f59fe39dd6c2b2ee2a819e2530e835') in 0.015 seconds [static and dynamic dependencies]. Details - ImportResultOutputID=d86349b2aa49af3165e701c73c3ec360 DependenciesID=a7fac89d127d59b82a337fb588eeb904 StaticDependenciesID=be148340afb3f4ba96b59f8d71f8f5fd 
Importing 'GUID: d99c7e76a25afd84886d61396a74098b - Path: Assets/Scenes/Tracks/Kick Butt Track 2/LightmapFar-1.png' with importer (TextureImporter)
Imported 'GUID: d99c7e76a25afd84886d61396a74098b' -> (Import Result ID: '59dea7271618a643ef56f8316194d2c3') in 0.133 seconds [static and dynamic dependencies]. Details - ImportResultOutputID=9a74b0e769e668f4a725e04667700e31 DependenciesID=51851dfeeb73df4e37bb4f44292e02a3 StaticDependenciesID=f85958923fc665a34da3612a93d2c9e6 
Importing 'GUID: e9669051ff70449b5923861e0e0b8838 - Path: Packages/com.unity.multiplayer.center/Editor/MultiplayerCenterWindow/UI/Icons/N4E.png' with importer (TextureImporter)
Imported 'GUID: e9669051ff70449b5923861e0e0b8838' -> (Import Result ID: '1e36536935017d08742032e49166a870') in 0.017 seconds [static and dynamic dependencies]. Details - ImportResultOutputID=2e7b9145fafa6e2e743fc2a72ceeaf20 DependenciesID=f638766fa48ead4c5fc24b63f10016b3 StaticDependenciesID=19c2e740ac7e708fceeadfc3248778a0 
Importing 'GUID: e9078e96341e669488d80b1097f10e67 - Path: Assets/Resources/localized/CloudStrapLogo_english.png' with importer (TextureImporter)
Imported 'GUID: e9078e96341e669488d80b1097f10e67' -> (Import Result ID: 'd7d6608c029e662519fcd4110e79a0cd') in 0.118 seconds [static and dynamic dependencies]. Details - ImportResultOutputID=4110dadfeaaa4b319e37729c7ffd87bf DependenciesID=6c541192cae8f814238c2add7837197a StaticDependenciesID=ab8b62638c3c676dc5b5191e8008ccb8 
Importing 'GUID: e9b9b095f33942f4a96807ddcf0b86ae - Path: Assets/Texture2D/kick scorebox.png' with importer (TextureImporter)
Imported 'GUID: e9b9b095f33942f4a96807ddcf0b86ae' -> (Import Result ID: '130b2ed439a0e3fdd25e0c0a6a423569') in 0.051 seconds [static and dynamic dependencies]. Details - ImportResultOutputID=8cbd761255cefa9906912a9d5d0e0671 DependenciesID=f183504946a319ad9f434a16537a4136 StaticDependenciesID=e82fd27c0c418922d4c751c8e985b4bb 
Importing 'GUID: e92c769f2bd130c4996faea0d37f5197 - Path: Assets/Texture2D/phineas and ferb skybox 2.png' with importer (TextureImporter)
Imported 'GUID: e92c769f2bd130c4996faea0d37f5197' -> (Import Result ID: '5ed77153379690e688e98a4e5add38a6') in 0.045 seconds [static and dynamic dependencies]. Details - ImportResultOutputID=2386dd28cf788a7efce9e34619aa20b5 DependenciesID=c3891327ba0b6a5fba2f8da251259176 StaticDependenciesID=ce1432fda9afe735b341c3ad30e82df7 
Importing 'GUID: e9cc02852345307449379a9a877679da - Path: Packages/com.unity.collab-proxy/Editor/Assets/Images/iconpackageupdateavailable.png' with importer (TextureImporter)
Imported 'GUID: e9cc02852345307449379a9a877679da' -> (Import Result ID: 'b4afcc6f182de60c7a02a859c3786d5f') in 0.018 seconds [static and dynamic dependencies]. Details - ImportResultOutputID=206fc7d17a2200281e70378946f90689 DependenciesID=dbd030e42eef0b728483a28dba0f12c8 StaticDependenciesID=ecd7f0b542bb87ba2774f98f138f3ac0 
Importing 'GUID: e97f44a089f144758b462da41bc96973 - Path: Packages/com.unity.services.core/Editor/Core/UiHelpers/Images/ToggleOn.png' with importer (TextureImporter)
Imported 'GUID: e97f44a089f144758b462da41bc96973' -> (Import Result ID: 'efee26588a0a135b3041b72c730ab4ec') in 0.022 seconds [static and dynamic dependencies]. Details - ImportResultOutputID=581ab14b1468f7178ca2f3e2b76889ba DependenciesID=84442dd00678637a39e3ab8116a9274c StaticDependenciesID=a7bc15331b0a00d42b0f0f138e2cace4 
Importing 'GUID: f931639817fbd8d459c904212092b135 - Path: Assets/Texture2D/texture kart dipper.png' with importer (TextureImporter)
Imported 'GUID: f931639817fbd8d459c904212092b135' -> (Import Result ID: '87bdb1800b67e0469987e7957d9358a4') in 0.050 seconds [static and dynamic dependencies]. Details - ImportResultOutputID=8809bc97c0c1960f91e424d1c9ebee69 DependenciesID=84c1b0c92e4fab2765ca9649d172c8aa StaticDependenciesID=664b7ee72388c51dd906a64397616a07 
Importing 'GUID: f9a2f623ba32a844da6de770f5ccf17f - Path: Packages/com.unity.ai.navigation/EditorResources/Overlay/NavigationOverlay@32.png' with importer (TextureImporter)
Imported 'GUID: f9a2f623ba32a844da6de770f5ccf17f' -> (Import Result ID: '7d6329b2f2ca5cf2599a948db5b2b2a7') in 0.018 seconds [static and dynamic dependencies]. Details - ImportResultOutputID=564cb84e558bd59f1f08988290d5c9d7 DependenciesID=e786a828e1438fb3571b9de15e0e1de3 StaticDependenciesID=676285def8e95d304ddd4aa5515ea2c6 
Importing 'GUID: f9161c6c9e06dc445ada3ee16d991f90 - Path: Packages/com.unity.collab-proxy/Editor/Assets/Images/buttonssosigninunity.png' with importer (TextureImporter)
Imported 'GUID: f9161c6c9e06dc445ada3ee16d991f90' -> (Import Result ID: 'a5b43573315070c90a68a200aad7f6db') in 0.019 seconds [static and dynamic dependencies]. Details - ImportResultOutputID=dad018b46515dfe4efbd34573c1c086c DependenciesID=78d46b8108c18516861084de5e53bdd6 StaticDependenciesID=111bba03bdb6ca310f6f8b15cb0b513d 
Importing 'GUID: f9fd2f335364cda41937eab39bf20049 - Path: Packages/com.unity.timeline/Editor/StyleSheets/Images/LightSkin/TimelineKeyframe.png' with importer (TextureImporter)
Imported 'GUID: f9fd2f335364cda41937eab39bf20049' -> (Import Result ID: '0811d3b6e7315db3d880596c0d1b29a4') in 0.022 seconds [static and dynamic dependencies]. Details - ImportResultOutputID=9651f1baf2319f9ecf7b71477d336054 DependenciesID=0b7fbc64915c6dc33424ac69c88fc494 StaticDependenciesID=e0cbe57c5319d496dc55d7fb6fa151de 
Importing 'GUID: f95f697d66d238446b1ab717def09945 - Path: Packages/com.unity.collab-proxy/Editor/Assets/Images/iconconflicted@2x.png' with importer (TextureImporter)
Imported 'GUID: f95f697d66d238446b1ab717def09945' -> (Import Result ID: '11fb9c0fe98c4fd3f9f9432fbf414365') in 0.023 seconds [static and dynamic dependencies]. Details - ImportResultOutputID=3e21ceb74a851f84b7ded14fe0847465 DependenciesID=93101a4d056efeabab4319c50de0cb03 StaticDependenciesID=ed07abdb406fcedd108e2bce686f8e8a 
Importing 'GUID: 0a02e43184c7e9c4c9c59b601100b705 - Path: Packages/com.unity.collab-proxy/Editor/Assets/Images/d_iconcurrentbranch.png' with importer (TextureImporter)
Imported 'GUID: 0a02e43184c7e9c4c9c59b601100b705' -> (Import Result ID: 'dd18fb2456144cc09d5c586e13c44b3d') in 0.028 seconds [static and dynamic dependencies]. Details - ImportResultOutputID=3ef58b355cc2b57c1a3e2cebcd48ca61 DependenciesID=9eb871c534c6a3609b474ab0b6eb3d96 StaticDependenciesID=63b8b4a96167a87f7c4b3c8e2c4bcee3 
Importing 'GUID: 0ac55f9f886d827408c102bdf33c5ff7 - Path: Packages/com.unity.collab-proxy/Editor/Assets/Images/d_iconemptygravatar@2x.png' with importer (TextureImporter)
Imported 'GUID: 0ac55f9f886d827408c102bdf33c5ff7' -> (Import Result ID: '81a3ede08e24ba278cae43dd74a037f6') in 0.019 seconds [static and dynamic dependencies]. Details - ImportResultOutputID=f8a3f4917cb82ff4cf388fe751118d0c DependenciesID=52ce200a267e8deb5f8a54224913f6ef StaticDependenciesID=6ced860fc50537b0a966a0a838706bc2 
Importing 'GUID: 0a08fa9ec51507e488400cee024073a7 - Path: Packages/com.unity.collab-proxy/Editor/Assets/Images/hideversioncontrol.png' with importer (TextureImporter)
Imported 'GUID: 0a08fa9ec51507e488400cee024073a7' -> (Import Result ID: '75969f66afd6f348ea7c50b388d0caa8') in 0.016 seconds [static and dynamic dependencies]. Details - ImportResultOutputID=dfb5a9011952b5fc2ec68913965bc345 DependenciesID=793eaef2e95df095ce0d5eb5e28820dd StaticDependenciesID=d5fdadb0f1fa0009a1e9b0e122f95663 
Importing 'GUID: 0a5b77197a70e0142aff404030233d48 - Path: Assets/Scenes/Tracks/Phineas Track 3/LightmapFar-5.png' with importer (TextureImporter)
Imported 'GUID: 0a5b77197a70e0142aff404030233d48' -> (Import Result ID: '11f9e3f92dc7a1d32cbc6e2c1cc8ecaf') in 0.129 seconds [static and dynamic dependencies]. Details - ImportResultOutputID=40907e93583fd76820ddf8336238cca4 DependenciesID=a9b32bc8bb42c83b70b53a15a7959a7e StaticDependenciesID=85ef90c5da547ebe9e410c0120e1e47c 
Importing 'GUID: 0a5e3e063c4e1ab45999cf6e40c13c07 - Path: Packages/com.unity.timeline/Editor/StyleSheets/Images/LightSkin/TimelineAutokey_active.png' with importer (TextureImporter)
Imported 'GUID: 0a5e3e063c4e1ab45999cf6e40c13c07' -> (Import Result ID: '8aff4b8c2d21bd2dd4ae823c2f6544f1') in 0.011 seconds [static and dynamic dependencies]. Details - ImportResultOutputID=8136300a6d1ee32fe8d3545d8785b368 DependenciesID=5e4bca8869d50b615b73d080a5792f37 StaticDependenciesID=22b80c6479f574ca2fd80b68221310bc 
Importing 'GUID: 1ac0fb328ef34054e8e398d891d2a084 - Path: Assets/Resources/multilayertextures/kart0nopaint/kart0NO_wheels_detail.png' with importer (TextureImporter)
Imported 'GUID: 1ac0fb328ef34054e8e398d891d2a084' -> (Import Result ID: '46de7defa3c6906f5f93f7f7547269f3') in 0.018 seconds [static and dynamic dependencies]. Details - ImportResultOutputID=20efdd431d9cb4c3c735a0effb1047e8 DependenciesID=9c2c914c9805287eab9d6941b4a4cf2f StaticDependenciesID=c8823aff4f40b013e99bbdfa0eb29595 
Importing 'GUID: 1a7852b1b33b816498b6af1e739f5995 - Path: Packages/com.unity.timeline/Editor/StyleSheets/Images/LightSkin/TimelineSignalSelected.png' with importer (TextureImporter)
Imported 'GUID: 1a7852b1b33b816498b6af1e739f5995' -> (Import Result ID: '6f53f22a99e38ea9040469405ba8d9bd') in 0.016 seconds [static and dynamic dependencies]. Details - ImportResultOutputID=81de2d48a172d36baa94ecef11d06c44 DependenciesID=a5c3613f7595e28f9a67e46f835231df StaticDependenciesID=f006a7ec61d1fcef478a51cbb0aa701e 
Importing 'GUID: 1a1b133889d832546ab24f7cb6178826 - Path: Assets/Scenes/Tracks/Phineas Track 1/LightmapFar-0.png' with importer (TextureImporter)
Imported 'GUID: 1a1b133889d832546ab24f7cb6178826' -> (Import Result ID: '32d198d22ece4d2aa4c0b67ad6e0a95f') in 0.117 seconds [static and dynamic dependencies]. Details - ImportResultOutputID=45de56fca2009b56236a68d8bdd3a60b DependenciesID=bd2f6886c99d9c0312eeb2398e578ef5 StaticDependenciesID=b378d54bccdef293e0c123db0f410035 
Importing 'GUID: 2a807ac042c28e546b9d90048ebbc33f - Path: Packages/com.unity.2d.tilemap/Editor/Icons/Grid.FlipY.png' with importer (TextureImporter)
Imported 'GUID: 2a807ac042c28e546b9d90048ebbc33f' -> (Import Result ID: 'b6e1f52814cd3e9fc0e22e41fbb4a600') in 0.019 seconds [static and dynamic dependencies]. Details - ImportResultOutputID=10ed511ddc51a8af686bef611ed7ddc8 DependenciesID=3583288f64ef1e3d3f47e1c8570b8d10 StaticDependenciesID=7207d1170d3fa971b01b58da2fe27725 
Importing 'GUID: 2adffcc506285402aa795dee6f3166d0 - Path: Packages/com.unity.multiplayer.center/Editor/MultiplayerCenterWindow/UI/Icons/EmptyViewIcon@2x.png' with importer (TextureImporter)
Imported 'GUID: 2adffcc506285402aa795dee6f3166d0' -> (Import Result ID: 'ce82fa17b5329cc2a99fae969de5b7fe') in 0.025 seconds [static and dynamic dependencies]. Details - ImportResultOutputID=1711d5a19b9d5429ccdf605d05ef15c9 DependenciesID=2a8816627b93b218d1aa9bd752976935 StaticDependenciesID=117861f82d2c00dc4f64af824b1cc14e 
Importing 'GUID: 3aa2f81784c67eb4c877fdb122301ffa - Path: Assets/Scenes/Test Scenes/Pranksgiving Test/LightmapFar-2.png' with importer (TextureImporter)
Imported 'GUID: 3aa2f81784c67eb4c877fdb122301ffa' -> (Import Result ID: '29d7b9c5f1f4dec75fe6aec5d75cad5c') in 0.136 seconds [static and dynamic dependencies]. Details - ImportResultOutputID=e869f9641a9b1956fa9d56bc0a172725 DependenciesID=4edd584ea099f52d3c64ed29dfc0f456 StaticDependenciesID=ce038fa4c27f293299bf082924c161f0 
Importing 'GUID: 3abf27dd6ad151a46bf7fad1b8e9489a - Path: Assets/Texture2D/garage monitor main.png' with importer (TextureImporter)
Imported 'GUID: 3abf27dd6ad151a46bf7fad1b8e9489a' -> (Import Result ID: '37922053de58b7967d716812cfc2d572') in 0.046 seconds [static and dynamic dependencies]. Details - ImportResultOutputID=64911e3d2a26e03fd9c3bd87432ba93e DependenciesID=ae4f22b9178672087a549cc0afb8c438 StaticDependenciesID=a680e06db4e1a8ec97a96457955c2fde 
Importing 'GUID: 4a231ba0e81e63849a8f985c228e8acd - Path: Packages/com.unity.collab-proxy/Editor/Assets/Images/d_iconconflictresolvedoverlay@2x.png' with importer (TextureImporter)
Imported 'GUID: 4a231ba0e81e63849a8f985c228e8acd' -> (Import Result ID: 'b5c1a5615eb9373fa10405508cffbe53') in 0.016 seconds [static and dynamic dependencies]. Details - ImportResultOutputID=15fdd98fa55ef314c5c6ec5aa4c8ccb3 DependenciesID=cbe429102607c33a89b7f1478166ab3d StaticDependenciesID=25bd5a49cc8649f95e6cccf0c8e7a6f3 
Importing 'GUID: 4aa4898734bfdbc4dbd410de4141e533 - Path: Packages/com.unity.collab-proxy/Editor/Assets/Images/d_iconpendingchanges.png' with importer (TextureImporter)
Imported 'GUID: 4aa4898734bfdbc4dbd410de4141e533' -> (Import Result ID: '194f10f962eebf282e556feb790e73b9') in 0.015 seconds [static and dynamic dependencies]. Details - ImportResultOutputID=17c3ecc3b01d676993d34f25cd164d88 DependenciesID=500aa8fa00ad3095636fdb9b06ec1022 StaticDependenciesID=3fbbe177be48e4ae68f055e4b553a72e 
Importing 'GUID: 4a652ffb5816840768619c35903cb1fa - Path: Packages/com.unity.collab-proxy/Editor/Assets/Images/d_iconprivateoverlay.png' with importer (TextureImporter)
Imported 'GUID: 4a652ffb5816840768619c35903cb1fa' -> (Import Result ID: 'dc669b775c57611e4d6679e896385275') in 0.016 seconds [static and dynamic dependencies]. Details - ImportResultOutputID=c34f61edde6725f9ffe80a8ec504aae1 DependenciesID=40be2674829885f00c2db3b8a9dae257 StaticDependenciesID=d047e27e79a4be9a954879783a196479 
Importing 'GUID: 4aec28059da6fb6468d708c9784acf2f - Path: Assets/Texture2D/fish hook cliff face weird.png' with importer (TextureImporter)
Imported 'GUID: 4aec28059da6fb6468d708c9784acf2f' -> (Import Result ID: '8c6bcad28425436a0c7300b4dd8a69b8') in 0.027 seconds [static and dynamic dependencies]. Details - ImportResultOutputID=c5d03956fda7389bf674741b6b52bf09 DependenciesID=ee7f560bceac8d986cd673111850d918 StaticDependenciesID=3b85d41f0b91db18b0f0b654da66c930 
Importing 'GUID: 4a4dfcc81b0e1214fbbd0003c8ab4070 - Path: Packages/com.unity.collab-proxy/Editor/Assets/Images/d_iconrepository.png' with importer (TextureImporter)
Imported 'GUID: 4a4dfcc81b0e1214fbbd0003c8ab4070' -> (Import Result ID: 'd089421175f83bd683bc4be82b608a83') in 0.016 seconds [static and dynamic dependencies]. Details - ImportResultOutputID=f922205465b5e346d176129c03abaf02 DependenciesID=c723c0584e5caac625d4de0011b114ab StaticDependenciesID=dfa7a918c30659785fbb7ba067a4652a 
Importing 'GUID: 4adeaf2d2b1c7417e89f026626d8264f - Path: Packages/com.unity.2d.sprite/Editor/ObjectMenuCreation/DefaultAssets/Textures/CircleWithBorder.png' with importer (TextureImporter)
Imported 'GUID: 4adeaf2d2b1c7417e89f026626d8264f' -> (Import Result ID: 'b9508859aeb8e6a6c085d4a141b3885d') in 0.029 seconds [static and dynamic dependencies]. Details - ImportResultOutputID=a68ab1c54f66153ec8f027b5a1b2e090 DependenciesID=037ef8b6f24eb12b6d77b1af2411b316 StaticDependenciesID=ae297d7d86903d880b80f021e2dffa4f 
Importing 'GUID: 5a51a75914d26594e87d270410a44733 - Path: Assets/Texture2D/Swatch Black.png' with importer (TextureImporter)
Imported 'GUID: 5a51a75914d26594e87d270410a44733' -> (Import Result ID: '7fdfacb0b30c9e70fa357bd8b6bb6931') in 0.018 seconds [static and dynamic dependencies]. Details - ImportResultOutputID=e22f8bff59ede926f691717b8995dfca DependenciesID=e1251665ba69320782ebe98a024021f9 StaticDependenciesID=55978a721799e708961afd61d490530b 
Importing 'GUID: 5aa8b770bc43046bc8d993d0d5b7f4a5 - Path: Packages/com.unity.2d.sprite/Editor/ObjectMenuCreation/DefaultAssets/Textures/v2/HexagonPointTop.png' with importer (TextureImporter)
Imported 'GUID: 5aa8b770bc43046bc8d993d0d5b7f4a5' -> (Import Result ID: '1961f68e99c4054030d98ba7cd5ce932') in 0.030 seconds [static and dynamic dependencies]. Details - ImportResultOutputID=22cc588f6a3336f94435a5dcce31d499 DependenciesID=2ff9c0a26026660d9ca450b29338028f StaticDependenciesID=3c93b8b4ce8fc2e62b1fc86070e88fd2 
Importing 'GUID: 5a6ace8b0f033be46bf1f9d6f9a76b74 - Path: Assets/Texture2D/bridge column uvs.png' with importer (TextureImporter)
Imported 'GUID: 5a6ace8b0f033be46bf1f9d6f9a76b74' -> (Import Result ID: '93fd9721ff3854d32c74ae4e5007656c') in 0.026 seconds [static and dynamic dependencies]. Details - ImportResultOutputID=c66e3f8484701eaca70c06f432365563 DependenciesID=573d613820413e35dfb90d578c803cd7 StaticDependenciesID=33531a7006aeabf5e2e306a97e9748c5 
Importing 'GUID: 6ab002208ec290544b44bc263dc58a95 - Path: Packages/com.unity.timeline/Editor/StyleSheets/Images/Icons/d_TrackMuteButtonDisabled.png' with importer (TextureImporter)
Imported 'GUID: 6ab002208ec290544b44bc263dc58a95' -> (Import Result ID: '9d06ed566bff0eee60a92a2a7cd9ee50') in 0.016 seconds [static and dynamic dependencies]. Details - ImportResultOutputID=749f22fe173696f58aa868841bc52060 DependenciesID=dc5750cad402cde3d00b95ffa2a7c789 StaticDependenciesID=a3d34151c7091097b5871dcfb486686f 
Importing 'GUID: 6aa52f68d5bdcf1439374e3ecda84fdb - Path: Assets/Texture2D/OtherUI SpriteAtlas.png' with importer (TextureImporter)
Imported 'GUID: 6aa52f68d5bdcf1439374e3ecda84fdb' -> (Import Result ID: '33efb645c30ae317955e28da43658a78') in 0.024 seconds [static and dynamic dependencies]. Details - ImportResultOutputID=7da67c64449cddc5c374e4aa214932a1 DependenciesID=b4dbb716b5b6fa2c964f0525a5a605c7 StaticDependenciesID=7df72f4d8fbab8dce165ebd0b6103a33 
Importing 'GUID: 6a1669f016286d544bbc5c82c4fee043 - Path: Assets/Resources/localized/ProCircuit_norwegian.png' with importer (TextureImporter)
Imported 'GUID: 6a1669f016286d544bbc5c82c4fee043' -> (Import Result ID: 'b90b0e9d25078d03a68af339e746d39d') in 0.100 seconds [static and dynamic dependencies]. Details - ImportResultOutputID=a8cd7f4955a13c219d059b727c75176b DependenciesID=9167fcf1240eee861eb1e1fcbb9f5abc StaticDependenciesID=c79b2a8c6a548a46eb8625a81dc4ee8b 
Importing 'GUID: 6a1780452e94bec46ab2e1a4e7b440fd - Path: Assets/Resources/localized/PranksgivingLogo.png' with importer (TextureImporter)
Imported 'GUID: 6a1780452e94bec46ab2e1a4e7b440fd' -> (Import Result ID: '41018eee3ea38c6a9c54bb62e4dcbae3') in 0.024 seconds [static and dynamic dependencies]. Details - ImportResultOutputID=429bbf632d862d59195d42f94b4bc33e DependenciesID=103087b93fd5f2e0c9e2e6ab17d43a1f StaticDependenciesID=0ba2d10153ce07162d560c80d445e052 
Importing 'GUID: 6a986a181c9bc6043b057a3d15edbaad - Path: Packages/com.unity.ai.navigation/EditorResources/Overlay/d_NavigationOverlay.png' with importer (TextureImporter)
Imported 'GUID: 6a986a181c9bc6043b057a3d15edbaad' -> (Import Result ID: '00c765bcd1d5094bdb04bb64dd3f3f22') in 0.018 seconds [static and dynamic dependencies]. Details - ImportResultOutputID=868020b765dfe101a9dc1ed67b905433 DependenciesID=925ee3786e1a35abb51127a163f30cb5 StaticDependenciesID=08c8dd1048f96a49c1d22bf003b27a0b 
Importing 'GUID: 6a9d211bea1bc4a429d86cbb2d0b0a3e - Path: Packages/com.unity.collab-proxy/Editor/Assets/Images/d_secondarytabclosehover.png' with importer (TextureImporter)
Imported 'GUID: 6a9d211bea1bc4a429d86cbb2d0b0a3e' -> (Import Result ID: '0a5baf48d0d17833b2bee841158343f6') in 0.015 seconds [static and dynamic dependencies]. Details - ImportResultOutputID=33d8997fb96822ff3ae75705b7e6074e DependenciesID=34df7bc710b46241dad81497c02928a9 StaticDependenciesID=12d68bea178d2fecafeec3c687dca62b 
Importing 'GUID: 6ace62d30f494c948b71d5594afce11d - Path: Packages/com.unity.ugui/Editor Resources/Textures/btn_AlignCenter_Light.psd' with importer (TextureImporter)
Imported 'GUID: 6ace62d30f494c948b71d5594afce11d' -> (Import Result ID: '4aa7c910b1ca099a78370fc4f3203d7c') in 0.016 seconds [static and dynamic dependencies]. Details - ImportResultOutputID=f64bd0dc8ce387f73aaa7eeda1b64f6b DependenciesID=53a38011b72bfc03c1a4e5acea6d9b54 StaticDependenciesID=63ec30629bd1ab9f51cc00df6bdaf68f 
Importing 'GUID: 7a17912541de348408b722a40b972ea3 - Path: Packages/com.unity.2d.tilemap/Editor/Icons/Tilemap.BrushSettings.png' with importer (TextureImporter)
Imported 'GUID: 7a17912541de348408b722a40b972ea3' -> (Import Result ID: '6527de93c7a8c4b4c9713fd649a7eb40') in 0.016 seconds [static and dynamic dependencies]. Details - ImportResultOutputID=4dd9f371311d7a58684a39e337b241df DependenciesID=e7207fd8bdb42fa0f0c3766db92271b4 StaticDependenciesID=2a3860e4718e3e76c94e9fc43df66b2a 
Importing 'GUID: 7a09fa0b22592654f96c6c1cb28108ce - Path: Assets/Texture2D/fish hook interior ceiling.png' with importer (TextureImporter)
Imported 'GUID: 7a09fa0b22592654f96c6c1cb28108ce' -> (Import Result ID: '7f64c12ba2522d5672eff847485613f9') in 0.027 seconds [static and dynamic dependencies]. Details - ImportResultOutputID=314651fbab75b3dd89508d5b44e92210 DependenciesID=9c44d9be6ee9a676fefa63cd1d49bdb1 StaticDependenciesID=98add92fa18ce21687a72be986adac75 
Importing 'GUID: 8a1714fb54cbe244aa5109ccbe8c4529 - Path: Assets/Texture2D/PowerPlant.png' with importer (TextureImporter)
Imported 'GUID: 8a1714fb54cbe244aa5109ccbe8c4529' -> (Import Result ID: '2f34ace8fb39c714df8266535d47c675') in 0.051 seconds [static and dynamic dependencies]. Details - ImportResultOutputID=baea1df1ad7db8eaafdb9a6ddf285da2 DependenciesID=3b143ddf16939a10f59baba1fd969a89 StaticDependenciesID=82c60d6b656f9c32818eea0d5ad10d43 
Importing 'GUID: 8ae73372e9a13cc4fa943fa326319317 - Path: Assets/Texture2D/SS tutorial logo.png' with importer (TextureImporter)
Imported 'GUID: 8ae73372e9a13cc4fa943fa326319317' -> (Import Result ID: 'be99479a36e5b69bb721ef78018af7f7') in 0.188 seconds [static and dynamic dependencies]. Details - ImportResultOutputID=3abe5b198c292c3fc3d0dfaa780b1f46 DependenciesID=091711964c583eb6cbcb646742d278fd StaticDependenciesID=868fd71bf5443414a560eab04b6238c4 
Importing 'GUID: 8a2b6f83cf6672e4c8926e9f09d4c25d - Path: Assets/Texture2D/coin_0.png' with importer (TextureImporter)
Imported 'GUID: 8a2b6f83cf6672e4c8926e9f09d4c25d' -> (Import Result ID: 'd8d6406b23f316aa93594e8f23db8b0b') in 0.051 seconds [static and dynamic dependencies]. Details - ImportResultOutputID=223c09eca551414baf1349968b9af806 DependenciesID=8f1dfcb18a064c87aa41c5e2280d03f0 StaticDependenciesID=90a451ed9e0452f77e387042cf5a0dd5 
Importing 'GUID: 9a9269fb6330f4ae1964f9eb1c203537 - Path: Packages/com.unity.collab-proxy/Editor/Assets/Images/iconplasticnotifypendingchangesandincoming@2x.png' with importer (TextureImporter)
Imported 'GUID: 9a9269fb6330f4ae1964f9eb1c203537' -> (Import Result ID: '54532683de48cc69a5deba88a6aabcb1') in 0.017 seconds [static and dynamic dependencies]. Details - ImportResultOutputID=663b52490e97d1ed80f91dc932cbf57f DependenciesID=1cee6e307ee5a826294a2c63eb7df53e StaticDependenciesID=2bad12c5182a3efc384a96c86c18d4a7 
Importing 'GUID: 9aa4348290784b2468144a97eb15d8d7 - Path: Packages/com.unity.collab-proxy/Editor/Assets/Images/d_secondarytabclosehover@2x.png' with importer (TextureImporter)
Imported 'GUID: 9aa4348290784b2468144a97eb15d8d7' -> (Import Result ID: 'c9b2f7dbbd0208c53de53fa0809bf64e') in 0.020 seconds [static and dynamic dependencies]. Details - ImportResultOutputID=c29e8bb7ae40f3e89a06380baf0c36d0 DependenciesID=9346b5f7916ce9066e4a07ed13583dbc StaticDependenciesID=1e250b17f7e9f7b3a14cb719754d34df 
Importing 'GUID: 9a8996e56c1bf5f49a5f5f5b765fae11 - Path: Assets/Texture2D/Static.png' with importer (TextureImporter)
Imported 'GUID: 9a8996e56c1bf5f49a5f5f5b765fae11' -> (Import Result ID: '7c71c40391a2251fd7cd095344afcadf') in 0.021 seconds [static and dynamic dependencies]. Details - ImportResultOutputID=2b518a18d3d855a84fa4986bddf04bd3 DependenciesID=17e087d16ae7e9defe792a2ea1252687 StaticDependenciesID=d119c06dba0c7bbe92a32fe3aa77f46e 
Importing 'GUID: 9a1ab8af8c446204e989a90f18305caf - Path: Packages/com.unity.collab-proxy/Editor/Assets/Images/iconaddedlocal.png' with importer (TextureImporter)
Imported 'GUID: 9a1ab8af8c446204e989a90f18305caf' -> (Import Result ID: '875989087a1bf055fb9d85bf655ca119') in 0.018 seconds [static and dynamic dependencies]. Details - ImportResultOutputID=df575f92d00e45b78b786cf45ddf971c DependenciesID=840d424ab5eb90edfc0d6a22b43456ba StaticDependenciesID=595deeab7733bd9f7fa87934cebdd87d 
Importing 'GUID: 9a9a806d3fb76bf47998202f57616faf - Path: Assets/Texture2D/Soda.png' with importer (TextureImporter)
Imported 'GUID: 9a9a806d3fb76bf47998202f57616faf' -> (Import Result ID: 'ccdb47ecba0a8490d4dccc81cc691dd2') in 0.031 seconds [static and dynamic dependencies]. Details - ImportResultOutputID=27e3c9a0ca4f7b3af3e1e332a39ef778 DependenciesID=6b8922d93a465c85ad73961386feb14d StaticDependenciesID=a239f26fffe2bb829d88cf8d4d94e074 
Importing 'GUID: 9aebd705574f9e642aef1e5f59b3e4d8 - Path: Packages/com.unity.collab-proxy/Editor/Assets/Images/d_iconemptygravatar.png' with importer (TextureImporter)
Imported 'GUID: 9aebd705574f9e642aef1e5f59b3e4d8' -> (Import Result ID: '3901ce10a45567e5f7c1d9b479cbc341') in 0.017 seconds [static and dynamic dependencies]. Details - ImportResultOutputID=ead7ed609b1c37f9f6e2d0e2b3b52aec DependenciesID=d34653909b3cde97b82e0fc7a3001c76 StaticDependenciesID=cc6f7c4ef8ee4b6dddc7dd1476156653 
Importing 'GUID: 9aad1636986befd4b98456a8dc922f37 - Path: Assets/Texture2D/kick terrain.png' with importer (TextureImporter)
Imported 'GUID: 9aad1636986befd4b98456a8dc922f37' -> (Import Result ID: '2a943aee4f177e66a0d4ed90b70105fd') in 0.049 seconds [static and dynamic dependencies]. Details - ImportResultOutputID=474f84aaa7458f7fdb41be148ee4c578 DependenciesID=0e0331d72e5c07828e7dc022b61abb36 StaticDependenciesID=1da3e6476a9b4b5a21709c68b967976f 
Importing 'GUID: aa56ed15cc1254489866c414e4d3c7ba - Path: Packages/com.unity.collab-proxy/Editor/Assets/Images/d_iconmovedoverlay.png' with importer (TextureImporter)
Imported 'GUID: aa56ed15cc1254489866c414e4d3c7ba' -> (Import Result ID: 'd29011d96027c040c94c38703e506461') in 0.016 seconds [static and dynamic dependencies]. Details - ImportResultOutputID=6487d9cde8aae7d56994c67847a423ab DependenciesID=907f009addfaa06f5c32b00e5f72cd13 StaticDependenciesID=8eb147c1a9781a03f615bb2148711583 
Importing 'GUID: bac1ff2f519978e4db93f5e478a804f7 - Path: Assets/Resources/multilayertextures/kart2paint/kart2_Milo_body_decal.png' with importer (TextureImporter)
Imported 'GUID: bac1ff2f519978e4db93f5e478a804f7' -> (Import Result ID: 'e09a9f6a649987b4ba13cc2390b7a227') in 0.018 seconds [static and dynamic dependencies]. Details - ImportResultOutputID=6df07eb4a0789bb2385e6bf3e8fae409 DependenciesID=7ad3d66155a245e9ffe9a58359de0527 StaticDependenciesID=0cbc747843b9cc6c89984b817c9be9c3 
Importing 'GUID: ba96945b6a1b743579931a87e98041fe - Path: Packages/com.unity.collab-proxy/Editor/Assets/Images/iconlock@2x.png' with importer (TextureImporter)
Imported 'GUID: ba96945b6a1b743579931a87e98041fe' -> (Import Result ID: '783f54355e8992bd7f4e8ba09592dea9') in 0.016 seconds [static and dynamic dependencies]. Details - ImportResultOutputID=1024a898b2021cb4390f61e10685bd89 DependenciesID=2b8a7be4dedcbf6dfcacf55e7512263b StaticDependenciesID=1fe09a0d8127ae9c475cd6aea6b8932e 
Importing 'GUID: bac66973cba57b842965eb95154fba7e - Path: Packages/com.unity.collab-proxy/Editor/Assets/Images/iconlockretained.png' with importer (TextureImporter)
Imported 'GUID: bac66973cba57b842965eb95154fba7e' -> (Import Result ID: 'a5f61b8295483094c9cfb57fa845a701') in 0.019 seconds [static and dynamic dependencies]. Details - ImportResultOutputID=a1a94a53577f61f58ce833e2b29a9ad4 DependenciesID=1051cbe32827f14fdadabf2ec90d0848 StaticDependenciesID=220965e3afd1f34c61ed439d2b0b3d4f 
Importing 'GUID: ba9807f15d1380b479ad1e61367f114f - Path: Assets/Texture2D/garage lift bottom.png' with importer (TextureImporter)
Imported 'GUID: ba9807f15d1380b479ad1e61367f114f' -> (Import Result ID: '914c2b19a3fb60a165fdf7027b9fb806') in 0.048 seconds [static and dynamic dependencies]. Details - ImportResultOutputID=dbb0eb8e62ab4891df6a0b4bc4a4dfdb DependenciesID=3bc2c40a286e72345b79e6f0bd0823fc StaticDependenciesID=a63a92a694ecd09173f066ea6d16a652 
Importing 'GUID: baab1bab0820d0942bb79c6da94b1688 - Path: Packages/com.unity.2d.tilemap/Editor/Icons/Grid.FlipY@2x.png' with importer (TextureImporter)
Imported 'GUID: baab1bab0820d0942bb79c6da94b1688' -> (Import Result ID: '82c8ef6b22ac44a62450f410ca4b385d') in 0.017 seconds [static and dynamic dependencies]. Details - ImportResultOutputID=1026b7fcafefcc159c33b1de8c0351e9 DependenciesID=e7b466480832ac218309cbc94706f610 StaticDependenciesID=3d4c60a75e55f3405205ed496cb4d607 
Importing 'GUID: ba6dc9e2bb114aa46a392528f10c13d0 - Path: Packages/com.unity.2d.tilemap/Editor/Icons/d_Tilemap..BrushPicks@4x.png' with importer (TextureImporter)
Imported 'GUID: ba6dc9e2bb114aa46a392528f10c13d0' -> (Import Result ID: 'e04f011ff2c257269f04e11e9334c019') in 0.021 seconds [static and dynamic dependencies]. Details - ImportResultOutputID=1a3f9adcdc05efc4f9ef888e494d5575 DependenciesID=22ae75c02ca901824318eed3c97fd91d StaticDependenciesID=36795dfc05dda054b55f067cde1e6290 
Importing 'GUID: ba2e8a5b6413ebc46b4f580903cb911d - Path: Packages/com.unity.collab-proxy/Editor/Assets/Images/d_iconlockretained.png' with importer (TextureImporter)
Imported 'GUID: ba2e8a5b6413ebc46b4f580903cb911d' -> (Import Result ID: 'd6ce77755fe2086dd79830c2d52775d4') in 0.015 seconds [static and dynamic dependencies]. Details - ImportResultOutputID=262d5a195c051ac375248447dd38d08a DependenciesID=b4de00268458cc31b5dcdab6a3312f71 StaticDependenciesID=027125b1d6fb3993a0376357ea8dc7cf 
Importing 'GUID: ca51b19024094d1b87f3e07edb0a75fb - Path: Packages/com.unity.ugui/Editor Resources/Textures/btn_AlignBottom.psd' with importer (TextureImporter)
Imported 'GUID: ca51b19024094d1b87f3e07edb0a75fb' -> (Import Result ID: 'a3a8ecc50db839105358da7cdc102323') in 0.022 seconds [static and dynamic dependencies]. Details - ImportResultOutputID=59e7b170cfedc73d652624b2fc537827 DependenciesID=249fff92618c81d7f502d8354a3140be StaticDependenciesID=fa3d37a0a4fae1c1d484a51926473813 
Importing 'GUID: ca92e845b7b4b41da8e081ca8c0ed3b8 - Path: Packages/com.unity.collab-proxy/Editor/Assets/Images/iconmergeview@2x.png' with importer (TextureImporter)
Imported 'GUID: ca92e845b7b4b41da8e081ca8c0ed3b8' -> (Import Result ID: '82a2ae966f39cc180fdc321ddb0ccbaa') in 0.023 seconds [static and dynamic dependencies]. Details - ImportResultOutputID=ebda9765ec60b3688fd6c87784bbb86f DependenciesID=03084f48d4da092233f96bfae1959e1e StaticDependenciesID=bdbddfcd7ec7eaf678b54f9d909ce7aa 
Importing 'GUID: ca9343b72095cb846be99d76d069dfc0 - Path: Packages/com.unity.collab-proxy/Editor/Assets/Images/iconinfobellnotification.png' with importer (TextureImporter)
Imported 'GUID: ca9343b72095cb846be99d76d069dfc0' -> (Import Result ID: 'e6bef42c25d0665ae54e98c85508de07') in 0.014 seconds [static and dynamic dependencies]. Details - ImportResultOutputID=1b730ba621f3e07292cccdb8b575c68a DependenciesID=6c4a952320e7e30c99063d84e41819a1 StaticDependenciesID=f57c97d405922e587b57fdcf6450becc 
Importing 'GUID: cab6d354da7eb0c42887a52da31947b8 - Path: Assets/Texture2D/Multi-Use SpriteAtlas.png' with importer (TextureImporter)
Imported 'GUID: cab6d354da7eb0c42887a52da31947b8' -> (Import Result ID: 'c16f437c548ae96251e489f8a4646626') in 0.167 seconds [static and dynamic dependencies]. Details - ImportResultOutputID=5c9d1458dced72d6e09d3d120e2bf888 DependenciesID=6e8438b6947f8832bc78771a0600a9ef StaticDependenciesID=7f3462dcc37044c7303f8f703044aa6d 
Importing 'GUID: cadf2c056b29f694f848b72c75512c1b - Path: Assets/Resources/localized/PhineasLogo_norwegian.png' with importer (TextureImporter)
Imported 'GUID: cadf2c056b29f694f848b72c75512c1b' -> (Import Result ID: '5bfc2c0381dcccfe20a9254b19099994') in 0.112 seconds [static and dynamic dependencies]. Details - ImportResultOutputID=0b150959f0b36f4a36e7eb4c021ebd44 DependenciesID=596b55cfb357005bb5ca65d4671e2e02 StaticDependenciesID=751ca86d18a3b99d4a14e7dc41a6711f 
Importing 'GUID: da53acff7940e40459ddf0b80ed96596 - Path: Assets/Resources/multilayertextures/kart1paint/kart1_Gunther_spoiler_decal.png' with importer (TextureImporter)
Imported 'GUID: da53acff7940e40459ddf0b80ed96596' -> (Import Result ID: '3dcf7c2e5626a79be8a064953b435266') in 0.018 seconds [static and dynamic dependencies]. Details - ImportResultOutputID=3c59cf1de33766cb73c280f4381353f9 DependenciesID=ad89e30f26eb66adba63552b4f25565c StaticDependenciesID=9ede4d2c677e011678727ccaad53fc64 
Importing 'GUID: da545229eea36164d8b8cba2f75a1143 - Path: Packages/com.unity.collab-proxy/Editor/Assets/Images/iconemptygravatar@2x.png' with importer (TextureImporter)
Imported 'GUID: da545229eea36164d8b8cba2f75a1143' -> (Import Result ID: '3caa91254d304eb208d8ec56dc6600a6') in 0.025 seconds [static and dynamic dependencies]. Details - ImportResultOutputID=111d0aa417d801c42370a88bc12296a9 DependenciesID=ed0f4d5df9bf1b48e648cd405d90dee4 StaticDependenciesID=30912492d2c10a7eb05f9d60e7d74517 
Importing 'GUID: dab91f148d99946e7b3c3a87ecf4b973 - Path: Packages/com.unity.multiplayer.center/Editor/MultiplayerCenterWindow/UI/Icons/d_Loading.png' with importer (TextureImporter)
Imported 'GUID: dab91f148d99946e7b3c3a87ecf4b973' -> (Import Result ID: 'ada515248a5a5ee7247e9c587ca0dbda') in 0.019 seconds [static and dynamic dependencies]. Details - ImportResultOutputID=78bfe119022003965cf934614d01f2a6 DependenciesID=5cf696df7dc909264f83280ceb1cf61e StaticDependenciesID=c9d121b982dcd02f23f0903164d32694 
Importing 'GUID: da5aa6ed6c9fc4b049dffa3da57eaf7b - Path: Packages/com.unity.2d.sprite/Editor/Assets/LockedOptions@2x.png' with importer (TextureImporter)
Imported 'GUID: da5aa6ed6c9fc4b049dffa3da57eaf7b' -> (Import Result ID: 'd55ac47270a5e02139b5f930ea66729e') in 0.017 seconds [static and dynamic dependencies]. Details - ImportResultOutputID=b66df41c8d8b7f57af73a72f19d7857c DependenciesID=53e117b5ce49e74708d7e0de6e1e26ff StaticDependenciesID=dad03b7379384e9c5a25cadc397e396c 
Importing 'GUID: da7b5ee1f6de99e44b7d7e3a35ecb35d - Path: Assets/Texture2D/texture kart crap.png' with importer (TextureImporter)
Imported 'GUID: da7b5ee1f6de99e44b7d7e3a35ecb35d' -> (Import Result ID: '61421d37b76c7f58fabd6978cde69fe8') in 0.091 seconds [static and dynamic dependencies]. Details - ImportResultOutputID=4b468d7a693a962fb2d61657a4a87484 DependenciesID=a520c62d8a38c18ea3299532e44dd479 StaticDependenciesID=36f9b64fb9fec84c3a2f6e0a9ed838c3 
Importing 'GUID: da3c2bab65149b34b8ffe294de3ed824 - Path: Assets/Texture2D/tiret.png' with importer (TextureImporter)
Imported 'GUID: da3c2bab65149b34b8ffe294de3ed824' -> (Import Result ID: '26ab43964228eb505540c6c87d781a37') in 0.030 seconds [static and dynamic dependencies]. Details - ImportResultOutputID=24c8f739467b19277c090acfb3ab7b4e DependenciesID=86c70ab5f71ab6e55741c6a21a89dadc StaticDependenciesID=252fead73669de58e991239a51de704d 
Importing 'GUID: ead32eef98d0a664fb5b025c4bf013d4 - Path: Packages/com.unity.collab-proxy/Editor/Assets/Images/iconcurrentbranch@2x.png' with importer (TextureImporter)
Imported 'GUID: ead32eef98d0a664fb5b025c4bf013d4' -> (Import Result ID: '8862211bf38b91d83f23a0a9f14ae82e') in 0.020 seconds [static and dynamic dependencies]. Details - ImportResultOutputID=27be4bf499b520ace89f53f56b47d782 DependenciesID=1a5d7474af82de3e2372c235f2aa119a StaticDependenciesID=9f76dec3bc0c1b63581376f0b0ac45f2 
Importing 'GUID: eae63adb172f1164db61a7f4bdfc3637 - Path: Packages/com.unity.timeline/Editor/StyleSheets/Images/DarkSkin/TimelineInfiniteTrackNoShadow.png' with importer (TextureImporter)
Imported 'GUID: eae63adb172f1164db61a7f4bdfc3637' -> (Import Result ID: 'a9d81936608aecd41e85d6ba89e8d6f4') in 0.018 seconds [static and dynamic dependencies]. Details - ImportResultOutputID=d738f067437ade714ff2fe7bc1d9041f DependenciesID=ac3e058cd0c516b27908832b9c17d731 StaticDependenciesID=adee5f41d88339a8e88de1dceb6cc15e 
Importing 'GUID: ea1f167bb3f79f14889edeb74166c1f7 - Path: Assets/Scenes/Tracks/Phineas Track 3/LightmapFar-7.png' with importer (TextureImporter)
Imported 'GUID: ea1f167bb3f79f14889edeb74166c1f7' -> (Import Result ID: '829088fa168834ec7da171120b9632a3') in 0.125 seconds [static and dynamic dependencies]. Details - ImportResultOutputID=d6c18432d33f543a65f2d9d9876b06dc DependenciesID=b7bf28d3bd9016b122c859d7310abce6 StaticDependenciesID=0e54342709d8d1d75e4ac61a3bd54458 
Importing 'GUID: fa2118209c06a7846bb5fd8ed26258b9 - Path: Assets/Resources/multilayertextures/kart3paint/kart3_spoiler_main.png' with importer (TextureImporter)
Imported 'GUID: fa2118209c06a7846bb5fd8ed26258b9' -> (Import Result ID: '90782fedaab5ea92d7feeb1bf8d0fe13') in 0.010 seconds [static and dynamic dependencies]. Details - ImportResultOutputID=93a103c0bd09617df0f8ca0c38d5450e DependenciesID=49164cb593137d0ddb6e769f76316f9d StaticDependenciesID=41fdbcbb508a71d88c03831f9b48ec79 
Importing 'GUID: fa6bd40a216346b783a4cce741d277a5 - Path: Packages/com.unity.ugui/Editor Resources/Textures/btn_AlignJustified_Light.psd' with importer (TextureImporter)
Imported 'GUID: fa6bd40a216346b783a4cce741d277a5' -> (Import Result ID: 'aae3ee67f98608186a1ec7d95652ffa4') in 0.018 seconds [static and dynamic dependencies]. Details - ImportResultOutputID=50cd89b05f6f9e5e06208fbcdc807177 DependenciesID=2cf4e4e1cde06931d32df04b940a684f StaticDependenciesID=287c9671a60c2ecc4c318768b6cbe54e 
Importing 'GUID: 0b16f69fa15941d4a8234963e4d777c8 - Path: Assets/Resources/localized/MasterCircuitLocked_norwegian.png' with importer (TextureImporter)
Imported 'GUID: 0b16f69fa15941d4a8234963e4d777c8' -> (Import Result ID: '43f4e5bf4f3f320a083e97a9dafbf4bc') in 0.101 seconds [static and dynamic dependencies]. Details - ImportResultOutputID=0c353b31c9499fa92f68aacd32acb155 DependenciesID=e2ca0092e135c506bf876ab0afe25d28 StaticDependenciesID=ece98ce702236e0e3efdc9b3e4cb11de 
Importing 'GUID: 0b56b386504a4c248993a73f33ed3b91 - Path: Assets/Texture2D/ChefGuilbauds.png' with importer (TextureImporter)
Imported 'GUID: 0b56b386504a4c248993a73f33ed3b91' -> (Import Result ID: 'f12067c420faf1b7eb09f3a7099d52d7') in 0.224 seconds [static and dynamic dependencies]. Details - ImportResultOutputID=cbdffc68bf73a414ebbaf66ba753479b DependenciesID=faba2db653c4a0aeaacf67ac3ccfae54 StaticDependenciesID=4767b5de0ac23e15881f90a14409301f 
Importing 'GUID: 0b78e9ab405721d42b9c4b945c7410b1 - Path: Assets/Texture2D/inline ramp uvs.png' with importer (TextureImporter)
Imported 'GUID: 0b78e9ab405721d42b9c4b945c7410b1' -> (Import Result ID: '0ef687a4afba3d8c697185b6db7347a4') in 0.026 seconds [static and dynamic dependencies]. Details - ImportResultOutputID=8808dbdbf6e8d1c267a770171a0c8b58 DependenciesID=58ff432cb03fd549a2d3ad37fdc4969d StaticDependenciesID=f325f99acbf442dcce43d05b987bbaac 
Importing 'GUID: 0b6966fba291a2e44acf15ddcfab45bf - Path: Assets/Resources/multilayertextures/kart2paint/kart2_Oscar_body_decal.png' with importer (TextureImporter)
Imported 'GUID: 0b6966fba291a2e44acf15ddcfab45bf' -> (Import Result ID: '269452bef343d6b4c53030b5ff422306') in 0.017 seconds [static and dynamic dependencies]. Details - ImportResultOutputID=25bc2fbb20942e474aff0c8f1d771cae DependenciesID=11cd3dd52a88c543168c88a56e9f5d84 StaticDependenciesID=42eacacd18ca363a696afc836da79d37 
Importing 'GUID: 0bade9d74fa9358428ab9cd7ae83b23b - Path: Assets/Texture2D/garage wall - pranksgiving.png' with importer (TextureImporter)
Imported 'GUID: 0bade9d74fa9358428ab9cd7ae83b23b' -> (Import Result ID: 'b0a321c49e3180683c2fa29ebc3a0263') in 0.144 seconds [static and dynamic dependencies]. Details - ImportResultOutputID=3a1338826255acfa036b1b1ad735f59e DependenciesID=1494cb826f0cd6f6c460a32e43a28337 StaticDependenciesID=3da4ac1ca604d4a64fe35e941c4f579e 
Importing 'GUID: 1bf36fd2fbe3d9b48af62e8b70f4183b - Path: Assets/Texture2D/arrow sign_0.png' with importer (TextureImporter)
Imported 'GUID: 1bf36fd2fbe3d9b48af62e8b70f4183b' -> (Import Result ID: '30e9bf84c8ec2181ea753a050d876c9c') in 0.030 seconds [static and dynamic dependencies]. Details - ImportResultOutputID=14e9a722876f6787379074ccfb8b0204 DependenciesID=96e2d4e9b9aa5cddb97d9f06d623796a StaticDependenciesID=c5f20b1433457704f481ec9967743497 
Importing 'GUID: 1b873ba2dbd625b48bd3a614f5d7a3e1 - Path: Assets/Resources/multilayertextures/kart2paint/kart2_Bea_spoiler_decal.png' with importer (TextureImporter)
Imported 'GUID: 1b873ba2dbd625b48bd3a614f5d7a3e1' -> (Import Result ID: 'c3fc349ca99a14a0a453eeb238f1cecd') in 0.018 seconds [static and dynamic dependencies]. Details - ImportResultOutputID=dc6ad50dfe706138f1815e6815549031 DependenciesID=c72262d133eaae22d5bf06b714f11e09 StaticDependenciesID=248ed2c9f6756a6bb66de2cd61ffc651 
Importing 'GUID: 1b6bf0e7b03fea94987a73d0cb14781b - Path: Packages/com.unity.ai.navigation/EditorResources/Overlay/NavigationOverlay@128.png' with importer (TextureImporter)
Imported 'GUID: 1b6bf0e7b03fea94987a73d0cb14781b' -> (Import Result ID: '8ae91d5c5d664effec426948326d2173') in 0.025 seconds [static and dynamic dependencies]. Details - ImportResultOutputID=a66f467b1ead49dea5e0200b01640819 DependenciesID=29690f21e68ce21ae758d00f3aeb895d StaticDependenciesID=a1cb54ac6477fa8290b55db075803a00 
Importing 'GUID: 1b4c88814ec6241eb8e327515399c006 - Path: Packages/com.unity.multiplayer.center/Editor/MultiplayerCenterWindow/UI/Icons/d_PackageManager.png' with importer (TextureImporter)
Imported 'GUID: 1b4c88814ec6241eb8e327515399c006' -> (Import Result ID: '1c3b792487c2f05304c75cfede811737') in 0.016 seconds [static and dynamic dependencies]. Details - ImportResultOutputID=fbdc3cacad439f6b834a9be3a64cca23 DependenciesID=b96b849f290db994b7812af727b831fc StaticDependenciesID=865ad88bb6477d8a53a8338110024d17 
Importing 'GUID: 2bb4e96f5d0b02c468932d665a015c54 - Path: Packages/com.unity.collab-proxy/Editor/Assets/Images/d_iconlockedremoteoverlay@2x.png' with importer (TextureImporter)
Imported 'GUID: 2bb4e96f5d0b02c468932d665a015c54' -> (Import Result ID: 'd400a26f2c809c8b2ee0fd6ca9f10999') in 0.018 seconds [static and dynamic dependencies]. Details - ImportResultOutputID=4a5bf37ab0607167a1942e3af72424a3 DependenciesID=427bb790ec35687ffdffd1fa99e375c7 StaticDependenciesID=205e3fa963b751bc4d40866052aafc9e 
Importing 'GUID: 2b9bf8ec5d54fe249ac9e20979ccd42c - Path: Packages/com.unity.collab-proxy/Editor/Assets/Images/d_iconinviteusers@2x.png' with importer (TextureImporter)
Imported 'GUID: 2b9bf8ec5d54fe249ac9e20979ccd42c' -> (Import Result ID: 'de7a7adc5dbc3bd7a640b04dd12f0e80') in 0.020 seconds [static and dynamic dependencies]. Details - ImportResultOutputID=4c939e1feb14f272a0dd8afee068ea43 DependenciesID=f06ed65dc491f8647782f0dc41b95de1 StaticDependenciesID=8055cd614518539525ff4d0bec338113 
Importing 'GUID: 3bfcc063ae87d1b45a29f33035741602 - Path: Assets/Scenes/Tracks/Kick Butt Track 2/LightmapFar-2.png' with importer (TextureImporter)
Imported 'GUID: 3bfcc063ae87d1b45a29f33035741602' -> (Import Result ID: '8efa7213a07c66f1f25c29f3ba65ec5d') in 0.120 seconds [static and dynamic dependencies]. Details - ImportResultOutputID=525ca517b2420255cc30794bcb8fc163 DependenciesID=b85375ab3e4ca75bafd4587a47e05aaa StaticDependenciesID=e3f6a988a07903b6303de136156d96b6 
Importing 'GUID: 3b7da417d2c1ee843a3a6bf61691fde6 - Path: Assets/Texture2D/fish hooks decorations spiky shell.png' with importer (TextureImporter)
Imported 'GUID: 3b7da417d2c1ee843a3a6bf61691fde6' -> (Import Result ID: '2f40074d33c661ffdd110a5423ec4052') in 0.033 seconds [static and dynamic dependencies]. Details - ImportResultOutputID=2c4a346578b16c73785072e03fe87ea5 DependenciesID=85563e66b0e3d12bedac2ec6d48b1c64 StaticDependenciesID=097ce9fd99e06dc16d111a33a13cf174 
Importing 'GUID: 3b9e9b3d9ade166499e7a17109ca73bf - Path: Packages/com.unity.timeline/Editor/StyleSheets/Images/DarkSkin/TimelineTimeCursor.png' with importer (TextureImporter)
Imported 'GUID: 3b9e9b3d9ade166499e7a17109ca73bf' -> (Import Result ID: 'fc60b50814675ef51b1c9023cf0cdf98') in 0.017 seconds [static and dynamic dependencies]. Details - ImportResultOutputID=a1433c2572ceeb9cc1c21e90551db6a5 DependenciesID=a8acad176b5cd9ded624259ae01904dc StaticDependenciesID=ab3ba13f583660dbd788fd455ead462a 
Importing 'GUID: 3bee4d6c1a6837341a8744376050907e - Path: Assets/Texture2D/Fence.png' with importer (TextureImporter)
Imported 'GUID: 3bee4d6c1a6837341a8744376050907e' -> (Import Result ID: 'a9539fe9a20b2850c90f9066d98d059e') in 0.047 seconds [static and dynamic dependencies]. Details - ImportResultOutputID=773b85c0388ec38820263c043601eee2 DependenciesID=d6c73da58da8a5bb58e2630d4ab397b2 StaticDependenciesID=1dd13c9ca9cea25da340d5c3339f41be 
Importing 'GUID: 4be09296600ab29438992b4601e086ba - Path: Assets/Texture2D/phineas ferb tunnel texture.png' with importer (TextureImporter)
Imported 'GUID: 4be09296600ab29438992b4601e086ba' -> (Import Result ID: '880576d5f1dedb3a073f91af255a5a20') in 0.037 seconds [static and dynamic dependencies]. Details - ImportResultOutputID=b47dff94dd32d15a86853f38f61ec89b DependenciesID=5711e2d0d8c5a9d890c1acf144110ab9 StaticDependenciesID=14ffdf0d150af1dbac9491e8ae251976 
Importing 'GUID: 4b53ef48dd425f844b728f4716c29eea - Path: Assets/Texture2D/Swatch Ferb.png' with importer (TextureImporter)
Imported 'GUID: 4b53ef48dd425f844b728f4716c29eea' -> (Import Result ID: '28a216c0db0652d4f0cc18b0442c410e') in 0.022 seconds [static and dynamic dependencies]. Details - ImportResultOutputID=281046be6cd71747ed11e829fa104799 DependenciesID=e5f17ae95735c2d5b7974dc92d7eabf2 StaticDependenciesID=245bffe19449c7654117005051a747fd 
Importing 'GUID: 4ba59ebff37d0f14989227197abcd78c - Path: Assets/Texture2D/fish hooks decorations clam.png' with importer (TextureImporter)
Imported 'GUID: 4ba59ebff37d0f14989227197abcd78c' -> (Import Result ID: 'a289614ac17d6eb66641131b8b6069f9') in 0.027 seconds [static and dynamic dependencies]. Details - ImportResultOutputID=d650881086e602e4dbef6f74dd724c62 DependenciesID=2a4cf994f9648312704da3ca98a30e0b StaticDependenciesID=277a04280f29d8570d56f66e0aa205ea 
Importing 'GUID: 4bf6507f1346b2746a35384f6a5fd5f9 - Path: Packages/com.unity.timeline/Editor/StyleSheets/Images/Icons/TrackAvatarButtonEnabled.png' with importer (TextureImporter)
Imported 'GUID: 4bf6507f1346b2746a35384f6a5fd5f9' -> (Import Result ID: '5e9d718ed267b62e1431df3b49301776') in 0.013 seconds [static and dynamic dependencies]. Details - ImportResultOutputID=a716bbd0561eef13b9653cbc9783e1d3 DependenciesID=1780e5d711a3414f7c442ee7127453bb StaticDependenciesID=78b055ac0ea65c3a6375446913096e62 
Importing 'GUID: 4b2a04fdbe0ef4d8da8f90eaca817cd1 - Path: Packages/com.unity.2d.sprite/Editor/ObjectMenuCreation/DefaultAssets/Textures/HexagonPointTopWithBorder.png' with importer (TextureImporter)
Imported 'GUID: 4b2a04fdbe0ef4d8da8f90eaca817cd1' -> (Import Result ID: '9f174d1a52c72aa7c7ebee8fc5e48815') in 0.027 seconds [static and dynamic dependencies]. Details - ImportResultOutputID=44fec866b11af85cbd7fd6c27bf34553 DependenciesID=da87ff5c84e55674b7a3a36de1b097a1 StaticDependenciesID=6d92b4d47e1e92249b035e028e139fa8 
Importing 'GUID: 4b6b0d10629b2ea40846b0eed5b74f43 - Path: Packages/com.unity.2d.tilemap/Editor/Icons/Tilemap.ShowTilePalette.png' with importer (TextureImporter)
Imported 'GUID: 4b6b0d10629b2ea40846b0eed5b74f43' -> (Import Result ID: '2db971a37c1171b3fa8f13b3a3b26083') in 0.016 seconds [static and dynamic dependencies]. Details - ImportResultOutputID=7d288911bf8eb0da6187078d77d22213 DependenciesID=f2aa480520a59ab98c6a7f07085fe831 StaticDependenciesID=46deefc858fca62ad6f8865cc4db697d 
Importing 'GUID: 4badc8ef0df5de644b776dcd375ed4c2 - Path: Assets/Texture2D/TurkeyGooShooter.png' with importer (TextureImporter)
Imported 'GUID: 4badc8ef0df5de644b776dcd375ed4c2' -> (Import Result ID: '9f25794284337697af68b536809f7ab9') in 0.261 seconds [static and dynamic dependencies]. Details - ImportResultOutputID=7ddca50decac9e3d57b0aab3a3a8f722 DependenciesID=d87a51f01e02d1c214d1b386a0fedef3 StaticDependenciesID=5b43cc5fe6639530facaa37d5936e9a2 
Importing 'GUID: 5ba0decd80e202345944d4b6304bb4e4 - Path: Assets/Texture2D/danville arena texture uvs.png' with importer (TextureImporter)
Imported 'GUID: 5ba0decd80e202345944d4b6304bb4e4' -> (Import Result ID: '94549929122bb0616179b0f14561e0cb') in 0.028 seconds [static and dynamic dependencies]. Details - ImportResultOutputID=e5fdcd21ac5aa104d80b943450b69a5b DependenciesID=07ea31babbadff05dce0f0f6bf76f74a StaticDependenciesID=781831152c59a5c32698b077c5b83c6d 
Importing 'GUID: 5bc0112babc1a49bdbd1f6e5d9c13c7b - Path: Packages/com.unity.collab-proxy/Editor/Assets/Images/d_iconmergeview@2x.png' with importer (TextureImporter)
Imported 'GUID: 5bc0112babc1a49bdbd1f6e5d9c13c7b' -> (Import Result ID: '331bdad1d5909e3ce4a08c494a3ecb8b') in 0.016 seconds [static and dynamic dependencies]. Details - ImportResultOutputID=2a0ecd97d561bb6567c9f8eb56bedec5 DependenciesID=25acb4e372faaaf3258832775eed5289 StaticDependenciesID=ececad4d98b60c2cc78981c19acc6caa 
Importing 'GUID: 5b2a8a1e265e99b4fb8d77061490f397 - Path: Packages/com.unity.ai.navigation/EditorResources/Overlay/d_NavigationOverlay On@128.png' with importer (TextureImporter)
Imported 'GUID: 5b2a8a1e265e99b4fb8d77061490f397' -> (Import Result ID: '8f29577f5ab1af4aaaa770dccb3f3df6') in 0.019 seconds [static and dynamic dependencies]. Details - ImportResultOutputID=894521fefa56ceebaadc722193e83533 DependenciesID=d4a36f5091c83faf12fac1704f71e83d StaticDependenciesID=6a495f5339132126dc619b8eacd438e3 
Importing 'GUID: 6b80cdd1d5ce20c4189553f129f4d175 - Path: Packages/com.unity.2d.tilemap/Editor/Icons/Tilemap.FocusTilemap@2x.png' with importer (TextureImporter)
Imported 'GUID: 6b80cdd1d5ce20c4189553f129f4d175' -> (Import Result ID: '259ea6cfdd659ddebf886a9ceca9a53a') in 0.018 seconds [static and dynamic dependencies]. Details - ImportResultOutputID=682845e02502ab776a30d1a2c6f8af49 DependenciesID=a2ddcdd8d74e4aa4ad6c202d98fcbf95 StaticDependenciesID=1a97ac5a3ba68122647a357a678930c3 
Importing 'GUID: 6b115f13102bffa4ea007d54dbcd2258 - Path: Assets/Texture2D/track 01 container.png' with importer (TextureImporter)
Imported 'GUID: 6b115f13102bffa4ea007d54dbcd2258' -> (Import Result ID: 'a0722e7253c13e0d4a6a0f4c3d903f5f') in 0.019 seconds [static and dynamic dependencies]. Details - ImportResultOutputID=1527effdfd92c897172c1b11a22c179d DependenciesID=5a7b6ae3f473bc363442ea38510550a4 StaticDependenciesID=d274696aa2e1d6031b944c2c5778b79d 
Importing 'GUID: 6bd5172f0ada47c45b13aec7161e1361 - Path: Assets/Resources/localized/NewbieCircuit_english.png' with importer (TextureImporter)
Imported 'GUID: 6bd5172f0ada47c45b13aec7161e1361' -> (Import Result ID: '83d4a970f478c8ea4d00cf539471a6a9') in 0.075 seconds [static and dynamic dependencies]. Details - ImportResultOutputID=170b1a293ba67219b009a5d1a811bf40 DependenciesID=d2175f15a2958d8ddaa61677df44351b StaticDependenciesID=1349c510b28b79539e197805d1caf301 
Importing 'GUID: 6bc748d3a01856345b7e50494fd4a78f - Path: Assets/Texture2D/Swatch None.png' with importer (TextureImporter)
Imported 'GUID: 6bc748d3a01856345b7e50494fd4a78f' -> (Import Result ID: '858623074f91836d563f0a64cc74703a') in 0.029 seconds [static and dynamic dependencies]. Details - ImportResultOutputID=03e74e3f96dc44c910bcc5838411185a DependenciesID=726a60e7a3305c589b4e4ff680b19170 StaticDependenciesID=324ec4e23672fade8121e0694d0b7161 
Importing 'GUID: 6b6a03ba358f5a846856c2bbfd5d0788 - Path: Assets/Texture2D/Street 1.png' with importer (TextureImporter)
Imported 'GUID: 6b6a03ba358f5a846856c2bbfd5d0788' -> (Import Result ID: 'b80ec743b8fbcad392fe13f34b2ed9be') in 0.027 seconds [static and dynamic dependencies]. Details - ImportResultOutputID=e3b940f7a712ffbea270f195b59e520b DependenciesID=5d1f7b666bcf900d4e658e4842fb50b3 StaticDependenciesID=b51ff3eebc7fdce44e33ca4cebe8d3b9 
Importing 'GUID: 6b5b9b0f0a75ace47a9fe7dea19cf932 - Path: Assets/Texture2D/color_white.png' with importer (TextureImporter)
Imported 'GUID: 6b5b9b0f0a75ace47a9fe7dea19cf932' -> (Import Result ID: '5a6b005d57882792b6b79f8dbebdd786') in 0.020 seconds [static and dynamic dependencies]. Details - ImportResultOutputID=a5f882bc8b67838841fd42aae39bf49a DependenciesID=26a97ae779511f5bac4cba08af91c2de StaticDependenciesID=8b230a44458dac9ee4ea1c49a755e778 
Importing 'GUID: 7b21d2c11427a3540957542c14965d08 - Path: Assets/Resources/localized/ProCircuit_english.png' with importer (TextureImporter)
Imported 'GUID: 7b21d2c11427a3540957542c14965d08' -> (Import Result ID: '485d23aae04ea4df8e8ba40a9912648e') in 0.071 seconds [static and dynamic dependencies]. Details - ImportResultOutputID=147ec409fe4b7d41965062437be81684 DependenciesID=88f9e39e47b9cc5e328fefb3c1e5bac3 StaticDependenciesID=3dc79b1758c9680e87a77ccdc1244f67 
Importing 'GUID: 7b293490da91b2f44892c28999402db0 - Path: Assets/Texture2D/Blocker SpriteAtlas.png' with importer (TextureImporter)
Imported 'GUID: 7b293490da91b2f44892c28999402db0' -> (Import Result ID: 'a776d2d0337392410f1e5de78703da12') in 0.014 seconds [static and dynamic dependencies]. Details - ImportResultOutputID=776f4bbe2e6808650c6728b2f3b452f0 DependenciesID=4d7d755706c78f24b9c2f58924a27c7a StaticDependenciesID=f521fc2a58f26b409c9ba8a0408b6ce9 
Importing 'GUID: 7b4b3cedf598c954cb2f38d6e2e34c0d - Path: Packages/com.unity.timeline/Editor/StyleSheets/Images/Icons/d_TimelineEditModeReplaceON.png' with importer (TextureImporter)
Imported 'GUID: 7b4b3cedf598c954cb2f38d6e2e34c0d' -> (Import Result ID: '8ef1c0468511f683b9791255c490e8ee') in 0.016 seconds [static and dynamic dependencies]. Details - ImportResultOutputID=1c0de454197c8617f3677f10e1abf959 DependenciesID=0a292024663305b299dd6f67c998dd6e StaticDependenciesID=195953c9aed0a76e0630dac514a66e65 
Importing 'GUID: 7b2c5b16029aa3e4eb1490085274b150 - Path: Assets/Texture2D/fish hooks basketball.png' with importer (TextureImporter)
Imported 'GUID: 7b2c5b16029aa3e4eb1490085274b150' -> (Import Result ID: '22159a872271385f3d19610b5ec02516') in 0.052 seconds [static and dynamic dependencies]. Details - ImportResultOutputID=580ac4663afec7fb4396286f2e3b640e DependenciesID=8f2262b1e4b2c702954b8c7837941731 StaticDependenciesID=76546bc5faa50225b8d2c5f8c91ab943 
Importing 'GUID: 7befde712044bf34d8d765aba01a52c9 - Path: Packages/com.unity.2d.tilemap/Editor/Icons/Tilemap.BrushPicks@2x.png' with importer (TextureImporter)
Imported 'GUID: 7befde712044bf34d8d765aba01a52c9' -> (Import Result ID: 'e007cd77de97dd277e0d76cbe9573b1b') in 0.022 seconds [static and dynamic dependencies]. Details - ImportResultOutputID=2dd9352ec05272f72350c94c23c0e269 DependenciesID=9289340c9eb52a28bb4795dfdfcf3c67 StaticDependenciesID=594c610b4f7dbd5ba688e48f67fe0573 
Importing 'GUID: 8b32b34c806b4de4cb7f04b3344b6966 - Path: Packages/com.unity.collab-proxy/Editor/Assets/Images/d_iconclouddriveview.png' with importer (TextureImporter)
Imported 'GUID: 8b32b34c806b4de4cb7f04b3344b6966' -> (Import Result ID: 'aa413b01583b8ecc8d86c91af0783e0b') in 0.020 seconds [static and dynamic dependencies]. Details - ImportResultOutputID=0cddc307ebf0d5f55d6a64f9b505e6aa DependenciesID=b9326a80cdc28eee78f814facbf63b9f StaticDependenciesID=686a72840221ac69a3205fc0ba90fa3e 
Importing 'GUID: 8bc445bb79654bf496c92d0407840a92 - Path: Packages/com.unity.ugui/Editor Resources/Textures/btn_AlignBaseLine.psd' with importer (TextureImporter)
Imported 'GUID: 8bc445bb79654bf496c92d0407840a92' -> (Import Result ID: '7b54ba9759a0ba5a97259afa38fd0d9b') in 0.022 seconds [static and dynamic dependencies]. Details - ImportResultOutputID=3b3402bf7651823faf681e96b683ecdd DependenciesID=5e98dbc6d5693c072f44ef19d9905916 StaticDependenciesID=a6254f1de6bd24ab894f99521c4ce15d 
Importing 'GUID: 9be2a2e938ff7694fb6457868cb48555 - Path: Assets/Texture2D/fish hook interior court ground.png' with importer (TextureImporter)
Imported 'GUID: 9be2a2e938ff7694fb6457868cb48555' -> (Import Result ID: 'e2caf883be0fa000fc6af0ad8f9059c6') in 0.027 seconds [static and dynamic dependencies]. Details - ImportResultOutputID=8ba059d42a56326548ce6812dc1dd3d4 DependenciesID=667e5e74c362b9bbab4f340a7bf72894 StaticDependenciesID=8504bf69e8fde717499b9a1e7c0d6b94 
Importing 'GUID: 9b243bd8491a24b2cbe5231468a93813 - Path: Packages/com.unity.2d.sprite/Editor/Assets/SpriteEditor.png' with importer (TextureImporter)
Imported 'GUID: 9b243bd8491a24b2cbe5231468a93813' -> (Import Result ID: '648d066c3ef440ebdefcbf6e344c30ea') in 0.019 seconds [static and dynamic dependencies]. Details - ImportResultOutputID=3c1806ead29a8bada99255b9e5e7ccac DependenciesID=289ba6d09cd5c034ec31d1b4350d44ea StaticDependenciesID=12a39397a5f691a7bbc301d5295ae03a 
Importing 'GUID: 9b64cb971d924d6429c04b58f8240ff4 - Path: Assets/Texture2D/PieShooter.png' with importer (TextureImporter)
Imported 'GUID: 9b64cb971d924d6429c04b58f8240ff4' -> (Import Result ID: 'd6bedd0eacfcb9d6284115999f87a4af') in 0.121 seconds [static and dynamic dependencies]. Details - ImportResultOutputID=b71cd0d4dd81276400136de710694202 DependenciesID=02f2f2868a05df767aa1abe040584fff StaticDependenciesID=e824d584cd4b5a58f1cdf47daae1c53c 
Importing 'GUID: 9b76c79563c3a274aa48b0dbdf009693 - Path: Packages/com.unity.collab-proxy/Editor/Assets/Images/d_iconbrex@2x.png' with importer (TextureImporter)
Imported 'GUID: 9b76c79563c3a274aa48b0dbdf009693' -> (Import Result ID: 'a0e310729321bb4eeb2b851d45217936') in 0.019 seconds [static and dynamic dependencies]. Details - ImportResultOutputID=17afc703ed3853b0d806d38630bef845 DependenciesID=b6bba70628f78f2986ff92d1c2a5cbfc StaticDependenciesID=8d3f8a9de0b3d6483956142152578009 
Importing 'GUID: 9b4f647cca59fa24ca9471667c493976 - Path: Assets/Texture2D/kick big screen.png' with importer (TextureImporter)
Imported 'GUID: 9b4f647cca59fa24ca9471667c493976' -> (Import Result ID: '1a90806943b12752afe0b8d28aa8a854') in 0.108 seconds [static and dynamic dependencies]. Details - ImportResultOutputID=5f9e62cf688b9933c2ff4af9c0ca0190 DependenciesID=406a91cc2cfb60afdc57a4f3ecee77b6 StaticDependenciesID=6d3c1698a67ca104cd585c6b1bc5f5fb 
Importing 'GUID: ab97695f01bc84c4b93e8440531417e7 - Path: Packages/com.unity.collab-proxy/Editor/Assets/Images/iconbrex@2x.png' with importer (TextureImporter)
Imported 'GUID: ab97695f01bc84c4b93e8440531417e7' -> (Import Result ID: '0c8e86df0ef049f6e2c0e19a6c18946e') in 0.022 seconds [static and dynamic dependencies]. Details - ImportResultOutputID=4fa134525be85e14b3cb8155ac213241 DependenciesID=715b3447b0b835f200b7e90959102c05 StaticDependenciesID=66348bb0cb57998627302a446f3dfd3f 
Importing 'GUID: abcaac2d03537934c995e6a86458c8f6 - Path: Assets/Scenes/Test Scenes/Pranksgiving Test/LightmapFar-6.png' with importer (TextureImporter)
Imported 'GUID: abcaac2d03537934c995e6a86458c8f6' -> (Import Result ID: '730b85f87fa958abef82ce1721933656') in 0.122 seconds [static and dynamic dependencies]. Details - ImportResultOutputID=1c0cd1a2ec18af20d3bc4ee6e0b863f9 DependenciesID=a99a3250750a2f7d6199fee3f115376c StaticDependenciesID=f1d937870cdfb7aac49aa15ec055c35b 
Importing 'GUID: ab1b875925aa55945912727310de867b - Path: Assets/Resources/multilayertextures/kart4paint/kart4_body_main.png' with importer (TextureImporter)
Imported 'GUID: ab1b875925aa55945912727310de867b' -> (Import Result ID: '6c44ad93b574974134bc41e74bae11ee') in 0.020 seconds [static and dynamic dependencies]. Details - ImportResultOutputID=cf68de0060b52062a1e28b915f5e8713 DependenciesID=04e4becb57927cf13f56ef7d10c16714 StaticDependenciesID=01642b4b03444e8629d9a6d2a8ee7237 
Importing 'GUID: abbc28ff73b72b1438f893d41ca52fb0 - Path: Packages/com.unity.2d.tilemap/Editor/Icons/Tilemap.ActiveTargetLayers.png' with importer (TextureImporter)
Imported 'GUID: abbc28ff73b72b1438f893d41ca52fb0' -> (Import Result ID: '88f8f90f790b87674a08bf176f2ade2f') in 0.016 seconds [static and dynamic dependencies]. Details - ImportResultOutputID=f9efd0ef7870ff88513b4d42fc9e4c1d DependenciesID=69ce3bda8159facc96a02e41e87651b9 StaticDependenciesID=4e3eb8d806a632cb67f5c5e97ee2cc80 
Importing 'GUID: abdd1f43d2de80c47aa548db50923c51 - Path: Assets/Resources/multilayertextures/kart4paint/kart4_untouchable_seat.png' with importer (TextureImporter)
Imported 'GUID: abdd1f43d2de80c47aa548db50923c51' -> (Import Result ID: '62426f61e3fbd67b5a3cf25e908f2a7f') in 0.015 seconds [static and dynamic dependencies]. Details - ImportResultOutputID=96413c9e90ec475a4e8a2925eb77827b DependenciesID=6a85e412a89916b24cf3c2248acd9a5c StaticDependenciesID=c371e5e102e52ddb5f2e184588db78c8 
Importing 'GUID: ab1e2f0dfb0df5e40bb95359b3d8ed3a - Path: Packages/com.unity.timeline/Editor/StyleSheets/Images/DarkSkin/TimelineIconClipIn.png' with importer (TextureImporter)
Imported 'GUID: ab1e2f0dfb0df5e40bb95359b3d8ed3a' -> (Import Result ID: '8974b098d090b7cbf8c9c3a4de20ff63') in 0.017 seconds [static and dynamic dependencies]. Details - ImportResultOutputID=b3ccf208ef8ee606ef696ca783216d1a DependenciesID=77046154fc5bec776f959a38852b0ad3 StaticDependenciesID=b6365baaf669f3a2f8bf346b5f441b16 
Importing 'GUID: bb42b2d967d6427983c901a4ffc8ecd9 - Path: Packages/com.unity.ugui/Editor Resources/Textures/btn_AlignMidline_Light.psd' with importer (TextureImporter)
Imported 'GUID: bb42b2d967d6427983c901a4ffc8ecd9' -> (Import Result ID: 'd4110d6a7d8e38b27a1d55fbbda953d8') in 0.020 seconds [static and dynamic dependencies]. Details - ImportResultOutputID=004173ec06a53d9ad98fcfa74de83bbd DependenciesID=974915469571266969650e2367fdf5c6 StaticDependenciesID=9f810a4d205e95c838e64ae3cfae7d6f 
Importing 'GUID: bb1928aff4fd4cf44af1f629dc14ef9b - Path: Packages/com.unity.collab-proxy/Editor/Assets/Images/d_iconcheckedoutlocaloverlay.png' with importer (TextureImporter)
Imported 'GUID: bb1928aff4fd4cf44af1f629dc14ef9b' -> (Import Result ID: '6dce116296f53580ec4db5df1999d1f0') in 0.017 seconds [static and dynamic dependencies]. Details - ImportResultOutputID=d1636559db871135f1d92c1546ebf2cd DependenciesID=982159a2902198c6adbc2a5c55bc95ae StaticDependenciesID=f45245e437c3205bc428ee058d5aa0cc 
Importing 'GUID: cbe7e03eac7bd5545a66f01679bfeac9 - Path: Assets/Texture2D/garage exit door.png' with importer (TextureImporter)
Imported 'GUID: cbe7e03eac7bd5545a66f01679bfeac9' -> (Import Result ID: '8f448b09c49b1f4662fe7bb0b575b40c') in 0.048 seconds [static and dynamic dependencies]. Details - ImportResultOutputID=dbd42dcc28c51a980354355433bf83c2 DependenciesID=24b77467f1c9a1e8df293bd6b29342d1 StaticDependenciesID=5464ff68fd60f422792e35e6ec6c9aa7 
Importing 'GUID: db31466324572e740a431e4e0e03a016 - Path: Packages/com.unity.timeline/Editor/StyleSheets/Images/Icons/TrackMuteButtonDisabled@2x.png' with importer (TextureImporter)
Imported 'GUID: db31466324572e740a431e4e0e03a016' -> (Import Result ID: '4eab2a563bcec468c48779b69fa90503') in 0.019 seconds [static and dynamic dependencies]. Details - ImportResultOutputID=f03ba5b6da77c053f96055f868e1792e DependenciesID=670c6f2c889ce0c4da608548afd0c9f8 StaticDependenciesID=fb86392ed01850e9cd13c0807c4c040d 
Importing 'GUID: dba17443dfeaf7c42975e9e424d64203 - Path: Assets/Resources/localized/PhineasLogo_english.png' with importer (TextureImporter)
Imported 'GUID: dba17443dfeaf7c42975e9e424d64203' -> (Import Result ID: '2678c152b1dd1d0f9f611542d6897596') in 0.023 seconds [static and dynamic dependencies]. Details - ImportResultOutputID=a8d75af214c86565b4f6cb90de285dcf DependenciesID=ea00910ba1815acfe1e5f3a4c6845fe4 StaticDependenciesID=8e362d91a2eb65a91f9461669ac50bf8 
Importing 'GUID: db15c78579dee4a4db85f392634c8ecc - Path: Packages/com.unity.timeline/Editor/StyleSheets/Images/Icons/d_TrackRecordButtonDisabled@2x.png' with importer (TextureImporter)
Imported 'GUID: db15c78579dee4a4db85f392634c8ecc' -> (Import Result ID: '2cfa44f9076797d1d6be8d245e37a9e1') in 0.013 seconds [static and dynamic dependencies]. Details - ImportResultOutputID=6595cdfac5be6fa5fc952862835e730d DependenciesID=fa23c32a8ac2668e6a3f0f3b42a590be StaticDependenciesID=7c66b856f079daff7eab5d31ac5cfd98 
Importing 'GUID: db750325989564987a34393247d883b4 - Path: Packages/com.unity.2d.sprite/Editor/ObjectMenuCreation/DefaultAssets/Textures/SquareWithBorder.png' with importer (TextureImporter)
Imported 'GUID: db750325989564987a34393247d883b4' -> (Import Result ID: '3b6ff0cc6031159a74e28853c60d1fa7') in 0.028 seconds [static and dynamic dependencies]. Details - ImportResultOutputID=9ccf1646ca359f2aba049ebe4dbaefdf DependenciesID=43e65743b44f2bb31a265476c76542d7 StaticDependenciesID=8a6b66e6a7234977167c0462f7b52a37 
Importing 'GUID: db66ea47c76423f4a881937d34495801 - Path: Packages/com.unity.timeline/Editor/StyleSheets/Images/Shared/TimelineBottomShadow.png' with importer (TextureImporter)
Imported 'GUID: db66ea47c76423f4a881937d34495801' -> (Import Result ID: 'ca2d11da4e46931078d622df02855c9d') in 0.016 seconds [static and dynamic dependencies]. Details - ImportResultOutputID=6e5cfc8c185459fa44b212dbac657701 DependenciesID=477704ddfaeff03e5219826f98bc56f3 StaticDependenciesID=143b9d160e8f6e22a5d0d348d414ae5a 
Importing 'GUID: db3a405c5f4a35248ac170bc71d615a2 - Path: Assets/Scenes/Tracks/Fish Hooks Track 1/LightmapFar-1.png' with importer (TextureImporter)
Imported 'GUID: db3a405c5f4a35248ac170bc71d615a2' -> (Import Result ID: '3760f5116430405365b2270494c5121c') in 0.136 seconds [static and dynamic dependencies]. Details - ImportResultOutputID=95b1830c469b9a19c94a495739da2f5c DependenciesID=4737a4821c3ea63ee07bd0ff890a5f31 StaticDependenciesID=50e6dec1c7d5f4efc8e90b8b6a78a9ec 
Importing 'GUID: db1e8fc8f15be484bb9f866640b84c04 - Path: Packages/com.unity.2d.tilemap/Editor/Icons/Tilemap.ShowGrid@2x.png' with importer (TextureImporter)
Imported 'GUID: db1e8fc8f15be484bb9f866640b84c04' -> (Import Result ID: '89b54d96cac32ae2877970b8e7a71d2e') in 0.017 seconds [static and dynamic dependencies]. Details - ImportResultOutputID=d171d3728689c6d7273511fb5510518a DependenciesID=15f0d1f0997ee789cd2cd2a1a322143c StaticDependenciesID=631dca3a9bccad861c2e16f695cc470c 
Importing 'GUID: db6f5e6b6c48ebd418a325c2cab97f15 - Path: Assets/Texture2D/Dirt Road.png' with importer (TextureImporter)
Imported 'GUID: db6f5e6b6c48ebd418a325c2cab97f15' -> (Import Result ID: '3ac8b2708fc29fdb3f42ceb2f820d529') in 0.093 seconds [static and dynamic dependencies]. Details - ImportResultOutputID=77862721cbc9f5b3f5a2f8a04fabfe5f DependenciesID=6e2b2955472f0105d093649fba7708b2 StaticDependenciesID=f650589caf89f2b97316896db3ef0eba 
Importing 'GUID: eb56188e070e442c4b93b8856b5c1ab0 - Path: Packages/com.unity.collab-proxy/Editor/Assets/Images/d_iconprivateoverlay@2x.png' with importer (TextureImporter)
Imported 'GUID: eb56188e070e442c4b93b8856b5c1ab0' -> (Import Result ID: 'aebae4e97a3a9053040988baea7dd0aa') in 0.017 seconds [static and dynamic dependencies]. Details - ImportResultOutputID=ac5bb695f0616555fbfdb1f487fa4a30 DependenciesID=b47cc0ff7f1b029490783a63de39b7bb StaticDependenciesID=ac6a15ba8257ca667eefb245d63fb092 
Importing 'GUID: ebe73ca9363db456bacf42c025bb4847 - Path: Packages/com.unity.2d.sprite/Editor/ObjectMenuCreation/DefaultAssets/Textures/Circle.png' with importer (TextureImporter)
Imported 'GUID: ebe73ca9363db456bacf42c025bb4847' -> (Import Result ID: '3a0f6345cef89bfcc61db1e395315753') in 0.023 seconds [static and dynamic dependencies]. Details - ImportResultOutputID=b5bcad77cbe7452c7bc09cba589db89f DependenciesID=75eaa876a50c59d4736c57243c97579f StaticDependenciesID=33919b9fffbb84e3b3bde199284642ea 
Importing 'GUID: eb29613db2efb4342a6520976fa67430 - Path: Assets/Resources/multilayertextures/kart0paint/kart0_body_detail.png' with importer (TextureImporter)
Imported 'GUID: eb29613db2efb4342a6520976fa67430' -> (Import Result ID: '17d6e672498a518217b01aaaa94629ac') in 0.011 seconds [static and dynamic dependencies]. Details - ImportResultOutputID=6cecb0146c63a0e992d3e4e9633cdcd3 DependenciesID=34f3bad480e299aeb2395a70fc9a38d6 StaticDependenciesID=cbd58708ac28274a7ba296dfeb515563 
Importing 'GUID: eb591dd22aae343468cc4dd017c550d0 - Path: Packages/com.unity.collab-proxy/Editor/Assets/Images/iconcheckedoutlocaloverlay.png' with importer (TextureImporter)
Imported 'GUID: eb591dd22aae343468cc4dd017c550d0' -> (Import Result ID: '9ec8695f317382d572e193f0cc289bc4') in 0.016 seconds [static and dynamic dependencies]. Details - ImportResultOutputID=874bcf17b414c276db13a370055852ce DependenciesID=64ce26fecf23f7944c8aac92811b11fa StaticDependenciesID=bdedee188e9ab88eba0a445f03d2f5b6 
Importing 'GUID: eb0b9238813fef748a3068b6d34453b1 - Path: Assets/Resources/multilayertextures/kart3paint/kart3_untouchable_seat.png' with importer (TextureImporter)
Imported 'GUID: eb0b9238813fef748a3068b6d34453b1' -> (Import Result ID: 'f2b7ac968ee1b13d01809a66b4b1229d') in 0.019 seconds [static and dynamic dependencies]. Details - ImportResultOutputID=637061f39e7ec7c5cb1360a9a35bbc1d DependenciesID=08ad99988eae862dc4b004e120af0800 StaticDependenciesID=a1eee192201d317c5dfaa8b8b4faeffd 
Importing 'GUID: ebabf96d86c61374dbaeb4b12259f8c2 - Path: Assets/Texture2D/Multi-Use Icons SpriteAtlas.png' with importer (TextureImporter)
Imported 'GUID: ebabf96d86c61374dbaeb4b12259f8c2' -> (Import Result ID: 'a723aa33e9a7a290a61a51e7ef3bc01a') in 0.187 seconds [static and dynamic dependencies]. Details - ImportResultOutputID=911b928f1bea101d6eb91555be130484 DependenciesID=eea40701cdea3cebee33145267264059 StaticDependenciesID=d91dbb36460c600c07c3d9cc6c6fbe4b 
Importing 'GUID: eb1c900f0d4a3ee42a9a49630bf88a12 - Path: Packages/com.unity.collab-proxy/Editor/Assets/Images/iconplasticnotifypendingchanges@2x.png' with importer (TextureImporter)
Imported 'GUID: eb1c900f0d4a3ee42a9a49630bf88a12' -> (Import Result ID: 'de2dd340fa6a0453ffef2d72a2a4a1aa') in 0.018 seconds [static and dynamic dependencies]. Details - ImportResultOutputID=1e5e6e3ba77d3685bfde4a297d4ff6b7 DependenciesID=4f03b06094fd3f01472d672fded8b839 StaticDependenciesID=023147ac8e2ae74cb102adf346b92e89 
Importing 'GUID: eb5cefc92e31618429acfaeac725286a - Path: Assets/Texture2D/SoosTexture.png' with importer (TextureImporter)
Imported 'GUID: eb5cefc92e31618429acfaeac725286a' -> (Import Result ID: '070ddf4abcf9539fc55fbbbda53a0a94') in 0.088 seconds [static and dynamic dependencies]. Details - ImportResultOutputID=d06aef4177d8b79fc0c152fa36677d46 DependenciesID=f3a843ac32ec76ee8b00f08e1e96066b StaticDependenciesID=aaf32b3af88e5666b142882ba85eb292 
Importing 'GUID: fb00b59cfb347284ea9f5d1e8dbb6982 - Path: Assets/Texture2D/texture kart milo.png' with importer (TextureImporter)
Imported 'GUID: fb00b59cfb347284ea9f5d1e8dbb6982' -> (Import Result ID: '9b7eb62aa3956820f045e5500b8f42c5') in 0.051 seconds [static and dynamic dependencies]. Details - ImportResultOutputID=822dda712bca8b8e064fb31db1b59e63 DependenciesID=d6c5c24a53a6c636ef08d44015e82715 StaticDependenciesID=1dc664e12a824cf006877f7d484633ba 
Importing 'GUID: fbd4510f665e89f4a91e9c13794f12ec - Path: Assets/Texture2D/Track01_Basketball_hoop.png' with importer (TextureImporter)
Imported 'GUID: fbd4510f665e89f4a91e9c13794f12ec' -> (Import Result ID: '7201a6133c2121490274b1ed0372d6df') in 0.026 seconds [static and dynamic dependencies]. Details - ImportResultOutputID=511d0a71a518821ddacbf56eada6344c DependenciesID=940e8b594b5645898c856fe3bba10361 StaticDependenciesID=f22d347204f1ff4715fd18ab79600505 
Importing 'GUID: fb5730e24283d0c489e5c7d0bee023d9 - Path: Packages/com.unity.ugui/Editor Resources/Textures/SectionHeader_Dark.psd' with importer (TextureImporter)
Imported 'GUID: fb5730e24283d0c489e5c7d0bee023d9' -> (Import Result ID: '8edff619ad6e6dfb728baaba1267f2d9') in 0.020 seconds [static and dynamic dependencies]. Details - ImportResultOutputID=7d80140fe32f48c9d64c6dfee542a2d3 DependenciesID=f902151123c448e7735a3a23d0e1a1f6 StaticDependenciesID=d91bba1cc9a3e068a4d5c859ba023477 
Importing 'GUID: fbcdeb07ee516a64daa01ce462874280 - Path: Packages/com.unity.timeline/Editor/StyleSheets/Images/Icons/d_TrackCurvesButtonEnabled.png' with importer (TextureImporter)
Imported 'GUID: fbcdeb07ee516a64daa01ce462874280' -> (Import Result ID: '448ea4dd928cf941fabfd33fe4945c15') in 0.016 seconds [static and dynamic dependencies]. Details - ImportResultOutputID=2e2e373a745e59646b17b6e38cdeffb1 DependenciesID=da976169054a077b9cc33602f677784d StaticDependenciesID=f4798607429ff2085cfe8bdab342344e 
Importing 'GUID: fbfdd7d489e0bd54f946ebc8e19db8bd - Path: Packages/com.unity.collab-proxy/Editor/Assets/Images/hideversioncontrol@2x.png' with importer (TextureImporter)
Imported 'GUID: fbfdd7d489e0bd54f946ebc8e19db8bd' -> (Import Result ID: '945f9165e9ca229616f49a091287f03a') in 0.017 seconds [static and dynamic dependencies]. Details - ImportResultOutputID=5177014bba5b97516db52a32266e6e8e DependenciesID=8bc30b5702ec77af4e9e035d0d8f7e35 StaticDependenciesID=ec32d5b115232069e96ab21045946a3d 
Importing 'GUID: 0c6a2a64ca9f9c946a7dbbd1674cf5bd - Path: Packages/com.unity.collab-proxy/Editor/Assets/Images/d_iconaddedlocal.png' with importer (TextureImporter)
Imported 'GUID: 0c6a2a64ca9f9c946a7dbbd1674cf5bd' -> (Import Result ID: '1aec32b1026f2849356e4077c46f1c39') in 0.011 seconds [static and dynamic dependencies]. Details - ImportResultOutputID=6d37454e5f8be03099a82a5b8d394f26 DependenciesID=f80ef6b3ae784dfc9ed13eec27e76032 StaticDependenciesID=099615dbb7434224ada02bda70b80f7a 
Importing 'GUID: 0cfa58cc7d40d1d42bf572f7b5c015e0 - Path: Assets/Resources/localized/CrashAndBernsteinLogo_norwegian.png' with importer (TextureImporter)
Imported 'GUID: 0cfa58cc7d40d1d42bf572f7b5c015e0' -> (Import Result ID: 'aad4b629538016ed79332af58874cbf1') in 0.111 seconds [static and dynamic dependencies]. Details - ImportResultOutputID=2e29d1bb041b4553bace5d77351af545 DependenciesID=16919b6c3f2fb39a342242eb2d0b6187 StaticDependenciesID=0718fb7d7ac1162ab6ec608241a2b400 
Importing 'GUID: 1c6165998ce87754589a850c1af7b1cd - Path: Assets/Scenes/Tracks/Kick Butt Track 3/LightmapFar-0.png' with importer (TextureImporter)
Imported 'GUID: 1c6165998ce87754589a850c1af7b1cd' -> (Import Result ID: '8c28839b0ecb4a7b6111d639575ca7b0') in 0.128 seconds [static and dynamic dependencies]. Details - ImportResultOutputID=36901a7e3ab0cf7ce5d0b3f94d0abffd DependenciesID=2d60b3eec0ba9f89a4d3cc688b9fb20f StaticDependenciesID=805ea4ddf6acd95dd7030790a991585e 
Importing 'GUID: 1c32b5a526f4b49448d6fc70dccb0501 - Path: Assets/Texture2D/kick ceiling.png' with importer (TextureImporter)
Imported 'GUID: 1c32b5a526f4b49448d6fc70dccb0501' -> (Import Result ID: '056817857d0dd214af2bfa27e1196c1b') in 0.083 seconds [static and dynamic dependencies]. Details - ImportResultOutputID=b97a10477245d591c6545ba66e83b94b DependenciesID=684505dc9671d2b2df22731ef75e01e0 StaticDependenciesID=333a49e32d9403021ea4e8dbad6fd242 
Importing 'GUID: 1c16a099b53fd4712b2d4cdb8fecd9f8 - Path: Packages/com.unity.collab-proxy/Editor/Assets/Images/ArrowCaretLeft.png' with importer (TextureImporter)
Imported 'GUID: 1c16a099b53fd4712b2d4cdb8fecd9f8' -> (Import Result ID: '8eb49dfa696ef8ff53cabc947f5df6bd') in 0.017 seconds [static and dynamic dependencies]. Details - ImportResultOutputID=a9cc8baaaaa5b72186b63c8e51a2e1a1 DependenciesID=6b25e8d9b4f70714d9de97f4a4e97d11 StaticDependenciesID=96ad3b97241f4bd84e0af78c0f548d3f 
Importing 'GUID: 1c89fbe185cd30b4584ab3d5476807eb - Path: Packages/com.unity.ai.navigation/EditorResources/Overlay/NavigationOverlay On@16.png' with importer (TextureImporter)
Imported 'GUID: 1c89fbe185cd30b4584ab3d5476807eb' -> (Import Result ID: '3eeb36d9dd2345c60f30b928a9064e3d') in 0.015 seconds [static and dynamic dependencies]. Details - ImportResultOutputID=ccde9f46d1430a1a292dd29addaff6a5 DependenciesID=ca5696809ae2dca1e75b4e6fb524bad1 StaticDependenciesID=9e71997606f3687d247f343c256f4b02 
Importing 'GUID: 1cea3c0d30c40344881603d28240cfd3 - Path: Packages/com.unity.2d.tilemap/Editor/Icons/d_Tilemap.BrushSettings.png' with importer (TextureImporter)
Imported 'GUID: 1cea3c0d30c40344881603d28240cfd3' -> (Import Result ID: '7d3f4f32c0a66ab9266641c6afadd4b1') in 0.015 seconds [static and dynamic dependencies]. Details - ImportResultOutputID=fe0c1efbf8c719824b954e38cab26eb1 DependenciesID=10358b91b832fa85f48bdb31e16fdf32 StaticDependenciesID=1be4908240fc129ece7ec5644bab8fbe 
Importing 'GUID: 2c85066ea99cfbe4f90294bf295ce543 - Path: Packages/com.unity.timeline/Editor/StyleSheets/Images/Icons/d_TrackLockButtonEnabled@2x.png' with importer (TextureImporter)
Imported 'GUID: 2c85066ea99cfbe4f90294bf295ce543' -> (Import Result ID: '9aa61a52e1854f40ca7c86371df798d4') in 0.016 seconds [static and dynamic dependencies]. Details - ImportResultOutputID=39ea1a60b74ed4dd940e56f43152ac6e DependenciesID=b6d8a7047347d8fb20f67f99b8ab9b4a StaticDependenciesID=46b153fb995b62c469806751e731aace 
Importing 'GUID: 2cb589d4e01184d928bb698f06e77561 - Path: Packages/com.unity.multiplayer.center/Editor/MultiplayerCenterWindow/UI/Icons/N4E@2x.png' with importer (TextureImporter)
Imported 'GUID: 2cb589d4e01184d928bb698f06e77561' -> (Import Result ID: '8394a590218cb6974eb03abf136eb061') in 0.027 seconds [static and dynamic dependencies]. Details - ImportResultOutputID=96d7542b9a2679d67c842f2e95c858b5 DependenciesID=c7313bd24b9dcd648e72d6f814ff49a1 StaticDependenciesID=ed22dc880a53f348a106df3615d19399 
Importing 'GUID: 2cc8a2b69949c1f4f86ed7e17bb12a9c - Path: Assets/Texture2D/fish hooks track main road.png' with importer (TextureImporter)
Imported 'GUID: 2cc8a2b69949c1f4f86ed7e17bb12a9c' -> (Import Result ID: '37f0b26c2531cec71a387ad9fdea2af5') in 0.056 seconds [static and dynamic dependencies]. Details - ImportResultOutputID=d522335301166cdccf3148be9e7f6c52 DependenciesID=badb4c199ee4ae441f78d2ea0fe8f0b3 StaticDependenciesID=4a5704a3c0b5f335646972c4c04f844b 
Importing 'GUID: 2ca9ac9bb1eba2245ad4749ecdd9828e - Path: Assets/Texture2D/Loading Circle White Alpha.png' with importer (TextureImporter)
Imported 'GUID: 2ca9ac9bb1eba2245ad4749ecdd9828e' -> (Import Result ID: '2446a16b6d2829d5950652fcb2e1df6e') in 0.019 seconds [static and dynamic dependencies]. Details - ImportResultOutputID=513380a729a3207ffe1adefb16e56ffe DependenciesID=2ed6d0499cf23a2819cf86067890b009 StaticDependenciesID=d5006ed794fbc65e06cd76ea6ee97996 
Importing 'GUID: 2cba4ff2af026d845adeb1da8bdf1837 - Path: Assets/Texture2D/Street 1_0.png' with importer (TextureImporter)
Imported 'GUID: 2cba4ff2af026d845adeb1da8bdf1837' -> (Import Result ID: '52dc88292240d4874e653f69579d6b69') in 0.096 seconds [static and dynamic dependencies]. Details - ImportResultOutputID=8321382dcd44d5f0d788045402d5d778 DependenciesID=3db44d9d75d25dc7254d8b4388c9582c StaticDependenciesID=aaecb1fcc0ee73f2557ca401de8dd36e 
Importing 'GUID: 2cfbf6619eb047545a425e8a31732c83 - Path: Packages/com.unity.collab-proxy/Editor/Assets/Images/d_icondeletedremoteoverlay@2x.png' with importer (TextureImporter)
Imported 'GUID: 2cfbf6619eb047545a425e8a31732c83' -> (Import Result ID: 'fd56c8498082d4ebbdad9a24464a8103') in 0.018 seconds [static and dynamic dependencies]. Details - ImportResultOutputID=a9fd74ce4aa55d29cc25343fb837142e DependenciesID=09d4dcf493268d75aaabccd17f00bcb7 StaticDependenciesID=97b0976d2c26f9f1f2d8ad00a76453a9 
Importing 'GUID: 3ce47adb6ebfac24e841fe5ffba56253 - Path: Assets/Texture2D/texture kart gunther.png' with importer (TextureImporter)
Imported 'GUID: 3ce47adb6ebfac24e841fe5ffba56253' -> (Import Result ID: '8d34d5e1df9d08a87d6d69fb921423c9') in 0.051 seconds [static and dynamic dependencies]. Details - ImportResultOutputID=95c396dd5c79e7b2fac8a19faa88eb6d DependenciesID=e0943973f4f94ba9f67adb1cc12cb4b7 StaticDependenciesID=970a2a72fa29f86ec5a23c6702f9e37b 
Importing 'GUID: 3c47b027e353845448cad64ea11ae5a4 - Path: Assets/Texture2D/fish hook cliff face earth.png' with importer (TextureImporter)
Imported 'GUID: 3c47b027e353845448cad64ea11ae5a4' -> (Import Result ID: '60e7f725bcaeebc761936551e9bef2e4') in 0.027 seconds [static and dynamic dependencies]. Details - ImportResultOutputID=ae1433fa00c7f9b812c1905702bb3054 DependenciesID=36323550cc09128f8152441a830d9647 StaticDependenciesID=6393750fe022708bbd9e7a341ec81403 
Importing 'GUID: 3cc703d28c4bff046a659eb43ff83d76 - Path: Assets/Resources/multilayertextures/kart6paint/kart6_wheels_detail.png' with importer (TextureImporter)
Imported 'GUID: 3cc703d28c4bff046a659eb43ff83d76' -> (Import Result ID: '2f7b6b88be5ba08566c92e7863db94b8') in 0.017 seconds [static and dynamic dependencies]. Details - ImportResultOutputID=6b77717047bd89f72e0b5748a86e7225 DependenciesID=c41456d8cfa6384d15ec23322222a633 StaticDependenciesID=27ce506b266c6a476ac06410629f6131 
Importing 'GUID: 3cf8ae89579fd29479f4269d09600e16 - Path: Packages/com.unity.collab-proxy/Editor/Assets/Images/d_iconinfobellnotification@2x.png' with importer (TextureImporter)
Imported 'GUID: 3cf8ae89579fd29479f4269d09600e16' -> (Import Result ID: '65873df65bb1010f40083c8a8c4f90d8') in 0.019 seconds [static and dynamic dependencies]. Details - ImportResultOutputID=75ad6ed71e6e7e2cdfecd918a132b5d5 DependenciesID=72042a0777b2921ee44f9ec442f59945 StaticDependenciesID=6b12c91e0161ed03d9898a3abe19878f 
Importing 'GUID: 3c099c5b565972a46ab2b755db85668d - Path: Assets/Texture2D/Sidewalk Tile.png' with importer (TextureImporter)
Imported 'GUID: 3c099c5b565972a46ab2b755db85668d' -> (Import Result ID: '1d18d9847c39e00ebad0e308b224a28e') in 0.046 seconds [static and dynamic dependencies]. Details - ImportResultOutputID=b7adc07cf4d536bbc3d83df99c07212c DependenciesID=6765237faf6fb3e01b6478adc0fa7c79 StaticDependenciesID=4839c3904fcdfbb49e5d5dafbb6724c4 
Importing 'GUID: 3cad3ed5cdf209c429bc5b63dfc983a2 - Path: Assets/Texture2D/texture kart oscar.png' with importer (TextureImporter)
Imported 'GUID: 3cad3ed5cdf209c429bc5b63dfc983a2' -> (Import Result ID: '3875a79586eb8b5143605d91fa26bc20') in 0.049 seconds [static and dynamic dependencies]. Details - ImportResultOutputID=ec01725824a10b6480bd3ed9d53582be DependenciesID=0992aafd07c94652ee90983bcfd9f5ab StaticDependenciesID=04e75918297b871a836565429c9db3c8 
Importing 'GUID: 3cbf8d5b4d364724baa11fed1344d029 - Path: Packages/com.unity.collab-proxy/Editor/Assets/Images/iconedit.png' with importer (TextureImporter)
Imported 'GUID: 3cbf8d5b4d364724baa11fed1344d029' -> (Import Result ID: '01ef0670c6f386f04add3d871fe2ce93') in 0.017 seconds [static and dynamic dependencies]. Details - ImportResultOutputID=d3afa7a07ab343792f03ae40aaf6189d DependenciesID=bb5293c625b5a61e3a52c81703dbc6ed StaticDependenciesID=02dab4e4c51539f9661cc23a2eca46fb 
Importing 'GUID: 4c635bf514a064e8d9688218d937fe77 - Path: Packages/com.unity.collab-proxy/Editor/Assets/Images/exclusionrule@2x.png' with importer (TextureImporter)
Imported 'GUID: 4c635bf514a064e8d9688218d937fe77' -> (Import Result ID: '7366547dfa53e4b64a93e98accb4c169') in 0.020 seconds [static and dynamic dependencies]. Details - ImportResultOutputID=edd4f7945ec546c207d9528473a33a97 DependenciesID=46c04d33b248738c2e481b9d6dff089e StaticDependenciesID=f34735f328e27e6528e690dfdfb1e628 
Importing 'GUID: 4c930939cd6081e47a00d4c16937e432 - Path: Assets/Texture2D/Street Corner.png' with importer (TextureImporter)
Imported 'GUID: 4c930939cd6081e47a00d4c16937e432' -> (Import Result ID: 'd2463be8a1eee79ed0b1bce8ee9df429') in 0.028 seconds [static and dynamic dependencies]. Details - ImportResultOutputID=2b6dc328632012e998dcf4e224a84b10 DependenciesID=3b820c0274a8ece09706e945a653e3af StaticDependenciesID=1a4750df70d1e05c8b8f3c47bd63dcb7 
Importing 'GUID: 4c93cc4a027f6fb4caf34c323bee3fd2 - Path: Assets/Resources/multilayertextures/kart4paint/kart4_spoiler_main.png' with importer (TextureImporter)
Imported 'GUID: 4c93cc4a027f6fb4caf34c323bee3fd2' -> (Import Result ID: '703a152d70f296d59a10c06e1500460f') in 0.017 seconds [static and dynamic dependencies]. Details - ImportResultOutputID=630544be5d4d161d64a65f022755cbc2 DependenciesID=b99fb54f95f8e6ceb10f3413fdb5199f StaticDependenciesID=1eb3931573ff27c9430648845afab119 
Importing 'GUID: 4cffcba66879d7a4a9da8554709e9825 - Path: Packages/com.unity.collab-proxy/Editor/Assets/Images/iconlockedremoteoverlay.png' with importer (TextureImporter)
Imported 'GUID: 4cffcba66879d7a4a9da8554709e9825' -> (Import Result ID: 'f99ade82696e37e6ab57463a94590bfd') in 0.016 seconds [static and dynamic dependencies]. Details - ImportResultOutputID=079effde1382a036bd6885c20af1bf2d DependenciesID=a9dea62310c0cc7cb5e7230b4121cdd1 StaticDependenciesID=600d480a3916645bbd87a77d383e8ebf 
Importing 'GUID: 5c5ac68c1bc4e104f9e987b9d1da4556 - Path: Packages/com.unity.ai.navigation/EditorResources/Overlay/d_NavigationOverlay On.png' with importer (TextureImporter)
Imported 'GUID: 5c5ac68c1bc4e104f9e987b9d1da4556' -> (Import Result ID: '27e02d9ff4fe8ecf15f03112a2c964df') in 0.010 seconds [static and dynamic dependencies]. Details - ImportResultOutputID=276592e62deff75e4441513f829a1718 DependenciesID=f356523a227b13b0901b0e325f3626a3 StaticDependenciesID=3c3eff883cc8ca4706af6707d72d7314 
Importing 'GUID: 6c05763976bcac64ebefb1f097e6ef84 - Path: Packages/com.unity.2d.tilemap/Editor/Icons/d_Tilemap.FocusGrid@2x.png' with importer (TextureImporter)
Imported 'GUID: 6c05763976bcac64ebefb1f097e6ef84' -> (Import Result ID: '95f29307436eda02010a6f6b01b08363') in 0.018 seconds [static and dynamic dependencies]. Details - ImportResultOutputID=e17bc2f2a4628836a6001976b10cef4d DependenciesID=69cae3432188c874e33ffbf8ee25ceda StaticDependenciesID=2b61580665c9a1dfe6f023520ef0f830 
Importing 'GUID: 6ca5daa3415451940921fa7e2c3db9e8 - Path: Packages/com.unity.timeline/Editor/StyleSheets/Images/Shared/TimelineGroupBackground.png' with importer (TextureImporter)
Imported 'GUID: 6ca5daa3415451940921fa7e2c3db9e8' -> (Import Result ID: 'ce16c3a68aa43758a10aae660d31e82a') in 0.016 seconds [static and dynamic dependencies]. Details - ImportResultOutputID=7c63c42b3eb3dd8cbcf527f31a99cf4a DependenciesID=c8868f395b98923b915e0058f65364d6 StaticDependenciesID=7c0d31e45b4ab88d8d26296015f322be 
Importing 'GUID: 6ccf4234805f2d049a6869c33213ff65 - Path: Packages/com.unity.2d.tilemap/Editor/Icons/Tilemap.DefaultBrush@4x.png' with importer (TextureImporter)
Imported 'GUID: 6ccf4234805f2d049a6869c33213ff65' -> (Import Result ID: '291339ae630890d6f63a5ae903e43ee0') in 0.017 seconds [static and dynamic dependencies]. Details - ImportResultOutputID=24bbb175aafc94147837efe04b42dc7e DependenciesID=8702907513818de689cb520c33ec4432 StaticDependenciesID=4320d074c17d53a36f4a775d0690e301 
Importing 'GUID: 7c05578092876a0458b8b480269aef86 - Path: Packages/com.unity.timeline/Editor/StyleSheets/Images/Icons/TrackAvatarButtonDisabled@2x.png' with importer (TextureImporter)
Imported 'GUID: 7c05578092876a0458b8b480269aef86' -> (Import Result ID: '7eb0f0994aefb2144208df725a142154') in 0.015 seconds [static and dynamic dependencies]. Details - ImportResultOutputID=330c32af84bfab781ea93ac85d9d517a DependenciesID=652d7f953d2478ecaa096ca7d9c203df StaticDependenciesID=8480d2e9ebc8d5b2cdefd52e9ec2a061 
Importing 'GUID: 7c681ffb5a436684fa3e98a9b66775c0 - Path: Packages/com.unity.timeline/Editor/StyleSheets/Images/Icons/d_TimelineEditModeMixON.png' with importer (TextureImporter)
Imported 'GUID: 7c681ffb5a436684fa3e98a9b66775c0' -> (Import Result ID: '45164f03b4c5590d9d3344364d9d3c17') in 0.015 seconds [static and dynamic dependencies]. Details - ImportResultOutputID=f2c3f72dbe8a61dd498c1284699258e0 DependenciesID=c233f6635695d7f38050dd6ef429f857 StaticDependenciesID=16abf44982f0e6c0aa0e37216078c0c6 
Importing 'GUID: 8c26040fd1242304292737d2375c00e0 - Path: Assets/Texture2D/logos SpriteAtlas.png' with importer (TextureImporter)
Imported 'GUID: 8c26040fd1242304292737d2375c00e0' -> (Import Result ID: '72b408133cbd29efd9b9b17d7b97bf42') in 0.067 seconds [static and dynamic dependencies]. Details - ImportResultOutputID=bea07dcfc778e2be1f48e218cc365c03 DependenciesID=67884ea3ce26b05cf5eec2610f0df842 StaticDependenciesID=7935377f76335f87a36b349c0c1a7b91 
Importing 'GUID: 8c099e89869ea1e4eb8e65cb407c2ceb - Path: Assets/Scenes/Tracks/Phineas Track 3/LightmapFar-2.png' with importer (TextureImporter)
Imported 'GUID: 8c099e89869ea1e4eb8e65cb407c2ceb' -> (Import Result ID: '7aa021a9cfeca952d52911228d63ab2b') in 0.127 seconds [static and dynamic dependencies]. Details - ImportResultOutputID=addcace5ce3467d27e5a328320532c56 DependenciesID=13ad7b3b85ce682e15b6e67c4c6084c1 StaticDependenciesID=75949cd8b39e8c0d4a4f7659fab7cdb4 
Importing 'GUID: 8cbab190b527bd44e8bf5afbc79095e8 - Path: Packages/com.unity.2d.tilemap/Editor/Icons/d_Tilemap.EditPalette@2x.png' with importer (TextureImporter)
Imported 'GUID: 8cbab190b527bd44e8bf5afbc79095e8' -> (Import Result ID: 'd46a827e4fd63b3ca9b61cc5c1507c85') in 0.017 seconds [static and dynamic dependencies]. Details - ImportResultOutputID=0016261c40b04ad230da08a61218939c DependenciesID=48b142689b7d727da21cda98c0f6f2a2 StaticDependenciesID=ec70cd14b8ae18fcda3f6f341aeea128 
Importing 'GUID: 9c706019afb28944eb19b500ea0da38c - Path: Packages/com.unity.timeline/Editor/StyleSheets/Images/Icons/d_TrackMuteButtonDisabled@2x.png' with importer (TextureImporter)
Imported 'GUID: 9c706019afb28944eb19b500ea0da38c' -> (Import Result ID: '0b41bef829efed50a3eaa95736a942c1') in 0.016 seconds [static and dynamic dependencies]. Details - ImportResultOutputID=b461ae4a092df3f3e5425369f2f4e8e4 DependenciesID=287dcc457e70f162913148c4eaf3aa8c StaticDependenciesID=7c22f42e536c3abc031769ba39f3675c 
Importing 'GUID: 9c327299363df5a489b2754018fc3d93 - Path: Assets/Texture2D/fish hooks casltel.png' with importer (TextureImporter)
Imported 'GUID: 9c327299363df5a489b2754018fc3d93' -> (Import Result ID: 'fab22bcc9a305e6488c93c0ff7e1e3f9') in 0.024 seconds [static and dynamic dependencies]. Details - ImportResultOutputID=e17bcee41b99679201f92ae4aae0a3bb DependenciesID=2e1007fc7a15020d6fd46dbd08eb2df5 StaticDependenciesID=e79ceb14c3670cf53ac8461a9dd2feff 
Importing 'GUID: 9ce84ff0fdeb13d4a83f077d075dd9a5 - Path: Packages/com.unity.collab-proxy/Editor/Assets/Images/step1.png' with importer (TextureImporter)
Imported 'GUID: 9ce84ff0fdeb13d4a83f077d075dd9a5' -> (Import Result ID: '575cdcebac8d70e780260d64ddba244b') in 0.015 seconds [static and dynamic dependencies]. Details - ImportResultOutputID=595627af208905a16844d2b7763e9219 DependenciesID=21a1519d070c95699260ffce9b6bbc35 StaticDependenciesID=c607b22ad8b34b3de695237943d7d1e7 
Importing 'GUID: 9c4b584fdcc16e84391e2a1f5235a9d3 - Path: Packages/com.unity.2d.tilemap/Editor/Icons/d_Tilemap.EditPalette@4x.png' with importer (TextureImporter)
Imported 'GUID: 9c4b584fdcc16e84391e2a1f5235a9d3' -> (Import Result ID: '4b27587fcb97d53a037510253e96e367') in 0.019 seconds [static and dynamic dependencies]. Details - ImportResultOutputID=84a701697558231cb31bbc3d9d85afa0 DependenciesID=93fc3f435caaea5f0963bbe46917680a StaticDependenciesID=b6e08c51e35db0b8b17c349538f85c94 
Importing 'GUID: 9c6b0f6ff1501ab4d928d30d6d3faf18 - Path: Assets/Texture2D/MikeTexture.png' with importer (TextureImporter)
Imported 'GUID: 9c6b0f6ff1501ab4d928d30d6d3faf18' -> (Import Result ID: '28dbc5847b20c52397a7bf48fa2589eb') in 0.028 seconds [static and dynamic dependencies]. Details - ImportResultOutputID=cb88ec318d646289f881f71d57292c6c DependenciesID=da3b64c59a953b514bcaa8bf0a0e4a74 StaticDependenciesID=d2c14d445e637720db0b078c8f37fcd6 
Importing 'GUID: 9cdb1d83bdac1554287041973d268c1d - Path: Packages/com.unity.2d.tilemap/Editor/Icons/EditorUI.TargetHover@4x.png' with importer (TextureImporter)
Imported 'GUID: 9cdb1d83bdac1554287041973d268c1d' -> (Import Result ID: 'fe862cc3028b586adecde52bb694dafb') in 0.017 seconds [static and dynamic dependencies]. Details - ImportResultOutputID=acfab9d07c6449b9d9b1327bcc1c3644 DependenciesID=add468376c28a264ec899a8927431f17 StaticDependenciesID=621b91ab64e360dab4dffa817bb9eefb 
Importing 'GUID: 9c6daec86666cbb4b9e558b839a103db - Path: Packages/com.unity.timeline/Editor/StyleSheets/Images/Icons/d_TrackRecordButtonDisabled.png' with importer (TextureImporter)
Imported 'GUID: 9c6daec86666cbb4b9e558b839a103db' -> (Import Result ID: '210e9d6e493b4dc46e90494ce3d7d580') in 0.011 seconds [static and dynamic dependencies]. Details - ImportResultOutputID=e22a0c1d9296dd88bf802d52736759db DependenciesID=2a228a559e1cffcd343692bb5e6d4da9 StaticDependenciesID=615efac8da470ae1a50b23684364a355 
Importing 'GUID: 9cadde7a0d5f9024ab3f2cd5f6a740d6 - Path: Packages/com.unity.collab-proxy/Editor/Assets/Images/d_iconclosebutton.png' with importer (TextureImporter)
Imported 'GUID: 9cadde7a0d5f9024ab3f2cd5f6a740d6' -> (Import Result ID: '250a088ea9ea6c09ae5f10b735e51494') in 0.020 seconds [static and dynamic dependencies]. Details - ImportResultOutputID=9a874dc7ca4c41e3a996d3caeb8a40cf DependenciesID=da45783d183594c81323d9856765bc2d StaticDependenciesID=5814f5d9ac023f252bd17e9dcc55e0c3 
Importing 'GUID: ac5017dfbeee42347b3b45ecc572674e - Path: Packages/com.unity.timeline/Editor/StyleSheets/Images/Icons/d_TrackMuteButtonEnabled.png' with importer (TextureImporter)
Imported 'GUID: ac5017dfbeee42347b3b45ecc572674e' -> (Import Result ID: '7c2cd977d924ab765d147c1c0d2d6d5f') in 0.017 seconds [static and dynamic dependencies]. Details - ImportResultOutputID=99e1f5cbcc1b7719e0e21e5beb57b08f DependenciesID=cc2d6dc7b850fabbc9ad2ce7739115cd StaticDependenciesID=3a6e97280bac7adfb0d445962699d65f 
Importing 'GUID: ac3d12764f665ef43a01d6be733dee51 - Path: Assets/Scenes/Tracks/Phineas Track 3/LightmapFar-6.png' with importer (TextureImporter)
Imported 'GUID: ac3d12764f665ef43a01d6be733dee51' -> (Import Result ID: '78d702d215309643d2e3d9106f5af68e') in 0.147 seconds [static and dynamic dependencies]. Details - ImportResultOutputID=2dab7e068a4d1b99377658e844873d9a DependenciesID=ae8543e993b9b13cf5a42c5016fbaac5 StaticDependenciesID=82f290089b47b8a0a572dbcf1ea36193 
Importing 'GUID: bcc1ec3ffeb1c46f7abd19daa3e05f49 - Path: Packages/com.unity.collab-proxy/Editor/Assets/Images/d_inclusionrule@2x.png' with importer (TextureImporter)
Imported 'GUID: bcc1ec3ffeb1c46f7abd19daa3e05f49' -> (Import Result ID: '545019e409528d7e3a327486ff3bad22') in 0.022 seconds [static and dynamic dependencies]. Details - ImportResultOutputID=8e8c603bd7901342871bbcffd0533354 DependenciesID=a24e78657fbe753734c9ba4181fc2bb8 StaticDependenciesID=9c5867f5e204c60eba29a98b2d4ada88 
Importing 'GUID: bc9be9d5af1af4442a256635009c31d2 - Path: Assets/Resources/multilayertextures/kart4paint/kart4_Brad_body_decal.png' with importer (TextureImporter)
Imported 'GUID: bc9be9d5af1af4442a256635009c31d2' -> (Import Result ID: 'cd9fef096a909e5369d26eaaf8db6e9f') in 0.019 seconds [static and dynamic dependencies]. Details - ImportResultOutputID=a9fc13e636153fa505ac129abf0cfcb4 DependenciesID=678d402cf5e1866a2829a738a8986bc0 StaticDependenciesID=3b1ca71e0fe5cc61aa905fce7fb5eca5 
Importing 'GUID: bc2dc3c572809a64f89805508d74b9b1 - Path: Assets/Texture2D/Castle.png' with importer (TextureImporter)
Imported 'GUID: bc2dc3c572809a64f89805508d74b9b1' -> (Import Result ID: '678b28f282cdb217c15b1816afe4d994') in 0.154 seconds [static and dynamic dependencies]. Details - ImportResultOutputID=a41736e2f1a5596156f65f8bb06d1966 DependenciesID=74ed6ecf211c306f57b3d53cae75dba1 StaticDependenciesID=724f7317381f5cf17f7838f080d0e467 
Importing 'GUID: cce2f038fc0492645b9c77489287d60d - Path: Assets/Texture2D/Swatch Pink.png' with importer (TextureImporter)
Imported 'GUID: cce2f038fc0492645b9c77489287d60d' -> (Import Result ID: 'a10433251a555e63a4ec58198605ba45') in 0.016 seconds [static and dynamic dependencies]. Details - ImportResultOutputID=2bd3c16becd6455a68f6ffde2c073355 DependenciesID=164fbf8c04ab0fb9d6b7b050b6e3a910 StaticDependenciesID=4a577269d70b4dcd2702ffce78c6ea51 
Importing 'GUID: cc35afd292fc349128b36a291fb3a165 - Path: Packages/com.unity.2d.sprite/Editor/ObjectMenuCreation/DefaultAssets/Textures/9-SlicedWithBorder.png' with importer (TextureImporter)
Imported 'GUID: cc35afd292fc349128b36a291fb3a165' -> (Import Result ID: 'b8f9adb175633c135be24a684ff167e3') in 0.032 seconds [static and dynamic dependencies]. Details - ImportResultOutputID=2ee9ba621200d25022665e02cd2cf3b9 DependenciesID=90f4ff7344eae195fa97acb3fdce1568 StaticDependenciesID=31f700869b91802c8d9dc64406a47233 
Importing 'GUID: cc7b9475dbddf4f9088d327d6e10ab77 - Path: Packages/com.unity.ai.navigation/Gizmos/NavMeshModifierVolume Icon.png' with importer (TextureImporter)
Imported 'GUID: cc7b9475dbddf4f9088d327d6e10ab77' -> (Import Result ID: '21ba6d8cdf4aae93be82966f566baced') in 0.017 seconds [static and dynamic dependencies]. Details - ImportResultOutputID=f4eb51d0ba46f9c75f77accf5001defa DependenciesID=6163663f913f1b59b80bbceb8b112941 StaticDependenciesID=29fca8e71919624504189e91d3f17f1c 
Importing 'GUID: dce12af736e0a4a1ba35d6424f897dc9 - Path: Packages/com.unity.multiplayer.center/Editor/MultiplayerCenterWindow/UI/Icons/CustomNetcode.png' with importer (TextureImporter)
Imported 'GUID: dce12af736e0a4a1ba35d6424f897dc9' -> (Import Result ID: '01d9c73c01872d9f6ae284f0e8803f9f') in 0.020 seconds [static and dynamic dependencies]. Details - ImportResultOutputID=b8c4a5cf93bec564943bfcccdb66cdba DependenciesID=1392b9097a90477bc2b41c0ee3b70bc8 StaticDependenciesID=4c00ee2ffc310b925f0aae58cbc6e647 
Importing 'GUID: dcb2ee37925b97e438ae244996d81a55 - Path: Packages/com.unity.collab-proxy/Editor/Assets/Images/iconplasticview.png' with importer (TextureImporter)
Imported 'GUID: dcb2ee37925b97e438ae244996d81a55' -> (Import Result ID: 'decc545bcd7581803b9a7b5522fdb364') in 0.017 seconds [static and dynamic dependencies]. Details - ImportResultOutputID=430f6769706dbb8008409896dc1c8960 DependenciesID=fd7fdd1129ec459735849c66a2d3f01f StaticDependenciesID=1796757b613bc20b000372989c7bb367 
Importing 'GUID: dc633de6e6e7415448c7568418239a9d - Path: Packages/com.unity.collab-proxy/Editor/Assets/Images/d_iconoutofsyncoverlay.png' with importer (TextureImporter)
Imported 'GUID: dc633de6e6e7415448c7568418239a9d' -> (Import Result ID: 'c751af3a31ddc9c7d39454c25cf2fff3') in 0.017 seconds [static and dynamic dependencies]. Details - ImportResultOutputID=72fbefcf8715261b07cefee9f3b58cec DependenciesID=28ffbb43bbd077e7be392b92783fd1dc StaticDependenciesID=7034a1b22eaa908aaacce5182c81bf8b 
Importing 'GUID: dc65ab290e467e6439baeead95ad31e8 - Path: Assets/Texture2D/fish hooks football field.png' with importer (TextureImporter)
Imported 'GUID: dc65ab290e467e6439baeead95ad31e8' -> (Import Result ID: 'f82afc6c2b699e3f9f3ca696bb977a4e') in 0.029 seconds [static and dynamic dependencies]. Details - ImportResultOutputID=8f62c262d63f30a03c0c4577209ec505 DependenciesID=7e8c8a1779f4d7323bf31ae7b5fb835f StaticDependenciesID=03ae4db63a9b089bfab0e3cc6f685539 
Importing 'GUID: dcfa8e537229b4e8db4c6bc39a906c89 - Path: Packages/com.unity.services.core/Editor/Core/UiHelpers/Images/ExternalLinkIcon.png' with importer (TextureImporter)
Imported 'GUID: dcfa8e537229b4e8db4c6bc39a906c89' -> (Import Result ID: '0b4807e862e1f47285cfc8252155a771') in 0.020 seconds [static and dynamic dependencies]. Details - ImportResultOutputID=c67638c030b0205db7904fa8fcf7695f DependenciesID=5c09fff3ad754b50c48879991d41ce24 StaticDependenciesID=a7f46e0134cbe6ee731bada303bfb0d4 
Importing 'GUID: ec762e1426196f941ba3ba9d740a735f - Path: Assets/Texture2D/House 4 Color 1.png' with importer (TextureImporter)
Imported 'GUID: ec762e1426196f941ba3ba9d740a735f' -> (Import Result ID: '7be2ece8dbb1066ad6c4e7253178f152') in 0.057 seconds [static and dynamic dependencies]. Details - ImportResultOutputID=e60da99c9acd7e3dba3623642c519df3 DependenciesID=d2b0d58b8cb7c26a86b21234792f3c38 StaticDependenciesID=53091d58ca0c7aec26fa3a7db6674d82 
Importing 'GUID: ecc6554121c891c4c816682316eb6d77 - Path: Assets/Scenes/Tracks/Phineas Track 3/LightmapFar-9.png' with importer (TextureImporter)
Imported 'GUID: ecc6554121c891c4c816682316eb6d77' -> (Import Result ID: 'ed6479dd0dae73ea34561f81ac2568d6') in 0.129 seconds [static and dynamic dependencies]. Details - ImportResultOutputID=e9d8dd24d572e27ad7c45d4fd0d4d4db DependenciesID=3d5d1d9f5bdd203c68705051f0896954 StaticDependenciesID=229b28d2d67a089d96df65c04989b800 
Importing 'GUID: ec278d9c4b0a62146a2b86d65b628f2a - Path: Assets/Texture2D/Swatch Mike.png' with importer (TextureImporter)
Imported 'GUID: ec278d9c4b0a62146a2b86d65b628f2a' -> (Import Result ID: '2c3e56ba8a53b9216f20d380688e5134') in 0.017 seconds [static and dynamic dependencies]. Details - ImportResultOutputID=97819267a4b0fdc496b41601621aa77f DependenciesID=6f0d90f62c3f117a15ea24ff8e7007da StaticDependenciesID=559bfea7bca999e46a415ba70596f4ba 
Importing 'GUID: eca798b7428fed847842212e7f25e8cb - Path: Assets/Texture2D/texture kart01.png' with importer (TextureImporter)
Imported 'GUID: eca798b7428fed847842212e7f25e8cb' -> (Import Result ID: 'c3410dfb6df50648ed66b9ede019d6d8') in 0.042 seconds [static and dynamic dependencies]. Details - ImportResultOutputID=cabe400f4e9050200878815f5400b211 DependenciesID=524e18fad883a32e10d2b32a96f60e90 StaticDependenciesID=ef2e5d1a0490f06f4788df70dca00bf0 
Importing 'GUID: ec597fbbebec64e4f8725c31ce52fdb7 - Path: Packages/com.unity.collab-proxy/Editor/Assets/Images/d_hideversioncontrol.png' with importer (TextureImporter)
Imported 'GUID: ec597fbbebec64e4f8725c31ce52fdb7' -> (Import Result ID: 'e58b9c8628847bd9869b1c80e8d6d18c') in 0.016 seconds [static and dynamic dependencies]. Details - ImportResultOutputID=78f6f05e549361d91ed0a2812f3608dd DependenciesID=8d12a847b32c302c86c06747a6bf7207 StaticDependenciesID=b9904de496e2678d39639f41e077d9d0 
Importing 'GUID: ec2a9ca3b2d31f84e97377f51a787ee9 - Path: Assets/Resources/multilayertextures/kart5paint/kart5_wheels_detail.png' with importer (TextureImporter)
Imported 'GUID: ec2a9ca3b2d31f84e97377f51a787ee9' -> (Import Result ID: 'b1a91d9bd90b3419b2f4b334efab6f48') in 0.016 seconds [static and dynamic dependencies]. Details - ImportResultOutputID=1011ab2ae5ec64ed861972ea68678eca DependenciesID=9548bb34f91144c81984a8c7b07d607a StaticDependenciesID=2188fb806ed1588bd2f8cc2634f81b2c 
Importing 'GUID: ec6caa6eba2381d499b7386922c507ac - Path: Assets/Texture2D/PieSplat.png' with importer (TextureImporter)
Imported 'GUID: ec6caa6eba2381d499b7386922c507ac' -> (Import Result ID: 'df6aafdb9f4432a148b96ddd29ca33f7') in 0.063 seconds [static and dynamic dependencies]. Details - ImportResultOutputID=557a05499b163297eb13cd2d0101150a DependenciesID=aeb38db447e1e75aebc57a58a69225b6 StaticDependenciesID=12468c7dccf96dcba2736bcf808b4a81 
Importing 'GUID: ec7c645d93308c04d8840982af12101e - Path: Packages/com.unity.ugui/Editor Resources/Gizmos/TMP - Sprite Asset Icon.psd' with importer (TextureImporter)
Imported 'GUID: ec7c645d93308c04d8840982af12101e' -> (Import Result ID: '386f7b6cb3fa93a16ad372de52c4079a') in 0.020 seconds [static and dynamic dependencies]. Details - ImportResultOutputID=4aed28326816b9474b868fbda699c8f1 DependenciesID=85d427fd255ee43e5b901dd69e3b4014 StaticDependenciesID=8abb3b76b9e07a04f5da31bcbae33264 
Importing 'GUID: fc46fceb4d1516544b7f503337211f65 - Path: Packages/com.unity.ai.navigation/EditorResources/Overlay/NavigationOverlay@64.png' with importer (TextureImporter)
Imported 'GUID: fc46fceb4d1516544b7f503337211f65' -> (Import Result ID: 'e8f9ce5010308c61a58e03f138bf126b') in 0.021 seconds [static and dynamic dependencies]. Details - ImportResultOutputID=7218eb4b3cc197fef19e75848daa5eb9 DependenciesID=b4dc6ae5cf813635ea2c1fe0d7c8bd3a StaticDependenciesID=af4e45234f9eb28414dcbb47a890733c 
Importing 'GUID: fce88850a39631d46ae4cfd471887747 - Path: Assets/Resources/multilayertextures/kart0nopaint/kart0NO_wheels_main.png' with importer (TextureImporter)
Imported 'GUID: fce88850a39631d46ae4cfd471887747' -> (Import Result ID: 'a176966d51b8b94d174cbf86a5fdaefc') in 0.012 seconds [static and dynamic dependencies]. Details - ImportResultOutputID=d3911c38c26ee14c4d657fbd2f450e5c DependenciesID=fd62cfe2f83bd38d123be4a7307c8b68 StaticDependenciesID=6b5ca0d2777449a37a5a82527fc44ca0 
Importing 'GUID: fc590f71d671b7e43946fd800eccb924 - Path: Assets/Texture2D/fancy building B uvs.png' with importer (TextureImporter)
Imported 'GUID: fc590f71d671b7e43946fd800eccb924' -> (Import Result ID: '528ab53e6e8e22d7756db6df9c37cb46') in 0.054 seconds [static and dynamic dependencies]. Details - ImportResultOutputID=348b676ec84272826d93cbab9b03428c DependenciesID=e8dd506850447474691ae280f8c7194c StaticDependenciesID=3ac8e747538e0604a08262285e3a6ab0 
Importing 'GUID: fcf9377c5b69e154bbf540384bb1ad6b - Path: Assets/Texture2D/lightning.png' with importer (TextureImporter)
Imported 'GUID: fcf9377c5b69e154bbf540384bb1ad6b' -> (Import Result ID: '2d74866d3f9da14d03966142dfa7999d') in 0.055 seconds [static and dynamic dependencies]. Details - ImportResultOutputID=9b106d535d8c83ad94a69c72cf32f343 DependenciesID=6d16a81046d9f9022c4b3dfe7d052437 StaticDependenciesID=ad337a5b22cc028f494f72570dc01eca 
Importing 'GUID: fcbeb36f6ab89fb498ccbbc3bc2ef51c - Path: Packages/com.unity.collab-proxy/Editor/Assets/Images/iconignoredoverlay@2x.png' with importer (TextureImporter)
Imported 'GUID: fcbeb36f6ab89fb498ccbbc3bc2ef51c' -> (Import Result ID: '044c871b82342d4bc17afbf3e3fdb408') in 0.020 seconds [static and dynamic dependencies]. Details - ImportResultOutputID=2fbb48e4d7e4b3176b5b659bb5fc7d26 DependenciesID=5808c155b2cabb8abea9c5e5fb80cda8 StaticDependenciesID=7eac55d536ac5514850ba3c8d9777a58 
Importing 'GUID: 0de1a9bfe240df24eb670b89e8e9b809 - Path: Assets/Texture2D/speed strip.png' with importer (TextureImporter)
Imported 'GUID: 0de1a9bfe240df24eb670b89e8e9b809' -> (Import Result ID: '8772f08ce4710cb3ee8ff75ec1a54d85') in 0.029 seconds [static and dynamic dependencies]. Details - ImportResultOutputID=f73aea0c935a64fc0c79a49fee562fc1 DependenciesID=bc29e59e0e43667cfdd5348406e6ec9b StaticDependenciesID=f7447f555a52f420deec53c39c95af97 
Importing 'GUID: 0d267bc78a0864eb48358689b29ed20a - Path: Packages/com.unity.2d.sprite/Editor/ObjectMenuCreation/DefaultAssets/Textures/IsometricDiamondWithBorder.png' with importer (TextureImporter)
Imported 'GUID: 0d267bc78a0864eb48358689b29ed20a' -> (Import Result ID: '49ef6f20c1ee1e8f0472454909e33cd9') in 0.026 seconds [static and dynamic dependencies]. Details - ImportResultOutputID=4d9ca907be50924ecb2f7056122a7437 DependenciesID=5ecee29775c541047352360cada6071e StaticDependenciesID=3a5eff42e22b8f28c38ae4600a422a80 
Importing 'GUID: 0d99fd56c8a96ad4fa98e90969a284cc - Path: Assets/Scenes/Tracks/Fish Hooks Track 3/LightmapFar-2.png' with importer (TextureImporter)
Imported 'GUID: 0d99fd56c8a96ad4fa98e90969a284cc' -> (Import Result ID: '78e92bf214b7dfa9da9b599c0a4d95b3') in 0.132 seconds [static and dynamic dependencies]. Details - ImportResultOutputID=68983acb570be153b28eac32d8f6c7ff DependenciesID=728401f7238a1637daba89fc66b21d45 StaticDependenciesID=0b3ef52793c70db3b9eb90c31946218e 
Importing 'GUID: 0d9a36012a224080966c7b55896aa0f9 - Path: Packages/com.unity.ugui/Editor Resources/Textures/btn_AlignCapLine.psd' with importer (TextureImporter)
Imported 'GUID: 0d9a36012a224080966c7b55896aa0f9' -> (Import Result ID: 'c125d7af2feaa845c8eb7fe662af393e') in 0.024 seconds [static and dynamic dependencies]. Details - ImportResultOutputID=d5fa6b0b714e1989f78158b1dfaec90e DependenciesID=2dd5c46d5fb5823fa187fe80152a26a9 StaticDependenciesID=1b7b108b58171f850434c765f1841c58 
Importing 'GUID: 0dfbb2b6ddcdd254da80e3418498b3a6 - Path: Packages/com.unity.collab-proxy/Editor/Assets/Images/iconundo@2x.png' with importer (TextureImporter)
Imported 'GUID: 0dfbb2b6ddcdd254da80e3418498b3a6' -> (Import Result ID: '7ff57921fb2039019d16945f25d97dd7') in 0.017 seconds [static and dynamic dependencies]. Details - ImportResultOutputID=e74e2d7da1fa59d7c307b6ebf46ce12a DependenciesID=f26a452046345d2e778818bebdc2a0a1 StaticDependenciesID=d10de37ee50cadb0160ee7b9d2404b3f 
Importing 'GUID: 1dc16508006061742a802767b556accc - Path: Packages/com.unity.collab-proxy/Editor/Assets/Images/d_iconpackageupdateavailable.png' with importer (TextureImporter)
Imported 'GUID: 1dc16508006061742a802767b556accc' -> (Import Result ID: '1e8bd54a8bff6b5c2820d38045ec90ee') in 0.017 seconds [static and dynamic dependencies]. Details - ImportResultOutputID=12395bde8a5407300f3125ec96fbaa1a DependenciesID=1eece0e52f93d944fc5483b92bf902fb StaticDependenciesID=e47010fbc538cc815dc9d315b06dd4e9 
Importing 'GUID: 1d42fbf470c730d4d8e37bb25384865d - Path: Assets/Texture2D/BEAmap.png' with importer (TextureImporter)
Imported 'GUID: 1d42fbf470c730d4d8e37bb25384865d' -> (Import Result ID: 'ae6076973580e12d4e8f4b894d05ed62') in 0.026 seconds [static and dynamic dependencies]. Details - ImportResultOutputID=0689e75ed6a4530886473b6f23b7d046 DependenciesID=e504759c6615bdf991b3f392320c839c StaticDependenciesID=7caa37c3b88a91de6851e1941e92fee6 
Importing 'GUID: 1d571ed20b7c02c4ea4a42a3341762f7 - Path: Assets/Texture2D/Shadow Blob.png' with importer (TextureImporter)
Imported 'GUID: 1d571ed20b7c02c4ea4a42a3341762f7' -> (Import Result ID: 'be5de52df19ff85c1e165280b4da2a8a') in 0.077 seconds [static and dynamic dependencies]. Details - ImportResultOutputID=657bce65bb6508050df653ad79b19d8a DependenciesID=c16db38b0b5677d2f4278af18a4c98be StaticDependenciesID=edf0e89e0cb4d8d7cc275bf6d408edb2 
Importing 'GUID: 1dacc9e843ef1444fad71e40913ef05c - Path: Packages/com.unity.ai.navigation/EditorResources/Overlay/d_NavigationOverlay@64.png' with importer (TextureImporter)
Imported 'GUID: 1dacc9e843ef1444fad71e40913ef05c' -> (Import Result ID: '9a53b54c7cdb3bf6890590ec68b3c3a5') in 0.022 seconds [static and dynamic dependencies]. Details - ImportResultOutputID=001f75dbce2ee249a1ee9f27f3617ece DependenciesID=1cadbf4560119549d711ea229b309f87 StaticDependenciesID=bfd749d55352a59170d07557e025e9d3 
Importing 'GUID: 1d8efe8a75b351d4d9aa8b28ddf93196 - Path: Packages/com.unity.2d.tilemap/Editor/Icons/d_Tilemap.FocusTilemap@2x.png' with importer (TextureImporter)
Imported 'GUID: 1d8efe8a75b351d4d9aa8b28ddf93196' -> (Import Result ID: 'f57e05e8c18bd5f1ce5b3de049f17d89') in 0.017 seconds [static and dynamic dependencies]. Details - ImportResultOutputID=16620d02ff56f92c07533802a7cbb87d DependenciesID=0941ad22a778e18bc2374a0323a73d5c StaticDependenciesID=c1776790dc48fb6bd80817caa770d82c 
Importing 'GUID: 1daed49eec0f94f7ebb36dfef6159884 - Path: Packages/com.unity.multiplayer.center/Editor/MultiplayerCenterWindow/UI/Icons/NoNetcode.png' with importer (TextureImporter)
Imported 'GUID: 1daed49eec0f94f7ebb36dfef6159884' -> (Import Result ID: '59394c8758dea6415f32f2450147039c') in 0.019 seconds [static and dynamic dependencies]. Details - ImportResultOutputID=c7674fa9dde8aa2016639e31097c58b4 DependenciesID=e663811d8fb339b37c079b1b3eb94abe StaticDependenciesID=61c10e7c30e6be8c2797f93c5583c51a 
Importing 'GUID: 1dff83dacbc97b044b358ff94cc5b0a6 - Path: Assets/Texture2D/texture water.png' with importer (TextureImporter)
Imported 'GUID: 1dff83dacbc97b044b358ff94cc5b0a6' -> (Import Result ID: '2964e4a0b4f05a01f3b19bcb7fd85051') in 0.019 seconds [static and dynamic dependencies]. Details - ImportResultOutputID=f3b2aaecffd567c2253dec0408464725 DependenciesID=6bb9d38aa97d04da1795b0b2c8183653 StaticDependenciesID=2dc4416519dfdc165b1b868d83a98fc2 
Importing 'GUID: 2d513b2071ac03f4980c3566e22da3af - Path: Assets/Texture2D/Swatch Oscar.png' with importer (TextureImporter)
Imported 'GUID: 2d513b2071ac03f4980c3566e22da3af' -> (Import Result ID: 'ae5b3b74384b3f5f91565f1c1eb32bf0') in 0.016 seconds [static and dynamic dependencies]. Details - ImportResultOutputID=77fdbd4fa247f360ba48b7470453eb87 DependenciesID=3d42962d87fa7d6eb7687825c6c43a0a StaticDependenciesID=08ed4182e0a6ed9174b25bbd764ed326 
Importing 'GUID: 2d35623559ffd044682af7e09affdcc8 - Path: Packages/com.unity.2d.tilemap/Editor/Icons/d_Tilemap.ShowGrid@4x.png' with importer (TextureImporter)
Imported 'GUID: 2d35623559ffd044682af7e09affdcc8' -> (Import Result ID: 'fe5739d6ad937b6affd0f6c48615b755') in 0.017 seconds [static and dynamic dependencies]. Details - ImportResultOutputID=fb9c90d81499c66fba035ba83a658cb3 DependenciesID=d92ece1af3b35cade4e556c027ff408e StaticDependenciesID=5031142093f460e4720eaf1e31168d23 
Importing 'GUID: 2d7649356b868814ba1aad4129e6f5d3 - Path: Assets/Resources/localized/KickBillboardAd_norwegian.png' with importer (TextureImporter)
Imported 'GUID: 2d7649356b868814ba1aad4129e6f5d3' -> (Import Result ID: '16a8cd21ecae6c04da3e29848d862f1c') in 0.135 seconds [static and dynamic dependencies]. Details - ImportResultOutputID=8eef61315ac9b743d4b6b02315abc3cb DependenciesID=8e474fecdd72a12dc9ad7bf8ce69cf2d StaticDependenciesID=ab7201ff5c8b4e0f7f5099d384f223ef 
Importing 'GUID: 2d8829bed74ac1940856f77a49d02bfb - Path: Packages/com.unity.2d.tilemap/Editor/Icons/d_Tilemap.ShowTilePalette@4x.png' with importer (TextureImporter)
Imported 'GUID: 2d8829bed74ac1940856f77a49d02bfb' -> (Import Result ID: 'b570923707fede49cd3242d41a011e80') in 0.018 seconds [static and dynamic dependencies]. Details - ImportResultOutputID=40ee5cca97ca7ad45f6360fa2dae2824 DependenciesID=e2cd7342f0afe3f50c532c2b958f010a StaticDependenciesID=63ff280e4230e065ce42f75b304c4d8a 
Importing 'GUID: 2d5c81d66543bea42892281a62a52b58 - Path: Assets/Texture2D/Checkerground.png' with importer (TextureImporter)
Imported 'GUID: 2d5c81d66543bea42892281a62a52b58' -> (Import Result ID: '7a4b67a996e20e09433287a4dad3404f') in 0.036 seconds [static and dynamic dependencies]. Details - ImportResultOutputID=9d36dfd17fddc652764cc897bb97d178 DependenciesID=b1448856c50bf01971e320b532cff3c8 StaticDependenciesID=a3e3aa38baeb6de0c4b8b27385062561 
Importing 'GUID: 3d030a6ae539dc14488d0724ff8cc3e9 - Path: Assets/Texture2D/Swatch Custom Alpha.png' with importer (TextureImporter)
Imported 'GUID: 3d030a6ae539dc14488d0724ff8cc3e9' -> (Import Result ID: '78dda87bc1af7aeb8dc3385dd809ddee') in 0.017 seconds [static and dynamic dependencies]. Details - ImportResultOutputID=cbeff2c89a0e98e4f9984bc99ac1c9f1 DependenciesID=4d760505b82e334acb1b2b76a091def9 StaticDependenciesID=d949f4d0dd794a2ec5c0b6104f1a8b6f 
Importing 'GUID: 3dd65256ca8837544b3e738c0d3ee0e2 - Path: Packages/com.unity.timeline/Editor/StyleSheets/Images/DarkSkin/TimelineMarkerItemSelected.png' with importer (TextureImporter)
Imported 'GUID: 3dd65256ca8837544b3e738c0d3ee0e2' -> (Import Result ID: 'cf7b632c8f2ab13220e5ed7497b833a9') in 0.016 seconds [static and dynamic dependencies]. Details - ImportResultOutputID=c069dec24eabd7adb497ea1d18b79512 DependenciesID=b4ad30d7252daa9092169f0539bbf522 StaticDependenciesID=70289909fda0d86a55254cf1b9108e56 
Importing 'GUID: 3de8a0634e55df8499c88204001cb0dd - Path: Packages/com.unity.collab-proxy/Editor/Assets/Images/d_icondeletedremoteoverlay.png' with importer (TextureImporter)
Imported 'GUID: 3de8a0634e55df8499c88204001cb0dd' -> (Import Result ID: '95fc7d77ce5f39b329580a275d753625') in 0.017 seconds [static and dynamic dependencies]. Details - ImportResultOutputID=7a2f305b1d6e2e4ff1b45903d22667bc DependenciesID=addd58ee3cc623ec742150d869d89bf4 StaticDependenciesID=bbaa9f3f190b5853edc8226068f8d1e2 
Importing 'GUID: 4da274d970a82a943ae3979e7833f3dd - Path: Packages/com.unity.collab-proxy/Editor/Assets/Images/d_icondeletedlocaloverlay.png' with importer (TextureImporter)
Imported 'GUID: 4da274d970a82a943ae3979e7833f3dd' -> (Import Result ID: '46d02da257c4599c7f2aed8731a2a2cb') in 0.016 seconds [static and dynamic dependencies]. Details - ImportResultOutputID=fdf7ce1f80105763810be8f8ca0cf3d1 DependenciesID=a6eb5903b59309184ef8c9389dc78659 StaticDependenciesID=a57f7e25698db2394caaf7c8643fa518 
Importing 'GUID: 4da398eacd0c045bebf576a9f11339b0 - Path: Packages/com.unity.collab-proxy/Editor/Assets/Images/d_iconchangesets.png' with importer (TextureImporter)
Imported 'GUID: 4da398eacd0c045bebf576a9f11339b0' -> (Import Result ID: '93b73156872dcbb222785247070ca991') in 0.017 seconds [static and dynamic dependencies]. Details - ImportResultOutputID=b3b2b3836e4c857337da1dae6dcd8d8b DependenciesID=cbd76a6b39d24b855d4aac7f625ccea5 StaticDependenciesID=4a730ad1a4e528b9273489463782364f 
Importing 'GUID: 4d38974957a13c04593b31b8aa8f02d3 - Path: Assets/Texture2D/self ilum ramp.png' with importer (TextureImporter)
Imported 'GUID: 4d38974957a13c04593b31b8aa8f02d3' -> (Import Result ID: 'cfeadb96b0b369d3001a371e26e32706') in 0.036 seconds [static and dynamic dependencies]. Details - ImportResultOutputID=ef7c96501068df3a8e0928a0c0508ef6 DependenciesID=5e06a69103a597a35eec751351121be7 StaticDependenciesID=7e9c1777c802837cdea1a01a325a9022 
Importing 'GUID: 4d0c18e1b8bbb5e4fb6b6673ee890492 - Path: Assets/Resources/multilayertextures/kart0nopaint/kart0NO_untouchable_seat.png' with importer (TextureImporter)
Imported 'GUID: 4d0c18e1b8bbb5e4fb6b6673ee890492' -> (Import Result ID: 'f2d4b4c9f22d7f11112e5b9260cf3708') in 0.018 seconds [static and dynamic dependencies]. Details - ImportResultOutputID=7792a6db9dd7be58e36ca26ca86266ae DependenciesID=cc5373adcaef1c46a5db4463d62dc1c6 StaticDependenciesID=f85625b4ec791e4c7fa74024b6ea2d24 
Importing 'GUID: 4d0ec14e0ea426d46b6ec29808c8339f - Path: Assets/Texture2D/PieSplatEffect SpriteAtlas.png' with importer (TextureImporter)
Imported 'GUID: 4d0ec14e0ea426d46b6ec29808c8339f' -> (Import Result ID: '59ca1dc7ece1f2ae70d2d05b758bd4a8') in 0.159 seconds [static and dynamic dependencies]. Details - ImportResultOutputID=08797bf23c4392d2fe355d8163d68b28 DependenciesID=0a559073d264c8423f41ec25c872b0d8 StaticDependenciesID=adc9874b122ff93881da631f8dcc25a9 
Importing 'GUID: 4d7e6e570e9d65a4c9a994783a0652e2 - Path: Packages/com.unity.collab-proxy/Editor/Assets/Images/d_iconoutofsyncoverlay@2x.png' with importer (TextureImporter)
Imported 'GUID: 4d7e6e570e9d65a4c9a994783a0652e2' -> (Import Result ID: 'a2a76b6815b44bf939b590404cab3456') in 0.021 seconds [static and dynamic dependencies]. Details - ImportResultOutputID=3f537001070f4f8a02cc52c9c498838b DependenciesID=fbdf1486973124b2838491306a8ba027 StaticDependenciesID=ac0e8e54d04100724127099bec1cef58 
Importing 'GUID: 4d5f78766047e9f4d90367716d5b4d11 - Path: Assets/Texture2D/Sparkle.png' with importer (TextureImporter)
Imported 'GUID: 4d5f78766047e9f4d90367716d5b4d11' -> (Import Result ID: '23d1e3fe2df393224598c36417e153d3') in 0.025 seconds [static and dynamic dependencies]. Details - ImportResultOutputID=b3e00dd200b583680faa84372b3e1058 DependenciesID=a24e42931fed81bb69537f5b5aa2b3de StaticDependenciesID=805ac37a92f1fb4e45604456888caaf1 
Importing 'GUID: 5d42c80923560d34d9461504dea7f25f - Path: Assets/Texture2D/phineas and ferb grass.png' with importer (TextureImporter)
Imported 'GUID: 5d42c80923560d34d9461504dea7f25f' -> (Import Result ID: '2fd999e1d09cef4412e802e6f37d063c') in 0.018 seconds [static and dynamic dependencies]. Details - ImportResultOutputID=bc71e2fbb4bb36feaa58934074483a19 DependenciesID=38c28ed4ee36aba3d1d971d924ee7176 StaticDependenciesID=2a821d32a920651f409766ee5537fcdf 
Importing 'GUID: 5d83937eb3ca95047b4e0e43aac5e962 - Path: Packages/com.unity.2d.tilemap/Editor/Icons/Tilemap.TilePalette@2x.png' with importer (TextureImporter)
Imported 'GUID: 5d83937eb3ca95047b4e0e43aac5e962' -> (Import Result ID: '8e8ca02192a33ce2a663a373d946fb3f') in 0.016 seconds [static and dynamic dependencies]. Details - ImportResultOutputID=435789e9dcacc6d4c1fcf448583c66dd DependenciesID=bf6ca0ba4d8dff0e6bce73d61214c1c0 StaticDependenciesID=5260cf546c3fe2f2eac4d529b523186c 
Importing 'GUID: 5d833ab30f10256408a64a1e31a24dd0 - Path: Packages/com.unity.services.analytics/Editor/Tools/StateUninitialised.png' with importer (TextureImporter)
Imported 'GUID: 5d833ab30f10256408a64a1e31a24dd0' -> (Import Result ID: '0344e8443827183c8e9a9dbeb38020c2') in 0.014 seconds [static and dynamic dependencies]. Details - ImportResultOutputID=9516f819891cd42b7bb1de59fb196b4b DependenciesID=94e11e125fb8342a344ffbfd6e0b3e0e StaticDependenciesID=878afc9e11d732757cb2f079aaee5dcc 
Importing 'GUID: 5de67bf0a3c601f4bab93b4fd3314ab1 - Path: Packages/com.unity.collab-proxy/Editor/Assets/Images/d_hideversioncontrol@2x.png' with importer (TextureImporter)
Imported 'GUID: 5de67bf0a3c601f4bab93b4fd3314ab1' -> (Import Result ID: 'ff7bb52a214748d9c4845fc463fbbd17') in 0.017 seconds [static and dynamic dependencies]. Details - ImportResultOutputID=4af98b1fcf58a820b79bcc838ff15f1a DependenciesID=cd21ae2c804c4414a8352e4bdc2f92a4 StaticDependenciesID=a4a6aa9b733d47784fbbd4a2c926d7a8 
Importing 'GUID: 5de8de7834fa10647b29c7291d8fc273 - Path: Assets/Resources/multilayertextures/kart3paint/kart3_wheels_main.png' with importer (TextureImporter)
Imported 'GUID: 5de8de7834fa10647b29c7291d8fc273' -> (Import Result ID: '71cc0f965b5a798db54764e1937673c0') in 0.017 seconds [static and dynamic dependencies]. Details - ImportResultOutputID=8ef4fa16ed1c837846bca60bc9bc3ae8 DependenciesID=6eacca9addd1a5bcf7a3f525f9a23baa StaticDependenciesID=86c864b0b843cdfc460e7bd0b17b5236 
Importing 'GUID: 5dfb96fd1c7a1bf4f9f606597de935cf - Path: Packages/com.unity.2d.tilemap/Editor/Icons/d_Tilemap.FocusNone.png' with importer (TextureImporter)
Imported 'GUID: 5dfb96fd1c7a1bf4f9f606597de935cf' -> (Import Result ID: 'f0e73938f77c2e2e187f2b344dbdc18b') in 0.015 seconds [static and dynamic dependencies]. Details - ImportResultOutputID=f7cac4017ba725666e711a60bccdb53f DependenciesID=5cc0ba7cc6096ca4b6996df633b7edb5 StaticDependenciesID=005ea4c2476ff0c0e115caad3bb5c61f 
Importing 'GUID: 5dbc069eb79bd4d43840847264d6d956 - Path: Packages/com.unity.collab-proxy/Editor/Assets/Images/loading@2x.png' with importer (TextureImporter)
Imported 'GUID: 5dbc069eb79bd4d43840847264d6d956' -> (Import Result ID: '67d25297908ff744a89520a054a78788') in 0.018 seconds [static and dynamic dependencies]. Details - ImportResultOutputID=75aa93782e4c327af2d8d2799754d218 DependenciesID=3fcc1d7f57856cd6433d65450b75f065 StaticDependenciesID=e43d11425abe3885213261af9f19b35a 
Importing 'GUID: 5dfe66e61e0d270468ae75349ff3a3eb - Path: Packages/com.unity.timeline/Editor/StyleSheets/Images/Shared/TimelineSeqEnd.png' with importer (TextureImporter)
Imported 'GUID: 5dfe66e61e0d270468ae75349ff3a3eb' -> (Import Result ID: '828cd6c591867cc6b8edc25231787120') in 0.015 seconds [static and dynamic dependencies]. Details - ImportResultOutputID=6b386ef668aa66cb2bcbe71c4f63488e DependenciesID=4371ae67e04c7bba9f2152ef6ce58e9c StaticDependenciesID=70eaf94a5cdb12db3db023816bfbe837 
Importing 'GUID: 6d50609675c5a9f4f89345479e136ee2 - Path: Assets/Texture2D/Spinning Tire.png' with importer (TextureImporter)
Imported 'GUID: 6d50609675c5a9f4f89345479e136ee2' -> (Import Result ID: '31e340c23d44c2b6e34c0d0820e9535f') in 0.062 seconds [static and dynamic dependencies]. Details - ImportResultOutputID=fcf6067950b92502f9c194927ce981d2 DependenciesID=cabdb3cd6857f92451071d1598db7c3a StaticDependenciesID=c4dd848f5af3f2473b9489c6412b9110 
Importing 'GUID: 6d6088174bb906b49ad8428526ee337b - Path: Packages/com.unity.collab-proxy/Editor/Assets/Images/d_iconundo@2x.png' with importer (TextureImporter)
Imported 'GUID: 6d6088174bb906b49ad8428526ee337b' -> (Import Result ID: '342d05871a94cc93e3e655df7200f495') in 0.017 seconds [static and dynamic dependencies]. Details - ImportResultOutputID=3ddc65d60096c80373f6f99842f76047 DependenciesID=367650a1c64ac4d1e22e8f3eed9a708a StaticDependenciesID=47e53fbd1c82e289d5b9130b6465c6a8 
Importing 'GUID: 6d41c3e8796a4fd4e80840354039e4ac - Path: Packages/com.unity.timeline/Editor/StyleSheets/Images/Icons/TimelineEditModeReplaceON.png' with importer (TextureImporter)
Imported 'GUID: 6d41c3e8796a4fd4e80840354039e4ac' -> (Import Result ID: 'd8740503fc0f6ba5cfa028cee8ac6cfe') in 0.015 seconds [static and dynamic dependencies]. Details - ImportResultOutputID=1a965bed31b7b8aec5a69c712fd21ba3 DependenciesID=a7963dad2e515708d053213924865320 StaticDependenciesID=66e3f5e12022d42d978ca8306a3b378b 
Importing 'GUID: 6d8b7df7d4a495a48bedd39d64be1f7d - Path: Assets/Scenes/Tracks/Kick Butt Track 1/LightmapFar-1.png' with importer (TextureImporter)
Imported 'GUID: 6d8b7df7d4a495a48bedd39d64be1f7d' -> (Import Result ID: '43e67f37cca156c3b8d7156d25f3c2af') in 0.129 seconds [static and dynamic dependencies]. Details - ImportResultOutputID=dc2af385a808189eb07333deb2869b01 DependenciesID=872e18372883d71fea12df58d7904e83 StaticDependenciesID=217353d877f8cefc86aee14592b395df 
Importing 'GUID: 6d3f95684dd634b18aa9ab45b3e06cfd - Path: Packages/com.unity.collab-proxy/Editor/Assets/Images/iconlock.png' with importer (TextureImporter)
Imported 'GUID: 6d3f95684dd634b18aa9ab45b3e06cfd' -> (Import Result ID: 'a773d521469213fe2d54b84ba1bcd885') in 0.018 seconds [static and dynamic dependencies]. Details - ImportResultOutputID=b77c409b214ff29dcb2f9eb59537fb05 DependenciesID=f7c2ce7effc31c1e15e83a1261d5b68f StaticDependenciesID=202c34bc3eed57739c859bcc4536cc22 
Importing 'GUID: 7d1190ba309f31a4f811319614bb2460 - Path: Assets/Texture2D/finish line SpriteAtlas.png' with importer (TextureImporter)
Imported 'GUID: 7d1190ba309f31a4f811319614bb2460' -> (Import Result ID: 'e295e31456ce61b44a28e208e2b526d3') in 0.064 seconds [static and dynamic dependencies]. Details - ImportResultOutputID=0605fbeac78601bd25441c8badb8ba65 DependenciesID=06c2e3b96da9f35e31bcdb697a5bf066 StaticDependenciesID=ee2ba8f14135ffb96bed22c62d0bcdc6 
Importing 'GUID: 7d4691eba7565c34ab785c00fbc27ff8 - Path: Packages/com.unity.timeline/Editor/StyleSheets/Images/LightSkin/TimelineMarkerItemCollapsed.png' with importer (TextureImporter)
Imported 'GUID: 7d4691eba7565c34ab785c00fbc27ff8' -> (Import Result ID: '2f45437e1ce6a23dbdc43e9cabdd1573') in 0.015 seconds [static and dynamic dependencies]. Details - ImportResultOutputID=4df7d5d1336d3d61a6b302dc195239a2 DependenciesID=a2dd0cbd39b41e9144bd07819ff662fc StaticDependenciesID=44e065b8157f0fd15addb1f183ec8a5b 
Importing 'GUID: 7d5867654fa2bf448b06f384143ceca7 - Path: Packages/com.unity.ai.navigation/EditorResources/Overlay/d_NavigationOverlay@2x.png' with importer (TextureImporter)
Imported 'GUID: 7d5867654fa2bf448b06f384143ceca7' -> (Import Result ID: 'c2d06dd0e24763cbeb1370f7b6ebed28') in 0.017 seconds [static and dynamic dependencies]. Details - ImportResultOutputID=01206b9e1532ce13cd95e8a63b37213a DependenciesID=ff20d03197cf04f917d64f90777253be StaticDependenciesID=6af21f51317a84e6fafe570fec61ac12 
Importing 'GUID: 8d91317e8f7610f41a30fcb9c0d99196 - Path: Packages/com.unity.collab-proxy/Editor/Assets/Images/iconclipboard.png' with importer (TextureImporter)
Imported 'GUID: 8d91317e8f7610f41a30fcb9c0d99196' -> (Import Result ID: 'a7061dd588b7b1db96fd902b3cc6a57f') in 0.015 seconds [static and dynamic dependencies]. Details - ImportResultOutputID=3ede4cca089a8bf5e95466f9335b67f9 DependenciesID=f33ccfa2e2ca84d77d76c6ac135bc353 StaticDependenciesID=d11e2c3893157403fe002e8458d85ebc 
Importing 'GUID: 8d98ab6168c3e91439339f1908b8fe97 - Path: Packages/com.unity.collab-proxy/Editor/Assets/Images/d_iconcheckedoutlocaloverlay@2x.png' with importer (TextureImporter)
Imported 'GUID: 8d98ab6168c3e91439339f1908b8fe97' -> (Import Result ID: '23d02b42a30817a3c7c04416d364187d') in 0.016 seconds [static and dynamic dependencies]. Details - ImportResultOutputID=8b4a5ffb699e4138c1f2366e4f0b29cf DependenciesID=a6820ea3380fe199491704a265a89fac StaticDependenciesID=e5fb56deff024d3bece79ccba7cce9a4 
Importing 'GUID: 8d8d1929f2279804e8a744d3da25e23b - Path: Packages/com.unity.ai.navigation/EditorResources/Overlay/d_NavigationOverlay@16.png' with importer (TextureImporter)
Imported 'GUID: 8d8d1929f2279804e8a744d3da25e23b' -> (Import Result ID: '973c0a6a8c44c73e8b49e2a7eabf38d1') in 0.011 seconds [static and dynamic dependencies]. Details - ImportResultOutputID=196ecc74a10637965cd09ba9b691112b DependenciesID=41abb979f3c1ebecc23f86e0dde35892 StaticDependenciesID=167ce33796e1939ee63e17a39b233561 
Importing 'GUID: 9d244ceb235342e4c8f308aa1f71be7e - Path: Packages/com.unity.ai.navigation/EditorResources/Overlay/NavigationOverlay@2x.png' with importer (TextureImporter)
Imported 'GUID: 9d244ceb235342e4c8f308aa1f71be7e' -> (Import Result ID: '23557c4d5e2b560a8a8ea05ddc7b4d50') in 0.020 seconds [static and dynamic dependencies]. Details - ImportResultOutputID=97bc7c7664a50b22cf7a6e5e9268d777 DependenciesID=254e44bd1e89679c25cbd782d83aca22 StaticDependenciesID=bd9dadbcc3e5c0318ef95d0f524685ab 
Importing 'GUID: 9d9689eab72c8480c90679f4dcf18820 - Path: Packages/com.unity.multiplayer.center/Editor/MultiplayerCenterWindow/UI/Icons/Package.png' with importer (TextureImporter)
Imported 'GUID: 9d9689eab72c8480c90679f4dcf18820' -> (Import Result ID: '3333814b607a349c2ab726273f2305da') in 0.017 seconds [static and dynamic dependencies]. Details - ImportResultOutputID=990e3e62cc90ab8fe1e07636b9658c8d DependenciesID=20cd7e88540613bb9335897818c57933 StaticDependenciesID=860c65b2e619d69679919f60be7a962d 
Importing 'GUID: 9d9ad7154c1aea040a2906c5493c0c14 - Path: Assets/Texture2D/garage electro box.png' with importer (TextureImporter)
Imported 'GUID: 9d9ad7154c1aea040a2906c5493c0c14' -> (Import Result ID: '48a27374175af2299ecc23aab529b59f') in 0.025 seconds [static and dynamic dependencies]. Details - ImportResultOutputID=0bd482e1ab2d71b33792a41e34617c9d DependenciesID=1fc108dbb2581c65233f539c7962a77c StaticDependenciesID=af0b420d2dbb8b9c7bd9a551fc0c8747 
Importing 'GUID: 9d5d090f5d6bbbf4aafdca676b70506e - Path: Assets/Texture2D/Track01-sign.png' with importer (TextureImporter)
Imported 'GUID: 9d5d090f5d6bbbf4aafdca676b70506e' -> (Import Result ID: '923c1271fb61989ed63ca55c9db0afc6') in 0.048 seconds [static and dynamic dependencies]. Details - ImportResultOutputID=14e51c95127aab156a10a0ef342688d2 DependenciesID=67deb86471222682a9ce0ca1688c4d32 StaticDependenciesID=8abe45e18756d571967dadfe324fd97b 
Importing 'GUID: ad72aefbbd03ec744b3cf61cf766d320 - Path: Packages/com.unity.2d.tilemap/Editor/Icons/d_Tilemap.ShowGrid.png' with importer (TextureImporter)
Imported 'GUID: ad72aefbbd03ec744b3cf61cf766d320' -> (Import Result ID: '6af9aa537ae19cea1d3aace45a5b7584') in 0.017 seconds [static and dynamic dependencies]. Details - ImportResultOutputID=64374f968212779daafba208f14cc3c9 DependenciesID=c7f92bf8e231dc28b3476092a2c7a8c6 StaticDependenciesID=171b0938d20c31050b92a454aa335b41 
Importing 'GUID: ad1b6254bdcf05b4abea8cdb75f7bcf7 - Path: Assets/Texture2D/Fishtankia-Tree-01.png' with importer (TextureImporter)
Imported 'GUID: ad1b6254bdcf05b4abea8cdb75f7bcf7' -> (Import Result ID: 'df0f9fb6af919698eda4ddcddb147caf') in 0.052 seconds [static and dynamic dependencies]. Details - ImportResultOutputID=68d7a06c4568b5e0805f1f1f204fa77c DependenciesID=084152961c6ad2a9b91a57954b2dacf6 StaticDependenciesID=8c1948ec30d7e827d760f30950b4a8dc 
Importing 'GUID: ad1d29f4654194951a3c8bf507914d05 - Path: Packages/com.unity.multiplayer.center/Editor/MultiplayerCenterWindow/UI/Icons/CloudCode.png' with importer (TextureImporter)
Imported 'GUID: ad1d29f4654194951a3c8bf507914d05' -> (Import Result ID: 'cb832eab2cec24d769cad30b191a9c03') in 0.017 seconds [static and dynamic dependencies]. Details - ImportResultOutputID=555d1ac50580a660dc99d37dddb1dbd8 DependenciesID=1d5a0fc719589cc6be6fe3f54d009178 StaticDependenciesID=daa80e3a6e98a04002542119764a9cd1 
Importing 'GUID: ad2e3e92b00839c4e991ca602ef19822 - Path: Packages/com.unity.timeline/Editor/StyleSheets/Images/Icons/d_TimelineSignal.png' with importer (TextureImporter)
Imported 'GUID: ad2e3e92b00839c4e991ca602ef19822' -> (Import Result ID: '846b17ef6416502cb0e84f3611e301dd') in 0.010 seconds [static and dynamic dependencies]. Details - ImportResultOutputID=259836362ba2e9e3448510ce2ee0900e DependenciesID=645c071b93d405984ade6b2a1ac4e419 StaticDependenciesID=c17a2728f8576df0ffc27f254d359919 
Importing 'GUID: bd7b7cac6eb0c3f469781d9a729a1c94 - Path: Packages/com.unity.timeline/Editor/StyleSheets/Images/Icons/TimelineEditModeRippleOFF.png' with importer (TextureImporter)
Imported 'GUID: bd7b7cac6eb0c3f469781d9a729a1c94' -> (Import Result ID: '49de0e92c9c44071882eb08d35b88215') in 0.014 seconds [static and dynamic dependencies]. Details - ImportResultOutputID=da410997a090c7edc559ed70a219cfa2 DependenciesID=a0d55ce7d915795673169ede4cd94a18 StaticDependenciesID=ba84024ff5d7a3077a552641b3604a22 
Importing 'GUID: bdab342e8f290224dbdbc33dd03605c4 - Path: Packages/com.unity.2d.tilemap/Editor/Icons/d_Tilemap.BrushPicks.png' with importer (TextureImporter)
Imported 'GUID: bdab342e8f290224dbdbc33dd03605c4' -> (Import Result ID: '3eb2a58aaa4bf801c40b12dae97c0e76') in 0.016 seconds [static and dynamic dependencies]. Details - ImportResultOutputID=622cb1c28b2c05a653568bd5b6fe72c0 DependenciesID=bd3b9562369b4d3dd0b61c6efe6da2c3 StaticDependenciesID=176543bd2a65471e1bb78a3a719aa32f 
Importing 'GUID: bd3cb4af8406d4436a2ae8c2aafe1f8d - Path: Packages/com.unity.2d.sprite/Editor/ObjectMenuCreation/DefaultAssets/Textures/Capsule.png' with importer (TextureImporter)
Imported 'GUID: bd3cb4af8406d4436a2ae8c2aafe1f8d' -> (Import Result ID: '039b92db835bef5a0511d48c2227e85e') in 0.036 seconds [static and dynamic dependencies]. Details - ImportResultOutputID=3c03e4952b8c35450ccba5ccaebf2938 DependenciesID=6ed185a76baaa588b36ae2c8d1b81570 StaticDependenciesID=16cabef1628f9d3212209c52f15c584f 
Importing 'GUID: cd605de110fcfc34283d5e084a40e040 - Path: Assets/Texture2D/Level Previews SpriteAtlas.png' with importer (TextureImporter)
Imported 'GUID: cd605de110fcfc34283d5e084a40e040' -> (Import Result ID: '2aa2e7820fc0638f05914645305cdafa') in 0.616 seconds [static and dynamic dependencies]. Details - ImportResultOutputID=885394c5ba882db76ef897fe4f6b815c DependenciesID=81bc1c28493233a88868996cff209c11 StaticDependenciesID=8fb25f015cee5746eba6e39c15c8a89c 
Importing 'GUID: cd221d2235472c94491e607ae42942dd - Path: Packages/com.unity.collab-proxy/Editor/Assets/Images/icondeletedlocaloverlay.png' with importer (TextureImporter)
Imported 'GUID: cd221d2235472c94491e607ae42942dd' -> (Import Result ID: '2ca69f33f85ef661f8a0df8037cc20fc') in 0.019 seconds [static and dynamic dependencies]. Details - ImportResultOutputID=d7423923039c79c259d78c7389a254fc DependenciesID=07623a8c1d31c78549d36bd19a0421e6 StaticDependenciesID=db2f918ac4a9fd778b8f716cac09c14e 
Importing 'GUID: cd96dab9dee523342b54fa8722908199 - Path: Assets/Texture2D/kick school bus.png' with importer (TextureImporter)
Imported 'GUID: cd96dab9dee523342b54fa8722908199' -> (Import Result ID: '22ce6f573cf2564278e39129775d01a3') in 0.029 seconds [static and dynamic dependencies]. Details - ImportResultOutputID=800845c33c0514b0febc7243cf7535ac DependenciesID=bc7b72bb060c7a5c714dcffa7ed6755f StaticDependenciesID=0c0927d2ba88dafde6d4b168a3f31495 
Importing 'GUID: cdb88fdb0cf46b244a667edaff21c7df - Path: Packages/com.unity.collab-proxy/Editor/Assets/Images/d_step2@2x.png' with importer (TextureImporter)
Imported 'GUID: cdb88fdb0cf46b244a667edaff21c7df' -> (Import Result ID: '831017552c22e6a80e9f6fef3a5ed80f') in 0.016 seconds [static and dynamic dependencies]. Details - ImportResultOutputID=dded61de4dd2c617d0124896c72bea0d DependenciesID=7b15c0eceadd6dd8bc172eace601f72c StaticDependenciesID=10d2103e2488a92a128edc0ee2951d56 
Importing 'GUID: cd0b17b71a5c498428ee91dee8a78a88 - Path: Packages/com.unity.collab-proxy/Editor/Assets/Images/step2.png' with importer (TextureImporter)
Imported 'GUID: cd0b17b71a5c498428ee91dee8a78a88' -> (Import Result ID: '317638bbb27f483667f14032305fef66') in 0.017 seconds [static and dynamic dependencies]. Details - ImportResultOutputID=7039f94d107046f9f7661a6fbd0736cd DependenciesID=a1799c9af21b4d99aae107dbecdbc0da StaticDependenciesID=15ea9c329f326ccd30ad23f87a43cbd3 
Importing 'GUID: cdccb0d77f2e841e1bc2c5f367d4df33 - Path: Packages/com.unity.2d.tilemap/Editor/Icons/EditorUI.Filter.png' with importer (TextureImporter)
Imported 'GUID: cdccb0d77f2e841e1bc2c5f367d4df33' -> (Import Result ID: '57c7ba3d6c7c6b2eb80fa97bfe6ca1b2') in 0.018 seconds [static and dynamic dependencies]. Details - ImportResultOutputID=9db75d1933e953a49fe94b68691b75b9 DependenciesID=5cbfe3289523ecdd5c0128b12cb04796 StaticDependenciesID=66932ea27a108cb8adc3c666eac6d124 
Importing 'GUID: dd70cd654275d47db807e918055e004f - Path: Packages/com.unity.multiplayer.center/Editor/MultiplayerCenterWindow/UI/Icons/Questionnaire.png' with importer (TextureImporter)
Imported 'GUID: dd70cd654275d47db807e918055e004f' -> (Import Result ID: 'ef944225bb928fb76deb69214beb9a10') in 0.020 seconds [static and dynamic dependencies]. Details - ImportResultOutputID=fb1feaa6e39152869a95f967eb1b6a5c DependenciesID=c553811d9b8ed90d4644d5a1319a6257 StaticDependenciesID=630c0ed723927027919e94fab4993f50 
Importing 'GUID: dd81f55787e496249bb4111007562ef5 - Path: Packages/com.unity.2d.tilemap/Editor/Icons/d_EditorUI.TargetHover@4x.png' with importer (TextureImporter)
Imported 'GUID: dd81f55787e496249bb4111007562ef5' -> (Import Result ID: '64c98a3c86febe4b61afdd7f004cc2ea') in 0.017 seconds [static and dynamic dependencies]. Details - ImportResultOutputID=8b163e3722355932dfc0feeb3fada76d DependenciesID=91f1fe59f7ccee7866f511450e758068 StaticDependenciesID=098fe4a10d1a04eaf93a14c6913c0af0 
Importing 'GUID: dd62c99bd1ab0984da092d3ea327b733 - Path: Packages/com.unity.2d.tilemap/Editor/Icons/d_Tilemap.FocusTilemap@4x.png' with importer (TextureImporter)
Imported 'GUID: dd62c99bd1ab0984da092d3ea327b733' -> (Import Result ID: '2a583e7f0811640b9c0ef0642403c309') in 0.018 seconds [static and dynamic dependencies]. Details - ImportResultOutputID=de3ae9669fb5b53d453bc9725c5406b2 DependenciesID=afd3cb7769c42b6b6a205d9d39ad0aa8 StaticDependenciesID=016a685dfb28b14581313bf284e92311 
Importing 'GUID: ddf2e76e8a1f88f46ae1e42277850b48 - Path: Packages/com.unity.collab-proxy/Editor/Assets/Images/buttonssosigninemail@2x.png' with importer (TextureImporter)
Imported 'GUID: ddf2e76e8a1f88f46ae1e42277850b48' -> (Import Result ID: '63d20bcff6b26cae3b65c08c4b0b4a2f') in 0.018 seconds [static and dynamic dependencies]. Details - ImportResultOutputID=5bd69a46ae0d30babddb36b4ea916346 DependenciesID=2d9dcc594f393e174fee1ace81a77403 StaticDependenciesID=4ab281b322ea28ddfecaac6259af5102 
Importing 'GUID: ddd4f69e73a687742a482165d148b8f5 - Path: Assets/Scenes/Tracks/Phineas Track 2/LightmapFar-2.png' with importer (TextureImporter)
Imported 'GUID: ddd4f69e73a687742a482165d148b8f5' -> (Import Result ID: '982dcd771c37b97a8a54571d6df41918') in 0.122 seconds [static and dynamic dependencies]. Details - ImportResultOutputID=51aae115cdb8eb260e92d05de791225e DependenciesID=969cdf2c51237ba3ae61642a9acbbcda StaticDependenciesID=f67943ac398e16f55b526b0535d0d286 
Importing 'GUID: dda6504e0e7d670488e2fee625f7da02 - Path: Packages/com.unity.collab-proxy/Editor/Assets/Images/buttonhome.png' with importer (TextureImporter)
Imported 'GUID: dda6504e0e7d670488e2fee625f7da02' -> (Import Result ID: 'e386b5059a11964e254c947094c12a6f') in 0.016 seconds [static and dynamic dependencies]. Details - ImportResultOutputID=f785ab9993282f32c5c4673e377db6c0 DependenciesID=e7833eecb5717421bf89cb8f0395deb2 StaticDependenciesID=0cec2c93ad4731c0e57dc96268f94e64 
Importing 'GUID: ddbb3c323e8cf1e4a8a822277c4a4eed - Path: Assets/Scenes/Test Scenes/Pranksgiving Test/LightmapFar-4.png' with importer (TextureImporter)
Imported 'GUID: ddbb3c323e8cf1e4a8a822277c4a4eed' -> (Import Result ID: 'c9e52a562bc8e4f9888c4a56b6ce5fcf') in 0.135 seconds [static and dynamic dependencies]. Details - ImportResultOutputID=3c52adfdd51417a5bf34d3cb23d4ff4c DependenciesID=215a5eca8c4545690bf268f5eaa92c82 StaticDependenciesID=6cfb3b8c1a23348c5b7a70a7fc97cfa0 
Importing 'GUID: ddbd45249a133a846b2f20e39b537565 - Path: Packages/com.unity.timeline/Editor/StyleSheets/Images/DarkSkin/TimelineHold.png' with importer (TextureImporter)
Imported 'GUID: ddbd45249a133a846b2f20e39b537565' -> (Import Result ID: '8d18ba753a56e1acee72bf6a29c4e99e') in 0.015 seconds [static and dynamic dependencies]. Details - ImportResultOutputID=ff30fbf74cebc392db6dcac05838ec5f DependenciesID=306ed4afc039d99593aeb2f529f8bde7 StaticDependenciesID=d445c8205c5377a64fbd0954694a520c 
Importing 'GUID: ed041e68439749a69d0efa0e3d896c2e - Path: Packages/com.unity.ugui/Editor Resources/Textures/btn_AlignTop_Light.psd' with importer (TextureImporter)
Imported 'GUID: ed041e68439749a69d0efa0e3d896c2e' -> (Import Result ID: '12a6683af717cc3b0f2123c9908492c6') in 0.019 seconds [static and dynamic dependencies]. Details - ImportResultOutputID=e901790847267d4f6000dec3b29126bf DependenciesID=20ef685396fe88bbc5928c5debb7170a StaticDependenciesID=0dcedc13fa1202021212584b9d01c6b7 
Importing 'GUID: ed64f3a17f2ede646be21ed6edc9161a - Path: Packages/com.unity.collab-proxy/Editor/Assets/Images/iconrepository.png' with importer (TextureImporter)
Imported 'GUID: ed64f3a17f2ede646be21ed6edc9161a' -> (Import Result ID: '14f58acbd78c33ef800e8fc5e7d461ed') in 0.015 seconds [static and dynamic dependencies]. Details - ImportResultOutputID=391b988615b6e6ff75b2808809a2c60a DependenciesID=77832761eb7ad3229ab65272e8a896c4 StaticDependenciesID=18753192193d407c2a39fae118c6d7b2 
Importing 'GUID: ed665472b4fee2043a5c1cc802beaa8e - Path: Packages/com.unity.timeline/Editor/StyleSheets/Images/LightSkin/TimelineTimeCursor.png' with importer (TextureImporter)
Imported 'GUID: ed665472b4fee2043a5c1cc802beaa8e' -> (Import Result ID: '08d1d3ce83608c35fe0135e846dbd825') in 0.009 seconds [static and dynamic dependencies]. Details - ImportResultOutputID=9db1c98944e34d5fccd04702971398b1 DependenciesID=3981514c0774ab863d3577e783e728f9 StaticDependenciesID=9122e8ca7eebc6b97a0d122236e49b09 
Importing 'GUID: fd12dbe3b63ae464f824b4a74c0e1766 - Path: Packages/com.unity.timeline/Editor/StyleSheets/Images/Icons/d_TrackAvatarButtonEnabled@2x.png' with importer (TextureImporter)
Imported 'GUID: fd12dbe3b63ae464f824b4a74c0e1766' -> (Import Result ID: 'be5024ece0bb01d756b245f65c941bc4') in 0.019 seconds [static and dynamic dependencies]. Details - ImportResultOutputID=36dbfb0f02d0474d7c9691c180fc5a47 DependenciesID=c1a317238c87e1c9a7c0634c64df32de StaticDependenciesID=0eb092303870e4d5f9c22857dae0ba7b 
Importing 'GUID: fd46970517ca94d42b4313aa68333d37 - Path: Assets/Texture2D/Swatch Bronze.png' with importer (TextureImporter)
Imported 'GUID: fd46970517ca94d42b4313aa68333d37' -> (Import Result ID: 'f02e7678e9e5ee0aad684fd3307ea90a') in 0.019 seconds [static and dynamic dependencies]. Details - ImportResultOutputID=f409799c9cdbc475709472704334edc2 DependenciesID=c104e68971043b0e809c30916d1677f2 StaticDependenciesID=d26e508e9be2f0f23686af6cafc2e92d 
Importing 'GUID: fdc8bace2b7ef504d91d22cca2a5d905 - Path: Packages/com.unity.2d.tilemap/Editor/Icons/EditorUI.TargetHover.png' with importer (TextureImporter)
Imported 'GUID: fdc8bace2b7ef504d91d22cca2a5d905' -> (Import Result ID: '2ecedc50547b9f6a8dfef5685bc78d21') in 0.018 seconds [static and dynamic dependencies]. Details - ImportResultOutputID=79d829bca2a322d52d7856603958d97a DependenciesID=adf911a15ea68bf67d932f1eb606d632 StaticDependenciesID=9e06c40570baf45ecb014c6345e9b250 
Importing 'GUID: fd194f75fe3d7ca4488fa775ae832fd8 - Path: Packages/com.unity.timeline/Editor/StyleSheets/Images/Icons/d_TrackAvatarButtonDisabled@2x.png' with importer (TextureImporter)
Imported 'GUID: fd194f75fe3d7ca4488fa775ae832fd8' -> (Import Result ID: 'c567dd810cb339cb3d915d834feee495') in 0.017 seconds [static and dynamic dependencies]. Details - ImportResultOutputID=f2c0fd21316a3a6c891cb8d7c0e05951 DependenciesID=11601b5a17e8ed5f13723651eecff245 StaticDependenciesID=0e71470d9b79b374203a9ea144df4093 
Importing 'GUID: 0e80bd0b4a8196f46acf73711b9505ec - Path: Packages/com.unity.collab-proxy/Editor/Assets/Images/d_iconoutofsync.png' with importer (TextureImporter)
Imported 'GUID: 0e80bd0b4a8196f46acf73711b9505ec' -> (Import Result ID: '1684dd85b7782eaf57f283c4bf926848') in 0.013 seconds [static and dynamic dependencies]. Details - ImportResultOutputID=4ef3370e5e8bb922318073a725adbcc7 DependenciesID=b02e4067747813ba9e6ea69111e21c4b StaticDependenciesID=1d837cc7db462729548c749995fb785b 
Importing 'GUID: 0ed030fd66e99b9428dbe22d26e68eee - Path: Assets/Resources/multilayertextures/kart1paint/kart1_scoop_main.png' with importer (TextureImporter)
Imported 'GUID: 0ed030fd66e99b9428dbe22d26e68eee' -> (Import Result ID: 'd05827ee6e1fc8d45cdf9946e86ac32e') in 0.015 seconds [static and dynamic dependencies]. Details - ImportResultOutputID=9143eb1468b111e117c0193257e36e77 DependenciesID=a51ebd9fa06b0c42ba08ccd24c472b17 StaticDependenciesID=cf63c99b7483ad69c4ccac54615555bc 
Importing 'GUID: 0e5ba0f04df278944a8f5a62f64f5aa6 - Path: Packages/com.unity.timeline/Editor/StyleSheets/Images/Icons/d_TrackRecordButtonEnabled.png' with importer (TextureImporter)
Imported 'GUID: 0e5ba0f04df278944a8f5a62f64f5aa6' -> (Import Result ID: '1380f262fab27e4075a2dbb57f3561e8') in 0.010 seconds [static and dynamic dependencies]. Details - ImportResultOutputID=56901ff9b864812eb378baaa89f2d87a DependenciesID=7178999cf3aafe2ac572c7f9ff078b56 StaticDependenciesID=df7362f7935c8e310a1f67cfd8ff7682 
Importing 'GUID: 0e3e607c04fbd4d4090157ea31abb634 - Path: Packages/com.unity.collab-proxy/Editor/Assets/Images/iconedit@2x.png' with importer (TextureImporter)
Imported 'GUID: 0e3e607c04fbd4d4090157ea31abb634' -> (Import Result ID: '4ad9ed550b35f2cdce9d6dc71edf2ce5') in 0.015 seconds [static and dynamic dependencies]. Details - ImportResultOutputID=335370c0435c8ee2bb28d8c7d70145f1 DependenciesID=23452028370e776d886719f851db8bc3 StaticDependenciesID=f6e4d1f3700ad1bcc490d1c67151676b 
Importing 'GUID: 0eff467e15140cc4e9e0f7e1ca23a600 - Path: Assets/Texture2D/Fire bw.png' with importer (TextureImporter)
Imported 'GUID: 0eff467e15140cc4e9e0f7e1ca23a600' -> (Import Result ID: 'd0faf6cc008484c54ac779c5b5a752a3') in 0.018 seconds [static and dynamic dependencies]. Details - ImportResultOutputID=ba36b745df825fe09d77df5cbf662db9 DependenciesID=bb70e009a0236c888f9d7de487dec58a StaticDependenciesID=9e5ee76c5b2d786bb74924f2a6639164 
Importing 'GUID: 1e315140d1e95f342a033cd24a7e820c - Path: Assets/Texture2D/NewbieCircuit.png' with importer (TextureImporter)
Imported 'GUID: 1e315140d1e95f342a033cd24a7e820c' -> (Import Result ID: 'f2b929134856ad37404fcd71ef5f45fb') in 0.021 seconds [static and dynamic dependencies]. Details - ImportResultOutputID=500fe05aae01d205c46a7083c1298e9e DependenciesID=da72f152ca88146be1bf14a5fc3637c0 StaticDependenciesID=252cfabaf55b8e832682246e3f9d74dc 
Importing 'GUID: 1e71b422b557b1247aaf914bb6e9c0c5 - Path: Packages/com.unity.collab-proxy/Editor/Assets/Images/iconzoomout@2x.png' with importer (TextureImporter)
Imported 'GUID: 1e71b422b557b1247aaf914bb6e9c0c5' -> (Import Result ID: 'a1caaebce49f6dbfc186da36e1216744') in 0.018 seconds [static and dynamic dependencies]. Details - ImportResultOutputID=6909d22488853c3d57014dad54d42fb1 DependenciesID=a7769cdb0f9d68a93c8cd695b9de1654 StaticDependenciesID=17bd092aa1b234710c55510aed397b1d 
Importing 'GUID: 1e75feacd391a1b4ea11c46cfc6467bf - Path: Assets/Texture2D/Swatch Brad.png' with importer (TextureImporter)
Imported 'GUID: 1e75feacd391a1b4ea11c46cfc6467bf' -> (Import Result ID: '8a6033f574fb0ebbd926ab995091b77d') in 0.015 seconds [static and dynamic dependencies]. Details - ImportResultOutputID=605bdd21618db34131c6812bd8a62468 DependenciesID=8c7d2cd0c43d1bddfb7dc229408c5680 StaticDependenciesID=a44ceb0f016db19a06094572d1a66d8c 
Importing 'GUID: 1ef707f7ec9f2cf44918d766e0e22f4a - Path: Assets/Texture2D/AlphaText.png' with importer (TextureImporter)
Imported 'GUID: 1ef707f7ec9f2cf44918d766e0e22f4a' -> (Import Result ID: 'c199da4d2f890ef879992fb245fc67d5') in 0.037 seconds [static and dynamic dependencies]. Details - ImportResultOutputID=0c11157b8d847d9d068c3b6f7185c045 DependenciesID=521e05141fb1458049bcb9b21bb38234 StaticDependenciesID=5cf0d4ac8f043c6d9c2b6af89c1ea52a 
Importing 'GUID: 1e6c9635b80f973488d8335a081c905f - Path: Packages/com.unity.collab-proxy/Editor/Assets/Images/iconplasticnotifyincoming.png' with importer (TextureImporter)
Imported 'GUID: 1e6c9635b80f973488d8335a081c905f' -> (Import Result ID: 'fd4f179abeeedc2d7dc9358a4d509986') in 0.016 seconds [static and dynamic dependencies]. Details - ImportResultOutputID=dcfef7b7cdb752644c3b4d6a292929fd DependenciesID=f6d4d8837d08921d89566aaf65e7d195 StaticDependenciesID=8cc7ece756dd9aac37fdf220a214ee57 
Importing 'GUID: 2e12ff2cc7983784eab0dfe0bb7ff17e - Path: Packages/com.unity.2d.tilemap/Editor/Icons/EditorUI.TargetHover@2x.png' with importer (TextureImporter)
Imported 'GUID: 2e12ff2cc7983784eab0dfe0bb7ff17e' -> (Import Result ID: '10052fa201e76f642e965f2a23c67d7b') in 0.017 seconds [static and dynamic dependencies]. Details - ImportResultOutputID=f940a52553d3bb616b079da4c1477b11 DependenciesID=a149c11077a3f90bcd6ab268e1f37a8f StaticDependenciesID=86adc239e227eee4752102a74ef6314b 
Importing 'GUID: 2ed76d79743f6384fae740ebd4a02ca4 - Path: Assets/Resources/multilayertextures/kart3paint/kart3_body_main.png' with importer (TextureImporter)
Imported 'GUID: 2ed76d79743f6384fae740ebd4a02ca4' -> (Import Result ID: 'f7d22e4767a687c65590c12df13ba8eb') in 0.017 seconds [static and dynamic dependencies]. Details - ImportResultOutputID=900fd212e2cdaed35866fbf896473a82 DependenciesID=233079fb7b7c2404db4c681acbfad734 StaticDependenciesID=a47eb2d3312fcf6cff23a761a91dd174 
Importing 'GUID: 2e9a6b48ae9ddbb4da653869ed5d028d - Path: Assets/Texture2D/House 2 Color 2.png' with importer (TextureImporter)
Imported 'GUID: 2e9a6b48ae9ddbb4da653869ed5d028d' -> (Import Result ID: 'f83fd701b568bb20fdc312fd2d00f16c') in 0.050 seconds [static and dynamic dependencies]. Details - ImportResultOutputID=244b62b76a8df92308b7d7c3faf9348b DependenciesID=bfd30fbf6930bfeec24e9035bce83829 StaticDependenciesID=a759a16e87f5525a0f14d76cfe1b72c7 
Importing 'GUID: 2efd92a49c346ca469b70c0cff5e26fe - Path: Assets/Resources/multilayertextures/kart3paint/kart3_Dipper_body_decal.png' with importer (TextureImporter)
Imported 'GUID: 2efd92a49c346ca469b70c0cff5e26fe' -> (Import Result ID: 'f35bc5df5849fc92542dab108f19b292') in 0.017 seconds [static and dynamic dependencies]. Details - ImportResultOutputID=a145827662e2c20da540b6ef15ba628b DependenciesID=64fbcd248e5a1bd0b9ec62eec5836df5 StaticDependenciesID=34364f0263bd412ce92541c88ab63278 
Importing 'GUID: 3ee40aa79cd242a5b53b0b0ca4f13f0f - Path: Packages/com.unity.ugui/Editor Resources/Gizmos/TMP - Input Field Icon.psd' with importer (TextureImporter)
Imported 'GUID: 3ee40aa79cd242a5b53b0b0ca4f13f0f' -> (Import Result ID: '31e660abd9f447cc5ac0b9ad20fe1e81') in 0.019 seconds [static and dynamic dependencies]. Details - ImportResultOutputID=647a5b41c57e43d564dbe82c67f4bb69 DependenciesID=76986c897c59083234058f64d2b44dc8 StaticDependenciesID=1c24a3c58f281d81c9ba4f92ccc3dbc9 
Importing 'GUID: 3ee8302d573f0ab4ab2c00cabb7b46a4 - Path: Assets/Texture2D/texture kat ferb.png' with importer (TextureImporter)
Imported 'GUID: 3ee8302d573f0ab4ab2c00cabb7b46a4' -> (Import Result ID: '9dd05917544fc67fb05abeadf1a170cf') in 0.052 seconds [static and dynamic dependencies]. Details - ImportResultOutputID=769736e4a36c461dfb7c3fb012a5b3f9 DependenciesID=848d95a9606bb9d6e8961c63935f5e37 StaticDependenciesID=e3c826762dafd3f3c64bebc1731c1e6d 
Importing 'GUID: 3e3cbc676e5d2944e87ead838d0f4e8e - Path: Assets/Resources/multilayertextures/kart2paint/kart2_Oscar_spoiler_decal.png' with importer (TextureImporter)
Imported 'GUID: 3e3cbc676e5d2944e87ead838d0f4e8e' -> (Import Result ID: 'c8a97e1d81f2bffc4bfeab3c3c482aba') in 0.017 seconds [static and dynamic dependencies]. Details - ImportResultOutputID=4cc346fdb2fd56fc6cdcb332ac347d00 DependenciesID=6398a55cd9121df2bc6b4ad30ec5c39f StaticDependenciesID=746cf76a4bf1d9a958ecc604b7ff1e92 
Importing 'GUID: 4e62fa74d1eac074cac268c2997a658c - Path: Packages/com.unity.2d.tilemap/Editor/Icons/d_Tilemap.GridPaint@4x.png' with importer (TextureImporter)
Imported 'GUID: 4e62fa74d1eac074cac268c2997a658c' -> (Import Result ID: '959d31887658a5fc3e0e66cc5d159cd3') in 0.018 seconds [static and dynamic dependencies]. Details - ImportResultOutputID=eabb250de6f237d9dcc90d39db61d448 DependenciesID=1125cec9356894d6bc17739c569af953 StaticDependenciesID=bbdd0b28296aa4e950982972b63098c6 
Importing 'GUID: 4e2a3d7e5b5b01843a978d90f553b672 - Path: Packages/com.unity.2d.tilemap/Editor/Icons/d_Tilemap.BrushPicks@2x.png' with importer (TextureImporter)
Imported 'GUID: 4e2a3d7e5b5b01843a978d90f553b672' -> (Import Result ID: 'bb44a715819879f605a863835a32bde7') in 0.018 seconds [static and dynamic dependencies]. Details - ImportResultOutputID=adc107d10e676cf51cab4006b67bf415 DependenciesID=9bc2987daa434e0e2738fdb781a281a7 StaticDependenciesID=49f0a7d2c2ed8908ae9f328432cb3fac 
Importing 'GUID: 4eeed0204f7eb9044bd4ff9a25c1b228 - Path: Assets/Texture2D/Barber.png' with importer (TextureImporter)
Imported 'GUID: 4eeed0204f7eb9044bd4ff9a25c1b228' -> (Import Result ID: 'c6f981167bf613203c4d655fe288f44f') in 0.051 seconds [static and dynamic dependencies]. Details - ImportResultOutputID=119224b41eb5995ac8b1cffa87da31d0 DependenciesID=70e92bc4964932e7436c1f00555e2e65 StaticDependenciesID=0743b357475ac261c4cc7ad4fd4d30f0 
Importing 'GUID: 5ee35cb219ec70d4185ad78cb53f82ea - Path: Assets/Resources/localized/MotorCityLogo_norwegian.png' with importer (TextureImporter)
Imported 'GUID: 5ee35cb219ec70d4185ad78cb53f82ea' -> (Import Result ID: '73806e28a0387753ede3c43cf7ba8a0d') in 0.097 seconds [static and dynamic dependencies]. Details - ImportResultOutputID=07e111bb077bc277c2bfede532d29b76 DependenciesID=c0a063873d5b7fcb506080ee3c5ec00f StaticDependenciesID=2487e85f275b5f0686c9b44fea5fa7f9 
Importing 'GUID: 5efa6a4050d33db45973046f71f582ca - Path: Assets/Texture2D/texture kat perry.png' with importer (TextureImporter)
Imported 'GUID: 5efa6a4050d33db45973046f71f582ca' -> (Import Result ID: '7684f217ad2048bf240466150ee1616f') in 0.054 seconds [static and dynamic dependencies]. Details - ImportResultOutputID=5995585ac93375c51e2407106d8ed133 DependenciesID=08074230c3ed850e9cb7e25e3d1746be StaticDependenciesID=fd01fdefae6f32303ccb4fdafaac3846 
Importing 'GUID: 5e7c9ab97e5884e4eaa5967e9024f39d - Path: Packages/com.unity.analytics/Editor/AnalyticsEventTracker icon.png' with importer (TextureImporter)
Imported 'GUID: 5e7c9ab97e5884e4eaa5967e9024f39d' -> (Import Result ID: '58e9b290a366c78afa9ff295d4af0fc4') in 0.015 seconds [static and dynamic dependencies]. Details - ImportResultOutputID=94905adc293947357d9d04549f729a27 DependenciesID=70e7986513e14f7dd18dbeaed6369337 StaticDependenciesID=52cfdd4c9494987b14a3f729b334b35f 
Importing 'GUID: 5e5d5417335f8174db05742953d960d0 - Path: Assets/Resources/multilayertextures/kart5paint/kart5_body_detail.png' with importer (TextureImporter)
Imported 'GUID: 5e5d5417335f8174db05742953d960d0' -> (Import Result ID: '86d5b7250abceb14f46e4031b7dbca6d') in 0.017 seconds [static and dynamic dependencies]. Details - ImportResultOutputID=d8c96966fa7856e760b382d0bf1c85d4 DependenciesID=31f7d45ac4ef1bcbecbd8d7ba28879e1 StaticDependenciesID=4a1051c9f69af15d294aece23c370b5e 
Importing 'GUID: 6e624197cedd1d749b42ddf8a4087713 - Path: Assets/Resources/multilayertextures/kart5paint/kart5_spoiler_detail.png' with importer (TextureImporter)
Imported 'GUID: 6e624197cedd1d749b42ddf8a4087713' -> (Import Result ID: 'fd8cbe444380213f9122f5fd6c91f27a') in 0.016 seconds [static and dynamic dependencies]. Details - ImportResultOutputID=bda89d4c9a2f9a0f19bb16d5eb0e5b5d DependenciesID=a89a64a2d5ae34f1f3d21e6924f5cfdf StaticDependenciesID=931e0783638dfb6362f97eb221eecb34 
Importing 'GUID: 6ee72c00928020540b73a4fa84d1852a - Path: Assets/Texture2D/kart uvs template.png' with importer (TextureImporter)
Imported 'GUID: 6ee72c00928020540b73a4fa84d1852a' -> (Import Result ID: '89f7039a658a112bdc6236a20ed6fd83') in 0.027 seconds [static and dynamic dependencies]. Details - ImportResultOutputID=98a6a1d1ff8d9bcf3831a37213e42603 DependenciesID=27f595a9b67fda6a279a6776bc8f58ba StaticDependenciesID=23513dfcdaa5f669b0968355032bd1f6 
Importing 'GUID: 6e0a54826ffc3ee46b0aa3e1c1575a69 - Path: Packages/com.unity.collab-proxy/Editor/Assets/Images/iconplasticnotifyconflict@2x.png' with importer (TextureImporter)
Imported 'GUID: 6e0a54826ffc3ee46b0aa3e1c1575a69' -> (Import Result ID: 'aabce47fea28f19d9331e702a2612b81') in 0.016 seconds [static and dynamic dependencies]. Details - ImportResultOutputID=36be07ad2986964a08efd872a25792e7 DependenciesID=3ed817f7e827d5f4c5ac798f7bf39f6b StaticDependenciesID=07837d80952c9d7a2825a8726fd246d7 
Importing 'GUID: 7ec16209b64bcb64cb370e1dbc2c7ccf - Path: Assets/Resources/multilayertextures/kart3paint/kart3_thrusters_main.png' with importer (TextureImporter)
Imported 'GUID: 7ec16209b64bcb64cb370e1dbc2c7ccf' -> (Import Result ID: '1df9d4beb62f5a71c60fce83eb9e69a7') in 0.012 seconds [static and dynamic dependencies]. Details - ImportResultOutputID=728dd8b5aae24cb2a6963066027af333 DependenciesID=02507ad5836e2f75dde26a97881e7523 StaticDependenciesID=125622042ba30df2dca2c6cd95b595ec 
Importing 'GUID: 7ee48c5fba4919649a8a6094cbead669 - Path: Packages/com.unity.collab-proxy/Editor/Assets/Images/d_loading@2x.png' with importer (TextureImporter)
Imported 'GUID: 7ee48c5fba4919649a8a6094cbead669' -> (Import Result ID: '24f2ea3540df11346d062aef02b05dd7') in 0.016 seconds [static and dynamic dependencies]. Details - ImportResultOutputID=e13ed1d3d091f655fb50e297b12ddc23 DependenciesID=e855ff246f3b05ffe9cb419689f975a8 StaticDependenciesID=8116b2b88e31c5e618d9bde501d61c65 
Importing 'GUID: 7ea8d9212d111a8429c000e61e9843df - Path: Assets/Texture2D/garage tire rack.png' with importer (TextureImporter)
Imported 'GUID: 7ea8d9212d111a8429c000e61e9843df' -> (Import Result ID: '4490e588a0832d5e9e432e4d202e1a73') in 0.030 seconds [static and dynamic dependencies]. Details - ImportResultOutputID=242d4681529f74f16879721caa790225 DependenciesID=ecfe3c45ee513a22b71247da295a7ce7 StaticDependenciesID=05d7dda05c258f2fdfd48325d0a8e5dd 
Importing 'GUID: 7e8e12b26b0c35a43a4e9b3956b7f121 - Path: Assets/Resources/multilayertextures/kart4paint/kart4_scoop_main.png' with importer (TextureImporter)
Imported 'GUID: 7e8e12b26b0c35a43a4e9b3956b7f121' -> (Import Result ID: 'c260a67e19ddc2135255ba3b4c2f4107') in 0.015 seconds [static and dynamic dependencies]. Details - ImportResultOutputID=9bf53dbf49322f2dcaeb00358f2b61b0 DependenciesID=c2faa8ee566832bfa65714f413c3af16 StaticDependenciesID=410d7521fc39866ed752241781b53a60 
Importing 'GUID: 8e00baf972f2ed740997b01fb3fa3202 - Path: Packages/com.unity.services.analytics/Editor/Tools/d_Loading.png' with importer (TextureImporter)
Imported 'GUID: 8e00baf972f2ed740997b01fb3fa3202' -> (Import Result ID: '6fabc490ef99c3f0035cb4116ac98887') in 0.017 seconds [static and dynamic dependencies]. Details - ImportResultOutputID=dd1bca25a0ed4fed42a7a238e42fb40a DependenciesID=3c4096227629ca91b7143c5a85b2045c StaticDependenciesID=db7e23c6db2422e16da0f26e435b6fcc 
Importing 'GUID: 8eb87ccd5d921d04bbc0eab2d54668b0 - Path: Assets/Texture2D/garage hall hole.png' with importer (TextureImporter)
Imported 'GUID: 8eb87ccd5d921d04bbc0eab2d54668b0' -> (Import Result ID: '18136b508601e4d20acfe2c3158c6a83') in 0.016 seconds [static and dynamic dependencies]. Details - ImportResultOutputID=7955a30bc94a1f1e6884feda498aba12 DependenciesID=55f6e346a03ca708ee88625a6011b91c StaticDependenciesID=efecfbb677f48cf99a3914343dd288b8 
Importing 'GUID: 8e1a10e730eb8cb4ca2c6a5a41b5c16d - Path: Assets/Texture2D/danville arena ground.png' with importer (TextureImporter)
Imported 'GUID: 8e1a10e730eb8cb4ca2c6a5a41b5c16d' -> (Import Result ID: '255864c8449c5593ad46b64b8b3d6b9c') in 0.027 seconds [static and dynamic dependencies]. Details - ImportResultOutputID=bd5d77e619bc6c8737f368e51429bf8c DependenciesID=ff77158327d5ce0b96e54c916b8d3167 StaticDependenciesID=6165656a62d172a4ce6ce43e54c7e6af 
Importing 'GUID: 8eba099eb091faf419fecdcd5cdabfd7 - Path: Packages/com.unity.timeline/Editor/StyleSheets/Images/DarkSkin/TimelineKeyframe.png' with importer (TextureImporter)
Imported 'GUID: 8eba099eb091faf419fecdcd5cdabfd7' -> (Import Result ID: '204e58c0ca6bd250bc835b6fc1f59f53') in 0.016 seconds [static and dynamic dependencies]. Details - ImportResultOutputID=5b64f9b180916cd12c88f2d58ee854d5 DependenciesID=f5d44acc8021f57e8517a985c507a753 StaticDependenciesID=5e3ac4b8c96877088b7190cd9cc63f53 
Importing 'GUID: 8ebb93c64d7a141569a153a9d4fe9ae2 - Path: Packages/com.unity.collab-proxy/Editor/Assets/Images/exclusionrule.png' with importer (TextureImporter)
Imported 'GUID: 8ebb93c64d7a141569a153a9d4fe9ae2' -> (Import Result ID: '590c43928176242cd1f21440a50b7260') in 0.015 seconds [static and dynamic dependencies]. Details - ImportResultOutputID=826fce3e1f7517a88f9443ec0389bc9f DependenciesID=0274a079aa615d6c6fa273bf9ba401ce StaticDependenciesID=e53006ec1aca1e8308c3e4f5642ceff4 
Importing 'GUID: 8e0c8902cfd1e374692b53e1dcba0fd0 - Path: Assets/Scenes/Tracks/Kick Butt Track 1/LightmapFar-3.png' with importer (TextureImporter)
Imported 'GUID: 8e0c8902cfd1e374692b53e1dcba0fd0' -> (Import Result ID: '7b94485a01d970566e4aecd523f07266') in 0.118 seconds [static and dynamic dependencies]. Details - ImportResultOutputID=2d1f1cac114307a15894669ea5b88c09 DependenciesID=4b042f3881d661f7ed7e49a500ded082 StaticDependenciesID=25489f3993f9bb8cdba6ac4143b50400 
Importing 'GUID: 9e60047ccc6b8422193b170d51796ed2 - Path: Packages/com.unity.collab-proxy/Editor/Assets/Images/ArrowCaretLeft@2x.png' with importer (TextureImporter)
Imported 'GUID: 9e60047ccc6b8422193b170d51796ed2' -> (Import Result ID: '9f52d51ba78cad997cc2d55e6a7423df') in 0.018 seconds [static and dynamic dependencies]. Details - ImportResultOutputID=d69c155946b9a0e9e592c43cf7ead54f DependenciesID=6d6c956020855fbc7fb73ebe57c6392b StaticDependenciesID=443986809ecaa60ce7f416209fa24ae4 
Importing 'GUID: 9e541b6dcfb77d34481f69b3d62d0343 - Path: Packages/com.unity.timeline/Editor/StyleSheets/Images/Icons/TrackCurvesButtonEnabled@2x.png' with importer (TextureImporter)
Imported 'GUID: 9e541b6dcfb77d34481f69b3d62d0343' -> (Import Result ID: 'fe3fc2c1ecbe57fcd1cd1f9fc1d3c4f6') in 0.016 seconds [static and dynamic dependencies]. Details - ImportResultOutputID=b6da717405e301918472439a59094631 DependenciesID=05e20d358433b16295a3ca214fbdfe45 StaticDependenciesID=47b7f698e30881a7149e47f746386a4b 
Importing 'GUID: 9e94973f9bba5f54a9fc516f492db7a9 - Path: Assets/Texture2D/fish hooks school relief.png' with importer (TextureImporter)
Imported 'GUID: 9e94973f9bba5f54a9fc516f492db7a9' -> (Import Result ID: '18bd7aa238702ff0e659d304e617f789') in 0.027 seconds [static and dynamic dependencies]. Details - ImportResultOutputID=7c0e2b1a505e3e4c08e0aaa6bb826343 DependenciesID=8e5ad0bf8a99ee09394af05e50c01e9c StaticDependenciesID=33dd90faa0e5404390d6301b9ace2795 
Importing 'GUID: ae53a7884da90e94eb5dfeab594b746c - Path: Packages/com.unity.collab-proxy/Editor/Assets/Images/d_iconlockedlocaloverlay@2x.png' with importer (TextureImporter)
Imported 'GUID: ae53a7884da90e94eb5dfeab594b746c' -> (Import Result ID: '6fca136d53de04dcc8daa7442b5247f1') in 0.016 seconds [static and dynamic dependencies]. Details - ImportResultOutputID=cd8eb1cfb125c74f7696ff6349bd97a8 DependenciesID=c6d80888177b2bfe5826fe8ec1ea592d StaticDependenciesID=37437d5929dae5983e345f4cb9073004 
Importing 'GUID: aef568f413b8ad74187bdf4c5d8e88b5 - Path: Assets/Resources/multilayertextures/kart2paint/kart2_Milo_spoiler_decal.png' with importer (TextureImporter)
Imported 'GUID: aef568f413b8ad74187bdf4c5d8e88b5' -> (Import Result ID: 'b9987ae0b42c6a2006f07afd88bd6660') in 0.018 seconds [static and dynamic dependencies]. Details - ImportResultOutputID=5ccd610457afc9df6310fd5e6856bc3b DependenciesID=4bf4c86ffd9c1b52834bead4ac0517fe StaticDependenciesID=6807a0cb4e1d45efb28b6c5916fef506 
Importing 'GUID: ae869fe6797f4454cbbf417d87ff637c - Path: Packages/com.unity.collab-proxy/Editor/Assets/Images/iconplasticnotifyincoming@2x.png' with importer (TextureImporter)
Imported 'GUID: ae869fe6797f4454cbbf417d87ff637c' -> (Import Result ID: '2c8d6d767700c5bdeaa7de289d29cfdf') in 0.017 seconds [static and dynamic dependencies]. Details - ImportResultOutputID=3d4f1fd200ef0a7711fc07936d1f9835 DependenciesID=95fa80561200973d4158237a9179e6ab StaticDependenciesID=383e6f297e2c8d395974d3e040525fb0 
Importing 'GUID: aeebc46f84b8e2d4f8d524813e9354c2 - Path: Assets/Resources/multilayertextures/kart1paint/kart1_body_detail.png' with importer (TextureImporter)
Imported 'GUID: aeebc46f84b8e2d4f8d524813e9354c2' -> (Import Result ID: '41a77ac3908c0b8c5b3381c4a0792215') in 0.017 seconds [static and dynamic dependencies]. Details - ImportResultOutputID=e797e774c9a67adaf47e52cc7dc1a6af DependenciesID=e51c02922f6a6a9c6cb90e4e13960506 StaticDependenciesID=e7a0917f664bd73b7bc2d5c1e5d3d581 
Importing 'GUID: be8033632b0bde841925ead75078c514 - Path: Assets/Texture2D/fish hooks cliff thing.png' with importer (TextureImporter)
Imported 'GUID: be8033632b0bde841925ead75078c514' -> (Import Result ID: 'b50b1506d0f865fc27be9d073d27beda') in 0.052 seconds [static and dynamic dependencies]. Details - ImportResultOutputID=c43f7a21285fd96f0ef45f26bfff3a0f DependenciesID=40fa309bc83c68f96da350451cad04f6 StaticDependenciesID=f71db61e8d020197afd42080df395a86 
Importing 'GUID: be423a54b981d38428de82ad12534629 - Path: Packages/com.unity.collab-proxy/Editor/Assets/Images/d_stepok.png' with importer (TextureImporter)
Imported 'GUID: be423a54b981d38428de82ad12534629' -> (Import Result ID: '29ba37cb9cf3bfa730efd59a1ded21cd') in 0.015 seconds [static and dynamic dependencies]. Details - ImportResultOutputID=c1d88ad4b2bd0b48409c53db3c3bd585 DependenciesID=f7718f1bd4d279747113d1ef2a484405 StaticDependenciesID=11adae766e585af824f5951d6afe291b 
Importing 'GUID: be340a165cb9c8d4cb50f1deeb51d4ea - Path: Packages/com.unity.collab-proxy/Editor/Assets/Images/stepok@2x.png' with importer (TextureImporter)
Imported 'GUID: be340a165cb9c8d4cb50f1deeb51d4ea' -> (Import Result ID: 'cd08e3b71303794d17f5517d22ec0c9f') in 0.017 seconds [static and dynamic dependencies]. Details - ImportResultOutputID=d91a5453d50a84dfbae1c749ebae585c DependenciesID=a315e7e7c57ed1245f83e45ae137c2f9 StaticDependenciesID=ffa898cbfee0e93427ba52e2236ff14d 
Importing 'GUID: beeb3979893f2ee49a0976feadb48245 - Path: Assets/Texture2D/House 5 Color 1.png' with importer (TextureImporter)
Imported 'GUID: beeb3979893f2ee49a0976feadb48245' -> (Import Result ID: '8ad102be6110ee36ccf487570bb89071') in 0.050 seconds [static and dynamic dependencies]. Details - ImportResultOutputID=87e9b13f98c418306bb19db18baeff4c DependenciesID=856c4c5555d0c9ed32ff0c4cc6d9c03c StaticDependenciesID=c4a22d7bb9f638dc5be6a8de332d5017 
Importing 'GUID: beac430fb17551d428a09724f818a09e - Path: Assets/Texture2D/dirt track.png' with importer (TextureImporter)
Imported 'GUID: beac430fb17551d428a09724f818a09e' -> (Import Result ID: '7978eab72aa92aae1eabe21f6299c254') in 0.028 seconds [static and dynamic dependencies]. Details - ImportResultOutputID=c2ba63f5aae7a0fe1219a06d6a3e212a DependenciesID=f4c33696a9c43f217f98a31fefa85acc StaticDependenciesID=acf566163046bb639acd8e64241a8b25 
Importing 'GUID: be7d41b559bdf27458b974d6417d7d9f - Path: Assets/Texture2D/House 5 Color 2.png' with importer (TextureImporter)
Imported 'GUID: be7d41b559bdf27458b974d6417d7d9f' -> (Import Result ID: '8083de2e714e1376b5bad944fd28efee') in 0.048 seconds [static and dynamic dependencies]. Details - ImportResultOutputID=9212c59bf3bc93e3cd852229ca077f9c DependenciesID=0e27b45822b63501105c813149370edf StaticDependenciesID=6e925d836b792c7a502cdef1f34f3427 
Importing 'GUID: be2e0deab40f1478a99038fcbc19219d - Path: Packages/com.unity.collab-proxy/Editor/Assets/Images/ArrowCaretRight@2x.png' with importer (TextureImporter)
Imported 'GUID: be2e0deab40f1478a99038fcbc19219d' -> (Import Result ID: '4b3bba9daae0ff17c25389417e2a38d4') in 0.017 seconds [static and dynamic dependencies]. Details - ImportResultOutputID=bfea71f556b2f903969b565b0349c985 DependenciesID=ced8b0c69b34377868a75ab20bca1ebc StaticDependenciesID=038a905c8c7e17964d2b9e5f7cec579c 
Importing 'GUID: ce315ea6e6e86a740b10e02dda0d0e9c - Path: Packages/com.unity.2d.tilemap/Editor/Icons/Tilemap.ActiveTargetLayers@4x.png' with importer (TextureImporter)
Imported 'GUID: ce315ea6e6e86a740b10e02dda0d0e9c' -> (Import Result ID: '892882733ed739e0fb9f746004d2ea2b') in 0.018 seconds [static and dynamic dependencies]. Details - ImportResultOutputID=9682f8d83aa43059158e843432b0c085 DependenciesID=31146fba6b876cc7bf8f88ecf5282f39 StaticDependenciesID=7c268b935c345181a45285a1c3871126 
Importing 'GUID: ce435fe40bff4da41aadc577ebfb27d7 - Path: Packages/com.unity.collab-proxy/Editor/Assets/Images/d_iconlabel@2x.png' with importer (TextureImporter)
Imported 'GUID: ce435fe40bff4da41aadc577ebfb27d7' -> (Import Result ID: '09fd472b82f269d47f07637e14984f7c') in 0.015 seconds [static and dynamic dependencies]. Details - ImportResultOutputID=fc0e76182cd9509363064d22cb8d45c4 DependenciesID=a94025df85538be8cf7d3565caa631f9 StaticDependenciesID=ea86cc7c2c56f4fabf25d29468f9431e 
Importing 'GUID: ce069c7363fd446439716e23c2734a79 - Path: Assets/Texture2D/fish hooks exterior terrain grass.png' with importer (TextureImporter)
Imported 'GUID: ce069c7363fd446439716e23c2734a79' -> (Import Result ID: '303518b81e9ffc808e6cf5e58b6750ec') in 0.026 seconds [static and dynamic dependencies]. Details - ImportResultOutputID=ab9a4be8118c10ff445898c2d9795023 DependenciesID=0320b4664e89ed0e6ded576bf9047825 StaticDependenciesID=3760393cdbc2e96a06c0ec5fd5b5992d 
Importing 'GUID: ce8a98fb6bc00c34f9dda199d53c63d4 - Path: Assets/Texture2D/texture kart bea.png' with importer (TextureImporter)
Imported 'GUID: ce8a98fb6bc00c34f9dda199d53c63d4' -> (Import Result ID: '9a70aed407712faf68214a638215715d') in 0.052 seconds [static and dynamic dependencies]. Details - ImportResultOutputID=548543a251cb37c3b19626a4f57a245f DependenciesID=6f78db1ecf08bcf162b7f0b316c7393d StaticDependenciesID=95f510fe57d33edc3471f260da44d4f1 
Importing 'GUID: de51441f2d0190c4082e13fc797ef5de - Path: Assets/Resources/multilayertextures/kart6paint/kart6_thrusters_main.png' with importer (TextureImporter)
Imported 'GUID: de51441f2d0190c4082e13fc797ef5de' -> (Import Result ID: '6cdf3b9d420011dd2e8eb9784db0c278') in 0.015 seconds [static and dynamic dependencies]. Details - ImportResultOutputID=df30783546dd93a77295281519b4f61e DependenciesID=59539fe6be7866950c769c70e6c43029 StaticDependenciesID=ee68d8f2222d3284f042675f5d20a6cc 
Importing 'GUID: de818ecb708d22b45a45a45b14603ee6 - Path: Assets/Texture2D/Swatch Milo.png' with importer (TextureImporter)
Imported 'GUID: de818ecb708d22b45a45a45b14603ee6' -> (Import Result ID: '84ce58ac4a68b03fe169cba130606832') in 0.016 seconds [static and dynamic dependencies]. Details - ImportResultOutputID=7987378e4d0965734a8dd7f874fe6d40 DependenciesID=4eeff204b0f92368dddc1c36751f6c40 StaticDependenciesID=5672f2ef7b7fe117b21d89c2c36f33f9 
Importing 'GUID: dead2148cd0427b46b7c47ad9c54c654 - Path: Assets/Texture2D/Swatch Perry.png' with importer (TextureImporter)
Imported 'GUID: dead2148cd0427b46b7c47ad9c54c654' -> (Import Result ID: 'd913a36170b1fc0e03fc24a1c3f4e93d') in 0.015 seconds [static and dynamic dependencies]. Details - ImportResultOutputID=426e0ff06b7476670740a408b6a94214 DependenciesID=c1a810b68da0b2954f67334eb31b37b0 StaticDependenciesID=7a73ac4c97aef51585af2c9e77a751be 
Importing 'GUID: ee148e281f3c41c5b4ff5f8a5afe5a6c - Path: Packages/com.unity.ugui/Editor Resources/Gizmos/TMP - Font Asset Icon.psd' with importer (TextureImporter)
Imported 'GUID: ee148e281f3c41c5b4ff5f8a5afe5a6c' -> (Import Result ID: 'dafdb9fc10e6b119b176b7470119b638') in 0.020 seconds [static and dynamic dependencies]. Details - ImportResultOutputID=829bbb5a5230ccf8540b584bb38f8fd1 DependenciesID=0bca5a31b87feaa1415482e452c1a0d1 StaticDependenciesID=0ac2610afd7f46203c3fef1d822e4466 
Importing 'GUID: eed45a33cd08446c8b88325cf82fc52f - Path: Packages/com.unity.2d.sprite/Editor/ObjectMenuCreation/DefaultAssets/Textures/HexagonPointTop.png' with importer (TextureImporter)
Imported 'GUID: eed45a33cd08446c8b88325cf82fc52f' -> (Import Result ID: 'def6c7e26fbeb1d3e63ed4b4dd997f86') in 0.027 seconds [static and dynamic dependencies]. Details - ImportResultOutputID=c19902869e63a6bd32e36252e40152ca DependenciesID=f0ea4589114d99879637988cae3b76ad StaticDependenciesID=be644fd7a574ad093b66c5b73393604f 
Importing 'GUID: ee8ce5cd9c0883f4182b5cfd43cfd7fe - Path: Packages/com.unity.collab-proxy/Editor/Assets/Images/buttonssosigninunity@2x.png' with importer (TextureImporter)
Imported 'GUID: ee8ce5cd9c0883f4182b5cfd43cfd7fe' -> (Import Result ID: '20329c704f1090fe270515f38060e916') in 0.017 seconds [static and dynamic dependencies]. Details - ImportResultOutputID=8569f9fe0be28958fa17c97e9bdc1f6c DependenciesID=5567cc47ed24cf54ebadf8354618ddcb StaticDependenciesID=d72828455161858e239993cbacc9d2e3 
Importing 'GUID: fe63339e5c4496e42bf54013a330ec4c - Path: Assets/Resources/multilayertextures/kart4paint/kart4_wheels_main.png' with importer (TextureImporter)
Imported 'GUID: fe63339e5c4496e42bf54013a330ec4c' -> (Import Result ID: '3b56adca229296a7f882f4a55a3d37b6') in 0.017 seconds [static and dynamic dependencies]. Details - ImportResultOutputID=8ada144a0bad3dec619259898b392f52 DependenciesID=4b5158ebd6580187d62edbfc6c2eec8b StaticDependenciesID=7bc7272bf878e824fd249e178ed91200 
Importing 'GUID: fe832ddb492af854e84c751788e411a8 - Path: Assets/Texture2D/SpinSemicircle.png' with importer (TextureImporter)
Imported 'GUID: fe832ddb492af854e84c751788e411a8' -> (Import Result ID: '3894662faae0a0b0a57189f1b4197d8b') in 0.040 seconds [static and dynamic dependencies]. Details - ImportResultOutputID=620c92205948c60f033272ac7be3be80 DependenciesID=536e19e7faa4b0b92d67c3e0c9f46057 StaticDependenciesID=bbcce017ac2161e7b9d849f6a1dfc64f 
Importing 'GUID: fea4bd4d5cc294ea59798fa81207b6d9 - Path: Packages/com.unity.collab-proxy/Editor/Assets/Images/iconclosebutton@2x.png' with importer (TextureImporter)
Imported 'GUID: fea4bd4d5cc294ea59798fa81207b6d9' -> (Import Result ID: 'e0a009429ccaf2ab331a68af59f41b98') in 0.017 seconds [static and dynamic dependencies]. Details - ImportResultOutputID=d7704ba2ccc5828c6eaf8e1f591c948b DependenciesID=66d0ec8cbee2d2c24bdb955dfb41e60e StaticDependenciesID=da8e7a402a4ba88141616520fc849f4d 
Importing 'GUID: fef7487d8b06bba408f70354e2463ce4 - Path: Packages/com.unity.timeline/Editor/StyleSheets/Images/Icons/TrackLockButtonDisabled.png' with importer (TextureImporter)
Imported 'GUID: fef7487d8b06bba408f70354e2463ce4' -> (Import Result ID: 'fd71fdb03eae8bb85c14272d0bcda523') in 0.014 seconds [static and dynamic dependencies]. Details - ImportResultOutputID=462fe3c88bea7b1f24f07004a293d000 DependenciesID=f6cc3ff6efa83239242187f1f4c6196d StaticDependenciesID=b27546ccf063dd188206d3265b03819f 
Importing 'GUID: 0ff35d4ec6d381941bdbe1fb4b6dbceb - Path: Packages/com.unity.collab-proxy/Editor/Assets/Images/iconclipboard@2x.png' with importer (TextureImporter)
Imported 'GUID: 0ff35d4ec6d381941bdbe1fb4b6dbceb' -> (Import Result ID: '400761df6132a3dccb8e9ecbe5c7f064') in 0.017 seconds [static and dynamic dependencies]. Details - ImportResultOutputID=9df1b3192ba1d9c538c27b4f464460d5 DependenciesID=ecc526df4af1fd32f3ebdb69daca8ef5 StaticDependenciesID=4aa7f4be8df3617d226b97514408af87 
Importing 'GUID: 0f36ff8bb435dc2428038dcc3f69039d - Path: Assets/Texture2D/crashTexture.png' with importer (TextureImporter)
Imported 'GUID: 0f36ff8bb435dc2428038dcc3f69039d' -> (Import Result ID: 'a0a5b7f97ca64890ca5c28738d822f46') in 0.113 seconds [static and dynamic dependencies]. Details - ImportResultOutputID=f381d15928d3d8f88426dc064cba7d58 DependenciesID=0dfcf978d059b5d045eb1fd64d06e5ef StaticDependenciesID=05a099310551b0526914749e03571fd4 
Importing 'GUID: 0f1c9a12872a30f45bab34f536332bb3 - Path: Packages/com.unity.timeline/Editor/StyleSheets/Images/Icons/d_TrackRecordButtonEnabled@2x.png' with importer (TextureImporter)
Imported 'GUID: 0f1c9a12872a30f45bab34f536332bb3' -> (Import Result ID: '33898e5836d1a01dd1a636ac07924336') in 0.012 seconds [static and dynamic dependencies]. Details - ImportResultOutputID=a25da0b1c30acddba79a3f8509d1c072 DependenciesID=09b74133608297395bbf020ae6eca415 StaticDependenciesID=1a1e8893e3ec7a8cc26699f583617aa5 
Importing 'GUID: 1fb0e05a5ca5a42ba8ffafe439520b8e - Path: Packages/com.unity.2d.sprite/Editor/Assets/SpriteEditorOn@2x.png' with importer (TextureImporter)
Imported 'GUID: 1fb0e05a5ca5a42ba8ffafe439520b8e' -> (Import Result ID: 'd41d6347279d612888c6191e7ed8f9c0') in 0.010 seconds [static and dynamic dependencies]. Details - ImportResultOutputID=d87899eaa7d6ce2414c4c4e9f8f29e6a DependenciesID=b6fce16cb8714f79b1a89fab8ecd1d39 StaticDependenciesID=8d8029cb554e04a3c2663259efa762f8 
Importing 'GUID: 1f26945e970839e41ba35badd04237ef - Path: Packages/com.unity.2d.tilemap/Editor/Icons/d_Grid.FlipX@2x.png' with importer (TextureImporter)
Imported 'GUID: 1f26945e970839e41ba35badd04237ef' -> (Import Result ID: '45ebeb60df3eeb9039c1e2c860f42270') in 0.017 seconds [static and dynamic dependencies]. Details - ImportResultOutputID=3cff161c0a25932249608bbc697bcdb0 DependenciesID=e0233c4b22868d8b73b92f3d87327cb4 StaticDependenciesID=b646cb659f91ebe4a22b0eb07a8c8fc5 
Importing 'GUID: 1fec68c6267c1f84981ad9d42cd7470f - Path: Assets/Texture2D/fish hooks skybox.png' with importer (TextureImporter)
Imported 'GUID: 1fec68c6267c1f84981ad9d42cd7470f' -> (Import Result ID: '02c9872556fd1b867ac328396927778d') in 0.056 seconds [static and dynamic dependencies]. Details - ImportResultOutputID=f4883d018793da088caef5e8f9a0d878 DependenciesID=cda570ce151ace2d8f67ff79b6b2df89 StaticDependenciesID=52ac8f229fc23c73b8a9df32a328ee56 
Importing 'GUID: 1f3ea4caa6e0ec74388e4d7d16690e68 - Path: Packages/com.unity.timeline/Editor/StyleSheets/Images/Icons/d_TrackCurvesButtonDisabled@2x.png' with importer (TextureImporter)
Imported 'GUID: 1f3ea4caa6e0ec74388e4d7d16690e68' -> (Import Result ID: '5bf8da0a4bd169634c72368aec22345b') in 0.015 seconds [static and dynamic dependencies]. Details - ImportResultOutputID=beb6e1f824eb82432bf979052d05f431 DependenciesID=e20803c15c81796d8c70364516f0b5ce StaticDependenciesID=44f01d7162c1b044eda1a69fd23f749e 
Importing 'GUID: 2fd6421f253b4ef1a19526541f9ffc0c - Path: Packages/com.unity.ugui/Editor Resources/Gizmos/TMP - Text Component Icon.psd' with importer (TextureImporter)
Imported 'GUID: 2fd6421f253b4ef1a19526541f9ffc0c' -> (Import Result ID: '3956be560cf29b46e992d2e217903732') in 0.017 seconds [static and dynamic dependencies]. Details - ImportResultOutputID=d9f5f4e4f5fbc15943b98a573dd4763b DependenciesID=93cc02fbb89fd26016524173776feb63 StaticDependenciesID=91b5d4440110bc5d09e7501d84b9b2bb 
Importing 'GUID: 2f4966fe600451f4393d76f4cac801d5 - Path: Assets/Texture2D/Swatch Custom Beta Infernos.png' with importer (TextureImporter)
Imported 'GUID: 2f4966fe600451f4393d76f4cac801d5' -> (Import Result ID: 'b9b5e98f08be2bef3ce361cb7b206a1a') in 0.027 seconds [static and dynamic dependencies]. Details - ImportResultOutputID=3bc3abc2d63b210dd6c933ab1ce497ff DependenciesID=9c0f5d08ddc8d9d1fd4eb28f8a80b5b9 StaticDependenciesID=bf31253bc2d5b3b6afd2a27d56295885 
Importing 'GUID: 3f7225b585f65bc4f92f495789edc42b - Path: Assets/Texture2D/House 3 Color 1.png' with importer (TextureImporter)
Imported 'GUID: 3f7225b585f65bc4f92f495789edc42b' -> (Import Result ID: 'cf76d32aef73e2342379e2d0153ae2b7') in 0.052 seconds [static and dynamic dependencies]. Details - ImportResultOutputID=d57407d69ecbb9d0ca0154081c98d765 DependenciesID=738136f5dad622581a1638db9d39eaa5 StaticDependenciesID=3dfccd29da4289ae5233fafd35003b6e 
Importing 'GUID: 3f65802f2a170a145bd30ab3801b8d80 - Path: Packages/com.unity.collab-proxy/Editor/Assets/Images/d_iconclipboard.png' with importer (TextureImporter)
Imported 'GUID: 3f65802f2a170a145bd30ab3801b8d80' -> (Import Result ID: 'd1fc9d3cff9b3918e9cc05bf49b6b331') in 0.015 seconds [static and dynamic dependencies]. Details - ImportResultOutputID=6a7b599a575430d39e9594549eb3b0ca DependenciesID=820b84e65c213d5f2342725608863a14 StaticDependenciesID=cb82ad0a1556a93c656a6a55110697bf 
Importing 'GUID: 3f65dd7d43c7d654c9d2d45fb5f5d22f - Path: Assets/Texture2D/speakers.png' with importer (TextureImporter)
Imported 'GUID: 3f65dd7d43c7d654c9d2d45fb5f5d22f' -> (Import Result ID: 'eedea28828ee85bc8ce91d594f84e55d') in 0.026 seconds [static and dynamic dependencies]. Details - ImportResultOutputID=238bc88f560a9806ff6ea17db962f147 DependenciesID=bfc03f969867f2d2de9a0010bf62b7fb StaticDependenciesID=c126c6054cc9191dd86df9a1c75779e8 
Importing 'GUID: 3fe892784421e47f5aa40c2784a6cb3e - Path: Packages/com.unity.multiplayer.center/Editor/MultiplayerCenterWindow/UI/Icons/DedicatedServer.png' with importer (TextureImporter)
Imported 'GUID: 3fe892784421e47f5aa40c2784a6cb3e' -> (Import Result ID: 'c7e1490a132cce9cdde14684fa1f6aca') in 0.020 seconds [static and dynamic dependencies]. Details - ImportResultOutputID=3659e061a92b82d90af1571762ab1af5 DependenciesID=f1510bc1b99936e50c8bd7a22a85eb04 StaticDependenciesID=e5bf9eeff5c99f9081d73e3e8ce1d711 
Importing 'GUID: 4fe43572535911346b3611c1a1f9591f - Path: Assets/Texture2D/wrench.png' with importer (TextureImporter)
Imported 'GUID: 4fe43572535911346b3611c1a1f9591f' -> (Import Result ID: '350a7d4c753136302c19a02bc9f921b4') in 0.025 seconds [static and dynamic dependencies]. Details - ImportResultOutputID=afd1061a00fa4c525fde1684189fcc79 DependenciesID=83873f8db226bfedd9c8515d1ced01bf StaticDependenciesID=5dae3bb72b2978002a184a538e1c1e4a 
Importing 'GUID: 4f78a544322c742b89e63fb68557b1d2 - Path: Packages/com.unity.multiplayer.center/Editor/MultiplayerCenterWindow/UI/Icons/Check.png' with importer (TextureImporter)
Imported 'GUID: 4f78a544322c742b89e63fb68557b1d2' -> (Import Result ID: 'eada4c778bd6461b77ab2aca2909cb97') in 0.017 seconds [static and dynamic dependencies]. Details - ImportResultOutputID=55bbf1111e39609d09fadc663ab28c37 DependenciesID=188c00756301b8202253025e8ae2f15e StaticDependenciesID=418c3428dd15480b88ff041c3109a9fb 
Importing 'GUID: 4f0db9edf10dddc43a84ef9cb6f73424 - Path: Assets/Resources/localized/MasterCircuit_english.png' with importer (TextureImporter)
Imported 'GUID: 4f0db9edf10dddc43a84ef9cb6f73424' -> (Import Result ID: '6019afde73370b1fa9c52a993895eef1') in 0.072 seconds [static and dynamic dependencies]. Details - ImportResultOutputID=46ab75dea2b95d8da2f156077d1c2c21 DependenciesID=3b0c684876e83d350d3838b7e07f30d4 StaticDependenciesID=8b5c2d9776f74b976453da13a2087c13 
Importing 'GUID: 4f8d98ef7dbbe3d469e14c04722cbeed - Path: Packages/com.unity.timeline/Editor/StyleSheets/Images/Icons/d_TimelineHeaderMarkerIcon.png' with importer (TextureImporter)
Imported 'GUID: 4f8d98ef7dbbe3d469e14c04722cbeed' -> (Import Result ID: 'd60ce905d447f6e716c5bdc4f43f4b56') in 0.016 seconds [static and dynamic dependencies]. Details - ImportResultOutputID=7fea8496e9f7fc38b8680c87dc015587 DependenciesID=4b5424f15e35f25b4fd2d2c9ce9b7339 StaticDependenciesID=54ff0d9aaea9dc106c27489db15dab3c 
Importing 'GUID: 5f63ac4fbb6cb9543bbcca796764ee2b - Path: Assets/Texture2D/PhineasBillboardAd.png' with importer (TextureImporter)
Imported 'GUID: 5f63ac4fbb6cb9543bbcca796764ee2b' -> (Import Result ID: '5995f295220a283cbd279107bcd5c3e3') in 0.043 seconds [static and dynamic dependencies]. Details - ImportResultOutputID=9a2e063edd98a91522b81a15d6df2e51 DependenciesID=69560a6650a4087790e052a25c98d1ce StaticDependenciesID=66c77f3850550a5aa4755beeaa6a12b7 
Importing 'GUID: 5f581ade4b871ec44afae76a14db5b3e - Path: Assets/Texture2D/Nav Bar Shifter SpriteAtlas.png' with importer (TextureImporter)
Imported 'GUID: 5f581ade4b871ec44afae76a14db5b3e' -> (Import Result ID: 'f8cf92c150181c9b34b06241dfe2de26') in 0.177 seconds [static and dynamic dependencies]. Details - ImportResultOutputID=b66fadf282171bdf3ddca39af7152308 DependenciesID=2cd4e9b9430183eeecf4c6e2b06020ff StaticDependenciesID=745e0e805b0a64dc164a67ac5e991038 
Importing 'GUID: 6fd3a692f6cc7b14db38adeb879551e2 - Path: Assets/Texture2D/Swatch Mabel.png' with importer (TextureImporter)
Imported 'GUID: 6fd3a692f6cc7b14db38adeb879551e2' -> (Import Result ID: '29fea252308040d89bff9850cac5da69') in 0.018 seconds [static and dynamic dependencies]. Details - ImportResultOutputID=539a87047120e914ebaeea15ebe1d0bc DependenciesID=38ec2733378ac063ff095ff0e5fdc19f StaticDependenciesID=8aaf5ddea67557f08b4a837b4dd8adc6 
Importing 'GUID: 6fb5cabb85ba3794682b16eba19440cb - Path: Packages/com.unity.timeline/Editor/StyleSheets/Images/Icons/TrackLockButtonDisabled@2x.png' with importer (TextureImporter)
Imported 'GUID: 6fb5cabb85ba3794682b16eba19440cb' -> (Import Result ID: '37713e8a8da13aef58fe4d527a7ff969') in 0.016 seconds [static and dynamic dependencies]. Details - ImportResultOutputID=380c6c3a69b3aba16e1ea4afa8b609c7 DependenciesID=654e9a7e417bbea51a1b0976dacf7f01 StaticDependenciesID=6a9bbe10a799b28422f0c869467f1384 
Importing 'GUID: 6f6a4c6bd7cdc654d9d91f7de72afcb6 - Path: Packages/com.unity.collab-proxy/Editor/Assets/Images/refresh.png' with importer (TextureImporter)
Imported 'GUID: 6f6a4c6bd7cdc654d9d91f7de72afcb6' -> (Import Result ID: '18ef8f3a0d41e900eddfa6038fd3a61e') in 0.016 seconds [static and dynamic dependencies]. Details - ImportResultOutputID=1fde2f0bc289ef2d4bfb01500994f76c DependenciesID=fd2262a7954a6ce0b570d5706c0b8c40 StaticDependenciesID=b351263626d5f0ae7c64e1de3de5bbd0 
Importing 'GUID: 6fda7f339190e944b9279503c044bb70 - Path: Assets/Texture2D/SmokeRingBurst.png' with importer (TextureImporter)
Imported 'GUID: 6fda7f339190e944b9279503c044bb70' -> (Import Result ID: '89d9a3fce471404e47ae9e347e2272d5') in 0.043 seconds [static and dynamic dependencies]. Details - ImportResultOutputID=1fe6a1ad804b3e64c04f88f63323619f DependenciesID=a933aa6110a0836de63f703b65187f83 StaticDependenciesID=7549b420e339a1ec78cfd6f73b5e594f 
Importing 'GUID: 6f0b77e050cdb12478ed9514b3a0e40e - Path: Packages/com.unity.timeline/Editor/StyleSheets/Images/Icons/d_TrackLockButtonDisabled@2x.png' with importer (TextureImporter)
Imported 'GUID: 6f0b77e050cdb12478ed9514b3a0e40e' -> (Import Result ID: '0d73873ef9d72365c8d43510904069c4') in 0.016 seconds [static and dynamic dependencies]. Details - ImportResultOutputID=339fcde28f08eb90e7717cc4d06e9d14 DependenciesID=4e3fbe1f3ebf4d1285b280f35c967eda StaticDependenciesID=caf44d1375bce201b14305df1d461ce7 
Importing 'GUID: 6f1bfb072d0b4904ca3bcc088256d6f8 - Path: Assets/Texture2D/fish hooks cliff thing 2.png' with importer (TextureImporter)
Imported 'GUID: 6f1bfb072d0b4904ca3bcc088256d6f8' -> (Import Result ID: '670cc848e71ebd68c3819fdb29cb3aed') in 0.055 seconds [static and dynamic dependencies]. Details - ImportResultOutputID=98d9f384ef07f0116c3abe39c9594a32 DependenciesID=0111c6db7f016748b2b450ad738ba642 StaticDependenciesID=020935ee5f28514101fbc8dfc5227fa5 
Importing 'GUID: 6f3c566cd9f63c9408d201ea50b51444 - Path: Packages/com.unity.ai.navigation/EditorResources/Overlay/d_NavigationOverlay@32.png' with importer (TextureImporter)
Imported 'GUID: 6f3c566cd9f63c9408d201ea50b51444' -> (Import Result ID: '2403ab8e1c286d5717210221a54689a5') in 0.015 seconds [static and dynamic dependencies]. Details - ImportResultOutputID=5576f17b9c5bab7ac90530d3a6e2a8e0 DependenciesID=32ef68e5c565c502cf5b7c0011d39b07 StaticDependenciesID=6f59c12a3162bd91e7f824a1fdcc171f 
Importing 'GUID: 6fbf72de3020dfc4e82acd7c089e0b50 - Path: Assets/Texture2D/garage lift thingie.png' with importer (TextureImporter)
Imported 'GUID: 6fbf72de3020dfc4e82acd7c089e0b50' -> (Import Result ID: '4c54e51c25372950bd9a43fe93643550') in 0.025 seconds [static and dynamic dependencies]. Details - ImportResultOutputID=32a1774b1fcf3ef3eec937f0c9b4e390 DependenciesID=670b136a4bc4000378dfedfaa2669741 StaticDependenciesID=10cb3b78110669ea3cfafd7ab0642f24 
Importing 'GUID: 7f3002c56f7aff944b07edc6557ba20c - Path: Assets/Resources/multilayertextures/kart2paint/kart2_body_main.png' with importer (TextureImporter)
Imported 'GUID: 7f3002c56f7aff944b07edc6557ba20c' -> (Import Result ID: '4b7d680a5db9b8b23ea9b50a5de62491') in 0.017 seconds [static and dynamic dependencies]. Details - ImportResultOutputID=86b1dcdf595f09ecf91895da123a3225 DependenciesID=a8b3ba251889cc91dc7d54d2366576f8 StaticDependenciesID=754a29d8e6494eb5cab473d884727050 
Importing 'GUID: 7f09666871d0fb1459c1d901af20777e - Path: Assets/Resources/multilayertextures/kart5paint/kart5_Ferb_spoiler_decal.png' with importer (TextureImporter)
Imported 'GUID: 7f09666871d0fb1459c1d901af20777e' -> (Import Result ID: 'e71bfb90850a868d0bce5b94c191cf71') in 0.016 seconds [static and dynamic dependencies]. Details - ImportResultOutputID=0e5d29c3e51746fba7a19c94e0fe3e95 DependenciesID=2d12652cdd76db63ffbc5becdf6f2a57 StaticDependenciesID=21623cd176f70c86a40dec9d51da5ef7 
Importing 'GUID: 7f0f94ed76867c44f83906ff183519fe - Path: Assets/Resources/multilayertextures/kart0paint/kart0_untouchable_seat.png' with importer (TextureImporter)
Imported 'GUID: 7f0f94ed76867c44f83906ff183519fe' -> (Import Result ID: '3d1762447a5e8857ef9e369362f76082') in 0.017 seconds [static and dynamic dependencies]. Details - ImportResultOutputID=eb16b912cc4595f5e847fc32fe41f775 DependenciesID=0dffe6373ae0c144d86518186c05cb83 StaticDependenciesID=6b7ea4375c0c9d391b2f736c0ab56e44 
Importing 'GUID: 8fca5ed160cdc5440a4c7561db4082b2 - Path: Packages/com.unity.timeline/Editor/StyleSheets/Images/Icons/TimelineEditModeMixOFF.png' with importer (TextureImporter)
Imported 'GUID: 8fca5ed160cdc5440a4c7561db4082b2' -> (Import Result ID: '463a5053c4f189af1796690548f0c9a1') in 0.017 seconds [static and dynamic dependencies]. Details - ImportResultOutputID=45a8ae6a4ce5c691aeae954b2f89436f DependenciesID=7a79db01ed56b7fa021cab7f6d031cd1 StaticDependenciesID=8f8b1a8dcac304d95b0529f24dd50429 
Importing 'GUID: 8fdae4ac756ed6047b01021ff0cc3ebb - Path: Packages/com.unity.timeline/Editor/StyleSheets/Images/Icons/TrackRecordButtonEnabled@2x.png' with importer (TextureImporter)
Imported 'GUID: 8fdae4ac756ed6047b01021ff0cc3ebb' -> (Import Result ID: 'a3467a7ff9d5fb2190a52aa22e955c8b') in 0.010 seconds [static and dynamic dependencies]. Details - ImportResultOutputID=317a20fab052dc3490097c1ad14991d2 DependenciesID=47c42eb9a5dc887edbc0acd5ae8f24a1 StaticDependenciesID=692413f2afba745dfbc18f57790e395a 
Importing 'GUID: 8fac55fff4ce5fa40a7b2efefc0e617a - Path: Packages/com.unity.collab-proxy/Editor/Assets/Images/secondarytabclosehover.png' with importer (TextureImporter)
Imported 'GUID: 8fac55fff4ce5fa40a7b2efefc0e617a' -> (Import Result ID: '393e6e7aeace039385e884dfd08eb22a') in 0.016 seconds [static and dynamic dependencies]. Details - ImportResultOutputID=1df4629acde72c235479288d166cc8da DependenciesID=4ae965b1c4cee9564e661f67116fa29d StaticDependenciesID=e06138e9c3ef287611294cc5bedf65a4 
Importing 'GUID: af24c542434a025448222d576f61a956 - Path: Packages/com.unity.timeline/Editor/StyleSheets/Images/DarkSkin/TimelineAutokey@2x.png' with importer (TextureImporter)
Imported 'GUID: af24c542434a025448222d576f61a956' -> (Import Result ID: '223f8490e2dd35102684fb1cd36ac98e') in 0.011 seconds [static and dynamic dependencies]. Details - ImportResultOutputID=238a9ceeb6f0382de7f34fcc91bae0b2 DependenciesID=54033e72658ff7eca1f7d80197bb4a8b StaticDependenciesID=b1e7558adaafc7a052fc01e6ae1bd4af 
Importing 'GUID: afa4ca87e4f578d459cb39bd9e379aa6 - Path: Assets/Texture2D/HugeRecords.png' with importer (TextureImporter)
Imported 'GUID: afa4ca87e4f578d459cb39bd9e379aa6' -> (Import Result ID: '8ff6e76291dde12e0ad4be5b1524d2c1') in 0.047 seconds [static and dynamic dependencies]. Details - ImportResultOutputID=41e1379139697bc08b9282596dcac033 DependenciesID=f26bb114e5a87f2460f68607bdcaea22 StaticDependenciesID=dc8e0c1d8f54ee76c86b4cede90e9a42 
Importing 'GUID: af0687e9af9a4a046a10e62c78a8419a - Path: Assets/Resources/multilayertextures/kart3paint/kart3_wheels_detail.png' with importer (TextureImporter)
Imported 'GUID: af0687e9af9a4a046a10e62c78a8419a' -> (Import Result ID: '6f8f18519cc8bb1955a5473c09e42880') in 0.015 seconds [static and dynamic dependencies]. Details - ImportResultOutputID=50adfe4ef22ff0c381e63ed6ee7dd150 DependenciesID=463923e41e99e3576c1197948c06a965 StaticDependenciesID=5d469ac4baf3aac480b16097c258153e 
Importing 'GUID: af3aec622aef40c45813b39e405966a3 - Path: Packages/com.unity.timeline/Editor/StyleSheets/Images/LightSkin/TimelineAutokey.png' with importer (TextureImporter)
Imported 'GUID: af3aec622aef40c45813b39e405966a3' -> (Import Result ID: 'c3b1401ccd04edef38a5c05004308bf9') in 0.011 seconds [static and dynamic dependencies]. Details - ImportResultOutputID=94d65713b10002f4e95a01cc2d8e4c10 DependenciesID=2b85d5f65fd46a75e900253cd6a817cf StaticDependenciesID=4657aad4b75c181ff0125f67b403026e 
Importing 'GUID: af5dbec545ddf41e7b15fef8a3cfb75b - Path: Packages/com.unity.collab-proxy/Editor/Assets/Images/ArrowCaretRight.png' with importer (TextureImporter)
Imported 'GUID: af5dbec545ddf41e7b15fef8a3cfb75b' -> (Import Result ID: '355a794b62843ecfc0073fe4d478f054') in 0.017 seconds [static and dynamic dependencies]. Details - ImportResultOutputID=91449756871585f93d123062be790320 DependenciesID=71a0dd20daaf3f76df308ab4b6154c6a StaticDependenciesID=1006c12923250392fc2def6d8e39e9c9 
Importing 'GUID: affeade9874cf2347abb155e8d0db4d8 - Path: Packages/com.unity.collab-proxy/Editor/Assets/Images/step1@2x.png' with importer (TextureImporter)
Imported 'GUID: affeade9874cf2347abb155e8d0db4d8' -> (Import Result ID: '6def460f7fe05cdf896380bf3f517c7f') in 0.017 seconds [static and dynamic dependencies]. Details - ImportResultOutputID=daf3da240e8f29893aaaac21ca2e19fb DependenciesID=c1a2d23036a54f77f21180059be45794 StaticDependenciesID=d23b92b78cf901ea1ea2fc6661dc92ab 
Importing 'GUID: bf312944d5bc58e4ab1f2887cc38c63c - Path: Packages/com.unity.services.analytics/Editor/Tools/d_Error.png' with importer (TextureImporter)
Imported 'GUID: bf312944d5bc58e4ab1f2887cc38c63c' -> (Import Result ID: '2f972b2aa5cd23dcd2ec3f9c65310de2') in 0.015 seconds [static and dynamic dependencies]. Details - ImportResultOutputID=55cd11bc0094667e84e7f2383d3d9377 DependenciesID=fac8cca0fd5c480e9c1c7cf5076b04c5 StaticDependenciesID=0b7453eb7b38059feec70ba460f4296a 
Importing 'GUID: bf9a3e542f66af64a80a6631aa93e516 - Path: Packages/com.unity.collab-proxy/Editor/Assets/Images/iconzoomin.png' with importer (TextureImporter)
Imported 'GUID: bf9a3e542f66af64a80a6631aa93e516' -> (Import Result ID: '00ca7a6ccaaa4905dc4c46b9d6e3544b') in 0.017 seconds [static and dynamic dependencies]. Details - ImportResultOutputID=d2575fd6eabeb429f0712fbbbb49ddb1 DependenciesID=83f837888c66d1d6329dd411cbb96401 StaticDependenciesID=10865ba2a75c358eb543598207ef7046 
Importing 'GUID: bf3b844c22e64d142b2c2d2eda53a093 - Path: Assets/Texture2D/fish hooks exterior terrain weird.png' with importer (TextureImporter)
Imported 'GUID: bf3b844c22e64d142b2c2d2eda53a093' -> (Import Result ID: '727d34e563563fa3210ef580507d55ee') in 0.029 seconds [static and dynamic dependencies]. Details - ImportResultOutputID=0041793f35035a9412346a940a1d182d DependenciesID=8572691c1089008bf4cbb943878c9670 StaticDependenciesID=943fb2cf7c69874d31346483a02a91c8 
Importing 'GUID: bf1debab21103154b99778ba6e074175 - Path: Packages/com.unity.timeline/Editor/StyleSheets/Images/Icons/TimelineHeaderMarkerIcon.png' with importer (TextureImporter)
Imported 'GUID: bf1debab21103154b99778ba6e074175' -> (Import Result ID: 'a5dd430bebcccc6252d69f05d4dd138c') in 0.016 seconds [static and dynamic dependencies]. Details - ImportResultOutputID=25b991dc7f7a7bf0426e209a98ffca10 DependenciesID=5b12db48497a3370ae842206bc543bd1 StaticDependenciesID=0779be4c657971077e25ab1ceb3f8224 
Importing 'GUID: cf94b5ae9bca88f4a97ce96847235ba3 - Path: Packages/com.unity.2d.tilemap/Editor/Icons/EditorUI.Target.png' with importer (TextureImporter)
Imported 'GUID: cf94b5ae9bca88f4a97ce96847235ba3' -> (Import Result ID: '28925a1440152c57d815e9c085c837c9') in 0.016 seconds [static and dynamic dependencies]. Details - ImportResultOutputID=6bf508d13de8270b195f7c78bb488c92 DependenciesID=f4ac39c903f89d7ef9739e6e081a0f07 StaticDependenciesID=a4018472ab2e50752b7fbb56f18fb2b9 
Importing 'GUID: cf575301f1e76c4478de0e77db15eba0 - Path: Packages/com.unity.timeline/Editor/StyleSheets/Images/Icons/TrackLockButtonEnabled.png' with importer (TextureImporter)
Imported 'GUID: cf575301f1e76c4478de0e77db15eba0' -> (Import Result ID: '51f494469db8340d150ed12c881c12b9') in 0.015 seconds [static and dynamic dependencies]. Details - ImportResultOutputID=a21d178f6ffed1933d0a10d1bf7bdcdb DependenciesID=a8a02189f4ca457d51d1d3886d9021ed StaticDependenciesID=5e936494680f4331ea3d7c39acbc6c0c 
Importing 'GUID: cff92d0c756855848aba620caa1a6d28 - Path: Assets/Texture2D/ShieldDouble.png' with importer (TextureImporter)
Imported 'GUID: cff92d0c756855848aba620caa1a6d28' -> (Import Result ID: 'e9c04f7b4777ad4ef0cecf7d03cf2544') in 0.152 seconds [static and dynamic dependencies]. Details - ImportResultOutputID=2f0b4174d789cb762f2647f23270bf87 DependenciesID=20f5eae6b64a846a81643cde4eef402e StaticDependenciesID=f2f39c48d3ffaad81ab24a0d99529f87 
Importing 'GUID: cffbc7bf8e0d52b418205bd296e02e36 - Path: Assets/Resources/multilayertextures/kart5paint/kart5_untouchable_seat.png' with importer (TextureImporter)
Imported 'GUID: cffbc7bf8e0d52b418205bd296e02e36' -> (Import Result ID: '028d9e911de41c7d96b0474395726256') in 0.020 seconds [static and dynamic dependencies]. Details - ImportResultOutputID=9737f00705d324d7c1562e04a987aefc DependenciesID=66e4085e01485f4c5529c233906908df StaticDependenciesID=3b6eda4b88e365c1fe60b2c3cb0387e8 
Importing 'GUID: cfde205fa91cb344daa580c29483f399 - Path: Assets/Texture2D/Pine Tree Texture.png' with importer (TextureImporter)
Imported 'GUID: cfde205fa91cb344daa580c29483f399' -> (Import Result ID: '8b30df447ba6b41eff94322752d1f872') in 0.268 seconds [static and dynamic dependencies]. Details - ImportResultOutputID=8ece54f6ee8730cd464f61b0ec2f6135 DependenciesID=89ce60f9abd3045260134c1772a8c8e2 StaticDependenciesID=c342494e408c9ee92094af3d4b87d79c 
Importing 'GUID: cf3fbf98d5c3f1941bd9c0256918a4c8 - Path: Packages/com.unity.timeline/Editor/StyleSheets/Images/LightSkin/TimelineAutokey@2x.png' with importer (TextureImporter)
Imported 'GUID: cf3fbf98d5c3f1941bd9c0256918a4c8' -> (Import Result ID: 'fa8c07256b4fad9b3c77d52cb2be2a60') in 0.017 seconds [static and dynamic dependencies]. Details - ImportResultOutputID=e5b2c9bced79b57d86ccad4f7ba7ed07 DependenciesID=31d1d4cd5b2b2d8377fa607c779a1d8e StaticDependenciesID=02580c119647289a067ec39809a3a71c 
Importing 'GUID: df1d306721e29654eb62d9ea9ddbd9ea - Path: Assets/Scenes/Tracks/Phineas Track 1/LightmapFar-3.png' with importer (TextureImporter)
Imported 'GUID: df1d306721e29654eb62d9ea9ddbd9ea' -> (Import Result ID: '47afe64194ee187db56dbd5998fef10c') in 0.126 seconds [static and dynamic dependencies]. Details - ImportResultOutputID=9a0dd53f4b41e58a72ad1ca970289894 DependenciesID=3b35bfeee47de866623e274902ec4aa8 StaticDependenciesID=cbe8ca217c3da4c25987cb22d6147138 
Importing 'GUID: efc0119edb1224b4486aa07f2286aa12 - Path: Assets/Texture2D/Kart Customizer SpriteAtlas.png' with importer (TextureImporter)
Imported 'GUID: efc0119edb1224b4486aa07f2286aa12' -> (Import Result ID: 'd77d65a7fc0ab9d1aa71c6a28a462e01') in 0.647 seconds [static and dynamic dependencies]. Details - ImportResultOutputID=779eef5872ec58396aa934fbf3f934b0 DependenciesID=d84f3198312d3946db7670f91a2f3717 StaticDependenciesID=959b33c35ad31b5ae39cdb8fdabda9e7 
Importing 'GUID: eff02d9e33955c0468314f3c031c56dd - Path: Assets/Resources/localized/CrashAndBernsteinLogo_english.png.png' with importer (TextureImporter)
Imported 'GUID: eff02d9e33955c0468314f3c031c56dd' -> (Import Result ID: 'e1d6cc9145d53bf4384fc9eb1f013a2d') in 0.021 seconds [static and dynamic dependencies]. Details - ImportResultOutputID=59398cde08f787c5b582ffe556d1fd6c DependenciesID=9481c869d0a1a2fb94e7df58cdb5fd1e StaticDependenciesID=b56367b58e9817c907bb759051ca84d6 
Importing 'GUID: ef9308276293830498f1cc10b1aadef9 - Path: Assets/Resources/multilayertextures/kart0nopaint/kart0NO_spoiler_main.png' with importer (TextureImporter)
Imported 'GUID: ef9308276293830498f1cc10b1aadef9' -> (Import Result ID: '12a3c0ff6ce06fceb77b3c17082cb1bc') in 0.022 seconds [static and dynamic dependencies]. Details - ImportResultOutputID=242ce81be19c92008a0e70f41e098dec DependenciesID=b0f5aca5ea304c45e472e86e3cbdd983 StaticDependenciesID=a254ae86f1a587e1d4aa24463b8f97cc 
Importing 'GUID: efa87fc6a7693ac48844726c5391e3ab - Path: Packages/com.unity.collab-proxy/Editor/Assets/Images/iconadd@2x.png' with importer (TextureImporter)
Imported 'GUID: efa87fc6a7693ac48844726c5391e3ab' -> (Import Result ID: 'e6eb33357c4dc71b368ee2e69e067ea2') in 0.018 seconds [static and dynamic dependencies]. Details - ImportResultOutputID=60fca406688d74d3d96f65ae03186cb0 DependenciesID=ea85c13e48810cb1118e2febe54c5a56 StaticDependenciesID=ec4babc31e050195c75d721dc63c6bce 
Importing 'GUID: efae8c209fe26f541b3d560f2034287d - Path: Packages/com.unity.2d.tilemap/Editor/Icons/d_EditorUI.Target@2x.png' with importer (TextureImporter)
Imported 'GUID: efae8c209fe26f541b3d560f2034287d' -> (Import Result ID: 'f8b3c78a9e9eb7cdbd514f6727f0332c') in 0.017 seconds [static and dynamic dependencies]. Details - ImportResultOutputID=29ae70697cf7fb92262fc03f96619809 DependenciesID=17ce4c7b74306cc295e4148a1f7c6075 StaticDependenciesID=91b87ed189d566bbd1f787b86ae411aa 
Importing 'GUID: fff0e14eed82e6a4b92b77cc93cb91cd - Path: Assets/Resources/localized/MasterCircuit_norwegian.png' with importer (TextureImporter)
Imported 'GUID: fff0e14eed82e6a4b92b77cc93cb91cd' -> (Import Result ID: 'f7a65b23d0191598a3a40a99cf48829c') in 0.108 seconds [static and dynamic dependencies]. Details - ImportResultOutputID=8af49174ccb513cd99321eef151859f7 DependenciesID=20518617571701b5c5f4212b8f7d844d StaticDependenciesID=c66149c458e7557be223d655706aaca6 
Importing 'GUID: ff827e3a021bd1b4493ddbcd90ed460f - Path: Packages/com.unity.2d.tilemap/Editor/Icons/Tilemap.BrushSettings@4x.png' with importer (TextureImporter)
Imported 'GUID: ff827e3a021bd1b4493ddbcd90ed460f' -> (Import Result ID: 'ec958794daec90777ae81a3be0541a12') in 0.024 seconds [static and dynamic dependencies]. Details - ImportResultOutputID=66b50fb9044be6a617b9c063b6a8606f DependenciesID=219b7554ae759bfaa2ff4705ccb5368a StaticDependenciesID=1eed39de1d313e4456184577acdb82c3 
Importing 'GUID: ffc58b5d1d8a6ed489be30f7a1291b1e - Path: Packages/com.unity.2d.tilemap/Editor/Icons/d_Tilemap.FocusGrid@4x.png' with importer (TextureImporter)
Imported 'GUID: ffc58b5d1d8a6ed489be30f7a1291b1e' -> (Import Result ID: 'e54edb6764f91cba1c5fb1cbc4377f16') in 0.017 seconds [static and dynamic dependencies]. Details - ImportResultOutputID=ddb659255715e6dada8ae8ff8ad0ad64 DependenciesID=e1b31f5e9a927e82010a11a896d28f91 StaticDependenciesID=8ef593db078f09caaa5e7cb891c5cc8d 
Importing 'GUID: 9229ae5dbc38f488d921156ff75869e9 - Path: Packages/com.unity.collab-proxy/Editor/Assets/Fonts/Cascadia.ttf' with importer (TrueTypeFontImporter)
Imported 'GUID: 9229ae5dbc38f488d921156ff75869e9' -> (Import Result ID: '7bcc13458309fdefefb21e35101b6721') in 0.015 seconds [static and dynamic dependencies]. Details - ImportResultOutputID=e12dd9aeb5685e1e95f4c4b81e712e25 DependenciesID=a33689e4aeffcab150776bb75fa98a5b StaticDependenciesID=5e9cf1d549807cb8c3949cfd39decb5e 
Importing 'GUID: 15f4a980be4f58a41b7d1831fdf45bca - Path: Assets/Font/Cabin-SemiBold.otf' with importer (TrueTypeFontImporter)
Imported 'GUID: 15f4a980be4f58a41b7d1831fdf45bca' -> (Import Result ID: '683719e3f504e36102bfb4b694624b14') in 0.020 seconds [static and dynamic dependencies]. Details - ImportResultOutputID=e48a27bf3ea5c8b66cd7b83f850a19c4 DependenciesID=59da9159f38aa1066cf438dea6a60a8f StaticDependenciesID=ee1b19775dcedb3ae2665e1f3dc7ba48 
Importing 'GUID: 4c4fe45e48b5892448446d5eda8c1a58 - Path: Assets/Font/VAG Rounded Black.otf' with importer (TrueTypeFontImporter)
Imported 'GUID: 4c4fe45e48b5892448446d5eda8c1a58' -> (Import Result ID: 'a0c0684e1a34a8d9ebf7f073bf659968') in 0.018 seconds [static and dynamic dependencies]. Details - ImportResultOutputID=52b946c9fca90ffaf4298cf12c8f5193 DependenciesID=0ae19687887354e22d58d99a94914fe4 StaticDependenciesID=37ac0b9f9bc63c7af4e0cdd63d8e6a09 
Importing 'GUID: 103d16e9152c98149bd38afd70dfe2c5 - Path: Assets/AudioClip/BEA Super Speedway HAA HAA_04.mp3' with importer (AudioImporter)
Imported 'GUID: 103d16e9152c98149bd38afd70dfe2c5' -> (Import Result ID: '40dadb20fccec7962e8e63e5b51cfded') in 0.196 seconds [static and dynamic dependencies]. Details - ImportResultOutputID=c1156124af1df0b51eccfb9368e38af6 DependenciesID=74fc3066b7b43bb98e1103fc313eae4d StaticDependenciesID=06544b045d80aca7a4eb2f678d0595be 
Importing 'GUID: 40f25ba274f6137488a5fc61dd1806bf - Path: Assets/AudioClip/KICK_ayee_b.mp3' with importer (AudioImporter)
Imported 'GUID: 40f25ba274f6137488a5fc61dd1806bf' -> (Import Result ID: '7e49d6411bf27f5c2a422708cc9103dd') in 0.069 seconds [static and dynamic dependencies]. Details - ImportResultOutputID=a01329f5ff1023eafdd4c969bbff9ce7 DependenciesID=56fe865153005d3ac660c27c7b200d2e StaticDependenciesID=69bfc239c8c8c1de10fcd8cfabf2ec99 
Importing 'GUID: 60fdd6529df90be4fa84b1e660d9dd90 - Path: Assets/AudioClip/scene_whoosh_02.wav' with importer (AudioImporter)
Imported 'GUID: 60fdd6529df90be4fa84b1e660d9dd90' -> (Import Result ID: 'ac4c166b3411474713d486e7a53db806') in 0.064 seconds [static and dynamic dependencies]. Details - ImportResultOutputID=6f42ad18df3efbcb937163844352b138 DependenciesID=5a67a12131ac81d8bb898f96bed6d6c1 StaticDependenciesID=33c1de65548dc48f9f3b5daaaebd2473 
Importing 'GUID: 7052ca99a2d31e54b969c8024851a30c - Path: Assets/AudioClip/DSS_MILO_Ahh_01.mp3' with importer (AudioImporter)
Imported 'GUID: 7052ca99a2d31e54b969c8024851a30c' -> (Import Result ID: '970262352bbb6c9c7247bfccc4cd91f5') in 0.066 seconds [static and dynamic dependencies]. Details - ImportResultOutputID=6aa0c276e3161d07940ed7fec1b4b8da DependenciesID=f7bfb4bd3148ebe0462660dd0eaeadb8 StaticDependenciesID=4a75eabd1f3cebe3761dc13c1c6971ae 
Importing 'GUID: 80398459112825e4d83ddd2ed910b455 - Path: Assets/AudioClip/BRAD_WHOO HOO_b.mp3' with importer (AudioImporter)
Imported 'GUID: 80398459112825e4d83ddd2ed910b455' -> (Import Result ID: '94c4d1fa41266550aca6bd703489cae8') in 0.074 seconds [static and dynamic dependencies]. Details - ImportResultOutputID=a24d15afc09f31a9b79d9c22bd4d4009 DependenciesID=af6e0d452cd0ee3d6e153469729ad1b5 StaticDependenciesID=3be716ee45a2fdfd5ea14990ca7896d3 
Importing 'GUID: 8059d312c576e5f47a175e5bca8b66aa - Path: Assets/AudioClip/tire_squeal_lp_01.wav' with importer (AudioImporter)
Imported 'GUID: 8059d312c576e5f47a175e5bca8b66aa' -> (Import Result ID: '633dfa9e0788721a45f2b1128fc6063a') in 0.092 seconds [static and dynamic dependencies]. Details - ImportResultOutputID=13edd9da078ae1291f978784ac7a36c3 DependenciesID=d0eda878892a586c89716eadeb3c9fa0 StaticDependenciesID=6dba2d1876c89e18e778fed9a8076a6c 
Importing 'GUID: b04d347714828d448ae8d2d2b1a48f5d - Path: Assets/AudioClip/Missile Hits Shield.mp3' with importer (AudioImporter)
Imported 'GUID: b04d347714828d448ae8d2d2b1a48f5d' -> (Import Result ID: '49c8b80bba225a1375cbfed7e0354a04') in 0.120 seconds [static and dynamic dependencies]. Details - ImportResultOutputID=5f951cced65ca9125178775762162d10 DependenciesID=a13c3ddebbbac50863ce1cd54b9593bf StaticDependenciesID=aca6bc236963560597aa6b6f7b54d69b 
Importing 'GUID: e0f44c94213ac8f458eb17fb97ae8d03 - Path: Assets/AudioClip/DSS_DIPPER_Ahh_01.mp3' with importer (AudioImporter)
Imported 'GUID: e0f44c94213ac8f458eb17fb97ae8d03' -> (Import Result ID: '81085decd58440ecb1c49a74a7202ac6') in 0.066 seconds [static and dynamic dependencies]. Details - ImportResultOutputID=d78b12b806ac7342541e7867273aa58c DependenciesID=2405be9fd8935538163202ba9e3e4fcd StaticDependenciesID=2f88561400588f1dcb12f7f6c4dd73de 
Importing 'GUID: 2119aef21186fa84b9ed6a2350e5fd5e - Path: Assets/AudioClip/NINJA_WHOO HOO_a.mp3' with importer (AudioImporter)
Imported 'GUID: 2119aef21186fa84b9ed6a2350e5fd5e' -> (Import Result ID: '1815723e206500d96534ed83c57e7ce8') in 0.091 seconds [static and dynamic dependencies]. Details - ImportResultOutputID=3da78a72ea3905e97fab64151b8805da DependenciesID=c623d748fdf212da9fc470c5a94b558f StaticDependenciesID=df93f78536e626b68aa0de4f317a3ab1 
Importing 'GUID: 21394eebf0a7b1b4c89e7e3ec793049f - Path: Assets/AudioClip/NINJA_AHH_a.mp3' with importer (AudioImporter)
Imported 'GUID: 21394eebf0a7b1b4c89e7e3ec793049f' -> (Import Result ID: '061c7f8606f91559a7d61d8bb944e3b7') in 0.069 seconds [static and dynamic dependencies]. Details - ImportResultOutputID=7cebeefdd4192feb38c47119f55bae4e DependenciesID=f737bf19001635e6cf4d71c16524fb79 StaticDependenciesID=0c2827719b20c702f83a190510b361a5 
Importing 'GUID: 21fd13d07b0bdac4fb8ff9682743e7a6 - Path: Assets/AudioClip/rocket_lp.wav' with importer (AudioImporter)
Imported 'GUID: 21fd13d07b0bdac4fb8ff9682743e7a6' -> (Import Result ID: '76e7ca446247d43c15989304a019020b') in 0.074 seconds [static and dynamic dependencies]. Details - ImportResultOutputID=592f3a20e834ce05c1fe99e866edd70d DependenciesID=e68f375430af48796253f9b877be8867 StaticDependenciesID=575e8bb5981cb5c65ef8c96d802a9b0f 
Importing 'GUID: 415e52dcf9482fe47abe0a8390e9b0b2 - Path: Assets/AudioClip/Light_Beep_Countdown.wav' with importer (AudioImporter)
Imported 'GUID: 415e52dcf9482fe47abe0a8390e9b0b2' -> (Import Result ID: '1e5a77426873765e8d3e509d46ea06eb') in 0.060 seconds [static and dynamic dependencies]. Details - ImportResultOutputID=690024a84563f3a21091f0c7176101f8 DependenciesID=7c6aa4a797b8c4edb749b716da3377e4 StaticDependenciesID=526b9f5b301fd1d142dee57480e5f97a 
Importing 'GUID: a10a15b72f858ce49a0d59b191755d92 - Path: Assets/AudioClip/SUPER SPEEDWAY OSCAR VO AWW_02.mp3' with importer (AudioImporter)
Imported 'GUID: a10a15b72f858ce49a0d59b191755d92' -> (Import Result ID: '78cfc560e1df6cea81a20bf349e00bb1') in 0.061 seconds [static and dynamic dependencies]. Details - ImportResultOutputID=936497dafcfdbdb9f80e91974b32ce51 DependenciesID=dfb87f0c239b55577b4ffde7e910c751 StaticDependenciesID=379e915b9c88b8271f68430e807dc94f 
Importing 'GUID: c1b172bac6febd046a87c2064e2acd4e - Path: Assets/AudioClip/Mike Chilton_ahh_b.mp3' with importer (AudioImporter)
Imported 'GUID: c1b172bac6febd046a87c2064e2acd4e' -> (Import Result ID: 'e11eccfc3906999a82b47d2a53f6e5e1') in 0.064 seconds [static and dynamic dependencies]. Details - ImportResultOutputID=adef709730d602a7ff68aa6fe4659171 DependenciesID=d2b1bda1fd889f8b2f5e64ac727059c1 StaticDependenciesID=ee6ffde4bea11943d3872ed4c0cd4ffb 
Importing 'GUID: d11f32c703b2bd34d9eb70986724ce24 - Path: Assets/AudioClip/impact_noglass_02.wav' with importer (AudioImporter)
Imported 'GUID: d11f32c703b2bd34d9eb70986724ce24' -> (Import Result ID: '60fcd4f92e9e3af0081715c706bbeece') in 0.062 seconds [static and dynamic dependencies]. Details - ImportResultOutputID=842a67bf3a6c53f8b08e5c38fd6582cf DependenciesID=9daeff1a74fcd0f3e5937bc9d5989dac StaticDependenciesID=3418ee3dc702b584e74744207cbe2013 
Importing 'GUID: 523baed07c2a12b4e9d788a890107f16 - Path: Assets/AudioClip/ui_buy_button_press.wav' with importer (AudioImporter)
Imported 'GUID: 523baed07c2a12b4e9d788a890107f16' -> (Import Result ID: 'efde5c9747d2c51c148fa3122ca5053a') in 0.067 seconds [static and dynamic dependencies]. Details - ImportResultOutputID=7d60dc794d1843ca5ade1850c86f6de4 DependenciesID=efe748b9269c754f78a0ab58148de22a StaticDependenciesID=98b072818a18f80be07010a738f515c2 
Importing 'GUID: c222573656cd2d44eb154a1bf072c363 - Path: Assets/AudioClip/BEA Super Speedway WHOO HOO_02.mp3' with importer (AudioImporter)
Imported 'GUID: c222573656cd2d44eb154a1bf072c363' -> (Import Result ID: '70004579cf7f3baf68a1248b9fef0ac9') in 0.069 seconds [static and dynamic dependencies]. Details - ImportResultOutputID=d98e778245e13d600022512836ff363d DependenciesID=16a2bea59b2a09b5ea578edeb75605d0 StaticDependenciesID=97d0b6e6e2998cc2cec8a086da888244 
Importing 'GUID: c285a25c2df5f134db4a790e86cb8cbb - Path: Assets/AudioClip/Engine_Revs_01.wav' with importer (AudioImporter)
Imported 'GUID: c285a25c2df5f134db4a790e86cb8cbb' -> (Import Result ID: '975439a01b56f45ff107608b73d5f353') in 0.074 seconds [static and dynamic dependencies]. Details - ImportResultOutputID=f2bd09a01222ac9a7932a2ba4d09f9b8 DependenciesID=01d4b1aa16e3e9865309b9e09dc1175c StaticDependenciesID=8887ca7c283e67bd8fd230ffdd05b5ae 
Importing 'GUID: e282aa5b56a19df4f80f0832f5f45c50 - Path: Assets/AudioClip/GUNTHER_whoooo_b.mp3' with importer (AudioImporter)
Imported 'GUID: e282aa5b56a19df4f80f0832f5f45c50' -> (Import Result ID: 'c2211557ccad0a00810abd48e86dd890') in 0.074 seconds [static and dynamic dependencies]. Details - ImportResultOutputID=5edeefb96ccd4e166c449115d5d1b36a DependenciesID=5071b0d92522c20b47a3a2a57dbb1b65 StaticDependenciesID=4e164a57f8af8b9c70b0bc3388f6fd6a 
Importing 'GUID: 03b01e88194a150429c9d3adb3aad3e5 - Path: Assets/AudioClip/ui_shift_01.wav' with importer (AudioImporter)
Imported 'GUID: 03b01e88194a150429c9d3adb3aad3e5' -> (Import Result ID: 'ad0638b9cd0beef7872c9e5e3e6ffcd3') in 0.063 seconds [static and dynamic dependencies]. Details - ImportResultOutputID=bf8d956be124698b8d749777bd31123a DependenciesID=9d526867baa9e467235230d1338ecc02 StaticDependenciesID=6ae4248471240e7cda4242ae5ca28984 
Importing 'GUID: 13e92e2d21a00ee4ba1122707c502cfb - Path: Assets/AudioClip/DSS_PHINEAS_Woo_01.mp3' with importer (AudioImporter)
Imported 'GUID: 13e92e2d21a00ee4ba1122707c502cfb' -> (Import Result ID: 'd8408b98472ec4fa57f1e6bca946fb8c') in 0.084 seconds [static and dynamic dependencies]. Details - ImportResultOutputID=3462f1f6b511e75d5150714b86bef984 DependenciesID=f1807986af0b7551a66649c24a584bf3 StaticDependenciesID=75485fa54fe347d4b3ab7b3845cf39c1 
Importing 'GUID: 63fbbfdb526d90440b49d0649908ef96 - Path: Assets/AudioClip/BRAD_ARGH_b.mp3' with importer (AudioImporter)
Imported 'GUID: 63fbbfdb526d90440b49d0649908ef96' -> (Import Result ID: '418cd8e8b604b280c25e21c562785467') in 0.057 seconds [static and dynamic dependencies]. Details - ImportResultOutputID=4894446071cc0e7c3e14ed15e5a3a7ca DependenciesID=e12556b7b3aedc448d9cd83b62380afc StaticDependenciesID=f6f52efe515384d4ef5ee7a93186feda 
Importing 'GUID: 730974de0f84c5549a66195591db0573 - Path: Assets/AudioClip/GUNTHER_yikes_c.mp3' with importer (AudioImporter)
Imported 'GUID: 730974de0f84c5549a66195591db0573' -> (Import Result ID: '6cc6d4cc8aa171f789e3f586b7d697a2') in 0.063 seconds [static and dynamic dependencies]. Details - ImportResultOutputID=4f1743c6d1efeeefec686f01a944a582 DependenciesID=5015c60001429118f770593fc9d8ce1f StaticDependenciesID=1f5103da58682bea8245b6a42f69dabe 
Importing 'GUID: 83ae66824065f7445a2b820f515a377f - Path: Assets/AudioClip/DSS_FERB_HaHaa_01.mp3' with importer (AudioImporter)
Imported 'GUID: 83ae66824065f7445a2b820f515a377f' -> (Import Result ID: '640fe1cf9c26f4795cfe73adbe8135ce') in 0.065 seconds [static and dynamic dependencies]. Details - ImportResultOutputID=ce6cf6df47c91f7227f4bf6dd633dd19 DependenciesID=2702c96be46646054daa7ce8560ca668 StaticDependenciesID=4fdb0fc2858fcb0320fe05ec293214cb 
Importing 'GUID: 93e130f4912455945a54fa1815cbe30c - Path: Assets/AudioClip/KICK_haa_haa_b.mp3' with importer (AudioImporter)
Imported 'GUID: 93e130f4912455945a54fa1815cbe30c' -> (Import Result ID: '92fac952e846a4695ae30aa1172b4e73') in 0.072 seconds [static and dynamic dependencies]. Details - ImportResultOutputID=06e837c36c2328faebf5e5f65a55bb50 DependenciesID=6b02142fd734b8af87c0111b6c8eff0e StaticDependenciesID=b6fe83eb38a0862f30322d12459482de 
Importing 'GUID: a3a0b7b06e696624b8bae3fab520c25b - Path: Assets/AudioClip/ui_coins_added.wav' with importer (AudioImporter)
Imported 'GUID: a3a0b7b06e696624b8bae3fab520c25b' -> (Import Result ID: 'afb648f6d6a06fe5305af7869692b5ca') in 0.054 seconds [static and dynamic dependencies]. Details - ImportResultOutputID=94bcbd17d3822e0049fd3429ad47cce6 DependenciesID=bc23685c63352441803f21d1642e730e StaticDependenciesID=fb578865f4e2215221bf3e02af71cf05 
Importing 'GUID: a33d79d47afb3dd4383001ebf96a6aa9 - Path: Assets/AudioClip/scene_whoosh_03.wav' with importer (AudioImporter)
Imported 'GUID: a33d79d47afb3dd4383001ebf96a6aa9' -> (Import Result ID: '9c4eddbfa9a4642e8a6767a685173853') in 0.069 seconds [static and dynamic dependencies]. Details - ImportResultOutputID=bd66467a8be4747b12d73bf065c5a214 DependenciesID=2d312f4d4a5a1124c03059cf7564d0b5 StaticDependenciesID=b1db62f1b9b79dc3c88df61edd986186 
Importing 'GUID: d3f9eb242102b9844b5ac133017e0909 - Path: Assets/AudioClip/the-movement-loop01.mp3' with importer (AudioImporter)
Imported 'GUID: d3f9eb242102b9844b5ac133017e0909' -> (Import Result ID: '3af67ba800651cedccc96ec2092a6eb9') in 0.241 seconds [static and dynamic dependencies]. Details - ImportResultOutputID=173a50339687daba320defb6b1f4af63 DependenciesID=027377f8ee05b6111cc9973a95a970b0 StaticDependenciesID=3f872d6cce3270de6f210e4b2c74ca04 
Importing 'GUID: 14315ba317f7cf94e945fe39a018f754 - Path: Assets/AudioClip/engine04_idle_lp_01.wav' with importer (AudioImporter)
Imported 'GUID: 14315ba317f7cf94e945fe39a018f754' -> (Import Result ID: 'c85f91a9fadda3acbaa8e6dce6232084') in 0.070 seconds [static and dynamic dependencies]. Details - ImportResultOutputID=cf2592ec072474cd3a88b2e77755fc2f DependenciesID=133c8cae431a78250f6fca88897d3c7a StaticDependenciesID=ac3d8493b1962d6806927e02a3a6faee 
Importing 'GUID: 4414f4fa15dfa4b49abb50926fb78d64 - Path: Assets/AudioClip/DSS_PHINEAS_UhOh_01.mp3' with importer (AudioImporter)
Imported 'GUID: 4414f4fa15dfa4b49abb50926fb78d64' -> (Import Result ID: '96a0355e5a724b67fb45ee0dd4687020') in 0.058 seconds [static and dynamic dependencies]. Details - ImportResultOutputID=775d36eb02916f1458e98e4ec18a5824 DependenciesID=6e40df4327f26981f6dd4fe8abc2e63c StaticDependenciesID=59f1dbd5349b6f02fa6c7f4da8136743 
Importing 'GUID: a43a560ebb635a842b2bea689f8cc312 - Path: Assets/AudioClip/NINJA_YIKES_a.mp3' with importer (AudioImporter)
Imported 'GUID: a43a560ebb635a842b2bea689f8cc312' -> (Import Result ID: '2c3a20367da0cfee5fa6403b668a453e') in 0.060 seconds [static and dynamic dependencies]. Details - ImportResultOutputID=3a71d16e62180e370e6b2c09ac6b9a4e DependenciesID=6de4b519269ebb88bc6ff53fbe4f3eaf StaticDependenciesID=9ca4aa1215dacc0d4317532d90b4b902 
Importing 'GUID: b4215fde66e7110488c2b5ca9119f896 - Path: Assets/AudioClip/imp_oil_Slick.wav' with importer (AudioImporter)
Imported 'GUID: b4215fde66e7110488c2b5ca9119f896' -> (Import Result ID: '18d037450d437679762ecd792ba9d33d') in 0.066 seconds [static and dynamic dependencies]. Details - ImportResultOutputID=b20f9f303567f46d1ac30accb9a83609 DependenciesID=3bbd70361478987014e9701f43679eaa StaticDependenciesID=2a86219200dbd060a6dd735cfa699d38 
Importing 'GUID: f40161ec654c2914c9655242a58c525d - Path: Assets/AudioClip/NINJA_AWW_a.mp3' with importer (AudioImporter)
Imported 'GUID: f40161ec654c2914c9655242a58c525d' -> (Import Result ID: '06aa73e0de0560ddde33b29d29c1b333') in 0.059 seconds [static and dynamic dependencies]. Details - ImportResultOutputID=4582d1b179e861d5cb9983656ba0fce6 DependenciesID=648e68af486fa5012b4abc7586ee1871 StaticDependenciesID=a12c6b589fb06670eecbf01ac7f14104 
Importing 'GUID: f4a6ea8801983a9439cfe13cc6ff01f2 - Path: Assets/AudioClip/amb_crowd_cheering_lp.mp3' with importer (AudioImporter)
Imported 'GUID: f4a6ea8801983a9439cfe13cc6ff01f2' -> (Import Result ID: '0230615cb2d78b808fcfa0735dd29680') in 0.130 seconds [static and dynamic dependencies]. Details - ImportResultOutputID=ff95b0d6efb795911411c72e6247ec38 DependenciesID=7cba45b3cc437e4086b3c096824c1a1c StaticDependenciesID=fffbfeddee0939713af0f31228de86bd 
Importing 'GUID: f427f4708da5d924a977065338550420 - Path: Assets/AudioClip/KICK_uhoh_b.mp3' with importer (AudioImporter)
Imported 'GUID: f427f4708da5d924a977065338550420' -> (Import Result ID: '90df84e626ba0243b3b7170858a172f5') in 0.057 seconds [static and dynamic dependencies]. Details - ImportResultOutputID=9cb497382b81f9b5da9ab804e17f927f DependenciesID=7cfcd45741401eb0b4054cb9765f35fa StaticDependenciesID=25c54fdf3dff9d813f08b1c79e148340 
Importing 'GUID: f46c8d9a3ea7b4148bc4958205af3fc2 - Path: Assets/AudioClip/scene_whoosh_01.wav' with importer (AudioImporter)
Imported 'GUID: f46c8d9a3ea7b4148bc4958205af3fc2' -> (Import Result ID: '776696a8ed060f58573e59bbc2fb5784') in 0.067 seconds [static and dynamic dependencies]. Details - ImportResultOutputID=1075b5f214499cfeb5002ebc0b6cc124 DependenciesID=57ea2afec30c726f08cef0460094d079 StaticDependenciesID=7703b18701eb37a5290f65766b04002f 
Importing 'GUID: 05f4ac456170a3f4da35b218ed9759ce - Path: Assets/AudioClip/Shield Activate.mp3' with importer (AudioImporter)
Imported 'GUID: 05f4ac456170a3f4da35b218ed9759ce' -> (Import Result ID: 'eb5168940b97f873175a623276b8e15b') in 0.084 seconds [static and dynamic dependencies]. Details - ImportResultOutputID=57c729207c38a1dcdff5e7f4cb4e8d8f DependenciesID=75635d164db52ff053d2be62be395f4b StaticDependenciesID=ba9fd200ac1e77a1c211d84ebbe1bea9 
Importing 'GUID: 1547bbd9419dfef4d83bfe44678cb4bd - Path: Assets/AudioClip/DSS_PHINEAS_HaHaa_03.mp3' with importer (AudioImporter)
Imported 'GUID: 1547bbd9419dfef4d83bfe44678cb4bd' -> (Import Result ID: '207e339d70cee015b86a2d0bf5d464df') in 0.062 seconds [static and dynamic dependencies]. Details - ImportResultOutputID=dbbe3da5e4395f7560d1eead3f397408 DependenciesID=183db9e973a9e185a9a61aab32c0f5d0 StaticDependenciesID=2e28d3f79c624d85f7b3332849af8180 
Importing 'GUID: 3592e1ae30fbbe24f9f91db549cde78e - Path: Assets/AudioClip/Mike Chilton_whoooo_f.mp3' with importer (AudioImporter)
Imported 'GUID: 3592e1ae30fbbe24f9f91db549cde78e' -> (Import Result ID: '650fb9a6df5cd73471752960a4c0a620') in 0.067 seconds [static and dynamic dependencies]. Details - ImportResultOutputID=b7ec35fa4e269fd202401665d40ebdaa DependenciesID=45385b059859743f9044f34476120391 StaticDependenciesID=2d000cea5b98688312ba9e9cf0b60c98 
Importing 'GUID: 7575e3f70d2caa346a108b68247e85c6 - Path: Assets/AudioClip/BRAD_HEY COME ON_a.mp3' with importer (AudioImporter)
Imported 'GUID: 7575e3f70d2caa346a108b68247e85c6' -> (Import Result ID: 'd98f0523f3bcc0dcd3c6c81930546de3') in 0.070 seconds [static and dynamic dependencies]. Details - ImportResultOutputID=1de856da7d3d238bdd57194c546c778e DependenciesID=0716eba69b77bca02327b52d7a1ee9e5 StaticDependenciesID=2d886f803e3359341618cc9341f4cd04 
Importing 'GUID: 8554a0669b732184f94e5665d832c808 - Path: Assets/AudioClip/DSS_DIPPER_Aww_01.mp3' with importer (AudioImporter)
Imported 'GUID: 8554a0669b732184f94e5665d832c808' -> (Import Result ID: '3f1bf8e279f21244b045c0536cdcb126') in 0.066 seconds [static and dynamic dependencies]. Details - ImportResultOutputID=6c6c1e31a9fe87976005986f650c8270 DependenciesID=0d8bbb0a3bd8b827879546080be9c030 StaticDependenciesID=35eb6db879d1706b3fb4f3db0cecd36a 
Importing 'GUID: b543dc73518ed88498053d0ef8f7495f - Path: Assets/AudioClip/ARGH_MABEL_b.mp3' with importer (AudioImporter)
Imported 'GUID: b543dc73518ed88498053d0ef8f7495f' -> (Import Result ID: '62997ae9eb43d943e09a31a65045ac37') in 0.068 seconds [static and dynamic dependencies]. Details - ImportResultOutputID=6d75a4cb9fe050699cff6918bc4eefb2 DependenciesID=bb93360b645ec1bf38a053cfcb2f4220 StaticDependenciesID=e9e2660f3731e935d072445c84f2cfc3 
Importing 'GUID: d56d012f28e5ba248af10d3e8b0ba4bd - Path: Assets/AudioClip/GUNTHER_ha_ha_a.mp3' with importer (AudioImporter)
Imported 'GUID: d56d012f28e5ba248af10d3e8b0ba4bd' -> (Import Result ID: '2e745e68549bb856612e61e9f2d6da60') in 0.070 seconds [static and dynamic dependencies]. Details - ImportResultOutputID=763be9514d4f4f4ccec29f04f51b10ca DependenciesID=1b63e9d06da7c75acecfd30604b8b5db StaticDependenciesID=3994d408ec958c4fc608d1809b15ead2 
Importing 'GUID: e5ae72ceede681f4aaef904b9da06969 - Path: Assets/AudioClip/DSS_FERB_Aww_04.mp3' with importer (AudioImporter)
Imported 'GUID: e5ae72ceede681f4aaef904b9da06969' -> (Import Result ID: '4d869643073e0dc8fc9fcff9408fb559') in 0.075 seconds [static and dynamic dependencies]. Details - ImportResultOutputID=056314a5b8fefdc72663300962bccee6 DependenciesID=c25ab99875479c4d29574e95c5c33573 StaticDependenciesID=2bb1f7138a64ceda97dbb4b7a5045643 
Importing 'GUID: f571047f3ae6ffc49951e01c0ec6bbae - Path: Assets/AudioClip/Engine_Revs_03.wav' with importer (AudioImporter)
Imported 'GUID: f571047f3ae6ffc49951e01c0ec6bbae' -> (Import Result ID: '783fd9121882a933405b1d3ae47ef4c7') in 0.073 seconds [static and dynamic dependencies]. Details - ImportResultOutputID=4c241f6098cc55320f20ee83b5684e2f DependenciesID=ebbed707646cde80bd8d20d285c247f7 StaticDependenciesID=0481a7046115703809061789f0b40fb9 
Importing 'GUID: 262da22ec6674024094adf353b61d932 - Path: Assets/AudioClip/DSS_FERB_Ahhh_01.mp3' with importer (AudioImporter)
Imported 'GUID: 262da22ec6674024094adf353b61d932' -> (Import Result ID: 'd4ca5524f705b43b3b188322fe2ae8a3') in 0.064 seconds [static and dynamic dependencies]. Details - ImportResultOutputID=ad944219c77585a4892377114c3a6416 DependenciesID=7c26827a9df0ea713eab1e3ae0af0042 StaticDependenciesID=c6b21599c63c94496a1b2cc3a4322781 
Importing 'GUID: 7658ac5f778ef6b48b554de25e421cfc - Path: Assets/AudioClip/SUPER SPEEDWAY OSCAR VO WHOOOOO_01.mp3' with importer (AudioImporter)
Imported 'GUID: 7658ac5f778ef6b48b554de25e421cfc' -> (Import Result ID: 'aefe5e0ccf28f04026e891f6ef01463e') in 0.062 seconds [static and dynamic dependencies]. Details - ImportResultOutputID=70391e442a9322b5a0f153bb69ceb8e1 DependenciesID=82f58e93238265ec6f30b2e0370ec828 StaticDependenciesID=fd4f226522986dcffd034d87dbafda8f 
Importing 'GUID: 763c75fb42bdd3f42bc0651083038d8d - Path: Assets/AudioClip/ACK_MABEL_f.mp3' with importer (AudioImporter)
Imported 'GUID: 763c75fb42bdd3f42bc0651083038d8d' -> (Import Result ID: '85113e6232dff2610621c56ca64b2ebb') in 0.058 seconds [static and dynamic dependencies]. Details - ImportResultOutputID=e8e7966f256b2a9954c9f72bff491dcd DependenciesID=416a371688ea0f10a2723cccc136b8f5 StaticDependenciesID=15eaa6c1fcf35692bda3384d856296f4 
Importing 'GUID: 961e822d211dcc548bd3d345887b1165 - Path: Assets/AudioClip/HEE_HEE_MABEL_d.mp3' with importer (AudioImporter)
Imported 'GUID: 961e822d211dcc548bd3d345887b1165' -> (Import Result ID: '817513a799c9d9d1773439000c41c6c6') in 0.070 seconds [static and dynamic dependencies]. Details - ImportResultOutputID=93ad3fb603aba5039e1a4e8234884f83 DependenciesID=699dde2ad6253a907861f8fcb942e645 StaticDependenciesID=06a89e6447bac78758d0bcf0a0109328 
Importing 'GUID: c6783ca119a7d754380248b4c182a286 - Path: Assets/AudioClip/UH_OH_MABEL_b.mp3' with importer (AudioImporter)
Imported 'GUID: c6783ca119a7d754380248b4c182a286' -> (Import Result ID: '668d196f593205dcdba53cdc28536c23') in 0.074 seconds [static and dynamic dependencies]. Details - ImportResultOutputID=e84bc081b24c2a3e1bfe9b2126344679 DependenciesID=bee5d5a94537318ded8906b909349bb4 StaticDependenciesID=6caf1fa4319a130f80f651683f80f5ec 
Importing 'GUID: c6cc64fbeefac014fa8166257d2cf6c5 - Path: Assets/AudioClip/powerup_coin.wav' with importer (AudioImporter)
Imported 'GUID: c6cc64fbeefac014fa8166257d2cf6c5' -> (Import Result ID: '914c2af0fe062da16ab6f389511efc78') in 0.055 seconds [static and dynamic dependencies]. Details - ImportResultOutputID=1af34ea42e75544c302657d62325f329 DependenciesID=fb7b47f5a3f3f79f6231cee7828199d7 StaticDependenciesID=c7ac28727bca4a6530cde8c84d0a9280 
Importing 'GUID: e65754bff37ec9349ab634b59e233d43 - Path: Assets/AudioClip/YIKES_MABEL_a.mp3' with importer (AudioImporter)
Imported 'GUID: e65754bff37ec9349ab634b59e233d43' -> (Import Result ID: 'fa76e839ff7dc098173d5ffb19ff3f04') in 0.066 seconds [static and dynamic dependencies]. Details - ImportResultOutputID=fd75a2a3c384288a59259ef2027656a9 DependenciesID=1a49edbba8d0a6b0cb58dd93eda198f5 StaticDependenciesID=38a596c41d92cfcab77544667e144ad3 
Importing 'GUID: f6d3916945a1e2344a51bef90c096254 - Path: Assets/AudioClip/coin_pickup.wav' with importer (AudioImporter)
Imported 'GUID: f6d3916945a1e2344a51bef90c096254' -> (Import Result ID: '288216155726ec6583ee8a832c056b3c') in 0.059 seconds [static and dynamic dependencies]. Details - ImportResultOutputID=3cd3a7ff41d65b0bc975f404ec4fec22 DependenciesID=365b48d176cf14e3e45e19ca47b5272a StaticDependenciesID=6dd7c21b1ef8a579eca26a3031ecda53 
Importing 'GUID: 5762f4c6edd20ad42ad1e671cd53ba57 - Path: Assets/AudioClip/BRAD_HAA HAA_b.mp3' with importer (AudioImporter)
Imported 'GUID: 5762f4c6edd20ad42ad1e671cd53ba57' -> (Import Result ID: 'eb1911560e2b506364f4487ad34c2a4d') in 0.096 seconds [static and dynamic dependencies]. Details - ImportResultOutputID=3956bf55b49d8f6f4c1e14916ae9ad07 DependenciesID=a87099e176ebae83be69e1a677ce680e StaticDependenciesID=648f56436f946236dff87d3cc1fe7fa1 
Importing 'GUID: 57ff22a74301825488469f26f80afaf6 - Path: Assets/AudioClip/DSS_DIPPER_AhHaHa_01.mp3' with importer (AudioImporter)
Imported 'GUID: 57ff22a74301825488469f26f80afaf6' -> (Import Result ID: '44648c43285fccd7fa93f14fc8aab79b') in 0.070 seconds [static and dynamic dependencies]. Details - ImportResultOutputID=e9da88d1f6f6879d301f870b553f65e6 DependenciesID=e63655863d3b34f95af5a4a95ce42780 StaticDependenciesID=e408982144ec905e0306e3ecf58dd77b 
Importing 'GUID: 6795703a33446bc4fadf3c4ef5878400 - Path: Assets/AudioClip/rocket_exp.wav' with importer (AudioImporter)
Imported 'GUID: 6795703a33446bc4fadf3c4ef5878400' -> (Import Result ID: '0d8d0123bb3056de0a0fc3e228d00e64') in 0.072 seconds [static and dynamic dependencies]. Details - ImportResultOutputID=798c76d44adf1beaa7eb6f96f740d93a DependenciesID=9b1fde667e77e8255d850fbb1a9d9810 StaticDependenciesID=51507e3508e0be1e96e5d7bca77d33cc 
Importing 'GUID: 77867df0f41b91745872f725a51e62cf - Path: Assets/AudioClip/KICK_argh_b.mp3' with importer (AudioImporter)
Imported 'GUID: 77867df0f41b91745872f725a51e62cf' -> (Import Result ID: '249f10ec52afbf6f0901e7568c95a1d7') in 0.060 seconds [static and dynamic dependencies]. Details - ImportResultOutputID=9a1cfdfb8eea57c8f1551f6a02c03dd4 DependenciesID=c173437d128e0fa16044d06c4cf74880 StaticDependenciesID=388bf4d924f54c558a2298d7dc209e57 
Importing 'GUID: 77bec1b85205f1c47aa92c4357016c49 - Path: Assets/AudioClip/mus_lose.mp3' with importer (AudioImporter)
Imported 'GUID: 77bec1b85205f1c47aa92c4357016c49' -> (Import Result ID: '53203ccc7b0c357f0d829811b168fbc3') in 0.116 seconds [static and dynamic dependencies]. Details - ImportResultOutputID=337920e6df77c3ed45ce5bf43f40a4dc DependenciesID=196c800113e8b628de6eb4556859a0ce StaticDependenciesID=7e7214edd62d531e03ece722887fb75b 
Importing 'GUID: a7f08b87838ec4946a4ab2b259c52425 - Path: Assets/AudioClip/jump_landing.wav' with importer (AudioImporter)
Imported 'GUID: a7f08b87838ec4946a4ab2b259c52425' -> (Import Result ID: '98613dab15cdc54c03db6c5201c754bc') in 0.064 seconds [static and dynamic dependencies]. Details - ImportResultOutputID=d24031ef886974f6c1d922f8acad11c5 DependenciesID=a0d17e61752230f6d98df636a31f7029 StaticDependenciesID=1c17e8aa03edaf9ddfa4b45d257001f6 
Importing 'GUID: c7b305b6f5634d34cbad31996bf0d663 - Path: Assets/AudioClip/PF Main Title TRK - loop.mp3' with importer (AudioImporter)
Imported 'GUID: c7b305b6f5634d34cbad31996bf0d663' -> (Import Result ID: 'e8c11f10ff59e1c8655d490a7e1b4a1e') in 0.396 seconds [static and dynamic dependencies]. Details - ImportResultOutputID=7fe751cf18122927794bf6a718fcd520 DependenciesID=0bc5bf3180d6b7b80b1ba35c52dd776b StaticDependenciesID=c42325a80f16bf79fe1200a2a38ab1b3 
Importing 'GUID: e7dc602beb43faa4c81a052830a12854 - Path: Assets/AudioClip/KICK_yikes_a.mp3' with importer (AudioImporter)
Imported 'GUID: e7dc602beb43faa4c81a052830a12854' -> (Import Result ID: 'e266f9069f79e0027963b5653f046735') in 0.073 seconds [static and dynamic dependencies]. Details - ImportResultOutputID=e65564e2f48a617ad55fcb239e8534d4 DependenciesID=b204bafd0d6233c1d6c4e7539a51c0dd StaticDependenciesID=bc7fd17cbf77e0c71f82c0c93e56524f 
Importing 'GUID: 2815d23aa5ce6fe43a9cac45a86638e2 - Path: Assets/AudioClip/BEA Super Speedway HEE HEE_01.mp3' with importer (AudioImporter)
Imported 'GUID: 2815d23aa5ce6fe43a9cac45a86638e2' -> (Import Result ID: 'e345f591fd48882167cc79aca48cac0f') in 0.065 seconds [static and dynamic dependencies]. Details - ImportResultOutputID=d84cbaadcc4dbff57bdf5adb101912db DependenciesID=b89f23bd25a5e75bec65e579cf5c2991 StaticDependenciesID=6cabca73a9812aa10bcd426542279dd0 
Importing 'GUID: 6837adbc347496c49934d52d55af827f - Path: Assets/AudioClip/Engine_Revs_02.wav' with importer (AudioImporter)
Imported 'GUID: 6837adbc347496c49934d52d55af827f' -> (Import Result ID: '4b758f4c84e9081e5ab76241f8aa80c1') in 0.089 seconds [static and dynamic dependencies]. Details - ImportResultOutputID=2021f4e52b567638be44087b0726fc7c DependenciesID=dc1d525d26d27cd2e9b72907a2531adf StaticDependenciesID=4fd0c58f0995bada752c4b153ebee2ce 
Importing 'GUID: a8830d00a8aab6a479ed624e6481a6f8 - Path: Assets/AudioClip/GUNTHER_aww_c.mp3' with importer (AudioImporter)
Imported 'GUID: a8830d00a8aab6a479ed624e6481a6f8' -> (Import Result ID: 'a5d0e36f0ee1b8ce7057777ec6d2293b') in 0.079 seconds [static and dynamic dependencies]. Details - ImportResultOutputID=9e25f7581c942b4bfe3ad266a2a34f25 DependenciesID=c612e11b55481672eedd824f6783c0f4 StaticDependenciesID=b69929c6c125ca37b116fc2f4f916ddd 
Importing 'GUID: b89037ce1dc7a224ba043839efe45011 - Path: Assets/AudioClip/DSS_FERB_Aww_02.mp3' with importer (AudioImporter)
Imported 'GUID: b89037ce1dc7a224ba043839efe45011' -> (Import Result ID: '73ca426edd2f60e1aaf7deb32209e060') in 0.070 seconds [static and dynamic dependencies]. Details - ImportResultOutputID=df87eaa98591a89cf3a6673126869667 DependenciesID=f69ddec615fc29235be809331abf1144 StaticDependenciesID=ab645ad425552513caaa7c51820a43c6 
Importing 'GUID: c8006ba3704844e4eae897892fedc8de - Path: Assets/AudioClip/SUPER SPEEDWAY OSCAR VO AHH_02.mp3' with importer (AudioImporter)
Imported 'GUID: c8006ba3704844e4eae897892fedc8de' -> (Import Result ID: '1a81752e6bd547d0ea23671ab51c2c0b') in 0.070 seconds [static and dynamic dependencies]. Details - ImportResultOutputID=30c98e41eea3c690273c30e77547ba41 DependenciesID=baab46007eaf9ec77c64c1e09e642a7d StaticDependenciesID=a30a0f71175ec17ae36eee6a32cc87c5 
Importing 'GUID: d8cf5465706c9d344b6fd59f9e2b97d0 - Path: Assets/AudioClip/DSS_FERB_Woo_01.mp3' with importer (AudioImporter)
Imported 'GUID: d8cf5465706c9d344b6fd59f9e2b97d0' -> (Import Result ID: '15fc832d885c00f6761b0b8199e01a05') in 0.068 seconds [static and dynamic dependencies]. Details - ImportResultOutputID=cb653093afca52ca472d726b67414d6b DependenciesID=091d59efa36b3690ce8ca0008054f213 StaticDependenciesID=ccd3cc8d99b8cd5056f29626f6492a95 
Importing 'GUID: 09470d5cd78513946aa3cd987b7f0846 - Path: Assets/AudioClip/BEA Super Speedway AHH_01.mp3' with importer (AudioImporter)
Imported 'GUID: 09470d5cd78513946aa3cd987b7f0846' -> (Import Result ID: '365f93b57c06bca82a37cd396d7585a2') in 0.059 seconds [static and dynamic dependencies]. Details - ImportResultOutputID=eef823721ac8d7fc90bb5c771fc2e071 DependenciesID=b72b286c7b962c9ddf2919235feecfc1 StaticDependenciesID=8e8a87bc6b9d04c55340cad4bd6c51a3 
Importing 'GUID: 093f902f0644ff84e92db913f6026f40 - Path: Assets/AudioClip/NINJA_NYA NYA_a.mp3' with importer (AudioImporter)
Imported 'GUID: 093f902f0644ff84e92db913f6026f40' -> (Import Result ID: 'c272fab23c65d59bc5f0441304a670fa') in 0.063 seconds [static and dynamic dependencies]. Details - ImportResultOutputID=dcdf84772171b17791d2a72663826566 DependenciesID=d9244cda442155879a98dbfd703102d7 StaticDependenciesID=0d088ef28749a4b8b32de2d24fe56ef4 
Importing 'GUID: 193187caccbec114eb822521c4cd4908 - Path: Assets/AudioClip/DSS_MILO_UhOh_02.mp3' with importer (AudioImporter)
Imported 'GUID: 193187caccbec114eb822521c4cd4908' -> (Import Result ID: '44779ddc92960002fd66dae7bc766cef') in 0.057 seconds [static and dynamic dependencies]. Details - ImportResultOutputID=6e15465ba77ddc4d0d11b4686ea0df00 DependenciesID=d7f89b4de262088277c0124602efeada StaticDependenciesID=1c44777ed2d2e7fe9cfc62ce2274b067 
Importing 'GUID: 2976636bd392f164ca9bed440b086f42 - Path: Assets/AudioClip/Lazer #3.wav' with importer (AudioImporter)
Imported 'GUID: 2976636bd392f164ca9bed440b086f42' -> (Import Result ID: 'b4c19896d9e1bb938e39e763c5784ea2') in 0.061 seconds [static and dynamic dependencies]. Details - ImportResultOutputID=aff3a6137d4af8de1188500eb78b1117 DependenciesID=a5e8c3a21fbd11c4e77109646a544196 StaticDependenciesID=d37c4c6fbcbbf5ce84f81a6955a411ae 
Importing 'GUID: 492711fe1ad632a4cb29afcfadf24ee7 - Path: Assets/AudioClip/Fish Hooks FINAL Main Title MUSIC ONLY loop.mp3' with importer (AudioImporter)
Imported 'GUID: 492711fe1ad632a4cb29afcfadf24ee7' -> (Import Result ID: '37d65649f8af33b11c9a825eb8128f05') in 0.430 seconds [static and dynamic dependencies]. Details - ImportResultOutputID=4cdcd0c20b6e26fe4178cce929fbe757 DependenciesID=36a159a7f7ead2d7057adf240de3b9be StaticDependenciesID=654ffb8a0e249bc831470f5b196d2f0e 
Importing 'GUID: 59a7adde571e29f4ab9b23c259e460ba - Path: Assets/AudioClip/DSS_MILO_HaHaa_01.mp3' with importer (AudioImporter)
Imported 'GUID: 59a7adde571e29f4ab9b23c259e460ba' -> (Import Result ID: 'a4918015ade679edd391aec86a0ae994') in 0.075 seconds [static and dynamic dependencies]. Details - ImportResultOutputID=0ad792c896884dc22bc0781fc14efa66 DependenciesID=1ea7b3b58f85afb04ebc81d7f1e2f8b7 StaticDependenciesID=e531bd73ebe1d92c114dd95c16a45df4 
Importing 'GUID: 79dc7c90a50488c4197064048c96d124 - Path: Assets/AudioClip/SI-6037_08_05.wav' with importer (AudioImporter)
Imported 'GUID: 79dc7c90a50488c4197064048c96d124' -> (Import Result ID: '384d300c48f41680f3c38fccd270e8e6') in 0.058 seconds [static and dynamic dependencies]. Details - ImportResultOutputID=bebb3168d00ffad6f7a1de8c0f9944ac DependenciesID=58206d73ed6acb06a98f5cd36d9a6ca7 StaticDependenciesID=a5980c25d7f73aa6d3dc353bc075b66f 
Importing 'GUID: d983113f2d29f78409b5fd539d4c975c - Path: Assets/AudioClip/wrong_way_buzzer.wav' with importer (AudioImporter)
Imported 'GUID: d983113f2d29f78409b5fd539d4c975c' -> (Import Result ID: '14637042faacb57257a498bdb6f979f6') in 0.066 seconds [static and dynamic dependencies]. Details - ImportResultOutputID=28969dbe0d2810a40a1a820ebda4fe39 DependenciesID=c6a8b5e66c02b8e503aaf31f35593f3a StaticDependenciesID=0bbb1ed556e2ee68e5c542aad2be612b 
Importing 'GUID: 5a27034ac910dc941b7d927920688e2b - Path: Assets/AudioClip/PERRY_GURGLE.mp3' with importer (AudioImporter)
Imported 'GUID: 5a27034ac910dc941b7d927920688e2b' -> (Import Result ID: '78b6fa376c21fe96662d3b14e88d1ac6') in 0.084 seconds [static and dynamic dependencies]. Details - ImportResultOutputID=21834d0f617226052ad5dae52c3f8fa9 DependenciesID=ebe249c523610906fcea1cf6b6913c90 StaticDependenciesID=1764cf50cde17380cc9d1c82d5a00353 
Importing 'GUID: 6af8ce17b8a5e154bbc1380afcaad626 - Path: Assets/AudioClip/Light_Beep_Start.wav' with importer (AudioImporter)
Imported 'GUID: 6af8ce17b8a5e154bbc1380afcaad626' -> (Import Result ID: 'bc095eb553d0e9457b34302e4ef8a576') in 0.066 seconds [static and dynamic dependencies]. Details - ImportResultOutputID=f06ccce10e5a9bf3ad7468bb2cdf6b13 DependenciesID=de20c577fd6b2282a94b3bfb4b651164 StaticDependenciesID=6de31b244ac2ec6c077af940b3a0e2d6 
Importing 'GUID: aa35fdd408d8d7748bd85660f68b1c3a - Path: Assets/AudioClip/DSS_MILO_Woo_01.mp3' with importer (AudioImporter)
Imported 'GUID: aa35fdd408d8d7748bd85660f68b1c3a' -> (Import Result ID: '8e6710507046b518a981df865a0c4b58') in 0.069 seconds [static and dynamic dependencies]. Details - ImportResultOutputID=cec652b5c6d3635cab92afe09c3ee63c DependenciesID=1f005b3569f76116c040fdfb7d8cf7c8 StaticDependenciesID=7570f70f3fe616da1a53c8b7d471ccdd 
Importing 'GUID: cae267fcecf0e3347b05cb01c803c2b8 - Path: Assets/AudioClip/BRAD_YEA BRAD_c.mp3' with importer (AudioImporter)
Imported 'GUID: cae267fcecf0e3347b05cb01c803c2b8' -> (Import Result ID: 'a509cb2ab02d74b12dffb896952950d9') in 0.073 seconds [static and dynamic dependencies]. Details - ImportResultOutputID=512d712940613b0b9f55879c39696bc2 DependenciesID=8f4c9cba2d4362ba7114ba673993d98e StaticDependenciesID=0f15a826dc99b4af25786dbeb8404087 
Importing 'GUID: ca466d3cd89010240b0a8b5eb29e54c9 - Path: Assets/AudioClip/DSS_PHINEAS_Ack_01.mp3' with importer (AudioImporter)
Imported 'GUID: ca466d3cd89010240b0a8b5eb29e54c9' -> (Import Result ID: '32ae60b47db9b3eb9ead434bc93e9951') in 0.076 seconds [static and dynamic dependencies]. Details - ImportResultOutputID=8f87ac37e4cbe489ed3dfba5ee11fd96 DependenciesID=616f7091d107175a45498a6c3685395e StaticDependenciesID=dfcfcb584f2df78a29ad3ae924bc7f1c 
Importing 'GUID: da571494c5bff8241846d4650eeee11b - Path: Assets/AudioClip/ui_select.wav' with importer (AudioImporter)
Imported 'GUID: da571494c5bff8241846d4650eeee11b' -> (Import Result ID: '7f949087e4765b50ef31c9c19563e727') in 0.064 seconds [static and dynamic dependencies]. Details - ImportResultOutputID=c098f811217b88fc8dba2c879847374f DependenciesID=d58e54f3786ca675dc2667f172e00013 StaticDependenciesID=7fdc4e59c21c52611593320e941d3a52 
Importing 'GUID: ea11e503b0993e04395df675ef793a1e - Path: Assets/AudioClip/BEA Super Speedway OH OH_03.mp3' with importer (AudioImporter)
Imported 'GUID: ea11e503b0993e04395df675ef793a1e' -> (Import Result ID: '0606b3efbc3d53c04eef858988107f0b') in 0.066 seconds [static and dynamic dependencies]. Details - ImportResultOutputID=a4385befc60752c39e1f6df96f0e2679 DependenciesID=38223feb826d00be55de2fe21b9efb96 StaticDependenciesID=c1404871d0a203f4165cd8bc1b803cf3 
Importing 'GUID: ea94df6425a213f43abba4f923d63792 - Path: Assets/AudioClip/DSS_MILO_WooHoo_01.mp3' with importer (AudioImporter)
Imported 'GUID: ea94df6425a213f43abba4f923d63792' -> (Import Result ID: '4f7963a85d8cdbadc4fbc1c7d85ec3ce') in 0.086 seconds [static and dynamic dependencies]. Details - ImportResultOutputID=9e03a746ee6ea263d021db379f7179f1 DependenciesID=dcba260a9e3e9e801038aea0bf348df0 StaticDependenciesID=78063ac57d21b6f7185024d73f10b025 
Importing 'GUID: 1b4e9e368048c4047a8ff5023f9a340a - Path: Assets/AudioClip/amb_city_lp.mp3' with importer (AudioImporter)
Imported 'GUID: 1b4e9e368048c4047a8ff5023f9a340a' -> (Import Result ID: '7d8f62141a42b53a739ceb4cf0c1f524') in 0.269 seconds [static and dynamic dependencies]. Details - ImportResultOutputID=ea0f21ea05f45c08bf568ef30cef9b1d DependenciesID=55ec34b18504bf48269de9e7ba730cae StaticDependenciesID=31d3f0f8265807f400e6b269d56c3597 
Importing 'GUID: 3ba697a0b3b11ba4084de02ad07da8fb - Path: Assets/AudioClip/rocket_fire.wav' with importer (AudioImporter)
Imported 'GUID: 3ba697a0b3b11ba4084de02ad07da8fb' -> (Import Result ID: '86644e542c91fe248c3aa64b8d6eb238') in 0.074 seconds [static and dynamic dependencies]. Details - ImportResultOutputID=0fa2e0445c821da8c81aeb49e79d7df9 DependenciesID=78a687b668ab1b079bf0716bb559e96d StaticDependenciesID=d16af7e2080559f88262186fd23279be 
Importing 'GUID: 6bb456369c4816f42a738c94d4058ff3 - Path: Assets/AudioClip/amb_water_flowing_lp.wav' with importer (AudioImporter)
Imported 'GUID: 6bb456369c4816f42a738c94d4058ff3' -> (Import Result ID: '91a4ff43f6bc5930e76a7025c6e26439') in 0.083 seconds [static and dynamic dependencies]. Details - ImportResultOutputID=3e614e1c736f37f3d6fd226bd9a682fd DependenciesID=e8de83d33e4a38e9887a7b2cbd065b32 StaticDependenciesID=fdacd5fe6e5c5f9bdc716acfe3816224 
Importing 'GUID: 8b02d6b75ca9ed242b92682de196fce1 - Path: Assets/AudioClip/DSS_PHINEAS_Aww_01.mp3' with importer (AudioImporter)
Imported 'GUID: 8b02d6b75ca9ed242b92682de196fce1' -> (Import Result ID: '78c86faf2a612bbd20e0ecabdc4a2ef6') in 0.072 seconds [static and dynamic dependencies]. Details - ImportResultOutputID=f98f15eb26f1f356d6588365d5717191 DependenciesID=4090513292823040ef22c772ed4542d4 StaticDependenciesID=63c86c0fe8235ba8773010735c7394f3 
Importing 'GUID: 8bdb69c7e1b98134899904e952f58d32 - Path: Assets/AudioClip/Mike Chilton_uh_oh_b.mp3' with importer (AudioImporter)
Imported 'GUID: 8bdb69c7e1b98134899904e952f58d32' -> (Import Result ID: '49f25ae82293d9f478968395987cbbe1') in 0.061 seconds [static and dynamic dependencies]. Details - ImportResultOutputID=5650d73397a1597a1e9b9ad1953e75e6 DependenciesID=22670a9b67901b1bd969439082d76c43 StaticDependenciesID=b35fe6c9efa47e5f851ebfd695d65d0f 
Importing 'GUID: ab37f182ccfa00f46a684bf1b4231440 - Path: Assets/AudioClip/SUPER SPEEDWAY OSCAR VO NYA NYA_02.mp3' with importer (AudioImporter)
Imported 'GUID: ab37f182ccfa00f46a684bf1b4231440' -> (Import Result ID: '3072e10ea4b7e6c3083fc8fe437b3ec6') in 0.071 seconds [static and dynamic dependencies]. Details - ImportResultOutputID=f36ba9ac4f5db576337cd1b1cdb3d63f DependenciesID=14765efa8d3232e7c7245fc789e8eff4 StaticDependenciesID=28c10b74ca90517648faebe49f5d13bc 
Importing 'GUID: ab5edc2f80b6cae40b2da46530ac1eb5 - Path: Assets/AudioClip/LAZER2.wav' with importer (AudioImporter)
Imported 'GUID: ab5edc2f80b6cae40b2da46530ac1eb5' -> (Import Result ID: 'db2d28c3b03573b06273e2fcb8723d08') in 0.066 seconds [static and dynamic dependencies]. Details - ImportResultOutputID=7f94819111cd849cf698f914931fc472 DependenciesID=e3c8570bfd62f3f96e9fa94ab6a743eb StaticDependenciesID=e57d57c1d222d4aaae4a97f39211e60e 
Importing 'GUID: bbe91689dcddaaf4bb77b25e3e9c3bb0 - Path: Assets/AudioClip/SUPER SPEEDWAY OSCAR VO WAHHH WAHHH_04.mp3' with importer (AudioImporter)
Imported 'GUID: bbe91689dcddaaf4bb77b25e3e9c3bb0' -> (Import Result ID: '1343f7bd5132bd42d587153ac57b390f') in 0.070 seconds [static and dynamic dependencies]. Details - ImportResultOutputID=cb20226f8243ee5e816373e9dba522bd DependenciesID=b393c35bff933a00ed00ca3729c70ede StaticDependenciesID=fb60815ecf7829c43ef1292a70c03772 
Importing 'GUID: 0c78fe17a165c1c42a939c2e027dddaf - Path: Assets/AudioClip/rocket_impact_shield.wav' with importer (AudioImporter)
Imported 'GUID: 0c78fe17a165c1c42a939c2e027dddaf' -> (Import Result ID: '17afac992843462153ba4e9bde02cb8d') in 0.063 seconds [static and dynamic dependencies]. Details - ImportResultOutputID=63858ca0629b60363adf6a13d7ede21e DependenciesID=25ffe719be695b545c8d3a227f02ca17 StaticDependenciesID=b1ab3bb004969882abad2e24885baf29 
Importing 'GUID: 1c9392070d6a0c44b8d3b7cfe636553e - Path: Assets/AudioClip/WHOO_HOO_MABEL_a.mp3' with importer (AudioImporter)
Imported 'GUID: 1c9392070d6a0c44b8d3b7cfe636553e' -> (Import Result ID: '35940d575d3bca550e59b10c0aa96cf5') in 0.064 seconds [static and dynamic dependencies]. Details - ImportResultOutputID=6c50eb901381d1ef5270ac8347fc3dae DependenciesID=923335f5abf2b6efd02603a71bf9c951 StaticDependenciesID=17cf6e3f371e040d2150483adcfa8e20 
Importing 'GUID: 1c6a860e141d24843878e3945003fddf - Path: Assets/AudioClip/KICK_whoo_hoo_a.mp3' with importer (AudioImporter)
Imported 'GUID: 1c6a860e141d24843878e3945003fddf' -> (Import Result ID: 'ec253cbafcf6f1188985d340cf39f9bf') in 0.065 seconds [static and dynamic dependencies]. Details - ImportResultOutputID=ba2ec6475ba2ee41d2027c41dc139143 DependenciesID=362638bd4694ae8f926bc432e34038be StaticDependenciesID=67ec739f91d459f5188df4f6e5fea9c6 
Importing 'GUID: 2c80d0675604748438fa69565adec236 - Path: Assets/AudioClip/pyro_fire_burst.wav' with importer (AudioImporter)
Imported 'GUID: 2c80d0675604748438fa69565adec236' -> (Import Result ID: '51b4c592df5ee52297cffc7a53242d86') in 0.066 seconds [static and dynamic dependencies]. Details - ImportResultOutputID=a2306675eb77f9d61b9b2e51c325b67b DependenciesID=b3114a05b7960547833b25b76930d299 StaticDependenciesID=80741d52ef47492e6ec85026229e562c 
Importing 'GUID: 2c167d00398451543aa1c476312069f6 - Path: Assets/AudioClip/ui_shift_02.wav' with importer (AudioImporter)
Imported 'GUID: 2c167d00398451543aa1c476312069f6' -> (Import Result ID: '2e191013eef36ad55a35ef8b07c32811') in 0.057 seconds [static and dynamic dependencies]. Details - ImportResultOutputID=a42e73def1cfebf58f6b6e88aa0c4166 DependenciesID=eba4a0e3567353eaba1c34669dfcacd5 StaticDependenciesID=96faa1242e0330e0bd250101f21a8934 
Importing 'GUID: 5cfd6489ef5f2f44f97aad197fb68225 - Path: Assets/AudioClip/mus_win.mp3' with importer (AudioImporter)
Imported 'GUID: 5cfd6489ef5f2f44f97aad197fb68225' -> (Import Result ID: '5d3d28d32bf3c95d8d368bf5d8c1a6cc') in 0.120 seconds [static and dynamic dependencies]. Details - ImportResultOutputID=93e546c5093e6a234a419c63b9648aba DependenciesID=ea12bf5ed4606651852d3b4967464b24 StaticDependenciesID=384690c6417d4e59bca023c7f6bc215e 
Importing 'GUID: 6c6a79c21618ff94c849e402ba0bd5a7 - Path: Assets/AudioClip/DSS_MILO_Arrgh_02.mp3' with importer (AudioImporter)
Imported 'GUID: 6c6a79c21618ff94c849e402ba0bd5a7' -> (Import Result ID: 'd877e44b24096a27bb0357af3003bb66') in 0.072 seconds [static and dynamic dependencies]. Details - ImportResultOutputID=c01685dd9cd62b03db5af81103d7f55e DependenciesID=7e68de215a3a7fe83284676c6e6c1e70 StaticDependenciesID=2c77738f12194799a8c9ed0feec4053e 
Importing 'GUID: ec58f590c7757e848814a6a2aad3cd52 - Path: Assets/AudioClip/HAA_HAA_MABEL_a.mp3' with importer (AudioImporter)
Imported 'GUID: ec58f590c7757e848814a6a2aad3cd52' -> (Import Result ID: 'ae5c8bc951c73a49f78fa6c24b5323c8') in 0.071 seconds [static and dynamic dependencies]. Details - ImportResultOutputID=88cacc888e844ba9e9572951c763a266 DependenciesID=26f86e9baabda10567cc1c08928e2935 StaticDependenciesID=287a626bb88b512729a374e819e15585 
Importing 'GUID: 1d31616c423ee974689f50be8b4ec86f - Path: Assets/AudioClip/SUPER SPEEDWAY OSCAR VO HAA HAA_03.mp3' with importer (AudioImporter)
Imported 'GUID: 1d31616c423ee974689f50be8b4ec86f' -> (Import Result ID: '43ed3e2fd12227bd5e0f2a7e08682b42') in 0.076 seconds [static and dynamic dependencies]. Details - ImportResultOutputID=8b9c6edb15f265c04bdefe81704c9e84 DependenciesID=71717d9c88596fdf9e6477946acc91d2 StaticDependenciesID=257720afa70bb2e4254715b3d61b268c 
Importing 'GUID: 3d7e02d9aa9cc0d42a0c10c9cbf1fa3f - Path: Assets/AudioClip/GUNTHER_yipe_c.mp3' with importer (AudioImporter)
Imported 'GUID: 3d7e02d9aa9cc0d42a0c10c9cbf1fa3f' -> (Import Result ID: '0d250cbb2ee2a63ac06479415abb4428') in 0.077 seconds [static and dynamic dependencies]. Details - ImportResultOutputID=052b68cc931e2ab9968b0df6cef2abbf DependenciesID=0ea8fea993aa4c1c4fa133223044b931 StaticDependenciesID=b69d192a7182b7520e85f466bad17809 
Importing 'GUID: 4d38c2670867af54eb05e407ef32a64c - Path: Assets/AudioClip/impact_noglass_01.wav' with importer (AudioImporter)
Imported 'GUID: 4d38c2670867af54eb05e407ef32a64c' -> (Import Result ID: 'dc26cedd10a587c063be1c8eca4ff701') in 0.060 seconds [static and dynamic dependencies]. Details - ImportResultOutputID=fbc45c850151631c552502968cf1f8e9 DependenciesID=1a0762b37b7f423649701875578a831f StaticDependenciesID=5d67be4010ba53f651e8b40f1d7d67ab 
Importing 'GUID: 4d8d96302edb2c144805276bf84a183b - Path: Assets/AudioClip/Mike Chilton_aww_c.mp3' with importer (AudioImporter)
Imported 'GUID: 4d8d96302edb2c144805276bf84a183b' -> (Import Result ID: '04673debe28a5c37a0886084af3aecb6') in 0.068 seconds [static and dynamic dependencies]. Details - ImportResultOutputID=f809b9f4cd2dd4263af27ec53eba50e7 DependenciesID=b493cf5b8f1f55ea26cc236b85b729f7 StaticDependenciesID=2d941d0650b4fc7332100729b6a52ecf 
Importing 'GUID: 9d3610876df9b804b8188105c567f5f9 - Path: Assets/AudioClip/DSS_PHINEAS_WooHoo_01.mp3' with importer (AudioImporter)
Imported 'GUID: 9d3610876df9b804b8188105c567f5f9' -> (Import Result ID: 'a14692b111eca721aab253641f2340df') in 0.076 seconds [static and dynamic dependencies]. Details - ImportResultOutputID=bb642d196452a021538bb7b5bc987f0c DependenciesID=b272ac9ffdd99cb7b92a55fe6d36b584 StaticDependenciesID=6726e36ab960a6ef16a9c7b9ff998a26 
Importing 'GUID: ada8ff3b4af75ae408181fda1594555e - Path: Assets/AudioClip/DSS_DIPPER_UhOh_01.mp3' with importer (AudioImporter)
Imported 'GUID: ada8ff3b4af75ae408181fda1594555e' -> (Import Result ID: '6972ddefda9804053d97d461a805476b') in 0.069 seconds [static and dynamic dependencies]. Details - ImportResultOutputID=50c6207e95b8adbf5354aefd831aca05 DependenciesID=5bf2985f2821197f873777e9fe3d6438 StaticDependenciesID=788b30c998037a096b91f4ac8b36d7b8 
Importing 'GUID: dd652c06b912ee04a93199ac80769440 - Path: Assets/AudioClip/Mike Chilton_haa_haa_a.mp3' with importer (AudioImporter)
Imported 'GUID: dd652c06b912ee04a93199ac80769440' -> (Import Result ID: '8c8f065e1807de78cc2e11c16e23a52d') in 0.070 seconds [static and dynamic dependencies]. Details - ImportResultOutputID=14903ccacdeaed6a9030b0464eac5a38 DependenciesID=4ae0adae19b169d18037a1bcc01fae76 StaticDependenciesID=29486e010079172c9c80b0b2b0ab0824 
Importing 'GUID: 1e62ac083ed137049bd593dbad0e5b8a - Path: Assets/AudioClip/basketball_bounce.wav' with importer (AudioImporter)
Imported 'GUID: 1e62ac083ed137049bd593dbad0e5b8a' -> (Import Result ID: 'd7c7bbc9cc5289e332c72eb780244866') in 0.057 seconds [static and dynamic dependencies]. Details - ImportResultOutputID=eb7935e797614cd590fe2722c4bae2c4 DependenciesID=ab5279db8d34b2c487d9ea79e051cb78 StaticDependenciesID=f6e15af7e86141c841ce94c716ccda10 
Importing 'GUID: 2e39a0be92d6f464489e93d273e56ae7 - Path: Assets/AudioClip/DSS_MILO_Aww_01.mp3' with importer (AudioImporter)
Imported 'GUID: 2e39a0be92d6f464489e93d273e56ae7' -> (Import Result ID: '7f357cea173116fdd289376342ee8022') in 0.065 seconds [static and dynamic dependencies]. Details - ImportResultOutputID=fbe1101bf13f13887fa1427ebab11f77 DependenciesID=c8f2e1f515f4e28afaf8b38ae1c87480 StaticDependenciesID=ef716f0f0fed84761e16fd34743ea8bc 
Importing 'GUID: 4e383949a1bc8d34cb23fe3586394e72 - Path: Assets/AudioClip/NINJA_HEE HEE_a.mp3' with importer (AudioImporter)
Imported 'GUID: 4e383949a1bc8d34cb23fe3586394e72' -> (Import Result ID: 'c798697be1c1acbe1d30a876b4f109d3') in 0.058 seconds [static and dynamic dependencies]. Details - ImportResultOutputID=5ec86a2c9e2f8d8450885eafdf71e04b DependenciesID=0e1491bcc663b3c0e65c655ba55791c1 StaticDependenciesID=a6a2eb1a154eba6a86368be5b97b7cdd 
Importing 'GUID: 9e9667df2b7eb324db366245c2ab7cdf - Path: Assets/AudioClip/ui_shift_03.wav' with importer (AudioImporter)
Imported 'GUID: 9e9667df2b7eb324db366245c2ab7cdf' -> (Import Result ID: '6b06f1dd5686b7953575a79699a827ff') in 0.061 seconds [static and dynamic dependencies]. Details - ImportResultOutputID=b456038141926da0ac423c9caf3f8b7e DependenciesID=27b67f94bd22c1e0aedcd103c877afdc StaticDependenciesID=61bf51ea4f99fb04cfac4302aab87a51 
Importing 'GUID: ce58ff669a8ded343ae400d1f5a5155e - Path: Assets/AudioClip/DSS_FERB_Uhoh_03.mp3' with importer (AudioImporter)
Imported 'GUID: ce58ff669a8ded343ae400d1f5a5155e' -> (Import Result ID: '55a3467f14a6d7dd0d9ebbac3d0fe977') in 0.064 seconds [static and dynamic dependencies]. Details - ImportResultOutputID=218b9183f1cb202e9d014905c38571a7 DependenciesID=440ebbedef07bedcf929169a3a52cc1d StaticDependenciesID=01631b71f15efd424b07fe78d51e29a6 
Importing 'GUID: eec143235284c2e4abd3d684aa7a0d3b - Path: Assets/AudioClip/GUI Beep.wav' with importer (AudioImporter)
Imported 'GUID: eec143235284c2e4abd3d684aa7a0d3b' -> (Import Result ID: 'd4c22dc6da3b942c23b5a53b8078615a') in 0.082 seconds [static and dynamic dependencies]. Details - ImportResultOutputID=4e112019d2eda19d8f27903c99824cae DependenciesID=5b1174333c0dc456a217c84545783641 StaticDependenciesID=5eb026253a7ce5e3be5fbfc4d90e8ce6 
Importing 'GUID: fee0cf43887e1fe4aa9f2b131570837b - Path: Assets/AudioClip/powerup.wav' with importer (AudioImporter)
Imported 'GUID: fee0cf43887e1fe4aa9f2b131570837b' -> (Import Result ID: '441c096ec72b08a50887737c3bda9fe2') in 0.063 seconds [static and dynamic dependencies]. Details - ImportResultOutputID=078331dd796a44896ce9f65996f48b24 DependenciesID=28a7ac31d4e2554aac7c4ee200196dfe StaticDependenciesID=134450de6ba1e1750bbcfcbbac31590d 
Importing 'GUID: 3f141dafb71065b4297358aa9df1d5ca - Path: Assets/AudioClip/Mike Chilton_hee_hee_b.mp3' with importer (AudioImporter)
Imported 'GUID: 3f141dafb71065b4297358aa9df1d5ca' -> (Import Result ID: '447a9dedddbc5b6a6450728871e1fc45') in 0.074 seconds [static and dynamic dependencies]. Details - ImportResultOutputID=6a19c32214ccc43c1802b7045e066efa DependenciesID=2b3f71f362d86d7ea5ef188708dfa741 StaticDependenciesID=a751721a16266adad74245b0cbaff440 
Importing 'GUID: 3f75fb6ee939cb046ae54702fc6a2063 - Path: Assets/AudioClip/DSS_DIPPER_WooHoo_01.mp3' with importer (AudioImporter)
Imported 'GUID: 3f75fb6ee939cb046ae54702fc6a2063' -> (Import Result ID: 'e27e4eb32d12ea934bef8a8f9ca72bb3') in 0.070 seconds [static and dynamic dependencies]. Details - ImportResultOutputID=3789150ffac0552ccc80e2172c6f258e DependenciesID=f4b575239b5ade3d5cbbbb3721b9af04 StaticDependenciesID=868b6ec4e3e57259945c69328999b7c8 
Importing 'GUID: 4f16ce6288cb31845abd379ebf425b92 - Path: Assets/AudioClip/GUNTHER_ahh_a.mp3' with importer (AudioImporter)
Imported 'GUID: 4f16ce6288cb31845abd379ebf425b92' -> (Import Result ID: '2007e350cdaf85160bc20c4b3dfc3915') in 0.069 seconds [static and dynamic dependencies]. Details - ImportResultOutputID=5e55c99caee685bfc42de618c212a5f0 DependenciesID=361da37994a89fd2d575c6fa2fdef101 StaticDependenciesID=2b81c61985e8cf7851cb18df27129514 
Importing 'GUID: 4f17e97f9c4b75545bfaa93b6bd1066b - Path: Assets/AudioClip/AWW_MABEL_b.mp3' with importer (AudioImporter)
Imported 'GUID: 4f17e97f9c4b75545bfaa93b6bd1066b' -> (Import Result ID: '1f2adeb93454767332fa7501a2fd714c') in 0.066 seconds [static and dynamic dependencies]. Details - ImportResultOutputID=0801d7c2747a0d4471edcac39fef8afe DependenciesID=8bc0a70f0a03c0b2b82552011648c8dc StaticDependenciesID=e64cf5044f81fc259a2b6eae8034498d 
Importing 'GUID: 5fc21d465f14650469e6f539c9b43a53 - Path: Assets/AudioClip/BRAD_UH OH_a.mp3' with importer (AudioImporter)
Imported 'GUID: 5fc21d465f14650469e6f539c9b43a53' -> (Import Result ID: '4b4d27382d1d0f859eb0fcb78fe376f3') in 0.065 seconds [static and dynamic dependencies]. Details - ImportResultOutputID=4f2f7c3b299af933514ca8c247d09f18 DependenciesID=55e3c6e679add884ad80e4f57949feb8 StaticDependenciesID=38169956b28ecac3122f5b84b001d994 
Importing 'GUID: 7f23082e9aca76e4c955787939fe7a8f - Path: Assets/AudioClip/impact_noglass_03.wav' with importer (AudioImporter)
Imported 'GUID: 7f23082e9aca76e4c955787939fe7a8f' -> (Import Result ID: '43f656f68880c207a607d74d115112f5') in 0.065 seconds [static and dynamic dependencies]. Details - ImportResultOutputID=8c123dac9e996634e1b70ed17b3f0b23 DependenciesID=de7840f378b63075cd70c83c549c0a0a StaticDependenciesID=9d11fbc9518fddf42bcb1adae95155a1 
Importing 'GUID: 7fdcb7154e9d7734bb65b27bb4fd8760 - Path: Assets/AudioClip/Success_Fanfare.wav' with importer (AudioImporter)
Imported 'GUID: 7fdcb7154e9d7734bb65b27bb4fd8760' -> (Import Result ID: '848c4cfc2a6b836893d1d86004f3cb1b') in 0.081 seconds [static and dynamic dependencies]. Details - ImportResultOutputID=b3f5de3ae9f2ceb211eff23fed7c2db4 DependenciesID=faf88cb76fc95bd9f3550b467bb11d7b StaticDependenciesID=46db7941b48f46c8dd9e7362891de90b 
Importing 'GUID: 9fbc24f78968a7241bd75e50f6046a7d - Path: Assets/AudioClip/KB Main Title TRK (FINAL) - loop.mp3' with importer (AudioImporter)
Imported 'GUID: 9fbc24f78968a7241bd75e50f6046a7d' -> (Import Result ID: '10a4e29442a5f517b4dcd832da14e8d6') in 0.427 seconds [static and dynamic dependencies]. Details - ImportResultOutputID=1214cb93ed17351b2b81d2b88b43f3fe DependenciesID=a0089f5f2774915ecc127a651e67f54a StaticDependenciesID=9181cd1a40b775ac21cc11e84738ec41 
Importing 'GUID: af603bee61734ed4eb8ba8ab7e2a3c54 - Path: Assets/AudioClip/BEA Super Speedway ARGH_02.mp3' with importer (AudioImporter)
Imported 'GUID: af603bee61734ed4eb8ba8ab7e2a3c54' -> (Import Result ID: '79b7b99f3f4696ef4246d24803bf1367') in 0.064 seconds [static and dynamic dependencies]. Details - ImportResultOutputID=ab42464037de1e9c08ae5e9b29d634e5 DependenciesID=a2919e75621e9797e8f5822a0784dfbb StaticDependenciesID=d372a5411128be3af467797fb4983eca 
Refreshing native plugins compatible for Editor in 2.41 ms, found 3 plugins.

Asset Pipeline Refresh (id=854d628c65130ef47b1104c3cce41903): Total: 51.373 seconds - Initiated by RefreshV2(NoUpdateAssetOptions)
	(Values over 0.05ms)
	Summary:
		Imports: total=1255 (actual=1255, local cache=0, cache server=0)
		Asset DB Process Time: managed=171 ms, native=50760 ms
		Asset DB Callback time: managed=386 ms, native=54 ms
		Scripting: domain reloads=0, domain reload time=0 ms, compile time=0 ms, other=0 ms
		Project Asset Count: scripts=852, non-scripts=3656
		Asset File Changes: new=0, changed=0, moved=0, deleted=0
		Scan Filter Count: 0
	ApplyChangesToAssetFolders: 0.161ms
	Collect global state as custom dependencies: 0.162ms
	ProcessAssetsWithTransientArtifactChanges: 0.198ms
	CategorizeAssets: 16.004ms
	ImportOutOfDateAssets: 50882.954ms (4.563ms without children)
		ImportManagerImport: 50862.691ms (33.199ms without children)
			UpdateCategorizedAssets: 4.093ms
		UnloadImportedAssets: 0.249ms
		ReloadImportedAssets: 0.395ms
		EnsureUptoDateAssetsAreRegisteredWithGuidPM: 0.412ms
		ImportSchedulerStart: 14.989ms
	PostProcessAllAssets: 437.194ms
		PostProcessCallbackCreateDeferredMaterials 1.202ms
		ShaderAssetModifiedCallback 1.181ms
		RaytracingShaderImportPostprocess 0.887ms
		ComputeShaderImportPostprocess 0.853ms
		XRBuildSystem.XRAssetImported 0.742ms
		SpeedTreeImporter.PostprocessAllAssets 0.720ms
		AssemblyValidation.PostprocessAllAssets 0.577ms
		LocalizationDatabase.AssetDatabasePostprocessCallback 0.576ms
		BlockShaderImporter.PostprocessAllAssets 0.407ms
		MonoPostProcessAllAssets: 385.805ms
			SpriteSlicePostprocessor.OnPostprocessAllAssets 370.905ms
			TextAssetPostProcessor.OnPostprocessAllAssets 4.175ms
			AssetPostprocessor.OnPostprocessAllAssets 3.462ms
			AssetChangedListener.OnPostprocessAllAssets 3.083ms
			TMPro_TexturePostProcessor.OnPostprocessAllAssets 2.621ms
			SpeedTree9Postprocessor.OnPostprocessAllAssets 0.381ms
			BuilderAssetPostprocessor.OnPostprocessAllAssets 0.070ms
			RetainedModeAssetPostprocessor.OnPostprocessAllAssets 0.051ms
	PostAssetChangesProfiler: 3.541ms
	GatherAllCurrentPrimaryImportResultRevisions: 0.358ms
	UnloadStreamsBegin: 0.070ms
	PersistCurrentRevisions: 1.560ms
	Untracked: 26.816ms

Asset Pipeline Refresh (id=ae5c1fbc62323344cae36bc95409329a): Total: 0.039 seconds - Initiated by RefreshV2(NoUpdateAssetOptions)
[Licensing::Client] Successfully resolved entitlement details


Mono dependencies included in the build
Dependency assembly - System.Threading.Tasks.Parallel.dll
Dependency assembly - System.Xaml.dll
Dependency assembly - System.Xml.dll
Dependency assembly - Assembly-CSharp-firstpass.dll
Dependency assembly - Mono.Data.Sqlite.dll
Dependency assembly - System.Net.NameResolution.dll
Dependency assembly - Unity.InternalAPIEngineBridge.004.dll
Dependency assembly - System.Data.Services.dll
Dependency assembly - System.Text.Json.dll
Dependency assembly - Unity.Timeline.dll
Dependency assembly - System.Threading.Timer.dll
Dependency assembly - Microsoft.Win32.Primitives.dll
Dependency assembly - System.Net.Cache.dll
Dependency assembly - System.DirectoryServices.dll
Dependency assembly - System.Dynamic.Runtime.dll
Dependency assembly - System.Security.Principal.Windows.dll
Dependency assembly - System.Data.Common.dll
Dependency assembly - System.Transactions.dll
Dependency assembly - System.Diagnostics.StackTrace.dll
Dependency assembly - System.Net.Mail.dll
Dependency assembly - System.Threading.Overlapped.dll
Dependency assembly - System.Net.Utilities.dll
Dependency assembly - System.Messaging.dll
Dependency assembly - System.Xml.XPath.dll
Dependency assembly - UnityEngine.Purchasing.Security.dll
Dependency assembly - System.Runtime.Numerics.dll
Dependency assembly - System.Text.RegularExpressions.dll
Dependency assembly - System.IO.Compression.dll
Dependency assembly - System.Text.Encodings.Web.dll
Dependency assembly - Assembly-CSharp.dll
Dependency assembly - System.Threading.Tasks.dll
Dependency assembly - System.dll
Dependency assembly - System.Runtime.Caching.dll
Dependency assembly - System.AppContext.dll
Dependency assembly - System.Text.Encoding.CodePages.dll
Dependency assembly - System.Net.dll
Dependency assembly - System.Memory.dll
Dependency assembly - System.Security.Cryptography.X509Certificates.dll
Dependency assembly - System.Runtime.Serialization.Json.dll
Dependency assembly - System.Security.Cryptography.Hashing.Algorithms.dll
Dependency assembly - System.Reflection.Context.dll
Dependency assembly - System.Windows.Forms.DataVisualization.dll
Dependency assembly - Microsoft.Win32.Registry.dll
Dependency assembly - I18N.Other.dll
Dependency assembly - System.Reflection.Emit.ILGeneration.dll
Dependency assembly - System.ServiceModel.NetTcp.dll
Dependency assembly - System.IdentityModel.dll
Dependency assembly - Microsoft.Win32.Registry.AccessControl.dll
Dependency assembly - System.Threading.ThreadPool.dll
Dependency assembly - Unity.Services.Core.Configuration.dll
Dependency assembly - System.Runtime.InteropServices.RuntimeInformation.dll
Dependency assembly - System.Net.WebSockets.dll
Dependency assembly - UnityEngine.Purchasing.WinRTCore.dll
Dependency assembly - I18N.MidEast.dll
Dependency assembly - System.ObjectModel.dll
Dependency assembly - System.Runtime.Remoting.dll
Dependency assembly - System.Runtime.InteropServices.dll
Dependency assembly - System.Collections.Concurrent.dll
Dependency assembly - System.ComponentModel.TypeConverter.dll
Dependency assembly - System.Security.Cryptography.Pkcs.dll
Dependency assembly - System.Data.dll
Dependency assembly - System.IO.FileSystem.DriveInfo.dll
Dependency assembly - System.Linq.Queryable.dll
Dependency assembly - System.Json.dll
Dependency assembly - System.ServiceModel.Security.dll
Dependency assembly - System.Resources.ReaderWriter.dll
Dependency assembly - System.ServiceModel.Internals.dll
Dependency assembly - System.ServiceModel.Routing.dll
Dependency assembly - Unity.Analytics.DataPrivacy.dll
Dependency assembly - System.Numerics.dll
Dependency assembly - I18N.CJK.dll
Dependency assembly - System.Xml.XDocument.dll
Dependency assembly - System.Reflection.Emit.dll
Dependency assembly - System.Collections.NonGeneric.dll
Dependency assembly - Accessibility.dll
Dependency assembly - System.IO.UnmanagedMemoryStream.dll
Dependency assembly - Unity.Services.Core.Registration.dll
Dependency assembly - Unity.Services.Core.Environments.dll
Dependency assembly - System.Web.RegularExpressions.dll
Dependency assembly - System.IO.dll
Dependency assembly - System.Net.WebSockets.Client.dll
Dependency assembly - System.Data.OracleClient.dll
Dependency assembly - System.Numerics.Vectors.dll
Dependency assembly - System.ValueTuple.dll
Dependency assembly - Unity.Services.Core.Device.dll
Dependency assembly - System.IdentityModel.Selectors.dll
Dependency assembly - System.Diagnostics.FileVersionInfo.dll
Dependency assembly - UnityEngine.Purchasing.WinRTStub.dll
Dependency assembly - System.Diagnostics.Tracing.dll
Dependency assembly - System.Runtime.Serialization.Primitives.dll
Dependency assembly - UnityEngine.XR.LegacyInputHelpers.dll
Dependency assembly - System.ComponentModel.Composition.dll
Dependency assembly - System.Xml.XPath.XmlDocument.dll
Dependency assembly - I18N.West.dll
Dependency assembly - System.Globalization.Extensions.dll
Dependency assembly - Unity.Services.Core.Internal.dll
Dependency assembly - System.Security.Cryptography.Cng.dll
Dependency assembly - System.Security.Cryptography.Encryption.Aes.dll
Dependency assembly - Unity.Services.Analytics.dll
Dependency assembly - System.Runtime.dll
Dependency assembly - Mono.Data.Tds.dll
Dependency assembly - UnityEngine.Purchasing.Stores.dll
Dependency assembly - System.Net.Security.dll
Dependency assembly - System.Xml.Linq.dll
Dependency assembly - System.Net.Http.WebRequest.dll
Dependency assembly - UnityEngine.Purchasing.AppleMacosStub.dll
Dependency assembly - System.Net.ServicePoint.dll
Dependency assembly - System.Diagnostics.Tools.dll
Dependency assembly - System.Net.Sockets.dll
Dependency assembly - System.Security.Cryptography.ProtectedData.dll
Dependency assembly - System.Runtime.Serialization.dll
Dependency assembly - System.Security.Principal.dll
Dependency assembly - System.Data.DataSetExtensions.dll
Dependency assembly - System.Security.SecureString.dll
Dependency assembly - System.Threading.AccessControl.dll
Dependency assembly - System.Reflection.Primitives.dll
Dependency assembly - System.Threading.dll
Dependency assembly - netstandard.dll
Dependency assembly - System.Diagnostics.DiagnosticSource.dll
Dependency assembly - System.Diagnostics.TraceSource.dll
Dependency assembly - System.Data.Entity.dll
Dependency assembly - System.Drawing.Design.dll
Dependency assembly - System.Net.Http.dll
Dependency assembly - System.IO.MemoryMappedFiles.dll
Dependency assembly - System.ComponentModel.EventBasedAsync.dll
Dependency assembly - System.IO.Compression.FileSystem.dll
Dependency assembly - System.IO.FileSystem.AccessControl.dll
Dependency assembly - System.Drawing.Primitives.dll
Dependency assembly - System.Security.Cryptography.Primitives.dll
Dependency assembly - Unity.Multiplayer.Center.Common.dll
Dependency assembly - System.ComponentModel.Annotations.dll
Dependency assembly - System.Diagnostics.Process.dll
Dependency assembly - System.Drawing.dll
Dependency assembly - System.Management.dll
Dependency assembly - System.Design.dll
Dependency assembly - System.Globalization.Calendars.dll
Dependency assembly - System.Xml.Serialization.dll
Dependency assembly - System.IO.IsolatedStorage.dll
Dependency assembly - System.Linq.Parallel.dll
Dependency assembly - System.Globalization.dll
Dependency assembly - System.Web.Extensions.dll
Dependency assembly - System.Runtime.Handles.dll
Dependency assembly - System.Security.AccessControl.dll
Dependency assembly - System.Linq.dll
Dependency assembly - UnityEngine.UI.dll
Dependency assembly - Unity.Services.Core.Analytics.dll
Dependency assembly - System.Reflection.dll
Dependency assembly - System.ComponentModel.dll
Dependency assembly - System.Reflection.Emit.Lightweight.dll
Dependency assembly - System.Text.Encoding.Extensions.dll
Dependency assembly - System.Text.Encoding.dll
Dependency assembly - UnityEngine.Purchasing.AppleCore.dll
Dependency assembly - System.Security.Cryptography.DeriveBytes.dll
Dependency assembly - I18N.dll
Dependency assembly - System.ServiceModel.Activation.dll
Dependency assembly - System.ServiceProcess.dll
Dependency assembly - System.Security.Cryptography.Hashing.dll
Dependency assembly - System.ServiceModel.dll
Dependency assembly - System.Diagnostics.TextWriterTraceListener.dll
Dependency assembly - System.Diagnostics.TraceEvent.dll
Dependency assembly - System.Linq.Expressions.dll
Dependency assembly - System.Reflection.DispatchProxy.dll
Dependency assembly - System.Security.Cryptography.Algorithms.dll
Dependency assembly - System.Xml.XmlSerializer.dll
Dependency assembly - Microsoft.Extensions.Logging.Abstractions.dll
Dependency assembly - System.Runtime.Serialization.Formatters.dll
Dependency assembly - Unity.TextMeshPro.dll
Dependency assembly - System.Resources.ResourceManager.dll
Dependency assembly - System.ServiceModel.Web.dll
Dependency assembly - Microsoft.Bcl.AsyncInterfaces.dll
Dependency assembly - System.Runtime.InteropServices.WindowsRuntime.dll
Dependency assembly - Purchasing.Common.dll
Dependency assembly - System.Runtime.CompilerServices.VisualC.dll
Dependency assembly - System.Core.dll
Dependency assembly - System.Security.Cryptography.Encryption.dll
Dependency assembly - System.Runtime.Extensions.dll
Dependency assembly - System.Threading.Tasks.Extensions.dll
Dependency assembly - System.Xml.XPath.XDocument.dll
Dependency assembly - Unity.Services.Core.Networking.dll
Dependency assembly - System.IO.Compression.ZipFile.dll
Dependency assembly - Unity.Services.Core.dll
Dependency assembly - System.IO.FileSystem.Watcher.dll
Dependency assembly - System.Security.dll
Dependency assembly - System.Collections.Specialized.dll
Dependency assembly - System.Resources.Reader.dll
Dependency assembly - Unity.AI.Navigation.dll
Dependency assembly - I18N.Rare.dll
Dependency assembly - System.Buffers.dll
Dependency assembly - System.ServiceModel.Discovery.dll
Dependency assembly - System.Net.Ping.dll
Dependency assembly - System.Security.Claims.dll
Dependency assembly - System.Web.ApplicationServices.dll
Dependency assembly - UnityEngine.SpatialTracking.dll
Dependency assembly - Unity.Services.Core.Scheduler.dll
Dependency assembly - System.Runtime.Serialization.Formatters.Soap.dll
Dependency assembly - mscorlib.dll
Dependency assembly - System.ServiceModel.Primitives.dll
Dependency assembly - System.IO.Hashing.dll
Dependency assembly - System.Reflection.TypeExtensions.dll
Dependency assembly - System.Xml.XmlDocument.dll
Dependency assembly - System.Runtime.Loader.dll
Dependency assembly - System.ServiceProcess.ServiceController.dll
Dependency assembly - Unity.Services.Core.Threading.dll
Dependency assembly - System.Net.NetworkInformation.dll
Dependency assembly - System.Net.WebHeaderCollection.dll
Dependency assembly - System.ServiceModel.Duplex.dll
Dependency assembly - System.Web.Extensions.Design.dll
Dependency assembly - System.ComponentModel.Primitives.dll
Dependency assembly - Unity.Services.Core.Components.dll
Dependency assembly - System.Diagnostics.Contracts.dll
Dependency assembly - System.IO.FileSystem.Primitives.dll
Dependency assembly - System.IO.FileSystem.dll
Dependency assembly - System.Runtime.Serialization.Xml.dll
Dependency assembly - System.EnterpriseServices.dll
Dependency assembly - System.Net.HttpListener.dll
Dependency assembly - System.Configuration.dll
Dependency assembly - System.Collections.Immutable.dll
Dependency assembly - System.Security.Cryptography.OpenSsl.dll
Dependency assembly - System.Net.Requests.dll
Dependency assembly - System.Xml.Xsl.Primitives.dll
Dependency assembly - System.Security.Cryptography.RSA.dll
Dependency assembly - System.Security.Cryptography.Encryption.ECDsa.dll
Dependency assembly - Unity.Services.Core.Environments.Internal.dll
Dependency assembly - System.Security.Cryptography.Encryption.ECDiffieHellman.dll
Dependency assembly - System.Windows.Forms.dll
Dependency assembly - System.Runtime.CompilerServices.Unsafe.dll
Dependency assembly - System.Diagnostics.Debug.dll
Dependency assembly - Mono.Security.dll
Dependency assembly - System.ComponentModel.DataAnnotations.dll
Dependency assembly - UnityEngine.Purchasing.Codeless.dll
Dependency assembly - System.ServiceModel.Http.dll
Dependency assembly - System.Data.Linq.dll
Dependency assembly - UnityEngine.Purchasing.SecurityCore.dll
Dependency assembly - System.Net.Primitives.dll
Dependency assembly - System.Reflection.Metadata.dll
Dependency assembly - Unity.Services.Core.Telemetry.dll
Dependency assembly - System.Data.Services.Client.dll
Dependency assembly - System.Threading.Thread.dll
Dependency assembly - System.Security.Cryptography.Csp.dll
Dependency assembly - System.Xml.ReaderWriter.dll
Dependency assembly - System.Data.SqlClient.dll
Dependency assembly - System.Windows.dll
Dependency assembly - System.Security.Cryptography.Encoding.dll
Dependency assembly - System.IO.Pipes.dll
Dependency assembly - UnityEngine.Purchasing.AppleStub.dll
Dependency assembly - UnityEngine.Purchasing.dll
Dependency assembly - Newtonsoft.Json.dll
Dependency assembly - System.Configuration.Install.dll
Dependency assembly - System.Web.Services.dll
Dependency assembly - System.Web.DynamicData.dll
Dependency assembly - System.Web.dll
Dependency assembly - Microsoft.Extensions.DependencyInjection.Abstractions.dll
Dependency assembly - System.Runtime.DurableInstancing.dll
Dependency assembly - System.Console.dll
Dependency assembly - System.Security.Cryptography.RandomNumberGenerator.dll
Dependency assembly - System.Resources.Writer.dll
Dependency assembly - System.Reflection.Extensions.dll
Dependency assembly - Microsoft.CSharp.dll
Dependency assembly - System.Net.AuthenticationManager.dll
Dependency assembly - System.DirectoryServices.Protocols.dll
Dependency assembly - System.Collections.dll

DisplayProgressbar: Fetching assembly references
Game scripts or other custom code contains OnMouse_ event handlers. Presence of such handlers might impact performance on handheld devices.
UnityEngine.Debug:ExtractStackTraceNoAlloc (byte*,int,string)
UnityEngine.StackTraceUtility:ExtractStackTrace ()
UnityEditor.BuildPipeline:BuildPlayerInternal (string[],string,string,UnityEditor.BuildTargetGroup,UnityEditor.BuildTarget,int,UnityEditor.BuildOptions,string[],string[],bool)
UnityEditor.BuildPipeline:BuildPlayer (UnityEditor.BuildPlayerOptions)
AndroidPhase6Builder:Build (string,bool) (at Assets/Editor/AndroidPhase6Builder.cs:32)
AndroidPhase6Builder:BuildApk () (at Assets/Editor/AndroidPhase6Builder.cs:9)

[Assets/Editor/AndroidPhase6Builder.cs line 32]

Opening scene 'Assets/Scenes/CloudStrap.unity'
[Licensing::Client] Successfully resolved entitlement details
Unloading 3 Unused Serialized files (Serialized files now loaded: 0)
Component GUI Layer in Main Camera for Scene Assets/Scenes/CloudStrap.unity is no longer available.
It will be removed after you edit this GameObject and save the Scene.
UnityEngine.Debug:ExtractStackTraceNoAlloc (byte*,int,string)
UnityEngine.StackTraceUtility:ExtractStackTrace ()
UnityEditor.BuildPipeline:BuildPlayerInternal (string[],string,string,UnityEditor.BuildTargetGroup,UnityEditor.BuildTarget,int,UnityEditor.BuildOptions,string[],string[],bool)
UnityEditor.BuildPipeline:BuildPlayer (UnityEditor.BuildPlayerOptions)
AndroidPhase6Builder:Build (string,bool) (at Assets/Editor/AndroidPhase6Builder.cs:32)
AndroidPhase6Builder:BuildApk () (at Assets/Editor/AndroidPhase6Builder.cs:9)

[Assets/Editor/AndroidPhase6Builder.cs line 32]

Loaded scene 'Assets/Scenes/CloudStrap.unity'
	Deserialize:            8.869 ms
	Integration:            16.684 ms
	Integration of assets:  0.069 ms
	Thread Wait Time:       0.049 ms
	Total Operation Time:   25.672 ms
Unloading 1195 unused Assets / (13.2 MB). Loaded Objects now: 4215.
Memory consumption went from 315.2 MB to 302.0 MB.
Total: 10.249800 ms (FindLiveObjects: 0.294400 ms CreateObjectMapping: 0.659600 ms MarkObjects: 6.809500 ms  DeleteObjects: 2.484900 ms)

Opening scene 'Assets/Scenes/PreFrontEnd.unity'
Component GUI Layer in Main Camera for Scene Assets/Scenes/PreFrontEnd.unity is no longer available.
It will be removed after you edit this GameObject and save the Scene.
UnityEngine.Debug:ExtractStackTraceNoAlloc (byte*,int,string)
UnityEngine.StackTraceUtility:ExtractStackTrace ()
UnityEditor.BuildPipeline:BuildPlayerInternal (string[],string,string,UnityEditor.BuildTargetGroup,UnityEditor.BuildTarget,int,UnityEditor.BuildOptions,string[],string[],bool)
UnityEditor.BuildPipeline:BuildPlayer (UnityEditor.BuildPlayerOptions)
AndroidPhase6Builder:Build (string,bool) (at Assets/Editor/AndroidPhase6Builder.cs:32)
AndroidPhase6Builder:BuildApk () (at Assets/Editor/AndroidPhase6Builder.cs:9)

[Assets/Editor/AndroidPhase6Builder.cs line 32]

Unloading 811 Unused Serialized files (Serialized files now loaded: 0)
Loaded scene 'Assets/Scenes/PreFrontEnd.unity'
	Deserialize:            8.225 ms
	Integration:            12.364 ms
	Integration of assets:  0.039 ms
	Thread Wait Time:       0.027 ms
	Total Operation Time:   20.654 ms
Unloading 4044 unused Assets / (44.1 MB). Loaded Objects now: 4182.
Memory consumption went from 351.4 MB to 307.2 MB.
Total: 15.908100 ms (FindLiveObjects: 0.447800 ms CreateObjectMapping: 1.183000 ms MarkObjects: 6.629300 ms  DeleteObjects: 7.646800 ms)

Opening scene 'Assets/Scenes/Front End/FrontEndTest.unity'
Unloading 641 Unused Serialized files (Serialized files now loaded: 0)
Component GUI Layer in Main Camera for Scene Assets/Scenes/Front End/FrontEndTest.unity is no longer available.
It will be removed after you edit this GameObject and save the Scene.
UnityEngine.Debug:ExtractStackTraceNoAlloc (byte*,int,string)
UnityEngine.StackTraceUtility:ExtractStackTrace ()
UnityEditor.BuildPipeline:BuildPlayerInternal (string[],string,string,UnityEditor.BuildTargetGroup,UnityEditor.BuildTarget,int,UnityEditor.BuildOptions,string[],string[],bool)
UnityEditor.BuildPipeline:BuildPlayer (UnityEditor.BuildPlayerOptions)
AndroidPhase6Builder:Build (string,bool) (at Assets/Editor/AndroidPhase6Builder.cs:32)
AndroidPhase6Builder:BuildApk () (at Assets/Editor/AndroidPhase6Builder.cs:9)

[Assets/Editor/AndroidPhase6Builder.cs line 32]

Loaded scene 'Assets/Scenes/Front End/FrontEndTest.unity'
	Deserialize:            132.569 ms
	Integration:            17.864 ms
	Integration of assets:  25.261 ms
	Thread Wait Time:       0.064 ms
	Total Operation Time:   175.759 ms
Unloading 3 unused Assets / (2.4 KB). Loaded Objects now: 9072.
Memory consumption went from 316.2 MB to 316.2 MB.
Total: 8.256700 ms (FindLiveObjects: 0.407000 ms CreateObjectMapping: 1.227900 ms MarkObjects: 6.545500 ms  DeleteObjects: 0.075600 ms)

Opening scene 'Assets/Scenes/Front End/Loading.unity'
Unloading 181 Unused Serialized files (Serialized files now loaded: 0)
Loaded scene 'Assets/Scenes/Front End/Loading.unity'
	Deserialize:            10.387 ms
	Integration:            54.705 ms
	Integration of assets:  0.005 ms
	Thread Wait Time:       0.016 ms
	Total Operation Time:   65.113 ms
Unloading 4650 unused Assets / (29.5 MB). Loaded Objects now: 4508.
Memory consumption went from 348.8 MB to 319.3 MB.
Total: 12.276700 ms (FindLiveObjects: 0.452200 ms CreateObjectMapping: 1.274700 ms MarkObjects: 6.485400 ms  DeleteObjects: 4.063300 ms)

Opening scene 'Assets/Scenes/MoreDisney.unity'
Unloading 18 Unused Serialized files (Serialized files now loaded: 0)
Component GUI Layer in Main Camera for Scene Assets/Scenes/MoreDisney.unity is no longer available.
It will be removed after you edit this GameObject and save the Scene.
UnityEngine.Debug:ExtractStackTraceNoAlloc (byte*,int,string)
UnityEngine.StackTraceUtility:ExtractStackTrace ()
UnityEditor.BuildPipeline:BuildPlayerInternal (string[],string,string,UnityEditor.BuildTargetGroup,UnityEditor.BuildTarget,int,UnityEditor.BuildOptions,string[],string[],bool)
UnityEditor.BuildPipeline:BuildPlayer (UnityEditor.BuildPlayerOptions)
AndroidPhase6Builder:Build (string,bool) (at Assets/Editor/AndroidPhase6Builder.cs:32)
AndroidPhase6Builder:BuildApk () (at Assets/Editor/AndroidPhase6Builder.cs:9)

[Assets/Editor/AndroidPhase6Builder.cs line 32]

Loaded scene 'Assets/Scenes/MoreDisney.unity'
	Deserialize:            8.108 ms
	Integration:            10.352 ms
	Integration of assets:  0.034 ms
	Thread Wait Time:       0.021 ms
	Total Operation Time:   18.515 ms
Unloading 130 unused Assets / (162.7 KB). Loaded Objects now: 4194.
Memory consumption went from 318.5 MB to 318.4 MB.
Total: 7.550200 ms (FindLiveObjects: 0.210400 ms CreateObjectMapping: 0.419000 ms MarkObjects: 6.552200 ms  DeleteObjects: 0.367500 ms)

Opening scene 'Assets/Scenes/Front End/RaceResults.unity'
Unloading 62 Unused Serialized files (Serialized files now loaded: 0)
Component GUI Layer in Main Camera for Scene Assets/Scenes/Front End/RaceResults.unity is no longer available.
It will be removed after you edit this GameObject and save the Scene.
UnityEngine.Debug:ExtractStackTraceNoAlloc (byte*,int,string)
UnityEngine.StackTraceUtility:ExtractStackTrace ()
UnityEditor.BuildPipeline:BuildPlayerInternal (string[],string,string,UnityEditor.BuildTargetGroup,UnityEditor.BuildTarget,int,UnityEditor.BuildOptions,string[],string[],bool)
UnityEditor.BuildPipeline:BuildPlayer (UnityEditor.BuildPlayerOptions)
AndroidPhase6Builder:Build (string,bool) (at Assets/Editor/AndroidPhase6Builder.cs:32)
AndroidPhase6Builder:BuildApk () (at Assets/Editor/AndroidPhase6Builder.cs:9)

[Assets/Editor/AndroidPhase6Builder.cs line 32]

Loaded scene 'Assets/Scenes/Front End/RaceResults.unity'
	Deserialize:            32.932 ms
	Integration:            106.762 ms
	Integration of assets:  1.800 ms
	Thread Wait Time:       0.011 ms
	Total Operation Time:   141.505 ms
Unloading 6 unused Assets / (6.3 KB). Loaded Objects now: 5222.
Memory consumption went from 313.0 MB to 313.0 MB.
Total: 7.530600 ms (FindLiveObjects: 0.263400 ms CreateObjectMapping: 0.479100 ms MarkObjects: 6.676200 ms  DeleteObjects: 0.110900 ms)

Opening scene 'Assets/Scenes/Tracks/Fish Hooks Track 1.unity'
Unloading 173 Unused Serialized files (Serialized files now loaded: 0)
Component Particle Animator in Bubbles deco for Scene Assets/Scenes/Tracks/Fish Hooks Track 1.unity is no longer available.
It will be removed after you edit this GameObject and save the Scene.
UnityEngine.Debug:ExtractStackTraceNoAlloc (byte*,int,string)
UnityEngine.StackTraceUtility:ExtractStackTrace ()
UnityEditor.BuildPipeline:BuildPlayerInternal (string[],string,string,UnityEditor.BuildTargetGroup,UnityEditor.BuildTarget,int,UnityEditor.BuildOptions,string[],string[],bool)
UnityEditor.BuildPipeline:BuildPlayer (UnityEditor.BuildPlayerOptions)
AndroidPhase6Builder:Build (string,bool) (at Assets/Editor/AndroidPhase6Builder.cs:32)
AndroidPhase6Builder:BuildApk () (at Assets/Editor/AndroidPhase6Builder.cs:9)

[Assets/Editor/AndroidPhase6Builder.cs line 32]

Component Particle Animator in Bubbles deco for Scene Assets/Scenes/Tracks/Fish Hooks Track 1.unity is no longer available.
It will be removed after you edit this GameObject and save the Scene.
UnityEngine.Debug:ExtractStackTraceNoAlloc (byte*,int,string)
UnityEngine.StackTraceUtility:ExtractStackTrace ()
UnityEditor.BuildPipeline:BuildPlayerInternal (string[],string,string,UnityEditor.BuildTargetGroup,UnityEditor.BuildTarget,int,UnityEditor.BuildOptions,string[],string[],bool)
UnityEditor.BuildPipeline:BuildPlayer (UnityEditor.BuildPlayerOptions)
AndroidPhase6Builder:Build (string,bool) (at Assets/Editor/AndroidPhase6Builder.cs:32)
AndroidPhase6Builder:BuildApk () (at Assets/Editor/AndroidPhase6Builder.cs:9)

[Assets/Editor/AndroidPhase6Builder.cs line 32]

Component Particle Animator in Bubbles deco for Scene Assets/Scenes/Tracks/Fish Hooks Track 1.unity is no longer available.
It will be removed after you edit this GameObject and save the Scene.
UnityEngine.Debug:ExtractStackTraceNoAlloc (byte*,int,string)
UnityEngine.StackTraceUtility:ExtractStackTrace ()
UnityEditor.BuildPipeline:BuildPlayerInternal (string[],string,string,UnityEditor.BuildTargetGroup,UnityEditor.BuildTarget,int,UnityEditor.BuildOptions,string[],string[],bool)
UnityEditor.BuildPipeline:BuildPlayer (UnityEditor.BuildPlayerOptions)
AndroidPhase6Builder:Build (string,bool) (at Assets/Editor/AndroidPhase6Builder.cs:32)
AndroidPhase6Builder:BuildApk () (at Assets/Editor/AndroidPhase6Builder.cs:9)

[Assets/Editor/AndroidPhase6Builder.cs line 32]

Component Particle Animator in Bubbles deco for Scene Assets/Scenes/Tracks/Fish Hooks Track 1.unity is no longer available.
It will be removed after you edit this GameObject and save the Scene.
UnityEngine.Debug:ExtractStackTraceNoAlloc (byte*,int,string)
UnityEngine.StackTraceUtility:ExtractStackTrace ()
UnityEditor.BuildPipeline:BuildPlayerInternal (string[],string,string,UnityEditor.BuildTargetGroup,UnityEditor.BuildTarget,int,UnityEditor.BuildOptions,string[],string[],bool)
UnityEditor.BuildPipeline:BuildPlayer (UnityEditor.BuildPlayerOptions)
AndroidPhase6Builder:Build (string,bool) (at Assets/Editor/AndroidPhase6Builder.cs:32)
AndroidPhase6Builder:BuildApk () (at Assets/Editor/AndroidPhase6Builder.cs:9)

[Assets/Editor/AndroidPhase6Builder.cs line 32]

Component Particle Animator in Bubbles deco for Scene Assets/Scenes/Tracks/Fish Hooks Track 1.unity is no longer available.
It will be removed after you edit this GameObject and save the Scene.
UnityEngine.Debug:ExtractStackTraceNoAlloc (byte*,int,string)
UnityEngine.StackTraceUtility:ExtractStackTrace ()
UnityEditor.BuildPipeline:BuildPlayerInternal (string[],string,string,UnityEditor.BuildTargetGroup,UnityEditor.BuildTarget,int,UnityEditor.BuildOptions,string[],string[],bool)
UnityEditor.BuildPipeline:BuildPlayer (UnityEditor.BuildPlayerOptions)
AndroidPhase6Builder:Build (string,bool) (at Assets/Editor/AndroidPhase6Builder.cs:32)
AndroidPhase6Builder:BuildApk () (at Assets/Editor/AndroidPhase6Builder.cs:9)

[Assets/Editor/AndroidPhase6Builder.cs line 32]

Component Particle Animator in Bubbles deco for Scene Assets/Scenes/Tracks/Fish Hooks Track 1.unity is no longer available.
It will be removed after you edit this GameObject and save the Scene.
UnityEngine.Debug:ExtractStackTraceNoAlloc (byte*,int,string)
UnityEngine.StackTraceUtility:ExtractStackTrace ()
UnityEditor.BuildPipeline:BuildPlayerInternal (string[],string,string,UnityEditor.BuildTargetGroup,UnityEditor.BuildTarget,int,UnityEditor.BuildOptions,string[],string[],bool)
UnityEditor.BuildPipeline:BuildPlayer (UnityEditor.BuildPlayerOptions)
AndroidPhase6Builder:Build (string,bool) (at Assets/Editor/AndroidPhase6Builder.cs:32)
AndroidPhase6Builder:BuildApk () (at Assets/Editor/AndroidPhase6Builder.cs:9)

[Assets/Editor/AndroidPhase6Builder.cs line 32]

Component Particle Animator in Bubbles deco for Scene Assets/Scenes/Tracks/Fish Hooks Track 1.unity is no longer available.
It will be removed after you edit this GameObject and save the Scene.
UnityEngine.Debug:ExtractStackTraceNoAlloc (byte*,int,string)
UnityEngine.StackTraceUtility:ExtractStackTrace ()
UnityEditor.BuildPipeline:BuildPlayerInternal (string[],string,string,UnityEditor.BuildTargetGroup,UnityEditor.BuildTarget,int,UnityEditor.BuildOptions,string[],string[],bool)
UnityEditor.BuildPipeline:BuildPlayer (UnityEditor.BuildPlayerOptions)
AndroidPhase6Builder:Build (string,bool) (at Assets/Editor/AndroidPhase6Builder.cs:32)
AndroidPhase6Builder:BuildApk () (at Assets/Editor/AndroidPhase6Builder.cs:9)

[Assets/Editor/AndroidPhase6Builder.cs line 32]

Component Ellipsoid Particle Emitter in Bubbles deco for Scene Assets/Scenes/Tracks/Fish Hooks Track 1.unity is no longer available.
It will be removed after you edit this GameObject and save the Scene.
UnityEngine.Debug:ExtractStackTraceNoAlloc (byte*,int,string)
UnityEngine.StackTraceUtility:ExtractStackTrace ()
UnityEditor.BuildPipeline:BuildPlayerInternal (string[],string,string,UnityEditor.BuildTargetGroup,UnityEditor.BuildTarget,int,UnityEditor.BuildOptions,string[],string[],bool)
UnityEditor.BuildPipeline:BuildPlayer (UnityEditor.BuildPlayerOptions)
AndroidPhase6Builder:Build (string,bool) (at Assets/Editor/AndroidPhase6Builder.cs:32)
AndroidPhase6Builder:BuildApk () (at Assets/Editor/AndroidPhase6Builder.cs:9)

[Assets/Editor/AndroidPhase6Builder.cs line 32]

Component Ellipsoid Particle Emitter in Bubbles deco for Scene Assets/Scenes/Tracks/Fish Hooks Track 1.unity is no longer available.
It will be removed after you edit this GameObject and save the Scene.
UnityEngine.Debug:ExtractStackTraceNoAlloc (byte*,int,string)
UnityEngine.StackTraceUtility:ExtractStackTrace ()
UnityEditor.BuildPipeline:BuildPlayerInternal (string[],string,string,UnityEditor.BuildTargetGroup,UnityEditor.BuildTarget,int,UnityEditor.BuildOptions,string[],string[],bool)
UnityEditor.BuildPipeline:BuildPlayer (UnityEditor.BuildPlayerOptions)
AndroidPhase6Builder:Build (string,bool) (at Assets/Editor/AndroidPhase6Builder.cs:32)
AndroidPhase6Builder:BuildApk () (at Assets/Editor/AndroidPhase6Builder.cs:9)

[Assets/Editor/AndroidPhase6Builder.cs line 32]

Component Ellipsoid Particle Emitter in Bubbles deco for Scene Assets/Scenes/Tracks/Fish Hooks Track 1.unity is no longer available.
It will be removed after you edit this GameObject and save the Scene.
UnityEngine.Debug:ExtractStackTraceNoAlloc (byte*,int,string)
UnityEngine.StackTraceUtility:ExtractStackTrace ()
UnityEditor.BuildPipeline:BuildPlayerInternal (string[],string,string,UnityEditor.BuildTargetGroup,UnityEditor.BuildTarget,int,UnityEditor.BuildOptions,string[],string[],bool)
UnityEditor.BuildPipeline:BuildPlayer (UnityEditor.BuildPlayerOptions)
AndroidPhase6Builder:Build (string,bool) (at Assets/Editor/AndroidPhase6Builder.cs:32)
AndroidPhase6Builder:BuildApk () (at Assets/Editor/AndroidPhase6Builder.cs:9)

[Assets/Editor/AndroidPhase6Builder.cs line 32]

Component Ellipsoid Particle Emitter in Bubbles deco for Scene Assets/Scenes/Tracks/Fish Hooks Track 1.unity is no longer available.
It will be removed after you edit this GameObject and save the Scene.
UnityEngine.Debug:ExtractStackTraceNoAlloc (byte*,int,string)
UnityEngine.StackTraceUtility:ExtractStackTrace ()
UnityEditor.BuildPipeline:BuildPlayerInternal (string[],string,string,UnityEditor.BuildTargetGroup,UnityEditor.BuildTarget,int,UnityEditor.BuildOptions,string[],string[],bool)
UnityEditor.BuildPipeline:BuildPlayer (UnityEditor.BuildPlayerOptions)
AndroidPhase6Builder:Build (string,bool) (at Assets/Editor/AndroidPhase6Builder.cs:32)
AndroidPhase6Builder:BuildApk () (at Assets/Editor/AndroidPhase6Builder.cs:9)

[Assets/Editor/AndroidPhase6Builder.cs line 32]

Component Ellipsoid Particle Emitter in Bubbles deco for Scene Assets/Scenes/Tracks/Fish Hooks Track 1.unity is no longer available.
It will be removed after you edit this GameObject and save the Scene.
UnityEngine.Debug:ExtractStackTraceNoAlloc (byte*,int,string)
UnityEngine.StackTraceUtility:ExtractStackTrace ()
UnityEditor.BuildPipeline:BuildPlayerInternal (string[],string,string,UnityEditor.BuildTargetGroup,UnityEditor.BuildTarget,int,UnityEditor.BuildOptions,string[],string[],bool)
UnityEditor.BuildPipeline:BuildPlayer (UnityEditor.BuildPlayerOptions)
AndroidPhase6Builder:Build (string,bool) (at Assets/Editor/AndroidPhase6Builder.cs:32)
AndroidPhase6Builder:BuildApk () (at Assets/Editor/AndroidPhase6Builder.cs:9)

[Assets/Editor/AndroidPhase6Builder.cs line 32]

Component Ellipsoid Particle Emitter in Bubbles deco for Scene Assets/Scenes/Tracks/Fish Hooks Track 1.unity is no longer available.
It will be removed after you edit this GameObject and save the Scene.
UnityEngine.Debug:ExtractStackTraceNoAlloc (byte*,int,string)
UnityEngine.StackTraceUtility:ExtractStackTrace ()
UnityEditor.BuildPipeline:BuildPlayerInternal (string[],string,string,UnityEditor.BuildTargetGroup,UnityEditor.BuildTarget,int,UnityEditor.BuildOptions,string[],string[],bool)
UnityEditor.BuildPipeline:BuildPlayer (UnityEditor.BuildPlayerOptions)
AndroidPhase6Builder:Build (string,bool) (at Assets/Editor/AndroidPhase6Builder.cs:32)
AndroidPhase6Builder:BuildApk () (at Assets/Editor/AndroidPhase6Builder.cs:9)

[Assets/Editor/AndroidPhase6Builder.cs line 32]

Component Ellipsoid Particle Emitter in Bubbles deco for Scene Assets/Scenes/Tracks/Fish Hooks Track 1.unity is no longer available.
It will be removed after you edit this GameObject and save the Scene.
UnityEngine.Debug:ExtractStackTraceNoAlloc (byte*,int,string)
UnityEngine.StackTraceUtility:ExtractStackTrace ()
UnityEditor.BuildPipeline:BuildPlayerInternal (string[],string,string,UnityEditor.BuildTargetGroup,UnityEditor.BuildTarget,int,UnityEditor.BuildOptions,string[],string[],bool)
UnityEditor.BuildPipeline:BuildPlayer (UnityEditor.BuildPlayerOptions)
AndroidPhase6Builder:Build (string,bool) (at Assets/Editor/AndroidPhase6Builder.cs:32)
AndroidPhase6Builder:BuildApk () (at Assets/Editor/AndroidPhase6Builder.cs:9)

[Assets/Editor/AndroidPhase6Builder.cs line 32]

Component Particle Renderer in Bubbles deco for Scene Assets/Scenes/Tracks/Fish Hooks Track 1.unity is no longer available.
It will be removed after you edit this GameObject and save the Scene.
UnityEngine.Debug:ExtractStackTraceNoAlloc (byte*,int,string)
UnityEngine.StackTraceUtility:ExtractStackTrace ()
UnityEditor.BuildPipeline:BuildPlayerInternal (string[],string,string,UnityEditor.BuildTargetGroup,UnityEditor.BuildTarget,int,UnityEditor.BuildOptions,string[],string[],bool)
UnityEditor.BuildPipeline:BuildPlayer (UnityEditor.BuildPlayerOptions)
AndroidPhase6Builder:Build (string,bool) (at Assets/Editor/AndroidPhase6Builder.cs:32)
AndroidPhase6Builder:BuildApk () (at Assets/Editor/AndroidPhase6Builder.cs:9)

[Assets/Editor/AndroidPhase6Builder.cs line 32]

Component Particle Renderer in Bubbles deco for Scene Assets/Scenes/Tracks/Fish Hooks Track 1.unity is no longer available.
It will be removed after you edit this GameObject and save the Scene.
UnityEngine.Debug:ExtractStackTraceNoAlloc (byte*,int,string)
UnityEngine.StackTraceUtility:ExtractStackTrace ()
UnityEditor.BuildPipeline:BuildPlayerInternal (string[],string,string,UnityEditor.BuildTargetGroup,UnityEditor.BuildTarget,int,UnityEditor.BuildOptions,string[],string[],bool)
UnityEditor.BuildPipeline:BuildPlayer (UnityEditor.BuildPlayerOptions)
AndroidPhase6Builder:Build (string,bool) (at Assets/Editor/AndroidPhase6Builder.cs:32)
AndroidPhase6Builder:BuildApk () (at Assets/Editor/AndroidPhase6Builder.cs:9)

[Assets/Editor/AndroidPhase6Builder.cs line 32]

Component Particle Renderer in Bubbles deco for Scene Assets/Scenes/Tracks/Fish Hooks Track 1.unity is no longer available.
It will be removed after you edit this GameObject and save the Scene.
UnityEngine.Debug:ExtractStackTraceNoAlloc (byte*,int,string)
UnityEngine.StackTraceUtility:ExtractStackTrace ()
UnityEditor.BuildPipeline:BuildPlayerInternal (string[],string,string,UnityEditor.BuildTargetGroup,UnityEditor.BuildTarget,int,UnityEditor.BuildOptions,string[],string[],bool)
UnityEditor.BuildPipeline:BuildPlayer (UnityEditor.BuildPlayerOptions)
AndroidPhase6Builder:Build (string,bool) (at Assets/Editor/AndroidPhase6Builder.cs:32)
AndroidPhase6Builder:BuildApk () (at Assets/Editor/AndroidPhase6Builder.cs:9)

[Assets/Editor/AndroidPhase6Builder.cs line 32]

Component Particle Renderer in Bubbles deco for Scene Assets/Scenes/Tracks/Fish Hooks Track 1.unity is no longer available.
It will be removed after you edit this GameObject and save the Scene.
UnityEngine.Debug:ExtractStackTraceNoAlloc (byte*,int,string)
UnityEngine.StackTraceUtility:ExtractStackTrace ()
UnityEditor.BuildPipeline:BuildPlayerInternal (string[],string,string,UnityEditor.BuildTargetGroup,UnityEditor.BuildTarget,int,UnityEditor.BuildOptions,string[],string[],bool)
UnityEditor.BuildPipeline:BuildPlayer (UnityEditor.BuildPlayerOptions)
AndroidPhase6Builder:Build (string,bool) (at Assets/Editor/AndroidPhase6Builder.cs:32)
AndroidPhase6Builder:BuildApk () (at Assets/Editor/AndroidPhase6Builder.cs:9)

[Assets/Editor/AndroidPhase6Builder.cs line 32]

Component Particle Renderer in Bubbles deco for Scene Assets/Scenes/Tracks/Fish Hooks Track 1.unity is no longer available.
It will be removed after you edit this GameObject and save the Scene.
UnityEngine.Debug:ExtractStackTraceNoAlloc (byte*,int,string)
UnityEngine.StackTraceUtility:ExtractStackTrace ()
UnityEditor.BuildPipeline:BuildPlayerInternal (string[],string,string,UnityEditor.BuildTargetGroup,UnityEditor.BuildTarget,int,UnityEditor.BuildOptions,string[],string[],bool)
UnityEditor.BuildPipeline:BuildPlayer (UnityEditor.BuildPlayerOptions)
AndroidPhase6Builder:Build (string,bool) (at Assets/Editor/AndroidPhase6Builder.cs:32)
AndroidPhase6Builder:BuildApk () (at Assets/Editor/AndroidPhase6Builder.cs:9)

[Assets/Editor/AndroidPhase6Builder.cs line 32]

Component Particle Renderer in Bubbles deco for Scene Assets/Scenes/Tracks/Fish Hooks Track 1.unity is no longer available.
It will be removed after you edit this GameObject and save the Scene.
UnityEngine.Debug:ExtractStackTraceNoAlloc (byte*,int,string)
UnityEngine.StackTraceUtility:ExtractStackTrace ()
UnityEditor.BuildPipeline:BuildPlayerInternal (string[],string,string,UnityEditor.BuildTargetGroup,UnityEditor.BuildTarget,int,UnityEditor.BuildOptions,string[],string[],bool)
UnityEditor.BuildPipeline:BuildPlayer (UnityEditor.BuildPlayerOptions)
AndroidPhase6Builder:Build (string,bool) (at Assets/Editor/AndroidPhase6Builder.cs:32)
AndroidPhase6Builder:BuildApk () (at Assets/Editor/AndroidPhase6Builder.cs:9)

[Assets/Editor/AndroidPhase6Builder.cs line 32]

Component Particle Renderer in Bubbles deco for Scene Assets/Scenes/Tracks/Fish Hooks Track 1.unity is no longer available.
It will be removed after you edit this GameObject and save the Scene.
UnityEngine.Debug:ExtractStackTraceNoAlloc (byte*,int,string)
UnityEngine.StackTraceUtility:ExtractStackTrace ()
UnityEditor.BuildPipeline:BuildPlayerInternal (string[],string,string,UnityEditor.BuildTargetGroup,UnityEditor.BuildTarget,int,UnityEditor.BuildOptions,string[],string[],bool)
UnityEditor.BuildPipeline:BuildPlayer (UnityEditor.BuildPlayerOptions)
AndroidPhase6Builder:Build (string,bool) (at Assets/Editor/AndroidPhase6Builder.cs:32)
AndroidPhase6Builder:BuildApk () (at Assets/Editor/AndroidPhase6Builder.cs:9)

[Assets/Editor/AndroidPhase6Builder.cs line 32]

Component GUI Layer in Follow Camera for Scene Assets/Scenes/Tracks/Fish Hooks Track 1.unity is no longer available.
It will be removed after you edit this GameObject and save the Scene.
UnityEngine.Debug:ExtractStackTraceNoAlloc (byte*,int,string)
UnityEngine.StackTraceUtility:ExtractStackTrace ()
UnityEditor.BuildPipeline:BuildPlayerInternal (string[],string,string,UnityEditor.BuildTargetGroup,UnityEditor.BuildTarget,int,UnityEditor.BuildOptions,string[],string[],bool)
UnityEditor.BuildPipeline:BuildPlayer (UnityEditor.BuildPlayerOptions)
AndroidPhase6Builder:Build (string,bool) (at Assets/Editor/AndroidPhase6Builder.cs:32)
AndroidPhase6Builder:BuildApk () (at Assets/Editor/AndroidPhase6Builder.cs:9)

[Assets/Editor/AndroidPhase6Builder.cs line 32]

Component GUI Layer in Prerace Camera for Scene Assets/Scenes/Tracks/Fish Hooks Track 1.unity is no longer available.
It will be removed after you edit this GameObject and save the Scene.
UnityEngine.Debug:ExtractStackTraceNoAlloc (byte*,int,string)
UnityEngine.StackTraceUtility:ExtractStackTrace ()
UnityEditor.BuildPipeline:BuildPlayerInternal (string[],string,string,UnityEditor.BuildTargetGroup,UnityEditor.BuildTarget,int,UnityEditor.BuildOptions,string[],string[],bool)
UnityEditor.BuildPipeline:BuildPlayer (UnityEditor.BuildPlayerOptions)
AndroidPhase6Builder:Build (string,bool) (at Assets/Editor/AndroidPhase6Builder.cs:32)
AndroidPhase6Builder:BuildApk () (at Assets/Editor/AndroidPhase6Builder.cs:9)

[Assets/Editor/AndroidPhase6Builder.cs line 32]

Loaded scene 'Assets/Scenes/Tracks/Fish Hooks Track 1.unity'
	Deserialize:            68.939 ms
	Integration:            31.743 ms
	Integration of assets:  3.883 ms
	Thread Wait Time:       0.017 ms
	Total Operation Time:   104.583 ms
Unloading 439 unused Assets / (180.9 KB). Loaded Objects now: 7487.
Memory consumption went from 328.3 MB to 328.1 MB.
Total: 8.406100 ms (FindLiveObjects: 0.407000 ms CreateObjectMapping: 0.562700 ms MarkObjects: 6.943300 ms  DeleteObjects: 0.491600 ms)

Opening scene 'Assets/Scenes/Tracks/Fish Hooks Track 2.unity'
Component Particle Animator in BubbleJetSIDE for Scene Assets/Scenes/Tracks/Fish Hooks Track 2.unity is no longer available.
It will be removed after you edit this GameObject and save the Scene.
UnityEngine.Debug:ExtractStackTraceNoAlloc (byte*,int,string)
UnityEngine.StackTraceUtility:ExtractStackTrace ()
UnityEditor.BuildPipeline:BuildPlayerInternal (string[],string,string,UnityEditor.BuildTargetGroup,UnityEditor.BuildTarget,int,UnityEditor.BuildOptions,string[],string[],bool)
UnityEditor.BuildPipeline:BuildPlayer (UnityEditor.BuildPlayerOptions)
AndroidPhase6Builder:Build (string,bool) (at Assets/Editor/AndroidPhase6Builder.cs:32)
AndroidPhase6Builder:BuildApk () (at Assets/Editor/AndroidPhase6Builder.cs:9)

[Assets/Editor/AndroidPhase6Builder.cs line 32]

Unloading 171 Unused Serialized files (Serialized files now loaded: 0)
Component Particle Animator in BubbleJetUP for Scene Assets/Scenes/Tracks/Fish Hooks Track 2.unity is no longer available.
It will be removed after you edit this GameObject and save the Scene.
UnityEngine.Debug:ExtractStackTraceNoAlloc (byte*,int,string)
UnityEngine.StackTraceUtility:ExtractStackTrace ()
UnityEditor.BuildPipeline:BuildPlayerInternal (string[],string,string,UnityEditor.BuildTargetGroup,UnityEditor.BuildTarget,int,UnityEditor.BuildOptions,string[],string[],bool)
UnityEditor.BuildPipeline:BuildPlayer (UnityEditor.BuildPlayerOptions)
AndroidPhase6Builder:Build (string,bool) (at Assets/Editor/AndroidPhase6Builder.cs:32)
AndroidPhase6Builder:BuildApk () (at Assets/Editor/AndroidPhase6Builder.cs:9)

[Assets/Editor/AndroidPhase6Builder.cs line 32]

Component Particle Animator in BubbleJetSIDE for Scene Assets/Scenes/Tracks/Fish Hooks Track 2.unity is no longer available.
It will be removed after you edit this GameObject and save the Scene.
UnityEngine.Debug:ExtractStackTraceNoAlloc (byte*,int,string)
UnityEngine.StackTraceUtility:ExtractStackTrace ()
UnityEditor.BuildPipeline:BuildPlayerInternal (string[],string,string,UnityEditor.BuildTargetGroup,UnityEditor.BuildTarget,int,UnityEditor.BuildOptions,string[],string[],bool)
UnityEditor.BuildPipeline:BuildPlayer (UnityEditor.BuildPlayerOptions)
AndroidPhase6Builder:Build (string,bool) (at Assets/Editor/AndroidPhase6Builder.cs:32)
AndroidPhase6Builder:BuildApk () (at Assets/Editor/AndroidPhase6Builder.cs:9)

[Assets/Editor/AndroidPhase6Builder.cs line 32]

Component Particle Animator in Bubbles deco for Scene Assets/Scenes/Tracks/Fish Hooks Track 2.unity is no longer available.
It will be removed after you edit this GameObject and save the Scene.
UnityEngine.Debug:ExtractStackTraceNoAlloc (byte*,int,string)
UnityEngine.StackTraceUtility:ExtractStackTrace ()
UnityEditor.BuildPipeline:BuildPlayerInternal (string[],string,string,UnityEditor.BuildTargetGroup,UnityEditor.BuildTarget,int,UnityEditor.BuildOptions,string[],string[],bool)
UnityEditor.BuildPipeline:BuildPlayer (UnityEditor.BuildPlayerOptions)
AndroidPhase6Builder:Build (string,bool) (at Assets/Editor/AndroidPhase6Builder.cs:32)
AndroidPhase6Builder:BuildApk () (at Assets/Editor/AndroidPhase6Builder.cs:9)

[Assets/Editor/AndroidPhase6Builder.cs line 32]

Component Particle Animator in Bubbles deco for Scene Assets/Scenes/Tracks/Fish Hooks Track 2.unity is no longer available.
It will be removed after you edit this GameObject and save the Scene.
UnityEngine.Debug:ExtractStackTraceNoAlloc (byte*,int,string)
UnityEngine.StackTraceUtility:ExtractStackTrace ()
UnityEditor.BuildPipeline:BuildPlayerInternal (string[],string,string,UnityEditor.BuildTargetGroup,UnityEditor.BuildTarget,int,UnityEditor.BuildOptions,string[],string[],bool)
UnityEditor.BuildPipeline:BuildPlayer (UnityEditor.BuildPlayerOptions)
AndroidPhase6Builder:Build (string,bool) (at Assets/Editor/AndroidPhase6Builder.cs:32)
AndroidPhase6Builder:BuildApk () (at Assets/Editor/AndroidPhase6Builder.cs:9)

[Assets/Editor/AndroidPhase6Builder.cs line 32]

Component Particle Animator in Bubbles deco for Scene Assets/Scenes/Tracks/Fish Hooks Track 2.unity is no longer available.
It will be removed after you edit this GameObject and save the Scene.
UnityEngine.Debug:ExtractStackTraceNoAlloc (byte*,int,string)
UnityEngine.StackTraceUtility:ExtractStackTrace ()
UnityEditor.BuildPipeline:BuildPlayerInternal (string[],string,string,UnityEditor.BuildTargetGroup,UnityEditor.BuildTarget,int,UnityEditor.BuildOptions,string[],string[],bool)
UnityEditor.BuildPipeline:BuildPlayer (UnityEditor.BuildPlayerOptions)
AndroidPhase6Builder:Build (string,bool) (at Assets/Editor/AndroidPhase6Builder.cs:32)
AndroidPhase6Builder:BuildApk () (at Assets/Editor/AndroidPhase6Builder.cs:9)

[Assets/Editor/AndroidPhase6Builder.cs line 32]

Component Particle Animator in BubbleJetSIDE for Scene Assets/Scenes/Tracks/Fish Hooks Track 2.unity is no longer available.
It will be removed after you edit this GameObject and save the Scene.
UnityEngine.Debug:ExtractStackTraceNoAlloc (byte*,int,string)
UnityEngine.StackTraceUtility:ExtractStackTrace ()
UnityEditor.BuildPipeline:BuildPlayerInternal (string[],string,string,UnityEditor.BuildTargetGroup,UnityEditor.BuildTarget,int,UnityEditor.BuildOptions,string[],string[],bool)
UnityEditor.BuildPipeline:BuildPlayer (UnityEditor.BuildPlayerOptions)
AndroidPhase6Builder:Build (string,bool) (at Assets/Editor/AndroidPhase6Builder.cs:32)
AndroidPhase6Builder:BuildApk () (at Assets/Editor/AndroidPhase6Builder.cs:9)

[Assets/Editor/AndroidPhase6Builder.cs line 32]

Component Particle Animator in Bubbles deco for Scene Assets/Scenes/Tracks/Fish Hooks Track 2.unity is no longer available.
It will be removed after you edit this GameObject and save the Scene.
UnityEngine.Debug:ExtractStackTraceNoAlloc (byte*,int,string)
UnityEngine.StackTraceUtility:ExtractStackTrace ()
UnityEditor.BuildPipeline:BuildPlayerInternal (string[],string,string,UnityEditor.BuildTargetGroup,UnityEditor.BuildTarget,int,UnityEditor.BuildOptions,string[],string[],bool)
UnityEditor.BuildPipeline:BuildPlayer (UnityEditor.BuildPlayerOptions)
AndroidPhase6Builder:Build (string,bool) (at Assets/Editor/AndroidPhase6Builder.cs:32)
AndroidPhase6Builder:BuildApk () (at Assets/Editor/AndroidPhase6Builder.cs:9)

[Assets/Editor/AndroidPhase6Builder.cs line 32]

Component Particle Animator in BubbleJetSIDE for Scene Assets/Scenes/Tracks/Fish Hooks Track 2.unity is no longer available.
It will be removed after you edit this GameObject and save the Scene.
UnityEngine.Debug:ExtractStackTraceNoAlloc (byte*,int,string)
UnityEngine.StackTraceUtility:ExtractStackTrace ()
UnityEditor.BuildPipeline:BuildPlayerInternal (string[],string,string,UnityEditor.BuildTargetGroup,UnityEditor.BuildTarget,int,UnityEditor.BuildOptions,string[],string[],bool)
UnityEditor.BuildPipeline:BuildPlayer (UnityEditor.BuildPlayerOptions)
AndroidPhase6Builder:Build (string,bool) (at Assets/Editor/AndroidPhase6Builder.cs:32)
AndroidPhase6Builder:BuildApk () (at Assets/Editor/AndroidPhase6Builder.cs:9)

[Assets/Editor/AndroidPhase6Builder.cs line 32]

Component Particle Animator in BubbleJetUP for Scene Assets/Scenes/Tracks/Fish Hooks Track 2.unity is no longer available.
It will be removed after you edit this GameObject and save the Scene.
UnityEngine.Debug:ExtractStackTraceNoAlloc (byte*,int,string)
UnityEngine.StackTraceUtility:ExtractStackTrace ()
UnityEditor.BuildPipeline:BuildPlayerInternal (string[],string,string,UnityEditor.BuildTargetGroup,UnityEditor.BuildTarget,int,UnityEditor.BuildOptions,string[],string[],bool)
UnityEditor.BuildPipeline:BuildPlayer (UnityEditor.BuildPlayerOptions)
AndroidPhase6Builder:Build (string,bool) (at Assets/Editor/AndroidPhase6Builder.cs:32)
AndroidPhase6Builder:BuildApk () (at Assets/Editor/AndroidPhase6Builder.cs:9)

[Assets/Editor/AndroidPhase6Builder.cs line 32]

Component Particle Animator in Bubbles deco for Scene Assets/Scenes/Tracks/Fish Hooks Track 2.unity is no longer available.
It will be removed after you edit this GameObject and save the Scene.
UnityEngine.Debug:ExtractStackTraceNoAlloc (byte*,int,string)
UnityEngine.StackTraceUtility:ExtractStackTrace ()
UnityEditor.BuildPipeline:BuildPlayerInternal (string[],string,string,UnityEditor.BuildTargetGroup,UnityEditor.BuildTarget,int,UnityEditor.BuildOptions,string[],string[],bool)
UnityEditor.BuildPipeline:BuildPlayer (UnityEditor.BuildPlayerOptions)
AndroidPhase6Builder:Build (string,bool) (at Assets/Editor/AndroidPhase6Builder.cs:32)
AndroidPhase6Builder:BuildApk () (at Assets/Editor/AndroidPhase6Builder.cs:9)

[Assets/Editor/AndroidPhase6Builder.cs line 32]

Component Particle Animator in Bubbles deco for Scene Assets/Scenes/Tracks/Fish Hooks Track 2.unity is no longer available.
It will be removed after you edit this GameObject and save the Scene.
UnityEngine.Debug:ExtractStackTraceNoAlloc (byte*,int,string)
UnityEngine.StackTraceUtility:ExtractStackTrace ()
UnityEditor.BuildPipeline:BuildPlayerInternal (string[],string,string,UnityEditor.BuildTargetGroup,UnityEditor.BuildTarget,int,UnityEditor.BuildOptions,string[],string[],bool)
UnityEditor.BuildPipeline:BuildPlayer (UnityEditor.BuildPlayerOptions)
AndroidPhase6Builder:Build (string,bool) (at Assets/Editor/AndroidPhase6Builder.cs:32)
AndroidPhase6Builder:BuildApk () (at Assets/Editor/AndroidPhase6Builder.cs:9)

[Assets/Editor/AndroidPhase6Builder.cs line 32]

Component Particle Animator in Bubbles deco for Scene Assets/Scenes/Tracks/Fish Hooks Track 2.unity is no longer available.
It will be removed after you edit this GameObject and save the Scene.
UnityEngine.Debug:ExtractStackTraceNoAlloc (byte*,int,string)
UnityEngine.StackTraceUtility:ExtractStackTrace ()
UnityEditor.BuildPipeline:BuildPlayerInternal (string[],string,string,UnityEditor.BuildTargetGroup,UnityEditor.BuildTarget,int,UnityEditor.BuildOptions,string[],string[],bool)
UnityEditor.BuildPipeline:BuildPlayer (UnityEditor.BuildPlayerOptions)
AndroidPhase6Builder:Build (string,bool) (at Assets/Editor/AndroidPhase6Builder.cs:32)
AndroidPhase6Builder:BuildApk () (at Assets/Editor/AndroidPhase6Builder.cs:9)

[Assets/Editor/AndroidPhase6Builder.cs line 32]

Component Particle Animator in BubbleJetSIDE for Scene Assets/Scenes/Tracks/Fish Hooks Track 2.unity is no longer available.
It will be removed after you edit this GameObject and save the Scene.
UnityEngine.Debug:ExtractStackTraceNoAlloc (byte*,int,string)
UnityEngine.StackTraceUtility:ExtractStackTrace ()
UnityEditor.BuildPipeline:BuildPlayerInternal (string[],string,string,UnityEditor.BuildTargetGroup,UnityEditor.BuildTarget,int,UnityEditor.BuildOptions,string[],string[],bool)
UnityEditor.BuildPipeline:BuildPlayer (UnityEditor.BuildPlayerOptions)
AndroidPhase6Builder:Build (string,bool) (at Assets/Editor/AndroidPhase6Builder.cs:32)
AndroidPhase6Builder:BuildApk () (at Assets/Editor/AndroidPhase6Builder.cs:9)

[Assets/Editor/AndroidPhase6Builder.cs line 32]

Component Particle Animator in BubbleJetSIDE for Scene Assets/Scenes/Tracks/Fish Hooks Track 2.unity is no longer available.
It will be removed after you edit this GameObject and save the Scene.
UnityEngine.Debug:ExtractStackTraceNoAlloc (byte*,int,string)
UnityEngine.StackTraceUtility:ExtractStackTrace ()
UnityEditor.BuildPipeline:BuildPlayerInternal (string[],string,string,UnityEditor.BuildTargetGroup,UnityEditor.BuildTarget,int,UnityEditor.BuildOptions,string[],string[],bool)
UnityEditor.BuildPipeline:BuildPlayer (UnityEditor.BuildPlayerOptions)
AndroidPhase6Builder:Build (string,bool) (at Assets/Editor/AndroidPhase6Builder.cs:32)
AndroidPhase6Builder:BuildApk () (at Assets/Editor/AndroidPhase6Builder.cs:9)

[Assets/Editor/AndroidPhase6Builder.cs line 32]

Component Particle Animator in BubbleJetSIDE for Scene Assets/Scenes/Tracks/Fish Hooks Track 2.unity is no longer available.
It will be removed after you edit this GameObject and save the Scene.
UnityEngine.Debug:ExtractStackTraceNoAlloc (byte*,int,string)
UnityEngine.StackTraceUtility:ExtractStackTrace ()
UnityEditor.BuildPipeline:BuildPlayerInternal (string[],string,string,UnityEditor.BuildTargetGroup,UnityEditor.BuildTarget,int,UnityEditor.BuildOptions,string[],string[],bool)
UnityEditor.BuildPipeline:BuildPlayer (UnityEditor.BuildPlayerOptions)
AndroidPhase6Builder:Build (string,bool) (at Assets/Editor/AndroidPhase6Builder.cs:32)
AndroidPhase6Builder:BuildApk () (at Assets/Editor/AndroidPhase6Builder.cs:9)

[Assets/Editor/AndroidPhase6Builder.cs line 32]

Component Particle Animator in Bubbles deco for Scene Assets/Scenes/Tracks/Fish Hooks Track 2.unity is no longer available.
It will be removed after you edit this GameObject and save the Scene.
UnityEngine.Debug:ExtractStackTraceNoAlloc (byte*,int,string)
UnityEngine.StackTraceUtility:ExtractStackTrace ()
UnityEditor.BuildPipeline:BuildPlayerInternal (string[],string,string,UnityEditor.BuildTargetGroup,UnityEditor.BuildTarget,int,UnityEditor.BuildOptions,string[],string[],bool)
UnityEditor.BuildPipeline:BuildPlayer (UnityEditor.BuildPlayerOptions)
AndroidPhase6Builder:Build (string,bool) (at Assets/Editor/AndroidPhase6Builder.cs:32)
AndroidPhase6Builder:BuildApk () (at Assets/Editor/AndroidPhase6Builder.cs:9)

[Assets/Editor/AndroidPhase6Builder.cs line 32]

Component Ellipsoid Particle Emitter in BubbleJetSIDE for Scene Assets/Scenes/Tracks/Fish Hooks Track 2.unity is no longer available.
It will be removed after you edit this GameObject and save the Scene.
UnityEngine.Debug:ExtractStackTraceNoAlloc (byte*,int,string)
UnityEngine.StackTraceUtility:ExtractStackTrace ()
UnityEditor.BuildPipeline:BuildPlayerInternal (string[],string,string,UnityEditor.BuildTargetGroup,UnityEditor.BuildTarget,int,UnityEditor.BuildOptions,string[],string[],bool)
UnityEditor.BuildPipeline:BuildPlayer (UnityEditor.BuildPlayerOptions)
AndroidPhase6Builder:Build (string,bool) (at Assets/Editor/AndroidPhase6Builder.cs:32)
AndroidPhase6Builder:BuildApk () (at Assets/Editor/AndroidPhase6Builder.cs:9)

[Assets/Editor/AndroidPhase6Builder.cs line 32]

Component Ellipsoid Particle Emitter in BubbleJetUP for Scene Assets/Scenes/Tracks/Fish Hooks Track 2.unity is no longer available.
It will be removed after you edit this GameObject and save the Scene.
UnityEngine.Debug:ExtractStackTraceNoAlloc (byte*,int,string)
UnityEngine.StackTraceUtility:ExtractStackTrace ()
UnityEditor.BuildPipeline:BuildPlayerInternal (string[],string,string,UnityEditor.BuildTargetGroup,UnityEditor.BuildTarget,int,UnityEditor.BuildOptions,string[],string[],bool)
UnityEditor.BuildPipeline:BuildPlayer (UnityEditor.BuildPlayerOptions)
AndroidPhase6Builder:Build (string,bool) (at Assets/Editor/AndroidPhase6Builder.cs:32)
AndroidPhase6Builder:BuildApk () (at Assets/Editor/AndroidPhase6Builder.cs:9)

[Assets/Editor/AndroidPhase6Builder.cs line 32]

Component Ellipsoid Particle Emitter in BubbleJetSIDE for Scene Assets/Scenes/Tracks/Fish Hooks Track 2.unity is no longer available.
It will be removed after you edit this GameObject and save the Scene.
UnityEngine.Debug:ExtractStackTraceNoAlloc (byte*,int,string)
UnityEngine.StackTraceUtility:ExtractStackTrace ()
UnityEditor.BuildPipeline:BuildPlayerInternal (string[],string,string,UnityEditor.BuildTargetGroup,UnityEditor.BuildTarget,int,UnityEditor.BuildOptions,string[],string[],bool)
UnityEditor.BuildPipeline:BuildPlayer (UnityEditor.BuildPlayerOptions)
AndroidPhase6Builder:Build (string,bool) (at Assets/Editor/AndroidPhase6Builder.cs:32)
AndroidPhase6Builder:BuildApk () (at Assets/Editor/AndroidPhase6Builder.cs:9)

[Assets/Editor/AndroidPhase6Builder.cs line 32]

Component Ellipsoid Particle Emitter in Bubbles deco for Scene Assets/Scenes/Tracks/Fish Hooks Track 2.unity is no longer available.
It will be removed after you edit this GameObject and save the Scene.
UnityEngine.Debug:ExtractStackTraceNoAlloc (byte*,int,string)
UnityEngine.StackTraceUtility:ExtractStackTrace ()
UnityEditor.BuildPipeline:BuildPlayerInternal (string[],string,string,UnityEditor.BuildTargetGroup,UnityEditor.BuildTarget,int,UnityEditor.BuildOptions,string[],string[],bool)
UnityEditor.BuildPipeline:BuildPlayer (UnityEditor.BuildPlayerOptions)
AndroidPhase6Builder:Build (string,bool) (at Assets/Editor/AndroidPhase6Builder.cs:32)
AndroidPhase6Builder:BuildApk () (at Assets/Editor/AndroidPhase6Builder.cs:9)

[Assets/Editor/AndroidPhase6Builder.cs line 32]

Component Ellipsoid Particle Emitter in Bubbles deco for Scene Assets/Scenes/Tracks/Fish Hooks Track 2.unity is no longer available.
It will be removed after you edit this GameObject and save the Scene.
UnityEngine.Debug:ExtractStackTraceNoAlloc (byte*,int,string)
UnityEngine.StackTraceUtility:ExtractStackTrace ()
UnityEditor.BuildPipeline:BuildPlayerInternal (string[],string,string,UnityEditor.BuildTargetGroup,UnityEditor.BuildTarget,int,UnityEditor.BuildOptions,string[],string[],bool)
UnityEditor.BuildPipeline:BuildPlayer (UnityEditor.BuildPlayerOptions)
AndroidPhase6Builder:Build (string,bool) (at Assets/Editor/AndroidPhase6Builder.cs:32)
AndroidPhase6Builder:BuildApk () (at Assets/Editor/AndroidPhase6Builder.cs:9)

[Assets/Editor/AndroidPhase6Builder.cs line 32]

Component Ellipsoid Particle Emitter in Bubbles deco for Scene Assets/Scenes/Tracks/Fish Hooks Track 2.unity is no longer available.
It will be removed after you edit this GameObject and save the Scene.
UnityEngine.Debug:ExtractStackTraceNoAlloc (byte*,int,string)
UnityEngine.StackTraceUtility:ExtractStackTrace ()
UnityEditor.BuildPipeline:BuildPlayerInternal (string[],string,string,UnityEditor.BuildTargetGroup,UnityEditor.BuildTarget,int,UnityEditor.BuildOptions,string[],string[],bool)
UnityEditor.BuildPipeline:BuildPlayer (UnityEditor.BuildPlayerOptions)
AndroidPhase6Builder:Build (string,bool) (at Assets/Editor/AndroidPhase6Builder.cs:32)
AndroidPhase6Builder:BuildApk () (at Assets/Editor/AndroidPhase6Builder.cs:9)

[Assets/Editor/AndroidPhase6Builder.cs line 32]

Component Ellipsoid Particle Emitter in BubbleJetSIDE for Scene Assets/Scenes/Tracks/Fish Hooks Track 2.unity is no longer available.
It will be removed after you edit this GameObject and save the Scene.
UnityEngine.Debug:ExtractStackTraceNoAlloc (byte*,int,string)
UnityEngine.StackTraceUtility:ExtractStackTrace ()
UnityEditor.BuildPipeline:BuildPlayerInternal (string[],string,string,UnityEditor.BuildTargetGroup,UnityEditor.BuildTarget,int,UnityEditor.BuildOptions,string[],string[],bool)
UnityEditor.BuildPipeline:BuildPlayer (UnityEditor.BuildPlayerOptions)
AndroidPhase6Builder:Build (string,bool) (at Assets/Editor/AndroidPhase6Builder.cs:32)
AndroidPhase6Builder:BuildApk () (at Assets/Editor/AndroidPhase6Builder.cs:9)

[Assets/Editor/AndroidPhase6Builder.cs line 32]

Component Ellipsoid Particle Emitter in Bubbles deco for Scene Assets/Scenes/Tracks/Fish Hooks Track 2.unity is no longer available.
It will be removed after you edit this GameObject and save the Scene.
UnityEngine.Debug:ExtractStackTraceNoAlloc (byte*,int,string)
UnityEngine.StackTraceUtility:ExtractStackTrace ()
UnityEditor.BuildPipeline:BuildPlayerInternal (string[],string,string,UnityEditor.BuildTargetGroup,UnityEditor.BuildTarget,int,UnityEditor.BuildOptions,string[],string[],bool)
UnityEditor.BuildPipeline:BuildPlayer (UnityEditor.BuildPlayerOptions)
AndroidPhase6Builder:Build (string,bool) (at Assets/Editor/AndroidPhase6Builder.cs:32)
AndroidPhase6Builder:BuildApk () (at Assets/Editor/AndroidPhase6Builder.cs:9)

[Assets/Editor/AndroidPhase6Builder.cs line 32]

Component Ellipsoid Particle Emitter in BubbleJetSIDE for Scene Assets/Scenes/Tracks/Fish Hooks Track 2.unity is no longer available.
It will be removed after you edit this GameObject and save the Scene.
UnityEngine.Debug:ExtractStackTraceNoAlloc (byte*,int,string)
UnityEngine.StackTraceUtility:ExtractStackTrace ()
UnityEditor.BuildPipeline:BuildPlayerInternal (string[],string,string,UnityEditor.BuildTargetGroup,UnityEditor.BuildTarget,int,UnityEditor.BuildOptions,string[],string[],bool)
UnityEditor.BuildPipeline:BuildPlayer (UnityEditor.BuildPlayerOptions)
AndroidPhase6Builder:Build (string,bool) (at Assets/Editor/AndroidPhase6Builder.cs:32)
AndroidPhase6Builder:BuildApk () (at Assets/Editor/AndroidPhase6Builder.cs:9)

[Assets/Editor/AndroidPhase6Builder.cs line 32]

Component Ellipsoid Particle Emitter in BubbleJetUP for Scene Assets/Scenes/Tracks/Fish Hooks Track 2.unity is no longer available.
It will be removed after you edit this GameObject and save the Scene.
UnityEngine.Debug:ExtractStackTraceNoAlloc (byte*,int,string)
UnityEngine.StackTraceUtility:ExtractStackTrace ()
UnityEditor.BuildPipeline:BuildPlayerInternal (string[],string,string,UnityEditor.BuildTargetGroup,UnityEditor.BuildTarget,int,UnityEditor.BuildOptions,string[],string[],bool)
UnityEditor.BuildPipeline:BuildPlayer (UnityEditor.BuildPlayerOptions)
AndroidPhase6Builder:Build (string,bool) (at Assets/Editor/AndroidPhase6Builder.cs:32)
AndroidPhase6Builder:BuildApk () (at Assets/Editor/AndroidPhase6Builder.cs:9)

[Assets/Editor/AndroidPhase6Builder.cs line 32]

Component Ellipsoid Particle Emitter in Bubbles deco for Scene Assets/Scenes/Tracks/Fish Hooks Track 2.unity is no longer available.
It will be removed after you edit this GameObject and save the Scene.
UnityEngine.Debug:ExtractStackTraceNoAlloc (byte*,int,string)
UnityEngine.StackTraceUtility:ExtractStackTrace ()
UnityEditor.BuildPipeline:BuildPlayerInternal (string[],string,string,UnityEditor.BuildTargetGroup,UnityEditor.BuildTarget,int,UnityEditor.BuildOptions,string[],string[],bool)
UnityEditor.BuildPipeline:BuildPlayer (UnityEditor.BuildPlayerOptions)
AndroidPhase6Builder:Build (string,bool) (at Assets/Editor/AndroidPhase6Builder.cs:32)
AndroidPhase6Builder:BuildApk () (at Assets/Editor/AndroidPhase6Builder.cs:9)

[Assets/Editor/AndroidPhase6Builder.cs line 32]

Component Ellipsoid Particle Emitter in Bubbles deco for Scene Assets/Scenes/Tracks/Fish Hooks Track 2.unity is no longer available.
It will be removed after you edit this GameObject and save the Scene.
UnityEngine.Debug:ExtractStackTraceNoAlloc (byte*,int,string)
UnityEngine.StackTraceUtility:ExtractStackTrace ()
UnityEditor.BuildPipeline:BuildPlayerInternal (string[],string,string,UnityEditor.BuildTargetGroup,UnityEditor.BuildTarget,int,UnityEditor.BuildOptions,string[],string[],bool)
UnityEditor.BuildPipeline:BuildPlayer (UnityEditor.BuildPlayerOptions)
AndroidPhase6Builder:Build (string,bool) (at Assets/Editor/AndroidPhase6Builder.cs:32)
AndroidPhase6Builder:BuildApk () (at Assets/Editor/AndroidPhase6Builder.cs:9)

[Assets/Editor/AndroidPhase6Builder.cs line 32]

Component Ellipsoid Particle Emitter in Bubbles deco for Scene Assets/Scenes/Tracks/Fish Hooks Track 2.unity is no longer available.
It will be removed after you edit this GameObject and save the Scene.
UnityEngine.Debug:ExtractStackTraceNoAlloc (byte*,int,string)
UnityEngine.StackTraceUtility:ExtractStackTrace ()
UnityEditor.BuildPipeline:BuildPlayerInternal (string[],string,string,UnityEditor.BuildTargetGroup,UnityEditor.BuildTarget,int,UnityEditor.BuildOptions,string[],string[],bool)
UnityEditor.BuildPipeline:BuildPlayer (UnityEditor.BuildPlayerOptions)
AndroidPhase6Builder:Build (string,bool) (at Assets/Editor/AndroidPhase6Builder.cs:32)
AndroidPhase6Builder:BuildApk () (at Assets/Editor/AndroidPhase6Builder.cs:9)

[Assets/Editor/AndroidPhase6Builder.cs line 32]

Component Ellipsoid Particle Emitter in BubbleJetSIDE for Scene Assets/Scenes/Tracks/Fish Hooks Track 2.unity is no longer available.
It will be removed after you edit this GameObject and save the Scene.
UnityEngine.Debug:ExtractStackTraceNoAlloc (byte*,int,string)
UnityEngine.StackTraceUtility:ExtractStackTrace ()
UnityEditor.BuildPipeline:BuildPlayerInternal (string[],string,string,UnityEditor.BuildTargetGroup,UnityEditor.BuildTarget,int,UnityEditor.BuildOptions,string[],string[],bool)
UnityEditor.BuildPipeline:BuildPlayer (UnityEditor.BuildPlayerOptions)
AndroidPhase6Builder:Build (string,bool) (at Assets/Editor/AndroidPhase6Builder.cs:32)
AndroidPhase6Builder:BuildApk () (at Assets/Editor/AndroidPhase6Builder.cs:9)

[Assets/Editor/AndroidPhase6Builder.cs line 32]

Component Ellipsoid Particle Emitter in BubbleJetSIDE for Scene Assets/Scenes/Tracks/Fish Hooks Track 2.unity is no longer available.
It will be removed after you edit this GameObject and save the Scene.
UnityEngine.Debug:ExtractStackTraceNoAlloc (byte*,int,string)
UnityEngine.StackTraceUtility:ExtractStackTrace ()
UnityEditor.BuildPipeline:BuildPlayerInternal (string[],string,string,UnityEditor.BuildTargetGroup,UnityEditor.BuildTarget,int,UnityEditor.BuildOptions,string[],string[],bool)
UnityEditor.BuildPipeline:BuildPlayer (UnityEditor.BuildPlayerOptions)
AndroidPhase6Builder:Build (string,bool) (at Assets/Editor/AndroidPhase6Builder.cs:32)
AndroidPhase6Builder:BuildApk () (at Assets/Editor/AndroidPhase6Builder.cs:9)

[Assets/Editor/AndroidPhase6Builder.cs line 32]

Component Ellipsoid Particle Emitter in BubbleJetSIDE for Scene Assets/Scenes/Tracks/Fish Hooks Track 2.unity is no longer available.
It will be removed after you edit this GameObject and save the Scene.
UnityEngine.Debug:ExtractStackTraceNoAlloc (byte*,int,string)
UnityEngine.StackTraceUtility:ExtractStackTrace ()
UnityEditor.BuildPipeline:BuildPlayerInternal (string[],string,string,UnityEditor.BuildTargetGroup,UnityEditor.BuildTarget,int,UnityEditor.BuildOptions,string[],string[],bool)
UnityEditor.BuildPipeline:BuildPlayer (UnityEditor.BuildPlayerOptions)
AndroidPhase6Builder:Build (string,bool) (at Assets/Editor/AndroidPhase6Builder.cs:32)
AndroidPhase6Builder:BuildApk () (at Assets/Editor/AndroidPhase6Builder.cs:9)

[Assets/Editor/AndroidPhase6Builder.cs line 32]

Component Ellipsoid Particle Emitter in Bubbles deco for Scene Assets/Scenes/Tracks/Fish Hooks Track 2.unity is no longer available.
It will be removed after you edit this GameObject and save the Scene.
UnityEngine.Debug:ExtractStackTraceNoAlloc (byte*,int,string)
UnityEngine.StackTraceUtility:ExtractStackTrace ()
UnityEditor.BuildPipeline:BuildPlayerInternal (string[],string,string,UnityEditor.BuildTargetGroup,UnityEditor.BuildTarget,int,UnityEditor.BuildOptions,string[],string[],bool)
UnityEditor.BuildPipeline:BuildPlayer (UnityEditor.BuildPlayerOptions)
AndroidPhase6Builder:Build (string,bool) (at Assets/Editor/AndroidPhase6Builder.cs:32)
AndroidPhase6Builder:BuildApk () (at Assets/Editor/AndroidPhase6Builder.cs:9)

[Assets/Editor/AndroidPhase6Builder.cs line 32]

Component Particle Renderer in BubbleJetSIDE for Scene Assets/Scenes/Tracks/Fish Hooks Track 2.unity is no longer available.
It will be removed after you edit this GameObject and save the Scene.
UnityEngine.Debug:ExtractStackTraceNoAlloc (byte*,int,string)
UnityEngine.StackTraceUtility:ExtractStackTrace ()
UnityEditor.BuildPipeline:BuildPlayerInternal (string[],string,string,UnityEditor.BuildTargetGroup,UnityEditor.BuildTarget,int,UnityEditor.BuildOptions,string[],string[],bool)
UnityEditor.BuildPipeline:BuildPlayer (UnityEditor.BuildPlayerOptions)
AndroidPhase6Builder:Build (string,bool) (at Assets/Editor/AndroidPhase6Builder.cs:32)
AndroidPhase6Builder:BuildApk () (at Assets/Editor/AndroidPhase6Builder.cs:9)

[Assets/Editor/AndroidPhase6Builder.cs line 32]

Component Particle Renderer in BubbleJetUP for Scene Assets/Scenes/Tracks/Fish Hooks Track 2.unity is no longer available.
It will be removed after you edit this GameObject and save the Scene.
UnityEngine.Debug:ExtractStackTraceNoAlloc (byte*,int,string)
UnityEngine.StackTraceUtility:ExtractStackTrace ()
UnityEditor.BuildPipeline:BuildPlayerInternal (string[],string,string,UnityEditor.BuildTargetGroup,UnityEditor.BuildTarget,int,UnityEditor.BuildOptions,string[],string[],bool)
UnityEditor.BuildPipeline:BuildPlayer (UnityEditor.BuildPlayerOptions)
AndroidPhase6Builder:Build (string,bool) (at Assets/Editor/AndroidPhase6Builder.cs:32)
AndroidPhase6Builder:BuildApk () (at Assets/Editor/AndroidPhase6Builder.cs:9)

[Assets/Editor/AndroidPhase6Builder.cs line 32]

Component Particle Renderer in BubbleJetSIDE for Scene Assets/Scenes/Tracks/Fish Hooks Track 2.unity is no longer available.
It will be removed after you edit this GameObject and save the Scene.
UnityEngine.Debug:ExtractStackTraceNoAlloc (byte*,int,string)
UnityEngine.StackTraceUtility:ExtractStackTrace ()
UnityEditor.BuildPipeline:BuildPlayerInternal (string[],string,string,UnityEditor.BuildTargetGroup,UnityEditor.BuildTarget,int,UnityEditor.BuildOptions,string[],string[],bool)
UnityEditor.BuildPipeline:BuildPlayer (UnityEditor.BuildPlayerOptions)
AndroidPhase6Builder:Build (string,bool) (at Assets/Editor/AndroidPhase6Builder.cs:32)
AndroidPhase6Builder:BuildApk () (at Assets/Editor/AndroidPhase6Builder.cs:9)

[Assets/Editor/AndroidPhase6Builder.cs line 32]

Component Particle Renderer in Bubbles deco for Scene Assets/Scenes/Tracks/Fish Hooks Track 2.unity is no longer available.
It will be removed after you edit this GameObject and save the Scene.
UnityEngine.Debug:ExtractStackTraceNoAlloc (byte*,int,string)
UnityEngine.StackTraceUtility:ExtractStackTrace ()
UnityEditor.BuildPipeline:BuildPlayerInternal (string[],string,string,UnityEditor.BuildTargetGroup,UnityEditor.BuildTarget,int,UnityEditor.BuildOptions,string[],string[],bool)
UnityEditor.BuildPipeline:BuildPlayer (UnityEditor.BuildPlayerOptions)
AndroidPhase6Builder:Build (string,bool) (at Assets/Editor/AndroidPhase6Builder.cs:32)
AndroidPhase6Builder:BuildApk () (at Assets/Editor/AndroidPhase6Builder.cs:9)

[Assets/Editor/AndroidPhase6Builder.cs line 32]

Component Particle Renderer in Bubbles deco for Scene Assets/Scenes/Tracks/Fish Hooks Track 2.unity is no longer available.
It will be removed after you edit this GameObject and save the Scene.
UnityEngine.Debug:ExtractStackTraceNoAlloc (byte*,int,string)
UnityEngine.StackTraceUtility:ExtractStackTrace ()
UnityEditor.BuildPipeline:BuildPlayerInternal (string[],string,string,UnityEditor.BuildTargetGroup,UnityEditor.BuildTarget,int,UnityEditor.BuildOptions,string[],string[],bool)
UnityEditor.BuildPipeline:BuildPlayer (UnityEditor.BuildPlayerOptions)
AndroidPhase6Builder:Build (string,bool) (at Assets/Editor/AndroidPhase6Builder.cs:32)
AndroidPhase6Builder:BuildApk () (at Assets/Editor/AndroidPhase6Builder.cs:9)

[Assets/Editor/AndroidPhase6Builder.cs line 32]

Component Particle Renderer in Bubbles deco for Scene Assets/Scenes/Tracks/Fish Hooks Track 2.unity is no longer available.
It will be removed after you edit this GameObject and save the Scene.
UnityEngine.Debug:ExtractStackTraceNoAlloc (byte*,int,string)
UnityEngine.StackTraceUtility:ExtractStackTrace ()
UnityEditor.BuildPipeline:BuildPlayerInternal (string[],string,string,UnityEditor.BuildTargetGroup,UnityEditor.BuildTarget,int,UnityEditor.BuildOptions,string[],string[],bool)
UnityEditor.BuildPipeline:BuildPlayer (UnityEditor.BuildPlayerOptions)
AndroidPhase6Builder:Build (string,bool) (at Assets/Editor/AndroidPhase6Builder.cs:32)
AndroidPhase6Builder:BuildApk () (at Assets/Editor/AndroidPhase6Builder.cs:9)

[Assets/Editor/AndroidPhase6Builder.cs line 32]

Component Particle Renderer in BubbleJetSIDE for Scene Assets/Scenes/Tracks/Fish Hooks Track 2.unity is no longer available.
It will be removed after you edit this GameObject and save the Scene.
UnityEngine.Debug:ExtractStackTraceNoAlloc (byte*,int,string)
UnityEngine.StackTraceUtility:ExtractStackTrace ()
UnityEditor.BuildPipeline:BuildPlayerInternal (string[],string,string,UnityEditor.BuildTargetGroup,UnityEditor.BuildTarget,int,UnityEditor.BuildOptions,string[],string[],bool)
UnityEditor.BuildPipeline:BuildPlayer (UnityEditor.BuildPlayerOptions)
AndroidPhase6Builder:Build (string,bool) (at Assets/Editor/AndroidPhase6Builder.cs:32)
AndroidPhase6Builder:BuildApk () (at Assets/Editor/AndroidPhase6Builder.cs:9)

[Assets/Editor/AndroidPhase6Builder.cs line 32]

Component Particle Renderer in Bubbles deco for Scene Assets/Scenes/Tracks/Fish Hooks Track 2.unity is no longer available.
It will be removed after you edit this GameObject and save the Scene.
UnityEngine.Debug:ExtractStackTraceNoAlloc (byte*,int,string)
UnityEngine.StackTraceUtility:ExtractStackTrace ()
UnityEditor.BuildPipeline:BuildPlayerInternal (string[],string,string,UnityEditor.BuildTargetGroup,UnityEditor.BuildTarget,int,UnityEditor.BuildOptions,string[],string[],bool)
UnityEditor.BuildPipeline:BuildPlayer (UnityEditor.BuildPlayerOptions)
AndroidPhase6Builder:Build (string,bool) (at Assets/Editor/AndroidPhase6Builder.cs:32)
AndroidPhase6Builder:BuildApk () (at Assets/Editor/AndroidPhase6Builder.cs:9)

[Assets/Editor/AndroidPhase6Builder.cs line 32]

Component Particle Renderer in BubbleJetSIDE for Scene Assets/Scenes/Tracks/Fish Hooks Track 2.unity is no longer available.
It will be removed after you edit this GameObject and save the Scene.
UnityEngine.Debug:ExtractStackTraceNoAlloc (byte*,int,string)
UnityEngine.StackTraceUtility:ExtractStackTrace ()
UnityEditor.BuildPipeline:BuildPlayerInternal (string[],string,string,UnityEditor.BuildTargetGroup,UnityEditor.BuildTarget,int,UnityEditor.BuildOptions,string[],string[],bool)
UnityEditor.BuildPipeline:BuildPlayer (UnityEditor.BuildPlayerOptions)
AndroidPhase6Builder:Build (string,bool) (at Assets/Editor/AndroidPhase6Builder.cs:32)
AndroidPhase6Builder:BuildApk () (at Assets/Editor/AndroidPhase6Builder.cs:9)

[Assets/Editor/AndroidPhase6Builder.cs line 32]

Component Particle Renderer in BubbleJetUP for Scene Assets/Scenes/Tracks/Fish Hooks Track 2.unity is no longer available.
It will be removed after you edit this GameObject and save the Scene.
UnityEngine.Debug:ExtractStackTraceNoAlloc (byte*,int,string)
UnityEngine.StackTraceUtility:ExtractStackTrace ()
UnityEditor.BuildPipeline:BuildPlayerInternal (string[],string,string,UnityEditor.BuildTargetGroup,UnityEditor.BuildTarget,int,UnityEditor.BuildOptions,string[],string[],bool)
UnityEditor.BuildPipeline:BuildPlayer (UnityEditor.BuildPlayerOptions)
AndroidPhase6Builder:Build (string,bool) (at Assets/Editor/AndroidPhase6Builder.cs:32)
AndroidPhase6Builder:BuildApk () (at Assets/Editor/AndroidPhase6Builder.cs:9)

[Assets/Editor/AndroidPhase6Builder.cs line 32]

Component Particle Renderer in Bubbles deco for Scene Assets/Scenes/Tracks/Fish Hooks Track 2.unity is no longer available.
It will be removed after you edit this GameObject and save the Scene.
UnityEngine.Debug:ExtractStackTraceNoAlloc (byte*,int,string)
UnityEngine.StackTraceUtility:ExtractStackTrace ()
UnityEditor.BuildPipeline:BuildPlayerInternal (string[],string,string,UnityEditor.BuildTargetGroup,UnityEditor.BuildTarget,int,UnityEditor.BuildOptions,string[],string[],bool)
UnityEditor.BuildPipeline:BuildPlayer (UnityEditor.BuildPlayerOptions)
AndroidPhase6Builder:Build (string,bool) (at Assets/Editor/AndroidPhase6Builder.cs:32)
AndroidPhase6Builder:BuildApk () (at Assets/Editor/AndroidPhase6Builder.cs:9)

[Assets/Editor/AndroidPhase6Builder.cs line 32]

Component Particle Renderer in Bubbles deco for Scene Assets/Scenes/Tracks/Fish Hooks Track 2.unity is no longer available.
It will be removed after you edit this GameObject and save the Scene.
UnityEngine.Debug:ExtractStackTraceNoAlloc (byte*,int,string)
UnityEngine.StackTraceUtility:ExtractStackTrace ()
UnityEditor.BuildPipeline:BuildPlayerInternal (string[],string,string,UnityEditor.BuildTargetGroup,UnityEditor.BuildTarget,int,UnityEditor.BuildOptions,string[],string[],bool)
UnityEditor.BuildPipeline:BuildPlayer (UnityEditor.BuildPlayerOptions)
AndroidPhase6Builder:Build (string,bool) (at Assets/Editor/AndroidPhase6Builder.cs:32)
AndroidPhase6Builder:BuildApk () (at Assets/Editor/AndroidPhase6Builder.cs:9)

[Assets/Editor/AndroidPhase6Builder.cs line 32]

Component Particle Renderer in Bubbles deco for Scene Assets/Scenes/Tracks/Fish Hooks Track 2.unity is no longer available.
It will be removed after you edit this GameObject and save the Scene.
UnityEngine.Debug:ExtractStackTraceNoAlloc (byte*,int,string)
UnityEngine.StackTraceUtility:ExtractStackTrace ()
UnityEditor.BuildPipeline:BuildPlayerInternal (string[],string,string,UnityEditor.BuildTargetGroup,UnityEditor.BuildTarget,int,UnityEditor.BuildOptions,string[],string[],bool)
UnityEditor.BuildPipeline:BuildPlayer (UnityEditor.BuildPlayerOptions)
AndroidPhase6Builder:Build (string,bool) (at Assets/Editor/AndroidPhase6Builder.cs:32)
AndroidPhase6Builder:BuildApk () (at Assets/Editor/AndroidPhase6Builder.cs:9)

[Assets/Editor/AndroidPhase6Builder.cs line 32]

Component Particle Renderer in BubbleJetSIDE for Scene Assets/Scenes/Tracks/Fish Hooks Track 2.unity is no longer available.
It will be removed after you edit this GameObject and save the Scene.
UnityEngine.Debug:ExtractStackTraceNoAlloc (byte*,int,string)
UnityEngine.StackTraceUtility:ExtractStackTrace ()
UnityEditor.BuildPipeline:BuildPlayerInternal (string[],string,string,UnityEditor.BuildTargetGroup,UnityEditor.BuildTarget,int,UnityEditor.BuildOptions,string[],string[],bool)
UnityEditor.BuildPipeline:BuildPlayer (UnityEditor.BuildPlayerOptions)
AndroidPhase6Builder:Build (string,bool) (at Assets/Editor/AndroidPhase6Builder.cs:32)
AndroidPhase6Builder:BuildApk () (at Assets/Editor/AndroidPhase6Builder.cs:9)

[Assets/Editor/AndroidPhase6Builder.cs line 32]

Component Particle Renderer in BubbleJetSIDE for Scene Assets/Scenes/Tracks/Fish Hooks Track 2.unity is no longer available.
It will be removed after you edit this GameObject and save the Scene.
UnityEngine.Debug:ExtractStackTraceNoAlloc (byte*,int,string)
UnityEngine.StackTraceUtility:ExtractStackTrace ()
UnityEditor.BuildPipeline:BuildPlayerInternal (string[],string,string,UnityEditor.BuildTargetGroup,UnityEditor.BuildTarget,int,UnityEditor.BuildOptions,string[],string[],bool)
UnityEditor.BuildPipeline:BuildPlayer (UnityEditor.BuildPlayerOptions)
AndroidPhase6Builder:Build (string,bool) (at Assets/Editor/AndroidPhase6Builder.cs:32)
AndroidPhase6Builder:BuildApk () (at Assets/Editor/AndroidPhase6Builder.cs:9)

[Assets/Editor/AndroidPhase6Builder.cs line 32]

Component Particle Renderer in BubbleJetSIDE for Scene Assets/Scenes/Tracks/Fish Hooks Track 2.unity is no longer available.
It will be removed after you edit this GameObject and save the Scene.
UnityEngine.Debug:ExtractStackTraceNoAlloc (byte*,int,string)
UnityEngine.StackTraceUtility:ExtractStackTrace ()
UnityEditor.BuildPipeline:BuildPlayerInternal (string[],string,string,UnityEditor.BuildTargetGroup,UnityEditor.BuildTarget,int,UnityEditor.BuildOptions,string[],string[],bool)
UnityEditor.BuildPipeline:BuildPlayer (UnityEditor.BuildPlayerOptions)
AndroidPhase6Builder:Build (string,bool) (at Assets/Editor/AndroidPhase6Builder.cs:32)
AndroidPhase6Builder:BuildApk () (at Assets/Editor/AndroidPhase6Builder.cs:9)

[Assets/Editor/AndroidPhase6Builder.cs line 32]

Component Particle Renderer in Bubbles deco for Scene Assets/Scenes/Tracks/Fish Hooks Track 2.unity is no longer available.
It will be removed after you edit this GameObject and save the Scene.
UnityEngine.Debug:ExtractStackTraceNoAlloc (byte*,int,string)
UnityEngine.StackTraceUtility:ExtractStackTrace ()
UnityEditor.BuildPipeline:BuildPlayerInternal (string[],string,string,UnityEditor.BuildTargetGroup,UnityEditor.BuildTarget,int,UnityEditor.BuildOptions,string[],string[],bool)
UnityEditor.BuildPipeline:BuildPlayer (UnityEditor.BuildPlayerOptions)
AndroidPhase6Builder:Build (string,bool) (at Assets/Editor/AndroidPhase6Builder.cs:32)
AndroidPhase6Builder:BuildApk () (at Assets/Editor/AndroidPhase6Builder.cs:9)

[Assets/Editor/AndroidPhase6Builder.cs line 32]

Component GUI Layer in Follow Camera for Scene Assets/Scenes/Tracks/Fish Hooks Track 2.unity is no longer available.
It will be removed after you edit this GameObject and save the Scene.
UnityEngine.Debug:ExtractStackTraceNoAlloc (byte*,int,string)
UnityEngine.StackTraceUtility:ExtractStackTrace ()
UnityEditor.BuildPipeline:BuildPlayerInternal (string[],string,string,UnityEditor.BuildTargetGroup,UnityEditor.BuildTarget,int,UnityEditor.BuildOptions,string[],string[],bool)
UnityEditor.BuildPipeline:BuildPlayer (UnityEditor.BuildPlayerOptions)
AndroidPhase6Builder:Build (string,bool) (at Assets/Editor/AndroidPhase6Builder.cs:32)
AndroidPhase6Builder:BuildApk () (at Assets/Editor/AndroidPhase6Builder.cs:9)

[Assets/Editor/AndroidPhase6Builder.cs line 32]

Component GUI Layer in Prerace Camera for Scene Assets/Scenes/Tracks/Fish Hooks Track 2.unity is no longer available.
It will be removed after you edit this GameObject and save the Scene.
UnityEngine.Debug:ExtractStackTraceNoAlloc (byte*,int,string)
UnityEngine.StackTraceUtility:ExtractStackTrace ()
UnityEditor.BuildPipeline:BuildPlayerInternal (string[],string,string,UnityEditor.BuildTargetGroup,UnityEditor.BuildTarget,int,UnityEditor.BuildOptions,string[],string[],bool)
UnityEditor.BuildPipeline:BuildPlayer (UnityEditor.BuildPlayerOptions)
AndroidPhase6Builder:Build (string,bool) (at Assets/Editor/AndroidPhase6Builder.cs:32)
AndroidPhase6Builder:BuildApk () (at Assets/Editor/AndroidPhase6Builder.cs:9)

[Assets/Editor/AndroidPhase6Builder.cs line 32]

Loaded scene 'Assets/Scenes/Tracks/Fish Hooks Track 2.unity'
	Deserialize:            62.764 ms
	Integration:            27.390 ms
	Integration of assets:  0.077 ms
	Thread Wait Time:       0.010 ms
	Total Operation Time:   90.242 ms
Unloading 123 unused Assets / (0.9 MB). Loaded Objects now: 7904.
Memory consumption went from 340.2 MB to 339.3 MB.
Total: 9.784400 ms (FindLiveObjects: 0.531400 ms CreateObjectMapping: 0.682700 ms MarkObjects: 7.603200 ms  DeleteObjects: 0.965800 ms)

Opening scene 'Assets/Scenes/Tracks/Fish Hooks Track 3.unity'
Unloading 57 Unused Serialized files (Serialized files now loaded: 0)
Component Particle Animator in Bubbles deco for Scene Assets/Scenes/Tracks/Fish Hooks Track 3.unity is no longer available.
It will be removed after you edit this GameObject and save the Scene.
UnityEngine.Debug:ExtractStackTraceNoAlloc (byte*,int,string)
UnityEngine.StackTraceUtility:ExtractStackTrace ()
UnityEditor.BuildPipeline:BuildPlayerInternal (string[],string,string,UnityEditor.BuildTargetGroup,UnityEditor.BuildTarget,int,UnityEditor.BuildOptions,string[],string[],bool)
UnityEditor.BuildPipeline:BuildPlayer (UnityEditor.BuildPlayerOptions)
AndroidPhase6Builder:Build (string,bool) (at Assets/Editor/AndroidPhase6Builder.cs:32)
AndroidPhase6Builder:BuildApk () (at Assets/Editor/AndroidPhase6Builder.cs:9)

[Assets/Editor/AndroidPhase6Builder.cs line 32]

Component Particle Animator in BubbleJet deco for Scene Assets/Scenes/Tracks/Fish Hooks Track 3.unity is no longer available.
It will be removed after you edit this GameObject and save the Scene.
UnityEngine.Debug:ExtractStackTraceNoAlloc (byte*,int,string)
UnityEngine.StackTraceUtility:ExtractStackTrace ()
UnityEditor.BuildPipeline:BuildPlayerInternal (string[],string,string,UnityEditor.BuildTargetGroup,UnityEditor.BuildTarget,int,UnityEditor.BuildOptions,string[],string[],bool)
UnityEditor.BuildPipeline:BuildPlayer (UnityEditor.BuildPlayerOptions)
AndroidPhase6Builder:Build (string,bool) (at Assets/Editor/AndroidPhase6Builder.cs:32)
AndroidPhase6Builder:BuildApk () (at Assets/Editor/AndroidPhase6Builder.cs:9)

[Assets/Editor/AndroidPhase6Builder.cs line 32]

Component Particle Animator in Bubbles deco for Scene Assets/Scenes/Tracks/Fish Hooks Track 3.unity is no longer available.
It will be removed after you edit this GameObject and save the Scene.
UnityEngine.Debug:ExtractStackTraceNoAlloc (byte*,int,string)
UnityEngine.StackTraceUtility:ExtractStackTrace ()
UnityEditor.BuildPipeline:BuildPlayerInternal (string[],string,string,UnityEditor.BuildTargetGroup,UnityEditor.BuildTarget,int,UnityEditor.BuildOptions,string[],string[],bool)
UnityEditor.BuildPipeline:BuildPlayer (UnityEditor.BuildPlayerOptions)
AndroidPhase6Builder:Build (string,bool) (at Assets/Editor/AndroidPhase6Builder.cs:32)
AndroidPhase6Builder:BuildApk () (at Assets/Editor/AndroidPhase6Builder.cs:9)

[Assets/Editor/AndroidPhase6Builder.cs line 32]

Component Particle Animator in BubbleJet deco for Scene Assets/Scenes/Tracks/Fish Hooks Track 3.unity is no longer available.
It will be removed after you edit this GameObject and save the Scene.
UnityEngine.Debug:ExtractStackTraceNoAlloc (byte*,int,string)
UnityEngine.StackTraceUtility:ExtractStackTrace ()
UnityEditor.BuildPipeline:BuildPlayerInternal (string[],string,string,UnityEditor.BuildTargetGroup,UnityEditor.BuildTarget,int,UnityEditor.BuildOptions,string[],string[],bool)
UnityEditor.BuildPipeline:BuildPlayer (UnityEditor.BuildPlayerOptions)
AndroidPhase6Builder:Build (string,bool) (at Assets/Editor/AndroidPhase6Builder.cs:32)
AndroidPhase6Builder:BuildApk () (at Assets/Editor/AndroidPhase6Builder.cs:9)

[Assets/Editor/AndroidPhase6Builder.cs line 32]

Component Particle Animator in BubbleJet deco for Scene Assets/Scenes/Tracks/Fish Hooks Track 3.unity is no longer available.
It will be removed after you edit this GameObject and save the Scene.
UnityEngine.Debug:ExtractStackTraceNoAlloc (byte*,int,string)
UnityEngine.StackTraceUtility:ExtractStackTrace ()
UnityEditor.BuildPipeline:BuildPlayerInternal (string[],string,string,UnityEditor.BuildTargetGroup,UnityEditor.BuildTarget,int,UnityEditor.BuildOptions,string[],string[],bool)
UnityEditor.BuildPipeline:BuildPlayer (UnityEditor.BuildPlayerOptions)
AndroidPhase6Builder:Build (string,bool) (at Assets/Editor/AndroidPhase6Builder.cs:32)
AndroidPhase6Builder:BuildApk () (at Assets/Editor/AndroidPhase6Builder.cs:9)

[Assets/Editor/AndroidPhase6Builder.cs line 32]

Component Particle Animator in Bubbles deco for Scene Assets/Scenes/Tracks/Fish Hooks Track 3.unity is no longer available.
It will be removed after you edit this GameObject and save the Scene.
UnityEngine.Debug:ExtractStackTraceNoAlloc (byte*,int,string)
UnityEngine.StackTraceUtility:ExtractStackTrace ()
UnityEditor.BuildPipeline:BuildPlayerInternal (string[],string,string,UnityEditor.BuildTargetGroup,UnityEditor.BuildTarget,int,UnityEditor.BuildOptions,string[],string[],bool)
UnityEditor.BuildPipeline:BuildPlayer (UnityEditor.BuildPlayerOptions)
AndroidPhase6Builder:Build (string,bool) (at Assets/Editor/AndroidPhase6Builder.cs:32)
AndroidPhase6Builder:BuildApk () (at Assets/Editor/AndroidPhase6Builder.cs:9)

[Assets/Editor/AndroidPhase6Builder.cs line 32]

Component Particle Animator in BubbleJet deco for Scene Assets/Scenes/Tracks/Fish Hooks Track 3.unity is no longer available.
It will be removed after you edit this GameObject and save the Scene.
UnityEngine.Debug:ExtractStackTraceNoAlloc (byte*,int,string)
UnityEngine.StackTraceUtility:ExtractStackTrace ()
UnityEditor.BuildPipeline:BuildPlayerInternal (string[],string,string,UnityEditor.BuildTargetGroup,UnityEditor.BuildTarget,int,UnityEditor.BuildOptions,string[],string[],bool)
UnityEditor.BuildPipeline:BuildPlayer (UnityEditor.BuildPlayerOptions)
AndroidPhase6Builder:Build (string,bool) (at Assets/Editor/AndroidPhase6Builder.cs:32)
AndroidPhase6Builder:BuildApk () (at Assets/Editor/AndroidPhase6Builder.cs:9)

[Assets/Editor/AndroidPhase6Builder.cs line 32]

Component Particle Animator in BubbleJet deco for Scene Assets/Scenes/Tracks/Fish Hooks Track 3.unity is no longer available.
It will be removed after you edit this GameObject and save the Scene.
UnityEngine.Debug:ExtractStackTraceNoAlloc (byte*,int,string)
UnityEngine.StackTraceUtility:ExtractStackTrace ()
UnityEditor.BuildPipeline:BuildPlayerInternal (string[],string,string,UnityEditor.BuildTargetGroup,UnityEditor.BuildTarget,int,UnityEditor.BuildOptions,string[],string[],bool)
UnityEditor.BuildPipeline:BuildPlayer (UnityEditor.BuildPlayerOptions)
AndroidPhase6Builder:Build (string,bool) (at Assets/Editor/AndroidPhase6Builder.cs:32)
AndroidPhase6Builder:BuildApk () (at Assets/Editor/AndroidPhase6Builder.cs:9)

[Assets/Editor/AndroidPhase6Builder.cs line 32]

Component Ellipsoid Particle Emitter in Bubbles deco for Scene Assets/Scenes/Tracks/Fish Hooks Track 3.unity is no longer available.
It will be removed after you edit this GameObject and save the Scene.
UnityEngine.Debug:ExtractStackTraceNoAlloc (byte*,int,string)
UnityEngine.StackTraceUtility:ExtractStackTrace ()
UnityEditor.BuildPipeline:BuildPlayerInternal (string[],string,string,UnityEditor.BuildTargetGroup,UnityEditor.BuildTarget,int,UnityEditor.BuildOptions,string[],string[],bool)
UnityEditor.BuildPipeline:BuildPlayer (UnityEditor.BuildPlayerOptions)
AndroidPhase6Builder:Build (string,bool) (at Assets/Editor/AndroidPhase6Builder.cs:32)
AndroidPhase6Builder:BuildApk () (at Assets/Editor/AndroidPhase6Builder.cs:9)

[Assets/Editor/AndroidPhase6Builder.cs line 32]

Component Ellipsoid Particle Emitter in BubbleJet deco for Scene Assets/Scenes/Tracks/Fish Hooks Track 3.unity is no longer available.
It will be removed after you edit this GameObject and save the Scene.
UnityEngine.Debug:ExtractStackTraceNoAlloc (byte*,int,string)
UnityEngine.StackTraceUtility:ExtractStackTrace ()
UnityEditor.BuildPipeline:BuildPlayerInternal (string[],string,string,UnityEditor.BuildTargetGroup,UnityEditor.BuildTarget,int,UnityEditor.BuildOptions,string[],string[],bool)
UnityEditor.BuildPipeline:BuildPlayer (UnityEditor.BuildPlayerOptions)
AndroidPhase6Builder:Build (string,bool) (at Assets/Editor/AndroidPhase6Builder.cs:32)
AndroidPhase6Builder:BuildApk () (at Assets/Editor/AndroidPhase6Builder.cs:9)

[Assets/Editor/AndroidPhase6Builder.cs line 32]

Component Ellipsoid Particle Emitter in Bubbles deco for Scene Assets/Scenes/Tracks/Fish Hooks Track 3.unity is no longer available.
It will be removed after you edit this GameObject and save the Scene.
UnityEngine.Debug:ExtractStackTraceNoAlloc (byte*,int,string)
UnityEngine.StackTraceUtility:ExtractStackTrace ()
UnityEditor.BuildPipeline:BuildPlayerInternal (string[],string,string,UnityEditor.BuildTargetGroup,UnityEditor.BuildTarget,int,UnityEditor.BuildOptions,string[],string[],bool)
UnityEditor.BuildPipeline:BuildPlayer (UnityEditor.BuildPlayerOptions)
AndroidPhase6Builder:Build (string,bool) (at Assets/Editor/AndroidPhase6Builder.cs:32)
AndroidPhase6Builder:BuildApk () (at Assets/Editor/AndroidPhase6Builder.cs:9)

[Assets/Editor/AndroidPhase6Builder.cs line 32]

Component Ellipsoid Particle Emitter in BubbleJet deco for Scene Assets/Scenes/Tracks/Fish Hooks Track 3.unity is no longer available.
It will be removed after you edit this GameObject and save the Scene.
UnityEngine.Debug:ExtractStackTraceNoAlloc (byte*,int,string)
UnityEngine.StackTraceUtility:ExtractStackTrace ()
UnityEditor.BuildPipeline:BuildPlayerInternal (string[],string,string,UnityEditor.BuildTargetGroup,UnityEditor.BuildTarget,int,UnityEditor.BuildOptions,string[],string[],bool)
UnityEditor.BuildPipeline:BuildPlayer (UnityEditor.BuildPlayerOptions)
AndroidPhase6Builder:Build (string,bool) (at Assets/Editor/AndroidPhase6Builder.cs:32)
AndroidPhase6Builder:BuildApk () (at Assets/Editor/AndroidPhase6Builder.cs:9)

[Assets/Editor/AndroidPhase6Builder.cs line 32]

Component Ellipsoid Particle Emitter in BubbleJet deco for Scene Assets/Scenes/Tracks/Fish Hooks Track 3.unity is no longer available.
It will be removed after you edit this GameObject and save the Scene.
UnityEngine.Debug:ExtractStackTraceNoAlloc (byte*,int,string)
UnityEngine.StackTraceUtility:ExtractStackTrace ()
UnityEditor.BuildPipeline:BuildPlayerInternal (string[],string,string,UnityEditor.BuildTargetGroup,UnityEditor.BuildTarget,int,UnityEditor.BuildOptions,string[],string[],bool)
UnityEditor.BuildPipeline:BuildPlayer (UnityEditor.BuildPlayerOptions)
AndroidPhase6Builder:Build (string,bool) (at Assets/Editor/AndroidPhase6Builder.cs:32)
AndroidPhase6Builder:BuildApk () (at Assets/Editor/AndroidPhase6Builder.cs:9)

[Assets/Editor/AndroidPhase6Builder.cs line 32]

Component Ellipsoid Particle Emitter in Bubbles deco for Scene Assets/Scenes/Tracks/Fish Hooks Track 3.unity is no longer available.
It will be removed after you edit this GameObject and save the Scene.
UnityEngine.Debug:ExtractStackTraceNoAlloc (byte*,int,string)
UnityEngine.StackTraceUtility:ExtractStackTrace ()
UnityEditor.BuildPipeline:BuildPlayerInternal (string[],string,string,UnityEditor.BuildTargetGroup,UnityEditor.BuildTarget,int,UnityEditor.BuildOptions,string[],string[],bool)
UnityEditor.BuildPipeline:BuildPlayer (UnityEditor.BuildPlayerOptions)
AndroidPhase6Builder:Build (string,bool) (at Assets/Editor/AndroidPhase6Builder.cs:32)
AndroidPhase6Builder:BuildApk () (at Assets/Editor/AndroidPhase6Builder.cs:9)

[Assets/Editor/AndroidPhase6Builder.cs line 32]

Component Ellipsoid Particle Emitter in BubbleJet deco for Scene Assets/Scenes/Tracks/Fish Hooks Track 3.unity is no longer available.
It will be removed after you edit this GameObject and save the Scene.
UnityEngine.Debug:ExtractStackTraceNoAlloc (byte*,int,string)
UnityEngine.StackTraceUtility:ExtractStackTrace ()
UnityEditor.BuildPipeline:BuildPlayerInternal (string[],string,string,UnityEditor.BuildTargetGroup,UnityEditor.BuildTarget,int,UnityEditor.BuildOptions,string[],string[],bool)
UnityEditor.BuildPipeline:BuildPlayer (UnityEditor.BuildPlayerOptions)
AndroidPhase6Builder:Build (string,bool) (at Assets/Editor/AndroidPhase6Builder.cs:32)
AndroidPhase6Builder:BuildApk () (at Assets/Editor/AndroidPhase6Builder.cs:9)

[Assets/Editor/AndroidPhase6Builder.cs line 32]

Component Ellipsoid Particle Emitter in BubbleJet deco for Scene Assets/Scenes/Tracks/Fish Hooks Track 3.unity is no longer available.
It will be removed after you edit this GameObject and save the Scene.
UnityEngine.Debug:ExtractStackTraceNoAlloc (byte*,int,string)
UnityEngine.StackTraceUtility:ExtractStackTrace ()
UnityEditor.BuildPipeline:BuildPlayerInternal (string[],string,string,UnityEditor.BuildTargetGroup,UnityEditor.BuildTarget,int,UnityEditor.BuildOptions,string[],string[],bool)
UnityEditor.BuildPipeline:BuildPlayer (UnityEditor.BuildPlayerOptions)
AndroidPhase6Builder:Build (string,bool) (at Assets/Editor/AndroidPhase6Builder.cs:32)
AndroidPhase6Builder:BuildApk () (at Assets/Editor/AndroidPhase6Builder.cs:9)

[Assets/Editor/AndroidPhase6Builder.cs line 32]

Component Particle Renderer in Bubbles deco for Scene Assets/Scenes/Tracks/Fish Hooks Track 3.unity is no longer available.
It will be removed after you edit this GameObject and save the Scene.
UnityEngine.Debug:ExtractStackTraceNoAlloc (byte*,int,string)
UnityEngine.StackTraceUtility:ExtractStackTrace ()
UnityEditor.BuildPipeline:BuildPlayerInternal (string[],string,string,UnityEditor.BuildTargetGroup,UnityEditor.BuildTarget,int,UnityEditor.BuildOptions,string[],string[],bool)
UnityEditor.BuildPipeline:BuildPlayer (UnityEditor.BuildPlayerOptions)
AndroidPhase6Builder:Build (string,bool) (at Assets/Editor/AndroidPhase6Builder.cs:32)
AndroidPhase6Builder:BuildApk () (at Assets/Editor/AndroidPhase6Builder.cs:9)

[Assets/Editor/AndroidPhase6Builder.cs line 32]

Component Particle Renderer in BubbleJet deco for Scene Assets/Scenes/Tracks/Fish Hooks Track 3.unity is no longer available.
It will be removed after you edit this GameObject and save the Scene.
UnityEngine.Debug:ExtractStackTraceNoAlloc (byte*,int,string)
UnityEngine.StackTraceUtility:ExtractStackTrace ()
UnityEditor.BuildPipeline:BuildPlayerInternal (string[],string,string,UnityEditor.BuildTargetGroup,UnityEditor.BuildTarget,int,UnityEditor.BuildOptions,string[],string[],bool)
UnityEditor.BuildPipeline:BuildPlayer (UnityEditor.BuildPlayerOptions)
AndroidPhase6Builder:Build (string,bool) (at Assets/Editor/AndroidPhase6Builder.cs:32)
AndroidPhase6Builder:BuildApk () (at Assets/Editor/AndroidPhase6Builder.cs:9)

[Assets/Editor/AndroidPhase6Builder.cs line 32]

Component Particle Renderer in Bubbles deco for Scene Assets/Scenes/Tracks/Fish Hooks Track 3.unity is no longer available.
It will be removed after you edit this GameObject and save the Scene.
UnityEngine.Debug:ExtractStackTraceNoAlloc (byte*,int,string)
UnityEngine.StackTraceUtility:ExtractStackTrace ()
UnityEditor.BuildPipeline:BuildPlayerInternal (string[],string,string,UnityEditor.BuildTargetGroup,UnityEditor.BuildTarget,int,UnityEditor.BuildOptions,string[],string[],bool)
UnityEditor.BuildPipeline:BuildPlayer (UnityEditor.BuildPlayerOptions)
AndroidPhase6Builder:Build (string,bool) (at Assets/Editor/AndroidPhase6Builder.cs:32)
AndroidPhase6Builder:BuildApk () (at Assets/Editor/AndroidPhase6Builder.cs:9)

[Assets/Editor/AndroidPhase6Builder.cs line 32]

Component Particle Renderer in BubbleJet deco for Scene Assets/Scenes/Tracks/Fish Hooks Track 3.unity is no longer available.
It will be removed after you edit this GameObject and save the Scene.
UnityEngine.Debug:ExtractStackTraceNoAlloc (byte*,int,string)
UnityEngine.StackTraceUtility:ExtractStackTrace ()
UnityEditor.BuildPipeline:BuildPlayerInternal (string[],string,string,UnityEditor.BuildTargetGroup,UnityEditor.BuildTarget,int,UnityEditor.BuildOptions,string[],string[],bool)
UnityEditor.BuildPipeline:BuildPlayer (UnityEditor.BuildPlayerOptions)
AndroidPhase6Builder:Build (string,bool) (at Assets/Editor/AndroidPhase6Builder.cs:32)
AndroidPhase6Builder:BuildApk () (at Assets/Editor/AndroidPhase6Builder.cs:9)

[Assets/Editor/AndroidPhase6Builder.cs line 32]

Component Particle Renderer in BubbleJet deco for Scene Assets/Scenes/Tracks/Fish Hooks Track 3.unity is no longer available.
It will be removed after you edit this GameObject and save the Scene.
UnityEngine.Debug:ExtractStackTraceNoAlloc (byte*,int,string)
UnityEngine.StackTraceUtility:ExtractStackTrace ()
UnityEditor.BuildPipeline:BuildPlayerInternal (string[],string,string,UnityEditor.BuildTargetGroup,UnityEditor.BuildTarget,int,UnityEditor.BuildOptions,string[],string[],bool)
UnityEditor.BuildPipeline:BuildPlayer (UnityEditor.BuildPlayerOptions)
AndroidPhase6Builder:Build (string,bool) (at Assets/Editor/AndroidPhase6Builder.cs:32)
AndroidPhase6Builder:BuildApk () (at Assets/Editor/AndroidPhase6Builder.cs:9)

[Assets/Editor/AndroidPhase6Builder.cs line 32]

Component Particle Renderer in Bubbles deco for Scene Assets/Scenes/Tracks/Fish Hooks Track 3.unity is no longer available.
It will be removed after you edit this GameObject and save the Scene.
UnityEngine.Debug:ExtractStackTraceNoAlloc (byte*,int,string)
UnityEngine.StackTraceUtility:ExtractStackTrace ()
UnityEditor.BuildPipeline:BuildPlayerInternal (string[],string,string,UnityEditor.BuildTargetGroup,UnityEditor.BuildTarget,int,UnityEditor.BuildOptions,string[],string[],bool)
UnityEditor.BuildPipeline:BuildPlayer (UnityEditor.BuildPlayerOptions)
AndroidPhase6Builder:Build (string,bool) (at Assets/Editor/AndroidPhase6Builder.cs:32)
AndroidPhase6Builder:BuildApk () (at Assets/Editor/AndroidPhase6Builder.cs:9)

[Assets/Editor/AndroidPhase6Builder.cs line 32]

Component Particle Renderer in BubbleJet deco for Scene Assets/Scenes/Tracks/Fish Hooks Track 3.unity is no longer available.
It will be removed after you edit this GameObject and save the Scene.
UnityEngine.Debug:ExtractStackTraceNoAlloc (byte*,int,string)
UnityEngine.StackTraceUtility:ExtractStackTrace ()
UnityEditor.BuildPipeline:BuildPlayerInternal (string[],string,string,UnityEditor.BuildTargetGroup,UnityEditor.BuildTarget,int,UnityEditor.BuildOptions,string[],string[],bool)
UnityEditor.BuildPipeline:BuildPlayer (UnityEditor.BuildPlayerOptions)
AndroidPhase6Builder:Build (string,bool) (at Assets/Editor/AndroidPhase6Builder.cs:32)
AndroidPhase6Builder:BuildApk () (at Assets/Editor/AndroidPhase6Builder.cs:9)

[Assets/Editor/AndroidPhase6Builder.cs line 32]

Component Particle Renderer in BubbleJet deco for Scene Assets/Scenes/Tracks/Fish Hooks Track 3.unity is no longer available.
It will be removed after you edit this GameObject and save the Scene.
UnityEngine.Debug:ExtractStackTraceNoAlloc (byte*,int,string)
UnityEngine.StackTraceUtility:ExtractStackTrace ()
UnityEditor.BuildPipeline:BuildPlayerInternal (string[],string,string,UnityEditor.BuildTargetGroup,UnityEditor.BuildTarget,int,UnityEditor.BuildOptions,string[],string[],bool)
UnityEditor.BuildPipeline:BuildPlayer (UnityEditor.BuildPlayerOptions)
AndroidPhase6Builder:Build (string,bool) (at Assets/Editor/AndroidPhase6Builder.cs:32)
AndroidPhase6Builder:BuildApk () (at Assets/Editor/AndroidPhase6Builder.cs:9)

[Assets/Editor/AndroidPhase6Builder.cs line 32]

Component GUI Layer in Follow Camera for Scene Assets/Scenes/Tracks/Fish Hooks Track 3.unity is no longer available.
It will be removed after you edit this GameObject and save the Scene.
UnityEngine.Debug:ExtractStackTraceNoAlloc (byte*,int,string)
UnityEngine.StackTraceUtility:ExtractStackTrace ()
UnityEditor.BuildPipeline:BuildPlayerInternal (string[],string,string,UnityEditor.BuildTargetGroup,UnityEditor.BuildTarget,int,UnityEditor.BuildOptions,string[],string[],bool)
UnityEditor.BuildPipeline:BuildPlayer (UnityEditor.BuildPlayerOptions)
AndroidPhase6Builder:Build (string,bool) (at Assets/Editor/AndroidPhase6Builder.cs:32)
AndroidPhase6Builder:BuildApk () (at Assets/Editor/AndroidPhase6Builder.cs:9)

[Assets/Editor/AndroidPhase6Builder.cs line 32]

Component GUI Layer in Prerace Camera for Scene Assets/Scenes/Tracks/Fish Hooks Track 3.unity is no longer available.
It will be removed after you edit this GameObject and save the Scene.
UnityEngine.Debug:ExtractStackTraceNoAlloc (byte*,int,string)
UnityEngine.StackTraceUtility:ExtractStackTrace ()
UnityEditor.BuildPipeline:BuildPlayerInternal (string[],string,string,UnityEditor.BuildTargetGroup,UnityEditor.BuildTarget,int,UnityEditor.BuildOptions,string[],string[],bool)
UnityEditor.BuildPipeline:BuildPlayer (UnityEditor.BuildPlayerOptions)
AndroidPhase6Builder:Build (string,bool) (at Assets/Editor/AndroidPhase6Builder.cs:32)
AndroidPhase6Builder:BuildApk () (at Assets/Editor/AndroidPhase6Builder.cs:9)

[Assets/Editor/AndroidPhase6Builder.cs line 32]

Loaded scene 'Assets/Scenes/Tracks/Fish Hooks Track 3.unity'
	Deserialize:            45.705 ms
	Integration:            24.617 ms
	Integration of assets:  0.011 ms
	Thread Wait Time:       0.008 ms
	Total Operation Time:   70.341 ms
Unloading 80 unused Assets / (0.8 MB). Loaded Objects now: 7327.
Memory consumption went from 341.1 MB to 340.3 MB.
Total: 8.953100 ms (FindLiveObjects: 0.390100 ms CreateObjectMapping: 0.570400 ms MarkObjects: 7.332500 ms  DeleteObjects: 0.659100 ms)

Opening scene 'Assets/Scenes/Tracks/Kick Butt Track 1.unity'
Unloading 66 Unused Serialized files (Serialized files now loaded: 0)
Component GUI Layer in Follow Camera for Scene Assets/Scenes/Tracks/Kick Butt Track 1.unity is no longer available.
It will be removed after you edit this GameObject and save the Scene.
UnityEngine.Debug:ExtractStackTraceNoAlloc (byte*,int,string)
UnityEngine.StackTraceUtility:ExtractStackTrace ()
UnityEditor.BuildPipeline:BuildPlayerInternal (string[],string,string,UnityEditor.BuildTargetGroup,UnityEditor.BuildTarget,int,UnityEditor.BuildOptions,string[],string[],bool)
UnityEditor.BuildPipeline:BuildPlayer (UnityEditor.BuildPlayerOptions)
AndroidPhase6Builder:Build (string,bool) (at Assets/Editor/AndroidPhase6Builder.cs:32)
AndroidPhase6Builder:BuildApk () (at Assets/Editor/AndroidPhase6Builder.cs:9)

[Assets/Editor/AndroidPhase6Builder.cs line 32]

Component GUI Layer in Prerace Camera for Scene Assets/Scenes/Tracks/Kick Butt Track 1.unity is no longer available.
It will be removed after you edit this GameObject and save the Scene.
UnityEngine.Debug:ExtractStackTraceNoAlloc (byte*,int,string)
UnityEngine.StackTraceUtility:ExtractStackTrace ()
UnityEditor.BuildPipeline:BuildPlayerInternal (string[],string,string,UnityEditor.BuildTargetGroup,UnityEditor.BuildTarget,int,UnityEditor.BuildOptions,string[],string[],bool)
UnityEditor.BuildPipeline:BuildPlayer (UnityEditor.BuildPlayerOptions)
AndroidPhase6Builder:Build (string,bool) (at Assets/Editor/AndroidPhase6Builder.cs:32)
AndroidPhase6Builder:BuildApk () (at Assets/Editor/AndroidPhase6Builder.cs:9)

[Assets/Editor/AndroidPhase6Builder.cs line 32]

Loaded scene 'Assets/Scenes/Tracks/Kick Butt Track 1.unity'
	Deserialize:            34.183 ms
	Integration:            23.888 ms
	Integration of assets:  1.238 ms
	Thread Wait Time:       0.022 ms
	Total Operation Time:   59.332 ms
Unloading 106 unused Assets / (0.9 MB). Loaded Objects now: 6621.
Memory consumption went from 344.2 MB to 343.3 MB.
Total: 9.132800 ms (FindLiveObjects: 0.506500 ms CreateObjectMapping: 0.731100 ms MarkObjects: 7.124300 ms  DeleteObjects: 0.769900 ms)

Opening scene 'Assets/Scenes/Tracks/Kick Butt Track 2.unity'
Unloading 99 Unused Serialized files (Serialized files now loaded: 0)
Component Particle Animator in Sparks for Scene Assets/Scenes/Tracks/Kick Butt Track 2.unity is no longer available.
It will be removed after you edit this GameObject and save the Scene.
UnityEngine.Debug:ExtractStackTraceNoAlloc (byte*,int,string)
UnityEngine.StackTraceUtility:ExtractStackTrace ()
UnityEditor.BuildPipeline:BuildPlayerInternal (string[],string,string,UnityEditor.BuildTargetGroup,UnityEditor.BuildTarget,int,UnityEditor.BuildOptions,string[],string[],bool)
UnityEditor.BuildPipeline:BuildPlayer (UnityEditor.BuildPlayerOptions)
AndroidPhase6Builder:Build (string,bool) (at Assets/Editor/AndroidPhase6Builder.cs:32)
AndroidPhase6Builder:BuildApk () (at Assets/Editor/AndroidPhase6Builder.cs:9)

[Assets/Editor/AndroidPhase6Builder.cs line 32]

Component Particle Animator in Sparks for Scene Assets/Scenes/Tracks/Kick Butt Track 2.unity is no longer available.
It will be removed after you edit this GameObject and save the Scene.
UnityEngine.Debug:ExtractStackTraceNoAlloc (byte*,int,string)
UnityEngine.StackTraceUtility:ExtractStackTrace ()
UnityEditor.BuildPipeline:BuildPlayerInternal (string[],string,string,UnityEditor.BuildTargetGroup,UnityEditor.BuildTarget,int,UnityEditor.BuildOptions,string[],string[],bool)
UnityEditor.BuildPipeline:BuildPlayer (UnityEditor.BuildPlayerOptions)
AndroidPhase6Builder:Build (string,bool) (at Assets/Editor/AndroidPhase6Builder.cs:32)
AndroidPhase6Builder:BuildApk () (at Assets/Editor/AndroidPhase6Builder.cs:9)

[Assets/Editor/AndroidPhase6Builder.cs line 32]

Component Particle Animator in Sparks for Scene Assets/Scenes/Tracks/Kick Butt Track 2.unity is no longer available.
It will be removed after you edit this GameObject and save the Scene.
UnityEngine.Debug:ExtractStackTraceNoAlloc (byte*,int,string)
UnityEngine.StackTraceUtility:ExtractStackTrace ()
UnityEditor.BuildPipeline:BuildPlayerInternal (string[],string,string,UnityEditor.BuildTargetGroup,UnityEditor.BuildTarget,int,UnityEditor.BuildOptions,string[],string[],bool)
UnityEditor.BuildPipeline:BuildPlayer (UnityEditor.BuildPlayerOptions)
AndroidPhase6Builder:Build (string,bool) (at Assets/Editor/AndroidPhase6Builder.cs:32)
AndroidPhase6Builder:BuildApk () (at Assets/Editor/AndroidPhase6Builder.cs:9)

[Assets/Editor/AndroidPhase6Builder.cs line 32]

Component Particle Animator in Sparks for Scene Assets/Scenes/Tracks/Kick Butt Track 2.unity is no longer available.
It will be removed after you edit this GameObject and save the Scene.
UnityEngine.Debug:ExtractStackTraceNoAlloc (byte*,int,string)
UnityEngine.StackTraceUtility:ExtractStackTrace ()
UnityEditor.BuildPipeline:BuildPlayerInternal (string[],string,string,UnityEditor.BuildTargetGroup,UnityEditor.BuildTarget,int,UnityEditor.BuildOptions,string[],string[],bool)
UnityEditor.BuildPipeline:BuildPlayer (UnityEditor.BuildPlayerOptions)
AndroidPhase6Builder:Build (string,bool) (at Assets/Editor/AndroidPhase6Builder.cs:32)
AndroidPhase6Builder:BuildApk () (at Assets/Editor/AndroidPhase6Builder.cs:9)

[Assets/Editor/AndroidPhase6Builder.cs line 32]

Component Ellipsoid Particle Emitter in Sparks for Scene Assets/Scenes/Tracks/Kick Butt Track 2.unity is no longer available.
It will be removed after you edit this GameObject and save the Scene.
UnityEngine.Debug:ExtractStackTraceNoAlloc (byte*,int,string)
UnityEngine.StackTraceUtility:ExtractStackTrace ()
UnityEditor.BuildPipeline:BuildPlayerInternal (string[],string,string,UnityEditor.BuildTargetGroup,UnityEditor.BuildTarget,int,UnityEditor.BuildOptions,string[],string[],bool)
UnityEditor.BuildPipeline:BuildPlayer (UnityEditor.BuildPlayerOptions)
AndroidPhase6Builder:Build (string,bool) (at Assets/Editor/AndroidPhase6Builder.cs:32)
AndroidPhase6Builder:BuildApk () (at Assets/Editor/AndroidPhase6Builder.cs:9)

[Assets/Editor/AndroidPhase6Builder.cs line 32]

Component Ellipsoid Particle Emitter in Sparks for Scene Assets/Scenes/Tracks/Kick Butt Track 2.unity is no longer available.
It will be removed after you edit this GameObject and save the Scene.
UnityEngine.Debug:ExtractStackTraceNoAlloc (byte*,int,string)
UnityEngine.StackTraceUtility:ExtractStackTrace ()
UnityEditor.BuildPipeline:BuildPlayerInternal (string[],string,string,UnityEditor.BuildTargetGroup,UnityEditor.BuildTarget,int,UnityEditor.BuildOptions,string[],string[],bool)
UnityEditor.BuildPipeline:BuildPlayer (UnityEditor.BuildPlayerOptions)
AndroidPhase6Builder:Build (string,bool) (at Assets/Editor/AndroidPhase6Builder.cs:32)
AndroidPhase6Builder:BuildApk () (at Assets/Editor/AndroidPhase6Builder.cs:9)

[Assets/Editor/AndroidPhase6Builder.cs line 32]

Component Ellipsoid Particle Emitter in Sparks for Scene Assets/Scenes/Tracks/Kick Butt Track 2.unity is no longer available.
It will be removed after you edit this GameObject and save the Scene.
UnityEngine.Debug:ExtractStackTraceNoAlloc (byte*,int,string)
UnityEngine.StackTraceUtility:ExtractStackTrace ()
UnityEditor.BuildPipeline:BuildPlayerInternal (string[],string,string,UnityEditor.BuildTargetGroup,UnityEditor.BuildTarget,int,UnityEditor.BuildOptions,string[],string[],bool)
UnityEditor.BuildPipeline:BuildPlayer (UnityEditor.BuildPlayerOptions)
AndroidPhase6Builder:Build (string,bool) (at Assets/Editor/AndroidPhase6Builder.cs:32)
AndroidPhase6Builder:BuildApk () (at Assets/Editor/AndroidPhase6Builder.cs:9)

[Assets/Editor/AndroidPhase6Builder.cs line 32]

Component Ellipsoid Particle Emitter in Sparks for Scene Assets/Scenes/Tracks/Kick Butt Track 2.unity is no longer available.
It will be removed after you edit this GameObject and save the Scene.
UnityEngine.Debug:ExtractStackTraceNoAlloc (byte*,int,string)
UnityEngine.StackTraceUtility:ExtractStackTrace ()
UnityEditor.BuildPipeline:BuildPlayerInternal (string[],string,string,UnityEditor.BuildTargetGroup,UnityEditor.BuildTarget,int,UnityEditor.BuildOptions,string[],string[],bool)
UnityEditor.BuildPipeline:BuildPlayer (UnityEditor.BuildPlayerOptions)
AndroidPhase6Builder:Build (string,bool) (at Assets/Editor/AndroidPhase6Builder.cs:32)
AndroidPhase6Builder:BuildApk () (at Assets/Editor/AndroidPhase6Builder.cs:9)

[Assets/Editor/AndroidPhase6Builder.cs line 32]

Component Particle Renderer in Sparks for Scene Assets/Scenes/Tracks/Kick Butt Track 2.unity is no longer available.
It will be removed after you edit this GameObject and save the Scene.
UnityEngine.Debug:ExtractStackTraceNoAlloc (byte*,int,string)
UnityEngine.StackTraceUtility:ExtractStackTrace ()
UnityEditor.BuildPipeline:BuildPlayerInternal (string[],string,string,UnityEditor.BuildTargetGroup,UnityEditor.BuildTarget,int,UnityEditor.BuildOptions,string[],string[],bool)
UnityEditor.BuildPipeline:BuildPlayer (UnityEditor.BuildPlayerOptions)
AndroidPhase6Builder:Build (string,bool) (at Assets/Editor/AndroidPhase6Builder.cs:32)
AndroidPhase6Builder:BuildApk () (at Assets/Editor/AndroidPhase6Builder.cs:9)

[Assets/Editor/AndroidPhase6Builder.cs line 32]

Component Particle Renderer in Sparks for Scene Assets/Scenes/Tracks/Kick Butt Track 2.unity is no longer available.
It will be removed after you edit this GameObject and save the Scene.
UnityEngine.Debug:ExtractStackTraceNoAlloc (byte*,int,string)
UnityEngine.StackTraceUtility:ExtractStackTrace ()
UnityEditor.BuildPipeline:BuildPlayerInternal (string[],string,string,UnityEditor.BuildTargetGroup,UnityEditor.BuildTarget,int,UnityEditor.BuildOptions,string[],string[],bool)
UnityEditor.BuildPipeline:BuildPlayer (UnityEditor.BuildPlayerOptions)
AndroidPhase6Builder:Build (string,bool) (at Assets/Editor/AndroidPhase6Builder.cs:32)
AndroidPhase6Builder:BuildApk () (at Assets/Editor/AndroidPhase6Builder.cs:9)

[Assets/Editor/AndroidPhase6Builder.cs line 32]

Component Particle Renderer in Sparks for Scene Assets/Scenes/Tracks/Kick Butt Track 2.unity is no longer available.
It will be removed after you edit this GameObject and save the Scene.
UnityEngine.Debug:ExtractStackTraceNoAlloc (byte*,int,string)
UnityEngine.StackTraceUtility:ExtractStackTrace ()
UnityEditor.BuildPipeline:BuildPlayerInternal (string[],string,string,UnityEditor.BuildTargetGroup,UnityEditor.BuildTarget,int,UnityEditor.BuildOptions,string[],string[],bool)
UnityEditor.BuildPipeline:BuildPlayer (UnityEditor.BuildPlayerOptions)
AndroidPhase6Builder:Build (string,bool) (at Assets/Editor/AndroidPhase6Builder.cs:32)
AndroidPhase6Builder:BuildApk () (at Assets/Editor/AndroidPhase6Builder.cs:9)

[Assets/Editor/AndroidPhase6Builder.cs line 32]

Component Particle Renderer in Sparks for Scene Assets/Scenes/Tracks/Kick Butt Track 2.unity is no longer available.
It will be removed after you edit this GameObject and save the Scene.
UnityEngine.Debug:ExtractStackTraceNoAlloc (byte*,int,string)
UnityEngine.StackTraceUtility:ExtractStackTrace ()
UnityEditor.BuildPipeline:BuildPlayerInternal (string[],string,string,UnityEditor.BuildTargetGroup,UnityEditor.BuildTarget,int,UnityEditor.BuildOptions,string[],string[],bool)
UnityEditor.BuildPipeline:BuildPlayer (UnityEditor.BuildPlayerOptions)
AndroidPhase6Builder:Build (string,bool) (at Assets/Editor/AndroidPhase6Builder.cs:32)
AndroidPhase6Builder:BuildApk () (at Assets/Editor/AndroidPhase6Builder.cs:9)

[Assets/Editor/AndroidPhase6Builder.cs line 32]

Component GUI Layer in Follow Camera for Scene Assets/Scenes/Tracks/Kick Butt Track 2.unity is no longer available.
It will be removed after you edit this GameObject and save the Scene.
UnityEngine.Debug:ExtractStackTraceNoAlloc (byte*,int,string)
UnityEngine.StackTraceUtility:ExtractStackTrace ()
UnityEditor.BuildPipeline:BuildPlayerInternal (string[],string,string,UnityEditor.BuildTargetGroup,UnityEditor.BuildTarget,int,UnityEditor.BuildOptions,string[],string[],bool)
UnityEditor.BuildPipeline:BuildPlayer (UnityEditor.BuildPlayerOptions)
AndroidPhase6Builder:Build (string,bool) (at Assets/Editor/AndroidPhase6Builder.cs:32)
AndroidPhase6Builder:BuildApk () (at Assets/Editor/AndroidPhase6Builder.cs:9)

[Assets/Editor/AndroidPhase6Builder.cs line 32]

Component GUI Layer in Prerace Camera for Scene Assets/Scenes/Tracks/Kick Butt Track 2.unity is no longer available.
It will be removed after you edit this GameObject and save the Scene.
UnityEngine.Debug:ExtractStackTraceNoAlloc (byte*,int,string)
UnityEngine.StackTraceUtility:ExtractStackTrace ()
UnityEditor.BuildPipeline:BuildPlayerInternal (string[],string,string,UnityEditor.BuildTargetGroup,UnityEditor.BuildTarget,int,UnityEditor.BuildOptions,string[],string[],bool)
UnityEditor.BuildPipeline:BuildPlayer (UnityEditor.BuildPlayerOptions)
AndroidPhase6Builder:Build (string,bool) (at Assets/Editor/AndroidPhase6Builder.cs:32)
AndroidPhase6Builder:BuildApk () (at Assets/Editor/AndroidPhase6Builder.cs:9)

[Assets/Editor/AndroidPhase6Builder.cs line 32]

Loaded scene 'Assets/Scenes/Tracks/Kick Butt Track 2.unity'
	Deserialize:            54.473 ms
	Integration:            101.068 ms
	Integration of assets:  1.250 ms
	Thread Wait Time:       0.014 ms
	Total Operation Time:   156.805 ms
Unloading 143 unused Assets / (0.8 MB). Loaded Objects now: 7071.
Memory consumption went from 344.7 MB to 343.9 MB.
Total: 9.226300 ms (FindLiveObjects: 0.385800 ms CreateObjectMapping: 0.579100 ms MarkObjects: 7.545700 ms  DeleteObjects: 0.714500 ms)

Opening scene 'Assets/Scenes/Tracks/Kick Butt Track 3.unity'
Unloading 73 Unused Serialized files (Serialized files now loaded: 0)
Component Particle Animator in Sparks for Scene Assets/Scenes/Tracks/Kick Butt Track 3.unity is no longer available.
It will be removed after you edit this GameObject and save the Scene.
UnityEngine.Debug:ExtractStackTraceNoAlloc (byte*,int,string)
UnityEngine.StackTraceUtility:ExtractStackTrace ()
UnityEditor.BuildPipeline:BuildPlayerInternal (string[],string,string,UnityEditor.BuildTargetGroup,UnityEditor.BuildTarget,int,UnityEditor.BuildOptions,string[],string[],bool)
UnityEditor.BuildPipeline:BuildPlayer (UnityEditor.BuildPlayerOptions)
AndroidPhase6Builder:Build (string,bool) (at Assets/Editor/AndroidPhase6Builder.cs:32)
AndroidPhase6Builder:BuildApk () (at Assets/Editor/AndroidPhase6Builder.cs:9)

[Assets/Editor/AndroidPhase6Builder.cs line 32]

Component Particle Animator in Sparks for Scene Assets/Scenes/Tracks/Kick Butt Track 3.unity is no longer available.
It will be removed after you edit this GameObject and save the Scene.
UnityEngine.Debug:ExtractStackTraceNoAlloc (byte*,int,string)
UnityEngine.StackTraceUtility:ExtractStackTrace ()
UnityEditor.BuildPipeline:BuildPlayerInternal (string[],string,string,UnityEditor.BuildTargetGroup,UnityEditor.BuildTarget,int,UnityEditor.BuildOptions,string[],string[],bool)
UnityEditor.BuildPipeline:BuildPlayer (UnityEditor.BuildPlayerOptions)
AndroidPhase6Builder:Build (string,bool) (at Assets/Editor/AndroidPhase6Builder.cs:32)
AndroidPhase6Builder:BuildApk () (at Assets/Editor/AndroidPhase6Builder.cs:9)

[Assets/Editor/AndroidPhase6Builder.cs line 32]

Component Particle Animator in Sparks for Scene Assets/Scenes/Tracks/Kick Butt Track 3.unity is no longer available.
It will be removed after you edit this GameObject and save the Scene.
UnityEngine.Debug:ExtractStackTraceNoAlloc (byte*,int,string)
UnityEngine.StackTraceUtility:ExtractStackTrace ()
UnityEditor.BuildPipeline:BuildPlayerInternal (string[],string,string,UnityEditor.BuildTargetGroup,UnityEditor.BuildTarget,int,UnityEditor.BuildOptions,string[],string[],bool)
UnityEditor.BuildPipeline:BuildPlayer (UnityEditor.BuildPlayerOptions)
AndroidPhase6Builder:Build (string,bool) (at Assets/Editor/AndroidPhase6Builder.cs:32)
AndroidPhase6Builder:BuildApk () (at Assets/Editor/AndroidPhase6Builder.cs:9)

[Assets/Editor/AndroidPhase6Builder.cs line 32]

Component Particle Animator in Sparks for Scene Assets/Scenes/Tracks/Kick Butt Track 3.unity is no longer available.
It will be removed after you edit this GameObject and save the Scene.
UnityEngine.Debug:ExtractStackTraceNoAlloc (byte*,int,string)
UnityEngine.StackTraceUtility:ExtractStackTrace ()
UnityEditor.BuildPipeline:BuildPlayerInternal (string[],string,string,UnityEditor.BuildTargetGroup,UnityEditor.BuildTarget,int,UnityEditor.BuildOptions,string[],string[],bool)
UnityEditor.BuildPipeline:BuildPlayer (UnityEditor.BuildPlayerOptions)
AndroidPhase6Builder:Build (string,bool) (at Assets/Editor/AndroidPhase6Builder.cs:32)
AndroidPhase6Builder:BuildApk () (at Assets/Editor/AndroidPhase6Builder.cs:9)

[Assets/Editor/AndroidPhase6Builder.cs line 32]

Component Particle Animator in Sparks for Scene Assets/Scenes/Tracks/Kick Butt Track 3.unity is no longer available.
It will be removed after you edit this GameObject and save the Scene.
UnityEngine.Debug:ExtractStackTraceNoAlloc (byte*,int,string)
UnityEngine.StackTraceUtility:ExtractStackTrace ()
UnityEditor.BuildPipeline:BuildPlayerInternal (string[],string,string,UnityEditor.BuildTargetGroup,UnityEditor.BuildTarget,int,UnityEditor.BuildOptions,string[],string[],bool)
UnityEditor.BuildPipeline:BuildPlayer (UnityEditor.BuildPlayerOptions)
AndroidPhase6Builder:Build (string,bool) (at Assets/Editor/AndroidPhase6Builder.cs:32)
AndroidPhase6Builder:BuildApk () (at Assets/Editor/AndroidPhase6Builder.cs:9)

[Assets/Editor/AndroidPhase6Builder.cs line 32]

Component Particle Animator in Sparks for Scene Assets/Scenes/Tracks/Kick Butt Track 3.unity is no longer available.
It will be removed after you edit this GameObject and save the Scene.
UnityEngine.Debug:ExtractStackTraceNoAlloc (byte*,int,string)
UnityEngine.StackTraceUtility:ExtractStackTrace ()
UnityEditor.BuildPipeline:BuildPlayerInternal (string[],string,string,UnityEditor.BuildTargetGroup,UnityEditor.BuildTarget,int,UnityEditor.BuildOptions,string[],string[],bool)
UnityEditor.BuildPipeline:BuildPlayer (UnityEditor.BuildPlayerOptions)
AndroidPhase6Builder:Build (string,bool) (at Assets/Editor/AndroidPhase6Builder.cs:32)
AndroidPhase6Builder:BuildApk () (at Assets/Editor/AndroidPhase6Builder.cs:9)

[Assets/Editor/AndroidPhase6Builder.cs line 32]

Component Particle Animator in Sparks for Scene Assets/Scenes/Tracks/Kick Butt Track 3.unity is no longer available.
It will be removed after you edit this GameObject and save the Scene.
UnityEngine.Debug:ExtractStackTraceNoAlloc (byte*,int,string)
UnityEngine.StackTraceUtility:ExtractStackTrace ()
UnityEditor.BuildPipeline:BuildPlayerInternal (string[],string,string,UnityEditor.BuildTargetGroup,UnityEditor.BuildTarget,int,UnityEditor.BuildOptions,string[],string[],bool)
UnityEditor.BuildPipeline:BuildPlayer (UnityEditor.BuildPlayerOptions)
AndroidPhase6Builder:Build (string,bool) (at Assets/Editor/AndroidPhase6Builder.cs:32)
AndroidPhase6Builder:BuildApk () (at Assets/Editor/AndroidPhase6Builder.cs:9)

[Assets/Editor/AndroidPhase6Builder.cs line 32]

Component Ellipsoid Particle Emitter in Sparks for Scene Assets/Scenes/Tracks/Kick Butt Track 3.unity is no longer available.
It will be removed after you edit this GameObject and save the Scene.
UnityEngine.Debug:ExtractStackTraceNoAlloc (byte*,int,string)
UnityEngine.StackTraceUtility:ExtractStackTrace ()
UnityEditor.BuildPipeline:BuildPlayerInternal (string[],string,string,UnityEditor.BuildTargetGroup,UnityEditor.BuildTarget,int,UnityEditor.BuildOptions,string[],string[],bool)
UnityEditor.BuildPipeline:BuildPlayer (UnityEditor.BuildPlayerOptions)
AndroidPhase6Builder:Build (string,bool) (at Assets/Editor/AndroidPhase6Builder.cs:32)
AndroidPhase6Builder:BuildApk () (at Assets/Editor/AndroidPhase6Builder.cs:9)

[Assets/Editor/AndroidPhase6Builder.cs line 32]

Component Ellipsoid Particle Emitter in Sparks for Scene Assets/Scenes/Tracks/Kick Butt Track 3.unity is no longer available.
It will be removed after you edit this GameObject and save the Scene.
UnityEngine.Debug:ExtractStackTraceNoAlloc (byte*,int,string)
UnityEngine.StackTraceUtility:ExtractStackTrace ()
UnityEditor.BuildPipeline:BuildPlayerInternal (string[],string,string,UnityEditor.BuildTargetGroup,UnityEditor.BuildTarget,int,UnityEditor.BuildOptions,string[],string[],bool)
UnityEditor.BuildPipeline:BuildPlayer (UnityEditor.BuildPlayerOptions)
AndroidPhase6Builder:Build (string,bool) (at Assets/Editor/AndroidPhase6Builder.cs:32)
AndroidPhase6Builder:BuildApk () (at Assets/Editor/AndroidPhase6Builder.cs:9)

[Assets/Editor/AndroidPhase6Builder.cs line 32]

Component Ellipsoid Particle Emitter in Sparks for Scene Assets/Scenes/Tracks/Kick Butt Track 3.unity is no longer available.
It will be removed after you edit this GameObject and save the Scene.
UnityEngine.Debug:ExtractStackTraceNoAlloc (byte*,int,string)
UnityEngine.StackTraceUtility:ExtractStackTrace ()
UnityEditor.BuildPipeline:BuildPlayerInternal (string[],string,string,UnityEditor.BuildTargetGroup,UnityEditor.BuildTarget,int,UnityEditor.BuildOptions,string[],string[],bool)
UnityEditor.BuildPipeline:BuildPlayer (UnityEditor.BuildPlayerOptions)
AndroidPhase6Builder:Build (string,bool) (at Assets/Editor/AndroidPhase6Builder.cs:32)
AndroidPhase6Builder:BuildApk () (at Assets/Editor/AndroidPhase6Builder.cs:9)

[Assets/Editor/AndroidPhase6Builder.cs line 32]

Component Ellipsoid Particle Emitter in Sparks for Scene Assets/Scenes/Tracks/Kick Butt Track 3.unity is no longer available.
It will be removed after you edit this GameObject and save the Scene.
UnityEngine.Debug:ExtractStackTraceNoAlloc (byte*,int,string)
UnityEngine.StackTraceUtility:ExtractStackTrace ()
UnityEditor.BuildPipeline:BuildPlayerInternal (string[],string,string,UnityEditor.BuildTargetGroup,UnityEditor.BuildTarget,int,UnityEditor.BuildOptions,string[],string[],bool)
UnityEditor.BuildPipeline:BuildPlayer (UnityEditor.BuildPlayerOptions)
AndroidPhase6Builder:Build (string,bool) (at Assets/Editor/AndroidPhase6Builder.cs:32)
AndroidPhase6Builder:BuildApk () (at Assets/Editor/AndroidPhase6Builder.cs:9)

[Assets/Editor/AndroidPhase6Builder.cs line 32]

Component Ellipsoid Particle Emitter in Sparks for Scene Assets/Scenes/Tracks/Kick Butt Track 3.unity is no longer available.
It will be removed after you edit this GameObject and save the Scene.
UnityEngine.Debug:ExtractStackTraceNoAlloc (byte*,int,string)
UnityEngine.StackTraceUtility:ExtractStackTrace ()
UnityEditor.BuildPipeline:BuildPlayerInternal (string[],string,string,UnityEditor.BuildTargetGroup,UnityEditor.BuildTarget,int,UnityEditor.BuildOptions,string[],string[],bool)
UnityEditor.BuildPipeline:BuildPlayer (UnityEditor.BuildPlayerOptions)
AndroidPhase6Builder:Build (string,bool) (at Assets/Editor/AndroidPhase6Builder.cs:32)
AndroidPhase6Builder:BuildApk () (at Assets/Editor/AndroidPhase6Builder.cs:9)

[Assets/Editor/AndroidPhase6Builder.cs line 32]

Component Ellipsoid Particle Emitter in Sparks for Scene Assets/Scenes/Tracks/Kick Butt Track 3.unity is no longer available.
It will be removed after you edit this GameObject and save the Scene.
UnityEngine.Debug:ExtractStackTraceNoAlloc (byte*,int,string)
UnityEngine.StackTraceUtility:ExtractStackTrace ()
UnityEditor.BuildPipeline:BuildPlayerInternal (string[],string,string,UnityEditor.BuildTargetGroup,UnityEditor.BuildTarget,int,UnityEditor.BuildOptions,string[],string[],bool)
UnityEditor.BuildPipeline:BuildPlayer (UnityEditor.BuildPlayerOptions)
AndroidPhase6Builder:Build (string,bool) (at Assets/Editor/AndroidPhase6Builder.cs:32)
AndroidPhase6Builder:BuildApk () (at Assets/Editor/AndroidPhase6Builder.cs:9)

[Assets/Editor/AndroidPhase6Builder.cs line 32]

Component Ellipsoid Particle Emitter in Sparks for Scene Assets/Scenes/Tracks/Kick Butt Track 3.unity is no longer available.
It will be removed after you edit this GameObject and save the Scene.
UnityEngine.Debug:ExtractStackTraceNoAlloc (byte*,int,string)
UnityEngine.StackTraceUtility:ExtractStackTrace ()
UnityEditor.BuildPipeline:BuildPlayerInternal (string[],string,string,UnityEditor.BuildTargetGroup,UnityEditor.BuildTarget,int,UnityEditor.BuildOptions,string[],string[],bool)
UnityEditor.BuildPipeline:BuildPlayer (UnityEditor.BuildPlayerOptions)
AndroidPhase6Builder:Build (string,bool) (at Assets/Editor/AndroidPhase6Builder.cs:32)
AndroidPhase6Builder:BuildApk () (at Assets/Editor/AndroidPhase6Builder.cs:9)

[Assets/Editor/AndroidPhase6Builder.cs line 32]

Component Particle Renderer in Sparks for Scene Assets/Scenes/Tracks/Kick Butt Track 3.unity is no longer available.
It will be removed after you edit this GameObject and save the Scene.
UnityEngine.Debug:ExtractStackTraceNoAlloc (byte*,int,string)
UnityEngine.StackTraceUtility:ExtractStackTrace ()
UnityEditor.BuildPipeline:BuildPlayerInternal (string[],string,string,UnityEditor.BuildTargetGroup,UnityEditor.BuildTarget,int,UnityEditor.BuildOptions,string[],string[],bool)
UnityEditor.BuildPipeline:BuildPlayer (UnityEditor.BuildPlayerOptions)
AndroidPhase6Builder:Build (string,bool) (at Assets/Editor/AndroidPhase6Builder.cs:32)
AndroidPhase6Builder:BuildApk () (at Assets/Editor/AndroidPhase6Builder.cs:9)

[Assets/Editor/AndroidPhase6Builder.cs line 32]

Component Particle Renderer in Sparks for Scene Assets/Scenes/Tracks/Kick Butt Track 3.unity is no longer available.
It will be removed after you edit this GameObject and save the Scene.
UnityEngine.Debug:ExtractStackTraceNoAlloc (byte*,int,string)
UnityEngine.StackTraceUtility:ExtractStackTrace ()
UnityEditor.BuildPipeline:BuildPlayerInternal (string[],string,string,UnityEditor.BuildTargetGroup,UnityEditor.BuildTarget,int,UnityEditor.BuildOptions,string[],string[],bool)
UnityEditor.BuildPipeline:BuildPlayer (UnityEditor.BuildPlayerOptions)
AndroidPhase6Builder:Build (string,bool) (at Assets/Editor/AndroidPhase6Builder.cs:32)
AndroidPhase6Builder:BuildApk () (at Assets/Editor/AndroidPhase6Builder.cs:9)

[Assets/Editor/AndroidPhase6Builder.cs line 32]

Component Particle Renderer in Sparks for Scene Assets/Scenes/Tracks/Kick Butt Track 3.unity is no longer available.
It will be removed after you edit this GameObject and save the Scene.
UnityEngine.Debug:ExtractStackTraceNoAlloc (byte*,int,string)
UnityEngine.StackTraceUtility:ExtractStackTrace ()
UnityEditor.BuildPipeline:BuildPlayerInternal (string[],string,string,UnityEditor.BuildTargetGroup,UnityEditor.BuildTarget,int,UnityEditor.BuildOptions,string[],string[],bool)
UnityEditor.BuildPipeline:BuildPlayer (UnityEditor.BuildPlayerOptions)
AndroidPhase6Builder:Build (string,bool) (at Assets/Editor/AndroidPhase6Builder.cs:32)
AndroidPhase6Builder:BuildApk () (at Assets/Editor/AndroidPhase6Builder.cs:9)

[Assets/Editor/AndroidPhase6Builder.cs line 32]

Component Particle Renderer in Sparks for Scene Assets/Scenes/Tracks/Kick Butt Track 3.unity is no longer available.
It will be removed after you edit this GameObject and save the Scene.
UnityEngine.Debug:ExtractStackTraceNoAlloc (byte*,int,string)
UnityEngine.StackTraceUtility:ExtractStackTrace ()
UnityEditor.BuildPipeline:BuildPlayerInternal (string[],string,string,UnityEditor.BuildTargetGroup,UnityEditor.BuildTarget,int,UnityEditor.BuildOptions,string[],string[],bool)
UnityEditor.BuildPipeline:BuildPlayer (UnityEditor.BuildPlayerOptions)
AndroidPhase6Builder:Build (string,bool) (at Assets/Editor/AndroidPhase6Builder.cs:32)
AndroidPhase6Builder:BuildApk () (at Assets/Editor/AndroidPhase6Builder.cs:9)

[Assets/Editor/AndroidPhase6Builder.cs line 32]

Component Particle Renderer in Sparks for Scene Assets/Scenes/Tracks/Kick Butt Track 3.unity is no longer available.
It will be removed after you edit this GameObject and save the Scene.
UnityEngine.Debug:ExtractStackTraceNoAlloc (byte*,int,string)
UnityEngine.StackTraceUtility:ExtractStackTrace ()
UnityEditor.BuildPipeline:BuildPlayerInternal (string[],string,string,UnityEditor.BuildTargetGroup,UnityEditor.BuildTarget,int,UnityEditor.BuildOptions,string[],string[],bool)
UnityEditor.BuildPipeline:BuildPlayer (UnityEditor.BuildPlayerOptions)
AndroidPhase6Builder:Build (string,bool) (at Assets/Editor/AndroidPhase6Builder.cs:32)
AndroidPhase6Builder:BuildApk () (at Assets/Editor/AndroidPhase6Builder.cs:9)

[Assets/Editor/AndroidPhase6Builder.cs line 32]

Component Particle Renderer in Sparks for Scene Assets/Scenes/Tracks/Kick Butt Track 3.unity is no longer available.
It will be removed after you edit this GameObject and save the Scene.
UnityEngine.Debug:ExtractStackTraceNoAlloc (byte*,int,string)
UnityEngine.StackTraceUtility:ExtractStackTrace ()
UnityEditor.BuildPipeline:BuildPlayerInternal (string[],string,string,UnityEditor.BuildTargetGroup,UnityEditor.BuildTarget,int,UnityEditor.BuildOptions,string[],string[],bool)
UnityEditor.BuildPipeline:BuildPlayer (UnityEditor.BuildPlayerOptions)
AndroidPhase6Builder:Build (string,bool) (at Assets/Editor/AndroidPhase6Builder.cs:32)
AndroidPhase6Builder:BuildApk () (at Assets/Editor/AndroidPhase6Builder.cs:9)

[Assets/Editor/AndroidPhase6Builder.cs line 32]

Component Particle Renderer in Sparks for Scene Assets/Scenes/Tracks/Kick Butt Track 3.unity is no longer available.
It will be removed after you edit this GameObject and save the Scene.
UnityEngine.Debug:ExtractStackTraceNoAlloc (byte*,int,string)
UnityEngine.StackTraceUtility:ExtractStackTrace ()
UnityEditor.BuildPipeline:BuildPlayerInternal (string[],string,string,UnityEditor.BuildTargetGroup,UnityEditor.BuildTarget,int,UnityEditor.BuildOptions,string[],string[],bool)
UnityEditor.BuildPipeline:BuildPlayer (UnityEditor.BuildPlayerOptions)
AndroidPhase6Builder:Build (string,bool) (at Assets/Editor/AndroidPhase6Builder.cs:32)
AndroidPhase6Builder:BuildApk () (at Assets/Editor/AndroidPhase6Builder.cs:9)

[Assets/Editor/AndroidPhase6Builder.cs line 32]

Component GUI Layer in Follow Camera for Scene Assets/Scenes/Tracks/Kick Butt Track 3.unity is no longer available.
It will be removed after you edit this GameObject and save the Scene.
UnityEngine.Debug:ExtractStackTraceNoAlloc (byte*,int,string)
UnityEngine.StackTraceUtility:ExtractStackTrace ()
UnityEditor.BuildPipeline:BuildPlayerInternal (string[],string,string,UnityEditor.BuildTargetGroup,UnityEditor.BuildTarget,int,UnityEditor.BuildOptions,string[],string[],bool)
UnityEditor.BuildPipeline:BuildPlayer (UnityEditor.BuildPlayerOptions)
AndroidPhase6Builder:Build (string,bool) (at Assets/Editor/AndroidPhase6Builder.cs:32)
AndroidPhase6Builder:BuildApk () (at Assets/Editor/AndroidPhase6Builder.cs:9)

[Assets/Editor/AndroidPhase6Builder.cs line 32]

Component GUI Layer in Prerace Camera for Scene Assets/Scenes/Tracks/Kick Butt Track 3.unity is no longer available.
It will be removed after you edit this GameObject and save the Scene.
UnityEngine.Debug:ExtractStackTraceNoAlloc (byte*,int,string)
UnityEngine.StackTraceUtility:ExtractStackTrace ()
UnityEditor.BuildPipeline:BuildPlayerInternal (string[],string,string,UnityEditor.BuildTargetGroup,UnityEditor.BuildTarget,int,UnityEditor.BuildOptions,string[],string[],bool)
UnityEditor.BuildPipeline:BuildPlayer (UnityEditor.BuildPlayerOptions)
AndroidPhase6Builder:Build (string,bool) (at Assets/Editor/AndroidPhase6Builder.cs:32)
AndroidPhase6Builder:BuildApk () (at Assets/Editor/AndroidPhase6Builder.cs:9)

[Assets/Editor/AndroidPhase6Builder.cs line 32]

Loaded scene 'Assets/Scenes/Tracks/Kick Butt Track 3.unity'
	Deserialize:            58.903 ms
	Integration:            107.360 ms
	Integration of assets:  0.579 ms
	Thread Wait Time:       1.351 ms
	Total Operation Time:   168.193 ms
Unloading 114 unused Assets / (0.8 MB). Loaded Objects now: 7132.
Memory consumption went from 348.4 MB to 347.6 MB.
Total: 8.092700 ms (FindLiveObjects: 0.366000 ms CreateObjectMapping: 0.553700 ms MarkObjects: 6.527500 ms  DeleteObjects: 0.644600 ms)

Opening scene 'Assets/Scenes/Tracks/Phineas Track 1.unity'
Unloading 41 Unused Serialized files (Serialized files now loaded: 0)
Component GUI Layer in Prerace Camera for Scene Assets/Scenes/Tracks/Phineas Track 1.unity is no longer available.
It will be removed after you edit this GameObject and save the Scene.
UnityEngine.Debug:ExtractStackTraceNoAlloc (byte*,int,string)
UnityEngine.StackTraceUtility:ExtractStackTrace ()
UnityEditor.BuildPipeline:BuildPlayerInternal (string[],string,string,UnityEditor.BuildTargetGroup,UnityEditor.BuildTarget,int,UnityEditor.BuildOptions,string[],string[],bool)
UnityEditor.BuildPipeline:BuildPlayer (UnityEditor.BuildPlayerOptions)
AndroidPhase6Builder:Build (string,bool) (at Assets/Editor/AndroidPhase6Builder.cs:32)
AndroidPhase6Builder:BuildApk () (at Assets/Editor/AndroidPhase6Builder.cs:9)

[Assets/Editor/AndroidPhase6Builder.cs line 32]

Component GUI Layer in Follow Camera for Scene Assets/Scenes/Tracks/Phineas Track 1.unity is no longer available.
It will be removed after you edit this GameObject and save the Scene.
UnityEngine.Debug:ExtractStackTraceNoAlloc (byte*,int,string)
UnityEngine.StackTraceUtility:ExtractStackTrace ()
UnityEditor.BuildPipeline:BuildPlayerInternal (string[],string,string,UnityEditor.BuildTargetGroup,UnityEditor.BuildTarget,int,UnityEditor.BuildOptions,string[],string[],bool)
UnityEditor.BuildPipeline:BuildPlayer (UnityEditor.BuildPlayerOptions)
AndroidPhase6Builder:Build (string,bool) (at Assets/Editor/AndroidPhase6Builder.cs:32)
AndroidPhase6Builder:BuildApk () (at Assets/Editor/AndroidPhase6Builder.cs:9)

[Assets/Editor/AndroidPhase6Builder.cs line 32]

Loaded scene 'Assets/Scenes/Tracks/Phineas Track 1.unity'
	Deserialize:            68.752 ms
	Integration:            170.392 ms
	Integration of assets:  0.072 ms
	Thread Wait Time:       0.018 ms
	Total Operation Time:   239.234 ms
Unloading 121 unused Assets / (0.9 MB). Loaded Objects now: 7869.
Memory consumption went from 350.3 MB to 349.4 MB.
Total: 10.002600 ms (FindLiveObjects: 0.519500 ms CreateObjectMapping: 1.165200 ms MarkObjects: 7.226600 ms  DeleteObjects: 1.089800 ms)

Opening scene 'Assets/Scenes/Tracks/Phineas Track 2.unity'
Unloading 169 Unused Serialized files (Serialized files now loaded: 0)
Component GUI Layer in Follow Camera for Scene Assets/Scenes/Tracks/Phineas Track 2.unity is no longer available.
It will be removed after you edit this GameObject and save the Scene.
UnityEngine.Debug:ExtractStackTraceNoAlloc (byte*,int,string)
UnityEngine.StackTraceUtility:ExtractStackTrace ()
UnityEditor.BuildPipeline:BuildPlayerInternal (string[],string,string,UnityEditor.BuildTargetGroup,UnityEditor.BuildTarget,int,UnityEditor.BuildOptions,string[],string[],bool)
UnityEditor.BuildPipeline:BuildPlayer (UnityEditor.BuildPlayerOptions)
AndroidPhase6Builder:Build (string,bool) (at Assets/Editor/AndroidPhase6Builder.cs:32)
AndroidPhase6Builder:BuildApk () (at Assets/Editor/AndroidPhase6Builder.cs:9)

[Assets/Editor/AndroidPhase6Builder.cs line 32]

Component GUI Layer in Prerace Camera for Scene Assets/Scenes/Tracks/Phineas Track 2.unity is no longer available.
It will be removed after you edit this GameObject and save the Scene.
UnityEngine.Debug:ExtractStackTraceNoAlloc (byte*,int,string)
UnityEngine.StackTraceUtility:ExtractStackTrace ()
UnityEditor.BuildPipeline:BuildPlayerInternal (string[],string,string,UnityEditor.BuildTargetGroup,UnityEditor.BuildTarget,int,UnityEditor.BuildOptions,string[],string[],bool)
UnityEditor.BuildPipeline:BuildPlayer (UnityEditor.BuildPlayerOptions)
AndroidPhase6Builder:Build (string,bool) (at Assets/Editor/AndroidPhase6Builder.cs:32)
AndroidPhase6Builder:BuildApk () (at Assets/Editor/AndroidPhase6Builder.cs:9)

[Assets/Editor/AndroidPhase6Builder.cs line 32]

Detected one or more triangles where the distance between any 2 vertices is greater than 500 units. The resulting Triangle Mesh can impact simulation and query stability. It is recommended to tessellate meshes that have large triangles. Source mesh name: Drawbridge_003
UnityEngine.Debug:ExtractStackTraceNoAlloc (byte*,int,string)
UnityEngine.StackTraceUtility:ExtractStackTrace ()
UnityEditor.BuildPipeline:BuildPlayerInternal (string[],string,string,UnityEditor.BuildTargetGroup,UnityEditor.BuildTarget,int,UnityEditor.BuildOptions,string[],string[],bool)
UnityEditor.BuildPipeline:BuildPlayer (UnityEditor.BuildPlayerOptions)
AndroidPhase6Builder:Build (string,bool) (at Assets/Editor/AndroidPhase6Builder.cs:32)
AndroidPhase6Builder:BuildApk () (at Assets/Editor/AndroidPhase6Builder.cs:9)

[Assets/Editor/AndroidPhase6Builder.cs line 32]

Detected one or more triangles where the distance between any 2 vertices is greater than 500 units. The resulting Triangle Mesh can impact simulation and query stability. It is recommended to tessellate meshes that have large triangles. Source mesh name: Drawbridge_000
UnityEngine.Debug:ExtractStackTraceNoAlloc (byte*,int,string)
UnityEngine.StackTraceUtility:ExtractStackTrace ()
UnityEditor.BuildPipeline:BuildPlayerInternal (string[],string,string,UnityEditor.BuildTargetGroup,UnityEditor.BuildTarget,int,UnityEditor.BuildOptions,string[],string[],bool)
UnityEditor.BuildPipeline:BuildPlayer (UnityEditor.BuildPlayerOptions)
AndroidPhase6Builder:Build (string,bool) (at Assets/Editor/AndroidPhase6Builder.cs:32)
AndroidPhase6Builder:BuildApk () (at Assets/Editor/AndroidPhase6Builder.cs:9)

[Assets/Editor/AndroidPhase6Builder.cs line 32]

Detected one or more triangles where the distance between any 2 vertices is greater than 500 units. The resulting Triangle Mesh can impact simulation and query stability. It is recommended to tessellate meshes that have large triangles. Source mesh name: 4-Lane_Corner_004
UnityEngine.Debug:ExtractStackTraceNoAlloc (byte*,int,string)
UnityEngine.StackTraceUtility:ExtractStackTrace ()
UnityEditor.BuildPipeline:BuildPlayerInternal (string[],string,string,UnityEditor.BuildTargetGroup,UnityEditor.BuildTarget,int,UnityEditor.BuildOptions,string[],string[],bool)
UnityEditor.BuildPipeline:BuildPlayer (UnityEditor.BuildPlayerOptions)
AndroidPhase6Builder:Build (string,bool) (at Assets/Editor/AndroidPhase6Builder.cs:32)
AndroidPhase6Builder:BuildApk () (at Assets/Editor/AndroidPhase6Builder.cs:9)

[Assets/Editor/AndroidPhase6Builder.cs line 32]

Detected one or more triangles where the distance between any 2 vertices is greater than 500 units. The resulting Triangle Mesh can impact simulation and query stability. It is recommended to tessellate meshes that have large triangles. Source mesh name: Drawbridge_005
UnityEngine.Debug:ExtractStackTraceNoAlloc (byte*,int,string)
UnityEngine.StackTraceUtility:ExtractStackTrace ()
UnityEditor.BuildPipeline:BuildPlayerInternal (string[],string,string,UnityEditor.BuildTargetGroup,UnityEditor.BuildTarget,int,UnityEditor.BuildOptions,string[],string[],bool)
UnityEditor.BuildPipeline:BuildPlayer (UnityEditor.BuildPlayerOptions)
AndroidPhase6Builder:Build (string,bool) (at Assets/Editor/AndroidPhase6Builder.cs:32)
AndroidPhase6Builder:BuildApk () (at Assets/Editor/AndroidPhase6Builder.cs:9)

[Assets/Editor/AndroidPhase6Builder.cs line 32]

Detected one or more triangles where the distance between any 2 vertices is greater than 500 units. The resulting Triangle Mesh can impact simulation and query stability. It is recommended to tessellate meshes that have large triangles. Source mesh name: Drawbridge_001
UnityEngine.Debug:ExtractStackTraceNoAlloc (byte*,int,string)
UnityEngine.StackTraceUtility:ExtractStackTrace ()
UnityEditor.BuildPipeline:BuildPlayerInternal (string[],string,string,UnityEditor.BuildTargetGroup,UnityEditor.BuildTarget,int,UnityEditor.BuildOptions,string[],string[],bool)
UnityEditor.BuildPipeline:BuildPlayer (UnityEditor.BuildPlayerOptions)
AndroidPhase6Builder:Build (string,bool) (at Assets/Editor/AndroidPhase6Builder.cs:32)
AndroidPhase6Builder:BuildApk () (at Assets/Editor/AndroidPhase6Builder.cs:9)

[Assets/Editor/AndroidPhase6Builder.cs line 32]

Loaded scene 'Assets/Scenes/Tracks/Phineas Track 2.unity'
	Deserialize:            52.871 ms
	Integration:            32.173 ms
	Integration of assets:  0.065 ms
	Thread Wait Time:       0.018 ms
	Total Operation Time:   85.128 ms
Unloading 149 unused Assets / (0.9 MB). Loaded Objects now: 7326.
Memory consumption went from 354.6 MB to 353.7 MB.
Total: 8.636600 ms (FindLiveObjects: 0.437100 ms CreateObjectMapping: 0.585400 ms MarkObjects: 6.575000 ms  DeleteObjects: 1.038100 ms)

Opening scene 'Assets/Scenes/Tracks/Phineas Track 3.unity'
Unloading 69 Unused Serialized files (Serialized files now loaded: 0)
Component GUI Layer in Follow Camera for Scene Assets/Scenes/Tracks/Phineas Track 3.unity is no longer available.
It will be removed after you edit this GameObject and save the Scene.
UnityEngine.Debug:ExtractStackTraceNoAlloc (byte*,int,string)
UnityEngine.StackTraceUtility:ExtractStackTrace ()
UnityEditor.BuildPipeline:BuildPlayerInternal (string[],string,string,UnityEditor.BuildTargetGroup,UnityEditor.BuildTarget,int,UnityEditor.BuildOptions,string[],string[],bool)
UnityEditor.BuildPipeline:BuildPlayer (UnityEditor.BuildPlayerOptions)
AndroidPhase6Builder:Build (string,bool) (at Assets/Editor/AndroidPhase6Builder.cs:32)
AndroidPhase6Builder:BuildApk () (at Assets/Editor/AndroidPhase6Builder.cs:9)

[Assets/Editor/AndroidPhase6Builder.cs line 32]

Component GUI Layer in Prerace Camera for Scene Assets/Scenes/Tracks/Phineas Track 3.unity is no longer available.
It will be removed after you edit this GameObject and save the Scene.
UnityEngine.Debug:ExtractStackTraceNoAlloc (byte*,int,string)
UnityEngine.StackTraceUtility:ExtractStackTrace ()
UnityEditor.BuildPipeline:BuildPlayerInternal (string[],string,string,UnityEditor.BuildTargetGroup,UnityEditor.BuildTarget,int,UnityEditor.BuildOptions,string[],string[],bool)
UnityEditor.BuildPipeline:BuildPlayer (UnityEditor.BuildPlayerOptions)
AndroidPhase6Builder:Build (string,bool) (at Assets/Editor/AndroidPhase6Builder.cs:32)
AndroidPhase6Builder:BuildApk () (at Assets/Editor/AndroidPhase6Builder.cs:9)

[Assets/Editor/AndroidPhase6Builder.cs line 32]

Loaded scene 'Assets/Scenes/Tracks/Phineas Track 3.unity'
	Deserialize:            95.267 ms
	Integration:            69.117 ms
	Integration of assets:  0.025 ms
	Thread Wait Time:       -0.008 ms
	Total Operation Time:   164.401 ms
Unloading 92 unused Assets / (111.1 KB). Loaded Objects now: 7900.
Memory consumption went from 351.6 MB to 351.5 MB.
Total: 8.413700 ms (FindLiveObjects: 0.393400 ms CreateObjectMapping: 0.575200 ms MarkObjects: 6.924800 ms  DeleteObjects: 0.518900 ms)

Opening scene 'Assets/Scenes/Tracks/Tutorial Track.unity'
Unloading 91 Unused Serialized files (Serialized files now loaded: 0)
Component GUI Layer in Follow Camera for Scene Assets/Scenes/Tracks/Tutorial Track.unity is no longer available.
It will be removed after you edit this GameObject and save the Scene.
UnityEngine.Debug:ExtractStackTraceNoAlloc (byte*,int,string)
UnityEngine.StackTraceUtility:ExtractStackTrace ()
UnityEditor.BuildPipeline:BuildPlayerInternal (string[],string,string,UnityEditor.BuildTargetGroup,UnityEditor.BuildTarget,int,UnityEditor.BuildOptions,string[],string[],bool)
UnityEditor.BuildPipeline:BuildPlayer (UnityEditor.BuildPlayerOptions)
AndroidPhase6Builder:Build (string,bool) (at Assets/Editor/AndroidPhase6Builder.cs:32)
AndroidPhase6Builder:BuildApk () (at Assets/Editor/AndroidPhase6Builder.cs:9)

[Assets/Editor/AndroidPhase6Builder.cs line 32]

Component GUI Layer in Prerace Camera for Scene Assets/Scenes/Tracks/Tutorial Track.unity is no longer available.
It will be removed after you edit this GameObject and save the Scene.
UnityEngine.Debug:ExtractStackTraceNoAlloc (byte*,int,string)
UnityEngine.StackTraceUtility:ExtractStackTrace ()
UnityEditor.BuildPipeline:BuildPlayerInternal (string[],string,string,UnityEditor.BuildTargetGroup,UnityEditor.BuildTarget,int,UnityEditor.BuildOptions,string[],string[],bool)
UnityEditor.BuildPipeline:BuildPlayer (UnityEditor.BuildPlayerOptions)
AndroidPhase6Builder:Build (string,bool) (at Assets/Editor/AndroidPhase6Builder.cs:32)
AndroidPhase6Builder:BuildApk () (at Assets/Editor/AndroidPhase6Builder.cs:9)

[Assets/Editor/AndroidPhase6Builder.cs line 32]

Loaded scene 'Assets/Scenes/Tracks/Tutorial Track.unity'
	Deserialize:            32.612 ms
	Integration:            24.193 ms
	Integration of assets:  1.087 ms
	Thread Wait Time:       0.016 ms
	Total Operation Time:   57.909 ms
Unloading 139 unused Assets / (0.9 MB). Loaded Objects now: 6640.
Memory consumption went from 353.9 MB to 353.0 MB.
Total: 8.830900 ms (FindLiveObjects: 0.372800 ms CreateObjectMapping: 0.551400 ms MarkObjects: 6.954600 ms  DeleteObjects: 0.950900 ms)

Opening scene 'Assets/Scenes/Test Scenes/Pranksgiving Test.unity'
Unloading 497 Unused Serialized files (Serialized files now loaded: 0)
Component GUI Layer in Follow Camera for Scene Assets/Scenes/Test Scenes/Pranksgiving Test.unity is no longer available.
It will be removed after you edit this GameObject and save the Scene.
UnityEngine.Debug:ExtractStackTraceNoAlloc (byte*,int,string)
UnityEngine.StackTraceUtility:ExtractStackTrace ()
UnityEditor.BuildPipeline:BuildPlayerInternal (string[],string,string,UnityEditor.BuildTargetGroup,UnityEditor.BuildTarget,int,UnityEditor.BuildOptions,string[],string[],bool)
UnityEditor.BuildPipeline:BuildPlayer (UnityEditor.BuildPlayerOptions)
AndroidPhase6Builder:Build (string,bool) (at Assets/Editor/AndroidPhase6Builder.cs:32)
AndroidPhase6Builder:BuildApk () (at Assets/Editor/AndroidPhase6Builder.cs:9)

[Assets/Editor/AndroidPhase6Builder.cs line 32]

Component GUI Layer in Prerace Camera for Scene Assets/Scenes/Test Scenes/Pranksgiving Test.unity is no longer available.
It will be removed after you edit this GameObject and save the Scene.
UnityEngine.Debug:ExtractStackTraceNoAlloc (byte*,int,string)
UnityEngine.StackTraceUtility:ExtractStackTrace ()
UnityEditor.BuildPipeline:BuildPlayerInternal (string[],string,string,UnityEditor.BuildTargetGroup,UnityEditor.BuildTarget,int,UnityEditor.BuildOptions,string[],string[],bool)
UnityEditor.BuildPipeline:BuildPlayer (UnityEditor.BuildPlayerOptions)
AndroidPhase6Builder:Build (string,bool) (at Assets/Editor/AndroidPhase6Builder.cs:32)
AndroidPhase6Builder:BuildApk () (at Assets/Editor/AndroidPhase6Builder.cs:9)

[Assets/Editor/AndroidPhase6Builder.cs line 32]

Loaded scene 'Assets/Scenes/Test Scenes/Pranksgiving Test.unity'
	Deserialize:            122.217 ms
	Integration:            39.669 ms
	Integration of assets:  7.423 ms
	Thread Wait Time:       0.024 ms
	Total Operation Time:   169.334 ms
Unloading 105 unused Assets / (0.9 MB). Loaded Objects now: 8667.
Memory consumption went from 360.6 MB to 359.7 MB.
Total: 9.352300 ms (FindLiveObjects: 0.673800 ms CreateObjectMapping: 0.784800 ms MarkObjects: 7.133300 ms  DeleteObjects: 0.759500 ms)

Unloading 122 Unused Serialized files (Serialized files now loaded: 0)
Unloading 2286 unused Assets / (40.0 MB). Loaded Objects now: 4182.
Memory consumption went from 383.2 MB to 343.2 MB.
Total: 10.797400 ms (FindLiveObjects: 0.337800 ms CreateObjectMapping: 0.548300 ms MarkObjects: 6.600800 ms  DeleteObjects: 3.308300 ms)

Unloading 0 Unused Serialized files (Serialized files now loaded: 0)
Unloading 0 unused Assets / (0 B). Loaded Objects now: 4182.
Memory consumption went from 342.8 MB to 342.8 MB.
Total: 7.232600 ms (FindLiveObjects: 0.198800 ms CreateObjectMapping: 0.403000 ms MarkObjects: 6.618100 ms  DeleteObjects: 0.011100 ms)

Unloading 1 Unused Serialized files (Serialized files now loaded: 0)
Unloading 175 unused Assets / (150.9 MB). Loaded Objects now: 4182.
Memory consumption went from 486.4 MB to 335.5 MB.
Total: 25.037400 ms (FindLiveObjects: 0.169900 ms CreateObjectMapping: 0.284200 ms MarkObjects: 7.501200 ms  DeleteObjects: 17.080900 ms)

Compiling shader "Particles/Additive"
  Pass "FORWARD" (vp)
    Target graphics API: gles3
    Full variant space:         664
    After settings filtering:   664
    After built-in stripping:   24
    After scriptable stripping: 24
    Processed in 0.01 seconds
  Pass "FORWARD" (vp)
    Target graphics API: gles3
    Full variant space:         20
    After settings filtering:   20
    After built-in stripping:   15
    After scriptable stripping: 15
    Processed in 0.00 seconds
  Pass "DEFERRED" (vp)
    Target graphics API: gles3
    Full variant space:         76
    After settings filtering:   76
    After built-in stripping:   12
    After scriptable stripping: 12
    Processed in 0.00 seconds
Launched and connected shader compiler UnityShaderCompiler.exe after 0.01 seconds
Launched and connected shader compiler UnityShaderCompiler.exe after 0.01 seconds
Launched and connected shader compiler UnityShaderCompiler.exe after 0.01 seconds
Launched and connected shader compiler UnityShaderCompiler.exe after 0.01 seconds
Launched and connected shader compiler UnityShaderCompiler.exe after 0.02 seconds
Launched and connected shader compiler UnityShaderCompiler.exe after 0.02 seconds
Launched and connected shader compiler UnityShaderCompiler.exe after 0.02 seconds
Launched and connected shader compiler UnityShaderCompiler.exe after 0.03 seconds
Launched and connected shader compiler UnityShaderCompiler.exe after 0.03 seconds
Launched and connected shader compiler UnityShaderCompiler.exe after 0.03 seconds
Launched and connected shader compiler UnityShaderCompiler.exe after 0.03 seconds
Launched and connected shader compiler UnityShaderCompiler.exe after 0.01 seconds
Launched and connected shader compiler UnityShaderCompiler.exe after 0.01 seconds
  Pass FORWARD (vp, gles3) finished in 0.48 seconds. Local cache hits 0 (0.00s CPU time), remote cache hits 0 (0.00s CPU time), compiled 24 variants (4.02s CPU time), skipped 0 variants.
    Prepared data for serialisation in 0.00s
  Pass FORWARD (vp, gles3) finished in 0.31 seconds. Local cache hits 0 (0.00s CPU time), remote cache hits 0 (0.00s CPU time), compiled 15 variants (0.69s CPU time), skipped 0 variants.
    Prepared data for serialisation in 0.00s
  Pass DEFERRED (vp, gles3) finished in 0.21 seconds. Local cache hits 0 (0.00s CPU time), remote cache hits 0 (0.00s CPU time), compiled 12 variants (0.56s CPU time), skipped 0 variants.
    Prepared data for serialisation in 0.00s
Serialized binary data for shader Particles/Additive in 0.00s
    gles3 (total internal programs: 51, unique: 17)
Compiling shader "Mobile/Particles/VertexLit Blended"
  Pass "" (vp)
    Target graphics API: gles3
    Full variant space:         12
    After settings filtering:   12
    After built-in stripping:   9
    After scriptable stripping: 9
    Processed in 0.00 seconds
  Pass  (vp, gles3) finished in 0.09 seconds. Local cache hits 0 (0.00s CPU time), remote cache hits 0 (0.00s CPU time), compiled 9 variants (0.60s CPU time), skipped 0 variants.
    Prepared data for serialisation in 0.00s
Serialized binary data for shader Mobile/Particles/VertexLit Blended in 0.00s
    gles3 (total internal programs: 9, unique: 3)
Compiling shader "Mobile/Particles/Additive"
  Pass "" (vp)
    Target graphics API: gles3
    Full variant space:         4
    After settings filtering:   4
    After built-in stripping:   3
    After scriptable stripping: 3
    Processed in 0.00 seconds
  Pass  (vp, gles3) finished in 0.02 seconds. Local cache hits 0 (0.00s CPU time), remote cache hits 0 (0.00s CPU time), compiled 3 variants (0.06s CPU time), skipped 0 variants.
    Prepared data for serialisation in 0.00s
Serialized binary data for shader Mobile/Particles/Additive in 0.00s
    gles3 (total internal programs: 3, unique: 1)
Compiling shader "Mobile/Particles/Multiply"
  Pass "" (vp)
    Target graphics API: gles3
    Full variant space:         4
    After settings filtering:   4
    After built-in stripping:   3
    After scriptable stripping: 3
    Processed in 0.00 seconds
  Pass  (vp, gles3) finished in 0.02 seconds. Local cache hits 0 (0.00s CPU time), remote cache hits 0 (0.00s CPU time), compiled 3 variants (0.07s CPU time), skipped 0 variants.
    Prepared data for serialisation in 0.00s
Serialized binary data for shader Mobile/Particles/Multiply in 0.00s
    gles3 (total internal programs: 3, unique: 1)
Compiling shader "Mobile/Diffuse"
  Pass "FORWARD" (vp)
    Target graphics API: gles3
    Full variant space:         664
    After settings filtering:   664
    After built-in stripping:   24
    After scriptable stripping: 24
    Processed in 0.00 seconds
  Pass "FORWARD" (vp)
    Target graphics API: gles3
    Full variant space:         20
    After settings filtering:   20
    After built-in stripping:   15
    After scriptable stripping: 15
    Processed in 0.06 seconds
  Pass "DEFERRED" (vp)
    Target graphics API: gles3
    Full variant space:         76
    After settings filtering:   76
    After built-in stripping:   12
    After scriptable stripping: 12
    Processed in 0.00 seconds
  Pass FORWARD (vp, gles3) finished in 0.17 seconds. Local cache hits 0 (0.00s CPU time), remote cache hits 0 (0.00s CPU time), compiled 24 variants (1.57s CPU time), skipped 0 variants.
    Prepared data for serialisation in 0.00s
  Pass FORWARD (vp, gles3) finished in 0.13 seconds. Local cache hits 0 (0.00s CPU time), remote cache hits 0 (0.00s CPU time), compiled 15 variants (0.87s CPU time), skipped 0 variants.
    Prepared data for serialisation in 0.00s
  Pass DEFERRED (vp, gles3) finished in 0.10 seconds. Local cache hits 0 (0.00s CPU time), remote cache hits 0 (0.00s CPU time), compiled 12 variants (0.55s CPU time), skipped 0 variants.
    Prepared data for serialisation in 0.00s
Serialized binary data for shader Mobile/Diffuse in 0.00s
    gles3 (total internal programs: 51, unique: 17)
Compiling shader "iPhone/Transparent Color Shift Unlit"
  Pass "" (vp)
    Target graphics API: gles3
    Full variant space:         4
    After settings filtering:   4
    After built-in stripping:   3
    After scriptable stripping: 3
    Processed in 0.00 seconds
  Pass "" (vp)
    Target graphics API: gles3
    Full variant space:         4
    After settings filtering:   4
    After built-in stripping:   3
    After scriptable stripping: 3
    Processed in 0.00 seconds
  Pass  (vp, gles3) finished in 0.02 seconds. Local cache hits 0 (0.00s CPU time), remote cache hits 0 (0.00s CPU time), compiled 3 variants (0.06s CPU time), skipped 0 variants.
    Prepared data for serialisation in 0.00s
  Pass  (vp, gles3) finished in 0.03 seconds. Local cache hits 0 (0.00s CPU time), remote cache hits 0 (0.00s CPU time), compiled 3 variants (0.08s CPU time), skipped 0 variants.
    Prepared data for serialisation in 0.00s
Serialized binary data for shader iPhone/Transparent Color Shift Unlit in 0.00s
    gles3 (total internal programs: 6, unique: 2)
Compiling shader "Mobile/Unlit (Supports Lightmap)"
  Pass "" (vp)
    Target graphics API: gles3
    Full variant space:         4
    After settings filtering:   4
    After built-in stripping:   3
    After scriptable stripping: 3
    Processed in 0.00 seconds
  Pass "" (vp)
    Target graphics API: gles3
    Full variant space:         4
    After settings filtering:   4
    After built-in stripping:   3
    After scriptable stripping: 3
    Processed in 0.00 seconds
  Pass "" (vp)
    Target graphics API: gles3
    Full variant space:         4
    After settings filtering:   4
    After built-in stripping:   3
    After scriptable stripping: 3
    Processed in 0.00 seconds
  Pass  (vp, gles3) finished in 0.03 seconds. Local cache hits 0 (0.00s CPU time), remote cache hits 0 (0.00s CPU time), compiled 3 variants (0.07s CPU time), skipped 0 variants.
    Prepared data for serialisation in 0.00s
  Pass  (vp, gles3) finished in 0.03 seconds. Local cache hits 0 (0.00s CPU time), remote cache hits 0 (0.00s CPU time), compiled 3 variants (0.09s CPU time), skipped 0 variants.
    Prepared data for serialisation in 0.00s
  Pass  (vp, gles3) finished in 0.04 seconds. Local cache hits 0 (0.00s CPU time), remote cache hits 0 (0.00s CPU time), compiled 3 variants (0.09s CPU time), skipped 0 variants.
    Prepared data for serialisation in 0.00s
Serialized binary data for shader Mobile/Unlit (Supports Lightmap) in 0.00s
    gles3 (total internal programs: 9, unique: 3)
Compiling shader "Self-Illumin/Diffuse"
  Pass "FORWARD" (vp)
    Target graphics API: gles3
    Full variant space:         664
    After settings filtering:   664
    After built-in stripping:   24
    After scriptable stripping: 24
    Processed in 0.00 seconds
  Pass "FORWARD" (vp)
    Target graphics API: gles3
    Full variant space:         20
    After settings filtering:   20
    After built-in stripping:   15
    After scriptable stripping: 15
    Processed in 0.00 seconds
  Pass "DEFERRED" (vp)
    Target graphics API: gles3
    Full variant space:         76
    After settings filtering:   76
    After built-in stripping:   12
    After scriptable stripping: 12
    Processed in 0.00 seconds
  Pass FORWARD (vp, gles3) finished in 0.14 seconds. Local cache hits 0 (0.00s CPU time), remote cache hits 0 (0.00s CPU time), compiled 24 variants (1.52s CPU time), skipped 0 variants.
    Prepared data for serialisation in 0.00s
  Pass FORWARD (vp, gles3) finished in 0.13 seconds. Local cache hits 0 (0.00s CPU time), remote cache hits 0 (0.00s CPU time), compiled 15 variants (0.88s CPU time), skipped 0 variants.
    Prepared data for serialisation in 0.00s
  Pass DEFERRED (vp, gles3) finished in 0.11 seconds. Local cache hits 0 (0.00s CPU time), remote cache hits 0 (0.00s CPU time), compiled 12 variants (0.70s CPU time), skipped 0 variants.
    Prepared data for serialisation in 0.00s
Serialized binary data for shader Self-Illumin/Diffuse in 0.00s
    gles3 (total internal programs: 51, unique: 17)
Compiling shader "iPhone/Transparent And Color Unlit"
  Pass "" (vp)
    Target graphics API: gles3
    Full variant space:         4
    After settings filtering:   4
    After built-in stripping:   3
    After scriptable stripping: 3
    Processed in 0.00 seconds
  Pass  (vp, gles3) finished in 0.02 seconds. Local cache hits 0 (0.00s CPU time), remote cache hits 0 (0.00s CPU time), compiled 3 variants (0.06s CPU time), skipped 0 variants.
    Prepared data for serialisation in 0.00s
Serialized binary data for shader iPhone/Transparent And Color Unlit in 0.00s
    gles3 (total internal programs: 3, unique: 1)
Compiling shader "Unlit/Transparent"
  Pass "FORWARD" (vp)
    Target graphics API: gles3
    Full variant space:         664
    After settings filtering:   664
    After built-in stripping:   24
    After scriptable stripping: 24
    Processed in 0.00 seconds
  Pass "FORWARD" (vp)
    Target graphics API: gles3
    Full variant space:         20
    After settings filtering:   20
    After built-in stripping:   15
    After scriptable stripping: 15
    Processed in 0.00 seconds
  Pass "DEFERRED" (vp)
    Target graphics API: gles3
    Full variant space:         76
    After settings filtering:   76
    After built-in stripping:   12
    After scriptable stripping: 12
    Processed in 0.00 seconds
  Pass FORWARD (vp, gles3) finished in 0.15 seconds. Local cache hits 0 (0.00s CPU time), remote cache hits 0 (0.00s CPU time), compiled 24 variants (1.41s CPU time), skipped 0 variants.
    Prepared data for serialisation in 0.00s
  Pass FORWARD (vp, gles3) finished in 0.13 seconds. Local cache hits 0 (0.00s CPU time), remote cache hits 0 (0.00s CPU time), compiled 15 variants (0.78s CPU time), skipped 0 variants.
    Prepared data for serialisation in 0.00s
  Pass DEFERRED (vp, gles3) finished in 0.10 seconds. Local cache hits 0 (0.00s CPU time), remote cache hits 0 (0.00s CPU time), compiled 12 variants (0.56s CPU time), skipped 0 variants.
    Prepared data for serialisation in 0.00s
Serialized binary data for shader Unlit/Transparent in 0.00s
    gles3 (total internal programs: 51, unique: 17)
Compiling shader "Mobile/Particles/Alpha Blended"
  Pass "" (vp)
    Target graphics API: gles3
    Full variant space:         4
    After settings filtering:   4
    After built-in stripping:   3
    After scriptable stripping: 3
    Processed in 0.00 seconds
  Pass  (vp, gles3) finished in 0.02 seconds. Local cache hits 0 (0.00s CPU time), remote cache hits 0 (0.00s CPU time), compiled 3 variants (0.06s CPU time), skipped 0 variants.
    Prepared data for serialisation in 0.00s
Serialized binary data for shader Mobile/Particles/Alpha Blended in 0.00s
    gles3 (total internal programs: 3, unique: 1)
Compiling shader "Unlit/Texture"
  Pass "FORWARD" (vp)
    Target graphics API: gles3
    Full variant space:         664
    After settings filtering:   664
    After built-in stripping:   24
    After scriptable stripping: 24
    Processed in 0.00 seconds
  Pass "FORWARD" (vp)
    Target graphics API: gles3
    Full variant space:         20
    After settings filtering:   20
    After built-in stripping:   15
    After scriptable stripping: 15
    Processed in 0.04 seconds
  Pass "DEFERRED" (vp)
    Target graphics API: gles3
    Full variant space:         76
    After settings filtering:   76
    After built-in stripping:   12
    After scriptable stripping: 12
    Processed in 0.00 seconds
  Pass FORWARD (vp, gles3) finished in 0.14 seconds. Local cache hits 0 (0.00s CPU time), remote cache hits 0 (0.00s CPU time), compiled 24 variants (1.47s CPU time), skipped 0 variants.
    Prepared data for serialisation in 0.00s
  Pass FORWARD (vp, gles3) finished in 0.14 seconds. Local cache hits 0 (0.00s CPU time), remote cache hits 0 (0.00s CPU time), compiled 15 variants (0.84s CPU time), skipped 0 variants.
    Prepared data for serialisation in 0.00s
  Pass DEFERRED (vp, gles3) finished in 0.11 seconds. Local cache hits 0 (0.00s CPU time), remote cache hits 0 (0.00s CPU time), compiled 12 variants (0.66s CPU time), skipped 0 variants.
    Prepared data for serialisation in 0.00s
Serialized binary data for shader Unlit/Texture in 0.00s
    gles3 (total internal programs: 51, unique: 17)
Compiling shader "Legacy Shaders/Particles/Alpha Blended Premultiply"
  Pass "" (vp)
    Target graphics API: gles3
    Full variant space:         2
    After settings filtering:   2
    After built-in stripping:   6
    After scriptable stripping: 6
    Processed in 0.00 seconds
  Pass  (vp, gles3) finished in 0.03 seconds. Local cache hits 0 (0.00s CPU time), remote cache hits 0 (0.00s CPU time), compiled 6 variants (0.15s CPU time), skipped 0 variants.
    Prepared data for serialisation in 0.00s
Serialized binary data for shader Legacy Shaders/Particles/Alpha Blended Premultiply in 0.00s
    gles3 (total internal programs: 6, unique: 2)
Compiling shader "Transparent/Diffuse"
  Pass "FORWARD" (vp)
    Target graphics API: gles3
    Full variant space:         664
    After settings filtering:   664
    After built-in stripping:   24
    After scriptable stripping: 24
    Processed in 0.00 seconds
  Pass "FORWARD" (vp)
    Target graphics API: gles3
    Full variant space:         20
    After settings filtering:   20
    After built-in stripping:   15
    After scriptable stripping: 15
    Processed in 0.00 seconds
  Pass "DEFERRED" (vp)
    Target graphics API: gles3
    Full variant space:         76
    After settings filtering:   76
    After built-in stripping:   12
    After scriptable stripping: 12
    Processed in 0.00 seconds
  Pass FORWARD (vp, gles3) finished in 0.15 seconds. Local cache hits 0 (0.00s CPU time), remote cache hits 0 (0.00s CPU time), compiled 24 variants (1.41s CPU time), skipped 0 variants.
    Prepared data for serialisation in 0.00s
  Pass FORWARD (vp, gles3) finished in 0.14 seconds. Local cache hits 0 (0.00s CPU time), remote cache hits 0 (0.00s CPU time), compiled 15 variants (0.88s CPU time), skipped 0 variants.
    Prepared data for serialisation in 0.00s
  Pass DEFERRED (vp, gles3) finished in 0.10 seconds. Local cache hits 0 (0.00s CPU time), remote cache hits 0 (0.00s CPU time), compiled 12 variants (0.55s CPU time), skipped 0 variants.
    Prepared data for serialisation in 0.00s
Serialized binary data for shader Transparent/Diffuse in 0.00s
    gles3 (total internal programs: 51, unique: 17)
Compiling shader "Additive Unlit Double Texture"
  Pass "" (vp)
    Target graphics API: gles3
    Full variant space:         4
    After settings filtering:   4
    After built-in stripping:   3
    After scriptable stripping: 3
    Processed in 0.00 seconds
  Pass  (vp, gles3) finished in 0.02 seconds. Local cache hits 0 (0.00s CPU time), remote cache hits 0 (0.00s CPU time), compiled 3 variants (0.07s CPU time), skipped 0 variants.
    Prepared data for serialisation in 0.00s
Serialized binary data for shader Additive Unlit Double Texture in 0.00s
    gles3 (total internal programs: 3, unique: 1)
Compiling shader "Mobile/Unlit Under The Sea (Supports Lightmap)"
  Pass "FORWARD" (vp)
    Target graphics API: gles3
    Full variant space:         664
    After settings filtering:   664
    After built-in stripping:   24
    After scriptable stripping: 24
    Processed in 0.00 seconds
  Pass "FORWARD" (vp)
    Target graphics API: gles3
    Full variant space:         20
    After settings filtering:   20
    After built-in stripping:   15
    After scriptable stripping: 15
    Processed in 0.00 seconds
  Pass "DEFERRED" (vp)
    Target graphics API: gles3
    Full variant space:         76
    After settings filtering:   76
    After built-in stripping:   12
    After scriptable stripping: 12
    Processed in 0.00 seconds
  Pass FORWARD (vp, gles3) finished in 0.15 seconds. Local cache hits 0 (0.00s CPU time), remote cache hits 0 (0.00s CPU time), compiled 24 variants (1.50s CPU time), skipped 0 variants.
    Prepared data for serialisation in 0.00s
  Pass FORWARD (vp, gles3) finished in 0.16 seconds. Local cache hits 0 (0.00s CPU time), remote cache hits 0 (0.00s CPU time), compiled 15 variants (0.85s CPU time), skipped 0 variants.
    Prepared data for serialisation in 0.00s
  Pass DEFERRED (vp, gles3) finished in 0.10 seconds. Local cache hits 0 (0.00s CPU time), remote cache hits 0 (0.00s CPU time), compiled 12 variants (0.53s CPU time), skipped 0 variants.
    Prepared data for serialisation in 0.00s
Serialized binary data for shader Mobile/Unlit Under The Sea (Supports Lightmap) in 0.00s
    gles3 (total internal programs: 51, unique: 17)
Compiling shader "Mobile/Skybox"
  Pass "" (vp)
    Target graphics API: gles3
    Full variant space:         1
    After settings filtering:   1
    After built-in stripping:   3
    After scriptable stripping: 3
    Processed in 0.00 seconds
  Pass "" (vp)
    Target graphics API: gles3
    Full variant space:         1
    After settings filtering:   1
    After built-in stripping:   3
    After scriptable stripping: 3
    Processed in 0.00 seconds
  Pass "" (vp)
    Target graphics API: gles3
    Full variant space:         1
    After settings filtering:   1
    After built-in stripping:   3
    After scriptable stripping: 3
    Processed in 0.00 seconds
  Pass "" (vp)
    Target graphics API: gles3
    Full variant space:         1
    After settings filtering:   1
    After built-in stripping:   3
    After scriptable stripping: 3
    Processed in 0.00 seconds
  Pass "" (vp)
    Target graphics API: gles3
    Full variant space:         1
    After settings filtering:   1
    After built-in stripping:   3
    After scriptable stripping: 3
    Processed in 0.00 seconds
  Pass "" (vp)
    Target graphics API: gles3
    Full variant space:         1
    After settings filtering:   1
    After built-in stripping:   3
    After scriptable stripping: 3
    Processed in 0.00 seconds
  Pass  (vp, gles3) finished in 0.05 seconds. Local cache hits 0 (0.00s CPU time), remote cache hits 0 (0.00s CPU time), compiled 3 variants (0.12s CPU time), skipped 0 variants.
    Prepared data for serialisation in 0.00s
  Pass  (vp, gles3) finished in 0.05 seconds. Local cache hits 0 (0.00s CPU time), remote cache hits 0 (0.00s CPU time), compiled 3 variants (0.09s CPU time), skipped 0 variants.
    Prepared data for serialisation in 0.00s
  Pass  (vp, gles3) finished in 0.05 seconds. Local cache hits 0 (0.00s CPU time), remote cache hits 0 (0.00s CPU time), compiled 3 variants (0.11s CPU time), skipped 0 variants.
    Prepared data for serialisation in 0.00s
  Pass  (vp, gles3) finished in 0.05 seconds. Local cache hits 0 (0.00s CPU time), remote cache hits 0 (0.00s CPU time), compiled 3 variants (0.10s CPU time), skipped 0 variants.
    Prepared data for serialisation in 0.00s
  Pass  (vp, gles3) finished in 0.04 seconds. Local cache hits 0 (0.00s CPU time), remote cache hits 0 (0.00s CPU time), compiled 3 variants (0.09s CPU time), skipped 0 variants.
    Prepared data for serialisation in 0.00s
  Pass  (vp, gles3) finished in 0.03 seconds. Local cache hits 0 (0.00s CPU time), remote cache hits 0 (0.00s CPU time), compiled 3 variants (0.08s CPU time), skipped 0 variants.
    Prepared data for serialisation in 0.00s
Serialized binary data for shader Mobile/Skybox in 0.00s
    gles3 (total internal programs: 18, unique: 6)
Compiling shader "Legacy Shaders/VertexLit"
  Pass "" (vp)
    Target graphics API: gles3
    Full variant space:         12
    After settings filtering:   12
    After built-in stripping:   9
    After scriptable stripping: 9
    Processed in 0.00 seconds
  Pass "" (vp)
    Target graphics API: gles3
    Full variant space:         4
    After settings filtering:   4
    After built-in stripping:   3
    After scriptable stripping: 3
    Processed in 0.00 seconds
  Pass "ShadowCaster" (vp)
    Target graphics API: gles3
    Full variant space:         4
    After settings filtering:   4
    After built-in stripping:   6
    After scriptable stripping: 6
    Processed in 0.00 seconds
  Pass  (vp, gles3) finished in 0.13 seconds. Local cache hits 0 (0.00s CPU time), remote cache hits 0 (0.00s CPU time), compiled 9 variants (0.83s CPU time), skipped 0 variants.
    Prepared data for serialisation in 0.00s
  Pass  (vp, gles3) finished in 0.12 seconds. Local cache hits 0 (0.00s CPU time), remote cache hits 0 (0.00s CPU time), compiled 3 variants (0.12s CPU time), skipped 0 variants.
    Prepared data for serialisation in 0.00s
  Pass ShadowCaster (vp, gles3) finished in 0.12 seconds. Local cache hits 0 (0.00s CPU time), remote cache hits 0 (0.00s CPU time), compiled 6 variants (0.18s CPU time), skipped 0 variants.
    Prepared data for serialisation in 0.00s
Serialized binary data for shader Legacy Shaders/VertexLit in 0.00s
    gles3 (total internal programs: 18, unique: 6)
Compiling shader "Legacy Shaders/Diffuse"
  Pass "FORWARD" (vp)
    Target graphics API: gles3
    Full variant space:         664
    After settings filtering:   664
    After built-in stripping:   24
    After scriptable stripping: 24
    Processed in 0.00 seconds
  Pass "FORWARD" (vp)
    Target graphics API: gles3
    Full variant space:         20
    After settings filtering:   20
    After built-in stripping:   15
    After scriptable stripping: 15
    Processed in 0.01 seconds
  Pass "DEFERRED" (vp)
    Target graphics API: gles3
    Full variant space:         76
    After settings filtering:   76
    After built-in stripping:   12
    After scriptable stripping: 12
    Processed in 0.00 seconds
  Pass FORWARD (vp, gles3) finished in 0.20 seconds. Local cache hits 0 (0.00s CPU time), remote cache hits 0 (0.00s CPU time), compiled 24 variants (1.64s CPU time), skipped 0 variants.
    Prepared data for serialisation in 0.00s
  Pass FORWARD (vp, gles3) finished in 0.18 seconds. Local cache hits 0 (0.00s CPU time), remote cache hits 0 (0.00s CPU time), compiled 15 variants (0.89s CPU time), skipped 0 variants.
    Prepared data for serialisation in 0.00s
  Pass DEFERRED (vp, gles3) finished in 0.11 seconds. Local cache hits 0 (0.00s CPU time), remote cache hits 0 (0.00s CPU time), compiled 12 variants (0.62s CPU time), skipped 0 variants.
    Prepared data for serialisation in 0.00s
Serialized binary data for shader Legacy Shaders/Diffuse in 0.00s
    gles3 (total internal programs: 51, unique: 17)
Compiling shader "Hidden/Internal-StencilWrite"
  Pass "" (vp)
    Target graphics API: gles3
    Full variant space:         1
    After settings filtering:   1
    After built-in stripping:   3
    After scriptable stripping: 3
    Processed in 0.00 seconds
  Pass  (vp, gles3) finished in 0.02 seconds. Local cache hits 0 (0.00s CPU time), remote cache hits 0 (0.00s CPU time), compiled 3 variants (0.05s CPU time), skipped 0 variants.
    Prepared data for serialisation in 0.00s
Serialized binary data for shader Hidden/Internal-StencilWrite in 0.00s
    gles3 (total internal programs: 3, unique: 1)
Compiling shader "Hidden/Internal-DepthNormalsTexture"
  Pass "" (vp)
    Target graphics API: gles3
    Full variant space:         1
    After settings filtering:   1
    After built-in stripping:   3
    After scriptable stripping: 3
    Processed in 0.00 seconds
  Pass "" (vp)
    Target graphics API: gles3
    Full variant space:         1
    After settings filtering:   1
    After built-in stripping:   3
    After scriptable stripping: 3
    Processed in 0.00 seconds
  Pass "" (vp)
    Target graphics API: gles3
    Full variant space:         1
    After settings filtering:   1
    After built-in stripping:   3
    After scriptable stripping: 3
    Processed in 0.00 seconds
  Pass "" (vp)
    Target graphics API: gles3
    Full variant space:         1
    After settings filtering:   1
    After built-in stripping:   3
    After scriptable stripping: 3
    Processed in 0.00 seconds
  Pass "" (vp)
    Target graphics API: gles3
    Full variant space:         1
    After settings filtering:   1
    After built-in stripping:   3
    After scriptable stripping: 3
    Processed in 0.00 seconds
  Pass "" (vp)
    Target graphics API: gles3
    Full variant space:         1
    After settings filtering:   1
    After built-in stripping:   3
    After scriptable stripping: 3
    Processed in 0.00 seconds
  Pass "" (vp)
    Target graphics API: gles3
    Full variant space:         1
    After settings filtering:   1
    After built-in stripping:   3
    After scriptable stripping: 3
    Processed in 0.00 seconds
  Pass "" (vp)
    Target graphics API: gles3
    Full variant space:         1
    After settings filtering:   1
    After built-in stripping:   3
    After scriptable stripping: 3
    Processed in 0.00 seconds
  Pass "" (vp)
    Target graphics API: gles3
    Full variant space:         1
    After settings filtering:   1
    After built-in stripping:   3
    After scriptable stripping: 3
    Processed in 0.00 seconds
  Pass "" (vp)
    Target graphics API: gles3
    Full variant space:         1
    After settings filtering:   1
    After built-in stripping:   3
    After scriptable stripping: 3
    Processed in 0.00 seconds
  Pass  (vp, gles3) finished in 0.05 seconds. Local cache hits 0 (0.00s CPU time), remote cache hits 0 (0.00s CPU time), compiled 3 variants (0.11s CPU time), skipped 0 variants.
    Prepared data for serialisation in 0.00s
  Pass  (vp, gles3) finished in 0.05 seconds. Local cache hits 0 (0.00s CPU time), remote cache hits 0 (0.00s CPU time), compiled 3 variants (0.11s CPU time), skipped 0 variants.
    Prepared data for serialisation in 0.00s
  Pass  (vp, gles3) finished in 0.08 seconds. Local cache hits 0 (0.00s CPU time), remote cache hits 0 (0.00s CPU time), compiled 3 variants (0.19s CPU time), skipped 0 variants.
    Prepared data for serialisation in 0.00s
  Pass  (vp, gles3) finished in 0.11 seconds. Local cache hits 0 (0.00s CPU time), remote cache hits 0 (0.00s CPU time), compiled 3 variants (0.25s CPU time), skipped 0 variants.
    Prepared data for serialisation in 0.00s
  Pass  (vp, gles3) finished in 0.08 seconds. Local cache hits 0 (0.00s CPU time), remote cache hits 0 (0.00s CPU time), compiled 3 variants (0.14s CPU time), skipped 0 variants.
    Prepared data for serialisation in 0.00s
  Pass  (vp, gles3) finished in 0.07 seconds. Local cache hits 0 (0.00s CPU time), remote cache hits 0 (0.00s CPU time), compiled 3 variants (0.15s CPU time), skipped 0 variants.
    Prepared data for serialisation in 0.00s
  Pass  (vp, gles3) finished in 0.08 seconds. Local cache hits 0 (0.00s CPU time), remote cache hits 0 (0.00s CPU time), compiled 3 variants (0.16s CPU time), skipped 0 variants.
    Prepared data for serialisation in 0.00s
  Pass  (vp, gles3) finished in 0.06 seconds. Local cache hits 0 (0.00s CPU time), remote cache hits 0 (0.00s CPU time), compiled 3 variants (0.15s CPU time), skipped 0 variants.
    Prepared data for serialisation in 0.00s
  Pass  (vp, gles3) finished in 0.08 seconds. Local cache hits 0 (0.00s CPU time), remote cache hits 0 (0.00s CPU time), compiled 3 variants (0.19s CPU time), skipped 0 variants.
    Prepared data for serialisation in 0.00s
  Pass  (vp, gles3) finished in 0.08 seconds. Local cache hits 0 (0.00s CPU time), remote cache hits 0 (0.00s CPU time), compiled 3 variants (0.18s CPU time), skipped 0 variants.
    Prepared data for serialisation in 0.00s
Serialized binary data for shader Hidden/Internal-DepthNormalsTexture in 0.00s
    gles3 (total internal programs: 30, unique: 10)
Compiling shader "Hidden/Internal-ScreenSpaceShadows"
  Pass "" (vp)
    Target graphics API: gles3
    Full variant space:         4
    After settings filtering:   4
    After built-in stripping:   12
    After scriptable stripping: 12
    Processed in 0.00 seconds
  Pass "" (vp)
    Target graphics API: gles3
    Full variant space:         4
    After settings filtering:   4
    After built-in stripping:   12
    After scriptable stripping: 12
    Processed in 0.00 seconds
  Pass "" (vp)
    Target graphics API: gles3
    Full variant space:         4
    After settings filtering:   4
    After built-in stripping:   12
    After scriptable stripping: 12
    Processed in 0.00 seconds
  Pass "" (vp)
    Target graphics API: gles3
    Full variant space:         4
    After settings filtering:   4
    After built-in stripping:   12
    After scriptable stripping: 12
    Processed in 0.00 seconds
  Pass  (vp, gles3) finished in 0.15 seconds. Local cache hits 0 (0.00s CPU time), remote cache hits 0 (0.00s CPU time), compiled 12 variants (0.79s CPU time), skipped 0 variants.
    Prepared data for serialisation in 0.00s
  Pass  (vp, gles3) finished in 0.15 seconds. Local cache hits 0 (0.00s CPU time), remote cache hits 0 (0.00s CPU time), compiled 12 variants (0.82s CPU time), skipped 0 variants.
    Prepared data for serialisation in 0.00s
  Pass  (vp, gles3) finished in 0.20 seconds. Local cache hits 0 (0.00s CPU time), remote cache hits 0 (0.00s CPU time), compiled 12 variants (1.09s CPU time), skipped 0 variants.
    Prepared data for serialisation in 0.00s
  Pass  (vp, gles3) finished in 0.14 seconds. Local cache hits 0 (0.00s CPU time), remote cache hits 0 (0.00s CPU time), compiled 12 variants (0.91s CPU time), skipped 0 variants.
    Prepared data for serialisation in 0.00s
Serialized binary data for shader Hidden/Internal-ScreenSpaceShadows in 0.00s
    gles3 (total internal programs: 48, unique: 16)
Compiling shader "Hidden/Internal-CombineDepthNormals"
  Pass "" (vp)
    Target graphics API: gles3
    Full variant space:         1
    After settings filtering:   1
    After built-in stripping:   3
    After scriptable stripping: 3
    Processed in 0.00 seconds
  Pass  (vp, gles3) finished in 0.03 seconds. Local cache hits 0 (0.00s CPU time), remote cache hits 0 (0.00s CPU time), compiled 3 variants (0.07s CPU time), skipped 0 variants.
    Prepared data for serialisation in 0.00s
Serialized binary data for shader Hidden/Internal-CombineDepthNormals in 0.00s
    gles3 (total internal programs: 3, unique: 1)
Compiling shader "Hidden/BlitCopy"
  Pass "" (vp)
    Target graphics API: gles3
    Full variant space:         1
    After settings filtering:   1
    After built-in stripping:   3
    After scriptable stripping: 3
    Processed in 0.00 seconds
  Pass  (vp, gles3) finished in 0.02 seconds. Local cache hits 0 (0.00s CPU time), remote cache hits 0 (0.00s CPU time), compiled 3 variants (0.07s CPU time), skipped 0 variants.
    Prepared data for serialisation in 0.00s
Serialized binary data for shader Hidden/BlitCopy in 0.00s
    gles3 (total internal programs: 3, unique: 1)
Compiling shader "Hidden/BlitCopyDepth"
  Pass "" (vp)
    Target graphics API: gles3
    Full variant space:         1
    After settings filtering:   1
    After built-in stripping:   3
    After scriptable stripping: 3
    Processed in 0.00 seconds
  Pass  (vp, gles3) finished in 0.02 seconds. Local cache hits 0 (0.00s CPU time), remote cache hits 0 (0.00s CPU time), compiled 3 variants (0.06s CPU time), skipped 0 variants.
    Prepared data for serialisation in 0.00s
Serialized binary data for shader Hidden/BlitCopyDepth in 0.00s
    gles3 (total internal programs: 3, unique: 1)
Compiling shader "Hidden/ConvertTexture"
  Pass "" (vp)
    Target graphics API: gles3
    Full variant space:         1
    After settings filtering:   1
    After built-in stripping:   3
    After scriptable stripping: 3
    Processed in 0.00 seconds
  Pass  (vp, gles3) finished in 0.03 seconds. Local cache hits 0 (0.00s CPU time), remote cache hits 0 (0.00s CPU time), compiled 3 variants (0.07s CPU time), skipped 0 variants.
    Prepared data for serialisation in 0.00s
Serialized binary data for shader Hidden/ConvertTexture in 0.00s
    gles3 (total internal programs: 3, unique: 1)
Compiling shader "Hidden/Internal-DeferredShading"
  Pass "" (vp)
    Target graphics API: gles3
    Full variant space:         94
    After settings filtering:   94
    After built-in stripping:   78
    After scriptable stripping: 78
    Processed in 0.00 seconds
  Pass "" (vp)
    Target graphics API: gles3
    Full variant space:         1
    After settings filtering:   1
    After built-in stripping:   3
    After scriptable stripping: 3
    Processed in 0.00 seconds
  Pass  (vp, gles3) finished in 0.48 seconds. Local cache hits 0 (0.00s CPU time), remote cache hits 0 (0.00s CPU time), compiled 78 variants (6.27s CPU time), skipped 0 variants.
    Prepared data for serialisation in 0.00s
  Pass  (vp, gles3) finished in 0.07 seconds. Local cache hits 0 (0.00s CPU time), remote cache hits 0 (0.00s CPU time), compiled 3 variants (0.10s CPU time), skipped 0 variants.
    Prepared data for serialisation in 0.00s
Serialized binary data for shader Hidden/Internal-DeferredShading in 0.00s
    gles3 (total internal programs: 81, unique: 53)
Compiling shader "Hidden/Internal-DeferredReflections"
  Pass "" (vp)
    Target graphics API: gles3
    Full variant space:         1
    After settings filtering:   1
    After built-in stripping:   3
    After scriptable stripping: 3
    Processed in 0.00 seconds
  Pass "" (vp)
    Target graphics API: gles3
    Full variant space:         2
    After settings filtering:   2
    After built-in stripping:   6
    After scriptable stripping: 6
    Processed in 0.00 seconds
  Pass  (vp, gles3) finished in 0.05 seconds. Local cache hits 0 (0.00s CPU time), remote cache hits 0 (0.00s CPU time), compiled 3 variants (0.15s CPU time), skipped 0 variants.
    Prepared data for serialisation in 0.00s
  Pass  (vp, gles3) finished in 0.05 seconds. Local cache hits 0 (0.00s CPU time), remote cache hits 0 (0.00s CPU time), compiled 6 variants (0.16s CPU time), skipped 0 variants.
    Prepared data for serialisation in 0.00s
Serialized binary data for shader Hidden/Internal-DeferredReflections in 0.00s
    gles3 (total internal programs: 9, unique: 4)
Compiling shader "Hidden/Internal-MotionVectors"
  Pass "" (vp)
    Target graphics API: gles3
    Full variant space:         1
    After settings filtering:   1
    After built-in stripping:   3
    After scriptable stripping: 3
    Processed in 0.00 seconds
  Pass "" (vp)
    Target graphics API: gles3
    Full variant space:         1
    After settings filtering:   1
    After built-in stripping:   3
    After scriptable stripping: 3
    Processed in 0.00 seconds
  Pass "" (vp)
    Target graphics API: gles3
    Full variant space:         1
    After settings filtering:   1
    After built-in stripping:   3
    After scriptable stripping: 3
    Processed in 0.00 seconds
  Pass  (vp, gles3) finished in 0.04 seconds. Local cache hits 0 (0.00s CPU time), remote cache hits 0 (0.00s CPU time), compiled 3 variants (0.12s CPU time), skipped 0 variants.
    Prepared data for serialisation in 0.00s
  Pass  (vp, gles3) finished in 0.04 seconds. Local cache hits 0 (0.00s CPU time), remote cache hits 0 (0.00s CPU time), compiled 3 variants (0.10s CPU time), skipped 0 variants.
    Prepared data for serialisation in 0.00s
  Pass  (vp, gles3) finished in 0.04 seconds. Local cache hits 0 (0.00s CPU time), remote cache hits 0 (0.00s CPU time), compiled 3 variants (0.11s CPU time), skipped 0 variants.
    Prepared data for serialisation in 0.00s
Serialized binary data for shader Hidden/Internal-MotionVectors in 0.00s
    gles3 (total internal programs: 9, unique: 3)
Compiling shader "Hidden/Internal-Flare"
  Pass "" (vp)
    Target graphics API: gles3
    Full variant space:         1
    After settings filtering:   1
    After built-in stripping:   3
    After scriptable stripping: 3
    Processed in 0.00 seconds
  Pass  (vp, gles3) finished in 0.02 seconds. Local cache hits 0 (0.00s CPU time), remote cache hits 0 (0.00s CPU time), compiled 3 variants (0.06s CPU time), skipped 0 variants.
    Prepared data for serialisation in 0.00s
Serialized binary data for shader Hidden/Internal-Flare in 0.00s
    gles3 (total internal programs: 3, unique: 1)
Compiling shader "Hidden/Internal-Halo"
  Pass "" (vp)
    Target graphics API: gles3
    Full variant space:         4
    After settings filtering:   4
    After built-in stripping:   3
    After scriptable stripping: 3
    Processed in 0.00 seconds
  Pass  (vp, gles3) finished in 0.02 seconds. Local cache hits 0 (0.00s CPU time), remote cache hits 0 (0.00s CPU time), compiled 3 variants (0.06s CPU time), skipped 0 variants.
    Prepared data for serialisation in 0.00s
Serialized binary data for shader Hidden/Internal-Halo in 0.00s
    gles3 (total internal programs: 3, unique: 1)
Compiling shader "Hidden/BlitCopyWithDepth"
  Pass "" (vp)
    Target graphics API: gles3
    Full variant space:         1
    After settings filtering:   1
    After built-in stripping:   3
    After scriptable stripping: 3
    Processed in 0.00 seconds
  Pass  (vp, gles3) finished in 0.02 seconds. Local cache hits 0 (0.00s CPU time), remote cache hits 0 (0.00s CPU time), compiled 3 variants (0.06s CPU time), skipped 0 variants.
    Prepared data for serialisation in 0.00s
Serialized binary data for shader Hidden/BlitCopyWithDepth in 0.00s
    gles3 (total internal programs: 3, unique: 1)
Compiling shader "Hidden/BlitToDepth"
  Pass "" (vp)
    Target graphics API: gles3
    Full variant space:         1
    After settings filtering:   1
    After built-in stripping:   3
    After scriptable stripping: 3
    Processed in 0.00 seconds
  Pass  (vp, gles3) finished in 0.02 seconds. Local cache hits 0 (0.00s CPU time), remote cache hits 0 (0.00s CPU time), compiled 3 variants (0.05s CPU time), skipped 0 variants.
    Prepared data for serialisation in 0.00s
Serialized binary data for shader Hidden/BlitToDepth in 0.00s
    gles3 (total internal programs: 3, unique: 1)
Compiling shader "Hidden/BlitToDepth_MSAA"
  Pass "" (vp)
    Target graphics API: gles3
    Full variant space:         1
    After settings filtering:   1
    After built-in stripping:   3
    After scriptable stripping: 3
    Processed in 0.00 seconds
  Pass  (vp, gles3) finished in 0.02 seconds. Local cache hits 0 (0.00s CPU time), remote cache hits 0 (0.00s CPU time), compiled 3 variants (0.05s CPU time), skipped 0 variants.
    Prepared data for serialisation in 0.00s
Serialized binary data for shader Hidden/BlitToDepth_MSAA in 0.00s
    gles3 (total internal programs: 3, unique: 1)
Compiling shader "Hidden/BlitCopyHDRTonemap"
  Pass "" (vp)
    Target graphics API: gles3
    Full variant space:         1
    After settings filtering:   1
    After built-in stripping:   3
    After scriptable stripping: 3
    Processed in 0.00 seconds
  Pass  (vp, gles3) finished in 0.03 seconds. Local cache hits 0 (0.00s CPU time), remote cache hits 0 (0.00s CPU time), compiled 3 variants (0.09s CPU time), skipped 0 variants.
    Prepared data for serialisation in 0.00s
Serialized binary data for shader Hidden/BlitCopyHDRTonemap in 0.00s
    gles3 (total internal programs: 3, unique: 1)
Compiling shader "Hidden/Internal-DebugPattern"
  Pass "Target Color and DepthStencil" (vp)
    Target graphics API: gles3
    Full variant space:         1
    After settings filtering:   1
    After built-in stripping:   3
    After scriptable stripping: 3
    Processed in 0.00 seconds
  Pass "Target only Color" (vp)
    Target graphics API: gles3
    Full variant space:         1
    After settings filtering:   1
    After built-in stripping:   3
    After scriptable stripping: 3
    Processed in 0.00 seconds
  Pass "Target only DepthStencil" (vp)
    Target graphics API: gles3
    Full variant space:         1
    After settings filtering:   1
    After built-in stripping:   3
    After scriptable stripping: 3
    Processed in 0.00 seconds
  Pass Target Color and DepthStencil (vp, gles3) finished in 0.03 seconds. Local cache hits 0 (0.00s CPU time), remote cache hits 0 (0.00s CPU time), compiled 3 variants (0.08s CPU time), skipped 0 variants.
    Prepared data for serialisation in 0.00s
  Pass Target only Color (vp, gles3) finished in 0.03 seconds. Local cache hits 0 (0.00s CPU time), remote cache hits 0 (0.00s CPU time), compiled 3 variants (0.08s CPU time), skipped 0 variants.
    Prepared data for serialisation in 0.00s
  Pass Target only DepthStencil (vp, gles3) finished in 0.03 seconds. Local cache hits 0 (0.00s CPU time), remote cache hits 0 (0.00s CPU time), compiled 3 variants (0.09s CPU time), skipped 0 variants.
    Prepared data for serialisation in 0.00s
Serialized binary data for shader Hidden/Internal-DebugPattern in 0.00s
    gles3 (total internal programs: 9, unique: 3)
Compiling shader "Hidden/Internal-GUITextureClip"
  Pass "" (vp)
    Target graphics API: gles3
    Full variant space:         1
    After settings filtering:   1
    After built-in stripping:   3
    After scriptable stripping: 3
    Processed in 0.00 seconds
  Pass "" (vp)
    Target graphics API: gles3
    Full variant space:         1
    After settings filtering:   1
    After built-in stripping:   3
    After scriptable stripping: 3
    Processed in 0.00 seconds
  Pass  (vp, gles3) finished in 0.04 seconds. Local cache hits 0 (0.00s CPU time), remote cache hits 0 (0.00s CPU time), compiled 3 variants (0.10s CPU time), skipped 0 variants.
    Prepared data for serialisation in 0.00s
  Pass  (vp, gles3) finished in 0.04 seconds. Local cache hits 0 (0.00s CPU time), remote cache hits 0 (0.00s CPU time), compiled 3 variants (0.08s CPU time), skipped 0 variants.
    Prepared data for serialisation in 0.00s
Serialized binary data for shader Hidden/Internal-GUITextureClip in 0.00s
    gles3 (total internal programs: 6, unique: 1)
Compiling shader "Hidden/Internal-GUITextureClipText"
  Pass "" (vp)
    Target graphics API: gles3
    Full variant space:         1
    After settings filtering:   1
    After built-in stripping:   3
    After scriptable stripping: 3
    Processed in 0.00 seconds
  Pass "" (vp)
    Target graphics API: gles3
    Full variant space:         1
    After settings filtering:   1
    After built-in stripping:   3
    After scriptable stripping: 3
    Processed in 0.00 seconds
  Pass  (vp, gles3) finished in 0.03 seconds. Local cache hits 0 (0.00s CPU time), remote cache hits 0 (0.00s CPU time), compiled 3 variants (0.08s CPU time), skipped 0 variants.
    Prepared data for serialisation in 0.00s
  Pass  (vp, gles3) finished in 0.03 seconds. Local cache hits 0 (0.00s CPU time), remote cache hits 0 (0.00s CPU time), compiled 3 variants (0.08s CPU time), skipped 0 variants.
    Prepared data for serialisation in 0.00s
Serialized binary data for shader Hidden/Internal-GUITextureClipText in 0.00s
    gles3 (total internal programs: 6, unique: 1)
Compiling shader "Hidden/Internal-GUITexture"
  Pass "" (vp)
    Target graphics API: gles3
    Full variant space:         1
    After settings filtering:   1
    After built-in stripping:   3
    After scriptable stripping: 3
    Processed in 0.00 seconds
  Pass "" (vp)
    Target graphics API: gles3
    Full variant space:         1
    After settings filtering:   1
    After built-in stripping:   3
    After scriptable stripping: 3
    Processed in 0.00 seconds
  Pass  (vp, gles3) finished in 0.02 seconds. Local cache hits 0 (0.00s CPU time), remote cache hits 0 (0.00s CPU time), compiled 3 variants (0.06s CPU time), skipped 0 variants.
    Prepared data for serialisation in 0.00s
  Pass  (vp, gles3) finished in 0.03 seconds. Local cache hits 0 (0.00s CPU time), remote cache hits 0 (0.00s CPU time), compiled 3 variants (0.08s CPU time), skipped 0 variants.
    Prepared data for serialisation in 0.00s
Serialized binary data for shader Hidden/Internal-GUITexture in 0.00s
    gles3 (total internal programs: 6, unique: 1)
Compiling shader "Hidden/Internal-GUITextureBlit"
  Pass "" (vp)
    Target graphics API: gles3
    Full variant space:         1
    After settings filtering:   1
    After built-in stripping:   3
    After scriptable stripping: 3
    Processed in 0.00 seconds
  Pass "" (vp)
    Target graphics API: gles3
    Full variant space:         1
    After settings filtering:   1
    After built-in stripping:   3
    After scriptable stripping: 3
    Processed in 0.00 seconds
  Pass  (vp, gles3) finished in 0.03 seconds. Local cache hits 0 (0.00s CPU time), remote cache hits 0 (0.00s CPU time), compiled 3 variants (0.09s CPU time), skipped 0 variants.
    Prepared data for serialisation in 0.00s
  Pass  (vp, gles3) finished in 0.03 seconds. Local cache hits 0 (0.00s CPU time), remote cache hits 0 (0.00s CPU time), compiled 3 variants (0.09s CPU time), skipped 0 variants.
    Prepared data for serialisation in 0.00s
Serialized binary data for shader Hidden/Internal-GUITextureBlit in 0.00s
    gles3 (total internal programs: 6, unique: 1)
Compiling shader "Hidden/Internal-GUIRoundedRect"
  Pass "" (vp)
    Target graphics API: gles3
    Full variant space:         1
    After settings filtering:   1
    After built-in stripping:   3
    After scriptable stripping: 3
    Processed in 0.00 seconds
  Pass "" (vp)
    Target graphics API: gles3
    Full variant space:         1
    After settings filtering:   1
    After built-in stripping:   3
    After scriptable stripping: 3
    Processed in 0.00 seconds
  Pass  (vp, gles3) finished in 0.05 seconds. Local cache hits 0 (0.00s CPU time), remote cache hits 0 (0.00s CPU time), compiled 3 variants (0.13s CPU time), skipped 0 variants.
    Prepared data for serialisation in 0.00s
  Pass  (vp, gles3) finished in 0.05 seconds. Local cache hits 0 (0.00s CPU time), remote cache hits 0 (0.00s CPU time), compiled 3 variants (0.12s CPU time), skipped 0 variants.
    Prepared data for serialisation in 0.00s
Serialized binary data for shader Hidden/Internal-GUIRoundedRect in 0.00s
    gles3 (total internal programs: 6, unique: 1)
Compiling shader "Hidden/Internal-GUIRoundedRectWithColorPerBorder"
  Pass "" (vp)
    Target graphics API: gles3
    Full variant space:         1
    After settings filtering:   1
    After built-in stripping:   3
    After scriptable stripping: 3
    Processed in 0.00 seconds
  Pass "" (vp)
    Target graphics API: gles3
    Full variant space:         1
    After settings filtering:   1
    After built-in stripping:   3
    After scriptable stripping: 3
    Processed in 0.00 seconds
  Pass  (vp, gles3) finished in 0.06 seconds. Local cache hits 0 (0.00s CPU time), remote cache hits 0 (0.00s CPU time), compiled 3 variants (0.15s CPU time), skipped 0 variants.
    Prepared data for serialisation in 0.00s
  Pass  (vp, gles3) finished in 0.06 seconds. Local cache hits 0 (0.00s CPU time), remote cache hits 0 (0.00s CPU time), compiled 3 variants (0.15s CPU time), skipped 0 variants.
    Prepared data for serialisation in 0.00s
Serialized binary data for shader Hidden/Internal-GUIRoundedRectWithColorPerBorder in 0.00s
    gles3 (total internal programs: 6, unique: 1)
Compiling shader "Hidden/Internal-UIRDefault"
  Pass "" (vp)
    Target graphics API: gles3
    Full variant space:         40
    After settings filtering:   40
    After built-in stripping:   120
    After scriptable stripping: 120
    Processed in 0.01 seconds
  Pass  (vp, gles3) finished in 1.19 seconds. Local cache hits 0 (0.00s CPU time), remote cache hits 0 (0.00s CPU time), compiled 120 variants (15.85s CPU time), skipped 0 variants.
    Prepared data for serialisation in 0.00s
Serialized binary data for shader Hidden/Internal-UIRDefault in 0.00s
    gles3 (total internal programs: 120, unique: 40)
Compiling shader "Hidden/Internal-UIRAtlasBlitCopy"
  Pass "" (vp)
    Target graphics API: gles3
    Full variant space:         1
    After settings filtering:   1
    After built-in stripping:   3
    After scriptable stripping: 3
    Processed in 0.00 seconds
  Pass  (vp, gles3) finished in 0.02 seconds. Local cache hits 0 (0.00s CPU time), remote cache hits 0 (0.00s CPU time), compiled 3 variants (0.07s CPU time), skipped 0 variants.
    Prepared data for serialisation in 0.00s
Serialized binary data for shader Hidden/Internal-UIRAtlasBlitCopy in 0.00s
    gles3 (total internal programs: 3, unique: 1)
Compiling shader "Sprites/Default"
  Pass "" (vp)
    Target graphics API: gles3
    Full variant space:         8
    After settings filtering:   8
    After built-in stripping:   12
    After scriptable stripping: 12
    Processed in 0.00 seconds
  Pass  (vp, gles3) finished in 0.04 seconds. Local cache hits 0 (0.00s CPU time), remote cache hits 0 (0.00s CPU time), compiled 12 variants (0.42s CPU time), skipped 0 variants.
    Prepared data for serialisation in 0.00s
Serialized binary data for shader Sprites/Default in 0.00s
    gles3 (total internal programs: 12, unique: 4)
Compiling shader "Sprites/Mask"
  Pass "" (vp)
    Target graphics API: gles3
    Full variant space:         4
    After settings filtering:   4
    After built-in stripping:   12
    After scriptable stripping: 12
    Processed in 0.00 seconds
  Pass  (vp, gles3) finished in 0.04 seconds. Local cache hits 0 (0.00s CPU time), remote cache hits 0 (0.00s CPU time), compiled 12 variants (0.41s CPU time), skipped 0 variants.
    Prepared data for serialisation in 0.00s
Serialized binary data for shader Sprites/Mask in 0.00s
    gles3 (total internal programs: 12, unique: 4)
Compiling shader "UI/Default"
  Pass "Default" (vp)
    Target graphics API: gles3
    Full variant space:         4
    After settings filtering:   4
    After built-in stripping:   12
    After scriptable stripping: 12
    Processed in 0.00 seconds
  Pass "XRMotionVectors" (vp)
    Target graphics API: gles3
    Full variant space:         4
    After settings filtering:   4
    After built-in stripping:   12
    After scriptable stripping: 12
    Processed in 0.00 seconds
  Pass Default (vp, gles3) finished in 0.05 seconds. Local cache hits 0 (0.00s CPU time), remote cache hits 0 (0.00s CPU time), compiled 12 variants (0.53s CPU time), skipped 0 variants.
    Prepared data for serialisation in 0.00s
  Pass XRMotionVectors (vp, gles3) finished in 0.11 seconds. Local cache hits 0 (0.00s CPU time), remote cache hits 0 (0.00s CPU time), compiled 12 variants (0.71s CPU time), skipped 0 variants.
    Prepared data for serialisation in 0.00s
Serialized binary data for shader UI/Default in 0.00s
    gles3 (total internal programs: 24, unique: 8)
Compiling shader "UI/DefaultETC1"
  Pass "Default" (vp)
    Target graphics API: gles3
    Full variant space:         4
    After settings filtering:   4
    After built-in stripping:   12
    After scriptable stripping: 12
    Processed in 0.00 seconds
  Pass "XRMotionVectors" (vp)
    Target graphics API: gles3
    Full variant space:         4
    After settings filtering:   4
    After built-in stripping:   12
    After scriptable stripping: 12
    Processed in 0.00 seconds
  Pass Default (vp, gles3) finished in 0.07 seconds. Local cache hits 0 (0.00s CPU time), remote cache hits 0 (0.00s CPU time), compiled 12 variants (0.56s CPU time), skipped 0 variants.
    Prepared data for serialisation in 0.00s
  Pass XRMotionVectors (vp, gles3) finished in 0.11 seconds. Local cache hits 0 (0.00s CPU time), remote cache hits 0 (0.00s CPU time), compiled 12 variants (0.63s CPU time), skipped 0 variants.
    Prepared data for serialisation in 0.00s
Serialized binary data for shader UI/DefaultETC1 in 0.00s
    gles3 (total internal programs: 24, unique: 8)
Compiling shader "Hidden/CubeBlur"
  Pass "" (vp)
    Target graphics API: gles3
    Full variant space:         1
    After settings filtering:   1
    After built-in stripping:   3
    After scriptable stripping: 3
    Processed in 0.00 seconds
  Pass "" (vp)
    Target graphics API: gles3
    Full variant space:         1
    After settings filtering:   1
    After built-in stripping:   3
    After scriptable stripping: 3
    Processed in 0.00 seconds
  Pass  (vp, gles3) finished in 0.07 seconds. Local cache hits 0 (0.00s CPU time), remote cache hits 0 (0.00s CPU time), compiled 3 variants (0.19s CPU time), skipped 0 variants.
    Prepared data for serialisation in 0.00s
  Pass  (vp, gles3) finished in 0.06 seconds. Local cache hits 0 (0.00s CPU time), remote cache hits 0 (0.00s CPU time), compiled 3 variants (0.08s CPU time), skipped 0 variants.
    Prepared data for serialisation in 0.00s
Serialized binary data for shader Hidden/CubeBlur in 0.00s
    gles3 (total internal programs: 6, unique: 2)
Compiling shader "Hidden/CubeCopy"
  Pass "" (vp)
    Target graphics API: gles3
    Full variant space:         1
    After settings filtering:   1
    After built-in stripping:   3
    After scriptable stripping: 3
    Processed in 0.00 seconds
  Pass "" (vp)
    Target graphics API: gles3
    Full variant space:         1
    After settings filtering:   1
    After built-in stripping:   3
    After scriptable stripping: 3
    Processed in 0.00 seconds
  Pass  (vp, gles3) finished in 0.03 seconds. Local cache hits 0 (0.00s CPU time), remote cache hits 0 (0.00s CPU time), compiled 3 variants (0.08s CPU time), skipped 0 variants.
    Prepared data for serialisation in 0.00s
  Pass  (vp, gles3) finished in 0.03 seconds. Local cache hits 0 (0.00s CPU time), remote cache hits 0 (0.00s CPU time), compiled 3 variants (0.08s CPU time), skipped 0 variants.
    Prepared data for serialisation in 0.00s
Serialized binary data for shader Hidden/CubeCopy in 0.00s
    gles3 (total internal programs: 6, unique: 1)
Compiling shader "Hidden/CubeBlend"
  Pass "" (vp)
    Target graphics API: gles3
    Full variant space:         1
    After settings filtering:   1
    After built-in stripping:   3
    After scriptable stripping: 3
    Processed in 0.00 seconds
  Pass "" (vp)
    Target graphics API: gles3
    Full variant space:         1
    After settings filtering:   1
    After built-in stripping:   3
    After scriptable stripping: 3
    Processed in 0.00 seconds
  Pass  (vp, gles3) finished in 0.03 seconds. Local cache hits 0 (0.00s CPU time), remote cache hits 0 (0.00s CPU time), compiled 3 variants (0.08s CPU time), skipped 0 variants.
    Prepared data for serialisation in 0.00s
  Pass  (vp, gles3) finished in 0.03 seconds. Local cache hits 0 (0.00s CPU time), remote cache hits 0 (0.00s CPU time), compiled 3 variants (0.08s CPU time), skipped 0 variants.
    Prepared data for serialisation in 0.00s
Serialized binary data for shader Hidden/CubeBlend in 0.00s
    gles3 (total internal programs: 6, unique: 1)
Compiling shader "Hidden/VR/BlitTexArraySlice"
  Pass "" (vp)
    Target graphics API: gles3
    Full variant space:         1
    After settings filtering:   1
    After built-in stripping:   3
    After scriptable stripping: 3
    Processed in 0.00 seconds
  Pass  (vp, gles3) finished in 0.02 seconds. Local cache hits 0 (0.00s CPU time), remote cache hits 0 (0.00s CPU time), compiled 3 variants (0.06s CPU time), skipped 0 variants.
    Prepared data for serialisation in 0.00s
Serialized binary data for shader Hidden/VR/BlitTexArraySlice in 0.00s
    gles3 (total internal programs: 3, unique: 1)
Compiling shader "Hidden/Internal-ODSWorldTexture"
  Pass "" (vp)
    Target graphics API: gles3
    Full variant space:         1
    After settings filtering:   1
    After built-in stripping:   3
    After scriptable stripping: 3
    Processed in 0.00 seconds
  Pass "" (vp)
    Target graphics API: gles3
    Full variant space:         1
    After settings filtering:   1
    After built-in stripping:   3
    After scriptable stripping: 3
    Processed in 0.00 seconds
  Pass "" (vp)
    Target graphics API: gles3
    Full variant space:         1
    After settings filtering:   1
    After built-in stripping:   3
    After scriptable stripping: 3
    Processed in 0.00 seconds
  Pass "" (vp)
    Target graphics API: gles3
    Full variant space:         1
    After settings filtering:   1
    After built-in stripping:   3
    After scriptable stripping: 3
    Processed in 0.00 seconds
  Pass "" (vp)
    Target graphics API: gles3
    Full variant space:         1
    After settings filtering:   1
    After built-in stripping:   3
    After scriptable stripping: 3
    Processed in 0.00 seconds
  Pass "" (vp)
    Target graphics API: gles3
    Full variant space:         1
    After settings filtering:   1
    After built-in stripping:   3
    After scriptable stripping: 3
    Processed in 0.00 seconds
  Pass "" (vp)
    Target graphics API: gles3
    Full variant space:         1
    After settings filtering:   1
    After built-in stripping:   3
    After scriptable stripping: 3
    Processed in 0.00 seconds
  Pass "" (vp)
    Target graphics API: gles3
    Full variant space:         1
    After settings filtering:   1
    After built-in stripping:   3
    After scriptable stripping: 3
    Processed in 0.00 seconds
  Pass "" (vp)
    Target graphics API: gles3
    Full variant space:         1
    After settings filtering:   1
    After built-in stripping:   3
    After scriptable stripping: 3
    Processed in 0.00 seconds
  Pass "" (vp)
    Target graphics API: gles3
    Full variant space:         1
    After settings filtering:   1
    After built-in stripping:   3
    After scriptable stripping: 3
    Processed in 0.00 seconds
  Pass  (vp, gles3) finished in 0.03 seconds. Local cache hits 0 (0.00s CPU time), remote cache hits 0 (0.00s CPU time), compiled 3 variants (0.07s CPU time), skipped 0 variants.
    Prepared data for serialisation in 0.00s
  Pass  (vp, gles3) finished in 0.05 seconds. Local cache hits 0 (0.00s CPU time), remote cache hits 0 (0.00s CPU time), compiled 3 variants (0.11s CPU time), skipped 0 variants.
    Prepared data for serialisation in 0.00s
  Pass  (vp, gles3) finished in 0.08 seconds. Local cache hits 0 (0.00s CPU time), remote cache hits 0 (0.00s CPU time), compiled 3 variants (0.19s CPU time), skipped 0 variants.
    Prepared data for serialisation in 0.00s
  Pass  (vp, gles3) finished in 0.10 seconds. Local cache hits 0 (0.00s CPU time), remote cache hits 0 (0.00s CPU time), compiled 3 variants (0.26s CPU time), skipped 0 variants.
    Prepared data for serialisation in 0.00s
  Pass  (vp, gles3) finished in 0.09 seconds. Local cache hits 0 (0.00s CPU time), remote cache hits 0 (0.00s CPU time), compiled 3 variants (0.10s CPU time), skipped 0 variants.
    Prepared data for serialisation in 0.00s
  Pass  (vp, gles3) finished in 0.07 seconds. Local cache hits 0 (0.00s CPU time), remote cache hits 0 (0.00s CPU time), compiled 3 variants (0.19s CPU time), skipped 0 variants.
    Prepared data for serialisation in 0.00s
  Pass  (vp, gles3) finished in 0.07 seconds. Local cache hits 0 (0.00s CPU time), remote cache hits 0 (0.00s CPU time), compiled 3 variants (0.19s CPU time), skipped 0 variants.
    Prepared data for serialisation in 0.00s
  Pass  (vp, gles3) finished in 0.06 seconds. Local cache hits 0 (0.00s CPU time), remote cache hits 0 (0.00s CPU time), compiled 3 variants (0.15s CPU time), skipped 0 variants.
    Prepared data for serialisation in 0.00s
  Pass  (vp, gles3) finished in 0.06 seconds. Local cache hits 0 (0.00s CPU time), remote cache hits 0 (0.00s CPU time), compiled 3 variants (0.15s CPU time), skipped 0 variants.
    Prepared data for serialisation in 0.00s
  Pass  (vp, gles3) finished in 0.05 seconds. Local cache hits 0 (0.00s CPU time), remote cache hits 0 (0.00s CPU time), compiled 3 variants (0.13s CPU time), skipped 0 variants.
    Prepared data for serialisation in 0.00s
Serialized binary data for shader Hidden/Internal-ODSWorldTexture in 0.00s
    gles3 (total internal programs: 30, unique: 9)
Compiling shader "Hidden/Internal-CubemapToEquirect"
  Pass "" (vp)
    Target graphics API: gles3
    Full variant space:         1
    After settings filtering:   1
    After built-in stripping:   3
    After scriptable stripping: 3
    Processed in 0.00 seconds
  Pass  (vp, gles3) finished in 0.02 seconds. Local cache hits 0 (0.00s CPU time), remote cache hits 0 (0.00s CPU time), compiled 3 variants (0.05s CPU time), skipped 0 variants.
    Prepared data for serialisation in 0.00s
Serialized binary data for shader Hidden/Internal-CubemapToEquirect in 0.00s
    gles3 (total internal programs: 3, unique: 1)
Compiling shader "Hidden/VR/BlitFromTex2DToTexArraySlice"
  Pass "" (vp)
    Target graphics API: gles3
    Full variant space:         1
    After settings filtering:   1
    After built-in stripping:   3
    After scriptable stripping: 3
    Processed in 0.00 seconds
  Pass "" (vp)
    Target graphics API: gles3
    Full variant space:         1
    After settings filtering:   1
    After built-in stripping:   3
    After scriptable stripping: 3
    Processed in 0.00 seconds
  Pass  (vp, gles3) finished in 0.02 seconds. Local cache hits 0 (0.00s CPU time), remote cache hits 0 (0.00s CPU time), compiled 3 variants (0.06s CPU time), skipped 0 variants.
    Prepared data for serialisation in 0.00s
  Pass  (vp, gles3) finished in 0.03 seconds. Local cache hits 0 (0.00s CPU time), remote cache hits 0 (0.00s CPU time), compiled 3 variants (0.08s CPU time), skipped 0 variants.
    Prepared data for serialisation in 0.00s
Serialized binary data for shader Hidden/VR/BlitFromTex2DToTexArraySlice in 0.00s
    gles3 (total internal programs: 6, unique: 2)
Compiling shader "Hidden/VideoComposite"
  Pass "Default" (vp)
    Target graphics API: gles3
    Full variant space:         1
    After settings filtering:   1
    After built-in stripping:   3
    After scriptable stripping: 3
    Processed in 0.00 seconds
  Pass Default (vp, gles3) finished in 0.02 seconds. Local cache hits 0 (0.00s CPU time), remote cache hits 0 (0.00s CPU time), compiled 3 variants (0.06s CPU time), skipped 0 variants.
    Prepared data for serialisation in 0.00s
Serialized binary data for shader Hidden/VideoComposite in 0.00s
    gles3 (total internal programs: 3, unique: 1)
Compiling shader "Hidden/VideoDecode"
  Pass "YCbCr_To_RGB1" (vp)
    Target graphics API: gles3
    Full variant space:         2
    After settings filtering:   2
    After built-in stripping:   6
    After scriptable stripping: 6
    Processed in 0.00 seconds
  Pass "YCbCrA_To_RGBAFull" (vp)
    Target graphics API: gles3
    Full variant space:         2
    After settings filtering:   2
    After built-in stripping:   6
    After scriptable stripping: 6
    Processed in 0.00 seconds
  Pass "YCbCrA_To_RGBA" (vp)
    Target graphics API: gles3
    Full variant space:         2
    After settings filtering:   2
    After built-in stripping:   6
    After scriptable stripping: 6
    Processed in 0.00 seconds
  Pass "Flip_RGBA_To_RGBA" (vp)
    Target graphics API: gles3
    Full variant space:         2
    After settings filtering:   2
    After built-in stripping:   6
    After scriptable stripping: 6
    Processed in 0.00 seconds
  Pass "Flip_RGBASplit_To_RGBA" (vp)
    Target graphics API: gles3
    Full variant space:         2
    After settings filtering:   2
    After built-in stripping:   6
    After scriptable stripping: 6
    Processed in 0.00 seconds
  Pass "Flip_NV12_To_RGB1" (vp)
    Target graphics API: gles3
    Full variant space:         2
    After settings filtering:   2
    After built-in stripping:   6
    After scriptable stripping: 6
    Processed in 0.00 seconds
  Pass "Flip_NV12_To_RGBA" (vp)
    Target graphics API: gles3
    Full variant space:         2
    After settings filtering:   2
    After built-in stripping:   6
    After scriptable stripping: 6
    Processed in 0.00 seconds
  Pass "Flip_P010_To_RGB1" (vp)
    Target graphics API: gles3
    Full variant space:         1
    After settings filtering:   1
    After built-in stripping:   3
    After scriptable stripping: 3
    Processed in 0.00 seconds
  Pass YCbCr_To_RGB1 (vp, gles3) finished in 0.05 seconds. Local cache hits 0 (0.00s CPU time), remote cache hits 0 (0.00s CPU time), compiled 6 variants (0.21s CPU time), skipped 0 variants.
    Prepared data for serialisation in 0.00s
  Pass YCbCrA_To_RGBAFull (vp, gles3) finished in 0.05 seconds. Local cache hits 0 (0.00s CPU time), remote cache hits 0 (0.00s CPU time), compiled 6 variants (0.22s CPU time), skipped 0 variants.
    Prepared data for serialisation in 0.00s
  Pass YCbCrA_To_RGBA (vp, gles3) finished in 0.06 seconds. Local cache hits 0 (0.00s CPU time), remote cache hits 0 (0.00s CPU time), compiled 6 variants (0.21s CPU time), skipped 0 variants.
    Prepared data for serialisation in 0.00s
  Pass Flip_RGBA_To_RGBA (vp, gles3) finished in 0.06 seconds. Local cache hits 0 (0.00s CPU time), remote cache hits 0 (0.00s CPU time), compiled 6 variants (0.23s CPU time), skipped 0 variants.
    Prepared data for serialisation in 0.00s
  Pass Flip_RGBASplit_To_RGBA (vp, gles3) finished in 0.07 seconds. Local cache hits 0 (0.00s CPU time), remote cache hits 0 (0.00s CPU time), compiled 6 variants (0.22s CPU time), skipped 0 variants.
    Prepared data for serialisation in 0.00s
  Pass Flip_NV12_To_RGB1 (vp, gles3) finished in 0.05 seconds. Local cache hits 0 (0.00s CPU time), remote cache hits 0 (0.00s CPU time), compiled 6 variants (0.23s CPU time), skipped 0 variants.
    Prepared data for serialisation in 0.00s
  Pass Flip_NV12_To_RGBA (vp, gles3) finished in 0.05 seconds. Local cache hits 0 (0.00s CPU time), remote cache hits 0 (0.00s CPU time), compiled 6 variants (0.22s CPU time), skipped 0 variants.
    Prepared data for serialisation in 0.00s
  Pass Flip_P010_To_RGB1 (vp, gles3) finished in 0.04 seconds. Local cache hits 0 (0.00s CPU time), remote cache hits 0 (0.00s CPU time), compiled 3 variants (0.10s CPU time), skipped 0 variants.
    Prepared data for serialisation in 0.00s
Serialized binary data for shader Hidden/VideoDecode in 0.00s
    gles3 (total internal programs: 45, unique: 15)
Compiling shader "Hidden/VideoDecodeAndroid"
  Pass "RGBAExternal_To_RGBA" (vp)
    Target graphics API: gles3
    Full variant space:         2
    After settings filtering:   2
    After built-in stripping:   6
    After scriptable stripping: 6
    Processed in 0.00 seconds
  Pass "RGBASplitExternal_To_RGBA" (vp)
    Target graphics API: gles3
    Full variant space:         2
    After settings filtering:   2
    After built-in stripping:   6
    After scriptable stripping: 6
    Processed in 0.00 seconds
  Pass RGBAExternal_To_RGBA (vp, gles3) finished in 0.02 seconds. Local cache hits 0 (0.00s CPU time), remote cache hits 0 (0.00s CPU time), compiled 6 variants (0.07s CPU time), skipped 0 variants.
    Prepared data for serialisation in 0.00s
  Pass RGBASplitExternal_To_RGBA (vp, gles3) finished in 0.02 seconds. Local cache hits 0 (0.00s CPU time), remote cache hits 0 (0.00s CPU time), compiled 6 variants (0.09s CPU time), skipped 0 variants.
    Prepared data for serialisation in 0.00s
Serialized binary data for shader Hidden/VideoDecodeAndroid in 0.00s
    gles3 (total internal programs: 12, unique: 12)
Compiling shader "Hidden/TextCore/Distance Field SSD"
  Pass "" (vp)
    Target graphics API: gles3
    Full variant space:         1
    After settings filtering:   1
    After built-in stripping:   3
    After scriptable stripping: 3
    Processed in 0.00 seconds
  Pass  (vp, gles3) finished in 0.03 seconds. Local cache hits 0 (0.00s CPU time), remote cache hits 0 (0.00s CPU time), compiled 3 variants (0.09s CPU time), skipped 0 variants.
    Prepared data for serialisation in 0.00s
Serialized binary data for shader Hidden/TextCore/Distance Field SSD in 0.00s
    gles3 (total internal programs: 3, unique: 1)
Compiling shader "Hidden/Physics2D/SDF_CircleGeometry"
  Pass "" (vp)
    Target graphics API: gles3
    Full variant space:         2
    After settings filtering:   2
    After built-in stripping:   3
    After scriptable stripping: 3
    Processed in 0.00 seconds
  Pass  (vp, gles3) finished in 0.04 seconds. Local cache hits 0 (0.00s CPU time), remote cache hits 0 (0.00s CPU time), compiled 3 variants (0.11s CPU time), skipped 0 variants.
    Prepared data for serialisation in 0.00s
Serialized binary data for shader Hidden/Physics2D/SDF_CircleGeometry in 0.00s
    gles3 (total internal programs: 3, unique: 1)
Compiling shader "Hidden/Physics2D/SDF_CapsuleGeometry"
  Pass "" (vp)
    Target graphics API: gles3
    Full variant space:         2
    After settings filtering:   2
    After built-in stripping:   3
    After scriptable stripping: 3
    Processed in 0.00 seconds
  Pass  (vp, gles3) finished in 0.04 seconds. Local cache hits 0 (0.00s CPU time), remote cache hits 0 (0.00s CPU time), compiled 3 variants (0.11s CPU time), skipped 0 variants.
    Prepared data for serialisation in 0.00s
Serialized binary data for shader Hidden/Physics2D/SDF_CapsuleGeometry in 0.00s
    gles3 (total internal programs: 3, unique: 1)
Compiling shader "Hidden/Physics2D/SDF_PolygonGeometry"
  Pass "" (vp)
    Target graphics API: gles3
    Full variant space:         2
    After settings filtering:   2
    After built-in stripping:   3
    After scriptable stripping: 3
    Processed in 0.00 seconds
  Pass  (vp, gles3) finished in 0.09 seconds. Local cache hits 0 (0.00s CPU time), remote cache hits 0 (0.00s CPU time), compiled 3 variants (0.26s CPU time), skipped 0 variants.
    Prepared data for serialisation in 0.00s
Serialized binary data for shader Hidden/Physics2D/SDF_PolygonGeometry in 0.00s
    gles3 (total internal programs: 3, unique: 1)
Compiling shader "Hidden/Physics2D/SDF_Line"
  Pass "" (vp)
    Target graphics API: gles3
    Full variant space:         2
    After settings filtering:   2
    After built-in stripping:   3
    After scriptable stripping: 3
    Processed in 0.00 seconds
  Pass  (vp, gles3) finished in 0.03 seconds. Local cache hits 0 (0.00s CPU time), remote cache hits 0 (0.00s CPU time), compiled 3 variants (0.09s CPU time), skipped 0 variants.
    Prepared data for serialisation in 0.00s
Serialized binary data for shader Hidden/Physics2D/SDF_Line in 0.00s
    gles3 (total internal programs: 3, unique: 1)
Compiling shader "Hidden/Physics2D/SDF_Point"
  Pass "" (vp)
    Target graphics API: gles3
    Full variant space:         2
    After settings filtering:   2
    After built-in stripping:   3
    After scriptable stripping: 3
    Processed in 0.00 seconds
  Pass  (vp, gles3) finished in 0.04 seconds. Local cache hits 0 (0.00s CPU time), remote cache hits 0 (0.00s CPU time), compiled 3 variants (0.11s CPU time), skipped 0 variants.
    Prepared data for serialisation in 0.00s
Serialized binary data for shader Hidden/Physics2D/SDF_Point in 0.00s
    gles3 (total internal programs: 3, unique: 1)
SpriteAtlasDatabase::Cleanup
DisplayProgressbar: Initializing
Android PostProcess task "Initializing" took 0,7294 ms
DisplayProgressbar: Check gradle project collisions
Android PostProcess task "Check gradle project collisions" took 0,2718 ms
DisplayProgressbar: Preparing banner
Android PostProcess task "Preparing banner" took 0,4339 ms
Starting: C:\Program Files\Unity\Hub\Editor\6000.5.3f1\Editor\Data\Tools\BuildPipeline\bee_backend.exe --ipc --dagfile="Library/Bee/Player2dcb5acf.dag" --profile="Library/Bee/backend1.traceevents" Player
WorkingDir: C:/Users/STEEP/Documents/game/phase4_reconstruction/Unity6Project
ExitCode: 4 Duration: 0s25ms
Starting: C:\Program Files\Unity\Hub\Editor\6000.5.3f1\Editor\Data\netcorerun\netcorerun.exe "C:\Program Files\Unity\Hub\Editor\6000.5.3f1\Editor\Data\PlaybackEngines\AndroidPlayer\AndroidPlayerBuildProgram.exe" "C:/Program Files/Unity/Hub/Editor/6000.5.3f1/Editor/Data/PlaybackEngines/AndroidPlayer/Bee;C:/Program Files/Unity/Hub/Editor/6000.5.3f1/Editor/Data/Tools/BuildPipeline" "Library/Bee/Player2dcb5acf.dag.json" "Library/Bee/Player2dcb5acf-inputdata.json" "Library\Bee\buildprogram0.traceevents"
WorkingDir: C:/Users/STEEP/Documents/game/phase4_reconstruction/Unity6Project
DisplayProgressbar: Incremental Player Build
ExitCode: 0 Duration: 1s849ms
Starting: C:\Program Files\Unity\Hub\Editor\6000.5.3f1\Editor\Data\Tools\BuildPipeline\bee_backend.exe --ipc --dagfile="Library/Bee/Player2dcb5acf.dag" --dagfilejson="Library\Bee\Player2dcb5acf.dag.json" --profile="Library/Bee/backend2.traceevents" Player
WorkingDir: C:/Users/STEEP/Documents/game/phase4_reconstruction/Unity6Project
Starting: C:\Program Files\Unity\Hub\Editor\6000.5.3f1\Editor\Data\netcorerun\netcorerun.exe "C:\Program Files\Unity\Hub\Editor\6000.5.3f1\Editor\Data\PlaybackEngines\AndroidPlayer\AndroidPlayerBuildProgram.exe" "C:/Program Files/Unity/Hub/Editor/6000.5.3f1/Editor/Data/PlaybackEngines/AndroidPlayer/Bee;C:/Program Files/Unity/Hub/Editor/6000.5.3f1/Editor/Data/Tools/BuildPipeline" "Library/Bee/Player2dcb5acf.dag.json" "Library/Bee/Player2dcb5acf-inputdata.json" "Library\Bee\buildprogram1.traceevents"
WorkingDir: C:/Users/STEEP/Documents/game/phase4_reconstruction/Unity6Project
ExitCode: 4 Duration: 30s
ExitCode: 0 Duration: 0s652ms
Starting: C:\Program Files\Unity\Hub\Editor\6000.5.3f1\Editor\Data\Tools\BuildPipeline\bee_backend.exe --ipc --dagfile="Library/Bee/Player2dcb5acf.dag" --dagfilejson="Library\Bee\Player2dcb5acf.dag.json" --profile="Library/Bee/backend3.traceevents" Player
WorkingDir: C:/Users/STEEP/Documents/game/phase4_reconstruction/Unity6Project
Starting: C:\Program Files\Unity\Hub\Editor\6000.5.3f1\Editor\Data\netcorerun\netcorerun.exe "C:\Program Files\Unity\Hub\Editor\6000.5.3f1\Editor\Data\PlaybackEngines\AndroidPlayer\AndroidPlayerBuildProgram.exe" "C:/Program Files/Unity/Hub/Editor/6000.5.3f1/Editor/Data/PlaybackEngines/AndroidPlayer/Bee;C:/Program Files/Unity/Hub/Editor/6000.5.3f1/Editor/Data/Tools/BuildPipeline" "Library/Bee/Player2dcb5acf.dag.json" "Library/Bee/Player2dcb5acf-inputdata.json" "Library\Bee\buildprogram2.traceevents"
WorkingDir: C:/Users/STEEP/Documents/game/phase4_reconstruction/Unity6Project
ExitCode: 4 Duration: 5s942ms
ExitCode: 0 Duration: 0s634ms
Starting: C:\Program Files\Unity\Hub\Editor\6000.5.3f1\Editor\Data\Tools\BuildPipeline\bee_backend.exe --ipc --dagfile="Library/Bee/Player2dcb5acf.dag" --dagfilejson="Library\Bee\Player2dcb5acf.dag.json" --profile="Library/Bee/backend4.traceevents" Player
WorkingDir: C:/Users/STEEP/Documents/game/phase4_reconstruction/Unity6Project
ExitCode: 0 Duration: 1m:08s
Total cache size 84492245
Total cache size after purge 84492245, took 00:00:00.0978963
DisplayProgressbar: Calling IPostGenerateGradleAndroidProject callbacks
Calling IPostGenerateGradleAndroidProject callbacks on 'C:\Users\STEEP\Documents\game\phase4_reconstruction\Unity6Project\Library\Bee\Android\Prj\IL2CPP\Gradle\unityLibrary':
    Call "IAPResolver.IAPAndroidDependencies.OnPostGenerateGradleAndroidProject" from assembly 'IAPResolver'
Android PostProcess task "Calling IPostGenerateGradleAndroidProject callbacks" took 5,2855 ms
DisplayProgressbar: Validate Gradle Project
Android PostProcess task "Validate Gradle Project" took 15,0446 ms
Android PostProcess task "Unity Services Symbol Upload" took 0,3773 ms
DisplayProgressbar: Building Gradle project
Starting: C:\Program Files\Unity\Hub\Editor\6000.5.3f1\Editor\Data\PlaybackEngines\AndroidPlayer\OpenJDK\bin\java.exe -classpath "C:\Program Files\Unity\Hub\Editor\6000.5.3f1\Editor\Data\PlaybackEngines\AndroidPlayer\Tools\gradle\lib\gradle-launcher-9.1.0.jar" org.gradle.launcher.GradleMain "-Dorg.gradle.jvmargs=-Xmx4096m" "assembleRelease" 
WorkingDir: C:/Users/STEEP/Documents/game/phase4_reconstruction/Unity6Project/Library/Bee/Android/Prj/IL2CPP/Gradle\launcher
Build log was saved at 'C:\Users\STEEP\Documents\game\phase4_reconstruction\Unity6Project\Library\Bee\Android\Prj\IL2CPP\Gradle\launcher\build\outputs\logs\unity-assembleRelease-build.log'

> Configure project :launcher
WARNING: The option setting 'android.builtInKotlin=false' is deprecated.
The current default is 'true'.
It will be removed in version 10.0 of the Android Gradle plugin.
WARNING: The option setting 'android.enableJetifier=true' is deprecated.
The current default is 'false'.
It will be removed in version 10.0 of the Android Gradle plugin.

> Configure project :unityLibrary
Variant 'debug', will keep symbols in binaries for:
  'libunity.so'
  'libil2cpp.so'
  'libmain.so'
Variant 'release', symbols will be stripped from binaries.

> Configure project :launcher
Variant 'debug', will keep symbols in binaries for:
  'libunity.so'
  'libil2cpp.so'
  'libmain.so'
Variant 'release', symbols will be stripped from binaries.
Exception while marshalling C:\Program Files\Unity\Hub\Editor\6000.5.3f1\Editor\Data\PlaybackEngines\AndroidPlayer\SDK\build-tools\36.0.0\package.xml. Probably the SDK is read-only
Exception while marshalling C:\Program Files\Unity\Hub\Editor\6000.5.3f1\Editor\Data\PlaybackEngines\AndroidPlayer\SDK\platform-tools\package.xml. Probably the SDK is read-only
Exception while marshalling C:\Program Files\Unity\Hub\Editor\6000.5.3f1\Editor\Data\PlaybackEngines\AndroidPlayer\SDK\platforms\android-34\package.xml. Probably the SDK is read-only
Exception while marshalling C:\Program Files\Unity\Hub\Editor\6000.5.3f1\Editor\Data\PlaybackEngines\AndroidPlayer\SDK\platforms\android-36\package.xml. Probably the SDK is read-only
Exception while marshalling C:\Program Files\Unity\Hub\Editor\6000.5.3f1\Editor\Data\PlaybackEngines\AndroidPlayer\SDK\build-tools\36.0.0\package.xml. Probably the SDK is read-only
Exception while marshalling C:\Program Files\Unity\Hub\Editor\6000.5.3f1\Editor\Data\PlaybackEngines\AndroidPlayer\SDK\platform-tools\package.xml. Probably the SDK is read-only
Exception while marshalling C:\Program Files\Unity\Hub\Editor\6000.5.3f1\Editor\Data\PlaybackEngines\AndroidPlayer\SDK\platforms\android-34\package.xml. Probably the SDK is read-only
Exception while marshalling C:\Program Files\Unity\Hub\Editor\6000.5.3f1\Editor\Data\PlaybackEngines\AndroidPlayer\SDK\platforms\android-36\package.xml. Probably the SDK is read-only
Exception while marshalling C:\Program Files\Unity\Hub\Editor\6000.5.3f1\Editor\Data\PlaybackEngines\AndroidPlayer\SDK\build-tools\36.0.0\package.xml. Probably the SDK is read-only
Exception while marshalling C:\Program Files\Unity\Hub\Editor\6000.5.3f1\Editor\Data\PlaybackEngines\AndroidPlayer\SDK\platform-tools\package.xml. Probably the SDK is read-only
Exception while marshalling C:\Program Files\Unity\Hub\Editor\6000.5.3f1\Editor\Data\PlaybackEngines\AndroidPlayer\SDK\platforms\android-34\package.xml. Probably the SDK is read-only
Exception while marshalling C:\Program Files\Unity\Hub\Editor\6000.5.3f1\Editor\Data\PlaybackEngines\AndroidPlayer\SDK\platforms\android-36\package.xml. Probably the SDK is read-only
Exception while marshalling C:\Program Files\Unity\Hub\Editor\6000.5.3f1\Editor\Data\PlaybackEngines\AndroidPlayer\SDK\build-tools\36.0.0\package.xml. Probably the SDK is read-only
Exception while marshalling C:\Program Files\Unity\Hub\Editor\6000.5.3f1\Editor\Data\PlaybackEngines\AndroidPlayer\SDK\platform-tools\package.xml. Probably the SDK is read-only
Exception while marshalling C:\Program Files\Unity\Hub\Editor\6000.5.3f1\Editor\Data\PlaybackEngines\AndroidPlayer\SDK\platforms\android-34\package.xml. Probably the SDK is read-only
Exception while marshalling C:\Program Files\Unity\Hub\Editor\6000.5.3f1\Editor\Data\PlaybackEngines\AndroidPlayer\SDK\platforms\android-36\package.xml. Probably the SDK is read-only
Exception while marshalling C:\Program Files\Unity\Hub\Editor\6000.5.3f1\Editor\Data\PlaybackEngines\AndroidPlayer\SDK\build-tools\36.0.0\package.xml. Probably the SDK is read-only
Exception while marshalling C:\Program Files\Unity\Hub\Editor\6000.5.3f1\Editor\Data\PlaybackEngines\AndroidPlayer\SDK\platform-tools\package.xml. Probably the SDK is read-only
Exception while marshalling C:\Program Files\Unity\Hub\Editor\6000.5.3f1\Editor\Data\PlaybackEngines\AndroidPlayer\SDK\platforms\android-34\package.xml. Probably the SDK is read-only
Exception while marshalling C:\Program Files\Unity\Hub\Editor\6000.5.3f1\Editor\Data\PlaybackEngines\AndroidPlayer\SDK\platforms\android-36\package.xml. Probably the SDK is read-only
Checking the license for package Android SDK Platform 35 in C:\Program Files\Unity\Hub\Editor\6000.5.3f1\Editor\Data\PlaybackEngines\AndroidPlayer\SDK\licenses
Warning: License for package Android SDK Platform 35 not accepted.

[Incubating] Problems report is available at: file:///C:/Users/STEEP/Documents/game/phase4_reconstruction/Unity6Project/Library/Bee/Android/Prj/IL2CPP/Gradle/build/reports/problems/problems-report.html

Deprecated Gradle features were used in this build, making it incompatible with Gradle 10.

You can use '--warning-mode all' to show the individual deprecation warnings and determine if they come from your own scripts or plugins.

For more on this, please refer to https://docs.gradle.org/9.1.0/userguide/command_line_interface.html#sec:command_line_warnings in the Gradle documentation.
UnityEngine.Debug:ExtractStackTraceNoAlloc (byte*,int,string)
UnityEngine.StackTraceUtility:ExtractStackTrace ()
UnityEngine.DebugLogHandler:Internal_Log (UnityEngine.LogType,UnityEngine.LogOption,string,UnityEngine.Object)
UnityEngine.DebugLogHandler:LogFormat (UnityEngine.LogType,UnityEngine.Object,string,object[])
UnityEngine.Logger:Log (UnityEngine.LogType,object)
UnityEngine.Debug:LogError (object)
UnityEditor.Android.GradleInvokationException:ParseAndShowException () (at /home/bokken/build/output/unity/unity/PlatformDependent/AndroidPlayer/Editor/Managed/Android/Gradle.cs:139)
UnityEditor.Android.PostProcessor.PostProcessRunner:RunAllTasks (UnityEditor.Android.PostProcessor.PostProcessorContext) (at /home/bokken/build/output/unity/unity/PlatformDependent/AndroidPlayer/Editor/Managed/PostProcessor/AndroidPostProcessor.cs:121)
UnityEditor.Android.PostProcessAndroidPlayer:PostProcess (UnityEditor.Modules.BuildPostProcessArgs,AndroidPlayerBuildProgram.Data.AndroidPlayerBuildProgramOutput) (at /home/bokken/build/output/unity/unity/PlatformDependent/AndroidPlayer/Editor/Managed/PostProcessAndroidPlayer.cs:362)
UnityEditor.Android.AndroidBuildPostprocessor:PostProcess (UnityEditor.Modules.BuildPostProcessArgs,UnityEditor.BuildProperties&) (at /home/bokken/build/output/unity/unity/PlatformDependent/AndroidPlayer/Editor/Managed/ExtensionModule.cs:427)
UnityEditor.PostprocessBuildPlayer:Postprocess (UnityEditor.BuildTarget,int,string,string,string,UnityEditor.BuildOptions,UnityEditor.RuntimeClassRegistry,UnityEditor.Build.Reporting.BuildReport)
UnityEditor.BuildPipeline:BuildPlayerInternal (string[],string,string,UnityEditor.BuildTargetGroup,UnityEditor.BuildTarget,int,UnityEditor.BuildOptions,string[],string[],bool)
UnityEditor.BuildPipeline:BuildPlayer (UnityEditor.BuildPlayerOptions)
AndroidPhase6Builder:Build (string,bool) (at Assets/Editor/AndroidPhase6Builder.cs:32)
AndroidPhase6Builder:BuildApk () (at Assets/Editor/AndroidPhase6Builder.cs:9)

(Filename: /home/bokken/build/output/unity/unity/PlatformDependent/AndroidPlayer/Editor/Managed/Android/Gradle.cs Line: 139)


FAILURE: Build failed with an exception.

* What went wrong:
Could not determine the dependencies of task ':unityLibrary:compileReleaseJavaWithJavac'.
> Failed to install the following Android SDK packages as some licences have not been accepted.
     platforms;android-35 Android SDK Platform 35
  To build this project, accept the SDK license agreements and install the missing components using the Android Studio SDK Manager.
  All licenses can be accepted using the sdkmanager command line tool:
  sdkmanager --licenses
  Or, to transfer the license agreements from one workstation to another, see https://developer.android.com/studio/intro/update.html#download-with-gradle
  
  Using Android SDK: C:\Program Files\Unity\Hub\Editor\6000.5.3f1\Editor\Data\PlaybackEngines\AndroidPlayer\SDK

* Try:
> Run with --stacktrace option to get the stack trace.
> Run with --info or --debug option to get more log output.
> Run with --scan to generate a Build Scan (Powered by Develocity).
> Get more help at https://help.gradle.org.

BUILD FAILED in 1m 6s
UnityEngine.Debug:ExtractStackTraceNoAlloc (byte*,int,string)
UnityEngine.StackTraceUtility:ExtractStackTrace ()
UnityEngine.DebugLogHandler:Internal_Log (UnityEngine.LogType,UnityEngine.LogOption,string,UnityEngine.Object)
UnityEngine.DebugLogHandler:LogFormat (UnityEngine.LogType,UnityEngine.Object,string,object[])
UnityEngine.Logger:Log (UnityEngine.LogType,object)
UnityEngine.Debug:LogError (object)
UnityEditor.Android.GradleInvokationException:ParseAndShowException () (at /home/bokken/build/output/unity/unity/PlatformDependent/AndroidPlayer/Editor/Managed/Android/Gradle.cs:139)
UnityEditor.Android.PostProcessor.PostProcessRunner:RunAllTasks (UnityEditor.Android.PostProcessor.PostProcessorContext) (at /home/bokken/build/output/unity/unity/PlatformDependent/AndroidPlayer/Editor/Managed/PostProcessor/AndroidPostProcessor.cs:121)
UnityEditor.Android.PostProcessAndroidPlayer:PostProcess (UnityEditor.Modules.BuildPostProcessArgs,AndroidPlayerBuildProgram.Data.AndroidPlayerBuildProgramOutput) (at /home/bokken/build/output/unity/unity/PlatformDependent/AndroidPlayer/Editor/Managed/PostProcessAndroidPlayer.cs:362)
UnityEditor.Android.AndroidBuildPostprocessor:PostProcess (UnityEditor.Modules.BuildPostProcessArgs,UnityEditor.BuildProperties&) (at /home/bokken/build/output/unity/unity/PlatformDependent/AndroidPlayer/Editor/Managed/ExtensionModule.cs:427)
UnityEditor.PostprocessBuildPlayer:Postprocess (UnityEditor.BuildTarget,int,string,string,string,UnityEditor.BuildOptions,UnityEditor.RuntimeClassRegistry,UnityEditor.Build.Reporting.BuildReport)
UnityEditor.BuildPipeline:BuildPlayerInternal (string[],string,string,UnityEditor.BuildTargetGroup,UnityEditor.BuildTarget,int,UnityEditor.BuildOptions,string[],string[],bool)
UnityEditor.BuildPipeline:BuildPlayer (UnityEditor.BuildPlayerOptions)
AndroidPhase6Builder:Build (string,bool) (at Assets/Editor/AndroidPhase6Builder.cs:32)
AndroidPhase6Builder:BuildApk () (at Assets/Editor/AndroidPhase6Builder.cs:9)

(Filename: /home/bokken/build/output/unity/unity/PlatformDependent/AndroidPlayer/Editor/Managed/Android/Gradle.cs Line: 139)

CommandInvokationFailure: Gradle build failed. 
C:\Program Files\Unity\Hub\Editor\6000.5.3f1\Editor\Data\PlaybackEngines\AndroidPlayer\OpenJDK\bin\java.exe -classpath "C:\Program Files\Unity\Hub\Editor\6000.5.3f1\Editor\Data\PlaybackEngines\AndroidPlayer\Tools\gradle\lib\gradle-launcher-9.1.0.jar" org.gradle.launcher.GradleMain "-Dorg.gradle.jvmargs=-Xmx4096m" "assembleRelease" 

Environment Variables:
ZSH_TMUX_AUTOSTART = false
ZSH_TMUX_AUTOSTARTED = true
ProgramFiles = C:\Program Files
TMP = C:\Users\STEEP\AppData\Local\Temp
LEVEL_ZERO_V1_SDK_PATH = C:\Program Files\LevelZeroSDK\1.28.2\
PROCESSOR_ARCHITECTURE = AMD64
OLLAMA_API_BASE = http://127.0.0.1:11434
CODEX_PERMISSION_PROFILE = :danger-full-access
PROCESSOR_REVISION = c502
OS = Windows_NT
CODEX_SHELL = 1
DISABLE_AUTO_UPDATE = true
PROCESSOR_IDENTIFIER = Intel64 Family 6 Model 197 Stepping 2, GenuineIntel
OneDrive = C:\Users\STEEP\OneDrive
ProgramW6432 = C:\Program Files
CommonProgramFiles = C:\Program Files\Common Files
JAVA_HOME = C:\Program Files\Unity\Hub\Editor\6000.5.3f1\Editor\Data\PlaybackEngines\AndroidPlayer\OpenJDK
JD2_HOME = C:\Users\STEEP\AppData\Local\JDownloader 2
DriverData = C:\Windows\System32\Drivers\DriverData
ComSpec = C:\Windows\system32\cmd.exe
USERDOMAIN = LAPTOP-TQVLD7MF
ANDROID_NDK_ROOT = C:\Program Files\Unity\Hub\Editor\6000.5.3f1\Editor\Data\PlaybackEngines\AndroidPlayer\NDK
SystemRoot = C:\Windows
PSModulePath = C:\Users\STEEP\Documents\WindowsPowerShell\Modules;C:\Program Files\WindowsPowerShell\Modules;C:\Windows\system32\WindowsPowerShell\v1.0\Modules
NUMBER_OF_PROCESSORS = 14
CommonProgramFiles(x86) = C:\Program Files (x86)\Common Files
TEMP = C:\Users\STEEP\AppData\Local\Temp
Path = C:\Users\STEEP\.codex\tmp\arg0\codex-arg0q9wSC0;C:\Users\STEEP\.cache\codex-runtimes\codex-primary-runtime\dependencies\bin\override;C:\Windows\system32;C:\Windows;C:\Windows\System32\Wbem;C:\Windows\System32\WindowsPowerShell\v1.0\;C:\Windows\System32\OpenSSH\;C:\Program Files\dotnet\;C:\Users\STEEP\.local\bin;C:\Users\STEEP\AppData\Local\Microsoft\WindowsApps;C:\Users\STEEP\AppData\Local\Programs\Ollama;C:\Users\STEEP\.lmstudio\bin;C:\Program Files\Git\cmd;C:\Users\STEEP\AppData\Local\Python\bin;C:\Users\STEEP\.dotnet\tools;C:\Users\STEEP\.cache\codex-runtimes\codex-primary-runtime\dependencies\bin\fallback;C:\Users\STEEP\.cache\codex-runtimes\codex-primary-runtime\dependencies\native\git\cmd;C:\Users\STEEP\AppData\Local\OpenAI\Codex\bin\ada252862d154cdd;C:\Program Files\WindowsApps\OpenAI.Codex_26.707.9981.0_x64__2p2nqsd0c76g0\app\resources
LOG_FORMAT = json
USERNAME = STEEP
COMPUTERNAME = LAPTOP-TQVLD7MF
PATHEXT = .COM;.EXE;.BAT;.CMD;.VBS;.VBE;.JS;.JSE;.WSF;.WSH;.MSC;.CPL
ALLUSERSPROFILE = C:\ProgramData
SystemDrive = C:
RUST_LOG = warn
windir = C:\Windows
HOMEPATH = \Users\STEEP
PUBLIC = C:\Users\Public
CODEX_INTERNAL_ORIGINATOR_OVERRIDE = Codex Desktop
APPDATA = C:\Users\STEEP\AppData\Roaming
OneDriveConsumer = C:\Users\STEEP\OneDrive
PROCESSOR_LEVEL = 6
CommonProgramW6432 = C:\Program Files\Common Files
ProgramFiles(x86) = C:\Program Files (x86)
USERPROFILE = C:\Users\STEEP
LOGONSERVER = \\LAPTOP-TQVLD7MF
LOCALAPPDATA = C:\Users\STEEP\AppData\Local
SHELL = C:\Windows\System32\WindowsPowerShell\v1.0\powershell.exe
CODEX_THREAD_ID = 019f6336-7033-72b1-98e3-0c1b9f070291
HOMEDRIVE = C:
USERDOMAIN_ROAMINGPROFILE = LAPTOP-TQVLD7MF
ProgramData = C:\ProgramData


stderr[

FAILURE: Build failed with an exception.

* What went wrong:
Could not determine the dependencies of task ':unityLibrary:compileReleaseJavaWithJavac'.
> Failed to install the following Android SDK packages as some licences have not been accepted.
     platforms;android-35 Android SDK Platform 35
  To build this project, accept the SDK license agreements and install the missing components using the Android Studio SDK Manager.
  All licenses can be accepted using the sdkmanager command line tool:
  sdkmanager --licenses
  Or, to transfer the license agreements from one workstation to another, see https://developer.android.com/studio/intro/update.html#download-with-gradle
  
  Using Android SDK: C:\Program Files\Unity\Hub\Editor\6000.5.3f1\Editor\Data\PlaybackEngines\AndroidPlayer\SDK

* Try:
> Run with --stacktrace option to get the stack trace.
> Run with --info or --debug option to get more log output.
> Run with --scan to generate a Build Scan (Powered by Develocity).
> Get more help at https://help.gradle.org.

BUILD FAILED in 1m 6s
]
stdout[

> Configure project :launcher
WARNING: The option setting 'android.builtInKotlin=false' is deprecated.
The current default is 'true'.
It will be removed in version 10.0 of the Android Gradle plugin.
WARNING: The option setting 'android.enableJetifier=true' is deprecated.
The current default is 'false'.
It will be removed in version 10.0 of the Android Gradle plugin.

> Configure project :unityLibrary
Variant 'debug', will keep symbols in binaries for:
  'libunity.so'
  'libil2cpp.so'
  'libmain.so'
Variant 'release', symbols will be stripped from binaries.

> Configure project :launcher
Variant 'debug', will keep symbols in binaries for:
  'libunity.so'
  'libil2cpp.so'
  'libmain.so'
Variant 'release', symbols will be stripped from binaries.
Exception while marshalling C:\Program Files\Unity\Hub\Editor\6000.5.3f1\Editor\Data\PlaybackEngines\AndroidPlayer\SDK\build-tools\36.0.0\package.xml. Probably the SDK is read-only
Exception while marshalling C:\Program Files\Unity\Hub\Editor\6000.5.3f1\Editor\Data\PlaybackEngines\AndroidPlayer\SDK\platform-tools\package.xml. Probably the SDK is read-only
Exception while marshalling C:\Program Files\Unity\Hub\Editor\6000.5.3f1\Editor\Data\PlaybackEngines\AndroidPlayer\SDK\platforms\android-34\package.xml. Probably the SDK is read-only
Exception while marshalling C:\Program Files\Unity\Hub\Editor\6000.5.3f1\Editor\Data\PlaybackEngines\AndroidPlayer\SDK\platforms\android-36\package.xml. Probably the SDK is read-only
Exception while marshalling C:\Program Files\Unity\Hub\Editor\6000.5.3f1\Editor\Data\PlaybackEngines\AndroidPlayer\SDK\build-tools\36.0.0\package.xml. Probably the SDK is read-only
Exception while marshalling C:\Program Files\Unity\Hub\Editor\6000.5.3f1\Editor\Data\PlaybackEngines\AndroidPlayer\SDK\platform-tools\package.xml. Probably the SDK is read-only
Exception while marshalling C:\Program Files\Unity\Hub\Editor\6000.5.3f1\Editor\Data\PlaybackEngines\AndroidPlayer\SDK\platforms\android-34\package.xml. Probably the SDK is read-only
Exception while marshalling C:\Program Files\Unity\Hub\Editor\6000.5.3f1\Editor\Data\PlaybackEngines\AndroidPlayer\SDK\platforms\android-36\package.xml. Probably the SDK is read-only
Exception while marshalling C:\Program Files\Unity\Hub\Editor\6000.5.3f1\Editor\Data\PlaybackEngines\AndroidPlayer\SDK\build-tools\36.0.0\package.xml. Probably the SDK is read-only
Exception while marshalling C:\Program Files\Unity\Hub\Editor\6000.5.3f1\Editor\Data\PlaybackEngines\AndroidPlayer\SDK\platform-tools\package.xml. Probably the SDK is read-only
Exception while marshalling C:\Program Files\Unity\Hub\Editor\6000.5.3f1\Editor\Data\PlaybackEngines\AndroidPlayer\SDK\platforms\android-34\package.xml. Probably the SDK is read-only
Exception while marshalling C:\Program Files\Unity\Hub\Editor\6000.5.3f1\Editor\Data\PlaybackEngines\AndroidPlayer\SDK\platforms\android-36\package.xml. Probably the SDK is read-only
Exception while marshalling C:\Program Files\Unity\Hub\Editor\6000.5.3f1\Editor\Data\PlaybackEngines\AndroidPlayer\SDK\build-tools\36.0.0\package.xml. Probably the SDK is read-only
Exception while marshalling C:\Program Files\Unity\Hub\Editor\6000.5.3f1\Editor\Data\PlaybackEngines\AndroidPlayer\SDK\platform-tools\package.xml. Probably the SDK is read-only
Exception while marshalling C:\Program Files\Unity\Hub\Editor\6000.5.3f1\Editor\Data\PlaybackEngines\AndroidPlayer\SDK\platforms\android-34\package.xml. Probably the SDK is read-only
Exception while marshalling C:\Program Files\Unity\Hub\Editor\6000.5.3f1\Editor\Data\PlaybackEngines\AndroidPlayer\SDK\platforms\android-36\package.xml. Probably the SDK is read-only
Exception while marshalling C:\Program Files\Unity\Hub\Editor\6000.5.3f1\Editor\Data\PlaybackEngines\AndroidPlayer\SDK\build-tools\36.0.0\package.xml. Probably the SDK is read-only
Exception while marshalling C:\Program Files\Unity\Hub\Editor\6000.5.3f1\Editor\Data\PlaybackEngines\AndroidPlayer\SDK\platform-tools\package.xml. Probably the SDK is read-only
Exception while marshalling C:\Program Files\Unity\Hub\Editor\6000.5.3f1\Editor\Data\PlaybackEngines\AndroidPlayer\SDK\platforms\android-34\package.xml. Probably the SDK is read-only
Exception while marshalling C:\Program Files\Unity\Hub\Editor\6000.5.3f1\Editor\Data\PlaybackEngines\AndroidPlayer\SDK\platforms\android-36\package.xml. Probably the SDK is read-only
Checking the license for package Android SDK Platform 35 in C:\Program Files\Unity\Hub\Editor\6000.5.3f1\Editor\Data\PlaybackEngines\AndroidPlayer\SDK\licenses
Warning: License for package Android SDK Platform 35 not accepted.

[Incubating] Problems report is available at: file:///C:/Users/STEEP/Documents/game/phase4_reconstruction/Unity6Project/Library/Bee/Android/Prj/IL2CPP/Gradle/build/reports/problems/problems-report.html

Deprecated Gradle features were used in this build, making it incompatible with Gradle 10.

You can use '--warning-mode all' to show the individual deprecation warnings and determine if they come from your own scripts or plugins.

For more on this, please refer to https://docs.gradle.org/9.1.0/userguide/command_line_interface.html#sec:command_line_warnings in the Gradle documentation.
]
exit code: 1
  at UnityEditor.Android.Command.WaitForProgramToRun (UnityEditor.Utils.Program p, UnityEditor.Android.Command+WaitingForProcessToExit waitingForProcessToExit, System.String errorMsg) [0x00099] in /home/bokken/build/output/unity/unity/PlatformDependent/AndroidPlayer/Editor/Managed/Android/Command.cs:221 
  at UnityEditor.Android.Command.Run (System.Diagnostics.ProcessStartInfo psi, UnityEditor.Android.Command+WaitingForProcessToExit waitingForProcessToExit, System.String errorMsg) [0x00017] in /home/bokken/build/output/unity/unity/PlatformDependent/AndroidPlayer/Editor/Managed/Android/Command.cs:159 
  at UnityEditor.Android.Command.Run (System.String command, System.String args, System.String workingdir, UnityEditor.Android.Command+WaitingForProcessToExit waitingForProcessToExit, System.String errorMsg, System.Text.Encoding inputEncoding) [0x0000c] in /home/bokken/build/output/unity/unity/PlatformDependent/AndroidPlayer/Editor/Managed/Android/Command.cs:117 
  at UnityEditor.Android.AndroidJavaTools.RunJava (System.String args, System.String workingdir, System.Action`1[T] progress, System.String error) [0x00046] in /home/bokken/build/output/unity/unity/PlatformDependent/AndroidPlayer/Editor/Managed/Android/AndroidJavaTools.cs:115 
  at UnityEditor.Android.GradleWrapper.Run (UnityEditor.Android.AndroidJavaTools javaTools, Unity.Android.Gradle.AndroidGradle androidGradle, System.String workingdir, System.String task, System.String[] extraArguments, System.Action`1[T] progress) [0x00079] in /home/bokken/build/output/unity/unity/PlatformDependent/AndroidPlayer/Editor/Managed/Android/Gradle.cs:271 
Rethrow as GradleInvokationException: Gradle build failed
  at UnityEditor.Android.GradleWrapper.Run (UnityEditor.Android.AndroidJavaTools javaTools, Unity.Android.Gradle.AndroidGradle androidGradle, System.String workingdir, System.String task, System.String[] extraArguments, System.Action`1[T] progress) [0x000bd] in /home/bokken/build/output/unity/unity/PlatformDependent/AndroidPlayer/Editor/Managed/Android/Gradle.cs:280 
  at UnityEditor.Android.PostProcessor.Tasks.TasksCommon.RunGradleTask (UnityEditor.Android.PostProcessor.PostProcessorContext context, System.String workingDirectory, System.String taskName, System.String[] extraArguments, UnityEditor.Android.PostProcessor.IPostProcessorTask owner, UnityEditor.Android.PostProcessor.ProgressHandler progress) [0x00030] in /home/bokken/build/output/unity/unity/PlatformDependent/AndroidPlayer/Editor/Managed/PostProcessor/Tasks/TasksCommon.cs:71 
  at UnityEditor.Android.PostProcessor.Tasks.TasksCommon.RunLauncherGradleTask (UnityEditor.Android.PostProcessor.PostProcessorContext context, System.String taskName, System.String[] extraArguments, UnityEditor.Android.PostProcessor.IPostProcessorTask owner, UnityEditor.Android.PostProcessor.ProgressHandler progress) [0x00001] in /home/bokken/build/output/unity/unity/PlatformDependent/AndroidPlayer/Editor/Managed/PostProcessor/Tasks/TasksCommon.cs:54 
  at UnityEditor.Android.PostProcessor.Tasks.BuildGradleProject.Execute (UnityEditor.Android.PostProcessor.PostProcessorContext context) [0x00208] in /home/bokken/build/output/unity/unity/PlatformDependent/AndroidPlayer/Editor/Managed/PostProcessor/Tasks/BuildGradleProject.cs:100 
  at UnityEditor.Android.PostProcessor.PostProcessRunner.RunAllTasks (UnityEditor.Android.PostProcessor.PostProcessorContext context) [0x00078] in /home/bokken/build/output/unity/unity/PlatformDependent/AndroidPlayer/Editor/Managed/PostProcessor/AndroidPostProcessor.cs:112 
UnityEditor.BuildPipeline:BuildPlayerInternal_Injected(String[], ManagedSpanWrapper&, ManagedSpanWrapper&, BuildTargetGroup, BuildTarget, Int32, BuildOptions, String[], String[], Boolean)
UnityEditor.BuildPipeline:BuildPlayerInternal(String[], String, String, BuildTargetGroup, BuildTarget, Int32, BuildOptions, String[], String[], Boolean)
UnityEditor.BuildPipeline:BuildPlayer(BuildPlayerOptions)
AndroidPhase6Builder:Build(String, Boolean) (at Assets\Editor\AndroidPhase6Builder.cs:32)
AndroidPhase6Builder:BuildApk() (at Assets\Editor\AndroidPhase6Builder.cs:9)

(Filename: /home/bokken/build/output/unity/unity/PlatformDependent/AndroidPlayer/Editor/Managed/Android/Command.cs Line: 221)

Unloading 2540 Unused Serialized files (Serialized files now loaded: 0)
Unloading 9806 unused Assets / (19.1 MB). Loaded Objects now: 5086.
Memory consumption went from 0.51 GB to 500.0 MB.
Total: 31.518100 ms (FindLiveObjects: 1.911300 ms CreateObjectMapping: 4.000000 ms MarkObjects: 12.668700 ms  DeleteObjects: 12.933800 ms)

Build Finished, Result: Failure.
##utp:{"success":false,"type":"PlayerBuildInfo","version":2,"phase":"Immediate","time":1784083105829,"processId":10952,"steps":[{"description":"Preprocess Player","duration":27},{"description":"Prepare For Build","duration":1752},{"description":"ProducePlayerScriptAssemblies","duration":2745},{"description":"Verify Build setup","duration":34},{"description":"Prepare assets for target platform","duration":51678},{"description":"Prepare splash screen","duration":764},{"description":"Build scripts DLLs","duration":34},{"description":"Building scenes","duration":8485},{"description":"Build GlobalGameManagers file","duration":218},{"description":"Writing asset files","duration":7118},{"description":"Building Resources/unity_builtin_extra","duration":4354},{"description":"Write data build dirty tracking information","duration":396},{"description":"Postprocess built player","duration":181263}],"duration":258868}
Unloading 0 Unused Serialized files (Serialized files now loaded: 0)
Loaded scene 'Temp/__Backupscenes/0.backup'
	Deserialize:            1.166 ms
	Integration:            7.234 ms
	Integration of assets:  0.003 ms
	Thread Wait Time:       0.009 ms
	Total Operation Time:   8.413 ms
Unloading 0 unused Assets / (16.5 KB). Loaded Objects now: 5079.
Memory consumption went from 378.0 MB to 378.0 MB.
Total: 9.609900 ms (FindLiveObjects: 0.397800 ms CreateObjectMapping: 0.426400 ms MarkObjects: 8.773500 ms  DeleteObjects: 0.010700 ms)

Batchmode quit successfully invoked - shutting down!
Starting: C:\Program Files\Unity\Hub\Editor\6000.5.3f1\Editor\Data\PlaybackEngines\AndroidPlayer\OpenJDK\bin\java.exe -classpath "C:\Program Files\Unity\Hub\Editor\6000.5.3f1\Editor\Data\PlaybackEngines\AndroidPlayer\Tools\gradle\lib\gradle-launcher-9.1.0.jar" org.gradle.launcher.GradleMain "-Dorg.gradle.jvmargs=-Xmx4096m" "--stop" 
WorkingDir: 
Build log was saved at 'C:\Users\STEEP\Documents\game\phase4_reconstruction\Unity6Project\build\outputs\logs\unity---stop-build.log'
Killing ADB server in 2,0663464 seconds.
[Physics::Module] Cleanup current backend.
[Physics::Module] Id: 0xf2b8ea05
Input System module state changed to: ShutdownInProgress.
Input Polling Thread exited.
Input System module state changed to: Shutdown.
[Licensing::IpcConnector] LicenseClient-STEEP-6000.5.3-notifications channel disconnected successfully.
[Licensing::IpcConnector] LicenseClient-STEEP-6000.5.3 channel disconnected successfully.
AcceleratorClientConnectionCallback - disconnected - :0
Cleanup mono
CodeReloadManager destroyed
Exiting batchmode successfully now!
Exiting without the bug reporter. Application will terminate with return code 0