[Licensing::Module] Trying to connect to existing licensing client channel...
Built from '6000.5/staging' branch; Version is '6000.5.3f1 (c2eb47b3a2a9) revision 12774215'; Using compiler version '194234433'; Build Type 'Release'
[Licensing::IpcConnector] Successfully connected to: "LicenseClient-STEEP" at "2026-07-15T03:00:07.0272019Z"
OS: 'Windows 11  (10.0.26200) CoreSingleLanguage' Language: 'es' Physical Memory: 15814 MB
BatchMode: 1, IsHumanControllingUs: 0, StartBugReporterOnCrash: 0, Is64bit: 1
System  architecture: x64
Process architecture: x64
Date: 2026-07-15T03:00:07Z

COMMAND LINE ARGUMENTS:
C:\Program Files\Unity\Hub\Editor\6000.5.3f1\Editor\Unity.exe
-batchmode
-quit
-projectPath
C:\Users\STEEP\Documents\game\phase4_reconstruction\Unity6Project
-executeMethod
ReconstructionValidation.Run
-logFile
C:\Users\STEEP\Documents\game\phase4_reconstruction\reports\phase5_gameplay_compile_pass2.log
Successfully changed project path to: C:\Users\STEEP\Documents\game\phase4_reconstruction\Unity6Project
C:/Users/STEEP/Documents/game/phase4_reconstruction/Unity6Project
[UnityMemory] Configuration Parameters - Can be set up in boot.config
    "memorysetup-temp-allocator-size-gi-baking-worker=262144"
    "memorysetup-temp-allocator-size-gi-baking-worker=262144"
    "memorysetup-temp-allocator-size-gi-baking-worker=262144"
    "memorysetup-temp-allocator-size-gi-baking-worker=262144"
    "memorysetup-temp-allocator-size-gi-baking-worker=262144"
    "memorysetup-temp-allocator-size-nav-mesh-worker=65536"
    "memorysetup-temp-allocator-size-audio-worker=65536"
    "memorysetup-temp-allocator-size-cloud-worker=32768"
    "memorysetup-temp-allocator-size-gfx=262144"
    "memorysetup-temp-allocator-size-preload-manager=33554432"
    "memorysetup-allocator-temp-initial-block-size-main=262144"
    "memorysetup-allocator-temp-initial-block-size-worker=262144"
    "memorysetup-temp-allocator-size-job-worker=262144"
    "memorysetup-temp-allocator-size-background-worker=32768"
    "memorysetup-bucket-allocator-granularity=16"
    "memorysetup-bucket-allocator-bucket-count=8"
    "memorysetup-bucket-allocator-block-size=33554432"
    "memorysetup-bucket-allocator-block-count=8"
    "memorysetup-main-allocator-block-size=16777216"
    "memorysetup-thread-allocator-block-size=16777216"
    "memorysetup-main-allocator-mimalloc-enabled=0"
    "memorysetup-gfx-main-allocator-block-size=16777216"
    "memorysetup-gfx-thread-allocator-block-size=16777216"
    "memorysetup-cache-allocator-block-size=4194304"
    "memorysetup-typetree-allocator-block-size=2097152"
    "memorysetup-profiler-bucket-allocator-granularity=16"
    "memorysetup-profiler-bucket-allocator-bucket-count=8"
    "memorysetup-profiler-bucket-allocator-block-size=33554432"
    "memorysetup-profiler-bucket-allocator-block-count=8"
    "memorysetup-profiler-allocator-block-size=16777216"
    "memorysetup-profiler-editor-allocator-block-size=1048576"
    "memorysetup-temp-allocator-size-main=16777216"
    "memorysetup-job-temp-allocator-block-size=2097152"
    "memorysetup-job-temp-allocator-block-size-background=1048576"
    "memorysetup-job-temp-allocator-reduction-small-platforms=262144"
Logging is directed to a specific file, skipping project log.Player connection [19408]  Target information:

Player connection [19408]  * "[IP] 172.29.176.1 [Port] 55504 [Flags] 2 [Guid] 3191479303 [EditorId] 3191479303 [Version] 1048832 [Id] WindowsEditor(7,LAPTOP-TQVLD7MF) [Debug] 1 [PackageName] WindowsEditor [ProjectName] Editor" 

Player connection [19408]  * "[IP] 192.168.1.5 [Port] 55504 [Flags] 2 [Guid] 3191479303 [EditorId] 3191479303 [Version] 1048832 [Id] WindowsEditor(7,LAPTOP-TQVLD7MF) [Debug] 1 [PackageName] WindowsEditor [ProjectName] Editor" 

Player connection [19408] Host joined multi-casting on [225.0.0.222:54997]...
Player connection [19408] Host joined alternative multi-casting on [225.0.0.222:34997]...
Input System module state changed to: Initialized.
[Physics::Module] Initialized fallback backend.
[Physics::Module] Id: 0xdecafbad
[Package Manager] Connected to IPC stream "Upm-22500" after 0.2 seconds.
[Licensing::Module] Licensing is not yet initialized.
[Licensing::Client] Error: HandshakeResponse reported an error:
	ResponseCode: 505
	ResponseStatus: Unsupported protocol version '1.18.1'.
[Licensing::Module] Error: Failed to handshake to channel: "LicenseClient-STEEP"
[Licensing::IpcConnector] LicenseClient-STEEP channel disconnected successfully.
[Licensing::IpcConnector] Channel LicenseClient-STEEP-6000.5.3 doesn't exist
[Licensing::Module] Successfully launched the LicensingClient (PId: 23236)
[Licensing::IpcConnector] Successfully connected to: "LicenseClient-STEEP-6000.5.3" at "2026-07-15T03:00:08.6843748Z"
[Licensing::Client] Code 10 while verifying Licensing Client signature (process Id: 23236, path: "C:/Program Files/Unity/Hub/Editor/6000.5.3f1/Editor/Data/Resources/Licensing/Client/Unity.Licensing.Client.exe")
[Licensing::Module] LicensingClient has failed validation; ignoring
[Licensing::Client] Handshaking with LicensingClient:
  Version:                 1.18.1+9fbee8e
  Session Id:              d96d18a4f9064f999b1d12853e556e8c
  Correlation Id:          c3c1304c0c2502b0eeb3c75daaf06685
  External correlation Id: 1994147686812582384
  Machine Id:              segNaylj+iT0/fzmmJP61DLLbz4=
[Licensing::Module] Successfully connected to LicensingClient on channel: "LicenseClient-STEEP-6000.5.3" (connect: 0.24s, validation: 0.11s, handshake: 0.01s)
[Licensing::IpcConnector] Successfully connected to: "LicenseClient-STEEP-6000.5.3-notifications" at "2026-07-15T03:00:08.7986493Z"
[Licensing::Module] Connected to LicensingClient (PId: 23236, launch time: 0.00, total connection time: 0.36s)
[Licensing::Module] Error: Access token is unavailable; failed to update
[Licensing::Client] Successfully resolved entitlement details
[Licensing::Module] License group:
  Id: 4674230029630-UnityPersXXXX
  Product: Unity Personal
  Type: Assigned
  Expiration: Unlimited
[Licensing::Client] Successfully updated license, isAsync: True, time: 0.01
[Licensing::Client] Successfully resolved entitlement details
[Licensing::Module] Licensing Background thread has ended after 1.80s
[Licensing::Module] Licensing is initialized (took 1.43s).
[Licensing::Client] Successfully resolved entitlement details
Library Redirect Path: Library/
[Physics::Module] Selected backend.
[Physics::Module] Name: PhysX
[Physics::Module] Id: 0xf2b8ea05
[Physics::Module] SDK Version: 4.1.2
[Physics::Module] Integration Version: 1.0.0
[Physics::Module] Threading Mode: Multi-Threaded
[Licensing::Client] Successfully resolved entitlement details
Initialize engine version: 6000.5.3f1 (c2eb47b3a2a9)
[Subsystems] Discovering subsystems at path C:/Program Files/Unity/Hub/Editor/6000.5.3f1/Editor/Data/Resources/UnitySubsystems
[Subsystems] Discovering subsystems at path C:/Users/STEEP/Documents/game/phase4_reconstruction/Unity6Project/Assets
GfxDevice: creating device client; kGfxThreadingModeNonThreaded
Direct3D:
    Version:  Direct3D 11.0 [level 11.1]
    Renderer: Intel(R) Graphics (ID=0x7dd1)
    Vendor:   Intel
    VRAM:     9014 MB
    Driver:   32.0.101.8860
Initialize mono
Mono path[0] = 'C:/Program Files/Unity/Hub/Editor/6000.5.3f1/Editor/Data/Managed'
Mono path[1] = 'C:/Program Files/Unity/Hub/Editor/6000.5.3f1/Editor/Data/BCLExtensions/runtime/netstandard2.1'
Mono path[2] = 'C:/Program Files/Unity/Hub/Editor/6000.5.3f1/Editor/Data/MonoBleedingEdge/lib/mono/unityjit-win32'
Mono config path = 'C:/Program Files/Unity/Hub/Editor/6000.5.3f1/Editor/Data/MonoBleedingEdge/etc'
Using monoOptions --debugger-agent=transport=dt_socket,embedding=1,server=y,suspend=n,address=127.0.0.1:56500
CodeReloadManager initialized
ImportWorker Server TCP listen port: 0
AcceleratorClientConnectionCallback - disconnected - :0
Begin MonoManager ReloadAssembly
Registering precompiled unity dll's ...
Register platform support module: C:/Program Files/Unity/Hub/Editor/6000.5.3f1/Editor/Data/PlaybackEngines/WebGLSupport/UnityEditor.WebGL.Extensions.dll
Register platform support module: C:/Program Files/Unity/Hub/Editor/6000.5.3f1/Editor/Data/PlaybackEngines/WindowsStandaloneSupport/UnityEditor.WindowsStandalone.Extensions.dll
Register platform support module: C:/Program Files/Unity/Hub/Editor/6000.5.3f1/Editor/Data/PlaybackEngines/AndroidPlayer/UnityEditor.Android.Extensions.dll
Registered in 0.002288 seconds.
Native extension for Android target not found
Native extension for WindowsStandalone target not found
Native extension for WebGL target not found
Package Manager log level set to [2]
ScheduleIndexationOnStartup MainProcess:False IndexOnStartup:True
Mono: successfully reloaded assembly
- Finished resetting the current domain, in  0.372 seconds
Domain Reload Profiling: 809ms
	BeginReloadAssembly (97ms)
		CreateAndSetChildDomain (13ms)
	RebuildCommonClasses (4ms)
	RebuildNativeTypeToScriptingClass (13ms)
	initialDomainReloadingComplete (57ms)
	LoadAllAssembliesAndSetupDomain (263ms)
		LoadAssemblies (81ms)
		AnalyzeDomain (188ms)
			TypeCache.Refresh (187ms)
				TypeCache.ScanAssembly (173ms)
	FinalizeReload (376ms)
		SetupLoadedEditorAssemblies (0ms)
			InitializePlatformSupportModulesInManaged (8ms)
			BeforeProcessingInitializeOnLoad (84ms)
			ProcessInitializeOnLoadAttributes (91ms)
			ProcessInitializeOnLoadMethodAttributes (122ms)
[Licensing::Client] Successfully resolved entitlement details
[Licensing::Client] Successfully resolved entitlement details
Application.AssetDatabase Initial Refresh Start
[Package Manager] Restoring resolved packages state from cache
[Licensing::Client] Successfully resolved entitlement details
[Package Manager] Registered 53 packages:
  Packages from [https://packages.unity.com]:
    com.unity.ai.navigation@2.0.13 (location: C:\Users\STEEP\Documents\game\phase4_reconstruction\Unity6Project\Library\PackageCache\com.unity.ai.navigation@42d896194035)
    com.unity.analytics@3.8.2 (location: C:\Users\STEEP\Documents\game\phase4_reconstruction\Unity6Project\Library\PackageCache\com.unity.analytics@c9d14a6bdec6)
    com.unity.collab-proxy@2.12.4 (location: C:\Users\STEEP\Documents\game\phase4_reconstruction\Unity6Project\Library\PackageCache\com.unity.collab-proxy@0b1559bcd34e)
    com.unity.ide.rider@3.0.38 (location: C:\Users\STEEP\Documents\game\phase4_reconstruction\Unity6Project\Library\PackageCache\com.unity.ide.rider@1f60b3138684)
    com.unity.ide.visualstudio@2.0.26 (location: C:\Users\STEEP\Documents\game\phase4_reconstruction\Unity6Project\Library\PackageCache\com.unity.ide.visualstudio@a99d56dec63f)
    com.unity.purchasing@4.15.1 (location: C:\Users\STEEP\Documents\game\phase4_reconstruction\Unity6Project\Library\PackageCache\com.unity.purchasing@265595791a69)
    com.unity.timeline@1.8.12 (location: C:\Users\STEEP\Documents\game\phase4_reconstruction\Unity6Project\Library\PackageCache\com.unity.timeline@8cd8509afae5)
    com.unity.xr.legacyinputhelpers@3.0.1 (location: C:\Users\STEEP\Documents\game\phase4_reconstruction\Unity6Project\Library\PackageCache\com.unity.xr.legacyinputhelpers@3f62d634f63b)
    com.unity.services.core@1.18.0 (location: C:\Users\STEEP\Documents\game\phase4_reconstruction\Unity6Project\Library\PackageCache\com.unity.services.core@3464cb68d709)
    com.unity.services.analytics@6.3.0 (location: C:\Users\STEEP\Documents\game\phase4_reconstruction\Unity6Project\Library\PackageCache\com.unity.services.analytics@cde4e6cf92f9)
    com.unity.nuget.newtonsoft-json@3.2.2 (location: C:\Users\STEEP\Documents\game\phase4_reconstruction\Unity6Project\Library\PackageCache\com.unity.nuget.newtonsoft-json@4dfd81071c64)
  Built-in packages:
    com.unity.2d.sprite@1.0.0 (location: C:\Users\STEEP\Documents\game\phase4_reconstruction\Unity6Project\Library\PackageCache\com.unity.2d.sprite@053a968eab56)
    com.unity.2d.tilemap@1.0.0 (location: C:\Users\STEEP\Documents\game\phase4_reconstruction\Unity6Project\Library\PackageCache\com.unity.2d.tilemap@592c6ccaefe1)
    com.unity.multiplayer.center@1.0.1 (location: C:\Users\STEEP\Documents\game\phase4_reconstruction\Unity6Project\Library\PackageCache\com.unity.multiplayer.center@b860850997d0)
    com.unity.test-framework@1.7.0 (location: C:\Users\STEEP\Documents\game\phase4_reconstruction\Unity6Project\Library\PackageCache\com.unity.test-framework@1405238725ab)
    com.unity.ugui@2.5.0 (location: C:\Users\STEEP\Documents\game\phase4_reconstruction\Unity6Project\Library\PackageCache\com.unity.ugui@377fd60ad87b)
    com.unity.modules.accessibility@1.0.0 (location: C:\Users\STEEP\Documents\game\phase4_reconstruction\Unity6Project\Library\PackageCache\com.unity.modules.accessibility)
    com.unity.modules.adaptiveperformance@1.0.0 (location: C:\Users\STEEP\Documents\game\phase4_reconstruction\Unity6Project\Library\PackageCache\com.unity.modules.adaptiveperformance)
    com.unity.modules.ai@1.0.0 (location: C:\Users\STEEP\Documents\game\phase4_reconstruction\Unity6Project\Library\PackageCache\com.unity.modules.ai)
    com.unity.modules.androidjni@1.0.0 (location: C:\Users\STEEP\Documents\game\phase4_reconstruction\Unity6Project\Library\PackageCache\com.unity.modules.androidjni)
    com.unity.modules.animation@1.0.0 (location: C:\Users\STEEP\Documents\game\phase4_reconstruction\Unity6Project\Library\PackageCache\com.unity.modules.animation)
    com.unity.modules.assetbundle@1.0.0 (location: C:\Users\STEEP\Documents\game\phase4_reconstruction\Unity6Project\Library\PackageCache\com.unity.modules.assetbundle)
    com.unity.modules.audio@1.0.0 (location: C:\Users\STEEP\Documents\game\phase4_reconstruction\Unity6Project\Library\PackageCache\com.unity.modules.audio)
    com.unity.modules.cloth@1.0.0 (location: C:\Users\STEEP\Documents\game\phase4_reconstruction\Unity6Project\Library\PackageCache\com.unity.modules.cloth)
    com.unity.modules.director@1.0.0 (location: C:\Users\STEEP\Documents\game\phase4_reconstruction\Unity6Project\Library\PackageCache\com.unity.modules.director)
    com.unity.modules.imageconversion@1.0.0 (location: C:\Users\STEEP\Documents\game\phase4_reconstruction\Unity6Project\Library\PackageCache\com.unity.modules.imageconversion)
    com.unity.modules.imgui@1.0.0 (location: C:\Users\STEEP\Documents\game\phase4_reconstruction\Unity6Project\Library\PackageCache\com.unity.modules.imgui)
    com.unity.modules.jsonserialize@1.0.0 (location: C:\Users\STEEP\Documents\game\phase4_reconstruction\Unity6Project\Library\PackageCache\com.unity.modules.jsonserialize)
    com.unity.modules.particlesystem@1.0.0 (location: C:\Users\STEEP\Documents\game\phase4_reconstruction\Unity6Project\Library\PackageCache\com.unity.modules.particlesystem)
    com.unity.modules.physics@1.0.0 (location: C:\Users\STEEP\Documents\game\phase4_reconstruction\Unity6Project\Library\PackageCache\com.unity.modules.physics)
    com.unity.modules.physics2d@1.0.0 (location: C:\Users\STEEP\Documents\game\phase4_reconstruction\Unity6Project\Library\PackageCache\com.unity.modules.physics2d)
    com.unity.modules.physicscore2d@1.0.0 (location: C:\Users\STEEP\Documents\game\phase4_reconstruction\Unity6Project\Library\PackageCache\com.unity.modules.physicscore2d)
    com.unity.modules.screencapture@1.0.0 (location: C:\Users\STEEP\Documents\game\phase4_reconstruction\Unity6Project\Library\PackageCache\com.unity.modules.screencapture)
    com.unity.modules.terrain@1.0.0 (location: C:\Users\STEEP\Documents\game\phase4_reconstruction\Unity6Project\Library\PackageCache\com.unity.modules.terrain)
    com.unity.modules.terrainphysics@1.0.0 (location: C:\Users\STEEP\Documents\game\phase4_reconstruction\Unity6Project\Library\PackageCache\com.unity.modules.terrainphysics)
    com.unity.modules.tilemap@1.0.0 (location: C:\Users\STEEP\Documents\game\phase4_reconstruction\Unity6Project\Library\PackageCache\com.unity.modules.tilemap)
    com.unity.modules.ui@1.0.0 (location: C:\Users\STEEP\Documents\game\phase4_reconstruction\Unity6Project\Library\PackageCache\com.unity.modules.ui)
    com.unity.modules.uielements@1.0.0 (location: C:\Users\STEEP\Documents\game\phase4_reconstruction\Unity6Project\Library\PackageCache\com.unity.modules.uielements)
    com.unity.modules.umbra@1.0.0 (location: C:\Users\STEEP\Documents\game\phase4_reconstruction\Unity6Project\Library\PackageCache\com.unity.modules.umbra)
    com.unity.modules.unityanalytics@1.0.0 (location: C:\Users\STEEP\Documents\game\phase4_reconstruction\Unity6Project\Library\PackageCache\com.unity.modules.unityanalytics)
    com.unity.modules.unitywebrequest@1.0.0 (location: C:\Users\STEEP\Documents\game\phase4_reconstruction\Unity6Project\Library\PackageCache\com.unity.modules.unitywebrequest)
    com.unity.modules.unitywebrequestassetbundle@1.0.0 (location: C:\Users\STEEP\Documents\game\phase4_reconstruction\Unity6Project\Library\PackageCache\com.unity.modules.unitywebrequestassetbundle)
    com.unity.modules.unitywebrequestaudio@1.0.0 (location: C:\Users\STEEP\Documents\game\phase4_reconstruction\Unity6Project\Library\PackageCache\com.unity.modules.unitywebrequestaudio)
    com.unity.modules.unitywebrequesttexture@1.0.0 (location: C:\Users\STEEP\Documents\game\phase4_reconstruction\Unity6Project\Library\PackageCache\com.unity.modules.unitywebrequesttexture)
    com.unity.modules.unitywebrequestwww@1.0.0 (location: C:\Users\STEEP\Documents\game\phase4_reconstruction\Unity6Project\Library\PackageCache\com.unity.modules.unitywebrequestwww)
    com.unity.modules.vectorgraphics@1.0.0 (location: C:\Users\STEEP\Documents\game\phase4_reconstruction\Unity6Project\Library\PackageCache\com.unity.modules.vectorgraphics)
    com.unity.modules.vehicles@1.0.0 (location: C:\Users\STEEP\Documents\game\phase4_reconstruction\Unity6Project\Library\PackageCache\com.unity.modules.vehicles)
    com.unity.modules.video@1.0.0 (location: C:\Users\STEEP\Documents\game\phase4_reconstruction\Unity6Project\Library\PackageCache\com.unity.modules.video)
    com.unity.modules.wind@1.0.0 (location: C:\Users\STEEP\Documents\game\phase4_reconstruction\Unity6Project\Library\PackageCache\com.unity.modules.wind)
    com.unity.modules.xr@1.0.0 (location: C:\Users\STEEP\Documents\game\phase4_reconstruction\Unity6Project\Library\PackageCache\com.unity.modules.xr)
    com.unity.modules.subsystems@1.0.0 (location: C:\Users\STEEP\Documents\game\phase4_reconstruction\Unity6Project\Library\PackageCache\com.unity.modules.subsystems)
    com.unity.modules.hierarchycore@1.0.0 (location: C:\Users\STEEP\Documents\game\phase4_reconstruction\Unity6Project\Library\PackageCache\com.unity.modules.hierarchycore)
    com.unity.ext.nunit@2.1.0 (location: C:\Users\STEEP\Documents\game\phase4_reconstruction\Unity6Project\Library\PackageCache\com.unity.ext.nunit@44f7d31723bd)
[Package Manager] com.unity.purchasing@4.15.1 is deprecated: Unity IAP 4 is unsupported as of June 8, 2026. IAP 5 is the supported version going forward.
[Subsystems] No new subsystems found in resolved package list.
[Package Manager] Done registering packages in 0.02 seconds
[ScriptCompilation] Requested script compilation because: AssetDatabase observed changes in script compilation related files
Starting: C:\Program Files\Unity\Hub\Editor\6000.5.3f1\Editor\Data\Tools\BuildPipeline\bee_backend.exe --ipc --defer-dag-verification --dagfile="Library/Bee/1300b0aE.dag" --continue-on-failure --profile="Library/Bee/backend1.traceevents" ScriptAssemblies
WorkingDir: C:/Users/STEEP/Documents/game/phase4_reconstruction/Unity6Project
DisplayProgressbar: Compiling Scripts
ExitCode: 0 Duration: 0s695ms
[712/718    0s] Csc Library/Bee/artifacts/1300b0aE.dag/Assembly-CSharp.dll (+2 others)
[713/718    0s] CopyFiles Library/ScriptAssemblies/Assembly-CSharp.pdb
[714/718    0s] CopyFiles Library/ScriptAssemblies/Assembly-CSharp.dll
[715/718    0s] Csc Library/Bee/artifacts/1300b0aE.dag/Assembly-CSharp-Editor.dll (+2 others)
[716/718    0s] CopyFiles Library/ScriptAssemblies/Assembly-CSharp-Editor.pdb
[717/718    0s] CopyFiles Library/ScriptAssemblies/Assembly-CSharp-Editor.dll
*** Tundra build success (0.65 seconds), 6 items updated, 718 evaluated
AssetDatabase: script compilation time: 1.117653s
Begin MonoManager ReloadAssembly
Total cache size 97587961
Total cache size after purge 97587961, took 00:00:00.1844935
OnLevelWasLoaded was found on ScreenFader
This message has been deprecated and will be removed in a later version of Unity.
Add a delegate to SceneManager.sceneLoaded instead to get notifications after scene loading has completed
OnLevelWasLoaded was found on Localize
This message has been deprecated and will be removed in a later version of Unity.
Add a delegate to SceneManager.sceneLoaded instead to get notifications after scene loading has completed
OnLevelWasLoaded was found on UghCamera
This message has been deprecated and will be removed in a later version of Unity.
Add a delegate to SceneManager.sceneLoaded instead to get notifications after scene loading has completed
Refreshing native plugins compatible for Editor in 174.50 ms, found 3 plugins.
OnLevelWasLoaded was found on ScreenFader
This message has been deprecated and will be removed in a later version of Unity.
Add a delegate to SceneManager.sceneLoaded instead to get notifications after scene loading has completed
OnLevelWasLoaded was found on Localize
This message has been deprecated and will be removed in a later version of Unity.
Add a delegate to SceneManager.sceneLoaded instead to get notifications after scene loading has completed
OnLevelWasLoaded was found on UghCamera
This message has been deprecated and will be removed in a later version of Unity.
Add a delegate to SceneManager.sceneLoaded instead to get notifications after scene loading has completed
Native extension for Android target not found
Native extension for WindowsStandalone target not found
Native extension for WebGL target not found
ScheduleIndexationOnStartup MainProcess:True IndexOnStartup:True
Mono: successfully reloaded assembly
- Finished resetting the current domain, in  0.768 seconds
Domain Reload Profiling: 2108ms
	BeginReloadAssembly (221ms)
		DisableScriptedObjects (46ms)
		CreateAndSetChildDomain (54ms)
	RebuildCommonClasses (8ms)
	RebuildNativeTypeToScriptingClass (15ms)
	initialDomainReloadingComplete (57ms)
	LoadAllAssembliesAndSetupDomain (1038ms)
		LoadAssemblies (878ms)
		AnalyzeDomain (136ms)
			TypeCache.Refresh (99ms)
				TypeCache.ScanAssembly (85ms)
			BuildScriptInfoCaches (33ms)
	FinalizeReload (769ms)
		SetupLoadedEditorAssemblies (0ms)
			InitializePlatformSupportModulesInManaged (9ms)
			BeforeProcessingInitializeOnLoad (88ms)
			ProcessInitializeOnLoadAttributes (306ms)
			ProcessInitializeOnLoadMethodAttributes (206ms)
			AfterProcessingInitializeOnLoad (6ms)
		AwakeInstancesAfterBackupRestoration (18ms)
Starting new worker id: 0 with log in C:/Users/STEEP/Documents/game/phase4_reconstruction/Unity6Project/Logs/AssetImportWorkerHW0.log
Refreshing native plugins compatible for Editor in 3.27 ms, found 3 plugins.

Asset Pipeline Refresh (id=04b7d292b99b5a946ace33c986fdea24): Total: 7.607 seconds - Initiated by InitialRefreshV2(ForceSynchronousImport)
	(Values over 0.05ms)
	Summary:
		Imports: total=0 (actual=0, local cache=0, cache server=0)
		Asset DB Process Time: managed=0 ms, native=4900 ms
		Asset DB Callback time: managed=128 ms, native=34 ms
		Scripting: domain reloads=1, domain reload time=1390 ms, compile time=1119 ms, other=32 ms
		Project Asset Count: scripts=852, non-scripts=3656
		Asset File Changes: new=0, changed=4, moved=0, deleted=0
		Scan Filter Count: 0
	InvokePackagesCallback: 19.618ms
	ApplyChangesToAssetFolders: 0.550ms
	Scan: 182.535ms
	Collect global state as custom dependencies: 1.462ms
	OnSourceAssetsModified: 0.949ms
	CategorizeScriptCompilationAssets: 23.992ms
	ProcessAssetsWithTransientArtifactChanges: 48.851ms
	CategorizeAssets: 27.759ms
	CompileScripts: 1119.458ms
	ImportOutOfDateAssets: 988.791ms (955.598ms without children)
		UnloadImportedAssets: 0.150ms
		EnsureUptoDateAssetsAreRegisteredWithGuidPM: 0.582ms
		ImportSchedulerStart: 32.455ms
	PostProcessAllAssets: 135.591ms
		VCAutoAddAssetPostprocess 3.765ms
		XRBuildSystem.XRAssetImported 1.454ms
		PostProcessCallbackCreateDeferredMaterials 0.369ms
		WindowTitlePostprocess 0.226ms
		MonoPostProcessAllAssets: 127.265ms
			AssetPostprocessor.OnPostprocessAllAssets 62.292ms
			StyleCatalogPostProcessor.OnPostprocessAllAssets 25.205ms
			WindowAssetPostprocessingWatcher.OnPostprocessAllAssets 10.713ms
			BuilderAssetPostprocessor.OnPostprocessAllAssets 4.987ms
			SpriteSlicePostprocessor.OnPostprocessAllAssets 2.483ms
			AssetChangedListener.OnPostprocessAllAssets 1.952ms
			RetainedModeAssetPostprocessor.OnPostprocessAllAssets 1.478ms
			EditModeScopePostprocessor.OnPostprocessAllAssets 1.406ms
			SpeedTree9Postprocessor.OnPostprocessAllAssets 0.716ms
			TMPro_TexturePostProcessor.OnPostprocessAllAssets 0.680ms
			SpriteEditorTexturePostprocessor.OnPostprocessAllAssets 0.576ms
			TextAssetPostProcessor.OnPostprocessAllAssets 0.542ms
			ArtifactBrowserPostProcessor.OnPostprocessAllAssets 0.531ms
			UVCSAssetPostprocessor.OnPostprocessAllAssets 0.373ms
			ReferencedClipsPostProcessor.OnPostprocessAllAssets 0.318ms
			AssetEvents.OnPostprocessAllAssets 0.311ms
			AudioMixerPostprocessor.OnPostprocessAllAssets 0.277ms
			AssetProcessor.OnPostprocessAllAssets 0.212ms
			TerrainToolbarOverlayPostProcessor.OnPostprocessAllAssets 0.201ms
			AssetDatabaseCallbacks.OnPostprocessAllAssets 0.185ms
			ConfigAssetsTracker.OnPostprocessAllAssets 0.132ms
			SpeedTreePostProcessor.OnPostprocessAllAssets 0.128ms
			ScenarioDriftAssetsTracker.OnPostprocessAllAssets 0.122ms
			SamplePostprocessor.OnPostprocessAllAssets 0.122ms
			SyncVS.PostprocessSyncProject 0.117ms
			RenderPipelineGlobalSettingsPostprocessor.OnPostprocessAllAssets 0.111ms
			AudioContainerPostProcessor.OnPostprocessAllAssets 0.086ms
	PostAssetChangesProfiler: 8.470ms
	UnloadStreamsBegin: 1.838ms
	PersistCurrentRevisions: 0.139ms
	GenerateScriptTypeHashes: 2.341ms
	GenerateScriptTypeSerializationHashes: 4.480ms
	Untracked: 5041.046ms

Application.AssetDatabase Initial Refresh End
Launched and connected shader compiler UnityShaderCompiler.exe after 0.05 seconds
Scanning for USB devices : 1.047ms
Initializing Unity extensions:
[MODES] ModeService[none].Initialize
[MODES] ModeService[none].LoadModes
[MODES] Loading mode Default (0) for mode-current-id-Speedway
Unloading 12 Unused Serialized files (Serialized files now loaded: 0)
Unloading 3491 unused Assets / (3.8 MB). Loaded Objects now: 4119.
Memory consumption went from 284.3 MB to 280.5 MB.
Total: 11.316300 ms (FindLiveObjects: 0.381900 ms CreateObjectMapping: 1.028400 ms MarkObjects: 7.659600 ms  DeleteObjects: 2.046600 ms)

Opening scene 'Assets/Scenes/CloudStrap.unity'
Unloading 4 Unused Serialized files (Serialized files now loaded: 0)
Component GUI Layer in Main Camera for Scene Assets/Scenes/CloudStrap.unity is no longer available.
It will be removed after you edit this GameObject and save the Scene.
UnityEngine.Debug:ExtractStackTraceNoAlloc (byte*,int,string)
UnityEngine.StackTraceUtility:ExtractStackTrace ()
UnityEditor.SceneManagement.EditorSceneManager:OpenScene (string,UnityEditor.SceneManagement.OpenSceneMode)
ReconstructionValidation:Run () (at Assets/Editor/ReconstructionValidation.cs:36)

[Assets/Editor/ReconstructionValidation.cs line 36]

Loaded scene 'Assets/Scenes/CloudStrap.unity'
	Deserialize:            12.711 ms
	Integration:            47.634 ms
	Integration of assets:  0.244 ms
	Thread Wait Time:       -0.169 ms
	Total Operation Time:   60.419 ms
Unloading 3 unused Assets / (2.8 KB). Loaded Objects now: 4180.
Memory consumption went from 272.6 MB to 272.6 MB.
Total: 8.415400 ms (FindLiveObjects: 0.199000 ms CreateObjectMapping: 0.406500 ms MarkObjects: 7.768900 ms  DeleteObjects: 0.039000 ms)

Opening scene 'Assets/Scenes/PreFrontEnd.unity'
Unloading 7 Unused Serialized files (Serialized files now loaded: 0)
Component GUI Layer in Main Camera for Scene Assets/Scenes/PreFrontEnd.unity is no longer available.
It will be removed after you edit this GameObject and save the Scene.
UnityEngine.Debug:ExtractStackTraceNoAlloc (byte*,int,string)
UnityEngine.StackTraceUtility:ExtractStackTrace ()
UnityEditor.SceneManagement.EditorSceneManager:OpenScene (string,UnityEditor.SceneManagement.OpenSceneMode)
ReconstructionValidation:Run () (at Assets/Editor/ReconstructionValidation.cs:36)

[Assets/Editor/ReconstructionValidation.cs line 36]

Loaded scene 'Assets/Scenes/PreFrontEnd.unity'
	Deserialize:            13.118 ms
	Integration:            12.597 ms
	Integration of assets:  0.046 ms
	Thread Wait Time:       0.033 ms
	Total Operation Time:   25.793 ms
Unloading 7 unused Assets / (5.8 KB). Loaded Objects now: 4145.
Memory consumption went from 272.6 MB to 272.6 MB.
Total: 7.530200 ms (FindLiveObjects: 0.214100 ms CreateObjectMapping: 0.468700 ms MarkObjects: 6.739500 ms  DeleteObjects: 0.106400 ms)

Opening scene 'Assets/Scenes/Front End/FrontEndTest.unity'
Worker ready: AssetImportWorkerHW0 0
Unloading 640 Unused Serialized files (Serialized files now loaded: 0)
Component GUI Layer in Main Camera for Scene Assets/Scenes/Front End/FrontEndTest.unity is no longer available.
It will be removed after you edit this GameObject and save the Scene.
UnityEngine.Debug:ExtractStackTraceNoAlloc (byte*,int,string)
UnityEngine.StackTraceUtility:ExtractStackTrace ()
UnityEditor.SceneManagement.EditorSceneManager:OpenScene (string,UnityEditor.SceneManagement.OpenSceneMode)
ReconstructionValidation:Run () (at Assets/Editor/ReconstructionValidation.cs:36)

[Assets/Editor/ReconstructionValidation.cs line 36]

Loaded scene 'Assets/Scenes/Front End/FrontEndTest.unity'
	Deserialize:            3898.865 ms
	Integration:            130.379 ms
	Integration of assets:  186.516 ms
	Thread Wait Time:       -0.952 ms
	Total Operation Time:   4214.807 ms
Unloading 2 unused Assets / (2.4 KB). Loaded Objects now: 9034.
Memory consumption went from 290.9 MB to 290.9 MB.
Total: 10.296100 ms (FindLiveObjects: 0.585500 ms CreateObjectMapping: 1.234800 ms MarkObjects: 8.368300 ms  DeleteObjects: 0.105600 ms)

Opening scene 'Assets/Scenes/Front End/Loading.unity'
Unloading 70 Unused Serialized files (Serialized files now loaded: 0)
Loaded scene 'Assets/Scenes/Front End/Loading.unity'
	Deserialize:            3.217 ms
	Integration:            100.871 ms
	Integration of assets:  0.002 ms
	Thread Wait Time:       0.025 ms
	Total Operation Time:   104.115 ms
Unloading 4529 unused Assets / (6.3 MB). Loaded Objects now: 4457.
Memory consumption went from 287.5 MB to 281.2 MB.
Total: 12.474400 ms (FindLiveObjects: 0.450000 ms CreateObjectMapping: 1.353100 ms MarkObjects: 7.420300 ms  DeleteObjects: 3.249600 ms)

Opening scene 'Assets/Scenes/MoreDisney.unity'
Unloading 21 Unused Serialized files (Serialized files now loaded: 0)
Component GUI Layer in Main Camera for Scene Assets/Scenes/MoreDisney.unity is no longer available.
It will be removed after you edit this GameObject and save the Scene.
UnityEngine.Debug:ExtractStackTraceNoAlloc (byte*,int,string)
UnityEngine.StackTraceUtility:ExtractStackTrace ()
UnityEditor.SceneManagement.EditorSceneManager:OpenScene (string,UnityEditor.SceneManagement.OpenSceneMode)
ReconstructionValidation:Run () (at Assets/Editor/ReconstructionValidation.cs:36)

[Assets/Editor/ReconstructionValidation.cs line 36]

Loaded scene 'Assets/Scenes/MoreDisney.unity'
	Deserialize:            1.589 ms
	Integration:            8.551 ms
	Integration of assets:  0.019 ms
	Thread Wait Time:       0.020 ms
	Total Operation Time:   10.178 ms
Unloading 114 unused Assets / (59.3 KB). Loaded Objects now: 4155.
Memory consumption went from 280.1 MB to 280.1 MB.
Total: 7.303400 ms (FindLiveObjects: 0.270800 ms CreateObjectMapping: 0.484600 ms MarkObjects: 6.297200 ms  DeleteObjects: 0.249800 ms)

Opening scene 'Assets/Scenes/Front End/RaceResults.unity'
Unloading 61 Unused Serialized files (Serialized files now loaded: 0)
Component GUI Layer in Main Camera for Scene Assets/Scenes/Front End/RaceResults.unity is no longer available.
It will be removed after you edit this GameObject and save the Scene.
UnityEngine.Debug:ExtractStackTraceNoAlloc (byte*,int,string)
UnityEngine.StackTraceUtility:ExtractStackTrace ()
UnityEditor.SceneManagement.EditorSceneManager:OpenScene (string,UnityEditor.SceneManagement.OpenSceneMode)
ReconstructionValidation:Run () (at Assets/Editor/ReconstructionValidation.cs:36)

[Assets/Editor/ReconstructionValidation.cs line 36]

Loaded scene 'Assets/Scenes/Front End/RaceResults.unity'
	Deserialize:            58.353 ms
	Integration:            151.492 ms
	Integration of assets:  2.515 ms
	Thread Wait Time:       -0.085 ms
	Total Operation Time:   212.277 ms
Unloading 4 unused Assets / (5.2 KB). Loaded Objects now: 5182.
Memory consumption went from 282.3 MB to 282.3 MB.
Total: 7.198300 ms (FindLiveObjects: 0.274200 ms CreateObjectMapping: 0.545600 ms MarkObjects: 6.299300 ms  DeleteObjects: 0.078100 ms)

Opening scene 'Assets/Scenes/Tracks/Fish Hooks Track 1.unity'
Unloading 160 Unused Serialized files (Serialized files now loaded: 0)
Component Particle Animator in Bubbles deco for Scene Assets/Scenes/Tracks/Fish Hooks Track 1.unity is no longer available.
It will be removed after you edit this GameObject and save the Scene.
UnityEngine.Debug:ExtractStackTraceNoAlloc (byte*,int,string)
UnityEngine.StackTraceUtility:ExtractStackTrace ()
UnityEditor.SceneManagement.EditorSceneManager:OpenScene (string,UnityEditor.SceneManagement.OpenSceneMode)
ReconstructionValidation:Run () (at Assets/Editor/ReconstructionValidation.cs:36)

[Assets/Editor/ReconstructionValidation.cs line 36]

Component Particle Animator in Bubbles deco for Scene Assets/Scenes/Tracks/Fish Hooks Track 1.unity is no longer available.
It will be removed after you edit this GameObject and save the Scene.
UnityEngine.Debug:ExtractStackTraceNoAlloc (byte*,int,string)
UnityEngine.StackTraceUtility:ExtractStackTrace ()
UnityEditor.SceneManagement.EditorSceneManager:OpenScene (string,UnityEditor.SceneManagement.OpenSceneMode)
ReconstructionValidation:Run () (at Assets/Editor/ReconstructionValidation.cs:36)

[Assets/Editor/ReconstructionValidation.cs line 36]

Component Particle Animator in Bubbles deco for Scene Assets/Scenes/Tracks/Fish Hooks Track 1.unity is no longer available.
It will be removed after you edit this GameObject and save the Scene.
UnityEngine.Debug:ExtractStackTraceNoAlloc (byte*,int,string)
UnityEngine.StackTraceUtility:ExtractStackTrace ()
UnityEditor.SceneManagement.EditorSceneManager:OpenScene (string,UnityEditor.SceneManagement.OpenSceneMode)
ReconstructionValidation:Run () (at Assets/Editor/ReconstructionValidation.cs:36)

[Assets/Editor/ReconstructionValidation.cs line 36]

Component Particle Animator in Bubbles deco for Scene Assets/Scenes/Tracks/Fish Hooks Track 1.unity is no longer available.
It will be removed after you edit this GameObject and save the Scene.
UnityEngine.Debug:ExtractStackTraceNoAlloc (byte*,int,string)
UnityEngine.StackTraceUtility:ExtractStackTrace ()
UnityEditor.SceneManagement.EditorSceneManager:OpenScene (string,UnityEditor.SceneManagement.OpenSceneMode)
ReconstructionValidation:Run () (at Assets/Editor/ReconstructionValidation.cs:36)

[Assets/Editor/ReconstructionValidation.cs line 36]

Component Particle Animator in Bubbles deco for Scene Assets/Scenes/Tracks/Fish Hooks Track 1.unity is no longer available.
It will be removed after you edit this GameObject and save the Scene.
UnityEngine.Debug:ExtractStackTraceNoAlloc (byte*,int,string)
UnityEngine.StackTraceUtility:ExtractStackTrace ()
UnityEditor.SceneManagement.EditorSceneManager:OpenScene (string,UnityEditor.SceneManagement.OpenSceneMode)
ReconstructionValidation:Run () (at Assets/Editor/ReconstructionValidation.cs:36)

[Assets/Editor/ReconstructionValidation.cs line 36]

Component Particle Animator in Bubbles deco for Scene Assets/Scenes/Tracks/Fish Hooks Track 1.unity is no longer available.
It will be removed after you edit this GameObject and save the Scene.
UnityEngine.Debug:ExtractStackTraceNoAlloc (byte*,int,string)
UnityEngine.StackTraceUtility:ExtractStackTrace ()
UnityEditor.SceneManagement.EditorSceneManager:OpenScene (string,UnityEditor.SceneManagement.OpenSceneMode)
ReconstructionValidation:Run () (at Assets/Editor/ReconstructionValidation.cs:36)

[Assets/Editor/ReconstructionValidation.cs line 36]

Component Particle Animator in Bubbles deco for Scene Assets/Scenes/Tracks/Fish Hooks Track 1.unity is no longer available.
It will be removed after you edit this GameObject and save the Scene.
UnityEngine.Debug:ExtractStackTraceNoAlloc (byte*,int,string)
UnityEngine.StackTraceUtility:ExtractStackTrace ()
UnityEditor.SceneManagement.EditorSceneManager:OpenScene (string,UnityEditor.SceneManagement.OpenSceneMode)
ReconstructionValidation:Run () (at Assets/Editor/ReconstructionValidation.cs:36)

[Assets/Editor/ReconstructionValidation.cs line 36]

Component Ellipsoid Particle Emitter in Bubbles deco for Scene Assets/Scenes/Tracks/Fish Hooks Track 1.unity is no longer available.
It will be removed after you edit this GameObject and save the Scene.
UnityEngine.Debug:ExtractStackTraceNoAlloc (byte*,int,string)
UnityEngine.StackTraceUtility:ExtractStackTrace ()
UnityEditor.SceneManagement.EditorSceneManager:OpenScene (string,UnityEditor.SceneManagement.OpenSceneMode)
ReconstructionValidation:Run () (at Assets/Editor/ReconstructionValidation.cs:36)

[Assets/Editor/ReconstructionValidation.cs line 36]

Component Ellipsoid Particle Emitter in Bubbles deco for Scene Assets/Scenes/Tracks/Fish Hooks Track 1.unity is no longer available.
It will be removed after you edit this GameObject and save the Scene.
UnityEngine.Debug:ExtractStackTraceNoAlloc (byte*,int,string)
UnityEngine.StackTraceUtility:ExtractStackTrace ()
UnityEditor.SceneManagement.EditorSceneManager:OpenScene (string,UnityEditor.SceneManagement.OpenSceneMode)
ReconstructionValidation:Run () (at Assets/Editor/ReconstructionValidation.cs:36)

[Assets/Editor/ReconstructionValidation.cs line 36]

Component Ellipsoid Particle Emitter in Bubbles deco for Scene Assets/Scenes/Tracks/Fish Hooks Track 1.unity is no longer available.
It will be removed after you edit this GameObject and save the Scene.
UnityEngine.Debug:ExtractStackTraceNoAlloc (byte*,int,string)
UnityEngine.StackTraceUtility:ExtractStackTrace ()
UnityEditor.SceneManagement.EditorSceneManager:OpenScene (string,UnityEditor.SceneManagement.OpenSceneMode)
ReconstructionValidation:Run () (at Assets/Editor/ReconstructionValidation.cs:36)

[Assets/Editor/ReconstructionValidation.cs line 36]

Component Ellipsoid Particle Emitter in Bubbles deco for Scene Assets/Scenes/Tracks/Fish Hooks Track 1.unity is no longer available.
It will be removed after you edit this GameObject and save the Scene.
UnityEngine.Debug:ExtractStackTraceNoAlloc (byte*,int,string)
UnityEngine.StackTraceUtility:ExtractStackTrace ()
UnityEditor.SceneManagement.EditorSceneManager:OpenScene (string,UnityEditor.SceneManagement.OpenSceneMode)
ReconstructionValidation:Run () (at Assets/Editor/ReconstructionValidation.cs:36)

[Assets/Editor/ReconstructionValidation.cs line 36]

Component Ellipsoid Particle Emitter in Bubbles deco for Scene Assets/Scenes/Tracks/Fish Hooks Track 1.unity is no longer available.
It will be removed after you edit this GameObject and save the Scene.
UnityEngine.Debug:ExtractStackTraceNoAlloc (byte*,int,string)
UnityEngine.StackTraceUtility:ExtractStackTrace ()
UnityEditor.SceneManagement.EditorSceneManager:OpenScene (string,UnityEditor.SceneManagement.OpenSceneMode)
ReconstructionValidation:Run () (at Assets/Editor/ReconstructionValidation.cs:36)

[Assets/Editor/ReconstructionValidation.cs line 36]

Component Ellipsoid Particle Emitter in Bubbles deco for Scene Assets/Scenes/Tracks/Fish Hooks Track 1.unity is no longer available.
It will be removed after you edit this GameObject and save the Scene.
UnityEngine.Debug:ExtractStackTraceNoAlloc (byte*,int,string)
UnityEngine.StackTraceUtility:ExtractStackTrace ()
UnityEditor.SceneManagement.EditorSceneManager:OpenScene (string,UnityEditor.SceneManagement.OpenSceneMode)
ReconstructionValidation:Run () (at Assets/Editor/ReconstructionValidation.cs:36)

[Assets/Editor/ReconstructionValidation.cs line 36]

Component Ellipsoid Particle Emitter in Bubbles deco for Scene Assets/Scenes/Tracks/Fish Hooks Track 1.unity is no longer available.
It will be removed after you edit this GameObject and save the Scene.
UnityEngine.Debug:ExtractStackTraceNoAlloc (byte*,int,string)
UnityEngine.StackTraceUtility:ExtractStackTrace ()
UnityEditor.SceneManagement.EditorSceneManager:OpenScene (string,UnityEditor.SceneManagement.OpenSceneMode)
ReconstructionValidation:Run () (at Assets/Editor/ReconstructionValidation.cs:36)

[Assets/Editor/ReconstructionValidation.cs line 36]

Component Particle Renderer in Bubbles deco for Scene Assets/Scenes/Tracks/Fish Hooks Track 1.unity is no longer available.
It will be removed after you edit this GameObject and save the Scene.
UnityEngine.Debug:ExtractStackTraceNoAlloc (byte*,int,string)
UnityEngine.StackTraceUtility:ExtractStackTrace ()
UnityEditor.SceneManagement.EditorSceneManager:OpenScene (string,UnityEditor.SceneManagement.OpenSceneMode)
ReconstructionValidation:Run () (at Assets/Editor/ReconstructionValidation.cs:36)

[Assets/Editor/ReconstructionValidation.cs line 36]

Component Particle Renderer in Bubbles deco for Scene Assets/Scenes/Tracks/Fish Hooks Track 1.unity is no longer available.
It will be removed after you edit this GameObject and save the Scene.
UnityEngine.Debug:ExtractStackTraceNoAlloc (byte*,int,string)
UnityEngine.StackTraceUtility:ExtractStackTrace ()
UnityEditor.SceneManagement.EditorSceneManager:OpenScene (string,UnityEditor.SceneManagement.OpenSceneMode)
ReconstructionValidation:Run () (at Assets/Editor/ReconstructionValidation.cs:36)

[Assets/Editor/ReconstructionValidation.cs line 36]

Component Particle Renderer in Bubbles deco for Scene Assets/Scenes/Tracks/Fish Hooks Track 1.unity is no longer available.
It will be removed after you edit this GameObject and save the Scene.
UnityEngine.Debug:ExtractStackTraceNoAlloc (byte*,int,string)
UnityEngine.StackTraceUtility:ExtractStackTrace ()
UnityEditor.SceneManagement.EditorSceneManager:OpenScene (string,UnityEditor.SceneManagement.OpenSceneMode)
ReconstructionValidation:Run () (at Assets/Editor/ReconstructionValidation.cs:36)

[Assets/Editor/ReconstructionValidation.cs line 36]

Component Particle Renderer in Bubbles deco for Scene Assets/Scenes/Tracks/Fish Hooks Track 1.unity is no longer available.
It will be removed after you edit this GameObject and save the Scene.
UnityEngine.Debug:ExtractStackTraceNoAlloc (byte*,int,string)
UnityEngine.StackTraceUtility:ExtractStackTrace ()
UnityEditor.SceneManagement.EditorSceneManager:OpenScene (string,UnityEditor.SceneManagement.OpenSceneMode)
ReconstructionValidation:Run () (at Assets/Editor/ReconstructionValidation.cs:36)

[Assets/Editor/ReconstructionValidation.cs line 36]

Component Particle Renderer in Bubbles deco for Scene Assets/Scenes/Tracks/Fish Hooks Track 1.unity is no longer available.
It will be removed after you edit this GameObject and save the Scene.
UnityEngine.Debug:ExtractStackTraceNoAlloc (byte*,int,string)
UnityEngine.StackTraceUtility:ExtractStackTrace ()
UnityEditor.SceneManagement.EditorSceneManager:OpenScene (string,UnityEditor.SceneManagement.OpenSceneMode)
ReconstructionValidation:Run () (at Assets/Editor/ReconstructionValidation.cs:36)

[Assets/Editor/ReconstructionValidation.cs line 36]

Component Particle Renderer in Bubbles deco for Scene Assets/Scenes/Tracks/Fish Hooks Track 1.unity is no longer available.
It will be removed after you edit this GameObject and save the Scene.
UnityEngine.Debug:ExtractStackTraceNoAlloc (byte*,int,string)
UnityEngine.StackTraceUtility:ExtractStackTrace ()
UnityEditor.SceneManagement.EditorSceneManager:OpenScene (string,UnityEditor.SceneManagement.OpenSceneMode)
ReconstructionValidation:Run () (at Assets/Editor/ReconstructionValidation.cs:36)

[Assets/Editor/ReconstructionValidation.cs line 36]

Component Particle Renderer in Bubbles deco for Scene Assets/Scenes/Tracks/Fish Hooks Track 1.unity is no longer available.
It will be removed after you edit this GameObject and save the Scene.
UnityEngine.Debug:ExtractStackTraceNoAlloc (byte*,int,string)
UnityEngine.StackTraceUtility:ExtractStackTrace ()
UnityEditor.SceneManagement.EditorSceneManager:OpenScene (string,UnityEditor.SceneManagement.OpenSceneMode)
ReconstructionValidation:Run () (at Assets/Editor/ReconstructionValidation.cs:36)

[Assets/Editor/ReconstructionValidation.cs line 36]

Component GUI Layer in Follow Camera for Scene Assets/Scenes/Tracks/Fish Hooks Track 1.unity is no longer available.
It will be removed after you edit this GameObject and save the Scene.
UnityEngine.Debug:ExtractStackTraceNoAlloc (byte*,int,string)
UnityEngine.StackTraceUtility:ExtractStackTrace ()
UnityEditor.SceneManagement.EditorSceneManager:OpenScene (string,UnityEditor.SceneManagement.OpenSceneMode)
ReconstructionValidation:Run () (at Assets/Editor/ReconstructionValidation.cs:36)

[Assets/Editor/ReconstructionValidation.cs line 36]

Component GUI Layer in Prerace Camera for Scene Assets/Scenes/Tracks/Fish Hooks Track 1.unity is no longer available.
It will be removed after you edit this GameObject and save the Scene.
UnityEngine.Debug:ExtractStackTraceNoAlloc (byte*,int,string)
UnityEngine.StackTraceUtility:ExtractStackTrace ()
UnityEditor.SceneManagement.EditorSceneManager:OpenScene (string,UnityEditor.SceneManagement.OpenSceneMode)
ReconstructionValidation:Run () (at Assets/Editor/ReconstructionValidation.cs:36)

[Assets/Editor/ReconstructionValidation.cs line 36]

Loaded scene 'Assets/Scenes/Tracks/Fish Hooks Track 1.unity'
	Deserialize:            480.062 ms
	Integration:            368.072 ms
	Integration of assets:  39.570 ms
	Thread Wait Time:       0.055 ms
	Total Operation Time:   887.759 ms
Unloading 437 unused Assets / (190.8 KB). Loaded Objects now: 7432.
Memory consumption went from 288.1 MB to 287.9 MB.
Total: 7.846700 ms (FindLiveObjects: 0.604000 ms CreateObjectMapping: 0.748700 ms MarkObjects: 6.097900 ms  DeleteObjects: 0.394900 ms)

Opening scene 'Assets/Scenes/Tracks/Fish Hooks Track 2.unity'
Unloading 64 Unused Serialized files (Serialized files now loaded: 0)
Component Particle Animator in BubbleJetSIDE for Scene Assets/Scenes/Tracks/Fish Hooks Track 2.unity is no longer available.
It will be removed after you edit this GameObject and save the Scene.
UnityEngine.Debug:ExtractStackTraceNoAlloc (byte*,int,string)
UnityEngine.StackTraceUtility:ExtractStackTrace ()
UnityEditor.SceneManagement.EditorSceneManager:OpenScene (string,UnityEditor.SceneManagement.OpenSceneMode)
ReconstructionValidation:Run () (at Assets/Editor/ReconstructionValidation.cs:36)

[Assets/Editor/ReconstructionValidation.cs line 36]

Component Particle Animator in BubbleJetUP for Scene Assets/Scenes/Tracks/Fish Hooks Track 2.unity is no longer available.
It will be removed after you edit this GameObject and save the Scene.
UnityEngine.Debug:ExtractStackTraceNoAlloc (byte*,int,string)
UnityEngine.StackTraceUtility:ExtractStackTrace ()
UnityEditor.SceneManagement.EditorSceneManager:OpenScene (string,UnityEditor.SceneManagement.OpenSceneMode)
ReconstructionValidation:Run () (at Assets/Editor/ReconstructionValidation.cs:36)

[Assets/Editor/ReconstructionValidation.cs line 36]

Component Particle Animator in BubbleJetSIDE for Scene Assets/Scenes/Tracks/Fish Hooks Track 2.unity is no longer available.
It will be removed after you edit this GameObject and save the Scene.
UnityEngine.Debug:ExtractStackTraceNoAlloc (byte*,int,string)
UnityEngine.StackTraceUtility:ExtractStackTrace ()
UnityEditor.SceneManagement.EditorSceneManager:OpenScene (string,UnityEditor.SceneManagement.OpenSceneMode)
ReconstructionValidation:Run () (at Assets/Editor/ReconstructionValidation.cs:36)

[Assets/Editor/ReconstructionValidation.cs line 36]

Component Particle Animator in Bubbles deco for Scene Assets/Scenes/Tracks/Fish Hooks Track 2.unity is no longer available.
It will be removed after you edit this GameObject and save the Scene.
UnityEngine.Debug:ExtractStackTraceNoAlloc (byte*,int,string)
UnityEngine.StackTraceUtility:ExtractStackTrace ()
UnityEditor.SceneManagement.EditorSceneManager:OpenScene (string,UnityEditor.SceneManagement.OpenSceneMode)
ReconstructionValidation:Run () (at Assets/Editor/ReconstructionValidation.cs:36)

[Assets/Editor/ReconstructionValidation.cs line 36]

Component Particle Animator in Bubbles deco for Scene Assets/Scenes/Tracks/Fish Hooks Track 2.unity is no longer available.
It will be removed after you edit this GameObject and save the Scene.
UnityEngine.Debug:ExtractStackTraceNoAlloc (byte*,int,string)
UnityEngine.StackTraceUtility:ExtractStackTrace ()
UnityEditor.SceneManagement.EditorSceneManager:OpenScene (string,UnityEditor.SceneManagement.OpenSceneMode)
ReconstructionValidation:Run () (at Assets/Editor/ReconstructionValidation.cs:36)

[Assets/Editor/ReconstructionValidation.cs line 36]

Component Particle Animator in Bubbles deco for Scene Assets/Scenes/Tracks/Fish Hooks Track 2.unity is no longer available.
It will be removed after you edit this GameObject and save the Scene.
UnityEngine.Debug:ExtractStackTraceNoAlloc (byte*,int,string)
UnityEngine.StackTraceUtility:ExtractStackTrace ()
UnityEditor.SceneManagement.EditorSceneManager:OpenScene (string,UnityEditor.SceneManagement.OpenSceneMode)
ReconstructionValidation:Run () (at Assets/Editor/ReconstructionValidation.cs:36)

[Assets/Editor/ReconstructionValidation.cs line 36]

Component Particle Animator in BubbleJetSIDE for Scene Assets/Scenes/Tracks/Fish Hooks Track 2.unity is no longer available.
It will be removed after you edit this GameObject and save the Scene.
UnityEngine.Debug:ExtractStackTraceNoAlloc (byte*,int,string)
UnityEngine.StackTraceUtility:ExtractStackTrace ()
UnityEditor.SceneManagement.EditorSceneManager:OpenScene (string,UnityEditor.SceneManagement.OpenSceneMode)
ReconstructionValidation:Run () (at Assets/Editor/ReconstructionValidation.cs:36)

[Assets/Editor/ReconstructionValidation.cs line 36]

Component Particle Animator in Bubbles deco for Scene Assets/Scenes/Tracks/Fish Hooks Track 2.unity is no longer available.
It will be removed after you edit this GameObject and save the Scene.
UnityEngine.Debug:ExtractStackTraceNoAlloc (byte*,int,string)
UnityEngine.StackTraceUtility:ExtractStackTrace ()
UnityEditor.SceneManagement.EditorSceneManager:OpenScene (string,UnityEditor.SceneManagement.OpenSceneMode)
ReconstructionValidation:Run () (at Assets/Editor/ReconstructionValidation.cs:36)

[Assets/Editor/ReconstructionValidation.cs line 36]

Component Particle Animator in BubbleJetSIDE for Scene Assets/Scenes/Tracks/Fish Hooks Track 2.unity is no longer available.
It will be removed after you edit this GameObject and save the Scene.
UnityEngine.Debug:ExtractStackTraceNoAlloc (byte*,int,string)
UnityEngine.StackTraceUtility:ExtractStackTrace ()
UnityEditor.SceneManagement.EditorSceneManager:OpenScene (string,UnityEditor.SceneManagement.OpenSceneMode)
ReconstructionValidation:Run () (at Assets/Editor/ReconstructionValidation.cs:36)

[Assets/Editor/ReconstructionValidation.cs line 36]

Component Particle Animator in BubbleJetUP for Scene Assets/Scenes/Tracks/Fish Hooks Track 2.unity is no longer available.
It will be removed after you edit this GameObject and save the Scene.
UnityEngine.Debug:ExtractStackTraceNoAlloc (byte*,int,string)
UnityEngine.StackTraceUtility:ExtractStackTrace ()
UnityEditor.SceneManagement.EditorSceneManager:OpenScene (string,UnityEditor.SceneManagement.OpenSceneMode)
ReconstructionValidation:Run () (at Assets/Editor/ReconstructionValidation.cs:36)

[Assets/Editor/ReconstructionValidation.cs line 36]

Component Particle Animator in Bubbles deco for Scene Assets/Scenes/Tracks/Fish Hooks Track 2.unity is no longer available.
It will be removed after you edit this GameObject and save the Scene.
UnityEngine.Debug:ExtractStackTraceNoAlloc (byte*,int,string)
UnityEngine.StackTraceUtility:ExtractStackTrace ()
UnityEditor.SceneManagement.EditorSceneManager:OpenScene (string,UnityEditor.SceneManagement.OpenSceneMode)
ReconstructionValidation:Run () (at Assets/Editor/ReconstructionValidation.cs:36)

[Assets/Editor/ReconstructionValidation.cs line 36]

Component Particle Animator in Bubbles deco for Scene Assets/Scenes/Tracks/Fish Hooks Track 2.unity is no longer available.
It will be removed after you edit this GameObject and save the Scene.
UnityEngine.Debug:ExtractStackTraceNoAlloc (byte*,int,string)
UnityEngine.StackTraceUtility:ExtractStackTrace ()
UnityEditor.SceneManagement.EditorSceneManager:OpenScene (string,UnityEditor.SceneManagement.OpenSceneMode)
ReconstructionValidation:Run () (at Assets/Editor/ReconstructionValidation.cs:36)

[Assets/Editor/ReconstructionValidation.cs line 36]

Component Particle Animator in Bubbles deco for Scene Assets/Scenes/Tracks/Fish Hooks Track 2.unity is no longer available.
It will be removed after you edit this GameObject and save the Scene.
UnityEngine.Debug:ExtractStackTraceNoAlloc (byte*,int,string)
UnityEngine.StackTraceUtility:ExtractStackTrace ()
UnityEditor.SceneManagement.EditorSceneManager:OpenScene (string,UnityEditor.SceneManagement.OpenSceneMode)
ReconstructionValidation:Run () (at Assets/Editor/ReconstructionValidation.cs:36)

[Assets/Editor/ReconstructionValidation.cs line 36]

Component Particle Animator in BubbleJetSIDE for Scene Assets/Scenes/Tracks/Fish Hooks Track 2.unity is no longer available.
It will be removed after you edit this GameObject and save the Scene.
UnityEngine.Debug:ExtractStackTraceNoAlloc (byte*,int,string)
UnityEngine.StackTraceUtility:ExtractStackTrace ()
UnityEditor.SceneManagement.EditorSceneManager:OpenScene (string,UnityEditor.SceneManagement.OpenSceneMode)
ReconstructionValidation:Run () (at Assets/Editor/ReconstructionValidation.cs:36)

[Assets/Editor/ReconstructionValidation.cs line 36]

Component Particle Animator in BubbleJetSIDE for Scene Assets/Scenes/Tracks/Fish Hooks Track 2.unity is no longer available.
It will be removed after you edit this GameObject and save the Scene.
UnityEngine.Debug:ExtractStackTraceNoAlloc (byte*,int,string)
UnityEngine.StackTraceUtility:ExtractStackTrace ()
UnityEditor.SceneManagement.EditorSceneManager:OpenScene (string,UnityEditor.SceneManagement.OpenSceneMode)
ReconstructionValidation:Run () (at Assets/Editor/ReconstructionValidation.cs:36)

[Assets/Editor/ReconstructionValidation.cs line 36]

Component Particle Animator in BubbleJetSIDE for Scene Assets/Scenes/Tracks/Fish Hooks Track 2.unity is no longer available.
It will be removed after you edit this GameObject and save the Scene.
UnityEngine.Debug:ExtractStackTraceNoAlloc (byte*,int,string)
UnityEngine.StackTraceUtility:ExtractStackTrace ()
UnityEditor.SceneManagement.EditorSceneManager:OpenScene (string,UnityEditor.SceneManagement.OpenSceneMode)
ReconstructionValidation:Run () (at Assets/Editor/ReconstructionValidation.cs:36)

[Assets/Editor/ReconstructionValidation.cs line 36]

Component Particle Animator in Bubbles deco for Scene Assets/Scenes/Tracks/Fish Hooks Track 2.unity is no longer available.
It will be removed after you edit this GameObject and save the Scene.
UnityEngine.Debug:ExtractStackTraceNoAlloc (byte*,int,string)
UnityEngine.StackTraceUtility:ExtractStackTrace ()
UnityEditor.SceneManagement.EditorSceneManager:OpenScene (string,UnityEditor.SceneManagement.OpenSceneMode)
ReconstructionValidation:Run () (at Assets/Editor/ReconstructionValidation.cs:36)

[Assets/Editor/ReconstructionValidation.cs line 36]

Component Ellipsoid Particle Emitter in BubbleJetSIDE for Scene Assets/Scenes/Tracks/Fish Hooks Track 2.unity is no longer available.
It will be removed after you edit this GameObject and save the Scene.
UnityEngine.Debug:ExtractStackTraceNoAlloc (byte*,int,string)
UnityEngine.StackTraceUtility:ExtractStackTrace ()
UnityEditor.SceneManagement.EditorSceneManager:OpenScene (string,UnityEditor.SceneManagement.OpenSceneMode)
ReconstructionValidation:Run () (at Assets/Editor/ReconstructionValidation.cs:36)

[Assets/Editor/ReconstructionValidation.cs line 36]

Component Ellipsoid Particle Emitter in BubbleJetUP for Scene Assets/Scenes/Tracks/Fish Hooks Track 2.unity is no longer available.
It will be removed after you edit this GameObject and save the Scene.
UnityEngine.Debug:ExtractStackTraceNoAlloc (byte*,int,string)
UnityEngine.StackTraceUtility:ExtractStackTrace ()
UnityEditor.SceneManagement.EditorSceneManager:OpenScene (string,UnityEditor.SceneManagement.OpenSceneMode)
ReconstructionValidation:Run () (at Assets/Editor/ReconstructionValidation.cs:36)

[Assets/Editor/ReconstructionValidation.cs line 36]

Component Ellipsoid Particle Emitter in BubbleJetSIDE for Scene Assets/Scenes/Tracks/Fish Hooks Track 2.unity is no longer available.
It will be removed after you edit this GameObject and save the Scene.
UnityEngine.Debug:ExtractStackTraceNoAlloc (byte*,int,string)
UnityEngine.StackTraceUtility:ExtractStackTrace ()
UnityEditor.SceneManagement.EditorSceneManager:OpenScene (string,UnityEditor.SceneManagement.OpenSceneMode)
ReconstructionValidation:Run () (at Assets/Editor/ReconstructionValidation.cs:36)

[Assets/Editor/ReconstructionValidation.cs line 36]

Component Ellipsoid Particle Emitter in Bubbles deco for Scene Assets/Scenes/Tracks/Fish Hooks Track 2.unity is no longer available.
It will be removed after you edit this GameObject and save the Scene.
UnityEngine.Debug:ExtractStackTraceNoAlloc (byte*,int,string)
UnityEngine.StackTraceUtility:ExtractStackTrace ()
UnityEditor.SceneManagement.EditorSceneManager:OpenScene (string,UnityEditor.SceneManagement.OpenSceneMode)
ReconstructionValidation:Run () (at Assets/Editor/ReconstructionValidation.cs:36)

[Assets/Editor/ReconstructionValidation.cs line 36]

Component Ellipsoid Particle Emitter in Bubbles deco for Scene Assets/Scenes/Tracks/Fish Hooks Track 2.unity is no longer available.
It will be removed after you edit this GameObject and save the Scene.
UnityEngine.Debug:ExtractStackTraceNoAlloc (byte*,int,string)
UnityEngine.StackTraceUtility:ExtractStackTrace ()
UnityEditor.SceneManagement.EditorSceneManager:OpenScene (string,UnityEditor.SceneManagement.OpenSceneMode)
ReconstructionValidation:Run () (at Assets/Editor/ReconstructionValidation.cs:36)

[Assets/Editor/ReconstructionValidation.cs line 36]

Component Ellipsoid Particle Emitter in Bubbles deco for Scene Assets/Scenes/Tracks/Fish Hooks Track 2.unity is no longer available.
It will be removed after you edit this GameObject and save the Scene.
UnityEngine.Debug:ExtractStackTraceNoAlloc (byte*,int,string)
UnityEngine.StackTraceUtility:ExtractStackTrace ()
UnityEditor.SceneManagement.EditorSceneManager:OpenScene (string,UnityEditor.SceneManagement.OpenSceneMode)
ReconstructionValidation:Run () (at Assets/Editor/ReconstructionValidation.cs:36)

[Assets/Editor/ReconstructionValidation.cs line 36]

Component Ellipsoid Particle Emitter in BubbleJetSIDE for Scene Assets/Scenes/Tracks/Fish Hooks Track 2.unity is no longer available.
It will be removed after you edit this GameObject and save the Scene.
UnityEngine.Debug:ExtractStackTraceNoAlloc (byte*,int,string)
UnityEngine.StackTraceUtility:ExtractStackTrace ()
UnityEditor.SceneManagement.EditorSceneManager:OpenScene (string,UnityEditor.SceneManagement.OpenSceneMode)
ReconstructionValidation:Run () (at Assets/Editor/ReconstructionValidation.cs:36)

[Assets/Editor/ReconstructionValidation.cs line 36]

Component Ellipsoid Particle Emitter in Bubbles deco for Scene Assets/Scenes/Tracks/Fish Hooks Track 2.unity is no longer available.
It will be removed after you edit this GameObject and save the Scene.
UnityEngine.Debug:ExtractStackTraceNoAlloc (byte*,int,string)
UnityEngine.StackTraceUtility:ExtractStackTrace ()
UnityEditor.SceneManagement.EditorSceneManager:OpenScene (string,UnityEditor.SceneManagement.OpenSceneMode)
ReconstructionValidation:Run () (at Assets/Editor/ReconstructionValidation.cs:36)

[Assets/Editor/ReconstructionValidation.cs line 36]

Component Ellipsoid Particle Emitter in BubbleJetSIDE for Scene Assets/Scenes/Tracks/Fish Hooks Track 2.unity is no longer available.
It will be removed after you edit this GameObject and save the Scene.
UnityEngine.Debug:ExtractStackTraceNoAlloc (byte*,int,string)
UnityEngine.StackTraceUtility:ExtractStackTrace ()
UnityEditor.SceneManagement.EditorSceneManager:OpenScene (string,UnityEditor.SceneManagement.OpenSceneMode)
ReconstructionValidation:Run () (at Assets/Editor/ReconstructionValidation.cs:36)

[Assets/Editor/ReconstructionValidation.cs line 36]

Component Ellipsoid Particle Emitter in BubbleJetUP for Scene Assets/Scenes/Tracks/Fish Hooks Track 2.unity is no longer available.
It will be removed after you edit this GameObject and save the Scene.
UnityEngine.Debug:ExtractStackTraceNoAlloc (byte*,int,string)
UnityEngine.StackTraceUtility:ExtractStackTrace ()
UnityEditor.SceneManagement.EditorSceneManager:OpenScene (string,UnityEditor.SceneManagement.OpenSceneMode)
ReconstructionValidation:Run () (at Assets/Editor/ReconstructionValidation.cs:36)

[Assets/Editor/ReconstructionValidation.cs line 36]

Component Ellipsoid Particle Emitter in Bubbles deco for Scene Assets/Scenes/Tracks/Fish Hooks Track 2.unity is no longer available.
It will be removed after you edit this GameObject and save the Scene.
UnityEngine.Debug:ExtractStackTraceNoAlloc (byte*,int,string)
UnityEngine.StackTraceUtility:ExtractStackTrace ()
UnityEditor.SceneManagement.EditorSceneManager:OpenScene (string,UnityEditor.SceneManagement.OpenSceneMode)
ReconstructionValidation:Run () (at Assets/Editor/ReconstructionValidation.cs:36)

[Assets/Editor/ReconstructionValidation.cs line 36]

Component Ellipsoid Particle Emitter in Bubbles deco for Scene Assets/Scenes/Tracks/Fish Hooks Track 2.unity is no longer available.
It will be removed after you edit this GameObject and save the Scene.
UnityEngine.Debug:ExtractStackTraceNoAlloc (byte*,int,string)
UnityEngine.StackTraceUtility:ExtractStackTrace ()
UnityEditor.SceneManagement.EditorSceneManager:OpenScene (string,UnityEditor.SceneManagement.OpenSceneMode)
ReconstructionValidation:Run () (at Assets/Editor/ReconstructionValidation.cs:36)

[Assets/Editor/ReconstructionValidation.cs line 36]

Component Ellipsoid Particle Emitter in Bubbles deco for Scene Assets/Scenes/Tracks/Fish Hooks Track 2.unity is no longer available.
It will be removed after you edit this GameObject and save the Scene.
UnityEngine.Debug:ExtractStackTraceNoAlloc (byte*,int,string)
UnityEngine.StackTraceUtility:ExtractStackTrace ()
UnityEditor.SceneManagement.EditorSceneManager:OpenScene (string,UnityEditor.SceneManagement.OpenSceneMode)
ReconstructionValidation:Run () (at Assets/Editor/ReconstructionValidation.cs:36)

[Assets/Editor/ReconstructionValidation.cs line 36]

Component Ellipsoid Particle Emitter in BubbleJetSIDE for Scene Assets/Scenes/Tracks/Fish Hooks Track 2.unity is no longer available.
It will be removed after you edit this GameObject and save the Scene.
UnityEngine.Debug:ExtractStackTraceNoAlloc (byte*,int,string)
UnityEngine.StackTraceUtility:ExtractStackTrace ()
UnityEditor.SceneManagement.EditorSceneManager:OpenScene (string,UnityEditor.SceneManagement.OpenSceneMode)
ReconstructionValidation:Run () (at Assets/Editor/ReconstructionValidation.cs:36)

[Assets/Editor/ReconstructionValidation.cs line 36]

Component Ellipsoid Particle Emitter in BubbleJetSIDE for Scene Assets/Scenes/Tracks/Fish Hooks Track 2.unity is no longer available.
It will be removed after you edit this GameObject and save the Scene.
UnityEngine.Debug:ExtractStackTraceNoAlloc (byte*,int,string)
UnityEngine.StackTraceUtility:ExtractStackTrace ()
UnityEditor.SceneManagement.EditorSceneManager:OpenScene (string,UnityEditor.SceneManagement.OpenSceneMode)
ReconstructionValidation:Run () (at Assets/Editor/ReconstructionValidation.cs:36)

[Assets/Editor/ReconstructionValidation.cs line 36]

Component Ellipsoid Particle Emitter in BubbleJetSIDE for Scene Assets/Scenes/Tracks/Fish Hooks Track 2.unity is no longer available.
It will be removed after you edit this GameObject and save the Scene.
UnityEngine.Debug:ExtractStackTraceNoAlloc (byte*,int,string)
UnityEngine.StackTraceUtility:ExtractStackTrace ()
UnityEditor.SceneManagement.EditorSceneManager:OpenScene (string,UnityEditor.SceneManagement.OpenSceneMode)
ReconstructionValidation:Run () (at Assets/Editor/ReconstructionValidation.cs:36)

[Assets/Editor/ReconstructionValidation.cs line 36]

Component Ellipsoid Particle Emitter in Bubbles deco for Scene Assets/Scenes/Tracks/Fish Hooks Track 2.unity is no longer available.
It will be removed after you edit this GameObject and save the Scene.
UnityEngine.Debug:ExtractStackTraceNoAlloc (byte*,int,string)
UnityEngine.StackTraceUtility:ExtractStackTrace ()
UnityEditor.SceneManagement.EditorSceneManager:OpenScene (string,UnityEditor.SceneManagement.OpenSceneMode)
ReconstructionValidation:Run () (at Assets/Editor/ReconstructionValidation.cs:36)

[Assets/Editor/ReconstructionValidation.cs line 36]

Component Particle Renderer in BubbleJetSIDE for Scene Assets/Scenes/Tracks/Fish Hooks Track 2.unity is no longer available.
It will be removed after you edit this GameObject and save the Scene.
UnityEngine.Debug:ExtractStackTraceNoAlloc (byte*,int,string)
UnityEngine.StackTraceUtility:ExtractStackTrace ()
UnityEditor.SceneManagement.EditorSceneManager:OpenScene (string,UnityEditor.SceneManagement.OpenSceneMode)
ReconstructionValidation:Run () (at Assets/Editor/ReconstructionValidation.cs:36)

[Assets/Editor/ReconstructionValidation.cs line 36]

Component Particle Renderer in BubbleJetUP for Scene Assets/Scenes/Tracks/Fish Hooks Track 2.unity is no longer available.
It will be removed after you edit this GameObject and save the Scene.
UnityEngine.Debug:ExtractStackTraceNoAlloc (byte*,int,string)
UnityEngine.StackTraceUtility:ExtractStackTrace ()
UnityEditor.SceneManagement.EditorSceneManager:OpenScene (string,UnityEditor.SceneManagement.OpenSceneMode)
ReconstructionValidation:Run () (at Assets/Editor/ReconstructionValidation.cs:36)

[Assets/Editor/ReconstructionValidation.cs line 36]

Component Particle Renderer in BubbleJetSIDE for Scene Assets/Scenes/Tracks/Fish Hooks Track 2.unity is no longer available.
It will be removed after you edit this GameObject and save the Scene.
UnityEngine.Debug:ExtractStackTraceNoAlloc (byte*,int,string)
UnityEngine.StackTraceUtility:ExtractStackTrace ()
UnityEditor.SceneManagement.EditorSceneManager:OpenScene (string,UnityEditor.SceneManagement.OpenSceneMode)
ReconstructionValidation:Run () (at Assets/Editor/ReconstructionValidation.cs:36)

[Assets/Editor/ReconstructionValidation.cs line 36]

Component Particle Renderer in Bubbles deco for Scene Assets/Scenes/Tracks/Fish Hooks Track 2.unity is no longer available.
It will be removed after you edit this GameObject and save the Scene.
UnityEngine.Debug:ExtractStackTraceNoAlloc (byte*,int,string)
UnityEngine.StackTraceUtility:ExtractStackTrace ()
UnityEditor.SceneManagement.EditorSceneManager:OpenScene (string,UnityEditor.SceneManagement.OpenSceneMode)
ReconstructionValidation:Run () (at Assets/Editor/ReconstructionValidation.cs:36)

[Assets/Editor/ReconstructionValidation.cs line 36]

Component Particle Renderer in Bubbles deco for Scene Assets/Scenes/Tracks/Fish Hooks Track 2.unity is no longer available.
It will be removed after you edit this GameObject and save the Scene.
UnityEngine.Debug:ExtractStackTraceNoAlloc (byte*,int,string)
UnityEngine.StackTraceUtility:ExtractStackTrace ()
UnityEditor.SceneManagement.EditorSceneManager:OpenScene (string,UnityEditor.SceneManagement.OpenSceneMode)
ReconstructionValidation:Run () (at Assets/Editor/ReconstructionValidation.cs:36)

[Assets/Editor/ReconstructionValidation.cs line 36]

Component Particle Renderer in Bubbles deco for Scene Assets/Scenes/Tracks/Fish Hooks Track 2.unity is no longer available.
It will be removed after you edit this GameObject and save the Scene.
UnityEngine.Debug:ExtractStackTraceNoAlloc (byte*,int,string)
UnityEngine.StackTraceUtility:ExtractStackTrace ()
UnityEditor.SceneManagement.EditorSceneManager:OpenScene (string,UnityEditor.SceneManagement.OpenSceneMode)
ReconstructionValidation:Run () (at Assets/Editor/ReconstructionValidation.cs:36)

[Assets/Editor/ReconstructionValidation.cs line 36]

Component Particle Renderer in BubbleJetSIDE for Scene Assets/Scenes/Tracks/Fish Hooks Track 2.unity is no longer available.
It will be removed after you edit this GameObject and save the Scene.
UnityEngine.Debug:ExtractStackTraceNoAlloc (byte*,int,string)
UnityEngine.StackTraceUtility:ExtractStackTrace ()
UnityEditor.SceneManagement.EditorSceneManager:OpenScene (string,UnityEditor.SceneManagement.OpenSceneMode)
ReconstructionValidation:Run () (at Assets/Editor/ReconstructionValidation.cs:36)

[Assets/Editor/ReconstructionValidation.cs line 36]

Component Particle Renderer in Bubbles deco for Scene Assets/Scenes/Tracks/Fish Hooks Track 2.unity is no longer available.
It will be removed after you edit this GameObject and save the Scene.
UnityEngine.Debug:ExtractStackTraceNoAlloc (byte*,int,string)
UnityEngine.StackTraceUtility:ExtractStackTrace ()
UnityEditor.SceneManagement.EditorSceneManager:OpenScene (string,UnityEditor.SceneManagement.OpenSceneMode)
ReconstructionValidation:Run () (at Assets/Editor/ReconstructionValidation.cs:36)

[Assets/Editor/ReconstructionValidation.cs line 36]

Component Particle Renderer in BubbleJetSIDE for Scene Assets/Scenes/Tracks/Fish Hooks Track 2.unity is no longer available.
It will be removed after you edit this GameObject and save the Scene.
UnityEngine.Debug:ExtractStackTraceNoAlloc (byte*,int,string)
UnityEngine.StackTraceUtility:ExtractStackTrace ()
UnityEditor.SceneManagement.EditorSceneManager:OpenScene (string,UnityEditor.SceneManagement.OpenSceneMode)
ReconstructionValidation:Run () (at Assets/Editor/ReconstructionValidation.cs:36)

[Assets/Editor/ReconstructionValidation.cs line 36]

Component Particle Renderer in BubbleJetUP for Scene Assets/Scenes/Tracks/Fish Hooks Track 2.unity is no longer available.
It will be removed after you edit this GameObject and save the Scene.
UnityEngine.Debug:ExtractStackTraceNoAlloc (byte*,int,string)
UnityEngine.StackTraceUtility:ExtractStackTrace ()
UnityEditor.SceneManagement.EditorSceneManager:OpenScene (string,UnityEditor.SceneManagement.OpenSceneMode)
ReconstructionValidation:Run () (at Assets/Editor/ReconstructionValidation.cs:36)

[Assets/Editor/ReconstructionValidation.cs line 36]

Component Particle Renderer in Bubbles deco for Scene Assets/Scenes/Tracks/Fish Hooks Track 2.unity is no longer available.
It will be removed after you edit this GameObject and save the Scene.
UnityEngine.Debug:ExtractStackTraceNoAlloc (byte*,int,string)
UnityEngine.StackTraceUtility:ExtractStackTrace ()
UnityEditor.SceneManagement.EditorSceneManager:OpenScene (string,UnityEditor.SceneManagement.OpenSceneMode)
ReconstructionValidation:Run () (at Assets/Editor/ReconstructionValidation.cs:36)

[Assets/Editor/ReconstructionValidation.cs line 36]

Component Particle Renderer in Bubbles deco for Scene Assets/Scenes/Tracks/Fish Hooks Track 2.unity is no longer available.
It will be removed after you edit this GameObject and save the Scene.
UnityEngine.Debug:ExtractStackTraceNoAlloc (byte*,int,string)
UnityEngine.StackTraceUtility:ExtractStackTrace ()
UnityEditor.SceneManagement.EditorSceneManager:OpenScene (string,UnityEditor.SceneManagement.OpenSceneMode)
ReconstructionValidation:Run () (at Assets/Editor/ReconstructionValidation.cs:36)

[Assets/Editor/ReconstructionValidation.cs line 36]

Component Particle Renderer in Bubbles deco for Scene Assets/Scenes/Tracks/Fish Hooks Track 2.unity is no longer available.
It will be removed after you edit this GameObject and save the Scene.
UnityEngine.Debug:ExtractStackTraceNoAlloc (byte*,int,string)
UnityEngine.StackTraceUtility:ExtractStackTrace ()
UnityEditor.SceneManagement.EditorSceneManager:OpenScene (string,UnityEditor.SceneManagement.OpenSceneMode)
ReconstructionValidation:Run () (at Assets/Editor/ReconstructionValidation.cs:36)

[Assets/Editor/ReconstructionValidation.cs line 36]

Component Particle Renderer in BubbleJetSIDE for Scene Assets/Scenes/Tracks/Fish Hooks Track 2.unity is no longer available.
It will be removed after you edit this GameObject and save the Scene.
UnityEngine.Debug:ExtractStackTraceNoAlloc (byte*,int,string)
UnityEngine.StackTraceUtility:ExtractStackTrace ()
UnityEditor.SceneManagement.EditorSceneManager:OpenScene (string,UnityEditor.SceneManagement.OpenSceneMode)
ReconstructionValidation:Run () (at Assets/Editor/ReconstructionValidation.cs:36)

[Assets/Editor/ReconstructionValidation.cs line 36]

Component Particle Renderer in BubbleJetSIDE for Scene Assets/Scenes/Tracks/Fish Hooks Track 2.unity is no longer available.
It will be removed after you edit this GameObject and save the Scene.
UnityEngine.Debug:ExtractStackTraceNoAlloc (byte*,int,string)
UnityEngine.StackTraceUtility:ExtractStackTrace ()
UnityEditor.SceneManagement.EditorSceneManager:OpenScene (string,UnityEditor.SceneManagement.OpenSceneMode)
ReconstructionValidation:Run () (at Assets/Editor/ReconstructionValidation.cs:36)

[Assets/Editor/ReconstructionValidation.cs line 36]

Component Particle Renderer in BubbleJetSIDE for Scene Assets/Scenes/Tracks/Fish Hooks Track 2.unity is no longer available.
It will be removed after you edit this GameObject and save the Scene.
UnityEngine.Debug:ExtractStackTraceNoAlloc (byte*,int,string)
UnityEngine.StackTraceUtility:ExtractStackTrace ()
UnityEditor.SceneManagement.EditorSceneManager:OpenScene (string,UnityEditor.SceneManagement.OpenSceneMode)
ReconstructionValidation:Run () (at Assets/Editor/ReconstructionValidation.cs:36)

[Assets/Editor/ReconstructionValidation.cs line 36]

Component Particle Renderer in Bubbles deco for Scene Assets/Scenes/Tracks/Fish Hooks Track 2.unity is no longer available.
It will be removed after you edit this GameObject and save the Scene.
UnityEngine.Debug:ExtractStackTraceNoAlloc (byte*,int,string)
UnityEngine.StackTraceUtility:ExtractStackTrace ()
UnityEditor.SceneManagement.EditorSceneManager:OpenScene (string,UnityEditor.SceneManagement.OpenSceneMode)
ReconstructionValidation:Run () (at Assets/Editor/ReconstructionValidation.cs:36)

[Assets/Editor/ReconstructionValidation.cs line 36]

Component GUI Layer in Follow Camera for Scene Assets/Scenes/Tracks/Fish Hooks Track 2.unity is no longer available.
It will be removed after you edit this GameObject and save the Scene.
UnityEngine.Debug:ExtractStackTraceNoAlloc (byte*,int,string)
UnityEngine.StackTraceUtility:ExtractStackTrace ()
UnityEditor.SceneManagement.EditorSceneManager:OpenScene (string,UnityEditor.SceneManagement.OpenSceneMode)
ReconstructionValidation:Run () (at Assets/Editor/ReconstructionValidation.cs:36)

[Assets/Editor/ReconstructionValidation.cs line 36]

Component GUI Layer in Prerace Camera for Scene Assets/Scenes/Tracks/Fish Hooks Track 2.unity is no longer available.
It will be removed after you edit this GameObject and save the Scene.
UnityEngine.Debug:ExtractStackTraceNoAlloc (byte*,int,string)
UnityEngine.StackTraceUtility:ExtractStackTrace ()
UnityEditor.SceneManagement.EditorSceneManager:OpenScene (string,UnityEditor.SceneManagement.OpenSceneMode)
ReconstructionValidation:Run () (at Assets/Editor/ReconstructionValidation.cs:36)

[Assets/Editor/ReconstructionValidation.cs line 36]

Loaded scene 'Assets/Scenes/Tracks/Fish Hooks Track 2.unity'
	Deserialize:            57.323 ms
	Integration:            211.016 ms
	Integration of assets:  0.089 ms
	Thread Wait Time:       0.030 ms
	Total Operation Time:   268.457 ms
Unloading 47 unused Assets / (60.3 KB). Loaded Objects now: 7797.
Memory consumption went from 288.3 MB to 288.3 MB.
Total: 9.351100 ms (FindLiveObjects: 0.436500 ms CreateObjectMapping: 0.557300 ms MarkObjects: 7.953800 ms  DeleteObjects: 0.402100 ms)

Opening scene 'Assets/Scenes/Tracks/Fish Hooks Track 3.unity'
Unloading 32 Unused Serialized files (Serialized files now loaded: 0)
Component Particle Animator in Bubbles deco for Scene Assets/Scenes/Tracks/Fish Hooks Track 3.unity is no longer available.
It will be removed after you edit this GameObject and save the Scene.
UnityEngine.Debug:ExtractStackTraceNoAlloc (byte*,int,string)
UnityEngine.StackTraceUtility:ExtractStackTrace ()
UnityEditor.SceneManagement.EditorSceneManager:OpenScene (string,UnityEditor.SceneManagement.OpenSceneMode)
ReconstructionValidation:Run () (at Assets/Editor/ReconstructionValidation.cs:36)

[Assets/Editor/ReconstructionValidation.cs line 36]

Component Particle Animator in BubbleJet deco for Scene Assets/Scenes/Tracks/Fish Hooks Track 3.unity is no longer available.
It will be removed after you edit this GameObject and save the Scene.
UnityEngine.Debug:ExtractStackTraceNoAlloc (byte*,int,string)
UnityEngine.StackTraceUtility:ExtractStackTrace ()
UnityEditor.SceneManagement.EditorSceneManager:OpenScene (string,UnityEditor.SceneManagement.OpenSceneMode)
ReconstructionValidation:Run () (at Assets/Editor/ReconstructionValidation.cs:36)

[Assets/Editor/ReconstructionValidation.cs line 36]

Component Particle Animator in Bubbles deco for Scene Assets/Scenes/Tracks/Fish Hooks Track 3.unity is no longer available.
It will be removed after you edit this GameObject and save the Scene.
UnityEngine.Debug:ExtractStackTraceNoAlloc (byte*,int,string)
UnityEngine.StackTraceUtility:ExtractStackTrace ()
UnityEditor.SceneManagement.EditorSceneManager:OpenScene (string,UnityEditor.SceneManagement.OpenSceneMode)
ReconstructionValidation:Run () (at Assets/Editor/ReconstructionValidation.cs:36)

[Assets/Editor/ReconstructionValidation.cs line 36]

Component Particle Animator in BubbleJet deco for Scene Assets/Scenes/Tracks/Fish Hooks Track 3.unity is no longer available.
It will be removed after you edit this GameObject and save the Scene.
UnityEngine.Debug:ExtractStackTraceNoAlloc (byte*,int,string)
UnityEngine.StackTraceUtility:ExtractStackTrace ()
UnityEditor.SceneManagement.EditorSceneManager:OpenScene (string,UnityEditor.SceneManagement.OpenSceneMode)
ReconstructionValidation:Run () (at Assets/Editor/ReconstructionValidation.cs:36)

[Assets/Editor/ReconstructionValidation.cs line 36]

Component Particle Animator in BubbleJet deco for Scene Assets/Scenes/Tracks/Fish Hooks Track 3.unity is no longer available.
It will be removed after you edit this GameObject and save the Scene.
UnityEngine.Debug:ExtractStackTraceNoAlloc (byte*,int,string)
UnityEngine.StackTraceUtility:ExtractStackTrace ()
UnityEditor.SceneManagement.EditorSceneManager:OpenScene (string,UnityEditor.SceneManagement.OpenSceneMode)
ReconstructionValidation:Run () (at Assets/Editor/ReconstructionValidation.cs:36)

[Assets/Editor/ReconstructionValidation.cs line 36]

Component Particle Animator in Bubbles deco for Scene Assets/Scenes/Tracks/Fish Hooks Track 3.unity is no longer available.
It will be removed after you edit this GameObject and save the Scene.
UnityEngine.Debug:ExtractStackTraceNoAlloc (byte*,int,string)
UnityEngine.StackTraceUtility:ExtractStackTrace ()
UnityEditor.SceneManagement.EditorSceneManager:OpenScene (string,UnityEditor.SceneManagement.OpenSceneMode)
ReconstructionValidation:Run () (at Assets/Editor/ReconstructionValidation.cs:36)

[Assets/Editor/ReconstructionValidation.cs line 36]

Component Particle Animator in BubbleJet deco for Scene Assets/Scenes/Tracks/Fish Hooks Track 3.unity is no longer available.
It will be removed after you edit this GameObject and save the Scene.
UnityEngine.Debug:ExtractStackTraceNoAlloc (byte*,int,string)
UnityEngine.StackTraceUtility:ExtractStackTrace ()
UnityEditor.SceneManagement.EditorSceneManager:OpenScene (string,UnityEditor.SceneManagement.OpenSceneMode)
ReconstructionValidation:Run () (at Assets/Editor/ReconstructionValidation.cs:36)

[Assets/Editor/ReconstructionValidation.cs line 36]

Component Particle Animator in BubbleJet deco for Scene Assets/Scenes/Tracks/Fish Hooks Track 3.unity is no longer available.
It will be removed after you edit this GameObject and save the Scene.
UnityEngine.Debug:ExtractStackTraceNoAlloc (byte*,int,string)
UnityEngine.StackTraceUtility:ExtractStackTrace ()
UnityEditor.SceneManagement.EditorSceneManager:OpenScene (string,UnityEditor.SceneManagement.OpenSceneMode)
ReconstructionValidation:Run () (at Assets/Editor/ReconstructionValidation.cs:36)

[Assets/Editor/ReconstructionValidation.cs line 36]

Component Ellipsoid Particle Emitter in Bubbles deco for Scene Assets/Scenes/Tracks/Fish Hooks Track 3.unity is no longer available.
It will be removed after you edit this GameObject and save the Scene.
UnityEngine.Debug:ExtractStackTraceNoAlloc (byte*,int,string)
UnityEngine.StackTraceUtility:ExtractStackTrace ()
UnityEditor.SceneManagement.EditorSceneManager:OpenScene (string,UnityEditor.SceneManagement.OpenSceneMode)
ReconstructionValidation:Run () (at Assets/Editor/ReconstructionValidation.cs:36)

[Assets/Editor/ReconstructionValidation.cs line 36]

Component Ellipsoid Particle Emitter in BubbleJet deco for Scene Assets/Scenes/Tracks/Fish Hooks Track 3.unity is no longer available.
It will be removed after you edit this GameObject and save the Scene.
UnityEngine.Debug:ExtractStackTraceNoAlloc (byte*,int,string)
UnityEngine.StackTraceUtility:ExtractStackTrace ()
UnityEditor.SceneManagement.EditorSceneManager:OpenScene (string,UnityEditor.SceneManagement.OpenSceneMode)
ReconstructionValidation:Run () (at Assets/Editor/ReconstructionValidation.cs:36)

[Assets/Editor/ReconstructionValidation.cs line 36]

Component Ellipsoid Particle Emitter in Bubbles deco for Scene Assets/Scenes/Tracks/Fish Hooks Track 3.unity is no longer available.
It will be removed after you edit this GameObject and save the Scene.
UnityEngine.Debug:ExtractStackTraceNoAlloc (byte*,int,string)
UnityEngine.StackTraceUtility:ExtractStackTrace ()
UnityEditor.SceneManagement.EditorSceneManager:OpenScene (string,UnityEditor.SceneManagement.OpenSceneMode)
ReconstructionValidation:Run () (at Assets/Editor/ReconstructionValidation.cs:36)

[Assets/Editor/ReconstructionValidation.cs line 36]

Component Ellipsoid Particle Emitter in BubbleJet deco for Scene Assets/Scenes/Tracks/Fish Hooks Track 3.unity is no longer available.
It will be removed after you edit this GameObject and save the Scene.
UnityEngine.Debug:ExtractStackTraceNoAlloc (byte*,int,string)
UnityEngine.StackTraceUtility:ExtractStackTrace ()
UnityEditor.SceneManagement.EditorSceneManager:OpenScene (string,UnityEditor.SceneManagement.OpenSceneMode)
ReconstructionValidation:Run () (at Assets/Editor/ReconstructionValidation.cs:36)

[Assets/Editor/ReconstructionValidation.cs line 36]

Component Ellipsoid Particle Emitter in BubbleJet deco for Scene Assets/Scenes/Tracks/Fish Hooks Track 3.unity is no longer available.
It will be removed after you edit this GameObject and save the Scene.
UnityEngine.Debug:ExtractStackTraceNoAlloc (byte*,int,string)
UnityEngine.StackTraceUtility:ExtractStackTrace ()
UnityEditor.SceneManagement.EditorSceneManager:OpenScene (string,UnityEditor.SceneManagement.OpenSceneMode)
ReconstructionValidation:Run () (at Assets/Editor/ReconstructionValidation.cs:36)

[Assets/Editor/ReconstructionValidation.cs line 36]

Component Ellipsoid Particle Emitter in Bubbles deco for Scene Assets/Scenes/Tracks/Fish Hooks Track 3.unity is no longer available.
It will be removed after you edit this GameObject and save the Scene.
UnityEngine.Debug:ExtractStackTraceNoAlloc (byte*,int,string)
UnityEngine.StackTraceUtility:ExtractStackTrace ()
UnityEditor.SceneManagement.EditorSceneManager:OpenScene (string,UnityEditor.SceneManagement.OpenSceneMode)
ReconstructionValidation:Run () (at Assets/Editor/ReconstructionValidation.cs:36)

[Assets/Editor/ReconstructionValidation.cs line 36]

Component Ellipsoid Particle Emitter in BubbleJet deco for Scene Assets/Scenes/Tracks/Fish Hooks Track 3.unity is no longer available.
It will be removed after you edit this GameObject and save the Scene.
UnityEngine.Debug:ExtractStackTraceNoAlloc (byte*,int,string)
UnityEngine.StackTraceUtility:ExtractStackTrace ()
UnityEditor.SceneManagement.EditorSceneManager:OpenScene (string,UnityEditor.SceneManagement.OpenSceneMode)
ReconstructionValidation:Run () (at Assets/Editor/ReconstructionValidation.cs:36)

[Assets/Editor/ReconstructionValidation.cs line 36]

Component Ellipsoid Particle Emitter in BubbleJet deco for Scene Assets/Scenes/Tracks/Fish Hooks Track 3.unity is no longer available.
It will be removed after you edit this GameObject and save the Scene.
UnityEngine.Debug:ExtractStackTraceNoAlloc (byte*,int,string)
UnityEngine.StackTraceUtility:ExtractStackTrace ()
UnityEditor.SceneManagement.EditorSceneManager:OpenScene (string,UnityEditor.SceneManagement.OpenSceneMode)
ReconstructionValidation:Run () (at Assets/Editor/ReconstructionValidation.cs:36)

[Assets/Editor/ReconstructionValidation.cs line 36]

Component Particle Renderer in Bubbles deco for Scene Assets/Scenes/Tracks/Fish Hooks Track 3.unity is no longer available.
It will be removed after you edit this GameObject and save the Scene.
UnityEngine.Debug:ExtractStackTraceNoAlloc (byte*,int,string)
UnityEngine.StackTraceUtility:ExtractStackTrace ()
UnityEditor.SceneManagement.EditorSceneManager:OpenScene (string,UnityEditor.SceneManagement.OpenSceneMode)
ReconstructionValidation:Run () (at Assets/Editor/ReconstructionValidation.cs:36)

[Assets/Editor/ReconstructionValidation.cs line 36]

Component Particle Renderer in BubbleJet deco for Scene Assets/Scenes/Tracks/Fish Hooks Track 3.unity is no longer available.
It will be removed after you edit this GameObject and save the Scene.
UnityEngine.Debug:ExtractStackTraceNoAlloc (byte*,int,string)
UnityEngine.StackTraceUtility:ExtractStackTrace ()
UnityEditor.SceneManagement.EditorSceneManager:OpenScene (string,UnityEditor.SceneManagement.OpenSceneMode)
ReconstructionValidation:Run () (at Assets/Editor/ReconstructionValidation.cs:36)

[Assets/Editor/ReconstructionValidation.cs line 36]

Component Particle Renderer in Bubbles deco for Scene Assets/Scenes/Tracks/Fish Hooks Track 3.unity is no longer available.
It will be removed after you edit this GameObject and save the Scene.
UnityEngine.Debug:ExtractStackTraceNoAlloc (byte*,int,string)
UnityEngine.StackTraceUtility:ExtractStackTrace ()
UnityEditor.SceneManagement.EditorSceneManager:OpenScene (string,UnityEditor.SceneManagement.OpenSceneMode)
ReconstructionValidation:Run () (at Assets/Editor/ReconstructionValidation.cs:36)

[Assets/Editor/ReconstructionValidation.cs line 36]

Component Particle Renderer in BubbleJet deco for Scene Assets/Scenes/Tracks/Fish Hooks Track 3.unity is no longer available.
It will be removed after you edit this GameObject and save the Scene.
UnityEngine.Debug:ExtractStackTraceNoAlloc (byte*,int,string)
UnityEngine.StackTraceUtility:ExtractStackTrace ()
UnityEditor.SceneManagement.EditorSceneManager:OpenScene (string,UnityEditor.SceneManagement.OpenSceneMode)
ReconstructionValidation:Run () (at Assets/Editor/ReconstructionValidation.cs:36)

[Assets/Editor/ReconstructionValidation.cs line 36]

Component Particle Renderer in BubbleJet deco for Scene Assets/Scenes/Tracks/Fish Hooks Track 3.unity is no longer available.
It will be removed after you edit this GameObject and save the Scene.
UnityEngine.Debug:ExtractStackTraceNoAlloc (byte*,int,string)
UnityEngine.StackTraceUtility:ExtractStackTrace ()
UnityEditor.SceneManagement.EditorSceneManager:OpenScene (string,UnityEditor.SceneManagement.OpenSceneMode)
ReconstructionValidation:Run () (at Assets/Editor/ReconstructionValidation.cs:36)

[Assets/Editor/ReconstructionValidation.cs line 36]

Component Particle Renderer in Bubbles deco for Scene Assets/Scenes/Tracks/Fish Hooks Track 3.unity is no longer available.
It will be removed after you edit this GameObject and save the Scene.
UnityEngine.Debug:ExtractStackTraceNoAlloc (byte*,int,string)
UnityEngine.StackTraceUtility:ExtractStackTrace ()
UnityEditor.SceneManagement.EditorSceneManager:OpenScene (string,UnityEditor.SceneManagement.OpenSceneMode)
ReconstructionValidation:Run () (at Assets/Editor/ReconstructionValidation.cs:36)

[Assets/Editor/ReconstructionValidation.cs line 36]

Component Particle Renderer in BubbleJet deco for Scene Assets/Scenes/Tracks/Fish Hooks Track 3.unity is no longer available.
It will be removed after you edit this GameObject and save the Scene.
UnityEngine.Debug:ExtractStackTraceNoAlloc (byte*,int,string)
UnityEngine.StackTraceUtility:ExtractStackTrace ()
UnityEditor.SceneManagement.EditorSceneManager:OpenScene (string,UnityEditor.SceneManagement.OpenSceneMode)
ReconstructionValidation:Run () (at Assets/Editor/ReconstructionValidation.cs:36)

[Assets/Editor/ReconstructionValidation.cs line 36]

Component Particle Renderer in BubbleJet deco for Scene Assets/Scenes/Tracks/Fish Hooks Track 3.unity is no longer available.
It will be removed after you edit this GameObject and save the Scene.
UnityEngine.Debug:ExtractStackTraceNoAlloc (byte*,int,string)
UnityEngine.StackTraceUtility:ExtractStackTrace ()
UnityEditor.SceneManagement.EditorSceneManager:OpenScene (string,UnityEditor.SceneManagement.OpenSceneMode)
ReconstructionValidation:Run () (at Assets/Editor/ReconstructionValidation.cs:36)

[Assets/Editor/ReconstructionValidation.cs line 36]

Component GUI Layer in Follow Camera for Scene Assets/Scenes/Tracks/Fish Hooks Track 3.unity is no longer available.
It will be removed after you edit this GameObject and save the Scene.
UnityEngine.Debug:ExtractStackTraceNoAlloc (byte*,int,string)
UnityEngine.StackTraceUtility:ExtractStackTrace ()
UnityEditor.SceneManagement.EditorSceneManager:OpenScene (string,UnityEditor.SceneManagement.OpenSceneMode)
ReconstructionValidation:Run () (at Assets/Editor/ReconstructionValidation.cs:36)

[Assets/Editor/ReconstructionValidation.cs line 36]

Component GUI Layer in Prerace Camera for Scene Assets/Scenes/Tracks/Fish Hooks Track 3.unity is no longer available.
It will be removed after you edit this GameObject and save the Scene.
UnityEngine.Debug:ExtractStackTraceNoAlloc (byte*,int,string)
UnityEngine.StackTraceUtility:ExtractStackTrace ()
UnityEditor.SceneManagement.EditorSceneManager:OpenScene (string,UnityEditor.SceneManagement.OpenSceneMode)
ReconstructionValidation:Run () (at Assets/Editor/ReconstructionValidation.cs:36)

[Assets/Editor/ReconstructionValidation.cs line 36]

Loaded scene 'Assets/Scenes/Tracks/Fish Hooks Track 3.unity'
	Deserialize:            46.306 ms
	Integration:            98.547 ms
	Integration of assets:  0.014 ms
	Thread Wait Time:       0.024 ms
	Total Operation Time:   144.891 ms
Unloading 30 unused Assets / (40.1 KB). Loaded Objects now: 7225.
Memory consumption went from 287.5 MB to 287.4 MB.
Total: 7.421200 ms (FindLiveObjects: 0.381200 ms CreateObjectMapping: 0.566000 ms MarkObjects: 6.239300 ms  DeleteObjects: 0.233800 ms)

Opening scene 'Assets/Scenes/Tracks/Kick Butt Track 1.unity'
Unloading 38 Unused Serialized files (Serialized files now loaded: 0)
Component GUI Layer in Follow Camera for Scene Assets/Scenes/Tracks/Kick Butt Track 1.unity is no longer available.
It will be removed after you edit this GameObject and save the Scene.
UnityEngine.Debug:ExtractStackTraceNoAlloc (byte*,int,string)
UnityEngine.StackTraceUtility:ExtractStackTrace ()
UnityEditor.SceneManagement.EditorSceneManager:OpenScene (string,UnityEditor.SceneManagement.OpenSceneMode)
ReconstructionValidation:Run () (at Assets/Editor/ReconstructionValidation.cs:36)

[Assets/Editor/ReconstructionValidation.cs line 36]

Component GUI Layer in Prerace Camera for Scene Assets/Scenes/Tracks/Kick Butt Track 1.unity is no longer available.
It will be removed after you edit this GameObject and save the Scene.
UnityEngine.Debug:ExtractStackTraceNoAlloc (byte*,int,string)
UnityEngine.StackTraceUtility:ExtractStackTrace ()
UnityEditor.SceneManagement.EditorSceneManager:OpenScene (string,UnityEditor.SceneManagement.OpenSceneMode)
ReconstructionValidation:Run () (at Assets/Editor/ReconstructionValidation.cs:36)

[Assets/Editor/ReconstructionValidation.cs line 36]

Loaded scene 'Assets/Scenes/Tracks/Kick Butt Track 1.unity'
	Deserialize:            56.617 ms
	Integration:            119.087 ms
	Integration of assets:  8.737 ms
	Thread Wait Time:       0.015 ms
	Total Operation Time:   184.455 ms
Unloading 45 unused Assets / (57.4 KB). Loaded Objects now: 6532.
Memory consumption went from 287.7 MB to 287.6 MB.
Total: 8.025900 ms (FindLiveObjects: 0.325100 ms CreateObjectMapping: 0.580200 ms MarkObjects: 6.804900 ms  DeleteObjects: 0.314700 ms)

Opening scene 'Assets/Scenes/Tracks/Kick Butt Track 2.unity'
Unloading 50 Unused Serialized files (Serialized files now loaded: 0)
Component Particle Animator in Sparks for Scene Assets/Scenes/Tracks/Kick Butt Track 2.unity is no longer available.
It will be removed after you edit this GameObject and save the Scene.
UnityEngine.Debug:ExtractStackTraceNoAlloc (byte*,int,string)
UnityEngine.StackTraceUtility:ExtractStackTrace ()
UnityEditor.SceneManagement.EditorSceneManager:OpenScene (string,UnityEditor.SceneManagement.OpenSceneMode)
ReconstructionValidation:Run () (at Assets/Editor/ReconstructionValidation.cs:36)

[Assets/Editor/ReconstructionValidation.cs line 36]

Component Particle Animator in Sparks for Scene Assets/Scenes/Tracks/Kick Butt Track 2.unity is no longer available.
It will be removed after you edit this GameObject and save the Scene.
UnityEngine.Debug:ExtractStackTraceNoAlloc (byte*,int,string)
UnityEngine.StackTraceUtility:ExtractStackTrace ()
UnityEditor.SceneManagement.EditorSceneManager:OpenScene (string,UnityEditor.SceneManagement.OpenSceneMode)
ReconstructionValidation:Run () (at Assets/Editor/ReconstructionValidation.cs:36)

[Assets/Editor/ReconstructionValidation.cs line 36]

Component Particle Animator in Sparks for Scene Assets/Scenes/Tracks/Kick Butt Track 2.unity is no longer available.
It will be removed after you edit this GameObject and save the Scene.
UnityEngine.Debug:ExtractStackTraceNoAlloc (byte*,int,string)
UnityEngine.StackTraceUtility:ExtractStackTrace ()
UnityEditor.SceneManagement.EditorSceneManager:OpenScene (string,UnityEditor.SceneManagement.OpenSceneMode)
ReconstructionValidation:Run () (at Assets/Editor/ReconstructionValidation.cs:36)

[Assets/Editor/ReconstructionValidation.cs line 36]

Component Particle Animator in Sparks for Scene Assets/Scenes/Tracks/Kick Butt Track 2.unity is no longer available.
It will be removed after you edit this GameObject and save the Scene.
UnityEngine.Debug:ExtractStackTraceNoAlloc (byte*,int,string)
UnityEngine.StackTraceUtility:ExtractStackTrace ()
UnityEditor.SceneManagement.EditorSceneManager:OpenScene (string,UnityEditor.SceneManagement.OpenSceneMode)
ReconstructionValidation:Run () (at Assets/Editor/ReconstructionValidation.cs:36)

[Assets/Editor/ReconstructionValidation.cs line 36]

Component Ellipsoid Particle Emitter in Sparks for Scene Assets/Scenes/Tracks/Kick Butt Track 2.unity is no longer available.
It will be removed after you edit this GameObject and save the Scene.
UnityEngine.Debug:ExtractStackTraceNoAlloc (byte*,int,string)
UnityEngine.StackTraceUtility:ExtractStackTrace ()
UnityEditor.SceneManagement.EditorSceneManager:OpenScene (string,UnityEditor.SceneManagement.OpenSceneMode)
ReconstructionValidation:Run () (at Assets/Editor/ReconstructionValidation.cs:36)

[Assets/Editor/ReconstructionValidation.cs line 36]

Component Ellipsoid Particle Emitter in Sparks for Scene Assets/Scenes/Tracks/Kick Butt Track 2.unity is no longer available.
It will be removed after you edit this GameObject and save the Scene.
UnityEngine.Debug:ExtractStackTraceNoAlloc (byte*,int,string)
UnityEngine.StackTraceUtility:ExtractStackTrace ()
UnityEditor.SceneManagement.EditorSceneManager:OpenScene (string,UnityEditor.SceneManagement.OpenSceneMode)
ReconstructionValidation:Run () (at Assets/Editor/ReconstructionValidation.cs:36)

[Assets/Editor/ReconstructionValidation.cs line 36]

Component Ellipsoid Particle Emitter in Sparks for Scene Assets/Scenes/Tracks/Kick Butt Track 2.unity is no longer available.
It will be removed after you edit this GameObject and save the Scene.
UnityEngine.Debug:ExtractStackTraceNoAlloc (byte*,int,string)
UnityEngine.StackTraceUtility:ExtractStackTrace ()
UnityEditor.SceneManagement.EditorSceneManager:OpenScene (string,UnityEditor.SceneManagement.OpenSceneMode)
ReconstructionValidation:Run () (at Assets/Editor/ReconstructionValidation.cs:36)

[Assets/Editor/ReconstructionValidation.cs line 36]

Component Ellipsoid Particle Emitter in Sparks for Scene Assets/Scenes/Tracks/Kick Butt Track 2.unity is no longer available.
It will be removed after you edit this GameObject and save the Scene.
UnityEngine.Debug:ExtractStackTraceNoAlloc (byte*,int,string)
UnityEngine.StackTraceUtility:ExtractStackTrace ()
UnityEditor.SceneManagement.EditorSceneManager:OpenScene (string,UnityEditor.SceneManagement.OpenSceneMode)
ReconstructionValidation:Run () (at Assets/Editor/ReconstructionValidation.cs:36)

[Assets/Editor/ReconstructionValidation.cs line 36]

Component Particle Renderer in Sparks for Scene Assets/Scenes/Tracks/Kick Butt Track 2.unity is no longer available.
It will be removed after you edit this GameObject and save the Scene.
UnityEngine.Debug:ExtractStackTraceNoAlloc (byte*,int,string)
UnityEngine.StackTraceUtility:ExtractStackTrace ()
UnityEditor.SceneManagement.EditorSceneManager:OpenScene (string,UnityEditor.SceneManagement.OpenSceneMode)
ReconstructionValidation:Run () (at Assets/Editor/ReconstructionValidation.cs:36)

[Assets/Editor/ReconstructionValidation.cs line 36]

Component Particle Renderer in Sparks for Scene Assets/Scenes/Tracks/Kick Butt Track 2.unity is no longer available.
It will be removed after you edit this GameObject and save the Scene.
UnityEngine.Debug:ExtractStackTraceNoAlloc (byte*,int,string)
UnityEngine.StackTraceUtility:ExtractStackTrace ()
UnityEditor.SceneManagement.EditorSceneManager:OpenScene (string,UnityEditor.SceneManagement.OpenSceneMode)
ReconstructionValidation:Run () (at Assets/Editor/ReconstructionValidation.cs:36)

[Assets/Editor/ReconstructionValidation.cs line 36]

Component Particle Renderer in Sparks for Scene Assets/Scenes/Tracks/Kick Butt Track 2.unity is no longer available.
It will be removed after you edit this GameObject and save the Scene.
UnityEngine.Debug:ExtractStackTraceNoAlloc (byte*,int,string)
UnityEngine.StackTraceUtility:ExtractStackTrace ()
UnityEditor.SceneManagement.EditorSceneManager:OpenScene (string,UnityEditor.SceneManagement.OpenSceneMode)
ReconstructionValidation:Run () (at Assets/Editor/ReconstructionValidation.cs:36)

[Assets/Editor/ReconstructionValidation.cs line 36]

Component Particle Renderer in Sparks for Scene Assets/Scenes/Tracks/Kick Butt Track 2.unity is no longer available.
It will be removed after you edit this GameObject and save the Scene.
UnityEngine.Debug:ExtractStackTraceNoAlloc (byte*,int,string)
UnityEngine.StackTraceUtility:ExtractStackTrace ()
UnityEditor.SceneManagement.EditorSceneManager:OpenScene (string,UnityEditor.SceneManagement.OpenSceneMode)
ReconstructionValidation:Run () (at Assets/Editor/ReconstructionValidation.cs:36)

[Assets/Editor/ReconstructionValidation.cs line 36]

Component GUI Layer in Follow Camera for Scene Assets/Scenes/Tracks/Kick Butt Track 2.unity is no longer available.
It will be removed after you edit this GameObject and save the Scene.
UnityEngine.Debug:ExtractStackTraceNoAlloc (byte*,int,string)
UnityEngine.StackTraceUtility:ExtractStackTrace ()
UnityEditor.SceneManagement.EditorSceneManager:OpenScene (string,UnityEditor.SceneManagement.OpenSceneMode)
ReconstructionValidation:Run () (at Assets/Editor/ReconstructionValidation.cs:36)

[Assets/Editor/ReconstructionValidation.cs line 36]

Component GUI Layer in Prerace Camera for Scene Assets/Scenes/Tracks/Kick Butt Track 2.unity is no longer available.
It will be removed after you edit this GameObject and save the Scene.
UnityEngine.Debug:ExtractStackTraceNoAlloc (byte*,int,string)
UnityEngine.StackTraceUtility:ExtractStackTrace ()
UnityEditor.SceneManagement.EditorSceneManager:OpenScene (string,UnityEditor.SceneManagement.OpenSceneMode)
ReconstructionValidation:Run () (at Assets/Editor/ReconstructionValidation.cs:36)

[Assets/Editor/ReconstructionValidation.cs line 36]

Loaded scene 'Assets/Scenes/Tracks/Kick Butt Track 2.unity'
	Deserialize:            53.212 ms
	Integration:            130.096 ms
	Integration of assets:  1.033 ms
	Thread Wait Time:       0.012 ms
	Total Operation Time:   184.354 ms
Unloading 115 unused Assets / (80.9 KB). Loaded Objects now: 6941.
Memory consumption went from 288.8 MB to 288.7 MB.
Total: 8.002400 ms (FindLiveObjects: 0.444900 ms CreateObjectMapping: 0.715100 ms MarkObjects: 6.427600 ms  DeleteObjects: 0.413500 ms)

Opening scene 'Assets/Scenes/Tracks/Kick Butt Track 3.unity'
Unloading 62 Unused Serialized files (Serialized files now loaded: 0)
Component Particle Animator in Sparks for Scene Assets/Scenes/Tracks/Kick Butt Track 3.unity is no longer available.
It will be removed after you edit this GameObject and save the Scene.
UnityEngine.Debug:ExtractStackTraceNoAlloc (byte*,int,string)
UnityEngine.StackTraceUtility:ExtractStackTrace ()
UnityEditor.SceneManagement.EditorSceneManager:OpenScene (string,UnityEditor.SceneManagement.OpenSceneMode)
ReconstructionValidation:Run () (at Assets/Editor/ReconstructionValidation.cs:36)

[Assets/Editor/ReconstructionValidation.cs line 36]

Component Particle Animator in Sparks for Scene Assets/Scenes/Tracks/Kick Butt Track 3.unity is no longer available.
It will be removed after you edit this GameObject and save the Scene.
UnityEngine.Debug:ExtractStackTraceNoAlloc (byte*,int,string)
UnityEngine.StackTraceUtility:ExtractStackTrace ()
UnityEditor.SceneManagement.EditorSceneManager:OpenScene (string,UnityEditor.SceneManagement.OpenSceneMode)
ReconstructionValidation:Run () (at Assets/Editor/ReconstructionValidation.cs:36)

[Assets/Editor/ReconstructionValidation.cs line 36]

Component Particle Animator in Sparks for Scene Assets/Scenes/Tracks/Kick Butt Track 3.unity is no longer available.
It will be removed after you edit this GameObject and save the Scene.
UnityEngine.Debug:ExtractStackTraceNoAlloc (byte*,int,string)
UnityEngine.StackTraceUtility:ExtractStackTrace ()
UnityEditor.SceneManagement.EditorSceneManager:OpenScene (string,UnityEditor.SceneManagement.OpenSceneMode)
ReconstructionValidation:Run () (at Assets/Editor/ReconstructionValidation.cs:36)

[Assets/Editor/ReconstructionValidation.cs line 36]

Component Particle Animator in Sparks for Scene Assets/Scenes/Tracks/Kick Butt Track 3.unity is no longer available.
It will be removed after you edit this GameObject and save the Scene.
UnityEngine.Debug:ExtractStackTraceNoAlloc (byte*,int,string)
UnityEngine.StackTraceUtility:ExtractStackTrace ()
UnityEditor.SceneManagement.EditorSceneManager:OpenScene (string,UnityEditor.SceneManagement.OpenSceneMode)
ReconstructionValidation:Run () (at Assets/Editor/ReconstructionValidation.cs:36)

[Assets/Editor/ReconstructionValidation.cs line 36]

Component Particle Animator in Sparks for Scene Assets/Scenes/Tracks/Kick Butt Track 3.unity is no longer available.
It will be removed after you edit this GameObject and save the Scene.
UnityEngine.Debug:ExtractStackTraceNoAlloc (byte*,int,string)
UnityEngine.StackTraceUtility:ExtractStackTrace ()
UnityEditor.SceneManagement.EditorSceneManager:OpenScene (string,UnityEditor.SceneManagement.OpenSceneMode)
ReconstructionValidation:Run () (at Assets/Editor/ReconstructionValidation.cs:36)

[Assets/Editor/ReconstructionValidation.cs line 36]

Component Particle Animator in Sparks for Scene Assets/Scenes/Tracks/Kick Butt Track 3.unity is no longer available.
It will be removed after you edit this GameObject and save the Scene.
UnityEngine.Debug:ExtractStackTraceNoAlloc (byte*,int,string)
UnityEngine.StackTraceUtility:ExtractStackTrace ()
UnityEditor.SceneManagement.EditorSceneManager:OpenScene (string,UnityEditor.SceneManagement.OpenSceneMode)
ReconstructionValidation:Run () (at Assets/Editor/ReconstructionValidation.cs:36)

[Assets/Editor/ReconstructionValidation.cs line 36]

Component Particle Animator in Sparks for Scene Assets/Scenes/Tracks/Kick Butt Track 3.unity is no longer available.
It will be removed after you edit this GameObject and save the Scene.
UnityEngine.Debug:ExtractStackTraceNoAlloc (byte*,int,string)
UnityEngine.StackTraceUtility:ExtractStackTrace ()
UnityEditor.SceneManagement.EditorSceneManager:OpenScene (string,UnityEditor.SceneManagement.OpenSceneMode)
ReconstructionValidation:Run () (at Assets/Editor/ReconstructionValidation.cs:36)

[Assets/Editor/ReconstructionValidation.cs line 36]

Component Ellipsoid Particle Emitter in Sparks for Scene Assets/Scenes/Tracks/Kick Butt Track 3.unity is no longer available.
It will be removed after you edit this GameObject and save the Scene.
UnityEngine.Debug:ExtractStackTraceNoAlloc (byte*,int,string)
UnityEngine.StackTraceUtility:ExtractStackTrace ()
UnityEditor.SceneManagement.EditorSceneManager:OpenScene (string,UnityEditor.SceneManagement.OpenSceneMode)
ReconstructionValidation:Run () (at Assets/Editor/ReconstructionValidation.cs:36)

[Assets/Editor/ReconstructionValidation.cs line 36]

Component Ellipsoid Particle Emitter in Sparks for Scene Assets/Scenes/Tracks/Kick Butt Track 3.unity is no longer available.
It will be removed after you edit this GameObject and save the Scene.
UnityEngine.Debug:ExtractStackTraceNoAlloc (byte*,int,string)
UnityEngine.StackTraceUtility:ExtractStackTrace ()
UnityEditor.SceneManagement.EditorSceneManager:OpenScene (string,UnityEditor.SceneManagement.OpenSceneMode)
ReconstructionValidation:Run () (at Assets/Editor/ReconstructionValidation.cs:36)

[Assets/Editor/ReconstructionValidation.cs line 36]

Component Ellipsoid Particle Emitter in Sparks for Scene Assets/Scenes/Tracks/Kick Butt Track 3.unity is no longer available.
It will be removed after you edit this GameObject and save the Scene.
UnityEngine.Debug:ExtractStackTraceNoAlloc (byte*,int,string)
UnityEngine.StackTraceUtility:ExtractStackTrace ()
UnityEditor.SceneManagement.EditorSceneManager:OpenScene (string,UnityEditor.SceneManagement.OpenSceneMode)
ReconstructionValidation:Run () (at Assets/Editor/ReconstructionValidation.cs:36)

[Assets/Editor/ReconstructionValidation.cs line 36]

Component Ellipsoid Particle Emitter in Sparks for Scene Assets/Scenes/Tracks/Kick Butt Track 3.unity is no longer available.
It will be removed after you edit this GameObject and save the Scene.
UnityEngine.Debug:ExtractStackTraceNoAlloc (byte*,int,string)
UnityEngine.StackTraceUtility:ExtractStackTrace ()
UnityEditor.SceneManagement.EditorSceneManager:OpenScene (string,UnityEditor.SceneManagement.OpenSceneMode)
ReconstructionValidation:Run () (at Assets/Editor/ReconstructionValidation.cs:36)

[Assets/Editor/ReconstructionValidation.cs line 36]

Component Ellipsoid Particle Emitter in Sparks for Scene Assets/Scenes/Tracks/Kick Butt Track 3.unity is no longer available.
It will be removed after you edit this GameObject and save the Scene.
UnityEngine.Debug:ExtractStackTraceNoAlloc (byte*,int,string)
UnityEngine.StackTraceUtility:ExtractStackTrace ()
UnityEditor.SceneManagement.EditorSceneManager:OpenScene (string,UnityEditor.SceneManagement.OpenSceneMode)
ReconstructionValidation:Run () (at Assets/Editor/ReconstructionValidation.cs:36)

[Assets/Editor/ReconstructionValidation.cs line 36]

Component Ellipsoid Particle Emitter in Sparks for Scene Assets/Scenes/Tracks/Kick Butt Track 3.unity is no longer available.
It will be removed after you edit this GameObject and save the Scene.
UnityEngine.Debug:ExtractStackTraceNoAlloc (byte*,int,string)
UnityEngine.StackTraceUtility:ExtractStackTrace ()
UnityEditor.SceneManagement.EditorSceneManager:OpenScene (string,UnityEditor.SceneManagement.OpenSceneMode)
ReconstructionValidation:Run () (at Assets/Editor/ReconstructionValidation.cs:36)

[Assets/Editor/ReconstructionValidation.cs line 36]

Component Ellipsoid Particle Emitter in Sparks for Scene Assets/Scenes/Tracks/Kick Butt Track 3.unity is no longer available.
It will be removed after you edit this GameObject and save the Scene.
UnityEngine.Debug:ExtractStackTraceNoAlloc (byte*,int,string)
UnityEngine.StackTraceUtility:ExtractStackTrace ()
UnityEditor.SceneManagement.EditorSceneManager:OpenScene (string,UnityEditor.SceneManagement.OpenSceneMode)
ReconstructionValidation:Run () (at Assets/Editor/ReconstructionValidation.cs:36)

[Assets/Editor/ReconstructionValidation.cs line 36]

Component Particle Renderer in Sparks for Scene Assets/Scenes/Tracks/Kick Butt Track 3.unity is no longer available.
It will be removed after you edit this GameObject and save the Scene.
UnityEngine.Debug:ExtractStackTraceNoAlloc (byte*,int,string)
UnityEngine.StackTraceUtility:ExtractStackTrace ()
UnityEditor.SceneManagement.EditorSceneManager:OpenScene (string,UnityEditor.SceneManagement.OpenSceneMode)
ReconstructionValidation:Run () (at Assets/Editor/ReconstructionValidation.cs:36)

[Assets/Editor/ReconstructionValidation.cs line 36]

Component Particle Renderer in Sparks for Scene Assets/Scenes/Tracks/Kick Butt Track 3.unity is no longer available.
It will be removed after you edit this GameObject and save the Scene.
UnityEngine.Debug:ExtractStackTraceNoAlloc (byte*,int,string)
UnityEngine.StackTraceUtility:ExtractStackTrace ()
UnityEditor.SceneManagement.EditorSceneManager:OpenScene (string,UnityEditor.SceneManagement.OpenSceneMode)
ReconstructionValidation:Run () (at Assets/Editor/ReconstructionValidation.cs:36)

[Assets/Editor/ReconstructionValidation.cs line 36]

Component Particle Renderer in Sparks for Scene Assets/Scenes/Tracks/Kick Butt Track 3.unity is no longer available.
It will be removed after you edit this GameObject and save the Scene.
UnityEngine.Debug:ExtractStackTraceNoAlloc (byte*,int,string)
UnityEngine.StackTraceUtility:ExtractStackTrace ()
UnityEditor.SceneManagement.EditorSceneManager:OpenScene (string,UnityEditor.SceneManagement.OpenSceneMode)
ReconstructionValidation:Run () (at Assets/Editor/ReconstructionValidation.cs:36)

[Assets/Editor/ReconstructionValidation.cs line 36]

Component Particle Renderer in Sparks for Scene Assets/Scenes/Tracks/Kick Butt Track 3.unity is no longer available.
It will be removed after you edit this GameObject and save the Scene.
UnityEngine.Debug:ExtractStackTraceNoAlloc (byte*,int,string)
UnityEngine.StackTraceUtility:ExtractStackTrace ()
UnityEditor.SceneManagement.EditorSceneManager:OpenScene (string,UnityEditor.SceneManagement.OpenSceneMode)
ReconstructionValidation:Run () (at Assets/Editor/ReconstructionValidation.cs:36)

[Assets/Editor/ReconstructionValidation.cs line 36]

Component Particle Renderer in Sparks for Scene Assets/Scenes/Tracks/Kick Butt Track 3.unity is no longer available.
It will be removed after you edit this GameObject and save the Scene.
UnityEngine.Debug:ExtractStackTraceNoAlloc (byte*,int,string)
UnityEngine.StackTraceUtility:ExtractStackTrace ()
UnityEditor.SceneManagement.EditorSceneManager:OpenScene (string,UnityEditor.SceneManagement.OpenSceneMode)
ReconstructionValidation:Run () (at Assets/Editor/ReconstructionValidation.cs:36)

[Assets/Editor/ReconstructionValidation.cs line 36]

Component Particle Renderer in Sparks for Scene Assets/Scenes/Tracks/Kick Butt Track 3.unity is no longer available.
It will be removed after you edit this GameObject and save the Scene.
UnityEngine.Debug:ExtractStackTraceNoAlloc (byte*,int,string)
UnityEngine.StackTraceUtility:ExtractStackTrace ()
UnityEditor.SceneManagement.EditorSceneManager:OpenScene (string,UnityEditor.SceneManagement.OpenSceneMode)
ReconstructionValidation:Run () (at Assets/Editor/ReconstructionValidation.cs:36)

[Assets/Editor/ReconstructionValidation.cs line 36]

Component Particle Renderer in Sparks for Scene Assets/Scenes/Tracks/Kick Butt Track 3.unity is no longer available.
It will be removed after you edit this GameObject and save the Scene.
UnityEngine.Debug:ExtractStackTraceNoAlloc (byte*,int,string)
UnityEngine.StackTraceUtility:ExtractStackTrace ()
UnityEditor.SceneManagement.EditorSceneManager:OpenScene (string,UnityEditor.SceneManagement.OpenSceneMode)
ReconstructionValidation:Run () (at Assets/Editor/ReconstructionValidation.cs:36)

[Assets/Editor/ReconstructionValidation.cs line 36]

Component GUI Layer in Follow Camera for Scene Assets/Scenes/Tracks/Kick Butt Track 3.unity is no longer available.
It will be removed after you edit this GameObject and save the Scene.
UnityEngine.Debug:ExtractStackTraceNoAlloc (byte*,int,string)
UnityEngine.StackTraceUtility:ExtractStackTrace ()
UnityEditor.SceneManagement.EditorSceneManager:OpenScene (string,UnityEditor.SceneManagement.OpenSceneMode)
ReconstructionValidation:Run () (at Assets/Editor/ReconstructionValidation.cs:36)

[Assets/Editor/ReconstructionValidation.cs line 36]

Component GUI Layer in Prerace Camera for Scene Assets/Scenes/Tracks/Kick Butt Track 3.unity is no longer available.
It will be removed after you edit this GameObject and save the Scene.
UnityEngine.Debug:ExtractStackTraceNoAlloc (byte*,int,string)
UnityEngine.StackTraceUtility:ExtractStackTrace ()
UnityEditor.SceneManagement.EditorSceneManager:OpenScene (string,UnityEditor.SceneManagement.OpenSceneMode)
ReconstructionValidation:Run () (at Assets/Editor/ReconstructionValidation.cs:36)

[Assets/Editor/ReconstructionValidation.cs line 36]

Loaded scene 'Assets/Scenes/Tracks/Kick Butt Track 3.unity'
	Deserialize:            46.366 ms
	Integration:            128.035 ms
	Integration of assets:  0.465 ms
	Thread Wait Time:       0.060 ms
	Total Operation Time:   174.926 ms
Unloading 84 unused Assets / (66.2 KB). Loaded Objects now: 7001.
Memory consumption went from 290.2 MB to 290.2 MB.
Total: 8.584600 ms (FindLiveObjects: 0.342500 ms CreateObjectMapping: 0.602500 ms MarkObjects: 7.269400 ms  DeleteObjects: 0.368800 ms)

Opening scene 'Assets/Scenes/Tracks/Phineas Track 1.unity'
Unloading 36 Unused Serialized files (Serialized files now loaded: 0)
Component GUI Layer in Prerace Camera for Scene Assets/Scenes/Tracks/Phineas Track 1.unity is no longer available.
It will be removed after you edit this GameObject and save the Scene.
UnityEngine.Debug:ExtractStackTraceNoAlloc (byte*,int,string)
UnityEngine.StackTraceUtility:ExtractStackTrace ()
UnityEditor.SceneManagement.EditorSceneManager:OpenScene (string,UnityEditor.SceneManagement.OpenSceneMode)
ReconstructionValidation:Run () (at Assets/Editor/ReconstructionValidation.cs:36)

[Assets/Editor/ReconstructionValidation.cs line 36]

Component GUI Layer in Follow Camera for Scene Assets/Scenes/Tracks/Phineas Track 1.unity is no longer available.
It will be removed after you edit this GameObject and save the Scene.
UnityEngine.Debug:ExtractStackTraceNoAlloc (byte*,int,string)
UnityEngine.StackTraceUtility:ExtractStackTrace ()
UnityEditor.SceneManagement.EditorSceneManager:OpenScene (string,UnityEditor.SceneManagement.OpenSceneMode)
ReconstructionValidation:Run () (at Assets/Editor/ReconstructionValidation.cs:36)

[Assets/Editor/ReconstructionValidation.cs line 36]

Loaded scene 'Assets/Scenes/Tracks/Phineas Track 1.unity'
	Deserialize:            65.507 ms
	Integration:            564.329 ms
	Integration of assets:  0.094 ms
	Thread Wait Time:       0.014 ms
	Total Operation Time:   629.945 ms
Unloading 53 unused Assets / (59.1 KB). Loaded Objects now: 7780.
Memory consumption went from 291.2 MB to 291.2 MB.
Total: 8.416300 ms (FindLiveObjects: 0.423200 ms CreateObjectMapping: 0.715200 ms MarkObjects: 6.945600 ms  DeleteObjects: 0.331100 ms)

Opening scene 'Assets/Scenes/Tracks/Phineas Track 2.unity'
Unloading 98 Unused Serialized files (Serialized files now loaded: 0)
Component GUI Layer in Follow Camera for Scene Assets/Scenes/Tracks/Phineas Track 2.unity is no longer available.
It will be removed after you edit this GameObject and save the Scene.
UnityEngine.Debug:ExtractStackTraceNoAlloc (byte*,int,string)
UnityEngine.StackTraceUtility:ExtractStackTrace ()
UnityEditor.SceneManagement.EditorSceneManager:OpenScene (string,UnityEditor.SceneManagement.OpenSceneMode)
ReconstructionValidation:Run () (at Assets/Editor/ReconstructionValidation.cs:36)

[Assets/Editor/ReconstructionValidation.cs line 36]

Component GUI Layer in Prerace Camera for Scene Assets/Scenes/Tracks/Phineas Track 2.unity is no longer available.
It will be removed after you edit this GameObject and save the Scene.
UnityEngine.Debug:ExtractStackTraceNoAlloc (byte*,int,string)
UnityEngine.StackTraceUtility:ExtractStackTrace ()
UnityEditor.SceneManagement.EditorSceneManager:OpenScene (string,UnityEditor.SceneManagement.OpenSceneMode)
ReconstructionValidation:Run () (at Assets/Editor/ReconstructionValidation.cs:36)

[Assets/Editor/ReconstructionValidation.cs line 36]

Detected one or more triangles where the distance between any 2 vertices is greater than 500 units. The resulting Triangle Mesh can impact simulation and query stability. It is recommended to tessellate meshes that have large triangles. Source mesh name: Drawbridge_003
UnityEngine.Debug:ExtractStackTraceNoAlloc (byte*,int,string)
UnityEngine.StackTraceUtility:ExtractStackTrace ()
UnityEditor.SceneManagement.EditorSceneManager:OpenScene (string,UnityEditor.SceneManagement.OpenSceneMode)
ReconstructionValidation:Run () (at Assets/Editor/ReconstructionValidation.cs:36)

[Assets/Editor/ReconstructionValidation.cs line 36]

Detected one or more triangles where the distance between any 2 vertices is greater than 500 units. The resulting Triangle Mesh can impact simulation and query stability. It is recommended to tessellate meshes that have large triangles. Source mesh name: Drawbridge_000
UnityEngine.Debug:ExtractStackTraceNoAlloc (byte*,int,string)
UnityEngine.StackTraceUtility:ExtractStackTrace ()
UnityEditor.SceneManagement.EditorSceneManager:OpenScene (string,UnityEditor.SceneManagement.OpenSceneMode)
ReconstructionValidation:Run () (at Assets/Editor/ReconstructionValidation.cs:36)

[Assets/Editor/ReconstructionValidation.cs line 36]

Detected one or more triangles where the distance between any 2 vertices is greater than 500 units. The resulting Triangle Mesh can impact simulation and query stability. It is recommended to tessellate meshes that have large triangles. Source mesh name: 4-Lane_Corner_004
UnityEngine.Debug:ExtractStackTraceNoAlloc (byte*,int,string)
UnityEngine.StackTraceUtility:ExtractStackTrace ()
UnityEditor.SceneManagement.EditorSceneManager:OpenScene (string,UnityEditor.SceneManagement.OpenSceneMode)
ReconstructionValidation:Run () (at Assets/Editor/ReconstructionValidation.cs:36)

[Assets/Editor/ReconstructionValidation.cs line 36]

Detected one or more triangles where the distance between any 2 vertices is greater than 500 units. The resulting Triangle Mesh can impact simulation and query stability. It is recommended to tessellate meshes that have large triangles. Source mesh name: Drawbridge_005
UnityEngine.Debug:ExtractStackTraceNoAlloc (byte*,int,string)
UnityEngine.StackTraceUtility:ExtractStackTrace ()
UnityEditor.SceneManagement.EditorSceneManager:OpenScene (string,UnityEditor.SceneManagement.OpenSceneMode)
ReconstructionValidation:Run () (at Assets/Editor/ReconstructionValidation.cs:36)

[Assets/Editor/ReconstructionValidation.cs line 36]

Detected one or more triangles where the distance between any 2 vertices is greater than 500 units. The resulting Triangle Mesh can impact simulation and query stability. It is recommended to tessellate meshes that have large triangles. Source mesh name: Drawbridge_001
UnityEngine.Debug:ExtractStackTraceNoAlloc (byte*,int,string)
UnityEngine.StackTraceUtility:ExtractStackTrace ()
UnityEditor.SceneManagement.EditorSceneManager:OpenScene (string,UnityEditor.SceneManagement.OpenSceneMode)
ReconstructionValidation:Run () (at Assets/Editor/ReconstructionValidation.cs:36)

[Assets/Editor/ReconstructionValidation.cs line 36]

Loaded scene 'Assets/Scenes/Tracks/Phineas Track 2.unity'
	Deserialize:            52.945 ms
	Integration:            307.994 ms
	Integration of assets:  0.184 ms
	Thread Wait Time:       0.191 ms
	Total Operation Time:   361.314 ms
Unloading 93 unused Assets / (129.5 KB). Loaded Objects now: 7202.
Memory consumption went from 289.9 MB to 289.7 MB.
Total: 8.330500 ms (FindLiveObjects: 0.405500 ms CreateObjectMapping: 0.606000 ms MarkObjects: 6.683500 ms  DeleteObjects: 0.634300 ms)

Opening scene 'Assets/Scenes/Tracks/Phineas Track 3.unity'
Unloading 50 Unused Serialized files (Serialized files now loaded: 0)
Component GUI Layer in Follow Camera for Scene Assets/Scenes/Tracks/Phineas Track 3.unity is no longer available.
It will be removed after you edit this GameObject and save the Scene.
UnityEngine.Debug:ExtractStackTraceNoAlloc (byte*,int,string)
UnityEngine.StackTraceUtility:ExtractStackTrace ()
UnityEditor.SceneManagement.EditorSceneManager:OpenScene (string,UnityEditor.SceneManagement.OpenSceneMode)
ReconstructionValidation:Run () (at Assets/Editor/ReconstructionValidation.cs:36)

[Assets/Editor/ReconstructionValidation.cs line 36]

Component GUI Layer in Prerace Camera for Scene Assets/Scenes/Tracks/Phineas Track 3.unity is no longer available.
It will be removed after you edit this GameObject and save the Scene.
UnityEngine.Debug:ExtractStackTraceNoAlloc (byte*,int,string)
UnityEngine.StackTraceUtility:ExtractStackTrace ()
UnityEditor.SceneManagement.EditorSceneManager:OpenScene (string,UnityEditor.SceneManagement.OpenSceneMode)
ReconstructionValidation:Run () (at Assets/Editor/ReconstructionValidation.cs:36)

[Assets/Editor/ReconstructionValidation.cs line 36]

Loaded scene 'Assets/Scenes/Tracks/Phineas Track 3.unity'
	Deserialize:            77.356 ms
	Integration:            299.974 ms
	Integration of assets:  0.018 ms
	Thread Wait Time:       0.012 ms
	Total Operation Time:   377.361 ms
Unloading 71 unused Assets / (81.7 KB). Loaded Objects now: 7776.
Memory consumption went from 289.1 MB to 289.1 MB.
Total: 8.546200 ms (FindLiveObjects: 0.416800 ms CreateObjectMapping: 0.580800 ms MarkObjects: 7.100400 ms  DeleteObjects: 0.446900 ms)

Opening scene 'Assets/Scenes/Tracks/Tutorial Track.unity'
Unloading 64 Unused Serialized files (Serialized files now loaded: 0)
Component GUI Layer in Follow Camera for Scene Assets/Scenes/Tracks/Tutorial Track.unity is no longer available.
It will be removed after you edit this GameObject and save the Scene.
UnityEngine.Debug:ExtractStackTraceNoAlloc (byte*,int,string)
UnityEngine.StackTraceUtility:ExtractStackTrace ()
UnityEditor.SceneManagement.EditorSceneManager:OpenScene (string,UnityEditor.SceneManagement.OpenSceneMode)
ReconstructionValidation:Run () (at Assets/Editor/ReconstructionValidation.cs:36)

[Assets/Editor/ReconstructionValidation.cs line 36]

Component GUI Layer in Prerace Camera for Scene Assets/Scenes/Tracks/Tutorial Track.unity is no longer available.
It will be removed after you edit this GameObject and save the Scene.
UnityEngine.Debug:ExtractStackTraceNoAlloc (byte*,int,string)
UnityEngine.StackTraceUtility:ExtractStackTrace ()
UnityEditor.SceneManagement.EditorSceneManager:OpenScene (string,UnityEditor.SceneManagement.OpenSceneMode)
ReconstructionValidation:Run () (at Assets/Editor/ReconstructionValidation.cs:36)

[Assets/Editor/ReconstructionValidation.cs line 36]

Loaded scene 'Assets/Scenes/Tracks/Tutorial Track.unity'
	Deserialize:            33.461 ms
	Integration:            126.107 ms
	Integration of assets:  0.779 ms
	Thread Wait Time:       0.028 ms
	Total Operation Time:   160.374 ms
Unloading 64 unused Assets / (83.5 KB). Loaded Objects now: 6543.
Memory consumption went from 287.9 MB to 287.8 MB.
Total: 7.779600 ms (FindLiveObjects: 0.339200 ms CreateObjectMapping: 0.546500 ms MarkObjects: 6.527800 ms  DeleteObjects: 0.365600 ms)

Opening scene 'Assets/Scenes/Test Scenes/Pranksgiving Test.unity'
Unloading 452 Unused Serialized files (Serialized files now loaded: 0)
Component GUI Layer in Follow Camera for Scene Assets/Scenes/Test Scenes/Pranksgiving Test.unity is no longer available.
It will be removed after you edit this GameObject and save the Scene.
UnityEngine.Debug:ExtractStackTraceNoAlloc (byte*,int,string)
UnityEngine.StackTraceUtility:ExtractStackTrace ()
UnityEditor.SceneManagement.EditorSceneManager:OpenScene (string,UnityEditor.SceneManagement.OpenSceneMode)
ReconstructionValidation:Run () (at Assets/Editor/ReconstructionValidation.cs:36)

[Assets/Editor/ReconstructionValidation.cs line 36]

Component GUI Layer in Prerace Camera for Scene Assets/Scenes/Test Scenes/Pranksgiving Test.unity is no longer available.
It will be removed after you edit this GameObject and save the Scene.
UnityEngine.Debug:ExtractStackTraceNoAlloc (byte*,int,string)
UnityEngine.StackTraceUtility:ExtractStackTrace ()
UnityEditor.SceneManagement.EditorSceneManager:OpenScene (string,UnityEditor.SceneManagement.OpenSceneMode)
ReconstructionValidation:Run () (at Assets/Editor/ReconstructionValidation.cs:36)

[Assets/Editor/ReconstructionValidation.cs line 36]

Loaded scene 'Assets/Scenes/Test Scenes/Pranksgiving Test.unity'
	Deserialize:            130.521 ms
	Integration:            115.610 ms
	Integration of assets:  12.261 ms
	Thread Wait Time:       0.060 ms
	Total Operation Time:   258.452 ms
Unloading 34 unused Assets / (46.7 KB). Loaded Objects now: 8576.
Memory consumption went from 294.5 MB to 294.4 MB.
Total: 7.988000 ms (FindLiveObjects: 0.571700 ms CreateObjectMapping: 0.818100 ms MarkObjects: 6.328800 ms  DeleteObjects: 0.267600 ms)

Loaded scene 'Library/Unused/95b9a80cdf989214bbf49fa2e45dcf7d'
	Deserialize:            1.220 ms
	Integration:            0.135 ms
	Integration of assets:  0.002 ms
	Thread Wait Time:       0.009 ms
	Total Operation Time:   1.367 ms
Loaded scene 'Library/Unused/ff9d9900377842c428c15ef61c81540b'
	Deserialize:            0.191 ms
	Integration:            0.080 ms
	Integration of assets:  0.001 ms
	Thread Wait Time:       0.012 ms
	Total Operation Time:   0.284 ms
Loaded scene 'Library/Unused/06bc1fbe2e1f30b4f91db9a80cbd6fe8'
	Deserialize:            0.169 ms
	Integration:            0.049 ms
	Integration of assets:  0.001 ms
	Thread Wait Time:       0.012 ms
	Total Operation Time:   0.231 ms
Loaded scene 'Library/Unused/493e8b19e2ea49e42b164a9cb3b844ae'
	Deserialize:            0.221 ms
	Integration:            0.052 ms
	Integration of assets:  0.001 ms
	Thread Wait Time:       0.013 ms
	Total Operation Time:   0.287 ms
Loaded scene 'Library/Unused/45004396955e33e4a9f37fd26abcdbbf'
	Deserialize:            0.132 ms
	Integration:            0.054 ms
	Integration of assets:  0.001 ms
	Thread Wait Time:       0.012 ms
	Total Operation Time:   0.198 ms
Loaded scene 'Library/Unused/b03a4f57a67f76e44a1f8c496b8dd6ee'
	Deserialize:            0.163 ms
	Integration:            0.058 ms
	Integration of assets:  0.001 ms
	Thread Wait Time:       0.013 ms
	Total Operation Time:   0.235 ms
Loaded scene 'Library/Unused/0e2a0736124d9844a9c720bb38ff8dd6'
	Deserialize:            0.230 ms
	Integration:            0.037 ms
	Integration of assets:  0.001 ms
	Thread Wait Time:       0.012 ms
	Total Operation Time:   0.280 ms
Loaded scene 'Library/Unused/531b36f3bcdbc80499a45dc11d5677bb'
	Deserialize:            0.138 ms
	Integration:            0.051 ms
	Integration of assets:  0.001 ms
	Thread Wait Time:       0.007 ms
	Total Operation Time:   0.196 ms
Loaded scene 'Library/Unused/6f6edeccc38f69143b914d857ac3e4f1'
	Deserialize:            0.233 ms
	Integration:            0.043 ms
	Integration of assets:  0.001 ms
	Thread Wait Time:       0.010 ms
	Total Operation Time:   0.287 ms
Loaded scene 'Library/Unused/756ade28c172e084a99037c624d13725'
	Deserialize:            0.273 ms
	Integration:            0.060 ms
	Integration of assets:  0.001 ms
	Thread Wait Time:       0.016 ms
	Total Operation Time:   0.350 ms
Loaded scene 'Library/Unused/f5e477e686125da4793c4208b74b69bd'
	Deserialize:            0.185 ms
	Integration:            0.042 ms
	Integration of assets:  0.001 ms
	Thread Wait Time:       0.012 ms
	Total Operation Time:   0.240 ms
Loaded scene 'Library/Unused/0b6f078c0ecc98448993012fe5f4696d'
	Deserialize:            0.144 ms
	Integration:            0.035 ms
	Integration of assets:  0.001 ms
	Thread Wait Time:       0.010 ms
	Total Operation Time:   0.189 ms
Loaded scene 'Library/Unused/f1d13af7829699849812602f9e236258'
	Deserialize:            0.172 ms
	Integration:            0.029 ms
	Integration of assets:  0.001 ms
	Thread Wait Time:       0.010 ms
	Total Operation Time:   0.211 ms
Loaded scene 'Library/Unused/11894a3062684724eb314c439e22055c'
	Deserialize:            0.135 ms
	Integration:            0.040 ms
	Integration of assets:  0.001 ms
	Thread Wait Time:       0.011 ms
	Total Operation Time:   0.187 ms
Loaded scene 'Library/Unused/3326b87d053a71e4ea29e840cf79647e'
	Deserialize:            0.193 ms
	Integration:            0.060 ms
	Integration of assets:  0.001 ms
	Thread Wait Time:       0.013 ms
	Total Operation Time:   0.268 ms
Loaded scene 'Library/Unused/1bc03fe2740c193488c72acb4280c833'
	Deserialize:            0.204 ms
	Integration:            0.058 ms
	Integration of assets:  0.001 ms
	Thread Wait Time:       0.010 ms
	Total Operation Time:   0.273 ms
Loaded scene 'Library/Unused/f452781b5811b2b4f961b578ef0ed2a0'
	Deserialize:            0.192 ms
	Integration:            0.060 ms
	Integration of assets:  0.002 ms
	Thread Wait Time:       0.011 ms
	Total Operation Time:   0.264 ms
Loaded scene 'Library/Unused/abf5cedceb890ec478611669dfb24be8'
	Deserialize:            0.183 ms
	Integration:            0.107 ms
	Integration of assets:  0.001 ms
	Thread Wait Time:       0.014 ms
	Total Operation Time:   0.304 ms
Loaded scene 'Library/Unused/062c8de8a1469c54a8c37ac2781da0ea'
	Deserialize:            0.153 ms
	Integration:            0.037 ms
	Integration of assets:  0.001 ms
	Thread Wait Time:       0.011 ms
	Total Operation Time:   0.202 ms
Loaded scene 'Library/Unused/f5cc93b9bd1d3a3478a6719b82f58e1f'
	Deserialize:            0.136 ms
	Integration:            0.035 ms
	Integration of assets:  0.001 ms
	Thread Wait Time:       0.011 ms
	Total Operation Time:   0.183 ms
Loaded scene 'Library/Unused/14f262bca9cbcb44081639bc2ee3d62f'
	Deserialize:            0.139 ms
	Integration:            0.034 ms
	Integration of assets:  0.001 ms
	Thread Wait Time:       0.010 ms
	Total Operation Time:   0.184 ms
Loaded scene 'Library/Unused/e6be7468a49ed204bbe1192348b63959'
	Deserialize:            0.135 ms
	Integration:            0.036 ms
	Integration of assets:  0.001 ms
	Thread Wait Time:       0.011 ms
	Total Operation Time:   0.183 ms
Loaded scene 'Library/Unused/204ca7d2c2d292d41a159fde54320d9c'
	Deserialize:            0.139 ms
	Integration:            0.037 ms
	Integration of assets:  0.001 ms
	Thread Wait Time:       0.012 ms
	Total Operation Time:   0.188 ms
Loaded scene 'Library/Unused/760531bdc8686b24e8614fbd8fab3ceb'
	Deserialize:            0.142 ms
	Integration:            0.036 ms
	Integration of assets:  0.001 ms
	Thread Wait Time:       0.010 ms
	Total Operation Time:   0.188 ms
Loaded scene 'Library/Unused/8014d28c5d22df040a666b6283434954'
	Deserialize:            0.117 ms
	Integration:            0.126 ms
	Integration of assets:  0.001 ms
	Thread Wait Time:       0.024 ms
	Total Operation Time:   0.269 ms
Loaded scene 'Library/Unused/e99d8f33d6282e74abc16cc60a52098c'
	Deserialize:            0.216 ms
	Integration:            0.038 ms
	Integration of assets:  0.001 ms
	Thread Wait Time:       0.013 ms
	Total Operation Time:   0.267 ms
Loaded scene 'Library/Unused/5ca195533a6b5664691770106bd953e7'
	Deserialize:            0.261 ms
	Integration:            0.062 ms
	Integration of assets:  0.001 ms
	Thread Wait Time:       0.019 ms
	Total Operation Time:   0.343 ms
Loaded scene 'Library/Unused/9dae0eaf702b0094fa2b8ee64196d074'
	Deserialize:            0.207 ms
	Integration:            0.056 ms
	Integration of assets:  0.002 ms
	Thread Wait Time:       0.018 ms
	Total Operation Time:   0.283 ms
Loaded scene 'Library/Unused/0e6d3db0bcc3b77489f00ec397e80405'
	Deserialize:            0.157 ms
	Integration:            0.048 ms
	Integration of assets:  0.001 ms
	Thread Wait Time:       0.012 ms
	Total Operation Time:   0.218 ms
Loaded scene 'Library/Unused/ec981ccc8d448234aac3f5483971a6c1'
	Deserialize:            0.144 ms
	Integration:            0.040 ms
	Integration of assets:  0.001 ms
	Thread Wait Time:       0.013 ms
	Total Operation Time:   0.198 ms
Loaded scene 'Library/Unused/5166ca9e1a82ade43819854cf6160a0f'
	Deserialize:            0.175 ms
	Integration:            0.044 ms
	Integration of assets:  0.001 ms
	Thread Wait Time:       0.010 ms
	Total Operation Time:   0.229 ms
Loaded scene 'Library/Unused/dcfea69f28c0f7a46a802b4ee5ce169d'
	Deserialize:            0.160 ms
	Integration:            0.040 ms
	Integration of assets:  0.001 ms
	Thread Wait Time:       0.012 ms
	Total Operation Time:   0.213 ms
Loaded scene 'Library/Unused/a7c5bc04b8a196640b1fc24edc8a8315'
	Deserialize:            0.162 ms
	Integration:            0.037 ms
	Integration of assets:  0.001 ms
	Thread Wait Time:       0.013 ms
	Total Operation Time:   0.211 ms
Loaded scene 'Library/Unused/71b00185392278c43bb879a3080b7ac3'
	Deserialize:            0.142 ms
	Integration:            0.036 ms
	Integration of assets:  0.001 ms
	Thread Wait Time:       0.012 ms
	Total Operation Time:   0.191 ms
Loaded scene 'Library/Unused/05cfa04c580f6dd48bb5ddc8a37ddcb6'
	Deserialize:            0.196 ms
	Integration:            0.042 ms
	Integration of assets:  0.001 ms
	Thread Wait Time:       0.013 ms
	Total Operation Time:   0.251 ms
Loaded scene 'Library/Unused/4f9534dee294c7f4c8c881444158b4b2'
	Deserialize:            0.170 ms
	Integration:            0.043 ms
	Integration of assets:  0.001 ms
	Thread Wait Time:       0.014 ms
	Total Operation Time:   0.227 ms
Loaded scene 'Library/Unused/acba5646c6435654fab87e974cdf7b1d'
	Deserialize:            0.166 ms
	Integration:            0.042 ms
	Integration of assets:  0.001 ms
	Thread Wait Time:       0.013 ms
	Total Operation Time:   0.222 ms
Loaded scene 'Library/Unused/7d69cb64cb47ac849a3785a7d31dcfa2'
	Deserialize:            0.157 ms
	Integration:            0.045 ms
	Integration of assets:  0.001 ms
	Thread Wait Time:       0.014 ms
	Total Operation Time:   0.217 ms
Loaded scene 'Library/Unused/64a579bb557e053419ed9ba7eedaa11e'
	Deserialize:            0.158 ms
	Integration:            0.039 ms
	Integration of assets:  0.001 ms
	Thread Wait Time:       0.012 ms
	Total Operation Time:   0.210 ms
Loaded scene 'Library/Unused/a4d06e9ac6078bb48a22a127979349bd'
	Deserialize:            0.158 ms
	Integration:            0.042 ms
	Integration of assets:  0.001 ms
	Thread Wait Time:       0.013 ms
	Total Operation Time:   0.213 ms
Loaded scene 'Library/Unused/4561f132fc50b184fa633778dfde4e46'
	Deserialize:            0.147 ms
	Integration:            0.044 ms
	Integration of assets:  0.001 ms
	Thread Wait Time:       0.014 ms
	Total Operation Time:   0.205 ms
Loaded scene 'Library/Unused/36d8a72934d63ab48845b673a9c9fe75'
	Deserialize:            0.155 ms
	Integration:            0.044 ms
	Integration of assets:  0.001 ms
	Thread Wait Time:       0.013 ms
	Total Operation Time:   0.213 ms
Loaded scene 'Library/Unused/4396051268d50c14d844b768dae84831'
	Deserialize:            0.337 ms
	Integration:            0.046 ms
	Integration of assets:  0.001 ms
	Thread Wait Time:       0.014 ms
	Total Operation Time:   0.398 ms
Loaded scene 'Library/Unused/551754beebf8bfe48ad233b6d6d3f816'
	Deserialize:            0.230 ms
	Integration:            0.060 ms
	Integration of assets:  0.001 ms
	Thread Wait Time:       0.018 ms
	Total Operation Time:   0.309 ms
Loaded scene 'Library/Unused/b22bff208cc352d43a50f4371361795f'
	Deserialize:            0.228 ms
	Integration:            0.050 ms
	Integration of assets:  0.001 ms
	Thread Wait Time:       0.009 ms
	Total Operation Time:   0.288 ms
Loaded scene 'Library/Unused/f09bd79b7ff39cf41ad409795ccf3ebb'
	Deserialize:            0.280 ms
	Integration:            0.052 ms
	Integration of assets:  0.002 ms
	Thread Wait Time:       0.023 ms
	Total Operation Time:   0.357 ms
Loaded scene 'Library/Unused/10c252e77b7cd9947be6fb7964c393db'
	Deserialize:            0.129 ms
	Integration:            0.043 ms
	Integration of assets:  0.001 ms
	Thread Wait Time:       0.009 ms
	Total Operation Time:   0.182 ms
Loaded scene 'Library/Unused/4a902b5ae7d820944b4d3e499c5da53c'
	Deserialize:            0.325 ms
	Integration:            0.040 ms
	Integration of assets:  0.001 ms
	Thread Wait Time:       0.018 ms
	Total Operation Time:   0.384 ms
Loaded scene 'Library/Unused/4c209f7f7a0fd174ba3d3ebc7ed4127f'
	Deserialize:            0.115 ms
	Integration:            0.032 ms
	Integration of assets:  0.000 ms
	Thread Wait Time:       0.009 ms
	Total Operation Time:   0.157 ms
Loaded scene 'Library/Unused/00ec22c38d1d8c64bb08178ca0bcd68b'
	Deserialize:            0.117 ms
	Integration:            0.036 ms
	Integration of assets:  0.001 ms
	Thread Wait Time:       0.009 ms
	Total Operation Time:   0.163 ms
Loaded scene 'Library/Unused/819de33a4ef6ec341804da6cf3d737bf'
	Deserialize:            0.241 ms
	Integration:            0.047 ms
	Integration of assets:  0.001 ms
	Thread Wait Time:       0.014 ms
	Total Operation Time:   0.303 ms
Loaded scene 'Library/Unused/b67a52a148f71b04b9f685fb3d18f4db'
	Deserialize:            0.160 ms
	Integration:            0.043 ms
	Integration of assets:  0.001 ms
	Thread Wait Time:       0.021 ms
	Total Operation Time:   0.225 ms
Loaded scene 'Library/Unused/c4889c368fea46345abffba9319556ec'
	Deserialize:            0.163 ms
	Integration:            0.039 ms
	Integration of assets:  0.001 ms
	Thread Wait Time:       0.020 ms
	Total Operation Time:   0.223 ms
Loaded scene 'Library/Unused/2b6e005a2206c4f4da8ab324e45fe62f'
	Deserialize:            0.164 ms
	Integration:            0.062 ms
	Integration of assets:  0.001 ms
	Thread Wait Time:       0.036 ms
	Total Operation Time:   0.263 ms
Loaded scene 'Library/Unused/cfcaf445747505a448ac670ff79f7de8'
	Deserialize:            0.140 ms
	Integration:            0.045 ms
	Integration of assets:  0.001 ms
	Thread Wait Time:       0.022 ms
	Total Operation Time:   0.207 ms
Loaded scene 'Library/Unused/51f92c0a6b03c6b46b024175329f9530'
	Deserialize:            0.146 ms
	Integration:            0.037 ms
	Integration of assets:  0.001 ms
	Thread Wait Time:       0.030 ms
	Total Operation Time:   0.214 ms
Loaded scene 'Library/Unused/b0c3d97e185989d43a8bd88237b3140f'
	Deserialize:            0.131 ms
	Integration:            0.047 ms
	Integration of assets:  0.001 ms
	Thread Wait Time:       0.021 ms
	Total Operation Time:   0.199 ms
Loaded scene 'Library/Unused/564858e9687ee8a40a9859b6db9e26e6'
	Deserialize:            0.138 ms
	Integration:            0.041 ms
	Integration of assets:  0.001 ms
	Thread Wait Time:       0.048 ms
	Total Operation Time:   0.228 ms
Loaded scene 'Library/Unused/4b783e6583c347f4db5db43c604f3595'
	Deserialize:            0.133 ms
	Integration:            0.090 ms
	Integration of assets:  0.001 ms
	Thread Wait Time:       0.045 ms
	Total Operation Time:   0.269 ms
Loaded scene 'Library/Unused/915a935f4c29d084ea9b969939799bd5'
	Deserialize:            0.149 ms
	Integration:            0.040 ms
	Integration of assets:  0.001 ms
	Thread Wait Time:       0.022 ms
	Total Operation Time:   0.211 ms
Loaded scene 'Library/Unused/8eea046c853565d4b804ab054788f34d'
	Deserialize:            0.235 ms
	Integration:            0.115 ms
	Integration of assets:  0.001 ms
	Thread Wait Time:       0.017 ms
	Total Operation Time:   0.368 ms
Loaded scene 'Library/Unused/37d30e2519d32084484dd4b3f7260854'
	Deserialize:            0.224 ms
	Integration:            0.056 ms
	Integration of assets:  0.001 ms
	Thread Wait Time:       0.015 ms
	Total Operation Time:   0.296 ms
Loaded scene 'Library/Unused/ffdc091e21d435043aae6e8b1dad2bde'
	Deserialize:            0.142 ms
	Integration:            0.049 ms
	Integration of assets:  0.001 ms
	Thread Wait Time:       0.012 ms
	Total Operation Time:   0.205 ms
Loaded scene 'Library/Unused/2910b6cf70678d4478c050b951c90824'
	Deserialize:            0.139 ms
	Integration:            0.102 ms
	Integration of assets:  0.002 ms
	Thread Wait Time:       0.023 ms
	Total Operation Time:   0.266 ms
Loaded scene 'Library/Unused/57937fe99badb714fafcf44f7b18abf0'
	Deserialize:            0.152 ms
	Integration:            0.037 ms
	Integration of assets:  0.001 ms
	Thread Wait Time:       0.022 ms
	Total Operation Time:   0.211 ms
Loaded scene 'Library/Unused/7e13d38ab6105b547a5f932d2277dd9f'
	Deserialize:            0.171 ms
	Integration:            0.086 ms
	Integration of assets:  0.001 ms
	Thread Wait Time:       0.026 ms
	Total Operation Time:   0.284 ms
Loaded scene 'Library/Unused/fc8eade1a09e70545a65f44148deaa3d'
	Deserialize:            0.157 ms
	Integration:            0.042 ms
	Integration of assets:  0.001 ms
	Thread Wait Time:       0.022 ms
	Total Operation Time:   0.222 ms
Loaded scene 'Library/Unused/bd931f377f0821749a50a246d94412be'
	Deserialize:            0.169 ms
	Integration:            0.042 ms
	Integration of assets:  0.001 ms
	Thread Wait Time:       0.020 ms
	Total Operation Time:   0.232 ms
Loaded scene 'Library/Unused/9538a1770105b1e4a862a4895015b531'
	Deserialize:            0.184 ms
	Integration:            0.040 ms
	Integration of assets:  0.002 ms
	Thread Wait Time:       0.017 ms
	Total Operation Time:   0.242 ms
Loaded scene 'Library/Unused/16fd9d6e55b688d46a5003d3b3bc3236'
	Deserialize:            0.113 ms
	Integration:            0.031 ms
	Integration of assets:  0.001 ms
	Thread Wait Time:       0.010 ms
	Total Operation Time:   0.154 ms
Loaded scene 'Library/Unused/9476da4e38b48b3489e2fad40d2ebc7f'
	Deserialize:            0.201 ms
	Integration:            0.041 ms
	Integration of assets:  0.001 ms
	Thread Wait Time:       0.015 ms
	Total Operation Time:   0.258 ms
Loaded scene 'Library/Unused/0efbb0afa16dc074f963b5cd11df926c'
	Deserialize:            0.142 ms
	Integration:            0.092 ms
	Integration of assets:  0.002 ms
	Thread Wait Time:       0.022 ms
	Total Operation Time:   0.257 ms
Loaded scene 'Library/Unused/0b3962d53bfd4734ab07398f68ad0c9e'
	Deserialize:            0.143 ms
	Integration:            0.061 ms
	Integration of assets:  0.001 ms
	Thread Wait Time:       0.022 ms
	Total Operation Time:   0.226 ms
Loaded scene 'Library/Unused/b66cb59b21c7fce488b8b7da5ba5d05b'
	Deserialize:            0.138 ms
	Integration:            0.037 ms
	Integration of assets:  0.001 ms
	Thread Wait Time:       0.020 ms
	Total Operation Time:   0.196 ms
Loaded scene 'Library/Unused/e6df4a21e2f47e24faa19e114915d62a'
	Deserialize:            0.152 ms
	Integration:            0.038 ms
	Integration of assets:  0.001 ms
	Thread Wait Time:       0.021 ms
	Total Operation Time:   0.212 ms
Loaded scene 'Library/Unused/f3fba8601c888924898b49f522406c59'
	Deserialize:            0.132 ms
	Integration:            0.040 ms
	Integration of assets:  0.001 ms
	Thread Wait Time:       0.021 ms
	Total Operation Time:   0.193 ms
Loaded scene 'Library/Unused/8c4bae77d5bcce64fbc5b08884ba3d21'
	Deserialize:            0.151 ms
	Integration:            0.045 ms
	Integration of assets:  0.002 ms
	Thread Wait Time:       0.018 ms
	Total Operation Time:   0.216 ms
Loaded scene 'Library/Unused/8f8c22bc17cd0b6478f8240ae7abf50d'
	Deserialize:            0.303 ms
	Integration:            0.121 ms
	Integration of assets:  0.002 ms
	Thread Wait Time:       0.014 ms
	Total Operation Time:   0.441 ms
Loaded scene 'Library/Unused/676f93430f65d364c873fc7f7e85df1e'
	Deserialize:            0.202 ms
	Integration:            0.050 ms
	Integration of assets:  0.001 ms
	Thread Wait Time:       0.015 ms
	Total Operation Time:   0.267 ms
Loaded scene 'Library/Unused/6e00f027c10807543b55208debd77c7d'
	Deserialize:            0.152 ms
	Integration:            0.035 ms
	Integration of assets:  0.001 ms
	Thread Wait Time:       0.009 ms
	Total Operation Time:   0.196 ms
Loaded scene 'Library/Unused/0ab42eaf82233cc4c9fb4c3bed0c6be6'
	Deserialize:            0.138 ms
	Integration:            0.034 ms
	Integration of assets:  0.001 ms
	Thread Wait Time:       0.011 ms
	Total Operation Time:   0.184 ms
Loaded scene 'Library/Unused/44e4b5b2a05091c44b5e4bb8a130016f'
	Deserialize:            0.142 ms
	Integration:            0.034 ms
	Integration of assets:  0.001 ms
	Thread Wait Time:       0.011 ms
	Total Operation Time:   0.189 ms
Loaded scene 'Library/Unused/ad6e6b043a7e0be419a020cc2174e84f'
	Deserialize:            0.140 ms
	Integration:            0.040 ms
	Integration of assets:  0.001 ms
	Thread Wait Time:       0.015 ms
	Total Operation Time:   0.196 ms
Loaded scene 'Library/Unused/811eb2d57efdf1a48884a1613f74db32'
	Deserialize:            0.141 ms
	Integration:            0.036 ms
	Integration of assets:  0.001 ms
	Thread Wait Time:       0.011 ms
	Total Operation Time:   0.189 ms
Loaded scene 'Library/Unused/a13853818cf6b3349abd3ead11619455'
	Deserialize:            0.151 ms
	Integration:            0.037 ms
	Integration of assets:  0.001 ms
	Thread Wait Time:       0.011 ms
	Total Operation Time:   0.200 ms
Loaded scene 'Library/Unused/17ae650d5ad29e643b623d053fa0d0fa'
	Deserialize:            0.146 ms
	Integration:            0.057 ms
	Integration of assets:  0.002 ms
	Thread Wait Time:       0.016 ms
	Total Operation Time:   0.221 ms
Loaded scene 'Library/Unused/e2febc3b217190c40b20d43dfb4d7820'
	Deserialize:            0.140 ms
	Integration:            0.040 ms
	Integration of assets:  0.001 ms
	Thread Wait Time:       0.012 ms
	Total Operation Time:   0.193 ms
Loaded scene 'Library/Unused/fd9767e387a52384eaa75875616ded8c'
	Deserialize:            0.269 ms
	Integration:            0.088 ms
	Integration of assets:  0.001 ms
	Thread Wait Time:       0.009 ms
	Total Operation Time:   0.366 ms
Loaded scene 'Library/Unused/ceb3557ce7d10e141aef3ddaeac69167'
	Deserialize:            0.182 ms
	Integration:            0.043 ms
	Integration of assets:  0.001 ms
	Thread Wait Time:       0.017 ms
	Total Operation Time:   0.243 ms
Loaded scene 'Library/Unused/28bcc755dc6591249ac5286b05755fce'
	Deserialize:            0.293 ms
	Integration:            0.040 ms
	Integration of assets:  0.001 ms
	Thread Wait Time:       0.011 ms
	Total Operation Time:   0.345 ms
Loaded scene 'Library/Unused/b5a1075cf0e5be64b84fb3d9f96154f8'
	Deserialize:            0.157 ms
	Integration:            0.059 ms
	Integration of assets:  0.001 ms
	Thread Wait Time:       0.022 ms
	Total Operation Time:   0.239 ms
Loaded scene 'Library/Unused/2c06475232f21534b905054a00322d4d'
	Deserialize:            0.186 ms
	Integration:            0.074 ms
	Integration of assets:  0.001 ms
	Thread Wait Time:       0.028 ms
	Total Operation Time:   0.289 ms
Loaded scene 'Library/Unused/5a51e51e79a70e84fba91417a714fd40'
	Deserialize:            0.168 ms
	Integration:            0.052 ms
	Integration of assets:  0.002 ms
	Thread Wait Time:       0.018 ms
	Total Operation Time:   0.239 ms
Loaded scene 'Library/Unused/eee80f755d27ebc4d9b41ad5773e162a'
	Deserialize:            0.127 ms
	Integration:            0.040 ms
	Integration of assets:  0.001 ms
	Thread Wait Time:       0.012 ms
	Total Operation Time:   0.180 ms
Loaded scene 'Library/Unused/f556ea1c992ce7c4a96079a6daa966a6'
	Deserialize:            0.312 ms
	Integration:            0.084 ms
	Integration of assets:  0.001 ms
	Thread Wait Time:       0.063 ms
	Total Operation Time:   0.461 ms
Loaded scene 'Library/Unused/f08fad9e2721e0c4d866a62bf69ce82f'
	Deserialize:            0.226 ms
	Integration:            0.056 ms
	Integration of assets:  0.001 ms
	Thread Wait Time:       0.015 ms
	Total Operation Time:   0.298 ms
Loaded scene 'Library/Unused/6c5d2f92ebb8979479766613dd35255e'
	Deserialize:            0.181 ms
	Integration:            0.045 ms
	Integration of assets:  0.001 ms
	Thread Wait Time:       0.010 ms
	Total Operation Time:   0.236 ms
Loaded scene 'Library/Unused/0bd8618839c83114582e10ac9cc760ff'
	Deserialize:            0.305 ms
	Integration:            0.057 ms
	Integration of assets:  0.001 ms
	Thread Wait Time:       0.021 ms
	Total Operation Time:   0.384 ms
Loaded scene 'Library/Unused/23c7d013a942afd4d87f8b210fcbfe55'
	Deserialize:            0.188 ms
	Integration:            0.045 ms
	Integration of assets:  0.001 ms
	Thread Wait Time:       0.016 ms
	Total Operation Time:   0.249 ms
Loaded scene 'Library/Unused/324a228a04dac1149b948eef53163b97'
	Deserialize:            0.185 ms
	Integration:            0.041 ms
	Integration of assets:  0.001 ms
	Thread Wait Time:       0.014 ms
	Total Operation Time:   0.241 ms
Loaded scene 'Library/Unused/d9b66c353df616d4295045498304525e'
	Deserialize:            0.210 ms
	Integration:            0.052 ms
	Integration of assets:  0.001 ms
	Thread Wait Time:       0.017 ms
	Total Operation Time:   0.280 ms
Loaded scene 'Library/Unused/41e8805ef62fb924b9146c880f75934f'
	Deserialize:            0.166 ms
	Integration:            0.041 ms
	Integration of assets:  0.001 ms
	Thread Wait Time:       0.012 ms
	Total Operation Time:   0.219 ms
Loaded scene 'Library/Unused/22dd5c51afe7fa14eaa25e71db2b336c'
	Deserialize:            0.152 ms
	Integration:            0.038 ms
	Integration of assets:  0.001 ms
	Thread Wait Time:       0.012 ms
	Total Operation Time:   0.203 ms
Loaded scene 'Library/Unused/0939989f818231142917426eb3157245'
	Deserialize:            0.145 ms
	Integration:            0.040 ms
	Integration of assets:  0.001 ms
	Thread Wait Time:       0.012 ms
	Total Operation Time:   0.198 ms
Loaded scene 'Library/Unused/40d161e470c190a4a96364120c532cf4'
	Deserialize:            0.155 ms
	Integration:            0.040 ms
	Integration of assets:  0.001 ms
	Thread Wait Time:       0.013 ms
	Total Operation Time:   0.208 ms
Loaded scene 'Library/Unused/8925155584280b04a8bdf66ec56ebb0c'
	Deserialize:            0.150 ms
	Integration:            0.039 ms
	Integration of assets:  0.001 ms
	Thread Wait Time:       0.012 ms
	Total Operation Time:   0.201 ms
Loaded scene 'Library/Unused/b995fe67c431261418487a22f1616bd9'
	Deserialize:            0.134 ms
	Integration:            0.039 ms
	Integration of assets:  0.001 ms
	Thread Wait Time:       0.013 ms
	Total Operation Time:   0.187 ms
Loaded scene 'Library/Unused/5ed526e8810fcdc488ba7d44202ad816'
	Deserialize:            0.153 ms
	Integration:            0.038 ms
	Integration of assets:  0.001 ms
	Thread Wait Time:       0.012 ms
	Total Operation Time:   0.203 ms
Loaded scene 'Library/Unused/abcdee5c4f8a73e429697dadfe6fc2f7'
	Deserialize:            2.448 ms
	Integration:            0.445 ms
	Integration of assets:  0.031 ms
	Thread Wait Time:       0.015 ms
	Total Operation Time:   2.939 ms
Loaded scene 'Library/Unused/38e36664e4de9664aa9e1d34854cb892'
	Deserialize:            3.950 ms
	Integration:            0.775 ms
	Integration of assets:  0.022 ms
	Thread Wait Time:       0.020 ms
	Total Operation Time:   4.767 ms
Loaded scene 'Library/Unused/80a53cc6dd5db0a488e56d55d6e69427'
	Deserialize:            0.848 ms
	Integration:            11.414 ms
	Integration of assets:  0.001 ms
	Thread Wait Time:       0.013 ms
	Total Operation Time:   12.276 ms
Loaded scene 'Library/Unused/e18ea555fb9f47c46b4b88dfdf31e509'
	Deserialize:            1.433 ms
	Integration:            0.222 ms
	Integration of assets:  0.016 ms
	Thread Wait Time:       0.011 ms
	Total Operation Time:   1.683 ms
Loaded scene 'Library/Unused/db1e7f590723cba4a8b89b840c65e0ad'
	Deserialize:            0.198 ms
	Integration:            0.052 ms
	Integration of assets:  0.001 ms
	Thread Wait Time:       0.015 ms
	Total Operation Time:   0.265 ms
Loaded scene 'Library/Unused/66d43b340c4196245bdea1cc0da2c976'
	Deserialize:            0.298 ms
	Integration:            0.172 ms
	Integration of assets:  0.001 ms
	Thread Wait Time:       0.040 ms
	Total Operation Time:   0.512 ms
Loaded scene 'Library/Unused/f38f90065b978074dbcf0f0dacc41f90'
	Deserialize:            1.082 ms
	Integration:            0.335 ms
	Integration of assets:  0.002 ms
	Thread Wait Time:       0.018 ms
	Total Operation Time:   1.436 ms
Loaded scene 'Library/Unused/b4eb7b819c1e6f4449985c4881481c36'
	Deserialize:            0.256 ms
	Integration:            0.538 ms
	Integration of assets:  0.001 ms
	Thread Wait Time:       0.015 ms
	Total Operation Time:   0.811 ms
Loaded scene 'Library/Unused/dd1d2becee736f747bacfb32cd90d71d'
	Deserialize:            0.267 ms
	Integration:            0.181 ms
	Integration of assets:  0.001 ms
	Thread Wait Time:       0.015 ms
	Total Operation Time:   0.463 ms
Loaded scene 'Library/Unused/a0f886324f4eb7a4ca095bd851d9a651'
	Deserialize:            0.182 ms
	Integration:            0.042 ms
	Integration of assets:  0.001 ms
	Thread Wait Time:       0.013 ms
	Total Operation Time:   0.238 ms
Loaded scene 'Library/Unused/8be59fed1a6cc304595f002fc9a1a47b'
	Deserialize:            0.153 ms
	Integration:            0.047 ms
	Integration of assets:  0.001 ms
	Thread Wait Time:       0.014 ms
	Total Operation Time:   0.214 ms
Loaded scene 'Library/Unused/97ff64c82ad219646bb9a98ee1d67389'
	Deserialize:            0.173 ms
	Integration:            0.050 ms
	Integration of assets:  0.001 ms
	Thread Wait Time:       0.015 ms
	Total Operation Time:   0.238 ms
Loaded scene 'Library/Unused/39fc680f4a7cb7045bda15d26b5e7ded'
	Deserialize:            0.166 ms
	Integration:            0.045 ms
	Integration of assets:  0.001 ms
	Thread Wait Time:       0.014 ms
	Total Operation Time:   0.225 ms
Loaded scene 'Library/Unused/b15743a3e76ba5149b65d43ce0b088a2'
	Deserialize:            0.149 ms
	Integration:            0.042 ms
	Integration of assets:  0.001 ms
	Thread Wait Time:       0.050 ms
	Total Operation Time:   0.242 ms
Loaded scene 'Library/Unused/8bf3322e946d9ef479b6c591a9a0a326'
	Deserialize:            0.138 ms
	Integration:            0.039 ms
	Integration of assets:  0.001 ms
	Thread Wait Time:       0.012 ms
	Total Operation Time:   0.189 ms
Loaded scene 'Library/Unused/0e7cd0423b1ca1d4b92c82dba24d64f1'
	Deserialize:            0.250 ms
	Integration:            0.053 ms
	Integration of assets:  0.001 ms
	Thread Wait Time:       0.012 ms
	Total Operation Time:   0.316 ms
Loaded scene 'Library/Unused/78c289a8e2f3fc74db77359af143f42d'
	Deserialize:            0.117 ms
	Integration:            0.045 ms
	Integration of assets:  0.001 ms
	Thread Wait Time:       0.019 ms
	Total Operation Time:   0.181 ms
Loaded scene 'Library/Unused/e9b85730f48496d4ab9bdd1563e85508'
	Deserialize:            0.328 ms
	Integration:            0.334 ms
	Integration of assets:  0.001 ms
	Thread Wait Time:       0.016 ms
	Total Operation Time:   0.678 ms
Loaded scene 'Library/Unused/29d8db547a5189a4fb31ad42ccb8ec3c'
	Deserialize:            0.177 ms
	Integration:            0.044 ms
	Integration of assets:  0.001 ms
	Thread Wait Time:       0.023 ms
	Total Operation Time:   0.245 ms
Loaded scene 'Library/Unused/a6b6d8bccb4a2954f94a10b9aef400bb'
	Deserialize:            0.194 ms
	Integration:            0.179 ms
	Integration of assets:  0.001 ms
	Thread Wait Time:       0.022 ms
	Total Operation Time:   0.395 ms
Loaded scene 'Library/Unused/afc314e153f86f746bc3db062fb94cd5'
	Deserialize:            0.305 ms
	Integration:            0.087 ms
	Integration of assets:  0.001 ms
	Thread Wait Time:       0.026 ms
	Total Operation Time:   0.419 ms
Loaded scene 'Library/Unused/1e15956ca92b57d43a8f79ef8f91617d'
	Deserialize:            1.586 ms
	Integration:            0.073 ms
	Integration of assets:  0.069 ms
	Thread Wait Time:       0.013 ms
	Total Operation Time:   1.741 ms
Loaded scene 'Library/Unused/3a0e513a8b148ae4dbdb151b139f9aef'
	Deserialize:            4.715 ms
	Integration:            10.663 ms
	Integration of assets:  0.045 ms
	Thread Wait Time:       0.018 ms
	Total Operation Time:   15.441 ms
Loaded scene 'Library/Unused/b2d393ec1c3e0434baa7d29bf65efe99'
	Deserialize:            0.309 ms
	Integration:            0.055 ms
	Integration of assets:  0.001 ms
	Thread Wait Time:       0.016 ms
	Total Operation Time:   0.381 ms
Creating missing MeshRenderer component for TextMesh in Text.
UnityEngine.Debug:ExtractStackTraceNoAlloc (byte*,int,string)
UnityEngine.StackTraceUtility:ExtractStackTrace ()
UnityEditor.PrefabUtility:LoadPrefabContentsIntoPreviewScene_Internal (string,UnityEngine.SceneManagement.Scene)
UnityEditor.PrefabUtility:LoadPrefabContents (string)
ReconstructionValidation:Run () (at Assets/Editor/ReconstructionValidation.cs:54)

[Assets/Editor/ReconstructionValidation.cs line 54]

Creating missing MeshRenderer component for TextMesh in Upper Left.
UnityEngine.Debug:ExtractStackTraceNoAlloc (byte*,int,string)
UnityEngine.StackTraceUtility:ExtractStackTrace ()
UnityEditor.PrefabUtility:LoadPrefabContentsIntoPreviewScene_Internal (string,UnityEngine.SceneManagement.Scene)
UnityEditor.PrefabUtility:LoadPrefabContents (string)
ReconstructionValidation:Run () (at Assets/Editor/ReconstructionValidation.cs:54)

[Assets/Editor/ReconstructionValidation.cs line 54]

Loaded scene 'Library/Unused/3496f3b54f56b3a4cb48581a15dd715f'
	Deserialize:            9.177 ms
	Integration:            22.277 ms
	Integration of assets:  0.309 ms
	Thread Wait Time:       0.016 ms
	Total Operation Time:   31.779 ms
Loaded scene 'Library/Unused/d7de5892ba8852f49822bf2bc4ff808f'
	Deserialize:            0.741 ms
	Integration:            0.067 ms
	Integration of assets:  0.001 ms
	Thread Wait Time:       0.019 ms
	Total Operation Time:   0.828 ms
Loaded scene 'Library/Unused/7ca839eb7c997ff4aa6e418f3697c8e4'
	Deserialize:            0.181 ms
	Integration:            0.048 ms
	Integration of assets:  0.001 ms
	Thread Wait Time:       0.012 ms
	Total Operation Time:   0.241 ms
Loaded scene 'Library/Unused/d3899997e2ec05f4ba1db3985420399b'
	Deserialize:            1.836 ms
	Integration:            0.642 ms
	Integration of assets:  0.048 ms
	Thread Wait Time:       0.013 ms
	Total Operation Time:   2.539 ms
Loaded scene 'Library/Unused/487f064b9d1905946b930237dc68b346'
	Deserialize:            0.186 ms
	Integration:            0.115 ms
	Integration of assets:  0.002 ms
	Thread Wait Time:       0.019 ms
	Total Operation Time:   0.322 ms
Loaded scene 'Library/Unused/fb2177f719013ac49bbddd51fb73632d'
	Deserialize:            0.120 ms
	Integration:            0.035 ms
	Integration of assets:  0.000 ms
	Thread Wait Time:       0.010 ms
	Total Operation Time:   0.165 ms
Loaded scene 'Library/Unused/110c9e9c215c1814992b3398016e9bf9'
	Deserialize:            0.310 ms
	Integration:            0.052 ms
	Integration of assets:  0.001 ms
	Thread Wait Time:       0.017 ms
	Total Operation Time:   0.381 ms
Loaded scene 'Library/Unused/905d8cc55d5ad3b47b7cdefdc14c8b0f'
	Deserialize:            0.697 ms
	Integration:            0.233 ms
	Integration of assets:  0.001 ms
	Thread Wait Time:       0.013 ms
	Total Operation Time:   0.944 ms
Loaded scene 'Library/Unused/f5980b60bded6ff4e9d881213f3d4c31'
	Deserialize:            0.173 ms
	Integration:            0.043 ms
	Integration of assets:  0.001 ms
	Thread Wait Time:       0.009 ms
	Total Operation Time:   0.226 ms
Loaded scene 'Library/Unused/4fd5def544b31ac4a99b310cb57ebbe0'
	Deserialize:            0.141 ms
	Integration:            0.044 ms
	Integration of assets:  0.001 ms
	Thread Wait Time:       0.012 ms
	Total Operation Time:   0.198 ms
Loaded scene 'Library/Unused/c507a77f1d1a7f54cb3ac1a34f98d192'
	Deserialize:            0.120 ms
	Integration:            0.133 ms
	Integration of assets:  0.002 ms
	Thread Wait Time:       0.021 ms
	Total Operation Time:   0.275 ms
Loaded scene 'Library/Unused/13eed785b397ad54ab4bc5ba0c16de20'
	Deserialize:            1.094 ms
	Integration:            0.221 ms
	Integration of assets:  0.008 ms
	Thread Wait Time:       0.017 ms
	Total Operation Time:   1.340 ms
Loaded scene 'Library/Unused/4fad658bb7038b64da4c1617f518b116'
	Deserialize:            0.118 ms
	Integration:            0.036 ms
	Integration of assets:  0.001 ms
	Thread Wait Time:       0.010 ms
	Total Operation Time:   0.164 ms
Loaded scene 'Library/Unused/c3d371b928fd29b4e8339377289e0caf'
	Deserialize:            1.896 ms
	Integration:            0.677 ms
	Integration of assets:  0.018 ms
	Thread Wait Time:       0.019 ms
	Total Operation Time:   2.609 ms
Loaded scene 'Library/Unused/587c40cd89f93634299bf587c57d5041'
	Deserialize:            0.136 ms
	Integration:            0.042 ms
	Integration of assets:  0.001 ms
	Thread Wait Time:       0.011 ms
	Total Operation Time:   0.190 ms
Creating missing Rigidbody component for UghButton in dialog.
UnityEngine.Debug:ExtractStackTraceNoAlloc (byte*,int,string)
UnityEngine.StackTraceUtility:ExtractStackTrace ()
UnityEditor.PrefabUtility:LoadPrefabContentsIntoPreviewScene_Internal (string,UnityEngine.SceneManagement.Scene)
UnityEditor.PrefabUtility:LoadPrefabContents (string)
ReconstructionValidation:Run () (at Assets/Editor/ReconstructionValidation.cs:54)

[Assets/Editor/ReconstructionValidation.cs line 54]

Loaded scene 'Library/Unused/a956f364acaa19f4d838fe43d6da67e4'
	Deserialize:            1.070 ms
	Integration:            0.371 ms
	Integration of assets:  0.001 ms
	Thread Wait Time:       0.011 ms
	Total Operation Time:   1.452 ms
Loaded scene 'Library/Unused/9dcfcf190168d044cb800689a1272d16'
	Deserialize:            0.268 ms
	Integration:            0.041 ms
	Integration of assets:  0.001 ms
	Thread Wait Time:       0.018 ms
	Total Operation Time:   0.328 ms
Loaded scene 'Library/Unused/7f26a4f0c4c93024a820867700fdd048'
	Deserialize:            0.282 ms
	Integration:            0.047 ms
	Integration of assets:  0.001 ms
	Thread Wait Time:       0.017 ms
	Total Operation Time:   0.347 ms
Loaded scene 'Library/Unused/4ddf79f37905f63448de5160bb20bab3'
	Deserialize:            0.231 ms
	Integration:            0.070 ms
	Integration of assets:  0.001 ms
	Thread Wait Time:       0.015 ms
	Total Operation Time:   0.318 ms
Loaded scene 'Library/Unused/e6a73c8f5b3993548a9740bc8b601610'
	Deserialize:            0.160 ms
	Integration:            0.046 ms
	Integration of assets:  0.001 ms
	Thread Wait Time:       0.013 ms
	Total Operation Time:   0.220 ms
Loaded scene 'Library/Unused/c0c763ce03f305b458774786c43ec37d'
	Deserialize:            0.124 ms
	Integration:            0.044 ms
	Integration of assets:  0.001 ms
	Thread Wait Time:       0.010 ms
	Total Operation Time:   0.179 ms
Loaded scene 'Library/Unused/5460cc933df8f8f48acc03dd6e4b75cf'
	Deserialize:            0.149 ms
	Integration:            0.044 ms
	Integration of assets:  0.001 ms
	Thread Wait Time:       0.013 ms
	Total Operation Time:   0.207 ms
Loaded scene 'Library/Unused/b2dc1bfe49eb49d48bdc0c79322f4b18'
	Deserialize:            0.139 ms
	Integration:            0.041 ms
	Integration of assets:  0.001 ms
	Thread Wait Time:       0.013 ms
	Total Operation Time:   0.193 ms
Loaded scene 'Library/Unused/5129f45a8af387241a83d52e1ceb8783'
	Deserialize:            0.139 ms
	Integration:            0.045 ms
	Integration of assets:  0.001 ms
	Thread Wait Time:       0.013 ms
	Total Operation Time:   0.198 ms
Loaded scene 'Library/Unused/7b4937064139d714b844abc4b3a71025'
	Deserialize:            0.669 ms
	Integration:            7.747 ms
	Integration of assets:  0.001 ms
	Thread Wait Time:       0.012 ms
	Total Operation Time:   8.428 ms
Loaded scene 'Library/Unused/dfbd86bdd339b73448ae9796261b0152'
	Deserialize:            0.313 ms
	Integration:            0.107 ms
	Integration of assets:  0.001 ms
	Thread Wait Time:       0.014 ms
	Total Operation Time:   0.435 ms
Loaded scene 'Library/Unused/64a2e97b272361641a9ef0dc9d506eb6'
	Deserialize:            0.337 ms
	Integration:            0.074 ms
	Integration of assets:  0.001 ms
	Thread Wait Time:       0.011 ms
	Total Operation Time:   0.423 ms
Loaded scene 'Library/Unused/b84927d7f78e823499678c440c31ed8a'
	Deserialize:            0.287 ms
	Integration:            0.049 ms
	Integration of assets:  0.001 ms
	Thread Wait Time:       0.016 ms
	Total Operation Time:   0.353 ms
Loaded scene 'Library/Unused/b961f6b90631b264e9178ade56cbcf1d'
	Deserialize:            0.107 ms
	Integration:            0.032 ms
	Integration of assets:  0.000 ms
	Thread Wait Time:       0.009 ms
	Total Operation Time:   0.148 ms
Loaded scene 'Library/Unused/edeb35340d310114589578372df5a808'
	Deserialize:            0.109 ms
	Integration:            0.036 ms
	Integration of assets:  0.001 ms
	Thread Wait Time:       0.009 ms
	Total Operation Time:   0.156 ms
Loaded scene 'Library/Unused/f648f5ff00e99b748a58408ff14294e2'
	Deserialize:            0.100 ms
	Integration:            0.035 ms
	Integration of assets:  0.000 ms
	Thread Wait Time:       0.008 ms
	Total Operation Time:   0.143 ms
Loaded scene 'Library/Unused/b59a497929665a541a9f226e3f43f47f'
	Deserialize:            0.097 ms
	Integration:            0.031 ms
	Integration of assets:  0.001 ms
	Thread Wait Time:       0.008 ms
	Total Operation Time:   0.136 ms
Loaded scene 'Library/Unused/d6aa1eab079543343bf2edc91d95269f'
	Deserialize:            0.111 ms
	Integration:            0.036 ms
	Integration of assets:  0.001 ms
	Thread Wait Time:       0.010 ms
	Total Operation Time:   0.157 ms
Loaded scene 'Library/Unused/8e1fdd285e6d8cc4ea39f4dfe5867803'
	Deserialize:            0.156 ms
	Integration:            0.055 ms
	Integration of assets:  0.002 ms
	Thread Wait Time:       0.017 ms
	Total Operation Time:   0.229 ms
Loaded scene 'Library/Unused/e726fc878c10d574eb8663464d6c1ecc'
	Deserialize:            0.265 ms
	Integration:            0.048 ms
	Integration of assets:  0.001 ms
	Thread Wait Time:       0.016 ms
	Total Operation Time:   0.330 ms
Loaded scene 'Library/Unused/38081953c05a52e49af4295bfe42e348'
	Deserialize:            0.118 ms
	Integration:            0.042 ms
	Integration of assets:  0.001 ms
	Thread Wait Time:       0.011 ms
	Total Operation Time:   0.172 ms
Loaded scene 'Library/Unused/d4eb6a02513740c45b4b96883bc4f992'
	Deserialize:            0.134 ms
	Integration:            0.042 ms
	Integration of assets:  0.001 ms
	Thread Wait Time:       0.017 ms
	Total Operation Time:   0.194 ms
Loaded scene 'Library/Unused/13a23ab437c0bf640bd67d2a2a7c60fe'
	Deserialize:            0.227 ms
	Integration:            0.040 ms
	Integration of assets:  0.001 ms
	Thread Wait Time:       0.021 ms
	Total Operation Time:   0.289 ms
Loaded scene 'Library/Unused/848a7e86752dd1f4aae06be85795d1db'
	Deserialize:            0.106 ms
	Integration:            0.036 ms
	Integration of assets:  0.000 ms
	Thread Wait Time:       0.009 ms
	Total Operation Time:   0.152 ms
Loaded scene 'Library/Unused/bee1fc80ebc4c964787fc5fc437ad64c'
	Deserialize:            0.101 ms
	Integration:            0.033 ms
	Integration of assets:  0.000 ms
	Thread Wait Time:       0.009 ms
	Total Operation Time:   0.143 ms
Loaded scene 'Library/Unused/3f7e0537b3defae4d9e97f864bcdeb93'
	Deserialize:            0.105 ms
	Integration:            0.032 ms
	Integration of assets:  0.000 ms
	Thread Wait Time:       0.009 ms
	Total Operation Time:   0.146 ms
Loaded scene 'Library/Unused/113d25b1a5cbde5419120481cede3196'
	Deserialize:            0.101 ms
	Integration:            0.031 ms
	Integration of assets:  0.000 ms
	Thread Wait Time:       0.009 ms
	Total Operation Time:   0.142 ms
Loaded scene 'Library/Unused/5c664a03ccae30242ac98a5e88ac97b7'
	Deserialize:            0.098 ms
	Integration:            0.032 ms
	Integration of assets:  0.000 ms
	Thread Wait Time:       0.009 ms
	Total Operation Time:   0.140 ms
Loaded scene 'Library/Unused/cc56cf66fb007434b8bdce1e1fc545bf'
	Deserialize:            0.106 ms
	Integration:            0.032 ms
	Integration of assets:  0.000 ms
	Thread Wait Time:       0.009 ms
	Total Operation Time:   0.147 ms
Loaded scene 'Library/Unused/cc507e5f91be1e245a3af760b0e59ad8'
	Deserialize:            0.108 ms
	Integration:            0.032 ms
	Integration of assets:  0.001 ms
	Thread Wait Time:       0.009 ms
	Total Operation Time:   0.150 ms
Loaded scene 'Library/Unused/bf6c1cda564b42f409dfdd4a2b2cd630'
	Deserialize:            0.247 ms
	Integration:            0.108 ms
	Integration of assets:  0.001 ms
	Thread Wait Time:       0.013 ms
	Total Operation Time:   0.370 ms
Loaded scene 'Library/Unused/6342eade6a5fdfa4d9f1dab89af8bbcc'
	Deserialize:            0.236 ms
	Integration:            0.065 ms
	Integration of assets:  0.002 ms
	Thread Wait Time:       0.020 ms
	Total Operation Time:   0.324 ms
Loaded scene 'Library/Unused/53f7259534934f84aabe2377a20add23'
	Deserialize:            0.231 ms
	Integration:            0.048 ms
	Integration of assets:  0.001 ms
	Thread Wait Time:       0.010 ms
	Total Operation Time:   0.291 ms
Loaded scene 'Library/Unused/2be9940e1cd36574687790192119272b'
	Deserialize:            0.121 ms
	Integration:            0.108 ms
	Integration of assets:  0.002 ms
	Thread Wait Time:       0.024 ms
	Total Operation Time:   0.255 ms
Loaded scene 'Library/Unused/d617b91b91aa7d048b8bf7099833238a'
	Deserialize:            0.146 ms
	Integration:            0.048 ms
	Integration of assets:  0.001 ms
	Thread Wait Time:       0.022 ms
	Total Operation Time:   0.217 ms
Loaded scene 'Library/Unused/ae5a1c09ecf27c44bb99c73622fae750'
	Deserialize:            0.116 ms
	Integration:            0.080 ms
	Integration of assets:  0.001 ms
	Thread Wait Time:       0.021 ms
	Total Operation Time:   0.218 ms
Loaded scene 'Library/Unused/6d5fec30424ca384b80fb8369561d6a7'
	Deserialize:            0.182 ms
	Integration:            0.084 ms
	Integration of assets:  0.001 ms
	Thread Wait Time:       0.022 ms
	Total Operation Time:   0.289 ms
Loaded scene 'Library/Unused/36ffa657c445439468c5c5ecf266c8f3'
	Deserialize:            0.147 ms
	Integration:            0.082 ms
	Integration of assets:  0.001 ms
	Thread Wait Time:       0.023 ms
	Total Operation Time:   0.254 ms
Loaded scene 'Library/Unused/4441dadddac31be46b9dc05b8466d8ac'
	Deserialize:            0.135 ms
	Integration:            0.078 ms
	Integration of assets:  0.001 ms
	Thread Wait Time:       0.027 ms
	Total Operation Time:   0.242 ms
Loaded scene 'Library/Unused/c2a5d5fe0b4d7864eb5522006b197520'
	Deserialize:            0.136 ms
	Integration:            0.085 ms
	Integration of assets:  0.001 ms
	Thread Wait Time:       0.021 ms
	Total Operation Time:   0.243 ms
Loaded scene 'Library/Unused/6b3973174f94ba94ea6cb481797849e4'
	Deserialize:            0.270 ms
	Integration:            0.058 ms
	Integration of assets:  0.001 ms
	Thread Wait Time:       0.012 ms
	Total Operation Time:   0.341 ms
Loaded scene 'Library/Unused/d38d8da9ef8308144baf774b714ed2cc'
	Deserialize:            0.209 ms
	Integration:            0.043 ms
	Integration of assets:  0.001 ms
	Thread Wait Time:       0.012 ms
	Total Operation Time:   0.265 ms
Loaded scene 'Library/Unused/4e7097cf4145fac42926a313d9c9eb6e'
	Deserialize:            0.270 ms
	Integration:            0.043 ms
	Integration of assets:  0.001 ms
	Thread Wait Time:       0.012 ms
	Total Operation Time:   0.326 ms
Loaded scene 'Library/Unused/11645b363204b48439d774e09f4989f9'
	Deserialize:            1.047 ms
	Integration:            7.631 ms
	Integration of assets:  0.002 ms
	Thread Wait Time:       0.028 ms
	Total Operation Time:   8.708 ms
Loaded scene 'Library/Unused/e854ffec7593de641a0842318b27c4e1'
	Deserialize:            0.396 ms
	Integration:            0.050 ms
	Integration of assets:  0.001 ms
	Thread Wait Time:       0.022 ms
	Total Operation Time:   0.469 ms
Loaded scene 'Library/Unused/5dc8985485d028345aa0bd0cbf8e9a4f'
	Deserialize:            0.241 ms
	Integration:            0.077 ms
	Integration of assets:  0.002 ms
	Thread Wait Time:       0.024 ms
	Total Operation Time:   0.344 ms
Loaded scene 'Library/Unused/86838a2e66d4b2446b27bbde9c3ba193'
	Deserialize:            0.127 ms
	Integration:            0.080 ms
	Integration of assets:  0.001 ms
	Thread Wait Time:       0.019 ms
	Total Operation Time:   0.227 ms
Loaded scene 'Library/Unused/193e4c08e013de34ab1a6db292e3ed6a'
	Deserialize:            0.172 ms
	Integration:            0.049 ms
	Integration of assets:  0.001 ms
	Thread Wait Time:       0.021 ms
	Total Operation Time:   0.244 ms
Loaded scene 'Library/Unused/c81812c70b1a2b4458b0e28b47de3052'
	Deserialize:            0.162 ms
	Integration:            0.086 ms
	Integration of assets:  0.001 ms
	Thread Wait Time:       0.022 ms
	Total Operation Time:   0.271 ms
Loaded scene 'Library/Unused/10891f51ffe2f2d449bb312c5a933fb3'
	Deserialize:            0.104 ms
	Integration:            0.072 ms
	Integration of assets:  0.001 ms
	Thread Wait Time:       0.021 ms
	Total Operation Time:   0.198 ms
Loaded scene 'Library/Unused/94bfb55fa8be8d84395e5621b0b9d68b'
	Deserialize:            0.132 ms
	Integration:            0.040 ms
	Integration of assets:  0.001 ms
	Thread Wait Time:       0.031 ms
	Total Operation Time:   0.204 ms
Loaded scene 'Library/Unused/eecfcab7c7e982e4b8bd8d9fbe88a4f1'
	Deserialize:            0.213 ms
	Integration:            0.046 ms
	Integration of assets:  0.002 ms
	Thread Wait Time:       0.015 ms
	Total Operation Time:   0.275 ms
Loaded scene 'Library/Unused/f10e3850a9ac5e94cb28e401c0c7de3b'
	Deserialize:            0.105 ms
	Integration:            0.080 ms
	Integration of assets:  0.001 ms
	Thread Wait Time:       0.019 ms
	Total Operation Time:   0.206 ms
Loaded scene 'Library/Unused/15649764acc74e2448ade590df208a08'
	Deserialize:            0.144 ms
	Integration:            0.038 ms
	Integration of assets:  0.001 ms
	Thread Wait Time:       0.009 ms
	Total Operation Time:   0.192 ms
Loaded scene 'Library/Unused/5634f316c421b114abb935ea377689a0'
	Deserialize:            0.109 ms
	Integration:            0.036 ms
	Integration of assets:  0.001 ms
	Thread Wait Time:       0.015 ms
	Total Operation Time:   0.161 ms
Loaded scene 'Library/Unused/39beef8affc059747a11b5b1e5265ebd'
	Deserialize:            0.230 ms
	Integration:            0.069 ms
	Integration of assets:  0.001 ms
	Thread Wait Time:       0.012 ms
	Total Operation Time:   0.312 ms
Loaded scene 'Library/Unused/1fd3613cd3ed3184cb36c9ae99dbfed5'
	Deserialize:            0.176 ms
	Integration:            0.090 ms
	Integration of assets:  0.001 ms
	Thread Wait Time:       0.012 ms
	Total Operation Time:   0.278 ms
Loaded scene 'Library/Unused/ab8cf75b45b50a3438356a2e53fd26b7'
	Deserialize:            0.133 ms
	Integration:            0.036 ms
	Integration of assets:  0.001 ms
	Thread Wait Time:       0.012 ms
	Total Operation Time:   0.183 ms
Loaded scene 'Library/Unused/f11db04ac1d5f4f4ea6548765c23ae4a'
	Deserialize:            0.502 ms
	Integration:            0.159 ms
	Integration of assets:  0.001 ms
	Thread Wait Time:       0.011 ms
	Total Operation Time:   0.673 ms
Loaded scene 'Library/Unused/ace528ee61ca4fb4fac84f5f7ea97307'
	Deserialize:            0.322 ms
	Integration:            0.046 ms
	Integration of assets:  0.001 ms
	Thread Wait Time:       0.014 ms
	Total Operation Time:   0.383 ms
Loaded scene 'Library/Unused/a23dd30964efea54ea3697eae2502ecc'
	Deserialize:            0.590 ms
	Integration:            0.164 ms
	Integration of assets:  0.001 ms
	Thread Wait Time:       0.008 ms
	Total Operation Time:   0.763 ms
Loaded scene 'Library/Unused/81f8dd0552a62a54895afd30c71d1240'
	Deserialize:            0.141 ms
	Integration:            0.047 ms
	Integration of assets:  0.001 ms
	Thread Wait Time:       0.013 ms
	Total Operation Time:   0.201 ms
Loaded scene 'Library/Unused/c4447e965cddf6c4080b95f759c9e24e'
	Deserialize:            0.179 ms
	Integration:            0.034 ms
	Integration of assets:  0.001 ms
	Thread Wait Time:       0.010 ms
	Total Operation Time:   0.224 ms
Loaded scene 'Library/Unused/48a755fd4be45a241a451eb6b420a6f2'
	Deserialize:            0.170 ms
	Integration:            0.043 ms
	Integration of assets:  0.001 ms
	Thread Wait Time:       0.011 ms
	Total Operation Time:   0.224 ms
Loaded scene 'Library/Unused/5442f005bea055244b4add1dd82c86ea'
	Deserialize:            0.182 ms
	Integration:            0.047 ms
	Integration of assets:  0.001 ms
	Thread Wait Time:       0.016 ms
	Total Operation Time:   0.246 ms
Loaded scene 'Library/Unused/42a0ade843fa08445874be2ff60838b3'
	Deserialize:            0.112 ms
	Integration:            0.034 ms
	Integration of assets:  0.001 ms
	Thread Wait Time:       0.009 ms
	Total Operation Time:   0.155 ms
Loaded scene 'Library/Unused/7219aac1c0e682a4384702ebc3a1c4c0'
	Deserialize:            0.131 ms
	Integration:            0.040 ms
	Integration of assets:  0.001 ms
	Thread Wait Time:       0.011 ms
	Total Operation Time:   0.182 ms
Loaded scene 'Library/Unused/97163400ca89ced4a8ccd07304654946'
	Deserialize:            0.168 ms
	Integration:            0.038 ms
	Integration of assets:  0.001 ms
	Thread Wait Time:       0.013 ms
	Total Operation Time:   0.220 ms
Loaded scene 'Library/Unused/72875d32e20b933449ba7e18d54f316f'
	Deserialize:            0.125 ms
	Integration:            0.037 ms
	Integration of assets:  0.001 ms
	Thread Wait Time:       0.011 ms
	Total Operation Time:   0.174 ms
Loaded scene 'Library/Unused/f5972339751062249afb065cbcb77b07'
	Deserialize:            0.154 ms
	Integration:            0.039 ms
	Integration of assets:  0.001 ms
	Thread Wait Time:       0.012 ms
	Total Operation Time:   0.205 ms
Loaded scene 'Library/Unused/fd0910195e8add048b357fbd9755a70c'
	Deserialize:            0.186 ms
	Integration:            0.036 ms
	Integration of assets:  0.001 ms
	Thread Wait Time:       0.015 ms
	Total Operation Time:   0.238 ms
Loaded scene 'Library/Unused/e17955620de117d47921dd38a4827968'
	Deserialize:            0.109 ms
	Integration:            0.032 ms
	Integration of assets:  0.000 ms
	Thread Wait Time:       0.008 ms
	Total Operation Time:   0.151 ms
Loaded scene 'Library/Unused/6148949d522cd3b448ebec8ec6864497'
	Deserialize:            0.222 ms
	Integration:            0.079 ms
	Integration of assets:  0.001 ms
	Thread Wait Time:       0.011 ms
	Total Operation Time:   0.313 ms
Loaded scene 'Library/Unused/f5299142b7dc8eb4f8fe28997448c883'
	Deserialize:            0.183 ms
	Integration:            0.049 ms
	Integration of assets:  0.001 ms
	Thread Wait Time:       0.013 ms
	Total Operation Time:   0.245 ms
Loaded scene 'Library/Unused/5b61a5b73070f764f901fff046119f0d'
	Deserialize:            0.138 ms
	Integration:            0.038 ms
	Integration of assets:  0.001 ms
	Thread Wait Time:       0.012 ms
	Total Operation Time:   0.189 ms
Loaded scene 'Library/Unused/ad7bbd9bf04574249b6e1a65aa1f50e4'
	Deserialize:            0.121 ms
	Integration:            0.043 ms
	Integration of assets:  0.001 ms
	Thread Wait Time:       0.013 ms
	Total Operation Time:   0.178 ms
Loaded scene 'Library/Unused/65cd9585840c878448de8216f8c44434'
	Deserialize:            0.118 ms
	Integration:            0.039 ms
	Integration of assets:  0.001 ms
	Thread Wait Time:       0.011 ms
	Total Operation Time:   0.169 ms
Loaded scene 'Library/Unused/cd784eb115621644b8f88510f439293d'
	Deserialize:            0.107 ms
	Integration:            0.039 ms
	Integration of assets:  0.001 ms
	Thread Wait Time:       0.011 ms
	Total Operation Time:   0.158 ms
Loaded scene 'Library/Unused/5c73826f93b91cb4c9b086760690ab9d'
	Deserialize:            0.131 ms
	Integration:            0.035 ms
	Integration of assets:  0.000 ms
	Thread Wait Time:       0.010 ms
	Total Operation Time:   0.176 ms
Loaded scene 'Library/Unused/143a730bfb46de64c867b40e491d8af8'
	Deserialize:            0.670 ms
	Integration:            0.058 ms
	Integration of assets:  0.001 ms
	Thread Wait Time:       0.012 ms
	Total Operation Time:   0.740 ms
Loaded scene 'Library/Unused/7b3805d61a922ae4cb068858a0906042'
	Deserialize:            0.607 ms
	Integration:            0.063 ms
	Integration of assets:  0.001 ms
	Thread Wait Time:       0.027 ms
	Total Operation Time:   0.698 ms
Loaded scene 'Library/Unused/a796a87989bf62a43b9c10a3b19999a6'
	Deserialize:            0.177 ms
	Integration:            0.049 ms
	Integration of assets:  0.001 ms
	Thread Wait Time:       0.011 ms
	Total Operation Time:   0.238 ms
Loaded scene 'Library/Unused/ee1843e999ec20740af63f0ac9d46ec2'
	Deserialize:            0.135 ms
	Integration:            0.056 ms
	Integration of assets:  0.001 ms
	Thread Wait Time:       0.012 ms
	Total Operation Time:   0.204 ms
Loaded scene 'Library/Unused/f6b7d86de91f46341b54f974a31725d6'
	Deserialize:            0.183 ms
	Integration:            0.045 ms
	Integration of assets:  0.001 ms
	Thread Wait Time:       0.014 ms
	Total Operation Time:   0.242 ms
Loaded scene 'Library/Unused/5fd09c1ee745c1d4091ba919964d2fcf'
	Deserialize:            0.123 ms
	Integration:            0.041 ms
	Integration of assets:  0.001 ms
	Thread Wait Time:       0.011 ms
	Total Operation Time:   0.176 ms
Loaded scene 'Library/Unused/5e0402335c4fc2e46bad9ab75c9fb2cf'
	Deserialize:            0.157 ms
	Integration:            0.081 ms
	Integration of assets:  0.002 ms
	Thread Wait Time:       0.123 ms
	Total Operation Time:   0.363 ms
Loaded scene 'Library/Unused/47a878e26fb83ae49bd949117fdec5ae'
	Deserialize:            0.140 ms
	Integration:            0.044 ms
	Integration of assets:  0.001 ms
	Thread Wait Time:       0.025 ms
	Total Operation Time:   0.210 ms
Loaded scene 'Library/Unused/1df15657df27cc84cb9bb091ccf3776b'
	Deserialize:            0.245 ms
	Integration:            0.077 ms
	Integration of assets:  0.001 ms
	Thread Wait Time:       0.028 ms
	Total Operation Time:   0.350 ms
Loaded scene 'Library/Unused/b5bdafc501d7e2549a9c6553089d5e0b'
	Deserialize:            0.153 ms
	Integration:            0.107 ms
	Integration of assets:  0.001 ms
	Thread Wait Time:       0.011 ms
	Total Operation Time:   0.272 ms
Loaded scene 'Library/Unused/fdb10d576ad7fc547b4964edf477eaea'
	Deserialize:            0.245 ms
	Integration:            0.083 ms
	Integration of assets:  0.001 ms
	Thread Wait Time:       0.014 ms
	Total Operation Time:   0.342 ms
Loaded scene 'Library/Unused/6c456d3033300e84487f2055767f6ac8'
	Deserialize:            0.203 ms
	Integration:            0.059 ms
	Integration of assets:  0.001 ms
	Thread Wait Time:       0.015 ms
	Total Operation Time:   0.278 ms
Loaded scene 'Library/Unused/d30702da02eec654d9e26d76ff6b8255'
	Deserialize:            0.170 ms
	Integration:            0.065 ms
	Integration of assets:  0.001 ms
	Thread Wait Time:       0.014 ms
	Total Operation Time:   0.249 ms
Loaded scene 'Library/Unused/aee61b4ccc6d49843adb2d54b9bac0b0'
	Deserialize:            0.287 ms
	Integration:            0.105 ms
	Integration of assets:  0.001 ms
	Thread Wait Time:       0.009 ms
	Total Operation Time:   0.403 ms
Loaded scene 'Library/Unused/c055a990e00a9a442b89d299994b7485'
	Deserialize:            0.142 ms
	Integration:            0.039 ms
	Integration of assets:  0.001 ms
	Thread Wait Time:       0.012 ms
	Total Operation Time:   0.193 ms
Loaded scene 'Library/Unused/a3cb18617749d664b9af34a603e6a5f8'
	Deserialize:            0.124 ms
	Integration:            0.037 ms
	Integration of assets:  0.001 ms
	Thread Wait Time:       0.010 ms
	Total Operation Time:   0.171 ms
Loaded scene 'Library/Unused/f2fceb87d3a22b44586ce0c2f9064f79'
	Deserialize:            0.421 ms
	Integration:            1.172 ms
	Integration of assets:  0.001 ms
	Thread Wait Time:       0.017 ms
	Total Operation Time:   1.611 ms
Loaded scene 'Library/Unused/6cddc16a0360e264181bbbcba9b0418b'
	Deserialize:            0.206 ms
	Integration:            0.046 ms
	Integration of assets:  0.001 ms
	Thread Wait Time:       0.015 ms
	Total Operation Time:   0.268 ms
Loaded scene 'Library/Unused/459206cd34d21a4439f7b593b7992dfd'
	Deserialize:            0.172 ms
	Integration:            0.140 ms
	Integration of assets:  0.001 ms
	Thread Wait Time:       0.011 ms
	Total Operation Time:   0.323 ms
Loaded scene 'Library/Unused/572815905efa833469c4548ea5e15ef8'
	Deserialize:            0.219 ms
	Integration:            0.071 ms
	Integration of assets:  0.001 ms
	Thread Wait Time:       0.012 ms
	Total Operation Time:   0.302 ms
Loaded scene 'Library/Unused/7fe4a75ca5cccf541be537dc4e17e3d8'
	Deserialize:            0.169 ms
	Integration:            0.051 ms
	Integration of assets:  0.001 ms
	Thread Wait Time:       0.013 ms
	Total Operation Time:   0.234 ms
Loaded scene 'Library/Unused/101bf89194bf0814bbe9f07170900b70'
	Deserialize:            0.273 ms
	Integration:            0.103 ms
	Integration of assets:  0.001 ms
	Thread Wait Time:       0.012 ms
	Total Operation Time:   0.389 ms
Loaded scene 'Library/Unused/bef58c8c1733f2040b7428c28a432b0b'
	Deserialize:            0.239 ms
	Integration:            0.043 ms
	Integration of assets:  0.001 ms
	Thread Wait Time:       0.016 ms
	Total Operation Time:   0.299 ms
Loaded scene 'Library/Unused/bd0a87be7587dc24cbb81fdcbd824d6c'
	Deserialize:            0.171 ms
	Integration:            0.062 ms
	Integration of assets:  0.001 ms
	Thread Wait Time:       0.021 ms
	Total Operation Time:   0.255 ms
Loaded scene 'Library/Unused/2b18edb09590a28499040503087ab78d'
	Deserialize:            0.144 ms
	Integration:            0.075 ms
	Integration of assets:  0.001 ms
	Thread Wait Time:       0.056 ms
	Total Operation Time:   0.275 ms
Loaded scene 'Library/Unused/f459a9a96effda7429b7a73842de0654'
	Deserialize:            0.234 ms
	Integration:            0.083 ms
	Integration of assets:  0.001 ms
	Thread Wait Time:       0.072 ms
	Total Operation Time:   0.389 ms
Loaded scene 'Library/Unused/d60577dd6afc8d847b5a1557dcb22b4e'
	Deserialize:            0.142 ms
	Integration:            0.076 ms
	Integration of assets:  0.001 ms
	Thread Wait Time:       0.026 ms
	Total Operation Time:   0.246 ms
Loaded scene 'Library/Unused/4c0425963e46c404d84729601ef99f7a'
	Deserialize:            0.131 ms
	Integration:            0.036 ms
	Integration of assets:  0.001 ms
	Thread Wait Time:       0.011 ms
	Total Operation Time:   0.178 ms
Loaded scene 'Library/Unused/19bf5603a1a8b5d43bc11459ebce9f79'
	Deserialize:            0.112 ms
	Integration:            0.036 ms
	Integration of assets:  0.001 ms
	Thread Wait Time:       0.011 ms
	Total Operation Time:   0.161 ms
Loaded scene 'Library/Unused/d8980651d9c74e74b963099b7a01caac'
	Deserialize:            0.155 ms
	Integration:            0.048 ms
	Integration of assets:  0.001 ms
	Thread Wait Time:       0.013 ms
	Total Operation Time:   0.218 ms
Loaded scene 'Library/Unused/9b58af243b59b4f4da8c888f58b2a201'
	Deserialize:            0.150 ms
	Integration:            0.044 ms
	Integration of assets:  0.001 ms
	Thread Wait Time:       0.013 ms
	Total Operation Time:   0.208 ms
Loaded scene 'Library/Unused/2e40839ff6552764e96dcfc1c2d9b607'
	Deserialize:            0.135 ms
	Integration:            0.047 ms
	Integration of assets:  0.001 ms
	Thread Wait Time:       0.013 ms
	Total Operation Time:   0.196 ms
Loaded scene 'Library/Unused/f84283db25a243347b6076bc00df7820'
	Deserialize:            0.246 ms
	Integration:            0.037 ms
	Integration of assets:  0.001 ms
	Thread Wait Time:       0.017 ms
	Total Operation Time:   0.302 ms
Loaded scene 'Library/Unused/beabfa1231580254982ef8cdc40631a0'
	Deserialize:            0.146 ms
	Integration:            0.041 ms
	Integration of assets:  0.001 ms
	Thread Wait Time:       0.012 ms
	Total Operation Time:   0.200 ms
Loaded scene 'Library/Unused/e24033b1e76629b4dbe47882f38365ed'
	Deserialize:            0.154 ms
	Integration:            0.045 ms
	Integration of assets:  0.001 ms
	Thread Wait Time:       0.010 ms
	Total Operation Time:   0.210 ms
Loaded scene 'Library/Unused/2dd7357b0def6344aa5706949af7da0e'
	Deserialize:            0.206 ms
	Integration:            0.041 ms
	Integration of assets:  0.001 ms
	Thread Wait Time:       0.011 ms
	Total Operation Time:   0.259 ms
Loaded scene 'Library/Unused/5f7fd93d8c640484e95553b166b7724f'
	Deserialize:            0.164 ms
	Integration:            0.045 ms
	Integration of assets:  0.001 ms
	Thread Wait Time:       0.013 ms
	Total Operation Time:   0.223 ms
Loaded scene 'Library/Unused/e07b3412d5fb21447991966b462072f4'
	Deserialize:            0.182 ms
	Integration:            0.057 ms
	Integration of assets:  0.001 ms
	Thread Wait Time:       0.011 ms
	Total Operation Time:   0.251 ms
Loaded scene 'Library/Unused/869a5b2d034ec874b9fc93b3bd3ec668'
	Deserialize:            0.218 ms
	Integration:            0.108 ms
	Integration of assets:  0.001 ms
	Thread Wait Time:       0.012 ms
	Total Operation Time:   0.339 ms
Loaded scene 'Library/Unused/d001566e665209c48a02d4eb68508534'
	Deserialize:            0.196 ms
	Integration:            0.032 ms
	Integration of assets:  0.001 ms
	Thread Wait Time:       0.013 ms
	Total Operation Time:   0.241 ms
Loaded scene 'Library/Unused/7a003cc2a37cef6499079d9144fdc251'
	Deserialize:            0.110 ms
	Integration:            0.038 ms
	Integration of assets:  0.001 ms
	Thread Wait Time:       0.009 ms
	Total Operation Time:   0.158 ms
Loaded scene 'Library/Unused/9847853863c64364b8f2cc96cf80d314'
	Deserialize:            0.149 ms
	Integration:            0.037 ms
	Integration of assets:  0.001 ms
	Thread Wait Time:       0.012 ms
	Total Operation Time:   0.199 ms
Loaded scene 'Library/Unused/9b6857e953e77de4aa79d341c5b95053'
	Deserialize:            0.232 ms
	Integration:            0.081 ms
	Integration of assets:  0.001 ms
	Thread Wait Time:       0.021 ms
	Total Operation Time:   0.335 ms
Loaded scene 'Library/Unused/210e97be760d5524e9553e636232cecc'
	Deserialize:            0.140 ms
	Integration:            0.049 ms
	Integration of assets:  0.001 ms
	Thread Wait Time:       0.021 ms
	Total Operation Time:   0.210 ms
Loaded scene 'Library/Unused/ad46acdf7a84b9245a7743d436a41383'
	Deserialize:            0.137 ms
	Integration:            0.040 ms
	Integration of assets:  0.001 ms
	Thread Wait Time:       0.012 ms
	Total Operation Time:   0.190 ms
Loaded scene 'Library/Unused/e928b508a9ba5904ea00bbbe8d494a62'
	Deserialize:            0.118 ms
	Integration:            0.038 ms
	Integration of assets:  0.001 ms
	Thread Wait Time:       0.012 ms
	Total Operation Time:   0.168 ms
Loaded scene 'Library/Unused/a4ddce38263178042868c52892ff24ef'
	Deserialize:            0.108 ms
	Integration:            0.044 ms
	Integration of assets:  0.001 ms
	Thread Wait Time:       0.012 ms
	Total Operation Time:   0.166 ms
Loaded scene 'Library/Unused/11fdbe5e3d19fdc43afdfc7271345043'
	Deserialize:            0.101 ms
	Integration:            0.031 ms
	Integration of assets:  0.001 ms
	Thread Wait Time:       0.009 ms
	Total Operation Time:   0.141 ms
Loaded scene 'Library/Unused/1e1ac4b04c25c1b4ebfde3a94b1f16f9'
	Deserialize:            0.136 ms
	Integration:            0.039 ms
	Integration of assets:  0.001 ms
	Thread Wait Time:       0.012 ms
	Total Operation Time:   0.188 ms
Loaded scene 'Library/Unused/e2164b8adc1862542bcf744054c4d141'
	Deserialize:            0.125 ms
	Integration:            0.037 ms
	Integration of assets:  0.001 ms
	Thread Wait Time:       0.011 ms
	Total Operation Time:   0.174 ms
Loaded scene 'Library/Unused/dda205fa56f53ae49aaf7f45ef394446'
	Deserialize:            0.110 ms
	Integration:            0.046 ms
	Integration of assets:  0.001 ms
	Thread Wait Time:       0.011 ms
	Total Operation Time:   0.168 ms
Loaded scene 'Library/Unused/24a11a8098156f840a10b2dca09f5f3b'
	Deserialize:            0.240 ms
	Integration:            0.481 ms
	Integration of assets:  0.001 ms
	Thread Wait Time:       0.018 ms
	Total Operation Time:   0.740 ms
Loaded scene 'Library/Unused/ea7e5e48844bff14286e7da930dff31b'
	Deserialize:            0.164 ms
	Integration:            0.039 ms
	Integration of assets:  0.001 ms
	Thread Wait Time:       0.012 ms
	Total Operation Time:   0.215 ms
Loaded scene 'Library/Unused/a026d0b219559014d916bd55620b5a5b'
	Deserialize:            0.227 ms
	Integration:            0.147 ms
	Integration of assets:  0.001 ms
	Thread Wait Time:       0.019 ms
	Total Operation Time:   0.393 ms
Loaded scene 'Library/Unused/c066f0abb55826f4a9f6235e701cb775'
	Deserialize:            0.179 ms
	Integration:            0.084 ms
	Integration of assets:  0.001 ms
	Thread Wait Time:       0.014 ms
	Total Operation Time:   0.278 ms
Loaded scene 'Library/Unused/c42f4e0340b288c44b34b3a74f881f72'
	Deserialize:            0.193 ms
	Integration:            0.054 ms
	Integration of assets:  0.001 ms
	Thread Wait Time:       0.010 ms
	Total Operation Time:   0.259 ms
Loaded scene 'Library/Unused/1a6b2f465263cf748b68b91e4b24c86f'
	Deserialize:            0.155 ms
	Integration:            0.041 ms
	Integration of assets:  0.001 ms
	Thread Wait Time:       0.012 ms
	Total Operation Time:   0.208 ms
Loaded scene 'Library/Unused/246c09b61d7c56845930b76206bf8718'
	Deserialize:            0.158 ms
	Integration:            0.038 ms
	Integration of assets:  0.001 ms
	Thread Wait Time:       0.012 ms
	Total Operation Time:   0.209 ms
Loaded scene 'Library/Unused/9ef76cf77ed6e2843b7990f9d3ccc418'
	Deserialize:            0.135 ms
	Integration:            0.040 ms
	Integration of assets:  0.001 ms
	Thread Wait Time:       0.012 ms
	Total Operation Time:   0.188 ms
Loaded scene 'Library/Unused/65337c3d14a4da44c9e210a82a4f2a87'
	Deserialize:            0.181 ms
	Integration:            0.038 ms
	Integration of assets:  0.001 ms
	Thread Wait Time:       0.011 ms
	Total Operation Time:   0.231 ms
Loaded scene 'Library/Unused/388518fb2365ed84db91061d3bd8c404'
	Deserialize:            0.109 ms
	Integration:            0.045 ms
	Integration of assets:  0.001 ms
	Thread Wait Time:       0.009 ms
	Total Operation Time:   0.164 ms
Loaded scene 'Library/Unused/ec576c4d95d07da43851a0f67505bbea'
	Deserialize:            0.169 ms
	Integration:            0.038 ms
	Integration of assets:  0.001 ms
	Thread Wait Time:       0.014 ms
	Total Operation Time:   0.222 ms
Loaded scene 'Library/Unused/37b6078f598f6d3469f6b25b331321b4'
	Deserialize:            0.139 ms
	Integration:            0.040 ms
	Integration of assets:  0.001 ms
	Thread Wait Time:       0.012 ms
	Total Operation Time:   0.191 ms
Loaded scene 'Library/Unused/d35af197f7ed70d42b93692283c5efcb'
	Deserialize:            0.107 ms
	Integration:            0.033 ms
	Integration of assets:  0.000 ms
	Thread Wait Time:       0.009 ms
	Total Operation Time:   0.150 ms
Loaded scene 'Library/Unused/fca9b78bf7c0d174fa789a37bf1bb28f'
	Deserialize:            0.126 ms
	Integration:            0.035 ms
	Integration of assets:  0.001 ms
	Thread Wait Time:       0.010 ms
	Total Operation Time:   0.172 ms
Loaded scene 'Library/Unused/3e7e3e240ba10994688d86e8fa73b00e'
	Deserialize:            0.202 ms
	Integration:            0.041 ms
	Integration of assets:  0.001 ms
	Thread Wait Time:       0.013 ms
	Total Operation Time:   0.257 ms
Loaded scene 'Library/Unused/27c10e5586dbd284598db4ba7d998367'
	Deserialize:            0.154 ms
	Integration:            0.038 ms
	Integration of assets:  0.001 ms
	Thread Wait Time:       0.012 ms
	Total Operation Time:   0.204 ms
Loaded scene 'Library/Unused/f897cd9629105ab4c9f06572fbc7a9ee'
	Deserialize:            0.176 ms
	Integration:            0.041 ms
	Integration of assets:  0.001 ms
	Thread Wait Time:       0.012 ms
	Total Operation Time:   0.229 ms
Loaded scene 'Library/Unused/2ddf9db676b6d5b41a61c2a2940271f2'
	Deserialize:            0.111 ms
	Integration:            0.036 ms
	Integration of assets:  0.001 ms
	Thread Wait Time:       0.009 ms
	Total Operation Time:   0.157 ms
Loaded scene 'Library/Unused/8d156ea32ece6fd429566b57f9906d9e'
	Deserialize:            0.168 ms
	Integration:            0.044 ms
	Integration of assets:  0.001 ms
	Thread Wait Time:       0.012 ms
	Total Operation Time:   0.225 ms
Loaded scene 'Library/Unused/f5eb03934892b2f4a90057d2689ab4e5'
	Deserialize:            0.138 ms
	Integration:            0.049 ms
	Integration of assets:  0.001 ms
	Thread Wait Time:       0.011 ms
	Total Operation Time:   0.198 ms
Loaded scene 'Library/Unused/23fac06f772d7f841b9785b5d7eefa21'
	Deserialize:            0.148 ms
	Integration:            0.049 ms
	Integration of assets:  0.001 ms
	Thread Wait Time:       0.013 ms
	Total Operation Time:   0.211 ms
Loaded scene 'Library/Unused/9d48309f7b698d44499541d98aa60dc7'
	Deserialize:            0.159 ms
	Integration:            0.038 ms
	Integration of assets:  0.001 ms
	Thread Wait Time:       0.012 ms
	Total Operation Time:   0.210 ms
Loaded scene 'Library/Unused/61df7f258c74f5543a0c39274f6b4491'
	Deserialize:            0.108 ms
	Integration:            0.117 ms
	Integration of assets:  0.001 ms
	Thread Wait Time:       0.023 ms
	Total Operation Time:   0.249 ms
Loaded scene 'Library/Unused/fa6762ba6bc80b04db7b4db86e54e113'
	Deserialize:            0.281 ms
	Integration:            0.075 ms
	Integration of assets:  0.002 ms
	Thread Wait Time:       0.015 ms
	Total Operation Time:   0.372 ms
Loaded scene 'Library/Unused/f43e57ff43681224aaae535da883c2b5'
	Deserialize:            0.144 ms
	Integration:            0.045 ms
	Integration of assets:  0.001 ms
	Thread Wait Time:       0.013 ms
	Total Operation Time:   0.202 ms
Loaded scene 'Library/Unused/24bfc131a18801f44989fb1ac15da5b2'
	Deserialize:            0.123 ms
	Integration:            0.038 ms
	Integration of assets:  0.001 ms
	Thread Wait Time:       0.011 ms
	Total Operation Time:   0.172 ms
Loaded scene 'Library/Unused/e9fca9d16f3171549b689e686e2d42a8'
	Deserialize:            0.105 ms
	Integration:            0.040 ms
	Integration of assets:  0.001 ms
	Thread Wait Time:       0.011 ms
	Total Operation Time:   0.155 ms
Loaded scene 'Library/Unused/2cb45c5339b908a468bf4dc11902e8de'
	Deserialize:            0.117 ms
	Integration:            0.036 ms
	Integration of assets:  0.001 ms
	Thread Wait Time:       0.011 ms
	Total Operation Time:   0.164 ms
Loaded scene 'Library/Unused/fa88f271b10de5247bca966eb6f41cd5'
	Deserialize:            0.150 ms
	Integration:            0.038 ms
	Integration of assets:  0.001 ms
	Thread Wait Time:       0.012 ms
	Total Operation Time:   0.201 ms
Loaded scene 'Library/Unused/7692470d23643fd419e4c0f7bbad5411'
	Deserialize:            0.150 ms
	Integration:            0.041 ms
	Integration of assets:  0.001 ms
	Thread Wait Time:       0.013 ms
	Total Operation Time:   0.204 ms
Loaded scene 'Library/Unused/2b8060b3a1d4b184db7fa3c7fe85171d'
	Deserialize:            0.125 ms
	Integration:            0.035 ms
	Integration of assets:  0.001 ms
	Thread Wait Time:       0.011 ms
	Total Operation Time:   0.172 ms
Loaded scene 'Library/Unused/c37700c742a764f4f8685bd4da5041d8'
	Deserialize:            0.131 ms
	Integration:            0.045 ms
	Integration of assets:  0.001 ms
	Thread Wait Time:       0.010 ms
	Total Operation Time:   0.186 ms
Loaded scene 'Library/Unused/7e3621c2601de33459bc939b4327af34'
	Deserialize:            0.115 ms
	Integration:            0.040 ms
	Integration of assets:  0.001 ms
	Thread Wait Time:       0.012 ms
	Total Operation Time:   0.167 ms
Loaded scene 'Library/Unused/ad05e089cdab1574d96e26779e7fa801'
	Deserialize:            0.103 ms
	Integration:            0.040 ms
	Integration of assets:  0.001 ms
	Thread Wait Time:       0.012 ms
	Total Operation Time:   0.156 ms
Loaded scene 'Library/Unused/356fe5318eb21d44e90a8ea958063ce2'
	Deserialize:            0.101 ms
	Integration:            0.035 ms
	Integration of assets:  0.001 ms
	Thread Wait Time:       0.011 ms
	Total Operation Time:   0.148 ms
Loaded scene 'Library/Unused/4adf3de4d84cc8f4c90d5ed7125eb6ed'
	Deserialize:            0.116 ms
	Integration:            0.036 ms
	Integration of assets:  0.000 ms
	Thread Wait Time:       0.010 ms
	Total Operation Time:   0.162 ms
Loaded scene 'Library/Unused/2c86f56afc37ec645b4941fd52dbffdc'
	Deserialize:            0.102 ms
	Integration:            0.034 ms
	Integration of assets:  0.000 ms
	Thread Wait Time:       0.009 ms
	Total Operation Time:   0.146 ms
Loaded scene 'Library/Unused/28a4062d205f6f241b118aecf4199ffb'
	Deserialize:            0.102 ms
	Integration:            0.033 ms
	Integration of assets:  0.001 ms
	Thread Wait Time:       0.009 ms
	Total Operation Time:   0.144 ms
Loaded scene 'Library/Unused/0d90a13c0df7a5a4ea334573c1976e08'
	Deserialize:            0.160 ms
	Integration:            0.041 ms
	Integration of assets:  0.001 ms
	Thread Wait Time:       0.012 ms
	Total Operation Time:   0.214 ms
Loaded scene 'Library/Unused/54d6035c59ee33f4492134a538f45289'
	Deserialize:            0.149 ms
	Integration:            0.038 ms
	Integration of assets:  0.001 ms
	Thread Wait Time:       0.010 ms
	Total Operation Time:   0.197 ms
Loaded scene 'Library/Unused/2ee4472acaaa8414fbc35ba22be7cb0d'
	Deserialize:            0.145 ms
	Integration:            0.037 ms
	Integration of assets:  0.001 ms
	Thread Wait Time:       0.011 ms
	Total Operation Time:   0.194 ms
Loaded scene 'Library/Unused/ea2d78a18fd5605409850755c063fd32'
	Deserialize:            0.158 ms
	Integration:            0.036 ms
	Integration of assets:  0.001 ms
	Thread Wait Time:       0.012 ms
	Total Operation Time:   0.206 ms
Loaded scene 'Library/Unused/ef061763259d55a4e911ca32c4ca859d'
	Deserialize:            0.166 ms
	Integration:            0.036 ms
	Integration of assets:  0.001 ms
	Thread Wait Time:       0.011 ms
	Total Operation Time:   0.213 ms
Loaded scene 'Library/Unused/c5a2e620dc7459242b5df386142247b4'
	Deserialize:            0.282 ms
	Integration:            0.102 ms
	Integration of assets:  0.001 ms
	Thread Wait Time:       0.012 ms
	Total Operation Time:   0.398 ms
Loaded scene 'Library/Unused/bd72cc771b5e7684d91b7e2f31427637'
	Deserialize:            0.171 ms
	Integration:            0.043 ms
	Integration of assets:  0.001 ms
	Thread Wait Time:       0.012 ms
	Total Operation Time:   0.227 ms
Loaded scene 'Library/Unused/ab921b11e4536c547b7154dd6ad91b33'
	Deserialize:            0.373 ms
	Integration:            0.105 ms
	Integration of assets:  0.001 ms
	Thread Wait Time:       0.011 ms
	Total Operation Time:   0.489 ms
Loaded scene 'Library/Unused/6bfd1ac8e6b3e874eb661673c52299f4'
	Deserialize:            0.245 ms
	Integration:            0.123 ms
	Integration of assets:  0.001 ms
	Thread Wait Time:       0.010 ms
	Total Operation Time:   0.379 ms
Loaded scene 'Library/Unused/35709c7e77d12dc44b4f91ff99121bfa'
	Deserialize:            0.423 ms
	Integration:            12.622 ms
	Integration of assets:  0.001 ms
	Thread Wait Time:       0.012 ms
	Total Operation Time:   13.057 ms
Loaded scene 'Library/Unused/a77b54f1c398b5d48ba9c5856bcc5314'
	Deserialize:            0.736 ms
	Integration:            0.106 ms
	Integration of assets:  0.122 ms
	Thread Wait Time:       0.025 ms
	Total Operation Time:   0.989 ms
Loaded scene 'Library/Unused/2a1e47af64f4fc540a0856418402013c'
	Deserialize:            0.157 ms
	Integration:            0.039 ms
	Integration of assets:  0.001 ms
	Thread Wait Time:       0.008 ms
	Total Operation Time:   0.205 ms
Loaded scene 'Library/Unused/2911031d598e933459796381c4c8aa2d'
	Deserialize:            0.313 ms
	Integration:            0.086 ms
	Integration of assets:  0.001 ms
	Thread Wait Time:       0.016 ms
	Total Operation Time:   0.416 ms
Loaded scene 'Library/Unused/9a37f1052a0f53b458753365348c66fc'
	Deserialize:            0.283 ms
	Integration:            0.060 ms
	Integration of assets:  0.001 ms
	Thread Wait Time:       0.018 ms
	Total Operation Time:   0.363 ms
Loaded scene 'Library/Unused/b849ef0750fe50843b778b4479923eec'
	Deserialize:            0.296 ms
	Integration:            0.043 ms
	Integration of assets:  0.001 ms
	Thread Wait Time:       0.014 ms
	Total Operation Time:   0.353 ms
Loaded scene 'Library/Unused/60fee39d97fc428469f9ffaabc430eb3'
	Deserialize:            0.147 ms
	Integration:            0.040 ms
	Integration of assets:  0.001 ms
	Thread Wait Time:       0.014 ms
	Total Operation Time:   0.202 ms
Loaded scene 'Library/Unused/b75fec458ddc6ef4a90453c496124781'
	Deserialize:            0.125 ms
	Integration:            0.035 ms
	Integration of assets:  0.001 ms
	Thread Wait Time:       0.010 ms
	Total Operation Time:   0.171 ms
Loaded scene 'Library/Unused/94f978b8021100c46ae2aa80318b0c3a'
	Deserialize:            0.124 ms
	Integration:            0.040 ms
	Integration of assets:  0.001 ms
	Thread Wait Time:       0.010 ms
	Total Operation Time:   0.175 ms
Loaded scene 'Library/Unused/76fe97537ed86654d84856add637a248'
	Deserialize:            0.136 ms
	Integration:            0.052 ms
	Integration of assets:  0.001 ms
	Thread Wait Time:       0.011 ms
	Total Operation Time:   0.200 ms
Loaded scene 'Library/Unused/32381c3094aadf84ca6a3904c4a50a37'
	Deserialize:            0.308 ms
	Integration:            0.052 ms
	Integration of assets:  0.001 ms
	Thread Wait Time:       0.012 ms
	Total Operation Time:   0.372 ms
Loaded scene 'Library/Unused/af9c73c3ca1a3314581c1c3cf9c222be'
	Deserialize:            0.391 ms
	Integration:            0.157 ms
	Integration of assets:  0.001 ms
	Thread Wait Time:       0.017 ms
	Total Operation Time:   0.566 ms
Loaded scene 'Library/Unused/627a467348b242d408dbb746ac243f4d'
	Deserialize:            0.166 ms
	Integration:            0.034 ms
	Integration of assets:  0.000 ms
	Thread Wait Time:       0.009 ms
	Total Operation Time:   0.210 ms
Loaded scene 'Library/Unused/b51597a8e77986849a6427ca40358105'
	Deserialize:            1.745 ms
	Integration:            0.375 ms
	Integration of assets:  0.001 ms
	Thread Wait Time:       0.011 ms
	Total Operation Time:   2.131 ms
Loaded scene 'Library/Unused/158f186f9092cc94caed67f99a11a73b'
	Deserialize:            0.122 ms
	Integration:            0.034 ms
	Integration of assets:  0.000 ms
	Thread Wait Time:       0.009 ms
	Total Operation Time:   0.166 ms
Loaded scene 'Library/Unused/da8671e7dd527d44da26b8f63eba647d'
	Deserialize:            0.168 ms
	Integration:            0.037 ms
	Integration of assets:  0.001 ms
	Thread Wait Time:       0.012 ms
	Total Operation Time:   0.217 ms
Loaded scene 'Library/Unused/32217a191e455b0409a7cf67013e0bce'
	Deserialize:            0.167 ms
	Integration:            0.043 ms
	Integration of assets:  0.001 ms
	Thread Wait Time:       0.012 ms
	Total Operation Time:   0.223 ms
Loaded scene 'Library/Unused/a69df4a6e9be379409112102779f465b'
	Deserialize:            0.256 ms
	Integration:            0.204 ms
	Integration of assets:  0.001 ms
	Thread Wait Time:       0.011 ms
	Total Operation Time:   0.472 ms
Loaded scene 'Library/Unused/d224770bc222a7d4d9ebb8cc3c4fd203'
	Deserialize:            0.621 ms
	Integration:            0.205 ms
	Integration of assets:  0.002 ms
	Thread Wait Time:       0.017 ms
	Total Operation Time:   0.845 ms
Loaded scene 'Library/Unused/676a03d19fec885499985d34218cfb18'
	Deserialize:            0.162 ms
	Integration:            0.047 ms
	Integration of assets:  0.001 ms
	Thread Wait Time:       0.011 ms
	Total Operation Time:   0.221 ms
Loaded scene 'Library/Unused/7bb25209a7609e34c9d15578bfa0c04c'
	Deserialize:            0.138 ms
	Integration:            0.041 ms
	Integration of assets:  0.000 ms
	Thread Wait Time:       0.009 ms
	Total Operation Time:   0.189 ms
Loaded scene 'Library/Unused/183b820747c361a41ad9d02c038dc718'
	Deserialize:            1.915 ms
	Integration:            0.734 ms
	Integration of assets:  0.029 ms
	Thread Wait Time:       0.013 ms
	Total Operation Time:   2.691 ms
Loaded scene 'Library/Unused/5edc0afdaf03db64faadeac8091852b6'
	Deserialize:            2.576 ms
	Integration:            0.920 ms
	Integration of assets:  0.019 ms
	Thread Wait Time:       0.014 ms
	Total Operation Time:   3.528 ms
Loaded scene 'Library/Unused/a8d933a615a1cb3488087dd4be11d808'
	Deserialize:            0.176 ms
	Integration:            0.040 ms
	Integration of assets:  0.000 ms
	Thread Wait Time:       0.011 ms
	Total Operation Time:   0.228 ms
Loaded scene 'Library/Unused/708be9d6d4af3e146909e9562bf1832c'
	Deserialize:            0.424 ms
	Integration:            0.119 ms
	Integration of assets:  0.000 ms
	Thread Wait Time:       0.011 ms
	Total Operation Time:   0.555 ms
Loaded scene 'Library/Unused/3b2370c66cadec343a3ec641ca049b28'
	Deserialize:            0.308 ms
	Integration:            0.084 ms
	Integration of assets:  0.000 ms
	Thread Wait Time:       0.010 ms
	Total Operation Time:   0.402 ms
Loaded scene 'Library/Unused/1781605bf82467b4692249bb102529f0'
	Deserialize:            0.188 ms
	Integration:            0.053 ms
	Integration of assets:  0.001 ms
	Thread Wait Time:       0.019 ms
	Total Operation Time:   0.261 ms
Loaded scene 'Library/Unused/400e7c51bb1e88d42ae6ede83667490a'
	Deserialize:            0.255 ms
	Integration:            0.084 ms
	Integration of assets:  0.002 ms
	Thread Wait Time:       0.011 ms
	Total Operation Time:   0.353 ms
Loaded scene 'Library/Unused/a7de8391860c73246ab0f6b7512367db'
	Deserialize:            0.199 ms
	Integration:            0.059 ms
	Integration of assets:  0.001 ms
	Thread Wait Time:       0.014 ms
	Total Operation Time:   0.273 ms
Loaded scene 'Library/Unused/4eda07378beb183449fbefd1fcc80544'
	Deserialize:            0.264 ms
	Integration:            0.047 ms
	Integration of assets:  0.001 ms
	Thread Wait Time:       0.012 ms
	Total Operation Time:   0.324 ms
Loaded scene 'Library/Unused/c4e2d4c59e9f65e40aa9da85c8772e1e'
	Deserialize:            0.182 ms
	Integration:            0.046 ms
	Integration of assets:  0.001 ms
	Thread Wait Time:       0.017 ms
	Total Operation Time:   0.246 ms
Loaded scene 'Library/Unused/0c30199e06eb6914e855f570c400f174'
	Deserialize:            0.265 ms
	Integration:            0.038 ms
	Integration of assets:  0.002 ms
	Thread Wait Time:       0.017 ms
	Total Operation Time:   0.322 ms
Loaded scene 'Library/Unused/ce9119cf763e40743aa89f6788c63ccf'
	Deserialize:            0.459 ms
	Integration:            0.219 ms
	Integration of assets:  0.000 ms
	Thread Wait Time:       0.010 ms
	Total Operation Time:   0.688 ms
Loaded scene 'Library/Unused/128267b8ed330a74abeae1f5f899dc88'
	Deserialize:            0.611 ms
	Integration:            0.213 ms
	Integration of assets:  0.001 ms
	Thread Wait Time:       0.010 ms
	Total Operation Time:   0.834 ms
Loaded scene 'Library/Unused/c06e2928939245d4cbe14e419095b733'
	Deserialize:            0.138 ms
	Integration:            0.045 ms
	Integration of assets:  0.001 ms
	Thread Wait Time:       0.011 ms
	Total Operation Time:   0.194 ms
Loaded scene 'Library/Unused/0aa658ea4bab918489cb4dce02522345'
	Deserialize:            0.926 ms
	Integration:            0.192 ms
	Integration of assets:  0.040 ms
	Thread Wait Time:       0.028 ms
	Total Operation Time:   1.186 ms
Loaded scene 'Library/Unused/caf9e7e9824b31648ab2ebeb2cb21b35'
	Deserialize:            0.275 ms
	Integration:            0.044 ms
	Integration of assets:  0.001 ms
	Thread Wait Time:       0.017 ms
	Total Operation Time:   0.338 ms
Loaded scene 'Library/Unused/fae3a0210c93a25409e7c67cf191e6f4'
	Deserialize:            1.049 ms
	Integration:            0.271 ms
	Integration of assets:  0.000 ms
	Thread Wait Time:       0.011 ms
	Total Operation Time:   1.332 ms
Loaded scene 'Library/Unused/fcc5741be67a8854f9cc82b628952360'
	Deserialize:            0.367 ms
	Integration:            0.286 ms
	Integration of assets:  0.002 ms
	Thread Wait Time:       0.034 ms
	Total Operation Time:   0.689 ms
Loaded scene 'Library/Unused/cb613b5219b8a224e8641f2d8e3c45af'
	Deserialize:            0.403 ms
	Integration:            0.217 ms
	Integration of assets:  0.001 ms
	Thread Wait Time:       0.014 ms
	Total Operation Time:   0.636 ms
Loaded scene 'Library/Unused/1232b719247baa946a05bd167583ee43'
	Deserialize:            0.230 ms
	Integration:            0.065 ms
	Integration of assets:  0.001 ms
	Thread Wait Time:       0.016 ms
	Total Operation Time:   0.312 ms
Loaded scene 'Library/Unused/a5cc83150d234f04ca7bc5c563f4f37c'
	Deserialize:            0.180 ms
	Integration:            0.045 ms
	Integration of assets:  0.001 ms
	Thread Wait Time:       0.008 ms
	Total Operation Time:   0.233 ms
Loaded scene 'Library/Unused/33ad5f94bdc28dc4f865a25cb7d2152b'
	Deserialize:            0.146 ms
	Integration:            0.075 ms
	Integration of assets:  0.001 ms
	Thread Wait Time:       0.013 ms
	Total Operation Time:   0.235 ms
Loaded scene 'Library/Unused/9adaf4f89f2375e4eb993d22062208c0'
	Deserialize:            0.173 ms
	Integration:            0.042 ms
	Integration of assets:  0.001 ms
	Thread Wait Time:       0.013 ms
	Total Operation Time:   0.229 ms
Loaded scene 'Library/Unused/b1f90329b522e3e469ba5fff7ab6e4f0'
	Deserialize:            0.143 ms
	Integration:            0.041 ms
	Integration of assets:  0.001 ms
	Thread Wait Time:       0.013 ms
	Total Operation Time:   0.197 ms
Loaded scene 'Library/Unused/352b1765ffdea004fa81091857f232d7'
	Deserialize:            0.121 ms
	Integration:            0.036 ms
	Integration of assets:  0.001 ms
	Thread Wait Time:       0.011 ms
	Total Operation Time:   0.169 ms
Loaded scene 'Library/Unused/bc7d0c8b067cda74393a67f07ed2f335'
	Deserialize:            0.109 ms
	Integration:            0.043 ms
	Integration of assets:  0.001 ms
	Thread Wait Time:       0.012 ms
	Total Operation Time:   0.164 ms
Loaded scene 'Library/Unused/3b7fefc7f691e0f49a8328e926d50d4a'
	Deserialize:            0.101 ms
	Integration:            0.037 ms
	Integration of assets:  0.001 ms
	Thread Wait Time:       0.011 ms
	Total Operation Time:   0.149 ms
Loaded scene 'Library/Unused/ffa8aa4a3eb050843a45201596e63e88'
	Deserialize:            0.100 ms
	Integration:            0.038 ms
	Integration of assets:  0.001 ms
	Thread Wait Time:       0.011 ms
	Total Operation Time:   0.149 ms
Loaded scene 'Library/Unused/60f6c615ba70d1d479812e62e9f154e6'
	Deserialize:            0.107 ms
	Integration:            0.045 ms
	Integration of assets:  0.001 ms
	Thread Wait Time:       0.011 ms
	Total Operation Time:   0.163 ms
Loaded scene 'Library/Unused/57fb46810b66cb848960e14dca54f747'
	Deserialize:            0.108 ms
	Integration:            0.042 ms
	Integration of assets:  0.001 ms
	Thread Wait Time:       0.011 ms
	Total Operation Time:   0.162 ms
Loaded scene 'Library/Unused/4170d40178815d647baf542ef8b90af6'
	Deserialize:            3.911 ms
	Integration:            1.048 ms
	Integration of assets:  0.115 ms
	Thread Wait Time:       0.012 ms
	Total Operation Time:   5.086 ms
Loaded scene 'Library/Unused/8b4ee21539510d243920373c68a48f4f'
	Deserialize:            3.550 ms
	Integration:            0.262 ms
	Integration of assets:  0.001 ms
	Thread Wait Time:       0.014 ms
	Total Operation Time:   3.827 ms
Loaded scene 'Library/Unused/37db11efc9029bf4ca79b0e11dfe2417'
	Deserialize:            3.149 ms
	Integration:            0.216 ms
	Integration of assets:  0.147 ms
	Thread Wait Time:       0.011 ms
	Total Operation Time:   3.523 ms
Loaded scene 'Library/Unused/f3918c33618ce3c4c8968d2aa882f614'
	Deserialize:            0.293 ms
	Integration:            0.147 ms
	Integration of assets:  0.001 ms
	Thread Wait Time:       0.017 ms
	Total Operation Time:   0.458 ms
Loaded scene 'Library/Unused/fcddd91fac6cfa645adb038e148bdbcb'
	Deserialize:            0.186 ms
	Integration:            0.090 ms
	Integration of assets:  0.000 ms
	Thread Wait Time:       0.009 ms
	Total Operation Time:   0.285 ms
Loaded scene 'Library/Unused/aebdbc79b459f5a459d4e7afcafbbcc2'
	Deserialize:            0.254 ms
	Integration:            0.203 ms
	Integration of assets:  0.001 ms
	Thread Wait Time:       0.042 ms
	Total Operation Time:   0.500 ms
Loaded scene 'Library/Unused/2c3b29d0913e52440a17d142b364972e'
	Deserialize:            0.352 ms
	Integration:            0.163 ms
	Integration of assets:  0.001 ms
	Thread Wait Time:       0.019 ms
	Total Operation Time:   0.536 ms
Loaded scene 'Library/Unused/816058d513b4fad4390f6eb017968477'
	Deserialize:            0.230 ms
	Integration:            0.041 ms
	Integration of assets:  0.001 ms
	Thread Wait Time:       0.012 ms
	Total Operation Time:   0.284 ms
Loaded scene 'Library/Unused/a0dda49b2e0361c4a89f70778e2dc716'
	Deserialize:            0.412 ms
	Integration:            0.528 ms
	Integration of assets:  0.002 ms
	Thread Wait Time:       0.019 ms
	Total Operation Time:   0.960 ms
Loaded scene 'Library/Unused/2820a45f6e26988409fa1ab9c81a412b'
	Deserialize:            0.292 ms
	Integration:            0.041 ms
	Integration of assets:  0.001 ms
	Thread Wait Time:       0.013 ms
	Total Operation Time:   0.346 ms
Loaded scene 'Library/Unused/a0d71008e8b3ec04680c24dfe02484c5'
	Deserialize:            0.239 ms
	Integration:            0.094 ms
	Integration of assets:  0.002 ms
	Thread Wait Time:       0.015 ms
	Total Operation Time:   0.349 ms
Loaded scene 'Library/Unused/d3d57e21bfcd49d4fa1490f79c482323'
	Deserialize:            0.214 ms
	Integration:            0.063 ms
	Integration of assets:  0.001 ms
	Thread Wait Time:       0.015 ms
	Total Operation Time:   0.293 ms
Loaded scene 'Library/Unused/2f814b006a60e57419a3fd52e475ee34'
	Deserialize:            0.212 ms
	Integration:            0.048 ms
	Integration of assets:  0.002 ms
	Thread Wait Time:       0.021 ms
	Total Operation Time:   0.283 ms
Loaded scene 'Library/Unused/09b25ef9f92425d4cbcc11e00e131df2'
	Deserialize:            0.181 ms
	Integration:            0.038 ms
	Integration of assets:  0.001 ms
	Thread Wait Time:       0.011 ms
	Total Operation Time:   0.231 ms
Loaded scene 'Library/Unused/f5fb7908d34ef6d4db37b5c043b9e362'
	Deserialize:            0.108 ms
	Integration:            0.045 ms
	Integration of assets:  0.001 ms
	Thread Wait Time:       0.010 ms
	Total Operation Time:   0.164 ms
Loaded scene 'Library/Unused/7d521cfc75c9cd74d9e9a365b5bc6b88'
	Deserialize:            0.190 ms
	Integration:            0.048 ms
	Integration of assets:  0.001 ms
	Thread Wait Time:       0.014 ms
	Total Operation Time:   0.254 ms
Loaded scene 'Library/Unused/b8106f5bdc78e8f40987804fe7ebc89a'
	Deserialize:            0.233 ms
	Integration:            0.041 ms
	Integration of assets:  0.001 ms
	Thread Wait Time:       0.012 ms
	Total Operation Time:   0.287 ms
Loaded scene 'Library/Unused/6ca3e8ba6317e67439b82336b7f321d1'
	Deserialize:            0.097 ms
	Integration:            0.031 ms
	Integration of assets:  0.000 ms
	Thread Wait Time:       0.008 ms
	Total Operation Time:   0.137 ms
Loaded scene 'Library/Unused/0224de1ccf36d964ab6f9a51cb253ea5'
	Deserialize:            0.194 ms
	Integration:            0.037 ms
	Integration of assets:  0.001 ms
	Thread Wait Time:       0.008 ms
	Total Operation Time:   0.241 ms
Loaded scene 'Library/Unused/f8d5857e5e45a3244a021c2a4b8c710c'
	Deserialize:            0.134 ms
	Integration:            0.041 ms
	Integration of assets:  0.001 ms
	Thread Wait Time:       0.011 ms
	Total Operation Time:   0.187 ms
Loaded scene 'Library/Unused/dc92c70953c81294ba7831b521458c7f'
	Deserialize:            0.121 ms
	Integration:            0.036 ms
	Integration of assets:  0.001 ms
	Thread Wait Time:       0.010 ms
	Total Operation Time:   0.168 ms
Loaded scene 'Library/Unused/0f3a1aca2468e4b409dafd860be99ead'
	Deserialize:            0.107 ms
	Integration:            0.044 ms
	Integration of assets:  0.001 ms
	Thread Wait Time:       0.013 ms
	Total Operation Time:   0.164 ms
Loaded scene 'Library/Unused/d109e13221614834cb90aabaff12d323'
	Deserialize:            0.109 ms
	Integration:            0.035 ms
	Integration of assets:  0.001 ms
	Thread Wait Time:       0.009 ms
	Total Operation Time:   0.153 ms
Loaded scene 'Library/Unused/ada8942669dda70419b7597b31441e21'
	Deserialize:            0.157 ms
	Integration:            0.043 ms
	Integration of assets:  0.001 ms
	Thread Wait Time:       0.011 ms
	Total Operation Time:   0.212 ms
Loaded scene 'Library/Unused/a065ea6d81d9fa14182c59606505c949'
	Deserialize:            0.138 ms
	Integration:            0.041 ms
	Integration of assets:  0.001 ms
	Thread Wait Time:       0.013 ms
	Total Operation Time:   0.193 ms
Loaded scene 'Library/Unused/a31828e9f85ebbd468124059d041be8e'
	Deserialize:            0.123 ms
	Integration:            0.041 ms
	Integration of assets:  0.001 ms
	Thread Wait Time:       0.012 ms
	Total Operation Time:   0.176 ms
Loaded scene 'Library/Unused/1431d11cf599618438372b5fbb889f48'
	Deserialize:            0.141 ms
	Integration:            0.043 ms
	Integration of assets:  0.001 ms
	Thread Wait Time:       0.012 ms
	Total Operation Time:   0.196 ms
Loaded scene 'Library/Unused/29d8016189b14a143be77b8efa4446cd'
	Deserialize:            0.113 ms
	Integration:            0.034 ms
	Integration of assets:  0.000 ms
	Thread Wait Time:       0.009 ms
	Total Operation Time:   0.156 ms
Loaded scene 'Library/Unused/fbf0d54305b5a8c449dcf9d3a20cff15'
	Deserialize:            0.259 ms
	Integration:            0.040 ms
	Integration of assets:  0.001 ms
	Thread Wait Time:       0.012 ms
	Total Operation Time:   0.312 ms
Loaded scene 'Library/Unused/c5c21a93dfdc5044896ad504d36a1f21'
	Deserialize:            0.181 ms
	Integration:            0.095 ms
	Integration of assets:  0.001 ms
	Thread Wait Time:       0.012 ms
	Total Operation Time:   0.289 ms
Loaded scene 'Library/Unused/68423455c31f09f4fb0d285e83ded63e'
	Deserialize:            0.223 ms
	Integration:            0.057 ms
	Integration of assets:  0.001 ms
	Thread Wait Time:       0.013 ms
	Total Operation Time:   0.294 ms
Loaded scene 'Library/Unused/0ebf25161a38b904fafd29b988a65ec5'
	Deserialize:            0.187 ms
	Integration:            0.056 ms
	Integration of assets:  0.001 ms
	Thread Wait Time:       0.013 ms
	Total Operation Time:   0.258 ms
Loaded scene 'Library/Unused/16f83fbaae7794b479302342f511a1bd'
	Deserialize:            0.151 ms
	Integration:            0.043 ms
	Integration of assets:  0.001 ms
	Thread Wait Time:       0.011 ms
	Total Operation Time:   0.205 ms
Loaded scene 'Library/Unused/87839a1193b86af43abc501ea7b976bc'
	Deserialize:            0.118 ms
	Integration:            0.046 ms
	Integration of assets:  0.001 ms
	Thread Wait Time:       0.013 ms
	Total Operation Time:   0.177 ms
Loaded scene 'Library/Unused/b3c62191a20d07145af6f2d40353a7ad'
	Deserialize:            0.141 ms
	Integration:            0.042 ms
	Integration of assets:  0.001 ms
	Thread Wait Time:       0.012 ms
	Total Operation Time:   0.195 ms
Loaded scene 'Library/Unused/3325fb53a4dd0e944a97316bd98e7749'
	Deserialize:            0.110 ms
	Integration:            0.039 ms
	Integration of assets:  0.001 ms
	Thread Wait Time:       0.008 ms
	Total Operation Time:   0.158 ms
Loaded scene 'Library/Unused/467b9b566fdd88e4db65cc2ada6c913c'
	Deserialize:            0.115 ms
	Integration:            0.036 ms
	Integration of assets:  0.001 ms
	Thread Wait Time:       0.010 ms
	Total Operation Time:   0.161 ms
Loaded scene 'Library/Unused/efd9ae247526ebb4c9fda290c300daca'
	Deserialize:            0.121 ms
	Integration:            0.041 ms
	Integration of assets:  0.001 ms
	Thread Wait Time:       0.009 ms
	Total Operation Time:   0.171 ms
Loaded scene 'Library/Unused/44ff09539431845408d6510fa490a859'
	Deserialize:            0.201 ms
	Integration:            0.047 ms
	Integration of assets:  0.001 ms
	Thread Wait Time:       0.025 ms
	Total Operation Time:   0.275 ms
Loaded scene 'Library/Unused/45c9bb48a79b012449c6c1115d9f2b8b'
	Deserialize:            0.239 ms
	Integration:            0.036 ms
	Integration of assets:  0.001 ms
	Thread Wait Time:       0.016 ms
	Total Operation Time:   0.292 ms
Loaded scene 'Library/Unused/033aad3720d743a419a8fc9b607f9643'
	Deserialize:            0.099 ms
	Integration:            0.034 ms
	Integration of assets:  0.000 ms
	Thread Wait Time:       0.009 ms
	Total Operation Time:   0.142 ms
Loaded scene 'Library/Unused/d684280f2e263324d9c1cbdf5674d87f'
	Deserialize:            0.111 ms
	Integration:            0.031 ms
	Integration of assets:  0.000 ms
	Thread Wait Time:       0.009 ms
	Total Operation Time:   0.152 ms
Loaded scene 'Library/Unused/1a64a4d118827ce48909aa9c8ebac7e4'
	Deserialize:            0.099 ms
	Integration:            0.030 ms
	Integration of assets:  0.000 ms
	Thread Wait Time:       0.009 ms
	Total Operation Time:   0.139 ms
Loaded scene 'Library/Unused/f4fb1e872b954274cb1d73df0c166b40'
	Deserialize:            0.103 ms
	Integration:            0.031 ms
	Integration of assets:  0.000 ms
	Thread Wait Time:       0.009 ms
	Total Operation Time:   0.143 ms
Loaded scene 'Library/Unused/702431adaa4965843b19973c74c2b294'
	Deserialize:            0.102 ms
	Integration:            0.030 ms
	Integration of assets:  0.000 ms
	Thread Wait Time:       0.009 ms
	Total Operation Time:   0.140 ms
Loaded scene 'Library/Unused/09aeb09298b7ee44db1335659a7b56bb'
	Deserialize:            0.100 ms
	Integration:            0.032 ms
	Integration of assets:  0.000 ms
	Thread Wait Time:       0.009 ms
	Total Operation Time:   0.141 ms
Loaded scene 'Library/Unused/4c926b64e2aee294bb16573a7a103e34'
	Deserialize:            0.155 ms
	Integration:            0.047 ms
	Integration of assets:  0.001 ms
	Thread Wait Time:       0.017 ms
	Total Operation Time:   0.220 ms
Loaded scene 'Library/Unused/44bca25c0163e234da5547a8d54ecca7'
	Deserialize:            0.190 ms
	Integration:            0.046 ms
	Integration of assets:  0.001 ms
	Thread Wait Time:       0.011 ms
	Total Operation Time:   0.248 ms
Loaded scene 'Library/Unused/201c771391a506141b4bbd9c9d7afd6e'
	Deserialize:            0.168 ms
	Integration:            0.039 ms
	Integration of assets:  0.001 ms
	Thread Wait Time:       0.012 ms
	Total Operation Time:   0.220 ms
Loaded scene 'Library/Unused/27534fc786a274a49a442692ee6716f6'
	Deserialize:            0.191 ms
	Integration:            0.039 ms
	Integration of assets:  0.001 ms
	Thread Wait Time:       0.012 ms
	Total Operation Time:   0.243 ms
Loaded scene 'Library/Unused/5fe57a92ef457b241b6b081fae6652d9'
	Deserialize:            0.203 ms
	Integration:            0.062 ms
	Integration of assets:  0.001 ms
	Thread Wait Time:       0.036 ms
	Total Operation Time:   0.301 ms
Loaded scene 'Library/Unused/0cdc627469af51e4583c2c2bcb05bb4a'
	Deserialize:            0.133 ms
	Integration:            0.050 ms
	Integration of assets:  0.001 ms
	Thread Wait Time:       0.011 ms
	Total Operation Time:   0.196 ms
Loaded scene 'Library/Unused/8d04ac558c85e0344b253e7733cc62a1'
	Deserialize:            0.149 ms
	Integration:            0.040 ms
	Integration of assets:  0.001 ms
	Thread Wait Time:       0.010 ms
	Total Operation Time:   0.200 ms
Loaded scene 'Library/Unused/fe62b81cca5d9534b9ee5cfe4f2f01fe'
	Deserialize:            0.111 ms
	Integration:            0.044 ms
	Integration of assets:  0.001 ms
	Thread Wait Time:       0.012 ms
	Total Operation Time:   0.168 ms
Loaded scene 'Library/Unused/a195821191f9b9149bcdfce661c5db2a'
	Deserialize:            0.106 ms
	Integration:            0.033 ms
	Integration of assets:  0.001 ms
	Thread Wait Time:       0.009 ms
	Total Operation Time:   0.149 ms
Loaded scene 'Library/Unused/24dccf281961e8e449f83ca15e442158'
	Deserialize:            0.111 ms
	Integration:            0.034 ms
	Integration of assets:  0.001 ms
	Thread Wait Time:       0.011 ms
	Total Operation Time:   0.156 ms
Loaded scene 'Library/Unused/7a017057af340594ea2e16380c983282'
	Deserialize:            0.130 ms
	Integration:            0.040 ms
	Integration of assets:  0.001 ms
	Thread Wait Time:       0.012 ms
	Total Operation Time:   0.183 ms
Loaded scene 'Library/Unused/ef0696399dbff954e90a351b40a7b3b9'
	Deserialize:            0.128 ms
	Integration:            0.040 ms
	Integration of assets:  0.001 ms
	Thread Wait Time:       0.010 ms
	Total Operation Time:   0.179 ms
Loaded scene 'Library/Unused/849399afb983f8341a55eaca87439b9d'
	Deserialize:            0.147 ms
	Integration:            0.040 ms
	Integration of assets:  0.001 ms
	Thread Wait Time:       0.011 ms
	Total Operation Time:   0.198 ms
Loaded scene 'Library/Unused/ba8b63be3e4a0784683a689ef6708934'
	Deserialize:            0.278 ms
	Integration:            0.048 ms
	Integration of assets:  0.002 ms
	Thread Wait Time:       0.029 ms
	Total Operation Time:   0.357 ms
Loaded scene 'Library/Unused/c8cb561be84f559428ab6a5dc8a4de47'
	Deserialize:            0.102 ms
	Integration:            0.031 ms
	Integration of assets:  0.000 ms
	Thread Wait Time:       0.009 ms
	Total Operation Time:   0.143 ms
Loaded scene 'Library/Unused/841cef0bbc0d0054ba4e602cbfa1a1b2'
	Deserialize:            0.102 ms
	Integration:            0.033 ms
	Integration of assets:  0.000 ms
	Thread Wait Time:       0.009 ms
	Total Operation Time:   0.144 ms
Loaded scene 'Library/Unused/93b80dde0016bfa40ae1ee99639cc02f'
	Deserialize:            0.097 ms
	Integration:            0.035 ms
	Integration of assets:  0.000 ms
	Thread Wait Time:       0.008 ms
	Total Operation Time:   0.140 ms
Loaded scene 'Library/Unused/4afc69d9ef6c9ab43a866380da1f4a9b'
	Deserialize:            0.141 ms
	Integration:            0.041 ms
	Integration of assets:  0.001 ms
	Thread Wait Time:       0.010 ms
	Total Operation Time:   0.192 ms
Loaded scene 'Library/Unused/cc2f0de62d1586a42a7b0681741c9882'
	Deserialize:            0.153 ms
	Integration:            0.033 ms
	Integration of assets:  0.001 ms
	Thread Wait Time:       0.010 ms
	Total Operation Time:   0.197 ms
Loaded scene 'Library/Unused/376633e6cf45d524d83ebcd062e6e4c7'
	Deserialize:            0.099 ms
	Integration:            0.032 ms
	Integration of assets:  0.000 ms
	Thread Wait Time:       0.009 ms
	Total Operation Time:   0.140 ms
Loaded scene 'Library/Unused/3be6f7c44e26f7a4e873301f4972524f'
	Deserialize:            0.170 ms
	Integration:            0.042 ms
	Integration of assets:  0.001 ms
	Thread Wait Time:       0.023 ms
	Total Operation Time:   0.236 ms
Loaded scene 'Library/Unused/c70786d1f59176e45855c6112f1b4cb4'
	Deserialize:            0.148 ms
	Integration:            0.039 ms
	Integration of assets:  0.000 ms
	Thread Wait Time:       0.022 ms
	Total Operation Time:   0.210 ms
Loaded scene 'Library/Unused/29d7057c5c297d54d8302ee40814889e'
	Deserialize:            0.126 ms
	Integration:            0.082 ms
	Integration of assets:  0.001 ms
	Thread Wait Time:       0.028 ms
	Total Operation Time:   0.237 ms
Loaded scene 'Library/Unused/182d39eabfa3cb24982359ce0c23b7f6'
	Deserialize:            0.234 ms
	Integration:            0.075 ms
	Integration of assets:  0.001 ms
	Thread Wait Time:       0.015 ms
	Total Operation Time:   0.325 ms
Loaded scene 'Library/Unused/75a0174f1d763c44c9b13532aea2305c'
	Deserialize:            0.148 ms
	Integration:            0.046 ms
	Integration of assets:  0.001 ms
	Thread Wait Time:       0.011 ms
	Total Operation Time:   0.206 ms
Loaded scene 'Library/Unused/e2b14166cae3aee429728322b9a97f8e'
	Deserialize:            0.129 ms
	Integration:            0.043 ms
	Integration of assets:  0.001 ms
	Thread Wait Time:       0.012 ms
	Total Operation Time:   0.185 ms
Loaded scene 'Library/Unused/974a3b931a4e41140a9bc0e82995d763'
	Deserialize:            0.133 ms
	Integration:            0.043 ms
	Integration of assets:  0.002 ms
	Thread Wait Time:       0.015 ms
	Total Operation Time:   0.193 ms
Loaded scene 'Library/Unused/67f3668882fe6c74995881726afaf419'
	Deserialize:            0.239 ms
	Integration:            0.043 ms
	Integration of assets:  0.002 ms
	Thread Wait Time:       0.015 ms
	Total Operation Time:   0.298 ms
Loaded scene 'Library/Unused/4c06862e1466fb947bf4e8da5e977351'
	Deserialize:            0.119 ms
	Integration:            0.041 ms
	Integration of assets:  0.001 ms
	Thread Wait Time:       0.012 ms
	Total Operation Time:   0.172 ms
Loaded scene 'Library/Unused/0553905f1eaaae54f8053c857d2c6505'
	Deserialize:            0.111 ms
	Integration:            0.034 ms
	Integration of assets:  0.000 ms
	Thread Wait Time:       0.009 ms
	Total Operation Time:   0.154 ms
Loaded scene 'Library/Unused/57c24a7ea31e6964ba6843b46440a81c'
	Deserialize:            0.124 ms
	Integration:            0.044 ms
	Integration of assets:  0.001 ms
	Thread Wait Time:       0.010 ms
	Total Operation Time:   0.180 ms
Loaded scene 'Library/Unused/9c978c0ac7b43004ea9cbab17595a83d'
	Deserialize:            0.122 ms
	Integration:            0.041 ms
	Integration of assets:  0.001 ms
	Thread Wait Time:       0.010 ms
	Total Operation Time:   0.174 ms
Loaded scene 'Library/Unused/7cee3b5fb80440647bfec6893ef11e32'
	Deserialize:            0.108 ms
	Integration:            0.039 ms
	Integration of assets:  0.001 ms
	Thread Wait Time:       0.011 ms
	Total Operation Time:   0.158 ms
Loaded scene 'Library/Unused/9f951d2f3f12d024ba07461a5695c03c'
	Deserialize:            0.554 ms
	Integration:            0.250 ms
	Integration of assets:  0.001 ms
	Thread Wait Time:       0.013 ms
	Total Operation Time:   0.819 ms
Loaded scene 'Library/Unused/922648855901af447a1f73759f6d8f82'
	Deserialize:            0.236 ms
	Integration:            0.123 ms
	Integration of assets:  0.001 ms
	Thread Wait Time:       0.014 ms
	Total Operation Time:   0.374 ms
Loaded scene 'Library/Unused/fbfd7b4f7ac85b844a5157525da94136'
	Deserialize:            0.227 ms
	Integration:            0.048 ms
	Integration of assets:  0.001 ms
	Thread Wait Time:       0.012 ms
	Total Operation Time:   0.288 ms
Loaded scene 'Library/Unused/10a558b4691540c4c80e900aa7a632a7'
	Deserialize:            0.208 ms
	Integration:            0.047 ms
	Integration of assets:  0.001 ms
	Thread Wait Time:       0.011 ms
	Total Operation Time:   0.267 ms
Loaded scene 'Library/Unused/0c4e154fa25c18c4197718126ebd261b'
	Deserialize:            0.201 ms
	Integration:            0.039 ms
	Integration of assets:  0.001 ms
	Thread Wait Time:       0.013 ms
	Total Operation Time:   0.254 ms
Loaded scene 'Library/Unused/16c3da10313091744a08cb421c99b2ba'
	Deserialize:            0.709 ms
	Integration:            0.414 ms
	Integration of assets:  0.002 ms
	Thread Wait Time:       0.025 ms
	Total Operation Time:   1.151 ms
Loaded scene 'Library/Unused/4d95cdc0c160db44e82c78cf88aaebfe'
	Deserialize:            0.165 ms
	Integration:            0.037 ms
	Integration of assets:  0.001 ms
	Thread Wait Time:       0.011 ms
	Total Operation Time:   0.213 ms
Loaded scene 'Library/Unused/a7f41396a550c9d42824d0c9c27366eb'
	Deserialize:            0.194 ms
	Integration:            0.039 ms
	Integration of assets:  0.001 ms
	Thread Wait Time:       0.022 ms
	Total Operation Time:   0.256 ms
Loaded scene 'Library/Unused/719a07057449c3d4ca9d8feffce7c62a'
	Deserialize:            0.358 ms
	Integration:            0.094 ms
	Integration of assets:  0.001 ms
	Thread Wait Time:       0.031 ms
	Total Operation Time:   0.485 ms
Loaded scene 'Library/Unused/5ce641ae57147d048bcf257ae92b85d6'
	Deserialize:            0.122 ms
	Integration:            0.036 ms
	Integration of assets:  0.001 ms
	Thread Wait Time:       0.010 ms
	Total Operation Time:   0.168 ms
Loaded scene 'Library/Unused/0f8af53c159128c4e8da31f456d95e9a'
	Deserialize:            0.152 ms
	Integration:            0.041 ms
	Integration of assets:  0.001 ms
	Thread Wait Time:       0.012 ms
	Total Operation Time:   0.206 ms
Loaded scene 'Library/Unused/f724c012fa49eee4ebd29d0d26ccca80'
	Deserialize:            0.172 ms
	Integration:            0.041 ms
	Integration of assets:  0.001 ms
	Thread Wait Time:       0.013 ms
	Total Operation Time:   0.228 ms
Loaded scene 'Library/Unused/904cbbabee1018342b6c4907dbdc4786'
	Deserialize:            0.168 ms
	Integration:            0.072 ms
	Integration of assets:  0.001 ms
	Thread Wait Time:       0.013 ms
	Total Operation Time:   0.254 ms
Loaded scene 'Library/Unused/bc8a2f745037bc4449b9ae588c5cdbbc'
	Deserialize:            0.161 ms
	Integration:            0.042 ms
	Integration of assets:  0.001 ms
	Thread Wait Time:       0.013 ms
	Total Operation Time:   0.216 ms
Loaded scene 'Library/Unused/166933b86906dd14a90bf0f7a93ef0e1'
	Deserialize:            0.156 ms
	Integration:            0.039 ms
	Integration of assets:  0.001 ms
	Thread Wait Time:       0.013 ms
	Total Operation Time:   0.209 ms
Loaded scene 'Library/Unused/37127829332ea12448e2be7fa1350358'
	Deserialize:            0.157 ms
	Integration:            0.038 ms
	Integration of assets:  0.001 ms
	Thread Wait Time:       0.010 ms
	Total Operation Time:   0.206 ms
Loaded scene 'Library/Unused/2ae0f532f8ec64e4999b12abe7aa3172'
	Deserialize:            0.772 ms
	Integration:            0.366 ms
	Integration of assets:  0.001 ms
	Thread Wait Time:       0.014 ms
	Total Operation Time:   1.153 ms
Loaded scene 'Library/Unused/3f1096e1bfe567344b969b9c9aaa766f'
	Deserialize:            0.191 ms
	Integration:            0.047 ms
	Integration of assets:  0.001 ms
	Thread Wait Time:       0.012 ms
	Total Operation Time:   0.251 ms
Loaded scene 'Library/Unused/6f0b4173138951744856990313647504'
	Deserialize:            0.131 ms
	Integration:            0.039 ms
	Integration of assets:  0.001 ms
	Thread Wait Time:       0.012 ms
	Total Operation Time:   0.183 ms
Loaded scene 'Library/Unused/539b251a9ed7d4644a4376030f91b1b3'
	Deserialize:            0.148 ms
	Integration:            0.039 ms
	Integration of assets:  0.001 ms
	Thread Wait Time:       0.013 ms
	Total Operation Time:   0.201 ms
Loaded scene 'Library/Unused/4cb905d432ad95e44a6ad214d975041d'
	Deserialize:            0.272 ms
	Integration:            0.039 ms
	Integration of assets:  0.001 ms
	Thread Wait Time:       0.012 ms
	Total Operation Time:   0.323 ms
Loaded scene 'Library/Unused/72b614c40cdf2884c8393f5d602ed965'
	Deserialize:            0.238 ms
	Integration:            0.038 ms
	Integration of assets:  0.001 ms
	Thread Wait Time:       0.012 ms
	Total Operation Time:   0.289 ms
Loaded scene 'Library/Unused/0a5d095ebb25e8d499dea230bc0d0ecf'
	Deserialize:            0.210 ms
	Integration:            0.048 ms
	Integration of assets:  0.001 ms
	Thread Wait Time:       0.010 ms
	Total Operation Time:   0.270 ms
Loaded scene 'Library/Unused/e3329ae49805f654385a6f9a3ab5abcf'
	Deserialize:            0.151 ms
	Integration:            0.039 ms
	Integration of assets:  0.001 ms
	Thread Wait Time:       0.012 ms
	Total Operation Time:   0.202 ms
Loaded scene 'Library/Unused/6dfd531b95724a74bb8358e064974d10'
	Deserialize:            0.110 ms
	Integration:            0.033 ms
	Integration of assets:  0.000 ms
	Thread Wait Time:       0.010 ms
	Total Operation Time:   0.153 ms
Loaded scene 'Library/Unused/23357d9ec66c83743b07c23b13a7e13d'
	Deserialize:            0.115 ms
	Integration:            0.032 ms
	Integration of assets:  0.000 ms
	Thread Wait Time:       0.009 ms
	Total Operation Time:   0.156 ms
Loaded scene 'Library/Unused/bde9aafa4896de84193052a2f42099bc'
	Deserialize:            0.333 ms
	Integration:            0.129 ms
	Integration of assets:  0.001 ms
	Thread Wait Time:       0.013 ms
	Total Operation Time:   0.476 ms
Loaded scene 'Library/Unused/62d1d711f834e4349b32ca091628e28d'
	Deserialize:            3.010 ms
	Integration:            50.135 ms
	Integration of assets:  0.274 ms
	Thread Wait Time:       0.014 ms
	Total Operation Time:   53.433 ms
Loaded scene 'Library/Unused/b54106f477e32244c803ef2b485e97de'
	Deserialize:            0.776 ms
	Integration:            39.114 ms
	Integration of assets:  0.001 ms
	Thread Wait Time:       0.011 ms
	Total Operation Time:   39.903 ms
Loaded scene 'Library/Unused/56b5cb9faafdff14ebf6242faaceb596'
	Deserialize:            0.954 ms
	Integration:            47.362 ms
	Integration of assets:  0.001 ms
	Thread Wait Time:       0.014 ms
	Total Operation Time:   48.331 ms
Loaded scene 'Library/Unused/56db5059cd5f6f849ad4d7fcdcd529df'
	Deserialize:            0.908 ms
	Integration:            50.198 ms
	Integration of assets:  0.001 ms
	Thread Wait Time:       0.014 ms
	Total Operation Time:   51.121 ms
Loaded scene 'Library/Unused/f0c19fdbfe5bedc4a8024515c185fa85'
	Deserialize:            0.986 ms
	Integration:            43.725 ms
	Integration of assets:  0.001 ms
	Thread Wait Time:       0.009 ms
	Total Operation Time:   44.721 ms
Loaded scene 'Library/Unused/d0b0c291c4e8fd54c87b4eb547495664'
	Deserialize:            0.908 ms
	Integration:            45.847 ms
	Integration of assets:  0.002 ms
	Thread Wait Time:       0.046 ms
	Total Operation Time:   46.804 ms
Loaded scene 'Library/Unused/345e63f75a08d2a43a570c3453834d4b'
	Deserialize:            1.081 ms
	Integration:            48.136 ms
	Integration of assets:  0.002 ms
	Thread Wait Time:       0.018 ms
	Total Operation Time:   49.236 ms
Loaded scene 'Library/Unused/441df029cb8b4f8438c7e17038a22a29'
	Deserialize:            1.069 ms
	Integration:            41.632 ms
	Integration of assets:  0.002 ms
	Thread Wait Time:       0.030 ms
	Total Operation Time:   42.733 ms
Loaded scene 'Library/Unused/4df4c5c3098b19f4a8681c7a834a352c'
	Deserialize:            0.970 ms
	Integration:            41.212 ms
	Integration of assets:  0.002 ms
	Thread Wait Time:       0.021 ms
	Total Operation Time:   42.204 ms
Loaded scene 'Library/Unused/da26de0f55c222d4ca8d87b8a3c44700'
	Deserialize:            1.034 ms
	Integration:            38.589 ms
	Integration of assets:  0.001 ms
	Thread Wait Time:       0.014 ms
	Total Operation Time:   39.639 ms
Loaded scene 'Library/Unused/67ea524ff481aa949b4362bd4b95fb41'
	Deserialize:            0.872 ms
	Integration:            47.033 ms
	Integration of assets:  0.001 ms
	Thread Wait Time:       0.014 ms
	Total Operation Time:   47.920 ms
Loaded scene 'Library/Unused/5a5ac9b366aa2de45a5a3c6744df6f96'
	Deserialize:            0.902 ms
	Integration:            38.983 ms
	Integration of assets:  0.001 ms
	Thread Wait Time:       0.019 ms
	Total Operation Time:   39.906 ms
Loaded scene 'Library/Unused/56d6a9eb7c4c0d7469e901fcc0c87257'
	Deserialize:            1.008 ms
	Integration:            36.890 ms
	Integration of assets:  0.002 ms
	Thread Wait Time:       0.014 ms
	Total Operation Time:   37.914 ms
Loaded scene 'Library/Unused/c5445c70262c9a849bd7a40db8c46e65'
	Deserialize:            1.183 ms
	Integration:            36.623 ms
	Integration of assets:  0.001 ms
	Thread Wait Time:       0.015 ms
	Total Operation Time:   37.822 ms
Loaded scene 'Library/Unused/6e39d097d826e774692e63dcd53d16cb'
	Deserialize:            0.546 ms
	Integration:            22.962 ms
	Integration of assets:  0.002 ms
	Thread Wait Time:       0.020 ms
	Total Operation Time:   23.529 ms
Loaded scene 'Library/Unused/a339d4925b57cfa4bb21fdf1b478c75f'
	Deserialize:            0.442 ms
	Integration:            14.953 ms
	Integration of assets:  0.001 ms
	Thread Wait Time:       0.019 ms
	Total Operation Time:   15.415 ms
Loaded scene 'Library/Unused/c13dbd3d98212d24a80b527f1a9ee4c6'
	Deserialize:            0.429 ms
	Integration:            11.867 ms
	Integration of assets:  0.001 ms
	Thread Wait Time:       0.019 ms
	Total Operation Time:   12.315 ms
Loaded scene 'Library/Unused/959e8aa49e8ca6e40b43c2ccc3cc9031'
	Deserialize:            0.375 ms
	Integration:            13.097 ms
	Integration of assets:  0.003 ms
	Thread Wait Time:       0.026 ms
	Total Operation Time:   13.502 ms
Loaded scene 'Library/Unused/50937449815b7104fb64ec58a175968c'
	Deserialize:            0.428 ms
	Integration:            13.141 ms
	Integration of assets:  0.001 ms
	Thread Wait Time:       0.017 ms
	Total Operation Time:   13.587 ms
Loaded scene 'Library/Unused/39e864df42e548a4f862259cd94702fa'
	Deserialize:            0.632 ms
	Integration:            16.387 ms
	Integration of assets:  0.002 ms
	Thread Wait Time:       0.023 ms
	Total Operation Time:   17.043 ms
Loaded scene 'Library/Unused/60e5c0f3e0a1b444184a54a1d3e465d3'
	Deserialize:            0.493 ms
	Integration:            11.754 ms
	Integration of assets:  0.002 ms
	Thread Wait Time:       0.015 ms
	Total Operation Time:   12.265 ms
Loaded scene 'Library/Unused/610b9981f354a0b41bc474fd58db159f'
	Deserialize:            0.601 ms
	Integration:            14.220 ms
	Integration of assets:  0.001 ms
	Thread Wait Time:       0.011 ms
	Total Operation Time:   14.834 ms
Loaded scene 'Library/Unused/383750c5c0acd1044a93f0f498777ebb'
	Deserialize:            0.609 ms
	Integration:            20.611 ms
	Integration of assets:  0.002 ms
	Thread Wait Time:       0.028 ms
	Total Operation Time:   21.249 ms
Loaded scene 'Library/Unused/1c7c72e7769f9ac42abdd89a6d916bc1'
	Deserialize:            0.515 ms
	Integration:            17.388 ms
	Integration of assets:  0.002 ms
	Thread Wait Time:       0.029 ms
	Total Operation Time:   17.934 ms
Loaded scene 'Library/Unused/d9e65b1dbf7af6c44abafa0134975e7a'
	Deserialize:            0.715 ms
	Integration:            18.695 ms
	Integration of assets:  0.002 ms
	Thread Wait Time:       0.028 ms
	Total Operation Time:   19.439 ms
Loaded scene 'Library/Unused/f097d29e6e186804aa648e0cb1d2830c'
	Deserialize:            0.442 ms
	Integration:            16.655 ms
	Integration of assets:  0.002 ms
	Thread Wait Time:       0.021 ms
	Total Operation Time:   17.120 ms
Loaded scene 'Library/Unused/779cb0a5d1b7eaa429fdd249690ceac7'
	Deserialize:            0.509 ms
	Integration:            13.253 ms
	Integration of assets:  0.002 ms
	Thread Wait Time:       0.025 ms
	Total Operation Time:   13.788 ms
Loaded scene 'Library/Unused/907c2d6c9645b9e43987cdd395371073'
	Deserialize:            0.449 ms
	Integration:            11.580 ms
	Integration of assets:  0.001 ms
	Thread Wait Time:       0.018 ms
	Total Operation Time:   12.048 ms
Loaded scene 'Library/Unused/22d916d05d92a674fb8c6ae495478fde'
	Deserialize:            0.405 ms
	Integration:            11.872 ms
	Integration of assets:  0.001 ms
	Thread Wait Time:       0.019 ms
	Total Operation Time:   12.297 ms
Loaded scene 'Library/Unused/aef8ed7d0bbb85b4f819ccae30b49265'
	Deserialize:            0.521 ms
	Integration:            12.125 ms
	Integration of assets:  0.001 ms
	Thread Wait Time:       0.017 ms
	Total Operation Time:   12.664 ms
Loaded scene 'Library/Unused/c2e18a937064eee41844b27e249def3d'
	Deserialize:            0.489 ms
	Integration:            15.132 ms
	Integration of assets:  0.001 ms
	Thread Wait Time:       0.014 ms
	Total Operation Time:   15.637 ms
Loaded scene 'Library/Unused/f0b1538070cecf643b91bbba367f7d20'
	Deserialize:            0.548 ms
	Integration:            15.112 ms
	Integration of assets:  0.001 ms
	Thread Wait Time:       0.020 ms
	Total Operation Time:   15.681 ms
Loaded scene 'Library/Unused/11216dc0ea5170042a22139444989a3d'
	Deserialize:            6.495 ms
	Integration:            11.191 ms
	Integration of assets:  0.015 ms
	Thread Wait Time:       0.014 ms
	Total Operation Time:   17.715 ms
Loaded scene 'Library/Unused/96e26ed223e13db4c95c838ce6ad48c4'
	Deserialize:            31.150 ms
	Integration:            10.045 ms
	Integration of assets:  0.027 ms
	Thread Wait Time:       0.011 ms
	Total Operation Time:   41.233 ms
Loaded scene 'Library/Unused/7562c613cc9a72a47a2ebdd965ff7f6c'
	Deserialize:            31.826 ms
	Integration:            12.465 ms
	Integration of assets:  0.023 ms
	Thread Wait Time:       0.010 ms
	Total Operation Time:   44.324 ms
Loaded scene 'Library/Unused/dcacb0f881545084987489263bc8e357'
	Deserialize:            0.781 ms
	Integration:            26.605 ms
	Integration of assets:  0.001 ms
	Thread Wait Time:       0.019 ms
	Total Operation Time:   27.407 ms
Loaded scene 'Library/Unused/f1ddb08ddec24534694448895a9c479f'
	Deserialize:            28.924 ms
	Integration:            8.908 ms
	Integration of assets:  0.034 ms
	Thread Wait Time:       0.001 ms
	Total Operation Time:   37.868 ms
Loaded scene 'Library/Unused/e586c1d174bc4dc4e9779cf4ee95a137'
	Deserialize:            33.686 ms
	Integration:            8.839 ms
	Integration of assets:  0.023 ms
	Thread Wait Time:       0.015 ms
	Total Operation Time:   42.563 ms
Loaded scene 'Library/Unused/1d18168587130be4094dcf4be6311422'
	Deserialize:            30.875 ms
	Integration:            14.136 ms
	Integration of assets:  0.050 ms
	Thread Wait Time:       0.052 ms
	Total Operation Time:   45.113 ms
Loaded scene 'Library/Unused/8d635b6179afa4d47ae7b35b8ef2e1b6'
	Deserialize:            32.352 ms
	Integration:            13.350 ms
	Integration of assets:  0.023 ms
	Thread Wait Time:       0.016 ms
	Total Operation Time:   45.742 ms
Loaded scene 'Library/Unused/da360e1229ac28748a24420c00f63764'
	Deserialize:            41.627 ms
	Integration:            8.618 ms
	Integration of assets:  0.053 ms
	Thread Wait Time:       0.024 ms
	Total Operation Time:   50.323 ms
Loaded scene 'Library/Unused/594eeeda4ee29df4895caea7b3d8b30e'
	Deserialize:            27.741 ms
	Integration:            9.303 ms
	Integration of assets:  0.019 ms
	Thread Wait Time:       0.038 ms
	Total Operation Time:   37.101 ms
Loaded scene 'Library/Unused/090137c954e040a41b70ef4390548731'
	Deserialize:            34.595 ms
	Integration:            13.308 ms
	Integration of assets:  0.020 ms
	Thread Wait Time:       0.017 ms
	Total Operation Time:   47.940 ms
Loaded scene 'Library/Unused/ecef890d6dcecdc4fb7ee18a068667fb'
	Deserialize:            28.636 ms
	Integration:            6.987 ms
	Integration of assets:  0.054 ms
	Thread Wait Time:       0.043 ms
	Total Operation Time:   35.720 ms
Loaded scene 'Library/Unused/8bc25b75aaaa1ba48bc50a310fe1df9f'
	Deserialize:            29.433 ms
	Integration:            7.778 ms
	Integration of assets:  0.021 ms
	Thread Wait Time:       0.013 ms
	Total Operation Time:   37.246 ms
Loaded scene 'Library/Unused/f26c9a82f7a007640bd9f8303c0ebaa6'
	Deserialize:            28.618 ms
	Integration:            9.225 ms
	Integration of assets:  0.021 ms
	Thread Wait Time:       0.007 ms
	Total Operation Time:   37.871 ms
Loaded scene 'Library/Unused/9169daae0129f2e45bd28e30951d1988'
	Deserialize:            0.530 ms
	Integration:            21.565 ms
	Integration of assets:  0.001 ms
	Thread Wait Time:       0.012 ms
	Total Operation Time:   22.108 ms
Loaded scene 'Library/Unused/d8d54e392a420204f80de4f13a2b901e'
	Deserialize:            0.200 ms
	Integration:            1.643 ms
	Integration of assets:  0.001 ms
	Thread Wait Time:       0.009 ms
	Total Operation Time:   1.854 ms
Loaded scene 'Library/Unused/cab8976f19fdf37419d0d8e1b1cbdf46'
	Deserialize:            0.295 ms
	Integration:            6.418 ms
	Integration of assets:  0.003 ms
	Thread Wait Time:       0.024 ms
	Total Operation Time:   6.739 ms
Loaded scene 'Library/Unused/95b7eb30fb5248e499b4699e722e60f3'
	Deserialize:            0.274 ms
	Integration:            10.764 ms
	Integration of assets:  0.001 ms
	Thread Wait Time:       0.016 ms
	Total Operation Time:   11.055 ms
Loaded scene 'Library/Unused/cde1abb7df1b21644af6ec76f7934091'
	Deserialize:            0.234 ms
	Integration:            7.032 ms
	Integration of assets:  0.001 ms
	Thread Wait Time:       0.011 ms
	Total Operation Time:   7.277 ms
Loaded scene 'Library/Unused/e96d1f67eee8ed042a6f9592f71f909d'
	Deserialize:            0.232 ms
	Integration:            8.027 ms
	Integration of assets:  0.001 ms
	Thread Wait Time:       0.011 ms
	Total Operation Time:   8.271 ms
Loaded scene 'Library/Unused/b8192107d9a8e1b449d4bdc3f6aab12e'
	Deserialize:            0.242 ms
	Integration:            6.062 ms
	Integration of assets:  0.001 ms
	Thread Wait Time:       0.012 ms
	Total Operation Time:   6.317 ms
Loaded scene 'Library/Unused/c702a6ee118213c40b57e1f82f2a772d'
	Deserialize:            0.288 ms
	Integration:            1.468 ms
	Integration of assets:  0.001 ms
	Thread Wait Time:       0.013 ms
	Total Operation Time:   1.770 ms
Loaded scene 'Library/Unused/47c5cd50a65af3d40ac6a2dba5ae7b40'
	Deserialize:            0.211 ms
	Integration:            10.934 ms
	Integration of assets:  0.001 ms
	Thread Wait Time:       0.010 ms
	Total Operation Time:   11.156 ms
Loaded scene 'Library/Unused/6c1c61063ba13ca449da0908a06348c9'
	Deserialize:            0.243 ms
	Integration:            7.827 ms
	Integration of assets:  0.001 ms
	Thread Wait Time:       0.010 ms
	Total Operation Time:   8.081 ms
Loaded scene 'Library/Unused/fb01c6df1130cf745bb9090f8c0613a5'
	Deserialize:            0.273 ms
	Integration:            7.393 ms
	Integration of assets:  0.001 ms
	Thread Wait Time:       0.013 ms
	Total Operation Time:   7.680 ms
Loaded scene 'Library/Unused/f7f7918b2d1634d4d95f7e967c4028dd'
	Deserialize:            0.255 ms
	Integration:            5.865 ms
	Integration of assets:  0.001 ms
	Thread Wait Time:       0.019 ms
	Total Operation Time:   6.140 ms
Loaded scene 'Library/Unused/96903755ee3cd4743844dd2c9d026ae5'
	Deserialize:            0.303 ms
	Integration:            6.492 ms
	Integration of assets:  0.002 ms
	Thread Wait Time:       0.017 ms
	Total Operation Time:   6.813 ms
Loaded scene 'Library/Unused/dd1886158d99cfa439ce22dd5d507e95'
	Deserialize:            0.301 ms
	Integration:            7.453 ms
	Integration of assets:  0.001 ms
	Thread Wait Time:       0.019 ms
	Total Operation Time:   7.775 ms
Loaded scene 'Library/Unused/c092c92f2fba5ce4caa5f953a6313fc6'
	Deserialize:            0.293 ms
	Integration:            7.596 ms
	Integration of assets:  0.002 ms
	Thread Wait Time:       0.016 ms
	Total Operation Time:   7.906 ms
Loaded scene 'Library/Unused/a24f17d1dc3f9b841a41496b370f8e7c'
	Deserialize:            0.279 ms
	Integration:            8.102 ms
	Integration of assets:  0.001 ms
	Thread Wait Time:       0.010 ms
	Total Operation Time:   8.392 ms
Loaded scene 'Library/Unused/e5b9d1a675747d945bf08f79760936ad'
	Deserialize:            0.319 ms
	Integration:            7.885 ms
	Integration of assets:  0.001 ms
	Thread Wait Time:       0.018 ms
	Total Operation Time:   8.223 ms
Loaded scene 'Library/Unused/ba9b0ca887242f34cbd94b82e524ac70'
	Deserialize:            0.273 ms
	Integration:            8.411 ms
	Integration of assets:  0.001 ms
	Thread Wait Time:       0.018 ms
	Total Operation Time:   8.703 ms
Loaded scene 'Library/Unused/cc1a4deed12ba6b488ab266900d69118'
	Deserialize:            0.365 ms
	Integration:            7.892 ms
	Integration of assets:  0.001 ms
	Thread Wait Time:       0.014 ms
	Total Operation Time:   8.271 ms
Loaded scene 'Library/Unused/b769da82cb97ca94289cf7865731374a'
	Deserialize:            0.284 ms
	Integration:            1.716 ms
	Integration of assets:  0.002 ms
	Thread Wait Time:       0.015 ms
	Total Operation Time:   2.017 ms
Loaded scene 'Library/Unused/25057f03db1971248958fb70451171c2'
	Deserialize:            0.350 ms
	Integration:            7.890 ms
	Integration of assets:  0.002 ms
	Thread Wait Time:       0.021 ms
	Total Operation Time:   8.262 ms
Loaded scene 'Library/Unused/c3224b47bd1b979428fc06dac07b72a1'
	Deserialize:            0.330 ms
	Integration:            8.166 ms
	Integration of assets:  0.001 ms
	Thread Wait Time:       0.028 ms
	Total Operation Time:   8.525 ms
Loaded scene 'Library/Unused/3f9fa5b4c56b57c42ac4b4a7612845ca'
	Deserialize:            0.313 ms
	Integration:            7.681 ms
	Integration of assets:  0.001 ms
	Thread Wait Time:       0.011 ms
	Total Operation Time:   8.006 ms
Loaded scene 'Library/Unused/380425f775974e14a87a68e510d2e912'
	Deserialize:            0.437 ms
	Integration:            8.629 ms
	Integration of assets:  0.002 ms
	Thread Wait Time:       0.014 ms
	Total Operation Time:   9.081 ms
Loaded scene 'Library/Unused/df4b2fa0669d7c942bd45c2ff1d93058'
	Deserialize:            0.408 ms
	Integration:            8.578 ms
	Integration of assets:  0.001 ms
	Thread Wait Time:       0.023 ms
	Total Operation Time:   9.010 ms
Loaded scene 'Library/Unused/d828beae0c17b4648b9d8db0b3a2abbd'
	Deserialize:            0.318 ms
	Integration:            8.123 ms
	Integration of assets:  0.002 ms
	Thread Wait Time:       0.017 ms
	Total Operation Time:   8.461 ms
Loaded scene 'Library/Unused/985b166448886ba408d1cf8fbd9efcd1'
	Deserialize:            0.338 ms
	Integration:            7.887 ms
	Integration of assets:  0.001 ms
	Thread Wait Time:       0.012 ms
	Total Operation Time:   8.238 ms
Loaded scene 'Library/Unused/c311530a582ef074ea36a1c0eeffbeb2'
	Deserialize:            0.292 ms
	Integration:            9.234 ms
	Integration of assets:  0.001 ms
	Thread Wait Time:       0.018 ms
	Total Operation Time:   9.546 ms
Loaded scene 'Library/Unused/3c481bb43553f344cb8be4efd75e0f46'
	Deserialize:            0.323 ms
	Integration:            8.678 ms
	Integration of assets:  0.002 ms
	Thread Wait Time:       0.019 ms
	Total Operation Time:   9.022 ms
Loaded scene 'Library/Unused/082b4fc645974f9499be3529d4e640e1'
	Deserialize:            0.447 ms
	Integration:            8.006 ms
	Integration of assets:  0.001 ms
	Thread Wait Time:       0.015 ms
	Total Operation Time:   8.469 ms
Loaded scene 'Library/Unused/3004801d75ff661408fdba209f4cef0e'
	Deserialize:            0.326 ms
	Integration:            8.196 ms
	Integration of assets:  0.001 ms
	Thread Wait Time:       0.013 ms
	Total Operation Time:   8.536 ms
Creating missing SoundSequencer component for EffectManager in Bike 0 Wheels.
UnityEngine.Debug:ExtractStackTraceNoAlloc (byte*,int,string)
UnityEngine.StackTraceUtility:ExtractStackTrace ()
UnityEditor.PrefabUtility:LoadPrefabContentsIntoPreviewScene_Internal (string,UnityEngine.SceneManagement.Scene)
UnityEditor.PrefabUtility:LoadPrefabContents (string)
ReconstructionValidation:Run () (at Assets/Editor/ReconstructionValidation.cs:54)

[Assets/Editor/ReconstructionValidation.cs line 54]

Loaded scene 'Library/Unused/e0104dc51b4141445b52a1bd2e56887b'
	Deserialize:            0.782 ms
	Integration:            10.702 ms
	Integration of assets:  0.001 ms
	Thread Wait Time:       0.018 ms
	Total Operation Time:   11.504 ms
Creating missing SoundSequencer component for EffectManager in Bike 1 Wheels.
UnityEngine.Debug:ExtractStackTraceNoAlloc (byte*,int,string)
UnityEngine.StackTraceUtility:ExtractStackTrace ()
UnityEditor.PrefabUtility:LoadPrefabContentsIntoPreviewScene_Internal (string,UnityEngine.SceneManagement.Scene)
UnityEditor.PrefabUtility:LoadPrefabContents (string)
ReconstructionValidation:Run () (at Assets/Editor/ReconstructionValidation.cs:54)

[Assets/Editor/ReconstructionValidation.cs line 54]

Loaded scene 'Library/Unused/ef47b38f0dfa57a4c8734b29bfcc04b2'
	Deserialize:            0.435 ms
	Integration:            0.495 ms
	Integration of assets:  0.001 ms
	Thread Wait Time:       0.014 ms
	Total Operation Time:   0.945 ms
Creating missing SoundSequencer component for EffectManager in Bike 2 Wheels.
UnityEngine.Debug:ExtractStackTraceNoAlloc (byte*,int,string)
UnityEngine.StackTraceUtility:ExtractStackTrace ()
UnityEditor.PrefabUtility:LoadPrefabContentsIntoPreviewScene_Internal (string,UnityEngine.SceneManagement.Scene)
UnityEditor.PrefabUtility:LoadPrefabContents (string)
ReconstructionValidation:Run () (at Assets/Editor/ReconstructionValidation.cs:54)

[Assets/Editor/ReconstructionValidation.cs line 54]

Loaded scene 'Library/Unused/bbe11267d78221b4f8d634f9f893b089'
	Deserialize:            0.501 ms
	Integration:            0.442 ms
	Integration of assets:  0.001 ms
	Thread Wait Time:       0.017 ms
	Total Operation Time:   0.962 ms
Creating missing SoundSequencer component for EffectManager in Bike 3 Wheels.
UnityEngine.Debug:ExtractStackTraceNoAlloc (byte*,int,string)
UnityEngine.StackTraceUtility:ExtractStackTrace ()
UnityEditor.PrefabUtility:LoadPrefabContentsIntoPreviewScene_Internal (string,UnityEngine.SceneManagement.Scene)
UnityEditor.PrefabUtility:LoadPrefabContents (string)
ReconstructionValidation:Run () (at Assets/Editor/ReconstructionValidation.cs:54)

[Assets/Editor/ReconstructionValidation.cs line 54]

Loaded scene 'Library/Unused/58cfe69074dca474eae3001a618d145b'
	Deserialize:            0.569 ms
	Integration:            0.544 ms
	Integration of assets:  0.002 ms
	Thread Wait Time:       0.014 ms
	Total Operation Time:   1.128 ms
Creating missing SoundSequencer component for EffectManager in Bike 4 Wheels.
UnityEngine.Debug:ExtractStackTraceNoAlloc (byte*,int,string)
UnityEngine.StackTraceUtility:ExtractStackTrace ()
UnityEditor.PrefabUtility:LoadPrefabContentsIntoPreviewScene_Internal (string,UnityEngine.SceneManagement.Scene)
UnityEditor.PrefabUtility:LoadPrefabContents (string)
ReconstructionValidation:Run () (at Assets/Editor/ReconstructionValidation.cs:54)

[Assets/Editor/ReconstructionValidation.cs line 54]

Loaded scene 'Library/Unused/d7bf65909436f3b448b6012b3c6f4eca'
	Deserialize:            0.406 ms
	Integration:            0.466 ms
	Integration of assets:  0.001 ms
	Thread Wait Time:       0.011 ms
	Total Operation Time:   0.885 ms
Creating missing SoundSequencer component for EffectManager in Bike 5 Wheels.
UnityEngine.Debug:ExtractStackTraceNoAlloc (byte*,int,string)
UnityEngine.StackTraceUtility:ExtractStackTrace ()
UnityEditor.PrefabUtility:LoadPrefabContentsIntoPreviewScene_Internal (string,UnityEngine.SceneManagement.Scene)
UnityEditor.PrefabUtility:LoadPrefabContents (string)
ReconstructionValidation:Run () (at Assets/Editor/ReconstructionValidation.cs:54)

[Assets/Editor/ReconstructionValidation.cs line 54]

Loaded scene 'Library/Unused/8294f1480c867434698baedbad7151c8'
	Deserialize:            0.489 ms
	Integration:            0.808 ms
	Integration of assets:  0.002 ms
	Thread Wait Time:       0.148 ms
	Total Operation Time:   1.446 ms
Creating missing SoundSequencer component for EffectManager in Bike 6 Wheels.
UnityEngine.Debug:ExtractStackTraceNoAlloc (byte*,int,string)
UnityEngine.StackTraceUtility:ExtractStackTrace ()
UnityEditor.PrefabUtility:LoadPrefabContentsIntoPreviewScene_Internal (string,UnityEngine.SceneManagement.Scene)
UnityEditor.PrefabUtility:LoadPrefabContents (string)
ReconstructionValidation:Run () (at Assets/Editor/ReconstructionValidation.cs:54)

[Assets/Editor/ReconstructionValidation.cs line 54]

Loaded scene 'Library/Unused/dfe8cebf2f6cb6846abaf7f9a4e5abe0'
	Deserialize:            0.528 ms
	Integration:            0.459 ms
	Integration of assets:  0.001 ms
	Thread Wait Time:       0.016 ms
	Total Operation Time:   1.003 ms
Creating missing SoundSequencer component for EffectManager in Kart 0 Wheels.
UnityEngine.Debug:ExtractStackTraceNoAlloc (byte*,int,string)
UnityEngine.StackTraceUtility:ExtractStackTrace ()
UnityEditor.PrefabUtility:LoadPrefabContentsIntoPreviewScene_Internal (string,UnityEngine.SceneManagement.Scene)
UnityEditor.PrefabUtility:LoadPrefabContents (string)
ReconstructionValidation:Run () (at Assets/Editor/ReconstructionValidation.cs:54)

[Assets/Editor/ReconstructionValidation.cs line 54]

Loaded scene 'Library/Unused/bcfdadff690565d4eb1c9361aac717bc'
	Deserialize:            0.602 ms
	Integration:            4.773 ms
	Integration of assets:  0.002 ms
	Thread Wait Time:       0.024 ms
	Total Operation Time:   5.400 ms
Creating missing SoundSequencer component for EffectManager in Kart 1 Wheels.
UnityEngine.Debug:ExtractStackTraceNoAlloc (byte*,int,string)
UnityEngine.StackTraceUtility:ExtractStackTrace ()
UnityEditor.PrefabUtility:LoadPrefabContentsIntoPreviewScene_Internal (string,UnityEngine.SceneManagement.Scene)
UnityEditor.PrefabUtility:LoadPrefabContents (string)
ReconstructionValidation:Run () (at Assets/Editor/ReconstructionValidation.cs:54)

[Assets/Editor/ReconstructionValidation.cs line 54]

Loaded scene 'Library/Unused/bd21806a93e4c2b4d9903d31ff8c578a'
	Deserialize:            0.744 ms
	Integration:            3.812 ms
	Integration of assets:  0.001 ms
	Thread Wait Time:       0.021 ms
	Total Operation Time:   4.578 ms
Creating missing SoundSequencer component for EffectManager in Kart 2 Wheels.
UnityEngine.Debug:ExtractStackTraceNoAlloc (byte*,int,string)
UnityEngine.StackTraceUtility:ExtractStackTrace ()
UnityEditor.PrefabUtility:LoadPrefabContentsIntoPreviewScene_Internal (string,UnityEngine.SceneManagement.Scene)
UnityEditor.PrefabUtility:LoadPrefabContents (string)
ReconstructionValidation:Run () (at Assets/Editor/ReconstructionValidation.cs:54)

[Assets/Editor/ReconstructionValidation.cs line 54]

Loaded scene 'Library/Unused/3de9cecb7c99d0644916921419b78dc6'
	Deserialize:            0.533 ms
	Integration:            0.491 ms
	Integration of assets:  0.001 ms
	Thread Wait Time:       0.019 ms
	Total Operation Time:   1.043 ms
Creating missing SoundSequencer component for EffectManager in Kart 3 Wheels.
UnityEngine.Debug:ExtractStackTraceNoAlloc (byte*,int,string)
UnityEngine.StackTraceUtility:ExtractStackTrace ()
UnityEditor.PrefabUtility:LoadPrefabContentsIntoPreviewScene_Internal (string,UnityEngine.SceneManagement.Scene)
UnityEditor.PrefabUtility:LoadPrefabContents (string)
ReconstructionValidation:Run () (at Assets/Editor/ReconstructionValidation.cs:54)

[Assets/Editor/ReconstructionValidation.cs line 54]

Loaded scene 'Library/Unused/5d7da5a9a597ae845b7f19e75719f8ad'
	Deserialize:            0.559 ms
	Integration:            4.414 ms
	Integration of assets:  0.001 ms
	Thread Wait Time:       0.018 ms
	Total Operation Time:   4.992 ms
Creating missing SoundSequencer component for EffectManager in Kart 4 Wheels.
UnityEngine.Debug:ExtractStackTraceNoAlloc (byte*,int,string)
UnityEngine.StackTraceUtility:ExtractStackTrace ()
UnityEditor.PrefabUtility:LoadPrefabContentsIntoPreviewScene_Internal (string,UnityEngine.SceneManagement.Scene)
UnityEditor.PrefabUtility:LoadPrefabContents (string)
ReconstructionValidation:Run () (at Assets/Editor/ReconstructionValidation.cs:54)

[Assets/Editor/ReconstructionValidation.cs line 54]

Loaded scene 'Library/Unused/cce0fdb23ba52bb4cbb884f42ee050f9'
	Deserialize:            0.487 ms
	Integration:            4.121 ms
	Integration of assets:  0.001 ms
	Thread Wait Time:       0.018 ms
	Total Operation Time:   4.627 ms
Creating missing SoundSequencer component for EffectManager in Kart 5 Wheels.
UnityEngine.Debug:ExtractStackTraceNoAlloc (byte*,int,string)
UnityEngine.StackTraceUtility:ExtractStackTrace ()
UnityEditor.PrefabUtility:LoadPrefabContentsIntoPreviewScene_Internal (string,UnityEngine.SceneManagement.Scene)
UnityEditor.PrefabUtility:LoadPrefabContents (string)
ReconstructionValidation:Run () (at Assets/Editor/ReconstructionValidation.cs:54)

[Assets/Editor/ReconstructionValidation.cs line 54]

Loaded scene 'Library/Unused/fe7da25c2b23bbe478c29ef141569d5f'
	Deserialize:            0.520 ms
	Integration:            5.849 ms
	Integration of assets:  0.001 ms
	Thread Wait Time:       0.016 ms
	Total Operation Time:   6.387 ms
Loaded scene 'Library/Unused/54573c585c791be40a9a23ca103889eb'
	Deserialize:            0.712 ms
	Integration:            4.766 ms
	Integration of assets:  0.001 ms
	Thread Wait Time:       0.010 ms
	Total Operation Time:   5.489 ms
Creating missing SoundSequencer component for EffectManager in Truck 0 Wheels.
UnityEngine.Debug:ExtractStackTraceNoAlloc (byte*,int,string)
UnityEngine.StackTraceUtility:ExtractStackTrace ()
UnityEditor.PrefabUtility:LoadPrefabContentsIntoPreviewScene_Internal (string,UnityEngine.SceneManagement.Scene)
UnityEditor.PrefabUtility:LoadPrefabContents (string)
ReconstructionValidation:Run () (at Assets/Editor/ReconstructionValidation.cs:54)

[Assets/Editor/ReconstructionValidation.cs line 54]

Loaded scene 'Library/Unused/d119dd1bd9ad6ac47ac2eac489753b5e'
	Deserialize:            0.598 ms
	Integration:            7.496 ms
	Integration of assets:  0.001 ms
	Thread Wait Time:       0.014 ms
	Total Operation Time:   8.109 ms
Creating missing SoundSequencer component for EffectManager in Truck 1 Wheels.
UnityEngine.Debug:ExtractStackTraceNoAlloc (byte*,int,string)
UnityEngine.StackTraceUtility:ExtractStackTrace ()
UnityEditor.PrefabUtility:LoadPrefabContentsIntoPreviewScene_Internal (string,UnityEngine.SceneManagement.Scene)
UnityEditor.PrefabUtility:LoadPrefabContents (string)
ReconstructionValidation:Run () (at Assets/Editor/ReconstructionValidation.cs:54)

[Assets/Editor/ReconstructionValidation.cs line 54]

Loaded scene 'Library/Unused/6f555f97f889b7546aad94be622bafd8'
	Deserialize:            0.552 ms
	Integration:            0.477 ms
	Integration of assets:  0.001 ms
	Thread Wait Time:       0.020 ms
	Total Operation Time:   1.050 ms
Creating missing SoundSequencer component for EffectManager in Truck 2 Wheels.
UnityEngine.Debug:ExtractStackTraceNoAlloc (byte*,int,string)
UnityEngine.StackTraceUtility:ExtractStackTrace ()
UnityEditor.PrefabUtility:LoadPrefabContentsIntoPreviewScene_Internal (string,UnityEngine.SceneManagement.Scene)
UnityEditor.PrefabUtility:LoadPrefabContents (string)
ReconstructionValidation:Run () (at Assets/Editor/ReconstructionValidation.cs:54)

[Assets/Editor/ReconstructionValidation.cs line 54]

Loaded scene 'Library/Unused/237d9c2d062b62343b36bfe92ce8a4be'
	Deserialize:            0.511 ms
	Integration:            0.500 ms
	Integration of assets:  0.001 ms
	Thread Wait Time:       0.018 ms
	Total Operation Time:   1.029 ms
Creating missing SoundSequencer component for EffectManager in Truck 3 Wheels.
UnityEngine.Debug:ExtractStackTraceNoAlloc (byte*,int,string)
UnityEngine.StackTraceUtility:ExtractStackTrace ()
UnityEditor.PrefabUtility:LoadPrefabContentsIntoPreviewScene_Internal (string,UnityEngine.SceneManagement.Scene)
UnityEditor.PrefabUtility:LoadPrefabContents (string)
ReconstructionValidation:Run () (at Assets/Editor/ReconstructionValidation.cs:54)

[Assets/Editor/ReconstructionValidation.cs line 54]

Loaded scene 'Library/Unused/65a85c0ac3a5ba0449cbff81d6e8ea15'
	Deserialize:            0.615 ms
	Integration:            0.479 ms
	Integration of assets:  0.001 ms
	Thread Wait Time:       0.019 ms
	Total Operation Time:   1.115 ms
Creating missing SoundSequencer component for EffectManager in Truck 4 Wheels.
UnityEngine.Debug:ExtractStackTraceNoAlloc (byte*,int,string)
UnityEngine.StackTraceUtility:ExtractStackTrace ()
UnityEditor.PrefabUtility:LoadPrefabContentsIntoPreviewScene_Internal (string,UnityEngine.SceneManagement.Scene)
UnityEditor.PrefabUtility:LoadPrefabContents (string)
ReconstructionValidation:Run () (at Assets/Editor/ReconstructionValidation.cs:54)

[Assets/Editor/ReconstructionValidation.cs line 54]

Loaded scene 'Library/Unused/9646fbce067d5fa429e2a1d8aef2c719'
	Deserialize:            0.525 ms
	Integration:            0.440 ms
	Integration of assets:  0.001 ms
	Thread Wait Time:       0.016 ms
	Total Operation Time:   0.982 ms
Creating missing SoundSequencer component for EffectManager in Truck 5 Wheels.
UnityEngine.Debug:ExtractStackTraceNoAlloc (byte*,int,string)
UnityEngine.StackTraceUtility:ExtractStackTrace ()
UnityEditor.PrefabUtility:LoadPrefabContentsIntoPreviewScene_Internal (string,UnityEngine.SceneManagement.Scene)
UnityEditor.PrefabUtility:LoadPrefabContents (string)
ReconstructionValidation:Run () (at Assets/Editor/ReconstructionValidation.cs:54)

[Assets/Editor/ReconstructionValidation.cs line 54]

Loaded scene 'Library/Unused/03224d9766bb16a45a8ebdcc771671b0'
	Deserialize:            0.629 ms
	Integration:            0.534 ms
	Integration of assets:  0.001 ms
	Thread Wait Time:       0.010 ms
	Total Operation Time:   1.174 ms
Creating missing SoundSequencer component for EffectManager in Truck 6 Wheels.
UnityEngine.Debug:ExtractStackTraceNoAlloc (byte*,int,string)
UnityEngine.StackTraceUtility:ExtractStackTrace ()
UnityEditor.PrefabUtility:LoadPrefabContentsIntoPreviewScene_Internal (string,UnityEngine.SceneManagement.Scene)
UnityEditor.PrefabUtility:LoadPrefabContents (string)
ReconstructionValidation:Run () (at Assets/Editor/ReconstructionValidation.cs:54)

[Assets/Editor/ReconstructionValidation.cs line 54]

Loaded scene 'Library/Unused/1ffe6ff8725aa0c40894549ba02561c4'
	Deserialize:            0.575 ms
	Integration:            0.474 ms
	Integration of assets:  0.001 ms
	Thread Wait Time:       0.019 ms
	Total Operation Time:   1.070 ms
Loaded scene 'Library/Unused/3e9d701a95f736e44b9730aacc183994'
	Deserialize:            12.493 ms
	Integration:            16.743 ms
	Integration of assets:  0.704 ms
	Thread Wait Time:       0.015 ms
	Total Operation Time:   29.955 ms
Loaded scene 'Library/Unused/ab2845f2999c7324089079d35e8dfe91'
	Deserialize:            0.985 ms
	Integration:            0.804 ms
	Integration of assets:  0.002 ms
	Thread Wait Time:       0.010 ms
	Total Operation Time:   1.801 ms
RECONSTRUCTION_VALIDATION scenes=17 prefabs=581 materials=331 sceneMissingScripts=0 prefabMissingScripts=0 missingShaderMaterials=0 report=C:\Users\STEEP\Documents\game\phase4_reconstruction\reports\unity6_reference_validation.csv
UnityEngine.Debug:ExtractStackTraceNoAlloc (byte*,int,string)
UnityEngine.StackTraceUtility:ExtractStackTrace ()
UnityEngine.DebugLogHandler:Internal_Log (UnityEngine.LogType,UnityEngine.LogOption,string,UnityEngine.Object)
UnityEngine.DebugLogHandler:LogFormat (UnityEngine.LogType,UnityEngine.Object,string,object[])
UnityEngine.Logger:LogFormat (UnityEngine.LogType,string,object[])
UnityEngine.Debug:LogFormat (string,object[])
ReconstructionValidation:Run () (at Assets/Editor/ReconstructionValidation.cs:84)

(Filename: Assets/Editor/ReconstructionValidation.cs Line: 84)

Batchmode quit successfully invoked - shutting down!
Killing ADB server in 2,0806979 seconds.
[Physics::Module] Cleanup current backend.
[Physics::Module] Id: 0xf2b8ea05
Input System module state changed to: ShutdownInProgress.
Input Polling Thread exited.
Input System module state changed to: Shutdown.
[Licensing::IpcConnector] LicenseClient-STEEP-6000.5.3-notifications channel disconnected successfully.
[Licensing::IpcConnector] LicenseClient-STEEP-6000.5.3 channel disconnected successfully.
AcceleratorClientConnectionCallback - disconnected - :0
Cleanup mono
CodeReloadManager destroyed
Exiting batchmode successfully now!
Exiting without the bug reporter. Application will terminate with return code 0