[Licensing::Module] Trying to connect to existing licensing client channel...
Built from '6000.5/staging' branch; Version is '6000.5.3f1 (c2eb47b3a2a9) revision 12774215'; Using compiler version '194234433'; Build Type 'Release'
[Licensing::IpcConnector] Successfully connected to: "LicenseClient-STEEP" at "2026-07-15T02:31:44.2976369Z"
OS: 'Windows 11  (10.0.26200) CoreSingleLanguage' Language: 'es' Physical Memory: 15814 MB
BatchMode: 1, IsHumanControllingUs: 0, StartBugReporterOnCrash: 0, Is64bit: 1
System  architecture: x64
Process architecture: x64
Date: 2026-07-15T02:31:44Z

COMMAND LINE ARGUMENTS:
C:\Program Files\Unity\Hub\Editor\6000.5.3f1\Editor\Unity.exe
-batchmode
-quit
-accept-apiupdate
-projectPath
C:\Users\STEEP\Documents\game\phase4_reconstruction\Unity6Project
-executeMethod
AndroidPhase6Builder.BuildApk
-logFile
C:\Users\STEEP\Documents\game\phase4_reconstruction\reports\phase6_android_build_apk.log
Successfully changed project path to: C:\Users\STEEP\Documents\game\phase4_reconstruction\Unity6Project
C:/Users/STEEP/Documents/game/phase4_reconstruction/Unity6Project
[UnityMemory] Configuration Parameters - Can be set up in boot.config
    "memorysetup-temp-allocator-size-gi-baking-worker=262144"
    "memorysetup-temp-allocator-size-gi-baking-worker=262144"
    "memorysetup-temp-allocator-size-gi-baking-worker=262144"
    "memorysetup-temp-allocator-size-gi-baking-worker=262144"
    "memorysetup-temp-allocator-size-gi-baking-worker=262144"
    "memorysetup-temp-allocator-size-nav-mesh-worker=65536"
    "memorysetup-temp-allocator-size-audio-worker=65536"
    "memorysetup-temp-allocator-size-cloud-worker=32768"
    "memorysetup-temp-allocator-size-gfx=262144"
    "memorysetup-temp-allocator-size-preload-manager=33554432"
    "memorysetup-allocator-temp-initial-block-size-main=262144"
    "memorysetup-allocator-temp-initial-block-size-worker=262144"
    "memorysetup-temp-allocator-size-job-worker=262144"
    "memorysetup-temp-allocator-size-background-worker=32768"
    "memorysetup-bucket-allocator-granularity=16"
    "memorysetup-bucket-allocator-bucket-count=8"
    "memorysetup-bucket-allocator-block-size=33554432"
    "memorysetup-bucket-allocator-block-count=8"
    "memorysetup-main-allocator-block-size=16777216"
    "memorysetup-thread-allocator-block-size=16777216"
    "memorysetup-main-allocator-mimalloc-enabled=0"
    "memorysetup-gfx-main-allocator-block-size=16777216"
    "memorysetup-gfx-thread-allocator-block-size=16777216"
    "memorysetup-cache-allocator-block-size=4194304"
    "memorysetup-typetree-allocator-block-size=2097152"
    "memorysetup-profiler-bucket-allocator-granularity=16"
    "memorysetup-profiler-bucket-allocator-bucket-count=8"
    "memorysetup-profiler-bucket-allocator-block-size=33554432"
    "memorysetup-profiler-bucket-allocator-block-count=8"
    "memorysetup-profiler-allocator-block-size=16777216"
    "memorysetup-profiler-editor-allocator-block-size=1048576"
    "memorysetup-temp-allocator-size-main=16777216"
    "memorysetup-job-temp-allocator-block-size=2097152"
    "memorysetup-job-temp-allocator-block-size-background=1048576"
    "memorysetup-job-temp-allocator-reduction-small-platforms=262144"
Logging is directed to a specific file, skipping project log.Player connection [7472]  Target information:

Player connection [7472]  * "[IP] 172.29.176.1 [Port] 55504 [Flags] 2 [Guid] 2236309068 [EditorId] 2236309068 [Version] 1048832 [Id] WindowsEditor(7,LAPTOP-TQVLD7MF) [Debug] 1 [PackageName] WindowsEditor [ProjectName] Editor" 

Player connection [7472]  * "[IP] 192.168.1.5 [Port] 55504 [Flags] 2 [Guid] 2236309068 [EditorId] 2236309068 [Version] 1048832 [Id] WindowsEditor(7,LAPTOP-TQVLD7MF) [Debug] 1 [PackageName] WindowsEditor [ProjectName] Editor" 

Player connection [7472] Host joined multi-casting on [225.0.0.222:54997]...
Player connection [7472] Host joined alternative multi-casting on [225.0.0.222:34997]...
Input System module state changed to: Initialized.
[Physics::Module] Initialized fallback backend.
[Physics::Module] Id: 0xdecafbad
[Package Manager] Connected to IPC stream "Upm-708" after 0.2 seconds.
[Licensing::Module] Licensing is not yet initialized.
[Licensing::Client] Error: HandshakeResponse reported an error:
	ResponseCode: 505
	ResponseStatus: Unsupported protocol version '1.18.1'.
[Licensing::Module] Error: Failed to handshake to channel: "LicenseClient-STEEP"
[Licensing::IpcConnector] LicenseClient-STEEP channel disconnected successfully.
[Licensing::IpcConnector] Channel LicenseClient-STEEP-6000.5.3 doesn't exist
[Licensing::Module] Successfully launched the LicensingClient (PId: 20260)
[Licensing::IpcConnector] Successfully connected to: "LicenseClient-STEEP-6000.5.3" at "2026-07-15T02:31:46.0182363Z"
[Licensing::Client] Code 10 while verifying Licensing Client signature (process Id: 20260, path: "C:/Program Files/Unity/Hub/Editor/6000.5.3f1/Editor/Data/Resources/Licensing/Client/Unity.Licensing.Client.exe")
[Licensing::Module] LicensingClient has failed validation; ignoring
[Licensing::Client] Handshaking with LicensingClient:
  Version:                 1.18.1+9fbee8e
  Session Id:              57ae4acac34d4540a8deabc7e5e6f676
  Correlation Id:          54423d64f1898632d097515aee331c4a
  External correlation Id: 6786996272986751088
  Machine Id:              segNaylj+iT0/fzmmJP61DLLbz4=
[Licensing::Module] Successfully connected to LicensingClient on channel: "LicenseClient-STEEP-6000.5.3" (connect: 0.25s, validation: 0.10s, handshake: 0.01s)
[Licensing::IpcConnector] Successfully connected to: "LicenseClient-STEEP-6000.5.3-notifications" at "2026-07-15T02:31:46.1235122Z"
[Licensing::Module] Connected to LicensingClient (PId: 20260, launch time: 0.00, total connection time: 0.35s)
[Licensing::Module] Error: Access token is unavailable; failed to update
[Licensing::Client] Successfully resolved entitlement details
[Licensing::Module] License group:
  Id: 4674230029630-UnityPersXXXX
  Product: Unity Personal
  Type: Assigned
  Expiration: Unlimited
[Licensing::Client] Successfully updated license, isAsync: True, time: 0.01
[Licensing::Client] Successfully resolved entitlement details
[Licensing::Module] Licensing Background thread has ended after 1.86s
[Licensing::Module] Licensing is initialized (took 1.47s).
[Licensing::Client] Successfully resolved entitlement details
Library Redirect Path: Library/
[Physics::Module] Selected backend.
[Physics::Module] Name: PhysX
[Physics::Module] Id: 0xf2b8ea05
[Physics::Module] SDK Version: 4.1.2
[Physics::Module] Integration Version: 1.0.0
[Physics::Module] Threading Mode: Multi-Threaded
Initialize engine version: 6000.5.3f1 (c2eb47b3a2a9)
[Subsystems] Discovering subsystems at path C:/Program Files/Unity/Hub/Editor/6000.5.3f1/Editor/Data/Resources/UnitySubsystems
[Subsystems] Discovering subsystems at path C:/Users/STEEP/Documents/game/phase4_reconstruction/Unity6Project/Assets
GfxDevice: creating device client; kGfxThreadingModeNonThreaded
Direct3D:
    Version:  Direct3D 11.0 [level 11.1]
    Renderer: Intel(R) Graphics (ID=0x7dd1)
    Vendor:   Intel
    VRAM:     9014 MB
    Driver:   32.0.101.8860
Initialize mono
Mono path[0] = 'C:/Program Files/Unity/Hub/Editor/6000.5.3f1/Editor/Data/Managed'
Mono path[1] = 'C:/Program Files/Unity/Hub/Editor/6000.5.3f1/Editor/Data/BCLExtensions/runtime/netstandard2.1'
Mono path[2] = 'C:/Program Files/Unity/Hub/Editor/6000.5.3f1/Editor/Data/MonoBleedingEdge/lib/mono/unityjit-win32'
Mono config path = 'C:/Program Files/Unity/Hub/Editor/6000.5.3f1/Editor/Data/MonoBleedingEdge/etc'
Using monoOptions --debugger-agent=transport=dt_socket,embedding=1,server=y,suspend=n,address=127.0.0.1:56708
CodeReloadManager initialized
ImportWorker Server TCP listen port: 0
AcceleratorClientConnectionCallback - disconnected - :0
Begin MonoManager ReloadAssembly
Registering precompiled unity dll's ...
Register platform support module: C:/Program Files/Unity/Hub/Editor/6000.5.3f1/Editor/Data/PlaybackEngines/WebGLSupport/UnityEditor.WebGL.Extensions.dll
Register platform support module: C:/Program Files/Unity/Hub/Editor/6000.5.3f1/Editor/Data/PlaybackEngines/WindowsStandaloneSupport/UnityEditor.WindowsStandalone.Extensions.dll
[Licensing::Client] Successfully resolved entitlement details
Register platform support module: C:/Program Files/Unity/Hub/Editor/6000.5.3f1/Editor/Data/PlaybackEngines/AndroidPlayer/UnityEditor.Android.Extensions.dll
Registered in 0.004282 seconds.
Native extension for Android target not found
Native extension for WindowsStandalone target not found
Native extension for WebGL target not found
Package Manager log level set to [2]
ScheduleIndexationOnStartup MainProcess:False IndexOnStartup:True
Mono: successfully reloaded assembly
- Finished resetting the current domain, in  0.321 seconds
Domain Reload Profiling: 749ms
	BeginReloadAssembly (107ms)
		CreateAndSetChildDomain (20ms)
	RebuildCommonClasses (4ms)
	RebuildNativeTypeToScriptingClass (12ms)
	initialDomainReloadingComplete (59ms)
	LoadAllAssembliesAndSetupDomain (242ms)
		LoadAssemblies (84ms)
		AnalyzeDomain (173ms)
			TypeCache.Refresh (173ms)
				TypeCache.ScanAssembly (159ms)
	FinalizeReload (325ms)
		SetupLoadedEditorAssemblies (0ms)
			InitializePlatformSupportModulesInManaged (7ms)
			BeforeProcessingInitializeOnLoad (72ms)
			ProcessInitializeOnLoadAttributes (76ms)
			ProcessInitializeOnLoadMethodAttributes (102ms)
[Licensing::Client] Successfully resolved entitlement details
Application.AssetDatabase Initial Refresh Start
[Package Manager] Restoring resolved packages state from cache
[Licensing::Client] Successfully resolved entitlement details
[Package Manager] Registered 53 packages:
  Packages from [https://packages.unity.com]:
    com.unity.ai.navigation@2.0.13 (location: C:\Users\STEEP\Documents\game\phase4_reconstruction\Unity6Project\Library\PackageCache\com.unity.ai.navigation@42d896194035)
    com.unity.analytics@3.8.2 (location: C:\Users\STEEP\Documents\game\phase4_reconstruction\Unity6Project\Library\PackageCache\com.unity.analytics@c9d14a6bdec6)
    com.unity.collab-proxy@2.12.4 (location: C:\Users\STEEP\Documents\game\phase4_reconstruction\Unity6Project\Library\PackageCache\com.unity.collab-proxy@0b1559bcd34e)
    com.unity.ide.rider@3.0.38 (location: C:\Users\STEEP\Documents\game\phase4_reconstruction\Unity6Project\Library\PackageCache\com.unity.ide.rider@1f60b3138684)
    com.unity.ide.visualstudio@2.0.26 (location: C:\Users\STEEP\Documents\game\phase4_reconstruction\Unity6Project\Library\PackageCache\com.unity.ide.visualstudio@a99d56dec63f)
    com.unity.purchasing@4.15.1 (location: C:\Users\STEEP\Documents\game\phase4_reconstruction\Unity6Project\Library\PackageCache\com.unity.purchasing@265595791a69)
    com.unity.timeline@1.8.12 (location: C:\Users\STEEP\Documents\game\phase4_reconstruction\Unity6Project\Library\PackageCache\com.unity.timeline@8cd8509afae5)
    com.unity.xr.legacyinputhelpers@3.0.1 (location: C:\Users\STEEP\Documents\game\phase4_reconstruction\Unity6Project\Library\PackageCache\com.unity.xr.legacyinputhelpers@3f62d634f63b)
    com.unity.services.core@1.18.0 (location: C:\Users\STEEP\Documents\game\phase4_reconstruction\Unity6Project\Library\PackageCache\com.unity.services.core@3464cb68d709)
    com.unity.services.analytics@6.3.0 (location: C:\Users\STEEP\Documents\game\phase4_reconstruction\Unity6Project\Library\PackageCache\com.unity.services.analytics@cde4e6cf92f9)
    com.unity.nuget.newtonsoft-json@3.2.2 (location: C:\Users\STEEP\Documents\game\phase4_reconstruction\Unity6Project\Library\PackageCache\com.unity.nuget.newtonsoft-json@4dfd81071c64)
  Built-in packages:
    com.unity.2d.sprite@1.0.0 (location: C:\Users\STEEP\Documents\game\phase4_reconstruction\Unity6Project\Library\PackageCache\com.unity.2d.sprite@053a968eab56)
    com.unity.2d.tilemap@1.0.0 (location: C:\Users\STEEP\Documents\game\phase4_reconstruction\Unity6Project\Library\PackageCache\com.unity.2d.tilemap@592c6ccaefe1)
    com.unity.multiplayer.center@1.0.1 (location: C:\Users\STEEP\Documents\game\phase4_reconstruction\Unity6Project\Library\PackageCache\com.unity.multiplayer.center@b860850997d0)
    com.unity.test-framework@1.7.0 (location: C:\Users\STEEP\Documents\game\phase4_reconstruction\Unity6Project\Library\PackageCache\com.unity.test-framework@1405238725ab)
    com.unity.ugui@2.5.0 (location: C:\Users\STEEP\Documents\game\phase4_reconstruction\Unity6Project\Library\PackageCache\com.unity.ugui@377fd60ad87b)
    com.unity.modules.accessibility@1.0.0 (location: C:\Users\STEEP\Documents\game\phase4_reconstruction\Unity6Project\Library\PackageCache\com.unity.modules.accessibility)
    com.unity.modules.adaptiveperformance@1.0.0 (location: C:\Users\STEEP\Documents\game\phase4_reconstruction\Unity6Project\Library\PackageCache\com.unity.modules.adaptiveperformance)
    com.unity.modules.ai@1.0.0 (location: C:\Users\STEEP\Documents\game\phase4_reconstruction\Unity6Project\Library\PackageCache\com.unity.modules.ai)
    com.unity.modules.androidjni@1.0.0 (location: C:\Users\STEEP\Documents\game\phase4_reconstruction\Unity6Project\Library\PackageCache\com.unity.modules.androidjni)
    com.unity.modules.animation@1.0.0 (location: C:\Users\STEEP\Documents\game\phase4_reconstruction\Unity6Project\Library\PackageCache\com.unity.modules.animation)
    com.unity.modules.assetbundle@1.0.0 (location: C:\Users\STEEP\Documents\game\phase4_reconstruction\Unity6Project\Library\PackageCache\com.unity.modules.assetbundle)
    com.unity.modules.audio@1.0.0 (location: C:\Users\STEEP\Documents\game\phase4_reconstruction\Unity6Project\Library\PackageCache\com.unity.modules.audio)
    com.unity.modules.cloth@1.0.0 (location: C:\Users\STEEP\Documents\game\phase4_reconstruction\Unity6Project\Library\PackageCache\com.unity.modules.cloth)
    com.unity.modules.director@1.0.0 (location: C:\Users\STEEP\Documents\game\phase4_reconstruction\Unity6Project\Library\PackageCache\com.unity.modules.director)
    com.unity.modules.imageconversion@1.0.0 (location: C:\Users\STEEP\Documents\game\phase4_reconstruction\Unity6Project\Library\PackageCache\com.unity.modules.imageconversion)
    com.unity.modules.imgui@1.0.0 (location: C:\Users\STEEP\Documents\game\phase4_reconstruction\Unity6Project\Library\PackageCache\com.unity.modules.imgui)
    com.unity.modules.jsonserialize@1.0.0 (location: C:\Users\STEEP\Documents\game\phase4_reconstruction\Unity6Project\Library\PackageCache\com.unity.modules.jsonserialize)
    com.unity.modules.particlesystem@1.0.0 (location: C:\Users\STEEP\Documents\game\phase4_reconstruction\Unity6Project\Library\PackageCache\com.unity.modules.particlesystem)
    com.unity.modules.physics@1.0.0 (location: C:\Users\STEEP\Documents\game\phase4_reconstruction\Unity6Project\Library\PackageCache\com.unity.modules.physics)
    com.unity.modules.physics2d@1.0.0 (location: C:\Users\STEEP\Documents\game\phase4_reconstruction\Unity6Project\Library\PackageCache\com.unity.modules.physics2d)
    com.unity.modules.physicscore2d@1.0.0 (location: C:\Users\STEEP\Documents\game\phase4_reconstruction\Unity6Project\Library\PackageCache\com.unity.modules.physicscore2d)
    com.unity.modules.screencapture@1.0.0 (location: C:\Users\STEEP\Documents\game\phase4_reconstruction\Unity6Project\Library\PackageCache\com.unity.modules.screencapture)
    com.unity.modules.terrain@1.0.0 (location: C:\Users\STEEP\Documents\game\phase4_reconstruction\Unity6Project\Library\PackageCache\com.unity.modules.terrain)
    com.unity.modules.terrainphysics@1.0.0 (location: C:\Users\STEEP\Documents\game\phase4_reconstruction\Unity6Project\Library\PackageCache\com.unity.modules.terrainphysics)
    com.unity.modules.tilemap@1.0.0 (location: C:\Users\STEEP\Documents\game\phase4_reconstruction\Unity6Project\Library\PackageCache\com.unity.modules.tilemap)
    com.unity.modules.ui@1.0.0 (location: C:\Users\STEEP\Documents\game\phase4_reconstruction\Unity6Project\Library\PackageCache\com.unity.modules.ui)
    com.unity.modules.uielements@1.0.0 (location: C:\Users\STEEP\Documents\game\phase4_reconstruction\Unity6Project\Library\PackageCache\com.unity.modules.uielements)
    com.unity.modules.umbra@1.0.0 (location: C:\Users\STEEP\Documents\game\phase4_reconstruction\Unity6Project\Library\PackageCache\com.unity.modules.umbra)
    com.unity.modules.unityanalytics@1.0.0 (location: C:\Users\STEEP\Documents\game\phase4_reconstruction\Unity6Project\Library\PackageCache\com.unity.modules.unityanalytics)
    com.unity.modules.unitywebrequest@1.0.0 (location: C:\Users\STEEP\Documents\game\phase4_reconstruction\Unity6Project\Library\PackageCache\com.unity.modules.unitywebrequest)
    com.unity.modules.unitywebrequestassetbundle@1.0.0 (location: C:\Users\STEEP\Documents\game\phase4_reconstruction\Unity6Project\Library\PackageCache\com.unity.modules.unitywebrequestassetbundle)
    com.unity.modules.unitywebrequestaudio@1.0.0 (location: C:\Users\STEEP\Documents\game\phase4_reconstruction\Unity6Project\Library\PackageCache\com.unity.modules.unitywebrequestaudio)
    com.unity.modules.unitywebrequesttexture@1.0.0 (location: C:\Users\STEEP\Documents\game\phase4_reconstruction\Unity6Project\Library\PackageCache\com.unity.modules.unitywebrequesttexture)
    com.unity.modules.unitywebrequestwww@1.0.0 (location: C:\Users\STEEP\Documents\game\phase4_reconstruction\Unity6Project\Library\PackageCache\com.unity.modules.unitywebrequestwww)
    com.unity.modules.vectorgraphics@1.0.0 (location: C:\Users\STEEP\Documents\game\phase4_reconstruction\Unity6Project\Library\PackageCache\com.unity.modules.vectorgraphics)
    com.unity.modules.vehicles@1.0.0 (location: C:\Users\STEEP\Documents\game\phase4_reconstruction\Unity6Project\Library\PackageCache\com.unity.modules.vehicles)
    com.unity.modules.video@1.0.0 (location: C:\Users\STEEP\Documents\game\phase4_reconstruction\Unity6Project\Library\PackageCache\com.unity.modules.video)
    com.unity.modules.wind@1.0.0 (location: C:\Users\STEEP\Documents\game\phase4_reconstruction\Unity6Project\Library\PackageCache\com.unity.modules.wind)
    com.unity.modules.xr@1.0.0 (location: C:\Users\STEEP\Documents\game\phase4_reconstruction\Unity6Project\Library\PackageCache\com.unity.modules.xr)
    com.unity.modules.subsystems@1.0.0 (location: C:\Users\STEEP\Documents\game\phase4_reconstruction\Unity6Project\Library\PackageCache\com.unity.modules.subsystems)
    com.unity.modules.hierarchycore@1.0.0 (location: C:\Users\STEEP\Documents\game\phase4_reconstruction\Unity6Project\Library\PackageCache\com.unity.modules.hierarchycore)
    com.unity.ext.nunit@2.1.0 (location: C:\Users\STEEP\Documents\game\phase4_reconstruction\Unity6Project\Library\PackageCache\com.unity.ext.nunit@44f7d31723bd)
[Package Manager] com.unity.purchasing@4.15.1 is deprecated: Unity IAP 4 is unsupported as of June 8, 2026. IAP 5 is the supported version going forward.
[Subsystems] No new subsystems found in resolved package list.
[Package Manager] Done registering packages in 0.01 seconds
Starting: C:\Program Files\Unity\Hub\Editor\6000.5.3f1\Editor\Data\Tools\BuildPipeline\bee_backend.exe --ipc --defer-dag-verification --dagfile="Library/Bee/1900b0aE.dag" --continue-on-failure --profile="Library/Bee/backend1.traceevents" ScriptAssemblies
WorkingDir: C:/Users/STEEP/Documents/game/phase4_reconstruction/Unity6Project
DisplayProgressbar: Compiling Scripts
ExitCode: 0 Duration: 0s150ms
*** Tundra build success (0.12 seconds), 0 items updated, 718 evaluated
AssetDatabase: script compilation time: 0.479687s
Total cache size 38751212
Total cache size after purge 38751212, took 00:00:00.0596991
Begin MonoManager ReloadAssembly
OnLevelWasLoaded was found on ScreenFader
This message has been deprecated and will be removed in a later version of Unity.
Add a delegate to SceneManager.sceneLoaded instead to get notifications after scene loading has completed
OnLevelWasLoaded was found on Localize
This message has been deprecated and will be removed in a later version of Unity.
Add a delegate to SceneManager.sceneLoaded instead to get notifications after scene loading has completed
OnLevelWasLoaded was found on UghCamera
This message has been deprecated and will be removed in a later version of Unity.
Add a delegate to SceneManager.sceneLoaded instead to get notifications after scene loading has completed
Refreshing native plugins compatible for Editor in 2.48 ms, found 3 plugins.
OnLevelWasLoaded was found on UghCamera
This message has been deprecated and will be removed in a later version of Unity.
Add a delegate to SceneManager.sceneLoaded instead to get notifications after scene loading has completed
OnLevelWasLoaded was found on Localize
This message has been deprecated and will be removed in a later version of Unity.
Add a delegate to SceneManager.sceneLoaded instead to get notifications after scene loading has completed
OnLevelWasLoaded was found on ScreenFader
This message has been deprecated and will be removed in a later version of Unity.
Add a delegate to SceneManager.sceneLoaded instead to get notifications after scene loading has completed
Native extension for Android target not found
Native extension for WindowsStandalone target not found
Native extension for WebGL target not found
ScheduleIndexationOnStartup MainProcess:True IndexOnStartup:True
Mono: successfully reloaded assembly
- Finished resetting the current domain, in  0.617 seconds
Domain Reload Profiling: 1275ms
	BeginReloadAssembly (196ms)
		DisableScriptedObjects (63ms)
		CreateAndSetChildDomain (29ms)
	RebuildCommonClasses (6ms)
	RebuildNativeTypeToScriptingClass (13ms)
	initialDomainReloadingComplete (47ms)
	LoadAllAssembliesAndSetupDomain (395ms)
		LoadAssemblies (264ms)
		AnalyzeDomain (113ms)
			TypeCache.Refresh (82ms)
				TypeCache.ScanAssembly (71ms)
			BuildScriptInfoCaches (28ms)
	FinalizeReload (618ms)
		SetupLoadedEditorAssemblies (0ms)
			InitializePlatformSupportModulesInManaged (7ms)
			BeforeProcessingInitializeOnLoad (67ms)
			ProcessInitializeOnLoadAttributes (224ms)
			ProcessInitializeOnLoadMethodAttributes (186ms)
			AfterProcessingInitializeOnLoad (5ms)
		AwakeInstancesAfterBackupRestoration (16ms)
Starting new worker id: 0 with log in C:/Users/STEEP/Documents/game/phase4_reconstruction/Unity6Project/Logs/AssetImportWorkerHW0.log

Asset Pipeline Refresh (id=c392f1ce4e65e7e42936487d6956ea3c): Total: 2.203 seconds - Initiated by InitialRefreshV2(ForceSynchronousImport)
	(Values over 0.05ms)
	Summary:
		Imports: total=0 (actual=0, local cache=0, cache server=0)
		Asset DB Process Time: managed=0 ms, native=952 ms
		Asset DB Callback time: managed=15 ms, native=15 ms
		Scripting: domain reloads=1, domain reload time=704 ms, compile time=481 ms, other=33 ms
		Project Asset Count: scripts=852, non-scripts=3656
		Asset File Changes: new=0, changed=0, moved=0, deleted=0
		Scan Filter Count: 0
	InvokePackagesCallback: 16.886ms
	ApplyChangesToAssetFolders: 0.521ms
	Scan: 132.150ms
	Collect global state as custom dependencies: 0.707ms
	CategorizeScriptCompilationAssets: 16.995ms
	ProcessAssetsWithTransientArtifactChanges: 38.161ms
	CategorizeAssets: 23.804ms
	CompileScripts: 481.412ms
	ImportOutOfDateAssets: 658.081ms (630.261ms without children)
		UnloadImportedAssets: 0.103ms
		EnsureUptoDateAssetsAreRegisteredWithGuidPM: 0.447ms
		ImportSchedulerStart: 27.265ms
	PostProcessAllAssets: 15.439ms
		MonoPostProcessAllAssets: 15.357ms
			WindowAssetPostprocessingWatcher.OnPostprocessAllAssets 5.711ms
			EditModeScopePostprocessor.OnPostprocessAllAssets 0.855ms
			SpeedTree9Postprocessor.OnPostprocessAllAssets 0.661ms
			ReferencedClipsPostProcessor.OnPostprocessAllAssets 0.215ms
			TerrainToolbarOverlayPostProcessor.OnPostprocessAllAssets 0.167ms
			AssetDatabaseCallbacks.OnPostprocessAllAssets 0.129ms
			SyncVS.PostprocessSyncProject 0.105ms
			RenderPipelineGlobalSettingsPostprocessor.OnPostprocessAllAssets 0.070ms
	UnloadStreamsBegin: 1.795ms
	PersistCurrentRevisions: 0.254ms
	GenerateScriptTypeHashes: 1.767ms
	GenerateScriptTypeSerializationHashes: 3.394ms
	Untracked: 810.010ms

Application.AssetDatabase Initial Refresh End
Launched and connected shader compiler UnityShaderCompiler.exe after 0.01 seconds
Scanning for USB devices : 0.733ms
Initializing Unity extensions:
[MODES] ModeService[none].Initialize
[MODES] ModeService[none].LoadModes
[MODES] Loading mode Default (0) for mode-current-id-Speedway
Unloading 12 Unused Serialized files (Serialized files now loaded: 0)
Unloading 3491 unused Assets / (4.0 MB). Loaded Objects now: 4116.
Memory consumption went from 280.7 MB to 276.7 MB.
Total: 10.520400 ms (FindLiveObjects: 0.367200 ms CreateObjectMapping: 1.206600 ms MarkObjects: 6.682100 ms  DeleteObjects: 2.258800 ms)

[ServicesCore]: To use Unity's dashboard services, you need to link your Unity project to a project ID. To do this, go to Project Settings to select your organization, select your project and then link a project ID. You also need to make sure your organization has access to the required products. Visit https://dashboard.unity3d.com to sign up.
UnityEngine.Debug:ExtractStackTraceNoAlloc (byte*,int,string)
UnityEngine.StackTraceUtility:ExtractStackTrace ()
UnityEngine.DebugLogHandler:Internal_Log (UnityEngine.LogType,UnityEngine.LogOption,string,UnityEngine.Object)
UnityEngine.DebugLogHandler:LogFormat (UnityEngine.LogType,UnityEngine.Object,string,object[])
UnityEngine.Logger:LogWarning (string,object)
Unity.Services.Core.Internal.CoreLogger:LogWarning (object) (at ./Library/PackageCache/com.unity.services.core@3464cb68d709/Runtime/Core.Internal/Logging/CoreLogger.cs:15)
Unity.Services.Core.Editor.ProjectUnlinkBuildWarning:OnPreprocessBuild (UnityEditor.Build.Reporting.BuildReport) (at ./Library/PackageCache/com.unity.services.core@3464cb68d709/Editor/Core/Build/ProjectUnlinkBuildWarning.cs:29)
UnityEditor.Build.BuildPipelineInterfaces/<>c__DisplayClass17_0:<OnBuildPreProcess>b__1 (UnityEditor.Build.IPreprocessBuildWithReport)
UnityEditor.Build.BuildPipelineInterfaces:InvokeCallbackInterfacesPair<UnityEditor.Build.IPreprocessBuild, UnityEditor.Build.IPreprocessBuildWithReport> (System.Collections.Generic.List`1<UnityEditor.Build.IPreprocessBuild>,System.Action`1<UnityEditor.Build.IPreprocessBuild>,System.Collections.Generic.List`1<UnityEditor.Build.IPreprocessBuildWithReport>,System.Action`1<UnityEditor.Build.IPreprocessBuildWithReport>,bool)
UnityEditor.Build.BuildPipelineInterfaces:OnBuildPreProcess (UnityEditor.Build.Reporting.BuildReport)
UnityEditor.BuildPipeline:BuildPlayerInternal (string[],string,string,UnityEditor.BuildTargetGroup,UnityEditor.BuildTarget,int,UnityEditor.BuildOptions,string[],string[],bool)
UnityEditor.BuildPipeline:BuildPlayer (UnityEditor.BuildPlayerOptions)
AndroidPhase6Builder:Build (string,bool) (at Assets/Editor/AndroidPhase6Builder.cs:32)
AndroidPhase6Builder:BuildApk () (at Assets/Editor/AndroidPhase6Builder.cs:9)

(Filename: ./Library/PackageCache/com.unity.services.core@3464cb68d709/Editor/Core/Build/ProjectUnlinkBuildWarning.cs Line: 29)

AcceleratorClientConnectionCallback - disconnected - :0
Importing 'GUID: 0000000000000000a100000000000000 - Path: ProjectSettings/UnityConnectSettings.asset' with importer (LibraryAssetImporter)
Imported 'GUID: 0000000000000000a100000000000000' -> (Import Result ID: '82ae1d67ff1da9bf5cb14a6b877a900b') in 0.003 seconds [static dependencies only]. Details - ImportResultOutputID=1989c27f310e62ee2c72d63f16a698d0 DependenciesID=93f923ab64baa3a5983994274190eda3 StaticDependenciesID=554a138aac23664bd4369c6faf604df5 
Refreshing native plugins compatible for Editor in 2.96 ms, found 3 plugins.
Asset Pipeline Refresh (id=d87aede8caaea5c4fbb542714753b02f): Total: 0.107 seconds - Initiated by StopAssetImportingV2(NoUpdateAssetOptions)
DisplayProgressbar: Checking prerequisites
Reporting tool paths:
 JDK: 'C:\Program Files\Unity\Hub\Editor\6000.5.3f1\Editor\Data\PlaybackEngines\AndroidPlayer\OpenJDK'
 Android SDK: 'C:\Program Files\Unity\Hub\Editor\6000.5.3f1\Editor\Data\PlaybackEngines\AndroidPlayer\SDK'
 Android NDK: 'C:\Program Files\Unity\Hub\Editor\6000.5.3f1\Editor\Data\PlaybackEngines\AndroidPlayer\NDK'
 Gradle: 'C:\Program Files\Unity\Hub\Editor\6000.5.3f1\Editor\Data\PlaybackEngines\AndroidPlayer\Tools\gradle' (Gradle Version: '9.1.0' Android Plugin Version: '9.0.0')
Android PostProcess task "Checking prerequisites" took 43,2784 ms
DisplayProgressbar: Detect Java Development Kit (JDK)
Android PostProcess task "Detect Java Development Kit (JDK)" took 196,5912 ms
DisplayProgressbar: Detecting Android SDK
Worker ready: AssetImportWorkerHW0 0
AndroidSDKTools:

	root          : C:\Program Files\Unity\Hub\Editor\6000.5.3f1\Editor\Data\PlaybackEngines\AndroidPlayer\SDK
	cmdline-tools : C:\Program Files\Unity\Hub\Editor\6000.5.3f1\Editor\Data\PlaybackEngines\AndroidPlayer\SDK\cmdline-tools\16.0
	platform-tools: C:\Program Files\Unity\Hub\Editor\6000.5.3f1\Editor\Data\PlaybackEngines\AndroidPlayer\SDK\platform-tools
	build-tools   : C:\Program Files\Unity\Hub\Editor\6000.5.3f1\Editor\Data\PlaybackEngines\AndroidPlayer\SDK\build-tools\36.0.0

	adb           : C:\Program Files\Unity\Hub\Editor\6000.5.3f1\Editor\Data\PlaybackEngines\AndroidPlayer\SDK\platform-tools\adb.exe

Android PostProcess task "Detecting Android SDK" took 4207,7844 ms
DisplayProgressbar: Detect Android NDK
Android PostProcess task "Detect Android NDK" took 1,6846 ms
Android PostProcess task "Trying to find a suitable Android device" took 0,9546 ms
DisplayProgressbar: Check resources
Android PostProcess task "Check resources" took 0,26 ms
DisplayProgressbar: Check Android Player Settings
Android PostProcess task "Check Android Player Settings" took 2,0605 ms
Starting: C:\Program Files\Unity\Hub\Editor\6000.5.3f1\Editor\Data\Tools\BuildPipeline\bee_backend.exe --ipc --defer-dag-verification --dagfile="Library/Bee/1900b0aESkipCompile.dag" --continue-on-failure --profile="Library/Bee/backend1.traceevents" ScriptAssembliesAndTypeDB
WorkingDir: C:/Users/STEEP/Documents/game/phase4_reconstruction/Unity6Project
ExitCode: 4 Duration: 0s32ms
[             ] Require frontend run.  Library/Bee/1900b0aESkipCompile.dag couldn't be loaded
DisplayProgressbar: Compiling Scripts
Starting: C:\Program Files\Unity\Hub\Editor\6000.5.3f1\Editor\Data\netcorerun\netcorerun.exe "C:\Program Files\Unity\Hub\Editor\6000.5.3f1\Editor\Data\Tools\BuildPipeline\ScriptCompilationBuildProgram.exe" "Library/Bee/1900b0aESkipCompile.dag.json" "Library/Bee/1900b0aESkipCompile-inputdata.json" "Library\Bee\buildprogram0.traceevents"
WorkingDir: C:/Users/STEEP/Documents/game/phase4_reconstruction/Unity6Project
ExitCode: 0 Duration: 0s147ms
Starting: C:\Program Files\Unity\Hub\Editor\6000.5.3f1\Editor\Data\Tools\BuildPipeline\bee_backend.exe --ipc --defer-dag-verification --dagfile="Library/Bee/1900b0aESkipCompile.dag" --continue-on-failure --dagfilejson="Library\Bee\1900b0aESkipCompile.dag.json" --profile="Library/Bee/backend2.traceevents" ScriptAssembliesAndTypeDB
WorkingDir: C:/Users/STEEP/Documents/game/phase4_reconstruction/Unity6Project
ExitCode: 0 Duration: 0s826ms
Finished compiling graph: 4 nodes, 5 flattened edges (5 ToBuild, 0 ToUse), maximum node priority 3
[2/3        0s] BuildPlayerDataGenerator Library/BuildPlayerData/Editor/TypeDb-All.json
*** Tundra build success (0.81 seconds), 1 items updated, 3 evaluated
Asset Pipeline Refresh (id=b74568f81ea9c84438b1b11662ffb10a): Total: 0.012 seconds - Initiated by RefreshV2(NoUpdateAssetOptions)
[ScriptCompilation] Requested script compilation because: Recompiling scripts for player build.
BuildPlayer: start building target 13
Total cache size 38751212
Total cache size after purge 38751212, took 00:00:00.0616101
Starting: C:\Program Files\Unity\Hub\Editor\6000.5.3f1\Editor\Data\Tools\BuildPipeline\bee_backend.exe --ipc --defer-dag-verification --dagfile="Library/Bee/1300b0aP.dag" --continue-on-failure --profile="Library/Bee/backend1.traceevents" ScriptAssembliesAndTypeDB
WorkingDir: C:/Users/STEEP/Documents/game/phase4_reconstruction/Unity6Project
ExitCode: 4 Duration: 0s25ms
[             ] Require frontend run.  Library/Bee/1300b0aP.dag couldn't be loaded
Starting: C:\Program Files\Unity\Hub\Editor\6000.5.3f1\Editor\Data\netcorerun\netcorerun.exe "C:\Program Files\Unity\Hub\Editor\6000.5.3f1\Editor\Data\Tools\BuildPipeline\ScriptCompilationBuildProgram.exe" "Library/Bee/1300b0aP.dag.json" "Library/Bee/1300b0aP-inputdata.json" "Library\Bee\buildprogram0.traceevents"
WorkingDir: C:/Users/STEEP/Documents/game/phase4_reconstruction/Unity6Project
ExitCode: 0 Duration: 0s303ms
Starting: C:\Program Files\Unity\Hub\Editor\6000.5.3f1\Editor\Data\Tools\BuildPipeline\bee_backend.exe --ipc --defer-dag-verification --dagfile="Library/Bee/1300b0aP.dag" --continue-on-failure --dagfilejson="Library\Bee\1300b0aP.dag.json" --profile="Library/Bee/backend2.traceevents" ScriptAssembliesAndTypeDB
WorkingDir: C:/Users/STEEP/Documents/game/phase4_reconstruction/Unity6Project
ExitCode: 3 Duration: 9s25ms
Finished compiling graph: 402 nodes, 4484 flattened edges (4008 ToBuild, 72 ToUse), maximum node priority 270
[  1/401    0s] WriteText Library/Bee/artifacts/1300b0aP.dag/UnityEngine.UI.UnityAdditionalFile.txt
[  2/401    0s] MovedFromExtractor Library/Bee/artifacts/mvdfrm/UnityEngine.GraphicsStateCollectionSerializerModule.dll_5A1B3B56820BD9CE.mvfrm
[  3/401    0s] MovedFromExtractor Library/Bee/artifacts/mvdfrm/UnityEngine.VehiclesModule.dll_AD191A69444BD8C3.mvfrm
[  4/401    0s] MovedFromExtractor Library/Bee/artifacts/mvdfrm/UnityEngine.ARModule.dll_E0863F18C0AFDE3D.mvfrm
[  5/401    0s] MovedFromExtractor Library/Bee/artifacts/mvdfrm/UnityEngine.VideoModule.dll_0516A3239D1D46E3.mvfrm
[  6/401    0s] MovedFromExtractor Library/Bee/artifacts/mvdfrm/UnityEngine.dll_4AEB243F8FC0175A.mvfrm
[  7/401    0s] MovedFromExtractor Library/Bee/artifacts/mvdfrm/UnityEngine.AndroidJNIModule.dll_2589E4F0A35CFF32.mvfrm
[  8/401    0s] MovedFromExtractor Library/Bee/artifacts/mvdfrm/UnityEngine.AIModule.dll_27137A1563927F74.mvfrm
[  9/401    0s] MovedFromExtractor Library/Bee/artifacts/mvdfrm/UnityEngine.WindModule.dll_5483A99B8C9BFEB4.mvfrm
[ 10/401    0s] MovedFromExtractor Library/Bee/artifacts/mvdfrm/UnityEngine.AccessibilityModule.dll_1F2E6C768C329826.mvfrm
[ 11/401    0s] MovedFromExtractor Library/Bee/artifacts/mvdfrm/UnityEngine.XRModule.dll_A81801CCEACE57F6.mvfrm
[ 12/401    0s] WriteText Library/Bee/artifacts/1300b0aP.dag/UnityEngine.UI.rsp2
[ 13/401    0s] MovedFromExtractor Library/Bee/artifacts/mvdfrm/UnityEngine.AdaptivePerformanceModule.dll_CB40F5B272D1E132.mvfrm
[ 14/401    0s] MovedFromExtractor Library/Bee/artifacts/mvdfrm/Unity.Scripting.dll_C5EC19E9635D0561.mvfrm
[ 15/401    0s] MovedFromExtractor Library/Bee/artifacts/mvdfrm/UnityEngine.AssetBundleModule.dll_60D8C94CF943F5FA.mvfrm
[ 16/401    0s] MovedFromExtractor Library/Bee/artifacts/mvdfrm/UnityEngine.AnimationModule.dll_6ED53CCC8C13FD4C.mvfrm
[ 17/401    0s] MovedFromExtractor Library/Bee/artifacts/mvdfrm/UnityEngine.ClothModule.dll_46F57BB3B4A80A22.mvfrm
[ 18/401    0s] MovedFromExtractor Library/Bee/artifacts/mvdfrm/UnityEngine.CrashReportingModule.dll_73108E5F8D57B0C3.mvfrm
[ 19/401    0s] MovedFromExtractor Library/Bee/artifacts/mvdfrm/UnityEngine.DirectorModule.dll_355620E9CA220928.mvfrm
[ 20/401    0s] MovedFromExtractor Library/Bee/artifacts/mvdfrm/UnityEngine.GIModule.dll_BF4FC322FF41678E.mvfrm
[ 21/401    0s] MovedFromExtractor Library/Bee/artifacts/mvdfrm/UnityEngine.AudioModule.dll_E00D1EB8DA8B2B3E.mvfrm
[ 22/401    0s] MovedFromExtractor Library/Bee/artifacts/mvdfrm/UnityEngine.DSPGraphModule.dll_3AA782533C82DA49.mvfrm
[ 23/401    0s] MovedFromExtractor Library/Bee/artifacts/mvdfrm/UnityEngine.GridModule.dll_BBA5EA6113BA1642.mvfrm
[ 24/401    0s] MovedFromExtractor Library/Bee/artifacts/mvdfrm/UnityEngine.InsightsModule.dll_CF1CE97A549F58A7.mvfrm
[ 25/401    0s] MovedFromExtractor Library/Bee/artifacts/mvdfrm/UnityEngine.ContentLoadModule.dll_F9EF228DC7C69DE7.mvfrm
[ 26/401    0s] MovedFromExtractor Library/Bee/artifacts/mvdfrm/UnityEngine.HotReloadModule.dll_F01DFAD2674718CE.mvfrm
[ 27/401    0s] MovedFromExtractor Library/Bee/artifacts/mvdfrm/UnityEngine.HierarchyCoreModule.dll_96490950FADFF11C.mvfrm
[ 28/401    0s] MovedFromExtractor Library/Bee/artifacts/mvdfrm/UnityEngine.GameCenterModule.dll_4FD72F0B699DF023.mvfrm
[ 29/401    0s] MovedFromExtractor Library/Bee/artifacts/mvdfrm/UnityEngine.CoreModule.dll_DE34CE72FB65804B.mvfrm
[ 30/401    0s] MovedFromExtractor Library/Bee/artifacts/mvdfrm/UnityEngine.IMGUIModule.dll_186CBE1FA0BCBF1F.mvfrm
[ 31/401    0s] MovedFromExtractor Library/Bee/artifacts/mvdfrm/UnityEngine.IdentifiersModule.dll_39625142BBBCC412.mvfrm
[ 32/401    0s] MovedFromExtractor Library/Bee/artifacts/mvdfrm/UnityEngine.ImageConversionModule.dll_0951CA24446CE819.mvfrm
[ 33/401    0s] MovedFromExtractor Library/Bee/artifacts/mvdfrm/UnityEngine.InputLegacyModule.dll_F21DE46B9135ABEB.mvfrm
[ 34/401    0s] MovedFromExtractor Library/Bee/artifacts/mvdfrm/UnityEngine.JSONSerializeModule.dll_7F45F5B28B6DF8B0.mvfrm
[ 35/401    0s] MovedFromExtractor Library/Bee/artifacts/mvdfrm/UnityEngine.LocalizationModule.dll_0646504485931995.mvfrm
[ 36/401    0s] MovedFromExtractor Library/Bee/artifacts/mvdfrm/UnityEngine.InputModule.dll_4682E66950C34FE2.mvfrm
[ 37/401    0s] MovedFromExtractor Library/Bee/artifacts/mvdfrm/UnityEngine.MarshallingModule.dll_094167E1DD6C234C.mvfrm
[ 38/401    0s] MovedFromExtractor Library/Bee/artifacts/mvdfrm/UnityEngine.InputForUIModule.dll_52898924C9BE8CDF.mvfrm
[ 39/401    0s] MovedFromExtractor Library/Bee/artifacts/mvdfrm/UnityEngine.PerformanceReportingModule.dll_A786BC90B72A200A.mvfrm
[ 40/401    0s] MovedFromExtractor Library/Bee/artifacts/mvdfrm/UnityEngine.MultiplayerModule.dll_E080E5D9B20B8372.mvfrm
[ 41/401    0s] MovedFromExtractor Library/Bee/artifacts/mvdfrm/UnityEngine.ParticleSystemModule.dll_C622D7ABFB693C51.mvfrm
[ 42/401    0s] MovedFromExtractor Library/Bee/artifacts/mvdfrm/UnityEngine.PhysicsBackendPhysXModule.dll_A554DD3F558E23F1.mvfrm
[ 43/401    0s] MovedFromExtractor Library/Bee/artifacts/mvdfrm/UnityEngine.MathematicsModule.dll_85ED77266DBBED2E.mvfrm
[ 44/401    0s] MovedFromExtractor Library/Bee/artifacts/mvdfrm/UnityEngine.Physics2DModule.dll_BB7B2CBD2D10F4E1.mvfrm
[ 45/401    0s] MovedFromExtractor Library/Bee/artifacts/mvdfrm/UnityEngine.PhysicsCore2DModule.dll_0CF24421EAD78D10.mvfrm
[ 46/401    0s] MovedFromExtractor Library/Bee/artifacts/mvdfrm/UnityEngine.RenderAs2DModule.dll_BE4A30CFBBE39E96.mvfrm
[ 47/401    0s] MovedFromExtractor Library/Bee/artifacts/mvdfrm/UnityEngine.RuntimeInitializeOnLoadManagerInitializerModule.dll_94FA4A44EC3DA7AA.mvfrm
[ 48/401    0s] MovedFromExtractor Library/Bee/artifacts/mvdfrm/UnityEngine.PropertiesModule.dll_7D126E49DC89545F.mvfrm
[ 49/401    0s] MovedFromExtractor Library/Bee/artifacts/mvdfrm/UnityEngine.PhysicsModule.dll_A31E2F834EE1C9CF.mvfrm
[ 50/401    0s] MovedFromExtractor Library/Bee/artifacts/mvdfrm/UnityEngine.ScriptingModule.dll_85F695930B9BABFF.mvfrm
[ 51/401    0s] MovedFromExtractor Library/Bee/artifacts/mvdfrm/UnityEngine.ShaderVariantAnalyticsModule.dll_23B66EFB07844432.mvfrm
[ 52/401    0s] MovedFromExtractor Library/Bee/artifacts/mvdfrm/UnityEngine.ScreenCaptureModule.dll_992DA3379FDA2512.mvfrm
[ 53/401    0s] MovedFromExtractor Library/Bee/artifacts/mvdfrm/UnityEngine.SpriteMaskModule.dll_3903A19B8B0D859D.mvfrm
[ 54/401    0s] MovedFromExtractor Library/Bee/artifacts/mvdfrm/UnityEngine.SpriteShapeModule.dll_7A39F6A7AEE62E04.mvfrm
[ 55/401    0s] MovedFromExtractor Library/Bee/artifacts/mvdfrm/UnityEngine.SharedInternalsModule.dll_8D6308F9BB9AE369.mvfrm
[ 56/401    0s] MovedFromExtractor Library/Bee/artifacts/mvdfrm/UnityEngine.SubsystemsModule.dll_A3B107FD59556DB0.mvfrm
[ 57/401    0s] MovedFromExtractor Library/Bee/artifacts/mvdfrm/UnityEngine.SubstanceModule.dll_00153E6626EEB298.mvfrm
[ 58/401    0s] MovedFromExtractor Library/Bee/artifacts/mvdfrm/UnityEngine.StreamingModule.dll_236A2A1CDB9BB48A.mvfrm
[ 59/401    0s] MovedFromExtractor Library/Bee/artifacts/mvdfrm/UnityEngine.TerrainPhysicsModule.dll_C69D807F14AC36DE.mvfrm
[ 60/401    0s] MovedFromExtractor Library/Bee/artifacts/mvdfrm/UnityEngine.TLSModule.dll_AEFAFF107A5A8EE3.mvfrm
[ 61/401    0s] MovedFromExtractor Library/Bee/artifacts/mvdfrm/UnityEngine.U2DRuntimeModule.dll_748D58C429B0E3BD.mvfrm
[ 62/401    0s] MovedFromExtractor Library/Bee/artifacts/mvdfrm/UnityEngine.TextCoreFontEngineModule.dll_37D534F8E849E169.mvfrm
[ 63/401    0s] MovedFromExtractor Library/Bee/artifacts/mvdfrm/UnityEngine.TextRenderingModule.dll_C26D15425711A507.mvfrm
[ 64/401    0s] MovedFromExtractor Library/Bee/artifacts/mvdfrm/UnityEngine.UmbraModule.dll_5AE1CAD167B1D6B1.mvfrm
[ 65/401    0s] MovedFromExtractor Library/Bee/artifacts/mvdfrm/UnityEngine.TilemapModule.dll_5C6112733C5CF3C6.mvfrm
[ 66/401    0s] MovedFromExtractor Library/Bee/artifacts/mvdfrm/UnityEngine.TerrainModule.dll_BD64AAF224A012BD.mvfrm
[ 67/401    0s] MovedFromExtractor Library/Bee/artifacts/mvdfrm/UnityEngine.UIModule.dll_22871842BFD98520.mvfrm
[ 68/401    0s] MovedFromExtractor Library/Bee/artifacts/mvdfrm/UnityEngine.TextCoreTextEngineModule.dll_7FBD6B6A77CD9A87.mvfrm
[ 69/401    0s] WriteText Library/Bee/artifacts/1300b0aP.dag/UnityEngine.UI.dll.mvfrm.rsp
[ 70/401    0s] WriteText Library/Bee/artifacts/1300b0aP.dag/UnityEngine.UI.rsp
[ 71/401    0s] WriteText Library/Bee/artifacts/1300b0aP.dag/Unity.Services.Core.UnityAdditionalFile.txt
[ 72/401    0s] WriteText Library/Bee/artifacts/1300b0aP.dag/Unity.Services.Core.rsp2
[ 73/401    0s] WriteText Library/Bee/artifacts/1300b0aP.dag/Unity.Services.Core.dll.mvfrm.rsp
[ 74/401    0s] WriteText Library/Bee/artifacts/1300b0aP.dag/Unity.Services.Core.rsp
[ 75/401    0s] WriteText Library/Bee/artifacts/1300b0aP.dag/Unity.Services.Core.Internal.rsp2
[ 76/401    0s] WriteText Library/Bee/artifacts/1300b0aP.dag/Unity.Services.Core.Internal.UnityAdditionalFile.txt
[ 77/401    0s] WriteText Library/Bee/artifacts/1300b0aP.dag/Unity.Services.Core.Internal.dll.mvfrm.rsp
[ 78/401    0s] WriteText Library/Bee/artifacts/1300b0aP.dag/Unity.Services.Core.Internal.rsp
[ 79/401    0s] WriteText Library/Bee/artifacts/1300b0aP.dag/Purchasing.Common.rsp2
[ 80/401    0s] WriteText Library/Bee/artifacts/1300b0aP.dag/Purchasing.Common.UnityAdditionalFile.txt
[ 81/401    0s] WriteText Library/Bee/artifacts/1300b0aP.dag/Unity.Services.Core.Environments.UnityAdditionalFile.txt
[ 82/401    0s] WriteText Library/Bee/artifacts/1300b0aP.dag/Unity.Services.Core.Environments.rsp2
[ 83/401    0s] WriteText Library/Bee/artifacts/1300b0aP.dag/UnityEngine.Purchasing.SecurityCore.rsp2
[ 84/401    0s] WriteText Library/Bee/artifacts/1300b0aP.dag/UnityEngine.Purchasing.SecurityCore.UnityAdditionalFile.txt
[ 85/401    0s] WriteText Library/Bee/artifacts/1300b0aP.dag/Purchasing.Common.dll.mvfrm.rsp
[ 86/401    0s] WriteText Library/Bee/artifacts/1300b0aP.dag/Unity.Services.Core.Environments.dll.mvfrm.rsp
[ 87/401    0s] WriteText Library/Bee/artifacts/1300b0aP.dag/Unity.Services.Analytics.rsp2
[ 88/401    0s] WriteText Library/Bee/artifacts/1300b0aP.dag/Unity.Services.Analytics.UnityAdditionalFile.txt
[ 89/401    0s] WriteText Library/Bee/artifacts/1300b0aP.dag/Purchasing.Common.rsp
[ 90/401    0s] WriteText Library/Bee/artifacts/1300b0aP.dag/Unity.Services.Core.Environments.rsp
[ 91/401    0s] WriteText Library/Bee/artifacts/1300b0aP.dag/Unity.Services.Analytics.dll.mvfrm.rsp
[ 92/401    0s] WriteText Library/Bee/artifacts/1300b0aP.dag/UnityEngine.Purchasing.SecurityCore.dll.mvfrm.rsp
[ 93/401    0s] WriteText Library/Bee/artifacts/1300b0aP.dag/UnityEngine.Purchasing.SecurityCore.rsp
[ 94/401    0s] WriteText Library/Bee/artifacts/1300b0aP.dag/Unity.Services.Analytics.rsp
[ 95/401    0s] WriteText Library/Bee/artifacts/1300b0aP.dag/UnityEngine.Purchasing.AppleCore.UnityAdditionalFile.txt
[ 96/401    0s] WriteText Library/Bee/artifacts/1300b0aP.dag/UnityEngine.Purchasing.AppleCore.rsp2
[ 97/401    0s] WriteText Library/Bee/artifacts/1300b0aP.dag/UnityEngine.Purchasing.WinRTCore.rsp2
[ 98/401    0s] WriteText Library/Bee/artifacts/1300b0aP.dag/UnityEngine.Purchasing.WinRTCore.UnityAdditionalFile.txt
[ 99/401    0s] WriteText Library/Bee/artifacts/1300b0aP.dag/UnityEngine.Purchasing.AppleCore.dll.mvfrm.rsp
[100/401    0s] WriteText Library/Bee/artifacts/1300b0aP.dag/UnityEngine.Purchasing.AppleCore.rsp
[101/401    0s] WriteText Library/Bee/artifacts/1300b0aP.dag/UnityEngine.Purchasing.WinRTCore.dll.mvfrm.rsp
[102/401    0s] WriteText Library/Bee/artifacts/1300b0aP.dag/UnityEngine.Purchasing.rsp2
[103/401    0s] WriteText Library/Bee/artifacts/1300b0aP.dag/UnityEngine.Purchasing.UnityAdditionalFile.txt
[104/401    0s] WriteText Library/Bee/artifacts/1300b0aP.dag/UnityEngine.Purchasing.WinRTCore.rsp
[105/401    0s] WriteText Library/Bee/artifacts/1300b0aP.dag/UnityEngine.Purchasing.Security.rsp2
[106/401    0s] WriteText Library/Bee/artifacts/1300b0aP.dag/UnityEngine.Purchasing.Security.UnityAdditionalFile.txt
[107/401    0s] WriteText Library/Bee/artifacts/1300b0aP.dag/UnityEngine.Purchasing.dll.mvfrm.rsp
[108/401    0s] WriteText Library/Bee/artifacts/1300b0aP.dag/UnityEngine.Purchasing.Security.dll.mvfrm.rsp
[109/401    0s] WriteText Library/Bee/artifacts/1300b0aP.dag/UnityEngine.Purchasing.rsp
[110/401    0s] WriteText Library/Bee/artifacts/1300b0aP.dag/UnityEngine.Purchasing.WinRTStub.rsp2
[111/401    0s] WriteText Library/Bee/artifacts/1300b0aP.dag/UnityEngine.Purchasing.WinRTStub.UnityAdditionalFile.txt
[112/401    0s] WriteText Library/Bee/artifacts/1300b0aP.dag/UnityEngine.Purchasing.AppleMacosStub.UnityAdditionalFile.txt
[113/401    0s] WriteText Library/Bee/artifacts/1300b0aP.dag/UnityEngine.Purchasing.AppleMacosStub.rsp2
[114/401    0s] WriteText Library/Bee/artifacts/1300b0aP.dag/UnityEngine.Purchasing.Security.rsp
[115/401    0s] WriteText Library/Bee/artifacts/1300b0aP.dag/UnityEngine.Purchasing.AppleStub.UnityAdditionalFile.txt
[116/401    0s] WriteText Library/Bee/artifacts/1300b0aP.dag/UnityEngine.Purchasing.AppleStub.rsp2
[117/401    0s] WriteText Library/Bee/artifacts/1300b0aP.dag/UnityEngine.Purchasing.AppleMacosStub.dll.mvfrm.rsp
[118/401    0s] WriteText Library/Bee/artifacts/1300b0aP.dag/UnityEngine.Purchasing.AppleStub.dll.mvfrm.rsp
[119/401    0s] WriteText Library/Bee/artifacts/1300b0aP.dag/UnityEngine.Purchasing.WinRTStub.dll.mvfrm.rsp
[120/401    0s] WriteText Library/Bee/artifacts/1300b0aP.dag/UnityEngine.Purchasing.WinRTStub.rsp
[121/401    0s] WriteText Library/Bee/artifacts/1300b0aP.dag/UnityEngine.Purchasing.AppleMacosStub.rsp
[122/401    0s] WriteText Library/Bee/artifacts/1300b0aP.dag/UnityEngine.Purchasing.AppleStub.rsp
[123/401    0s] WriteText Library/Bee/artifacts/1300b0aP.dag/UnityEngine.Purchasing.Stores.UnityAdditionalFile.txt
[124/401    0s] WriteText Library/Bee/artifacts/1300b0aP.dag/UnityEngine.SpatialTracking.UnityAdditionalFile.txt
[125/401    0s] WriteText Library/Bee/artifacts/1300b0aP.dag/UnityEngine.SpatialTracking.rsp2
[126/401    0s] WriteText Library/Bee/artifacts/1300b0aP.dag/Unity.InternalAPIEngineBridge.004.rsp2
[127/401    0s] WriteText Library/Bee/artifacts/1300b0aP.dag/Unity.InternalAPIEngineBridge.004.UnityAdditionalFile.txt
[128/401    0s] WriteText Library/Bee/artifacts/1300b0aP.dag/UnityEngine.Purchasing.Stores.rsp2
[129/401    0s] WriteText Library/Bee/artifacts/1300b0aP.dag/UnityEngine.Purchasing.Stores.dll.mvfrm.rsp
[130/401    0s] WriteText Library/Bee/artifacts/1300b0aP.dag/Unity.InternalAPIEngineBridge.004.dll.mvfrm.rsp
[131/401    0s] WriteText Library/Bee/artifacts/1300b0aP.dag/UnityEngine.SpatialTracking.dll.mvfrm.rsp
[132/401    0s] WriteText Library/Bee/artifacts/1300b0aP.dag/Unity.InternalAPIEngineBridge.004.rsp
[133/401    0s] WriteText Library/Bee/artifacts/1300b0aP.dag/UnityEngine.Purchasing.Stores.rsp
[134/401    0s] WriteText Library/Bee/artifacts/1300b0aP.dag/UnityEngine.SpatialTracking.rsp
[135/401    0s] WriteText Library/Bee/artifacts/1300b0aP.dag/UnityEngine.XR.LegacyInputHelpers.rsp2
[136/401    0s] WriteText Library/Bee/artifacts/1300b0aP.dag/UnityEngine.XR.LegacyInputHelpers.UnityAdditionalFile.txt
[137/401    0s] WriteText Library/Bee/artifacts/1300b0aP.dag/UnityEngine.Purchasing.Codeless.rsp2
[138/401    0s] WriteText Library/Bee/artifacts/1300b0aP.dag/UnityEngine.Purchasing.Codeless.UnityAdditionalFile.txt
[139/401    0s] WriteText Library/Bee/artifacts/1300b0aP.dag/Unity.Timeline.rsp2
[140/401    0s] WriteText Library/Bee/artifacts/1300b0aP.dag/Unity.TextMeshPro.rsp2
[141/401    0s] WriteText Library/Bee/artifacts/1300b0aP.dag/Unity.TextMeshPro.UnityAdditionalFile.txt
[142/401    0s] WriteText Library/Bee/artifacts/1300b0aP.dag/Unity.Services.Core.Components.rsp2
[143/401    0s] WriteText Library/Bee/artifacts/1300b0aP.dag/Unity.Timeline.UnityAdditionalFile.txt
[144/401    0s] WriteText Library/Bee/artifacts/1300b0aP.dag/Unity.Services.Core.Components.UnityAdditionalFile.txt
[145/401    0s] WriteText Library/Bee/artifacts/1300b0aP.dag/Unity.Analytics.DataPrivacy.rsp2
[146/401    0s] WriteText Library/Bee/artifacts/1300b0aP.dag/Unity.Services.Core.Analytics.rsp2
[147/401    0s] WriteText Library/Bee/artifacts/1300b0aP.dag/Unity.Services.Core.Analytics.UnityAdditionalFile.txt
[148/401    0s] WriteText Library/Bee/artifacts/1300b0aP.dag/Unity.AI.Navigation.UnityAdditionalFile.txt
[149/401    0s] WriteText Library/Bee/artifacts/1300b0aP.dag/Unity.Multiplayer.Center.Common.rsp2
[150/401    0s] WriteText Library/Bee/artifacts/1300b0aP.dag/Unity.AI.Navigation.rsp2
[151/401    0s] MovedFromExtractor Library/Bee/artifacts/mvdfrm/UnityEngine.UnityAnalyticsCommonModule.dll_42C579D4D112BE68.mvfrm
[152/401    0s] WriteText Library/Bee/artifacts/1300b0aP.dag/Unity.Multiplayer.Center.Common.UnityAdditionalFile.txt
[153/401    0s] WriteText Library/Bee/artifacts/1300b0aP.dag/Unity.Services.Core.Analytics.dll.mvfrm.rsp
[154/401    0s] WriteText Library/Bee/artifacts/1300b0aP.dag/Unity.Analytics.DataPrivacy.UnityAdditionalFile.txt
[155/401    0s] WriteText Library/Bee/artifacts/1300b0aP.dag/Unity.AI.Navigation.dll.mvfrm.rsp
[156/401    0s] WriteText Library/Bee/artifacts/1300b0aP.dag/UnityEngine.XR.LegacyInputHelpers.dll.mvfrm.rsp
[157/401    0s] WriteText Library/Bee/artifacts/1300b0aP.dag/Unity.Multiplayer.Center.Common.dll.mvfrm.rsp
[158/401    0s] WriteText Library/Bee/artifacts/1300b0aP.dag/Unity.Analytics.DataPrivacy.dll.mvfrm.rsp
[159/401    0s] WriteText Library/Bee/artifacts/1300b0aP.dag/Unity.TextMeshPro.dll.mvfrm.rsp
[160/401    0s] WriteText Library/Bee/artifacts/1300b0aP.dag/Unity.Services.Core.Components.dll.mvfrm.rsp
[161/401    0s] WriteText Library/Bee/artifacts/1300b0aP.dag/Unity.Timeline.dll.mvfrm.rsp
[162/401    0s] WriteText Library/Bee/artifacts/1300b0aP.dag/UnityEngine.Purchasing.Codeless.dll.mvfrm.rsp
[163/401    0s] WriteText Library/Bee/artifacts/1300b0aP.dag/UnityEngine.XR.LegacyInputHelpers.rsp
[164/401    0s] WriteText Library/Bee/artifacts/1300b0aP.dag/Unity.Analytics.DataPrivacy.rsp
[165/401    0s] WriteText Library/Bee/artifacts/1300b0aP.dag/UnityEngine.Purchasing.Codeless.rsp
[166/401    0s] WriteText Library/Bee/artifacts/1300b0aP.dag/Unity.Timeline.rsp
[167/401    0s] WriteText Library/Bee/artifacts/1300b0aP.dag/Unity.AI.Navigation.rsp
[168/401    0s] WriteText Library/Bee/artifacts/1300b0aP.dag/Unity.TextMeshPro.rsp
[169/401    0s] WriteText Library/Bee/artifacts/1300b0aP.dag/Unity.Services.Core.Analytics.rsp
[170/401    0s] WriteText Library/Bee/artifacts/1300b0aP.dag/Unity.Multiplayer.Center.Common.rsp
[171/401    0s] WriteText Library/Bee/artifacts/1300b0aP.dag/Unity.Services.Core.Components.rsp
[172/401    0s] WriteText Library/Bee/artifacts/1300b0aP.dag/Unity.Services.Core.Configuration.UnityAdditionalFile.txt
[173/401    0s] WriteText Library/Bee/artifacts/1300b0aP.dag/Unity.Services.Core.Environments.Internal.UnityAdditionalFile.txt
[174/401    0s] WriteText Library/Bee/artifacts/1300b0aP.dag/Unity.Services.Core.Threading.UnityAdditionalFile.txt
[175/401    0s] WriteText Library/Bee/artifacts/1300b0aP.dag/Unity.Services.Core.Telemetry.rsp2
[176/401    0s] WriteText Library/Bee/artifacts/1300b0aP.dag/Unity.Services.Core.Configuration.rsp2
[177/401    0s] WriteText Library/Bee/artifacts/1300b0aP.dag/Unity.Services.Core.Scheduler.rsp2
[178/401    0s] WriteText Library/Bee/artifacts/1300b0aP.dag/Unity.Services.Core.Device.rsp2
[179/401    0s] WriteText Library/Bee/artifacts/1300b0aP.dag/Unity.Services.Core.Environments.Internal.rsp2
[180/401    0s] WriteText Library/Bee/artifacts/1300b0aP.dag/Unity.Services.Core.Device.UnityAdditionalFile.txt
[181/401    0s] WriteText Library/Bee/artifacts/1300b0aP.dag/Unity.Services.Core.Scheduler.UnityAdditionalFile.txt
[182/401    0s] WriteText Library/Bee/artifacts/1300b0aP.dag/Unity.Services.Core.Telemetry.UnityAdditionalFile.txt
[183/401    0s] WriteText Library/Bee/artifacts/1300b0aP.dag/Unity.Services.Core.Threading.rsp2
[184/401    0s] WriteText Library/Bee/artifacts/1300b0aP.dag/Unity.Services.Core.Environments.Internal.dll.mvfrm.rsp
[185/401    0s] WriteText Library/Bee/artifacts/1300b0aP.dag/Unity.Services.Core.Threading.dll.mvfrm.rsp
[186/401    0s] WriteText Library/Bee/artifacts/1300b0aP.dag/Unity.Services.Core.Configuration.dll.mvfrm.rsp
[187/401    0s] WriteText Library/Bee/artifacts/1300b0aP.dag/Unity.Services.Core.Scheduler.dll.mvfrm.rsp
[188/401    0s] WriteText Library/Bee/artifacts/1300b0aP.dag/Unity.Services.Core.Telemetry.dll.mvfrm.rsp
[189/401    0s] WriteText Library/Bee/artifacts/1300b0aP.dag/Unity.Services.Core.Telemetry.rsp
[190/401    0s] WriteText Library/Bee/artifacts/1300b0aP.dag/Unity.Services.Core.Device.dll.mvfrm.rsp
[191/401    0s] WriteText Library/Bee/artifacts/1300b0aP.dag/Unity.Services.Core.Device.rsp
[192/401    0s] WriteText Library/Bee/artifacts/1300b0aP.dag/Unity.Services.Core.Configuration.rsp
[193/401    0s] WriteText Library/Bee/artifacts/1300b0aP.dag/Unity.Services.Core.Scheduler.rsp
[194/401    0s] WriteText Library/Bee/artifacts/1300b0aP.dag/Unity.Services.Core.Threading.rsp
[195/401    0s] WriteText Library/Bee/artifacts/1300b0aP.dag/Unity.Services.Core.Environments.Internal.rsp
[196/401    0s] WriteText Library/Bee/artifacts/1300b0aP.dag/Assembly-CSharp-firstpass.rsp2
[197/401    0s] WriteText Library/Bee/artifacts/1300b0aP.dag/Assembly-CSharp-firstpass.UnityAdditionalFile.txt
[198/401    0s] WriteText Library/Bee/artifacts/1300b0aP.dag/Assembly-CSharp-firstpass.dll.mvfrm.rsp
[199/401    0s] WriteText Library/Bee/artifacts/1300b0aP.dag/Assembly-CSharp-firstpass.rsp
[200/401    0s] WriteText Library/Bee/artifacts/1300b0aP.dag/Assembly-CSharp.UnityAdditionalFile.txt
[201/401    0s] WriteText Library/Bee/artifacts/1300b0aP.dag/Assembly-CSharp.dll.mvfrm.rsp
[202/401    0s] WriteText Library/Bee/artifacts/1300b0aP.dag/Assembly-CSharp.rsp2
[203/401    0s] WriteText Library/Bee/artifacts/1300b0aP.dag/Unity.Services.Core.Networking.UnityAdditionalFile.txt
[204/401    0s] WriteText Library/Bee/artifacts/1300b0aP.dag/Unity.Services.Core.Networking.dll.mvfrm.rsp
[205/401    0s] WriteText Library/Bee/artifacts/1300b0aP.dag/Unity.Services.Core.Registration.UnityAdditionalFile.txt
[206/401    0s] WriteText Library/Bee/artifacts/1300b0aP.dag/Unity.Services.Core.Registration.rsp2
[207/401    0s] WriteText Library/Bee/artifacts/1300b0aP.dag/Unity.Services.Core.Registration.dll.mvfrm.rsp
[208/401    0s] WriteText Library/Bee/artifacts/1300b0aP.dag/Unity.Services.Core.Networking.rsp2
[209/401    0s] WriteText Library/Bee/artifacts/1300b0aP.dag/Assembly-CSharp.rsp
[210/401    0s] WriteText Library/Bee/artifacts/1300b0aP.dag/Unity.Services.Core.Networking.rsp
[211/401    0s] WriteText Library/Bee/artifacts/1300b0aP.dag/Unity.Services.Core.Registration.rsp
[212/401    0s] MovedFromExtractor Library/Bee/artifacts/mvdfrm/UnityEngine.UnityConnectModule.dll_35BC94EB37175481.mvfrm
[213/401    0s] MovedFromExtractor Library/Bee/artifacts/mvdfrm/UnityEngine.UnityAnalyticsModule.dll_E5C24875A7908E4D.mvfrm
[214/401    0s] MovedFromExtractor Library/Bee/artifacts/mvdfrm/UnityEngine.UnityConsentModule.dll_07622C174421EAD1.mvfrm
[215/401    0s] MovedFromExtractor Library/Bee/artifacts/mvdfrm/UnityEngine.UIElementsModule.dll_A7EF69655C81A9A7.mvfrm
[216/401    0s] MovedFromExtractor Library/Bee/artifacts/mvdfrm/UnityEngine.UnityCurlModule.dll_A1F1DDFDFC27EF39.mvfrm
[217/401    0s] MovedFromExtractor Library/Bee/artifacts/mvdfrm/UnityEngine.UnityWebRequestAssetBundleModule.dll_0F1CAB141F5B22DE.mvfrm
[218/401    0s] MovedFromExtractor Library/Bee/artifacts/mvdfrm/UnityEngine.UnityWebRequestTextureModule.dll_62FC514A5BB808B7.mvfrm
[219/401    0s] MovedFromExtractor Library/Bee/artifacts/mvdfrm/UnityEngine.UnityWebRequestAudioModule.dll_1F83106F3D94EAA2.mvfrm
[220/401    0s] MovedFromExtractor Library/Bee/artifacts/mvdfrm/UnityEngine.UnityWebRequestWWWModule.dll_4A7FB0C6678D56F3.mvfrm
[221/401    0s] MovedFromExtractor Library/Bee/artifacts/mvdfrm/UnityEngine.VFXModule.dll_2FD9977F50C7F850.mvfrm
[222/401    0s] MovedFromExtractor Library/Bee/artifacts/mvdfrm/UnityEngine.UnityWebRequestModule.dll_1AF0D1CE4F618298.mvfrm
[223/401    0s] MovedFromExtractor Library/Bee/artifacts/mvdfrm/UnityEngine.VectorGraphicsModule.dll_5D6A0DE08D6FB29A.mvfrm
[224/401    0s] MovedFromExtractor-Combine Library/Bee/artifacts/1300b0aP.dag/UnityEngine.UI.dll.mvfrm
[           0s] Csc Library/Bee/artifacts/1300b0aP.dag/UnityEngine.UI.dll (+2 others) [CacheMiss 84a14eb0e969850d0116fa22b1357c0900000000000000000000000000000006]
[225/401    1s] Csc Library/Bee/artifacts/1300b0aP.dag/UnityEngine.UI.dll (+2 others)
[           0s] Csc Library/Bee/artifacts/1300b0aP.dag/UnityEngine.UI.dll (+2 others) [CacheWrite 84a14eb0e969850d0116fa22b1357c0900000000000000000000000000000006]
[226/401    0s] CopyFiles Library/Bee/PlayerScriptAssemblies/UnityEngine.UI.pdb
[227/401    0s] CopyFiles Library/Bee/PlayerScriptAssemblies/UnityEngine.UI.dll
[228/401    0s] MovedFromExtractor Library/Bee/artifacts/mvdfrm/UnityEngine.UI.ref.dll_AFC2E85BC2EDBC0B.mvfrm
[229/401    0s] MovedFromExtractor-Combine Library/Bee/artifacts/1300b0aP.dag/Unity.Multiplayer.Center.Common.dll.mvfrm
[230/401    0s] MovedFromExtractor-Combine Library/Bee/artifacts/1300b0aP.dag/Unity.Analytics.DataPrivacy.dll.mvfrm
[231/401    0s] MovedFromExtractor-Combine Library/Bee/artifacts/1300b0aP.dag/Unity.Timeline.dll.mvfrm
[232/401    0s] MovedFromExtractor-Combine Library/Bee/artifacts/1300b0aP.dag/UnityEngine.Purchasing.SecurityCore.dll.mvfrm
[233/401    0s] MovedFromExtractor-Combine Library/Bee/artifacts/1300b0aP.dag/Unity.Services.Core.dll.mvfrm
[234/401    0s] MovedFromExtractor-Combine Library/Bee/artifacts/1300b0aP.dag/UnityEngine.SpatialTracking.dll.mvfrm
[235/401    0s] MovedFromExtractor-Combine Library/Bee/artifacts/1300b0aP.dag/Unity.InternalAPIEngineBridge.004.dll.mvfrm
[236/401    0s] MovedFromExtractor-Combine Library/Bee/artifacts/1300b0aP.dag/UnityEngine.Purchasing.WinRTCore.dll.mvfrm
[237/401    0s] MovedFromExtractor-Combine Library/Bee/artifacts/1300b0aP.dag/UnityEngine.Purchasing.AppleCore.dll.mvfrm
[238/401    0s] MovedFromExtractor-Combine Library/Bee/artifacts/1300b0aP.dag/Unity.AI.Navigation.dll.mvfrm
[           0s] Csc Library/Bee/artifacts/1300b0aP.dag/Unity.Multiplayer.Center.Common.dll (+2 others) [CacheMiss b136822274365792c7d541c61ca6986c00000000000000000000000000000006]
[           0s] Csc Library/Bee/artifacts/1300b0aP.dag/Unity.Services.Core.dll (+2 others) [CacheMiss fb4eb9b1bf406e6a0269bda14fc8c38600000000000000000000000000000006]
[           0s] Csc Library/Bee/artifacts/1300b0aP.dag/Unity.Timeline.dll (+2 others) [CacheMiss 8d1a7bfb6bdfab1803277406cead714e00000000000000000000000000000006]
[           0s] Csc Library/Bee/artifacts/1300b0aP.dag/Unity.Analytics.DataPrivacy.dll (+2 others) [CacheMiss 8433c2c3002741e400c1f39ad54694fd00000000000000000000000000000006]
[           0s] Csc Library/Bee/artifacts/1300b0aP.dag/Unity.InternalAPIEngineBridge.004.dll (+2 others) [CacheMiss 05a508f36bb8ee270286f053b884514c00000000000000000000000000000006]
[           0s] Csc Library/Bee/artifacts/1300b0aP.dag/UnityEngine.Purchasing.SecurityCore.dll (+2 others) [CacheMiss 80bdbf36b39b0d33763b26275000504a00000000000000000000000000000006]
[           0s] Csc Library/Bee/artifacts/1300b0aP.dag/Unity.AI.Navigation.dll (+2 others) [CacheMiss 7ef742a962e4fd3571ef3763d1522fc200000000000000000000000000000006]
[           0s] Csc Library/Bee/artifacts/1300b0aP.dag/UnityEngine.SpatialTracking.dll (+2 others) [CacheMiss f8d645400fc4422a8b5f9294f9bb54fc00000000000000000000000000000006]
[           0s] Csc Library/Bee/artifacts/1300b0aP.dag/UnityEngine.Purchasing.WinRTCore.dll (+2 others) [CacheMiss 7eeb8aba0bb5d9480dd180cc6357447a00000000000000000000000000000006]
[239/401    0s] Csc Library/Bee/artifacts/1300b0aP.dag/UnityEngine.Purchasing.WinRTCore.dll (+2 others)
[240/401    0s] Csc Library/Bee/artifacts/1300b0aP.dag/Unity.Multiplayer.Center.Common.dll (+2 others)
[241/401    0s] Csc Library/Bee/artifacts/1300b0aP.dag/UnityEngine.SpatialTracking.dll (+2 others)
[242/401    0s] Csc Library/Bee/artifacts/1300b0aP.dag/UnityEngine.Purchasing.SecurityCore.dll (+2 others)
[243/401    0s] Csc Library/Bee/artifacts/1300b0aP.dag/Unity.Analytics.DataPrivacy.dll (+2 others)
[244/401    0s] Csc Library/Bee/artifacts/1300b0aP.dag/Unity.Services.Core.dll (+2 others)
[245/401    0s] Csc Library/Bee/artifacts/1300b0aP.dag/Unity.InternalAPIEngineBridge.004.dll (+2 others)
[           0s] Csc Library/Bee/artifacts/1300b0aP.dag/Unity.Analytics.DataPrivacy.dll (+2 others) [CacheWrite 8433c2c3002741e400c1f39ad54694fd00000000000000000000000000000006]
[246/401    0s] Csc Library/Bee/artifacts/1300b0aP.dag/Unity.AI.Navigation.dll (+2 others)
[           0s] Csc Library/Bee/artifacts/1300b0aP.dag/UnityEngine.Purchasing.SecurityCore.dll (+2 others) [CacheWrite 80bdbf36b39b0d33763b26275000504a00000000000000000000000000000006]
[247/401    0s] CopyFiles Library/Bee/PlayerScriptAssemblies/Unity.Analytics.DataPrivacy.dll
[           0s] Csc Library/Bee/artifacts/1300b0aP.dag/UnityEngine.Purchasing.WinRTCore.dll (+2 others) [CacheWrite 7eeb8aba0bb5d9480dd180cc6357447a00000000000000000000000000000006]
[248/401    0s] CopyFiles Library/Bee/PlayerScriptAssemblies/UnityEngine.Purchasing.SecurityCore.pdb
[249/401    0s] CopyFiles Library/Bee/PlayerScriptAssemblies/UnityEngine.Purchasing.SecurityCore.dll
[250/401    0s] CopyFiles Library/Bee/PlayerScriptAssemblies/Unity.Analytics.DataPrivacy.pdb
[           0s] Csc Library/Bee/artifacts/1300b0aP.dag/UnityEngine.SpatialTracking.dll (+2 others) [CacheWrite f8d645400fc4422a8b5f9294f9bb54fc00000000000000000000000000000006]
[           0s] Csc Library/Bee/artifacts/1300b0aP.dag/Unity.Multiplayer.Center.Common.dll (+2 others) [CacheWrite b136822274365792c7d541c61ca6986c00000000000000000000000000000006]
[           0s] Csc Library/Bee/artifacts/1300b0aP.dag/Unity.Services.Core.dll (+2 others) [CacheWrite fb4eb9b1bf406e6a0269bda14fc8c38600000000000000000000000000000006]
[251/401    0s] CopyFiles Library/Bee/PlayerScriptAssemblies/UnityEngine.Purchasing.WinRTCore.dll
[252/401    0s] CopyFiles Library/Bee/PlayerScriptAssemblies/UnityEngine.SpatialTracking.dll
[253/401    0s] CopyFiles Library/Bee/PlayerScriptAssemblies/UnityEngine.Purchasing.WinRTCore.pdb
[254/401    0s] CopyFiles Library/Bee/PlayerScriptAssemblies/UnityEngine.SpatialTracking.pdb
[           0s] Csc Library/Bee/artifacts/1300b0aP.dag/Unity.InternalAPIEngineBridge.004.dll (+2 others) [CacheWrite 05a508f36bb8ee270286f053b884514c00000000000000000000000000000006]
[255/401    0s] CopyFiles Library/Bee/PlayerScriptAssemblies/Unity.Multiplayer.Center.Common.dll
[256/401    0s] CopyFiles Library/Bee/PlayerScriptAssemblies/Unity.Multiplayer.Center.Common.pdb
[257/401    0s] CopyFiles Library/Bee/PlayerScriptAssemblies/Unity.Services.Core.dll
[258/401    0s] CopyFiles Library/Bee/PlayerScriptAssemblies/Unity.Services.Core.pdb
[259/401    0s] CopyFiles Library/Bee/PlayerScriptAssemblies/Unity.InternalAPIEngineBridge.004.pdb
[260/401    0s] CopyFiles Library/Bee/PlayerScriptAssemblies/Unity.InternalAPIEngineBridge.004.dll
[           0s] Csc Library/Bee/artifacts/1300b0aP.dag/Unity.AI.Navigation.dll (+2 others) [CacheWrite 7ef742a962e4fd3571ef3763d1522fc200000000000000000000000000000006]
[261/401    0s] CopyFiles Library/Bee/PlayerScriptAssemblies/Unity.AI.Navigation.pdb
[262/401    0s] CopyFiles Library/Bee/PlayerScriptAssemblies/Unity.AI.Navigation.dll
[263/401    0s] MovedFromExtractor Library/Bee/artifacts/mvdfrm/UnityEngine.Purchasing.SecurityCore.ref.dll_0E0C8763AFF2443E.mvfrm
[264/401    0s] Csc Library/Bee/artifacts/1300b0aP.dag/Unity.Timeline.dll (+2 others)
[265/401    0s] MovedFromExtractor Library/Bee/artifacts/mvdfrm/Unity.Multiplayer.Center.Common.ref.dll_A2E97B59907D8CED.mvfrm
[266/401    0s] MovedFromExtractor Library/Bee/artifacts/mvdfrm/UnityEngine.SpatialTracking.ref.dll_E3484C16F227CFFA.mvfrm
[267/401    0s] MovedFromExtractor Library/Bee/artifacts/mvdfrm/UnityEngine.Purchasing.WinRTCore.ref.dll_A2D6FA6DA779B744.mvfrm
[268/401    0s] MovedFromExtractor Library/Bee/artifacts/mvdfrm/Unity.Services.Core.ref.dll_FF91F9BC6398EB7C.mvfrm
[269/401    0s] MovedFromExtractor Library/Bee/artifacts/mvdfrm/Unity.Analytics.DataPrivacy.ref.dll_824164C34B5DEAC3.mvfrm
[270/401    0s] MovedFromExtractor Library/Bee/artifacts/mvdfrm/Unity.InternalAPIEngineBridge.004.ref.dll_DE559C9CDA613EEB.mvfrm
[           0s] Csc Library/Bee/artifacts/1300b0aP.dag/Unity.Timeline.dll (+2 others) [CacheWrite 8d1a7bfb6bdfab1803277406cead714e00000000000000000000000000000006]
[271/401    0s] MovedFromExtractor Library/Bee/artifacts/mvdfrm/Unity.AI.Navigation.ref.dll_2CF636FCAD6E4B77.mvfrm
[272/401    0s] CopyFiles Library/Bee/PlayerScriptAssemblies/Unity.Timeline.pdb
[273/401    0s] CopyFiles Library/Bee/PlayerScriptAssemblies/Unity.Timeline.dll
[274/401    0s] MovedFromExtractor-Combine Library/Bee/artifacts/1300b0aP.dag/UnityEngine.Purchasing.Security.dll.mvfrm
[275/401    0s] MovedFromExtractor-Combine Library/Bee/artifacts/1300b0aP.dag/Unity.Services.Core.Analytics.dll.mvfrm
[276/401    0s] MovedFromExtractor-Combine Library/Bee/artifacts/1300b0aP.dag/Unity.TextMeshPro.dll.mvfrm
[277/401    0s] MovedFromExtractor-Combine Library/Bee/artifacts/1300b0aP.dag/UnityEngine.XR.LegacyInputHelpers.dll.mvfrm
[278/401    0s] MovedFromExtractor-Combine Library/Bee/artifacts/1300b0aP.dag/UnityEngine.Purchasing.WinRTStub.dll.mvfrm
[279/401    0s] MovedFromExtractor-Combine Library/Bee/artifacts/1300b0aP.dag/Unity.Services.Core.Internal.dll.mvfrm
[           0s] Csc Library/Bee/artifacts/1300b0aP.dag/Unity.Services.Core.Analytics.dll (+2 others) [CacheMiss 916edefc73a23f3353101ad3c7d55dc400000000000000000000000000000006]
[           0s] Csc Library/Bee/artifacts/1300b0aP.dag/Unity.TextMeshPro.dll (+2 others) [CacheMiss 38a3a790a1e7ce28d1ae791f372ccafc00000000000000000000000000000006]
[           0s] Csc Library/Bee/artifacts/1300b0aP.dag/UnityEngine.XR.LegacyInputHelpers.dll (+2 others) [CacheMiss 9354e6c79a75912f35eaeb4fc3bb7f9600000000000000000000000000000006]
[           0s] Csc Library/Bee/artifacts/1300b0aP.dag/UnityEngine.Purchasing.WinRTStub.dll (+2 others) [CacheMiss ebb290c2c6506b1e391f892c5579be0700000000000000000000000000000006]
[           0s] Csc Library/Bee/artifacts/1300b0aP.dag/Unity.Services.Core.Internal.dll (+2 others) [CacheMiss b93964b758abce5cd325b89ddb16cf9d00000000000000000000000000000006]
[280/401    0s] MovedFromExtractor Library/Bee/artifacts/mvdfrm/Unity.Timeline.ref.dll_08E11C037DD39E3A.mvfrm
[281/401    0s] Csc Library/Bee/artifacts/1300b0aP.dag/Unity.Services.Core.Analytics.dll (+2 others)
[282/401    0s] Csc Library/Bee/artifacts/1300b0aP.dag/UnityEngine.Purchasing.WinRTStub.dll (+2 others)
[           0s] Csc Library/Bee/artifacts/1300b0aP.dag/Unity.Services.Core.Analytics.dll (+2 others) [CacheWrite 916edefc73a23f3353101ad3c7d55dc400000000000000000000000000000006]
[283/401    0s] Csc Library/Bee/artifacts/1300b0aP.dag/UnityEngine.XR.LegacyInputHelpers.dll (+2 others)
[284/401    0s] CopyFiles Library/Bee/PlayerScriptAssemblies/Unity.Services.Core.Analytics.dll
[285/401    0s] CopyFiles Library/Bee/PlayerScriptAssemblies/Unity.Services.Core.Analytics.pdb
[           0s] Csc Library/Bee/artifacts/1300b0aP.dag/UnityEngine.Purchasing.WinRTStub.dll (+2 others) [CacheWrite ebb290c2c6506b1e391f892c5579be0700000000000000000000000000000006]
[286/401    0s] CopyFiles Library/Bee/PlayerScriptAssemblies/UnityEngine.Purchasing.WinRTStub.dll
[287/401    0s] CopyFiles Library/Bee/PlayerScriptAssemblies/UnityEngine.Purchasing.WinRTStub.pdb
[           0s] Csc Library/Bee/artifacts/1300b0aP.dag/UnityEngine.XR.LegacyInputHelpers.dll (+2 others) [CacheWrite 9354e6c79a75912f35eaeb4fc3bb7f9600000000000000000000000000000006]
[288/401    0s] CopyFiles Library/Bee/PlayerScriptAssemblies/UnityEngine.XR.LegacyInputHelpers.pdb
[289/401    0s] CopyFiles Library/Bee/PlayerScriptAssemblies/UnityEngine.XR.LegacyInputHelpers.dll
[290/401    0s] Csc Library/Bee/artifacts/1300b0aP.dag/Unity.Services.Core.Internal.dll (+2 others)
[291/401    0s] MovedFromExtractor Library/Bee/artifacts/mvdfrm/UnityEngine.Purchasing.WinRTStub.ref.dll_EDFDBF614AE67283.mvfrm
[292/401    0s] MovedFromExtractor Library/Bee/artifacts/mvdfrm/Unity.Services.Core.Analytics.ref.dll_B6B3928F42109E44.mvfrm
[           0s] Csc Library/Bee/artifacts/1300b0aP.dag/Unity.Services.Core.Internal.dll (+2 others) [CacheWrite b93964b758abce5cd325b89ddb16cf9d00000000000000000000000000000006]
[293/401    0s] CopyFiles Library/Bee/PlayerScriptAssemblies/Unity.Services.Core.Internal.pdb
[294/401    0s] CopyFiles Library/Bee/PlayerScriptAssemblies/Unity.Services.Core.Internal.dll
[295/401    0s] MovedFromExtractor Library/Bee/artifacts/mvdfrm/UnityEngine.XR.LegacyInputHelpers.ref.dll_3E6614D410430047.mvfrm
[296/401    0s] MovedFromExtractor Library/Bee/artifacts/mvdfrm/Unity.Services.Core.Internal.ref.dll_BF666932C0B27755.mvfrm
[297/401    0s] MovedFromExtractor-Combine Library/Bee/artifacts/1300b0aP.dag/Unity.Services.Core.Networking.dll.mvfrm
[298/401    0s] MovedFromExtractor-Combine Library/Bee/artifacts/1300b0aP.dag/Unity.Services.Core.Device.dll.mvfrm
[299/401    0s] MovedFromExtractor-Combine Library/Bee/artifacts/1300b0aP.dag/Unity.Services.Core.Threading.dll.mvfrm
[300/401    0s] MovedFromExtractor-Combine Library/Bee/artifacts/1300b0aP.dag/Unity.Services.Core.Telemetry.dll.mvfrm
[301/401    0s] MovedFromExtractor-Combine Library/Bee/artifacts/1300b0aP.dag/Unity.Services.Core.Environments.Internal.dll.mvfrm
[302/401    0s] MovedFromExtractor-Combine Library/Bee/artifacts/1300b0aP.dag/Purchasing.Common.dll.mvfrm
[303/401    0s] MovedFromExtractor-Combine Library/Bee/artifacts/1300b0aP.dag/Unity.Services.Core.Scheduler.dll.mvfrm
[304/401    0s] MovedFromExtractor-Combine Library/Bee/artifacts/1300b0aP.dag/Unity.Services.Core.Configuration.dll.mvfrm
[305/401    0s] MovedFromExtractor-Combine Library/Bee/artifacts/1300b0aP.dag/Unity.Services.Core.Environments.dll.mvfrm
[           0s] Csc Library/Bee/artifacts/1300b0aP.dag/Unity.Services.Core.Networking.dll (+2 others) [CacheMiss f0539891f30ba050bd4f3b63545fd62300000000000000000000000000000006]
[306/401    0s] MovedFromExtractor-Combine Library/Bee/artifacts/1300b0aP.dag/Unity.Services.Analytics.dll.mvfrm
[           0s] Csc Library/Bee/artifacts/1300b0aP.dag/Unity.Services.Core.Device.dll (+2 others) [CacheMiss 18af33d32cdb77a475fd0212bf807e3d00000000000000000000000000000006]
[           0s] Csc Library/Bee/artifacts/1300b0aP.dag/Unity.Services.Core.Telemetry.dll (+2 others) [CacheMiss 1da3e15cb68944e007b8edd98e1bd76300000000000000000000000000000006]
[           0s] Csc Library/Bee/artifacts/1300b0aP.dag/Unity.Services.Core.Threading.dll (+2 others) [CacheMiss b6765cabbe24cdbe9f4a93b6552e4b9000000000000000000000000000000006]
[           0s] Csc Library/Bee/artifacts/1300b0aP.dag/Unity.Services.Core.Environments.Internal.dll (+2 others) [CacheMiss 342006ccc1d38f237e9264d3b7a46b1c00000000000000000000000000000006]
[           0s] Csc Library/Bee/artifacts/1300b0aP.dag/Purchasing.Common.dll (+2 others) [CacheMiss d4e695bb5824f06ac6a077889ef7c30700000000000000000000000000000006]
[           0s] Csc Library/Bee/artifacts/1300b0aP.dag/Unity.Services.Core.Environments.dll (+2 others) [CacheMiss 11d7bfeba6154066c5bedc9e336887ab00000000000000000000000000000006]
[           0s] Csc Library/Bee/artifacts/1300b0aP.dag/Unity.Services.Core.Scheduler.dll (+2 others) [CacheMiss 69980b91f7f5294d42f02746fd79574c00000000000000000000000000000006]
[           0s] Csc Library/Bee/artifacts/1300b0aP.dag/Unity.Services.Core.Configuration.dll (+2 others) [CacheMiss 751601f229339fcf50cbce9b489be85c00000000000000000000000000000006]
[           0s] Csc Library/Bee/artifacts/1300b0aP.dag/Unity.Services.Analytics.dll (+2 others) [CacheMiss 69cd4418891c0ab74ae91807af745a5a00000000000000000000000000000006]
[307/401    1s] Csc Library/Bee/artifacts/1300b0aP.dag/Unity.TextMeshPro.dll (+2 others)
[308/401    0s] Csc Library/Bee/artifacts/1300b0aP.dag/Unity.Services.Core.Threading.dll (+2 others)
[309/401    0s] Csc Library/Bee/artifacts/1300b0aP.dag/Unity.Services.Core.Telemetry.dll (+2 others)
[310/401    0s] Csc Library/Bee/artifacts/1300b0aP.dag/Unity.Services.Core.Environments.dll (+2 others)
[311/401    0s] Csc Library/Bee/artifacts/1300b0aP.dag/Unity.Services.Core.Scheduler.dll (+2 others)
[312/401    0s] Csc Library/Bee/artifacts/1300b0aP.dag/Unity.Services.Core.Networking.dll (+2 others)
[313/401    0s] Csc Library/Bee/artifacts/1300b0aP.dag/Unity.Services.Core.Environments.Internal.dll (+2 others)
[314/401    0s] Csc Library/Bee/artifacts/1300b0aP.dag/Purchasing.Common.dll (+2 others)
[315/401    0s] Csc Library/Bee/artifacts/1300b0aP.dag/Unity.Services.Core.Device.dll (+2 others)
[           0s] Csc Library/Bee/artifacts/1300b0aP.dag/Unity.TextMeshPro.dll (+2 others) [CacheWrite 38a3a790a1e7ce28d1ae791f372ccafc00000000000000000000000000000006]
[316/401    0s] Csc Library/Bee/artifacts/1300b0aP.dag/Unity.Services.Core.Configuration.dll (+2 others)
[317/401    0s] CopyFiles Library/Bee/PlayerScriptAssemblies/Unity.TextMeshPro.pdb
[           0s] Csc Library/Bee/artifacts/1300b0aP.dag/Unity.Services.Core.Threading.dll (+2 others) [CacheWrite b6765cabbe24cdbe9f4a93b6552e4b9000000000000000000000000000000006]
[           0s] Csc Library/Bee/artifacts/1300b0aP.dag/Unity.Services.Core.Telemetry.dll (+2 others) [CacheWrite 1da3e15cb68944e007b8edd98e1bd76300000000000000000000000000000006]
[318/401    0s] CopyFiles Library/Bee/PlayerScriptAssemblies/Unity.Services.Core.Threading.pdb
[319/401    0s] CopyFiles Library/Bee/PlayerScriptAssemblies/Unity.Services.Core.Threading.dll
[           0s] Csc Library/Bee/artifacts/1300b0aP.dag/Unity.Services.Core.Scheduler.dll (+2 others) [CacheWrite 69980b91f7f5294d42f02746fd79574c00000000000000000000000000000006]
[           0s] Csc Library/Bee/artifacts/1300b0aP.dag/Unity.Services.Core.Networking.dll (+2 others) [CacheWrite f0539891f30ba050bd4f3b63545fd62300000000000000000000000000000006]
[320/401    0s] CopyFiles Library/Bee/PlayerScriptAssemblies/Unity.Services.Core.Telemetry.dll
[321/401    0s] CopyFiles Library/Bee/PlayerScriptAssemblies/Unity.Services.Core.Telemetry.pdb
[322/401    0s] CopyFiles Library/Bee/PlayerScriptAssemblies/Unity.Services.Core.Networking.dll
[323/401    0s] CopyFiles Library/Bee/PlayerScriptAssemblies/Unity.Services.Core.Scheduler.pdb
[324/401    0s] CopyFiles Library/Bee/PlayerScriptAssemblies/Unity.Services.Core.Networking.pdb
[325/401    0s] CopyFiles Library/Bee/PlayerScriptAssemblies/Unity.Services.Core.Scheduler.dll
[           0s] Csc Library/Bee/artifacts/1300b0aP.dag/Unity.Services.Core.Environments.dll (+2 others) [CacheWrite 11d7bfeba6154066c5bedc9e336887ab00000000000000000000000000000006]
[           0s] Csc Library/Bee/artifacts/1300b0aP.dag/Unity.Services.Core.Environments.Internal.dll (+2 others) [CacheWrite 342006ccc1d38f237e9264d3b7a46b1c00000000000000000000000000000006]
[326/401    0s] CopyFiles Library/Bee/PlayerScriptAssemblies/Unity.TextMeshPro.dll
[           0s] Csc Library/Bee/artifacts/1300b0aP.dag/Purchasing.Common.dll (+2 others) [CacheWrite d4e695bb5824f06ac6a077889ef7c30700000000000000000000000000000006]
[           0s] Csc Library/Bee/artifacts/1300b0aP.dag/Unity.Services.Core.Device.dll (+2 others) [CacheWrite 18af33d32cdb77a475fd0212bf807e3d00000000000000000000000000000006]
[327/401    0s] CopyFiles Library/Bee/PlayerScriptAssemblies/Unity.Services.Core.Environments.dll
[328/401    0s] CopyFiles Library/Bee/PlayerScriptAssemblies/Unity.Services.Core.Environments.Internal.dll
[329/401    0s] CopyFiles Library/Bee/PlayerScriptAssemblies/Unity.Services.Core.Device.dll
[330/401    0s] CopyFiles Library/Bee/PlayerScriptAssemblies/Purchasing.Common.dll
[331/401    0s] CopyFiles Library/Bee/PlayerScriptAssemblies/Unity.Services.Core.Device.pdb
[332/401    0s] CopyFiles Library/Bee/PlayerScriptAssemblies/Purchasing.Common.pdb
[333/401    0s] CopyFiles Library/Bee/PlayerScriptAssemblies/Unity.Services.Core.Environments.pdb
[334/401    0s] CopyFiles Library/Bee/PlayerScriptAssemblies/Unity.Services.Core.Environments.Internal.pdb
[           0s] Csc Library/Bee/artifacts/1300b0aP.dag/Unity.Services.Core.Configuration.dll (+2 others) [CacheWrite 751601f229339fcf50cbce9b489be85c00000000000000000000000000000006]
[335/401    0s] CopyFiles Library/Bee/PlayerScriptAssemblies/Unity.Services.Core.Configuration.pdb
[336/401    0s] CopyFiles Library/Bee/PlayerScriptAssemblies/Unity.Services.Core.Configuration.dll
[           0s] Csc Library/Bee/artifacts/1300b0aP.dag/UnityEngine.Purchasing.AppleCore.dll (+2 others) [CacheMiss 2b7e46877d760abd463a50291b55df8d00000000000000000000000000000006]
[337/401    0s] MovedFromExtractor Library/Bee/artifacts/mvdfrm/Unity.TextMeshPro.ref.dll_2E746244A5BDAEA0.mvfrm
[338/401    0s] MovedFromExtractor Library/Bee/artifacts/mvdfrm/Unity.Services.Core.Telemetry.ref.dll_C3323D92A9E59C57.mvfrm
[339/401    0s] MovedFromExtractor Library/Bee/artifacts/mvdfrm/Unity.Services.Core.Threading.ref.dll_BAE9B3B128749D96.mvfrm
[340/401    0s] MovedFromExtractor Library/Bee/artifacts/mvdfrm/Unity.Services.Core.Scheduler.ref.dll_B73D24A010F16869.mvfrm
[341/401    0s] Csc Library/Bee/artifacts/1300b0aP.dag/Unity.Services.Analytics.dll (+2 others)
[342/401    0s] MovedFromExtractor Library/Bee/artifacts/mvdfrm/Unity.Services.Core.Device.ref.dll_2500B8AE3957BAFE.mvfrm
[343/401    0s] MovedFromExtractor Library/Bee/artifacts/mvdfrm/Unity.Services.Core.Environments.ref.dll_9371070AEE137978.mvfrm
[344/401    0s] MovedFromExtractor Library/Bee/artifacts/mvdfrm/Unity.Services.Core.Environments.Internal.ref.dll_53CDD0593CD37D99.mvfrm
[           0s] Csc Library/Bee/artifacts/1300b0aP.dag/Unity.Services.Analytics.dll (+2 others) [CacheWrite 69cd4418891c0ab74ae91807af745a5a00000000000000000000000000000006]
[345/401    0s] MovedFromExtractor Library/Bee/artifacts/mvdfrm/Unity.Services.Core.Configuration.ref.dll_D8CEAF2FC2D64434.mvfrm
[346/401    0s] CopyFiles Library/Bee/PlayerScriptAssemblies/Unity.Services.Analytics.pdb
[347/401    0s] CopyFiles Library/Bee/PlayerScriptAssemblies/Unity.Services.Analytics.dll
[           0s] Csc Library/Bee/artifacts/1300b0aP.dag/UnityEngine.Purchasing.Security.dll (+2 others) [CacheMiss f95b7222b8389ea5232f33a0f55a7ef800000000000000000000000000000006]
[348/401    0s] MovedFromExtractor-Combine Library/Bee/artifacts/1300b0aP.dag/Unity.Services.Core.Components.dll.mvfrm
[349/401    0s] Csc Library/Bee/artifacts/1300b0aP.dag/UnityEngine.Purchasing.AppleCore.dll (+2 others)
[350/401    0s] MovedFromExtractor-Combine Library/Bee/artifacts/1300b0aP.dag/Unity.Services.Core.Registration.dll.mvfrm
[351/401    0s] MovedFromExtractor Library/Bee/artifacts/mvdfrm/Unity.Services.Analytics.ref.dll_A667729B1482521F.mvfrm
[           0s] Csc Library/Bee/artifacts/1300b0aP.dag/Unity.Services.Core.Components.dll (+2 others) [CacheMiss 44b4f03520a01a8173d416d90016daeb00000000000000000000000000000006]
[           0s] Csc Library/Bee/artifacts/1300b0aP.dag/Unity.Services.Core.Registration.dll (+2 others) [CacheMiss 4ea874d65fb3a2b98ab95931c574c63000000000000000000000000000000006]
[           0s] Csc Library/Bee/artifacts/1300b0aP.dag/UnityEngine.Purchasing.AppleCore.dll (+2 others) [CacheWrite 2b7e46877d760abd463a50291b55df8d00000000000000000000000000000006]
[352/401    0s] CopyFiles Library/Bee/PlayerScriptAssemblies/UnityEngine.Purchasing.AppleCore.dll
[353/401    0s] CopyFiles Library/Bee/PlayerScriptAssemblies/UnityEngine.Purchasing.AppleCore.pdb
[354/401    0s] MovedFromExtractor-Combine Library/Bee/artifacts/1300b0aP.dag/UnityEngine.Purchasing.dll.mvfrm
[355/401    0s] MovedFromExtractor Library/Bee/artifacts/mvdfrm/UnityEngine.Purchasing.AppleCore.ref.dll_E2ABA50E49ADB8F0.mvfrm
[           0s] Csc Library/Bee/artifacts/1300b0aP.dag/UnityEngine.Purchasing.dll (+2 others) [CacheMiss 807db9558cb18405e82cb202eeb3a7e300000000000000000000000000000006]
[356/401    0s] Csc Library/Bee/artifacts/1300b0aP.dag/Unity.Services.Core.Components.dll (+2 others)
[           0s] Csc Library/Bee/artifacts/1300b0aP.dag/Unity.Services.Core.Components.dll (+2 others) [CacheWrite 44b4f03520a01a8173d416d90016daeb00000000000000000000000000000006]
[357/401    0s] Csc Library/Bee/artifacts/1300b0aP.dag/UnityEngine.Purchasing.Security.dll (+2 others)
[358/401    0s] Csc Library/Bee/artifacts/1300b0aP.dag/Unity.Services.Core.Registration.dll (+2 others)
[359/401    0s] MovedFromExtractor-Combine Library/Bee/artifacts/1300b0aP.dag/UnityEngine.Purchasing.AppleStub.dll.mvfrm
[360/401    0s] MovedFromExtractor-Combine Library/Bee/artifacts/1300b0aP.dag/UnityEngine.Purchasing.AppleMacosStub.dll.mvfrm
[361/401    0s] CopyFiles Library/Bee/PlayerScriptAssemblies/Unity.Services.Core.Components.dll
[362/401    0s] CopyFiles Library/Bee/PlayerScriptAssemblies/Unity.Services.Core.Components.pdb
[           0s] Csc Library/Bee/artifacts/1300b0aP.dag/UnityEngine.Purchasing.AppleStub.dll (+2 others) [CacheMiss 77928749261f1d8d4fc0fa02cf870db800000000000000000000000000000006]
[           0s] Csc Library/Bee/artifacts/1300b0aP.dag/UnityEngine.Purchasing.Security.dll (+2 others) [CacheWrite f95b7222b8389ea5232f33a0f55a7ef800000000000000000000000000000006]
[           0s] Csc Library/Bee/artifacts/1300b0aP.dag/Unity.Services.Core.Registration.dll (+2 others) [CacheWrite 4ea874d65fb3a2b98ab95931c574c63000000000000000000000000000000006]
[           0s] Csc Library/Bee/artifacts/1300b0aP.dag/UnityEngine.Purchasing.AppleMacosStub.dll (+2 others) [CacheMiss b7a05a6f216c52325e4191245941b8a900000000000000000000000000000006]
[363/401    0s] CopyFiles Library/Bee/PlayerScriptAssemblies/UnityEngine.Purchasing.Security.pdb
[364/401    0s] CopyFiles Library/Bee/PlayerScriptAssemblies/Unity.Services.Core.Registration.dll
[365/401    0s] CopyFiles Library/Bee/PlayerScriptAssemblies/Unity.Services.Core.Registration.pdb
[366/401    0s] CopyFiles Library/Bee/PlayerScriptAssemblies/UnityEngine.Purchasing.Security.dll
[367/401    0s] MovedFromExtractor Library/Bee/artifacts/mvdfrm/Unity.Services.Core.Components.ref.dll_10B1596220419C8E.mvfrm
[368/401    0s] MovedFromExtractor Library/Bee/artifacts/mvdfrm/UnityEngine.Purchasing.Security.ref.dll_F930CF6FBEE74E0F.mvfrm
[369/401    0s] Csc Library/Bee/artifacts/1300b0aP.dag/UnityEngine.Purchasing.dll (+2 others)
[370/401    0s] Csc Library/Bee/artifacts/1300b0aP.dag/UnityEngine.Purchasing.AppleStub.dll (+2 others)
[371/401    0s] Csc Library/Bee/artifacts/1300b0aP.dag/UnityEngine.Purchasing.AppleMacosStub.dll (+2 others)
[           0s] Csc Library/Bee/artifacts/1300b0aP.dag/UnityEngine.Purchasing.dll (+2 others) [CacheWrite 807db9558cb18405e82cb202eeb3a7e300000000000000000000000000000006]
[           0s] Csc Library/Bee/artifacts/1300b0aP.dag/UnityEngine.Purchasing.AppleStub.dll (+2 others) [CacheWrite 77928749261f1d8d4fc0fa02cf870db800000000000000000000000000000006]
[372/401    0s] CopyFiles Library/Bee/PlayerScriptAssemblies/UnityEngine.Purchasing.pdb
[373/401    0s] CopyFiles Library/Bee/PlayerScriptAssemblies/UnityEngine.Purchasing.AppleStub.dll
[374/401    0s] CopyFiles Library/Bee/PlayerScriptAssemblies/UnityEngine.Purchasing.dll
[375/401    0s] CopyFiles Library/Bee/PlayerScriptAssemblies/UnityEngine.Purchasing.AppleStub.pdb
[           0s] Csc Library/Bee/artifacts/1300b0aP.dag/UnityEngine.Purchasing.AppleMacosStub.dll (+2 others) [CacheWrite b7a05a6f216c52325e4191245941b8a900000000000000000000000000000006]
[376/401    0s] CopyFiles Library/Bee/PlayerScriptAssemblies/UnityEngine.Purchasing.AppleMacosStub.pdb
[377/401    0s] CopyFiles Library/Bee/PlayerScriptAssemblies/UnityEngine.Purchasing.AppleMacosStub.dll
[378/401    0s] MovedFromExtractor Library/Bee/artifacts/mvdfrm/UnityEngine.Purchasing.ref.dll_928E906C74AB4BD5.mvfrm
[379/401    0s] MovedFromExtractor Library/Bee/artifacts/mvdfrm/UnityEngine.Purchasing.AppleStub.ref.dll_2DD26A01ED1A742F.mvfrm
[380/401    0s] MovedFromExtractor Library/Bee/artifacts/mvdfrm/UnityEngine.Purchasing.AppleMacosStub.ref.dll_89D62B3554C3C656.mvfrm
[381/401    0s] MovedFromExtractor-Combine Library/Bee/artifacts/1300b0aP.dag/UnityEngine.Purchasing.Stores.dll.mvfrm
[           0s] Csc Library/Bee/artifacts/1300b0aP.dag/UnityEngine.Purchasing.Stores.dll (+2 others) [CacheMiss cc4b77f8e7b328ebf0ec9c4c40b042a000000000000000000000000000000006]
[382/401    0s] Csc Library/Bee/artifacts/1300b0aP.dag/UnityEngine.Purchasing.Stores.dll (+2 others)
[           0s] Csc Library/Bee/artifacts/1300b0aP.dag/UnityEngine.Purchasing.Stores.dll (+2 others) [CacheWrite cc4b77f8e7b328ebf0ec9c4c40b042a000000000000000000000000000000006]
[383/401    0s] CopyFiles Library/Bee/PlayerScriptAssemblies/UnityEngine.Purchasing.Stores.pdb
[384/401    0s] CopyFiles Library/Bee/PlayerScriptAssemblies/UnityEngine.Purchasing.Stores.dll
[385/401    0s] MovedFromExtractor Library/Bee/artifacts/mvdfrm/UnityEngine.Purchasing.Stores.ref.dll_9AF202A64E2C7F31.mvfrm
[386/401    0s] MovedFromExtractor-Combine Library/Bee/artifacts/1300b0aP.dag/UnityEngine.Purchasing.Codeless.dll.mvfrm
[           0s] Csc Library/Bee/artifacts/1300b0aP.dag/UnityEngine.Purchasing.Codeless.dll (+2 others) [CacheMiss 55223a6c6811a122c3b1980dbeaf2f5800000000000000000000000000000006]
[387/401    0s] Csc Library/Bee/artifacts/1300b0aP.dag/UnityEngine.Purchasing.Codeless.dll (+2 others)
[           0s] Csc Library/Bee/artifacts/1300b0aP.dag/UnityEngine.Purchasing.Codeless.dll (+2 others) [CacheWrite 55223a6c6811a122c3b1980dbeaf2f5800000000000000000000000000000006]
[388/401    0s] CopyFiles Library/Bee/PlayerScriptAssemblies/UnityEngine.Purchasing.Codeless.pdb
[389/401    0s] CopyFiles Library/Bee/PlayerScriptAssemblies/UnityEngine.Purchasing.Codeless.dll
[390/401    0s] MovedFromExtractor Library/Bee/artifacts/mvdfrm/UnityEngine.Purchasing.Codeless.ref.dll_05F068B61D20B3F5.mvfrm
[391/401    0s] MovedFromExtractor-Combine Library/Bee/artifacts/1300b0aP.dag/Assembly-CSharp-firstpass.dll.mvfrm
[392/401    0s] MovedFromExtractor-Combine Library/Bee/artifacts/1300b0aP.dag/Assembly-CSharp.dll.mvfrm
[393/401    0s] Csc Library/Bee/artifacts/1300b0aP.dag/Assembly-CSharp-firstpass.dll (+2 others)
[394/401    0s] CopyFiles Library/Bee/PlayerScriptAssemblies/Assembly-CSharp-firstpass.pdb
[395/401    0s] CopyFiles Library/Bee/PlayerScriptAssemblies/Assembly-CSharp-firstpass.dll
[396/401    0s] Csc Library/Bee/artifacts/1300b0aP.dag/Assembly-CSharp.dll (+2 others)
##### CommandLine
"C:\Program Files\Unity\Hub\Editor\6000.5.3f1\Editor\Data\DotNetSdk\dotnet.exe" exec "C:/Program Files/Unity/Hub/Editor/6000.5.3f1/Editor/Data/DotNetSdk/sdk/8.0.318/Roslyn/bincore/csc.dll" /nostdlib /noconfig /shared "@Library/Bee/artifacts/1300b0aP.dag/Assembly-CSharp.rsp" "@Library/Bee/artifacts/1300b0aP.dag/Assembly-CSharp.rsp2"
##### Contents of Library\Bee\artifacts\1300b0aP.dag\Assembly-CSharp.rsp
-target:library
-out:"Library/Bee/artifacts/1300b0aP.dag/Assembly-CSharp.dll"
-refout:"Library/Bee/artifacts/1300b0aP.dag/Assembly-CSharp.ref.dll"
-define:UNITY_6000_5_3
-define:UNITY_6000_5
-define:UNITY_6000
-define:UNITY_5_3_OR_NEWER
-define:UNITY_5_4_OR_NEWER
-define:UNITY_5_5_OR_NEWER
-define:UNITY_5_6_OR_NEWER
-define:UNITY_2017_1_OR_NEWER
-define:UNITY_2017_2_OR_NEWER
-define:UNITY_2017_3_OR_NEWER
-define:UNITY_2017_4_OR_NEWER
-define:UNITY_2018_1_OR_NEWER
-define:UNITY_2018_2_OR_NEWER
-define:UNITY_2018_3_OR_NEWER
-define:UNITY_2018_4_OR_NEWER
-define:UNITY_2019_1_OR_NEWER
-define:UNITY_2019_2_OR_NEWER
-define:UNITY_2019_3_OR_NEWER
-define:UNITY_2019_4_OR_NEWER
-define:UNITY_2020_1_OR_NEWER
-define:UNITY_2020_2_OR_NEWER
-define:UNITY_2020_3_OR_NEWER
-define:UNITY_2021_1_OR_NEWER
-define:UNITY_2021_2_OR_NEWER
-define:UNITY_2021_3_OR_NEWER
-define:UNITY_2022_1_OR_NEWER
-define:UNITY_2022_2_OR_NEWER
-define:UNITY_2022_3_OR_NEWER
-define:UNITY_2023_1_OR_NEWER
-define:UNITY_2023_2_OR_NEWER
-define:UNITY_2023_3_OR_NEWER
-define:UNITY_6000_0_OR_NEWER
-define:UNITY_6000_1_OR_NEWER
-define:UNITY_6000_2_OR_NEWER
-define:UNITY_6000_3_OR_NEWER
-define:UNITY_6000_4_OR_NEWER
-define:UNITY_6000_5_OR_NEWER
-define:ENABLE_AR
-define:ENABLE_AUDIO
-define:ENABLE_AUDIO_SCRIPTABLE_PIPELINE
-define:ENABLE_CACHING
-define:ENABLE_CLOTH
-define:ENABLE_EVENT_QUEUE
-define:ENABLE_MICROPHONE
-define:ENABLE_MULTIPLE_DISPLAYS
-define:ENABLE_PHYSICS
-define:ENABLE_TEXTURE_STREAMING
-define:ENABLE_LZMA
-define:ENABLE_UNITYEVENTS
-define:ENABLE_VR
-define:ENABLE_WEBCAM
-define:ENABLE_UNITYWEBREQUEST
-define:ENABLE_WWW
-define:ENABLE_CLOUD_SERVICES
-define:ENABLE_CLOUD_SERVICES_ADS
-define:ENABLE_CLOUD_SERVICES_USE_WEBREQUEST
-define:ENABLE_UNITY_CONSENT
-define:ENABLE_UNITY_CLOUD_IDENTIFIERS
-define:ENABLE_CLOUD_SERVICES_CRASH_REPORTING
-define:ENABLE_CLOUD_SERVICES_NATIVE_CRASH_REPORTING
-define:ENABLE_CLOUD_SERVICES_PURCHASING
-define:ENABLE_CLOUD_SERVICES_ANALYTICS
-define:ENABLE_CLOUD_SERVICES_BUILD
-define:ENABLE_EDITOR_GAME_SERVICES
-define:ENABLE_UNITY_GAME_SERVICES_ANALYTICS_SUPPORT
-define:ENABLE_CLOUD_LICENSE
-define:ENABLE_EDITOR_HUB_LICENSE
-define:ENABLE_WEBSOCKET_CLIENT
-define:ENABLE_GENERATE_NATIVE_PLUGINS_FOR_ASSEMBLIES_API
-define:ENABLE_DIRECTOR_AUDIO
-define:ENABLE_DIRECTOR_TEXTURE
-define:ENABLE_MANAGED_JOBS
-define:ENABLE_MANAGED_TRANSFORM_JOBS
-define:ENABLE_MANAGED_ANIMATION_JOBS
-define:ENABLE_MANAGED_AUDIO_JOBS
-define:ENABLE_ENGINE_CODE_STRIPPING
-define:ENABLE_ONSCREEN_KEYBOARD
-define:ENABLE_MANAGED_UNITYTLS
-define:INCLUDE_DYNAMIC_GI
-define:ENABLE_SCRIPTING_GC_WBARRIERS
-define:PLATFORM_SUPPORTS_MONO
-define:ENABLE_MARSHALLING_TESTS
-define:ENABLE_VIDEO
-define:ENABLE_NAVIGATION_OFFMESHLINK_TO_NAVMESHLINK
-define:ENABLE_ACCELERATOR_CLIENT_DEBUGGING
-define:ENABLE_ACCESSIBILITY_SCREEN_READER
-define:ENABLE_ACCESSIBILITY_SETTINGS
-define:TEXTCORE_1_0_OR_NEWER
-define:EDITOR_ONLY_NAVMESH_BUILDER_DEPRECATED
-define:PLATFORM_ANDROID
-define:UNITY_ANDROID
-define:UNITY_ANDROID_API
-define:ENABLE_EGL
-define:ENABLE_NETWORK
-define:ENABLE_RUNTIME_GI
-define:ENABLE_CRUNCH_TEXTURE_COMPRESSION
-define:ENABLE_CLOUD_SERVICES_ENGINE_DIAGNOSTICS
-define:ENABLE_FIREBASE_IDENTIFIERS
-define:UNITY_CAN_SHOW_SPLASH_SCREEN
-define:UNITY_HAS_GOOGLEVR
-define:UNITY_HAS_TANGO
-define:ENABLE_SPATIALTRACKING
-define:ENABLE_ETC_COMPRESSION
-define:PLATFORM_EXTENDS_VULKAN_DEVICE
-define:PLATFORM_HAS_MULTIPLE_SWAPCHAINS
-define:UNITY_ANDROID_SUPPORTS_SHADOWFILES
-define:PLATFORM_UPDATES_TIME_OUTSIDE_OF_PLAYER_LOOP
-define:PLATFORM_EXTENDS_VULKAN_PIPELINE_CACHE
-define:PLATFORM_SUPPORTS_SPLIT_GRAPHICS_JOBS
-define:PLATFORM_HAS_ADDITIONAL_API_CHECKS
-define:PLATFORM_HAS_GRAPHICS_JOBS_SUPPORT_CHECK_OVERRIDE
-define:PLATFORM_IMPLEMENTS_INSIGHTS_ANR
-define:PLATFORM_SUPPORTS_INSIGHTS_DEVICE_INFO
-define:ENABLE_ANDROID_ADVERTISING_IDS
-define:PLATFORM_HAS_BUGGY_MSAA_RESOLVE
-define:ENABLE_ANDROID_APP_SET_ID
-define:ENABLE_INSIGHTS_PLATFORM_SPECIFIC_RESOURCES
-define:PLATFORM_REQUIRES_TETHERED_VULKAN_COMMAND_POOL
-define:ENABLE_UNITYADS_RUNTIME
-define:UNITY_UNITYADS_API
-define:ENABLE_IL2CPP
-define:NET_4_6
-define:NET_UNITY_4_8
-define:ENABLE_CUSTOM_RENDER_TEXTURE
-define:ENABLE_DIRECTOR
-define:ENABLE_LOCALIZATION
-define:ENABLE_SPRITES
-define:ENABLE_TERRAIN
-define:ENABLE_TILEMAP
-define:ENABLE_TIMELINE
-define:ENABLE_LEGACY_INPUT_MANAGER
-define:TEXTCORE_FONT_ENGINE_1_5_OR_NEWER
-define:TEXTCORE_TEXT_ENGINE_1_5_OR_NEWER
-define:TEXTCORE_FONT_ENGINE_1_6_OR_NEWER
-define:CSHARP_7_OR_LATER
-define:CSHARP_7_3_OR_NEWER
-r:"C:/Program Files/Unity/Hub/Editor/6000.5.3f1/Editor/Data/BCLExtensions/TargetingPacks/netstandard2.1/ref/Microsoft.Bcl.AsyncInterfaces.dll"
-r:"C:/Program Files/Unity/Hub/Editor/6000.5.3f1/Editor/Data/BCLExtensions/TargetingPacks/netstandard2.1/ref/Microsoft.Extensions.DependencyInjection.Abstractions.dll"
-r:"C:/Program Files/Unity/Hub/Editor/6000.5.3f1/Editor/Data/BCLExtensions/TargetingPacks/netstandard2.1/ref/Microsoft.Extensions.Logging.Abstractions.dll"
-r:"C:/Program Files/Unity/Hub/Editor/6000.5.3f1/Editor/Data/BCLExtensions/TargetingPacks/netstandard2.1/ref/System.Collections.Immutable.dll"
-r:"C:/Program Files/Unity/Hub/Editor/6000.5.3f1/Editor/Data/BCLExtensions/TargetingPacks/netstandard2.1/ref/System.Diagnostics.DiagnosticSource.dll"
-r:"C:/Program Files/Unity/Hub/Editor/6000.5.3f1/Editor/Data/BCLExtensions/TargetingPacks/netstandard2.1/ref/System.IO.Hashing.dll"
-r:"C:/Program Files/Unity/Hub/Editor/6000.5.3f1/Editor/Data/BCLExtensions/TargetingPacks/netstandard2.1/ref/System.Reflection.Metadata.dll"
-r:"C:/Program Files/Unity/Hub/Editor/6000.5.3f1/Editor/Data/BCLExtensions/TargetingPacks/netstandard2.1/ref/System.Runtime.CompilerServices.Unsafe.dll"
-r:"C:/Program Files/Unity/Hub/Editor/6000.5.3f1/Editor/Data/BCLExtensions/TargetingPacks/netstandard2.1/ref/System.Text.Encodings.Web.dll"
-r:"C:/Program Files/Unity/Hub/Editor/6000.5.3f1/Editor/Data/BCLExtensions/TargetingPacks/netstandard2.1/ref/System.Text.Json.dll"
-r:"C:/Program Files/Unity/Hub/Editor/6000.5.3f1/Editor/Data/PlaybackEngines/AndroidPlayer/Variations/il2cpp/Managed/Unity.Scripting.dll"
-r:"C:/Program Files/Unity/Hub/Editor/6000.5.3f1/Editor/Data/PlaybackEngines/AndroidPlayer/Variations/il2cpp/Managed/UnityEngine.AIModule.dll"
-r:"C:/Program Files/Unity/Hub/Editor/6000.5.3f1/Editor/Data/PlaybackEngines/AndroidPlayer/Variations/il2cpp/Managed/UnityEngine.ARModule.dll"
-r:"C:/Program Files/Unity/Hub/Editor/6000.5.3f1/Editor/Data/PlaybackEngines/AndroidPlayer/Variations/il2cpp/Managed/UnityEngine.AccessibilityModule.dll"
-r:"C:/Program Files/Unity/Hub/Editor/6000.5.3f1/Editor/Data/PlaybackEngines/AndroidPlayer/Variations/il2cpp/Managed/UnityEngine.AdaptivePerformanceModule.dll"
-r:"C:/Program Files/Unity/Hub/Editor/6000.5.3f1/Editor/Data/PlaybackEngines/AndroidPlayer/Variations/il2cpp/Managed/UnityEngine.AndroidJNIModule.dll"
-r:"C:/Program Files/Unity/Hub/Editor/6000.5.3f1/Editor/Data/PlaybackEngines/AndroidPlayer/Variations/il2cpp/Managed/UnityEngine.AnimationModule.dll"
-r:"C:/Program Files/Unity/Hub/Editor/6000.5.3f1/Editor/Data/PlaybackEngines/AndroidPlayer/Variations/il2cpp/Managed/UnityEngine.AssetBundleModule.dll"
-r:"C:/Program Files/Unity/Hub/Editor/6000.5.3f1/Editor/Data/PlaybackEngines/AndroidPlayer/Variations/il2cpp/Managed/UnityEngine.AudioModule.dll"
-r:"C:/Program Files/Unity/Hub/Editor/6000.5.3f1/Editor/Data/PlaybackEngines/AndroidPlayer/Variations/il2cpp/Managed/UnityEngine.ClothModule.dll"
-r:"C:/Program Files/Unity/Hub/Editor/6000.5.3f1/Editor/Data/PlaybackEngines/AndroidPlayer/Variations/il2cpp/Managed/UnityEngine.ContentLoadModule.dll"
-r:"C:/Program Files/Unity/Hub/Editor/6000.5.3f1/Editor/Data/PlaybackEngines/AndroidPlayer/Variations/il2cpp/Managed/UnityEngine.CoreModule.dll"
-r:"C:/Program Files/Unity/Hub/Editor/6000.5.3f1/Editor/Data/PlaybackEngines/AndroidPlayer/Variations/il2cpp/Managed/UnityEngine.CrashReportingModule.dll"
-r:"C:/Program Files/Unity/Hub/Editor/6000.5.3f1/Editor/Data/PlaybackEngines/AndroidPlayer/Variations/il2cpp/Managed/UnityEngine.DSPGraphModule.dll"
-r:"C:/Program Files/Unity/Hub/Editor/6000.5.3f1/Editor/Data/PlaybackEngines/AndroidPlayer/Variations/il2cpp/Managed/UnityEngine.DirectorModule.dll"
-r:"C:/Program Files/Unity/Hub/Editor/6000.5.3f1/Editor/Data/PlaybackEngines/AndroidPlayer/Variations/il2cpp/Managed/UnityEngine.GIModule.dll"
-r:"C:/Program Files/Unity/Hub/Editor/6000.5.3f1/Editor/Data/PlaybackEngines/AndroidPlayer/Variations/il2cpp/Managed/UnityEngine.GameCenterModule.dll"
-r:"C:/Program Files/Unity/Hub/Editor/6000.5.3f1/Editor/Data/PlaybackEngines/AndroidPlayer/Variations/il2cpp/Managed/UnityEngine.GraphicsStateCollectionSerializerModule.dll"
-r:"C:/Program Files/Unity/Hub/Editor/6000.5.3f1/Editor/Data/PlaybackEngines/AndroidPlayer/Variations/il2cpp/Managed/UnityEngine.GridModule.dll"
-r:"C:/Program Files/Unity/Hub/Editor/6000.5.3f1/Editor/Data/PlaybackEngines/AndroidPlayer/Variations/il2cpp/Managed/UnityEngine.HierarchyCoreModule.dll"
-r:"C:/Program Files/Unity/Hub/Editor/6000.5.3f1/Editor/Data/PlaybackEngines/AndroidPlayer/Variations/il2cpp/Managed/UnityEngine.HotReloadModule.dll"
-r:"C:/Program Files/Unity/Hub/Editor/6000.5.3f1/Editor/Data/PlaybackEngines/AndroidPlayer/Variations/il2cpp/Managed/UnityEngine.IMGUIModule.dll"
-r:"C:/Program Files/Unity/Hub/Editor/6000.5.3f1/Editor/Data/PlaybackEngines/AndroidPlayer/Variations/il2cpp/Managed/UnityEngine.IdentifiersModule.dll"
-r:"C:/Program Files/Unity/Hub/Editor/6000.5.3f1/Editor/Data/PlaybackEngines/AndroidPlayer/Variations/il2cpp/Managed/UnityEngine.ImageConversionModule.dll"
-r:"C:/Program Files/Unity/Hub/Editor/6000.5.3f1/Editor/Data/PlaybackEngines/AndroidPlayer/Variations/il2cpp/Managed/UnityEngine.InputForUIModule.dll"
-r:"C:/Program Files/Unity/Hub/Editor/6000.5.3f1/Editor/Data/PlaybackEngines/AndroidPlayer/Variations/il2cpp/Managed/UnityEngine.InputLegacyModule.dll"
-r:"C:/Program Files/Unity/Hub/Editor/6000.5.3f1/Editor/Data/PlaybackEngines/AndroidPlayer/Variations/il2cpp/Managed/UnityEngine.InputModule.dll"
-r:"C:/Program Files/Unity/Hub/Editor/6000.5.3f1/Editor/Data/PlaybackEngines/AndroidPlayer/Variations/il2cpp/Managed/UnityEngine.InsightsModule.dll"
-r:"C:/Program Files/Unity/Hub/Editor/6000.5.3f1/Editor/Data/PlaybackEngines/AndroidPlayer/Variations/il2cpp/Managed/UnityEngine.JSONSerializeModule.dll"
-r:"C:/Program Files/Unity/Hub/Editor/6000.5.3f1/Editor/Data/PlaybackEngines/AndroidPlayer/Variations/il2cpp/Managed/UnityEngine.LocalizationModule.dll"
-r:"C:/Program Files/Unity/Hub/Editor/6000.5.3f1/Editor/Data/PlaybackEngines/AndroidPlayer/Variations/il2cpp/Managed/UnityEngine.MarshallingModule.dll"
-r:"C:/Program Files/Unity/Hub/Editor/6000.5.3f1/Editor/Data/PlaybackEngines/AndroidPlayer/Variations/il2cpp/Managed/UnityEngine.MathematicsModule.dll"
-r:"C:/Program Files/Unity/Hub/Editor/6000.5.3f1/Editor/Data/PlaybackEngines/AndroidPlayer/Variations/il2cpp/Managed/UnityEngine.MultiplayerModule.dll"
-r:"C:/Program Files/Unity/Hub/Editor/6000.5.3f1/Editor/Data/PlaybackEngines/AndroidPlayer/Variations/il2cpp/Managed/UnityEngine.ParticleSystemModule.dll"
-r:"C:/Program Files/Unity/Hub/Editor/6000.5.3f1/Editor/Data/PlaybackEngines/AndroidPlayer/Variations/il2cpp/Managed/UnityEngine.PerformanceReportingModule.dll"
-r:"C:/Program Files/Unity/Hub/Editor/6000.5.3f1/Editor/Data/PlaybackEngines/AndroidPlayer/Variations/il2cpp/Managed/UnityEngine.Physics2DModule.dll"
-r:"C:/Program Files/Unity/Hub/Editor/6000.5.3f1/Editor/Data/PlaybackEngines/AndroidPlayer/Variations/il2cpp/Managed/UnityEngine.PhysicsBackendPhysXModule.dll"
-r:"C:/Program Files/Unity/Hub/Editor/6000.5.3f1/Editor/Data/PlaybackEngines/AndroidPlayer/Variations/il2cpp/Managed/UnityEngine.PhysicsCore2DModule.dll"
-r:"C:/Program Files/Unity/Hub/Editor/6000.5.3f1/Editor/Data/PlaybackEngines/AndroidPlayer/Variations/il2cpp/Managed/UnityEngine.PhysicsModule.dll"
-r:"C:/Program Files/Unity/Hub/Editor/6000.5.3f1/Editor/Data/PlaybackEngines/AndroidPlayer/Variations/il2cpp/Managed/UnityEngine.PropertiesModule.dll"
-r:"C:/Program Files/Unity/Hub/Editor/6000.5.3f1/Editor/Data/PlaybackEngines/AndroidPlayer/Variations/il2cpp/Managed/UnityEngine.RenderAs2DModule.dll"
-r:"C:/Program Files/Unity/Hub/Editor/6000.5.3f1/Editor/Data/PlaybackEngines/AndroidPlayer/Variations/il2cpp/Managed/UnityEngine.RuntimeInitializeOnLoadManagerInitializerModule.dll"
-r:"C:/Program Files/Unity/Hub/Editor/6000.5.3f1/Editor/Data/PlaybackEngines/AndroidPlayer/Variations/il2cpp/Managed/UnityEngine.ScreenCaptureModule.dll"
-r:"C:/Program Files/Unity/Hub/Editor/6000.5.3f1/Editor/Data/PlaybackEngines/AndroidPlayer/Variations/il2cpp/Managed/UnityEngine.ScriptingModule.dll"
-r:"C:/Program Files/Unity/Hub/Editor/6000.5.3f1/Editor/Data/PlaybackEngines/AndroidPlayer/Variations/il2cpp/Managed/UnityEngine.ShaderVariantAnalyticsModule.dll"
-r:"C:/Program Files/Unity/Hub/Editor/6000.5.3f1/Editor/Data/PlaybackEngines/AndroidPlayer/Variations/il2cpp/Managed/UnityEngine.SharedInternalsModule.dll"
-r:"C:/Program Files/Unity/Hub/Editor/6000.5.3f1/Editor/Data/PlaybackEngines/AndroidPlayer/Variations/il2cpp/Managed/UnityEngine.SpriteMaskModule.dll"
-r:"C:/Program Files/Unity/Hub/Editor/6000.5.3f1/Editor/Data/PlaybackEngines/AndroidPlayer/Variations/il2cpp/Managed/UnityEngine.SpriteShapeModule.dll"
-r:"C:/Program Files/Unity/Hub/Editor/6000.5.3f1/Editor/Data/PlaybackEngines/AndroidPlayer/Variations/il2cpp/Managed/UnityEngine.StreamingModule.dll"
-r:"C:/Program Files/Unity/Hub/Editor/6000.5.3f1/Editor/Data/PlaybackEngines/AndroidPlayer/Variations/il2cpp/Managed/UnityEngine.SubstanceModule.dll"
-r:"C:/Program Files/Unity/Hub/Editor/6000.5.3f1/Editor/Data/PlaybackEngines/AndroidPlayer/Variations/il2cpp/Managed/UnityEngine.SubsystemsModule.dll"
-r:"C:/Program Files/Unity/Hub/Editor/6000.5.3f1/Editor/Data/PlaybackEngines/AndroidPlayer/Variations/il2cpp/Managed/UnityEngine.TLSModule.dll"
-r:"C:/Program Files/Unity/Hub/Editor/6000.5.3f1/Editor/Data/PlaybackEngines/AndroidPlayer/Variations/il2cpp/Managed/UnityEngine.TerrainModule.dll"
-r:"C:/Program Files/Unity/Hub/Editor/6000.5.3f1/Editor/Data/PlaybackEngines/AndroidPlayer/Variations/il2cpp/Managed/UnityEngine.TerrainPhysicsModule.dll"
-r:"C:/Program Files/Unity/Hub/Editor/6000.5.3f1/Editor/Data/PlaybackEngines/AndroidPlayer/Variations/il2cpp/Managed/UnityEngine.TextCoreFontEngineModule.dll"
-r:"C:/Program Files/Unity/Hub/Editor/6000.5.3f1/Editor/Data/PlaybackEngines/AndroidPlayer/Variations/il2cpp/Managed/UnityEngine.TextCoreTextEngineModule.dll"
-r:"C:/Program Files/Unity/Hub/Editor/6000.5.3f1/Editor/Data/PlaybackEngines/AndroidPlayer/Variations/il2cpp/Managed/UnityEngine.TextRenderingModule.dll"
-r:"C:/Program Files/Unity/Hub/Editor/6000.5.3f1/Editor/Data/PlaybackEngines/AndroidPlayer/Variations/il2cpp/Managed/UnityEngine.TilemapModule.dll"
-r:"C:/Program Files/Unity/Hub/Editor/6000.5.3f1/Editor/Data/PlaybackEngines/AndroidPlayer/Variations/il2cpp/Managed/UnityEngine.U2DRuntimeModule.dll"
-r:"C:/Program Files/Unity/Hub/Editor/6000.5.3f1/Editor/Data/PlaybackEngines/AndroidPlayer/Variations/il2cpp/Managed/UnityEngine.UIElementsModule.dll"
-r:"C:/Program Files/Unity/Hub/Editor/6000.5.3f1/Editor/Data/PlaybackEngines/AndroidPlayer/Variations/il2cpp/Managed/UnityEngine.UIModule.dll"
-r:"C:/Program Files/Unity/Hub/Editor/6000.5.3f1/Editor/Data/PlaybackEngines/AndroidPlayer/Variations/il2cpp/Managed/UnityEngine.UmbraModule.dll"
-r:"C:/Program Files/Unity/Hub/Editor/6000.5.3f1/Editor/Data/PlaybackEngines/AndroidPlayer/Variations/il2cpp/Managed/UnityEngine.UnityAnalyticsCommonModule.dll"
-r:"C:/Program Files/Unity/Hub/Editor/6000.5.3f1/Editor/Data/PlaybackEngines/AndroidPlayer/Variations/il2cpp/Managed/UnityEngine.UnityAnalyticsModule.dll"
-r:"C:/Program Files/Unity/Hub/Editor/6000.5.3f1/Editor/Data/PlaybackEngines/AndroidPlayer/Variations/il2cpp/Managed/UnityEngine.UnityConnectModule.dll"
-r:"C:/Program Files/Unity/Hub/Editor/6000.5.3f1/Editor/Data/PlaybackEngines/AndroidPlayer/Variations/il2cpp/Managed/UnityEngine.UnityConsentModule.dll"
-r:"C:/Program Files/Unity/Hub/Editor/6000.5.3f1/Editor/Data/PlaybackEngines/AndroidPlayer/Variations/il2cpp/Managed/UnityEngine.UnityCurlModule.dll"
-r:"C:/Program Files/Unity/Hub/Editor/6000.5.3f1/Editor/Data/PlaybackEngines/AndroidPlayer/Variations/il2cpp/Managed/UnityEngine.UnityWebRequestAssetBundleModule.dll"
-r:"C:/Program Files/Unity/Hub/Editor/6000.5.3f1/Editor/Data/PlaybackEngines/AndroidPlayer/Variations/il2cpp/Managed/UnityEngine.UnityWebRequestAudioModule.dll"
-r:"C:/Program Files/Unity/Hub/Editor/6000.5.3f1/Editor/Data/PlaybackEngines/AndroidPlayer/Variations/il2cpp/Managed/UnityEngine.UnityWebRequestModule.dll"
-r:"C:/Program Files/Unity/Hub/Editor/6000.5.3f1/Editor/Data/PlaybackEngines/AndroidPlayer/Variations/il2cpp/Managed/UnityEngine.UnityWebRequestTextureModule.dll"
-r:"C:/Program Files/Unity/Hub/Editor/6000.5.3f1/Editor/Data/PlaybackEngines/AndroidPlayer/Variations/il2cpp/Managed/UnityEngine.UnityWebRequestWWWModule.dll"
-r:"C:/Program Files/Unity/Hub/Editor/6000.5.3f1/Editor/Data/PlaybackEngines/AndroidPlayer/Variations/il2cpp/Managed/UnityEngine.VFXModule.dll"
-r:"C:/Program Files/Unity/Hub/Editor/6000.5.3f1/Editor/Data/PlaybackEngines/AndroidPlayer/Variations/il2cpp/Managed/UnityEngine.VectorGraphicsModule.dll"
-r:"C:/Program Files/Unity/Hub/Editor/6000.5.3f1/Editor/Data/PlaybackEngines/AndroidPlayer/Variations/il2cpp/Managed/UnityEngine.VehiclesModule.dll"
-r:"C:/Program Files/Unity/Hub/Editor/6000.5.3f1/Editor/Data/PlaybackEngines/AndroidPlayer/Variations/il2cpp/Managed/UnityEngine.VideoModule.dll"
-r:"C:/Program Files/Unity/Hub/Editor/6000.5.3f1/Editor/Data/PlaybackEngines/AndroidPlayer/Variations/il2cpp/Managed/UnityEngine.WindModule.dll"
-r:"C:/Program Files/Unity/Hub/Editor/6000.5.3f1/Editor/Data/PlaybackEngines/AndroidPlayer/Variations/il2cpp/Managed/UnityEngine.XRModule.dll"
-r:"C:/Program Files/Unity/Hub/Editor/6000.5.3f1/Editor/Data/PlaybackEngines/AndroidPlayer/Variations/il2cpp/Managed/UnityEngine.dll"
-r:"C:/Program Files/Unity/Hub/Editor/6000.5.3f1/Editor/Data/UnityReferenceAssemblies/unity-4.8-api/Facades/Microsoft.Win32.Primitives.dll"
-r:"C:/Program Files/Unity/Hub/Editor/6000.5.3f1/Editor/Data/UnityReferenceAssemblies/unity-4.8-api/Facades/System.AppContext.dll"
-r:"C:/Program Files/Unity/Hub/Editor/6000.5.3f1/Editor/Data/UnityReferenceAssemblies/unity-4.8-api/Facades/System.Buffers.dll"
-r:"C:/Program Files/Unity/Hub/Editor/6000.5.3f1/Editor/Data/UnityReferenceAssemblies/unity-4.8-api/Facades/System.Collections.Concurrent.dll"
-r:"C:/Program Files/Unity/Hub/Editor/6000.5.3f1/Editor/Data/UnityReferenceAssemblies/unity-4.8-api/Facades/System.Collections.NonGeneric.dll"
-r:"C:/Program Files/Unity/Hub/Editor/6000.5.3f1/Editor/Data/UnityReferenceAssemblies/unity-4.8-api/Facades/System.Collections.Specialized.dll"
-r:"C:/Program Files/Unity/Hub/Editor/6000.5.3f1/Editor/Data/UnityReferenceAssemblies/unity-4.8-api/Facades/System.Collections.dll"
-r:"C:/Program Files/Unity/Hub/Editor/6000.5.3f1/Editor/Data/UnityReferenceAssemblies/unity-4.8-api/Facades/System.ComponentModel.Annotations.dll"
-r:"C:/Program Files/Unity/Hub/Editor/6000.5.3f1/Editor/Data/UnityReferenceAssemblies/unity-4.8-api/Facades/System.ComponentModel.EventBasedAsync.dll"
-r:"C:/Program Files/Unity/Hub/Editor/6000.5.3f1/Editor/Data/UnityReferenceAssemblies/unity-4.8-api/Facades/System.ComponentModel.Primitives.dll"
-r:"C:/Program Files/Unity/Hub/Editor/6000.5.3f1/Editor/Data/UnityReferenceAssemblies/unity-4.8-api/Facades/System.ComponentModel.TypeConverter.dll"
-r:"C:/Program Files/Unity/Hub/Editor/6000.5.3f1/Editor/Data/UnityReferenceAssemblies/unity-4.8-api/Facades/System.ComponentModel.dll"
-r:"C:/Program Files/Unity/Hub/Editor/6000.5.3f1/Editor/Data/UnityReferenceAssemblies/unity-4.8-api/Facades/System.Console.dll"
-r:"C:/Program Files/Unity/Hub/Editor/6000.5.3f1/Editor/Data/UnityReferenceAssemblies/unity-4.8-api/Facades/System.Data.Common.dll"
-r:"C:/Program Files/Unity/Hub/Editor/6000.5.3f1/Editor/Data/UnityReferenceAssemblies/unity-4.8-api/Facades/System.Diagnostics.Contracts.dll"
-r:"C:/Program Files/Unity/Hub/Editor/6000.5.3f1/Editor/Data/UnityReferenceAssemblies/unity-4.8-api/Facades/System.Diagnostics.Debug.dll"
-r:"C:/Program Files/Unity/Hub/Editor/6000.5.3f1/Editor/Data/UnityReferenceAssemblies/unity-4.8-api/Facades/System.Diagnostics.FileVersionInfo.dll"
-r:"C:/Program Files/Unity/Hub/Editor/6000.5.3f1/Editor/Data/UnityReferenceAssemblies/unity-4.8-api/Facades/System.Diagnostics.Process.dll"
-r:"C:/Program Files/Unity/Hub/Editor/6000.5.3f1/Editor/Data/UnityReferenceAssemblies/unity-4.8-api/Facades/System.Diagnostics.StackTrace.dll"
-r:"C:/Program Files/Unity/Hub/Editor/6000.5.3f1/Editor/Data/UnityReferenceAssemblies/unity-4.8-api/Facades/System.Diagnostics.TextWriterTraceListener.dll"
-r:"C:/Program Files/Unity/Hub/Editor/6000.5.3f1/Editor/Data/UnityReferenceAssemblies/unity-4.8-api/Facades/System.Diagnostics.Tools.dll"
-r:"C:/Program Files/Unity/Hub/Editor/6000.5.3f1/Editor/Data/UnityReferenceAssemblies/unity-4.8-api/Facades/System.Diagnostics.TraceSource.dll"
-r:"C:/Program Files/Unity/Hub/Editor/6000.5.3f1/Editor/Data/UnityReferenceAssemblies/unity-4.8-api/Facades/System.Drawing.Primitives.dll"
-r:"C:/Program Files/Unity/Hub/Editor/6000.5.3f1/Editor/Data/UnityReferenceAssemblies/unity-4.8-api/Facades/System.Dynamic.Runtime.dll"
-r:"C:/Program Files/Unity/Hub/Editor/6000.5.3f1/Editor/Data/UnityReferenceAssemblies/unity-4.8-api/Facades/System.Globalization.Calendars.dll"
-r:"C:/Program Files/Unity/Hub/Editor/6000.5.3f1/Editor/Data/UnityReferenceAssemblies/unity-4.8-api/Facades/System.Globalization.Extensions.dll"
-r:"C:/Program Files/Unity/Hub/Editor/6000.5.3f1/Editor/Data/UnityReferenceAssemblies/unity-4.8-api/Facades/System.Globalization.dll"
-r:"C:/Program Files/Unity/Hub/Editor/6000.5.3f1/Editor/Data/UnityReferenceAssemblies/unity-4.8-api/Facades/System.IO.Compression.ZipFile.dll"
-r:"C:/Program Files/Unity/Hub/Editor/6000.5.3f1/Editor/Data/UnityReferenceAssemblies/unity-4.8-api/Facades/System.IO.FileSystem.DriveInfo.dll"
-r:"C:/Program Files/Unity/Hub/Editor/6000.5.3f1/Editor/Data/UnityReferenceAssemblies/unity-4.8-api/Facades/System.IO.FileSystem.Primitives.dll"
-r:"C:/Program Files/Unity/Hub/Editor/6000.5.3f1/Editor/Data/UnityReferenceAssemblies/unity-4.8-api/Facades/System.IO.FileSystem.Watcher.dll"
-r:"C:/Program Files/Unity/Hub/Editor/6000.5.3f1/Editor/Data/UnityReferenceAssemblies/unity-4.8-api/Facades/System.IO.FileSystem.dll"
-r:"C:/Program Files/Unity/Hub/Editor/6000.5.3f1/Editor/Data/UnityReferenceAssemblies/unity-4.8-api/Facades/System.IO.IsolatedStorage.dll"
-r:"C:/Program Files/Unity/Hub/Editor/6000.5.3f1/Editor/Data/UnityReferenceAssemblies/unity-4.8-api/Facades/System.IO.MemoryMappedFiles.dll"
-r:"C:/Program Files/Unity/Hub/Editor/6000.5.3f1/Editor/Data/UnityReferenceAssemblies/unity-4.8-api/Facades/System.IO.Pipes.dll"
-r:"C:/Program Files/Unity/Hub/Editor/6000.5.3f1/Editor/Data/UnityReferenceAssemblies/unity-4.8-api/Facades/System.IO.UnmanagedMemoryStream.dll"
-r:"C:/Program Files/Unity/Hub/Editor/6000.5.3f1/Editor/Data/UnityReferenceAssemblies/unity-4.8-api/Facades/System.IO.dll"
-r:"C:/Program Files/Unity/Hub/Editor/6000.5.3f1/Editor/Data/UnityReferenceAssemblies/unity-4.8-api/Facades/System.Linq.Expressions.dll"
-r:"C:/Program Files/Unity/Hub/Editor/6000.5.3f1/Editor/Data/UnityReferenceAssemblies/unity-4.8-api/Facades/System.Linq.Parallel.dll"
-r:"C:/Program Files/Unity/Hub/Editor/6000.5.3f1/Editor/Data/UnityReferenceAssemblies/unity-4.8-api/Facades/System.Linq.Queryable.dll"
-r:"C:/Program Files/Unity/Hub/Editor/6000.5.3f1/Editor/Data/UnityReferenceAssemblies/unity-4.8-api/Facades/System.Linq.dll"
-r:"C:/Program Files/Unity/Hub/Editor/6000.5.3f1/Editor/Data/UnityReferenceAssemblies/unity-4.8-api/Facades/System.Memory.dll"
-r:"C:/Program Files/Unity/Hub/Editor/6000.5.3f1/Editor/Data/UnityReferenceAssemblies/unity-4.8-api/Facades/System.Net.Http.Rtc.dll"
-r:"C:/Program Files/Unity/Hub/Editor/6000.5.3f1/Editor/Data/UnityReferenceAssemblies/unity-4.8-api/Facades/System.Net.NameResolution.dll"
-r:"C:/Program Files/Unity/Hub/Editor/6000.5.3f1/Editor/Data/UnityReferenceAssemblies/unity-4.8-api/Facades/System.Net.NetworkInformation.dll"
-r:"C:/Program Files/Unity/Hub/Editor/6000.5.3f1/Editor/Data/UnityReferenceAssemblies/unity-4.8-api/Facades/System.Net.Ping.dll"
-r:"C:/Program Files/Unity/Hub/Editor/6000.5.3f1/Editor/Data/UnityReferenceAssemblies/unity-4.8-api/Facades/System.Net.Primitives.dll"
-r:"C:/Program Files/Unity/Hub/Editor/6000.5.3f1/Editor/Data/UnityReferenceAssemblies/unity-4.8-api/Facades/System.Net.Requests.dll"
-r:"C:/Program Files/Unity/Hub/Editor/6000.5.3f1/Editor/Data/UnityReferenceAssemblies/unity-4.8-api/Facades/System.Net.Security.dll"
-r:"C:/Program Files/Unity/Hub/Editor/6000.5.3f1/Editor/Data/UnityReferenceAssemblies/unity-4.8-api/Facades/System.Net.Sockets.dll"
-r:"C:/Program Files/Unity/Hub/Editor/6000.5.3f1/Editor/Data/UnityReferenceAssemblies/unity-4.8-api/Facades/System.Net.WebHeaderCollection.dll"
-r:"C:/Program Files/Unity/Hub/Editor/6000.5.3f1/Editor/Data/UnityReferenceAssemblies/unity-4.8-api/Facades/System.Net.WebSockets.Client.dll"
-r:"C:/Program Files/Unity/Hub/Editor/6000.5.3f1/Editor/Data/UnityReferenceAssemblies/unity-4.8-api/Facades/System.Net.WebSockets.dll"
-r:"C:/Program Files/Unity/Hub/Editor/6000.5.3f1/Editor/Data/UnityReferenceAssemblies/unity-4.8-api/Facades/System.ObjectModel.dll"
-r:"C:/Program Files/Unity/Hub/Editor/6000.5.3f1/Editor/Data/UnityReferenceAssemblies/unity-4.8-api/Facades/System.Reflection.DispatchProxy.dll"
-r:"C:/Program Files/Unity/Hub/Editor/6000.5.3f1/Editor/Data/UnityReferenceAssemblies/unity-4.8-api/Facades/System.Reflection.Emit.ILGeneration.dll"
-r:"C:/Program Files/Unity/Hub/Editor/6000.5.3f1/Editor/Data/UnityReferenceAssemblies/unity-4.8-api/Facades/System.Reflection.Emit.Lightweight.dll"
-r:"C:/Program Files/Unity/Hub/Editor/6000.5.3f1/Editor/Data/UnityReferenceAssemblies/unity-4.8-api/Facades/System.Reflection.Emit.dll"
-r:"C:/Program Files/Unity/Hub/Editor/6000.5.3f1/Editor/Data/UnityReferenceAssemblies/unity-4.8-api/Facades/System.Reflection.Extensions.dll"
-r:"C:/Program Files/Unity/Hub/Editor/6000.5.3f1/Editor/Data/UnityReferenceAssemblies/unity-4.8-api/Facades/System.Reflection.Primitives.dll"
-r:"C:/Program Files/Unity/Hub/Editor/6000.5.3f1/Editor/Data/UnityReferenceAssemblies/unity-4.8-api/Facades/System.Reflection.dll"
-r:"C:/Program Files/Unity/Hub/Editor/6000.5.3f1/Editor/Data/UnityReferenceAssemblies/unity-4.8-api/Facades/System.Resources.Reader.dll"
-r:"C:/Program Files/Unity/Hub/Editor/6000.5.3f1/Editor/Data/UnityReferenceAssemblies/unity-4.8-api/Facades/System.Resources.ResourceManager.dll"
-r:"C:/Program Files/Unity/Hub/Editor/6000.5.3f1/Editor/Data/UnityReferenceAssemblies/unity-4.8-api/Facades/System.Resources.Writer.dll"
-r:"C:/Program Files/Unity/Hub/Editor/6000.5.3f1/Editor/Data/UnityReferenceAssemblies/unity-4.8-api/Facades/System.Runtime.CompilerServices.VisualC.dll"
-r:"C:/Program Files/Unity/Hub/Editor/6000.5.3f1/Editor/Data/UnityReferenceAssemblies/unity-4.8-api/Facades/System.Runtime.Extensions.dll"
-r:"C:/Program Files/Unity/Hub/Editor/6000.5.3f1/Editor/Data/UnityReferenceAssemblies/unity-4.8-api/Facades/System.Runtime.Handles.dll"
-r:"C:/Program Files/Unity/Hub/Editor/6000.5.3f1/Editor/Data/UnityReferenceAssemblies/unity-4.8-api/Facades/System.Runtime.InteropServices.RuntimeInformation.dll"
-r:"C:/Program Files/Unity/Hub/Editor/6000.5.3f1/Editor/Data/UnityReferenceAssemblies/unity-4.8-api/Facades/System.Runtime.InteropServices.WindowsRuntime.dll"
-r:"C:/Program Files/Unity/Hub/Editor/6000.5.3f1/Editor/Data/UnityReferenceAssemblies/unity-4.8-api/Facades/System.Runtime.InteropServices.dll"
-r:"C:/Program Files/Unity/Hub/Editor/6000.5.3f1/Editor/Data/UnityReferenceAssemblies/unity-4.8-api/Facades/System.Runtime.Numerics.dll"
-r:"C:/Program Files/Unity/Hub/Editor/6000.5.3f1/Editor/Data/UnityReferenceAssemblies/unity-4.8-api/Facades/System.Runtime.Serialization.Formatters.dll"
-r:"C:/Program Files/Unity/Hub/Editor/6000.5.3f1/Editor/Data/UnityReferenceAssemblies/unity-4.8-api/Facades/System.Runtime.Serialization.Json.dll"
-r:"C:/Program Files/Unity/Hub/Editor/6000.5.3f1/Editor/Data/UnityReferenceAssemblies/unity-4.8-api/Facades/System.Runtime.Serialization.Primitives.dll"
-r:"C:/Program Files/Unity/Hub/Editor/6000.5.3f1/Editor/Data/UnityReferenceAssemblies/unity-4.8-api/Facades/System.Runtime.Serialization.Xml.dll"
-r:"C:/Program Files/Unity/Hub/Editor/6000.5.3f1/Editor/Data/UnityReferenceAssemblies/unity-4.8-api/Facades/System.Runtime.dll"
-r:"C:/Program Files/Unity/Hub/Editor/6000.5.3f1/Editor/Data/UnityReferenceAssemblies/unity-4.8-api/Facades/System.Security.Claims.dll"
-r:"C:/Program Files/Unity/Hub/Editor/6000.5.3f1/Editor/Data/UnityReferenceAssemblies/unity-4.8-api/Facades/System.Security.Cryptography.Algorithms.dll"
-r:"C:/Program Files/Unity/Hub/Editor/6000.5.3f1/Editor/Data/UnityReferenceAssemblies/unity-4.8-api/Facades/System.Security.Cryptography.Csp.dll"
-r:"C:/Program Files/Unity/Hub/Editor/6000.5.3f1/Editor/Data/UnityReferenceAssemblies/unity-4.8-api/Facades/System.Security.Cryptography.Encoding.dll"
-r:"C:/Program Files/Unity/Hub/Editor/6000.5.3f1/Editor/Data/UnityReferenceAssemblies/unity-4.8-api/Facades/System.Security.Cryptography.Primitives.dll"
-r:"C:/Program Files/Unity/Hub/Editor/6000.5.3f1/Editor/Data/UnityReferenceAssemblies/unity-4.8-api/Facades/System.Security.Cryptography.X509Certificates.dll"
-r:"C:/Program Files/Unity/Hub/Editor/6000.5.3f1/Editor/Data/UnityReferenceAssemblies/unity-4.8-api/Facades/System.Security.Principal.dll"
-r:"C:/Program Files/Unity/Hub/Editor/6000.5.3f1/Editor/Data/UnityReferenceAssemblies/unity-4.8-api/Facades/System.Security.SecureString.dll"
-r:"C:/Program Files/Unity/Hub/Editor/6000.5.3f1/Editor/Data/UnityReferenceAssemblies/unity-4.8-api/Facades/System.ServiceModel.Duplex.dll"
-r:"C:/Program Files/Unity/Hub/Editor/6000.5.3f1/Editor/Data/UnityReferenceAssemblies/unity-4.8-api/Facades/System.ServiceModel.Http.dll"
-r:"C:/Program Files/Unity/Hub/Editor/6000.5.3f1/Editor/Data/UnityReferenceAssemblies/unity-4.8-api/Facades/System.ServiceModel.NetTcp.dll"
-r:"C:/Program Files/Unity/Hub/Editor/6000.5.3f1/Editor/Data/UnityReferenceAssemblies/unity-4.8-api/Facades/System.ServiceModel.Primitives.dll"
-r:"C:/Program Files/Unity/Hub/Editor/6000.5.3f1/Editor/Data/UnityReferenceAssemblies/unity-4.8-api/Facades/System.ServiceModel.Security.dll"
-r:"C:/Program Files/Unity/Hub/Editor/6000.5.3f1/Editor/Data/UnityReferenceAssemblies/unity-4.8-api/Facades/System.Text.Encoding.Extensions.dll"
-r:"C:/Program Files/Unity/Hub/Editor/6000.5.3f1/Editor/Data/UnityReferenceAssemblies/unity-4.8-api/Facades/System.Text.Encoding.dll"
-r:"C:/Program Files/Unity/Hub/Editor/6000.5.3f1/Editor/Data/UnityReferenceAssemblies/unity-4.8-api/Facades/System.Text.RegularExpressions.dll"
-r:"C:/Program Files/Unity/Hub/Editor/6000.5.3f1/Editor/Data/UnityReferenceAssemblies/unity-4.8-api/Facades/System.Threading.Overlapped.dll"
-r:"C:/Program Files/Unity/Hub/Editor/6000.5.3f1/Editor/Data/UnityReferenceAssemblies/unity-4.8-api/Facades/System.Threading.Tasks.Extensions.dll"
-r:"C:/Program Files/Unity/Hub/Editor/6000.5.3f1/Editor/Data/UnityReferenceAssemblies/unity-4.8-api/Facades/System.Threading.Tasks.Parallel.dll"
-r:"C:/Program Files/Unity/Hub/Editor/6000.5.3f1/Editor/Data/UnityReferenceAssemblies/unity-4.8-api/Facades/System.Threading.Tasks.dll"
-r:"C:/Program Files/Unity/Hub/Editor/6000.5.3f1/Editor/Data/UnityReferenceAssemblies/unity-4.8-api/Facades/System.Threading.Thread.dll"
-r:"C:/Program Files/Unity/Hub/Editor/6000.5.3f1/Editor/Data/UnityReferenceAssemblies/unity-4.8-api/Facades/System.Threading.ThreadPool.dll"
-r:"C:/Program Files/Unity/Hub/Editor/6000.5.3f1/Editor/Data/UnityReferenceAssemblies/unity-4.8-api/Facades/System.Threading.Timer.dll"
-r:"C:/Program Files/Unity/Hub/Editor/6000.5.3f1/Editor/Data/UnityReferenceAssemblies/unity-4.8-api/Facades/System.Threading.dll"
-r:"C:/Program Files/Unity/Hub/Editor/6000.5.3f1/Editor/Data/UnityReferenceAssemblies/unity-4.8-api/Facades/System.ValueTuple.dll"
-r:"C:/Program Files/Unity/Hub/Editor/6000.5.3f1/Editor/Data/UnityReferenceAssemblies/unity-4.8-api/Facades/System.Xml.ReaderWriter.dll"
-r:"C:/Program Files/Unity/Hub/Editor/6000.5.3f1/Editor/Data/UnityReferenceAssemblies/unity-4.8-api/Facades/System.Xml.XDocument.dll"
-r:"C:/Program Files/Unity/Hub/Editor/6000.5.3f1/Editor/Data/UnityReferenceAssemblies/unity-4.8-api/Facades/System.Xml.XPath.XDocument.dll"
-r:"C:/Program Files/Unity/Hub/Editor/6000.5.3f1/Editor/Data/UnityReferenceAssemblies/unity-4.8-api/Facades/System.Xml.XPath.dll"
-r:"C:/Program Files/Unity/Hub/Editor/6000.5.3f1/Editor/Data/UnityReferenceAssemblies/unity-4.8-api/Facades/System.Xml.XmlDocument.dll"
-r:"C:/Program Files/Unity/Hub/Editor/6000.5.3f1/Editor/Data/UnityReferenceAssemblies/unity-4.8-api/Facades/System.Xml.XmlSerializer.dll"
-r:"C:/Program Files/Unity/Hub/Editor/6000.5.3f1/Editor/Data/UnityReferenceAssemblies/unity-4.8-api/Facades/netstandard.dll"
-r:"C:/Program Files/Unity/Hub/Editor/6000.5.3f1/Editor/Data/UnityReferenceAssemblies/unity-4.8-api/Microsoft.CSharp.dll"
-r:"C:/Program Files/Unity/Hub/Editor/6000.5.3f1/Editor/Data/UnityReferenceAssemblies/unity-4.8-api/System.ComponentModel.Composition.dll"
-r:"C:/Program Files/Unity/Hub/Editor/6000.5.3f1/Editor/Data/UnityReferenceAssemblies/unity-4.8-api/System.Core.dll"
-r:"C:/Program Files/Unity/Hub/Editor/6000.5.3f1/Editor/Data/UnityReferenceAssemblies/unity-4.8-api/System.Data.DataSetExtensions.dll"
-r:"C:/Program Files/Unity/Hub/Editor/6000.5.3f1/Editor/Data/UnityReferenceAssemblies/unity-4.8-api/System.Data.dll"
-r:"C:/Program Files/Unity/Hub/Editor/6000.5.3f1/Editor/Data/UnityReferenceAssemblies/unity-4.8-api/System.Drawing.dll"
-r:"C:/Program Files/Unity/Hub/Editor/6000.5.3f1/Editor/Data/UnityReferenceAssemblies/unity-4.8-api/System.IO.Compression.FileSystem.dll"
-r:"C:/Program Files/Unity/Hub/Editor/6000.5.3f1/Editor/Data/UnityReferenceAssemblies/unity-4.8-api/System.IO.Compression.dll"
-r:"C:/Program Files/Unity/Hub/Editor/6000.5.3f1/Editor/Data/UnityReferenceAssemblies/unity-4.8-api/System.Net.Http.dll"
-r:"C:/Program Files/Unity/Hub/Editor/6000.5.3f1/Editor/Data/UnityReferenceAssemblies/unity-4.8-api/System.Numerics.Vectors.dll"
-r:"C:/Program Files/Unity/Hub/Editor/6000.5.3f1/Editor/Data/UnityReferenceAssemblies/unity-4.8-api/System.Numerics.dll"
-r:"C:/Program Files/Unity/Hub/Editor/6000.5.3f1/Editor/Data/UnityReferenceAssemblies/unity-4.8-api/System.Runtime.Serialization.dll"
-r:"C:/Program Files/Unity/Hub/Editor/6000.5.3f1/Editor/Data/UnityReferenceAssemblies/unity-4.8-api/System.Transactions.dll"
-r:"C:/Program Files/Unity/Hub/Editor/6000.5.3f1/Editor/Data/UnityReferenceAssemblies/unity-4.8-api/System.Xml.Linq.dll"
-r:"C:/Program Files/Unity/Hub/Editor/6000.5.3f1/Editor/Data/UnityReferenceAssemblies/unity-4.8-api/System.Xml.dll"
-r:"C:/Program Files/Unity/Hub/Editor/6000.5.3f1/Editor/Data/UnityReferenceAssemblies/unity-4.8-api/System.dll"
-r:"C:/Program Files/Unity/Hub/Editor/6000.5.3f1/Editor/Data/UnityReferenceAssemblies/unity-4.8-api/mscorlib.dll"
-r:"Library/PackageCache/com.unity.ext.nunit@44f7d31723bd/net472/unity-custom/nunit.framework.dll"
-r:"Library/PackageCache/com.unity.nuget.newtonsoft-json@4dfd81071c64/Runtime/AOT/Newtonsoft.Json.dll"
-r:"Library/Bee/artifacts/1300b0aP.dag/Assembly-CSharp-firstpass.ref.dll"
-r:"Library/Bee/artifacts/1300b0aP.dag/Purchasing.Common.ref.dll"
-r:"Library/Bee/artifacts/1300b0aP.dag/Unity.AI.Navigation.ref.dll"
-r:"Library/Bee/artifacts/1300b0aP.dag/Unity.Analytics.DataPrivacy.ref.dll"
-r:"Library/Bee/artifacts/1300b0aP.dag/Unity.InternalAPIEngineBridge.004.ref.dll"
-r:"Library/Bee/artifacts/1300b0aP.dag/Unity.Multiplayer.Center.Common.ref.dll"
-r:"Library/Bee/artifacts/1300b0aP.dag/Unity.Services.Analytics.ref.dll"
-r:"Library/Bee/artifacts/1300b0aP.dag/Unity.Services.Core.Analytics.ref.dll"
-r:"Library/Bee/artifacts/1300b0aP.dag/Unity.Services.Core.Components.ref.dll"
-r:"Library/Bee/artifacts/1300b0aP.dag/Unity.Services.Core.Environments.ref.dll"
-r:"Library/Bee/artifacts/1300b0aP.dag/Unity.Services.Core.ref.dll"
-r:"Library/Bee/artifacts/1300b0aP.dag/Unity.TextMeshPro.ref.dll"
-r:"Library/Bee/artifacts/1300b0aP.dag/Unity.Timeline.ref.dll"
-r:"Library/Bee/artifacts/1300b0aP.dag/UnityEngine.Purchasing.Codeless.ref.dll"
-r:"Library/Bee/artifacts/1300b0aP.dag/UnityEngine.Purchasing.ref.dll"
-r:"Library/Bee/artifacts/1300b0aP.dag/UnityEngine.Purchasing.Security.ref.dll"
-r:"Library/Bee/artifacts/1300b0aP.dag/UnityEngine.Purchasing.SecurityCore.ref.dll"
-r:"Library/Bee/artifacts/1300b0aP.dag/UnityEngine.Purchasing.Stores.ref.dll"
-r:"Library/Bee/artifacts/1300b0aP.dag/UnityEngine.SpatialTracking.ref.dll"
-r:"Library/Bee/artifacts/1300b0aP.dag/UnityEngine.UI.ref.dll"
-r:"Library/Bee/artifacts/1300b0aP.dag/UnityEngine.XR.LegacyInputHelpers.ref.dll"
-analyzer:"C:/Program Files/Unity/Hub/Editor/6000.5.3f1/Editor/Data/BCLExtensions/TargetingPacks/netstandard2.1/analyzers/dotnet/roslyn4.0/cs/Microsoft.Extensions.Logging.Generators.dll"
-analyzer:"C:/Program Files/Unity/Hub/Editor/6000.5.3f1/Editor/Data/BCLExtensions/TargetingPacks/netstandard2.1/analyzers/dotnet/roslyn4.0/cs/System.Text.Json.SourceGeneration.dll"
-analyzer:"C:/Program Files/Unity/Hub/Editor/6000.5.3f1/Editor/Data/Tools/BuildPipeline/Unity.Analyzers.Common/Unity.Analyzers.Common.dll"
-analyzer:"C:/Program Files/Unity/Hub/Editor/6000.5.3f1/Editor/Data/Tools/BuildPipeline/Unity.Analyzers.LongLiving/Unity.Analyzers.LongLiving.dll"
-analyzer:"C:/Program Files/Unity/Hub/Editor/6000.5.3f1/Editor/Data/Tools/BuildPipeline/Unity.SourceGenerators/Unity.Properties.SourceGenerator.dll"
-analyzer:"C:/Program Files/Unity/Hub/Editor/6000.5.3f1/Editor/Data/Tools/BuildPipeline/Unity.SourceGenerators/Unity.SourceGenerators.dll"
-analyzer:"C:/Program Files/Unity/Hub/Editor/6000.5.3f1/Editor/Data/Tools/BuildPipeline/Unity.SourceGenerators/Unity.UIToolkit.SourceGenerator.dll"
"Assets/Scripts/Assembly-CSharp/AchievementCategoryPublisher.cs"
"Assets/Scripts/Assembly-CSharp/AchievementListener.cs"
"Assets/Scripts/Assembly-CSharp/AchievementManager.cs"
"Assets/Scripts/Assembly-CSharp/AchievementPanelPublisher.cs"
"Assets/Scripts/Assembly-CSharp/AchievementUI.cs"
"Assets/Scripts/Assembly-CSharp/AchievementWindowPublisher.cs"
"Assets/Scripts/Assembly-CSharp/ActiveObjectListSwtich.cs"
"Assets/Scripts/Assembly-CSharp/AgeGatePopup.cs"
"Assets/Scripts/Assembly-CSharp/AlternateForm.cs"
"Assets/Scripts/Assembly-CSharp/AnimatedTexture.cs"
"Assets/Scripts/Assembly-CSharp/AnimationDriver.cs"
"Assets/Scripts/Assembly-CSharp/AnimationTire.cs"
"Assets/Scripts/Assembly-CSharp/ApplyEffectDebugUtility.cs"
"Assets/Scripts/Assembly-CSharp/AutoDestructParticleSystem.cs"
"Assets/Scripts/Assembly-CSharp/BarrelLauncher.cs"
"Assets/Scripts/Assembly-CSharp/BarrelSpawner.cs"
"Assets/Scripts/Assembly-CSharp/BaseCarAIState.cs"
"Assets/Scripts/Assembly-CSharp/BaseEffect.cs"
"Assets/Scripts/Assembly-CSharp/BaseMission.cs"
"Assets/Scripts/Assembly-CSharp/BasePickup.cs"
"Assets/Scripts/Assembly-CSharp/BasketBall.cs"
"Assets/Scripts/Assembly-CSharp/BillboardRemover.cs"
"Assets/Scripts/Assembly-CSharp/BlipTrackPublisher.cs"
"Assets/Scripts/Assembly-CSharp/BoatAnchorEffect.cs"
"Assets/Scripts/Assembly-CSharp/BoosterEffect.cs"
"Assets/Scripts/Assembly-CSharp/BoosterPickup.cs"
"Assets/Scripts/Assembly-CSharp/BrakeMission.cs"
"Assets/Scripts/Assembly-CSharp/BreakableObject.cs"
"Assets/Scripts/Assembly-CSharp/BubbleJet.cs"
"Assets/Scripts/Assembly-CSharp/BuyPowerupMission.cs"
"Assets/Scripts/Assembly-CSharp/CameraShake.cs"
"Assets/Scripts/Assembly-CSharp/CameraWobble.cs"
"Assets/Scripts/Assembly-CSharp/CarAI.cs"
"Assets/Scripts/Assembly-CSharp/CarAIPath.cs"
"Assets/Scripts/Assembly-CSharp/CarAIPathManager.cs"
"Assets/Scripts/Assembly-CSharp/CarAIPathRecorder.cs"
"Assets/Scripts/Assembly-CSharp/CarAIPersonality.cs"
"Assets/Scripts/Assembly-CSharp/CarCollider.cs"
"Assets/Scripts/Assembly-CSharp/CarMetrics.cs"
"Assets/Scripts/Assembly-CSharp/CarProgress.cs"
"Assets/Scripts/Assembly-CSharp/CarSnapShot.cs"
"Assets/Scripts/Assembly-CSharp/CartAttributes.cs"
"Assets/Scripts/Assembly-CSharp/CartCustomizerPublisher.cs"
"Assets/Scripts/Assembly-CSharp/CartPart.cs"
"Assets/Scripts/Assembly-CSharp/CartPartList.cs"
"Assets/Scripts/Assembly-CSharp/CartPrimaryTextureProfile.cs"
"Assets/Scripts/Assembly-CSharp/CartSlot.cs"
"Assets/Scripts/Assembly-CSharp/CatchupNotify.cs"
"Assets/Scripts/Assembly-CSharp/CausticsManager.cs"
"Assets/Scripts/Assembly-CSharp/CharacterButtonPublisher.cs"
"Assets/Scripts/Assembly-CSharp/CharacterConfigData.cs"
"Assets/Scripts/Assembly-CSharp/CharacterPreview.cs"
"Assets/Scripts/Assembly-CSharp/CharacterSelectPublisher.cs"
"Assets/Scripts/Assembly-CSharp/CharacterVOController.cs"
"Assets/Scripts/Assembly-CSharp/CharacterVOControllerGameObjectExtender.cs"
"Assets/Scripts/Assembly-CSharp/CheckPowerupUseAchievementListener.cs"
"Assets/Scripts/Assembly-CSharp/ClipReference.cs"
"Assets/Scripts/Assembly-CSharp/CloudSaveData.cs"
"Assets/Scripts/Assembly-CSharp/CloudStrap.cs"
"Assets/Scripts/Assembly-CSharp/Coin.cs"
"Assets/Scripts/Assembly-CSharp/CoinBalanceAchievementListener.cs"
"Assets/Scripts/Assembly-CSharp/CoinPoint.cs"
"Assets/Scripts/Assembly-CSharp/CollectPowerupMission.cs"
"Assets/Scripts/Assembly-CSharp/CombinePowerupMission.cs"
"Assets/Scripts/Assembly-CSharp/CompleteAllMissionsAchievementListener.cs"
"Assets/Scripts/Assembly-CSharp/CompositeProfile.cs"
"Assets/Scripts/Assembly-CSharp/CompositeTextureUtil.cs"
"Assets/Scripts/Assembly-CSharp/ConfirmationPublisher.cs"
"Assets/Scripts/Assembly-CSharp/Crab.cs"
"Assets/Scripts/Assembly-CSharp/CreditsPublisher.cs"
"Assets/Scripts/Assembly-CSharp/CrossFinishLineBackwardsAchievementListener.cs"
"Assets/Scripts/Assembly-CSharp/DailyBonusPublisher.cs"
"Assets/Scripts/Assembly-CSharp/DataUtility.cs"
"Assets/Scripts/Assembly-CSharp/DebugLapButtonPublisher.cs"
"Assets/Scripts/Assembly-CSharp/DebugMoreCoinsPublisher.cs"
"Assets/Scripts/Assembly-CSharp/DebugRaceResultPublisher.cs"
"Assets/Scripts/Assembly-CSharp/DebugRewindDialogPublisher.cs"
"Assets/Scripts/Assembly-CSharp/DebugTrackStrapper.cs"
"Assets/Scripts/Assembly-CSharp/DifficultyMenuPublisher.cs"
"Assets/Scripts/Assembly-CSharp/DriftButton.cs"
"Assets/Scripts/Assembly-CSharp/DriftMission.cs"
"Assets/Scripts/Assembly-CSharp/DriftScalePublisher.cs"
"Assets/Scripts/Assembly-CSharp/DriveAvoidTerrainAIState.cs"
"Assets/Scripts/Assembly-CSharp/DriveHitBeneficialAIState.cs"
"Assets/Scripts/Assembly-CSharp/DrivePickupAIState.cs"
"Assets/Scripts/Assembly-CSharp/DriveWaypointsCarAIState.cs"
"Assets/Scripts/Assembly-CSharp/EffectManager.cs"
"Assets/Scripts/Assembly-CSharp/EnsureGlobals.cs"
"Assets/Scripts/Assembly-CSharp/EquipPaintJobAchievementListener.cs"
"Assets/Scripts/Assembly-CSharp/EquipPartSetAchievementListener.cs"
"Assets/Scripts/Assembly-CSharp/ExplodingBarrel.cs"
"Assets/Scripts/Assembly-CSharp/Explosion.cs"
"Assets/Scripts/Assembly-CSharp/FadeHelper.cs"
"Assets/Scripts/Assembly-CSharp/FinishTheLapMission.cs"
"Assets/Scripts/Assembly-CSharp/FirstPlaceAchievementListener.cs"
"Assets/Scripts/Assembly-CSharp/FlipEffect.cs"
"Assets/Scripts/Assembly-CSharp/FollowCamera.cs"
"Assets/Scripts/Assembly-CSharp/ForwardForceAI.cs"
"Assets/Scripts/Assembly-CSharp/FrontEndCamera.cs"
"Assets/Scripts/Assembly-CSharp/FrontEndCameraTarget.cs"
"Assets/Scripts/Assembly-CSharp/FrontEndLogic.cs"
"Assets/Scripts/Assembly-CSharp/FrontEndTutorialHandler.cs"
"Assets/Scripts/Assembly-CSharp/FrontEndTutorialPublisher.cs"
"Assets/Scripts/Assembly-CSharp/GDMOManager.cs"
"Assets/Scripts/Assembly-CSharp/GenericPopupPublisher.cs"
"Assets/Scripts/Assembly-CSharp/GetHitByTrackHazardAchievementListener.cs"
"Assets/Scripts/Assembly-CSharp/GimpedCarAI.cs"
"Assets/Scripts/Assembly-CSharp/GuidedJumpEffect.cs"
"Assets/Scripts/Assembly-CSharp/GuidedJumpTrigger.cs"
"Assets/Scripts/Assembly-CSharp/HUDLogic.cs"
"Assets/Scripts/Assembly-CSharp/HitMaxSpeedAchievementListener.cs"
"Assets/Scripts/Assembly-CSharp/InRaceAquirePickupListener.cs"
"Assets/Scripts/Assembly-CSharp/InputBlocker.cs"
"Assets/Scripts/Assembly-CSharp/LaserLogic.cs"
"Assets/Scripts/Assembly-CSharp/LastPlaceAchievementListener.cs"
"Assets/Scripts/Assembly-CSharp/LifetimeInAirAchievementListener.cs"
"Assets/Scripts/Assembly-CSharp/LifetimeMetrics.cs"
"Assets/Scripts/Assembly-CSharp/LifetimeOpponentHitsAchievementListener.cs"
"Assets/Scripts/Assembly-CSharp/LifetimePowerupCollectionAchievementListener.cs"
"Assets/Scripts/Assembly-CSharp/LiftControlAI.cs"
"Assets/Scripts/Assembly-CSharp/LoadSpin.cs"
"Assets/Scripts/Assembly-CSharp/LoadingPublisher.cs"
"Assets/Scripts/Assembly-CSharp/LocalOptionsData.cs"
"Assets/Scripts/Assembly-CSharp/LocalizeCloudStrap.cs"
"Assets/Scripts/Assembly-CSharp/LocalizedAssetSwapper.cs"
"Assets/Scripts/Assembly-CSharp/LowEndInhibitor.cs"
"Assets/Scripts/Assembly-CSharp/MakePlaceAchievementListener.cs"
"Assets/Scripts/Assembly-CSharp/MaxCrashSpeedAchievementListener.cs"
"Assets/Scripts/Assembly-CSharp/MetaMissionGroupAchievementListener.cs"
"Assets/Scripts/Assembly-CSharp/MineAI.cs"
"Assets/Scripts/Assembly-CSharp/MineEffect.cs"
"Assets/Scripts/Assembly-CSharp/MineNotifyPublisher.cs"
"Assets/Scripts/Assembly-CSharp/MinePickup.cs"
"Assets/Scripts/Assembly-CSharp/MineSpreaderAI.cs"
"Assets/Scripts/Assembly-CSharp/MissionCollection.cs"
"Assets/Scripts/Assembly-CSharp/MissionDialogPublisher.cs"
"Assets/Scripts/Assembly-CSharp/MissionManager.cs"
"Assets/Scripts/Assembly-CSharp/MoreDisneyLogic.cs"
"Assets/Scripts/Assembly-CSharp/MultilayerTexture.cs"
"Assets/Scripts/Assembly-CSharp/MultilayerTextureBundleDef.cs"
"Assets/Scripts/Assembly-CSharp/MusicPlayer.cs"
"Assets/Scripts/Assembly-CSharp/ObjectGroupList.cs"
"Assets/Scripts/Assembly-CSharp/ObjectTrackDistanceLogic.cs"
"Assets/Scripts/Assembly-CSharp/PaintJob.cs"
"Assets/Scripts/Assembly-CSharp/PaintSlotPublisher.cs"
"Assets/Scripts/Assembly-CSharp/ParticleLibrary.cs"
"Assets/Scripts/Assembly-CSharp/ParticleReducer.cs"
"Assets/Scripts/Assembly-CSharp/ParticleSystemDestroy.cs"
"Assets/Scripts/Assembly-CSharp/PathMoverAI.cs"
"Assets/Scripts/Assembly-CSharp/PauseMission.cs"
"Assets/Scripts/Assembly-CSharp/PausePublisher.cs"
"Assets/Scripts/Assembly-CSharp/PickupCoinsPerRaceAchievementListener.cs"
"Assets/Scripts/Assembly-CSharp/PickupSpawner.cs"
"Assets/Scripts/Assembly-CSharp/PieAttack.cs"
"Assets/Scripts/Assembly-CSharp/PieHitEffect.cs"
"Assets/Scripts/Assembly-CSharp/PieLauncher.cs"
"Assets/Scripts/Assembly-CSharp/PieSplat.cs"
"Assets/Scripts/Assembly-CSharp/PlaceWithNoPowerupsAchievementListener.cs"
"Assets/Scripts/Assembly-CSharp/PlayMenuPublisher.cs"
"Assets/Scripts/Assembly-CSharp/PlaySummaryPublisher.cs"
"Assets/Scripts/Assembly-CSharp/PlayerAccelControl.cs"
"Assets/Scripts/Assembly-CSharp/PlayerControlLinker.cs"
"Assets/Scripts/Assembly-CSharp/PlayerInstance.cs"
"Assets/Scripts/Assembly-CSharp/PlayerKeyboardControl.cs"
"Assets/Scripts/Assembly-CSharp/PopoverPublisher.cs"
"Assets/Scripts/Assembly-CSharp/PowerSlideBoostAchievementListener.cs"
"Assets/Scripts/Assembly-CSharp/PowerupHitInAirAchievementListener.cs"
"Assets/Scripts/Assembly-CSharp/PowerupHolder.cs"
"Assets/Scripts/Assembly-CSharp/PowerupMagnet.cs"
"Assets/Scripts/Assembly-CSharp/PreFrontEndHoop.cs"
"Assets/Scripts/Assembly-CSharp/PreRaceCamera.cs"
"Assets/Scripts/Assembly-CSharp/PreviewCart.cs"
"Assets/Scripts/Assembly-CSharp/ProgressTriggerLogic.cs"
"Assets/Scripts/Assembly-CSharp/Properties/AssemblyInfo.cs"
"Assets/Scripts/Assembly-CSharp/PyroTechnics.cs"
"Assets/Scripts/Assembly-CSharp/QualityControl.cs"
"Assets/Scripts/Assembly-CSharp/RaceManager.cs"
"Assets/Scripts/Assembly-CSharp/RaceResults.cs"
"Assets/Scripts/Assembly-CSharp/RaceResultsPublisher.cs"
"Assets/Scripts/Assembly-CSharp/RaceSettings.cs"
"Assets/Scripts/Assembly-CSharp/RandomShotEffect.cs"
"Assets/Scripts/Assembly-CSharp/ResetTrigger.cs"
"Assets/Scripts/Assembly-CSharp/ReverseButton.cs"
"Assets/Scripts/Assembly-CSharp/RewbieShimmer.cs"
"Assets/Scripts/Assembly-CSharp/RewindDialogPublisher.cs"
"Assets/Scripts/Assembly-CSharp/RewindLapSlotPublisher.cs"
"Assets/Scripts/Assembly-CSharp/RocketAI.cs"
"Assets/Scripts/Assembly-CSharp/RocketEffect.cs"
"Assets/Scripts/Assembly-CSharp/RocketPickup.cs"
"Assets/Scripts/Assembly-CSharp/RocketRideEffect.cs"
"Assets/Scripts/Assembly-CSharp/RocketRideRemover.cs"
"Assets/Scripts/Assembly-CSharp/RotatorAI.cs"
"Assets/Scripts/Assembly-CSharp/RuntimeEditorUtils.cs"
"Assets/Scripts/Assembly-CSharp/ScreenFader.cs"
"Assets/Scripts/Assembly-CSharp/ScreenTimeoutController.cs"
"Assets/Scripts/Assembly-CSharp/SelectCircuitPublisher.cs"
"Assets/Scripts/Assembly-CSharp/SettingsMenuPublisher.cs"
"Assets/Scripts/Assembly-CSharp/ShadowBlob.cs"
"Assets/Scripts/Assembly-CSharp/ShieldEffect.cs"
"Assets/Scripts/Assembly-CSharp/ShieldPickup.cs"
"Assets/Scripts/Assembly-CSharp/ShiftContentsOnButtonDown.cs"
"Assets/Scripts/Assembly-CSharp/ShiftContentsOnToggleDown.cs"
"Assets/Scripts/Assembly-CSharp/ShiftUIPublisher.cs"
"Assets/Scripts/Assembly-CSharp/ShockedEffect.cs"
"Assets/Scripts/Assembly-CSharp/ShotDroneAI.cs"
"Assets/Scripts/Assembly-CSharp/SkidEffect.cs"
"Assets/Scripts/Assembly-CSharp/SlowdownEffect.cs"
"Assets/Scripts/Assembly-CSharp/SmashEffect.cs"
"Assets/Scripts/Assembly-CSharp/SnapShotInfo.cs"
"Assets/Scripts/Assembly-CSharp/SoundLibrary.cs"
"Assets/Scripts/Assembly-CSharp/SoundLibraryAddendum.cs"
"Assets/Scripts/Assembly-CSharp/SoundPackage.cs"
"Assets/Scripts/Assembly-CSharp/SoundPackageLoadReference.cs"
"Assets/Scripts/Assembly-CSharp/SoundPackageManager.cs"
"Assets/Scripts/Assembly-CSharp/SoundPackageReference.cs"
"Assets/Scripts/Assembly-CSharp/SoundSequencer.cs"
"Assets/Scripts/Assembly-CSharp/SourceFactory.cs"
"Assets/Scripts/Assembly-CSharp/SpeedPoint.cs"
"Assets/Scripts/Assembly-CSharp/SpendCoinsOverLifetimeAchievementListener.cs"
"Assets/Scripts/Assembly-CSharp/SphereMoverAI.cs"
"Assets/Scripts/Assembly-CSharp/SphereMoverCollider.cs"
"Assets/Scripts/Assembly-CSharp/SpreadMineEffect.cs"
"Assets/Scripts/Assembly-CSharp/SpringConnection.cs"
"Assets/Scripts/Assembly-CSharp/SpringTrigger.cs"
"Assets/Scripts/Assembly-CSharp/StreamManager.cs"
"Assets/Scripts/Assembly-CSharp/StreamTest.cs"
"Assets/Scripts/Assembly-CSharp/StreamedMultilayerTexture.cs"
"Assets/Scripts/Assembly-CSharp/TeleportEffect.cs"
"Assets/Scripts/Assembly-CSharp/TeleportTrigger.cs"
"Assets/Scripts/Assembly-CSharp/TerrainEffectTrigger.cs"
"Assets/Scripts/Assembly-CSharp/TimeInAirAchievementListener.cs"
"Assets/Scripts/Assembly-CSharp/TouchTurnTrack.cs"
"Assets/Scripts/Assembly-CSharp/TrackSelectPublisher.cs"
"Assets/Scripts/Assembly-CSharp/TrackUnlockHelper.cs"
"Assets/Scripts/Assembly-CSharp/TriFoot.cs"
"Assets/Scripts/Assembly-CSharp/TripLine.cs"
"Assets/Scripts/Assembly-CSharp/TripLineEffect.cs"
"Assets/Scripts/Assembly-CSharp/TurkeyGooShooter.cs"
"Assets/Scripts/Assembly-CSharp/TurnMission.cs"
"Assets/Scripts/Assembly-CSharp/TutorialLauncherPublisher.cs"
"Assets/Scripts/Assembly-CSharp/UFOLogic.cs"
"Assets/Scripts/Assembly-CSharp/UVScroller.cs"
"Assets/Scripts/Assembly-CSharp/UghHeldButton.cs"
"Assets/Scripts/Assembly-CSharp/UnlockAchievementListener.cs"
"Assets/Scripts/Assembly-CSharp/UnlockedCircuitPublisher.cs"
"Assets/Scripts/Assembly-CSharp/UseAPowerupAchievementListener.cs"
"Assets/Scripts/Assembly-CSharp/UsePowerupAIState.cs"
"Assets/Scripts/Assembly-CSharp/UsePowerupAgainstOpponentAchievementListener.cs"
"Assets/Scripts/Assembly-CSharp/UsePowerupMission.cs"
"Assets/Scripts/Assembly-CSharp/VolumeSlider.cs"
"Assets/Scripts/Assembly-CSharp/WaypointLogic.cs"
"Assets/Scripts/Assembly-CSharp/WhoopieCushion.cs"
"Assets/Scripts/Assembly-CSharp/WipeoutEffect.cs"
"Assets/Scripts/Assembly-UnityScript/Car_Script.cs"
"Assets/Scripts/Assembly-UnityScript/Plane_Script.cs"
"Assets/Scripts/Assembly-UnityScript/Properties/AssemblyInfo.cs"
"Assets/Scripts/Assembly-UnityScript/WheelData.cs"
-langversion:9.0
/deterministic
/optimize+
/debug:portable
/nologo
/RuntimeMetadataVersion:v4.0.30319
/nowarn:0169
/nowarn:0649
/nowarn:0282
/nowarn:1701
/nowarn:1702
/utf8output
/preferreduilang:en-US
/additionalfile:"Library/Bee/artifacts/1300b0aP.dag/Assembly-CSharp.UnityAdditionalFile.txt"
##### Custom Environment Variables
DOTNET_HOST_PATH=C:\Program Files\Unity\Hub\Editor\6000.5.3f1\Editor\Data\DotNetSdk\dotnet.exe
DOTNET_MULTILEVEL_LOOKUP=0
##### ExitCode
1
##### Output
Assets\Scripts\Assembly-CSharp\ParticleReducer.cs(9,22): error CS0234: The type or namespace name 'iOS' does not exist in the namespace 'UnityEngine' (are you missing an assembly reference?)

Assets\Scripts\Assembly-CSharp\LowEndInhibitor.cs(5,21): error CS0234: The type or namespace name 'iOS' does not exist in the namespace 'UnityEngine' (are you missing an assembly reference?)
*** Tundra build failed (9.00 seconds), 396 items updated, 401 evaluated
## Script Compilation Error for: Csc Library/Bee/artifacts/1300b0aP.dag/Assembly-CSharp.dll (+2 others)
## CmdLine: "C:\Program Files\Unity\Hub\Editor\6000.5.3f1\Editor\Data\DotNetSdk\dotnet.exe" exec "C:/Program Files/Unity/Hub/Editor/6000.5.3f1/Editor/Data/DotNetSdk/sdk/8.0.318/Roslyn/bincore/csc.dll" /nostdlib /noconfig /shared "@Library/Bee/artifacts/1300b0aP.dag/Assembly-CSharp.rsp" "@Library/Bee/artifacts/1300b0aP.dag/Assembly-CSharp.rsp2"
## Output:
Assets\Scripts\Assembly-CSharp\ParticleReducer.cs(9,22): error CS0234: The type or namespace name 'iOS' does not exist in the namespace 'UnityEngine' (are you missing an assembly reference?)
Assets\Scripts\Assembly-CSharp\LowEndInhibitor.cs(5,21): error CS0234: The type or namespace name 'iOS' does not exist in the namespace 'UnityEngine' (are you missing an assembly reference?)

Assets\Scripts\Assembly-CSharp\ParticleReducer.cs(9,22): error CS0234: The type or namespace name 'iOS' does not exist in the namespace 'UnityEngine' (are you missing an assembly reference?)
Assets\Scripts\Assembly-CSharp\LowEndInhibitor.cs(5,21): error CS0234: The type or namespace name 'iOS' does not exist in the namespace 'UnityEngine' (are you missing an assembly reference?)
[ScriptCompilation] Requested script compilation because: Recompiling scripts for editor because player build failed.
DisplayProgressNotification: Build Failed
Error building Player because scripts had compiler errors
Unloading 0 Unused Serialized files (Serialized files now loaded: 0)
Unloading 40 unused Assets / (1.8 KB). Loaded Objects now: 4125.
Memory consumption went from 286.5 MB to 286.5 MB.
Total: 10.549400 ms (FindLiveObjects: 0.333000 ms CreateObjectMapping: 0.524800 ms MarkObjects: 9.622300 ms  DeleteObjects: 0.067600 ms)

Build Finished, Result: Failure.
##utp:{"success":false,"type":"PlayerBuildInfo","version":2,"phase":"Immediate","time":1784082725654,"processId":708,"steps":[{"description":"Preprocess Player","duration":40},{"description":"Prepare For Build","duration":4467},{"description":"ProducePlayerScriptAssemblies","duration":10749}],"duration":15256}
Unloading 0 Unused Serialized files (Serialized files now loaded: 0)
Loaded scene 'Temp/__Backupscenes/0.backup'
	Deserialize:            0.865 ms
	Integration:            11.592 ms
	Integration of assets:  0.007 ms
	Thread Wait Time:       0.023 ms
	Total Operation Time:   12.487 ms
Unloading 0 unused Assets / (0 B). Loaded Objects now: 4125.
Memory consumption went from 286.7 MB to 286.7 MB.
Total: 8.605300 ms (FindLiveObjects: 0.205400 ms CreateObjectMapping: 0.400500 ms MarkObjects: 7.985700 ms  DeleteObjects: 0.012400 ms)

Batchmode quit successfully invoked - shutting down!
Total cache size 42322572
Total cache size after purge 42322572, took 00:00:00.1089985
Killing ADB server in 2,0544144 seconds.
[Physics::Module] Cleanup current backend.
[Physics::Module] Id: 0xf2b8ea05
Input System module state changed to: ShutdownInProgress.
Input Polling Thread exited.
Input System module state changed to: Shutdown.
[Licensing::IpcConnector] LicenseClient-STEEP-6000.5.3-notifications channel disconnected successfully.
[Licensing::IpcConnector] LicenseClient-STEEP-6000.5.3 channel disconnected successfully.
AcceleratorClientConnectionCallback - disconnected - :0
Cleanup mono
CodeReloadManager destroyed
Exiting batchmode successfully now!
Exiting without the bug reporter. Application will terminate with return code 0