[Licensing::Module] Trying to connect to existing licensing client channel...
Built from '6000.5/staging' branch; Version is '6000.5.3f1 (c2eb47b3a2a9) revision 12774215'; Using compiler version '194234433'; Build Type 'Release'
OS: 'Windows 11  (10.0.26200) CoreSingleLanguage' Language: 'es' Physical Memory: 15814 MB
[Licensing::IpcConnector] Successfully connected to: "LicenseClient-STEEP" at "2026-07-15T02:59:04.9988718Z"
BatchMode: 1, IsHumanControllingUs: 0, StartBugReporterOnCrash: 0, Is64bit: 1
System  architecture: x64
Process architecture: x64
Date: 2026-07-15T02:59:04Z

COMMAND LINE ARGUMENTS:
C:\Program Files\Unity\Hub\Editor\6000.5.3f1\Editor\Unity.exe
-batchmode
-quit
-projectPath
C:\Users\STEEP\Documents\game\phase4_reconstruction\Unity6Project
-executeMethod
ReconstructionValidation.Run
-logFile
C:\Users\STEEP\Documents\game\phase4_reconstruction\reports\phase5_gameplay_compile.log
Successfully changed project path to: C:\Users\STEEP\Documents\game\phase4_reconstruction\Unity6Project
C:/Users/STEEP/Documents/game/phase4_reconstruction/Unity6Project
[UnityMemory] Configuration Parameters - Can be set up in boot.config
    "memorysetup-temp-allocator-size-gi-baking-worker=262144"
    "memorysetup-temp-allocator-size-gi-baking-worker=262144"
    "memorysetup-temp-allocator-size-gi-baking-worker=262144"
    "memorysetup-temp-allocator-size-gi-baking-worker=262144"
    "memorysetup-temp-allocator-size-gi-baking-worker=262144"
    "memorysetup-temp-allocator-size-nav-mesh-worker=65536"
    "memorysetup-temp-allocator-size-audio-worker=65536"
    "memorysetup-temp-allocator-size-cloud-worker=32768"
    "memorysetup-temp-allocator-size-gfx=262144"
    "memorysetup-temp-allocator-size-preload-manager=33554432"
    "memorysetup-allocator-temp-initial-block-size-main=262144"
    "memorysetup-allocator-temp-initial-block-size-worker=262144"
    "memorysetup-temp-allocator-size-job-worker=262144"
    "memorysetup-temp-allocator-size-background-worker=32768"
    "memorysetup-bucket-allocator-granularity=16"
    "memorysetup-bucket-allocator-bucket-count=8"
    "memorysetup-bucket-allocator-block-size=33554432"
    "memorysetup-bucket-allocator-block-count=8"
    "memorysetup-main-allocator-block-size=16777216"
    "memorysetup-thread-allocator-block-size=16777216"
    "memorysetup-main-allocator-mimalloc-enabled=0"
    "memorysetup-gfx-main-allocator-block-size=16777216"
    "memorysetup-gfx-thread-allocator-block-size=16777216"
    "memorysetup-cache-allocator-block-size=4194304"
    "memorysetup-typetree-allocator-block-size=2097152"
    "memorysetup-profiler-bucket-allocator-granularity=16"
    "memorysetup-profiler-bucket-allocator-bucket-count=8"
    "memorysetup-profiler-bucket-allocator-block-size=33554432"
    "memorysetup-profiler-bucket-allocator-block-count=8"
    "memorysetup-profiler-allocator-block-size=16777216"
    "memorysetup-profiler-editor-allocator-block-size=1048576"
    "memorysetup-temp-allocator-size-main=16777216"
    "memorysetup-job-temp-allocator-block-size=2097152"
    "memorysetup-job-temp-allocator-block-size-background=1048576"
    "memorysetup-job-temp-allocator-reduction-small-platforms=262144"
Logging is directed to a specific file, skipping project log.Player connection [10112]  Target information:

Player connection [10112]  * "[IP] 172.29.176.1 [Port] 55504 [Flags] 2 [Guid] 3745942435 [EditorId] 3745942435 [Version] 1048832 [Id] WindowsEditor(7,LAPTOP-TQVLD7MF) [Debug] 1 [PackageName] WindowsEditor [ProjectName] Editor" 

Player connection [10112]  * "[IP] 192.168.1.5 [Port] 55504 [Flags] 2 [Guid] 3745942435 [EditorId] 3745942435 [Version] 1048832 [Id] WindowsEditor(7,LAPTOP-TQVLD7MF) [Debug] 1 [PackageName] WindowsEditor [ProjectName] Editor" 

Player connection [10112] Host joined multi-casting on [225.0.0.222:54997]...
Player connection [10112] Host joined alternative multi-casting on [225.0.0.222:34997]...
Input System module state changed to: Initialized.
[Physics::Module] Initialized fallback backend.
[Physics::Module] Id: 0xdecafbad
[Package Manager] Connected to IPC stream "Upm-22724" after 0.2 seconds.
[Licensing::Module] Licensing is not yet initialized.
[Licensing::Client] Error: HandshakeResponse reported an error:
	ResponseCode: 505
	ResponseStatus: Unsupported protocol version '1.18.1'.
[Licensing::Module] Error: Failed to handshake to channel: "LicenseClient-STEEP"
[Licensing::IpcConnector] LicenseClient-STEEP channel disconnected successfully.
[Licensing::IpcConnector] Channel LicenseClient-STEEP-6000.5.3 doesn't exist
[Licensing::Module] Successfully launched the LicensingClient (PId: 11356)
[Licensing::IpcConnector] Successfully connected to: "LicenseClient-STEEP-6000.5.3" at "2026-07-15T02:59:06.8550288Z"
[Licensing::Client] Code 10 while verifying Licensing Client signature (process Id: 11356, path: "C:/Program Files/Unity/Hub/Editor/6000.5.3f1/Editor/Data/Resources/Licensing/Client/Unity.Licensing.Client.exe")
[Licensing::Module] LicensingClient has failed validation; ignoring
[Licensing::Client] Handshaking with LicensingClient:
  Version:                 1.18.1+9fbee8e
  Session Id:              52be14c281de49efa30df676620029d9
  Correlation Id:          ee9f1f0cbe33b02bc4cf026cb081158e
  External correlation Id: 2282500932061611204
  Machine Id:              segNaylj+iT0/fzmmJP61DLLbz4=
[Licensing::Module] Successfully connected to LicensingClient on channel: "LicenseClient-STEEP-6000.5.3" (connect: 0.25s, validation: 0.26s, handshake: 0.03s)
[Licensing::IpcConnector] Successfully connected to: "LicenseClient-STEEP-6000.5.3-notifications" at "2026-07-15T02:59:07.148403Z"
[Licensing::Module] Connected to LicensingClient (PId: 11356, launch time: 0.00, total connection time: 0.54s)
[Licensing::Module] Error: Access token is unavailable; failed to update
[Licensing::Client] Successfully resolved entitlement details
[Licensing::Module] License group:
  Id: 4674230029630-UnityPersXXXX
  Product: Unity Personal
  Type: Assigned
  Expiration: Unlimited
[Licensing::Client] Successfully updated license, isAsync: True, time: 0.01
[Licensing::Client] Successfully resolved entitlement details
[Licensing::Module] Licensing Background thread has ended after 2.20s
[Licensing::Module] Licensing is initialized (took 1.80s).
[Licensing::Client] Successfully resolved entitlement details
Library Redirect Path: Library/
[Physics::Module] Selected backend.
[Physics::Module] Name: PhysX
[Physics::Module] Id: 0xf2b8ea05
[Physics::Module] SDK Version: 4.1.2
[Physics::Module] Integration Version: 1.0.0
[Physics::Module] Threading Mode: Multi-Threaded
[Licensing::Client] Successfully resolved entitlement details
Initialize engine version: 6000.5.3f1 (c2eb47b3a2a9)
[Subsystems] Discovering subsystems at path C:/Program Files/Unity/Hub/Editor/6000.5.3f1/Editor/Data/Resources/UnitySubsystems
[Subsystems] Discovering subsystems at path C:/Users/STEEP/Documents/game/phase4_reconstruction/Unity6Project/Assets
GfxDevice: creating device client; kGfxThreadingModeNonThreaded
Direct3D:
    Version:  Direct3D 11.0 [level 11.1]
    Renderer: Intel(R) Graphics (ID=0x7dd1)
    Vendor:   Intel
    VRAM:     9014 MB
    Driver:   32.0.101.8860
Initialize mono
Mono path[0] = 'C:/Program Files/Unity/Hub/Editor/6000.5.3f1/Editor/Data/Managed'
Mono path[1] = 'C:/Program Files/Unity/Hub/Editor/6000.5.3f1/Editor/Data/BCLExtensions/runtime/netstandard2.1'
Mono path[2] = 'C:/Program Files/Unity/Hub/Editor/6000.5.3f1/Editor/Data/MonoBleedingEdge/lib/mono/unityjit-win32'
Mono config path = 'C:/Program Files/Unity/Hub/Editor/6000.5.3f1/Editor/Data/MonoBleedingEdge/etc'
Using monoOptions --debugger-agent=transport=dt_socket,embedding=1,server=y,suspend=n,address=127.0.0.1:56724
CodeReloadManager initialized
ImportWorker Server TCP listen port: 0
AcceleratorClientConnectionCallback - disconnected - :0
Begin MonoManager ReloadAssembly
Registering precompiled unity dll's ...
Register platform support module: C:/Program Files/Unity/Hub/Editor/6000.5.3f1/Editor/Data/PlaybackEngines/WebGLSupport/UnityEditor.WebGL.Extensions.dll
Register platform support module: C:/Program Files/Unity/Hub/Editor/6000.5.3f1/Editor/Data/PlaybackEngines/WindowsStandaloneSupport/UnityEditor.WindowsStandalone.Extensions.dll
Register platform support module: C:/Program Files/Unity/Hub/Editor/6000.5.3f1/Editor/Data/PlaybackEngines/AndroidPlayer/UnityEditor.Android.Extensions.dll
Registered in 0.003723 seconds.
Native extension for Android target not found
Native extension for WindowsStandalone target not found
Native extension for WebGL target not found
Package Manager log level set to [2]
ScheduleIndexationOnStartup MainProcess:False IndexOnStartup:True
Mono: successfully reloaded assembly
- Finished resetting the current domain, in  0.414 seconds
Domain Reload Profiling: 909ms
	BeginReloadAssembly (106ms)
		CreateAndSetChildDomain (13ms)
	RebuildCommonClasses (4ms)
	RebuildNativeTypeToScriptingClass (13ms)
	initialDomainReloadingComplete (62ms)
	LoadAllAssembliesAndSetupDomain (309ms)
		LoadAssemblies (110ms)
		AnalyzeDomain (215ms)
			TypeCache.Refresh (214ms)
				TypeCache.ScanAssembly (200ms)
	FinalizeReload (416ms)
		SetupLoadedEditorAssemblies (0ms)
			InitializePlatformSupportModulesInManaged (8ms)
			BeforeProcessingInitializeOnLoad (80ms)
			ProcessInitializeOnLoadAttributes (94ms)
			ProcessInitializeOnLoadMethodAttributes (167ms)
[Licensing::Client] Successfully resolved entitlement details
[Licensing::Client] Successfully resolved entitlement details
Application.AssetDatabase Initial Refresh Start
[Package Manager] Restoring resolved packages state from cache
[Licensing::Client] Successfully resolved entitlement details
[Package Manager] Registered 53 packages:
  Packages from [https://packages.unity.com]:
    com.unity.ai.navigation@2.0.13 (location: C:\Users\STEEP\Documents\game\phase4_reconstruction\Unity6Project\Library\PackageCache\com.unity.ai.navigation@42d896194035)
    com.unity.analytics@3.8.2 (location: C:\Users\STEEP\Documents\game\phase4_reconstruction\Unity6Project\Library\PackageCache\com.unity.analytics@c9d14a6bdec6)
    com.unity.collab-proxy@2.12.4 (location: C:\Users\STEEP\Documents\game\phase4_reconstruction\Unity6Project\Library\PackageCache\com.unity.collab-proxy@0b1559bcd34e)
    com.unity.ide.rider@3.0.38 (location: C:\Users\STEEP\Documents\game\phase4_reconstruction\Unity6Project\Library\PackageCache\com.unity.ide.rider@1f60b3138684)
    com.unity.ide.visualstudio@2.0.26 (location: C:\Users\STEEP\Documents\game\phase4_reconstruction\Unity6Project\Library\PackageCache\com.unity.ide.visualstudio@a99d56dec63f)
    com.unity.purchasing@4.15.1 (location: C:\Users\STEEP\Documents\game\phase4_reconstruction\Unity6Project\Library\PackageCache\com.unity.purchasing@265595791a69)
    com.unity.timeline@1.8.12 (location: C:\Users\STEEP\Documents\game\phase4_reconstruction\Unity6Project\Library\PackageCache\com.unity.timeline@8cd8509afae5)
    com.unity.xr.legacyinputhelpers@3.0.1 (location: C:\Users\STEEP\Documents\game\phase4_reconstruction\Unity6Project\Library\PackageCache\com.unity.xr.legacyinputhelpers@3f62d634f63b)
    com.unity.services.core@1.18.0 (location: C:\Users\STEEP\Documents\game\phase4_reconstruction\Unity6Project\Library\PackageCache\com.unity.services.core@3464cb68d709)
    com.unity.services.analytics@6.3.0 (location: C:\Users\STEEP\Documents\game\phase4_reconstruction\Unity6Project\Library\PackageCache\com.unity.services.analytics@cde4e6cf92f9)
    com.unity.nuget.newtonsoft-json@3.2.2 (location: C:\Users\STEEP\Documents\game\phase4_reconstruction\Unity6Project\Library\PackageCache\com.unity.nuget.newtonsoft-json@4dfd81071c64)
  Built-in packages:
    com.unity.2d.sprite@1.0.0 (location: C:\Users\STEEP\Documents\game\phase4_reconstruction\Unity6Project\Library\PackageCache\com.unity.2d.sprite@053a968eab56)
    com.unity.2d.tilemap@1.0.0 (location: C:\Users\STEEP\Documents\game\phase4_reconstruction\Unity6Project\Library\PackageCache\com.unity.2d.tilemap@592c6ccaefe1)
    com.unity.multiplayer.center@1.0.1 (location: C:\Users\STEEP\Documents\game\phase4_reconstruction\Unity6Project\Library\PackageCache\com.unity.multiplayer.center@b860850997d0)
    com.unity.test-framework@1.7.0 (location: C:\Users\STEEP\Documents\game\phase4_reconstruction\Unity6Project\Library\PackageCache\com.unity.test-framework@1405238725ab)
    com.unity.ugui@2.5.0 (location: C:\Users\STEEP\Documents\game\phase4_reconstruction\Unity6Project\Library\PackageCache\com.unity.ugui@377fd60ad87b)
    com.unity.modules.accessibility@1.0.0 (location: C:\Users\STEEP\Documents\game\phase4_reconstruction\Unity6Project\Library\PackageCache\com.unity.modules.accessibility)
    com.unity.modules.adaptiveperformance@1.0.0 (location: C:\Users\STEEP\Documents\game\phase4_reconstruction\Unity6Project\Library\PackageCache\com.unity.modules.adaptiveperformance)
    com.unity.modules.ai@1.0.0 (location: C:\Users\STEEP\Documents\game\phase4_reconstruction\Unity6Project\Library\PackageCache\com.unity.modules.ai)
    com.unity.modules.androidjni@1.0.0 (location: C:\Users\STEEP\Documents\game\phase4_reconstruction\Unity6Project\Library\PackageCache\com.unity.modules.androidjni)
    com.unity.modules.animation@1.0.0 (location: C:\Users\STEEP\Documents\game\phase4_reconstruction\Unity6Project\Library\PackageCache\com.unity.modules.animation)
    com.unity.modules.assetbundle@1.0.0 (location: C:\Users\STEEP\Documents\game\phase4_reconstruction\Unity6Project\Library\PackageCache\com.unity.modules.assetbundle)
    com.unity.modules.audio@1.0.0 (location: C:\Users\STEEP\Documents\game\phase4_reconstruction\Unity6Project\Library\PackageCache\com.unity.modules.audio)
    com.unity.modules.cloth@1.0.0 (location: C:\Users\STEEP\Documents\game\phase4_reconstruction\Unity6Project\Library\PackageCache\com.unity.modules.cloth)
    com.unity.modules.director@1.0.0 (location: C:\Users\STEEP\Documents\game\phase4_reconstruction\Unity6Project\Library\PackageCache\com.unity.modules.director)
    com.unity.modules.imageconversion@1.0.0 (location: C:\Users\STEEP\Documents\game\phase4_reconstruction\Unity6Project\Library\PackageCache\com.unity.modules.imageconversion)
    com.unity.modules.imgui@1.0.0 (location: C:\Users\STEEP\Documents\game\phase4_reconstruction\Unity6Project\Library\PackageCache\com.unity.modules.imgui)
    com.unity.modules.jsonserialize@1.0.0 (location: C:\Users\STEEP\Documents\game\phase4_reconstruction\Unity6Project\Library\PackageCache\com.unity.modules.jsonserialize)
    com.unity.modules.particlesystem@1.0.0 (location: C:\Users\STEEP\Documents\game\phase4_reconstruction\Unity6Project\Library\PackageCache\com.unity.modules.particlesystem)
    com.unity.modules.physics@1.0.0 (location: C:\Users\STEEP\Documents\game\phase4_reconstruction\Unity6Project\Library\PackageCache\com.unity.modules.physics)
    com.unity.modules.physics2d@1.0.0 (location: C:\Users\STEEP\Documents\game\phase4_reconstruction\Unity6Project\Library\PackageCache\com.unity.modules.physics2d)
    com.unity.modules.physicscore2d@1.0.0 (location: C:\Users\STEEP\Documents\game\phase4_reconstruction\Unity6Project\Library\PackageCache\com.unity.modules.physicscore2d)
    com.unity.modules.screencapture@1.0.0 (location: C:\Users\STEEP\Documents\game\phase4_reconstruction\Unity6Project\Library\PackageCache\com.unity.modules.screencapture)
    com.unity.modules.terrain@1.0.0 (location: C:\Users\STEEP\Documents\game\phase4_reconstruction\Unity6Project\Library\PackageCache\com.unity.modules.terrain)
    com.unity.modules.terrainphysics@1.0.0 (location: C:\Users\STEEP\Documents\game\phase4_reconstruction\Unity6Project\Library\PackageCache\com.unity.modules.terrainphysics)
    com.unity.modules.tilemap@1.0.0 (location: C:\Users\STEEP\Documents\game\phase4_reconstruction\Unity6Project\Library\PackageCache\com.unity.modules.tilemap)
    com.unity.modules.ui@1.0.0 (location: C:\Users\STEEP\Documents\game\phase4_reconstruction\Unity6Project\Library\PackageCache\com.unity.modules.ui)
    com.unity.modules.uielements@1.0.0 (location: C:\Users\STEEP\Documents\game\phase4_reconstruction\Unity6Project\Library\PackageCache\com.unity.modules.uielements)
    com.unity.modules.umbra@1.0.0 (location: C:\Users\STEEP\Documents\game\phase4_reconstruction\Unity6Project\Library\PackageCache\com.unity.modules.umbra)
    com.unity.modules.unityanalytics@1.0.0 (location: C:\Users\STEEP\Documents\game\phase4_reconstruction\Unity6Project\Library\PackageCache\com.unity.modules.unityanalytics)
    com.unity.modules.unitywebrequest@1.0.0 (location: C:\Users\STEEP\Documents\game\phase4_reconstruction\Unity6Project\Library\PackageCache\com.unity.modules.unitywebrequest)
    com.unity.modules.unitywebrequestassetbundle@1.0.0 (location: C:\Users\STEEP\Documents\game\phase4_reconstruction\Unity6Project\Library\PackageCache\com.unity.modules.unitywebrequestassetbundle)
    com.unity.modules.unitywebrequestaudio@1.0.0 (location: C:\Users\STEEP\Documents\game\phase4_reconstruction\Unity6Project\Library\PackageCache\com.unity.modules.unitywebrequestaudio)
    com.unity.modules.unitywebrequesttexture@1.0.0 (location: C:\Users\STEEP\Documents\game\phase4_reconstruction\Unity6Project\Library\PackageCache\com.unity.modules.unitywebrequesttexture)
    com.unity.modules.unitywebrequestwww@1.0.0 (location: C:\Users\STEEP\Documents\game\phase4_reconstruction\Unity6Project\Library\PackageCache\com.unity.modules.unitywebrequestwww)
    com.unity.modules.vectorgraphics@1.0.0 (location: C:\Users\STEEP\Documents\game\phase4_reconstruction\Unity6Project\Library\PackageCache\com.unity.modules.vectorgraphics)
    com.unity.modules.vehicles@1.0.0 (location: C:\Users\STEEP\Documents\game\phase4_reconstruction\Unity6Project\Library\PackageCache\com.unity.modules.vehicles)
    com.unity.modules.video@1.0.0 (location: C:\Users\STEEP\Documents\game\phase4_reconstruction\Unity6Project\Library\PackageCache\com.unity.modules.video)
    com.unity.modules.wind@1.0.0 (location: C:\Users\STEEP\Documents\game\phase4_reconstruction\Unity6Project\Library\PackageCache\com.unity.modules.wind)
    com.unity.modules.xr@1.0.0 (location: C:\Users\STEEP\Documents\game\phase4_reconstruction\Unity6Project\Library\PackageCache\com.unity.modules.xr)
    com.unity.modules.subsystems@1.0.0 (location: C:\Users\STEEP\Documents\game\phase4_reconstruction\Unity6Project\Library\PackageCache\com.unity.modules.subsystems)
    com.unity.modules.hierarchycore@1.0.0 (location: C:\Users\STEEP\Documents\game\phase4_reconstruction\Unity6Project\Library\PackageCache\com.unity.modules.hierarchycore)
    com.unity.ext.nunit@2.1.0 (location: C:\Users\STEEP\Documents\game\phase4_reconstruction\Unity6Project\Library\PackageCache\com.unity.ext.nunit@44f7d31723bd)
[Package Manager] com.unity.purchasing@4.15.1 is deprecated: Unity IAP 4 is unsupported as of June 8, 2026. IAP 5 is the supported version going forward.
[Subsystems] No new subsystems found in resolved package list.
[Package Manager] Done registering packages in 0.02 seconds
[ScriptCompilation] Requested script compilation because: AssetDatabase observed changes in script compilation related files
Starting: C:\Program Files\Unity\Hub\Editor\6000.5.3f1\Editor\Data\Tools\BuildPipeline\bee_backend.exe --ipc --defer-dag-verification --dagfile="Library/Bee/1300b0aE.dag" --continue-on-failure --profile="Library/Bee/backend1.traceevents" ScriptAssemblies
WorkingDir: C:/Users/STEEP/Documents/game/phase4_reconstruction/Unity6Project
ExitCode: 4 Duration: 0s87ms
[             ] Require frontend run.  Library/Bee/1300b0aE.dag couldn't be loaded
DisplayProgressbar: Compiling Scripts
Starting: C:\Program Files\Unity\Hub\Editor\6000.5.3f1\Editor\Data\netcorerun\netcorerun.exe "C:\Program Files\Unity\Hub\Editor\6000.5.3f1\Editor\Data\Tools\BuildPipeline\ScriptCompilationBuildProgram.exe" "Library/Bee/1300b0aE.dag.json" "Library/Bee/1300b0aE-inputdata.json" "Library\Bee\buildprogram0.traceevents"
WorkingDir: C:/Users/STEEP/Documents/game/phase4_reconstruction/Unity6Project
ExitCode: 0 Duration: 0s611ms
Starting: C:\Program Files\Unity\Hub\Editor\6000.5.3f1\Editor\Data\Tools\BuildPipeline\bee_backend.exe --ipc --defer-dag-verification --dagfile="Library/Bee/1300b0aE.dag" --continue-on-failure --dagfilejson="Library\Bee\1300b0aE.dag.json" --profile="Library/Bee/backend2.traceevents" ScriptAssemblies
WorkingDir: C:/Users/STEEP/Documents/game/phase4_reconstruction/Unity6Project
ExitCode: 3 Duration: 17s
Finished compiling graph: 721 nodes, 13206 flattened edges (12082 ToBuild, 126 ToUse), maximum node priority 526
[160/718    0s] WriteText Library/Bee/artifacts/1300b0aE.dag/UnityEngine.UI.rsp2
[161/718    0s] WriteText Library/Bee/artifacts/1300b0aE.dag/UnityEditor.TestRunner.dll.mvfrm.rsp
[162/718    0s] WriteText Library/Bee/artifacts/1300b0aE.dag/UnityEditor.UI.UnityAdditionalFile.txt
[163/718    0s] WriteText Library/Bee/artifacts/1300b0aE.dag/UnityEditor.UI.rsp2
[164/718    0s] WriteText Library/Bee/artifacts/1300b0aE.dag/UnityEngine.TestRunner.UnityAdditionalFile.txt
[165/718    0s] WriteText Library/Bee/artifacts/1300b0aE.dag/UnityEditor.TestRunner.rsp
[166/718    0s] WriteText Library/Bee/artifacts/1300b0aE.dag/UnityEngine.UI.UnityAdditionalFile.txt
[167/718    0s] WriteText Library/Bee/artifacts/1300b0aE.dag/UnityEditor.UI.rsp
[168/718    0s] WriteText Library/Bee/artifacts/1300b0aE.dag/Unity.Services.Core.dll.mvfrm.rsp
[169/718    0s] WriteText Library/Bee/artifacts/1300b0aE.dag/Unity.Services.Core.rsp2
[170/718    0s] WriteText Library/Bee/artifacts/1300b0aE.dag/UnityEditor.UI.dll.mvfrm.rsp
[171/718    0s] WriteText Library/Bee/artifacts/1300b0aE.dag/Unity.Services.Core.UnityAdditionalFile.txt
[172/718    0s] WriteText Library/Bee/artifacts/1300b0aE.dag/Unity.Services.Core.Internal.UnityAdditionalFile.txt
[173/718    0s] WriteText Library/Bee/artifacts/1300b0aE.dag/Unity.Services.Core.rsp
[174/718    0s] WriteText Library/Bee/artifacts/1300b0aE.dag/Unity.Services.Core.Internal.rsp2
[175/718    0s] WriteText Library/Bee/artifacts/1300b0aE.dag/Unity.Services.Core.Internal.dll.mvfrm.rsp
[176/718    0s] WriteText Library/Bee/artifacts/1300b0aE.dag/Unity.Services.Core.Internal.rsp
[177/718    0s] WriteText Library/Bee/artifacts/1300b0aE.dag/Unity.Services.Core.Environments.rsp2
[178/718    0s] WriteText Library/Bee/artifacts/1300b0aE.dag/Unity.Services.Core.Environments.UnityAdditionalFile.txt
[179/718    0s] WriteText Library/Bee/artifacts/1300b0aE.dag/UnityEngine.Purchasing.SecurityCore.rsp2
[180/718    0s] WriteText Library/Bee/artifacts/1300b0aE.dag/Purchasing.Common.UnityAdditionalFile.txt
[181/718    0s] WriteText Library/Bee/artifacts/1300b0aE.dag/UnityEngine.Purchasing.SecurityCore.UnityAdditionalFile.txt
[182/718    0s] WriteText Library/Bee/artifacts/1300b0aE.dag/Purchasing.Common.rsp2
[183/718    0s] WriteText Library/Bee/artifacts/1300b0aE.dag/UnityEngine.Purchasing.SecurityCore.dll.mvfrm.rsp
[184/718    0s] WriteText Library/Bee/artifacts/1300b0aE.dag/Unity.Services.Analytics.rsp2
[185/718    0s] WriteText Library/Bee/artifacts/1300b0aE.dag/Unity.Services.Core.Environments.dll.mvfrm.rsp
[186/718    0s] WriteText Library/Bee/artifacts/1300b0aE.dag/Unity.Services.Analytics.UnityAdditionalFile.txt
[187/718    0s] WriteText Library/Bee/artifacts/1300b0aE.dag/Unity.Services.Analytics.dll.mvfrm.rsp
[188/718    0s] WriteText Library/Bee/artifacts/1300b0aE.dag/UnityEngine.Purchasing.SecurityCore.rsp
[189/718    0s] WriteText Library/Bee/artifacts/1300b0aE.dag/Unity.Services.Analytics.rsp
[190/718    0s] WriteText Library/Bee/artifacts/1300b0aE.dag/Unity.Services.Core.Environments.rsp
[191/718    0s] WriteText Library/Bee/artifacts/1300b0aE.dag/Purchasing.Common.dll.mvfrm.rsp
[192/718    0s] WriteText Library/Bee/artifacts/1300b0aE.dag/Purchasing.Common.rsp
[193/718    0s] WriteText Library/Bee/artifacts/1300b0aE.dag/UnityEngine.Purchasing.AppleCore.rsp2
[194/718    0s] WriteText Library/Bee/artifacts/1300b0aE.dag/UnityEngine.Purchasing.rsp2
[195/718    0s] WriteText Library/Bee/artifacts/1300b0aE.dag/UnityEngine.Purchasing.AppleCore.UnityAdditionalFile.txt
[196/718    0s] WriteText Library/Bee/artifacts/1300b0aE.dag/UnityEngine.Purchasing.WinRTCore.rsp2
[197/718    0s] WriteText Library/Bee/artifacts/1300b0aE.dag/UnityEngine.Purchasing.UnityAdditionalFile.txt
[198/718    0s] WriteText Library/Bee/artifacts/1300b0aE.dag/UnityEngine.Purchasing.AppleCore.dll.mvfrm.rsp
[199/718    0s] WriteText Library/Bee/artifacts/1300b0aE.dag/UnityEngine.Purchasing.WinRTCore.UnityAdditionalFile.txt
[200/718    0s] WriteText Library/Bee/artifacts/1300b0aE.dag/UnityEngine.Purchasing.SecurityStub.UnityAdditionalFile.txt
[201/718    0s] WriteText Library/Bee/artifacts/1300b0aE.dag/UnityEngine.Purchasing.AppleCore.rsp
[202/718    0s] WriteText Library/Bee/artifacts/1300b0aE.dag/UnityEngine.Purchasing.SecurityStub.rsp2
[203/718    0s] WriteText Library/Bee/artifacts/1300b0aE.dag/UnityEngine.Purchasing.dll.mvfrm.rsp
[204/718    0s] WriteText Library/Bee/artifacts/1300b0aE.dag/UnityEngine.Purchasing.WinRTCore.dll.mvfrm.rsp
[205/718    0s] WriteText Library/Bee/artifacts/1300b0aE.dag/UnityEngine.Purchasing.WinRTCore.rsp
[206/718    0s] WriteText Library/Bee/artifacts/1300b0aE.dag/UnityEngine.Purchasing.rsp
[207/718    0s] WriteText Library/Bee/artifacts/1300b0aE.dag/UnityEngine.Purchasing.WinRTStub.UnityAdditionalFile.txt
[208/718    0s] WriteText Library/Bee/artifacts/1300b0aE.dag/UnityEngine.Purchasing.SecurityStub.rsp
[209/718    0s] WriteText Library/Bee/artifacts/1300b0aE.dag/UnityEngine.Purchasing.SecurityStub.dll.mvfrm.rsp
[210/718    0s] WriteText Library/Bee/artifacts/1300b0aE.dag/UnityEngine.Purchasing.AppleStub.rsp2
[211/718    0s] WriteText Library/Bee/artifacts/1300b0aE.dag/UnityEngine.Purchasing.WinRTStub.rsp2
[212/718    0s] WriteText Library/Bee/artifacts/1300b0aE.dag/UnityEngine.Purchasing.AppleMacosStub.UnityAdditionalFile.txt
[213/718    0s] WriteText Library/Bee/artifacts/1300b0aE.dag/UnityEngine.Purchasing.AppleStub.UnityAdditionalFile.txt
[214/718    0s] WriteText Library/Bee/artifacts/1300b0aE.dag/UnityEngine.Purchasing.AppleMacosStub.rsp2
[215/718    0s] WriteText Library/Bee/artifacts/1300b0aE.dag/UnityEngine.Purchasing.AppleStub.dll.mvfrm.rsp
[216/718    0s] WriteText Library/Bee/artifacts/1300b0aE.dag/UnityEngine.TestRunner.dll.mvfrm.rsp
[217/718    0s] WriteText Library/Bee/artifacts/1300b0aE.dag/UnityEngine.Purchasing.WinRTStub.dll.mvfrm.rsp
[218/718    0s] WriteText Library/Bee/artifacts/1300b0aE.dag/Unity.Services.Core.Configuration.UnityAdditionalFile.txt
[219/718    0s] WriteText Library/Bee/artifacts/1300b0aE.dag/UnityEngine.UI.rsp
[220/718    0s] WriteText Library/Bee/artifacts/1300b0aE.dag/Unity.Services.Core.Configuration.rsp2
[221/718    0s] WriteText Library/Bee/artifacts/1300b0aE.dag/UnityEngine.SpatialTracking.rsp2
[222/718    0s] WriteText Library/Bee/artifacts/1300b0aE.dag/UnityEngine.Purchasing.AppleMacosStub.dll.mvfrm.rsp
[223/718    0s] WriteText Library/Bee/artifacts/1300b0aE.dag/UnityEngine.SpatialTracking.UnityAdditionalFile.txt
[224/718    0s] WriteText Library/Bee/artifacts/1300b0aE.dag/UnityEngine.Purchasing.AppleStub.rsp
[225/718    0s] WriteText Library/Bee/artifacts/1300b0aE.dag/UnityEngine.Purchasing.AppleMacosStub.rsp
[226/718    0s] WriteText Library/Bee/artifacts/1300b0aE.dag/UnityEngine.Purchasing.WinRTStub.rsp
[227/718    0s] WriteText Library/Bee/artifacts/1300b0aE.dag/UnityEditor.TestRunner.UnityAdditionalFile.txt
[228/718    0s] WriteText Library/Bee/artifacts/1300b0aE.dag/UnityEngine.TestRunner.rsp2
[229/718    0s] WriteText Library/Bee/artifacts/1300b0aE.dag/Unity.AI.Navigation.UnityAdditionalFile.txt
[230/718    0s] WriteText Library/Bee/artifacts/1300b0aE.dag/UnityEditor.TestRunner.rsp2
[231/718    0s] WriteText Library/Bee/artifacts/1300b0aE.dag/UnityEngine.TestRunner.rsp
[232/718    0s] WriteText Library/Bee/artifacts/1300b0aE.dag/Unity.AI.Navigation.Editor.ConversionSystem.rsp2
[233/718    0s] WriteText Library/Bee/artifacts/1300b0aE.dag/Unity.AI.Navigation.Editor.ConversionSystem.UnityAdditionalFile.txt
[234/718    0s] WriteText Library/Bee/artifacts/1300b0aE.dag/UnityEngine.Purchasing.Stores.UnityAdditionalFile.txt
[235/718    0s] WriteText Library/Bee/artifacts/1300b0aE.dag/UnityEngine.Purchasing.Stores.rsp2
[236/718    0s] WriteText Library/Bee/artifacts/1300b0aE.dag/Unity.AI.Navigation.rsp2
[237/718    0s] WriteText Library/Bee/artifacts/1300b0aE.dag/Unity.Services.Core.Configuration.dll.mvfrm.rsp
[238/718    0s] WriteText Library/Bee/artifacts/1300b0aE.dag/Unity.Services.Core.Scheduler.UnityAdditionalFile.txt
[239/718    0s] WriteText Library/Bee/artifacts/1300b0aE.dag/Unity.InternalAPIEngineBridge.004.UnityAdditionalFile.txt
[240/718    0s] WriteText Library/Bee/artifacts/1300b0aE.dag/UnityEngine.UI.dll.mvfrm.rsp
[241/718    0s] WriteText Library/Bee/artifacts/1300b0aE.dag/Unity.Services.Core.Configuration.rsp
[242/718    0s] WriteText Library/Bee/artifacts/1300b0aE.dag/Unity.InternalAPIEngineBridge.004.rsp2
[243/718    0s] WriteText Library/Bee/artifacts/1300b0aE.dag/Unity.Services.Core.Scheduler.rsp2
[244/718    0s] WriteText Library/Bee/artifacts/1300b0aE.dag/Unity.Services.Core.Telemetry.UnityAdditionalFile.txt
[245/718    0s] WriteText Library/Bee/artifacts/1300b0aE.dag/Unity.Services.Core.Environments.Internal.UnityAdditionalFile.txt
[246/718    0s] WriteText Library/Bee/artifacts/1300b0aE.dag/Unity.Services.Core.Telemetry.rsp2
[247/718    0s] WriteText Library/Bee/artifacts/1300b0aE.dag/Unity.Services.Core.Threading.rsp2
[248/718    0s] WriteText Library/Bee/artifacts/1300b0aE.dag/Unity.Services.Core.Threading.UnityAdditionalFile.txt
[249/718    0s] WriteText Library/Bee/artifacts/1300b0aE.dag/Unity.Services.Core.Telemetry.dll.mvfrm.rsp
[250/718    0s] WriteText Library/Bee/artifacts/1300b0aE.dag/Unity.Services.Core.Environments.Internal.rsp2
[251/718    0s] WriteText Library/Bee/artifacts/1300b0aE.dag/Unity.Services.Core.Scheduler.dll.mvfrm.rsp
[252/718    0s] WriteText Library/Bee/artifacts/1300b0aE.dag/Unity.Services.Core.Device.rsp2
[253/718    0s] WriteText Library/Bee/artifacts/1300b0aE.dag/Unity.Services.Core.Device.UnityAdditionalFile.txt
[254/718    0s] WriteText Library/Bee/artifacts/1300b0aE.dag/Unity.Services.Core.Telemetry.rsp
[255/718    0s] WriteText Library/Bee/artifacts/1300b0aE.dag/UnityEngine.SpatialTracking.dll.mvfrm.rsp
[256/718    0s] WriteText Library/Bee/artifacts/1300b0aE.dag/Unity.Services.Core.Components.rsp2
[257/718    0s] WriteText Library/Bee/artifacts/1300b0aE.dag/Unity.Services.Core.Device.dll.mvfrm.rsp
[258/718    0s] WriteText Library/Bee/artifacts/1300b0aE.dag/Unity.AI.Navigation.dll.mvfrm.rsp
[259/718    0s] WriteText Library/Bee/artifacts/1300b0aE.dag/Unity.Services.Core.Components.UnityAdditionalFile.txt
[260/718    0s] WriteText Library/Bee/artifacts/1300b0aE.dag/UnityEngine.Purchasing.Stores.dll.mvfrm.rsp
[261/718    0s] WriteText Library/Bee/artifacts/1300b0aE.dag/Unity.InternalAPIEngineBridge.004.dll.mvfrm.rsp
[262/718    0s] WriteText Library/Bee/artifacts/1300b0aE.dag/UnityEngine.SpatialTracking.rsp
[263/718    0s] WriteText Library/Bee/artifacts/1300b0aE.dag/Unity.Services.Core.Scheduler.rsp
[264/718    0s] WriteText Library/Bee/artifacts/1300b0aE.dag/Unity.Services.Core.Environments.Internal.dll.mvfrm.rsp
[265/718    0s] WriteText Library/Bee/artifacts/1300b0aE.dag/Unity.Services.Core.Threading.dll.mvfrm.rsp
[266/718    0s] WriteText Library/Bee/artifacts/1300b0aE.dag/Unity.InternalAPIEngineBridge.004.rsp
[267/718    0s] WriteText Library/Bee/artifacts/1300b0aE.dag/Unity.Services.Core.Device.rsp
[268/718    0s] WriteText Library/Bee/artifacts/1300b0aE.dag/Unity.Services.Core.Environments.Internal.rsp
[269/718    0s] WriteText Library/Bee/artifacts/1300b0aE.dag/Unity.AI.Navigation.Editor.ConversionSystem.dll.mvfrm.rsp
[270/718    0s] WriteText Library/Bee/artifacts/1300b0aE.dag/Unity.Services.Core.Components.dll.mvfrm.rsp
[271/718    0s] WriteText Library/Bee/artifacts/1300b0aE.dag/Unity.Services.Core.Threading.rsp
[272/718    0s] WriteText Library/Bee/artifacts/1300b0aE.dag/UnityEngine.Purchasing.Stores.rsp
[273/718    0s] WriteText Library/Bee/artifacts/1300b0aE.dag/Unity.AI.Navigation.rsp
[274/718    0s] WriteText Library/Bee/artifacts/1300b0aE.dag/Unity.Services.Core.Configuration.Editor.UnityAdditionalFile.txt
[275/718    0s] WriteText Library/Bee/artifacts/1300b0aE.dag/Unity.Services.Core.Configuration.Editor.rsp2
[276/718    0s] WriteText Library/Bee/artifacts/1300b0aE.dag/Unity.Services.Core.Configuration.Editor.dll.mvfrm.rsp
[277/718    0s] WriteText Library/Bee/artifacts/1300b0aE.dag/Unity.Services.Core.Networking.rsp2
[278/718    0s] WriteText Library/Bee/artifacts/1300b0aE.dag/Unity.Services.Core.Registration.UnityAdditionalFile.txt
[279/718    0s] WriteText Library/Bee/artifacts/1300b0aE.dag/Unity.Services.Core.Configuration.Editor.rsp
[280/718    0s] WriteText Library/Bee/artifacts/1300b0aE.dag/Unity.Services.Core.Components.rsp
[281/718    0s] WriteText Library/Bee/artifacts/1300b0aE.dag/Unity.Services.Core.Registration.rsp2
[282/718    0s] WriteText Library/Bee/artifacts/1300b0aE.dag/Unity.Services.Core.Networking.UnityAdditionalFile.txt
[283/718    0s] WriteText Library/Bee/artifacts/1300b0aE.dag/Unity.Services.Core.Networking.dll.mvfrm.rsp
[284/718    0s] WriteText Library/Bee/artifacts/1300b0aE.dag/UnityEngine.XR.LegacyInputHelpers.UnityAdditionalFile.txt
[285/718    0s] WriteText Library/Bee/artifacts/1300b0aE.dag/Unity.Services.Core.Networking.rsp
[286/718    0s] WriteText Library/Bee/artifacts/1300b0aE.dag/Unity.AI.Navigation.Editor.rsp2
[287/718    0s] WriteText Library/Bee/artifacts/1300b0aE.dag/Unity.Timeline.UnityAdditionalFile.txt
[288/718    0s] WriteText Library/Bee/artifacts/1300b0aE.dag/Unity.Timeline.rsp2
[289/718    0s] WriteText Library/Bee/artifacts/1300b0aE.dag/Unity.Multiplayer.Center.Common.UnityAdditionalFile.txt
[290/718    0s] WriteText Library/Bee/artifacts/1300b0aE.dag/Unity.Multiplayer.Center.Common.rsp2
[291/718    0s] WriteText Library/Bee/artifacts/1300b0aE.dag/Unity.Services.Core.Registration.dll.mvfrm.rsp
[292/718    0s] WriteText Library/Bee/artifacts/1300b0aE.dag/Unity.Services.Core.Editor.UnityAdditionalFile.txt
[293/718    0s] WriteText Library/Bee/artifacts/1300b0aE.dag/Unity.TextMeshPro.UnityAdditionalFile.txt
[294/718    0s] WriteText Library/Bee/artifacts/1300b0aE.dag/Unity.TextMeshPro.dll.mvfrm.rsp
[295/718    0s] WriteText Library/Bee/artifacts/1300b0aE.dag/Unity.TextMeshPro.rsp2
[296/718    0s] WriteText Library/Bee/artifacts/1300b0aE.dag/Unity.AI.Navigation.Editor.UnityAdditionalFile.txt
[297/718    0s] WriteText Library/Bee/artifacts/1300b0aE.dag/UnityEngine.XR.LegacyInputHelpers.dll.mvfrm.rsp
[298/718    0s] WriteText Library/Bee/artifacts/1300b0aE.dag/Unity.Services.Core.Editor.rsp2
[299/718    0s] WriteText Library/Bee/artifacts/1300b0aE.dag/Unity.AI.Navigation.Editor.dll.mvfrm.rsp
[300/718    0s] WriteText Library/Bee/artifacts/1300b0aE.dag/UnityEngine.XR.LegacyInputHelpers.rsp
[301/718    0s] WriteText Library/Bee/artifacts/1300b0aE.dag/UnityEngine.Purchasing.Codeless.dll.mvfrm.rsp
[302/718    0s] WriteText Library/Bee/artifacts/1300b0aE.dag/UnityEngine.Purchasing.Codeless.rsp2
[303/718    0s] WriteText Library/Bee/artifacts/1300b0aE.dag/UnityEngine.Purchasing.Codeless.UnityAdditionalFile.txt
[304/718    0s] WriteText Library/Bee/artifacts/1300b0aE.dag/Unity.TextMeshPro.rsp
[305/718    0s] WriteText Library/Bee/artifacts/1300b0aE.dag/Unity.Services.Core.Registration.rsp
[306/718    0s] WriteText Library/Bee/artifacts/1300b0aE.dag/Unity.Multiplayer.Center.Common.dll.mvfrm.rsp
[307/718    0s] WriteText Library/Bee/artifacts/1300b0aE.dag/Unity.Services.Core.Editor.dll.mvfrm.rsp
[308/718    0s] WriteText Library/Bee/artifacts/1300b0aE.dag/Unity.Analytics.DataPrivacy.UnityAdditionalFile.txt
[309/718    0s] WriteText Library/Bee/artifacts/1300b0aE.dag/Unity.Timeline.rsp
[310/718    0s] WriteText Library/Bee/artifacts/1300b0aE.dag/Unity.AI.Navigation.Editor.rsp
[311/718    0s] WriteText Library/Bee/artifacts/1300b0aE.dag/Unity.Timeline.dll.mvfrm.rsp
[312/718    0s] WriteText Library/Bee/artifacts/1300b0aE.dag/UnityEngine.Purchasing.Codeless.rsp
[313/718    0s] WriteText Library/Bee/artifacts/1300b0aE.dag/Unity.Analytics.DataPrivacy.rsp2
[314/718    0s] WriteText Library/Bee/artifacts/1300b0aE.dag/Unity.Services.Core.Editor.rsp
[315/718    0s] WriteText Library/Bee/artifacts/1300b0aE.dag/Unity.Multiplayer.Center.Common.rsp
[316/718    0s] WriteText Library/Bee/artifacts/1300b0aE.dag/Unity.PlasticSCM.Editor.UnityAdditionalFile.txt
[317/718    0s] WriteText Library/Bee/artifacts/1300b0aE.dag/Unity.Multiplayer.Center.Editor.rsp2
[318/718    0s] WriteText Library/Bee/artifacts/1300b0aE.dag/Unity.Services.Core.Analytics.rsp2
[319/718    0s] WriteText Library/Bee/artifacts/1300b0aE.dag/Unity.Rider.Editor.UnityAdditionalFile.txt
[320/718    0s] WriteText Library/Bee/artifacts/1300b0aE.dag/Unity.Services.Core.Analytics.UnityAdditionalFile.txt
[321/718    0s] WriteText Library/Bee/artifacts/1300b0aE.dag/Unity.Multiplayer.Center.Editor.UnityAdditionalFile.txt
[322/718    0s] WriteText Library/Bee/artifacts/1300b0aE.dag/Unity.VisualStudio.Editor.rsp2
[323/718    0s] WriteText Library/Bee/artifacts/1300b0aE.dag/Unity.Rider.Editor.rsp2
[324/718    0s] WriteText Library/Bee/artifacts/1300b0aE.dag/Unity.Timeline.Editor.rsp2
[325/718    0s] WriteText Library/Bee/artifacts/1300b0aE.dag/Unity.TextMeshPro.Editor.UnityAdditionalFile.txt
[326/718    0s] WriteText Library/Bee/artifacts/1300b0aE.dag/Unity.TextMeshPro.Editor.rsp2
[327/718    0s] WriteText Library/Bee/artifacts/1300b0aE.dag/UnityEditor.Purchasing.rsp2
[328/718    0s] WriteText Library/Bee/artifacts/1300b0aE.dag/Unity.Timeline.Editor.UnityAdditionalFile.txt
[329/718    0s] WriteText Library/Bee/artifacts/1300b0aE.dag/UnityEditor.Purchasing.UnityAdditionalFile.txt
[330/718    0s] WriteText Library/Bee/artifacts/1300b0aE.dag/UnityEditor.SpatialTracking.rsp2
[331/718    0s] WriteText Library/Bee/artifacts/1300b0aE.dag/UnityEditor.UI.Analytics.UnityAdditionalFile.txt
[332/718    0s] WriteText Library/Bee/artifacts/1300b0aE.dag/UnityEditor.SpatialTracking.UnityAdditionalFile.txt
[333/718    0s] WriteText Library/Bee/artifacts/1300b0aE.dag/UnityEditor.UI.Analytics.rsp2
[334/718    0s] WriteText Library/Bee/artifacts/1300b0aE.dag/UnityEditor.XR.LegacyInputHelpers.UnityAdditionalFile.txt
[335/718    0s] WriteText Library/Bee/artifacts/1300b0aE.dag/Unity.2D.Sprite.Editor.rsp2
[336/718    0s] WriteText Library/Bee/artifacts/1300b0aE.dag/Unity.2D.Tilemap.Editor.UnityAdditionalFile.txt
[337/718    0s] WriteText Library/Bee/artifacts/1300b0aE.dag/Unity.2D.Sprite.Editor.UnityAdditionalFile.txt
[338/718    0s] WriteText Library/Bee/artifacts/1300b0aE.dag/Unity.VisualStudio.Editor.UnityAdditionalFile.txt
[339/718    0s] WriteText Library/Bee/artifacts/1300b0aE.dag/UnityEditor.XR.LegacyInputHelpers.rsp2
[340/718    0s] WriteText Library/Bee/artifacts/1300b0aE.dag/Unity.2D.Tilemap.Editor.rsp2
[341/718    0s] WriteText Library/Bee/artifacts/1300b0aE.dag/UnityEditor.Purchasing.dll.mvfrm.rsp
[342/718    0s] WriteText Library/Bee/artifacts/1300b0aE.dag/Unity.AI.Navigation.Updater.rsp2
[343/718    0s] WriteText Library/Bee/artifacts/1300b0aE.dag/Unity.Rider.Editor.dll.mvfrm.rsp
[344/718    0s] WriteText Library/Bee/artifacts/1300b0aE.dag/Unity.AI.Navigation.Updater.UnityAdditionalFile.txt
[345/718    0s] WriteText Library/Bee/artifacts/1300b0aE.dag/Unity.PlasticSCM.Editor.dll.mvfrm.rsp
[346/718    0s] WriteText Library/Bee/artifacts/1300b0aE.dag/Unity.Services.Core.Analytics.dll.mvfrm.rsp
[347/718    0s] WriteText Library/Bee/artifacts/1300b0aE.dag/Unity.TextMeshPro.Editor.dll.mvfrm.rsp
[348/718    0s] WriteText Library/Bee/artifacts/1300b0aE.dag/Unity.PlasticSCM.Editor.rsp
[349/718    0s] WriteText Library/Bee/artifacts/1300b0aE.dag/UnityEditor.SpatialTracking.dll.mvfrm.rsp
[350/718    0s] WriteText Library/Bee/artifacts/1300b0aE.dag/Unity.Multiplayer.Center.Editor.dll.mvfrm.rsp
[351/718    0s] WriteText Library/Bee/artifacts/1300b0aE.dag/UnityEditor.UI.Analytics.dll.mvfrm.rsp
[352/718    0s] WriteText Library/Bee/artifacts/1300b0aE.dag/UnityEditor.XR.LegacyInputHelpers.dll.mvfrm.rsp
[353/718    0s] WriteText Library/Bee/artifacts/1300b0aE.dag/Unity.Timeline.Editor.dll.mvfrm.rsp
[354/718    0s] WriteText Library/Bee/artifacts/1300b0aE.dag/Unity.2D.Tilemap.Editor.dll.mvfrm.rsp
[355/718    0s] WriteText Library/Bee/artifacts/1300b0aE.dag/Unity.VisualStudio.Editor.dll.mvfrm.rsp
[356/718    0s] WriteText Library/Bee/artifacts/1300b0aE.dag/UnityEditor.UI.Analytics.rsp
[357/718    0s] WriteText Library/Bee/artifacts/1300b0aE.dag/Unity.Analytics.DataPrivacy.dll.mvfrm.rsp
[358/718    0s] WriteText Library/Bee/artifacts/1300b0aE.dag/Unity.2D.Sprite.Editor.dll.mvfrm.rsp
[359/718    0s] WriteText Library/Bee/artifacts/1300b0aE.dag/Unity.Services.Core.Analytics.rsp
[360/718    0s] WriteText Library/Bee/artifacts/1300b0aE.dag/Unity.TextMeshPro.Editor.rsp
[361/718    0s] WriteText Library/Bee/artifacts/1300b0aE.dag/Unity.AI.Navigation.Updater.dll.mvfrm.rsp
[362/718    0s] WriteText Library/Bee/artifacts/1300b0aE.dag/Unity.Rider.Editor.rsp
[363/718    0s] WriteText Library/Bee/artifacts/1300b0aE.dag/UnityEditor.SpatialTracking.rsp
[364/718    0s] WriteText Library/Bee/artifacts/1300b0aE.dag/Unity.2D.Sprite.Editor.rsp
[365/718    0s] WriteText Library/Bee/artifacts/1300b0aE.dag/Unity.Timeline.Editor.rsp
[366/718    0s] WriteText Library/Bee/artifacts/1300b0aE.dag/UnityEditor.Purchasing.rsp
[367/718    0s] WriteText Library/Bee/artifacts/1300b0aE.dag/UnityEditor.XR.LegacyInputHelpers.rsp
[368/718    0s] WriteText Library/Bee/artifacts/1300b0aE.dag/Analytics.dll.mvfrm.rsp
[369/718    0s] WriteText Library/Bee/artifacts/1300b0aE.dag/Unity.VisualStudio.Editor.rsp
[370/718    0s] WriteText Library/Bee/artifacts/1300b0aE.dag/Unity.2D.Tilemap.Editor.rsp
[371/718    0s] WriteText Library/Bee/artifacts/1300b0aE.dag/Unity.Analytics.DataPrivacy.rsp
[372/718    0s] WriteText Library/Bee/artifacts/1300b0aE.dag/Unity.AI.Navigation.Updater.rsp
[373/718    0s] WriteText Library/Bee/artifacts/1300b0aE.dag/Unity.Multiplayer.Center.Editor.rsp
[374/718    0s] WriteText Library/Bee/artifacts/1300b0aE.dag/Analytics.UnityAdditionalFile.txt
[375/718    0s] WriteText Library/Bee/artifacts/1300b0aE.dag/Unity.Services.Core.Environments.Editor.rsp2
[376/718    0s] WriteText Library/Bee/artifacts/1300b0aE.dag/Analytics.rsp
[377/718    0s] WriteText Library/Bee/artifacts/1300b0aE.dag/Analytics.rsp2
[378/718    0s] WriteText Library/Bee/artifacts/1300b0aE.dag/Unity.Services.Core.Environments.Editor.dll.mvfrm.rsp
[379/718    0s] WriteText Library/Bee/artifacts/1300b0aE.dag/Assembly-CSharp-firstpass.UnityAdditionalFile.txt
[380/718    0s] WriteText Library/Bee/artifacts/1300b0aE.dag/Assembly-CSharp-firstpass.rsp
[381/718    0s] WriteText Library/Bee/artifacts/1300b0aE.dag/Unity.Services.Core.Environments.Editor.UnityAdditionalFile.txt
[382/718    0s] WriteText Library/Bee/artifacts/1300b0aE.dag/Assembly-CSharp-firstpass.rsp2
[383/718    0s] WriteText Library/Bee/artifacts/1300b0aE.dag/Unity.Services.Core.Environments.Editor.rsp
[384/718    0s] WriteText Library/Bee/artifacts/1300b0aE.dag/Assembly-CSharp-firstpass.dll.mvfrm.rsp
[385/718    0s] WriteText Library/Bee/artifacts/1300b0aE.dag/Assembly-CSharp.rsp2
[386/718    0s] WriteText Library/Bee/artifacts/1300b0aE.dag/IAPResolver.UnityAdditionalFile.txt
[387/718    0s] WriteText Library/Bee/artifacts/1300b0aE.dag/Assembly-CSharp.dll.mvfrm.rsp
[388/718    0s] WriteText Library/Bee/artifacts/1300b0aE.dag/Assembly-CSharp.UnityAdditionalFile.txt
[389/718    0s] WriteText Library/Bee/artifacts/1300b0aE.dag/Assembly-CSharp.rsp
[390/718    0s] WriteText Library/Bee/artifacts/1300b0aE.dag/IAPResolver.rsp2
[391/718    0s] WriteText Library/Bee/artifacts/1300b0aE.dag/Unity.Services.Analytics.Editor.rsp2
[392/718    0s] WriteText Library/Bee/artifacts/1300b0aE.dag/Assembly-CSharp-Editor.rsp2
[393/718    0s] WriteText Library/Bee/artifacts/1300b0aE.dag/Unity.CollabProxy.Editor.UnityAdditionalFile.txt
[394/718    0s] WriteText Library/Bee/artifacts/1300b0aE.dag/Unity.CollabProxy.Editor.rsp2
[395/718    0s] WriteText Library/Bee/artifacts/1300b0aE.dag/Unity.Services.Analytics.Editor.UnityAdditionalFile.txt
[396/718    0s] WriteText Library/Bee/artifacts/1300b0aE.dag/Unity.Services.Analytics.Editor.dll.mvfrm.rsp
[397/718    0s] WriteText Library/Bee/artifacts/1300b0aE.dag/IAPResolver.dll.mvfrm.rsp
[398/718    0s] WriteText Library/Bee/artifacts/1300b0aE.dag/Assembly-CSharp-Editor.UnityAdditionalFile.txt
[399/718    0s] WriteText Library/Bee/artifacts/1300b0aE.dag/Unity.PlasticSCM.Editor.Entities.dll.mvfrm.rsp
[400/718    0s] WriteText Library/Bee/artifacts/1300b0aE.dag/Assembly-CSharp-Editor.dll.mvfrm.rsp
[401/718    0s] WriteText Library/Bee/artifacts/1300b0aE.dag/Unity.CollabProxy.Editor.dll.mvfrm.rsp
[402/718    0s] WriteText Library/Bee/artifacts/1300b0aE.dag/Unity.PlasticSCM.Editor.Entities.rsp2
[403/718    0s] WriteText Library/Bee/artifacts/1300b0aE.dag/Unity.PlasticSCM.Editor.Entities.UnityAdditionalFile.txt
[404/718    0s] WriteText Library/Bee/artifacts/1300b0aE.dag/Unity.Services.Analytics.Editor.rsp
[405/718    0s] WriteText Library/Bee/artifacts/1300b0aE.dag/Unity.CollabProxy.Editor.rsp
[406/718    0s] WriteText Library/Bee/artifacts/1300b0aE.dag/Assembly-CSharp-Editor.rsp
[407/718    0s] WriteText Library/Bee/artifacts/1300b0aE.dag/IAPResolver.rsp
[408/718    0s] WriteText Library/Bee/artifacts/1300b0aE.dag/Unity.PlasticSCM.Editor.rsp2
[409/718    0s] WriteText Library/Bee/artifacts/1300b0aE.dag/Unity.AI.Navigation.Editor.ConversionSystem.rsp
[410/718    0s] WriteText Library/Bee/artifacts/1300b0aE.dag/UnityEngine.XR.LegacyInputHelpers.rsp2
[411/718    0s] WriteText Library/Bee/artifacts/1300b0aE.dag/Unity.PlasticSCM.Editor.Entities.rsp
[412/718    0s] MovedFromExtractor-Combine Library/Bee/artifacts/1300b0aE.dag/UnityEngine.TestRunner.dll.mvfrm
[413/718    0s] MovedFromExtractor-Combine Library/Bee/artifacts/1300b0aE.dag/UnityEngine.UI.dll.mvfrm
[           0s] Csc Library/Bee/artifacts/1300b0aE.dag/UnityEngine.TestRunner.dll (+2 others) [CacheMiss fea317a1fe043a96d35256ae6b44226000000000000000000000000000000006]
[           0s] Csc Library/Bee/artifacts/1300b0aE.dag/UnityEngine.UI.dll (+2 others) [CacheMiss ede9f46cb6cf7fd95d88ac04a91826cb00000000000000000000000000000006]
[414/718    2s] Csc Library/Bee/artifacts/1300b0aE.dag/UnityEngine.TestRunner.dll (+2 others)
[415/718    2s] Csc Library/Bee/artifacts/1300b0aE.dag/UnityEngine.UI.dll (+2 others)
[           0s] Csc Library/Bee/artifacts/1300b0aE.dag/UnityEngine.TestRunner.dll (+2 others) [CacheWrite fea317a1fe043a96d35256ae6b44226000000000000000000000000000000006]
[416/718    0s] CopyFiles Library/ScriptAssemblies/UnityEngine.TestRunner.pdb
[           0s] Csc Library/Bee/artifacts/1300b0aE.dag/UnityEngine.UI.dll (+2 others) [CacheWrite ede9f46cb6cf7fd95d88ac04a91826cb00000000000000000000000000000006]
[417/718    0s] CopyFiles Library/ScriptAssemblies/UnityEngine.UI.pdb
[418/718    0s] CopyFiles Library/ScriptAssemblies/UnityEngine.UI.dll
[419/718    0s] CopyFiles Library/ScriptAssemblies/UnityEngine.TestRunner.dll
[420/718    0s] MovedFromExtractor Library/Bee/artifacts/mvdfrm/UnityEngine.TestRunner.ref.dll_7423F2FBC6CF80C4.mvfrm
[421/718    0s] MovedFromExtractor Library/Bee/artifacts/mvdfrm/UnityEngine.UI.ref.dll_BDDAB6C3AC1C4D86.mvfrm
[422/718    0s] MovedFromExtractor-Combine Library/Bee/artifacts/1300b0aE.dag/UnityEditor.TestRunner.dll.mvfrm
[           0s] Csc Library/Bee/artifacts/1300b0aE.dag/UnityEditor.TestRunner.dll (+2 others) [CacheMiss ea63f98f7dac25fef9c03c285d03297900000000000000000000000000000006]
[423/718    1s] Csc Library/Bee/artifacts/1300b0aE.dag/UnityEditor.TestRunner.dll (+2 others)
[           0s] Csc Library/Bee/artifacts/1300b0aE.dag/UnityEditor.TestRunner.dll (+2 others) [CacheWrite ea63f98f7dac25fef9c03c285d03297900000000000000000000000000000006]
[424/718    0s] CopyFiles Library/ScriptAssemblies/UnityEditor.TestRunner.pdb
[425/718    0s] CopyFiles Library/ScriptAssemblies/UnityEditor.TestRunner.dll
[426/718    0s] MovedFromExtractor Library/Bee/artifacts/mvdfrm/UnityEditor.TestRunner.ref.dll_A805A84D9B0C22D9.mvfrm
[427/718    0s] MovedFromExtractor-Combine Library/Bee/artifacts/1300b0aE.dag/UnityEditor.UI.dll.mvfrm
[           0s] Csc Library/Bee/artifacts/1300b0aE.dag/UnityEditor.UI.dll (+2 others) [CacheMiss fb450f045f3c57f27f172af546a44b7500000000000000000000000000000006]
[428/718    0s] Csc Library/Bee/artifacts/1300b0aE.dag/UnityEditor.UI.dll (+2 others)
[           0s] Csc Library/Bee/artifacts/1300b0aE.dag/UnityEditor.UI.dll (+2 others) [CacheWrite fb450f045f3c57f27f172af546a44b7500000000000000000000000000000006]
[429/718    0s] CopyFiles Library/ScriptAssemblies/UnityEditor.UI.pdb
[430/718    0s] MovedFromExtractor Library/Bee/artifacts/mvdfrm/UnityEditor.UI.ref.dll_0174E068A5FA251B.mvfrm
[431/718    0s] CopyFiles Library/ScriptAssemblies/UnityEditor.UI.dll
[432/718    0s] MovedFromExtractor-Combine Library/Bee/artifacts/1300b0aE.dag/UnityEngine.SpatialTracking.dll.mvfrm
[433/718    0s] MovedFromExtractor-Combine Library/Bee/artifacts/1300b0aE.dag/Unity.Multiplayer.Center.Common.dll.mvfrm
[434/718    0s] MovedFromExtractor-Combine Library/Bee/artifacts/1300b0aE.dag/Unity.Services.Core.dll.mvfrm
[435/718    0s] MovedFromExtractor-Combine Library/Bee/artifacts/1300b0aE.dag/Unity.PlasticSCM.Editor.dll.mvfrm
[436/718    0s] MovedFromExtractor-Combine Library/Bee/artifacts/1300b0aE.dag/UnityEngine.Purchasing.WinRTCore.dll.mvfrm
[437/718    0s] MovedFromExtractor-Combine Library/Bee/artifacts/1300b0aE.dag/Unity.AI.Navigation.Editor.ConversionSystem.dll.mvfrm
[438/718    0s] MovedFromExtractor-Combine Library/Bee/artifacts/1300b0aE.dag/UnityEngine.Purchasing.SecurityCore.dll.mvfrm
[439/718    0s] MovedFromExtractor-Combine Library/Bee/artifacts/1300b0aE.dag/Unity.Timeline.dll.mvfrm
[440/718    0s] MovedFromExtractor-Combine Library/Bee/artifacts/1300b0aE.dag/Unity.AI.Navigation.dll.mvfrm
[441/718    0s] MovedFromExtractor-Combine Library/Bee/artifacts/1300b0aE.dag/Unity.2D.Sprite.Editor.dll.mvfrm
[442/718    0s] MovedFromExtractor-Combine Library/Bee/artifacts/1300b0aE.dag/UnityEngine.Purchasing.AppleCore.dll.mvfrm
[443/718    0s] MovedFromExtractor-Combine Library/Bee/artifacts/1300b0aE.dag/Unity.Analytics.DataPrivacy.dll.mvfrm
[           0s] Csc Library/Bee/artifacts/1300b0aE.dag/Unity.PlasticSCM.Editor.dll (+2 others) [CacheMiss 1c5ee76e63288008d76c353ac76b1c1a00000000000000000000000000000006]
[           0s] Csc Library/Bee/artifacts/1300b0aE.dag/Unity.AI.Navigation.Editor.ConversionSystem.dll (+2 others) [CacheMiss fd9a90d8e3192d38aaab9850a9fc9e4300000000000000000000000000000006]
[444/718    0s] MovedFromExtractor-Combine Library/Bee/artifacts/1300b0aE.dag/Unity.InternalAPIEngineBridge.004.dll.mvfrm
[           0s] Csc Library/Bee/artifacts/1300b0aE.dag/Unity.Multiplayer.Center.Common.dll (+2 others) [CacheMiss e1211090566463db27ec3aaa664329e900000000000000000000000000000006]
[           0s] Csc Library/Bee/artifacts/1300b0aE.dag/Unity.Services.Core.dll (+2 others) [CacheMiss fcda9bc757208d861f421a7195ac6ec400000000000000000000000000000006]
[           0s] Csc Library/Bee/artifacts/1300b0aE.dag/UnityEngine.SpatialTracking.dll (+2 others) [CacheMiss c2dd5c641af746c5f723d059da0e6a9c00000000000000000000000000000006]
[           0s] Csc Library/Bee/artifacts/1300b0aE.dag/UnityEngine.Purchasing.WinRTCore.dll (+2 others) [CacheMiss 09f2df32a820269869891c7aebbe2abc00000000000000000000000000000006]
[445/718    0s] MovedFromExtractor-Combine Library/Bee/artifacts/1300b0aE.dag/Unity.Rider.Editor.dll.mvfrm
[           0s] Csc Library/Bee/artifacts/1300b0aE.dag/Unity.Timeline.dll (+2 others) [CacheMiss 9d27841f030c516003dadf71dd647ac600000000000000000000000000000006]
[           0s] Csc Library/Bee/artifacts/1300b0aE.dag/Unity.AI.Navigation.dll (+2 others) [CacheMiss f7bb410b10aa70c4d3cd99150f4e548a00000000000000000000000000000006]
[           0s] Csc Library/Bee/artifacts/1300b0aE.dag/UnityEngine.Purchasing.SecurityCore.dll (+2 others) [CacheMiss 6c22b84ced0b201d81df5305c037206000000000000000000000000000000006]
[           0s] Csc Library/Bee/artifacts/1300b0aE.dag/Unity.InternalAPIEngineBridge.004.dll (+2 others) [CacheMiss 92220fbccbed2e7f44514a5b63ded9e700000000000000000000000000000006]
[           0s] Csc Library/Bee/artifacts/1300b0aE.dag/Unity.Analytics.DataPrivacy.dll (+2 others) [CacheMiss 9b0bd8b9c320fc7181f5835c17f8f38900000000000000000000000000000006]
[           0s] Csc Library/Bee/artifacts/1300b0aE.dag/Unity.Rider.Editor.dll (+2 others) [CacheMiss 9b7b0ddab8cd0b32accc688ea51dd10200000000000000000000000000000006]
[446/718    0s] MovedFromExtractor-Combine Library/Bee/artifacts/1300b0aE.dag/Unity.2D.Tilemap.Editor.dll.mvfrm
[447/718    0s] MovedFromExtractor-Combine Library/Bee/artifacts/1300b0aE.dag/Unity.VisualStudio.Editor.dll.mvfrm
[           0s] Csc Library/Bee/artifacts/1300b0aE.dag/Unity.2D.Tilemap.Editor.dll (+2 others) [CacheMiss 853cfdd3ad8228733359fd92b612546d00000000000000000000000000000006]
[           0s] Csc Library/Bee/artifacts/1300b0aE.dag/Unity.VisualStudio.Editor.dll (+2 others) [CacheMiss 3aadfa1f69b0320e71b2407d25b5bca900000000000000000000000000000006]
[448/718    1s] Csc Library/Bee/artifacts/1300b0aE.dag/Unity.Multiplayer.Center.Common.dll (+2 others)
[449/718    1s] Csc Library/Bee/artifacts/1300b0aE.dag/Unity.Analytics.DataPrivacy.dll (+2 others)
[450/718    1s] Csc Library/Bee/artifacts/1300b0aE.dag/Unity.Services.Core.dll (+2 others)
[451/718    1s] Csc Library/Bee/artifacts/1300b0aE.dag/UnityEngine.Purchasing.WinRTCore.dll (+2 others)
[452/718    1s] Csc Library/Bee/artifacts/1300b0aE.dag/Unity.AI.Navigation.dll (+2 others)
[453/718    1s] Csc Library/Bee/artifacts/1300b0aE.dag/Unity.InternalAPIEngineBridge.004.dll (+2 others)
[454/718    1s] Csc Library/Bee/artifacts/1300b0aE.dag/UnityEngine.Purchasing.SecurityCore.dll (+2 others)
[455/718    1s] Csc Library/Bee/artifacts/1300b0aE.dag/Unity.AI.Navigation.Editor.ConversionSystem.dll (+2 others)
[           0s] Csc Library/Bee/artifacts/1300b0aE.dag/Unity.Services.Core.dll (+2 others) [CacheWrite fcda9bc757208d861f421a7195ac6ec400000000000000000000000000000006]
[456/718    1s] Csc Library/Bee/artifacts/1300b0aE.dag/UnityEngine.SpatialTracking.dll (+2 others)
[           0s] Csc Library/Bee/artifacts/1300b0aE.dag/Unity.Multiplayer.Center.Common.dll (+2 others) [CacheWrite e1211090566463db27ec3aaa664329e900000000000000000000000000000006]
[           0s] Csc Library/Bee/artifacts/1300b0aE.dag/UnityEngine.Purchasing.WinRTCore.dll (+2 others) [CacheWrite 09f2df32a820269869891c7aebbe2abc00000000000000000000000000000006]
[           0s] Csc Library/Bee/artifacts/1300b0aE.dag/Unity.AI.Navigation.dll (+2 others) [CacheWrite f7bb410b10aa70c4d3cd99150f4e548a00000000000000000000000000000006]
[           0s] Csc Library/Bee/artifacts/1300b0aE.dag/Unity.Analytics.DataPrivacy.dll (+2 others) [CacheWrite 9b0bd8b9c320fc7181f5835c17f8f38900000000000000000000000000000006]
[           0s] Csc Library/Bee/artifacts/1300b0aE.dag/Unity.AI.Navigation.Editor.ConversionSystem.dll (+2 others) [CacheWrite fd9a90d8e3192d38aaab9850a9fc9e4300000000000000000000000000000006]
[           0s] Csc Library/Bee/artifacts/1300b0aE.dag/Unity.InternalAPIEngineBridge.004.dll (+2 others) [CacheWrite 92220fbccbed2e7f44514a5b63ded9e700000000000000000000000000000006]
[           0s] Csc Library/Bee/artifacts/1300b0aE.dag/UnityEngine.SpatialTracking.dll (+2 others) [CacheWrite c2dd5c641af746c5f723d059da0e6a9c00000000000000000000000000000006]
[           0s] Csc Library/Bee/artifacts/1300b0aE.dag/Unity.2D.Sprite.Editor.dll (+2 others) [CacheMiss 7a55f280294e1462029db03b6c7ec9dc00000000000000000000000000000006]
[           0s] Csc Library/Bee/artifacts/1300b0aE.dag/UnityEngine.Purchasing.SecurityCore.dll (+2 others) [CacheWrite 6c22b84ced0b201d81df5305c037206000000000000000000000000000000006]
[457/718    0s] MovedFromExtractor Library/Bee/artifacts/mvdfrm/Unity.AI.Navigation.ref.dll_B8DD527C37A2B60C.mvfrm
[458/718    0s] MovedFromExtractor Library/Bee/artifacts/mvdfrm/Unity.Services.Core.ref.dll_8B79153BEDCD5611.mvfrm
[459/718    1s] Csc Library/Bee/artifacts/1300b0aE.dag/Unity.Timeline.dll (+2 others)
[460/718    0s] MovedFromExtractor Library/Bee/artifacts/mvdfrm/Unity.Multiplayer.Center.Common.ref.dll_FF44434556825F42.mvfrm
[461/718    0s] MovedFromExtractor Library/Bee/artifacts/mvdfrm/UnityEngine.Purchasing.WinRTCore.ref.dll_F720F83FDA81B11F.mvfrm
[462/718    0s] MovedFromExtractor Library/Bee/artifacts/mvdfrm/Unity.AI.Navigation.Editor.ConversionSystem.ref.dll_9957BA1AF208A4B4.mvfrm
[463/718    0s] MovedFromExtractor Library/Bee/artifacts/mvdfrm/Unity.InternalAPIEngineBridge.004.ref.dll_03149B7CA829DDE0.mvfrm
[464/718    1s] Csc Library/Bee/artifacts/1300b0aE.dag/Unity.Rider.Editor.dll (+2 others)
[465/718    0s] MovedFromExtractor Library/Bee/artifacts/mvdfrm/UnityEngine.Purchasing.SecurityCore.ref.dll_7AACAF651D1C83D3.mvfrm
[466/718    0s] MovedFromExtractor Library/Bee/artifacts/mvdfrm/UnityEngine.SpatialTracking.ref.dll_CC46AD662704850F.mvfrm
[           0s] Csc Library/Bee/artifacts/1300b0aE.dag/Unity.Timeline.dll (+2 others) [CacheWrite 9d27841f030c516003dadf71dd647ac600000000000000000000000000000006]
[           0s] Csc Library/Bee/artifacts/1300b0aE.dag/Unity.Rider.Editor.dll (+2 others) [CacheWrite 9b7b0ddab8cd0b32accc688ea51dd10200000000000000000000000000000006]
[467/718    0s] MovedFromExtractor-Combine Library/Bee/artifacts/1300b0aE.dag/UnityEngine.Purchasing.WinRTStub.dll.mvfrm
[468/718    0s] MovedFromExtractor-Combine Library/Bee/artifacts/1300b0aE.dag/Unity.Multiplayer.Center.Editor.dll.mvfrm
[469/718    0s] MovedFromExtractor-Combine Library/Bee/artifacts/1300b0aE.dag/Unity.AI.Navigation.Editor.dll.mvfrm
[470/718    2s] Csc Library/Bee/artifacts/1300b0aE.dag/Unity.VisualStudio.Editor.dll (+2 others)
[471/718    0s] MovedFromExtractor-Combine Library/Bee/artifacts/1300b0aE.dag/UnityEngine.XR.LegacyInputHelpers.dll.mvfrm
[472/718    0s] MovedFromExtractor-Combine Library/Bee/artifacts/1300b0aE.dag/Analytics.dll.mvfrm
[473/718    0s] MovedFromExtractor-Combine Library/Bee/artifacts/1300b0aE.dag/UnityEngine.Purchasing.SecurityStub.dll.mvfrm
[474/718    0s] MovedFromExtractor-Combine Library/Bee/artifacts/1300b0aE.dag/Unity.Services.Core.Internal.dll.mvfrm
[           0s] Csc Library/Bee/artifacts/1300b0aE.dag/UnityEngine.Purchasing.WinRTStub.dll (+2 others) [CacheMiss b8e7553e411233df899179f4dcbf40a600000000000000000000000000000006]
[475/718    0s] MovedFromExtractor-Combine Library/Bee/artifacts/1300b0aE.dag/Unity.TextMeshPro.dll.mvfrm
[           0s] Csc Library/Bee/artifacts/1300b0aE.dag/Unity.AI.Navigation.Editor.dll (+2 others) [CacheMiss 68486f90b696b7f358b8a3e231b03c6200000000000000000000000000000006]
[476/718    0s] MovedFromExtractor Library/Bee/artifacts/mvdfrm/Unity.Timeline.ref.dll_16F8EA6B67022FB5.mvfrm
[           0s] Csc Library/Bee/artifacts/1300b0aE.dag/Unity.VisualStudio.Editor.dll (+2 others) [CacheWrite 3aadfa1f69b0320e71b2407d25b5bca900000000000000000000000000000006]
[           0s] Csc Library/Bee/artifacts/1300b0aE.dag/UnityEngine.XR.LegacyInputHelpers.dll (+2 others) [CacheMiss 4dc9399ce33bc1047a407c22334452b000000000000000000000000000000006]
[477/718    0s] MovedFromExtractor-Combine Library/Bee/artifacts/1300b0aE.dag/Unity.Services.Core.Analytics.dll.mvfrm
[           0s] Csc Library/Bee/artifacts/1300b0aE.dag/Unity.Multiplayer.Center.Editor.dll (+2 others) [CacheMiss db2721f41cbf5e83c7a511d240a8354f00000000000000000000000000000006]
[           0s] Csc Library/Bee/artifacts/1300b0aE.dag/UnityEngine.Purchasing.SecurityStub.dll (+2 others) [CacheMiss 630affba4c071921eadf1b64a61e929e00000000000000000000000000000006]
[           0s] Csc Library/Bee/artifacts/1300b0aE.dag/Unity.Services.Core.Internal.dll (+2 others) [CacheMiss e629edda1e9db77d0f74f635ef79aca300000000000000000000000000000006]
[           0s] Csc Library/Bee/artifacts/1300b0aE.dag/Unity.TextMeshPro.dll (+2 others) [CacheMiss eb2f872ec726daaf8184962bac18fe3e00000000000000000000000000000006]
[           0s] Csc Library/Bee/artifacts/1300b0aE.dag/Unity.Services.Core.Analytics.dll (+2 others) [CacheMiss 9bbfd57fcc5feb6b1e1b894b6a9f59d200000000000000000000000000000006]
[478/718    0s] MovedFromExtractor-Combine Library/Bee/artifacts/1300b0aE.dag/UnityEditor.SpatialTracking.dll.mvfrm
[479/718    0s] MovedFromExtractor-Combine Library/Bee/artifacts/1300b0aE.dag/Unity.Timeline.Editor.dll.mvfrm
[           0s] Csc Library/Bee/artifacts/1300b0aE.dag/UnityEditor.SpatialTracking.dll (+2 others) [CacheMiss 47ebd172d94a4d657ba8367ee76a64ca00000000000000000000000000000006]
[480/718    0s] MovedFromExtractor Library/Bee/artifacts/mvdfrm/Unity.VisualStudio.Editor.ref.dll_0FE027DDD6F41767.mvfrm
[481/718    2s] Csc Library/Bee/artifacts/1300b0aE.dag/Unity.2D.Tilemap.Editor.dll (+2 others)
[           0s] Csc Library/Bee/artifacts/1300b0aE.dag/Unity.Timeline.Editor.dll (+2 others) [CacheMiss acc2e456dbcdfc01244eef1629bbe46400000000000000000000000000000006]
[           0s] Csc Library/Bee/artifacts/1300b0aE.dag/Unity.2D.Tilemap.Editor.dll (+2 others) [CacheWrite 853cfdd3ad8228733359fd92b612546d00000000000000000000000000000006]
[482/718    0s] Csc Library/Bee/artifacts/1300b0aE.dag/UnityEngine.XR.LegacyInputHelpers.dll (+2 others)
[483/718    0s] Csc Library/Bee/artifacts/1300b0aE.dag/UnityEngine.Purchasing.SecurityStub.dll (+2 others)
[484/718    0s] MovedFromExtractor Library/Bee/artifacts/mvdfrm/Unity.Rider.Editor.ref.dll_DA88E6A3E9EB6155.mvfrm
[485/718    1s] Csc Library/Bee/artifacts/1300b0aE.dag/Unity.AI.Navigation.Editor.dll (+2 others)
[486/718    1s] Csc Library/Bee/artifacts/1300b0aE.dag/UnityEngine.Purchasing.WinRTStub.dll (+2 others)
[487/718    2s] Csc Library/Bee/artifacts/1300b0aE.dag/Unity.2D.Sprite.Editor.dll (+2 others)
[488/718    1s] Csc Library/Bee/artifacts/1300b0aE.dag/Unity.Multiplayer.Center.Editor.dll (+2 others)
[489/718    1s] Csc Library/Bee/artifacts/1300b0aE.dag/Unity.Services.Core.Analytics.dll (+2 others)
[           0s] Csc Library/Bee/artifacts/1300b0aE.dag/UnityEngine.XR.LegacyInputHelpers.dll (+2 others) [CacheWrite 4dc9399ce33bc1047a407c22334452b000000000000000000000000000000006]
[490/718    1s] Csc Library/Bee/artifacts/1300b0aE.dag/UnityEditor.SpatialTracking.dll (+2 others)
[           0s] Csc Library/Bee/artifacts/1300b0aE.dag/UnityEngine.Purchasing.SecurityStub.dll (+2 others) [CacheWrite 630affba4c071921eadf1b64a61e929e00000000000000000000000000000006]
[491/718    1s] MovedFromExtractor Library/Bee/artifacts/mvdfrm/Unity.2D.Tilemap.Editor.ref.dll_C349DCD839D8880B.mvfrm
[492/718    1s] MovedFromExtractor Library/Bee/artifacts/mvdfrm/Unity.Analytics.DataPrivacy.ref.dll_6B3FC612803A9FD8.mvfrm
[           0s] Csc Library/Bee/artifacts/1300b0aE.dag/Unity.Services.Core.Analytics.dll (+2 others) [CacheWrite 9bbfd57fcc5feb6b1e1b894b6a9f59d200000000000000000000000000000006]
[           0s] Csc Library/Bee/artifacts/1300b0aE.dag/Unity.AI.Navigation.Editor.dll (+2 others) [CacheWrite 68486f90b696b7f358b8a3e231b03c6200000000000000000000000000000006]
[           0s] Csc Library/Bee/artifacts/1300b0aE.dag/Unity.2D.Sprite.Editor.dll (+2 others) [CacheWrite 7a55f280294e1462029db03b6c7ec9dc00000000000000000000000000000006]
[           0s] Csc Library/Bee/artifacts/1300b0aE.dag/UnityEngine.Purchasing.WinRTStub.dll (+2 others) [CacheWrite b8e7553e411233df899179f4dcbf40a600000000000000000000000000000006]
[493/718    2s] Csc Library/Bee/artifacts/1300b0aE.dag/Unity.Services.Core.Internal.dll (+2 others)
[           0s] Csc Library/Bee/artifacts/1300b0aE.dag/Unity.Multiplayer.Center.Editor.dll (+2 others) [CacheWrite db2721f41cbf5e83c7a511d240a8354f00000000000000000000000000000006]
[           0s] Csc Library/Bee/artifacts/1300b0aE.dag/Analytics.dll (+2 others) [CacheMiss 2dd497bfbb0f3df15bf490626fbc7c8100000000000000000000000000000006]
[           0s] Csc Library/Bee/artifacts/1300b0aE.dag/UnityEditor.SpatialTracking.dll (+2 others) [CacheWrite 47ebd172d94a4d657ba8367ee76a64ca00000000000000000000000000000006]
[           0s] Csc Library/Bee/artifacts/1300b0aE.dag/Unity.Services.Core.Internal.dll (+2 others) [CacheWrite e629edda1e9db77d0f74f635ef79aca300000000000000000000000000000006]
[494/718    0s] MovedFromExtractor Library/Bee/artifacts/mvdfrm/UnityEngine.XR.LegacyInputHelpers.ref.dll_632513B3DE0B9F3C.mvfrm
[495/718    0s] MovedFromExtractor-Combine Library/Bee/artifacts/1300b0aE.dag/IAPResolver.dll.mvfrm
[496/718    0s] MovedFromExtractor Library/Bee/artifacts/mvdfrm/Unity.AI.Navigation.Editor.ref.dll_61B1FDAFDA0EF665.mvfrm
[497/718    0s] MovedFromExtractor Library/Bee/artifacts/mvdfrm/Unity.2D.Sprite.Editor.ref.dll_6C8185F9E5AE014E.mvfrm
[498/718    1s] MovedFromExtractor Library/Bee/artifacts/mvdfrm/UnityEngine.Purchasing.SecurityStub.ref.dll_C5D37458C0893F12.mvfrm
[499/718    0s] CopyFiles Library/ScriptAssemblies/Unity.Services.Core.dll
[500/718    0s] CopyFiles Library/ScriptAssemblies/Unity.Services.Core.Internal.dll
[501/718    0s] CopyFiles Library/ScriptAssemblies/UnityEngine.SpatialTracking.dll
[502/718    0s] CopyFiles Library/ScriptAssemblies/UnityEngine.Purchasing.SecurityStub.dll
[503/718    0s] CopyFiles Library/ScriptAssemblies/UnityEngine.Purchasing.SecurityCore.dll
[504/718    0s] CopyFiles Library/ScriptAssemblies/Unity.Timeline.dll
[505/718    0s] CopyFiles Library/ScriptAssemblies/UnityEngine.Purchasing.WinRTStub.dll
[506/718    0s] CopyFiles Library/ScriptAssemblies/Unity.Analytics.DataPrivacy.dll
[507/718    0s] CopyFiles Library/ScriptAssemblies/Unity.InternalAPIEngineBridge.004.dll
[508/718    0s] CopyFiles Library/ScriptAssemblies/Unity.AI.Navigation.dll
[509/718    0s] CopyFiles Library/ScriptAssemblies/UnityEngine.Purchasing.WinRTCore.dll
[510/718    0s] CopyFiles Library/ScriptAssemblies/UnityEngine.XR.LegacyInputHelpers.dll
[511/718    0s] CopyFiles Library/ScriptAssemblies/Unity.Multiplayer.Center.Common.dll
[512/718    0s] CopyFiles Library/ScriptAssemblies/Unity.Services.Core.Analytics.dll
[513/718    0s] CopyFiles Library/ScriptAssemblies/Unity.Services.Core.Internal.pdb
[514/718    0s] CopyFiles Library/ScriptAssemblies/UnityEditor.SpatialTracking.pdb
[515/718    0s] CopyFiles Library/ScriptAssemblies/UnityEditor.SpatialTracking.dll
[516/718    0s] CopyFiles Library/ScriptAssemblies/Unity.Multiplayer.Center.Editor.pdb
[517/718    0s] CopyFiles Library/ScriptAssemblies/Unity.Multiplayer.Center.Editor.dll
[518/718    0s] CopyFiles Library/ScriptAssemblies/UnityEngine.Purchasing.WinRTStub.pdb
[519/718    0s] CopyFiles Library/ScriptAssemblies/Unity.2D.Sprite.Editor.pdb
[520/718    0s] CopyFiles Library/ScriptAssemblies/Unity.2D.Sprite.Editor.dll
[521/718    0s] CopyFiles Library/ScriptAssemblies/Unity.AI.Navigation.Editor.dll
[522/718    0s] CopyFiles Library/ScriptAssemblies/Unity.AI.Navigation.Editor.pdb
[523/718    0s] CopyFiles Library/ScriptAssemblies/Unity.Services.Core.Analytics.pdb
[524/718    0s] CopyFiles Library/ScriptAssemblies/UnityEngine.Purchasing.SecurityStub.pdb
[525/718    0s] CopyFiles Library/ScriptAssemblies/UnityEngine.XR.LegacyInputHelpers.pdb
[526/718    0s] CopyFiles Library/ScriptAssemblies/Unity.2D.Tilemap.Editor.dll
[527/718    0s] CopyFiles Library/ScriptAssemblies/Unity.2D.Tilemap.Editor.pdb
[528/718    0s] CopyFiles Library/ScriptAssemblies/Unity.VisualStudio.Editor.pdb
[529/718    0s] CopyFiles Library/ScriptAssemblies/Unity.VisualStudio.Editor.dll
[530/718    0s] CopyFiles Library/ScriptAssemblies/Unity.Rider.Editor.pdb
[531/718    0s] CopyFiles Library/ScriptAssemblies/Unity.Rider.Editor.dll
[532/718    0s] CopyFiles Library/ScriptAssemblies/Unity.Timeline.pdb
[533/718    0s] CopyFiles Library/ScriptAssemblies/UnityEngine.Purchasing.SecurityCore.pdb
[534/718    0s] CopyFiles Library/ScriptAssemblies/UnityEngine.SpatialTracking.pdb
[535/718    0s] CopyFiles Library/ScriptAssemblies/Unity.InternalAPIEngineBridge.004.pdb
[536/718    0s] CopyFiles Library/ScriptAssemblies/Unity.AI.Navigation.Editor.ConversionSystem.pdb
[537/718    0s] CopyFiles Library/ScriptAssemblies/Unity.AI.Navigation.Editor.ConversionSystem.dll
[538/718    0s] CopyFiles Library/ScriptAssemblies/Unity.AI.Navigation.pdb
[539/718    0s] CopyFiles Library/ScriptAssemblies/UnityEngine.Purchasing.WinRTCore.pdb
[540/718    0s] CopyFiles Library/ScriptAssemblies/Unity.Analytics.DataPrivacy.pdb
[541/718    0s] CopyFiles Library/ScriptAssemblies/Unity.Multiplayer.Center.Common.pdb
[542/718    0s] CopyFiles Library/ScriptAssemblies/Unity.Services.Core.pdb
[543/718    0s] MovedFromExtractor Library/Bee/artifacts/mvdfrm/UnityEngine.Purchasing.WinRTStub.ref.dll_4247BD337DEE6C5E.mvfrm
[544/718    0s] MovedFromExtractor Library/Bee/artifacts/mvdfrm/Unity.Services.Core.Analytics.ref.dll_CBCA382B387CF7F9.mvfrm
[545/718    2s] Csc Library/Bee/artifacts/1300b0aE.dag/Unity.TextMeshPro.dll (+2 others)
[546/718    0s] MovedFromExtractor-Combine Library/Bee/artifacts/1300b0aE.dag/UnityEditor.XR.LegacyInputHelpers.dll.mvfrm
[           0s] Csc Library/Bee/artifacts/1300b0aE.dag/IAPResolver.dll (+2 others) [CacheMiss db4b6b5215404155a2c66110d83e83a500000000000000000000000000000006]
[547/718    0s] MovedFromExtractor-Combine Library/Bee/artifacts/1300b0aE.dag/Unity.AI.Navigation.Updater.dll.mvfrm
[548/718    0s] MovedFromExtractor Library/Bee/artifacts/mvdfrm/UnityEditor.SpatialTracking.ref.dll_4005BB3EAE0C01EA.mvfrm
[549/718    0s] MovedFromExtractor Library/Bee/artifacts/mvdfrm/Unity.Multiplayer.Center.Editor.ref.dll_FC2D3B4057A989C4.mvfrm
[550/718    0s] MovedFromExtractor Library/Bee/artifacts/mvdfrm/Unity.Services.Core.Internal.ref.dll_45285F9C4B4C0270.mvfrm
[           0s] Csc Library/Bee/artifacts/1300b0aE.dag/UnityEditor.XR.LegacyInputHelpers.dll (+2 others) [CacheMiss 11112351206c7557b320f837842b8b3200000000000000000000000000000006]
[           0s] Csc Library/Bee/artifacts/1300b0aE.dag/Unity.TextMeshPro.dll (+2 others) [CacheWrite eb2f872ec726daaf8184962bac18fe3e00000000000000000000000000000006]
[           0s] Csc Library/Bee/artifacts/1300b0aE.dag/Unity.AI.Navigation.Updater.dll (+2 others) [CacheMiss 3d61ce47e531ecd27431fe4a8b79ab4400000000000000000000000000000006]
[551/718    5s] Csc Library/Bee/artifacts/1300b0aE.dag/Unity.PlasticSCM.Editor.dll (+2 others)
[552/718    0s] MovedFromExtractor-Combine Library/Bee/artifacts/1300b0aE.dag/Unity.Services.Core.Configuration.dll.mvfrm
[553/718    0s] MovedFromExtractor-Combine Library/Bee/artifacts/1300b0aE.dag/Unity.Services.Core.Environments.dll.mvfrm
[554/718    0s] MovedFromExtractor-Combine Library/Bee/artifacts/1300b0aE.dag/Unity.Services.Core.Scheduler.dll.mvfrm
[555/718    0s] MovedFromExtractor-Combine Library/Bee/artifacts/1300b0aE.dag/Purchasing.Common.dll.mvfrm
[556/718    0s] MovedFromExtractor-Combine Library/Bee/artifacts/1300b0aE.dag/Unity.Services.Core.Telemetry.dll.mvfrm
[557/718    0s] MovedFromExtractor-Combine Library/Bee/artifacts/1300b0aE.dag/Unity.Services.Analytics.dll.mvfrm
[           0s] Csc Library/Bee/artifacts/1300b0aE.dag/Unity.PlasticSCM.Editor.dll (+2 others) [CacheWrite 1c5ee76e63288008d76c353ac76b1c1a00000000000000000000000000000006]
[           0s] Csc Library/Bee/artifacts/1300b0aE.dag/Unity.Services.Core.Configuration.dll (+2 others) [CacheMiss 06eff3eb6a792593b2f3a4f31bae1fc900000000000000000000000000000006]
[558/718    1s] Csc Library/Bee/artifacts/1300b0aE.dag/Analytics.dll (+2 others)
[559/718    0s] MovedFromExtractor-Combine Library/Bee/artifacts/1300b0aE.dag/Unity.Services.Core.Device.dll.mvfrm
[           0s] Csc Library/Bee/artifacts/1300b0aE.dag/Unity.Services.Core.Environments.dll (+2 others) [CacheMiss 6091fa43531362c8ac0f37cb20ea4a0a00000000000000000000000000000006]
[560/718    0s] MovedFromExtractor-Combine Library/Bee/artifacts/1300b0aE.dag/Unity.Services.Core.Threading.dll.mvfrm
[           0s] Csc Library/Bee/artifacts/1300b0aE.dag/Unity.Services.Core.Telemetry.dll (+2 others) [CacheMiss c504743289ff18b88678642a29ba2dba00000000000000000000000000000006]
[           0s] Csc Library/Bee/artifacts/1300b0aE.dag/Unity.Services.Analytics.dll (+2 others) [CacheMiss 2fb9b9fdf6dcc92e5dc9a7f0a6bfaed200000000000000000000000000000006]
[           0s] Csc Library/Bee/artifacts/1300b0aE.dag/Purchasing.Common.dll (+2 others) [CacheMiss b1c83bb5c5ce9812de89ca006c0a6a6500000000000000000000000000000006]
[           0s] Csc Library/Bee/artifacts/1300b0aE.dag/Analytics.dll (+2 others) [CacheWrite 2dd497bfbb0f3df15bf490626fbc7c8100000000000000000000000000000006]
[           0s] Csc Library/Bee/artifacts/1300b0aE.dag/Unity.Services.Core.Scheduler.dll (+2 others) [CacheMiss 881bf06b21da6b6ef0aac9307544d22f00000000000000000000000000000006]
[           0s] Csc Library/Bee/artifacts/1300b0aE.dag/Unity.Services.Core.Threading.dll (+2 others) [CacheMiss cf5a4677e4b870d19701d2dd802934fe00000000000000000000000000000006]
[           0s] Csc Library/Bee/artifacts/1300b0aE.dag/Unity.Services.Core.Device.dll (+2 others) [CacheMiss 10a5dfda9f08d154147934ab0f6f84e400000000000000000000000000000006]
[561/718    0s] MovedFromExtractor-Combine Library/Bee/artifacts/1300b0aE.dag/Unity.Services.Core.Environments.Internal.dll.mvfrm
[562/718    0s] MovedFromExtractor-Combine Library/Bee/artifacts/1300b0aE.dag/Unity.Services.Core.Networking.dll.mvfrm
[563/718    0s] Csc Library/Bee/artifacts/1300b0aE.dag/IAPResolver.dll (+2 others)
[           0s] Csc Library/Bee/artifacts/1300b0aE.dag/Unity.Services.Core.Networking.dll (+2 others) [CacheMiss 1ebdea8b447afe9936474696db9a2a8d00000000000000000000000000000006]
[           0s] Csc Library/Bee/artifacts/1300b0aE.dag/Unity.Services.Core.Environments.Internal.dll (+2 others) [CacheMiss 325b352e022d978daa59a19ef4e575ad00000000000000000000000000000006]
[564/718    0s] Csc Library/Bee/artifacts/1300b0aE.dag/UnityEditor.XR.LegacyInputHelpers.dll (+2 others)
[           0s] Csc Library/Bee/artifacts/1300b0aE.dag/IAPResolver.dll (+2 others) [CacheWrite db4b6b5215404155a2c66110d83e83a500000000000000000000000000000006]
[           0s] Csc Library/Bee/artifacts/1300b0aE.dag/UnityEditor.XR.LegacyInputHelpers.dll (+2 others) [CacheWrite 11112351206c7557b320f837842b8b3200000000000000000000000000000006]
[565/718    0s] Csc Library/Bee/artifacts/1300b0aE.dag/Unity.Services.Core.Environments.dll (+2 others)
[566/718    0s] Csc Library/Bee/artifacts/1300b0aE.dag/Unity.AI.Navigation.Updater.dll (+2 others)
[567/718    0s] Csc Library/Bee/artifacts/1300b0aE.dag/Unity.Services.Core.Scheduler.dll (+2 others)
[568/718    0s] Csc Library/Bee/artifacts/1300b0aE.dag/Unity.Services.Core.Configuration.dll (+2 others)
[569/718    0s] Csc Library/Bee/artifacts/1300b0aE.dag/Unity.Services.Core.Telemetry.dll (+2 others)
[570/718    0s] MovedFromExtractor Library/Bee/artifacts/mvdfrm/Unity.TextMeshPro.ref.dll_02929A3ECA791895.mvfrm
[571/718    0s] Csc Library/Bee/artifacts/1300b0aE.dag/Purchasing.Common.dll (+2 others)
[572/718    1s] Csc Library/Bee/artifacts/1300b0aE.dag/Unity.Services.Core.Threading.dll (+2 others)
[           0s] Csc Library/Bee/artifacts/1300b0aE.dag/Unity.Services.Core.Scheduler.dll (+2 others) [CacheWrite 881bf06b21da6b6ef0aac9307544d22f00000000000000000000000000000006]
[           0s] Csc Library/Bee/artifacts/1300b0aE.dag/Unity.Services.Core.Configuration.dll (+2 others) [CacheWrite 06eff3eb6a792593b2f3a4f31bae1fc900000000000000000000000000000006]
[573/718    1s] Csc Library/Bee/artifacts/1300b0aE.dag/Unity.Services.Analytics.dll (+2 others)
[           0s] Csc Library/Bee/artifacts/1300b0aE.dag/Unity.Services.Core.Telemetry.dll (+2 others) [CacheWrite c504743289ff18b88678642a29ba2dba00000000000000000000000000000006]
[           0s] Csc Library/Bee/artifacts/1300b0aE.dag/Unity.AI.Navigation.Updater.dll (+2 others) [CacheWrite 3d61ce47e531ecd27431fe4a8b79ab4400000000000000000000000000000006]
[           0s] Csc Library/Bee/artifacts/1300b0aE.dag/Purchasing.Common.dll (+2 others) [CacheWrite b1c83bb5c5ce9812de89ca006c0a6a6500000000000000000000000000000006]
[           0s] Csc Library/Bee/artifacts/1300b0aE.dag/Unity.Services.Core.Environments.dll (+2 others) [CacheWrite 6091fa43531362c8ac0f37cb20ea4a0a00000000000000000000000000000006]
[574/718    0s] MovedFromExtractor Library/Bee/artifacts/mvdfrm/Unity.PlasticSCM.Editor.ref.dll_A558B9E65539D7D0.mvfrm
[           0s] Csc Library/Bee/artifacts/1300b0aE.dag/Unity.Services.Core.Threading.dll (+2 others) [CacheWrite cf5a4677e4b870d19701d2dd802934fe00000000000000000000000000000006]
[575/718    0s] MovedFromExtractor-Combine Library/Bee/artifacts/1300b0aE.dag/Unity.TextMeshPro.Editor.dll.mvfrm
[           0s] Csc Library/Bee/artifacts/1300b0aE.dag/Unity.Services.Analytics.dll (+2 others) [CacheWrite 2fb9b9fdf6dcc92e5dc9a7f0a6bfaed200000000000000000000000000000006]
[           0s] Csc Library/Bee/artifacts/1300b0aE.dag/UnityEngine.Purchasing.AppleCore.dll (+2 others) [CacheMiss de3b0321f3a49f6cd3136747e1e18b1700000000000000000000000000000006]
[576/718    1s] Csc Library/Bee/artifacts/1300b0aE.dag/Unity.Services.Core.Device.dll (+2 others)
[577/718    0s] MovedFromExtractor Library/Bee/artifacts/mvdfrm/Unity.Services.Core.Scheduler.ref.dll_CC53CA3C075DC21E.mvfrm
[578/718    0s] Csc Library/Bee/artifacts/1300b0aE.dag/Unity.Services.Core.Environments.Internal.dll (+2 others)
[579/718    0s] MovedFromExtractor Library/Bee/artifacts/mvdfrm/Unity.Services.Core.Configuration.ref.dll_FD8DAE0F909EE329.mvfrm
[           0s] Csc Library/Bee/artifacts/1300b0aE.dag/Unity.TextMeshPro.Editor.dll (+2 others) [CacheMiss 6817d2adcce7750bdda9362b46bec53300000000000000000000000000000006]
[580/718    0s] MovedFromExtractor Library/Bee/artifacts/mvdfrm/Unity.Services.Core.Telemetry.ref.dll_D848E32EA051F60C.mvfrm
[581/718    0s] MovedFromExtractor Library/Bee/artifacts/mvdfrm/Unity.AI.Navigation.Updater.ref.dll_EBACA68F09445567.mvfrm
[           0s] Csc Library/Bee/artifacts/1300b0aE.dag/Unity.Services.Core.Device.dll (+2 others) [CacheWrite 10a5dfda9f08d154147934ab0f6f84e400000000000000000000000000000006]
[582/718    1s] Csc Library/Bee/artifacts/1300b0aE.dag/Unity.Services.Core.Networking.dll (+2 others)
[583/718    0s] MovedFromExtractor Library/Bee/artifacts/mvdfrm/Unity.Services.Core.Environments.ref.dll_E7BB04DD211B7353.mvfrm
[584/718    0s] MovedFromExtractor-Combine Library/Bee/artifacts/1300b0aE.dag/UnityEditor.UI.Analytics.dll.mvfrm
[           0s] Csc Library/Bee/artifacts/1300b0aE.dag/Unity.Services.Core.Environments.Internal.dll (+2 others) [CacheWrite 325b352e022d978daa59a19ef4e575ad00000000000000000000000000000006]
[585/718    0s] MovedFromExtractor Library/Bee/artifacts/mvdfrm/Unity.Services.Core.Threading.ref.dll_D000594D1EE0F74B.mvfrm
[586/718    0s] CopyFiles Library/ScriptAssemblies/Unity.Services.Core.Environments.Internal.dll
[587/718    0s] CopyFiles Library/ScriptAssemblies/Unity.Services.Core.Device.dll
[588/718    0s] CopyFiles Library/ScriptAssemblies/Unity.Services.Analytics.dll
[589/718    0s] CopyFiles Library/ScriptAssemblies/Unity.Services.Core.Threading.dll
[590/718    0s] CopyFiles Library/ScriptAssemblies/Unity.Services.Core.Environments.dll
[591/718    0s] MovedFromExtractor Library/Bee/artifacts/mvdfrm/Unity.Services.Analytics.ref.dll_1A458EB143071E7A.mvfrm
[592/718    0s] CopyFiles Library/ScriptAssemblies/Purchasing.Common.dll
[593/718    0s] CopyFiles Library/ScriptAssemblies/Unity.Services.Core.Telemetry.dll
[594/718    0s] CopyFiles Library/ScriptAssemblies/Unity.Services.Core.Configuration.dll
[595/718    0s] CopyFiles Library/ScriptAssemblies/Unity.Services.Core.Scheduler.dll
[596/718    0s] CopyFiles Library/ScriptAssemblies/Unity.TextMeshPro.dll
[597/718    0s] CopyFiles Library/ScriptAssemblies/Unity.Services.Core.Environments.Internal.pdb
[598/718    0s] CopyFiles Library/ScriptAssemblies/Unity.Services.Core.Device.pdb
[           0s] Csc Library/Bee/artifacts/1300b0aE.dag/Unity.Services.Core.Networking.dll (+2 others) [CacheWrite 1ebdea8b447afe9936474696db9a2a8d00000000000000000000000000000006]
[599/718    0s] CopyFiles Library/ScriptAssemblies/Unity.Services.Analytics.pdb
[600/718    0s] CopyFiles Library/ScriptAssemblies/Unity.Services.Core.Threading.pdb
[601/718    0s] CopyFiles Library/ScriptAssemblies/Unity.Services.Core.Environments.pdb
[602/718    0s] CopyFiles Library/ScriptAssemblies/Purchasing.Common.pdb
[603/718    0s] CopyFiles Library/ScriptAssemblies/Unity.Services.Core.Telemetry.pdb
[604/718    0s] CopyFiles Library/ScriptAssemblies/Unity.AI.Navigation.Updater.dll
[605/718    0s] CopyFiles Library/ScriptAssemblies/Unity.AI.Navigation.Updater.pdb
[606/718    0s] CopyFiles Library/ScriptAssemblies/Unity.Services.Core.Configuration.pdb
[607/718    0s] CopyFiles Library/ScriptAssemblies/Unity.Services.Core.Scheduler.pdb
[608/718    0s] CopyFiles Library/ScriptAssemblies/UnityEditor.XR.LegacyInputHelpers.dll
[609/718    0s] CopyFiles Library/ScriptAssemblies/UnityEditor.XR.LegacyInputHelpers.pdb
[610/718    0s] CopyFiles Library/ScriptAssemblies/IAPResolver.dll
[611/718    0s] CopyFiles Library/ScriptAssemblies/IAPResolver.pdb
[612/718    0s] CopyFiles Library/ScriptAssemblies/Unity.PlasticSCM.Editor.dll
[613/718    0s] CopyFiles Library/ScriptAssemblies/Unity.PlasticSCM.Editor.pdb
[614/718    0s] CopyFiles Library/ScriptAssemblies/Analytics.dll
[615/718    0s] CopyFiles Library/ScriptAssemblies/Analytics.pdb
[616/718    0s] CopyFiles Library/ScriptAssemblies/Unity.TextMeshPro.pdb
[617/718    0s] CopyFiles Library/ScriptAssemblies/Unity.Services.Core.Networking.dll
[618/718    0s] CopyFiles Library/ScriptAssemblies/Unity.Services.Core.Networking.pdb
[           0s] Csc Library/Bee/artifacts/1300b0aE.dag/UnityEditor.UI.Analytics.dll (+2 others) [CacheMiss eb923abe398552b39e035ced3046164900000000000000000000000000000006]
[619/718    4s] Csc Library/Bee/artifacts/1300b0aE.dag/Unity.Timeline.Editor.dll (+2 others)
[620/718    0s] MovedFromExtractor Library/Bee/artifacts/mvdfrm/UnityEditor.XR.LegacyInputHelpers.ref.dll_A2957EFDA2C64C37.mvfrm
[621/718    0s] MovedFromExtractor-Combine Library/Bee/artifacts/1300b0aE.dag/Unity.CollabProxy.Editor.dll.mvfrm
[622/718    0s] MovedFromExtractor-Combine Library/Bee/artifacts/1300b0aE.dag/Unity.Services.Core.Configuration.Editor.dll.mvfrm
[623/718    0s] MovedFromExtractor-Combine Library/Bee/artifacts/1300b0aE.dag/Unity.PlasticSCM.Editor.Entities.dll.mvfrm
[624/718    0s] MovedFromExtractor-Combine Library/Bee/artifacts/1300b0aE.dag/Unity.Services.Core.Components.dll.mvfrm
[           0s] Csc Library/Bee/artifacts/1300b0aE.dag/Unity.Timeline.Editor.dll (+2 others) [CacheWrite acc2e456dbcdfc01244eef1629bbe46400000000000000000000000000000006]
[           0s] Csc Library/Bee/artifacts/1300b0aE.dag/Unity.Services.Core.Configuration.Editor.dll (+2 others) [CacheMiss 2aec1962b8f302976d3106d37a34368000000000000000000000000000000006]
[           0s] Csc Library/Bee/artifacts/1300b0aE.dag/Unity.CollabProxy.Editor.dll (+2 others) [CacheMiss 9d13d181221a775530671b963a65811100000000000000000000000000000006]
[625/718    0s] MovedFromExtractor Library/Bee/artifacts/mvdfrm/Unity.Services.Core.Device.ref.dll_D4B20B527C1C70B9.mvfrm
[           0s] Csc Library/Bee/artifacts/1300b0aE.dag/Unity.PlasticSCM.Editor.Entities.dll (+2 others) [CacheMiss 8f11e7d267fa2e482ca8448462e4e61e00000000000000000000000000000006]
[626/718    0s] MovedFromExtractor Library/Bee/artifacts/mvdfrm/Unity.Services.Core.Environments.Internal.ref.dll_073694E541FE970E.mvfrm
[           0s] Csc Library/Bee/artifacts/1300b0aE.dag/Unity.Services.Core.Components.dll (+2 others) [CacheMiss 26df569750f1bba8991c0ac520759a6a00000000000000000000000000000006]
[627/718    0s] MovedFromExtractor-Combine Library/Bee/artifacts/1300b0aE.dag/UnityEngine.Purchasing.dll.mvfrm
[628/718    0s] CopyFiles Library/ScriptAssemblies/Unity.Timeline.Editor.pdb
[629/718    0s] CopyFiles Library/ScriptAssemblies/Unity.Timeline.Editor.dll
[630/718    0s] MovedFromExtractor Library/Bee/artifacts/mvdfrm/Unity.Services.Core.Networking.ref.dll_48C610F7864066A7.mvfrm
[           0s] Csc Library/Bee/artifacts/1300b0aE.dag/UnityEngine.Purchasing.dll (+2 others) [CacheMiss cc8fd47ddfc30e30a3643283a0f86f2000000000000000000000000000000006]
[631/718    0s] Csc Library/Bee/artifacts/1300b0aE.dag/UnityEngine.Purchasing.AppleCore.dll (+2 others)
[632/718    0s] MovedFromExtractor-Combine Library/Bee/artifacts/1300b0aE.dag/Unity.Services.Core.Registration.dll.mvfrm
[633/718    0s] MovedFromExtractor Library/Bee/artifacts/mvdfrm/Unity.Timeline.Editor.ref.dll_17F688653313AA4C.mvfrm
[           0s] Csc Library/Bee/artifacts/1300b0aE.dag/Unity.Services.Core.Registration.dll (+2 others) [CacheMiss 3ebfa7c12900e7e627ef4b15ca5b865e00000000000000000000000000000006]
[           0s] Csc Library/Bee/artifacts/1300b0aE.dag/UnityEngine.Purchasing.AppleCore.dll (+2 others) [CacheWrite de3b0321f3a49f6cd3136747e1e18b1700000000000000000000000000000006]
[634/718    0s] CopyFiles Library/ScriptAssemblies/UnityEngine.Purchasing.AppleCore.dll
[635/718    0s] CopyFiles Library/ScriptAssemblies/UnityEngine.Purchasing.AppleCore.pdb
[636/718    0s] Csc Library/Bee/artifacts/1300b0aE.dag/UnityEditor.UI.Analytics.dll (+2 others)
[           0s] Csc Library/Bee/artifacts/1300b0aE.dag/UnityEditor.UI.Analytics.dll (+2 others) [CacheWrite eb923abe398552b39e035ced3046164900000000000000000000000000000006]
[637/718    0s] CopyFiles Library/ScriptAssemblies/UnityEditor.UI.Analytics.pdb
[638/718    0s] CopyFiles Library/ScriptAssemblies/UnityEditor.UI.Analytics.dll
[639/718    0s] Csc Library/Bee/artifacts/1300b0aE.dag/Unity.Services.Core.Configuration.Editor.dll (+2 others)
[640/718    0s] MovedFromExtractor Library/Bee/artifacts/mvdfrm/UnityEngine.Purchasing.AppleCore.ref.dll_36F5A2E07CB5B2CB.mvfrm
[641/718    0s] Csc Library/Bee/artifacts/1300b0aE.dag/Unity.PlasticSCM.Editor.Entities.dll (+2 others)
[642/718    0s] Csc Library/Bee/artifacts/1300b0aE.dag/Unity.CollabProxy.Editor.dll (+2 others)
[643/718    0s] MovedFromExtractor Library/Bee/artifacts/mvdfrm/UnityEditor.UI.Analytics.ref.dll_F680D59C02A89143.mvfrm
[644/718    0s] Csc Library/Bee/artifacts/1300b0aE.dag/Unity.Services.Core.Components.dll (+2 others)
[           0s] Csc Library/Bee/artifacts/1300b0aE.dag/Unity.Services.Core.Configuration.Editor.dll (+2 others) [CacheWrite 2aec1962b8f302976d3106d37a34368000000000000000000000000000000006]
[           0s] Csc Library/Bee/artifacts/1300b0aE.dag/Unity.CollabProxy.Editor.dll (+2 others) [CacheWrite 9d13d181221a775530671b963a65811100000000000000000000000000000006]
[645/718    0s] CopyFiles Library/ScriptAssemblies/Unity.Services.Core.Configuration.Editor.dll
[646/718    0s] CopyFiles Library/ScriptAssemblies/Unity.Services.Core.Configuration.Editor.pdb
[647/718    0s] CopyFiles Library/ScriptAssemblies/Unity.CollabProxy.Editor.dll
[648/718    0s] CopyFiles Library/ScriptAssemblies/Unity.CollabProxy.Editor.pdb
[           0s] Csc Library/Bee/artifacts/1300b0aE.dag/Unity.PlasticSCM.Editor.Entities.dll (+2 others) [CacheWrite 8f11e7d267fa2e482ca8448462e4e61e00000000000000000000000000000006]
[649/718    0s] CopyFiles Library/ScriptAssemblies/Unity.PlasticSCM.Editor.Entities.dll
[650/718    0s] CopyFiles Library/ScriptAssemblies/Unity.PlasticSCM.Editor.Entities.pdb
[           0s] Csc Library/Bee/artifacts/1300b0aE.dag/Unity.Services.Core.Components.dll (+2 others) [CacheWrite 26df569750f1bba8991c0ac520759a6a00000000000000000000000000000006]
[651/718    0s] CopyFiles Library/ScriptAssemblies/Unity.Services.Core.Components.dll
[652/718    0s] CopyFiles Library/ScriptAssemblies/Unity.Services.Core.Components.pdb
[653/718    0s] MovedFromExtractor-Combine Library/Bee/artifacts/1300b0aE.dag/UnityEngine.Purchasing.AppleMacosStub.dll.mvfrm
[654/718    0s] MovedFromExtractor-Combine Library/Bee/artifacts/1300b0aE.dag/UnityEngine.Purchasing.AppleStub.dll.mvfrm
[           0s] Csc Library/Bee/artifacts/1300b0aE.dag/UnityEngine.Purchasing.AppleMacosStub.dll (+2 others) [CacheMiss ce3fa9acbadd51c1eedceb8a34db5fdf00000000000000000000000000000006]
[655/718    1s] Csc Library/Bee/artifacts/1300b0aE.dag/Unity.TextMeshPro.Editor.dll (+2 others)
[656/718    0s] Csc Library/Bee/artifacts/1300b0aE.dag/Unity.Services.Core.Registration.dll (+2 others)
[657/718    0s] MovedFromExtractor Library/Bee/artifacts/mvdfrm/Unity.Services.Core.Configuration.Editor.ref.dll_B7F3577E39FA6A18.mvfrm
[           0s] Csc Library/Bee/artifacts/1300b0aE.dag/UnityEngine.Purchasing.AppleStub.dll (+2 others) [CacheMiss 037bf8cdef284bdb8b83f0ed8de3871e00000000000000000000000000000006]
[658/718    0s] Csc Library/Bee/artifacts/1300b0aE.dag/UnityEngine.Purchasing.dll (+2 others)
[659/718    0s] MovedFromExtractor Library/Bee/artifacts/mvdfrm/Unity.Services.Core.Components.ref.dll_BD0FB1541D5A6909.mvfrm
[           0s] Csc Library/Bee/artifacts/1300b0aE.dag/Unity.TextMeshPro.Editor.dll (+2 others) [CacheWrite 6817d2adcce7750bdda9362b46bec53300000000000000000000000000000006]
[           0s] Csc Library/Bee/artifacts/1300b0aE.dag/Unity.Services.Core.Registration.dll (+2 others) [CacheWrite 3ebfa7c12900e7e627ef4b15ca5b865e00000000000000000000000000000006]
[660/718    0s] CopyFiles Library/ScriptAssemblies/Unity.TextMeshPro.Editor.pdb
[661/718    0s] CopyFiles Library/ScriptAssemblies/Unity.Services.Core.Registration.pdb
[662/718    0s] CopyFiles Library/ScriptAssemblies/Unity.Services.Core.Registration.dll
[           0s] Csc Library/Bee/artifacts/1300b0aE.dag/UnityEngine.Purchasing.dll (+2 others) [CacheWrite cc8fd47ddfc30e30a3643283a0f86f2000000000000000000000000000000006]
[663/718    0s] CopyFiles Library/ScriptAssemblies/UnityEngine.Purchasing.pdb
[664/718    0s] CopyFiles Library/ScriptAssemblies/UnityEngine.Purchasing.dll
[665/718    0s] MovedFromExtractor Library/Bee/artifacts/mvdfrm/Unity.Services.Core.Registration.ref.dll_78921396C4473A3C.mvfrm
[666/718    0s] MovedFromExtractor Library/Bee/artifacts/mvdfrm/Unity.TextMeshPro.Editor.ref.dll_D0BA3615D322EF6C.mvfrm
[667/718    0s] Csc Library/Bee/artifacts/1300b0aE.dag/UnityEngine.Purchasing.AppleStub.dll (+2 others)
[668/718    0s] Csc Library/Bee/artifacts/1300b0aE.dag/UnityEngine.Purchasing.AppleMacosStub.dll (+2 others)
[669/718    0s] MovedFromExtractor Library/Bee/artifacts/mvdfrm/UnityEngine.Purchasing.ref.dll_E53A14BD171F9AD0.mvfrm
[           0s] Csc Library/Bee/artifacts/1300b0aE.dag/UnityEngine.Purchasing.AppleMacosStub.dll (+2 others) [CacheWrite ce3fa9acbadd51c1eedceb8a34db5fdf00000000000000000000000000000006]
[           0s] Csc Library/Bee/artifacts/1300b0aE.dag/UnityEngine.Purchasing.AppleStub.dll (+2 others) [CacheWrite 037bf8cdef284bdb8b83f0ed8de3871e00000000000000000000000000000006]
[670/718    0s] CopyFiles Library/ScriptAssemblies/UnityEngine.Purchasing.AppleMacosStub.pdb
[671/718    0s] CopyFiles Library/ScriptAssemblies/UnityEngine.Purchasing.AppleStub.dll
[672/718    0s] CopyFiles Library/ScriptAssemblies/UnityEngine.Purchasing.AppleMacosStub.dll
[673/718    0s] CopyFiles Library/ScriptAssemblies/UnityEngine.Purchasing.AppleStub.pdb
[674/718    0s] MovedFromExtractor-Combine Library/Bee/artifacts/1300b0aE.dag/Unity.Services.Core.Editor.dll.mvfrm
[           0s] Csc Library/Bee/artifacts/1300b0aE.dag/Unity.Services.Core.Editor.dll (+2 others) [CacheMiss 892fdd1a5996e9865b45af7dfcca215d00000000000000000000000000000006]
[675/718    0s] MovedFromExtractor Library/Bee/artifacts/mvdfrm/UnityEngine.Purchasing.AppleStub.ref.dll_821C67D420226E0A.mvfrm
[676/718    0s] MovedFromExtractor Library/Bee/artifacts/mvdfrm/UnityEngine.Purchasing.AppleMacosStub.ref.dll_FE6FB83657AFFA8B.mvfrm
[677/718    0s] MovedFromExtractor-Combine Library/Bee/artifacts/1300b0aE.dag/UnityEngine.Purchasing.Stores.dll.mvfrm
[678/718    0s] CopyFiles Library/ScriptAssemblies/Unity.TextMeshPro.Editor.dll
[           0s] Csc Library/Bee/artifacts/1300b0aE.dag/UnityEngine.Purchasing.Stores.dll (+2 others) [CacheMiss 2fa3dc5cbc658122b95251646c01dfe300000000000000000000000000000006]
[679/718    1s] Csc Library/Bee/artifacts/1300b0aE.dag/Unity.Services.Core.Editor.dll (+2 others)
[           0s] Csc Library/Bee/artifacts/1300b0aE.dag/Unity.Services.Core.Editor.dll (+2 others) [CacheWrite 892fdd1a5996e9865b45af7dfcca215d00000000000000000000000000000006]
[680/718    0s] CopyFiles Library/ScriptAssemblies/Unity.Services.Core.Editor.pdb
[681/718    0s] CopyFiles Library/ScriptAssemblies/Unity.Services.Core.Editor.dll
[682/718    0s] Csc Library/Bee/artifacts/1300b0aE.dag/UnityEngine.Purchasing.Stores.dll (+2 others)
[683/718    0s] MovedFromExtractor Library/Bee/artifacts/mvdfrm/Unity.Services.Core.Editor.ref.dll_B4F92B48CA679DB0.mvfrm
[           0s] Csc Library/Bee/artifacts/1300b0aE.dag/UnityEngine.Purchasing.Stores.dll (+2 others) [CacheWrite 2fa3dc5cbc658122b95251646c01dfe300000000000000000000000000000006]
[684/718    0s] CopyFiles Library/ScriptAssemblies/UnityEngine.Purchasing.Stores.pdb
[685/718    0s] CopyFiles Library/ScriptAssemblies/UnityEngine.Purchasing.Stores.dll
[686/718    0s] MovedFromExtractor-Combine Library/Bee/artifacts/1300b0aE.dag/Unity.Services.Core.Environments.Editor.dll.mvfrm
[           0s] Csc Library/Bee/artifacts/1300b0aE.dag/Unity.Services.Core.Environments.Editor.dll (+2 others) [CacheMiss d83612f3d73d4c949be013cd1e6cbc7100000000000000000000000000000006]
[687/718    0s] MovedFromExtractor Library/Bee/artifacts/mvdfrm/UnityEngine.Purchasing.Stores.ref.dll_B008A8424498D8E6.mvfrm
[688/718    0s] MovedFromExtractor-Combine Library/Bee/artifacts/1300b0aE.dag/UnityEngine.Purchasing.Codeless.dll.mvfrm
[           0s] Csc Library/Bee/artifacts/1300b0aE.dag/UnityEngine.Purchasing.Codeless.dll (+2 others) [CacheMiss 510dc83a27db397d112d04abbaa5f24a00000000000000000000000000000006]
[689/718    0s] Csc Library/Bee/artifacts/1300b0aE.dag/UnityEngine.Purchasing.Codeless.dll (+2 others)
[           0s] Csc Library/Bee/artifacts/1300b0aE.dag/UnityEngine.Purchasing.Codeless.dll (+2 others) [CacheWrite 510dc83a27db397d112d04abbaa5f24a00000000000000000000000000000006]
[690/718    0s] CopyFiles Library/ScriptAssemblies/UnityEngine.Purchasing.Codeless.pdb
[691/718    0s] CopyFiles Library/ScriptAssemblies/UnityEngine.Purchasing.Codeless.dll
[692/718    0s] Csc Library/Bee/artifacts/1300b0aE.dag/Unity.Services.Core.Environments.Editor.dll (+2 others)
[           0s] Csc Library/Bee/artifacts/1300b0aE.dag/Unity.Services.Core.Environments.Editor.dll (+2 others) [CacheWrite d83612f3d73d4c949be013cd1e6cbc7100000000000000000000000000000006]
[693/718    0s] CopyFiles Library/ScriptAssemblies/Unity.Services.Core.Environments.Editor.pdb
[694/718    0s] MovedFromExtractor Library/Bee/artifacts/mvdfrm/UnityEngine.Purchasing.Codeless.ref.dll_624B30A1E325864A.mvfrm
[695/718    0s] CopyFiles Library/ScriptAssemblies/Unity.Services.Core.Environments.Editor.dll
[696/718    0s] MovedFromExtractor Library/Bee/artifacts/mvdfrm/Unity.Services.Core.Environments.Editor.ref.dll_84E6C09FB0A4CA8E.mvfrm
[697/718    0s] MovedFromExtractor-Combine Library/Bee/artifacts/1300b0aE.dag/UnityEditor.Purchasing.dll.mvfrm
[           0s] Csc Library/Bee/artifacts/1300b0aE.dag/UnityEditor.Purchasing.dll (+2 others) [CacheMiss efd9edb71e5b056661461a7317fc4f9200000000000000000000000000000006]
[698/718    0s] MovedFromExtractor-Combine Library/Bee/artifacts/1300b0aE.dag/Unity.Services.Analytics.Editor.dll.mvfrm
[           0s] Csc Library/Bee/artifacts/1300b0aE.dag/Unity.Services.Analytics.Editor.dll (+2 others) [CacheMiss a4ad1552cdcdd660665642d2ac8ed10600000000000000000000000000000006]
[699/718    0s] Csc Library/Bee/artifacts/1300b0aE.dag/Unity.Services.Analytics.Editor.dll (+2 others)
[           0s] Csc Library/Bee/artifacts/1300b0aE.dag/Unity.Services.Analytics.Editor.dll (+2 others) [CacheWrite a4ad1552cdcdd660665642d2ac8ed10600000000000000000000000000000006]
[700/718    0s] CopyFiles Library/ScriptAssemblies/Unity.Services.Analytics.Editor.pdb
[701/718    0s] CopyFiles Library/ScriptAssemblies/Unity.Services.Analytics.Editor.dll
[702/718    0s] Csc Library/Bee/artifacts/1300b0aE.dag/UnityEditor.Purchasing.dll (+2 others)
[           0s] Csc Library/Bee/artifacts/1300b0aE.dag/UnityEditor.Purchasing.dll (+2 others) [CacheWrite efd9edb71e5b056661461a7317fc4f9200000000000000000000000000000006]
[703/718    0s] CopyFiles Library/ScriptAssemblies/UnityEditor.Purchasing.pdb
[704/718    0s] MovedFromExtractor Library/Bee/artifacts/mvdfrm/UnityEditor.Purchasing.ref.dll_191BCA0EEB5C3CE5.mvfrm
[705/718    0s] CopyFiles Library/ScriptAssemblies/UnityEditor.Purchasing.dll
[706/718    0s] MovedFromExtractor-Combine Library/Bee/artifacts/1300b0aE.dag/Assembly-CSharp-firstpass.dll.mvfrm
[707/718    0s] MovedFromExtractor-Combine Library/Bee/artifacts/1300b0aE.dag/Assembly-CSharp.dll.mvfrm
[708/718    0s] MovedFromExtractor-Combine Library/Bee/artifacts/1300b0aE.dag/Assembly-CSharp-Editor.dll.mvfrm
[709/718    0s] Csc Library/Bee/artifacts/1300b0aE.dag/Assembly-CSharp-firstpass.dll (+2 others)
[710/718    0s] CopyFiles Library/ScriptAssemblies/Assembly-CSharp-firstpass.pdb
[711/718    0s] CopyFiles Library/ScriptAssemblies/Assembly-CSharp-firstpass.dll
[712/718    0s] Csc Library/Bee/artifacts/1300b0aE.dag/Assembly-CSharp.dll (+2 others)
##### CommandLine
"C:\Program Files\Unity\Hub\Editor\6000.5.3f1\Editor\Data\DotNetSdk\dotnet.exe" exec "C:/Program Files/Unity/Hub/Editor/6000.5.3f1/Editor/Data/DotNetSdk/sdk/8.0.318/Roslyn/bincore/csc.dll" /nostdlib /noconfig /shared "@Library/Bee/artifacts/1300b0aE.dag/Assembly-CSharp.rsp" "@Library/Bee/artifacts/1300b0aE.dag/Assembly-CSharp.rsp2"
##### Contents of Library\Bee\artifacts\1300b0aE.dag\Assembly-CSharp.rsp
-target:library
-out:"Library/Bee/artifacts/1300b0aE.dag/Assembly-CSharp.dll"
-refout:"Library/Bee/artifacts/1300b0aE.dag/Assembly-CSharp.ref.dll"
-define:UNITY_6000_5_3
-define:UNITY_6000_5
-define:UNITY_6000
-define:UNITY_5_3_OR_NEWER
-define:UNITY_5_4_OR_NEWER
-define:UNITY_5_5_OR_NEWER
-define:UNITY_5_6_OR_NEWER
-define:UNITY_2017_1_OR_NEWER
-define:UNITY_2017_2_OR_NEWER
-define:UNITY_2017_3_OR_NEWER
-define:UNITY_2017_4_OR_NEWER
-define:UNITY_2018_1_OR_NEWER
-define:UNITY_2018_2_OR_NEWER
-define:UNITY_2018_3_OR_NEWER
-define:UNITY_2018_4_OR_NEWER
-define:UNITY_2019_1_OR_NEWER
-define:UNITY_2019_2_OR_NEWER
-define:UNITY_2019_3_OR_NEWER
-define:UNITY_2019_4_OR_NEWER
-define:UNITY_2020_1_OR_NEWER
-define:UNITY_2020_2_OR_NEWER
-define:UNITY_2020_3_OR_NEWER
-define:UNITY_2021_1_OR_NEWER
-define:UNITY_2021_2_OR_NEWER
-define:UNITY_2021_3_OR_NEWER
-define:UNITY_2022_1_OR_NEWER
-define:UNITY_2022_2_OR_NEWER
-define:UNITY_2022_3_OR_NEWER
-define:UNITY_2023_1_OR_NEWER
-define:UNITY_2023_2_OR_NEWER
-define:UNITY_2023_3_OR_NEWER
-define:UNITY_6000_0_OR_NEWER
-define:UNITY_6000_1_OR_NEWER
-define:UNITY_6000_2_OR_NEWER
-define:UNITY_6000_3_OR_NEWER
-define:UNITY_6000_4_OR_NEWER
-define:UNITY_6000_5_OR_NEWER
-define:UNITY_INCLUDE_TESTS
-define:ENABLE_AR
-define:ENABLE_AUDIO
-define:ENABLE_AUDIO_SCRIPTABLE_PIPELINE
-define:ENABLE_CACHING
-define:ENABLE_CLOTH
-define:ENABLE_EVENT_QUEUE
-define:ENABLE_MICROPHONE
-define:ENABLE_MULTIPLE_DISPLAYS
-define:ENABLE_PHYSICS
-define:ENABLE_TEXTURE_STREAMING
-define:ENABLE_LZMA
-define:ENABLE_UNITYEVENTS
-define:ENABLE_VR
-define:ENABLE_WEBCAM
-define:ENABLE_UNITYWEBREQUEST
-define:ENABLE_WWW
-define:ENABLE_CLOUD_SERVICES
-define:ENABLE_CLOUD_SERVICES_ADS
-define:ENABLE_CLOUD_SERVICES_USE_WEBREQUEST
-define:ENABLE_UNITY_CONSENT
-define:ENABLE_UNITY_CLOUD_IDENTIFIERS
-define:ENABLE_CLOUD_SERVICES_CRASH_REPORTING
-define:ENABLE_CLOUD_SERVICES_NATIVE_CRASH_REPORTING
-define:ENABLE_CLOUD_SERVICES_PURCHASING
-define:ENABLE_CLOUD_SERVICES_ANALYTICS
-define:ENABLE_CLOUD_SERVICES_BUILD
-define:ENABLE_EDITOR_GAME_SERVICES
-define:ENABLE_UNITY_GAME_SERVICES_ANALYTICS_SUPPORT
-define:ENABLE_CLOUD_LICENSE
-define:ENABLE_EDITOR_HUB_LICENSE
-define:ENABLE_WEBSOCKET_CLIENT
-define:ENABLE_GENERATE_NATIVE_PLUGINS_FOR_ASSEMBLIES_API
-define:ENABLE_DIRECTOR_AUDIO
-define:ENABLE_DIRECTOR_TEXTURE
-define:ENABLE_MANAGED_JOBS
-define:ENABLE_MANAGED_TRANSFORM_JOBS
-define:ENABLE_MANAGED_ANIMATION_JOBS
-define:ENABLE_MANAGED_AUDIO_JOBS
-define:ENABLE_ENGINE_CODE_STRIPPING
-define:ENABLE_ONSCREEN_KEYBOARD
-define:ENABLE_MANAGED_UNITYTLS
-define:INCLUDE_DYNAMIC_GI
-define:ENABLE_SCRIPTING_GC_WBARRIERS
-define:PLATFORM_SUPPORTS_MONO
-define:ENABLE_MARSHALLING_TESTS
-define:ENABLE_VIDEO
-define:ENABLE_NAVIGATION_OFFMESHLINK_TO_NAVMESHLINK
-define:ENABLE_ACCELERATOR_CLIENT_DEBUGGING
-define:ENABLE_ACCESSIBILITY_SCREEN_READER
-define:ENABLE_ACCESSIBILITY_SETTINGS
-define:TEXTCORE_1_0_OR_NEWER
-define:EDITOR_ONLY_NAVMESH_BUILDER_DEPRECATED
-define:PLATFORM_ANDROID
-define:UNITY_ANDROID
-define:UNITY_ANDROID_API
-define:ENABLE_EGL
-define:ENABLE_NETWORK
-define:ENABLE_RUNTIME_GI
-define:ENABLE_CRUNCH_TEXTURE_COMPRESSION
-define:ENABLE_CLOUD_SERVICES_ENGINE_DIAGNOSTICS
-define:ENABLE_FIREBASE_IDENTIFIERS
-define:UNITY_CAN_SHOW_SPLASH_SCREEN
-define:UNITY_HAS_GOOGLEVR
-define:UNITY_HAS_TANGO
-define:ENABLE_SPATIALTRACKING
-define:ENABLE_ETC_COMPRESSION
-define:PLATFORM_EXTENDS_VULKAN_DEVICE
-define:PLATFORM_HAS_MULTIPLE_SWAPCHAINS
-define:UNITY_ANDROID_SUPPORTS_SHADOWFILES
-define:PLATFORM_UPDATES_TIME_OUTSIDE_OF_PLAYER_LOOP
-define:PLATFORM_EXTENDS_VULKAN_PIPELINE_CACHE
-define:PLATFORM_SUPPORTS_SPLIT_GRAPHICS_JOBS
-define:PLATFORM_HAS_ADDITIONAL_API_CHECKS
-define:PLATFORM_HAS_GRAPHICS_JOBS_SUPPORT_CHECK_OVERRIDE
-define:PLATFORM_IMPLEMENTS_INSIGHTS_ANR
-define:PLATFORM_SUPPORTS_INSIGHTS_DEVICE_INFO
-define:ENABLE_ANDROID_ADVERTISING_IDS
-define:PLATFORM_HAS_BUGGY_MSAA_RESOLVE
-define:ENABLE_ANDROID_APP_SET_ID
-define:ENABLE_INSIGHTS_PLATFORM_SPECIFIC_RESOURCES
-define:PLATFORM_REQUIRES_TETHERED_VULKAN_COMMAND_POOL
-define:ENABLE_UNITYADS_RUNTIME
-define:UNITY_UNITYADS_API
-define:ENABLE_MONO
-define:NET_4_6
-define:NET_UNITY_4_8
-define:ENABLE_PROFILER
-define:DEBUG
-define:TRACE
-define:UNITY_ASSERTIONS
-define:UNITY_EDITOR
-define:UNITY_EDITOR_64
-define:UNITY_EDITOR_WIN
-define:ENABLE_UNITY_COLLECTIONS_CHECKS
-define:ENABLE_BURST_AOT
-define:UNITY_TEAM_LICENSE
-define:ENABLE_CUSTOM_RENDER_TEXTURE
-define:ENABLE_DIRECTOR
-define:ENABLE_LOCALIZATION
-define:ENABLE_SPRITES
-define:ENABLE_TERRAIN
-define:ENABLE_TILEMAP
-define:ENABLE_TIMELINE
-define:ENABLE_LEGACY_INPUT_MANAGER
-define:TEXTCORE_FONT_ENGINE_1_5_OR_NEWER
-define:TEXTCORE_TEXT_ENGINE_1_5_OR_NEWER
-define:TEXTCORE_FONT_ENGINE_1_6_OR_NEWER
-define:CSHARP_7_OR_LATER
-define:CSHARP_7_3_OR_NEWER
-r:"C:/Program Files/Unity/Hub/Editor/6000.5.3f1/Editor/Data/BCLExtensions/TargetingPacks/netstandard2.1/ref/Microsoft.Bcl.AsyncInterfaces.dll"
-r:"C:/Program Files/Unity/Hub/Editor/6000.5.3f1/Editor/Data/BCLExtensions/TargetingPacks/netstandard2.1/ref/Microsoft.Extensions.DependencyInjection.Abstractions.dll"
-r:"C:/Program Files/Unity/Hub/Editor/6000.5.3f1/Editor/Data/BCLExtensions/TargetingPacks/netstandard2.1/ref/Microsoft.Extensions.Logging.Abstractions.dll"
-r:"C:/Program Files/Unity/Hub/Editor/6000.5.3f1/Editor/Data/BCLExtensions/TargetingPacks/netstandard2.1/ref/System.Collections.Immutable.dll"
-r:"C:/Program Files/Unity/Hub/Editor/6000.5.3f1/Editor/Data/BCLExtensions/TargetingPacks/netstandard2.1/ref/System.Diagnostics.DiagnosticSource.dll"
-r:"C:/Program Files/Unity/Hub/Editor/6000.5.3f1/Editor/Data/BCLExtensions/TargetingPacks/netstandard2.1/ref/System.IO.Hashing.dll"
-r:"C:/Program Files/Unity/Hub/Editor/6000.5.3f1/Editor/Data/BCLExtensions/TargetingPacks/netstandard2.1/ref/System.Reflection.Metadata.dll"
-r:"C:/Program Files/Unity/Hub/Editor/6000.5.3f1/Editor/Data/BCLExtensions/TargetingPacks/netstandard2.1/ref/System.Runtime.CompilerServices.Unsafe.dll"
-r:"C:/Program Files/Unity/Hub/Editor/6000.5.3f1/Editor/Data/BCLExtensions/TargetingPacks/netstandard2.1/ref/System.Text.Encodings.Web.dll"
-r:"C:/Program Files/Unity/Hub/Editor/6000.5.3f1/Editor/Data/BCLExtensions/TargetingPacks/netstandard2.1/ref/System.Text.Json.dll"
-r:"C:/Program Files/Unity/Hub/Editor/6000.5.3f1/Editor/Data/Managed/UnityEngine/Unity.Scripting.dll"
-r:"C:/Program Files/Unity/Hub/Editor/6000.5.3f1/Editor/Data/Managed/UnityEngine/UnityEditor.AIModule.dll"
-r:"C:/Program Files/Unity/Hub/Editor/6000.5.3f1/Editor/Data/Managed/UnityEngine/UnityEditor.AccessibilityModule.dll"
-r:"C:/Program Files/Unity/Hub/Editor/6000.5.3f1/Editor/Data/Managed/UnityEngine/UnityEditor.AdaptivePerformanceModule.dll"
-r:"C:/Program Files/Unity/Hub/Editor/6000.5.3f1/Editor/Data/Managed/UnityEngine/UnityEditor.AssetComplianceModule.dll"
-r:"C:/Program Files/Unity/Hub/Editor/6000.5.3f1/Editor/Data/Managed/UnityEngine/UnityEditor.BuildProfileModule.dll"
-r:"C:/Program Files/Unity/Hub/Editor/6000.5.3f1/Editor/Data/Managed/UnityEngine/UnityEditor.ClothModule.dll"
-r:"C:/Program Files/Unity/Hub/Editor/6000.5.3f1/Editor/Data/Managed/UnityEngine/UnityEditor.ContentLoadModule.dll"
-r:"C:/Program Files/Unity/Hub/Editor/6000.5.3f1/Editor/Data/Managed/UnityEngine/UnityEditor.CoreBusinessMetricsModule.dll"
-r:"C:/Program Files/Unity/Hub/Editor/6000.5.3f1/Editor/Data/Managed/UnityEngine/UnityEditor.CoreModule.dll"
-r:"C:/Program Files/Unity/Hub/Editor/6000.5.3f1/Editor/Data/Managed/UnityEngine/UnityEditor.DeviceSimulatorModule.dll"
-r:"C:/Program Files/Unity/Hub/Editor/6000.5.3f1/Editor/Data/Managed/UnityEngine/UnityEditor.DiagnosticsModule.dll"
-r:"C:/Program Files/Unity/Hub/Editor/6000.5.3f1/Editor/Data/Managed/UnityEngine/UnityEditor.EditorToolbarModule.dll"
-r:"C:/Program Files/Unity/Hub/Editor/6000.5.3f1/Editor/Data/Managed/UnityEngine/UnityEditor.EmbreeModule.dll"
-r:"C:/Program Files/Unity/Hub/Editor/6000.5.3f1/Editor/Data/Managed/UnityEngine/UnityEditor.GIModule.dll"
-r:"C:/Program Files/Unity/Hub/Editor/6000.5.3f1/Editor/Data/Managed/UnityEngine/UnityEditor.GenericRemoteModule.dll"
-r:"C:/Program Files/Unity/Hub/Editor/6000.5.3f1/Editor/Data/Managed/UnityEngine/UnityEditor.GraphToolkitModule.dll"
-r:"C:/Program Files/Unity/Hub/Editor/6000.5.3f1/Editor/Data/Managed/UnityEngine/UnityEditor.GraphViewModule.dll"
-r:"C:/Program Files/Unity/Hub/Editor/6000.5.3f1/Editor/Data/Managed/UnityEngine/UnityEditor.GraphicsStateCollectionSerializerModule.dll"
-r:"C:/Program Files/Unity/Hub/Editor/6000.5.3f1/Editor/Data/Managed/UnityEngine/UnityEditor.GridAndSnapModule.dll"
-r:"C:/Program Files/Unity/Hub/Editor/6000.5.3f1/Editor/Data/Managed/UnityEngine/UnityEditor.GridModule.dll"
-r:"C:/Program Files/Unity/Hub/Editor/6000.5.3f1/Editor/Data/Managed/UnityEngine/UnityEditor.HierarchyModule.dll"
-r:"C:/Program Files/Unity/Hub/Editor/6000.5.3f1/Editor/Data/Managed/UnityEngine/UnityEditor.LightingModule.dll"
-r:"C:/Program Files/Unity/Hub/Editor/6000.5.3f1/Editor/Data/Managed/UnityEngine/UnityEditor.MathematicsModule.dll"
-r:"C:/Program Files/Unity/Hub/Editor/6000.5.3f1/Editor/Data/Managed/UnityEngine/UnityEditor.MediaModule.dll"
-r:"C:/Program Files/Unity/Hub/Editor/6000.5.3f1/Editor/Data/Managed/UnityEngine/UnityEditor.MultiplayerModule.dll"
-r:"C:/Program Files/Unity/Hub/Editor/6000.5.3f1/Editor/Data/Managed/UnityEngine/UnityEditor.Physics2DModule.dll"
-r:"C:/Program Files/Unity/Hub/Editor/6000.5.3f1/Editor/Data/Managed/UnityEngine/UnityEditor.PhysicsCore2DModule.dll"
-r:"C:/Program Files/Unity/Hub/Editor/6000.5.3f1/Editor/Data/Managed/UnityEngine/UnityEditor.PhysicsModule.dll"
-r:"C:/Program Files/Unity/Hub/Editor/6000.5.3f1/Editor/Data/Managed/UnityEngine/UnityEditor.PlayModeModule.dll"
-r:"C:/Program Files/Unity/Hub/Editor/6000.5.3f1/Editor/Data/Managed/UnityEngine/UnityEditor.PresetsUIModule.dll"
-r:"C:/Program Files/Unity/Hub/Editor/6000.5.3f1/Editor/Data/Managed/UnityEngine/UnityEditor.ProjectAuditorModule.dll"
-r:"C:/Program Files/Unity/Hub/Editor/6000.5.3f1/Editor/Data/Managed/UnityEngine/UnityEditor.PropertiesModule.dll"
-r:"C:/Program Files/Unity/Hub/Editor/6000.5.3f1/Editor/Data/Managed/UnityEngine/UnityEditor.QuickInstallModule.dll"
-r:"C:/Program Files/Unity/Hub/Editor/6000.5.3f1/Editor/Data/Managed/UnityEngine/UnityEditor.QuickSearchModule.dll"
-r:"C:/Program Files/Unity/Hub/Editor/6000.5.3f1/Editor/Data/Managed/UnityEngine/UnityEditor.SafeModeModule.dll"
-r:"C:/Program Files/Unity/Hub/Editor/6000.5.3f1/Editor/Data/Managed/UnityEngine/UnityEditor.SceneTemplateModule.dll"
-r:"C:/Program Files/Unity/Hub/Editor/6000.5.3f1/Editor/Data/Managed/UnityEngine/UnityEditor.SceneViewModule.dll"
-r:"C:/Program Files/Unity/Hub/Editor/6000.5.3f1/Editor/Data/Managed/UnityEngine/UnityEditor.ShaderBuildSettingsModule.dll"
-r:"C:/Program Files/Unity/Hub/Editor/6000.5.3f1/Editor/Data/Managed/UnityEngine/UnityEditor.ShaderCompilationModule.dll"
-r:"C:/Program Files/Unity/Hub/Editor/6000.5.3f1/Editor/Data/Managed/UnityEngine/UnityEditor.ShaderFoundryModule.dll"
-r:"C:/Program Files/Unity/Hub/Editor/6000.5.3f1/Editor/Data/Managed/UnityEngine/UnityEditor.SketchUpModule.dll"
-r:"C:/Program Files/Unity/Hub/Editor/6000.5.3f1/Editor/Data/Managed/UnityEngine/UnityEditor.SpriteMaskModule.dll"
-r:"C:/Program Files/Unity/Hub/Editor/6000.5.3f1/Editor/Data/Managed/UnityEngine/UnityEditor.SpriteShapeModule.dll"
-r:"C:/Program Files/Unity/Hub/Editor/6000.5.3f1/Editor/Data/Managed/UnityEngine/UnityEditor.SubstanceModule.dll"
-r:"C:/Program Files/Unity/Hub/Editor/6000.5.3f1/Editor/Data/Managed/UnityEngine/UnityEditor.TerrainModule.dll"
-r:"C:/Program Files/Unity/Hub/Editor/6000.5.3f1/Editor/Data/Managed/UnityEngine/UnityEditor.TextCoreFontEngineModule.dll"
-r:"C:/Program Files/Unity/Hub/Editor/6000.5.3f1/Editor/Data/Managed/UnityEngine/UnityEditor.TextCoreTextEngineModule.dll"
-r:"C:/Program Files/Unity/Hub/Editor/6000.5.3f1/Editor/Data/Managed/UnityEngine/UnityEditor.TextRenderingModule.dll"
-r:"C:/Program Files/Unity/Hub/Editor/6000.5.3f1/Editor/Data/Managed/UnityEngine/UnityEditor.TilemapModule.dll"
-r:"C:/Program Files/Unity/Hub/Editor/6000.5.3f1/Editor/Data/Managed/UnityEngine/UnityEditor.TreeModule.dll"
-r:"C:/Program Files/Unity/Hub/Editor/6000.5.3f1/Editor/Data/Managed/UnityEngine/UnityEditor.U2DModule.dll"
-r:"C:/Program Files/Unity/Hub/Editor/6000.5.3f1/Editor/Data/Managed/UnityEngine/UnityEditor.UIAutomationModule.dll"
-r:"C:/Program Files/Unity/Hub/Editor/6000.5.3f1/Editor/Data/Managed/UnityEngine/UnityEditor.UIBuilderModule.dll"
-r:"C:/Program Files/Unity/Hub/Editor/6000.5.3f1/Editor/Data/Managed/UnityEngine/UnityEditor.UIElementsModule.dll"
-r:"C:/Program Files/Unity/Hub/Editor/6000.5.3f1/Editor/Data/Managed/UnityEngine/UnityEditor.UIElementsSamplesModule.dll"
-r:"C:/Program Files/Unity/Hub/Editor/6000.5.3f1/Editor/Data/Managed/UnityEngine/UnityEditor.UIToolkitAuthoringModule.dll"
-r:"C:/Program Files/Unity/Hub/Editor/6000.5.3f1/Editor/Data/Managed/UnityEngine/UnityEditor.UmbraModule.dll"
-r:"C:/Program Files/Unity/Hub/Editor/6000.5.3f1/Editor/Data/Managed/UnityEngine/UnityEditor.UnityConnectModule.dll"
-r:"C:/Program Files/Unity/Hub/Editor/6000.5.3f1/Editor/Data/Managed/UnityEngine/UnityEditor.VFXModule.dll"
-r:"C:/Program Files/Unity/Hub/Editor/6000.5.3f1/Editor/Data/Managed/UnityEngine/UnityEditor.VectorGraphicsModule.dll"
-r:"C:/Program Files/Unity/Hub/Editor/6000.5.3f1/Editor/Data/Managed/UnityEngine/UnityEditor.VideoModule.dll"
-r:"C:/Program Files/Unity/Hub/Editor/6000.5.3f1/Editor/Data/Managed/UnityEngine/UnityEditor.XRModule.dll"
-r:"C:/Program Files/Unity/Hub/Editor/6000.5.3f1/Editor/Data/Managed/UnityEngine/UnityEditor.dll"
-r:"C:/Program Files/Unity/Hub/Editor/6000.5.3f1/Editor/Data/Managed/UnityEngine/UnityEngine.AIModule.dll"
-r:"C:/Program Files/Unity/Hub/Editor/6000.5.3f1/Editor/Data/Managed/UnityEngine/UnityEngine.ARModule.dll"
-r:"C:/Program Files/Unity/Hub/Editor/6000.5.3f1/Editor/Data/Managed/UnityEngine/UnityEngine.AccessibilityModule.dll"
-r:"C:/Program Files/Unity/Hub/Editor/6000.5.3f1/Editor/Data/Managed/UnityEngine/UnityEngine.AdaptivePerformanceModule.dll"
-r:"C:/Program Files/Unity/Hub/Editor/6000.5.3f1/Editor/Data/Managed/UnityEngine/UnityEngine.AndroidJNIModule.dll"
-r:"C:/Program Files/Unity/Hub/Editor/6000.5.3f1/Editor/Data/Managed/UnityEngine/UnityEngine.AnimationModule.dll"
-r:"C:/Program Files/Unity/Hub/Editor/6000.5.3f1/Editor/Data/Managed/UnityEngine/UnityEngine.AssetBundleModule.dll"
-r:"C:/Program Files/Unity/Hub/Editor/6000.5.3f1/Editor/Data/Managed/UnityEngine/UnityEngine.AudioModule.dll"
-r:"C:/Program Files/Unity/Hub/Editor/6000.5.3f1/Editor/Data/Managed/UnityEngine/UnityEngine.ClothModule.dll"
-r:"C:/Program Files/Unity/Hub/Editor/6000.5.3f1/Editor/Data/Managed/UnityEngine/UnityEngine.ContentLoadModule.dll"
-r:"C:/Program Files/Unity/Hub/Editor/6000.5.3f1/Editor/Data/Managed/UnityEngine/UnityEngine.CoreModule.dll"
-r:"C:/Program Files/Unity/Hub/Editor/6000.5.3f1/Editor/Data/Managed/UnityEngine/UnityEngine.CrashReportingModule.dll"
-r:"C:/Program Files/Unity/Hub/Editor/6000.5.3f1/Editor/Data/Managed/UnityEngine/UnityEngine.DSPGraphModule.dll"
-r:"C:/Program Files/Unity/Hub/Editor/6000.5.3f1/Editor/Data/Managed/UnityEngine/UnityEngine.DirectorModule.dll"
-r:"C:/Program Files/Unity/Hub/Editor/6000.5.3f1/Editor/Data/Managed/UnityEngine/UnityEngine.GIModule.dll"
-r:"C:/Program Files/Unity/Hub/Editor/6000.5.3f1/Editor/Data/Managed/UnityEngine/UnityEngine.GameCenterModule.dll"
-r:"C:/Program Files/Unity/Hub/Editor/6000.5.3f1/Editor/Data/Managed/UnityEngine/UnityEngine.GraphicsStateCollectionSerializerModule.dll"
-r:"C:/Program Files/Unity/Hub/Editor/6000.5.3f1/Editor/Data/Managed/UnityEngine/UnityEngine.GridModule.dll"
-r:"C:/Program Files/Unity/Hub/Editor/6000.5.3f1/Editor/Data/Managed/UnityEngine/UnityEngine.HierarchyCoreModule.dll"
-r:"C:/Program Files/Unity/Hub/Editor/6000.5.3f1/Editor/Data/Managed/UnityEngine/UnityEngine.HotReloadModule.dll"
-r:"C:/Program Files/Unity/Hub/Editor/6000.5.3f1/Editor/Data/Managed/UnityEngine/UnityEngine.IMGUIModule.dll"
-r:"C:/Program Files/Unity/Hub/Editor/6000.5.3f1/Editor/Data/Managed/UnityEngine/UnityEngine.IdentifiersModule.dll"
-r:"C:/Program Files/Unity/Hub/Editor/6000.5.3f1/Editor/Data/Managed/UnityEngine/UnityEngine.ImageConversionModule.dll"
-r:"C:/Program Files/Unity/Hub/Editor/6000.5.3f1/Editor/Data/Managed/UnityEngine/UnityEngine.InputForUIModule.dll"
-r:"C:/Program Files/Unity/Hub/Editor/6000.5.3f1/Editor/Data/Managed/UnityEngine/UnityEngine.InputLegacyModule.dll"
-r:"C:/Program Files/Unity/Hub/Editor/6000.5.3f1/Editor/Data/Managed/UnityEngine/UnityEngine.InputModule.dll"
-r:"C:/Program Files/Unity/Hub/Editor/6000.5.3f1/Editor/Data/Managed/UnityEngine/UnityEngine.InsightsModule.dll"
-r:"C:/Program Files/Unity/Hub/Editor/6000.5.3f1/Editor/Data/Managed/UnityEngine/UnityEngine.JSONSerializeModule.dll"
-r:"C:/Program Files/Unity/Hub/Editor/6000.5.3f1/Editor/Data/Managed/UnityEngine/UnityEngine.LocalizationModule.dll"
-r:"C:/Program Files/Unity/Hub/Editor/6000.5.3f1/Editor/Data/Managed/UnityEngine/UnityEngine.MarshallingModule.dll"
-r:"C:/Program Files/Unity/Hub/Editor/6000.5.3f1/Editor/Data/Managed/UnityEngine/UnityEngine.MathematicsModule.dll"
-r:"C:/Program Files/Unity/Hub/Editor/6000.5.3f1/Editor/Data/Managed/UnityEngine/UnityEngine.MultiplayerModule.dll"
-r:"C:/Program Files/Unity/Hub/Editor/6000.5.3f1/Editor/Data/Managed/UnityEngine/UnityEngine.ParticleSystemModule.dll"
-r:"C:/Program Files/Unity/Hub/Editor/6000.5.3f1/Editor/Data/Managed/UnityEngine/UnityEngine.PerformanceReportingModule.dll"
-r:"C:/Program Files/Unity/Hub/Editor/6000.5.3f1/Editor/Data/Managed/UnityEngine/UnityEngine.Physics2DModule.dll"
-r:"C:/Program Files/Unity/Hub/Editor/6000.5.3f1/Editor/Data/Managed/UnityEngine/UnityEngine.PhysicsBackendPhysXModule.dll"
-r:"C:/Program Files/Unity/Hub/Editor/6000.5.3f1/Editor/Data/Managed/UnityEngine/UnityEngine.PhysicsCore2DModule.dll"
-r:"C:/Program Files/Unity/Hub/Editor/6000.5.3f1/Editor/Data/Managed/UnityEngine/UnityEngine.PhysicsModule.dll"
-r:"C:/Program Files/Unity/Hub/Editor/6000.5.3f1/Editor/Data/Managed/UnityEngine/UnityEngine.PropertiesModule.dll"
-r:"C:/Program Files/Unity/Hub/Editor/6000.5.3f1/Editor/Data/Managed/UnityEngine/UnityEngine.RenderAs2DModule.dll"
-r:"C:/Program Files/Unity/Hub/Editor/6000.5.3f1/Editor/Data/Managed/UnityEngine/UnityEngine.RuntimeInitializeOnLoadManagerInitializerModule.dll"
-r:"C:/Program Files/Unity/Hub/Editor/6000.5.3f1/Editor/Data/Managed/UnityEngine/UnityEngine.ScreenCaptureModule.dll"
-r:"C:/Program Files/Unity/Hub/Editor/6000.5.3f1/Editor/Data/Managed/UnityEngine/UnityEngine.ScriptingModule.dll"
-r:"C:/Program Files/Unity/Hub/Editor/6000.5.3f1/Editor/Data/Managed/UnityEngine/UnityEngine.ShaderVariantAnalyticsModule.dll"
-r:"C:/Program Files/Unity/Hub/Editor/6000.5.3f1/Editor/Data/Managed/UnityEngine/UnityEngine.SharedInternalsModule.dll"
-r:"C:/Program Files/Unity/Hub/Editor/6000.5.3f1/Editor/Data/Managed/UnityEngine/UnityEngine.SpriteMaskModule.dll"
-r:"C:/Program Files/Unity/Hub/Editor/6000.5.3f1/Editor/Data/Managed/UnityEngine/UnityEngine.SpriteShapeModule.dll"
-r:"C:/Program Files/Unity/Hub/Editor/6000.5.3f1/Editor/Data/Managed/UnityEngine/UnityEngine.StreamingModule.dll"
-r:"C:/Program Files/Unity/Hub/Editor/6000.5.3f1/Editor/Data/Managed/UnityEngine/UnityEngine.SubstanceModule.dll"
-r:"C:/Program Files/Unity/Hub/Editor/6000.5.3f1/Editor/Data/Managed/UnityEngine/UnityEngine.SubsystemsModule.dll"
-r:"C:/Program Files/Unity/Hub/Editor/6000.5.3f1/Editor/Data/Managed/UnityEngine/UnityEngine.TLSModule.dll"
-r:"C:/Program Files/Unity/Hub/Editor/6000.5.3f1/Editor/Data/Managed/UnityEngine/UnityEngine.TerrainModule.dll"
-r:"C:/Program Files/Unity/Hub/Editor/6000.5.3f1/Editor/Data/Managed/UnityEngine/UnityEngine.TerrainPhysicsModule.dll"
-r:"C:/Program Files/Unity/Hub/Editor/6000.5.3f1/Editor/Data/Managed/UnityEngine/UnityEngine.TextCoreFontEngineModule.dll"
-r:"C:/Program Files/Unity/Hub/Editor/6000.5.3f1/Editor/Data/Managed/UnityEngine/UnityEngine.TextCoreTextEngineModule.dll"
-r:"C:/Program Files/Unity/Hub/Editor/6000.5.3f1/Editor/Data/Managed/UnityEngine/UnityEngine.TextRenderingModule.dll"
-r:"C:/Program Files/Unity/Hub/Editor/6000.5.3f1/Editor/Data/Managed/UnityEngine/UnityEngine.TilemapModule.dll"
-r:"C:/Program Files/Unity/Hub/Editor/6000.5.3f1/Editor/Data/Managed/UnityEngine/UnityEngine.U2DRuntimeModule.dll"
-r:"C:/Program Files/Unity/Hub/Editor/6000.5.3f1/Editor/Data/Managed/UnityEngine/UnityEngine.UIElementsModule.dll"
-r:"C:/Program Files/Unity/Hub/Editor/6000.5.3f1/Editor/Data/Managed/UnityEngine/UnityEngine.UIModule.dll"
-r:"C:/Program Files/Unity/Hub/Editor/6000.5.3f1/Editor/Data/Managed/UnityEngine/UnityEngine.UmbraModule.dll"
-r:"C:/Program Files/Unity/Hub/Editor/6000.5.3f1/Editor/Data/Managed/UnityEngine/UnityEngine.UnityAnalyticsCommonModule.dll"
-r:"C:/Program Files/Unity/Hub/Editor/6000.5.3f1/Editor/Data/Managed/UnityEngine/UnityEngine.UnityAnalyticsModule.dll"
-r:"C:/Program Files/Unity/Hub/Editor/6000.5.3f1/Editor/Data/Managed/UnityEngine/UnityEngine.UnityConnectModule.dll"
-r:"C:/Program Files/Unity/Hub/Editor/6000.5.3f1/Editor/Data/Managed/UnityEngine/UnityEngine.UnityConsentModule.dll"
-r:"C:/Program Files/Unity/Hub/Editor/6000.5.3f1/Editor/Data/Managed/UnityEngine/UnityEngine.UnityCurlModule.dll"
-r:"C:/Program Files/Unity/Hub/Editor/6000.5.3f1/Editor/Data/Managed/UnityEngine/UnityEngine.UnityWebRequestAssetBundleModule.dll"
-r:"C:/Program Files/Unity/Hub/Editor/6000.5.3f1/Editor/Data/Managed/UnityEngine/UnityEngine.UnityWebRequestAudioModule.dll"
-r:"C:/Program Files/Unity/Hub/Editor/6000.5.3f1/Editor/Data/Managed/UnityEngine/UnityEngine.UnityWebRequestModule.dll"
-r:"C:/Program Files/Unity/Hub/Editor/6000.5.3f1/Editor/Data/Managed/UnityEngine/UnityEngine.UnityWebRequestTextureModule.dll"
-r:"C:/Program Files/Unity/Hub/Editor/6000.5.3f1/Editor/Data/Managed/UnityEngine/UnityEngine.UnityWebRequestWWWModule.dll"
-r:"C:/Program Files/Unity/Hub/Editor/6000.5.3f1/Editor/Data/Managed/UnityEngine/UnityEngine.VFXModule.dll"
-r:"C:/Program Files/Unity/Hub/Editor/6000.5.3f1/Editor/Data/Managed/UnityEngine/UnityEngine.VectorGraphicsModule.dll"
-r:"C:/Program Files/Unity/Hub/Editor/6000.5.3f1/Editor/Data/Managed/UnityEngine/UnityEngine.VehiclesModule.dll"
-r:"C:/Program Files/Unity/Hub/Editor/6000.5.3f1/Editor/Data/Managed/UnityEngine/UnityEngine.VideoModule.dll"
-r:"C:/Program Files/Unity/Hub/Editor/6000.5.3f1/Editor/Data/Managed/UnityEngine/UnityEngine.WindModule.dll"
-r:"C:/Program Files/Unity/Hub/Editor/6000.5.3f1/Editor/Data/Managed/UnityEngine/UnityEngine.XRModule.dll"
-r:"C:/Program Files/Unity/Hub/Editor/6000.5.3f1/Editor/Data/Managed/UnityEngine/UnityEngine.dll"
-r:"C:/Program Files/Unity/Hub/Editor/6000.5.3f1/Editor/Data/PlaybackEngines/AndroidPlayer/Unity.Android.Gradle.dll"
-r:"C:/Program Files/Unity/Hub/Editor/6000.5.3f1/Editor/Data/PlaybackEngines/AndroidPlayer/Unity.Android.Types.dll"
-r:"C:/Program Files/Unity/Hub/Editor/6000.5.3f1/Editor/Data/UnityReferenceAssemblies/unity-4.8-api/Facades/Microsoft.Win32.Primitives.dll"
-r:"C:/Program Files/Unity/Hub/Editor/6000.5.3f1/Editor/Data/UnityReferenceAssemblies/unity-4.8-api/Facades/System.AppContext.dll"
-r:"C:/Program Files/Unity/Hub/Editor/6000.5.3f1/Editor/Data/UnityReferenceAssemblies/unity-4.8-api/Facades/System.Buffers.dll"
-r:"C:/Program Files/Unity/Hub/Editor/6000.5.3f1/Editor/Data/UnityReferenceAssemblies/unity-4.8-api/Facades/System.Collections.Concurrent.dll"
-r:"C:/Program Files/Unity/Hub/Editor/6000.5.3f1/Editor/Data/UnityReferenceAssemblies/unity-4.8-api/Facades/System.Collections.NonGeneric.dll"
-r:"C:/Program Files/Unity/Hub/Editor/6000.5.3f1/Editor/Data/UnityReferenceAssemblies/unity-4.8-api/Facades/System.Collections.Specialized.dll"
-r:"C:/Program Files/Unity/Hub/Editor/6000.5.3f1/Editor/Data/UnityReferenceAssemblies/unity-4.8-api/Facades/System.Collections.dll"
-r:"C:/Program Files/Unity/Hub/Editor/6000.5.3f1/Editor/Data/UnityReferenceAssemblies/unity-4.8-api/Facades/System.ComponentModel.Annotations.dll"
-r:"C:/Program Files/Unity/Hub/Editor/6000.5.3f1/Editor/Data/UnityReferenceAssemblies/unity-4.8-api/Facades/System.ComponentModel.EventBasedAsync.dll"
-r:"C:/Program Files/Unity/Hub/Editor/6000.5.3f1/Editor/Data/UnityReferenceAssemblies/unity-4.8-api/Facades/System.ComponentModel.Primitives.dll"
-r:"C:/Program Files/Unity/Hub/Editor/6000.5.3f1/Editor/Data/UnityReferenceAssemblies/unity-4.8-api/Facades/System.ComponentModel.TypeConverter.dll"
-r:"C:/Program Files/Unity/Hub/Editor/6000.5.3f1/Editor/Data/UnityReferenceAssemblies/unity-4.8-api/Facades/System.ComponentModel.dll"
-r:"C:/Program Files/Unity/Hub/Editor/6000.5.3f1/Editor/Data/UnityReferenceAssemblies/unity-4.8-api/Facades/System.Console.dll"
-r:"C:/Program Files/Unity/Hub/Editor/6000.5.3f1/Editor/Data/UnityReferenceAssemblies/unity-4.8-api/Facades/System.Data.Common.dll"
-r:"C:/Program Files/Unity/Hub/Editor/6000.5.3f1/Editor/Data/UnityReferenceAssemblies/unity-4.8-api/Facades/System.Diagnostics.Contracts.dll"
-r:"C:/Program Files/Unity/Hub/Editor/6000.5.3f1/Editor/Data/UnityReferenceAssemblies/unity-4.8-api/Facades/System.Diagnostics.Debug.dll"
-r:"C:/Program Files/Unity/Hub/Editor/6000.5.3f1/Editor/Data/UnityReferenceAssemblies/unity-4.8-api/Facades/System.Diagnostics.FileVersionInfo.dll"
-r:"C:/Program Files/Unity/Hub/Editor/6000.5.3f1/Editor/Data/UnityReferenceAssemblies/unity-4.8-api/Facades/System.Diagnostics.Process.dll"
-r:"C:/Program Files/Unity/Hub/Editor/6000.5.3f1/Editor/Data/UnityReferenceAssemblies/unity-4.8-api/Facades/System.Diagnostics.StackTrace.dll"
-r:"C:/Program Files/Unity/Hub/Editor/6000.5.3f1/Editor/Data/UnityReferenceAssemblies/unity-4.8-api/Facades/System.Diagnostics.TextWriterTraceListener.dll"
-r:"C:/Program Files/Unity/Hub/Editor/6000.5.3f1/Editor/Data/UnityReferenceAssemblies/unity-4.8-api/Facades/System.Diagnostics.Tools.dll"
-r:"C:/Program Files/Unity/Hub/Editor/6000.5.3f1/Editor/Data/UnityReferenceAssemblies/unity-4.8-api/Facades/System.Diagnostics.TraceSource.dll"
-r:"C:/Program Files/Unity/Hub/Editor/6000.5.3f1/Editor/Data/UnityReferenceAssemblies/unity-4.8-api/Facades/System.Drawing.Primitives.dll"
-r:"C:/Program Files/Unity/Hub/Editor/6000.5.3f1/Editor/Data/UnityReferenceAssemblies/unity-4.8-api/Facades/System.Dynamic.Runtime.dll"
-r:"C:/Program Files/Unity/Hub/Editor/6000.5.3f1/Editor/Data/UnityReferenceAssemblies/unity-4.8-api/Facades/System.Globalization.Calendars.dll"
-r:"C:/Program Files/Unity/Hub/Editor/6000.5.3f1/Editor/Data/UnityReferenceAssemblies/unity-4.8-api/Facades/System.Globalization.Extensions.dll"
-r:"C:/Program Files/Unity/Hub/Editor/6000.5.3f1/Editor/Data/UnityReferenceAssemblies/unity-4.8-api/Facades/System.Globalization.dll"
-r:"C:/Program Files/Unity/Hub/Editor/6000.5.3f1/Editor/Data/UnityReferenceAssemblies/unity-4.8-api/Facades/System.IO.Compression.ZipFile.dll"
-r:"C:/Program Files/Unity/Hub/Editor/6000.5.3f1/Editor/Data/UnityReferenceAssemblies/unity-4.8-api/Facades/System.IO.FileSystem.DriveInfo.dll"
-r:"C:/Program Files/Unity/Hub/Editor/6000.5.3f1/Editor/Data/UnityReferenceAssemblies/unity-4.8-api/Facades/System.IO.FileSystem.Primitives.dll"
-r:"C:/Program Files/Unity/Hub/Editor/6000.5.3f1/Editor/Data/UnityReferenceAssemblies/unity-4.8-api/Facades/System.IO.FileSystem.Watcher.dll"
-r:"C:/Program Files/Unity/Hub/Editor/6000.5.3f1/Editor/Data/UnityReferenceAssemblies/unity-4.8-api/Facades/System.IO.FileSystem.dll"
-r:"C:/Program Files/Unity/Hub/Editor/6000.5.3f1/Editor/Data/UnityReferenceAssemblies/unity-4.8-api/Facades/System.IO.IsolatedStorage.dll"
-r:"C:/Program Files/Unity/Hub/Editor/6000.5.3f1/Editor/Data/UnityReferenceAssemblies/unity-4.8-api/Facades/System.IO.MemoryMappedFiles.dll"
-r:"C:/Program Files/Unity/Hub/Editor/6000.5.3f1/Editor/Data/UnityReferenceAssemblies/unity-4.8-api/Facades/System.IO.Pipes.dll"
-r:"C:/Program Files/Unity/Hub/Editor/6000.5.3f1/Editor/Data/UnityReferenceAssemblies/unity-4.8-api/Facades/System.IO.UnmanagedMemoryStream.dll"
-r:"C:/Program Files/Unity/Hub/Editor/6000.5.3f1/Editor/Data/UnityReferenceAssemblies/unity-4.8-api/Facades/System.IO.dll"
-r:"C:/Program Files/Unity/Hub/Editor/6000.5.3f1/Editor/Data/UnityReferenceAssemblies/unity-4.8-api/Facades/System.Linq.Expressions.dll"
-r:"C:/Program Files/Unity/Hub/Editor/6000.5.3f1/Editor/Data/UnityReferenceAssemblies/unity-4.8-api/Facades/System.Linq.Parallel.dll"
-r:"C:/Program Files/Unity/Hub/Editor/6000.5.3f1/Editor/Data/UnityReferenceAssemblies/unity-4.8-api/Facades/System.Linq.Queryable.dll"
-r:"C:/Program Files/Unity/Hub/Editor/6000.5.3f1/Editor/Data/UnityReferenceAssemblies/unity-4.8-api/Facades/System.Linq.dll"
-r:"C:/Program Files/Unity/Hub/Editor/6000.5.3f1/Editor/Data/UnityReferenceAssemblies/unity-4.8-api/Facades/System.Memory.dll"
-r:"C:/Program Files/Unity/Hub/Editor/6000.5.3f1/Editor/Data/UnityReferenceAssemblies/unity-4.8-api/Facades/System.Net.Http.Rtc.dll"
-r:"C:/Program Files/Unity/Hub/Editor/6000.5.3f1/Editor/Data/UnityReferenceAssemblies/unity-4.8-api/Facades/System.Net.NameResolution.dll"
-r:"C:/Program Files/Unity/Hub/Editor/6000.5.3f1/Editor/Data/UnityReferenceAssemblies/unity-4.8-api/Facades/System.Net.NetworkInformation.dll"
-r:"C:/Program Files/Unity/Hub/Editor/6000.5.3f1/Editor/Data/UnityReferenceAssemblies/unity-4.8-api/Facades/System.Net.Ping.dll"
-r:"C:/Program Files/Unity/Hub/Editor/6000.5.3f1/Editor/Data/UnityReferenceAssemblies/unity-4.8-api/Facades/System.Net.Primitives.dll"
-r:"C:/Program Files/Unity/Hub/Editor/6000.5.3f1/Editor/Data/UnityReferenceAssemblies/unity-4.8-api/Facades/System.Net.Requests.dll"
-r:"C:/Program Files/Unity/Hub/Editor/6000.5.3f1/Editor/Data/UnityReferenceAssemblies/unity-4.8-api/Facades/System.Net.Security.dll"
-r:"C:/Program Files/Unity/Hub/Editor/6000.5.3f1/Editor/Data/UnityReferenceAssemblies/unity-4.8-api/Facades/System.Net.Sockets.dll"
-r:"C:/Program Files/Unity/Hub/Editor/6000.5.3f1/Editor/Data/UnityReferenceAssemblies/unity-4.8-api/Facades/System.Net.WebHeaderCollection.dll"
-r:"C:/Program Files/Unity/Hub/Editor/6000.5.3f1/Editor/Data/UnityReferenceAssemblies/unity-4.8-api/Facades/System.Net.WebSockets.Client.dll"
-r:"C:/Program Files/Unity/Hub/Editor/6000.5.3f1/Editor/Data/UnityReferenceAssemblies/unity-4.8-api/Facades/System.Net.WebSockets.dll"
-r:"C:/Program Files/Unity/Hub/Editor/6000.5.3f1/Editor/Data/UnityReferenceAssemblies/unity-4.8-api/Facades/System.ObjectModel.dll"
-r:"C:/Program Files/Unity/Hub/Editor/6000.5.3f1/Editor/Data/UnityReferenceAssemblies/unity-4.8-api/Facades/System.Reflection.DispatchProxy.dll"
-r:"C:/Program Files/Unity/Hub/Editor/6000.5.3f1/Editor/Data/UnityReferenceAssemblies/unity-4.8-api/Facades/System.Reflection.Emit.ILGeneration.dll"
-r:"C:/Program Files/Unity/Hub/Editor/6000.5.3f1/Editor/Data/UnityReferenceAssemblies/unity-4.8-api/Facades/System.Reflection.Emit.Lightweight.dll"
-r:"C:/Program Files/Unity/Hub/Editor/6000.5.3f1/Editor/Data/UnityReferenceAssemblies/unity-4.8-api/Facades/System.Reflection.Emit.dll"
-r:"C:/Program Files/Unity/Hub/Editor/6000.5.3f1/Editor/Data/UnityReferenceAssemblies/unity-4.8-api/Facades/System.Reflection.Extensions.dll"
-r:"C:/Program Files/Unity/Hub/Editor/6000.5.3f1/Editor/Data/UnityReferenceAssemblies/unity-4.8-api/Facades/System.Reflection.Primitives.dll"
-r:"C:/Program Files/Unity/Hub/Editor/6000.5.3f1/Editor/Data/UnityReferenceAssemblies/unity-4.8-api/Facades/System.Reflection.dll"
-r:"C:/Program Files/Unity/Hub/Editor/6000.5.3f1/Editor/Data/UnityReferenceAssemblies/unity-4.8-api/Facades/System.Resources.Reader.dll"
-r:"C:/Program Files/Unity/Hub/Editor/6000.5.3f1/Editor/Data/UnityReferenceAssemblies/unity-4.8-api/Facades/System.Resources.ResourceManager.dll"
-r:"C:/Program Files/Unity/Hub/Editor/6000.5.3f1/Editor/Data/UnityReferenceAssemblies/unity-4.8-api/Facades/System.Resources.Writer.dll"
-r:"C:/Program Files/Unity/Hub/Editor/6000.5.3f1/Editor/Data/UnityReferenceAssemblies/unity-4.8-api/Facades/System.Runtime.CompilerServices.VisualC.dll"
-r:"C:/Program Files/Unity/Hub/Editor/6000.5.3f1/Editor/Data/UnityReferenceAssemblies/unity-4.8-api/Facades/System.Runtime.Extensions.dll"
-r:"C:/Program Files/Unity/Hub/Editor/6000.5.3f1/Editor/Data/UnityReferenceAssemblies/unity-4.8-api/Facades/System.Runtime.Handles.dll"
-r:"C:/Program Files/Unity/Hub/Editor/6000.5.3f1/Editor/Data/UnityReferenceAssemblies/unity-4.8-api/Facades/System.Runtime.InteropServices.RuntimeInformation.dll"
-r:"C:/Program Files/Unity/Hub/Editor/6000.5.3f1/Editor/Data/UnityReferenceAssemblies/unity-4.8-api/Facades/System.Runtime.InteropServices.WindowsRuntime.dll"
-r:"C:/Program Files/Unity/Hub/Editor/6000.5.3f1/Editor/Data/UnityReferenceAssemblies/unity-4.8-api/Facades/System.Runtime.InteropServices.dll"
-r:"C:/Program Files/Unity/Hub/Editor/6000.5.3f1/Editor/Data/UnityReferenceAssemblies/unity-4.8-api/Facades/System.Runtime.Numerics.dll"
-r:"C:/Program Files/Unity/Hub/Editor/6000.5.3f1/Editor/Data/UnityReferenceAssemblies/unity-4.8-api/Facades/System.Runtime.Serialization.Formatters.dll"
-r:"C:/Program Files/Unity/Hub/Editor/6000.5.3f1/Editor/Data/UnityReferenceAssemblies/unity-4.8-api/Facades/System.Runtime.Serialization.Json.dll"
-r:"C:/Program Files/Unity/Hub/Editor/6000.5.3f1/Editor/Data/UnityReferenceAssemblies/unity-4.8-api/Facades/System.Runtime.Serialization.Primitives.dll"
-r:"C:/Program Files/Unity/Hub/Editor/6000.5.3f1/Editor/Data/UnityReferenceAssemblies/unity-4.8-api/Facades/System.Runtime.Serialization.Xml.dll"
-r:"C:/Program Files/Unity/Hub/Editor/6000.5.3f1/Editor/Data/UnityReferenceAssemblies/unity-4.8-api/Facades/System.Runtime.dll"
-r:"C:/Program Files/Unity/Hub/Editor/6000.5.3f1/Editor/Data/UnityReferenceAssemblies/unity-4.8-api/Facades/System.Security.Claims.dll"
-r:"C:/Program Files/Unity/Hub/Editor/6000.5.3f1/Editor/Data/UnityReferenceAssemblies/unity-4.8-api/Facades/System.Security.Cryptography.Algorithms.dll"
-r:"C:/Program Files/Unity/Hub/Editor/6000.5.3f1/Editor/Data/UnityReferenceAssemblies/unity-4.8-api/Facades/System.Security.Cryptography.Csp.dll"
-r:"C:/Program Files/Unity/Hub/Editor/6000.5.3f1/Editor/Data/UnityReferenceAssemblies/unity-4.8-api/Facades/System.Security.Cryptography.Encoding.dll"
-r:"C:/Program Files/Unity/Hub/Editor/6000.5.3f1/Editor/Data/UnityReferenceAssemblies/unity-4.8-api/Facades/System.Security.Cryptography.Primitives.dll"
-r:"C:/Program Files/Unity/Hub/Editor/6000.5.3f1/Editor/Data/UnityReferenceAssemblies/unity-4.8-api/Facades/System.Security.Cryptography.X509Certificates.dll"
-r:"C:/Program Files/Unity/Hub/Editor/6000.5.3f1/Editor/Data/UnityReferenceAssemblies/unity-4.8-api/Facades/System.Security.Principal.dll"
-r:"C:/Program Files/Unity/Hub/Editor/6000.5.3f1/Editor/Data/UnityReferenceAssemblies/unity-4.8-api/Facades/System.Security.SecureString.dll"
-r:"C:/Program Files/Unity/Hub/Editor/6000.5.3f1/Editor/Data/UnityReferenceAssemblies/unity-4.8-api/Facades/System.ServiceModel.Duplex.dll"
-r:"C:/Program Files/Unity/Hub/Editor/6000.5.3f1/Editor/Data/UnityReferenceAssemblies/unity-4.8-api/Facades/System.ServiceModel.Http.dll"
-r:"C:/Program Files/Unity/Hub/Editor/6000.5.3f1/Editor/Data/UnityReferenceAssemblies/unity-4.8-api/Facades/System.ServiceModel.NetTcp.dll"
-r:"C:/Program Files/Unity/Hub/Editor/6000.5.3f1/Editor/Data/UnityReferenceAssemblies/unity-4.8-api/Facades/System.ServiceModel.Primitives.dll"
-r:"C:/Program Files/Unity/Hub/Editor/6000.5.3f1/Editor/Data/UnityReferenceAssemblies/unity-4.8-api/Facades/System.ServiceModel.Security.dll"
-r:"C:/Program Files/Unity/Hub/Editor/6000.5.3f1/Editor/Data/UnityReferenceAssemblies/unity-4.8-api/Facades/System.Text.Encoding.Extensions.dll"
-r:"C:/Program Files/Unity/Hub/Editor/6000.5.3f1/Editor/Data/UnityReferenceAssemblies/unity-4.8-api/Facades/System.Text.Encoding.dll"
-r:"C:/Program Files/Unity/Hub/Editor/6000.5.3f1/Editor/Data/UnityReferenceAssemblies/unity-4.8-api/Facades/System.Text.RegularExpressions.dll"
-r:"C:/Program Files/Unity/Hub/Editor/6000.5.3f1/Editor/Data/UnityReferenceAssemblies/unity-4.8-api/Facades/System.Threading.Overlapped.dll"
-r:"C:/Program Files/Unity/Hub/Editor/6000.5.3f1/Editor/Data/UnityReferenceAssemblies/unity-4.8-api/Facades/System.Threading.Tasks.Extensions.dll"
-r:"C:/Program Files/Unity/Hub/Editor/6000.5.3f1/Editor/Data/UnityReferenceAssemblies/unity-4.8-api/Facades/System.Threading.Tasks.Parallel.dll"
-r:"C:/Program Files/Unity/Hub/Editor/6000.5.3f1/Editor/Data/UnityReferenceAssemblies/unity-4.8-api/Facades/System.Threading.Tasks.dll"
-r:"C:/Program Files/Unity/Hub/Editor/6000.5.3f1/Editor/Data/UnityReferenceAssemblies/unity-4.8-api/Facades/System.Threading.Thread.dll"
-r:"C:/Program Files/Unity/Hub/Editor/6000.5.3f1/Editor/Data/UnityReferenceAssemblies/unity-4.8-api/Facades/System.Threading.ThreadPool.dll"
-r:"C:/Program Files/Unity/Hub/Editor/6000.5.3f1/Editor/Data/UnityReferenceAssemblies/unity-4.8-api/Facades/System.Threading.Timer.dll"
-r:"C:/Program Files/Unity/Hub/Editor/6000.5.3f1/Editor/Data/UnityReferenceAssemblies/unity-4.8-api/Facades/System.Threading.dll"
-r:"C:/Program Files/Unity/Hub/Editor/6000.5.3f1/Editor/Data/UnityReferenceAssemblies/unity-4.8-api/Facades/System.ValueTuple.dll"
-r:"C:/Program Files/Unity/Hub/Editor/6000.5.3f1/Editor/Data/UnityReferenceAssemblies/unity-4.8-api/Facades/System.Xml.ReaderWriter.dll"
-r:"C:/Program Files/Unity/Hub/Editor/6000.5.3f1/Editor/Data/UnityReferenceAssemblies/unity-4.8-api/Facades/System.Xml.XDocument.dll"
-r:"C:/Program Files/Unity/Hub/Editor/6000.5.3f1/Editor/Data/UnityReferenceAssemblies/unity-4.8-api/Facades/System.Xml.XPath.XDocument.dll"
-r:"C:/Program Files/Unity/Hub/Editor/6000.5.3f1/Editor/Data/UnityReferenceAssemblies/unity-4.8-api/Facades/System.Xml.XPath.dll"
-r:"C:/Program Files/Unity/Hub/Editor/6000.5.3f1/Editor/Data/UnityReferenceAssemblies/unity-4.8-api/Facades/System.Xml.XmlDocument.dll"
-r:"C:/Program Files/Unity/Hub/Editor/6000.5.3f1/Editor/Data/UnityReferenceAssemblies/unity-4.8-api/Facades/System.Xml.XmlSerializer.dll"
-r:"C:/Program Files/Unity/Hub/Editor/6000.5.3f1/Editor/Data/UnityReferenceAssemblies/unity-4.8-api/Facades/netstandard.dll"
-r:"C:/Program Files/Unity/Hub/Editor/6000.5.3f1/Editor/Data/UnityReferenceAssemblies/unity-4.8-api/Microsoft.CSharp.dll"
-r:"C:/Program Files/Unity/Hub/Editor/6000.5.3f1/Editor/Data/UnityReferenceAssemblies/unity-4.8-api/System.ComponentModel.Composition.dll"
-r:"C:/Program Files/Unity/Hub/Editor/6000.5.3f1/Editor/Data/UnityReferenceAssemblies/unity-4.8-api/System.Core.dll"
-r:"C:/Program Files/Unity/Hub/Editor/6000.5.3f1/Editor/Data/UnityReferenceAssemblies/unity-4.8-api/System.Data.DataSetExtensions.dll"
-r:"C:/Program Files/Unity/Hub/Editor/6000.5.3f1/Editor/Data/UnityReferenceAssemblies/unity-4.8-api/System.Data.dll"
-r:"C:/Program Files/Unity/Hub/Editor/6000.5.3f1/Editor/Data/UnityReferenceAssemblies/unity-4.8-api/System.Drawing.dll"
-r:"C:/Program Files/Unity/Hub/Editor/6000.5.3f1/Editor/Data/UnityReferenceAssemblies/unity-4.8-api/System.IO.Compression.FileSystem.dll"
-r:"C:/Program Files/Unity/Hub/Editor/6000.5.3f1/Editor/Data/UnityReferenceAssemblies/unity-4.8-api/System.IO.Compression.dll"
-r:"C:/Program Files/Unity/Hub/Editor/6000.5.3f1/Editor/Data/UnityReferenceAssemblies/unity-4.8-api/System.Net.Http.dll"
-r:"C:/Program Files/Unity/Hub/Editor/6000.5.3f1/Editor/Data/UnityReferenceAssemblies/unity-4.8-api/System.Numerics.Vectors.dll"
-r:"C:/Program Files/Unity/Hub/Editor/6000.5.3f1/Editor/Data/UnityReferenceAssemblies/unity-4.8-api/System.Numerics.dll"
-r:"C:/Program Files/Unity/Hub/Editor/6000.5.3f1/Editor/Data/UnityReferenceAssemblies/unity-4.8-api/System.Runtime.Serialization.dll"
-r:"C:/Program Files/Unity/Hub/Editor/6000.5.3f1/Editor/Data/UnityReferenceAssemblies/unity-4.8-api/System.Transactions.dll"
-r:"C:/Program Files/Unity/Hub/Editor/6000.5.3f1/Editor/Data/UnityReferenceAssemblies/unity-4.8-api/System.Xml.Linq.dll"
-r:"C:/Program Files/Unity/Hub/Editor/6000.5.3f1/Editor/Data/UnityReferenceAssemblies/unity-4.8-api/System.Xml.dll"
-r:"C:/Program Files/Unity/Hub/Editor/6000.5.3f1/Editor/Data/UnityReferenceAssemblies/unity-4.8-api/System.dll"
-r:"C:/Program Files/Unity/Hub/Editor/6000.5.3f1/Editor/Data/UnityReferenceAssemblies/unity-4.8-api/mscorlib.dll"
-r:"Library/PackageCache/com.unity.analytics@c9d14a6bdec6/AnalyticsStandardEvents/Unity.Analytics.StandardEvents.dll"
-r:"Library/PackageCache/com.unity.analytics@c9d14a6bdec6/Unity.Analytics.Editor.dll"
-r:"Library/PackageCache/com.unity.analytics@c9d14a6bdec6/Unity.Analytics.Tracker.dll"
-r:"Library/PackageCache/com.unity.ext.nunit@44f7d31723bd/net472/unity-custom/nunit.framework.dll"
-r:"Library/PackageCache/com.unity.nuget.newtonsoft-json@4dfd81071c64/Runtime/Newtonsoft.Json.dll"
-r:"Library/Bee/artifacts/1300b0aE.dag/Analytics.ref.dll"
-r:"Library/Bee/artifacts/1300b0aE.dag/Assembly-CSharp-firstpass.ref.dll"
-r:"Library/Bee/artifacts/1300b0aE.dag/Purchasing.Common.ref.dll"
-r:"Library/Bee/artifacts/1300b0aE.dag/Unity.2D.Sprite.Editor.ref.dll"
-r:"Library/Bee/artifacts/1300b0aE.dag/Unity.2D.Tilemap.Editor.ref.dll"
-r:"Library/Bee/artifacts/1300b0aE.dag/Unity.AI.Navigation.Editor.ConversionSystem.ref.dll"
-r:"Library/Bee/artifacts/1300b0aE.dag/Unity.AI.Navigation.Editor.ref.dll"
-r:"Library/Bee/artifacts/1300b0aE.dag/Unity.AI.Navigation.ref.dll"
-r:"Library/Bee/artifacts/1300b0aE.dag/Unity.AI.Navigation.Updater.ref.dll"
-r:"Library/Bee/artifacts/1300b0aE.dag/Unity.Analytics.DataPrivacy.ref.dll"
-r:"Library/Bee/artifacts/1300b0aE.dag/Unity.InternalAPIEngineBridge.004.ref.dll"
-r:"Library/Bee/artifacts/1300b0aE.dag/Unity.Multiplayer.Center.Common.ref.dll"
-r:"Library/Bee/artifacts/1300b0aE.dag/Unity.Multiplayer.Center.Editor.ref.dll"
-r:"Library/Bee/artifacts/1300b0aE.dag/Unity.PlasticSCM.Editor.ref.dll"
-r:"Library/Bee/artifacts/1300b0aE.dag/Unity.Rider.Editor.ref.dll"
-r:"Library/Bee/artifacts/1300b0aE.dag/Unity.Services.Analytics.ref.dll"
-r:"Library/Bee/artifacts/1300b0aE.dag/Unity.Services.Core.Analytics.ref.dll"
-r:"Library/Bee/artifacts/1300b0aE.dag/Unity.Services.Core.Components.ref.dll"
-r:"Library/Bee/artifacts/1300b0aE.dag/Unity.Services.Core.Environments.ref.dll"
-r:"Library/Bee/artifacts/1300b0aE.dag/Unity.Services.Core.ref.dll"
-r:"Library/Bee/artifacts/1300b0aE.dag/Unity.TextMeshPro.Editor.ref.dll"
-r:"Library/Bee/artifacts/1300b0aE.dag/Unity.TextMeshPro.ref.dll"
-r:"Library/Bee/artifacts/1300b0aE.dag/Unity.Timeline.Editor.ref.dll"
-r:"Library/Bee/artifacts/1300b0aE.dag/Unity.Timeline.ref.dll"
-r:"Library/Bee/artifacts/1300b0aE.dag/Unity.VisualStudio.Editor.ref.dll"
-r:"Library/Bee/artifacts/1300b0aE.dag/UnityEditor.Purchasing.ref.dll"
-r:"Library/Bee/artifacts/1300b0aE.dag/UnityEditor.SpatialTracking.ref.dll"
-r:"Library/Bee/artifacts/1300b0aE.dag/UnityEditor.UI.Analytics.ref.dll"
-r:"Library/Bee/artifacts/1300b0aE.dag/UnityEditor.UI.ref.dll"
-r:"Library/Bee/artifacts/1300b0aE.dag/UnityEditor.XR.LegacyInputHelpers.ref.dll"
-r:"Library/Bee/artifacts/1300b0aE.dag/UnityEngine.Purchasing.Codeless.ref.dll"
-r:"Library/Bee/artifacts/1300b0aE.dag/UnityEngine.Purchasing.ref.dll"
-r:"Library/Bee/artifacts/1300b0aE.dag/UnityEngine.Purchasing.SecurityCore.ref.dll"
-r:"Library/Bee/artifacts/1300b0aE.dag/UnityEngine.Purchasing.SecurityStub.ref.dll"
-r:"Library/Bee/artifacts/1300b0aE.dag/UnityEngine.Purchasing.Stores.ref.dll"
-r:"Library/Bee/artifacts/1300b0aE.dag/UnityEngine.SpatialTracking.ref.dll"
-r:"Library/Bee/artifacts/1300b0aE.dag/UnityEngine.UI.ref.dll"
-r:"Library/Bee/artifacts/1300b0aE.dag/UnityEngine.XR.LegacyInputHelpers.ref.dll"
-analyzer:"C:/Program Files/Unity/Hub/Editor/6000.5.3f1/Editor/Data/BCLExtensions/TargetingPacks/netstandard2.1/analyzers/dotnet/roslyn4.0/cs/Microsoft.Extensions.Logging.Generators.dll"
-analyzer:"C:/Program Files/Unity/Hub/Editor/6000.5.3f1/Editor/Data/BCLExtensions/TargetingPacks/netstandard2.1/analyzers/dotnet/roslyn4.0/cs/System.Text.Json.SourceGeneration.dll"
-analyzer:"C:/Program Files/Unity/Hub/Editor/6000.5.3f1/Editor/Data/Tools/BuildPipeline/Unity.Analyzers.Common/Unity.Analyzers.Common.dll"
-analyzer:"C:/Program Files/Unity/Hub/Editor/6000.5.3f1/Editor/Data/Tools/BuildPipeline/Unity.Analyzers.LongLiving/Unity.Analyzers.LongLiving.dll"
-analyzer:"C:/Program Files/Unity/Hub/Editor/6000.5.3f1/Editor/Data/Tools/BuildPipeline/Unity.SourceGenerators/Unity.Properties.SourceGenerator.dll"
-analyzer:"C:/Program Files/Unity/Hub/Editor/6000.5.3f1/Editor/Data/Tools/BuildPipeline/Unity.SourceGenerators/Unity.SourceGenerators.dll"
-analyzer:"C:/Program Files/Unity/Hub/Editor/6000.5.3f1/Editor/Data/Tools/BuildPipeline/Unity.SourceGenerators/Unity.UIToolkit.SourceGenerator.dll"
"Assets/Scripts/Assembly-CSharp/AchievementCategoryPublisher.cs"
"Assets/Scripts/Assembly-CSharp/AchievementListener.cs"
"Assets/Scripts/Assembly-CSharp/AchievementManager.cs"
"Assets/Scripts/Assembly-CSharp/AchievementPanelPublisher.cs"
"Assets/Scripts/Assembly-CSharp/AchievementUI.cs"
"Assets/Scripts/Assembly-CSharp/AchievementWindowPublisher.cs"
"Assets/Scripts/Assembly-CSharp/ActiveObjectListSwtich.cs"
"Assets/Scripts/Assembly-CSharp/AgeGatePopup.cs"
"Assets/Scripts/Assembly-CSharp/AlternateForm.cs"
"Assets/Scripts/Assembly-CSharp/AnimatedTexture.cs"
"Assets/Scripts/Assembly-CSharp/AnimationDriver.cs"
"Assets/Scripts/Assembly-CSharp/AnimationTire.cs"
"Assets/Scripts/Assembly-CSharp/ApplyEffectDebugUtility.cs"
"Assets/Scripts/Assembly-CSharp/AutoDestructParticleSystem.cs"
"Assets/Scripts/Assembly-CSharp/BarrelLauncher.cs"
"Assets/Scripts/Assembly-CSharp/BarrelSpawner.cs"
"Assets/Scripts/Assembly-CSharp/BaseCarAIState.cs"
"Assets/Scripts/Assembly-CSharp/BaseEffect.cs"
"Assets/Scripts/Assembly-CSharp/BaseMission.cs"
"Assets/Scripts/Assembly-CSharp/BasePickup.cs"
"Assets/Scripts/Assembly-CSharp/BasketBall.cs"
"Assets/Scripts/Assembly-CSharp/BillboardRemover.cs"
"Assets/Scripts/Assembly-CSharp/BlipTrackPublisher.cs"
"Assets/Scripts/Assembly-CSharp/BoatAnchorEffect.cs"
"Assets/Scripts/Assembly-CSharp/BoosterEffect.cs"
"Assets/Scripts/Assembly-CSharp/BoosterPickup.cs"
"Assets/Scripts/Assembly-CSharp/BrakeMission.cs"
"Assets/Scripts/Assembly-CSharp/BreakableObject.cs"
"Assets/Scripts/Assembly-CSharp/BubbleJet.cs"
"Assets/Scripts/Assembly-CSharp/BuyPowerupMission.cs"
"Assets/Scripts/Assembly-CSharp/CameraShake.cs"
"Assets/Scripts/Assembly-CSharp/CameraWobble.cs"
"Assets/Scripts/Assembly-CSharp/CarAI.cs"
"Assets/Scripts/Assembly-CSharp/CarAIPath.cs"
"Assets/Scripts/Assembly-CSharp/CarAIPathManager.cs"
"Assets/Scripts/Assembly-CSharp/CarAIPathRecorder.cs"
"Assets/Scripts/Assembly-CSharp/CarAIPersonality.cs"
"Assets/Scripts/Assembly-CSharp/CarCollider.cs"
"Assets/Scripts/Assembly-CSharp/CarMetrics.cs"
"Assets/Scripts/Assembly-CSharp/CarProgress.cs"
"Assets/Scripts/Assembly-CSharp/CarSnapShot.cs"
"Assets/Scripts/Assembly-CSharp/CartAttributes.cs"
"Assets/Scripts/Assembly-CSharp/CartCustomizerPublisher.cs"
"Assets/Scripts/Assembly-CSharp/CartPart.cs"
"Assets/Scripts/Assembly-CSharp/CartPartList.cs"
"Assets/Scripts/Assembly-CSharp/CartPrimaryTextureProfile.cs"
"Assets/Scripts/Assembly-CSharp/CartSlot.cs"
"Assets/Scripts/Assembly-CSharp/CatchupNotify.cs"
"Assets/Scripts/Assembly-CSharp/CausticsManager.cs"
"Assets/Scripts/Assembly-CSharp/CharacterButtonPublisher.cs"
"Assets/Scripts/Assembly-CSharp/CharacterConfigData.cs"
"Assets/Scripts/Assembly-CSharp/CharacterPreview.cs"
"Assets/Scripts/Assembly-CSharp/CharacterSelectPublisher.cs"
"Assets/Scripts/Assembly-CSharp/CharacterVOController.cs"
"Assets/Scripts/Assembly-CSharp/CharacterVOControllerGameObjectExtender.cs"
"Assets/Scripts/Assembly-CSharp/CheckPowerupUseAchievementListener.cs"
"Assets/Scripts/Assembly-CSharp/ClipReference.cs"
"Assets/Scripts/Assembly-CSharp/CloudSaveData.cs"
"Assets/Scripts/Assembly-CSharp/CloudStrap.cs"
"Assets/Scripts/Assembly-CSharp/Coin.cs"
"Assets/Scripts/Assembly-CSharp/CoinBalanceAchievementListener.cs"
"Assets/Scripts/Assembly-CSharp/CoinPoint.cs"
"Assets/Scripts/Assembly-CSharp/CollectPowerupMission.cs"
"Assets/Scripts/Assembly-CSharp/CombinePowerupMission.cs"
"Assets/Scripts/Assembly-CSharp/CompleteAllMissionsAchievementListener.cs"
"Assets/Scripts/Assembly-CSharp/CompositeProfile.cs"
"Assets/Scripts/Assembly-CSharp/CompositeTextureUtil.cs"
"Assets/Scripts/Assembly-CSharp/ConfirmationPublisher.cs"
"Assets/Scripts/Assembly-CSharp/Crab.cs"
"Assets/Scripts/Assembly-CSharp/CreditsPublisher.cs"
"Assets/Scripts/Assembly-CSharp/CrossFinishLineBackwardsAchievementListener.cs"
"Assets/Scripts/Assembly-CSharp/DailyBonusPublisher.cs"
"Assets/Scripts/Assembly-CSharp/DataUtility.cs"
"Assets/Scripts/Assembly-CSharp/DebugLapButtonPublisher.cs"
"Assets/Scripts/Assembly-CSharp/DebugMoreCoinsPublisher.cs"
"Assets/Scripts/Assembly-CSharp/DebugRaceResultPublisher.cs"
"Assets/Scripts/Assembly-CSharp/DebugRewindDialogPublisher.cs"
"Assets/Scripts/Assembly-CSharp/DebugTrackStrapper.cs"
"Assets/Scripts/Assembly-CSharp/DifficultyMenuPublisher.cs"
"Assets/Scripts/Assembly-CSharp/DriftButton.cs"
"Assets/Scripts/Assembly-CSharp/DriftMission.cs"
"Assets/Scripts/Assembly-CSharp/DriftScalePublisher.cs"
"Assets/Scripts/Assembly-CSharp/DriveAvoidTerrainAIState.cs"
"Assets/Scripts/Assembly-CSharp/DriveHitBeneficialAIState.cs"
"Assets/Scripts/Assembly-CSharp/DrivePickupAIState.cs"
"Assets/Scripts/Assembly-CSharp/DriveWaypointsCarAIState.cs"
"Assets/Scripts/Assembly-CSharp/EffectManager.cs"
"Assets/Scripts/Assembly-CSharp/EnsureGlobals.cs"
"Assets/Scripts/Assembly-CSharp/EquipPaintJobAchievementListener.cs"
"Assets/Scripts/Assembly-CSharp/EquipPartSetAchievementListener.cs"
"Assets/Scripts/Assembly-CSharp/ExplodingBarrel.cs"
"Assets/Scripts/Assembly-CSharp/Explosion.cs"
"Assets/Scripts/Assembly-CSharp/FadeHelper.cs"
"Assets/Scripts/Assembly-CSharp/FinishTheLapMission.cs"
"Assets/Scripts/Assembly-CSharp/FirstPlaceAchievementListener.cs"
"Assets/Scripts/Assembly-CSharp/FlipEffect.cs"
"Assets/Scripts/Assembly-CSharp/FollowCamera.cs"
"Assets/Scripts/Assembly-CSharp/ForwardForceAI.cs"
"Assets/Scripts/Assembly-CSharp/FrontEndCamera.cs"
"Assets/Scripts/Assembly-CSharp/FrontEndCameraTarget.cs"
"Assets/Scripts/Assembly-CSharp/FrontEndLogic.cs"
"Assets/Scripts/Assembly-CSharp/FrontEndTutorialHandler.cs"
"Assets/Scripts/Assembly-CSharp/FrontEndTutorialPublisher.cs"
"Assets/Scripts/Assembly-CSharp/GDMOManager.cs"
"Assets/Scripts/Assembly-CSharp/GenericPopupPublisher.cs"
"Assets/Scripts/Assembly-CSharp/GetHitByTrackHazardAchievementListener.cs"
"Assets/Scripts/Assembly-CSharp/GimpedCarAI.cs"
"Assets/Scripts/Assembly-CSharp/GuidedJumpEffect.cs"
"Assets/Scripts/Assembly-CSharp/GuidedJumpTrigger.cs"
"Assets/Scripts/Assembly-CSharp/HUDLogic.cs"
"Assets/Scripts/Assembly-CSharp/HitMaxSpeedAchievementListener.cs"
"Assets/Scripts/Assembly-CSharp/InRaceAquirePickupListener.cs"
"Assets/Scripts/Assembly-CSharp/InputBlocker.cs"
"Assets/Scripts/Assembly-CSharp/LaserLogic.cs"
"Assets/Scripts/Assembly-CSharp/LastPlaceAchievementListener.cs"
"Assets/Scripts/Assembly-CSharp/LifetimeInAirAchievementListener.cs"
"Assets/Scripts/Assembly-CSharp/LifetimeMetrics.cs"
"Assets/Scripts/Assembly-CSharp/LifetimeOpponentHitsAchievementListener.cs"
"Assets/Scripts/Assembly-CSharp/LifetimePowerupCollectionAchievementListener.cs"
"Assets/Scripts/Assembly-CSharp/LiftControlAI.cs"
"Assets/Scripts/Assembly-CSharp/LoadSpin.cs"
"Assets/Scripts/Assembly-CSharp/LoadingPublisher.cs"
"Assets/Scripts/Assembly-CSharp/LocalOptionsData.cs"
"Assets/Scripts/Assembly-CSharp/LocalizeCloudStrap.cs"
"Assets/Scripts/Assembly-CSharp/LocalizedAssetSwapper.cs"
"Assets/Scripts/Assembly-CSharp/LowEndInhibitor.cs"
"Assets/Scripts/Assembly-CSharp/MakePlaceAchievementListener.cs"
"Assets/Scripts/Assembly-CSharp/MaxCrashSpeedAchievementListener.cs"
"Assets/Scripts/Assembly-CSharp/MetaMissionGroupAchievementListener.cs"
"Assets/Scripts/Assembly-CSharp/MineAI.cs"
"Assets/Scripts/Assembly-CSharp/MineEffect.cs"
"Assets/Scripts/Assembly-CSharp/MineNotifyPublisher.cs"
"Assets/Scripts/Assembly-CSharp/MinePickup.cs"
"Assets/Scripts/Assembly-CSharp/MineSpreaderAI.cs"
"Assets/Scripts/Assembly-CSharp/MissionCollection.cs"
"Assets/Scripts/Assembly-CSharp/MissionDialogPublisher.cs"
"Assets/Scripts/Assembly-CSharp/MissionManager.cs"
"Assets/Scripts/Assembly-CSharp/MoreDisneyLogic.cs"
"Assets/Scripts/Assembly-CSharp/MultilayerTexture.cs"
"Assets/Scripts/Assembly-CSharp/MultilayerTextureBundleDef.cs"
"Assets/Scripts/Assembly-CSharp/MusicPlayer.cs"
"Assets/Scripts/Assembly-CSharp/ObjectGroupList.cs"
"Assets/Scripts/Assembly-CSharp/ObjectTrackDistanceLogic.cs"
"Assets/Scripts/Assembly-CSharp/PaintJob.cs"
"Assets/Scripts/Assembly-CSharp/PaintSlotPublisher.cs"
"Assets/Scripts/Assembly-CSharp/ParticleLibrary.cs"
"Assets/Scripts/Assembly-CSharp/ParticleReducer.cs"
"Assets/Scripts/Assembly-CSharp/ParticleSystemDestroy.cs"
"Assets/Scripts/Assembly-CSharp/PathMoverAI.cs"
"Assets/Scripts/Assembly-CSharp/PauseMission.cs"
"Assets/Scripts/Assembly-CSharp/PausePublisher.cs"
"Assets/Scripts/Assembly-CSharp/PickupCoinsPerRaceAchievementListener.cs"
"Assets/Scripts/Assembly-CSharp/PickupSpawner.cs"
"Assets/Scripts/Assembly-CSharp/PieAttack.cs"
"Assets/Scripts/Assembly-CSharp/PieHitEffect.cs"
"Assets/Scripts/Assembly-CSharp/PieLauncher.cs"
"Assets/Scripts/Assembly-CSharp/PieSplat.cs"
"Assets/Scripts/Assembly-CSharp/PlaceWithNoPowerupsAchievementListener.cs"
"Assets/Scripts/Assembly-CSharp/PlayMenuPublisher.cs"
"Assets/Scripts/Assembly-CSharp/PlaySummaryPublisher.cs"
"Assets/Scripts/Assembly-CSharp/PlayerAccelControl.cs"
"Assets/Scripts/Assembly-CSharp/PlayerControlLinker.cs"
"Assets/Scripts/Assembly-CSharp/PlayerInstance.cs"
"Assets/Scripts/Assembly-CSharp/PlayerKeyboardControl.cs"
"Assets/Scripts/Assembly-CSharp/PopoverPublisher.cs"
"Assets/Scripts/Assembly-CSharp/PowerSlideBoostAchievementListener.cs"
"Assets/Scripts/Assembly-CSharp/PowerupHitInAirAchievementListener.cs"
"Assets/Scripts/Assembly-CSharp/PowerupHolder.cs"
"Assets/Scripts/Assembly-CSharp/PowerupMagnet.cs"
"Assets/Scripts/Assembly-CSharp/PreFrontEndHoop.cs"
"Assets/Scripts/Assembly-CSharp/PreRaceCamera.cs"
"Assets/Scripts/Assembly-CSharp/PreviewCart.cs"
"Assets/Scripts/Assembly-CSharp/ProgressTriggerLogic.cs"
"Assets/Scripts/Assembly-CSharp/Properties/AssemblyInfo.cs"
"Assets/Scripts/Assembly-CSharp/PyroTechnics.cs"
"Assets/Scripts/Assembly-CSharp/QualityControl.cs"
"Assets/Scripts/Assembly-CSharp/RaceManager.cs"
"Assets/Scripts/Assembly-CSharp/RaceResults.cs"
"Assets/Scripts/Assembly-CSharp/RaceResultsPublisher.cs"
"Assets/Scripts/Assembly-CSharp/RaceSettings.cs"
"Assets/Scripts/Assembly-CSharp/RandomShotEffect.cs"
"Assets/Scripts/Assembly-CSharp/ResetTrigger.cs"
"Assets/Scripts/Assembly-CSharp/ReverseButton.cs"
"Assets/Scripts/Assembly-CSharp/RewbieShimmer.cs"
"Assets/Scripts/Assembly-CSharp/RewindDialogPublisher.cs"
"Assets/Scripts/Assembly-CSharp/RewindLapSlotPublisher.cs"
"Assets/Scripts/Assembly-CSharp/RocketAI.cs"
"Assets/Scripts/Assembly-CSharp/RocketEffect.cs"
"Assets/Scripts/Assembly-CSharp/RocketPickup.cs"
"Assets/Scripts/Assembly-CSharp/RocketRideEffect.cs"
"Assets/Scripts/Assembly-CSharp/RocketRideRemover.cs"
"Assets/Scripts/Assembly-CSharp/RotatorAI.cs"
"Assets/Scripts/Assembly-CSharp/RuntimeEditorUtils.cs"
"Assets/Scripts/Assembly-CSharp/ScreenFader.cs"
"Assets/Scripts/Assembly-CSharp/ScreenTimeoutController.cs"
"Assets/Scripts/Assembly-CSharp/SelectCircuitPublisher.cs"
"Assets/Scripts/Assembly-CSharp/SettingsMenuPublisher.cs"
"Assets/Scripts/Assembly-CSharp/ShadowBlob.cs"
"Assets/Scripts/Assembly-CSharp/ShieldEffect.cs"
"Assets/Scripts/Assembly-CSharp/ShieldPickup.cs"
"Assets/Scripts/Assembly-CSharp/ShiftContentsOnButtonDown.cs"
"Assets/Scripts/Assembly-CSharp/ShiftContentsOnToggleDown.cs"
"Assets/Scripts/Assembly-CSharp/ShiftUIPublisher.cs"
"Assets/Scripts/Assembly-CSharp/ShockedEffect.cs"
"Assets/Scripts/Assembly-CSharp/ShotDroneAI.cs"
"Assets/Scripts/Assembly-CSharp/SkidEffect.cs"
"Assets/Scripts/Assembly-CSharp/SlowdownEffect.cs"
"Assets/Scripts/Assembly-CSharp/SmashEffect.cs"
"Assets/Scripts/Assembly-CSharp/SnapShotInfo.cs"
"Assets/Scripts/Assembly-CSharp/SoundLibrary.cs"
"Assets/Scripts/Assembly-CSharp/SoundLibraryAddendum.cs"
"Assets/Scripts/Assembly-CSharp/SoundPackage.cs"
"Assets/Scripts/Assembly-CSharp/SoundPackageLoadReference.cs"
"Assets/Scripts/Assembly-CSharp/SoundPackageManager.cs"
"Assets/Scripts/Assembly-CSharp/SoundPackageReference.cs"
"Assets/Scripts/Assembly-CSharp/SoundSequencer.cs"
"Assets/Scripts/Assembly-CSharp/SourceFactory.cs"
"Assets/Scripts/Assembly-CSharp/SpeedPoint.cs"
"Assets/Scripts/Assembly-CSharp/SpendCoinsOverLifetimeAchievementListener.cs"
"Assets/Scripts/Assembly-CSharp/SphereMoverAI.cs"
"Assets/Scripts/Assembly-CSharp/SphereMoverCollider.cs"
"Assets/Scripts/Assembly-CSharp/SpreadMineEffect.cs"
"Assets/Scripts/Assembly-CSharp/SpringConnection.cs"
"Assets/Scripts/Assembly-CSharp/SpringTrigger.cs"
"Assets/Scripts/Assembly-CSharp/StreamManager.cs"
"Assets/Scripts/Assembly-CSharp/StreamTest.cs"
"Assets/Scripts/Assembly-CSharp/StreamedMultilayerTexture.cs"
"Assets/Scripts/Assembly-CSharp/TeleportEffect.cs"
"Assets/Scripts/Assembly-CSharp/TeleportTrigger.cs"
"Assets/Scripts/Assembly-CSharp/TerrainEffectTrigger.cs"
"Assets/Scripts/Assembly-CSharp/TimeInAirAchievementListener.cs"
"Assets/Scripts/Assembly-CSharp/TouchTurnTrack.cs"
"Assets/Scripts/Assembly-CSharp/TrackSelectPublisher.cs"
"Assets/Scripts/Assembly-CSharp/TrackUnlockHelper.cs"
"Assets/Scripts/Assembly-CSharp/TriFoot.cs"
"Assets/Scripts/Assembly-CSharp/TripLine.cs"
"Assets/Scripts/Assembly-CSharp/TripLineEffect.cs"
"Assets/Scripts/Assembly-CSharp/TurkeyGooShooter.cs"
"Assets/Scripts/Assembly-CSharp/TurnMission.cs"
"Assets/Scripts/Assembly-CSharp/TutorialLauncherPublisher.cs"
"Assets/Scripts/Assembly-CSharp/UFOLogic.cs"
"Assets/Scripts/Assembly-CSharp/UVScroller.cs"
"Assets/Scripts/Assembly-CSharp/UghHeldButton.cs"
"Assets/Scripts/Assembly-CSharp/UnlockAchievementListener.cs"
"Assets/Scripts/Assembly-CSharp/UnlockedCircuitPublisher.cs"
"Assets/Scripts/Assembly-CSharp/UseAPowerupAchievementListener.cs"
"Assets/Scripts/Assembly-CSharp/UsePowerupAIState.cs"
"Assets/Scripts/Assembly-CSharp/UsePowerupAgainstOpponentAchievementListener.cs"
"Assets/Scripts/Assembly-CSharp/UsePowerupMission.cs"
"Assets/Scripts/Assembly-CSharp/VolumeSlider.cs"
"Assets/Scripts/Assembly-CSharp/WaypointLogic.cs"
"Assets/Scripts/Assembly-CSharp/WhoopieCushion.cs"
"Assets/Scripts/Assembly-CSharp/WipeoutEffect.cs"
"Assets/Scripts/Assembly-UnityScript/Car_Script.cs"
"Assets/Scripts/Assembly-UnityScript/Plane_Script.cs"
"Assets/Scripts/Assembly-UnityScript/Properties/AssemblyInfo.cs"
"Assets/Scripts/Assembly-UnityScript/WheelData.cs"
-langversion:9.0
/deterministic
/optimize+
/debug:portable
/nologo
/RuntimeMetadataVersion:v4.0.30319
/nowarn:0169
/nowarn:0649
/nowarn:0282
/nowarn:1701
/nowarn:1702
/utf8output
/preferreduilang:en-US
/additionalfile:"Library/Bee/artifacts/1300b0aE.dag/Assembly-CSharp.UnityAdditionalFile.txt"
##### Custom Environment Variables
DOTNET_HOST_PATH=C:\Program Files\Unity\Hub\Editor\6000.5.3f1\Editor\Data\DotNetSdk\dotnet.exe
DOTNET_MULTILEVEL_LOOKUP=0
##### ExitCode
1
##### Output
Assets\Scripts\Assembly-CSharp\CarCollider.cs(187,17): warning CS0618: 'Object.FindFirstObjectByType<T>()' is obsolete: 'FindFirstObjectByType has been deprecated because it relies on instance ID ordering. Use FindAnyObjectByType instead, which does not depend on ordering.'

Assets\Scripts\Assembly-CSharp\RaceManager.cs(87,18): warning CS0618: 'Object.FindFirstObjectByType<T>()' is obsolete: 'FindFirstObjectByType has been deprecated because it relies on instance ID ordering. Use FindAnyObjectByType instead, which does not depend on ordering.'

Assets\Scripts\Assembly-CSharp\SpeedPoint.cs(50,87): error CS0165: Use of unassigned local variable 'backwardProjection'

Assets\Scripts\Assembly-CSharp\WaypointLogic.cs(71,87): error CS0165: Use of unassigned local variable 'backwardProjection'

Assets\Scripts\Assembly-CSharp\SpeedPoint.cs(77,74): warning CS0618: 'FindObjectsSortMode' is obsolete: 'FindObjectsSortMode has been deprecated. Use the FindObjectsByType overloads that do not take a FindObjectsSortMode parameter.'

Assets\Scripts\Assembly-CSharp\SpeedPoint.cs(77,25): warning CS0618: 'Object.FindObjectsByType<T>(FindObjectsSortMode)' is obsolete: 'FindObjectsByType with FindObjectsSortMode parameter has been deprecated. Use FindObjectsByType<T>() or FindObjectsByType<T>(FindObjectsInactive) instead. InstanceID will be replaced in the future with EntityId and previous sort order cannot be maintained.'

Assets\Scripts\Assembly-CSharp\WaypointLogic.cs(201,74): warning CS0618: 'FindObjectsSortMode' is obsolete: 'FindObjectsSortMode has been deprecated. Use the FindObjectsByType overloads that do not take a FindObjectsSortMode parameter.'

Assets\Scripts\Assembly-CSharp\WaypointLogic.cs(201,22): warning CS0618: 'Object.FindObjectsByType<T>(FindObjectsSortMode)' is obsolete: 'FindObjectsByType with FindObjectsSortMode parameter has been deprecated. Use FindObjectsByType<T>() or FindObjectsByType<T>(FindObjectsInactive) instead. InstanceID will be replaced in the future with EntityId and previous sort order cannot be maintained.'

Assets\Scripts\Assembly-CSharp\RaceManager.cs(574,83): warning CS0618: 'FindObjectsSortMode' is obsolete: 'FindObjectsSortMode has been deprecated. Use the FindObjectsByType overloads that do not take a FindObjectsSortMode parameter.'

Assets\Scripts\Assembly-CSharp\RaceManager.cs(574,31): warning CS0618: 'Object.FindObjectsByType<T>(FindObjectsSortMode)' is obsolete: 'FindObjectsByType with FindObjectsSortMode parameter has been deprecated. Use FindObjectsByType<T>() or FindObjectsByType<T>(FindObjectsInactive) instead. InstanceID will be replaced in the future with EntityId and previous sort order cannot be maintained.'

Assets\Scripts\Assembly-CSharp\RaceManager.cs(587,96): warning CS0618: 'FindObjectsSortMode' is obsolete: 'FindObjectsSortMode has been deprecated. Use the FindObjectsByType overloads that do not take a FindObjectsSortMode parameter.'

Assets\Scripts\Assembly-CSharp\RaceManager.cs(587,37): warning CS0618: 'Object.FindObjectsByType<T>(FindObjectsSortMode)' is obsolete: 'FindObjectsByType with FindObjectsSortMode parameter has been deprecated. Use FindObjectsByType<T>() or FindObjectsByType<T>(FindObjectsInactive) instead. InstanceID will be replaced in the future with EntityId and previous sort order cannot be maintained.'

Assets\Scripts\Assembly-CSharp\RaceManager.cs(600,96): warning CS0618: 'FindObjectsSortMode' is obsolete: 'FindObjectsSortMode has been deprecated. Use the FindObjectsByType overloads that do not take a FindObjectsSortMode parameter.'

Assets\Scripts\Assembly-CSharp\RaceManager.cs(600,37): warning CS0618: 'Object.FindObjectsByType<T>(FindObjectsSortMode)' is obsolete: 'FindObjectsByType with FindObjectsSortMode parameter has been deprecated. Use FindObjectsByType<T>() or FindObjectsByType<T>(FindObjectsInactive) instead. InstanceID will be replaced in the future with EntityId and previous sort order cannot be maintained.'

Assets\Scripts\Assembly-CSharp\RaceManager.cs(619,82): warning CS0618: 'FindObjectsSortMode' is obsolete: 'FindObjectsSortMode has been deprecated. Use the FindObjectsByType overloads that do not take a FindObjectsSortMode parameter.'

Assets\Scripts\Assembly-CSharp\RaceManager.cs(619,32): warning CS0618: 'Object.FindObjectsByType<T>(FindObjectsSortMode)' is obsolete: 'FindObjectsByType with FindObjectsSortMode parameter has been deprecated. Use FindObjectsByType<T>() or FindObjectsByType<T>(FindObjectsInactive) instead. InstanceID will be replaced in the future with EntityId and previous sort order cannot be maintained.'

Assets\Scripts\Assembly-CSharp\RaceManager.cs(720,74): warning CS0618: 'FindObjectsSortMode' is obsolete: 'FindObjectsSortMode has been deprecated. Use the FindObjectsByType overloads that do not take a FindObjectsSortMode parameter.'

Assets\Scripts\Assembly-CSharp\RaceManager.cs(720,24): warning CS0618: 'Object.FindObjectsByType<T>(FindObjectsSortMode)' is obsolete: 'FindObjectsByType with FindObjectsSortMode parameter has been deprecated. Use FindObjectsByType<T>() or FindObjectsByType<T>(FindObjectsInactive) instead. InstanceID will be replaced in the future with EntityId and previous sort order cannot be maintained.'

Assets\Scripts\Assembly-CSharp\RaceManager.cs(747,85): warning CS0618: 'FindObjectsSortMode' is obsolete: 'FindObjectsSortMode has been deprecated. Use the FindObjectsByType overloads that do not take a FindObjectsSortMode parameter.'

Assets\Scripts\Assembly-CSharp\RaceManager.cs(747,34): warning CS0618: 'Object.FindObjectsByType<T>(FindObjectsSortMode)' is obsolete: 'FindObjectsByType with FindObjectsSortMode parameter has been deprecated. Use FindObjectsByType<T>() or FindObjectsByType<T>(FindObjectsInactive) instead. InstanceID will be replaced in the future with EntityId and previous sort order cannot be maintained.'
*** Tundra build failed (17.63 seconds), 553 items updated, 718 evaluated
## Script Compilation Error for: Csc Library/Bee/artifacts/1300b0aE.dag/Assembly-CSharp.dll (+2 others)
## CmdLine: "C:\Program Files\Unity\Hub\Editor\6000.5.3f1\Editor\Data\DotNetSdk\dotnet.exe" exec "C:/Program Files/Unity/Hub/Editor/6000.5.3f1/Editor/Data/DotNetSdk/sdk/8.0.318/Roslyn/bincore/csc.dll" /nostdlib /noconfig /shared "@Library/Bee/artifacts/1300b0aE.dag/Assembly-CSharp.rsp" "@Library/Bee/artifacts/1300b0aE.dag/Assembly-CSharp.rsp2"
## Output:
Assets\Scripts\Assembly-CSharp\CarCollider.cs(187,17): warning CS0618: 'Object.FindFirstObjectByType<T>()' is obsolete: 'FindFirstObjectByType has been deprecated because it relies on instance ID ordering. Use FindAnyObjectByType instead, which does not depend on ordering.'
Assets\Scripts\Assembly-CSharp\RaceManager.cs(87,18): warning CS0618: 'Object.FindFirstObjectByType<T>()' is obsolete: 'FindFirstObjectByType has been deprecated because it relies on instance ID ordering. Use FindAnyObjectByType instead, which does not depend on ordering.'
Assets\Scripts\Assembly-CSharp\SpeedPoint.cs(50,87): error CS0165: Use of unassigned local variable 'backwardProjection'
Assets\Scripts\Assembly-CSharp\WaypointLogic.cs(71,87): error CS0165: Use of unassigned local variable 'backwardProjection'
Assets\Scripts\Assembly-CSharp\SpeedPoint.cs(77,74): warning CS0618: 'FindObjectsSortMode' is obsolete: 'FindObjectsSortMode has been deprecated. Use the FindObjectsByType overloads that do not take a FindObjectsSortMode parameter.'
Assets\Scripts\Assembly-CSharp\SpeedPoint.cs(77,25): warning CS0618: 'Object.FindObjectsByType<T>(FindObjectsSortMode)' is obsolete: 'FindObjectsByType with FindObjectsSortMode parameter has been deprecated. Use FindObjectsByType<T>() or FindObjectsByType<T>(FindObjectsInactive) instead. InstanceID will be replaced in the future with EntityId and previous sort order cannot be maintained.'
Assets\Scripts\Assembly-CSharp\WaypointLogic.cs(201,74): warning CS0618: 'FindObjectsSortMode' is obsolete: 'FindObjectsSortMode has been deprecated. Use the FindObjectsByType overloads that do not take a FindObjectsSortMode parameter.'
Assets\Scripts\Assembly-CSharp\WaypointLogic.cs(201,22): warning CS0618: 'Object.FindObjectsByType<T>(FindObjectsSortMode)' is obsolete: 'FindObjectsByType with FindObjectsSortMode parameter has been deprecated. Use FindObjectsByType<T>() or FindObjectsByType<T>(FindObjectsInactive) instead. InstanceID will be replaced in the future with EntityId and previous sort order cannot be maintained.'
Assets\Scripts\Assembly-CSharp\RaceManager.cs(574,83): warning CS0618: 'FindObjectsSortMode' is obsolete: 'FindObjectsSortMode has been deprecated. Use the FindObjectsByType overloads that do not take a FindObjectsSortMode parameter.'
Assets\Scripts\Assembly-CSharp\RaceManager.cs(574,31): warning CS0618: 'Object.FindObjectsByType<T>(FindObjectsSortMode)' is obsolete: 'FindObjectsByType with FindObjectsSortMode parameter has been deprecated. Use FindObjectsByType<T>() or FindObjectsByType<T>(FindObjectsInactive) instead. InstanceID will be replaced in the future with EntityId and previous sort order cannot be maintained.'
Assets\Scripts\Assembly-CSharp\RaceManager.cs(587,96): warning CS0618: 'FindObjectsSortMode' is obsolete: 'FindObjectsSortMode has been deprecated. Use the FindObjectsByType overloads that do not take a FindObjectsSortMode parameter.'
Assets\Scripts\Assembly-CSharp\RaceManager.cs(587,37): warning CS0618: 'Object.FindObjectsByType<T>(FindObjectsSortMode)' is obsolete: 'FindObjectsByType with FindObjectsSortMode parameter has been deprecated. Use FindObjectsByType<T>() or FindObjectsByType<T>(FindObjectsInactive) instead. InstanceID will be replaced in the future with EntityId and previous sort order cannot be maintained.'
Assets\Scripts\Assembly-CSharp\RaceManager.cs(600,96): warning CS0618: 'FindObjectsSortMode' is obsolete: 'FindObjectsSortMode has been deprecated. Use the FindObjectsByType overloads that do not take a FindObjectsSortMode parameter.'
Assets\Scripts\Assembly-CSharp\RaceManager.cs(600,37): warning CS0618: 'Object.FindObjectsByType<T>(FindObjectsSortMode)' is obsolete: 'FindObjectsByType with FindObjectsSortMode parameter has been deprecated. Use FindObjectsByType<T>() or FindObjectsByType<T>(FindObjectsInactive) instead. InstanceID will be replaced in the future with EntityId and previous sort order cannot be maintained.'
Assets\Scripts\Assembly-CSharp\RaceManager.cs(619,82): warning CS0618: 'FindObjectsSortMode' is obsolete: 'FindObjectsSortMode has been deprecated. Use the FindObjectsByType overloads that do not take a FindObjectsSortMode parameter.'
Assets\Scripts\Assembly-CSharp\RaceManager.cs(619,32): warning CS0618: 'Object.FindObjectsByType<T>(FindObjectsSortMode)' is obsolete: 'FindObjectsByType with FindObjectsSortMode parameter has been deprecated. Use FindObjectsByType<T>() or FindObjectsByType<T>(FindObjectsInactive) instead. InstanceID will be replaced in the future with EntityId and previous sort order cannot be maintained.'
Assets\Scripts\Assembly-CSharp\RaceManager.cs(720,74): warning CS0618: 'FindObjectsSortMode' is obsolete: 'FindObjectsSortMode has been deprecated. Use the FindObjectsByType overloads that do not take a FindObjectsSortMode parameter.'
Assets\Scripts\Assembly-CSharp\RaceManager.cs(720,24): warning CS0618: 'Object.FindObjectsByType<T>(FindObjectsSortMode)' is obsolete: 'FindObjectsByType with FindObjectsSortMode parameter has been deprecated. Use FindObjectsByType<T>() or FindObjectsByType<T>(FindObjectsInactive) instead. InstanceID will be replaced in the future with EntityId and previous sort order cannot be maintained.'
Assets\Scripts\Assembly-CSharp\RaceManager.cs(747,85): warning CS0618: 'FindObjectsSortMode' is obsolete: 'FindObjectsSortMode has been deprecated. Use the FindObjectsByType overloads that do not take a FindObjectsSortMode parameter.'
Assets\Scripts\Assembly-CSharp\RaceManager.cs(747,34): warning CS0618: 'Object.FindObjectsByType<T>(FindObjectsSortMode)' is obsolete: 'FindObjectsByType with FindObjectsSortMode parameter has been deprecated. Use FindObjectsByType<T>() or FindObjectsByType<T>(FindObjectsInactive) instead. InstanceID will be replaced in the future with EntityId and previous sort order cannot be maintained.'

Assets\Scripts\Assembly-CSharp\CarCollider.cs(187,17): warning CS0618: 'Object.FindFirstObjectByType<T>()' is obsolete: 'FindFirstObjectByType has been deprecated because it relies on instance ID ordering. Use FindAnyObjectByType instead, which does not depend on ordering.'
Assets\Scripts\Assembly-CSharp\RaceManager.cs(87,18): warning CS0618: 'Object.FindFirstObjectByType<T>()' is obsolete: 'FindFirstObjectByType has been deprecated because it relies on instance ID ordering. Use FindAnyObjectByType instead, which does not depend on ordering.'
Assets\Scripts\Assembly-CSharp\SpeedPoint.cs(50,87): error CS0165: Use of unassigned local variable 'backwardProjection'
Assets\Scripts\Assembly-CSharp\WaypointLogic.cs(71,87): error CS0165: Use of unassigned local variable 'backwardProjection'
Assets\Scripts\Assembly-CSharp\SpeedPoint.cs(77,74): warning CS0618: 'FindObjectsSortMode' is obsolete: 'FindObjectsSortMode has been deprecated. Use the FindObjectsByType overloads that do not take a FindObjectsSortMode parameter.'
Assets\Scripts\Assembly-CSharp\SpeedPoint.cs(77,25): warning CS0618: 'Object.FindObjectsByType<T>(FindObjectsSortMode)' is obsolete: 'FindObjectsByType with FindObjectsSortMode parameter has been deprecated. Use FindObjectsByType<T>() or FindObjectsByType<T>(FindObjectsInactive) instead. InstanceID will be replaced in the future with EntityId and previous sort order cannot be maintained.'
Assets\Scripts\Assembly-CSharp\WaypointLogic.cs(201,74): warning CS0618: 'FindObjectsSortMode' is obsolete: 'FindObjectsSortMode has been deprecated. Use the FindObjectsByType overloads that do not take a FindObjectsSortMode parameter.'
Assets\Scripts\Assembly-CSharp\WaypointLogic.cs(201,22): warning CS0618: 'Object.FindObjectsByType<T>(FindObjectsSortMode)' is obsolete: 'FindObjectsByType with FindObjectsSortMode parameter has been deprecated. Use FindObjectsByType<T>() or FindObjectsByType<T>(FindObjectsInactive) instead. InstanceID will be replaced in the future with EntityId and previous sort order cannot be maintained.'
Assets\Scripts\Assembly-CSharp\RaceManager.cs(574,83): warning CS0618: 'FindObjectsSortMode' is obsolete: 'FindObjectsSortMode has been deprecated. Use the FindObjectsByType overloads that do not take a FindObjectsSortMode parameter.'
Assets\Scripts\Assembly-CSharp\RaceManager.cs(574,31): warning CS0618: 'Object.FindObjectsByType<T>(FindObjectsSortMode)' is obsolete: 'FindObjectsByType with FindObjectsSortMode parameter has been deprecated. Use FindObjectsByType<T>() or FindObjectsByType<T>(FindObjectsInactive) instead. InstanceID will be replaced in the future with EntityId and previous sort order cannot be maintained.'
Assets\Scripts\Assembly-CSharp\RaceManager.cs(587,96): warning CS0618: 'FindObjectsSortMode' is obsolete: 'FindObjectsSortMode has been deprecated. Use the FindObjectsByType overloads that do not take a FindObjectsSortMode parameter.'
Assets\Scripts\Assembly-CSharp\RaceManager.cs(587,37): warning CS0618: 'Object.FindObjectsByType<T>(FindObjectsSortMode)' is obsolete: 'FindObjectsByType with FindObjectsSortMode parameter has been deprecated. Use FindObjectsByType<T>() or FindObjectsByType<T>(FindObjectsInactive) instead. InstanceID will be replaced in the future with EntityId and previous sort order cannot be maintained.'
Assets\Scripts\Assembly-CSharp\RaceManager.cs(600,96): warning CS0618: 'FindObjectsSortMode' is obsolete: 'FindObjectsSortMode has been deprecated. Use the FindObjectsByType overloads that do not take a FindObjectsSortMode parameter.'
Assets\Scripts\Assembly-CSharp\RaceManager.cs(600,37): warning CS0618: 'Object.FindObjectsByType<T>(FindObjectsSortMode)' is obsolete: 'FindObjectsByType with FindObjectsSortMode parameter has been deprecated. Use FindObjectsByType<T>() or FindObjectsByType<T>(FindObjectsInactive) instead. InstanceID will be replaced in the future with EntityId and previous sort order cannot be maintained.'
Assets\Scripts\Assembly-CSharp\RaceManager.cs(619,82): warning CS0618: 'FindObjectsSortMode' is obsolete: 'FindObjectsSortMode has been deprecated. Use the FindObjectsByType overloads that do not take a FindObjectsSortMode parameter.'
Assets\Scripts\Assembly-CSharp\RaceManager.cs(619,32): warning CS0618: 'Object.FindObjectsByType<T>(FindObjectsSortMode)' is obsolete: 'FindObjectsByType with FindObjectsSortMode parameter has been deprecated. Use FindObjectsByType<T>() or FindObjectsByType<T>(FindObjectsInactive) instead. InstanceID will be replaced in the future with EntityId and previous sort order cannot be maintained.'
Assets\Scripts\Assembly-CSharp\RaceManager.cs(720,74): warning CS0618: 'FindObjectsSortMode' is obsolete: 'FindObjectsSortMode has been deprecated. Use the FindObjectsByType overloads that do not take a FindObjectsSortMode parameter.'
Assets\Scripts\Assembly-CSharp\RaceManager.cs(720,24): warning CS0618: 'Object.FindObjectsByType<T>(FindObjectsSortMode)' is obsolete: 'FindObjectsByType with FindObjectsSortMode parameter has been deprecated. Use FindObjectsByType<T>() or FindObjectsByType<T>(FindObjectsInactive) instead. InstanceID will be replaced in the future with EntityId and previous sort order cannot be maintained.'
Assets\Scripts\Assembly-CSharp\RaceManager.cs(747,85): warning CS0618: 'FindObjectsSortMode' is obsolete: 'FindObjectsSortMode has been deprecated. Use the FindObjectsByType overloads that do not take a FindObjectsSortMode parameter.'
Assets\Scripts\Assembly-CSharp\RaceManager.cs(747,34): warning CS0618: 'Object.FindObjectsByType<T>(FindObjectsSortMode)' is obsolete: 'FindObjectsByType with FindObjectsSortMode parameter has been deprecated. Use FindObjectsByType<T>() or FindObjectsByType<T>(FindObjectsInactive) instead. InstanceID will be replaced in the future with EntityId and previous sort order cannot be maintained.'
AssetDatabase: script compilation time: 18.949235s
Scripts have compiler errors.
Exiting without the bug reporter. Application will terminate with return code 1