[Licensing::Module] Trying to connect to existing licensing client channel...
Built from '6000.5/staging' branch; Version is '6000.5.3f1 (c2eb47b3a2a9) revision 12774215'; Using compiler version '194234433'; Build Type 'Release'
OS: 'Windows 11  (10.0.26200) CoreSingleLanguage' Language: 'es' Physical Memory: 15814 MB
[Licensing::IpcConnector] Successfully connected to: "LicenseClient-STEEP" at "2026-07-15T03:21:36.803078Z"
BatchMode: 1, IsHumanControllingUs: 0, StartBugReporterOnCrash: 0, Is64bit: 1
System  architecture: x64
Process architecture: x64
Date: 2026-07-15T03:21:36Z

COMMAND LINE ARGUMENTS:
C:\Program Files\Unity\Hub\Editor\6000.5.3f1\Editor\Unity.exe
-batchmode
-quit
-projectPath
C:\Users\STEEP\Documents\game\phase4_reconstruction\Unity6Project
-executeMethod
AndroidPhase6Builder.BuildApk
-logFile
C:\Users\STEEP\Documents\game\phase4_reconstruction\reports\phase6_android_build_apk_playable.log
Successfully changed project path to: C:\Users\STEEP\Documents\game\phase4_reconstruction\Unity6Project
C:/Users/STEEP/Documents/game/phase4_reconstruction/Unity6Project
[UnityMemory] Configuration Parameters - Can be set up in boot.config
    "memorysetup-temp-allocator-size-gi-baking-worker=262144"
    "memorysetup-temp-allocator-size-gi-baking-worker=262144"
    "memorysetup-temp-allocator-size-gi-baking-worker=262144"
    "memorysetup-temp-allocator-size-gi-baking-worker=262144"
    "memorysetup-temp-allocator-size-gi-baking-worker=262144"
    "memorysetup-temp-allocator-size-nav-mesh-worker=65536"
    "memorysetup-temp-allocator-size-audio-worker=65536"
    "memorysetup-temp-allocator-size-cloud-worker=32768"
    "memorysetup-temp-allocator-size-gfx=262144"
    "memorysetup-temp-allocator-size-preload-manager=33554432"
    "memorysetup-allocator-temp-initial-block-size-main=262144"
    "memorysetup-allocator-temp-initial-block-size-worker=262144"
    "memorysetup-temp-allocator-size-job-worker=262144"
    "memorysetup-temp-allocator-size-background-worker=32768"
    "memorysetup-bucket-allocator-granularity=16"
    "memorysetup-bucket-allocator-bucket-count=8"
    "memorysetup-bucket-allocator-block-size=33554432"
    "memorysetup-bucket-allocator-block-count=8"
    "memorysetup-main-allocator-block-size=16777216"
    "memorysetup-thread-allocator-block-size=16777216"
    "memorysetup-main-allocator-mimalloc-enabled=0"
    "memorysetup-gfx-main-allocator-block-size=16777216"
    "memorysetup-gfx-thread-allocator-block-size=16777216"
    "memorysetup-cache-allocator-block-size=4194304"
    "memorysetup-typetree-allocator-block-size=2097152"
    "memorysetup-profiler-bucket-allocator-granularity=16"
    "memorysetup-profiler-bucket-allocator-bucket-count=8"
    "memorysetup-profiler-bucket-allocator-block-size=33554432"
    "memorysetup-profiler-bucket-allocator-block-count=8"
    "memorysetup-profiler-allocator-block-size=16777216"
    "memorysetup-profiler-editor-allocator-block-size=1048576"
    "memorysetup-temp-allocator-size-main=16777216"
    "memorysetup-job-temp-allocator-block-size=2097152"
    "memorysetup-job-temp-allocator-block-size-background=1048576"
    "memorysetup-job-temp-allocator-reduction-small-platforms=262144"
Logging is directed to a specific file, skipping project log.Player connection [1472]  Target information:

Player connection [1472]  * "[IP] 172.29.176.1 [Port] 55504 [Flags] 2 [Guid] 3219790740 [EditorId] 3219790740 [Version] 1048832 [Id] WindowsEditor(7,LAPTOP-TQVLD7MF) [Debug] 1 [PackageName] WindowsEditor [ProjectName] Editor" 

Player connection [1472]  * "[IP] 192.168.1.5 [Port] 55504 [Flags] 2 [Guid] 3219790740 [EditorId] 3219790740 [Version] 1048832 [Id] WindowsEditor(7,LAPTOP-TQVLD7MF) [Debug] 1 [PackageName] WindowsEditor [ProjectName] Editor" 

Player connection [1472] Host joined multi-casting on [225.0.0.222:54997]...
Player connection [1472] Host joined alternative multi-casting on [225.0.0.222:34997]...
Input System module state changed to: Initialized.
[Physics::Module] Initialized fallback backend.
[Physics::Module] Id: 0xdecafbad
[Package Manager] Connected to IPC stream "Upm-7560" after 0.2 seconds.
[Licensing::Module] Licensing is not yet initialized.
[Licensing::Client] Error: HandshakeResponse reported an error:
	ResponseCode: 505
	ResponseStatus: Unsupported protocol version '1.18.1'.
[Licensing::Module] Error: Failed to handshake to channel: "LicenseClient-STEEP"
[Licensing::IpcConnector] LicenseClient-STEEP channel disconnected successfully.
[Licensing::IpcConnector] Channel LicenseClient-STEEP-6000.5.3 doesn't exist
[Licensing::Module] Successfully launched the LicensingClient (PId: 7856)
[Licensing::IpcConnector] Successfully connected to: "LicenseClient-STEEP-6000.5.3" at "2026-07-15T03:21:37.8129708Z"
[Licensing::Client] Code 10 while verifying Licensing Client signature (process Id: 7856, path: "C:/Program Files/Unity/Hub/Editor/6000.5.3f1/Editor/Data/Resources/Licensing/Client/Unity.Licensing.Client.exe")
[Licensing::Module] LicensingClient has failed validation; ignoring
[Licensing::Client] Handshaking with LicensingClient:
  Version:                 1.18.1+9fbee8e
  Session Id:              f31c00ef519446958d05744fc1c9bb7a
  Correlation Id:          292e7197956653c050608c85e9bcda05
  External correlation Id: 4318481314827620829
  Machine Id:              segNaylj+iT0/fzmmJP61DLLbz4=
[Licensing::Module] Successfully connected to LicensingClient on channel: "LicenseClient-STEEP-6000.5.3" (connect: 0.24s, validation: 0.10s, handshake: 0.01s)
[Licensing::IpcConnector] Successfully connected to: "LicenseClient-STEEP-6000.5.3-notifications" at "2026-07-15T03:21:37.9184632Z"
[Licensing::Module] Connected to LicensingClient (PId: 7856, launch time: 0.00, total connection time: 0.35s)
[Licensing::Module] Error: Access token is unavailable; failed to update
[Licensing::Client] Successfully resolved entitlement details
[Licensing::Module] License group:
  Id: 4674230029630-UnityPersXXXX
  Product: Unity Personal
  Type: Assigned
  Expiration: Unlimited
[Licensing::Client] Successfully updated license, isAsync: True, time: 0.01
[Licensing::Client] Successfully resolved entitlement details
[Licensing::Module] Licensing Background thread has ended after 1.17s
[Licensing::Module] Licensing is initialized (took 0.80s).
[Licensing::Client] Successfully resolved entitlement details
Library Redirect Path: Library/
[Physics::Module] Selected backend.
[Physics::Module] Name: PhysX
[Physics::Module] Id: 0xf2b8ea05
[Physics::Module] SDK Version: 4.1.2
[Physics::Module] Integration Version: 1.0.0
[Physics::Module] Threading Mode: Multi-Threaded
[Licensing::Client] Successfully resolved entitlement details
Initialize engine version: 6000.5.3f1 (c2eb47b3a2a9)
[Subsystems] Discovering subsystems at path C:/Program Files/Unity/Hub/Editor/6000.5.3f1/Editor/Data/Resources/UnitySubsystems
[Subsystems] Discovering subsystems at path C:/Users/STEEP/Documents/game/phase4_reconstruction/Unity6Project/Assets
GfxDevice: creating device client; kGfxThreadingModeNonThreaded
Direct3D:
    Version:  Direct3D 11.0 [level 11.1]
    Renderer: Intel(R) Graphics (ID=0x7dd1)
    Vendor:   Intel
    VRAM:     9014 MB
    Driver:   32.0.101.8860
Initialize mono
Mono path[0] = 'C:/Program Files/Unity/Hub/Editor/6000.5.3f1/Editor/Data/Managed'
Mono path[1] = 'C:/Program Files/Unity/Hub/Editor/6000.5.3f1/Editor/Data/BCLExtensions/runtime/netstandard2.1'
Mono path[2] = 'C:/Program Files/Unity/Hub/Editor/6000.5.3f1/Editor/Data/MonoBleedingEdge/lib/mono/unityjit-win32'
Mono config path = 'C:/Program Files/Unity/Hub/Editor/6000.5.3f1/Editor/Data/MonoBleedingEdge/etc'
Using monoOptions --debugger-agent=transport=dt_socket,embedding=1,server=y,suspend=n,address=127.0.0.1:56560
CodeReloadManager initialized
ImportWorker Server TCP listen port: 0
AcceleratorClientConnectionCallback - disconnected - :0
Begin MonoManager ReloadAssembly
Registering precompiled unity dll's ...
Register platform support module: C:/Program Files/Unity/Hub/Editor/6000.5.3f1/Editor/Data/PlaybackEngines/WebGLSupport/UnityEditor.WebGL.Extensions.dll
Register platform support module: C:/Program Files/Unity/Hub/Editor/6000.5.3f1/Editor/Data/PlaybackEngines/WindowsStandaloneSupport/UnityEditor.WindowsStandalone.Extensions.dll
Register platform support module: C:/Program Files/Unity/Hub/Editor/6000.5.3f1/Editor/Data/PlaybackEngines/AndroidPlayer/UnityEditor.Android.Extensions.dll
Registered in 0.002289 seconds.
Native extension for Android target not found
Native extension for WindowsStandalone target not found
Native extension for WebGL target not found
Package Manager log level set to [2]
ScheduleIndexationOnStartup MainProcess:False IndexOnStartup:True
Mono: successfully reloaded assembly
- Finished resetting the current domain, in  0.351 seconds
Domain Reload Profiling: 786ms
	BeginReloadAssembly (103ms)
		CreateAndSetChildDomain (14ms)
	RebuildCommonClasses (4ms)
	RebuildNativeTypeToScriptingClass (13ms)
	initialDomainReloadingComplete (57ms)
	LoadAllAssembliesAndSetupDomain (257ms)
		LoadAssemblies (87ms)
		AnalyzeDomain (185ms)
			TypeCache.Refresh (184ms)
				TypeCache.ScanAssembly (170ms)
	FinalizeReload (353ms)
		SetupLoadedEditorAssemblies (0ms)
			InitializePlatformSupportModulesInManaged (7ms)
			BeforeProcessingInitializeOnLoad (81ms)
			ProcessInitializeOnLoadAttributes (84ms)
			ProcessInitializeOnLoadMethodAttributes (112ms)
[Licensing::Client] Successfully resolved entitlement details
[Licensing::Client] Successfully resolved entitlement details
Application.AssetDatabase Initial Refresh Start
[Package Manager] Restoring resolved packages state from cache
[Licensing::Client] Successfully resolved entitlement details
[Package Manager] Registered 53 packages:
  Packages from [https://packages.unity.com]:
    com.unity.ai.navigation@2.0.13 (location: C:\Users\STEEP\Documents\game\phase4_reconstruction\Unity6Project\Library\PackageCache\com.unity.ai.navigation@42d896194035)
    com.unity.analytics@3.8.2 (location: C:\Users\STEEP\Documents\game\phase4_reconstruction\Unity6Project\Library\PackageCache\com.unity.analytics@c9d14a6bdec6)
    com.unity.collab-proxy@2.12.4 (location: C:\Users\STEEP\Documents\game\phase4_reconstruction\Unity6Project\Library\PackageCache\com.unity.collab-proxy@0b1559bcd34e)
    com.unity.ide.rider@3.0.38 (location: C:\Users\STEEP\Documents\game\phase4_reconstruction\Unity6Project\Library\PackageCache\com.unity.ide.rider@1f60b3138684)
    com.unity.ide.visualstudio@2.0.26 (location: C:\Users\STEEP\Documents\game\phase4_reconstruction\Unity6Project\Library\PackageCache\com.unity.ide.visualstudio@a99d56dec63f)
    com.unity.purchasing@4.15.1 (location: C:\Users\STEEP\Documents\game\phase4_reconstruction\Unity6Project\Library\PackageCache\com.unity.purchasing@265595791a69)
    com.unity.timeline@1.8.12 (location: C:\Users\STEEP\Documents\game\phase4_reconstruction\Unity6Project\Library\PackageCache\com.unity.timeline@8cd8509afae5)
    com.unity.xr.legacyinputhelpers@3.0.1 (location: C:\Users\STEEP\Documents\game\phase4_reconstruction\Unity6Project\Library\PackageCache\com.unity.xr.legacyinputhelpers@3f62d634f63b)
    com.unity.services.core@1.18.0 (location: C:\Users\STEEP\Documents\game\phase4_reconstruction\Unity6Project\Library\PackageCache\com.unity.services.core@3464cb68d709)
    com.unity.services.analytics@6.3.0 (location: C:\Users\STEEP\Documents\game\phase4_reconstruction\Unity6Project\Library\PackageCache\com.unity.services.analytics@cde4e6cf92f9)
    com.unity.nuget.newtonsoft-json@3.2.2 (location: C:\Users\STEEP\Documents\game\phase4_reconstruction\Unity6Project\Library\PackageCache\com.unity.nuget.newtonsoft-json@4dfd81071c64)
  Built-in packages:
    com.unity.2d.sprite@1.0.0 (location: C:\Users\STEEP\Documents\game\phase4_reconstruction\Unity6Project\Library\PackageCache\com.unity.2d.sprite@053a968eab56)
    com.unity.2d.tilemap@1.0.0 (location: C:\Users\STEEP\Documents\game\phase4_reconstruction\Unity6Project\Library\PackageCache\com.unity.2d.tilemap@592c6ccaefe1)
    com.unity.multiplayer.center@1.0.1 (location: C:\Users\STEEP\Documents\game\phase4_reconstruction\Unity6Project\Library\PackageCache\com.unity.multiplayer.center@b860850997d0)
    com.unity.test-framework@1.7.0 (location: C:\Users\STEEP\Documents\game\phase4_reconstruction\Unity6Project\Library\PackageCache\com.unity.test-framework@1405238725ab)
    com.unity.ugui@2.5.0 (location: C:\Users\STEEP\Documents\game\phase4_reconstruction\Unity6Project\Library\PackageCache\com.unity.ugui@377fd60ad87b)
    com.unity.modules.accessibility@1.0.0 (location: C:\Users\STEEP\Documents\game\phase4_reconstruction\Unity6Project\Library\PackageCache\com.unity.modules.accessibility)
    com.unity.modules.adaptiveperformance@1.0.0 (location: C:\Users\STEEP\Documents\game\phase4_reconstruction\Unity6Project\Library\PackageCache\com.unity.modules.adaptiveperformance)
    com.unity.modules.ai@1.0.0 (location: C:\Users\STEEP\Documents\game\phase4_reconstruction\Unity6Project\Library\PackageCache\com.unity.modules.ai)
    com.unity.modules.androidjni@1.0.0 (location: C:\Users\STEEP\Documents\game\phase4_reconstruction\Unity6Project\Library\PackageCache\com.unity.modules.androidjni)
    com.unity.modules.animation@1.0.0 (location: C:\Users\STEEP\Documents\game\phase4_reconstruction\Unity6Project\Library\PackageCache\com.unity.modules.animation)
    com.unity.modules.assetbundle@1.0.0 (location: C:\Users\STEEP\Documents\game\phase4_reconstruction\Unity6Project\Library\PackageCache\com.unity.modules.assetbundle)
    com.unity.modules.audio@1.0.0 (location: C:\Users\STEEP\Documents\game\phase4_reconstruction\Unity6Project\Library\PackageCache\com.unity.modules.audio)
    com.unity.modules.cloth@1.0.0 (location: C:\Users\STEEP\Documents\game\phase4_reconstruction\Unity6Project\Library\PackageCache\com.unity.modules.cloth)
    com.unity.modules.director@1.0.0 (location: C:\Users\STEEP\Documents\game\phase4_reconstruction\Unity6Project\Library\PackageCache\com.unity.modules.director)
    com.unity.modules.imageconversion@1.0.0 (location: C:\Users\STEEP\Documents\game\phase4_reconstruction\Unity6Project\Library\PackageCache\com.unity.modules.imageconversion)
    com.unity.modules.imgui@1.0.0 (location: C:\Users\STEEP\Documents\game\phase4_reconstruction\Unity6Project\Library\PackageCache\com.unity.modules.imgui)
    com.unity.modules.jsonserialize@1.0.0 (location: C:\Users\STEEP\Documents\game\phase4_reconstruction\Unity6Project\Library\PackageCache\com.unity.modules.jsonserialize)
    com.unity.modules.particlesystem@1.0.0 (location: C:\Users\STEEP\Documents\game\phase4_reconstruction\Unity6Project\Library\PackageCache\com.unity.modules.particlesystem)
    com.unity.modules.physics@1.0.0 (location: C:\Users\STEEP\Documents\game\phase4_reconstruction\Unity6Project\Library\PackageCache\com.unity.modules.physics)
    com.unity.modules.physics2d@1.0.0 (location: C:\Users\STEEP\Documents\game\phase4_reconstruction\Unity6Project\Library\PackageCache\com.unity.modules.physics2d)
    com.unity.modules.physicscore2d@1.0.0 (location: C:\Users\STEEP\Documents\game\phase4_reconstruction\Unity6Project\Library\PackageCache\com.unity.modules.physicscore2d)
    com.unity.modules.screencapture@1.0.0 (location: C:\Users\STEEP\Documents\game\phase4_reconstruction\Unity6Project\Library\PackageCache\com.unity.modules.screencapture)
    com.unity.modules.terrain@1.0.0 (location: C:\Users\STEEP\Documents\game\phase4_reconstruction\Unity6Project\Library\PackageCache\com.unity.modules.terrain)
    com.unity.modules.terrainphysics@1.0.0 (location: C:\Users\STEEP\Documents\game\phase4_reconstruction\Unity6Project\Library\PackageCache\com.unity.modules.terrainphysics)
    com.unity.modules.tilemap@1.0.0 (location: C:\Users\STEEP\Documents\game\phase4_reconstruction\Unity6Project\Library\PackageCache\com.unity.modules.tilemap)
    com.unity.modules.ui@1.0.0 (location: C:\Users\STEEP\Documents\game\phase4_reconstruction\Unity6Project\Library\PackageCache\com.unity.modules.ui)
    com.unity.modules.uielements@1.0.0 (location: C:\Users\STEEP\Documents\game\phase4_reconstruction\Unity6Project\Library\PackageCache\com.unity.modules.uielements)
    com.unity.modules.umbra@1.0.0 (location: C:\Users\STEEP\Documents\game\phase4_reconstruction\Unity6Project\Library\PackageCache\com.unity.modules.umbra)
    com.unity.modules.unityanalytics@1.0.0 (location: C:\Users\STEEP\Documents\game\phase4_reconstruction\Unity6Project\Library\PackageCache\com.unity.modules.unityanalytics)
    com.unity.modules.unitywebrequest@1.0.0 (location: C:\Users\STEEP\Documents\game\phase4_reconstruction\Unity6Project\Library\PackageCache\com.unity.modules.unitywebrequest)
    com.unity.modules.unitywebrequestassetbundle@1.0.0 (location: C:\Users\STEEP\Documents\game\phase4_reconstruction\Unity6Project\Library\PackageCache\com.unity.modules.unitywebrequestassetbundle)
    com.unity.modules.unitywebrequestaudio@1.0.0 (location: C:\Users\STEEP\Documents\game\phase4_reconstruction\Unity6Project\Library\PackageCache\com.unity.modules.unitywebrequestaudio)
    com.unity.modules.unitywebrequesttexture@1.0.0 (location: C:\Users\STEEP\Documents\game\phase4_reconstruction\Unity6Project\Library\PackageCache\com.unity.modules.unitywebrequesttexture)
    com.unity.modules.unitywebrequestwww@1.0.0 (location: C:\Users\STEEP\Documents\game\phase4_reconstruction\Unity6Project\Library\PackageCache\com.unity.modules.unitywebrequestwww)
    com.unity.modules.vectorgraphics@1.0.0 (location: C:\Users\STEEP\Documents\game\phase4_reconstruction\Unity6Project\Library\PackageCache\com.unity.modules.vectorgraphics)
    com.unity.modules.vehicles@1.0.0 (location: C:\Users\STEEP\Documents\game\phase4_reconstruction\Unity6Project\Library\PackageCache\com.unity.modules.vehicles)
    com.unity.modules.video@1.0.0 (location: C:\Users\STEEP\Documents\game\phase4_reconstruction\Unity6Project\Library\PackageCache\com.unity.modules.video)
    com.unity.modules.wind@1.0.0 (location: C:\Users\STEEP\Documents\game\phase4_reconstruction\Unity6Project\Library\PackageCache\com.unity.modules.wind)
    com.unity.modules.xr@1.0.0 (location: C:\Users\STEEP\Documents\game\phase4_reconstruction\Unity6Project\Library\PackageCache\com.unity.modules.xr)
    com.unity.modules.subsystems@1.0.0 (location: C:\Users\STEEP\Documents\game\phase4_reconstruction\Unity6Project\Library\PackageCache\com.unity.modules.subsystems)
    com.unity.modules.hierarchycore@1.0.0 (location: C:\Users\STEEP\Documents\game\phase4_reconstruction\Unity6Project\Library\PackageCache\com.unity.modules.hierarchycore)
    com.unity.ext.nunit@2.1.0 (location: C:\Users\STEEP\Documents\game\phase4_reconstruction\Unity6Project\Library\PackageCache\com.unity.ext.nunit@44f7d31723bd)
[Package Manager] com.unity.purchasing@4.15.1 is deprecated: Unity IAP 4 is unsupported as of June 8, 2026. IAP 5 is the supported version going forward.
[Subsystems] No new subsystems found in resolved package list.
[Package Manager] Done registering packages in 0.01 seconds
Starting: C:\Program Files\Unity\Hub\Editor\6000.5.3f1\Editor\Data\Tools\BuildPipeline\bee_backend.exe --ipc --defer-dag-verification --dagfile="Library/Bee/1300b0aE.dag" --continue-on-failure --profile="Library/Bee/backend1.traceevents" ScriptAssemblies
WorkingDir: C:/Users/STEEP/Documents/game/phase4_reconstruction/Unity6Project
DisplayProgressbar: Compiling Scripts
ExitCode: 0 Duration: 0s168ms
*** Tundra build success (0.13 seconds), 0 items updated, 718 evaluated
AssetDatabase: script compilation time: 0.509866s
Begin MonoManager ReloadAssembly
Total cache size 97587961
Total cache size after purge 97587961, took 00:00:00.0888032
OnLevelWasLoaded was found on ScreenFader
This message has been deprecated and will be removed in a later version of Unity.
Add a delegate to SceneManager.sceneLoaded instead to get notifications after scene loading has completed
OnLevelWasLoaded was found on Localize
This message has been deprecated and will be removed in a later version of Unity.
Add a delegate to SceneManager.sceneLoaded instead to get notifications after scene loading has completed
OnLevelWasLoaded was found on UghCamera
This message has been deprecated and will be removed in a later version of Unity.
Add a delegate to SceneManager.sceneLoaded instead to get notifications after scene loading has completed
Refreshing native plugins compatible for Editor in 4.30 ms, found 3 plugins.
OnLevelWasLoaded was found on UghCamera
This message has been deprecated and will be removed in a later version of Unity.
Add a delegate to SceneManager.sceneLoaded instead to get notifications after scene loading has completed
OnLevelWasLoaded was found on Localize
This message has been deprecated and will be removed in a later version of Unity.
Add a delegate to SceneManager.sceneLoaded instead to get notifications after scene loading has completed
OnLevelWasLoaded was found on ScreenFader
This message has been deprecated and will be removed in a later version of Unity.
Add a delegate to SceneManager.sceneLoaded instead to get notifications after scene loading has completed
Native extension for Android target not found
Native extension for WindowsStandalone target not found
Native extension for WebGL target not found
ScheduleIndexationOnStartup MainProcess:True IndexOnStartup:True
Mono: successfully reloaded assembly
- Finished resetting the current domain, in  0.680 seconds
Domain Reload Profiling: 1475ms
	BeginReloadAssembly (196ms)
		DisableScriptedObjects (42ms)
		CreateAndSetChildDomain (40ms)
	RebuildCommonClasses (8ms)
	RebuildNativeTypeToScriptingClass (13ms)
	initialDomainReloadingComplete (53ms)
	LoadAllAssembliesAndSetupDomain (524ms)
		LoadAssemblies (340ms)
		AnalyzeDomain (151ms)
			TypeCache.Refresh (104ms)
				TypeCache.ScanAssembly (89ms)
			BuildScriptInfoCaches (40ms)
			ResolveRequiredComponents (3ms)
	FinalizeReload (681ms)
		SetupLoadedEditorAssemblies (0ms)
			InitializePlatformSupportModulesInManaged (8ms)
			BeforeProcessingInitializeOnLoad (77ms)
			ProcessInitializeOnLoadAttributes (223ms)
			ProcessInitializeOnLoadMethodAttributes (202ms)
			AfterProcessingInitializeOnLoad (5ms)
		AwakeInstancesAfterBackupRestoration (22ms)
Starting new worker id: 0 with log in C:/Users/STEEP/Documents/game/phase4_reconstruction/Unity6Project/Logs/AssetImportWorkerHW0.log

Asset Pipeline Refresh (id=1cc276ec63597494ab7eaf4a4a2766d8): Total: 2.496 seconds - Initiated by InitialRefreshV2(ForceSynchronousImport)
	(Values over 0.05ms)
	Summary:
		Imports: total=0 (actual=0, local cache=0, cache server=0)
		Asset DB Process Time: managed=0 ms, native=1072 ms
		Asset DB Callback time: managed=14 ms, native=16 ms
		Scripting: domain reloads=1, domain reload time=846 ms, compile time=512 ms, other=33 ms
		Project Asset Count: scripts=852, non-scripts=3656
		Asset File Changes: new=0, changed=0, moved=0, deleted=0
		Scan Filter Count: 0
	InvokePackagesCallback: 19.148ms
	ApplyChangesToAssetFolders: 0.841ms
	Scan: 149.572ms
	Collect global state as custom dependencies: 1.161ms
	CategorizeScriptCompilationAssets: 19.959ms
	ProcessAssetsWithTransientArtifactChanges: 52.501ms
	CategorizeAssets: 28.603ms
	CompileScripts: 511.647ms
	ImportOutOfDateAssets: 731.208ms (698.452ms without children)
		UnloadImportedAssets: 0.111ms
		EnsureUptoDateAssetsAreRegisteredWithGuidPM: 0.472ms
		ImportSchedulerStart: 32.168ms
	PostProcessAllAssets: 15.002ms
		MonoPostProcessAllAssets: 14.934ms
			WindowAssetPostprocessingWatcher.OnPostprocessAllAssets 5.280ms
			EditModeScopePostprocessor.OnPostprocessAllAssets 0.823ms
			SpeedTree9Postprocessor.OnPostprocessAllAssets 0.565ms
			TerrainToolbarOverlayPostProcessor.OnPostprocessAllAssets 0.402ms
			ReferencedClipsPostProcessor.OnPostprocessAllAssets 0.200ms
			AssetDatabaseCallbacks.OnPostprocessAllAssets 0.118ms
			SyncVS.PostprocessSyncProject 0.106ms
			RenderPipelineGlobalSettingsPostprocessor.OnPostprocessAllAssets 0.058ms
	UnloadStreamsBegin: 2.102ms
	PersistCurrentRevisions: 0.131ms
	GenerateScriptTypeHashes: 2.299ms
	GenerateScriptTypeSerializationHashes: 4.392ms
	Untracked: 957.299ms

Application.AssetDatabase Initial Refresh End
Launched and connected shader compiler UnityShaderCompiler.exe after 0.01 seconds
Scanning for USB devices : 0.701ms
Initializing Unity extensions:
[MODES] ModeService[none].Initialize
[MODES] ModeService[none].LoadModes
[MODES] Loading mode Default (0) for mode-current-id-Speedway
Unloading 12 Unused Serialized files (Serialized files now loaded: 0)
Unloading 3491 unused Assets / (3.8 MB). Loaded Objects now: 4116.
Memory consumption went from 280.9 MB to 277.0 MB.
Total: 11.252600 ms (FindLiveObjects: 0.387600 ms CreateObjectMapping: 1.108800 ms MarkObjects: 7.252600 ms  DeleteObjects: 2.491600 ms)

[ServicesCore]: To use Unity's dashboard services, you need to link your Unity project to a project ID. To do this, go to Project Settings to select your organization, select your project and then link a project ID. You also need to make sure your organization has access to the required products. Visit https://dashboard.unity3d.com to sign up.
UnityEngine.Debug:ExtractStackTraceNoAlloc (byte*,int,string)
UnityEngine.StackTraceUtility:ExtractStackTrace ()
UnityEngine.DebugLogHandler:Internal_Log (UnityEngine.LogType,UnityEngine.LogOption,string,UnityEngine.Object)
UnityEngine.DebugLogHandler:LogFormat (UnityEngine.LogType,UnityEngine.Object,string,object[])
UnityEngine.Logger:LogWarning (string,object)
Unity.Services.Core.Internal.CoreLogger:LogWarning (object) (at ./Library/PackageCache/com.unity.services.core@3464cb68d709/Runtime/Core.Internal/Logging/CoreLogger.cs:15)
Unity.Services.Core.Editor.ProjectUnlinkBuildWarning:OnPreprocessBuild (UnityEditor.Build.Reporting.BuildReport) (at ./Library/PackageCache/com.unity.services.core@3464cb68d709/Editor/Core/Build/ProjectUnlinkBuildWarning.cs:29)
UnityEditor.Build.BuildPipelineInterfaces/<>c__DisplayClass17_0:<OnBuildPreProcess>b__1 (UnityEditor.Build.IPreprocessBuildWithReport)
UnityEditor.Build.BuildPipelineInterfaces:InvokeCallbackInterfacesPair<UnityEditor.Build.IPreprocessBuild, UnityEditor.Build.IPreprocessBuildWithReport> (System.Collections.Generic.List`1<UnityEditor.Build.IPreprocessBuild>,System.Action`1<UnityEditor.Build.IPreprocessBuild>,System.Collections.Generic.List`1<UnityEditor.Build.IPreprocessBuildWithReport>,System.Action`1<UnityEditor.Build.IPreprocessBuildWithReport>,bool)
UnityEditor.Build.BuildPipelineInterfaces:OnBuildPreProcess (UnityEditor.Build.Reporting.BuildReport)
UnityEditor.BuildPipeline:BuildPlayerInternal (string[],string,string,UnityEditor.BuildTargetGroup,UnityEditor.BuildTarget,int,UnityEditor.BuildOptions,string[],string[],bool)
UnityEditor.BuildPipeline:BuildPlayer (UnityEditor.BuildPlayerOptions)
AndroidPhase6Builder:Build (string,bool) (at Assets/Editor/AndroidPhase6Builder.cs:33)
AndroidPhase6Builder:BuildApk () (at Assets/Editor/AndroidPhase6Builder.cs:9)

(Filename: ./Library/PackageCache/com.unity.services.core@3464cb68d709/Editor/Core/Build/ProjectUnlinkBuildWarning.cs Line: 29)

Importing 'GUID: 0000000000000000a100000000000000 - Path: ProjectSettings/UnityConnectSettings.asset' with importer (LibraryAssetImporter)
Imported 'GUID: 0000000000000000a100000000000000' -> (Import Result ID: '82ae1d67ff1da9bf5cb14a6b877a900b') in 0.003 seconds [static dependencies only]. Details - ImportResultOutputID=1989c27f310e62ee2c72d63f16a698d0 DependenciesID=93f923ab64baa3a5983994274190eda3 StaticDependenciesID=554a138aac23664bd4369c6faf604df5 
Refreshing native plugins compatible for Editor in 3.92 ms, found 3 plugins.
Asset Pipeline Refresh (id=e8a9a603a1798ab4788d39dc64b39992): Total: 0.093 seconds - Initiated by StopAssetImportingV2(NoUpdateAssetOptions)
DisplayProgressbar: Checking prerequisites
Reporting tool paths:
 JDK: 'C:\Program Files\Unity\Hub\Editor\6000.5.3f1\Editor\Data\PlaybackEngines\AndroidPlayer\OpenJDK'
 Android SDK: 'C:\Users\STEEP\Documents\game\phase4_reconstruction\android_toolchain\SDK'
 Android NDK: 'C:\Program Files\Unity\Hub\Editor\6000.5.3f1\Editor\Data\PlaybackEngines\AndroidPlayer\NDK'
 Gradle: 'C:\Program Files\Unity\Hub\Editor\6000.5.3f1\Editor\Data\PlaybackEngines\AndroidPlayer\Tools\gradle' (Gradle Version: '9.1.0' Android Plugin Version: '9.0.0')
Android PostProcess task "Checking prerequisites" took 18,3875 ms
DisplayProgressbar: Detect Java Development Kit (JDK)
Android PostProcess task "Detect Java Development Kit (JDK)" took 66,4272 ms
DisplayProgressbar: Detecting Android SDK
AndroidSDKTools:

	root          : C:\Users\STEEP\Documents\game\phase4_reconstruction\android_toolchain\SDK
	cmdline-tools : C:\Users\STEEP\Documents\game\phase4_reconstruction\android_toolchain\SDK\cmdline-tools\16.0
	platform-tools: C:\Users\STEEP\Documents\game\phase4_reconstruction\android_toolchain\SDK\platform-tools
	build-tools   : C:\Users\STEEP\Documents\game\phase4_reconstruction\android_toolchain\SDK\build-tools\36.0.0

	adb           : C:\Users\STEEP\Documents\game\phase4_reconstruction\android_toolchain\SDK\platform-tools\adb.exe

Android PostProcess task "Detecting Android SDK" took 1590,0464 ms
DisplayProgressbar: Detect Android NDK
Android PostProcess task "Detect Android NDK" took 0,6932 ms
Android PostProcess task "Trying to find a suitable Android device" took 0,6998 ms
DisplayProgressbar: Check resources
Android PostProcess task "Check resources" took 0,2679 ms
DisplayProgressbar: Check Android Player Settings
Android PostProcess task "Check Android Player Settings" took 2,2985 ms
Worker ready: AssetImportWorkerHW0 0
Starting: C:\Program Files\Unity\Hub\Editor\6000.5.3f1\Editor\Data\Tools\BuildPipeline\bee_backend.exe --ipc --defer-dag-verification --dagfile="Library/Bee/1300b0aESkipCompile.dag" --continue-on-failure --profile="Library/Bee/backend1.traceevents" ScriptAssembliesAndTypeDB
WorkingDir: C:/Users/STEEP/Documents/game/phase4_reconstruction/Unity6Project
ExitCode: 4 Duration: 0s30ms
[             ] Require frontend run.  Library/Bee/1300b0aESkipCompile.dag couldn't be loaded
DisplayProgressbar: Compiling Scripts
Starting: C:\Program Files\Unity\Hub\Editor\6000.5.3f1\Editor\Data\netcorerun\netcorerun.exe "C:\Program Files\Unity\Hub\Editor\6000.5.3f1\Editor\Data\Tools\BuildPipeline\ScriptCompilationBuildProgram.exe" "Library/Bee/1300b0aESkipCompile.dag.json" "Library/Bee/1300b0aESkipCompile-inputdata.json" "Library\Bee\buildprogram0.traceevents"
WorkingDir: C:/Users/STEEP/Documents/game/phase4_reconstruction/Unity6Project
ExitCode: 0 Duration: 0s150ms
Starting: C:\Program Files\Unity\Hub\Editor\6000.5.3f1\Editor\Data\Tools\BuildPipeline\bee_backend.exe --ipc --defer-dag-verification --dagfile="Library/Bee/1300b0aESkipCompile.dag" --continue-on-failure --dagfilejson="Library\Bee\1300b0aESkipCompile.dag.json" --profile="Library/Bee/backend2.traceevents" ScriptAssembliesAndTypeDB
WorkingDir: C:/Users/STEEP/Documents/game/phase4_reconstruction/Unity6Project
ExitCode: 0 Duration: 0s899ms
Finished compiling graph: 4 nodes, 5 flattened edges (5 ToBuild, 0 ToUse), maximum node priority 3
[2/3        0s] BuildPlayerDataGenerator Library/BuildPlayerData/Editor/TypeDb-All.json
*** Tundra build success (0.88 seconds), 1 items updated, 3 evaluated
Asset Pipeline Refresh (id=4bb3799c2a4a26b4fb50c60998d2baca): Total: 0.011 seconds - Initiated by RefreshV2(NoUpdateAssetOptions)
[ScriptCompilation] Requested script compilation because: Recompiling scripts for player build.
BuildPlayer: start building target 13
Total cache size 97587961
Total cache size after purge 97587961, took 00:00:00.1038877
Starting: C:\Program Files\Unity\Hub\Editor\6000.5.3f1\Editor\Data\Tools\BuildPipeline\bee_backend.exe --ipc --defer-dag-verification --dagfile="Library/Bee/1300b0aP.dag" --continue-on-failure --profile="Library/Bee/backend1.traceevents" ScriptAssembliesAndTypeDB
WorkingDir: C:/Users/STEEP/Documents/game/phase4_reconstruction/Unity6Project
Starting: C:\Program Files\Unity\Hub\Editor\6000.5.3f1\Editor\Data\netcorerun\netcorerun.exe "C:\Program Files\Unity\Hub\Editor\6000.5.3f1\Editor\Data\Tools\BuildPipeline\ScriptCompilationBuildProgram.exe" "Library/Bee/1300b0aP.dag.json" "Library/Bee/1300b0aP-inputdata.json" "Library\Bee\buildprogram0.traceevents"
WorkingDir: C:/Users/STEEP/Documents/game/phase4_reconstruction/Unity6Project
ExitCode: 4 Duration: 4s730ms
[281/401    0s] CopyFiles Library/Bee/PlayerScriptAssemblies/UnityEngine.Purchasing.SecurityCore.dll
[292/401    0s] CopyFiles Library/Bee/PlayerScriptAssemblies/Unity.AI.Navigation.dll
[294/401    0s] CopyFiles Library/Bee/PlayerScriptAssemblies/UnityEngine.UI.pdb
[303/401    0s] CopyFiles Library/Bee/PlayerScriptAssemblies/Unity.Services.Core.Internal.dll
[321/401    0s] CopyFiles Library/Bee/PlayerScriptAssemblies/Unity.InternalAPIEngineBridge.004.dll
[322/401    0s] CopyFiles Library/Bee/PlayerScriptAssemblies/Unity.TextMeshPro.dll
[329/401    0s] CopyFiles Library/Bee/PlayerScriptAssemblies/UnityEngine.UI.dll
[332/401    0s] CopyFiles Library/Bee/PlayerScriptAssemblies/UnityEngine.Purchasing.WinRTStub.dll
[333/401    0s] CopyFiles Library/Bee/PlayerScriptAssemblies/UnityEngine.Purchasing.Stores.dll
[334/401    0s] CopyFiles Library/Bee/PlayerScriptAssemblies/Purchasing.Common.dll
[335/401    0s] CopyFiles Library/Bee/PlayerScriptAssemblies/Unity.Services.Core.dll
[336/401    0s] CopyFiles Library/Bee/PlayerScriptAssemblies/Unity.Services.Core.Threading.dll
[337/401    0s] CopyFiles Library/Bee/PlayerScriptAssemblies/Unity.Services.Core.Telemetry.dll
[338/401    0s] CopyFiles Library/Bee/PlayerScriptAssemblies/Unity.InternalAPIEngineBridge.004.pdb
[339/401    0s] CopyFiles Library/Bee/PlayerScriptAssemblies/Unity.Services.Core.Configuration.dll
[340/401    0s] CopyFiles Library/Bee/PlayerScriptAssemblies/Unity.Services.Core.Networking.dll
[341/401    0s] CopyFiles Library/Bee/PlayerScriptAssemblies/UnityEngine.Purchasing.dll
[342/401    0s] CopyFiles Library/Bee/PlayerScriptAssemblies/UnityEngine.Purchasing.Codeless.dll
[343/401    0s] CopyFiles Library/Bee/PlayerScriptAssemblies/Unity.Services.Core.Registration.dll
[344/401    0s] CopyFiles Library/Bee/PlayerScriptAssemblies/UnityEngine.XR.LegacyInputHelpers.dll
[345/401    0s] CopyFiles Library/Bee/PlayerScriptAssemblies/Unity.Services.Core.Environments.dll
[346/401    0s] CopyFiles Library/Bee/PlayerScriptAssemblies/UnityEngine.SpatialTracking.dll
[347/401    0s] CopyFiles Library/Bee/PlayerScriptAssemblies/Unity.Services.Core.Scheduler.dll
[348/401    0s] CopyFiles Library/Bee/PlayerScriptAssemblies/Unity.Services.Core.Environments.Internal.dll
[349/401    0s] CopyFiles Library/Bee/PlayerScriptAssemblies/Unity.Services.Core.Analytics.dll
[350/401    0s] CopyFiles Library/Bee/PlayerScriptAssemblies/Unity.Multiplayer.Center.Common.dll
[351/401    0s] CopyFiles Library/Bee/PlayerScriptAssemblies/Unity.Services.Core.Device.dll
[352/401    0s] CopyFiles Library/Bee/PlayerScriptAssemblies/UnityEngine.Purchasing.AppleStub.dll
[353/401    0s] CopyFiles Library/Bee/PlayerScriptAssemblies/Unity.Services.Analytics.dll
[354/401    0s] CopyFiles Library/Bee/PlayerScriptAssemblies/UnityEngine.Purchasing.AppleCore.dll
[355/401    0s] CopyFiles Library/Bee/PlayerScriptAssemblies/Unity.Analytics.DataPrivacy.dll
[356/401    0s] CopyFiles Library/Bee/PlayerScriptAssemblies/Unity.Services.Core.Registration.pdb
[357/401    0s] CopyFiles Library/Bee/PlayerScriptAssemblies/Unity.Services.Core.Components.dll
[358/401    0s] CopyFiles Library/Bee/PlayerScriptAssemblies/Unity.Services.Core.Networking.pdb
[359/401    0s] CopyFiles Library/Bee/PlayerScriptAssemblies/UnityEngine.Purchasing.AppleMacosStub.dll
[360/401    0s] CopyFiles Library/Bee/PlayerScriptAssemblies/Unity.Timeline.dll
[361/401    0s] CopyFiles Library/Bee/PlayerScriptAssemblies/UnityEngine.Purchasing.Stores.pdb
[362/401    0s] CopyFiles Library/Bee/PlayerScriptAssemblies/Unity.Services.Core.Threading.pdb
[363/401    0s] CopyFiles Library/Bee/PlayerScriptAssemblies/Unity.Services.Core.Configuration.pdb
[364/401    0s] CopyFiles Library/Bee/PlayerScriptAssemblies/Unity.Services.Core.Telemetry.pdb
[365/401    0s] CopyFiles Library/Bee/PlayerScriptAssemblies/Unity.Services.Core.Environments.Internal.pdb
[366/401    0s] CopyFiles Library/Bee/PlayerScriptAssemblies/Unity.Services.Core.Components.pdb
[367/401    0s] CopyFiles Library/Bee/PlayerScriptAssemblies/Unity.Services.Core.Scheduler.pdb
[368/401    0s] CopyFiles Library/Bee/PlayerScriptAssemblies/UnityEngine.Purchasing.AppleMacosStub.pdb
[369/401    0s] CopyFiles Library/Bee/PlayerScriptAssemblies/Unity.Services.Core.Device.pdb
[370/401    0s] CopyFiles Library/Bee/PlayerScriptAssemblies/UnityEngine.Purchasing.Codeless.pdb
[371/401    0s] CopyFiles Library/Bee/PlayerScriptAssemblies/UnityEngine.Purchasing.AppleStub.pdb
[372/401    0s] CopyFiles Library/Bee/PlayerScriptAssemblies/UnityEngine.Purchasing.AppleCore.pdb
[373/401    0s] CopyFiles Library/Bee/PlayerScriptAssemblies/Purchasing.Common.pdb
[374/401    0s] CopyFiles Library/Bee/PlayerScriptAssemblies/UnityEngine.Purchasing.pdb
[375/401    0s] CopyFiles Library/Bee/PlayerScriptAssemblies/Unity.Services.Core.Environments.pdb
[376/401    0s] CopyFiles Library/Bee/PlayerScriptAssemblies/UnityEngine.Purchasing.Security.pdb
[377/401    0s] CopyFiles Library/Bee/PlayerScriptAssemblies/UnityEngine.Purchasing.Security.dll
[378/401    0s] CopyFiles Library/Bee/PlayerScriptAssemblies/Unity.Services.Core.Analytics.pdb
[379/401    0s] CopyFiles Library/Bee/PlayerScriptAssemblies/Unity.Services.Core.Internal.pdb
[380/401    0s] CopyFiles Library/Bee/PlayerScriptAssemblies/UnityEngine.Purchasing.WinRTStub.pdb
[381/401    0s] CopyFiles Library/Bee/PlayerScriptAssemblies/Unity.Services.Analytics.pdb
[382/401    0s] CopyFiles Library/Bee/PlayerScriptAssemblies/UnityEngine.Purchasing.WinRTCore.dll
[383/401    0s] CopyFiles Library/Bee/PlayerScriptAssemblies/Unity.TextMeshPro.pdb
[384/401    0s] CopyFiles Library/Bee/PlayerScriptAssemblies/UnityEngine.Purchasing.SecurityCore.pdb
[385/401    0s] CopyFiles Library/Bee/PlayerScriptAssemblies/Unity.Analytics.DataPrivacy.pdb
[386/401    0s] CopyFiles Library/Bee/PlayerScriptAssemblies/UnityEngine.Purchasing.WinRTCore.pdb
[387/401    0s] CopyFiles Library/Bee/PlayerScriptAssemblies/Unity.Timeline.pdb
[388/401    0s] CopyFiles Library/Bee/PlayerScriptAssemblies/Unity.Services.Core.pdb
[389/401    0s] CopyFiles Library/Bee/PlayerScriptAssemblies/UnityEngine.SpatialTracking.pdb
[390/401    0s] CopyFiles Library/Bee/PlayerScriptAssemblies/Unity.Multiplayer.Center.Common.pdb
[391/401    0s] CopyFiles Library/Bee/PlayerScriptAssemblies/UnityEngine.XR.LegacyInputHelpers.pdb
[392/401    0s] CopyFiles Library/Bee/PlayerScriptAssemblies/Unity.AI.Navigation.pdb
Rebuilding DAG because FileSignature timestamp changed: Library/Bee/1300b0aP-inputdata.json
[393/401    4s] Csc Library/Bee/artifacts/1300b0aP.dag/Assembly-CSharp-firstpass.dll (+2 others)
*** Tundra requires additional run (4.71 seconds), 69 items updated, 392 evaluated
ExitCode: 0 Duration: 0s367ms
Starting: C:\Program Files\Unity\Hub\Editor\6000.5.3f1\Editor\Data\Tools\BuildPipeline\bee_backend.exe --ipc --defer-dag-verification --dagfile="Library/Bee/1300b0aP.dag" --continue-on-failure --dagfilejson="Library\Bee\1300b0aP.dag.json" --profile="Library/Bee/backend2.traceevents" ScriptAssembliesAndTypeDB
WorkingDir: C:/Users/STEEP/Documents/game/phase4_reconstruction/Unity6Project
ExitCode: 0 Duration: 2s244ms
Finished compiling graph: 402 nodes, 4485 flattened edges (4009 ToBuild, 72 ToUse), maximum node priority 270
[394/401    0s] CopyFiles Library/Bee/PlayerScriptAssemblies/Assembly-CSharp-firstpass.pdb
[395/401    0s] CopyFiles Library/Bee/PlayerScriptAssemblies/Assembly-CSharp-firstpass.dll
[396/401    0s] Csc Library/Bee/artifacts/1300b0aP.dag/Assembly-CSharp.dll (+2 others)
[397/401    0s] CopyFiles Library/Bee/PlayerScriptAssemblies/Assembly-CSharp.pdb
[398/401    0s] CopyFiles Library/Bee/PlayerScriptAssemblies/Assembly-CSharp.dll
[400/401    0s] BuildPlayerDataGenerator Library/BuildPlayerData/Player/RuntimeInitializeOnLoads.json (+1 other)
*** Tundra build success (2.22 seconds), 6 items updated, 401 evaluated
Total cache size 97587961
Total cache size after purge 97587961, took 00:00:00.0940622
Rebuilding Data files because the scene list is dirty


Mono dependencies included in the build
Dependency assembly - System.Threading.Tasks.Parallel.dll
Dependency assembly - System.Xaml.dll
Dependency assembly - System.Xml.dll
Dependency assembly - Assembly-CSharp-firstpass.dll
Dependency assembly - Mono.Data.Sqlite.dll
Dependency assembly - System.Net.NameResolution.dll
Dependency assembly - Unity.InternalAPIEngineBridge.004.dll
Dependency assembly - System.Data.Services.dll
Dependency assembly - System.Text.Json.dll
Dependency assembly - Unity.Timeline.dll
Dependency assembly - System.Threading.Timer.dll
Dependency assembly - Microsoft.Win32.Primitives.dll
Dependency assembly - System.Net.Cache.dll
Dependency assembly - System.DirectoryServices.dll
Dependency assembly - System.Dynamic.Runtime.dll
Dependency assembly - System.Security.Principal.Windows.dll
Dependency assembly - System.Data.Common.dll
Dependency assembly - System.Transactions.dll
Dependency assembly - System.Diagnostics.StackTrace.dll
Dependency assembly - System.Net.Mail.dll
Dependency assembly - System.Threading.Overlapped.dll
Dependency assembly - System.Net.Utilities.dll
Dependency assembly - System.Messaging.dll
Dependency assembly - System.Xml.XPath.dll
Dependency assembly - UnityEngine.Purchasing.Security.dll
Dependency assembly - System.Runtime.Numerics.dll
Dependency assembly - System.Text.RegularExpressions.dll
Dependency assembly - System.IO.Compression.dll
Dependency assembly - System.Text.Encodings.Web.dll
Dependency assembly - Assembly-CSharp.dll
Dependency assembly - System.Threading.Tasks.dll
Dependency assembly - System.dll
Dependency assembly - System.Runtime.Caching.dll
Dependency assembly - System.AppContext.dll
Dependency assembly - System.Text.Encoding.CodePages.dll
Dependency assembly - System.Net.dll
Dependency assembly - System.Memory.dll
Dependency assembly - System.Security.Cryptography.X509Certificates.dll
Dependency assembly - System.Runtime.Serialization.Json.dll
Dependency assembly - System.Security.Cryptography.Hashing.Algorithms.dll
Dependency assembly - System.Reflection.Context.dll
Dependency assembly - System.Windows.Forms.DataVisualization.dll
Dependency assembly - Microsoft.Win32.Registry.dll
Dependency assembly - I18N.Other.dll
Dependency assembly - System.Reflection.Emit.ILGeneration.dll
Dependency assembly - System.ServiceModel.NetTcp.dll
Dependency assembly - System.IdentityModel.dll
Dependency assembly - Microsoft.Win32.Registry.AccessControl.dll
Dependency assembly - System.Threading.ThreadPool.dll
Dependency assembly - Unity.Services.Core.Configuration.dll
Dependency assembly - System.Runtime.InteropServices.RuntimeInformation.dll
Dependency assembly - System.Net.WebSockets.dll
Dependency assembly - UnityEngine.Purchasing.WinRTCore.dll
Dependency assembly - I18N.MidEast.dll
Dependency assembly - System.ObjectModel.dll
Dependency assembly - System.Runtime.Remoting.dll
Dependency assembly - System.Runtime.InteropServices.dll
Dependency assembly - System.Collections.Concurrent.dll
Dependency assembly - System.ComponentModel.TypeConverter.dll
Dependency assembly - System.Security.Cryptography.Pkcs.dll
Dependency assembly - System.Data.dll
Dependency assembly - System.IO.FileSystem.DriveInfo.dll
Dependency assembly - System.Linq.Queryable.dll
Dependency assembly - System.Json.dll
Dependency assembly - System.ServiceModel.Security.dll
Dependency assembly - System.Resources.ReaderWriter.dll
Dependency assembly - System.ServiceModel.Internals.dll
Dependency assembly - System.ServiceModel.Routing.dll
Dependency assembly - Unity.Analytics.DataPrivacy.dll
Dependency assembly - System.Numerics.dll
Dependency assembly - I18N.CJK.dll
Dependency assembly - System.Xml.XDocument.dll
Dependency assembly - System.Reflection.Emit.dll
Dependency assembly - System.Collections.NonGeneric.dll
Dependency assembly - Accessibility.dll
Dependency assembly - System.IO.UnmanagedMemoryStream.dll
Dependency assembly - Unity.Services.Core.Registration.dll
Dependency assembly - Unity.Services.Core.Environments.dll
Dependency assembly - System.Web.RegularExpressions.dll
Dependency assembly - System.IO.dll
Dependency assembly - System.Net.WebSockets.Client.dll
Dependency assembly - System.Data.OracleClient.dll
Dependency assembly - System.Numerics.Vectors.dll
Dependency assembly - System.ValueTuple.dll
Dependency assembly - Unity.Services.Core.Device.dll
Dependency assembly - System.IdentityModel.Selectors.dll
Dependency assembly - System.Diagnostics.FileVersionInfo.dll
Dependency assembly - UnityEngine.Purchasing.WinRTStub.dll
Dependency assembly - System.Diagnostics.Tracing.dll
Dependency assembly - System.Runtime.Serialization.Primitives.dll
Dependency assembly - UnityEngine.XR.LegacyInputHelpers.dll
Dependency assembly - System.ComponentModel.Composition.dll
Dependency assembly - System.Xml.XPath.XmlDocument.dll
Dependency assembly - I18N.West.dll
Dependency assembly - System.Globalization.Extensions.dll
Dependency assembly - Unity.Services.Core.Internal.dll
Dependency assembly - System.Security.Cryptography.Cng.dll
Dependency assembly - System.Security.Cryptography.Encryption.Aes.dll
Dependency assembly - Unity.Services.Analytics.dll
Dependency assembly - System.Runtime.dll
Dependency assembly - Mono.Data.Tds.dll
Dependency assembly - UnityEngine.Purchasing.Stores.dll
Dependency assembly - System.Net.Security.dll
Dependency assembly - System.Xml.Linq.dll
Dependency assembly - System.Net.Http.WebRequest.dll
Dependency assembly - UnityEngine.Purchasing.AppleMacosStub.dll
Dependency assembly - System.Net.ServicePoint.dll
Dependency assembly - System.Diagnostics.Tools.dll
Dependency assembly - System.Net.Sockets.dll
Dependency assembly - System.Security.Cryptography.ProtectedData.dll
Dependency assembly - System.Runtime.Serialization.dll
Dependency assembly - System.Security.Principal.dll
Dependency assembly - System.Data.DataSetExtensions.dll
Dependency assembly - System.Security.SecureString.dll
Dependency assembly - System.Threading.AccessControl.dll
Dependency assembly - System.Reflection.Primitives.dll
Dependency assembly - System.Threading.dll
Dependency assembly - netstandard.dll
Dependency assembly - System.Diagnostics.DiagnosticSource.dll
Dependency assembly - System.Diagnostics.TraceSource.dll
Dependency assembly - System.Data.Entity.dll
Dependency assembly - System.Drawing.Design.dll
Dependency assembly - System.Net.Http.dll
Dependency assembly - System.IO.MemoryMappedFiles.dll
Dependency assembly - System.ComponentModel.EventBasedAsync.dll
Dependency assembly - System.IO.Compression.FileSystem.dll
Dependency assembly - System.IO.FileSystem.AccessControl.dll
Dependency assembly - System.Drawing.Primitives.dll
Dependency assembly - System.Security.Cryptography.Primitives.dll
Dependency assembly - Unity.Multiplayer.Center.Common.dll
Dependency assembly - System.ComponentModel.Annotations.dll
Dependency assembly - System.Diagnostics.Process.dll
Dependency assembly - System.Drawing.dll
Dependency assembly - System.Management.dll
Dependency assembly - System.Design.dll
Dependency assembly - System.Globalization.Calendars.dll
Dependency assembly - System.Xml.Serialization.dll
Dependency assembly - System.IO.IsolatedStorage.dll
Dependency assembly - System.Linq.Parallel.dll
Dependency assembly - System.Globalization.dll
Dependency assembly - System.Web.Extensions.dll
Dependency assembly - System.Runtime.Handles.dll
Dependency assembly - System.Security.AccessControl.dll
Dependency assembly - System.Linq.dll
Dependency assembly - UnityEngine.UI.dll
Dependency assembly - Unity.Services.Core.Analytics.dll
Dependency assembly - System.Reflection.dll
Dependency assembly - System.ComponentModel.dll
Dependency assembly - System.Reflection.Emit.Lightweight.dll
Dependency assembly - System.Text.Encoding.Extensions.dll
Dependency assembly - System.Text.Encoding.dll
Dependency assembly - UnityEngine.Purchasing.AppleCore.dll
Dependency assembly - System.Security.Cryptography.DeriveBytes.dll
Dependency assembly - I18N.dll
Dependency assembly - System.ServiceModel.Activation.dll
Dependency assembly - System.ServiceProcess.dll
Dependency assembly - System.Security.Cryptography.Hashing.dll
Dependency assembly - System.ServiceModel.dll
Dependency assembly - System.Diagnostics.TextWriterTraceListener.dll
Dependency assembly - System.Diagnostics.TraceEvent.dll
Dependency assembly - System.Linq.Expressions.dll
Dependency assembly - System.Reflection.DispatchProxy.dll
Dependency assembly - System.Security.Cryptography.Algorithms.dll
Dependency assembly - System.Xml.XmlSerializer.dll
Dependency assembly - Microsoft.Extensions.Logging.Abstractions.dll
Dependency assembly - System.Runtime.Serialization.Formatters.dll
Dependency assembly - Unity.TextMeshPro.dll
Dependency assembly - System.Resources.ResourceManager.dll
Dependency assembly - System.ServiceModel.Web.dll
Dependency assembly - Microsoft.Bcl.AsyncInterfaces.dll
Dependency assembly - System.Runtime.InteropServices.WindowsRuntime.dll
Dependency assembly - Purchasing.Common.dll
Dependency assembly - System.Runtime.CompilerServices.VisualC.dll
Dependency assembly - System.Core.dll
Dependency assembly - System.Security.Cryptography.Encryption.dll
Dependency assembly - System.Runtime.Extensions.dll
Dependency assembly - System.Threading.Tasks.Extensions.dll
Dependency assembly - System.Xml.XPath.XDocument.dll
Dependency assembly - Unity.Services.Core.Networking.dll
Dependency assembly - System.IO.Compression.ZipFile.dll
Dependency assembly - Unity.Services.Core.dll
Dependency assembly - System.IO.FileSystem.Watcher.dll
Dependency assembly - System.Security.dll
Dependency assembly - System.Collections.Specialized.dll
Dependency assembly - System.Resources.Reader.dll
Dependency assembly - Unity.AI.Navigation.dll
Dependency assembly - I18N.Rare.dll
Dependency assembly - System.Buffers.dll
Dependency assembly - System.ServiceModel.Discovery.dll
Dependency assembly - System.Net.Ping.dll
Dependency assembly - System.Security.Claims.dll
Dependency assembly - System.Web.ApplicationServices.dll
Dependency assembly - UnityEngine.SpatialTracking.dll
Dependency assembly - Unity.Services.Core.Scheduler.dll
Dependency assembly - System.Runtime.Serialization.Formatters.Soap.dll
Dependency assembly - mscorlib.dll
Dependency assembly - System.ServiceModel.Primitives.dll
Dependency assembly - System.IO.Hashing.dll
Dependency assembly - System.Reflection.TypeExtensions.dll
Dependency assembly - System.Xml.XmlDocument.dll
Dependency assembly - System.Runtime.Loader.dll
Dependency assembly - System.ServiceProcess.ServiceController.dll
Dependency assembly - Unity.Services.Core.Threading.dll
Dependency assembly - System.Net.NetworkInformation.dll
Dependency assembly - System.Net.WebHeaderCollection.dll
Dependency assembly - System.ServiceModel.Duplex.dll
Dependency assembly - System.Web.Extensions.Design.dll
Dependency assembly - System.ComponentModel.Primitives.dll
Dependency assembly - Unity.Services.Core.Components.dll
Dependency assembly - System.Diagnostics.Contracts.dll
Dependency assembly - System.IO.FileSystem.Primitives.dll
Dependency assembly - System.IO.FileSystem.dll
Dependency assembly - System.Runtime.Serialization.Xml.dll
Dependency assembly - System.EnterpriseServices.dll
Dependency assembly - System.Net.HttpListener.dll
Dependency assembly - System.Configuration.dll
Dependency assembly - System.Collections.Immutable.dll
Dependency assembly - System.Security.Cryptography.OpenSsl.dll
Dependency assembly - System.Net.Requests.dll
Dependency assembly - System.Xml.Xsl.Primitives.dll
Dependency assembly - System.Security.Cryptography.RSA.dll
Dependency assembly - System.Security.Cryptography.Encryption.ECDsa.dll
Dependency assembly - Unity.Services.Core.Environments.Internal.dll
Dependency assembly - System.Security.Cryptography.Encryption.ECDiffieHellman.dll
Dependency assembly - System.Windows.Forms.dll
Dependency assembly - System.Runtime.CompilerServices.Unsafe.dll
Dependency assembly - System.Diagnostics.Debug.dll
Dependency assembly - Mono.Security.dll
Dependency assembly - System.ComponentModel.DataAnnotations.dll
Dependency assembly - UnityEngine.Purchasing.Codeless.dll
Dependency assembly - System.ServiceModel.Http.dll
Dependency assembly - System.Data.Linq.dll
Dependency assembly - UnityEngine.Purchasing.SecurityCore.dll
Dependency assembly - System.Net.Primitives.dll
Dependency assembly - System.Reflection.Metadata.dll
Dependency assembly - Unity.Services.Core.Telemetry.dll
Dependency assembly - System.Data.Services.Client.dll
Dependency assembly - System.Threading.Thread.dll
Dependency assembly - System.Security.Cryptography.Csp.dll
Dependency assembly - System.Xml.ReaderWriter.dll
Dependency assembly - System.Data.SqlClient.dll
Dependency assembly - System.Windows.dll
Dependency assembly - System.Security.Cryptography.Encoding.dll
Dependency assembly - System.IO.Pipes.dll
Dependency assembly - UnityEngine.Purchasing.AppleStub.dll
Dependency assembly - UnityEngine.Purchasing.dll
Dependency assembly - Newtonsoft.Json.dll
Dependency assembly - System.Configuration.Install.dll
Dependency assembly - System.Web.Services.dll
Dependency assembly - System.Web.DynamicData.dll
Dependency assembly - System.Web.dll
Dependency assembly - Microsoft.Extensions.DependencyInjection.Abstractions.dll
Dependency assembly - System.Runtime.DurableInstancing.dll
Dependency assembly - System.Console.dll
Dependency assembly - System.Security.Cryptography.RandomNumberGenerator.dll
Dependency assembly - System.Resources.Writer.dll
Dependency assembly - System.Reflection.Extensions.dll
Dependency assembly - Microsoft.CSharp.dll
Dependency assembly - System.Net.AuthenticationManager.dll
Dependency assembly - System.DirectoryServices.Protocols.dll
Dependency assembly - System.Collections.dll

DisplayProgressbar: Fetching assembly references
Game scripts or other custom code contains OnMouse_ event handlers. Presence of such handlers might impact performance on handheld devices.
UnityEngine.Debug:ExtractStackTraceNoAlloc (byte*,int,string)
UnityEngine.StackTraceUtility:ExtractStackTrace ()
UnityEditor.BuildPipeline:BuildPlayerInternal (string[],string,string,UnityEditor.BuildTargetGroup,UnityEditor.BuildTarget,int,UnityEditor.BuildOptions,string[],string[],bool)
UnityEditor.BuildPipeline:BuildPlayer (UnityEditor.BuildPlayerOptions)
AndroidPhase6Builder:Build (string,bool) (at Assets/Editor/AndroidPhase6Builder.cs:33)
AndroidPhase6Builder:BuildApk () (at Assets/Editor/AndroidPhase6Builder.cs:9)

[Assets/Editor/AndroidPhase6Builder.cs line 33]

Opening scene 'Assets/Scenes/Tracks/Phineas Track 1.unity'
Unloading 148 Unused Serialized files (Serialized files now loaded: 0)
Component GUI Layer in Prerace Camera for Scene Assets/Scenes/Tracks/Phineas Track 1.unity is no longer available.
It will be removed after you edit this GameObject and save the Scene.
UnityEngine.Debug:ExtractStackTraceNoAlloc (byte*,int,string)
UnityEngine.StackTraceUtility:ExtractStackTrace ()
UnityEditor.BuildPipeline:BuildPlayerInternal (string[],string,string,UnityEditor.BuildTargetGroup,UnityEditor.BuildTarget,int,UnityEditor.BuildOptions,string[],string[],bool)
UnityEditor.BuildPipeline:BuildPlayer (UnityEditor.BuildPlayerOptions)
AndroidPhase6Builder:Build (string,bool) (at Assets/Editor/AndroidPhase6Builder.cs:33)
AndroidPhase6Builder:BuildApk () (at Assets/Editor/AndroidPhase6Builder.cs:9)

[Assets/Editor/AndroidPhase6Builder.cs line 33]

Component GUI Layer in Follow Camera for Scene Assets/Scenes/Tracks/Phineas Track 1.unity is no longer available.
It will be removed after you edit this GameObject and save the Scene.
UnityEngine.Debug:ExtractStackTraceNoAlloc (byte*,int,string)
UnityEngine.StackTraceUtility:ExtractStackTrace ()
UnityEditor.BuildPipeline:BuildPlayerInternal (string[],string,string,UnityEditor.BuildTargetGroup,UnityEditor.BuildTarget,int,UnityEditor.BuildOptions,string[],string[],bool)
UnityEditor.BuildPipeline:BuildPlayer (UnityEditor.BuildPlayerOptions)
AndroidPhase6Builder:Build (string,bool) (at Assets/Editor/AndroidPhase6Builder.cs:33)
AndroidPhase6Builder:BuildApk () (at Assets/Editor/AndroidPhase6Builder.cs:9)

[Assets/Editor/AndroidPhase6Builder.cs line 33]

Loaded scene 'Assets/Scenes/Tracks/Phineas Track 1.unity'
	Deserialize:            95.463 ms
	Integration:            61.206 ms
	Integration of assets:  6.099 ms
	Thread Wait Time:       0.009 ms
	Total Operation Time:   162.778 ms
Unloading 63 unused Assets / (0.8 MB). Loaded Objects now: 7789.
Memory consumption went from 311.2 MB to 310.5 MB.
Total: 9.619900 ms (FindLiveObjects: 0.472800 ms CreateObjectMapping: 0.777200 ms MarkObjects: 7.954200 ms  DeleteObjects: 0.414200 ms)

Opening scene 'Assets/Scenes/CloudStrap.unity'
Component GUI Layer in Main Camera for Scene Assets/Scenes/CloudStrap.unity is no longer available.
It will be removed after you edit this GameObject and save the Scene.
UnityEngine.Debug:ExtractStackTraceNoAlloc (byte*,int,string)
UnityEngine.StackTraceUtility:ExtractStackTrace ()
UnityEditor.BuildPipeline:BuildPlayerInternal (string[],string,string,UnityEditor.BuildTargetGroup,UnityEditor.BuildTarget,int,UnityEditor.BuildOptions,string[],string[],bool)
UnityEditor.BuildPipeline:BuildPlayer (UnityEditor.BuildPlayerOptions)
AndroidPhase6Builder:Build (string,bool) (at Assets/Editor/AndroidPhase6Builder.cs:33)
AndroidPhase6Builder:BuildApk () (at Assets/Editor/AndroidPhase6Builder.cs:9)

[Assets/Editor/AndroidPhase6Builder.cs line 33]

Unloading 1019 Unused Serialized files (Serialized files now loaded: 0)
Loaded scene 'Assets/Scenes/CloudStrap.unity'
	Deserialize:            3.868 ms
	Integration:            16.800 ms
	Integration of assets:  0.029 ms
	Thread Wait Time:       0.012 ms
	Total Operation Time:   20.710 ms
Unloading 4956 unused Assets / (62.4 MB). Loaded Objects now: 4200.
Memory consumption went from 374.4 MB to 312.1 MB.
Total: 20.835500 ms (FindLiveObjects: 0.570800 ms CreateObjectMapping: 1.505000 ms MarkObjects: 8.838600 ms  DeleteObjects: 9.919500 ms)

Opening scene 'Assets/Scenes/PreFrontEnd.unity'
Unloading 13 Unused Serialized files (Serialized files now loaded: 0)
Component GUI Layer in Main Camera for Scene Assets/Scenes/PreFrontEnd.unity is no longer available.
It will be removed after you edit this GameObject and save the Scene.
UnityEngine.Debug:ExtractStackTraceNoAlloc (byte*,int,string)
UnityEngine.StackTraceUtility:ExtractStackTrace ()
UnityEditor.BuildPipeline:BuildPlayerInternal (string[],string,string,UnityEditor.BuildTargetGroup,UnityEditor.BuildTarget,int,UnityEditor.BuildOptions,string[],string[],bool)
UnityEditor.BuildPipeline:BuildPlayer (UnityEditor.BuildPlayerOptions)
AndroidPhase6Builder:Build (string,bool) (at Assets/Editor/AndroidPhase6Builder.cs:33)
AndroidPhase6Builder:BuildApk () (at Assets/Editor/AndroidPhase6Builder.cs:9)

[Assets/Editor/AndroidPhase6Builder.cs line 33]

Loaded scene 'Assets/Scenes/PreFrontEnd.unity'
	Deserialize:            2.073 ms
	Integration:            16.554 ms
	Integration of assets:  0.034 ms
	Thread Wait Time:       0.060 ms
	Total Operation Time:   18.721 ms
Unloading 36 unused Assets / (0.8 MB). Loaded Objects now: 4164.
Memory consumption went from 306.6 MB to 305.9 MB.
Total: 12.489800 ms (FindLiveObjects: 0.344900 ms CreateObjectMapping: 0.737000 ms MarkObjects: 9.667200 ms  DeleteObjects: 1.739200 ms)

Opening scene 'Assets/Scenes/Front End/FrontEndTest.unity'
Unloading 641 Unused Serialized files (Serialized files now loaded: 0)
Component GUI Layer in Main Camera for Scene Assets/Scenes/Front End/FrontEndTest.unity is no longer available.
It will be removed after you edit this GameObject and save the Scene.
UnityEngine.Debug:ExtractStackTraceNoAlloc (byte*,int,string)
UnityEngine.StackTraceUtility:ExtractStackTrace ()
UnityEditor.BuildPipeline:BuildPlayerInternal (string[],string,string,UnityEditor.BuildTargetGroup,UnityEditor.BuildTarget,int,UnityEditor.BuildOptions,string[],string[],bool)
UnityEditor.BuildPipeline:BuildPlayer (UnityEditor.BuildPlayerOptions)
AndroidPhase6Builder:Build (string,bool) (at Assets/Editor/AndroidPhase6Builder.cs:33)
AndroidPhase6Builder:BuildApk () (at Assets/Editor/AndroidPhase6Builder.cs:9)

[Assets/Editor/AndroidPhase6Builder.cs line 33]

Loaded scene 'Assets/Scenes/Front End/FrontEndTest.unity'
	Deserialize:            255.847 ms
	Integration:            19.691 ms
	Integration of assets:  31.087 ms
	Thread Wait Time:       0.063 ms
	Total Operation Time:   306.688 ms
Unloading 3 unused Assets / (232.6 KB). Loaded Objects now: 9054.
Memory consumption went from 316.4 MB to 316.2 MB.
Total: 10.109600 ms (FindLiveObjects: 0.473600 ms CreateObjectMapping: 1.443000 ms MarkObjects: 8.074500 ms  DeleteObjects: 0.116700 ms)

Opening scene 'Assets/Scenes/Front End/Loading.unity'
Unloading 181 Unused Serialized files (Serialized files now loaded: 0)
Loaded scene 'Assets/Scenes/Front End/Loading.unity'
	Deserialize:            2.712 ms
	Integration:            13.743 ms
	Integration of assets:  0.003 ms
	Thread Wait Time:       0.148 ms
	Total Operation Time:   16.606 ms
Unloading 4650 unused Assets / (29.0 MB). Loaded Objects now: 4490.
Memory consumption went from 348.8 MB to 319.7 MB.
Total: 13.274900 ms (FindLiveObjects: 0.428300 ms CreateObjectMapping: 1.269300 ms MarkObjects: 7.061300 ms  DeleteObjects: 4.514400 ms)

Opening scene 'Assets/Scenes/MoreDisney.unity'
Unloading 18 Unused Serialized files (Serialized files now loaded: 0)
Component GUI Layer in Main Camera for Scene Assets/Scenes/MoreDisney.unity is no longer available.
It will be removed after you edit this GameObject and save the Scene.
UnityEngine.Debug:ExtractStackTraceNoAlloc (byte*,int,string)
UnityEngine.StackTraceUtility:ExtractStackTrace ()
UnityEditor.BuildPipeline:BuildPlayerInternal (string[],string,string,UnityEditor.BuildTargetGroup,UnityEditor.BuildTarget,int,UnityEditor.BuildOptions,string[],string[],bool)
UnityEditor.BuildPipeline:BuildPlayer (UnityEditor.BuildPlayerOptions)
AndroidPhase6Builder:Build (string,bool) (at Assets/Editor/AndroidPhase6Builder.cs:33)
AndroidPhase6Builder:BuildApk () (at Assets/Editor/AndroidPhase6Builder.cs:9)

[Assets/Editor/AndroidPhase6Builder.cs line 33]

Loaded scene 'Assets/Scenes/MoreDisney.unity'
	Deserialize:            1.672 ms
	Integration:            15.115 ms
	Integration of assets:  0.040 ms
	Thread Wait Time:       0.034 ms
	Total Operation Time:   16.862 ms
Unloading 130 unused Assets / (162.7 KB). Loaded Objects now: 4176.
Memory consumption went from 318.5 MB to 318.3 MB.
Total: 8.131300 ms (FindLiveObjects: 0.210500 ms CreateObjectMapping: 0.438000 ms MarkObjects: 7.064900 ms  DeleteObjects: 0.416800 ms)

Opening scene 'Assets/Scenes/Front End/RaceResults.unity'
Unloading 62 Unused Serialized files (Serialized files now loaded: 0)
Component GUI Layer in Main Camera for Scene Assets/Scenes/Front End/RaceResults.unity is no longer available.
It will be removed after you edit this GameObject and save the Scene.
UnityEngine.Debug:ExtractStackTraceNoAlloc (byte*,int,string)
UnityEngine.StackTraceUtility:ExtractStackTrace ()
UnityEditor.BuildPipeline:BuildPlayerInternal (string[],string,string,UnityEditor.BuildTargetGroup,UnityEditor.BuildTarget,int,UnityEditor.BuildOptions,string[],string[],bool)
UnityEditor.BuildPipeline:BuildPlayer (UnityEditor.BuildPlayerOptions)
AndroidPhase6Builder:Build (string,bool) (at Assets/Editor/AndroidPhase6Builder.cs:33)
AndroidPhase6Builder:BuildApk () (at Assets/Editor/AndroidPhase6Builder.cs:9)

[Assets/Editor/AndroidPhase6Builder.cs line 33]

Loaded scene 'Assets/Scenes/Front End/RaceResults.unity'
	Deserialize:            16.904 ms
	Integration:            16.140 ms
	Integration of assets:  1.763 ms
	Thread Wait Time:       0.223 ms
	Total Operation Time:   35.030 ms
Unloading 6 unused Assets / (6.3 KB). Loaded Objects now: 5204.
Memory consumption went from 313.0 MB to 313.0 MB.
Total: 8.977800 ms (FindLiveObjects: 0.247600 ms CreateObjectMapping: 0.472400 ms MarkObjects: 8.134700 ms  DeleteObjects: 0.122100 ms)

Opening scene 'Assets/Scenes/Tracks/Fish Hooks Track 1.unity'
Unloading 173 Unused Serialized files (Serialized files now loaded: 0)
Component Particle Animator in Bubbles deco for Scene Assets/Scenes/Tracks/Fish Hooks Track 1.unity is no longer available.
It will be removed after you edit this GameObject and save the Scene.
UnityEngine.Debug:ExtractStackTraceNoAlloc (byte*,int,string)
UnityEngine.StackTraceUtility:ExtractStackTrace ()
UnityEditor.BuildPipeline:BuildPlayerInternal (string[],string,string,UnityEditor.BuildTargetGroup,UnityEditor.BuildTarget,int,UnityEditor.BuildOptions,string[],string[],bool)
UnityEditor.BuildPipeline:BuildPlayer (UnityEditor.BuildPlayerOptions)
AndroidPhase6Builder:Build (string,bool) (at Assets/Editor/AndroidPhase6Builder.cs:33)
AndroidPhase6Builder:BuildApk () (at Assets/Editor/AndroidPhase6Builder.cs:9)

[Assets/Editor/AndroidPhase6Builder.cs line 33]

Component Particle Animator in Bubbles deco for Scene Assets/Scenes/Tracks/Fish Hooks Track 1.unity is no longer available.
It will be removed after you edit this GameObject and save the Scene.
UnityEngine.Debug:ExtractStackTraceNoAlloc (byte*,int,string)
UnityEngine.StackTraceUtility:ExtractStackTrace ()
UnityEditor.BuildPipeline:BuildPlayerInternal (string[],string,string,UnityEditor.BuildTargetGroup,UnityEditor.BuildTarget,int,UnityEditor.BuildOptions,string[],string[],bool)
UnityEditor.BuildPipeline:BuildPlayer (UnityEditor.BuildPlayerOptions)
AndroidPhase6Builder:Build (string,bool) (at Assets/Editor/AndroidPhase6Builder.cs:33)
AndroidPhase6Builder:BuildApk () (at Assets/Editor/AndroidPhase6Builder.cs:9)

[Assets/Editor/AndroidPhase6Builder.cs line 33]

Component Particle Animator in Bubbles deco for Scene Assets/Scenes/Tracks/Fish Hooks Track 1.unity is no longer available.
It will be removed after you edit this GameObject and save the Scene.
UnityEngine.Debug:ExtractStackTraceNoAlloc (byte*,int,string)
UnityEngine.StackTraceUtility:ExtractStackTrace ()
UnityEditor.BuildPipeline:BuildPlayerInternal (string[],string,string,UnityEditor.BuildTargetGroup,UnityEditor.BuildTarget,int,UnityEditor.BuildOptions,string[],string[],bool)
UnityEditor.BuildPipeline:BuildPlayer (UnityEditor.BuildPlayerOptions)
AndroidPhase6Builder:Build (string,bool) (at Assets/Editor/AndroidPhase6Builder.cs:33)
AndroidPhase6Builder:BuildApk () (at Assets/Editor/AndroidPhase6Builder.cs:9)

[Assets/Editor/AndroidPhase6Builder.cs line 33]

Component Particle Animator in Bubbles deco for Scene Assets/Scenes/Tracks/Fish Hooks Track 1.unity is no longer available.
It will be removed after you edit this GameObject and save the Scene.
UnityEngine.Debug:ExtractStackTraceNoAlloc (byte*,int,string)
UnityEngine.StackTraceUtility:ExtractStackTrace ()
UnityEditor.BuildPipeline:BuildPlayerInternal (string[],string,string,UnityEditor.BuildTargetGroup,UnityEditor.BuildTarget,int,UnityEditor.BuildOptions,string[],string[],bool)
UnityEditor.BuildPipeline:BuildPlayer (UnityEditor.BuildPlayerOptions)
AndroidPhase6Builder:Build (string,bool) (at Assets/Editor/AndroidPhase6Builder.cs:33)
AndroidPhase6Builder:BuildApk () (at Assets/Editor/AndroidPhase6Builder.cs:9)

[Assets/Editor/AndroidPhase6Builder.cs line 33]

Component Particle Animator in Bubbles deco for Scene Assets/Scenes/Tracks/Fish Hooks Track 1.unity is no longer available.
It will be removed after you edit this GameObject and save the Scene.
UnityEngine.Debug:ExtractStackTraceNoAlloc (byte*,int,string)
UnityEngine.StackTraceUtility:ExtractStackTrace ()
UnityEditor.BuildPipeline:BuildPlayerInternal (string[],string,string,UnityEditor.BuildTargetGroup,UnityEditor.BuildTarget,int,UnityEditor.BuildOptions,string[],string[],bool)
UnityEditor.BuildPipeline:BuildPlayer (UnityEditor.BuildPlayerOptions)
AndroidPhase6Builder:Build (string,bool) (at Assets/Editor/AndroidPhase6Builder.cs:33)
AndroidPhase6Builder:BuildApk () (at Assets/Editor/AndroidPhase6Builder.cs:9)

[Assets/Editor/AndroidPhase6Builder.cs line 33]

Component Particle Animator in Bubbles deco for Scene Assets/Scenes/Tracks/Fish Hooks Track 1.unity is no longer available.
It will be removed after you edit this GameObject and save the Scene.
UnityEngine.Debug:ExtractStackTraceNoAlloc (byte*,int,string)
UnityEngine.StackTraceUtility:ExtractStackTrace ()
UnityEditor.BuildPipeline:BuildPlayerInternal (string[],string,string,UnityEditor.BuildTargetGroup,UnityEditor.BuildTarget,int,UnityEditor.BuildOptions,string[],string[],bool)
UnityEditor.BuildPipeline:BuildPlayer (UnityEditor.BuildPlayerOptions)
AndroidPhase6Builder:Build (string,bool) (at Assets/Editor/AndroidPhase6Builder.cs:33)
AndroidPhase6Builder:BuildApk () (at Assets/Editor/AndroidPhase6Builder.cs:9)

[Assets/Editor/AndroidPhase6Builder.cs line 33]

Component Particle Animator in Bubbles deco for Scene Assets/Scenes/Tracks/Fish Hooks Track 1.unity is no longer available.
It will be removed after you edit this GameObject and save the Scene.
UnityEngine.Debug:ExtractStackTraceNoAlloc (byte*,int,string)
UnityEngine.StackTraceUtility:ExtractStackTrace ()
UnityEditor.BuildPipeline:BuildPlayerInternal (string[],string,string,UnityEditor.BuildTargetGroup,UnityEditor.BuildTarget,int,UnityEditor.BuildOptions,string[],string[],bool)
UnityEditor.BuildPipeline:BuildPlayer (UnityEditor.BuildPlayerOptions)
AndroidPhase6Builder:Build (string,bool) (at Assets/Editor/AndroidPhase6Builder.cs:33)
AndroidPhase6Builder:BuildApk () (at Assets/Editor/AndroidPhase6Builder.cs:9)

[Assets/Editor/AndroidPhase6Builder.cs line 33]

Component Ellipsoid Particle Emitter in Bubbles deco for Scene Assets/Scenes/Tracks/Fish Hooks Track 1.unity is no longer available.
It will be removed after you edit this GameObject and save the Scene.
UnityEngine.Debug:ExtractStackTraceNoAlloc (byte*,int,string)
UnityEngine.StackTraceUtility:ExtractStackTrace ()
UnityEditor.BuildPipeline:BuildPlayerInternal (string[],string,string,UnityEditor.BuildTargetGroup,UnityEditor.BuildTarget,int,UnityEditor.BuildOptions,string[],string[],bool)
UnityEditor.BuildPipeline:BuildPlayer (UnityEditor.BuildPlayerOptions)
AndroidPhase6Builder:Build (string,bool) (at Assets/Editor/AndroidPhase6Builder.cs:33)
AndroidPhase6Builder:BuildApk () (at Assets/Editor/AndroidPhase6Builder.cs:9)

[Assets/Editor/AndroidPhase6Builder.cs line 33]

Component Ellipsoid Particle Emitter in Bubbles deco for Scene Assets/Scenes/Tracks/Fish Hooks Track 1.unity is no longer available.
It will be removed after you edit this GameObject and save the Scene.
UnityEngine.Debug:ExtractStackTraceNoAlloc (byte*,int,string)
UnityEngine.StackTraceUtility:ExtractStackTrace ()
UnityEditor.BuildPipeline:BuildPlayerInternal (string[],string,string,UnityEditor.BuildTargetGroup,UnityEditor.BuildTarget,int,UnityEditor.BuildOptions,string[],string[],bool)
UnityEditor.BuildPipeline:BuildPlayer (UnityEditor.BuildPlayerOptions)
AndroidPhase6Builder:Build (string,bool) (at Assets/Editor/AndroidPhase6Builder.cs:33)
AndroidPhase6Builder:BuildApk () (at Assets/Editor/AndroidPhase6Builder.cs:9)

[Assets/Editor/AndroidPhase6Builder.cs line 33]

Component Ellipsoid Particle Emitter in Bubbles deco for Scene Assets/Scenes/Tracks/Fish Hooks Track 1.unity is no longer available.
It will be removed after you edit this GameObject and save the Scene.
UnityEngine.Debug:ExtractStackTraceNoAlloc (byte*,int,string)
UnityEngine.StackTraceUtility:ExtractStackTrace ()
UnityEditor.BuildPipeline:BuildPlayerInternal (string[],string,string,UnityEditor.BuildTargetGroup,UnityEditor.BuildTarget,int,UnityEditor.BuildOptions,string[],string[],bool)
UnityEditor.BuildPipeline:BuildPlayer (UnityEditor.BuildPlayerOptions)
AndroidPhase6Builder:Build (string,bool) (at Assets/Editor/AndroidPhase6Builder.cs:33)
AndroidPhase6Builder:BuildApk () (at Assets/Editor/AndroidPhase6Builder.cs:9)

[Assets/Editor/AndroidPhase6Builder.cs line 33]

Component Ellipsoid Particle Emitter in Bubbles deco for Scene Assets/Scenes/Tracks/Fish Hooks Track 1.unity is no longer available.
It will be removed after you edit this GameObject and save the Scene.
UnityEngine.Debug:ExtractStackTraceNoAlloc (byte*,int,string)
UnityEngine.StackTraceUtility:ExtractStackTrace ()
UnityEditor.BuildPipeline:BuildPlayerInternal (string[],string,string,UnityEditor.BuildTargetGroup,UnityEditor.BuildTarget,int,UnityEditor.BuildOptions,string[],string[],bool)
UnityEditor.BuildPipeline:BuildPlayer (UnityEditor.BuildPlayerOptions)
AndroidPhase6Builder:Build (string,bool) (at Assets/Editor/AndroidPhase6Builder.cs:33)
AndroidPhase6Builder:BuildApk () (at Assets/Editor/AndroidPhase6Builder.cs:9)

[Assets/Editor/AndroidPhase6Builder.cs line 33]

Component Ellipsoid Particle Emitter in Bubbles deco for Scene Assets/Scenes/Tracks/Fish Hooks Track 1.unity is no longer available.
It will be removed after you edit this GameObject and save the Scene.
UnityEngine.Debug:ExtractStackTraceNoAlloc (byte*,int,string)
UnityEngine.StackTraceUtility:ExtractStackTrace ()
UnityEditor.BuildPipeline:BuildPlayerInternal (string[],string,string,UnityEditor.BuildTargetGroup,UnityEditor.BuildTarget,int,UnityEditor.BuildOptions,string[],string[],bool)
UnityEditor.BuildPipeline:BuildPlayer (UnityEditor.BuildPlayerOptions)
AndroidPhase6Builder:Build (string,bool) (at Assets/Editor/AndroidPhase6Builder.cs:33)
AndroidPhase6Builder:BuildApk () (at Assets/Editor/AndroidPhase6Builder.cs:9)

[Assets/Editor/AndroidPhase6Builder.cs line 33]

Component Ellipsoid Particle Emitter in Bubbles deco for Scene Assets/Scenes/Tracks/Fish Hooks Track 1.unity is no longer available.
It will be removed after you edit this GameObject and save the Scene.
UnityEngine.Debug:ExtractStackTraceNoAlloc (byte*,int,string)
UnityEngine.StackTraceUtility:ExtractStackTrace ()
UnityEditor.BuildPipeline:BuildPlayerInternal (string[],string,string,UnityEditor.BuildTargetGroup,UnityEditor.BuildTarget,int,UnityEditor.BuildOptions,string[],string[],bool)
UnityEditor.BuildPipeline:BuildPlayer (UnityEditor.BuildPlayerOptions)
AndroidPhase6Builder:Build (string,bool) (at Assets/Editor/AndroidPhase6Builder.cs:33)
AndroidPhase6Builder:BuildApk () (at Assets/Editor/AndroidPhase6Builder.cs:9)

[Assets/Editor/AndroidPhase6Builder.cs line 33]

Component Ellipsoid Particle Emitter in Bubbles deco for Scene Assets/Scenes/Tracks/Fish Hooks Track 1.unity is no longer available.
It will be removed after you edit this GameObject and save the Scene.
UnityEngine.Debug:ExtractStackTraceNoAlloc (byte*,int,string)
UnityEngine.StackTraceUtility:ExtractStackTrace ()
UnityEditor.BuildPipeline:BuildPlayerInternal (string[],string,string,UnityEditor.BuildTargetGroup,UnityEditor.BuildTarget,int,UnityEditor.BuildOptions,string[],string[],bool)
UnityEditor.BuildPipeline:BuildPlayer (UnityEditor.BuildPlayerOptions)
AndroidPhase6Builder:Build (string,bool) (at Assets/Editor/AndroidPhase6Builder.cs:33)
AndroidPhase6Builder:BuildApk () (at Assets/Editor/AndroidPhase6Builder.cs:9)

[Assets/Editor/AndroidPhase6Builder.cs line 33]

Component Particle Renderer in Bubbles deco for Scene Assets/Scenes/Tracks/Fish Hooks Track 1.unity is no longer available.
It will be removed after you edit this GameObject and save the Scene.
UnityEngine.Debug:ExtractStackTraceNoAlloc (byte*,int,string)
UnityEngine.StackTraceUtility:ExtractStackTrace ()
UnityEditor.BuildPipeline:BuildPlayerInternal (string[],string,string,UnityEditor.BuildTargetGroup,UnityEditor.BuildTarget,int,UnityEditor.BuildOptions,string[],string[],bool)
UnityEditor.BuildPipeline:BuildPlayer (UnityEditor.BuildPlayerOptions)
AndroidPhase6Builder:Build (string,bool) (at Assets/Editor/AndroidPhase6Builder.cs:33)
AndroidPhase6Builder:BuildApk () (at Assets/Editor/AndroidPhase6Builder.cs:9)

[Assets/Editor/AndroidPhase6Builder.cs line 33]

Component Particle Renderer in Bubbles deco for Scene Assets/Scenes/Tracks/Fish Hooks Track 1.unity is no longer available.
It will be removed after you edit this GameObject and save the Scene.
UnityEngine.Debug:ExtractStackTraceNoAlloc (byte*,int,string)
UnityEngine.StackTraceUtility:ExtractStackTrace ()
UnityEditor.BuildPipeline:BuildPlayerInternal (string[],string,string,UnityEditor.BuildTargetGroup,UnityEditor.BuildTarget,int,UnityEditor.BuildOptions,string[],string[],bool)
UnityEditor.BuildPipeline:BuildPlayer (UnityEditor.BuildPlayerOptions)
AndroidPhase6Builder:Build (string,bool) (at Assets/Editor/AndroidPhase6Builder.cs:33)
AndroidPhase6Builder:BuildApk () (at Assets/Editor/AndroidPhase6Builder.cs:9)

[Assets/Editor/AndroidPhase6Builder.cs line 33]

Component Particle Renderer in Bubbles deco for Scene Assets/Scenes/Tracks/Fish Hooks Track 1.unity is no longer available.
It will be removed after you edit this GameObject and save the Scene.
UnityEngine.Debug:ExtractStackTraceNoAlloc (byte*,int,string)
UnityEngine.StackTraceUtility:ExtractStackTrace ()
UnityEditor.BuildPipeline:BuildPlayerInternal (string[],string,string,UnityEditor.BuildTargetGroup,UnityEditor.BuildTarget,int,UnityEditor.BuildOptions,string[],string[],bool)
UnityEditor.BuildPipeline:BuildPlayer (UnityEditor.BuildPlayerOptions)
AndroidPhase6Builder:Build (string,bool) (at Assets/Editor/AndroidPhase6Builder.cs:33)
AndroidPhase6Builder:BuildApk () (at Assets/Editor/AndroidPhase6Builder.cs:9)

[Assets/Editor/AndroidPhase6Builder.cs line 33]

Component Particle Renderer in Bubbles deco for Scene Assets/Scenes/Tracks/Fish Hooks Track 1.unity is no longer available.
It will be removed after you edit this GameObject and save the Scene.
UnityEngine.Debug:ExtractStackTraceNoAlloc (byte*,int,string)
UnityEngine.StackTraceUtility:ExtractStackTrace ()
UnityEditor.BuildPipeline:BuildPlayerInternal (string[],string,string,UnityEditor.BuildTargetGroup,UnityEditor.BuildTarget,int,UnityEditor.BuildOptions,string[],string[],bool)
UnityEditor.BuildPipeline:BuildPlayer (UnityEditor.BuildPlayerOptions)
AndroidPhase6Builder:Build (string,bool) (at Assets/Editor/AndroidPhase6Builder.cs:33)
AndroidPhase6Builder:BuildApk () (at Assets/Editor/AndroidPhase6Builder.cs:9)

[Assets/Editor/AndroidPhase6Builder.cs line 33]

Component Particle Renderer in Bubbles deco for Scene Assets/Scenes/Tracks/Fish Hooks Track 1.unity is no longer available.
It will be removed after you edit this GameObject and save the Scene.
UnityEngine.Debug:ExtractStackTraceNoAlloc (byte*,int,string)
UnityEngine.StackTraceUtility:ExtractStackTrace ()
UnityEditor.BuildPipeline:BuildPlayerInternal (string[],string,string,UnityEditor.BuildTargetGroup,UnityEditor.BuildTarget,int,UnityEditor.BuildOptions,string[],string[],bool)
UnityEditor.BuildPipeline:BuildPlayer (UnityEditor.BuildPlayerOptions)
AndroidPhase6Builder:Build (string,bool) (at Assets/Editor/AndroidPhase6Builder.cs:33)
AndroidPhase6Builder:BuildApk () (at Assets/Editor/AndroidPhase6Builder.cs:9)

[Assets/Editor/AndroidPhase6Builder.cs line 33]

Component Particle Renderer in Bubbles deco for Scene Assets/Scenes/Tracks/Fish Hooks Track 1.unity is no longer available.
It will be removed after you edit this GameObject and save the Scene.
UnityEngine.Debug:ExtractStackTraceNoAlloc (byte*,int,string)
UnityEngine.StackTraceUtility:ExtractStackTrace ()
UnityEditor.BuildPipeline:BuildPlayerInternal (string[],string,string,UnityEditor.BuildTargetGroup,UnityEditor.BuildTarget,int,UnityEditor.BuildOptions,string[],string[],bool)
UnityEditor.BuildPipeline:BuildPlayer (UnityEditor.BuildPlayerOptions)
AndroidPhase6Builder:Build (string,bool) (at Assets/Editor/AndroidPhase6Builder.cs:33)
AndroidPhase6Builder:BuildApk () (at Assets/Editor/AndroidPhase6Builder.cs:9)

[Assets/Editor/AndroidPhase6Builder.cs line 33]

Component Particle Renderer in Bubbles deco for Scene Assets/Scenes/Tracks/Fish Hooks Track 1.unity is no longer available.
It will be removed after you edit this GameObject and save the Scene.
UnityEngine.Debug:ExtractStackTraceNoAlloc (byte*,int,string)
UnityEngine.StackTraceUtility:ExtractStackTrace ()
UnityEditor.BuildPipeline:BuildPlayerInternal (string[],string,string,UnityEditor.BuildTargetGroup,UnityEditor.BuildTarget,int,UnityEditor.BuildOptions,string[],string[],bool)
UnityEditor.BuildPipeline:BuildPlayer (UnityEditor.BuildPlayerOptions)
AndroidPhase6Builder:Build (string,bool) (at Assets/Editor/AndroidPhase6Builder.cs:33)
AndroidPhase6Builder:BuildApk () (at Assets/Editor/AndroidPhase6Builder.cs:9)

[Assets/Editor/AndroidPhase6Builder.cs line 33]

Component GUI Layer in Follow Camera for Scene Assets/Scenes/Tracks/Fish Hooks Track 1.unity is no longer available.
It will be removed after you edit this GameObject and save the Scene.
UnityEngine.Debug:ExtractStackTraceNoAlloc (byte*,int,string)
UnityEngine.StackTraceUtility:ExtractStackTrace ()
UnityEditor.BuildPipeline:BuildPlayerInternal (string[],string,string,UnityEditor.BuildTargetGroup,UnityEditor.BuildTarget,int,UnityEditor.BuildOptions,string[],string[],bool)
UnityEditor.BuildPipeline:BuildPlayer (UnityEditor.BuildPlayerOptions)
AndroidPhase6Builder:Build (string,bool) (at Assets/Editor/AndroidPhase6Builder.cs:33)
AndroidPhase6Builder:BuildApk () (at Assets/Editor/AndroidPhase6Builder.cs:9)

[Assets/Editor/AndroidPhase6Builder.cs line 33]

Component GUI Layer in Prerace Camera for Scene Assets/Scenes/Tracks/Fish Hooks Track 1.unity is no longer available.
It will be removed after you edit this GameObject and save the Scene.
UnityEngine.Debug:ExtractStackTraceNoAlloc (byte*,int,string)
UnityEngine.StackTraceUtility:ExtractStackTrace ()
UnityEditor.BuildPipeline:BuildPlayerInternal (string[],string,string,UnityEditor.BuildTargetGroup,UnityEditor.BuildTarget,int,UnityEditor.BuildOptions,string[],string[],bool)
UnityEditor.BuildPipeline:BuildPlayer (UnityEditor.BuildPlayerOptions)
AndroidPhase6Builder:Build (string,bool) (at Assets/Editor/AndroidPhase6Builder.cs:33)
AndroidPhase6Builder:BuildApk () (at Assets/Editor/AndroidPhase6Builder.cs:9)

[Assets/Editor/AndroidPhase6Builder.cs line 33]

Loaded scene 'Assets/Scenes/Tracks/Fish Hooks Track 1.unity'
	Deserialize:            69.868 ms
	Integration:            36.328 ms
	Integration of assets:  3.734 ms
	Thread Wait Time:       0.014 ms
	Total Operation Time:   109.945 ms
Unloading 439 unused Assets / (176.3 KB). Loaded Objects now: 7468.
Memory consumption went from 327.8 MB to 327.7 MB.
Total: 9.302500 ms (FindLiveObjects: 0.440700 ms CreateObjectMapping: 0.592400 ms MarkObjects: 7.795800 ms  DeleteObjects: 0.472100 ms)

Opening scene 'Assets/Scenes/Tracks/Fish Hooks Track 2.unity'
Component Particle Animator in BubbleJetSIDE for Scene Assets/Scenes/Tracks/Fish Hooks Track 2.unity is no longer available.
It will be removed after you edit this GameObject and save the Scene.
UnityEngine.Debug:ExtractStackTraceNoAlloc (byte*,int,string)
UnityEngine.StackTraceUtility:ExtractStackTrace ()
UnityEditor.BuildPipeline:BuildPlayerInternal (string[],string,string,UnityEditor.BuildTargetGroup,UnityEditor.BuildTarget,int,UnityEditor.BuildOptions,string[],string[],bool)
UnityEditor.BuildPipeline:BuildPlayer (UnityEditor.BuildPlayerOptions)
AndroidPhase6Builder:Build (string,bool) (at Assets/Editor/AndroidPhase6Builder.cs:33)
AndroidPhase6Builder:BuildApk () (at Assets/Editor/AndroidPhase6Builder.cs:9)

[Assets/Editor/AndroidPhase6Builder.cs line 33]

Unloading 171 Unused Serialized files (Serialized files now loaded: 0)
Component Particle Animator in BubbleJetUP for Scene Assets/Scenes/Tracks/Fish Hooks Track 2.unity is no longer available.
It will be removed after you edit this GameObject and save the Scene.
UnityEngine.Debug:ExtractStackTraceNoAlloc (byte*,int,string)
UnityEngine.StackTraceUtility:ExtractStackTrace ()
UnityEditor.BuildPipeline:BuildPlayerInternal (string[],string,string,UnityEditor.BuildTargetGroup,UnityEditor.BuildTarget,int,UnityEditor.BuildOptions,string[],string[],bool)
UnityEditor.BuildPipeline:BuildPlayer (UnityEditor.BuildPlayerOptions)
AndroidPhase6Builder:Build (string,bool) (at Assets/Editor/AndroidPhase6Builder.cs:33)
AndroidPhase6Builder:BuildApk () (at Assets/Editor/AndroidPhase6Builder.cs:9)

[Assets/Editor/AndroidPhase6Builder.cs line 33]

Component Particle Animator in BubbleJetSIDE for Scene Assets/Scenes/Tracks/Fish Hooks Track 2.unity is no longer available.
It will be removed after you edit this GameObject and save the Scene.
UnityEngine.Debug:ExtractStackTraceNoAlloc (byte*,int,string)
UnityEngine.StackTraceUtility:ExtractStackTrace ()
UnityEditor.BuildPipeline:BuildPlayerInternal (string[],string,string,UnityEditor.BuildTargetGroup,UnityEditor.BuildTarget,int,UnityEditor.BuildOptions,string[],string[],bool)
UnityEditor.BuildPipeline:BuildPlayer (UnityEditor.BuildPlayerOptions)
AndroidPhase6Builder:Build (string,bool) (at Assets/Editor/AndroidPhase6Builder.cs:33)
AndroidPhase6Builder:BuildApk () (at Assets/Editor/AndroidPhase6Builder.cs:9)

[Assets/Editor/AndroidPhase6Builder.cs line 33]

Component Particle Animator in Bubbles deco for Scene Assets/Scenes/Tracks/Fish Hooks Track 2.unity is no longer available.
It will be removed after you edit this GameObject and save the Scene.
UnityEngine.Debug:ExtractStackTraceNoAlloc (byte*,int,string)
UnityEngine.StackTraceUtility:ExtractStackTrace ()
UnityEditor.BuildPipeline:BuildPlayerInternal (string[],string,string,UnityEditor.BuildTargetGroup,UnityEditor.BuildTarget,int,UnityEditor.BuildOptions,string[],string[],bool)
UnityEditor.BuildPipeline:BuildPlayer (UnityEditor.BuildPlayerOptions)
AndroidPhase6Builder:Build (string,bool) (at Assets/Editor/AndroidPhase6Builder.cs:33)
AndroidPhase6Builder:BuildApk () (at Assets/Editor/AndroidPhase6Builder.cs:9)

[Assets/Editor/AndroidPhase6Builder.cs line 33]

Component Particle Animator in Bubbles deco for Scene Assets/Scenes/Tracks/Fish Hooks Track 2.unity is no longer available.
It will be removed after you edit this GameObject and save the Scene.
UnityEngine.Debug:ExtractStackTraceNoAlloc (byte*,int,string)
UnityEngine.StackTraceUtility:ExtractStackTrace ()
UnityEditor.BuildPipeline:BuildPlayerInternal (string[],string,string,UnityEditor.BuildTargetGroup,UnityEditor.BuildTarget,int,UnityEditor.BuildOptions,string[],string[],bool)
UnityEditor.BuildPipeline:BuildPlayer (UnityEditor.BuildPlayerOptions)
AndroidPhase6Builder:Build (string,bool) (at Assets/Editor/AndroidPhase6Builder.cs:33)
AndroidPhase6Builder:BuildApk () (at Assets/Editor/AndroidPhase6Builder.cs:9)

[Assets/Editor/AndroidPhase6Builder.cs line 33]

Component Particle Animator in Bubbles deco for Scene Assets/Scenes/Tracks/Fish Hooks Track 2.unity is no longer available.
It will be removed after you edit this GameObject and save the Scene.
UnityEngine.Debug:ExtractStackTraceNoAlloc (byte*,int,string)
UnityEngine.StackTraceUtility:ExtractStackTrace ()
UnityEditor.BuildPipeline:BuildPlayerInternal (string[],string,string,UnityEditor.BuildTargetGroup,UnityEditor.BuildTarget,int,UnityEditor.BuildOptions,string[],string[],bool)
UnityEditor.BuildPipeline:BuildPlayer (UnityEditor.BuildPlayerOptions)
AndroidPhase6Builder:Build (string,bool) (at Assets/Editor/AndroidPhase6Builder.cs:33)
AndroidPhase6Builder:BuildApk () (at Assets/Editor/AndroidPhase6Builder.cs:9)

[Assets/Editor/AndroidPhase6Builder.cs line 33]

Component Particle Animator in BubbleJetSIDE for Scene Assets/Scenes/Tracks/Fish Hooks Track 2.unity is no longer available.
It will be removed after you edit this GameObject and save the Scene.
UnityEngine.Debug:ExtractStackTraceNoAlloc (byte*,int,string)
UnityEngine.StackTraceUtility:ExtractStackTrace ()
UnityEditor.BuildPipeline:BuildPlayerInternal (string[],string,string,UnityEditor.BuildTargetGroup,UnityEditor.BuildTarget,int,UnityEditor.BuildOptions,string[],string[],bool)
UnityEditor.BuildPipeline:BuildPlayer (UnityEditor.BuildPlayerOptions)
AndroidPhase6Builder:Build (string,bool) (at Assets/Editor/AndroidPhase6Builder.cs:33)
AndroidPhase6Builder:BuildApk () (at Assets/Editor/AndroidPhase6Builder.cs:9)

[Assets/Editor/AndroidPhase6Builder.cs line 33]

Component Particle Animator in Bubbles deco for Scene Assets/Scenes/Tracks/Fish Hooks Track 2.unity is no longer available.
It will be removed after you edit this GameObject and save the Scene.
UnityEngine.Debug:ExtractStackTraceNoAlloc (byte*,int,string)
UnityEngine.StackTraceUtility:ExtractStackTrace ()
UnityEditor.BuildPipeline:BuildPlayerInternal (string[],string,string,UnityEditor.BuildTargetGroup,UnityEditor.BuildTarget,int,UnityEditor.BuildOptions,string[],string[],bool)
UnityEditor.BuildPipeline:BuildPlayer (UnityEditor.BuildPlayerOptions)
AndroidPhase6Builder:Build (string,bool) (at Assets/Editor/AndroidPhase6Builder.cs:33)
AndroidPhase6Builder:BuildApk () (at Assets/Editor/AndroidPhase6Builder.cs:9)

[Assets/Editor/AndroidPhase6Builder.cs line 33]

Component Particle Animator in BubbleJetSIDE for Scene Assets/Scenes/Tracks/Fish Hooks Track 2.unity is no longer available.
It will be removed after you edit this GameObject and save the Scene.
UnityEngine.Debug:ExtractStackTraceNoAlloc (byte*,int,string)
UnityEngine.StackTraceUtility:ExtractStackTrace ()
UnityEditor.BuildPipeline:BuildPlayerInternal (string[],string,string,UnityEditor.BuildTargetGroup,UnityEditor.BuildTarget,int,UnityEditor.BuildOptions,string[],string[],bool)
UnityEditor.BuildPipeline:BuildPlayer (UnityEditor.BuildPlayerOptions)
AndroidPhase6Builder:Build (string,bool) (at Assets/Editor/AndroidPhase6Builder.cs:33)
AndroidPhase6Builder:BuildApk () (at Assets/Editor/AndroidPhase6Builder.cs:9)

[Assets/Editor/AndroidPhase6Builder.cs line 33]

Component Particle Animator in BubbleJetUP for Scene Assets/Scenes/Tracks/Fish Hooks Track 2.unity is no longer available.
It will be removed after you edit this GameObject and save the Scene.
UnityEngine.Debug:ExtractStackTraceNoAlloc (byte*,int,string)
UnityEngine.StackTraceUtility:ExtractStackTrace ()
UnityEditor.BuildPipeline:BuildPlayerInternal (string[],string,string,UnityEditor.BuildTargetGroup,UnityEditor.BuildTarget,int,UnityEditor.BuildOptions,string[],string[],bool)
UnityEditor.BuildPipeline:BuildPlayer (UnityEditor.BuildPlayerOptions)
AndroidPhase6Builder:Build (string,bool) (at Assets/Editor/AndroidPhase6Builder.cs:33)
AndroidPhase6Builder:BuildApk () (at Assets/Editor/AndroidPhase6Builder.cs:9)

[Assets/Editor/AndroidPhase6Builder.cs line 33]

Component Particle Animator in Bubbles deco for Scene Assets/Scenes/Tracks/Fish Hooks Track 2.unity is no longer available.
It will be removed after you edit this GameObject and save the Scene.
UnityEngine.Debug:ExtractStackTraceNoAlloc (byte*,int,string)
UnityEngine.StackTraceUtility:ExtractStackTrace ()
UnityEditor.BuildPipeline:BuildPlayerInternal (string[],string,string,UnityEditor.BuildTargetGroup,UnityEditor.BuildTarget,int,UnityEditor.BuildOptions,string[],string[],bool)
UnityEditor.BuildPipeline:BuildPlayer (UnityEditor.BuildPlayerOptions)
AndroidPhase6Builder:Build (string,bool) (at Assets/Editor/AndroidPhase6Builder.cs:33)
AndroidPhase6Builder:BuildApk () (at Assets/Editor/AndroidPhase6Builder.cs:9)

[Assets/Editor/AndroidPhase6Builder.cs line 33]

Component Particle Animator in Bubbles deco for Scene Assets/Scenes/Tracks/Fish Hooks Track 2.unity is no longer available.
It will be removed after you edit this GameObject and save the Scene.
UnityEngine.Debug:ExtractStackTraceNoAlloc (byte*,int,string)
UnityEngine.StackTraceUtility:ExtractStackTrace ()
UnityEditor.BuildPipeline:BuildPlayerInternal (string[],string,string,UnityEditor.BuildTargetGroup,UnityEditor.BuildTarget,int,UnityEditor.BuildOptions,string[],string[],bool)
UnityEditor.BuildPipeline:BuildPlayer (UnityEditor.BuildPlayerOptions)
AndroidPhase6Builder:Build (string,bool) (at Assets/Editor/AndroidPhase6Builder.cs:33)
AndroidPhase6Builder:BuildApk () (at Assets/Editor/AndroidPhase6Builder.cs:9)

[Assets/Editor/AndroidPhase6Builder.cs line 33]

Component Particle Animator in Bubbles deco for Scene Assets/Scenes/Tracks/Fish Hooks Track 2.unity is no longer available.
It will be removed after you edit this GameObject and save the Scene.
UnityEngine.Debug:ExtractStackTraceNoAlloc (byte*,int,string)
UnityEngine.StackTraceUtility:ExtractStackTrace ()
UnityEditor.BuildPipeline:BuildPlayerInternal (string[],string,string,UnityEditor.BuildTargetGroup,UnityEditor.BuildTarget,int,UnityEditor.BuildOptions,string[],string[],bool)
UnityEditor.BuildPipeline:BuildPlayer (UnityEditor.BuildPlayerOptions)
AndroidPhase6Builder:Build (string,bool) (at Assets/Editor/AndroidPhase6Builder.cs:33)
AndroidPhase6Builder:BuildApk () (at Assets/Editor/AndroidPhase6Builder.cs:9)

[Assets/Editor/AndroidPhase6Builder.cs line 33]

Component Particle Animator in BubbleJetSIDE for Scene Assets/Scenes/Tracks/Fish Hooks Track 2.unity is no longer available.
It will be removed after you edit this GameObject and save the Scene.
UnityEngine.Debug:ExtractStackTraceNoAlloc (byte*,int,string)
UnityEngine.StackTraceUtility:ExtractStackTrace ()
UnityEditor.BuildPipeline:BuildPlayerInternal (string[],string,string,UnityEditor.BuildTargetGroup,UnityEditor.BuildTarget,int,UnityEditor.BuildOptions,string[],string[],bool)
UnityEditor.BuildPipeline:BuildPlayer (UnityEditor.BuildPlayerOptions)
AndroidPhase6Builder:Build (string,bool) (at Assets/Editor/AndroidPhase6Builder.cs:33)
AndroidPhase6Builder:BuildApk () (at Assets/Editor/AndroidPhase6Builder.cs:9)

[Assets/Editor/AndroidPhase6Builder.cs line 33]

Component Particle Animator in BubbleJetSIDE for Scene Assets/Scenes/Tracks/Fish Hooks Track 2.unity is no longer available.
It will be removed after you edit this GameObject and save the Scene.
UnityEngine.Debug:ExtractStackTraceNoAlloc (byte*,int,string)
UnityEngine.StackTraceUtility:ExtractStackTrace ()
UnityEditor.BuildPipeline:BuildPlayerInternal (string[],string,string,UnityEditor.BuildTargetGroup,UnityEditor.BuildTarget,int,UnityEditor.BuildOptions,string[],string[],bool)
UnityEditor.BuildPipeline:BuildPlayer (UnityEditor.BuildPlayerOptions)
AndroidPhase6Builder:Build (string,bool) (at Assets/Editor/AndroidPhase6Builder.cs:33)
AndroidPhase6Builder:BuildApk () (at Assets/Editor/AndroidPhase6Builder.cs:9)

[Assets/Editor/AndroidPhase6Builder.cs line 33]

Component Particle Animator in BubbleJetSIDE for Scene Assets/Scenes/Tracks/Fish Hooks Track 2.unity is no longer available.
It will be removed after you edit this GameObject and save the Scene.
UnityEngine.Debug:ExtractStackTraceNoAlloc (byte*,int,string)
UnityEngine.StackTraceUtility:ExtractStackTrace ()
UnityEditor.BuildPipeline:BuildPlayerInternal (string[],string,string,UnityEditor.BuildTargetGroup,UnityEditor.BuildTarget,int,UnityEditor.BuildOptions,string[],string[],bool)
UnityEditor.BuildPipeline:BuildPlayer (UnityEditor.BuildPlayerOptions)
AndroidPhase6Builder:Build (string,bool) (at Assets/Editor/AndroidPhase6Builder.cs:33)
AndroidPhase6Builder:BuildApk () (at Assets/Editor/AndroidPhase6Builder.cs:9)

[Assets/Editor/AndroidPhase6Builder.cs line 33]

Component Particle Animator in Bubbles deco for Scene Assets/Scenes/Tracks/Fish Hooks Track 2.unity is no longer available.
It will be removed after you edit this GameObject and save the Scene.
UnityEngine.Debug:ExtractStackTraceNoAlloc (byte*,int,string)
UnityEngine.StackTraceUtility:ExtractStackTrace ()
UnityEditor.BuildPipeline:BuildPlayerInternal (string[],string,string,UnityEditor.BuildTargetGroup,UnityEditor.BuildTarget,int,UnityEditor.BuildOptions,string[],string[],bool)
UnityEditor.BuildPipeline:BuildPlayer (UnityEditor.BuildPlayerOptions)
AndroidPhase6Builder:Build (string,bool) (at Assets/Editor/AndroidPhase6Builder.cs:33)
AndroidPhase6Builder:BuildApk () (at Assets/Editor/AndroidPhase6Builder.cs:9)

[Assets/Editor/AndroidPhase6Builder.cs line 33]

Component Ellipsoid Particle Emitter in BubbleJetSIDE for Scene Assets/Scenes/Tracks/Fish Hooks Track 2.unity is no longer available.
It will be removed after you edit this GameObject and save the Scene.
UnityEngine.Debug:ExtractStackTraceNoAlloc (byte*,int,string)
UnityEngine.StackTraceUtility:ExtractStackTrace ()
UnityEditor.BuildPipeline:BuildPlayerInternal (string[],string,string,UnityEditor.BuildTargetGroup,UnityEditor.BuildTarget,int,UnityEditor.BuildOptions,string[],string[],bool)
UnityEditor.BuildPipeline:BuildPlayer (UnityEditor.BuildPlayerOptions)
AndroidPhase6Builder:Build (string,bool) (at Assets/Editor/AndroidPhase6Builder.cs:33)
AndroidPhase6Builder:BuildApk () (at Assets/Editor/AndroidPhase6Builder.cs:9)

[Assets/Editor/AndroidPhase6Builder.cs line 33]

Component Ellipsoid Particle Emitter in BubbleJetUP for Scene Assets/Scenes/Tracks/Fish Hooks Track 2.unity is no longer available.
It will be removed after you edit this GameObject and save the Scene.
UnityEngine.Debug:ExtractStackTraceNoAlloc (byte*,int,string)
UnityEngine.StackTraceUtility:ExtractStackTrace ()
UnityEditor.BuildPipeline:BuildPlayerInternal (string[],string,string,UnityEditor.BuildTargetGroup,UnityEditor.BuildTarget,int,UnityEditor.BuildOptions,string[],string[],bool)
UnityEditor.BuildPipeline:BuildPlayer (UnityEditor.BuildPlayerOptions)
AndroidPhase6Builder:Build (string,bool) (at Assets/Editor/AndroidPhase6Builder.cs:33)
AndroidPhase6Builder:BuildApk () (at Assets/Editor/AndroidPhase6Builder.cs:9)

[Assets/Editor/AndroidPhase6Builder.cs line 33]

Component Ellipsoid Particle Emitter in BubbleJetSIDE for Scene Assets/Scenes/Tracks/Fish Hooks Track 2.unity is no longer available.
It will be removed after you edit this GameObject and save the Scene.
UnityEngine.Debug:ExtractStackTraceNoAlloc (byte*,int,string)
UnityEngine.StackTraceUtility:ExtractStackTrace ()
UnityEditor.BuildPipeline:BuildPlayerInternal (string[],string,string,UnityEditor.BuildTargetGroup,UnityEditor.BuildTarget,int,UnityEditor.BuildOptions,string[],string[],bool)
UnityEditor.BuildPipeline:BuildPlayer (UnityEditor.BuildPlayerOptions)
AndroidPhase6Builder:Build (string,bool) (at Assets/Editor/AndroidPhase6Builder.cs:33)
AndroidPhase6Builder:BuildApk () (at Assets/Editor/AndroidPhase6Builder.cs:9)

[Assets/Editor/AndroidPhase6Builder.cs line 33]

Component Ellipsoid Particle Emitter in Bubbles deco for Scene Assets/Scenes/Tracks/Fish Hooks Track 2.unity is no longer available.
It will be removed after you edit this GameObject and save the Scene.
UnityEngine.Debug:ExtractStackTraceNoAlloc (byte*,int,string)
UnityEngine.StackTraceUtility:ExtractStackTrace ()
UnityEditor.BuildPipeline:BuildPlayerInternal (string[],string,string,UnityEditor.BuildTargetGroup,UnityEditor.BuildTarget,int,UnityEditor.BuildOptions,string[],string[],bool)
UnityEditor.BuildPipeline:BuildPlayer (UnityEditor.BuildPlayerOptions)
AndroidPhase6Builder:Build (string,bool) (at Assets/Editor/AndroidPhase6Builder.cs:33)
AndroidPhase6Builder:BuildApk () (at Assets/Editor/AndroidPhase6Builder.cs:9)

[Assets/Editor/AndroidPhase6Builder.cs line 33]

Component Ellipsoid Particle Emitter in Bubbles deco for Scene Assets/Scenes/Tracks/Fish Hooks Track 2.unity is no longer available.
It will be removed after you edit this GameObject and save the Scene.
UnityEngine.Debug:ExtractStackTraceNoAlloc (byte*,int,string)
UnityEngine.StackTraceUtility:ExtractStackTrace ()
UnityEditor.BuildPipeline:BuildPlayerInternal (string[],string,string,UnityEditor.BuildTargetGroup,UnityEditor.BuildTarget,int,UnityEditor.BuildOptions,string[],string[],bool)
UnityEditor.BuildPipeline:BuildPlayer (UnityEditor.BuildPlayerOptions)
AndroidPhase6Builder:Build (string,bool) (at Assets/Editor/AndroidPhase6Builder.cs:33)
AndroidPhase6Builder:BuildApk () (at Assets/Editor/AndroidPhase6Builder.cs:9)

[Assets/Editor/AndroidPhase6Builder.cs line 33]

Component Ellipsoid Particle Emitter in Bubbles deco for Scene Assets/Scenes/Tracks/Fish Hooks Track 2.unity is no longer available.
It will be removed after you edit this GameObject and save the Scene.
UnityEngine.Debug:ExtractStackTraceNoAlloc (byte*,int,string)
UnityEngine.StackTraceUtility:ExtractStackTrace ()
UnityEditor.BuildPipeline:BuildPlayerInternal (string[],string,string,UnityEditor.BuildTargetGroup,UnityEditor.BuildTarget,int,UnityEditor.BuildOptions,string[],string[],bool)
UnityEditor.BuildPipeline:BuildPlayer (UnityEditor.BuildPlayerOptions)
AndroidPhase6Builder:Build (string,bool) (at Assets/Editor/AndroidPhase6Builder.cs:33)
AndroidPhase6Builder:BuildApk () (at Assets/Editor/AndroidPhase6Builder.cs:9)

[Assets/Editor/AndroidPhase6Builder.cs line 33]

Component Ellipsoid Particle Emitter in BubbleJetSIDE for Scene Assets/Scenes/Tracks/Fish Hooks Track 2.unity is no longer available.
It will be removed after you edit this GameObject and save the Scene.
UnityEngine.Debug:ExtractStackTraceNoAlloc (byte*,int,string)
UnityEngine.StackTraceUtility:ExtractStackTrace ()
UnityEditor.BuildPipeline:BuildPlayerInternal (string[],string,string,UnityEditor.BuildTargetGroup,UnityEditor.BuildTarget,int,UnityEditor.BuildOptions,string[],string[],bool)
UnityEditor.BuildPipeline:BuildPlayer (UnityEditor.BuildPlayerOptions)
AndroidPhase6Builder:Build (string,bool) (at Assets/Editor/AndroidPhase6Builder.cs:33)
AndroidPhase6Builder:BuildApk () (at Assets/Editor/AndroidPhase6Builder.cs:9)

[Assets/Editor/AndroidPhase6Builder.cs line 33]

Component Ellipsoid Particle Emitter in Bubbles deco for Scene Assets/Scenes/Tracks/Fish Hooks Track 2.unity is no longer available.
It will be removed after you edit this GameObject and save the Scene.
UnityEngine.Debug:ExtractStackTraceNoAlloc (byte*,int,string)
UnityEngine.StackTraceUtility:ExtractStackTrace ()
UnityEditor.BuildPipeline:BuildPlayerInternal (string[],string,string,UnityEditor.BuildTargetGroup,UnityEditor.BuildTarget,int,UnityEditor.BuildOptions,string[],string[],bool)
UnityEditor.BuildPipeline:BuildPlayer (UnityEditor.BuildPlayerOptions)
AndroidPhase6Builder:Build (string,bool) (at Assets/Editor/AndroidPhase6Builder.cs:33)
AndroidPhase6Builder:BuildApk () (at Assets/Editor/AndroidPhase6Builder.cs:9)

[Assets/Editor/AndroidPhase6Builder.cs line 33]

Component Ellipsoid Particle Emitter in BubbleJetSIDE for Scene Assets/Scenes/Tracks/Fish Hooks Track 2.unity is no longer available.
It will be removed after you edit this GameObject and save the Scene.
UnityEngine.Debug:ExtractStackTraceNoAlloc (byte*,int,string)
UnityEngine.StackTraceUtility:ExtractStackTrace ()
UnityEditor.BuildPipeline:BuildPlayerInternal (string[],string,string,UnityEditor.BuildTargetGroup,UnityEditor.BuildTarget,int,UnityEditor.BuildOptions,string[],string[],bool)
UnityEditor.BuildPipeline:BuildPlayer (UnityEditor.BuildPlayerOptions)
AndroidPhase6Builder:Build (string,bool) (at Assets/Editor/AndroidPhase6Builder.cs:33)
AndroidPhase6Builder:BuildApk () (at Assets/Editor/AndroidPhase6Builder.cs:9)

[Assets/Editor/AndroidPhase6Builder.cs line 33]

Component Ellipsoid Particle Emitter in BubbleJetUP for Scene Assets/Scenes/Tracks/Fish Hooks Track 2.unity is no longer available.
It will be removed after you edit this GameObject and save the Scene.
UnityEngine.Debug:ExtractStackTraceNoAlloc (byte*,int,string)
UnityEngine.StackTraceUtility:ExtractStackTrace ()
UnityEditor.BuildPipeline:BuildPlayerInternal (string[],string,string,UnityEditor.BuildTargetGroup,UnityEditor.BuildTarget,int,UnityEditor.BuildOptions,string[],string[],bool)
UnityEditor.BuildPipeline:BuildPlayer (UnityEditor.BuildPlayerOptions)
AndroidPhase6Builder:Build (string,bool) (at Assets/Editor/AndroidPhase6Builder.cs:33)
AndroidPhase6Builder:BuildApk () (at Assets/Editor/AndroidPhase6Builder.cs:9)

[Assets/Editor/AndroidPhase6Builder.cs line 33]

Component Ellipsoid Particle Emitter in Bubbles deco for Scene Assets/Scenes/Tracks/Fish Hooks Track 2.unity is no longer available.
It will be removed after you edit this GameObject and save the Scene.
UnityEngine.Debug:ExtractStackTraceNoAlloc (byte*,int,string)
UnityEngine.StackTraceUtility:ExtractStackTrace ()
UnityEditor.BuildPipeline:BuildPlayerInternal (string[],string,string,UnityEditor.BuildTargetGroup,UnityEditor.BuildTarget,int,UnityEditor.BuildOptions,string[],string[],bool)
UnityEditor.BuildPipeline:BuildPlayer (UnityEditor.BuildPlayerOptions)
AndroidPhase6Builder:Build (string,bool) (at Assets/Editor/AndroidPhase6Builder.cs:33)
AndroidPhase6Builder:BuildApk () (at Assets/Editor/AndroidPhase6Builder.cs:9)

[Assets/Editor/AndroidPhase6Builder.cs line 33]

Component Ellipsoid Particle Emitter in Bubbles deco for Scene Assets/Scenes/Tracks/Fish Hooks Track 2.unity is no longer available.
It will be removed after you edit this GameObject and save the Scene.
UnityEngine.Debug:ExtractStackTraceNoAlloc (byte*,int,string)
UnityEngine.StackTraceUtility:ExtractStackTrace ()
UnityEditor.BuildPipeline:BuildPlayerInternal (string[],string,string,UnityEditor.BuildTargetGroup,UnityEditor.BuildTarget,int,UnityEditor.BuildOptions,string[],string[],bool)
UnityEditor.BuildPipeline:BuildPlayer (UnityEditor.BuildPlayerOptions)
AndroidPhase6Builder:Build (string,bool) (at Assets/Editor/AndroidPhase6Builder.cs:33)
AndroidPhase6Builder:BuildApk () (at Assets/Editor/AndroidPhase6Builder.cs:9)

[Assets/Editor/AndroidPhase6Builder.cs line 33]

Component Ellipsoid Particle Emitter in Bubbles deco for Scene Assets/Scenes/Tracks/Fish Hooks Track 2.unity is no longer available.
It will be removed after you edit this GameObject and save the Scene.
UnityEngine.Debug:ExtractStackTraceNoAlloc (byte*,int,string)
UnityEngine.StackTraceUtility:ExtractStackTrace ()
UnityEditor.BuildPipeline:BuildPlayerInternal (string[],string,string,UnityEditor.BuildTargetGroup,UnityEditor.BuildTarget,int,UnityEditor.BuildOptions,string[],string[],bool)
UnityEditor.BuildPipeline:BuildPlayer (UnityEditor.BuildPlayerOptions)
AndroidPhase6Builder:Build (string,bool) (at Assets/Editor/AndroidPhase6Builder.cs:33)
AndroidPhase6Builder:BuildApk () (at Assets/Editor/AndroidPhase6Builder.cs:9)

[Assets/Editor/AndroidPhase6Builder.cs line 33]

Component Ellipsoid Particle Emitter in BubbleJetSIDE for Scene Assets/Scenes/Tracks/Fish Hooks Track 2.unity is no longer available.
It will be removed after you edit this GameObject and save the Scene.
UnityEngine.Debug:ExtractStackTraceNoAlloc (byte*,int,string)
UnityEngine.StackTraceUtility:ExtractStackTrace ()
UnityEditor.BuildPipeline:BuildPlayerInternal (string[],string,string,UnityEditor.BuildTargetGroup,UnityEditor.BuildTarget,int,UnityEditor.BuildOptions,string[],string[],bool)
UnityEditor.BuildPipeline:BuildPlayer (UnityEditor.BuildPlayerOptions)
AndroidPhase6Builder:Build (string,bool) (at Assets/Editor/AndroidPhase6Builder.cs:33)
AndroidPhase6Builder:BuildApk () (at Assets/Editor/AndroidPhase6Builder.cs:9)

[Assets/Editor/AndroidPhase6Builder.cs line 33]

Component Ellipsoid Particle Emitter in BubbleJetSIDE for Scene Assets/Scenes/Tracks/Fish Hooks Track 2.unity is no longer available.
It will be removed after you edit this GameObject and save the Scene.
UnityEngine.Debug:ExtractStackTraceNoAlloc (byte*,int,string)
UnityEngine.StackTraceUtility:ExtractStackTrace ()
UnityEditor.BuildPipeline:BuildPlayerInternal (string[],string,string,UnityEditor.BuildTargetGroup,UnityEditor.BuildTarget,int,UnityEditor.BuildOptions,string[],string[],bool)
UnityEditor.BuildPipeline:BuildPlayer (UnityEditor.BuildPlayerOptions)
AndroidPhase6Builder:Build (string,bool) (at Assets/Editor/AndroidPhase6Builder.cs:33)
AndroidPhase6Builder:BuildApk () (at Assets/Editor/AndroidPhase6Builder.cs:9)

[Assets/Editor/AndroidPhase6Builder.cs line 33]

Component Ellipsoid Particle Emitter in BubbleJetSIDE for Scene Assets/Scenes/Tracks/Fish Hooks Track 2.unity is no longer available.
It will be removed after you edit this GameObject and save the Scene.
UnityEngine.Debug:ExtractStackTraceNoAlloc (byte*,int,string)
UnityEngine.StackTraceUtility:ExtractStackTrace ()
UnityEditor.BuildPipeline:BuildPlayerInternal (string[],string,string,UnityEditor.BuildTargetGroup,UnityEditor.BuildTarget,int,UnityEditor.BuildOptions,string[],string[],bool)
UnityEditor.BuildPipeline:BuildPlayer (UnityEditor.BuildPlayerOptions)
AndroidPhase6Builder:Build (string,bool) (at Assets/Editor/AndroidPhase6Builder.cs:33)
AndroidPhase6Builder:BuildApk () (at Assets/Editor/AndroidPhase6Builder.cs:9)

[Assets/Editor/AndroidPhase6Builder.cs line 33]

Component Ellipsoid Particle Emitter in Bubbles deco for Scene Assets/Scenes/Tracks/Fish Hooks Track 2.unity is no longer available.
It will be removed after you edit this GameObject and save the Scene.
UnityEngine.Debug:ExtractStackTraceNoAlloc (byte*,int,string)
UnityEngine.StackTraceUtility:ExtractStackTrace ()
UnityEditor.BuildPipeline:BuildPlayerInternal (string[],string,string,UnityEditor.BuildTargetGroup,UnityEditor.BuildTarget,int,UnityEditor.BuildOptions,string[],string[],bool)
UnityEditor.BuildPipeline:BuildPlayer (UnityEditor.BuildPlayerOptions)
AndroidPhase6Builder:Build (string,bool) (at Assets/Editor/AndroidPhase6Builder.cs:33)
AndroidPhase6Builder:BuildApk () (at Assets/Editor/AndroidPhase6Builder.cs:9)

[Assets/Editor/AndroidPhase6Builder.cs line 33]

Component Particle Renderer in BubbleJetSIDE for Scene Assets/Scenes/Tracks/Fish Hooks Track 2.unity is no longer available.
It will be removed after you edit this GameObject and save the Scene.
UnityEngine.Debug:ExtractStackTraceNoAlloc (byte*,int,string)
UnityEngine.StackTraceUtility:ExtractStackTrace ()
UnityEditor.BuildPipeline:BuildPlayerInternal (string[],string,string,UnityEditor.BuildTargetGroup,UnityEditor.BuildTarget,int,UnityEditor.BuildOptions,string[],string[],bool)
UnityEditor.BuildPipeline:BuildPlayer (UnityEditor.BuildPlayerOptions)
AndroidPhase6Builder:Build (string,bool) (at Assets/Editor/AndroidPhase6Builder.cs:33)
AndroidPhase6Builder:BuildApk () (at Assets/Editor/AndroidPhase6Builder.cs:9)

[Assets/Editor/AndroidPhase6Builder.cs line 33]

Component Particle Renderer in BubbleJetUP for Scene Assets/Scenes/Tracks/Fish Hooks Track 2.unity is no longer available.
It will be removed after you edit this GameObject and save the Scene.
UnityEngine.Debug:ExtractStackTraceNoAlloc (byte*,int,string)
UnityEngine.StackTraceUtility:ExtractStackTrace ()
UnityEditor.BuildPipeline:BuildPlayerInternal (string[],string,string,UnityEditor.BuildTargetGroup,UnityEditor.BuildTarget,int,UnityEditor.BuildOptions,string[],string[],bool)
UnityEditor.BuildPipeline:BuildPlayer (UnityEditor.BuildPlayerOptions)
AndroidPhase6Builder:Build (string,bool) (at Assets/Editor/AndroidPhase6Builder.cs:33)
AndroidPhase6Builder:BuildApk () (at Assets/Editor/AndroidPhase6Builder.cs:9)

[Assets/Editor/AndroidPhase6Builder.cs line 33]

Component Particle Renderer in BubbleJetSIDE for Scene Assets/Scenes/Tracks/Fish Hooks Track 2.unity is no longer available.
It will be removed after you edit this GameObject and save the Scene.
UnityEngine.Debug:ExtractStackTraceNoAlloc (byte*,int,string)
UnityEngine.StackTraceUtility:ExtractStackTrace ()
UnityEditor.BuildPipeline:BuildPlayerInternal (string[],string,string,UnityEditor.BuildTargetGroup,UnityEditor.BuildTarget,int,UnityEditor.BuildOptions,string[],string[],bool)
UnityEditor.BuildPipeline:BuildPlayer (UnityEditor.BuildPlayerOptions)
AndroidPhase6Builder:Build (string,bool) (at Assets/Editor/AndroidPhase6Builder.cs:33)
AndroidPhase6Builder:BuildApk () (at Assets/Editor/AndroidPhase6Builder.cs:9)

[Assets/Editor/AndroidPhase6Builder.cs line 33]

Component Particle Renderer in Bubbles deco for Scene Assets/Scenes/Tracks/Fish Hooks Track 2.unity is no longer available.
It will be removed after you edit this GameObject and save the Scene.
UnityEngine.Debug:ExtractStackTraceNoAlloc (byte*,int,string)
UnityEngine.StackTraceUtility:ExtractStackTrace ()
UnityEditor.BuildPipeline:BuildPlayerInternal (string[],string,string,UnityEditor.BuildTargetGroup,UnityEditor.BuildTarget,int,UnityEditor.BuildOptions,string[],string[],bool)
UnityEditor.BuildPipeline:BuildPlayer (UnityEditor.BuildPlayerOptions)
AndroidPhase6Builder:Build (string,bool) (at Assets/Editor/AndroidPhase6Builder.cs:33)
AndroidPhase6Builder:BuildApk () (at Assets/Editor/AndroidPhase6Builder.cs:9)

[Assets/Editor/AndroidPhase6Builder.cs line 33]

Component Particle Renderer in Bubbles deco for Scene Assets/Scenes/Tracks/Fish Hooks Track 2.unity is no longer available.
It will be removed after you edit this GameObject and save the Scene.
UnityEngine.Debug:ExtractStackTraceNoAlloc (byte*,int,string)
UnityEngine.StackTraceUtility:ExtractStackTrace ()
UnityEditor.BuildPipeline:BuildPlayerInternal (string[],string,string,UnityEditor.BuildTargetGroup,UnityEditor.BuildTarget,int,UnityEditor.BuildOptions,string[],string[],bool)
UnityEditor.BuildPipeline:BuildPlayer (UnityEditor.BuildPlayerOptions)
AndroidPhase6Builder:Build (string,bool) (at Assets/Editor/AndroidPhase6Builder.cs:33)
AndroidPhase6Builder:BuildApk () (at Assets/Editor/AndroidPhase6Builder.cs:9)

[Assets/Editor/AndroidPhase6Builder.cs line 33]

Component Particle Renderer in Bubbles deco for Scene Assets/Scenes/Tracks/Fish Hooks Track 2.unity is no longer available.
It will be removed after you edit this GameObject and save the Scene.
UnityEngine.Debug:ExtractStackTraceNoAlloc (byte*,int,string)
UnityEngine.StackTraceUtility:ExtractStackTrace ()
UnityEditor.BuildPipeline:BuildPlayerInternal (string[],string,string,UnityEditor.BuildTargetGroup,UnityEditor.BuildTarget,int,UnityEditor.BuildOptions,string[],string[],bool)
UnityEditor.BuildPipeline:BuildPlayer (UnityEditor.BuildPlayerOptions)
AndroidPhase6Builder:Build (string,bool) (at Assets/Editor/AndroidPhase6Builder.cs:33)
AndroidPhase6Builder:BuildApk () (at Assets/Editor/AndroidPhase6Builder.cs:9)

[Assets/Editor/AndroidPhase6Builder.cs line 33]

Component Particle Renderer in BubbleJetSIDE for Scene Assets/Scenes/Tracks/Fish Hooks Track 2.unity is no longer available.
It will be removed after you edit this GameObject and save the Scene.
UnityEngine.Debug:ExtractStackTraceNoAlloc (byte*,int,string)
UnityEngine.StackTraceUtility:ExtractStackTrace ()
UnityEditor.BuildPipeline:BuildPlayerInternal (string[],string,string,UnityEditor.BuildTargetGroup,UnityEditor.BuildTarget,int,UnityEditor.BuildOptions,string[],string[],bool)
UnityEditor.BuildPipeline:BuildPlayer (UnityEditor.BuildPlayerOptions)
AndroidPhase6Builder:Build (string,bool) (at Assets/Editor/AndroidPhase6Builder.cs:33)
AndroidPhase6Builder:BuildApk () (at Assets/Editor/AndroidPhase6Builder.cs:9)

[Assets/Editor/AndroidPhase6Builder.cs line 33]

Component Particle Renderer in Bubbles deco for Scene Assets/Scenes/Tracks/Fish Hooks Track 2.unity is no longer available.
It will be removed after you edit this GameObject and save the Scene.
UnityEngine.Debug:ExtractStackTraceNoAlloc (byte*,int,string)
UnityEngine.StackTraceUtility:ExtractStackTrace ()
UnityEditor.BuildPipeline:BuildPlayerInternal (string[],string,string,UnityEditor.BuildTargetGroup,UnityEditor.BuildTarget,int,UnityEditor.BuildOptions,string[],string[],bool)
UnityEditor.BuildPipeline:BuildPlayer (UnityEditor.BuildPlayerOptions)
AndroidPhase6Builder:Build (string,bool) (at Assets/Editor/AndroidPhase6Builder.cs:33)
AndroidPhase6Builder:BuildApk () (at Assets/Editor/AndroidPhase6Builder.cs:9)

[Assets/Editor/AndroidPhase6Builder.cs line 33]

Component Particle Renderer in BubbleJetSIDE for Scene Assets/Scenes/Tracks/Fish Hooks Track 2.unity is no longer available.
It will be removed after you edit this GameObject and save the Scene.
UnityEngine.Debug:ExtractStackTraceNoAlloc (byte*,int,string)
UnityEngine.StackTraceUtility:ExtractStackTrace ()
UnityEditor.BuildPipeline:BuildPlayerInternal (string[],string,string,UnityEditor.BuildTargetGroup,UnityEditor.BuildTarget,int,UnityEditor.BuildOptions,string[],string[],bool)
UnityEditor.BuildPipeline:BuildPlayer (UnityEditor.BuildPlayerOptions)
AndroidPhase6Builder:Build (string,bool) (at Assets/Editor/AndroidPhase6Builder.cs:33)
AndroidPhase6Builder:BuildApk () (at Assets/Editor/AndroidPhase6Builder.cs:9)

[Assets/Editor/AndroidPhase6Builder.cs line 33]

Component Particle Renderer in BubbleJetUP for Scene Assets/Scenes/Tracks/Fish Hooks Track 2.unity is no longer available.
It will be removed after you edit this GameObject and save the Scene.
UnityEngine.Debug:ExtractStackTraceNoAlloc (byte*,int,string)
UnityEngine.StackTraceUtility:ExtractStackTrace ()
UnityEditor.BuildPipeline:BuildPlayerInternal (string[],string,string,UnityEditor.BuildTargetGroup,UnityEditor.BuildTarget,int,UnityEditor.BuildOptions,string[],string[],bool)
UnityEditor.BuildPipeline:BuildPlayer (UnityEditor.BuildPlayerOptions)
AndroidPhase6Builder:Build (string,bool) (at Assets/Editor/AndroidPhase6Builder.cs:33)
AndroidPhase6Builder:BuildApk () (at Assets/Editor/AndroidPhase6Builder.cs:9)

[Assets/Editor/AndroidPhase6Builder.cs line 33]

Component Particle Renderer in Bubbles deco for Scene Assets/Scenes/Tracks/Fish Hooks Track 2.unity is no longer available.
It will be removed after you edit this GameObject and save the Scene.
UnityEngine.Debug:ExtractStackTraceNoAlloc (byte*,int,string)
UnityEngine.StackTraceUtility:ExtractStackTrace ()
UnityEditor.BuildPipeline:BuildPlayerInternal (string[],string,string,UnityEditor.BuildTargetGroup,UnityEditor.BuildTarget,int,UnityEditor.BuildOptions,string[],string[],bool)
UnityEditor.BuildPipeline:BuildPlayer (UnityEditor.BuildPlayerOptions)
AndroidPhase6Builder:Build (string,bool) (at Assets/Editor/AndroidPhase6Builder.cs:33)
AndroidPhase6Builder:BuildApk () (at Assets/Editor/AndroidPhase6Builder.cs:9)

[Assets/Editor/AndroidPhase6Builder.cs line 33]

Component Particle Renderer in Bubbles deco for Scene Assets/Scenes/Tracks/Fish Hooks Track 2.unity is no longer available.
It will be removed after you edit this GameObject and save the Scene.
UnityEngine.Debug:ExtractStackTraceNoAlloc (byte*,int,string)
UnityEngine.StackTraceUtility:ExtractStackTrace ()
UnityEditor.BuildPipeline:BuildPlayerInternal (string[],string,string,UnityEditor.BuildTargetGroup,UnityEditor.BuildTarget,int,UnityEditor.BuildOptions,string[],string[],bool)
UnityEditor.BuildPipeline:BuildPlayer (UnityEditor.BuildPlayerOptions)
AndroidPhase6Builder:Build (string,bool) (at Assets/Editor/AndroidPhase6Builder.cs:33)
AndroidPhase6Builder:BuildApk () (at Assets/Editor/AndroidPhase6Builder.cs:9)

[Assets/Editor/AndroidPhase6Builder.cs line 33]

Component Particle Renderer in Bubbles deco for Scene Assets/Scenes/Tracks/Fish Hooks Track 2.unity is no longer available.
It will be removed after you edit this GameObject and save the Scene.
UnityEngine.Debug:ExtractStackTraceNoAlloc (byte*,int,string)
UnityEngine.StackTraceUtility:ExtractStackTrace ()
UnityEditor.BuildPipeline:BuildPlayerInternal (string[],string,string,UnityEditor.BuildTargetGroup,UnityEditor.BuildTarget,int,UnityEditor.BuildOptions,string[],string[],bool)
UnityEditor.BuildPipeline:BuildPlayer (UnityEditor.BuildPlayerOptions)
AndroidPhase6Builder:Build (string,bool) (at Assets/Editor/AndroidPhase6Builder.cs:33)
AndroidPhase6Builder:BuildApk () (at Assets/Editor/AndroidPhase6Builder.cs:9)

[Assets/Editor/AndroidPhase6Builder.cs line 33]

Component Particle Renderer in BubbleJetSIDE for Scene Assets/Scenes/Tracks/Fish Hooks Track 2.unity is no longer available.
It will be removed after you edit this GameObject and save the Scene.
UnityEngine.Debug:ExtractStackTraceNoAlloc (byte*,int,string)
UnityEngine.StackTraceUtility:ExtractStackTrace ()
UnityEditor.BuildPipeline:BuildPlayerInternal (string[],string,string,UnityEditor.BuildTargetGroup,UnityEditor.BuildTarget,int,UnityEditor.BuildOptions,string[],string[],bool)
UnityEditor.BuildPipeline:BuildPlayer (UnityEditor.BuildPlayerOptions)
AndroidPhase6Builder:Build (string,bool) (at Assets/Editor/AndroidPhase6Builder.cs:33)
AndroidPhase6Builder:BuildApk () (at Assets/Editor/AndroidPhase6Builder.cs:9)

[Assets/Editor/AndroidPhase6Builder.cs line 33]

Component Particle Renderer in BubbleJetSIDE for Scene Assets/Scenes/Tracks/Fish Hooks Track 2.unity is no longer available.
It will be removed after you edit this GameObject and save the Scene.
UnityEngine.Debug:ExtractStackTraceNoAlloc (byte*,int,string)
UnityEngine.StackTraceUtility:ExtractStackTrace ()
UnityEditor.BuildPipeline:BuildPlayerInternal (string[],string,string,UnityEditor.BuildTargetGroup,UnityEditor.BuildTarget,int,UnityEditor.BuildOptions,string[],string[],bool)
UnityEditor.BuildPipeline:BuildPlayer (UnityEditor.BuildPlayerOptions)
AndroidPhase6Builder:Build (string,bool) (at Assets/Editor/AndroidPhase6Builder.cs:33)
AndroidPhase6Builder:BuildApk () (at Assets/Editor/AndroidPhase6Builder.cs:9)

[Assets/Editor/AndroidPhase6Builder.cs line 33]

Component Particle Renderer in BubbleJetSIDE for Scene Assets/Scenes/Tracks/Fish Hooks Track 2.unity is no longer available.
It will be removed after you edit this GameObject and save the Scene.
UnityEngine.Debug:ExtractStackTraceNoAlloc (byte*,int,string)
UnityEngine.StackTraceUtility:ExtractStackTrace ()
UnityEditor.BuildPipeline:BuildPlayerInternal (string[],string,string,UnityEditor.BuildTargetGroup,UnityEditor.BuildTarget,int,UnityEditor.BuildOptions,string[],string[],bool)
UnityEditor.BuildPipeline:BuildPlayer (UnityEditor.BuildPlayerOptions)
AndroidPhase6Builder:Build (string,bool) (at Assets/Editor/AndroidPhase6Builder.cs:33)
AndroidPhase6Builder:BuildApk () (at Assets/Editor/AndroidPhase6Builder.cs:9)

[Assets/Editor/AndroidPhase6Builder.cs line 33]

Component Particle Renderer in Bubbles deco for Scene Assets/Scenes/Tracks/Fish Hooks Track 2.unity is no longer available.
It will be removed after you edit this GameObject and save the Scene.
UnityEngine.Debug:ExtractStackTraceNoAlloc (byte*,int,string)
UnityEngine.StackTraceUtility:ExtractStackTrace ()
UnityEditor.BuildPipeline:BuildPlayerInternal (string[],string,string,UnityEditor.BuildTargetGroup,UnityEditor.BuildTarget,int,UnityEditor.BuildOptions,string[],string[],bool)
UnityEditor.BuildPipeline:BuildPlayer (UnityEditor.BuildPlayerOptions)
AndroidPhase6Builder:Build (string,bool) (at Assets/Editor/AndroidPhase6Builder.cs:33)
AndroidPhase6Builder:BuildApk () (at Assets/Editor/AndroidPhase6Builder.cs:9)

[Assets/Editor/AndroidPhase6Builder.cs line 33]

Component GUI Layer in Follow Camera for Scene Assets/Scenes/Tracks/Fish Hooks Track 2.unity is no longer available.
It will be removed after you edit this GameObject and save the Scene.
UnityEngine.Debug:ExtractStackTraceNoAlloc (byte*,int,string)
UnityEngine.StackTraceUtility:ExtractStackTrace ()
UnityEditor.BuildPipeline:BuildPlayerInternal (string[],string,string,UnityEditor.BuildTargetGroup,UnityEditor.BuildTarget,int,UnityEditor.BuildOptions,string[],string[],bool)
UnityEditor.BuildPipeline:BuildPlayer (UnityEditor.BuildPlayerOptions)
AndroidPhase6Builder:Build (string,bool) (at Assets/Editor/AndroidPhase6Builder.cs:33)
AndroidPhase6Builder:BuildApk () (at Assets/Editor/AndroidPhase6Builder.cs:9)

[Assets/Editor/AndroidPhase6Builder.cs line 33]

Component GUI Layer in Prerace Camera for Scene Assets/Scenes/Tracks/Fish Hooks Track 2.unity is no longer available.
It will be removed after you edit this GameObject and save the Scene.
UnityEngine.Debug:ExtractStackTraceNoAlloc (byte*,int,string)
UnityEngine.StackTraceUtility:ExtractStackTrace ()
UnityEditor.BuildPipeline:BuildPlayerInternal (string[],string,string,UnityEditor.BuildTargetGroup,UnityEditor.BuildTarget,int,UnityEditor.BuildOptions,string[],string[],bool)
UnityEditor.BuildPipeline:BuildPlayer (UnityEditor.BuildPlayerOptions)
AndroidPhase6Builder:Build (string,bool) (at Assets/Editor/AndroidPhase6Builder.cs:33)
AndroidPhase6Builder:BuildApk () (at Assets/Editor/AndroidPhase6Builder.cs:9)

[Assets/Editor/AndroidPhase6Builder.cs line 33]

Loaded scene 'Assets/Scenes/Tracks/Fish Hooks Track 2.unity'
	Deserialize:            71.507 ms
	Integration:            45.580 ms
	Integration of assets:  0.083 ms
	Thread Wait Time:       0.007 ms
	Total Operation Time:   117.176 ms
Unloading 123 unused Assets / (0.9 MB). Loaded Objects now: 7885.
Memory consumption went from 339.5 MB to 338.6 MB.
Total: 9.368000 ms (FindLiveObjects: 0.505200 ms CreateObjectMapping: 0.589700 ms MarkObjects: 7.487000 ms  DeleteObjects: 0.785200 ms)

Opening scene 'Assets/Scenes/Tracks/Fish Hooks Track 3.unity'
Unloading 57 Unused Serialized files (Serialized files now loaded: 0)
Component Particle Animator in Bubbles deco for Scene Assets/Scenes/Tracks/Fish Hooks Track 3.unity is no longer available.
It will be removed after you edit this GameObject and save the Scene.
UnityEngine.Debug:ExtractStackTraceNoAlloc (byte*,int,string)
UnityEngine.StackTraceUtility:ExtractStackTrace ()
UnityEditor.BuildPipeline:BuildPlayerInternal (string[],string,string,UnityEditor.BuildTargetGroup,UnityEditor.BuildTarget,int,UnityEditor.BuildOptions,string[],string[],bool)
UnityEditor.BuildPipeline:BuildPlayer (UnityEditor.BuildPlayerOptions)
AndroidPhase6Builder:Build (string,bool) (at Assets/Editor/AndroidPhase6Builder.cs:33)
AndroidPhase6Builder:BuildApk () (at Assets/Editor/AndroidPhase6Builder.cs:9)

[Assets/Editor/AndroidPhase6Builder.cs line 33]

Component Particle Animator in BubbleJet deco for Scene Assets/Scenes/Tracks/Fish Hooks Track 3.unity is no longer available.
It will be removed after you edit this GameObject and save the Scene.
UnityEngine.Debug:ExtractStackTraceNoAlloc (byte*,int,string)
UnityEngine.StackTraceUtility:ExtractStackTrace ()
UnityEditor.BuildPipeline:BuildPlayerInternal (string[],string,string,UnityEditor.BuildTargetGroup,UnityEditor.BuildTarget,int,UnityEditor.BuildOptions,string[],string[],bool)
UnityEditor.BuildPipeline:BuildPlayer (UnityEditor.BuildPlayerOptions)
AndroidPhase6Builder:Build (string,bool) (at Assets/Editor/AndroidPhase6Builder.cs:33)
AndroidPhase6Builder:BuildApk () (at Assets/Editor/AndroidPhase6Builder.cs:9)

[Assets/Editor/AndroidPhase6Builder.cs line 33]

Component Particle Animator in Bubbles deco for Scene Assets/Scenes/Tracks/Fish Hooks Track 3.unity is no longer available.
It will be removed after you edit this GameObject and save the Scene.
UnityEngine.Debug:ExtractStackTraceNoAlloc (byte*,int,string)
UnityEngine.StackTraceUtility:ExtractStackTrace ()
UnityEditor.BuildPipeline:BuildPlayerInternal (string[],string,string,UnityEditor.BuildTargetGroup,UnityEditor.BuildTarget,int,UnityEditor.BuildOptions,string[],string[],bool)
UnityEditor.BuildPipeline:BuildPlayer (UnityEditor.BuildPlayerOptions)
AndroidPhase6Builder:Build (string,bool) (at Assets/Editor/AndroidPhase6Builder.cs:33)
AndroidPhase6Builder:BuildApk () (at Assets/Editor/AndroidPhase6Builder.cs:9)

[Assets/Editor/AndroidPhase6Builder.cs line 33]

Component Particle Animator in BubbleJet deco for Scene Assets/Scenes/Tracks/Fish Hooks Track 3.unity is no longer available.
It will be removed after you edit this GameObject and save the Scene.
UnityEngine.Debug:ExtractStackTraceNoAlloc (byte*,int,string)
UnityEngine.StackTraceUtility:ExtractStackTrace ()
UnityEditor.BuildPipeline:BuildPlayerInternal (string[],string,string,UnityEditor.BuildTargetGroup,UnityEditor.BuildTarget,int,UnityEditor.BuildOptions,string[],string[],bool)
UnityEditor.BuildPipeline:BuildPlayer (UnityEditor.BuildPlayerOptions)
AndroidPhase6Builder:Build (string,bool) (at Assets/Editor/AndroidPhase6Builder.cs:33)
AndroidPhase6Builder:BuildApk () (at Assets/Editor/AndroidPhase6Builder.cs:9)

[Assets/Editor/AndroidPhase6Builder.cs line 33]

Component Particle Animator in BubbleJet deco for Scene Assets/Scenes/Tracks/Fish Hooks Track 3.unity is no longer available.
It will be removed after you edit this GameObject and save the Scene.
UnityEngine.Debug:ExtractStackTraceNoAlloc (byte*,int,string)
UnityEngine.StackTraceUtility:ExtractStackTrace ()
UnityEditor.BuildPipeline:BuildPlayerInternal (string[],string,string,UnityEditor.BuildTargetGroup,UnityEditor.BuildTarget,int,UnityEditor.BuildOptions,string[],string[],bool)
UnityEditor.BuildPipeline:BuildPlayer (UnityEditor.BuildPlayerOptions)
AndroidPhase6Builder:Build (string,bool) (at Assets/Editor/AndroidPhase6Builder.cs:33)
AndroidPhase6Builder:BuildApk () (at Assets/Editor/AndroidPhase6Builder.cs:9)

[Assets/Editor/AndroidPhase6Builder.cs line 33]

Component Particle Animator in Bubbles deco for Scene Assets/Scenes/Tracks/Fish Hooks Track 3.unity is no longer available.
It will be removed after you edit this GameObject and save the Scene.
UnityEngine.Debug:ExtractStackTraceNoAlloc (byte*,int,string)
UnityEngine.StackTraceUtility:ExtractStackTrace ()
UnityEditor.BuildPipeline:BuildPlayerInternal (string[],string,string,UnityEditor.BuildTargetGroup,UnityEditor.BuildTarget,int,UnityEditor.BuildOptions,string[],string[],bool)
UnityEditor.BuildPipeline:BuildPlayer (UnityEditor.BuildPlayerOptions)
AndroidPhase6Builder:Build (string,bool) (at Assets/Editor/AndroidPhase6Builder.cs:33)
AndroidPhase6Builder:BuildApk () (at Assets/Editor/AndroidPhase6Builder.cs:9)

[Assets/Editor/AndroidPhase6Builder.cs line 33]

Component Particle Animator in BubbleJet deco for Scene Assets/Scenes/Tracks/Fish Hooks Track 3.unity is no longer available.
It will be removed after you edit this GameObject and save the Scene.
UnityEngine.Debug:ExtractStackTraceNoAlloc (byte*,int,string)
UnityEngine.StackTraceUtility:ExtractStackTrace ()
UnityEditor.BuildPipeline:BuildPlayerInternal (string[],string,string,UnityEditor.BuildTargetGroup,UnityEditor.BuildTarget,int,UnityEditor.BuildOptions,string[],string[],bool)
UnityEditor.BuildPipeline:BuildPlayer (UnityEditor.BuildPlayerOptions)
AndroidPhase6Builder:Build (string,bool) (at Assets/Editor/AndroidPhase6Builder.cs:33)
AndroidPhase6Builder:BuildApk () (at Assets/Editor/AndroidPhase6Builder.cs:9)

[Assets/Editor/AndroidPhase6Builder.cs line 33]

Component Particle Animator in BubbleJet deco for Scene Assets/Scenes/Tracks/Fish Hooks Track 3.unity is no longer available.
It will be removed after you edit this GameObject and save the Scene.
UnityEngine.Debug:ExtractStackTraceNoAlloc (byte*,int,string)
UnityEngine.StackTraceUtility:ExtractStackTrace ()
UnityEditor.BuildPipeline:BuildPlayerInternal (string[],string,string,UnityEditor.BuildTargetGroup,UnityEditor.BuildTarget,int,UnityEditor.BuildOptions,string[],string[],bool)
UnityEditor.BuildPipeline:BuildPlayer (UnityEditor.BuildPlayerOptions)
AndroidPhase6Builder:Build (string,bool) (at Assets/Editor/AndroidPhase6Builder.cs:33)
AndroidPhase6Builder:BuildApk () (at Assets/Editor/AndroidPhase6Builder.cs:9)

[Assets/Editor/AndroidPhase6Builder.cs line 33]

Component Ellipsoid Particle Emitter in Bubbles deco for Scene Assets/Scenes/Tracks/Fish Hooks Track 3.unity is no longer available.
It will be removed after you edit this GameObject and save the Scene.
UnityEngine.Debug:ExtractStackTraceNoAlloc (byte*,int,string)
UnityEngine.StackTraceUtility:ExtractStackTrace ()
UnityEditor.BuildPipeline:BuildPlayerInternal (string[],string,string,UnityEditor.BuildTargetGroup,UnityEditor.BuildTarget,int,UnityEditor.BuildOptions,string[],string[],bool)
UnityEditor.BuildPipeline:BuildPlayer (UnityEditor.BuildPlayerOptions)
AndroidPhase6Builder:Build (string,bool) (at Assets/Editor/AndroidPhase6Builder.cs:33)
AndroidPhase6Builder:BuildApk () (at Assets/Editor/AndroidPhase6Builder.cs:9)

[Assets/Editor/AndroidPhase6Builder.cs line 33]

Component Ellipsoid Particle Emitter in BubbleJet deco for Scene Assets/Scenes/Tracks/Fish Hooks Track 3.unity is no longer available.
It will be removed after you edit this GameObject and save the Scene.
UnityEngine.Debug:ExtractStackTraceNoAlloc (byte*,int,string)
UnityEngine.StackTraceUtility:ExtractStackTrace ()
UnityEditor.BuildPipeline:BuildPlayerInternal (string[],string,string,UnityEditor.BuildTargetGroup,UnityEditor.BuildTarget,int,UnityEditor.BuildOptions,string[],string[],bool)
UnityEditor.BuildPipeline:BuildPlayer (UnityEditor.BuildPlayerOptions)
AndroidPhase6Builder:Build (string,bool) (at Assets/Editor/AndroidPhase6Builder.cs:33)
AndroidPhase6Builder:BuildApk () (at Assets/Editor/AndroidPhase6Builder.cs:9)

[Assets/Editor/AndroidPhase6Builder.cs line 33]

Component Ellipsoid Particle Emitter in Bubbles deco for Scene Assets/Scenes/Tracks/Fish Hooks Track 3.unity is no longer available.
It will be removed after you edit this GameObject and save the Scene.
UnityEngine.Debug:ExtractStackTraceNoAlloc (byte*,int,string)
UnityEngine.StackTraceUtility:ExtractStackTrace ()
UnityEditor.BuildPipeline:BuildPlayerInternal (string[],string,string,UnityEditor.BuildTargetGroup,UnityEditor.BuildTarget,int,UnityEditor.BuildOptions,string[],string[],bool)
UnityEditor.BuildPipeline:BuildPlayer (UnityEditor.BuildPlayerOptions)
AndroidPhase6Builder:Build (string,bool) (at Assets/Editor/AndroidPhase6Builder.cs:33)
AndroidPhase6Builder:BuildApk () (at Assets/Editor/AndroidPhase6Builder.cs:9)

[Assets/Editor/AndroidPhase6Builder.cs line 33]

Component Ellipsoid Particle Emitter in BubbleJet deco for Scene Assets/Scenes/Tracks/Fish Hooks Track 3.unity is no longer available.
It will be removed after you edit this GameObject and save the Scene.
UnityEngine.Debug:ExtractStackTraceNoAlloc (byte*,int,string)
UnityEngine.StackTraceUtility:ExtractStackTrace ()
UnityEditor.BuildPipeline:BuildPlayerInternal (string[],string,string,UnityEditor.BuildTargetGroup,UnityEditor.BuildTarget,int,UnityEditor.BuildOptions,string[],string[],bool)
UnityEditor.BuildPipeline:BuildPlayer (UnityEditor.BuildPlayerOptions)
AndroidPhase6Builder:Build (string,bool) (at Assets/Editor/AndroidPhase6Builder.cs:33)
AndroidPhase6Builder:BuildApk () (at Assets/Editor/AndroidPhase6Builder.cs:9)

[Assets/Editor/AndroidPhase6Builder.cs line 33]

Component Ellipsoid Particle Emitter in BubbleJet deco for Scene Assets/Scenes/Tracks/Fish Hooks Track 3.unity is no longer available.
It will be removed after you edit this GameObject and save the Scene.
UnityEngine.Debug:ExtractStackTraceNoAlloc (byte*,int,string)
UnityEngine.StackTraceUtility:ExtractStackTrace ()
UnityEditor.BuildPipeline:BuildPlayerInternal (string[],string,string,UnityEditor.BuildTargetGroup,UnityEditor.BuildTarget,int,UnityEditor.BuildOptions,string[],string[],bool)
UnityEditor.BuildPipeline:BuildPlayer (UnityEditor.BuildPlayerOptions)
AndroidPhase6Builder:Build (string,bool) (at Assets/Editor/AndroidPhase6Builder.cs:33)
AndroidPhase6Builder:BuildApk () (at Assets/Editor/AndroidPhase6Builder.cs:9)

[Assets/Editor/AndroidPhase6Builder.cs line 33]

Component Ellipsoid Particle Emitter in Bubbles deco for Scene Assets/Scenes/Tracks/Fish Hooks Track 3.unity is no longer available.
It will be removed after you edit this GameObject and save the Scene.
UnityEngine.Debug:ExtractStackTraceNoAlloc (byte*,int,string)
UnityEngine.StackTraceUtility:ExtractStackTrace ()
UnityEditor.BuildPipeline:BuildPlayerInternal (string[],string,string,UnityEditor.BuildTargetGroup,UnityEditor.BuildTarget,int,UnityEditor.BuildOptions,string[],string[],bool)
UnityEditor.BuildPipeline:BuildPlayer (UnityEditor.BuildPlayerOptions)
AndroidPhase6Builder:Build (string,bool) (at Assets/Editor/AndroidPhase6Builder.cs:33)
AndroidPhase6Builder:BuildApk () (at Assets/Editor/AndroidPhase6Builder.cs:9)

[Assets/Editor/AndroidPhase6Builder.cs line 33]

Component Ellipsoid Particle Emitter in BubbleJet deco for Scene Assets/Scenes/Tracks/Fish Hooks Track 3.unity is no longer available.
It will be removed after you edit this GameObject and save the Scene.
UnityEngine.Debug:ExtractStackTraceNoAlloc (byte*,int,string)
UnityEngine.StackTraceUtility:ExtractStackTrace ()
UnityEditor.BuildPipeline:BuildPlayerInternal (string[],string,string,UnityEditor.BuildTargetGroup,UnityEditor.BuildTarget,int,UnityEditor.BuildOptions,string[],string[],bool)
UnityEditor.BuildPipeline:BuildPlayer (UnityEditor.BuildPlayerOptions)
AndroidPhase6Builder:Build (string,bool) (at Assets/Editor/AndroidPhase6Builder.cs:33)
AndroidPhase6Builder:BuildApk () (at Assets/Editor/AndroidPhase6Builder.cs:9)

[Assets/Editor/AndroidPhase6Builder.cs line 33]

Component Ellipsoid Particle Emitter in BubbleJet deco for Scene Assets/Scenes/Tracks/Fish Hooks Track 3.unity is no longer available.
It will be removed after you edit this GameObject and save the Scene.
UnityEngine.Debug:ExtractStackTraceNoAlloc (byte*,int,string)
UnityEngine.StackTraceUtility:ExtractStackTrace ()
UnityEditor.BuildPipeline:BuildPlayerInternal (string[],string,string,UnityEditor.BuildTargetGroup,UnityEditor.BuildTarget,int,UnityEditor.BuildOptions,string[],string[],bool)
UnityEditor.BuildPipeline:BuildPlayer (UnityEditor.BuildPlayerOptions)
AndroidPhase6Builder:Build (string,bool) (at Assets/Editor/AndroidPhase6Builder.cs:33)
AndroidPhase6Builder:BuildApk () (at Assets/Editor/AndroidPhase6Builder.cs:9)

[Assets/Editor/AndroidPhase6Builder.cs line 33]

Component Particle Renderer in Bubbles deco for Scene Assets/Scenes/Tracks/Fish Hooks Track 3.unity is no longer available.
It will be removed after you edit this GameObject and save the Scene.
UnityEngine.Debug:ExtractStackTraceNoAlloc (byte*,int,string)
UnityEngine.StackTraceUtility:ExtractStackTrace ()
UnityEditor.BuildPipeline:BuildPlayerInternal (string[],string,string,UnityEditor.BuildTargetGroup,UnityEditor.BuildTarget,int,UnityEditor.BuildOptions,string[],string[],bool)
UnityEditor.BuildPipeline:BuildPlayer (UnityEditor.BuildPlayerOptions)
AndroidPhase6Builder:Build (string,bool) (at Assets/Editor/AndroidPhase6Builder.cs:33)
AndroidPhase6Builder:BuildApk () (at Assets/Editor/AndroidPhase6Builder.cs:9)

[Assets/Editor/AndroidPhase6Builder.cs line 33]

Component Particle Renderer in BubbleJet deco for Scene Assets/Scenes/Tracks/Fish Hooks Track 3.unity is no longer available.
It will be removed after you edit this GameObject and save the Scene.
UnityEngine.Debug:ExtractStackTraceNoAlloc (byte*,int,string)
UnityEngine.StackTraceUtility:ExtractStackTrace ()
UnityEditor.BuildPipeline:BuildPlayerInternal (string[],string,string,UnityEditor.BuildTargetGroup,UnityEditor.BuildTarget,int,UnityEditor.BuildOptions,string[],string[],bool)
UnityEditor.BuildPipeline:BuildPlayer (UnityEditor.BuildPlayerOptions)
AndroidPhase6Builder:Build (string,bool) (at Assets/Editor/AndroidPhase6Builder.cs:33)
AndroidPhase6Builder:BuildApk () (at Assets/Editor/AndroidPhase6Builder.cs:9)

[Assets/Editor/AndroidPhase6Builder.cs line 33]

Component Particle Renderer in Bubbles deco for Scene Assets/Scenes/Tracks/Fish Hooks Track 3.unity is no longer available.
It will be removed after you edit this GameObject and save the Scene.
UnityEngine.Debug:ExtractStackTraceNoAlloc (byte*,int,string)
UnityEngine.StackTraceUtility:ExtractStackTrace ()
UnityEditor.BuildPipeline:BuildPlayerInternal (string[],string,string,UnityEditor.BuildTargetGroup,UnityEditor.BuildTarget,int,UnityEditor.BuildOptions,string[],string[],bool)
UnityEditor.BuildPipeline:BuildPlayer (UnityEditor.BuildPlayerOptions)
AndroidPhase6Builder:Build (string,bool) (at Assets/Editor/AndroidPhase6Builder.cs:33)
AndroidPhase6Builder:BuildApk () (at Assets/Editor/AndroidPhase6Builder.cs:9)

[Assets/Editor/AndroidPhase6Builder.cs line 33]

Component Particle Renderer in BubbleJet deco for Scene Assets/Scenes/Tracks/Fish Hooks Track 3.unity is no longer available.
It will be removed after you edit this GameObject and save the Scene.
UnityEngine.Debug:ExtractStackTraceNoAlloc (byte*,int,string)
UnityEngine.StackTraceUtility:ExtractStackTrace ()
UnityEditor.BuildPipeline:BuildPlayerInternal (string[],string,string,UnityEditor.BuildTargetGroup,UnityEditor.BuildTarget,int,UnityEditor.BuildOptions,string[],string[],bool)
UnityEditor.BuildPipeline:BuildPlayer (UnityEditor.BuildPlayerOptions)
AndroidPhase6Builder:Build (string,bool) (at Assets/Editor/AndroidPhase6Builder.cs:33)
AndroidPhase6Builder:BuildApk () (at Assets/Editor/AndroidPhase6Builder.cs:9)

[Assets/Editor/AndroidPhase6Builder.cs line 33]

Component Particle Renderer in BubbleJet deco for Scene Assets/Scenes/Tracks/Fish Hooks Track 3.unity is no longer available.
It will be removed after you edit this GameObject and save the Scene.
UnityEngine.Debug:ExtractStackTraceNoAlloc (byte*,int,string)
UnityEngine.StackTraceUtility:ExtractStackTrace ()
UnityEditor.BuildPipeline:BuildPlayerInternal (string[],string,string,UnityEditor.BuildTargetGroup,UnityEditor.BuildTarget,int,UnityEditor.BuildOptions,string[],string[],bool)
UnityEditor.BuildPipeline:BuildPlayer (UnityEditor.BuildPlayerOptions)
AndroidPhase6Builder:Build (string,bool) (at Assets/Editor/AndroidPhase6Builder.cs:33)
AndroidPhase6Builder:BuildApk () (at Assets/Editor/AndroidPhase6Builder.cs:9)

[Assets/Editor/AndroidPhase6Builder.cs line 33]

Component Particle Renderer in Bubbles deco for Scene Assets/Scenes/Tracks/Fish Hooks Track 3.unity is no longer available.
It will be removed after you edit this GameObject and save the Scene.
UnityEngine.Debug:ExtractStackTraceNoAlloc (byte*,int,string)
UnityEngine.StackTraceUtility:ExtractStackTrace ()
UnityEditor.BuildPipeline:BuildPlayerInternal (string[],string,string,UnityEditor.BuildTargetGroup,UnityEditor.BuildTarget,int,UnityEditor.BuildOptions,string[],string[],bool)
UnityEditor.BuildPipeline:BuildPlayer (UnityEditor.BuildPlayerOptions)
AndroidPhase6Builder:Build (string,bool) (at Assets/Editor/AndroidPhase6Builder.cs:33)
AndroidPhase6Builder:BuildApk () (at Assets/Editor/AndroidPhase6Builder.cs:9)

[Assets/Editor/AndroidPhase6Builder.cs line 33]

Component Particle Renderer in BubbleJet deco for Scene Assets/Scenes/Tracks/Fish Hooks Track 3.unity is no longer available.
It will be removed after you edit this GameObject and save the Scene.
UnityEngine.Debug:ExtractStackTraceNoAlloc (byte*,int,string)
UnityEngine.StackTraceUtility:ExtractStackTrace ()
UnityEditor.BuildPipeline:BuildPlayerInternal (string[],string,string,UnityEditor.BuildTargetGroup,UnityEditor.BuildTarget,int,UnityEditor.BuildOptions,string[],string[],bool)
UnityEditor.BuildPipeline:BuildPlayer (UnityEditor.BuildPlayerOptions)
AndroidPhase6Builder:Build (string,bool) (at Assets/Editor/AndroidPhase6Builder.cs:33)
AndroidPhase6Builder:BuildApk () (at Assets/Editor/AndroidPhase6Builder.cs:9)

[Assets/Editor/AndroidPhase6Builder.cs line 33]

Component Particle Renderer in BubbleJet deco for Scene Assets/Scenes/Tracks/Fish Hooks Track 3.unity is no longer available.
It will be removed after you edit this GameObject and save the Scene.
UnityEngine.Debug:ExtractStackTraceNoAlloc (byte*,int,string)
UnityEngine.StackTraceUtility:ExtractStackTrace ()
UnityEditor.BuildPipeline:BuildPlayerInternal (string[],string,string,UnityEditor.BuildTargetGroup,UnityEditor.BuildTarget,int,UnityEditor.BuildOptions,string[],string[],bool)
UnityEditor.BuildPipeline:BuildPlayer (UnityEditor.BuildPlayerOptions)
AndroidPhase6Builder:Build (string,bool) (at Assets/Editor/AndroidPhase6Builder.cs:33)
AndroidPhase6Builder:BuildApk () (at Assets/Editor/AndroidPhase6Builder.cs:9)

[Assets/Editor/AndroidPhase6Builder.cs line 33]

Component GUI Layer in Follow Camera for Scene Assets/Scenes/Tracks/Fish Hooks Track 3.unity is no longer available.
It will be removed after you edit this GameObject and save the Scene.
UnityEngine.Debug:ExtractStackTraceNoAlloc (byte*,int,string)
UnityEngine.StackTraceUtility:ExtractStackTrace ()
UnityEditor.BuildPipeline:BuildPlayerInternal (string[],string,string,UnityEditor.BuildTargetGroup,UnityEditor.BuildTarget,int,UnityEditor.BuildOptions,string[],string[],bool)
UnityEditor.BuildPipeline:BuildPlayer (UnityEditor.BuildPlayerOptions)
AndroidPhase6Builder:Build (string,bool) (at Assets/Editor/AndroidPhase6Builder.cs:33)
AndroidPhase6Builder:BuildApk () (at Assets/Editor/AndroidPhase6Builder.cs:9)

[Assets/Editor/AndroidPhase6Builder.cs line 33]

Component GUI Layer in Prerace Camera for Scene Assets/Scenes/Tracks/Fish Hooks Track 3.unity is no longer available.
It will be removed after you edit this GameObject and save the Scene.
UnityEngine.Debug:ExtractStackTraceNoAlloc (byte*,int,string)
UnityEngine.StackTraceUtility:ExtractStackTrace ()
UnityEditor.BuildPipeline:BuildPlayerInternal (string[],string,string,UnityEditor.BuildTargetGroup,UnityEditor.BuildTarget,int,UnityEditor.BuildOptions,string[],string[],bool)
UnityEditor.BuildPipeline:BuildPlayer (UnityEditor.BuildPlayerOptions)
AndroidPhase6Builder:Build (string,bool) (at Assets/Editor/AndroidPhase6Builder.cs:33)
AndroidPhase6Builder:BuildApk () (at Assets/Editor/AndroidPhase6Builder.cs:9)

[Assets/Editor/AndroidPhase6Builder.cs line 33]

Loaded scene 'Assets/Scenes/Tracks/Fish Hooks Track 3.unity'
	Deserialize:            59.387 ms
	Integration:            43.052 ms
	Integration of assets:  0.016 ms
	Thread Wait Time:       0.014 ms
	Total Operation Time:   102.469 ms
Unloading 80 unused Assets / (0.8 MB). Loaded Objects now: 7308.
Memory consumption went from 340.3 MB to 339.5 MB.
Total: 10.036100 ms (FindLiveObjects: 0.535000 ms CreateObjectMapping: 0.665100 ms MarkObjects: 8.070100 ms  DeleteObjects: 0.763500 ms)

Opening scene 'Assets/Scenes/Tracks/Kick Butt Track 1.unity'
Unloading 66 Unused Serialized files (Serialized files now loaded: 0)
Component GUI Layer in Follow Camera for Scene Assets/Scenes/Tracks/Kick Butt Track 1.unity is no longer available.
It will be removed after you edit this GameObject and save the Scene.
UnityEngine.Debug:ExtractStackTraceNoAlloc (byte*,int,string)
UnityEngine.StackTraceUtility:ExtractStackTrace ()
UnityEditor.BuildPipeline:BuildPlayerInternal (string[],string,string,UnityEditor.BuildTargetGroup,UnityEditor.BuildTarget,int,UnityEditor.BuildOptions,string[],string[],bool)
UnityEditor.BuildPipeline:BuildPlayer (UnityEditor.BuildPlayerOptions)
AndroidPhase6Builder:Build (string,bool) (at Assets/Editor/AndroidPhase6Builder.cs:33)
AndroidPhase6Builder:BuildApk () (at Assets/Editor/AndroidPhase6Builder.cs:9)

[Assets/Editor/AndroidPhase6Builder.cs line 33]

Component GUI Layer in Prerace Camera for Scene Assets/Scenes/Tracks/Kick Butt Track 1.unity is no longer available.
It will be removed after you edit this GameObject and save the Scene.
UnityEngine.Debug:ExtractStackTraceNoAlloc (byte*,int,string)
UnityEngine.StackTraceUtility:ExtractStackTrace ()
UnityEditor.BuildPipeline:BuildPlayerInternal (string[],string,string,UnityEditor.BuildTargetGroup,UnityEditor.BuildTarget,int,UnityEditor.BuildOptions,string[],string[],bool)
UnityEditor.BuildPipeline:BuildPlayer (UnityEditor.BuildPlayerOptions)
AndroidPhase6Builder:Build (string,bool) (at Assets/Editor/AndroidPhase6Builder.cs:33)
AndroidPhase6Builder:BuildApk () (at Assets/Editor/AndroidPhase6Builder.cs:9)

[Assets/Editor/AndroidPhase6Builder.cs line 33]

Loaded scene 'Assets/Scenes/Tracks/Kick Butt Track 1.unity'
	Deserialize:            42.882 ms
	Integration:            38.316 ms
	Integration of assets:  1.687 ms
	Thread Wait Time:       0.148 ms
	Total Operation Time:   83.034 ms
Unloading 106 unused Assets / (0.9 MB). Loaded Objects now: 6602.
Memory consumption went from 343.3 MB to 342.4 MB.
Total: 8.938900 ms (FindLiveObjects: 0.351100 ms CreateObjectMapping: 0.611400 ms MarkObjects: 7.105000 ms  DeleteObjects: 0.870400 ms)

Opening scene 'Assets/Scenes/Tracks/Kick Butt Track 2.unity'
Unloading 99 Unused Serialized files (Serialized files now loaded: 0)
Component Particle Animator in Sparks for Scene Assets/Scenes/Tracks/Kick Butt Track 2.unity is no longer available.
It will be removed after you edit this GameObject and save the Scene.
UnityEngine.Debug:ExtractStackTraceNoAlloc (byte*,int,string)
UnityEngine.StackTraceUtility:ExtractStackTrace ()
UnityEditor.BuildPipeline:BuildPlayerInternal (string[],string,string,UnityEditor.BuildTargetGroup,UnityEditor.BuildTarget,int,UnityEditor.BuildOptions,string[],string[],bool)
UnityEditor.BuildPipeline:BuildPlayer (UnityEditor.BuildPlayerOptions)
AndroidPhase6Builder:Build (string,bool) (at Assets/Editor/AndroidPhase6Builder.cs:33)
AndroidPhase6Builder:BuildApk () (at Assets/Editor/AndroidPhase6Builder.cs:9)

[Assets/Editor/AndroidPhase6Builder.cs line 33]

Component Particle Animator in Sparks for Scene Assets/Scenes/Tracks/Kick Butt Track 2.unity is no longer available.
It will be removed after you edit this GameObject and save the Scene.
UnityEngine.Debug:ExtractStackTraceNoAlloc (byte*,int,string)
UnityEngine.StackTraceUtility:ExtractStackTrace ()
UnityEditor.BuildPipeline:BuildPlayerInternal (string[],string,string,UnityEditor.BuildTargetGroup,UnityEditor.BuildTarget,int,UnityEditor.BuildOptions,string[],string[],bool)
UnityEditor.BuildPipeline:BuildPlayer (UnityEditor.BuildPlayerOptions)
AndroidPhase6Builder:Build (string,bool) (at Assets/Editor/AndroidPhase6Builder.cs:33)
AndroidPhase6Builder:BuildApk () (at Assets/Editor/AndroidPhase6Builder.cs:9)

[Assets/Editor/AndroidPhase6Builder.cs line 33]

Component Particle Animator in Sparks for Scene Assets/Scenes/Tracks/Kick Butt Track 2.unity is no longer available.
It will be removed after you edit this GameObject and save the Scene.
UnityEngine.Debug:ExtractStackTraceNoAlloc (byte*,int,string)
UnityEngine.StackTraceUtility:ExtractStackTrace ()
UnityEditor.BuildPipeline:BuildPlayerInternal (string[],string,string,UnityEditor.BuildTargetGroup,UnityEditor.BuildTarget,int,UnityEditor.BuildOptions,string[],string[],bool)
UnityEditor.BuildPipeline:BuildPlayer (UnityEditor.BuildPlayerOptions)
AndroidPhase6Builder:Build (string,bool) (at Assets/Editor/AndroidPhase6Builder.cs:33)
AndroidPhase6Builder:BuildApk () (at Assets/Editor/AndroidPhase6Builder.cs:9)

[Assets/Editor/AndroidPhase6Builder.cs line 33]

Component Particle Animator in Sparks for Scene Assets/Scenes/Tracks/Kick Butt Track 2.unity is no longer available.
It will be removed after you edit this GameObject and save the Scene.
UnityEngine.Debug:ExtractStackTraceNoAlloc (byte*,int,string)
UnityEngine.StackTraceUtility:ExtractStackTrace ()
UnityEditor.BuildPipeline:BuildPlayerInternal (string[],string,string,UnityEditor.BuildTargetGroup,UnityEditor.BuildTarget,int,UnityEditor.BuildOptions,string[],string[],bool)
UnityEditor.BuildPipeline:BuildPlayer (UnityEditor.BuildPlayerOptions)
AndroidPhase6Builder:Build (string,bool) (at Assets/Editor/AndroidPhase6Builder.cs:33)
AndroidPhase6Builder:BuildApk () (at Assets/Editor/AndroidPhase6Builder.cs:9)

[Assets/Editor/AndroidPhase6Builder.cs line 33]

Component Ellipsoid Particle Emitter in Sparks for Scene Assets/Scenes/Tracks/Kick Butt Track 2.unity is no longer available.
It will be removed after you edit this GameObject and save the Scene.
UnityEngine.Debug:ExtractStackTraceNoAlloc (byte*,int,string)
UnityEngine.StackTraceUtility:ExtractStackTrace ()
UnityEditor.BuildPipeline:BuildPlayerInternal (string[],string,string,UnityEditor.BuildTargetGroup,UnityEditor.BuildTarget,int,UnityEditor.BuildOptions,string[],string[],bool)
UnityEditor.BuildPipeline:BuildPlayer (UnityEditor.BuildPlayerOptions)
AndroidPhase6Builder:Build (string,bool) (at Assets/Editor/AndroidPhase6Builder.cs:33)
AndroidPhase6Builder:BuildApk () (at Assets/Editor/AndroidPhase6Builder.cs:9)

[Assets/Editor/AndroidPhase6Builder.cs line 33]

Component Ellipsoid Particle Emitter in Sparks for Scene Assets/Scenes/Tracks/Kick Butt Track 2.unity is no longer available.
It will be removed after you edit this GameObject and save the Scene.
UnityEngine.Debug:ExtractStackTraceNoAlloc (byte*,int,string)
UnityEngine.StackTraceUtility:ExtractStackTrace ()
UnityEditor.BuildPipeline:BuildPlayerInternal (string[],string,string,UnityEditor.BuildTargetGroup,UnityEditor.BuildTarget,int,UnityEditor.BuildOptions,string[],string[],bool)
UnityEditor.BuildPipeline:BuildPlayer (UnityEditor.BuildPlayerOptions)
AndroidPhase6Builder:Build (string,bool) (at Assets/Editor/AndroidPhase6Builder.cs:33)
AndroidPhase6Builder:BuildApk () (at Assets/Editor/AndroidPhase6Builder.cs:9)

[Assets/Editor/AndroidPhase6Builder.cs line 33]

Component Ellipsoid Particle Emitter in Sparks for Scene Assets/Scenes/Tracks/Kick Butt Track 2.unity is no longer available.
It will be removed after you edit this GameObject and save the Scene.
UnityEngine.Debug:ExtractStackTraceNoAlloc (byte*,int,string)
UnityEngine.StackTraceUtility:ExtractStackTrace ()
UnityEditor.BuildPipeline:BuildPlayerInternal (string[],string,string,UnityEditor.BuildTargetGroup,UnityEditor.BuildTarget,int,UnityEditor.BuildOptions,string[],string[],bool)
UnityEditor.BuildPipeline:BuildPlayer (UnityEditor.BuildPlayerOptions)
AndroidPhase6Builder:Build (string,bool) (at Assets/Editor/AndroidPhase6Builder.cs:33)
AndroidPhase6Builder:BuildApk () (at Assets/Editor/AndroidPhase6Builder.cs:9)

[Assets/Editor/AndroidPhase6Builder.cs line 33]

Component Ellipsoid Particle Emitter in Sparks for Scene Assets/Scenes/Tracks/Kick Butt Track 2.unity is no longer available.
It will be removed after you edit this GameObject and save the Scene.
UnityEngine.Debug:ExtractStackTraceNoAlloc (byte*,int,string)
UnityEngine.StackTraceUtility:ExtractStackTrace ()
UnityEditor.BuildPipeline:BuildPlayerInternal (string[],string,string,UnityEditor.BuildTargetGroup,UnityEditor.BuildTarget,int,UnityEditor.BuildOptions,string[],string[],bool)
UnityEditor.BuildPipeline:BuildPlayer (UnityEditor.BuildPlayerOptions)
AndroidPhase6Builder:Build (string,bool) (at Assets/Editor/AndroidPhase6Builder.cs:33)
AndroidPhase6Builder:BuildApk () (at Assets/Editor/AndroidPhase6Builder.cs:9)

[Assets/Editor/AndroidPhase6Builder.cs line 33]

Component Particle Renderer in Sparks for Scene Assets/Scenes/Tracks/Kick Butt Track 2.unity is no longer available.
It will be removed after you edit this GameObject and save the Scene.
UnityEngine.Debug:ExtractStackTraceNoAlloc (byte*,int,string)
UnityEngine.StackTraceUtility:ExtractStackTrace ()
UnityEditor.BuildPipeline:BuildPlayerInternal (string[],string,string,UnityEditor.BuildTargetGroup,UnityEditor.BuildTarget,int,UnityEditor.BuildOptions,string[],string[],bool)
UnityEditor.BuildPipeline:BuildPlayer (UnityEditor.BuildPlayerOptions)
AndroidPhase6Builder:Build (string,bool) (at Assets/Editor/AndroidPhase6Builder.cs:33)
AndroidPhase6Builder:BuildApk () (at Assets/Editor/AndroidPhase6Builder.cs:9)

[Assets/Editor/AndroidPhase6Builder.cs line 33]

Component Particle Renderer in Sparks for Scene Assets/Scenes/Tracks/Kick Butt Track 2.unity is no longer available.
It will be removed after you edit this GameObject and save the Scene.
UnityEngine.Debug:ExtractStackTraceNoAlloc (byte*,int,string)
UnityEngine.StackTraceUtility:ExtractStackTrace ()
UnityEditor.BuildPipeline:BuildPlayerInternal (string[],string,string,UnityEditor.BuildTargetGroup,UnityEditor.BuildTarget,int,UnityEditor.BuildOptions,string[],string[],bool)
UnityEditor.BuildPipeline:BuildPlayer (UnityEditor.BuildPlayerOptions)
AndroidPhase6Builder:Build (string,bool) (at Assets/Editor/AndroidPhase6Builder.cs:33)
AndroidPhase6Builder:BuildApk () (at Assets/Editor/AndroidPhase6Builder.cs:9)

[Assets/Editor/AndroidPhase6Builder.cs line 33]

Component Particle Renderer in Sparks for Scene Assets/Scenes/Tracks/Kick Butt Track 2.unity is no longer available.
It will be removed after you edit this GameObject and save the Scene.
UnityEngine.Debug:ExtractStackTraceNoAlloc (byte*,int,string)
UnityEngine.StackTraceUtility:ExtractStackTrace ()
UnityEditor.BuildPipeline:BuildPlayerInternal (string[],string,string,UnityEditor.BuildTargetGroup,UnityEditor.BuildTarget,int,UnityEditor.BuildOptions,string[],string[],bool)
UnityEditor.BuildPipeline:BuildPlayer (UnityEditor.BuildPlayerOptions)
AndroidPhase6Builder:Build (string,bool) (at Assets/Editor/AndroidPhase6Builder.cs:33)
AndroidPhase6Builder:BuildApk () (at Assets/Editor/AndroidPhase6Builder.cs:9)

[Assets/Editor/AndroidPhase6Builder.cs line 33]

Component Particle Renderer in Sparks for Scene Assets/Scenes/Tracks/Kick Butt Track 2.unity is no longer available.
It will be removed after you edit this GameObject and save the Scene.
UnityEngine.Debug:ExtractStackTraceNoAlloc (byte*,int,string)
UnityEngine.StackTraceUtility:ExtractStackTrace ()
UnityEditor.BuildPipeline:BuildPlayerInternal (string[],string,string,UnityEditor.BuildTargetGroup,UnityEditor.BuildTarget,int,UnityEditor.BuildOptions,string[],string[],bool)
UnityEditor.BuildPipeline:BuildPlayer (UnityEditor.BuildPlayerOptions)
AndroidPhase6Builder:Build (string,bool) (at Assets/Editor/AndroidPhase6Builder.cs:33)
AndroidPhase6Builder:BuildApk () (at Assets/Editor/AndroidPhase6Builder.cs:9)

[Assets/Editor/AndroidPhase6Builder.cs line 33]

Component GUI Layer in Follow Camera for Scene Assets/Scenes/Tracks/Kick Butt Track 2.unity is no longer available.
It will be removed after you edit this GameObject and save the Scene.
UnityEngine.Debug:ExtractStackTraceNoAlloc (byte*,int,string)
UnityEngine.StackTraceUtility:ExtractStackTrace ()
UnityEditor.BuildPipeline:BuildPlayerInternal (string[],string,string,UnityEditor.BuildTargetGroup,UnityEditor.BuildTarget,int,UnityEditor.BuildOptions,string[],string[],bool)
UnityEditor.BuildPipeline:BuildPlayer (UnityEditor.BuildPlayerOptions)
AndroidPhase6Builder:Build (string,bool) (at Assets/Editor/AndroidPhase6Builder.cs:33)
AndroidPhase6Builder:BuildApk () (at Assets/Editor/AndroidPhase6Builder.cs:9)

[Assets/Editor/AndroidPhase6Builder.cs line 33]

Component GUI Layer in Prerace Camera for Scene Assets/Scenes/Tracks/Kick Butt Track 2.unity is no longer available.
It will be removed after you edit this GameObject and save the Scene.
UnityEngine.Debug:ExtractStackTraceNoAlloc (byte*,int,string)
UnityEngine.StackTraceUtility:ExtractStackTrace ()
UnityEditor.BuildPipeline:BuildPlayerInternal (string[],string,string,UnityEditor.BuildTargetGroup,UnityEditor.BuildTarget,int,UnityEditor.BuildOptions,string[],string[],bool)
UnityEditor.BuildPipeline:BuildPlayer (UnityEditor.BuildPlayerOptions)
AndroidPhase6Builder:Build (string,bool) (at Assets/Editor/AndroidPhase6Builder.cs:33)
AndroidPhase6Builder:BuildApk () (at Assets/Editor/AndroidPhase6Builder.cs:9)

[Assets/Editor/AndroidPhase6Builder.cs line 33]

Loaded scene 'Assets/Scenes/Tracks/Kick Butt Track 2.unity'
	Deserialize:            56.926 ms
	Integration:            40.149 ms
	Integration of assets:  1.496 ms
	Thread Wait Time:       0.046 ms
	Total Operation Time:   98.617 ms
Unloading 143 unused Assets / (0.8 MB). Loaded Objects now: 7052.
Memory consumption went from 343.6 MB to 342.8 MB.
Total: 9.619100 ms (FindLiveObjects: 0.417200 ms CreateObjectMapping: 0.606500 ms MarkObjects: 7.782900 ms  DeleteObjects: 0.811000 ms)

Opening scene 'Assets/Scenes/Tracks/Kick Butt Track 3.unity'
Unloading 73 Unused Serialized files (Serialized files now loaded: 0)
Component Particle Animator in Sparks for Scene Assets/Scenes/Tracks/Kick Butt Track 3.unity is no longer available.
It will be removed after you edit this GameObject and save the Scene.
UnityEngine.Debug:ExtractStackTraceNoAlloc (byte*,int,string)
UnityEngine.StackTraceUtility:ExtractStackTrace ()
UnityEditor.BuildPipeline:BuildPlayerInternal (string[],string,string,UnityEditor.BuildTargetGroup,UnityEditor.BuildTarget,int,UnityEditor.BuildOptions,string[],string[],bool)
UnityEditor.BuildPipeline:BuildPlayer (UnityEditor.BuildPlayerOptions)
AndroidPhase6Builder:Build (string,bool) (at Assets/Editor/AndroidPhase6Builder.cs:33)
AndroidPhase6Builder:BuildApk () (at Assets/Editor/AndroidPhase6Builder.cs:9)

[Assets/Editor/AndroidPhase6Builder.cs line 33]

Component Particle Animator in Sparks for Scene Assets/Scenes/Tracks/Kick Butt Track 3.unity is no longer available.
It will be removed after you edit this GameObject and save the Scene.
UnityEngine.Debug:ExtractStackTraceNoAlloc (byte*,int,string)
UnityEngine.StackTraceUtility:ExtractStackTrace ()
UnityEditor.BuildPipeline:BuildPlayerInternal (string[],string,string,UnityEditor.BuildTargetGroup,UnityEditor.BuildTarget,int,UnityEditor.BuildOptions,string[],string[],bool)
UnityEditor.BuildPipeline:BuildPlayer (UnityEditor.BuildPlayerOptions)
AndroidPhase6Builder:Build (string,bool) (at Assets/Editor/AndroidPhase6Builder.cs:33)
AndroidPhase6Builder:BuildApk () (at Assets/Editor/AndroidPhase6Builder.cs:9)

[Assets/Editor/AndroidPhase6Builder.cs line 33]

Component Particle Animator in Sparks for Scene Assets/Scenes/Tracks/Kick Butt Track 3.unity is no longer available.
It will be removed after you edit this GameObject and save the Scene.
UnityEngine.Debug:ExtractStackTraceNoAlloc (byte*,int,string)
UnityEngine.StackTraceUtility:ExtractStackTrace ()
UnityEditor.BuildPipeline:BuildPlayerInternal (string[],string,string,UnityEditor.BuildTargetGroup,UnityEditor.BuildTarget,int,UnityEditor.BuildOptions,string[],string[],bool)
UnityEditor.BuildPipeline:BuildPlayer (UnityEditor.BuildPlayerOptions)
AndroidPhase6Builder:Build (string,bool) (at Assets/Editor/AndroidPhase6Builder.cs:33)
AndroidPhase6Builder:BuildApk () (at Assets/Editor/AndroidPhase6Builder.cs:9)

[Assets/Editor/AndroidPhase6Builder.cs line 33]

Component Particle Animator in Sparks for Scene Assets/Scenes/Tracks/Kick Butt Track 3.unity is no longer available.
It will be removed after you edit this GameObject and save the Scene.
UnityEngine.Debug:ExtractStackTraceNoAlloc (byte*,int,string)
UnityEngine.StackTraceUtility:ExtractStackTrace ()
UnityEditor.BuildPipeline:BuildPlayerInternal (string[],string,string,UnityEditor.BuildTargetGroup,UnityEditor.BuildTarget,int,UnityEditor.BuildOptions,string[],string[],bool)
UnityEditor.BuildPipeline:BuildPlayer (UnityEditor.BuildPlayerOptions)
AndroidPhase6Builder:Build (string,bool) (at Assets/Editor/AndroidPhase6Builder.cs:33)
AndroidPhase6Builder:BuildApk () (at Assets/Editor/AndroidPhase6Builder.cs:9)

[Assets/Editor/AndroidPhase6Builder.cs line 33]

Component Particle Animator in Sparks for Scene Assets/Scenes/Tracks/Kick Butt Track 3.unity is no longer available.
It will be removed after you edit this GameObject and save the Scene.
UnityEngine.Debug:ExtractStackTraceNoAlloc (byte*,int,string)
UnityEngine.StackTraceUtility:ExtractStackTrace ()
UnityEditor.BuildPipeline:BuildPlayerInternal (string[],string,string,UnityEditor.BuildTargetGroup,UnityEditor.BuildTarget,int,UnityEditor.BuildOptions,string[],string[],bool)
UnityEditor.BuildPipeline:BuildPlayer (UnityEditor.BuildPlayerOptions)
AndroidPhase6Builder:Build (string,bool) (at Assets/Editor/AndroidPhase6Builder.cs:33)
AndroidPhase6Builder:BuildApk () (at Assets/Editor/AndroidPhase6Builder.cs:9)

[Assets/Editor/AndroidPhase6Builder.cs line 33]

Component Particle Animator in Sparks for Scene Assets/Scenes/Tracks/Kick Butt Track 3.unity is no longer available.
It will be removed after you edit this GameObject and save the Scene.
UnityEngine.Debug:ExtractStackTraceNoAlloc (byte*,int,string)
UnityEngine.StackTraceUtility:ExtractStackTrace ()
UnityEditor.BuildPipeline:BuildPlayerInternal (string[],string,string,UnityEditor.BuildTargetGroup,UnityEditor.BuildTarget,int,UnityEditor.BuildOptions,string[],string[],bool)
UnityEditor.BuildPipeline:BuildPlayer (UnityEditor.BuildPlayerOptions)
AndroidPhase6Builder:Build (string,bool) (at Assets/Editor/AndroidPhase6Builder.cs:33)
AndroidPhase6Builder:BuildApk () (at Assets/Editor/AndroidPhase6Builder.cs:9)

[Assets/Editor/AndroidPhase6Builder.cs line 33]

Component Particle Animator in Sparks for Scene Assets/Scenes/Tracks/Kick Butt Track 3.unity is no longer available.
It will be removed after you edit this GameObject and save the Scene.
UnityEngine.Debug:ExtractStackTraceNoAlloc (byte*,int,string)
UnityEngine.StackTraceUtility:ExtractStackTrace ()
UnityEditor.BuildPipeline:BuildPlayerInternal (string[],string,string,UnityEditor.BuildTargetGroup,UnityEditor.BuildTarget,int,UnityEditor.BuildOptions,string[],string[],bool)
UnityEditor.BuildPipeline:BuildPlayer (UnityEditor.BuildPlayerOptions)
AndroidPhase6Builder:Build (string,bool) (at Assets/Editor/AndroidPhase6Builder.cs:33)
AndroidPhase6Builder:BuildApk () (at Assets/Editor/AndroidPhase6Builder.cs:9)

[Assets/Editor/AndroidPhase6Builder.cs line 33]

Component Ellipsoid Particle Emitter in Sparks for Scene Assets/Scenes/Tracks/Kick Butt Track 3.unity is no longer available.
It will be removed after you edit this GameObject and save the Scene.
UnityEngine.Debug:ExtractStackTraceNoAlloc (byte*,int,string)
UnityEngine.StackTraceUtility:ExtractStackTrace ()
UnityEditor.BuildPipeline:BuildPlayerInternal (string[],string,string,UnityEditor.BuildTargetGroup,UnityEditor.BuildTarget,int,UnityEditor.BuildOptions,string[],string[],bool)
UnityEditor.BuildPipeline:BuildPlayer (UnityEditor.BuildPlayerOptions)
AndroidPhase6Builder:Build (string,bool) (at Assets/Editor/AndroidPhase6Builder.cs:33)
AndroidPhase6Builder:BuildApk () (at Assets/Editor/AndroidPhase6Builder.cs:9)

[Assets/Editor/AndroidPhase6Builder.cs line 33]

Component Ellipsoid Particle Emitter in Sparks for Scene Assets/Scenes/Tracks/Kick Butt Track 3.unity is no longer available.
It will be removed after you edit this GameObject and save the Scene.
UnityEngine.Debug:ExtractStackTraceNoAlloc (byte*,int,string)
UnityEngine.StackTraceUtility:ExtractStackTrace ()
UnityEditor.BuildPipeline:BuildPlayerInternal (string[],string,string,UnityEditor.BuildTargetGroup,UnityEditor.BuildTarget,int,UnityEditor.BuildOptions,string[],string[],bool)
UnityEditor.BuildPipeline:BuildPlayer (UnityEditor.BuildPlayerOptions)
AndroidPhase6Builder:Build (string,bool) (at Assets/Editor/AndroidPhase6Builder.cs:33)
AndroidPhase6Builder:BuildApk () (at Assets/Editor/AndroidPhase6Builder.cs:9)

[Assets/Editor/AndroidPhase6Builder.cs line 33]

Component Ellipsoid Particle Emitter in Sparks for Scene Assets/Scenes/Tracks/Kick Butt Track 3.unity is no longer available.
It will be removed after you edit this GameObject and save the Scene.
UnityEngine.Debug:ExtractStackTraceNoAlloc (byte*,int,string)
UnityEngine.StackTraceUtility:ExtractStackTrace ()
UnityEditor.BuildPipeline:BuildPlayerInternal (string[],string,string,UnityEditor.BuildTargetGroup,UnityEditor.BuildTarget,int,UnityEditor.BuildOptions,string[],string[],bool)
UnityEditor.BuildPipeline:BuildPlayer (UnityEditor.BuildPlayerOptions)
AndroidPhase6Builder:Build (string,bool) (at Assets/Editor/AndroidPhase6Builder.cs:33)
AndroidPhase6Builder:BuildApk () (at Assets/Editor/AndroidPhase6Builder.cs:9)

[Assets/Editor/AndroidPhase6Builder.cs line 33]

Component Ellipsoid Particle Emitter in Sparks for Scene Assets/Scenes/Tracks/Kick Butt Track 3.unity is no longer available.
It will be removed after you edit this GameObject and save the Scene.
UnityEngine.Debug:ExtractStackTraceNoAlloc (byte*,int,string)
UnityEngine.StackTraceUtility:ExtractStackTrace ()
UnityEditor.BuildPipeline:BuildPlayerInternal (string[],string,string,UnityEditor.BuildTargetGroup,UnityEditor.BuildTarget,int,UnityEditor.BuildOptions,string[],string[],bool)
UnityEditor.BuildPipeline:BuildPlayer (UnityEditor.BuildPlayerOptions)
AndroidPhase6Builder:Build (string,bool) (at Assets/Editor/AndroidPhase6Builder.cs:33)
AndroidPhase6Builder:BuildApk () (at Assets/Editor/AndroidPhase6Builder.cs:9)

[Assets/Editor/AndroidPhase6Builder.cs line 33]

Component Ellipsoid Particle Emitter in Sparks for Scene Assets/Scenes/Tracks/Kick Butt Track 3.unity is no longer available.
It will be removed after you edit this GameObject and save the Scene.
UnityEngine.Debug:ExtractStackTraceNoAlloc (byte*,int,string)
UnityEngine.StackTraceUtility:ExtractStackTrace ()
UnityEditor.BuildPipeline:BuildPlayerInternal (string[],string,string,UnityEditor.BuildTargetGroup,UnityEditor.BuildTarget,int,UnityEditor.BuildOptions,string[],string[],bool)
UnityEditor.BuildPipeline:BuildPlayer (UnityEditor.BuildPlayerOptions)
AndroidPhase6Builder:Build (string,bool) (at Assets/Editor/AndroidPhase6Builder.cs:33)
AndroidPhase6Builder:BuildApk () (at Assets/Editor/AndroidPhase6Builder.cs:9)

[Assets/Editor/AndroidPhase6Builder.cs line 33]

Component Ellipsoid Particle Emitter in Sparks for Scene Assets/Scenes/Tracks/Kick Butt Track 3.unity is no longer available.
It will be removed after you edit this GameObject and save the Scene.
UnityEngine.Debug:ExtractStackTraceNoAlloc (byte*,int,string)
UnityEngine.StackTraceUtility:ExtractStackTrace ()
UnityEditor.BuildPipeline:BuildPlayerInternal (string[],string,string,UnityEditor.BuildTargetGroup,UnityEditor.BuildTarget,int,UnityEditor.BuildOptions,string[],string[],bool)
UnityEditor.BuildPipeline:BuildPlayer (UnityEditor.BuildPlayerOptions)
AndroidPhase6Builder:Build (string,bool) (at Assets/Editor/AndroidPhase6Builder.cs:33)
AndroidPhase6Builder:BuildApk () (at Assets/Editor/AndroidPhase6Builder.cs:9)

[Assets/Editor/AndroidPhase6Builder.cs line 33]

Component Ellipsoid Particle Emitter in Sparks for Scene Assets/Scenes/Tracks/Kick Butt Track 3.unity is no longer available.
It will be removed after you edit this GameObject and save the Scene.
UnityEngine.Debug:ExtractStackTraceNoAlloc (byte*,int,string)
UnityEngine.StackTraceUtility:ExtractStackTrace ()
UnityEditor.BuildPipeline:BuildPlayerInternal (string[],string,string,UnityEditor.BuildTargetGroup,UnityEditor.BuildTarget,int,UnityEditor.BuildOptions,string[],string[],bool)
UnityEditor.BuildPipeline:BuildPlayer (UnityEditor.BuildPlayerOptions)
AndroidPhase6Builder:Build (string,bool) (at Assets/Editor/AndroidPhase6Builder.cs:33)
AndroidPhase6Builder:BuildApk () (at Assets/Editor/AndroidPhase6Builder.cs:9)

[Assets/Editor/AndroidPhase6Builder.cs line 33]

Component Particle Renderer in Sparks for Scene Assets/Scenes/Tracks/Kick Butt Track 3.unity is no longer available.
It will be removed after you edit this GameObject and save the Scene.
UnityEngine.Debug:ExtractStackTraceNoAlloc (byte*,int,string)
UnityEngine.StackTraceUtility:ExtractStackTrace ()
UnityEditor.BuildPipeline:BuildPlayerInternal (string[],string,string,UnityEditor.BuildTargetGroup,UnityEditor.BuildTarget,int,UnityEditor.BuildOptions,string[],string[],bool)
UnityEditor.BuildPipeline:BuildPlayer (UnityEditor.BuildPlayerOptions)
AndroidPhase6Builder:Build (string,bool) (at Assets/Editor/AndroidPhase6Builder.cs:33)
AndroidPhase6Builder:BuildApk () (at Assets/Editor/AndroidPhase6Builder.cs:9)

[Assets/Editor/AndroidPhase6Builder.cs line 33]

Component Particle Renderer in Sparks for Scene Assets/Scenes/Tracks/Kick Butt Track 3.unity is no longer available.
It will be removed after you edit this GameObject and save the Scene.
UnityEngine.Debug:ExtractStackTraceNoAlloc (byte*,int,string)
UnityEngine.StackTraceUtility:ExtractStackTrace ()
UnityEditor.BuildPipeline:BuildPlayerInternal (string[],string,string,UnityEditor.BuildTargetGroup,UnityEditor.BuildTarget,int,UnityEditor.BuildOptions,string[],string[],bool)
UnityEditor.BuildPipeline:BuildPlayer (UnityEditor.BuildPlayerOptions)
AndroidPhase6Builder:Build (string,bool) (at Assets/Editor/AndroidPhase6Builder.cs:33)
AndroidPhase6Builder:BuildApk () (at Assets/Editor/AndroidPhase6Builder.cs:9)

[Assets/Editor/AndroidPhase6Builder.cs line 33]

Component Particle Renderer in Sparks for Scene Assets/Scenes/Tracks/Kick Butt Track 3.unity is no longer available.
It will be removed after you edit this GameObject and save the Scene.
UnityEngine.Debug:ExtractStackTraceNoAlloc (byte*,int,string)
UnityEngine.StackTraceUtility:ExtractStackTrace ()
UnityEditor.BuildPipeline:BuildPlayerInternal (string[],string,string,UnityEditor.BuildTargetGroup,UnityEditor.BuildTarget,int,UnityEditor.BuildOptions,string[],string[],bool)
UnityEditor.BuildPipeline:BuildPlayer (UnityEditor.BuildPlayerOptions)
AndroidPhase6Builder:Build (string,bool) (at Assets/Editor/AndroidPhase6Builder.cs:33)
AndroidPhase6Builder:BuildApk () (at Assets/Editor/AndroidPhase6Builder.cs:9)

[Assets/Editor/AndroidPhase6Builder.cs line 33]

Component Particle Renderer in Sparks for Scene Assets/Scenes/Tracks/Kick Butt Track 3.unity is no longer available.
It will be removed after you edit this GameObject and save the Scene.
UnityEngine.Debug:ExtractStackTraceNoAlloc (byte*,int,string)
UnityEngine.StackTraceUtility:ExtractStackTrace ()
UnityEditor.BuildPipeline:BuildPlayerInternal (string[],string,string,UnityEditor.BuildTargetGroup,UnityEditor.BuildTarget,int,UnityEditor.BuildOptions,string[],string[],bool)
UnityEditor.BuildPipeline:BuildPlayer (UnityEditor.BuildPlayerOptions)
AndroidPhase6Builder:Build (string,bool) (at Assets/Editor/AndroidPhase6Builder.cs:33)
AndroidPhase6Builder:BuildApk () (at Assets/Editor/AndroidPhase6Builder.cs:9)

[Assets/Editor/AndroidPhase6Builder.cs line 33]

Component Particle Renderer in Sparks for Scene Assets/Scenes/Tracks/Kick Butt Track 3.unity is no longer available.
It will be removed after you edit this GameObject and save the Scene.
UnityEngine.Debug:ExtractStackTraceNoAlloc (byte*,int,string)
UnityEngine.StackTraceUtility:ExtractStackTrace ()
UnityEditor.BuildPipeline:BuildPlayerInternal (string[],string,string,UnityEditor.BuildTargetGroup,UnityEditor.BuildTarget,int,UnityEditor.BuildOptions,string[],string[],bool)
UnityEditor.BuildPipeline:BuildPlayer (UnityEditor.BuildPlayerOptions)
AndroidPhase6Builder:Build (string,bool) (at Assets/Editor/AndroidPhase6Builder.cs:33)
AndroidPhase6Builder:BuildApk () (at Assets/Editor/AndroidPhase6Builder.cs:9)

[Assets/Editor/AndroidPhase6Builder.cs line 33]

Component Particle Renderer in Sparks for Scene Assets/Scenes/Tracks/Kick Butt Track 3.unity is no longer available.
It will be removed after you edit this GameObject and save the Scene.
UnityEngine.Debug:ExtractStackTraceNoAlloc (byte*,int,string)
UnityEngine.StackTraceUtility:ExtractStackTrace ()
UnityEditor.BuildPipeline:BuildPlayerInternal (string[],string,string,UnityEditor.BuildTargetGroup,UnityEditor.BuildTarget,int,UnityEditor.BuildOptions,string[],string[],bool)
UnityEditor.BuildPipeline:BuildPlayer (UnityEditor.BuildPlayerOptions)
AndroidPhase6Builder:Build (string,bool) (at Assets/Editor/AndroidPhase6Builder.cs:33)
AndroidPhase6Builder:BuildApk () (at Assets/Editor/AndroidPhase6Builder.cs:9)

[Assets/Editor/AndroidPhase6Builder.cs line 33]

Component Particle Renderer in Sparks for Scene Assets/Scenes/Tracks/Kick Butt Track 3.unity is no longer available.
It will be removed after you edit this GameObject and save the Scene.
UnityEngine.Debug:ExtractStackTraceNoAlloc (byte*,int,string)
UnityEngine.StackTraceUtility:ExtractStackTrace ()
UnityEditor.BuildPipeline:BuildPlayerInternal (string[],string,string,UnityEditor.BuildTargetGroup,UnityEditor.BuildTarget,int,UnityEditor.BuildOptions,string[],string[],bool)
UnityEditor.BuildPipeline:BuildPlayer (UnityEditor.BuildPlayerOptions)
AndroidPhase6Builder:Build (string,bool) (at Assets/Editor/AndroidPhase6Builder.cs:33)
AndroidPhase6Builder:BuildApk () (at Assets/Editor/AndroidPhase6Builder.cs:9)

[Assets/Editor/AndroidPhase6Builder.cs line 33]

Component GUI Layer in Follow Camera for Scene Assets/Scenes/Tracks/Kick Butt Track 3.unity is no longer available.
It will be removed after you edit this GameObject and save the Scene.
UnityEngine.Debug:ExtractStackTraceNoAlloc (byte*,int,string)
UnityEngine.StackTraceUtility:ExtractStackTrace ()
UnityEditor.BuildPipeline:BuildPlayerInternal (string[],string,string,UnityEditor.BuildTargetGroup,UnityEditor.BuildTarget,int,UnityEditor.BuildOptions,string[],string[],bool)
UnityEditor.BuildPipeline:BuildPlayer (UnityEditor.BuildPlayerOptions)
AndroidPhase6Builder:Build (string,bool) (at Assets/Editor/AndroidPhase6Builder.cs:33)
AndroidPhase6Builder:BuildApk () (at Assets/Editor/AndroidPhase6Builder.cs:9)

[Assets/Editor/AndroidPhase6Builder.cs line 33]

Component GUI Layer in Prerace Camera for Scene Assets/Scenes/Tracks/Kick Butt Track 3.unity is no longer available.
It will be removed after you edit this GameObject and save the Scene.
UnityEngine.Debug:ExtractStackTraceNoAlloc (byte*,int,string)
UnityEngine.StackTraceUtility:ExtractStackTrace ()
UnityEditor.BuildPipeline:BuildPlayerInternal (string[],string,string,UnityEditor.BuildTargetGroup,UnityEditor.BuildTarget,int,UnityEditor.BuildOptions,string[],string[],bool)
UnityEditor.BuildPipeline:BuildPlayer (UnityEditor.BuildPlayerOptions)
AndroidPhase6Builder:Build (string,bool) (at Assets/Editor/AndroidPhase6Builder.cs:33)
AndroidPhase6Builder:BuildApk () (at Assets/Editor/AndroidPhase6Builder.cs:9)

[Assets/Editor/AndroidPhase6Builder.cs line 33]

Loaded scene 'Assets/Scenes/Tracks/Kick Butt Track 3.unity'
	Deserialize:            66.763 ms
	Integration:            51.777 ms
	Integration of assets:  0.572 ms
	Thread Wait Time:       0.054 ms
	Total Operation Time:   119.166 ms
Unloading 114 unused Assets / (0.8 MB). Loaded Objects now: 7113.
Memory consumption went from 347.9 MB to 347.0 MB.
Total: 8.780400 ms (FindLiveObjects: 0.488200 ms CreateObjectMapping: 0.618300 ms MarkObjects: 7.000700 ms  DeleteObjects: 0.672000 ms)

Opening scene 'Assets/Scenes/Tracks/Phineas Track 2.unity'
Unloading 41 Unused Serialized files (Serialized files now loaded: 0)
Component GUI Layer in Follow Camera for Scene Assets/Scenes/Tracks/Phineas Track 2.unity is no longer available.
It will be removed after you edit this GameObject and save the Scene.
UnityEngine.Debug:ExtractStackTraceNoAlloc (byte*,int,string)
UnityEngine.StackTraceUtility:ExtractStackTrace ()
UnityEditor.BuildPipeline:BuildPlayerInternal (string[],string,string,UnityEditor.BuildTargetGroup,UnityEditor.BuildTarget,int,UnityEditor.BuildOptions,string[],string[],bool)
UnityEditor.BuildPipeline:BuildPlayer (UnityEditor.BuildPlayerOptions)
AndroidPhase6Builder:Build (string,bool) (at Assets/Editor/AndroidPhase6Builder.cs:33)
AndroidPhase6Builder:BuildApk () (at Assets/Editor/AndroidPhase6Builder.cs:9)

[Assets/Editor/AndroidPhase6Builder.cs line 33]

Component GUI Layer in Prerace Camera for Scene Assets/Scenes/Tracks/Phineas Track 2.unity is no longer available.
It will be removed after you edit this GameObject and save the Scene.
UnityEngine.Debug:ExtractStackTraceNoAlloc (byte*,int,string)
UnityEngine.StackTraceUtility:ExtractStackTrace ()
UnityEditor.BuildPipeline:BuildPlayerInternal (string[],string,string,UnityEditor.BuildTargetGroup,UnityEditor.BuildTarget,int,UnityEditor.BuildOptions,string[],string[],bool)
UnityEditor.BuildPipeline:BuildPlayer (UnityEditor.BuildPlayerOptions)
AndroidPhase6Builder:Build (string,bool) (at Assets/Editor/AndroidPhase6Builder.cs:33)
AndroidPhase6Builder:BuildApk () (at Assets/Editor/AndroidPhase6Builder.cs:9)

[Assets/Editor/AndroidPhase6Builder.cs line 33]

Detected one or more triangles where the distance between any 2 vertices is greater than 500 units. The resulting Triangle Mesh can impact simulation and query stability. It is recommended to tessellate meshes that have large triangles. Source mesh name: Drawbridge_003
UnityEngine.Debug:ExtractStackTraceNoAlloc (byte*,int,string)
UnityEngine.StackTraceUtility:ExtractStackTrace ()
UnityEditor.BuildPipeline:BuildPlayerInternal (string[],string,string,UnityEditor.BuildTargetGroup,UnityEditor.BuildTarget,int,UnityEditor.BuildOptions,string[],string[],bool)
UnityEditor.BuildPipeline:BuildPlayer (UnityEditor.BuildPlayerOptions)
AndroidPhase6Builder:Build (string,bool) (at Assets/Editor/AndroidPhase6Builder.cs:33)
AndroidPhase6Builder:BuildApk () (at Assets/Editor/AndroidPhase6Builder.cs:9)

[Assets/Editor/AndroidPhase6Builder.cs line 33]

Detected one or more triangles where the distance between any 2 vertices is greater than 500 units. The resulting Triangle Mesh can impact simulation and query stability. It is recommended to tessellate meshes that have large triangles. Source mesh name: Drawbridge_000
UnityEngine.Debug:ExtractStackTraceNoAlloc (byte*,int,string)
UnityEngine.StackTraceUtility:ExtractStackTrace ()
UnityEditor.BuildPipeline:BuildPlayerInternal (string[],string,string,UnityEditor.BuildTargetGroup,UnityEditor.BuildTarget,int,UnityEditor.BuildOptions,string[],string[],bool)
UnityEditor.BuildPipeline:BuildPlayer (UnityEditor.BuildPlayerOptions)
AndroidPhase6Builder:Build (string,bool) (at Assets/Editor/AndroidPhase6Builder.cs:33)
AndroidPhase6Builder:BuildApk () (at Assets/Editor/AndroidPhase6Builder.cs:9)

[Assets/Editor/AndroidPhase6Builder.cs line 33]

Detected one or more triangles where the distance between any 2 vertices is greater than 500 units. The resulting Triangle Mesh can impact simulation and query stability. It is recommended to tessellate meshes that have large triangles. Source mesh name: 4-Lane_Corner_004
UnityEngine.Debug:ExtractStackTraceNoAlloc (byte*,int,string)
UnityEngine.StackTraceUtility:ExtractStackTrace ()
UnityEditor.BuildPipeline:BuildPlayerInternal (string[],string,string,UnityEditor.BuildTargetGroup,UnityEditor.BuildTarget,int,UnityEditor.BuildOptions,string[],string[],bool)
UnityEditor.BuildPipeline:BuildPlayer (UnityEditor.BuildPlayerOptions)
AndroidPhase6Builder:Build (string,bool) (at Assets/Editor/AndroidPhase6Builder.cs:33)
AndroidPhase6Builder:BuildApk () (at Assets/Editor/AndroidPhase6Builder.cs:9)

[Assets/Editor/AndroidPhase6Builder.cs line 33]

Detected one or more triangles where the distance between any 2 vertices is greater than 500 units. The resulting Triangle Mesh can impact simulation and query stability. It is recommended to tessellate meshes that have large triangles. Source mesh name: Drawbridge_005
UnityEngine.Debug:ExtractStackTraceNoAlloc (byte*,int,string)
UnityEngine.StackTraceUtility:ExtractStackTrace ()
UnityEditor.BuildPipeline:BuildPlayerInternal (string[],string,string,UnityEditor.BuildTargetGroup,UnityEditor.BuildTarget,int,UnityEditor.BuildOptions,string[],string[],bool)
UnityEditor.BuildPipeline:BuildPlayer (UnityEditor.BuildPlayerOptions)
AndroidPhase6Builder:Build (string,bool) (at Assets/Editor/AndroidPhase6Builder.cs:33)
AndroidPhase6Builder:BuildApk () (at Assets/Editor/AndroidPhase6Builder.cs:9)

[Assets/Editor/AndroidPhase6Builder.cs line 33]

Detected one or more triangles where the distance between any 2 vertices is greater than 500 units. The resulting Triangle Mesh can impact simulation and query stability. It is recommended to tessellate meshes that have large triangles. Source mesh name: Drawbridge_001
UnityEngine.Debug:ExtractStackTraceNoAlloc (byte*,int,string)
UnityEngine.StackTraceUtility:ExtractStackTrace ()
UnityEditor.BuildPipeline:BuildPlayerInternal (string[],string,string,UnityEditor.BuildTargetGroup,UnityEditor.BuildTarget,int,UnityEditor.BuildOptions,string[],string[],bool)
UnityEditor.BuildPipeline:BuildPlayer (UnityEditor.BuildPlayerOptions)
AndroidPhase6Builder:Build (string,bool) (at Assets/Editor/AndroidPhase6Builder.cs:33)
AndroidPhase6Builder:BuildApk () (at Assets/Editor/AndroidPhase6Builder.cs:9)

[Assets/Editor/AndroidPhase6Builder.cs line 33]

Loaded scene 'Assets/Scenes/Tracks/Phineas Track 2.unity'
	Deserialize:            78.547 ms
	Integration:            57.081 ms
	Integration of assets:  0.126 ms
	Thread Wait Time:       0.027 ms
	Total Operation Time:   135.781 ms
Unloading 117 unused Assets / (0.9 MB). Loaded Objects now: 7276.
Memory consumption went from 349.4 MB to 348.5 MB.
Total: 8.919600 ms (FindLiveObjects: 0.406100 ms CreateObjectMapping: 0.632200 ms MarkObjects: 7.094200 ms  DeleteObjects: 0.786000 ms)

Opening scene 'Assets/Scenes/Tracks/Phineas Track 3.unity'
Unloading 106 Unused Serialized files (Serialized files now loaded: 0)
Component GUI Layer in Follow Camera for Scene Assets/Scenes/Tracks/Phineas Track 3.unity is no longer available.
It will be removed after you edit this GameObject and save the Scene.
UnityEngine.Debug:ExtractStackTraceNoAlloc (byte*,int,string)
UnityEngine.StackTraceUtility:ExtractStackTrace ()
UnityEditor.BuildPipeline:BuildPlayerInternal (string[],string,string,UnityEditor.BuildTargetGroup,UnityEditor.BuildTarget,int,UnityEditor.BuildOptions,string[],string[],bool)
UnityEditor.BuildPipeline:BuildPlayer (UnityEditor.BuildPlayerOptions)
AndroidPhase6Builder:Build (string,bool) (at Assets/Editor/AndroidPhase6Builder.cs:33)
AndroidPhase6Builder:BuildApk () (at Assets/Editor/AndroidPhase6Builder.cs:9)

[Assets/Editor/AndroidPhase6Builder.cs line 33]

Component GUI Layer in Prerace Camera for Scene Assets/Scenes/Tracks/Phineas Track 3.unity is no longer available.
It will be removed after you edit this GameObject and save the Scene.
UnityEngine.Debug:ExtractStackTraceNoAlloc (byte*,int,string)
UnityEngine.StackTraceUtility:ExtractStackTrace ()
UnityEditor.BuildPipeline:BuildPlayerInternal (string[],string,string,UnityEditor.BuildTargetGroup,UnityEditor.BuildTarget,int,UnityEditor.BuildOptions,string[],string[],bool)
UnityEditor.BuildPipeline:BuildPlayer (UnityEditor.BuildPlayerOptions)
AndroidPhase6Builder:Build (string,bool) (at Assets/Editor/AndroidPhase6Builder.cs:33)
AndroidPhase6Builder:BuildApk () (at Assets/Editor/AndroidPhase6Builder.cs:9)

[Assets/Editor/AndroidPhase6Builder.cs line 33]

Loaded scene 'Assets/Scenes/Tracks/Phineas Track 3.unity'
	Deserialize:            105.458 ms
	Integration:            53.263 ms
	Integration of assets:  0.036 ms
	Thread Wait Time:       -0.009 ms
	Total Operation Time:   158.749 ms
Unloading 92 unused Assets / (111.0 KB). Loaded Objects now: 7880.
Memory consumption went from 348.9 MB to 348.8 MB.
Total: 9.530600 ms (FindLiveObjects: 0.510800 ms CreateObjectMapping: 0.658800 ms MarkObjects: 7.823600 ms  DeleteObjects: 0.536000 ms)

Opening scene 'Assets/Scenes/Tracks/Tutorial Track.unity'
Unloading 91 Unused Serialized files (Serialized files now loaded: 0)
Component GUI Layer in Follow Camera for Scene Assets/Scenes/Tracks/Tutorial Track.unity is no longer available.
It will be removed after you edit this GameObject and save the Scene.
UnityEngine.Debug:ExtractStackTraceNoAlloc (byte*,int,string)
UnityEngine.StackTraceUtility:ExtractStackTrace ()
UnityEditor.BuildPipeline:BuildPlayerInternal (string[],string,string,UnityEditor.BuildTargetGroup,UnityEditor.BuildTarget,int,UnityEditor.BuildOptions,string[],string[],bool)
UnityEditor.BuildPipeline:BuildPlayer (UnityEditor.BuildPlayerOptions)
AndroidPhase6Builder:Build (string,bool) (at Assets/Editor/AndroidPhase6Builder.cs:33)
AndroidPhase6Builder:BuildApk () (at Assets/Editor/AndroidPhase6Builder.cs:9)

[Assets/Editor/AndroidPhase6Builder.cs line 33]

Component GUI Layer in Prerace Camera for Scene Assets/Scenes/Tracks/Tutorial Track.unity is no longer available.
It will be removed after you edit this GameObject and save the Scene.
UnityEngine.Debug:ExtractStackTraceNoAlloc (byte*,int,string)
UnityEngine.StackTraceUtility:ExtractStackTrace ()
UnityEditor.BuildPipeline:BuildPlayerInternal (string[],string,string,UnityEditor.BuildTargetGroup,UnityEditor.BuildTarget,int,UnityEditor.BuildOptions,string[],string[],bool)
UnityEditor.BuildPipeline:BuildPlayer (UnityEditor.BuildPlayerOptions)
AndroidPhase6Builder:Build (string,bool) (at Assets/Editor/AndroidPhase6Builder.cs:33)
AndroidPhase6Builder:BuildApk () (at Assets/Editor/AndroidPhase6Builder.cs:9)

[Assets/Editor/AndroidPhase6Builder.cs line 33]

Loaded scene 'Assets/Scenes/Tracks/Tutorial Track.unity'
	Deserialize:            45.084 ms
	Integration:            39.354 ms
	Integration of assets:  1.509 ms
	Thread Wait Time:       0.018 ms
	Total Operation Time:   85.964 ms
Unloading 139 unused Assets / (0.9 MB). Loaded Objects now: 6620.
Memory consumption went from 351.2 MB to 350.3 MB.
Total: 10.428300 ms (FindLiveObjects: 0.349500 ms CreateObjectMapping: 0.729900 ms MarkObjects: 8.391000 ms  DeleteObjects: 0.956300 ms)

Opening scene 'Assets/Scenes/Test Scenes/Pranksgiving Test.unity'
Unloading 497 Unused Serialized files (Serialized files now loaded: 0)
Component GUI Layer in Follow Camera for Scene Assets/Scenes/Test Scenes/Pranksgiving Test.unity is no longer available.
It will be removed after you edit this GameObject and save the Scene.
UnityEngine.Debug:ExtractStackTraceNoAlloc (byte*,int,string)
UnityEngine.StackTraceUtility:ExtractStackTrace ()
UnityEditor.BuildPipeline:BuildPlayerInternal (string[],string,string,UnityEditor.BuildTargetGroup,UnityEditor.BuildTarget,int,UnityEditor.BuildOptions,string[],string[],bool)
UnityEditor.BuildPipeline:BuildPlayer (UnityEditor.BuildPlayerOptions)
AndroidPhase6Builder:Build (string,bool) (at Assets/Editor/AndroidPhase6Builder.cs:33)
AndroidPhase6Builder:BuildApk () (at Assets/Editor/AndroidPhase6Builder.cs:9)

[Assets/Editor/AndroidPhase6Builder.cs line 33]

Component GUI Layer in Prerace Camera for Scene Assets/Scenes/Test Scenes/Pranksgiving Test.unity is no longer available.
It will be removed after you edit this GameObject and save the Scene.
UnityEngine.Debug:ExtractStackTraceNoAlloc (byte*,int,string)
UnityEngine.StackTraceUtility:ExtractStackTrace ()
UnityEditor.BuildPipeline:BuildPlayerInternal (string[],string,string,UnityEditor.BuildTargetGroup,UnityEditor.BuildTarget,int,UnityEditor.BuildOptions,string[],string[],bool)
UnityEditor.BuildPipeline:BuildPlayer (UnityEditor.BuildPlayerOptions)
AndroidPhase6Builder:Build (string,bool) (at Assets/Editor/AndroidPhase6Builder.cs:33)
AndroidPhase6Builder:BuildApk () (at Assets/Editor/AndroidPhase6Builder.cs:9)

[Assets/Editor/AndroidPhase6Builder.cs line 33]

Loaded scene 'Assets/Scenes/Test Scenes/Pranksgiving Test.unity'
	Deserialize:            142.331 ms
	Integration:            61.418 ms
	Integration of assets:  7.416 ms
	Thread Wait Time:       0.060 ms
	Total Operation Time:   211.225 ms
Unloading 105 unused Assets / (0.9 MB). Loaded Objects now: 8647.
Memory consumption went from 357.6 MB to 356.7 MB.
Total: 9.317100 ms (FindLiveObjects: 0.476800 ms CreateObjectMapping: 0.947100 ms MarkObjects: 7.186200 ms  DeleteObjects: 0.706000 ms)

Unloading 122 Unused Serialized files (Serialized files now loaded: 0)
Unloading 2286 unused Assets / (39.9 MB). Loaded Objects now: 4162.
Memory consumption went from 380.1 MB to 340.2 MB.
Total: 12.609500 ms (FindLiveObjects: 0.231900 ms CreateObjectMapping: 0.613200 ms MarkObjects: 7.819700 ms  DeleteObjects: 3.943400 ms)

Unloading 0 Unused Serialized files (Serialized files now loaded: 0)
Unloading 0 unused Assets / (Unknown). Loaded Objects now: 4162.
Memory consumption went from 340.0 MB to 340.0 MB.
Total: 7.702100 ms (FindLiveObjects: 0.270100 ms CreateObjectMapping: 0.429700 ms MarkObjects: 6.992200 ms  DeleteObjects: 0.008100 ms)

Unloading 1 Unused Serialized files (Serialized files now loaded: 0)
Unloading 175 unused Assets / (150.9 MB). Loaded Objects now: 4162.
Memory consumption went from 483.5 MB to 332.6 MB.
Total: 28.322700 ms (FindLiveObjects: 0.199100 ms CreateObjectMapping: 0.357000 ms MarkObjects: 8.497100 ms  DeleteObjects: 19.267100 ms)

Compiling shader "Particles/Additive"
  Pass "FORWARD" (vp)
    Target graphics API: gles3
    Full variant space:         664
    After settings filtering:   664
    After built-in stripping:   24
    After scriptable stripping: 24
    Processed in 0.01 seconds
  Pass "FORWARD" (vp)
    Target graphics API: gles3
    Full variant space:         20
    After settings filtering:   20
    After built-in stripping:   15
    After scriptable stripping: 15
    Processed in 0.00 seconds
  Pass "DEFERRED" (vp)
    Target graphics API: gles3
    Full variant space:         76
    After settings filtering:   76
    After built-in stripping:   12
    After scriptable stripping: 12
    Processed in 0.00 seconds
  Pass FORWARD (vp, gles3) finished in 0.02 seconds. Local cache hits 24 (0.23s CPU time), remote cache hits 0 (0.00s CPU time), compiled 0 variants (0.00s CPU time), skipped 0 variants.
    Prepared data for serialisation in 0.00s
  Pass FORWARD (vp, gles3) finished in 0.02 seconds. Local cache hits 15 (0.13s CPU time), remote cache hits 0 (0.00s CPU time), compiled 0 variants (0.00s CPU time), skipped 0 variants.
    Prepared data for serialisation in 0.00s
  Pass DEFERRED (vp, gles3) finished in 0.02 seconds. Local cache hits 12 (0.10s CPU time), remote cache hits 0 (0.00s CPU time), compiled 0 variants (0.00s CPU time), skipped 0 variants.
    Prepared data for serialisation in 0.00s
Serialized binary data for shader Particles/Additive in 0.00s
    gles3 (total internal programs: 51, unique: 17)
Compiling shader "Mobile/Particles/VertexLit Blended"
  Pass "" (vp)
    Target graphics API: gles3
    Full variant space:         12
    After settings filtering:   12
    After built-in stripping:   9
    After scriptable stripping: 9
    Processed in 0.00 seconds
  Pass  (vp, gles3) finished in 0.01 seconds. Local cache hits 9 (0.07s CPU time), remote cache hits 0 (0.00s CPU time), compiled 0 variants (0.00s CPU time), skipped 0 variants.
    Prepared data for serialisation in 0.00s
Serialized binary data for shader Mobile/Particles/VertexLit Blended in 0.00s
    gles3 (total internal programs: 9, unique: 3)
Compiling shader "Mobile/Particles/Additive"
  Pass "" (vp)
    Target graphics API: gles3
    Full variant space:         4
    After settings filtering:   4
    After built-in stripping:   3
    After scriptable stripping: 3
    Processed in 0.00 seconds
  Pass  (vp, gles3) finished in 0.01 seconds. Local cache hits 3 (0.02s CPU time), remote cache hits 0 (0.00s CPU time), compiled 0 variants (0.00s CPU time), skipped 0 variants.
    Prepared data for serialisation in 0.00s
Serialized binary data for shader Mobile/Particles/Additive in 0.00s
    gles3 (total internal programs: 3, unique: 1)
Compiling shader "Mobile/Particles/Multiply"
  Pass "" (vp)
    Target graphics API: gles3
    Full variant space:         4
    After settings filtering:   4
    After built-in stripping:   3
    After scriptable stripping: 3
    Processed in 0.00 seconds
  Pass  (vp, gles3) finished in 0.01 seconds. Local cache hits 3 (0.02s CPU time), remote cache hits 0 (0.00s CPU time), compiled 0 variants (0.00s CPU time), skipped 0 variants.
    Prepared data for serialisation in 0.00s
Serialized binary data for shader Mobile/Particles/Multiply in 0.00s
    gles3 (total internal programs: 3, unique: 1)
Compiling shader "Mobile/Diffuse"
  Pass "FORWARD" (vp)
    Target graphics API: gles3
    Full variant space:         664
    After settings filtering:   664
    After built-in stripping:   24
    After scriptable stripping: 24
    Processed in 0.00 seconds
  Pass "FORWARD" (vp)
    Target graphics API: gles3
    Full variant space:         20
    After settings filtering:   20
    After built-in stripping:   15
    After scriptable stripping: 15
    Processed in 0.00 seconds
  Pass "DEFERRED" (vp)
    Target graphics API: gles3
    Full variant space:         76
    After settings filtering:   76
    After built-in stripping:   12
    After scriptable stripping: 12
    Processed in 0.00 seconds
  Pass FORWARD (vp, gles3) finished in 0.01 seconds. Local cache hits 24 (0.09s CPU time), remote cache hits 0 (0.00s CPU time), compiled 0 variants (0.00s CPU time), skipped 0 variants.
    Prepared data for serialisation in 0.00s
  Pass FORWARD (vp, gles3) finished in 0.01 seconds. Local cache hits 15 (0.02s CPU time), remote cache hits 0 (0.00s CPU time), compiled 0 variants (0.00s CPU time), skipped 0 variants.
    Prepared data for serialisation in 0.00s
  Pass DEFERRED (vp, gles3) finished in 0.01 seconds. Local cache hits 12 (0.02s CPU time), remote cache hits 0 (0.00s CPU time), compiled 0 variants (0.00s CPU time), skipped 0 variants.
    Prepared data for serialisation in 0.00s
Serialized binary data for shader Mobile/Diffuse in 0.00s
    gles3 (total internal programs: 51, unique: 17)
Compiling shader "iPhone/Transparent Color Shift Unlit"
  Pass "" (vp)
    Target graphics API: gles3
    Full variant space:         4
    After settings filtering:   4
    After built-in stripping:   3
    After scriptable stripping: 3
    Processed in 0.00 seconds
  Pass "" (vp)
    Target graphics API: gles3
    Full variant space:         4
    After settings filtering:   4
    After built-in stripping:   3
    After scriptable stripping: 3
    Processed in 0.00 seconds
  Pass  (vp, gles3) finished in 0.01 seconds. Local cache hits 3 (0.02s CPU time), remote cache hits 0 (0.00s CPU time), compiled 0 variants (0.00s CPU time), skipped 0 variants.
    Prepared data for serialisation in 0.00s
  Pass  (vp, gles3) finished in 0.01 seconds. Local cache hits 3 (0.02s CPU time), remote cache hits 0 (0.00s CPU time), compiled 0 variants (0.00s CPU time), skipped 0 variants.
    Prepared data for serialisation in 0.00s
Serialized binary data for shader iPhone/Transparent Color Shift Unlit in 0.00s
    gles3 (total internal programs: 6, unique: 2)
Compiling shader "Transparent/Diffuse"
  Pass "FORWARD" (vp)
    Target graphics API: gles3
    Full variant space:         664
    After settings filtering:   664
    After built-in stripping:   24
    After scriptable stripping: 24
    Processed in 0.00 seconds
  Pass "FORWARD" (vp)
    Target graphics API: gles3
    Full variant space:         20
    After settings filtering:   20
    After built-in stripping:   15
    After scriptable stripping: 15
    Processed in 0.00 seconds
  Pass "DEFERRED" (vp)
    Target graphics API: gles3
    Full variant space:         76
    After settings filtering:   76
    After built-in stripping:   12
    After scriptable stripping: 12
    Processed in 0.00 seconds
  Pass FORWARD (vp, gles3) finished in 0.01 seconds. Local cache hits 24 (0.10s CPU time), remote cache hits 0 (0.00s CPU time), compiled 0 variants (0.00s CPU time), skipped 0 variants.
    Prepared data for serialisation in 0.00s
  Pass FORWARD (vp, gles3) finished in 0.01 seconds. Local cache hits 15 (0.03s CPU time), remote cache hits 0 (0.00s CPU time), compiled 0 variants (0.00s CPU time), skipped 0 variants.
    Prepared data for serialisation in 0.00s
  Pass DEFERRED (vp, gles3) finished in 0.01 seconds. Local cache hits 12 (0.02s CPU time), remote cache hits 0 (0.00s CPU time), compiled 0 variants (0.00s CPU time), skipped 0 variants.
    Prepared data for serialisation in 0.00s
Serialized binary data for shader Transparent/Diffuse in 0.00s
    gles3 (total internal programs: 51, unique: 17)
Compiling shader "iPhone/Transparent And Color Unlit"
  Pass "" (vp)
    Target graphics API: gles3
    Full variant space:         4
    After settings filtering:   4
    After built-in stripping:   3
    After scriptable stripping: 3
    Processed in 0.00 seconds
  Pass  (vp, gles3) finished in 0.01 seconds. Local cache hits 3 (0.02s CPU time), remote cache hits 0 (0.00s CPU time), compiled 0 variants (0.00s CPU time), skipped 0 variants.
    Prepared data for serialisation in 0.00s
Serialized binary data for shader iPhone/Transparent And Color Unlit in 0.00s
    gles3 (total internal programs: 3, unique: 1)
Compiling shader "Unlit/Transparent"
  Pass "FORWARD" (vp)
    Target graphics API: gles3
    Full variant space:         664
    After settings filtering:   664
    After built-in stripping:   24
    After scriptable stripping: 24
    Processed in 0.00 seconds
  Pass "FORWARD" (vp)
    Target graphics API: gles3
    Full variant space:         20
    After settings filtering:   20
    After built-in stripping:   15
    After scriptable stripping: 15
    Processed in 0.00 seconds
  Pass "DEFERRED" (vp)
    Target graphics API: gles3
    Full variant space:         76
    After settings filtering:   76
    After built-in stripping:   12
    After scriptable stripping: 12
    Processed in 0.00 seconds
  Pass FORWARD (vp, gles3) finished in 0.01 seconds. Local cache hits 24 (0.07s CPU time), remote cache hits 0 (0.00s CPU time), compiled 0 variants (0.00s CPU time), skipped 0 variants.
    Prepared data for serialisation in 0.00s
  Pass FORWARD (vp, gles3) finished in 0.01 seconds. Local cache hits 15 (0.03s CPU time), remote cache hits 0 (0.00s CPU time), compiled 0 variants (0.00s CPU time), skipped 0 variants.
    Prepared data for serialisation in 0.00s
  Pass DEFERRED (vp, gles3) finished in 0.00 seconds. Local cache hits 12 (0.02s CPU time), remote cache hits 0 (0.00s CPU time), compiled 0 variants (0.00s CPU time), skipped 0 variants.
    Prepared data for serialisation in 0.00s
Serialized binary data for shader Unlit/Transparent in 0.00s
    gles3 (total internal programs: 51, unique: 17)
Compiling shader "Mobile/Particles/Alpha Blended"
  Pass "" (vp)
    Target graphics API: gles3
    Full variant space:         4
    After settings filtering:   4
    After built-in stripping:   3
    After scriptable stripping: 3
    Processed in 0.00 seconds
  Pass  (vp, gles3) finished in 0.01 seconds. Local cache hits 3 (0.02s CPU time), remote cache hits 0 (0.00s CPU time), compiled 0 variants (0.00s CPU time), skipped 0 variants.
    Prepared data for serialisation in 0.00s
Serialized binary data for shader Mobile/Particles/Alpha Blended in 0.00s
    gles3 (total internal programs: 3, unique: 1)
Compiling shader "Mobile/Unlit (Supports Lightmap)"
  Pass "" (vp)
    Target graphics API: gles3
    Full variant space:         4
    After settings filtering:   4
    After built-in stripping:   3
    After scriptable stripping: 3
    Processed in 0.00 seconds
  Pass "" (vp)
    Target graphics API: gles3
    Full variant space:         4
    After settings filtering:   4
    After built-in stripping:   3
    After scriptable stripping: 3
    Processed in 0.00 seconds
  Pass "" (vp)
    Target graphics API: gles3
    Full variant space:         4
    After settings filtering:   4
    After built-in stripping:   3
    After scriptable stripping: 3
    Processed in 0.00 seconds
  Pass  (vp, gles3) finished in 0.00 seconds. Local cache hits 3 (0.01s CPU time), remote cache hits 0 (0.00s CPU time), compiled 0 variants (0.00s CPU time), skipped 0 variants.
    Prepared data for serialisation in 0.00s
  Pass  (vp, gles3) finished in 0.01 seconds. Local cache hits 3 (0.03s CPU time), remote cache hits 0 (0.00s CPU time), compiled 0 variants (0.00s CPU time), skipped 0 variants.
    Prepared data for serialisation in 0.00s
  Pass  (vp, gles3) finished in 0.01 seconds. Local cache hits 3 (0.03s CPU time), remote cache hits 0 (0.00s CPU time), compiled 0 variants (0.00s CPU time), skipped 0 variants.
    Prepared data for serialisation in 0.00s
Serialized binary data for shader Mobile/Unlit (Supports Lightmap) in 0.00s
    gles3 (total internal programs: 9, unique: 3)
Compiling shader "Self-Illumin/Diffuse"
  Pass "FORWARD" (vp)
    Target graphics API: gles3
    Full variant space:         664
    After settings filtering:   664
    After built-in stripping:   24
    After scriptable stripping: 24
    Processed in 0.00 seconds
  Pass "FORWARD" (vp)
    Target graphics API: gles3
    Full variant space:         20
    After settings filtering:   20
    After built-in stripping:   15
    After scriptable stripping: 15
    Processed in 0.00 seconds
  Pass "DEFERRED" (vp)
    Target graphics API: gles3
    Full variant space:         76
    After settings filtering:   76
    After built-in stripping:   12
    After scriptable stripping: 12
    Processed in 0.00 seconds
  Pass FORWARD (vp, gles3) finished in 0.01 seconds. Local cache hits 24 (0.07s CPU time), remote cache hits 0 (0.00s CPU time), compiled 0 variants (0.00s CPU time), skipped 0 variants.
    Prepared data for serialisation in 0.00s
  Pass FORWARD (vp, gles3) finished in 0.01 seconds. Local cache hits 15 (0.02s CPU time), remote cache hits 0 (0.00s CPU time), compiled 0 variants (0.00s CPU time), skipped 0 variants.
    Prepared data for serialisation in 0.00s
  Pass DEFERRED (vp, gles3) finished in 0.01 seconds. Local cache hits 12 (0.02s CPU time), remote cache hits 0 (0.00s CPU time), compiled 0 variants (0.00s CPU time), skipped 0 variants.
    Prepared data for serialisation in 0.00s
Serialized binary data for shader Self-Illumin/Diffuse in 0.00s
    gles3 (total internal programs: 51, unique: 17)
Compiling shader "Mobile/Skybox"
  Pass "" (vp)
    Target graphics API: gles3
    Full variant space:         1
    After settings filtering:   1
    After built-in stripping:   3
    After scriptable stripping: 3
    Processed in 0.00 seconds
  Pass "" (vp)
    Target graphics API: gles3
    Full variant space:         1
    After settings filtering:   1
    After built-in stripping:   3
    After scriptable stripping: 3
    Processed in 0.00 seconds
  Pass "" (vp)
    Target graphics API: gles3
    Full variant space:         1
    After settings filtering:   1
    After built-in stripping:   3
    After scriptable stripping: 3
    Processed in 0.00 seconds
  Pass "" (vp)
    Target graphics API: gles3
    Full variant space:         1
    After settings filtering:   1
    After built-in stripping:   3
    After scriptable stripping: 3
    Processed in 0.00 seconds
  Pass "" (vp)
    Target graphics API: gles3
    Full variant space:         1
    After settings filtering:   1
    After built-in stripping:   3
    After scriptable stripping: 3
    Processed in 0.00 seconds
  Pass "" (vp)
    Target graphics API: gles3
    Full variant space:         1
    After settings filtering:   1
    After built-in stripping:   3
    After scriptable stripping: 3
    Processed in 0.00 seconds
  Pass  (vp, gles3) finished in 0.01 seconds. Local cache hits 3 (0.03s CPU time), remote cache hits 0 (0.00s CPU time), compiled 0 variants (0.00s CPU time), skipped 0 variants.
    Prepared data for serialisation in 0.00s
  Pass  (vp, gles3) finished in 0.01 seconds. Local cache hits 3 (0.03s CPU time), remote cache hits 0 (0.00s CPU time), compiled 0 variants (0.00s CPU time), skipped 0 variants.
    Prepared data for serialisation in 0.00s
  Pass  (vp, gles3) finished in 0.01 seconds. Local cache hits 3 (0.03s CPU time), remote cache hits 0 (0.00s CPU time), compiled 0 variants (0.00s CPU time), skipped 0 variants.
    Prepared data for serialisation in 0.00s
  Pass  (vp, gles3) finished in 0.01 seconds. Local cache hits 3 (0.03s CPU time), remote cache hits 0 (0.00s CPU time), compiled 0 variants (0.00s CPU time), skipped 0 variants.
    Prepared data for serialisation in 0.00s
  Pass  (vp, gles3) finished in 0.01 seconds. Local cache hits 3 (0.01s CPU time), remote cache hits 0 (0.00s CPU time), compiled 0 variants (0.00s CPU time), skipped 0 variants.
    Prepared data for serialisation in 0.00s
  Pass  (vp, gles3) finished in 0.01 seconds. Local cache hits 3 (0.02s CPU time), remote cache hits 0 (0.00s CPU time), compiled 0 variants (0.00s CPU time), skipped 0 variants.
    Prepared data for serialisation in 0.00s
Serialized binary data for shader Mobile/Skybox in 0.00s
    gles3 (total internal programs: 18, unique: 6)
Compiling shader "Unlit/Texture"
  Pass "FORWARD" (vp)
    Target graphics API: gles3
    Full variant space:         664
    After settings filtering:   664
    After built-in stripping:   24
    After scriptable stripping: 24
    Processed in 0.00 seconds
  Pass "FORWARD" (vp)
    Target graphics API: gles3
    Full variant space:         20
    After settings filtering:   20
    After built-in stripping:   15
    After scriptable stripping: 15
    Processed in 0.00 seconds
  Pass "DEFERRED" (vp)
    Target graphics API: gles3
    Full variant space:         76
    After settings filtering:   76
    After built-in stripping:   12
    After scriptable stripping: 12
    Processed in 0.00 seconds
  Pass FORWARD (vp, gles3) finished in 0.01 seconds. Local cache hits 24 (0.10s CPU time), remote cache hits 0 (0.00s CPU time), compiled 0 variants (0.00s CPU time), skipped 0 variants.
    Prepared data for serialisation in 0.00s
  Pass FORWARD (vp, gles3) finished in 0.01 seconds. Local cache hits 15 (0.03s CPU time), remote cache hits 0 (0.00s CPU time), compiled 0 variants (0.00s CPU time), skipped 0 variants.
    Prepared data for serialisation in 0.00s
  Pass DEFERRED (vp, gles3) finished in 0.01 seconds. Local cache hits 12 (0.02s CPU time), remote cache hits 0 (0.00s CPU time), compiled 0 variants (0.00s CPU time), skipped 0 variants.
    Prepared data for serialisation in 0.00s
Serialized binary data for shader Unlit/Texture in 0.00s
    gles3 (total internal programs: 51, unique: 17)
Compiling shader "Legacy Shaders/Particles/Alpha Blended Premultiply"
  Pass "" (vp)
    Target graphics API: gles3
    Full variant space:         2
    After settings filtering:   2
    After built-in stripping:   6
    After scriptable stripping: 6
    Processed in 0.00 seconds
  Pass  (vp, gles3) finished in 0.01 seconds. Local cache hits 6 (0.05s CPU time), remote cache hits 0 (0.00s CPU time), compiled 0 variants (0.00s CPU time), skipped 0 variants.
    Prepared data for serialisation in 0.00s
Serialized binary data for shader Legacy Shaders/Particles/Alpha Blended Premultiply in 0.00s
    gles3 (total internal programs: 6, unique: 2)
Compiling shader "Additive Unlit Double Texture"
  Pass "" (vp)
    Target graphics API: gles3
    Full variant space:         4
    After settings filtering:   4
    After built-in stripping:   3
    After scriptable stripping: 3
    Processed in 0.00 seconds
  Pass  (vp, gles3) finished in 0.01 seconds. Local cache hits 3 (0.02s CPU time), remote cache hits 0 (0.00s CPU time), compiled 0 variants (0.00s CPU time), skipped 0 variants.
    Prepared data for serialisation in 0.00s
Serialized binary data for shader Additive Unlit Double Texture in 0.00s
    gles3 (total internal programs: 3, unique: 1)
Compiling shader "Mobile/Unlit Under The Sea (Supports Lightmap)"
  Pass "FORWARD" (vp)
    Target graphics API: gles3
    Full variant space:         664
    After settings filtering:   664
    After built-in stripping:   24
    After scriptable stripping: 24
    Processed in 0.00 seconds
  Pass "FORWARD" (vp)
    Target graphics API: gles3
    Full variant space:         20
    After settings filtering:   20
    After built-in stripping:   15
    After scriptable stripping: 15
    Processed in 0.00 seconds
  Pass "DEFERRED" (vp)
    Target graphics API: gles3
    Full variant space:         76
    After settings filtering:   76
    After built-in stripping:   12
    After scriptable stripping: 12
    Processed in 0.00 seconds
  Pass FORWARD (vp, gles3) finished in 0.01 seconds. Local cache hits 24 (0.08s CPU time), remote cache hits 0 (0.00s CPU time), compiled 0 variants (0.00s CPU time), skipped 0 variants.
    Prepared data for serialisation in 0.00s
  Pass FORWARD (vp, gles3) finished in 0.01 seconds. Local cache hits 15 (0.02s CPU time), remote cache hits 0 (0.00s CPU time), compiled 0 variants (0.00s CPU time), skipped 0 variants.
    Prepared data for serialisation in 0.00s
  Pass DEFERRED (vp, gles3) finished in 0.00 seconds. Local cache hits 12 (0.02s CPU time), remote cache hits 0 (0.00s CPU time), compiled 0 variants (0.00s CPU time), skipped 0 variants.
    Prepared data for serialisation in 0.00s
Serialized binary data for shader Mobile/Unlit Under The Sea (Supports Lightmap) in 0.00s
    gles3 (total internal programs: 51, unique: 17)
Compiling shader "Legacy Shaders/VertexLit"
  Pass "" (vp)
    Target graphics API: gles3
    Full variant space:         12
    After settings filtering:   12
    After built-in stripping:   9
    After scriptable stripping: 9
    Processed in 0.00 seconds
  Pass "" (vp)
    Target graphics API: gles3
    Full variant space:         4
    After settings filtering:   4
    After built-in stripping:   3
    After scriptable stripping: 3
    Processed in 0.00 seconds
  Pass "ShadowCaster" (vp)
    Target graphics API: gles3
    Full variant space:         4
    After settings filtering:   4
    After built-in stripping:   6
    After scriptable stripping: 6
    Processed in 0.00 seconds
  Pass  (vp, gles3) finished in 0.01 seconds. Local cache hits 9 (0.11s CPU time), remote cache hits 0 (0.00s CPU time), compiled 0 variants (0.00s CPU time), skipped 0 variants.
    Prepared data for serialisation in 0.00s
  Pass  (vp, gles3) finished in 0.01 seconds. Local cache hits 3 (0.04s CPU time), remote cache hits 0 (0.00s CPU time), compiled 0 variants (0.00s CPU time), skipped 0 variants.
    Prepared data for serialisation in 0.00s
  Pass ShadowCaster (vp, gles3) finished in 0.02 seconds. Local cache hits 6 (0.03s CPU time), remote cache hits 0 (0.00s CPU time), compiled 0 variants (0.00s CPU time), skipped 0 variants.
    Prepared data for serialisation in 0.00s
Serialized binary data for shader Legacy Shaders/VertexLit in 0.00s
    gles3 (total internal programs: 18, unique: 6)
Compiling shader "Legacy Shaders/Diffuse"
  Pass "FORWARD" (vp)
    Target graphics API: gles3
    Full variant space:         664
    After settings filtering:   664
    After built-in stripping:   24
    After scriptable stripping: 24
    Processed in 0.00 seconds
  Pass "FORWARD" (vp)
    Target graphics API: gles3
    Full variant space:         20
    After settings filtering:   20
    After built-in stripping:   15
    After scriptable stripping: 15
    Processed in 0.00 seconds
  Pass "DEFERRED" (vp)
    Target graphics API: gles3
    Full variant space:         76
    After settings filtering:   76
    After built-in stripping:   12
    After scriptable stripping: 12
    Processed in 0.00 seconds
  Pass FORWARD (vp, gles3) finished in 0.02 seconds. Local cache hits 24 (0.23s CPU time), remote cache hits 0 (0.00s CPU time), compiled 0 variants (0.00s CPU time), skipped 0 variants.
    Prepared data for serialisation in 0.00s
  Pass FORWARD (vp, gles3) finished in 0.02 seconds. Local cache hits 15 (0.13s CPU time), remote cache hits 0 (0.00s CPU time), compiled 0 variants (0.00s CPU time), skipped 0 variants.
    Prepared data for serialisation in 0.00s
  Pass DEFERRED (vp, gles3) finished in 0.02 seconds. Local cache hits 12 (0.10s CPU time), remote cache hits 0 (0.00s CPU time), compiled 0 variants (0.00s CPU time), skipped 0 variants.
    Prepared data for serialisation in 0.00s
Serialized binary data for shader Legacy Shaders/Diffuse in 0.00s
    gles3 (total internal programs: 51, unique: 17)
Compiling shader "Hidden/Internal-StencilWrite"
  Pass "" (vp)
    Target graphics API: gles3
    Full variant space:         1
    After settings filtering:   1
    After built-in stripping:   3
    After scriptable stripping: 3
    Processed in 0.00 seconds
  Pass  (vp, gles3) finished in 0.01 seconds. Local cache hits 3 (0.02s CPU time), remote cache hits 0 (0.00s CPU time), compiled 0 variants (0.00s CPU time), skipped 0 variants.
    Prepared data for serialisation in 0.00s
Serialized binary data for shader Hidden/Internal-StencilWrite in 0.00s
    gles3 (total internal programs: 3, unique: 1)
Compiling shader "Hidden/Internal-DepthNormalsTexture"
  Pass "" (vp)
    Target graphics API: gles3
    Full variant space:         1
    After settings filtering:   1
    After built-in stripping:   3
    After scriptable stripping: 3
    Processed in 0.00 seconds
  Pass "" (vp)
    Target graphics API: gles3
    Full variant space:         1
    After settings filtering:   1
    After built-in stripping:   3
    After scriptable stripping: 3
    Processed in 0.00 seconds
  Pass "" (vp)
    Target graphics API: gles3
    Full variant space:         1
    After settings filtering:   1
    After built-in stripping:   3
    After scriptable stripping: 3
    Processed in 0.00 seconds
  Pass "" (vp)
    Target graphics API: gles3
    Full variant space:         1
    After settings filtering:   1
    After built-in stripping:   3
    After scriptable stripping: 3
    Processed in 0.00 seconds
  Pass "" (vp)
    Target graphics API: gles3
    Full variant space:         1
    After settings filtering:   1
    After built-in stripping:   3
    After scriptable stripping: 3
    Processed in 0.00 seconds
  Pass "" (vp)
    Target graphics API: gles3
    Full variant space:         1
    After settings filtering:   1
    After built-in stripping:   3
    After scriptable stripping: 3
    Processed in 0.00 seconds
  Pass "" (vp)
    Target graphics API: gles3
    Full variant space:         1
    After settings filtering:   1
    After built-in stripping:   3
    After scriptable stripping: 3
    Processed in 0.00 seconds
  Pass "" (vp)
    Target graphics API: gles3
    Full variant space:         1
    After settings filtering:   1
    After built-in stripping:   3
    After scriptable stripping: 3
    Processed in 0.00 seconds
  Pass "" (vp)
    Target graphics API: gles3
    Full variant space:         1
    After settings filtering:   1
    After built-in stripping:   3
    After scriptable stripping: 3
    Processed in 0.00 seconds
  Pass "" (vp)
    Target graphics API: gles3
    Full variant space:         1
    After settings filtering:   1
    After built-in stripping:   3
    After scriptable stripping: 3
    Processed in 0.00 seconds
  Pass  (vp, gles3) finished in 0.01 seconds. Local cache hits 3 (0.03s CPU time), remote cache hits 0 (0.00s CPU time), compiled 0 variants (0.00s CPU time), skipped 0 variants.
    Prepared data for serialisation in 0.00s
  Pass  (vp, gles3) finished in 0.02 seconds. Local cache hits 3 (0.03s CPU time), remote cache hits 0 (0.00s CPU time), compiled 0 variants (0.00s CPU time), skipped 0 variants.
    Prepared data for serialisation in 0.00s
  Pass  (vp, gles3) finished in 0.02 seconds. Local cache hits 3 (0.03s CPU time), remote cache hits 0 (0.00s CPU time), compiled 0 variants (0.00s CPU time), skipped 0 variants.
    Prepared data for serialisation in 0.00s
  Pass  (vp, gles3) finished in 0.02 seconds. Local cache hits 3 (0.03s CPU time), remote cache hits 0 (0.00s CPU time), compiled 0 variants (0.00s CPU time), skipped 0 variants.
    Prepared data for serialisation in 0.00s
  Pass  (vp, gles3) finished in 0.02 seconds. Local cache hits 3 (0.01s CPU time), remote cache hits 0 (0.00s CPU time), compiled 0 variants (0.00s CPU time), skipped 0 variants.
    Prepared data for serialisation in 0.00s
  Pass  (vp, gles3) finished in 0.01 seconds. Local cache hits 3 (0.03s CPU time), remote cache hits 0 (0.00s CPU time), compiled 0 variants (0.00s CPU time), skipped 0 variants.
    Prepared data for serialisation in 0.00s
  Pass  (vp, gles3) finished in 0.01 seconds. Local cache hits 3 (0.02s CPU time), remote cache hits 0 (0.00s CPU time), compiled 0 variants (0.00s CPU time), skipped 0 variants.
    Prepared data for serialisation in 0.00s
  Pass  (vp, gles3) finished in 0.01 seconds. Local cache hits 3 (0.03s CPU time), remote cache hits 0 (0.00s CPU time), compiled 0 variants (0.00s CPU time), skipped 0 variants.
    Prepared data for serialisation in 0.00s
  Pass  (vp, gles3) finished in 0.01 seconds. Local cache hits 3 (0.02s CPU time), remote cache hits 0 (0.00s CPU time), compiled 0 variants (0.00s CPU time), skipped 0 variants.
    Prepared data for serialisation in 0.00s
  Pass  (vp, gles3) finished in 0.01 seconds. Local cache hits 3 (0.02s CPU time), remote cache hits 0 (0.00s CPU time), compiled 0 variants (0.00s CPU time), skipped 0 variants.
    Prepared data for serialisation in 0.00s
Serialized binary data for shader Hidden/Internal-DepthNormalsTexture in 0.00s
    gles3 (total internal programs: 30, unique: 10)
Compiling shader "Hidden/Internal-ScreenSpaceShadows"
  Pass "" (vp)
    Target graphics API: gles3
    Full variant space:         4
    After settings filtering:   4
    After built-in stripping:   12
    After scriptable stripping: 12
    Processed in 0.00 seconds
  Pass "" (vp)
    Target graphics API: gles3
    Full variant space:         4
    After settings filtering:   4
    After built-in stripping:   12
    After scriptable stripping: 12
    Processed in 0.00 seconds
  Pass "" (vp)
    Target graphics API: gles3
    Full variant space:         4
    After settings filtering:   4
    After built-in stripping:   12
    After scriptable stripping: 12
    Processed in 0.00 seconds
  Pass "" (vp)
    Target graphics API: gles3
    Full variant space:         4
    After settings filtering:   4
    After built-in stripping:   12
    After scriptable stripping: 12
    Processed in 0.00 seconds
  Pass  (vp, gles3) finished in 0.01 seconds. Local cache hits 12 (0.12s CPU time), remote cache hits 0 (0.00s CPU time), compiled 0 variants (0.00s CPU time), skipped 0 variants.
    Prepared data for serialisation in 0.00s
  Pass  (vp, gles3) finished in 0.02 seconds. Local cache hits 12 (0.11s CPU time), remote cache hits 0 (0.00s CPU time), compiled 0 variants (0.00s CPU time), skipped 0 variants.
    Prepared data for serialisation in 0.00s
  Pass  (vp, gles3) finished in 0.02 seconds. Local cache hits 12 (0.11s CPU time), remote cache hits 0 (0.00s CPU time), compiled 0 variants (0.00s CPU time), skipped 0 variants.
    Prepared data for serialisation in 0.00s
  Pass  (vp, gles3) finished in 0.01 seconds. Local cache hits 12 (0.10s CPU time), remote cache hits 0 (0.00s CPU time), compiled 0 variants (0.00s CPU time), skipped 0 variants.
    Prepared data for serialisation in 0.00s
Serialized binary data for shader Hidden/Internal-ScreenSpaceShadows in 0.00s
    gles3 (total internal programs: 48, unique: 16)
Compiling shader "Hidden/Internal-CombineDepthNormals"
  Pass "" (vp)
    Target graphics API: gles3
    Full variant space:         1
    After settings filtering:   1
    After built-in stripping:   3
    After scriptable stripping: 3
    Processed in 0.00 seconds
  Pass  (vp, gles3) finished in 0.01 seconds. Local cache hits 3 (0.02s CPU time), remote cache hits 0 (0.00s CPU time), compiled 0 variants (0.00s CPU time), skipped 0 variants.
    Prepared data for serialisation in 0.00s
Serialized binary data for shader Hidden/Internal-CombineDepthNormals in 0.00s
    gles3 (total internal programs: 3, unique: 1)
Compiling shader "Hidden/BlitCopy"
  Pass "" (vp)
    Target graphics API: gles3
    Full variant space:         1
    After settings filtering:   1
    After built-in stripping:   3
    After scriptable stripping: 3
    Processed in 0.00 seconds
  Pass  (vp, gles3) finished in 0.01 seconds. Local cache hits 3 (0.02s CPU time), remote cache hits 0 (0.00s CPU time), compiled 0 variants (0.00s CPU time), skipped 0 variants.
    Prepared data for serialisation in 0.00s
Serialized binary data for shader Hidden/BlitCopy in 0.00s
    gles3 (total internal programs: 3, unique: 1)
Compiling shader "Hidden/BlitCopyDepth"
  Pass "" (vp)
    Target graphics API: gles3
    Full variant space:         1
    After settings filtering:   1
    After built-in stripping:   3
    After scriptable stripping: 3
    Processed in 0.00 seconds
  Pass  (vp, gles3) finished in 0.01 seconds. Local cache hits 3 (0.02s CPU time), remote cache hits 0 (0.00s CPU time), compiled 0 variants (0.00s CPU time), skipped 0 variants.
    Prepared data for serialisation in 0.00s
Serialized binary data for shader Hidden/BlitCopyDepth in 0.00s
    gles3 (total internal programs: 3, unique: 1)
Compiling shader "Hidden/ConvertTexture"
  Pass "" (vp)
    Target graphics API: gles3
    Full variant space:         1
    After settings filtering:   1
    After built-in stripping:   3
    After scriptable stripping: 3
    Processed in 0.00 seconds
  Pass  (vp, gles3) finished in 0.01 seconds. Local cache hits 3 (0.02s CPU time), remote cache hits 0 (0.00s CPU time), compiled 0 variants (0.00s CPU time), skipped 0 variants.
    Prepared data for serialisation in 0.00s
Serialized binary data for shader Hidden/ConvertTexture in 0.00s
    gles3 (total internal programs: 3, unique: 1)
Compiling shader "Hidden/Internal-DeferredShading"
  Pass "" (vp)
    Target graphics API: gles3
    Full variant space:         94
    After settings filtering:   94
    After built-in stripping:   78
    After scriptable stripping: 78
    Processed in 0.00 seconds
  Pass "" (vp)
    Target graphics API: gles3
    Full variant space:         1
    After settings filtering:   1
    After built-in stripping:   3
    After scriptable stripping: 3
    Processed in 0.00 seconds
  Pass  (vp, gles3) finished in 0.06 seconds. Local cache hits 78 (0.70s CPU time), remote cache hits 0 (0.00s CPU time), compiled 0 variants (0.00s CPU time), skipped 0 variants.
    Prepared data for serialisation in 0.00s
  Pass  (vp, gles3) finished in 0.01 seconds. Local cache hits 3 (0.03s CPU time), remote cache hits 0 (0.00s CPU time), compiled 0 variants (0.00s CPU time), skipped 0 variants.
    Prepared data for serialisation in 0.00s
Serialized binary data for shader Hidden/Internal-DeferredShading in 0.00s
    gles3 (total internal programs: 81, unique: 53)
Compiling shader "Hidden/Internal-DeferredReflections"
  Pass "" (vp)
    Target graphics API: gles3
    Full variant space:         1
    After settings filtering:   1
    After built-in stripping:   3
    After scriptable stripping: 3
    Processed in 0.00 seconds
  Pass "" (vp)
    Target graphics API: gles3
    Full variant space:         2
    After settings filtering:   2
    After built-in stripping:   6
    After scriptable stripping: 6
    Processed in 0.00 seconds
  Pass  (vp, gles3) finished in 0.01 seconds. Local cache hits 3 (0.02s CPU time), remote cache hits 0 (0.00s CPU time), compiled 0 variants (0.00s CPU time), skipped 0 variants.
    Prepared data for serialisation in 0.00s
  Pass  (vp, gles3) finished in 0.01 seconds. Local cache hits 6 (0.05s CPU time), remote cache hits 0 (0.00s CPU time), compiled 0 variants (0.00s CPU time), skipped 0 variants.
    Prepared data for serialisation in 0.00s
Serialized binary data for shader Hidden/Internal-DeferredReflections in 0.00s
    gles3 (total internal programs: 9, unique: 4)
Compiling shader "Hidden/Internal-MotionVectors"
  Pass "" (vp)
    Target graphics API: gles3
    Full variant space:         1
    After settings filtering:   1
    After built-in stripping:   3
    After scriptable stripping: 3
    Processed in 0.00 seconds
  Pass "" (vp)
    Target graphics API: gles3
    Full variant space:         1
    After settings filtering:   1
    After built-in stripping:   3
    After scriptable stripping: 3
    Processed in 0.00 seconds
  Pass "" (vp)
    Target graphics API: gles3
    Full variant space:         1
    After settings filtering:   1
    After built-in stripping:   3
    After scriptable stripping: 3
    Processed in 0.00 seconds
  Pass  (vp, gles3) finished in 0.01 seconds. Local cache hits 3 (0.03s CPU time), remote cache hits 0 (0.00s CPU time), compiled 0 variants (0.00s CPU time), skipped 0 variants.
    Prepared data for serialisation in 0.00s
  Pass  (vp, gles3) finished in 0.01 seconds. Local cache hits 3 (0.03s CPU time), remote cache hits 0 (0.00s CPU time), compiled 0 variants (0.00s CPU time), skipped 0 variants.
    Prepared data for serialisation in 0.00s
  Pass  (vp, gles3) finished in 0.01 seconds. Local cache hits 3 (0.03s CPU time), remote cache hits 0 (0.00s CPU time), compiled 0 variants (0.00s CPU time), skipped 0 variants.
    Prepared data for serialisation in 0.00s
Serialized binary data for shader Hidden/Internal-MotionVectors in 0.00s
    gles3 (total internal programs: 9, unique: 3)
Compiling shader "Hidden/Internal-Flare"
  Pass "" (vp)
    Target graphics API: gles3
    Full variant space:         1
    After settings filtering:   1
    After built-in stripping:   3
    After scriptable stripping: 3
    Processed in 0.00 seconds
  Pass  (vp, gles3) finished in 0.01 seconds. Local cache hits 3 (0.02s CPU time), remote cache hits 0 (0.00s CPU time), compiled 0 variants (0.00s CPU time), skipped 0 variants.
    Prepared data for serialisation in 0.00s
Serialized binary data for shader Hidden/Internal-Flare in 0.00s
    gles3 (total internal programs: 3, unique: 1)
Compiling shader "Hidden/Internal-Halo"
  Pass "" (vp)
    Target graphics API: gles3
    Full variant space:         4
    After settings filtering:   4
    After built-in stripping:   3
    After scriptable stripping: 3
    Processed in 0.00 seconds
  Pass  (vp, gles3) finished in 0.01 seconds. Local cache hits 3 (0.02s CPU time), remote cache hits 0 (0.00s CPU time), compiled 0 variants (0.00s CPU time), skipped 0 variants.
    Prepared data for serialisation in 0.00s
Serialized binary data for shader Hidden/Internal-Halo in 0.00s
    gles3 (total internal programs: 3, unique: 1)
Compiling shader "Hidden/BlitCopyWithDepth"
  Pass "" (vp)
    Target graphics API: gles3
    Full variant space:         1
    After settings filtering:   1
    After built-in stripping:   3
    After scriptable stripping: 3
    Processed in 0.00 seconds
  Pass  (vp, gles3) finished in 0.01 seconds. Local cache hits 3 (0.02s CPU time), remote cache hits 0 (0.00s CPU time), compiled 0 variants (0.00s CPU time), skipped 0 variants.
    Prepared data for serialisation in 0.00s
Serialized binary data for shader Hidden/BlitCopyWithDepth in 0.00s
    gles3 (total internal programs: 3, unique: 1)
Compiling shader "Hidden/BlitToDepth"
  Pass "" (vp)
    Target graphics API: gles3
    Full variant space:         1
    After settings filtering:   1
    After built-in stripping:   3
    After scriptable stripping: 3
    Processed in 0.00 seconds
  Pass  (vp, gles3) finished in 0.01 seconds. Local cache hits 3 (0.02s CPU time), remote cache hits 0 (0.00s CPU time), compiled 0 variants (0.00s CPU time), skipped 0 variants.
    Prepared data for serialisation in 0.00s
Serialized binary data for shader Hidden/BlitToDepth in 0.00s
    gles3 (total internal programs: 3, unique: 1)
Compiling shader "Hidden/BlitToDepth_MSAA"
  Pass "" (vp)
    Target graphics API: gles3
    Full variant space:         1
    After settings filtering:   1
    After built-in stripping:   3
    After scriptable stripping: 3
    Processed in 0.00 seconds
  Pass  (vp, gles3) finished in 0.01 seconds. Local cache hits 3 (0.02s CPU time), remote cache hits 0 (0.00s CPU time), compiled 0 variants (0.00s CPU time), skipped 0 variants.
    Prepared data for serialisation in 0.00s
Serialized binary data for shader Hidden/BlitToDepth_MSAA in 0.00s
    gles3 (total internal programs: 3, unique: 1)
Compiling shader "Hidden/BlitCopyHDRTonemap"
  Pass "" (vp)
    Target graphics API: gles3
    Full variant space:         1
    After settings filtering:   1
    After built-in stripping:   3
    After scriptable stripping: 3
    Processed in 0.00 seconds
  Pass  (vp, gles3) finished in 0.01 seconds. Local cache hits 3 (0.02s CPU time), remote cache hits 0 (0.00s CPU time), compiled 0 variants (0.00s CPU time), skipped 0 variants.
    Prepared data for serialisation in 0.00s
Serialized binary data for shader Hidden/BlitCopyHDRTonemap in 0.00s
    gles3 (total internal programs: 3, unique: 1)
Compiling shader "Hidden/Internal-DebugPattern"
  Pass "Target Color and DepthStencil" (vp)
    Target graphics API: gles3
    Full variant space:         1
    After settings filtering:   1
    After built-in stripping:   3
    After scriptable stripping: 3
    Processed in 0.00 seconds
  Pass "Target only Color" (vp)
    Target graphics API: gles3
    Full variant space:         1
    After settings filtering:   1
    After built-in stripping:   3
    After scriptable stripping: 3
    Processed in 0.00 seconds
  Pass "Target only DepthStencil" (vp)
    Target graphics API: gles3
    Full variant space:         1
    After settings filtering:   1
    After built-in stripping:   3
    After scriptable stripping: 3
    Processed in 0.00 seconds
  Pass Target Color and DepthStencil (vp, gles3) finished in 0.01 seconds. Local cache hits 3 (0.03s CPU time), remote cache hits 0 (0.00s CPU time), compiled 0 variants (0.00s CPU time), skipped 0 variants.
    Prepared data for serialisation in 0.00s
  Pass Target only Color (vp, gles3) finished in 0.01 seconds. Local cache hits 3 (0.02s CPU time), remote cache hits 0 (0.00s CPU time), compiled 0 variants (0.00s CPU time), skipped 0 variants.
    Prepared data for serialisation in 0.00s
  Pass Target only DepthStencil (vp, gles3) finished in 0.01 seconds. Local cache hits 3 (0.03s CPU time), remote cache hits 0 (0.00s CPU time), compiled 0 variants (0.00s CPU time), skipped 0 variants.
    Prepared data for serialisation in 0.00s
Serialized binary data for shader Hidden/Internal-DebugPattern in 0.00s
    gles3 (total internal programs: 9, unique: 3)
Compiling shader "Hidden/Internal-GUITextureClip"
  Pass "" (vp)
    Target graphics API: gles3
    Full variant space:         1
    After settings filtering:   1
    After built-in stripping:   3
    After scriptable stripping: 3
    Processed in 0.00 seconds
  Pass "" (vp)
    Target graphics API: gles3
    Full variant space:         1
    After settings filtering:   1
    After built-in stripping:   3
    After scriptable stripping: 3
    Processed in 0.00 seconds
  Pass  (vp, gles3) finished in 0.01 seconds. Local cache hits 3 (0.02s CPU time), remote cache hits 0 (0.00s CPU time), compiled 0 variants (0.00s CPU time), skipped 0 variants.
    Prepared data for serialisation in 0.00s
  Pass  (vp, gles3) finished in 0.01 seconds. Local cache hits 3 (0.02s CPU time), remote cache hits 0 (0.00s CPU time), compiled 0 variants (0.00s CPU time), skipped 0 variants.
    Prepared data for serialisation in 0.00s
Serialized binary data for shader Hidden/Internal-GUITextureClip in 0.00s
    gles3 (total internal programs: 6, unique: 1)
Compiling shader "Hidden/Internal-GUITextureClipText"
  Pass "" (vp)
    Target graphics API: gles3
    Full variant space:         1
    After settings filtering:   1
    After built-in stripping:   3
    After scriptable stripping: 3
    Processed in 0.00 seconds
  Pass "" (vp)
    Target graphics API: gles3
    Full variant space:         1
    After settings filtering:   1
    After built-in stripping:   3
    After scriptable stripping: 3
    Processed in 0.00 seconds
  Pass  (vp, gles3) finished in 0.01 seconds. Local cache hits 3 (0.02s CPU time), remote cache hits 0 (0.00s CPU time), compiled 0 variants (0.00s CPU time), skipped 0 variants.
    Prepared data for serialisation in 0.00s
  Pass  (vp, gles3) finished in 0.01 seconds. Local cache hits 3 (0.02s CPU time), remote cache hits 0 (0.00s CPU time), compiled 0 variants (0.00s CPU time), skipped 0 variants.
    Prepared data for serialisation in 0.00s
Serialized binary data for shader Hidden/Internal-GUITextureClipText in 0.00s
    gles3 (total internal programs: 6, unique: 1)
Compiling shader "Hidden/Internal-GUITexture"
  Pass "" (vp)
    Target graphics API: gles3
    Full variant space:         1
    After settings filtering:   1
    After built-in stripping:   3
    After scriptable stripping: 3
    Processed in 0.00 seconds
  Pass "" (vp)
    Target graphics API: gles3
    Full variant space:         1
    After settings filtering:   1
    After built-in stripping:   3
    After scriptable stripping: 3
    Processed in 0.00 seconds
  Pass  (vp, gles3) finished in 0.01 seconds. Local cache hits 3 (0.02s CPU time), remote cache hits 0 (0.00s CPU time), compiled 0 variants (0.00s CPU time), skipped 0 variants.
    Prepared data for serialisation in 0.00s
  Pass  (vp, gles3) finished in 0.01 seconds. Local cache hits 3 (0.02s CPU time), remote cache hits 0 (0.00s CPU time), compiled 0 variants (0.00s CPU time), skipped 0 variants.
    Prepared data for serialisation in 0.00s
Serialized binary data for shader Hidden/Internal-GUITexture in 0.00s
    gles3 (total internal programs: 6, unique: 1)
Compiling shader "Hidden/Internal-GUITextureBlit"
  Pass "" (vp)
    Target graphics API: gles3
    Full variant space:         1
    After settings filtering:   1
    After built-in stripping:   3
    After scriptable stripping: 3
    Processed in 0.00 seconds
  Pass "" (vp)
    Target graphics API: gles3
    Full variant space:         1
    After settings filtering:   1
    After built-in stripping:   3
    After scriptable stripping: 3
    Processed in 0.00 seconds
  Pass  (vp, gles3) finished in 0.01 seconds. Local cache hits 3 (0.03s CPU time), remote cache hits 0 (0.00s CPU time), compiled 0 variants (0.00s CPU time), skipped 0 variants.
    Prepared data for serialisation in 0.00s
  Pass  (vp, gles3) finished in 0.01 seconds. Local cache hits 3 (0.03s CPU time), remote cache hits 0 (0.00s CPU time), compiled 0 variants (0.00s CPU time), skipped 0 variants.
    Prepared data for serialisation in 0.00s
Serialized binary data for shader Hidden/Internal-GUITextureBlit in 0.00s
    gles3 (total internal programs: 6, unique: 1)
Compiling shader "Hidden/Internal-GUIRoundedRect"
  Pass "" (vp)
    Target graphics API: gles3
    Full variant space:         1
    After settings filtering:   1
    After built-in stripping:   3
    After scriptable stripping: 3
    Processed in 0.00 seconds
  Pass "" (vp)
    Target graphics API: gles3
    Full variant space:         1
    After settings filtering:   1
    After built-in stripping:   3
    After scriptable stripping: 3
    Processed in 0.00 seconds
  Pass  (vp, gles3) finished in 0.01 seconds. Local cache hits 3 (0.02s CPU time), remote cache hits 0 (0.00s CPU time), compiled 0 variants (0.00s CPU time), skipped 0 variants.
    Prepared data for serialisation in 0.00s
  Pass  (vp, gles3) finished in 0.01 seconds. Local cache hits 3 (0.02s CPU time), remote cache hits 0 (0.00s CPU time), compiled 0 variants (0.00s CPU time), skipped 0 variants.
    Prepared data for serialisation in 0.00s
Serialized binary data for shader Hidden/Internal-GUIRoundedRect in 0.00s
    gles3 (total internal programs: 6, unique: 1)
Compiling shader "Hidden/Internal-GUIRoundedRectWithColorPerBorder"
  Pass "" (vp)
    Target graphics API: gles3
    Full variant space:         1
    After settings filtering:   1
    After built-in stripping:   3
    After scriptable stripping: 3
    Processed in 0.00 seconds
  Pass "" (vp)
    Target graphics API: gles3
    Full variant space:         1
    After settings filtering:   1
    After built-in stripping:   3
    After scriptable stripping: 3
    Processed in 0.00 seconds
  Pass  (vp, gles3) finished in 0.01 seconds. Local cache hits 3 (0.02s CPU time), remote cache hits 0 (0.00s CPU time), compiled 0 variants (0.00s CPU time), skipped 0 variants.
    Prepared data for serialisation in 0.00s
  Pass  (vp, gles3) finished in 0.01 seconds. Local cache hits 3 (0.02s CPU time), remote cache hits 0 (0.00s CPU time), compiled 0 variants (0.00s CPU time), skipped 0 variants.
    Prepared data for serialisation in 0.00s
Serialized binary data for shader Hidden/Internal-GUIRoundedRectWithColorPerBorder in 0.00s
    gles3 (total internal programs: 6, unique: 1)
Compiling shader "Hidden/Internal-UIRDefault"
  Pass "" (vp)
    Target graphics API: gles3
    Full variant space:         40
    After settings filtering:   40
    After built-in stripping:   120
    After scriptable stripping: 120
    Processed in 0.00 seconds
  Pass  (vp, gles3) finished in 0.09 seconds. Local cache hits 120 (1.26s CPU time), remote cache hits 0 (0.00s CPU time), compiled 0 variants (0.00s CPU time), skipped 0 variants.
    Prepared data for serialisation in 0.00s
Serialized binary data for shader Hidden/Internal-UIRDefault in 0.00s
    gles3 (total internal programs: 120, unique: 40)
Compiling shader "Hidden/Internal-UIRAtlasBlitCopy"
  Pass "" (vp)
    Target graphics API: gles3
    Full variant space:         1
    After settings filtering:   1
    After built-in stripping:   3
    After scriptable stripping: 3
    Processed in 0.00 seconds
  Pass  (vp, gles3) finished in 0.01 seconds. Local cache hits 3 (0.02s CPU time), remote cache hits 0 (0.00s CPU time), compiled 0 variants (0.00s CPU time), skipped 0 variants.
    Prepared data for serialisation in 0.00s
Serialized binary data for shader Hidden/Internal-UIRAtlasBlitCopy in 0.00s
    gles3 (total internal programs: 3, unique: 1)
Compiling shader "Sprites/Default"
  Pass "" (vp)
    Target graphics API: gles3
    Full variant space:         8
    After settings filtering:   8
    After built-in stripping:   12
    After scriptable stripping: 12
    Processed in 0.00 seconds
  Pass  (vp, gles3) finished in 0.01 seconds. Local cache hits 12 (0.10s CPU time), remote cache hits 0 (0.00s CPU time), compiled 0 variants (0.00s CPU time), skipped 0 variants.
    Prepared data for serialisation in 0.00s
Serialized binary data for shader Sprites/Default in 0.00s
    gles3 (total internal programs: 12, unique: 4)
Compiling shader "Sprites/Mask"
  Pass "" (vp)
    Target graphics API: gles3
    Full variant space:         4
    After settings filtering:   4
    After built-in stripping:   12
    After scriptable stripping: 12
    Processed in 0.00 seconds
  Pass  (vp, gles3) finished in 0.01 seconds. Local cache hits 12 (0.10s CPU time), remote cache hits 0 (0.00s CPU time), compiled 0 variants (0.00s CPU time), skipped 0 variants.
    Prepared data for serialisation in 0.00s
Serialized binary data for shader Sprites/Mask in 0.00s
    gles3 (total internal programs: 12, unique: 4)
Compiling shader "UI/Default"
  Pass "Default" (vp)
    Target graphics API: gles3
    Full variant space:         4
    After settings filtering:   4
    After built-in stripping:   12
    After scriptable stripping: 12
    Processed in 0.00 seconds
  Pass "XRMotionVectors" (vp)
    Target graphics API: gles3
    Full variant space:         4
    After settings filtering:   4
    After built-in stripping:   12
    After scriptable stripping: 12
    Processed in 0.00 seconds
  Pass Default (vp, gles3) finished in 0.01 seconds. Local cache hits 12 (0.12s CPU time), remote cache hits 0 (0.00s CPU time), compiled 0 variants (0.00s CPU time), skipped 0 variants.
    Prepared data for serialisation in 0.00s
  Pass XRMotionVectors (vp, gles3) finished in 0.02 seconds. Local cache hits 12 (0.10s CPU time), remote cache hits 0 (0.00s CPU time), compiled 0 variants (0.00s CPU time), skipped 0 variants.
    Prepared data for serialisation in 0.00s
Serialized binary data for shader UI/Default in 0.00s
    gles3 (total internal programs: 24, unique: 8)
Compiling shader "UI/DefaultETC1"
  Pass "Default" (vp)
    Target graphics API: gles3
    Full variant space:         4
    After settings filtering:   4
    After built-in stripping:   12
    After scriptable stripping: 12
    Processed in 0.00 seconds
  Pass "XRMotionVectors" (vp)
    Target graphics API: gles3
    Full variant space:         4
    After settings filtering:   4
    After built-in stripping:   12
    After scriptable stripping: 12
    Processed in 0.00 seconds
  Pass Default (vp, gles3) finished in 0.01 seconds. Local cache hits 12 (0.11s CPU time), remote cache hits 0 (0.00s CPU time), compiled 0 variants (0.00s CPU time), skipped 0 variants.
    Prepared data for serialisation in 0.00s
  Pass XRMotionVectors (vp, gles3) finished in 0.02 seconds. Local cache hits 12 (0.10s CPU time), remote cache hits 0 (0.00s CPU time), compiled 0 variants (0.00s CPU time), skipped 0 variants.
    Prepared data for serialisation in 0.00s
Serialized binary data for shader UI/DefaultETC1 in 0.00s
    gles3 (total internal programs: 24, unique: 8)
Compiling shader "Hidden/CubeBlur"
  Pass "" (vp)
    Target graphics API: gles3
    Full variant space:         1
    After settings filtering:   1
    After built-in stripping:   3
    After scriptable stripping: 3
    Processed in 0.00 seconds
  Pass "" (vp)
    Target graphics API: gles3
    Full variant space:         1
    After settings filtering:   1
    After built-in stripping:   3
    After scriptable stripping: 3
    Processed in 0.00 seconds
  Pass  (vp, gles3) finished in 0.01 seconds. Local cache hits 3 (0.02s CPU time), remote cache hits 0 (0.00s CPU time), compiled 0 variants (0.00s CPU time), skipped 0 variants.
    Prepared data for serialisation in 0.00s
  Pass  (vp, gles3) finished in 0.01 seconds. Local cache hits 3 (0.02s CPU time), remote cache hits 0 (0.00s CPU time), compiled 0 variants (0.00s CPU time), skipped 0 variants.
    Prepared data for serialisation in 0.00s
Serialized binary data for shader Hidden/CubeBlur in 0.00s
    gles3 (total internal programs: 6, unique: 2)
Compiling shader "Hidden/CubeCopy"
  Pass "" (vp)
    Target graphics API: gles3
    Full variant space:         1
    After settings filtering:   1
    After built-in stripping:   3
    After scriptable stripping: 3
    Processed in 0.00 seconds
  Pass "" (vp)
    Target graphics API: gles3
    Full variant space:         1
    After settings filtering:   1
    After built-in stripping:   3
    After scriptable stripping: 3
    Processed in 0.00 seconds
  Pass  (vp, gles3) finished in 0.01 seconds. Local cache hits 3 (0.02s CPU time), remote cache hits 0 (0.00s CPU time), compiled 0 variants (0.00s CPU time), skipped 0 variants.
    Prepared data for serialisation in 0.00s
  Pass  (vp, gles3) finished in 0.01 seconds. Local cache hits 3 (0.02s CPU time), remote cache hits 0 (0.00s CPU time), compiled 0 variants (0.00s CPU time), skipped 0 variants.
    Prepared data for serialisation in 0.00s
Serialized binary data for shader Hidden/CubeCopy in 0.00s
    gles3 (total internal programs: 6, unique: 1)
Compiling shader "Hidden/CubeBlend"
  Pass "" (vp)
    Target graphics API: gles3
    Full variant space:         1
    After settings filtering:   1
    After built-in stripping:   3
    After scriptable stripping: 3
    Processed in 0.00 seconds
  Pass "" (vp)
    Target graphics API: gles3
    Full variant space:         1
    After settings filtering:   1
    After built-in stripping:   3
    After scriptable stripping: 3
    Processed in 0.00 seconds
  Pass  (vp, gles3) finished in 0.01 seconds. Local cache hits 3 (0.02s CPU time), remote cache hits 0 (0.00s CPU time), compiled 0 variants (0.00s CPU time), skipped 0 variants.
    Prepared data for serialisation in 0.00s
  Pass  (vp, gles3) finished in 0.01 seconds. Local cache hits 3 (0.02s CPU time), remote cache hits 0 (0.00s CPU time), compiled 0 variants (0.00s CPU time), skipped 0 variants.
    Prepared data for serialisation in 0.00s
Serialized binary data for shader Hidden/CubeBlend in 0.00s
    gles3 (total internal programs: 6, unique: 1)
Compiling shader "Hidden/VR/BlitTexArraySlice"
  Pass "" (vp)
    Target graphics API: gles3
    Full variant space:         1
    After settings filtering:   1
    After built-in stripping:   3
    After scriptable stripping: 3
    Processed in 0.00 seconds
  Pass  (vp, gles3) finished in 0.01 seconds. Local cache hits 3 (0.02s CPU time), remote cache hits 0 (0.00s CPU time), compiled 0 variants (0.00s CPU time), skipped 0 variants.
    Prepared data for serialisation in 0.00s
Serialized binary data for shader Hidden/VR/BlitTexArraySlice in 0.00s
    gles3 (total internal programs: 3, unique: 1)
Compiling shader "Hidden/Internal-ODSWorldTexture"
  Pass "" (vp)
    Target graphics API: gles3
    Full variant space:         1
    After settings filtering:   1
    After built-in stripping:   3
    After scriptable stripping: 3
    Processed in 0.00 seconds
  Pass "" (vp)
    Target graphics API: gles3
    Full variant space:         1
    After settings filtering:   1
    After built-in stripping:   3
    After scriptable stripping: 3
    Processed in 0.00 seconds
  Pass "" (vp)
    Target graphics API: gles3
    Full variant space:         1
    After settings filtering:   1
    After built-in stripping:   3
    After scriptable stripping: 3
    Processed in 0.00 seconds
  Pass "" (vp)
    Target graphics API: gles3
    Full variant space:         1
    After settings filtering:   1
    After built-in stripping:   3
    After scriptable stripping: 3
    Processed in 0.00 seconds
  Pass "" (vp)
    Target graphics API: gles3
    Full variant space:         1
    After settings filtering:   1
    After built-in stripping:   3
    After scriptable stripping: 3
    Processed in 0.00 seconds
  Pass "" (vp)
    Target graphics API: gles3
    Full variant space:         1
    After settings filtering:   1
    After built-in stripping:   3
    After scriptable stripping: 3
    Processed in 0.00 seconds
  Pass "" (vp)
    Target graphics API: gles3
    Full variant space:         1
    After settings filtering:   1
    After built-in stripping:   3
    After scriptable stripping: 3
    Processed in 0.00 seconds
  Pass "" (vp)
    Target graphics API: gles3
    Full variant space:         1
    After settings filtering:   1
    After built-in stripping:   3
    After scriptable stripping: 3
    Processed in 0.00 seconds
  Pass "" (vp)
    Target graphics API: gles3
    Full variant space:         1
    After settings filtering:   1
    After built-in stripping:   3
    After scriptable stripping: 3
    Processed in 0.00 seconds
  Pass "" (vp)
    Target graphics API: gles3
    Full variant space:         1
    After settings filtering:   1
    After built-in stripping:   3
    After scriptable stripping: 3
    Processed in 0.00 seconds
  Pass  (vp, gles3) finished in 0.01 seconds. Local cache hits 3 (0.02s CPU time), remote cache hits 0 (0.00s CPU time), compiled 0 variants (0.00s CPU time), skipped 0 variants.
    Prepared data for serialisation in 0.00s
  Pass  (vp, gles3) finished in 0.01 seconds. Local cache hits 3 (0.03s CPU time), remote cache hits 0 (0.00s CPU time), compiled 0 variants (0.00s CPU time), skipped 0 variants.
    Prepared data for serialisation in 0.00s
  Pass  (vp, gles3) finished in 0.01 seconds. Local cache hits 3 (0.03s CPU time), remote cache hits 0 (0.00s CPU time), compiled 0 variants (0.00s CPU time), skipped 0 variants.
    Prepared data for serialisation in 0.00s
  Pass  (vp, gles3) finished in 0.01 seconds. Local cache hits 3 (0.02s CPU time), remote cache hits 0 (0.00s CPU time), compiled 0 variants (0.00s CPU time), skipped 0 variants.
    Prepared data for serialisation in 0.00s
  Pass  (vp, gles3) finished in 0.01 seconds. Local cache hits 3 (0.01s CPU time), remote cache hits 0 (0.00s CPU time), compiled 0 variants (0.00s CPU time), skipped 0 variants.
    Prepared data for serialisation in 0.00s
  Pass  (vp, gles3) finished in 0.01 seconds. Local cache hits 3 (0.02s CPU time), remote cache hits 0 (0.00s CPU time), compiled 0 variants (0.00s CPU time), skipped 0 variants.
    Prepared data for serialisation in 0.00s
  Pass  (vp, gles3) finished in 0.01 seconds. Local cache hits 3 (0.03s CPU time), remote cache hits 0 (0.00s CPU time), compiled 0 variants (0.00s CPU time), skipped 0 variants.
    Prepared data for serialisation in 0.00s
  Pass  (vp, gles3) finished in 0.01 seconds. Local cache hits 3 (0.02s CPU time), remote cache hits 0 (0.00s CPU time), compiled 0 variants (0.00s CPU time), skipped 0 variants.
    Prepared data for serialisation in 0.00s
  Pass  (vp, gles3) finished in 0.01 seconds. Local cache hits 3 (0.02s CPU time), remote cache hits 0 (0.00s CPU time), compiled 0 variants (0.00s CPU time), skipped 0 variants.
    Prepared data for serialisation in 0.00s
  Pass  (vp, gles3) finished in 0.01 seconds. Local cache hits 3 (0.02s CPU time), remote cache hits 0 (0.00s CPU time), compiled 0 variants (0.00s CPU time), skipped 0 variants.
    Prepared data for serialisation in 0.00s
Serialized binary data for shader Hidden/Internal-ODSWorldTexture in 0.00s
    gles3 (total internal programs: 30, unique: 9)
Compiling shader "Hidden/Internal-CubemapToEquirect"
  Pass "" (vp)
    Target graphics API: gles3
    Full variant space:         1
    After settings filtering:   1
    After built-in stripping:   3
    After scriptable stripping: 3
    Processed in 0.00 seconds
  Pass  (vp, gles3) finished in 0.01 seconds. Local cache hits 3 (0.02s CPU time), remote cache hits 0 (0.00s CPU time), compiled 0 variants (0.00s CPU time), skipped 0 variants.
    Prepared data for serialisation in 0.00s
Serialized binary data for shader Hidden/Internal-CubemapToEquirect in 0.00s
    gles3 (total internal programs: 3, unique: 1)
Compiling shader "Hidden/VR/BlitFromTex2DToTexArraySlice"
  Pass "" (vp)
    Target graphics API: gles3
    Full variant space:         1
    After settings filtering:   1
    After built-in stripping:   3
    After scriptable stripping: 3
    Processed in 0.00 seconds
  Pass "" (vp)
    Target graphics API: gles3
    Full variant space:         1
    After settings filtering:   1
    After built-in stripping:   3
    After scriptable stripping: 3
    Processed in 0.00 seconds
  Pass  (vp, gles3) finished in 0.01 seconds. Local cache hits 3 (0.02s CPU time), remote cache hits 0 (0.00s CPU time), compiled 0 variants (0.00s CPU time), skipped 0 variants.
    Prepared data for serialisation in 0.00s
  Pass  (vp, gles3) finished in 0.01 seconds. Local cache hits 3 (0.02s CPU time), remote cache hits 0 (0.00s CPU time), compiled 0 variants (0.00s CPU time), skipped 0 variants.
    Prepared data for serialisation in 0.00s
Serialized binary data for shader Hidden/VR/BlitFromTex2DToTexArraySlice in 0.00s
    gles3 (total internal programs: 6, unique: 2)
Compiling shader "Hidden/VideoComposite"
  Pass "Default" (vp)
    Target graphics API: gles3
    Full variant space:         1
    After settings filtering:   1
    After built-in stripping:   3
    After scriptable stripping: 3
    Processed in 0.00 seconds
  Pass Default (vp, gles3) finished in 0.01 seconds. Local cache hits 3 (0.02s CPU time), remote cache hits 0 (0.00s CPU time), compiled 0 variants (0.00s CPU time), skipped 0 variants.
    Prepared data for serialisation in 0.00s
Serialized binary data for shader Hidden/VideoComposite in 0.00s
    gles3 (total internal programs: 3, unique: 1)
Compiling shader "Hidden/VideoDecode"
  Pass "YCbCr_To_RGB1" (vp)
    Target graphics API: gles3
    Full variant space:         2
    After settings filtering:   2
    After built-in stripping:   6
    After scriptable stripping: 6
    Processed in 0.00 seconds
  Pass "YCbCrA_To_RGBAFull" (vp)
    Target graphics API: gles3
    Full variant space:         2
    After settings filtering:   2
    After built-in stripping:   6
    After scriptable stripping: 6
    Processed in 0.00 seconds
  Pass "YCbCrA_To_RGBA" (vp)
    Target graphics API: gles3
    Full variant space:         2
    After settings filtering:   2
    After built-in stripping:   6
    After scriptable stripping: 6
    Processed in 0.00 seconds
  Pass "Flip_RGBA_To_RGBA" (vp)
    Target graphics API: gles3
    Full variant space:         2
    After settings filtering:   2
    After built-in stripping:   6
    After scriptable stripping: 6
    Processed in 0.00 seconds
  Pass "Flip_RGBASplit_To_RGBA" (vp)
    Target graphics API: gles3
    Full variant space:         2
    After settings filtering:   2
    After built-in stripping:   6
    After scriptable stripping: 6
    Processed in 0.00 seconds
  Pass "Flip_NV12_To_RGB1" (vp)
    Target graphics API: gles3
    Full variant space:         2
    After settings filtering:   2
    After built-in stripping:   6
    After scriptable stripping: 6
    Processed in 0.00 seconds
  Pass "Flip_NV12_To_RGBA" (vp)
    Target graphics API: gles3
    Full variant space:         2
    After settings filtering:   2
    After built-in stripping:   6
    After scriptable stripping: 6
    Processed in 0.00 seconds
  Pass "Flip_P010_To_RGB1" (vp)
    Target graphics API: gles3
    Full variant space:         1
    After settings filtering:   1
    After built-in stripping:   3
    After scriptable stripping: 3
    Processed in 0.00 seconds
  Pass YCbCr_To_RGB1 (vp, gles3) finished in 0.01 seconds. Local cache hits 6 (0.06s CPU time), remote cache hits 0 (0.00s CPU time), compiled 0 variants (0.00s CPU time), skipped 0 variants.
    Prepared data for serialisation in 0.00s
  Pass YCbCrA_To_RGBAFull (vp, gles3) finished in 0.01 seconds. Local cache hits 6 (0.05s CPU time), remote cache hits 0 (0.00s CPU time), compiled 0 variants (0.00s CPU time), skipped 0 variants.
    Prepared data for serialisation in 0.00s
  Pass YCbCrA_To_RGBA (vp, gles3) finished in 0.02 seconds. Local cache hits 6 (0.04s CPU time), remote cache hits 0 (0.00s CPU time), compiled 0 variants (0.00s CPU time), skipped 0 variants.
    Prepared data for serialisation in 0.00s
  Pass Flip_RGBA_To_RGBA (vp, gles3) finished in 0.01 seconds. Local cache hits 6 (0.05s CPU time), remote cache hits 0 (0.00s CPU time), compiled 0 variants (0.00s CPU time), skipped 0 variants.
    Prepared data for serialisation in 0.00s
  Pass Flip_RGBASplit_To_RGBA (vp, gles3) finished in 0.02 seconds. Local cache hits 6 (0.05s CPU time), remote cache hits 0 (0.00s CPU time), compiled 0 variants (0.00s CPU time), skipped 0 variants.
    Prepared data for serialisation in 0.00s
  Pass Flip_NV12_To_RGB1 (vp, gles3) finished in 0.01 seconds. Local cache hits 6 (0.05s CPU time), remote cache hits 0 (0.00s CPU time), compiled 0 variants (0.00s CPU time), skipped 0 variants.
    Prepared data for serialisation in 0.00s
  Pass Flip_NV12_To_RGBA (vp, gles3) finished in 0.01 seconds. Local cache hits 6 (0.05s CPU time), remote cache hits 0 (0.00s CPU time), compiled 0 variants (0.00s CPU time), skipped 0 variants.
    Prepared data for serialisation in 0.00s
  Pass Flip_P010_To_RGB1 (vp, gles3) finished in 0.01 seconds. Local cache hits 3 (0.02s CPU time), remote cache hits 0 (0.00s CPU time), compiled 0 variants (0.00s CPU time), skipped 0 variants.
    Prepared data for serialisation in 0.00s
Serialized binary data for shader Hidden/VideoDecode in 0.00s
    gles3 (total internal programs: 45, unique: 15)
Compiling shader "Hidden/VideoDecodeAndroid"
  Pass "RGBAExternal_To_RGBA" (vp)
    Target graphics API: gles3
    Full variant space:         2
    After settings filtering:   2
    After built-in stripping:   6
    After scriptable stripping: 6
    Processed in 0.00 seconds
  Pass "RGBASplitExternal_To_RGBA" (vp)
    Target graphics API: gles3
    Full variant space:         2
    After settings filtering:   2
    After built-in stripping:   6
    After scriptable stripping: 6
    Processed in 0.00 seconds
  Pass RGBAExternal_To_RGBA (vp, gles3) finished in 0.01 seconds. Local cache hits 6 (0.05s CPU time), remote cache hits 0 (0.00s CPU time), compiled 0 variants (0.00s CPU time), skipped 0 variants.
    Prepared data for serialisation in 0.00s
  Pass RGBASplitExternal_To_RGBA (vp, gles3) finished in 0.01 seconds. Local cache hits 6 (0.05s CPU time), remote cache hits 0 (0.00s CPU time), compiled 0 variants (0.00s CPU time), skipped 0 variants.
    Prepared data for serialisation in 0.00s
Serialized binary data for shader Hidden/VideoDecodeAndroid in 0.00s
    gles3 (total internal programs: 12, unique: 12)
Compiling shader "Hidden/TextCore/Distance Field SSD"
  Pass "" (vp)
    Target graphics API: gles3
    Full variant space:         1
    After settings filtering:   1
    After built-in stripping:   3
    After scriptable stripping: 3
    Processed in 0.00 seconds
  Pass  (vp, gles3) finished in 0.01 seconds. Local cache hits 3 (0.02s CPU time), remote cache hits 0 (0.00s CPU time), compiled 0 variants (0.00s CPU time), skipped 0 variants.
    Prepared data for serialisation in 0.00s
Serialized binary data for shader Hidden/TextCore/Distance Field SSD in 0.00s
    gles3 (total internal programs: 3, unique: 1)
Compiling shader "Hidden/Physics2D/SDF_CircleGeometry"
  Pass "" (vp)
    Target graphics API: gles3
    Full variant space:         2
    After settings filtering:   2
    After built-in stripping:   3
    After scriptable stripping: 3
    Processed in 0.00 seconds
  Pass  (vp, gles3) finished in 0.01 seconds. Local cache hits 3 (0.02s CPU time), remote cache hits 0 (0.00s CPU time), compiled 0 variants (0.00s CPU time), skipped 0 variants.
    Prepared data for serialisation in 0.00s
Serialized binary data for shader Hidden/Physics2D/SDF_CircleGeometry in 0.00s
    gles3 (total internal programs: 3, unique: 1)
Compiling shader "Hidden/Physics2D/SDF_CapsuleGeometry"
  Pass "" (vp)
    Target graphics API: gles3
    Full variant space:         2
    After settings filtering:   2
    After built-in stripping:   3
    After scriptable stripping: 3
    Processed in 0.00 seconds
  Pass  (vp, gles3) finished in 0.01 seconds. Local cache hits 3 (0.02s CPU time), remote cache hits 0 (0.00s CPU time), compiled 0 variants (0.00s CPU time), skipped 0 variants.
    Prepared data for serialisation in 0.00s
Serialized binary data for shader Hidden/Physics2D/SDF_CapsuleGeometry in 0.00s
    gles3 (total internal programs: 3, unique: 1)
Compiling shader "Hidden/Physics2D/SDF_PolygonGeometry"
  Pass "" (vp)
    Target graphics API: gles3
    Full variant space:         2
    After settings filtering:   2
    After built-in stripping:   3
    After scriptable stripping: 3
    Processed in 0.00 seconds
  Pass  (vp, gles3) finished in 0.01 seconds. Local cache hits 3 (0.02s CPU time), remote cache hits 0 (0.00s CPU time), compiled 0 variants (0.00s CPU time), skipped 0 variants.
    Prepared data for serialisation in 0.00s
Serialized binary data for shader Hidden/Physics2D/SDF_PolygonGeometry in 0.00s
    gles3 (total internal programs: 3, unique: 1)
Compiling shader "Hidden/Physics2D/SDF_Line"
  Pass "" (vp)
    Target graphics API: gles3
    Full variant space:         2
    After settings filtering:   2
    After built-in stripping:   3
    After scriptable stripping: 3
    Processed in 0.00 seconds
  Pass  (vp, gles3) finished in 0.01 seconds. Local cache hits 3 (0.02s CPU time), remote cache hits 0 (0.00s CPU time), compiled 0 variants (0.00s CPU time), skipped 0 variants.
    Prepared data for serialisation in 0.00s
Serialized binary data for shader Hidden/Physics2D/SDF_Line in 0.00s
    gles3 (total internal programs: 3, unique: 1)
Compiling shader "Hidden/Physics2D/SDF_Point"
  Pass "" (vp)
    Target graphics API: gles3
    Full variant space:         2
    After settings filtering:   2
    After built-in stripping:   3
    After scriptable stripping: 3
    Processed in 0.00 seconds
  Pass  (vp, gles3) finished in 0.01 seconds. Local cache hits 3 (0.02s CPU time), remote cache hits 0 (0.00s CPU time), compiled 0 variants (0.00s CPU time), skipped 0 variants.
    Prepared data for serialisation in 0.00s
Serialized binary data for shader Hidden/Physics2D/SDF_Point in 0.00s
    gles3 (total internal programs: 3, unique: 1)
SpriteAtlasDatabase::Cleanup
DisplayProgressbar: Initializing
Android PostProcess task "Initializing" took 1,4967 ms
DisplayProgressbar: Check gradle project collisions
Android PostProcess task "Check gradle project collisions" took 0,2135 ms
DisplayProgressbar: Preparing banner
Android PostProcess task "Preparing banner" took 0,3609 ms
Starting: C:\Program Files\Unity\Hub\Editor\6000.5.3f1\Editor\Data\Tools\BuildPipeline\bee_backend.exe --ipc --dagfile="Library/Bee/Player2dcb5acf.dag" --profile="Library/Bee/backend1.traceevents" Player
WorkingDir: C:/Users/STEEP/Documents/game/phase4_reconstruction/Unity6Project
DisplayProgressbar: Incremental Player Build
Starting: C:\Program Files\Unity\Hub\Editor\6000.5.3f1\Editor\Data\netcorerun\netcorerun.exe "C:\Program Files\Unity\Hub\Editor\6000.5.3f1\Editor\Data\PlaybackEngines\AndroidPlayer\AndroidPlayerBuildProgram.exe" "C:/Program Files/Unity/Hub/Editor/6000.5.3f1/Editor/Data/PlaybackEngines/AndroidPlayer/Bee;C:/Program Files/Unity/Hub/Editor/6000.5.3f1/Editor/Data/Tools/BuildPipeline" "Library/Bee/Player2dcb5acf.dag.json" "Library/Bee/Player2dcb5acf-inputdata.json" "Library\Bee\buildprogram0.traceevents"
WorkingDir: C:/Users/STEEP/Documents/game/phase4_reconstruction/Unity6Project
ExitCode: 4 Duration: 0s145ms
ExitCode: 0 Duration: 2s113ms
Starting: C:\Program Files\Unity\Hub\Editor\6000.5.3f1\Editor\Data\Tools\BuildPipeline\bee_backend.exe --ipc --dagfile="Library/Bee/Player2dcb5acf.dag" --dagfilejson="Library\Bee\Player2dcb5acf.dag.json" --profile="Library/Bee/backend2.traceevents" Player
WorkingDir: C:/Users/STEEP/Documents/game/phase4_reconstruction/Unity6Project
Starting: C:\Program Files\Unity\Hub\Editor\6000.5.3f1\Editor\Data\netcorerun\netcorerun.exe "C:\Program Files\Unity\Hub\Editor\6000.5.3f1\Editor\Data\PlaybackEngines\AndroidPlayer\AndroidPlayerBuildProgram.exe" "C:/Program Files/Unity/Hub/Editor/6000.5.3f1/Editor/Data/PlaybackEngines/AndroidPlayer/Bee;C:/Program Files/Unity/Hub/Editor/6000.5.3f1/Editor/Data/Tools/BuildPipeline" "Library/Bee/Player2dcb5acf.dag.json" "Library/Bee/Player2dcb5acf-inputdata.json" "Library\Bee\buildprogram1.traceevents"
WorkingDir: C:/Users/STEEP/Documents/game/phase4_reconstruction/Unity6Project
ExitCode: 4 Duration: 10s
ExitCode: 0 Duration: 0s651ms
Starting: C:\Program Files\Unity\Hub\Editor\6000.5.3f1\Editor\Data\Tools\BuildPipeline\bee_backend.exe --ipc --dagfile="Library/Bee/Player2dcb5acf.dag" --dagfilejson="Library\Bee\Player2dcb5acf.dag.json" --profile="Library/Bee/backend3.traceevents" Player
WorkingDir: C:/Users/STEEP/Documents/game/phase4_reconstruction/Unity6Project
Starting: C:\Program Files\Unity\Hub\Editor\6000.5.3f1\Editor\Data\netcorerun\netcorerun.exe "C:\Program Files\Unity\Hub\Editor\6000.5.3f1\Editor\Data\PlaybackEngines\AndroidPlayer\AndroidPlayerBuildProgram.exe" "C:/Program Files/Unity/Hub/Editor/6000.5.3f1/Editor/Data/PlaybackEngines/AndroidPlayer/Bee;C:/Program Files/Unity/Hub/Editor/6000.5.3f1/Editor/Data/Tools/BuildPipeline" "Library/Bee/Player2dcb5acf.dag.json" "Library/Bee/Player2dcb5acf-inputdata.json" "Library\Bee\buildprogram2.traceevents"
WorkingDir: C:/Users/STEEP/Documents/game/phase4_reconstruction/Unity6Project
ExitCode: 4 Duration: 5s635ms
ExitCode: 0 Duration: 0s628ms
Starting: C:\Program Files\Unity\Hub\Editor\6000.5.3f1\Editor\Data\Tools\BuildPipeline\bee_backend.exe --ipc --dagfile="Library/Bee/Player2dcb5acf.dag" --dagfilejson="Library\Bee\Player2dcb5acf.dag.json" --profile="Library/Bee/backend4.traceevents" Player
WorkingDir: C:/Users/STEEP/Documents/game/phase4_reconstruction/Unity6Project
ExitCode: 0 Duration: 22s
Total cache size 97587961
Total cache size after purge 97587961, took 00:00:00.1056773
DisplayProgressbar: Calling IPostGenerateGradleAndroidProject callbacks
Calling IPostGenerateGradleAndroidProject callbacks on 'C:\Users\STEEP\Documents\game\phase4_reconstruction\Unity6Project\Library\Bee\Android\Prj\IL2CPP\Gradle\unityLibrary':
    Call "IAPResolver.IAPAndroidDependencies.OnPostGenerateGradleAndroidProject" from assembly 'IAPResolver'
Android PostProcess task "Calling IPostGenerateGradleAndroidProject callbacks" took 16,9413 ms
DisplayProgressbar: Validate Gradle Project
Android PostProcess task "Validate Gradle Project" took 10,1273 ms
Android PostProcess task "Unity Services Symbol Upload" took 0,5607 ms
DisplayProgressbar: Building Gradle project
Starting: C:\Program Files\Unity\Hub\Editor\6000.5.3f1\Editor\Data\PlaybackEngines\AndroidPlayer\OpenJDK\bin\java.exe -classpath "C:\Program Files\Unity\Hub\Editor\6000.5.3f1\Editor\Data\PlaybackEngines\AndroidPlayer\Tools\gradle\lib\gradle-launcher-9.1.0.jar" org.gradle.launcher.GradleMain "-Dorg.gradle.jvmargs=-Xmx4096m" "assembleRelease" 
WorkingDir: C:/Users/STEEP/Documents/game/phase4_reconstruction/Unity6Project/Library/Bee/Android/Prj/IL2CPP/Gradle\launcher
Build log was saved at 'C:\Users\STEEP\Documents\game\phase4_reconstruction\Unity6Project\Library\Bee\Android\Prj\IL2CPP\Gradle\launcher\build\outputs\logs\unity-assembleRelease-build.log'
Android PostProcess task "Building Gradle project" took 152919,0787 ms
DisplayProgressbar: Building Gradle Symbols
Android PostProcess task "Building Gradle Symbols" took 0,311 ms
DisplayProgressbar: Processing Mapping File
Android PostProcess task "Processing Mapping File" took 0,3244 ms
DisplayProgressbar: Moving output package(s)
Copy 'C:/Users/STEEP/Documents/game/phase4_reconstruction/Unity6Project/Library/Bee/Android/Prj/IL2CPP/Gradle\launcher\build\outputs\apk\release\launcher-release.apk' -> 
 'C:/Users/STEEP/Documents/game/phase4_reconstruction/phase6_android_builds/DSSRacer_phase6.apk'
Android PostProcess task "Moving output package(s)" took 2101,2146 ms
Android PostProcess task "Checking Symbols size" took 0,7249 ms
[Licensing::Client] Successfully resolved entitlement details
Refreshing native plugins compatible for Editor in 61.72 ms, found 3 plugins.

-------------------------------------------------------------------------------
Build Report
Uncompressed usage by category (Percentages based on user generated assets only):
Textures               98.7 mb	 85.2% 
Meshes                 8.5 mb	 7.3% 
Animations             4.2 mb	 3.6% 
Sounds                 2.2 mb	 1.9% 
Shaders                163.7 kb	 0.1% 
Other Assets           1.4 mb	 1.2% 
Levels                 99.0 kb	 0.1% 
File headers           527.4 kb	 0.4% 
Total User Assets      115.8 mb	 100.0% 
Complete build size    1.9 gb
Used Assets and files from the Resources folder, sorted by uncompressed size:
 4.0 mb	 0.2% Assets/Texture2D/Level Previews SpriteAtlas.png
 4.0 mb	 0.2% Assets/Texture2D/Kart Customizer SpriteAtlas.png
 4.0 mb	 0.2% Assets/Texture2D/RaceResults SpriteAtlas.png
 3.5 mb	 0.2% Assets/Mesh/Combined Mesh (root_ scene)_4.asset
 2.7 mb	 0.1% Built-in Texture2D: Splash Screen Unity Logo
 1.3 mb	 0.1% Assets/Resources/localized/SS_Logo_english.png
 1.3 mb	 0.1% Assets/Resources/localized/FishHooksBillboardAd_norwegian.png
 1.3 mb	 0.1% Assets/Texture2D/Pine Tree Texture.png
 1.3 mb	 0.1% Assets/Texture2D/WhoopieCushion.png
 1.3 mb	 0.1% Assets/Texture2D/TurkeyGooShooter.png
 1.3 mb	 0.1% Assets/Texture2D/ChefGuilbauds.png
 1.3 mb	 0.1% Assets/Texture2D/Fence 2.png
 1.3 mb	 0.1% Assets/Texture2D/Pie.png
 1.3 mb	 0.1% Assets/Mesh/Combined Mesh (root_ scene)_1.asset
 1.0 mb	 0.1% Assets/Texture2D/Horizontal strays SpriteAtlas.png
 1.0 mb	 0.1% Assets/Texture2D/Vertical strays SpriteAtlas.png
 1.0 mb	 0.1% Assets/Texture2D/PieSplatEffect SpriteAtlas.png
 1.0 mb	 0.1% Assets/Texture2D/Nav Bar Shifter SpriteAtlas.png
 1.0 mb	 0.1% Assets/Texture2D/Multi-Use Icons SpriteAtlas.png
 1.0 mb	 0.1% Assets/Texture2D/sound icon SpriteAtlas.png
 1.0 mb	 0.1% Assets/Texture2D/music icon SpriteAtlas.png
 1.0 mb	 0.1% Assets/Texture2D/Multi-Use SpriteAtlas.png
 1.0 mb	 0.1% Assets/Texture2D/CloudStrap SpriteAtlas.png
 1.0 mb	 0.1% Assets/Texture2D/Shifter Slot Back.png
 1.0 mb	 0.1% Assets/Texture2D/SS tutorial logo.png
 1.0 mb	 0.1% Assets/Texture2D/HUD SpriteAtlas.png
 1.0 mb	 0.1% Assets/Texture2D/Font Texture.texture2D
 1.0 mb	 0.1% Assets/Texture2D/SS Logo.png
 694.4 kb	 0.0% Assets/Resources/localized/KickLogo_english.png
 692.8 kb	 0.0% Assets/Resources/localized/FishhooksLogo_english.png
 691.8 kb	 0.0% Assets/Resources/localized/GravityLogo_english.png
 691.7 kb	 0.0% Assets/Resources/localized/PhineasLogo_english.png
 691.5 kb	 0.0% Assets/Resources/localized/RandyLogo_english.png
 691.1 kb	 0.0% Assets/Resources/localized/MotorCityLogo_english.png
 691.0 kb	 0.0% Assets/Resources/localized/CrashAndBernsteinLogo_english.png
 690.1 kb	 0.0% Assets/Texture2D/logo phineas.png
 683.3 kb	 0.0% Assets/Resources/localized/PhineasBillboardAd2_norwegian.png
 683.3 kb	 0.0% Assets/Resources/localized/FishHooksBillboardAd2_norwegian.png
 683.3 kb	 0.0% Assets/Resources/localized/PhineasBillboardAd_norwegian.png
 683.3 kb	 0.0% Assets/Resources/localized/KickBillboardAd_norwegian.png
 683.3 kb	 0.0% Assets/Resources/localized/KickBillboardAd2_norwegian.png
 683.3 kb	 0.0% Assets/Resources/localized/CloudStrapLogo_english.png
 682.8 kb	 0.0% Assets/Texture2D/garage wall - pranksgiving.png
 682.8 kb	 0.0% Assets/Texture2D/Street to Dirt Transition.png
 682.8 kb	 0.0% Assets/Texture2D/horseshoe crap uvs.png
 682.8 kb	 0.0% Assets/Texture2D/Retaining Wall Brick.png
 682.8 kb	 0.0% Assets/Texture2D/Bridge Street.png
 682.8 kb	 0.0% Assets/Texture2D/crashTexture.png
 682.8 kb	 0.0% Assets/Texture2D/PieShooter.png
 682.8 kb	 0.0% Assets/Texture2D/Green Grass.png
 682.8 kb	 0.0% Assets/Texture2D/bridge.png
 682.8 kb	 0.0% Assets/Texture2D/Castle.png
 655.8 kb	 0.0% Assets/Resources/localized/SS_Logo_norwegian.png
 653.5 kb	 0.0% Assets/Mesh/Combined Mesh (root_ scene)_0.asset
 538.8 kb	 0.0% Resources/unity_builtin_extra
 518.1 kb	 0.0% Assets/Resources/localized/CrashAndBernsteinLogo_english.png.png
 512.1 kb	 0.0% Assets/Texture2D/garage other screen.png
 512.1 kb	 0.0% Assets/Texture2D/OtherUI SpriteAtlas.png
 512.1 kb	 0.0% Assets/Texture2D/NewbieCircuit.png
 512.1 kb	 0.0% Assets/Texture2D/Street 1_0.png
 512.1 kb	 0.0% Assets/Texture2D/SoosTexture.png
 512.1 kb	 0.0% Assets/Texture2D/Dirt Road.png
 348.2 kb	 0.0% Assets/Resources/localized/CrashAndBernsteinLogo_norwegian.png
 347.0 kb	 0.0% Assets/Resources/localized/KickLogo_norwegian.png
 346.5 kb	 0.0% Assets/Resources/localized/GravityLogo_norwegian.png
 345.8 kb	 0.0% Assets/Resources/localized/FishhooksLogo_norwegian.png
 344.5 kb	 0.0% Assets/Resources/localized/MasterCircuit_norwegian.png
 344.4 kb	 0.0% Assets/Resources/localized/NewbieCircuit_norwegian.png
 344.3 kb	 0.0% Assets/Resources/localized/ProCircuitLocked_norwegian.png
 344.3 kb	 0.0% Assets/Resources/localized/MasterCircuitLocked_norwegian.png
 344.2 kb	 0.0% Assets/Resources/localized/ProCircuit_norwegian.png
 343.9 kb	 0.0% Assets/Resources/localized/PhineasLogo_norwegian.png
 343.8 kb	 0.0% Assets/Resources/localized/RandyLogo_norwegian.png
 343.3 kb	 0.0% Assets/Resources/localized/MotorCityLogo_norwegian.png
 342.0 kb	 0.0% Assets/Resources/localized/FishHooksBillboardAd_english.png
 341.5 kb	 0.0% Assets/Texture2D/phineas and ferb fancy highway.png
 341.5 kb	 0.0% Assets/Texture2D/garage hall wall and floor.png
 341.5 kb	 0.0% Assets/Texture2D/texture additional parts.png
 341.5 kb	 0.0% Assets/Texture2D/texture kart crap.png
 341.5 kb	 0.0% Assets/Texture2D/kick big screen.png
 341.5 kb	 0.0% Assets/Texture2D/ShieldRimlight.png
 341.5 kb	 0.0% Assets/Texture2D/kick ceiling.png
 341.5 kb	 0.0% Assets/Texture2D/ShieldDouble.png
 341.5 kb	 0.0% Assets/Texture2D/Shadow Blob.png
 341.5 kb	 0.0% Assets/Texture2D/MagnetShield.png
 341.5 kb	 0.0% Assets/Texture2D/Shield.png
 341.5 kb	 0.0% Assets/Texture2D/PieSlick.png
 341.5 kb	 0.0% Assets/Texture2D/Fence 1.png
 340.1 kb	 0.0% Assets/Texture2D/Shifter Slot Front.png
 326.2 kb	 0.0% Assets/Mesh/main_road_collsion.asset
 258.3 kb	 0.0% Assets/Resources/localized/MasterCircuitLocked_english.png
 258.3 kb	 0.0% Assets/Resources/localized/NewbieCircuit_english.png
 258.3 kb	 0.0% Assets/Resources/localized/MasterCircuit_english.png
 257.8 kb	 0.0% Assets/Resources/localized/ProCircuitLocked_english.png
 257.8 kb	 0.0% Assets/Resources/localized/ProCircuit_english.png
 256.1 kb	 0.0% Assets/Texture2D/Full Screen Booster SpriteAtlas.png
 256.1 kb	 0.0% Assets/Texture2D/finish line SpriteAtlas.png
 256.1 kb	 0.0% Assets/Texture2D/Trafic Light SpriteAtlas.png
 256.1 kb	 0.0% Assets/Texture2D/Pranksgiving SpriteAtlas.png
 256.1 kb	 0.0% Assets/Texture2D/Fadable HUD SpriteAtlas.png
 256.1 kb	 0.0% Assets/Texture2D/logos SpriteAtlas.png
 256.1 kb	 0.0% Assets/Texture2D/Pranksgiving Logo.png
 256.1 kb	 0.0% Assets/Texture2D/FishHooksBillboardAd.png
 256.1 kb	 0.0% Assets/Texture2D/Spinning Tire.png
 256.1 kb	 0.0% Assets/Texture2D/PieSplat.png
 250.7 kb	 0.0% Assets/AudioClip/KB Main Title TRK (FINAL) - loop.mp3
 243.0 kb	 0.0% Assets/AudioClip/Fish Hooks FINAL Main Title MUSIC ONLY loop.mp3
 227.5 kb	 0.0% Assets/AudioClip/amb_city_lp.mp3
 201.8 kb	 0.0% Assets/AudioClip/PF Main Title TRK - loop.mp3
 186.1 kb	 0.0% Assets/Resources/localized/PranksgivingLogo.png
 175.6 kb	 0.0% Assets/Mesh/dirt_road__1_collsion.asset
 171.3 kb	 0.0% Assets/Resources/localized/FishHooksBillboardAd2_english.png
 171.3 kb	 0.0% Assets/Resources/localized/PhineasBillboardAd_english.png
 171.3 kb	 0.0% Assets/Resources/localized/PhineasBillboardAd2_english.png
 171.3 kb	 0.0% Assets/Resources/localized/KickBillboardAd_english.png
 171.3 kb	 0.0% Assets/Resources/localized/KickBillboardAd2_english.png
 170.8 kb	 0.0% Assets/Texture2D/phineas ferb tunnel exterior texture.png
 170.8 kb	 0.0% Assets/Texture2D/phineas and ferb skybox 2.png
 170.8 kb	 0.0% Assets/Texture2D/fish hooks track main road.png
 170.8 kb	 0.0% Assets/Texture2D/phineas and ferb skybox.png
 170.8 kb	 0.0% Assets/Texture2D/fish hooks cliff thing.png
 170.8 kb	 0.0% Assets/Texture2D/fish hooks cliff thing 2.png
 170.8 kb	 0.0% Assets/Texture2D/fish hooks basketball.png
 170.8 kb	 0.0% Assets/Texture2D/HokeyPokeDiner_Octopus.png
 170.8 kb	 0.0% Assets/Texture2D/Goal-Flag-plants-coral.png
 170.8 kb	 0.0% Assets/Texture2D/texture kat perry.png
 170.8 kb	 0.0% Assets/Texture2D/texture kart randy.png
 170.8 kb	 0.0% Assets/Texture2D/texture kart phineas.png
 170.8 kb	 0.0% Assets/Texture2D/texture kart oscar.png
 170.8 kb	 0.0% Assets/Texture2D/texture kart milo.png
 170.8 kb	 0.0% Assets/Texture2D/texture kart mike.png
 170.8 kb	 0.0% Assets/Texture2D/texture kart mabel.png
 170.8 kb	 0.0% Assets/Texture2D/texture kart kick.png
 170.8 kb	 0.0% Assets/Texture2D/texture kart gunther.png
 170.8 kb	 0.0% Assets/Texture2D/texture kart dipper.png
 170.8 kb	 0.0% Assets/Texture2D/texture kart brad.png
 170.8 kb	 0.0% Assets/Texture2D/kick stadium piece.png
 170.8 kb	 0.0% Assets/Texture2D/garage monitor main.png
 170.8 kb	 0.0% Assets/Texture2D/garage lift bottom.png
 170.8 kb	 0.0% Assets/Texture2D/fish hooks skybox2.png
 170.8 kb	 0.0% Assets/Texture2D/fish hooks skybox.png
 170.8 kb	 0.0% Assets/Texture2D/fancy building F uvs.png
 170.8 kb	 0.0% Assets/Texture2D/fancy building E uvs.png
 170.8 kb	 0.0% Assets/Texture2D/fancy building B uvs.png
 170.8 kb	 0.0% Assets/Texture2D/fancy building A uvs.png
 170.8 kb	 0.0% Assets/Texture2D/Street 1 finish line.png
 170.8 kb	 0.0% Assets/Texture2D/InventorsEmporium.png
 170.8 kb	 0.0% Assets/Texture2D/HokeyPokeDiner_Ship.png
 170.8 kb	 0.0% Assets/Texture2D/Fishtankia-Tree-01.png
 170.8 kb	 0.0% Assets/Texture2D/Fishtankia Tree 04.png
 170.8 kb	 0.0% Assets/Texture2D/Fishtankia Tree 03.png
 170.8 kb	 0.0% Assets/Texture2D/Fishtankia Tree 02.png
 170.8 kb	 0.0% Assets/Texture2D/DoofenschmirtzEvil.png
 170.8 kb	 0.0% Assets/Texture2D/DanvilleArena uvs.png
 170.8 kb	 0.0% Assets/Texture2D/CharitableCharities.png
 170.8 kb	 0.0% Assets/Texture2D/texture kat ferb.png
 170.8 kb	 0.0% Assets/Texture2D/texture kart bea.png
 170.8 kb	 0.0% Assets/Texture2D/kick terrain2.png
 170.8 kb	 0.0% Assets/Texture2D/garage ground.png
 170.8 kb	 0.0% Assets/Texture2D/garage exit door.png
 170.8 kb	 0.0% Assets/Texture2D/Sidewalk Tile.png
 170.8 kb	 0.0% Assets/Texture2D/House 5 Color 2.png
 170.8 kb	 0.0% Assets/Texture2D/House 5 Color 1.png
 170.8 kb	 0.0% Assets/Texture2D/House 4 Color 2.png
 170.8 kb	 0.0% Assets/Texture2D/House 4 Color 1.png
 170.8 kb	 0.0% Assets/Texture2D/House 3 Color 2.png
 170.8 kb	 0.0% Assets/Texture2D/House 3 Color 1.png
 170.8 kb	 0.0% Assets/Texture2D/House 2 Color 2.png
 170.8 kb	 0.0% Assets/Texture2D/House 2 Color 1.png
 170.8 kb	 0.0% Assets/Texture2D/white wall.png
 170.8 kb	 0.0% Assets/Texture2D/white wall 2.png
 170.8 kb	 0.0% Assets/Texture2D/kick terrain.png
 170.8 kb	 0.0% Assets/Texture2D/kick lights.png
 170.8 kb	 0.0% Assets/Texture2D/garage wall1.png
 170.8 kb	 0.0% Assets/Texture2D/garage exit.png
 170.8 kb	 0.0% Assets/Texture2D/fish school.png
 170.8 kb	 0.0% Assets/Texture2D/finish line.png
 170.8 kb	 0.0% Assets/Texture2D/billboard.png
 170.8 kb	 0.0% Assets/Texture2D/Track01-sign.png
 170.8 kb	 0.0% Assets/Texture2D/PowerPlant.png
 170.8 kb	 0.0% Assets/Texture2D/HugeRecords.png
 170.8 kb	 0.0% Assets/Texture2D/tile_02.png
 170.8 kb	 0.0% Assets/Texture2D/houses2.png
 170.8 kb	 0.0% Assets/Texture2D/houses.png
 170.8 kb	 0.0% Assets/Texture2D/coin_0.png
 170.8 kb	 0.0% Assets/Texture2D/ScubaGuy.png
 170.8 kb	 0.0% Assets/Texture2D/Fence.png
 170.8 kb	 0.0% Assets/Texture2D/Barber.png
 170.8 kb	 0.0% Assets/Texture2D/box.png
 170.8 kb	 0.0% Assets/Texture2D/Rock.png
 159.4 kb	 0.0% Assets/Mesh/dirt_road_main_collsision.asset
 150.0 kb	 0.0% Assets/AudioClip/the-movement-loop01.mp3
 143.4 kb	 0.0% Assets/Mesh/dirt_road.asset
 129.0 kb	 0.0% Assets/Resources/multilayertextures/kart1paint/kart1_Kick_body_decal.png
 129.0 kb	 0.0% Assets/Resources/multilayertextures/kart1paint/kart1_Gunther_body_decal.png
 128.9 kb	 0.0% Assets/Resources/multilayertextures/kart1paint/kart1_body_main.png
 128.9 kb	 0.0% Assets/Resources/multilayertextures/kart0paint/kart0_body_main.png
 128.8 kb	 0.0% Assets/Resources/multilayertextures/kart1paint/kart1_body_detail.png
 128.6 kb	 0.0% Assets/Resources/multilayertextures/kart0paint/kart0_body_detail.png
 128.6 kb	 0.0% Assets/Resources/multilayertextures/kart0nopaint/kart0NO_body_detail.png
 128.6 kb	 0.0% Assets/Resources/multilayertextures/kart0nopaint/kart0NO_body_main.png
 128.5 kb	 0.0% Assets/Resources/multilayertextures/kart2paint/kart2_Oscar_body_decal.png
 128.5 kb	 0.0% Assets/Resources/multilayertextures/kart2paint/kart2_Milo_body_decal.png
 128.5 kb	 0.0% Assets/Resources/multilayertextures/kart2paint/kart2_Bea_body_decal.png
 128.1 kb	 0.0% Assets/Texture2D/PhineasBillboardAd.png
 128.1 kb	 0.0% Assets/Texture2D/KickBillboardAd.png
 128.1 kb	 0.0% Assets/Texture2D/Checkerground.png
 127.9 kb	 0.0% Assets/Resources/multilayertextures/kart2paint/kart2_body_main.png
 127.7 kb	 0.0% Assets/Resources/multilayertextures/kart2paint/kart2_body_detail.png
 127.7 kb	 0.0% Assets/Resources/multilayertextures/kart3paint/kart3_Dipper_body_decal.png
 125.8 kb	 0.0% Assets/Resources/multilayertextures/kart5paint/kart5_body_detail.png
 125.8 kb	 0.0% Assets/Resources/multilayertextures/kart3paint/kart3_body_main.png
 125.8 kb	 0.0% Assets/Resources/multilayertextures/kart5paint/kart5_body_main.png
 125.8 kb	 0.0% Assets/Resources/multilayertextures/kart4paint/kart4_body_main.png
 125.7 kb	 0.0% Assets/Resources/multilayertextures/kart4paint/kart4_Mike_body_decal.png
 125.7 kb	 0.0% Assets/Resources/multilayertextures/kart5paint/kart5_Perry_body_decal.png
 125.6 kb	 0.0% Assets/Resources/multilayertextures/kart5paint/kart5_Phineas_body_decal.png
 125.6 kb	 0.0% Assets/Resources/multilayertextures/kart5paint/kart5_Ferb_body_decal.png
 125.6 kb	 0.0% Assets/Resources/multilayertextures/kart4paint/kart4_Brad_body_decal.png
 125.5 kb	 0.0% Assets/Resources/multilayertextures/kart3paint/kart3_body_detail.png
 125.5 kb	 0.0% Assets/Resources/multilayertextures/kart4paint/kart4_body_detail.png
 125.5 kb	 0.0% Assets/Resources/multilayertextures/kart3paint/kart3_Mabel_body_decal.png
 87.4 kb	 0.0% Assets/AudioClip/amb_crowd_cheering_lp.mp3
 85.5 kb	 0.0% Assets/Texture2D/phineas ferb tunnel texture.png
 85.5 kb	 0.0% Assets/Texture2D/kart tier 1 texture.png
 85.5 kb	 0.0% Assets/Texture2D/texture kart01.png
 85.5 kb	 0.0% Assets/Texture2D/self ilum ramp.png
 85.5 kb	 0.0% Assets/Texture2D/kick scorebox.png
 85.5 kb	 0.0% Assets/Texture2D/highway sign uvs.png
 85.5 kb	 0.0% Assets/Texture2D/TripWireShield.png
 85.5 kb	 0.0% Assets/Texture2D/SmokeRealBlurred.png
 85.5 kb	 0.0% Assets/Texture2D/track01 ends.png
 85.5 kb	 0.0% Assets/Texture2D/arrow sign.png
 85.5 kb	 0.0% Assets/Texture2D/HUDCoinCost.png
 85.5 kb	 0.0% Assets/Texture2D/AlphaText.png
 85.5 kb	 0.0% Assets/Texture2D/Cloud.png
 85.5 kb	 0.0% Assets/Texture2D/Ferb.png
 83.7 kb	 0.0% Assets/GameObject/Select Track Menu.prefab
 83.4 kb	 0.0% Assets/AnimationClip/Randy_idle2.anim
 83.4 kb	 0.0% Assets/AnimationClip/Default Take_15.anim
 79.5 kb	 0.0% Assets/AnimationClip/Randy_idle3.anim
 73.6 kb	 0.0% Assets/Resources/multilayertextures/kart5paint/kart5_untouchable_seat.png
 73.6 kb	 0.0% Assets/Resources/multilayertextures/kart4paint/kart4_untouchable_seat.png
 73.6 kb	 0.0% Assets/Resources/multilayertextures/kart3paint/kart3_untouchable_seat.png
 73.6 kb	 0.0% Assets/Resources/multilayertextures/kart2paint/kart2_untouchable_seat.png
 73.6 kb	 0.0% Assets/Resources/multilayertextures/kart1paint/kart1_untouchable_seat.png
 73.6 kb	 0.0% Assets/Resources/multilayertextures/kart0paint/kart0_untouchable_seat.png
 73.6 kb	 0.0% Assets/Resources/multilayertextures/kart0nopaint/kart0NO_untouchable_seat.png
 71.5 kb	 0.0% Assets/AnimationClip/kick_selection.anim
 70.8 kb	 0.0% Assets/AnimationClip/Randy_selection.anim
 64.6 kb	 0.0% Assets/Font/Cabin-SemiBold.otf
 64.1 kb	 0.0% Assets/Texture2D/Swatch Custom Beta.png
 64.1 kb	 0.0% Assets/Texture2D/Swatch Custom Alpha.png
 64.1 kb	 0.0% Assets/Texture2D/Logos SpriteAtlas_0.png
 64.1 kb	 0.0% Assets/Texture2D/laserRobotShadow.png
 64.1 kb	 0.0% Assets/Texture2D/Swatch Silver.png
 64.1 kb	 0.0% Assets/Texture2D/Swatch Purple.png
 64.1 kb	 0.0% Assets/Texture2D/Swatch Phineas.png
 64.1 kb	 0.0% Assets/Texture2D/Swatch Gunther.png
 64.1 kb	 0.0% Assets/Texture2D/Swatch Dipper.png
 64.1 kb	 0.0% Assets/Texture2D/Swatch Copper.png
 64.1 kb	 0.0% Assets/Texture2D/Swatch Bronze.png
 64.1 kb	 0.0% Assets/Texture2D/Swatch Steel.png
 64.1 kb	 0.0% Assets/Texture2D/Swatch Red.png
 64.1 kb	 0.0% Assets/Texture2D/Swatch Pink.png
 64.1 kb	 0.0% Assets/Texture2D/Swatch Perry.png
 64.1 kb	 0.0% Assets/Texture2D/Swatch Oscar.png
 64.1 kb	 0.0% Assets/Texture2D/Swatch Milo.png
 64.1 kb	 0.0% Assets/Texture2D/Swatch Mike.png
 64.1 kb	 0.0% Assets/Texture2D/Swatch Mabel.png
 64.1 kb	 0.0% Assets/Texture2D/Swatch Kick.png
 64.1 kb	 0.0% Assets/Texture2D/Swatch Gold.png
 64.1 kb	 0.0% Assets/Texture2D/Swatch Ferb.png
 64.1 kb	 0.0% Assets/Texture2D/Swatch Brad.png
 64.1 kb	 0.0% Assets/Texture2D/Swatch Blue.png
 64.1 kb	 0.0% Assets/Texture2D/Swatch Black.png
 64.1 kb	 0.0% Assets/Texture2D/Swatch Bea.png
 64.1 kb	 0.0% Assets/Texture2D/LaserWall.png
 64.1 kb	 0.0% Assets/Texture2D/BlastRadius.png
 64.1 kb	 0.0% Assets/Texture2D/iCloud.png
 64.1 kb	 0.0% Assets/Texture2D/OilSlick.png
 60.7 kb	 0.0% Assets/AnimationClip/Randy_cheering.anim
 59.9 kb	 0.0% Assets/AnimationClip/Default Take_16.anim
 56.8 kb	 0.0% Assets/Mesh/Street_Collider.asset
 54.1 kb	 0.0% Assets/AnimationClip/Randy_idle.anim
 53.7 kb	 0.0% Assets/AnimationClip/kick_cheering.anim
 53.5 kb	 0.0% Assets/Texture2D/Coin.png
 45.7 kb	 0.0% Assets/GameObject/CartCustomizerMenu.prefab
 44.1 kb	 0.0% Assets/Mesh/connect_road_collision.asset
 43.8 kb	 0.0% Assets/Mesh/2-Lane_Street_001.asset
 43.1 kb	 0.0% Assets/AnimationClip/kick_driving.anim
 42.8 kb	 0.0% Assets/Texture2D/fish hooks exterior terrain weird.png
 42.8 kb	 0.0% Assets/Texture2D/fish hooks exterior terrain grass.png
 42.8 kb	 0.0% Assets/Texture2D/fish hooks decorations spiky shell.png
 42.8 kb	 0.0% Assets/Texture2D/fish hooks decorations round shell.png
 42.8 kb	 0.0% Assets/Texture2D/fish hook school exterior wall bare.png
 42.8 kb	 0.0% Assets/Texture2D/fish hook school exterior stairs top.png
 42.8 kb	 0.0% Assets/Texture2D/fish hook school exterior front door.png
 42.8 kb	 0.0% Assets/Texture2D/phineas underpass exit tunnel.png
 42.8 kb	 0.0% Assets/Texture2D/fish hooks school mini columns.png
 42.8 kb	 0.0% Assets/Texture2D/fish hooks interior walls clean.png
 42.8 kb	 0.0% Assets/Texture2D/fish hook school exterior wall.png
 42.8 kb	 0.0% Assets/Texture2D/fish hook school exterior stairs.png
 42.8 kb	 0.0% Assets/Texture2D/fish hook interior court ground.png
 42.8 kb	 0.0% Assets/Texture2D/phineas and ferb skybox top.png
 42.8 kb	 0.0% Assets/Texture2D/fish hooks interior walls.png
 42.8 kb	 0.0% Assets/Texture2D/fish hooks football stadium.png
 42.8 kb	 0.0% Assets/Texture2D/fish hooks football field.png
 42.8 kb	 0.0% Assets/Texture2D/fish hooks exterior terrain.png
 42.8 kb	 0.0% Assets/Texture2D/fish hooks decorations clam.png
 42.8 kb	 0.0% Assets/Texture2D/fish hooks decoration flute.png
 42.8 kb	 0.0% Assets/Texture2D/fish hook interior ground.png
 42.8 kb	 0.0% Assets/Texture2D/fish hook interior ceiling.png
 42.8 kb	 0.0% Assets/Texture2D/fish hook exterior ground.png
 42.8 kb	 0.0% Assets/Texture2D/fish hook cliff face weird.png
 42.8 kb	 0.0% Assets/Texture2D/fish hook cliff face earth.png
 42.8 kb	 0.0% Assets/Texture2D/danville arena texture uvs.png
 42.8 kb	 0.0% Assets/Texture2D/fish hooks track lines.png
 42.8 kb	 0.0% Assets/Texture2D/fish hooks school relief.png
 42.8 kb	 0.0% Assets/Texture2D/fish hooks school bottom.png
 42.8 kb	 0.0% Assets/Texture2D/danville arena ground.png
 42.8 kb	 0.0% Assets/Texture2D/Track01_Basketball_hoop.png
 42.8 kb	 0.0% Assets/Texture2D/kart uvs template.png
 42.8 kb	 0.0% Assets/Texture2D/garage metal rivets.png
 42.8 kb	 0.0% Assets/Texture2D/garage lift thingie.png
 42.8 kb	 0.0% Assets/Texture2D/garage exit door2.png
 42.8 kb	 0.0% Assets/Texture2D/garage electro box.png
 42.8 kb	 0.0% Assets/Texture2D/fish hooks lockers.png
 42.8 kb	 0.0% Assets/Texture2D/fish hooks column.png
 42.8 kb	 0.0% Assets/Texture2D/fish hooks casltel.png
 42.8 kb	 0.0% Assets/Texture2D/fish hooks boulder.png
 42.8 kb	 0.0% Assets/Texture2D/fancy building C uvs.png
 42.8 kb	 0.0% Assets/Texture2D/bridge column uvs.png
 42.8 kb	 0.0% Assets/Texture2D/track01 hills.png
 42.8 kb	 0.0% Assets/Texture2D/texture kart05.png
 42.8 kb	 0.0% Assets/Texture2D/texture kart04.png
 42.8 kb	 0.0% Assets/Texture2D/texture kart03.png
 42.8 kb	 0.0% Assets/Texture2D/texture kart02.png
 42.8 kb	 0.0% Assets/Texture2D/pickup shield.png
 42.8 kb	 0.0% Assets/Texture2D/pickup rocket.png
 42.8 kb	 0.0% Assets/Texture2D/pickup gatorade.png
 42.8 kb	 0.0% Assets/Texture2D/kick school bus.png
 42.8 kb	 0.0% Assets/Texture2D/kick car pile.png
 42.8 kb	 0.0% Assets/Texture2D/inline ramp uvs.png
 42.8 kb	 0.0% Assets/Texture2D/garage toolbox.png
 42.8 kb	 0.0% Assets/Texture2D/garage tire rack.png
 42.8 kb	 0.0% Assets/Texture2D/garage computer.png
 42.8 kb	 0.0% Assets/Texture2D/first track uvs.png
 42.8 kb	 0.0% Assets/Texture2D/Water Caustics.png
 42.8 kb	 0.0% Assets/Texture2D/Street Corner.png
 42.8 kb	 0.0% Assets/Texture2D/House 1 Color 2.png
 42.8 kb	 0.0% Assets/Texture2D/House 1 Color 1.png
 42.8 kb	 0.0% Assets/Texture2D/DipperTexture.png
 42.8 kb	 0.0% Assets/Texture2D/Anchor rocket.png
 42.8 kb	 0.0% Assets/Texture2D/tire face.png
 42.8 kb	 0.0% Assets/Texture2D/speed strip.png
 42.8 kb	 0.0% Assets/Texture2D/phineas tree.png
 42.8 kb	 0.0% Assets/Texture2D/laser sphere.png
 42.8 kb	 0.0% Assets/Texture2D/guntherMap.png
 42.8 kb	 0.0% Assets/Texture2D/garage beam.png
 42.8 kb	 0.0% Assets/Texture2D/dirt track.png
 42.8 kb	 0.0% Assets/Texture2D/barrier uvs.png
 42.8 kb	 0.0% Assets/Texture2D/arrow sign_0.png
 42.8 kb	 0.0% Assets/Texture2D/MikeTexture.png
 42.8 kb	 0.0% Assets/Texture2D/MabelTexture.png
 42.8 kb	 0.0% Assets/Texture2D/tiret.png
 42.8 kb	 0.0% Assets/Texture2D/speakers.png
 42.8 kb	 0.0% Assets/Texture2D/randy.png
 42.8 kb	 0.0% Assets/Texture2D/kickMap.png
 42.8 kb	 0.0% Assets/Texture2D/bradMap.png
 42.8 kb	 0.0% Assets/Texture2D/barrel.png
 42.8 kb	 0.0% Assets/Texture2D/Street 1.png
 42.8 kb	 0.0% Assets/Texture2D/Phineas.png
 42.8 kb	 0.0% Assets/Texture2D/Perry.png
 42.8 kb	 0.0% Assets/Texture2D/OSCARmap.png
 42.8 kb	 0.0% Assets/Texture2D/MILOmap.png
 42.8 kb	 0.0% Assets/Texture2D/Bridge_0.png
 42.8 kb	 0.0% Assets/Texture2D/BEAmap.png
 42.8 kb	 0.0% Assets/Texture2D/ramp.png
 42.8 kb	 0.0% Assets/Texture2D/mine.png
 42.8 kb	 0.0% Assets/Texture2D/Soda.png
 42.4 kb	 0.0% Assets/GameObject/BuyCoinsPrefab.prefab
 42.2 kb	 0.0% Assets/AnimationClip/kick_idle3.anim
 42.2 kb	 0.0% Assets/AnimationClip/Randy_handsUp.anim
 40.7 kb	 0.0% Assets/AudioClip/mus_win.mp3
 40.2 kb	 0.0% Assets/Resources/multilayertextures/kart0nopaint/kart0NO_wheels_detail.png
 40.2 kb	 0.0% Assets/Resources/multilayertextures/kart2paint/kart2_wheels_detail.png
 40.2 kb	 0.0% Assets/Resources/multilayertextures/kart0paint/kart0_wheels_detail.png
 40.2 kb	 0.0% Assets/Resources/multilayertextures/kart3paint/kart3_wheels_detail.png
 40.2 kb	 0.0% Assets/Resources/multilayertextures/kart6paint/kart6_wheels_detail.png
 40.2 kb	 0.0% Assets/Resources/multilayertextures/kart4paint/kart4_wheels_detail.png
 40.2 kb	 0.0% Assets/Resources/multilayertextures/kart1paint/kart1_wheels_detail.png
 40.2 kb	 0.0% Assets/Resources/multilayertextures/kart5paint/kart5_wheels_detail.png
 40.0 kb	 0.0% Assets/AnimationClip/kick_handsUp.anim
 39.3 kb	 0.0% Assets/AudioClip/Missile Hits Shield.mp3
 38.4 kb	 0.0% Assets/Mesh/tunnel_hall_seperate.asset
 38.0 kb	 0.0% Assets/Mesh/tunnel_walls.asset
 37.9 kb	 0.0% Assets/Mesh/Track_Section_1_001_0.asset
 37.8 kb	 0.0% Assets/AnimationClip/kick_idle.anim
 37.2 kb	 0.0% Assets/Mesh/Lane_Street_highway_000.asset
 37.1 kb	 0.0% Assets/AudioClip/mus_lose.mp3
 36.4 kb	 0.0% Assets/AnimationClip/kick_idle2.anim
 35.0 kb	 0.0% Assets/AnimationClip/kick_wave.anim
 34.9 kb	 0.0% Assets/AnimationClip/kick_fist.anim
 34.7 kb	 0.0% Assets/AnimationClip/Randy_wave.anim
 34.6 kb	 0.0% Assets/AnimationClip/Randy_fist.anim
 31.9 kb	 0.0% Assets/Resources/languages/Localize-SW.bytes
 31.9 kb	 0.0% Assets/TextAsset/Localize-US.bytes
 31.9 kb	 0.0% Assets/Resources/languages/Localize-Default.bytes
 31.5 kb	 0.0% Assets/AudioClip/tire_squeal_lp_01.wav
 31.5 kb	 0.0% Assets/Mesh/2-Lane_Street_012.asset
 30.2 kb	 0.0% Assets/Resources/multilayertextures/kart6paint/kart6_wheels_main.png
 30.2 kb	 0.0% Assets/Resources/multilayertextures/kart5paint/kart5_wheels_main.png
 30.2 kb	 0.0% Assets/Resources/multilayertextures/kart4paint/kart4_wheels_main.png
 30.2 kb	 0.0% Assets/Resources/multilayertextures/kart3paint/kart3_wheels_main.png
 30.2 kb	 0.0% Assets/Resources/multilayertextures/kart2paint/kart2_wheels_main.png
 30.2 kb	 0.0% Assets/Resources/multilayertextures/kart1paint/kart1_wheels_main.png
 30.2 kb	 0.0% Assets/Resources/multilayertextures/kart0paint/kart0_wheels_main.png
 30.2 kb	 0.0% Assets/Resources/multilayertextures/kart0nopaint/kart0NO_wheels_main.png
 30.2 kb	 0.0% Assets/Font/VAG Rounded Black.otf
 29.9 kb	 0.0% Assets/AnimationClip/brad_selection.anim
 29.6 kb	 0.0% Assets/AnimationClip/Randy_sitting.anim
 29.6 kb	 0.0% Assets/AnimationClip/Randy_driving.anim
 28.4 kb	 0.0% Assets/AnimationClip/gunther_selection.anim
 28.4 kb	 0.0% Assets/GameObject/AchievementUI.prefab
 27.7 kb	 0.0% Assets/AnimationClip/milo_cheering.anim
 27.7 kb	 0.0% Assets/AnimationClip/crash_selection.anim
 27.6 kb	 0.0% Assets/Mesh/road1.asset
 27.0 kb	 0.0% Assets/AnimationClip/soos_cheering.anim
 26.9 kb	 0.0% Assets/AnimationClip/Randy_turnRight.anim
 26.9 kb	 0.0% Assets/AnimationClip/Randy_turnLeft.anim
 26.8 kb	 0.0% Assets/AnimationClip/soos_selection.anim
 26.6 kb	 0.0% Assets/AnimationClip/mabel_selection.anim
 26.6 kb	 0.0% Assets/AnimationClip/Default Take_14.anim
 26.4 kb	 0.0% Assets/AnimationClip/milo_handsUp.anim
 26.4 kb	 0.0% Assets/AudioClip/amb_water_flowing_lp.wav
 26.4 kb	 0.0% Assets/AnimationClip/Ferb_cheering.anim
 26.3 kb	 0.0% Assets/AudioClip/Success_Fanfare.wav
 26.1 kb	 0.0% Assets/Mesh/cras.asset
 26.1 kb	 0.0% Assets/Mesh/kart_phineas.asset
 26.1 kb	 0.0% Assets/Mesh/kart_perry.asset
 26.1 kb	 0.0% Assets/Mesh/kart_ferb.asset
 25.9 kb	 0.0% Assets/Mesh/head_003.asset
 25.9 kb	 0.0% Assets/AnimationClip/milo_selection.anim
 25.9 kb	 0.0% Assets/AnimationClip/mike_idle3.anim
 25.6 kb	 0.0% Assets/Resources/multilayertextures/kart0nopaint/kart0NO_spoiler_main.png
 25.2 kb	 0.0% Assets/AnimationClip/Perry_selection.anim
 25.2 kb	 0.0% Assets/AnimationClip/Default Take_6.anim
 25.2 kb	 0.0% Assets/AnimationClip/gunther_cheering.anim
 25.0 kb	 0.0% Assets/Mesh/dirt_road2.asset
 25.0 kb	 0.0% Assets/Resources/multilayertextures/kart5paint/kart5_spoiler_main.png
 25.0 kb	 0.0% Assets/Resources/multilayertextures/kart5paint/kart5_Phineas_spoiler_decal.png
 25.0 kb	 0.0% Assets/AnimationClip/dipper_selection.anim
 24.9 kb	 0.0% Assets/Resources/multilayertextures/kart5paint/kart5_Ferb_spoiler_decal.png
 24.9 kb	 0.0% Assets/Resources/multilayertextures/kart5paint/kart5_Perry_spoiler_decal.png
 24.9 kb	 0.0% Assets/Resources/multilayertextures/kart5paint/kart5_spoiler_detail.png
 24.8 kb	 0.0% Assets/Resources/multilayertextures/kart6paint/kart6_spoiler_main.png
 24.8 kb	 0.0% Assets/AnimationClip/brad_cheering.anim
 24.7 kb	 0.0% Assets/AnimationClip/kick_turnRight.anim
 24.7 kb	 0.0% Assets/AnimationClip/kick_turnLeft.anim
 24.7 kb	 0.0% Assets/AnimationClip/kick_sitting.anim
 24.7 kb	 0.0% Assets/Resources/multilayertextures/kart6paint/kart6_spoiler_decal.png
 24.5 kb	 0.0% Assets/Resources/multilayertextures/kart2paint/kart2_Oscar_spoiler_decal.png
 24.5 kb	 0.0% Assets/Resources/multilayertextures/kart2paint/kart2_Milo_spoiler_decal.png
 24.5 kb	 0.0% Assets/Resources/multilayertextures/kart2paint/kart2_Bea_spoiler_decal.png
 24.5 kb	 0.0% Assets/AnimationClip/Perry_cheering.anim
 24.4 kb	 0.0% Assets/AnimationClip/mike_selection.anim
 24.4 kb	 0.0% Assets/AnimationClip/Default Take_5.anim
 24.4 kb	 0.0% Assets/Resources/multilayertextures/kart4paint/kart4_Brad_spoiler_decal.png
 24.4 kb	 0.0% Assets/Resources/multilayertextures/kart3paint/kart3_spoiler_main.png
 24.4 kb	 0.0% Assets/Resources/multilayertextures/kart2paint/kart2_spoiler_main.png
 24.4 kb	 0.0% Assets/Resources/multilayertextures/kart1paint/kart1_spoiler_main.png
 24.3 kb	 0.0% Assets/Resources/multilayertextures/kart4paint/kart4_spoiler_main.png
 24.3 kb	 0.0% Assets/AnimationClip/crash_cheering.anim
 24.3 kb	 0.0% Assets/Resources/multilayertextures/kart1paint/kart1_Gunther_spoiler_decal.png
 24.3 kb	 0.0% Assets/Resources/multilayertextures/kart4paint/kart4_Mike_spoiler_decal.png
 24.3 kb	 0.0% Assets/Resources/multilayertextures/kart1paint/kart1_Kick_spoiler_decal.png
 24.2 kb	 0.0% Assets/Mesh/kart_mabel.asset
 24.2 kb	 0.0% Assets/Mesh/kart_dipper.asset
 24.1 kb	 0.0% Assets/Mesh/Dipper.asset
 24.0 kb	 0.0% Assets/AudioClip/Engine_Revs_02.wav
 23.7 kb	 0.0% Assets/AnimationClip/Perry_idle3.anim
 23.6 kb	 0.0% Assets/Resources/multilayertextures/kart0paint/kart0_spoiler_main.png
 23.4 kb	 0.0% Assets/AnimationClip/Perry_driving.anim
 23.3 kb	 0.0% Assets/Mesh/kart_mike.asset
 23.3 kb	 0.0% Assets/Mesh/kart_brad.asset
 23.2 kb	 0.0% Assets/Mesh/Ferb.asset
 23.1 kb	 0.0% Assets/Mesh/Track_Section_1_001.asset
 23.1 kb	 0.0% Assets/AnimationClip/soos_handsUp.anim
 23.0 kb	 0.0% Assets/Mesh/road2.asset
 22.9 kb	 0.0% Assets/AnimationClip/mike_cheering.anim
 22.9 kb	 0.0% Assets/AnimationClip/soos_idle.anim
 22.9 kb	 0.0% Assets/AudioClip/Engine_Revs_03.wav
 22.8 kb	 0.0% Assets/Resources/multilayertextures/kart0nopaint/kart0NO_thrusters_main.png
 22.8 kb	 0.0% Assets/Resources/multilayertextures/kart0nopaint/kart0NO_scoop_main.png
 22.6 kb	 0.0% Assets/Resources/multilayertextures/kart3paint/kart3_thrusters_main.png
 22.6 kb	 0.0% Assets/Resources/multilayertextures/kart0paint/kart0_thrusters_main.png
 22.6 kb	 0.0% Assets/AnimationClip/brad_idle3.anim
 22.5 kb	 0.0% Assets/Mesh/tunnel_street_seperate.asset
 22.4 kb	 0.0% Assets/GameObject/Select Circuit Menu.prefab
 22.2 kb	 0.0% Assets/Resources/multilayertextures/kart5paint/kart5_thrusters_main.png
 22.2 kb	 0.0% Assets/Resources/multilayertextures/kart2paint/kart2_thrusters_main.png
 22.2 kb	 0.0% Assets/Resources/multilayertextures/kart4paint/kart4_thrusters_main.png
 22.1 kb	 0.0% Assets/AnimationClip/Phineas_cheering.anim
 22.1 kb	 0.0% Assets/AnimationClip/Ferb_handsUp.anim
 22.0 kb	 0.0% Assets/AnimationClip/oscar_cheering.anim
 22.0 kb	 0.0% Assets/AnimationClip/bea_selection.anim
 21.9 kb	 0.0% Assets/AnimationClip/Perry_idle.anim
 21.7 kb	 0.0% Assets/AnimationClip/Perry_idle2.anim
 21.6 kb	 0.0% Assets/AnimationClip/dipper_idle3.anim
 21.6 kb	 0.0% Assets/AnimationClip/Default Take_7.anim
 21.5 kb	 0.0% Assets/Texture2D/Swatch Custom Beta Infernos.png
 21.5 kb	 0.0% Assets/Texture2D/Swatch Custom Alpha Infernos.png
 21.5 kb	 0.0% Assets/Texture2D/Swatch None.png
 21.5 kb	 0.0% Assets/Texture2D/CoronaStar.png
 21.5 kb	 0.0% Assets/Resources/multilayertextures/kart1paint/kart1_thrusters_main.png
 21.5 kb	 0.0% Assets/Resources/multilayertextures/kart2paint/kart2_scoop_main.png
 21.4 kb	 0.0% Assets/AnimationClip/Ferb_driving.anim
 21.4 kb	 0.0% Assets/AnimationClip/crash_handsUp.anim
 21.3 kb	 0.0% Assets/Resources/multilayertextures/kart6paint/kart6_scoop_main.png
 21.3 kb	 0.0% Assets/Mesh/Mabel.asset
 21.3 kb	 0.0% Assets/Resources/multilayertextures/kart6paint/kart6_scoop_detail.png
 21.1 kb	 0.0% Assets/Resources/multilayertextures/kart6paint/kart6_thrusters_detail.png
 21.1 kb	 0.0% Assets/AnimationClip/Ferb_selection.anim
 21.1 kb	 0.0% Assets/AnimationClip/Default Take_17.anim
 21.1 kb	 0.0% Assets/AnimationClip/gunther_driving.anim
 21.0 kb	 0.0% Assets/Resources/multilayertextures/kart6paint/kart6_thrusters_main.png
 21.0 kb	 0.0% Assets/Resources/multilayertextures/kart5paint/kart5_scoop_main.png
 20.9 kb	 0.0% Assets/Resources/multilayertextures/kart5paint/kart5_scoop_detail.png
 20.8 kb	 0.0% Assets/AudioClip/BRAD_WHOO HOO_b.mp3
 20.8 kb	 0.0% Assets/Resources/multilayertextures/kart3paint/kart3_scoop_main.png
 20.8 kb	 0.0% Assets/Mesh/brad.asset
 20.7 kb	 0.0% Assets/Resources/multilayertextures/kart4paint/kart4_scoop_main.png
 20.7 kb	 0.0% Assets/Resources/multilayertextures/kart3paint/kart3_scoop_detail.png
 20.7 kb	 0.0% Assets/AnimationClip/Phineas_selection.anim
 20.7 kb	 0.0% Assets/AnimationClip/gunther_handsUp.anim
 20.6 kb	 0.0% Assets/AnimationClip/brad_handsUp.anim
 20.6 kb	 0.0% Assets/AnimationClip/soos_idle3.anim
 20.6 kb	 0.0% Assets/Mesh/split_road.asset
 20.5 kb	 0.0% Assets/Mesh/OSCAR.asset
 20.5 kb	 0.0% Assets/AudioClip/Engine_Revs_01.wav
 20.4 kb	 0.0% Assets/AudioClip/BRAD_HAA HAA_b.mp3
 20.4 kb	 0.0% Assets/Mesh/gunther.asset
 20.3 kb	 0.0% Assets/AnimationClip/mabel_cheering.anim
 20.3 kb	 0.0% Assets/Mesh/Mike.asset
 20.3 kb	 0.0% Assets/AnimationClip/Default Take_11.anim
 20.3 kb	 0.0% Assets/AnimationClip/brad_driving.anim
 20.2 kb	 0.0% Assets/AnimationClip/oscar_handsUp.anim
 20.0 kb	 0.0% Assets/AnimationClip/Phineas_idle3.anim
 20.0 kb	 0.0% Assets/AnimationClip/Default Take_4.anim
 20.0 kb	 0.0% Assets/Mesh/Phineas.asset
 20.0 kb	 0.0% Assets/AnimationClip/Perry_handsUp.anim
 19.9 kb	 0.0% Assets/Resources/multilayertextures/kart1paint/kart1_scoop_main.png
 19.9 kb	 0.0% Assets/AnimationClip/soos_fist.anim
 19.9 kb	 0.0% Assets/AnimationClip/mike_idle.anim
 19.8 kb	 0.0% Assets/AnimationClip/crash_driving.anim
 19.8 kb	 0.0% Assets/AnimationClip/Ferb_fist.anim
 19.7 kb	 0.0% Assets/AnimationClip/Default Take_13.anim
 19.6 kb	 0.0% Assets/AnimationClip/brad_fist.anim
 19.5 kb	 0.0% Assets/AnimationClip/crash_fist.anim
 19.5 kb	 0.0% Assets/AnimationClip/mike_idle2.anim
 19.5 kb	 0.0% Assets/AnimationClip/soos_wave.anim
 19.4 kb	 0.0% Assets/AnimationClip/gunther_idle.anim
 19.4 kb	 0.0% Assets/AnimationClip/soos_idle2.anim
 19.3 kb	 0.0% Assets/AnimationClip/Ferb_wave.anim
 19.3 kb	 0.0% Assets/AnimationClip/mabel_idle3.anim
 19.2 kb	 0.0% Assets/AnimationClip/mabel_driving.anim
 19.1 kb	 0.0% Assets/AnimationClip/dipper_cheering.anim
 19.1 kb	 0.0% Assets/Mesh/dirt_road2_0.asset
 19.0 kb	 0.0% Assets/AnimationClip/mike_driving.anim
 19.0 kb	 0.0% Assets/AnimationClip/soos_driving.anim
 19.0 kb	 0.0% Assets/GameObject/PauseScreen.prefab
 18.9 kb	 0.0% Assets/Mesh/Perry.asset
 18.9 kb	 0.0% Assets/GameObject/SettingsMenu.prefab
 18.7 kb	 0.0% Assets/AnimationClip/Phineas_handsUp.anim
 18.7 kb	 0.0% Assets/AnimationClip/Phineas_driving.anim
 18.6 kb	 0.0% Assets/AnimationClip/mike_handsUp.anim
 18.4 kb	 0.0% Assets/Mesh/BEA.asset
 18.4 kb	 0.0% Assets/Mesh/4-Lane_Corner_004.asset
 18.3 kb	 0.0% Assets/AudioClip/pyro_fire_burst.wav
 18.3 kb	 0.0% Assets/AnimationClip/Default Take_2.anim
 18.3 kb	 0.0% Assets/AnimationClip/dipper_driving.anim
 18.3 kb	 0.0% Assets/AudioClip/HEE_HEE_MABEL_d.mp3
 18.2 kb	 0.0% Assets/AnimationClip/gunther_idle3.anim
 18.2 kb	 0.0% Assets/AnimationClip/Default Take_9.anim
 18.2 kb	 0.0% Assets/Resources/multilayertextures/kart0paint/kart0_scoop_main.png
 18.1 kb	 0.0% Assets/AnimationClip/brad_idle2.anim
 18.1 kb	 0.0% Assets/AnimationClip/Perry_wave.anim
 18.1 kb	 0.0% Assets/AnimationClip/gunther_wave.anim
 18.0 kb	 0.0% Assets/AnimationClip/gunther_fist.anim
 18.0 kb	 0.0% Assets/AnimationClip/Perry_fist.anim
 18.0 kb	 0.0% Assets/Mesh/soos.asset
 18.0 kb	 0.0% Assets/AnimationClip/bea_cheering.anim
 17.9 kb	 0.0% Assets/AnimationClip/mike_fist.anim
 17.9 kb	 0.0% Assets/AnimationClip/milo_fist.anim
 17.9 kb	 0.0% Assets/AnimationClip/brad_idle.anim
 17.9 kb	 0.0% Assets/AnimationClip/brad_wave.anim
 17.8 kb	 0.0% Assets/AnimationClip/crash_wave.anim
 17.7 kb	 0.0% Assets/AnimationClip/crash_idle3.anim
 17.6 kb	 0.0% Assets/GameObject/Finish Line New.prefab
 17.6 kb	 0.0% Assets/AnimationClip/crash_idle.anim
 17.6 kb	 0.0% Assets/AnimationClip/Default Take_3.anim
 17.5 kb	 0.0% Assets/AnimationClip/Phineas_idle2.anim
 17.4 kb	 0.0% Assets/AnimationClip/gunther_idle2.anim
 17.2 kb	 0.0% Assets/AnimationClip/mabel_handsUp.anim
 17.2 kb	 0.0% Assets/AnimationClip/Phineas_fist.anim
 17.2 kb	 0.0% Assets/AnimationClip/milo_idle.anim
 17.2 kb	 0.0% Assets/AnimationClip/Default Take_8.anim
 17.2 kb	 0.0% Assets/AnimationClip/dipper_handsUp.anim
 17.2 kb	 0.0% Assets/AnimationClip/milo_wave.anim
 17.0 kb	 0.0% Assets/AnimationClip/Phineas_wave.anim
 16.9 kb	 0.0% Assets/AnimationClip/dipper_fist.anim
 16.8 kb	 0.0% Assets/AnimationClip/crash_idle2.anim
 16.8 kb	 0.0% Assets/AnimationClip/mike_wave.anim
 16.4 kb	 0.0% Assets/AnimationClip/Phineas_idle.anim
 16.3 kb	 0.0% Assets/Mesh/gsfgrg.asset
 16.3 kb	 0.0% Assets/Shader/Mobile-Skybox.shader
 16.2 kb	 0.0% Assets/AnimationClip/oscar_fist.anim
 16.1 kb	 0.0% Assets/Texture2D/SpinnerGeneric.png
 16.0 kb	 0.0% Assets/AnimationClip/mabel_idle.anim
 16.0 kb	 0.0% Assets/AnimationClip/bea_handsUp.anim
 15.9 kb	 0.0% Assets/Mesh/4-Lane_Street_020.asset
 15.9 kb	 0.0% Assets/Mesh/kart_oscar.asset
 15.9 kb	 0.0% Assets/Mesh/kart_milo.asset
 15.9 kb	 0.0% Assets/Mesh/kart_bea.asset
 15.9 kb	 0.0% Assets/AnimationClip/oscar_wave.anim
 15.9 kb	 0.0% Assets/AnimationClip/mabel_wave.anim
 15.9 kb	 0.0% Assets/AnimationClip/dipper_wave.anim
 15.9 kb	 0.0% Assets/Font/CCUpUpAndAway.asset
 15.9 kb	 0.0% Assets/AnimationClip/Ferb_idle3.anim
 15.8 kb	 0.0% Assets/AnimationClip/oscar_selection.anim
 15.8 kb	 0.0% Assets/AnimationClip/mabel_fist.anim
 15.7 kb	 0.0% Assets/AnimationClip/milo_idle3.anim
 15.7 kb	 0.0% Assets/AudioClip/Shield Activate.mp3
 15.6 kb	 0.0% Assets/AnimationClip/dipper_idle.anim
 15.6 kb	 0.0% Assets/AudioClip/rocket_impact_shield.wav
 15.6 kb	 0.0% Assets/GameObject/HUD Buy Powerup.prefab
 15.6 kb	 0.0% Assets/GameObject/HUD Get Powerup.prefab
 15.5 kb	 0.0% Assets/AnimationClip/milo_idle2.anim
 15.5 kb	 0.0% Assets/AnimationClip/Ferb_idle.anim
 15.3 kb	 0.0% Assets/AnimationClip/Ferb_idle2.anim
 15.3 kb	 0.0% Assets/AudioClip/rocket_exp.wav
 15.2 kb	 0.0% Assets/AudioClip/PERRY_GURGLE.mp3
 15.2 kb	 0.0% Assets/GameObject/Daily Bonus.prefab
 15.2 kb	 0.0% Assets/AnimationClip/mabel_idle2.anim
 15.0 kb	 0.0% Assets/AnimationClip/milo_driving.anim
 14.9 kb	 0.0% Assets/AnimationClip/Perry_turnRight.anim
 14.9 kb	 0.0% Assets/AnimationClip/Perry_turnLeft.anim
 14.9 kb	 0.0% Assets/AnimationClip/Perry_sitting.anim
 14.8 kb	 0.0% Assets/Mesh/MILO.asset
 14.8 kb	 0.0% Assets/Mesh/interior_2.asset
 14.8 kb	 0.0% Assets/Mesh/kart_kick_0.asset
 14.8 kb	 0.0% Assets/Mesh/kart_kick.asset
 14.8 kb	 0.0% Assets/Mesh/kart_gunther.asset
 14.7 kb	 0.0% Assets/AnimationClip/bea_fist.anim
 14.7 kb	 0.0% Assets/Shader/Illumin-Diffuse.shader
 14.6 kb	 0.0% Assets/Shader/Particle Add.shader
 14.5 kb	 0.0% Assets/Shader/Underwater Unlit.shader
 14.5 kb	 0.0% Assets/Shader/Alpha-Diffuse.shader
 14.4 kb	 0.0% Assets/Shader/Unlit-Alpha.shader
 14.4 kb	 0.0% Assets/Shader/Unlit-Normal.shader
 14.4 kb	 0.0% Assets/Shader/Mobile-Diffuse.shader
 14.1 kb	 0.0% Assets/AudioClip/BRAD_YEA BRAD_c.mp3
 14.0 kb	 0.0% Assets/AnimationClip/gunther_turnLeft.anim
 13.8 kb	 0.0% Assets/AnimationClip/bea_wave.anim
 13.5 kb	 0.0% Assets/AnimationClip/dipper_idle2.anim
 13.4 kb	 0.0% Assets/AnimationClip/bea_idle.anim
 13.3 kb	 0.0% Assets/AnimationClip/oscar_driving.anim
 13.2 kb	 0.0% Assets/Mesh/kick.asset
 13.1 kb	 0.0% Assets/AnimationClip/gunther_turnRight.anim
 13.1 kb	 0.0% Assets/AnimationClip/Phineas_turnRight.anim
 13.1 kb	 0.0% Assets/AnimationClip/soos_turnRight.anim
 13.1 kb	 0.0% Assets/AnimationClip/soos_turnLeft.anim
 13.1 kb	 0.0% Assets/AnimationClip/mike_turnRight.anim
 13.1 kb	 0.0% Assets/AnimationClip/mike_turnLeft.anim
 13.1 kb	 0.0% Assets/AnimationClip/gunther_sitting.anim
 13.1 kb	 0.0% Assets/AnimationClip/crash_turnRight.anim
 13.1 kb	 0.0% Assets/AnimationClip/crash_turnLeft.anim
 13.1 kb	 0.0% Assets/AnimationClip/crash_sitting.anim
 13.1 kb	 0.0% Assets/AnimationClip/brad_turnRight.anim
 13.1 kb	 0.0% Assets/AnimationClip/brad_turnLeft.anim
 13.1 kb	 0.0% Assets/AnimationClip/Phineas_turnLeft.anim
 13.1 kb	 0.0% Assets/AnimationClip/Phineas_sitting.anim
 13.1 kb	 0.0% Assets/AnimationClip/Ferb_turnRight.anim
 13.1 kb	 0.0% Assets/AnimationClip/Ferb_turnLeft.anim
 13.1 kb	 0.0% Assets/AnimationClip/soos_sitting.anim
 13.1 kb	 0.0% Assets/AnimationClip/mike_sitting.anim
 13.1 kb	 0.0% Assets/AnimationClip/brad_sitting.anim
 13.1 kb	 0.0% Assets/AnimationClip/Ferb_sitting.anim
 13.0 kb	 0.0% Assets/Mesh/interior_9.asset
 12.9 kb	 0.0% Assets/Mesh/interior_3.asset
 12.9 kb	 0.0% Assets/AudioClip/GUNTHER_whoooo_b.mp3
 12.8 kb	 0.0% Assets/Mesh/tube_tunnel.asset
 12.7 kb	 0.0% Assets/AnimationClip/bea_idle2.anim
 12.6 kb	 0.0% Assets/Mesh/2-Lane_Street_013.asset
 12.6 kb	 0.0% Assets/AudioClip/KICK_ayee_b.mp3
 12.5 kb	 0.0% Assets/AnimationClip/bea_driving.anim
 12.4 kb	 0.0% Assets/Mesh/Drawbridge_005.asset
 12.4 kb	 0.0% Assets/Mesh/Drawbridge_003.asset
 12.4 kb	 0.0% Assets/Mesh/Drawbridge_001.asset
 12.4 kb	 0.0% Assets/GameObject/Achievement Category UI.prefab
 12.4 kb	 0.0% Assets/Mesh/Drawbridge_000.asset
 12.4 kb	 0.0% Assets/AnimationClip/mabel_turnRight.anim
 12.4 kb	 0.0% Assets/AnimationClip/mabel_turnLeft.anim
 12.4 kb	 0.0% Assets/AnimationClip/mabel_sitting.anim
 12.4 kb	 0.0% Assets/AnimationClip/dipper_turnRight.anim
 12.4 kb	 0.0% Assets/AnimationClip/dipper_turnLeft.anim
 12.4 kb	 0.0% Assets/AnimationClip/dipper_sitting.anim
 12.4 kb	 0.0% Assets/Mesh/interior_0.asset
 12.2 kb	 0.0% Assets/AnimationClip/bea_idle3.anim
 12.2 kb	 0.0% Assets/AnimationClip/Default Take_12.anim
 12.2 kb	 0.0% Assets/Mesh/Track_Section_1_003.asset
 12.0 kb	 0.0% Assets/GameObject/PlaySummaryMenu.prefab
 11.9 kb	 0.0% Assets/GameObject/Credits Screen.prefab
 11.9 kb	 0.0% Assets/AudioClip/GUNTHER_ha_ha_a.mp3
 11.8 kb	 0.0% Assets/AnimationClip/oscar_idle2.anim
 11.7 kb	 0.0% Assets/AnimationClip/oscar_idle3.anim
 11.7 kb	 0.0% Assets/AnimationClip/Default Take_10.anim
 11.4 kb	 0.0% Assets/AnimationClip/oscar_idle.anim
 11.4 kb	 0.0% Assets/AudioClip/rocket_fire.wav
 11.3 kb	 0.0% Assets/AudioClip/SUPER SPEEDWAY OSCAR VO WAHHH WAHHH_04.mp3
 11.3 kb	 0.0% Assets/AudioClip/SUPER SPEEDWAY OSCAR VO HAA HAA_03.mp3
 11.2 kb	 0.0% Assets/AudioClip/KICK_haa_haa_b.mp3
 11.2 kb	 0.0% Assets/AudioClip/engine04_idle_lp_01.wav
 11.2 kb	 0.0% Assets/Mesh/interior_8.asset
 11.2 kb	 0.0% Assets/Mesh/interior_7.asset
 11.2 kb	 0.0% Assets/Mesh/interior_12.asset
 11.2 kb	 0.0% Assets/Mesh/interior_11.asset
 11.2 kb	 0.0% Assets/Mesh/interior_10.asset
 10.9 kb	 0.0% Assets/AudioClip/scene_whoosh_01.wav
 10.8 kb	 0.0% Assets/GameObject/CharacterSelectMenu.prefab
 10.8 kb	 0.0% Assets/Texture2D/track 01 container2.png
 10.8 kb	 0.0% Assets/Texture2D/track 01 container.png
 10.8 kb	 0.0% Assets/Texture2D/particle_4.png
 10.8 kb	 0.0% Assets/Texture2D/color_white.png
 10.8 kb	 0.0% Assets/Texture2D/Static.png
 10.7 kb	 0.0% Assets/AudioClip/SUPER SPEEDWAY OSCAR VO WHOOOOO_01.mp3
 10.5 kb	 0.0% Assets/Mesh/interior_17.asset
 10.5 kb	 0.0% Assets/Mesh/interior_6.asset
 10.5 kb	 0.0% Assets/Mesh/interior_5.asset
 10.5 kb	 0.0% Assets/Mesh/interior_15.asset
 10.5 kb	 0.0% Assets/Mesh/interior_1.asset
 10.3 kb	 0.0% Assets/AudioClip/DSS_PHINEAS_WooHoo_01.mp3
 10.3 kb	 0.0% Assets/Mesh/road4.asset
 10.2 kb	 0.0% Assets/Mesh/wheel.asset
 9.9 kb	 0.0% Assets/Mesh/a.asset
 9.8 kb	 0.0% Assets/AudioClip/scene_whoosh_02.wav
 9.8 kb	 0.0% Assets/AudioClip/DSS_PHINEAS_Woo_01.mp3
 9.6 kb	 0.0% Assets/AudioClip/Mike Chilton_haa_haa_a.mp3
 9.6 kb	 0.0% Assets/AudioClip/impact_noglass_03.wav
 9.3 kb	 0.0% Assets/AudioClip/DSS_MILO_WooHoo_01.mp3
 9.3 kb	 0.0% Assets/AnimationClip/oscar_turnRight.anim
 9.3 kb	 0.0% Assets/AnimationClip/oscar_turnLeft.anim
 9.3 kb	 0.0% Assets/AnimationClip/oscar_sitting.anim
 9.3 kb	 0.0% Assets/AnimationClip/milo_turnRight.anim
 9.3 kb	 0.0% Assets/AnimationClip/milo_turnLeft.anim
 9.3 kb	 0.0% Assets/AnimationClip/bea_turnRight.anim
 9.3 kb	 0.0% Assets/AnimationClip/milo_sitting.anim
 9.3 kb	 0.0% Assets/AnimationClip/bea_turnLeft.anim
 9.3 kb	 0.0% Assets/AnimationClip/bea_sitting.anim
 9.2 kb	 0.0% Assets/AudioClip/DSS_MILO_HaHaa_01.mp3
 9.2 kb	 0.0% Assets/AudioClip/GUNTHER_yipe_c.mp3
 9.1 kb	 0.0% Assets/AudioClip/coin_pickup.wav
 9.1 kb	 0.0% Assets/AudioClip/SUPER SPEEDWAY OSCAR VO NYA NYA_02.mp3
 9.0 kb	 0.0% Assets/Shader/Mobile-Lightmap-Unlit.shader
 8.9 kb	 0.0% Assets/Mesh/road_3.asset
 8.6 kb	 0.0% Assets/AudioClip/rocket_lp.wav
 8.6 kb	 0.0% Assets/Mesh/body_12.asset
 8.6 kb	 0.0% Assets/GameObject/Rewind Dialog.prefab
 8.6 kb	 0.0% Assets/Resources/cart assets/ai carts/Randy_AI.prefab
 8.6 kb	 0.0% Assets/AudioClip/DSS_MILO_Aww_01.mp3
 8.4 kb	 0.0% Assets/GameObject/Coin.prefab
 8.3 kb	 0.0% Assets/Mesh/body_10.asset
 8.3 kb	 0.0% Assets/Mesh/body_11.asset
 8.3 kb	 0.0% Assets/AudioClip/jump_landing.wav
 8.3 kb	 0.0% Assets/AudioClip/impact_noglass_02.wav
 8.2 kb	 0.0% Assets/AudioClip/HAA_HAA_MABEL_a.mp3
 8.2 kb	 0.0% Assets/AudioClip/scene_whoosh_03.wav
 8.2 kb	 0.0% Assets/Mesh/body_13.asset
 8.2 kb	 0.0% Assets/AudioClip/Mike Chilton_whoooo_f.mp3
 8.1 kb	 0.0% Assets/Mesh/body_14.asset
 8.1 kb	 0.0% Assets/Mesh/interior_4.asset
 8.1 kb	 0.0% Assets/Mesh/interior_16.asset
 8.1 kb	 0.0% Assets/Mesh/interior_14.asset
 8.1 kb	 0.0% Assets/Mesh/interior_13.asset
 8.1 kb	 0.0% Assets/Mesh/interior.asset
 8.1 kb	 0.0% Assets/Mesh/body_9.asset
 8.0 kb	 0.0% Assets/AnimationClip/Take 001.anim
 8.0 kb	 0.0% Assets/AudioClip/BRAD_HEY COME ON_a.mp3
 8.0 kb	 0.0% Assets/GameObject/Pie.prefab
 8.0 kb	 0.0% Assets/AudioClip/DSS_PHINEAS_HaHaa_03.mp3
 7.7 kb	 0.0% Assets/Mesh/body_5.asset
 7.7 kb	 0.0% Assets/Mesh/body_16.asset
 7.7 kb	 0.0% Assets/AudioClip/imp_oil_Slick.wav
 7.7 kb	 0.0% Assets/AudioClip/Mike Chilton_hee_hee_b.mp3
 7.6 kb	 0.0% Assets/AudioClip/NINJA_NYA NYA_a.mp3
 7.6 kb	 0.0% Assets/AudioClip/DSS_PHINEAS_Aww_01.mp3
 7.5 kb	 0.0% Assets/AudioClip/GUNTHER_yikes_c.mp3
 7.4 kb	 0.0% Assets/AudioClip/GUNTHER_aww_c.mp3
 7.4 kb	 0.0% Assets/AudioClip/impact_noglass_01.wav
 7.4 kb	 0.0% Assets/Mesh/cyber_tunnel2.asset
 7.3 kb	 0.0% Assets/AudioClip/WHOO_HOO_MABEL_a.mp3
 7.3 kb	 0.0% Assets/GameObject/PlayMenu.prefab
 7.2 kb	 0.0% Assets/AudioClip/LAZER2.wav
 7.1 kb	 0.0% Assets/Mesh/p_tunnel_1.asset
 7.1 kb	 0.0% Assets/AudioClip/KICK_argh_b.mp3
 7.0 kb	 0.0% Assets/Shader/Mobile-Particle-Alpha-VertexLit.shader
 7.0 kb	 0.0% Assets/AudioClip/DSS_FERB_HaHaa_01.mp3
 7.0 kb	 0.0% Assets/AudioClip/DSS_FERB_Ahhh_01.mp3
 6.9 kb	 0.0% Assets/AudioClip/KICK_whoo_hoo_a.mp3
 6.9 kb	 0.0% Assets/Mesh/body_4.asset
 6.9 kb	 0.0% Assets/Mesh/body_0.asset
 6.9 kb	 0.0% Assets/Resources/cart assets/ai carts/AgentP_AI.prefab
 6.9 kb	 0.0% Assets/AudioClip/NINJA_AWW_a.mp3
 6.8 kb	 0.0% Assets/AudioClip/DSS_DIPPER_WooHoo_01.mp3
 6.8 kb	 0.0% Assets/AudioClip/AWW_MABEL_b.mp3
 6.8 kb	 0.0% Assets/AudioClip/ARGH_MABEL_b.mp3
 6.7 kb	 0.0% Assets/GameObject/AchievementWindow.prefab
 6.7 kb	 0.0% Assets/Mesh/Fishtankia_Tree_01.asset
 6.7 kb	 0.0% Assets/AudioClip/NINJA_HEE HEE_a.mp3
 6.6 kb	 0.0% Assets/AudioClip/DSS_FERB_Woo_01.mp3
 6.6 kb	 0.0% Assets/AudioClip/Mike Chilton_ahh_b.mp3
 6.6 kb	 0.0% Assets/Mesh/body_8.asset
 6.6 kb	 0.0% Assets/Mesh/body_15.asset
 6.6 kb	 0.0% Assets/AudioClip/NINJA_YIKES_a.mp3
 6.5 kb	 0.0% Assets/AudioClip/DSS_DIPPER_AhHaHa_01.mp3
 6.5 kb	 0.0% Assets/Resources/cart assets/ai carts/Phineas_AI.prefab
 6.5 kb	 0.0% Assets/Resources/cart assets/ai carts/Gunther_AI.prefab
 6.5 kb	 0.0% Assets/Mesh/body_7.asset
 6.5 kb	 0.0% Assets/Resources/cart assets/ai carts/Ferb_AI.prefab
 6.5 kb	 0.0% Assets/Resources/cart assets/ai carts/Mike_AI.prefab
 6.5 kb	 0.0% Assets/Resources/cart assets/ai carts/Kick_AI.prefab
 6.5 kb	 0.0% Assets/Resources/cart assets/ai carts/Brad_AI.prefab
 6.4 kb	 0.0% Assets/AudioClip/SUPER SPEEDWAY OSCAR VO AWW_02.mp3
 6.4 kb	 0.0% Assets/Resources/cart assets/ai carts/Dipper_AI.prefab
 6.4 kb	 0.0% Assets/Resources/cart assets/ai carts/Mabel_AI.prefab
 6.3 kb	 0.0% Assets/AudioClip/DSS_FERB_Aww_04.mp3
 6.3 kb	 0.0% Assets/AudioClip/powerup.wav
 6.3 kb	 0.0% Assets/AudioClip/BRAD_ARGH_b.mp3
 6.3 kb	 0.0% Assets/Shader/Transparent Color Shift Unlit.shader
 6.3 kb	 0.0% Assets/Mesh/thrusters_3.asset
 6.3 kb	 0.0% Assets/Mesh/thrusters.asset
 6.2 kb	 0.0% Assets/Resources/cart assets/characters/Randy.prefab
 6.1 kb	 0.0% Assets/Mesh/WhoopieCushion.asset
 6.1 kb	 0.0% Assets/AudioClip/GUNTHER_ahh_a.mp3
 6.0 kb	 0.0% Assets/AudioClip/DSS_MILO_Arrgh_02.mp3
 6.0 kb	 0.0% Assets/AudioClip/DSS_DIPPER_Aww_01.mp3
 5.9 kb	 0.0% Assets/Mesh/p_tunnel_4.asset
 5.9 kb	 0.0% Assets/AudioClip/SI-6037_08_05.wav
 5.9 kb	 0.0% Assets/AnimationClip/LaserFence2.anim
 5.8 kb	 0.0% Assets/Mesh/Track_Section_1_002.asset
 5.8 kb	 0.0% Assets/AudioClip/BEA Super Speedway HAA HAA_04.mp3
 5.7 kb	 0.0% Assets/AudioClip/Mike Chilton_aww_c.mp3
 5.7 kb	 0.0% Assets/AudioClip/DSS_MILO_Woo_01.mp3
 5.6 kb	 0.0% Assets/AudioClip/NINJA_WHOO HOO_a.mp3
 5.6 kb	 0.0% Assets/GameObject/Confirmation Popup.prefab
 5.6 kb	 0.0% Assets/Mesh/punnel4.asset
 5.5 kb	 0.0% Assets/AudioClip/YIKES_MABEL_a.mp3
 5.5 kb	 0.0% Assets/Texture2D/Loading Circle White Alpha.png
 5.5 kb	 0.0% Assets/Texture2D/texture water.png
 5.4 kb	 0.0% Assets/Resources/cart assets/ai carts/Oscar_AI.prefab
 5.4 kb	 0.0% Assets/Resources/cart assets/ai carts/Milo_AI.prefab
 5.4 kb	 0.0% Assets/Mesh/p_tunnel_3.asset
 5.4 kb	 0.0% Assets/Mesh/p_tunnel_2.asset
 5.4 kb	 0.0% Assets/AudioClip/DSS_FERB_Aww_02.mp3
 5.4 kb	 0.0% Assets/Resources/cart assets/ai carts/Bea_AI.prefab
 5.4 kb	 0.0% Assets/AudioClip/BEA Super Speedway WHOO HOO_02.mp3
 5.3 kb	 0.0% Assets/Mesh/Pie.asset
 5.3 kb	 0.0% Assets/GameObject/TutorialLauncher.prefab
 5.3 kb	 0.0% Assets/GameObject/Purchase Notification Popup.prefab
 5.2 kb	 0.0% Assets/Mesh/body_6.asset
 5.2 kb	 0.0% Assets/Mesh/body_17.asset
 5.2 kb	 0.0% Assets/AudioClip/BEA Super Speedway AHH_01.mp3
 5.2 kb	 0.0% Assets/AudioClip/KICK_yikes_a.mp3
 5.1 kb	 0.0% Assets/AudioClip/ui_coins_added.wav
 5.1 kb	 0.0% Assets/Mesh/Bridge.asset
 5.1 kb	 0.0% Assets/Mesh/cyber_tunnel_3.asset
 5.0 kb	 0.0% Assets/Mesh/top_bridge1.asset
 5.0 kb	 0.0% Assets/Mesh/cybertunnel_1.asset
 5.0 kb	 0.0% Assets/AudioClip/DSS_PHINEAS_UhOh_01.mp3
 4.9 kb	 0.0% Assets/GameObject/Age Gate Popup.prefab
 4.9 kb	 0.0% Assets/AudioClip/DSS_PHINEAS_Ack_01.mp3
 4.9 kb	 0.0% Assets/Mesh/top_bridge_2.asset
 4.8 kb	 0.0% Assets/GameObject/Drift Scale.prefab
 4.8 kb	 0.0% Assets/AudioClip/NINJA_AHH_a.mp3
 4.8 kb	 0.0% Assets/Mesh/Doofenshmirtz.asset
 4.7 kb	 0.0% Assets/AudioClip/KICK_uhoh_b.mp3
 4.7 kb	 0.0% Assets/AudioClip/ui_buy_button_press.wav
 4.7 kb	 0.0% Assets/Mesh/body_1.asset
 4.6 kb	 0.0% Assets/Mesh/punnel3.asset
 4.6 kb	 0.0% Assets/Mesh/GoalPosts.asset
 4.5 kb	 0.0% Assets/Mesh/thrusters_10.asset
 4.5 kb	 0.0% Assets/Mesh/thrusters_0.asset
 4.5 kb	 0.0% Assets/GameObject/Game Center Note.prefab
 4.5 kb	 0.0% Assets/AudioClip/DSS_MILO_UhOh_02.mp3
 4.4 kb	 0.0% Assets/GameObject/UnlockCircuitDialog.prefab
 4.4 kb	 0.0% Assets/AudioClip/Lazer #3.wav
 4.4 kb	 0.0% Assets/AudioClip/DSS_DIPPER_UhOh_01.mp3
 4.4 kb	 0.0% Assets/AudioClip/ACK_MABEL_f.mp3
 4.3 kb	 0.0% Assets/AudioClip/DSS_FERB_Uhoh_03.mp3
 4.3 kb	 0.0% Assets/AudioClip/UH_OH_MABEL_b.mp3
 4.3 kb	 0.0% Assets/Resources/cart assets/characters/Agent P.prefab
 4.2 kb	 0.0% Assets/Resources/cart assets/ai carts/noChar_AI.prefab
 4.2 kb	 0.0% Assets/Mesh/punnel2.asset
 4.2 kb	 0.0% Assets/AudioClip/Mike Chilton_uh_oh_b.mp3
 4.2 kb	 0.0% Assets/Resources/cart assets/characters/Mike.prefab
 4.1 kb	 0.0% Assets/Texture2D/Blocker Invisible SpriteAtlas.png
 4.1 kb	 0.0% Assets/Texture2D/Fader SpriteAtlas.png
 4.1 kb	 0.0% Assets/Texture2D/Blocker SpriteAtlas.png
 4.1 kb	 0.0% Assets/AudioClip/wrong_way_buzzer.wav
 4.1 kb	 0.0% Assets/Mesh/fancy_building_C.asset
 4.1 kb	 0.0% Assets/Mesh/school_left.asset
 4.1 kb	 0.0% Assets/Resources/cart assets/characters/Mabel.prefab
 4.0 kb	 0.0% Assets/Mesh/shool_right.asset
 4.0 kb	 0.0% Assets/Shader/Double Texture Additive Unlit.shader
 4.0 kb	 0.0% Assets/AudioClip/powerup_coin.wav
 4.0 kb	 0.0% Assets/Mesh/Sphere_1.asset
 4.0 kb	 0.0% Assets/Mesh/Sphere_0.asset
 4.0 kb	 0.0% Assets/AudioClip/Light_Beep_Start.wav
 3.9 kb	 0.0% Assets/Resources/cart assets/characters/Phineas.prefab
 3.9 kb	 0.0% Assets/Resources/cart assets/characters/Brad.prefab
 3.9 kb	 0.0% Assets/AudioClip/BEA Super Speedway OH OH_03.mp3
 3.9 kb	 0.0% Assets/Resources/cart assets/characters/Ferb.prefab
 3.9 kb	 0.0% Assets/Resources/cart assets/characters/Gunther.prefab
 3.9 kb	 0.0% Assets/Resources/cart assets/characters/Kick.prefab
 3.9 kb	 0.0% Assets/Shader/Mobile-Particle-Multiply.shader
 3.9 kb	 0.0% Assets/AudioClip/ui_shift_02.wav
 3.9 kb	 0.0% Assets/AudioClip/BEA Super Speedway HEE HEE_01.mp3
 3.8 kb	 0.0% Assets/Resources/cart assets/characters/Crash.prefab
 3.8 kb	 0.0% Assets/AudioClip/ui_shift_03.wav
 3.8 kb	 0.0% Assets/Resources/cart assets/characters/Soos.prefab
 3.8 kb	 0.0% Assets/Resources/cart assets/characters/Dipper.prefab
 3.8 kb	 0.0% Assets/Shader/Mobile-Particle-Alpha.shader
 3.8 kb	 0.0% Assets/Shader/Mobile-Particle-Add.shader
 3.8 kb	 0.0% Assets/AudioClip/SUPER SPEEDWAY OSCAR VO AHH_02.mp3
 3.8 kb	 0.0% Assets/Mesh/school.asset
 3.7 kb	 0.0% Assets/AnimationClip/Default Take_0.anim
 3.7 kb	 0.0% Assets/Mesh/ramp_down_collsion.asset
 3.7 kb	 0.0% Assets/Shader/Transparent And Color Unlit.shader
 3.7 kb	 0.0% Assets/Mesh/thrusters_9.asset
 3.6 kb	 0.0% Assets/Mesh/Track_Section_1_000.asset
 3.6 kb	 0.0% Assets/Mesh/Cube_001.asset
 3.6 kb	 0.0% Assets/AudioClip/BEA Super Speedway ARGH_02.mp3
 3.6 kb	 0.0% Assets/Mesh/punnel1.asset
 3.6 kb	 0.0% Assets/AudioClip/DSS_MILO_Ahh_01.mp3
 3.6 kb	 0.0% Assets/Mesh/body_3.asset
 3.6 kb	 0.0% Assets/Mesh/body.asset
 3.6 kb	 0.0% Assets/AudioClip/BRAD_UH OH_a.mp3
 3.5 kb	 0.0% Assets/AudioClip/basketball_bounce.wav
 3.5 kb	 0.0% Assets/Mesh/2-4_Lane_Corner_a_002.asset
 3.5 kb	 0.0% Assets/Mesh/2-4_Lane_Corner_a_001.asset
 3.4 kb	 0.0% Assets/Mesh/thrusters_5.asset
 3.4 kb	 0.0% Assets/Mesh/thrusters_4.asset
 3.3 kb	 0.0% Assets/Mesh/thrusters_8.asset
 3.3 kb	 0.0% Assets/Mesh/thrusters_6.asset
 3.3 kb	 0.0% Assets/Mesh/thrusters_1.asset
 3.3 kb	 0.0% Assets/AnimationClip/Default Take_1.anim
 3.1 kb	 0.0% Assets/Resources/cart assets/characters/Oscar.prefab
 3.1 kb	 0.0% Assets/Resources/cart assets/characters/Milo.prefab
 3.1 kb	 0.0% Assets/Mesh/2-4_Lane_Corner_a_004.asset
 3.1 kb	 0.0% Assets/Mesh/2-4_Lane_Corner_a_003.asset
 3.1 kb	 0.0% Assets/Resources/cart assets/characters/Bea.prefab
 3.1 kb	 0.0% Assets/AudioClip/DSS_DIPPER_Ahh_01.mp3
 3.1 kb	 0.0% Assets/GameObject/Front End Tutorial Popup.prefab
 3.0 kb	 0.0% Assets/Mesh/Mesh_019.asset
 3.0 kb	 0.0% Assets/Mesh/Mesh_020.asset
 2.9 kb	 0.0% Assets/Mesh/Sphere.asset
 2.9 kb	 0.0% Assets/GameObject/Purchase Indicator.prefab
 2.8 kb	 0.0% Assets/AudioClip/ui_shift_01.wav
 2.8 kb	 0.0% Assets/Texture2D/phineas and ferb grass.png
 2.8 kb	 0.0% Assets/Mesh/Cube_004.asset
 2.8 kb	 0.0% Assets/Texture2D/texture water2.png
 2.8 kb	 0.0% Assets/Texture2D/garage hall hole.png
 2.8 kb	 0.0% Assets/GameObject/Popover Dialog.prefab
 2.8 kb	 0.0% Assets/GameObject/CartPartList.prefab
 2.7 kb	 0.0% Assets/AnimationClip/clam open.anim
 2.7 kb	 0.0% Assets/Mesh/scoop_3.asset
 2.7 kb	 0.0% Assets/Mesh/Cylinder_0.asset
 2.7 kb	 0.0% Assets/AnimationClip/Default Take.anim
 2.6 kb	 0.0% Assets/Mesh/belt_3.asset
 2.6 kb	 0.0% Assets/AnimationClip/LogoIn.anim
 2.5 kb	 0.0% Assets/AnimationClip/FH Plant.anim
 2.5 kb	 0.0% Assets/AnimationClip/AchievementOUT.anim
 2.5 kb	 0.0% Assets/AnimationClip/WhoopieHit.anim
 2.5 kb	 0.0% Assets/AnimationClip/ArrowThrob.anim
 2.5 kb	 0.0% Assets/Mesh/front_wheel_001.asset
 2.5 kb	 0.0% Assets/Mesh/right_wheel_9.asset
 2.5 kb	 0.0% Assets/Mesh/right_wheel_8.asset
 2.5 kb	 0.0% Assets/Mesh/right_wheel_7.asset
 2.5 kb	 0.0% Assets/Mesh/right_wheel_6.asset
 2.5 kb	 0.0% Assets/Mesh/right_wheel_5.asset
 2.5 kb	 0.0% Assets/Mesh/right_wheel_4.asset
 2.5 kb	 0.0% Assets/Mesh/right_wheel_3.asset
 2.5 kb	 0.0% Assets/Mesh/right_wheel_2.asset
 2.5 kb	 0.0% Assets/Mesh/right_wheel_14.asset
 2.5 kb	 0.0% Assets/Mesh/right_wheel_13.asset
 2.5 kb	 0.0% Assets/Mesh/right_wheel_12.asset
 2.5 kb	 0.0% Assets/Mesh/right_wheel_11.asset
 2.5 kb	 0.0% Assets/Mesh/right_wheel_10.asset
 2.5 kb	 0.0% Assets/Mesh/right_wheel_1.asset
 2.5 kb	 0.0% Assets/Mesh/right_wheel_0.asset
 2.5 kb	 0.0% Assets/Mesh/right_wheel.asset
 2.5 kb	 0.0% Assets/Mesh/right_weel_2.asset
 2.5 kb	 0.0% Assets/Mesh/right_weel_1.asset
 2.5 kb	 0.0% Assets/Mesh/right_weel_0.asset
 2.5 kb	 0.0% Assets/Mesh/right_weel.asset
 2.5 kb	 0.0% Assets/Mesh/left_wheel_9.asset
 2.5 kb	 0.0% Assets/Mesh/left_wheel_8.asset
 2.5 kb	 0.0% Assets/Mesh/left_wheel_7.asset
 2.5 kb	 0.0% Assets/Mesh/left_wheel_6.asset
 2.5 kb	 0.0% Assets/Mesh/left_wheel_5.asset
 2.5 kb	 0.0% Assets/Mesh/left_wheel_4.asset
 2.5 kb	 0.0% Assets/Mesh/left_wheel_3.asset
 2.5 kb	 0.0% Assets/Mesh/left_wheel_2.asset
 2.5 kb	 0.0% Assets/Mesh/left_wheel_18.asset
 2.5 kb	 0.0% Assets/Mesh/left_wheel_17.asset
 2.5 kb	 0.0% Assets/Mesh/left_wheel_16.asset
 2.5 kb	 0.0% Assets/Mesh/left_wheel_15.asset
 2.5 kb	 0.0% Assets/Mesh/left_wheel_14.asset
 2.5 kb	 0.0% Assets/Mesh/left_wheel_13.asset
 2.5 kb	 0.0% Assets/Mesh/left_wheel_12.asset
 2.5 kb	 0.0% Assets/Mesh/left_wheel_11.asset
 2.5 kb	 0.0% Assets/Mesh/left_wheel_10.asset
 2.5 kb	 0.0% Assets/Mesh/left_wheel_1.asset
 2.5 kb	 0.0% Assets/Mesh/left_wheel_0.asset
 2.5 kb	 0.0% Assets/Mesh/left_wheel.asset
 2.5 kb	 0.0% Assets/Mesh/front_wheel_9.asset
 2.5 kb	 0.0% Assets/Mesh/front_wheel_8.asset
 2.5 kb	 0.0% Assets/Mesh/front_wheel_7.asset
 2.5 kb	 0.0% Assets/Mesh/front_wheel_6.asset
 2.5 kb	 0.0% Assets/Mesh/front_wheel_5.asset
 2.5 kb	 0.0% Assets/Mesh/front_wheel_4.asset
 2.5 kb	 0.0% Assets/Mesh/front_wheel_3.asset
 2.5 kb	 0.0% Assets/Mesh/front_wheel_2.asset
 2.5 kb	 0.0% Assets/Mesh/front_wheel_19.asset
 2.5 kb	 0.0% Assets/Mesh/front_wheel_18.asset
 2.5 kb	 0.0% Assets/Mesh/front_wheel_17.asset
 2.5 kb	 0.0% Assets/Mesh/front_wheel_16.asset
 2.5 kb	 0.0% Assets/Mesh/front_wheel_15.asset
 2.5 kb	 0.0% Assets/Mesh/front_wheel_14.asset
 2.5 kb	 0.0% Assets/Mesh/front_wheel_13.asset
 2.5 kb	 0.0% Assets/Mesh/front_wheel_12.asset
 2.5 kb	 0.0% Assets/Mesh/front_wheel_11.asset
 2.5 kb	 0.0% Assets/Mesh/front_wheel_10.asset
 2.5 kb	 0.0% Assets/Mesh/front_wheel_1.asset
 2.5 kb	 0.0% Assets/Mesh/front_wheel_0.asset
 2.5 kb	 0.0% Assets/Mesh/front_wheel.asset
 2.4 kb	 0.0% Assets/AnimationClip/CharacterSelectArrowRight.anim
 2.4 kb	 0.0% Assets/AnimationClip/PlaySumUpperLeftArrow.anim
 2.4 kb	 0.0% Assets/AnimationClip/PlaySumUpperArrowRight.anim
 2.4 kb	 0.0% Assets/AnimationClip/PlaySumLowerRightArrow.anim
 2.4 kb	 0.0% Assets/AnimationClip/PlaySumLowerLeftArrow.anim
 2.4 kb	 0.0% Assets/AnimationClip/CharacterSelectArrowLeft.anim
 2.4 kb	 0.0% Assets/AnimationClip/CustomizerArrowRight.anim
 2.4 kb	 0.0% Assets/AnimationClip/CustomizerArrowLeft.anim
 2.4 kb	 0.0% Assets/AnimationClip/Arrow Bounce Size.anim
 2.4 kb	 0.0% Assets/AnimationClip/TrafficLightIn.anim
 2.4 kb	 0.0% Assets/AnimationClip/ThrobRaceSummary.anim
 2.4 kb	 0.0% Assets/AnimationClip/ThrobCheckmark.anim
 2.4 kb	 0.0% Assets/AnimationClip/ArrowThrobLeft.anim
 2.4 kb	 0.0% Assets/AnimationClip/AchievementIN.anim
 2.4 kb	 0.0% Assets/AnimationClip/burstThrob.anim
 2.4 kb	 0.0% Assets/AnimationClip/WrongWaySign.anim
 2.4 kb	 0.0% Assets/AnimationClip/ThrobPlay2.anim
 2.4 kb	 0.0% Assets/AnimationClip/PreviewText.anim
 2.4 kb	 0.0% Assets/AnimationClip/PlayMenuIn.anim
 2.4 kb	 0.0% Assets/AnimationClip/NavBlipThrob.anim
 2.4 kb	 0.0% Assets/AnimationClip/MineWarning.anim
 2.4 kb	 0.0% Assets/AnimationClip/Garage Door.anim
 2.4 kb	 0.0% Assets/AnimationClip/FH Plant 2.anim
 2.4 kb	 0.0% Assets/AnimationClip/ThrobGO.anim
 2.4 kb	 0.0% Assets/Mesh/bridge_0.asset
 2.4 kb	 0.0% Assets/Mesh/spoiler_4.asset
 2.4 kb	 0.0% Assets/AudioClip/Light_Beep_Countdown.wav
 2.3 kb	 0.0% Assets/Mesh/4_Lane_End_Cap_a_004.asset
 2.3 kb	 0.0% Assets/Mesh/belt_6.asset
 2.3 kb	 0.0% Assets/Mesh/belt.asset
 2.3 kb	 0.0% Assets/Mesh/scoop_1.asset
 2.3 kb	 0.0% Assets/Mesh/belt_8.asset
 2.3 kb	 0.0% Assets/Mesh/belt_2.asset
 2.3 kb	 0.0% Assets/Mesh/belt_13.asset
 2.3 kb	 0.0% Assets/Mesh/belt_12.asset
 2.3 kb	 0.0% Assets/Mesh/belt_1.asset
 2.3 kb	 0.0% Assets/Mesh/belt_0.asset
 2.3 kb	 0.0% Assets/Mesh/2-4_Lane_Corner_a_005.asset
 2.3 kb	 0.0% Assets/Mesh/2-4_Lane_Corner_a_000.asset
 2.3 kb	 0.0% Assets/Mesh/boulder_004.asset
 2.2 kb	 0.0% Assets/Resources/cart assets/wheels/Truck 6 Wheels.prefab
 2.2 kb	 0.0% Assets/Resources/cart assets/wheels/Truck 5 Wheels.prefab
 2.2 kb	 0.0% Assets/Resources/cart assets/wheels/Truck 4 Wheels.prefab
 2.2 kb	 0.0% Assets/Resources/cart assets/wheels/Truck 3 Wheels.prefab
 2.2 kb	 0.0% Assets/Resources/cart assets/wheels/Truck 2 Wheels.prefab
 2.2 kb	 0.0% Assets/Resources/cart assets/wheels/Truck 1 Wheels.prefab
 2.2 kb	 0.0% Assets/Resources/cart assets/wheels/Truck 0 Wheels.prefab
 2.2 kb	 0.0% Assets/Mesh/belt_4.asset
 2.2 kb	 0.0% Assets/Mesh/belt_10.asset
 2.1 kb	 0.0% Assets/Mesh/Lane_Street_highway_001.asset
 2.1 kb	 0.0% Assets/Mesh/spoiler_10.asset
 2.1 kb	 0.0% Assets/Mesh/tire_tower.asset
 2.1 kb	 0.0% Assets/Mesh/Rock_2.asset
 2.1 kb	 0.0% Assets/Mesh/4-Lane_Street_012.asset
 2.1 kb	 0.0% Assets/Mesh/4-Lane_Street_004.asset
 2.0 kb	 0.0% Assets/GameObject/Paint Slot.prefab
 2.0 kb	 0.0% Assets/Mesh/body_2.asset
 2.0 kb	 0.0% Assets/Mesh/spoiler_2.asset
 2.0 kb	 0.0% Assets/Mesh/4-Lane_Street_005.asset
 1.9 kb	 0.0% Assets/GameObject/Popover.prefab
 1.9 kb	 0.0% Assets/Mesh/spoiler_9.asset
 1.9 kb	 0.0% Assets/Mesh/spoiler_1.asset
 1.8 kb	 0.0% Assets/Mesh/Lift.asset
 1.8 kb	 0.0% Assets/Mesh/4-Lane_Street_007.asset
 1.8 kb	 0.0% Assets/Mesh/4-Lane_Tunnel_002.asset
 1.8 kb	 0.0% Assets/Mesh/4-Lane_Tunnel_001.asset
 1.8 kb	 0.0% Assets/Resources/cart assets/bodies/Kart 0 Body.prefab
 1.8 kb	 0.0% Assets/Resources/cart assets/bodies/Bike 0 Body.prefab
 1.8 kb	 0.0% Assets/Resources/cart assets/wheels/Kart 6 Wheels.prefab
 1.8 kb	 0.0% Assets/Resources/cart assets/wheels/Kart 5 Wheels.prefab
 1.8 kb	 0.0% Assets/Resources/cart assets/wheels/Kart 4 Wheels.prefab
 1.8 kb	 0.0% Assets/Resources/cart assets/wheels/Kart 3 Wheels.prefab
 1.8 kb	 0.0% Assets/Resources/cart assets/wheels/Kart 2 Wheels.prefab
 1.8 kb	 0.0% Assets/Resources/cart assets/wheels/Kart 1 Wheels.prefab
 1.8 kb	 0.0% Assets/Resources/cart assets/wheels/Kart 0 Wheels.prefab
 1.8 kb	 0.0% Assets/Mesh/Trilobite.asset
 1.8 kb	 0.0% Assets/Mesh/Plane.asset
 1.7 kb	 0.0% Assets/Mesh/fancy_building_B.asset
 1.7 kb	 0.0% Assets/Mesh/belt_9.asset
 1.7 kb	 0.0% Assets/Mesh/belt_7.asset
 1.7 kb	 0.0% Assets/Mesh/belt_5.asset
 1.7 kb	 0.0% Assets/Mesh/4-Lane_Street_001_0.asset
 1.7 kb	 0.0% Assets/GameObject/Mine Notify.prefab
 1.7 kb	 0.0% Assets/Mesh/scoop_4.asset
 1.6 kb	 0.0% Assets/Mesh/spoiler_8.asset
 1.6 kb	 0.0% Assets/Mesh/spoiler.asset
 1.6 kb	 0.0% Assets/Mesh/spoiler_6.asset
 1.6 kb	 0.0% Assets/AudioClip/GUI Beep.wav
 1.5 kb	 0.0% Assets/Mesh/spoiler_0.asset
 1.5 kb	 0.0% Assets/Resources/cart assets/bodies/Truck 4 Body.prefab
 1.5 kb	 0.0% Assets/Resources/cart assets/bodies/Kart 4 Body.prefab
 1.5 kb	 0.0% Assets/Resources/cart assets/bodies/Bike 4 Body.prefab
 1.5 kb	 0.0% Assets/Mesh/boulder1.asset
 1.5 kb	 0.0% Assets/Mesh/4-Lane_Street_004_collision.asset
 1.5 kb	 0.0% Assets/Resources/cart assets/bodies/Truck 5 Body.prefab
 1.5 kb	 0.0% Assets/Resources/cart assets/bodies/Truck 3 Body.prefab
 1.5 kb	 0.0% Assets/Resources/cart assets/bodies/Truck 2 Body.prefab
 1.5 kb	 0.0% Assets/Resources/cart assets/bodies/Truck 1 Body.prefab
 1.5 kb	 0.0% Assets/Resources/cart assets/bodies/Truck 0 Body.prefab
 1.5 kb	 0.0% Assets/Resources/cart assets/bodies/Kart 5 Body.prefab
 1.5 kb	 0.0% Assets/Resources/cart assets/bodies/Kart 3 Body.prefab
 1.5 kb	 0.0% Assets/Resources/cart assets/bodies/Kart 2 Body.prefab
 1.5 kb	 0.0% Assets/Resources/cart assets/bodies/Kart 1 Body.prefab
 1.5 kb	 0.0% Assets/Resources/cart assets/bodies/Bike 5 Body.prefab
 1.5 kb	 0.0% Assets/Resources/cart assets/bodies/Bike 3 Body.prefab
 1.5 kb	 0.0% Assets/Resources/cart assets/bodies/Bike 2 Body.prefab
 1.5 kb	 0.0% Assets/Resources/cart assets/bodies/Bike 1 Body.prefab
 1.5 kb	 0.0% Assets/GameObject/WrongWayPrefab.prefab
 1.5 kb	 0.0% Assets/Mesh/Shield.asset
 1.4 kb	 0.0% Assets/Resources/cart assets/wheels/Bike 6 Wheels.prefab
 1.4 kb	 0.0% Assets/Resources/cart assets/wheels/Bike 5 Wheels.prefab
 1.4 kb	 0.0% Assets/Resources/cart assets/wheels/Bike 4 Wheels.prefab
 1.4 kb	 0.0% Assets/Resources/cart assets/wheels/Bike 3 Wheels.prefab
 1.4 kb	 0.0% Assets/Resources/cart assets/wheels/Bike 2 Wheels.prefab
 1.4 kb	 0.0% Assets/Resources/cart assets/wheels/Bike 1 Wheels.prefab
 1.4 kb	 0.0% Assets/Resources/cart assets/wheels/Bike 0 Wheels.prefab
 1.4 kb	 0.0% Assets/Mesh/spoiler_5.asset
 1.4 kb	 0.0% Assets/Mesh/spoiler_11.asset
 1.4 kb	 0.0% Assets/Mesh/spoiler_7.asset
 1.4 kb	 0.0% Assets/Mesh/fancy_buiilding_E.asset
 1.4 kb	 0.0% Assets/GameObject/+AchievementManager.prefab
 1.4 kb	 0.0% Assets/Mesh/spoiler_3.asset
 1.3 kb	 0.0% Assets/Mesh/Fence.asset
 1.3 kb	 0.0% Assets/Mesh/Plane_0.asset
 1.3 kb	 0.0% Assets/GameObject/Anchor Rocket.prefab
 1.3 kb	 0.0% Assets/Mesh/coin.asset
 1.3 kb	 0.0% Assets/GameObject/Rocket.prefab
 1.3 kb	 0.0% Assets/Mesh/fancy_building_A.asset
 1.3 kb	 0.0% Assets/GameObject/Rocket Pickup.prefab
 1.3 kb	 0.0% Assets/GameObject/Booster Pickup.prefab
 1.3 kb	 0.0% Assets/Mesh/thrusters_2.asset
 1.3 kb	 0.0% Assets/GameObject/ShieldPickup.prefab
 1.2 kb	 0.0% Assets/Mesh/4-Lane_Corner_005.asset
 1.2 kb	 0.0% Assets/Mesh/4-Lane_Corner_004_0.asset
 1.2 kb	 0.0% Assets/Mesh/4-Lane_Corner_003.asset
 1.2 kb	 0.0% Assets/Mesh/4-Lane_Corner_002.asset
 1.2 kb	 0.0% Assets/Mesh/4-Lane_Corner_001_0.asset
 1.2 kb	 0.0% Assets/Mesh/4-Lane_Corner_001.asset
 1.2 kb	 0.0% Assets/Mesh/blue_crate_open.asset
 1.2 kb	 0.0% Assets/Mesh/Red_Crate_open.asset
 1.2 kb	 0.0% Assets/GameObject/MineSpreader.prefab
 1.2 kb	 0.0% Assets/Mesh/winding_road_001.asset
 1.2 kb	 0.0% Assets/Mesh/hill_mesh_complete.asset
 1.2 kb	 0.0% Assets/Mesh/clam_upper_lip.asset
 1.2 kb	 0.0% Assets/Mesh/clam_bottom_lip.asset
 1.2 kb	 0.0% Assets/Mesh/Cylinder.asset
 1.1 kb	 0.0% Assets/Mesh/2-4_Lane_Corner_a_009.asset
 1.1 kb	 0.0% Assets/Mesh/gsfgrg_001.asset
 1.1 kb	 0.0% Assets/Mesh/light.asset
 1.1 kb	 0.0% Assets/Mesh/bridge_column.asset
 1.1 kb	 0.0% Assets/AudioClip/ui_select.wav
 1.1 kb	 0.0% Assets/GameObject/Mine Pickup.prefab
 1.1 kb	 0.0% Assets/Mesh/2-4_Lane_Corner_a_001_0.asset
 1.1 kb	 0.0% Assets/GameObject/Pie Splat.prefab
 1.1 kb	 0.0% Assets/Mesh/highway_sign.asset
 1.1 kb	 0.0% Assets/Mesh/scoop.asset
 1.1 kb	 0.0% Assets/Mesh/4_Lane_End_Cap_a_012.asset
 1.1 kb	 0.0% Assets/Mesh/4_Lane_End_Cap_a_009.asset
 1.1 kb	 0.0% Assets/Mesh/4_Lane_End_Cap_a_006_0.asset
 1.0 kb	 0.0% Assets/Mesh/4_Lane_End_Cap_a_016.asset
 1.0 kb	 0.0% Assets/Mesh/4_Lane_End_Cap_a_015.asset
 1.0 kb	 0.0% Assets/Mesh/4_Lane_End_Cap_a_007.asset
 1.0 kb	 0.0% Assets/Mesh/Plane_3.asset
 1.0 kb	 0.0% Assets/GameObject/SoundLibrary.prefab
 1.0 kb	 0.0% Assets/Mesh/flagpole.asset
 1.0 kb	 0.0% Assets/Mesh/walls_exit.asset
 1.0 kb	 0.0% Assets/GameObject/Mine.prefab
 1.0 kb	 0.0% Assets/Mesh/2_Lane_Corner_a_003.asset
 1.0 kb	 0.0% Assets/Mesh/2_Lane_Corner_a_002.asset
 1.0 kb	 0.0% Assets/Mesh/2_Lane_Corner_a_001.asset
 0.9 kb	 0.0% Assets/Mesh/schoolbus.asset
 0.9 kb	 0.0% Assets/Mesh/4-Lane_Street_012_0.asset
 0.9 kb	 0.0% Assets/Mesh/4-Lane_Street_002.asset
 0.9 kb	 0.0% Assets/Mesh/4-Lane_Street_001.asset
 0.9 kb	 0.0% Assets/Mesh/Cube.asset
 0.9 kb	 0.0% Assets/GameObject/AI Blip.prefab
 0.9 kb	 0.0% Assets/Mesh/4-Lane_Street_014.asset
 0.9 kb	 0.0% Assets/Mesh/4-Lane_Street_003.asset
 0.9 kb	 0.0% Assets/Mesh/2-Lane_Street_002.asset
 0.9 kb	 0.0% Assets/Mesh/2-Lane_Street_001_0.asset
 0.9 kb	 0.0% Assets/Mesh/2-Lane_Street_000.asset
 0.9 kb	 0.0% Assets/Mesh/4-Lane_Street_011.asset
 0.9 kb	 0.0% Assets/Mesh/stalagtite.asset
 0.9 kb	 0.0% Assets/Mesh/Cube_0.asset
 0.9 kb	 0.0% Assets/Mesh/4_Lane_End_Cap_a_022_0.asset
 0.9 kb	 0.0% Assets/Mesh/4_Lane_End_Cap_a_022.asset
 0.9 kb	 0.0% Assets/Mesh/4_Lane_End_Cap_a_017.asset
 0.9 kb	 0.0% Assets/Mesh/4_Lane_End_Cap_a_006.asset
 0.9 kb	 0.0% Assets/Mesh/4_Lane_End_Cap_a_002.asset
 0.9 kb	 0.0% Assets/Mesh/4_Lane_End_Cap_005.asset
 0.9 kb	 0.0% Assets/Mesh/4_Lane_End_Cap_003_0.asset
 0.9 kb	 0.0% Assets/Mesh/4_Lane_End_Cap_003.asset
 0.9 kb	 0.0% Assets/Mesh/4_Lane_End_Cap_002.asset
 0.9 kb	 0.0% Assets/Mesh/4_Lane_End_Cap_001.asset
 0.9 kb	 0.0% Assets/GameObject/Explosion.prefab
 0.9 kb	 0.0% Assets/Mesh/2_Lane_End_Cap_001.asset
 0.9 kb	 0.0% Assets/GameObject/LoadingWheel.prefab
 0.9 kb	 0.0% Assets/Mesh/gsfgrg_002.asset
 0.9 kb	 0.0% Assets/Mesh/SCOOP_0.asset
 0.8 kb	 0.0% Assets/Mesh/house1.asset
 0.8 kb	 0.0% Assets/Mesh/thrusters_7.asset
 0.8 kb	 0.0% Assets/Mesh/thrusters_11.asset
 0.8 kb	 0.0% Assets/Mesh/houses3.asset
 0.8 kb	 0.0% Assets/Mesh/Mesh_98.asset
 0.8 kb	 0.0% Assets/Mesh/Mesh_94.asset
 0.8 kb	 0.0% Assets/Mesh/Mesh_90.asset
 0.8 kb	 0.0% Assets/Mesh/Mesh_88.asset
 0.8 kb	 0.0% Assets/Mesh/Mesh_85.asset
 0.8 kb	 0.0% Assets/Mesh/Mesh_84.asset
 0.8 kb	 0.0% Assets/Mesh/Mesh_83.asset
 0.8 kb	 0.0% Assets/Mesh/Mesh_82.asset
 0.8 kb	 0.0% Assets/Mesh/Mesh_81.asset
 0.8 kb	 0.0% Assets/Mesh/Mesh_74.asset
 0.8 kb	 0.0% Assets/Mesh/Mesh_7.asset
 0.8 kb	 0.0% Assets/Mesh/Mesh_69.asset
 0.8 kb	 0.0% Assets/Mesh/Mesh_65.asset
 0.8 kb	 0.0% Assets/Mesh/Mesh_60.asset
 0.8 kb	 0.0% Assets/Mesh/Mesh_58.asset
 0.8 kb	 0.0% Assets/Mesh/Mesh_57.asset
 0.8 kb	 0.0% Assets/Mesh/Mesh_55.asset
 0.8 kb	 0.0% Assets/Mesh/Mesh_52.asset
 0.8 kb	 0.0% Assets/Mesh/Mesh_5.asset
 0.8 kb	 0.0% Assets/Mesh/Mesh_48.asset
 0.8 kb	 0.0% Assets/Mesh/Mesh_45.asset
 0.8 kb	 0.0% Assets/Mesh/Mesh_43.asset
 0.8 kb	 0.0% Assets/Mesh/Mesh_41.asset
 0.8 kb	 0.0% Assets/Mesh/Mesh_4.asset
 0.8 kb	 0.0% Assets/Mesh/Mesh_37.asset
 0.8 kb	 0.0% Assets/Mesh/Mesh_35.asset
 0.8 kb	 0.0% Assets/Mesh/Mesh_34.asset
 0.8 kb	 0.0% Assets/Mesh/Mesh_290.asset
 0.8 kb	 0.0% Assets/Mesh/Mesh_289.asset
 0.8 kb	 0.0% Assets/Mesh/Mesh_287.asset
 0.8 kb	 0.0% Assets/Mesh/Mesh_285.asset
 0.8 kb	 0.0% Assets/Mesh/Mesh_282.asset
 0.8 kb	 0.0% Assets/Mesh/Mesh_281.asset
 0.8 kb	 0.0% Assets/Mesh/Mesh_28.asset
 0.8 kb	 0.0% Assets/Mesh/Mesh_277.asset
 0.8 kb	 0.0% Assets/Mesh/Mesh_272.asset
 0.8 kb	 0.0% Assets/Mesh/Mesh_27.asset
 0.8 kb	 0.0% Assets/Mesh/Mesh_261.asset
 0.8 kb	 0.0% Assets/Mesh/Mesh_260.asset
 0.8 kb	 0.0% Assets/Mesh/Mesh_258.asset
 0.8 kb	 0.0% Assets/Mesh/Mesh_256.asset
 0.8 kb	 0.0% Assets/Mesh/Mesh_252.asset
 0.8 kb	 0.0% Assets/Mesh/Mesh_251.asset
 0.8 kb	 0.0% Assets/Mesh/Mesh_250.asset
 0.8 kb	 0.0% Assets/Mesh/Mesh_249.asset
 0.8 kb	 0.0% Assets/Mesh/Mesh_246.asset
 0.8 kb	 0.0% Assets/Mesh/Mesh_245.asset
 0.8 kb	 0.0% Assets/Mesh/Mesh_242.asset
 0.8 kb	 0.0% Assets/Mesh/Mesh_234.asset
 0.8 kb	 0.0% Assets/Mesh/Mesh_232.asset
 0.8 kb	 0.0% Assets/Mesh/Mesh_227.asset
 0.8 kb	 0.0% Assets/Mesh/Mesh_226.asset
 0.8 kb	 0.0% Assets/Mesh/Mesh_225.asset
 0.8 kb	 0.0% Assets/Mesh/Mesh_217.asset
 0.8 kb	 0.0% Assets/Mesh/Mesh_214.asset
 0.8 kb	 0.0% Assets/Mesh/Mesh_213.asset
 0.8 kb	 0.0% Assets/Mesh/Mesh_212.asset
 0.8 kb	 0.0% Assets/Mesh/Mesh_207.asset
 0.8 kb	 0.0% Assets/Mesh/Mesh_206.asset
 0.8 kb	 0.0% Assets/Mesh/Mesh_205.asset
 0.8 kb	 0.0% Assets/Mesh/Mesh_203.asset
 0.8 kb	 0.0% Assets/Mesh/Mesh_20.asset
 0.8 kb	 0.0% Assets/Mesh/Mesh_199.asset
 0.8 kb	 0.0% Assets/Mesh/Mesh_197.asset
 0.8 kb	 0.0% Assets/Mesh/Mesh_195.asset
 0.8 kb	 0.0% Assets/Mesh/Mesh_191.asset
 0.8 kb	 0.0% Assets/Mesh/Mesh_19.asset
 0.8 kb	 0.0% Assets/Mesh/Mesh_189.asset
 0.8 kb	 0.0% Assets/Mesh/Mesh_188.asset
 0.8 kb	 0.0% Assets/Mesh/Mesh_182.asset
 0.8 kb	 0.0% Assets/Mesh/Mesh_181.asset
 0.8 kb	 0.0% Assets/Mesh/Mesh_18.asset
 0.8 kb	 0.0% Assets/Mesh/Mesh_174.asset
 0.8 kb	 0.0% Assets/Mesh/Mesh_173.asset
 0.8 kb	 0.0% Assets/Mesh/Mesh_172.asset
 0.8 kb	 0.0% Assets/Mesh/Mesh_171.asset
 0.8 kb	 0.0% Assets/Mesh/Mesh_17.asset
 0.8 kb	 0.0% Assets/Mesh/Mesh_169.asset
 0.8 kb	 0.0% Assets/Mesh/Mesh_161.asset
 0.8 kb	 0.0% Assets/Mesh/Mesh_159.asset
 0.8 kb	 0.0% Assets/Mesh/Mesh_158.asset
 0.8 kb	 0.0% Assets/Mesh/Mesh_153.asset
 0.8 kb	 0.0% Assets/Mesh/Mesh_150.asset
 0.8 kb	 0.0% Assets/Mesh/Mesh_15.asset
 0.8 kb	 0.0% Assets/Mesh/Mesh_149.asset
 0.8 kb	 0.0% Assets/Mesh/Mesh_147.asset
 0.8 kb	 0.0% Assets/Mesh/Mesh_145.asset
 0.8 kb	 0.0% Assets/Mesh/Mesh_144.asset
 0.8 kb	 0.0% Assets/Mesh/Mesh_142.asset
 0.8 kb	 0.0% Assets/Mesh/Mesh_137.asset
 0.8 kb	 0.0% Assets/Mesh/Mesh_136.asset
 0.8 kb	 0.0% Assets/Mesh/Mesh_133.asset
 0.8 kb	 0.0% Assets/Mesh/Mesh_132.asset
 0.8 kb	 0.0% Assets/Mesh/Mesh_131.asset
 0.8 kb	 0.0% Assets/Mesh/Mesh_130.asset
 0.8 kb	 0.0% Assets/Mesh/Mesh_127.asset
 0.8 kb	 0.0% Assets/Mesh/Mesh_124.asset
 0.8 kb	 0.0% Assets/Mesh/Mesh_122.asset
 0.8 kb	 0.0% Assets/Mesh/Mesh_119.asset
 0.8 kb	 0.0% Assets/Mesh/Mesh_115.asset
 0.8 kb	 0.0% Assets/Mesh/Mesh_113.asset
 0.8 kb	 0.0% Assets/Mesh/Mesh_111.asset
 0.8 kb	 0.0% Assets/Mesh/Mesh_107.asset
 0.8 kb	 0.0% Assets/Mesh/Mesh_106.asset
 0.8 kb	 0.0% Assets/Mesh/Mesh_102.asset
 0.8 kb	 0.0% Assets/Mesh/belt_11.asset
 0.8 kb	 0.0% Assets/Mesh/inline_ramp.asset
 0.8 kb	 0.0% Assets/Mesh/Arrow_Sign.asset
 0.8 kb	 0.0% Assets/Mesh/houses4.asset
 0.8 kb	 0.0% Assets/Mesh/house2.asset
 0.8 kb	 0.0% Assets/GameObject/Input Blocker Invisible.prefab
 0.8 kb	 0.0% Assets/Resources/cart assets/thrusters/Truck 1 Thruster.prefab
 0.8 kb	 0.0% Assets/Resources/cart assets/thrusters/Kart 1 Thruster.prefab
 0.8 kb	 0.0% Assets/Mesh/4_Lane_End_Cap_a_014.asset
 0.8 kb	 0.0% Assets/Mesh/2-4_Lane_Corner_a_007.asset
 0.8 kb	 0.0% Assets/Mesh/4_Lane_End_Cap_a_013.asset
 0.8 kb	 0.0% Assets/Mesh/4_Lane_End_Cap_a_008.asset
 0.8 kb	 0.0% Assets/Mesh/4_Lane_End_Cap_a_007_0.asset
 0.8 kb	 0.0% Assets/Mesh/4_Lane_End_Cap_a_011.asset
 0.8 kb	 0.0% Assets/Mesh/4_Lane_End_Cap_a_010.asset
 0.8 kb	 0.0% Assets/Mesh/4_Lane_End_Cap_a_005.asset
 0.8 kb	 0.0% Assets/Mesh/scoop_5.asset
 0.8 kb	 0.0% Assets/Mesh/scoop_2.asset
 0.8 kb	 0.0% Assets/Mesh/Red_Crate.asset
 0.7 kb	 0.0% Assets/GameObject/ParticleLibrary.prefab
 0.7 kb	 0.0% Assets/GameObject/TripLine.prefab
 0.7 kb	 0.0% Assets/Mesh/tunnel_entrance_thing.asset
 0.7 kb	 0.0% Assets/GameObject/Shield Double.prefab
 0.7 kb	 0.0% Assets/GameObject/Magnet Shield.prefab
 0.7 kb	 0.0% Assets/Resources/cart assets/thrusters/Truck 6 Thruster.prefab
 0.7 kb	 0.0% Assets/Resources/cart assets/thrusters/Truck 5 Thruster.prefab
 0.7 kb	 0.0% Assets/Resources/cart assets/thrusters/Truck 4 Thruster.prefab
 0.7 kb	 0.0% Assets/Resources/cart assets/thrusters/Truck 3 Thruster.prefab
 0.7 kb	 0.0% Assets/Resources/cart assets/thrusters/Truck 2 Thruster.prefab
 0.7 kb	 0.0% Assets/Resources/cart assets/thrusters/Kart 6 Thruster.prefab
 0.7 kb	 0.0% Assets/Resources/cart assets/thrusters/Kart 5 Thruster.prefab
 0.7 kb	 0.0% Assets/Resources/cart assets/thrusters/Kart 4 Thruster.prefab
 0.7 kb	 0.0% Assets/Resources/cart assets/thrusters/Kart 3 Thruster.prefab
 0.7 kb	 0.0% Assets/Resources/cart assets/thrusters/Kart 2 Thruster.prefab
 0.7 kb	 0.0% Assets/GameObject/+TrackUnlockHelper.prefab
 0.7 kb	 0.0% Assets/Mesh/Plane_002.asset
 0.7 kb	 0.0% Assets/Mesh/Mesh_015.asset
 0.6 kb	 0.0% Assets/Mesh/Mesh_011.asset
 0.6 kb	 0.0% Assets/GameObject/Barrel On Track.prefab
 0.6 kb	 0.0% Assets/Mesh/lockers.asset
 0.6 kb	 0.0% Assets/GameObject/Barrel.prefab
 0.6 kb	 0.0% Assets/Mesh/Mesh_143.asset
 0.6 kb	 0.0% Assets/Mesh/Mesh_128.asset
 0.6 kb	 0.0% Assets/Mesh/Mesh_121.asset
 0.6 kb	 0.0% Assets/Mesh/4-Lane_Street_015.asset
 0.6 kb	 0.0% Assets/Mesh/4-Lane_Tunnel_003.asset
 0.6 kb	 0.0% Assets/GameObject/Tripwire Shield.prefab
 0.6 kb	 0.0% Assets/Mesh/gsfgrg_003.asset
 0.5 kb	 0.0% Assets/GameObject/Shield.prefab
 0.5 kb	 0.0% Assets/Mesh/Mesh_296.asset
 0.5 kb	 0.0% Assets/GameObject/RandomShot.prefab
 0.5 kb	 0.0% Assets/Resources/CharacterConfig.txt
 0.5 kb	 0.0% Assets/Mesh/Mesh_99.asset
 0.5 kb	 0.0% Assets/Mesh/Mesh_97.asset
 0.5 kb	 0.0% Assets/Mesh/Mesh_96.asset
 0.5 kb	 0.0% Assets/Mesh/Mesh_95.asset
 0.5 kb	 0.0% Assets/Mesh/Mesh_93.asset
 0.5 kb	 0.0% Assets/Mesh/Mesh_92.asset
 0.5 kb	 0.0% Assets/Mesh/Mesh_91.asset
 0.5 kb	 0.0% Assets/Mesh/Mesh_9.asset
 0.5 kb	 0.0% Assets/Mesh/Mesh_89.asset
 0.5 kb	 0.0% Assets/Mesh/Mesh_87.asset
 0.5 kb	 0.0% Assets/Mesh/Mesh_86.asset
 0.5 kb	 0.0% Assets/Mesh/Mesh_80.asset
 0.5 kb	 0.0% Assets/Mesh/Mesh_8.asset
 0.5 kb	 0.0% Assets/Mesh/Mesh_79.asset
 0.5 kb	 0.0% Assets/Mesh/Mesh_78.asset
 0.5 kb	 0.0% Assets/Mesh/Mesh_77.asset
 0.5 kb	 0.0% Assets/Mesh/Mesh_76.asset
 0.5 kb	 0.0% Assets/Mesh/Mesh_75.asset
 0.5 kb	 0.0% Assets/Mesh/Mesh_73.asset
 0.5 kb	 0.0% Assets/Mesh/Mesh_72.asset
 0.5 kb	 0.0% Assets/Mesh/Mesh_71.asset
 0.5 kb	 0.0% Assets/Mesh/Mesh_70.asset
 0.5 kb	 0.0% Assets/Mesh/Mesh_68.asset
 0.5 kb	 0.0% Assets/Mesh/Mesh_67.asset
 0.5 kb	 0.0% Assets/Mesh/Mesh_66.asset
 0.5 kb	 0.0% Assets/Mesh/Mesh_64.asset
 0.5 kb	 0.0% Assets/Mesh/Mesh_63.asset
 0.5 kb	 0.0% Assets/Mesh/Mesh_62.asset
 0.5 kb	 0.0% Assets/Mesh/Mesh_61.asset
 0.5 kb	 0.0% Assets/Mesh/Mesh_6.asset
 0.5 kb	 0.0% Assets/Mesh/Mesh_59.asset
 0.5 kb	 0.0% Assets/Mesh/Mesh_56.asset
 0.5 kb	 0.0% Assets/Mesh/Mesh_54.asset
 0.5 kb	 0.0% Assets/Mesh/Mesh_53.asset
 0.5 kb	 0.0% Assets/Mesh/Mesh_51.asset
 0.5 kb	 0.0% Assets/Mesh/Mesh_50.asset
 0.5 kb	 0.0% Assets/Mesh/Mesh_49.asset
 0.5 kb	 0.0% Assets/Mesh/Mesh_47.asset
 0.5 kb	 0.0% Assets/Mesh/Mesh_46.asset
 0.5 kb	 0.0% Assets/Mesh/Mesh_44.asset
 0.5 kb	 0.0% Assets/Mesh/Mesh_42.asset
 0.5 kb	 0.0% Assets/Mesh/Mesh_40.asset
 0.5 kb	 0.0% Assets/Mesh/Mesh_39.asset
 0.5 kb	 0.0% Assets/Mesh/Mesh_38.asset
 0.5 kb	 0.0% Assets/Mesh/Mesh_36.asset
 0.5 kb	 0.0% Assets/Mesh/Mesh_33.asset
 0.5 kb	 0.0% Assets/Mesh/Mesh_32.asset
 0.5 kb	 0.0% Assets/Mesh/Mesh_31.asset
 0.5 kb	 0.0% Assets/Mesh/Mesh_308.asset
 0.5 kb	 0.0% Assets/Mesh/Mesh_307.asset
 0.5 kb	 0.0% Assets/Mesh/Mesh_306.asset
 0.5 kb	 0.0% Assets/Mesh/Mesh_305.asset
 0.5 kb	 0.0% Assets/Mesh/Mesh_304.asset
 0.5 kb	 0.0% Assets/Mesh/Mesh_303.asset
 0.5 kb	 0.0% Assets/Mesh/Mesh_302.asset
 0.5 kb	 0.0% Assets/Mesh/Mesh_301.asset
 0.5 kb	 0.0% Assets/Mesh/Mesh_300.asset
 0.5 kb	 0.0% Assets/Mesh/Mesh_30.asset
 0.5 kb	 0.0% Assets/Mesh/Mesh_3.asset
 0.5 kb	 0.0% Assets/Mesh/Mesh_299.asset
 0.5 kb	 0.0% Assets/Mesh/Mesh_298.asset
 0.5 kb	 0.0% Assets/Mesh/Mesh_297.asset
 0.5 kb	 0.0% Assets/Mesh/Mesh_295.asset
 0.5 kb	 0.0% Assets/Mesh/Mesh_294.asset
 0.5 kb	 0.0% Assets/Mesh/Mesh_293.asset
 0.5 kb	 0.0% Assets/Mesh/Mesh_292.asset
 0.5 kb	 0.0% Assets/Mesh/Mesh_291.asset
 0.5 kb	 0.0% Assets/Mesh/Mesh_29.asset
 0.5 kb	 0.0% Assets/Mesh/Mesh_288.asset
 0.5 kb	 0.0% Assets/Mesh/Mesh_286.asset
 0.5 kb	 0.0% Assets/Mesh/Mesh_284.asset
 0.5 kb	 0.0% Assets/Mesh/Mesh_283.asset
 0.5 kb	 0.0% Assets/Mesh/Mesh_280.asset
 0.5 kb	 0.0% Assets/Mesh/Mesh_279.asset
 0.5 kb	 0.0% Assets/Mesh/Mesh_278.asset
 0.5 kb	 0.0% Assets/Mesh/Mesh_276.asset
 0.5 kb	 0.0% Assets/Mesh/Mesh_275.asset
 0.5 kb	 0.0% Assets/Mesh/Mesh_274.asset
 0.5 kb	 0.0% Assets/Mesh/Mesh_273.asset
 0.5 kb	 0.0% Assets/Mesh/Mesh_271.asset
 0.5 kb	 0.0% Assets/Mesh/Mesh_270.asset
 0.5 kb	 0.0% Assets/Mesh/Mesh_269.asset
 0.5 kb	 0.0% Assets/Mesh/Mesh_268.asset
 0.5 kb	 0.0% Assets/Mesh/Mesh_267.asset
 0.5 kb	 0.0% Assets/Mesh/Mesh_266.asset
 0.5 kb	 0.0% Assets/Mesh/Mesh_265.asset
 0.5 kb	 0.0% Assets/Mesh/Mesh_264.asset
 0.5 kb	 0.0% Assets/Mesh/Mesh_263.asset
 0.5 kb	 0.0% Assets/Mesh/Mesh_262.asset
 0.5 kb	 0.0% Assets/Mesh/Mesh_26.asset
 0.5 kb	 0.0% Assets/Mesh/Mesh_259.asset
 0.5 kb	 0.0% Assets/Mesh/Mesh_257.asset
 0.5 kb	 0.0% Assets/Mesh/Mesh_255.asset
 0.5 kb	 0.0% Assets/Mesh/Mesh_254.asset
 0.5 kb	 0.0% Assets/Mesh/Mesh_253.asset
 0.5 kb	 0.0% Assets/Mesh/Mesh_25.asset
 0.5 kb	 0.0% Assets/Mesh/Mesh_248.asset
 0.5 kb	 0.0% Assets/Mesh/Mesh_247.asset
 0.5 kb	 0.0% Assets/Mesh/Mesh_244.asset
 0.5 kb	 0.0% Assets/Mesh/Mesh_243.asset
 0.5 kb	 0.0% Assets/Mesh/Mesh_241.asset
 0.5 kb	 0.0% Assets/Mesh/Mesh_240.asset
 0.5 kb	 0.0% Assets/Mesh/Mesh_24.asset
 0.5 kb	 0.0% Assets/Mesh/Mesh_239.asset
 0.5 kb	 0.0% Assets/Mesh/Mesh_238.asset
 0.5 kb	 0.0% Assets/Mesh/Mesh_237.asset
 0.5 kb	 0.0% Assets/Mesh/Mesh_236.asset
 0.5 kb	 0.0% Assets/Mesh/Mesh_235.asset
 0.5 kb	 0.0% Assets/Mesh/Mesh_233.asset
 0.5 kb	 0.0% Assets/Mesh/Mesh_231.asset
 0.5 kb	 0.0% Assets/Mesh/Mesh_230.asset
 0.5 kb	 0.0% Assets/Mesh/Mesh_23.asset
 0.5 kb	 0.0% Assets/Mesh/Mesh_229.asset
 0.5 kb	 0.0% Assets/Mesh/Mesh_228.asset
 0.5 kb	 0.0% Assets/Mesh/Mesh_224.asset
 0.5 kb	 0.0% Assets/Mesh/Mesh_223.asset
 0.5 kb	 0.0% Assets/Mesh/Mesh_222.asset
 0.5 kb	 0.0% Assets/Mesh/Mesh_221.asset
 0.5 kb	 0.0% Assets/Mesh/Mesh_220.asset
 0.5 kb	 0.0% Assets/Mesh/Mesh_22.asset
 0.5 kb	 0.0% Assets/Mesh/Mesh_219.asset
 0.5 kb	 0.0% Assets/Mesh/Mesh_218.asset
 0.5 kb	 0.0% Assets/Mesh/Mesh_216.asset
 0.5 kb	 0.0% Assets/Mesh/Mesh_215.asset
 0.5 kb	 0.0% Assets/Mesh/Mesh_211.asset
 0.5 kb	 0.0% Assets/Mesh/Mesh_210.asset
 0.5 kb	 0.0% Assets/Mesh/Mesh_21.asset
 0.5 kb	 0.0% Assets/Mesh/Mesh_209.asset
 0.5 kb	 0.0% Assets/Mesh/Mesh_208.asset
 0.5 kb	 0.0% Assets/Mesh/Mesh_204.asset
 0.5 kb	 0.0% Assets/Mesh/Mesh_202.asset
 0.5 kb	 0.0% Assets/Mesh/Mesh_201.asset
 0.5 kb	 0.0% Assets/Mesh/Mesh_200.asset
 0.5 kb	 0.0% Assets/Mesh/Mesh_2.asset
 0.5 kb	 0.0% Assets/Mesh/Mesh_198.asset
 0.5 kb	 0.0% Assets/Mesh/Mesh_196.asset
 0.5 kb	 0.0% Assets/Mesh/Mesh_194.asset
 0.5 kb	 0.0% Assets/Mesh/Mesh_193.asset
 0.5 kb	 0.0% Assets/Mesh/Mesh_192.asset
 0.5 kb	 0.0% Assets/Mesh/Mesh_190.asset
 0.5 kb	 0.0% Assets/Mesh/Mesh_187.asset
 0.5 kb	 0.0% Assets/Mesh/Mesh_186.asset
 0.5 kb	 0.0% Assets/Mesh/Mesh_185.asset
 0.5 kb	 0.0% Assets/Mesh/Mesh_184.asset
 0.5 kb	 0.0% Assets/Mesh/Mesh_183.asset
 0.5 kb	 0.0% Assets/Mesh/Mesh_180.asset
 0.5 kb	 0.0% Assets/Mesh/Mesh_179.asset
 0.5 kb	 0.0% Assets/Mesh/Mesh_178.asset
 0.5 kb	 0.0% Assets/Mesh/Mesh_177.asset
 0.5 kb	 0.0% Assets/Mesh/Mesh_176.asset
 0.5 kb	 0.0% Assets/Mesh/Mesh_175.asset
 0.5 kb	 0.0% Assets/Mesh/Mesh_170.asset
 0.5 kb	 0.0% Assets/Mesh/Mesh_168.asset
 0.5 kb	 0.0% Assets/Mesh/Mesh_167.asset
 0.5 kb	 0.0% Assets/Mesh/Mesh_166.asset
 0.5 kb	 0.0% Assets/Mesh/Mesh_165.asset
 0.5 kb	 0.0% Assets/Mesh/Mesh_164.asset
 0.5 kb	 0.0% Assets/Mesh/Mesh_163.asset
 0.5 kb	 0.0% Assets/Mesh/Mesh_162.asset
 0.5 kb	 0.0% Assets/Mesh/Mesh_160.asset
 0.5 kb	 0.0% Assets/Mesh/Mesh_16.asset
 0.5 kb	 0.0% Assets/Mesh/Mesh_157.asset
 0.5 kb	 0.0% Assets/Mesh/Mesh_156.asset
 0.5 kb	 0.0% Assets/Mesh/Mesh_155.asset
 0.5 kb	 0.0% Assets/Mesh/Mesh_154.asset
 0.5 kb	 0.0% Assets/Mesh/Mesh_152.asset
 0.5 kb	 0.0% Assets/Mesh/Mesh_151.asset
 0.5 kb	 0.0% Assets/Mesh/Mesh_148.asset
 0.5 kb	 0.0% Assets/Mesh/Mesh_146.asset
 0.5 kb	 0.0% Assets/Mesh/Mesh_141.asset
 0.5 kb	 0.0% Assets/Mesh/Mesh_140.asset
 0.5 kb	 0.0% Assets/Mesh/Mesh_14.asset
 0.5 kb	 0.0% Assets/Mesh/Mesh_139.asset
 0.5 kb	 0.0% Assets/Mesh/Mesh_138.asset
 0.5 kb	 0.0% Assets/Mesh/Mesh_135.asset
 0.5 kb	 0.0% Assets/Mesh/Mesh_134.asset
 0.5 kb	 0.0% Assets/Mesh/Mesh_13.asset
 0.5 kb	 0.0% Assets/Mesh/Mesh_129.asset
 0.5 kb	 0.0% Assets/Mesh/Mesh_126.asset
 0.5 kb	 0.0% Assets/Mesh/Mesh_125.asset
 0.5 kb	 0.0% Assets/Mesh/Mesh_123.asset
 0.5 kb	 0.0% Assets/Mesh/Mesh_120.asset
 0.5 kb	 0.0% Assets/Mesh/Mesh_12.asset
 0.5 kb	 0.0% Assets/Mesh/Mesh_118.asset
 0.5 kb	 0.0% Assets/Mesh/Mesh_117.asset
 0.5 kb	 0.0% Assets/Mesh/Mesh_116.asset
 0.5 kb	 0.0% Assets/Mesh/Mesh_114.asset
 0.5 kb	 0.0% Assets/Mesh/Mesh_112.asset
 0.5 kb	 0.0% Assets/Mesh/Mesh_110.asset
 0.5 kb	 0.0% Assets/Mesh/Mesh_11.asset
 0.5 kb	 0.0% Assets/Mesh/Mesh_109.asset
 0.5 kb	 0.0% Assets/Mesh/Mesh_108.asset
 0.5 kb	 0.0% Assets/Mesh/Mesh_105.asset
 0.5 kb	 0.0% Assets/Mesh/Mesh_104.asset
 0.5 kb	 0.0% Assets/Mesh/Mesh_103.asset
 0.5 kb	 0.0% Assets/Mesh/Mesh_101.asset
 0.5 kb	 0.0% Assets/Mesh/Mesh_100.asset
 0.5 kb	 0.0% Assets/Mesh/Mesh_10.asset
 0.5 kb	 0.0% Assets/Mesh/Mesh_1.asset
 0.5 kb	 0.0% Assets/Mesh/Mesh_0.asset
 0.5 kb	 0.0% Assets/Mesh/Mesh.asset
 0.5 kb	 0.0% Assets/Mesh/Plane_003.asset
 0.5 kb	 0.0% Assets/Mesh/hill_face.asset
 0.5 kb	 0.0% Assets/Mesh/wall1.asset
 0.5 kb	 0.0% Assets/Mesh/rollup_door.asset
 0.5 kb	 0.0% Assets/Mesh/Plane_2.asset
 0.5 kb	 0.0% Assets/Mesh/Plane_001_0.asset
 0.5 kb	 0.0% Assets/Mesh/Plane_001.asset
 0.5 kb	 0.0% Assets/Mesh/roof.asset
 0.5 kb	 0.0% Assets/Mesh/Quad.asset
 0.5 kb	 0.0% Assets/Mesh/Plane_4.asset
 0.5 kb	 0.0% Assets/Mesh/Plane_1.asset
 0.5 kb	 0.0% Assets/Mesh/laser.asset
 0.5 kb	 0.0% Assets/GameObject/Laser.prefab
 0.5 kb	 0.0% Assets/GameObject/Full Screen Booster Effect.prefab
 0.5 kb	 0.0% Assets/GameObject/CartPrimaryTextureProfile.prefab
 0.4 kb	 0.0% Assets/GameObject/Poof.prefab
 0.4 kb	 0.0% Assets/GameObject/2 - Speedy Spoiler (Truck).prefab
 0.4 kb	 0.0% Assets/Resources/cart assets/spoilers/Truck 6 Spoiler.prefab
 0.4 kb	 0.0% Assets/Resources/cart assets/spoilers/Truck 5 Spoiler.prefab
 0.4 kb	 0.0% Assets/Resources/cart assets/spoilers/Truck 4 Spoiler.prefab
 0.4 kb	 0.0% Assets/Resources/cart assets/spoilers/Truck 3 Spoiler.prefab
 0.4 kb	 0.0% Assets/Resources/cart assets/spoilers/Truck 2 Spoiler.prefab
 0.4 kb	 0.0% Assets/Resources/cart assets/spoilers/Truck 1 Spoiler.prefab
 0.4 kb	 0.0% Assets/Resources/cart assets/spoilers/Kart 6 Spoiler.prefab
 0.4 kb	 0.0% Assets/Resources/cart assets/spoilers/Kart 5 Spoiler.prefab
 0.4 kb	 0.0% Assets/Resources/cart assets/spoilers/Kart 4 Spoiler.prefab
 0.4 kb	 0.0% Assets/Resources/cart assets/spoilers/Kart 3 Spoiler.prefab
 0.4 kb	 0.0% Assets/Resources/cart assets/spoilers/Kart 2 Spoiler.prefab
 0.4 kb	 0.0% Assets/Resources/cart assets/spoilers/Kart 1 Spoiler.prefab
 0.4 kb	 0.0% Assets/Resources/cart assets/scoops/Kart 6 Scoop.prefab
 0.4 kb	 0.0% Assets/Resources/cart assets/scoops/Kart 5 Scoop.prefab
 0.4 kb	 0.0% Assets/Resources/cart assets/scoops/Kart 4 Scoop.prefab
 0.4 kb	 0.0% Assets/Resources/cart assets/scoops/Kart 3 Scoop.prefab
 0.4 kb	 0.0% Assets/Resources/cart assets/scoops/Kart 2 Scoop.prefab
 0.4 kb	 0.0% Assets/Resources/cart assets/scoops/Kart 1 Scoop.prefab
 0.4 kb	 0.0% Assets/Mesh/Hiway_Curve.asset
 0.4 kb	 0.0% Assets/Mesh/Half_Circle.asset
 0.4 kb	 0.0% Assets/Mesh/Down_Ramp.asset
 0.4 kb	 0.0% Assets/GameObject/BubbleJetUP.prefab
 0.4 kb	 0.0% Assets/GameObject/6 - Beastly Spoiler (Truck).prefab
 0.4 kb	 0.0% Built-in Sprite: 
 0.4 kb	 0.0% Assets/GameObject/6 - The Beast (Truck).prefab
 0.4 kb	 0.0% Assets/GameObject/5 - Hogwing (Truck).prefab
 0.4 kb	 0.0% Assets/GameObject/3 - Traktor 3000 (Truck).prefab
 0.4 kb	 0.0% Assets/GameObject/3 - Traktor 3000 (Bike).prefab
 0.4 kb	 0.0% Assets/GameObject/Pyrotechnics particles.prefab
 0.4 kb	 0.0% Assets/GameObject/5 - The Hog-inator (Truck).prefab
 0.4 kb	 0.0% Assets/GameObject/5 - The Hog-inator (Bike).prefab
 0.4 kb	 0.0% Assets/GameObject/4 - Dune Spoiler (Truck).prefab
 0.4 kb	 0.0% Assets/GameObject/3 - Traktor Wing (Truck).prefab
 0.4 kb	 0.0% Assets/GameObject/2 - Speedy Spoiler.prefab
 0.4 kb	 0.0% Assets/GameObject/1 - Lil' Spoiler (Truck).prefab
 0.4 kb	 0.0% Assets/GameObject/6 - The Beast (Bike).prefab
 0.4 kb	 0.0% Assets/GameObject/6 - Infernos (Truck).prefab
 0.4 kb	 0.0% Assets/GameObject/2 - Scorchin' Thrusters (Truck).prefab
 0.4 kb	 0.0% Assets/GameObject/PowerUpDisplay Shield.prefab
 0.4 kb	 0.0% Assets/GameObject/PowerUpDisplay Rocket.prefab
 0.4 kb	 0.0% Assets/GameObject/Meta Finish Newbie Circuit.prefab
 0.4 kb	 0.0% Assets/GameObject/4 - Dune Stomper (Truck).prefab
 0.4 kb	 0.0% Assets/GameObject/4 - Dune Stomper (Bike).prefab
 0.4 kb	 0.0% Assets/GameObject/2 - Speedster (Truck).prefab
 0.4 kb	 0.0% Assets/GameObject/Drift.prefab
 0.4 kb	 0.0% Assets/GameObject/PowerUpDisplay Mine.prefab
 0.4 kb	 0.0% Assets/GameObject/PowerUpDisplay Boost.prefab
 0.4 kb	 0.0% Assets/GameObject/Nav Blip - Locked.prefab
 0.4 kb	 0.0% Assets/GameObject/6 - The Beast.prefab
 0.4 kb	 0.0% Assets/GameObject/6 - Beastly Spoiler.prefab
 0.4 kb	 0.0% Assets/GameObject/3 - Traktor 3000.prefab
 0.4 kb	 0.0% Assets/GameObject/3 - Trak Blasters (Truck).prefab
 0.4 kb	 0.0% Assets/GameObject/1 - Lil' Thrusties (Truck).prefab
 0.4 kb	 0.0% Assets/GameObject/Nav Blip - Owned.prefab
 0.4 kb	 0.0% Assets/GameObject/Hogwing Phineas Custom.prefab
 0.4 kb	 0.0% Assets/GameObject/5 - The Hog-inator.prefab
 0.4 kb	 0.0% Assets/GameObject/5 - Hogwing.prefab
 0.4 kb	 0.0% Assets/GameObject/2 - Speedster (Bike).prefab
 0.4 kb	 0.0% Assets/GameObject/Player Blip.prefab
 0.4 kb	 0.0% Assets/GameObject/Meta Finish Pro Circuit.prefab
 0.4 kb	 0.0% Assets/GameObject/6 - Infernos.prefab
 0.4 kb	 0.0% Assets/GameObject/5 - Hog Burners (Truck).prefab
 0.4 kb	 0.0% Assets/GameObject/4 - Dune Spoiler.prefab
 0.4 kb	 0.0% Assets/GameObject/4 - Dune Blazers (Truck).prefab
 0.4 kb	 0.0% Assets/GameObject/3 - Traktor Wing.prefab
 0.4 kb	 0.0% Assets/GameObject/2 - Scorchin' Thrusters.prefab
 0.4 kb	 0.0% Assets/GameObject/1 - Lil' Spoiler.prefab
 0.4 kb	 0.0% Assets/GameObject/Hogwing Agent P Custom.prefab
 0.4 kb	 0.0% Assets/GameObject/4 - Dune Stomper.prefab
 0.4 kb	 0.0% Assets/GameObject/2 - Speedster.prefab
 0.4 kb	 0.0% Assets/GameObject/Dune Stomper Dipper Custom.prefab
 0.4 kb	 0.0% Assets/GameObject/3 - Trak Blasters.prefab
 0.4 kb	 0.0% Assets/GameObject/1 - Lil' Thrusties.prefab
 0.4 kb	 0.0% Assets/GameObject/The Beast Phineas Custom.prefab
 0.4 kb	 0.0% Assets/GameObject/Speedster Gunther Custom.prefab
 0.4 kb	 0.0% Assets/GameObject/Hogwing Ferb Custom.prefab
 0.4 kb	 0.0% Assets/GameObject/Traktor 3000 Oscar Custom.prefab
 0.4 kb	 0.0% Assets/GameObject/The Hog-inator Mike Custom.prefab
 0.4 kb	 0.0% Assets/GameObject/The Hog-inator Brad Custom.prefab
 0.4 kb	 0.0% Assets/GameObject/Dune Stomper Mabel Custom.prefab
 0.4 kb	 0.0% Assets/GameObject/5 - Hog Burners.prefab
 0.4 kb	 0.0% Assets/GameObject/4 - Dune Blazers.prefab
 0.4 kb	 0.0% Assets/GameObject/Traktor 3000 Milo Custom.prefab
 0.4 kb	 0.0% Assets/GameObject/The Beast Ferb Custom.prefab
 0.4 kb	 0.0% Assets/GameObject/The Beast Agent P Custom.prefab
 0.4 kb	 0.0% Assets/GameObject/Speedster Kick Custom.prefab
 0.4 kb	 0.0% Assets/GameObject/6 - Monster Scoop.prefab
 0.4 kb	 0.0% Assets/GameObject/HitOtherCart.prefab
 0.4 kb	 0.0% Assets/GameObject/Tutorial Collection.prefab
 0.4 kb	 0.0% Assets/GameObject/Traktor 3000 Bea Custom.prefab
 0.4 kb	 0.0% Assets/GameObject/Meta Finish All First Places.prefab
 0.4 kb	 0.0% Assets/GameObject/5 - Scoop-inator.prefab
 0.4 kb	 0.0% Assets/GameObject/4 - Dune Scooper.prefab
 0.4 kb	 0.0% Assets/GameObject/3 - Trak Skoop.prefab
 0.4 kb	 0.0% Assets/GameObject/2 - Speedy Scoop.prefab
 0.4 kb	 0.0% Assets/GameObject/1 - Lil' Scoop.prefab
 0.4 kb	 0.0% Assets/GameObject/Lil Spoiler Gunther Custom.prefab
 0.4 kb	 0.0% Assets/GameObject/Speedy Spoiler Oscar Custom.prefab
 0.4 kb	 0.0% Assets/GameObject/7 - Ultra Tractionizers (Truck).prefab
 0.4 kb	 0.0% Assets/GameObject/Unlock All Characters.prefab
 0.4 kb	 0.0% Assets/GameObject/Speedy Spoiler Milo Custom.prefab
 0.4 kb	 0.0% Assets/GameObject/Speedy Spoiler Bea Custom.prefab
 0.4 kb	 0.0% Assets/GameObject/7 - Ultra Tractionizers (Bike).prefab
 0.4 kb	 0.0% Assets/GameObject/hit laser.prefab
 0.4 kb	 0.0% Assets/Material/fish hooks skybox_0.mat
 0.4 kb	 0.0% Assets/GameObject/Dune Spoiler Mike Custom.prefab
 0.4 kb	 0.0% Assets/GameObject/Dune Spoiler Brad Custom.prefab
 0.4 kb	 0.0% Assets/GameObject/5 - Wheel-inators (Truck).prefab
 0.4 kb	 0.0% Assets/GameObject/3 - Traktor Tires (Truck).prefab
 0.4 kb	 0.0% Assets/GameObject/2 - Speeder Wheels (Truck).prefab
 0.4 kb	 0.0% Assets/GameObject/1 - Lil' Wheelies (Truck).prefab
 0.3 kb	 0.0% Assets/GameObject/DoubleBoost.prefab
 0.3 kb	 0.0% Assets/Material/phineas2 skybox.mat
 0.3 kb	 0.0% Assets/Material/phineas skybox.mat
 0.3 kb	 0.0% Assets/GameObject/Meta Finish Master Circuit.prefab
 0.3 kb	 0.0% Assets/GameObject/Lil Spoiler Kick Custom.prefab
 0.3 kb	 0.0% Assets/GameObject/2 - Speeder Wheels (Bike).prefab
 0.3 kb	 0.0% Assets/GameObject/Infernos Customized Alpha.prefab
 0.3 kb	 0.0% Assets/GameObject/6 - Beast Wheelz (Truck).prefab
 0.3 kb	 0.0% Assets/GameObject/4 - Dune Jumpers (Truck).prefab
 0.3 kb	 0.0% Assets/GameObject/1 - Lil'Kart (Truck).prefab
 0.3 kb	 0.0% Assets/GameObject/1 - Lil'Kart (Bike).prefab
 0.3 kb	 0.0% Assets/GameObject/Infernos Customized Beta.prefab
 0.3 kb	 0.0% Assets/GameObject/Drift Boost Tutorial.prefab
 0.3 kb	 0.0% Assets/GameObject/Beastly Spoiler Custom Beta.prefab
 0.3 kb	 0.0% Assets/GameObject/Beastly Spoiler Custom Alpha.prefab
 0.3 kb	 0.0% Assets/GameObject/7 - Ultra Tractionizers.prefab
 0.3 kb	 0.0% Assets/GameObject/6 - Beast Wheelz (Bike).prefab
 0.3 kb	 0.0% Assets/GameObject/5 - Wheel-inators (Bike).prefab
 0.3 kb	 0.0% Assets/GameObject/4 - Dune Jumpers (Bike).prefab
 0.3 kb	 0.0% Assets/GameObject/3 - Traktor Tires (Bike).prefab
 0.3 kb	 0.0% Assets/GameObject/1 - Lil' Wheelies (Bike).prefab
 0.3 kb	 0.0% Assets/GameObject/Buy a Powerup Tutorial.prefab
 0.3 kb	 0.0% Assets/GameObject/7 - Ultra Tractionizers Custom.prefab
 0.3 kb	 0.0% Assets/GameObject/2 - Speeder Wheels Custom.prefab
 0.3 kb	 0.0% Assets/GameObject/ShockedEngine.prefab
 0.3 kb	 0.0% Assets/GameObject/Hogwing Purple.prefab
 0.3 kb	 0.0% Assets/GameObject/Hogwing Black.prefab
 0.3 kb	 0.0% Assets/GameObject/6 - Beast Wheelz Custom.prefab
 0.3 kb	 0.0% Assets/GameObject/5 - Wheel-inators.prefab
 0.3 kb	 0.0% Assets/GameObject/5 - Wheel-inators Custom.prefab
 0.3 kb	 0.0% Assets/GameObject/4 - Dune Jumpers Custom.prefab
 0.3 kb	 0.0% Assets/GameObject/3 - Traktor Tires.prefab
 0.3 kb	 0.0% Assets/GameObject/3 - Traktor Tires Custom.prefab
 0.3 kb	 0.0% Assets/GameObject/2 - Speeder Wheels.prefab
 0.3 kb	 0.0% Assets/GameObject/1 - Lil' Wheelies.prefab
 0.3 kb	 0.0% Assets/GameObject/1 - Lil Wheelies Custom.prefab
 0.3 kb	 0.0% Assets/GameObject/The Hog-inator Purple.prefab
 0.3 kb	 0.0% Assets/GameObject/Lil Kart No Paint.prefab
 0.3 kb	 0.0% Assets/GameObject/Hogwing Red.prefab
 0.3 kb	 0.0% Assets/GameObject/Hogwing Pink.prefab
 0.3 kb	 0.0% Assets/GameObject/Hogwing Blue.prefab
 0.3 kb	 0.0% Assets/GameObject/Finish The Lap Tutorial.prefab
 0.3 kb	 0.0% Assets/GameObject/Combine a Powerup Tutorial.prefab
 0.3 kb	 0.0% Assets/GameObject/1 - Lil'Kart.prefab
 0.3 kb	 0.0% Assets/GameObject/Traktor 3000 Purple.prefab
 0.3 kb	 0.0% Assets/GameObject/Traktor 3000 Pink.prefab
 0.3 kb	 0.0% Assets/GameObject/Traktor 3000 Blue.prefab
 0.3 kb	 0.0% Assets/GameObject/Traktor 3000 Black.prefab
 0.3 kb	 0.0% Assets/GameObject/Trak Skoop Silver.prefab
 0.3 kb	 0.0% Assets/GameObject/Trak Skoop Copper.prefab
 0.3 kb	 0.0% Assets/GameObject/Trak Skoop Bronze.prefab
 0.3 kb	 0.0% Assets/GameObject/The Hog-inator Red.prefab
 0.3 kb	 0.0% Assets/GameObject/The Hog-inator Pink.prefab
 0.3 kb	 0.0% Assets/GameObject/The Hog-inator Blue.prefab
 0.3 kb	 0.0% Assets/GameObject/The Hog-inator Black.prefab
 0.3 kb	 0.0% Assets/GameObject/Dune Stomper Purple.prefab
 0.3 kb	 0.0% Assets/GameObject/Dune Stomper Pink.prefab
 0.3 kb	 0.0% Assets/GameObject/Dune Stomper Blue.prefab
 0.3 kb	 0.0% Assets/GameObject/Dune Stomper Black.prefab
 0.3 kb	 0.0% Assets/GameObject/6 - Beast Wheelz.prefab
 0.3 kb	 0.0% Assets/GameObject/4 - Dune Jumpers.prefab
 0.3 kb	 0.0% Assets/GameObject/Traktor 3000 Red.prefab
 0.3 kb	 0.0% Assets/GameObject/Trak Skoop Steel.prefab
 0.3 kb	 0.0% Assets/GameObject/Trak Skoop Gold.prefab
 0.3 kb	 0.0% Assets/GameObject/The Beast Red.prefab
 0.3 kb	 0.0% Assets/GameObject/The Beast Purple.prefab
 0.3 kb	 0.0% Assets/GameObject/The Beast Pink.prefab
 0.3 kb	 0.0% Assets/GameObject/The Beast Blue.prefab
 0.3 kb	 0.0% Assets/GameObject/The Beast Black.prefab
 0.3 kb	 0.0% Assets/GameObject/Speedster Red.prefab
 0.3 kb	 0.0% Assets/GameObject/Speedster Purple.prefab
 0.3 kb	 0.0% Assets/GameObject/Speedster Pink.prefab
 0.3 kb	 0.0% Assets/GameObject/Speedster Blue.prefab
 0.3 kb	 0.0% Assets/GameObject/Speedster Black.prefab
 0.3 kb	 0.0% Assets/GameObject/Shadow Blob.prefab
 0.3 kb	 0.0% Assets/GameObject/Scoop-inator Steel.prefab
 0.3 kb	 0.0% Assets/GameObject/Scoop-inator Silver.prefab
 0.3 kb	 0.0% Assets/GameObject/Scoop-inator Gold.prefab
 0.3 kb	 0.0% Assets/GameObject/Scoop-inator Copper.prefab
 0.3 kb	 0.0% Assets/GameObject/Scoop-inator Bronze.prefab
 0.3 kb	 0.0% Assets/GameObject/Equip Level 3 Parts.prefab
 0.3 kb	 0.0% Assets/GameObject/Dune Stomper Red.prefab
 0.3 kb	 0.0% Assets/GameObject/+PlayerInstance.prefab
 0.3 kb	 0.0% Assets/GameObject/Unlock All Cart Thrusters.prefab
 0.3 kb	 0.0% Assets/GameObject/Turn Tutorial.prefab
 0.3 kb	 0.0% Assets/GameObject/The Beast Steel.prefab
 0.3 kb	 0.0% Assets/GameObject/The Beast Silver.prefab
 0.3 kb	 0.0% Assets/GameObject/The Beast Gold.prefab
 0.3 kb	 0.0% Assets/GameObject/The Beast Copper.prefab
 0.3 kb	 0.0% Assets/GameObject/The Beast Bronze.prefab
 0.3 kb	 0.0% Assets/GameObject/Lil Kart Red.prefab
 0.3 kb	 0.0% Assets/GameObject/Drift Tutorial.prefab
 0.3 kb	 0.0% Assets/GameObject/Collect a Powerup Tutorial.prefab
 0.3 kb	 0.0% Assets/GameObject/Exhaust Fire.prefab
 0.3 kb	 0.0% Assets/GameObject/Use a Powerup Tutorial.prefab
 0.3 kb	 0.0% Assets/GameObject/Equip Level 6 Parts.prefab
 0.3 kb	 0.0% Assets/GameObject/Use All Double Powerup Combos.prefab
 0.3 kb	 0.0% Assets/GameObject/Unlock All Cart Spoilers.prefab
 0.3 kb	 0.0% Assets/GameObject/Unlock All Cart Scoops.prefab
 0.3 kb	 0.0% Assets/GameObject/Make Place Phineas 3 Ultra Hard.prefab
 0.3 kb	 0.0% Assets/GameObject/Make Place Kick 3 Ultra Hard.prefab
 0.3 kb	 0.0% Assets/GameObject/Traktor Wing Mabel Custom.prefab
 0.3 kb	 0.0% Assets/GameObject/Traktor Wing Dipper Custom.prefab
 0.3 kb	 0.0% Assets/GameObject/Scorchin' Thrusters Steel.prefab
 0.3 kb	 0.0% Assets/GameObject/Scorchin' Thrusters Silver.prefab
 0.3 kb	 0.0% Assets/GameObject/Scorchin' Thrusters Copper.prefab
 0.3 kb	 0.0% Assets/GameObject/Scorchin' Thrusters Bronze.prefab
 0.3 kb	 0.0% Assets/GameObject/Make Place Kick 1 Ultra Hard.prefab
 0.3 kb	 0.0% Assets/GameObject/Make Place Fish 1 Ultra Hard.prefab
 0.3 kb	 0.0% Assets/GameObject/Pick Up Powerup.prefab
 0.3 kb	 0.0% Assets/GameObject/Exhaust.prefab
 0.3 kb	 0.0% Assets/GameObject/Speedy Spoiler Purple.prefab
 0.3 kb	 0.0% Assets/GameObject/Scorchin' Thrusters Gold.prefab
 0.3 kb	 0.0% Assets/GameObject/Make Place Phineas 3 Medium.prefab
 0.3 kb	 0.0% Assets/GameObject/Make Place Phineas 2 Hard.prefab
 0.3 kb	 0.0% Assets/GameObject/Make Place Phineas 1 Ultra Hard.prefab
 0.3 kb	 0.0% Assets/GameObject/Make Place Kick 3 Medium.prefab
 0.3 kb	 0.0% Assets/GameObject/Make Place Fish 3 Ultra Hard.prefab
 0.3 kb	 0.0% Assets/GameObject/Lil' Thrusties Silver.prefab
 0.3 kb	 0.0% Assets/GameObject/Lil' Thrusties Copper.prefab
 0.3 kb	 0.0% Assets/GameObject/Lil' Thrusties Bronze.prefab
 0.3 kb	 0.0% Assets/GameObject/Beastly Spoiler Purple.prefab
 0.3 kb	 0.0% Assets/GameObject/Beastly Spoiler Black.prefab
 0.3 kb	 0.0% Assets/GameObject/RocketFire.prefab
 0.3 kb	 0.0% Assets/GameObject/Pick Up Coin.prefab
 0.3 kb	 0.0% Assets/Material/particle_4 Material.mat
 0.3 kb	 0.0% Assets/GameObject/Unlock All Cart Wheels.prefab
 0.3 kb	 0.0% Assets/GameObject/Unlock All Cart Bodies.prefab
 0.3 kb	 0.0% Assets/GameObject/Traktor Wing Purple.prefab
 0.3 kb	 0.0% Assets/GameObject/Traktor Wing Pink.prefab
 0.3 kb	 0.0% Assets/GameObject/Traktor Wing Blue.prefab
 0.3 kb	 0.0% Assets/GameObject/Traktor Wing Black.prefab
 0.3 kb	 0.0% Assets/GameObject/Trak Blasters Steel.prefab
 0.3 kb	 0.0% Assets/GameObject/Trak Blasters Silver.prefab
 0.3 kb	 0.0% Assets/GameObject/Trak Blasters Gold.prefab
 0.3 kb	 0.0% Assets/GameObject/Trak Blasters Copper.prefab
 0.3 kb	 0.0% Assets/GameObject/Trak Blasters Bronze.prefab
 0.3 kb	 0.0% Assets/GameObject/Speedy Spoiler Red.prefab
 0.3 kb	 0.0% Assets/GameObject/Speedy Spoiler Pink.prefab
 0.3 kb	 0.0% Assets/GameObject/Speedy Spoiler Blue.prefab
 0.3 kb	 0.0% Assets/GameObject/Speedy Spoiler Black.prefab
 0.3 kb	 0.0% Assets/GameObject/Make Place Phineas 3 Hard.prefab
 0.3 kb	 0.0% Assets/GameObject/Make Place Phineas 3 Easy.prefab
 0.3 kb	 0.0% Assets/GameObject/Make Place Phineas 2 Ultra Hard.prefab
 0.3 kb	 0.0% Assets/GameObject/Make Place Kick 3 Hard.prefab
 0.3 kb	 0.0% Assets/GameObject/Make Place Kick 3 Easy.prefab
 0.3 kb	 0.0% Assets/GameObject/Make Place Fish 1 Medium.prefab
 0.3 kb	 0.0% Assets/GameObject/Lil' Thrusties Steel.prefab
 0.3 kb	 0.0% Assets/GameObject/Lil' Thrusties Gold.prefab
 0.3 kb	 0.0% Assets/GameObject/Lil Spoiler Purple.prefab
 0.3 kb	 0.0% Assets/GameObject/Lil Spoiler Black.prefab
 0.3 kb	 0.0% Assets/GameObject/Hog Burners Steel.prefab
 0.3 kb	 0.0% Assets/GameObject/Hog Burners Silver.prefab
 0.3 kb	 0.0% Assets/GameObject/Hog Burners Copper.prefab
 0.3 kb	 0.0% Assets/GameObject/Hog Burners Bronze.prefab
 0.3 kb	 0.0% Assets/GameObject/Dune Spoiler Purple.prefab
 0.3 kb	 0.0% Assets/GameObject/Dune Spoiler Pink.prefab
 0.3 kb	 0.0% Assets/GameObject/Dune Spoiler Blue.prefab
 0.3 kb	 0.0% Assets/GameObject/Dune Spoiler Black.prefab
 0.3 kb	 0.0% Assets/GameObject/Dune Blazers Steel.prefab
 0.3 kb	 0.0% Assets/GameObject/Dune Blazers Silver.prefab
 0.3 kb	 0.0% Assets/GameObject/Dune Blazers Gold.prefab
 0.3 kb	 0.0% Assets/GameObject/Dune Blazers Copper.prefab
 0.3 kb	 0.0% Assets/GameObject/Dune Blazers Bronze.prefab
 0.3 kb	 0.0% Assets/GameObject/Beastly Spoiler Red.prefab
 0.3 kb	 0.0% Assets/GameObject/Beastly Spoiler Pink.prefab
 0.3 kb	 0.0% Assets/GameObject/Beastly Spoiler Blue.prefab
 0.3 kb	 0.0% Assets/GameObject/Spinout.prefab
 0.3 kb	 0.0% Assets/GameObject/Traktor Wing Red.prefab
 0.3 kb	 0.0% Assets/GameObject/Phineas.prefab
 0.3 kb	 0.0% Assets/GameObject/Make Place Phineas 1 Medium.prefab
 0.3 kb	 0.0% Assets/GameObject/Make Place Kick 1 Medium.prefab
 0.3 kb	 0.0% Assets/GameObject/Make Place Kick 1 Hard.prefab
 0.3 kb	 0.0% Assets/GameObject/Make Place Kick 1 Easy.prefab
 0.3 kb	 0.0% Assets/GameObject/Make Place Fish 3 Medium.prefab
 0.3 kb	 0.0% Assets/GameObject/Make Place Fish 1 Hard.prefab
 0.3 kb	 0.0% Assets/GameObject/Make Place Fish 1 Easy.prefab
 0.3 kb	 0.0% Assets/GameObject/Lil Spoiler Red.prefab
 0.3 kb	 0.0% Assets/GameObject/Lil Spoiler Pink.prefab
 0.3 kb	 0.0% Assets/GameObject/Lil Spoiler Blue.prefab
 0.3 kb	 0.0% Assets/GameObject/Lifetime Rocket Opponent x100.prefab
 0.3 kb	 0.0% Assets/GameObject/Infernos Steel.prefab
 0.3 kb	 0.0% Assets/GameObject/Infernos Silver.prefab
 0.3 kb	 0.0% Assets/GameObject/Infernos Gold.prefab
 0.3 kb	 0.0% Assets/GameObject/Infernos Copper.prefab
 0.3 kb	 0.0% Assets/GameObject/Infernos Bronze.prefab
 0.3 kb	 0.0% Assets/GameObject/Hog Burners Gold.prefab
 0.3 kb	 0.0% Assets/GameObject/Gunther.prefab
 0.3 kb	 0.0% Assets/GameObject/Dune Spoiler Red.prefab
 0.3 kb	 0.0% Assets/GameObject/Dipper.prefab
 0.3 kb	 0.0% Assets/GameObject/Agent P.prefab
 0.3 kb	 0.0% Assets/GameObject/Randy.prefab
 0.3 kb	 0.0% Assets/GameObject/Oscar.prefab
 0.3 kb	 0.0% Assets/GameObject/Make Place Phineas 2 Medium.prefab
 0.3 kb	 0.0% Assets/GameObject/Make Place Phineas 2 Easy.prefab
 0.3 kb	 0.0% Assets/GameObject/Make Place Phineas 1 Hard.prefab
 0.3 kb	 0.0% Assets/GameObject/Make Place Phineas 1 Easy.prefab
 0.3 kb	 0.0% Assets/GameObject/Make Place Kick 2 Ultra Hard.prefab
 0.3 kb	 0.0% Assets/GameObject/Make Place Fish 3 Hard.prefab
 0.3 kb	 0.0% Assets/GameObject/Make Place Fish 3 Easy.prefab
 0.3 kb	 0.0% Assets/GameObject/Make Place Fish 2 Ultra.prefab
 0.3 kb	 0.0% Assets/GameObject/Mabel.prefab
 0.3 kb	 0.0% Assets/GameObject/Crash.prefab
 0.3 kb	 0.0% Assets/GameObject/Unlock All Gravity Characters.prefab
 0.3 kb	 0.0% Assets/GameObject/Speedy Scoop Steel.prefab
 0.3 kb	 0.0% Assets/GameObject/Speedy Scoop Silver.prefab
 0.3 kb	 0.0% Assets/GameObject/Speedy Scoop Gold.prefab
 0.3 kb	 0.0% Assets/GameObject/Speedy Scoop Copper.prefab
 0.3 kb	 0.0% Assets/GameObject/Speedy Scoop Bronze.prefab
 0.3 kb	 0.0% Assets/GameObject/Make Place Kick 2 Medium.prefab
 0.3 kb	 0.0% Assets/GameObject/Make Place Fish 2 Medium.prefab
 0.3 kb	 0.0% Assets/GameObject/Make Place Fish 2 Hard.prefab
 0.3 kb	 0.0% Assets/GameObject/Make Place Fish 2 Easy.prefab
 0.3 kb	 0.0% Assets/GameObject/Lil' Scoop Silver.prefab
 0.3 kb	 0.0% Assets/GameObject/Lil' Scoop Copper.prefab
 0.3 kb	 0.0% Assets/GameObject/Lil' Scoop Bronze.prefab
 0.3 kb	 0.0% Assets/GameObject/Lifetime Rocket Opponent x50.prefab
 0.3 kb	 0.0% Assets/GameObject/Lifetime Mine Opponent x100.prefab
 0.3 kb	 0.0% Assets/GameObject/FirstPlace With no powerups.prefab
 0.3 kb	 0.0% Assets/GameObject/Dune Scooper Steel.prefab
 0.3 kb	 0.0% Assets/GameObject/Dune Scooper Silver.prefab
 0.3 kb	 0.0% Assets/GameObject/Dune Scooper Gold.prefab
 0.3 kb	 0.0% Assets/GameObject/Dune Scooper Copper.prefab
 0.3 kb	 0.0% Assets/GameObject/Dune Scooper Bronze.prefab
 0.3 kb	 0.0% Assets/GameObject/Unlock All PandF Characters.prefab
 0.3 kb	 0.0% Assets/GameObject/Unlock All Fishhooks Characters.prefab
 0.3 kb	 0.0% Assets/GameObject/Make Place Kick 2 Hard.prefab
 0.3 kb	 0.0% Assets/GameObject/Make Place Kick 2 Easy.prefab
 0.3 kb	 0.0% Assets/GameObject/Lil' Scoop Steel.prefab
 0.3 kb	 0.0% Assets/GameObject/Lil' Scoop Gold.prefab
 0.3 kb	 0.0% Assets/GameObject/Lifetime Rocket Opponent x20.prefab
 0.3 kb	 0.0% Assets/GameObject/Lifetime Powerup Purchase x50.prefab
 0.3 kb	 0.0% Assets/GameObject/Lifetime Powerup Purchase x20.prefab
 0.3 kb	 0.0% Assets/GameObject/Lifetime Powerup Purchase x100.prefab
 0.3 kb	 0.0% Assets/GameObject/Lifetime Powerup Collection x100.prefab
 0.3 kb	 0.0% Assets/GameObject/Milo.prefab
 0.3 kb	 0.0% Assets/GameObject/Mike.prefab
 0.3 kb	 0.0% Assets/GameObject/Lifetime Powerup Collection x50.prefab
 0.3 kb	 0.0% Assets/GameObject/Kick.prefab
 0.3 kb	 0.0% Assets/GameObject/Ferb.prefab
 0.3 kb	 0.0% Assets/GameObject/Brad.prefab
 0.3 kb	 0.0% Assets/GameObject/Bea.prefab
 0.3 kb	 0.0% Assets/GameObject/Unlock All Kick Characters.prefab
 0.3 kb	 0.0% Assets/GameObject/Lifetime Powerup Collection x20.prefab
 0.3 kb	 0.0% Assets/GameObject/Lifetime Mine Opponent x50.prefab
 0.3 kb	 0.0% Assets/GameObject/Lifetime Mine Opponent x20.prefab
 0.3 kb	 0.0% Assets/GameObject/First Place Phineas 3.prefab
 0.3 kb	 0.0% Assets/GameObject/Use Powerup Against Opponent Smash.prefab
 0.3 kb	 0.0% Assets/GameObject/Use Powerup Against Opponent Rocket.prefab
 0.3 kb	 0.0% Assets/GameObject/Place wth No powerups.prefab
 0.3 kb	 0.0% Assets/GameObject/First Place in Elimination.prefab
 0.3 kb	 0.0% Assets/GameObject/First Place Kick 3.prefab
 0.3 kb	 0.0% Assets/GameObject/Use Powerup Against Opponent Mine.prefab
 0.3 kb	 0.0% Assets/GameObject/Spend Lifetime Coins x100000.prefab
 0.3 kb	 0.0% Assets/GameObject/Spend Lifetime Coins x10000.prefab
 0.3 kb	 0.0% Assets/GameObject/Spend Lifetime Coins x1000.prefab
 0.3 kb	 0.0% Assets/GameObject/No Thrusters.prefab
 0.3 kb	 0.0% Assets/GameObject/No Spoiler.prefab
 0.3 kb	 0.0% Assets/GameObject/Lifetime In Air x60.prefab
 0.3 kb	 0.0% Assets/GameObject/Lifetime In Air x120.prefab
 0.3 kb	 0.0% Assets/GameObject/First Place Kick 1.prefab
 0.3 kb	 0.0% Assets/GameObject/First Place Fish 3.prefab
 0.3 kb	 0.0% Assets/GameObject/First Place Fish 1.prefab
 0.3 kb	 0.0% Assets/GameObject/First Place Phineas 2.prefab
 0.3 kb	 0.0% Assets/GameObject/First Place Phineas 1.prefab
 0.3 kb	 0.0% Assets/GameObject/Coin Balance x10_000.prefab
 0.3 kb	 0.0% Assets/GameObject/No Scoop.prefab
 0.3 kb	 0.0% Assets/GameObject/Lifetime In Air x300.prefab
 0.3 kb	 0.0% Assets/GameObject/First Place Fish 2.prefab
 0.3 kb	 0.0% Assets/GameObject/Coin Balance x100_000.prefab
 0.3 kb	 0.0% Assets/GameObject/In Race Powerup Pickup Shield.prefab
 0.3 kb	 0.0% Assets/GameObject/First Place Kick 2.prefab
 0.3 kb	 0.0% Assets/GameObject/Coin Balance x1_000.prefab
 0.2 kb	 0.0% Assets/GameObject/In Race Powerup Pickup Rocket.prefab
 0.2 kb	 0.0% Assets/GameObject/Complete All Achievements.prefab
 0.2 kb	 0.0% Assets/Material/Laser.mat
 0.2 kb	 0.0% Assets/GameObject/In Race Powerup Pickup Mine.prefab
 0.2 kb	 0.0% Assets/GameObject/In Race Powerup Pickup Boost.prefab
 0.2 kb	 0.0% Assets/GameObject/Cart Paint Job.prefab
 0.2 kb	 0.0% Assets/Material/texture water.mat
 0.2 kb	 0.0% Assets/GameObject/Use A Double Shield.prefab
 0.2 kb	 0.0% Assets/GameObject/Use A Double Rocket.prefab
 0.2 kb	 0.0% Assets/GameObject/Use A Double Boost.prefab
 0.2 kb	 0.0% Assets/GameObject/Cross Finish Line Backwards.prefab
 0.2 kb	 0.0% Assets/Material/AlphaText.mat
 0.2 kb	 0.0% Assets/GameObject/Use A Double Mine.prefab
 0.2 kb	 0.0% Assets/GameObject/PowerSlide Boost x5.prefab
 0.2 kb	 0.0% Assets/Material/first track uvs.mat
 0.2 kb	 0.0% Assets/Material/phineas ferb tunnel exterior texture.mat
 0.2 kb	 0.0% Assets/GameObject/Freshwater High.prefab
 0.2 kb	 0.0% Assets/Material/phineas and ferb fancy highway.mat
 0.2 kb	 0.0% Assets/GameObject/Danville River.prefab
 0.2 kb	 0.0% Assets/GameObject/Danville Arena.prefab
 0.2 kb	 0.0% Assets/GameObject/7 - Ultra Tractionizers Forms.prefab
 0.2 kb	 0.0% Assets/GameObject/2 - Scorchin' Thrusters Forms.prefab
 0.2 kb	 0.0% Assets/Material/phineas ferb tunnel texture.mat
 0.2 kb	 0.0% Assets/Material/Mobile Cart Part.mat
 0.2 kb	 0.0% Assets/GameObject/Tutorial.prefab
 0.2 kb	 0.0% Assets/GameObject/Pranksgiving.prefab
 0.2 kb	 0.0% Assets/GameObject/Kick Butt!.prefab
 0.2 kb	 0.0% Assets/GameObject/Hokey Poke.prefab
 0.2 kb	 0.0% Assets/GameObject/Fishtankia.prefab
 0.2 kb	 0.0% Assets/GameObject/Dirt Devils.prefab
 0.2 kb	 0.0% Assets/GameObject/Bus Jumper.prefab
 0.2 kb	 0.0% Assets/GameObject/6 - Beastly Spoiler Forms.prefab
 0.2 kb	 0.0% Assets/GameObject/5 - The Wheel-inators Forms.prefab
 0.2 kb	 0.0% Assets/GameObject/Doof's Tower.prefab
 0.2 kb	 0.0% Assets/GameObject/DEBUG.prefab
 0.2 kb	 0.0% Assets/GameObject/6 - Beast Wheelz Forms.prefab
 0.2 kb	 0.0% Assets/GameObject/5 - The Hog-inator Forms.prefab
 0.2 kb	 0.0% Assets/GameObject/5 - Hog Burners Forms.prefab
 0.2 kb	 0.0% Assets/GameObject/4 - Dune Stomper Forms.prefab
 0.2 kb	 0.0% Assets/GameObject/4 - Dune Spoiler Forms.prefab
 0.2 kb	 0.0% Assets/GameObject/4 - Dune Jumpers Forms.prefab
 0.2 kb	 0.0% Assets/GameObject/4 - Dune Blazers Forms.prefab
 0.2 kb	 0.0% Assets/GameObject/3 - Traktor Wing Forms.prefab
 0.2 kb	 0.0% Assets/GameObject/3 - Traktor Tires Forms.prefab
 0.2 kb	 0.0% Assets/GameObject/3 - Traktor 3000 Forms.prefab
 0.2 kb	 0.0% Assets/GameObject/3 - Trak Blasters Forms.prefab
 0.2 kb	 0.0% Assets/GameObject/2 - Speedy Spoiler Forms.prefab
 0.2 kb	 0.0% Assets/GameObject/2 - Speeder Wheels Forms.prefab
 0.2 kb	 0.0% Assets/GameObject/1 - Lil'Wheelie Forms.prefab
 0.2 kb	 0.0% Assets/GameObject/1 - Lil' Thrusties Forms.prefab
 0.2 kb	 0.0% Assets/GameObject/1 - Lil' Spoiler Forms.prefab
 0.2 kb	 0.0% Assets/Material/fish hooks exterior terrain weird.mat
 0.2 kb	 0.0% Assets/Material/fish hooks exterior terrain weird 1.mat
 0.2 kb	 0.0% Assets/Material/fish hooks exterior terrain grass.mat
 0.2 kb	 0.0% Assets/Material/fish hooks decorations spiky shell.mat
 0.2 kb	 0.0% Assets/Material/fish hooks decorations round shell.mat
 0.2 kb	 0.0% Assets/Material/fish hook school exterior wall bare.mat
 0.2 kb	 0.0% Assets/Material/fish hook school exterior stairs top.mat
 0.2 kb	 0.0% Assets/Material/fish hook school exterior front door.mat
 0.2 kb	 0.0% Assets/Material/None__fish_hook_cliff_face_earth_psd.mat
 0.2 kb	 0.0% Assets/GameObject/6 - The Beast Forms.prefab
 0.2 kb	 0.0% Assets/GameObject/6 - Infernos Forms.prefab
 0.2 kb	 0.0% Assets/GameObject/5 - Hogwing Forms.prefab
 0.2 kb	 0.0% Assets/GameObject/2 - Speedster Forms.prefab
 0.2 kb	 0.0% Assets/GameObject/1 - Lil'Kart Forms.prefab
 0.2 kb	 0.0% Assets/Material/kick big screen.mat
 0.2 kb	 0.0% Assets/Material/fish hooks school mini columns.mat
 0.2 kb	 0.0% Assets/Material/fish hooks interior walls clean.mat
 0.2 kb	 0.0% Assets/Material/fish hook school exterior wall.mat
 0.2 kb	 0.0% Assets/Material/fish hook school exterior stairs.mat
 0.2 kb	 0.0% Assets/Material/fish hook interior court ground.mat
 0.2 kb	 0.0% Assets/MonoBehaviour/Dialog Inner Dialog lighter 1.asset
 0.2 kb	 0.0% Assets/MonoBehaviour/Dialog Inner Dialog LightGreen.asset
 0.2 kb	 0.0% Assets/Material/speed strip.mat
 0.2 kb	 0.0% Assets/Material/garage exit.mat
 0.2 kb	 0.0% Assets/Material/fish hooks track main road_1.mat
 0.2 kb	 0.0% Assets/Material/fish hooks track main road_0.mat
 0.2 kb	 0.0% Assets/Material/fish hooks track main road.mat
 0.2 kb	 0.0% Assets/Material/fish hooks interior walls.mat
 0.2 kb	 0.0% Assets/Material/fish hooks football stadium.mat
 0.2 kb	 0.0% Assets/Material/fish hooks football field.mat
 0.2 kb	 0.0% Assets/Material/fish hooks exterior terrain.mat
 0.2 kb	 0.0% Assets/Material/fish hooks decorations clam_0.mat
 0.2 kb	 0.0% Assets/Material/fish hooks decorations clam.mat
 0.2 kb	 0.0% Assets/Material/fish hooks decoration flute.mat
 0.2 kb	 0.0% Assets/Material/fish hook interior ground_.mat
 0.2 kb	 0.0% Assets/Material/fish hook interior ceiling.mat
 0.2 kb	 0.0% Assets/Material/fish hook cliff face weird.mat
 0.2 kb	 0.0% Assets/Material/fish hook cliff face earth.mat
 0.2 kb	 0.0% Assets/Material/None__fish_hooks_casltel_psd.mat
 0.2 kb	 0.0% Assets/Material/Blocker SpriteAtlas.mat
 0.2 kb	 0.0% Assets/GameObject/+Localize.prefab
 0.2 kb	 0.0% Assets/MonoBehaviour/Square Button - MouseOver.asset
 0.2 kb	 0.0% Assets/MonoBehaviour/Dialog Inner Dialog lighter.asset
 0.2 kb	 0.0% Assets/MonoBehaviour/Category Square On - Normal.asset
 0.2 kb	 0.0% Assets/MonoBehaviour/Category Square On - Active.asset
 0.2 kb	 0.0% Assets/MonoBehaviour/Category Rounded On - Normal.asset
 0.2 kb	 0.0% Assets/MonoBehaviour/Category Rounded On - Active.asset
 0.2 kb	 0.0% Assets/MonoBehaviour/Category Rounded - Normal.asset
 0.2 kb	 0.0% Assets/Material/fish hooks track lines_0.mat
 0.2 kb	 0.0% Assets/Material/fish hooks track lines.mat
 0.2 kb	 0.0% Assets/Material/fish hooks school relief.mat
 0.2 kb	 0.0% Assets/Material/fish hooks school bottom_0.mat
 0.2 kb	 0.0% Assets/Material/fish hooks school bottom.mat
 0.2 kb	 0.0% Assets/Material/fish hooks cliff thing.mat
 0.2 kb	 0.0% Assets/Material/fish hooks cliff thing 2.mat
 0.2 kb	 0.0% Assets/Material/None__Castle_Castle_tga.mat
 0.2 kb	 0.0% Assets/Material/HokeyPokeDiner_Octopus.mat
 0.2 kb	 0.0% Assets/Material/Goal-Flag-plants-coral.mat
 0.2 kb	 0.0% Assets/MonoBehaviour/Red Button - MouseOver.asset
 0.2 kb	 0.0% Assets/MonoBehaviour/Powerup - DISABLED DOWN.asset
 0.2 kb	 0.0% Assets/MonoBehaviour/Full Brackets MouseOver.asset
 0.2 kb	 0.0% Assets/MonoBehaviour/Full Brackets - Active.asset
 0.2 kb	 0.0% Assets/MonoBehaviour/Enemy Behind Indicator.asset
 0.2 kb	 0.0% Assets/MonoBehaviour/Enemy Ahead Indicator.asset
 0.2 kb	 0.0% Assets/MonoBehaviour/Disney button MouseOver.asset
 0.2 kb	 0.0% Assets/MonoBehaviour/Category Square - Normal.asset
 0.2 kb	 0.0% Assets/MonoBehaviour/Category Square - Active.asset
 0.2 kb	 0.0% Assets/MonoBehaviour/Car Customizer Button.asset
 0.2 kb	 0.0% Assets/MonoBehaviour/Buy Powerup - MouseOver.asset
 0.2 kb	 0.0% Assets/MonoBehaviour/Buy Powerup - Disabled.asset
 0.2 kb	 0.0% Assets/Material/ramp_0.mat
 0.2 kb	 0.0% Assets/Material/fish hooks boulder.mat
 0.2 kb	 0.0% Assets/Material/Material_002__Screen.mat
 0.2 kb	 0.0% Assets/Material/HokeyPokeDiner_Ship.mat
 0.2 kb	 0.0% Assets/Material/Fishtankia-Tree-01.mat
 0.2 kb	 0.0% Assets/Material/Fishtankia Tree 04.mat
 0.2 kb	 0.0% Assets/Material/Fishtankia Tree 03.mat
 0.2 kb	 0.0% Assets/Material/Fishtankia Tree 02.mat
 0.2 kb	 0.0% Assets/GameObject/No Thruster Paint.prefab
 0.2 kb	 0.0% Assets/MonoBehaviour/traffic light unlit.asset
 0.2 kb	 0.0% Assets/MonoBehaviour/traffic light Yellow.asset
 0.2 kb	 0.0% Assets/MonoBehaviour/traffic light Red.asset
 0.2 kb	 0.0% Assets/MonoBehaviour/traffic light Green.asset
 0.2 kb	 0.0% Assets/MonoBehaviour/full screen booster.asset
 0.2 kb	 0.0% Assets/MonoBehaviour/Turkey - Startled.asset
 0.2 kb	 0.0% Assets/MonoBehaviour/Stat Bar Positive_0.asset
 0.2 kb	 0.0% Assets/MonoBehaviour/Stat Bar Positive.asset
 0.2 kb	 0.0% Assets/MonoBehaviour/Stat Bar Negative_0.asset
 0.2 kb	 0.0% Assets/MonoBehaviour/Stat Bar Negative.asset
 0.2 kb	 0.0% Assets/MonoBehaviour/Square Button - Down.asset
 0.2 kb	 0.0% Assets/MonoBehaviour/Red Button - Active.asset
 0.2 kb	 0.0% Assets/MonoBehaviour/Pause - MouseOver.asset
 0.2 kb	 0.0% Assets/MonoBehaviour/Drive - Normal DOWN.asset
 0.2 kb	 0.0% Assets/MonoBehaviour/Disney button DOWN.asset
 0.2 kb	 0.0% Assets/MonoBehaviour/Dialog Inner Dialog_0.asset
 0.2 kb	 0.0% Assets/MonoBehaviour/Dialog Inner Dialog.asset
 0.2 kb	 0.0% Assets/MonoBehaviour/Custom Blip Unlocked.asset
 0.2 kb	 0.0% Assets/MonoBehaviour/Custom Blip Selected.asset
 0.2 kb	 0.0% Assets/MonoBehaviour/Custom Blip Locked.asset
 0.2 kb	 0.0% Assets/MonoBehaviour/CheckeredFlagHeader.asset
 0.2 kb	 0.0% Assets/MonoBehaviour/Buy Powerup - Normal.asset
 0.2 kb	 0.0% Assets/MonoBehaviour/Buy Powerup - DOWN.asset
 0.2 kb	 0.0% Assets/MonoBehaviour/Blocker Invisible.asset
 0.2 kb	 0.0% Assets/Material/LaserWall.mat
 0.2 kb	 0.0% Assets/Material/Circuit Icon.mat
 0.2 kb	 0.0% Assets/GameObject/No Spoiler Paint.prefab
 0.2 kb	 0.0% Assets/GameObject/No Scoop Paint.prefab
 0.2 kb	 0.0% Assets/MonoBehaviour/splash icloud.asset
 0.2 kb	 0.0% Assets/MonoBehaviour/Tutorial Arrow.asset
 0.2 kb	 0.0% Assets/MonoBehaviour/Turkey - Smile.asset
 0.2 kb	 0.0% Assets/MonoBehaviour/TrophySilhouette.asset
 0.2 kb	 0.0% Assets/MonoBehaviour/Trophy Button.asset
 0.2 kb	 0.0% Assets/MonoBehaviour/Stat Bar Stat.asset
 0.2 kb	 0.0% Assets/MonoBehaviour/Stat Bar Back_0.asset
 0.2 kb	 0.0% Assets/MonoBehaviour/Stat Bar Back.asset
 0.2 kb	 0.0% Assets/MonoBehaviour/Square Button.asset
 0.2 kb	 0.0% Assets/MonoBehaviour/Shifter Stick.asset
 0.2 kb	 0.0% Assets/MonoBehaviour/PowerupSHIELD.asset
 0.2 kb	 0.0% Assets/MonoBehaviour/PowerupMISSILE.asset
 0.2 kb	 0.0% Assets/MonoBehaviour/Powerup - Normal.asset
 0.2 kb	 0.0% Assets/MonoBehaviour/Powerup - DOWN.asset
 0.2 kb	 0.0% Assets/MonoBehaviour/Player Indicator.asset
 0.2 kb	 0.0% Assets/MonoBehaviour/Pause - Normal.asset
 0.2 kb	 0.0% Assets/MonoBehaviour/Options Button.asset
 0.2 kb	 0.0% Assets/MonoBehaviour/IconRetryArrow.asset
 0.2 kb	 0.0% Assets/MonoBehaviour/IconCheckmark.asset
 0.2 kb	 0.0% Assets/MonoBehaviour/Icon - Wheels.asset
 0.2 kb	 0.0% Assets/MonoBehaviour/Icon - Thruster.asset
 0.2 kb	 0.0% Assets/MonoBehaviour/Icon - Spoiler.asset
 0.2 kb	 0.0% Assets/MonoBehaviour/GamecenterLogo.asset
 0.2 kb	 0.0% Assets/MonoBehaviour/Full Brackets.asset
 0.2 kb	 0.0% Assets/MonoBehaviour/Drive - Normal.asset
 0.2 kb	 0.0% Assets/MonoBehaviour/Disney-XD-logo.asset
 0.2 kb	 0.0% Assets/MonoBehaviour/Disney button.asset
 0.2 kb	 0.0% Assets/MonoBehaviour/Coin MouseOver.asset
 0.2 kb	 0.0% Assets/MonoBehaviour/CategoryFrame.asset
 0.2 kb	 0.0% Assets/MonoBehaviour/Brake - Normal.asset
 0.2 kb	 0.0% Assets/MonoBehaviour/Arrow Over DOWN.asset
 0.2 kb	 0.0% Assets/MonoBehaviour/Arrow MouseOver.asset
 0.2 kb	 0.0% Assets/Material/fish school.mat
 0.2 kb	 0.0% Assets/Material/Track01-sign.mat
 0.2 kb	 0.0% Packages/com.unity.purchasing/Runtime/Stores/Android/GooglePlay/AAR/Models/ExternalBillingProgramClientInternal.cs
 0.2 kb	 0.0% Packages/com.unity.multiplayer.center/Common/IOnboardingSectionAnalyticsProvider.cs
 0.2 kb	 0.0% Assets/MonoBehaviour/sound icon.asset
 0.2 kb	 0.0% Assets/MonoBehaviour/music icon.asset
 0.2 kb	 0.0% Assets/MonoBehaviour/mine notify.asset
 0.2 kb	 0.0% Assets/MonoBehaviour/icon-Truck.asset
 0.2 kb	 0.0% Assets/MonoBehaviour/icon-Trike.asset
 0.2 kb	 0.0% Assets/MonoBehaviour/icon-Bike.asset
 0.2 kb	 0.0% Assets/MonoBehaviour/copyright.asset
 0.2 kb	 0.0% Assets/MonoBehaviour/coins ultra.asset
 0.2 kb	 0.0% Assets/MonoBehaviour/coins super.asset
 0.2 kb	 0.0% Assets/MonoBehaviour/coins mega.asset
 0.2 kb	 0.0% Assets/MonoBehaviour/TrophySILVER.asset
 0.2 kb	 0.0% Assets/MonoBehaviour/TrophyGOLD.asset
 0.2 kb	 0.0% Assets/MonoBehaviour/TrophyBRONZE.asset
 0.2 kb	 0.0% Assets/MonoBehaviour/ScreenFade.asset
 0.2 kb	 0.0% Assets/MonoBehaviour/ResultsBox.asset
 0.2 kb	 0.0% Assets/MonoBehaviour/Red Button.asset
 0.2 kb	 0.0% Assets/MonoBehaviour/PowerupMINE.asset
 0.2 kb	 0.0% Assets/MonoBehaviour/PowerupBOOST.asset
 0.2 kb	 0.0% Assets/MonoBehaviour/Phineas 3.asset
 0.2 kb	 0.0% Assets/MonoBehaviour/Phineas 2.asset
 0.2 kb	 0.0% Assets/MonoBehaviour/Phineas 1.asset
 0.2 kb	 0.0% Assets/MonoBehaviour/Pause - DOWN.asset
 0.2 kb	 0.0% Assets/MonoBehaviour/IconTracks.asset
 0.2 kb	 0.0% Assets/MonoBehaviour/IconStunts.asset
 0.2 kb	 0.0% Assets/MonoBehaviour/IconCoins.asset
 0.2 kb	 0.0% Assets/MonoBehaviour/Icon - Scoop.asset
 0.2 kb	 0.0% Assets/MonoBehaviour/Icon - Body.asset
 0.2 kb	 0.0% Assets/MonoBehaviour/Flag Button.asset
 0.2 kb	 0.0% Assets/MonoBehaviour/Fish Hooks 3.asset
 0.2 kb	 0.0% Assets/MonoBehaviour/Fish Hooks 2.asset
 0.2 kb	 0.0% Assets/MonoBehaviour/Fish Hooks 1.asset
 0.2 kb	 0.0% Assets/MonoBehaviour/Finish Line.asset
 0.2 kb	 0.0% Assets/MonoBehaviour/DisneyMobile.asset
 0.2 kb	 0.0% Assets/MonoBehaviour/DialogTrim.asset
 0.2 kb	 0.0% Assets/MonoBehaviour/DATG logo.asset
 0.2 kb	 0.0% Assets/MonoBehaviour/Coin DOWN.asset
 0.2 kb	 0.0% Assets/MonoBehaviour/CheckerEND.asset
 0.2 kb	 0.0% Assets/MonoBehaviour/Brake - DOWN.asset
 0.2 kb	 0.0% Assets/MonoBehaviour/Arrow Over.asset
 0.2 kb	 0.0% Assets/Material/ScubaGuy.mat
 0.2 kb	 0.0% Packages/com.unity.services.core/Runtime/Configuration/StreamingAssetsConfigurationLoader.cs
 0.2 kb	 0.0% Assets/MonoBehaviour/Randy.asset
 0.2 kb	 0.0% Assets/MonoBehaviour/PieSplat.asset
 0.2 kb	 0.0% Assets/MonoBehaviour/Phineas.asset
 0.2 kb	 0.0% Assets/MonoBehaviour/Oscar.asset
 0.2 kb	 0.0% Assets/MonoBehaviour/Mirror.asset
 0.2 kb	 0.0% Assets/MonoBehaviour/Mabel.asset
 0.2 kb	 0.0% Assets/MonoBehaviour/Kick 3.asset
 0.2 kb	 0.0% Assets/MonoBehaviour/Kick 2.asset
 0.2 kb	 0.0% Assets/MonoBehaviour/Kick 1.asset
 0.2 kb	 0.0% Assets/MonoBehaviour/IconMisc.asset
 0.2 kb	 0.0% Assets/MonoBehaviour/Gunther.asset
 0.2 kb	 0.0% Assets/MonoBehaviour/Graveck.asset
 0.2 kb	 0.0% Assets/MonoBehaviour/Funds.asset
 0.2 kb	 0.0% Assets/MonoBehaviour/Dipper.asset
 0.2 kb	 0.0% Assets/MonoBehaviour/Dialog.asset
 0.2 kb	 0.0% Assets/MonoBehaviour/Crash.asset
 0.2 kb	 0.0% Assets/MonoBehaviour/CoinBox.asset
 0.2 kb	 0.0% Assets/MonoBehaviour/Burst.asset
 0.2 kb	 0.0% Assets/MonoBehaviour/Blocker.asset
 0.2 kb	 0.0% Assets/MonoBehaviour/AgentP.asset
 0.2 kb	 0.0% Assets/Material/garage hall wall and floor.mat
 0.2 kb	 0.0% Assets/Material/Tripwire Shield.mat
 0.2 kb	 0.0% Assets/Material/Shield Double.mat
 0.2 kb	 0.0% Assets/Material/Magnet Shield.mat
 0.2 kb	 0.0% Packages/com.unity.purchasing/Runtime/Stores/Android/GooglePlay/AAR/Models/BillingProgramReportingDetails.cs
 0.2 kb	 0.0% Packages/com.unity.purchasing/Runtime/Stores/Android/GooglePlay/AAR/Interfaces/IProductDetailsResponseConsolidator.cs
 0.2 kb	 0.0% Assets/MonoBehaviour/lock.asset
 0.2 kb	 0.0% Assets/MonoBehaviour/Vent.asset
 0.2 kb	 0.0% Assets/MonoBehaviour/Soos.asset
 0.2 kb	 0.0% Assets/MonoBehaviour/Milo.asset
 0.2 kb	 0.0% Assets/MonoBehaviour/Mike.asset
 0.2 kb	 0.0% Assets/MonoBehaviour/Kick.asset
 0.2 kb	 0.0% Assets/MonoBehaviour/Ferb.asset
 0.2 kb	 0.0% Assets/MonoBehaviour/Coin_0.asset
 0.2 kb	 0.0% Assets/MonoBehaviour/Coin.asset
 0.2 kb	 0.0% Assets/MonoBehaviour/Brad.asset
 0.2 kb	 0.0% Assets/MonoBehaviour/Bolt.asset
 0.2 kb	 0.0% Assets/MonoBehaviour/Bea.asset
 0.2 kb	 0.0% Assets/MonoBehaviour/Bar.asset
 0.2 kb	 0.0% Assets/Material/MineWarning.mat
 0.2 kb	 0.0% Assets/GameObject/+DataUtility.prefab
 0.2 kb	 0.0% Packages/com.unity.services.core/Runtime/Configuration/SerializableProjectConfiguration.cs
 0.2 kb	 0.0% Packages/com.unity.services.core/Runtime/Configuration/ConfigurationCollectionHelper.cs
 0.2 kb	 0.0% Packages/com.unity.purchasing/Runtime/Stores/AppleAppStore/AppleJsonProductDescriptionsDeserializer.cs
 0.2 kb	 0.0% Packages/com.unity.purchasing/Runtime/Stores/Android/GooglePlay/Services/GooglePlayStoreRetrieveProductsService.cs
 0.2 kb	 0.0% Packages/com.unity.purchasing/Runtime/Stores/Android/GooglePlay/Services/GooglePlayStoreFinishTransactionService.cs
 0.2 kb	 0.0% Packages/com.unity.purchasing/Runtime/Stores/Android/GooglePlay/Interfaces/Services/IGooglePlayStoreRetrieveProductsService.cs
 0.2 kb	 0.0% Packages/com.unity.purchasing/Runtime/Stores/Android/GooglePlay/Interfaces/Services/IGooglePlayStoreFinishTransactionService.cs
 0.2 kb	 0.0% Packages/com.unity.purchasing/Runtime/Stores/Android/GooglePlay/AAR/Listeners/BillingProgramReportingDetailsListener.cs
 0.2 kb	 0.0% Packages/com.unity.purchasing/Runtime/Stores/Android/GooglePlay/AAR/Interfaces/IGoogleCachedQueryProductDetailsService.cs
 0.2 kb	 0.0% Assets/Material/phineas ferb tunnel exterior texture 1.mat
 0.2 kb	 0.0% Assets/Material/kick stadium piece.mat
 0.2 kb	 0.0% Assets/Material/garage other screen.mat
 0.2 kb	 0.0% Assets/Material/garage lift bottom.mat
 0.2 kb	 0.0% Assets/Material/garage electro box.mat
 0.2 kb	 0.0% Assets/Material/Shield 1.mat
 0.2 kb	 0.0% Assets/Material/CCUpUpAndAway Front End Header Shadow.mat
 0.2 kb	 0.0% Assets/Material/CCUpUpAndAway Back End Header  Shadow.mat
 0.2 kb	 0.0% Packages/com.unity.services.core/Runtime/Core.Internal/Components/Telemetry/IDiagnosticsComponentProvider.cs
 0.2 kb	 0.0% Packages/com.unity.services.core/Runtime/Core.Internal/Components/Analytics/IAnalyticsStandardEventComponent.cs
 0.2 kb	 0.0% Packages/com.unity.purchasing/Runtime/Stores/Android/GooglePlay/AAR/Models/ExternalBillingProgramClient.cs
 0.2 kb	 0.0% Packages/com.unity.purchasing/Runtime/Stores/Android/GooglePlay/AAR/Interfaces/IGooglePurchaseUpdatedListener.cs
 0.2 kb	 0.0% Packages/com.unity.purchasing/Runtime/Stores/Android/GooglePlay/AAR/Interfaces/IGooglePurchaseStateEnumProvider.cs
 0.2 kb	 0.0% Packages/com.unity.purchasing/Runtime/Stores/Android/GooglePlay/AAR/Interfaces/IGoogleLastKnownProductService.cs
 0.2 kb	 0.0% Packages/com.unity.purchasing/Runtime/Stores/Android/GooglePlay/AAR/Interfaces/IGoogleFinishTransactionService.cs
 0.2 kb	 0.0% Packages/com.unity.purchasing/Runtime/Stores/Android/GooglePlay/AAR/GoogleCachedQuerySkuDetailsService.cs
 0.2 kb	 0.0% Assets/Material/robot phineas.mat
 0.2 kb	 0.0% Assets/Material/kick scorebox.mat
 0.2 kb	 0.0% Assets/Material/inline ramp uvs.mat
 0.2 kb	 0.0% Assets/Material/OtherUI SpriteAtlas.mat
 0.2 kb	 0.0% Assets/GameObject/+Screen Timeout Controller.prefab
 0.2 kb	 0.0% Packages/com.unity.services.core/Runtime/Telemetry/Diagnotstics/DisabledDiagnosticsFactory.cs
 0.2 kb	 0.0% Packages/com.unity.services.core/Runtime/Scheduler/ScheduledInvocationComparer.cs
 0.2 kb	 0.0% Packages/com.unity.services.core/Runtime/Environments/EnvironmentsOptionsExtensions.cs
 0.2 kb	 0.0% Packages/com.unity.services.core/Runtime/Core.Internal/Registry/DependencyTreeInitializeOrderSorter.cs
 0.2 kb	 0.0% Packages/com.unity.services.core/Runtime/Configuration/MemoryConfigurationLoader.cs
 0.2 kb	 0.0% Packages/com.unity.purchasing/Runtime/Stores/Android/GooglePlay/MetricizedGooglePlayStoreExtensions.cs
 0.2 kb	 0.0% Packages/com.unity.purchasing/Runtime/Stores/Android/GooglePlay/Interfaces/IGooglePlayStoreExtensionsInternal.cs
 0.2 kb	 0.0% Packages/com.unity.purchasing/Runtime/Stores/Android/GooglePlay/GetGoogleProductMetadataExtension.cs
 0.2 kb	 0.0% Packages/com.unity.purchasing/Runtime/Stores/Android/GooglePlay/AAR/ProductDetailsResponseConsolidator.cs
 0.2 kb	 0.0% Packages/com.unity.purchasing/Runtime/Stores/Android/GooglePlay/AAR/Models/GooglePurchaseStateEnumProvider.cs
 0.2 kb	 0.0% Packages/com.unity.purchasing/Runtime/Stores/Android/GooglePlay/AAR/Listeners/LaunchExternalLinkResponseListener.cs
 0.2 kb	 0.0% Packages/com.unity.purchasing/Runtime/Stores/Android/GooglePlay/AAR/Listeners/GoogleAcknowledgePurchaseListener.cs
 0.2 kb	 0.0% Packages/com.unity.purchasing/Runtime/Stores/Android/GooglePlay/AAR/Listeners/BillingProgramAvailabilityListener.cs
 0.2 kb	 0.0% Packages/com.unity.purchasing/Runtime/Purchasing/Telemetry/Diagnostics/TelemetryDiagnosticsInstanceWrapper.cs
 0.2 kb	 0.0% Packages/com.unity.purchasing/Runtime/Purchasing/Telemetry/Diagnostics/Interfaces/ITelemetryDiagnosticsInstanceWrapper.cs
 0.2 kb	 0.0% Assets/Material/phineas underpass exit tunnel.mat
 0.2 kb	 0.0% Assets/Material/arrow sign.mat
 0.2 kb	 0.0% Assets/Material/Horizontal strays SpriteAtlas.mat
 0.2 kb	 0.0% Assets/Material/CCUpUpAndAway Front End Header.mat
 0.2 kb	 0.0% Assets/Material/CCUpUpAndAway Back End Header.mat
 0.2 kb	 0.0% Assets/Material/Blocker Invisible SpriteAtlas.mat
 0.2 kb	 0.0% Assets/Material/100% Dark Grey.mat
 0.2 kb	 0.0% Packages/com.unity.services.analytics/Runtime/StandardEventServiceComponent.cs
 0.2 kb	 0.0% Packages/com.unity.services.analytics/Runtime/AnalyticsUserIdServiceComponent.cs
 0.2 kb	 0.0% Packages/com.unity.purchasing/Runtime/Stores/ServicesCore/IapCoreInitializeCallback.cs
 0.2 kb	 0.0% Packages/com.unity.purchasing/Runtime/Stores/Android/GooglePlay/AAR/Interfaces/IQueryProductDetailsService.cs
 0.2 kb	 0.0% Packages/com.unity.purchasing/Runtime/Stores/Android/GooglePlay/AAR/Interfaces/IGoogleQueryPurchasesService.cs
 0.2 kb	 0.0% Packages/com.unity.purchasing/Runtime/Stores/Android/GooglePlay/AAR/Interfaces/IBillingClientStateListener.cs
 0.2 kb	 0.0% Assets/Material/fish hook exterior ground__0.mat
 0.2 kb	 0.0% Assets/Material/fish hook exterior ground_.mat
 0.2 kb	 0.0% Assets/Material/danville arena texture uvs.mat
 0.2 kb	 0.0% Assets/Material/building1_14-01 - default.mat
 0.2 kb	 0.0% Assets/Material/White Fade.mat
 0.2 kb	 0.0% Assets/Material/Street to Dirt Transition.mat
 0.2 kb	 0.0% Assets/Material/None__kick_stadium_piece_psd.mat
 0.2 kb	 0.0% Assets/Material/Nav Bar Shifter SpriteAtlas.mat
 0.2 kb	 0.0% Assets/Material/Multi-Use Icons SpriteAtlas.mat
 0.2 kb	 0.0% Assets/Material/Loading Circle White Alpha.mat
 0.2 kb	 0.0% Assets/Material/Level Previews SpriteAtlas.mat
 0.2 kb	 0.0% Assets/Material/Kart Customizer SpriteAtlas.mat
 0.2 kb	 0.0% Assets/Material/CCUpUpAndAway Dark Dark Blue.mat
 0.2 kb	 0.0% Assets/GameObject/GameCenterManager.prefab
 0.2 kb	 0.0% Packages/com.unity.services.core/Runtime/Threading/UnityThreadUtilsInternal.cs
 0.2 kb	 0.0% Packages/com.unity.services.core/Runtime/Telemetry/Metrics/DisabledMetricsFactory.cs
 0.2 kb	 0.0% Packages/com.unity.services.core/Runtime/Core.Internal/Components/Configuration/IProjectConfiguration.cs
 0.2 kb	 0.0% Packages/com.unity.services.core/Runtime/Configuration/ConfigurationResetter.cs
 0.2 kb	 0.0% Packages/com.unity.services.core/Runtime/Components/ServicesInitializationEvents.cs
 0.2 kb	 0.0% Packages/com.unity.services.core/Runtime/Analytics/AnalyticsOptionsExtensions.cs
 0.2 kb	 0.0% Packages/com.unity.purchasing/Runtime/Stores/TransactionHistory/ITransactionHistoryExtensions.cs
 0.2 kb	 0.0% Packages/com.unity.purchasing/Runtime/Stores/TransactionHistory/FakeTransactionHistoryExtensions.cs
 0.2 kb	 0.0% Packages/com.unity.purchasing/Runtime/Stores/AppleAppStore/GetAppleProductMetadataExtension.cs
 0.2 kb	 0.0% Packages/com.unity.purchasing/Runtime/Stores/Android/GooglePlay/StoreCallbackExtensionMethods.cs
 0.2 kb	 0.0% Packages/com.unity.purchasing/Runtime/Stores/Android/GooglePlay/Services/GooglePlayStorePurchaseService.cs
 0.2 kb	 0.0% Packages/com.unity.purchasing/Runtime/Stores/Android/GooglePlay/Interfaces/Services/IGooglePlayStorePurchaseService.cs
 0.2 kb	 0.0% Packages/com.unity.purchasing/Runtime/Stores/Android/GooglePlay/Interfaces/IGooglePlayConfigurationInternal.cs
 0.2 kb	 0.0% Packages/com.unity.purchasing/Runtime/Stores/Android/GooglePlay/FakeGooglePlayStoreExtensions.cs
 0.2 kb	 0.0% Packages/com.unity.purchasing/Runtime/Stores/Android/GooglePlay/FakeGooglePlayStoreConfiguration.cs
 0.2 kb	 0.0% Packages/com.unity.purchasing/Runtime/Stores/Android/GooglePlay/AAR/MetricizedGooglePlayStoreService.cs
 0.2 kb	 0.0% Packages/com.unity.purchasing/Runtime/Stores/Android/GooglePlay/AAR/Listeners/ProductDetailsResponseListener.cs
 0.2 kb	 0.0% Packages/com.unity.purchasing/Runtime/Stores/Android/GooglePlay/AAR/Listeners/GooglePurchasesResponseListener.cs
 0.2 kb	 0.0% Packages/com.unity.purchasing/Runtime/Stores/Android/GooglePlay/AAR/Listeners/GooglePurchaseUpdatedListener.cs
 0.2 kb	 0.0% Packages/com.unity.purchasing/Runtime/Stores/Android/GooglePlay/AAR/Listeners/GoogleConsumeResponseListener.cs
 0.2 kb	 0.0% Packages/com.unity.purchasing/Runtime/Stores/Android/GooglePlay/AAR/Interfaces/ISkuDetailsQueryResponse.cs
 0.2 kb	 0.0% Packages/com.unity.purchasing/Runtime/Stores/Android/GooglePlay/AAR/Interfaces/IBillingClientBase.cs
 0.2 kb	 0.0% Packages/com.unity.purchasing/Runtime/Stores/Android/GooglePlay/AAR/GoogleLastKnownProductService.cs
 0.2 kb	 0.0% Packages/com.unity.purchasing/Runtime/Stores/Android/GooglePlay/AAR/GoogleFinishTransactionService.cs
 0.2 kb	 0.0% Packages/com.unity.purchasing/Runtime/Stores/Android/Common/AAR/AndroidJavaObjectExtensions.cs
 0.2 kb	 0.0% Packages/com.unity.purchasing/Runtime/Stores/Android/AmazonAppStore/AmazonAppStoreStoreExtensions.cs
 0.2 kb	 0.0% Packages/com.unity.purchasing/Runtime/Purchasing/Telemetry/Metrics/TelemetryMetricsInstanceWrapper.cs
 0.2 kb	 0.0% Packages/com.unity.purchasing/Runtime/Purchasing/Telemetry/Metrics/Interfaces/ITelemetryMetricsInstanceWrapper.cs
 0.2 kb	 0.0% Packages/com.unity.purchasing/Runtime/Purchasing/CoreServices/UnityServicesInitializationChecker.cs
 0.2 kb	 0.0% Packages/com.unity.purchasing/Runtime/Purchasing/CoreServices/Interfaces/IUnityServicesInitializationChecker.cs
 0.2 kb	 0.0% Assets/Material/texture additional parts_0.mat
 0.2 kb	 0.0% Assets/Material/texture additional parts.mat
 0.2 kb	 0.0% Assets/Material/sound icon SpriteAtlas.mat
 0.2 kb	 0.0% Assets/Material/ramp.mat
 0.2 kb	 0.0% Assets/Material/music icon SpriteAtlas.mat
 0.2 kb	 0.0% Assets/Material/fancy building F uvs 1.mat
 0.2 kb	 0.0% Assets/Material/fancy building E uvs 1.mat
 0.2 kb	 0.0% Assets/Material/fancy building C uvs 1.mat
 0.2 kb	 0.0% Assets/Material/fancy building B uvs 1.mat
 0.2 kb	 0.0% Assets/Material/fancy building A uvs 1.mat
 0.2 kb	 0.0% Assets/Material/danville arena ground.mat
 0.2 kb	 0.0% Assets/Material/Track01_Basketball_hoop.mat
 0.2 kb	 0.0% Assets/Material/RaceResults SpriteAtlas.mat
 0.2 kb	 0.0% Assets/Material/Pranksgiving SpriteAtlas.mat
 0.2 kb	 0.0% Assets/Material/Multi-Use SpriteAtlas.mat
 0.2 kb	 0.0% Assets/Material/Fence 1.mat
 0.2 kb	 0.0% Assets/Material/Fadable HUD SpriteAtlas.mat
 0.2 kb	 0.0% Assets/Material/CCUpUpAndAway Dark Green.mat
 0.2 kb	 0.0% Assets/Material/CCUpUpAndAway Dark Gold.mat
 0.2 kb	 0.0% Assets/Material/CCUpUpAndAway Dark Brown.mat
 0.2 kb	 0.0% Assets/Material/CCUpUpAndAway Dark Blue.mat
 0.2 kb	 0.0% Assets/GameObject/StoreKitManager.prefab
 0.2 kb	 0.0% Assets/GameObject/+StreamManager.prefab
 0.1 kb	 0.0% Packages/com.unity.services.core/Runtime/Core.Internal/Registry/DependencyTreeExceptions.cs
 0.1 kb	 0.0% Packages/com.unity.services.core/Runtime/Core.Internal/Components/Vivox/IVivoxTokenProviderInternal.cs
 0.1 kb	 0.0% Packages/com.unity.services.core/Runtime/Core.Internal/Components/Networking/HttpRequestExtensions.cs
 0.1 kb	 0.0% Packages/com.unity.services.core/Runtime/Core.Internal/Components/Authentication/IServerEnvironmentId.cs
 0.1 kb	 0.0% Packages/com.unity.services.core/Runtime/Core.Internal/Components/Authentication/IServerAccessToken.cs
 0.1 kb	 0.0% Packages/com.unity.purchasing/Runtime/Stores/Util/JsonProductDescriptionsDeserializer.cs
 0.1 kb	 0.0% Packages/com.unity.purchasing/Runtime/Stores/Android/GooglePlay/AAR/Models/BillingClientBase.cs
 0.1 kb	 0.0% Packages/com.unity.purchasing/Runtime/Stores/Android/GooglePlay/AAR/Interfaces/IProductDetailsConverter.cs
 0.1 kb	 0.0% Packages/com.unity.purchasing/Runtime/Stores/Android/GooglePlay/AAR/Interfaces/IGooglePurchaseService.cs
 0.1 kb	 0.0% Packages/com.unity.purchasing/Runtime/Stores/Android/GooglePlay/AAR/Interfaces/IGooglePurchaseCallback.cs
 0.1 kb	 0.0% Packages/com.unity.purchasing/Runtime/Stores/Android/GooglePlay/AAR/Interfaces/IGooglePurchaseBuilder.cs
 0.1 kb	 0.0% Packages/com.unity.purchasing/Runtime/Stores/Android/GooglePlay/AAR/Interfaces/IGoogleProductCallback.cs
 0.1 kb	 0.0% Packages/com.unity.purchasing/Runtime/Stores/Android/GooglePlay/AAR/Interfaces/IGooglePlayStoreService.cs
 0.1 kb	 0.0% Assets/Material/track 01 container2.mat
 0.1 kb	 0.0% Assets/Material/track 01 container.mat
 0.1 kb	 0.0% Assets/Material/texture kat perry.mat
 0.1 kb	 0.0% Assets/Material/texture kart randy.mat
 0.1 kb	 0.0% Assets/Material/texture kart phineas.mat
 0.1 kb	 0.0% Assets/Material/texture kart oscar.mat
 0.1 kb	 0.0% Assets/Material/texture kart milo.mat
 0.1 kb	 0.0% Assets/Material/texture kart mike.mat
 0.1 kb	 0.0% Assets/Material/texture kart mabel.mat
 0.1 kb	 0.0% Assets/Material/texture kart kick.mat
 0.1 kb	 0.0% Assets/Material/texture kart gunther.mat
 0.1 kb	 0.0% Assets/Material/texture kart dipper.mat
 0.1 kb	 0.0% Assets/Material/texture kart crap.mat
 0.1 kb	 0.0% Assets/Material/texture kart brad.mat
 0.1 kb	 0.0% Assets/Material/logos SpriteAtlas.mat
 0.1 kb	 0.0% Assets/Material/kart uvs template.mat
 0.1 kb	 0.0% Assets/Material/garage monitor main.mat
 0.1 kb	 0.0% Assets/Material/garage metal rivets.mat
 0.1 kb	 0.0% Assets/Material/garage lift thingie.mat
 0.1 kb	 0.0% Assets/Material/garage exit door2.mat
 0.1 kb	 0.0% Assets/Material/fish hooks skybox_1.mat
 0.1 kb	 0.0% Assets/Material/fish hooks skybox2_0.mat
 0.1 kb	 0.0% Assets/Material/fish hooks skybox2.mat
 0.1 kb	 0.0% Assets/Material/fish hooks skybox.mat
 0.1 kb	 0.0% Assets/Material/fish hooks lockers.mat
 0.1 kb	 0.0% Assets/Material/fish hooks column.mat
 0.1 kb	 0.0% Assets/Material/corona trip wire.mat
 0.1 kb	 0.0% Assets/Material/bridge column uvs 1.mat
 0.1 kb	 0.0% Assets/Material/Street 1 finish line.mat
 0.1 kb	 0.0% Assets/Material/Shifter Slot Front.mat
 0.1 kb	 0.0% Assets/Material/Retaining Wall Brick.mat
 0.1 kb	 0.0% Assets/Material/Logos SpriteAtlas_0.mat
 0.1 kb	 0.0% Assets/Material/InventorsEmporium.mat
 0.1 kb	 0.0% Assets/Material/FishHooksBillboardAd.mat
 0.1 kb	 0.0% Assets/Material/Fader SpriteAtlas.mat
 0.1 kb	 0.0% Assets/Material/DoofenschmirtzEvil.mat
 0.1 kb	 0.0% Assets/Material/DanvilleArena uvs.mat
 0.1 kb	 0.0% Assets/Material/CharitableCharities.mat
 0.1 kb	 0.0% Assets/Material/CCUpUpAndAway YELLOW.mat
 0.1 kb	 0.0% Assets/Material/CCUpUpAndAway SILVER.mat
 0.1 kb	 0.0% Assets/Material/CCUpUpAndAway RED.mat
 0.1 kb	 0.0% Assets/Material/CCUpUpAndAway ORANGE.mat
 0.1 kb	 0.0% Assets/Material/CCUpUpAndAway GREEN.mat
 0.1 kb	 0.0% Assets/Material/CCUpUpAndAway Faded.mat
 0.1 kb	 0.0% Assets/Material/CCUpUpAndAway Blue.mat
 0.1 kb	 0.0% Assets/GameObject/FadeHelper.prefab
 0.1 kb	 0.0% Packages/com.unity.xr.legacyinputhelpers/Runtime/ArmModels/TransitionArmModel.cs
 0.1 kb	 0.0% Packages/com.unity.services.core/Runtime/Telemetry/Diagnotstics/DisabledDiagnostics.cs
 0.1 kb	 0.0% Packages/com.unity.services.core/Runtime/Telemetry/Diagnotstics/DiagnosticsFactory.cs
 0.1 kb	 0.0% Packages/com.unity.services.core/Runtime/Scheduler/ScheduledInvocation.cs
 0.1 kb	 0.0% Packages/com.unity.services.core/Runtime/Scheduler/MinimumBinaryHeap.cs
 0.1 kb	 0.0% Packages/com.unity.services.core/Runtime/Registration/CorePackageInitializer.cs
 0.1 kb	 0.0% Packages/com.unity.services.core/Runtime/Networking/UnityWebRequestClient.cs
 0.1 kb	 0.0% Packages/com.unity.services.core/Runtime/Environments/Internal/Environments.cs
 0.1 kb	 0.0% Packages/com.unity.services.core/Runtime/Core.Internal/Serialization/NewtonsoftSerializer.cs
 0.1 kb	 0.0% Packages/com.unity.services.core/Runtime/Core.Internal/Registry/PackageInitializationInfo.cs
 0.1 kb	 0.0% Packages/com.unity.services.core/Runtime/Core.Internal/Registry/CircularDependencyException.cs
 0.1 kb	 0.0% Packages/com.unity.services.core/Runtime/Core.Internal/Components/Device/IEngineInstallationId.cs
 0.1 kb	 0.0% Packages/com.unity.services.core/Runtime/Configuration/Utils/StreamingAssetsUtils.cs
 0.1 kb	 0.0% Packages/com.unity.services.core/Runtime/Configuration/ProjectConfiguration.cs
 0.1 kb	 0.0% Packages/com.unity.services.core/Runtime/Configuration/IConfigurationLoader.cs
 0.1 kb	 0.0% Packages/com.unity.services.core/Runtime/Configuration/ConfigurationUtils.cs
 0.1 kb	 0.0% Packages/com.unity.services.core/Runtime/Configuration/ConfigurationEntry.cs
 0.1 kb	 0.0% Packages/com.unity.services.core/Runtime/Components/ServicesInitialization.cs
 0.1 kb	 0.0% Packages/com.unity.purchasing/Runtime/WinRTCore/WinProductDescription.cs
 0.1 kb	 0.0% Packages/com.unity.purchasing/Runtime/Stores/Util/ProductDefinitionExtensions.cs
 0.1 kb	 0.0% Packages/com.unity.purchasing/Runtime/Stores/Util/GoogleConnectionRetryPolicy.cs
 0.1 kb	 0.0% Packages/com.unity.purchasing/Runtime/Stores/Android/GooglePlay/Interfaces/IGooglePlayStoreExtensions.cs
 0.1 kb	 0.0% Packages/com.unity.purchasing/Runtime/Stores/Android/GooglePlay/GooglePlayStoreExtensions.cs
 0.1 kb	 0.0% Packages/com.unity.purchasing/Runtime/Stores/Android/GooglePlay/GooglePlayPurchaseCallback.cs
 0.1 kb	 0.0% Packages/com.unity.purchasing/Runtime/Stores/Android/GooglePlay/GooglePlayProductCallback.cs
 0.1 kb	 0.0% Packages/com.unity.purchasing/Runtime/Stores/Android/GooglePlay/AAR/QueryProductDetailsService.cs
 0.1 kb	 0.0% Packages/com.unity.purchasing/Runtime/Stores/Android/GooglePlay/AAR/ProductDetailsQueryResponse.cs
 0.1 kb	 0.0% Packages/com.unity.purchasing/Runtime/Stores/Android/GooglePlay/AAR/Models/ProductDescriptionQuery.cs
 0.1 kb	 0.0% Packages/com.unity.purchasing/Runtime/Stores/Android/GooglePlay/AAR/Models/GooglePurchaseStateEnum.cs
 0.1 kb	 0.0% Packages/com.unity.purchasing/Runtime/Stores/Android/GooglePlay/AAR/Models/GoogleProductTypeEnum.cs
 0.1 kb	 0.0% Packages/com.unity.purchasing/Runtime/Stores/Android/GooglePlay/AAR/Listeners/BillingClientStateListener.cs
 0.1 kb	 0.0% Packages/com.unity.purchasing/Runtime/Stores/Android/GooglePlay/AAR/Interfaces/IBillingClient.cs
 0.1 kb	 0.0% Packages/com.unity.purchasing/Runtime/Stores/Android/GooglePlay/AAR/GoogleQueryPurchasesService.cs
 0.1 kb	 0.0% Packages/com.unity.purchasing/Runtime/Purchasing/Telemetry/Metrics/TelemetryMetricDefinitions.cs
 0.1 kb	 0.0% Packages/com.unity.purchasing/Runtime/Purchasing/Telemetry/Metrics/TelemetryMetricDefinition.cs
 0.1 kb	 0.0% Packages/com.unity.purchasing/Runtime/Purchasing/Telemetry/Diagnostics/TelemetryDiagnosticParams.cs
 0.1 kb	 0.0% Packages/com.unity.purchasing/Runtime/Purchasing/PurchaseFailureDescription.cs
 0.1 kb	 0.0% Packages/com.unity.purchasing/Runtime/Purchasing/CoreServices/Interfaces/Environment/ICoreServicesEnvironmentObserver.cs
 0.1 kb	 0.0% Packages/com.unity.purchasing/Runtime/Purchasing/CoreServices/Environment/CoreServicesEnvironmentSubject.cs
 0.1 kb	 0.0% Packages/com.unity.multiplayer.center/Common/SelectedSolutionsData.cs
 0.1 kb	 0.0% Assets/Material/track01 hills.mat
 0.1 kb	 0.0% Assets/Material/track kb terrain.mat
 0.1 kb	 0.0% Assets/Material/texture water2.mat
 0.1 kb	 0.0% Assets/Material/texture kat ferb.mat
 0.1 kb	 0.0% Assets/Material/texture kart05.mat
 0.1 kb	 0.0% Assets/Material/texture kart04.mat
 0.1 kb	 0.0% Assets/Material/texture kart03.mat
 0.1 kb	 0.0% Assets/Material/texture kart02.mat
 0.1 kb	 0.0% Assets/Material/texture kart01.mat
 0.1 kb	 0.0% Assets/Material/texture kart bea.mat
 0.1 kb	 0.0% Assets/Material/spinning tire.mat
 0.1 kb	 0.0% Assets/Material/pickup shield.mat
 0.1 kb	 0.0% Assets/Material/pickup rocket.mat
 0.1 kb	 0.0% Assets/Material/pickup gatorade.mat
 0.1 kb	 0.0% Assets/Material/mine upgraded.mat
 0.1 kb	 0.0% Assets/Material/laserRobotShadow.mat
 0.1 kb	 0.0% Assets/Material/kick terrain2.mat
 0.1 kb	 0.0% Assets/Material/kick school bus.mat
 0.1 kb	 0.0% Assets/Material/kick car pile.mat
 0.1 kb	 0.0% Assets/Material/highway sign uvs.mat
 0.1 kb	 0.0% Assets/Material/garage toolbox.mat
 0.1 kb	 0.0% Assets/Material/garage tire rack.mat
 0.1 kb	 0.0% Assets/Material/garage hall hole.mat
 0.1 kb	 0.0% Assets/Material/garage ground.mat
 0.1 kb	 0.0% Assets/Material/garage exit door.mat
 0.1 kb	 0.0% Assets/Material/garage computer.mat
 0.1 kb	 0.0% Assets/Material/dirt track green.mat
 0.1 kb	 0.0% Assets/Material/corona additive.mat
 0.1 kb	 0.0% Assets/Material/anchor rocket.mat
 0.1 kb	 0.0% Assets/Material/WhoopieCushion.mat
 0.1 kb	 0.0% Assets/Material/Tutorial logo.mat
 0.1 kb	 0.0% Assets/Material/TurkeyGooShooter.mat
 0.1 kb	 0.0% Assets/Material/Street Corner.mat
 0.1 kb	 0.0% Assets/Material/Sidwalk 2-Tile.mat
 0.1 kb	 0.0% Assets/Material/Sidewalk 3-Tile.mat
 0.1 kb	 0.0% Assets/Material/Road_Flat_002SG1.mat
 0.1 kb	 0.0% Assets/Material/None__untitled.mat
 0.1 kb	 0.0% Assets/Material/House 5 Color 2.mat
 0.1 kb	 0.0% Assets/Material/House 5 Color 1.mat
 0.1 kb	 0.0% Assets/Material/House 4 Color 2.mat
 0.1 kb	 0.0% Assets/Material/House 4 Color 1.mat
 0.1 kb	 0.0% Assets/Material/House 3 Color 2.mat
 0.1 kb	 0.0% Assets/Material/House 3 Color 1.mat
 0.1 kb	 0.0% Assets/Material/House 2 Color 2.mat
 0.1 kb	 0.0% Assets/Material/House 2 Color 1.mat
 0.1 kb	 0.0% Assets/Material/House 1 Color 2.mat
 0.1 kb	 0.0% Assets/Material/House 1 Color 1.mat
 0.1 kb	 0.0% Assets/Material/Font Material.mat
 0.1 kb	 0.0% Assets/Material/DipperTexture.mat
 0.1 kb	 0.0% Assets/Material/ChefGuilbauds.mat
 0.1 kb	 0.0% Assets/Material/Checkerground.mat
 0.1 kb	 0.0% Assets/Material/Cabin - Black.mat
 0.1 kb	 0.0% Assets/Material/Bridge Street.mat
 0.1 kb	 0.0% Packages/com.unity.services.core/Runtime/Core/DynamicDependency/PreserveDependencyAttribute.cs
 0.1 kb	 0.0% Packages/com.unity.services.core/Runtime/Core.Internal/Components/Threading/IUnityThreadUtils.cs
 0.1 kb	 0.0% Packages/com.unity.services.core/Runtime/Core.Internal/Components/Telemetry/IDiagnosticsFactory.cs
 0.1 kb	 0.0% Packages/com.unity.services.core/Runtime/Core.Internal/Components/Networking/ReadOnlyHttpResponse.cs
 0.1 kb	 0.0% Packages/com.unity.services.core/Runtime/Core.Internal/Components/Networking/ReadOnlyHttpRequest.cs
 0.1 kb	 0.0% Packages/com.unity.services.core/Runtime/Core.Internal/Components/Authentication/ITargetingContext.cs
 0.1 kb	 0.0% Packages/com.unity.services.core/Runtime/Core.Internal/Components/Authentication/ITargetingActivation.cs
 0.1 kb	 0.0% Packages/com.unity.services.core/Runtime/Core.Internal/Components/Authentication/IPlayerNameComponent.cs
 0.1 kb	 0.0% Packages/com.unity.services.core/Runtime/Core.Internal/Components/Authentication/IAccessTokenObserver.cs
 0.1 kb	 0.0% Packages/com.unity.purchasing/Runtime/Stores/Android/GooglePlay/BillingClientFactory.cs
 0.1 kb	 0.0% Packages/com.unity.purchasing/Runtime/Stores/Android/GooglePlay/AAR/Utils/ProductDetailsConverter.cs
 0.1 kb	 0.0% Packages/com.unity.purchasing/Runtime/Stores/Android/GooglePlay/AAR/Utils/GooglePurchaseBuilder.cs
 0.1 kb	 0.0% Packages/com.unity.purchasing/Runtime/Stores/Android/GooglePlay/AAR/Models/BillingClient.cs
 0.1 kb	 0.0% Packages/com.unity.purchasing/Runtime/SecurityCore/IAPSecurityException.cs
 0.1 kb	 0.0% Assets/Material/white wall.mat
 0.1 kb	 0.0% Assets/Material/white wall 2.mat
 0.1 kb	 0.0% Assets/Material/track01 ends.mat
 0.1 kb	 0.0% Assets/Material/tire face.mat
 0.1 kb	 0.0% Assets/Material/phineas tree.mat
 0.1 kb	 0.0% Assets/Material/kick terrain.mat
 0.1 kb	 0.0% Assets/Material/kick lights.mat
 0.1 kb	 0.0% Assets/Material/kick ceiling.mat
 0.1 kb	 0.0% Assets/Material/guntherMap.mat
 0.1 kb	 0.0% Assets/Material/garage wall1.mat
 0.1 kb	 0.0% Assets/Material/garage beam.mat
 0.1 kb	 0.0% Assets/Material/finish line_0.mat
 0.1 kb	 0.0% Assets/Material/finish line.mat
 0.1 kb	 0.0% Assets/Material/dirt track.mat
 0.1 kb	 0.0% Assets/Material/crashTexture.mat
 0.1 kb	 0.0% Assets/Material/barrier uvs.mat
 0.1 kb	 0.0% Assets/Material/arrow sign_0.mat
 0.1 kb	 0.0% Assets/Material/WhoopieSmoke.mat
 0.1 kb	 0.0% Assets/Material/Swatch Red.mat
 0.1 kb	 0.0% Assets/Material/SoosTexture.mat
 0.1 kb	 0.0% Assets/Material/Show Logo.mat
 0.1 kb	 0.0% Assets/Material/Shadow Blob.mat
 0.1 kb	 0.0% Assets/Material/Pranksgiving.mat
 0.1 kb	 0.0% Assets/Material/PowerPlant.mat
 0.1 kb	 0.0% Assets/Material/PieShooter.mat
 0.1 kb	 0.0% Assets/Material/MobileUnlit.mat
 0.1 kb	 0.0% Assets/Material/MikeTexture.mat
 0.1 kb	 0.0% Assets/Material/MabelTexture.mat
 0.1 kb	 0.0% Assets/Material/HugeRecords.mat
 0.1 kb	 0.0% Assets/Material/Green Grass.mat
 0.1 kb	 0.0% Assets/Material/GenericSpin.mat
 0.1 kb	 0.0% Assets/Material/BlastRadius.mat
 0.1 kb	 0.0% Assets/Material/Basketball.mat
 0.1 kb	 0.0% Assets/Material/50% Black.mat
 0.1 kb	 0.0% Packages/com.unity.xr.legacyinputhelpers/Runtime/ArmModels/SwingArmModel.cs
 0.1 kb	 0.0% Packages/com.unity.ugui/Runtime/UGUI/EventSystem/UIElements/UIToolkitInteroperabilityBridge.cs
 0.1 kb	 0.0% Packages/com.unity.services.core/Runtime/Telemetry/Metrics/MetricsFactory.cs
 0.1 kb	 0.0% Packages/com.unity.services.core/Runtime/Telemetry/Metrics/DisabledMetrics.cs
 0.1 kb	 0.0% Packages/com.unity.services.core/Runtime/Scheduler/TimeProvider/UtcTimeProvider.cs
 0.1 kb	 0.0% Packages/com.unity.services.core/Runtime/Scheduler/TimeProvider/ITimeProvider.cs
 0.1 kb	 0.0% Packages/com.unity.services.core/Runtime/Scheduler/ActionScheduler.cs
 0.1 kb	 0.0% Packages/com.unity.services.core/Runtime/Networking/HttpServiceConfig.cs
 0.1 kb	 0.0% Packages/com.unity.services.core/Runtime/Device/UserIdProviders/UnityEngineIdentifier.cs
 0.1 kb	 0.0% Packages/com.unity.services.core/Runtime/Device/UserIdProviders/UnityAnalyticsIdentifier.cs
 0.1 kb	 0.0% Packages/com.unity.services.core/Runtime/Device/UserIdProviders/IUserIdentifierProvider.cs
 0.1 kb	 0.0% Packages/com.unity.services.core/Runtime/Core/Initialization/UnityProjectNotLinkedException.cs
 0.1 kb	 0.0% Packages/com.unity.services.core/Runtime/Core/Initialization/ServicesInitializationException.cs
 0.1 kb	 0.0% Packages/com.unity.services.core/Runtime/Core.Internal/UnityServicesInternal.cs
 0.1 kb	 0.0% Packages/com.unity.services.core/Runtime/Core.Internal/UnityServicesInitializer.cs
 0.1 kb	 0.0% Packages/com.unity.services.core/Runtime/Core.Internal/Serialization/IJsonSerializer.cs
 0.1 kb	 0.0% Packages/com.unity.services.core/Runtime/Core.Internal/Registry/ServiceRegistry/LockedServiceRegistry.cs
 0.1 kb	 0.0% Packages/com.unity.services.core/Runtime/Core.Internal/Registry/PackageRegistry/LockedPackageRegistry.cs
 0.1 kb	 0.0% Packages/com.unity.services.core/Runtime/Core.Internal/Registry/IInitializablePackageV2.cs
 0.1 kb	 0.0% Packages/com.unity.services.core/Runtime/Core.Internal/Registry/IInitializablePackage.cs
 0.1 kb	 0.0% Packages/com.unity.services.core/Runtime/Core.Internal/Registry/DependencyTreeExtensions.cs
 0.1 kb	 0.0% Packages/com.unity.services.core/Runtime/Core.Internal/Registry/CoreRegistryInitializer.cs
 0.1 kb	 0.0% Packages/com.unity.services.core/Runtime/Core.Internal/Registry/ComponentRegistry/LockedComponentRegistry.cs
 0.1 kb	 0.0% Packages/com.unity.services.core/Runtime/Core.Internal/Components/Wire/IChannelTokenProvider.cs
 0.1 kb	 0.0% Packages/com.unity.services.core/Runtime/Core.Internal/Components/Environments/IEnvironments.cs
 0.1 kb	 0.0% Packages/com.unity.services.core/Runtime/Core.Internal/Components/Configuration/IExternalUserId.cs
 0.1 kb	 0.0% Packages/com.unity.services.core/Runtime/Core.Internal/Components/Configuration/ICloudProjectId.cs
 0.1 kb	 0.0% Packages/com.unity.services.core/Runtime/Core.Internal/AsyncOperation/IAsyncOperationAwaiter.cs
 0.1 kb	 0.0% Packages/com.unity.services.core/Runtime/Core.Internal/AsyncOperation/AsyncOperationExtensions.cs
 0.1 kb	 0.0% Packages/com.unity.services.core/Runtime/Core.Internal/AsyncOperation/AsyncOperationAwaiter.cs
 0.1 kb	 0.0% Packages/com.unity.services.core/Runtime/Configuration/ExternalUserId.cs
 0.1 kb	 0.0% Packages/com.unity.services.core/Runtime/Configuration/CloudProjectId.cs
 0.1 kb	 0.0% Packages/com.unity.services.core/Runtime/Components/ServicesBehaviour.cs
 0.1 kb	 0.0% Packages/com.unity.services.analytics/Runtime/Events/Transaction/TransactionCurrencyConverter.cs
 0.1 kb	 0.0% Packages/com.unity.purchasing/Runtime/Stores/WindowsStore/IMicrosoftConfiguration.cs
 0.1 kb	 0.0% Packages/com.unity.purchasing/Runtime/Stores/WindowsStore/FakeMicrosoftExtensions.cs
 0.1 kb	 0.0% Packages/com.unity.purchasing/Runtime/Stores/Util/ExponentialRetryPolicy.cs
 0.1 kb	 0.0% Packages/com.unity.purchasing/Runtime/Stores/StandardPurchasingModule.cs
 0.1 kb	 0.0% Packages/com.unity.purchasing/Runtime/Stores/AppleAppStore/MetricizedAppleStoreImpl.cs
 0.1 kb	 0.0% Packages/com.unity.purchasing/Runtime/Stores/AppleAppStore/FakeAppleConfiguration.cs
 0.1 kb	 0.0% Packages/com.unity.purchasing/Runtime/Stores/Android/ScriptingUnityCallback.cs
 0.1 kb	 0.0% Packages/com.unity.purchasing/Runtime/Stores/Android/ScriptingStoreCallback.cs
 0.1 kb	 0.0% Packages/com.unity.purchasing/Runtime/Stores/Android/IAndroidStoreSelection.cs
 0.1 kb	 0.0% Packages/com.unity.purchasing/Runtime/Stores/Android/GooglePlay/Models/GoogleProductMetadata.cs
 0.1 kb	 0.0% Packages/com.unity.purchasing/Runtime/Stores/Android/GooglePlay/Interfaces/Services/IGoogleFetchPurchases.cs
 0.1 kb	 0.0% Packages/com.unity.purchasing/Runtime/Stores/Android/GooglePlay/Interfaces/IGooglePlayConfiguration.cs
 0.1 kb	 0.0% Packages/com.unity.purchasing/Runtime/Stores/Android/GooglePlay/GooglePlayConfiguration.cs
 0.1 kb	 0.0% Packages/com.unity.purchasing/Runtime/Stores/Android/GooglePlay/AAR/Models/GoogleBillingStrings.cs
 0.1 kb	 0.0% Packages/com.unity.purchasing/Runtime/Stores/Android/GooglePlay/AAR/Models/GoogleBillingResult.cs
 0.1 kb	 0.0% Packages/com.unity.purchasing/Runtime/Stores/Android/GooglePlay/AAR/Interfaces/IGoogleBillingResult.cs
 0.1 kb	 0.0% Packages/com.unity.purchasing/Runtime/Stores/Android/GooglePlay/AAR/GooglePurchaseService.cs
 0.1 kb	 0.0% Packages/com.unity.purchasing/Runtime/Stores/Android/GooglePlay/AAR/GooglePlayStoreService.cs
 0.1 kb	 0.0% Packages/com.unity.purchasing/Runtime/Purchasing/Telemetry/Metrics/TelemetryMetricsService.cs
 0.1 kb	 0.0% Packages/com.unity.purchasing/Runtime/Purchasing/Telemetry/Metrics/TelemetryMetricParams.cs
 0.1 kb	 0.0% Packages/com.unity.purchasing/Runtime/Purchasing/Telemetry/Metrics/Interfaces/ITelemetryMetricsService.cs
 0.1 kb	 0.0% Packages/com.unity.purchasing/Runtime/Purchasing/Telemetry/Metrics/Interfaces/ITelemetryMetricEvent.cs
 0.1 kb	 0.0% Packages/com.unity.purchasing/Runtime/Purchasing/Telemetry/IapTelemetryException.cs
 0.1 kb	 0.0% Packages/com.unity.purchasing/Runtime/Purchasing/Telemetry/Diagnostics/TelemetryDiagnosticNames.cs
 0.1 kb	 0.0% Packages/com.unity.purchasing/Runtime/Purchasing/Telemetry/Diagnostics/Interfaces/ITelemetryDiagnostics.cs
 0.1 kb	 0.0% Packages/com.unity.purchasing/Runtime/Purchasing/Extension/AbstractPurchasingModule.cs
 0.1 kb	 0.0% Packages/com.unity.purchasing/Runtime/Purchasing/Analytics/Models/AnalyticsTransactionReceipt.cs
 0.1 kb	 0.0% Packages/com.unity.purchasing/Runtime/Codeless/IAPConfigurationHelper.cs
 0.1 kb	 0.0% Packages/com.unity.purchasing/Runtime/Codeless/CodelessIAPStoreListener.cs
 0.1 kb	 0.0% Packages/com.unity.multiplayer.center/Common/IOnboardingSection.cs
 0.1 kb	 0.0% Assets/Scripts/Assembly-CSharp/UsePowerupAgainstOpponentAchievementListener.cs
 0.1 kb	 0.0% Assets/Scripts/Assembly-CSharp/SpendCoinsOverLifetimeAchievementListener.cs
 0.1 kb	 0.0% Assets/Scripts/Assembly-CSharp/LifetimePowerupCollectionAchievementListener.cs
 0.1 kb	 0.0% Assets/Scripts/Assembly-CSharp/CrossFinishLineBackwardsAchievementListener.cs
 0.1 kb	 0.0% Assets/Material/unnamed_1.mat
 0.1 kb	 0.0% Assets/Material/unnamed_0.mat
 0.1 kb	 0.0% Assets/Material/unnamed.mat
 0.1 kb	 0.0% Assets/Material/tiret.mat
 0.1 kb	 0.0% Assets/Material/speakers.mat
 0.1 kb	 0.0% Assets/Material/randy.mat
 0.1 kb	 0.0% Assets/Material/pieSlick.mat
 0.1 kb	 0.0% Assets/Material/kickMap.mat
 0.1 kb	 0.0% Assets/Material/houses.mat
 0.1 kb	 0.0% Assets/Material/houses 2.mat
 0.1 kb	 0.0% Assets/Material/coin HUD.mat
 0.1 kb	 0.0% Assets/Material/bridge.mat
 0.1 kb	 0.0% Assets/Material/bradMap.mat
 0.1 kb	 0.0% Assets/Material/barrel_0.mat
 0.1 kb	 0.0% Assets/Material/barrel.mat
 0.1 kb	 0.0% Assets/Material/Tunnel.mat
 0.1 kb	 0.0% Assets/Material/Street 1_0.mat
 0.1 kb	 0.0% Assets/Material/Street 1.mat
 0.1 kb	 0.0% Assets/Material/SS Logo.mat
 0.1 kb	 0.0% Assets/Material/PieSplat.mat
 0.1 kb	 0.0% Assets/Material/Phineas.mat
 0.1 kb	 0.0% Assets/Material/Perry.mat
 0.1 kb	 0.0% Assets/Material/OSCARmap.mat
 0.1 kb	 0.0% Assets/Material/MILOmap.mat
 0.1 kb	 0.0% Assets/Material/Fence.mat
 0.1 kb	 0.0% Assets/Material/Fence 3.mat
 0.1 kb	 0.0% Assets/Material/Fence 2.mat
 0.1 kb	 0.0% Assets/Material/Bridge_0.mat
 0.1 kb	 0.0% Assets/Material/Blank.mat
 0.1 kb	 0.0% Assets/Material/Black.mat
 0.1 kb	 0.0% Assets/Material/Barber.mat
 0.1 kb	 0.0% Assets/Material/BEAmap.mat
 0.1 kb	 0.0% Packages/com.unity.xr.legacyinputhelpers/Runtime/TrackedPoseDriver/BasePoseProvider.cs
 0.1 kb	 0.0% Packages/com.unity.ugui/Runtime/TMP/TMP_SpriteAssetImportFormats.cs
 0.1 kb	 0.0% Packages/com.unity.timeline/Runtime/Animation/AnimationPreviewUpdateCallback.cs
 0.1 kb	 0.0% Packages/com.unity.timeline/Runtime/Animation/AnimationOutputWeightProcessor.cs
 0.1 kb	 0.0% Packages/com.unity.services.core/Runtime/Core.Internal/Components/Telemetry/IMetricsFactory.cs
 0.1 kb	 0.0% Packages/com.unity.services.core/Runtime/Core.Internal/Components/Scheduler/IActionScheduler.cs
 0.1 kb	 0.0% Packages/com.unity.services.core/Runtime/Core.Internal/Components/Authentication/IEnvironmentId.cs
 0.1 kb	 0.0% Packages/com.unity.services.core/Runtime/Core.Internal/Components/Analytics/IAnalyticsUserId.cs
 0.1 kb	 0.0% Packages/com.unity.services.analytics/Runtime/Runtime/AnalyticsForgetter.cs
 0.1 kb	 0.0% Packages/com.unity.purchasing/Runtime/Stores/Android/GooglePlay/AAR/Utils/GoogleReceiptEncoder.cs
 0.1 kb	 0.0% Packages/com.unity.purchasing/Runtime/Stores/Android/GooglePlay/AAR/Interfaces/IGooglePurchase.cs
 0.1 kb	 0.0% Packages/com.unity.purchasing/Runtime/SecurityCore/IPurchaseReceipt.cs
 0.1 kb	 0.0% Packages/com.unity.purchasing/Runtime/Purchasing/Analytics/EmptyUnityAnalyticsAdapter.cs
 0.1 kb	 0.0% Packages/com.unity.multiplayer.center/Common/StyleConstants.cs
 0.1 kb	 0.0% Assets/Material/mine.mat
 0.1 kb	 0.0% Assets/Material/coin.mat
 0.1 kb	 0.0% Assets/Material/box.mat
 0.1 kb	 0.0% Assets/Material/Soda.mat
 0.1 kb	 0.0% Assets/Material/Rock.mat
 0.1 kb	 0.0% Assets/Material/Pie.mat
 0.1 kb	 0.0% Assets/Material/Full Screen Booster SpriteAtlas.mat
 0.1 kb	 0.0% Assets/Material/Ferb.mat
 0.1 kb	 0.0% Packages/com.unity.xr.legacyinputhelpers/Runtime/TrackedPoseDriver/TrackedPoseDriver.cs
 0.1 kb	 0.0% Packages/com.unity.xr.legacyinputhelpers/Runtime/CameraOffset.cs
 0.1 kb	 0.0% Packages/com.unity.ugui/Runtime/UGUI/UI/Core/Layout/HorizontalOrVerticalLayoutGroup.cs
 0.1 kb	 0.0% Packages/com.unity.services.core/Runtime/Telemetry/Diagnotstics/Diagnostics.cs
 0.1 kb	 0.0% Packages/com.unity.services.core/Runtime/Device/UserIdProviders/UnityAdsIdentifier.cs
 0.1 kb	 0.0% Packages/com.unity.services.core/Runtime/Device/EngineInstallationId.cs
 0.1 kb	 0.0% Packages/com.unity.services.core/Runtime/Core/Initialization/ServicesCreationException.cs
 0.1 kb	 0.0% Packages/com.unity.services.core/Runtime/Core.Internal/Utils/UnityWebRequestUtils.cs
 0.1 kb	 0.0% Packages/com.unity.services.core/Runtime/Core.Internal/Utils/DictionaryExtensions.cs
 0.1 kb	 0.0% Packages/com.unity.services.core/Runtime/Core.Internal/Registry/IServiceComponent.cs
 0.1 kb	 0.0% Packages/com.unity.services.core/Runtime/Core.Internal/Registry/CorePackageRegistry.cs
 0.1 kb	 0.0% Packages/com.unity.services.core/Runtime/Core.Internal/Registry/ComponentRegistry/IComponentRegistry.cs
 0.1 kb	 0.0% Packages/com.unity.services.core/Runtime/Core.Internal/Registry/ComponentRegistry/ComponentRegistry.cs
 0.1 kb	 0.0% Packages/com.unity.services.core/Runtime/Core.Internal/CoreInternalResetter.cs
 0.1 kb	 0.0% Packages/com.unity.services.core/Runtime/Core.Internal/Components/Device/IInstallationId.cs
 0.1 kb	 0.0% Packages/com.unity.services.core/Runtime/Core.Internal/Attributes/VisibilityAttribute.cs
 0.1 kb	 0.0% Packages/com.unity.services.core/Runtime/Core.Internal/AsyncOperation/TaskAsyncOperation.cs
 0.1 kb	 0.0% Packages/com.unity.services.core/Runtime/Core.Internal/AsyncOperation/AsyncOperationBase.cs
 0.1 kb	 0.0% Packages/com.unity.services.analytics/Runtime/Events/Transaction/TransactionFailedEvent.cs
 0.1 kb	 0.0% Packages/com.unity.services.analytics/Runtime/Events/AcquisitionSourceEvent.cs
 0.1 kb	 0.0% Packages/com.unity.services.analytics/Runtime/AnalyticsServiceInstance.cs
 0.1 kb	 0.0% Packages/com.unity.purchasing/Runtime/Stores/WindowsStore/IMicrosoftExtensions.cs
 0.1 kb	 0.0% Packages/com.unity.purchasing/Runtime/Stores/Util/EnumerableExtensions.cs
 0.1 kb	 0.0% Packages/com.unity.purchasing/Runtime/Stores/SubscriptionManager.cs
 0.1 kb	 0.0% Packages/com.unity.purchasing/Runtime/Stores/StoreConfiguration.cs
 0.1 kb	 0.0% Packages/com.unity.purchasing/Runtime/Stores/FakeStore/UIFakeStoreWindow.cs
 0.1 kb	 0.0% Packages/com.unity.purchasing/Runtime/Stores/FakeStore/UIFakeStoreDropdown.cs
 0.1 kb	 0.0% Packages/com.unity.purchasing/Runtime/Stores/FakeStore/LifecycleNotifier.cs
 0.1 kb	 0.0% Packages/com.unity.purchasing/Runtime/Stores/BaseStore/NativeStoreProvider.cs
 0.1 kb	 0.0% Packages/com.unity.purchasing/Runtime/Stores/BaseStore/MetricizedJsonStore.cs
 0.1 kb	 0.0% Packages/com.unity.purchasing/Runtime/Stores/BaseStore/INativeStoreProvider.cs
 0.1 kb	 0.0% Packages/com.unity.purchasing/Runtime/Stores/AppleAppStore/IAppleConfiguration.cs
 0.1 kb	 0.0% Packages/com.unity.purchasing/Runtime/Stores/AppleAppStore/FakeAppleExtensions.cs
 0.1 kb	 0.0% Packages/com.unity.purchasing/Runtime/Stores/AppleAppStore/AppleProductMetadata.cs
 0.1 kb	 0.0% Packages/com.unity.purchasing/Runtime/Stores/Android/UDP/UDPReflectionUtil.cs
 0.1 kb	 0.0% Packages/com.unity.purchasing/Runtime/Stores/Android/UDP/UDPReflectionConsts.cs
 0.1 kb	 0.0% Packages/com.unity.purchasing/Runtime/Stores/Android/GooglePlay/Services/GoogleFetchPurchases.cs
 0.1 kb	 0.0% Packages/com.unity.purchasing/Runtime/Stores/Android/GooglePlay/AAR/Models/GooglePurchase.cs
 0.1 kb	 0.0% Packages/com.unity.purchasing/Runtime/Stores/Android/AmazonAppStore/IAmazonExtensions.cs
 0.1 kb	 0.0% Packages/com.unity.purchasing/Runtime/Stores/Android/AmazonAppStore/IAmazonConfiguration.cs
 0.1 kb	 0.0% Packages/com.unity.purchasing/Runtime/Purchasing/Utilites/UnifiedReceiptFormatter.cs
 0.1 kb	 0.0% Packages/com.unity.purchasing/Runtime/Purchasing/Utilites/ProductPurchaseUpdater.cs
 0.1 kb	 0.0% Packages/com.unity.purchasing/Runtime/Purchasing/UnifiedReceiptExtensions.cs
 0.1 kb	 0.0% Packages/com.unity.purchasing/Runtime/Purchasing/Telemetry/Metrics/TelemetryMetricEvent.cs
 0.1 kb	 0.0% Packages/com.unity.purchasing/Runtime/Purchasing/Telemetry/Diagnostics/TelemetryDiagnostics.cs
 0.1 kb	 0.0% Packages/com.unity.purchasing/Runtime/Purchasing/SimpleCatalogProvider.cs
 0.1 kb	 0.0% Packages/com.unity.purchasing/Runtime/Purchasing/PurchaseFailedEventArgs.cs
 0.1 kb	 0.0% Packages/com.unity.purchasing/Runtime/Purchasing/IInternalStoreListener.cs
 0.1 kb	 0.0% Packages/com.unity.purchasing/Runtime/Purchasing/IDetailedStoreListener.cs
 0.1 kb	 0.0% Packages/com.unity.purchasing/Runtime/Purchasing/Extension/ProductDescription.cs
 0.1 kb	 0.0% Packages/com.unity.purchasing/Runtime/Purchasing/Extension/IStoreConfiguration.cs
 0.1 kb	 0.0% Packages/com.unity.purchasing/Runtime/Purchasing/Extension/IPurchasingModule.cs
 0.1 kb	 0.0% Packages/com.unity.purchasing/Runtime/Purchasing/Extension/IPurchasingBinder.cs
 0.1 kb	 0.0% Packages/com.unity.purchasing/Runtime/Purchasing/Analytics/Legacy/LegacyAnalyticsWrapper.cs
 0.1 kb	 0.0% Packages/com.unity.purchasing/Runtime/Purchasing/Analytics/Legacy/LegacyAnalyticsAdapter.cs
 0.1 kb	 0.0% Packages/com.unity.purchasing/Runtime/Purchasing/Analytics/Interfaces/Legacy/ILegacyUnityAnalytics.cs
 0.1 kb	 0.0% Packages/com.unity.purchasing/Runtime/Codeless/CodelessIAPButton.cs
 0.1 kb	 0.0% Packages/com.unity.purchasing/Runtime/AppleMacosStub/OSXStoreBindings.cs
 0.1 kb	 0.0% Packages/com.unity.purchasing/Runtime/AppleCore/INativeAppleStore.cs
 0.1 kb	 0.0% Assets/Scripts/Assembly-CSharp/PlaceWithNoPowerupsAchievementListener.cs
 0.1 kb	 0.0% Assets/Scripts/Assembly-CSharp/PickupCoinsPerRaceAchievementListener.cs
 0.1 kb	 0.0% Assets/Scripts/Assembly-CSharp/LifetimeOpponentHitsAchievementListener.cs
 0.1 kb	 0.0% Assets/Scripts/Assembly-CSharp/GetHitByTrackHazardAchievementListener.cs
 0.1 kb	 0.0% Assets/Scripts/Assembly-CSharp/CompleteAllMissionsAchievementListener.cs
 0.1 kb	 0.0% Assets/Scripts/Assembly-CSharp/CharacterVOControllerGameObjectExtender.cs
 0.1 kb	 0.0% Assets/Material/phineas and ferb purple wall.mat
 0.1 kb	 0.0% Assets/Material/Vertical strays SpriteAtlas.mat
 0.1 kb	 0.0% Assets/Material/PieSplatEffect SpriteAtlas.mat
 0.1 kb	 0.0% Packages/com.unity.ugui/Runtime/TMP/TMP_DynamicFontAssetUtilities.cs
 0.1 kb	 0.0% Packages/com.unity.timeline/Runtime/Utilities/AnimationPreviewUtilities.cs
 0.1 kb	 0.0% Packages/com.unity.timeline/Runtime/Playables/TimeNotificationBehaviour.cs
 0.1 kb	 0.0% Packages/com.unity.timeline/Runtime/Playables/ActivationControlPlayable.cs
 0.1 kb	 0.0% Packages/com.unity.timeline/Runtime/Events/INotificationOptionProvider.cs
 0.1 kb	 0.0% Packages/com.unity.services.core/Runtime/Core.Internal/Components/Telemetry/IDiagnostics.cs
 0.1 kb	 0.0% Packages/com.unity.services.core/Runtime/Core.Internal/Components/Networking/IHttpClient.cs
 0.1 kb	 0.0% Packages/com.unity.services.core/Runtime/Core.Internal/Components/Networking/HttpResponse.cs
 0.1 kb	 0.0% Packages/com.unity.services.core/Runtime/Core.Internal/Components/Networking/HttpRequest.cs
 0.1 kb	 0.0% Packages/com.unity.services.core/Runtime/Core.Internal/Components/Networking/HttpOptions.cs
 0.1 kb	 0.0% Packages/com.unity.services.core/Runtime/Core.Internal/Components/Authentication/IPlayerId.cs
 0.1 kb	 0.0% Packages/com.unity.services.core/Runtime/Core.Internal/Components/Authentication/IAccessToken.cs
 0.1 kb	 0.0% Packages/com.unity.services.analytics/Runtime/SessionManager.cs
 0.1 kb	 0.0% Packages/com.unity.services.analytics/Runtime/Runtime/WebRequestHelper.cs
 0.1 kb	 0.0% Packages/com.unity.services.analytics/Runtime/Platform/DeviceVolume.cs
 0.1 kb	 0.0% Packages/com.unity.services.analytics/Runtime/IdentityManager.cs
 0.1 kb	 0.0% Packages/com.unity.purchasing/Runtime/WinRTCore/IWinRT.cs
 0.1 kb	 0.0% Packages/com.unity.purchasing/Runtime/Stores/Util/IRetryPolicy.cs
 0.1 kb	 0.0% Packages/com.unity.purchasing/Runtime/SecurityCore/AppleReceipt.cs
 0.1 kb	 0.0% Packages/com.unity.analytics/DataPrivacy/DataPrivacyButton.cs
 0.1 kb	 0.0% Assets/Plugins/Assembly-CSharp-firstpass/GameCenterAchievementMetadata.cs
 0.1 kb	 0.0% Assets/Material/finish line SpriteAtlas.mat
 0.1 kb	 0.0% Assets/Material/Trafic Light SpriteAtlas.mat
 0.1 kb	 0.0% Assets/Material/CloudStrap SpriteAtlas.mat
 0.1 kb	 0.0% Packages/com.unity.xr.legacyinputhelpers/Runtime/ArmModels/ArmModel.cs
 0.1 kb	 0.0% Packages/com.unity.ugui/Runtime/UGUI/EventSystem/UIElements/WorldDocumentRaycaster.cs
 0.1 kb	 0.0% Packages/com.unity.ugui/Runtime/UGUI/EventSystem/InputModules/StandaloneInputModule.cs
 0.1 kb	 0.0% Packages/com.unity.services.core/Runtime/Telemetry/Metrics/Metrics.cs
 0.1 kb	 0.0% Packages/com.unity.services.core/Runtime/Device/InstallationId.cs
 0.1 kb	 0.0% Packages/com.unity.services.core/Runtime/Core/RequestFailedException.cs
 0.1 kb	 0.0% Packages/com.unity.services.core/Runtime/Core/Initialization/InitializationOptions.cs
 0.1 kb	 0.0% Packages/com.unity.services.core/Runtime/Core/ExternalUserIdProperty.cs
 0.1 kb	 0.0% Packages/com.unity.services.core/Runtime/Core.Internal/Telemetry/CoreDiagnostics.cs
 0.1 kb	 0.0% Packages/com.unity.services.core/Runtime/Core.Internal/Registry/ServiceRegistry/ServiceRegistry.cs
 0.1 kb	 0.0% Packages/com.unity.services.core/Runtime/Core.Internal/Registry/ServiceRegistry/IServiceRegistry.cs
 0.1 kb	 0.0% Packages/com.unity.services.core/Runtime/Core.Internal/Registry/PackageRegistry/PackageRegistry.cs
 0.1 kb	 0.0% Packages/com.unity.services.core/Runtime/Core.Internal/Registry/PackageRegistry/IPackageRegistry.cs
 0.1 kb	 0.0% Packages/com.unity.services.core/Runtime/Core.Internal/Registry/MissingComponent.cs
 0.1 kb	 0.0% Packages/com.unity.services.core/Runtime/Core.Internal/Registry/HashExceptions.cs
 0.1 kb	 0.0% Packages/com.unity.services.core/Runtime/Core.Internal/Registry/DependencyTree.cs
 0.1 kb	 0.0% Packages/com.unity.services.core/Runtime/Core.Internal/Registry/CoreRegistration.cs
 0.1 kb	 0.0% Packages/com.unity.services.core/Runtime/Core.Internal/AsyncOperation/IAsyncOperation.cs
 0.1 kb	 0.0% Packages/com.unity.services.core/Runtime/Core.Internal/AsyncOperation/AsyncOperation.cs
 0.1 kb	 0.0% Packages/com.unity.services.analytics/Runtime/Runtime/IDebugTools.cs
 0.1 kb	 0.0% Packages/com.unity.services.analytics/Runtime/Runtime/AnalyticsContainer.cs
 0.1 kb	 0.0% Packages/com.unity.services.analytics/Runtime/IAnalyticsService.cs
 0.1 kb	 0.0% Packages/com.unity.services.analytics/Runtime/Events/AdImpression/AdImpressionEvent.cs
 0.1 kb	 0.0% Packages/com.unity.purchasing/Runtime/Stores/Util/UnityUtil.cs
 0.1 kb	 0.0% Packages/com.unity.purchasing/Runtime/Stores/Util/FileReference.cs
 0.1 kb	 0.0% Packages/com.unity.purchasing/Runtime/Stores/ProductCatalog.cs
 0.1 kb	 0.0% Packages/com.unity.purchasing/Runtime/Stores/FakeStore/IFakeExtensions.cs
 0.1 kb	 0.0% Packages/com.unity.purchasing/Runtime/Stores/FakeStore/DialogRequest.cs
 0.1 kb	 0.0% Packages/com.unity.purchasing/Runtime/Stores/BaseStore/IStoreInternal.cs
 0.1 kb	 0.0% Packages/com.unity.purchasing/Runtime/Stores/AppleAppStore/IAppleExtensions.cs
 0.1 kb	 0.0% Packages/com.unity.purchasing/Runtime/Stores/AppleAppStore/AppleStoreImpl.cs
 0.1 kb	 0.0% Packages/com.unity.purchasing/Runtime/Stores/AppleAppStore/AppleAppStore.cs
 0.1 kb	 0.0% Packages/com.unity.purchasing/Runtime/Stores/Android/UDP/IUDPExtensions.cs
 0.1 kb	 0.0% Packages/com.unity.purchasing/Runtime/Stores/Android/UDP/INativeUDPStore.cs
 0.1 kb	 0.0% Packages/com.unity.purchasing/Runtime/Stores/Android/UDP/FakeUDPExtension.cs
 0.1 kb	 0.0% Packages/com.unity.purchasing/Runtime/Stores/Android/JSONSerializer.cs
 0.1 kb	 0.0% Packages/com.unity.purchasing/Runtime/Stores/Android/IUnityCallback.cs
 0.1 kb	 0.0% Packages/com.unity.purchasing/Runtime/Stores/Android/GooglePlay/GooglePlayStore.cs
 0.1 kb	 0.0% Packages/com.unity.purchasing/Runtime/Stores/Android/Common/AAR/UnityActivity.cs
 0.1 kb	 0.0% Packages/com.unity.purchasing/Runtime/Stores/Android/Common/AAR/ListExtension.cs
 0.1 kb	 0.0% Packages/com.unity.purchasing/Runtime/Stores/Android/AndroidJavaStore.cs
 0.1 kb	 0.0% Packages/com.unity.purchasing/Runtime/Stores/Android/AmazonAppStore/FakeAmazon.cs
 0.1 kb	 0.0% Packages/com.unity.purchasing/Runtime/Purchasing/StoreListenerProxy.cs
 0.1 kb	 0.0% Packages/com.unity.purchasing/Runtime/Purchasing/PurchasingManager.cs
 0.1 kb	 0.0% Packages/com.unity.purchasing/Runtime/Purchasing/PurchasingFactory.cs
 0.1 kb	 0.0% Packages/com.unity.purchasing/Runtime/Purchasing/PurchaseEventArgs.cs
 0.1 kb	 0.0% Packages/com.unity.purchasing/Runtime/Purchasing/ProductDefinition.cs
 0.1 kb	 0.0% Packages/com.unity.purchasing/Runtime/Purchasing/ProductCollection.cs
 0.1 kb	 0.0% Packages/com.unity.purchasing/Runtime/Purchasing/IExtensionProvider.cs
 0.1 kb	 0.0% Packages/com.unity.purchasing/Runtime/Purchasing/Extension/IStoreCallback.cs
 0.1 kb	 0.0% Packages/com.unity.purchasing/Runtime/Purchasing/Extension/ICatalogProvider.cs
 0.1 kb	 0.0% Packages/com.unity.purchasing/Runtime/Purchasing/Extension/AbstractStore.cs
 0.1 kb	 0.0% Packages/com.unity.purchasing/Runtime/Purchasing/ConfigurationBuilder.cs
 0.1 kb	 0.0% Packages/com.unity.purchasing/Runtime/Purchasing/Analytics/Legacy/LegacyUnityAnalytics.cs
 0.1 kb	 0.0% Packages/com.unity.purchasing/Runtime/Purchasing/Analytics/Interfaces/IAnalyticsAdapter.cs
 0.1 kb	 0.0% Packages/com.unity.purchasing/Runtime/Purchasing/Analytics/CoreAnalyticsAdapter.cs
 0.1 kb	 0.0% Packages/com.unity.purchasing/Runtime/Codeless/BaseIAPButton.cs
 0.1 kb	 0.0% Packages/com.unity.purchasing/Runtime/AppleStub/iOSStoreBindings.cs
 0.1 kb	 0.0% Packages/com.unity.multiplayer.center/Common/AnswerData.cs
 0.1 kb	 0.0% Packages/com.unity.ai.navigation/Runtime/NavMeshModifierVolume.cs
 0.1 kb	 0.0% Assets/Scripts/Assembly-CSharp/PowerupHitInAirAchievementListener.cs
 0.1 kb	 0.0% Assets/Scripts/Assembly-CSharp/PowerSlideBoostAchievementListener.cs
 0.1 kb	 0.0% Assets/Scripts/Assembly-CSharp/MetaMissionGroupAchievementListener.cs
 0.1 kb	 0.0% Assets/Scripts/Assembly-CSharp/CheckPowerupUseAchievementListener.cs
 0.1 kb	 0.0% Assets/Material/horseshoe crap uvs.mat
 0.1 kb	 0.0% Assets/Material/Shifter Slot Back.mat
 0.1 kb	 0.0% Assets/Material/PhineasBillboardAd.mat
 0.1 kb	 0.0% Packages/com.unity.ugui/Runtime/TMP/TMP_ScrollbarEventHandler.cs
 0.1 kb	 0.0% Packages/com.unity.ugui/Runtime/TMP/TMP_PackageResourceImporter.cs
 0.1 kb	 0.0% Packages/com.unity.ugui/Runtime/InternalBridge/ObjectUtilsBridge.cs
 0.1 kb	 0.0% Packages/com.unity.timeline/Runtime/Utilities/TimelineCreateUtilities.cs
 0.1 kb	 0.0% Packages/com.unity.timeline/Runtime/Utilities/TimelineClipExtensions.cs
 0.1 kb	 0.0% Packages/com.unity.timeline/Runtime/Utilities/NotificationUtilities.cs
 0.1 kb	 0.0% Packages/com.unity.timeline/Runtime/Playables/PrefabControlPlayable.cs
 0.1 kb	 0.0% Packages/com.unity.timeline/Runtime/Playables/ParticleControlPlayable.cs
 0.1 kb	 0.0% Packages/com.unity.timeline/Runtime/Playables/DirectorControlPlayable.cs
 0.1 kb	 0.0% Packages/com.unity.timeline/Runtime/Events/Signals/CustomSignalEventDrawer.cs
 0.1 kb	 0.0% Packages/com.unity.timeline/Runtime/Attributes/TimelineHelpURLAttribute.cs
 0.1 kb	 0.0% Packages/com.unity.timeline/Runtime/Animation/AnimationPlayableAsset.cs
 0.1 kb	 0.0% Packages/com.unity.timeline/Runtime/Activation/ActivationPlayableAsset.cs
 0.1 kb	 0.0% Packages/com.unity.timeline/Runtime/Activation/ActivationMixerPlayable.cs
 0.1 kb	 0.0% Packages/com.unity.services.core/Runtime/Core.Internal/Components/Telemetry/IMetrics.cs
 0.1 kb	 0.0% Packages/com.unity.services.analytics/Runtime/Runtime/Persistence.cs
 0.1 kb	 0.0% Packages/com.unity.services.analytics/Runtime/Runtime/Dispatcher.cs
 0.1 kb	 0.0% Packages/com.unity.services.analytics/Runtime/Runtime/DiskCache.cs
 0.1 kb	 0.0% Packages/com.unity.purchasing/Runtime/Purchasing/Utilites/ILoggerExtensions.cs
 0.1 kb	 0.0% Assets/Plugins/Assembly-CSharp-firstpass/JCloudDocumentAsyncOperation.cs
 0.1 kb	 0.0% Assets/Plugins/Assembly-CSharp-firstpass/ExternalPersistentArchive.cs
 0.1 kb	 0.0% Assets/Material/KickBillboardAd.mat
 0.1 kb	 0.0% Assets/Material/HUD SpriteAtlas.mat
 0.1 kb	 0.0% Packages/com.unity.ugui/Runtime/UGUI/UI/Core/Utility/ReflectionMethodsCache.cs
 0.1 kb	 0.0% Packages/com.unity.ugui/Runtime/UGUI/UI/Core/MultipleDisplayUtilities.cs
 0.1 kb	 0.0% Packages/com.unity.ugui/Runtime/UGUI/UI/Core/Layout/HorizontalLayoutGroup.cs
 0.1 kb	 0.0% Packages/com.unity.ugui/Runtime/UGUI/UI/Core/IGraphicEnabledDisabled.cs
 0.1 kb	 0.0% Packages/com.unity.ugui/Runtime/UGUI/UI/Core/GraphicRebuildTracker.cs
 0.1 kb	 0.0% Packages/com.unity.ugui/Runtime/UGUI/UI/Core/Culling/RectangularVertexClipper.cs
 0.1 kb	 0.0% Packages/com.unity.ugui/Runtime/UGUI/EventSystem/UIElements/PanelEventHandler.cs
 0.1 kb	 0.0% Packages/com.unity.ugui/Runtime/UGUI/EventSystem/Raycasters/Physics2DRaycaster.cs
 0.1 kb	 0.0% Packages/com.unity.ugui/Runtime/UGUI/EventSystem/InputModules/PointerInputModule.cs
 0.1 kb	 0.0% Packages/com.unity.timeline/Runtime/TimelinePlayable_Animation.cs
 0.1 kb	 0.0% Packages/com.unity.timeline/Runtime/TimelineAttributes.cs
 0.1 kb	 0.0% Packages/com.unity.timeline/Runtime/Playables/BasicScriptPlayable.cs
 0.1 kb	 0.0% Packages/com.unity.services.core/Runtime/Device/UserIdProviders/AndroidUtils.cs
 0.1 kb	 0.0% Packages/com.unity.services.core/Runtime/Core/UnityServicesBuilder.cs
 0.1 kb	 0.0% Packages/com.unity.services.core/Runtime/Core.Internal/Telemetry/CoreMetrics.cs
 0.1 kb	 0.0% Packages/com.unity.services.core/Runtime/Core.Internal/Registry/CoreRegistry.cs
 0.1 kb	 0.0% Packages/com.unity.services.core/Runtime/Core.Internal/Logging/CoreLogger.cs
 0.1 kb	 0.0% Packages/com.unity.services.core/Runtime/Core.Internal/Components/Wire/ChannelToken.cs
 0.1 kb	 0.0% Packages/com.unity.services.core/Runtime/Core.Internal/Components/Qos/IQosResults.cs
 0.1 kb	 0.0% Packages/com.unity.services.analytics/Runtime/StdGenerator.cs
 0.1 kb	 0.0% Packages/com.unity.services.analytics/Runtime/Runtime/Ua2CoreInitializeCallback.cs
 0.1 kb	 0.0% Packages/com.unity.services.analytics/Runtime/Events/Transaction/TransactionEvent.cs
 0.1 kb	 0.0% Packages/com.unity.services.analytics/Runtime/ConsentManager.cs
 0.1 kb	 0.0% Packages/com.unity.services.analytics/Runtime/AnalyticsService.cs
 0.1 kb	 0.0% Packages/com.unity.purchasing/Runtime/WinRTStub/Factory.cs
 0.1 kb	 0.0% Packages/com.unity.purchasing/Runtime/Stores/WindowsStore/WindowsStore.cs
 0.1 kb	 0.0% Packages/com.unity.purchasing/Runtime/Stores/WindowsStore/WinRTStore.cs
 0.1 kb	 0.0% Packages/com.unity.purchasing/Runtime/Stores/Networking/QueryHelper.cs
 0.1 kb	 0.0% Packages/com.unity.purchasing/Runtime/Stores/FakeStore/UIFakeStore.cs
 0.1 kb	 0.0% Packages/com.unity.purchasing/Runtime/Stores/FakeStore/FakeStore.cs
 0.1 kb	 0.0% Packages/com.unity.purchasing/Runtime/Stores/BaseStore/JSONStore.cs
 0.1 kb	 0.0% Packages/com.unity.purchasing/Runtime/Stores/AppleAppStore/MacAppStore.cs
 0.1 kb	 0.0% Packages/com.unity.purchasing/Runtime/Stores/Android/UDP/UDPBindings.cs
 0.1 kb	 0.0% Packages/com.unity.purchasing/Runtime/Stores/Android/JavaBridge.cs
 0.1 kb	 0.0% Packages/com.unity.purchasing/Runtime/Stores/Android/GooglePlay/GooglePlay.cs
 0.1 kb	 0.0% Packages/com.unity.purchasing/Runtime/Stores/Android/AmazonAppStore/AmazonApps.cs
 0.1 kb	 0.0% Packages/com.unity.purchasing/Runtime/Purchasing/UnityPurchasing.cs
 0.1 kb	 0.0% Packages/com.unity.purchasing/Runtime/Purchasing/UnifiedReceipt.cs
 0.1 kb	 0.0% Packages/com.unity.purchasing/Runtime/Purchasing/TransactionLog.cs
 0.1 kb	 0.0% Packages/com.unity.purchasing/Runtime/Purchasing/ProductMetadata.cs
 0.1 kb	 0.0% Packages/com.unity.purchasing/Runtime/Purchasing/PayoutDefinition.cs
 0.1 kb	 0.0% Packages/com.unity.purchasing/Runtime/Purchasing/IStoreListener.cs
 0.1 kb	 0.0% Packages/com.unity.purchasing/Runtime/Purchasing/IStoreController.cs
 0.1 kb	 0.0% Packages/com.unity.purchasing/Runtime/Purchasing/Extension/IStoreExtension.cs
 0.1 kb	 0.0% Packages/com.unity.purchasing/Runtime/Purchasing/Analytics/Models/GoogleReceipt.cs
 0.1 kb	 0.0% Packages/com.unity.purchasing/Runtime/Purchasing/Analytics/Interfaces/IAnalyticsClient.cs
 0.1 kb	 0.0% Packages/com.unity.purchasing/Runtime/Purchasing/Analytics/AnalyticsClient.cs
 0.1 kb	 0.0% Packages/com.unity.purchasing/Runtime/Codeless/IAPListener.cs
 0.1 kb	 0.0% Packages/com.unity.purchasing/Runtime/Codeless/IAPButton.cs
 0.1 kb	 0.0% Assets/Scripts/Assembly-CSharp/UseAPowerupAchievementListener.cs
 0.1 kb	 0.0% Assets/Scripts/Assembly-CSharp/MaxCrashSpeedAchievementListener.cs
 0.1 kb	 0.0% Assets/Scripts/Assembly-CSharp/LifetimeInAirAchievementListener.cs
 0.1 kb	 0.0% Assets/Scripts/Assembly-CSharp/HitMaxSpeedAchievementListener.cs
 0.1 kb	 0.0% Assets/Scripts/Assembly-CSharp/FirstPlaceAchievementListener.cs
 0.1 kb	 0.0% Assets/Scripts/Assembly-CSharp/EquipPartSetAchievementListener.cs
 0.1 kb	 0.0% Assets/Scripts/Assembly-CSharp/EquipPaintJobAchievementListener.cs
 0.1 kb	 0.0% Assets/Scripts/Assembly-CSharp/CoinBalanceAchievementListener.cs
 0.1 kb	 0.0% Assets/Material/coin cost.mat
 0.1 kb	 0.0% Assets/Material/Spark clouds.mat
 0.1 kb	 0.0% Packages/com.unity.ugui/Runtime/UGUI/UI/Animation/CoroutineTween.cs
 0.1 kb	 0.0% Packages/com.unity.ugui/Runtime/UGUI/EventSystem/EventInterfaces.cs
 0.1 kb	 0.0% Packages/com.unity.ugui/Runtime/TMP/TMPro_ExtensionMethods.cs
 0.1 kb	 0.0% Packages/com.unity.ugui/Runtime/TMP/TMP_TextParsingUtilities.cs
 0.1 kb	 0.0% Packages/com.unity.ugui/Runtime/TMP/TMP_TextElement_Legacy.cs
 0.1 kb	 0.0% Packages/com.unity.ugui/Runtime/TMP/TMP_FontAssetUtilities.cs
 0.1 kb	 0.0% Packages/com.unity.ugui/Runtime/TMP/MaterialReferenceManager.cs
 0.1 kb	 0.0% Packages/com.unity.ugui/Runtime/TMP/FontFeatureCommonGSUB.cs
 0.1 kb	 0.0% Packages/com.unity.timeline/Runtime/Utilities/IPropertyCollector.cs
 0.1 kb	 0.0% Packages/com.unity.timeline/Runtime/Utilities/AnimatorBindingCache.cs
 0.1 kb	 0.0% Packages/com.unity.timeline/Runtime/Playables/TimeControlPlayable.cs
 0.1 kb	 0.0% Packages/com.unity.timeline/Runtime/Extensions/SelectionExtensions.cs
 0.1 kb	 0.0% Packages/com.unity.timeline/Runtime/Evaluation/ScheduleRuntimeClip.cs
 0.1 kb	 0.0% Packages/com.unity.timeline/Runtime/Evaluation/InfiniteRuntimeClip.cs
 0.1 kb	 0.0% Packages/com.unity.timeline/Runtime/Control/ControlPlayableAsset.cs
 0.1 kb	 0.0% Packages/com.unity.timeline/Runtime/Audio/AudioPlayableAsset.cs
 0.1 kb	 0.0% Packages/com.unity.timeline/Runtime/Audio/AudioMixerProperties.cs
 0.1 kb	 0.0% Packages/com.unity.timeline/Runtime/Audio/AudioClipProperties.cs
 0.1 kb	 0.0% Packages/com.unity.timeline/Runtime/Attributes/TrackColorAttribute.cs
 0.1 kb	 0.0% Packages/com.unity.services.core/Runtime/Core.Internal/Components/Vivox/IVivox.cs
 0.1 kb	 0.0% Packages/com.unity.services.analytics/Runtime/Runtime/BufferX.cs
 0.1 kb	 0.0% Packages/com.unity.services.analytics/Runtime/Runtime/Buffer.cs
 0.1 kb	 0.0% Packages/com.unity.services.analytics/Runtime/Platform/Locale.cs
 0.1 kb	 0.0% Packages/com.unity.analytics/DataPrivacy/DataPrivacy.cs
 0.1 kb	 0.0% Assets/Plugins/Assembly-CSharp-firstpass/StoreKitEventListener.cs
 0.1 kb	 0.0% Assets/Plugins/Assembly-CSharp-firstpass/GameCenterLeaderboard.cs
 0.1 kb	 0.0% Assets/Plugins/Assembly-CSharp-firstpass/GameCenterEventListener.cs
 0.1 kb	 0.0% Assets/Plugins/Assembly-CSharp-firstpass/GameCenterAchievement.cs
 0.1 kb	 0.0% Assets/Material/icloud.mat
 0.1 kb	 0.0% Assets/Material/OilSlick.mat
 0.1 kb	 0.0% Packages/com.unity.ugui/Runtime/UGUI/UI/Core/SetPropertyUtility.cs
 0.1 kb	 0.0% Packages/com.unity.ugui/Runtime/UGUI/UI/Core/MaterialModifiers/IMaterialModifier.cs
 0.1 kb	 0.0% Packages/com.unity.ugui/Runtime/UGUI/UI/Core/Layout/VerticalLayoutGroup.cs
 0.1 kb	 0.0% Packages/com.unity.ugui/Runtime/UGUI/UI/Core/Layout/ContentSizeFitter.cs
 0.1 kb	 0.0% Packages/com.unity.ugui/Runtime/UGUI/UI/Core/Layout/AspectRatioFitter.cs
 0.1 kb	 0.0% Packages/com.unity.ugui/Runtime/UGUI/UI/Core/FontUpdateTracker.cs
 0.1 kb	 0.0% Packages/com.unity.ugui/Runtime/UGUI/UI/Core/CanvasUpdateRegistry.cs
 0.1 kb	 0.0% Packages/com.unity.ugui/Runtime/UGUI/UI/Core/AnimationTriggers.cs
 0.1 kb	 0.0% Packages/com.unity.ugui/Runtime/UGUI/EventSystem/UIElements/PanelRaycaster.cs
 0.1 kb	 0.0% Packages/com.unity.ugui/Runtime/UGUI/EventSystem/Raycasters/PhysicsRaycaster.cs
 0.1 kb	 0.0% Packages/com.unity.ugui/Runtime/UGUI/EventSystem/Raycasters/BaseRaycaster.cs
 0.1 kb	 0.0% Packages/com.unity.ugui/Runtime/UGUI/EventSystem/RaycasterManager.cs
 0.1 kb	 0.0% Packages/com.unity.ugui/Runtime/UGUI/EventSystem/RaycastResult.cs
 0.1 kb	 0.0% Packages/com.unity.ugui/Runtime/UGUI/EventSystem/InputModules/TouchInputModule.cs
 0.1 kb	 0.0% Packages/com.unity.ugui/Runtime/UGUI/EventSystem/InputModules/BaseInputModule.cs
 0.1 kb	 0.0% Packages/com.unity.ugui/Runtime/UGUI/EventSystem/ExecuteEvents.cs
 0.1 kb	 0.0% Packages/com.unity.ugui/Runtime/UGUI/EventSystem/EventData/PointerEventData.cs
 0.1 kb	 0.0% Packages/com.unity.ugui/Runtime/UGUI/EventSystem/EventData/BaseEventData.cs
 0.1 kb	 0.0% Packages/com.unity.ugui/Runtime/UGUI/EventSystem/EventData/AxisEventData.cs
 0.1 kb	 0.0% Packages/com.unity.ugui/Runtime/TMP/TMP_TextProcessingStack.cs
 0.1 kb	 0.0% Packages/com.unity.ugui/Runtime/TMP/TMP_FontFeaturesCommon.cs
 0.1 kb	 0.0% Packages/com.unity.timeline/Runtime/Extensions/TrackExtensions.cs
 0.1 kb	 0.0% Packages/com.unity.timeline/Runtime/ClipCaps.cs
 0.1 kb	 0.0% Packages/com.unity.services.core/Runtime/Core/Utils/UnityThreadUtils.cs
 0.1 kb	 0.0% Packages/com.unity.services.core/Runtime/Core/UnityServices.cs
 0.1 kb	 0.0% Packages/com.unity.services.core/Runtime/Core/IUnityServices.cs
 0.1 kb	 0.0% Packages/com.unity.services.core/Runtime/Core/CommonErrorCodes.cs
 0.1 kb	 0.0% Packages/com.unity.services.core/Runtime/Core.Internal/Components/Wire/IWire.cs
 0.1 kb	 0.0% Packages/com.unity.services.core/Runtime/Core.Internal/Components/Wire/IChannel.cs
 0.1 kb	 0.0% Packages/com.unity.services.analytics/Runtime/SdkVersion.cs
 0.1 kb	 0.0% Packages/com.unity.services.analytics/Runtime/Events/CustomEvent.cs
 0.1 kb	 0.0% Packages/com.unity.purchasing/Runtime/Stores/Android/UDP/UDPImpl.cs
 0.1 kb	 0.0% Packages/com.unity.purchasing/Runtime/Purchasing/Extension/IStore.cs
 0.1 kb	 0.0% Packages/com.unity.ai.navigation/Runtime/NavMeshSurface.cs
 0.1 kb	 0.0% Packages/com.unity.ai.navigation/Runtime/NavMeshModifier.cs
 0.1 kb	 0.0% Assets/Scripts/Assembly-CSharp/UnlockAchievementListener.cs
 0.1 kb	 0.0% Assets/Scripts/Assembly-CSharp/TutorialLauncherPublisher.cs
 0.1 kb	 0.0% Assets/Scripts/Assembly-CSharp/TimeInAirAchievementListener.cs
 0.1 kb	 0.0% Assets/Scripts/Assembly-CSharp/StreamedMultilayerTexture.cs
 0.1 kb	 0.0% Assets/Scripts/Assembly-CSharp/SoundPackageLoadReference.cs
 0.1 kb	 0.0% Assets/Scripts/Assembly-CSharp/ShiftContentsOnToggleDown.cs
 0.1 kb	 0.0% Assets/Scripts/Assembly-CSharp/ShiftContentsOnButtonDown.cs
 0.1 kb	 0.0% Assets/Scripts/Assembly-CSharp/MultilayerTextureBundleDef.cs
 0.1 kb	 0.0% Assets/Scripts/Assembly-CSharp/MakePlaceAchievementListener.cs
 0.1 kb	 0.0% Assets/Scripts/Assembly-CSharp/LastPlaceAchievementListener.cs
 0.1 kb	 0.0% Assets/Scripts/Assembly-CSharp/InRaceAquirePickupListener.cs
 0.1 kb	 0.0% Assets/Scripts/Assembly-CSharp/FrontEndTutorialPublisher.cs
 0.1 kb	 0.0% Assets/Scripts/Assembly-CSharp/DriveHitBeneficialAIState.cs
 0.1 kb	 0.0% Assets/Scripts/Assembly-CSharp/DebugRewindDialogPublisher.cs
 0.1 kb	 0.0% Assets/Scripts/Assembly-CSharp/CartPrimaryTextureProfile.cs
 0.1 kb	 0.0% Assets/Scripts/Assembly-CSharp/AutoDestructParticleSystem.cs
 0.1 kb	 0.0% Assets/Scripts/Assembly-CSharp/AchievementWindowPublisher.cs
 0.1 kb	 0.0% Assets/Scripts/Assembly-CSharp/AchievementPanelPublisher.cs
 0.1 kb	 0.0% Assets/Scripts/Assembly-CSharp/AchievementCategoryPublisher.cs
 0.1 kb	 0.0% Packages/com.unity.ugui/Runtime/TMP/TMPro_EventManager.cs
 0.1 kb	 0.0% Packages/com.unity.ugui/Runtime/TMP/TMP_UpdateRegistery.cs
 0.1 kb	 0.0% Packages/com.unity.ugui/Runtime/TMP/TMP_UpdateManager.cs
 0.1 kb	 0.0% Packages/com.unity.ugui/Runtime/TMP/TMP_TextUtilities.cs
 0.1 kb	 0.0% Packages/com.unity.ugui/Runtime/TMP/TMP_TextProcessingCommon.cs
 0.1 kb	 0.0% Packages/com.unity.ugui/Runtime/TMP/TMP_SpriteCharacter.cs
 0.1 kb	 0.0% Packages/com.unity.ugui/Runtime/TMP/TMP_SpriteAnimator.cs
 0.1 kb	 0.0% Packages/com.unity.ugui/Runtime/TMP/TMP_SelectionCaret.cs
 0.1 kb	 0.0% Packages/com.unity.ugui/Runtime/TMP/TMP_ResourcesManager.cs
 0.1 kb	 0.0% Packages/com.unity.ugui/Runtime/TMP/TMP_MaterialManager.cs
 0.1 kb	 0.0% Packages/com.unity.ugui/Runtime/TMP/TMP_InputValidator.cs
 0.1 kb	 0.0% Packages/com.unity.ugui/Runtime/TMP/TMP_FontFeatureTable.cs
 0.1 kb	 0.0% Packages/com.unity.ugui/Runtime/TMP/TMP_DefaultControls.cs
 0.1 kb	 0.0% Packages/com.unity.ugui/Runtime/TMP/TMP_Compatibility.cs
 0.1 kb	 0.0% Packages/com.unity.ugui/Runtime/TMP/TMP_ColorGradient.cs
 0.1 kb	 0.0% Packages/com.unity.ugui/Runtime/TMP/TMP_CharacterInfo.cs
 0.1 kb	 0.0% Packages/com.unity.ugui/Runtime/TMP/ITextPreProcessor.cs
 0.1 kb	 0.0% Packages/com.unity.ugui/Runtime/TMP/FontFeatureCommonGPOS.cs
 0.1 kb	 0.0% Packages/com.unity.ugui/Runtime/InternalBridge/TMPHelpURL.cs
 0.1 kb	 0.0% Packages/com.unity.timeline/Runtime/Utilities/WeightUtility.cs
 0.1 kb	 0.0% Packages/com.unity.timeline/Runtime/Utilities/IPropertyPreview.cs
 0.1 kb	 0.0% Packages/com.unity.timeline/Runtime/Utilities/Extrapolation.cs
 0.1 kb	 0.0% Packages/com.unity.timeline/Runtime/TimelinePlayable.cs
 0.1 kb	 0.0% Packages/com.unity.timeline/Runtime/TimelineAsset.cs
 0.1 kb	 0.0% Packages/com.unity.timeline/Runtime/Scripting/PlayableTrack.cs
 0.1 kb	 0.0% Packages/com.unity.timeline/Runtime/Events/Signals/SignalReceiver.cs
 0.1 kb	 0.0% Packages/com.unity.timeline/Runtime/Events/Signals/SignalEmitter.cs
 0.1 kb	 0.0% Packages/com.unity.timeline/Runtime/Evaluation/RuntimeElement.cs
 0.1 kb	 0.0% Packages/com.unity.timeline/Runtime/Evaluation/RuntimeClipBase.cs
 0.1 kb	 0.0% Packages/com.unity.timeline/Runtime/CurveEditUtility.cs
 0.1 kb	 0.0% Packages/com.unity.timeline/Runtime/Animation/AnimationTrack.cs
 0.1 kb	 0.0% Packages/com.unity.timeline/Runtime/Activation/ActivationTrack.cs
 0.1 kb	 0.0% Packages/com.unity.purchasing/Runtime/Common/VersionCheck.cs
 0.1 kb	 0.0% Packages/com.unity.purchasing/Runtime/Common/INativeStore.cs
 0.1 kb	 0.0% Assets/Plugins/Assembly-CSharp-firstpass/iCloudEventListener.cs
 0.1 kb	 0.0% Assets/Plugins/Assembly-CSharp-firstpass/UnlocalizedString.cs
 0.1 kb	 0.0% Assets/Plugins/Assembly-CSharp-firstpass/UghSpritePrototype.cs
 0.1 kb	 0.0% Assets/Plugins/Assembly-CSharp-firstpass/UghButtonDisablable.cs
 0.1 kb	 0.0% Assets/Plugins/Assembly-CSharp-firstpass/StoreKitTransaction.cs
 0.1 kb	 0.0% Assets/Plugins/Assembly-CSharp-firstpass/StoreKitGUIManager.cs
 0.1 kb	 0.0% Assets/Plugins/Assembly-CSharp-firstpass/PIDVectorController.cs
 0.1 kb	 0.0% Assets/Plugins/Assembly-CSharp-firstpass/MiniJsonExtensions.cs
 0.1 kb	 0.0% Assets/Plugins/Assembly-CSharp-firstpass/MessengerInternal.cs
 0.1 kb	 0.0% Assets/Plugins/Assembly-CSharp-firstpass/JCloudRoutineReturn.cs
 0.1 kb	 0.0% Assets/Plugins/Assembly-CSharp-firstpass/JCloudDocumentAsync.cs
 0.1 kb	 0.0% Assets/Plugins/Assembly-CSharp-firstpass/GameCenterManager.cs
 0.1 kb	 0.0% Assets/Plugins/Assembly-CSharp-firstpass/GameCenterGUIManager.cs
 0.1 kb	 0.0% Assets/Plugins/Assembly-CSharp-firstpass/GameCenterBinding.cs
 0.1 kb	 0.0% Assets/Plugins/Assembly-CSharp-firstpass/FractalNoiseParams.cs
 0.1 kb	 0.0% Assets/Plugins/Assembly-CSharp-firstpass/DictionaryToString.cs
 0.1 kb	 0.0% Packages/com.unity.ugui/Runtime/UGUI/UI/Core/VertexModifiers/PositionAsUV1.cs
 0.1 kb	 0.0% Packages/com.unity.ugui/Runtime/UGUI/UI/Core/VertexModifiers/IMeshModifier.cs
 0.1 kb	 0.0% Packages/com.unity.ugui/Runtime/UGUI/UI/Core/VertexModifiers/BaseMeshEffect.cs
 0.1 kb	 0.0% Packages/com.unity.ugui/Runtime/UGUI/UI/Core/StencilMaterial.cs
 0.1 kb	 0.0% Packages/com.unity.ugui/Runtime/UGUI/UI/Core/RaycastReceiver.cs
 0.1 kb	 0.0% Packages/com.unity.ugui/Runtime/UGUI/UI/Core/MaskableGraphic.cs
 0.1 kb	 0.0% Packages/com.unity.ugui/Runtime/UGUI/UI/Core/MaskUtilities.cs
 0.1 kb	 0.0% Packages/com.unity.ugui/Runtime/UGUI/UI/Core/Layout/LayoutUtility.cs
 0.1 kb	 0.0% Packages/com.unity.ugui/Runtime/UGUI/UI/Core/Layout/LayoutRebuilder.cs
 0.1 kb	 0.0% Packages/com.unity.ugui/Runtime/UGUI/UI/Core/Layout/LayoutElement.cs
 0.1 kb	 0.0% Packages/com.unity.ugui/Runtime/UGUI/UI/Core/Layout/ILayoutElement.cs
 0.1 kb	 0.0% Packages/com.unity.ugui/Runtime/UGUI/UI/Core/Layout/GridLayoutGroup.cs
 0.1 kb	 0.0% Packages/com.unity.ugui/Runtime/UGUI/UI/Core/GraphicRegistry.cs
 0.1 kb	 0.0% Packages/com.unity.ugui/Runtime/UGUI/UI/Core/GraphicRaycaster.cs
 0.1 kb	 0.0% Packages/com.unity.ugui/Runtime/UGUI/UI/Core/DefaultControls.cs
 0.1 kb	 0.0% Packages/com.unity.ugui/Runtime/UGUI/UI/Core/Culling/ClipperRegistry.cs
 0.1 kb	 0.0% Packages/com.unity.ugui/Runtime/UGUI/EventSystem/UIBehaviour.cs
 0.1 kb	 0.0% Packages/com.unity.ugui/Runtime/UGUI/EventSystem/InputModules/BaseInput.cs
 0.1 kb	 0.0% Packages/com.unity.ugui/Runtime/UGUI/EventSystem/EventTrigger.cs
 0.1 kb	 0.0% Packages/com.unity.ugui/Runtime/UGUI/EventSystem/EventSystem.cs
 0.1 kb	 0.0% Packages/com.unity.ugui/Runtime/TMP/TMPro_MeshUtilities.cs
 0.1 kb	 0.0% Packages/com.unity.ugui/Runtime/TMP/TMP_ShaderUtilities.cs
 0.1 kb	 0.0% Packages/com.unity.ugui/Runtime/TMP/TMP_RichTextTagsCommon.cs
 0.1 kb	 0.0% Packages/com.unity.ugui/Runtime/TMP/TMP_FontAssetCommon.cs
 0.1 kb	 0.0% Packages/com.unity.services.core/Runtime/Core/CoreResetter.cs
 0.1 kb	 0.0% Packages/com.unity.services.analytics/Runtime/Events/Event.cs
 0.1 kb	 0.0% Packages/com.unity.purchasing/Runtime/Stores/Android/UDP/UDP.cs
 0.1 kb	 0.0% Packages/com.unity.purchasing/Runtime/Purchasing/Product.cs
 0.1 kb	 0.0% Packages/com.unity.purchasing/Runtime/Common/MiniJSON.cs
 0.1 kb	 0.0% Packages/com.unity.ai.navigation/Runtime/NavMeshLink.cs
 0.1 kb	 0.0% Assets/Scripts/Assembly-CSharp/UnlockedCircuitPublisher.cs
 0.1 kb	 0.0% Assets/Scripts/Assembly-CSharp/SoundPackageReference.cs
 0.1 kb	 0.0% Assets/Scripts/Assembly-CSharp/SettingsMenuPublisher.cs
 0.1 kb	 0.0% Assets/Scripts/Assembly-CSharp/SelectCircuitPublisher.cs
 0.1 kb	 0.0% Assets/Scripts/Assembly-CSharp/ScreenTimeoutController.cs
 0.1 kb	 0.0% Assets/Scripts/Assembly-CSharp/RewindLapSlotPublisher.cs
 0.1 kb	 0.0% Assets/Scripts/Assembly-CSharp/RewindDialogPublisher.cs
 0.1 kb	 0.0% Assets/Scripts/Assembly-CSharp/PlayerKeyboardControl.cs
 0.1 kb	 0.0% Assets/Scripts/Assembly-CSharp/ParticleSystemDestroy.cs
 0.1 kb	 0.0% Assets/Scripts/Assembly-CSharp/ObjectTrackDistanceLogic.cs
 0.1 kb	 0.0% Assets/Scripts/Assembly-CSharp/MissionDialogPublisher.cs
 0.1 kb	 0.0% Assets/Scripts/Assembly-CSharp/LocalizedAssetSwapper.cs
 0.1 kb	 0.0% Assets/Scripts/Assembly-CSharp/GenericPopupPublisher.cs
 0.1 kb	 0.0% Assets/Scripts/Assembly-CSharp/FrontEndTutorialHandler.cs
 0.1 kb	 0.0% Assets/Scripts/Assembly-CSharp/DriveWaypointsCarAIState.cs
 0.1 kb	 0.0% Assets/Scripts/Assembly-CSharp/DriveAvoidTerrainAIState.cs
 0.1 kb	 0.0% Assets/Scripts/Assembly-CSharp/DifficultyMenuPublisher.cs
 0.1 kb	 0.0% Assets/Scripts/Assembly-CSharp/DebugRaceResultPublisher.cs
 0.1 kb	 0.0% Assets/Scripts/Assembly-CSharp/DebugMoreCoinsPublisher.cs
 0.1 kb	 0.0% Assets/Scripts/Assembly-CSharp/DebugLapButtonPublisher.cs
 0.1 kb	 0.0% Assets/Scripts/Assembly-CSharp/ConfirmationPublisher.cs
 0.1 kb	 0.0% Assets/Scripts/Assembly-CSharp/CombinePowerupMission.cs
 0.1 kb	 0.0% Assets/Scripts/Assembly-CSharp/CollectPowerupMission.cs
 0.1 kb	 0.0% Assets/Scripts/Assembly-CSharp/CharacterVOController.cs
 0.1 kb	 0.0% Assets/Scripts/Assembly-CSharp/CharacterSelectPublisher.cs
 0.1 kb	 0.0% Assets/Scripts/Assembly-CSharp/CharacterButtonPublisher.cs
 0.1 kb	 0.0% Assets/Scripts/Assembly-CSharp/CartCustomizerPublisher.cs
 0.1 kb	 0.0% Assets/Scripts/Assembly-CSharp/ApplyEffectDebugUtility.cs
 0.1 kb	 0.0% Assets/Scripts/Assembly-CSharp/ActiveObjectListSwtich.cs
 0.1 kb	 0.0% Packages/com.unity.ugui/Runtime/TMP/TextMeshProUGUI.cs
 0.1 kb	 0.0% Packages/com.unity.ugui/Runtime/TMP/TextContainer.cs
 0.1 kb	 0.0% Packages/com.unity.ugui/Runtime/TMP/TMP_TextElement.cs
 0.1 kb	 0.0% Packages/com.unity.ugui/Runtime/TMP/TMP_SubMeshUI.cs
 0.1 kb	 0.0% Packages/com.unity.ugui/Runtime/TMP/TMP_StyleSheet.cs
 0.1 kb	 0.0% Packages/com.unity.ugui/Runtime/TMP/TMP_SpriteGlyph.cs
 0.1 kb	 0.0% Packages/com.unity.ugui/Runtime/TMP/TMP_SpriteAsset.cs
 0.1 kb	 0.0% Packages/com.unity.ugui/Runtime/TMP/TMP_InputField.cs
 0.1 kb	 0.0% Packages/com.unity.ugui/Runtime/TMP/TMP_FontAsset.cs
 0.1 kb	 0.0% Packages/com.unity.ugui/Runtime/TMP/TMP_CoroutineTween.cs
 0.1 kb	 0.0% Packages/com.unity.ugui/Runtime/TMP/TMP_Character.cs
 0.1 kb	 0.0% Packages/com.unity.timeline/Runtime/Utilities/TimelineUndo.cs
 0.1 kb	 0.0% Packages/com.unity.timeline/Runtime/Utilities/TimeUtility.cs
 0.1 kb	 0.0% Packages/com.unity.timeline/Runtime/Utilities/HashUtility.cs
 0.1 kb	 0.0% Packages/com.unity.timeline/Runtime/Utilities/BlendUtility.cs
 0.1 kb	 0.0% Packages/com.unity.timeline/Runtime/TrackAsset.cs
 0.1 kb	 0.0% Packages/com.unity.timeline/Runtime/TimelineClip.cs
 0.1 kb	 0.0% Packages/com.unity.timeline/Runtime/Playables/ITimeControl.cs
 0.1 kb	 0.0% Packages/com.unity.timeline/Runtime/ILayerable.cs
 0.1 kb	 0.0% Packages/com.unity.timeline/Runtime/GroupTrack.cs
 0.1 kb	 0.0% Packages/com.unity.timeline/Runtime/Events/Signals/SignalAsset.cs
 0.1 kb	 0.0% Packages/com.unity.timeline/Runtime/Events/SignalTrack.cs
 0.1 kb	 0.0% Packages/com.unity.timeline/Runtime/Events/MarkerTrack.cs
 0.1 kb	 0.0% Packages/com.unity.timeline/Runtime/Events/MarkerList.cs
 0.1 kb	 0.0% Packages/com.unity.timeline/Runtime/Evaluation/RuntimeClip.cs
 0.1 kb	 0.0% Packages/com.unity.timeline/Runtime/Evaluation/IntervalTree.cs
 0.1 kb	 0.0% Packages/com.unity.timeline/Runtime/DiscreteTime.cs
 0.1 kb	 0.0% Packages/com.unity.timeline/Runtime/Control/ControlTrack.cs
 0.1 kb	 0.0% Packages/com.unity.timeline/Runtime/Audio/AudioTrack.cs
 0.1 kb	 0.0% Packages/com.unity.timeline/Runtime/AssetUpgrade/ClipUpgrade.cs
 0.1 kb	 0.0% Packages/com.unity.timeline/Runtime/Animation/ICurvesOwner.cs
 0.1 kb	 0.0% Assets/Plugins/Assembly-CSharp-firstpass/iCloudManager.cs
 0.1 kb	 0.0% Assets/Plugins/Assembly-CSharp-firstpass/iCloudGUIManager.cs
 0.1 kb	 0.0% Assets/Plugins/Assembly-CSharp-firstpass/iCloudBinding.cs
 0.1 kb	 0.0% Assets/Plugins/Assembly-CSharp-firstpass/UghSlideToggle.cs
 0.1 kb	 0.0% Assets/Plugins/Assembly-CSharp-firstpass/UghScrollView.cs
 0.1 kb	 0.0% Assets/Plugins/Assembly-CSharp-firstpass/TransformGizmo.cs
 0.1 kb	 0.0% Assets/Plugins/Assembly-CSharp-firstpass/StoreKitProduct.cs
 0.1 kb	 0.0% Assets/Plugins/Assembly-CSharp-firstpass/StoreKitManager.cs
 0.1 kb	 0.0% Assets/Plugins/Assembly-CSharp-firstpass/StoreKitBinding.cs
 0.1 kb	 0.0% Assets/Plugins/Assembly-CSharp-firstpass/SmoothFollower.cs
 0.1 kb	 0.0% Assets/Plugins/Assembly-CSharp-firstpass/SingletonScript.cs
 0.1 kb	 0.0% Assets/Plugins/Assembly-CSharp-firstpass/PIDController.cs
 0.1 kb	 0.0% Assets/Plugins/Assembly-CSharp-firstpass/MoreGamesBinding.cs
 0.1 kb	 0.0% Assets/Plugins/Assembly-CSharp-firstpass/LocalizedString.cs
 0.1 kb	 0.0% Assets/Plugins/Assembly-CSharp-firstpass/LanguageAsset.cs
 0.1 kb	 0.0% Assets/Plugins/Assembly-CSharp-firstpass/JCloudRoutine.cs
 0.1 kb	 0.0% Assets/Plugins/Assembly-CSharp-firstpass/JCloudManager.cs
 0.1 kb	 0.0% Assets/Plugins/Assembly-CSharp-firstpass/JCloudDocument.cs
 0.1 kb	 0.0% Assets/Plugins/Assembly-CSharp-firstpass/JCloudDictionary.cs
 0.1 kb	 0.0% Assets/Plugins/Assembly-CSharp-firstpass/GravCloudPrefs.cs
 0.1 kb	 0.0% Assets/Plugins/Assembly-CSharp-firstpass/GravCloudBinding.cs
 0.1 kb	 0.0% Assets/Plugins/Assembly-CSharp-firstpass/GameCenterScore.cs
 0.1 kb	 0.0% Assets/Plugins/Assembly-CSharp-firstpass/GameCenterPlayer.cs
 0.1 kb	 0.0% Assets/Plugins/Assembly-CSharp-firstpass/EnumerableScript.cs
 0.1 kb	 0.0% Assets/Plugins/Assembly-CSharp-firstpass/BurstlyBinding.cs
 0.1 kb	 0.0% Packages/com.unity.ugui/Runtime/UGUI/UI/Core/Utility/VertexHelper.cs
 0.1 kb	 0.0% Packages/com.unity.ugui/Runtime/UGUI/UI/Core/ToggleGroup.cs
 0.1 kb	 0.0% Packages/com.unity.ugui/Runtime/UGUI/UI/Core/SpriteState.cs
 0.1 kb	 0.0% Packages/com.unity.ugui/Runtime/UGUI/UI/Core/Selectable.cs
 0.1 kb	 0.0% Packages/com.unity.ugui/Runtime/UGUI/UI/Core/Scrollbar.cs
 0.1 kb	 0.0% Packages/com.unity.ugui/Runtime/UGUI/UI/Core/ScrollRect.cs
 0.1 kb	 0.0% Packages/com.unity.ugui/Runtime/UGUI/UI/Core/RectMask2D.cs
 0.1 kb	 0.0% Packages/com.unity.ugui/Runtime/UGUI/UI/Core/Navigation.cs
 0.1 kb	 0.0% Packages/com.unity.ugui/Runtime/UGUI/UI/Core/Layout/LayoutGroup.cs
 0.1 kb	 0.0% Packages/com.unity.ugui/Runtime/UGUI/UI/Core/Layout/CanvasScaler.cs
 0.1 kb	 0.0% Packages/com.unity.ugui/Runtime/UGUI/UI/Core/InputField.cs
 0.1 kb	 0.0% Packages/com.unity.ugui/Runtime/UGUI/UI/Core/IMaskable.cs
 0.1 kb	 0.0% Packages/com.unity.ugui/Runtime/UGUI/UI/Core/ColorBlock.cs
 0.1 kb	 0.0% Packages/com.unity.services.core/Runtime/Core/IService.cs
 0.1 kb	 0.0% Packages/com.unity.ai.navigation/Runtime/HelpUrls.cs
 0.1 kb	 0.0% Assets/Scripts/Assembly-CSharp/UsePowerupMission.cs
 0.1 kb	 0.0% Assets/Scripts/Assembly-CSharp/UsePowerupAIState.cs
 0.1 kb	 0.0% Assets/Scripts/Assembly-CSharp/TrackUnlockHelper.cs
 0.1 kb	 0.0% Assets/Scripts/Assembly-CSharp/TrackSelectPublisher.cs
 0.1 kb	 0.0% Assets/Scripts/Assembly-CSharp/TerrainEffectTrigger.cs
 0.1 kb	 0.0% Assets/Scripts/Assembly-CSharp/SphereMoverCollider.cs
 0.1 kb	 0.0% Assets/Scripts/Assembly-CSharp/SoundPackageManager.cs
 0.1 kb	 0.0% Assets/Scripts/Assembly-CSharp/SoundLibraryAddendum.cs
 0.1 kb	 0.0% Assets/Scripts/Assembly-CSharp/RuntimeEditorUtils.cs
 0.1 kb	 0.0% Assets/Scripts/Assembly-CSharp/RocketRideRemover.cs
 0.1 kb	 0.0% Assets/Scripts/Assembly-CSharp/RaceResultsPublisher.cs
 0.1 kb	 0.0% Assets/Scripts/Assembly-CSharp/ProgressTriggerLogic.cs
 0.1 kb	 0.0% Assets/Scripts/Assembly-CSharp/PlayerControlLinker.cs
 0.1 kb	 0.0% Assets/Scripts/Assembly-CSharp/PlayerAccelControl.cs
 0.1 kb	 0.0% Assets/Scripts/Assembly-CSharp/PlaySummaryPublisher.cs
 0.1 kb	 0.0% Assets/Scripts/Assembly-CSharp/PlayMenuPublisher.cs
 0.1 kb	 0.0% Assets/Scripts/Assembly-CSharp/PaintSlotPublisher.cs
 0.1 kb	 0.0% Assets/Scripts/Assembly-CSharp/MultilayerTexture.cs
 0.1 kb	 0.0% Assets/Scripts/Assembly-CSharp/MissionCollection.cs
 0.1 kb	 0.0% Assets/Scripts/Assembly-CSharp/MineNotifyPublisher.cs
 0.1 kb	 0.0% Assets/Scripts/Assembly-CSharp/LocalizeCloudStrap.cs
 0.1 kb	 0.0% Assets/Scripts/Assembly-CSharp/GuidedJumpTrigger.cs
 0.1 kb	 0.0% Assets/Scripts/Assembly-CSharp/FrontEndCameraTarget.cs
 0.1 kb	 0.0% Assets/Scripts/Assembly-CSharp/FinishTheLapMission.cs
 0.1 kb	 0.0% Assets/Scripts/Assembly-CSharp/DrivePickupAIState.cs
 0.1 kb	 0.0% Assets/Scripts/Assembly-CSharp/DriftScalePublisher.cs
 0.1 kb	 0.0% Assets/Scripts/Assembly-CSharp/DebugTrackStrapper.cs
 0.1 kb	 0.0% Assets/Scripts/Assembly-CSharp/DailyBonusPublisher.cs
 0.1 kb	 0.0% Assets/Scripts/Assembly-CSharp/CompositeTextureUtil.cs
 0.1 kb	 0.0% Assets/Scripts/Assembly-CSharp/CharacterConfigData.cs
 0.1 kb	 0.0% Assets/Scripts/Assembly-CSharp/CarAIPathRecorder.cs
 0.1 kb	 0.0% Assets/Scripts/Assembly-CSharp/BuyPowerupMission.cs
 0.1 kb	 0.0% Assets/Scripts/Assembly-CSharp/BlipTrackPublisher.cs
 0.1 kb	 0.0% Assets/Scripts/Assembly-CSharp/AchievementManager.cs
 0.1 kb	 0.0% Assets/Scripts/Assembly-CSharp/AchievementListener.cs
 0.1 kb	 0.0% Assets/Resources/PartCosts.json
 0.1 kb	 0.0% Packages/com.unity.ugui/Runtime/UGUI/UI/Core/Culling/IClipRegion.cs
 0.1 kb	 0.0% Packages/com.unity.ugui/Runtime/TMP/TextMeshPro.cs
 0.1 kb	 0.0% Packages/com.unity.ugui/Runtime/TMP/TMP_TextInfo.cs
 0.1 kb	 0.0% Packages/com.unity.ugui/Runtime/TMP/TMP_SubMesh.cs
 0.1 kb	 0.0% Packages/com.unity.ugui/Runtime/TMP/TMP_Style.cs
 0.1 kb	 0.0% Packages/com.unity.ugui/Runtime/TMP/TMP_Sprite.cs
 0.1 kb	 0.0% Packages/com.unity.ugui/Runtime/TMP/TMP_Settings.cs
 0.1 kb	 0.0% Packages/com.unity.ugui/Runtime/TMP/TMP_MeshInfo.cs
 0.1 kb	 0.0% Packages/com.unity.ugui/Runtime/TMP/TMP_LineInfo.cs
 0.1 kb	 0.0% Packages/com.unity.ugui/Runtime/TMP/TMP_Dropdown.cs
 0.1 kb	 0.0% Packages/com.unity.ugui/Runtime/TMP/TMP_Asset.cs
 0.1 kb	 0.0% Packages/com.unity.ugui/Runtime/TMP/FastAction.cs
 0.1 kb	 0.0% Packages/com.unity.timeline/Runtime/ObjectId.cs
 0.1 kb	 0.0% Packages/com.unity.timeline/Runtime/Events/Marker.cs
 0.1 kb	 0.0% Packages/com.unity.timeline/Runtime/Events/IMarker.cs
 0.1 kb	 0.0% Assets/Plugins/Assembly-CSharp-firstpass/WindowIDs.cs
 0.1 kb	 0.0% Assets/Plugins/Assembly-CSharp-firstpass/UghTriangle.cs
 0.1 kb	 0.0% Assets/Plugins/Assembly-CSharp-firstpass/UghToggle.cs
 0.1 kb	 0.0% Assets/Plugins/Assembly-CSharp-firstpass/UghStretch.cs
 0.1 kb	 0.0% Assets/Plugins/Assembly-CSharp-firstpass/UghSprite.cs
 0.1 kb	 0.0% Assets/Plugins/Assembly-CSharp-firstpass/UghSlider.cs
 0.1 kb	 0.0% Assets/Plugins/Assembly-CSharp-firstpass/UghPublisher.cs
 0.1 kb	 0.0% Assets/Plugins/Assembly-CSharp-firstpass/UghControl.cs
 0.1 kb	 0.0% Assets/Plugins/Assembly-CSharp-firstpass/UghCamera.cs
 0.1 kb	 0.0% Assets/Plugins/Assembly-CSharp-firstpass/UghButton.cs
 0.1 kb	 0.0% Assets/Plugins/Assembly-CSharp-firstpass/SmoothRandom.cs
 0.1 kb	 0.0% Assets/Plugins/Assembly-CSharp-firstpass/ScreenFade.cs
 0.1 kb	 0.0% Assets/Plugins/Assembly-CSharp-firstpass/ResultLogger.cs
 0.1 kb	 0.0% Assets/Plugins/Assembly-CSharp-firstpass/Quaternionx.cs
 0.1 kb	 0.0% Assets/Plugins/Assembly-CSharp-firstpass/P31CloudFile.cs
 0.1 kb	 0.0% Assets/Plugins/Assembly-CSharp-firstpass/Messenger.cs
 0.1 kb	 0.0% Assets/Plugins/Assembly-CSharp-firstpass/Matrix4x4x.cs
 0.1 kb	 0.0% Assets/Plugins/Assembly-CSharp-firstpass/LEDScroller.cs
 0.1 kb	 0.0% Assets/Plugins/Assembly-CSharp-firstpass/JCloudExtern.cs
 0.1 kb	 0.0% Assets/Plugins/Assembly-CSharp-firstpass/JCloudData.cs
 0.1 kb	 0.0% Assets/Plugins/Assembly-CSharp-firstpass/GDMOBinding.cs
 0.1 kb	 0.0% Assets/Plugins/Assembly-CSharp-firstpass/FractalNoise.cs
 0.1 kb	 0.0% Assets/Plugins/Assembly-CSharp-firstpass/EdgePixels.cs
 0.1 kb	 0.0% Assets/Plugins/Assembly-CSharp-firstpass/DrawArea3D.cs
 0.1 kb	 0.0% Assets/Plugins/Assembly-CSharp-firstpass/ByteStream.cs
 0.1 kb	 0.0% Assets/Plugins/Assembly-CSharp-firstpass/AudioSourcex.cs
 0.1 kb	 0.0% Assets/Plugins/Assembly-CSharp-firstpass/AudioManager.cs
 0.1 kb	 0.0% Assets/Plugins/Assembly-CSharp-firstpass/AudioCrumb.cs
 0.1 kb	 0.0% Packages/com.unity.ugui/Runtime/UGUI/UI/Core/VertexModifiers/Shadow.cs
 0.1 kb	 0.0% Packages/com.unity.ugui/Runtime/UGUI/UI/Core/VertexModifiers/Outline.cs
 0.1 kb	 0.0% Packages/com.unity.ugui/Runtime/UGUI/UI/Core/Toggle.cs
 0.1 kb	 0.0% Packages/com.unity.ugui/Runtime/UGUI/UI/Core/Slider.cs
 0.1 kb	 0.0% Packages/com.unity.ugui/Runtime/UGUI/UI/Core/RawImage.cs
 0.1 kb	 0.0% Packages/com.unity.ugui/Runtime/UGUI/UI/Core/Image.cs
 0.1 kb	 0.0% Packages/com.unity.ugui/Runtime/UGUI/UI/Core/IMask.cs
 0.1 kb	 0.0% Packages/com.unity.ugui/Runtime/UGUI/UI/Core/Graphic.cs
 0.1 kb	 0.0% Packages/com.unity.ugui/Runtime/UGUI/UI/Core/FontData.cs
 0.1 kb	 0.0% Packages/com.unity.ugui/Runtime/UGUI/UI/Core/Dropdown.cs
 0.1 kb	 0.0% Packages/com.unity.ugui/Runtime/UGUI/UI/Core/Culling/Clipping.cs
 0.1 kb	 0.0% Packages/com.unity.ugui/Runtime/UGUI/UI/Core/Button.cs
 0.1 kb	 0.0% Packages/com.unity.purchasing/Runtime/Purchasing/Utilites/Interfaces/IUtil.cs
 0.1 kb	 0.0% Assets/Scripts/Assembly-CSharp/WipeoutEffect.cs
 0.1 kb	 0.0% Assets/Scripts/Assembly-CSharp/WhoopieCushion.cs
 0.1 kb	 0.0% Assets/Scripts/Assembly-CSharp/WaypointLogic.cs
 0.1 kb	 0.0% Assets/Scripts/Assembly-CSharp/UghHeldButton.cs
 0.1 kb	 0.0% Assets/Scripts/Assembly-CSharp/TurkeyGooShooter.cs
 0.1 kb	 0.0% Assets/Scripts/Assembly-CSharp/TripLineEffect.cs
 0.1 kb	 0.0% Assets/Scripts/Assembly-CSharp/TouchTurnTrack.cs
 0.1 kb	 0.0% Assets/Scripts/Assembly-CSharp/TeleportTrigger.cs
 0.1 kb	 0.0% Assets/Scripts/Assembly-CSharp/TeleportEffect.cs
 0.1 kb	 0.0% Assets/Scripts/Assembly-CSharp/StreamManager.cs
 0.1 kb	 0.0% Assets/Scripts/Assembly-CSharp/SpringTrigger.cs
 0.1 kb	 0.0% Assets/Scripts/Assembly-CSharp/SpringConnection.cs
 0.1 kb	 0.0% Assets/Scripts/Assembly-CSharp/SpreadMineEffect.cs
 0.1 kb	 0.0% Assets/Scripts/Assembly-CSharp/SphereMoverAI.cs
 0.1 kb	 0.0% Assets/Scripts/Assembly-CSharp/SourceFactory.cs
 0.1 kb	 0.0% Assets/Scripts/Assembly-CSharp/SoundSequencer.cs
 0.1 kb	 0.0% Assets/Scripts/Assembly-CSharp/SlowdownEffect.cs
 0.1 kb	 0.0% Assets/Scripts/Assembly-CSharp/ShockedEffect.cs
 0.1 kb	 0.0% Assets/Scripts/Assembly-CSharp/ShiftUIPublisher.cs
 0.1 kb	 0.0% Assets/Scripts/Assembly-CSharp/RocketRideEffect.cs
 0.1 kb	 0.0% Assets/Scripts/Assembly-CSharp/RewbieShimmer.cs
 0.1 kb	 0.0% Assets/Scripts/Assembly-CSharp/ReverseButton.cs
 0.1 kb	 0.0% Assets/Scripts/Assembly-CSharp/RandomShotEffect.cs
 0.1 kb	 0.0% Assets/Scripts/Assembly-CSharp/QualityControl.cs
 0.1 kb	 0.0% Assets/Scripts/Assembly-CSharp/PreRaceCamera.cs
 0.1 kb	 0.0% Assets/Scripts/Assembly-CSharp/PreFrontEndHoop.cs
 0.1 kb	 0.0% Assets/Scripts/Assembly-CSharp/PowerupMagnet.cs
 0.1 kb	 0.0% Assets/Scripts/Assembly-CSharp/PowerupHolder.cs
 0.1 kb	 0.0% Assets/Scripts/Assembly-CSharp/PopoverPublisher.cs
 0.1 kb	 0.0% Assets/Scripts/Assembly-CSharp/PlayerInstance.cs
 0.1 kb	 0.0% Assets/Scripts/Assembly-CSharp/PickupSpawner.cs
 0.1 kb	 0.0% Assets/Scripts/Assembly-CSharp/PausePublisher.cs
 0.1 kb	 0.0% Assets/Scripts/Assembly-CSharp/ParticleReducer.cs
 0.1 kb	 0.0% Assets/Scripts/Assembly-CSharp/ParticleLibrary.cs
 0.1 kb	 0.0% Assets/Scripts/Assembly-CSharp/ObjectGroupList.cs
 0.1 kb	 0.0% Assets/Scripts/Assembly-CSharp/MoreDisneyLogic.cs
 0.1 kb	 0.0% Assets/Scripts/Assembly-CSharp/MissionManager.cs
 0.1 kb	 0.0% Assets/Scripts/Assembly-CSharp/MineSpreaderAI.cs
 0.1 kb	 0.0% Assets/Scripts/Assembly-CSharp/LowEndInhibitor.cs
 0.1 kb	 0.0% Assets/Scripts/Assembly-CSharp/LocalOptionsData.cs
 0.1 kb	 0.0% Assets/Scripts/Assembly-CSharp/LoadingPublisher.cs
 0.1 kb	 0.0% Assets/Scripts/Assembly-CSharp/LiftControlAI.cs
 0.1 kb	 0.0% Assets/Scripts/Assembly-CSharp/LifetimeMetrics.cs
 0.1 kb	 0.0% Assets/Scripts/Assembly-CSharp/GuidedJumpEffect.cs
 0.1 kb	 0.0% Assets/Scripts/Assembly-CSharp/FrontEndLogic.cs
 0.1 kb	 0.0% Assets/Scripts/Assembly-CSharp/FrontEndCamera.cs
 0.1 kb	 0.0% Assets/Scripts/Assembly-CSharp/ForwardForceAI.cs
 0.1 kb	 0.0% Assets/Scripts/Assembly-CSharp/ExplodingBarrel.cs
 0.1 kb	 0.0% Assets/Scripts/Assembly-CSharp/EnsureGlobals.cs
 0.1 kb	 0.0% Assets/Scripts/Assembly-CSharp/EffectManager.cs
 0.1 kb	 0.0% Assets/Scripts/Assembly-CSharp/CreditsPublisher.cs
 0.1 kb	 0.0% Assets/Scripts/Assembly-CSharp/CompositeProfile.cs
 0.1 kb	 0.0% Assets/Scripts/Assembly-CSharp/CloudSaveData.cs
 0.1 kb	 0.0% Assets/Scripts/Assembly-CSharp/ClipReference.cs
 0.1 kb	 0.0% Assets/Scripts/Assembly-CSharp/CharacterPreview.cs
 0.1 kb	 0.0% Assets/Scripts/Assembly-CSharp/CausticsManager.cs
 0.1 kb	 0.0% Assets/Scripts/Assembly-CSharp/CatchupNotify.cs
 0.1 kb	 0.0% Assets/Scripts/Assembly-CSharp/CartAttributes.cs
 0.1 kb	 0.0% Assets/Scripts/Assembly-CSharp/CarAIPersonality.cs
 0.1 kb	 0.0% Assets/Scripts/Assembly-CSharp/CarAIPathManager.cs
 0.1 kb	 0.0% Assets/Scripts/Assembly-CSharp/BreakableObject.cs
 0.1 kb	 0.0% Assets/Scripts/Assembly-CSharp/BoosterPickup.cs
 0.1 kb	 0.0% Assets/Scripts/Assembly-CSharp/BoosterEffect.cs
 0.1 kb	 0.0% Assets/Scripts/Assembly-CSharp/BoatAnchorEffect.cs
 0.1 kb	 0.0% Assets/Scripts/Assembly-CSharp/BillboardRemover.cs
 0.1 kb	 0.0% Assets/Scripts/Assembly-CSharp/BaseCarAIState.cs
 0.1 kb	 0.0% Assets/Scripts/Assembly-CSharp/BarrelSpawner.cs
 0.1 kb	 0.0% Assets/Scripts/Assembly-CSharp/BarrelLauncher.cs
 0.1 kb	 0.0% Assets/Scripts/Assembly-CSharp/AnimationTire.cs
 0.1 kb	 0.0% Assets/Scripts/Assembly-CSharp/AnimationDriver.cs
 0.1 kb	 0.0% Assets/Scripts/Assembly-CSharp/AnimatedTexture.cs
 0.1 kb	 0.0% Assets/Scripts/Assembly-CSharp/AlternateForm.cs
 0.1 kb	 0.0% Assets/Scripts/Assembly-CSharp/AchievementUI.cs
 0.1 kb	 0.0% Packages/com.unity.ugui/Runtime/TMP/TMP_Text.cs
 0.1 kb	 0.0% Assets/Plugins/Assembly-CSharp-firstpass/Vector3x.cs
 0.1 kb	 0.0% Assets/Plugins/Assembly-CSharp-firstpass/UghText.cs
 0.1 kb	 0.0% Assets/Plugins/Assembly-CSharp-firstpass/UghInput.cs
 0.1 kb	 0.0% Assets/Plugins/Assembly-CSharp-firstpass/UghAlign.cs
 0.1 kb	 0.0% Assets/Plugins/Assembly-CSharp-firstpass/Script.cs
 0.1 kb	 0.0% Assets/Plugins/Assembly-CSharp-firstpass/Screenx.cs
 0.1 kb	 0.0% Assets/Plugins/Assembly-CSharp-firstpass/Rectx.cs
 0.1 kb	 0.0% Assets/Plugins/Assembly-CSharp-firstpass/Rangef.cs
 0.1 kb	 0.0% Assets/Plugins/Assembly-CSharp-firstpass/Perlin.cs
 0.1 kb	 0.0% Assets/Plugins/Assembly-CSharp-firstpass/P31Prefs.cs
 0.1 kb	 0.0% Assets/Plugins/Assembly-CSharp-firstpass/MiniJSON.cs
 0.1 kb	 0.0% Assets/Plugins/Assembly-CSharp-firstpass/Mathfx.cs
 0.1 kb	 0.0% Assets/Plugins/Assembly-CSharp-firstpass/Localize.cs
 0.1 kb	 0.0% Assets/Plugins/Assembly-CSharp-firstpass/Inputx.cs
 0.1 kb	 0.0% Assets/Plugins/Assembly-CSharp-firstpass/Email.cs
 0.1 kb	 0.0% Assets/Plugins/Assembly-CSharp-firstpass/DrawArea.cs
 0.1 kb	 0.0% Assets/Plugins/Assembly-CSharp-firstpass/Dialog.cs
 0.1 kb	 0.0% Packages/com.unity.ugui/Runtime/UGUI/UI/Core/Text.cs
 0.1 kb	 0.0% Packages/com.unity.ugui/Runtime/UGUI/UI/Core/Misc.cs
 0.1 kb	 0.0% Packages/com.unity.ugui/Runtime/UGUI/UI/Core/Mask.cs
 0.1 kb	 0.0% Assets/Scripts/Assembly-UnityScript/WheelData.cs
 0.1 kb	 0.0% Assets/Scripts/Assembly-UnityScript/Plane_Script.cs
 0.1 kb	 0.0% Assets/Scripts/Assembly-UnityScript/Car_Script.cs
 0.1 kb	 0.0% Assets/Scripts/Assembly-CSharp/VolumeSlider.cs
 0.1 kb	 0.0% Assets/Scripts/Assembly-CSharp/UVScroller.cs
 0.1 kb	 0.0% Assets/Scripts/Assembly-CSharp/TurnMission.cs
 0.1 kb	 0.0% Assets/Scripts/Assembly-CSharp/StreamTest.cs
 0.1 kb	 0.0% Assets/Scripts/Assembly-CSharp/SpeedPoint.cs
 0.1 kb	 0.0% Assets/Scripts/Assembly-CSharp/SoundPackage.cs
 0.1 kb	 0.0% Assets/Scripts/Assembly-CSharp/SoundLibrary.cs
 0.1 kb	 0.0% Assets/Scripts/Assembly-CSharp/SnapShotInfo.cs
 0.1 kb	 0.0% Assets/Scripts/Assembly-CSharp/SmashEffect.cs
 0.1 kb	 0.0% Assets/Scripts/Assembly-CSharp/SkidEffect.cs
 0.1 kb	 0.0% Assets/Scripts/Assembly-CSharp/ShotDroneAI.cs
 0.1 kb	 0.0% Assets/Scripts/Assembly-CSharp/ShieldPickup.cs
 0.1 kb	 0.0% Assets/Scripts/Assembly-CSharp/ShieldEffect.cs
 0.1 kb	 0.0% Assets/Scripts/Assembly-CSharp/ShadowBlob.cs
 0.1 kb	 0.0% Assets/Scripts/Assembly-CSharp/ScreenFader.cs
 0.1 kb	 0.0% Assets/Scripts/Assembly-CSharp/RotatorAI.cs
 0.1 kb	 0.0% Assets/Scripts/Assembly-CSharp/RocketPickup.cs
 0.1 kb	 0.0% Assets/Scripts/Assembly-CSharp/RocketEffect.cs
 0.1 kb	 0.0% Assets/Scripts/Assembly-CSharp/ResetTrigger.cs
 0.1 kb	 0.0% Assets/Scripts/Assembly-CSharp/RaceSettings.cs
 0.1 kb	 0.0% Assets/Scripts/Assembly-CSharp/RaceResults.cs
 0.1 kb	 0.0% Assets/Scripts/Assembly-CSharp/RaceManager.cs
 0.1 kb	 0.0% Assets/Scripts/Assembly-CSharp/PyroTechnics.cs
 0.1 kb	 0.0% Assets/Scripts/Assembly-CSharp/PreviewCart.cs
 0.1 kb	 0.0% Assets/Scripts/Assembly-CSharp/PieLauncher.cs
 0.1 kb	 0.0% Assets/Scripts/Assembly-CSharp/PieHitEffect.cs
 0.1 kb	 0.0% Assets/Scripts/Assembly-CSharp/PieAttack.cs
 0.1 kb	 0.0% Assets/Scripts/Assembly-CSharp/PauseMission.cs
 0.1 kb	 0.0% Assets/Scripts/Assembly-CSharp/PathMoverAI.cs
 0.1 kb	 0.0% Assets/Scripts/Assembly-CSharp/MusicPlayer.cs
 0.1 kb	 0.0% Assets/Scripts/Assembly-CSharp/MinePickup.cs
 0.1 kb	 0.0% Assets/Scripts/Assembly-CSharp/MineEffect.cs
 0.1 kb	 0.0% Assets/Scripts/Assembly-CSharp/LaserLogic.cs
 0.1 kb	 0.0% Assets/Scripts/Assembly-CSharp/InputBlocker.cs
 0.1 kb	 0.0% Assets/Scripts/Assembly-CSharp/GimpedCarAI.cs
 0.1 kb	 0.0% Assets/Scripts/Assembly-CSharp/GDMOManager.cs
 0.1 kb	 0.0% Assets/Scripts/Assembly-CSharp/FollowCamera.cs
 0.1 kb	 0.0% Assets/Scripts/Assembly-CSharp/FlipEffect.cs
 0.1 kb	 0.0% Assets/Scripts/Assembly-CSharp/FadeHelper.cs
 0.1 kb	 0.0% Assets/Scripts/Assembly-CSharp/Explosion.cs
 0.1 kb	 0.0% Assets/Scripts/Assembly-CSharp/DriftMission.cs
 0.1 kb	 0.0% Assets/Scripts/Assembly-CSharp/DriftButton.cs
 0.1 kb	 0.0% Assets/Scripts/Assembly-CSharp/DataUtility.cs
 0.1 kb	 0.0% Assets/Scripts/Assembly-CSharp/CoinPoint.cs
 0.1 kb	 0.0% Assets/Scripts/Assembly-CSharp/CloudStrap.cs
 0.1 kb	 0.0% Assets/Scripts/Assembly-CSharp/CartPartList.cs
 0.1 kb	 0.0% Assets/Scripts/Assembly-CSharp/CarSnapShot.cs
 0.1 kb	 0.0% Assets/Scripts/Assembly-CSharp/CarProgress.cs
 0.1 kb	 0.0% Assets/Scripts/Assembly-CSharp/CarMetrics.cs
 0.1 kb	 0.0% Assets/Scripts/Assembly-CSharp/CarCollider.cs
 0.1 kb	 0.0% Assets/Scripts/Assembly-CSharp/CarAIPath.cs
 0.1 kb	 0.0% Assets/Scripts/Assembly-CSharp/CameraWobble.cs
 0.1 kb	 0.0% Assets/Scripts/Assembly-CSharp/CameraShake.cs
 0.1 kb	 0.0% Assets/Scripts/Assembly-CSharp/BubbleJet.cs
 0.1 kb	 0.0% Assets/Scripts/Assembly-CSharp/BrakeMission.cs
 0.1 kb	 0.0% Assets/Scripts/Assembly-CSharp/BasketBall.cs
 0.1 kb	 0.0% Assets/Scripts/Assembly-CSharp/BasePickup.cs
 0.1 kb	 0.0% Assets/Scripts/Assembly-CSharp/BaseMission.cs
 0.1 kb	 0.0% Assets/Scripts/Assembly-CSharp/BaseEffect.cs
 0.1 kb	 0.0% Assets/Scripts/Assembly-CSharp/AgeGatePopup.cs
 0.1 kb	 0.0% Assets/Plugins/Assembly-CSharp-firstpass/Util.cs
 0.1 kb	 0.0% Assets/Plugins/Assembly-CSharp-firstpass/GUIx.cs
 0.1 kb	 0.0% Assets/Scripts/Assembly-CSharp/UFOLogic.cs
 0.1 kb	 0.0% Assets/Scripts/Assembly-CSharp/TripLine.cs
 0.1 kb	 0.0% Assets/Scripts/Assembly-CSharp/TriFoot.cs
 0.1 kb	 0.0% Assets/Scripts/Assembly-CSharp/RocketAI.cs
 0.1 kb	 0.0% Assets/Scripts/Assembly-CSharp/PieSplat.cs
 0.1 kb	 0.0% Assets/Scripts/Assembly-CSharp/PaintJob.cs
 0.1 kb	 0.0% Assets/Scripts/Assembly-CSharp/MineAI.cs
 0.1 kb	 0.0% Assets/Scripts/Assembly-CSharp/LoadSpin.cs
 0.1 kb	 0.0% Assets/Scripts/Assembly-CSharp/HUDLogic.cs
 0.1 kb	 0.0% Assets/Scripts/Assembly-CSharp/CartSlot.cs
 0.1 kb	 0.0% Assets/Scripts/Assembly-CSharp/CartPart.cs
 0.1 kb	 0.0% Assets/Scripts/Assembly-CSharp/CarAI.cs
 0.1 kb	 0.0% Assets/Scripts/Assembly-CSharp/Crab.cs
 0.1 kb	 0.0% Assets/Scripts/Assembly-CSharp/Coin.cs
 0.1 kb	 0.0% Assets/Resources/multilayertextures/kart0nopaint/Kart0NoPaintBundleDef.asset
 0.1 kb	 0.0% Assets/Resources/multilayertextures/kart6paint/Kart6PaintBundleDef.asset
 0.1 kb	 0.0% Assets/Resources/multilayertextures/kart5paint/Kart5PaintBundleDef.asset
 0.1 kb	 0.0% Assets/Resources/multilayertextures/kart4paint/Kart4PaintBundleDef.asset
 0.1 kb	 0.0% Assets/Resources/multilayertextures/kart3paint/Kart3PaintBundleDef.asset
 0.1 kb	 0.0% Assets/Resources/multilayertextures/kart2paint/Kart2PaintBundleDef.asset
 0.1 kb	 0.0% Assets/Resources/multilayertextures/kart1paint/Kart1PaintBundleDef.asset
 0.1 kb	 0.0% Assets/Resources/multilayertextures/kart0paint/Kart0PaintBundleDef.asset
 0.1 kb	 0.0% Assets/Resources/BillingMode.json
-------------------------------------------------------------------------------
Unloading 2540 Unused Serialized files (Serialized files now loaded: 0)
Unloading 9806 unused Assets / (21.7 MB). Loaded Objects now: 5059.
Memory consumption went from 0.50 GB to 494.5 MB.
Total: 29.241300 ms (FindLiveObjects: 1.219600 ms CreateObjectMapping: 2.648400 ms MarkObjects: 11.820600 ms  DeleteObjects: 13.550000 ms)

DisplayProgressNotification: Build Successful
Build Finished, Result: Success.
##utp:{"success":true,"type":"PlayerBuildInfo","version":2,"phase":"Immediate","time":1784085930034,"processId":7560,"steps":[{"description":"Preprocess Player","duration":34},{"description":"Prepare For Build","duration":1694},{"description":"ProducePlayerScriptAssemblies","duration":8815},{"description":"Verify Build setup","duration":65},{"description":"Prepare assets for target platform","duration":2},{"description":"Prepare splash screen","duration":10},{"description":"Build scripts DLLs","duration":27},{"description":"Building scenes","duration":11506},{"description":"Build GlobalGameManagers file","duration":249},{"description":"Writing asset files","duration":5379},{"description":"Building Resources/unity_builtin_extra","duration":733},{"description":"Write data build dirty tracking information","duration":438},{"description":"Postprocess built player","duration":197737}],"duration":226689}
Unloading 0 Unused Serialized files (Serialized files now loaded: 0)
Loaded scene 'Temp/__Backupscenes/0.backup'
	Deserialize:            5.431 ms
	Integration:            9.651 ms
	Integration of assets:  0.003 ms
	Thread Wait Time:       0.024 ms
	Total Operation Time:   15.109 ms
Unloading 0 unused Assets / (0 B). Loaded Objects now: 5052.
Memory consumption went from 373.1 MB to 373.1 MB.
Total: 9.756500 ms (FindLiveObjects: 0.514100 ms CreateObjectMapping: 0.465000 ms MarkObjects: 8.766000 ms  DeleteObjects: 0.010100 ms)

Batchmode quit successfully invoked - shutting down!
Starting: C:\Program Files\Unity\Hub\Editor\6000.5.3f1\Editor\Data\PlaybackEngines\AndroidPlayer\OpenJDK\bin\java.exe -classpath "C:\Program Files\Unity\Hub\Editor\6000.5.3f1\Editor\Data\PlaybackEngines\AndroidPlayer\Tools\gradle\lib\gradle-launcher-9.1.0.jar" org.gradle.launcher.GradleMain "-Dorg.gradle.jvmargs=-Xmx4096m" "--stop" 
WorkingDir: 
Build log was saved at 'C:\Users\STEEP\Documents\game\phase4_reconstruction\Unity6Project\build\outputs\logs\unity---stop-build.log'
Killing ADB server in 2,129198 seconds.
[Physics::Module] Cleanup current backend.
[Physics::Module] Id: 0xf2b8ea05
Input System module state changed to: ShutdownInProgress.
Input Polling Thread exited.
Input System module state changed to: Shutdown.
[Licensing::IpcConnector] LicenseClient-STEEP-6000.5.3-notifications channel disconnected successfully.
[Licensing::IpcConnector] LicenseClient-STEEP-6000.5.3 channel disconnected successfully.
AcceleratorClientConnectionCallback - disconnected - :0
Cleanup mono
CodeReloadManager destroyed
Exiting batchmode successfully now!
Exiting without the bug reporter. Application will terminate with return code 0