Asset,Kind,Script,Count,ScriptPath
Assets\Scenes\CloudStrap.unity,.unity,RotatorAI,5,Assets\Scripts\Assembly-CSharp\RotatorAI.cs
Assets\Scenes\CloudStrap.unity,.unity,UghCamera,1,Assets\Plugins\Assembly-CSharp-firstpass\UghCamera.cs
Assets\Scenes\CloudStrap.unity,.unity,UghSprite,1,Assets\Plugins\Assembly-CSharp-firstpass\UghSprite.cs
Assets\Scenes\CloudStrap.unity,.unity,LocalizeCloudStrap,1,Assets\Scripts\Assembly-CSharp\LocalizeCloudStrap.cs
Assets\Scenes\CloudStrap.unity,.unity,CloudStrap,1,Assets\Scenes\CloudStrap.unity
Assets\Scenes\CloudStrap.unity,.unity,UghInput,1,Assets\Plugins\Assembly-CSharp-firstpass\UghInput.cs
Assets\Scenes\MoreDisney.unity,.unity,UghSprite,1,Assets\Plugins\Assembly-CSharp-firstpass\UghSprite.cs
Assets\Scenes\MoreDisney.unity,.unity,ScreenFader,1,Assets\Scripts\Assembly-CSharp\ScreenFader.cs
Assets\Scenes\MoreDisney.unity,.unity,UghCamera,1,Assets\Plugins\Assembly-CSharp-firstpass\UghCamera.cs
Assets\Scenes\MoreDisney.unity,.unity,UghAlign,1,Assets\Plugins\Assembly-CSharp-firstpass\UghAlign.cs
Assets\Scenes\MoreDisney.unity,.unity,MoreDisneyLogic,1,Assets\Scripts\Assembly-CSharp\MoreDisneyLogic.cs
Assets\Scenes\MoreDisney.unity,.unity,UghText,1,Assets\Plugins\Assembly-CSharp-firstpass\UghText.cs
Assets\Scenes\MoreDisney.unity,.unity,UghInput,1,Assets\Plugins\Assembly-CSharp-firstpass\UghInput.cs
Assets\Scenes\PreFrontEnd.unity,.unity,UghSprite,1,Assets\Plugins\Assembly-CSharp-firstpass\UghSprite.cs
Assets\Scenes\PreFrontEnd.unity,.unity,ScreenFader,1,Assets\Scripts\Assembly-CSharp\ScreenFader.cs
Assets\Scenes\PreFrontEnd.unity,.unity,PreFrontEndHoop,1,Assets\Scripts\Assembly-CSharp\PreFrontEndHoop.cs
Assets\Scenes\PreFrontEnd.unity,.unity,UghCamera,1,Assets\Plugins\Assembly-CSharp-firstpass\UghCamera.cs
Assets\Scenes\PreFrontEnd.unity,.unity,UghInput,1,Assets\Plugins\Assembly-CSharp-firstpass\UghInput.cs
Assets\Scenes\Front End\FrontEndTest.unity,.unity,FrontEndCameraTarget,9,Assets\Scripts\Assembly-CSharp\FrontEndCameraTarget.cs
Assets\Scenes\Front End\FrontEndTest.unity,.unity,UghInput,1,Assets\Plugins\Assembly-CSharp-firstpass\UghInput.cs
Assets\Scenes\Front End\FrontEndTest.unity,.unity,UghCamera,1,Assets\Plugins\Assembly-CSharp-firstpass\UghCamera.cs
Assets\Scenes\Front End\FrontEndTest.unity,.unity,UghButton,7,Assets\Plugins\Assembly-CSharp-firstpass\UghButton.cs
Assets\Scenes\Front End\FrontEndTest.unity,.unity,ShiftContentsOnButtonDown,5,Assets\Scripts\Assembly-CSharp\ShiftContentsOnButtonDown.cs
Assets\Scenes\Front End\FrontEndTest.unity,.unity,AnimatedTexture,1,Assets\Scripts\Assembly-CSharp\AnimatedTexture.cs
Assets\Scenes\Front End\FrontEndTest.unity,.unity,UghSprite,7,Assets\Plugins\Assembly-CSharp-firstpass\UghSprite.cs
Assets\Scenes\Front End\FrontEndTest.unity,.unity,ScreenFader,1,Assets\Scripts\Assembly-CSharp\ScreenFader.cs
Assets\Scenes\Front End\FrontEndTest.unity,.unity,UghAlign,3,Assets\Plugins\Assembly-CSharp-firstpass\UghAlign.cs
Assets\Scenes\Front End\FrontEndTest.unity,.unity,LiftControlAI,1,Assets\Scripts\Assembly-CSharp\LiftControlAI.cs
Assets\Scenes\Front End\FrontEndTest.unity,.unity,FrontEndLogic,1,Assets\Scripts\Assembly-CSharp\FrontEndLogic.cs
Assets\Scenes\Front End\FrontEndTest.unity,.unity,CharacterPreview,1,Assets\Scripts\Assembly-CSharp\CharacterPreview.cs
Assets\Scenes\Front End\FrontEndTest.unity,.unity,ShiftUIPublisher,1,Assets\Scripts\Assembly-CSharp\ShiftUIPublisher.cs
Assets\Scenes\Front End\FrontEndTest.unity,.unity,PreviewCart,1,Assets\Scripts\Assembly-CSharp\PreviewCart.cs
Assets\Scenes\Front End\FrontEndTest.unity,.unity,FrontEndCamera,1,Assets\Scripts\Assembly-CSharp\FrontEndCamera.cs
Assets\Scenes\Front End\FrontEndTest.unity,.unity,CameraShake,1,Assets\Scripts\Assembly-CSharp\CameraShake.cs
Assets\Scenes\Front End\FrontEndTest.unity,.unity,EnsureGlobals,1,Assets\Scripts\Assembly-CSharp\EnsureGlobals.cs
Assets\Scenes\Front End\Loading.unity,.unity,UghSprite,11,Assets\Plugins\Assembly-CSharp-firstpass\UghSprite.cs
Assets\Scenes\Front End\Loading.unity,.unity,UghText,12,Assets\Plugins\Assembly-CSharp-firstpass\UghText.cs
Assets\Scenes\Front End\Loading.unity,.unity,UghInput,1,Assets\Plugins\Assembly-CSharp-firstpass\UghInput.cs
Assets\Scenes\Front End\Loading.unity,.unity,AchievementPanelPublisher,3,Assets\Scripts\Assembly-CSharp\AchievementPanelPublisher.cs
Assets\Scenes\Front End\Loading.unity,.unity,RotatorAI,2,Assets\Scripts\Assembly-CSharp\RotatorAI.cs
Assets\Scenes\Front End\Loading.unity,.unity,LoadingPublisher,1,Assets\Scripts\Assembly-CSharp\LoadingPublisher.cs
Assets\Scenes\Front End\Loading.unity,.unity,UghStretch,3,Assets\Plugins\Assembly-CSharp-firstpass\UghStretch.cs
Assets\Scenes\Front End\Loading.unity,.unity,UghAlign,2,Assets\Plugins\Assembly-CSharp-firstpass\UghAlign.cs
Assets\Scenes\Front End\Loading.unity,.unity,LocalizedAssetSwapper,1,Assets\Scripts\Assembly-CSharp\LocalizedAssetSwapper.cs
Assets\Scenes\Front End\Loading.unity,.unity,UghButton,2,Assets\Plugins\Assembly-CSharp-firstpass\UghButton.cs
Assets\Scenes\Front End\Loading.unity,.unity,ShiftContentsOnButtonDown,1,Assets\Scripts\Assembly-CSharp\ShiftContentsOnButtonDown.cs
Assets\Scenes\Front End\Loading.unity,.unity,UghCamera,1,Assets\Plugins\Assembly-CSharp-firstpass\UghCamera.cs
Assets\Scenes\Front End\RaceResults.unity,.unity,UghText,42,Assets\Plugins\Assembly-CSharp-firstpass\UghText.cs
Assets\Scenes\Front End\RaceResults.unity,.unity,UghSprite,27,Assets\Plugins\Assembly-CSharp-firstpass\UghSprite.cs
Assets\Scenes\Front End\RaceResults.unity,.unity,UghButton,4,Assets\Plugins\Assembly-CSharp-firstpass\UghButton.cs
Assets\Scenes\Front End\RaceResults.unity,.unity,UghInput,1,Assets\Plugins\Assembly-CSharp-firstpass\UghInput.cs
Assets\Scenes\Front End\RaceResults.unity,.unity,FrontEndTutorialHandler,2,Assets\Scripts\Assembly-CSharp\FrontEndTutorialHandler.cs
Assets\Scenes\Front End\RaceResults.unity,.unity,UghAlign,2,Assets\Plugins\Assembly-CSharp-firstpass\UghAlign.cs
Assets\Scenes\Front End\RaceResults.unity,.unity,UghStretch,1,Assets\Plugins\Assembly-CSharp-firstpass\UghStretch.cs
Assets\Scenes\Front End\RaceResults.unity,.unity,AchievementPanelPublisher,3,Assets\Scripts\Assembly-CSharp\AchievementPanelPublisher.cs
Assets\Scenes\Front End\RaceResults.unity,.unity,MissionDialogPublisher,1,Assets\Scripts\Assembly-CSharp\MissionDialogPublisher.cs
Assets\Scenes\Front End\RaceResults.unity,.unity,ShiftContentsOnButtonDown,3,Assets\Scripts\Assembly-CSharp\ShiftContentsOnButtonDown.cs
Assets\Scenes\Front End\RaceResults.unity,.unity,UghCamera,1,Assets\Plugins\Assembly-CSharp-firstpass\UghCamera.cs
Assets\Scenes\Front End\RaceResults.unity,.unity,RaceResultsPublisher,1,Assets\Scripts\Assembly-CSharp\RaceResultsPublisher.cs
Assets\Scenes\Test Scenes\Pranksgiving Test.unity,.unity,SpeedPoint,71,Assets\Scripts\Assembly-CSharp\SpeedPoint.cs
Assets\Scenes\Test Scenes\Pranksgiving Test.unity,.unity,UghText,7,Assets\Plugins\Assembly-CSharp-firstpass\UghText.cs
Assets\Scenes\Test Scenes\Pranksgiving Test.unity,.unity,WaypointLogic,70,Assets\Scripts\Assembly-CSharp\WaypointLogic.cs
Assets\Scenes\Test Scenes\Pranksgiving Test.unity,.unity,UghSprite,18,Assets\Plugins\Assembly-CSharp-firstpass\UghSprite.cs
Assets\Scenes\Test Scenes\Pranksgiving Test.unity,.unity,PickupSpawner,12,Assets\Scripts\Assembly-CSharp\PickupSpawner.cs
Assets\Scenes\Test Scenes\Pranksgiving Test.unity,.unity,TurkeyGooShooter,4,Assets\Material\TurkeyGooShooter.mat
Assets\Scenes\Test Scenes\Pranksgiving Test.unity,.unity,UghButton,3,Assets\Plugins\Assembly-CSharp-firstpass\UghButton.cs
Assets\Scenes\Test Scenes\Pranksgiving Test.unity,.unity,FollowCamera,1,Assets\Scripts\Assembly-CSharp\FollowCamera.cs
Assets\Scenes\Test Scenes\Pranksgiving Test.unity,.unity,CameraShake,1,Assets\Scripts\Assembly-CSharp\CameraShake.cs
Assets\Scenes\Test Scenes\Pranksgiving Test.unity,.unity,UghAlign,8,Assets\Plugins\Assembly-CSharp-firstpass\UghAlign.cs
Assets\Scenes\Test Scenes\Pranksgiving Test.unity,.unity,DriftButton,1,Assets\Scripts\Assembly-CSharp\DriftButton.cs
Assets\Scenes\Test Scenes\Pranksgiving Test.unity,.unity,CoinPoint,4,Assets\Scripts\Assembly-CSharp\CoinPoint.cs
Assets\Scenes\Test Scenes\Pranksgiving Test.unity,.unity,TerrainEffectTrigger,9,Assets\Scripts\Assembly-CSharp\TerrainEffectTrigger.cs
Assets\Scenes\Test Scenes\Pranksgiving Test.unity,.unity,ObjectTrackDistanceLogic,5,Assets\Scripts\Assembly-CSharp\ObjectTrackDistanceLogic.cs
Assets\Scenes\Test Scenes\Pranksgiving Test.unity,.unity,AnimatedTexture,7,Assets\Scripts\Assembly-CSharp\AnimatedTexture.cs
Assets\Scenes\Test Scenes\Pranksgiving Test.unity,.unity,SoundLibraryAddendum,2,Assets\Scripts\Assembly-CSharp\SoundLibraryAddendum.cs
Assets\Scenes\Test Scenes\Pranksgiving Test.unity,.unity,ReverseButton,1,Assets\Scripts\Assembly-CSharp\ReverseButton.cs
Assets\Scenes\Test Scenes\Pranksgiving Test.unity,.unity,ProgressTriggerLogic,4,Assets\Scripts\Assembly-CSharp\ProgressTriggerLogic.cs
Assets\Scenes\Test Scenes\Pranksgiving Test.unity,.unity,WhoopieCushion,6,Assets\Material\WhoopieCushion.mat
Assets\Scenes\Test Scenes\Pranksgiving Test.unity,.unity,CarAIPathManager,1,Assets\Scripts\Assembly-CSharp\CarAIPathManager.cs
Assets\Scenes\Test Scenes\Pranksgiving Test.unity,.unity,BlipTrackPublisher,1,Assets\Scripts\Assembly-CSharp\BlipTrackPublisher.cs
Assets\Scenes\Test Scenes\Pranksgiving Test.unity,.unity,PreRaceCamera,1,Assets\Scripts\Assembly-CSharp\PreRaceCamera.cs
Assets\Scenes\Test Scenes\Pranksgiving Test.unity,.unity,UghInput,1,Assets\Plugins\Assembly-CSharp-firstpass\UghInput.cs
Assets\Scenes\Test Scenes\Pranksgiving Test.unity,.unity,CartPrimaryTextureProfile,1,Assets\GameObject\CartPrimaryTextureProfile.prefab
Assets\Scenes\Test Scenes\Pranksgiving Test.unity,.unity,CompositeProfile,1,Assets\Scripts\Assembly-CSharp\CompositeProfile.cs
Assets\Scenes\Test Scenes\Pranksgiving Test.unity,.unity,HUDLogic,1,Assets\Scripts\Assembly-CSharp\HUDLogic.cs
Assets\Scenes\Test Scenes\Pranksgiving Test.unity,.unity,EnsureGlobals,1,Assets\Scripts\Assembly-CSharp\EnsureGlobals.cs
Assets\Scenes\Test Scenes\Pranksgiving Test.unity,.unity,ResetTrigger,2,Assets\Scripts\Assembly-CSharp\ResetTrigger.cs
Assets\Scenes\Test Scenes\Pranksgiving Test.unity,.unity,UghCamera,1,Assets\Plugins\Assembly-CSharp-firstpass\UghCamera.cs
Assets\Scenes\Test Scenes\Pranksgiving Test.unity,.unity,DebugTrackStrapper,1,Assets\Scripts\Assembly-CSharp\DebugTrackStrapper.cs
Assets\Scenes\Test Scenes\Pranksgiving Test.unity,.unity,PieLauncher,2,Assets\Scripts\Assembly-CSharp\PieLauncher.cs
Assets\Scenes\Tracks\Fish Hooks Track 1.unity,.unity,SpeedPoint,167,Assets\Scripts\Assembly-CSharp\SpeedPoint.cs
Assets\Scenes\Tracks\Fish Hooks Track 1.unity,.unity,ParticleReducer,7,Assets\Scripts\Assembly-CSharp\ParticleReducer.cs
Assets\Scenes\Tracks\Fish Hooks Track 1.unity,.unity,WaypointLogic,149,Assets\Scripts\Assembly-CSharp\WaypointLogic.cs
Assets\Scenes\Tracks\Fish Hooks Track 1.unity,.unity,CausticsManager,1,Assets\Scripts\Assembly-CSharp\CausticsManager.cs
Assets\Scenes\Tracks\Fish Hooks Track 1.unity,.unity,UghSprite,18,Assets\Plugins\Assembly-CSharp-firstpass\UghSprite.cs
Assets\Scenes\Tracks\Fish Hooks Track 1.unity,.unity,PickupSpawner,16,Assets\Scripts\Assembly-CSharp\PickupSpawner.cs
Assets\Scenes\Tracks\Fish Hooks Track 1.unity,.unity,ObjectTrackDistanceLogic,16,Assets\Scripts\Assembly-CSharp\ObjectTrackDistanceLogic.cs
Assets\Scenes\Tracks\Fish Hooks Track 1.unity,.unity,SpringTrigger,3,Assets\Scripts\Assembly-CSharp\SpringTrigger.cs
Assets\Scenes\Tracks\Fish Hooks Track 1.unity,.unity,UghAlign,8,Assets\Plugins\Assembly-CSharp-firstpass\UghAlign.cs
Assets\Scenes\Tracks\Fish Hooks Track 1.unity,.unity,FollowCamera,1,Assets\Scripts\Assembly-CSharp\FollowCamera.cs
Assets\Scenes\Tracks\Fish Hooks Track 1.unity,.unity,CameraShake,1,Assets\Scripts\Assembly-CSharp\CameraShake.cs
Assets\Scenes\Tracks\Fish Hooks Track 1.unity,.unity,TerrainEffectTrigger,13,Assets\Scripts\Assembly-CSharp\TerrainEffectTrigger.cs
Assets\Scenes\Tracks\Fish Hooks Track 1.unity,.unity,AnimatedTexture,11,Assets\Scripts\Assembly-CSharp\AnimatedTexture.cs
Assets\Scenes\Tracks\Fish Hooks Track 1.unity,.unity,CarAIPathManager,1,Assets\Scripts\Assembly-CSharp\CarAIPathManager.cs
Assets\Scenes\Tracks\Fish Hooks Track 1.unity,.unity,UghButton,3,Assets\Plugins\Assembly-CSharp-firstpass\UghButton.cs
Assets\Scenes\Tracks\Fish Hooks Track 1.unity,.unity,GuidedJumpTrigger,2,Assets\Scripts\Assembly-CSharp\GuidedJumpTrigger.cs
Assets\Scenes\Tracks\Fish Hooks Track 1.unity,.unity,SoundLibraryAddendum,2,Assets\Scripts\Assembly-CSharp\SoundLibraryAddendum.cs
Assets\Scenes\Tracks\Fish Hooks Track 1.unity,.unity,UghText,7,Assets\Plugins\Assembly-CSharp-firstpass\UghText.cs
Assets\Scenes\Tracks\Fish Hooks Track 1.unity,.unity,LocalizedAssetSwapper,2,Assets\Scripts\Assembly-CSharp\LocalizedAssetSwapper.cs
Assets\Scenes\Tracks\Fish Hooks Track 1.unity,.unity,Crab,2,Assets\Scripts\Assembly-CSharp\Crab.cs
Assets\Scenes\Tracks\Fish Hooks Track 1.unity,.unity,CoinPoint,5,Assets\Scripts\Assembly-CSharp\CoinPoint.cs
Assets\Scenes\Tracks\Fish Hooks Track 1.unity,.unity,ProgressTriggerLogic,3,Assets\Scripts\Assembly-CSharp\ProgressTriggerLogic.cs
Assets\Scenes\Tracks\Fish Hooks Track 1.unity,.unity,PreRaceCamera,1,Assets\Scripts\Assembly-CSharp\PreRaceCamera.cs
Assets\Scenes\Tracks\Fish Hooks Track 1.unity,.unity,DebugTrackStrapper,1,Assets\Scripts\Assembly-CSharp\DebugTrackStrapper.cs
Assets\Scenes\Tracks\Fish Hooks Track 1.unity,.unity,ReverseButton,1,Assets\Scripts\Assembly-CSharp\ReverseButton.cs
Assets\Scenes\Tracks\Fish Hooks Track 1.unity,.unity,HUDLogic,1,Assets\Scripts\Assembly-CSharp\HUDLogic.cs
Assets\Scenes\Tracks\Fish Hooks Track 1.unity,.unity,ResetTrigger,4,Assets\Scripts\Assembly-CSharp\ResetTrigger.cs
Assets\Scenes\Tracks\Fish Hooks Track 1.unity,.unity,BasketBall,4,Assets\Scripts\Assembly-CSharp\BasketBall.cs
Assets\Scenes\Tracks\Fish Hooks Track 1.unity,.unity,SoundSequencer,4,Assets\Scripts\Assembly-CSharp\SoundSequencer.cs
Assets\Scenes\Tracks\Fish Hooks Track 1.unity,.unity,BlipTrackPublisher,1,Assets\Scripts\Assembly-CSharp\BlipTrackPublisher.cs
Assets\Scenes\Tracks\Fish Hooks Track 1.unity,.unity,RaceManager,1,Assets\Scripts\Assembly-CSharp\RaceManager.cs
Assets\Scenes\Tracks\Fish Hooks Track 1.unity,.unity,UghInput,1,Assets\Plugins\Assembly-CSharp-firstpass\UghInput.cs
Assets\Scenes\Tracks\Fish Hooks Track 1.unity,.unity,DriftButton,1,Assets\Scripts\Assembly-CSharp\DriftButton.cs
Assets\Scenes\Tracks\Fish Hooks Track 1.unity,.unity,UghCamera,1,Assets\Plugins\Assembly-CSharp-firstpass\UghCamera.cs
Assets\Scenes\Tracks\Fish Hooks Track 1.unity,.unity,LowEndInhibitor,1,Assets\Scripts\Assembly-CSharp\LowEndInhibitor.cs
Assets\Scenes\Tracks\Fish Hooks Track 2.unity,.unity,WaypointLogic,329,Assets\Scripts\Assembly-CSharp\WaypointLogic.cs
Assets\Scenes\Tracks\Fish Hooks Track 2.unity,.unity,BubbleJet,7,Assets\Scripts\Assembly-CSharp\BubbleJet.cs
Assets\Scenes\Tracks\Fish Hooks Track 2.unity,.unity,SpeedPoint,182,Assets\Scripts\Assembly-CSharp\SpeedPoint.cs
Assets\Scenes\Tracks\Fish Hooks Track 2.unity,.unity,UghText,7,Assets\Plugins\Assembly-CSharp-firstpass\UghText.cs
Assets\Scenes\Tracks\Fish Hooks Track 2.unity,.unity,UghSprite,18,Assets\Plugins\Assembly-CSharp-firstpass\UghSprite.cs
Assets\Scenes\Tracks\Fish Hooks Track 2.unity,.unity,UghAlign,8,Assets\Plugins\Assembly-CSharp-firstpass\UghAlign.cs
Assets\Scenes\Tracks\Fish Hooks Track 2.unity,.unity,ParticleReducer,17,Assets\Scripts\Assembly-CSharp\ParticleReducer.cs
Assets\Scenes\Tracks\Fish Hooks Track 2.unity,.unity,FollowCamera,1,Assets\Scripts\Assembly-CSharp\FollowCamera.cs
Assets\Scenes\Tracks\Fish Hooks Track 2.unity,.unity,CameraShake,1,Assets\Scripts\Assembly-CSharp\CameraShake.cs
Assets\Scenes\Tracks\Fish Hooks Track 2.unity,.unity,LocalizedAssetSwapper,2,Assets\Scripts\Assembly-CSharp\LocalizedAssetSwapper.cs
Assets\Scenes\Tracks\Fish Hooks Track 2.unity,.unity,CoinPoint,5,Assets\Scripts\Assembly-CSharp\CoinPoint.cs
Assets\Scenes\Tracks\Fish Hooks Track 2.unity,.unity,PickupSpawner,21,Assets\Scripts\Assembly-CSharp\PickupSpawner.cs
Assets\Scenes\Tracks\Fish Hooks Track 2.unity,.unity,UghButton,3,Assets\Plugins\Assembly-CSharp-firstpass\UghButton.cs
Assets\Scenes\Tracks\Fish Hooks Track 2.unity,.unity,ObjectTrackDistanceLogic,14,Assets\Scripts\Assembly-CSharp\ObjectTrackDistanceLogic.cs
Assets\Scenes\Tracks\Fish Hooks Track 2.unity,.unity,TerrainEffectTrigger,14,Assets\Scripts\Assembly-CSharp\TerrainEffectTrigger.cs
Assets\Scenes\Tracks\Fish Hooks Track 2.unity,.unity,AnimatedTexture,11,Assets\Scripts\Assembly-CSharp\AnimatedTexture.cs
Assets\Scenes\Tracks\Fish Hooks Track 2.unity,.unity,SoundLibraryAddendum,2,Assets\Scripts\Assembly-CSharp\SoundLibraryAddendum.cs
Assets\Scenes\Tracks\Fish Hooks Track 2.unity,.unity,ResetTrigger,4,Assets\Scripts\Assembly-CSharp\ResetTrigger.cs
Assets\Scenes\Tracks\Fish Hooks Track 2.unity,.unity,Crab,3,Assets\Scripts\Assembly-CSharp\Crab.cs
Assets\Scenes\Tracks\Fish Hooks Track 2.unity,.unity,SpringTrigger,1,Assets\Scripts\Assembly-CSharp\SpringTrigger.cs
Assets\Scenes\Tracks\Fish Hooks Track 2.unity,.unity,ProgressTriggerLogic,4,Assets\Scripts\Assembly-CSharp\ProgressTriggerLogic.cs
Assets\Scenes\Tracks\Fish Hooks Track 2.unity,.unity,DebugTrackStrapper,1,Assets\Scripts\Assembly-CSharp\DebugTrackStrapper.cs
Assets\Scenes\Tracks\Fish Hooks Track 2.unity,.unity,ReverseButton,1,Assets\Scripts\Assembly-CSharp\ReverseButton.cs
Assets\Scenes\Tracks\Fish Hooks Track 2.unity,.unity,LowEndInhibitor,1,Assets\Scripts\Assembly-CSharp\LowEndInhibitor.cs
Assets\Scenes\Tracks\Fish Hooks Track 2.unity,.unity,HUDLogic,1,Assets\Scripts\Assembly-CSharp\HUDLogic.cs
Assets\Scenes\Tracks\Fish Hooks Track 2.unity,.unity,BlipTrackPublisher,1,Assets\Scripts\Assembly-CSharp\BlipTrackPublisher.cs
Assets\Scenes\Tracks\Fish Hooks Track 2.unity,.unity,PreRaceCamera,1,Assets\Scripts\Assembly-CSharp\PreRaceCamera.cs
Assets\Scenes\Tracks\Fish Hooks Track 2.unity,.unity,CausticsManager,1,Assets\Scripts\Assembly-CSharp\CausticsManager.cs
Assets\Scenes\Tracks\Fish Hooks Track 2.unity,.unity,RaceManager,1,Assets\Scripts\Assembly-CSharp\RaceManager.cs
Assets\Scenes\Tracks\Fish Hooks Track 2.unity,.unity,UghInput,1,Assets\Plugins\Assembly-CSharp-firstpass\UghInput.cs
Assets\Scenes\Tracks\Fish Hooks Track 2.unity,.unity,DriftButton,1,Assets\Scripts\Assembly-CSharp\DriftButton.cs
Assets\Scenes\Tracks\Fish Hooks Track 2.unity,.unity,GuidedJumpTrigger,2,Assets\Scripts\Assembly-CSharp\GuidedJumpTrigger.cs
Assets\Scenes\Tracks\Fish Hooks Track 2.unity,.unity,UghCamera,1,Assets\Plugins\Assembly-CSharp-firstpass\UghCamera.cs
Assets\Scenes\Tracks\Fish Hooks Track 2.unity,.unity,CarAIPathManager,1,Assets\Scripts\Assembly-CSharp\CarAIPathManager.cs
Assets\Scenes\Tracks\Fish Hooks Track 3.unity,.unity,WaypointLogic,240,Assets\Scripts\Assembly-CSharp\WaypointLogic.cs
Assets\Scenes\Tracks\Fish Hooks Track 3.unity,.unity,ObjectTrackDistanceLogic,13,Assets\Scripts\Assembly-CSharp\ObjectTrackDistanceLogic.cs
Assets\Scenes\Tracks\Fish Hooks Track 3.unity,.unity,TerrainEffectTrigger,14,Assets\Scripts\Assembly-CSharp\TerrainEffectTrigger.cs
Assets\Scenes\Tracks\Fish Hooks Track 3.unity,.unity,AnimatedTexture,11,Assets\Scripts\Assembly-CSharp\AnimatedTexture.cs
Assets\Scenes\Tracks\Fish Hooks Track 3.unity,.unity,UghAlign,8,Assets\Plugins\Assembly-CSharp-firstpass\UghAlign.cs
Assets\Scenes\Tracks\Fish Hooks Track 3.unity,.unity,SpeedPoint,127,Assets\Scripts\Assembly-CSharp\SpeedPoint.cs
Assets\Scenes\Tracks\Fish Hooks Track 3.unity,.unity,UghSprite,18,Assets\Plugins\Assembly-CSharp-firstpass\UghSprite.cs
Assets\Scenes\Tracks\Fish Hooks Track 3.unity,.unity,FollowCamera,1,Assets\Scripts\Assembly-CSharp\FollowCamera.cs
Assets\Scenes\Tracks\Fish Hooks Track 3.unity,.unity,CameraShake,1,Assets\Scripts\Assembly-CSharp\CameraShake.cs
Assets\Scenes\Tracks\Fish Hooks Track 3.unity,.unity,PickupSpawner,24,Assets\Scripts\Assembly-CSharp\PickupSpawner.cs
Assets\Scenes\Tracks\Fish Hooks Track 3.unity,.unity,SpringTrigger,2,Assets\Scripts\Assembly-CSharp\SpringTrigger.cs
Assets\Scenes\Tracks\Fish Hooks Track 3.unity,.unity,UghButton,3,Assets\Plugins\Assembly-CSharp-firstpass\UghButton.cs
Assets\Scenes\Tracks\Fish Hooks Track 3.unity,.unity,ParticleReducer,8,Assets\Scripts\Assembly-CSharp\ParticleReducer.cs
Assets\Scenes\Tracks\Fish Hooks Track 3.unity,.unity,Crab,3,Assets\Scripts\Assembly-CSharp\Crab.cs
Assets\Scenes\Tracks\Fish Hooks Track 3.unity,.unity,UghText,7,Assets\Plugins\Assembly-CSharp-firstpass\UghText.cs
Assets\Scenes\Tracks\Fish Hooks Track 3.unity,.unity,PreRaceCamera,1,Assets\Scripts\Assembly-CSharp\PreRaceCamera.cs
Assets\Scenes\Tracks\Fish Hooks Track 3.unity,.unity,ProgressTriggerLogic,4,Assets\Scripts\Assembly-CSharp\ProgressTriggerLogic.cs
Assets\Scenes\Tracks\Fish Hooks Track 3.unity,.unity,CoinPoint,4,Assets\Scripts\Assembly-CSharp\CoinPoint.cs
Assets\Scenes\Tracks\Fish Hooks Track 3.unity,.unity,DebugTrackStrapper,1,Assets\Scripts\Assembly-CSharp\DebugTrackStrapper.cs
Assets\Scenes\Tracks\Fish Hooks Track 3.unity,.unity,LocalizedAssetSwapper,2,Assets\Scripts\Assembly-CSharp\LocalizedAssetSwapper.cs
Assets\Scenes\Tracks\Fish Hooks Track 3.unity,.unity,LowEndInhibitor,1,Assets\Scripts\Assembly-CSharp\LowEndInhibitor.cs
Assets\Scenes\Tracks\Fish Hooks Track 3.unity,.unity,ReverseButton,1,Assets\Scripts\Assembly-CSharp\ReverseButton.cs
Assets\Scenes\Tracks\Fish Hooks Track 3.unity,.unity,CarAIPathManager,1,Assets\Scripts\Assembly-CSharp\CarAIPathManager.cs
Assets\Scenes\Tracks\Fish Hooks Track 3.unity,.unity,HUDLogic,1,Assets\Scripts\Assembly-CSharp\HUDLogic.cs
Assets\Scenes\Tracks\Fish Hooks Track 3.unity,.unity,RocketRideRemover,2,Assets\Scripts\Assembly-CSharp\RocketRideRemover.cs
Assets\Scenes\Tracks\Fish Hooks Track 3.unity,.unity,BlipTrackPublisher,1,Assets\Scripts\Assembly-CSharp\BlipTrackPublisher.cs
Assets\Scenes\Tracks\Fish Hooks Track 3.unity,.unity,CausticsManager,1,Assets\Scripts\Assembly-CSharp\CausticsManager.cs
Assets\Scenes\Tracks\Fish Hooks Track 3.unity,.unity,RaceManager,1,Assets\Scripts\Assembly-CSharp\RaceManager.cs
Assets\Scenes\Tracks\Fish Hooks Track 3.unity,.unity,SoundLibraryAddendum,2,Assets\Scripts\Assembly-CSharp\SoundLibraryAddendum.cs
Assets\Scenes\Tracks\Fish Hooks Track 3.unity,.unity,UghInput,1,Assets\Plugins\Assembly-CSharp-firstpass\UghInput.cs
Assets\Scenes\Tracks\Fish Hooks Track 3.unity,.unity,DriftButton,1,Assets\Scripts\Assembly-CSharp\DriftButton.cs
Assets\Scenes\Tracks\Fish Hooks Track 3.unity,.unity,ResetTrigger,1,Assets\Scripts\Assembly-CSharp\ResetTrigger.cs
Assets\Scenes\Tracks\Fish Hooks Track 3.unity,.unity,UghCamera,1,Assets\Plugins\Assembly-CSharp-firstpass\UghCamera.cs
Assets\Scenes\Tracks\Kick Butt Track 1.unity,.unity,AnimatedTexture,9,Assets\Scripts\Assembly-CSharp\AnimatedTexture.cs
Assets\Scenes\Tracks\Kick Butt Track 1.unity,.unity,TerrainEffectTrigger,11,Assets\Scripts\Assembly-CSharp\TerrainEffectTrigger.cs
Assets\Scenes\Tracks\Kick Butt Track 1.unity,.unity,ObjectTrackDistanceLogic,10,Assets\Scripts\Assembly-CSharp\ObjectTrackDistanceLogic.cs
Assets\Scenes\Tracks\Kick Butt Track 1.unity,.unity,SpeedPoint,73,Assets\Scripts\Assembly-CSharp\SpeedPoint.cs
Assets\Scenes\Tracks\Kick Butt Track 1.unity,.unity,UghSprite,19,Assets\Plugins\Assembly-CSharp-firstpass\UghSprite.cs
Assets\Scenes\Tracks\Kick Butt Track 1.unity,.unity,UghText,7,Assets\Plugins\Assembly-CSharp-firstpass\UghText.cs
Assets\Scenes\Tracks\Kick Butt Track 1.unity,.unity,PickupSpawner,10,Assets\Scripts\Assembly-CSharp\PickupSpawner.cs
Assets\Scenes\Tracks\Kick Butt Track 1.unity,.unity,UghAlign,8,Assets\Plugins\Assembly-CSharp-firstpass\UghAlign.cs
Assets\Scenes\Tracks\Kick Butt Track 1.unity,.unity,WaypointLogic,86,Assets\Scripts\Assembly-CSharp\WaypointLogic.cs
Assets\Scenes\Tracks\Kick Butt Track 1.unity,.unity,BarrelSpawner,4,Assets\Scripts\Assembly-CSharp\BarrelSpawner.cs
Assets\Scenes\Tracks\Kick Butt Track 1.unity,.unity,FollowCamera,1,Assets\Scripts\Assembly-CSharp\FollowCamera.cs
Assets\Scenes\Tracks\Kick Butt Track 1.unity,.unity,CameraShake,1,Assets\Scripts\Assembly-CSharp\CameraShake.cs
Assets\Scenes\Tracks\Kick Butt Track 1.unity,.unity,UghButton,3,Assets\Plugins\Assembly-CSharp-firstpass\UghButton.cs
Assets\Scenes\Tracks\Kick Butt Track 1.unity,.unity,ProgressTriggerLogic,5,Assets\Scripts\Assembly-CSharp\ProgressTriggerLogic.cs
Assets\Scenes\Tracks\Kick Butt Track 1.unity,.unity,CoinPoint,7,Assets\Scripts\Assembly-CSharp\CoinPoint.cs
Assets\Scenes\Tracks\Kick Butt Track 1.unity,.unity,LocalizedAssetSwapper,2,Assets\Scripts\Assembly-CSharp\LocalizedAssetSwapper.cs
Assets\Scenes\Tracks\Kick Butt Track 1.unity,.unity,DriftButton,1,Assets\Scripts\Assembly-CSharp\DriftButton.cs
Assets\Scenes\Tracks\Kick Butt Track 1.unity,.unity,ReverseButton,1,Assets\Scripts\Assembly-CSharp\ReverseButton.cs
Assets\Scenes\Tracks\Kick Butt Track 1.unity,.unity,ScreenFader,1,Assets\Scripts\Assembly-CSharp\ScreenFader.cs
Assets\Scenes\Tracks\Kick Butt Track 1.unity,.unity,ResetTrigger,3,Assets\Scripts\Assembly-CSharp\ResetTrigger.cs
Assets\Scenes\Tracks\Kick Butt Track 1.unity,.unity,SoundLibraryAddendum,2,Assets\Scripts\Assembly-CSharp\SoundLibraryAddendum.cs
Assets\Scenes\Tracks\Kick Butt Track 1.unity,.unity,BlipTrackPublisher,1,Assets\Scripts\Assembly-CSharp\BlipTrackPublisher.cs
Assets\Scenes\Tracks\Kick Butt Track 1.unity,.unity,PyroTechnics,3,Assets\Scripts\Assembly-CSharp\PyroTechnics.cs
Assets\Scenes\Tracks\Kick Butt Track 1.unity,.unity,DebugTrackStrapper,1,Assets\Scripts\Assembly-CSharp\DebugTrackStrapper.cs
Assets\Scenes\Tracks\Kick Butt Track 1.unity,.unity,HUDLogic,1,Assets\Scripts\Assembly-CSharp\HUDLogic.cs
Assets\Scenes\Tracks\Kick Butt Track 1.unity,.unity,UghInput,1,Assets\Plugins\Assembly-CSharp-firstpass\UghInput.cs
Assets\Scenes\Tracks\Kick Butt Track 1.unity,.unity,GuidedJumpTrigger,1,Assets\Scripts\Assembly-CSharp\GuidedJumpTrigger.cs
Assets\Scenes\Tracks\Kick Butt Track 1.unity,.unity,CarAIPathManager,1,Assets\Scripts\Assembly-CSharp\CarAIPathManager.cs
Assets\Scenes\Tracks\Kick Butt Track 1.unity,.unity,UghCamera,1,Assets\Plugins\Assembly-CSharp-firstpass\UghCamera.cs
Assets\Scenes\Tracks\Kick Butt Track 1.unity,.unity,PreRaceCamera,1,Assets\Scripts\Assembly-CSharp\PreRaceCamera.cs
Assets\Scenes\Tracks\Kick Butt Track 2.unity,.unity,UghText,7,Assets\Plugins\Assembly-CSharp-firstpass\UghText.cs
Assets\Scenes\Tracks\Kick Butt Track 2.unity,.unity,WaypointLogic,100,Assets\Scripts\Assembly-CSharp\WaypointLogic.cs
Assets\Scenes\Tracks\Kick Butt Track 2.unity,.unity,SpeedPoint,88,Assets\Scripts\Assembly-CSharp\SpeedPoint.cs
Assets\Scenes\Tracks\Kick Butt Track 2.unity,.unity,CoinPoint,8,Assets\Scripts\Assembly-CSharp\CoinPoint.cs
Assets\Scenes\Tracks\Kick Butt Track 2.unity,.unity,UghSprite,18,Assets\Plugins\Assembly-CSharp-firstpass\UghSprite.cs
Assets\Scenes\Tracks\Kick Butt Track 2.unity,.unity,ParticleReducer,4,Assets\Scripts\Assembly-CSharp\ParticleReducer.cs
Assets\Scenes\Tracks\Kick Butt Track 2.unity,.unity,UghButton,3,Assets\Plugins\Assembly-CSharp-firstpass\UghButton.cs
Assets\Scenes\Tracks\Kick Butt Track 2.unity,.unity,FollowCamera,1,Assets\Scripts\Assembly-CSharp\FollowCamera.cs
Assets\Scenes\Tracks\Kick Butt Track 2.unity,.unity,CameraShake,1,Assets\Scripts\Assembly-CSharp\CameraShake.cs
Assets\Scenes\Tracks\Kick Butt Track 2.unity,.unity,UghAlign,8,Assets\Plugins\Assembly-CSharp-firstpass\UghAlign.cs
Assets\Scenes\Tracks\Kick Butt Track 2.unity,.unity,DriftButton,1,Assets\Scripts\Assembly-CSharp\DriftButton.cs
Assets\Scenes\Tracks\Kick Butt Track 2.unity,.unity,AnimatedTexture,19,Assets\Scripts\Assembly-CSharp\AnimatedTexture.cs
Assets\Scenes\Tracks\Kick Butt Track 2.unity,.unity,TerrainEffectTrigger,21,Assets\Scripts\Assembly-CSharp\TerrainEffectTrigger.cs
Assets\Scenes\Tracks\Kick Butt Track 2.unity,.unity,ObjectTrackDistanceLogic,20,Assets\Scripts\Assembly-CSharp\ObjectTrackDistanceLogic.cs
Assets\Scenes\Tracks\Kick Butt Track 2.unity,.unity,LocalizedAssetSwapper,2,Assets\Scripts\Assembly-CSharp\LocalizedAssetSwapper.cs
Assets\Scenes\Tracks\Kick Butt Track 2.unity,.unity,SoundLibraryAddendum,2,Assets\Scripts\Assembly-CSharp\SoundLibraryAddendum.cs
Assets\Scenes\Tracks\Kick Butt Track 2.unity,.unity,ReverseButton,1,Assets\Scripts\Assembly-CSharp\ReverseButton.cs
Assets\Scenes\Tracks\Kick Butt Track 2.unity,.unity,ProgressTriggerLogic,4,Assets\Scripts\Assembly-CSharp\ProgressTriggerLogic.cs
Assets\Scenes\Tracks\Kick Butt Track 2.unity,.unity,PyroTechnics,7,Assets\Scripts\Assembly-CSharp\PyroTechnics.cs
Assets\Scenes\Tracks\Kick Butt Track 2.unity,.unity,PickupSpawner,17,Assets\Scripts\Assembly-CSharp\PickupSpawner.cs
Assets\Scenes\Tracks\Kick Butt Track 2.unity,.unity,ExplodingBarrel,4,Assets\Scripts\Assembly-CSharp\ExplodingBarrel.cs
Assets\Scenes\Tracks\Kick Butt Track 2.unity,.unity,CarAIPathManager,1,Assets\Scripts\Assembly-CSharp\CarAIPathManager.cs
Assets\Scenes\Tracks\Kick Butt Track 2.unity,.unity,BarrelLauncher,3,Assets\Scripts\Assembly-CSharp\BarrelLauncher.cs
Assets\Scenes\Tracks\Kick Butt Track 2.unity,.unity,BlipTrackPublisher,1,Assets\Scripts\Assembly-CSharp\BlipTrackPublisher.cs
Assets\Scenes\Tracks\Kick Butt Track 2.unity,.unity,DebugTrackStrapper,1,Assets\Scripts\Assembly-CSharp\DebugTrackStrapper.cs
Assets\Scenes\Tracks\Kick Butt Track 2.unity,.unity,PreRaceCamera,1,Assets\Scripts\Assembly-CSharp\PreRaceCamera.cs
Assets\Scenes\Tracks\Kick Butt Track 2.unity,.unity,UghInput,1,Assets\Plugins\Assembly-CSharp-firstpass\UghInput.cs
Assets\Scenes\Tracks\Kick Butt Track 2.unity,.unity,CartPrimaryTextureProfile,1,Assets\GameObject\CartPrimaryTextureProfile.prefab
Assets\Scenes\Tracks\Kick Butt Track 2.unity,.unity,CompositeProfile,1,Assets\Scripts\Assembly-CSharp\CompositeProfile.cs
Assets\Scenes\Tracks\Kick Butt Track 2.unity,.unity,HUDLogic,1,Assets\Scripts\Assembly-CSharp\HUDLogic.cs
Assets\Scenes\Tracks\Kick Butt Track 2.unity,.unity,ResetTrigger,2,Assets\Scripts\Assembly-CSharp\ResetTrigger.cs
Assets\Scenes\Tracks\Kick Butt Track 2.unity,.unity,GuidedJumpTrigger,1,Assets\Scripts\Assembly-CSharp\GuidedJumpTrigger.cs
Assets\Scenes\Tracks\Kick Butt Track 2.unity,.unity,UghCamera,1,Assets\Plugins\Assembly-CSharp-firstpass\UghCamera.cs
Assets\Scenes\Tracks\Kick Butt Track 3.unity,.unity,UghText,7,Assets\Plugins\Assembly-CSharp-firstpass\UghText.cs
Assets\Scenes\Tracks\Kick Butt Track 3.unity,.unity,SpeedPoint,126,Assets\Scripts\Assembly-CSharp\SpeedPoint.cs
Assets\Scenes\Tracks\Kick Butt Track 3.unity,.unity,WaypointLogic,130,Assets\Scripts\Assembly-CSharp\WaypointLogic.cs
Assets\Scenes\Tracks\Kick Butt Track 3.unity,.unity,ExplodingBarrel,7,Assets\Scripts\Assembly-CSharp\ExplodingBarrel.cs
Assets\Scenes\Tracks\Kick Butt Track 3.unity,.unity,UghAlign,8,Assets\Plugins\Assembly-CSharp-firstpass\UghAlign.cs
Assets\Scenes\Tracks\Kick Butt Track 3.unity,.unity,AnimatedTexture,12,Assets\Scripts\Assembly-CSharp\AnimatedTexture.cs
Assets\Scenes\Tracks\Kick Butt Track 3.unity,.unity,TerrainEffectTrigger,19,Assets\Scripts\Assembly-CSharp\TerrainEffectTrigger.cs
Assets\Scenes\Tracks\Kick Butt Track 3.unity,.unity,ObjectTrackDistanceLogic,13,Assets\Scripts\Assembly-CSharp\ObjectTrackDistanceLogic.cs
Assets\Scenes\Tracks\Kick Butt Track 3.unity,.unity,FollowCamera,1,Assets\Scripts\Assembly-CSharp\FollowCamera.cs
Assets\Scenes\Tracks\Kick Butt Track 3.unity,.unity,CameraShake,1,Assets\Scripts\Assembly-CSharp\CameraShake.cs
Assets\Scenes\Tracks\Kick Butt Track 3.unity,.unity,SoundLibraryAddendum,2,Assets\Scripts\Assembly-CSharp\SoundLibraryAddendum.cs
Assets\Scenes\Tracks\Kick Butt Track 3.unity,.unity,UghSprite,19,Assets\Plugins\Assembly-CSharp-firstpass\UghSprite.cs
Assets\Scenes\Tracks\Kick Butt Track 3.unity,.unity,PyroTechnics,2,Assets\Scripts\Assembly-CSharp\PyroTechnics.cs
Assets\Scenes\Tracks\Kick Butt Track 3.unity,.unity,PickupSpawner,17,Assets\Scripts\Assembly-CSharp\PickupSpawner.cs
Assets\Scenes\Tracks\Kick Butt Track 3.unity,.unity,UghButton,3,Assets\Plugins\Assembly-CSharp-firstpass\UghButton.cs
Assets\Scenes\Tracks\Kick Butt Track 3.unity,.unity,ResetTrigger,2,Assets\Scripts\Assembly-CSharp\ResetTrigger.cs
Assets\Scenes\Tracks\Kick Butt Track 3.unity,.unity,LocalizedAssetSwapper,2,Assets\Scripts\Assembly-CSharp\LocalizedAssetSwapper.cs
Assets\Scenes\Tracks\Kick Butt Track 3.unity,.unity,CoinPoint,5,Assets\Scripts\Assembly-CSharp\CoinPoint.cs
Assets\Scenes\Tracks\Kick Butt Track 3.unity,.unity,ProgressTriggerLogic,3,Assets\Scripts\Assembly-CSharp\ProgressTriggerLogic.cs
Assets\Scenes\Tracks\Kick Butt Track 3.unity,.unity,DriftButton,1,Assets\Scripts\Assembly-CSharp\DriftButton.cs
Assets\Scenes\Tracks\Kick Butt Track 3.unity,.unity,ParticleReducer,7,Assets\Scripts\Assembly-CSharp\ParticleReducer.cs
Assets\Scenes\Tracks\Kick Butt Track 3.unity,.unity,ReverseButton,1,Assets\Scripts\Assembly-CSharp\ReverseButton.cs
Assets\Scenes\Tracks\Kick Butt Track 3.unity,.unity,ScreenFader,1,Assets\Scripts\Assembly-CSharp\ScreenFader.cs
Assets\Scenes\Tracks\Kick Butt Track 3.unity,.unity,BlipTrackPublisher,1,Assets\Scripts\Assembly-CSharp\BlipTrackPublisher.cs
Assets\Scenes\Tracks\Kick Butt Track 3.unity,.unity,CarAIPathManager,1,Assets\Scripts\Assembly-CSharp\CarAIPathManager.cs
Assets\Scenes\Tracks\Kick Butt Track 3.unity,.unity,DebugTrackStrapper,1,Assets\Scripts\Assembly-CSharp\DebugTrackStrapper.cs
Assets\Scenes\Tracks\Kick Butt Track 3.unity,.unity,HUDLogic,1,Assets\Scripts\Assembly-CSharp\HUDLogic.cs
Assets\Scenes\Tracks\Kick Butt Track 3.unity,.unity,UghInput,1,Assets\Plugins\Assembly-CSharp-firstpass\UghInput.cs
Assets\Scenes\Tracks\Kick Butt Track 3.unity,.unity,GuidedJumpTrigger,1,Assets\Scripts\Assembly-CSharp\GuidedJumpTrigger.cs
Assets\Scenes\Tracks\Kick Butt Track 3.unity,.unity,UghCamera,1,Assets\Plugins\Assembly-CSharp-firstpass\UghCamera.cs
Assets\Scenes\Tracks\Kick Butt Track 3.unity,.unity,PreRaceCamera,1,Assets\Scripts\Assembly-CSharp\PreRaceCamera.cs
Assets\Scenes\Tracks\Phineas Track 1.unity,.unity,WaypointLogic,137,Assets\Scripts\Assembly-CSharp\WaypointLogic.cs
Assets\Scenes\Tracks\Phineas Track 1.unity,.unity,SpeedPoint,136,Assets\Scripts\Assembly-CSharp\SpeedPoint.cs
Assets\Scenes\Tracks\Phineas Track 1.unity,.unity,UghSprite,18,Assets\Plugins\Assembly-CSharp-firstpass\UghSprite.cs
Assets\Scenes\Tracks\Phineas Track 1.unity,.unity,CoinPoint,13,Assets\Scripts\Assembly-CSharp\CoinPoint.cs
Assets\Scenes\Tracks\Phineas Track 1.unity,.unity,PreRaceCamera,1,Assets\Scripts\Assembly-CSharp\PreRaceCamera.cs
Assets\Scenes\Tracks\Phineas Track 1.unity,.unity,ResetTrigger,11,Assets\Scripts\Assembly-CSharp\ResetTrigger.cs
Assets\Scenes\Tracks\Phineas Track 1.unity,.unity,PickupSpawner,20,Assets\Scripts\Assembly-CSharp\PickupSpawner.cs
Assets\Scenes\Tracks\Phineas Track 1.unity,.unity,ObjectTrackDistanceLogic,20,Assets\Scripts\Assembly-CSharp\ObjectTrackDistanceLogic.cs
Assets\Scenes\Tracks\Phineas Track 1.unity,.unity,TerrainEffectTrigger,22,Assets\Scripts\Assembly-CSharp\TerrainEffectTrigger.cs
Assets\Scenes\Tracks\Phineas Track 1.unity,.unity,AnimatedTexture,22,Assets\Scripts\Assembly-CSharp\AnimatedTexture.cs
Assets\Scenes\Tracks\Phineas Track 1.unity,.unity,UghAlign,8,Assets\Plugins\Assembly-CSharp-firstpass\UghAlign.cs
Assets\Scenes\Tracks\Phineas Track 1.unity,.unity,FollowCamera,1,Assets\Scripts\Assembly-CSharp\FollowCamera.cs
Assets\Scenes\Tracks\Phineas Track 1.unity,.unity,CameraShake,1,Assets\Scripts\Assembly-CSharp\CameraShake.cs
Assets\Scenes\Tracks\Phineas Track 1.unity,.unity,UghButton,3,Assets\Plugins\Assembly-CSharp-firstpass\UghButton.cs
Assets\Scenes\Tracks\Phineas Track 1.unity,.unity,SoundLibraryAddendum,2,Assets\Scripts\Assembly-CSharp\SoundLibraryAddendum.cs
Assets\Scenes\Tracks\Phineas Track 1.unity,.unity,UghText,7,Assets\Plugins\Assembly-CSharp-firstpass\UghText.cs
Assets\Scenes\Tracks\Phineas Track 1.unity,.unity,CarAIPathManager,1,Assets\Scripts\Assembly-CSharp\CarAIPathManager.cs
Assets\Scenes\Tracks\Phineas Track 1.unity,.unity,ProgressTriggerLogic,4,Assets\Scripts\Assembly-CSharp\ProgressTriggerLogic.cs
Assets\Scenes\Tracks\Phineas Track 1.unity,.unity,DebugTrackStrapper,1,Assets\Scripts\Assembly-CSharp\DebugTrackStrapper.cs
Assets\Scenes\Tracks\Phineas Track 1.unity,.unity,ReverseButton,1,Assets\Scripts\Assembly-CSharp\ReverseButton.cs
Assets\Scenes\Tracks\Phineas Track 1.unity,.unity,HUDLogic,1,Assets\Scripts\Assembly-CSharp\HUDLogic.cs
Assets\Scenes\Tracks\Phineas Track 1.unity,.unity,BlipTrackPublisher,1,Assets\Scripts\Assembly-CSharp\BlipTrackPublisher.cs
Assets\Scenes\Tracks\Phineas Track 1.unity,.unity,LocalizedAssetSwapper,2,Assets\Scripts\Assembly-CSharp\LocalizedAssetSwapper.cs
Assets\Scenes\Tracks\Phineas Track 1.unity,.unity,RaceManager,1,Assets\Scripts\Assembly-CSharp\RaceManager.cs
Assets\Scenes\Tracks\Phineas Track 1.unity,.unity,UghInput,1,Assets\Plugins\Assembly-CSharp-firstpass\UghInput.cs
Assets\Scenes\Tracks\Phineas Track 1.unity,.unity,DriftButton,1,Assets\Scripts\Assembly-CSharp\DriftButton.cs
Assets\Scenes\Tracks\Phineas Track 1.unity,.unity,UghCamera,1,Assets\Plugins\Assembly-CSharp-firstpass\UghCamera.cs
Assets\Scenes\Tracks\Phineas Track 2.unity,.unity,SpeedPoint,170,Assets\Scripts\Assembly-CSharp\SpeedPoint.cs
Assets\Scenes\Tracks\Phineas Track 2.unity,.unity,CoinPoint,13,Assets\Scripts\Assembly-CSharp\CoinPoint.cs
Assets\Scenes\Tracks\Phineas Track 2.unity,.unity,WaypointLogic,110,Assets\Scripts\Assembly-CSharp\WaypointLogic.cs
Assets\Scenes\Tracks\Phineas Track 2.unity,.unity,ObjectTrackDistanceLogic,20,Assets\Scripts\Assembly-CSharp\ObjectTrackDistanceLogic.cs
Assets\Scenes\Tracks\Phineas Track 2.unity,.unity,TerrainEffectTrigger,23,Assets\Scripts\Assembly-CSharp\TerrainEffectTrigger.cs
Assets\Scenes\Tracks\Phineas Track 2.unity,.unity,AnimatedTexture,25,Assets\Scripts\Assembly-CSharp\AnimatedTexture.cs
Assets\Scenes\Tracks\Phineas Track 2.unity,.unity,UghSprite,18,Assets\Plugins\Assembly-CSharp-firstpass\UghSprite.cs
Assets\Scenes\Tracks\Phineas Track 2.unity,.unity,FollowCamera,1,Assets\Scripts\Assembly-CSharp\FollowCamera.cs
Assets\Scenes\Tracks\Phineas Track 2.unity,.unity,CameraShake,1,Assets\Scripts\Assembly-CSharp\CameraShake.cs
Assets\Scenes\Tracks\Phineas Track 2.unity,.unity,ResetTrigger,4,Assets\Scripts\Assembly-CSharp\ResetTrigger.cs
Assets\Scenes\Tracks\Phineas Track 2.unity,.unity,LocalizedAssetSwapper,2,Assets\Scripts\Assembly-CSharp\LocalizedAssetSwapper.cs
Assets\Scenes\Tracks\Phineas Track 2.unity,.unity,PickupSpawner,17,Assets\Scripts\Assembly-CSharp\PickupSpawner.cs
Assets\Scenes\Tracks\Phineas Track 2.unity,.unity,UghText,7,Assets\Plugins\Assembly-CSharp-firstpass\UghText.cs
Assets\Scenes\Tracks\Phineas Track 2.unity,.unity,BlipTrackPublisher,1,Assets\Scripts\Assembly-CSharp\BlipTrackPublisher.cs
Assets\Scenes\Tracks\Phineas Track 2.unity,.unity,UghAlign,8,Assets\Plugins\Assembly-CSharp-firstpass\UghAlign.cs
Assets\Scenes\Tracks\Phineas Track 2.unity,.unity,ProgressTriggerLogic,5,Assets\Scripts\Assembly-CSharp\ProgressTriggerLogic.cs
Assets\Scenes\Tracks\Phineas Track 2.unity,.unity,DriftButton,1,Assets\Scripts\Assembly-CSharp\DriftButton.cs
Assets\Scenes\Tracks\Phineas Track 2.unity,.unity,UghButton,3,Assets\Plugins\Assembly-CSharp-firstpass\UghButton.cs
Assets\Scenes\Tracks\Phineas Track 2.unity,.unity,SoundLibraryAddendum,2,Assets\Scripts\Assembly-CSharp\SoundLibraryAddendum.cs
Assets\Scenes\Tracks\Phineas Track 2.unity,.unity,RaceManager,1,Assets\Scripts\Assembly-CSharp\RaceManager.cs
Assets\Scenes\Tracks\Phineas Track 2.unity,.unity,DebugTrackStrapper,1,Assets\Scripts\Assembly-CSharp\DebugTrackStrapper.cs
Assets\Scenes\Tracks\Phineas Track 2.unity,.unity,CarAIPathManager,1,Assets\Scripts\Assembly-CSharp\CarAIPathManager.cs
Assets\Scenes\Tracks\Phineas Track 2.unity,.unity,HUDLogic,1,Assets\Scripts\Assembly-CSharp\HUDLogic.cs
Assets\Scenes\Tracks\Phineas Track 2.unity,.unity,GuidedJumpTrigger,2,Assets\Scripts\Assembly-CSharp\GuidedJumpTrigger.cs
Assets\Scenes\Tracks\Phineas Track 2.unity,.unity,UghInput,1,Assets\Plugins\Assembly-CSharp-firstpass\UghInput.cs
Assets\Scenes\Tracks\Phineas Track 2.unity,.unity,PreRaceCamera,1,Assets\Scripts\Assembly-CSharp\PreRaceCamera.cs
Assets\Scenes\Tracks\Phineas Track 2.unity,.unity,UghCamera,1,Assets\Plugins\Assembly-CSharp-firstpass\UghCamera.cs
Assets\Scenes\Tracks\Phineas Track 2.unity,.unity,ReverseButton,1,Assets\Scripts\Assembly-CSharp\ReverseButton.cs
Assets\Scenes\Tracks\Phineas Track 3.unity,.unity,SpeedPoint,116,Assets\Scripts\Assembly-CSharp\SpeedPoint.cs
Assets\Scenes\Tracks\Phineas Track 3.unity,.unity,WaypointLogic,227,Assets\Scripts\Assembly-CSharp\WaypointLogic.cs
Assets\Scenes\Tracks\Phineas Track 3.unity,.unity,UghAlign,8,Assets\Plugins\Assembly-CSharp-firstpass\UghAlign.cs
Assets\Scenes\Tracks\Phineas Track 3.unity,.unity,DriftButton,1,Assets\Scripts\Assembly-CSharp\DriftButton.cs
Assets\Scenes\Tracks\Phineas Track 3.unity,.unity,UghButton,3,Assets\Plugins\Assembly-CSharp-firstpass\UghButton.cs
Assets\Scenes\Tracks\Phineas Track 3.unity,.unity,UghSprite,18,Assets\Plugins\Assembly-CSharp-firstpass\UghSprite.cs
Assets\Scenes\Tracks\Phineas Track 3.unity,.unity,ResetTrigger,6,Assets\Scripts\Assembly-CSharp\ResetTrigger.cs
Assets\Scenes\Tracks\Phineas Track 3.unity,.unity,ObjectTrackDistanceLogic,58,Assets\Scripts\Assembly-CSharp\ObjectTrackDistanceLogic.cs
Assets\Scenes\Tracks\Phineas Track 3.unity,.unity,TerrainEffectTrigger,61,Assets\Scripts\Assembly-CSharp\TerrainEffectTrigger.cs
Assets\Scenes\Tracks\Phineas Track 3.unity,.unity,ProgressTriggerLogic,5,Assets\Scripts\Assembly-CSharp\ProgressTriggerLogic.cs
Assets\Scenes\Tracks\Phineas Track 3.unity,.unity,PickupSpawner,19,Assets\Scripts\Assembly-CSharp\PickupSpawner.cs
Assets\Scenes\Tracks\Phineas Track 3.unity,.unity,AnimatedTexture,19,Assets\Scripts\Assembly-CSharp\AnimatedTexture.cs
Assets\Scenes\Tracks\Phineas Track 3.unity,.unity,FollowCamera,1,Assets\Scripts\Assembly-CSharp\FollowCamera.cs
Assets\Scenes\Tracks\Phineas Track 3.unity,.unity,CameraShake,1,Assets\Scripts\Assembly-CSharp\CameraShake.cs
Assets\Scenes\Tracks\Phineas Track 3.unity,.unity,HUDLogic,1,Assets\Scripts\Assembly-CSharp\HUDLogic.cs
Assets\Scenes\Tracks\Phineas Track 3.unity,.unity,SoundLibraryAddendum,2,Assets\Scripts\Assembly-CSharp\SoundLibraryAddendum.cs
Assets\Scenes\Tracks\Phineas Track 3.unity,.unity,CarAIPathManager,1,Assets\Scripts\Assembly-CSharp\CarAIPathManager.cs
Assets\Scenes\Tracks\Phineas Track 3.unity,.unity,ReverseButton,1,Assets\Scripts\Assembly-CSharp\ReverseButton.cs
Assets\Scenes\Tracks\Phineas Track 3.unity,.unity,UghText,7,Assets\Plugins\Assembly-CSharp-firstpass\UghText.cs
Assets\Scenes\Tracks\Phineas Track 3.unity,.unity,BlipTrackPublisher,1,Assets\Scripts\Assembly-CSharp\BlipTrackPublisher.cs
Assets\Scenes\Tracks\Phineas Track 3.unity,.unity,DebugTrackStrapper,1,Assets\Scripts\Assembly-CSharp\DebugTrackStrapper.cs
Assets\Scenes\Tracks\Phineas Track 3.unity,.unity,PreRaceCamera,1,Assets\Scripts\Assembly-CSharp\PreRaceCamera.cs
Assets\Scenes\Tracks\Phineas Track 3.unity,.unity,UghInput,1,Assets\Plugins\Assembly-CSharp-firstpass\UghInput.cs
Assets\Scenes\Tracks\Phineas Track 3.unity,.unity,LocalizedAssetSwapper,2,Assets\Scripts\Assembly-CSharp\LocalizedAssetSwapper.cs
Assets\Scenes\Tracks\Phineas Track 3.unity,.unity,GuidedJumpTrigger,1,Assets\Scripts\Assembly-CSharp\GuidedJumpTrigger.cs
Assets\Scenes\Tracks\Phineas Track 3.unity,.unity,RaceManager,1,Assets\Scripts\Assembly-CSharp\RaceManager.cs
Assets\Scenes\Tracks\Phineas Track 3.unity,.unity,UghCamera,1,Assets\Plugins\Assembly-CSharp-firstpass\UghCamera.cs
Assets\Scenes\Tracks\Tutorial Track.unity,.unity,AnimatedTexture,9,Assets\Scripts\Assembly-CSharp\AnimatedTexture.cs
Assets\Scenes\Tracks\Tutorial Track.unity,.unity,TerrainEffectTrigger,11,Assets\Scripts\Assembly-CSharp\TerrainEffectTrigger.cs
Assets\Scenes\Tracks\Tutorial Track.unity,.unity,ObjectTrackDistanceLogic,10,Assets\Scripts\Assembly-CSharp\ObjectTrackDistanceLogic.cs
Assets\Scenes\Tracks\Tutorial Track.unity,.unity,SpeedPoint,73,Assets\Scripts\Assembly-CSharp\SpeedPoint.cs
Assets\Scenes\Tracks\Tutorial Track.unity,.unity,UghSprite,19,Assets\Plugins\Assembly-CSharp-firstpass\UghSprite.cs
Assets\Scenes\Tracks\Tutorial Track.unity,.unity,PickupSpawner,25,Assets\Scripts\Assembly-CSharp\PickupSpawner.cs
Assets\Scenes\Tracks\Tutorial Track.unity,.unity,UghText,7,Assets\Plugins\Assembly-CSharp-firstpass\UghText.cs
Assets\Scenes\Tracks\Tutorial Track.unity,.unity,UghAlign,8,Assets\Plugins\Assembly-CSharp-firstpass\UghAlign.cs
Assets\Scenes\Tracks\Tutorial Track.unity,.unity,WaypointLogic,86,Assets\Scripts\Assembly-CSharp\WaypointLogic.cs
Assets\Scenes\Tracks\Tutorial Track.unity,.unity,FollowCamera,1,Assets\Scripts\Assembly-CSharp\FollowCamera.cs
Assets\Scenes\Tracks\Tutorial Track.unity,.unity,CameraShake,1,Assets\Scripts\Assembly-CSharp\CameraShake.cs
Assets\Scenes\Tracks\Tutorial Track.unity,.unity,UghButton,3,Assets\Plugins\Assembly-CSharp-firstpass\UghButton.cs
Assets\Scenes\Tracks\Tutorial Track.unity,.unity,ProgressTriggerLogic,5,Assets\Scripts\Assembly-CSharp\ProgressTriggerLogic.cs
Assets\Scenes\Tracks\Tutorial Track.unity,.unity,CoinPoint,7,Assets\Scripts\Assembly-CSharp\CoinPoint.cs
Assets\Scenes\Tracks\Tutorial Track.unity,.unity,LocalizedAssetSwapper,2,Assets\Scripts\Assembly-CSharp\LocalizedAssetSwapper.cs
Assets\Scenes\Tracks\Tutorial Track.unity,.unity,DriftButton,1,Assets\Scripts\Assembly-CSharp\DriftButton.cs
Assets\Scenes\Tracks\Tutorial Track.unity,.unity,ReverseButton,1,Assets\Scripts\Assembly-CSharp\ReverseButton.cs
Assets\Scenes\Tracks\Tutorial Track.unity,.unity,ScreenFader,1,Assets\Scripts\Assembly-CSharp\ScreenFader.cs
Assets\Scenes\Tracks\Tutorial Track.unity,.unity,ResetTrigger,2,Assets\Scripts\Assembly-CSharp\ResetTrigger.cs
Assets\Scenes\Tracks\Tutorial Track.unity,.unity,BlipTrackPublisher,1,Assets\Scripts\Assembly-CSharp\BlipTrackPublisher.cs
Assets\Scenes\Tracks\Tutorial Track.unity,.unity,PyroTechnics,3,Assets\Scripts\Assembly-CSharp\PyroTechnics.cs
Assets\Scenes\Tracks\Tutorial Track.unity,.unity,DebugTrackStrapper,1,Assets\Scripts\Assembly-CSharp\DebugTrackStrapper.cs
Assets\Scenes\Tracks\Tutorial Track.unity,.unity,HUDLogic,1,Assets\Scripts\Assembly-CSharp\HUDLogic.cs
Assets\Scenes\Tracks\Tutorial Track.unity,.unity,SoundLibraryAddendum,2,Assets\Scripts\Assembly-CSharp\SoundLibraryAddendum.cs
Assets\Scenes\Tracks\Tutorial Track.unity,.unity,UghInput,1,Assets\Plugins\Assembly-CSharp-firstpass\UghInput.cs
Assets\Scenes\Tracks\Tutorial Track.unity,.unity,GuidedJumpTrigger,1,Assets\Scripts\Assembly-CSharp\GuidedJumpTrigger.cs
Assets\Scenes\Tracks\Tutorial Track.unity,.unity,CarAIPathManager,1,Assets\Scripts\Assembly-CSharp\CarAIPathManager.cs
Assets\Scenes\Tracks\Tutorial Track.unity,.unity,UghCamera,1,Assets\Plugins\Assembly-CSharp-firstpass\UghCamera.cs
Assets\Scenes\Tracks\Tutorial Track.unity,.unity,PreRaceCamera,1,Assets\Scripts\Assembly-CSharp\PreRaceCamera.cs
Assets\GameObject\+AchievementManager.prefab,.prefab,AchievementManager,1,Assets\Scripts\Assembly-CSharp\AchievementManager.cs
Assets\GameObject\+DataUtility.prefab,.prefab,DataUtility,1,Assets\Scripts\Assembly-CSharp\DataUtility.cs
Assets\GameObject\+Localize.prefab,.prefab,Localize,1,Assets\Plugins\Assembly-CSharp-firstpass\Localize.cs
Assets\GameObject\+PlayerInstance.prefab,.prefab,PlayerInstance,1,Assets\Scripts\Assembly-CSharp\PlayerInstance.cs
Assets\GameObject\+Screen Timeout Controller.prefab,.prefab,ScreenTimeoutController,1,Assets\Scripts\Assembly-CSharp\ScreenTimeoutController.cs
Assets\GameObject\+StreamManager.prefab,.prefab,StreamManager,1,Assets\Scripts\Assembly-CSharp\StreamManager.cs
Assets\GameObject\+TrackUnlockHelper.prefab,.prefab,TrackUnlockHelper,1,Assets\Scripts\Assembly-CSharp\TrackUnlockHelper.cs
Assets\GameObject\1 - Lil Wheelies Custom.prefab,.prefab,PaintJob,1,Assets\Scripts\Assembly-CSharp\PaintJob.cs
Assets\GameObject\1 - Lil' Scoop.prefab,.prefab,CartPart,1,Assets\Scripts\Assembly-CSharp\CartPart.cs
Assets\GameObject\1 - Lil' Spoiler (Truck).prefab,.prefab,CartPart,1,Assets\Scripts\Assembly-CSharp\CartPart.cs
Assets\GameObject\1 - Lil' Spoiler Forms.prefab,.prefab,AlternateForm,1,Assets\Scripts\Assembly-CSharp\AlternateForm.cs
Assets\GameObject\1 - Lil' Spoiler.prefab,.prefab,CartPart,1,Assets\Scripts\Assembly-CSharp\CartPart.cs
Assets\GameObject\1 - Lil' Thrusties (Truck).prefab,.prefab,CartPart,1,Assets\Scripts\Assembly-CSharp\CartPart.cs
Assets\GameObject\1 - Lil' Thrusties Forms.prefab,.prefab,AlternateForm,1,Assets\Scripts\Assembly-CSharp\AlternateForm.cs
Assets\GameObject\1 - Lil' Thrusties.prefab,.prefab,CartPart,1,Assets\Scripts\Assembly-CSharp\CartPart.cs
Assets\GameObject\1 - Lil' Wheelies (Bike).prefab,.prefab,CartPart,1,Assets\Scripts\Assembly-CSharp\CartPart.cs
Assets\GameObject\1 - Lil' Wheelies (Truck).prefab,.prefab,CartPart,1,Assets\Scripts\Assembly-CSharp\CartPart.cs
Assets\GameObject\1 - Lil' Wheelies.prefab,.prefab,CartPart,1,Assets\Scripts\Assembly-CSharp\CartPart.cs
Assets\GameObject\1 - Lil'Kart (Bike).prefab,.prefab,CartPart,1,Assets\Scripts\Assembly-CSharp\CartPart.cs
Assets\GameObject\1 - Lil'Kart (Truck).prefab,.prefab,CartPart,1,Assets\Scripts\Assembly-CSharp\CartPart.cs
Assets\GameObject\1 - Lil'Kart Forms.prefab,.prefab,AlternateForm,1,Assets\Scripts\Assembly-CSharp\AlternateForm.cs
Assets\GameObject\1 - Lil'Kart.prefab,.prefab,CartPart,1,Assets\Scripts\Assembly-CSharp\CartPart.cs
Assets\GameObject\1 - Lil'Wheelie Forms.prefab,.prefab,AlternateForm,1,Assets\Scripts\Assembly-CSharp\AlternateForm.cs
Assets\GameObject\2 - Scorchin' Thrusters (Truck).prefab,.prefab,CartPart,1,Assets\Scripts\Assembly-CSharp\CartPart.cs
Assets\GameObject\2 - Scorchin' Thrusters Forms.prefab,.prefab,AlternateForm,1,Assets\Scripts\Assembly-CSharp\AlternateForm.cs
Assets\GameObject\2 - Scorchin' Thrusters.prefab,.prefab,CartPart,1,Assets\Scripts\Assembly-CSharp\CartPart.cs
Assets\GameObject\2 - Speeder Wheels (Bike).prefab,.prefab,CartPart,1,Assets\Scripts\Assembly-CSharp\CartPart.cs
Assets\GameObject\2 - Speeder Wheels (Truck).prefab,.prefab,CartPart,1,Assets\Scripts\Assembly-CSharp\CartPart.cs
Assets\GameObject\2 - Speeder Wheels Custom.prefab,.prefab,PaintJob,1,Assets\Scripts\Assembly-CSharp\PaintJob.cs
Assets\GameObject\2 - Speeder Wheels Forms.prefab,.prefab,AlternateForm,1,Assets\Scripts\Assembly-CSharp\AlternateForm.cs
Assets\GameObject\2 - Speeder Wheels.prefab,.prefab,CartPart,1,Assets\Scripts\Assembly-CSharp\CartPart.cs
Assets\GameObject\2 - Speedster (Bike).prefab,.prefab,CartPart,1,Assets\Scripts\Assembly-CSharp\CartPart.cs
Assets\GameObject\2 - Speedster (Truck).prefab,.prefab,CartPart,1,Assets\Scripts\Assembly-CSharp\CartPart.cs
Assets\GameObject\2 - Speedster Forms.prefab,.prefab,AlternateForm,1,Assets\Scripts\Assembly-CSharp\AlternateForm.cs
Assets\GameObject\2 - Speedster.prefab,.prefab,CartPart,1,Assets\Scripts\Assembly-CSharp\CartPart.cs
Assets\GameObject\2 - Speedy Scoop.prefab,.prefab,CartPart,1,Assets\Scripts\Assembly-CSharp\CartPart.cs
Assets\GameObject\2 - Speedy Spoiler (Truck).prefab,.prefab,CartPart,1,Assets\Scripts\Assembly-CSharp\CartPart.cs
Assets\GameObject\2 - Speedy Spoiler Forms.prefab,.prefab,AlternateForm,1,Assets\Scripts\Assembly-CSharp\AlternateForm.cs
Assets\GameObject\2 - Speedy Spoiler.prefab,.prefab,CartPart,1,Assets\Scripts\Assembly-CSharp\CartPart.cs
Assets\GameObject\3 - Trak Blasters (Truck).prefab,.prefab,CartPart,1,Assets\Scripts\Assembly-CSharp\CartPart.cs
Assets\GameObject\3 - Trak Blasters Forms.prefab,.prefab,AlternateForm,1,Assets\Scripts\Assembly-CSharp\AlternateForm.cs
Assets\GameObject\3 - Trak Blasters.prefab,.prefab,CartPart,1,Assets\Scripts\Assembly-CSharp\CartPart.cs
Assets\GameObject\3 - Trak Skoop.prefab,.prefab,CartPart,1,Assets\Scripts\Assembly-CSharp\CartPart.cs
Assets\GameObject\3 - Traktor 3000 (Bike).prefab,.prefab,CartPart,1,Assets\Scripts\Assembly-CSharp\CartPart.cs
Assets\GameObject\3 - Traktor 3000 (Truck).prefab,.prefab,CartPart,1,Assets\Scripts\Assembly-CSharp\CartPart.cs
Assets\GameObject\3 - Traktor 3000 Forms.prefab,.prefab,AlternateForm,1,Assets\Scripts\Assembly-CSharp\AlternateForm.cs
Assets\GameObject\3 - Traktor 3000.prefab,.prefab,CartPart,1,Assets\Scripts\Assembly-CSharp\CartPart.cs
Assets\GameObject\3 - Traktor Tires (Bike).prefab,.prefab,CartPart,1,Assets\Scripts\Assembly-CSharp\CartPart.cs
Assets\GameObject\3 - Traktor Tires (Truck).prefab,.prefab,CartPart,1,Assets\Scripts\Assembly-CSharp\CartPart.cs
Assets\GameObject\3 - Traktor Tires Custom.prefab,.prefab,PaintJob,1,Assets\Scripts\Assembly-CSharp\PaintJob.cs
Assets\GameObject\3 - Traktor Tires Forms.prefab,.prefab,AlternateForm,1,Assets\Scripts\Assembly-CSharp\AlternateForm.cs
Assets\GameObject\3 - Traktor Tires.prefab,.prefab,CartPart,1,Assets\Scripts\Assembly-CSharp\CartPart.cs
Assets\GameObject\3 - Traktor Wing (Truck).prefab,.prefab,CartPart,1,Assets\Scripts\Assembly-CSharp\CartPart.cs
Assets\GameObject\3 - Traktor Wing Forms.prefab,.prefab,AlternateForm,1,Assets\Scripts\Assembly-CSharp\AlternateForm.cs
Assets\GameObject\3 - Traktor Wing.prefab,.prefab,CartPart,1,Assets\Scripts\Assembly-CSharp\CartPart.cs
Assets\GameObject\4 - Dune Blazers (Truck).prefab,.prefab,CartPart,1,Assets\Scripts\Assembly-CSharp\CartPart.cs
Assets\GameObject\4 - Dune Blazers Forms.prefab,.prefab,AlternateForm,1,Assets\Scripts\Assembly-CSharp\AlternateForm.cs
Assets\GameObject\4 - Dune Blazers.prefab,.prefab,CartPart,1,Assets\Scripts\Assembly-CSharp\CartPart.cs
Assets\GameObject\4 - Dune Jumpers (Bike).prefab,.prefab,CartPart,1,Assets\Scripts\Assembly-CSharp\CartPart.cs
Assets\GameObject\4 - Dune Jumpers (Truck).prefab,.prefab,CartPart,1,Assets\Scripts\Assembly-CSharp\CartPart.cs
Assets\GameObject\4 - Dune Jumpers Custom.prefab,.prefab,PaintJob,1,Assets\Scripts\Assembly-CSharp\PaintJob.cs
Assets\GameObject\4 - Dune Jumpers Forms.prefab,.prefab,AlternateForm,1,Assets\Scripts\Assembly-CSharp\AlternateForm.cs
Assets\GameObject\4 - Dune Jumpers.prefab,.prefab,CartPart,1,Assets\Scripts\Assembly-CSharp\CartPart.cs
Assets\GameObject\4 - Dune Scooper.prefab,.prefab,CartPart,1,Assets\Scripts\Assembly-CSharp\CartPart.cs
Assets\GameObject\4 - Dune Spoiler (Truck).prefab,.prefab,CartPart,1,Assets\Scripts\Assembly-CSharp\CartPart.cs
Assets\GameObject\4 - Dune Spoiler Forms.prefab,.prefab,AlternateForm,1,Assets\Scripts\Assembly-CSharp\AlternateForm.cs
Assets\GameObject\4 - Dune Spoiler.prefab,.prefab,CartPart,1,Assets\Scripts\Assembly-CSharp\CartPart.cs
Assets\GameObject\4 - Dune Stomper (Bike).prefab,.prefab,CartPart,1,Assets\Scripts\Assembly-CSharp\CartPart.cs
Assets\GameObject\4 - Dune Stomper (Truck).prefab,.prefab,CartPart,1,Assets\Scripts\Assembly-CSharp\CartPart.cs
Assets\GameObject\4 - Dune Stomper Forms.prefab,.prefab,AlternateForm,1,Assets\Scripts\Assembly-CSharp\AlternateForm.cs
Assets\GameObject\4 - Dune Stomper.prefab,.prefab,CartPart,1,Assets\Scripts\Assembly-CSharp\CartPart.cs
Assets\GameObject\5 - Hog Burners (Truck).prefab,.prefab,CartPart,1,Assets\Scripts\Assembly-CSharp\CartPart.cs
Assets\GameObject\5 - Hog Burners Forms.prefab,.prefab,AlternateForm,1,Assets\Scripts\Assembly-CSharp\AlternateForm.cs
Assets\GameObject\5 - Hog Burners.prefab,.prefab,CartPart,1,Assets\Scripts\Assembly-CSharp\CartPart.cs
Assets\GameObject\5 - Hogwing (Truck).prefab,.prefab,CartPart,1,Assets\Scripts\Assembly-CSharp\CartPart.cs
Assets\GameObject\5 - Hogwing Forms.prefab,.prefab,AlternateForm,1,Assets\Scripts\Assembly-CSharp\AlternateForm.cs
Assets\GameObject\5 - Hogwing.prefab,.prefab,CartPart,1,Assets\Scripts\Assembly-CSharp\CartPart.cs
Assets\GameObject\5 - Scoop-inator.prefab,.prefab,CartPart,1,Assets\Scripts\Assembly-CSharp\CartPart.cs
Assets\GameObject\5 - The Hog-inator (Bike).prefab,.prefab,CartPart,1,Assets\Scripts\Assembly-CSharp\CartPart.cs
Assets\GameObject\5 - The Hog-inator (Truck).prefab,.prefab,CartPart,1,Assets\Scripts\Assembly-CSharp\CartPart.cs
Assets\GameObject\5 - The Hog-inator Forms.prefab,.prefab,AlternateForm,1,Assets\Scripts\Assembly-CSharp\AlternateForm.cs
Assets\GameObject\5 - The Hog-inator.prefab,.prefab,CartPart,1,Assets\Scripts\Assembly-CSharp\CartPart.cs
Assets\GameObject\5 - The Wheel-inators Forms.prefab,.prefab,AlternateForm,1,Assets\Scripts\Assembly-CSharp\AlternateForm.cs
Assets\GameObject\5 - Wheel-inators (Bike).prefab,.prefab,CartPart,1,Assets\Scripts\Assembly-CSharp\CartPart.cs
Assets\GameObject\5 - Wheel-inators (Truck).prefab,.prefab,CartPart,1,Assets\Scripts\Assembly-CSharp\CartPart.cs
Assets\GameObject\5 - Wheel-inators Custom.prefab,.prefab,PaintJob,1,Assets\Scripts\Assembly-CSharp\PaintJob.cs
Assets\GameObject\5 - Wheel-inators.prefab,.prefab,CartPart,1,Assets\Scripts\Assembly-CSharp\CartPart.cs
Assets\GameObject\6 - Beast Wheelz (Bike).prefab,.prefab,CartPart,1,Assets\Scripts\Assembly-CSharp\CartPart.cs
Assets\GameObject\6 - Beast Wheelz (Truck).prefab,.prefab,CartPart,1,Assets\Scripts\Assembly-CSharp\CartPart.cs
Assets\GameObject\6 - Beast Wheelz Custom.prefab,.prefab,PaintJob,1,Assets\Scripts\Assembly-CSharp\PaintJob.cs
Assets\GameObject\6 - Beast Wheelz Forms.prefab,.prefab,AlternateForm,1,Assets\Scripts\Assembly-CSharp\AlternateForm.cs
Assets\GameObject\6 - Beast Wheelz.prefab,.prefab,CartPart,1,Assets\Scripts\Assembly-CSharp\CartPart.cs
Assets\GameObject\6 - Beastly Spoiler (Truck).prefab,.prefab,CartPart,1,Assets\Scripts\Assembly-CSharp\CartPart.cs
Assets\GameObject\6 - Beastly Spoiler Forms.prefab,.prefab,AlternateForm,1,Assets\Scripts\Assembly-CSharp\AlternateForm.cs
Assets\GameObject\6 - Beastly Spoiler.prefab,.prefab,CartPart,1,Assets\Scripts\Assembly-CSharp\CartPart.cs
Assets\GameObject\6 - Infernos (Truck).prefab,.prefab,CartPart,1,Assets\Scripts\Assembly-CSharp\CartPart.cs
Assets\GameObject\6 - Infernos Forms.prefab,.prefab,AlternateForm,1,Assets\Scripts\Assembly-CSharp\AlternateForm.cs
Assets\GameObject\6 - Infernos.prefab,.prefab,CartPart,1,Assets\Scripts\Assembly-CSharp\CartPart.cs
Assets\GameObject\6 - Monster Scoop.prefab,.prefab,CartPart,1,Assets\Scripts\Assembly-CSharp\CartPart.cs
Assets\GameObject\6 - The Beast (Bike).prefab,.prefab,CartPart,1,Assets\Scripts\Assembly-CSharp\CartPart.cs
Assets\GameObject\6 - The Beast (Truck).prefab,.prefab,CartPart,1,Assets\Scripts\Assembly-CSharp\CartPart.cs
Assets\GameObject\6 - The Beast Forms.prefab,.prefab,AlternateForm,1,Assets\Scripts\Assembly-CSharp\AlternateForm.cs
Assets\GameObject\6 - The Beast.prefab,.prefab,CartPart,1,Assets\Scripts\Assembly-CSharp\CartPart.cs
Assets\GameObject\7 - Ultra Tractionizers (Bike).prefab,.prefab,CartPart,1,Assets\Scripts\Assembly-CSharp\CartPart.cs
Assets\GameObject\7 - Ultra Tractionizers (Truck).prefab,.prefab,CartPart,1,Assets\Scripts\Assembly-CSharp\CartPart.cs
Assets\GameObject\7 - Ultra Tractionizers Custom.prefab,.prefab,PaintJob,1,Assets\Scripts\Assembly-CSharp\PaintJob.cs
Assets\GameObject\7 - Ultra Tractionizers Forms.prefab,.prefab,AlternateForm,1,Assets\Scripts\Assembly-CSharp\AlternateForm.cs
Assets\GameObject\7 - Ultra Tractionizers.prefab,.prefab,CartPart,1,Assets\Scripts\Assembly-CSharp\CartPart.cs
Assets\GameObject\Achievement Category UI.prefab,.prefab,AchievementCategoryPublisher,1,Assets\Scripts\Assembly-CSharp\AchievementCategoryPublisher.cs
Assets\GameObject\Achievement Category UI.prefab,.prefab,UghText,9,Assets\Plugins\Assembly-CSharp-firstpass\UghText.cs
Assets\GameObject\Achievement Category UI.prefab,.prefab,UghButton,4,Assets\Plugins\Assembly-CSharp-firstpass\UghButton.cs
Assets\GameObject\Achievement Category UI.prefab,.prefab,ShiftContentsOnButtonDown,4,Assets\Scripts\Assembly-CSharp\ShiftContentsOnButtonDown.cs
Assets\GameObject\Achievement Category UI.prefab,.prefab,UghSprite,4,Assets\Plugins\Assembly-CSharp-firstpass\UghSprite.cs
Assets\GameObject\AchievementUI.prefab,.prefab,AchievementUI,1,Assets\GameObject\AchievementUI.prefab
Assets\GameObject\AchievementUI.prefab,.prefab,UghButton,3,Assets\Plugins\Assembly-CSharp-firstpass\UghButton.cs
Assets\GameObject\AchievementUI.prefab,.prefab,AchievementPanelPublisher,6,Assets\Scripts\Assembly-CSharp\AchievementPanelPublisher.cs
Assets\GameObject\AchievementUI.prefab,.prefab,UghText,18,Assets\Plugins\Assembly-CSharp-firstpass\UghText.cs
Assets\GameObject\AchievementUI.prefab,.prefab,UghSprite,25,Assets\Plugins\Assembly-CSharp-firstpass\UghSprite.cs
Assets\GameObject\AchievementUI.prefab,.prefab,ShiftContentsOnButtonDown,1,Assets\Scripts\Assembly-CSharp\ShiftContentsOnButtonDown.cs
Assets\GameObject\AchievementWindow.prefab,.prefab,AchievementWindowPublisher,1,Assets\Scripts\Assembly-CSharp\AchievementWindowPublisher.cs
Assets\GameObject\AchievementWindow.prefab,.prefab,UghButton,2,Assets\Plugins\Assembly-CSharp-firstpass\UghButton.cs
Assets\GameObject\AchievementWindow.prefab,.prefab,UghSprite,5,Assets\Plugins\Assembly-CSharp-firstpass\UghSprite.cs
Assets\GameObject\AchievementWindow.prefab,.prefab,UghText,3,Assets\Plugins\Assembly-CSharp-firstpass\UghText.cs
Assets\GameObject\AchievementWindow.prefab,.prefab,UghAlign,1,Assets\Plugins\Assembly-CSharp-firstpass\UghAlign.cs
Assets\GameObject\AchievementWindow.prefab,.prefab,UghStretch,1,Assets\Plugins\Assembly-CSharp-firstpass\UghStretch.cs
Assets\GameObject\Age Gate Popup.prefab,.prefab,AgeGatePopup,1,Assets\Scripts\Assembly-CSharp\AgeGatePopup.cs
Assets\GameObject\Age Gate Popup.prefab,.prefab,UghSprite,1,Assets\Plugins\Assembly-CSharp-firstpass\UghSprite.cs
Assets\GameObject\Age Gate Popup.prefab,.prefab,UghText,4,Assets\Plugins\Assembly-CSharp-firstpass\UghText.cs
Assets\GameObject\Age Gate Popup.prefab,.prefab,UghButton,1,Assets\Plugins\Assembly-CSharp-firstpass\UghButton.cs
Assets\GameObject\Agent P.prefab,.prefab,CartPart,1,Assets\Scripts\Assembly-CSharp\CartPart.cs
Assets\GameObject\AI Blip.prefab,.prefab,UghSprite,2,Assets\Plugins\Assembly-CSharp-firstpass\UghSprite.cs
Assets\GameObject\Anchor Rocket.prefab,.prefab,RocketAI,1,Assets\Scripts\Assembly-CSharp\RocketAI.cs
Assets\GameObject\Anchor Rocket.prefab,.prefab,SoundSequencer,1,Assets\Scripts\Assembly-CSharp\SoundSequencer.cs
Assets\GameObject\Barrel On Track.prefab,.prefab,ExplodingBarrel,1,Assets\Scripts\Assembly-CSharp\ExplodingBarrel.cs
Assets\GameObject\Barrel On Track.prefab,.prefab,ParticleReducer,1,Assets\Scripts\Assembly-CSharp\ParticleReducer.cs
Assets\GameObject\Barrel.prefab,.prefab,ForwardForceAI,1,Assets\Scripts\Assembly-CSharp\ForwardForceAI.cs
Assets\GameObject\Barrel.prefab,.prefab,ExplodingBarrel,1,Assets\Scripts\Assembly-CSharp\ExplodingBarrel.cs
Assets\GameObject\Bea.prefab,.prefab,CartPart,1,Assets\Scripts\Assembly-CSharp\CartPart.cs
Assets\GameObject\Beastly Spoiler Black.prefab,.prefab,PaintJob,1,Assets\Scripts\Assembly-CSharp\PaintJob.cs
Assets\GameObject\Beastly Spoiler Blue.prefab,.prefab,PaintJob,1,Assets\Scripts\Assembly-CSharp\PaintJob.cs
Assets\GameObject\Beastly Spoiler Custom Alpha.prefab,.prefab,PaintJob,1,Assets\Scripts\Assembly-CSharp\PaintJob.cs
Assets\GameObject\Beastly Spoiler Custom Beta.prefab,.prefab,PaintJob,1,Assets\Scripts\Assembly-CSharp\PaintJob.cs
Assets\GameObject\Beastly Spoiler Pink.prefab,.prefab,PaintJob,1,Assets\Scripts\Assembly-CSharp\PaintJob.cs
Assets\GameObject\Beastly Spoiler Purple.prefab,.prefab,PaintJob,1,Assets\Scripts\Assembly-CSharp\PaintJob.cs
Assets\GameObject\Beastly Spoiler Red.prefab,.prefab,PaintJob,1,Assets\Scripts\Assembly-CSharp\PaintJob.cs
Assets\GameObject\Booster Pickup.prefab,.prefab,RotatorAI,1,Assets\Scripts\Assembly-CSharp\RotatorAI.cs
Assets\GameObject\Booster Pickup.prefab,.prefab,BoosterPickup,1,Assets\Scripts\Assembly-CSharp\BoosterPickup.cs
Assets\GameObject\Booster Pickup.prefab,.prefab,ObjectTrackDistanceLogic,2,Assets\Scripts\Assembly-CSharp\ObjectTrackDistanceLogic.cs
Assets\GameObject\Brad.prefab,.prefab,CartPart,1,Assets\Scripts\Assembly-CSharp\CartPart.cs
Assets\GameObject\BubbleJetUP.prefab,.prefab,BubbleJet,1,Assets\Scripts\Assembly-CSharp\BubbleJet.cs
Assets\GameObject\BubbleJetUP.prefab,.prefab,ParticleReducer,1,Assets\Scripts\Assembly-CSharp\ParticleReducer.cs
Assets\GameObject\Bus Jumper.prefab,.prefab,RaceSettings,1,Assets\Scripts\Assembly-CSharp\RaceSettings.cs
Assets\GameObject\Buy a Powerup Tutorial.prefab,.prefab,BuyPowerupMission,1,Assets\Scripts\Assembly-CSharp\BuyPowerupMission.cs
Assets\GameObject\BuyCoinsPrefab.prefab,.prefab,DebugMoreCoinsPublisher,1,Assets\Scripts\Assembly-CSharp\DebugMoreCoinsPublisher.cs
Assets\GameObject\BuyCoinsPrefab.prefab,.prefab,UghSprite,13,Assets\Plugins\Assembly-CSharp-firstpass\UghSprite.cs
Assets\GameObject\BuyCoinsPrefab.prefab,.prefab,UghButton,5,Assets\Plugins\Assembly-CSharp-firstpass\UghButton.cs
Assets\GameObject\BuyCoinsPrefab.prefab,.prefab,ShiftContentsOnButtonDown,1,Assets\Scripts\Assembly-CSharp\ShiftContentsOnButtonDown.cs
Assets\GameObject\BuyCoinsPrefab.prefab,.prefab,UghText,11,Assets\Plugins\Assembly-CSharp-firstpass\UghText.cs
Assets\GameObject\BuyCoinsPrefab.prefab,.prefab,UghAlign,1,Assets\Plugins\Assembly-CSharp-firstpass\UghAlign.cs
Assets\GameObject\BuyCoinsPrefab.prefab,.prefab,UghStretch,1,Assets\Plugins\Assembly-CSharp-firstpass\UghStretch.cs
Assets\GameObject\BuyCoinsPrefab.prefab,.prefab,InputBlocker,1,Assets\Scripts\Assembly-CSharp\InputBlocker.cs
Assets\GameObject\Cart Paint Job.prefab,.prefab,EquipPaintJobAchievementListener,1,Assets\Scripts\Assembly-CSharp\EquipPaintJobAchievementListener.cs
Assets\GameObject\CartCustomizerMenu.prefab,.prefab,CartCustomizerPublisher,1,Assets\Scripts\Assembly-CSharp\CartCustomizerPublisher.cs
Assets\GameObject\CartCustomizerMenu.prefab,.prefab,FrontEndTutorialHandler,1,Assets\Scripts\Assembly-CSharp\FrontEndTutorialHandler.cs
Assets\GameObject\CartCustomizerMenu.prefab,.prefab,UghButton,10,Assets\Plugins\Assembly-CSharp-firstpass\UghButton.cs
Assets\GameObject\CartCustomizerMenu.prefab,.prefab,UghSprite,40,Assets\Plugins\Assembly-CSharp-firstpass\UghSprite.cs
Assets\GameObject\CartCustomizerMenu.prefab,.prefab,UghText,15,Assets\Plugins\Assembly-CSharp-firstpass\UghText.cs
Assets\GameObject\CartCustomizerMenu.prefab,.prefab,UghAlign,5,Assets\Plugins\Assembly-CSharp-firstpass\UghAlign.cs
Assets\GameObject\CartCustomizerMenu.prefab,.prefab,UghToggle,8,Assets\Plugins\Assembly-CSharp-firstpass\UghToggle.cs
Assets\GameObject\CartCustomizerMenu.prefab,.prefab,ShiftContentsOnToggleDown,8,Assets\Scripts\Assembly-CSharp\ShiftContentsOnToggleDown.cs
Assets\GameObject\CartCustomizerMenu.prefab,.prefab,ShiftContentsOnButtonDown,4,Assets\Scripts\Assembly-CSharp\ShiftContentsOnButtonDown.cs
Assets\GameObject\CartPartList.prefab,.prefab,CartPartList,1,Assets\GameObject\CartPartList.prefab
Assets\GameObject\CartPartList.prefab,.prefab,ExternalPersistentArchive,1,Assets\Plugins\Assembly-CSharp-firstpass\ExternalPersistentArchive.cs
Assets\GameObject\CartPrimaryTextureProfile.prefab,.prefab,CompositeProfile,1,Assets\Scripts\Assembly-CSharp\CompositeProfile.cs
Assets\GameObject\CartPrimaryTextureProfile.prefab,.prefab,CartPrimaryTextureProfile,1,Assets\GameObject\CartPrimaryTextureProfile.prefab
Assets\GameObject\CharacterSelectMenu.prefab,.prefab,CharacterSelectPublisher,1,Assets\Scripts\Assembly-CSharp\CharacterSelectPublisher.cs
Assets\GameObject\CharacterSelectMenu.prefab,.prefab,FrontEndTutorialHandler,1,Assets\Scripts\Assembly-CSharp\FrontEndTutorialHandler.cs
Assets\GameObject\CharacterSelectMenu.prefab,.prefab,UghButton,3,Assets\Plugins\Assembly-CSharp-firstpass\UghButton.cs
Assets\GameObject\CharacterSelectMenu.prefab,.prefab,UghAlign,2,Assets\Plugins\Assembly-CSharp-firstpass\UghAlign.cs
Assets\GameObject\CharacterSelectMenu.prefab,.prefab,UghText,5,Assets\Plugins\Assembly-CSharp-firstpass\UghText.cs
Assets\GameObject\CharacterSelectMenu.prefab,.prefab,ShiftContentsOnButtonDown,1,Assets\Scripts\Assembly-CSharp\ShiftContentsOnButtonDown.cs
Assets\GameObject\CharacterSelectMenu.prefab,.prefab,UghSprite,4,Assets\Plugins\Assembly-CSharp-firstpass\UghSprite.cs
Assets\GameObject\Coin Balance x100_000.prefab,.prefab,CoinBalanceAchievementListener,1,Assets\Scripts\Assembly-CSharp\CoinBalanceAchievementListener.cs
Assets\GameObject\Coin Balance x10_000.prefab,.prefab,CoinBalanceAchievementListener,1,Assets\Scripts\Assembly-CSharp\CoinBalanceAchievementListener.cs
Assets\GameObject\Coin Balance x1_000.prefab,.prefab,CoinBalanceAchievementListener,1,Assets\Scripts\Assembly-CSharp\CoinBalanceAchievementListener.cs
Assets\GameObject\Coin.prefab,.prefab,Coin,1,Assets\GameObject\Coin.prefab
Assets\GameObject\Coin.prefab,.prefab,ObjectTrackDistanceLogic,1,Assets\Scripts\Assembly-CSharp\ObjectTrackDistanceLogic.cs
Assets\GameObject\Collect a Powerup Tutorial.prefab,.prefab,CollectPowerupMission,1,Assets\Scripts\Assembly-CSharp\CollectPowerupMission.cs
Assets\GameObject\Combine a Powerup Tutorial.prefab,.prefab,CombinePowerupMission,1,Assets\Scripts\Assembly-CSharp\CombinePowerupMission.cs
Assets\GameObject\Complete All Achievements.prefab,.prefab,CompleteAllMissionsAchievementListener,1,Assets\Scripts\Assembly-CSharp\CompleteAllMissionsAchievementListener.cs
Assets\GameObject\Confirmation Popup.prefab,.prefab,ConfirmationPublisher,1,Assets\Scripts\Assembly-CSharp\ConfirmationPublisher.cs
Assets\GameObject\Confirmation Popup.prefab,.prefab,UghSprite,1,Assets\Plugins\Assembly-CSharp-firstpass\UghSprite.cs
Assets\GameObject\Confirmation Popup.prefab,.prefab,UghText,3,Assets\Plugins\Assembly-CSharp-firstpass\UghText.cs
Assets\GameObject\Confirmation Popup.prefab,.prefab,UghButton,3,Assets\Plugins\Assembly-CSharp-firstpass\UghButton.cs
Assets\GameObject\Confirmation Popup.prefab,.prefab,ShiftContentsOnButtonDown,2,Assets\Scripts\Assembly-CSharp\ShiftContentsOnButtonDown.cs
Assets\GameObject\Confirmation Popup.prefab,.prefab,UghAlign,1,Assets\Plugins\Assembly-CSharp-firstpass\UghAlign.cs
Assets\GameObject\Confirmation Popup.prefab,.prefab,UghStretch,1,Assets\Plugins\Assembly-CSharp-firstpass\UghStretch.cs
Assets\GameObject\Confirmation Popup.prefab,.prefab,InputBlocker,1,Assets\Scripts\Assembly-CSharp\InputBlocker.cs
Assets\GameObject\Crash.prefab,.prefab,CartPart,1,Assets\Scripts\Assembly-CSharp\CartPart.cs
Assets\GameObject\Credits Screen.prefab,.prefab,CreditsPublisher,1,Assets\Scripts\Assembly-CSharp\CreditsPublisher.cs
Assets\GameObject\Credits Screen.prefab,.prefab,UghButton,5,Assets\Plugins\Assembly-CSharp-firstpass\UghButton.cs
Assets\GameObject\Credits Screen.prefab,.prefab,ShiftContentsOnButtonDown,4,Assets\Scripts\Assembly-CSharp\ShiftContentsOnButtonDown.cs
Assets\GameObject\Credits Screen.prefab,.prefab,UghSprite,5,Assets\Plugins\Assembly-CSharp-firstpass\UghSprite.cs
Assets\GameObject\Credits Screen.prefab,.prefab,UghText,10,Assets\Plugins\Assembly-CSharp-firstpass\UghText.cs
Assets\GameObject\Cross Finish Line Backwards.prefab,.prefab,CrossFinishLineBackwardsAchievementListener,1,Assets\Scripts\Assembly-CSharp\CrossFinishLineBackwardsAchievementListener.cs
Assets\GameObject\Daily Bonus.prefab,.prefab,DailyBonusPublisher,1,Assets\Scripts\Assembly-CSharp\DailyBonusPublisher.cs
Assets\GameObject\Daily Bonus.prefab,.prefab,UghButton,2,Assets\Plugins\Assembly-CSharp-firstpass\UghButton.cs
Assets\GameObject\Daily Bonus.prefab,.prefab,UghAlign,1,Assets\Plugins\Assembly-CSharp-firstpass\UghAlign.cs
Assets\GameObject\Daily Bonus.prefab,.prefab,UghStretch,1,Assets\Plugins\Assembly-CSharp-firstpass\UghStretch.cs
Assets\GameObject\Daily Bonus.prefab,.prefab,InputBlocker,1,Assets\Scripts\Assembly-CSharp\InputBlocker.cs
Assets\GameObject\Daily Bonus.prefab,.prefab,UghSprite,5,Assets\Plugins\Assembly-CSharp-firstpass\UghSprite.cs
Assets\GameObject\Daily Bonus.prefab,.prefab,UghText,4,Assets\Plugins\Assembly-CSharp-firstpass\UghText.cs
Assets\GameObject\Danville Arena.prefab,.prefab,RaceSettings,1,Assets\Scripts\Assembly-CSharp\RaceSettings.cs
Assets\GameObject\Danville River.prefab,.prefab,RaceSettings,1,Assets\Scripts\Assembly-CSharp\RaceSettings.cs
Assets\GameObject\DEBUG.prefab,.prefab,RaceSettings,1,Assets\Scripts\Assembly-CSharp\RaceSettings.cs
Assets\GameObject\Dipper.prefab,.prefab,CartPart,1,Assets\Scripts\Assembly-CSharp\CartPart.cs
Assets\GameObject\Dirt Devils.prefab,.prefab,RaceSettings,1,Assets\Scripts\Assembly-CSharp\RaceSettings.cs
Assets\GameObject\Doof's Tower.prefab,.prefab,RaceSettings,1,Assets\Scripts\Assembly-CSharp\RaceSettings.cs
Assets\GameObject\Drift Boost Tutorial.prefab,.prefab,DriftMission,1,Assets\Scripts\Assembly-CSharp\DriftMission.cs
Assets\GameObject\Drift Scale.prefab,.prefab,DriftScalePublisher,1,Assets\Scripts\Assembly-CSharp\DriftScalePublisher.cs
Assets\GameObject\Drift Scale.prefab,.prefab,UghText,5,Assets\Plugins\Assembly-CSharp-firstpass\UghText.cs
Assets\GameObject\Drift Scale.prefab,.prefab,UghSprite,4,Assets\Plugins\Assembly-CSharp-firstpass\UghSprite.cs
Assets\GameObject\Drift Tutorial.prefab,.prefab,DriftMission,1,Assets\Scripts\Assembly-CSharp\DriftMission.cs
Assets\GameObject\Drift.prefab,.prefab,ParticleReducer,1,Assets\Scripts\Assembly-CSharp\ParticleReducer.cs
Assets\GameObject\Dune Blazers Bronze.prefab,.prefab,PaintJob,1,Assets\Scripts\Assembly-CSharp\PaintJob.cs
Assets\GameObject\Dune Blazers Copper.prefab,.prefab,PaintJob,1,Assets\Scripts\Assembly-CSharp\PaintJob.cs
Assets\GameObject\Dune Blazers Gold.prefab,.prefab,PaintJob,1,Assets\Scripts\Assembly-CSharp\PaintJob.cs
Assets\GameObject\Dune Blazers Silver.prefab,.prefab,PaintJob,1,Assets\Scripts\Assembly-CSharp\PaintJob.cs
Assets\GameObject\Dune Blazers Steel.prefab,.prefab,PaintJob,1,Assets\Scripts\Assembly-CSharp\PaintJob.cs
Assets\GameObject\Dune Scooper Bronze.prefab,.prefab,PaintJob,1,Assets\Scripts\Assembly-CSharp\PaintJob.cs
Assets\GameObject\Dune Scooper Copper.prefab,.prefab,PaintJob,1,Assets\Scripts\Assembly-CSharp\PaintJob.cs
Assets\GameObject\Dune Scooper Gold.prefab,.prefab,PaintJob,1,Assets\Scripts\Assembly-CSharp\PaintJob.cs
Assets\GameObject\Dune Scooper Silver.prefab,.prefab,PaintJob,1,Assets\Scripts\Assembly-CSharp\PaintJob.cs
Assets\GameObject\Dune Scooper Steel.prefab,.prefab,PaintJob,1,Assets\Scripts\Assembly-CSharp\PaintJob.cs
Assets\GameObject\Dune Spoiler Black.prefab,.prefab,PaintJob,1,Assets\Scripts\Assembly-CSharp\PaintJob.cs
Assets\GameObject\Dune Spoiler Blue.prefab,.prefab,PaintJob,1,Assets\Scripts\Assembly-CSharp\PaintJob.cs
Assets\GameObject\Dune Spoiler Brad Custom.prefab,.prefab,PaintJob,1,Assets\Scripts\Assembly-CSharp\PaintJob.cs
Assets\GameObject\Dune Spoiler Mike Custom.prefab,.prefab,PaintJob,1,Assets\Scripts\Assembly-CSharp\PaintJob.cs
Assets\GameObject\Dune Spoiler Pink.prefab,.prefab,PaintJob,1,Assets\Scripts\Assembly-CSharp\PaintJob.cs
Assets\GameObject\Dune Spoiler Purple.prefab,.prefab,PaintJob,1,Assets\Scripts\Assembly-CSharp\PaintJob.cs
Assets\GameObject\Dune Spoiler Red.prefab,.prefab,PaintJob,1,Assets\Scripts\Assembly-CSharp\PaintJob.cs
Assets\GameObject\Dune Stomper Black.prefab,.prefab,PaintJob,1,Assets\Scripts\Assembly-CSharp\PaintJob.cs
Assets\GameObject\Dune Stomper Blue.prefab,.prefab,PaintJob,1,Assets\Scripts\Assembly-CSharp\PaintJob.cs
Assets\GameObject\Dune Stomper Dipper Custom.prefab,.prefab,PaintJob,1,Assets\Scripts\Assembly-CSharp\PaintJob.cs
Assets\GameObject\Dune Stomper Mabel Custom.prefab,.prefab,PaintJob,1,Assets\Scripts\Assembly-CSharp\PaintJob.cs
Assets\GameObject\Dune Stomper Pink.prefab,.prefab,PaintJob,1,Assets\Scripts\Assembly-CSharp\PaintJob.cs
Assets\GameObject\Dune Stomper Purple.prefab,.prefab,PaintJob,1,Assets\Scripts\Assembly-CSharp\PaintJob.cs
Assets\GameObject\Dune Stomper Red.prefab,.prefab,PaintJob,1,Assets\Scripts\Assembly-CSharp\PaintJob.cs
Assets\GameObject\Equip Level 3 Parts.prefab,.prefab,EquipPartSetAchievementListener,1,Assets\Scripts\Assembly-CSharp\EquipPartSetAchievementListener.cs
Assets\GameObject\Equip Level 6 Parts.prefab,.prefab,EquipPartSetAchievementListener,1,Assets\Scripts\Assembly-CSharp\EquipPartSetAchievementListener.cs
Assets\GameObject\Exhaust Fire.prefab,.prefab,ParticleReducer,1,Assets\Scripts\Assembly-CSharp\ParticleReducer.cs
Assets\GameObject\Exhaust.prefab,.prefab,ParticleReducer,1,Assets\Scripts\Assembly-CSharp\ParticleReducer.cs
Assets\GameObject\Explosion.prefab,.prefab,Explosion,1,Assets\GameObject\Explosion.prefab
Assets\GameObject\Explosion.prefab,.prefab,ParticleReducer,1,Assets\Scripts\Assembly-CSharp\ParticleReducer.cs
Assets\GameObject\FadeHelper.prefab,.prefab,FadeHelper,1,Assets\GameObject\FadeHelper.prefab
Assets\GameObject\Ferb.prefab,.prefab,CartPart,1,Assets\Scripts\Assembly-CSharp\CartPart.cs
Assets\GameObject\Finish Line New.prefab,.prefab,UghPublisher,1,Assets\Plugins\Assembly-CSharp-firstpass\UghPublisher.cs
Assets\GameObject\Finish Line New.prefab,.prefab,UghSprite,1,Assets\Plugins\Assembly-CSharp-firstpass\UghSprite.cs
Assets\GameObject\Finish Line New.prefab,.prefab,UghText,3,Assets\Plugins\Assembly-CSharp-firstpass\UghText.cs
Assets\GameObject\Finish The Lap Tutorial.prefab,.prefab,FinishTheLapMission,1,Assets\Scripts\Assembly-CSharp\FinishTheLapMission.cs
Assets\GameObject\First Place Fish 1.prefab,.prefab,FirstPlaceAchievementListener,1,Assets\Scripts\Assembly-CSharp\FirstPlaceAchievementListener.cs
Assets\GameObject\First Place Fish 2.prefab,.prefab,FirstPlaceAchievementListener,1,Assets\Scripts\Assembly-CSharp\FirstPlaceAchievementListener.cs
Assets\GameObject\First Place Fish 3.prefab,.prefab,FirstPlaceAchievementListener,1,Assets\Scripts\Assembly-CSharp\FirstPlaceAchievementListener.cs
Assets\GameObject\First Place in Elimination.prefab,.prefab,FirstPlaceAchievementListener,1,Assets\Scripts\Assembly-CSharp\FirstPlaceAchievementListener.cs
Assets\GameObject\First Place Kick 1.prefab,.prefab,FirstPlaceAchievementListener,1,Assets\Scripts\Assembly-CSharp\FirstPlaceAchievementListener.cs
Assets\GameObject\First Place Kick 2.prefab,.prefab,FirstPlaceAchievementListener,1,Assets\Scripts\Assembly-CSharp\FirstPlaceAchievementListener.cs
Assets\GameObject\First Place Kick 3.prefab,.prefab,FirstPlaceAchievementListener,1,Assets\Scripts\Assembly-CSharp\FirstPlaceAchievementListener.cs
Assets\GameObject\First Place Phineas 1.prefab,.prefab,FirstPlaceAchievementListener,1,Assets\Scripts\Assembly-CSharp\FirstPlaceAchievementListener.cs
Assets\GameObject\First Place Phineas 2.prefab,.prefab,FirstPlaceAchievementListener,1,Assets\Scripts\Assembly-CSharp\FirstPlaceAchievementListener.cs
Assets\GameObject\First Place Phineas 3.prefab,.prefab,FirstPlaceAchievementListener,1,Assets\Scripts\Assembly-CSharp\FirstPlaceAchievementListener.cs
Assets\GameObject\FirstPlace With no powerups.prefab,.prefab,PlaceWithNoPowerupsAchievementListener,1,Assets\Scripts\Assembly-CSharp\PlaceWithNoPowerupsAchievementListener.cs
Assets\GameObject\Fishtankia.prefab,.prefab,RaceSettings,1,Assets\Scripts\Assembly-CSharp\RaceSettings.cs
Assets\GameObject\Freshwater High.prefab,.prefab,RaceSettings,1,Assets\Scripts\Assembly-CSharp\RaceSettings.cs
Assets\GameObject\Front End Tutorial Popup.prefab,.prefab,FrontEndTutorialPublisher,1,Assets\Scripts\Assembly-CSharp\FrontEndTutorialPublisher.cs
Assets\GameObject\Front End Tutorial Popup.prefab,.prefab,UghButton,2,Assets\Plugins\Assembly-CSharp-firstpass\UghButton.cs
Assets\GameObject\Front End Tutorial Popup.prefab,.prefab,UghText,1,Assets\Plugins\Assembly-CSharp-firstpass\UghText.cs
Assets\GameObject\Front End Tutorial Popup.prefab,.prefab,UghSprite,1,Assets\Plugins\Assembly-CSharp-firstpass\UghSprite.cs
Assets\GameObject\Front End Tutorial Popup.prefab,.prefab,UghAlign,1,Assets\Plugins\Assembly-CSharp-firstpass\UghAlign.cs
Assets\GameObject\Front End Tutorial Popup.prefab,.prefab,UghStretch,1,Assets\Plugins\Assembly-CSharp-firstpass\UghStretch.cs
Assets\GameObject\Full Screen Booster Effect.prefab,.prefab,UghSprite,1,Assets\Plugins\Assembly-CSharp-firstpass\UghSprite.cs
Assets\GameObject\Full Screen Booster Effect.prefab,.prefab,RotatorAI,1,Assets\Scripts\Assembly-CSharp\RotatorAI.cs
Assets\GameObject\Game Center Note.prefab,.prefab,ConfirmationPublisher,1,Assets\Scripts\Assembly-CSharp\ConfirmationPublisher.cs
Assets\GameObject\Game Center Note.prefab,.prefab,UghSprite,1,Assets\Plugins\Assembly-CSharp-firstpass\UghSprite.cs
Assets\GameObject\Game Center Note.prefab,.prefab,UghText,2,Assets\Plugins\Assembly-CSharp-firstpass\UghText.cs
Assets\GameObject\Game Center Note.prefab,.prefab,UghButton,2,Assets\Plugins\Assembly-CSharp-firstpass\UghButton.cs
Assets\GameObject\Game Center Note.prefab,.prefab,ShiftContentsOnButtonDown,1,Assets\Scripts\Assembly-CSharp\ShiftContentsOnButtonDown.cs
Assets\GameObject\Game Center Note.prefab,.prefab,UghAlign,1,Assets\Plugins\Assembly-CSharp-firstpass\UghAlign.cs
Assets\GameObject\Game Center Note.prefab,.prefab,UghStretch,1,Assets\Plugins\Assembly-CSharp-firstpass\UghStretch.cs
Assets\GameObject\Game Center Note.prefab,.prefab,InputBlocker,1,Assets\Scripts\Assembly-CSharp\InputBlocker.cs
Assets\GameObject\GameCenterManager.prefab,.prefab,GameCenterManager,1,Assets\GameObject\GameCenterManager.prefab
Assets\GameObject\Gunther.prefab,.prefab,CartPart,1,Assets\Scripts\Assembly-CSharp\CartPart.cs
Assets\GameObject\hit laser.prefab,.prefab,ParticleReducer,2,Assets\Scripts\Assembly-CSharp\ParticleReducer.cs
Assets\GameObject\HitOtherCart.prefab,.prefab,ParticleSystemDestroy,1,Assets\Scripts\Assembly-CSharp\ParticleSystemDestroy.cs
Assets\GameObject\Hog Burners Bronze.prefab,.prefab,PaintJob,1,Assets\Scripts\Assembly-CSharp\PaintJob.cs
Assets\GameObject\Hog Burners Copper.prefab,.prefab,PaintJob,1,Assets\Scripts\Assembly-CSharp\PaintJob.cs
Assets\GameObject\Hog Burners Gold.prefab,.prefab,PaintJob,1,Assets\Scripts\Assembly-CSharp\PaintJob.cs
Assets\GameObject\Hog Burners Silver.prefab,.prefab,PaintJob,1,Assets\Scripts\Assembly-CSharp\PaintJob.cs
Assets\GameObject\Hog Burners Steel.prefab,.prefab,PaintJob,1,Assets\Scripts\Assembly-CSharp\PaintJob.cs
Assets\GameObject\Hogwing Agent P Custom.prefab,.prefab,PaintJob,1,Assets\Scripts\Assembly-CSharp\PaintJob.cs
Assets\GameObject\Hogwing Black.prefab,.prefab,PaintJob,1,Assets\Scripts\Assembly-CSharp\PaintJob.cs
Assets\GameObject\Hogwing Blue.prefab,.prefab,PaintJob,1,Assets\Scripts\Assembly-CSharp\PaintJob.cs
Assets\GameObject\Hogwing Ferb Custom.prefab,.prefab,PaintJob,1,Assets\Scripts\Assembly-CSharp\PaintJob.cs
Assets\GameObject\Hogwing Phineas Custom.prefab,.prefab,PaintJob,1,Assets\Scripts\Assembly-CSharp\PaintJob.cs
Assets\GameObject\Hogwing Pink.prefab,.prefab,PaintJob,1,Assets\Scripts\Assembly-CSharp\PaintJob.cs
Assets\GameObject\Hogwing Purple.prefab,.prefab,PaintJob,1,Assets\Scripts\Assembly-CSharp\PaintJob.cs
Assets\GameObject\Hogwing Red.prefab,.prefab,PaintJob,1,Assets\Scripts\Assembly-CSharp\PaintJob.cs
Assets\GameObject\Hokey Poke.prefab,.prefab,RaceSettings,1,Assets\Scripts\Assembly-CSharp\RaceSettings.cs
Assets\GameObject\HUD Buy Powerup.prefab,.prefab,ParticleSystemDestroy,1,Assets\Scripts\Assembly-CSharp\ParticleSystemDestroy.cs
Assets\GameObject\HUD Get Powerup.prefab,.prefab,ParticleSystemDestroy,1,Assets\Scripts\Assembly-CSharp\ParticleSystemDestroy.cs
Assets\GameObject\In Race Powerup Pickup Boost.prefab,.prefab,InRaceAquirePickupListener,1,Assets\Scripts\Assembly-CSharp\InRaceAquirePickupListener.cs
Assets\GameObject\In Race Powerup Pickup Mine.prefab,.prefab,InRaceAquirePickupListener,1,Assets\Scripts\Assembly-CSharp\InRaceAquirePickupListener.cs
Assets\GameObject\In Race Powerup Pickup Rocket.prefab,.prefab,InRaceAquirePickupListener,1,Assets\Scripts\Assembly-CSharp\InRaceAquirePickupListener.cs
Assets\GameObject\In Race Powerup Pickup Shield.prefab,.prefab,InRaceAquirePickupListener,1,Assets\Scripts\Assembly-CSharp\InRaceAquirePickupListener.cs
Assets\GameObject\Infernos Bronze.prefab,.prefab,PaintJob,1,Assets\Scripts\Assembly-CSharp\PaintJob.cs
Assets\GameObject\Infernos Copper.prefab,.prefab,PaintJob,1,Assets\Scripts\Assembly-CSharp\PaintJob.cs
Assets\GameObject\Infernos Customized Alpha.prefab,.prefab,PaintJob,1,Assets\Scripts\Assembly-CSharp\PaintJob.cs
Assets\GameObject\Infernos Customized Beta.prefab,.prefab,PaintJob,1,Assets\Scripts\Assembly-CSharp\PaintJob.cs
Assets\GameObject\Infernos Gold.prefab,.prefab,PaintJob,1,Assets\Scripts\Assembly-CSharp\PaintJob.cs
Assets\GameObject\Infernos Silver.prefab,.prefab,PaintJob,1,Assets\Scripts\Assembly-CSharp\PaintJob.cs
Assets\GameObject\Infernos Steel.prefab,.prefab,PaintJob,1,Assets\Scripts\Assembly-CSharp\PaintJob.cs
Assets\GameObject\Input Blocker Invisible.prefab,.prefab,UghButton,1,Assets\Plugins\Assembly-CSharp-firstpass\UghButton.cs
Assets\GameObject\Input Blocker Invisible.prefab,.prefab,UghAlign,1,Assets\Plugins\Assembly-CSharp-firstpass\UghAlign.cs
Assets\GameObject\Input Blocker Invisible.prefab,.prefab,UghStretch,1,Assets\Plugins\Assembly-CSharp-firstpass\UghStretch.cs
Assets\GameObject\Kick Butt!.prefab,.prefab,RaceSettings,1,Assets\Scripts\Assembly-CSharp\RaceSettings.cs
Assets\GameObject\Kick.prefab,.prefab,CartPart,1,Assets\Scripts\Assembly-CSharp\CartPart.cs
Assets\GameObject\Laser.prefab,.prefab,LaserLogic,1,Assets\Scripts\Assembly-CSharp\LaserLogic.cs
Assets\GameObject\Lifetime In Air x120.prefab,.prefab,LifetimeInAirAchievementListener,1,Assets\Scripts\Assembly-CSharp\LifetimeInAirAchievementListener.cs
Assets\GameObject\Lifetime In Air x300.prefab,.prefab,LifetimeInAirAchievementListener,1,Assets\Scripts\Assembly-CSharp\LifetimeInAirAchievementListener.cs
Assets\GameObject\Lifetime In Air x60.prefab,.prefab,LifetimeInAirAchievementListener,1,Assets\Scripts\Assembly-CSharp\LifetimeInAirAchievementListener.cs
Assets\GameObject\Lifetime Mine Opponent x100.prefab,.prefab,LifetimeOpponentHitsAchievementListener,1,Assets\Scripts\Assembly-CSharp\LifetimeOpponentHitsAchievementListener.cs
Assets\GameObject\Lifetime Mine Opponent x20.prefab,.prefab,LifetimeOpponentHitsAchievementListener,1,Assets\Scripts\Assembly-CSharp\LifetimeOpponentHitsAchievementListener.cs
Assets\GameObject\Lifetime Mine Opponent x50.prefab,.prefab,LifetimeOpponentHitsAchievementListener,1,Assets\Scripts\Assembly-CSharp\LifetimeOpponentHitsAchievementListener.cs
Assets\GameObject\Lifetime Powerup Collection x100.prefab,.prefab,LifetimePowerupCollectionAchievementListener,1,Assets\Scripts\Assembly-CSharp\LifetimePowerupCollectionAchievementListener.cs
Assets\GameObject\Lifetime Powerup Collection x20.prefab,.prefab,LifetimePowerupCollectionAchievementListener,1,Assets\Scripts\Assembly-CSharp\LifetimePowerupCollectionAchievementListener.cs
Assets\GameObject\Lifetime Powerup Collection x50.prefab,.prefab,LifetimePowerupCollectionAchievementListener,1,Assets\Scripts\Assembly-CSharp\LifetimePowerupCollectionAchievementListener.cs
Assets\GameObject\Lifetime Powerup Purchase x100.prefab,.prefab,LifetimePowerupCollectionAchievementListener,1,Assets\Scripts\Assembly-CSharp\LifetimePowerupCollectionAchievementListener.cs
Assets\GameObject\Lifetime Powerup Purchase x20.prefab,.prefab,LifetimePowerupCollectionAchievementListener,1,Assets\Scripts\Assembly-CSharp\LifetimePowerupCollectionAchievementListener.cs
Assets\GameObject\Lifetime Powerup Purchase x50.prefab,.prefab,LifetimePowerupCollectionAchievementListener,1,Assets\Scripts\Assembly-CSharp\LifetimePowerupCollectionAchievementListener.cs
Assets\GameObject\Lifetime Rocket Opponent x100.prefab,.prefab,LifetimeOpponentHitsAchievementListener,1,Assets\Scripts\Assembly-CSharp\LifetimeOpponentHitsAchievementListener.cs
Assets\GameObject\Lifetime Rocket Opponent x20.prefab,.prefab,LifetimeOpponentHitsAchievementListener,1,Assets\Scripts\Assembly-CSharp\LifetimeOpponentHitsAchievementListener.cs
Assets\GameObject\Lifetime Rocket Opponent x50.prefab,.prefab,LifetimeOpponentHitsAchievementListener,1,Assets\Scripts\Assembly-CSharp\LifetimeOpponentHitsAchievementListener.cs
Assets\GameObject\Lil Kart No Paint.prefab,.prefab,PaintJob,1,Assets\Scripts\Assembly-CSharp\PaintJob.cs
Assets\GameObject\Lil Kart Red.prefab,.prefab,PaintJob,1,Assets\Scripts\Assembly-CSharp\PaintJob.cs
Assets\GameObject\Lil Spoiler Black.prefab,.prefab,PaintJob,1,Assets\Scripts\Assembly-CSharp\PaintJob.cs
Assets\GameObject\Lil Spoiler Blue.prefab,.prefab,PaintJob,1,Assets\Scripts\Assembly-CSharp\PaintJob.cs
Assets\GameObject\Lil Spoiler Gunther Custom.prefab,.prefab,PaintJob,1,Assets\Scripts\Assembly-CSharp\PaintJob.cs
Assets\GameObject\Lil Spoiler Kick Custom.prefab,.prefab,PaintJob,1,Assets\Scripts\Assembly-CSharp\PaintJob.cs
Assets\GameObject\Lil Spoiler Pink.prefab,.prefab,PaintJob,1,Assets\Scripts\Assembly-CSharp\PaintJob.cs
Assets\GameObject\Lil Spoiler Purple.prefab,.prefab,PaintJob,1,Assets\Scripts\Assembly-CSharp\PaintJob.cs
Assets\GameObject\Lil Spoiler Red.prefab,.prefab,PaintJob,1,Assets\Scripts\Assembly-CSharp\PaintJob.cs
Assets\GameObject\Lil' Scoop Bronze.prefab,.prefab,PaintJob,1,Assets\Scripts\Assembly-CSharp\PaintJob.cs
Assets\GameObject\Lil' Scoop Copper.prefab,.prefab,PaintJob,1,Assets\Scripts\Assembly-CSharp\PaintJob.cs
Assets\GameObject\Lil' Scoop Gold.prefab,.prefab,PaintJob,1,Assets\Scripts\Assembly-CSharp\PaintJob.cs
Assets\GameObject\Lil' Scoop Silver.prefab,.prefab,PaintJob,1,Assets\Scripts\Assembly-CSharp\PaintJob.cs
Assets\GameObject\Lil' Scoop Steel.prefab,.prefab,PaintJob,1,Assets\Scripts\Assembly-CSharp\PaintJob.cs
Assets\GameObject\Lil' Thrusties Bronze.prefab,.prefab,PaintJob,1,Assets\Scripts\Assembly-CSharp\PaintJob.cs
Assets\GameObject\Lil' Thrusties Copper.prefab,.prefab,PaintJob,1,Assets\Scripts\Assembly-CSharp\PaintJob.cs
Assets\GameObject\Lil' Thrusties Gold.prefab,.prefab,PaintJob,1,Assets\Scripts\Assembly-CSharp\PaintJob.cs
Assets\GameObject\Lil' Thrusties Silver.prefab,.prefab,PaintJob,1,Assets\Scripts\Assembly-CSharp\PaintJob.cs
Assets\GameObject\Lil' Thrusties Steel.prefab,.prefab,PaintJob,1,Assets\Scripts\Assembly-CSharp\PaintJob.cs
Assets\GameObject\LoadingWheel.prefab,.prefab,RotatorAI,2,Assets\Scripts\Assembly-CSharp\RotatorAI.cs
Assets\GameObject\Mabel.prefab,.prefab,CartPart,1,Assets\Scripts\Assembly-CSharp\CartPart.cs
Assets\GameObject\Magnet Shield.prefab,.prefab,AnimatedTexture,1,Assets\Scripts\Assembly-CSharp\AnimatedTexture.cs
Assets\GameObject\Make Place Fish 1 Easy.prefab,.prefab,MakePlaceAchievementListener,1,Assets\Scripts\Assembly-CSharp\MakePlaceAchievementListener.cs
Assets\GameObject\Make Place Fish 1 Hard.prefab,.prefab,MakePlaceAchievementListener,1,Assets\Scripts\Assembly-CSharp\MakePlaceAchievementListener.cs
Assets\GameObject\Make Place Fish 1 Medium.prefab,.prefab,MakePlaceAchievementListener,1,Assets\Scripts\Assembly-CSharp\MakePlaceAchievementListener.cs
Assets\GameObject\Make Place Fish 1 Ultra Hard.prefab,.prefab,MakePlaceAchievementListener,1,Assets\Scripts\Assembly-CSharp\MakePlaceAchievementListener.cs
Assets\GameObject\Make Place Fish 2 Easy.prefab,.prefab,MakePlaceAchievementListener,1,Assets\Scripts\Assembly-CSharp\MakePlaceAchievementListener.cs
Assets\GameObject\Make Place Fish 2 Hard.prefab,.prefab,MakePlaceAchievementListener,1,Assets\Scripts\Assembly-CSharp\MakePlaceAchievementListener.cs
Assets\GameObject\Make Place Fish 2 Medium.prefab,.prefab,MakePlaceAchievementListener,1,Assets\Scripts\Assembly-CSharp\MakePlaceAchievementListener.cs
Assets\GameObject\Make Place Fish 2 Ultra.prefab,.prefab,MakePlaceAchievementListener,1,Assets\Scripts\Assembly-CSharp\MakePlaceAchievementListener.cs
Assets\GameObject\Make Place Fish 3 Easy.prefab,.prefab,MakePlaceAchievementListener,1,Assets\Scripts\Assembly-CSharp\MakePlaceAchievementListener.cs
Assets\GameObject\Make Place Fish 3 Hard.prefab,.prefab,MakePlaceAchievementListener,1,Assets\Scripts\Assembly-CSharp\MakePlaceAchievementListener.cs
Assets\GameObject\Make Place Fish 3 Medium.prefab,.prefab,MakePlaceAchievementListener,1,Assets\Scripts\Assembly-CSharp\MakePlaceAchievementListener.cs
Assets\GameObject\Make Place Fish 3 Ultra Hard.prefab,.prefab,MakePlaceAchievementListener,1,Assets\Scripts\Assembly-CSharp\MakePlaceAchievementListener.cs
Assets\GameObject\Make Place Kick 1 Easy.prefab,.prefab,MakePlaceAchievementListener,1,Assets\Scripts\Assembly-CSharp\MakePlaceAchievementListener.cs
Assets\GameObject\Make Place Kick 1 Hard.prefab,.prefab,MakePlaceAchievementListener,1,Assets\Scripts\Assembly-CSharp\MakePlaceAchievementListener.cs
Assets\GameObject\Make Place Kick 1 Medium.prefab,.prefab,MakePlaceAchievementListener,1,Assets\Scripts\Assembly-CSharp\MakePlaceAchievementListener.cs
Assets\GameObject\Make Place Kick 1 Ultra Hard.prefab,.prefab,MakePlaceAchievementListener,1,Assets\Scripts\Assembly-CSharp\MakePlaceAchievementListener.cs
Assets\GameObject\Make Place Kick 2 Easy.prefab,.prefab,MakePlaceAchievementListener,1,Assets\Scripts\Assembly-CSharp\MakePlaceAchievementListener.cs
Assets\GameObject\Make Place Kick 2 Hard.prefab,.prefab,MakePlaceAchievementListener,1,Assets\Scripts\Assembly-CSharp\MakePlaceAchievementListener.cs
Assets\GameObject\Make Place Kick 2 Medium.prefab,.prefab,MakePlaceAchievementListener,1,Assets\Scripts\Assembly-CSharp\MakePlaceAchievementListener.cs
Assets\GameObject\Make Place Kick 2 Ultra Hard.prefab,.prefab,MakePlaceAchievementListener,1,Assets\Scripts\Assembly-CSharp\MakePlaceAchievementListener.cs
Assets\GameObject\Make Place Kick 3 Easy.prefab,.prefab,MakePlaceAchievementListener,1,Assets\Scripts\Assembly-CSharp\MakePlaceAchievementListener.cs
Assets\GameObject\Make Place Kick 3 Hard.prefab,.prefab,MakePlaceAchievementListener,1,Assets\Scripts\Assembly-CSharp\MakePlaceAchievementListener.cs
Assets\GameObject\Make Place Kick 3 Medium.prefab,.prefab,MakePlaceAchievementListener,1,Assets\Scripts\Assembly-CSharp\MakePlaceAchievementListener.cs
Assets\GameObject\Make Place Kick 3 Ultra Hard.prefab,.prefab,MakePlaceAchievementListener,1,Assets\Scripts\Assembly-CSharp\MakePlaceAchievementListener.cs
Assets\GameObject\Make Place Phineas 1 Easy.prefab,.prefab,MakePlaceAchievementListener,1,Assets\Scripts\Assembly-CSharp\MakePlaceAchievementListener.cs
Assets\GameObject\Make Place Phineas 1 Hard.prefab,.prefab,MakePlaceAchievementListener,1,Assets\Scripts\Assembly-CSharp\MakePlaceAchievementListener.cs
Assets\GameObject\Make Place Phineas 1 Medium.prefab,.prefab,MakePlaceAchievementListener,1,Assets\Scripts\Assembly-CSharp\MakePlaceAchievementListener.cs
Assets\GameObject\Make Place Phineas 1 Ultra Hard.prefab,.prefab,MakePlaceAchievementListener,1,Assets\Scripts\Assembly-CSharp\MakePlaceAchievementListener.cs
Assets\GameObject\Make Place Phineas 2 Easy.prefab,.prefab,MakePlaceAchievementListener,1,Assets\Scripts\Assembly-CSharp\MakePlaceAchievementListener.cs
Assets\GameObject\Make Place Phineas 2 Hard.prefab,.prefab,MakePlaceAchievementListener,1,Assets\Scripts\Assembly-CSharp\MakePlaceAchievementListener.cs
Assets\GameObject\Make Place Phineas 2 Medium.prefab,.prefab,MakePlaceAchievementListener,1,Assets\Scripts\Assembly-CSharp\MakePlaceAchievementListener.cs
Assets\GameObject\Make Place Phineas 2 Ultra Hard.prefab,.prefab,MakePlaceAchievementListener,1,Assets\Scripts\Assembly-CSharp\MakePlaceAchievementListener.cs
Assets\GameObject\Make Place Phineas 3 Easy.prefab,.prefab,MakePlaceAchievementListener,1,Assets\Scripts\Assembly-CSharp\MakePlaceAchievementListener.cs
Assets\GameObject\Make Place Phineas 3 Hard.prefab,.prefab,MakePlaceAchievementListener,1,Assets\Scripts\Assembly-CSharp\MakePlaceAchievementListener.cs
Assets\GameObject\Make Place Phineas 3 Medium.prefab,.prefab,MakePlaceAchievementListener,1,Assets\Scripts\Assembly-CSharp\MakePlaceAchievementListener.cs
Assets\GameObject\Make Place Phineas 3 Ultra Hard.prefab,.prefab,MakePlaceAchievementListener,1,Assets\Scripts\Assembly-CSharp\MakePlaceAchievementListener.cs
Assets\GameObject\Meta Finish All First Places.prefab,.prefab,MetaMissionGroupAchievementListener,1,Assets\Scripts\Assembly-CSharp\MetaMissionGroupAchievementListener.cs
Assets\GameObject\Meta Finish Master Circuit.prefab,.prefab,MetaMissionGroupAchievementListener,1,Assets\Scripts\Assembly-CSharp\MetaMissionGroupAchievementListener.cs
Assets\GameObject\Meta Finish Newbie Circuit.prefab,.prefab,MetaMissionGroupAchievementListener,1,Assets\Scripts\Assembly-CSharp\MetaMissionGroupAchievementListener.cs
Assets\GameObject\Meta Finish Pro Circuit.prefab,.prefab,MetaMissionGroupAchievementListener,1,Assets\Scripts\Assembly-CSharp\MetaMissionGroupAchievementListener.cs
Assets\GameObject\Mike.prefab,.prefab,CartPart,1,Assets\Scripts\Assembly-CSharp\CartPart.cs
Assets\GameObject\Milo.prefab,.prefab,CartPart,1,Assets\Scripts\Assembly-CSharp\CartPart.cs
Assets\GameObject\Mine Notify.prefab,.prefab,MineNotifyPublisher,1,Assets\Scripts\Assembly-CSharp\MineNotifyPublisher.cs
Assets\GameObject\Mine Notify.prefab,.prefab,UghSprite,1,Assets\Plugins\Assembly-CSharp-firstpass\UghSprite.cs
Assets\GameObject\Mine Notify.prefab,.prefab,UghAlign,3,Assets\Plugins\Assembly-CSharp-firstpass\UghAlign.cs
Assets\GameObject\Mine Notify.prefab,.prefab,UghText,1,Assets\Plugins\Assembly-CSharp-firstpass\UghText.cs
Assets\GameObject\Mine Pickup.prefab,.prefab,ObjectTrackDistanceLogic,1,Assets\Scripts\Assembly-CSharp\ObjectTrackDistanceLogic.cs
Assets\GameObject\Mine Pickup.prefab,.prefab,MinePickup,1,Assets\Scripts\Assembly-CSharp\MinePickup.cs
Assets\GameObject\Mine Pickup.prefab,.prefab,RotatorAI,1,Assets\Scripts\Assembly-CSharp\RotatorAI.cs
Assets\GameObject\Mine.prefab,.prefab,MineAI,1,Assets\Scripts\Assembly-CSharp\MineAI.cs
Assets\GameObject\MineSpreader.prefab,.prefab,MineSpreaderAI,1,Assets\Scripts\Assembly-CSharp\MineSpreaderAI.cs
Assets\GameObject\MineSpreader.prefab,.prefab,SoundSequencer,1,Assets\Scripts\Assembly-CSharp\SoundSequencer.cs
Assets\GameObject\Nav Blip - Locked.prefab,.prefab,UghSprite,1,Assets\Plugins\Assembly-CSharp-firstpass\UghSprite.cs
Assets\GameObject\Nav Blip - Owned.prefab,.prefab,UghSprite,1,Assets\Plugins\Assembly-CSharp-firstpass\UghSprite.cs
Assets\GameObject\No Scoop Paint.prefab,.prefab,PaintJob,1,Assets\Scripts\Assembly-CSharp\PaintJob.cs
Assets\GameObject\No Scoop.prefab,.prefab,CartPart,1,Assets\Scripts\Assembly-CSharp\CartPart.cs
Assets\GameObject\No Spoiler Paint.prefab,.prefab,PaintJob,1,Assets\Scripts\Assembly-CSharp\PaintJob.cs
Assets\GameObject\No Spoiler.prefab,.prefab,CartPart,1,Assets\Scripts\Assembly-CSharp\CartPart.cs
Assets\GameObject\No Thruster Paint.prefab,.prefab,PaintJob,1,Assets\Scripts\Assembly-CSharp\PaintJob.cs
Assets\GameObject\No Thrusters.prefab,.prefab,CartPart,1,Assets\Scripts\Assembly-CSharp\CartPart.cs
Assets\GameObject\Oscar.prefab,.prefab,CartPart,1,Assets\Scripts\Assembly-CSharp\CartPart.cs
Assets\GameObject\Paint Slot.prefab,.prefab,PaintSlotPublisher,1,Assets\Scripts\Assembly-CSharp\PaintSlotPublisher.cs
Assets\GameObject\Paint Slot.prefab,.prefab,UghButton,1,Assets\Plugins\Assembly-CSharp-firstpass\UghButton.cs
Assets\GameObject\Paint Slot.prefab,.prefab,UghSprite,2,Assets\Plugins\Assembly-CSharp-firstpass\UghSprite.cs
Assets\GameObject\ParticleLibrary.prefab,.prefab,ParticleLibrary,1,Assets\GameObject\ParticleLibrary.prefab
Assets\GameObject\PauseScreen.prefab,.prefab,PausePublisher,1,Assets\Scripts\Assembly-CSharp\PausePublisher.cs
Assets\GameObject\PauseScreen.prefab,.prefab,AchievementPanelPublisher,3,Assets\Scripts\Assembly-CSharp\AchievementPanelPublisher.cs
Assets\GameObject\PauseScreen.prefab,.prefab,UghText,13,Assets\Plugins\Assembly-CSharp-firstpass\UghText.cs
Assets\GameObject\PauseScreen.prefab,.prefab,UghSprite,13,Assets\Plugins\Assembly-CSharp-firstpass\UghSprite.cs
Assets\GameObject\PauseScreen.prefab,.prefab,UghButton,4,Assets\Plugins\Assembly-CSharp-firstpass\UghButton.cs
Assets\GameObject\PauseScreen.prefab,.prefab,UghAlign,1,Assets\Plugins\Assembly-CSharp-firstpass\UghAlign.cs
Assets\GameObject\PauseScreen.prefab,.prefab,UghStretch,1,Assets\Plugins\Assembly-CSharp-firstpass\UghStretch.cs
Assets\GameObject\PauseScreen.prefab,.prefab,ShiftContentsOnButtonDown,3,Assets\Scripts\Assembly-CSharp\ShiftContentsOnButtonDown.cs
Assets\GameObject\Phineas.prefab,.prefab,CartPart,1,Assets\Scripts\Assembly-CSharp\CartPart.cs
Assets\GameObject\Pick Up Coin.prefab,.prefab,ParticleReducer,1,Assets\Scripts\Assembly-CSharp\ParticleReducer.cs
Assets\GameObject\Pick Up Powerup.prefab,.prefab,ParticleReducer,1,Assets\Scripts\Assembly-CSharp\ParticleReducer.cs
Assets\GameObject\Pie Splat.prefab,.prefab,UghAlign,1,Assets\Plugins\Assembly-CSharp-firstpass\UghAlign.cs
Assets\GameObject\Pie Splat.prefab,.prefab,PieSplat,1,Assets\Material\PieSplat.mat
Assets\GameObject\Pie Splat.prefab,.prefab,UghSprite,2,Assets\Plugins\Assembly-CSharp-firstpass\UghSprite.cs
Assets\GameObject\Pie.prefab,.prefab,PieAttack,1,Assets\Scripts\Assembly-CSharp\PieAttack.cs
Assets\GameObject\Place wth No powerups.prefab,.prefab,PlaceWithNoPowerupsAchievementListener,1,Assets\Scripts\Assembly-CSharp\PlaceWithNoPowerupsAchievementListener.cs
Assets\GameObject\Player Blip.prefab,.prefab,UghSprite,1,Assets\Plugins\Assembly-CSharp-firstpass\UghSprite.cs
Assets\GameObject\PlayMenu.prefab,.prefab,PlayMenuPublisher,1,Assets\Scripts\Assembly-CSharp\PlayMenuPublisher.cs
Assets\GameObject\PlayMenu.prefab,.prefab,UghSprite,3,Assets\Plugins\Assembly-CSharp-firstpass\UghSprite.cs
Assets\GameObject\PlayMenu.prefab,.prefab,UghButton,4,Assets\Plugins\Assembly-CSharp-firstpass\UghButton.cs
Assets\GameObject\PlayMenu.prefab,.prefab,UghAlign,3,Assets\Plugins\Assembly-CSharp-firstpass\UghAlign.cs
Assets\GameObject\PlayMenu.prefab,.prefab,ShiftContentsOnButtonDown,3,Assets\Scripts\Assembly-CSharp\ShiftContentsOnButtonDown.cs
Assets\GameObject\PlayMenu.prefab,.prefab,LocalizedAssetSwapper,1,Assets\Scripts\Assembly-CSharp\LocalizedAssetSwapper.cs
Assets\GameObject\PlayMenu.prefab,.prefab,UghText,2,Assets\Plugins\Assembly-CSharp-firstpass\UghText.cs
Assets\GameObject\PlaySummaryMenu.prefab,.prefab,PlaySummaryPublisher,1,Assets\Scripts\Assembly-CSharp\PlaySummaryPublisher.cs
Assets\GameObject\PlaySummaryMenu.prefab,.prefab,FrontEndTutorialHandler,1,Assets\Scripts\Assembly-CSharp\FrontEndTutorialHandler.cs
Assets\GameObject\PlaySummaryMenu.prefab,.prefab,UghText,7,Assets\Plugins\Assembly-CSharp-firstpass\UghText.cs
Assets\GameObject\PlaySummaryMenu.prefab,.prefab,UghAlign,2,Assets\Plugins\Assembly-CSharp-firstpass\UghAlign.cs
Assets\GameObject\PlaySummaryMenu.prefab,.prefab,UghButton,6,Assets\Plugins\Assembly-CSharp-firstpass\UghButton.cs
Assets\GameObject\PlaySummaryMenu.prefab,.prefab,ShiftContentsOnButtonDown,2,Assets\Scripts\Assembly-CSharp\ShiftContentsOnButtonDown.cs
Assets\GameObject\PlaySummaryMenu.prefab,.prefab,UghSprite,4,Assets\Plugins\Assembly-CSharp-firstpass\UghSprite.cs
Assets\GameObject\Poof.prefab,.prefab,ParticleReducer,2,Assets\Scripts\Assembly-CSharp\ParticleReducer.cs
Assets\GameObject\Popover Dialog.prefab,.prefab,GenericPopupPublisher,1,Assets\Scripts\Assembly-CSharp\GenericPopupPublisher.cs
Assets\GameObject\Popover Dialog.prefab,.prefab,UghButton,2,Assets\Plugins\Assembly-CSharp-firstpass\UghButton.cs
Assets\GameObject\Popover Dialog.prefab,.prefab,UghText,1,Assets\Plugins\Assembly-CSharp-firstpass\UghText.cs
Assets\GameObject\Popover Dialog.prefab,.prefab,UghAlign,1,Assets\Plugins\Assembly-CSharp-firstpass\UghAlign.cs
Assets\GameObject\Popover Dialog.prefab,.prefab,UghStretch,1,Assets\Plugins\Assembly-CSharp-firstpass\UghStretch.cs
Assets\GameObject\Popover Dialog.prefab,.prefab,InputBlocker,1,Assets\Scripts\Assembly-CSharp\InputBlocker.cs
Assets\GameObject\Popover.prefab,.prefab,PopoverPublisher,1,Assets\Scripts\Assembly-CSharp\PopoverPublisher.cs
Assets\GameObject\Popover.prefab,.prefab,UghButton,1,Assets\Plugins\Assembly-CSharp-firstpass\UghButton.cs
Assets\GameObject\Popover.prefab,.prefab,UghText,1,Assets\Plugins\Assembly-CSharp-firstpass\UghText.cs
Assets\GameObject\Popover.prefab,.prefab,UghAlign,2,Assets\Plugins\Assembly-CSharp-firstpass\UghAlign.cs
Assets\GameObject\PowerSlide Boost x5.prefab,.prefab,PowerSlideBoostAchievementListener,1,Assets\Scripts\Assembly-CSharp\PowerSlideBoostAchievementListener.cs
Assets\GameObject\PowerUpDisplay Boost.prefab,.prefab,UghSprite,1,Assets\Plugins\Assembly-CSharp-firstpass\UghSprite.cs
Assets\GameObject\PowerUpDisplay Mine.prefab,.prefab,UghSprite,1,Assets\Plugins\Assembly-CSharp-firstpass\UghSprite.cs
Assets\GameObject\PowerUpDisplay Rocket.prefab,.prefab,UghSprite,1,Assets\Plugins\Assembly-CSharp-firstpass\UghSprite.cs
Assets\GameObject\PowerUpDisplay Shield.prefab,.prefab,UghSprite,1,Assets\Plugins\Assembly-CSharp-firstpass\UghSprite.cs
Assets\GameObject\Pranksgiving.prefab,.prefab,RaceSettings,1,Assets\Scripts\Assembly-CSharp\RaceSettings.cs
Assets\GameObject\Purchase Indicator.prefab,.prefab,GenericPopupPublisher,1,Assets\Scripts\Assembly-CSharp\GenericPopupPublisher.cs
Assets\GameObject\Purchase Indicator.prefab,.prefab,UghSprite,1,Assets\Plugins\Assembly-CSharp-firstpass\UghSprite.cs
Assets\GameObject\Purchase Indicator.prefab,.prefab,UghText,1,Assets\Plugins\Assembly-CSharp-firstpass\UghText.cs
Assets\GameObject\Purchase Indicator.prefab,.prefab,UghButton,1,Assets\Plugins\Assembly-CSharp-firstpass\UghButton.cs
Assets\GameObject\Purchase Indicator.prefab,.prefab,UghAlign,1,Assets\Plugins\Assembly-CSharp-firstpass\UghAlign.cs
Assets\GameObject\Purchase Indicator.prefab,.prefab,UghStretch,1,Assets\Plugins\Assembly-CSharp-firstpass\UghStretch.cs
Assets\GameObject\Purchase Indicator.prefab,.prefab,InputBlocker,1,Assets\Scripts\Assembly-CSharp\InputBlocker.cs
Assets\GameObject\Purchase Indicator.prefab,.prefab,LoadSpin,1,Assets\Scripts\Assembly-CSharp\LoadSpin.cs
Assets\GameObject\Purchase Notification Popup.prefab,.prefab,ConfirmationPublisher,1,Assets\Scripts\Assembly-CSharp\ConfirmationPublisher.cs
Assets\GameObject\Purchase Notification Popup.prefab,.prefab,UghSprite,1,Assets\Plugins\Assembly-CSharp-firstpass\UghSprite.cs
Assets\GameObject\Purchase Notification Popup.prefab,.prefab,UghText,3,Assets\Plugins\Assembly-CSharp-firstpass\UghText.cs
Assets\GameObject\Purchase Notification Popup.prefab,.prefab,UghButton,2,Assets\Plugins\Assembly-CSharp-firstpass\UghButton.cs
Assets\GameObject\Purchase Notification Popup.prefab,.prefab,ShiftContentsOnButtonDown,1,Assets\Scripts\Assembly-CSharp\ShiftContentsOnButtonDown.cs
Assets\GameObject\Purchase Notification Popup.prefab,.prefab,UghAlign,1,Assets\Plugins\Assembly-CSharp-firstpass\UghAlign.cs
Assets\GameObject\Purchase Notification Popup.prefab,.prefab,UghStretch,1,Assets\Plugins\Assembly-CSharp-firstpass\UghStretch.cs
Assets\GameObject\Purchase Notification Popup.prefab,.prefab,InputBlocker,1,Assets\Scripts\Assembly-CSharp\InputBlocker.cs
Assets\GameObject\Pyrotechnics particles.prefab,.prefab,ParticleReducer,1,Assets\Scripts\Assembly-CSharp\ParticleReducer.cs
Assets\GameObject\RandomShot.prefab,.prefab,UFOLogic,1,Assets\Scripts\Assembly-CSharp\UFOLogic.cs
Assets\GameObject\Randy.prefab,.prefab,CartPart,1,Assets\Scripts\Assembly-CSharp\CartPart.cs
Assets\GameObject\Rewind Dialog.prefab,.prefab,RewindDialogPublisher,1,Assets\Scripts\Assembly-CSharp\RewindDialogPublisher.cs
Assets\GameObject\Rewind Dialog.prefab,.prefab,UghAlign,2,Assets\Plugins\Assembly-CSharp-firstpass\UghAlign.cs
Assets\GameObject\Rewind Dialog.prefab,.prefab,UghText,5,Assets\Plugins\Assembly-CSharp-firstpass\UghText.cs
Assets\GameObject\Rewind Dialog.prefab,.prefab,UghSprite,4,Assets\Plugins\Assembly-CSharp-firstpass\UghSprite.cs
Assets\GameObject\Rewind Dialog.prefab,.prefab,UghButton,3,Assets\Plugins\Assembly-CSharp-firstpass\UghButton.cs
Assets\GameObject\Rewind Dialog.prefab,.prefab,UghStretch,1,Assets\Plugins\Assembly-CSharp-firstpass\UghStretch.cs
Assets\GameObject\Rewind Dialog.prefab,.prefab,InputBlocker,1,Assets\Scripts\Assembly-CSharp\InputBlocker.cs
Assets\GameObject\Rocket Pickup.prefab,.prefab,RotatorAI,1,Assets\Scripts\Assembly-CSharp\RotatorAI.cs
Assets\GameObject\Rocket Pickup.prefab,.prefab,RocketPickup,1,Assets\Scripts\Assembly-CSharp\RocketPickup.cs
Assets\GameObject\Rocket Pickup.prefab,.prefab,ObjectTrackDistanceLogic,2,Assets\Scripts\Assembly-CSharp\ObjectTrackDistanceLogic.cs
Assets\GameObject\Rocket.prefab,.prefab,RocketAI,1,Assets\Scripts\Assembly-CSharp\RocketAI.cs
Assets\GameObject\Rocket.prefab,.prefab,SoundSequencer,1,Assets\Scripts\Assembly-CSharp\SoundSequencer.cs
Assets\GameObject\RocketFire.prefab,.prefab,ParticleReducer,1,Assets\Scripts\Assembly-CSharp\ParticleReducer.cs
Assets\GameObject\Scoop-inator Bronze.prefab,.prefab,PaintJob,1,Assets\Scripts\Assembly-CSharp\PaintJob.cs
Assets\GameObject\Scoop-inator Copper.prefab,.prefab,PaintJob,1,Assets\Scripts\Assembly-CSharp\PaintJob.cs
Assets\GameObject\Scoop-inator Gold.prefab,.prefab,PaintJob,1,Assets\Scripts\Assembly-CSharp\PaintJob.cs
Assets\GameObject\Scoop-inator Silver.prefab,.prefab,PaintJob,1,Assets\Scripts\Assembly-CSharp\PaintJob.cs
Assets\GameObject\Scoop-inator Steel.prefab,.prefab,PaintJob,1,Assets\Scripts\Assembly-CSharp\PaintJob.cs
Assets\GameObject\Scorchin' Thrusters Bronze.prefab,.prefab,PaintJob,1,Assets\Scripts\Assembly-CSharp\PaintJob.cs
Assets\GameObject\Scorchin' Thrusters Copper.prefab,.prefab,PaintJob,1,Assets\Scripts\Assembly-CSharp\PaintJob.cs
Assets\GameObject\Scorchin' Thrusters Gold.prefab,.prefab,PaintJob,1,Assets\Scripts\Assembly-CSharp\PaintJob.cs
Assets\GameObject\Scorchin' Thrusters Silver.prefab,.prefab,PaintJob,1,Assets\Scripts\Assembly-CSharp\PaintJob.cs
Assets\GameObject\Scorchin' Thrusters Steel.prefab,.prefab,PaintJob,1,Assets\Scripts\Assembly-CSharp\PaintJob.cs
Assets\GameObject\Select Circuit Menu.prefab,.prefab,SelectCircuitPublisher,1,Assets\Scripts\Assembly-CSharp\SelectCircuitPublisher.cs
Assets\GameObject\Select Circuit Menu.prefab,.prefab,UghAlign,3,Assets\Plugins\Assembly-CSharp-firstpass\UghAlign.cs
Assets\GameObject\Select Circuit Menu.prefab,.prefab,UghText,8,Assets\Plugins\Assembly-CSharp-firstpass\UghText.cs
Assets\GameObject\Select Circuit Menu.prefab,.prefab,UghButton,6,Assets\Plugins\Assembly-CSharp-firstpass\UghButton.cs
Assets\GameObject\Select Circuit Menu.prefab,.prefab,UghSprite,20,Assets\Plugins\Assembly-CSharp-firstpass\UghSprite.cs
Assets\GameObject\Select Circuit Menu.prefab,.prefab,LocalizedAssetSwapper,1,Assets\Scripts\Assembly-CSharp\LocalizedAssetSwapper.cs
Assets\GameObject\Select Circuit Menu.prefab,.prefab,ShiftContentsOnButtonDown,1,Assets\Scripts\Assembly-CSharp\ShiftContentsOnButtonDown.cs
Assets\GameObject\Select Track Menu.prefab,.prefab,TrackSelectPublisher,1,Assets\Scripts\Assembly-CSharp\TrackSelectPublisher.cs
Assets\GameObject\Select Track Menu.prefab,.prefab,UghText,4,Assets\Plugins\Assembly-CSharp-firstpass\UghText.cs
Assets\GameObject\Select Track Menu.prefab,.prefab,UghAlign,2,Assets\Plugins\Assembly-CSharp-firstpass\UghAlign.cs
Assets\GameObject\Select Track Menu.prefab,.prefab,UghButton,4,Assets\Plugins\Assembly-CSharp-firstpass\UghButton.cs
Assets\GameObject\Select Track Menu.prefab,.prefab,ShiftContentsOnButtonDown,1,Assets\Scripts\Assembly-CSharp\ShiftContentsOnButtonDown.cs
Assets\GameObject\Select Track Menu.prefab,.prefab,UghSprite,19,Assets\Plugins\Assembly-CSharp-firstpass\UghSprite.cs
Assets\GameObject\SettingsMenu.prefab,.prefab,SettingsMenuPublisher,1,Assets\Scripts\Assembly-CSharp\SettingsMenuPublisher.cs
Assets\GameObject\SettingsMenu.prefab,.prefab,AgeGatePopup,1,Assets\Scripts\Assembly-CSharp\AgeGatePopup.cs
Assets\GameObject\SettingsMenu.prefab,.prefab,UghSprite,7,Assets\Plugins\Assembly-CSharp-firstpass\UghSprite.cs
Assets\GameObject\SettingsMenu.prefab,.prefab,UghText,10,Assets\Plugins\Assembly-CSharp-firstpass\UghText.cs
Assets\GameObject\SettingsMenu.prefab,.prefab,UghButton,8,Assets\Plugins\Assembly-CSharp-firstpass\UghButton.cs
Assets\GameObject\SettingsMenu.prefab,.prefab,ShiftContentsOnButtonDown,4,Assets\Scripts\Assembly-CSharp\ShiftContentsOnButtonDown.cs
Assets\GameObject\SettingsMenu.prefab,.prefab,UghToggle,1,Assets\Plugins\Assembly-CSharp-firstpass\UghToggle.cs
Assets\GameObject\SettingsMenu.prefab,.prefab,ShiftContentsOnToggleDown,1,Assets\Scripts\Assembly-CSharp\ShiftContentsOnToggleDown.cs
Assets\GameObject\SettingsMenu.prefab,.prefab,VolumeSlider,2,Assets\Scripts\Assembly-CSharp\VolumeSlider.cs
Assets\GameObject\Shield Double.prefab,.prefab,AnimatedTexture,1,Assets\Scripts\Assembly-CSharp\AnimatedTexture.cs
Assets\GameObject\Shield.prefab,.prefab,AnimatedTexture,1,Assets\Scripts\Assembly-CSharp\AnimatedTexture.cs
Assets\GameObject\ShieldPickup.prefab,.prefab,RotatorAI,1,Assets\Scripts\Assembly-CSharp\RotatorAI.cs
Assets\GameObject\ShieldPickup.prefab,.prefab,ShieldPickup,1,Assets\GameObject\ShieldPickup.prefab
Assets\GameObject\ShieldPickup.prefab,.prefab,ObjectTrackDistanceLogic,2,Assets\Scripts\Assembly-CSharp\ObjectTrackDistanceLogic.cs
Assets\GameObject\SoundLibrary.prefab,.prefab,SoundLibrary,1,Assets\GameObject\SoundLibrary.prefab
Assets\GameObject\SoundLibrary.prefab,.prefab,MusicPlayer,1,Assets\Scripts\Assembly-CSharp\MusicPlayer.cs
Assets\GameObject\Speedster Black.prefab,.prefab,PaintJob,1,Assets\Scripts\Assembly-CSharp\PaintJob.cs
Assets\GameObject\Speedster Blue.prefab,.prefab,PaintJob,1,Assets\Scripts\Assembly-CSharp\PaintJob.cs
Assets\GameObject\Speedster Gunther Custom.prefab,.prefab,PaintJob,1,Assets\Scripts\Assembly-CSharp\PaintJob.cs
Assets\GameObject\Speedster Kick Custom.prefab,.prefab,PaintJob,1,Assets\Scripts\Assembly-CSharp\PaintJob.cs
Assets\GameObject\Speedster Pink.prefab,.prefab,PaintJob,1,Assets\Scripts\Assembly-CSharp\PaintJob.cs
Assets\GameObject\Speedster Purple.prefab,.prefab,PaintJob,1,Assets\Scripts\Assembly-CSharp\PaintJob.cs
Assets\GameObject\Speedster Red.prefab,.prefab,PaintJob,1,Assets\Scripts\Assembly-CSharp\PaintJob.cs
Assets\GameObject\Speedy Scoop Bronze.prefab,.prefab,PaintJob,1,Assets\Scripts\Assembly-CSharp\PaintJob.cs
Assets\GameObject\Speedy Scoop Copper.prefab,.prefab,PaintJob,1,Assets\Scripts\Assembly-CSharp\PaintJob.cs
Assets\GameObject\Speedy Scoop Gold.prefab,.prefab,PaintJob,1,Assets\Scripts\Assembly-CSharp\PaintJob.cs
Assets\GameObject\Speedy Scoop Silver.prefab,.prefab,PaintJob,1,Assets\Scripts\Assembly-CSharp\PaintJob.cs
Assets\GameObject\Speedy Scoop Steel.prefab,.prefab,PaintJob,1,Assets\Scripts\Assembly-CSharp\PaintJob.cs
Assets\GameObject\Speedy Spoiler Bea Custom.prefab,.prefab,PaintJob,1,Assets\Scripts\Assembly-CSharp\PaintJob.cs
Assets\GameObject\Speedy Spoiler Black.prefab,.prefab,PaintJob,1,Assets\Scripts\Assembly-CSharp\PaintJob.cs
Assets\GameObject\Speedy Spoiler Blue.prefab,.prefab,PaintJob,1,Assets\Scripts\Assembly-CSharp\PaintJob.cs
Assets\GameObject\Speedy Spoiler Milo Custom.prefab,.prefab,PaintJob,1,Assets\Scripts\Assembly-CSharp\PaintJob.cs
Assets\GameObject\Speedy Spoiler Oscar Custom.prefab,.prefab,PaintJob,1,Assets\Scripts\Assembly-CSharp\PaintJob.cs
Assets\GameObject\Speedy Spoiler Pink.prefab,.prefab,PaintJob,1,Assets\Scripts\Assembly-CSharp\PaintJob.cs
Assets\GameObject\Speedy Spoiler Purple.prefab,.prefab,PaintJob,1,Assets\Scripts\Assembly-CSharp\PaintJob.cs
Assets\GameObject\Speedy Spoiler Red.prefab,.prefab,PaintJob,1,Assets\Scripts\Assembly-CSharp\PaintJob.cs
Assets\GameObject\Spend Lifetime Coins x1000.prefab,.prefab,SpendCoinsOverLifetimeAchievementListener,1,Assets\Scripts\Assembly-CSharp\SpendCoinsOverLifetimeAchievementListener.cs
Assets\GameObject\Spend Lifetime Coins x10000.prefab,.prefab,SpendCoinsOverLifetimeAchievementListener,1,Assets\Scripts\Assembly-CSharp\SpendCoinsOverLifetimeAchievementListener.cs
Assets\GameObject\Spend Lifetime Coins x100000.prefab,.prefab,SpendCoinsOverLifetimeAchievementListener,1,Assets\Scripts\Assembly-CSharp\SpendCoinsOverLifetimeAchievementListener.cs
Assets\GameObject\Spinout.prefab,.prefab,ParticleReducer,1,Assets\Scripts\Assembly-CSharp\ParticleReducer.cs
Assets\GameObject\StoreKitManager.prefab,.prefab,StoreKitManager,1,Assets\GameObject\StoreKitManager.prefab
Assets\GameObject\The Beast Agent P Custom.prefab,.prefab,PaintJob,1,Assets\Scripts\Assembly-CSharp\PaintJob.cs
Assets\GameObject\The Beast Black.prefab,.prefab,PaintJob,1,Assets\Scripts\Assembly-CSharp\PaintJob.cs
Assets\GameObject\The Beast Blue.prefab,.prefab,PaintJob,1,Assets\Scripts\Assembly-CSharp\PaintJob.cs
Assets\GameObject\The Beast Bronze.prefab,.prefab,PaintJob,1,Assets\Scripts\Assembly-CSharp\PaintJob.cs
Assets\GameObject\The Beast Copper.prefab,.prefab,PaintJob,1,Assets\Scripts\Assembly-CSharp\PaintJob.cs
Assets\GameObject\The Beast Ferb Custom.prefab,.prefab,PaintJob,1,Assets\Scripts\Assembly-CSharp\PaintJob.cs
Assets\GameObject\The Beast Gold.prefab,.prefab,PaintJob,1,Assets\Scripts\Assembly-CSharp\PaintJob.cs
Assets\GameObject\The Beast Phineas Custom.prefab,.prefab,PaintJob,1,Assets\Scripts\Assembly-CSharp\PaintJob.cs
Assets\GameObject\The Beast Pink.prefab,.prefab,PaintJob,1,Assets\Scripts\Assembly-CSharp\PaintJob.cs
Assets\GameObject\The Beast Purple.prefab,.prefab,PaintJob,1,Assets\Scripts\Assembly-CSharp\PaintJob.cs
Assets\GameObject\The Beast Red.prefab,.prefab,PaintJob,1,Assets\Scripts\Assembly-CSharp\PaintJob.cs
Assets\GameObject\The Beast Silver.prefab,.prefab,PaintJob,1,Assets\Scripts\Assembly-CSharp\PaintJob.cs
Assets\GameObject\The Beast Steel.prefab,.prefab,PaintJob,1,Assets\Scripts\Assembly-CSharp\PaintJob.cs
Assets\GameObject\The Hog-inator Black.prefab,.prefab,PaintJob,1,Assets\Scripts\Assembly-CSharp\PaintJob.cs
Assets\GameObject\The Hog-inator Blue.prefab,.prefab,PaintJob,1,Assets\Scripts\Assembly-CSharp\PaintJob.cs
Assets\GameObject\The Hog-inator Brad Custom.prefab,.prefab,PaintJob,1,Assets\Scripts\Assembly-CSharp\PaintJob.cs
Assets\GameObject\The Hog-inator Mike Custom.prefab,.prefab,PaintJob,1,Assets\Scripts\Assembly-CSharp\PaintJob.cs
Assets\GameObject\The Hog-inator Pink.prefab,.prefab,PaintJob,1,Assets\Scripts\Assembly-CSharp\PaintJob.cs
Assets\GameObject\The Hog-inator Purple.prefab,.prefab,PaintJob,1,Assets\Scripts\Assembly-CSharp\PaintJob.cs
Assets\GameObject\The Hog-inator Red.prefab,.prefab,PaintJob,1,Assets\Scripts\Assembly-CSharp\PaintJob.cs
Assets\GameObject\Trak Blasters Bronze.prefab,.prefab,PaintJob,1,Assets\Scripts\Assembly-CSharp\PaintJob.cs
Assets\GameObject\Trak Blasters Copper.prefab,.prefab,PaintJob,1,Assets\Scripts\Assembly-CSharp\PaintJob.cs
Assets\GameObject\Trak Blasters Gold.prefab,.prefab,PaintJob,1,Assets\Scripts\Assembly-CSharp\PaintJob.cs
Assets\GameObject\Trak Blasters Silver.prefab,.prefab,PaintJob,1,Assets\Scripts\Assembly-CSharp\PaintJob.cs
Assets\GameObject\Trak Blasters Steel.prefab,.prefab,PaintJob,1,Assets\Scripts\Assembly-CSharp\PaintJob.cs
Assets\GameObject\Trak Skoop Bronze.prefab,.prefab,PaintJob,1,Assets\Scripts\Assembly-CSharp\PaintJob.cs
Assets\GameObject\Trak Skoop Copper.prefab,.prefab,PaintJob,1,Assets\Scripts\Assembly-CSharp\PaintJob.cs
Assets\GameObject\Trak Skoop Gold.prefab,.prefab,PaintJob,1,Assets\Scripts\Assembly-CSharp\PaintJob.cs
Assets\GameObject\Trak Skoop Silver.prefab,.prefab,PaintJob,1,Assets\Scripts\Assembly-CSharp\PaintJob.cs
Assets\GameObject\Trak Skoop Steel.prefab,.prefab,PaintJob,1,Assets\Scripts\Assembly-CSharp\PaintJob.cs
Assets\GameObject\Traktor 3000 Bea Custom.prefab,.prefab,PaintJob,1,Assets\Scripts\Assembly-CSharp\PaintJob.cs
Assets\GameObject\Traktor 3000 Black.prefab,.prefab,PaintJob,1,Assets\Scripts\Assembly-CSharp\PaintJob.cs
Assets\GameObject\Traktor 3000 Blue.prefab,.prefab,PaintJob,1,Assets\Scripts\Assembly-CSharp\PaintJob.cs
Assets\GameObject\Traktor 3000 Milo Custom.prefab,.prefab,PaintJob,1,Assets\Scripts\Assembly-CSharp\PaintJob.cs
Assets\GameObject\Traktor 3000 Oscar Custom.prefab,.prefab,PaintJob,1,Assets\Scripts\Assembly-CSharp\PaintJob.cs
Assets\GameObject\Traktor 3000 Pink.prefab,.prefab,PaintJob,1,Assets\Scripts\Assembly-CSharp\PaintJob.cs
Assets\GameObject\Traktor 3000 Purple.prefab,.prefab,PaintJob,1,Assets\Scripts\Assembly-CSharp\PaintJob.cs
Assets\GameObject\Traktor 3000 Red.prefab,.prefab,PaintJob,1,Assets\Scripts\Assembly-CSharp\PaintJob.cs
Assets\GameObject\Traktor Wing Black.prefab,.prefab,PaintJob,1,Assets\Scripts\Assembly-CSharp\PaintJob.cs
Assets\GameObject\Traktor Wing Blue.prefab,.prefab,PaintJob,1,Assets\Scripts\Assembly-CSharp\PaintJob.cs
Assets\GameObject\Traktor Wing Dipper Custom.prefab,.prefab,PaintJob,1,Assets\Scripts\Assembly-CSharp\PaintJob.cs
Assets\GameObject\Traktor Wing Mabel Custom.prefab,.prefab,PaintJob,1,Assets\Scripts\Assembly-CSharp\PaintJob.cs
Assets\GameObject\Traktor Wing Pink.prefab,.prefab,PaintJob,1,Assets\Scripts\Assembly-CSharp\PaintJob.cs
Assets\GameObject\Traktor Wing Purple.prefab,.prefab,PaintJob,1,Assets\Scripts\Assembly-CSharp\PaintJob.cs
Assets\GameObject\Traktor Wing Red.prefab,.prefab,PaintJob,1,Assets\Scripts\Assembly-CSharp\PaintJob.cs
Assets\GameObject\TripLine.prefab,.prefab,TripLine,1,Assets\GameObject\TripLine.prefab
Assets\GameObject\Tripwire Shield.prefab,.prefab,AnimatedTexture,1,Assets\Scripts\Assembly-CSharp\AnimatedTexture.cs
Assets\GameObject\Turn Tutorial.prefab,.prefab,TurnMission,1,Assets\Scripts\Assembly-CSharp\TurnMission.cs
Assets\GameObject\Tutorial Collection.prefab,.prefab,MissionCollection,1,Assets\Scripts\Assembly-CSharp\MissionCollection.cs
Assets\GameObject\Tutorial.prefab,.prefab,RaceSettings,1,Assets\Scripts\Assembly-CSharp\RaceSettings.cs
Assets\GameObject\TutorialLauncher.prefab,.prefab,TutorialLauncherPublisher,1,Assets\Scripts\Assembly-CSharp\TutorialLauncherPublisher.cs
Assets\GameObject\TutorialLauncher.prefab,.prefab,UghSprite,1,Assets\Plugins\Assembly-CSharp-firstpass\UghSprite.cs
Assets\GameObject\TutorialLauncher.prefab,.prefab,UghButton,3,Assets\Plugins\Assembly-CSharp-firstpass\UghButton.cs
Assets\GameObject\TutorialLauncher.prefab,.prefab,UghAlign,1,Assets\Plugins\Assembly-CSharp-firstpass\UghAlign.cs
Assets\GameObject\TutorialLauncher.prefab,.prefab,UghStretch,1,Assets\Plugins\Assembly-CSharp-firstpass\UghStretch.cs
Assets\GameObject\TutorialLauncher.prefab,.prefab,UghText,3,Assets\Plugins\Assembly-CSharp-firstpass\UghText.cs
Assets\GameObject\Unlock All Cart Bodies.prefab,.prefab,UnlockAchievementListener,1,Assets\Scripts\Assembly-CSharp\UnlockAchievementListener.cs
Assets\GameObject\Unlock All Cart Scoops.prefab,.prefab,UnlockAchievementListener,1,Assets\Scripts\Assembly-CSharp\UnlockAchievementListener.cs
Assets\GameObject\Unlock All Cart Spoilers.prefab,.prefab,UnlockAchievementListener,1,Assets\Scripts\Assembly-CSharp\UnlockAchievementListener.cs
Assets\GameObject\Unlock All Cart Thrusters.prefab,.prefab,UnlockAchievementListener,1,Assets\Scripts\Assembly-CSharp\UnlockAchievementListener.cs
Assets\GameObject\Unlock All Cart Wheels.prefab,.prefab,UnlockAchievementListener,1,Assets\Scripts\Assembly-CSharp\UnlockAchievementListener.cs
Assets\GameObject\Unlock All Characters.prefab,.prefab,UnlockAchievementListener,1,Assets\Scripts\Assembly-CSharp\UnlockAchievementListener.cs
Assets\GameObject\Unlock All Fishhooks Characters.prefab,.prefab,UnlockAchievementListener,1,Assets\Scripts\Assembly-CSharp\UnlockAchievementListener.cs
Assets\GameObject\Unlock All Gravity Characters.prefab,.prefab,UnlockAchievementListener,1,Assets\Scripts\Assembly-CSharp\UnlockAchievementListener.cs
Assets\GameObject\Unlock All Kick Characters.prefab,.prefab,UnlockAchievementListener,1,Assets\Scripts\Assembly-CSharp\UnlockAchievementListener.cs
Assets\GameObject\Unlock All PandF Characters.prefab,.prefab,UnlockAchievementListener,1,Assets\Scripts\Assembly-CSharp\UnlockAchievementListener.cs
Assets\GameObject\UnlockCircuitDialog.prefab,.prefab,UnlockedCircuitPublisher,1,Assets\Scripts\Assembly-CSharp\UnlockedCircuitPublisher.cs
Assets\GameObject\UnlockCircuitDialog.prefab,.prefab,UghButton,2,Assets\Plugins\Assembly-CSharp-firstpass\UghButton.cs
Assets\GameObject\UnlockCircuitDialog.prefab,.prefab,UghSprite,1,Assets\Plugins\Assembly-CSharp-firstpass\UghSprite.cs
Assets\GameObject\UnlockCircuitDialog.prefab,.prefab,UghText,2,Assets\Plugins\Assembly-CSharp-firstpass\UghText.cs
Assets\GameObject\UnlockCircuitDialog.prefab,.prefab,UghAlign,1,Assets\Plugins\Assembly-CSharp-firstpass\UghAlign.cs
Assets\GameObject\UnlockCircuitDialog.prefab,.prefab,UghStretch,1,Assets\Plugins\Assembly-CSharp-firstpass\UghStretch.cs
Assets\GameObject\Use A Double Boost.prefab,.prefab,UseAPowerupAchievementListener,1,Assets\Scripts\Assembly-CSharp\UseAPowerupAchievementListener.cs
Assets\GameObject\Use A Double Mine.prefab,.prefab,UseAPowerupAchievementListener,1,Assets\Scripts\Assembly-CSharp\UseAPowerupAchievementListener.cs
Assets\GameObject\Use A Double Rocket.prefab,.prefab,UseAPowerupAchievementListener,1,Assets\Scripts\Assembly-CSharp\UseAPowerupAchievementListener.cs
Assets\GameObject\Use A Double Shield.prefab,.prefab,UseAPowerupAchievementListener,1,Assets\Scripts\Assembly-CSharp\UseAPowerupAchievementListener.cs
Assets\GameObject\Use a Powerup Tutorial.prefab,.prefab,UsePowerupMission,1,Assets\Scripts\Assembly-CSharp\UsePowerupMission.cs
Assets\GameObject\Use All Double Powerup Combos.prefab,.prefab,CheckPowerupUseAchievementListener,1,Assets\Scripts\Assembly-CSharp\CheckPowerupUseAchievementListener.cs
Assets\GameObject\Use Powerup Against Opponent Mine.prefab,.prefab,UsePowerupAgainstOpponentAchievementListener,1,Assets\Scripts\Assembly-CSharp\UsePowerupAgainstOpponentAchievementListener.cs
Assets\GameObject\Use Powerup Against Opponent Rocket.prefab,.prefab,UsePowerupAgainstOpponentAchievementListener,1,Assets\Scripts\Assembly-CSharp\UsePowerupAgainstOpponentAchievementListener.cs
Assets\GameObject\Use Powerup Against Opponent Smash.prefab,.prefab,UsePowerupAgainstOpponentAchievementListener,1,Assets\Scripts\Assembly-CSharp\UsePowerupAgainstOpponentAchievementListener.cs
Assets\GameObject\WrongWayPrefab.prefab,.prefab,UghSprite,1,Assets\Plugins\Assembly-CSharp-firstpass\UghSprite.cs
Assets\GameObject\WrongWayPrefab.prefab,.prefab,UghText,1,Assets\Plugins\Assembly-CSharp-firstpass\UghText.cs
