File,ScriptGuid,FileID,Type,Resolved,MetaPath
Assets\GameObject\+AchievementManager.prefab,f9769e8b35c7c44c50b929c336482a13,11500000,3,True,Assets\Scripts\Assembly-CSharp\AchievementManager.cs.meta
Assets\GameObject\+DataUtility.prefab,e73e184e0e2ed95faf86c797f4d8679c,11500000,3,True,Assets\Scripts\Assembly-CSharp\DataUtility.cs.meta
Assets\GameObject\+Localize.prefab,571e32651376921a1b5a5ac6d962158c,11500000,3,True,Assets\Plugins\Assembly-CSharp-firstpass\Localize.cs.meta
Assets\GameObject\+PlayerInstance.prefab,88def7d1af52fdbeb503ae38422ad445,11500000,3,True,Assets\Scripts\Assembly-CSharp\PlayerInstance.cs.meta
Assets\GameObject\+Screen Timeout Controller.prefab,27605ae9d628cade138816fabbc5372f,11500000,3,True,Assets\Scripts\Assembly-CSharp\ScreenTimeoutController.cs.meta
Assets\GameObject\+StreamManager.prefab,54fbb3c8949a9826b4c4f5094474a873,11500000,3,True,Assets\Scripts\Assembly-CSharp\StreamManager.cs.meta
Assets\GameObject\+TrackUnlockHelper.prefab,c2f6be37bda9a9dafbd31892d46d2ae0,11500000,3,True,Assets\Scripts\Assembly-CSharp\TrackUnlockHelper.cs.meta
Assets\GameObject\1 - Lil Wheelies Custom.prefab,22abb528e911ba5f261a169bcda56437,11500000,3,True,Assets\Scripts\Assembly-CSharp\PaintJob.cs.meta
Assets\GameObject\1 - Lil' Scoop.prefab,8f5e0a7b962508adf616efe9e2d068b1,11500000,3,True,Assets\Scripts\Assembly-CSharp\CartPart.cs.meta
Assets\GameObject\1 - Lil' Spoiler (Truck).prefab,8f5e0a7b962508adf616efe9e2d068b1,11500000,3,True,Assets\Scripts\Assembly-CSharp\CartPart.cs.meta
Assets\GameObject\1 - Lil' Spoiler Forms.prefab,d669fcd5b14e1a4dfb9f58008d715e60,11500000,3,True,Assets\Scripts\Assembly-CSharp\AlternateForm.cs.meta
Assets\GameObject\1 - Lil' Spoiler.prefab,8f5e0a7b962508adf616efe9e2d068b1,11500000,3,True,Assets\Scripts\Assembly-CSharp\CartPart.cs.meta
Assets\GameObject\1 - Lil' Thrusties (Truck).prefab,8f5e0a7b962508adf616efe9e2d068b1,11500000,3,True,Assets\Scripts\Assembly-CSharp\CartPart.cs.meta
Assets\GameObject\1 - Lil' Thrusties Forms.prefab,d669fcd5b14e1a4dfb9f58008d715e60,11500000,3,True,Assets\Scripts\Assembly-CSharp\AlternateForm.cs.meta
Assets\GameObject\1 - Lil' Thrusties.prefab,8f5e0a7b962508adf616efe9e2d068b1,11500000,3,True,Assets\Scripts\Assembly-CSharp\CartPart.cs.meta
Assets\GameObject\1 - Lil' Wheelies (Bike).prefab,8f5e0a7b962508adf616efe9e2d068b1,11500000,3,True,Assets\Scripts\Assembly-CSharp\CartPart.cs.meta
Assets\GameObject\1 - Lil' Wheelies (Truck).prefab,8f5e0a7b962508adf616efe9e2d068b1,11500000,3,True,Assets\Scripts\Assembly-CSharp\CartPart.cs.meta
Assets\GameObject\1 - Lil' Wheelies.prefab,8f5e0a7b962508adf616efe9e2d068b1,11500000,3,True,Assets\Scripts\Assembly-CSharp\CartPart.cs.meta
Assets\GameObject\1 - Lil'Kart (Bike).prefab,8f5e0a7b962508adf616efe9e2d068b1,11500000,3,True,Assets\Scripts\Assembly-CSharp\CartPart.cs.meta
Assets\GameObject\1 - Lil'Kart (Truck).prefab,8f5e0a7b962508adf616efe9e2d068b1,11500000,3,True,Assets\Scripts\Assembly-CSharp\CartPart.cs.meta
Assets\GameObject\1 - Lil'Kart Forms.prefab,d669fcd5b14e1a4dfb9f58008d715e60,11500000,3,True,Assets\Scripts\Assembly-CSharp\AlternateForm.cs.meta
Assets\GameObject\1 - Lil'Kart.prefab,8f5e0a7b962508adf616efe9e2d068b1,11500000,3,True,Assets\Scripts\Assembly-CSharp\CartPart.cs.meta
Assets\GameObject\1 - Lil'Wheelie Forms.prefab,d669fcd5b14e1a4dfb9f58008d715e60,11500000,3,True,Assets\Scripts\Assembly-CSharp\AlternateForm.cs.meta
Assets\GameObject\2 - Scorchin' Thrusters (Truck).prefab,8f5e0a7b962508adf616efe9e2d068b1,11500000,3,True,Assets\Scripts\Assembly-CSharp\CartPart.cs.meta
Assets\GameObject\2 - Scorchin' Thrusters Forms.prefab,d669fcd5b14e1a4dfb9f58008d715e60,11500000,3,True,Assets\Scripts\Assembly-CSharp\AlternateForm.cs.meta
Assets\GameObject\2 - Scorchin' Thrusters.prefab,8f5e0a7b962508adf616efe9e2d068b1,11500000,3,True,Assets\Scripts\Assembly-CSharp\CartPart.cs.meta
Assets\GameObject\2 - Speeder Wheels (Bike).prefab,8f5e0a7b962508adf616efe9e2d068b1,11500000,3,True,Assets\Scripts\Assembly-CSharp\CartPart.cs.meta
Assets\GameObject\2 - Speeder Wheels (Truck).prefab,8f5e0a7b962508adf616efe9e2d068b1,11500000,3,True,Assets\Scripts\Assembly-CSharp\CartPart.cs.meta
Assets\GameObject\2 - Speeder Wheels Custom.prefab,22abb528e911ba5f261a169bcda56437,11500000,3,True,Assets\Scripts\Assembly-CSharp\PaintJob.cs.meta
Assets\GameObject\2 - Speeder Wheels Forms.prefab,d669fcd5b14e1a4dfb9f58008d715e60,11500000,3,True,Assets\Scripts\Assembly-CSharp\AlternateForm.cs.meta
Assets\GameObject\2 - Speeder Wheels.prefab,8f5e0a7b962508adf616efe9e2d068b1,11500000,3,True,Assets\Scripts\Assembly-CSharp\CartPart.cs.meta
Assets\GameObject\2 - Speedster (Bike).prefab,8f5e0a7b962508adf616efe9e2d068b1,11500000,3,True,Assets\Scripts\Assembly-CSharp\CartPart.cs.meta
Assets\GameObject\2 - Speedster (Truck).prefab,8f5e0a7b962508adf616efe9e2d068b1,11500000,3,True,Assets\Scripts\Assembly-CSharp\CartPart.cs.meta
Assets\GameObject\2 - Speedster Forms.prefab,d669fcd5b14e1a4dfb9f58008d715e60,11500000,3,True,Assets\Scripts\Assembly-CSharp\AlternateForm.cs.meta
Assets\GameObject\2 - Speedster.prefab,8f5e0a7b962508adf616efe9e2d068b1,11500000,3,True,Assets\Scripts\Assembly-CSharp\CartPart.cs.meta
Assets\GameObject\2 - Speedy Scoop.prefab,8f5e0a7b962508adf616efe9e2d068b1,11500000,3,True,Assets\Scripts\Assembly-CSharp\CartPart.cs.meta
Assets\GameObject\2 - Speedy Spoiler (Truck).prefab,8f5e0a7b962508adf616efe9e2d068b1,11500000,3,True,Assets\Scripts\Assembly-CSharp\CartPart.cs.meta
Assets\GameObject\2 - Speedy Spoiler Forms.prefab,d669fcd5b14e1a4dfb9f58008d715e60,11500000,3,True,Assets\Scripts\Assembly-CSharp\AlternateForm.cs.meta
Assets\GameObject\2 - Speedy Spoiler.prefab,8f5e0a7b962508adf616efe9e2d068b1,11500000,3,True,Assets\Scripts\Assembly-CSharp\CartPart.cs.meta
Assets\GameObject\3 - Trak Blasters (Truck).prefab,8f5e0a7b962508adf616efe9e2d068b1,11500000,3,True,Assets\Scripts\Assembly-CSharp\CartPart.cs.meta
Assets\GameObject\3 - Trak Blasters Forms.prefab,d669fcd5b14e1a4dfb9f58008d715e60,11500000,3,True,Assets\Scripts\Assembly-CSharp\AlternateForm.cs.meta
Assets\GameObject\3 - Trak Blasters.prefab,8f5e0a7b962508adf616efe9e2d068b1,11500000,3,True,Assets\Scripts\Assembly-CSharp\CartPart.cs.meta
Assets\GameObject\3 - Trak Skoop.prefab,8f5e0a7b962508adf616efe9e2d068b1,11500000,3,True,Assets\Scripts\Assembly-CSharp\CartPart.cs.meta
Assets\GameObject\3 - Traktor 3000 (Bike).prefab,8f5e0a7b962508adf616efe9e2d068b1,11500000,3,True,Assets\Scripts\Assembly-CSharp\CartPart.cs.meta
Assets\GameObject\3 - Traktor 3000 (Truck).prefab,8f5e0a7b962508adf616efe9e2d068b1,11500000,3,True,Assets\Scripts\Assembly-CSharp\CartPart.cs.meta
Assets\GameObject\3 - Traktor 3000 Forms.prefab,d669fcd5b14e1a4dfb9f58008d715e60,11500000,3,True,Assets\Scripts\Assembly-CSharp\AlternateForm.cs.meta
Assets\GameObject\3 - Traktor 3000.prefab,8f5e0a7b962508adf616efe9e2d068b1,11500000,3,True,Assets\Scripts\Assembly-CSharp\CartPart.cs.meta
Assets\GameObject\3 - Traktor Tires (Bike).prefab,8f5e0a7b962508adf616efe9e2d068b1,11500000,3,True,Assets\Scripts\Assembly-CSharp\CartPart.cs.meta
Assets\GameObject\3 - Traktor Tires (Truck).prefab,8f5e0a7b962508adf616efe9e2d068b1,11500000,3,True,Assets\Scripts\Assembly-CSharp\CartPart.cs.meta
Assets\GameObject\3 - Traktor Tires Custom.prefab,22abb528e911ba5f261a169bcda56437,11500000,3,True,Assets\Scripts\Assembly-CSharp\PaintJob.cs.meta
Assets\GameObject\3 - Traktor Tires Forms.prefab,d669fcd5b14e1a4dfb9f58008d715e60,11500000,3,True,Assets\Scripts\Assembly-CSharp\AlternateForm.cs.meta
Assets\GameObject\3 - Traktor Tires.prefab,8f5e0a7b962508adf616efe9e2d068b1,11500000,3,True,Assets\Scripts\Assembly-CSharp\CartPart.cs.meta
Assets\GameObject\3 - Traktor Wing (Truck).prefab,8f5e0a7b962508adf616efe9e2d068b1,11500000,3,True,Assets\Scripts\Assembly-CSharp\CartPart.cs.meta
Assets\GameObject\3 - Traktor Wing Forms.prefab,d669fcd5b14e1a4dfb9f58008d715e60,11500000,3,True,Assets\Scripts\Assembly-CSharp\AlternateForm.cs.meta
Assets\GameObject\3 - Traktor Wing.prefab,8f5e0a7b962508adf616efe9e2d068b1,11500000,3,True,Assets\Scripts\Assembly-CSharp\CartPart.cs.meta
Assets\GameObject\4 - Dune Blazers (Truck).prefab,8f5e0a7b962508adf616efe9e2d068b1,11500000,3,True,Assets\Scripts\Assembly-CSharp\CartPart.cs.meta
Assets\GameObject\4 - Dune Blazers Forms.prefab,d669fcd5b14e1a4dfb9f58008d715e60,11500000,3,True,Assets\Scripts\Assembly-CSharp\AlternateForm.cs.meta
Assets\GameObject\4 - Dune Blazers.prefab,8f5e0a7b962508adf616efe9e2d068b1,11500000,3,True,Assets\Scripts\Assembly-CSharp\CartPart.cs.meta
Assets\GameObject\4 - Dune Jumpers (Bike).prefab,8f5e0a7b962508adf616efe9e2d068b1,11500000,3,True,Assets\Scripts\Assembly-CSharp\CartPart.cs.meta
Assets\GameObject\4 - Dune Jumpers (Truck).prefab,8f5e0a7b962508adf616efe9e2d068b1,11500000,3,True,Assets\Scripts\Assembly-CSharp\CartPart.cs.meta
Assets\GameObject\4 - Dune Jumpers Custom.prefab,22abb528e911ba5f261a169bcda56437,11500000,3,True,Assets\Scripts\Assembly-CSharp\PaintJob.cs.meta
Assets\GameObject\4 - Dune Jumpers Forms.prefab,d669fcd5b14e1a4dfb9f58008d715e60,11500000,3,True,Assets\Scripts\Assembly-CSharp\AlternateForm.cs.meta
Assets\GameObject\4 - Dune Jumpers.prefab,8f5e0a7b962508adf616efe9e2d068b1,11500000,3,True,Assets\Scripts\Assembly-CSharp\CartPart.cs.meta
Assets\GameObject\4 - Dune Scooper.prefab,8f5e0a7b962508adf616efe9e2d068b1,11500000,3,True,Assets\Scripts\Assembly-CSharp\CartPart.cs.meta
Assets\GameObject\4 - Dune Spoiler (Truck).prefab,8f5e0a7b962508adf616efe9e2d068b1,11500000,3,True,Assets\Scripts\Assembly-CSharp\CartPart.cs.meta
Assets\GameObject\4 - Dune Spoiler Forms.prefab,d669fcd5b14e1a4dfb9f58008d715e60,11500000,3,True,Assets\Scripts\Assembly-CSharp\AlternateForm.cs.meta
Assets\GameObject\4 - Dune Spoiler.prefab,8f5e0a7b962508adf616efe9e2d068b1,11500000,3,True,Assets\Scripts\Assembly-CSharp\CartPart.cs.meta
Assets\GameObject\4 - Dune Stomper (Bike).prefab,8f5e0a7b962508adf616efe9e2d068b1,11500000,3,True,Assets\Scripts\Assembly-CSharp\CartPart.cs.meta
Assets\GameObject\4 - Dune Stomper (Truck).prefab,8f5e0a7b962508adf616efe9e2d068b1,11500000,3,True,Assets\Scripts\Assembly-CSharp\CartPart.cs.meta
Assets\GameObject\4 - Dune Stomper Forms.prefab,d669fcd5b14e1a4dfb9f58008d715e60,11500000,3,True,Assets\Scripts\Assembly-CSharp\AlternateForm.cs.meta
Assets\GameObject\4 - Dune Stomper.prefab,8f5e0a7b962508adf616efe9e2d068b1,11500000,3,True,Assets\Scripts\Assembly-CSharp\CartPart.cs.meta
Assets\GameObject\5 - Hog Burners (Truck).prefab,8f5e0a7b962508adf616efe9e2d068b1,11500000,3,True,Assets\Scripts\Assembly-CSharp\CartPart.cs.meta
Assets\GameObject\5 - Hog Burners Forms.prefab,d669fcd5b14e1a4dfb9f58008d715e60,11500000,3,True,Assets\Scripts\Assembly-CSharp\AlternateForm.cs.meta
Assets\GameObject\5 - Hog Burners.prefab,8f5e0a7b962508adf616efe9e2d068b1,11500000,3,True,Assets\Scripts\Assembly-CSharp\CartPart.cs.meta
Assets\GameObject\5 - Hogwing (Truck).prefab,8f5e0a7b962508adf616efe9e2d068b1,11500000,3,True,Assets\Scripts\Assembly-CSharp\CartPart.cs.meta
Assets\GameObject\5 - Hogwing Forms.prefab,d669fcd5b14e1a4dfb9f58008d715e60,11500000,3,True,Assets\Scripts\Assembly-CSharp\AlternateForm.cs.meta
Assets\GameObject\5 - Hogwing.prefab,8f5e0a7b962508adf616efe9e2d068b1,11500000,3,True,Assets\Scripts\Assembly-CSharp\CartPart.cs.meta
Assets\GameObject\5 - Scoop-inator.prefab,8f5e0a7b962508adf616efe9e2d068b1,11500000,3,True,Assets\Scripts\Assembly-CSharp\CartPart.cs.meta
Assets\GameObject\5 - The Hog-inator (Bike).prefab,8f5e0a7b962508adf616efe9e2d068b1,11500000,3,True,Assets\Scripts\Assembly-CSharp\CartPart.cs.meta
Assets\GameObject\5 - The Hog-inator (Truck).prefab,8f5e0a7b962508adf616efe9e2d068b1,11500000,3,True,Assets\Scripts\Assembly-CSharp\CartPart.cs.meta
Assets\GameObject\5 - The Hog-inator Forms.prefab,d669fcd5b14e1a4dfb9f58008d715e60,11500000,3,True,Assets\Scripts\Assembly-CSharp\AlternateForm.cs.meta
Assets\GameObject\5 - The Hog-inator.prefab,8f5e0a7b962508adf616efe9e2d068b1,11500000,3,True,Assets\Scripts\Assembly-CSharp\CartPart.cs.meta
Assets\GameObject\5 - The Wheel-inators Forms.prefab,d669fcd5b14e1a4dfb9f58008d715e60,11500000,3,True,Assets\Scripts\Assembly-CSharp\AlternateForm.cs.meta
Assets\GameObject\5 - Wheel-inators (Bike).prefab,8f5e0a7b962508adf616efe9e2d068b1,11500000,3,True,Assets\Scripts\Assembly-CSharp\CartPart.cs.meta
Assets\GameObject\5 - Wheel-inators (Truck).prefab,8f5e0a7b962508adf616efe9e2d068b1,11500000,3,True,Assets\Scripts\Assembly-CSharp\CartPart.cs.meta
Assets\GameObject\5 - Wheel-inators Custom.prefab,22abb528e911ba5f261a169bcda56437,11500000,3,True,Assets\Scripts\Assembly-CSharp\PaintJob.cs.meta
Assets\GameObject\5 - Wheel-inators.prefab,8f5e0a7b962508adf616efe9e2d068b1,11500000,3,True,Assets\Scripts\Assembly-CSharp\CartPart.cs.meta
Assets\GameObject\6 - Beast Wheelz (Bike).prefab,8f5e0a7b962508adf616efe9e2d068b1,11500000,3,True,Assets\Scripts\Assembly-CSharp\CartPart.cs.meta
Assets\GameObject\6 - Beast Wheelz (Truck).prefab,8f5e0a7b962508adf616efe9e2d068b1,11500000,3,True,Assets\Scripts\Assembly-CSharp\CartPart.cs.meta
Assets\GameObject\6 - Beast Wheelz Custom.prefab,22abb528e911ba5f261a169bcda56437,11500000,3,True,Assets\Scripts\Assembly-CSharp\PaintJob.cs.meta
Assets\GameObject\6 - Beast Wheelz Forms.prefab,d669fcd5b14e1a4dfb9f58008d715e60,11500000,3,True,Assets\Scripts\Assembly-CSharp\AlternateForm.cs.meta
Assets\GameObject\6 - Beast Wheelz.prefab,8f5e0a7b962508adf616efe9e2d068b1,11500000,3,True,Assets\Scripts\Assembly-CSharp\CartPart.cs.meta
Assets\GameObject\6 - Beastly Spoiler (Truck).prefab,8f5e0a7b962508adf616efe9e2d068b1,11500000,3,True,Assets\Scripts\Assembly-CSharp\CartPart.cs.meta
Assets\GameObject\6 - Beastly Spoiler Forms.prefab,d669fcd5b14e1a4dfb9f58008d715e60,11500000,3,True,Assets\Scripts\Assembly-CSharp\AlternateForm.cs.meta
Assets\GameObject\6 - Beastly Spoiler.prefab,8f5e0a7b962508adf616efe9e2d068b1,11500000,3,True,Assets\Scripts\Assembly-CSharp\CartPart.cs.meta
Assets\GameObject\6 - Infernos (Truck).prefab,8f5e0a7b962508adf616efe9e2d068b1,11500000,3,True,Assets\Scripts\Assembly-CSharp\CartPart.cs.meta
Assets\GameObject\6 - Infernos Forms.prefab,d669fcd5b14e1a4dfb9f58008d715e60,11500000,3,True,Assets\Scripts\Assembly-CSharp\AlternateForm.cs.meta
Assets\GameObject\6 - Infernos.prefab,8f5e0a7b962508adf616efe9e2d068b1,11500000,3,True,Assets\Scripts\Assembly-CSharp\CartPart.cs.meta
Assets\GameObject\6 - Monster Scoop.prefab,8f5e0a7b962508adf616efe9e2d068b1,11500000,3,True,Assets\Scripts\Assembly-CSharp\CartPart.cs.meta
Assets\GameObject\6 - The Beast (Bike).prefab,8f5e0a7b962508adf616efe9e2d068b1,11500000,3,True,Assets\Scripts\Assembly-CSharp\CartPart.cs.meta
Assets\GameObject\6 - The Beast (Truck).prefab,8f5e0a7b962508adf616efe9e2d068b1,11500000,3,True,Assets\Scripts\Assembly-CSharp\CartPart.cs.meta
Assets\GameObject\6 - The Beast Forms.prefab,d669fcd5b14e1a4dfb9f58008d715e60,11500000,3,True,Assets\Scripts\Assembly-CSharp\AlternateForm.cs.meta
Assets\GameObject\6 - The Beast.prefab,8f5e0a7b962508adf616efe9e2d068b1,11500000,3,True,Assets\Scripts\Assembly-CSharp\CartPart.cs.meta
Assets\GameObject\7 - Ultra Tractionizers (Bike).prefab,8f5e0a7b962508adf616efe9e2d068b1,11500000,3,True,Assets\Scripts\Assembly-CSharp\CartPart.cs.meta
Assets\GameObject\7 - Ultra Tractionizers (Truck).prefab,8f5e0a7b962508adf616efe9e2d068b1,11500000,3,True,Assets\Scripts\Assembly-CSharp\CartPart.cs.meta
Assets\GameObject\7 - Ultra Tractionizers Custom.prefab,22abb528e911ba5f261a169bcda56437,11500000,3,True,Assets\Scripts\Assembly-CSharp\PaintJob.cs.meta
Assets\GameObject\7 - Ultra Tractionizers Forms.prefab,d669fcd5b14e1a4dfb9f58008d715e60,11500000,3,True,Assets\Scripts\Assembly-CSharp\AlternateForm.cs.meta
Assets\GameObject\7 - Ultra Tractionizers.prefab,8f5e0a7b962508adf616efe9e2d068b1,11500000,3,True,Assets\Scripts\Assembly-CSharp\CartPart.cs.meta
Assets\GameObject\Achievement Category UI.prefab,c85741226e0dbdf48c5ba42c9fbe7443,11500000,3,True,Assets\Scripts\Assembly-CSharp\AchievementCategoryPublisher.cs.meta
Assets\GameObject\Achievement Category UI.prefab,b88ab20c864889e81141f2df8a116b5b,11500000,3,True,Assets\Plugins\Assembly-CSharp-firstpass\UghText.cs.meta
Assets\GameObject\Achievement Category UI.prefab,7a1d7e408882e95bdbe76a76d6f51e1c,11500000,3,True,Assets\Plugins\Assembly-CSharp-firstpass\UghButton.cs.meta
Assets\GameObject\Achievement Category UI.prefab,82fef056bec561257dcb3d983f402f41,11500000,3,True,Assets\Scripts\Assembly-CSharp\ShiftContentsOnButtonDown.cs.meta
Assets\GameObject\Achievement Category UI.prefab,b88ab20c864889e81141f2df8a116b5b,11500000,3,True,Assets\Plugins\Assembly-CSharp-firstpass\UghText.cs.meta
Assets\GameObject\Achievement Category UI.prefab,84dedd87b078241ae96d152250730014,11500000,3,True,Assets\Plugins\Assembly-CSharp-firstpass\UghSprite.cs.meta
Assets\GameObject\Achievement Category UI.prefab,b88ab20c864889e81141f2df8a116b5b,11500000,3,True,Assets\Plugins\Assembly-CSharp-firstpass\UghText.cs.meta
Assets\GameObject\Achievement Category UI.prefab,7a1d7e408882e95bdbe76a76d6f51e1c,11500000,3,True,Assets\Plugins\Assembly-CSharp-firstpass\UghButton.cs.meta
Assets\GameObject\Achievement Category UI.prefab,82fef056bec561257dcb3d983f402f41,11500000,3,True,Assets\Scripts\Assembly-CSharp\ShiftContentsOnButtonDown.cs.meta
Assets\GameObject\Achievement Category UI.prefab,b88ab20c864889e81141f2df8a116b5b,11500000,3,True,Assets\Plugins\Assembly-CSharp-firstpass\UghText.cs.meta
Assets\GameObject\Achievement Category UI.prefab,84dedd87b078241ae96d152250730014,11500000,3,True,Assets\Plugins\Assembly-CSharp-firstpass\UghSprite.cs.meta
Assets\GameObject\Achievement Category UI.prefab,b88ab20c864889e81141f2df8a116b5b,11500000,3,True,Assets\Plugins\Assembly-CSharp-firstpass\UghText.cs.meta
Assets\GameObject\Achievement Category UI.prefab,7a1d7e408882e95bdbe76a76d6f51e1c,11500000,3,True,Assets\Plugins\Assembly-CSharp-firstpass\UghButton.cs.meta
Assets\GameObject\Achievement Category UI.prefab,82fef056bec561257dcb3d983f402f41,11500000,3,True,Assets\Scripts\Assembly-CSharp\ShiftContentsOnButtonDown.cs.meta
Assets\GameObject\Achievement Category UI.prefab,b88ab20c864889e81141f2df8a116b5b,11500000,3,True,Assets\Plugins\Assembly-CSharp-firstpass\UghText.cs.meta
Assets\GameObject\Achievement Category UI.prefab,84dedd87b078241ae96d152250730014,11500000,3,True,Assets\Plugins\Assembly-CSharp-firstpass\UghSprite.cs.meta
Assets\GameObject\Achievement Category UI.prefab,b88ab20c864889e81141f2df8a116b5b,11500000,3,True,Assets\Plugins\Assembly-CSharp-firstpass\UghText.cs.meta
Assets\GameObject\Achievement Category UI.prefab,7a1d7e408882e95bdbe76a76d6f51e1c,11500000,3,True,Assets\Plugins\Assembly-CSharp-firstpass\UghButton.cs.meta
Assets\GameObject\Achievement Category UI.prefab,82fef056bec561257dcb3d983f402f41,11500000,3,True,Assets\Scripts\Assembly-CSharp\ShiftContentsOnButtonDown.cs.meta
Assets\GameObject\Achievement Category UI.prefab,b88ab20c864889e81141f2df8a116b5b,11500000,3,True,Assets\Plugins\Assembly-CSharp-firstpass\UghText.cs.meta
Assets\GameObject\Achievement Category UI.prefab,84dedd87b078241ae96d152250730014,11500000,3,True,Assets\Plugins\Assembly-CSharp-firstpass\UghSprite.cs.meta
Assets\GameObject\Achievement Category UI.prefab,b88ab20c864889e81141f2df8a116b5b,11500000,3,True,Assets\Plugins\Assembly-CSharp-firstpass\UghText.cs.meta
Assets\GameObject\AchievementUI.prefab,99710de68f90eb67efc82927113f5526,11500000,3,True,Assets\Scripts\Assembly-CSharp\AchievementUI.cs.meta
Assets\GameObject\AchievementUI.prefab,7a1d7e408882e95bdbe76a76d6f51e1c,11500000,3,True,Assets\Plugins\Assembly-CSharp-firstpass\UghButton.cs.meta
Assets\GameObject\AchievementUI.prefab,7a1d7e408882e95bdbe76a76d6f51e1c,11500000,3,True,Assets\Plugins\Assembly-CSharp-firstpass\UghButton.cs.meta
Assets\GameObject\AchievementUI.prefab,d8ae97e7a2fe33b397327e206ef1554f,11500000,3,True,Assets\Scripts\Assembly-CSharp\AchievementPanelPublisher.cs.meta
Assets\GameObject\AchievementUI.prefab,b88ab20c864889e81141f2df8a116b5b,11500000,3,True,Assets\Plugins\Assembly-CSharp-firstpass\UghText.cs.meta
Assets\GameObject\AchievementUI.prefab,84dedd87b078241ae96d152250730014,11500000,3,True,Assets\Plugins\Assembly-CSharp-firstpass\UghSprite.cs.meta
Assets\GameObject\AchievementUI.prefab,b88ab20c864889e81141f2df8a116b5b,11500000,3,True,Assets\Plugins\Assembly-CSharp-firstpass\UghText.cs.meta
Assets\GameObject\AchievementUI.prefab,84dedd87b078241ae96d152250730014,11500000,3,True,Assets\Plugins\Assembly-CSharp-firstpass\UghSprite.cs.meta
Assets\GameObject\AchievementUI.prefab,84dedd87b078241ae96d152250730014,11500000,3,True,Assets\Plugins\Assembly-CSharp-firstpass\UghSprite.cs.meta
Assets\GameObject\AchievementUI.prefab,84dedd87b078241ae96d152250730014,11500000,3,True,Assets\Plugins\Assembly-CSharp-firstpass\UghSprite.cs.meta
Assets\GameObject\AchievementUI.prefab,b88ab20c864889e81141f2df8a116b5b,11500000,3,True,Assets\Plugins\Assembly-CSharp-firstpass\UghText.cs.meta
Assets\GameObject\AchievementUI.prefab,d8ae97e7a2fe33b397327e206ef1554f,11500000,3,True,Assets\Scripts\Assembly-CSharp\AchievementPanelPublisher.cs.meta
Assets\GameObject\AchievementUI.prefab,b88ab20c864889e81141f2df8a116b5b,11500000,3,True,Assets\Plugins\Assembly-CSharp-firstpass\UghText.cs.meta
Assets\GameObject\AchievementUI.prefab,84dedd87b078241ae96d152250730014,11500000,3,True,Assets\Plugins\Assembly-CSharp-firstpass\UghSprite.cs.meta
Assets\GameObject\AchievementUI.prefab,b88ab20c864889e81141f2df8a116b5b,11500000,3,True,Assets\Plugins\Assembly-CSharp-firstpass\UghText.cs.meta
Assets\GameObject\AchievementUI.prefab,84dedd87b078241ae96d152250730014,11500000,3,True,Assets\Plugins\Assembly-CSharp-firstpass\UghSprite.cs.meta
Assets\GameObject\AchievementUI.prefab,84dedd87b078241ae96d152250730014,11500000,3,True,Assets\Plugins\Assembly-CSharp-firstpass\UghSprite.cs.meta
Assets\GameObject\AchievementUI.prefab,84dedd87b078241ae96d152250730014,11500000,3,True,Assets\Plugins\Assembly-CSharp-firstpass\UghSprite.cs.meta
Assets\GameObject\AchievementUI.prefab,b88ab20c864889e81141f2df8a116b5b,11500000,3,True,Assets\Plugins\Assembly-CSharp-firstpass\UghText.cs.meta
Assets\GameObject\AchievementUI.prefab,d8ae97e7a2fe33b397327e206ef1554f,11500000,3,True,Assets\Scripts\Assembly-CSharp\AchievementPanelPublisher.cs.meta
Assets\GameObject\AchievementUI.prefab,b88ab20c864889e81141f2df8a116b5b,11500000,3,True,Assets\Plugins\Assembly-CSharp-firstpass\UghText.cs.meta
Assets\GameObject\AchievementUI.prefab,84dedd87b078241ae96d152250730014,11500000,3,True,Assets\Plugins\Assembly-CSharp-firstpass\UghSprite.cs.meta
Assets\GameObject\AchievementUI.prefab,b88ab20c864889e81141f2df8a116b5b,11500000,3,True,Assets\Plugins\Assembly-CSharp-firstpass\UghText.cs.meta
Assets\GameObject\AchievementUI.prefab,84dedd87b078241ae96d152250730014,11500000,3,True,Assets\Plugins\Assembly-CSharp-firstpass\UghSprite.cs.meta
Assets\GameObject\AchievementUI.prefab,84dedd87b078241ae96d152250730014,11500000,3,True,Assets\Plugins\Assembly-CSharp-firstpass\UghSprite.cs.meta
Assets\GameObject\AchievementUI.prefab,84dedd87b078241ae96d152250730014,11500000,3,True,Assets\Plugins\Assembly-CSharp-firstpass\UghSprite.cs.meta
Assets\GameObject\AchievementUI.prefab,b88ab20c864889e81141f2df8a116b5b,11500000,3,True,Assets\Plugins\Assembly-CSharp-firstpass\UghText.cs.meta
Assets\GameObject\AchievementUI.prefab,d8ae97e7a2fe33b397327e206ef1554f,11500000,3,True,Assets\Scripts\Assembly-CSharp\AchievementPanelPublisher.cs.meta
Assets\GameObject\AchievementUI.prefab,b88ab20c864889e81141f2df8a116b5b,11500000,3,True,Assets\Plugins\Assembly-CSharp-firstpass\UghText.cs.meta
Assets\GameObject\AchievementUI.prefab,84dedd87b078241ae96d152250730014,11500000,3,True,Assets\Plugins\Assembly-CSharp-firstpass\UghSprite.cs.meta
Assets\GameObject\AchievementUI.prefab,b88ab20c864889e81141f2df8a116b5b,11500000,3,True,Assets\Plugins\Assembly-CSharp-firstpass\UghText.cs.meta
Assets\GameObject\AchievementUI.prefab,84dedd87b078241ae96d152250730014,11500000,3,True,Assets\Plugins\Assembly-CSharp-firstpass\UghSprite.cs.meta
Assets\GameObject\AchievementUI.prefab,84dedd87b078241ae96d152250730014,11500000,3,True,Assets\Plugins\Assembly-CSharp-firstpass\UghSprite.cs.meta
Assets\GameObject\AchievementUI.prefab,84dedd87b078241ae96d152250730014,11500000,3,True,Assets\Plugins\Assembly-CSharp-firstpass\UghSprite.cs.meta
Assets\GameObject\AchievementUI.prefab,b88ab20c864889e81141f2df8a116b5b,11500000,3,True,Assets\Plugins\Assembly-CSharp-firstpass\UghText.cs.meta
Assets\GameObject\AchievementUI.prefab,d8ae97e7a2fe33b397327e206ef1554f,11500000,3,True,Assets\Scripts\Assembly-CSharp\AchievementPanelPublisher.cs.meta
Assets\GameObject\AchievementUI.prefab,b88ab20c864889e81141f2df8a116b5b,11500000,3,True,Assets\Plugins\Assembly-CSharp-firstpass\UghText.cs.meta
Assets\GameObject\AchievementUI.prefab,84dedd87b078241ae96d152250730014,11500000,3,True,Assets\Plugins\Assembly-CSharp-firstpass\UghSprite.cs.meta
Assets\GameObject\AchievementUI.prefab,b88ab20c864889e81141f2df8a116b5b,11500000,3,True,Assets\Plugins\Assembly-CSharp-firstpass\UghText.cs.meta
Assets\GameObject\AchievementUI.prefab,84dedd87b078241ae96d152250730014,11500000,3,True,Assets\Plugins\Assembly-CSharp-firstpass\UghSprite.cs.meta
Assets\GameObject\AchievementUI.prefab,84dedd87b078241ae96d152250730014,11500000,3,True,Assets\Plugins\Assembly-CSharp-firstpass\UghSprite.cs.meta
Assets\GameObject\AchievementUI.prefab,84dedd87b078241ae96d152250730014,11500000,3,True,Assets\Plugins\Assembly-CSharp-firstpass\UghSprite.cs.meta
Assets\GameObject\AchievementUI.prefab,b88ab20c864889e81141f2df8a116b5b,11500000,3,True,Assets\Plugins\Assembly-CSharp-firstpass\UghText.cs.meta
Assets\GameObject\AchievementUI.prefab,d8ae97e7a2fe33b397327e206ef1554f,11500000,3,True,Assets\Scripts\Assembly-CSharp\AchievementPanelPublisher.cs.meta
Assets\GameObject\AchievementUI.prefab,b88ab20c864889e81141f2df8a116b5b,11500000,3,True,Assets\Plugins\Assembly-CSharp-firstpass\UghText.cs.meta
Assets\GameObject\AchievementUI.prefab,84dedd87b078241ae96d152250730014,11500000,3,True,Assets\Plugins\Assembly-CSharp-firstpass\UghSprite.cs.meta
Assets\GameObject\AchievementUI.prefab,b88ab20c864889e81141f2df8a116b5b,11500000,3,True,Assets\Plugins\Assembly-CSharp-firstpass\UghText.cs.meta
Assets\GameObject\AchievementUI.prefab,84dedd87b078241ae96d152250730014,11500000,3,True,Assets\Plugins\Assembly-CSharp-firstpass\UghSprite.cs.meta
Assets\GameObject\AchievementUI.prefab,84dedd87b078241ae96d152250730014,11500000,3,True,Assets\Plugins\Assembly-CSharp-firstpass\UghSprite.cs.meta
Assets\GameObject\AchievementUI.prefab,84dedd87b078241ae96d152250730014,11500000,3,True,Assets\Plugins\Assembly-CSharp-firstpass\UghSprite.cs.meta
Assets\GameObject\AchievementUI.prefab,b88ab20c864889e81141f2df8a116b5b,11500000,3,True,Assets\Plugins\Assembly-CSharp-firstpass\UghText.cs.meta
Assets\GameObject\AchievementUI.prefab,7a1d7e408882e95bdbe76a76d6f51e1c,11500000,3,True,Assets\Plugins\Assembly-CSharp-firstpass\UghButton.cs.meta
Assets\GameObject\AchievementUI.prefab,82fef056bec561257dcb3d983f402f41,11500000,3,True,Assets\Scripts\Assembly-CSharp\ShiftContentsOnButtonDown.cs.meta
Assets\GameObject\AchievementUI.prefab,84dedd87b078241ae96d152250730014,11500000,3,True,Assets\Plugins\Assembly-CSharp-firstpass\UghSprite.cs.meta
Assets\GameObject\AchievementWindow.prefab,6b7ab13c15d1879ce52e761274f2f1cf,11500000,3,True,Assets\Scripts\Assembly-CSharp\AchievementWindowPublisher.cs.meta
Assets\GameObject\AchievementWindow.prefab,7a1d7e408882e95bdbe76a76d6f51e1c,11500000,3,True,Assets\Plugins\Assembly-CSharp-firstpass\UghButton.cs.meta
Assets\GameObject\AchievementWindow.prefab,84dedd87b078241ae96d152250730014,11500000,3,True,Assets\Plugins\Assembly-CSharp-firstpass\UghSprite.cs.meta
Assets\GameObject\AchievementWindow.prefab,84dedd87b078241ae96d152250730014,11500000,3,True,Assets\Plugins\Assembly-CSharp-firstpass\UghSprite.cs.meta
Assets\GameObject\AchievementWindow.prefab,84dedd87b078241ae96d152250730014,11500000,3,True,Assets\Plugins\Assembly-CSharp-firstpass\UghSprite.cs.meta
Assets\GameObject\AchievementWindow.prefab,b88ab20c864889e81141f2df8a116b5b,11500000,3,True,Assets\Plugins\Assembly-CSharp-firstpass\UghText.cs.meta
Assets\GameObject\AchievementWindow.prefab,84dedd87b078241ae96d152250730014,11500000,3,True,Assets\Plugins\Assembly-CSharp-firstpass\UghSprite.cs.meta
Assets\GameObject\AchievementWindow.prefab,b88ab20c864889e81141f2df8a116b5b,11500000,3,True,Assets\Plugins\Assembly-CSharp-firstpass\UghText.cs.meta
Assets\GameObject\AchievementWindow.prefab,b88ab20c864889e81141f2df8a116b5b,11500000,3,True,Assets\Plugins\Assembly-CSharp-firstpass\UghText.cs.meta
Assets\GameObject\AchievementWindow.prefab,84dedd87b078241ae96d152250730014,11500000,3,True,Assets\Plugins\Assembly-CSharp-firstpass\UghSprite.cs.meta
Assets\GameObject\AchievementWindow.prefab,7a1d7e408882e95bdbe76a76d6f51e1c,11500000,3,True,Assets\Plugins\Assembly-CSharp-firstpass\UghButton.cs.meta
Assets\GameObject\AchievementWindow.prefab,e171dc7613dc84903f6b62f321860d38,11500000,3,True,Assets\Plugins\Assembly-CSharp-firstpass\UghAlign.cs.meta
Assets\GameObject\AchievementWindow.prefab,24a3aac8fd9959f47e2e0b2c5f17dcaf,11500000,3,True,Assets\Plugins\Assembly-CSharp-firstpass\UghStretch.cs.meta
Assets\GameObject\Age Gate Popup.prefab,1c1a470cd62aab1d22b0fc84a111e64e,11500000,3,True,Assets\Scripts\Assembly-CSharp\AgeGatePopup.cs.meta
Assets\GameObject\Age Gate Popup.prefab,84dedd87b078241ae96d152250730014,11500000,3,True,Assets\Plugins\Assembly-CSharp-firstpass\UghSprite.cs.meta
Assets\GameObject\Age Gate Popup.prefab,b88ab20c864889e81141f2df8a116b5b,11500000,3,True,Assets\Plugins\Assembly-CSharp-firstpass\UghText.cs.meta
Assets\GameObject\Age Gate Popup.prefab,7a1d7e408882e95bdbe76a76d6f51e1c,11500000,3,True,Assets\Plugins\Assembly-CSharp-firstpass\UghButton.cs.meta
Assets\GameObject\Age Gate Popup.prefab,b88ab20c864889e81141f2df8a116b5b,11500000,3,True,Assets\Plugins\Assembly-CSharp-firstpass\UghText.cs.meta
Assets\GameObject\Age Gate Popup.prefab,b88ab20c864889e81141f2df8a116b5b,11500000,3,True,Assets\Plugins\Assembly-CSharp-firstpass\UghText.cs.meta
Assets\GameObject\Age Gate Popup.prefab,b88ab20c864889e81141f2df8a116b5b,11500000,3,True,Assets\Plugins\Assembly-CSharp-firstpass\UghText.cs.meta
Assets\GameObject\Agent P.prefab,8f5e0a7b962508adf616efe9e2d068b1,11500000,3,True,Assets\Scripts\Assembly-CSharp\CartPart.cs.meta
Assets\GameObject\AI Blip.prefab,84dedd87b078241ae96d152250730014,11500000,3,True,Assets\Plugins\Assembly-CSharp-firstpass\UghSprite.cs.meta
Assets\GameObject\AI Blip.prefab,84dedd87b078241ae96d152250730014,11500000,3,True,Assets\Plugins\Assembly-CSharp-firstpass\UghSprite.cs.meta
Assets\GameObject\Anchor Rocket.prefab,6a0cfea11cf6576d5d4576e8a1b1a603,11500000,3,True,Assets\Scripts\Assembly-CSharp\RocketAI.cs.meta
Assets\GameObject\Anchor Rocket.prefab,68160b5b26b0f1eab73a836a60fa3fb2,11500000,3,True,Assets\Scripts\Assembly-CSharp\SoundSequencer.cs.meta
Assets\GameObject\Barrel On Track.prefab,9aff6dab5ca3915cdfebf86ad7fd0be7,11500000,3,True,Assets\Scripts\Assembly-CSharp\ExplodingBarrel.cs.meta
Assets\GameObject\Barrel On Track.prefab,5db77d8b07b73380826e12a6a2c9f105,11500000,3,True,Assets\Scripts\Assembly-CSharp\ParticleReducer.cs.meta
Assets\GameObject\Barrel.prefab,e4eafc8d4aed89316e8604822d67d960,11500000,3,True,Assets\Scripts\Assembly-CSharp\ForwardForceAI.cs.meta
Assets\GameObject\Barrel.prefab,9aff6dab5ca3915cdfebf86ad7fd0be7,11500000,3,True,Assets\Scripts\Assembly-CSharp\ExplodingBarrel.cs.meta
Assets\GameObject\Bea.prefab,8f5e0a7b962508adf616efe9e2d068b1,11500000,3,True,Assets\Scripts\Assembly-CSharp\CartPart.cs.meta
Assets\GameObject\Beastly Spoiler Black.prefab,22abb528e911ba5f261a169bcda56437,11500000,3,True,Assets\Scripts\Assembly-CSharp\PaintJob.cs.meta
Assets\GameObject\Beastly Spoiler Blue.prefab,22abb528e911ba5f261a169bcda56437,11500000,3,True,Assets\Scripts\Assembly-CSharp\PaintJob.cs.meta
Assets\GameObject\Beastly Spoiler Custom Alpha.prefab,22abb528e911ba5f261a169bcda56437,11500000,3,True,Assets\Scripts\Assembly-CSharp\PaintJob.cs.meta
Assets\GameObject\Beastly Spoiler Custom Beta.prefab,22abb528e911ba5f261a169bcda56437,11500000,3,True,Assets\Scripts\Assembly-CSharp\PaintJob.cs.meta
Assets\GameObject\Beastly Spoiler Pink.prefab,22abb528e911ba5f261a169bcda56437,11500000,3,True,Assets\Scripts\Assembly-CSharp\PaintJob.cs.meta
Assets\GameObject\Beastly Spoiler Purple.prefab,22abb528e911ba5f261a169bcda56437,11500000,3,True,Assets\Scripts\Assembly-CSharp\PaintJob.cs.meta
Assets\GameObject\Beastly Spoiler Red.prefab,22abb528e911ba5f261a169bcda56437,11500000,3,True,Assets\Scripts\Assembly-CSharp\PaintJob.cs.meta
Assets\GameObject\Booster Pickup.prefab,9f53efec98452db3825b777095f4d4d7,11500000,3,True,Assets\Scripts\Assembly-CSharp\RotatorAI.cs.meta
Assets\GameObject\Booster Pickup.prefab,3bffe7c16f03770f092ca11b3b521236,11500000,3,True,Assets\Scripts\Assembly-CSharp\BoosterPickup.cs.meta
Assets\GameObject\Booster Pickup.prefab,71c30d28ad73b040f6e74d951b378742,11500000,3,True,Assets\Scripts\Assembly-CSharp\ObjectTrackDistanceLogic.cs.meta
Assets\GameObject\Booster Pickup.prefab,71c30d28ad73b040f6e74d951b378742,11500000,3,True,Assets\Scripts\Assembly-CSharp\ObjectTrackDistanceLogic.cs.meta
Assets\GameObject\Brad.prefab,8f5e0a7b962508adf616efe9e2d068b1,11500000,3,True,Assets\Scripts\Assembly-CSharp\CartPart.cs.meta
Assets\GameObject\BubbleJetUP.prefab,1c4ae306c74fe3c4b51dd0855a00f46e,11500000,3,True,Assets\Scripts\Assembly-CSharp\BubbleJet.cs.meta
Assets\GameObject\BubbleJetUP.prefab,5db77d8b07b73380826e12a6a2c9f105,11500000,3,True,Assets\Scripts\Assembly-CSharp\ParticleReducer.cs.meta
Assets\GameObject\Bus Jumper.prefab,14938888863ffa5c373b8f39c15c49ed,11500000,3,True,Assets\Scripts\Assembly-CSharp\RaceSettings.cs.meta
Assets\GameObject\Buy a Powerup Tutorial.prefab,62b50099919d7d307ca0e1653e1c63de,11500000,3,True,Assets\Scripts\Assembly-CSharp\BuyPowerupMission.cs.meta
Assets\GameObject\BuyCoinsPrefab.prefab,e5a55247d5091bcfd8be841c73eb951e,11500000,3,True,Assets\Scripts\Assembly-CSharp\DebugMoreCoinsPublisher.cs.meta
Assets\GameObject\BuyCoinsPrefab.prefab,84dedd87b078241ae96d152250730014,11500000,3,True,Assets\Plugins\Assembly-CSharp-firstpass\UghSprite.cs.meta
Assets\GameObject\BuyCoinsPrefab.prefab,7a1d7e408882e95bdbe76a76d6f51e1c,11500000,3,True,Assets\Plugins\Assembly-CSharp-firstpass\UghButton.cs.meta
Assets\GameObject\BuyCoinsPrefab.prefab,82fef056bec561257dcb3d983f402f41,11500000,3,True,Assets\Scripts\Assembly-CSharp\ShiftContentsOnButtonDown.cs.meta
Assets\GameObject\BuyCoinsPrefab.prefab,b88ab20c864889e81141f2df8a116b5b,11500000,3,True,Assets\Plugins\Assembly-CSharp-firstpass\UghText.cs.meta
Assets\GameObject\BuyCoinsPrefab.prefab,b88ab20c864889e81141f2df8a116b5b,11500000,3,True,Assets\Plugins\Assembly-CSharp-firstpass\UghText.cs.meta
Assets\GameObject\BuyCoinsPrefab.prefab,84dedd87b078241ae96d152250730014,11500000,3,True,Assets\Plugins\Assembly-CSharp-firstpass\UghSprite.cs.meta
Assets\GameObject\BuyCoinsPrefab.prefab,84dedd87b078241ae96d152250730014,11500000,3,True,Assets\Plugins\Assembly-CSharp-firstpass\UghSprite.cs.meta
Assets\GameObject\BuyCoinsPrefab.prefab,b88ab20c864889e81141f2df8a116b5b,11500000,3,True,Assets\Plugins\Assembly-CSharp-firstpass\UghText.cs.meta
Assets\GameObject\BuyCoinsPrefab.prefab,b88ab20c864889e81141f2df8a116b5b,11500000,3,True,Assets\Plugins\Assembly-CSharp-firstpass\UghText.cs.meta
Assets\GameObject\BuyCoinsPrefab.prefab,7a1d7e408882e95bdbe76a76d6f51e1c,11500000,3,True,Assets\Plugins\Assembly-CSharp-firstpass\UghButton.cs.meta
Assets\GameObject\BuyCoinsPrefab.prefab,84dedd87b078241ae96d152250730014,11500000,3,True,Assets\Plugins\Assembly-CSharp-firstpass\UghSprite.cs.meta
Assets\GameObject\BuyCoinsPrefab.prefab,b88ab20c864889e81141f2df8a116b5b,11500000,3,True,Assets\Plugins\Assembly-CSharp-firstpass\UghText.cs.meta
Assets\GameObject\BuyCoinsPrefab.prefab,84dedd87b078241ae96d152250730014,11500000,3,True,Assets\Plugins\Assembly-CSharp-firstpass\UghSprite.cs.meta
Assets\GameObject\BuyCoinsPrefab.prefab,84dedd87b078241ae96d152250730014,11500000,3,True,Assets\Plugins\Assembly-CSharp-firstpass\UghSprite.cs.meta
Assets\GameObject\BuyCoinsPrefab.prefab,b88ab20c864889e81141f2df8a116b5b,11500000,3,True,Assets\Plugins\Assembly-CSharp-firstpass\UghText.cs.meta
Assets\GameObject\BuyCoinsPrefab.prefab,7a1d7e408882e95bdbe76a76d6f51e1c,11500000,3,True,Assets\Plugins\Assembly-CSharp-firstpass\UghButton.cs.meta
Assets\GameObject\BuyCoinsPrefab.prefab,84dedd87b078241ae96d152250730014,11500000,3,True,Assets\Plugins\Assembly-CSharp-firstpass\UghSprite.cs.meta
Assets\GameObject\BuyCoinsPrefab.prefab,b88ab20c864889e81141f2df8a116b5b,11500000,3,True,Assets\Plugins\Assembly-CSharp-firstpass\UghText.cs.meta
Assets\GameObject\BuyCoinsPrefab.prefab,b88ab20c864889e81141f2df8a116b5b,11500000,3,True,Assets\Plugins\Assembly-CSharp-firstpass\UghText.cs.meta
Assets\GameObject\BuyCoinsPrefab.prefab,84dedd87b078241ae96d152250730014,11500000,3,True,Assets\Plugins\Assembly-CSharp-firstpass\UghSprite.cs.meta
Assets\GameObject\BuyCoinsPrefab.prefab,84dedd87b078241ae96d152250730014,11500000,3,True,Assets\Plugins\Assembly-CSharp-firstpass\UghSprite.cs.meta
Assets\GameObject\BuyCoinsPrefab.prefab,7a1d7e408882e95bdbe76a76d6f51e1c,11500000,3,True,Assets\Plugins\Assembly-CSharp-firstpass\UghButton.cs.meta
Assets\GameObject\BuyCoinsPrefab.prefab,84dedd87b078241ae96d152250730014,11500000,3,True,Assets\Plugins\Assembly-CSharp-firstpass\UghSprite.cs.meta
Assets\GameObject\BuyCoinsPrefab.prefab,84dedd87b078241ae96d152250730014,11500000,3,True,Assets\Plugins\Assembly-CSharp-firstpass\UghSprite.cs.meta
Assets\GameObject\BuyCoinsPrefab.prefab,b88ab20c864889e81141f2df8a116b5b,11500000,3,True,Assets\Plugins\Assembly-CSharp-firstpass\UghText.cs.meta
Assets\GameObject\BuyCoinsPrefab.prefab,b88ab20c864889e81141f2df8a116b5b,11500000,3,True,Assets\Plugins\Assembly-CSharp-firstpass\UghText.cs.meta
Assets\GameObject\BuyCoinsPrefab.prefab,84dedd87b078241ae96d152250730014,11500000,3,True,Assets\Plugins\Assembly-CSharp-firstpass\UghSprite.cs.meta
Assets\GameObject\BuyCoinsPrefab.prefab,84dedd87b078241ae96d152250730014,11500000,3,True,Assets\Plugins\Assembly-CSharp-firstpass\UghSprite.cs.meta
Assets\GameObject\BuyCoinsPrefab.prefab,b88ab20c864889e81141f2df8a116b5b,11500000,3,True,Assets\Plugins\Assembly-CSharp-firstpass\UghText.cs.meta
Assets\GameObject\BuyCoinsPrefab.prefab,7a1d7e408882e95bdbe76a76d6f51e1c,11500000,3,True,Assets\Plugins\Assembly-CSharp-firstpass\UghButton.cs.meta
Assets\GameObject\BuyCoinsPrefab.prefab,e171dc7613dc84903f6b62f321860d38,11500000,3,True,Assets\Plugins\Assembly-CSharp-firstpass\UghAlign.cs.meta
Assets\GameObject\BuyCoinsPrefab.prefab,24a3aac8fd9959f47e2e0b2c5f17dcaf,11500000,3,True,Assets\Plugins\Assembly-CSharp-firstpass\UghStretch.cs.meta
Assets\GameObject\BuyCoinsPrefab.prefab,37f7f55b9e42c1f93a9e2f21ade5cf08,11500000,3,True,Assets\Scripts\Assembly-CSharp\InputBlocker.cs.meta
Assets\GameObject\Cart Paint Job.prefab,830eac0e37f2cd61006b6dbe2661d732,11500000,3,True,Assets\Scripts\Assembly-CSharp\EquipPaintJobAchievementListener.cs.meta
Assets\GameObject\CartCustomizerMenu.prefab,388506d50e9b7146853336b044777b7a,11500000,3,True,Assets\Scripts\Assembly-CSharp\CartCustomizerPublisher.cs.meta
Assets\GameObject\CartCustomizerMenu.prefab,e6abb777ccb478136485680a1f1057d0,11500000,3,True,Assets\Scripts\Assembly-CSharp\FrontEndTutorialHandler.cs.meta
Assets\GameObject\CartCustomizerMenu.prefab,7a1d7e408882e95bdbe76a76d6f51e1c,11500000,3,True,Assets\Plugins\Assembly-CSharp-firstpass\UghButton.cs.meta
Assets\GameObject\CartCustomizerMenu.prefab,7a1d7e408882e95bdbe76a76d6f51e1c,11500000,3,True,Assets\Plugins\Assembly-CSharp-firstpass\UghButton.cs.meta
Assets\GameObject\CartCustomizerMenu.prefab,7a1d7e408882e95bdbe76a76d6f51e1c,11500000,3,True,Assets\Plugins\Assembly-CSharp-firstpass\UghButton.cs.meta
Assets\GameObject\CartCustomizerMenu.prefab,84dedd87b078241ae96d152250730014,11500000,3,True,Assets\Plugins\Assembly-CSharp-firstpass\UghSprite.cs.meta
Assets\GameObject\CartCustomizerMenu.prefab,b88ab20c864889e81141f2df8a116b5b,11500000,3,True,Assets\Plugins\Assembly-CSharp-firstpass\UghText.cs.meta
Assets\GameObject\CartCustomizerMenu.prefab,b88ab20c864889e81141f2df8a116b5b,11500000,3,True,Assets\Plugins\Assembly-CSharp-firstpass\UghText.cs.meta
Assets\GameObject\CartCustomizerMenu.prefab,7a1d7e408882e95bdbe76a76d6f51e1c,11500000,3,True,Assets\Plugins\Assembly-CSharp-firstpass\UghButton.cs.meta
Assets\GameObject\CartCustomizerMenu.prefab,84dedd87b078241ae96d152250730014,11500000,3,True,Assets\Plugins\Assembly-CSharp-firstpass\UghSprite.cs.meta
Assets\GameObject\CartCustomizerMenu.prefab,e171dc7613dc84903f6b62f321860d38,11500000,3,True,Assets\Plugins\Assembly-CSharp-firstpass\UghAlign.cs.meta
Assets\GameObject\CartCustomizerMenu.prefab,84dedd87b078241ae96d152250730014,11500000,3,True,Assets\Plugins\Assembly-CSharp-firstpass\UghSprite.cs.meta
Assets\GameObject\CartCustomizerMenu.prefab,f913b3d4483bbea8448207e2623c98fe,11500000,3,True,Assets\Plugins\Assembly-CSharp-firstpass\UghToggle.cs.meta
Assets\GameObject\CartCustomizerMenu.prefab,9d8ad2767be83e27c9302b89d2b37ab6,11500000,3,True,Assets\Scripts\Assembly-CSharp\ShiftContentsOnToggleDown.cs.meta
Assets\GameObject\CartCustomizerMenu.prefab,84dedd87b078241ae96d152250730014,11500000,3,True,Assets\Plugins\Assembly-CSharp-firstpass\UghSprite.cs.meta
Assets\GameObject\CartCustomizerMenu.prefab,7a1d7e408882e95bdbe76a76d6f51e1c,11500000,3,True,Assets\Plugins\Assembly-CSharp-firstpass\UghButton.cs.meta
Assets\GameObject\CartCustomizerMenu.prefab,f913b3d4483bbea8448207e2623c98fe,11500000,3,True,Assets\Plugins\Assembly-CSharp-firstpass\UghToggle.cs.meta
Assets\GameObject\CartCustomizerMenu.prefab,9d8ad2767be83e27c9302b89d2b37ab6,11500000,3,True,Assets\Scripts\Assembly-CSharp\ShiftContentsOnToggleDown.cs.meta
Assets\GameObject\CartCustomizerMenu.prefab,84dedd87b078241ae96d152250730014,11500000,3,True,Assets\Plugins\Assembly-CSharp-firstpass\UghSprite.cs.meta
Assets\GameObject\CartCustomizerMenu.prefab,f913b3d4483bbea8448207e2623c98fe,11500000,3,True,Assets\Plugins\Assembly-CSharp-firstpass\UghToggle.cs.meta
Assets\GameObject\CartCustomizerMenu.prefab,9d8ad2767be83e27c9302b89d2b37ab6,11500000,3,True,Assets\Scripts\Assembly-CSharp\ShiftContentsOnToggleDown.cs.meta
Assets\GameObject\CartCustomizerMenu.prefab,84dedd87b078241ae96d152250730014,11500000,3,True,Assets\Plugins\Assembly-CSharp-firstpass\UghSprite.cs.meta
Assets\GameObject\CartCustomizerMenu.prefab,f913b3d4483bbea8448207e2623c98fe,11500000,3,True,Assets\Plugins\Assembly-CSharp-firstpass\UghToggle.cs.meta
Assets\GameObject\CartCustomizerMenu.prefab,9d8ad2767be83e27c9302b89d2b37ab6,11500000,3,True,Assets\Scripts\Assembly-CSharp\ShiftContentsOnToggleDown.cs.meta
Assets\GameObject\CartCustomizerMenu.prefab,84dedd87b078241ae96d152250730014,11500000,3,True,Assets\Plugins\Assembly-CSharp-firstpass\UghSprite.cs.meta
Assets\GameObject\CartCustomizerMenu.prefab,f913b3d4483bbea8448207e2623c98fe,11500000,3,True,Assets\Plugins\Assembly-CSharp-firstpass\UghToggle.cs.meta
Assets\GameObject\CartCustomizerMenu.prefab,9d8ad2767be83e27c9302b89d2b37ab6,11500000,3,True,Assets\Scripts\Assembly-CSharp\ShiftContentsOnToggleDown.cs.meta
Assets\GameObject\CartCustomizerMenu.prefab,84dedd87b078241ae96d152250730014,11500000,3,True,Assets\Plugins\Assembly-CSharp-firstpass\UghSprite.cs.meta
Assets\GameObject\CartCustomizerMenu.prefab,e171dc7613dc84903f6b62f321860d38,11500000,3,True,Assets\Plugins\Assembly-CSharp-firstpass\UghAlign.cs.meta
Assets\GameObject\CartCustomizerMenu.prefab,84dedd87b078241ae96d152250730014,11500000,3,True,Assets\Plugins\Assembly-CSharp-firstpass\UghSprite.cs.meta
Assets\GameObject\CartCustomizerMenu.prefab,f913b3d4483bbea8448207e2623c98fe,11500000,3,True,Assets\Plugins\Assembly-CSharp-firstpass\UghToggle.cs.meta
Assets\GameObject\CartCustomizerMenu.prefab,9d8ad2767be83e27c9302b89d2b37ab6,11500000,3,True,Assets\Scripts\Assembly-CSharp\ShiftContentsOnToggleDown.cs.meta
Assets\GameObject\CartCustomizerMenu.prefab,84dedd87b078241ae96d152250730014,11500000,3,True,Assets\Plugins\Assembly-CSharp-firstpass\UghSprite.cs.meta
Assets\GameObject\CartCustomizerMenu.prefab,f913b3d4483bbea8448207e2623c98fe,11500000,3,True,Assets\Plugins\Assembly-CSharp-firstpass\UghToggle.cs.meta
Assets\GameObject\CartCustomizerMenu.prefab,9d8ad2767be83e27c9302b89d2b37ab6,11500000,3,True,Assets\Scripts\Assembly-CSharp\ShiftContentsOnToggleDown.cs.meta
Assets\GameObject\CartCustomizerMenu.prefab,84dedd87b078241ae96d152250730014,11500000,3,True,Assets\Plugins\Assembly-CSharp-firstpass\UghSprite.cs.meta
Assets\GameObject\CartCustomizerMenu.prefab,f913b3d4483bbea8448207e2623c98fe,11500000,3,True,Assets\Plugins\Assembly-CSharp-firstpass\UghToggle.cs.meta
Assets\GameObject\CartCustomizerMenu.prefab,9d8ad2767be83e27c9302b89d2b37ab6,11500000,3,True,Assets\Scripts\Assembly-CSharp\ShiftContentsOnToggleDown.cs.meta
Assets\GameObject\CartCustomizerMenu.prefab,84dedd87b078241ae96d152250730014,11500000,3,True,Assets\Plugins\Assembly-CSharp-firstpass\UghSprite.cs.meta
Assets\GameObject\CartCustomizerMenu.prefab,e171dc7613dc84903f6b62f321860d38,11500000,3,True,Assets\Plugins\Assembly-CSharp-firstpass\UghAlign.cs.meta
Assets\GameObject\CartCustomizerMenu.prefab,b88ab20c864889e81141f2df8a116b5b,11500000,3,True,Assets\Plugins\Assembly-CSharp-firstpass\UghText.cs.meta
Assets\GameObject\CartCustomizerMenu.prefab,84dedd87b078241ae96d152250730014,11500000,3,True,Assets\Plugins\Assembly-CSharp-firstpass\UghSprite.cs.meta
Assets\GameObject\CartCustomizerMenu.prefab,84dedd87b078241ae96d152250730014,11500000,3,True,Assets\Plugins\Assembly-CSharp-firstpass\UghSprite.cs.meta
Assets\GameObject\CartCustomizerMenu.prefab,84dedd87b078241ae96d152250730014,11500000,3,True,Assets\Plugins\Assembly-CSharp-firstpass\UghSprite.cs.meta
Assets\GameObject\CartCustomizerMenu.prefab,84dedd87b078241ae96d152250730014,11500000,3,True,Assets\Plugins\Assembly-CSharp-firstpass\UghSprite.cs.meta
Assets\GameObject\CartCustomizerMenu.prefab,84dedd87b078241ae96d152250730014,11500000,3,True,Assets\Plugins\Assembly-CSharp-firstpass\UghSprite.cs.meta
Assets\GameObject\CartCustomizerMenu.prefab,84dedd87b078241ae96d152250730014,11500000,3,True,Assets\Plugins\Assembly-CSharp-firstpass\UghSprite.cs.meta
Assets\GameObject\CartCustomizerMenu.prefab,84dedd87b078241ae96d152250730014,11500000,3,True,Assets\Plugins\Assembly-CSharp-firstpass\UghSprite.cs.meta
Assets\GameObject\CartCustomizerMenu.prefab,84dedd87b078241ae96d152250730014,11500000,3,True,Assets\Plugins\Assembly-CSharp-firstpass\UghSprite.cs.meta
Assets\GameObject\CartCustomizerMenu.prefab,84dedd87b078241ae96d152250730014,11500000,3,True,Assets\Plugins\Assembly-CSharp-firstpass\UghSprite.cs.meta
Assets\GameObject\CartCustomizerMenu.prefab,84dedd87b078241ae96d152250730014,11500000,3,True,Assets\Plugins\Assembly-CSharp-firstpass\UghSprite.cs.meta
Assets\GameObject\CartCustomizerMenu.prefab,84dedd87b078241ae96d152250730014,11500000,3,True,Assets\Plugins\Assembly-CSharp-firstpass\UghSprite.cs.meta
Assets\GameObject\CartCustomizerMenu.prefab,84dedd87b078241ae96d152250730014,11500000,3,True,Assets\Plugins\Assembly-CSharp-firstpass\UghSprite.cs.meta
Assets\GameObject\CartCustomizerMenu.prefab,b88ab20c864889e81141f2df8a116b5b,11500000,3,True,Assets\Plugins\Assembly-CSharp-firstpass\UghText.cs.meta
Assets\GameObject\CartCustomizerMenu.prefab,84dedd87b078241ae96d152250730014,11500000,3,True,Assets\Plugins\Assembly-CSharp-firstpass\UghSprite.cs.meta
Assets\GameObject\CartCustomizerMenu.prefab,7a1d7e408882e95bdbe76a76d6f51e1c,11500000,3,True,Assets\Plugins\Assembly-CSharp-firstpass\UghButton.cs.meta
Assets\GameObject\CartCustomizerMenu.prefab,82fef056bec561257dcb3d983f402f41,11500000,3,True,Assets\Scripts\Assembly-CSharp\ShiftContentsOnButtonDown.cs.meta
Assets\GameObject\CartCustomizerMenu.prefab,b88ab20c864889e81141f2df8a116b5b,11500000,3,True,Assets\Plugins\Assembly-CSharp-firstpass\UghText.cs.meta
Assets\GameObject\CartCustomizerMenu.prefab,84dedd87b078241ae96d152250730014,11500000,3,True,Assets\Plugins\Assembly-CSharp-firstpass\UghSprite.cs.meta
Assets\GameObject\CartCustomizerMenu.prefab,7a1d7e408882e95bdbe76a76d6f51e1c,11500000,3,True,Assets\Plugins\Assembly-CSharp-firstpass\UghButton.cs.meta
Assets\GameObject\CartCustomizerMenu.prefab,84dedd87b078241ae96d152250730014,11500000,3,True,Assets\Plugins\Assembly-CSharp-firstpass\UghSprite.cs.meta
Assets\GameObject\CartCustomizerMenu.prefab,84dedd87b078241ae96d152250730014,11500000,3,True,Assets\Plugins\Assembly-CSharp-firstpass\UghSprite.cs.meta
Assets\GameObject\CartCustomizerMenu.prefab,b88ab20c864889e81141f2df8a116b5b,11500000,3,True,Assets\Plugins\Assembly-CSharp-firstpass\UghText.cs.meta
Assets\GameObject\CartCustomizerMenu.prefab,b88ab20c864889e81141f2df8a116b5b,11500000,3,True,Assets\Plugins\Assembly-CSharp-firstpass\UghText.cs.meta
Assets\GameObject\CartCustomizerMenu.prefab,7a1d7e408882e95bdbe76a76d6f51e1c,11500000,3,True,Assets\Plugins\Assembly-CSharp-firstpass\UghButton.cs.meta
Assets\GameObject\CartCustomizerMenu.prefab,82fef056bec561257dcb3d983f402f41,11500000,3,True,Assets\Scripts\Assembly-CSharp\ShiftContentsOnButtonDown.cs.meta
Assets\GameObject\CartCustomizerMenu.prefab,b88ab20c864889e81141f2df8a116b5b,11500000,3,True,Assets\Plugins\Assembly-CSharp-firstpass\UghText.cs.meta
Assets\GameObject\CartCustomizerMenu.prefab,7a1d7e408882e95bdbe76a76d6f51e1c,11500000,3,True,Assets\Plugins\Assembly-CSharp-firstpass\UghButton.cs.meta
Assets\GameObject\CartCustomizerMenu.prefab,82fef056bec561257dcb3d983f402f41,11500000,3,True,Assets\Scripts\Assembly-CSharp\ShiftContentsOnButtonDown.cs.meta
Assets\GameObject\CartCustomizerMenu.prefab,b88ab20c864889e81141f2df8a116b5b,11500000,3,True,Assets\Plugins\Assembly-CSharp-firstpass\UghText.cs.meta
Assets\GameObject\CartCustomizerMenu.prefab,84dedd87b078241ae96d152250730014,11500000,3,True,Assets\Plugins\Assembly-CSharp-firstpass\UghSprite.cs.meta
Assets\GameObject\CartCustomizerMenu.prefab,84dedd87b078241ae96d152250730014,11500000,3,True,Assets\Plugins\Assembly-CSharp-firstpass\UghSprite.cs.meta
Assets\GameObject\CartCustomizerMenu.prefab,84dedd87b078241ae96d152250730014,11500000,3,True,Assets\Plugins\Assembly-CSharp-firstpass\UghSprite.cs.meta
Assets\GameObject\CartCustomizerMenu.prefab,84dedd87b078241ae96d152250730014,11500000,3,True,Assets\Plugins\Assembly-CSharp-firstpass\UghSprite.cs.meta
Assets\GameObject\CartCustomizerMenu.prefab,b88ab20c864889e81141f2df8a116b5b,11500000,3,True,Assets\Plugins\Assembly-CSharp-firstpass\UghText.cs.meta
Assets\GameObject\CartCustomizerMenu.prefab,84dedd87b078241ae96d152250730014,11500000,3,True,Assets\Plugins\Assembly-CSharp-firstpass\UghSprite.cs.meta
Assets\GameObject\CartCustomizerMenu.prefab,84dedd87b078241ae96d152250730014,11500000,3,True,Assets\Plugins\Assembly-CSharp-firstpass\UghSprite.cs.meta
Assets\GameObject\CartCustomizerMenu.prefab,84dedd87b078241ae96d152250730014,11500000,3,True,Assets\Plugins\Assembly-CSharp-firstpass\UghSprite.cs.meta
Assets\GameObject\CartCustomizerMenu.prefab,84dedd87b078241ae96d152250730014,11500000,3,True,Assets\Plugins\Assembly-CSharp-firstpass\UghSprite.cs.meta
Assets\GameObject\CartCustomizerMenu.prefab,b88ab20c864889e81141f2df8a116b5b,11500000,3,True,Assets\Plugins\Assembly-CSharp-firstpass\UghText.cs.meta
Assets\GameObject\CartCustomizerMenu.prefab,84dedd87b078241ae96d152250730014,11500000,3,True,Assets\Plugins\Assembly-CSharp-firstpass\UghSprite.cs.meta
Assets\GameObject\CartCustomizerMenu.prefab,b88ab20c864889e81141f2df8a116b5b,11500000,3,True,Assets\Plugins\Assembly-CSharp-firstpass\UghText.cs.meta
Assets\GameObject\CartCustomizerMenu.prefab,7a1d7e408882e95bdbe76a76d6f51e1c,11500000,3,True,Assets\Plugins\Assembly-CSharp-firstpass\UghButton.cs.meta
Assets\GameObject\CartCustomizerMenu.prefab,82fef056bec561257dcb3d983f402f41,11500000,3,True,Assets\Scripts\Assembly-CSharp\ShiftContentsOnButtonDown.cs.meta
Assets\GameObject\CartCustomizerMenu.prefab,84dedd87b078241ae96d152250730014,11500000,3,True,Assets\Plugins\Assembly-CSharp-firstpass\UghSprite.cs.meta
Assets\GameObject\CartCustomizerMenu.prefab,b88ab20c864889e81141f2df8a116b5b,11500000,3,True,Assets\Plugins\Assembly-CSharp-firstpass\UghText.cs.meta
Assets\GameObject\CartCustomizerMenu.prefab,84dedd87b078241ae96d152250730014,11500000,3,True,Assets\Plugins\Assembly-CSharp-firstpass\UghSprite.cs.meta
Assets\GameObject\CartCustomizerMenu.prefab,b88ab20c864889e81141f2df8a116b5b,11500000,3,True,Assets\Plugins\Assembly-CSharp-firstpass\UghText.cs.meta
Assets\GameObject\CartCustomizerMenu.prefab,e171dc7613dc84903f6b62f321860d38,11500000,3,True,Assets\Plugins\Assembly-CSharp-firstpass\UghAlign.cs.meta
Assets\GameObject\CartCustomizerMenu.prefab,e171dc7613dc84903f6b62f321860d38,11500000,3,True,Assets\Plugins\Assembly-CSharp-firstpass\UghAlign.cs.meta
Assets\GameObject\CartCustomizerMenu.prefab,b88ab20c864889e81141f2df8a116b5b,11500000,3,True,Assets\Plugins\Assembly-CSharp-firstpass\UghText.cs.meta
Assets\GameObject\CartCustomizerMenu.prefab,84dedd87b078241ae96d152250730014,11500000,3,True,Assets\Plugins\Assembly-CSharp-firstpass\UghSprite.cs.meta
Assets\GameObject\CartPartList.prefab,a7b7c2de44ea609774f47a1737f36f09,11500000,3,True,Assets\Scripts\Assembly-CSharp\CartPartList.cs.meta
Assets\GameObject\CartPartList.prefab,dbb3fb575fc790a316a4745d71ed4c70,11500000,3,True,Assets\Plugins\Assembly-CSharp-firstpass\ExternalPersistentArchive.cs.meta
Assets\GameObject\CartPrimaryTextureProfile.prefab,63c96e9a6487f47e0e115ad279182fe0,11500000,3,True,Assets\Scripts\Assembly-CSharp\CompositeProfile.cs.meta
Assets\GameObject\CartPrimaryTextureProfile.prefab,3d7ca5eee8d4ceab8e68d3786efd8ee6,11500000,3,True,Assets\Scripts\Assembly-CSharp\CartPrimaryTextureProfile.cs.meta
Assets\GameObject\CharacterSelectMenu.prefab,6fe5b67416ed02b5cf24e9c86a3fa9a6,11500000,3,True,Assets\Scripts\Assembly-CSharp\CharacterSelectPublisher.cs.meta
Assets\GameObject\CharacterSelectMenu.prefab,e6abb777ccb478136485680a1f1057d0,11500000,3,True,Assets\Scripts\Assembly-CSharp\FrontEndTutorialHandler.cs.meta
Assets\GameObject\CharacterSelectMenu.prefab,7a1d7e408882e95bdbe76a76d6f51e1c,11500000,3,True,Assets\Plugins\Assembly-CSharp-firstpass\UghButton.cs.meta
Assets\GameObject\CharacterSelectMenu.prefab,7a1d7e408882e95bdbe76a76d6f51e1c,11500000,3,True,Assets\Plugins\Assembly-CSharp-firstpass\UghButton.cs.meta
Assets\GameObject\CharacterSelectMenu.prefab,e171dc7613dc84903f6b62f321860d38,11500000,3,True,Assets\Plugins\Assembly-CSharp-firstpass\UghAlign.cs.meta
Assets\GameObject\CharacterSelectMenu.prefab,b88ab20c864889e81141f2df8a116b5b,11500000,3,True,Assets\Plugins\Assembly-CSharp-firstpass\UghText.cs.meta
Assets\GameObject\CharacterSelectMenu.prefab,7a1d7e408882e95bdbe76a76d6f51e1c,11500000,3,True,Assets\Plugins\Assembly-CSharp-firstpass\UghButton.cs.meta
Assets\GameObject\CharacterSelectMenu.prefab,82fef056bec561257dcb3d983f402f41,11500000,3,True,Assets\Scripts\Assembly-CSharp\ShiftContentsOnButtonDown.cs.meta
Assets\GameObject\CharacterSelectMenu.prefab,84dedd87b078241ae96d152250730014,11500000,3,True,Assets\Plugins\Assembly-CSharp-firstpass\UghSprite.cs.meta
Assets\GameObject\CharacterSelectMenu.prefab,b88ab20c864889e81141f2df8a116b5b,11500000,3,True,Assets\Plugins\Assembly-CSharp-firstpass\UghText.cs.meta
Assets\GameObject\CharacterSelectMenu.prefab,b88ab20c864889e81141f2df8a116b5b,11500000,3,True,Assets\Plugins\Assembly-CSharp-firstpass\UghText.cs.meta
Assets\GameObject\CharacterSelectMenu.prefab,84dedd87b078241ae96d152250730014,11500000,3,True,Assets\Plugins\Assembly-CSharp-firstpass\UghSprite.cs.meta
Assets\GameObject\CharacterSelectMenu.prefab,84dedd87b078241ae96d152250730014,11500000,3,True,Assets\Plugins\Assembly-CSharp-firstpass\UghSprite.cs.meta
Assets\GameObject\CharacterSelectMenu.prefab,b88ab20c864889e81141f2df8a116b5b,11500000,3,True,Assets\Plugins\Assembly-CSharp-firstpass\UghText.cs.meta
Assets\GameObject\CharacterSelectMenu.prefab,e171dc7613dc84903f6b62f321860d38,11500000,3,True,Assets\Plugins\Assembly-CSharp-firstpass\UghAlign.cs.meta
Assets\GameObject\CharacterSelectMenu.prefab,b88ab20c864889e81141f2df8a116b5b,11500000,3,True,Assets\Plugins\Assembly-CSharp-firstpass\UghText.cs.meta
Assets\GameObject\CharacterSelectMenu.prefab,84dedd87b078241ae96d152250730014,11500000,3,True,Assets\Plugins\Assembly-CSharp-firstpass\UghSprite.cs.meta
Assets\GameObject\Coin Balance x100_000.prefab,319fa6d34ada978d1fbbf6e5d3749fb3,11500000,3,True,Assets\Scripts\Assembly-CSharp\CoinBalanceAchievementListener.cs.meta
Assets\GameObject\Coin Balance x10_000.prefab,319fa6d34ada978d1fbbf6e5d3749fb3,11500000,3,True,Assets\Scripts\Assembly-CSharp\CoinBalanceAchievementListener.cs.meta
Assets\GameObject\Coin Balance x1_000.prefab,319fa6d34ada978d1fbbf6e5d3749fb3,11500000,3,True,Assets\Scripts\Assembly-CSharp\CoinBalanceAchievementListener.cs.meta
Assets\GameObject\Coin.prefab,ecd963ea24e3c4b796a911938a389c9b,11500000,3,True,Assets\Scripts\Assembly-CSharp\Coin.cs.meta
Assets\GameObject\Coin.prefab,71c30d28ad73b040f6e74d951b378742,11500000,3,True,Assets\Scripts\Assembly-CSharp\ObjectTrackDistanceLogic.cs.meta
Assets\GameObject\Collect a Powerup Tutorial.prefab,f7f392555a1a1efbaf8449a3b5fecd50,11500000,3,True,Assets\Scripts\Assembly-CSharp\CollectPowerupMission.cs.meta
Assets\GameObject\Combine a Powerup Tutorial.prefab,1b193f9cba556832b85ac63204398d60,11500000,3,True,Assets\Scripts\Assembly-CSharp\CombinePowerupMission.cs.meta
Assets\GameObject\Complete All Achievements.prefab,224fb2e8a08eb44d2ce37863db221a45,11500000,3,True,Assets\Scripts\Assembly-CSharp\CompleteAllMissionsAchievementListener.cs.meta
Assets\GameObject\Confirmation Popup.prefab,d7ffa5bbc73ed4bdea5b421e48017fe6,11500000,3,True,Assets\Scripts\Assembly-CSharp\ConfirmationPublisher.cs.meta
Assets\GameObject\Confirmation Popup.prefab,84dedd87b078241ae96d152250730014,11500000,3,True,Assets\Plugins\Assembly-CSharp-firstpass\UghSprite.cs.meta
Assets\GameObject\Confirmation Popup.prefab,b88ab20c864889e81141f2df8a116b5b,11500000,3,True,Assets\Plugins\Assembly-CSharp-firstpass\UghText.cs.meta
Assets\GameObject\Confirmation Popup.prefab,7a1d7e408882e95bdbe76a76d6f51e1c,11500000,3,True,Assets\Plugins\Assembly-CSharp-firstpass\UghButton.cs.meta
Assets\GameObject\Confirmation Popup.prefab,82fef056bec561257dcb3d983f402f41,11500000,3,True,Assets\Scripts\Assembly-CSharp\ShiftContentsOnButtonDown.cs.meta
Assets\GameObject\Confirmation Popup.prefab,b88ab20c864889e81141f2df8a116b5b,11500000,3,True,Assets\Plugins\Assembly-CSharp-firstpass\UghText.cs.meta
Assets\GameObject\Confirmation Popup.prefab,7a1d7e408882e95bdbe76a76d6f51e1c,11500000,3,True,Assets\Plugins\Assembly-CSharp-firstpass\UghButton.cs.meta
Assets\GameObject\Confirmation Popup.prefab,82fef056bec561257dcb3d983f402f41,11500000,3,True,Assets\Scripts\Assembly-CSharp\ShiftContentsOnButtonDown.cs.meta
Assets\GameObject\Confirmation Popup.prefab,b88ab20c864889e81141f2df8a116b5b,11500000,3,True,Assets\Plugins\Assembly-CSharp-firstpass\UghText.cs.meta
Assets\GameObject\Confirmation Popup.prefab,7a1d7e408882e95bdbe76a76d6f51e1c,11500000,3,True,Assets\Plugins\Assembly-CSharp-firstpass\UghButton.cs.meta
Assets\GameObject\Confirmation Popup.prefab,e171dc7613dc84903f6b62f321860d38,11500000,3,True,Assets\Plugins\Assembly-CSharp-firstpass\UghAlign.cs.meta
Assets\GameObject\Confirmation Popup.prefab,24a3aac8fd9959f47e2e0b2c5f17dcaf,11500000,3,True,Assets\Plugins\Assembly-CSharp-firstpass\UghStretch.cs.meta
Assets\GameObject\Confirmation Popup.prefab,37f7f55b9e42c1f93a9e2f21ade5cf08,11500000,3,True,Assets\Scripts\Assembly-CSharp\InputBlocker.cs.meta
Assets\GameObject\Crash.prefab,8f5e0a7b962508adf616efe9e2d068b1,11500000,3,True,Assets\Scripts\Assembly-CSharp\CartPart.cs.meta
Assets\GameObject\Credits Screen.prefab,54f87912afb6b6a1b07b3f9c784bd1d6,11500000,3,True,Assets\Scripts\Assembly-CSharp\CreditsPublisher.cs.meta
Assets\GameObject\Credits Screen.prefab,7a1d7e408882e95bdbe76a76d6f51e1c,11500000,3,True,Assets\Plugins\Assembly-CSharp-firstpass\UghButton.cs.meta
Assets\GameObject\Credits Screen.prefab,82fef056bec561257dcb3d983f402f41,11500000,3,True,Assets\Scripts\Assembly-CSharp\ShiftContentsOnButtonDown.cs.meta
Assets\GameObject\Credits Screen.prefab,84dedd87b078241ae96d152250730014,11500000,3,True,Assets\Plugins\Assembly-CSharp-firstpass\UghSprite.cs.meta
Assets\GameObject\Credits Screen.prefab,84dedd87b078241ae96d152250730014,11500000,3,True,Assets\Plugins\Assembly-CSharp-firstpass\UghSprite.cs.meta
Assets\GameObject\Credits Screen.prefab,b88ab20c864889e81141f2df8a116b5b,11500000,3,True,Assets\Plugins\Assembly-CSharp-firstpass\UghText.cs.meta
Assets\GameObject\Credits Screen.prefab,b88ab20c864889e81141f2df8a116b5b,11500000,3,True,Assets\Plugins\Assembly-CSharp-firstpass\UghText.cs.meta
Assets\GameObject\Credits Screen.prefab,84dedd87b078241ae96d152250730014,11500000,3,True,Assets\Plugins\Assembly-CSharp-firstpass\UghSprite.cs.meta
Assets\GameObject\Credits Screen.prefab,84dedd87b078241ae96d152250730014,11500000,3,True,Assets\Plugins\Assembly-CSharp-firstpass\UghSprite.cs.meta
Assets\GameObject\Credits Screen.prefab,84dedd87b078241ae96d152250730014,11500000,3,True,Assets\Plugins\Assembly-CSharp-firstpass\UghSprite.cs.meta
Assets\GameObject\Credits Screen.prefab,7a1d7e408882e95bdbe76a76d6f51e1c,11500000,3,True,Assets\Plugins\Assembly-CSharp-firstpass\UghButton.cs.meta
Assets\GameObject\Credits Screen.prefab,82fef056bec561257dcb3d983f402f41,11500000,3,True,Assets\Scripts\Assembly-CSharp\ShiftContentsOnButtonDown.cs.meta
Assets\GameObject\Credits Screen.prefab,b88ab20c864889e81141f2df8a116b5b,11500000,3,True,Assets\Plugins\Assembly-CSharp-firstpass\UghText.cs.meta
Assets\GameObject\Credits Screen.prefab,7a1d7e408882e95bdbe76a76d6f51e1c,11500000,3,True,Assets\Plugins\Assembly-CSharp-firstpass\UghButton.cs.meta
Assets\GameObject\Credits Screen.prefab,82fef056bec561257dcb3d983f402f41,11500000,3,True,Assets\Scripts\Assembly-CSharp\ShiftContentsOnButtonDown.cs.meta
Assets\GameObject\Credits Screen.prefab,b88ab20c864889e81141f2df8a116b5b,11500000,3,True,Assets\Plugins\Assembly-CSharp-firstpass\UghText.cs.meta
Assets\GameObject\Credits Screen.prefab,7a1d7e408882e95bdbe76a76d6f51e1c,11500000,3,True,Assets\Plugins\Assembly-CSharp-firstpass\UghButton.cs.meta
Assets\GameObject\Credits Screen.prefab,82fef056bec561257dcb3d983f402f41,11500000,3,True,Assets\Scripts\Assembly-CSharp\ShiftContentsOnButtonDown.cs.meta
Assets\GameObject\Credits Screen.prefab,b88ab20c864889e81141f2df8a116b5b,11500000,3,True,Assets\Plugins\Assembly-CSharp-firstpass\UghText.cs.meta
Assets\GameObject\Credits Screen.prefab,b88ab20c864889e81141f2df8a116b5b,11500000,3,True,Assets\Plugins\Assembly-CSharp-firstpass\UghText.cs.meta
Assets\GameObject\Credits Screen.prefab,b88ab20c864889e81141f2df8a116b5b,11500000,3,True,Assets\Plugins\Assembly-CSharp-firstpass\UghText.cs.meta
Assets\GameObject\Credits Screen.prefab,b88ab20c864889e81141f2df8a116b5b,11500000,3,True,Assets\Plugins\Assembly-CSharp-firstpass\UghText.cs.meta
Assets\GameObject\Credits Screen.prefab,b88ab20c864889e81141f2df8a116b5b,11500000,3,True,Assets\Plugins\Assembly-CSharp-firstpass\UghText.cs.meta
Assets\GameObject\Credits Screen.prefab,7a1d7e408882e95bdbe76a76d6f51e1c,11500000,3,True,Assets\Plugins\Assembly-CSharp-firstpass\UghButton.cs.meta
Assets\GameObject\Credits Screen.prefab,b88ab20c864889e81141f2df8a116b5b,11500000,3,True,Assets\Plugins\Assembly-CSharp-firstpass\UghText.cs.meta
Assets\GameObject\Cross Finish Line Backwards.prefab,1cf675ffa26f8802b7243a982eeab2fe,11500000,3,True,Assets\Scripts\Assembly-CSharp\CrossFinishLineBackwardsAchievementListener.cs.meta
Assets\GameObject\Daily Bonus.prefab,bfc2b0ea97d99f22d780e2c128798b50,11500000,3,True,Assets\Scripts\Assembly-CSharp\DailyBonusPublisher.cs.meta
Assets\GameObject\Daily Bonus.prefab,7a1d7e408882e95bdbe76a76d6f51e1c,11500000,3,True,Assets\Plugins\Assembly-CSharp-firstpass\UghButton.cs.meta
Assets\GameObject\Daily Bonus.prefab,e171dc7613dc84903f6b62f321860d38,11500000,3,True,Assets\Plugins\Assembly-CSharp-firstpass\UghAlign.cs.meta
Assets\GameObject\Daily Bonus.prefab,24a3aac8fd9959f47e2e0b2c5f17dcaf,11500000,3,True,Assets\Plugins\Assembly-CSharp-firstpass\UghStretch.cs.meta
Assets\GameObject\Daily Bonus.prefab,37f7f55b9e42c1f93a9e2f21ade5cf08,11500000,3,True,Assets\Scripts\Assembly-CSharp\InputBlocker.cs.meta
Assets\GameObject\Daily Bonus.prefab,84dedd87b078241ae96d152250730014,11500000,3,True,Assets\Plugins\Assembly-CSharp-firstpass\UghSprite.cs.meta
Assets\GameObject\Daily Bonus.prefab,b88ab20c864889e81141f2df8a116b5b,11500000,3,True,Assets\Plugins\Assembly-CSharp-firstpass\UghText.cs.meta
Assets\GameObject\Daily Bonus.prefab,7a1d7e408882e95bdbe76a76d6f51e1c,11500000,3,True,Assets\Plugins\Assembly-CSharp-firstpass\UghButton.cs.meta
Assets\GameObject\Daily Bonus.prefab,84dedd87b078241ae96d152250730014,11500000,3,True,Assets\Plugins\Assembly-CSharp-firstpass\UghSprite.cs.meta
Assets\GameObject\Daily Bonus.prefab,84dedd87b078241ae96d152250730014,11500000,3,True,Assets\Plugins\Assembly-CSharp-firstpass\UghSprite.cs.meta
Assets\GameObject\Daily Bonus.prefab,b88ab20c864889e81141f2df8a116b5b,11500000,3,True,Assets\Plugins\Assembly-CSharp-firstpass\UghText.cs.meta
Assets\GameObject\Daily Bonus.prefab,84dedd87b078241ae96d152250730014,11500000,3,True,Assets\Plugins\Assembly-CSharp-firstpass\UghSprite.cs.meta
Assets\GameObject\Daily Bonus.prefab,84dedd87b078241ae96d152250730014,11500000,3,True,Assets\Plugins\Assembly-CSharp-firstpass\UghSprite.cs.meta
Assets\GameObject\Daily Bonus.prefab,b88ab20c864889e81141f2df8a116b5b,11500000,3,True,Assets\Plugins\Assembly-CSharp-firstpass\UghText.cs.meta
Assets\GameObject\Daily Bonus.prefab,b88ab20c864889e81141f2df8a116b5b,11500000,3,True,Assets\Plugins\Assembly-CSharp-firstpass\UghText.cs.meta
Assets\GameObject\Danville Arena.prefab,14938888863ffa5c373b8f39c15c49ed,11500000,3,True,Assets\Scripts\Assembly-CSharp\RaceSettings.cs.meta
Assets\GameObject\Danville River.prefab,14938888863ffa5c373b8f39c15c49ed,11500000,3,True,Assets\Scripts\Assembly-CSharp\RaceSettings.cs.meta
Assets\GameObject\DEBUG.prefab,14938888863ffa5c373b8f39c15c49ed,11500000,3,True,Assets\Scripts\Assembly-CSharp\RaceSettings.cs.meta
Assets\GameObject\Dipper.prefab,8f5e0a7b962508adf616efe9e2d068b1,11500000,3,True,Assets\Scripts\Assembly-CSharp\CartPart.cs.meta
Assets\GameObject\Dirt Devils.prefab,14938888863ffa5c373b8f39c15c49ed,11500000,3,True,Assets\Scripts\Assembly-CSharp\RaceSettings.cs.meta
Assets\GameObject\Doof's Tower.prefab,14938888863ffa5c373b8f39c15c49ed,11500000,3,True,Assets\Scripts\Assembly-CSharp\RaceSettings.cs.meta
Assets\GameObject\Drift Boost Tutorial.prefab,298e04ff7d0dd026b79709b40aa61c05,11500000,3,True,Assets\Scripts\Assembly-CSharp\DriftMission.cs.meta
Assets\GameObject\Drift Scale.prefab,1d99deb47956c4160f7336c41b2b5b64,11500000,3,True,Assets\Scripts\Assembly-CSharp\DriftScalePublisher.cs.meta
Assets\GameObject\Drift Scale.prefab,b88ab20c864889e81141f2df8a116b5b,11500000,3,True,Assets\Plugins\Assembly-CSharp-firstpass\UghText.cs.meta
Assets\GameObject\Drift Scale.prefab,b88ab20c864889e81141f2df8a116b5b,11500000,3,True,Assets\Plugins\Assembly-CSharp-firstpass\UghText.cs.meta
Assets\GameObject\Drift Scale.prefab,b88ab20c864889e81141f2df8a116b5b,11500000,3,True,Assets\Plugins\Assembly-CSharp-firstpass\UghText.cs.meta
Assets\GameObject\Drift Scale.prefab,84dedd87b078241ae96d152250730014,11500000,3,True,Assets\Plugins\Assembly-CSharp-firstpass\UghSprite.cs.meta
Assets\GameObject\Drift Scale.prefab,84dedd87b078241ae96d152250730014,11500000,3,True,Assets\Plugins\Assembly-CSharp-firstpass\UghSprite.cs.meta
Assets\GameObject\Drift Scale.prefab,84dedd87b078241ae96d152250730014,11500000,3,True,Assets\Plugins\Assembly-CSharp-firstpass\UghSprite.cs.meta
Assets\GameObject\Drift Scale.prefab,84dedd87b078241ae96d152250730014,11500000,3,True,Assets\Plugins\Assembly-CSharp-firstpass\UghSprite.cs.meta
Assets\GameObject\Drift Scale.prefab,b88ab20c864889e81141f2df8a116b5b,11500000,3,True,Assets\Plugins\Assembly-CSharp-firstpass\UghText.cs.meta
Assets\GameObject\Drift Scale.prefab,b88ab20c864889e81141f2df8a116b5b,11500000,3,True,Assets\Plugins\Assembly-CSharp-firstpass\UghText.cs.meta
Assets\GameObject\Drift Tutorial.prefab,298e04ff7d0dd026b79709b40aa61c05,11500000,3,True,Assets\Scripts\Assembly-CSharp\DriftMission.cs.meta
Assets\GameObject\Drift.prefab,5db77d8b07b73380826e12a6a2c9f105,11500000,3,True,Assets\Scripts\Assembly-CSharp\ParticleReducer.cs.meta
Assets\GameObject\Dune Blazers Bronze.prefab,22abb528e911ba5f261a169bcda56437,11500000,3,True,Assets\Scripts\Assembly-CSharp\PaintJob.cs.meta
Assets\GameObject\Dune Blazers Copper.prefab,22abb528e911ba5f261a169bcda56437,11500000,3,True,Assets\Scripts\Assembly-CSharp\PaintJob.cs.meta
Assets\GameObject\Dune Blazers Gold.prefab,22abb528e911ba5f261a169bcda56437,11500000,3,True,Assets\Scripts\Assembly-CSharp\PaintJob.cs.meta
Assets\GameObject\Dune Blazers Silver.prefab,22abb528e911ba5f261a169bcda56437,11500000,3,True,Assets\Scripts\Assembly-CSharp\PaintJob.cs.meta
Assets\GameObject\Dune Blazers Steel.prefab,22abb528e911ba5f261a169bcda56437,11500000,3,True,Assets\Scripts\Assembly-CSharp\PaintJob.cs.meta
Assets\GameObject\Dune Scooper Bronze.prefab,22abb528e911ba5f261a169bcda56437,11500000,3,True,Assets\Scripts\Assembly-CSharp\PaintJob.cs.meta
Assets\GameObject\Dune Scooper Copper.prefab,22abb528e911ba5f261a169bcda56437,11500000,3,True,Assets\Scripts\Assembly-CSharp\PaintJob.cs.meta
Assets\GameObject\Dune Scooper Gold.prefab,22abb528e911ba5f261a169bcda56437,11500000,3,True,Assets\Scripts\Assembly-CSharp\PaintJob.cs.meta
Assets\GameObject\Dune Scooper Silver.prefab,22abb528e911ba5f261a169bcda56437,11500000,3,True,Assets\Scripts\Assembly-CSharp\PaintJob.cs.meta
Assets\GameObject\Dune Scooper Steel.prefab,22abb528e911ba5f261a169bcda56437,11500000,3,True,Assets\Scripts\Assembly-CSharp\PaintJob.cs.meta
Assets\GameObject\Dune Spoiler Black.prefab,22abb528e911ba5f261a169bcda56437,11500000,3,True,Assets\Scripts\Assembly-CSharp\PaintJob.cs.meta
Assets\GameObject\Dune Spoiler Blue.prefab,22abb528e911ba5f261a169bcda56437,11500000,3,True,Assets\Scripts\Assembly-CSharp\PaintJob.cs.meta
Assets\GameObject\Dune Spoiler Brad Custom.prefab,22abb528e911ba5f261a169bcda56437,11500000,3,True,Assets\Scripts\Assembly-CSharp\PaintJob.cs.meta
Assets\GameObject\Dune Spoiler Mike Custom.prefab,22abb528e911ba5f261a169bcda56437,11500000,3,True,Assets\Scripts\Assembly-CSharp\PaintJob.cs.meta
Assets\GameObject\Dune Spoiler Pink.prefab,22abb528e911ba5f261a169bcda56437,11500000,3,True,Assets\Scripts\Assembly-CSharp\PaintJob.cs.meta
Assets\GameObject\Dune Spoiler Purple.prefab,22abb528e911ba5f261a169bcda56437,11500000,3,True,Assets\Scripts\Assembly-CSharp\PaintJob.cs.meta
Assets\GameObject\Dune Spoiler Red.prefab,22abb528e911ba5f261a169bcda56437,11500000,3,True,Assets\Scripts\Assembly-CSharp\PaintJob.cs.meta
Assets\GameObject\Dune Stomper Black.prefab,22abb528e911ba5f261a169bcda56437,11500000,3,True,Assets\Scripts\Assembly-CSharp\PaintJob.cs.meta
Assets\GameObject\Dune Stomper Blue.prefab,22abb528e911ba5f261a169bcda56437,11500000,3,True,Assets\Scripts\Assembly-CSharp\PaintJob.cs.meta
Assets\GameObject\Dune Stomper Dipper Custom.prefab,22abb528e911ba5f261a169bcda56437,11500000,3,True,Assets\Scripts\Assembly-CSharp\PaintJob.cs.meta
Assets\GameObject\Dune Stomper Mabel Custom.prefab,22abb528e911ba5f261a169bcda56437,11500000,3,True,Assets\Scripts\Assembly-CSharp\PaintJob.cs.meta
Assets\GameObject\Dune Stomper Pink.prefab,22abb528e911ba5f261a169bcda56437,11500000,3,True,Assets\Scripts\Assembly-CSharp\PaintJob.cs.meta
Assets\GameObject\Dune Stomper Purple.prefab,22abb528e911ba5f261a169bcda56437,11500000,3,True,Assets\Scripts\Assembly-CSharp\PaintJob.cs.meta
Assets\GameObject\Dune Stomper Red.prefab,22abb528e911ba5f261a169bcda56437,11500000,3,True,Assets\Scripts\Assembly-CSharp\PaintJob.cs.meta
Assets\GameObject\Equip Level 3 Parts.prefab,b36662333e696384eaddb1e602306630,11500000,3,True,Assets\Scripts\Assembly-CSharp\EquipPartSetAchievementListener.cs.meta
Assets\GameObject\Equip Level 6 Parts.prefab,b36662333e696384eaddb1e602306630,11500000,3,True,Assets\Scripts\Assembly-CSharp\EquipPartSetAchievementListener.cs.meta
Assets\GameObject\Exhaust Fire.prefab,5db77d8b07b73380826e12a6a2c9f105,11500000,3,True,Assets\Scripts\Assembly-CSharp\ParticleReducer.cs.meta
Assets\GameObject\Exhaust.prefab,5db77d8b07b73380826e12a6a2c9f105,11500000,3,True,Assets\Scripts\Assembly-CSharp\ParticleReducer.cs.meta
Assets\GameObject\Explosion.prefab,a27ce7a6757b66d711a6ac6b10005466,11500000,3,True,Assets\Scripts\Assembly-CSharp\Explosion.cs.meta
Assets\GameObject\Explosion.prefab,5db77d8b07b73380826e12a6a2c9f105,11500000,3,True,Assets\Scripts\Assembly-CSharp\ParticleReducer.cs.meta
Assets\GameObject\FadeHelper.prefab,10e4fa819ebac56bd55e0afcca70fe40,11500000,3,True,Assets\Scripts\Assembly-CSharp\FadeHelper.cs.meta
Assets\GameObject\Ferb.prefab,8f5e0a7b962508adf616efe9e2d068b1,11500000,3,True,Assets\Scripts\Assembly-CSharp\CartPart.cs.meta
Assets\GameObject\Finish Line New.prefab,f1f9a2ff5320939de03011ac212eabcc,11500000,3,True,Assets\Plugins\Assembly-CSharp-firstpass\UghPublisher.cs.meta
Assets\GameObject\Finish Line New.prefab,84dedd87b078241ae96d152250730014,11500000,3,True,Assets\Plugins\Assembly-CSharp-firstpass\UghSprite.cs.meta
Assets\GameObject\Finish Line New.prefab,b88ab20c864889e81141f2df8a116b5b,11500000,3,True,Assets\Plugins\Assembly-CSharp-firstpass\UghText.cs.meta
Assets\GameObject\Finish Line New.prefab,b88ab20c864889e81141f2df8a116b5b,11500000,3,True,Assets\Plugins\Assembly-CSharp-firstpass\UghText.cs.meta
Assets\GameObject\Finish Line New.prefab,b88ab20c864889e81141f2df8a116b5b,11500000,3,True,Assets\Plugins\Assembly-CSharp-firstpass\UghText.cs.meta
Assets\GameObject\Finish The Lap Tutorial.prefab,69ee391c3dd25995faf616072e34c5ca,11500000,3,True,Assets\Scripts\Assembly-CSharp\FinishTheLapMission.cs.meta
Assets\GameObject\First Place Fish 1.prefab,e42028b09d2fe1008f91369e5e7f02a0,11500000,3,True,Assets\Scripts\Assembly-CSharp\FirstPlaceAchievementListener.cs.meta
Assets\GameObject\First Place Fish 2.prefab,e42028b09d2fe1008f91369e5e7f02a0,11500000,3,True,Assets\Scripts\Assembly-CSharp\FirstPlaceAchievementListener.cs.meta
Assets\GameObject\First Place Fish 3.prefab,e42028b09d2fe1008f91369e5e7f02a0,11500000,3,True,Assets\Scripts\Assembly-CSharp\FirstPlaceAchievementListener.cs.meta
Assets\GameObject\First Place in Elimination.prefab,e42028b09d2fe1008f91369e5e7f02a0,11500000,3,True,Assets\Scripts\Assembly-CSharp\FirstPlaceAchievementListener.cs.meta
Assets\GameObject\First Place Kick 1.prefab,e42028b09d2fe1008f91369e5e7f02a0,11500000,3,True,Assets\Scripts\Assembly-CSharp\FirstPlaceAchievementListener.cs.meta
Assets\GameObject\First Place Kick 2.prefab,e42028b09d2fe1008f91369e5e7f02a0,11500000,3,True,Assets\Scripts\Assembly-CSharp\FirstPlaceAchievementListener.cs.meta
Assets\GameObject\First Place Kick 3.prefab,e42028b09d2fe1008f91369e5e7f02a0,11500000,3,True,Assets\Scripts\Assembly-CSharp\FirstPlaceAchievementListener.cs.meta
Assets\GameObject\First Place Phineas 1.prefab,e42028b09d2fe1008f91369e5e7f02a0,11500000,3,True,Assets\Scripts\Assembly-CSharp\FirstPlaceAchievementListener.cs.meta
Assets\GameObject\First Place Phineas 2.prefab,e42028b09d2fe1008f91369e5e7f02a0,11500000,3,True,Assets\Scripts\Assembly-CSharp\FirstPlaceAchievementListener.cs.meta
Assets\GameObject\First Place Phineas 3.prefab,e42028b09d2fe1008f91369e5e7f02a0,11500000,3,True,Assets\Scripts\Assembly-CSharp\FirstPlaceAchievementListener.cs.meta
Assets\GameObject\FirstPlace With no powerups.prefab,af10efbf6594722d2ff01ae34ba6a7e3,11500000,3,True,Assets\Scripts\Assembly-CSharp\PlaceWithNoPowerupsAchievementListener.cs.meta
Assets\GameObject\Fishtankia.prefab,14938888863ffa5c373b8f39c15c49ed,11500000,3,True,Assets\Scripts\Assembly-CSharp\RaceSettings.cs.meta
Assets\GameObject\Freshwater High.prefab,14938888863ffa5c373b8f39c15c49ed,11500000,3,True,Assets\Scripts\Assembly-CSharp\RaceSettings.cs.meta
Assets\GameObject\Front End Tutorial Popup.prefab,e0639f6cb40f02a330fb65f316c7b51c,11500000,3,True,Assets\Scripts\Assembly-CSharp\FrontEndTutorialPublisher.cs.meta
Assets\GameObject\Front End Tutorial Popup.prefab,7a1d7e408882e95bdbe76a76d6f51e1c,11500000,3,True,Assets\Plugins\Assembly-CSharp-firstpass\UghButton.cs.meta
Assets\GameObject\Front End Tutorial Popup.prefab,b88ab20c864889e81141f2df8a116b5b,11500000,3,True,Assets\Plugins\Assembly-CSharp-firstpass\UghText.cs.meta
Assets\GameObject\Front End Tutorial Popup.prefab,84dedd87b078241ae96d152250730014,11500000,3,True,Assets\Plugins\Assembly-CSharp-firstpass\UghSprite.cs.meta
Assets\GameObject\Front End Tutorial Popup.prefab,7a1d7e408882e95bdbe76a76d6f51e1c,11500000,3,True,Assets\Plugins\Assembly-CSharp-firstpass\UghButton.cs.meta
Assets\GameObject\Front End Tutorial Popup.prefab,e171dc7613dc84903f6b62f321860d38,11500000,3,True,Assets\Plugins\Assembly-CSharp-firstpass\UghAlign.cs.meta
Assets\GameObject\Front End Tutorial Popup.prefab,24a3aac8fd9959f47e2e0b2c5f17dcaf,11500000,3,True,Assets\Plugins\Assembly-CSharp-firstpass\UghStretch.cs.meta
Assets\GameObject\Full Screen Booster Effect.prefab,84dedd87b078241ae96d152250730014,11500000,3,True,Assets\Plugins\Assembly-CSharp-firstpass\UghSprite.cs.meta
Assets\GameObject\Full Screen Booster Effect.prefab,9f53efec98452db3825b777095f4d4d7,11500000,3,True,Assets\Scripts\Assembly-CSharp\RotatorAI.cs.meta
Assets\GameObject\Game Center Note.prefab,d7ffa5bbc73ed4bdea5b421e48017fe6,11500000,3,True,Assets\Scripts\Assembly-CSharp\ConfirmationPublisher.cs.meta
Assets\GameObject\Game Center Note.prefab,84dedd87b078241ae96d152250730014,11500000,3,True,Assets\Plugins\Assembly-CSharp-firstpass\UghSprite.cs.meta
Assets\GameObject\Game Center Note.prefab,b88ab20c864889e81141f2df8a116b5b,11500000,3,True,Assets\Plugins\Assembly-CSharp-firstpass\UghText.cs.meta
Assets\GameObject\Game Center Note.prefab,7a1d7e408882e95bdbe76a76d6f51e1c,11500000,3,True,Assets\Plugins\Assembly-CSharp-firstpass\UghButton.cs.meta
Assets\GameObject\Game Center Note.prefab,82fef056bec561257dcb3d983f402f41,11500000,3,True,Assets\Scripts\Assembly-CSharp\ShiftContentsOnButtonDown.cs.meta
Assets\GameObject\Game Center Note.prefab,b88ab20c864889e81141f2df8a116b5b,11500000,3,True,Assets\Plugins\Assembly-CSharp-firstpass\UghText.cs.meta
Assets\GameObject\Game Center Note.prefab,7a1d7e408882e95bdbe76a76d6f51e1c,11500000,3,True,Assets\Plugins\Assembly-CSharp-firstpass\UghButton.cs.meta
Assets\GameObject\Game Center Note.prefab,e171dc7613dc84903f6b62f321860d38,11500000,3,True,Assets\Plugins\Assembly-CSharp-firstpass\UghAlign.cs.meta
Assets\GameObject\Game Center Note.prefab,24a3aac8fd9959f47e2e0b2c5f17dcaf,11500000,3,True,Assets\Plugins\Assembly-CSharp-firstpass\UghStretch.cs.meta
Assets\GameObject\Game Center Note.prefab,37f7f55b9e42c1f93a9e2f21ade5cf08,11500000,3,True,Assets\Scripts\Assembly-CSharp\InputBlocker.cs.meta
Assets\GameObject\GameCenterManager.prefab,3460e75c029f8baaf086da1b9cb39774,11500000,3,True,Assets\Plugins\Assembly-CSharp-firstpass\GameCenterManager.cs.meta
Assets\GameObject\Gunther.prefab,8f5e0a7b962508adf616efe9e2d068b1,11500000,3,True,Assets\Scripts\Assembly-CSharp\CartPart.cs.meta
Assets\GameObject\hit laser.prefab,5db77d8b07b73380826e12a6a2c9f105,11500000,3,True,Assets\Scripts\Assembly-CSharp\ParticleReducer.cs.meta
Assets\GameObject\hit laser.prefab,5db77d8b07b73380826e12a6a2c9f105,11500000,3,True,Assets\Scripts\Assembly-CSharp\ParticleReducer.cs.meta
Assets\GameObject\HitOtherCart.prefab,da4a3e7741968cdf1f96b4483769bb3d,11500000,3,True,Assets\Scripts\Assembly-CSharp\ParticleSystemDestroy.cs.meta
Assets\GameObject\Hog Burners Bronze.prefab,22abb528e911ba5f261a169bcda56437,11500000,3,True,Assets\Scripts\Assembly-CSharp\PaintJob.cs.meta
Assets\GameObject\Hog Burners Copper.prefab,22abb528e911ba5f261a169bcda56437,11500000,3,True,Assets\Scripts\Assembly-CSharp\PaintJob.cs.meta
Assets\GameObject\Hog Burners Gold.prefab,22abb528e911ba5f261a169bcda56437,11500000,3,True,Assets\Scripts\Assembly-CSharp\PaintJob.cs.meta
Assets\GameObject\Hog Burners Silver.prefab,22abb528e911ba5f261a169bcda56437,11500000,3,True,Assets\Scripts\Assembly-CSharp\PaintJob.cs.meta
Assets\GameObject\Hog Burners Steel.prefab,22abb528e911ba5f261a169bcda56437,11500000,3,True,Assets\Scripts\Assembly-CSharp\PaintJob.cs.meta
Assets\GameObject\Hogwing Agent P Custom.prefab,22abb528e911ba5f261a169bcda56437,11500000,3,True,Assets\Scripts\Assembly-CSharp\PaintJob.cs.meta
Assets\GameObject\Hogwing Black.prefab,22abb528e911ba5f261a169bcda56437,11500000,3,True,Assets\Scripts\Assembly-CSharp\PaintJob.cs.meta
Assets\GameObject\Hogwing Blue.prefab,22abb528e911ba5f261a169bcda56437,11500000,3,True,Assets\Scripts\Assembly-CSharp\PaintJob.cs.meta
Assets\GameObject\Hogwing Ferb Custom.prefab,22abb528e911ba5f261a169bcda56437,11500000,3,True,Assets\Scripts\Assembly-CSharp\PaintJob.cs.meta
Assets\GameObject\Hogwing Phineas Custom.prefab,22abb528e911ba5f261a169bcda56437,11500000,3,True,Assets\Scripts\Assembly-CSharp\PaintJob.cs.meta
Assets\GameObject\Hogwing Pink.prefab,22abb528e911ba5f261a169bcda56437,11500000,3,True,Assets\Scripts\Assembly-CSharp\PaintJob.cs.meta
Assets\GameObject\Hogwing Purple.prefab,22abb528e911ba5f261a169bcda56437,11500000,3,True,Assets\Scripts\Assembly-CSharp\PaintJob.cs.meta
Assets\GameObject\Hogwing Red.prefab,22abb528e911ba5f261a169bcda56437,11500000,3,True,Assets\Scripts\Assembly-CSharp\PaintJob.cs.meta
Assets\GameObject\Hokey Poke.prefab,14938888863ffa5c373b8f39c15c49ed,11500000,3,True,Assets\Scripts\Assembly-CSharp\RaceSettings.cs.meta
Assets\GameObject\HUD Buy Powerup.prefab,da4a3e7741968cdf1f96b4483769bb3d,11500000,3,True,Assets\Scripts\Assembly-CSharp\ParticleSystemDestroy.cs.meta
Assets\GameObject\HUD Get Powerup.prefab,da4a3e7741968cdf1f96b4483769bb3d,11500000,3,True,Assets\Scripts\Assembly-CSharp\ParticleSystemDestroy.cs.meta
Assets\GameObject\In Race Powerup Pickup Boost.prefab,54108b25a94993aca8d1bbf797bb0d5d,11500000,3,True,Assets\Scripts\Assembly-CSharp\InRaceAquirePickupListener.cs.meta
Assets\GameObject\In Race Powerup Pickup Mine.prefab,54108b25a94993aca8d1bbf797bb0d5d,11500000,3,True,Assets\Scripts\Assembly-CSharp\InRaceAquirePickupListener.cs.meta
Assets\GameObject\In Race Powerup Pickup Rocket.prefab,54108b25a94993aca8d1bbf797bb0d5d,11500000,3,True,Assets\Scripts\Assembly-CSharp\InRaceAquirePickupListener.cs.meta
Assets\GameObject\In Race Powerup Pickup Shield.prefab,54108b25a94993aca8d1bbf797bb0d5d,11500000,3,True,Assets\Scripts\Assembly-CSharp\InRaceAquirePickupListener.cs.meta
Assets\GameObject\Infernos Bronze.prefab,22abb528e911ba5f261a169bcda56437,11500000,3,True,Assets\Scripts\Assembly-CSharp\PaintJob.cs.meta
Assets\GameObject\Infernos Copper.prefab,22abb528e911ba5f261a169bcda56437,11500000,3,True,Assets\Scripts\Assembly-CSharp\PaintJob.cs.meta
Assets\GameObject\Infernos Customized Alpha.prefab,22abb528e911ba5f261a169bcda56437,11500000,3,True,Assets\Scripts\Assembly-CSharp\PaintJob.cs.meta
Assets\GameObject\Infernos Customized Beta.prefab,22abb528e911ba5f261a169bcda56437,11500000,3,True,Assets\Scripts\Assembly-CSharp\PaintJob.cs.meta
Assets\GameObject\Infernos Gold.prefab,22abb528e911ba5f261a169bcda56437,11500000,3,True,Assets\Scripts\Assembly-CSharp\PaintJob.cs.meta
Assets\GameObject\Infernos Silver.prefab,22abb528e911ba5f261a169bcda56437,11500000,3,True,Assets\Scripts\Assembly-CSharp\PaintJob.cs.meta
Assets\GameObject\Infernos Steel.prefab,22abb528e911ba5f261a169bcda56437,11500000,3,True,Assets\Scripts\Assembly-CSharp\PaintJob.cs.meta
Assets\GameObject\Input Blocker Invisible.prefab,7a1d7e408882e95bdbe76a76d6f51e1c,11500000,3,True,Assets\Plugins\Assembly-CSharp-firstpass\UghButton.cs.meta
Assets\GameObject\Input Blocker Invisible.prefab,e171dc7613dc84903f6b62f321860d38,11500000,3,True,Assets\Plugins\Assembly-CSharp-firstpass\UghAlign.cs.meta
Assets\GameObject\Input Blocker Invisible.prefab,24a3aac8fd9959f47e2e0b2c5f17dcaf,11500000,3,True,Assets\Plugins\Assembly-CSharp-firstpass\UghStretch.cs.meta
Assets\GameObject\Kick Butt!.prefab,14938888863ffa5c373b8f39c15c49ed,11500000,3,True,Assets\Scripts\Assembly-CSharp\RaceSettings.cs.meta
Assets\GameObject\Kick.prefab,8f5e0a7b962508adf616efe9e2d068b1,11500000,3,True,Assets\Scripts\Assembly-CSharp\CartPart.cs.meta
Assets\GameObject\Laser.prefab,589cc96a47b252253d8d05b006762918,11500000,3,True,Assets\Scripts\Assembly-CSharp\LaserLogic.cs.meta
Assets\GameObject\Lifetime In Air x120.prefab,2359e515e3286cf8c2c3edae44b4e3e0,11500000,3,True,Assets\Scripts\Assembly-CSharp\LifetimeInAirAchievementListener.cs.meta
Assets\GameObject\Lifetime In Air x300.prefab,2359e515e3286cf8c2c3edae44b4e3e0,11500000,3,True,Assets\Scripts\Assembly-CSharp\LifetimeInAirAchievementListener.cs.meta
Assets\GameObject\Lifetime In Air x60.prefab,2359e515e3286cf8c2c3edae44b4e3e0,11500000,3,True,Assets\Scripts\Assembly-CSharp\LifetimeInAirAchievementListener.cs.meta
Assets\GameObject\Lifetime Mine Opponent x100.prefab,74d5336149da2c2c26a675a3469e560b,11500000,3,True,Assets\Scripts\Assembly-CSharp\LifetimeOpponentHitsAchievementListener.cs.meta
Assets\GameObject\Lifetime Mine Opponent x20.prefab,74d5336149da2c2c26a675a3469e560b,11500000,3,True,Assets\Scripts\Assembly-CSharp\LifetimeOpponentHitsAchievementListener.cs.meta
Assets\GameObject\Lifetime Mine Opponent x50.prefab,74d5336149da2c2c26a675a3469e560b,11500000,3,True,Assets\Scripts\Assembly-CSharp\LifetimeOpponentHitsAchievementListener.cs.meta
Assets\GameObject\Lifetime Powerup Collection x100.prefab,7e47c46f6f708b2ae37f6a5ba5bc2223,11500000,3,True,Assets\Scripts\Assembly-CSharp\LifetimePowerupCollectionAchievementListener.cs.meta
Assets\GameObject\Lifetime Powerup Collection x20.prefab,7e47c46f6f708b2ae37f6a5ba5bc2223,11500000,3,True,Assets\Scripts\Assembly-CSharp\LifetimePowerupCollectionAchievementListener.cs.meta
Assets\GameObject\Lifetime Powerup Collection x50.prefab,7e47c46f6f708b2ae37f6a5ba5bc2223,11500000,3,True,Assets\Scripts\Assembly-CSharp\LifetimePowerupCollectionAchievementListener.cs.meta
Assets\GameObject\Lifetime Powerup Purchase x100.prefab,7e47c46f6f708b2ae37f6a5ba5bc2223,11500000,3,True,Assets\Scripts\Assembly-CSharp\LifetimePowerupCollectionAchievementListener.cs.meta
Assets\GameObject\Lifetime Powerup Purchase x20.prefab,7e47c46f6f708b2ae37f6a5ba5bc2223,11500000,3,True,Assets\Scripts\Assembly-CSharp\LifetimePowerupCollectionAchievementListener.cs.meta
Assets\GameObject\Lifetime Powerup Purchase x50.prefab,7e47c46f6f708b2ae37f6a5ba5bc2223,11500000,3,True,Assets\Scripts\Assembly-CSharp\LifetimePowerupCollectionAchievementListener.cs.meta
Assets\GameObject\Lifetime Rocket Opponent x100.prefab,74d5336149da2c2c26a675a3469e560b,11500000,3,True,Assets\Scripts\Assembly-CSharp\LifetimeOpponentHitsAchievementListener.cs.meta
Assets\GameObject\Lifetime Rocket Opponent x20.prefab,74d5336149da2c2c26a675a3469e560b,11500000,3,True,Assets\Scripts\Assembly-CSharp\LifetimeOpponentHitsAchievementListener.cs.meta
Assets\GameObject\Lifetime Rocket Opponent x50.prefab,74d5336149da2c2c26a675a3469e560b,11500000,3,True,Assets\Scripts\Assembly-CSharp\LifetimeOpponentHitsAchievementListener.cs.meta
Assets\GameObject\Lil Kart No Paint.prefab,22abb528e911ba5f261a169bcda56437,11500000,3,True,Assets\Scripts\Assembly-CSharp\PaintJob.cs.meta
Assets\GameObject\Lil Kart Red.prefab,22abb528e911ba5f261a169bcda56437,11500000,3,True,Assets\Scripts\Assembly-CSharp\PaintJob.cs.meta
Assets\GameObject\Lil Spoiler Black.prefab,22abb528e911ba5f261a169bcda56437,11500000,3,True,Assets\Scripts\Assembly-CSharp\PaintJob.cs.meta
Assets\GameObject\Lil Spoiler Blue.prefab,22abb528e911ba5f261a169bcda56437,11500000,3,True,Assets\Scripts\Assembly-CSharp\PaintJob.cs.meta
Assets\GameObject\Lil Spoiler Gunther Custom.prefab,22abb528e911ba5f261a169bcda56437,11500000,3,True,Assets\Scripts\Assembly-CSharp\PaintJob.cs.meta
Assets\GameObject\Lil Spoiler Kick Custom.prefab,22abb528e911ba5f261a169bcda56437,11500000,3,True,Assets\Scripts\Assembly-CSharp\PaintJob.cs.meta
Assets\GameObject\Lil Spoiler Pink.prefab,22abb528e911ba5f261a169bcda56437,11500000,3,True,Assets\Scripts\Assembly-CSharp\PaintJob.cs.meta
Assets\GameObject\Lil Spoiler Purple.prefab,22abb528e911ba5f261a169bcda56437,11500000,3,True,Assets\Scripts\Assembly-CSharp\PaintJob.cs.meta
Assets\GameObject\Lil Spoiler Red.prefab,22abb528e911ba5f261a169bcda56437,11500000,3,True,Assets\Scripts\Assembly-CSharp\PaintJob.cs.meta
Assets\GameObject\Lil' Scoop Bronze.prefab,22abb528e911ba5f261a169bcda56437,11500000,3,True,Assets\Scripts\Assembly-CSharp\PaintJob.cs.meta
Assets\GameObject\Lil' Scoop Copper.prefab,22abb528e911ba5f261a169bcda56437,11500000,3,True,Assets\Scripts\Assembly-CSharp\PaintJob.cs.meta
Assets\GameObject\Lil' Scoop Gold.prefab,22abb528e911ba5f261a169bcda56437,11500000,3,True,Assets\Scripts\Assembly-CSharp\PaintJob.cs.meta
Assets\GameObject\Lil' Scoop Silver.prefab,22abb528e911ba5f261a169bcda56437,11500000,3,True,Assets\Scripts\Assembly-CSharp\PaintJob.cs.meta
Assets\GameObject\Lil' Scoop Steel.prefab,22abb528e911ba5f261a169bcda56437,11500000,3,True,Assets\Scripts\Assembly-CSharp\PaintJob.cs.meta
Assets\GameObject\Lil' Thrusties Bronze.prefab,22abb528e911ba5f261a169bcda56437,11500000,3,True,Assets\Scripts\Assembly-CSharp\PaintJob.cs.meta
Assets\GameObject\Lil' Thrusties Copper.prefab,22abb528e911ba5f261a169bcda56437,11500000,3,True,Assets\Scripts\Assembly-CSharp\PaintJob.cs.meta
Assets\GameObject\Lil' Thrusties Gold.prefab,22abb528e911ba5f261a169bcda56437,11500000,3,True,Assets\Scripts\Assembly-CSharp\PaintJob.cs.meta
Assets\GameObject\Lil' Thrusties Silver.prefab,22abb528e911ba5f261a169bcda56437,11500000,3,True,Assets\Scripts\Assembly-CSharp\PaintJob.cs.meta
Assets\GameObject\Lil' Thrusties Steel.prefab,22abb528e911ba5f261a169bcda56437,11500000,3,True,Assets\Scripts\Assembly-CSharp\PaintJob.cs.meta
Assets\GameObject\LoadingWheel.prefab,9f53efec98452db3825b777095f4d4d7,11500000,3,True,Assets\Scripts\Assembly-CSharp\RotatorAI.cs.meta
Assets\GameObject\LoadingWheel.prefab,9f53efec98452db3825b777095f4d4d7,11500000,3,True,Assets\Scripts\Assembly-CSharp\RotatorAI.cs.meta
Assets\GameObject\Mabel.prefab,8f5e0a7b962508adf616efe9e2d068b1,11500000,3,True,Assets\Scripts\Assembly-CSharp\CartPart.cs.meta
Assets\GameObject\Magnet Shield.prefab,94873483e708f4fa4a57b3033bbbcc5d,11500000,3,True,Assets\Scripts\Assembly-CSharp\AnimatedTexture.cs.meta
Assets\GameObject\Make Place Fish 1 Easy.prefab,a631272e08fd6f5c0c8022ebc7a434d1,11500000,3,True,Assets\Scripts\Assembly-CSharp\MakePlaceAchievementListener.cs.meta
Assets\GameObject\Make Place Fish 1 Hard.prefab,a631272e08fd6f5c0c8022ebc7a434d1,11500000,3,True,Assets\Scripts\Assembly-CSharp\MakePlaceAchievementListener.cs.meta
Assets\GameObject\Make Place Fish 1 Medium.prefab,a631272e08fd6f5c0c8022ebc7a434d1,11500000,3,True,Assets\Scripts\Assembly-CSharp\MakePlaceAchievementListener.cs.meta
Assets\GameObject\Make Place Fish 1 Ultra Hard.prefab,a631272e08fd6f5c0c8022ebc7a434d1,11500000,3,True,Assets\Scripts\Assembly-CSharp\MakePlaceAchievementListener.cs.meta
Assets\GameObject\Make Place Fish 2 Easy.prefab,a631272e08fd6f5c0c8022ebc7a434d1,11500000,3,True,Assets\Scripts\Assembly-CSharp\MakePlaceAchievementListener.cs.meta
Assets\GameObject\Make Place Fish 2 Hard.prefab,a631272e08fd6f5c0c8022ebc7a434d1,11500000,3,True,Assets\Scripts\Assembly-CSharp\MakePlaceAchievementListener.cs.meta
Assets\GameObject\Make Place Fish 2 Medium.prefab,a631272e08fd6f5c0c8022ebc7a434d1,11500000,3,True,Assets\Scripts\Assembly-CSharp\MakePlaceAchievementListener.cs.meta
Assets\GameObject\Make Place Fish 2 Ultra.prefab,a631272e08fd6f5c0c8022ebc7a434d1,11500000,3,True,Assets\Scripts\Assembly-CSharp\MakePlaceAchievementListener.cs.meta
Assets\GameObject\Make Place Fish 3 Easy.prefab,a631272e08fd6f5c0c8022ebc7a434d1,11500000,3,True,Assets\Scripts\Assembly-CSharp\MakePlaceAchievementListener.cs.meta
Assets\GameObject\Make Place Fish 3 Hard.prefab,a631272e08fd6f5c0c8022ebc7a434d1,11500000,3,True,Assets\Scripts\Assembly-CSharp\MakePlaceAchievementListener.cs.meta
Assets\GameObject\Make Place Fish 3 Medium.prefab,a631272e08fd6f5c0c8022ebc7a434d1,11500000,3,True,Assets\Scripts\Assembly-CSharp\MakePlaceAchievementListener.cs.meta
Assets\GameObject\Make Place Fish 3 Ultra Hard.prefab,a631272e08fd6f5c0c8022ebc7a434d1,11500000,3,True,Assets\Scripts\Assembly-CSharp\MakePlaceAchievementListener.cs.meta
Assets\GameObject\Make Place Kick 1 Easy.prefab,a631272e08fd6f5c0c8022ebc7a434d1,11500000,3,True,Assets\Scripts\Assembly-CSharp\MakePlaceAchievementListener.cs.meta
Assets\GameObject\Make Place Kick 1 Hard.prefab,a631272e08fd6f5c0c8022ebc7a434d1,11500000,3,True,Assets\Scripts\Assembly-CSharp\MakePlaceAchievementListener.cs.meta
Assets\GameObject\Make Place Kick 1 Medium.prefab,a631272e08fd6f5c0c8022ebc7a434d1,11500000,3,True,Assets\Scripts\Assembly-CSharp\MakePlaceAchievementListener.cs.meta
Assets\GameObject\Make Place Kick 1 Ultra Hard.prefab,a631272e08fd6f5c0c8022ebc7a434d1,11500000,3,True,Assets\Scripts\Assembly-CSharp\MakePlaceAchievementListener.cs.meta
Assets\GameObject\Make Place Kick 2 Easy.prefab,a631272e08fd6f5c0c8022ebc7a434d1,11500000,3,True,Assets\Scripts\Assembly-CSharp\MakePlaceAchievementListener.cs.meta
Assets\GameObject\Make Place Kick 2 Hard.prefab,a631272e08fd6f5c0c8022ebc7a434d1,11500000,3,True,Assets\Scripts\Assembly-CSharp\MakePlaceAchievementListener.cs.meta
Assets\GameObject\Make Place Kick 2 Medium.prefab,a631272e08fd6f5c0c8022ebc7a434d1,11500000,3,True,Assets\Scripts\Assembly-CSharp\MakePlaceAchievementListener.cs.meta
Assets\GameObject\Make Place Kick 2 Ultra Hard.prefab,a631272e08fd6f5c0c8022ebc7a434d1,11500000,3,True,Assets\Scripts\Assembly-CSharp\MakePlaceAchievementListener.cs.meta
Assets\GameObject\Make Place Kick 3 Easy.prefab,a631272e08fd6f5c0c8022ebc7a434d1,11500000,3,True,Assets\Scripts\Assembly-CSharp\MakePlaceAchievementListener.cs.meta
Assets\GameObject\Make Place Kick 3 Hard.prefab,a631272e08fd6f5c0c8022ebc7a434d1,11500000,3,True,Assets\Scripts\Assembly-CSharp\MakePlaceAchievementListener.cs.meta
Assets\GameObject\Make Place Kick 3 Medium.prefab,a631272e08fd6f5c0c8022ebc7a434d1,11500000,3,True,Assets\Scripts\Assembly-CSharp\MakePlaceAchievementListener.cs.meta
Assets\GameObject\Make Place Kick 3 Ultra Hard.prefab,a631272e08fd6f5c0c8022ebc7a434d1,11500000,3,True,Assets\Scripts\Assembly-CSharp\MakePlaceAchievementListener.cs.meta
Assets\GameObject\Make Place Phineas 1 Easy.prefab,a631272e08fd6f5c0c8022ebc7a434d1,11500000,3,True,Assets\Scripts\Assembly-CSharp\MakePlaceAchievementListener.cs.meta
Assets\GameObject\Make Place Phineas 1 Hard.prefab,a631272e08fd6f5c0c8022ebc7a434d1,11500000,3,True,Assets\Scripts\Assembly-CSharp\MakePlaceAchievementListener.cs.meta
Assets\GameObject\Make Place Phineas 1 Medium.prefab,a631272e08fd6f5c0c8022ebc7a434d1,11500000,3,True,Assets\Scripts\Assembly-CSharp\MakePlaceAchievementListener.cs.meta
Assets\GameObject\Make Place Phineas 1 Ultra Hard.prefab,a631272e08fd6f5c0c8022ebc7a434d1,11500000,3,True,Assets\Scripts\Assembly-CSharp\MakePlaceAchievementListener.cs.meta
Assets\GameObject\Make Place Phineas 2 Easy.prefab,a631272e08fd6f5c0c8022ebc7a434d1,11500000,3,True,Assets\Scripts\Assembly-CSharp\MakePlaceAchievementListener.cs.meta
Assets\GameObject\Make Place Phineas 2 Hard.prefab,a631272e08fd6f5c0c8022ebc7a434d1,11500000,3,True,Assets\Scripts\Assembly-CSharp\MakePlaceAchievementListener.cs.meta
Assets\GameObject\Make Place Phineas 2 Medium.prefab,a631272e08fd6f5c0c8022ebc7a434d1,11500000,3,True,Assets\Scripts\Assembly-CSharp\MakePlaceAchievementListener.cs.meta
Assets\GameObject\Make Place Phineas 2 Ultra Hard.prefab,a631272e08fd6f5c0c8022ebc7a434d1,11500000,3,True,Assets\Scripts\Assembly-CSharp\MakePlaceAchievementListener.cs.meta
Assets\GameObject\Make Place Phineas 3 Easy.prefab,a631272e08fd6f5c0c8022ebc7a434d1,11500000,3,True,Assets\Scripts\Assembly-CSharp\MakePlaceAchievementListener.cs.meta
Assets\GameObject\Make Place Phineas 3 Hard.prefab,a631272e08fd6f5c0c8022ebc7a434d1,11500000,3,True,Assets\Scripts\Assembly-CSharp\MakePlaceAchievementListener.cs.meta
Assets\GameObject\Make Place Phineas 3 Medium.prefab,a631272e08fd6f5c0c8022ebc7a434d1,11500000,3,True,Assets\Scripts\Assembly-CSharp\MakePlaceAchievementListener.cs.meta
Assets\GameObject\Make Place Phineas 3 Ultra Hard.prefab,a631272e08fd6f5c0c8022ebc7a434d1,11500000,3,True,Assets\Scripts\Assembly-CSharp\MakePlaceAchievementListener.cs.meta
Assets\GameObject\Meta Finish All First Places.prefab,3983d3054495b82b509b989262baa054,11500000,3,True,Assets\Scripts\Assembly-CSharp\MetaMissionGroupAchievementListener.cs.meta
Assets\GameObject\Meta Finish Master Circuit.prefab,3983d3054495b82b509b989262baa054,11500000,3,True,Assets\Scripts\Assembly-CSharp\MetaMissionGroupAchievementListener.cs.meta
Assets\GameObject\Meta Finish Newbie Circuit.prefab,3983d3054495b82b509b989262baa054,11500000,3,True,Assets\Scripts\Assembly-CSharp\MetaMissionGroupAchievementListener.cs.meta
Assets\GameObject\Meta Finish Pro Circuit.prefab,3983d3054495b82b509b989262baa054,11500000,3,True,Assets\Scripts\Assembly-CSharp\MetaMissionGroupAchievementListener.cs.meta
Assets\GameObject\Mike.prefab,8f5e0a7b962508adf616efe9e2d068b1,11500000,3,True,Assets\Scripts\Assembly-CSharp\CartPart.cs.meta
Assets\GameObject\Milo.prefab,8f5e0a7b962508adf616efe9e2d068b1,11500000,3,True,Assets\Scripts\Assembly-CSharp\CartPart.cs.meta
Assets\GameObject\Mine Notify.prefab,9f20020b498553a8e68c7c90a43f9740,11500000,3,True,Assets\Scripts\Assembly-CSharp\MineNotifyPublisher.cs.meta
Assets\GameObject\Mine Notify.prefab,84dedd87b078241ae96d152250730014,11500000,3,True,Assets\Plugins\Assembly-CSharp-firstpass\UghSprite.cs.meta
Assets\GameObject\Mine Notify.prefab,e171dc7613dc84903f6b62f321860d38,11500000,3,True,Assets\Plugins\Assembly-CSharp-firstpass\UghAlign.cs.meta
Assets\GameObject\Mine Notify.prefab,b88ab20c864889e81141f2df8a116b5b,11500000,3,True,Assets\Plugins\Assembly-CSharp-firstpass\UghText.cs.meta
Assets\GameObject\Mine Notify.prefab,e171dc7613dc84903f6b62f321860d38,11500000,3,True,Assets\Plugins\Assembly-CSharp-firstpass\UghAlign.cs.meta
Assets\GameObject\Mine Notify.prefab,e171dc7613dc84903f6b62f321860d38,11500000,3,True,Assets\Plugins\Assembly-CSharp-firstpass\UghAlign.cs.meta
Assets\GameObject\Mine Pickup.prefab,71c30d28ad73b040f6e74d951b378742,11500000,3,True,Assets\Scripts\Assembly-CSharp\ObjectTrackDistanceLogic.cs.meta
Assets\GameObject\Mine Pickup.prefab,1fbab07f6706f125ec6d1f0cc6afaa95,11500000,3,True,Assets\Scripts\Assembly-CSharp\MinePickup.cs.meta
Assets\GameObject\Mine Pickup.prefab,9f53efec98452db3825b777095f4d4d7,11500000,3,True,Assets\Scripts\Assembly-CSharp\RotatorAI.cs.meta
Assets\GameObject\Mine.prefab,edf8d0cf17e156bbf09160f366580b40,11500000,3,True,Assets\Scripts\Assembly-CSharp\MineAI.cs.meta
Assets\GameObject\MineSpreader.prefab,466138d528ab96e2e84a0f01f1816ef1,11500000,3,True,Assets\Scripts\Assembly-CSharp\MineSpreaderAI.cs.meta
Assets\GameObject\MineSpreader.prefab,68160b5b26b0f1eab73a836a60fa3fb2,11500000,3,True,Assets\Scripts\Assembly-CSharp\SoundSequencer.cs.meta
Assets\GameObject\Nav Blip - Locked.prefab,84dedd87b078241ae96d152250730014,11500000,3,True,Assets\Plugins\Assembly-CSharp-firstpass\UghSprite.cs.meta
Assets\GameObject\Nav Blip - Owned.prefab,84dedd87b078241ae96d152250730014,11500000,3,True,Assets\Plugins\Assembly-CSharp-firstpass\UghSprite.cs.meta
Assets\GameObject\No Scoop Paint.prefab,22abb528e911ba5f261a169bcda56437,11500000,3,True,Assets\Scripts\Assembly-CSharp\PaintJob.cs.meta
Assets\GameObject\No Scoop.prefab,8f5e0a7b962508adf616efe9e2d068b1,11500000,3,True,Assets\Scripts\Assembly-CSharp\CartPart.cs.meta
Assets\GameObject\No Spoiler Paint.prefab,22abb528e911ba5f261a169bcda56437,11500000,3,True,Assets\Scripts\Assembly-CSharp\PaintJob.cs.meta
Assets\GameObject\No Spoiler.prefab,8f5e0a7b962508adf616efe9e2d068b1,11500000,3,True,Assets\Scripts\Assembly-CSharp\CartPart.cs.meta
Assets\GameObject\No Thruster Paint.prefab,22abb528e911ba5f261a169bcda56437,11500000,3,True,Assets\Scripts\Assembly-CSharp\PaintJob.cs.meta
Assets\GameObject\No Thrusters.prefab,8f5e0a7b962508adf616efe9e2d068b1,11500000,3,True,Assets\Scripts\Assembly-CSharp\CartPart.cs.meta
Assets\GameObject\Oscar.prefab,8f5e0a7b962508adf616efe9e2d068b1,11500000,3,True,Assets\Scripts\Assembly-CSharp\CartPart.cs.meta
Assets\GameObject\Paint Slot.prefab,af6035f26f00ce6c1a237226f710ba62,11500000,3,True,Assets\Scripts\Assembly-CSharp\PaintSlotPublisher.cs.meta
Assets\GameObject\Paint Slot.prefab,7a1d7e408882e95bdbe76a76d6f51e1c,11500000,3,True,Assets\Plugins\Assembly-CSharp-firstpass\UghButton.cs.meta
Assets\GameObject\Paint Slot.prefab,84dedd87b078241ae96d152250730014,11500000,3,True,Assets\Plugins\Assembly-CSharp-firstpass\UghSprite.cs.meta
Assets\GameObject\Paint Slot.prefab,84dedd87b078241ae96d152250730014,11500000,3,True,Assets\Plugins\Assembly-CSharp-firstpass\UghSprite.cs.meta
Assets\GameObject\ParticleLibrary.prefab,8645ecbbae4bb71eb8f2288c05ab1e90,11500000,3,True,Assets\Scripts\Assembly-CSharp\ParticleLibrary.cs.meta
Assets\GameObject\PauseScreen.prefab,1af8ca40dfae01c2082f9f136c073bbe,11500000,3,True,Assets\Scripts\Assembly-CSharp\PausePublisher.cs.meta
Assets\GameObject\PauseScreen.prefab,d8ae97e7a2fe33b397327e206ef1554f,11500000,3,True,Assets\Scripts\Assembly-CSharp\AchievementPanelPublisher.cs.meta
Assets\GameObject\PauseScreen.prefab,b88ab20c864889e81141f2df8a116b5b,11500000,3,True,Assets\Plugins\Assembly-CSharp-firstpass\UghText.cs.meta
Assets\GameObject\PauseScreen.prefab,84dedd87b078241ae96d152250730014,11500000,3,True,Assets\Plugins\Assembly-CSharp-firstpass\UghSprite.cs.meta
Assets\GameObject\PauseScreen.prefab,b88ab20c864889e81141f2df8a116b5b,11500000,3,True,Assets\Plugins\Assembly-CSharp-firstpass\UghText.cs.meta
Assets\GameObject\PauseScreen.prefab,84dedd87b078241ae96d152250730014,11500000,3,True,Assets\Plugins\Assembly-CSharp-firstpass\UghSprite.cs.meta
Assets\GameObject\PauseScreen.prefab,84dedd87b078241ae96d152250730014,11500000,3,True,Assets\Plugins\Assembly-CSharp-firstpass\UghSprite.cs.meta
Assets\GameObject\PauseScreen.prefab,84dedd87b078241ae96d152250730014,11500000,3,True,Assets\Plugins\Assembly-CSharp-firstpass\UghSprite.cs.meta
Assets\GameObject\PauseScreen.prefab,b88ab20c864889e81141f2df8a116b5b,11500000,3,True,Assets\Plugins\Assembly-CSharp-firstpass\UghText.cs.meta
Assets\GameObject\PauseScreen.prefab,d8ae97e7a2fe33b397327e206ef1554f,11500000,3,True,Assets\Scripts\Assembly-CSharp\AchievementPanelPublisher.cs.meta
Assets\GameObject\PauseScreen.prefab,b88ab20c864889e81141f2df8a116b5b,11500000,3,True,Assets\Plugins\Assembly-CSharp-firstpass\UghText.cs.meta
Assets\GameObject\PauseScreen.prefab,84dedd87b078241ae96d152250730014,11500000,3,True,Assets\Plugins\Assembly-CSharp-firstpass\UghSprite.cs.meta
Assets\GameObject\PauseScreen.prefab,b88ab20c864889e81141f2df8a116b5b,11500000,3,True,Assets\Plugins\Assembly-CSharp-firstpass\UghText.cs.meta
Assets\GameObject\PauseScreen.prefab,84dedd87b078241ae96d152250730014,11500000,3,True,Assets\Plugins\Assembly-CSharp-firstpass\UghSprite.cs.meta
Assets\GameObject\PauseScreen.prefab,84dedd87b078241ae96d152250730014,11500000,3,True,Assets\Plugins\Assembly-CSharp-firstpass\UghSprite.cs.meta
Assets\GameObject\PauseScreen.prefab,84dedd87b078241ae96d152250730014,11500000,3,True,Assets\Plugins\Assembly-CSharp-firstpass\UghSprite.cs.meta
Assets\GameObject\PauseScreen.prefab,b88ab20c864889e81141f2df8a116b5b,11500000,3,True,Assets\Plugins\Assembly-CSharp-firstpass\UghText.cs.meta
Assets\GameObject\PauseScreen.prefab,d8ae97e7a2fe33b397327e206ef1554f,11500000,3,True,Assets\Scripts\Assembly-CSharp\AchievementPanelPublisher.cs.meta
Assets\GameObject\PauseScreen.prefab,b88ab20c864889e81141f2df8a116b5b,11500000,3,True,Assets\Plugins\Assembly-CSharp-firstpass\UghText.cs.meta
Assets\GameObject\PauseScreen.prefab,84dedd87b078241ae96d152250730014,11500000,3,True,Assets\Plugins\Assembly-CSharp-firstpass\UghSprite.cs.meta
Assets\GameObject\PauseScreen.prefab,b88ab20c864889e81141f2df8a116b5b,11500000,3,True,Assets\Plugins\Assembly-CSharp-firstpass\UghText.cs.meta
Assets\GameObject\PauseScreen.prefab,84dedd87b078241ae96d152250730014,11500000,3,True,Assets\Plugins\Assembly-CSharp-firstpass\UghSprite.cs.meta
Assets\GameObject\PauseScreen.prefab,84dedd87b078241ae96d152250730014,11500000,3,True,Assets\Plugins\Assembly-CSharp-firstpass\UghSprite.cs.meta
Assets\GameObject\PauseScreen.prefab,84dedd87b078241ae96d152250730014,11500000,3,True,Assets\Plugins\Assembly-CSharp-firstpass\UghSprite.cs.meta
Assets\GameObject\PauseScreen.prefab,b88ab20c864889e81141f2df8a116b5b,11500000,3,True,Assets\Plugins\Assembly-CSharp-firstpass\UghText.cs.meta
Assets\GameObject\PauseScreen.prefab,84dedd87b078241ae96d152250730014,11500000,3,True,Assets\Plugins\Assembly-CSharp-firstpass\UghSprite.cs.meta
Assets\GameObject\PauseScreen.prefab,7a1d7e408882e95bdbe76a76d6f51e1c,11500000,3,True,Assets\Plugins\Assembly-CSharp-firstpass\UghButton.cs.meta
Assets\GameObject\PauseScreen.prefab,e171dc7613dc84903f6b62f321860d38,11500000,3,True,Assets\Plugins\Assembly-CSharp-firstpass\UghAlign.cs.meta
Assets\GameObject\PauseScreen.prefab,24a3aac8fd9959f47e2e0b2c5f17dcaf,11500000,3,True,Assets\Plugins\Assembly-CSharp-firstpass\UghStretch.cs.meta
Assets\GameObject\PauseScreen.prefab,7a1d7e408882e95bdbe76a76d6f51e1c,11500000,3,True,Assets\Plugins\Assembly-CSharp-firstpass\UghButton.cs.meta
Assets\GameObject\PauseScreen.prefab,82fef056bec561257dcb3d983f402f41,11500000,3,True,Assets\Scripts\Assembly-CSharp\ShiftContentsOnButtonDown.cs.meta
Assets\GameObject\PauseScreen.prefab,b88ab20c864889e81141f2df8a116b5b,11500000,3,True,Assets\Plugins\Assembly-CSharp-firstpass\UghText.cs.meta
Assets\GameObject\PauseScreen.prefab,b88ab20c864889e81141f2df8a116b5b,11500000,3,True,Assets\Plugins\Assembly-CSharp-firstpass\UghText.cs.meta
Assets\GameObject\PauseScreen.prefab,7a1d7e408882e95bdbe76a76d6f51e1c,11500000,3,True,Assets\Plugins\Assembly-CSharp-firstpass\UghButton.cs.meta
Assets\GameObject\PauseScreen.prefab,82fef056bec561257dcb3d983f402f41,11500000,3,True,Assets\Scripts\Assembly-CSharp\ShiftContentsOnButtonDown.cs.meta
Assets\GameObject\PauseScreen.prefab,b88ab20c864889e81141f2df8a116b5b,11500000,3,True,Assets\Plugins\Assembly-CSharp-firstpass\UghText.cs.meta
Assets\GameObject\PauseScreen.prefab,7a1d7e408882e95bdbe76a76d6f51e1c,11500000,3,True,Assets\Plugins\Assembly-CSharp-firstpass\UghButton.cs.meta
Assets\GameObject\PauseScreen.prefab,82fef056bec561257dcb3d983f402f41,11500000,3,True,Assets\Scripts\Assembly-CSharp\ShiftContentsOnButtonDown.cs.meta
Assets\GameObject\PauseScreen.prefab,b88ab20c864889e81141f2df8a116b5b,11500000,3,True,Assets\Plugins\Assembly-CSharp-firstpass\UghText.cs.meta
Assets\GameObject\Phineas.prefab,8f5e0a7b962508adf616efe9e2d068b1,11500000,3,True,Assets\Scripts\Assembly-CSharp\CartPart.cs.meta
Assets\GameObject\Pick Up Coin.prefab,5db77d8b07b73380826e12a6a2c9f105,11500000,3,True,Assets\Scripts\Assembly-CSharp\ParticleReducer.cs.meta
Assets\GameObject\Pick Up Powerup.prefab,5db77d8b07b73380826e12a6a2c9f105,11500000,3,True,Assets\Scripts\Assembly-CSharp\ParticleReducer.cs.meta
Assets\GameObject\Pie Splat.prefab,e171dc7613dc84903f6b62f321860d38,11500000,3,True,Assets\Plugins\Assembly-CSharp-firstpass\UghAlign.cs.meta
Assets\GameObject\Pie Splat.prefab,058538fa806a7cdc26c31f30f610d183,11500000,3,True,Assets\Scripts\Assembly-CSharp\PieSplat.cs.meta
Assets\GameObject\Pie Splat.prefab,84dedd87b078241ae96d152250730014,11500000,3,True,Assets\Plugins\Assembly-CSharp-firstpass\UghSprite.cs.meta
Assets\GameObject\Pie Splat.prefab,84dedd87b078241ae96d152250730014,11500000,3,True,Assets\Plugins\Assembly-CSharp-firstpass\UghSprite.cs.meta
Assets\GameObject\Pie.prefab,1b61629e20de60620583c555dc5ffa09,11500000,3,True,Assets\Scripts\Assembly-CSharp\PieAttack.cs.meta
Assets\GameObject\Place wth No powerups.prefab,af10efbf6594722d2ff01ae34ba6a7e3,11500000,3,True,Assets\Scripts\Assembly-CSharp\PlaceWithNoPowerupsAchievementListener.cs.meta
Assets\GameObject\Player Blip.prefab,84dedd87b078241ae96d152250730014,11500000,3,True,Assets\Plugins\Assembly-CSharp-firstpass\UghSprite.cs.meta
Assets\GameObject\PlayMenu.prefab,1ad56f6998c45b204ec2b47f038a44f4,11500000,3,True,Assets\Scripts\Assembly-CSharp\PlayMenuPublisher.cs.meta
Assets\GameObject\PlayMenu.prefab,84dedd87b078241ae96d152250730014,11500000,3,True,Assets\Plugins\Assembly-CSharp-firstpass\UghSprite.cs.meta
Assets\GameObject\PlayMenu.prefab,7a1d7e408882e95bdbe76a76d6f51e1c,11500000,3,True,Assets\Plugins\Assembly-CSharp-firstpass\UghButton.cs.meta
Assets\GameObject\PlayMenu.prefab,e171dc7613dc84903f6b62f321860d38,11500000,3,True,Assets\Plugins\Assembly-CSharp-firstpass\UghAlign.cs.meta
Assets\GameObject\PlayMenu.prefab,84dedd87b078241ae96d152250730014,11500000,3,True,Assets\Plugins\Assembly-CSharp-firstpass\UghSprite.cs.meta
Assets\GameObject\PlayMenu.prefab,7a1d7e408882e95bdbe76a76d6f51e1c,11500000,3,True,Assets\Plugins\Assembly-CSharp-firstpass\UghButton.cs.meta
Assets\GameObject\PlayMenu.prefab,e171dc7613dc84903f6b62f321860d38,11500000,3,True,Assets\Plugins\Assembly-CSharp-firstpass\UghAlign.cs.meta
Assets\GameObject\PlayMenu.prefab,82fef056bec561257dcb3d983f402f41,11500000,3,True,Assets\Scripts\Assembly-CSharp\ShiftContentsOnButtonDown.cs.meta
Assets\GameObject\PlayMenu.prefab,84dedd87b078241ae96d152250730014,11500000,3,True,Assets\Plugins\Assembly-CSharp-firstpass\UghSprite.cs.meta
Assets\GameObject\PlayMenu.prefab,8fcdaa4213aa6ec14c06f158bdb5d5ff,11500000,3,True,Assets\Scripts\Assembly-CSharp\LocalizedAssetSwapper.cs.meta
Assets\GameObject\PlayMenu.prefab,7a1d7e408882e95bdbe76a76d6f51e1c,11500000,3,True,Assets\Plugins\Assembly-CSharp-firstpass\UghButton.cs.meta
Assets\GameObject\PlayMenu.prefab,82fef056bec561257dcb3d983f402f41,11500000,3,True,Assets\Scripts\Assembly-CSharp\ShiftContentsOnButtonDown.cs.meta
Assets\GameObject\PlayMenu.prefab,b88ab20c864889e81141f2df8a116b5b,11500000,3,True,Assets\Plugins\Assembly-CSharp-firstpass\UghText.cs.meta
Assets\GameObject\PlayMenu.prefab,7a1d7e408882e95bdbe76a76d6f51e1c,11500000,3,True,Assets\Plugins\Assembly-CSharp-firstpass\UghButton.cs.meta
Assets\GameObject\PlayMenu.prefab,e171dc7613dc84903f6b62f321860d38,11500000,3,True,Assets\Plugins\Assembly-CSharp-firstpass\UghAlign.cs.meta
Assets\GameObject\PlayMenu.prefab,82fef056bec561257dcb3d983f402f41,11500000,3,True,Assets\Scripts\Assembly-CSharp\ShiftContentsOnButtonDown.cs.meta
Assets\GameObject\PlayMenu.prefab,b88ab20c864889e81141f2df8a116b5b,11500000,3,True,Assets\Plugins\Assembly-CSharp-firstpass\UghText.cs.meta
Assets\GameObject\PlaySummaryMenu.prefab,8d370cbe6bf7fa3949d914769e97b99b,11500000,3,True,Assets\Scripts\Assembly-CSharp\PlaySummaryPublisher.cs.meta
Assets\GameObject\PlaySummaryMenu.prefab,e6abb777ccb478136485680a1f1057d0,11500000,3,True,Assets\Scripts\Assembly-CSharp\FrontEndTutorialHandler.cs.meta
Assets\GameObject\PlaySummaryMenu.prefab,b88ab20c864889e81141f2df8a116b5b,11500000,3,True,Assets\Plugins\Assembly-CSharp-firstpass\UghText.cs.meta
Assets\GameObject\PlaySummaryMenu.prefab,e171dc7613dc84903f6b62f321860d38,11500000,3,True,Assets\Plugins\Assembly-CSharp-firstpass\UghAlign.cs.meta
Assets\GameObject\PlaySummaryMenu.prefab,7a1d7e408882e95bdbe76a76d6f51e1c,11500000,3,True,Assets\Plugins\Assembly-CSharp-firstpass\UghButton.cs.meta
Assets\GameObject\PlaySummaryMenu.prefab,82fef056bec561257dcb3d983f402f41,11500000,3,True,Assets\Scripts\Assembly-CSharp\ShiftContentsOnButtonDown.cs.meta
Assets\GameObject\PlaySummaryMenu.prefab,b88ab20c864889e81141f2df8a116b5b,11500000,3,True,Assets\Plugins\Assembly-CSharp-firstpass\UghText.cs.meta
Assets\GameObject\PlaySummaryMenu.prefab,84dedd87b078241ae96d152250730014,11500000,3,True,Assets\Plugins\Assembly-CSharp-firstpass\UghSprite.cs.meta
Assets\GameObject\PlaySummaryMenu.prefab,b88ab20c864889e81141f2df8a116b5b,11500000,3,True,Assets\Plugins\Assembly-CSharp-firstpass\UghText.cs.meta
Assets\GameObject\PlaySummaryMenu.prefab,e171dc7613dc84903f6b62f321860d38,11500000,3,True,Assets\Plugins\Assembly-CSharp-firstpass\UghAlign.cs.meta
Assets\GameObject\PlaySummaryMenu.prefab,7a1d7e408882e95bdbe76a76d6f51e1c,11500000,3,True,Assets\Plugins\Assembly-CSharp-firstpass\UghButton.cs.meta
Assets\GameObject\PlaySummaryMenu.prefab,82fef056bec561257dcb3d983f402f41,11500000,3,True,Assets\Scripts\Assembly-CSharp\ShiftContentsOnButtonDown.cs.meta
Assets\GameObject\PlaySummaryMenu.prefab,84dedd87b078241ae96d152250730014,11500000,3,True,Assets\Plugins\Assembly-CSharp-firstpass\UghSprite.cs.meta
Assets\GameObject\PlaySummaryMenu.prefab,7a1d7e408882e95bdbe76a76d6f51e1c,11500000,3,True,Assets\Plugins\Assembly-CSharp-firstpass\UghButton.cs.meta
Assets\GameObject\PlaySummaryMenu.prefab,7a1d7e408882e95bdbe76a76d6f51e1c,11500000,3,True,Assets\Plugins\Assembly-CSharp-firstpass\UghButton.cs.meta
Assets\GameObject\PlaySummaryMenu.prefab,84dedd87b078241ae96d152250730014,11500000,3,True,Assets\Plugins\Assembly-CSharp-firstpass\UghSprite.cs.meta
Assets\GameObject\PlaySummaryMenu.prefab,b88ab20c864889e81141f2df8a116b5b,11500000,3,True,Assets\Plugins\Assembly-CSharp-firstpass\UghText.cs.meta
Assets\GameObject\PlaySummaryMenu.prefab,b88ab20c864889e81141f2df8a116b5b,11500000,3,True,Assets\Plugins\Assembly-CSharp-firstpass\UghText.cs.meta
Assets\GameObject\PlaySummaryMenu.prefab,7a1d7e408882e95bdbe76a76d6f51e1c,11500000,3,True,Assets\Plugins\Assembly-CSharp-firstpass\UghButton.cs.meta
Assets\GameObject\PlaySummaryMenu.prefab,7a1d7e408882e95bdbe76a76d6f51e1c,11500000,3,True,Assets\Plugins\Assembly-CSharp-firstpass\UghButton.cs.meta
Assets\GameObject\PlaySummaryMenu.prefab,84dedd87b078241ae96d152250730014,11500000,3,True,Assets\Plugins\Assembly-CSharp-firstpass\UghSprite.cs.meta
Assets\GameObject\PlaySummaryMenu.prefab,b88ab20c864889e81141f2df8a116b5b,11500000,3,True,Assets\Plugins\Assembly-CSharp-firstpass\UghText.cs.meta
Assets\GameObject\PlaySummaryMenu.prefab,b88ab20c864889e81141f2df8a116b5b,11500000,3,True,Assets\Plugins\Assembly-CSharp-firstpass\UghText.cs.meta
Assets\GameObject\Poof.prefab,5db77d8b07b73380826e12a6a2c9f105,11500000,3,True,Assets\Scripts\Assembly-CSharp\ParticleReducer.cs.meta
Assets\GameObject\Poof.prefab,5db77d8b07b73380826e12a6a2c9f105,11500000,3,True,Assets\Scripts\Assembly-CSharp\ParticleReducer.cs.meta
Assets\GameObject\Popover Dialog.prefab,ee82bb3abbde7bebf92fcb15d3c7ac42,11500000,3,True,Assets\Scripts\Assembly-CSharp\GenericPopupPublisher.cs.meta
Assets\GameObject\Popover Dialog.prefab,7a1d7e408882e95bdbe76a76d6f51e1c,11500000,3,True,Assets\Plugins\Assembly-CSharp-firstpass\UghButton.cs.meta
Assets\GameObject\Popover Dialog.prefab,b88ab20c864889e81141f2df8a116b5b,11500000,3,True,Assets\Plugins\Assembly-CSharp-firstpass\UghText.cs.meta
Assets\GameObject\Popover Dialog.prefab,7a1d7e408882e95bdbe76a76d6f51e1c,11500000,3,True,Assets\Plugins\Assembly-CSharp-firstpass\UghButton.cs.meta
Assets\GameObject\Popover Dialog.prefab,e171dc7613dc84903f6b62f321860d38,11500000,3,True,Assets\Plugins\Assembly-CSharp-firstpass\UghAlign.cs.meta
Assets\GameObject\Popover Dialog.prefab,24a3aac8fd9959f47e2e0b2c5f17dcaf,11500000,3,True,Assets\Plugins\Assembly-CSharp-firstpass\UghStretch.cs.meta
Assets\GameObject\Popover Dialog.prefab,37f7f55b9e42c1f93a9e2f21ade5cf08,11500000,3,True,Assets\Scripts\Assembly-CSharp\InputBlocker.cs.meta
Assets\GameObject\Popover.prefab,df2d1acf0378d797f5a27c971d6946d1,11500000,3,True,Assets\Scripts\Assembly-CSharp\PopoverPublisher.cs.meta
Assets\GameObject\Popover.prefab,7a1d7e408882e95bdbe76a76d6f51e1c,11500000,3,True,Assets\Plugins\Assembly-CSharp-firstpass\UghButton.cs.meta
Assets\GameObject\Popover.prefab,b88ab20c864889e81141f2df8a116b5b,11500000,3,True,Assets\Plugins\Assembly-CSharp-firstpass\UghText.cs.meta
Assets\GameObject\Popover.prefab,e171dc7613dc84903f6b62f321860d38,11500000,3,True,Assets\Plugins\Assembly-CSharp-firstpass\UghAlign.cs.meta
Assets\GameObject\Popover.prefab,e171dc7613dc84903f6b62f321860d38,11500000,3,True,Assets\Plugins\Assembly-CSharp-firstpass\UghAlign.cs.meta
Assets\GameObject\PowerSlide Boost x5.prefab,a8dda54ec8c5a13b52e2291bf5abe3e3,11500000,3,True,Assets\Scripts\Assembly-CSharp\PowerSlideBoostAchievementListener.cs.meta
Assets\GameObject\PowerUpDisplay Boost.prefab,84dedd87b078241ae96d152250730014,11500000,3,True,Assets\Plugins\Assembly-CSharp-firstpass\UghSprite.cs.meta
Assets\GameObject\PowerUpDisplay Mine.prefab,84dedd87b078241ae96d152250730014,11500000,3,True,Assets\Plugins\Assembly-CSharp-firstpass\UghSprite.cs.meta
Assets\GameObject\PowerUpDisplay Rocket.prefab,84dedd87b078241ae96d152250730014,11500000,3,True,Assets\Plugins\Assembly-CSharp-firstpass\UghSprite.cs.meta
Assets\GameObject\PowerUpDisplay Shield.prefab,84dedd87b078241ae96d152250730014,11500000,3,True,Assets\Plugins\Assembly-CSharp-firstpass\UghSprite.cs.meta
Assets\GameObject\Pranksgiving.prefab,14938888863ffa5c373b8f39c15c49ed,11500000,3,True,Assets\Scripts\Assembly-CSharp\RaceSettings.cs.meta
Assets\GameObject\Purchase Indicator.prefab,ee82bb3abbde7bebf92fcb15d3c7ac42,11500000,3,True,Assets\Scripts\Assembly-CSharp\GenericPopupPublisher.cs.meta
Assets\GameObject\Purchase Indicator.prefab,84dedd87b078241ae96d152250730014,11500000,3,True,Assets\Plugins\Assembly-CSharp-firstpass\UghSprite.cs.meta
Assets\GameObject\Purchase Indicator.prefab,b88ab20c864889e81141f2df8a116b5b,11500000,3,True,Assets\Plugins\Assembly-CSharp-firstpass\UghText.cs.meta
Assets\GameObject\Purchase Indicator.prefab,7a1d7e408882e95bdbe76a76d6f51e1c,11500000,3,True,Assets\Plugins\Assembly-CSharp-firstpass\UghButton.cs.meta
Assets\GameObject\Purchase Indicator.prefab,e171dc7613dc84903f6b62f321860d38,11500000,3,True,Assets\Plugins\Assembly-CSharp-firstpass\UghAlign.cs.meta
Assets\GameObject\Purchase Indicator.prefab,24a3aac8fd9959f47e2e0b2c5f17dcaf,11500000,3,True,Assets\Plugins\Assembly-CSharp-firstpass\UghStretch.cs.meta
Assets\GameObject\Purchase Indicator.prefab,37f7f55b9e42c1f93a9e2f21ade5cf08,11500000,3,True,Assets\Scripts\Assembly-CSharp\InputBlocker.cs.meta
Assets\GameObject\Purchase Indicator.prefab,b6b1b864961db0b3fda2f20ac99449b8,11500000,3,True,Assets\Scripts\Assembly-CSharp\LoadSpin.cs.meta
Assets\GameObject\Purchase Notification Popup.prefab,d7ffa5bbc73ed4bdea5b421e48017fe6,11500000,3,True,Assets\Scripts\Assembly-CSharp\ConfirmationPublisher.cs.meta
Assets\GameObject\Purchase Notification Popup.prefab,84dedd87b078241ae96d152250730014,11500000,3,True,Assets\Plugins\Assembly-CSharp-firstpass\UghSprite.cs.meta
Assets\GameObject\Purchase Notification Popup.prefab,b88ab20c864889e81141f2df8a116b5b,11500000,3,True,Assets\Plugins\Assembly-CSharp-firstpass\UghText.cs.meta
Assets\GameObject\Purchase Notification Popup.prefab,b88ab20c864889e81141f2df8a116b5b,11500000,3,True,Assets\Plugins\Assembly-CSharp-firstpass\UghText.cs.meta
Assets\GameObject\Purchase Notification Popup.prefab,7a1d7e408882e95bdbe76a76d6f51e1c,11500000,3,True,Assets\Plugins\Assembly-CSharp-firstpass\UghButton.cs.meta
Assets\GameObject\Purchase Notification Popup.prefab,82fef056bec561257dcb3d983f402f41,11500000,3,True,Assets\Scripts\Assembly-CSharp\ShiftContentsOnButtonDown.cs.meta
Assets\GameObject\Purchase Notification Popup.prefab,b88ab20c864889e81141f2df8a116b5b,11500000,3,True,Assets\Plugins\Assembly-CSharp-firstpass\UghText.cs.meta
Assets\GameObject\Purchase Notification Popup.prefab,7a1d7e408882e95bdbe76a76d6f51e1c,11500000,3,True,Assets\Plugins\Assembly-CSharp-firstpass\UghButton.cs.meta
Assets\GameObject\Purchase Notification Popup.prefab,e171dc7613dc84903f6b62f321860d38,11500000,3,True,Assets\Plugins\Assembly-CSharp-firstpass\UghAlign.cs.meta
Assets\GameObject\Purchase Notification Popup.prefab,24a3aac8fd9959f47e2e0b2c5f17dcaf,11500000,3,True,Assets\Plugins\Assembly-CSharp-firstpass\UghStretch.cs.meta
Assets\GameObject\Purchase Notification Popup.prefab,37f7f55b9e42c1f93a9e2f21ade5cf08,11500000,3,True,Assets\Scripts\Assembly-CSharp\InputBlocker.cs.meta
Assets\GameObject\Pyrotechnics particles.prefab,5db77d8b07b73380826e12a6a2c9f105,11500000,3,True,Assets\Scripts\Assembly-CSharp\ParticleReducer.cs.meta
Assets\GameObject\RandomShot.prefab,44b7913d0c25d37ea7567198c06978a1,11500000,3,True,Assets\Scripts\Assembly-CSharp\UFOLogic.cs.meta
Assets\GameObject\Randy.prefab,8f5e0a7b962508adf616efe9e2d068b1,11500000,3,True,Assets\Scripts\Assembly-CSharp\CartPart.cs.meta
Assets\GameObject\Rewind Dialog.prefab,57786eb7b58527ecfbe3bbb619de4025,11500000,3,True,Assets\Scripts\Assembly-CSharp\RewindDialogPublisher.cs.meta
Assets\GameObject\Rewind Dialog.prefab,e171dc7613dc84903f6b62f321860d38,11500000,3,True,Assets\Plugins\Assembly-CSharp-firstpass\UghAlign.cs.meta
Assets\GameObject\Rewind Dialog.prefab,b88ab20c864889e81141f2df8a116b5b,11500000,3,True,Assets\Plugins\Assembly-CSharp-firstpass\UghText.cs.meta
Assets\GameObject\Rewind Dialog.prefab,84dedd87b078241ae96d152250730014,11500000,3,True,Assets\Plugins\Assembly-CSharp-firstpass\UghSprite.cs.meta
Assets\GameObject\Rewind Dialog.prefab,7a1d7e408882e95bdbe76a76d6f51e1c,11500000,3,True,Assets\Plugins\Assembly-CSharp-firstpass\UghButton.cs.meta
Assets\GameObject\Rewind Dialog.prefab,e171dc7613dc84903f6b62f321860d38,11500000,3,True,Assets\Plugins\Assembly-CSharp-firstpass\UghAlign.cs.meta
Assets\GameObject\Rewind Dialog.prefab,24a3aac8fd9959f47e2e0b2c5f17dcaf,11500000,3,True,Assets\Plugins\Assembly-CSharp-firstpass\UghStretch.cs.meta
Assets\GameObject\Rewind Dialog.prefab,37f7f55b9e42c1f93a9e2f21ade5cf08,11500000,3,True,Assets\Scripts\Assembly-CSharp\InputBlocker.cs.meta
Assets\GameObject\Rewind Dialog.prefab,84dedd87b078241ae96d152250730014,11500000,3,True,Assets\Plugins\Assembly-CSharp-firstpass\UghSprite.cs.meta
Assets\GameObject\Rewind Dialog.prefab,7a1d7e408882e95bdbe76a76d6f51e1c,11500000,3,True,Assets\Plugins\Assembly-CSharp-firstpass\UghButton.cs.meta
Assets\GameObject\Rewind Dialog.prefab,b88ab20c864889e81141f2df8a116b5b,11500000,3,True,Assets\Plugins\Assembly-CSharp-firstpass\UghText.cs.meta
Assets\GameObject\Rewind Dialog.prefab,84dedd87b078241ae96d152250730014,11500000,3,True,Assets\Plugins\Assembly-CSharp-firstpass\UghSprite.cs.meta
Assets\GameObject\Rewind Dialog.prefab,84dedd87b078241ae96d152250730014,11500000,3,True,Assets\Plugins\Assembly-CSharp-firstpass\UghSprite.cs.meta
Assets\GameObject\Rewind Dialog.prefab,b88ab20c864889e81141f2df8a116b5b,11500000,3,True,Assets\Plugins\Assembly-CSharp-firstpass\UghText.cs.meta
Assets\GameObject\Rewind Dialog.prefab,7a1d7e408882e95bdbe76a76d6f51e1c,11500000,3,True,Assets\Plugins\Assembly-CSharp-firstpass\UghButton.cs.meta
Assets\GameObject\Rewind Dialog.prefab,b88ab20c864889e81141f2df8a116b5b,11500000,3,True,Assets\Plugins\Assembly-CSharp-firstpass\UghText.cs.meta
Assets\GameObject\Rewind Dialog.prefab,b88ab20c864889e81141f2df8a116b5b,11500000,3,True,Assets\Plugins\Assembly-CSharp-firstpass\UghText.cs.meta
Assets\GameObject\Rocket Pickup.prefab,9f53efec98452db3825b777095f4d4d7,11500000,3,True,Assets\Scripts\Assembly-CSharp\RotatorAI.cs.meta
Assets\GameObject\Rocket Pickup.prefab,530441293059872e615cd09af25d5827,11500000,3,True,Assets\Scripts\Assembly-CSharp\RocketPickup.cs.meta
Assets\GameObject\Rocket Pickup.prefab,71c30d28ad73b040f6e74d951b378742,11500000,3,True,Assets\Scripts\Assembly-CSharp\ObjectTrackDistanceLogic.cs.meta
Assets\GameObject\Rocket Pickup.prefab,71c30d28ad73b040f6e74d951b378742,11500000,3,True,Assets\Scripts\Assembly-CSharp\ObjectTrackDistanceLogic.cs.meta
Assets\GameObject\Rocket.prefab,6a0cfea11cf6576d5d4576e8a1b1a603,11500000,3,True,Assets\Scripts\Assembly-CSharp\RocketAI.cs.meta
Assets\GameObject\Rocket.prefab,68160b5b26b0f1eab73a836a60fa3fb2,11500000,3,True,Assets\Scripts\Assembly-CSharp\SoundSequencer.cs.meta
Assets\GameObject\RocketFire.prefab,5db77d8b07b73380826e12a6a2c9f105,11500000,3,True,Assets\Scripts\Assembly-CSharp\ParticleReducer.cs.meta
Assets\GameObject\Scoop-inator Bronze.prefab,22abb528e911ba5f261a169bcda56437,11500000,3,True,Assets\Scripts\Assembly-CSharp\PaintJob.cs.meta
Assets\GameObject\Scoop-inator Copper.prefab,22abb528e911ba5f261a169bcda56437,11500000,3,True,Assets\Scripts\Assembly-CSharp\PaintJob.cs.meta
Assets\GameObject\Scoop-inator Gold.prefab,22abb528e911ba5f261a169bcda56437,11500000,3,True,Assets\Scripts\Assembly-CSharp\PaintJob.cs.meta
Assets\GameObject\Scoop-inator Silver.prefab,22abb528e911ba5f261a169bcda56437,11500000,3,True,Assets\Scripts\Assembly-CSharp\PaintJob.cs.meta
Assets\GameObject\Scoop-inator Steel.prefab,22abb528e911ba5f261a169bcda56437,11500000,3,True,Assets\Scripts\Assembly-CSharp\PaintJob.cs.meta
Assets\GameObject\Scorchin' Thrusters Bronze.prefab,22abb528e911ba5f261a169bcda56437,11500000,3,True,Assets\Scripts\Assembly-CSharp\PaintJob.cs.meta
Assets\GameObject\Scorchin' Thrusters Copper.prefab,22abb528e911ba5f261a169bcda56437,11500000,3,True,Assets\Scripts\Assembly-CSharp\PaintJob.cs.meta
Assets\GameObject\Scorchin' Thrusters Gold.prefab,22abb528e911ba5f261a169bcda56437,11500000,3,True,Assets\Scripts\Assembly-CSharp\PaintJob.cs.meta
Assets\GameObject\Scorchin' Thrusters Silver.prefab,22abb528e911ba5f261a169bcda56437,11500000,3,True,Assets\Scripts\Assembly-CSharp\PaintJob.cs.meta
Assets\GameObject\Scorchin' Thrusters Steel.prefab,22abb528e911ba5f261a169bcda56437,11500000,3,True,Assets\Scripts\Assembly-CSharp\PaintJob.cs.meta
Assets\GameObject\Select Circuit Menu.prefab,db56998a4dbf164bd0e432c716bca73a,11500000,3,True,Assets\Scripts\Assembly-CSharp\SelectCircuitPublisher.cs.meta
Assets\GameObject\Select Circuit Menu.prefab,e171dc7613dc84903f6b62f321860d38,11500000,3,True,Assets\Plugins\Assembly-CSharp-firstpass\UghAlign.cs.meta
Assets\GameObject\Select Circuit Menu.prefab,b88ab20c864889e81141f2df8a116b5b,11500000,3,True,Assets\Plugins\Assembly-CSharp-firstpass\UghText.cs.meta
Assets\GameObject\Select Circuit Menu.prefab,7a1d7e408882e95bdbe76a76d6f51e1c,11500000,3,True,Assets\Plugins\Assembly-CSharp-firstpass\UghButton.cs.meta
Assets\GameObject\Select Circuit Menu.prefab,84dedd87b078241ae96d152250730014,11500000,3,True,Assets\Plugins\Assembly-CSharp-firstpass\UghSprite.cs.meta
Assets\GameObject\Select Circuit Menu.prefab,84dedd87b078241ae96d152250730014,11500000,3,True,Assets\Plugins\Assembly-CSharp-firstpass\UghSprite.cs.meta
Assets\GameObject\Select Circuit Menu.prefab,84dedd87b078241ae96d152250730014,11500000,3,True,Assets\Plugins\Assembly-CSharp-firstpass\UghSprite.cs.meta
Assets\GameObject\Select Circuit Menu.prefab,84dedd87b078241ae96d152250730014,11500000,3,True,Assets\Plugins\Assembly-CSharp-firstpass\UghSprite.cs.meta
Assets\GameObject\Select Circuit Menu.prefab,84dedd87b078241ae96d152250730014,11500000,3,True,Assets\Plugins\Assembly-CSharp-firstpass\UghSprite.cs.meta
Assets\GameObject\Select Circuit Menu.prefab,84dedd87b078241ae96d152250730014,11500000,3,True,Assets\Plugins\Assembly-CSharp-firstpass\UghSprite.cs.meta
Assets\GameObject\Select Circuit Menu.prefab,84dedd87b078241ae96d152250730014,11500000,3,True,Assets\Plugins\Assembly-CSharp-firstpass\UghSprite.cs.meta
Assets\GameObject\Select Circuit Menu.prefab,b88ab20c864889e81141f2df8a116b5b,11500000,3,True,Assets\Plugins\Assembly-CSharp-firstpass\UghText.cs.meta
Assets\GameObject\Select Circuit Menu.prefab,7a1d7e408882e95bdbe76a76d6f51e1c,11500000,3,True,Assets\Plugins\Assembly-CSharp-firstpass\UghButton.cs.meta
Assets\GameObject\Select Circuit Menu.prefab,84dedd87b078241ae96d152250730014,11500000,3,True,Assets\Plugins\Assembly-CSharp-firstpass\UghSprite.cs.meta
Assets\GameObject\Select Circuit Menu.prefab,84dedd87b078241ae96d152250730014,11500000,3,True,Assets\Plugins\Assembly-CSharp-firstpass\UghSprite.cs.meta
Assets\GameObject\Select Circuit Menu.prefab,84dedd87b078241ae96d152250730014,11500000,3,True,Assets\Plugins\Assembly-CSharp-firstpass\UghSprite.cs.meta
Assets\GameObject\Select Circuit Menu.prefab,84dedd87b078241ae96d152250730014,11500000,3,True,Assets\Plugins\Assembly-CSharp-firstpass\UghSprite.cs.meta
Assets\GameObject\Select Circuit Menu.prefab,84dedd87b078241ae96d152250730014,11500000,3,True,Assets\Plugins\Assembly-CSharp-firstpass\UghSprite.cs.meta
Assets\GameObject\Select Circuit Menu.prefab,84dedd87b078241ae96d152250730014,11500000,3,True,Assets\Plugins\Assembly-CSharp-firstpass\UghSprite.cs.meta
Assets\GameObject\Select Circuit Menu.prefab,84dedd87b078241ae96d152250730014,11500000,3,True,Assets\Plugins\Assembly-CSharp-firstpass\UghSprite.cs.meta
Assets\GameObject\Select Circuit Menu.prefab,b88ab20c864889e81141f2df8a116b5b,11500000,3,True,Assets\Plugins\Assembly-CSharp-firstpass\UghText.cs.meta
Assets\GameObject\Select Circuit Menu.prefab,7a1d7e408882e95bdbe76a76d6f51e1c,11500000,3,True,Assets\Plugins\Assembly-CSharp-firstpass\UghButton.cs.meta
Assets\GameObject\Select Circuit Menu.prefab,84dedd87b078241ae96d152250730014,11500000,3,True,Assets\Plugins\Assembly-CSharp-firstpass\UghSprite.cs.meta
Assets\GameObject\Select Circuit Menu.prefab,84dedd87b078241ae96d152250730014,11500000,3,True,Assets\Plugins\Assembly-CSharp-firstpass\UghSprite.cs.meta
Assets\GameObject\Select Circuit Menu.prefab,84dedd87b078241ae96d152250730014,11500000,3,True,Assets\Plugins\Assembly-CSharp-firstpass\UghSprite.cs.meta
Assets\GameObject\Select Circuit Menu.prefab,84dedd87b078241ae96d152250730014,11500000,3,True,Assets\Plugins\Assembly-CSharp-firstpass\UghSprite.cs.meta
Assets\GameObject\Select Circuit Menu.prefab,84dedd87b078241ae96d152250730014,11500000,3,True,Assets\Plugins\Assembly-CSharp-firstpass\UghSprite.cs.meta
Assets\GameObject\Select Circuit Menu.prefab,84dedd87b078241ae96d152250730014,11500000,3,True,Assets\Plugins\Assembly-CSharp-firstpass\UghSprite.cs.meta
Assets\GameObject\Select Circuit Menu.prefab,7a1d7e408882e95bdbe76a76d6f51e1c,11500000,3,True,Assets\Plugins\Assembly-CSharp-firstpass\UghButton.cs.meta
Assets\GameObject\Select Circuit Menu.prefab,b88ab20c864889e81141f2df8a116b5b,11500000,3,True,Assets\Plugins\Assembly-CSharp-firstpass\UghText.cs.meta
Assets\GameObject\Select Circuit Menu.prefab,b88ab20c864889e81141f2df8a116b5b,11500000,3,True,Assets\Plugins\Assembly-CSharp-firstpass\UghText.cs.meta
Assets\GameObject\Select Circuit Menu.prefab,8fcdaa4213aa6ec14c06f158bdb5d5ff,11500000,3,True,Assets\Scripts\Assembly-CSharp\LocalizedAssetSwapper.cs.meta
Assets\GameObject\Select Circuit Menu.prefab,b88ab20c864889e81141f2df8a116b5b,11500000,3,True,Assets\Plugins\Assembly-CSharp-firstpass\UghText.cs.meta
Assets\GameObject\Select Circuit Menu.prefab,b88ab20c864889e81141f2df8a116b5b,11500000,3,True,Assets\Plugins\Assembly-CSharp-firstpass\UghText.cs.meta
Assets\GameObject\Select Circuit Menu.prefab,7a1d7e408882e95bdbe76a76d6f51e1c,11500000,3,True,Assets\Plugins\Assembly-CSharp-firstpass\UghButton.cs.meta
Assets\GameObject\Select Circuit Menu.prefab,e171dc7613dc84903f6b62f321860d38,11500000,3,True,Assets\Plugins\Assembly-CSharp-firstpass\UghAlign.cs.meta
Assets\GameObject\Select Circuit Menu.prefab,7a1d7e408882e95bdbe76a76d6f51e1c,11500000,3,True,Assets\Plugins\Assembly-CSharp-firstpass\UghButton.cs.meta
Assets\GameObject\Select Circuit Menu.prefab,82fef056bec561257dcb3d983f402f41,11500000,3,True,Assets\Scripts\Assembly-CSharp\ShiftContentsOnButtonDown.cs.meta
Assets\GameObject\Select Circuit Menu.prefab,b88ab20c864889e81141f2df8a116b5b,11500000,3,True,Assets\Plugins\Assembly-CSharp-firstpass\UghText.cs.meta
Assets\GameObject\Select Circuit Menu.prefab,e171dc7613dc84903f6b62f321860d38,11500000,3,True,Assets\Plugins\Assembly-CSharp-firstpass\UghAlign.cs.meta
Assets\GameObject\Select Track Menu.prefab,3e04911d9b1738068d45bfe7d7f0235d,11500000,3,True,Assets\Scripts\Assembly-CSharp\TrackSelectPublisher.cs.meta
Assets\GameObject\Select Track Menu.prefab,b88ab20c864889e81141f2df8a116b5b,11500000,3,True,Assets\Plugins\Assembly-CSharp-firstpass\UghText.cs.meta
Assets\GameObject\Select Track Menu.prefab,e171dc7613dc84903f6b62f321860d38,11500000,3,True,Assets\Plugins\Assembly-CSharp-firstpass\UghAlign.cs.meta
Assets\GameObject\Select Track Menu.prefab,e171dc7613dc84903f6b62f321860d38,11500000,3,True,Assets\Plugins\Assembly-CSharp-firstpass\UghAlign.cs.meta
Assets\GameObject\Select Track Menu.prefab,7a1d7e408882e95bdbe76a76d6f51e1c,11500000,3,True,Assets\Plugins\Assembly-CSharp-firstpass\UghButton.cs.meta
Assets\GameObject\Select Track Menu.prefab,82fef056bec561257dcb3d983f402f41,11500000,3,True,Assets\Scripts\Assembly-CSharp\ShiftContentsOnButtonDown.cs.meta
Assets\GameObject\Select Track Menu.prefab,84dedd87b078241ae96d152250730014,11500000,3,True,Assets\Plugins\Assembly-CSharp-firstpass\UghSprite.cs.meta
Assets\GameObject\Select Track Menu.prefab,84dedd87b078241ae96d152250730014,11500000,3,True,Assets\Plugins\Assembly-CSharp-firstpass\UghSprite.cs.meta
Assets\GameObject\Select Track Menu.prefab,84dedd87b078241ae96d152250730014,11500000,3,True,Assets\Plugins\Assembly-CSharp-firstpass\UghSprite.cs.meta
Assets\GameObject\Select Track Menu.prefab,84dedd87b078241ae96d152250730014,11500000,3,True,Assets\Plugins\Assembly-CSharp-firstpass\UghSprite.cs.meta
Assets\GameObject\Select Track Menu.prefab,84dedd87b078241ae96d152250730014,11500000,3,True,Assets\Plugins\Assembly-CSharp-firstpass\UghSprite.cs.meta
Assets\GameObject\Select Track Menu.prefab,84dedd87b078241ae96d152250730014,11500000,3,True,Assets\Plugins\Assembly-CSharp-firstpass\UghSprite.cs.meta
Assets\GameObject\Select Track Menu.prefab,84dedd87b078241ae96d152250730014,11500000,3,True,Assets\Plugins\Assembly-CSharp-firstpass\UghSprite.cs.meta
Assets\GameObject\Select Track Menu.prefab,b88ab20c864889e81141f2df8a116b5b,11500000,3,True,Assets\Plugins\Assembly-CSharp-firstpass\UghText.cs.meta
Assets\GameObject\Select Track Menu.prefab,7a1d7e408882e95bdbe76a76d6f51e1c,11500000,3,True,Assets\Plugins\Assembly-CSharp-firstpass\UghButton.cs.meta
Assets\GameObject\Select Track Menu.prefab,84dedd87b078241ae96d152250730014,11500000,3,True,Assets\Plugins\Assembly-CSharp-firstpass\UghSprite.cs.meta
Assets\GameObject\Select Track Menu.prefab,84dedd87b078241ae96d152250730014,11500000,3,True,Assets\Plugins\Assembly-CSharp-firstpass\UghSprite.cs.meta
Assets\GameObject\Select Track Menu.prefab,84dedd87b078241ae96d152250730014,11500000,3,True,Assets\Plugins\Assembly-CSharp-firstpass\UghSprite.cs.meta
Assets\GameObject\Select Track Menu.prefab,84dedd87b078241ae96d152250730014,11500000,3,True,Assets\Plugins\Assembly-CSharp-firstpass\UghSprite.cs.meta
Assets\GameObject\Select Track Menu.prefab,84dedd87b078241ae96d152250730014,11500000,3,True,Assets\Plugins\Assembly-CSharp-firstpass\UghSprite.cs.meta
Assets\GameObject\Select Track Menu.prefab,84dedd87b078241ae96d152250730014,11500000,3,True,Assets\Plugins\Assembly-CSharp-firstpass\UghSprite.cs.meta
Assets\GameObject\Select Track Menu.prefab,b88ab20c864889e81141f2df8a116b5b,11500000,3,True,Assets\Plugins\Assembly-CSharp-firstpass\UghText.cs.meta
Assets\GameObject\Select Track Menu.prefab,7a1d7e408882e95bdbe76a76d6f51e1c,11500000,3,True,Assets\Plugins\Assembly-CSharp-firstpass\UghButton.cs.meta
Assets\GameObject\Select Track Menu.prefab,84dedd87b078241ae96d152250730014,11500000,3,True,Assets\Plugins\Assembly-CSharp-firstpass\UghSprite.cs.meta
Assets\GameObject\Select Track Menu.prefab,84dedd87b078241ae96d152250730014,11500000,3,True,Assets\Plugins\Assembly-CSharp-firstpass\UghSprite.cs.meta
Assets\GameObject\Select Track Menu.prefab,84dedd87b078241ae96d152250730014,11500000,3,True,Assets\Plugins\Assembly-CSharp-firstpass\UghSprite.cs.meta
Assets\GameObject\Select Track Menu.prefab,84dedd87b078241ae96d152250730014,11500000,3,True,Assets\Plugins\Assembly-CSharp-firstpass\UghSprite.cs.meta
Assets\GameObject\Select Track Menu.prefab,84dedd87b078241ae96d152250730014,11500000,3,True,Assets\Plugins\Assembly-CSharp-firstpass\UghSprite.cs.meta
Assets\GameObject\Select Track Menu.prefab,84dedd87b078241ae96d152250730014,11500000,3,True,Assets\Plugins\Assembly-CSharp-firstpass\UghSprite.cs.meta
Assets\GameObject\Select Track Menu.prefab,b88ab20c864889e81141f2df8a116b5b,11500000,3,True,Assets\Plugins\Assembly-CSharp-firstpass\UghText.cs.meta
Assets\GameObject\Select Track Menu.prefab,7a1d7e408882e95bdbe76a76d6f51e1c,11500000,3,True,Assets\Plugins\Assembly-CSharp-firstpass\UghButton.cs.meta
Assets\GameObject\SettingsMenu.prefab,5867ac38f52e34b2d0a15fa45d5373e9,11500000,3,True,Assets\Scripts\Assembly-CSharp\SettingsMenuPublisher.cs.meta
Assets\GameObject\SettingsMenu.prefab,1c1a470cd62aab1d22b0fc84a111e64e,11500000,3,True,Assets\Scripts\Assembly-CSharp\AgeGatePopup.cs.meta
Assets\GameObject\SettingsMenu.prefab,84dedd87b078241ae96d152250730014,11500000,3,True,Assets\Plugins\Assembly-CSharp-firstpass\UghSprite.cs.meta
Assets\GameObject\SettingsMenu.prefab,b88ab20c864889e81141f2df8a116b5b,11500000,3,True,Assets\Plugins\Assembly-CSharp-firstpass\UghText.cs.meta
Assets\GameObject\SettingsMenu.prefab,7a1d7e408882e95bdbe76a76d6f51e1c,11500000,3,True,Assets\Plugins\Assembly-CSharp-firstpass\UghButton.cs.meta
Assets\GameObject\SettingsMenu.prefab,b88ab20c864889e81141f2df8a116b5b,11500000,3,True,Assets\Plugins\Assembly-CSharp-firstpass\UghText.cs.meta
Assets\GameObject\SettingsMenu.prefab,b88ab20c864889e81141f2df8a116b5b,11500000,3,True,Assets\Plugins\Assembly-CSharp-firstpass\UghText.cs.meta
Assets\GameObject\SettingsMenu.prefab,b88ab20c864889e81141f2df8a116b5b,11500000,3,True,Assets\Plugins\Assembly-CSharp-firstpass\UghText.cs.meta
Assets\GameObject\SettingsMenu.prefab,7a1d7e408882e95bdbe76a76d6f51e1c,11500000,3,True,Assets\Plugins\Assembly-CSharp-firstpass\UghButton.cs.meta
Assets\GameObject\SettingsMenu.prefab,82fef056bec561257dcb3d983f402f41,11500000,3,True,Assets\Scripts\Assembly-CSharp\ShiftContentsOnButtonDown.cs.meta
Assets\GameObject\SettingsMenu.prefab,84dedd87b078241ae96d152250730014,11500000,3,True,Assets\Plugins\Assembly-CSharp-firstpass\UghSprite.cs.meta
Assets\GameObject\SettingsMenu.prefab,b88ab20c864889e81141f2df8a116b5b,11500000,3,True,Assets\Plugins\Assembly-CSharp-firstpass\UghText.cs.meta
Assets\GameObject\SettingsMenu.prefab,7a1d7e408882e95bdbe76a76d6f51e1c,11500000,3,True,Assets\Plugins\Assembly-CSharp-firstpass\UghButton.cs.meta
Assets\GameObject\SettingsMenu.prefab,82fef056bec561257dcb3d983f402f41,11500000,3,True,Assets\Scripts\Assembly-CSharp\ShiftContentsOnButtonDown.cs.meta
Assets\GameObject\SettingsMenu.prefab,b88ab20c864889e81141f2df8a116b5b,11500000,3,True,Assets\Plugins\Assembly-CSharp-firstpass\UghText.cs.meta
Assets\GameObject\SettingsMenu.prefab,7a1d7e408882e95bdbe76a76d6f51e1c,11500000,3,True,Assets\Plugins\Assembly-CSharp-firstpass\UghButton.cs.meta
Assets\GameObject\SettingsMenu.prefab,b88ab20c864889e81141f2df8a116b5b,11500000,3,True,Assets\Plugins\Assembly-CSharp-firstpass\UghText.cs.meta
Assets\GameObject\SettingsMenu.prefab,f913b3d4483bbea8448207e2623c98fe,11500000,3,True,Assets\Plugins\Assembly-CSharp-firstpass\UghToggle.cs.meta
Assets\GameObject\SettingsMenu.prefab,9d8ad2767be83e27c9302b89d2b37ab6,11500000,3,True,Assets\Scripts\Assembly-CSharp\ShiftContentsOnToggleDown.cs.meta
Assets\GameObject\SettingsMenu.prefab,b88ab20c864889e81141f2df8a116b5b,11500000,3,True,Assets\Plugins\Assembly-CSharp-firstpass\UghText.cs.meta
Assets\GameObject\SettingsMenu.prefab,b88ab20c864889e81141f2df8a116b5b,11500000,3,True,Assets\Plugins\Assembly-CSharp-firstpass\UghText.cs.meta
Assets\GameObject\SettingsMenu.prefab,84dedd87b078241ae96d152250730014,11500000,3,True,Assets\Plugins\Assembly-CSharp-firstpass\UghSprite.cs.meta
Assets\GameObject\SettingsMenu.prefab,7a1d7e408882e95bdbe76a76d6f51e1c,11500000,3,True,Assets\Plugins\Assembly-CSharp-firstpass\UghButton.cs.meta
Assets\GameObject\SettingsMenu.prefab,deeee3345407406a83a90f24b29a05d2,11500000,3,True,Assets\Scripts\Assembly-CSharp\VolumeSlider.cs.meta
Assets\GameObject\SettingsMenu.prefab,84dedd87b078241ae96d152250730014,11500000,3,True,Assets\Plugins\Assembly-CSharp-firstpass\UghSprite.cs.meta
Assets\GameObject\SettingsMenu.prefab,7a1d7e408882e95bdbe76a76d6f51e1c,11500000,3,True,Assets\Plugins\Assembly-CSharp-firstpass\UghButton.cs.meta
Assets\GameObject\SettingsMenu.prefab,82fef056bec561257dcb3d983f402f41,11500000,3,True,Assets\Scripts\Assembly-CSharp\ShiftContentsOnButtonDown.cs.meta
Assets\GameObject\SettingsMenu.prefab,b88ab20c864889e81141f2df8a116b5b,11500000,3,True,Assets\Plugins\Assembly-CSharp-firstpass\UghText.cs.meta
Assets\GameObject\SettingsMenu.prefab,7a1d7e408882e95bdbe76a76d6f51e1c,11500000,3,True,Assets\Plugins\Assembly-CSharp-firstpass\UghButton.cs.meta
Assets\GameObject\SettingsMenu.prefab,deeee3345407406a83a90f24b29a05d2,11500000,3,True,Assets\Scripts\Assembly-CSharp\VolumeSlider.cs.meta
Assets\GameObject\SettingsMenu.prefab,84dedd87b078241ae96d152250730014,11500000,3,True,Assets\Plugins\Assembly-CSharp-firstpass\UghSprite.cs.meta
Assets\GameObject\SettingsMenu.prefab,84dedd87b078241ae96d152250730014,11500000,3,True,Assets\Plugins\Assembly-CSharp-firstpass\UghSprite.cs.meta
Assets\GameObject\SettingsMenu.prefab,7a1d7e408882e95bdbe76a76d6f51e1c,11500000,3,True,Assets\Plugins\Assembly-CSharp-firstpass\UghButton.cs.meta
Assets\GameObject\SettingsMenu.prefab,82fef056bec561257dcb3d983f402f41,11500000,3,True,Assets\Scripts\Assembly-CSharp\ShiftContentsOnButtonDown.cs.meta
Assets\GameObject\SettingsMenu.prefab,84dedd87b078241ae96d152250730014,11500000,3,True,Assets\Plugins\Assembly-CSharp-firstpass\UghSprite.cs.meta
Assets\GameObject\Shield Double.prefab,94873483e708f4fa4a57b3033bbbcc5d,11500000,3,True,Assets\Scripts\Assembly-CSharp\AnimatedTexture.cs.meta
Assets\GameObject\Shield.prefab,94873483e708f4fa4a57b3033bbbcc5d,11500000,3,True,Assets\Scripts\Assembly-CSharp\AnimatedTexture.cs.meta
Assets\GameObject\ShieldPickup.prefab,9f53efec98452db3825b777095f4d4d7,11500000,3,True,Assets\Scripts\Assembly-CSharp\RotatorAI.cs.meta
Assets\GameObject\ShieldPickup.prefab,49218bfb1ac7945ec3ad95cf2182c01e,11500000,3,True,Assets\Scripts\Assembly-CSharp\ShieldPickup.cs.meta
Assets\GameObject\ShieldPickup.prefab,71c30d28ad73b040f6e74d951b378742,11500000,3,True,Assets\Scripts\Assembly-CSharp\ObjectTrackDistanceLogic.cs.meta
Assets\GameObject\ShieldPickup.prefab,71c30d28ad73b040f6e74d951b378742,11500000,3,True,Assets\Scripts\Assembly-CSharp\ObjectTrackDistanceLogic.cs.meta
Assets\GameObject\SoundLibrary.prefab,71eb5fed38c760cced3d869e5e7193d6,11500000,3,True,Assets\Scripts\Assembly-CSharp\SoundLibrary.cs.meta
Assets\GameObject\SoundLibrary.prefab,f4ecc36b301d98bef0e82c016c08c7c0,11500000,3,True,Assets\Scripts\Assembly-CSharp\MusicPlayer.cs.meta
Assets\GameObject\Speedster Black.prefab,22abb528e911ba5f261a169bcda56437,11500000,3,True,Assets\Scripts\Assembly-CSharp\PaintJob.cs.meta
Assets\GameObject\Speedster Blue.prefab,22abb528e911ba5f261a169bcda56437,11500000,3,True,Assets\Scripts\Assembly-CSharp\PaintJob.cs.meta
Assets\GameObject\Speedster Gunther Custom.prefab,22abb528e911ba5f261a169bcda56437,11500000,3,True,Assets\Scripts\Assembly-CSharp\PaintJob.cs.meta
Assets\GameObject\Speedster Kick Custom.prefab,22abb528e911ba5f261a169bcda56437,11500000,3,True,Assets\Scripts\Assembly-CSharp\PaintJob.cs.meta
Assets\GameObject\Speedster Pink.prefab,22abb528e911ba5f261a169bcda56437,11500000,3,True,Assets\Scripts\Assembly-CSharp\PaintJob.cs.meta
Assets\GameObject\Speedster Purple.prefab,22abb528e911ba5f261a169bcda56437,11500000,3,True,Assets\Scripts\Assembly-CSharp\PaintJob.cs.meta
Assets\GameObject\Speedster Red.prefab,22abb528e911ba5f261a169bcda56437,11500000,3,True,Assets\Scripts\Assembly-CSharp\PaintJob.cs.meta
Assets\GameObject\Speedy Scoop Bronze.prefab,22abb528e911ba5f261a169bcda56437,11500000,3,True,Assets\Scripts\Assembly-CSharp\PaintJob.cs.meta
Assets\GameObject\Speedy Scoop Copper.prefab,22abb528e911ba5f261a169bcda56437,11500000,3,True,Assets\Scripts\Assembly-CSharp\PaintJob.cs.meta
Assets\GameObject\Speedy Scoop Gold.prefab,22abb528e911ba5f261a169bcda56437,11500000,3,True,Assets\Scripts\Assembly-CSharp\PaintJob.cs.meta
Assets\GameObject\Speedy Scoop Silver.prefab,22abb528e911ba5f261a169bcda56437,11500000,3,True,Assets\Scripts\Assembly-CSharp\PaintJob.cs.meta
Assets\GameObject\Speedy Scoop Steel.prefab,22abb528e911ba5f261a169bcda56437,11500000,3,True,Assets\Scripts\Assembly-CSharp\PaintJob.cs.meta
Assets\GameObject\Speedy Spoiler Bea Custom.prefab,22abb528e911ba5f261a169bcda56437,11500000,3,True,Assets\Scripts\Assembly-CSharp\PaintJob.cs.meta
Assets\GameObject\Speedy Spoiler Black.prefab,22abb528e911ba5f261a169bcda56437,11500000,3,True,Assets\Scripts\Assembly-CSharp\PaintJob.cs.meta
Assets\GameObject\Speedy Spoiler Blue.prefab,22abb528e911ba5f261a169bcda56437,11500000,3,True,Assets\Scripts\Assembly-CSharp\PaintJob.cs.meta
Assets\GameObject\Speedy Spoiler Milo Custom.prefab,22abb528e911ba5f261a169bcda56437,11500000,3,True,Assets\Scripts\Assembly-CSharp\PaintJob.cs.meta
Assets\GameObject\Speedy Spoiler Oscar Custom.prefab,22abb528e911ba5f261a169bcda56437,11500000,3,True,Assets\Scripts\Assembly-CSharp\PaintJob.cs.meta
Assets\GameObject\Speedy Spoiler Pink.prefab,22abb528e911ba5f261a169bcda56437,11500000,3,True,Assets\Scripts\Assembly-CSharp\PaintJob.cs.meta
Assets\GameObject\Speedy Spoiler Purple.prefab,22abb528e911ba5f261a169bcda56437,11500000,3,True,Assets\Scripts\Assembly-CSharp\PaintJob.cs.meta
Assets\GameObject\Speedy Spoiler Red.prefab,22abb528e911ba5f261a169bcda56437,11500000,3,True,Assets\Scripts\Assembly-CSharp\PaintJob.cs.meta
Assets\GameObject\Spend Lifetime Coins x1000.prefab,dcc3863b5d22cbecde79037c45b5c678,11500000,3,True,Assets\Scripts\Assembly-CSharp\SpendCoinsOverLifetimeAchievementListener.cs.meta
Assets\GameObject\Spend Lifetime Coins x10000.prefab,dcc3863b5d22cbecde79037c45b5c678,11500000,3,True,Assets\Scripts\Assembly-CSharp\SpendCoinsOverLifetimeAchievementListener.cs.meta
Assets\GameObject\Spend Lifetime Coins x100000.prefab,dcc3863b5d22cbecde79037c45b5c678,11500000,3,True,Assets\Scripts\Assembly-CSharp\SpendCoinsOverLifetimeAchievementListener.cs.meta
Assets\GameObject\Spinout.prefab,5db77d8b07b73380826e12a6a2c9f105,11500000,3,True,Assets\Scripts\Assembly-CSharp\ParticleReducer.cs.meta
Assets\GameObject\StoreKitManager.prefab,9b84747eb352a591e2c31ec73094c053,11500000,3,True,Assets\Plugins\Assembly-CSharp-firstpass\StoreKitManager.cs.meta
Assets\GameObject\The Beast Agent P Custom.prefab,22abb528e911ba5f261a169bcda56437,11500000,3,True,Assets\Scripts\Assembly-CSharp\PaintJob.cs.meta
Assets\GameObject\The Beast Black.prefab,22abb528e911ba5f261a169bcda56437,11500000,3,True,Assets\Scripts\Assembly-CSharp\PaintJob.cs.meta
Assets\GameObject\The Beast Blue.prefab,22abb528e911ba5f261a169bcda56437,11500000,3,True,Assets\Scripts\Assembly-CSharp\PaintJob.cs.meta
Assets\GameObject\The Beast Bronze.prefab,22abb528e911ba5f261a169bcda56437,11500000,3,True,Assets\Scripts\Assembly-CSharp\PaintJob.cs.meta
Assets\GameObject\The Beast Copper.prefab,22abb528e911ba5f261a169bcda56437,11500000,3,True,Assets\Scripts\Assembly-CSharp\PaintJob.cs.meta
Assets\GameObject\The Beast Ferb Custom.prefab,22abb528e911ba5f261a169bcda56437,11500000,3,True,Assets\Scripts\Assembly-CSharp\PaintJob.cs.meta
Assets\GameObject\The Beast Gold.prefab,22abb528e911ba5f261a169bcda56437,11500000,3,True,Assets\Scripts\Assembly-CSharp\PaintJob.cs.meta
Assets\GameObject\The Beast Phineas Custom.prefab,22abb528e911ba5f261a169bcda56437,11500000,3,True,Assets\Scripts\Assembly-CSharp\PaintJob.cs.meta
Assets\GameObject\The Beast Pink.prefab,22abb528e911ba5f261a169bcda56437,11500000,3,True,Assets\Scripts\Assembly-CSharp\PaintJob.cs.meta
Assets\GameObject\The Beast Purple.prefab,22abb528e911ba5f261a169bcda56437,11500000,3,True,Assets\Scripts\Assembly-CSharp\PaintJob.cs.meta
Assets\GameObject\The Beast Red.prefab,22abb528e911ba5f261a169bcda56437,11500000,3,True,Assets\Scripts\Assembly-CSharp\PaintJob.cs.meta
Assets\GameObject\The Beast Silver.prefab,22abb528e911ba5f261a169bcda56437,11500000,3,True,Assets\Scripts\Assembly-CSharp\PaintJob.cs.meta
Assets\GameObject\The Beast Steel.prefab,22abb528e911ba5f261a169bcda56437,11500000,3,True,Assets\Scripts\Assembly-CSharp\PaintJob.cs.meta
Assets\GameObject\The Hog-inator Black.prefab,22abb528e911ba5f261a169bcda56437,11500000,3,True,Assets\Scripts\Assembly-CSharp\PaintJob.cs.meta
Assets\GameObject\The Hog-inator Blue.prefab,22abb528e911ba5f261a169bcda56437,11500000,3,True,Assets\Scripts\Assembly-CSharp\PaintJob.cs.meta
Assets\GameObject\The Hog-inator Brad Custom.prefab,22abb528e911ba5f261a169bcda56437,11500000,3,True,Assets\Scripts\Assembly-CSharp\PaintJob.cs.meta
Assets\GameObject\The Hog-inator Mike Custom.prefab,22abb528e911ba5f261a169bcda56437,11500000,3,True,Assets\Scripts\Assembly-CSharp\PaintJob.cs.meta
Assets\GameObject\The Hog-inator Pink.prefab,22abb528e911ba5f261a169bcda56437,11500000,3,True,Assets\Scripts\Assembly-CSharp\PaintJob.cs.meta
Assets\GameObject\The Hog-inator Purple.prefab,22abb528e911ba5f261a169bcda56437,11500000,3,True,Assets\Scripts\Assembly-CSharp\PaintJob.cs.meta
Assets\GameObject\The Hog-inator Red.prefab,22abb528e911ba5f261a169bcda56437,11500000,3,True,Assets\Scripts\Assembly-CSharp\PaintJob.cs.meta
Assets\GameObject\Trak Blasters Bronze.prefab,22abb528e911ba5f261a169bcda56437,11500000,3,True,Assets\Scripts\Assembly-CSharp\PaintJob.cs.meta
Assets\GameObject\Trak Blasters Copper.prefab,22abb528e911ba5f261a169bcda56437,11500000,3,True,Assets\Scripts\Assembly-CSharp\PaintJob.cs.meta
Assets\GameObject\Trak Blasters Gold.prefab,22abb528e911ba5f261a169bcda56437,11500000,3,True,Assets\Scripts\Assembly-CSharp\PaintJob.cs.meta
Assets\GameObject\Trak Blasters Silver.prefab,22abb528e911ba5f261a169bcda56437,11500000,3,True,Assets\Scripts\Assembly-CSharp\PaintJob.cs.meta
Assets\GameObject\Trak Blasters Steel.prefab,22abb528e911ba5f261a169bcda56437,11500000,3,True,Assets\Scripts\Assembly-CSharp\PaintJob.cs.meta
Assets\GameObject\Trak Skoop Bronze.prefab,22abb528e911ba5f261a169bcda56437,11500000,3,True,Assets\Scripts\Assembly-CSharp\PaintJob.cs.meta
Assets\GameObject\Trak Skoop Copper.prefab,22abb528e911ba5f261a169bcda56437,11500000,3,True,Assets\Scripts\Assembly-CSharp\PaintJob.cs.meta
Assets\GameObject\Trak Skoop Gold.prefab,22abb528e911ba5f261a169bcda56437,11500000,3,True,Assets\Scripts\Assembly-CSharp\PaintJob.cs.meta
Assets\GameObject\Trak Skoop Silver.prefab,22abb528e911ba5f261a169bcda56437,11500000,3,True,Assets\Scripts\Assembly-CSharp\PaintJob.cs.meta
Assets\GameObject\Trak Skoop Steel.prefab,22abb528e911ba5f261a169bcda56437,11500000,3,True,Assets\Scripts\Assembly-CSharp\PaintJob.cs.meta
Assets\GameObject\Traktor 3000 Bea Custom.prefab,22abb528e911ba5f261a169bcda56437,11500000,3,True,Assets\Scripts\Assembly-CSharp\PaintJob.cs.meta
Assets\GameObject\Traktor 3000 Black.prefab,22abb528e911ba5f261a169bcda56437,11500000,3,True,Assets\Scripts\Assembly-CSharp\PaintJob.cs.meta
Assets\GameObject\Traktor 3000 Blue.prefab,22abb528e911ba5f261a169bcda56437,11500000,3,True,Assets\Scripts\Assembly-CSharp\PaintJob.cs.meta
Assets\GameObject\Traktor 3000 Milo Custom.prefab,22abb528e911ba5f261a169bcda56437,11500000,3,True,Assets\Scripts\Assembly-CSharp\PaintJob.cs.meta
Assets\GameObject\Traktor 3000 Oscar Custom.prefab,22abb528e911ba5f261a169bcda56437,11500000,3,True,Assets\Scripts\Assembly-CSharp\PaintJob.cs.meta
Assets\GameObject\Traktor 3000 Pink.prefab,22abb528e911ba5f261a169bcda56437,11500000,3,True,Assets\Scripts\Assembly-CSharp\PaintJob.cs.meta
Assets\GameObject\Traktor 3000 Purple.prefab,22abb528e911ba5f261a169bcda56437,11500000,3,True,Assets\Scripts\Assembly-CSharp\PaintJob.cs.meta
Assets\GameObject\Traktor 3000 Red.prefab,22abb528e911ba5f261a169bcda56437,11500000,3,True,Assets\Scripts\Assembly-CSharp\PaintJob.cs.meta
Assets\GameObject\Traktor Wing Black.prefab,22abb528e911ba5f261a169bcda56437,11500000,3,True,Assets\Scripts\Assembly-CSharp\PaintJob.cs.meta
Assets\GameObject\Traktor Wing Blue.prefab,22abb528e911ba5f261a169bcda56437,11500000,3,True,Assets\Scripts\Assembly-CSharp\PaintJob.cs.meta
Assets\GameObject\Traktor Wing Dipper Custom.prefab,22abb528e911ba5f261a169bcda56437,11500000,3,True,Assets\Scripts\Assembly-CSharp\PaintJob.cs.meta
Assets\GameObject\Traktor Wing Mabel Custom.prefab,22abb528e911ba5f261a169bcda56437,11500000,3,True,Assets\Scripts\Assembly-CSharp\PaintJob.cs.meta
Assets\GameObject\Traktor Wing Pink.prefab,22abb528e911ba5f261a169bcda56437,11500000,3,True,Assets\Scripts\Assembly-CSharp\PaintJob.cs.meta
Assets\GameObject\Traktor Wing Purple.prefab,22abb528e911ba5f261a169bcda56437,11500000,3,True,Assets\Scripts\Assembly-CSharp\PaintJob.cs.meta
Assets\GameObject\Traktor Wing Red.prefab,22abb528e911ba5f261a169bcda56437,11500000,3,True,Assets\Scripts\Assembly-CSharp\PaintJob.cs.meta
Assets\GameObject\TripLine.prefab,a30f4bb5e6539df412d191b61a07493f,11500000,3,True,Assets\Scripts\Assembly-CSharp\TripLine.cs.meta
Assets\GameObject\Tripwire Shield.prefab,94873483e708f4fa4a57b3033bbbcc5d,11500000,3,True,Assets\Scripts\Assembly-CSharp\AnimatedTexture.cs.meta
Assets\GameObject\Turn Tutorial.prefab,b5d26266a4fa20803a46b4016e16eb08,11500000,3,True,Assets\Scripts\Assembly-CSharp\TurnMission.cs.meta
Assets\GameObject\Tutorial Collection.prefab,2136f3c5d953ba8914c54a503b2033bc,11500000,3,True,Assets\Scripts\Assembly-CSharp\MissionCollection.cs.meta
Assets\GameObject\Tutorial.prefab,14938888863ffa5c373b8f39c15c49ed,11500000,3,True,Assets\Scripts\Assembly-CSharp\RaceSettings.cs.meta
Assets\GameObject\TutorialLauncher.prefab,05aa09a1994a7b6af691fab2b19c689a,11500000,3,True,Assets\Scripts\Assembly-CSharp\TutorialLauncherPublisher.cs.meta
Assets\GameObject\TutorialLauncher.prefab,84dedd87b078241ae96d152250730014,11500000,3,True,Assets\Plugins\Assembly-CSharp-firstpass\UghSprite.cs.meta
Assets\GameObject\TutorialLauncher.prefab,7a1d7e408882e95bdbe76a76d6f51e1c,11500000,3,True,Assets\Plugins\Assembly-CSharp-firstpass\UghButton.cs.meta
Assets\GameObject\TutorialLauncher.prefab,e171dc7613dc84903f6b62f321860d38,11500000,3,True,Assets\Plugins\Assembly-CSharp-firstpass\UghAlign.cs.meta
Assets\GameObject\TutorialLauncher.prefab,24a3aac8fd9959f47e2e0b2c5f17dcaf,11500000,3,True,Assets\Plugins\Assembly-CSharp-firstpass\UghStretch.cs.meta
Assets\GameObject\TutorialLauncher.prefab,b88ab20c864889e81141f2df8a116b5b,11500000,3,True,Assets\Plugins\Assembly-CSharp-firstpass\UghText.cs.meta
Assets\GameObject\TutorialLauncher.prefab,7a1d7e408882e95bdbe76a76d6f51e1c,11500000,3,True,Assets\Plugins\Assembly-CSharp-firstpass\UghButton.cs.meta
Assets\GameObject\TutorialLauncher.prefab,b88ab20c864889e81141f2df8a116b5b,11500000,3,True,Assets\Plugins\Assembly-CSharp-firstpass\UghText.cs.meta
Assets\GameObject\TutorialLauncher.prefab,7a1d7e408882e95bdbe76a76d6f51e1c,11500000,3,True,Assets\Plugins\Assembly-CSharp-firstpass\UghButton.cs.meta
Assets\GameObject\TutorialLauncher.prefab,b88ab20c864889e81141f2df8a116b5b,11500000,3,True,Assets\Plugins\Assembly-CSharp-firstpass\UghText.cs.meta
Assets\GameObject\Unlock All Cart Bodies.prefab,65556822fce53436da75b58dcba647b1,11500000,3,True,Assets\Scripts\Assembly-CSharp\UnlockAchievementListener.cs.meta
Assets\GameObject\Unlock All Cart Scoops.prefab,65556822fce53436da75b58dcba647b1,11500000,3,True,Assets\Scripts\Assembly-CSharp\UnlockAchievementListener.cs.meta
Assets\GameObject\Unlock All Cart Spoilers.prefab,65556822fce53436da75b58dcba647b1,11500000,3,True,Assets\Scripts\Assembly-CSharp\UnlockAchievementListener.cs.meta
Assets\GameObject\Unlock All Cart Thrusters.prefab,65556822fce53436da75b58dcba647b1,11500000,3,True,Assets\Scripts\Assembly-CSharp\UnlockAchievementListener.cs.meta
Assets\GameObject\Unlock All Cart Wheels.prefab,65556822fce53436da75b58dcba647b1,11500000,3,True,Assets\Scripts\Assembly-CSharp\UnlockAchievementListener.cs.meta
Assets\GameObject\Unlock All Characters.prefab,65556822fce53436da75b58dcba647b1,11500000,3,True,Assets\Scripts\Assembly-CSharp\UnlockAchievementListener.cs.meta
Assets\GameObject\Unlock All Fishhooks Characters.prefab,65556822fce53436da75b58dcba647b1,11500000,3,True,Assets\Scripts\Assembly-CSharp\UnlockAchievementListener.cs.meta
Assets\GameObject\Unlock All Gravity Characters.prefab,65556822fce53436da75b58dcba647b1,11500000,3,True,Assets\Scripts\Assembly-CSharp\UnlockAchievementListener.cs.meta
Assets\GameObject\Unlock All Kick Characters.prefab,65556822fce53436da75b58dcba647b1,11500000,3,True,Assets\Scripts\Assembly-CSharp\UnlockAchievementListener.cs.meta
Assets\GameObject\Unlock All PandF Characters.prefab,65556822fce53436da75b58dcba647b1,11500000,3,True,Assets\Scripts\Assembly-CSharp\UnlockAchievementListener.cs.meta
Assets\GameObject\UnlockCircuitDialog.prefab,018fb86bf3f882e66716bdfe67d0068d,11500000,3,True,Assets\Scripts\Assembly-CSharp\UnlockedCircuitPublisher.cs.meta
Assets\GameObject\UnlockCircuitDialog.prefab,7a1d7e408882e95bdbe76a76d6f51e1c,11500000,3,True,Assets\Plugins\Assembly-CSharp-firstpass\UghButton.cs.meta
Assets\GameObject\UnlockCircuitDialog.prefab,84dedd87b078241ae96d152250730014,11500000,3,True,Assets\Plugins\Assembly-CSharp-firstpass\UghSprite.cs.meta
Assets\GameObject\UnlockCircuitDialog.prefab,b88ab20c864889e81141f2df8a116b5b,11500000,3,True,Assets\Plugins\Assembly-CSharp-firstpass\UghText.cs.meta
Assets\GameObject\UnlockCircuitDialog.prefab,b88ab20c864889e81141f2df8a116b5b,11500000,3,True,Assets\Plugins\Assembly-CSharp-firstpass\UghText.cs.meta
Assets\GameObject\UnlockCircuitDialog.prefab,7a1d7e408882e95bdbe76a76d6f51e1c,11500000,3,True,Assets\Plugins\Assembly-CSharp-firstpass\UghButton.cs.meta
Assets\GameObject\UnlockCircuitDialog.prefab,e171dc7613dc84903f6b62f321860d38,11500000,3,True,Assets\Plugins\Assembly-CSharp-firstpass\UghAlign.cs.meta
Assets\GameObject\UnlockCircuitDialog.prefab,24a3aac8fd9959f47e2e0b2c5f17dcaf,11500000,3,True,Assets\Plugins\Assembly-CSharp-firstpass\UghStretch.cs.meta
Assets\GameObject\Use A Double Boost.prefab,13474a38141c0022cb7e6f85312697d4,11500000,3,True,Assets\Scripts\Assembly-CSharp\UseAPowerupAchievementListener.cs.meta
Assets\GameObject\Use A Double Mine.prefab,13474a38141c0022cb7e6f85312697d4,11500000,3,True,Assets\Scripts\Assembly-CSharp\UseAPowerupAchievementListener.cs.meta
Assets\GameObject\Use A Double Rocket.prefab,13474a38141c0022cb7e6f85312697d4,11500000,3,True,Assets\Scripts\Assembly-CSharp\UseAPowerupAchievementListener.cs.meta
Assets\GameObject\Use A Double Shield.prefab,13474a38141c0022cb7e6f85312697d4,11500000,3,True,Assets\Scripts\Assembly-CSharp\UseAPowerupAchievementListener.cs.meta
Assets\GameObject\Use a Powerup Tutorial.prefab,b826ac27ece2b15c3494b380a4651c63,11500000,3,True,Assets\Scripts\Assembly-CSharp\UsePowerupMission.cs.meta
Assets\GameObject\Use All Double Powerup Combos.prefab,69c8cc70b47b5115f01380ee1bb17a20,11500000,3,True,Assets\Scripts\Assembly-CSharp\CheckPowerupUseAchievementListener.cs.meta
Assets\GameObject\Use Powerup Against Opponent Mine.prefab,5d340be7d67e566dcfb71af822d26286,11500000,3,True,Assets\Scripts\Assembly-CSharp\UsePowerupAgainstOpponentAchievementListener.cs.meta
Assets\GameObject\Use Powerup Against Opponent Rocket.prefab,5d340be7d67e566dcfb71af822d26286,11500000,3,True,Assets\Scripts\Assembly-CSharp\UsePowerupAgainstOpponentAchievementListener.cs.meta
Assets\GameObject\Use Powerup Against Opponent Smash.prefab,5d340be7d67e566dcfb71af822d26286,11500000,3,True,Assets\Scripts\Assembly-CSharp\UsePowerupAgainstOpponentAchievementListener.cs.meta
Assets\GameObject\WrongWayPrefab.prefab,84dedd87b078241ae96d152250730014,11500000,3,True,Assets\Plugins\Assembly-CSharp-firstpass\UghSprite.cs.meta
Assets\GameObject\WrongWayPrefab.prefab,b88ab20c864889e81141f2df8a116b5b,11500000,3,True,Assets\Plugins\Assembly-CSharp-firstpass\UghText.cs.meta
Assets\MonoBehaviour\AgentP.asset,0f28278e437d0cab1d27bdc7e1f644c6,11500000,3,True,Assets\Plugins\Assembly-CSharp-firstpass\UghSpritePrototype.cs.meta
Assets\MonoBehaviour\Arrow MouseOver.asset,0f28278e437d0cab1d27bdc7e1f644c6,11500000,3,True,Assets\Plugins\Assembly-CSharp-firstpass\UghSpritePrototype.cs.meta
Assets\MonoBehaviour\Arrow Over DOWN.asset,0f28278e437d0cab1d27bdc7e1f644c6,11500000,3,True,Assets\Plugins\Assembly-CSharp-firstpass\UghSpritePrototype.cs.meta
Assets\MonoBehaviour\Arrow Over.asset,0f28278e437d0cab1d27bdc7e1f644c6,11500000,3,True,Assets\Plugins\Assembly-CSharp-firstpass\UghSpritePrototype.cs.meta
Assets\MonoBehaviour\Bar.asset,0f28278e437d0cab1d27bdc7e1f644c6,11500000,3,True,Assets\Plugins\Assembly-CSharp-firstpass\UghSpritePrototype.cs.meta
Assets\MonoBehaviour\Bea.asset,0f28278e437d0cab1d27bdc7e1f644c6,11500000,3,True,Assets\Plugins\Assembly-CSharp-firstpass\UghSpritePrototype.cs.meta
Assets\MonoBehaviour\Blocker Invisible.asset,0f28278e437d0cab1d27bdc7e1f644c6,11500000,3,True,Assets\Plugins\Assembly-CSharp-firstpass\UghSpritePrototype.cs.meta
Assets\MonoBehaviour\Blocker.asset,0f28278e437d0cab1d27bdc7e1f644c6,11500000,3,True,Assets\Plugins\Assembly-CSharp-firstpass\UghSpritePrototype.cs.meta
Assets\MonoBehaviour\Bolt.asset,0f28278e437d0cab1d27bdc7e1f644c6,11500000,3,True,Assets\Plugins\Assembly-CSharp-firstpass\UghSpritePrototype.cs.meta
Assets\MonoBehaviour\Brad.asset,0f28278e437d0cab1d27bdc7e1f644c6,11500000,3,True,Assets\Plugins\Assembly-CSharp-firstpass\UghSpritePrototype.cs.meta
Assets\MonoBehaviour\Brake - DOWN.asset,0f28278e437d0cab1d27bdc7e1f644c6,11500000,3,True,Assets\Plugins\Assembly-CSharp-firstpass\UghSpritePrototype.cs.meta
Assets\MonoBehaviour\Brake - Normal.asset,0f28278e437d0cab1d27bdc7e1f644c6,11500000,3,True,Assets\Plugins\Assembly-CSharp-firstpass\UghSpritePrototype.cs.meta
Assets\MonoBehaviour\Burst.asset,0f28278e437d0cab1d27bdc7e1f644c6,11500000,3,True,Assets\Plugins\Assembly-CSharp-firstpass\UghSpritePrototype.cs.meta
Assets\MonoBehaviour\Buy Powerup - Disabled.asset,0f28278e437d0cab1d27bdc7e1f644c6,11500000,3,True,Assets\Plugins\Assembly-CSharp-firstpass\UghSpritePrototype.cs.meta
Assets\MonoBehaviour\Buy Powerup - DOWN.asset,0f28278e437d0cab1d27bdc7e1f644c6,11500000,3,True,Assets\Plugins\Assembly-CSharp-firstpass\UghSpritePrototype.cs.meta
Assets\MonoBehaviour\Buy Powerup - MouseOver.asset,0f28278e437d0cab1d27bdc7e1f644c6,11500000,3,True,Assets\Plugins\Assembly-CSharp-firstpass\UghSpritePrototype.cs.meta
Assets\MonoBehaviour\Buy Powerup - Normal.asset,0f28278e437d0cab1d27bdc7e1f644c6,11500000,3,True,Assets\Plugins\Assembly-CSharp-firstpass\UghSpritePrototype.cs.meta
Assets\MonoBehaviour\Car Customizer Button.asset,0f28278e437d0cab1d27bdc7e1f644c6,11500000,3,True,Assets\Plugins\Assembly-CSharp-firstpass\UghSpritePrototype.cs.meta
Assets\MonoBehaviour\Category Rounded - Normal.asset,0f28278e437d0cab1d27bdc7e1f644c6,11500000,3,True,Assets\Plugins\Assembly-CSharp-firstpass\UghSpritePrototype.cs.meta
Assets\MonoBehaviour\Category Rounded On - Active.asset,0f28278e437d0cab1d27bdc7e1f644c6,11500000,3,True,Assets\Plugins\Assembly-CSharp-firstpass\UghSpritePrototype.cs.meta
Assets\MonoBehaviour\Category Rounded On - Normal.asset,0f28278e437d0cab1d27bdc7e1f644c6,11500000,3,True,Assets\Plugins\Assembly-CSharp-firstpass\UghSpritePrototype.cs.meta
Assets\MonoBehaviour\Category Square - Active.asset,0f28278e437d0cab1d27bdc7e1f644c6,11500000,3,True,Assets\Plugins\Assembly-CSharp-firstpass\UghSpritePrototype.cs.meta
Assets\MonoBehaviour\Category Square - Normal.asset,0f28278e437d0cab1d27bdc7e1f644c6,11500000,3,True,Assets\Plugins\Assembly-CSharp-firstpass\UghSpritePrototype.cs.meta
Assets\MonoBehaviour\Category Square On - Active.asset,0f28278e437d0cab1d27bdc7e1f644c6,11500000,3,True,Assets\Plugins\Assembly-CSharp-firstpass\UghSpritePrototype.cs.meta
Assets\MonoBehaviour\Category Square On - Normal.asset,0f28278e437d0cab1d27bdc7e1f644c6,11500000,3,True,Assets\Plugins\Assembly-CSharp-firstpass\UghSpritePrototype.cs.meta
Assets\MonoBehaviour\CategoryFrame.asset,0f28278e437d0cab1d27bdc7e1f644c6,11500000,3,True,Assets\Plugins\Assembly-CSharp-firstpass\UghSpritePrototype.cs.meta
Assets\MonoBehaviour\CheckeredFlagHeader.asset,0f28278e437d0cab1d27bdc7e1f644c6,11500000,3,True,Assets\Plugins\Assembly-CSharp-firstpass\UghSpritePrototype.cs.meta
Assets\MonoBehaviour\CheckerEND.asset,0f28278e437d0cab1d27bdc7e1f644c6,11500000,3,True,Assets\Plugins\Assembly-CSharp-firstpass\UghSpritePrototype.cs.meta
Assets\MonoBehaviour\Coin DOWN.asset,0f28278e437d0cab1d27bdc7e1f644c6,11500000,3,True,Assets\Plugins\Assembly-CSharp-firstpass\UghSpritePrototype.cs.meta
Assets\MonoBehaviour\Coin MouseOver.asset,0f28278e437d0cab1d27bdc7e1f644c6,11500000,3,True,Assets\Plugins\Assembly-CSharp-firstpass\UghSpritePrototype.cs.meta
Assets\MonoBehaviour\Coin.asset,0f28278e437d0cab1d27bdc7e1f644c6,11500000,3,True,Assets\Plugins\Assembly-CSharp-firstpass\UghSpritePrototype.cs.meta
Assets\MonoBehaviour\CoinBox.asset,0f28278e437d0cab1d27bdc7e1f644c6,11500000,3,True,Assets\Plugins\Assembly-CSharp-firstpass\UghSpritePrototype.cs.meta
Assets\MonoBehaviour\coins mega.asset,0f28278e437d0cab1d27bdc7e1f644c6,11500000,3,True,Assets\Plugins\Assembly-CSharp-firstpass\UghSpritePrototype.cs.meta
Assets\MonoBehaviour\coins super.asset,0f28278e437d0cab1d27bdc7e1f644c6,11500000,3,True,Assets\Plugins\Assembly-CSharp-firstpass\UghSpritePrototype.cs.meta
Assets\MonoBehaviour\coins ultra.asset,0f28278e437d0cab1d27bdc7e1f644c6,11500000,3,True,Assets\Plugins\Assembly-CSharp-firstpass\UghSpritePrototype.cs.meta
Assets\MonoBehaviour\Coin_0.asset,0f28278e437d0cab1d27bdc7e1f644c6,11500000,3,True,Assets\Plugins\Assembly-CSharp-firstpass\UghSpritePrototype.cs.meta
Assets\MonoBehaviour\copyright.asset,0f28278e437d0cab1d27bdc7e1f644c6,11500000,3,True,Assets\Plugins\Assembly-CSharp-firstpass\UghSpritePrototype.cs.meta
Assets\MonoBehaviour\Crash.asset,0f28278e437d0cab1d27bdc7e1f644c6,11500000,3,True,Assets\Plugins\Assembly-CSharp-firstpass\UghSpritePrototype.cs.meta
Assets\MonoBehaviour\Custom Blip Locked.asset,0f28278e437d0cab1d27bdc7e1f644c6,11500000,3,True,Assets\Plugins\Assembly-CSharp-firstpass\UghSpritePrototype.cs.meta
Assets\MonoBehaviour\Custom Blip Selected.asset,0f28278e437d0cab1d27bdc7e1f644c6,11500000,3,True,Assets\Plugins\Assembly-CSharp-firstpass\UghSpritePrototype.cs.meta
Assets\MonoBehaviour\Custom Blip Unlocked.asset,0f28278e437d0cab1d27bdc7e1f644c6,11500000,3,True,Assets\Plugins\Assembly-CSharp-firstpass\UghSpritePrototype.cs.meta
Assets\MonoBehaviour\DATG logo.asset,0f28278e437d0cab1d27bdc7e1f644c6,11500000,3,True,Assets\Plugins\Assembly-CSharp-firstpass\UghSpritePrototype.cs.meta
Assets\MonoBehaviour\Dialog Inner Dialog lighter 1.asset,0f28278e437d0cab1d27bdc7e1f644c6,11500000,3,True,Assets\Plugins\Assembly-CSharp-firstpass\UghSpritePrototype.cs.meta
Assets\MonoBehaviour\Dialog Inner Dialog lighter.asset,0f28278e437d0cab1d27bdc7e1f644c6,11500000,3,True,Assets\Plugins\Assembly-CSharp-firstpass\UghSpritePrototype.cs.meta
Assets\MonoBehaviour\Dialog Inner Dialog LightGreen.asset,0f28278e437d0cab1d27bdc7e1f644c6,11500000,3,True,Assets\Plugins\Assembly-CSharp-firstpass\UghSpritePrototype.cs.meta
Assets\MonoBehaviour\Dialog Inner Dialog.asset,0f28278e437d0cab1d27bdc7e1f644c6,11500000,3,True,Assets\Plugins\Assembly-CSharp-firstpass\UghSpritePrototype.cs.meta
Assets\MonoBehaviour\Dialog Inner Dialog_0.asset,0f28278e437d0cab1d27bdc7e1f644c6,11500000,3,True,Assets\Plugins\Assembly-CSharp-firstpass\UghSpritePrototype.cs.meta
Assets\MonoBehaviour\Dialog.asset,0f28278e437d0cab1d27bdc7e1f644c6,11500000,3,True,Assets\Plugins\Assembly-CSharp-firstpass\UghSpritePrototype.cs.meta
Assets\MonoBehaviour\DialogTrim.asset,0f28278e437d0cab1d27bdc7e1f644c6,11500000,3,True,Assets\Plugins\Assembly-CSharp-firstpass\UghSpritePrototype.cs.meta
Assets\MonoBehaviour\Dipper.asset,0f28278e437d0cab1d27bdc7e1f644c6,11500000,3,True,Assets\Plugins\Assembly-CSharp-firstpass\UghSpritePrototype.cs.meta
Assets\MonoBehaviour\Disney button DOWN.asset,0f28278e437d0cab1d27bdc7e1f644c6,11500000,3,True,Assets\Plugins\Assembly-CSharp-firstpass\UghSpritePrototype.cs.meta
Assets\MonoBehaviour\Disney button MouseOver.asset,0f28278e437d0cab1d27bdc7e1f644c6,11500000,3,True,Assets\Plugins\Assembly-CSharp-firstpass\UghSpritePrototype.cs.meta
Assets\MonoBehaviour\Disney button.asset,0f28278e437d0cab1d27bdc7e1f644c6,11500000,3,True,Assets\Plugins\Assembly-CSharp-firstpass\UghSpritePrototype.cs.meta
Assets\MonoBehaviour\Disney-XD-logo.asset,0f28278e437d0cab1d27bdc7e1f644c6,11500000,3,True,Assets\Plugins\Assembly-CSharp-firstpass\UghSpritePrototype.cs.meta
Assets\MonoBehaviour\DisneyMobile.asset,0f28278e437d0cab1d27bdc7e1f644c6,11500000,3,True,Assets\Plugins\Assembly-CSharp-firstpass\UghSpritePrototype.cs.meta
Assets\MonoBehaviour\Drive - Normal DOWN.asset,0f28278e437d0cab1d27bdc7e1f644c6,11500000,3,True,Assets\Plugins\Assembly-CSharp-firstpass\UghSpritePrototype.cs.meta
Assets\MonoBehaviour\Drive - Normal.asset,0f28278e437d0cab1d27bdc7e1f644c6,11500000,3,True,Assets\Plugins\Assembly-CSharp-firstpass\UghSpritePrototype.cs.meta
Assets\MonoBehaviour\Enemy Ahead Indicator.asset,0f28278e437d0cab1d27bdc7e1f644c6,11500000,3,True,Assets\Plugins\Assembly-CSharp-firstpass\UghSpritePrototype.cs.meta
Assets\MonoBehaviour\Enemy Behind Indicator.asset,0f28278e437d0cab1d27bdc7e1f644c6,11500000,3,True,Assets\Plugins\Assembly-CSharp-firstpass\UghSpritePrototype.cs.meta
Assets\MonoBehaviour\Ferb.asset,0f28278e437d0cab1d27bdc7e1f644c6,11500000,3,True,Assets\Plugins\Assembly-CSharp-firstpass\UghSpritePrototype.cs.meta
Assets\MonoBehaviour\Finish Line.asset,0f28278e437d0cab1d27bdc7e1f644c6,11500000,3,True,Assets\Plugins\Assembly-CSharp-firstpass\UghSpritePrototype.cs.meta
Assets\MonoBehaviour\Fish Hooks 1.asset,0f28278e437d0cab1d27bdc7e1f644c6,11500000,3,True,Assets\Plugins\Assembly-CSharp-firstpass\UghSpritePrototype.cs.meta
Assets\MonoBehaviour\Fish Hooks 2.asset,0f28278e437d0cab1d27bdc7e1f644c6,11500000,3,True,Assets\Plugins\Assembly-CSharp-firstpass\UghSpritePrototype.cs.meta
Assets\MonoBehaviour\Fish Hooks 3.asset,0f28278e437d0cab1d27bdc7e1f644c6,11500000,3,True,Assets\Plugins\Assembly-CSharp-firstpass\UghSpritePrototype.cs.meta
Assets\MonoBehaviour\Flag Button.asset,0f28278e437d0cab1d27bdc7e1f644c6,11500000,3,True,Assets\Plugins\Assembly-CSharp-firstpass\UghSpritePrototype.cs.meta
Assets\MonoBehaviour\Full Brackets - Active.asset,0f28278e437d0cab1d27bdc7e1f644c6,11500000,3,True,Assets\Plugins\Assembly-CSharp-firstpass\UghSpritePrototype.cs.meta
Assets\MonoBehaviour\Full Brackets MouseOver.asset,0f28278e437d0cab1d27bdc7e1f644c6,11500000,3,True,Assets\Plugins\Assembly-CSharp-firstpass\UghSpritePrototype.cs.meta
Assets\MonoBehaviour\Full Brackets.asset,0f28278e437d0cab1d27bdc7e1f644c6,11500000,3,True,Assets\Plugins\Assembly-CSharp-firstpass\UghSpritePrototype.cs.meta
Assets\MonoBehaviour\full screen booster.asset,0f28278e437d0cab1d27bdc7e1f644c6,11500000,3,True,Assets\Plugins\Assembly-CSharp-firstpass\UghSpritePrototype.cs.meta
Assets\MonoBehaviour\Funds.asset,0f28278e437d0cab1d27bdc7e1f644c6,11500000,3,True,Assets\Plugins\Assembly-CSharp-firstpass\UghSpritePrototype.cs.meta
Assets\MonoBehaviour\GamecenterLogo.asset,0f28278e437d0cab1d27bdc7e1f644c6,11500000,3,True,Assets\Plugins\Assembly-CSharp-firstpass\UghSpritePrototype.cs.meta
Assets\MonoBehaviour\Graveck.asset,0f28278e437d0cab1d27bdc7e1f644c6,11500000,3,True,Assets\Plugins\Assembly-CSharp-firstpass\UghSpritePrototype.cs.meta
Assets\MonoBehaviour\Gunther.asset,0f28278e437d0cab1d27bdc7e1f644c6,11500000,3,True,Assets\Plugins\Assembly-CSharp-firstpass\UghSpritePrototype.cs.meta
Assets\MonoBehaviour\Icon - Body.asset,0f28278e437d0cab1d27bdc7e1f644c6,11500000,3,True,Assets\Plugins\Assembly-CSharp-firstpass\UghSpritePrototype.cs.meta
Assets\MonoBehaviour\Icon - Scoop.asset,0f28278e437d0cab1d27bdc7e1f644c6,11500000,3,True,Assets\Plugins\Assembly-CSharp-firstpass\UghSpritePrototype.cs.meta
Assets\MonoBehaviour\Icon - Spoiler.asset,0f28278e437d0cab1d27bdc7e1f644c6,11500000,3,True,Assets\Plugins\Assembly-CSharp-firstpass\UghSpritePrototype.cs.meta
Assets\MonoBehaviour\Icon - Thruster.asset,0f28278e437d0cab1d27bdc7e1f644c6,11500000,3,True,Assets\Plugins\Assembly-CSharp-firstpass\UghSpritePrototype.cs.meta
Assets\MonoBehaviour\Icon - Wheels.asset,0f28278e437d0cab1d27bdc7e1f644c6,11500000,3,True,Assets\Plugins\Assembly-CSharp-firstpass\UghSpritePrototype.cs.meta
Assets\MonoBehaviour\icon-Bike.asset,0f28278e437d0cab1d27bdc7e1f644c6,11500000,3,True,Assets\Plugins\Assembly-CSharp-firstpass\UghSpritePrototype.cs.meta
Assets\MonoBehaviour\icon-Trike.asset,0f28278e437d0cab1d27bdc7e1f644c6,11500000,3,True,Assets\Plugins\Assembly-CSharp-firstpass\UghSpritePrototype.cs.meta
Assets\MonoBehaviour\icon-Truck.asset,0f28278e437d0cab1d27bdc7e1f644c6,11500000,3,True,Assets\Plugins\Assembly-CSharp-firstpass\UghSpritePrototype.cs.meta
Assets\MonoBehaviour\IconCheckmark.asset,0f28278e437d0cab1d27bdc7e1f644c6,11500000,3,True,Assets\Plugins\Assembly-CSharp-firstpass\UghSpritePrototype.cs.meta
Assets\MonoBehaviour\IconCoins.asset,0f28278e437d0cab1d27bdc7e1f644c6,11500000,3,True,Assets\Plugins\Assembly-CSharp-firstpass\UghSpritePrototype.cs.meta
Assets\MonoBehaviour\IconMisc.asset,0f28278e437d0cab1d27bdc7e1f644c6,11500000,3,True,Assets\Plugins\Assembly-CSharp-firstpass\UghSpritePrototype.cs.meta
Assets\MonoBehaviour\IconRetryArrow.asset,0f28278e437d0cab1d27bdc7e1f644c6,11500000,3,True,Assets\Plugins\Assembly-CSharp-firstpass\UghSpritePrototype.cs.meta
Assets\MonoBehaviour\IconStunts.asset,0f28278e437d0cab1d27bdc7e1f644c6,11500000,3,True,Assets\Plugins\Assembly-CSharp-firstpass\UghSpritePrototype.cs.meta
Assets\MonoBehaviour\IconTracks.asset,0f28278e437d0cab1d27bdc7e1f644c6,11500000,3,True,Assets\Plugins\Assembly-CSharp-firstpass\UghSpritePrototype.cs.meta
Assets\MonoBehaviour\Kick 1.asset,0f28278e437d0cab1d27bdc7e1f644c6,11500000,3,True,Assets\Plugins\Assembly-CSharp-firstpass\UghSpritePrototype.cs.meta
Assets\MonoBehaviour\Kick 2.asset,0f28278e437d0cab1d27bdc7e1f644c6,11500000,3,True,Assets\Plugins\Assembly-CSharp-firstpass\UghSpritePrototype.cs.meta
Assets\MonoBehaviour\Kick 3.asset,0f28278e437d0cab1d27bdc7e1f644c6,11500000,3,True,Assets\Plugins\Assembly-CSharp-firstpass\UghSpritePrototype.cs.meta
Assets\MonoBehaviour\Kick.asset,0f28278e437d0cab1d27bdc7e1f644c6,11500000,3,True,Assets\Plugins\Assembly-CSharp-firstpass\UghSpritePrototype.cs.meta
Assets\MonoBehaviour\lock.asset,0f28278e437d0cab1d27bdc7e1f644c6,11500000,3,True,Assets\Plugins\Assembly-CSharp-firstpass\UghSpritePrototype.cs.meta
Assets\MonoBehaviour\Mabel.asset,0f28278e437d0cab1d27bdc7e1f644c6,11500000,3,True,Assets\Plugins\Assembly-CSharp-firstpass\UghSpritePrototype.cs.meta
Assets\MonoBehaviour\Mike.asset,0f28278e437d0cab1d27bdc7e1f644c6,11500000,3,True,Assets\Plugins\Assembly-CSharp-firstpass\UghSpritePrototype.cs.meta
Assets\MonoBehaviour\Milo.asset,0f28278e437d0cab1d27bdc7e1f644c6,11500000,3,True,Assets\Plugins\Assembly-CSharp-firstpass\UghSpritePrototype.cs.meta
Assets\MonoBehaviour\mine notify.asset,0f28278e437d0cab1d27bdc7e1f644c6,11500000,3,True,Assets\Plugins\Assembly-CSharp-firstpass\UghSpritePrototype.cs.meta
Assets\MonoBehaviour\Mirror.asset,0f28278e437d0cab1d27bdc7e1f644c6,11500000,3,True,Assets\Plugins\Assembly-CSharp-firstpass\UghSpritePrototype.cs.meta
Assets\MonoBehaviour\music icon.asset,0f28278e437d0cab1d27bdc7e1f644c6,11500000,3,True,Assets\Plugins\Assembly-CSharp-firstpass\UghSpritePrototype.cs.meta
Assets\MonoBehaviour\Options Button.asset,0f28278e437d0cab1d27bdc7e1f644c6,11500000,3,True,Assets\Plugins\Assembly-CSharp-firstpass\UghSpritePrototype.cs.meta
Assets\MonoBehaviour\Oscar.asset,0f28278e437d0cab1d27bdc7e1f644c6,11500000,3,True,Assets\Plugins\Assembly-CSharp-firstpass\UghSpritePrototype.cs.meta
Assets\MonoBehaviour\Pause - DOWN.asset,0f28278e437d0cab1d27bdc7e1f644c6,11500000,3,True,Assets\Plugins\Assembly-CSharp-firstpass\UghSpritePrototype.cs.meta
Assets\MonoBehaviour\Pause - MouseOver.asset,0f28278e437d0cab1d27bdc7e1f644c6,11500000,3,True,Assets\Plugins\Assembly-CSharp-firstpass\UghSpritePrototype.cs.meta
Assets\MonoBehaviour\Pause - Normal.asset,0f28278e437d0cab1d27bdc7e1f644c6,11500000,3,True,Assets\Plugins\Assembly-CSharp-firstpass\UghSpritePrototype.cs.meta
Assets\MonoBehaviour\Phineas 1.asset,0f28278e437d0cab1d27bdc7e1f644c6,11500000,3,True,Assets\Plugins\Assembly-CSharp-firstpass\UghSpritePrototype.cs.meta
Assets\MonoBehaviour\Phineas 2.asset,0f28278e437d0cab1d27bdc7e1f644c6,11500000,3,True,Assets\Plugins\Assembly-CSharp-firstpass\UghSpritePrototype.cs.meta
Assets\MonoBehaviour\Phineas 3.asset,0f28278e437d0cab1d27bdc7e1f644c6,11500000,3,True,Assets\Plugins\Assembly-CSharp-firstpass\UghSpritePrototype.cs.meta
Assets\MonoBehaviour\Phineas.asset,0f28278e437d0cab1d27bdc7e1f644c6,11500000,3,True,Assets\Plugins\Assembly-CSharp-firstpass\UghSpritePrototype.cs.meta
Assets\MonoBehaviour\PieSplat.asset,0f28278e437d0cab1d27bdc7e1f644c6,11500000,3,True,Assets\Plugins\Assembly-CSharp-firstpass\UghSpritePrototype.cs.meta
Assets\MonoBehaviour\Player Indicator.asset,0f28278e437d0cab1d27bdc7e1f644c6,11500000,3,True,Assets\Plugins\Assembly-CSharp-firstpass\UghSpritePrototype.cs.meta
Assets\MonoBehaviour\Powerup - DISABLED DOWN.asset,0f28278e437d0cab1d27bdc7e1f644c6,11500000,3,True,Assets\Plugins\Assembly-CSharp-firstpass\UghSpritePrototype.cs.meta
Assets\MonoBehaviour\Powerup - DOWN.asset,0f28278e437d0cab1d27bdc7e1f644c6,11500000,3,True,Assets\Plugins\Assembly-CSharp-firstpass\UghSpritePrototype.cs.meta
Assets\MonoBehaviour\Powerup - Normal.asset,0f28278e437d0cab1d27bdc7e1f644c6,11500000,3,True,Assets\Plugins\Assembly-CSharp-firstpass\UghSpritePrototype.cs.meta
Assets\MonoBehaviour\PowerupBOOST.asset,0f28278e437d0cab1d27bdc7e1f644c6,11500000,3,True,Assets\Plugins\Assembly-CSharp-firstpass\UghSpritePrototype.cs.meta
Assets\MonoBehaviour\PowerupMINE.asset,0f28278e437d0cab1d27bdc7e1f644c6,11500000,3,True,Assets\Plugins\Assembly-CSharp-firstpass\UghSpritePrototype.cs.meta
Assets\MonoBehaviour\PowerupMISSILE.asset,0f28278e437d0cab1d27bdc7e1f644c6,11500000,3,True,Assets\Plugins\Assembly-CSharp-firstpass\UghSpritePrototype.cs.meta
Assets\MonoBehaviour\PowerupSHIELD.asset,0f28278e437d0cab1d27bdc7e1f644c6,11500000,3,True,Assets\Plugins\Assembly-CSharp-firstpass\UghSpritePrototype.cs.meta
Assets\MonoBehaviour\Randy.asset,0f28278e437d0cab1d27bdc7e1f644c6,11500000,3,True,Assets\Plugins\Assembly-CSharp-firstpass\UghSpritePrototype.cs.meta
Assets\MonoBehaviour\Red Button - Active.asset,0f28278e437d0cab1d27bdc7e1f644c6,11500000,3,True,Assets\Plugins\Assembly-CSharp-firstpass\UghSpritePrototype.cs.meta
Assets\MonoBehaviour\Red Button - MouseOver.asset,0f28278e437d0cab1d27bdc7e1f644c6,11500000,3,True,Assets\Plugins\Assembly-CSharp-firstpass\UghSpritePrototype.cs.meta
Assets\MonoBehaviour\Red Button.asset,0f28278e437d0cab1d27bdc7e1f644c6,11500000,3,True,Assets\Plugins\Assembly-CSharp-firstpass\UghSpritePrototype.cs.meta
Assets\MonoBehaviour\ResultsBox.asset,0f28278e437d0cab1d27bdc7e1f644c6,11500000,3,True,Assets\Plugins\Assembly-CSharp-firstpass\UghSpritePrototype.cs.meta
Assets\MonoBehaviour\ScreenFade.asset,0f28278e437d0cab1d27bdc7e1f644c6,11500000,3,True,Assets\Plugins\Assembly-CSharp-firstpass\UghSpritePrototype.cs.meta
Assets\MonoBehaviour\Shifter Stick.asset,0f28278e437d0cab1d27bdc7e1f644c6,11500000,3,True,Assets\Plugins\Assembly-CSharp-firstpass\UghSpritePrototype.cs.meta
Assets\MonoBehaviour\Soos.asset,0f28278e437d0cab1d27bdc7e1f644c6,11500000,3,True,Assets\Plugins\Assembly-CSharp-firstpass\UghSpritePrototype.cs.meta
Assets\MonoBehaviour\sound icon.asset,0f28278e437d0cab1d27bdc7e1f644c6,11500000,3,True,Assets\Plugins\Assembly-CSharp-firstpass\UghSpritePrototype.cs.meta
Assets\MonoBehaviour\splash icloud.asset,0f28278e437d0cab1d27bdc7e1f644c6,11500000,3,True,Assets\Plugins\Assembly-CSharp-firstpass\UghSpritePrototype.cs.meta
Assets\MonoBehaviour\Square Button - Down.asset,0f28278e437d0cab1d27bdc7e1f644c6,11500000,3,True,Assets\Plugins\Assembly-CSharp-firstpass\UghSpritePrototype.cs.meta
Assets\MonoBehaviour\Square Button - MouseOver.asset,0f28278e437d0cab1d27bdc7e1f644c6,11500000,3,True,Assets\Plugins\Assembly-CSharp-firstpass\UghSpritePrototype.cs.meta
Assets\MonoBehaviour\Square Button.asset,0f28278e437d0cab1d27bdc7e1f644c6,11500000,3,True,Assets\Plugins\Assembly-CSharp-firstpass\UghSpritePrototype.cs.meta
Assets\MonoBehaviour\Stat Bar Back.asset,0f28278e437d0cab1d27bdc7e1f644c6,11500000,3,True,Assets\Plugins\Assembly-CSharp-firstpass\UghSpritePrototype.cs.meta
Assets\MonoBehaviour\Stat Bar Back_0.asset,0f28278e437d0cab1d27bdc7e1f644c6,11500000,3,True,Assets\Plugins\Assembly-CSharp-firstpass\UghSpritePrototype.cs.meta
Assets\MonoBehaviour\Stat Bar Negative.asset,0f28278e437d0cab1d27bdc7e1f644c6,11500000,3,True,Assets\Plugins\Assembly-CSharp-firstpass\UghSpritePrototype.cs.meta
Assets\MonoBehaviour\Stat Bar Negative_0.asset,0f28278e437d0cab1d27bdc7e1f644c6,11500000,3,True,Assets\Plugins\Assembly-CSharp-firstpass\UghSpritePrototype.cs.meta
Assets\MonoBehaviour\Stat Bar Positive.asset,0f28278e437d0cab1d27bdc7e1f644c6,11500000,3,True,Assets\Plugins\Assembly-CSharp-firstpass\UghSpritePrototype.cs.meta
Assets\MonoBehaviour\Stat Bar Positive_0.asset,0f28278e437d0cab1d27bdc7e1f644c6,11500000,3,True,Assets\Plugins\Assembly-CSharp-firstpass\UghSpritePrototype.cs.meta
Assets\MonoBehaviour\Stat Bar Stat.asset,0f28278e437d0cab1d27bdc7e1f644c6,11500000,3,True,Assets\Plugins\Assembly-CSharp-firstpass\UghSpritePrototype.cs.meta
Assets\MonoBehaviour\traffic light Green.asset,0f28278e437d0cab1d27bdc7e1f644c6,11500000,3,True,Assets\Plugins\Assembly-CSharp-firstpass\UghSpritePrototype.cs.meta
Assets\MonoBehaviour\traffic light Red.asset,0f28278e437d0cab1d27bdc7e1f644c6,11500000,3,True,Assets\Plugins\Assembly-CSharp-firstpass\UghSpritePrototype.cs.meta
Assets\MonoBehaviour\traffic light unlit.asset,0f28278e437d0cab1d27bdc7e1f644c6,11500000,3,True,Assets\Plugins\Assembly-CSharp-firstpass\UghSpritePrototype.cs.meta
Assets\MonoBehaviour\traffic light Yellow.asset,0f28278e437d0cab1d27bdc7e1f644c6,11500000,3,True,Assets\Plugins\Assembly-CSharp-firstpass\UghSpritePrototype.cs.meta
Assets\MonoBehaviour\Trophy Button.asset,0f28278e437d0cab1d27bdc7e1f644c6,11500000,3,True,Assets\Plugins\Assembly-CSharp-firstpass\UghSpritePrototype.cs.meta
Assets\MonoBehaviour\TrophyBRONZE.asset,0f28278e437d0cab1d27bdc7e1f644c6,11500000,3,True,Assets\Plugins\Assembly-CSharp-firstpass\UghSpritePrototype.cs.meta
Assets\MonoBehaviour\TrophyGOLD.asset,0f28278e437d0cab1d27bdc7e1f644c6,11500000,3,True,Assets\Plugins\Assembly-CSharp-firstpass\UghSpritePrototype.cs.meta
Assets\MonoBehaviour\TrophySilhouette.asset,0f28278e437d0cab1d27bdc7e1f644c6,11500000,3,True,Assets\Plugins\Assembly-CSharp-firstpass\UghSpritePrototype.cs.meta
Assets\MonoBehaviour\TrophySILVER.asset,0f28278e437d0cab1d27bdc7e1f644c6,11500000,3,True,Assets\Plugins\Assembly-CSharp-firstpass\UghSpritePrototype.cs.meta
Assets\MonoBehaviour\Turkey - Smile.asset,0f28278e437d0cab1d27bdc7e1f644c6,11500000,3,True,Assets\Plugins\Assembly-CSharp-firstpass\UghSpritePrototype.cs.meta
Assets\MonoBehaviour\Turkey - Startled.asset,0f28278e437d0cab1d27bdc7e1f644c6,11500000,3,True,Assets\Plugins\Assembly-CSharp-firstpass\UghSpritePrototype.cs.meta
Assets\MonoBehaviour\Tutorial Arrow.asset,0f28278e437d0cab1d27bdc7e1f644c6,11500000,3,True,Assets\Plugins\Assembly-CSharp-firstpass\UghSpritePrototype.cs.meta
Assets\MonoBehaviour\Vent.asset,0f28278e437d0cab1d27bdc7e1f644c6,11500000,3,True,Assets\Plugins\Assembly-CSharp-firstpass\UghSpritePrototype.cs.meta
Assets\Scenes\CloudStrap.unity,9f53efec98452db3825b777095f4d4d7,11500000,3,True,Assets\Scripts\Assembly-CSharp\RotatorAI.cs.meta
Assets\Scenes\CloudStrap.unity,93a00b2df47c568d51d2e788e763d67e,11500000,3,True,Assets\Plugins\Assembly-CSharp-firstpass\UghCamera.cs.meta
Assets\Scenes\CloudStrap.unity,84dedd87b078241ae96d152250730014,11500000,3,True,Assets\Plugins\Assembly-CSharp-firstpass\UghSprite.cs.meta
Assets\Scenes\CloudStrap.unity,9c40d38f65c08d10fc603ef33dacbe20,11500000,3,True,Assets\Scripts\Assembly-CSharp\LocalizeCloudStrap.cs.meta
Assets\Scenes\CloudStrap.unity,cd56b4de943b2bff8309c8f3d4ec274b,11500000,3,True,Assets\Scripts\Assembly-CSharp\CloudStrap.cs.meta
Assets\Scenes\CloudStrap.unity,9f53efec98452db3825b777095f4d4d7,11500000,3,True,Assets\Scripts\Assembly-CSharp\RotatorAI.cs.meta
Assets\Scenes\CloudStrap.unity,9f53efec98452db3825b777095f4d4d7,11500000,3,True,Assets\Scripts\Assembly-CSharp\RotatorAI.cs.meta
Assets\Scenes\CloudStrap.unity,9f53efec98452db3825b777095f4d4d7,11500000,3,True,Assets\Scripts\Assembly-CSharp\RotatorAI.cs.meta
Assets\Scenes\CloudStrap.unity,9f53efec98452db3825b777095f4d4d7,11500000,3,True,Assets\Scripts\Assembly-CSharp\RotatorAI.cs.meta
Assets\Scenes\CloudStrap.unity,d023be04c46e426c31d87f45651d35dd,11500000,3,True,Assets\Plugins\Assembly-CSharp-firstpass\UghInput.cs.meta
Assets\Scenes\MoreDisney.unity,84dedd87b078241ae96d152250730014,11500000,3,True,Assets\Plugins\Assembly-CSharp-firstpass\UghSprite.cs.meta
Assets\Scenes\MoreDisney.unity,bff3ff0615018e2390611cf8599cbaeb,11500000,3,True,Assets\Scripts\Assembly-CSharp\ScreenFader.cs.meta
Assets\Scenes\MoreDisney.unity,93a00b2df47c568d51d2e788e763d67e,11500000,3,True,Assets\Plugins\Assembly-CSharp-firstpass\UghCamera.cs.meta
Assets\Scenes\MoreDisney.unity,e171dc7613dc84903f6b62f321860d38,11500000,3,True,Assets\Plugins\Assembly-CSharp-firstpass\UghAlign.cs.meta
Assets\Scenes\MoreDisney.unity,fded422a0e6a5f885b9a2b6df1700be1,11500000,3,True,Assets\Scripts\Assembly-CSharp\MoreDisneyLogic.cs.meta
Assets\Scenes\MoreDisney.unity,b88ab20c864889e81141f2df8a116b5b,11500000,3,True,Assets\Plugins\Assembly-CSharp-firstpass\UghText.cs.meta
Assets\Scenes\MoreDisney.unity,d023be04c46e426c31d87f45651d35dd,11500000,3,True,Assets\Plugins\Assembly-CSharp-firstpass\UghInput.cs.meta
Assets\Scenes\PreFrontEnd.unity,84dedd87b078241ae96d152250730014,11500000,3,True,Assets\Plugins\Assembly-CSharp-firstpass\UghSprite.cs.meta
Assets\Scenes\PreFrontEnd.unity,bff3ff0615018e2390611cf8599cbaeb,11500000,3,True,Assets\Scripts\Assembly-CSharp\ScreenFader.cs.meta
Assets\Scenes\PreFrontEnd.unity,82c0aa7a8b81da066dedc2c5c7ca68dc,11500000,3,True,Assets\Scripts\Assembly-CSharp\PreFrontEndHoop.cs.meta
Assets\Scenes\PreFrontEnd.unity,93a00b2df47c568d51d2e788e763d67e,11500000,3,True,Assets\Plugins\Assembly-CSharp-firstpass\UghCamera.cs.meta
Assets\Scenes\PreFrontEnd.unity,d023be04c46e426c31d87f45651d35dd,11500000,3,True,Assets\Plugins\Assembly-CSharp-firstpass\UghInput.cs.meta
Assets\Resources\cart assets\ai carts\AgentP_AI.prefab,68160b5b26b0f1eab73a836a60fa3fb2,11500000,3,True,Assets\Scripts\Assembly-CSharp\SoundSequencer.cs.meta
Assets\Resources\cart assets\ai carts\AgentP_AI.prefab,06b38f352cb0fd8283b56548d8b6e590,11500000,3,True,Assets\Scripts\Assembly-CSharp\CarCollider.cs.meta
Assets\Resources\cart assets\ai carts\AgentP_AI.prefab,9a8e04050779e497b7f4a13a3e01001c,11500000,3,True,Assets\Scripts\Assembly-CSharp\EffectManager.cs.meta
Assets\Resources\cart assets\ai carts\AgentP_AI.prefab,8064994c17f1cc71b99fe22a47e613fc,11500000,3,True,Assets\Scripts\Assembly-CSharp\AnimationDriver.cs.meta
Assets\Resources\cart assets\ai carts\AgentP_AI.prefab,68103dda04fe1777f4530150bfe27191,11500000,3,True,Assets\Scripts\Assembly-CSharp\PowerupHolder.cs.meta
Assets\Resources\cart assets\ai carts\AgentP_AI.prefab,5426f07b14d289264b08798b599ad094,11500000,3,True,Assets\Scripts\Assembly-CSharp\CarAI.cs.meta
Assets\Resources\cart assets\ai carts\AgentP_AI.prefab,4548b2233ed6f8734143da26b629cd83,11500000,3,True,Assets\Scripts\Assembly-CSharp\ShadowBlob.cs.meta
Assets\Resources\cart assets\ai carts\AgentP_AI.prefab,5633edb90a14040f737a9ae29115c276,11500000,3,True,Assets\Scripts\Assembly-CSharp\AnimationTire.cs.meta
Assets\Resources\cart assets\ai carts\AgentP_AI.prefab,e0499113b276495186aa64fdf1eff3b4,11500000,3,True,Assets\Scripts\Assembly-CSharp\CarAIPersonality.cs.meta
Assets\Resources\cart assets\ai carts\Bea_AI.prefab,68160b5b26b0f1eab73a836a60fa3fb2,11500000,3,True,Assets\Scripts\Assembly-CSharp\SoundSequencer.cs.meta
Assets\Resources\cart assets\ai carts\Bea_AI.prefab,06b38f352cb0fd8283b56548d8b6e590,11500000,3,True,Assets\Scripts\Assembly-CSharp\CarCollider.cs.meta
Assets\Resources\cart assets\ai carts\Bea_AI.prefab,9a8e04050779e497b7f4a13a3e01001c,11500000,3,True,Assets\Scripts\Assembly-CSharp\EffectManager.cs.meta
Assets\Resources\cart assets\ai carts\Bea_AI.prefab,8064994c17f1cc71b99fe22a47e613fc,11500000,3,True,Assets\Scripts\Assembly-CSharp\AnimationDriver.cs.meta
Assets\Resources\cart assets\ai carts\Bea_AI.prefab,68103dda04fe1777f4530150bfe27191,11500000,3,True,Assets\Scripts\Assembly-CSharp\PowerupHolder.cs.meta
Assets\Resources\cart assets\ai carts\Bea_AI.prefab,5426f07b14d289264b08798b599ad094,11500000,3,True,Assets\Scripts\Assembly-CSharp\CarAI.cs.meta
Assets\Resources\cart assets\ai carts\Bea_AI.prefab,4548b2233ed6f8734143da26b629cd83,11500000,3,True,Assets\Scripts\Assembly-CSharp\ShadowBlob.cs.meta
Assets\Resources\cart assets\ai carts\Bea_AI.prefab,5633edb90a14040f737a9ae29115c276,11500000,3,True,Assets\Scripts\Assembly-CSharp\AnimationTire.cs.meta
Assets\Resources\cart assets\ai carts\Bea_AI.prefab,e0499113b276495186aa64fdf1eff3b4,11500000,3,True,Assets\Scripts\Assembly-CSharp\CarAIPersonality.cs.meta
Assets\Resources\cart assets\ai carts\Brad_AI.prefab,68160b5b26b0f1eab73a836a60fa3fb2,11500000,3,True,Assets\Scripts\Assembly-CSharp\SoundSequencer.cs.meta
Assets\Resources\cart assets\ai carts\Brad_AI.prefab,06b38f352cb0fd8283b56548d8b6e590,11500000,3,True,Assets\Scripts\Assembly-CSharp\CarCollider.cs.meta
Assets\Resources\cart assets\ai carts\Brad_AI.prefab,8064994c17f1cc71b99fe22a47e613fc,11500000,3,True,Assets\Scripts\Assembly-CSharp\AnimationDriver.cs.meta
Assets\Resources\cart assets\ai carts\Brad_AI.prefab,9a8e04050779e497b7f4a13a3e01001c,11500000,3,True,Assets\Scripts\Assembly-CSharp\EffectManager.cs.meta
Assets\Resources\cart assets\ai carts\Brad_AI.prefab,68103dda04fe1777f4530150bfe27191,11500000,3,True,Assets\Scripts\Assembly-CSharp\PowerupHolder.cs.meta
Assets\Resources\cart assets\ai carts\Brad_AI.prefab,5426f07b14d289264b08798b599ad094,11500000,3,True,Assets\Scripts\Assembly-CSharp\CarAI.cs.meta
Assets\Resources\cart assets\ai carts\Brad_AI.prefab,4548b2233ed6f8734143da26b629cd83,11500000,3,True,Assets\Scripts\Assembly-CSharp\ShadowBlob.cs.meta
Assets\Resources\cart assets\ai carts\Brad_AI.prefab,5633edb90a14040f737a9ae29115c276,11500000,3,True,Assets\Scripts\Assembly-CSharp\AnimationTire.cs.meta
Assets\Resources\cart assets\ai carts\Brad_AI.prefab,e0499113b276495186aa64fdf1eff3b4,11500000,3,True,Assets\Scripts\Assembly-CSharp\CarAIPersonality.cs.meta
Assets\Resources\cart assets\ai carts\Dipper_AI.prefab,68160b5b26b0f1eab73a836a60fa3fb2,11500000,3,True,Assets\Scripts\Assembly-CSharp\SoundSequencer.cs.meta
Assets\Resources\cart assets\ai carts\Dipper_AI.prefab,06b38f352cb0fd8283b56548d8b6e590,11500000,3,True,Assets\Scripts\Assembly-CSharp\CarCollider.cs.meta
Assets\Resources\cart assets\ai carts\Dipper_AI.prefab,8064994c17f1cc71b99fe22a47e613fc,11500000,3,True,Assets\Scripts\Assembly-CSharp\AnimationDriver.cs.meta
Assets\Resources\cart assets\ai carts\Dipper_AI.prefab,9a8e04050779e497b7f4a13a3e01001c,11500000,3,True,Assets\Scripts\Assembly-CSharp\EffectManager.cs.meta
Assets\Resources\cart assets\ai carts\Dipper_AI.prefab,68103dda04fe1777f4530150bfe27191,11500000,3,True,Assets\Scripts\Assembly-CSharp\PowerupHolder.cs.meta
Assets\Resources\cart assets\ai carts\Dipper_AI.prefab,5426f07b14d289264b08798b599ad094,11500000,3,True,Assets\Scripts\Assembly-CSharp\CarAI.cs.meta
Assets\Resources\cart assets\ai carts\Dipper_AI.prefab,4548b2233ed6f8734143da26b629cd83,11500000,3,True,Assets\Scripts\Assembly-CSharp\ShadowBlob.cs.meta
Assets\Resources\cart assets\ai carts\Dipper_AI.prefab,5633edb90a14040f737a9ae29115c276,11500000,3,True,Assets\Scripts\Assembly-CSharp\AnimationTire.cs.meta
Assets\Resources\cart assets\ai carts\Dipper_AI.prefab,e0499113b276495186aa64fdf1eff3b4,11500000,3,True,Assets\Scripts\Assembly-CSharp\CarAIPersonality.cs.meta
Assets\Resources\cart assets\ai carts\Ferb_AI.prefab,68160b5b26b0f1eab73a836a60fa3fb2,11500000,3,True,Assets\Scripts\Assembly-CSharp\SoundSequencer.cs.meta
Assets\Resources\cart assets\ai carts\Ferb_AI.prefab,06b38f352cb0fd8283b56548d8b6e590,11500000,3,True,Assets\Scripts\Assembly-CSharp\CarCollider.cs.meta
Assets\Resources\cart assets\ai carts\Ferb_AI.prefab,9a8e04050779e497b7f4a13a3e01001c,11500000,3,True,Assets\Scripts\Assembly-CSharp\EffectManager.cs.meta
Assets\Resources\cart assets\ai carts\Ferb_AI.prefab,8064994c17f1cc71b99fe22a47e613fc,11500000,3,True,Assets\Scripts\Assembly-CSharp\AnimationDriver.cs.meta
Assets\Resources\cart assets\ai carts\Ferb_AI.prefab,68103dda04fe1777f4530150bfe27191,11500000,3,True,Assets\Scripts\Assembly-CSharp\PowerupHolder.cs.meta
Assets\Resources\cart assets\ai carts\Ferb_AI.prefab,5426f07b14d289264b08798b599ad094,11500000,3,True,Assets\Scripts\Assembly-CSharp\CarAI.cs.meta
Assets\Resources\cart assets\ai carts\Ferb_AI.prefab,4548b2233ed6f8734143da26b629cd83,11500000,3,True,Assets\Scripts\Assembly-CSharp\ShadowBlob.cs.meta
Assets\Resources\cart assets\ai carts\Ferb_AI.prefab,5633edb90a14040f737a9ae29115c276,11500000,3,True,Assets\Scripts\Assembly-CSharp\AnimationTire.cs.meta
Assets\Resources\cart assets\ai carts\Ferb_AI.prefab,e0499113b276495186aa64fdf1eff3b4,11500000,3,True,Assets\Scripts\Assembly-CSharp\CarAIPersonality.cs.meta
Assets\Resources\cart assets\ai carts\Gunther_AI.prefab,68160b5b26b0f1eab73a836a60fa3fb2,11500000,3,True,Assets\Scripts\Assembly-CSharp\SoundSequencer.cs.meta
Assets\Resources\cart assets\ai carts\Gunther_AI.prefab,06b38f352cb0fd8283b56548d8b6e590,11500000,3,True,Assets\Scripts\Assembly-CSharp\CarCollider.cs.meta
Assets\Resources\cart assets\ai carts\Gunther_AI.prefab,9a8e04050779e497b7f4a13a3e01001c,11500000,3,True,Assets\Scripts\Assembly-CSharp\EffectManager.cs.meta
Assets\Resources\cart assets\ai carts\Gunther_AI.prefab,68103dda04fe1777f4530150bfe27191,11500000,3,True,Assets\Scripts\Assembly-CSharp\PowerupHolder.cs.meta
Assets\Resources\cart assets\ai carts\Gunther_AI.prefab,8064994c17f1cc71b99fe22a47e613fc,11500000,3,True,Assets\Scripts\Assembly-CSharp\AnimationDriver.cs.meta
Assets\Resources\cart assets\ai carts\Gunther_AI.prefab,5426f07b14d289264b08798b599ad094,11500000,3,True,Assets\Scripts\Assembly-CSharp\CarAI.cs.meta
Assets\Resources\cart assets\ai carts\Gunther_AI.prefab,4548b2233ed6f8734143da26b629cd83,11500000,3,True,Assets\Scripts\Assembly-CSharp\ShadowBlob.cs.meta
Assets\Resources\cart assets\ai carts\Gunther_AI.prefab,5633edb90a14040f737a9ae29115c276,11500000,3,True,Assets\Scripts\Assembly-CSharp\AnimationTire.cs.meta
Assets\Resources\cart assets\ai carts\Gunther_AI.prefab,e0499113b276495186aa64fdf1eff3b4,11500000,3,True,Assets\Scripts\Assembly-CSharp\CarAIPersonality.cs.meta
Assets\Resources\cart assets\ai carts\Kick_AI.prefab,68160b5b26b0f1eab73a836a60fa3fb2,11500000,3,True,Assets\Scripts\Assembly-CSharp\SoundSequencer.cs.meta
Assets\Resources\cart assets\ai carts\Kick_AI.prefab,06b38f352cb0fd8283b56548d8b6e590,11500000,3,True,Assets\Scripts\Assembly-CSharp\CarCollider.cs.meta
Assets\Resources\cart assets\ai carts\Kick_AI.prefab,9a8e04050779e497b7f4a13a3e01001c,11500000,3,True,Assets\Scripts\Assembly-CSharp\EffectManager.cs.meta
Assets\Resources\cart assets\ai carts\Kick_AI.prefab,8064994c17f1cc71b99fe22a47e613fc,11500000,3,True,Assets\Scripts\Assembly-CSharp\AnimationDriver.cs.meta
Assets\Resources\cart assets\ai carts\Kick_AI.prefab,68103dda04fe1777f4530150bfe27191,11500000,3,True,Assets\Scripts\Assembly-CSharp\PowerupHolder.cs.meta
Assets\Resources\cart assets\ai carts\Kick_AI.prefab,5426f07b14d289264b08798b599ad094,11500000,3,True,Assets\Scripts\Assembly-CSharp\CarAI.cs.meta
Assets\Resources\cart assets\ai carts\Kick_AI.prefab,4548b2233ed6f8734143da26b629cd83,11500000,3,True,Assets\Scripts\Assembly-CSharp\ShadowBlob.cs.meta
Assets\Resources\cart assets\ai carts\Kick_AI.prefab,5633edb90a14040f737a9ae29115c276,11500000,3,True,Assets\Scripts\Assembly-CSharp\AnimationTire.cs.meta
Assets\Resources\cart assets\ai carts\Kick_AI.prefab,e0499113b276495186aa64fdf1eff3b4,11500000,3,True,Assets\Scripts\Assembly-CSharp\CarAIPersonality.cs.meta
Assets\Resources\cart assets\ai carts\Mabel_AI.prefab,68160b5b26b0f1eab73a836a60fa3fb2,11500000,3,True,Assets\Scripts\Assembly-CSharp\SoundSequencer.cs.meta
Assets\Resources\cart assets\ai carts\Mabel_AI.prefab,06b38f352cb0fd8283b56548d8b6e590,11500000,3,True,Assets\Scripts\Assembly-CSharp\CarCollider.cs.meta
Assets\Resources\cart assets\ai carts\Mabel_AI.prefab,9a8e04050779e497b7f4a13a3e01001c,11500000,3,True,Assets\Scripts\Assembly-CSharp\EffectManager.cs.meta
Assets\Resources\cart assets\ai carts\Mabel_AI.prefab,68103dda04fe1777f4530150bfe27191,11500000,3,True,Assets\Scripts\Assembly-CSharp\PowerupHolder.cs.meta
Assets\Resources\cart assets\ai carts\Mabel_AI.prefab,8064994c17f1cc71b99fe22a47e613fc,11500000,3,True,Assets\Scripts\Assembly-CSharp\AnimationDriver.cs.meta
Assets\Resources\cart assets\ai carts\Mabel_AI.prefab,5426f07b14d289264b08798b599ad094,11500000,3,True,Assets\Scripts\Assembly-CSharp\CarAI.cs.meta
Assets\Resources\cart assets\ai carts\Mabel_AI.prefab,4548b2233ed6f8734143da26b629cd83,11500000,3,True,Assets\Scripts\Assembly-CSharp\ShadowBlob.cs.meta
Assets\Resources\cart assets\ai carts\Mabel_AI.prefab,5633edb90a14040f737a9ae29115c276,11500000,3,True,Assets\Scripts\Assembly-CSharp\AnimationTire.cs.meta
Assets\Resources\cart assets\ai carts\Mabel_AI.prefab,e0499113b276495186aa64fdf1eff3b4,11500000,3,True,Assets\Scripts\Assembly-CSharp\CarAIPersonality.cs.meta
Assets\Resources\cart assets\ai carts\Mike_AI.prefab,68160b5b26b0f1eab73a836a60fa3fb2,11500000,3,True,Assets\Scripts\Assembly-CSharp\SoundSequencer.cs.meta
Assets\Resources\cart assets\ai carts\Mike_AI.prefab,06b38f352cb0fd8283b56548d8b6e590,11500000,3,True,Assets\Scripts\Assembly-CSharp\CarCollider.cs.meta
Assets\Resources\cart assets\ai carts\Mike_AI.prefab,9a8e04050779e497b7f4a13a3e01001c,11500000,3,True,Assets\Scripts\Assembly-CSharp\EffectManager.cs.meta
Assets\Resources\cart assets\ai carts\Mike_AI.prefab,8064994c17f1cc71b99fe22a47e613fc,11500000,3,True,Assets\Scripts\Assembly-CSharp\AnimationDriver.cs.meta
Assets\Resources\cart assets\ai carts\Mike_AI.prefab,68103dda04fe1777f4530150bfe27191,11500000,3,True,Assets\Scripts\Assembly-CSharp\PowerupHolder.cs.meta
Assets\Resources\cart assets\ai carts\Mike_AI.prefab,5426f07b14d289264b08798b599ad094,11500000,3,True,Assets\Scripts\Assembly-CSharp\CarAI.cs.meta
Assets\Resources\cart assets\ai carts\Mike_AI.prefab,4548b2233ed6f8734143da26b629cd83,11500000,3,True,Assets\Scripts\Assembly-CSharp\ShadowBlob.cs.meta
Assets\Resources\cart assets\ai carts\Mike_AI.prefab,5633edb90a14040f737a9ae29115c276,11500000,3,True,Assets\Scripts\Assembly-CSharp\AnimationTire.cs.meta
Assets\Resources\cart assets\ai carts\Mike_AI.prefab,e0499113b276495186aa64fdf1eff3b4,11500000,3,True,Assets\Scripts\Assembly-CSharp\CarAIPersonality.cs.meta
Assets\Resources\cart assets\ai carts\Milo_AI.prefab,68160b5b26b0f1eab73a836a60fa3fb2,11500000,3,True,Assets\Scripts\Assembly-CSharp\SoundSequencer.cs.meta
Assets\Resources\cart assets\ai carts\Milo_AI.prefab,06b38f352cb0fd8283b56548d8b6e590,11500000,3,True,Assets\Scripts\Assembly-CSharp\CarCollider.cs.meta
Assets\Resources\cart assets\ai carts\Milo_AI.prefab,9a8e04050779e497b7f4a13a3e01001c,11500000,3,True,Assets\Scripts\Assembly-CSharp\EffectManager.cs.meta
Assets\Resources\cart assets\ai carts\Milo_AI.prefab,8064994c17f1cc71b99fe22a47e613fc,11500000,3,True,Assets\Scripts\Assembly-CSharp\AnimationDriver.cs.meta
Assets\Resources\cart assets\ai carts\Milo_AI.prefab,68103dda04fe1777f4530150bfe27191,11500000,3,True,Assets\Scripts\Assembly-CSharp\PowerupHolder.cs.meta
Assets\Resources\cart assets\ai carts\Milo_AI.prefab,5426f07b14d289264b08798b599ad094,11500000,3,True,Assets\Scripts\Assembly-CSharp\CarAI.cs.meta
Assets\Resources\cart assets\ai carts\Milo_AI.prefab,4548b2233ed6f8734143da26b629cd83,11500000,3,True,Assets\Scripts\Assembly-CSharp\ShadowBlob.cs.meta
Assets\Resources\cart assets\ai carts\Milo_AI.prefab,5633edb90a14040f737a9ae29115c276,11500000,3,True,Assets\Scripts\Assembly-CSharp\AnimationTire.cs.meta
Assets\Resources\cart assets\ai carts\Milo_AI.prefab,e0499113b276495186aa64fdf1eff3b4,11500000,3,True,Assets\Scripts\Assembly-CSharp\CarAIPersonality.cs.meta
Assets\Resources\cart assets\ai carts\noChar_AI.prefab,68160b5b26b0f1eab73a836a60fa3fb2,11500000,3,True,Assets\Scripts\Assembly-CSharp\SoundSequencer.cs.meta
Assets\Resources\cart assets\ai carts\noChar_AI.prefab,06b38f352cb0fd8283b56548d8b6e590,11500000,3,True,Assets\Scripts\Assembly-CSharp\CarCollider.cs.meta
Assets\Resources\cart assets\ai carts\noChar_AI.prefab,9a8e04050779e497b7f4a13a3e01001c,11500000,3,True,Assets\Scripts\Assembly-CSharp\EffectManager.cs.meta
Assets\Resources\cart assets\ai carts\noChar_AI.prefab,8064994c17f1cc71b99fe22a47e613fc,11500000,3,True,Assets\Scripts\Assembly-CSharp\AnimationDriver.cs.meta
Assets\Resources\cart assets\ai carts\noChar_AI.prefab,68103dda04fe1777f4530150bfe27191,11500000,3,True,Assets\Scripts\Assembly-CSharp\PowerupHolder.cs.meta
Assets\Resources\cart assets\ai carts\noChar_AI.prefab,5426f07b14d289264b08798b599ad094,11500000,3,True,Assets\Scripts\Assembly-CSharp\CarAI.cs.meta
Assets\Resources\cart assets\ai carts\noChar_AI.prefab,4548b2233ed6f8734143da26b629cd83,11500000,3,True,Assets\Scripts\Assembly-CSharp\ShadowBlob.cs.meta
Assets\Resources\cart assets\ai carts\noChar_AI.prefab,5633edb90a14040f737a9ae29115c276,11500000,3,True,Assets\Scripts\Assembly-CSharp\AnimationTire.cs.meta
Assets\Resources\cart assets\ai carts\noChar_AI.prefab,e0499113b276495186aa64fdf1eff3b4,11500000,3,True,Assets\Scripts\Assembly-CSharp\CarAIPersonality.cs.meta
Assets\Resources\cart assets\ai carts\Oscar_AI.prefab,68160b5b26b0f1eab73a836a60fa3fb2,11500000,3,True,Assets\Scripts\Assembly-CSharp\SoundSequencer.cs.meta
Assets\Resources\cart assets\ai carts\Oscar_AI.prefab,06b38f352cb0fd8283b56548d8b6e590,11500000,3,True,Assets\Scripts\Assembly-CSharp\CarCollider.cs.meta
Assets\Resources\cart assets\ai carts\Oscar_AI.prefab,9a8e04050779e497b7f4a13a3e01001c,11500000,3,True,Assets\Scripts\Assembly-CSharp\EffectManager.cs.meta
Assets\Resources\cart assets\ai carts\Oscar_AI.prefab,8064994c17f1cc71b99fe22a47e613fc,11500000,3,True,Assets\Scripts\Assembly-CSharp\AnimationDriver.cs.meta
Assets\Resources\cart assets\ai carts\Oscar_AI.prefab,68103dda04fe1777f4530150bfe27191,11500000,3,True,Assets\Scripts\Assembly-CSharp\PowerupHolder.cs.meta
Assets\Resources\cart assets\ai carts\Oscar_AI.prefab,5426f07b14d289264b08798b599ad094,11500000,3,True,Assets\Scripts\Assembly-CSharp\CarAI.cs.meta
Assets\Resources\cart assets\ai carts\Oscar_AI.prefab,4548b2233ed6f8734143da26b629cd83,11500000,3,True,Assets\Scripts\Assembly-CSharp\ShadowBlob.cs.meta
Assets\Resources\cart assets\ai carts\Oscar_AI.prefab,5633edb90a14040f737a9ae29115c276,11500000,3,True,Assets\Scripts\Assembly-CSharp\AnimationTire.cs.meta
Assets\Resources\cart assets\ai carts\Oscar_AI.prefab,e0499113b276495186aa64fdf1eff3b4,11500000,3,True,Assets\Scripts\Assembly-CSharp\CarAIPersonality.cs.meta
Assets\Resources\cart assets\ai carts\Phineas_AI.prefab,68160b5b26b0f1eab73a836a60fa3fb2,11500000,3,True,Assets\Scripts\Assembly-CSharp\SoundSequencer.cs.meta
Assets\Resources\cart assets\ai carts\Phineas_AI.prefab,06b38f352cb0fd8283b56548d8b6e590,11500000,3,True,Assets\Scripts\Assembly-CSharp\CarCollider.cs.meta
Assets\Resources\cart assets\ai carts\Phineas_AI.prefab,9a8e04050779e497b7f4a13a3e01001c,11500000,3,True,Assets\Scripts\Assembly-CSharp\EffectManager.cs.meta
Assets\Resources\cart assets\ai carts\Phineas_AI.prefab,8064994c17f1cc71b99fe22a47e613fc,11500000,3,True,Assets\Scripts\Assembly-CSharp\AnimationDriver.cs.meta
Assets\Resources\cart assets\ai carts\Phineas_AI.prefab,68103dda04fe1777f4530150bfe27191,11500000,3,True,Assets\Scripts\Assembly-CSharp\PowerupHolder.cs.meta
Assets\Resources\cart assets\ai carts\Phineas_AI.prefab,5426f07b14d289264b08798b599ad094,11500000,3,True,Assets\Scripts\Assembly-CSharp\CarAI.cs.meta
Assets\Resources\cart assets\ai carts\Phineas_AI.prefab,4548b2233ed6f8734143da26b629cd83,11500000,3,True,Assets\Scripts\Assembly-CSharp\ShadowBlob.cs.meta
Assets\Resources\cart assets\ai carts\Phineas_AI.prefab,5633edb90a14040f737a9ae29115c276,11500000,3,True,Assets\Scripts\Assembly-CSharp\AnimationTire.cs.meta
Assets\Resources\cart assets\ai carts\Phineas_AI.prefab,e0499113b276495186aa64fdf1eff3b4,11500000,3,True,Assets\Scripts\Assembly-CSharp\CarAIPersonality.cs.meta
Assets\Resources\cart assets\ai carts\Randy_AI.prefab,68160b5b26b0f1eab73a836a60fa3fb2,11500000,3,True,Assets\Scripts\Assembly-CSharp\SoundSequencer.cs.meta
Assets\Resources\cart assets\ai carts\Randy_AI.prefab,06b38f352cb0fd8283b56548d8b6e590,11500000,3,True,Assets\Scripts\Assembly-CSharp\CarCollider.cs.meta
Assets\Resources\cart assets\ai carts\Randy_AI.prefab,9a8e04050779e497b7f4a13a3e01001c,11500000,3,True,Assets\Scripts\Assembly-CSharp\EffectManager.cs.meta
Assets\Resources\cart assets\ai carts\Randy_AI.prefab,8064994c17f1cc71b99fe22a47e613fc,11500000,3,True,Assets\Scripts\Assembly-CSharp\AnimationDriver.cs.meta
Assets\Resources\cart assets\ai carts\Randy_AI.prefab,68103dda04fe1777f4530150bfe27191,11500000,3,True,Assets\Scripts\Assembly-CSharp\PowerupHolder.cs.meta
Assets\Resources\cart assets\ai carts\Randy_AI.prefab,5426f07b14d289264b08798b599ad094,11500000,3,True,Assets\Scripts\Assembly-CSharp\CarAI.cs.meta
Assets\Resources\cart assets\ai carts\Randy_AI.prefab,4548b2233ed6f8734143da26b629cd83,11500000,3,True,Assets\Scripts\Assembly-CSharp\ShadowBlob.cs.meta
Assets\Resources\cart assets\ai carts\Randy_AI.prefab,5633edb90a14040f737a9ae29115c276,11500000,3,True,Assets\Scripts\Assembly-CSharp\AnimationTire.cs.meta
Assets\Resources\cart assets\ai carts\Randy_AI.prefab,e0499113b276495186aa64fdf1eff3b4,11500000,3,True,Assets\Scripts\Assembly-CSharp\CarAIPersonality.cs.meta
Assets\Resources\cart assets\characters\Agent P.prefab,f674a485348382a5ad843e7295581fc5,11500000,3,True,Assets\Scripts\Assembly-CSharp\CharacterVOController.cs.meta
Assets\Resources\cart assets\characters\Bea.prefab,f674a485348382a5ad843e7295581fc5,11500000,3,True,Assets\Scripts\Assembly-CSharp\CharacterVOController.cs.meta
Assets\Resources\cart assets\characters\Brad.prefab,f674a485348382a5ad843e7295581fc5,11500000,3,True,Assets\Scripts\Assembly-CSharp\CharacterVOController.cs.meta
Assets\Resources\cart assets\characters\Crash.prefab,f674a485348382a5ad843e7295581fc5,11500000,3,True,Assets\Scripts\Assembly-CSharp\CharacterVOController.cs.meta
Assets\Resources\cart assets\characters\Dipper.prefab,f674a485348382a5ad843e7295581fc5,11500000,3,True,Assets\Scripts\Assembly-CSharp\CharacterVOController.cs.meta
Assets\Resources\cart assets\characters\Ferb.prefab,f674a485348382a5ad843e7295581fc5,11500000,3,True,Assets\Scripts\Assembly-CSharp\CharacterVOController.cs.meta
Assets\Resources\cart assets\characters\Gunther.prefab,f674a485348382a5ad843e7295581fc5,11500000,3,True,Assets\Scripts\Assembly-CSharp\CharacterVOController.cs.meta
Assets\Resources\cart assets\characters\Kick.prefab,f674a485348382a5ad843e7295581fc5,11500000,3,True,Assets\Scripts\Assembly-CSharp\CharacterVOController.cs.meta
Assets\Resources\cart assets\characters\Mabel.prefab,f674a485348382a5ad843e7295581fc5,11500000,3,True,Assets\Scripts\Assembly-CSharp\CharacterVOController.cs.meta
Assets\Resources\cart assets\characters\Mike.prefab,f674a485348382a5ad843e7295581fc5,11500000,3,True,Assets\Scripts\Assembly-CSharp\CharacterVOController.cs.meta
Assets\Resources\cart assets\characters\Milo.prefab,f674a485348382a5ad843e7295581fc5,11500000,3,True,Assets\Scripts\Assembly-CSharp\CharacterVOController.cs.meta
Assets\Resources\cart assets\characters\Oscar.prefab,f674a485348382a5ad843e7295581fc5,11500000,3,True,Assets\Scripts\Assembly-CSharp\CharacterVOController.cs.meta
Assets\Resources\cart assets\characters\Phineas.prefab,f674a485348382a5ad843e7295581fc5,11500000,3,True,Assets\Scripts\Assembly-CSharp\CharacterVOController.cs.meta
Assets\Resources\cart assets\characters\Randy.prefab,f674a485348382a5ad843e7295581fc5,11500000,3,True,Assets\Scripts\Assembly-CSharp\CharacterVOController.cs.meta
Assets\Resources\cart assets\characters\Soos.prefab,f674a485348382a5ad843e7295581fc5,11500000,3,True,Assets\Scripts\Assembly-CSharp\CharacterVOController.cs.meta
Assets\Resources\cart assets\wheels\Bike 0 Wheels.prefab,5633edb90a14040f737a9ae29115c276,11500000,3,True,Assets\Scripts\Assembly-CSharp\AnimationTire.cs.meta
Assets\Resources\cart assets\wheels\Bike 0 Wheels.prefab,0039babb681e37e1701231118e30c16a,11500000,3,True,Assets\Scripts\Assembly-CSharp\SpringConnection.cs.meta
Assets\Resources\cart assets\wheels\Bike 0 Wheels.prefab,4548b2233ed6f8734143da26b629cd83,11500000,3,True,Assets\Scripts\Assembly-CSharp\ShadowBlob.cs.meta
Assets\Resources\cart assets\wheels\Bike 0 Wheels.prefab,9a8e04050779e497b7f4a13a3e01001c,11500000,3,True,Assets\Scripts\Assembly-CSharp\EffectManager.cs.meta
Assets\Resources\cart assets\wheels\Bike 1 Wheels.prefab,5633edb90a14040f737a9ae29115c276,11500000,3,True,Assets\Scripts\Assembly-CSharp\AnimationTire.cs.meta
Assets\Resources\cart assets\wheels\Bike 1 Wheels.prefab,0039babb681e37e1701231118e30c16a,11500000,3,True,Assets\Scripts\Assembly-CSharp\SpringConnection.cs.meta
Assets\Resources\cart assets\wheels\Bike 1 Wheels.prefab,4548b2233ed6f8734143da26b629cd83,11500000,3,True,Assets\Scripts\Assembly-CSharp\ShadowBlob.cs.meta
Assets\Resources\cart assets\wheels\Bike 1 Wheels.prefab,9a8e04050779e497b7f4a13a3e01001c,11500000,3,True,Assets\Scripts\Assembly-CSharp\EffectManager.cs.meta
Assets\Resources\cart assets\wheels\Bike 2 Wheels.prefab,5633edb90a14040f737a9ae29115c276,11500000,3,True,Assets\Scripts\Assembly-CSharp\AnimationTire.cs.meta
Assets\Resources\cart assets\wheels\Bike 2 Wheels.prefab,0039babb681e37e1701231118e30c16a,11500000,3,True,Assets\Scripts\Assembly-CSharp\SpringConnection.cs.meta
Assets\Resources\cart assets\wheels\Bike 2 Wheels.prefab,4548b2233ed6f8734143da26b629cd83,11500000,3,True,Assets\Scripts\Assembly-CSharp\ShadowBlob.cs.meta
Assets\Resources\cart assets\wheels\Bike 2 Wheels.prefab,9a8e04050779e497b7f4a13a3e01001c,11500000,3,True,Assets\Scripts\Assembly-CSharp\EffectManager.cs.meta
Assets\Resources\cart assets\wheels\Bike 3 Wheels.prefab,5633edb90a14040f737a9ae29115c276,11500000,3,True,Assets\Scripts\Assembly-CSharp\AnimationTire.cs.meta
Assets\Resources\cart assets\wheels\Bike 3 Wheels.prefab,0039babb681e37e1701231118e30c16a,11500000,3,True,Assets\Scripts\Assembly-CSharp\SpringConnection.cs.meta
Assets\Resources\cart assets\wheels\Bike 3 Wheels.prefab,4548b2233ed6f8734143da26b629cd83,11500000,3,True,Assets\Scripts\Assembly-CSharp\ShadowBlob.cs.meta
Assets\Resources\cart assets\wheels\Bike 3 Wheels.prefab,9a8e04050779e497b7f4a13a3e01001c,11500000,3,True,Assets\Scripts\Assembly-CSharp\EffectManager.cs.meta
Assets\Resources\cart assets\wheels\Bike 4 Wheels.prefab,5633edb90a14040f737a9ae29115c276,11500000,3,True,Assets\Scripts\Assembly-CSharp\AnimationTire.cs.meta
Assets\Resources\cart assets\wheels\Bike 4 Wheels.prefab,0039babb681e37e1701231118e30c16a,11500000,3,True,Assets\Scripts\Assembly-CSharp\SpringConnection.cs.meta
Assets\Resources\cart assets\wheels\Bike 4 Wheels.prefab,4548b2233ed6f8734143da26b629cd83,11500000,3,True,Assets\Scripts\Assembly-CSharp\ShadowBlob.cs.meta
Assets\Resources\cart assets\wheels\Bike 4 Wheels.prefab,9a8e04050779e497b7f4a13a3e01001c,11500000,3,True,Assets\Scripts\Assembly-CSharp\EffectManager.cs.meta
Assets\Resources\cart assets\wheels\Bike 5 Wheels.prefab,5633edb90a14040f737a9ae29115c276,11500000,3,True,Assets\Scripts\Assembly-CSharp\AnimationTire.cs.meta
Assets\Resources\cart assets\wheels\Bike 5 Wheels.prefab,0039babb681e37e1701231118e30c16a,11500000,3,True,Assets\Scripts\Assembly-CSharp\SpringConnection.cs.meta
Assets\Resources\cart assets\wheels\Bike 5 Wheels.prefab,4548b2233ed6f8734143da26b629cd83,11500000,3,True,Assets\Scripts\Assembly-CSharp\ShadowBlob.cs.meta
Assets\Resources\cart assets\wheels\Bike 5 Wheels.prefab,9a8e04050779e497b7f4a13a3e01001c,11500000,3,True,Assets\Scripts\Assembly-CSharp\EffectManager.cs.meta
Assets\Resources\cart assets\wheels\Bike 6 Wheels.prefab,5633edb90a14040f737a9ae29115c276,11500000,3,True,Assets\Scripts\Assembly-CSharp\AnimationTire.cs.meta
Assets\Resources\cart assets\wheels\Bike 6 Wheels.prefab,0039babb681e37e1701231118e30c16a,11500000,3,True,Assets\Scripts\Assembly-CSharp\SpringConnection.cs.meta
Assets\Resources\cart assets\wheels\Bike 6 Wheels.prefab,4548b2233ed6f8734143da26b629cd83,11500000,3,True,Assets\Scripts\Assembly-CSharp\ShadowBlob.cs.meta
Assets\Resources\cart assets\wheels\Bike 6 Wheels.prefab,9a8e04050779e497b7f4a13a3e01001c,11500000,3,True,Assets\Scripts\Assembly-CSharp\EffectManager.cs.meta
Assets\Resources\cart assets\wheels\Kart 0 Wheels.prefab,5633edb90a14040f737a9ae29115c276,11500000,3,True,Assets\Scripts\Assembly-CSharp\AnimationTire.cs.meta
Assets\Resources\cart assets\wheels\Kart 0 Wheels.prefab,0039babb681e37e1701231118e30c16a,11500000,3,True,Assets\Scripts\Assembly-CSharp\SpringConnection.cs.meta
Assets\Resources\cart assets\wheels\Kart 0 Wheels.prefab,4548b2233ed6f8734143da26b629cd83,11500000,3,True,Assets\Scripts\Assembly-CSharp\ShadowBlob.cs.meta
Assets\Resources\cart assets\wheels\Kart 0 Wheels.prefab,9a8e04050779e497b7f4a13a3e01001c,11500000,3,True,Assets\Scripts\Assembly-CSharp\EffectManager.cs.meta
Assets\Resources\cart assets\wheels\Kart 1 Wheels.prefab,5633edb90a14040f737a9ae29115c276,11500000,3,True,Assets\Scripts\Assembly-CSharp\AnimationTire.cs.meta
Assets\Resources\cart assets\wheels\Kart 1 Wheels.prefab,0039babb681e37e1701231118e30c16a,11500000,3,True,Assets\Scripts\Assembly-CSharp\SpringConnection.cs.meta
Assets\Resources\cart assets\wheels\Kart 1 Wheels.prefab,4548b2233ed6f8734143da26b629cd83,11500000,3,True,Assets\Scripts\Assembly-CSharp\ShadowBlob.cs.meta
Assets\Resources\cart assets\wheels\Kart 1 Wheels.prefab,9a8e04050779e497b7f4a13a3e01001c,11500000,3,True,Assets\Scripts\Assembly-CSharp\EffectManager.cs.meta
Assets\Resources\cart assets\wheels\Kart 2 Wheels.prefab,5633edb90a14040f737a9ae29115c276,11500000,3,True,Assets\Scripts\Assembly-CSharp\AnimationTire.cs.meta
Assets\Resources\cart assets\wheels\Kart 2 Wheels.prefab,0039babb681e37e1701231118e30c16a,11500000,3,True,Assets\Scripts\Assembly-CSharp\SpringConnection.cs.meta
Assets\Resources\cart assets\wheels\Kart 2 Wheels.prefab,4548b2233ed6f8734143da26b629cd83,11500000,3,True,Assets\Scripts\Assembly-CSharp\ShadowBlob.cs.meta
Assets\Resources\cart assets\wheels\Kart 2 Wheels.prefab,9a8e04050779e497b7f4a13a3e01001c,11500000,3,True,Assets\Scripts\Assembly-CSharp\EffectManager.cs.meta
Assets\Resources\cart assets\wheels\Kart 3 Wheels.prefab,5633edb90a14040f737a9ae29115c276,11500000,3,True,Assets\Scripts\Assembly-CSharp\AnimationTire.cs.meta
Assets\Resources\cart assets\wheels\Kart 3 Wheels.prefab,0039babb681e37e1701231118e30c16a,11500000,3,True,Assets\Scripts\Assembly-CSharp\SpringConnection.cs.meta
Assets\Resources\cart assets\wheels\Kart 3 Wheels.prefab,4548b2233ed6f8734143da26b629cd83,11500000,3,True,Assets\Scripts\Assembly-CSharp\ShadowBlob.cs.meta
Assets\Resources\cart assets\wheels\Kart 3 Wheels.prefab,9a8e04050779e497b7f4a13a3e01001c,11500000,3,True,Assets\Scripts\Assembly-CSharp\EffectManager.cs.meta
Assets\Resources\cart assets\wheels\Kart 4 Wheels.prefab,5633edb90a14040f737a9ae29115c276,11500000,3,True,Assets\Scripts\Assembly-CSharp\AnimationTire.cs.meta
Assets\Resources\cart assets\wheels\Kart 4 Wheels.prefab,0039babb681e37e1701231118e30c16a,11500000,3,True,Assets\Scripts\Assembly-CSharp\SpringConnection.cs.meta
Assets\Resources\cart assets\wheels\Kart 4 Wheels.prefab,4548b2233ed6f8734143da26b629cd83,11500000,3,True,Assets\Scripts\Assembly-CSharp\ShadowBlob.cs.meta
Assets\Resources\cart assets\wheels\Kart 4 Wheels.prefab,9a8e04050779e497b7f4a13a3e01001c,11500000,3,True,Assets\Scripts\Assembly-CSharp\EffectManager.cs.meta
Assets\Resources\cart assets\wheels\Kart 5 Wheels.prefab,5633edb90a14040f737a9ae29115c276,11500000,3,True,Assets\Scripts\Assembly-CSharp\AnimationTire.cs.meta
Assets\Resources\cart assets\wheels\Kart 5 Wheels.prefab,0039babb681e37e1701231118e30c16a,11500000,3,True,Assets\Scripts\Assembly-CSharp\SpringConnection.cs.meta
Assets\Resources\cart assets\wheels\Kart 5 Wheels.prefab,4548b2233ed6f8734143da26b629cd83,11500000,3,True,Assets\Scripts\Assembly-CSharp\ShadowBlob.cs.meta
Assets\Resources\cart assets\wheels\Kart 5 Wheels.prefab,9a8e04050779e497b7f4a13a3e01001c,11500000,3,True,Assets\Scripts\Assembly-CSharp\EffectManager.cs.meta
Assets\Resources\cart assets\wheels\Kart 6 Wheels.prefab,5633edb90a14040f737a9ae29115c276,11500000,3,True,Assets\Scripts\Assembly-CSharp\AnimationTire.cs.meta
Assets\Resources\cart assets\wheels\Kart 6 Wheels.prefab,0039babb681e37e1701231118e30c16a,11500000,3,True,Assets\Scripts\Assembly-CSharp\SpringConnection.cs.meta
Assets\Resources\cart assets\wheels\Kart 6 Wheels.prefab,4548b2233ed6f8734143da26b629cd83,11500000,3,True,Assets\Scripts\Assembly-CSharp\ShadowBlob.cs.meta
Assets\Resources\cart assets\wheels\Kart 6 Wheels.prefab,68160b5b26b0f1eab73a836a60fa3fb2,11500000,3,True,Assets\Scripts\Assembly-CSharp\SoundSequencer.cs.meta
Assets\Resources\cart assets\wheels\Kart 6 Wheels.prefab,9a8e04050779e497b7f4a13a3e01001c,11500000,3,True,Assets\Scripts\Assembly-CSharp\EffectManager.cs.meta
Assets\Resources\cart assets\wheels\Truck 0 Wheels.prefab,5633edb90a14040f737a9ae29115c276,11500000,3,True,Assets\Scripts\Assembly-CSharp\AnimationTire.cs.meta
Assets\Resources\cart assets\wheels\Truck 0 Wheels.prefab,0039babb681e37e1701231118e30c16a,11500000,3,True,Assets\Scripts\Assembly-CSharp\SpringConnection.cs.meta
Assets\Resources\cart assets\wheels\Truck 0 Wheels.prefab,4548b2233ed6f8734143da26b629cd83,11500000,3,True,Assets\Scripts\Assembly-CSharp\ShadowBlob.cs.meta
Assets\Resources\cart assets\wheels\Truck 0 Wheels.prefab,9a8e04050779e497b7f4a13a3e01001c,11500000,3,True,Assets\Scripts\Assembly-CSharp\EffectManager.cs.meta
Assets\Resources\cart assets\wheels\Truck 1 Wheels.prefab,5633edb90a14040f737a9ae29115c276,11500000,3,True,Assets\Scripts\Assembly-CSharp\AnimationTire.cs.meta
Assets\Resources\cart assets\wheels\Truck 1 Wheels.prefab,0039babb681e37e1701231118e30c16a,11500000,3,True,Assets\Scripts\Assembly-CSharp\SpringConnection.cs.meta
Assets\Resources\cart assets\wheels\Truck 1 Wheels.prefab,4548b2233ed6f8734143da26b629cd83,11500000,3,True,Assets\Scripts\Assembly-CSharp\ShadowBlob.cs.meta
Assets\Resources\cart assets\wheels\Truck 1 Wheels.prefab,9a8e04050779e497b7f4a13a3e01001c,11500000,3,True,Assets\Scripts\Assembly-CSharp\EffectManager.cs.meta
Assets\Resources\cart assets\wheels\Truck 2 Wheels.prefab,5633edb90a14040f737a9ae29115c276,11500000,3,True,Assets\Scripts\Assembly-CSharp\AnimationTire.cs.meta
Assets\Resources\cart assets\wheels\Truck 2 Wheels.prefab,0039babb681e37e1701231118e30c16a,11500000,3,True,Assets\Scripts\Assembly-CSharp\SpringConnection.cs.meta
Assets\Resources\cart assets\wheels\Truck 2 Wheels.prefab,4548b2233ed6f8734143da26b629cd83,11500000,3,True,Assets\Scripts\Assembly-CSharp\ShadowBlob.cs.meta
Assets\Resources\cart assets\wheels\Truck 2 Wheels.prefab,9a8e04050779e497b7f4a13a3e01001c,11500000,3,True,Assets\Scripts\Assembly-CSharp\EffectManager.cs.meta
Assets\Resources\cart assets\wheels\Truck 3 Wheels.prefab,5633edb90a14040f737a9ae29115c276,11500000,3,True,Assets\Scripts\Assembly-CSharp\AnimationTire.cs.meta
Assets\Resources\cart assets\wheels\Truck 3 Wheels.prefab,0039babb681e37e1701231118e30c16a,11500000,3,True,Assets\Scripts\Assembly-CSharp\SpringConnection.cs.meta
Assets\Resources\cart assets\wheels\Truck 3 Wheels.prefab,4548b2233ed6f8734143da26b629cd83,11500000,3,True,Assets\Scripts\Assembly-CSharp\ShadowBlob.cs.meta
Assets\Resources\cart assets\wheels\Truck 3 Wheels.prefab,9a8e04050779e497b7f4a13a3e01001c,11500000,3,True,Assets\Scripts\Assembly-CSharp\EffectManager.cs.meta
Assets\Resources\cart assets\wheels\Truck 4 Wheels.prefab,5633edb90a14040f737a9ae29115c276,11500000,3,True,Assets\Scripts\Assembly-CSharp\AnimationTire.cs.meta
Assets\Resources\cart assets\wheels\Truck 4 Wheels.prefab,0039babb681e37e1701231118e30c16a,11500000,3,True,Assets\Scripts\Assembly-CSharp\SpringConnection.cs.meta
Assets\Resources\cart assets\wheels\Truck 4 Wheels.prefab,4548b2233ed6f8734143da26b629cd83,11500000,3,True,Assets\Scripts\Assembly-CSharp\ShadowBlob.cs.meta
Assets\Resources\cart assets\wheels\Truck 4 Wheels.prefab,9a8e04050779e497b7f4a13a3e01001c,11500000,3,True,Assets\Scripts\Assembly-CSharp\EffectManager.cs.meta
Assets\Resources\cart assets\wheels\Truck 5 Wheels.prefab,5633edb90a14040f737a9ae29115c276,11500000,3,True,Assets\Scripts\Assembly-CSharp\AnimationTire.cs.meta
Assets\Resources\cart assets\wheels\Truck 5 Wheels.prefab,0039babb681e37e1701231118e30c16a,11500000,3,True,Assets\Scripts\Assembly-CSharp\SpringConnection.cs.meta
Assets\Resources\cart assets\wheels\Truck 5 Wheels.prefab,4548b2233ed6f8734143da26b629cd83,11500000,3,True,Assets\Scripts\Assembly-CSharp\ShadowBlob.cs.meta
Assets\Resources\cart assets\wheels\Truck 5 Wheels.prefab,9a8e04050779e497b7f4a13a3e01001c,11500000,3,True,Assets\Scripts\Assembly-CSharp\EffectManager.cs.meta
Assets\Resources\cart assets\wheels\Truck 6 Wheels.prefab,5633edb90a14040f737a9ae29115c276,11500000,3,True,Assets\Scripts\Assembly-CSharp\AnimationTire.cs.meta
Assets\Resources\cart assets\wheels\Truck 6 Wheels.prefab,0039babb681e37e1701231118e30c16a,11500000,3,True,Assets\Scripts\Assembly-CSharp\SpringConnection.cs.meta
Assets\Resources\cart assets\wheels\Truck 6 Wheels.prefab,4548b2233ed6f8734143da26b629cd83,11500000,3,True,Assets\Scripts\Assembly-CSharp\ShadowBlob.cs.meta
Assets\Resources\cart assets\wheels\Truck 6 Wheels.prefab,9a8e04050779e497b7f4a13a3e01001c,11500000,3,True,Assets\Scripts\Assembly-CSharp\EffectManager.cs.meta
Assets\Resources\multilayertextures\kart0nopaint\Kart0NoPaintBundleDef.asset,c602c9f007a4b7a7b319dbb33ee57e2f,11500000,3,False,
Assets\Resources\multilayertextures\kart0paint\Kart0PaintBundleDef.asset,c602c9f007a4b7a7b319dbb33ee57e2f,11500000,3,False,
Assets\Resources\multilayertextures\kart1paint\Kart1PaintBundleDef.asset,c602c9f007a4b7a7b319dbb33ee57e2f,11500000,3,False,
Assets\Resources\multilayertextures\kart2paint\Kart2PaintBundleDef.asset,c602c9f007a4b7a7b319dbb33ee57e2f,11500000,3,False,
Assets\Resources\multilayertextures\kart3paint\Kart3PaintBundleDef.asset,c602c9f007a4b7a7b319dbb33ee57e2f,11500000,3,False,
Assets\Resources\multilayertextures\kart4paint\Kart4PaintBundleDef.asset,c602c9f007a4b7a7b319dbb33ee57e2f,11500000,3,False,
Assets\Resources\multilayertextures\kart5paint\Kart5PaintBundleDef.asset,c602c9f007a4b7a7b319dbb33ee57e2f,11500000,3,False,
Assets\Resources\multilayertextures\kart6paint\Kart6PaintBundleDef.asset,c602c9f007a4b7a7b319dbb33ee57e2f,11500000,3,False,
Assets\Scenes\Front End\FrontEndTest.unity,e15c7aec030e0ff5033357401b73f7fe,11500000,3,True,Assets\Scripts\Assembly-CSharp\FrontEndCameraTarget.cs.meta
Assets\Scenes\Front End\FrontEndTest.unity,d023be04c46e426c31d87f45651d35dd,11500000,3,True,Assets\Plugins\Assembly-CSharp-firstpass\UghInput.cs.meta
Assets\Scenes\Front End\FrontEndTest.unity,93a00b2df47c568d51d2e788e763d67e,11500000,3,True,Assets\Plugins\Assembly-CSharp-firstpass\UghCamera.cs.meta
Assets\Scenes\Front End\FrontEndTest.unity,e15c7aec030e0ff5033357401b73f7fe,11500000,3,True,Assets\Scripts\Assembly-CSharp\FrontEndCameraTarget.cs.meta
Assets\Scenes\Front End\FrontEndTest.unity,7a1d7e408882e95bdbe76a76d6f51e1c,11500000,3,True,Assets\Plugins\Assembly-CSharp-firstpass\UghButton.cs.meta
Assets\Scenes\Front End\FrontEndTest.unity,82fef056bec561257dcb3d983f402f41,11500000,3,True,Assets\Scripts\Assembly-CSharp\ShiftContentsOnButtonDown.cs.meta
Assets\Scenes\Front End\FrontEndTest.unity,e15c7aec030e0ff5033357401b73f7fe,11500000,3,True,Assets\Scripts\Assembly-CSharp\FrontEndCameraTarget.cs.meta
Assets\Scenes\Front End\FrontEndTest.unity,94873483e708f4fa4a57b3033bbbcc5d,11500000,3,True,Assets\Scripts\Assembly-CSharp\AnimatedTexture.cs.meta
Assets\Scenes\Front End\FrontEndTest.unity,84dedd87b078241ae96d152250730014,11500000,3,True,Assets\Plugins\Assembly-CSharp-firstpass\UghSprite.cs.meta
Assets\Scenes\Front End\FrontEndTest.unity,84dedd87b078241ae96d152250730014,11500000,3,True,Assets\Plugins\Assembly-CSharp-firstpass\UghSprite.cs.meta
Assets\Scenes\Front End\FrontEndTest.unity,7a1d7e408882e95bdbe76a76d6f51e1c,11500000,3,True,Assets\Plugins\Assembly-CSharp-firstpass\UghButton.cs.meta
Assets\Scenes\Front End\FrontEndTest.unity,82fef056bec561257dcb3d983f402f41,11500000,3,True,Assets\Scripts\Assembly-CSharp\ShiftContentsOnButtonDown.cs.meta
Assets\Scenes\Front End\FrontEndTest.unity,84dedd87b078241ae96d152250730014,11500000,3,True,Assets\Plugins\Assembly-CSharp-firstpass\UghSprite.cs.meta
Assets\Scenes\Front End\FrontEndTest.unity,e15c7aec030e0ff5033357401b73f7fe,11500000,3,True,Assets\Scripts\Assembly-CSharp\FrontEndCameraTarget.cs.meta
Assets\Scenes\Front End\FrontEndTest.unity,bff3ff0615018e2390611cf8599cbaeb,11500000,3,True,Assets\Scripts\Assembly-CSharp\ScreenFader.cs.meta
Assets\Scenes\Front End\FrontEndTest.unity,84dedd87b078241ae96d152250730014,11500000,3,True,Assets\Plugins\Assembly-CSharp-firstpass\UghSprite.cs.meta
Assets\Scenes\Front End\FrontEndTest.unity,7a1d7e408882e95bdbe76a76d6f51e1c,11500000,3,True,Assets\Plugins\Assembly-CSharp-firstpass\UghButton.cs.meta
Assets\Scenes\Front End\FrontEndTest.unity,82fef056bec561257dcb3d983f402f41,11500000,3,True,Assets\Scripts\Assembly-CSharp\ShiftContentsOnButtonDown.cs.meta
Assets\Scenes\Front End\FrontEndTest.unity,84dedd87b078241ae96d152250730014,11500000,3,True,Assets\Plugins\Assembly-CSharp-firstpass\UghSprite.cs.meta
Assets\Scenes\Front End\FrontEndTest.unity,7a1d7e408882e95bdbe76a76d6f51e1c,11500000,3,True,Assets\Plugins\Assembly-CSharp-firstpass\UghButton.cs.meta
Assets\Scenes\Front End\FrontEndTest.unity,e171dc7613dc84903f6b62f321860d38,11500000,3,True,Assets\Plugins\Assembly-CSharp-firstpass\UghAlign.cs.meta
Assets\Scenes\Front End\FrontEndTest.unity,7a1d7e408882e95bdbe76a76d6f51e1c,11500000,3,True,Assets\Plugins\Assembly-CSharp-firstpass\UghButton.cs.meta
Assets\Scenes\Front End\FrontEndTest.unity,82fef056bec561257dcb3d983f402f41,11500000,3,True,Assets\Scripts\Assembly-CSharp\ShiftContentsOnButtonDown.cs.meta
Assets\Scenes\Front End\FrontEndTest.unity,0a4e70ca266cb7ead19ac459de841f30,11500000,3,True,Assets\Scripts\Assembly-CSharp\LiftControlAI.cs.meta
Assets\Scenes\Front End\FrontEndTest.unity,e15c7aec030e0ff5033357401b73f7fe,11500000,3,True,Assets\Scripts\Assembly-CSharp\FrontEndCameraTarget.cs.meta
Assets\Scenes\Front End\FrontEndTest.unity,a9ed746b0be53c70515ed2950109d633,11500000,3,True,Assets\Scripts\Assembly-CSharp\FrontEndLogic.cs.meta
Assets\Scenes\Front End\FrontEndTest.unity,e15c7aec030e0ff5033357401b73f7fe,11500000,3,True,Assets\Scripts\Assembly-CSharp\FrontEndCameraTarget.cs.meta
Assets\Scenes\Front End\FrontEndTest.unity,e15c7aec030e0ff5033357401b73f7fe,11500000,3,True,Assets\Scripts\Assembly-CSharp\FrontEndCameraTarget.cs.meta
Assets\Scenes\Front End\FrontEndTest.unity,834d89eabae66217b234d75106358532,11500000,3,True,Assets\Scripts\Assembly-CSharp\CharacterPreview.cs.meta
Assets\Scenes\Front End\FrontEndTest.unity,e15c7aec030e0ff5033357401b73f7fe,11500000,3,True,Assets\Scripts\Assembly-CSharp\FrontEndCameraTarget.cs.meta
Assets\Scenes\Front End\FrontEndTest.unity,858ed7199903c5088532eb2669de0a2b,11500000,3,True,Assets\Scripts\Assembly-CSharp\ShiftUIPublisher.cs.meta
Assets\Scenes\Front End\FrontEndTest.unity,e171dc7613dc84903f6b62f321860d38,11500000,3,True,Assets\Plugins\Assembly-CSharp-firstpass\UghAlign.cs.meta
Assets\Scenes\Front End\FrontEndTest.unity,42e9ded37ef138bddeeb99a4f4dbb660,11500000,3,True,Assets\Scripts\Assembly-CSharp\PreviewCart.cs.meta
Assets\Scenes\Front End\FrontEndTest.unity,84dedd87b078241ae96d152250730014,11500000,3,True,Assets\Plugins\Assembly-CSharp-firstpass\UghSprite.cs.meta
Assets\Scenes\Front End\FrontEndTest.unity,e15c7aec030e0ff5033357401b73f7fe,11500000,3,True,Assets\Scripts\Assembly-CSharp\FrontEndCameraTarget.cs.meta
Assets\Scenes\Front End\FrontEndTest.unity,84dedd87b078241ae96d152250730014,11500000,3,True,Assets\Plugins\Assembly-CSharp-firstpass\UghSprite.cs.meta
Assets\Scenes\Front End\FrontEndTest.unity,8552378f12873a3c5c30f6746352ef79,11500000,3,True,Assets\Scripts\Assembly-CSharp\FrontEndCamera.cs.meta
Assets\Scenes\Front End\FrontEndTest.unity,30b411d090599ca49164a82da6acd001,11500000,3,True,Assets\Scripts\Assembly-CSharp\CameraShake.cs.meta
Assets\Scenes\Front End\FrontEndTest.unity,f7699677c097a9da6c26e3d879e89562,11500000,3,True,Assets\Scripts\Assembly-CSharp\EnsureGlobals.cs.meta
Assets\Scenes\Front End\FrontEndTest.unity,7a1d7e408882e95bdbe76a76d6f51e1c,11500000,3,True,Assets\Plugins\Assembly-CSharp-firstpass\UghButton.cs.meta
Assets\Scenes\Front End\FrontEndTest.unity,82fef056bec561257dcb3d983f402f41,11500000,3,True,Assets\Scripts\Assembly-CSharp\ShiftContentsOnButtonDown.cs.meta
Assets\Scenes\Front End\FrontEndTest.unity,e171dc7613dc84903f6b62f321860d38,11500000,3,True,Assets\Plugins\Assembly-CSharp-firstpass\UghAlign.cs.meta
Assets\Scenes\Front End\FrontEndTest.unity,7a1d7e408882e95bdbe76a76d6f51e1c,11500000,3,True,Assets\Plugins\Assembly-CSharp-firstpass\UghButton.cs.meta
Assets\Scenes\Front End\Loading.unity,84dedd87b078241ae96d152250730014,11500000,3,True,Assets\Plugins\Assembly-CSharp-firstpass\UghSprite.cs.meta
Assets\Scenes\Front End\Loading.unity,b88ab20c864889e81141f2df8a116b5b,11500000,3,True,Assets\Plugins\Assembly-CSharp-firstpass\UghText.cs.meta
Assets\Scenes\Front End\Loading.unity,d023be04c46e426c31d87f45651d35dd,11500000,3,True,Assets\Plugins\Assembly-CSharp-firstpass\UghInput.cs.meta
Assets\Scenes\Front End\Loading.unity,d8ae97e7a2fe33b397327e206ef1554f,11500000,3,True,Assets\Scripts\Assembly-CSharp\AchievementPanelPublisher.cs.meta
Assets\Scenes\Front End\Loading.unity,84dedd87b078241ae96d152250730014,11500000,3,True,Assets\Plugins\Assembly-CSharp-firstpass\UghSprite.cs.meta
Assets\Scenes\Front End\Loading.unity,9f53efec98452db3825b777095f4d4d7,11500000,3,True,Assets\Scripts\Assembly-CSharp\RotatorAI.cs.meta
Assets\Scenes\Front End\Loading.unity,cb33edb560851f2e4a3da7fcc2802055,11500000,3,True,Assets\Scripts\Assembly-CSharp\LoadingPublisher.cs.meta
Assets\Scenes\Front End\Loading.unity,24a3aac8fd9959f47e2e0b2c5f17dcaf,11500000,3,True,Assets\Plugins\Assembly-CSharp-firstpass\UghStretch.cs.meta
Assets\Scenes\Front End\Loading.unity,84dedd87b078241ae96d152250730014,11500000,3,True,Assets\Plugins\Assembly-CSharp-firstpass\UghSprite.cs.meta
Assets\Scenes\Front End\Loading.unity,9f53efec98452db3825b777095f4d4d7,11500000,3,True,Assets\Scripts\Assembly-CSharp\RotatorAI.cs.meta
Assets\Scenes\Front End\Loading.unity,b88ab20c864889e81141f2df8a116b5b,11500000,3,True,Assets\Plugins\Assembly-CSharp-firstpass\UghText.cs.meta
Assets\Scenes\Front End\Loading.unity,84dedd87b078241ae96d152250730014,11500000,3,True,Assets\Plugins\Assembly-CSharp-firstpass\UghSprite.cs.meta
Assets\Scenes\Front End\Loading.unity,24a3aac8fd9959f47e2e0b2c5f17dcaf,11500000,3,True,Assets\Plugins\Assembly-CSharp-firstpass\UghStretch.cs.meta
Assets\Scenes\Front End\Loading.unity,b88ab20c864889e81141f2df8a116b5b,11500000,3,True,Assets\Plugins\Assembly-CSharp-firstpass\UghText.cs.meta
Assets\Scenes\Front End\Loading.unity,84dedd87b078241ae96d152250730014,11500000,3,True,Assets\Plugins\Assembly-CSharp-firstpass\UghSprite.cs.meta
Assets\Scenes\Front End\Loading.unity,b88ab20c864889e81141f2df8a116b5b,11500000,3,True,Assets\Plugins\Assembly-CSharp-firstpass\UghText.cs.meta
Assets\Scenes\Front End\Loading.unity,84dedd87b078241ae96d152250730014,11500000,3,True,Assets\Plugins\Assembly-CSharp-firstpass\UghSprite.cs.meta
Assets\Scenes\Front End\Loading.unity,84dedd87b078241ae96d152250730014,11500000,3,True,Assets\Plugins\Assembly-CSharp-firstpass\UghSprite.cs.meta
Assets\Scenes\Front End\Loading.unity,b88ab20c864889e81141f2df8a116b5b,11500000,3,True,Assets\Plugins\Assembly-CSharp-firstpass\UghText.cs.meta
Assets\Scenes\Front End\Loading.unity,b88ab20c864889e81141f2df8a116b5b,11500000,3,True,Assets\Plugins\Assembly-CSharp-firstpass\UghText.cs.meta
Assets\Scenes\Front End\Loading.unity,d8ae97e7a2fe33b397327e206ef1554f,11500000,3,True,Assets\Scripts\Assembly-CSharp\AchievementPanelPublisher.cs.meta
Assets\Scenes\Front End\Loading.unity,d8ae97e7a2fe33b397327e206ef1554f,11500000,3,True,Assets\Scripts\Assembly-CSharp\AchievementPanelPublisher.cs.meta
Assets\Scenes\Front End\Loading.unity,e171dc7613dc84903f6b62f321860d38,11500000,3,True,Assets\Plugins\Assembly-CSharp-firstpass\UghAlign.cs.meta
Assets\Scenes\Front End\Loading.unity,84dedd87b078241ae96d152250730014,11500000,3,True,Assets\Plugins\Assembly-CSharp-firstpass\UghSprite.cs.meta
Assets\Scenes\Front End\Loading.unity,8fcdaa4213aa6ec14c06f158bdb5d5ff,11500000,3,True,Assets\Scripts\Assembly-CSharp\LocalizedAssetSwapper.cs.meta
Assets\Scenes\Front End\Loading.unity,7a1d7e408882e95bdbe76a76d6f51e1c,11500000,3,True,Assets\Plugins\Assembly-CSharp-firstpass\UghButton.cs.meta
Assets\Scenes\Front End\Loading.unity,e171dc7613dc84903f6b62f321860d38,11500000,3,True,Assets\Plugins\Assembly-CSharp-firstpass\UghAlign.cs.meta
Assets\Scenes\Front End\Loading.unity,24a3aac8fd9959f47e2e0b2c5f17dcaf,11500000,3,True,Assets\Plugins\Assembly-CSharp-firstpass\UghStretch.cs.meta
Assets\Scenes\Front End\Loading.unity,82fef056bec561257dcb3d983f402f41,11500000,3,True,Assets\Scripts\Assembly-CSharp\ShiftContentsOnButtonDown.cs.meta
Assets\Scenes\Front End\Loading.unity,7a1d7e408882e95bdbe76a76d6f51e1c,11500000,3,True,Assets\Plugins\Assembly-CSharp-firstpass\UghButton.cs.meta
Assets\Scenes\Front End\Loading.unity,84dedd87b078241ae96d152250730014,11500000,3,True,Assets\Plugins\Assembly-CSharp-firstpass\UghSprite.cs.meta
Assets\Scenes\Front End\Loading.unity,84dedd87b078241ae96d152250730014,11500000,3,True,Assets\Plugins\Assembly-CSharp-firstpass\UghSprite.cs.meta
Assets\Scenes\Front End\Loading.unity,b88ab20c864889e81141f2df8a116b5b,11500000,3,True,Assets\Plugins\Assembly-CSharp-firstpass\UghText.cs.meta
Assets\Scenes\Front End\Loading.unity,b88ab20c864889e81141f2df8a116b5b,11500000,3,True,Assets\Plugins\Assembly-CSharp-firstpass\UghText.cs.meta
Assets\Scenes\Front End\Loading.unity,b88ab20c864889e81141f2df8a116b5b,11500000,3,True,Assets\Plugins\Assembly-CSharp-firstpass\UghText.cs.meta
Assets\Scenes\Front End\Loading.unity,84dedd87b078241ae96d152250730014,11500000,3,True,Assets\Plugins\Assembly-CSharp-firstpass\UghSprite.cs.meta
Assets\Scenes\Front End\Loading.unity,b88ab20c864889e81141f2df8a116b5b,11500000,3,True,Assets\Plugins\Assembly-CSharp-firstpass\UghText.cs.meta
Assets\Scenes\Front End\Loading.unity,b88ab20c864889e81141f2df8a116b5b,11500000,3,True,Assets\Plugins\Assembly-CSharp-firstpass\UghText.cs.meta
Assets\Scenes\Front End\Loading.unity,93a00b2df47c568d51d2e788e763d67e,11500000,3,True,Assets\Plugins\Assembly-CSharp-firstpass\UghCamera.cs.meta
Assets\Scenes\Front End\Loading.unity,b88ab20c864889e81141f2df8a116b5b,11500000,3,True,Assets\Plugins\Assembly-CSharp-firstpass\UghText.cs.meta
Assets\Scenes\Front End\RaceResults.unity,b88ab20c864889e81141f2df8a116b5b,11500000,3,True,Assets\Plugins\Assembly-CSharp-firstpass\UghText.cs.meta
Assets\Scenes\Front End\RaceResults.unity,84dedd87b078241ae96d152250730014,11500000,3,True,Assets\Plugins\Assembly-CSharp-firstpass\UghSprite.cs.meta
Assets\Scenes\Front End\RaceResults.unity,7a1d7e408882e95bdbe76a76d6f51e1c,11500000,3,True,Assets\Plugins\Assembly-CSharp-firstpass\UghButton.cs.meta
Assets\Scenes\Front End\RaceResults.unity,b88ab20c864889e81141f2df8a116b5b,11500000,3,True,Assets\Plugins\Assembly-CSharp-firstpass\UghText.cs.meta
Assets\Scenes\Front End\RaceResults.unity,b88ab20c864889e81141f2df8a116b5b,11500000,3,True,Assets\Plugins\Assembly-CSharp-firstpass\UghText.cs.meta
Assets\Scenes\Front End\RaceResults.unity,84dedd87b078241ae96d152250730014,11500000,3,True,Assets\Plugins\Assembly-CSharp-firstpass\UghSprite.cs.meta
Assets\Scenes\Front End\RaceResults.unity,d023be04c46e426c31d87f45651d35dd,11500000,3,True,Assets\Plugins\Assembly-CSharp-firstpass\UghInput.cs.meta
Assets\Scenes\Front End\RaceResults.unity,e6abb777ccb478136485680a1f1057d0,11500000,3,True,Assets\Scripts\Assembly-CSharp\FrontEndTutorialHandler.cs.meta
Assets\Scenes\Front End\RaceResults.unity,b88ab20c864889e81141f2df8a116b5b,11500000,3,True,Assets\Plugins\Assembly-CSharp-firstpass\UghText.cs.meta
Assets\Scenes\Front End\RaceResults.unity,84dedd87b078241ae96d152250730014,11500000,3,True,Assets\Plugins\Assembly-CSharp-firstpass\UghSprite.cs.meta
Assets\Scenes\Front End\RaceResults.unity,84dedd87b078241ae96d152250730014,11500000,3,True,Assets\Plugins\Assembly-CSharp-firstpass\UghSprite.cs.meta
Assets\Scenes\Front End\RaceResults.unity,b88ab20c864889e81141f2df8a116b5b,11500000,3,True,Assets\Plugins\Assembly-CSharp-firstpass\UghText.cs.meta
Assets\Scenes\Front End\RaceResults.unity,84dedd87b078241ae96d152250730014,11500000,3,True,Assets\Plugins\Assembly-CSharp-firstpass\UghSprite.cs.meta
Assets\Scenes\Front End\RaceResults.unity,e171dc7613dc84903f6b62f321860d38,11500000,3,True,Assets\Plugins\Assembly-CSharp-firstpass\UghAlign.cs.meta
Assets\Scenes\Front End\RaceResults.unity,24a3aac8fd9959f47e2e0b2c5f17dcaf,11500000,3,True,Assets\Plugins\Assembly-CSharp-firstpass\UghStretch.cs.meta
Assets\Scenes\Front End\RaceResults.unity,b88ab20c864889e81141f2df8a116b5b,11500000,3,True,Assets\Plugins\Assembly-CSharp-firstpass\UghText.cs.meta
Assets\Scenes\Front End\RaceResults.unity,b88ab20c864889e81141f2df8a116b5b,11500000,3,True,Assets\Plugins\Assembly-CSharp-firstpass\UghText.cs.meta
Assets\Scenes\Front End\RaceResults.unity,b88ab20c864889e81141f2df8a116b5b,11500000,3,True,Assets\Plugins\Assembly-CSharp-firstpass\UghText.cs.meta
Assets\Scenes\Front End\RaceResults.unity,84dedd87b078241ae96d152250730014,11500000,3,True,Assets\Plugins\Assembly-CSharp-firstpass\UghSprite.cs.meta
Assets\Scenes\Front End\RaceResults.unity,b88ab20c864889e81141f2df8a116b5b,11500000,3,True,Assets\Plugins\Assembly-CSharp-firstpass\UghText.cs.meta
Assets\Scenes\Front End\RaceResults.unity,84dedd87b078241ae96d152250730014,11500000,3,True,Assets\Plugins\Assembly-CSharp-firstpass\UghSprite.cs.meta
Assets\Scenes\Front End\RaceResults.unity,d8ae97e7a2fe33b397327e206ef1554f,11500000,3,True,Assets\Scripts\Assembly-CSharp\AchievementPanelPublisher.cs.meta
Assets\Scenes\Front End\RaceResults.unity,b88ab20c864889e81141f2df8a116b5b,11500000,3,True,Assets\Plugins\Assembly-CSharp-firstpass\UghText.cs.meta
Assets\Scenes\Front End\RaceResults.unity,b88ab20c864889e81141f2df8a116b5b,11500000,3,True,Assets\Plugins\Assembly-CSharp-firstpass\UghText.cs.meta
Assets\Scenes\Front End\RaceResults.unity,d8ae97e7a2fe33b397327e206ef1554f,11500000,3,True,Assets\Scripts\Assembly-CSharp\AchievementPanelPublisher.cs.meta
Assets\Scenes\Front End\RaceResults.unity,b88ab20c864889e81141f2df8a116b5b,11500000,3,True,Assets\Plugins\Assembly-CSharp-firstpass\UghText.cs.meta
Assets\Scenes\Front End\RaceResults.unity,b88ab20c864889e81141f2df8a116b5b,11500000,3,True,Assets\Plugins\Assembly-CSharp-firstpass\UghText.cs.meta
Assets\Scenes\Front End\RaceResults.unity,b88ab20c864889e81141f2df8a116b5b,11500000,3,True,Assets\Plugins\Assembly-CSharp-firstpass\UghText.cs.meta
Assets\Scenes\Front End\RaceResults.unity,b88ab20c864889e81141f2df8a116b5b,11500000,3,True,Assets\Plugins\Assembly-CSharp-firstpass\UghText.cs.meta
Assets\Scenes\Front End\RaceResults.unity,b88ab20c864889e81141f2df8a116b5b,11500000,3,True,Assets\Plugins\Assembly-CSharp-firstpass\UghText.cs.meta
Assets\Scenes\Front End\RaceResults.unity,b88ab20c864889e81141f2df8a116b5b,11500000,3,True,Assets\Plugins\Assembly-CSharp-firstpass\UghText.cs.meta
Assets\Scenes\Front End\RaceResults.unity,b88ab20c864889e81141f2df8a116b5b,11500000,3,True,Assets\Plugins\Assembly-CSharp-firstpass\UghText.cs.meta
Assets\Scenes\Front End\RaceResults.unity,84dedd87b078241ae96d152250730014,11500000,3,True,Assets\Plugins\Assembly-CSharp-firstpass\UghSprite.cs.meta
Assets\Scenes\Front End\RaceResults.unity,d8ae97e7a2fe33b397327e206ef1554f,11500000,3,True,Assets\Scripts\Assembly-CSharp\AchievementPanelPublisher.cs.meta
Assets\Scenes\Front End\RaceResults.unity,b88ab20c864889e81141f2df8a116b5b,11500000,3,True,Assets\Plugins\Assembly-CSharp-firstpass\UghText.cs.meta
Assets\Scenes\Front End\RaceResults.unity,b88ab20c864889e81141f2df8a116b5b,11500000,3,True,Assets\Plugins\Assembly-CSharp-firstpass\UghText.cs.meta
Assets\Scenes\Front End\RaceResults.unity,84dedd87b078241ae96d152250730014,11500000,3,True,Assets\Plugins\Assembly-CSharp-firstpass\UghSprite.cs.meta
Assets\Scenes\Front End\RaceResults.unity,84dedd87b078241ae96d152250730014,11500000,3,True,Assets\Plugins\Assembly-CSharp-firstpass\UghSprite.cs.meta
Assets\Scenes\Front End\RaceResults.unity,b88ab20c864889e81141f2df8a116b5b,11500000,3,True,Assets\Plugins\Assembly-CSharp-firstpass\UghText.cs.meta
Assets\Scenes\Front End\RaceResults.unity,84dedd87b078241ae96d152250730014,11500000,3,True,Assets\Plugins\Assembly-CSharp-firstpass\UghSprite.cs.meta
Assets\Scenes\Front End\RaceResults.unity,84dedd87b078241ae96d152250730014,11500000,3,True,Assets\Plugins\Assembly-CSharp-firstpass\UghSprite.cs.meta
Assets\Scenes\Front End\RaceResults.unity,84dedd87b078241ae96d152250730014,11500000,3,True,Assets\Plugins\Assembly-CSharp-firstpass\UghSprite.cs.meta
Assets\Scenes\Front End\RaceResults.unity,b88ab20c864889e81141f2df8a116b5b,11500000,3,True,Assets\Plugins\Assembly-CSharp-firstpass\UghText.cs.meta
Assets\Scenes\Front End\RaceResults.unity,84dedd87b078241ae96d152250730014,11500000,3,True,Assets\Plugins\Assembly-CSharp-firstpass\UghSprite.cs.meta
Assets\Scenes\Front End\RaceResults.unity,84dedd87b078241ae96d152250730014,11500000,3,True,Assets\Plugins\Assembly-CSharp-firstpass\UghSprite.cs.meta
Assets\Scenes\Front End\RaceResults.unity,84dedd87b078241ae96d152250730014,11500000,3,True,Assets\Plugins\Assembly-CSharp-firstpass\UghSprite.cs.meta
Assets\Scenes\Front End\RaceResults.unity,b88ab20c864889e81141f2df8a116b5b,11500000,3,True,Assets\Plugins\Assembly-CSharp-firstpass\UghText.cs.meta
Assets\Scenes\Front End\RaceResults.unity,b88ab20c864889e81141f2df8a116b5b,11500000,3,True,Assets\Plugins\Assembly-CSharp-firstpass\UghText.cs.meta
Assets\Scenes\Front End\RaceResults.unity,b88ab20c864889e81141f2df8a116b5b,11500000,3,True,Assets\Plugins\Assembly-CSharp-firstpass\UghText.cs.meta
Assets\Scenes\Front End\RaceResults.unity,c3e6a4d9b6b319a290283a8e6e061bb7,11500000,3,True,Assets\Scripts\Assembly-CSharp\MissionDialogPublisher.cs.meta
Assets\Scenes\Front End\RaceResults.unity,b88ab20c864889e81141f2df8a116b5b,11500000,3,True,Assets\Plugins\Assembly-CSharp-firstpass\UghText.cs.meta
Assets\Scenes\Front End\RaceResults.unity,84dedd87b078241ae96d152250730014,11500000,3,True,Assets\Plugins\Assembly-CSharp-firstpass\UghSprite.cs.meta
Assets\Scenes\Front End\RaceResults.unity,b88ab20c864889e81141f2df8a116b5b,11500000,3,True,Assets\Plugins\Assembly-CSharp-firstpass\UghText.cs.meta
Assets\Scenes\Front End\RaceResults.unity,7a1d7e408882e95bdbe76a76d6f51e1c,11500000,3,True,Assets\Plugins\Assembly-CSharp-firstpass\UghButton.cs.meta
Assets\Scenes\Front End\RaceResults.unity,82fef056bec561257dcb3d983f402f41,11500000,3,True,Assets\Scripts\Assembly-CSharp\ShiftContentsOnButtonDown.cs.meta
Assets\Scenes\Front End\RaceResults.unity,7a1d7e408882e95bdbe76a76d6f51e1c,11500000,3,True,Assets\Plugins\Assembly-CSharp-firstpass\UghButton.cs.meta
Assets\Scenes\Front End\RaceResults.unity,82fef056bec561257dcb3d983f402f41,11500000,3,True,Assets\Scripts\Assembly-CSharp\ShiftContentsOnButtonDown.cs.meta
Assets\Scenes\Front End\RaceResults.unity,84dedd87b078241ae96d152250730014,11500000,3,True,Assets\Plugins\Assembly-CSharp-firstpass\UghSprite.cs.meta
Assets\Scenes\Front End\RaceResults.unity,84dedd87b078241ae96d152250730014,11500000,3,True,Assets\Plugins\Assembly-CSharp-firstpass\UghSprite.cs.meta
Assets\Scenes\Front End\RaceResults.unity,84dedd87b078241ae96d152250730014,11500000,3,True,Assets\Plugins\Assembly-CSharp-firstpass\UghSprite.cs.meta
Assets\Scenes\Front End\RaceResults.unity,b88ab20c864889e81141f2df8a116b5b,11500000,3,True,Assets\Plugins\Assembly-CSharp-firstpass\UghText.cs.meta
Assets\Scenes\Front End\RaceResults.unity,e6abb777ccb478136485680a1f1057d0,11500000,3,True,Assets\Scripts\Assembly-CSharp\FrontEndTutorialHandler.cs.meta
Assets\Scenes\Front End\RaceResults.unity,b88ab20c864889e81141f2df8a116b5b,11500000,3,True,Assets\Plugins\Assembly-CSharp-firstpass\UghText.cs.meta
Assets\Scenes\Front End\RaceResults.unity,b88ab20c864889e81141f2df8a116b5b,11500000,3,True,Assets\Plugins\Assembly-CSharp-firstpass\UghText.cs.meta
Assets\Scenes\Front End\RaceResults.unity,b88ab20c864889e81141f2df8a116b5b,11500000,3,True,Assets\Plugins\Assembly-CSharp-firstpass\UghText.cs.meta
Assets\Scenes\Front End\RaceResults.unity,84dedd87b078241ae96d152250730014,11500000,3,True,Assets\Plugins\Assembly-CSharp-firstpass\UghSprite.cs.meta
Assets\Scenes\Front End\RaceResults.unity,b88ab20c864889e81141f2df8a116b5b,11500000,3,True,Assets\Plugins\Assembly-CSharp-firstpass\UghText.cs.meta
Assets\Scenes\Front End\RaceResults.unity,84dedd87b078241ae96d152250730014,11500000,3,True,Assets\Plugins\Assembly-CSharp-firstpass\UghSprite.cs.meta
Assets\Scenes\Front End\RaceResults.unity,b88ab20c864889e81141f2df8a116b5b,11500000,3,True,Assets\Plugins\Assembly-CSharp-firstpass\UghText.cs.meta
Assets\Scenes\Front End\RaceResults.unity,b88ab20c864889e81141f2df8a116b5b,11500000,3,True,Assets\Plugins\Assembly-CSharp-firstpass\UghText.cs.meta
Assets\Scenes\Front End\RaceResults.unity,93a00b2df47c568d51d2e788e763d67e,11500000,3,True,Assets\Plugins\Assembly-CSharp-firstpass\UghCamera.cs.meta
Assets\Scenes\Front End\RaceResults.unity,b88ab20c864889e81141f2df8a116b5b,11500000,3,True,Assets\Plugins\Assembly-CSharp-firstpass\UghText.cs.meta
Assets\Scenes\Front End\RaceResults.unity,b88ab20c864889e81141f2df8a116b5b,11500000,3,True,Assets\Plugins\Assembly-CSharp-firstpass\UghText.cs.meta
Assets\Scenes\Front End\RaceResults.unity,b88ab20c864889e81141f2df8a116b5b,11500000,3,True,Assets\Plugins\Assembly-CSharp-firstpass\UghText.cs.meta
Assets\Scenes\Front End\RaceResults.unity,3ce0b5770de795ae25f6549bae867d4e,11500000,3,True,Assets\Scripts\Assembly-CSharp\RaceResultsPublisher.cs.meta
Assets\Scenes\Front End\RaceResults.unity,84dedd87b078241ae96d152250730014,11500000,3,True,Assets\Plugins\Assembly-CSharp-firstpass\UghSprite.cs.meta
Assets\Scenes\Front End\RaceResults.unity,84dedd87b078241ae96d152250730014,11500000,3,True,Assets\Plugins\Assembly-CSharp-firstpass\UghSprite.cs.meta
Assets\Scenes\Front End\RaceResults.unity,84dedd87b078241ae96d152250730014,11500000,3,True,Assets\Plugins\Assembly-CSharp-firstpass\UghSprite.cs.meta
Assets\Scenes\Front End\RaceResults.unity,84dedd87b078241ae96d152250730014,11500000,3,True,Assets\Plugins\Assembly-CSharp-firstpass\UghSprite.cs.meta
Assets\Scenes\Front End\RaceResults.unity,84dedd87b078241ae96d152250730014,11500000,3,True,Assets\Plugins\Assembly-CSharp-firstpass\UghSprite.cs.meta
Assets\Scenes\Front End\RaceResults.unity,b88ab20c864889e81141f2df8a116b5b,11500000,3,True,Assets\Plugins\Assembly-CSharp-firstpass\UghText.cs.meta
Assets\Scenes\Front End\RaceResults.unity,7a1d7e408882e95bdbe76a76d6f51e1c,11500000,3,True,Assets\Plugins\Assembly-CSharp-firstpass\UghButton.cs.meta
Assets\Scenes\Front End\RaceResults.unity,82fef056bec561257dcb3d983f402f41,11500000,3,True,Assets\Scripts\Assembly-CSharp\ShiftContentsOnButtonDown.cs.meta
Assets\Scenes\Front End\RaceResults.unity,b88ab20c864889e81141f2df8a116b5b,11500000,3,True,Assets\Plugins\Assembly-CSharp-firstpass\UghText.cs.meta
Assets\Scenes\Front End\RaceResults.unity,b88ab20c864889e81141f2df8a116b5b,11500000,3,True,Assets\Plugins\Assembly-CSharp-firstpass\UghText.cs.meta
Assets\Scenes\Front End\RaceResults.unity,b88ab20c864889e81141f2df8a116b5b,11500000,3,True,Assets\Plugins\Assembly-CSharp-firstpass\UghText.cs.meta
Assets\Scenes\Front End\RaceResults.unity,e171dc7613dc84903f6b62f321860d38,11500000,3,True,Assets\Plugins\Assembly-CSharp-firstpass\UghAlign.cs.meta
Assets\Scenes\Front End\RaceResults.unity,b88ab20c864889e81141f2df8a116b5b,11500000,3,True,Assets\Plugins\Assembly-CSharp-firstpass\UghText.cs.meta
Assets\Scenes\Test Scenes\Pranksgiving Test.unity,540d7059364354e249f259edfef5d69a,11500000,3,True,Assets\Scripts\Assembly-CSharp\SpeedPoint.cs.meta
Assets\Scenes\Test Scenes\Pranksgiving Test.unity,b88ab20c864889e81141f2df8a116b5b,11500000,3,True,Assets\Plugins\Assembly-CSharp-firstpass\UghText.cs.meta
Assets\Scenes\Test Scenes\Pranksgiving Test.unity,b88ab20c864889e81141f2df8a116b5b,11500000,3,True,Assets\Plugins\Assembly-CSharp-firstpass\UghText.cs.meta
Assets\Scenes\Test Scenes\Pranksgiving Test.unity,540d7059364354e249f259edfef5d69a,11500000,3,True,Assets\Scripts\Assembly-CSharp\SpeedPoint.cs.meta
Assets\Scenes\Test Scenes\Pranksgiving Test.unity,e996a18e58747bf538b26a7d9874aed9,11500000,3,True,Assets\Scripts\Assembly-CSharp\WaypointLogic.cs.meta
Assets\Scenes\Test Scenes\Pranksgiving Test.unity,e996a18e58747bf538b26a7d9874aed9,11500000,3,True,Assets\Scripts\Assembly-CSharp\WaypointLogic.cs.meta
Assets\Scenes\Test Scenes\Pranksgiving Test.unity,540d7059364354e249f259edfef5d69a,11500000,3,True,Assets\Scripts\Assembly-CSharp\SpeedPoint.cs.meta
Assets\Scenes\Test Scenes\Pranksgiving Test.unity,e996a18e58747bf538b26a7d9874aed9,11500000,3,True,Assets\Scripts\Assembly-CSharp\WaypointLogic.cs.meta
Assets\Scenes\Test Scenes\Pranksgiving Test.unity,84dedd87b078241ae96d152250730014,11500000,3,True,Assets\Plugins\Assembly-CSharp-firstpass\UghSprite.cs.meta
Assets\Scenes\Test Scenes\Pranksgiving Test.unity,e996a18e58747bf538b26a7d9874aed9,11500000,3,True,Assets\Scripts\Assembly-CSharp\WaypointLogic.cs.meta
Assets\Scenes\Test Scenes\Pranksgiving Test.unity,540d7059364354e249f259edfef5d69a,11500000,3,True,Assets\Scripts\Assembly-CSharp\SpeedPoint.cs.meta
Assets\Scenes\Test Scenes\Pranksgiving Test.unity,e996a18e58747bf538b26a7d9874aed9,11500000,3,True,Assets\Scripts\Assembly-CSharp\WaypointLogic.cs.meta
Assets\Scenes\Test Scenes\Pranksgiving Test.unity,84dedd87b078241ae96d152250730014,11500000,3,True,Assets\Plugins\Assembly-CSharp-firstpass\UghSprite.cs.meta
Assets\Scenes\Test Scenes\Pranksgiving Test.unity,80004b78694f1129edd555f7161356a9,11500000,3,True,Assets\Scripts\Assembly-CSharp\PickupSpawner.cs.meta
Assets\Scenes\Test Scenes\Pranksgiving Test.unity,e996a18e58747bf538b26a7d9874aed9,11500000,3,True,Assets\Scripts\Assembly-CSharp\WaypointLogic.cs.meta
Assets\Scenes\Test Scenes\Pranksgiving Test.unity,540d7059364354e249f259edfef5d69a,11500000,3,True,Assets\Scripts\Assembly-CSharp\SpeedPoint.cs.meta
Assets\Scenes\Test Scenes\Pranksgiving Test.unity,e996a18e58747bf538b26a7d9874aed9,11500000,3,True,Assets\Scripts\Assembly-CSharp\WaypointLogic.cs.meta
Assets\Scenes\Test Scenes\Pranksgiving Test.unity,540d7059364354e249f259edfef5d69a,11500000,3,True,Assets\Scripts\Assembly-CSharp\SpeedPoint.cs.meta
Assets\Scenes\Test Scenes\Pranksgiving Test.unity,e996a18e58747bf538b26a7d9874aed9,11500000,3,True,Assets\Scripts\Assembly-CSharp\WaypointLogic.cs.meta
Assets\Scenes\Test Scenes\Pranksgiving Test.unity,479a5b2498c24e1a2d91fdc0a7e28638,11500000,3,True,Assets\Scripts\Assembly-CSharp\TurkeyGooShooter.cs.meta
Assets\Scenes\Test Scenes\Pranksgiving Test.unity,7a1d7e408882e95bdbe76a76d6f51e1c,11500000,3,True,Assets\Plugins\Assembly-CSharp-firstpass\UghButton.cs.meta
Assets\Scenes\Test Scenes\Pranksgiving Test.unity,410aef06036e22f327bf513834d3c8f7,11500000,3,True,Assets\Scripts\Assembly-CSharp\FollowCamera.cs.meta
Assets\Scenes\Test Scenes\Pranksgiving Test.unity,30b411d090599ca49164a82da6acd001,11500000,3,True,Assets\Scripts\Assembly-CSharp\CameraShake.cs.meta
Assets\Scenes\Test Scenes\Pranksgiving Test.unity,e996a18e58747bf538b26a7d9874aed9,11500000,3,True,Assets\Scripts\Assembly-CSharp\WaypointLogic.cs.meta
Assets\Scenes\Test Scenes\Pranksgiving Test.unity,e996a18e58747bf538b26a7d9874aed9,11500000,3,True,Assets\Scripts\Assembly-CSharp\WaypointLogic.cs.meta
Assets\Scenes\Test Scenes\Pranksgiving Test.unity,e171dc7613dc84903f6b62f321860d38,11500000,3,True,Assets\Plugins\Assembly-CSharp-firstpass\UghAlign.cs.meta
Assets\Scenes\Test Scenes\Pranksgiving Test.unity,540d7059364354e249f259edfef5d69a,11500000,3,True,Assets\Scripts\Assembly-CSharp\SpeedPoint.cs.meta
Assets\Scenes\Test Scenes\Pranksgiving Test.unity,acaf138463e14d81a04866c56f233523,11500000,3,True,Assets\Scripts\Assembly-CSharp\DriftButton.cs.meta
Assets\Scenes\Test Scenes\Pranksgiving Test.unity,84dedd87b078241ae96d152250730014,11500000,3,True,Assets\Plugins\Assembly-CSharp-firstpass\UghSprite.cs.meta
Assets\Scenes\Test Scenes\Pranksgiving Test.unity,e996a18e58747bf538b26a7d9874aed9,11500000,3,True,Assets\Scripts\Assembly-CSharp\WaypointLogic.cs.meta
Assets\Scenes\Test Scenes\Pranksgiving Test.unity,540d7059364354e249f259edfef5d69a,11500000,3,True,Assets\Scripts\Assembly-CSharp\SpeedPoint.cs.meta
Assets\Scenes\Test Scenes\Pranksgiving Test.unity,e996a18e58747bf538b26a7d9874aed9,11500000,3,True,Assets\Scripts\Assembly-CSharp\WaypointLogic.cs.meta
Assets\Scenes\Test Scenes\Pranksgiving Test.unity,540d7059364354e249f259edfef5d69a,11500000,3,True,Assets\Scripts\Assembly-CSharp\SpeedPoint.cs.meta
Assets\Scenes\Test Scenes\Pranksgiving Test.unity,e996a18e58747bf538b26a7d9874aed9,11500000,3,True,Assets\Scripts\Assembly-CSharp\WaypointLogic.cs.meta
Assets\Scenes\Test Scenes\Pranksgiving Test.unity,e996a18e58747bf538b26a7d9874aed9,11500000,3,True,Assets\Scripts\Assembly-CSharp\WaypointLogic.cs.meta
Assets\Scenes\Test Scenes\Pranksgiving Test.unity,e996a18e58747bf538b26a7d9874aed9,11500000,3,True,Assets\Scripts\Assembly-CSharp\WaypointLogic.cs.meta
Assets\Scenes\Test Scenes\Pranksgiving Test.unity,b88ab20c864889e81141f2df8a116b5b,11500000,3,True,Assets\Plugins\Assembly-CSharp-firstpass\UghText.cs.meta
Assets\Scenes\Test Scenes\Pranksgiving Test.unity,540d7059364354e249f259edfef5d69a,11500000,3,True,Assets\Scripts\Assembly-CSharp\SpeedPoint.cs.meta
Assets\Scenes\Test Scenes\Pranksgiving Test.unity,e996a18e58747bf538b26a7d9874aed9,11500000,3,True,Assets\Scripts\Assembly-CSharp\WaypointLogic.cs.meta
Assets\Scenes\Test Scenes\Pranksgiving Test.unity,540d7059364354e249f259edfef5d69a,11500000,3,True,Assets\Scripts\Assembly-CSharp\SpeedPoint.cs.meta
Assets\Scenes\Test Scenes\Pranksgiving Test.unity,80004b78694f1129edd555f7161356a9,11500000,3,True,Assets\Scripts\Assembly-CSharp\PickupSpawner.cs.meta
Assets\Scenes\Test Scenes\Pranksgiving Test.unity,540d7059364354e249f259edfef5d69a,11500000,3,True,Assets\Scripts\Assembly-CSharp\SpeedPoint.cs.meta
Assets\Scenes\Test Scenes\Pranksgiving Test.unity,84dedd87b078241ae96d152250730014,11500000,3,True,Assets\Plugins\Assembly-CSharp-firstpass\UghSprite.cs.meta
Assets\Scenes\Test Scenes\Pranksgiving Test.unity,540d7059364354e249f259edfef5d69a,11500000,3,True,Assets\Scripts\Assembly-CSharp\SpeedPoint.cs.meta
Assets\Scenes\Test Scenes\Pranksgiving Test.unity,7a1d7e408882e95bdbe76a76d6f51e1c,11500000,3,True,Assets\Plugins\Assembly-CSharp-firstpass\UghButton.cs.meta
Assets\Scenes\Test Scenes\Pranksgiving Test.unity,80004b78694f1129edd555f7161356a9,11500000,3,True,Assets\Scripts\Assembly-CSharp\PickupSpawner.cs.meta
Assets\Scenes\Test Scenes\Pranksgiving Test.unity,540d7059364354e249f259edfef5d69a,11500000,3,True,Assets\Scripts\Assembly-CSharp\SpeedPoint.cs.meta
Assets\Scenes\Test Scenes\Pranksgiving Test.unity,540d7059364354e249f259edfef5d69a,11500000,3,True,Assets\Scripts\Assembly-CSharp\SpeedPoint.cs.meta
Assets\Scenes\Test Scenes\Pranksgiving Test.unity,9b4892a27c501fc32d10289e8a2709d7,11500000,3,True,Assets\Scripts\Assembly-CSharp\CoinPoint.cs.meta
Assets\Scenes\Test Scenes\Pranksgiving Test.unity,0b15208c8a5ae7ff1660a3585ad68237,11500000,3,True,Assets\Scripts\Assembly-CSharp\TerrainEffectTrigger.cs.meta
Assets\Scenes\Test Scenes\Pranksgiving Test.unity,71c30d28ad73b040f6e74d951b378742,11500000,3,True,Assets\Scripts\Assembly-CSharp\ObjectTrackDistanceLogic.cs.meta
Assets\Scenes\Test Scenes\Pranksgiving Test.unity,94873483e708f4fa4a57b3033bbbcc5d,11500000,3,True,Assets\Scripts\Assembly-CSharp\AnimatedTexture.cs.meta
Assets\Scenes\Test Scenes\Pranksgiving Test.unity,e33080df6ca488dc2ddb7522478f5e36,11500000,3,True,Assets\Scripts\Assembly-CSharp\SoundLibraryAddendum.cs.meta
Assets\Scenes\Test Scenes\Pranksgiving Test.unity,0b15208c8a5ae7ff1660a3585ad68237,11500000,3,True,Assets\Scripts\Assembly-CSharp\TerrainEffectTrigger.cs.meta
Assets\Scenes\Test Scenes\Pranksgiving Test.unity,054475368ac70ce39f51fab67e0d6080,11500000,3,True,Assets\Scripts\Assembly-CSharp\ReverseButton.cs.meta
Assets\Scenes\Test Scenes\Pranksgiving Test.unity,0b15208c8a5ae7ff1660a3585ad68237,11500000,3,True,Assets\Scripts\Assembly-CSharp\TerrainEffectTrigger.cs.meta
Assets\Scenes\Test Scenes\Pranksgiving Test.unity,a5927ab13b8fd57ed5089057e948c6a8,11500000,3,True,Assets\Scripts\Assembly-CSharp\ProgressTriggerLogic.cs.meta
Assets\Scenes\Test Scenes\Pranksgiving Test.unity,e996a18e58747bf538b26a7d9874aed9,11500000,3,True,Assets\Scripts\Assembly-CSharp\WaypointLogic.cs.meta
Assets\Scenes\Test Scenes\Pranksgiving Test.unity,94873483e708f4fa4a57b3033bbbcc5d,11500000,3,True,Assets\Scripts\Assembly-CSharp\AnimatedTexture.cs.meta
Assets\Scenes\Test Scenes\Pranksgiving Test.unity,e996a18e58747bf538b26a7d9874aed9,11500000,3,True,Assets\Scripts\Assembly-CSharp\WaypointLogic.cs.meta
Assets\Scenes\Test Scenes\Pranksgiving Test.unity,e996a18e58747bf538b26a7d9874aed9,11500000,3,True,Assets\Scripts\Assembly-CSharp\WaypointLogic.cs.meta
Assets\Scenes\Test Scenes\Pranksgiving Test.unity,3c749e5cd2a3b592e4d00db1cea43f9e,11500000,3,True,Assets\Scripts\Assembly-CSharp\WhoopieCushion.cs.meta
Assets\Scenes\Test Scenes\Pranksgiving Test.unity,3c749e5cd2a3b592e4d00db1cea43f9e,11500000,3,True,Assets\Scripts\Assembly-CSharp\WhoopieCushion.cs.meta
Assets\Scenes\Test Scenes\Pranksgiving Test.unity,540d7059364354e249f259edfef5d69a,11500000,3,True,Assets\Scripts\Assembly-CSharp\SpeedPoint.cs.meta
Assets\Scenes\Test Scenes\Pranksgiving Test.unity,e996a18e58747bf538b26a7d9874aed9,11500000,3,True,Assets\Scripts\Assembly-CSharp\WaypointLogic.cs.meta
Assets\Scenes\Test Scenes\Pranksgiving Test.unity,e996a18e58747bf538b26a7d9874aed9,11500000,3,True,Assets\Scripts\Assembly-CSharp\WaypointLogic.cs.meta
Assets\Scenes\Test Scenes\Pranksgiving Test.unity,0b15208c8a5ae7ff1660a3585ad68237,11500000,3,True,Assets\Scripts\Assembly-CSharp\TerrainEffectTrigger.cs.meta
Assets\Scenes\Test Scenes\Pranksgiving Test.unity,71c30d28ad73b040f6e74d951b378742,11500000,3,True,Assets\Scripts\Assembly-CSharp\ObjectTrackDistanceLogic.cs.meta
Assets\Scenes\Test Scenes\Pranksgiving Test.unity,94873483e708f4fa4a57b3033bbbcc5d,11500000,3,True,Assets\Scripts\Assembly-CSharp\AnimatedTexture.cs.meta
Assets\Scenes\Test Scenes\Pranksgiving Test.unity,e996a18e58747bf538b26a7d9874aed9,11500000,3,True,Assets\Scripts\Assembly-CSharp\WaypointLogic.cs.meta
Assets\Scenes\Test Scenes\Pranksgiving Test.unity,e996a18e58747bf538b26a7d9874aed9,11500000,3,True,Assets\Scripts\Assembly-CSharp\WaypointLogic.cs.meta
Assets\Scenes\Test Scenes\Pranksgiving Test.unity,540d7059364354e249f259edfef5d69a,11500000,3,True,Assets\Scripts\Assembly-CSharp\SpeedPoint.cs.meta
Assets\Scenes\Test Scenes\Pranksgiving Test.unity,a0737a721fe39abadd36e3afa32dd1f7,11500000,3,True,Assets\Scripts\Assembly-CSharp\CarAIPathManager.cs.meta
Assets\Scenes\Test Scenes\Pranksgiving Test.unity,540d7059364354e249f259edfef5d69a,11500000,3,True,Assets\Scripts\Assembly-CSharp\SpeedPoint.cs.meta
Assets\Scenes\Test Scenes\Pranksgiving Test.unity,540d7059364354e249f259edfef5d69a,11500000,3,True,Assets\Scripts\Assembly-CSharp\SpeedPoint.cs.meta
Assets\Scenes\Test Scenes\Pranksgiving Test.unity,540d7059364354e249f259edfef5d69a,11500000,3,True,Assets\Scripts\Assembly-CSharp\SpeedPoint.cs.meta
Assets\Scenes\Test Scenes\Pranksgiving Test.unity,540d7059364354e249f259edfef5d69a,11500000,3,True,Assets\Scripts\Assembly-CSharp\SpeedPoint.cs.meta
Assets\Scenes\Test Scenes\Pranksgiving Test.unity,e171dc7613dc84903f6b62f321860d38,11500000,3,True,Assets\Plugins\Assembly-CSharp-firstpass\UghAlign.cs.meta
Assets\Scenes\Test Scenes\Pranksgiving Test.unity,84dedd87b078241ae96d152250730014,11500000,3,True,Assets\Plugins\Assembly-CSharp-firstpass\UghSprite.cs.meta
Assets\Scenes\Test Scenes\Pranksgiving Test.unity,2d217cf7310cb33e8ef103f1af340700,11500000,3,True,Assets\Scripts\Assembly-CSharp\BlipTrackPublisher.cs.meta
Assets\Scenes\Test Scenes\Pranksgiving Test.unity,0b15208c8a5ae7ff1660a3585ad68237,11500000,3,True,Assets\Scripts\Assembly-CSharp\TerrainEffectTrigger.cs.meta
Assets\Scenes\Test Scenes\Pranksgiving Test.unity,e996a18e58747bf538b26a7d9874aed9,11500000,3,True,Assets\Scripts\Assembly-CSharp\WaypointLogic.cs.meta
Assets\Scenes\Test Scenes\Pranksgiving Test.unity,84dedd87b078241ae96d152250730014,11500000,3,True,Assets\Plugins\Assembly-CSharp-firstpass\UghSprite.cs.meta
Assets\Scenes\Test Scenes\Pranksgiving Test.unity,540d7059364354e249f259edfef5d69a,11500000,3,True,Assets\Scripts\Assembly-CSharp\SpeedPoint.cs.meta
Assets\Scenes\Test Scenes\Pranksgiving Test.unity,a5927ab13b8fd57ed5089057e948c6a8,11500000,3,True,Assets\Scripts\Assembly-CSharp\ProgressTriggerLogic.cs.meta
Assets\Scenes\Test Scenes\Pranksgiving Test.unity,540d7059364354e249f259edfef5d69a,11500000,3,True,Assets\Scripts\Assembly-CSharp\SpeedPoint.cs.meta
Assets\Scenes\Test Scenes\Pranksgiving Test.unity,3c749e5cd2a3b592e4d00db1cea43f9e,11500000,3,True,Assets\Scripts\Assembly-CSharp\WhoopieCushion.cs.meta
Assets\Scenes\Test Scenes\Pranksgiving Test.unity,540d7059364354e249f259edfef5d69a,11500000,3,True,Assets\Scripts\Assembly-CSharp\SpeedPoint.cs.meta
Assets\Scenes\Test Scenes\Pranksgiving Test.unity,84dedd87b078241ae96d152250730014,11500000,3,True,Assets\Plugins\Assembly-CSharp-firstpass\UghSprite.cs.meta
Assets\Scenes\Test Scenes\Pranksgiving Test.unity,e996a18e58747bf538b26a7d9874aed9,11500000,3,True,Assets\Scripts\Assembly-CSharp\WaypointLogic.cs.meta
Assets\Scenes\Test Scenes\Pranksgiving Test.unity,540d7059364354e249f259edfef5d69a,11500000,3,True,Assets\Scripts\Assembly-CSharp\SpeedPoint.cs.meta
Assets\Scenes\Test Scenes\Pranksgiving Test.unity,540d7059364354e249f259edfef5d69a,11500000,3,True,Assets\Scripts\Assembly-CSharp\SpeedPoint.cs.meta
Assets\Scenes\Test Scenes\Pranksgiving Test.unity,e996a18e58747bf538b26a7d9874aed9,11500000,3,True,Assets\Scripts\Assembly-CSharp\WaypointLogic.cs.meta
Assets\Scenes\Test Scenes\Pranksgiving Test.unity,540d7059364354e249f259edfef5d69a,11500000,3,True,Assets\Scripts\Assembly-CSharp\SpeedPoint.cs.meta
Assets\Scenes\Test Scenes\Pranksgiving Test.unity,80004b78694f1129edd555f7161356a9,11500000,3,True,Assets\Scripts\Assembly-CSharp\PickupSpawner.cs.meta
Assets\Scenes\Test Scenes\Pranksgiving Test.unity,a5927ab13b8fd57ed5089057e948c6a8,11500000,3,True,Assets\Scripts\Assembly-CSharp\ProgressTriggerLogic.cs.meta
Assets\Scenes\Test Scenes\Pranksgiving Test.unity,e996a18e58747bf538b26a7d9874aed9,11500000,3,True,Assets\Scripts\Assembly-CSharp\WaypointLogic.cs.meta
Assets\Scenes\Test Scenes\Pranksgiving Test.unity,540d7059364354e249f259edfef5d69a,11500000,3,True,Assets\Scripts\Assembly-CSharp\SpeedPoint.cs.meta
Assets\Scenes\Test Scenes\Pranksgiving Test.unity,540d7059364354e249f259edfef5d69a,11500000,3,True,Assets\Scripts\Assembly-CSharp\SpeedPoint.cs.meta
Assets\Scenes\Test Scenes\Pranksgiving Test.unity,e996a18e58747bf538b26a7d9874aed9,11500000,3,True,Assets\Scripts\Assembly-CSharp\WaypointLogic.cs.meta
Assets\Scenes\Test Scenes\Pranksgiving Test.unity,e996a18e58747bf538b26a7d9874aed9,11500000,3,True,Assets\Scripts\Assembly-CSharp\WaypointLogic.cs.meta
Assets\Scenes\Test Scenes\Pranksgiving Test.unity,e996a18e58747bf538b26a7d9874aed9,11500000,3,True,Assets\Scripts\Assembly-CSharp\WaypointLogic.cs.meta
Assets\Scenes\Test Scenes\Pranksgiving Test.unity,540d7059364354e249f259edfef5d69a,11500000,3,True,Assets\Scripts\Assembly-CSharp\SpeedPoint.cs.meta
Assets\Scenes\Test Scenes\Pranksgiving Test.unity,3c749e5cd2a3b592e4d00db1cea43f9e,11500000,3,True,Assets\Scripts\Assembly-CSharp\WhoopieCushion.cs.meta
Assets\Scenes\Test Scenes\Pranksgiving Test.unity,e996a18e58747bf538b26a7d9874aed9,11500000,3,True,Assets\Scripts\Assembly-CSharp\WaypointLogic.cs.meta
Assets\Scenes\Test Scenes\Pranksgiving Test.unity,540d7059364354e249f259edfef5d69a,11500000,3,True,Assets\Scripts\Assembly-CSharp\SpeedPoint.cs.meta
Assets\Scenes\Test Scenes\Pranksgiving Test.unity,84dedd87b078241ae96d152250730014,11500000,3,True,Assets\Plugins\Assembly-CSharp-firstpass\UghSprite.cs.meta
Assets\Scenes\Test Scenes\Pranksgiving Test.unity,540d7059364354e249f259edfef5d69a,11500000,3,True,Assets\Scripts\Assembly-CSharp\SpeedPoint.cs.meta
Assets\Scenes\Test Scenes\Pranksgiving Test.unity,540d7059364354e249f259edfef5d69a,11500000,3,True,Assets\Scripts\Assembly-CSharp\SpeedPoint.cs.meta
Assets\Scenes\Test Scenes\Pranksgiving Test.unity,0b15208c8a5ae7ff1660a3585ad68237,11500000,3,True,Assets\Scripts\Assembly-CSharp\TerrainEffectTrigger.cs.meta
Assets\Scenes\Test Scenes\Pranksgiving Test.unity,71c30d28ad73b040f6e74d951b378742,11500000,3,True,Assets\Scripts\Assembly-CSharp\ObjectTrackDistanceLogic.cs.meta
Assets\Scenes\Test Scenes\Pranksgiving Test.unity,94873483e708f4fa4a57b3033bbbcc5d,11500000,3,True,Assets\Scripts\Assembly-CSharp\AnimatedTexture.cs.meta
Assets\Scenes\Test Scenes\Pranksgiving Test.unity,e171dc7613dc84903f6b62f321860d38,11500000,3,True,Assets\Plugins\Assembly-CSharp-firstpass\UghAlign.cs.meta
Assets\Scenes\Test Scenes\Pranksgiving Test.unity,e996a18e58747bf538b26a7d9874aed9,11500000,3,True,Assets\Scripts\Assembly-CSharp\WaypointLogic.cs.meta
Assets\Scenes\Test Scenes\Pranksgiving Test.unity,540d7059364354e249f259edfef5d69a,11500000,3,True,Assets\Scripts\Assembly-CSharp\SpeedPoint.cs.meta
Assets\Scenes\Test Scenes\Pranksgiving Test.unity,e171dc7613dc84903f6b62f321860d38,11500000,3,True,Assets\Plugins\Assembly-CSharp-firstpass\UghAlign.cs.meta
Assets\Scenes\Test Scenes\Pranksgiving Test.unity,e996a18e58747bf538b26a7d9874aed9,11500000,3,True,Assets\Scripts\Assembly-CSharp\WaypointLogic.cs.meta
Assets\Scenes\Test Scenes\Pranksgiving Test.unity,80004b78694f1129edd555f7161356a9,11500000,3,True,Assets\Scripts\Assembly-CSharp\PickupSpawner.cs.meta
Assets\Scenes\Test Scenes\Pranksgiving Test.unity,540d7059364354e249f259edfef5d69a,11500000,3,True,Assets\Scripts\Assembly-CSharp\SpeedPoint.cs.meta
Assets\Scenes\Test Scenes\Pranksgiving Test.unity,540d7059364354e249f259edfef5d69a,11500000,3,True,Assets\Scripts\Assembly-CSharp\SpeedPoint.cs.meta
Assets\Scenes\Test Scenes\Pranksgiving Test.unity,e996a18e58747bf538b26a7d9874aed9,11500000,3,True,Assets\Scripts\Assembly-CSharp\WaypointLogic.cs.meta
Assets\Scenes\Test Scenes\Pranksgiving Test.unity,80004b78694f1129edd555f7161356a9,11500000,3,True,Assets\Scripts\Assembly-CSharp\PickupSpawner.cs.meta
Assets\Scenes\Test Scenes\Pranksgiving Test.unity,e996a18e58747bf538b26a7d9874aed9,11500000,3,True,Assets\Scripts\Assembly-CSharp\WaypointLogic.cs.meta
Assets\Scenes\Test Scenes\Pranksgiving Test.unity,80004b78694f1129edd555f7161356a9,11500000,3,True,Assets\Scripts\Assembly-CSharp\PickupSpawner.cs.meta
Assets\Scenes\Test Scenes\Pranksgiving Test.unity,540d7059364354e249f259edfef5d69a,11500000,3,True,Assets\Scripts\Assembly-CSharp\SpeedPoint.cs.meta
Assets\Scenes\Test Scenes\Pranksgiving Test.unity,e996a18e58747bf538b26a7d9874aed9,11500000,3,True,Assets\Scripts\Assembly-CSharp\WaypointLogic.cs.meta
Assets\Scenes\Test Scenes\Pranksgiving Test.unity,48302b94d9e9b333d75a5f574a6bcedf,11500000,3,True,Assets\Scripts\Assembly-CSharp\PreRaceCamera.cs.meta
Assets\Scenes\Test Scenes\Pranksgiving Test.unity,e171dc7613dc84903f6b62f321860d38,11500000,3,True,Assets\Plugins\Assembly-CSharp-firstpass\UghAlign.cs.meta
Assets\Scenes\Test Scenes\Pranksgiving Test.unity,540d7059364354e249f259edfef5d69a,11500000,3,True,Assets\Scripts\Assembly-CSharp\SpeedPoint.cs.meta
Assets\Scenes\Test Scenes\Pranksgiving Test.unity,9b4892a27c501fc32d10289e8a2709d7,11500000,3,True,Assets\Scripts\Assembly-CSharp\CoinPoint.cs.meta
Assets\Scenes\Test Scenes\Pranksgiving Test.unity,e996a18e58747bf538b26a7d9874aed9,11500000,3,True,Assets\Scripts\Assembly-CSharp\WaypointLogic.cs.meta
Assets\Scenes\Test Scenes\Pranksgiving Test.unity,84dedd87b078241ae96d152250730014,11500000,3,True,Assets\Plugins\Assembly-CSharp-firstpass\UghSprite.cs.meta
Assets\Scenes\Test Scenes\Pranksgiving Test.unity,84dedd87b078241ae96d152250730014,11500000,3,True,Assets\Plugins\Assembly-CSharp-firstpass\UghSprite.cs.meta
Assets\Scenes\Test Scenes\Pranksgiving Test.unity,e996a18e58747bf538b26a7d9874aed9,11500000,3,True,Assets\Scripts\Assembly-CSharp\WaypointLogic.cs.meta
Assets\Scenes\Test Scenes\Pranksgiving Test.unity,e996a18e58747bf538b26a7d9874aed9,11500000,3,True,Assets\Scripts\Assembly-CSharp\WaypointLogic.cs.meta
Assets\Scenes\Test Scenes\Pranksgiving Test.unity,84dedd87b078241ae96d152250730014,11500000,3,True,Assets\Plugins\Assembly-CSharp-firstpass\UghSprite.cs.meta
Assets\Scenes\Test Scenes\Pranksgiving Test.unity,540d7059364354e249f259edfef5d69a,11500000,3,True,Assets\Scripts\Assembly-CSharp\SpeedPoint.cs.meta
Assets\Scenes\Test Scenes\Pranksgiving Test.unity,e996a18e58747bf538b26a7d9874aed9,11500000,3,True,Assets\Scripts\Assembly-CSharp\WaypointLogic.cs.meta
Assets\Scenes\Test Scenes\Pranksgiving Test.unity,e996a18e58747bf538b26a7d9874aed9,11500000,3,True,Assets\Scripts\Assembly-CSharp\WaypointLogic.cs.meta
Assets\Scenes\Test Scenes\Pranksgiving Test.unity,3c749e5cd2a3b592e4d00db1cea43f9e,11500000,3,True,Assets\Scripts\Assembly-CSharp\WhoopieCushion.cs.meta
Assets\Scenes\Test Scenes\Pranksgiving Test.unity,e996a18e58747bf538b26a7d9874aed9,11500000,3,True,Assets\Scripts\Assembly-CSharp\WaypointLogic.cs.meta
Assets\Scenes\Test Scenes\Pranksgiving Test.unity,3c749e5cd2a3b592e4d00db1cea43f9e,11500000,3,True,Assets\Scripts\Assembly-CSharp\WhoopieCushion.cs.meta
Assets\Scenes\Test Scenes\Pranksgiving Test.unity,e996a18e58747bf538b26a7d9874aed9,11500000,3,True,Assets\Scripts\Assembly-CSharp\WaypointLogic.cs.meta
Assets\Scenes\Test Scenes\Pranksgiving Test.unity,80004b78694f1129edd555f7161356a9,11500000,3,True,Assets\Scripts\Assembly-CSharp\PickupSpawner.cs.meta
Assets\Scenes\Test Scenes\Pranksgiving Test.unity,540d7059364354e249f259edfef5d69a,11500000,3,True,Assets\Scripts\Assembly-CSharp\SpeedPoint.cs.meta
Assets\Scenes\Test Scenes\Pranksgiving Test.unity,540d7059364354e249f259edfef5d69a,11500000,3,True,Assets\Scripts\Assembly-CSharp\SpeedPoint.cs.meta
Assets\Scenes\Test Scenes\Pranksgiving Test.unity,e996a18e58747bf538b26a7d9874aed9,11500000,3,True,Assets\Scripts\Assembly-CSharp\WaypointLogic.cs.meta
Assets\Scenes\Test Scenes\Pranksgiving Test.unity,e996a18e58747bf538b26a7d9874aed9,11500000,3,True,Assets\Scripts\Assembly-CSharp\WaypointLogic.cs.meta
Assets\Scenes\Test Scenes\Pranksgiving Test.unity,540d7059364354e249f259edfef5d69a,11500000,3,True,Assets\Scripts\Assembly-CSharp\SpeedPoint.cs.meta
Assets\Scenes\Test Scenes\Pranksgiving Test.unity,80004b78694f1129edd555f7161356a9,11500000,3,True,Assets\Scripts\Assembly-CSharp\PickupSpawner.cs.meta
Assets\Scenes\Test Scenes\Pranksgiving Test.unity,84dedd87b078241ae96d152250730014,11500000,3,True,Assets\Plugins\Assembly-CSharp-firstpass\UghSprite.cs.meta
Assets\Scenes\Test Scenes\Pranksgiving Test.unity,540d7059364354e249f259edfef5d69a,11500000,3,True,Assets\Scripts\Assembly-CSharp\SpeedPoint.cs.meta
Assets\Scenes\Test Scenes\Pranksgiving Test.unity,540d7059364354e249f259edfef5d69a,11500000,3,True,Assets\Scripts\Assembly-CSharp\SpeedPoint.cs.meta
Assets\Scenes\Test Scenes\Pranksgiving Test.unity,e996a18e58747bf538b26a7d9874aed9,11500000,3,True,Assets\Scripts\Assembly-CSharp\WaypointLogic.cs.meta
Assets\Scenes\Test Scenes\Pranksgiving Test.unity,540d7059364354e249f259edfef5d69a,11500000,3,True,Assets\Scripts\Assembly-CSharp\SpeedPoint.cs.meta
Assets\Scenes\Test Scenes\Pranksgiving Test.unity,e996a18e58747bf538b26a7d9874aed9,11500000,3,True,Assets\Scripts\Assembly-CSharp\WaypointLogic.cs.meta
Assets\Scenes\Test Scenes\Pranksgiving Test.unity,540d7059364354e249f259edfef5d69a,11500000,3,True,Assets\Scripts\Assembly-CSharp\SpeedPoint.cs.meta
Assets\Scenes\Test Scenes\Pranksgiving Test.unity,479a5b2498c24e1a2d91fdc0a7e28638,11500000,3,True,Assets\Scripts\Assembly-CSharp\TurkeyGooShooter.cs.meta
Assets\Scenes\Test Scenes\Pranksgiving Test.unity,84dedd87b078241ae96d152250730014,11500000,3,True,Assets\Plugins\Assembly-CSharp-firstpass\UghSprite.cs.meta
Assets\Scenes\Test Scenes\Pranksgiving Test.unity,e33080df6ca488dc2ddb7522478f5e36,11500000,3,True,Assets\Scripts\Assembly-CSharp\SoundLibraryAddendum.cs.meta
Assets\Scenes\Test Scenes\Pranksgiving Test.unity,d023be04c46e426c31d87f45651d35dd,11500000,3,True,Assets\Plugins\Assembly-CSharp-firstpass\UghInput.cs.meta
Assets\Scenes\Test Scenes\Pranksgiving Test.unity,540d7059364354e249f259edfef5d69a,11500000,3,True,Assets\Scripts\Assembly-CSharp\SpeedPoint.cs.meta
Assets\Scenes\Test Scenes\Pranksgiving Test.unity,84dedd87b078241ae96d152250730014,11500000,3,True,Assets\Plugins\Assembly-CSharp-firstpass\UghSprite.cs.meta
Assets\Scenes\Test Scenes\Pranksgiving Test.unity,7a1d7e408882e95bdbe76a76d6f51e1c,11500000,3,True,Assets\Plugins\Assembly-CSharp-firstpass\UghButton.cs.meta
Assets\Scenes\Test Scenes\Pranksgiving Test.unity,a5927ab13b8fd57ed5089057e948c6a8,11500000,3,True,Assets\Scripts\Assembly-CSharp\ProgressTriggerLogic.cs.meta
Assets\Scenes\Test Scenes\Pranksgiving Test.unity,e996a18e58747bf538b26a7d9874aed9,11500000,3,True,Assets\Scripts\Assembly-CSharp\WaypointLogic.cs.meta
Assets\Scenes\Test Scenes\Pranksgiving Test.unity,540d7059364354e249f259edfef5d69a,11500000,3,True,Assets\Scripts\Assembly-CSharp\SpeedPoint.cs.meta
Assets\Scenes\Test Scenes\Pranksgiving Test.unity,e171dc7613dc84903f6b62f321860d38,11500000,3,True,Assets\Plugins\Assembly-CSharp-firstpass\UghAlign.cs.meta
Assets\Scenes\Test Scenes\Pranksgiving Test.unity,0b15208c8a5ae7ff1660a3585ad68237,11500000,3,True,Assets\Scripts\Assembly-CSharp\TerrainEffectTrigger.cs.meta
Assets\Scenes\Test Scenes\Pranksgiving Test.unity,71c30d28ad73b040f6e74d951b378742,11500000,3,True,Assets\Scripts\Assembly-CSharp\ObjectTrackDistanceLogic.cs.meta
Assets\Scenes\Test Scenes\Pranksgiving Test.unity,94873483e708f4fa4a57b3033bbbcc5d,11500000,3,True,Assets\Scripts\Assembly-CSharp\AnimatedTexture.cs.meta
Assets\Scenes\Test Scenes\Pranksgiving Test.unity,e996a18e58747bf538b26a7d9874aed9,11500000,3,True,Assets\Scripts\Assembly-CSharp\WaypointLogic.cs.meta
Assets\Scenes\Test Scenes\Pranksgiving Test.unity,540d7059364354e249f259edfef5d69a,11500000,3,True,Assets\Scripts\Assembly-CSharp\SpeedPoint.cs.meta
Assets\Scenes\Test Scenes\Pranksgiving Test.unity,0b15208c8a5ae7ff1660a3585ad68237,11500000,3,True,Assets\Scripts\Assembly-CSharp\TerrainEffectTrigger.cs.meta
Assets\Scenes\Test Scenes\Pranksgiving Test.unity,3d7ca5eee8d4ceab8e68d3786efd8ee6,11500000,3,True,Assets\Scripts\Assembly-CSharp\CartPrimaryTextureProfile.cs.meta
Assets\Scenes\Test Scenes\Pranksgiving Test.unity,63c96e9a6487f47e0e115ad279182fe0,11500000,3,True,Assets\Scripts\Assembly-CSharp\CompositeProfile.cs.meta
Assets\Scenes\Test Scenes\Pranksgiving Test.unity,540d7059364354e249f259edfef5d69a,11500000,3,True,Assets\Scripts\Assembly-CSharp\SpeedPoint.cs.meta
Assets\Scenes\Test Scenes\Pranksgiving Test.unity,540d7059364354e249f259edfef5d69a,11500000,3,True,Assets\Scripts\Assembly-CSharp\SpeedPoint.cs.meta
Assets\Scenes\Test Scenes\Pranksgiving Test.unity,e996a18e58747bf538b26a7d9874aed9,11500000,3,True,Assets\Scripts\Assembly-CSharp\WaypointLogic.cs.meta
Assets\Scenes\Test Scenes\Pranksgiving Test.unity,540d7059364354e249f259edfef5d69a,11500000,3,True,Assets\Scripts\Assembly-CSharp\SpeedPoint.cs.meta
Assets\Scenes\Test Scenes\Pranksgiving Test.unity,e996a18e58747bf538b26a7d9874aed9,11500000,3,True,Assets\Scripts\Assembly-CSharp\WaypointLogic.cs.meta
Assets\Scenes\Test Scenes\Pranksgiving Test.unity,222969e5f509aca8e5d482c6c17f2a47,11500000,3,True,Assets\Scripts\Assembly-CSharp\HUDLogic.cs.meta
Assets\Scenes\Test Scenes\Pranksgiving Test.unity,e996a18e58747bf538b26a7d9874aed9,11500000,3,True,Assets\Scripts\Assembly-CSharp\WaypointLogic.cs.meta
Assets\Scenes\Test Scenes\Pranksgiving Test.unity,e996a18e58747bf538b26a7d9874aed9,11500000,3,True,Assets\Scripts\Assembly-CSharp\WaypointLogic.cs.meta
Assets\Scenes\Test Scenes\Pranksgiving Test.unity,e996a18e58747bf538b26a7d9874aed9,11500000,3,True,Assets\Scripts\Assembly-CSharp\WaypointLogic.cs.meta
Assets\Scenes\Test Scenes\Pranksgiving Test.unity,e996a18e58747bf538b26a7d9874aed9,11500000,3,True,Assets\Scripts\Assembly-CSharp\WaypointLogic.cs.meta
Assets\Scenes\Test Scenes\Pranksgiving Test.unity,540d7059364354e249f259edfef5d69a,11500000,3,True,Assets\Scripts\Assembly-CSharp\SpeedPoint.cs.meta
Assets\Scenes\Test Scenes\Pranksgiving Test.unity,e996a18e58747bf538b26a7d9874aed9,11500000,3,True,Assets\Scripts\Assembly-CSharp\WaypointLogic.cs.meta
Assets\Scenes\Test Scenes\Pranksgiving Test.unity,e996a18e58747bf538b26a7d9874aed9,11500000,3,True,Assets\Scripts\Assembly-CSharp\WaypointLogic.cs.meta
Assets\Scenes\Test Scenes\Pranksgiving Test.unity,540d7059364354e249f259edfef5d69a,11500000,3,True,Assets\Scripts\Assembly-CSharp\SpeedPoint.cs.meta
Assets\Scenes\Test Scenes\Pranksgiving Test.unity,540d7059364354e249f259edfef5d69a,11500000,3,True,Assets\Scripts\Assembly-CSharp\SpeedPoint.cs.meta
Assets\Scenes\Test Scenes\Pranksgiving Test.unity,540d7059364354e249f259edfef5d69a,11500000,3,True,Assets\Scripts\Assembly-CSharp\SpeedPoint.cs.meta
Assets\Scenes\Test Scenes\Pranksgiving Test.unity,80004b78694f1129edd555f7161356a9,11500000,3,True,Assets\Scripts\Assembly-CSharp\PickupSpawner.cs.meta
Assets\Scenes\Test Scenes\Pranksgiving Test.unity,540d7059364354e249f259edfef5d69a,11500000,3,True,Assets\Scripts\Assembly-CSharp\SpeedPoint.cs.meta
Assets\Scenes\Test Scenes\Pranksgiving Test.unity,b88ab20c864889e81141f2df8a116b5b,11500000,3,True,Assets\Plugins\Assembly-CSharp-firstpass\UghText.cs.meta
Assets\Scenes\Test Scenes\Pranksgiving Test.unity,540d7059364354e249f259edfef5d69a,11500000,3,True,Assets\Scripts\Assembly-CSharp\SpeedPoint.cs.meta
Assets\Scenes\Test Scenes\Pranksgiving Test.unity,540d7059364354e249f259edfef5d69a,11500000,3,True,Assets\Scripts\Assembly-CSharp\SpeedPoint.cs.meta
Assets\Scenes\Test Scenes\Pranksgiving Test.unity,e996a18e58747bf538b26a7d9874aed9,11500000,3,True,Assets\Scripts\Assembly-CSharp\WaypointLogic.cs.meta
Assets\Scenes\Test Scenes\Pranksgiving Test.unity,f7699677c097a9da6c26e3d879e89562,11500000,3,True,Assets\Scripts\Assembly-CSharp\EnsureGlobals.cs.meta
Assets\Scenes\Test Scenes\Pranksgiving Test.unity,e996a18e58747bf538b26a7d9874aed9,11500000,3,True,Assets\Scripts\Assembly-CSharp\WaypointLogic.cs.meta
Assets\Scenes\Test Scenes\Pranksgiving Test.unity,e996a18e58747bf538b26a7d9874aed9,11500000,3,True,Assets\Scripts\Assembly-CSharp\WaypointLogic.cs.meta
Assets\Scenes\Test Scenes\Pranksgiving Test.unity,e996a18e58747bf538b26a7d9874aed9,11500000,3,True,Assets\Scripts\Assembly-CSharp\WaypointLogic.cs.meta
Assets\Scenes\Test Scenes\Pranksgiving Test.unity,9b4892a27c501fc32d10289e8a2709d7,11500000,3,True,Assets\Scripts\Assembly-CSharp\CoinPoint.cs.meta
Assets\Scenes\Test Scenes\Pranksgiving Test.unity,c67f46bd4e340aa7f64a8e2ae3c03a27,11500000,3,True,Assets\Scripts\Assembly-CSharp\ResetTrigger.cs.meta
Assets\Scenes\Test Scenes\Pranksgiving Test.unity,9b4892a27c501fc32d10289e8a2709d7,11500000,3,True,Assets\Scripts\Assembly-CSharp\CoinPoint.cs.meta
Assets\Scenes\Test Scenes\Pranksgiving Test.unity,84dedd87b078241ae96d152250730014,11500000,3,True,Assets\Plugins\Assembly-CSharp-firstpass\UghSprite.cs.meta
Assets\Scenes\Test Scenes\Pranksgiving Test.unity,80004b78694f1129edd555f7161356a9,11500000,3,True,Assets\Scripts\Assembly-CSharp\PickupSpawner.cs.meta
Assets\Scenes\Test Scenes\Pranksgiving Test.unity,540d7059364354e249f259edfef5d69a,11500000,3,True,Assets\Scripts\Assembly-CSharp\SpeedPoint.cs.meta
Assets\Scenes\Test Scenes\Pranksgiving Test.unity,84dedd87b078241ae96d152250730014,11500000,3,True,Assets\Plugins\Assembly-CSharp-firstpass\UghSprite.cs.meta
Assets\Scenes\Test Scenes\Pranksgiving Test.unity,84dedd87b078241ae96d152250730014,11500000,3,True,Assets\Plugins\Assembly-CSharp-firstpass\UghSprite.cs.meta
Assets\Scenes\Test Scenes\Pranksgiving Test.unity,c67f46bd4e340aa7f64a8e2ae3c03a27,11500000,3,True,Assets\Scripts\Assembly-CSharp\ResetTrigger.cs.meta
Assets\Scenes\Test Scenes\Pranksgiving Test.unity,540d7059364354e249f259edfef5d69a,11500000,3,True,Assets\Scripts\Assembly-CSharp\SpeedPoint.cs.meta
Assets\Scenes\Test Scenes\Pranksgiving Test.unity,84dedd87b078241ae96d152250730014,11500000,3,True,Assets\Plugins\Assembly-CSharp-firstpass\UghSprite.cs.meta
Assets\Scenes\Test Scenes\Pranksgiving Test.unity,94873483e708f4fa4a57b3033bbbcc5d,11500000,3,True,Assets\Scripts\Assembly-CSharp\AnimatedTexture.cs.meta
Assets\Scenes\Test Scenes\Pranksgiving Test.unity,479a5b2498c24e1a2d91fdc0a7e28638,11500000,3,True,Assets\Scripts\Assembly-CSharp\TurkeyGooShooter.cs.meta
Assets\Scenes\Test Scenes\Pranksgiving Test.unity,b88ab20c864889e81141f2df8a116b5b,11500000,3,True,Assets\Plugins\Assembly-CSharp-firstpass\UghText.cs.meta
Assets\Scenes\Test Scenes\Pranksgiving Test.unity,e996a18e58747bf538b26a7d9874aed9,11500000,3,True,Assets\Scripts\Assembly-CSharp\WaypointLogic.cs.meta
Assets\Scenes\Test Scenes\Pranksgiving Test.unity,0b15208c8a5ae7ff1660a3585ad68237,11500000,3,True,Assets\Scripts\Assembly-CSharp\TerrainEffectTrigger.cs.meta
Assets\Scenes\Test Scenes\Pranksgiving Test.unity,71c30d28ad73b040f6e74d951b378742,11500000,3,True,Assets\Scripts\Assembly-CSharp\ObjectTrackDistanceLogic.cs.meta
Assets\Scenes\Test Scenes\Pranksgiving Test.unity,94873483e708f4fa4a57b3033bbbcc5d,11500000,3,True,Assets\Scripts\Assembly-CSharp\AnimatedTexture.cs.meta
Assets\Scenes\Test Scenes\Pranksgiving Test.unity,540d7059364354e249f259edfef5d69a,11500000,3,True,Assets\Scripts\Assembly-CSharp\SpeedPoint.cs.meta
Assets\Scenes\Test Scenes\Pranksgiving Test.unity,93a00b2df47c568d51d2e788e763d67e,11500000,3,True,Assets\Plugins\Assembly-CSharp-firstpass\UghCamera.cs.meta
Assets\Scenes\Test Scenes\Pranksgiving Test.unity,b88ab20c864889e81141f2df8a116b5b,11500000,3,True,Assets\Plugins\Assembly-CSharp-firstpass\UghText.cs.meta
Assets\Scenes\Test Scenes\Pranksgiving Test.unity,b88ab20c864889e81141f2df8a116b5b,11500000,3,True,Assets\Plugins\Assembly-CSharp-firstpass\UghText.cs.meta
Assets\Scenes\Test Scenes\Pranksgiving Test.unity,e996a18e58747bf538b26a7d9874aed9,11500000,3,True,Assets\Scripts\Assembly-CSharp\WaypointLogic.cs.meta
Assets\Scenes\Test Scenes\Pranksgiving Test.unity,e996a18e58747bf538b26a7d9874aed9,11500000,3,True,Assets\Scripts\Assembly-CSharp\WaypointLogic.cs.meta
Assets\Scenes\Test Scenes\Pranksgiving Test.unity,246f7afd4c00a9e3e9edfd9f644012c9,11500000,3,True,Assets\Scripts\Assembly-CSharp\DebugTrackStrapper.cs.meta
Assets\Scenes\Test Scenes\Pranksgiving Test.unity,540d7059364354e249f259edfef5d69a,11500000,3,True,Assets\Scripts\Assembly-CSharp\SpeedPoint.cs.meta
Assets\Scenes\Test Scenes\Pranksgiving Test.unity,540d7059364354e249f259edfef5d69a,11500000,3,True,Assets\Scripts\Assembly-CSharp\SpeedPoint.cs.meta
Assets\Scenes\Test Scenes\Pranksgiving Test.unity,80004b78694f1129edd555f7161356a9,11500000,3,True,Assets\Scripts\Assembly-CSharp\PickupSpawner.cs.meta
Assets\Scenes\Test Scenes\Pranksgiving Test.unity,e171dc7613dc84903f6b62f321860d38,11500000,3,True,Assets\Plugins\Assembly-CSharp-firstpass\UghAlign.cs.meta
Assets\Scenes\Test Scenes\Pranksgiving Test.unity,be91ca8006c128c0534cf9e4b09d62dd,11500000,3,True,Assets\Scripts\Assembly-CSharp\PieLauncher.cs.meta
Assets\Scenes\Test Scenes\Pranksgiving Test.unity,540d7059364354e249f259edfef5d69a,11500000,3,True,Assets\Scripts\Assembly-CSharp\SpeedPoint.cs.meta
Assets\Scenes\Test Scenes\Pranksgiving Test.unity,e996a18e58747bf538b26a7d9874aed9,11500000,3,True,Assets\Scripts\Assembly-CSharp\WaypointLogic.cs.meta
Assets\Scenes\Test Scenes\Pranksgiving Test.unity,e171dc7613dc84903f6b62f321860d38,11500000,3,True,Assets\Plugins\Assembly-CSharp-firstpass\UghAlign.cs.meta
Assets\Scenes\Test Scenes\Pranksgiving Test.unity,540d7059364354e249f259edfef5d69a,11500000,3,True,Assets\Scripts\Assembly-CSharp\SpeedPoint.cs.meta
Assets\Scenes\Test Scenes\Pranksgiving Test.unity,e996a18e58747bf538b26a7d9874aed9,11500000,3,True,Assets\Scripts\Assembly-CSharp\WaypointLogic.cs.meta
Assets\Scenes\Test Scenes\Pranksgiving Test.unity,540d7059364354e249f259edfef5d69a,11500000,3,True,Assets\Scripts\Assembly-CSharp\SpeedPoint.cs.meta
Assets\Scenes\Test Scenes\Pranksgiving Test.unity,e996a18e58747bf538b26a7d9874aed9,11500000,3,True,Assets\Scripts\Assembly-CSharp\WaypointLogic.cs.meta
Assets\Scenes\Test Scenes\Pranksgiving Test.unity,be91ca8006c128c0534cf9e4b09d62dd,11500000,3,True,Assets\Scripts\Assembly-CSharp\PieLauncher.cs.meta
Assets\Scenes\Test Scenes\Pranksgiving Test.unity,540d7059364354e249f259edfef5d69a,11500000,3,True,Assets\Scripts\Assembly-CSharp\SpeedPoint.cs.meta
Assets\Scenes\Test Scenes\Pranksgiving Test.unity,e996a18e58747bf538b26a7d9874aed9,11500000,3,True,Assets\Scripts\Assembly-CSharp\WaypointLogic.cs.meta
Assets\Scenes\Test Scenes\Pranksgiving Test.unity,e996a18e58747bf538b26a7d9874aed9,11500000,3,True,Assets\Scripts\Assembly-CSharp\WaypointLogic.cs.meta
Assets\Scenes\Test Scenes\Pranksgiving Test.unity,e996a18e58747bf538b26a7d9874aed9,11500000,3,True,Assets\Scripts\Assembly-CSharp\WaypointLogic.cs.meta
Assets\Scenes\Test Scenes\Pranksgiving Test.unity,540d7059364354e249f259edfef5d69a,11500000,3,True,Assets\Scripts\Assembly-CSharp\SpeedPoint.cs.meta
Assets\Scenes\Test Scenes\Pranksgiving Test.unity,540d7059364354e249f259edfef5d69a,11500000,3,True,Assets\Scripts\Assembly-CSharp\SpeedPoint.cs.meta
Assets\Scenes\Test Scenes\Pranksgiving Test.unity,540d7059364354e249f259edfef5d69a,11500000,3,True,Assets\Scripts\Assembly-CSharp\SpeedPoint.cs.meta
Assets\Scenes\Test Scenes\Pranksgiving Test.unity,479a5b2498c24e1a2d91fdc0a7e28638,11500000,3,True,Assets\Scripts\Assembly-CSharp\TurkeyGooShooter.cs.meta
Assets\Scenes\Tracks\Fish Hooks Track 1.unity,540d7059364354e249f259edfef5d69a,11500000,3,True,Assets\Scripts\Assembly-CSharp\SpeedPoint.cs.meta
Assets\Scenes\Tracks\Fish Hooks Track 1.unity,540d7059364354e249f259edfef5d69a,11500000,3,True,Assets\Scripts\Assembly-CSharp\SpeedPoint.cs.meta
Assets\Scenes\Tracks\Fish Hooks Track 1.unity,5db77d8b07b73380826e12a6a2c9f105,11500000,3,True,Assets\Scripts\Assembly-CSharp\ParticleReducer.cs.meta
Assets\Scenes\Tracks\Fish Hooks Track 1.unity,e996a18e58747bf538b26a7d9874aed9,11500000,3,True,Assets\Scripts\Assembly-CSharp\WaypointLogic.cs.meta
Assets\Scenes\Tracks\Fish Hooks Track 1.unity,540d7059364354e249f259edfef5d69a,11500000,3,True,Assets\Scripts\Assembly-CSharp\SpeedPoint.cs.meta
Assets\Scenes\Tracks\Fish Hooks Track 1.unity,540d7059364354e249f259edfef5d69a,11500000,3,True,Assets\Scripts\Assembly-CSharp\SpeedPoint.cs.meta
Assets\Scenes\Tracks\Fish Hooks Track 1.unity,540d7059364354e249f259edfef5d69a,11500000,3,True,Assets\Scripts\Assembly-CSharp\SpeedPoint.cs.meta
Assets\Scenes\Tracks\Fish Hooks Track 1.unity,540d7059364354e249f259edfef5d69a,11500000,3,True,Assets\Scripts\Assembly-CSharp\SpeedPoint.cs.meta
Assets\Scenes\Tracks\Fish Hooks Track 1.unity,840a81aeccdf70db761452515500908c,11500000,3,True,Assets\Scripts\Assembly-CSharp\CausticsManager.cs.meta
Assets\Scenes\Tracks\Fish Hooks Track 1.unity,5db77d8b07b73380826e12a6a2c9f105,11500000,3,True,Assets\Scripts\Assembly-CSharp\ParticleReducer.cs.meta
Assets\Scenes\Tracks\Fish Hooks Track 1.unity,e996a18e58747bf538b26a7d9874aed9,11500000,3,True,Assets\Scripts\Assembly-CSharp\WaypointLogic.cs.meta
Assets\Scenes\Tracks\Fish Hooks Track 1.unity,540d7059364354e249f259edfef5d69a,11500000,3,True,Assets\Scripts\Assembly-CSharp\SpeedPoint.cs.meta
Assets\Scenes\Tracks\Fish Hooks Track 1.unity,84dedd87b078241ae96d152250730014,11500000,3,True,Assets\Plugins\Assembly-CSharp-firstpass\UghSprite.cs.meta
Assets\Scenes\Tracks\Fish Hooks Track 1.unity,540d7059364354e249f259edfef5d69a,11500000,3,True,Assets\Scripts\Assembly-CSharp\SpeedPoint.cs.meta
Assets\Scenes\Tracks\Fish Hooks Track 1.unity,80004b78694f1129edd555f7161356a9,11500000,3,True,Assets\Scripts\Assembly-CSharp\PickupSpawner.cs.meta
Assets\Scenes\Tracks\Fish Hooks Track 1.unity,540d7059364354e249f259edfef5d69a,11500000,3,True,Assets\Scripts\Assembly-CSharp\SpeedPoint.cs.meta
Assets\Scenes\Tracks\Fish Hooks Track 1.unity,5db77d8b07b73380826e12a6a2c9f105,11500000,3,True,Assets\Scripts\Assembly-CSharp\ParticleReducer.cs.meta
Assets\Scenes\Tracks\Fish Hooks Track 1.unity,e996a18e58747bf538b26a7d9874aed9,11500000,3,True,Assets\Scripts\Assembly-CSharp\WaypointLogic.cs.meta
Assets\Scenes\Tracks\Fish Hooks Track 1.unity,e996a18e58747bf538b26a7d9874aed9,11500000,3,True,Assets\Scripts\Assembly-CSharp\WaypointLogic.cs.meta
Assets\Scenes\Tracks\Fish Hooks Track 1.unity,71c30d28ad73b040f6e74d951b378742,11500000,3,True,Assets\Scripts\Assembly-CSharp\ObjectTrackDistanceLogic.cs.meta
Assets\Scenes\Tracks\Fish Hooks Track 1.unity,1cc58fe5defa6bb88edc43c0229d6967,11500000,3,True,Assets\Scripts\Assembly-CSharp\SpringTrigger.cs.meta
Assets\Scenes\Tracks\Fish Hooks Track 1.unity,540d7059364354e249f259edfef5d69a,11500000,3,True,Assets\Scripts\Assembly-CSharp\SpeedPoint.cs.meta
Assets\Scenes\Tracks\Fish Hooks Track 1.unity,e171dc7613dc84903f6b62f321860d38,11500000,3,True,Assets\Plugins\Assembly-CSharp-firstpass\UghAlign.cs.meta
Assets\Scenes\Tracks\Fish Hooks Track 1.unity,e996a18e58747bf538b26a7d9874aed9,11500000,3,True,Assets\Scripts\Assembly-CSharp\WaypointLogic.cs.meta
Assets\Scenes\Tracks\Fish Hooks Track 1.unity,540d7059364354e249f259edfef5d69a,11500000,3,True,Assets\Scripts\Assembly-CSharp\SpeedPoint.cs.meta
Assets\Scenes\Tracks\Fish Hooks Track 1.unity,e996a18e58747bf538b26a7d9874aed9,11500000,3,True,Assets\Scripts\Assembly-CSharp\WaypointLogic.cs.meta
Assets\Scenes\Tracks\Fish Hooks Track 1.unity,540d7059364354e249f259edfef5d69a,11500000,3,True,Assets\Scripts\Assembly-CSharp\SpeedPoint.cs.meta
Assets\Scenes\Tracks\Fish Hooks Track 1.unity,540d7059364354e249f259edfef5d69a,11500000,3,True,Assets\Scripts\Assembly-CSharp\SpeedPoint.cs.meta
Assets\Scenes\Tracks\Fish Hooks Track 1.unity,e996a18e58747bf538b26a7d9874aed9,11500000,3,True,Assets\Scripts\Assembly-CSharp\WaypointLogic.cs.meta
Assets\Scenes\Tracks\Fish Hooks Track 1.unity,540d7059364354e249f259edfef5d69a,11500000,3,True,Assets\Scripts\Assembly-CSharp\SpeedPoint.cs.meta
Assets\Scenes\Tracks\Fish Hooks Track 1.unity,e996a18e58747bf538b26a7d9874aed9,11500000,3,True,Assets\Scripts\Assembly-CSharp\WaypointLogic.cs.meta
Assets\Scenes\Tracks\Fish Hooks Track 1.unity,e996a18e58747bf538b26a7d9874aed9,11500000,3,True,Assets\Scripts\Assembly-CSharp\WaypointLogic.cs.meta
Assets\Scenes\Tracks\Fish Hooks Track 1.unity,410aef06036e22f327bf513834d3c8f7,11500000,3,True,Assets\Scripts\Assembly-CSharp\FollowCamera.cs.meta
Assets\Scenes\Tracks\Fish Hooks Track 1.unity,30b411d090599ca49164a82da6acd001,11500000,3,True,Assets\Scripts\Assembly-CSharp\CameraShake.cs.meta
Assets\Scenes\Tracks\Fish Hooks Track 1.unity,e996a18e58747bf538b26a7d9874aed9,11500000,3,True,Assets\Scripts\Assembly-CSharp\WaypointLogic.cs.meta
Assets\Scenes\Tracks\Fish Hooks Track 1.unity,e996a18e58747bf538b26a7d9874aed9,11500000,3,True,Assets\Scripts\Assembly-CSharp\WaypointLogic.cs.meta
Assets\Scenes\Tracks\Fish Hooks Track 1.unity,1cc58fe5defa6bb88edc43c0229d6967,11500000,3,True,Assets\Scripts\Assembly-CSharp\SpringTrigger.cs.meta
Assets\Scenes\Tracks\Fish Hooks Track 1.unity,71c30d28ad73b040f6e74d951b378742,11500000,3,True,Assets\Scripts\Assembly-CSharp\ObjectTrackDistanceLogic.cs.meta
Assets\Scenes\Tracks\Fish Hooks Track 1.unity,540d7059364354e249f259edfef5d69a,11500000,3,True,Assets\Scripts\Assembly-CSharp\SpeedPoint.cs.meta
Assets\Scenes\Tracks\Fish Hooks Track 1.unity,80004b78694f1129edd555f7161356a9,11500000,3,True,Assets\Scripts\Assembly-CSharp\PickupSpawner.cs.meta
Assets\Scenes\Tracks\Fish Hooks Track 1.unity,540d7059364354e249f259edfef5d69a,11500000,3,True,Assets\Scripts\Assembly-CSharp\SpeedPoint.cs.meta
Assets\Scenes\Tracks\Fish Hooks Track 1.unity,e996a18e58747bf538b26a7d9874aed9,11500000,3,True,Assets\Scripts\Assembly-CSharp\WaypointLogic.cs.meta
Assets\Scenes\Tracks\Fish Hooks Track 1.unity,e996a18e58747bf538b26a7d9874aed9,11500000,3,True,Assets\Scripts\Assembly-CSharp\WaypointLogic.cs.meta
Assets\Scenes\Tracks\Fish Hooks Track 1.unity,540d7059364354e249f259edfef5d69a,11500000,3,True,Assets\Scripts\Assembly-CSharp\SpeedPoint.cs.meta
Assets\Scenes\Tracks\Fish Hooks Track 1.unity,540d7059364354e249f259edfef5d69a,11500000,3,True,Assets\Scripts\Assembly-CSharp\SpeedPoint.cs.meta
Assets\Scenes\Tracks\Fish Hooks Track 1.unity,540d7059364354e249f259edfef5d69a,11500000,3,True,Assets\Scripts\Assembly-CSharp\SpeedPoint.cs.meta
Assets\Scenes\Tracks\Fish Hooks Track 1.unity,e996a18e58747bf538b26a7d9874aed9,11500000,3,True,Assets\Scripts\Assembly-CSharp\WaypointLogic.cs.meta
Assets\Scenes\Tracks\Fish Hooks Track 1.unity,e996a18e58747bf538b26a7d9874aed9,11500000,3,True,Assets\Scripts\Assembly-CSharp\WaypointLogic.cs.meta
Assets\Scenes\Tracks\Fish Hooks Track 1.unity,71c30d28ad73b040f6e74d951b378742,11500000,3,True,Assets\Scripts\Assembly-CSharp\ObjectTrackDistanceLogic.cs.meta
Assets\Scenes\Tracks\Fish Hooks Track 1.unity,0b15208c8a5ae7ff1660a3585ad68237,11500000,3,True,Assets\Scripts\Assembly-CSharp\TerrainEffectTrigger.cs.meta
Assets\Scenes\Tracks\Fish Hooks Track 1.unity,94873483e708f4fa4a57b3033bbbcc5d,11500000,3,True,Assets\Scripts\Assembly-CSharp\AnimatedTexture.cs.meta
Assets\Scenes\Tracks\Fish Hooks Track 1.unity,84dedd87b078241ae96d152250730014,11500000,3,True,Assets\Plugins\Assembly-CSharp-firstpass\UghSprite.cs.meta
Assets\Scenes\Tracks\Fish Hooks Track 1.unity,540d7059364354e249f259edfef5d69a,11500000,3,True,Assets\Scripts\Assembly-CSharp\SpeedPoint.cs.meta
Assets\Scenes\Tracks\Fish Hooks Track 1.unity,540d7059364354e249f259edfef5d69a,11500000,3,True,Assets\Scripts\Assembly-CSharp\SpeedPoint.cs.meta
Assets\Scenes\Tracks\Fish Hooks Track 1.unity,84dedd87b078241ae96d152250730014,11500000,3,True,Assets\Plugins\Assembly-CSharp-firstpass\UghSprite.cs.meta
Assets\Scenes\Tracks\Fish Hooks Track 1.unity,540d7059364354e249f259edfef5d69a,11500000,3,True,Assets\Scripts\Assembly-CSharp\SpeedPoint.cs.meta
Assets\Scenes\Tracks\Fish Hooks Track 1.unity,540d7059364354e249f259edfef5d69a,11500000,3,True,Assets\Scripts\Assembly-CSharp\SpeedPoint.cs.meta
Assets\Scenes\Tracks\Fish Hooks Track 1.unity,84dedd87b078241ae96d152250730014,11500000,3,True,Assets\Plugins\Assembly-CSharp-firstpass\UghSprite.cs.meta
Assets\Scenes\Tracks\Fish Hooks Track 1.unity,e996a18e58747bf538b26a7d9874aed9,11500000,3,True,Assets\Scripts\Assembly-CSharp\WaypointLogic.cs.meta
Assets\Scenes\Tracks\Fish Hooks Track 1.unity,e996a18e58747bf538b26a7d9874aed9,11500000,3,True,Assets\Scripts\Assembly-CSharp\WaypointLogic.cs.meta
Assets\Scenes\Tracks\Fish Hooks Track 1.unity,e996a18e58747bf538b26a7d9874aed9,11500000,3,True,Assets\Scripts\Assembly-CSharp\WaypointLogic.cs.meta
Assets\Scenes\Tracks\Fish Hooks Track 1.unity,540d7059364354e249f259edfef5d69a,11500000,3,True,Assets\Scripts\Assembly-CSharp\SpeedPoint.cs.meta
Assets\Scenes\Tracks\Fish Hooks Track 1.unity,540d7059364354e249f259edfef5d69a,11500000,3,True,Assets\Scripts\Assembly-CSharp\SpeedPoint.cs.meta
Assets\Scenes\Tracks\Fish Hooks Track 1.unity,540d7059364354e249f259edfef5d69a,11500000,3,True,Assets\Scripts\Assembly-CSharp\SpeedPoint.cs.meta
Assets\Scenes\Tracks\Fish Hooks Track 1.unity,e996a18e58747bf538b26a7d9874aed9,11500000,3,True,Assets\Scripts\Assembly-CSharp\WaypointLogic.cs.meta
Assets\Scenes\Tracks\Fish Hooks Track 1.unity,e996a18e58747bf538b26a7d9874aed9,11500000,3,True,Assets\Scripts\Assembly-CSharp\WaypointLogic.cs.meta
Assets\Scenes\Tracks\Fish Hooks Track 1.unity,84dedd87b078241ae96d152250730014,11500000,3,True,Assets\Plugins\Assembly-CSharp-firstpass\UghSprite.cs.meta
Assets\Scenes\Tracks\Fish Hooks Track 1.unity,540d7059364354e249f259edfef5d69a,11500000,3,True,Assets\Scripts\Assembly-CSharp\SpeedPoint.cs.meta
Assets\Scenes\Tracks\Fish Hooks Track 1.unity,e996a18e58747bf538b26a7d9874aed9,11500000,3,True,Assets\Scripts\Assembly-CSharp\WaypointLogic.cs.meta
Assets\Scenes\Tracks\Fish Hooks Track 1.unity,e996a18e58747bf538b26a7d9874aed9,11500000,3,True,Assets\Scripts\Assembly-CSharp\WaypointLogic.cs.meta
Assets\Scenes\Tracks\Fish Hooks Track 1.unity,a0737a721fe39abadd36e3afa32dd1f7,11500000,3,True,Assets\Scripts\Assembly-CSharp\CarAIPathManager.cs.meta
Assets\Scenes\Tracks\Fish Hooks Track 1.unity,540d7059364354e249f259edfef5d69a,11500000,3,True,Assets\Scripts\Assembly-CSharp\SpeedPoint.cs.meta
Assets\Scenes\Tracks\Fish Hooks Track 1.unity,e996a18e58747bf538b26a7d9874aed9,11500000,3,True,Assets\Scripts\Assembly-CSharp\WaypointLogic.cs.meta
Assets\Scenes\Tracks\Fish Hooks Track 1.unity,7a1d7e408882e95bdbe76a76d6f51e1c,11500000,3,True,Assets\Plugins\Assembly-CSharp-firstpass\UghButton.cs.meta
Assets\Scenes\Tracks\Fish Hooks Track 1.unity,e996a18e58747bf538b26a7d9874aed9,11500000,3,True,Assets\Scripts\Assembly-CSharp\WaypointLogic.cs.meta
Assets\Scenes\Tracks\Fish Hooks Track 1.unity,54cbe82f1ecc3566dd11401a18f75c23,11500000,3,True,Assets\Scripts\Assembly-CSharp\GuidedJumpTrigger.cs.meta
Assets\Scenes\Tracks\Fish Hooks Track 1.unity,71c30d28ad73b040f6e74d951b378742,11500000,3,True,Assets\Scripts\Assembly-CSharp\ObjectTrackDistanceLogic.cs.meta
Assets\Scenes\Tracks\Fish Hooks Track 1.unity,540d7059364354e249f259edfef5d69a,11500000,3,True,Assets\Scripts\Assembly-CSharp\SpeedPoint.cs.meta
Assets\Scenes\Tracks\Fish Hooks Track 1.unity,e996a18e58747bf538b26a7d9874aed9,11500000,3,True,Assets\Scripts\Assembly-CSharp\WaypointLogic.cs.meta
Assets\Scenes\Tracks\Fish Hooks Track 1.unity,e996a18e58747bf538b26a7d9874aed9,11500000,3,True,Assets\Scripts\Assembly-CSharp\WaypointLogic.cs.meta
Assets\Scenes\Tracks\Fish Hooks Track 1.unity,e996a18e58747bf538b26a7d9874aed9,11500000,3,True,Assets\Scripts\Assembly-CSharp\WaypointLogic.cs.meta
Assets\Scenes\Tracks\Fish Hooks Track 1.unity,540d7059364354e249f259edfef5d69a,11500000,3,True,Assets\Scripts\Assembly-CSharp\SpeedPoint.cs.meta
Assets\Scenes\Tracks\Fish Hooks Track 1.unity,540d7059364354e249f259edfef5d69a,11500000,3,True,Assets\Scripts\Assembly-CSharp\SpeedPoint.cs.meta
Assets\Scenes\Tracks\Fish Hooks Track 1.unity,84dedd87b078241ae96d152250730014,11500000,3,True,Assets\Plugins\Assembly-CSharp-firstpass\UghSprite.cs.meta
Assets\Scenes\Tracks\Fish Hooks Track 1.unity,e171dc7613dc84903f6b62f321860d38,11500000,3,True,Assets\Plugins\Assembly-CSharp-firstpass\UghAlign.cs.meta
Assets\Scenes\Tracks\Fish Hooks Track 1.unity,540d7059364354e249f259edfef5d69a,11500000,3,True,Assets\Scripts\Assembly-CSharp\SpeedPoint.cs.meta
Assets\Scenes\Tracks\Fish Hooks Track 1.unity,540d7059364354e249f259edfef5d69a,11500000,3,True,Assets\Scripts\Assembly-CSharp\SpeedPoint.cs.meta
Assets\Scenes\Tracks\Fish Hooks Track 1.unity,e996a18e58747bf538b26a7d9874aed9,11500000,3,True,Assets\Scripts\Assembly-CSharp\WaypointLogic.cs.meta
Assets\Scenes\Tracks\Fish Hooks Track 1.unity,e996a18e58747bf538b26a7d9874aed9,11500000,3,True,Assets\Scripts\Assembly-CSharp\WaypointLogic.cs.meta
Assets\Scenes\Tracks\Fish Hooks Track 1.unity,540d7059364354e249f259edfef5d69a,11500000,3,True,Assets\Scripts\Assembly-CSharp\SpeedPoint.cs.meta
Assets\Scenes\Tracks\Fish Hooks Track 1.unity,540d7059364354e249f259edfef5d69a,11500000,3,True,Assets\Scripts\Assembly-CSharp\SpeedPoint.cs.meta
Assets\Scenes\Tracks\Fish Hooks Track 1.unity,e33080df6ca488dc2ddb7522478f5e36,11500000,3,True,Assets\Scripts\Assembly-CSharp\SoundLibraryAddendum.cs.meta
Assets\Scenes\Tracks\Fish Hooks Track 1.unity,540d7059364354e249f259edfef5d69a,11500000,3,True,Assets\Scripts\Assembly-CSharp\SpeedPoint.cs.meta
Assets\Scenes\Tracks\Fish Hooks Track 1.unity,e996a18e58747bf538b26a7d9874aed9,11500000,3,True,Assets\Scripts\Assembly-CSharp\WaypointLogic.cs.meta
Assets\Scenes\Tracks\Fish Hooks Track 1.unity,e996a18e58747bf538b26a7d9874aed9,11500000,3,True,Assets\Scripts\Assembly-CSharp\WaypointLogic.cs.meta
Assets\Scenes\Tracks\Fish Hooks Track 1.unity,84dedd87b078241ae96d152250730014,11500000,3,True,Assets\Plugins\Assembly-CSharp-firstpass\UghSprite.cs.meta
Assets\Scenes\Tracks\Fish Hooks Track 1.unity,540d7059364354e249f259edfef5d69a,11500000,3,True,Assets\Scripts\Assembly-CSharp\SpeedPoint.cs.meta
Assets\Scenes\Tracks\Fish Hooks Track 1.unity,540d7059364354e249f259edfef5d69a,11500000,3,True,Assets\Scripts\Assembly-CSharp\SpeedPoint.cs.meta
Assets\Scenes\Tracks\Fish Hooks Track 1.unity,e996a18e58747bf538b26a7d9874aed9,11500000,3,True,Assets\Scripts\Assembly-CSharp\WaypointLogic.cs.meta
Assets\Scenes\Tracks\Fish Hooks Track 1.unity,e996a18e58747bf538b26a7d9874aed9,11500000,3,True,Assets\Scripts\Assembly-CSharp\WaypointLogic.cs.meta
Assets\Scenes\Tracks\Fish Hooks Track 1.unity,e996a18e58747bf538b26a7d9874aed9,11500000,3,True,Assets\Scripts\Assembly-CSharp\WaypointLogic.cs.meta
Assets\Scenes\Tracks\Fish Hooks Track 1.unity,e996a18e58747bf538b26a7d9874aed9,11500000,3,True,Assets\Scripts\Assembly-CSharp\WaypointLogic.cs.meta
Assets\Scenes\Tracks\Fish Hooks Track 1.unity,540d7059364354e249f259edfef5d69a,11500000,3,True,Assets\Scripts\Assembly-CSharp\SpeedPoint.cs.meta
Assets\Scenes\Tracks\Fish Hooks Track 1.unity,e996a18e58747bf538b26a7d9874aed9,11500000,3,True,Assets\Scripts\Assembly-CSharp\WaypointLogic.cs.meta
Assets\Scenes\Tracks\Fish Hooks Track 1.unity,e996a18e58747bf538b26a7d9874aed9,11500000,3,True,Assets\Scripts\Assembly-CSharp\WaypointLogic.cs.meta
Assets\Scenes\Tracks\Fish Hooks Track 1.unity,e996a18e58747bf538b26a7d9874aed9,11500000,3,True,Assets\Scripts\Assembly-CSharp\WaypointLogic.cs.meta
Assets\Scenes\Tracks\Fish Hooks Track 1.unity,540d7059364354e249f259edfef5d69a,11500000,3,True,Assets\Scripts\Assembly-CSharp\SpeedPoint.cs.meta
Assets\Scenes\Tracks\Fish Hooks Track 1.unity,e996a18e58747bf538b26a7d9874aed9,11500000,3,True,Assets\Scripts\Assembly-CSharp\WaypointLogic.cs.meta
Assets\Scenes\Tracks\Fish Hooks Track 1.unity,e996a18e58747bf538b26a7d9874aed9,11500000,3,True,Assets\Scripts\Assembly-CSharp\WaypointLogic.cs.meta
Assets\Scenes\Tracks\Fish Hooks Track 1.unity,e996a18e58747bf538b26a7d9874aed9,11500000,3,True,Assets\Scripts\Assembly-CSharp\WaypointLogic.cs.meta
Assets\Scenes\Tracks\Fish Hooks Track 1.unity,e996a18e58747bf538b26a7d9874aed9,11500000,3,True,Assets\Scripts\Assembly-CSharp\WaypointLogic.cs.meta
Assets\Scenes\Tracks\Fish Hooks Track 1.unity,540d7059364354e249f259edfef5d69a,11500000,3,True,Assets\Scripts\Assembly-CSharp\SpeedPoint.cs.meta
Assets\Scenes\Tracks\Fish Hooks Track 1.unity,e996a18e58747bf538b26a7d9874aed9,11500000,3,True,Assets\Scripts\Assembly-CSharp\WaypointLogic.cs.meta
Assets\Scenes\Tracks\Fish Hooks Track 1.unity,e996a18e58747bf538b26a7d9874aed9,11500000,3,True,Assets\Scripts\Assembly-CSharp\WaypointLogic.cs.meta
Assets\Scenes\Tracks\Fish Hooks Track 1.unity,540d7059364354e249f259edfef5d69a,11500000,3,True,Assets\Scripts\Assembly-CSharp\SpeedPoint.cs.meta
Assets\Scenes\Tracks\Fish Hooks Track 1.unity,84dedd87b078241ae96d152250730014,11500000,3,True,Assets\Plugins\Assembly-CSharp-firstpass\UghSprite.cs.meta
Assets\Scenes\Tracks\Fish Hooks Track 1.unity,540d7059364354e249f259edfef5d69a,11500000,3,True,Assets\Scripts\Assembly-CSharp\SpeedPoint.cs.meta
Assets\Scenes\Tracks\Fish Hooks Track 1.unity,e996a18e58747bf538b26a7d9874aed9,11500000,3,True,Assets\Scripts\Assembly-CSharp\WaypointLogic.cs.meta
Assets\Scenes\Tracks\Fish Hooks Track 1.unity,e996a18e58747bf538b26a7d9874aed9,11500000,3,True,Assets\Scripts\Assembly-CSharp\WaypointLogic.cs.meta
Assets\Scenes\Tracks\Fish Hooks Track 1.unity,540d7059364354e249f259edfef5d69a,11500000,3,True,Assets\Scripts\Assembly-CSharp\SpeedPoint.cs.meta
Assets\Scenes\Tracks\Fish Hooks Track 1.unity,e996a18e58747bf538b26a7d9874aed9,11500000,3,True,Assets\Scripts\Assembly-CSharp\WaypointLogic.cs.meta
Assets\Scenes\Tracks\Fish Hooks Track 1.unity,b88ab20c864889e81141f2df8a116b5b,11500000,3,True,Assets\Plugins\Assembly-CSharp-firstpass\UghText.cs.meta
Assets\Scenes\Tracks\Fish Hooks Track 1.unity,540d7059364354e249f259edfef5d69a,11500000,3,True,Assets\Scripts\Assembly-CSharp\SpeedPoint.cs.meta
Assets\Scenes\Tracks\Fish Hooks Track 1.unity,94873483e708f4fa4a57b3033bbbcc5d,11500000,3,True,Assets\Scripts\Assembly-CSharp\AnimatedTexture.cs.meta
Assets\Scenes\Tracks\Fish Hooks Track 1.unity,0b15208c8a5ae7ff1660a3585ad68237,11500000,3,True,Assets\Scripts\Assembly-CSharp\TerrainEffectTrigger.cs.meta
Assets\Scenes\Tracks\Fish Hooks Track 1.unity,71c30d28ad73b040f6e74d951b378742,11500000,3,True,Assets\Scripts\Assembly-CSharp\ObjectTrackDistanceLogic.cs.meta
Assets\Scenes\Tracks\Fish Hooks Track 1.unity,e996a18e58747bf538b26a7d9874aed9,11500000,3,True,Assets\Scripts\Assembly-CSharp\WaypointLogic.cs.meta
Assets\Scenes\Tracks\Fish Hooks Track 1.unity,540d7059364354e249f259edfef5d69a,11500000,3,True,Assets\Scripts\Assembly-CSharp\SpeedPoint.cs.meta
Assets\Scenes\Tracks\Fish Hooks Track 1.unity,e996a18e58747bf538b26a7d9874aed9,11500000,3,True,Assets\Scripts\Assembly-CSharp\WaypointLogic.cs.meta
Assets\Scenes\Tracks\Fish Hooks Track 1.unity,e996a18e58747bf538b26a7d9874aed9,11500000,3,True,Assets\Scripts\Assembly-CSharp\WaypointLogic.cs.meta
Assets\Scenes\Tracks\Fish Hooks Track 1.unity,84dedd87b078241ae96d152250730014,11500000,3,True,Assets\Plugins\Assembly-CSharp-firstpass\UghSprite.cs.meta
Assets\Scenes\Tracks\Fish Hooks Track 1.unity,8fcdaa4213aa6ec14c06f158bdb5d5ff,11500000,3,True,Assets\Scripts\Assembly-CSharp\LocalizedAssetSwapper.cs.meta
Assets\Scenes\Tracks\Fish Hooks Track 1.unity,e996a18e58747bf538b26a7d9874aed9,11500000,3,True,Assets\Scripts\Assembly-CSharp\WaypointLogic.cs.meta
Assets\Scenes\Tracks\Fish Hooks Track 1.unity,540d7059364354e249f259edfef5d69a,11500000,3,True,Assets\Scripts\Assembly-CSharp\SpeedPoint.cs.meta
Assets\Scenes\Tracks\Fish Hooks Track 1.unity,84dedd87b078241ae96d152250730014,11500000,3,True,Assets\Plugins\Assembly-CSharp-firstpass\UghSprite.cs.meta
Assets\Scenes\Tracks\Fish Hooks Track 1.unity,e996a18e58747bf538b26a7d9874aed9,11500000,3,True,Assets\Scripts\Assembly-CSharp\WaypointLogic.cs.meta
Assets\Scenes\Tracks\Fish Hooks Track 1.unity,e996a18e58747bf538b26a7d9874aed9,11500000,3,True,Assets\Scripts\Assembly-CSharp\WaypointLogic.cs.meta
Assets\Scenes\Tracks\Fish Hooks Track 1.unity,540d7059364354e249f259edfef5d69a,11500000,3,True,Assets\Scripts\Assembly-CSharp\SpeedPoint.cs.meta
Assets\Scenes\Tracks\Fish Hooks Track 1.unity,e996a18e58747bf538b26a7d9874aed9,11500000,3,True,Assets\Scripts\Assembly-CSharp\WaypointLogic.cs.meta
Assets\Scenes\Tracks\Fish Hooks Track 1.unity,540d7059364354e249f259edfef5d69a,11500000,3,True,Assets\Scripts\Assembly-CSharp\SpeedPoint.cs.meta
Assets\Scenes\Tracks\Fish Hooks Track 1.unity,540d7059364354e249f259edfef5d69a,11500000,3,True,Assets\Scripts\Assembly-CSharp\SpeedPoint.cs.meta
Assets\Scenes\Tracks\Fish Hooks Track 1.unity,e996a18e58747bf538b26a7d9874aed9,11500000,3,True,Assets\Scripts\Assembly-CSharp\WaypointLogic.cs.meta
Assets\Scenes\Tracks\Fish Hooks Track 1.unity,540d7059364354e249f259edfef5d69a,11500000,3,True,Assets\Scripts\Assembly-CSharp\SpeedPoint.cs.meta
Assets\Scenes\Tracks\Fish Hooks Track 1.unity,540d7059364354e249f259edfef5d69a,11500000,3,True,Assets\Scripts\Assembly-CSharp\SpeedPoint.cs.meta
Assets\Scenes\Tracks\Fish Hooks Track 1.unity,540d7059364354e249f259edfef5d69a,11500000,3,True,Assets\Scripts\Assembly-CSharp\SpeedPoint.cs.meta
Assets\Scenes\Tracks\Fish Hooks Track 1.unity,540d7059364354e249f259edfef5d69a,11500000,3,True,Assets\Scripts\Assembly-CSharp\SpeedPoint.cs.meta
Assets\Scenes\Tracks\Fish Hooks Track 1.unity,7a1d7e408882e95bdbe76a76d6f51e1c,11500000,3,True,Assets\Plugins\Assembly-CSharp-firstpass\UghButton.cs.meta
Assets\Scenes\Tracks\Fish Hooks Track 1.unity,540d7059364354e249f259edfef5d69a,11500000,3,True,Assets\Scripts\Assembly-CSharp\SpeedPoint.cs.meta
Assets\Scenes\Tracks\Fish Hooks Track 1.unity,80004b78694f1129edd555f7161356a9,11500000,3,True,Assets\Scripts\Assembly-CSharp\PickupSpawner.cs.meta
Assets\Scenes\Tracks\Fish Hooks Track 1.unity,540d7059364354e249f259edfef5d69a,11500000,3,True,Assets\Scripts\Assembly-CSharp\SpeedPoint.cs.meta
Assets\Scenes\Tracks\Fish Hooks Track 1.unity,71c30d28ad73b040f6e74d951b378742,11500000,3,True,Assets\Scripts\Assembly-CSharp\ObjectTrackDistanceLogic.cs.meta
Assets\Scenes\Tracks\Fish Hooks Track 1.unity,54cbe82f1ecc3566dd11401a18f75c23,11500000,3,True,Assets\Scripts\Assembly-CSharp\GuidedJumpTrigger.cs.meta
Assets\Scenes\Tracks\Fish Hooks Track 1.unity,e996a18e58747bf538b26a7d9874aed9,11500000,3,True,Assets\Scripts\Assembly-CSharp\WaypointLogic.cs.meta
Assets\Scenes\Tracks\Fish Hooks Track 1.unity,e996a18e58747bf538b26a7d9874aed9,11500000,3,True,Assets\Scripts\Assembly-CSharp\WaypointLogic.cs.meta
Assets\Scenes\Tracks\Fish Hooks Track 1.unity,540d7059364354e249f259edfef5d69a,11500000,3,True,Assets\Scripts\Assembly-CSharp\SpeedPoint.cs.meta
Assets\Scenes\Tracks\Fish Hooks Track 1.unity,84dedd87b078241ae96d152250730014,11500000,3,True,Assets\Plugins\Assembly-CSharp-firstpass\UghSprite.cs.meta
Assets\Scenes\Tracks\Fish Hooks Track 1.unity,540d7059364354e249f259edfef5d69a,11500000,3,True,Assets\Scripts\Assembly-CSharp\SpeedPoint.cs.meta
Assets\Scenes\Tracks\Fish Hooks Track 1.unity,540d7059364354e249f259edfef5d69a,11500000,3,True,Assets\Scripts\Assembly-CSharp\SpeedPoint.cs.meta
Assets\Scenes\Tracks\Fish Hooks Track 1.unity,540d7059364354e249f259edfef5d69a,11500000,3,True,Assets\Scripts\Assembly-CSharp\SpeedPoint.cs.meta
Assets\Scenes\Tracks\Fish Hooks Track 1.unity,e996a18e58747bf538b26a7d9874aed9,11500000,3,True,Assets\Scripts\Assembly-CSharp\WaypointLogic.cs.meta
Assets\Scenes\Tracks\Fish Hooks Track 1.unity,540d7059364354e249f259edfef5d69a,11500000,3,True,Assets\Scripts\Assembly-CSharp\SpeedPoint.cs.meta
Assets\Scenes\Tracks\Fish Hooks Track 1.unity,540d7059364354e249f259edfef5d69a,11500000,3,True,Assets\Scripts\Assembly-CSharp\SpeedPoint.cs.meta
Assets\Scenes\Tracks\Fish Hooks Track 1.unity,540d7059364354e249f259edfef5d69a,11500000,3,True,Assets\Scripts\Assembly-CSharp\SpeedPoint.cs.meta
Assets\Scenes\Tracks\Fish Hooks Track 1.unity,84dedd87b078241ae96d152250730014,11500000,3,True,Assets\Plugins\Assembly-CSharp-firstpass\UghSprite.cs.meta
Assets\Scenes\Tracks\Fish Hooks Track 1.unity,540d7059364354e249f259edfef5d69a,11500000,3,True,Assets\Scripts\Assembly-CSharp\SpeedPoint.cs.meta
Assets\Scenes\Tracks\Fish Hooks Track 1.unity,5db77d8b07b73380826e12a6a2c9f105,11500000,3,True,Assets\Scripts\Assembly-CSharp\ParticleReducer.cs.meta
Assets\Scenes\Tracks\Fish Hooks Track 1.unity,540d7059364354e249f259edfef5d69a,11500000,3,True,Assets\Scripts\Assembly-CSharp\SpeedPoint.cs.meta
Assets\Scenes\Tracks\Fish Hooks Track 1.unity,e996a18e58747bf538b26a7d9874aed9,11500000,3,True,Assets\Scripts\Assembly-CSharp\WaypointLogic.cs.meta
Assets\Scenes\Tracks\Fish Hooks Track 1.unity,540d7059364354e249f259edfef5d69a,11500000,3,True,Assets\Scripts\Assembly-CSharp\SpeedPoint.cs.meta
Assets\Scenes\Tracks\Fish Hooks Track 1.unity,540d7059364354e249f259edfef5d69a,11500000,3,True,Assets\Scripts\Assembly-CSharp\SpeedPoint.cs.meta
Assets\Scenes\Tracks\Fish Hooks Track 1.unity,e996a18e58747bf538b26a7d9874aed9,11500000,3,True,Assets\Scripts\Assembly-CSharp\WaypointLogic.cs.meta
Assets\Scenes\Tracks\Fish Hooks Track 1.unity,e171dc7613dc84903f6b62f321860d38,11500000,3,True,Assets\Plugins\Assembly-CSharp-firstpass\UghAlign.cs.meta
Assets\Scenes\Tracks\Fish Hooks Track 1.unity,540d7059364354e249f259edfef5d69a,11500000,3,True,Assets\Scripts\Assembly-CSharp\SpeedPoint.cs.meta
Assets\Scenes\Tracks\Fish Hooks Track 1.unity,540d7059364354e249f259edfef5d69a,11500000,3,True,Assets\Scripts\Assembly-CSharp\SpeedPoint.cs.meta
Assets\Scenes\Tracks\Fish Hooks Track 1.unity,e996a18e58747bf538b26a7d9874aed9,11500000,3,True,Assets\Scripts\Assembly-CSharp\WaypointLogic.cs.meta
Assets\Scenes\Tracks\Fish Hooks Track 1.unity,bd6a084f77b1c5536a730558e15b2115,11500000,3,True,Assets\Scripts\Assembly-CSharp\Crab.cs.meta
Assets\Scenes\Tracks\Fish Hooks Track 1.unity,0b15208c8a5ae7ff1660a3585ad68237,11500000,3,True,Assets\Scripts\Assembly-CSharp\TerrainEffectTrigger.cs.meta
Assets\Scenes\Tracks\Fish Hooks Track 1.unity,e996a18e58747bf538b26a7d9874aed9,11500000,3,True,Assets\Scripts\Assembly-CSharp\WaypointLogic.cs.meta
Assets\Scenes\Tracks\Fish Hooks Track 1.unity,7a1d7e408882e95bdbe76a76d6f51e1c,11500000,3,True,Assets\Plugins\Assembly-CSharp-firstpass\UghButton.cs.meta
Assets\Scenes\Tracks\Fish Hooks Track 1.unity,e996a18e58747bf538b26a7d9874aed9,11500000,3,True,Assets\Scripts\Assembly-CSharp\WaypointLogic.cs.meta
Assets\Scenes\Tracks\Fish Hooks Track 1.unity,80004b78694f1129edd555f7161356a9,11500000,3,True,Assets\Scripts\Assembly-CSharp\PickupSpawner.cs.meta
Assets\Scenes\Tracks\Fish Hooks Track 1.unity,84dedd87b078241ae96d152250730014,11500000,3,True,Assets\Plugins\Assembly-CSharp-firstpass\UghSprite.cs.meta
Assets\Scenes\Tracks\Fish Hooks Track 1.unity,e996a18e58747bf538b26a7d9874aed9,11500000,3,True,Assets\Scripts\Assembly-CSharp\WaypointLogic.cs.meta
Assets\Scenes\Tracks\Fish Hooks Track 1.unity,e996a18e58747bf538b26a7d9874aed9,11500000,3,True,Assets\Scripts\Assembly-CSharp\WaypointLogic.cs.meta
Assets\Scenes\Tracks\Fish Hooks Track 1.unity,540d7059364354e249f259edfef5d69a,11500000,3,True,Assets\Scripts\Assembly-CSharp\SpeedPoint.cs.meta
Assets\Scenes\Tracks\Fish Hooks Track 1.unity,e996a18e58747bf538b26a7d9874aed9,11500000,3,True,Assets\Scripts\Assembly-CSharp\WaypointLogic.cs.meta
Assets\Scenes\Tracks\Fish Hooks Track 1.unity,e996a18e58747bf538b26a7d9874aed9,11500000,3,True,Assets\Scripts\Assembly-CSharp\WaypointLogic.cs.meta
Assets\Scenes\Tracks\Fish Hooks Track 1.unity,e996a18e58747bf538b26a7d9874aed9,11500000,3,True,Assets\Scripts\Assembly-CSharp\WaypointLogic.cs.meta
Assets\Scenes\Tracks\Fish Hooks Track 1.unity,e996a18e58747bf538b26a7d9874aed9,11500000,3,True,Assets\Scripts\Assembly-CSharp\WaypointLogic.cs.meta
Assets\Scenes\Tracks\Fish Hooks Track 1.unity,e996a18e58747bf538b26a7d9874aed9,11500000,3,True,Assets\Scripts\Assembly-CSharp\WaypointLogic.cs.meta
Assets\Scenes\Tracks\Fish Hooks Track 1.unity,540d7059364354e249f259edfef5d69a,11500000,3,True,Assets\Scripts\Assembly-CSharp\SpeedPoint.cs.meta
Assets\Scenes\Tracks\Fish Hooks Track 1.unity,71c30d28ad73b040f6e74d951b378742,11500000,3,True,Assets\Scripts\Assembly-CSharp\ObjectTrackDistanceLogic.cs.meta
Assets\Scenes\Tracks\Fish Hooks Track 1.unity,0b15208c8a5ae7ff1660a3585ad68237,11500000,3,True,Assets\Scripts\Assembly-CSharp\TerrainEffectTrigger.cs.meta
Assets\Scenes\Tracks\Fish Hooks Track 1.unity,94873483e708f4fa4a57b3033bbbcc5d,11500000,3,True,Assets\Scripts\Assembly-CSharp\AnimatedTexture.cs.meta
Assets\Scenes\Tracks\Fish Hooks Track 1.unity,e996a18e58747bf538b26a7d9874aed9,11500000,3,True,Assets\Scripts\Assembly-CSharp\WaypointLogic.cs.meta
Assets\Scenes\Tracks\Fish Hooks Track 1.unity,80004b78694f1129edd555f7161356a9,11500000,3,True,Assets\Scripts\Assembly-CSharp\PickupSpawner.cs.meta
Assets\Scenes\Tracks\Fish Hooks Track 1.unity,e996a18e58747bf538b26a7d9874aed9,11500000,3,True,Assets\Scripts\Assembly-CSharp\WaypointLogic.cs.meta
Assets\Scenes\Tracks\Fish Hooks Track 1.unity,e996a18e58747bf538b26a7d9874aed9,11500000,3,True,Assets\Scripts\Assembly-CSharp\WaypointLogic.cs.meta
Assets\Scenes\Tracks\Fish Hooks Track 1.unity,540d7059364354e249f259edfef5d69a,11500000,3,True,Assets\Scripts\Assembly-CSharp\SpeedPoint.cs.meta
Assets\Scenes\Tracks\Fish Hooks Track 1.unity,9b4892a27c501fc32d10289e8a2709d7,11500000,3,True,Assets\Scripts\Assembly-CSharp\CoinPoint.cs.meta
Assets\Scenes\Tracks\Fish Hooks Track 1.unity,540d7059364354e249f259edfef5d69a,11500000,3,True,Assets\Scripts\Assembly-CSharp\SpeedPoint.cs.meta
Assets\Scenes\Tracks\Fish Hooks Track 1.unity,540d7059364354e249f259edfef5d69a,11500000,3,True,Assets\Scripts\Assembly-CSharp\SpeedPoint.cs.meta
Assets\Scenes\Tracks\Fish Hooks Track 1.unity,540d7059364354e249f259edfef5d69a,11500000,3,True,Assets\Scripts\Assembly-CSharp\SpeedPoint.cs.meta
Assets\Scenes\Tracks\Fish Hooks Track 1.unity,e996a18e58747bf538b26a7d9874aed9,11500000,3,True,Assets\Scripts\Assembly-CSharp\WaypointLogic.cs.meta
Assets\Scenes\Tracks\Fish Hooks Track 1.unity,540d7059364354e249f259edfef5d69a,11500000,3,True,Assets\Scripts\Assembly-CSharp\SpeedPoint.cs.meta
Assets\Scenes\Tracks\Fish Hooks Track 1.unity,e996a18e58747bf538b26a7d9874aed9,11500000,3,True,Assets\Scripts\Assembly-CSharp\WaypointLogic.cs.meta
Assets\Scenes\Tracks\Fish Hooks Track 1.unity,a5927ab13b8fd57ed5089057e948c6a8,11500000,3,True,Assets\Scripts\Assembly-CSharp\ProgressTriggerLogic.cs.meta
Assets\Scenes\Tracks\Fish Hooks Track 1.unity,540d7059364354e249f259edfef5d69a,11500000,3,True,Assets\Scripts\Assembly-CSharp\SpeedPoint.cs.meta
Assets\Scenes\Tracks\Fish Hooks Track 1.unity,e171dc7613dc84903f6b62f321860d38,11500000,3,True,Assets\Plugins\Assembly-CSharp-firstpass\UghAlign.cs.meta
Assets\Scenes\Tracks\Fish Hooks Track 1.unity,e996a18e58747bf538b26a7d9874aed9,11500000,3,True,Assets\Scripts\Assembly-CSharp\WaypointLogic.cs.meta
Assets\Scenes\Tracks\Fish Hooks Track 1.unity,e996a18e58747bf538b26a7d9874aed9,11500000,3,True,Assets\Scripts\Assembly-CSharp\WaypointLogic.cs.meta
Assets\Scenes\Tracks\Fish Hooks Track 1.unity,a5927ab13b8fd57ed5089057e948c6a8,11500000,3,True,Assets\Scripts\Assembly-CSharp\ProgressTriggerLogic.cs.meta
Assets\Scenes\Tracks\Fish Hooks Track 1.unity,e996a18e58747bf538b26a7d9874aed9,11500000,3,True,Assets\Scripts\Assembly-CSharp\WaypointLogic.cs.meta
Assets\Scenes\Tracks\Fish Hooks Track 1.unity,48302b94d9e9b333d75a5f574a6bcedf,11500000,3,True,Assets\Scripts\Assembly-CSharp\PreRaceCamera.cs.meta
Assets\Scenes\Tracks\Fish Hooks Track 1.unity,e996a18e58747bf538b26a7d9874aed9,11500000,3,True,Assets\Scripts\Assembly-CSharp\WaypointLogic.cs.meta
Assets\Scenes\Tracks\Fish Hooks Track 1.unity,540d7059364354e249f259edfef5d69a,11500000,3,True,Assets\Scripts\Assembly-CSharp\SpeedPoint.cs.meta
Assets\Scenes\Tracks\Fish Hooks Track 1.unity,e996a18e58747bf538b26a7d9874aed9,11500000,3,True,Assets\Scripts\Assembly-CSharp\WaypointLogic.cs.meta
Assets\Scenes\Tracks\Fish Hooks Track 1.unity,246f7afd4c00a9e3e9edfd9f644012c9,11500000,3,True,Assets\Scripts\Assembly-CSharp\DebugTrackStrapper.cs.meta
Assets\Scenes\Tracks\Fish Hooks Track 1.unity,e996a18e58747bf538b26a7d9874aed9,11500000,3,True,Assets\Scripts\Assembly-CSharp\WaypointLogic.cs.meta
Assets\Scenes\Tracks\Fish Hooks Track 1.unity,e996a18e58747bf538b26a7d9874aed9,11500000,3,True,Assets\Scripts\Assembly-CSharp\WaypointLogic.cs.meta
Assets\Scenes\Tracks\Fish Hooks Track 1.unity,e996a18e58747bf538b26a7d9874aed9,11500000,3,True,Assets\Scripts\Assembly-CSharp\WaypointLogic.cs.meta
Assets\Scenes\Tracks\Fish Hooks Track 1.unity,540d7059364354e249f259edfef5d69a,11500000,3,True,Assets\Scripts\Assembly-CSharp\SpeedPoint.cs.meta
Assets\Scenes\Tracks\Fish Hooks Track 1.unity,540d7059364354e249f259edfef5d69a,11500000,3,True,Assets\Scripts\Assembly-CSharp\SpeedPoint.cs.meta
Assets\Scenes\Tracks\Fish Hooks Track 1.unity,540d7059364354e249f259edfef5d69a,11500000,3,True,Assets\Scripts\Assembly-CSharp\SpeedPoint.cs.meta
Assets\Scenes\Tracks\Fish Hooks Track 1.unity,e996a18e58747bf538b26a7d9874aed9,11500000,3,True,Assets\Scripts\Assembly-CSharp\WaypointLogic.cs.meta
Assets\Scenes\Tracks\Fish Hooks Track 1.unity,e996a18e58747bf538b26a7d9874aed9,11500000,3,True,Assets\Scripts\Assembly-CSharp\WaypointLogic.cs.meta
Assets\Scenes\Tracks\Fish Hooks Track 1.unity,71c30d28ad73b040f6e74d951b378742,11500000,3,True,Assets\Scripts\Assembly-CSharp\ObjectTrackDistanceLogic.cs.meta
Assets\Scenes\Tracks\Fish Hooks Track 1.unity,0b15208c8a5ae7ff1660a3585ad68237,11500000,3,True,Assets\Scripts\Assembly-CSharp\TerrainEffectTrigger.cs.meta
Assets\Scenes\Tracks\Fish Hooks Track 1.unity,94873483e708f4fa4a57b3033bbbcc5d,11500000,3,True,Assets\Scripts\Assembly-CSharp\AnimatedTexture.cs.meta
Assets\Scenes\Tracks\Fish Hooks Track 1.unity,540d7059364354e249f259edfef5d69a,11500000,3,True,Assets\Scripts\Assembly-CSharp\SpeedPoint.cs.meta
Assets\Scenes\Tracks\Fish Hooks Track 1.unity,540d7059364354e249f259edfef5d69a,11500000,3,True,Assets\Scripts\Assembly-CSharp\SpeedPoint.cs.meta
Assets\Scenes\Tracks\Fish Hooks Track 1.unity,540d7059364354e249f259edfef5d69a,11500000,3,True,Assets\Scripts\Assembly-CSharp\SpeedPoint.cs.meta
Assets\Scenes\Tracks\Fish Hooks Track 1.unity,e996a18e58747bf538b26a7d9874aed9,11500000,3,True,Assets\Scripts\Assembly-CSharp\WaypointLogic.cs.meta
Assets\Scenes\Tracks\Fish Hooks Track 1.unity,e996a18e58747bf538b26a7d9874aed9,11500000,3,True,Assets\Scripts\Assembly-CSharp\WaypointLogic.cs.meta
Assets\Scenes\Tracks\Fish Hooks Track 1.unity,84dedd87b078241ae96d152250730014,11500000,3,True,Assets\Plugins\Assembly-CSharp-firstpass\UghSprite.cs.meta
Assets\Scenes\Tracks\Fish Hooks Track 1.unity,e996a18e58747bf538b26a7d9874aed9,11500000,3,True,Assets\Scripts\Assembly-CSharp\WaypointLogic.cs.meta
Assets\Scenes\Tracks\Fish Hooks Track 1.unity,94873483e708f4fa4a57b3033bbbcc5d,11500000,3,True,Assets\Scripts\Assembly-CSharp\AnimatedTexture.cs.meta
Assets\Scenes\Tracks\Fish Hooks Track 1.unity,0b15208c8a5ae7ff1660a3585ad68237,11500000,3,True,Assets\Scripts\Assembly-CSharp\TerrainEffectTrigger.cs.meta
Assets\Scenes\Tracks\Fish Hooks Track 1.unity,71c30d28ad73b040f6e74d951b378742,11500000,3,True,Assets\Scripts\Assembly-CSharp\ObjectTrackDistanceLogic.cs.meta
Assets\Scenes\Tracks\Fish Hooks Track 1.unity,e996a18e58747bf538b26a7d9874aed9,11500000,3,True,Assets\Scripts\Assembly-CSharp\WaypointLogic.cs.meta
Assets\Scenes\Tracks\Fish Hooks Track 1.unity,94873483e708f4fa4a57b3033bbbcc5d,11500000,3,True,Assets\Scripts\Assembly-CSharp\AnimatedTexture.cs.meta
Assets\Scenes\Tracks\Fish Hooks Track 1.unity,0b15208c8a5ae7ff1660a3585ad68237,11500000,3,True,Assets\Scripts\Assembly-CSharp\TerrainEffectTrigger.cs.meta
Assets\Scenes\Tracks\Fish Hooks Track 1.unity,71c30d28ad73b040f6e74d951b378742,11500000,3,True,Assets\Scripts\Assembly-CSharp\ObjectTrackDistanceLogic.cs.meta
Assets\Scenes\Tracks\Fish Hooks Track 1.unity,e996a18e58747bf538b26a7d9874aed9,11500000,3,True,Assets\Scripts\Assembly-CSharp\WaypointLogic.cs.meta
Assets\Scenes\Tracks\Fish Hooks Track 1.unity,540d7059364354e249f259edfef5d69a,11500000,3,True,Assets\Scripts\Assembly-CSharp\SpeedPoint.cs.meta
Assets\Scenes\Tracks\Fish Hooks Track 1.unity,e996a18e58747bf538b26a7d9874aed9,11500000,3,True,Assets\Scripts\Assembly-CSharp\WaypointLogic.cs.meta
Assets\Scenes\Tracks\Fish Hooks Track 1.unity,e996a18e58747bf538b26a7d9874aed9,11500000,3,True,Assets\Scripts\Assembly-CSharp\WaypointLogic.cs.meta
Assets\Scenes\Tracks\Fish Hooks Track 1.unity,540d7059364354e249f259edfef5d69a,11500000,3,True,Assets\Scripts\Assembly-CSharp\SpeedPoint.cs.meta
Assets\Scenes\Tracks\Fish Hooks Track 1.unity,e996a18e58747bf538b26a7d9874aed9,11500000,3,True,Assets\Scripts\Assembly-CSharp\WaypointLogic.cs.meta
Assets\Scenes\Tracks\Fish Hooks Track 1.unity,e996a18e58747bf538b26a7d9874aed9,11500000,3,True,Assets\Scripts\Assembly-CSharp\WaypointLogic.cs.meta
Assets\Scenes\Tracks\Fish Hooks Track 1.unity,540d7059364354e249f259edfef5d69a,11500000,3,True,Assets\Scripts\Assembly-CSharp\SpeedPoint.cs.meta
Assets\Scenes\Tracks\Fish Hooks Track 1.unity,054475368ac70ce39f51fab67e0d6080,11500000,3,True,Assets\Scripts\Assembly-CSharp\ReverseButton.cs.meta
Assets\Scenes\Tracks\Fish Hooks Track 1.unity,e996a18e58747bf538b26a7d9874aed9,11500000,3,True,Assets\Scripts\Assembly-CSharp\WaypointLogic.cs.meta
Assets\Scenes\Tracks\Fish Hooks Track 1.unity,e996a18e58747bf538b26a7d9874aed9,11500000,3,True,Assets\Scripts\Assembly-CSharp\WaypointLogic.cs.meta
Assets\Scenes\Tracks\Fish Hooks Track 1.unity,540d7059364354e249f259edfef5d69a,11500000,3,True,Assets\Scripts\Assembly-CSharp\SpeedPoint.cs.meta
Assets\Scenes\Tracks\Fish Hooks Track 1.unity,540d7059364354e249f259edfef5d69a,11500000,3,True,Assets\Scripts\Assembly-CSharp\SpeedPoint.cs.meta
Assets\Scenes\Tracks\Fish Hooks Track 1.unity,540d7059364354e249f259edfef5d69a,11500000,3,True,Assets\Scripts\Assembly-CSharp\SpeedPoint.cs.meta
Assets\Scenes\Tracks\Fish Hooks Track 1.unity,e996a18e58747bf538b26a7d9874aed9,11500000,3,True,Assets\Scripts\Assembly-CSharp\WaypointLogic.cs.meta
Assets\Scenes\Tracks\Fish Hooks Track 1.unity,80004b78694f1129edd555f7161356a9,11500000,3,True,Assets\Scripts\Assembly-CSharp\PickupSpawner.cs.meta
Assets\Scenes\Tracks\Fish Hooks Track 1.unity,540d7059364354e249f259edfef5d69a,11500000,3,True,Assets\Scripts\Assembly-CSharp\SpeedPoint.cs.meta
Assets\Scenes\Tracks\Fish Hooks Track 1.unity,b88ab20c864889e81141f2df8a116b5b,11500000,3,True,Assets\Plugins\Assembly-CSharp-firstpass\UghText.cs.meta
Assets\Scenes\Tracks\Fish Hooks Track 1.unity,222969e5f509aca8e5d482c6c17f2a47,11500000,3,True,Assets\Scripts\Assembly-CSharp\HUDLogic.cs.meta
Assets\Scenes\Tracks\Fish Hooks Track 1.unity,540d7059364354e249f259edfef5d69a,11500000,3,True,Assets\Scripts\Assembly-CSharp\SpeedPoint.cs.meta
Assets\Scenes\Tracks\Fish Hooks Track 1.unity,e996a18e58747bf538b26a7d9874aed9,11500000,3,True,Assets\Scripts\Assembly-CSharp\WaypointLogic.cs.meta
Assets\Scenes\Tracks\Fish Hooks Track 1.unity,80004b78694f1129edd555f7161356a9,11500000,3,True,Assets\Scripts\Assembly-CSharp\PickupSpawner.cs.meta
Assets\Scenes\Tracks\Fish Hooks Track 1.unity,e996a18e58747bf538b26a7d9874aed9,11500000,3,True,Assets\Scripts\Assembly-CSharp\WaypointLogic.cs.meta
Assets\Scenes\Tracks\Fish Hooks Track 1.unity,c67f46bd4e340aa7f64a8e2ae3c03a27,11500000,3,True,Assets\Scripts\Assembly-CSharp\ResetTrigger.cs.meta
Assets\Scenes\Tracks\Fish Hooks Track 1.unity,e996a18e58747bf538b26a7d9874aed9,11500000,3,True,Assets\Scripts\Assembly-CSharp\WaypointLogic.cs.meta
Assets\Scenes\Tracks\Fish Hooks Track 1.unity,84dedd87b078241ae96d152250730014,11500000,3,True,Assets\Plugins\Assembly-CSharp-firstpass\UghSprite.cs.meta
Assets\Scenes\Tracks\Fish Hooks Track 1.unity,e996a18e58747bf538b26a7d9874aed9,11500000,3,True,Assets\Scripts\Assembly-CSharp\WaypointLogic.cs.meta
Assets\Scenes\Tracks\Fish Hooks Track 1.unity,540d7059364354e249f259edfef5d69a,11500000,3,True,Assets\Scripts\Assembly-CSharp\SpeedPoint.cs.meta
Assets\Scenes\Tracks\Fish Hooks Track 1.unity,540d7059364354e249f259edfef5d69a,11500000,3,True,Assets\Scripts\Assembly-CSharp\SpeedPoint.cs.meta
Assets\Scenes\Tracks\Fish Hooks Track 1.unity,1cff782887bca1dc3656f766b611ef5f,11500000,3,True,Assets\Scripts\Assembly-CSharp\BasketBall.cs.meta
Assets\Scenes\Tracks\Fish Hooks Track 1.unity,68160b5b26b0f1eab73a836a60fa3fb2,11500000,3,True,Assets\Scripts\Assembly-CSharp\SoundSequencer.cs.meta
Assets\Scenes\Tracks\Fish Hooks Track 1.unity,71c30d28ad73b040f6e74d951b378742,11500000,3,True,Assets\Scripts\Assembly-CSharp\ObjectTrackDistanceLogic.cs.meta
Assets\Scenes\Tracks\Fish Hooks Track 1.unity,0b15208c8a5ae7ff1660a3585ad68237,11500000,3,True,Assets\Scripts\Assembly-CSharp\TerrainEffectTrigger.cs.meta
Assets\Scenes\Tracks\Fish Hooks Track 1.unity,94873483e708f4fa4a57b3033bbbcc5d,11500000,3,True,Assets\Scripts\Assembly-CSharp\AnimatedTexture.cs.meta
Assets\Scenes\Tracks\Fish Hooks Track 1.unity,2d217cf7310cb33e8ef103f1af340700,11500000,3,True,Assets\Scripts\Assembly-CSharp\BlipTrackPublisher.cs.meta
Assets\Scenes\Tracks\Fish Hooks Track 1.unity,e171dc7613dc84903f6b62f321860d38,11500000,3,True,Assets\Plugins\Assembly-CSharp-firstpass\UghAlign.cs.meta
Assets\Scenes\Tracks\Fish Hooks Track 1.unity,5db77d8b07b73380826e12a6a2c9f105,11500000,3,True,Assets\Scripts\Assembly-CSharp\ParticleReducer.cs.meta
Assets\Scenes\Tracks\Fish Hooks Track 1.unity,540d7059364354e249f259edfef5d69a,11500000,3,True,Assets\Scripts\Assembly-CSharp\SpeedPoint.cs.meta
Assets\Scenes\Tracks\Fish Hooks Track 1.unity,540d7059364354e249f259edfef5d69a,11500000,3,True,Assets\Scripts\Assembly-CSharp\SpeedPoint.cs.meta
Assets\Scenes\Tracks\Fish Hooks Track 1.unity,540d7059364354e249f259edfef5d69a,11500000,3,True,Assets\Scripts\Assembly-CSharp\SpeedPoint.cs.meta
Assets\Scenes\Tracks\Fish Hooks Track 1.unity,540d7059364354e249f259edfef5d69a,11500000,3,True,Assets\Scripts\Assembly-CSharp\SpeedPoint.cs.meta
Assets\Scenes\Tracks\Fish Hooks Track 1.unity,e996a18e58747bf538b26a7d9874aed9,11500000,3,True,Assets\Scripts\Assembly-CSharp\WaypointLogic.cs.meta
Assets\Scenes\Tracks\Fish Hooks Track 1.unity,94873483e708f4fa4a57b3033bbbcc5d,11500000,3,True,Assets\Scripts\Assembly-CSharp\AnimatedTexture.cs.meta
Assets\Scenes\Tracks\Fish Hooks Track 1.unity,0b15208c8a5ae7ff1660a3585ad68237,11500000,3,True,Assets\Scripts\Assembly-CSharp\TerrainEffectTrigger.cs.meta
Assets\Scenes\Tracks\Fish Hooks Track 1.unity,71c30d28ad73b040f6e74d951b378742,11500000,3,True,Assets\Scripts\Assembly-CSharp\ObjectTrackDistanceLogic.cs.meta
Assets\Scenes\Tracks\Fish Hooks Track 1.unity,e996a18e58747bf538b26a7d9874aed9,11500000,3,True,Assets\Scripts\Assembly-CSharp\WaypointLogic.cs.meta
Assets\Scenes\Tracks\Fish Hooks Track 1.unity,540d7059364354e249f259edfef5d69a,11500000,3,True,Assets\Scripts\Assembly-CSharp\SpeedPoint.cs.meta
Assets\Scenes\Tracks\Fish Hooks Track 1.unity,e996a18e58747bf538b26a7d9874aed9,11500000,3,True,Assets\Scripts\Assembly-CSharp\WaypointLogic.cs.meta
Assets\Scenes\Tracks\Fish Hooks Track 1.unity,e996a18e58747bf538b26a7d9874aed9,11500000,3,True,Assets\Scripts\Assembly-CSharp\WaypointLogic.cs.meta
Assets\Scenes\Tracks\Fish Hooks Track 1.unity,e996a18e58747bf538b26a7d9874aed9,11500000,3,True,Assets\Scripts\Assembly-CSharp\WaypointLogic.cs.meta
Assets\Scenes\Tracks\Fish Hooks Track 1.unity,b88ab20c864889e81141f2df8a116b5b,11500000,3,True,Assets\Plugins\Assembly-CSharp-firstpass\UghText.cs.meta
Assets\Scenes\Tracks\Fish Hooks Track 1.unity,a5927ab13b8fd57ed5089057e948c6a8,11500000,3,True,Assets\Scripts\Assembly-CSharp\ProgressTriggerLogic.cs.meta
Assets\Scenes\Tracks\Fish Hooks Track 1.unity,540d7059364354e249f259edfef5d69a,11500000,3,True,Assets\Scripts\Assembly-CSharp\SpeedPoint.cs.meta
Assets\Scenes\Tracks\Fish Hooks Track 1.unity,540d7059364354e249f259edfef5d69a,11500000,3,True,Assets\Scripts\Assembly-CSharp\SpeedPoint.cs.meta
Assets\Scenes\Tracks\Fish Hooks Track 1.unity,e996a18e58747bf538b26a7d9874aed9,11500000,3,True,Assets\Scripts\Assembly-CSharp\WaypointLogic.cs.meta
Assets\Scenes\Tracks\Fish Hooks Track 1.unity,9b4892a27c501fc32d10289e8a2709d7,11500000,3,True,Assets\Scripts\Assembly-CSharp\CoinPoint.cs.meta
Assets\Scenes\Tracks\Fish Hooks Track 1.unity,c67f46bd4e340aa7f64a8e2ae3c03a27,11500000,3,True,Assets\Scripts\Assembly-CSharp\ResetTrigger.cs.meta
Assets\Scenes\Tracks\Fish Hooks Track 1.unity,897af2fedee1dbc8742a968fb3f7e962,11500000,3,True,Assets\Scripts\Assembly-CSharp\RaceManager.cs.meta
Assets\Scenes\Tracks\Fish Hooks Track 1.unity,540d7059364354e249f259edfef5d69a,11500000,3,True,Assets\Scripts\Assembly-CSharp\SpeedPoint.cs.meta
Assets\Scenes\Tracks\Fish Hooks Track 1.unity,e996a18e58747bf538b26a7d9874aed9,11500000,3,True,Assets\Scripts\Assembly-CSharp\WaypointLogic.cs.meta
Assets\Scenes\Tracks\Fish Hooks Track 1.unity,94873483e708f4fa4a57b3033bbbcc5d,11500000,3,True,Assets\Scripts\Assembly-CSharp\AnimatedTexture.cs.meta
Assets\Scenes\Tracks\Fish Hooks Track 1.unity,0b15208c8a5ae7ff1660a3585ad68237,11500000,3,True,Assets\Scripts\Assembly-CSharp\TerrainEffectTrigger.cs.meta
Assets\Scenes\Tracks\Fish Hooks Track 1.unity,71c30d28ad73b040f6e74d951b378742,11500000,3,True,Assets\Scripts\Assembly-CSharp\ObjectTrackDistanceLogic.cs.meta
Assets\Scenes\Tracks\Fish Hooks Track 1.unity,e996a18e58747bf538b26a7d9874aed9,11500000,3,True,Assets\Scripts\Assembly-CSharp\WaypointLogic.cs.meta
Assets\Scenes\Tracks\Fish Hooks Track 1.unity,540d7059364354e249f259edfef5d69a,11500000,3,True,Assets\Scripts\Assembly-CSharp\SpeedPoint.cs.meta
Assets\Scenes\Tracks\Fish Hooks Track 1.unity,540d7059364354e249f259edfef5d69a,11500000,3,True,Assets\Scripts\Assembly-CSharp\SpeedPoint.cs.meta
Assets\Scenes\Tracks\Fish Hooks Track 1.unity,540d7059364354e249f259edfef5d69a,11500000,3,True,Assets\Scripts\Assembly-CSharp\SpeedPoint.cs.meta
Assets\Scenes\Tracks\Fish Hooks Track 1.unity,540d7059364354e249f259edfef5d69a,11500000,3,True,Assets\Scripts\Assembly-CSharp\SpeedPoint.cs.meta
Assets\Scenes\Tracks\Fish Hooks Track 1.unity,d023be04c46e426c31d87f45651d35dd,11500000,3,True,Assets\Plugins\Assembly-CSharp-firstpass\UghInput.cs.meta
Assets\Scenes\Tracks\Fish Hooks Track 1.unity,c67f46bd4e340aa7f64a8e2ae3c03a27,11500000,3,True,Assets\Scripts\Assembly-CSharp\ResetTrigger.cs.meta
Assets\Scenes\Tracks\Fish Hooks Track 1.unity,540d7059364354e249f259edfef5d69a,11500000,3,True,Assets\Scripts\Assembly-CSharp\SpeedPoint.cs.meta
Assets\Scenes\Tracks\Fish Hooks Track 1.unity,1cff782887bca1dc3656f766b611ef5f,11500000,3,True,Assets\Scripts\Assembly-CSharp\BasketBall.cs.meta
Assets\Scenes\Tracks\Fish Hooks Track 1.unity,68160b5b26b0f1eab73a836a60fa3fb2,11500000,3,True,Assets\Scripts\Assembly-CSharp\SoundSequencer.cs.meta
Assets\Scenes\Tracks\Fish Hooks Track 1.unity,540d7059364354e249f259edfef5d69a,11500000,3,True,Assets\Scripts\Assembly-CSharp\SpeedPoint.cs.meta
Assets\Scenes\Tracks\Fish Hooks Track 1.unity,acaf138463e14d81a04866c56f233523,11500000,3,True,Assets\Scripts\Assembly-CSharp\DriftButton.cs.meta
Assets\Scenes\Tracks\Fish Hooks Track 1.unity,80004b78694f1129edd555f7161356a9,11500000,3,True,Assets\Scripts\Assembly-CSharp\PickupSpawner.cs.meta
Assets\Scenes\Tracks\Fish Hooks Track 1.unity,540d7059364354e249f259edfef5d69a,11500000,3,True,Assets\Scripts\Assembly-CSharp\SpeedPoint.cs.meta
Assets\Scenes\Tracks\Fish Hooks Track 1.unity,540d7059364354e249f259edfef5d69a,11500000,3,True,Assets\Scripts\Assembly-CSharp\SpeedPoint.cs.meta
Assets\Scenes\Tracks\Fish Hooks Track 1.unity,540d7059364354e249f259edfef5d69a,11500000,3,True,Assets\Scripts\Assembly-CSharp\SpeedPoint.cs.meta
Assets\Scenes\Tracks\Fish Hooks Track 1.unity,e996a18e58747bf538b26a7d9874aed9,11500000,3,True,Assets\Scripts\Assembly-CSharp\WaypointLogic.cs.meta
Assets\Scenes\Tracks\Fish Hooks Track 1.unity,e996a18e58747bf538b26a7d9874aed9,11500000,3,True,Assets\Scripts\Assembly-CSharp\WaypointLogic.cs.meta
Assets\Scenes\Tracks\Fish Hooks Track 1.unity,e996a18e58747bf538b26a7d9874aed9,11500000,3,True,Assets\Scripts\Assembly-CSharp\WaypointLogic.cs.meta
Assets\Scenes\Tracks\Fish Hooks Track 1.unity,540d7059364354e249f259edfef5d69a,11500000,3,True,Assets\Scripts\Assembly-CSharp\SpeedPoint.cs.meta
Assets\Scenes\Tracks\Fish Hooks Track 1.unity,540d7059364354e249f259edfef5d69a,11500000,3,True,Assets\Scripts\Assembly-CSharp\SpeedPoint.cs.meta
Assets\Scenes\Tracks\Fish Hooks Track 1.unity,540d7059364354e249f259edfef5d69a,11500000,3,True,Assets\Scripts\Assembly-CSharp\SpeedPoint.cs.meta
Assets\Scenes\Tracks\Fish Hooks Track 1.unity,94873483e708f4fa4a57b3033bbbcc5d,11500000,3,True,Assets\Scripts\Assembly-CSharp\AnimatedTexture.cs.meta
Assets\Scenes\Tracks\Fish Hooks Track 1.unity,0b15208c8a5ae7ff1660a3585ad68237,11500000,3,True,Assets\Scripts\Assembly-CSharp\TerrainEffectTrigger.cs.meta
Assets\Scenes\Tracks\Fish Hooks Track 1.unity,71c30d28ad73b040f6e74d951b378742,11500000,3,True,Assets\Scripts\Assembly-CSharp\ObjectTrackDistanceLogic.cs.meta
Assets\Scenes\Tracks\Fish Hooks Track 1.unity,9b4892a27c501fc32d10289e8a2709d7,11500000,3,True,Assets\Scripts\Assembly-CSharp\CoinPoint.cs.meta
Assets\Scenes\Tracks\Fish Hooks Track 1.unity,b88ab20c864889e81141f2df8a116b5b,11500000,3,True,Assets\Plugins\Assembly-CSharp-firstpass\UghText.cs.meta
Assets\Scenes\Tracks\Fish Hooks Track 1.unity,e996a18e58747bf538b26a7d9874aed9,11500000,3,True,Assets\Scripts\Assembly-CSharp\WaypointLogic.cs.meta
Assets\Scenes\Tracks\Fish Hooks Track 1.unity,540d7059364354e249f259edfef5d69a,11500000,3,True,Assets\Scripts\Assembly-CSharp\SpeedPoint.cs.meta
Assets\Scenes\Tracks\Fish Hooks Track 1.unity,540d7059364354e249f259edfef5d69a,11500000,3,True,Assets\Scripts\Assembly-CSharp\SpeedPoint.cs.meta
Assets\Scenes\Tracks\Fish Hooks Track 1.unity,540d7059364354e249f259edfef5d69a,11500000,3,True,Assets\Scripts\Assembly-CSharp\SpeedPoint.cs.meta
Assets\Scenes\Tracks\Fish Hooks Track 1.unity,540d7059364354e249f259edfef5d69a,11500000,3,True,Assets\Scripts\Assembly-CSharp\SpeedPoint.cs.meta
Assets\Scenes\Tracks\Fish Hooks Track 1.unity,540d7059364354e249f259edfef5d69a,11500000,3,True,Assets\Scripts\Assembly-CSharp\SpeedPoint.cs.meta
Assets\Scenes\Tracks\Fish Hooks Track 1.unity,e996a18e58747bf538b26a7d9874aed9,11500000,3,True,Assets\Scripts\Assembly-CSharp\WaypointLogic.cs.meta
Assets\Scenes\Tracks\Fish Hooks Track 1.unity,540d7059364354e249f259edfef5d69a,11500000,3,True,Assets\Scripts\Assembly-CSharp\SpeedPoint.cs.meta
Assets\Scenes\Tracks\Fish Hooks Track 1.unity,e996a18e58747bf538b26a7d9874aed9,11500000,3,True,Assets\Scripts\Assembly-CSharp\WaypointLogic.cs.meta
Assets\Scenes\Tracks\Fish Hooks Track 1.unity,e996a18e58747bf538b26a7d9874aed9,11500000,3,True,Assets\Scripts\Assembly-CSharp\WaypointLogic.cs.meta
Assets\Scenes\Tracks\Fish Hooks Track 1.unity,e996a18e58747bf538b26a7d9874aed9,11500000,3,True,Assets\Scripts\Assembly-CSharp\WaypointLogic.cs.meta
Assets\Scenes\Tracks\Fish Hooks Track 1.unity,e171dc7613dc84903f6b62f321860d38,11500000,3,True,Assets\Plugins\Assembly-CSharp-firstpass\UghAlign.cs.meta
Assets\Scenes\Tracks\Fish Hooks Track 1.unity,5db77d8b07b73380826e12a6a2c9f105,11500000,3,True,Assets\Scripts\Assembly-CSharp\ParticleReducer.cs.meta
Assets\Scenes\Tracks\Fish Hooks Track 1.unity,540d7059364354e249f259edfef5d69a,11500000,3,True,Assets\Scripts\Assembly-CSharp\SpeedPoint.cs.meta
Assets\Scenes\Tracks\Fish Hooks Track 1.unity,540d7059364354e249f259edfef5d69a,11500000,3,True,Assets\Scripts\Assembly-CSharp\SpeedPoint.cs.meta
Assets\Scenes\Tracks\Fish Hooks Track 1.unity,1cff782887bca1dc3656f766b611ef5f,11500000,3,True,Assets\Scripts\Assembly-CSharp\BasketBall.cs.meta
Assets\Scenes\Tracks\Fish Hooks Track 1.unity,68160b5b26b0f1eab73a836a60fa3fb2,11500000,3,True,Assets\Scripts\Assembly-CSharp\SoundSequencer.cs.meta
Assets\Scenes\Tracks\Fish Hooks Track 1.unity,b88ab20c864889e81141f2df8a116b5b,11500000,3,True,Assets\Plugins\Assembly-CSharp-firstpass\UghText.cs.meta
Assets\Scenes\Tracks\Fish Hooks Track 1.unity,e996a18e58747bf538b26a7d9874aed9,11500000,3,True,Assets\Scripts\Assembly-CSharp\WaypointLogic.cs.meta
Assets\Scenes\Tracks\Fish Hooks Track 1.unity,e996a18e58747bf538b26a7d9874aed9,11500000,3,True,Assets\Scripts\Assembly-CSharp\WaypointLogic.cs.meta
Assets\Scenes\Tracks\Fish Hooks Track 1.unity,540d7059364354e249f259edfef5d69a,11500000,3,True,Assets\Scripts\Assembly-CSharp\SpeedPoint.cs.meta
Assets\Scenes\Tracks\Fish Hooks Track 1.unity,540d7059364354e249f259edfef5d69a,11500000,3,True,Assets\Scripts\Assembly-CSharp\SpeedPoint.cs.meta
Assets\Scenes\Tracks\Fish Hooks Track 1.unity,84dedd87b078241ae96d152250730014,11500000,3,True,Assets\Plugins\Assembly-CSharp-firstpass\UghSprite.cs.meta
Assets\Scenes\Tracks\Fish Hooks Track 1.unity,e996a18e58747bf538b26a7d9874aed9,11500000,3,True,Assets\Scripts\Assembly-CSharp\WaypointLogic.cs.meta
Assets\Scenes\Tracks\Fish Hooks Track 1.unity,540d7059364354e249f259edfef5d69a,11500000,3,True,Assets\Scripts\Assembly-CSharp\SpeedPoint.cs.meta
Assets\Scenes\Tracks\Fish Hooks Track 1.unity,e996a18e58747bf538b26a7d9874aed9,11500000,3,True,Assets\Scripts\Assembly-CSharp\WaypointLogic.cs.meta
Assets\Scenes\Tracks\Fish Hooks Track 1.unity,540d7059364354e249f259edfef5d69a,11500000,3,True,Assets\Scripts\Assembly-CSharp\SpeedPoint.cs.meta
Assets\Scenes\Tracks\Fish Hooks Track 1.unity,540d7059364354e249f259edfef5d69a,11500000,3,True,Assets\Scripts\Assembly-CSharp\SpeedPoint.cs.meta
Assets\Scenes\Tracks\Fish Hooks Track 1.unity,540d7059364354e249f259edfef5d69a,11500000,3,True,Assets\Scripts\Assembly-CSharp\SpeedPoint.cs.meta
Assets\Scenes\Tracks\Fish Hooks Track 1.unity,e996a18e58747bf538b26a7d9874aed9,11500000,3,True,Assets\Scripts\Assembly-CSharp\WaypointLogic.cs.meta
Assets\Scenes\Tracks\Fish Hooks Track 1.unity,e996a18e58747bf538b26a7d9874aed9,11500000,3,True,Assets\Scripts\Assembly-CSharp\WaypointLogic.cs.meta
Assets\Scenes\Tracks\Fish Hooks Track 1.unity,e996a18e58747bf538b26a7d9874aed9,11500000,3,True,Assets\Scripts\Assembly-CSharp\WaypointLogic.cs.meta
Assets\Scenes\Tracks\Fish Hooks Track 1.unity,e996a18e58747bf538b26a7d9874aed9,11500000,3,True,Assets\Scripts\Assembly-CSharp\WaypointLogic.cs.meta
Assets\Scenes\Tracks\Fish Hooks Track 1.unity,e996a18e58747bf538b26a7d9874aed9,11500000,3,True,Assets\Scripts\Assembly-CSharp\WaypointLogic.cs.meta
Assets\Scenes\Tracks\Fish Hooks Track 1.unity,9b4892a27c501fc32d10289e8a2709d7,11500000,3,True,Assets\Scripts\Assembly-CSharp\CoinPoint.cs.meta
Assets\Scenes\Tracks\Fish Hooks Track 1.unity,e996a18e58747bf538b26a7d9874aed9,11500000,3,True,Assets\Scripts\Assembly-CSharp\WaypointLogic.cs.meta
Assets\Scenes\Tracks\Fish Hooks Track 1.unity,e996a18e58747bf538b26a7d9874aed9,11500000,3,True,Assets\Scripts\Assembly-CSharp\WaypointLogic.cs.meta
Assets\Scenes\Tracks\Fish Hooks Track 1.unity,bd6a084f77b1c5536a730558e15b2115,11500000,3,True,Assets\Scripts\Assembly-CSharp\Crab.cs.meta
Assets\Scenes\Tracks\Fish Hooks Track 1.unity,0b15208c8a5ae7ff1660a3585ad68237,11500000,3,True,Assets\Scripts\Assembly-CSharp\TerrainEffectTrigger.cs.meta
Assets\Scenes\Tracks\Fish Hooks Track 1.unity,e996a18e58747bf538b26a7d9874aed9,11500000,3,True,Assets\Scripts\Assembly-CSharp\WaypointLogic.cs.meta
Assets\Scenes\Tracks\Fish Hooks Track 1.unity,540d7059364354e249f259edfef5d69a,11500000,3,True,Assets\Scripts\Assembly-CSharp\SpeedPoint.cs.meta
Assets\Scenes\Tracks\Fish Hooks Track 1.unity,540d7059364354e249f259edfef5d69a,11500000,3,True,Assets\Scripts\Assembly-CSharp\SpeedPoint.cs.meta
Assets\Scenes\Tracks\Fish Hooks Track 1.unity,80004b78694f1129edd555f7161356a9,11500000,3,True,Assets\Scripts\Assembly-CSharp\PickupSpawner.cs.meta
Assets\Scenes\Tracks\Fish Hooks Track 1.unity,540d7059364354e249f259edfef5d69a,11500000,3,True,Assets\Scripts\Assembly-CSharp\SpeedPoint.cs.meta
Assets\Scenes\Tracks\Fish Hooks Track 1.unity,e996a18e58747bf538b26a7d9874aed9,11500000,3,True,Assets\Scripts\Assembly-CSharp\WaypointLogic.cs.meta
Assets\Scenes\Tracks\Fish Hooks Track 1.unity,e996a18e58747bf538b26a7d9874aed9,11500000,3,True,Assets\Scripts\Assembly-CSharp\WaypointLogic.cs.meta
Assets\Scenes\Tracks\Fish Hooks Track 1.unity,1cc58fe5defa6bb88edc43c0229d6967,11500000,3,True,Assets\Scripts\Assembly-CSharp\SpringTrigger.cs.meta
Assets\Scenes\Tracks\Fish Hooks Track 1.unity,71c30d28ad73b040f6e74d951b378742,11500000,3,True,Assets\Scripts\Assembly-CSharp\ObjectTrackDistanceLogic.cs.meta
Assets\Scenes\Tracks\Fish Hooks Track 1.unity,e996a18e58747bf538b26a7d9874aed9,11500000,3,True,Assets\Scripts\Assembly-CSharp\WaypointLogic.cs.meta
Assets\Scenes\Tracks\Fish Hooks Track 1.unity,e996a18e58747bf538b26a7d9874aed9,11500000,3,True,Assets\Scripts\Assembly-CSharp\WaypointLogic.cs.meta
Assets\Scenes\Tracks\Fish Hooks Track 1.unity,540d7059364354e249f259edfef5d69a,11500000,3,True,Assets\Scripts\Assembly-CSharp\SpeedPoint.cs.meta
Assets\Scenes\Tracks\Fish Hooks Track 1.unity,c67f46bd4e340aa7f64a8e2ae3c03a27,11500000,3,True,Assets\Scripts\Assembly-CSharp\ResetTrigger.cs.meta
Assets\Scenes\Tracks\Fish Hooks Track 1.unity,e996a18e58747bf538b26a7d9874aed9,11500000,3,True,Assets\Scripts\Assembly-CSharp\WaypointLogic.cs.meta
Assets\Scenes\Tracks\Fish Hooks Track 1.unity,9b4892a27c501fc32d10289e8a2709d7,11500000,3,True,Assets\Scripts\Assembly-CSharp\CoinPoint.cs.meta
Assets\Scenes\Tracks\Fish Hooks Track 1.unity,e996a18e58747bf538b26a7d9874aed9,11500000,3,True,Assets\Scripts\Assembly-CSharp\WaypointLogic.cs.meta
Assets\Scenes\Tracks\Fish Hooks Track 1.unity,e996a18e58747bf538b26a7d9874aed9,11500000,3,True,Assets\Scripts\Assembly-CSharp\WaypointLogic.cs.meta
Assets\Scenes\Tracks\Fish Hooks Track 1.unity,540d7059364354e249f259edfef5d69a,11500000,3,True,Assets\Scripts\Assembly-CSharp\SpeedPoint.cs.meta
Assets\Scenes\Tracks\Fish Hooks Track 1.unity,540d7059364354e249f259edfef5d69a,11500000,3,True,Assets\Scripts\Assembly-CSharp\SpeedPoint.cs.meta
Assets\Scenes\Tracks\Fish Hooks Track 1.unity,540d7059364354e249f259edfef5d69a,11500000,3,True,Assets\Scripts\Assembly-CSharp\SpeedPoint.cs.meta
Assets\Scenes\Tracks\Fish Hooks Track 1.unity,540d7059364354e249f259edfef5d69a,11500000,3,True,Assets\Scripts\Assembly-CSharp\SpeedPoint.cs.meta
Assets\Scenes\Tracks\Fish Hooks Track 1.unity,540d7059364354e249f259edfef5d69a,11500000,3,True,Assets\Scripts\Assembly-CSharp\SpeedPoint.cs.meta
Assets\Scenes\Tracks\Fish Hooks Track 1.unity,540d7059364354e249f259edfef5d69a,11500000,3,True,Assets\Scripts\Assembly-CSharp\SpeedPoint.cs.meta
Assets\Scenes\Tracks\Fish Hooks Track 1.unity,b88ab20c864889e81141f2df8a116b5b,11500000,3,True,Assets\Plugins\Assembly-CSharp-firstpass\UghText.cs.meta
Assets\Scenes\Tracks\Fish Hooks Track 1.unity,540d7059364354e249f259edfef5d69a,11500000,3,True,Assets\Scripts\Assembly-CSharp\SpeedPoint.cs.meta
Assets\Scenes\Tracks\Fish Hooks Track 1.unity,540d7059364354e249f259edfef5d69a,11500000,3,True,Assets\Scripts\Assembly-CSharp\SpeedPoint.cs.meta
Assets\Scenes\Tracks\Fish Hooks Track 1.unity,540d7059364354e249f259edfef5d69a,11500000,3,True,Assets\Scripts\Assembly-CSharp\SpeedPoint.cs.meta
Assets\Scenes\Tracks\Fish Hooks Track 1.unity,e171dc7613dc84903f6b62f321860d38,11500000,3,True,Assets\Plugins\Assembly-CSharp-firstpass\UghAlign.cs.meta
Assets\Scenes\Tracks\Fish Hooks Track 1.unity,540d7059364354e249f259edfef5d69a,11500000,3,True,Assets\Scripts\Assembly-CSharp\SpeedPoint.cs.meta
Assets\Scenes\Tracks\Fish Hooks Track 1.unity,e996a18e58747bf538b26a7d9874aed9,11500000,3,True,Assets\Scripts\Assembly-CSharp\WaypointLogic.cs.meta
Assets\Scenes\Tracks\Fish Hooks Track 1.unity,540d7059364354e249f259edfef5d69a,11500000,3,True,Assets\Scripts\Assembly-CSharp\SpeedPoint.cs.meta
Assets\Scenes\Tracks\Fish Hooks Track 1.unity,540d7059364354e249f259edfef5d69a,11500000,3,True,Assets\Scripts\Assembly-CSharp\SpeedPoint.cs.meta
Assets\Scenes\Tracks\Fish Hooks Track 1.unity,e996a18e58747bf538b26a7d9874aed9,11500000,3,True,Assets\Scripts\Assembly-CSharp\WaypointLogic.cs.meta
Assets\Scenes\Tracks\Fish Hooks Track 1.unity,e996a18e58747bf538b26a7d9874aed9,11500000,3,True,Assets\Scripts\Assembly-CSharp\WaypointLogic.cs.meta
Assets\Scenes\Tracks\Fish Hooks Track 1.unity,e996a18e58747bf538b26a7d9874aed9,11500000,3,True,Assets\Scripts\Assembly-CSharp\WaypointLogic.cs.meta
Assets\Scenes\Tracks\Fish Hooks Track 1.unity,93a00b2df47c568d51d2e788e763d67e,11500000,3,True,Assets\Plugins\Assembly-CSharp-firstpass\UghCamera.cs.meta
Assets\Scenes\Tracks\Fish Hooks Track 1.unity,540d7059364354e249f259edfef5d69a,11500000,3,True,Assets\Scripts\Assembly-CSharp\SpeedPoint.cs.meta
Assets\Scenes\Tracks\Fish Hooks Track 1.unity,d09d2adc5b0d83f0319647719c1b9457,11500000,3,True,Assets\Scripts\Assembly-CSharp\LowEndInhibitor.cs.meta
Assets\Scenes\Tracks\Fish Hooks Track 1.unity,e996a18e58747bf538b26a7d9874aed9,11500000,3,True,Assets\Scripts\Assembly-CSharp\WaypointLogic.cs.meta
Assets\Scenes\Tracks\Fish Hooks Track 1.unity,8fcdaa4213aa6ec14c06f158bdb5d5ff,11500000,3,True,Assets\Scripts\Assembly-CSharp\LocalizedAssetSwapper.cs.meta
Assets\Scenes\Tracks\Fish Hooks Track 1.unity,80004b78694f1129edd555f7161356a9,11500000,3,True,Assets\Scripts\Assembly-CSharp\PickupSpawner.cs.meta
Assets\Scenes\Tracks\Fish Hooks Track 1.unity,540d7059364354e249f259edfef5d69a,11500000,3,True,Assets\Scripts\Assembly-CSharp\SpeedPoint.cs.meta
Assets\Scenes\Tracks\Fish Hooks Track 1.unity,540d7059364354e249f259edfef5d69a,11500000,3,True,Assets\Scripts\Assembly-CSharp\SpeedPoint.cs.meta
Assets\Scenes\Tracks\Fish Hooks Track 1.unity,540d7059364354e249f259edfef5d69a,11500000,3,True,Assets\Scripts\Assembly-CSharp\SpeedPoint.cs.meta
Assets\Scenes\Tracks\Fish Hooks Track 1.unity,e171dc7613dc84903f6b62f321860d38,11500000,3,True,Assets\Plugins\Assembly-CSharp-firstpass\UghAlign.cs.meta
Assets\Scenes\Tracks\Fish Hooks Track 1.unity,540d7059364354e249f259edfef5d69a,11500000,3,True,Assets\Scripts\Assembly-CSharp\SpeedPoint.cs.meta
Assets\Scenes\Tracks\Fish Hooks Track 1.unity,540d7059364354e249f259edfef5d69a,11500000,3,True,Assets\Scripts\Assembly-CSharp\SpeedPoint.cs.meta
Assets\Scenes\Tracks\Fish Hooks Track 1.unity,540d7059364354e249f259edfef5d69a,11500000,3,True,Assets\Scripts\Assembly-CSharp\SpeedPoint.cs.meta
Assets\Scenes\Tracks\Fish Hooks Track 1.unity,540d7059364354e249f259edfef5d69a,11500000,3,True,Assets\Scripts\Assembly-CSharp\SpeedPoint.cs.meta
Assets\Scenes\Tracks\Fish Hooks Track 1.unity,e996a18e58747bf538b26a7d9874aed9,11500000,3,True,Assets\Scripts\Assembly-CSharp\WaypointLogic.cs.meta
Assets\Scenes\Tracks\Fish Hooks Track 1.unity,5db77d8b07b73380826e12a6a2c9f105,11500000,3,True,Assets\Scripts\Assembly-CSharp\ParticleReducer.cs.meta
Assets\Scenes\Tracks\Fish Hooks Track 1.unity,84dedd87b078241ae96d152250730014,11500000,3,True,Assets\Plugins\Assembly-CSharp-firstpass\UghSprite.cs.meta
Assets\Scenes\Tracks\Fish Hooks Track 1.unity,540d7059364354e249f259edfef5d69a,11500000,3,True,Assets\Scripts\Assembly-CSharp\SpeedPoint.cs.meta
Assets\Scenes\Tracks\Fish Hooks Track 1.unity,94873483e708f4fa4a57b3033bbbcc5d,11500000,3,True,Assets\Scripts\Assembly-CSharp\AnimatedTexture.cs.meta
Assets\Scenes\Tracks\Fish Hooks Track 1.unity,0b15208c8a5ae7ff1660a3585ad68237,11500000,3,True,Assets\Scripts\Assembly-CSharp\TerrainEffectTrigger.cs.meta
Assets\Scenes\Tracks\Fish Hooks Track 1.unity,71c30d28ad73b040f6e74d951b378742,11500000,3,True,Assets\Scripts\Assembly-CSharp\ObjectTrackDistanceLogic.cs.meta
Assets\Scenes\Tracks\Fish Hooks Track 1.unity,80004b78694f1129edd555f7161356a9,11500000,3,True,Assets\Scripts\Assembly-CSharp\PickupSpawner.cs.meta
Assets\Scenes\Tracks\Fish Hooks Track 1.unity,e996a18e58747bf538b26a7d9874aed9,11500000,3,True,Assets\Scripts\Assembly-CSharp\WaypointLogic.cs.meta
Assets\Scenes\Tracks\Fish Hooks Track 1.unity,540d7059364354e249f259edfef5d69a,11500000,3,True,Assets\Scripts\Assembly-CSharp\SpeedPoint.cs.meta
Assets\Scenes\Tracks\Fish Hooks Track 1.unity,540d7059364354e249f259edfef5d69a,11500000,3,True,Assets\Scripts\Assembly-CSharp\SpeedPoint.cs.meta
Assets\Scenes\Tracks\Fish Hooks Track 1.unity,540d7059364354e249f259edfef5d69a,11500000,3,True,Assets\Scripts\Assembly-CSharp\SpeedPoint.cs.meta
Assets\Scenes\Tracks\Fish Hooks Track 1.unity,e996a18e58747bf538b26a7d9874aed9,11500000,3,True,Assets\Scripts\Assembly-CSharp\WaypointLogic.cs.meta
Assets\Scenes\Tracks\Fish Hooks Track 1.unity,80004b78694f1129edd555f7161356a9,11500000,3,True,Assets\Scripts\Assembly-CSharp\PickupSpawner.cs.meta
Assets\Scenes\Tracks\Fish Hooks Track 1.unity,540d7059364354e249f259edfef5d69a,11500000,3,True,Assets\Scripts\Assembly-CSharp\SpeedPoint.cs.meta
Assets\Scenes\Tracks\Fish Hooks Track 1.unity,b88ab20c864889e81141f2df8a116b5b,11500000,3,True,Assets\Plugins\Assembly-CSharp-firstpass\UghText.cs.meta
Assets\Scenes\Tracks\Fish Hooks Track 1.unity,e33080df6ca488dc2ddb7522478f5e36,11500000,3,True,Assets\Scripts\Assembly-CSharp\SoundLibraryAddendum.cs.meta
Assets\Scenes\Tracks\Fish Hooks Track 1.unity,540d7059364354e249f259edfef5d69a,11500000,3,True,Assets\Scripts\Assembly-CSharp\SpeedPoint.cs.meta
Assets\Scenes\Tracks\Fish Hooks Track 1.unity,e996a18e58747bf538b26a7d9874aed9,11500000,3,True,Assets\Scripts\Assembly-CSharp\WaypointLogic.cs.meta
Assets\Scenes\Tracks\Fish Hooks Track 1.unity,540d7059364354e249f259edfef5d69a,11500000,3,True,Assets\Scripts\Assembly-CSharp\SpeedPoint.cs.meta
Assets\Scenes\Tracks\Fish Hooks Track 1.unity,e996a18e58747bf538b26a7d9874aed9,11500000,3,True,Assets\Scripts\Assembly-CSharp\WaypointLogic.cs.meta
Assets\Scenes\Tracks\Fish Hooks Track 1.unity,e996a18e58747bf538b26a7d9874aed9,11500000,3,True,Assets\Scripts\Assembly-CSharp\WaypointLogic.cs.meta
Assets\Scenes\Tracks\Fish Hooks Track 1.unity,540d7059364354e249f259edfef5d69a,11500000,3,True,Assets\Scripts\Assembly-CSharp\SpeedPoint.cs.meta
Assets\Scenes\Tracks\Fish Hooks Track 1.unity,80004b78694f1129edd555f7161356a9,11500000,3,True,Assets\Scripts\Assembly-CSharp\PickupSpawner.cs.meta
Assets\Scenes\Tracks\Fish Hooks Track 1.unity,84dedd87b078241ae96d152250730014,11500000,3,True,Assets\Plugins\Assembly-CSharp-firstpass\UghSprite.cs.meta
Assets\Scenes\Tracks\Fish Hooks Track 1.unity,80004b78694f1129edd555f7161356a9,11500000,3,True,Assets\Scripts\Assembly-CSharp\PickupSpawner.cs.meta
Assets\Scenes\Tracks\Fish Hooks Track 1.unity,540d7059364354e249f259edfef5d69a,11500000,3,True,Assets\Scripts\Assembly-CSharp\SpeedPoint.cs.meta
Assets\Scenes\Tracks\Fish Hooks Track 1.unity,540d7059364354e249f259edfef5d69a,11500000,3,True,Assets\Scripts\Assembly-CSharp\SpeedPoint.cs.meta
Assets\Scenes\Tracks\Fish Hooks Track 1.unity,540d7059364354e249f259edfef5d69a,11500000,3,True,Assets\Scripts\Assembly-CSharp\SpeedPoint.cs.meta
Assets\Scenes\Tracks\Fish Hooks Track 1.unity,e996a18e58747bf538b26a7d9874aed9,11500000,3,True,Assets\Scripts\Assembly-CSharp\WaypointLogic.cs.meta
Assets\Scenes\Tracks\Fish Hooks Track 1.unity,540d7059364354e249f259edfef5d69a,11500000,3,True,Assets\Scripts\Assembly-CSharp\SpeedPoint.cs.meta
Assets\Scenes\Tracks\Fish Hooks Track 1.unity,1cff782887bca1dc3656f766b611ef5f,11500000,3,True,Assets\Scripts\Assembly-CSharp\BasketBall.cs.meta
Assets\Scenes\Tracks\Fish Hooks Track 1.unity,68160b5b26b0f1eab73a836a60fa3fb2,11500000,3,True,Assets\Scripts\Assembly-CSharp\SoundSequencer.cs.meta
Assets\Scenes\Tracks\Fish Hooks Track 1.unity,80004b78694f1129edd555f7161356a9,11500000,3,True,Assets\Scripts\Assembly-CSharp\PickupSpawner.cs.meta
Assets\Scenes\Tracks\Fish Hooks Track 1.unity,540d7059364354e249f259edfef5d69a,11500000,3,True,Assets\Scripts\Assembly-CSharp\SpeedPoint.cs.meta
Assets\Scenes\Tracks\Fish Hooks Track 1.unity,540d7059364354e249f259edfef5d69a,11500000,3,True,Assets\Scripts\Assembly-CSharp\SpeedPoint.cs.meta
Assets\Scenes\Tracks\Fish Hooks Track 1.unity,80004b78694f1129edd555f7161356a9,11500000,3,True,Assets\Scripts\Assembly-CSharp\PickupSpawner.cs.meta
Assets\Scenes\Tracks\Fish Hooks Track 1.unity,540d7059364354e249f259edfef5d69a,11500000,3,True,Assets\Scripts\Assembly-CSharp\SpeedPoint.cs.meta
Assets\Scenes\Tracks\Fish Hooks Track 1.unity,e996a18e58747bf538b26a7d9874aed9,11500000,3,True,Assets\Scripts\Assembly-CSharp\WaypointLogic.cs.meta
Assets\Scenes\Tracks\Fish Hooks Track 2.unity,e996a18e58747bf538b26a7d9874aed9,11500000,3,True,Assets\Scripts\Assembly-CSharp\WaypointLogic.cs.meta
Assets\Scenes\Tracks\Fish Hooks Track 2.unity,1c4ae306c74fe3c4b51dd0855a00f46e,11500000,3,True,Assets\Scripts\Assembly-CSharp\BubbleJet.cs.meta
Assets\Scenes\Tracks\Fish Hooks Track 2.unity,e996a18e58747bf538b26a7d9874aed9,11500000,3,True,Assets\Scripts\Assembly-CSharp\WaypointLogic.cs.meta
Assets\Scenes\Tracks\Fish Hooks Track 2.unity,540d7059364354e249f259edfef5d69a,11500000,3,True,Assets\Scripts\Assembly-CSharp\SpeedPoint.cs.meta
Assets\Scenes\Tracks\Fish Hooks Track 2.unity,b88ab20c864889e81141f2df8a116b5b,11500000,3,True,Assets\Plugins\Assembly-CSharp-firstpass\UghText.cs.meta
Assets\Scenes\Tracks\Fish Hooks Track 2.unity,e996a18e58747bf538b26a7d9874aed9,11500000,3,True,Assets\Scripts\Assembly-CSharp\WaypointLogic.cs.meta
Assets\Scenes\Tracks\Fish Hooks Track 2.unity,e996a18e58747bf538b26a7d9874aed9,11500000,3,True,Assets\Scripts\Assembly-CSharp\WaypointLogic.cs.meta
Assets\Scenes\Tracks\Fish Hooks Track 2.unity,e996a18e58747bf538b26a7d9874aed9,11500000,3,True,Assets\Scripts\Assembly-CSharp\WaypointLogic.cs.meta
Assets\Scenes\Tracks\Fish Hooks Track 2.unity,84dedd87b078241ae96d152250730014,11500000,3,True,Assets\Plugins\Assembly-CSharp-firstpass\UghSprite.cs.meta
Assets\Scenes\Tracks\Fish Hooks Track 2.unity,540d7059364354e249f259edfef5d69a,11500000,3,True,Assets\Scripts\Assembly-CSharp\SpeedPoint.cs.meta
Assets\Scenes\Tracks\Fish Hooks Track 2.unity,540d7059364354e249f259edfef5d69a,11500000,3,True,Assets\Scripts\Assembly-CSharp\SpeedPoint.cs.meta
Assets\Scenes\Tracks\Fish Hooks Track 2.unity,84dedd87b078241ae96d152250730014,11500000,3,True,Assets\Plugins\Assembly-CSharp-firstpass\UghSprite.cs.meta
Assets\Scenes\Tracks\Fish Hooks Track 2.unity,e996a18e58747bf538b26a7d9874aed9,11500000,3,True,Assets\Scripts\Assembly-CSharp\WaypointLogic.cs.meta
Assets\Scenes\Tracks\Fish Hooks Track 2.unity,e996a18e58747bf538b26a7d9874aed9,11500000,3,True,Assets\Scripts\Assembly-CSharp\WaypointLogic.cs.meta
Assets\Scenes\Tracks\Fish Hooks Track 2.unity,e996a18e58747bf538b26a7d9874aed9,11500000,3,True,Assets\Scripts\Assembly-CSharp\WaypointLogic.cs.meta
Assets\Scenes\Tracks\Fish Hooks Track 2.unity,540d7059364354e249f259edfef5d69a,11500000,3,True,Assets\Scripts\Assembly-CSharp\SpeedPoint.cs.meta
Assets\Scenes\Tracks\Fish Hooks Track 2.unity,540d7059364354e249f259edfef5d69a,11500000,3,True,Assets\Scripts\Assembly-CSharp\SpeedPoint.cs.meta
Assets\Scenes\Tracks\Fish Hooks Track 2.unity,e996a18e58747bf538b26a7d9874aed9,11500000,3,True,Assets\Scripts\Assembly-CSharp\WaypointLogic.cs.meta
Assets\Scenes\Tracks\Fish Hooks Track 2.unity,540d7059364354e249f259edfef5d69a,11500000,3,True,Assets\Scripts\Assembly-CSharp\SpeedPoint.cs.meta
Assets\Scenes\Tracks\Fish Hooks Track 2.unity,e996a18e58747bf538b26a7d9874aed9,11500000,3,True,Assets\Scripts\Assembly-CSharp\WaypointLogic.cs.meta
Assets\Scenes\Tracks\Fish Hooks Track 2.unity,e996a18e58747bf538b26a7d9874aed9,11500000,3,True,Assets\Scripts\Assembly-CSharp\WaypointLogic.cs.meta
Assets\Scenes\Tracks\Fish Hooks Track 2.unity,540d7059364354e249f259edfef5d69a,11500000,3,True,Assets\Scripts\Assembly-CSharp\SpeedPoint.cs.meta
Assets\Scenes\Tracks\Fish Hooks Track 2.unity,540d7059364354e249f259edfef5d69a,11500000,3,True,Assets\Scripts\Assembly-CSharp\SpeedPoint.cs.meta
Assets\Scenes\Tracks\Fish Hooks Track 2.unity,540d7059364354e249f259edfef5d69a,11500000,3,True,Assets\Scripts\Assembly-CSharp\SpeedPoint.cs.meta
Assets\Scenes\Tracks\Fish Hooks Track 2.unity,e996a18e58747bf538b26a7d9874aed9,11500000,3,True,Assets\Scripts\Assembly-CSharp\WaypointLogic.cs.meta
Assets\Scenes\Tracks\Fish Hooks Track 2.unity,540d7059364354e249f259edfef5d69a,11500000,3,True,Assets\Scripts\Assembly-CSharp\SpeedPoint.cs.meta
Assets\Scenes\Tracks\Fish Hooks Track 2.unity,e996a18e58747bf538b26a7d9874aed9,11500000,3,True,Assets\Scripts\Assembly-CSharp\WaypointLogic.cs.meta
Assets\Scenes\Tracks\Fish Hooks Track 2.unity,e171dc7613dc84903f6b62f321860d38,11500000,3,True,Assets\Plugins\Assembly-CSharp-firstpass\UghAlign.cs.meta
Assets\Scenes\Tracks\Fish Hooks Track 2.unity,1c4ae306c74fe3c4b51dd0855a00f46e,11500000,3,True,Assets\Scripts\Assembly-CSharp\BubbleJet.cs.meta
Assets\Scenes\Tracks\Fish Hooks Track 2.unity,540d7059364354e249f259edfef5d69a,11500000,3,True,Assets\Scripts\Assembly-CSharp\SpeedPoint.cs.meta
Assets\Scenes\Tracks\Fish Hooks Track 2.unity,540d7059364354e249f259edfef5d69a,11500000,3,True,Assets\Scripts\Assembly-CSharp\SpeedPoint.cs.meta
Assets\Scenes\Tracks\Fish Hooks Track 2.unity,e996a18e58747bf538b26a7d9874aed9,11500000,3,True,Assets\Scripts\Assembly-CSharp\WaypointLogic.cs.meta
Assets\Scenes\Tracks\Fish Hooks Track 2.unity,e996a18e58747bf538b26a7d9874aed9,11500000,3,True,Assets\Scripts\Assembly-CSharp\WaypointLogic.cs.meta
Assets\Scenes\Tracks\Fish Hooks Track 2.unity,e996a18e58747bf538b26a7d9874aed9,11500000,3,True,Assets\Scripts\Assembly-CSharp\WaypointLogic.cs.meta
Assets\Scenes\Tracks\Fish Hooks Track 2.unity,e996a18e58747bf538b26a7d9874aed9,11500000,3,True,Assets\Scripts\Assembly-CSharp\WaypointLogic.cs.meta
Assets\Scenes\Tracks\Fish Hooks Track 2.unity,540d7059364354e249f259edfef5d69a,11500000,3,True,Assets\Scripts\Assembly-CSharp\SpeedPoint.cs.meta
Assets\Scenes\Tracks\Fish Hooks Track 2.unity,e996a18e58747bf538b26a7d9874aed9,11500000,3,True,Assets\Scripts\Assembly-CSharp\WaypointLogic.cs.meta
Assets\Scenes\Tracks\Fish Hooks Track 2.unity,e996a18e58747bf538b26a7d9874aed9,11500000,3,True,Assets\Scripts\Assembly-CSharp\WaypointLogic.cs.meta
Assets\Scenes\Tracks\Fish Hooks Track 2.unity,e996a18e58747bf538b26a7d9874aed9,11500000,3,True,Assets\Scripts\Assembly-CSharp\WaypointLogic.cs.meta
Assets\Scenes\Tracks\Fish Hooks Track 2.unity,5db77d8b07b73380826e12a6a2c9f105,11500000,3,True,Assets\Scripts\Assembly-CSharp\ParticleReducer.cs.meta
Assets\Scenes\Tracks\Fish Hooks Track 2.unity,e996a18e58747bf538b26a7d9874aed9,11500000,3,True,Assets\Scripts\Assembly-CSharp\WaypointLogic.cs.meta
Assets\Scenes\Tracks\Fish Hooks Track 2.unity,540d7059364354e249f259edfef5d69a,11500000,3,True,Assets\Scripts\Assembly-CSharp\SpeedPoint.cs.meta
Assets\Scenes\Tracks\Fish Hooks Track 2.unity,e996a18e58747bf538b26a7d9874aed9,11500000,3,True,Assets\Scripts\Assembly-CSharp\WaypointLogic.cs.meta
Assets\Scenes\Tracks\Fish Hooks Track 2.unity,540d7059364354e249f259edfef5d69a,11500000,3,True,Assets\Scripts\Assembly-CSharp\SpeedPoint.cs.meta
Assets\Scenes\Tracks\Fish Hooks Track 2.unity,e996a18e58747bf538b26a7d9874aed9,11500000,3,True,Assets\Scripts\Assembly-CSharp\WaypointLogic.cs.meta
Assets\Scenes\Tracks\Fish Hooks Track 2.unity,e996a18e58747bf538b26a7d9874aed9,11500000,3,True,Assets\Scripts\Assembly-CSharp\WaypointLogic.cs.meta
Assets\Scenes\Tracks\Fish Hooks Track 2.unity,e996a18e58747bf538b26a7d9874aed9,11500000,3,True,Assets\Scripts\Assembly-CSharp\WaypointLogic.cs.meta
Assets\Scenes\Tracks\Fish Hooks Track 2.unity,540d7059364354e249f259edfef5d69a,11500000,3,True,Assets\Scripts\Assembly-CSharp\SpeedPoint.cs.meta
Assets\Scenes\Tracks\Fish Hooks Track 2.unity,e996a18e58747bf538b26a7d9874aed9,11500000,3,True,Assets\Scripts\Assembly-CSharp\WaypointLogic.cs.meta
Assets\Scenes\Tracks\Fish Hooks Track 2.unity,e996a18e58747bf538b26a7d9874aed9,11500000,3,True,Assets\Scripts\Assembly-CSharp\WaypointLogic.cs.meta
Assets\Scenes\Tracks\Fish Hooks Track 2.unity,e996a18e58747bf538b26a7d9874aed9,11500000,3,True,Assets\Scripts\Assembly-CSharp\WaypointLogic.cs.meta
Assets\Scenes\Tracks\Fish Hooks Track 2.unity,540d7059364354e249f259edfef5d69a,11500000,3,True,Assets\Scripts\Assembly-CSharp\SpeedPoint.cs.meta
Assets\Scenes\Tracks\Fish Hooks Track 2.unity,540d7059364354e249f259edfef5d69a,11500000,3,True,Assets\Scripts\Assembly-CSharp\SpeedPoint.cs.meta
Assets\Scenes\Tracks\Fish Hooks Track 2.unity,410aef06036e22f327bf513834d3c8f7,11500000,3,True,Assets\Scripts\Assembly-CSharp\FollowCamera.cs.meta
Assets\Scenes\Tracks\Fish Hooks Track 2.unity,30b411d090599ca49164a82da6acd001,11500000,3,True,Assets\Scripts\Assembly-CSharp\CameraShake.cs.meta
Assets\Scenes\Tracks\Fish Hooks Track 2.unity,540d7059364354e249f259edfef5d69a,11500000,3,True,Assets\Scripts\Assembly-CSharp\SpeedPoint.cs.meta
Assets\Scenes\Tracks\Fish Hooks Track 2.unity,e996a18e58747bf538b26a7d9874aed9,11500000,3,True,Assets\Scripts\Assembly-CSharp\WaypointLogic.cs.meta
Assets\Scenes\Tracks\Fish Hooks Track 2.unity,e996a18e58747bf538b26a7d9874aed9,11500000,3,True,Assets\Scripts\Assembly-CSharp\WaypointLogic.cs.meta
Assets\Scenes\Tracks\Fish Hooks Track 2.unity,e996a18e58747bf538b26a7d9874aed9,11500000,3,True,Assets\Scripts\Assembly-CSharp\WaypointLogic.cs.meta
Assets\Scenes\Tracks\Fish Hooks Track 2.unity,e996a18e58747bf538b26a7d9874aed9,11500000,3,True,Assets\Scripts\Assembly-CSharp\WaypointLogic.cs.meta
Assets\Scenes\Tracks\Fish Hooks Track 2.unity,e996a18e58747bf538b26a7d9874aed9,11500000,3,True,Assets\Scripts\Assembly-CSharp\WaypointLogic.cs.meta
Assets\Scenes\Tracks\Fish Hooks Track 2.unity,540d7059364354e249f259edfef5d69a,11500000,3,True,Assets\Scripts\Assembly-CSharp\SpeedPoint.cs.meta
Assets\Scenes\Tracks\Fish Hooks Track 2.unity,e996a18e58747bf538b26a7d9874aed9,11500000,3,True,Assets\Scripts\Assembly-CSharp\WaypointLogic.cs.meta
Assets\Scenes\Tracks\Fish Hooks Track 2.unity,e996a18e58747bf538b26a7d9874aed9,11500000,3,True,Assets\Scripts\Assembly-CSharp\WaypointLogic.cs.meta
Assets\Scenes\Tracks\Fish Hooks Track 2.unity,e996a18e58747bf538b26a7d9874aed9,11500000,3,True,Assets\Scripts\Assembly-CSharp\WaypointLogic.cs.meta
Assets\Scenes\Tracks\Fish Hooks Track 2.unity,540d7059364354e249f259edfef5d69a,11500000,3,True,Assets\Scripts\Assembly-CSharp\SpeedPoint.cs.meta
Assets\Scenes\Tracks\Fish Hooks Track 2.unity,e996a18e58747bf538b26a7d9874aed9,11500000,3,True,Assets\Scripts\Assembly-CSharp\WaypointLogic.cs.meta
Assets\Scenes\Tracks\Fish Hooks Track 2.unity,e996a18e58747bf538b26a7d9874aed9,11500000,3,True,Assets\Scripts\Assembly-CSharp\WaypointLogic.cs.meta
Assets\Scenes\Tracks\Fish Hooks Track 2.unity,e996a18e58747bf538b26a7d9874aed9,11500000,3,True,Assets\Scripts\Assembly-CSharp\WaypointLogic.cs.meta
Assets\Scenes\Tracks\Fish Hooks Track 2.unity,540d7059364354e249f259edfef5d69a,11500000,3,True,Assets\Scripts\Assembly-CSharp\SpeedPoint.cs.meta
Assets\Scenes\Tracks\Fish Hooks Track 2.unity,e996a18e58747bf538b26a7d9874aed9,11500000,3,True,Assets\Scripts\Assembly-CSharp\WaypointLogic.cs.meta
Assets\Scenes\Tracks\Fish Hooks Track 2.unity,e996a18e58747bf538b26a7d9874aed9,11500000,3,True,Assets\Scripts\Assembly-CSharp\WaypointLogic.cs.meta
Assets\Scenes\Tracks\Fish Hooks Track 2.unity,540d7059364354e249f259edfef5d69a,11500000,3,True,Assets\Scripts\Assembly-CSharp\SpeedPoint.cs.meta
Assets\Scenes\Tracks\Fish Hooks Track 2.unity,540d7059364354e249f259edfef5d69a,11500000,3,True,Assets\Scripts\Assembly-CSharp\SpeedPoint.cs.meta
Assets\Scenes\Tracks\Fish Hooks Track 2.unity,e996a18e58747bf538b26a7d9874aed9,11500000,3,True,Assets\Scripts\Assembly-CSharp\WaypointLogic.cs.meta
Assets\Scenes\Tracks\Fish Hooks Track 2.unity,e996a18e58747bf538b26a7d9874aed9,11500000,3,True,Assets\Scripts\Assembly-CSharp\WaypointLogic.cs.meta
Assets\Scenes\Tracks\Fish Hooks Track 2.unity,e996a18e58747bf538b26a7d9874aed9,11500000,3,True,Assets\Scripts\Assembly-CSharp\WaypointLogic.cs.meta
Assets\Scenes\Tracks\Fish Hooks Track 2.unity,e996a18e58747bf538b26a7d9874aed9,11500000,3,True,Assets\Scripts\Assembly-CSharp\WaypointLogic.cs.meta
Assets\Scenes\Tracks\Fish Hooks Track 2.unity,540d7059364354e249f259edfef5d69a,11500000,3,True,Assets\Scripts\Assembly-CSharp\SpeedPoint.cs.meta
Assets\Scenes\Tracks\Fish Hooks Track 2.unity,e996a18e58747bf538b26a7d9874aed9,11500000,3,True,Assets\Scripts\Assembly-CSharp\WaypointLogic.cs.meta
Assets\Scenes\Tracks\Fish Hooks Track 2.unity,e996a18e58747bf538b26a7d9874aed9,11500000,3,True,Assets\Scripts\Assembly-CSharp\WaypointLogic.cs.meta
Assets\Scenes\Tracks\Fish Hooks Track 2.unity,8fcdaa4213aa6ec14c06f158bdb5d5ff,11500000,3,True,Assets\Scripts\Assembly-CSharp\LocalizedAssetSwapper.cs.meta
Assets\Scenes\Tracks\Fish Hooks Track 2.unity,540d7059364354e249f259edfef5d69a,11500000,3,True,Assets\Scripts\Assembly-CSharp\SpeedPoint.cs.meta
Assets\Scenes\Tracks\Fish Hooks Track 2.unity,540d7059364354e249f259edfef5d69a,11500000,3,True,Assets\Scripts\Assembly-CSharp\SpeedPoint.cs.meta
Assets\Scenes\Tracks\Fish Hooks Track 2.unity,e996a18e58747bf538b26a7d9874aed9,11500000,3,True,Assets\Scripts\Assembly-CSharp\WaypointLogic.cs.meta
Assets\Scenes\Tracks\Fish Hooks Track 2.unity,540d7059364354e249f259edfef5d69a,11500000,3,True,Assets\Scripts\Assembly-CSharp\SpeedPoint.cs.meta
Assets\Scenes\Tracks\Fish Hooks Track 2.unity,e996a18e58747bf538b26a7d9874aed9,11500000,3,True,Assets\Scripts\Assembly-CSharp\WaypointLogic.cs.meta
Assets\Scenes\Tracks\Fish Hooks Track 2.unity,540d7059364354e249f259edfef5d69a,11500000,3,True,Assets\Scripts\Assembly-CSharp\SpeedPoint.cs.meta
Assets\Scenes\Tracks\Fish Hooks Track 2.unity,84dedd87b078241ae96d152250730014,11500000,3,True,Assets\Plugins\Assembly-CSharp-firstpass\UghSprite.cs.meta
Assets\Scenes\Tracks\Fish Hooks Track 2.unity,e996a18e58747bf538b26a7d9874aed9,11500000,3,True,Assets\Scripts\Assembly-CSharp\WaypointLogic.cs.meta
Assets\Scenes\Tracks\Fish Hooks Track 2.unity,540d7059364354e249f259edfef5d69a,11500000,3,True,Assets\Scripts\Assembly-CSharp\SpeedPoint.cs.meta
Assets\Scenes\Tracks\Fish Hooks Track 2.unity,540d7059364354e249f259edfef5d69a,11500000,3,True,Assets\Scripts\Assembly-CSharp\SpeedPoint.cs.meta
Assets\Scenes\Tracks\Fish Hooks Track 2.unity,9b4892a27c501fc32d10289e8a2709d7,11500000,3,True,Assets\Scripts\Assembly-CSharp\CoinPoint.cs.meta
Assets\Scenes\Tracks\Fish Hooks Track 2.unity,e996a18e58747bf538b26a7d9874aed9,11500000,3,True,Assets\Scripts\Assembly-CSharp\WaypointLogic.cs.meta
Assets\Scenes\Tracks\Fish Hooks Track 2.unity,e996a18e58747bf538b26a7d9874aed9,11500000,3,True,Assets\Scripts\Assembly-CSharp\WaypointLogic.cs.meta
Assets\Scenes\Tracks\Fish Hooks Track 2.unity,e996a18e58747bf538b26a7d9874aed9,11500000,3,True,Assets\Scripts\Assembly-CSharp\WaypointLogic.cs.meta
Assets\Scenes\Tracks\Fish Hooks Track 2.unity,e996a18e58747bf538b26a7d9874aed9,11500000,3,True,Assets\Scripts\Assembly-CSharp\WaypointLogic.cs.meta
Assets\Scenes\Tracks\Fish Hooks Track 2.unity,540d7059364354e249f259edfef5d69a,11500000,3,True,Assets\Scripts\Assembly-CSharp\SpeedPoint.cs.meta
Assets\Scenes\Tracks\Fish Hooks Track 2.unity,e996a18e58747bf538b26a7d9874aed9,11500000,3,True,Assets\Scripts\Assembly-CSharp\WaypointLogic.cs.meta
Assets\Scenes\Tracks\Fish Hooks Track 2.unity,540d7059364354e249f259edfef5d69a,11500000,3,True,Assets\Scripts\Assembly-CSharp\SpeedPoint.cs.meta
Assets\Scenes\Tracks\Fish Hooks Track 2.unity,540d7059364354e249f259edfef5d69a,11500000,3,True,Assets\Scripts\Assembly-CSharp\SpeedPoint.cs.meta
Assets\Scenes\Tracks\Fish Hooks Track 2.unity,80004b78694f1129edd555f7161356a9,11500000,3,True,Assets\Scripts\Assembly-CSharp\PickupSpawner.cs.meta
Assets\Scenes\Tracks\Fish Hooks Track 2.unity,540d7059364354e249f259edfef5d69a,11500000,3,True,Assets\Scripts\Assembly-CSharp\SpeedPoint.cs.meta
Assets\Scenes\Tracks\Fish Hooks Track 2.unity,e996a18e58747bf538b26a7d9874aed9,11500000,3,True,Assets\Scripts\Assembly-CSharp\WaypointLogic.cs.meta
Assets\Scenes\Tracks\Fish Hooks Track 2.unity,80004b78694f1129edd555f7161356a9,11500000,3,True,Assets\Scripts\Assembly-CSharp\PickupSpawner.cs.meta
Assets\Scenes\Tracks\Fish Hooks Track 2.unity,540d7059364354e249f259edfef5d69a,11500000,3,True,Assets\Scripts\Assembly-CSharp\SpeedPoint.cs.meta
Assets\Scenes\Tracks\Fish Hooks Track 2.unity,540d7059364354e249f259edfef5d69a,11500000,3,True,Assets\Scripts\Assembly-CSharp\SpeedPoint.cs.meta
Assets\Scenes\Tracks\Fish Hooks Track 2.unity,e996a18e58747bf538b26a7d9874aed9,11500000,3,True,Assets\Scripts\Assembly-CSharp\WaypointLogic.cs.meta
Assets\Scenes\Tracks\Fish Hooks Track 2.unity,7a1d7e408882e95bdbe76a76d6f51e1c,11500000,3,True,Assets\Plugins\Assembly-CSharp-firstpass\UghButton.cs.meta
Assets\Scenes\Tracks\Fish Hooks Track 2.unity,e996a18e58747bf538b26a7d9874aed9,11500000,3,True,Assets\Scripts\Assembly-CSharp\WaypointLogic.cs.meta
Assets\Scenes\Tracks\Fish Hooks Track 2.unity,84dedd87b078241ae96d152250730014,11500000,3,True,Assets\Plugins\Assembly-CSharp-firstpass\UghSprite.cs.meta
Assets\Scenes\Tracks\Fish Hooks Track 2.unity,e996a18e58747bf538b26a7d9874aed9,11500000,3,True,Assets\Scripts\Assembly-CSharp\WaypointLogic.cs.meta
Assets\Scenes\Tracks\Fish Hooks Track 2.unity,e996a18e58747bf538b26a7d9874aed9,11500000,3,True,Assets\Scripts\Assembly-CSharp\WaypointLogic.cs.meta
Assets\Scenes\Tracks\Fish Hooks Track 2.unity,e996a18e58747bf538b26a7d9874aed9,11500000,3,True,Assets\Scripts\Assembly-CSharp\WaypointLogic.cs.meta
Assets\Scenes\Tracks\Fish Hooks Track 2.unity,e996a18e58747bf538b26a7d9874aed9,11500000,3,True,Assets\Scripts\Assembly-CSharp\WaypointLogic.cs.meta
Assets\Scenes\Tracks\Fish Hooks Track 2.unity,540d7059364354e249f259edfef5d69a,11500000,3,True,Assets\Scripts\Assembly-CSharp\SpeedPoint.cs.meta
Assets\Scenes\Tracks\Fish Hooks Track 2.unity,e996a18e58747bf538b26a7d9874aed9,11500000,3,True,Assets\Scripts\Assembly-CSharp\WaypointLogic.cs.meta
Assets\Scenes\Tracks\Fish Hooks Track 2.unity,540d7059364354e249f259edfef5d69a,11500000,3,True,Assets\Scripts\Assembly-CSharp\SpeedPoint.cs.meta
Assets\Scenes\Tracks\Fish Hooks Track 2.unity,e996a18e58747bf538b26a7d9874aed9,11500000,3,True,Assets\Scripts\Assembly-CSharp\WaypointLogic.cs.meta
Assets\Scenes\Tracks\Fish Hooks Track 2.unity,e996a18e58747bf538b26a7d9874aed9,11500000,3,True,Assets\Scripts\Assembly-CSharp\WaypointLogic.cs.meta
Assets\Scenes\Tracks\Fish Hooks Track 2.unity,540d7059364354e249f259edfef5d69a,11500000,3,True,Assets\Scripts\Assembly-CSharp\SpeedPoint.cs.meta
Assets\Scenes\Tracks\Fish Hooks Track 2.unity,9b4892a27c501fc32d10289e8a2709d7,11500000,3,True,Assets\Scripts\Assembly-CSharp\CoinPoint.cs.meta
Assets\Scenes\Tracks\Fish Hooks Track 2.unity,e996a18e58747bf538b26a7d9874aed9,11500000,3,True,Assets\Scripts\Assembly-CSharp\WaypointLogic.cs.meta
Assets\Scenes\Tracks\Fish Hooks Track 2.unity,5db77d8b07b73380826e12a6a2c9f105,11500000,3,True,Assets\Scripts\Assembly-CSharp\ParticleReducer.cs.meta
Assets\Scenes\Tracks\Fish Hooks Track 2.unity,84dedd87b078241ae96d152250730014,11500000,3,True,Assets\Plugins\Assembly-CSharp-firstpass\UghSprite.cs.meta
Assets\Scenes\Tracks\Fish Hooks Track 2.unity,e996a18e58747bf538b26a7d9874aed9,11500000,3,True,Assets\Scripts\Assembly-CSharp\WaypointLogic.cs.meta
Assets\Scenes\Tracks\Fish Hooks Track 2.unity,e996a18e58747bf538b26a7d9874aed9,11500000,3,True,Assets\Scripts\Assembly-CSharp\WaypointLogic.cs.meta
Assets\Scenes\Tracks\Fish Hooks Track 2.unity,540d7059364354e249f259edfef5d69a,11500000,3,True,Assets\Scripts\Assembly-CSharp\SpeedPoint.cs.meta
Assets\Scenes\Tracks\Fish Hooks Track 2.unity,e996a18e58747bf538b26a7d9874aed9,11500000,3,True,Assets\Scripts\Assembly-CSharp\WaypointLogic.cs.meta
Assets\Scenes\Tracks\Fish Hooks Track 2.unity,e996a18e58747bf538b26a7d9874aed9,11500000,3,True,Assets\Scripts\Assembly-CSharp\WaypointLogic.cs.meta
Assets\Scenes\Tracks\Fish Hooks Track 2.unity,540d7059364354e249f259edfef5d69a,11500000,3,True,Assets\Scripts\Assembly-CSharp\SpeedPoint.cs.meta
Assets\Scenes\Tracks\Fish Hooks Track 2.unity,e171dc7613dc84903f6b62f321860d38,11500000,3,True,Assets\Plugins\Assembly-CSharp-firstpass\UghAlign.cs.meta
Assets\Scenes\Tracks\Fish Hooks Track 2.unity,e996a18e58747bf538b26a7d9874aed9,11500000,3,True,Assets\Scripts\Assembly-CSharp\WaypointLogic.cs.meta
Assets\Scenes\Tracks\Fish Hooks Track 2.unity,e996a18e58747bf538b26a7d9874aed9,11500000,3,True,Assets\Scripts\Assembly-CSharp\WaypointLogic.cs.meta
Assets\Scenes\Tracks\Fish Hooks Track 2.unity,540d7059364354e249f259edfef5d69a,11500000,3,True,Assets\Scripts\Assembly-CSharp\SpeedPoint.cs.meta
Assets\Scenes\Tracks\Fish Hooks Track 2.unity,540d7059364354e249f259edfef5d69a,11500000,3,True,Assets\Scripts\Assembly-CSharp\SpeedPoint.cs.meta
Assets\Scenes\Tracks\Fish Hooks Track 2.unity,80004b78694f1129edd555f7161356a9,11500000,3,True,Assets\Scripts\Assembly-CSharp\PickupSpawner.cs.meta
Assets\Scenes\Tracks\Fish Hooks Track 2.unity,e996a18e58747bf538b26a7d9874aed9,11500000,3,True,Assets\Scripts\Assembly-CSharp\WaypointLogic.cs.meta
Assets\Scenes\Tracks\Fish Hooks Track 2.unity,e996a18e58747bf538b26a7d9874aed9,11500000,3,True,Assets\Scripts\Assembly-CSharp\WaypointLogic.cs.meta
Assets\Scenes\Tracks\Fish Hooks Track 2.unity,e996a18e58747bf538b26a7d9874aed9,11500000,3,True,Assets\Scripts\Assembly-CSharp\WaypointLogic.cs.meta
Assets\Scenes\Tracks\Fish Hooks Track 2.unity,e996a18e58747bf538b26a7d9874aed9,11500000,3,True,Assets\Scripts\Assembly-CSharp\WaypointLogic.cs.meta
Assets\Scenes\Tracks\Fish Hooks Track 2.unity,e996a18e58747bf538b26a7d9874aed9,11500000,3,True,Assets\Scripts\Assembly-CSharp\WaypointLogic.cs.meta
Assets\Scenes\Tracks\Fish Hooks Track 2.unity,80004b78694f1129edd555f7161356a9,11500000,3,True,Assets\Scripts\Assembly-CSharp\PickupSpawner.cs.meta
Assets\Scenes\Tracks\Fish Hooks Track 2.unity,1c4ae306c74fe3c4b51dd0855a00f46e,11500000,3,True,Assets\Scripts\Assembly-CSharp\BubbleJet.cs.meta
Assets\Scenes\Tracks\Fish Hooks Track 2.unity,e996a18e58747bf538b26a7d9874aed9,11500000,3,True,Assets\Scripts\Assembly-CSharp\WaypointLogic.cs.meta
Assets\Scenes\Tracks\Fish Hooks Track 2.unity,e996a18e58747bf538b26a7d9874aed9,11500000,3,True,Assets\Scripts\Assembly-CSharp\WaypointLogic.cs.meta
Assets\Scenes\Tracks\Fish Hooks Track 2.unity,9b4892a27c501fc32d10289e8a2709d7,11500000,3,True,Assets\Scripts\Assembly-CSharp\CoinPoint.cs.meta
Assets\Scenes\Tracks\Fish Hooks Track 2.unity,e996a18e58747bf538b26a7d9874aed9,11500000,3,True,Assets\Scripts\Assembly-CSharp\WaypointLogic.cs.meta
Assets\Scenes\Tracks\Fish Hooks Track 2.unity,e996a18e58747bf538b26a7d9874aed9,11500000,3,True,Assets\Scripts\Assembly-CSharp\WaypointLogic.cs.meta
Assets\Scenes\Tracks\Fish Hooks Track 2.unity,e996a18e58747bf538b26a7d9874aed9,11500000,3,True,Assets\Scripts\Assembly-CSharp\WaypointLogic.cs.meta
Assets\Scenes\Tracks\Fish Hooks Track 2.unity,540d7059364354e249f259edfef5d69a,11500000,3,True,Assets\Scripts\Assembly-CSharp\SpeedPoint.cs.meta
Assets\Scenes\Tracks\Fish Hooks Track 2.unity,540d7059364354e249f259edfef5d69a,11500000,3,True,Assets\Scripts\Assembly-CSharp\SpeedPoint.cs.meta
Assets\Scenes\Tracks\Fish Hooks Track 2.unity,84dedd87b078241ae96d152250730014,11500000,3,True,Assets\Plugins\Assembly-CSharp-firstpass\UghSprite.cs.meta
Assets\Scenes\Tracks\Fish Hooks Track 2.unity,e996a18e58747bf538b26a7d9874aed9,11500000,3,True,Assets\Scripts\Assembly-CSharp\WaypointLogic.cs.meta
Assets\Scenes\Tracks\Fish Hooks Track 2.unity,540d7059364354e249f259edfef5d69a,11500000,3,True,Assets\Scripts\Assembly-CSharp\SpeedPoint.cs.meta
Assets\Scenes\Tracks\Fish Hooks Track 2.unity,e996a18e58747bf538b26a7d9874aed9,11500000,3,True,Assets\Scripts\Assembly-CSharp\WaypointLogic.cs.meta
Assets\Scenes\Tracks\Fish Hooks Track 2.unity,e996a18e58747bf538b26a7d9874aed9,11500000,3,True,Assets\Scripts\Assembly-CSharp\WaypointLogic.cs.meta
Assets\Scenes\Tracks\Fish Hooks Track 2.unity,e996a18e58747bf538b26a7d9874aed9,11500000,3,True,Assets\Scripts\Assembly-CSharp\WaypointLogic.cs.meta
Assets\Scenes\Tracks\Fish Hooks Track 2.unity,e996a18e58747bf538b26a7d9874aed9,11500000,3,True,Assets\Scripts\Assembly-CSharp\WaypointLogic.cs.meta
Assets\Scenes\Tracks\Fish Hooks Track 2.unity,e996a18e58747bf538b26a7d9874aed9,11500000,3,True,Assets\Scripts\Assembly-CSharp\WaypointLogic.cs.meta
Assets\Scenes\Tracks\Fish Hooks Track 2.unity,71c30d28ad73b040f6e74d951b378742,11500000,3,True,Assets\Scripts\Assembly-CSharp\ObjectTrackDistanceLogic.cs.meta
Assets\Scenes\Tracks\Fish Hooks Track 2.unity,0b15208c8a5ae7ff1660a3585ad68237,11500000,3,True,Assets\Scripts\Assembly-CSharp\TerrainEffectTrigger.cs.meta
Assets\Scenes\Tracks\Fish Hooks Track 2.unity,94873483e708f4fa4a57b3033bbbcc5d,11500000,3,True,Assets\Scripts\Assembly-CSharp\AnimatedTexture.cs.meta
Assets\Scenes\Tracks\Fish Hooks Track 2.unity,e996a18e58747bf538b26a7d9874aed9,11500000,3,True,Assets\Scripts\Assembly-CSharp\WaypointLogic.cs.meta
Assets\Scenes\Tracks\Fish Hooks Track 2.unity,e996a18e58747bf538b26a7d9874aed9,11500000,3,True,Assets\Scripts\Assembly-CSharp\WaypointLogic.cs.meta
Assets\Scenes\Tracks\Fish Hooks Track 2.unity,e996a18e58747bf538b26a7d9874aed9,11500000,3,True,Assets\Scripts\Assembly-CSharp\WaypointLogic.cs.meta
Assets\Scenes\Tracks\Fish Hooks Track 2.unity,540d7059364354e249f259edfef5d69a,11500000,3,True,Assets\Scripts\Assembly-CSharp\SpeedPoint.cs.meta
Assets\Scenes\Tracks\Fish Hooks Track 2.unity,e996a18e58747bf538b26a7d9874aed9,11500000,3,True,Assets\Scripts\Assembly-CSharp\WaypointLogic.cs.meta
Assets\Scenes\Tracks\Fish Hooks Track 2.unity,e996a18e58747bf538b26a7d9874aed9,11500000,3,True,Assets\Scripts\Assembly-CSharp\WaypointLogic.cs.meta
Assets\Scenes\Tracks\Fish Hooks Track 2.unity,e996a18e58747bf538b26a7d9874aed9,11500000,3,True,Assets\Scripts\Assembly-CSharp\WaypointLogic.cs.meta
Assets\Scenes\Tracks\Fish Hooks Track 2.unity,e996a18e58747bf538b26a7d9874aed9,11500000,3,True,Assets\Scripts\Assembly-CSharp\WaypointLogic.cs.meta
Assets\Scenes\Tracks\Fish Hooks Track 2.unity,e996a18e58747bf538b26a7d9874aed9,11500000,3,True,Assets\Scripts\Assembly-CSharp\WaypointLogic.cs.meta
Assets\Scenes\Tracks\Fish Hooks Track 2.unity,e996a18e58747bf538b26a7d9874aed9,11500000,3,True,Assets\Scripts\Assembly-CSharp\WaypointLogic.cs.meta
Assets\Scenes\Tracks\Fish Hooks Track 2.unity,e996a18e58747bf538b26a7d9874aed9,11500000,3,True,Assets\Scripts\Assembly-CSharp\WaypointLogic.cs.meta
Assets\Scenes\Tracks\Fish Hooks Track 2.unity,e996a18e58747bf538b26a7d9874aed9,11500000,3,True,Assets\Scripts\Assembly-CSharp\WaypointLogic.cs.meta
Assets\Scenes\Tracks\Fish Hooks Track 2.unity,e996a18e58747bf538b26a7d9874aed9,11500000,3,True,Assets\Scripts\Assembly-CSharp\WaypointLogic.cs.meta
Assets\Scenes\Tracks\Fish Hooks Track 2.unity,80004b78694f1129edd555f7161356a9,11500000,3,True,Assets\Scripts\Assembly-CSharp\PickupSpawner.cs.meta
Assets\Scenes\Tracks\Fish Hooks Track 2.unity,540d7059364354e249f259edfef5d69a,11500000,3,True,Assets\Scripts\Assembly-CSharp\SpeedPoint.cs.meta
Assets\Scenes\Tracks\Fish Hooks Track 2.unity,e996a18e58747bf538b26a7d9874aed9,11500000,3,True,Assets\Scripts\Assembly-CSharp\WaypointLogic.cs.meta
Assets\Scenes\Tracks\Fish Hooks Track 2.unity,e996a18e58747bf538b26a7d9874aed9,11500000,3,True,Assets\Scripts\Assembly-CSharp\WaypointLogic.cs.meta
Assets\Scenes\Tracks\Fish Hooks Track 2.unity,80004b78694f1129edd555f7161356a9,11500000,3,True,Assets\Scripts\Assembly-CSharp\PickupSpawner.cs.meta
Assets\Scenes\Tracks\Fish Hooks Track 2.unity,e996a18e58747bf538b26a7d9874aed9,11500000,3,True,Assets\Scripts\Assembly-CSharp\WaypointLogic.cs.meta
Assets\Scenes\Tracks\Fish Hooks Track 2.unity,e996a18e58747bf538b26a7d9874aed9,11500000,3,True,Assets\Scripts\Assembly-CSharp\WaypointLogic.cs.meta
Assets\Scenes\Tracks\Fish Hooks Track 2.unity,e996a18e58747bf538b26a7d9874aed9,11500000,3,True,Assets\Scripts\Assembly-CSharp\WaypointLogic.cs.meta
Assets\Scenes\Tracks\Fish Hooks Track 2.unity,e996a18e58747bf538b26a7d9874aed9,11500000,3,True,Assets\Scripts\Assembly-CSharp\WaypointLogic.cs.meta
Assets\Scenes\Tracks\Fish Hooks Track 2.unity,5db77d8b07b73380826e12a6a2c9f105,11500000,3,True,Assets\Scripts\Assembly-CSharp\ParticleReducer.cs.meta
Assets\Scenes\Tracks\Fish Hooks Track 2.unity,9b4892a27c501fc32d10289e8a2709d7,11500000,3,True,Assets\Scripts\Assembly-CSharp\CoinPoint.cs.meta
Assets\Scenes\Tracks\Fish Hooks Track 2.unity,540d7059364354e249f259edfef5d69a,11500000,3,True,Assets\Scripts\Assembly-CSharp\SpeedPoint.cs.meta
Assets\Scenes\Tracks\Fish Hooks Track 2.unity,5db77d8b07b73380826e12a6a2c9f105,11500000,3,True,Assets\Scripts\Assembly-CSharp\ParticleReducer.cs.meta
Assets\Scenes\Tracks\Fish Hooks Track 2.unity,e996a18e58747bf538b26a7d9874aed9,11500000,3,True,Assets\Scripts\Assembly-CSharp\WaypointLogic.cs.meta
Assets\Scenes\Tracks\Fish Hooks Track 2.unity,1c4ae306c74fe3c4b51dd0855a00f46e,11500000,3,True,Assets\Scripts\Assembly-CSharp\BubbleJet.cs.meta
Assets\Scenes\Tracks\Fish Hooks Track 2.unity,e996a18e58747bf538b26a7d9874aed9,11500000,3,True,Assets\Scripts\Assembly-CSharp\WaypointLogic.cs.meta
Assets\Scenes\Tracks\Fish Hooks Track 2.unity,e996a18e58747bf538b26a7d9874aed9,11500000,3,True,Assets\Scripts\Assembly-CSharp\WaypointLogic.cs.meta
Assets\Scenes\Tracks\Fish Hooks Track 2.unity,e996a18e58747bf538b26a7d9874aed9,11500000,3,True,Assets\Scripts\Assembly-CSharp\WaypointLogic.cs.meta
Assets\Scenes\Tracks\Fish Hooks Track 2.unity,540d7059364354e249f259edfef5d69a,11500000,3,True,Assets\Scripts\Assembly-CSharp\SpeedPoint.cs.meta
Assets\Scenes\Tracks\Fish Hooks Track 2.unity,e996a18e58747bf538b26a7d9874aed9,11500000,3,True,Assets\Scripts\Assembly-CSharp\WaypointLogic.cs.meta
Assets\Scenes\Tracks\Fish Hooks Track 2.unity,e996a18e58747bf538b26a7d9874aed9,11500000,3,True,Assets\Scripts\Assembly-CSharp\WaypointLogic.cs.meta
Assets\Scenes\Tracks\Fish Hooks Track 2.unity,80004b78694f1129edd555f7161356a9,11500000,3,True,Assets\Scripts\Assembly-CSharp\PickupSpawner.cs.meta
Assets\Scenes\Tracks\Fish Hooks Track 2.unity,540d7059364354e249f259edfef5d69a,11500000,3,True,Assets\Scripts\Assembly-CSharp\SpeedPoint.cs.meta
Assets\Scenes\Tracks\Fish Hooks Track 2.unity,7a1d7e408882e95bdbe76a76d6f51e1c,11500000,3,True,Assets\Plugins\Assembly-CSharp-firstpass\UghButton.cs.meta
Assets\Scenes\Tracks\Fish Hooks Track 2.unity,540d7059364354e249f259edfef5d69a,11500000,3,True,Assets\Scripts\Assembly-CSharp\SpeedPoint.cs.meta
Assets\Scenes\Tracks\Fish Hooks Track 2.unity,e996a18e58747bf538b26a7d9874aed9,11500000,3,True,Assets\Scripts\Assembly-CSharp\WaypointLogic.cs.meta
Assets\Scenes\Tracks\Fish Hooks Track 2.unity,e996a18e58747bf538b26a7d9874aed9,11500000,3,True,Assets\Scripts\Assembly-CSharp\WaypointLogic.cs.meta
Assets\Scenes\Tracks\Fish Hooks Track 2.unity,540d7059364354e249f259edfef5d69a,11500000,3,True,Assets\Scripts\Assembly-CSharp\SpeedPoint.cs.meta
Assets\Scenes\Tracks\Fish Hooks Track 2.unity,e996a18e58747bf538b26a7d9874aed9,11500000,3,True,Assets\Scripts\Assembly-CSharp\WaypointLogic.cs.meta
Assets\Scenes\Tracks\Fish Hooks Track 2.unity,540d7059364354e249f259edfef5d69a,11500000,3,True,Assets\Scripts\Assembly-CSharp\SpeedPoint.cs.meta
Assets\Scenes\Tracks\Fish Hooks Track 2.unity,e996a18e58747bf538b26a7d9874aed9,11500000,3,True,Assets\Scripts\Assembly-CSharp\WaypointLogic.cs.meta
Assets\Scenes\Tracks\Fish Hooks Track 2.unity,e996a18e58747bf538b26a7d9874aed9,11500000,3,True,Assets\Scripts\Assembly-CSharp\WaypointLogic.cs.meta
Assets\Scenes\Tracks\Fish Hooks Track 2.unity,540d7059364354e249f259edfef5d69a,11500000,3,True,Assets\Scripts\Assembly-CSharp\SpeedPoint.cs.meta
Assets\Scenes\Tracks\Fish Hooks Track 2.unity,e996a18e58747bf538b26a7d9874aed9,11500000,3,True,Assets\Scripts\Assembly-CSharp\WaypointLogic.cs.meta
Assets\Scenes\Tracks\Fish Hooks Track 2.unity,94873483e708f4fa4a57b3033bbbcc5d,11500000,3,True,Assets\Scripts\Assembly-CSharp\AnimatedTexture.cs.meta
Assets\Scenes\Tracks\Fish Hooks Track 2.unity,0b15208c8a5ae7ff1660a3585ad68237,11500000,3,True,Assets\Scripts\Assembly-CSharp\TerrainEffectTrigger.cs.meta
Assets\Scenes\Tracks\Fish Hooks Track 2.unity,71c30d28ad73b040f6e74d951b378742,11500000,3,True,Assets\Scripts\Assembly-CSharp\ObjectTrackDistanceLogic.cs.meta
Assets\Scenes\Tracks\Fish Hooks Track 2.unity,540d7059364354e249f259edfef5d69a,11500000,3,True,Assets\Scripts\Assembly-CSharp\SpeedPoint.cs.meta
Assets\Scenes\Tracks\Fish Hooks Track 2.unity,e996a18e58747bf538b26a7d9874aed9,11500000,3,True,Assets\Scripts\Assembly-CSharp\WaypointLogic.cs.meta
Assets\Scenes\Tracks\Fish Hooks Track 2.unity,94873483e708f4fa4a57b3033bbbcc5d,11500000,3,True,Assets\Scripts\Assembly-CSharp\AnimatedTexture.cs.meta
Assets\Scenes\Tracks\Fish Hooks Track 2.unity,0b15208c8a5ae7ff1660a3585ad68237,11500000,3,True,Assets\Scripts\Assembly-CSharp\TerrainEffectTrigger.cs.meta
Assets\Scenes\Tracks\Fish Hooks Track 2.unity,71c30d28ad73b040f6e74d951b378742,11500000,3,True,Assets\Scripts\Assembly-CSharp\ObjectTrackDistanceLogic.cs.meta
Assets\Scenes\Tracks\Fish Hooks Track 2.unity,e996a18e58747bf538b26a7d9874aed9,11500000,3,True,Assets\Scripts\Assembly-CSharp\WaypointLogic.cs.meta
Assets\Scenes\Tracks\Fish Hooks Track 2.unity,71c30d28ad73b040f6e74d951b378742,11500000,3,True,Assets\Scripts\Assembly-CSharp\ObjectTrackDistanceLogic.cs.meta
Assets\Scenes\Tracks\Fish Hooks Track 2.unity,0b15208c8a5ae7ff1660a3585ad68237,11500000,3,True,Assets\Scripts\Assembly-CSharp\TerrainEffectTrigger.cs.meta
Assets\Scenes\Tracks\Fish Hooks Track 2.unity,94873483e708f4fa4a57b3033bbbcc5d,11500000,3,True,Assets\Scripts\Assembly-CSharp\AnimatedTexture.cs.meta
Assets\Scenes\Tracks\Fish Hooks Track 2.unity,e996a18e58747bf538b26a7d9874aed9,11500000,3,True,Assets\Scripts\Assembly-CSharp\WaypointLogic.cs.meta
Assets\Scenes\Tracks\Fish Hooks Track 2.unity,80004b78694f1129edd555f7161356a9,11500000,3,True,Assets\Scripts\Assembly-CSharp\PickupSpawner.cs.meta
Assets\Scenes\Tracks\Fish Hooks Track 2.unity,540d7059364354e249f259edfef5d69a,11500000,3,True,Assets\Scripts\Assembly-CSharp\SpeedPoint.cs.meta
Assets\Scenes\Tracks\Fish Hooks Track 2.unity,e996a18e58747bf538b26a7d9874aed9,11500000,3,True,Assets\Scripts\Assembly-CSharp\WaypointLogic.cs.meta
Assets\Scenes\Tracks\Fish Hooks Track 2.unity,e996a18e58747bf538b26a7d9874aed9,11500000,3,True,Assets\Scripts\Assembly-CSharp\WaypointLogic.cs.meta
Assets\Scenes\Tracks\Fish Hooks Track 2.unity,e996a18e58747bf538b26a7d9874aed9,11500000,3,True,Assets\Scripts\Assembly-CSharp\WaypointLogic.cs.meta
Assets\Scenes\Tracks\Fish Hooks Track 2.unity,e996a18e58747bf538b26a7d9874aed9,11500000,3,True,Assets\Scripts\Assembly-CSharp\WaypointLogic.cs.meta
Assets\Scenes\Tracks\Fish Hooks Track 2.unity,e996a18e58747bf538b26a7d9874aed9,11500000,3,True,Assets\Scripts\Assembly-CSharp\WaypointLogic.cs.meta
Assets\Scenes\Tracks\Fish Hooks Track 2.unity,e996a18e58747bf538b26a7d9874aed9,11500000,3,True,Assets\Scripts\Assembly-CSharp\WaypointLogic.cs.meta
Assets\Scenes\Tracks\Fish Hooks Track 2.unity,540d7059364354e249f259edfef5d69a,11500000,3,True,Assets\Scripts\Assembly-CSharp\SpeedPoint.cs.meta
Assets\Scenes\Tracks\Fish Hooks Track 2.unity,540d7059364354e249f259edfef5d69a,11500000,3,True,Assets\Scripts\Assembly-CSharp\SpeedPoint.cs.meta
Assets\Scenes\Tracks\Fish Hooks Track 2.unity,5db77d8b07b73380826e12a6a2c9f105,11500000,3,True,Assets\Scripts\Assembly-CSharp\ParticleReducer.cs.meta
Assets\Scenes\Tracks\Fish Hooks Track 2.unity,540d7059364354e249f259edfef5d69a,11500000,3,True,Assets\Scripts\Assembly-CSharp\SpeedPoint.cs.meta
Assets\Scenes\Tracks\Fish Hooks Track 2.unity,e996a18e58747bf538b26a7d9874aed9,11500000,3,True,Assets\Scripts\Assembly-CSharp\WaypointLogic.cs.meta
Assets\Scenes\Tracks\Fish Hooks Track 2.unity,540d7059364354e249f259edfef5d69a,11500000,3,True,Assets\Scripts\Assembly-CSharp\SpeedPoint.cs.meta
Assets\Scenes\Tracks\Fish Hooks Track 2.unity,5db77d8b07b73380826e12a6a2c9f105,11500000,3,True,Assets\Scripts\Assembly-CSharp\ParticleReducer.cs.meta
Assets\Scenes\Tracks\Fish Hooks Track 2.unity,e996a18e58747bf538b26a7d9874aed9,11500000,3,True,Assets\Scripts\Assembly-CSharp\WaypointLogic.cs.meta
Assets\Scenes\Tracks\Fish Hooks Track 2.unity,e33080df6ca488dc2ddb7522478f5e36,11500000,3,True,Assets\Scripts\Assembly-CSharp\SoundLibraryAddendum.cs.meta
Assets\Scenes\Tracks\Fish Hooks Track 2.unity,540d7059364354e249f259edfef5d69a,11500000,3,True,Assets\Scripts\Assembly-CSharp\SpeedPoint.cs.meta
Assets\Scenes\Tracks\Fish Hooks Track 2.unity,e996a18e58747bf538b26a7d9874aed9,11500000,3,True,Assets\Scripts\Assembly-CSharp\WaypointLogic.cs.meta
Assets\Scenes\Tracks\Fish Hooks Track 2.unity,e996a18e58747bf538b26a7d9874aed9,11500000,3,True,Assets\Scripts\Assembly-CSharp\WaypointLogic.cs.meta
Assets\Scenes\Tracks\Fish Hooks Track 2.unity,e996a18e58747bf538b26a7d9874aed9,11500000,3,True,Assets\Scripts\Assembly-CSharp\WaypointLogic.cs.meta
Assets\Scenes\Tracks\Fish Hooks Track 2.unity,e996a18e58747bf538b26a7d9874aed9,11500000,3,True,Assets\Scripts\Assembly-CSharp\WaypointLogic.cs.meta
Assets\Scenes\Tracks\Fish Hooks Track 2.unity,e996a18e58747bf538b26a7d9874aed9,11500000,3,True,Assets\Scripts\Assembly-CSharp\WaypointLogic.cs.meta
Assets\Scenes\Tracks\Fish Hooks Track 2.unity,7a1d7e408882e95bdbe76a76d6f51e1c,11500000,3,True,Assets\Plugins\Assembly-CSharp-firstpass\UghButton.cs.meta
Assets\Scenes\Tracks\Fish Hooks Track 2.unity,540d7059364354e249f259edfef5d69a,11500000,3,True,Assets\Scripts\Assembly-CSharp\SpeedPoint.cs.meta
Assets\Scenes\Tracks\Fish Hooks Track 2.unity,e996a18e58747bf538b26a7d9874aed9,11500000,3,True,Assets\Scripts\Assembly-CSharp\WaypointLogic.cs.meta
Assets\Scenes\Tracks\Fish Hooks Track 2.unity,540d7059364354e249f259edfef5d69a,11500000,3,True,Assets\Scripts\Assembly-CSharp\SpeedPoint.cs.meta
Assets\Scenes\Tracks\Fish Hooks Track 2.unity,540d7059364354e249f259edfef5d69a,11500000,3,True,Assets\Scripts\Assembly-CSharp\SpeedPoint.cs.meta
Assets\Scenes\Tracks\Fish Hooks Track 2.unity,e996a18e58747bf538b26a7d9874aed9,11500000,3,True,Assets\Scripts\Assembly-CSharp\WaypointLogic.cs.meta
Assets\Scenes\Tracks\Fish Hooks Track 2.unity,e996a18e58747bf538b26a7d9874aed9,11500000,3,True,Assets\Scripts\Assembly-CSharp\WaypointLogic.cs.meta
Assets\Scenes\Tracks\Fish Hooks Track 2.unity,c67f46bd4e340aa7f64a8e2ae3c03a27,11500000,3,True,Assets\Scripts\Assembly-CSharp\ResetTrigger.cs.meta
Assets\Scenes\Tracks\Fish Hooks Track 2.unity,e996a18e58747bf538b26a7d9874aed9,11500000,3,True,Assets\Scripts\Assembly-CSharp\WaypointLogic.cs.meta
Assets\Scenes\Tracks\Fish Hooks Track 2.unity,540d7059364354e249f259edfef5d69a,11500000,3,True,Assets\Scripts\Assembly-CSharp\SpeedPoint.cs.meta
Assets\Scenes\Tracks\Fish Hooks Track 2.unity,e996a18e58747bf538b26a7d9874aed9,11500000,3,True,Assets\Scripts\Assembly-CSharp\WaypointLogic.cs.meta
Assets\Scenes\Tracks\Fish Hooks Track 2.unity,80004b78694f1129edd555f7161356a9,11500000,3,True,Assets\Scripts\Assembly-CSharp\PickupSpawner.cs.meta
Assets\Scenes\Tracks\Fish Hooks Track 2.unity,540d7059364354e249f259edfef5d69a,11500000,3,True,Assets\Scripts\Assembly-CSharp\SpeedPoint.cs.meta
Assets\Scenes\Tracks\Fish Hooks Track 2.unity,540d7059364354e249f259edfef5d69a,11500000,3,True,Assets\Scripts\Assembly-CSharp\SpeedPoint.cs.meta
Assets\Scenes\Tracks\Fish Hooks Track 2.unity,e996a18e58747bf538b26a7d9874aed9,11500000,3,True,Assets\Scripts\Assembly-CSharp\WaypointLogic.cs.meta
Assets\Scenes\Tracks\Fish Hooks Track 2.unity,540d7059364354e249f259edfef5d69a,11500000,3,True,Assets\Scripts\Assembly-CSharp\SpeedPoint.cs.meta
Assets\Scenes\Tracks\Fish Hooks Track 2.unity,bd6a084f77b1c5536a730558e15b2115,11500000,3,True,Assets\Scripts\Assembly-CSharp\Crab.cs.meta
Assets\Scenes\Tracks\Fish Hooks Track 2.unity,0b15208c8a5ae7ff1660a3585ad68237,11500000,3,True,Assets\Scripts\Assembly-CSharp\TerrainEffectTrigger.cs.meta
Assets\Scenes\Tracks\Fish Hooks Track 2.unity,e996a18e58747bf538b26a7d9874aed9,11500000,3,True,Assets\Scripts\Assembly-CSharp\WaypointLogic.cs.meta
Assets\Scenes\Tracks\Fish Hooks Track 2.unity,540d7059364354e249f259edfef5d69a,11500000,3,True,Assets\Scripts\Assembly-CSharp\SpeedPoint.cs.meta
Assets\Scenes\Tracks\Fish Hooks Track 2.unity,540d7059364354e249f259edfef5d69a,11500000,3,True,Assets\Scripts\Assembly-CSharp\SpeedPoint.cs.meta
Assets\Scenes\Tracks\Fish Hooks Track 2.unity,e996a18e58747bf538b26a7d9874aed9,11500000,3,True,Assets\Scripts\Assembly-CSharp\WaypointLogic.cs.meta
Assets\Scenes\Tracks\Fish Hooks Track 2.unity,e996a18e58747bf538b26a7d9874aed9,11500000,3,True,Assets\Scripts\Assembly-CSharp\WaypointLogic.cs.meta
Assets\Scenes\Tracks\Fish Hooks Track 2.unity,540d7059364354e249f259edfef5d69a,11500000,3,True,Assets\Scripts\Assembly-CSharp\SpeedPoint.cs.meta
Assets\Scenes\Tracks\Fish Hooks Track 2.unity,e996a18e58747bf538b26a7d9874aed9,11500000,3,True,Assets\Scripts\Assembly-CSharp\WaypointLogic.cs.meta
Assets\Scenes\Tracks\Fish Hooks Track 2.unity,e996a18e58747bf538b26a7d9874aed9,11500000,3,True,Assets\Scripts\Assembly-CSharp\WaypointLogic.cs.meta
Assets\Scenes\Tracks\Fish Hooks Track 2.unity,e996a18e58747bf538b26a7d9874aed9,11500000,3,True,Assets\Scripts\Assembly-CSharp\WaypointLogic.cs.meta
Assets\Scenes\Tracks\Fish Hooks Track 2.unity,1cc58fe5defa6bb88edc43c0229d6967,11500000,3,True,Assets\Scripts\Assembly-CSharp\SpringTrigger.cs.meta
Assets\Scenes\Tracks\Fish Hooks Track 2.unity,71c30d28ad73b040f6e74d951b378742,11500000,3,True,Assets\Scripts\Assembly-CSharp\ObjectTrackDistanceLogic.cs.meta
Assets\Scenes\Tracks\Fish Hooks Track 2.unity,540d7059364354e249f259edfef5d69a,11500000,3,True,Assets\Scripts\Assembly-CSharp\SpeedPoint.cs.meta
Assets\Scenes\Tracks\Fish Hooks Track 2.unity,5db77d8b07b73380826e12a6a2c9f105,11500000,3,True,Assets\Scripts\Assembly-CSharp\ParticleReducer.cs.meta
Assets\Scenes\Tracks\Fish Hooks Track 2.unity,540d7059364354e249f259edfef5d69a,11500000,3,True,Assets\Scripts\Assembly-CSharp\SpeedPoint.cs.meta
Assets\Scenes\Tracks\Fish Hooks Track 2.unity,e996a18e58747bf538b26a7d9874aed9,11500000,3,True,Assets\Scripts\Assembly-CSharp\WaypointLogic.cs.meta
Assets\Scenes\Tracks\Fish Hooks Track 2.unity,540d7059364354e249f259edfef5d69a,11500000,3,True,Assets\Scripts\Assembly-CSharp\SpeedPoint.cs.meta
Assets\Scenes\Tracks\Fish Hooks Track 2.unity,e996a18e58747bf538b26a7d9874aed9,11500000,3,True,Assets\Scripts\Assembly-CSharp\WaypointLogic.cs.meta
Assets\Scenes\Tracks\Fish Hooks Track 2.unity,540d7059364354e249f259edfef5d69a,11500000,3,True,Assets\Scripts\Assembly-CSharp\SpeedPoint.cs.meta
Assets\Scenes\Tracks\Fish Hooks Track 2.unity,71c30d28ad73b040f6e74d951b378742,11500000,3,True,Assets\Scripts\Assembly-CSharp\ObjectTrackDistanceLogic.cs.meta
Assets\Scenes\Tracks\Fish Hooks Track 2.unity,0b15208c8a5ae7ff1660a3585ad68237,11500000,3,True,Assets\Scripts\Assembly-CSharp\TerrainEffectTrigger.cs.meta
Assets\Scenes\Tracks\Fish Hooks Track 2.unity,94873483e708f4fa4a57b3033bbbcc5d,11500000,3,True,Assets\Scripts\Assembly-CSharp\AnimatedTexture.cs.meta
Assets\Scenes\Tracks\Fish Hooks Track 2.unity,540d7059364354e249f259edfef5d69a,11500000,3,True,Assets\Scripts\Assembly-CSharp\SpeedPoint.cs.meta
Assets\Scenes\Tracks\Fish Hooks Track 2.unity,e996a18e58747bf538b26a7d9874aed9,11500000,3,True,Assets\Scripts\Assembly-CSharp\WaypointLogic.cs.meta
Assets\Scenes\Tracks\Fish Hooks Track 2.unity,e996a18e58747bf538b26a7d9874aed9,11500000,3,True,Assets\Scripts\Assembly-CSharp\WaypointLogic.cs.meta
Assets\Scenes\Tracks\Fish Hooks Track 2.unity,e996a18e58747bf538b26a7d9874aed9,11500000,3,True,Assets\Scripts\Assembly-CSharp\WaypointLogic.cs.meta
Assets\Scenes\Tracks\Fish Hooks Track 2.unity,e996a18e58747bf538b26a7d9874aed9,11500000,3,True,Assets\Scripts\Assembly-CSharp\WaypointLogic.cs.meta
Assets\Scenes\Tracks\Fish Hooks Track 2.unity,540d7059364354e249f259edfef5d69a,11500000,3,True,Assets\Scripts\Assembly-CSharp\SpeedPoint.cs.meta
Assets\Scenes\Tracks\Fish Hooks Track 2.unity,540d7059364354e249f259edfef5d69a,11500000,3,True,Assets\Scripts\Assembly-CSharp\SpeedPoint.cs.meta
Assets\Scenes\Tracks\Fish Hooks Track 2.unity,94873483e708f4fa4a57b3033bbbcc5d,11500000,3,True,Assets\Scripts\Assembly-CSharp\AnimatedTexture.cs.meta
Assets\Scenes\Tracks\Fish Hooks Track 2.unity,0b15208c8a5ae7ff1660a3585ad68237,11500000,3,True,Assets\Scripts\Assembly-CSharp\TerrainEffectTrigger.cs.meta
Assets\Scenes\Tracks\Fish Hooks Track 2.unity,71c30d28ad73b040f6e74d951b378742,11500000,3,True,Assets\Scripts\Assembly-CSharp\ObjectTrackDistanceLogic.cs.meta
Assets\Scenes\Tracks\Fish Hooks Track 2.unity,e996a18e58747bf538b26a7d9874aed9,11500000,3,True,Assets\Scripts\Assembly-CSharp\WaypointLogic.cs.meta
Assets\Scenes\Tracks\Fish Hooks Track 2.unity,a5927ab13b8fd57ed5089057e948c6a8,11500000,3,True,Assets\Scripts\Assembly-CSharp\ProgressTriggerLogic.cs.meta
Assets\Scenes\Tracks\Fish Hooks Track 2.unity,540d7059364354e249f259edfef5d69a,11500000,3,True,Assets\Scripts\Assembly-CSharp\SpeedPoint.cs.meta
Assets\Scenes\Tracks\Fish Hooks Track 2.unity,e996a18e58747bf538b26a7d9874aed9,11500000,3,True,Assets\Scripts\Assembly-CSharp\WaypointLogic.cs.meta
Assets\Scenes\Tracks\Fish Hooks Track 2.unity,e996a18e58747bf538b26a7d9874aed9,11500000,3,True,Assets\Scripts\Assembly-CSharp\WaypointLogic.cs.meta
Assets\Scenes\Tracks\Fish Hooks Track 2.unity,e171dc7613dc84903f6b62f321860d38,11500000,3,True,Assets\Plugins\Assembly-CSharp-firstpass\UghAlign.cs.meta
Assets\Scenes\Tracks\Fish Hooks Track 2.unity,e996a18e58747bf538b26a7d9874aed9,11500000,3,True,Assets\Scripts\Assembly-CSharp\WaypointLogic.cs.meta
Assets\Scenes\Tracks\Fish Hooks Track 2.unity,540d7059364354e249f259edfef5d69a,11500000,3,True,Assets\Scripts\Assembly-CSharp\SpeedPoint.cs.meta
Assets\Scenes\Tracks\Fish Hooks Track 2.unity,e996a18e58747bf538b26a7d9874aed9,11500000,3,True,Assets\Scripts\Assembly-CSharp\WaypointLogic.cs.meta
Assets\Scenes\Tracks\Fish Hooks Track 2.unity,540d7059364354e249f259edfef5d69a,11500000,3,True,Assets\Scripts\Assembly-CSharp\SpeedPoint.cs.meta
Assets\Scenes\Tracks\Fish Hooks Track 2.unity,540d7059364354e249f259edfef5d69a,11500000,3,True,Assets\Scripts\Assembly-CSharp\SpeedPoint.cs.meta
Assets\Scenes\Tracks\Fish Hooks Track 2.unity,a5927ab13b8fd57ed5089057e948c6a8,11500000,3,True,Assets\Scripts\Assembly-CSharp\ProgressTriggerLogic.cs.meta
Assets\Scenes\Tracks\Fish Hooks Track 2.unity,540d7059364354e249f259edfef5d69a,11500000,3,True,Assets\Scripts\Assembly-CSharp\SpeedPoint.cs.meta
Assets\Scenes\Tracks\Fish Hooks Track 2.unity,e996a18e58747bf538b26a7d9874aed9,11500000,3,True,Assets\Scripts\Assembly-CSharp\WaypointLogic.cs.meta
Assets\Scenes\Tracks\Fish Hooks Track 2.unity,e996a18e58747bf538b26a7d9874aed9,11500000,3,True,Assets\Scripts\Assembly-CSharp\WaypointLogic.cs.meta
Assets\Scenes\Tracks\Fish Hooks Track 2.unity,540d7059364354e249f259edfef5d69a,11500000,3,True,Assets\Scripts\Assembly-CSharp\SpeedPoint.cs.meta
Assets\Scenes\Tracks\Fish Hooks Track 2.unity,246f7afd4c00a9e3e9edfd9f644012c9,11500000,3,True,Assets\Scripts\Assembly-CSharp\DebugTrackStrapper.cs.meta
Assets\Scenes\Tracks\Fish Hooks Track 2.unity,540d7059364354e249f259edfef5d69a,11500000,3,True,Assets\Scripts\Assembly-CSharp\SpeedPoint.cs.meta
Assets\Scenes\Tracks\Fish Hooks Track 2.unity,540d7059364354e249f259edfef5d69a,11500000,3,True,Assets\Scripts\Assembly-CSharp\SpeedPoint.cs.meta
Assets\Scenes\Tracks\Fish Hooks Track 2.unity,e996a18e58747bf538b26a7d9874aed9,11500000,3,True,Assets\Scripts\Assembly-CSharp\WaypointLogic.cs.meta
Assets\Scenes\Tracks\Fish Hooks Track 2.unity,84dedd87b078241ae96d152250730014,11500000,3,True,Assets\Plugins\Assembly-CSharp-firstpass\UghSprite.cs.meta
Assets\Scenes\Tracks\Fish Hooks Track 2.unity,e996a18e58747bf538b26a7d9874aed9,11500000,3,True,Assets\Scripts\Assembly-CSharp\WaypointLogic.cs.meta
Assets\Scenes\Tracks\Fish Hooks Track 2.unity,540d7059364354e249f259edfef5d69a,11500000,3,True,Assets\Scripts\Assembly-CSharp\SpeedPoint.cs.meta
Assets\Scenes\Tracks\Fish Hooks Track 2.unity,e996a18e58747bf538b26a7d9874aed9,11500000,3,True,Assets\Scripts\Assembly-CSharp\WaypointLogic.cs.meta
Assets\Scenes\Tracks\Fish Hooks Track 2.unity,8fcdaa4213aa6ec14c06f158bdb5d5ff,11500000,3,True,Assets\Scripts\Assembly-CSharp\LocalizedAssetSwapper.cs.meta
Assets\Scenes\Tracks\Fish Hooks Track 2.unity,e996a18e58747bf538b26a7d9874aed9,11500000,3,True,Assets\Scripts\Assembly-CSharp\WaypointLogic.cs.meta
Assets\Scenes\Tracks\Fish Hooks Track 2.unity,84dedd87b078241ae96d152250730014,11500000,3,True,Assets\Plugins\Assembly-CSharp-firstpass\UghSprite.cs.meta
Assets\Scenes\Tracks\Fish Hooks Track 2.unity,540d7059364354e249f259edfef5d69a,11500000,3,True,Assets\Scripts\Assembly-CSharp\SpeedPoint.cs.meta
Assets\Scenes\Tracks\Fish Hooks Track 2.unity,e996a18e58747bf538b26a7d9874aed9,11500000,3,True,Assets\Scripts\Assembly-CSharp\WaypointLogic.cs.meta
Assets\Scenes\Tracks\Fish Hooks Track 2.unity,e996a18e58747bf538b26a7d9874aed9,11500000,3,True,Assets\Scripts\Assembly-CSharp\WaypointLogic.cs.meta
Assets\Scenes\Tracks\Fish Hooks Track 2.unity,84dedd87b078241ae96d152250730014,11500000,3,True,Assets\Plugins\Assembly-CSharp-firstpass\UghSprite.cs.meta
Assets\Scenes\Tracks\Fish Hooks Track 2.unity,84dedd87b078241ae96d152250730014,11500000,3,True,Assets\Plugins\Assembly-CSharp-firstpass\UghSprite.cs.meta
Assets\Scenes\Tracks\Fish Hooks Track 2.unity,5db77d8b07b73380826e12a6a2c9f105,11500000,3,True,Assets\Scripts\Assembly-CSharp\ParticleReducer.cs.meta
Assets\Scenes\Tracks\Fish Hooks Track 2.unity,80004b78694f1129edd555f7161356a9,11500000,3,True,Assets\Scripts\Assembly-CSharp\PickupSpawner.cs.meta
Assets\Scenes\Tracks\Fish Hooks Track 2.unity,80004b78694f1129edd555f7161356a9,11500000,3,True,Assets\Scripts\Assembly-CSharp\PickupSpawner.cs.meta
Assets\Scenes\Tracks\Fish Hooks Track 2.unity,e996a18e58747bf538b26a7d9874aed9,11500000,3,True,Assets\Scripts\Assembly-CSharp\WaypointLogic.cs.meta
Assets\Scenes\Tracks\Fish Hooks Track 2.unity,540d7059364354e249f259edfef5d69a,11500000,3,True,Assets\Scripts\Assembly-CSharp\SpeedPoint.cs.meta
Assets\Scenes\Tracks\Fish Hooks Track 2.unity,e996a18e58747bf538b26a7d9874aed9,11500000,3,True,Assets\Scripts\Assembly-CSharp\WaypointLogic.cs.meta
Assets\Scenes\Tracks\Fish Hooks Track 2.unity,540d7059364354e249f259edfef5d69a,11500000,3,True,Assets\Scripts\Assembly-CSharp\SpeedPoint.cs.meta
Assets\Scenes\Tracks\Fish Hooks Track 2.unity,e996a18e58747bf538b26a7d9874aed9,11500000,3,True,Assets\Scripts\Assembly-CSharp\WaypointLogic.cs.meta
Assets\Scenes\Tracks\Fish Hooks Track 2.unity,540d7059364354e249f259edfef5d69a,11500000,3,True,Assets\Scripts\Assembly-CSharp\SpeedPoint.cs.meta
Assets\Scenes\Tracks\Fish Hooks Track 2.unity,e996a18e58747bf538b26a7d9874aed9,11500000,3,True,Assets\Scripts\Assembly-CSharp\WaypointLogic.cs.meta
Assets\Scenes\Tracks\Fish Hooks Track 2.unity,e171dc7613dc84903f6b62f321860d38,11500000,3,True,Assets\Plugins\Assembly-CSharp-firstpass\UghAlign.cs.meta
Assets\Scenes\Tracks\Fish Hooks Track 2.unity,e996a18e58747bf538b26a7d9874aed9,11500000,3,True,Assets\Scripts\Assembly-CSharp\WaypointLogic.cs.meta
Assets\Scenes\Tracks\Fish Hooks Track 2.unity,c67f46bd4e340aa7f64a8e2ae3c03a27,11500000,3,True,Assets\Scripts\Assembly-CSharp\ResetTrigger.cs.meta
Assets\Scenes\Tracks\Fish Hooks Track 2.unity,e996a18e58747bf538b26a7d9874aed9,11500000,3,True,Assets\Scripts\Assembly-CSharp\WaypointLogic.cs.meta
Assets\Scenes\Tracks\Fish Hooks Track 2.unity,e996a18e58747bf538b26a7d9874aed9,11500000,3,True,Assets\Scripts\Assembly-CSharp\WaypointLogic.cs.meta
Assets\Scenes\Tracks\Fish Hooks Track 2.unity,540d7059364354e249f259edfef5d69a,11500000,3,True,Assets\Scripts\Assembly-CSharp\SpeedPoint.cs.meta
Assets\Scenes\Tracks\Fish Hooks Track 2.unity,540d7059364354e249f259edfef5d69a,11500000,3,True,Assets\Scripts\Assembly-CSharp\SpeedPoint.cs.meta
Assets\Scenes\Tracks\Fish Hooks Track 2.unity,e996a18e58747bf538b26a7d9874aed9,11500000,3,True,Assets\Scripts\Assembly-CSharp\WaypointLogic.cs.meta
Assets\Scenes\Tracks\Fish Hooks Track 2.unity,e996a18e58747bf538b26a7d9874aed9,11500000,3,True,Assets\Scripts\Assembly-CSharp\WaypointLogic.cs.meta
Assets\Scenes\Tracks\Fish Hooks Track 2.unity,71c30d28ad73b040f6e74d951b378742,11500000,3,True,Assets\Scripts\Assembly-CSharp\ObjectTrackDistanceLogic.cs.meta
Assets\Scenes\Tracks\Fish Hooks Track 2.unity,0b15208c8a5ae7ff1660a3585ad68237,11500000,3,True,Assets\Scripts\Assembly-CSharp\TerrainEffectTrigger.cs.meta
Assets\Scenes\Tracks\Fish Hooks Track 2.unity,94873483e708f4fa4a57b3033bbbcc5d,11500000,3,True,Assets\Scripts\Assembly-CSharp\AnimatedTexture.cs.meta
Assets\Scenes\Tracks\Fish Hooks Track 2.unity,e996a18e58747bf538b26a7d9874aed9,11500000,3,True,Assets\Scripts\Assembly-CSharp\WaypointLogic.cs.meta
Assets\Scenes\Tracks\Fish Hooks Track 2.unity,054475368ac70ce39f51fab67e0d6080,11500000,3,True,Assets\Scripts\Assembly-CSharp\ReverseButton.cs.meta
Assets\Scenes\Tracks\Fish Hooks Track 2.unity,84dedd87b078241ae96d152250730014,11500000,3,True,Assets\Plugins\Assembly-CSharp-firstpass\UghSprite.cs.meta
Assets\Scenes\Tracks\Fish Hooks Track 2.unity,e996a18e58747bf538b26a7d9874aed9,11500000,3,True,Assets\Scripts\Assembly-CSharp\WaypointLogic.cs.meta
Assets\Scenes\Tracks\Fish Hooks Track 2.unity,540d7059364354e249f259edfef5d69a,11500000,3,True,Assets\Scripts\Assembly-CSharp\SpeedPoint.cs.meta
Assets\Scenes\Tracks\Fish Hooks Track 2.unity,e996a18e58747bf538b26a7d9874aed9,11500000,3,True,Assets\Scripts\Assembly-CSharp\WaypointLogic.cs.meta
Assets\Scenes\Tracks\Fish Hooks Track 2.unity,e996a18e58747bf538b26a7d9874aed9,11500000,3,True,Assets\Scripts\Assembly-CSharp\WaypointLogic.cs.meta
Assets\Scenes\Tracks\Fish Hooks Track 2.unity,e996a18e58747bf538b26a7d9874aed9,11500000,3,True,Assets\Scripts\Assembly-CSharp\WaypointLogic.cs.meta
Assets\Scenes\Tracks\Fish Hooks Track 2.unity,5db77d8b07b73380826e12a6a2c9f105,11500000,3,True,Assets\Scripts\Assembly-CSharp\ParticleReducer.cs.meta
Assets\Scenes\Tracks\Fish Hooks Track 2.unity,94873483e708f4fa4a57b3033bbbcc5d,11500000,3,True,Assets\Scripts\Assembly-CSharp\AnimatedTexture.cs.meta
Assets\Scenes\Tracks\Fish Hooks Track 2.unity,0b15208c8a5ae7ff1660a3585ad68237,11500000,3,True,Assets\Scripts\Assembly-CSharp\TerrainEffectTrigger.cs.meta
Assets\Scenes\Tracks\Fish Hooks Track 2.unity,71c30d28ad73b040f6e74d951b378742,11500000,3,True,Assets\Scripts\Assembly-CSharp\ObjectTrackDistanceLogic.cs.meta
Assets\Scenes\Tracks\Fish Hooks Track 2.unity,540d7059364354e249f259edfef5d69a,11500000,3,True,Assets\Scripts\Assembly-CSharp\SpeedPoint.cs.meta
Assets\Scenes\Tracks\Fish Hooks Track 2.unity,e996a18e58747bf538b26a7d9874aed9,11500000,3,True,Assets\Scripts\Assembly-CSharp\WaypointLogic.cs.meta
Assets\Scenes\Tracks\Fish Hooks Track 2.unity,84dedd87b078241ae96d152250730014,11500000,3,True,Assets\Plugins\Assembly-CSharp-firstpass\UghSprite.cs.meta
Assets\Scenes\Tracks\Fish Hooks Track 2.unity,540d7059364354e249f259edfef5d69a,11500000,3,True,Assets\Scripts\Assembly-CSharp\SpeedPoint.cs.meta
Assets\Scenes\Tracks\Fish Hooks Track 2.unity,e996a18e58747bf538b26a7d9874aed9,11500000,3,True,Assets\Scripts\Assembly-CSharp\WaypointLogic.cs.meta
Assets\Scenes\Tracks\Fish Hooks Track 2.unity,540d7059364354e249f259edfef5d69a,11500000,3,True,Assets\Scripts\Assembly-CSharp\SpeedPoint.cs.meta
Assets\Scenes\Tracks\Fish Hooks Track 2.unity,e996a18e58747bf538b26a7d9874aed9,11500000,3,True,Assets\Scripts\Assembly-CSharp\WaypointLogic.cs.meta
Assets\Scenes\Tracks\Fish Hooks Track 2.unity,5db77d8b07b73380826e12a6a2c9f105,11500000,3,True,Assets\Scripts\Assembly-CSharp\ParticleReducer.cs.meta
Assets\Scenes\Tracks\Fish Hooks Track 2.unity,d09d2adc5b0d83f0319647719c1b9457,11500000,3,True,Assets\Scripts\Assembly-CSharp\LowEndInhibitor.cs.meta
Assets\Scenes\Tracks\Fish Hooks Track 2.unity,222969e5f509aca8e5d482c6c17f2a47,11500000,3,True,Assets\Scripts\Assembly-CSharp\HUDLogic.cs.meta
Assets\Scenes\Tracks\Fish Hooks Track 2.unity,e996a18e58747bf538b26a7d9874aed9,11500000,3,True,Assets\Scripts\Assembly-CSharp\WaypointLogic.cs.meta
Assets\Scenes\Tracks\Fish Hooks Track 2.unity,80004b78694f1129edd555f7161356a9,11500000,3,True,Assets\Scripts\Assembly-CSharp\PickupSpawner.cs.meta
Assets\Scenes\Tracks\Fish Hooks Track 2.unity,e996a18e58747bf538b26a7d9874aed9,11500000,3,True,Assets\Scripts\Assembly-CSharp\WaypointLogic.cs.meta
Assets\Scenes\Tracks\Fish Hooks Track 2.unity,540d7059364354e249f259edfef5d69a,11500000,3,True,Assets\Scripts\Assembly-CSharp\SpeedPoint.cs.meta
Assets\Scenes\Tracks\Fish Hooks Track 2.unity,e996a18e58747bf538b26a7d9874aed9,11500000,3,True,Assets\Scripts\Assembly-CSharp\WaypointLogic.cs.meta
Assets\Scenes\Tracks\Fish Hooks Track 2.unity,e996a18e58747bf538b26a7d9874aed9,11500000,3,True,Assets\Scripts\Assembly-CSharp\WaypointLogic.cs.meta
Assets\Scenes\Tracks\Fish Hooks Track 2.unity,e996a18e58747bf538b26a7d9874aed9,11500000,3,True,Assets\Scripts\Assembly-CSharp\WaypointLogic.cs.meta
Assets\Scenes\Tracks\Fish Hooks Track 2.unity,e996a18e58747bf538b26a7d9874aed9,11500000,3,True,Assets\Scripts\Assembly-CSharp\WaypointLogic.cs.meta
Assets\Scenes\Tracks\Fish Hooks Track 2.unity,71c30d28ad73b040f6e74d951b378742,11500000,3,True,Assets\Scripts\Assembly-CSharp\ObjectTrackDistanceLogic.cs.meta
Assets\Scenes\Tracks\Fish Hooks Track 2.unity,0b15208c8a5ae7ff1660a3585ad68237,11500000,3,True,Assets\Scripts\Assembly-CSharp\TerrainEffectTrigger.cs.meta
Assets\Scenes\Tracks\Fish Hooks Track 2.unity,94873483e708f4fa4a57b3033bbbcc5d,11500000,3,True,Assets\Scripts\Assembly-CSharp\AnimatedTexture.cs.meta
Assets\Scenes\Tracks\Fish Hooks Track 2.unity,540d7059364354e249f259edfef5d69a,11500000,3,True,Assets\Scripts\Assembly-CSharp\SpeedPoint.cs.meta
Assets\Scenes\Tracks\Fish Hooks Track 2.unity,80004b78694f1129edd555f7161356a9,11500000,3,True,Assets\Scripts\Assembly-CSharp\PickupSpawner.cs.meta
Assets\Scenes\Tracks\Fish Hooks Track 2.unity,e996a18e58747bf538b26a7d9874aed9,11500000,3,True,Assets\Scripts\Assembly-CSharp\WaypointLogic.cs.meta
Assets\Scenes\Tracks\Fish Hooks Track 2.unity,84dedd87b078241ae96d152250730014,11500000,3,True,Assets\Plugins\Assembly-CSharp-firstpass\UghSprite.cs.meta
Assets\Scenes\Tracks\Fish Hooks Track 2.unity,e996a18e58747bf538b26a7d9874aed9,11500000,3,True,Assets\Scripts\Assembly-CSharp\WaypointLogic.cs.meta
Assets\Scenes\Tracks\Fish Hooks Track 2.unity,540d7059364354e249f259edfef5d69a,11500000,3,True,Assets\Scripts\Assembly-CSharp\SpeedPoint.cs.meta
Assets\Scenes\Tracks\Fish Hooks Track 2.unity,e996a18e58747bf538b26a7d9874aed9,11500000,3,True,Assets\Scripts\Assembly-CSharp\WaypointLogic.cs.meta
Assets\Scenes\Tracks\Fish Hooks Track 2.unity,e996a18e58747bf538b26a7d9874aed9,11500000,3,True,Assets\Scripts\Assembly-CSharp\WaypointLogic.cs.meta
Assets\Scenes\Tracks\Fish Hooks Track 2.unity,540d7059364354e249f259edfef5d69a,11500000,3,True,Assets\Scripts\Assembly-CSharp\SpeedPoint.cs.meta
Assets\Scenes\Tracks\Fish Hooks Track 2.unity,e996a18e58747bf538b26a7d9874aed9,11500000,3,True,Assets\Scripts\Assembly-CSharp\WaypointLogic.cs.meta
Assets\Scenes\Tracks\Fish Hooks Track 2.unity,2d217cf7310cb33e8ef103f1af340700,11500000,3,True,Assets\Scripts\Assembly-CSharp\BlipTrackPublisher.cs.meta
Assets\Scenes\Tracks\Fish Hooks Track 2.unity,e171dc7613dc84903f6b62f321860d38,11500000,3,True,Assets\Plugins\Assembly-CSharp-firstpass\UghAlign.cs.meta
Assets\Scenes\Tracks\Fish Hooks Track 2.unity,e996a18e58747bf538b26a7d9874aed9,11500000,3,True,Assets\Scripts\Assembly-CSharp\WaypointLogic.cs.meta
Assets\Scenes\Tracks\Fish Hooks Track 2.unity,540d7059364354e249f259edfef5d69a,11500000,3,True,Assets\Scripts\Assembly-CSharp\SpeedPoint.cs.meta
Assets\Scenes\Tracks\Fish Hooks Track 2.unity,e996a18e58747bf538b26a7d9874aed9,11500000,3,True,Assets\Scripts\Assembly-CSharp\WaypointLogic.cs.meta
Assets\Scenes\Tracks\Fish Hooks Track 2.unity,e996a18e58747bf538b26a7d9874aed9,11500000,3,True,Assets\Scripts\Assembly-CSharp\WaypointLogic.cs.meta
Assets\Scenes\Tracks\Fish Hooks Track 2.unity,540d7059364354e249f259edfef5d69a,11500000,3,True,Assets\Scripts\Assembly-CSharp\SpeedPoint.cs.meta
Assets\Scenes\Tracks\Fish Hooks Track 2.unity,48302b94d9e9b333d75a5f574a6bcedf,11500000,3,True,Assets\Scripts\Assembly-CSharp\PreRaceCamera.cs.meta
Assets\Scenes\Tracks\Fish Hooks Track 2.unity,e996a18e58747bf538b26a7d9874aed9,11500000,3,True,Assets\Scripts\Assembly-CSharp\WaypointLogic.cs.meta
Assets\Scenes\Tracks\Fish Hooks Track 2.unity,e996a18e58747bf538b26a7d9874aed9,11500000,3,True,Assets\Scripts\Assembly-CSharp\WaypointLogic.cs.meta
Assets\Scenes\Tracks\Fish Hooks Track 2.unity,540d7059364354e249f259edfef5d69a,11500000,3,True,Assets\Scripts\Assembly-CSharp\SpeedPoint.cs.meta
Assets\Scenes\Tracks\Fish Hooks Track 2.unity,e996a18e58747bf538b26a7d9874aed9,11500000,3,True,Assets\Scripts\Assembly-CSharp\WaypointLogic.cs.meta
Assets\Scenes\Tracks\Fish Hooks Track 2.unity,540d7059364354e249f259edfef5d69a,11500000,3,True,Assets\Scripts\Assembly-CSharp\SpeedPoint.cs.meta
Assets\Scenes\Tracks\Fish Hooks Track 2.unity,bd6a084f77b1c5536a730558e15b2115,11500000,3,True,Assets\Scripts\Assembly-CSharp\Crab.cs.meta
Assets\Scenes\Tracks\Fish Hooks Track 2.unity,0b15208c8a5ae7ff1660a3585ad68237,11500000,3,True,Assets\Scripts\Assembly-CSharp\TerrainEffectTrigger.cs.meta
Assets\Scenes\Tracks\Fish Hooks Track 2.unity,540d7059364354e249f259edfef5d69a,11500000,3,True,Assets\Scripts\Assembly-CSharp\SpeedPoint.cs.meta
Assets\Scenes\Tracks\Fish Hooks Track 2.unity,540d7059364354e249f259edfef5d69a,11500000,3,True,Assets\Scripts\Assembly-CSharp\SpeedPoint.cs.meta
Assets\Scenes\Tracks\Fish Hooks Track 2.unity,80004b78694f1129edd555f7161356a9,11500000,3,True,Assets\Scripts\Assembly-CSharp\PickupSpawner.cs.meta
Assets\Scenes\Tracks\Fish Hooks Track 2.unity,e996a18e58747bf538b26a7d9874aed9,11500000,3,True,Assets\Scripts\Assembly-CSharp\WaypointLogic.cs.meta
Assets\Scenes\Tracks\Fish Hooks Track 2.unity,b88ab20c864889e81141f2df8a116b5b,11500000,3,True,Assets\Plugins\Assembly-CSharp-firstpass\UghText.cs.meta
Assets\Scenes\Tracks\Fish Hooks Track 2.unity,e996a18e58747bf538b26a7d9874aed9,11500000,3,True,Assets\Scripts\Assembly-CSharp\WaypointLogic.cs.meta
Assets\Scenes\Tracks\Fish Hooks Track 2.unity,840a81aeccdf70db761452515500908c,11500000,3,True,Assets\Scripts\Assembly-CSharp\CausticsManager.cs.meta
Assets\Scenes\Tracks\Fish Hooks Track 2.unity,540d7059364354e249f259edfef5d69a,11500000,3,True,Assets\Scripts\Assembly-CSharp\SpeedPoint.cs.meta
Assets\Scenes\Tracks\Fish Hooks Track 2.unity,e996a18e58747bf538b26a7d9874aed9,11500000,3,True,Assets\Scripts\Assembly-CSharp\WaypointLogic.cs.meta
Assets\Scenes\Tracks\Fish Hooks Track 2.unity,e996a18e58747bf538b26a7d9874aed9,11500000,3,True,Assets\Scripts\Assembly-CSharp\WaypointLogic.cs.meta
Assets\Scenes\Tracks\Fish Hooks Track 2.unity,897af2fedee1dbc8742a968fb3f7e962,11500000,3,True,Assets\Scripts\Assembly-CSharp\RaceManager.cs.meta
Assets\Scenes\Tracks\Fish Hooks Track 2.unity,e996a18e58747bf538b26a7d9874aed9,11500000,3,True,Assets\Scripts\Assembly-CSharp\WaypointLogic.cs.meta
Assets\Scenes\Tracks\Fish Hooks Track 2.unity,540d7059364354e249f259edfef5d69a,11500000,3,True,Assets\Scripts\Assembly-CSharp\SpeedPoint.cs.meta
Assets\Scenes\Tracks\Fish Hooks Track 2.unity,e996a18e58747bf538b26a7d9874aed9,11500000,3,True,Assets\Scripts\Assembly-CSharp\WaypointLogic.cs.meta
Assets\Scenes\Tracks\Fish Hooks Track 2.unity,e996a18e58747bf538b26a7d9874aed9,11500000,3,True,Assets\Scripts\Assembly-CSharp\WaypointLogic.cs.meta
Assets\Scenes\Tracks\Fish Hooks Track 2.unity,e996a18e58747bf538b26a7d9874aed9,11500000,3,True,Assets\Scripts\Assembly-CSharp\WaypointLogic.cs.meta
Assets\Scenes\Tracks\Fish Hooks Track 2.unity,540d7059364354e249f259edfef5d69a,11500000,3,True,Assets\Scripts\Assembly-CSharp\SpeedPoint.cs.meta
Assets\Scenes\Tracks\Fish Hooks Track 2.unity,e996a18e58747bf538b26a7d9874aed9,11500000,3,True,Assets\Scripts\Assembly-CSharp\WaypointLogic.cs.meta
Assets\Scenes\Tracks\Fish Hooks Track 2.unity,e996a18e58747bf538b26a7d9874aed9,11500000,3,True,Assets\Scripts\Assembly-CSharp\WaypointLogic.cs.meta
Assets\Scenes\Tracks\Fish Hooks Track 2.unity,e996a18e58747bf538b26a7d9874aed9,11500000,3,True,Assets\Scripts\Assembly-CSharp\WaypointLogic.cs.meta
Assets\Scenes\Tracks\Fish Hooks Track 2.unity,e996a18e58747bf538b26a7d9874aed9,11500000,3,True,Assets\Scripts\Assembly-CSharp\WaypointLogic.cs.meta
Assets\Scenes\Tracks\Fish Hooks Track 2.unity,e996a18e58747bf538b26a7d9874aed9,11500000,3,True,Assets\Scripts\Assembly-CSharp\WaypointLogic.cs.meta
Assets\Scenes\Tracks\Fish Hooks Track 2.unity,84dedd87b078241ae96d152250730014,11500000,3,True,Assets\Plugins\Assembly-CSharp-firstpass\UghSprite.cs.meta
Assets\Scenes\Tracks\Fish Hooks Track 2.unity,e996a18e58747bf538b26a7d9874aed9,11500000,3,True,Assets\Scripts\Assembly-CSharp\WaypointLogic.cs.meta
Assets\Scenes\Tracks\Fish Hooks Track 2.unity,e996a18e58747bf538b26a7d9874aed9,11500000,3,True,Assets\Scripts\Assembly-CSharp\WaypointLogic.cs.meta
Assets\Scenes\Tracks\Fish Hooks Track 2.unity,540d7059364354e249f259edfef5d69a,11500000,3,True,Assets\Scripts\Assembly-CSharp\SpeedPoint.cs.meta
Assets\Scenes\Tracks\Fish Hooks Track 2.unity,540d7059364354e249f259edfef5d69a,11500000,3,True,Assets\Scripts\Assembly-CSharp\SpeedPoint.cs.meta
Assets\Scenes\Tracks\Fish Hooks Track 2.unity,540d7059364354e249f259edfef5d69a,11500000,3,True,Assets\Scripts\Assembly-CSharp\SpeedPoint.cs.meta
Assets\Scenes\Tracks\Fish Hooks Track 2.unity,540d7059364354e249f259edfef5d69a,11500000,3,True,Assets\Scripts\Assembly-CSharp\SpeedPoint.cs.meta
Assets\Scenes\Tracks\Fish Hooks Track 2.unity,540d7059364354e249f259edfef5d69a,11500000,3,True,Assets\Scripts\Assembly-CSharp\SpeedPoint.cs.meta
Assets\Scenes\Tracks\Fish Hooks Track 2.unity,e996a18e58747bf538b26a7d9874aed9,11500000,3,True,Assets\Scripts\Assembly-CSharp\WaypointLogic.cs.meta
Assets\Scenes\Tracks\Fish Hooks Track 2.unity,e996a18e58747bf538b26a7d9874aed9,11500000,3,True,Assets\Scripts\Assembly-CSharp\WaypointLogic.cs.meta
Assets\Scenes\Tracks\Fish Hooks Track 2.unity,540d7059364354e249f259edfef5d69a,11500000,3,True,Assets\Scripts\Assembly-CSharp\SpeedPoint.cs.meta
Assets\Scenes\Tracks\Fish Hooks Track 2.unity,d023be04c46e426c31d87f45651d35dd,11500000,3,True,Assets\Plugins\Assembly-CSharp-firstpass\UghInput.cs.meta
Assets\Scenes\Tracks\Fish Hooks Track 2.unity,bd6a084f77b1c5536a730558e15b2115,11500000,3,True,Assets\Scripts\Assembly-CSharp\Crab.cs.meta
Assets\Scenes\Tracks\Fish Hooks Track 2.unity,0b15208c8a5ae7ff1660a3585ad68237,11500000,3,True,Assets\Scripts\Assembly-CSharp\TerrainEffectTrigger.cs.meta
Assets\Scenes\Tracks\Fish Hooks Track 2.unity,e996a18e58747bf538b26a7d9874aed9,11500000,3,True,Assets\Scripts\Assembly-CSharp\WaypointLogic.cs.meta
Assets\Scenes\Tracks\Fish Hooks Track 2.unity,e996a18e58747bf538b26a7d9874aed9,11500000,3,True,Assets\Scripts\Assembly-CSharp\WaypointLogic.cs.meta
Assets\Scenes\Tracks\Fish Hooks Track 2.unity,540d7059364354e249f259edfef5d69a,11500000,3,True,Assets\Scripts\Assembly-CSharp\SpeedPoint.cs.meta
Assets\Scenes\Tracks\Fish Hooks Track 2.unity,5db77d8b07b73380826e12a6a2c9f105,11500000,3,True,Assets\Scripts\Assembly-CSharp\ParticleReducer.cs.meta
Assets\Scenes\Tracks\Fish Hooks Track 2.unity,e996a18e58747bf538b26a7d9874aed9,11500000,3,True,Assets\Scripts\Assembly-CSharp\WaypointLogic.cs.meta
Assets\Scenes\Tracks\Fish Hooks Track 2.unity,e996a18e58747bf538b26a7d9874aed9,11500000,3,True,Assets\Scripts\Assembly-CSharp\WaypointLogic.cs.meta
Assets\Scenes\Tracks\Fish Hooks Track 2.unity,1c4ae306c74fe3c4b51dd0855a00f46e,11500000,3,True,Assets\Scripts\Assembly-CSharp\BubbleJet.cs.meta
Assets\Scenes\Tracks\Fish Hooks Track 2.unity,540d7059364354e249f259edfef5d69a,11500000,3,True,Assets\Scripts\Assembly-CSharp\SpeedPoint.cs.meta
Assets\Scenes\Tracks\Fish Hooks Track 2.unity,e996a18e58747bf538b26a7d9874aed9,11500000,3,True,Assets\Scripts\Assembly-CSharp\WaypointLogic.cs.meta
Assets\Scenes\Tracks\Fish Hooks Track 2.unity,e996a18e58747bf538b26a7d9874aed9,11500000,3,True,Assets\Scripts\Assembly-CSharp\WaypointLogic.cs.meta
Assets\Scenes\Tracks\Fish Hooks Track 2.unity,e996a18e58747bf538b26a7d9874aed9,11500000,3,True,Assets\Scripts\Assembly-CSharp\WaypointLogic.cs.meta
Assets\Scenes\Tracks\Fish Hooks Track 2.unity,e996a18e58747bf538b26a7d9874aed9,11500000,3,True,Assets\Scripts\Assembly-CSharp\WaypointLogic.cs.meta
Assets\Scenes\Tracks\Fish Hooks Track 2.unity,540d7059364354e249f259edfef5d69a,11500000,3,True,Assets\Scripts\Assembly-CSharp\SpeedPoint.cs.meta
Assets\Scenes\Tracks\Fish Hooks Track 2.unity,e996a18e58747bf538b26a7d9874aed9,11500000,3,True,Assets\Scripts\Assembly-CSharp\WaypointLogic.cs.meta
Assets\Scenes\Tracks\Fish Hooks Track 2.unity,540d7059364354e249f259edfef5d69a,11500000,3,True,Assets\Scripts\Assembly-CSharp\SpeedPoint.cs.meta
Assets\Scenes\Tracks\Fish Hooks Track 2.unity,540d7059364354e249f259edfef5d69a,11500000,3,True,Assets\Scripts\Assembly-CSharp\SpeedPoint.cs.meta
Assets\Scenes\Tracks\Fish Hooks Track 2.unity,e996a18e58747bf538b26a7d9874aed9,11500000,3,True,Assets\Scripts\Assembly-CSharp\WaypointLogic.cs.meta
Assets\Scenes\Tracks\Fish Hooks Track 2.unity,e996a18e58747bf538b26a7d9874aed9,11500000,3,True,Assets\Scripts\Assembly-CSharp\WaypointLogic.cs.meta
Assets\Scenes\Tracks\Fish Hooks Track 2.unity,e996a18e58747bf538b26a7d9874aed9,11500000,3,True,Assets\Scripts\Assembly-CSharp\WaypointLogic.cs.meta
Assets\Scenes\Tracks\Fish Hooks Track 2.unity,540d7059364354e249f259edfef5d69a,11500000,3,True,Assets\Scripts\Assembly-CSharp\SpeedPoint.cs.meta
Assets\Scenes\Tracks\Fish Hooks Track 2.unity,b88ab20c864889e81141f2df8a116b5b,11500000,3,True,Assets\Plugins\Assembly-CSharp-firstpass\UghText.cs.meta
Assets\Scenes\Tracks\Fish Hooks Track 2.unity,80004b78694f1129edd555f7161356a9,11500000,3,True,Assets\Scripts\Assembly-CSharp\PickupSpawner.cs.meta
Assets\Scenes\Tracks\Fish Hooks Track 2.unity,e996a18e58747bf538b26a7d9874aed9,11500000,3,True,Assets\Scripts\Assembly-CSharp\WaypointLogic.cs.meta
Assets\Scenes\Tracks\Fish Hooks Track 2.unity,e996a18e58747bf538b26a7d9874aed9,11500000,3,True,Assets\Scripts\Assembly-CSharp\WaypointLogic.cs.meta
Assets\Scenes\Tracks\Fish Hooks Track 2.unity,acaf138463e14d81a04866c56f233523,11500000,3,True,Assets\Scripts\Assembly-CSharp\DriftButton.cs.meta
Assets\Scenes\Tracks\Fish Hooks Track 2.unity,e996a18e58747bf538b26a7d9874aed9,11500000,3,True,Assets\Scripts\Assembly-CSharp\WaypointLogic.cs.meta
Assets\Scenes\Tracks\Fish Hooks Track 2.unity,e996a18e58747bf538b26a7d9874aed9,11500000,3,True,Assets\Scripts\Assembly-CSharp\WaypointLogic.cs.meta
Assets\Scenes\Tracks\Fish Hooks Track 2.unity,540d7059364354e249f259edfef5d69a,11500000,3,True,Assets\Scripts\Assembly-CSharp\SpeedPoint.cs.meta
Assets\Scenes\Tracks\Fish Hooks Track 2.unity,e996a18e58747bf538b26a7d9874aed9,11500000,3,True,Assets\Scripts\Assembly-CSharp\WaypointLogic.cs.meta
Assets\Scenes\Tracks\Fish Hooks Track 2.unity,540d7059364354e249f259edfef5d69a,11500000,3,True,Assets\Scripts\Assembly-CSharp\SpeedPoint.cs.meta
Assets\Scenes\Tracks\Fish Hooks Track 2.unity,540d7059364354e249f259edfef5d69a,11500000,3,True,Assets\Scripts\Assembly-CSharp\SpeedPoint.cs.meta
Assets\Scenes\Tracks\Fish Hooks Track 2.unity,540d7059364354e249f259edfef5d69a,11500000,3,True,Assets\Scripts\Assembly-CSharp\SpeedPoint.cs.meta
Assets\Scenes\Tracks\Fish Hooks Track 2.unity,e996a18e58747bf538b26a7d9874aed9,11500000,3,True,Assets\Scripts\Assembly-CSharp\WaypointLogic.cs.meta
Assets\Scenes\Tracks\Fish Hooks Track 2.unity,e996a18e58747bf538b26a7d9874aed9,11500000,3,True,Assets\Scripts\Assembly-CSharp\WaypointLogic.cs.meta
Assets\Scenes\Tracks\Fish Hooks Track 2.unity,e996a18e58747bf538b26a7d9874aed9,11500000,3,True,Assets\Scripts\Assembly-CSharp\WaypointLogic.cs.meta
Assets\Scenes\Tracks\Fish Hooks Track 2.unity,e996a18e58747bf538b26a7d9874aed9,11500000,3,True,Assets\Scripts\Assembly-CSharp\WaypointLogic.cs.meta
Assets\Scenes\Tracks\Fish Hooks Track 2.unity,1c4ae306c74fe3c4b51dd0855a00f46e,11500000,3,True,Assets\Scripts\Assembly-CSharp\BubbleJet.cs.meta
Assets\Scenes\Tracks\Fish Hooks Track 2.unity,e996a18e58747bf538b26a7d9874aed9,11500000,3,True,Assets\Scripts\Assembly-CSharp\WaypointLogic.cs.meta
Assets\Scenes\Tracks\Fish Hooks Track 2.unity,e996a18e58747bf538b26a7d9874aed9,11500000,3,True,Assets\Scripts\Assembly-CSharp\WaypointLogic.cs.meta
Assets\Scenes\Tracks\Fish Hooks Track 2.unity,e996a18e58747bf538b26a7d9874aed9,11500000,3,True,Assets\Scripts\Assembly-CSharp\WaypointLogic.cs.meta
Assets\Scenes\Tracks\Fish Hooks Track 2.unity,540d7059364354e249f259edfef5d69a,11500000,3,True,Assets\Scripts\Assembly-CSharp\SpeedPoint.cs.meta
Assets\Scenes\Tracks\Fish Hooks Track 2.unity,e996a18e58747bf538b26a7d9874aed9,11500000,3,True,Assets\Scripts\Assembly-CSharp\WaypointLogic.cs.meta
Assets\Scenes\Tracks\Fish Hooks Track 2.unity,80004b78694f1129edd555f7161356a9,11500000,3,True,Assets\Scripts\Assembly-CSharp\PickupSpawner.cs.meta
Assets\Scenes\Tracks\Fish Hooks Track 2.unity,540d7059364354e249f259edfef5d69a,11500000,3,True,Assets\Scripts\Assembly-CSharp\SpeedPoint.cs.meta
Assets\Scenes\Tracks\Fish Hooks Track 2.unity,e996a18e58747bf538b26a7d9874aed9,11500000,3,True,Assets\Scripts\Assembly-CSharp\WaypointLogic.cs.meta
Assets\Scenes\Tracks\Fish Hooks Track 2.unity,e996a18e58747bf538b26a7d9874aed9,11500000,3,True,Assets\Scripts\Assembly-CSharp\WaypointLogic.cs.meta
Assets\Scenes\Tracks\Fish Hooks Track 2.unity,84dedd87b078241ae96d152250730014,11500000,3,True,Assets\Plugins\Assembly-CSharp-firstpass\UghSprite.cs.meta
Assets\Scenes\Tracks\Fish Hooks Track 2.unity,e996a18e58747bf538b26a7d9874aed9,11500000,3,True,Assets\Scripts\Assembly-CSharp\WaypointLogic.cs.meta
Assets\Scenes\Tracks\Fish Hooks Track 2.unity,540d7059364354e249f259edfef5d69a,11500000,3,True,Assets\Scripts\Assembly-CSharp\SpeedPoint.cs.meta
Assets\Scenes\Tracks\Fish Hooks Track 2.unity,b88ab20c864889e81141f2df8a116b5b,11500000,3,True,Assets\Plugins\Assembly-CSharp-firstpass\UghText.cs.meta
Assets\Scenes\Tracks\Fish Hooks Track 2.unity,e996a18e58747bf538b26a7d9874aed9,11500000,3,True,Assets\Scripts\Assembly-CSharp\WaypointLogic.cs.meta
Assets\Scenes\Tracks\Fish Hooks Track 2.unity,e996a18e58747bf538b26a7d9874aed9,11500000,3,True,Assets\Scripts\Assembly-CSharp\WaypointLogic.cs.meta
Assets\Scenes\Tracks\Fish Hooks Track 2.unity,e996a18e58747bf538b26a7d9874aed9,11500000,3,True,Assets\Scripts\Assembly-CSharp\WaypointLogic.cs.meta
Assets\Scenes\Tracks\Fish Hooks Track 2.unity,540d7059364354e249f259edfef5d69a,11500000,3,True,Assets\Scripts\Assembly-CSharp\SpeedPoint.cs.meta
Assets\Scenes\Tracks\Fish Hooks Track 2.unity,540d7059364354e249f259edfef5d69a,11500000,3,True,Assets\Scripts\Assembly-CSharp\SpeedPoint.cs.meta
Assets\Scenes\Tracks\Fish Hooks Track 2.unity,e996a18e58747bf538b26a7d9874aed9,11500000,3,True,Assets\Scripts\Assembly-CSharp\WaypointLogic.cs.meta
Assets\Scenes\Tracks\Fish Hooks Track 2.unity,e996a18e58747bf538b26a7d9874aed9,11500000,3,True,Assets\Scripts\Assembly-CSharp\WaypointLogic.cs.meta
Assets\Scenes\Tracks\Fish Hooks Track 2.unity,9b4892a27c501fc32d10289e8a2709d7,11500000,3,True,Assets\Scripts\Assembly-CSharp\CoinPoint.cs.meta
Assets\Scenes\Tracks\Fish Hooks Track 2.unity,e996a18e58747bf538b26a7d9874aed9,11500000,3,True,Assets\Scripts\Assembly-CSharp\WaypointLogic.cs.meta
Assets\Scenes\Tracks\Fish Hooks Track 2.unity,e996a18e58747bf538b26a7d9874aed9,11500000,3,True,Assets\Scripts\Assembly-CSharp\WaypointLogic.cs.meta
Assets\Scenes\Tracks\Fish Hooks Track 2.unity,e996a18e58747bf538b26a7d9874aed9,11500000,3,True,Assets\Scripts\Assembly-CSharp\WaypointLogic.cs.meta
Assets\Scenes\Tracks\Fish Hooks Track 2.unity,a5927ab13b8fd57ed5089057e948c6a8,11500000,3,True,Assets\Scripts\Assembly-CSharp\ProgressTriggerLogic.cs.meta
Assets\Scenes\Tracks\Fish Hooks Track 2.unity,e996a18e58747bf538b26a7d9874aed9,11500000,3,True,Assets\Scripts\Assembly-CSharp\WaypointLogic.cs.meta
Assets\Scenes\Tracks\Fish Hooks Track 2.unity,540d7059364354e249f259edfef5d69a,11500000,3,True,Assets\Scripts\Assembly-CSharp\SpeedPoint.cs.meta
Assets\Scenes\Tracks\Fish Hooks Track 2.unity,e996a18e58747bf538b26a7d9874aed9,11500000,3,True,Assets\Scripts\Assembly-CSharp\WaypointLogic.cs.meta
Assets\Scenes\Tracks\Fish Hooks Track 2.unity,e996a18e58747bf538b26a7d9874aed9,11500000,3,True,Assets\Scripts\Assembly-CSharp\WaypointLogic.cs.meta
Assets\Scenes\Tracks\Fish Hooks Track 2.unity,e996a18e58747bf538b26a7d9874aed9,11500000,3,True,Assets\Scripts\Assembly-CSharp\WaypointLogic.cs.meta
Assets\Scenes\Tracks\Fish Hooks Track 2.unity,540d7059364354e249f259edfef5d69a,11500000,3,True,Assets\Scripts\Assembly-CSharp\SpeedPoint.cs.meta
Assets\Scenes\Tracks\Fish Hooks Track 2.unity,e996a18e58747bf538b26a7d9874aed9,11500000,3,True,Assets\Scripts\Assembly-CSharp\WaypointLogic.cs.meta
Assets\Scenes\Tracks\Fish Hooks Track 2.unity,b88ab20c864889e81141f2df8a116b5b,11500000,3,True,Assets\Plugins\Assembly-CSharp-firstpass\UghText.cs.meta
Assets\Scenes\Tracks\Fish Hooks Track 2.unity,94873483e708f4fa4a57b3033bbbcc5d,11500000,3,True,Assets\Scripts\Assembly-CSharp\AnimatedTexture.cs.meta
Assets\Scenes\Tracks\Fish Hooks Track 2.unity,0b15208c8a5ae7ff1660a3585ad68237,11500000,3,True,Assets\Scripts\Assembly-CSharp\TerrainEffectTrigger.cs.meta
Assets\Scenes\Tracks\Fish Hooks Track 2.unity,71c30d28ad73b040f6e74d951b378742,11500000,3,True,Assets\Scripts\Assembly-CSharp\ObjectTrackDistanceLogic.cs.meta
Assets\Scenes\Tracks\Fish Hooks Track 2.unity,a5927ab13b8fd57ed5089057e948c6a8,11500000,3,True,Assets\Scripts\Assembly-CSharp\ProgressTriggerLogic.cs.meta
Assets\Scenes\Tracks\Fish Hooks Track 2.unity,80004b78694f1129edd555f7161356a9,11500000,3,True,Assets\Scripts\Assembly-CSharp\PickupSpawner.cs.meta
Assets\Scenes\Tracks\Fish Hooks Track 2.unity,e996a18e58747bf538b26a7d9874aed9,11500000,3,True,Assets\Scripts\Assembly-CSharp\WaypointLogic.cs.meta
Assets\Scenes\Tracks\Fish Hooks Track 2.unity,540d7059364354e249f259edfef5d69a,11500000,3,True,Assets\Scripts\Assembly-CSharp\SpeedPoint.cs.meta
Assets\Scenes\Tracks\Fish Hooks Track 2.unity,80004b78694f1129edd555f7161356a9,11500000,3,True,Assets\Scripts\Assembly-CSharp\PickupSpawner.cs.meta
Assets\Scenes\Tracks\Fish Hooks Track 2.unity,e996a18e58747bf538b26a7d9874aed9,11500000,3,True,Assets\Scripts\Assembly-CSharp\WaypointLogic.cs.meta
Assets\Scenes\Tracks\Fish Hooks Track 2.unity,5db77d8b07b73380826e12a6a2c9f105,11500000,3,True,Assets\Scripts\Assembly-CSharp\ParticleReducer.cs.meta
Assets\Scenes\Tracks\Fish Hooks Track 2.unity,e996a18e58747bf538b26a7d9874aed9,11500000,3,True,Assets\Scripts\Assembly-CSharp\WaypointLogic.cs.meta
Assets\Scenes\Tracks\Fish Hooks Track 2.unity,e996a18e58747bf538b26a7d9874aed9,11500000,3,True,Assets\Scripts\Assembly-CSharp\WaypointLogic.cs.meta
Assets\Scenes\Tracks\Fish Hooks Track 2.unity,540d7059364354e249f259edfef5d69a,11500000,3,True,Assets\Scripts\Assembly-CSharp\SpeedPoint.cs.meta
Assets\Scenes\Tracks\Fish Hooks Track 2.unity,540d7059364354e249f259edfef5d69a,11500000,3,True,Assets\Scripts\Assembly-CSharp\SpeedPoint.cs.meta
Assets\Scenes\Tracks\Fish Hooks Track 2.unity,e996a18e58747bf538b26a7d9874aed9,11500000,3,True,Assets\Scripts\Assembly-CSharp\WaypointLogic.cs.meta
Assets\Scenes\Tracks\Fish Hooks Track 2.unity,540d7059364354e249f259edfef5d69a,11500000,3,True,Assets\Scripts\Assembly-CSharp\SpeedPoint.cs.meta
Assets\Scenes\Tracks\Fish Hooks Track 2.unity,e171dc7613dc84903f6b62f321860d38,11500000,3,True,Assets\Plugins\Assembly-CSharp-firstpass\UghAlign.cs.meta
Assets\Scenes\Tracks\Fish Hooks Track 2.unity,540d7059364354e249f259edfef5d69a,11500000,3,True,Assets\Scripts\Assembly-CSharp\SpeedPoint.cs.meta
Assets\Scenes\Tracks\Fish Hooks Track 2.unity,5db77d8b07b73380826e12a6a2c9f105,11500000,3,True,Assets\Scripts\Assembly-CSharp\ParticleReducer.cs.meta
Assets\Scenes\Tracks\Fish Hooks Track 2.unity,5db77d8b07b73380826e12a6a2c9f105,11500000,3,True,Assets\Scripts\Assembly-CSharp\ParticleReducer.cs.meta
Assets\Scenes\Tracks\Fish Hooks Track 2.unity,540d7059364354e249f259edfef5d69a,11500000,3,True,Assets\Scripts\Assembly-CSharp\SpeedPoint.cs.meta
Assets\Scenes\Tracks\Fish Hooks Track 2.unity,e996a18e58747bf538b26a7d9874aed9,11500000,3,True,Assets\Scripts\Assembly-CSharp\WaypointLogic.cs.meta
Assets\Scenes\Tracks\Fish Hooks Track 2.unity,540d7059364354e249f259edfef5d69a,11500000,3,True,Assets\Scripts\Assembly-CSharp\SpeedPoint.cs.meta
Assets\Scenes\Tracks\Fish Hooks Track 2.unity,540d7059364354e249f259edfef5d69a,11500000,3,True,Assets\Scripts\Assembly-CSharp\SpeedPoint.cs.meta
Assets\Scenes\Tracks\Fish Hooks Track 2.unity,540d7059364354e249f259edfef5d69a,11500000,3,True,Assets\Scripts\Assembly-CSharp\SpeedPoint.cs.meta
Assets\Scenes\Tracks\Fish Hooks Track 2.unity,e996a18e58747bf538b26a7d9874aed9,11500000,3,True,Assets\Scripts\Assembly-CSharp\WaypointLogic.cs.meta
Assets\Scenes\Tracks\Fish Hooks Track 2.unity,e996a18e58747bf538b26a7d9874aed9,11500000,3,True,Assets\Scripts\Assembly-CSharp\WaypointLogic.cs.meta
Assets\Scenes\Tracks\Fish Hooks Track 2.unity,e996a18e58747bf538b26a7d9874aed9,11500000,3,True,Assets\Scripts\Assembly-CSharp\WaypointLogic.cs.meta
Assets\Scenes\Tracks\Fish Hooks Track 2.unity,540d7059364354e249f259edfef5d69a,11500000,3,True,Assets\Scripts\Assembly-CSharp\SpeedPoint.cs.meta
Assets\Scenes\Tracks\Fish Hooks Track 2.unity,e996a18e58747bf538b26a7d9874aed9,11500000,3,True,Assets\Scripts\Assembly-CSharp\WaypointLogic.cs.meta
Assets\Scenes\Tracks\Fish Hooks Track 2.unity,1c4ae306c74fe3c4b51dd0855a00f46e,11500000,3,True,Assets\Scripts\Assembly-CSharp\BubbleJet.cs.meta
Assets\Scenes\Tracks\Fish Hooks Track 2.unity,e996a18e58747bf538b26a7d9874aed9,11500000,3,True,Assets\Scripts\Assembly-CSharp\WaypointLogic.cs.meta
Assets\Scenes\Tracks\Fish Hooks Track 2.unity,80004b78694f1129edd555f7161356a9,11500000,3,True,Assets\Scripts\Assembly-CSharp\PickupSpawner.cs.meta
Assets\Scenes\Tracks\Fish Hooks Track 2.unity,e996a18e58747bf538b26a7d9874aed9,11500000,3,True,Assets\Scripts\Assembly-CSharp\WaypointLogic.cs.meta
Assets\Scenes\Tracks\Fish Hooks Track 2.unity,c67f46bd4e340aa7f64a8e2ae3c03a27,11500000,3,True,Assets\Scripts\Assembly-CSharp\ResetTrigger.cs.meta
Assets\Scenes\Tracks\Fish Hooks Track 2.unity,540d7059364354e249f259edfef5d69a,11500000,3,True,Assets\Scripts\Assembly-CSharp\SpeedPoint.cs.meta
Assets\Scenes\Tracks\Fish Hooks Track 2.unity,e996a18e58747bf538b26a7d9874aed9,11500000,3,True,Assets\Scripts\Assembly-CSharp\WaypointLogic.cs.meta
Assets\Scenes\Tracks\Fish Hooks Track 2.unity,e996a18e58747bf538b26a7d9874aed9,11500000,3,True,Assets\Scripts\Assembly-CSharp\WaypointLogic.cs.meta
Assets\Scenes\Tracks\Fish Hooks Track 2.unity,e996a18e58747bf538b26a7d9874aed9,11500000,3,True,Assets\Scripts\Assembly-CSharp\WaypointLogic.cs.meta
Assets\Scenes\Tracks\Fish Hooks Track 2.unity,e996a18e58747bf538b26a7d9874aed9,11500000,3,True,Assets\Scripts\Assembly-CSharp\WaypointLogic.cs.meta
Assets\Scenes\Tracks\Fish Hooks Track 2.unity,540d7059364354e249f259edfef5d69a,11500000,3,True,Assets\Scripts\Assembly-CSharp\SpeedPoint.cs.meta
Assets\Scenes\Tracks\Fish Hooks Track 2.unity,e996a18e58747bf538b26a7d9874aed9,11500000,3,True,Assets\Scripts\Assembly-CSharp\WaypointLogic.cs.meta
Assets\Scenes\Tracks\Fish Hooks Track 2.unity,e996a18e58747bf538b26a7d9874aed9,11500000,3,True,Assets\Scripts\Assembly-CSharp\WaypointLogic.cs.meta
Assets\Scenes\Tracks\Fish Hooks Track 2.unity,e996a18e58747bf538b26a7d9874aed9,11500000,3,True,Assets\Scripts\Assembly-CSharp\WaypointLogic.cs.meta
Assets\Scenes\Tracks\Fish Hooks Track 2.unity,e996a18e58747bf538b26a7d9874aed9,11500000,3,True,Assets\Scripts\Assembly-CSharp\WaypointLogic.cs.meta
Assets\Scenes\Tracks\Fish Hooks Track 2.unity,e996a18e58747bf538b26a7d9874aed9,11500000,3,True,Assets\Scripts\Assembly-CSharp\WaypointLogic.cs.meta
Assets\Scenes\Tracks\Fish Hooks Track 2.unity,e996a18e58747bf538b26a7d9874aed9,11500000,3,True,Assets\Scripts\Assembly-CSharp\WaypointLogic.cs.meta
Assets\Scenes\Tracks\Fish Hooks Track 2.unity,540d7059364354e249f259edfef5d69a,11500000,3,True,Assets\Scripts\Assembly-CSharp\SpeedPoint.cs.meta
Assets\Scenes\Tracks\Fish Hooks Track 2.unity,e996a18e58747bf538b26a7d9874aed9,11500000,3,True,Assets\Scripts\Assembly-CSharp\WaypointLogic.cs.meta
Assets\Scenes\Tracks\Fish Hooks Track 2.unity,e996a18e58747bf538b26a7d9874aed9,11500000,3,True,Assets\Scripts\Assembly-CSharp\WaypointLogic.cs.meta
Assets\Scenes\Tracks\Fish Hooks Track 2.unity,540d7059364354e249f259edfef5d69a,11500000,3,True,Assets\Scripts\Assembly-CSharp\SpeedPoint.cs.meta
Assets\Scenes\Tracks\Fish Hooks Track 2.unity,e996a18e58747bf538b26a7d9874aed9,11500000,3,True,Assets\Scripts\Assembly-CSharp\WaypointLogic.cs.meta
Assets\Scenes\Tracks\Fish Hooks Track 2.unity,c67f46bd4e340aa7f64a8e2ae3c03a27,11500000,3,True,Assets\Scripts\Assembly-CSharp\ResetTrigger.cs.meta
Assets\Scenes\Tracks\Fish Hooks Track 2.unity,5db77d8b07b73380826e12a6a2c9f105,11500000,3,True,Assets\Scripts\Assembly-CSharp\ParticleReducer.cs.meta
Assets\Scenes\Tracks\Fish Hooks Track 2.unity,e996a18e58747bf538b26a7d9874aed9,11500000,3,True,Assets\Scripts\Assembly-CSharp\WaypointLogic.cs.meta
Assets\Scenes\Tracks\Fish Hooks Track 2.unity,e996a18e58747bf538b26a7d9874aed9,11500000,3,True,Assets\Scripts\Assembly-CSharp\WaypointLogic.cs.meta
Assets\Scenes\Tracks\Fish Hooks Track 2.unity,540d7059364354e249f259edfef5d69a,11500000,3,True,Assets\Scripts\Assembly-CSharp\SpeedPoint.cs.meta
Assets\Scenes\Tracks\Fish Hooks Track 2.unity,540d7059364354e249f259edfef5d69a,11500000,3,True,Assets\Scripts\Assembly-CSharp\SpeedPoint.cs.meta
Assets\Scenes\Tracks\Fish Hooks Track 2.unity,e996a18e58747bf538b26a7d9874aed9,11500000,3,True,Assets\Scripts\Assembly-CSharp\WaypointLogic.cs.meta
Assets\Scenes\Tracks\Fish Hooks Track 2.unity,e996a18e58747bf538b26a7d9874aed9,11500000,3,True,Assets\Scripts\Assembly-CSharp\WaypointLogic.cs.meta
Assets\Scenes\Tracks\Fish Hooks Track 2.unity,e996a18e58747bf538b26a7d9874aed9,11500000,3,True,Assets\Scripts\Assembly-CSharp\WaypointLogic.cs.meta
Assets\Scenes\Tracks\Fish Hooks Track 2.unity,e996a18e58747bf538b26a7d9874aed9,11500000,3,True,Assets\Scripts\Assembly-CSharp\WaypointLogic.cs.meta
Assets\Scenes\Tracks\Fish Hooks Track 2.unity,540d7059364354e249f259edfef5d69a,11500000,3,True,Assets\Scripts\Assembly-CSharp\SpeedPoint.cs.meta
Assets\Scenes\Tracks\Fish Hooks Track 2.unity,e996a18e58747bf538b26a7d9874aed9,11500000,3,True,Assets\Scripts\Assembly-CSharp\WaypointLogic.cs.meta
Assets\Scenes\Tracks\Fish Hooks Track 2.unity,e996a18e58747bf538b26a7d9874aed9,11500000,3,True,Assets\Scripts\Assembly-CSharp\WaypointLogic.cs.meta
Assets\Scenes\Tracks\Fish Hooks Track 2.unity,540d7059364354e249f259edfef5d69a,11500000,3,True,Assets\Scripts\Assembly-CSharp\SpeedPoint.cs.meta
Assets\Scenes\Tracks\Fish Hooks Track 2.unity,e996a18e58747bf538b26a7d9874aed9,11500000,3,True,Assets\Scripts\Assembly-CSharp\WaypointLogic.cs.meta
Assets\Scenes\Tracks\Fish Hooks Track 2.unity,b88ab20c864889e81141f2df8a116b5b,11500000,3,True,Assets\Plugins\Assembly-CSharp-firstpass\UghText.cs.meta
Assets\Scenes\Tracks\Fish Hooks Track 2.unity,e996a18e58747bf538b26a7d9874aed9,11500000,3,True,Assets\Scripts\Assembly-CSharp\WaypointLogic.cs.meta
Assets\Scenes\Tracks\Fish Hooks Track 2.unity,e996a18e58747bf538b26a7d9874aed9,11500000,3,True,Assets\Scripts\Assembly-CSharp\WaypointLogic.cs.meta
Assets\Scenes\Tracks\Fish Hooks Track 2.unity,e996a18e58747bf538b26a7d9874aed9,11500000,3,True,Assets\Scripts\Assembly-CSharp\WaypointLogic.cs.meta
Assets\Scenes\Tracks\Fish Hooks Track 2.unity,540d7059364354e249f259edfef5d69a,11500000,3,True,Assets\Scripts\Assembly-CSharp\SpeedPoint.cs.meta
Assets\Scenes\Tracks\Fish Hooks Track 2.unity,84dedd87b078241ae96d152250730014,11500000,3,True,Assets\Plugins\Assembly-CSharp-firstpass\UghSprite.cs.meta
Assets\Scenes\Tracks\Fish Hooks Track 2.unity,e996a18e58747bf538b26a7d9874aed9,11500000,3,True,Assets\Scripts\Assembly-CSharp\WaypointLogic.cs.meta
Assets\Scenes\Tracks\Fish Hooks Track 2.unity,e996a18e58747bf538b26a7d9874aed9,11500000,3,True,Assets\Scripts\Assembly-CSharp\WaypointLogic.cs.meta
Assets\Scenes\Tracks\Fish Hooks Track 2.unity,e171dc7613dc84903f6b62f321860d38,11500000,3,True,Assets\Plugins\Assembly-CSharp-firstpass\UghAlign.cs.meta
Assets\Scenes\Tracks\Fish Hooks Track 2.unity,540d7059364354e249f259edfef5d69a,11500000,3,True,Assets\Scripts\Assembly-CSharp\SpeedPoint.cs.meta
Assets\Scenes\Tracks\Fish Hooks Track 2.unity,e996a18e58747bf538b26a7d9874aed9,11500000,3,True,Assets\Scripts\Assembly-CSharp\WaypointLogic.cs.meta
Assets\Scenes\Tracks\Fish Hooks Track 2.unity,80004b78694f1129edd555f7161356a9,11500000,3,True,Assets\Scripts\Assembly-CSharp\PickupSpawner.cs.meta
Assets\Scenes\Tracks\Fish Hooks Track 2.unity,e996a18e58747bf538b26a7d9874aed9,11500000,3,True,Assets\Scripts\Assembly-CSharp\WaypointLogic.cs.meta
Assets\Scenes\Tracks\Fish Hooks Track 2.unity,e996a18e58747bf538b26a7d9874aed9,11500000,3,True,Assets\Scripts\Assembly-CSharp\WaypointLogic.cs.meta
Assets\Scenes\Tracks\Fish Hooks Track 2.unity,e996a18e58747bf538b26a7d9874aed9,11500000,3,True,Assets\Scripts\Assembly-CSharp\WaypointLogic.cs.meta
Assets\Scenes\Tracks\Fish Hooks Track 2.unity,540d7059364354e249f259edfef5d69a,11500000,3,True,Assets\Scripts\Assembly-CSharp\SpeedPoint.cs.meta
Assets\Scenes\Tracks\Fish Hooks Track 2.unity,540d7059364354e249f259edfef5d69a,11500000,3,True,Assets\Scripts\Assembly-CSharp\SpeedPoint.cs.meta
Assets\Scenes\Tracks\Fish Hooks Track 2.unity,e996a18e58747bf538b26a7d9874aed9,11500000,3,True,Assets\Scripts\Assembly-CSharp\WaypointLogic.cs.meta
Assets\Scenes\Tracks\Fish Hooks Track 2.unity,540d7059364354e249f259edfef5d69a,11500000,3,True,Assets\Scripts\Assembly-CSharp\SpeedPoint.cs.meta
Assets\Scenes\Tracks\Fish Hooks Track 2.unity,e996a18e58747bf538b26a7d9874aed9,11500000,3,True,Assets\Scripts\Assembly-CSharp\WaypointLogic.cs.meta
Assets\Scenes\Tracks\Fish Hooks Track 2.unity,e996a18e58747bf538b26a7d9874aed9,11500000,3,True,Assets\Scripts\Assembly-CSharp\WaypointLogic.cs.meta
Assets\Scenes\Tracks\Fish Hooks Track 2.unity,54cbe82f1ecc3566dd11401a18f75c23,11500000,3,True,Assets\Scripts\Assembly-CSharp\GuidedJumpTrigger.cs.meta
Assets\Scenes\Tracks\Fish Hooks Track 2.unity,71c30d28ad73b040f6e74d951b378742,11500000,3,True,Assets\Scripts\Assembly-CSharp\ObjectTrackDistanceLogic.cs.meta
Assets\Scenes\Tracks\Fish Hooks Track 2.unity,540d7059364354e249f259edfef5d69a,11500000,3,True,Assets\Scripts\Assembly-CSharp\SpeedPoint.cs.meta
Assets\Scenes\Tracks\Fish Hooks Track 2.unity,e996a18e58747bf538b26a7d9874aed9,11500000,3,True,Assets\Scripts\Assembly-CSharp\WaypointLogic.cs.meta
Assets\Scenes\Tracks\Fish Hooks Track 2.unity,e996a18e58747bf538b26a7d9874aed9,11500000,3,True,Assets\Scripts\Assembly-CSharp\WaypointLogic.cs.meta
Assets\Scenes\Tracks\Fish Hooks Track 2.unity,e996a18e58747bf538b26a7d9874aed9,11500000,3,True,Assets\Scripts\Assembly-CSharp\WaypointLogic.cs.meta
Assets\Scenes\Tracks\Fish Hooks Track 2.unity,e996a18e58747bf538b26a7d9874aed9,11500000,3,True,Assets\Scripts\Assembly-CSharp\WaypointLogic.cs.meta
Assets\Scenes\Tracks\Fish Hooks Track 2.unity,e996a18e58747bf538b26a7d9874aed9,11500000,3,True,Assets\Scripts\Assembly-CSharp\WaypointLogic.cs.meta
Assets\Scenes\Tracks\Fish Hooks Track 2.unity,84dedd87b078241ae96d152250730014,11500000,3,True,Assets\Plugins\Assembly-CSharp-firstpass\UghSprite.cs.meta
Assets\Scenes\Tracks\Fish Hooks Track 2.unity,93a00b2df47c568d51d2e788e763d67e,11500000,3,True,Assets\Plugins\Assembly-CSharp-firstpass\UghCamera.cs.meta
Assets\Scenes\Tracks\Fish Hooks Track 2.unity,e996a18e58747bf538b26a7d9874aed9,11500000,3,True,Assets\Scripts\Assembly-CSharp\WaypointLogic.cs.meta
Assets\Scenes\Tracks\Fish Hooks Track 2.unity,540d7059364354e249f259edfef5d69a,11500000,3,True,Assets\Scripts\Assembly-CSharp\SpeedPoint.cs.meta
Assets\Scenes\Tracks\Fish Hooks Track 2.unity,5db77d8b07b73380826e12a6a2c9f105,11500000,3,True,Assets\Scripts\Assembly-CSharp\ParticleReducer.cs.meta
Assets\Scenes\Tracks\Fish Hooks Track 2.unity,540d7059364354e249f259edfef5d69a,11500000,3,True,Assets\Scripts\Assembly-CSharp\SpeedPoint.cs.meta
Assets\Scenes\Tracks\Fish Hooks Track 2.unity,540d7059364354e249f259edfef5d69a,11500000,3,True,Assets\Scripts\Assembly-CSharp\SpeedPoint.cs.meta
Assets\Scenes\Tracks\Fish Hooks Track 2.unity,b88ab20c864889e81141f2df8a116b5b,11500000,3,True,Assets\Plugins\Assembly-CSharp-firstpass\UghText.cs.meta
Assets\Scenes\Tracks\Fish Hooks Track 2.unity,540d7059364354e249f259edfef5d69a,11500000,3,True,Assets\Scripts\Assembly-CSharp\SpeedPoint.cs.meta
Assets\Scenes\Tracks\Fish Hooks Track 2.unity,a0737a721fe39abadd36e3afa32dd1f7,11500000,3,True,Assets\Scripts\Assembly-CSharp\CarAIPathManager.cs.meta
Assets\Scenes\Tracks\Fish Hooks Track 2.unity,e171dc7613dc84903f6b62f321860d38,11500000,3,True,Assets\Plugins\Assembly-CSharp-firstpass\UghAlign.cs.meta
Assets\Scenes\Tracks\Fish Hooks Track 2.unity,540d7059364354e249f259edfef5d69a,11500000,3,True,Assets\Scripts\Assembly-CSharp\SpeedPoint.cs.meta
Assets\Scenes\Tracks\Fish Hooks Track 2.unity,e996a18e58747bf538b26a7d9874aed9,11500000,3,True,Assets\Scripts\Assembly-CSharp\WaypointLogic.cs.meta
Assets\Scenes\Tracks\Fish Hooks Track 2.unity,80004b78694f1129edd555f7161356a9,11500000,3,True,Assets\Scripts\Assembly-CSharp\PickupSpawner.cs.meta
Assets\Scenes\Tracks\Fish Hooks Track 2.unity,e996a18e58747bf538b26a7d9874aed9,11500000,3,True,Assets\Scripts\Assembly-CSharp\WaypointLogic.cs.meta
Assets\Scenes\Tracks\Fish Hooks Track 2.unity,540d7059364354e249f259edfef5d69a,11500000,3,True,Assets\Scripts\Assembly-CSharp\SpeedPoint.cs.meta
Assets\Scenes\Tracks\Fish Hooks Track 2.unity,540d7059364354e249f259edfef5d69a,11500000,3,True,Assets\Scripts\Assembly-CSharp\SpeedPoint.cs.meta
Assets\Scenes\Tracks\Fish Hooks Track 2.unity,540d7059364354e249f259edfef5d69a,11500000,3,True,Assets\Scripts\Assembly-CSharp\SpeedPoint.cs.meta
Assets\Scenes\Tracks\Fish Hooks Track 2.unity,540d7059364354e249f259edfef5d69a,11500000,3,True,Assets\Scripts\Assembly-CSharp\SpeedPoint.cs.meta
Assets\Scenes\Tracks\Fish Hooks Track 2.unity,94873483e708f4fa4a57b3033bbbcc5d,11500000,3,True,Assets\Scripts\Assembly-CSharp\AnimatedTexture.cs.meta
Assets\Scenes\Tracks\Fish Hooks Track 2.unity,0b15208c8a5ae7ff1660a3585ad68237,11500000,3,True,Assets\Scripts\Assembly-CSharp\TerrainEffectTrigger.cs.meta
Assets\Scenes\Tracks\Fish Hooks Track 2.unity,71c30d28ad73b040f6e74d951b378742,11500000,3,True,Assets\Scripts\Assembly-CSharp\ObjectTrackDistanceLogic.cs.meta
Assets\Scenes\Tracks\Fish Hooks Track 2.unity,540d7059364354e249f259edfef5d69a,11500000,3,True,Assets\Scripts\Assembly-CSharp\SpeedPoint.cs.meta
Assets\Scenes\Tracks\Fish Hooks Track 2.unity,71c30d28ad73b040f6e74d951b378742,11500000,3,True,Assets\Scripts\Assembly-CSharp\ObjectTrackDistanceLogic.cs.meta
Assets\Scenes\Tracks\Fish Hooks Track 2.unity,54cbe82f1ecc3566dd11401a18f75c23,11500000,3,True,Assets\Scripts\Assembly-CSharp\GuidedJumpTrigger.cs.meta
Assets\Scenes\Tracks\Fish Hooks Track 2.unity,e996a18e58747bf538b26a7d9874aed9,11500000,3,True,Assets\Scripts\Assembly-CSharp\WaypointLogic.cs.meta
Assets\Scenes\Tracks\Fish Hooks Track 2.unity,e996a18e58747bf538b26a7d9874aed9,11500000,3,True,Assets\Scripts\Assembly-CSharp\WaypointLogic.cs.meta
Assets\Scenes\Tracks\Fish Hooks Track 2.unity,540d7059364354e249f259edfef5d69a,11500000,3,True,Assets\Scripts\Assembly-CSharp\SpeedPoint.cs.meta
Assets\Scenes\Tracks\Fish Hooks Track 2.unity,5db77d8b07b73380826e12a6a2c9f105,11500000,3,True,Assets\Scripts\Assembly-CSharp\ParticleReducer.cs.meta
Assets\Scenes\Tracks\Fish Hooks Track 2.unity,540d7059364354e249f259edfef5d69a,11500000,3,True,Assets\Scripts\Assembly-CSharp\SpeedPoint.cs.meta
Assets\Scenes\Tracks\Fish Hooks Track 2.unity,540d7059364354e249f259edfef5d69a,11500000,3,True,Assets\Scripts\Assembly-CSharp\SpeedPoint.cs.meta
Assets\Scenes\Tracks\Fish Hooks Track 2.unity,e996a18e58747bf538b26a7d9874aed9,11500000,3,True,Assets\Scripts\Assembly-CSharp\WaypointLogic.cs.meta
Assets\Scenes\Tracks\Fish Hooks Track 2.unity,e996a18e58747bf538b26a7d9874aed9,11500000,3,True,Assets\Scripts\Assembly-CSharp\WaypointLogic.cs.meta
Assets\Scenes\Tracks\Fish Hooks Track 2.unity,e996a18e58747bf538b26a7d9874aed9,11500000,3,True,Assets\Scripts\Assembly-CSharp\WaypointLogic.cs.meta
Assets\Scenes\Tracks\Fish Hooks Track 2.unity,540d7059364354e249f259edfef5d69a,11500000,3,True,Assets\Scripts\Assembly-CSharp\SpeedPoint.cs.meta
Assets\Scenes\Tracks\Fish Hooks Track 2.unity,540d7059364354e249f259edfef5d69a,11500000,3,True,Assets\Scripts\Assembly-CSharp\SpeedPoint.cs.meta
Assets\Scenes\Tracks\Fish Hooks Track 2.unity,540d7059364354e249f259edfef5d69a,11500000,3,True,Assets\Scripts\Assembly-CSharp\SpeedPoint.cs.meta
Assets\Scenes\Tracks\Fish Hooks Track 2.unity,e33080df6ca488dc2ddb7522478f5e36,11500000,3,True,Assets\Scripts\Assembly-CSharp\SoundLibraryAddendum.cs.meta
Assets\Scenes\Tracks\Fish Hooks Track 2.unity,e996a18e58747bf538b26a7d9874aed9,11500000,3,True,Assets\Scripts\Assembly-CSharp\WaypointLogic.cs.meta
Assets\Scenes\Tracks\Fish Hooks Track 2.unity,e996a18e58747bf538b26a7d9874aed9,11500000,3,True,Assets\Scripts\Assembly-CSharp\WaypointLogic.cs.meta
Assets\Scenes\Tracks\Fish Hooks Track 2.unity,540d7059364354e249f259edfef5d69a,11500000,3,True,Assets\Scripts\Assembly-CSharp\SpeedPoint.cs.meta
Assets\Scenes\Tracks\Fish Hooks Track 2.unity,e996a18e58747bf538b26a7d9874aed9,11500000,3,True,Assets\Scripts\Assembly-CSharp\WaypointLogic.cs.meta
Assets\Scenes\Tracks\Fish Hooks Track 2.unity,e996a18e58747bf538b26a7d9874aed9,11500000,3,True,Assets\Scripts\Assembly-CSharp\WaypointLogic.cs.meta
Assets\Scenes\Tracks\Fish Hooks Track 2.unity,e996a18e58747bf538b26a7d9874aed9,11500000,3,True,Assets\Scripts\Assembly-CSharp\WaypointLogic.cs.meta
Assets\Scenes\Tracks\Fish Hooks Track 2.unity,e996a18e58747bf538b26a7d9874aed9,11500000,3,True,Assets\Scripts\Assembly-CSharp\WaypointLogic.cs.meta
Assets\Scenes\Tracks\Fish Hooks Track 2.unity,e996a18e58747bf538b26a7d9874aed9,11500000,3,True,Assets\Scripts\Assembly-CSharp\WaypointLogic.cs.meta
Assets\Scenes\Tracks\Fish Hooks Track 2.unity,e996a18e58747bf538b26a7d9874aed9,11500000,3,True,Assets\Scripts\Assembly-CSharp\WaypointLogic.cs.meta
Assets\Scenes\Tracks\Fish Hooks Track 2.unity,540d7059364354e249f259edfef5d69a,11500000,3,True,Assets\Scripts\Assembly-CSharp\SpeedPoint.cs.meta
Assets\Scenes\Tracks\Fish Hooks Track 2.unity,e996a18e58747bf538b26a7d9874aed9,11500000,3,True,Assets\Scripts\Assembly-CSharp\WaypointLogic.cs.meta
Assets\Scenes\Tracks\Fish Hooks Track 2.unity,e996a18e58747bf538b26a7d9874aed9,11500000,3,True,Assets\Scripts\Assembly-CSharp\WaypointLogic.cs.meta
Assets\Scenes\Tracks\Fish Hooks Track 2.unity,540d7059364354e249f259edfef5d69a,11500000,3,True,Assets\Scripts\Assembly-CSharp\SpeedPoint.cs.meta
Assets\Scenes\Tracks\Fish Hooks Track 2.unity,540d7059364354e249f259edfef5d69a,11500000,3,True,Assets\Scripts\Assembly-CSharp\SpeedPoint.cs.meta
Assets\Scenes\Tracks\Fish Hooks Track 2.unity,540d7059364354e249f259edfef5d69a,11500000,3,True,Assets\Scripts\Assembly-CSharp\SpeedPoint.cs.meta
Assets\Scenes\Tracks\Fish Hooks Track 2.unity,540d7059364354e249f259edfef5d69a,11500000,3,True,Assets\Scripts\Assembly-CSharp\SpeedPoint.cs.meta
Assets\Scenes\Tracks\Fish Hooks Track 2.unity,84dedd87b078241ae96d152250730014,11500000,3,True,Assets\Plugins\Assembly-CSharp-firstpass\UghSprite.cs.meta
Assets\Scenes\Tracks\Fish Hooks Track 2.unity,540d7059364354e249f259edfef5d69a,11500000,3,True,Assets\Scripts\Assembly-CSharp\SpeedPoint.cs.meta
Assets\Scenes\Tracks\Fish Hooks Track 2.unity,e996a18e58747bf538b26a7d9874aed9,11500000,3,True,Assets\Scripts\Assembly-CSharp\WaypointLogic.cs.meta
Assets\Scenes\Tracks\Fish Hooks Track 2.unity,e996a18e58747bf538b26a7d9874aed9,11500000,3,True,Assets\Scripts\Assembly-CSharp\WaypointLogic.cs.meta
Assets\Scenes\Tracks\Fish Hooks Track 2.unity,e996a18e58747bf538b26a7d9874aed9,11500000,3,True,Assets\Scripts\Assembly-CSharp\WaypointLogic.cs.meta
Assets\Scenes\Tracks\Fish Hooks Track 3.unity,e996a18e58747bf538b26a7d9874aed9,11500000,3,True,Assets\Scripts\Assembly-CSharp\WaypointLogic.cs.meta
Assets\Scenes\Tracks\Fish Hooks Track 3.unity,71c30d28ad73b040f6e74d951b378742,11500000,3,True,Assets\Scripts\Assembly-CSharp\ObjectTrackDistanceLogic.cs.meta
Assets\Scenes\Tracks\Fish Hooks Track 3.unity,0b15208c8a5ae7ff1660a3585ad68237,11500000,3,True,Assets\Scripts\Assembly-CSharp\TerrainEffectTrigger.cs.meta
Assets\Scenes\Tracks\Fish Hooks Track 3.unity,94873483e708f4fa4a57b3033bbbcc5d,11500000,3,True,Assets\Scripts\Assembly-CSharp\AnimatedTexture.cs.meta
Assets\Scenes\Tracks\Fish Hooks Track 3.unity,e996a18e58747bf538b26a7d9874aed9,11500000,3,True,Assets\Scripts\Assembly-CSharp\WaypointLogic.cs.meta
Assets\Scenes\Tracks\Fish Hooks Track 3.unity,e996a18e58747bf538b26a7d9874aed9,11500000,3,True,Assets\Scripts\Assembly-CSharp\WaypointLogic.cs.meta
Assets\Scenes\Tracks\Fish Hooks Track 3.unity,e171dc7613dc84903f6b62f321860d38,11500000,3,True,Assets\Plugins\Assembly-CSharp-firstpass\UghAlign.cs.meta
Assets\Scenes\Tracks\Fish Hooks Track 3.unity,e996a18e58747bf538b26a7d9874aed9,11500000,3,True,Assets\Scripts\Assembly-CSharp\WaypointLogic.cs.meta
Assets\Scenes\Tracks\Fish Hooks Track 3.unity,540d7059364354e249f259edfef5d69a,11500000,3,True,Assets\Scripts\Assembly-CSharp\SpeedPoint.cs.meta
Assets\Scenes\Tracks\Fish Hooks Track 3.unity,e996a18e58747bf538b26a7d9874aed9,11500000,3,True,Assets\Scripts\Assembly-CSharp\WaypointLogic.cs.meta
Assets\Scenes\Tracks\Fish Hooks Track 3.unity,84dedd87b078241ae96d152250730014,11500000,3,True,Assets\Plugins\Assembly-CSharp-firstpass\UghSprite.cs.meta
Assets\Scenes\Tracks\Fish Hooks Track 3.unity,e996a18e58747bf538b26a7d9874aed9,11500000,3,True,Assets\Scripts\Assembly-CSharp\WaypointLogic.cs.meta
Assets\Scenes\Tracks\Fish Hooks Track 3.unity,e996a18e58747bf538b26a7d9874aed9,11500000,3,True,Assets\Scripts\Assembly-CSharp\WaypointLogic.cs.meta
Assets\Scenes\Tracks\Fish Hooks Track 3.unity,540d7059364354e249f259edfef5d69a,11500000,3,True,Assets\Scripts\Assembly-CSharp\SpeedPoint.cs.meta
Assets\Scenes\Tracks\Fish Hooks Track 3.unity,e996a18e58747bf538b26a7d9874aed9,11500000,3,True,Assets\Scripts\Assembly-CSharp\WaypointLogic.cs.meta
Assets\Scenes\Tracks\Fish Hooks Track 3.unity,e996a18e58747bf538b26a7d9874aed9,11500000,3,True,Assets\Scripts\Assembly-CSharp\WaypointLogic.cs.meta
Assets\Scenes\Tracks\Fish Hooks Track 3.unity,84dedd87b078241ae96d152250730014,11500000,3,True,Assets\Plugins\Assembly-CSharp-firstpass\UghSprite.cs.meta
Assets\Scenes\Tracks\Fish Hooks Track 3.unity,540d7059364354e249f259edfef5d69a,11500000,3,True,Assets\Scripts\Assembly-CSharp\SpeedPoint.cs.meta
Assets\Scenes\Tracks\Fish Hooks Track 3.unity,e996a18e58747bf538b26a7d9874aed9,11500000,3,True,Assets\Scripts\Assembly-CSharp\WaypointLogic.cs.meta
Assets\Scenes\Tracks\Fish Hooks Track 3.unity,540d7059364354e249f259edfef5d69a,11500000,3,True,Assets\Scripts\Assembly-CSharp\SpeedPoint.cs.meta
Assets\Scenes\Tracks\Fish Hooks Track 3.unity,e996a18e58747bf538b26a7d9874aed9,11500000,3,True,Assets\Scripts\Assembly-CSharp\WaypointLogic.cs.meta
Assets\Scenes\Tracks\Fish Hooks Track 3.unity,e996a18e58747bf538b26a7d9874aed9,11500000,3,True,Assets\Scripts\Assembly-CSharp\WaypointLogic.cs.meta
Assets\Scenes\Tracks\Fish Hooks Track 3.unity,e171dc7613dc84903f6b62f321860d38,11500000,3,True,Assets\Plugins\Assembly-CSharp-firstpass\UghAlign.cs.meta
Assets\Scenes\Tracks\Fish Hooks Track 3.unity,e996a18e58747bf538b26a7d9874aed9,11500000,3,True,Assets\Scripts\Assembly-CSharp\WaypointLogic.cs.meta
Assets\Scenes\Tracks\Fish Hooks Track 3.unity,e996a18e58747bf538b26a7d9874aed9,11500000,3,True,Assets\Scripts\Assembly-CSharp\WaypointLogic.cs.meta
Assets\Scenes\Tracks\Fish Hooks Track 3.unity,e996a18e58747bf538b26a7d9874aed9,11500000,3,True,Assets\Scripts\Assembly-CSharp\WaypointLogic.cs.meta
Assets\Scenes\Tracks\Fish Hooks Track 3.unity,540d7059364354e249f259edfef5d69a,11500000,3,True,Assets\Scripts\Assembly-CSharp\SpeedPoint.cs.meta
Assets\Scenes\Tracks\Fish Hooks Track 3.unity,e996a18e58747bf538b26a7d9874aed9,11500000,3,True,Assets\Scripts\Assembly-CSharp\WaypointLogic.cs.meta
Assets\Scenes\Tracks\Fish Hooks Track 3.unity,e996a18e58747bf538b26a7d9874aed9,11500000,3,True,Assets\Scripts\Assembly-CSharp\WaypointLogic.cs.meta
Assets\Scenes\Tracks\Fish Hooks Track 3.unity,410aef06036e22f327bf513834d3c8f7,11500000,3,True,Assets\Scripts\Assembly-CSharp\FollowCamera.cs.meta
Assets\Scenes\Tracks\Fish Hooks Track 3.unity,30b411d090599ca49164a82da6acd001,11500000,3,True,Assets\Scripts\Assembly-CSharp\CameraShake.cs.meta
Assets\Scenes\Tracks\Fish Hooks Track 3.unity,e996a18e58747bf538b26a7d9874aed9,11500000,3,True,Assets\Scripts\Assembly-CSharp\WaypointLogic.cs.meta
Assets\Scenes\Tracks\Fish Hooks Track 3.unity,540d7059364354e249f259edfef5d69a,11500000,3,True,Assets\Scripts\Assembly-CSharp\SpeedPoint.cs.meta
Assets\Scenes\Tracks\Fish Hooks Track 3.unity,e996a18e58747bf538b26a7d9874aed9,11500000,3,True,Assets\Scripts\Assembly-CSharp\WaypointLogic.cs.meta
Assets\Scenes\Tracks\Fish Hooks Track 3.unity,e996a18e58747bf538b26a7d9874aed9,11500000,3,True,Assets\Scripts\Assembly-CSharp\WaypointLogic.cs.meta
Assets\Scenes\Tracks\Fish Hooks Track 3.unity,80004b78694f1129edd555f7161356a9,11500000,3,True,Assets\Scripts\Assembly-CSharp\PickupSpawner.cs.meta
Assets\Scenes\Tracks\Fish Hooks Track 3.unity,540d7059364354e249f259edfef5d69a,11500000,3,True,Assets\Scripts\Assembly-CSharp\SpeedPoint.cs.meta
Assets\Scenes\Tracks\Fish Hooks Track 3.unity,e996a18e58747bf538b26a7d9874aed9,11500000,3,True,Assets\Scripts\Assembly-CSharp\WaypointLogic.cs.meta
Assets\Scenes\Tracks\Fish Hooks Track 3.unity,540d7059364354e249f259edfef5d69a,11500000,3,True,Assets\Scripts\Assembly-CSharp\SpeedPoint.cs.meta
Assets\Scenes\Tracks\Fish Hooks Track 3.unity,540d7059364354e249f259edfef5d69a,11500000,3,True,Assets\Scripts\Assembly-CSharp\SpeedPoint.cs.meta
Assets\Scenes\Tracks\Fish Hooks Track 3.unity,e996a18e58747bf538b26a7d9874aed9,11500000,3,True,Assets\Scripts\Assembly-CSharp\WaypointLogic.cs.meta
Assets\Scenes\Tracks\Fish Hooks Track 3.unity,540d7059364354e249f259edfef5d69a,11500000,3,True,Assets\Scripts\Assembly-CSharp\SpeedPoint.cs.meta
Assets\Scenes\Tracks\Fish Hooks Track 3.unity,80004b78694f1129edd555f7161356a9,11500000,3,True,Assets\Scripts\Assembly-CSharp\PickupSpawner.cs.meta
Assets\Scenes\Tracks\Fish Hooks Track 3.unity,e996a18e58747bf538b26a7d9874aed9,11500000,3,True,Assets\Scripts\Assembly-CSharp\WaypointLogic.cs.meta
Assets\Scenes\Tracks\Fish Hooks Track 3.unity,540d7059364354e249f259edfef5d69a,11500000,3,True,Assets\Scripts\Assembly-CSharp\SpeedPoint.cs.meta
Assets\Scenes\Tracks\Fish Hooks Track 3.unity,e996a18e58747bf538b26a7d9874aed9,11500000,3,True,Assets\Scripts\Assembly-CSharp\WaypointLogic.cs.meta
Assets\Scenes\Tracks\Fish Hooks Track 3.unity,e996a18e58747bf538b26a7d9874aed9,11500000,3,True,Assets\Scripts\Assembly-CSharp\WaypointLogic.cs.meta
Assets\Scenes\Tracks\Fish Hooks Track 3.unity,1cc58fe5defa6bb88edc43c0229d6967,11500000,3,True,Assets\Scripts\Assembly-CSharp\SpringTrigger.cs.meta
Assets\Scenes\Tracks\Fish Hooks Track 3.unity,71c30d28ad73b040f6e74d951b378742,11500000,3,True,Assets\Scripts\Assembly-CSharp\ObjectTrackDistanceLogic.cs.meta
Assets\Scenes\Tracks\Fish Hooks Track 3.unity,e996a18e58747bf538b26a7d9874aed9,11500000,3,True,Assets\Scripts\Assembly-CSharp\WaypointLogic.cs.meta
Assets\Scenes\Tracks\Fish Hooks Track 3.unity,540d7059364354e249f259edfef5d69a,11500000,3,True,Assets\Scripts\Assembly-CSharp\SpeedPoint.cs.meta
Assets\Scenes\Tracks\Fish Hooks Track 3.unity,540d7059364354e249f259edfef5d69a,11500000,3,True,Assets\Scripts\Assembly-CSharp\SpeedPoint.cs.meta
Assets\Scenes\Tracks\Fish Hooks Track 3.unity,540d7059364354e249f259edfef5d69a,11500000,3,True,Assets\Scripts\Assembly-CSharp\SpeedPoint.cs.meta
Assets\Scenes\Tracks\Fish Hooks Track 3.unity,e171dc7613dc84903f6b62f321860d38,11500000,3,True,Assets\Plugins\Assembly-CSharp-firstpass\UghAlign.cs.meta
Assets\Scenes\Tracks\Fish Hooks Track 3.unity,540d7059364354e249f259edfef5d69a,11500000,3,True,Assets\Scripts\Assembly-CSharp\SpeedPoint.cs.meta
Assets\Scenes\Tracks\Fish Hooks Track 3.unity,e996a18e58747bf538b26a7d9874aed9,11500000,3,True,Assets\Scripts\Assembly-CSharp\WaypointLogic.cs.meta
Assets\Scenes\Tracks\Fish Hooks Track 3.unity,e996a18e58747bf538b26a7d9874aed9,11500000,3,True,Assets\Scripts\Assembly-CSharp\WaypointLogic.cs.meta
Assets\Scenes\Tracks\Fish Hooks Track 3.unity,e996a18e58747bf538b26a7d9874aed9,11500000,3,True,Assets\Scripts\Assembly-CSharp\WaypointLogic.cs.meta
Assets\Scenes\Tracks\Fish Hooks Track 3.unity,e996a18e58747bf538b26a7d9874aed9,11500000,3,True,Assets\Scripts\Assembly-CSharp\WaypointLogic.cs.meta
Assets\Scenes\Tracks\Fish Hooks Track 3.unity,80004b78694f1129edd555f7161356a9,11500000,3,True,Assets\Scripts\Assembly-CSharp\PickupSpawner.cs.meta
Assets\Scenes\Tracks\Fish Hooks Track 3.unity,e996a18e58747bf538b26a7d9874aed9,11500000,3,True,Assets\Scripts\Assembly-CSharp\WaypointLogic.cs.meta
Assets\Scenes\Tracks\Fish Hooks Track 3.unity,80004b78694f1129edd555f7161356a9,11500000,3,True,Assets\Scripts\Assembly-CSharp\PickupSpawner.cs.meta
Assets\Scenes\Tracks\Fish Hooks Track 3.unity,e996a18e58747bf538b26a7d9874aed9,11500000,3,True,Assets\Scripts\Assembly-CSharp\WaypointLogic.cs.meta
Assets\Scenes\Tracks\Fish Hooks Track 3.unity,7a1d7e408882e95bdbe76a76d6f51e1c,11500000,3,True,Assets\Plugins\Assembly-CSharp-firstpass\UghButton.cs.meta
Assets\Scenes\Tracks\Fish Hooks Track 3.unity,84dedd87b078241ae96d152250730014,11500000,3,True,Assets\Plugins\Assembly-CSharp-firstpass\UghSprite.cs.meta
Assets\Scenes\Tracks\Fish Hooks Track 3.unity,e996a18e58747bf538b26a7d9874aed9,11500000,3,True,Assets\Scripts\Assembly-CSharp\WaypointLogic.cs.meta
Assets\Scenes\Tracks\Fish Hooks Track 3.unity,e996a18e58747bf538b26a7d9874aed9,11500000,3,True,Assets\Scripts\Assembly-CSharp\WaypointLogic.cs.meta
Assets\Scenes\Tracks\Fish Hooks Track 3.unity,e996a18e58747bf538b26a7d9874aed9,11500000,3,True,Assets\Scripts\Assembly-CSharp\WaypointLogic.cs.meta
Assets\Scenes\Tracks\Fish Hooks Track 3.unity,e996a18e58747bf538b26a7d9874aed9,11500000,3,True,Assets\Scripts\Assembly-CSharp\WaypointLogic.cs.meta
Assets\Scenes\Tracks\Fish Hooks Track 3.unity,540d7059364354e249f259edfef5d69a,11500000,3,True,Assets\Scripts\Assembly-CSharp\SpeedPoint.cs.meta
Assets\Scenes\Tracks\Fish Hooks Track 3.unity,540d7059364354e249f259edfef5d69a,11500000,3,True,Assets\Scripts\Assembly-CSharp\SpeedPoint.cs.meta
Assets\Scenes\Tracks\Fish Hooks Track 3.unity,e996a18e58747bf538b26a7d9874aed9,11500000,3,True,Assets\Scripts\Assembly-CSharp\WaypointLogic.cs.meta
Assets\Scenes\Tracks\Fish Hooks Track 3.unity,e996a18e58747bf538b26a7d9874aed9,11500000,3,True,Assets\Scripts\Assembly-CSharp\WaypointLogic.cs.meta
Assets\Scenes\Tracks\Fish Hooks Track 3.unity,e996a18e58747bf538b26a7d9874aed9,11500000,3,True,Assets\Scripts\Assembly-CSharp\WaypointLogic.cs.meta
Assets\Scenes\Tracks\Fish Hooks Track 3.unity,540d7059364354e249f259edfef5d69a,11500000,3,True,Assets\Scripts\Assembly-CSharp\SpeedPoint.cs.meta
Assets\Scenes\Tracks\Fish Hooks Track 3.unity,e171dc7613dc84903f6b62f321860d38,11500000,3,True,Assets\Plugins\Assembly-CSharp-firstpass\UghAlign.cs.meta
Assets\Scenes\Tracks\Fish Hooks Track 3.unity,e996a18e58747bf538b26a7d9874aed9,11500000,3,True,Assets\Scripts\Assembly-CSharp\WaypointLogic.cs.meta
Assets\Scenes\Tracks\Fish Hooks Track 3.unity,e996a18e58747bf538b26a7d9874aed9,11500000,3,True,Assets\Scripts\Assembly-CSharp\WaypointLogic.cs.meta
Assets\Scenes\Tracks\Fish Hooks Track 3.unity,5db77d8b07b73380826e12a6a2c9f105,11500000,3,True,Assets\Scripts\Assembly-CSharp\ParticleReducer.cs.meta
Assets\Scenes\Tracks\Fish Hooks Track 3.unity,540d7059364354e249f259edfef5d69a,11500000,3,True,Assets\Scripts\Assembly-CSharp\SpeedPoint.cs.meta
Assets\Scenes\Tracks\Fish Hooks Track 3.unity,e996a18e58747bf538b26a7d9874aed9,11500000,3,True,Assets\Scripts\Assembly-CSharp\WaypointLogic.cs.meta
Assets\Scenes\Tracks\Fish Hooks Track 3.unity,84dedd87b078241ae96d152250730014,11500000,3,True,Assets\Plugins\Assembly-CSharp-firstpass\UghSprite.cs.meta
Assets\Scenes\Tracks\Fish Hooks Track 3.unity,540d7059364354e249f259edfef5d69a,11500000,3,True,Assets\Scripts\Assembly-CSharp\SpeedPoint.cs.meta
Assets\Scenes\Tracks\Fish Hooks Track 3.unity,80004b78694f1129edd555f7161356a9,11500000,3,True,Assets\Scripts\Assembly-CSharp\PickupSpawner.cs.meta
Assets\Scenes\Tracks\Fish Hooks Track 3.unity,e996a18e58747bf538b26a7d9874aed9,11500000,3,True,Assets\Scripts\Assembly-CSharp\WaypointLogic.cs.meta
Assets\Scenes\Tracks\Fish Hooks Track 3.unity,540d7059364354e249f259edfef5d69a,11500000,3,True,Assets\Scripts\Assembly-CSharp\SpeedPoint.cs.meta
Assets\Scenes\Tracks\Fish Hooks Track 3.unity,540d7059364354e249f259edfef5d69a,11500000,3,True,Assets\Scripts\Assembly-CSharp\SpeedPoint.cs.meta
Assets\Scenes\Tracks\Fish Hooks Track 3.unity,bd6a084f77b1c5536a730558e15b2115,11500000,3,True,Assets\Scripts\Assembly-CSharp\Crab.cs.meta
Assets\Scenes\Tracks\Fish Hooks Track 3.unity,0b15208c8a5ae7ff1660a3585ad68237,11500000,3,True,Assets\Scripts\Assembly-CSharp\TerrainEffectTrigger.cs.meta
Assets\Scenes\Tracks\Fish Hooks Track 3.unity,540d7059364354e249f259edfef5d69a,11500000,3,True,Assets\Scripts\Assembly-CSharp\SpeedPoint.cs.meta
Assets\Scenes\Tracks\Fish Hooks Track 3.unity,e996a18e58747bf538b26a7d9874aed9,11500000,3,True,Assets\Scripts\Assembly-CSharp\WaypointLogic.cs.meta
Assets\Scenes\Tracks\Fish Hooks Track 3.unity,540d7059364354e249f259edfef5d69a,11500000,3,True,Assets\Scripts\Assembly-CSharp\SpeedPoint.cs.meta
Assets\Scenes\Tracks\Fish Hooks Track 3.unity,e996a18e58747bf538b26a7d9874aed9,11500000,3,True,Assets\Scripts\Assembly-CSharp\WaypointLogic.cs.meta
Assets\Scenes\Tracks\Fish Hooks Track 3.unity,0b15208c8a5ae7ff1660a3585ad68237,11500000,3,True,Assets\Scripts\Assembly-CSharp\TerrainEffectTrigger.cs.meta
Assets\Scenes\Tracks\Fish Hooks Track 3.unity,71c30d28ad73b040f6e74d951b378742,11500000,3,True,Assets\Scripts\Assembly-CSharp\ObjectTrackDistanceLogic.cs.meta
Assets\Scenes\Tracks\Fish Hooks Track 3.unity,94873483e708f4fa4a57b3033bbbcc5d,11500000,3,True,Assets\Scripts\Assembly-CSharp\AnimatedTexture.cs.meta
Assets\Scenes\Tracks\Fish Hooks Track 3.unity,540d7059364354e249f259edfef5d69a,11500000,3,True,Assets\Scripts\Assembly-CSharp\SpeedPoint.cs.meta
Assets\Scenes\Tracks\Fish Hooks Track 3.unity,e996a18e58747bf538b26a7d9874aed9,11500000,3,True,Assets\Scripts\Assembly-CSharp\WaypointLogic.cs.meta
Assets\Scenes\Tracks\Fish Hooks Track 3.unity,540d7059364354e249f259edfef5d69a,11500000,3,True,Assets\Scripts\Assembly-CSharp\SpeedPoint.cs.meta
Assets\Scenes\Tracks\Fish Hooks Track 3.unity,e996a18e58747bf538b26a7d9874aed9,11500000,3,True,Assets\Scripts\Assembly-CSharp\WaypointLogic.cs.meta
Assets\Scenes\Tracks\Fish Hooks Track 3.unity,e996a18e58747bf538b26a7d9874aed9,11500000,3,True,Assets\Scripts\Assembly-CSharp\WaypointLogic.cs.meta
Assets\Scenes\Tracks\Fish Hooks Track 3.unity,e996a18e58747bf538b26a7d9874aed9,11500000,3,True,Assets\Scripts\Assembly-CSharp\WaypointLogic.cs.meta
Assets\Scenes\Tracks\Fish Hooks Track 3.unity,540d7059364354e249f259edfef5d69a,11500000,3,True,Assets\Scripts\Assembly-CSharp\SpeedPoint.cs.meta
Assets\Scenes\Tracks\Fish Hooks Track 3.unity,e996a18e58747bf538b26a7d9874aed9,11500000,3,True,Assets\Scripts\Assembly-CSharp\WaypointLogic.cs.meta
Assets\Scenes\Tracks\Fish Hooks Track 3.unity,540d7059364354e249f259edfef5d69a,11500000,3,True,Assets\Scripts\Assembly-CSharp\SpeedPoint.cs.meta
Assets\Scenes\Tracks\Fish Hooks Track 3.unity,e996a18e58747bf538b26a7d9874aed9,11500000,3,True,Assets\Scripts\Assembly-CSharp\WaypointLogic.cs.meta
Assets\Scenes\Tracks\Fish Hooks Track 3.unity,84dedd87b078241ae96d152250730014,11500000,3,True,Assets\Plugins\Assembly-CSharp-firstpass\UghSprite.cs.meta
Assets\Scenes\Tracks\Fish Hooks Track 3.unity,e996a18e58747bf538b26a7d9874aed9,11500000,3,True,Assets\Scripts\Assembly-CSharp\WaypointLogic.cs.meta
Assets\Scenes\Tracks\Fish Hooks Track 3.unity,540d7059364354e249f259edfef5d69a,11500000,3,True,Assets\Scripts\Assembly-CSharp\SpeedPoint.cs.meta
Assets\Scenes\Tracks\Fish Hooks Track 3.unity,e996a18e58747bf538b26a7d9874aed9,11500000,3,True,Assets\Scripts\Assembly-CSharp\WaypointLogic.cs.meta
Assets\Scenes\Tracks\Fish Hooks Track 3.unity,e996a18e58747bf538b26a7d9874aed9,11500000,3,True,Assets\Scripts\Assembly-CSharp\WaypointLogic.cs.meta
Assets\Scenes\Tracks\Fish Hooks Track 3.unity,e996a18e58747bf538b26a7d9874aed9,11500000,3,True,Assets\Scripts\Assembly-CSharp\WaypointLogic.cs.meta
Assets\Scenes\Tracks\Fish Hooks Track 3.unity,84dedd87b078241ae96d152250730014,11500000,3,True,Assets\Plugins\Assembly-CSharp-firstpass\UghSprite.cs.meta
Assets\Scenes\Tracks\Fish Hooks Track 3.unity,e996a18e58747bf538b26a7d9874aed9,11500000,3,True,Assets\Scripts\Assembly-CSharp\WaypointLogic.cs.meta
Assets\Scenes\Tracks\Fish Hooks Track 3.unity,80004b78694f1129edd555f7161356a9,11500000,3,True,Assets\Scripts\Assembly-CSharp\PickupSpawner.cs.meta
Assets\Scenes\Tracks\Fish Hooks Track 3.unity,540d7059364354e249f259edfef5d69a,11500000,3,True,Assets\Scripts\Assembly-CSharp\SpeedPoint.cs.meta
Assets\Scenes\Tracks\Fish Hooks Track 3.unity,80004b78694f1129edd555f7161356a9,11500000,3,True,Assets\Scripts\Assembly-CSharp\PickupSpawner.cs.meta
Assets\Scenes\Tracks\Fish Hooks Track 3.unity,e996a18e58747bf538b26a7d9874aed9,11500000,3,True,Assets\Scripts\Assembly-CSharp\WaypointLogic.cs.meta
Assets\Scenes\Tracks\Fish Hooks Track 3.unity,540d7059364354e249f259edfef5d69a,11500000,3,True,Assets\Scripts\Assembly-CSharp\SpeedPoint.cs.meta
Assets\Scenes\Tracks\Fish Hooks Track 3.unity,e996a18e58747bf538b26a7d9874aed9,11500000,3,True,Assets\Scripts\Assembly-CSharp\WaypointLogic.cs.meta
Assets\Scenes\Tracks\Fish Hooks Track 3.unity,540d7059364354e249f259edfef5d69a,11500000,3,True,Assets\Scripts\Assembly-CSharp\SpeedPoint.cs.meta
Assets\Scenes\Tracks\Fish Hooks Track 3.unity,e996a18e58747bf538b26a7d9874aed9,11500000,3,True,Assets\Scripts\Assembly-CSharp\WaypointLogic.cs.meta
Assets\Scenes\Tracks\Fish Hooks Track 3.unity,540d7059364354e249f259edfef5d69a,11500000,3,True,Assets\Scripts\Assembly-CSharp\SpeedPoint.cs.meta
Assets\Scenes\Tracks\Fish Hooks Track 3.unity,e996a18e58747bf538b26a7d9874aed9,11500000,3,True,Assets\Scripts\Assembly-CSharp\WaypointLogic.cs.meta
Assets\Scenes\Tracks\Fish Hooks Track 3.unity,80004b78694f1129edd555f7161356a9,11500000,3,True,Assets\Scripts\Assembly-CSharp\PickupSpawner.cs.meta
Assets\Scenes\Tracks\Fish Hooks Track 3.unity,80004b78694f1129edd555f7161356a9,11500000,3,True,Assets\Scripts\Assembly-CSharp\PickupSpawner.cs.meta
Assets\Scenes\Tracks\Fish Hooks Track 3.unity,540d7059364354e249f259edfef5d69a,11500000,3,True,Assets\Scripts\Assembly-CSharp\SpeedPoint.cs.meta
Assets\Scenes\Tracks\Fish Hooks Track 3.unity,540d7059364354e249f259edfef5d69a,11500000,3,True,Assets\Scripts\Assembly-CSharp\SpeedPoint.cs.meta
Assets\Scenes\Tracks\Fish Hooks Track 3.unity,e996a18e58747bf538b26a7d9874aed9,11500000,3,True,Assets\Scripts\Assembly-CSharp\WaypointLogic.cs.meta
Assets\Scenes\Tracks\Fish Hooks Track 3.unity,e996a18e58747bf538b26a7d9874aed9,11500000,3,True,Assets\Scripts\Assembly-CSharp\WaypointLogic.cs.meta
Assets\Scenes\Tracks\Fish Hooks Track 3.unity,5db77d8b07b73380826e12a6a2c9f105,11500000,3,True,Assets\Scripts\Assembly-CSharp\ParticleReducer.cs.meta
Assets\Scenes\Tracks\Fish Hooks Track 3.unity,e996a18e58747bf538b26a7d9874aed9,11500000,3,True,Assets\Scripts\Assembly-CSharp\WaypointLogic.cs.meta
Assets\Scenes\Tracks\Fish Hooks Track 3.unity,540d7059364354e249f259edfef5d69a,11500000,3,True,Assets\Scripts\Assembly-CSharp\SpeedPoint.cs.meta
Assets\Scenes\Tracks\Fish Hooks Track 3.unity,0b15208c8a5ae7ff1660a3585ad68237,11500000,3,True,Assets\Scripts\Assembly-CSharp\TerrainEffectTrigger.cs.meta
Assets\Scenes\Tracks\Fish Hooks Track 3.unity,71c30d28ad73b040f6e74d951b378742,11500000,3,True,Assets\Scripts\Assembly-CSharp\ObjectTrackDistanceLogic.cs.meta
Assets\Scenes\Tracks\Fish Hooks Track 3.unity,94873483e708f4fa4a57b3033bbbcc5d,11500000,3,True,Assets\Scripts\Assembly-CSharp\AnimatedTexture.cs.meta
Assets\Scenes\Tracks\Fish Hooks Track 3.unity,80004b78694f1129edd555f7161356a9,11500000,3,True,Assets\Scripts\Assembly-CSharp\PickupSpawner.cs.meta
Assets\Scenes\Tracks\Fish Hooks Track 3.unity,540d7059364354e249f259edfef5d69a,11500000,3,True,Assets\Scripts\Assembly-CSharp\SpeedPoint.cs.meta
Assets\Scenes\Tracks\Fish Hooks Track 3.unity,e996a18e58747bf538b26a7d9874aed9,11500000,3,True,Assets\Scripts\Assembly-CSharp\WaypointLogic.cs.meta
Assets\Scenes\Tracks\Fish Hooks Track 3.unity,e996a18e58747bf538b26a7d9874aed9,11500000,3,True,Assets\Scripts\Assembly-CSharp\WaypointLogic.cs.meta
Assets\Scenes\Tracks\Fish Hooks Track 3.unity,e996a18e58747bf538b26a7d9874aed9,11500000,3,True,Assets\Scripts\Assembly-CSharp\WaypointLogic.cs.meta
Assets\Scenes\Tracks\Fish Hooks Track 3.unity,0b15208c8a5ae7ff1660a3585ad68237,11500000,3,True,Assets\Scripts\Assembly-CSharp\TerrainEffectTrigger.cs.meta
Assets\Scenes\Tracks\Fish Hooks Track 3.unity,71c30d28ad73b040f6e74d951b378742,11500000,3,True,Assets\Scripts\Assembly-CSharp\ObjectTrackDistanceLogic.cs.meta
Assets\Scenes\Tracks\Fish Hooks Track 3.unity,94873483e708f4fa4a57b3033bbbcc5d,11500000,3,True,Assets\Scripts\Assembly-CSharp\AnimatedTexture.cs.meta
Assets\Scenes\Tracks\Fish Hooks Track 3.unity,80004b78694f1129edd555f7161356a9,11500000,3,True,Assets\Scripts\Assembly-CSharp\PickupSpawner.cs.meta
Assets\Scenes\Tracks\Fish Hooks Track 3.unity,7a1d7e408882e95bdbe76a76d6f51e1c,11500000,3,True,Assets\Plugins\Assembly-CSharp-firstpass\UghButton.cs.meta
Assets\Scenes\Tracks\Fish Hooks Track 3.unity,540d7059364354e249f259edfef5d69a,11500000,3,True,Assets\Scripts\Assembly-CSharp\SpeedPoint.cs.meta
Assets\Scenes\Tracks\Fish Hooks Track 3.unity,e996a18e58747bf538b26a7d9874aed9,11500000,3,True,Assets\Scripts\Assembly-CSharp\WaypointLogic.cs.meta
Assets\Scenes\Tracks\Fish Hooks Track 3.unity,94873483e708f4fa4a57b3033bbbcc5d,11500000,3,True,Assets\Scripts\Assembly-CSharp\AnimatedTexture.cs.meta
Assets\Scenes\Tracks\Fish Hooks Track 3.unity,0b15208c8a5ae7ff1660a3585ad68237,11500000,3,True,Assets\Scripts\Assembly-CSharp\TerrainEffectTrigger.cs.meta
Assets\Scenes\Tracks\Fish Hooks Track 3.unity,71c30d28ad73b040f6e74d951b378742,11500000,3,True,Assets\Scripts\Assembly-CSharp\ObjectTrackDistanceLogic.cs.meta
Assets\Scenes\Tracks\Fish Hooks Track 3.unity,bd6a084f77b1c5536a730558e15b2115,11500000,3,True,Assets\Scripts\Assembly-CSharp\Crab.cs.meta
Assets\Scenes\Tracks\Fish Hooks Track 3.unity,0b15208c8a5ae7ff1660a3585ad68237,11500000,3,True,Assets\Scripts\Assembly-CSharp\TerrainEffectTrigger.cs.meta
Assets\Scenes\Tracks\Fish Hooks Track 3.unity,b88ab20c864889e81141f2df8a116b5b,11500000,3,True,Assets\Plugins\Assembly-CSharp-firstpass\UghText.cs.meta
Assets\Scenes\Tracks\Fish Hooks Track 3.unity,e996a18e58747bf538b26a7d9874aed9,11500000,3,True,Assets\Scripts\Assembly-CSharp\WaypointLogic.cs.meta
Assets\Scenes\Tracks\Fish Hooks Track 3.unity,540d7059364354e249f259edfef5d69a,11500000,3,True,Assets\Scripts\Assembly-CSharp\SpeedPoint.cs.meta
Assets\Scenes\Tracks\Fish Hooks Track 3.unity,48302b94d9e9b333d75a5f574a6bcedf,11500000,3,True,Assets\Scripts\Assembly-CSharp\PreRaceCamera.cs.meta
Assets\Scenes\Tracks\Fish Hooks Track 3.unity,e996a18e58747bf538b26a7d9874aed9,11500000,3,True,Assets\Scripts\Assembly-CSharp\WaypointLogic.cs.meta
Assets\Scenes\Tracks\Fish Hooks Track 3.unity,e996a18e58747bf538b26a7d9874aed9,11500000,3,True,Assets\Scripts\Assembly-CSharp\WaypointLogic.cs.meta
Assets\Scenes\Tracks\Fish Hooks Track 3.unity,e996a18e58747bf538b26a7d9874aed9,11500000,3,True,Assets\Scripts\Assembly-CSharp\WaypointLogic.cs.meta
Assets\Scenes\Tracks\Fish Hooks Track 3.unity,e996a18e58747bf538b26a7d9874aed9,11500000,3,True,Assets\Scripts\Assembly-CSharp\WaypointLogic.cs.meta
Assets\Scenes\Tracks\Fish Hooks Track 3.unity,e996a18e58747bf538b26a7d9874aed9,11500000,3,True,Assets\Scripts\Assembly-CSharp\WaypointLogic.cs.meta
Assets\Scenes\Tracks\Fish Hooks Track 3.unity,e996a18e58747bf538b26a7d9874aed9,11500000,3,True,Assets\Scripts\Assembly-CSharp\WaypointLogic.cs.meta
Assets\Scenes\Tracks\Fish Hooks Track 3.unity,80004b78694f1129edd555f7161356a9,11500000,3,True,Assets\Scripts\Assembly-CSharp\PickupSpawner.cs.meta
Assets\Scenes\Tracks\Fish Hooks Track 3.unity,540d7059364354e249f259edfef5d69a,11500000,3,True,Assets\Scripts\Assembly-CSharp\SpeedPoint.cs.meta
Assets\Scenes\Tracks\Fish Hooks Track 3.unity,e996a18e58747bf538b26a7d9874aed9,11500000,3,True,Assets\Scripts\Assembly-CSharp\WaypointLogic.cs.meta
Assets\Scenes\Tracks\Fish Hooks Track 3.unity,540d7059364354e249f259edfef5d69a,11500000,3,True,Assets\Scripts\Assembly-CSharp\SpeedPoint.cs.meta
Assets\Scenes\Tracks\Fish Hooks Track 3.unity,e996a18e58747bf538b26a7d9874aed9,11500000,3,True,Assets\Scripts\Assembly-CSharp\WaypointLogic.cs.meta
Assets\Scenes\Tracks\Fish Hooks Track 3.unity,e996a18e58747bf538b26a7d9874aed9,11500000,3,True,Assets\Scripts\Assembly-CSharp\WaypointLogic.cs.meta
Assets\Scenes\Tracks\Fish Hooks Track 3.unity,e996a18e58747bf538b26a7d9874aed9,11500000,3,True,Assets\Scripts\Assembly-CSharp\WaypointLogic.cs.meta
Assets\Scenes\Tracks\Fish Hooks Track 3.unity,540d7059364354e249f259edfef5d69a,11500000,3,True,Assets\Scripts\Assembly-CSharp\SpeedPoint.cs.meta
Assets\Scenes\Tracks\Fish Hooks Track 3.unity,e996a18e58747bf538b26a7d9874aed9,11500000,3,True,Assets\Scripts\Assembly-CSharp\WaypointLogic.cs.meta
Assets\Scenes\Tracks\Fish Hooks Track 3.unity,e996a18e58747bf538b26a7d9874aed9,11500000,3,True,Assets\Scripts\Assembly-CSharp\WaypointLogic.cs.meta
Assets\Scenes\Tracks\Fish Hooks Track 3.unity,e996a18e58747bf538b26a7d9874aed9,11500000,3,True,Assets\Scripts\Assembly-CSharp\WaypointLogic.cs.meta
Assets\Scenes\Tracks\Fish Hooks Track 3.unity,540d7059364354e249f259edfef5d69a,11500000,3,True,Assets\Scripts\Assembly-CSharp\SpeedPoint.cs.meta
Assets\Scenes\Tracks\Fish Hooks Track 3.unity,e996a18e58747bf538b26a7d9874aed9,11500000,3,True,Assets\Scripts\Assembly-CSharp\WaypointLogic.cs.meta
Assets\Scenes\Tracks\Fish Hooks Track 3.unity,e996a18e58747bf538b26a7d9874aed9,11500000,3,True,Assets\Scripts\Assembly-CSharp\WaypointLogic.cs.meta
Assets\Scenes\Tracks\Fish Hooks Track 3.unity,540d7059364354e249f259edfef5d69a,11500000,3,True,Assets\Scripts\Assembly-CSharp\SpeedPoint.cs.meta
Assets\Scenes\Tracks\Fish Hooks Track 3.unity,540d7059364354e249f259edfef5d69a,11500000,3,True,Assets\Scripts\Assembly-CSharp\SpeedPoint.cs.meta
Assets\Scenes\Tracks\Fish Hooks Track 3.unity,e996a18e58747bf538b26a7d9874aed9,11500000,3,True,Assets\Scripts\Assembly-CSharp\WaypointLogic.cs.meta
Assets\Scenes\Tracks\Fish Hooks Track 3.unity,540d7059364354e249f259edfef5d69a,11500000,3,True,Assets\Scripts\Assembly-CSharp\SpeedPoint.cs.meta
Assets\Scenes\Tracks\Fish Hooks Track 3.unity,e996a18e58747bf538b26a7d9874aed9,11500000,3,True,Assets\Scripts\Assembly-CSharp\WaypointLogic.cs.meta
Assets\Scenes\Tracks\Fish Hooks Track 3.unity,540d7059364354e249f259edfef5d69a,11500000,3,True,Assets\Scripts\Assembly-CSharp\SpeedPoint.cs.meta
Assets\Scenes\Tracks\Fish Hooks Track 3.unity,e996a18e58747bf538b26a7d9874aed9,11500000,3,True,Assets\Scripts\Assembly-CSharp\WaypointLogic.cs.meta
Assets\Scenes\Tracks\Fish Hooks Track 3.unity,540d7059364354e249f259edfef5d69a,11500000,3,True,Assets\Scripts\Assembly-CSharp\SpeedPoint.cs.meta
Assets\Scenes\Tracks\Fish Hooks Track 3.unity,7a1d7e408882e95bdbe76a76d6f51e1c,11500000,3,True,Assets\Plugins\Assembly-CSharp-firstpass\UghButton.cs.meta
Assets\Scenes\Tracks\Fish Hooks Track 3.unity,540d7059364354e249f259edfef5d69a,11500000,3,True,Assets\Scripts\Assembly-CSharp\SpeedPoint.cs.meta
Assets\Scenes\Tracks\Fish Hooks Track 3.unity,84dedd87b078241ae96d152250730014,11500000,3,True,Assets\Plugins\Assembly-CSharp-firstpass\UghSprite.cs.meta
Assets\Scenes\Tracks\Fish Hooks Track 3.unity,540d7059364354e249f259edfef5d69a,11500000,3,True,Assets\Scripts\Assembly-CSharp\SpeedPoint.cs.meta
Assets\Scenes\Tracks\Fish Hooks Track 3.unity,80004b78694f1129edd555f7161356a9,11500000,3,True,Assets\Scripts\Assembly-CSharp\PickupSpawner.cs.meta
Assets\Scenes\Tracks\Fish Hooks Track 3.unity,e996a18e58747bf538b26a7d9874aed9,11500000,3,True,Assets\Scripts\Assembly-CSharp\WaypointLogic.cs.meta
Assets\Scenes\Tracks\Fish Hooks Track 3.unity,540d7059364354e249f259edfef5d69a,11500000,3,True,Assets\Scripts\Assembly-CSharp\SpeedPoint.cs.meta
Assets\Scenes\Tracks\Fish Hooks Track 3.unity,540d7059364354e249f259edfef5d69a,11500000,3,True,Assets\Scripts\Assembly-CSharp\SpeedPoint.cs.meta
Assets\Scenes\Tracks\Fish Hooks Track 3.unity,540d7059364354e249f259edfef5d69a,11500000,3,True,Assets\Scripts\Assembly-CSharp\SpeedPoint.cs.meta
Assets\Scenes\Tracks\Fish Hooks Track 3.unity,e996a18e58747bf538b26a7d9874aed9,11500000,3,True,Assets\Scripts\Assembly-CSharp\WaypointLogic.cs.meta
Assets\Scenes\Tracks\Fish Hooks Track 3.unity,e996a18e58747bf538b26a7d9874aed9,11500000,3,True,Assets\Scripts\Assembly-CSharp\WaypointLogic.cs.meta
Assets\Scenes\Tracks\Fish Hooks Track 3.unity,540d7059364354e249f259edfef5d69a,11500000,3,True,Assets\Scripts\Assembly-CSharp\SpeedPoint.cs.meta
Assets\Scenes\Tracks\Fish Hooks Track 3.unity,e996a18e58747bf538b26a7d9874aed9,11500000,3,True,Assets\Scripts\Assembly-CSharp\WaypointLogic.cs.meta
Assets\Scenes\Tracks\Fish Hooks Track 3.unity,540d7059364354e249f259edfef5d69a,11500000,3,True,Assets\Scripts\Assembly-CSharp\SpeedPoint.cs.meta
Assets\Scenes\Tracks\Fish Hooks Track 3.unity,71c30d28ad73b040f6e74d951b378742,11500000,3,True,Assets\Scripts\Assembly-CSharp\ObjectTrackDistanceLogic.cs.meta
Assets\Scenes\Tracks\Fish Hooks Track 3.unity,0b15208c8a5ae7ff1660a3585ad68237,11500000,3,True,Assets\Scripts\Assembly-CSharp\TerrainEffectTrigger.cs.meta
Assets\Scenes\Tracks\Fish Hooks Track 3.unity,94873483e708f4fa4a57b3033bbbcc5d,11500000,3,True,Assets\Scripts\Assembly-CSharp\AnimatedTexture.cs.meta
Assets\Scenes\Tracks\Fish Hooks Track 3.unity,e996a18e58747bf538b26a7d9874aed9,11500000,3,True,Assets\Scripts\Assembly-CSharp\WaypointLogic.cs.meta
Assets\Scenes\Tracks\Fish Hooks Track 3.unity,540d7059364354e249f259edfef5d69a,11500000,3,True,Assets\Scripts\Assembly-CSharp\SpeedPoint.cs.meta
Assets\Scenes\Tracks\Fish Hooks Track 3.unity,e996a18e58747bf538b26a7d9874aed9,11500000,3,True,Assets\Scripts\Assembly-CSharp\WaypointLogic.cs.meta
Assets\Scenes\Tracks\Fish Hooks Track 3.unity,e996a18e58747bf538b26a7d9874aed9,11500000,3,True,Assets\Scripts\Assembly-CSharp\WaypointLogic.cs.meta
Assets\Scenes\Tracks\Fish Hooks Track 3.unity,540d7059364354e249f259edfef5d69a,11500000,3,True,Assets\Scripts\Assembly-CSharp\SpeedPoint.cs.meta
Assets\Scenes\Tracks\Fish Hooks Track 3.unity,e996a18e58747bf538b26a7d9874aed9,11500000,3,True,Assets\Scripts\Assembly-CSharp\WaypointLogic.cs.meta
Assets\Scenes\Tracks\Fish Hooks Track 3.unity,540d7059364354e249f259edfef5d69a,11500000,3,True,Assets\Scripts\Assembly-CSharp\SpeedPoint.cs.meta
Assets\Scenes\Tracks\Fish Hooks Track 3.unity,0b15208c8a5ae7ff1660a3585ad68237,11500000,3,True,Assets\Scripts\Assembly-CSharp\TerrainEffectTrigger.cs.meta
Assets\Scenes\Tracks\Fish Hooks Track 3.unity,71c30d28ad73b040f6e74d951b378742,11500000,3,True,Assets\Scripts\Assembly-CSharp\ObjectTrackDistanceLogic.cs.meta
Assets\Scenes\Tracks\Fish Hooks Track 3.unity,94873483e708f4fa4a57b3033bbbcc5d,11500000,3,True,Assets\Scripts\Assembly-CSharp\AnimatedTexture.cs.meta
Assets\Scenes\Tracks\Fish Hooks Track 3.unity,a5927ab13b8fd57ed5089057e948c6a8,11500000,3,True,Assets\Scripts\Assembly-CSharp\ProgressTriggerLogic.cs.meta
Assets\Scenes\Tracks\Fish Hooks Track 3.unity,9b4892a27c501fc32d10289e8a2709d7,11500000,3,True,Assets\Scripts\Assembly-CSharp\CoinPoint.cs.meta
Assets\Scenes\Tracks\Fish Hooks Track 3.unity,e171dc7613dc84903f6b62f321860d38,11500000,3,True,Assets\Plugins\Assembly-CSharp-firstpass\UghAlign.cs.meta
Assets\Scenes\Tracks\Fish Hooks Track 3.unity,e996a18e58747bf538b26a7d9874aed9,11500000,3,True,Assets\Scripts\Assembly-CSharp\WaypointLogic.cs.meta
Assets\Scenes\Tracks\Fish Hooks Track 3.unity,e996a18e58747bf538b26a7d9874aed9,11500000,3,True,Assets\Scripts\Assembly-CSharp\WaypointLogic.cs.meta
Assets\Scenes\Tracks\Fish Hooks Track 3.unity,540d7059364354e249f259edfef5d69a,11500000,3,True,Assets\Scripts\Assembly-CSharp\SpeedPoint.cs.meta
Assets\Scenes\Tracks\Fish Hooks Track 3.unity,e996a18e58747bf538b26a7d9874aed9,11500000,3,True,Assets\Scripts\Assembly-CSharp\WaypointLogic.cs.meta
Assets\Scenes\Tracks\Fish Hooks Track 3.unity,540d7059364354e249f259edfef5d69a,11500000,3,True,Assets\Scripts\Assembly-CSharp\SpeedPoint.cs.meta
Assets\Scenes\Tracks\Fish Hooks Track 3.unity,e996a18e58747bf538b26a7d9874aed9,11500000,3,True,Assets\Scripts\Assembly-CSharp\WaypointLogic.cs.meta
Assets\Scenes\Tracks\Fish Hooks Track 3.unity,e996a18e58747bf538b26a7d9874aed9,11500000,3,True,Assets\Scripts\Assembly-CSharp\WaypointLogic.cs.meta
Assets\Scenes\Tracks\Fish Hooks Track 3.unity,e996a18e58747bf538b26a7d9874aed9,11500000,3,True,Assets\Scripts\Assembly-CSharp\WaypointLogic.cs.meta
Assets\Scenes\Tracks\Fish Hooks Track 3.unity,a5927ab13b8fd57ed5089057e948c6a8,11500000,3,True,Assets\Scripts\Assembly-CSharp\ProgressTriggerLogic.cs.meta
Assets\Scenes\Tracks\Fish Hooks Track 3.unity,0b15208c8a5ae7ff1660a3585ad68237,11500000,3,True,Assets\Scripts\Assembly-CSharp\TerrainEffectTrigger.cs.meta
Assets\Scenes\Tracks\Fish Hooks Track 3.unity,71c30d28ad73b040f6e74d951b378742,11500000,3,True,Assets\Scripts\Assembly-CSharp\ObjectTrackDistanceLogic.cs.meta
Assets\Scenes\Tracks\Fish Hooks Track 3.unity,94873483e708f4fa4a57b3033bbbcc5d,11500000,3,True,Assets\Scripts\Assembly-CSharp\AnimatedTexture.cs.meta
Assets\Scenes\Tracks\Fish Hooks Track 3.unity,246f7afd4c00a9e3e9edfd9f644012c9,11500000,3,True,Assets\Scripts\Assembly-CSharp\DebugTrackStrapper.cs.meta
Assets\Scenes\Tracks\Fish Hooks Track 3.unity,540d7059364354e249f259edfef5d69a,11500000,3,True,Assets\Scripts\Assembly-CSharp\SpeedPoint.cs.meta
Assets\Scenes\Tracks\Fish Hooks Track 3.unity,e996a18e58747bf538b26a7d9874aed9,11500000,3,True,Assets\Scripts\Assembly-CSharp\WaypointLogic.cs.meta
Assets\Scenes\Tracks\Fish Hooks Track 3.unity,84dedd87b078241ae96d152250730014,11500000,3,True,Assets\Plugins\Assembly-CSharp-firstpass\UghSprite.cs.meta
Assets\Scenes\Tracks\Fish Hooks Track 3.unity,540d7059364354e249f259edfef5d69a,11500000,3,True,Assets\Scripts\Assembly-CSharp\SpeedPoint.cs.meta
Assets\Scenes\Tracks\Fish Hooks Track 3.unity,bd6a084f77b1c5536a730558e15b2115,11500000,3,True,Assets\Scripts\Assembly-CSharp\Crab.cs.meta
Assets\Scenes\Tracks\Fish Hooks Track 3.unity,0b15208c8a5ae7ff1660a3585ad68237,11500000,3,True,Assets\Scripts\Assembly-CSharp\TerrainEffectTrigger.cs.meta
Assets\Scenes\Tracks\Fish Hooks Track 3.unity,e996a18e58747bf538b26a7d9874aed9,11500000,3,True,Assets\Scripts\Assembly-CSharp\WaypointLogic.cs.meta
Assets\Scenes\Tracks\Fish Hooks Track 3.unity,e996a18e58747bf538b26a7d9874aed9,11500000,3,True,Assets\Scripts\Assembly-CSharp\WaypointLogic.cs.meta
Assets\Scenes\Tracks\Fish Hooks Track 3.unity,e996a18e58747bf538b26a7d9874aed9,11500000,3,True,Assets\Scripts\Assembly-CSharp\WaypointLogic.cs.meta
Assets\Scenes\Tracks\Fish Hooks Track 3.unity,80004b78694f1129edd555f7161356a9,11500000,3,True,Assets\Scripts\Assembly-CSharp\PickupSpawner.cs.meta
Assets\Scenes\Tracks\Fish Hooks Track 3.unity,80004b78694f1129edd555f7161356a9,11500000,3,True,Assets\Scripts\Assembly-CSharp\PickupSpawner.cs.meta
Assets\Scenes\Tracks\Fish Hooks Track 3.unity,e996a18e58747bf538b26a7d9874aed9,11500000,3,True,Assets\Scripts\Assembly-CSharp\WaypointLogic.cs.meta
Assets\Scenes\Tracks\Fish Hooks Track 3.unity,540d7059364354e249f259edfef5d69a,11500000,3,True,Assets\Scripts\Assembly-CSharp\SpeedPoint.cs.meta
Assets\Scenes\Tracks\Fish Hooks Track 3.unity,540d7059364354e249f259edfef5d69a,11500000,3,True,Assets\Scripts\Assembly-CSharp\SpeedPoint.cs.meta
Assets\Scenes\Tracks\Fish Hooks Track 3.unity,540d7059364354e249f259edfef5d69a,11500000,3,True,Assets\Scripts\Assembly-CSharp\SpeedPoint.cs.meta
Assets\Scenes\Tracks\Fish Hooks Track 3.unity,e996a18e58747bf538b26a7d9874aed9,11500000,3,True,Assets\Scripts\Assembly-CSharp\WaypointLogic.cs.meta
Assets\Scenes\Tracks\Fish Hooks Track 3.unity,0b15208c8a5ae7ff1660a3585ad68237,11500000,3,True,Assets\Scripts\Assembly-CSharp\TerrainEffectTrigger.cs.meta
Assets\Scenes\Tracks\Fish Hooks Track 3.unity,71c30d28ad73b040f6e74d951b378742,11500000,3,True,Assets\Scripts\Assembly-CSharp\ObjectTrackDistanceLogic.cs.meta
Assets\Scenes\Tracks\Fish Hooks Track 3.unity,94873483e708f4fa4a57b3033bbbcc5d,11500000,3,True,Assets\Scripts\Assembly-CSharp\AnimatedTexture.cs.meta
Assets\Scenes\Tracks\Fish Hooks Track 3.unity,540d7059364354e249f259edfef5d69a,11500000,3,True,Assets\Scripts\Assembly-CSharp\SpeedPoint.cs.meta
Assets\Scenes\Tracks\Fish Hooks Track 3.unity,e996a18e58747bf538b26a7d9874aed9,11500000,3,True,Assets\Scripts\Assembly-CSharp\WaypointLogic.cs.meta
Assets\Scenes\Tracks\Fish Hooks Track 3.unity,e996a18e58747bf538b26a7d9874aed9,11500000,3,True,Assets\Scripts\Assembly-CSharp\WaypointLogic.cs.meta
Assets\Scenes\Tracks\Fish Hooks Track 3.unity,e996a18e58747bf538b26a7d9874aed9,11500000,3,True,Assets\Scripts\Assembly-CSharp\WaypointLogic.cs.meta
Assets\Scenes\Tracks\Fish Hooks Track 3.unity,e996a18e58747bf538b26a7d9874aed9,11500000,3,True,Assets\Scripts\Assembly-CSharp\WaypointLogic.cs.meta
Assets\Scenes\Tracks\Fish Hooks Track 3.unity,e996a18e58747bf538b26a7d9874aed9,11500000,3,True,Assets\Scripts\Assembly-CSharp\WaypointLogic.cs.meta
Assets\Scenes\Tracks\Fish Hooks Track 3.unity,e996a18e58747bf538b26a7d9874aed9,11500000,3,True,Assets\Scripts\Assembly-CSharp\WaypointLogic.cs.meta
Assets\Scenes\Tracks\Fish Hooks Track 3.unity,540d7059364354e249f259edfef5d69a,11500000,3,True,Assets\Scripts\Assembly-CSharp\SpeedPoint.cs.meta
Assets\Scenes\Tracks\Fish Hooks Track 3.unity,540d7059364354e249f259edfef5d69a,11500000,3,True,Assets\Scripts\Assembly-CSharp\SpeedPoint.cs.meta
Assets\Scenes\Tracks\Fish Hooks Track 3.unity,8fcdaa4213aa6ec14c06f158bdb5d5ff,11500000,3,True,Assets\Scripts\Assembly-CSharp\LocalizedAssetSwapper.cs.meta
Assets\Scenes\Tracks\Fish Hooks Track 3.unity,e996a18e58747bf538b26a7d9874aed9,11500000,3,True,Assets\Scripts\Assembly-CSharp\WaypointLogic.cs.meta
Assets\Scenes\Tracks\Fish Hooks Track 3.unity,e996a18e58747bf538b26a7d9874aed9,11500000,3,True,Assets\Scripts\Assembly-CSharp\WaypointLogic.cs.meta
Assets\Scenes\Tracks\Fish Hooks Track 3.unity,e996a18e58747bf538b26a7d9874aed9,11500000,3,True,Assets\Scripts\Assembly-CSharp\WaypointLogic.cs.meta
Assets\Scenes\Tracks\Fish Hooks Track 3.unity,e996a18e58747bf538b26a7d9874aed9,11500000,3,True,Assets\Scripts\Assembly-CSharp\WaypointLogic.cs.meta
Assets\Scenes\Tracks\Fish Hooks Track 3.unity,540d7059364354e249f259edfef5d69a,11500000,3,True,Assets\Scripts\Assembly-CSharp\SpeedPoint.cs.meta
Assets\Scenes\Tracks\Fish Hooks Track 3.unity,e996a18e58747bf538b26a7d9874aed9,11500000,3,True,Assets\Scripts\Assembly-CSharp\WaypointLogic.cs.meta
Assets\Scenes\Tracks\Fish Hooks Track 3.unity,d09d2adc5b0d83f0319647719c1b9457,11500000,3,True,Assets\Scripts\Assembly-CSharp\LowEndInhibitor.cs.meta
Assets\Scenes\Tracks\Fish Hooks Track 3.unity,054475368ac70ce39f51fab67e0d6080,11500000,3,True,Assets\Scripts\Assembly-CSharp\ReverseButton.cs.meta
Assets\Scenes\Tracks\Fish Hooks Track 3.unity,e996a18e58747bf538b26a7d9874aed9,11500000,3,True,Assets\Scripts\Assembly-CSharp\WaypointLogic.cs.meta
Assets\Scenes\Tracks\Fish Hooks Track 3.unity,e996a18e58747bf538b26a7d9874aed9,11500000,3,True,Assets\Scripts\Assembly-CSharp\WaypointLogic.cs.meta
Assets\Scenes\Tracks\Fish Hooks Track 3.unity,e996a18e58747bf538b26a7d9874aed9,11500000,3,True,Assets\Scripts\Assembly-CSharp\WaypointLogic.cs.meta
Assets\Scenes\Tracks\Fish Hooks Track 3.unity,e996a18e58747bf538b26a7d9874aed9,11500000,3,True,Assets\Scripts\Assembly-CSharp\WaypointLogic.cs.meta
Assets\Scenes\Tracks\Fish Hooks Track 3.unity,a0737a721fe39abadd36e3afa32dd1f7,11500000,3,True,Assets\Scripts\Assembly-CSharp\CarAIPathManager.cs.meta
Assets\Scenes\Tracks\Fish Hooks Track 3.unity,e996a18e58747bf538b26a7d9874aed9,11500000,3,True,Assets\Scripts\Assembly-CSharp\WaypointLogic.cs.meta
Assets\Scenes\Tracks\Fish Hooks Track 3.unity,e996a18e58747bf538b26a7d9874aed9,11500000,3,True,Assets\Scripts\Assembly-CSharp\WaypointLogic.cs.meta
Assets\Scenes\Tracks\Fish Hooks Track 3.unity,e996a18e58747bf538b26a7d9874aed9,11500000,3,True,Assets\Scripts\Assembly-CSharp\WaypointLogic.cs.meta
Assets\Scenes\Tracks\Fish Hooks Track 3.unity,e996a18e58747bf538b26a7d9874aed9,11500000,3,True,Assets\Scripts\Assembly-CSharp\WaypointLogic.cs.meta
Assets\Scenes\Tracks\Fish Hooks Track 3.unity,540d7059364354e249f259edfef5d69a,11500000,3,True,Assets\Scripts\Assembly-CSharp\SpeedPoint.cs.meta
Assets\Scenes\Tracks\Fish Hooks Track 3.unity,540d7059364354e249f259edfef5d69a,11500000,3,True,Assets\Scripts\Assembly-CSharp\SpeedPoint.cs.meta
Assets\Scenes\Tracks\Fish Hooks Track 3.unity,e996a18e58747bf538b26a7d9874aed9,11500000,3,True,Assets\Scripts\Assembly-CSharp\WaypointLogic.cs.meta
Assets\Scenes\Tracks\Fish Hooks Track 3.unity,8fcdaa4213aa6ec14c06f158bdb5d5ff,11500000,3,True,Assets\Scripts\Assembly-CSharp\LocalizedAssetSwapper.cs.meta
Assets\Scenes\Tracks\Fish Hooks Track 3.unity,84dedd87b078241ae96d152250730014,11500000,3,True,Assets\Plugins\Assembly-CSharp-firstpass\UghSprite.cs.meta
Assets\Scenes\Tracks\Fish Hooks Track 3.unity,e996a18e58747bf538b26a7d9874aed9,11500000,3,True,Assets\Scripts\Assembly-CSharp\WaypointLogic.cs.meta
Assets\Scenes\Tracks\Fish Hooks Track 3.unity,e996a18e58747bf538b26a7d9874aed9,11500000,3,True,Assets\Scripts\Assembly-CSharp\WaypointLogic.cs.meta
Assets\Scenes\Tracks\Fish Hooks Track 3.unity,e996a18e58747bf538b26a7d9874aed9,11500000,3,True,Assets\Scripts\Assembly-CSharp\WaypointLogic.cs.meta
Assets\Scenes\Tracks\Fish Hooks Track 3.unity,540d7059364354e249f259edfef5d69a,11500000,3,True,Assets\Scripts\Assembly-CSharp\SpeedPoint.cs.meta
Assets\Scenes\Tracks\Fish Hooks Track 3.unity,222969e5f509aca8e5d482c6c17f2a47,11500000,3,True,Assets\Scripts\Assembly-CSharp\HUDLogic.cs.meta
Assets\Scenes\Tracks\Fish Hooks Track 3.unity,eef5bd1bbf759d86cb465d11efaf4e76,11500000,3,True,Assets\Scripts\Assembly-CSharp\RocketRideRemover.cs.meta
Assets\Scenes\Tracks\Fish Hooks Track 3.unity,80004b78694f1129edd555f7161356a9,11500000,3,True,Assets\Scripts\Assembly-CSharp\PickupSpawner.cs.meta
Assets\Scenes\Tracks\Fish Hooks Track 3.unity,e996a18e58747bf538b26a7d9874aed9,11500000,3,True,Assets\Scripts\Assembly-CSharp\WaypointLogic.cs.meta
Assets\Scenes\Tracks\Fish Hooks Track 3.unity,e996a18e58747bf538b26a7d9874aed9,11500000,3,True,Assets\Scripts\Assembly-CSharp\WaypointLogic.cs.meta
Assets\Scenes\Tracks\Fish Hooks Track 3.unity,540d7059364354e249f259edfef5d69a,11500000,3,True,Assets\Scripts\Assembly-CSharp\SpeedPoint.cs.meta
Assets\Scenes\Tracks\Fish Hooks Track 3.unity,e996a18e58747bf538b26a7d9874aed9,11500000,3,True,Assets\Scripts\Assembly-CSharp\WaypointLogic.cs.meta
Assets\Scenes\Tracks\Fish Hooks Track 3.unity,e996a18e58747bf538b26a7d9874aed9,11500000,3,True,Assets\Scripts\Assembly-CSharp\WaypointLogic.cs.meta
Assets\Scenes\Tracks\Fish Hooks Track 3.unity,e996a18e58747bf538b26a7d9874aed9,11500000,3,True,Assets\Scripts\Assembly-CSharp\WaypointLogic.cs.meta
Assets\Scenes\Tracks\Fish Hooks Track 3.unity,84dedd87b078241ae96d152250730014,11500000,3,True,Assets\Plugins\Assembly-CSharp-firstpass\UghSprite.cs.meta
Assets\Scenes\Tracks\Fish Hooks Track 3.unity,540d7059364354e249f259edfef5d69a,11500000,3,True,Assets\Scripts\Assembly-CSharp\SpeedPoint.cs.meta
Assets\Scenes\Tracks\Fish Hooks Track 3.unity,e996a18e58747bf538b26a7d9874aed9,11500000,3,True,Assets\Scripts\Assembly-CSharp\WaypointLogic.cs.meta
Assets\Scenes\Tracks\Fish Hooks Track 3.unity,2d217cf7310cb33e8ef103f1af340700,11500000,3,True,Assets\Scripts\Assembly-CSharp\BlipTrackPublisher.cs.meta
Assets\Scenes\Tracks\Fish Hooks Track 3.unity,e171dc7613dc84903f6b62f321860d38,11500000,3,True,Assets\Plugins\Assembly-CSharp-firstpass\UghAlign.cs.meta
Assets\Scenes\Tracks\Fish Hooks Track 3.unity,e996a18e58747bf538b26a7d9874aed9,11500000,3,True,Assets\Scripts\Assembly-CSharp\WaypointLogic.cs.meta
Assets\Scenes\Tracks\Fish Hooks Track 3.unity,e996a18e58747bf538b26a7d9874aed9,11500000,3,True,Assets\Scripts\Assembly-CSharp\WaypointLogic.cs.meta
Assets\Scenes\Tracks\Fish Hooks Track 3.unity,540d7059364354e249f259edfef5d69a,11500000,3,True,Assets\Scripts\Assembly-CSharp\SpeedPoint.cs.meta
Assets\Scenes\Tracks\Fish Hooks Track 3.unity,e996a18e58747bf538b26a7d9874aed9,11500000,3,True,Assets\Scripts\Assembly-CSharp\WaypointLogic.cs.meta
Assets\Scenes\Tracks\Fish Hooks Track 3.unity,e996a18e58747bf538b26a7d9874aed9,11500000,3,True,Assets\Scripts\Assembly-CSharp\WaypointLogic.cs.meta
Assets\Scenes\Tracks\Fish Hooks Track 3.unity,e996a18e58747bf538b26a7d9874aed9,11500000,3,True,Assets\Scripts\Assembly-CSharp\WaypointLogic.cs.meta
Assets\Scenes\Tracks\Fish Hooks Track 3.unity,540d7059364354e249f259edfef5d69a,11500000,3,True,Assets\Scripts\Assembly-CSharp\SpeedPoint.cs.meta
Assets\Scenes\Tracks\Fish Hooks Track 3.unity,e996a18e58747bf538b26a7d9874aed9,11500000,3,True,Assets\Scripts\Assembly-CSharp\WaypointLogic.cs.meta
Assets\Scenes\Tracks\Fish Hooks Track 3.unity,540d7059364354e249f259edfef5d69a,11500000,3,True,Assets\Scripts\Assembly-CSharp\SpeedPoint.cs.meta
Assets\Scenes\Tracks\Fish Hooks Track 3.unity,e996a18e58747bf538b26a7d9874aed9,11500000,3,True,Assets\Scripts\Assembly-CSharp\WaypointLogic.cs.meta
Assets\Scenes\Tracks\Fish Hooks Track 3.unity,e996a18e58747bf538b26a7d9874aed9,11500000,3,True,Assets\Scripts\Assembly-CSharp\WaypointLogic.cs.meta
Assets\Scenes\Tracks\Fish Hooks Track 3.unity,e996a18e58747bf538b26a7d9874aed9,11500000,3,True,Assets\Scripts\Assembly-CSharp\WaypointLogic.cs.meta
Assets\Scenes\Tracks\Fish Hooks Track 3.unity,540d7059364354e249f259edfef5d69a,11500000,3,True,Assets\Scripts\Assembly-CSharp\SpeedPoint.cs.meta
Assets\Scenes\Tracks\Fish Hooks Track 3.unity,84dedd87b078241ae96d152250730014,11500000,3,True,Assets\Plugins\Assembly-CSharp-firstpass\UghSprite.cs.meta
Assets\Scenes\Tracks\Fish Hooks Track 3.unity,e996a18e58747bf538b26a7d9874aed9,11500000,3,True,Assets\Scripts\Assembly-CSharp\WaypointLogic.cs.meta
Assets\Scenes\Tracks\Fish Hooks Track 3.unity,e996a18e58747bf538b26a7d9874aed9,11500000,3,True,Assets\Scripts\Assembly-CSharp\WaypointLogic.cs.meta
Assets\Scenes\Tracks\Fish Hooks Track 3.unity,e996a18e58747bf538b26a7d9874aed9,11500000,3,True,Assets\Scripts\Assembly-CSharp\WaypointLogic.cs.meta
Assets\Scenes\Tracks\Fish Hooks Track 3.unity,e996a18e58747bf538b26a7d9874aed9,11500000,3,True,Assets\Scripts\Assembly-CSharp\WaypointLogic.cs.meta
Assets\Scenes\Tracks\Fish Hooks Track 3.unity,e996a18e58747bf538b26a7d9874aed9,11500000,3,True,Assets\Scripts\Assembly-CSharp\WaypointLogic.cs.meta
Assets\Scenes\Tracks\Fish Hooks Track 3.unity,5db77d8b07b73380826e12a6a2c9f105,11500000,3,True,Assets\Scripts\Assembly-CSharp\ParticleReducer.cs.meta
Assets\Scenes\Tracks\Fish Hooks Track 3.unity,0b15208c8a5ae7ff1660a3585ad68237,11500000,3,True,Assets\Scripts\Assembly-CSharp\TerrainEffectTrigger.cs.meta
Assets\Scenes\Tracks\Fish Hooks Track 3.unity,71c30d28ad73b040f6e74d951b378742,11500000,3,True,Assets\Scripts\Assembly-CSharp\ObjectTrackDistanceLogic.cs.meta
Assets\Scenes\Tracks\Fish Hooks Track 3.unity,94873483e708f4fa4a57b3033bbbcc5d,11500000,3,True,Assets\Scripts\Assembly-CSharp\AnimatedTexture.cs.meta
Assets\Scenes\Tracks\Fish Hooks Track 3.unity,840a81aeccdf70db761452515500908c,11500000,3,True,Assets\Scripts\Assembly-CSharp\CausticsManager.cs.meta
Assets\Scenes\Tracks\Fish Hooks Track 3.unity,84dedd87b078241ae96d152250730014,11500000,3,True,Assets\Plugins\Assembly-CSharp-firstpass\UghSprite.cs.meta
Assets\Scenes\Tracks\Fish Hooks Track 3.unity,e996a18e58747bf538b26a7d9874aed9,11500000,3,True,Assets\Scripts\Assembly-CSharp\WaypointLogic.cs.meta
Assets\Scenes\Tracks\Fish Hooks Track 3.unity,b88ab20c864889e81141f2df8a116b5b,11500000,3,True,Assets\Plugins\Assembly-CSharp-firstpass\UghText.cs.meta
Assets\Scenes\Tracks\Fish Hooks Track 3.unity,80004b78694f1129edd555f7161356a9,11500000,3,True,Assets\Scripts\Assembly-CSharp\PickupSpawner.cs.meta
Assets\Scenes\Tracks\Fish Hooks Track 3.unity,540d7059364354e249f259edfef5d69a,11500000,3,True,Assets\Scripts\Assembly-CSharp\SpeedPoint.cs.meta
Assets\Scenes\Tracks\Fish Hooks Track 3.unity,540d7059364354e249f259edfef5d69a,11500000,3,True,Assets\Scripts\Assembly-CSharp\SpeedPoint.cs.meta
Assets\Scenes\Tracks\Fish Hooks Track 3.unity,71c30d28ad73b040f6e74d951b378742,11500000,3,True,Assets\Scripts\Assembly-CSharp\ObjectTrackDistanceLogic.cs.meta
Assets\Scenes\Tracks\Fish Hooks Track 3.unity,1cc58fe5defa6bb88edc43c0229d6967,11500000,3,True,Assets\Scripts\Assembly-CSharp\SpringTrigger.cs.meta
Assets\Scenes\Tracks\Fish Hooks Track 3.unity,540d7059364354e249f259edfef5d69a,11500000,3,True,Assets\Scripts\Assembly-CSharp\SpeedPoint.cs.meta
Assets\Scenes\Tracks\Fish Hooks Track 3.unity,e996a18e58747bf538b26a7d9874aed9,11500000,3,True,Assets\Scripts\Assembly-CSharp\WaypointLogic.cs.meta
Assets\Scenes\Tracks\Fish Hooks Track 3.unity,897af2fedee1dbc8742a968fb3f7e962,11500000,3,True,Assets\Scripts\Assembly-CSharp\RaceManager.cs.meta
Assets\Scenes\Tracks\Fish Hooks Track 3.unity,e996a18e58747bf538b26a7d9874aed9,11500000,3,True,Assets\Scripts\Assembly-CSharp\WaypointLogic.cs.meta
Assets\Scenes\Tracks\Fish Hooks Track 3.unity,e996a18e58747bf538b26a7d9874aed9,11500000,3,True,Assets\Scripts\Assembly-CSharp\WaypointLogic.cs.meta
Assets\Scenes\Tracks\Fish Hooks Track 3.unity,540d7059364354e249f259edfef5d69a,11500000,3,True,Assets\Scripts\Assembly-CSharp\SpeedPoint.cs.meta
Assets\Scenes\Tracks\Fish Hooks Track 3.unity,540d7059364354e249f259edfef5d69a,11500000,3,True,Assets\Scripts\Assembly-CSharp\SpeedPoint.cs.meta
Assets\Scenes\Tracks\Fish Hooks Track 3.unity,540d7059364354e249f259edfef5d69a,11500000,3,True,Assets\Scripts\Assembly-CSharp\SpeedPoint.cs.meta
Assets\Scenes\Tracks\Fish Hooks Track 3.unity,e33080df6ca488dc2ddb7522478f5e36,11500000,3,True,Assets\Scripts\Assembly-CSharp\SoundLibraryAddendum.cs.meta
Assets\Scenes\Tracks\Fish Hooks Track 3.unity,540d7059364354e249f259edfef5d69a,11500000,3,True,Assets\Scripts\Assembly-CSharp\SpeedPoint.cs.meta
Assets\Scenes\Tracks\Fish Hooks Track 3.unity,540d7059364354e249f259edfef5d69a,11500000,3,True,Assets\Scripts\Assembly-CSharp\SpeedPoint.cs.meta
Assets\Scenes\Tracks\Fish Hooks Track 3.unity,5db77d8b07b73380826e12a6a2c9f105,11500000,3,True,Assets\Scripts\Assembly-CSharp\ParticleReducer.cs.meta
Assets\Scenes\Tracks\Fish Hooks Track 3.unity,e996a18e58747bf538b26a7d9874aed9,11500000,3,True,Assets\Scripts\Assembly-CSharp\WaypointLogic.cs.meta
Assets\Scenes\Tracks\Fish Hooks Track 3.unity,e996a18e58747bf538b26a7d9874aed9,11500000,3,True,Assets\Scripts\Assembly-CSharp\WaypointLogic.cs.meta
Assets\Scenes\Tracks\Fish Hooks Track 3.unity,e996a18e58747bf538b26a7d9874aed9,11500000,3,True,Assets\Scripts\Assembly-CSharp\WaypointLogic.cs.meta
Assets\Scenes\Tracks\Fish Hooks Track 3.unity,540d7059364354e249f259edfef5d69a,11500000,3,True,Assets\Scripts\Assembly-CSharp\SpeedPoint.cs.meta
Assets\Scenes\Tracks\Fish Hooks Track 3.unity,9b4892a27c501fc32d10289e8a2709d7,11500000,3,True,Assets\Scripts\Assembly-CSharp\CoinPoint.cs.meta
Assets\Scenes\Tracks\Fish Hooks Track 3.unity,d023be04c46e426c31d87f45651d35dd,11500000,3,True,Assets\Plugins\Assembly-CSharp-firstpass\UghInput.cs.meta
Assets\Scenes\Tracks\Fish Hooks Track 3.unity,80004b78694f1129edd555f7161356a9,11500000,3,True,Assets\Scripts\Assembly-CSharp\PickupSpawner.cs.meta
Assets\Scenes\Tracks\Fish Hooks Track 3.unity,84dedd87b078241ae96d152250730014,11500000,3,True,Assets\Plugins\Assembly-CSharp-firstpass\UghSprite.cs.meta
Assets\Scenes\Tracks\Fish Hooks Track 3.unity,e996a18e58747bf538b26a7d9874aed9,11500000,3,True,Assets\Scripts\Assembly-CSharp\WaypointLogic.cs.meta
Assets\Scenes\Tracks\Fish Hooks Track 3.unity,e171dc7613dc84903f6b62f321860d38,11500000,3,True,Assets\Plugins\Assembly-CSharp-firstpass\UghAlign.cs.meta
Assets\Scenes\Tracks\Fish Hooks Track 3.unity,e996a18e58747bf538b26a7d9874aed9,11500000,3,True,Assets\Scripts\Assembly-CSharp\WaypointLogic.cs.meta
Assets\Scenes\Tracks\Fish Hooks Track 3.unity,e996a18e58747bf538b26a7d9874aed9,11500000,3,True,Assets\Scripts\Assembly-CSharp\WaypointLogic.cs.meta
Assets\Scenes\Tracks\Fish Hooks Track 3.unity,e996a18e58747bf538b26a7d9874aed9,11500000,3,True,Assets\Scripts\Assembly-CSharp\WaypointLogic.cs.meta
Assets\Scenes\Tracks\Fish Hooks Track 3.unity,84dedd87b078241ae96d152250730014,11500000,3,True,Assets\Plugins\Assembly-CSharp-firstpass\UghSprite.cs.meta
Assets\Scenes\Tracks\Fish Hooks Track 3.unity,e996a18e58747bf538b26a7d9874aed9,11500000,3,True,Assets\Scripts\Assembly-CSharp\WaypointLogic.cs.meta
Assets\Scenes\Tracks\Fish Hooks Track 3.unity,e996a18e58747bf538b26a7d9874aed9,11500000,3,True,Assets\Scripts\Assembly-CSharp\WaypointLogic.cs.meta
Assets\Scenes\Tracks\Fish Hooks Track 3.unity,eef5bd1bbf759d86cb465d11efaf4e76,11500000,3,True,Assets\Scripts\Assembly-CSharp\RocketRideRemover.cs.meta
Assets\Scenes\Tracks\Fish Hooks Track 3.unity,e996a18e58747bf538b26a7d9874aed9,11500000,3,True,Assets\Scripts\Assembly-CSharp\WaypointLogic.cs.meta
Assets\Scenes\Tracks\Fish Hooks Track 3.unity,e996a18e58747bf538b26a7d9874aed9,11500000,3,True,Assets\Scripts\Assembly-CSharp\WaypointLogic.cs.meta
Assets\Scenes\Tracks\Fish Hooks Track 3.unity,e996a18e58747bf538b26a7d9874aed9,11500000,3,True,Assets\Scripts\Assembly-CSharp\WaypointLogic.cs.meta
Assets\Scenes\Tracks\Fish Hooks Track 3.unity,acaf138463e14d81a04866c56f233523,11500000,3,True,Assets\Scripts\Assembly-CSharp\DriftButton.cs.meta
Assets\Scenes\Tracks\Fish Hooks Track 3.unity,540d7059364354e249f259edfef5d69a,11500000,3,True,Assets\Scripts\Assembly-CSharp\SpeedPoint.cs.meta
Assets\Scenes\Tracks\Fish Hooks Track 3.unity,540d7059364354e249f259edfef5d69a,11500000,3,True,Assets\Scripts\Assembly-CSharp\SpeedPoint.cs.meta
Assets\Scenes\Tracks\Fish Hooks Track 3.unity,e996a18e58747bf538b26a7d9874aed9,11500000,3,True,Assets\Scripts\Assembly-CSharp\WaypointLogic.cs.meta
Assets\Scenes\Tracks\Fish Hooks Track 3.unity,e996a18e58747bf538b26a7d9874aed9,11500000,3,True,Assets\Scripts\Assembly-CSharp\WaypointLogic.cs.meta
Assets\Scenes\Tracks\Fish Hooks Track 3.unity,e996a18e58747bf538b26a7d9874aed9,11500000,3,True,Assets\Scripts\Assembly-CSharp\WaypointLogic.cs.meta
Assets\Scenes\Tracks\Fish Hooks Track 3.unity,540d7059364354e249f259edfef5d69a,11500000,3,True,Assets\Scripts\Assembly-CSharp\SpeedPoint.cs.meta
Assets\Scenes\Tracks\Fish Hooks Track 3.unity,e996a18e58747bf538b26a7d9874aed9,11500000,3,True,Assets\Scripts\Assembly-CSharp\WaypointLogic.cs.meta
Assets\Scenes\Tracks\Fish Hooks Track 3.unity,540d7059364354e249f259edfef5d69a,11500000,3,True,Assets\Scripts\Assembly-CSharp\SpeedPoint.cs.meta
Assets\Scenes\Tracks\Fish Hooks Track 3.unity,e996a18e58747bf538b26a7d9874aed9,11500000,3,True,Assets\Scripts\Assembly-CSharp\WaypointLogic.cs.meta
Assets\Scenes\Tracks\Fish Hooks Track 3.unity,e996a18e58747bf538b26a7d9874aed9,11500000,3,True,Assets\Scripts\Assembly-CSharp\WaypointLogic.cs.meta
Assets\Scenes\Tracks\Fish Hooks Track 3.unity,e996a18e58747bf538b26a7d9874aed9,11500000,3,True,Assets\Scripts\Assembly-CSharp\WaypointLogic.cs.meta
Assets\Scenes\Tracks\Fish Hooks Track 3.unity,e996a18e58747bf538b26a7d9874aed9,11500000,3,True,Assets\Scripts\Assembly-CSharp\WaypointLogic.cs.meta
Assets\Scenes\Tracks\Fish Hooks Track 3.unity,e996a18e58747bf538b26a7d9874aed9,11500000,3,True,Assets\Scripts\Assembly-CSharp\WaypointLogic.cs.meta
Assets\Scenes\Tracks\Fish Hooks Track 3.unity,540d7059364354e249f259edfef5d69a,11500000,3,True,Assets\Scripts\Assembly-CSharp\SpeedPoint.cs.meta
Assets\Scenes\Tracks\Fish Hooks Track 3.unity,e996a18e58747bf538b26a7d9874aed9,11500000,3,True,Assets\Scripts\Assembly-CSharp\WaypointLogic.cs.meta
Assets\Scenes\Tracks\Fish Hooks Track 3.unity,540d7059364354e249f259edfef5d69a,11500000,3,True,Assets\Scripts\Assembly-CSharp\SpeedPoint.cs.meta
Assets\Scenes\Tracks\Fish Hooks Track 3.unity,b88ab20c864889e81141f2df8a116b5b,11500000,3,True,Assets\Plugins\Assembly-CSharp-firstpass\UghText.cs.meta
Assets\Scenes\Tracks\Fish Hooks Track 3.unity,540d7059364354e249f259edfef5d69a,11500000,3,True,Assets\Scripts\Assembly-CSharp\SpeedPoint.cs.meta
Assets\Scenes\Tracks\Fish Hooks Track 3.unity,540d7059364354e249f259edfef5d69a,11500000,3,True,Assets\Scripts\Assembly-CSharp\SpeedPoint.cs.meta
Assets\Scenes\Tracks\Fish Hooks Track 3.unity,e996a18e58747bf538b26a7d9874aed9,11500000,3,True,Assets\Scripts\Assembly-CSharp\WaypointLogic.cs.meta
Assets\Scenes\Tracks\Fish Hooks Track 3.unity,e996a18e58747bf538b26a7d9874aed9,11500000,3,True,Assets\Scripts\Assembly-CSharp\WaypointLogic.cs.meta
Assets\Scenes\Tracks\Fish Hooks Track 3.unity,e996a18e58747bf538b26a7d9874aed9,11500000,3,True,Assets\Scripts\Assembly-CSharp\WaypointLogic.cs.meta
Assets\Scenes\Tracks\Fish Hooks Track 3.unity,e996a18e58747bf538b26a7d9874aed9,11500000,3,True,Assets\Scripts\Assembly-CSharp\WaypointLogic.cs.meta
Assets\Scenes\Tracks\Fish Hooks Track 3.unity,540d7059364354e249f259edfef5d69a,11500000,3,True,Assets\Scripts\Assembly-CSharp\SpeedPoint.cs.meta
Assets\Scenes\Tracks\Fish Hooks Track 3.unity,a5927ab13b8fd57ed5089057e948c6a8,11500000,3,True,Assets\Scripts\Assembly-CSharp\ProgressTriggerLogic.cs.meta
Assets\Scenes\Tracks\Fish Hooks Track 3.unity,0b15208c8a5ae7ff1660a3585ad68237,11500000,3,True,Assets\Scripts\Assembly-CSharp\TerrainEffectTrigger.cs.meta
Assets\Scenes\Tracks\Fish Hooks Track 3.unity,71c30d28ad73b040f6e74d951b378742,11500000,3,True,Assets\Scripts\Assembly-CSharp\ObjectTrackDistanceLogic.cs.meta
Assets\Scenes\Tracks\Fish Hooks Track 3.unity,94873483e708f4fa4a57b3033bbbcc5d,11500000,3,True,Assets\Scripts\Assembly-CSharp\AnimatedTexture.cs.meta
Assets\Scenes\Tracks\Fish Hooks Track 3.unity,5db77d8b07b73380826e12a6a2c9f105,11500000,3,True,Assets\Scripts\Assembly-CSharp\ParticleReducer.cs.meta
Assets\Scenes\Tracks\Fish Hooks Track 3.unity,b88ab20c864889e81141f2df8a116b5b,11500000,3,True,Assets\Plugins\Assembly-CSharp-firstpass\UghText.cs.meta
Assets\Scenes\Tracks\Fish Hooks Track 3.unity,540d7059364354e249f259edfef5d69a,11500000,3,True,Assets\Scripts\Assembly-CSharp\SpeedPoint.cs.meta
Assets\Scenes\Tracks\Fish Hooks Track 3.unity,e996a18e58747bf538b26a7d9874aed9,11500000,3,True,Assets\Scripts\Assembly-CSharp\WaypointLogic.cs.meta
Assets\Scenes\Tracks\Fish Hooks Track 3.unity,e996a18e58747bf538b26a7d9874aed9,11500000,3,True,Assets\Scripts\Assembly-CSharp\WaypointLogic.cs.meta
Assets\Scenes\Tracks\Fish Hooks Track 3.unity,e996a18e58747bf538b26a7d9874aed9,11500000,3,True,Assets\Scripts\Assembly-CSharp\WaypointLogic.cs.meta
Assets\Scenes\Tracks\Fish Hooks Track 3.unity,540d7059364354e249f259edfef5d69a,11500000,3,True,Assets\Scripts\Assembly-CSharp\SpeedPoint.cs.meta
Assets\Scenes\Tracks\Fish Hooks Track 3.unity,b88ab20c864889e81141f2df8a116b5b,11500000,3,True,Assets\Plugins\Assembly-CSharp-firstpass\UghText.cs.meta
Assets\Scenes\Tracks\Fish Hooks Track 3.unity,a5927ab13b8fd57ed5089057e948c6a8,11500000,3,True,Assets\Scripts\Assembly-CSharp\ProgressTriggerLogic.cs.meta
Assets\Scenes\Tracks\Fish Hooks Track 3.unity,540d7059364354e249f259edfef5d69a,11500000,3,True,Assets\Scripts\Assembly-CSharp\SpeedPoint.cs.meta
Assets\Scenes\Tracks\Fish Hooks Track 3.unity,540d7059364354e249f259edfef5d69a,11500000,3,True,Assets\Scripts\Assembly-CSharp\SpeedPoint.cs.meta
Assets\Scenes\Tracks\Fish Hooks Track 3.unity,80004b78694f1129edd555f7161356a9,11500000,3,True,Assets\Scripts\Assembly-CSharp\PickupSpawner.cs.meta
Assets\Scenes\Tracks\Fish Hooks Track 3.unity,80004b78694f1129edd555f7161356a9,11500000,3,True,Assets\Scripts\Assembly-CSharp\PickupSpawner.cs.meta
Assets\Scenes\Tracks\Fish Hooks Track 3.unity,e996a18e58747bf538b26a7d9874aed9,11500000,3,True,Assets\Scripts\Assembly-CSharp\WaypointLogic.cs.meta
Assets\Scenes\Tracks\Fish Hooks Track 3.unity,e996a18e58747bf538b26a7d9874aed9,11500000,3,True,Assets\Scripts\Assembly-CSharp\WaypointLogic.cs.meta
Assets\Scenes\Tracks\Fish Hooks Track 3.unity,e996a18e58747bf538b26a7d9874aed9,11500000,3,True,Assets\Scripts\Assembly-CSharp\WaypointLogic.cs.meta
Assets\Scenes\Tracks\Fish Hooks Track 3.unity,e996a18e58747bf538b26a7d9874aed9,11500000,3,True,Assets\Scripts\Assembly-CSharp\WaypointLogic.cs.meta
Assets\Scenes\Tracks\Fish Hooks Track 3.unity,e996a18e58747bf538b26a7d9874aed9,11500000,3,True,Assets\Scripts\Assembly-CSharp\WaypointLogic.cs.meta
Assets\Scenes\Tracks\Fish Hooks Track 3.unity,9b4892a27c501fc32d10289e8a2709d7,11500000,3,True,Assets\Scripts\Assembly-CSharp\CoinPoint.cs.meta
Assets\Scenes\Tracks\Fish Hooks Track 3.unity,e996a18e58747bf538b26a7d9874aed9,11500000,3,True,Assets\Scripts\Assembly-CSharp\WaypointLogic.cs.meta
Assets\Scenes\Tracks\Fish Hooks Track 3.unity,540d7059364354e249f259edfef5d69a,11500000,3,True,Assets\Scripts\Assembly-CSharp\SpeedPoint.cs.meta
Assets\Scenes\Tracks\Fish Hooks Track 3.unity,540d7059364354e249f259edfef5d69a,11500000,3,True,Assets\Scripts\Assembly-CSharp\SpeedPoint.cs.meta
Assets\Scenes\Tracks\Fish Hooks Track 3.unity,e996a18e58747bf538b26a7d9874aed9,11500000,3,True,Assets\Scripts\Assembly-CSharp\WaypointLogic.cs.meta
Assets\Scenes\Tracks\Fish Hooks Track 3.unity,e996a18e58747bf538b26a7d9874aed9,11500000,3,True,Assets\Scripts\Assembly-CSharp\WaypointLogic.cs.meta
Assets\Scenes\Tracks\Fish Hooks Track 3.unity,80004b78694f1129edd555f7161356a9,11500000,3,True,Assets\Scripts\Assembly-CSharp\PickupSpawner.cs.meta
Assets\Scenes\Tracks\Fish Hooks Track 3.unity,84dedd87b078241ae96d152250730014,11500000,3,True,Assets\Plugins\Assembly-CSharp-firstpass\UghSprite.cs.meta
Assets\Scenes\Tracks\Fish Hooks Track 3.unity,540d7059364354e249f259edfef5d69a,11500000,3,True,Assets\Scripts\Assembly-CSharp\SpeedPoint.cs.meta
Assets\Scenes\Tracks\Fish Hooks Track 3.unity,540d7059364354e249f259edfef5d69a,11500000,3,True,Assets\Scripts\Assembly-CSharp\SpeedPoint.cs.meta
Assets\Scenes\Tracks\Fish Hooks Track 3.unity,e996a18e58747bf538b26a7d9874aed9,11500000,3,True,Assets\Scripts\Assembly-CSharp\WaypointLogic.cs.meta
Assets\Scenes\Tracks\Fish Hooks Track 3.unity,e996a18e58747bf538b26a7d9874aed9,11500000,3,True,Assets\Scripts\Assembly-CSharp\WaypointLogic.cs.meta
Assets\Scenes\Tracks\Fish Hooks Track 3.unity,e996a18e58747bf538b26a7d9874aed9,11500000,3,True,Assets\Scripts\Assembly-CSharp\WaypointLogic.cs.meta
Assets\Scenes\Tracks\Fish Hooks Track 3.unity,e996a18e58747bf538b26a7d9874aed9,11500000,3,True,Assets\Scripts\Assembly-CSharp\WaypointLogic.cs.meta
Assets\Scenes\Tracks\Fish Hooks Track 3.unity,540d7059364354e249f259edfef5d69a,11500000,3,True,Assets\Scripts\Assembly-CSharp\SpeedPoint.cs.meta
Assets\Scenes\Tracks\Fish Hooks Track 3.unity,e996a18e58747bf538b26a7d9874aed9,11500000,3,True,Assets\Scripts\Assembly-CSharp\WaypointLogic.cs.meta
Assets\Scenes\Tracks\Fish Hooks Track 3.unity,e996a18e58747bf538b26a7d9874aed9,11500000,3,True,Assets\Scripts\Assembly-CSharp\WaypointLogic.cs.meta
Assets\Scenes\Tracks\Fish Hooks Track 3.unity,e996a18e58747bf538b26a7d9874aed9,11500000,3,True,Assets\Scripts\Assembly-CSharp\WaypointLogic.cs.meta
Assets\Scenes\Tracks\Fish Hooks Track 3.unity,e996a18e58747bf538b26a7d9874aed9,11500000,3,True,Assets\Scripts\Assembly-CSharp\WaypointLogic.cs.meta
Assets\Scenes\Tracks\Fish Hooks Track 3.unity,e996a18e58747bf538b26a7d9874aed9,11500000,3,True,Assets\Scripts\Assembly-CSharp\WaypointLogic.cs.meta
Assets\Scenes\Tracks\Fish Hooks Track 3.unity,e996a18e58747bf538b26a7d9874aed9,11500000,3,True,Assets\Scripts\Assembly-CSharp\WaypointLogic.cs.meta
Assets\Scenes\Tracks\Fish Hooks Track 3.unity,540d7059364354e249f259edfef5d69a,11500000,3,True,Assets\Scripts\Assembly-CSharp\SpeedPoint.cs.meta
Assets\Scenes\Tracks\Fish Hooks Track 3.unity,540d7059364354e249f259edfef5d69a,11500000,3,True,Assets\Scripts\Assembly-CSharp\SpeedPoint.cs.meta
Assets\Scenes\Tracks\Fish Hooks Track 3.unity,c67f46bd4e340aa7f64a8e2ae3c03a27,11500000,3,True,Assets\Scripts\Assembly-CSharp\ResetTrigger.cs.meta
Assets\Scenes\Tracks\Fish Hooks Track 3.unity,e996a18e58747bf538b26a7d9874aed9,11500000,3,True,Assets\Scripts\Assembly-CSharp\WaypointLogic.cs.meta
Assets\Scenes\Tracks\Fish Hooks Track 3.unity,e996a18e58747bf538b26a7d9874aed9,11500000,3,True,Assets\Scripts\Assembly-CSharp\WaypointLogic.cs.meta
Assets\Scenes\Tracks\Fish Hooks Track 3.unity,84dedd87b078241ae96d152250730014,11500000,3,True,Assets\Plugins\Assembly-CSharp-firstpass\UghSprite.cs.meta
Assets\Scenes\Tracks\Fish Hooks Track 3.unity,e996a18e58747bf538b26a7d9874aed9,11500000,3,True,Assets\Scripts\Assembly-CSharp\WaypointLogic.cs.meta
Assets\Scenes\Tracks\Fish Hooks Track 3.unity,e996a18e58747bf538b26a7d9874aed9,11500000,3,True,Assets\Scripts\Assembly-CSharp\WaypointLogic.cs.meta
Assets\Scenes\Tracks\Fish Hooks Track 3.unity,540d7059364354e249f259edfef5d69a,11500000,3,True,Assets\Scripts\Assembly-CSharp\SpeedPoint.cs.meta
Assets\Scenes\Tracks\Fish Hooks Track 3.unity,e996a18e58747bf538b26a7d9874aed9,11500000,3,True,Assets\Scripts\Assembly-CSharp\WaypointLogic.cs.meta
Assets\Scenes\Tracks\Fish Hooks Track 3.unity,540d7059364354e249f259edfef5d69a,11500000,3,True,Assets\Scripts\Assembly-CSharp\SpeedPoint.cs.meta
Assets\Scenes\Tracks\Fish Hooks Track 3.unity,e33080df6ca488dc2ddb7522478f5e36,11500000,3,True,Assets\Scripts\Assembly-CSharp\SoundLibraryAddendum.cs.meta
Assets\Scenes\Tracks\Fish Hooks Track 3.unity,540d7059364354e249f259edfef5d69a,11500000,3,True,Assets\Scripts\Assembly-CSharp\SpeedPoint.cs.meta
Assets\Scenes\Tracks\Fish Hooks Track 3.unity,e996a18e58747bf538b26a7d9874aed9,11500000,3,True,Assets\Scripts\Assembly-CSharp\WaypointLogic.cs.meta
Assets\Scenes\Tracks\Fish Hooks Track 3.unity,e996a18e58747bf538b26a7d9874aed9,11500000,3,True,Assets\Scripts\Assembly-CSharp\WaypointLogic.cs.meta
Assets\Scenes\Tracks\Fish Hooks Track 3.unity,b88ab20c864889e81141f2df8a116b5b,11500000,3,True,Assets\Plugins\Assembly-CSharp-firstpass\UghText.cs.meta
Assets\Scenes\Tracks\Fish Hooks Track 3.unity,e996a18e58747bf538b26a7d9874aed9,11500000,3,True,Assets\Scripts\Assembly-CSharp\WaypointLogic.cs.meta
Assets\Scenes\Tracks\Fish Hooks Track 3.unity,e996a18e58747bf538b26a7d9874aed9,11500000,3,True,Assets\Scripts\Assembly-CSharp\WaypointLogic.cs.meta
Assets\Scenes\Tracks\Fish Hooks Track 3.unity,540d7059364354e249f259edfef5d69a,11500000,3,True,Assets\Scripts\Assembly-CSharp\SpeedPoint.cs.meta
Assets\Scenes\Tracks\Fish Hooks Track 3.unity,e996a18e58747bf538b26a7d9874aed9,11500000,3,True,Assets\Scripts\Assembly-CSharp\WaypointLogic.cs.meta
Assets\Scenes\Tracks\Fish Hooks Track 3.unity,e996a18e58747bf538b26a7d9874aed9,11500000,3,True,Assets\Scripts\Assembly-CSharp\WaypointLogic.cs.meta
Assets\Scenes\Tracks\Fish Hooks Track 3.unity,e996a18e58747bf538b26a7d9874aed9,11500000,3,True,Assets\Scripts\Assembly-CSharp\WaypointLogic.cs.meta
Assets\Scenes\Tracks\Fish Hooks Track 3.unity,540d7059364354e249f259edfef5d69a,11500000,3,True,Assets\Scripts\Assembly-CSharp\SpeedPoint.cs.meta
Assets\Scenes\Tracks\Fish Hooks Track 3.unity,e996a18e58747bf538b26a7d9874aed9,11500000,3,True,Assets\Scripts\Assembly-CSharp\WaypointLogic.cs.meta
Assets\Scenes\Tracks\Fish Hooks Track 3.unity,5db77d8b07b73380826e12a6a2c9f105,11500000,3,True,Assets\Scripts\Assembly-CSharp\ParticleReducer.cs.meta
Assets\Scenes\Tracks\Fish Hooks Track 3.unity,540d7059364354e249f259edfef5d69a,11500000,3,True,Assets\Scripts\Assembly-CSharp\SpeedPoint.cs.meta
Assets\Scenes\Tracks\Fish Hooks Track 3.unity,e996a18e58747bf538b26a7d9874aed9,11500000,3,True,Assets\Scripts\Assembly-CSharp\WaypointLogic.cs.meta
Assets\Scenes\Tracks\Fish Hooks Track 3.unity,e996a18e58747bf538b26a7d9874aed9,11500000,3,True,Assets\Scripts\Assembly-CSharp\WaypointLogic.cs.meta
Assets\Scenes\Tracks\Fish Hooks Track 3.unity,540d7059364354e249f259edfef5d69a,11500000,3,True,Assets\Scripts\Assembly-CSharp\SpeedPoint.cs.meta
Assets\Scenes\Tracks\Fish Hooks Track 3.unity,e996a18e58747bf538b26a7d9874aed9,11500000,3,True,Assets\Scripts\Assembly-CSharp\WaypointLogic.cs.meta
Assets\Scenes\Tracks\Fish Hooks Track 3.unity,93a00b2df47c568d51d2e788e763d67e,11500000,3,True,Assets\Plugins\Assembly-CSharp-firstpass\UghCamera.cs.meta
Assets\Scenes\Tracks\Fish Hooks Track 3.unity,84dedd87b078241ae96d152250730014,11500000,3,True,Assets\Plugins\Assembly-CSharp-firstpass\UghSprite.cs.meta
Assets\Scenes\Tracks\Fish Hooks Track 3.unity,540d7059364354e249f259edfef5d69a,11500000,3,True,Assets\Scripts\Assembly-CSharp\SpeedPoint.cs.meta
Assets\Scenes\Tracks\Fish Hooks Track 3.unity,540d7059364354e249f259edfef5d69a,11500000,3,True,Assets\Scripts\Assembly-CSharp\SpeedPoint.cs.meta
Assets\Scenes\Tracks\Fish Hooks Track 3.unity,b88ab20c864889e81141f2df8a116b5b,11500000,3,True,Assets\Plugins\Assembly-CSharp-firstpass\UghText.cs.meta
Assets\Scenes\Tracks\Fish Hooks Track 3.unity,e171dc7613dc84903f6b62f321860d38,11500000,3,True,Assets\Plugins\Assembly-CSharp-firstpass\UghAlign.cs.meta
Assets\Scenes\Tracks\Fish Hooks Track 3.unity,e996a18e58747bf538b26a7d9874aed9,11500000,3,True,Assets\Scripts\Assembly-CSharp\WaypointLogic.cs.meta
Assets\Scenes\Tracks\Fish Hooks Track 3.unity,540d7059364354e249f259edfef5d69a,11500000,3,True,Assets\Scripts\Assembly-CSharp\SpeedPoint.cs.meta
Assets\Scenes\Tracks\Fish Hooks Track 3.unity,e996a18e58747bf538b26a7d9874aed9,11500000,3,True,Assets\Scripts\Assembly-CSharp\WaypointLogic.cs.meta
Assets\Scenes\Tracks\Fish Hooks Track 3.unity,80004b78694f1129edd555f7161356a9,11500000,3,True,Assets\Scripts\Assembly-CSharp\PickupSpawner.cs.meta
Assets\Scenes\Tracks\Fish Hooks Track 3.unity,540d7059364354e249f259edfef5d69a,11500000,3,True,Assets\Scripts\Assembly-CSharp\SpeedPoint.cs.meta
Assets\Scenes\Tracks\Fish Hooks Track 3.unity,5db77d8b07b73380826e12a6a2c9f105,11500000,3,True,Assets\Scripts\Assembly-CSharp\ParticleReducer.cs.meta
Assets\Scenes\Tracks\Fish Hooks Track 3.unity,5db77d8b07b73380826e12a6a2c9f105,11500000,3,True,Assets\Scripts\Assembly-CSharp\ParticleReducer.cs.meta
Assets\Scenes\Tracks\Fish Hooks Track 3.unity,e996a18e58747bf538b26a7d9874aed9,11500000,3,True,Assets\Scripts\Assembly-CSharp\WaypointLogic.cs.meta
Assets\Scenes\Tracks\Fish Hooks Track 3.unity,e996a18e58747bf538b26a7d9874aed9,11500000,3,True,Assets\Scripts\Assembly-CSharp\WaypointLogic.cs.meta
Assets\Scenes\Tracks\Fish Hooks Track 3.unity,e996a18e58747bf538b26a7d9874aed9,11500000,3,True,Assets\Scripts\Assembly-CSharp\WaypointLogic.cs.meta
Assets\Scenes\Tracks\Fish Hooks Track 3.unity,e996a18e58747bf538b26a7d9874aed9,11500000,3,True,Assets\Scripts\Assembly-CSharp\WaypointLogic.cs.meta
Assets\Scenes\Tracks\Fish Hooks Track 3.unity,e996a18e58747bf538b26a7d9874aed9,11500000,3,True,Assets\Scripts\Assembly-CSharp\WaypointLogic.cs.meta
Assets\Scenes\Tracks\Fish Hooks Track 3.unity,540d7059364354e249f259edfef5d69a,11500000,3,True,Assets\Scripts\Assembly-CSharp\SpeedPoint.cs.meta
Assets\Scenes\Tracks\Fish Hooks Track 3.unity,e996a18e58747bf538b26a7d9874aed9,11500000,3,True,Assets\Scripts\Assembly-CSharp\WaypointLogic.cs.meta
Assets\Scenes\Tracks\Fish Hooks Track 3.unity,e996a18e58747bf538b26a7d9874aed9,11500000,3,True,Assets\Scripts\Assembly-CSharp\WaypointLogic.cs.meta
Assets\Scenes\Tracks\Fish Hooks Track 3.unity,540d7059364354e249f259edfef5d69a,11500000,3,True,Assets\Scripts\Assembly-CSharp\SpeedPoint.cs.meta
Assets\Scenes\Tracks\Fish Hooks Track 3.unity,e996a18e58747bf538b26a7d9874aed9,11500000,3,True,Assets\Scripts\Assembly-CSharp\WaypointLogic.cs.meta
Assets\Scenes\Tracks\Fish Hooks Track 3.unity,e996a18e58747bf538b26a7d9874aed9,11500000,3,True,Assets\Scripts\Assembly-CSharp\WaypointLogic.cs.meta
Assets\Scenes\Tracks\Fish Hooks Track 3.unity,9b4892a27c501fc32d10289e8a2709d7,11500000,3,True,Assets\Scripts\Assembly-CSharp\CoinPoint.cs.meta
Assets\Scenes\Tracks\Fish Hooks Track 3.unity,540d7059364354e249f259edfef5d69a,11500000,3,True,Assets\Scripts\Assembly-CSharp\SpeedPoint.cs.meta
Assets\Scenes\Tracks\Fish Hooks Track 3.unity,80004b78694f1129edd555f7161356a9,11500000,3,True,Assets\Scripts\Assembly-CSharp\PickupSpawner.cs.meta
Assets\Scenes\Tracks\Fish Hooks Track 3.unity,e996a18e58747bf538b26a7d9874aed9,11500000,3,True,Assets\Scripts\Assembly-CSharp\WaypointLogic.cs.meta
Assets\Scenes\Tracks\Fish Hooks Track 3.unity,540d7059364354e249f259edfef5d69a,11500000,3,True,Assets\Scripts\Assembly-CSharp\SpeedPoint.cs.meta
Assets\Scenes\Tracks\Fish Hooks Track 3.unity,e996a18e58747bf538b26a7d9874aed9,11500000,3,True,Assets\Scripts\Assembly-CSharp\WaypointLogic.cs.meta
Assets\Scenes\Tracks\Fish Hooks Track 3.unity,80004b78694f1129edd555f7161356a9,11500000,3,True,Assets\Scripts\Assembly-CSharp\PickupSpawner.cs.meta
Assets\Scenes\Tracks\Fish Hooks Track 3.unity,540d7059364354e249f259edfef5d69a,11500000,3,True,Assets\Scripts\Assembly-CSharp\SpeedPoint.cs.meta
Assets\Scenes\Tracks\Fish Hooks Track 3.unity,e996a18e58747bf538b26a7d9874aed9,11500000,3,True,Assets\Scripts\Assembly-CSharp\WaypointLogic.cs.meta
Assets\Scenes\Tracks\Fish Hooks Track 3.unity,e996a18e58747bf538b26a7d9874aed9,11500000,3,True,Assets\Scripts\Assembly-CSharp\WaypointLogic.cs.meta
Assets\Scenes\Tracks\Fish Hooks Track 3.unity,e996a18e58747bf538b26a7d9874aed9,11500000,3,True,Assets\Scripts\Assembly-CSharp\WaypointLogic.cs.meta
Assets\Scenes\Tracks\Fish Hooks Track 3.unity,540d7059364354e249f259edfef5d69a,11500000,3,True,Assets\Scripts\Assembly-CSharp\SpeedPoint.cs.meta
Assets\Scenes\Tracks\Fish Hooks Track 3.unity,e996a18e58747bf538b26a7d9874aed9,11500000,3,True,Assets\Scripts\Assembly-CSharp\WaypointLogic.cs.meta
Assets\Scenes\Tracks\Fish Hooks Track 3.unity,e996a18e58747bf538b26a7d9874aed9,11500000,3,True,Assets\Scripts\Assembly-CSharp\WaypointLogic.cs.meta
Assets\Scenes\Tracks\Fish Hooks Track 3.unity,e996a18e58747bf538b26a7d9874aed9,11500000,3,True,Assets\Scripts\Assembly-CSharp\WaypointLogic.cs.meta
Assets\Scenes\Tracks\Fish Hooks Track 3.unity,84dedd87b078241ae96d152250730014,11500000,3,True,Assets\Plugins\Assembly-CSharp-firstpass\UghSprite.cs.meta
Assets\Scenes\Tracks\Fish Hooks Track 3.unity,540d7059364354e249f259edfef5d69a,11500000,3,True,Assets\Scripts\Assembly-CSharp\SpeedPoint.cs.meta
Assets\Scenes\Tracks\Fish Hooks Track 3.unity,e996a18e58747bf538b26a7d9874aed9,11500000,3,True,Assets\Scripts\Assembly-CSharp\WaypointLogic.cs.meta
Assets\Scenes\Tracks\Fish Hooks Track 3.unity,540d7059364354e249f259edfef5d69a,11500000,3,True,Assets\Scripts\Assembly-CSharp\SpeedPoint.cs.meta
Assets\Scenes\Tracks\Fish Hooks Track 3.unity,e996a18e58747bf538b26a7d9874aed9,11500000,3,True,Assets\Scripts\Assembly-CSharp\WaypointLogic.cs.meta
Assets\Scenes\Tracks\Fish Hooks Track 3.unity,e996a18e58747bf538b26a7d9874aed9,11500000,3,True,Assets\Scripts\Assembly-CSharp\WaypointLogic.cs.meta
Assets\Scenes\Tracks\Fish Hooks Track 3.unity,e996a18e58747bf538b26a7d9874aed9,11500000,3,True,Assets\Scripts\Assembly-CSharp\WaypointLogic.cs.meta
Assets\Scenes\Tracks\Fish Hooks Track 3.unity,e996a18e58747bf538b26a7d9874aed9,11500000,3,True,Assets\Scripts\Assembly-CSharp\WaypointLogic.cs.meta
Assets\Scenes\Tracks\Fish Hooks Track 3.unity,540d7059364354e249f259edfef5d69a,11500000,3,True,Assets\Scripts\Assembly-CSharp\SpeedPoint.cs.meta
Assets\Scenes\Tracks\Kick Butt Track 1.unity,94873483e708f4fa4a57b3033bbbcc5d,11500000,3,True,Assets\Scripts\Assembly-CSharp\AnimatedTexture.cs.meta
Assets\Scenes\Tracks\Kick Butt Track 1.unity,0b15208c8a5ae7ff1660a3585ad68237,11500000,3,True,Assets\Scripts\Assembly-CSharp\TerrainEffectTrigger.cs.meta
Assets\Scenes\Tracks\Kick Butt Track 1.unity,71c30d28ad73b040f6e74d951b378742,11500000,3,True,Assets\Scripts\Assembly-CSharp\ObjectTrackDistanceLogic.cs.meta
Assets\Scenes\Tracks\Kick Butt Track 1.unity,540d7059364354e249f259edfef5d69a,11500000,3,True,Assets\Scripts\Assembly-CSharp\SpeedPoint.cs.meta
Assets\Scenes\Tracks\Kick Butt Track 1.unity,84dedd87b078241ae96d152250730014,11500000,3,True,Assets\Plugins\Assembly-CSharp-firstpass\UghSprite.cs.meta
Assets\Scenes\Tracks\Kick Butt Track 1.unity,b88ab20c864889e81141f2df8a116b5b,11500000,3,True,Assets\Plugins\Assembly-CSharp-firstpass\UghText.cs.meta
Assets\Scenes\Tracks\Kick Butt Track 1.unity,540d7059364354e249f259edfef5d69a,11500000,3,True,Assets\Scripts\Assembly-CSharp\SpeedPoint.cs.meta
Assets\Scenes\Tracks\Kick Butt Track 1.unity,80004b78694f1129edd555f7161356a9,11500000,3,True,Assets\Scripts\Assembly-CSharp\PickupSpawner.cs.meta
Assets\Scenes\Tracks\Kick Butt Track 1.unity,e171dc7613dc84903f6b62f321860d38,11500000,3,True,Assets\Plugins\Assembly-CSharp-firstpass\UghAlign.cs.meta
Assets\Scenes\Tracks\Kick Butt Track 1.unity,540d7059364354e249f259edfef5d69a,11500000,3,True,Assets\Scripts\Assembly-CSharp\SpeedPoint.cs.meta
Assets\Scenes\Tracks\Kick Butt Track 1.unity,e996a18e58747bf538b26a7d9874aed9,11500000,3,True,Assets\Scripts\Assembly-CSharp\WaypointLogic.cs.meta
Assets\Scenes\Tracks\Kick Butt Track 1.unity,e996a18e58747bf538b26a7d9874aed9,11500000,3,True,Assets\Scripts\Assembly-CSharp\WaypointLogic.cs.meta
Assets\Scenes\Tracks\Kick Butt Track 1.unity,b88ab20c864889e81141f2df8a116b5b,11500000,3,True,Assets\Plugins\Assembly-CSharp-firstpass\UghText.cs.meta
Assets\Scenes\Tracks\Kick Butt Track 1.unity,e996a18e58747bf538b26a7d9874aed9,11500000,3,True,Assets\Scripts\Assembly-CSharp\WaypointLogic.cs.meta
Assets\Scenes\Tracks\Kick Butt Track 1.unity,e996a18e58747bf538b26a7d9874aed9,11500000,3,True,Assets\Scripts\Assembly-CSharp\WaypointLogic.cs.meta
Assets\Scenes\Tracks\Kick Butt Track 1.unity,540d7059364354e249f259edfef5d69a,11500000,3,True,Assets\Scripts\Assembly-CSharp\SpeedPoint.cs.meta
Assets\Scenes\Tracks\Kick Butt Track 1.unity,84dedd87b078241ae96d152250730014,11500000,3,True,Assets\Plugins\Assembly-CSharp-firstpass\UghSprite.cs.meta
Assets\Scenes\Tracks\Kick Butt Track 1.unity,540d7059364354e249f259edfef5d69a,11500000,3,True,Assets\Scripts\Assembly-CSharp\SpeedPoint.cs.meta
Assets\Scenes\Tracks\Kick Butt Track 1.unity,e996a18e58747bf538b26a7d9874aed9,11500000,3,True,Assets\Scripts\Assembly-CSharp\WaypointLogic.cs.meta
Assets\Scenes\Tracks\Kick Butt Track 1.unity,80004b78694f1129edd555f7161356a9,11500000,3,True,Assets\Scripts\Assembly-CSharp\PickupSpawner.cs.meta
Assets\Scenes\Tracks\Kick Butt Track 1.unity,540d7059364354e249f259edfef5d69a,11500000,3,True,Assets\Scripts\Assembly-CSharp\SpeedPoint.cs.meta
Assets\Scenes\Tracks\Kick Butt Track 1.unity,540d7059364354e249f259edfef5d69a,11500000,3,True,Assets\Scripts\Assembly-CSharp\SpeedPoint.cs.meta
Assets\Scenes\Tracks\Kick Butt Track 1.unity,540d7059364354e249f259edfef5d69a,11500000,3,True,Assets\Scripts\Assembly-CSharp\SpeedPoint.cs.meta
Assets\Scenes\Tracks\Kick Butt Track 1.unity,1e2a62db4d701e29cc27d2cab1a0f90b,11500000,3,True,Assets\Scripts\Assembly-CSharp\BarrelSpawner.cs.meta
Assets\Scenes\Tracks\Kick Butt Track 1.unity,410aef06036e22f327bf513834d3c8f7,11500000,3,True,Assets\Scripts\Assembly-CSharp\FollowCamera.cs.meta
Assets\Scenes\Tracks\Kick Butt Track 1.unity,30b411d090599ca49164a82da6acd001,11500000,3,True,Assets\Scripts\Assembly-CSharp\CameraShake.cs.meta
Assets\Scenes\Tracks\Kick Butt Track 1.unity,e171dc7613dc84903f6b62f321860d38,11500000,3,True,Assets\Plugins\Assembly-CSharp-firstpass\UghAlign.cs.meta
Assets\Scenes\Tracks\Kick Butt Track 1.unity,540d7059364354e249f259edfef5d69a,11500000,3,True,Assets\Scripts\Assembly-CSharp\SpeedPoint.cs.meta
Assets\Scenes\Tracks\Kick Butt Track 1.unity,540d7059364354e249f259edfef5d69a,11500000,3,True,Assets\Scripts\Assembly-CSharp\SpeedPoint.cs.meta
Assets\Scenes\Tracks\Kick Butt Track 1.unity,540d7059364354e249f259edfef5d69a,11500000,3,True,Assets\Scripts\Assembly-CSharp\SpeedPoint.cs.meta
Assets\Scenes\Tracks\Kick Butt Track 1.unity,84dedd87b078241ae96d152250730014,11500000,3,True,Assets\Plugins\Assembly-CSharp-firstpass\UghSprite.cs.meta
Assets\Scenes\Tracks\Kick Butt Track 1.unity,e171dc7613dc84903f6b62f321860d38,11500000,3,True,Assets\Plugins\Assembly-CSharp-firstpass\UghAlign.cs.meta
Assets\Scenes\Tracks\Kick Butt Track 1.unity,e996a18e58747bf538b26a7d9874aed9,11500000,3,True,Assets\Scripts\Assembly-CSharp\WaypointLogic.cs.meta
Assets\Scenes\Tracks\Kick Butt Track 1.unity,e996a18e58747bf538b26a7d9874aed9,11500000,3,True,Assets\Scripts\Assembly-CSharp\WaypointLogic.cs.meta
Assets\Scenes\Tracks\Kick Butt Track 1.unity,e996a18e58747bf538b26a7d9874aed9,11500000,3,True,Assets\Scripts\Assembly-CSharp\WaypointLogic.cs.meta
Assets\Scenes\Tracks\Kick Butt Track 1.unity,7a1d7e408882e95bdbe76a76d6f51e1c,11500000,3,True,Assets\Plugins\Assembly-CSharp-firstpass\UghButton.cs.meta
Assets\Scenes\Tracks\Kick Butt Track 1.unity,540d7059364354e249f259edfef5d69a,11500000,3,True,Assets\Scripts\Assembly-CSharp\SpeedPoint.cs.meta
Assets\Scenes\Tracks\Kick Butt Track 1.unity,540d7059364354e249f259edfef5d69a,11500000,3,True,Assets\Scripts\Assembly-CSharp\SpeedPoint.cs.meta
Assets\Scenes\Tracks\Kick Butt Track 1.unity,e996a18e58747bf538b26a7d9874aed9,11500000,3,True,Assets\Scripts\Assembly-CSharp\WaypointLogic.cs.meta
Assets\Scenes\Tracks\Kick Butt Track 1.unity,a5927ab13b8fd57ed5089057e948c6a8,11500000,3,True,Assets\Scripts\Assembly-CSharp\ProgressTriggerLogic.cs.meta
Assets\Scenes\Tracks\Kick Butt Track 1.unity,e996a18e58747bf538b26a7d9874aed9,11500000,3,True,Assets\Scripts\Assembly-CSharp\WaypointLogic.cs.meta
Assets\Scenes\Tracks\Kick Butt Track 1.unity,540d7059364354e249f259edfef5d69a,11500000,3,True,Assets\Scripts\Assembly-CSharp\SpeedPoint.cs.meta
Assets\Scenes\Tracks\Kick Butt Track 1.unity,e171dc7613dc84903f6b62f321860d38,11500000,3,True,Assets\Plugins\Assembly-CSharp-firstpass\UghAlign.cs.meta
Assets\Scenes\Tracks\Kick Butt Track 1.unity,540d7059364354e249f259edfef5d69a,11500000,3,True,Assets\Scripts\Assembly-CSharp\SpeedPoint.cs.meta
Assets\Scenes\Tracks\Kick Butt Track 1.unity,540d7059364354e249f259edfef5d69a,11500000,3,True,Assets\Scripts\Assembly-CSharp\SpeedPoint.cs.meta
Assets\Scenes\Tracks\Kick Butt Track 1.unity,e171dc7613dc84903f6b62f321860d38,11500000,3,True,Assets\Plugins\Assembly-CSharp-firstpass\UghAlign.cs.meta
Assets\Scenes\Tracks\Kick Butt Track 1.unity,80004b78694f1129edd555f7161356a9,11500000,3,True,Assets\Scripts\Assembly-CSharp\PickupSpawner.cs.meta
Assets\Scenes\Tracks\Kick Butt Track 1.unity,540d7059364354e249f259edfef5d69a,11500000,3,True,Assets\Scripts\Assembly-CSharp\SpeedPoint.cs.meta
Assets\Scenes\Tracks\Kick Butt Track 1.unity,540d7059364354e249f259edfef5d69a,11500000,3,True,Assets\Scripts\Assembly-CSharp\SpeedPoint.cs.meta
Assets\Scenes\Tracks\Kick Butt Track 1.unity,e996a18e58747bf538b26a7d9874aed9,11500000,3,True,Assets\Scripts\Assembly-CSharp\WaypointLogic.cs.meta
Assets\Scenes\Tracks\Kick Butt Track 1.unity,9b4892a27c501fc32d10289e8a2709d7,11500000,3,True,Assets\Scripts\Assembly-CSharp\CoinPoint.cs.meta
Assets\Scenes\Tracks\Kick Butt Track 1.unity,e996a18e58747bf538b26a7d9874aed9,11500000,3,True,Assets\Scripts\Assembly-CSharp\WaypointLogic.cs.meta
Assets\Scenes\Tracks\Kick Butt Track 1.unity,e996a18e58747bf538b26a7d9874aed9,11500000,3,True,Assets\Scripts\Assembly-CSharp\WaypointLogic.cs.meta
Assets\Scenes\Tracks\Kick Butt Track 1.unity,e996a18e58747bf538b26a7d9874aed9,11500000,3,True,Assets\Scripts\Assembly-CSharp\WaypointLogic.cs.meta
Assets\Scenes\Tracks\Kick Butt Track 1.unity,e996a18e58747bf538b26a7d9874aed9,11500000,3,True,Assets\Scripts\Assembly-CSharp\WaypointLogic.cs.meta
Assets\Scenes\Tracks\Kick Butt Track 1.unity,540d7059364354e249f259edfef5d69a,11500000,3,True,Assets\Scripts\Assembly-CSharp\SpeedPoint.cs.meta
Assets\Scenes\Tracks\Kick Butt Track 1.unity,84dedd87b078241ae96d152250730014,11500000,3,True,Assets\Plugins\Assembly-CSharp-firstpass\UghSprite.cs.meta
Assets\Scenes\Tracks\Kick Butt Track 1.unity,540d7059364354e249f259edfef5d69a,11500000,3,True,Assets\Scripts\Assembly-CSharp\SpeedPoint.cs.meta
Assets\Scenes\Tracks\Kick Butt Track 1.unity,9b4892a27c501fc32d10289e8a2709d7,11500000,3,True,Assets\Scripts\Assembly-CSharp\CoinPoint.cs.meta
Assets\Scenes\Tracks\Kick Butt Track 1.unity,e996a18e58747bf538b26a7d9874aed9,11500000,3,True,Assets\Scripts\Assembly-CSharp\WaypointLogic.cs.meta
Assets\Scenes\Tracks\Kick Butt Track 1.unity,7a1d7e408882e95bdbe76a76d6f51e1c,11500000,3,True,Assets\Plugins\Assembly-CSharp-firstpass\UghButton.cs.meta
Assets\Scenes\Tracks\Kick Butt Track 1.unity,a5927ab13b8fd57ed5089057e948c6a8,11500000,3,True,Assets\Scripts\Assembly-CSharp\ProgressTriggerLogic.cs.meta
Assets\Scenes\Tracks\Kick Butt Track 1.unity,540d7059364354e249f259edfef5d69a,11500000,3,True,Assets\Scripts\Assembly-CSharp\SpeedPoint.cs.meta
Assets\Scenes\Tracks\Kick Butt Track 1.unity,71c30d28ad73b040f6e74d951b378742,11500000,3,True,Assets\Scripts\Assembly-CSharp\ObjectTrackDistanceLogic.cs.meta
Assets\Scenes\Tracks\Kick Butt Track 1.unity,0b15208c8a5ae7ff1660a3585ad68237,11500000,3,True,Assets\Scripts\Assembly-CSharp\TerrainEffectTrigger.cs.meta
Assets\Scenes\Tracks\Kick Butt Track 1.unity,94873483e708f4fa4a57b3033bbbcc5d,11500000,3,True,Assets\Scripts\Assembly-CSharp\AnimatedTexture.cs.meta
Assets\Scenes\Tracks\Kick Butt Track 1.unity,84dedd87b078241ae96d152250730014,11500000,3,True,Assets\Plugins\Assembly-CSharp-firstpass\UghSprite.cs.meta
Assets\Scenes\Tracks\Kick Butt Track 1.unity,e996a18e58747bf538b26a7d9874aed9,11500000,3,True,Assets\Scripts\Assembly-CSharp\WaypointLogic.cs.meta
Assets\Scenes\Tracks\Kick Butt Track 1.unity,8fcdaa4213aa6ec14c06f158bdb5d5ff,11500000,3,True,Assets\Scripts\Assembly-CSharp\LocalizedAssetSwapper.cs.meta
Assets\Scenes\Tracks\Kick Butt Track 1.unity,e996a18e58747bf538b26a7d9874aed9,11500000,3,True,Assets\Scripts\Assembly-CSharp\WaypointLogic.cs.meta
Assets\Scenes\Tracks\Kick Butt Track 1.unity,e996a18e58747bf538b26a7d9874aed9,11500000,3,True,Assets\Scripts\Assembly-CSharp\WaypointLogic.cs.meta
Assets\Scenes\Tracks\Kick Butt Track 1.unity,84dedd87b078241ae96d152250730014,11500000,3,True,Assets\Plugins\Assembly-CSharp-firstpass\UghSprite.cs.meta
Assets\Scenes\Tracks\Kick Butt Track 1.unity,80004b78694f1129edd555f7161356a9,11500000,3,True,Assets\Scripts\Assembly-CSharp\PickupSpawner.cs.meta
Assets\Scenes\Tracks\Kick Butt Track 1.unity,1e2a62db4d701e29cc27d2cab1a0f90b,11500000,3,True,Assets\Scripts\Assembly-CSharp\BarrelSpawner.cs.meta
Assets\Scenes\Tracks\Kick Butt Track 1.unity,84dedd87b078241ae96d152250730014,11500000,3,True,Assets\Plugins\Assembly-CSharp-firstpass\UghSprite.cs.meta
Assets\Scenes\Tracks\Kick Butt Track 1.unity,acaf138463e14d81a04866c56f233523,11500000,3,True,Assets\Scripts\Assembly-CSharp\DriftButton.cs.meta
Assets\Scenes\Tracks\Kick Butt Track 1.unity,e996a18e58747bf538b26a7d9874aed9,11500000,3,True,Assets\Scripts\Assembly-CSharp\WaypointLogic.cs.meta
Assets\Scenes\Tracks\Kick Butt Track 1.unity,e996a18e58747bf538b26a7d9874aed9,11500000,3,True,Assets\Scripts\Assembly-CSharp\WaypointLogic.cs.meta
Assets\Scenes\Tracks\Kick Butt Track 1.unity,540d7059364354e249f259edfef5d69a,11500000,3,True,Assets\Scripts\Assembly-CSharp\SpeedPoint.cs.meta
Assets\Scenes\Tracks\Kick Butt Track 1.unity,540d7059364354e249f259edfef5d69a,11500000,3,True,Assets\Scripts\Assembly-CSharp\SpeedPoint.cs.meta
Assets\Scenes\Tracks\Kick Butt Track 1.unity,540d7059364354e249f259edfef5d69a,11500000,3,True,Assets\Scripts\Assembly-CSharp\SpeedPoint.cs.meta
Assets\Scenes\Tracks\Kick Butt Track 1.unity,540d7059364354e249f259edfef5d69a,11500000,3,True,Assets\Scripts\Assembly-CSharp\SpeedPoint.cs.meta
Assets\Scenes\Tracks\Kick Butt Track 1.unity,e996a18e58747bf538b26a7d9874aed9,11500000,3,True,Assets\Scripts\Assembly-CSharp\WaypointLogic.cs.meta
Assets\Scenes\Tracks\Kick Butt Track 1.unity,540d7059364354e249f259edfef5d69a,11500000,3,True,Assets\Scripts\Assembly-CSharp\SpeedPoint.cs.meta
Assets\Scenes\Tracks\Kick Butt Track 1.unity,540d7059364354e249f259edfef5d69a,11500000,3,True,Assets\Scripts\Assembly-CSharp\SpeedPoint.cs.meta
Assets\Scenes\Tracks\Kick Butt Track 1.unity,7a1d7e408882e95bdbe76a76d6f51e1c,11500000,3,True,Assets\Plugins\Assembly-CSharp-firstpass\UghButton.cs.meta
Assets\Scenes\Tracks\Kick Butt Track 1.unity,e996a18e58747bf538b26a7d9874aed9,11500000,3,True,Assets\Scripts\Assembly-CSharp\WaypointLogic.cs.meta
Assets\Scenes\Tracks\Kick Butt Track 1.unity,84dedd87b078241ae96d152250730014,11500000,3,True,Assets\Plugins\Assembly-CSharp-firstpass\UghSprite.cs.meta
Assets\Scenes\Tracks\Kick Butt Track 1.unity,540d7059364354e249f259edfef5d69a,11500000,3,True,Assets\Scripts\Assembly-CSharp\SpeedPoint.cs.meta
Assets\Scenes\Tracks\Kick Butt Track 1.unity,84dedd87b078241ae96d152250730014,11500000,3,True,Assets\Plugins\Assembly-CSharp-firstpass\UghSprite.cs.meta
Assets\Scenes\Tracks\Kick Butt Track 1.unity,e996a18e58747bf538b26a7d9874aed9,11500000,3,True,Assets\Scripts\Assembly-CSharp\WaypointLogic.cs.meta
Assets\Scenes\Tracks\Kick Butt Track 1.unity,e996a18e58747bf538b26a7d9874aed9,11500000,3,True,Assets\Scripts\Assembly-CSharp\WaypointLogic.cs.meta
Assets\Scenes\Tracks\Kick Butt Track 1.unity,054475368ac70ce39f51fab67e0d6080,11500000,3,True,Assets\Scripts\Assembly-CSharp\ReverseButton.cs.meta
Assets\Scenes\Tracks\Kick Butt Track 1.unity,e996a18e58747bf538b26a7d9874aed9,11500000,3,True,Assets\Scripts\Assembly-CSharp\WaypointLogic.cs.meta
Assets\Scenes\Tracks\Kick Butt Track 1.unity,bff3ff0615018e2390611cf8599cbaeb,11500000,3,True,Assets\Scripts\Assembly-CSharp\ScreenFader.cs.meta
Assets\Scenes\Tracks\Kick Butt Track 1.unity,84dedd87b078241ae96d152250730014,11500000,3,True,Assets\Plugins\Assembly-CSharp-firstpass\UghSprite.cs.meta
Assets\Scenes\Tracks\Kick Butt Track 1.unity,e996a18e58747bf538b26a7d9874aed9,11500000,3,True,Assets\Scripts\Assembly-CSharp\WaypointLogic.cs.meta
Assets\Scenes\Tracks\Kick Butt Track 1.unity,e996a18e58747bf538b26a7d9874aed9,11500000,3,True,Assets\Scripts\Assembly-CSharp\WaypointLogic.cs.meta
Assets\Scenes\Tracks\Kick Butt Track 1.unity,c67f46bd4e340aa7f64a8e2ae3c03a27,11500000,3,True,Assets\Scripts\Assembly-CSharp\ResetTrigger.cs.meta
Assets\Scenes\Tracks\Kick Butt Track 1.unity,540d7059364354e249f259edfef5d69a,11500000,3,True,Assets\Scripts\Assembly-CSharp\SpeedPoint.cs.meta
Assets\Scenes\Tracks\Kick Butt Track 1.unity,e996a18e58747bf538b26a7d9874aed9,11500000,3,True,Assets\Scripts\Assembly-CSharp\WaypointLogic.cs.meta
Assets\Scenes\Tracks\Kick Butt Track 1.unity,e996a18e58747bf538b26a7d9874aed9,11500000,3,True,Assets\Scripts\Assembly-CSharp\WaypointLogic.cs.meta
Assets\Scenes\Tracks\Kick Butt Track 1.unity,9b4892a27c501fc32d10289e8a2709d7,11500000,3,True,Assets\Scripts\Assembly-CSharp\CoinPoint.cs.meta
Assets\Scenes\Tracks\Kick Butt Track 1.unity,540d7059364354e249f259edfef5d69a,11500000,3,True,Assets\Scripts\Assembly-CSharp\SpeedPoint.cs.meta
Assets\Scenes\Tracks\Kick Butt Track 1.unity,e33080df6ca488dc2ddb7522478f5e36,11500000,3,True,Assets\Scripts\Assembly-CSharp\SoundLibraryAddendum.cs.meta
Assets\Scenes\Tracks\Kick Butt Track 1.unity,540d7059364354e249f259edfef5d69a,11500000,3,True,Assets\Scripts\Assembly-CSharp\SpeedPoint.cs.meta
Assets\Scenes\Tracks\Kick Butt Track 1.unity,80004b78694f1129edd555f7161356a9,11500000,3,True,Assets\Scripts\Assembly-CSharp\PickupSpawner.cs.meta
Assets\Scenes\Tracks\Kick Butt Track 1.unity,e996a18e58747bf538b26a7d9874aed9,11500000,3,True,Assets\Scripts\Assembly-CSharp\WaypointLogic.cs.meta
Assets\Scenes\Tracks\Kick Butt Track 1.unity,e996a18e58747bf538b26a7d9874aed9,11500000,3,True,Assets\Scripts\Assembly-CSharp\WaypointLogic.cs.meta
Assets\Scenes\Tracks\Kick Butt Track 1.unity,540d7059364354e249f259edfef5d69a,11500000,3,True,Assets\Scripts\Assembly-CSharp\SpeedPoint.cs.meta
Assets\Scenes\Tracks\Kick Butt Track 1.unity,b88ab20c864889e81141f2df8a116b5b,11500000,3,True,Assets\Plugins\Assembly-CSharp-firstpass\UghText.cs.meta
Assets\Scenes\Tracks\Kick Butt Track 1.unity,540d7059364354e249f259edfef5d69a,11500000,3,True,Assets\Scripts\Assembly-CSharp\SpeedPoint.cs.meta
Assets\Scenes\Tracks\Kick Butt Track 1.unity,2d217cf7310cb33e8ef103f1af340700,11500000,3,True,Assets\Scripts\Assembly-CSharp\BlipTrackPublisher.cs.meta
Assets\Scenes\Tracks\Kick Butt Track 1.unity,2a34636551cf3350f5140d5a69e778c8,11500000,3,True,Assets\Scripts\Assembly-CSharp\PyroTechnics.cs.meta
Assets\Scenes\Tracks\Kick Butt Track 1.unity,84dedd87b078241ae96d152250730014,11500000,3,True,Assets\Plugins\Assembly-CSharp-firstpass\UghSprite.cs.meta
Assets\Scenes\Tracks\Kick Butt Track 1.unity,c67f46bd4e340aa7f64a8e2ae3c03a27,11500000,3,True,Assets\Scripts\Assembly-CSharp\ResetTrigger.cs.meta
Assets\Scenes\Tracks\Kick Butt Track 1.unity,246f7afd4c00a9e3e9edfd9f644012c9,11500000,3,True,Assets\Scripts\Assembly-CSharp\DebugTrackStrapper.cs.meta
Assets\Scenes\Tracks\Kick Butt Track 1.unity,e996a18e58747bf538b26a7d9874aed9,11500000,3,True,Assets\Scripts\Assembly-CSharp\WaypointLogic.cs.meta
Assets\Scenes\Tracks\Kick Butt Track 1.unity,e996a18e58747bf538b26a7d9874aed9,11500000,3,True,Assets\Scripts\Assembly-CSharp\WaypointLogic.cs.meta
Assets\Scenes\Tracks\Kick Butt Track 1.unity,e996a18e58747bf538b26a7d9874aed9,11500000,3,True,Assets\Scripts\Assembly-CSharp\WaypointLogic.cs.meta
Assets\Scenes\Tracks\Kick Butt Track 1.unity,540d7059364354e249f259edfef5d69a,11500000,3,True,Assets\Scripts\Assembly-CSharp\SpeedPoint.cs.meta
Assets\Scenes\Tracks\Kick Butt Track 1.unity,540d7059364354e249f259edfef5d69a,11500000,3,True,Assets\Scripts\Assembly-CSharp\SpeedPoint.cs.meta
Assets\Scenes\Tracks\Kick Butt Track 1.unity,540d7059364354e249f259edfef5d69a,11500000,3,True,Assets\Scripts\Assembly-CSharp\SpeedPoint.cs.meta
Assets\Scenes\Tracks\Kick Butt Track 1.unity,9b4892a27c501fc32d10289e8a2709d7,11500000,3,True,Assets\Scripts\Assembly-CSharp\CoinPoint.cs.meta
Assets\Scenes\Tracks\Kick Butt Track 1.unity,540d7059364354e249f259edfef5d69a,11500000,3,True,Assets\Scripts\Assembly-CSharp\SpeedPoint.cs.meta
Assets\Scenes\Tracks\Kick Butt Track 1.unity,0b15208c8a5ae7ff1660a3585ad68237,11500000,3,True,Assets\Scripts\Assembly-CSharp\TerrainEffectTrigger.cs.meta
Assets\Scenes\Tracks\Kick Butt Track 1.unity,71c30d28ad73b040f6e74d951b378742,11500000,3,True,Assets\Scripts\Assembly-CSharp\ObjectTrackDistanceLogic.cs.meta
Assets\Scenes\Tracks\Kick Butt Track 1.unity,94873483e708f4fa4a57b3033bbbcc5d,11500000,3,True,Assets\Scripts\Assembly-CSharp\AnimatedTexture.cs.meta
Assets\Scenes\Tracks\Kick Butt Track 1.unity,e996a18e58747bf538b26a7d9874aed9,11500000,3,True,Assets\Scripts\Assembly-CSharp\WaypointLogic.cs.meta
Assets\Scenes\Tracks\Kick Butt Track 1.unity,540d7059364354e249f259edfef5d69a,11500000,3,True,Assets\Scripts\Assembly-CSharp\SpeedPoint.cs.meta
Assets\Scenes\Tracks\Kick Butt Track 1.unity,71c30d28ad73b040f6e74d951b378742,11500000,3,True,Assets\Scripts\Assembly-CSharp\ObjectTrackDistanceLogic.cs.meta
Assets\Scenes\Tracks\Kick Butt Track 1.unity,0b15208c8a5ae7ff1660a3585ad68237,11500000,3,True,Assets\Scripts\Assembly-CSharp\TerrainEffectTrigger.cs.meta
Assets\Scenes\Tracks\Kick Butt Track 1.unity,94873483e708f4fa4a57b3033bbbcc5d,11500000,3,True,Assets\Scripts\Assembly-CSharp\AnimatedTexture.cs.meta
Assets\Scenes\Tracks\Kick Butt Track 1.unity,e996a18e58747bf538b26a7d9874aed9,11500000,3,True,Assets\Scripts\Assembly-CSharp\WaypointLogic.cs.meta
Assets\Scenes\Tracks\Kick Butt Track 1.unity,0b15208c8a5ae7ff1660a3585ad68237,11500000,3,True,Assets\Scripts\Assembly-CSharp\TerrainEffectTrigger.cs.meta
Assets\Scenes\Tracks\Kick Butt Track 1.unity,71c30d28ad73b040f6e74d951b378742,11500000,3,True,Assets\Scripts\Assembly-CSharp\ObjectTrackDistanceLogic.cs.meta
Assets\Scenes\Tracks\Kick Butt Track 1.unity,94873483e708f4fa4a57b3033bbbcc5d,11500000,3,True,Assets\Scripts\Assembly-CSharp\AnimatedTexture.cs.meta
Assets\Scenes\Tracks\Kick Butt Track 1.unity,e996a18e58747bf538b26a7d9874aed9,11500000,3,True,Assets\Scripts\Assembly-CSharp\WaypointLogic.cs.meta
Assets\Scenes\Tracks\Kick Butt Track 1.unity,222969e5f509aca8e5d482c6c17f2a47,11500000,3,True,Assets\Scripts\Assembly-CSharp\HUDLogic.cs.meta
Assets\Scenes\Tracks\Kick Butt Track 1.unity,540d7059364354e249f259edfef5d69a,11500000,3,True,Assets\Scripts\Assembly-CSharp\SpeedPoint.cs.meta
Assets\Scenes\Tracks\Kick Butt Track 1.unity,80004b78694f1129edd555f7161356a9,11500000,3,True,Assets\Scripts\Assembly-CSharp\PickupSpawner.cs.meta
Assets\Scenes\Tracks\Kick Butt Track 1.unity,9b4892a27c501fc32d10289e8a2709d7,11500000,3,True,Assets\Scripts\Assembly-CSharp\CoinPoint.cs.meta
Assets\Scenes\Tracks\Kick Butt Track 1.unity,e996a18e58747bf538b26a7d9874aed9,11500000,3,True,Assets\Scripts\Assembly-CSharp\WaypointLogic.cs.meta
Assets\Scenes\Tracks\Kick Butt Track 1.unity,540d7059364354e249f259edfef5d69a,11500000,3,True,Assets\Scripts\Assembly-CSharp\SpeedPoint.cs.meta
Assets\Scenes\Tracks\Kick Butt Track 1.unity,e996a18e58747bf538b26a7d9874aed9,11500000,3,True,Assets\Scripts\Assembly-CSharp\WaypointLogic.cs.meta
Assets\Scenes\Tracks\Kick Butt Track 1.unity,9b4892a27c501fc32d10289e8a2709d7,11500000,3,True,Assets\Scripts\Assembly-CSharp\CoinPoint.cs.meta
Assets\Scenes\Tracks\Kick Butt Track 1.unity,540d7059364354e249f259edfef5d69a,11500000,3,True,Assets\Scripts\Assembly-CSharp\SpeedPoint.cs.meta
Assets\Scenes\Tracks\Kick Butt Track 1.unity,e996a18e58747bf538b26a7d9874aed9,11500000,3,True,Assets\Scripts\Assembly-CSharp\WaypointLogic.cs.meta
Assets\Scenes\Tracks\Kick Butt Track 1.unity,540d7059364354e249f259edfef5d69a,11500000,3,True,Assets\Scripts\Assembly-CSharp\SpeedPoint.cs.meta
Assets\Scenes\Tracks\Kick Butt Track 1.unity,e996a18e58747bf538b26a7d9874aed9,11500000,3,True,Assets\Scripts\Assembly-CSharp\WaypointLogic.cs.meta
Assets\Scenes\Tracks\Kick Butt Track 1.unity,e996a18e58747bf538b26a7d9874aed9,11500000,3,True,Assets\Scripts\Assembly-CSharp\WaypointLogic.cs.meta
Assets\Scenes\Tracks\Kick Butt Track 1.unity,a5927ab13b8fd57ed5089057e948c6a8,11500000,3,True,Assets\Scripts\Assembly-CSharp\ProgressTriggerLogic.cs.meta
Assets\Scenes\Tracks\Kick Butt Track 1.unity,1e2a62db4d701e29cc27d2cab1a0f90b,11500000,3,True,Assets\Scripts\Assembly-CSharp\BarrelSpawner.cs.meta
Assets\Scenes\Tracks\Kick Butt Track 1.unity,540d7059364354e249f259edfef5d69a,11500000,3,True,Assets\Scripts\Assembly-CSharp\SpeedPoint.cs.meta
Assets\Scenes\Tracks\Kick Butt Track 1.unity,80004b78694f1129edd555f7161356a9,11500000,3,True,Assets\Scripts\Assembly-CSharp\PickupSpawner.cs.meta
Assets\Scenes\Tracks\Kick Butt Track 1.unity,540d7059364354e249f259edfef5d69a,11500000,3,True,Assets\Scripts\Assembly-CSharp\SpeedPoint.cs.meta
Assets\Scenes\Tracks\Kick Butt Track 1.unity,0b15208c8a5ae7ff1660a3585ad68237,11500000,3,True,Assets\Scripts\Assembly-CSharp\TerrainEffectTrigger.cs.meta
Assets\Scenes\Tracks\Kick Butt Track 1.unity,71c30d28ad73b040f6e74d951b378742,11500000,3,True,Assets\Scripts\Assembly-CSharp\ObjectTrackDistanceLogic.cs.meta
Assets\Scenes\Tracks\Kick Butt Track 1.unity,94873483e708f4fa4a57b3033bbbcc5d,11500000,3,True,Assets\Scripts\Assembly-CSharp\AnimatedTexture.cs.meta
Assets\Scenes\Tracks\Kick Butt Track 1.unity,e996a18e58747bf538b26a7d9874aed9,11500000,3,True,Assets\Scripts\Assembly-CSharp\WaypointLogic.cs.meta
Assets\Scenes\Tracks\Kick Butt Track 1.unity,e996a18e58747bf538b26a7d9874aed9,11500000,3,True,Assets\Scripts\Assembly-CSharp\WaypointLogic.cs.meta
Assets\Scenes\Tracks\Kick Butt Track 1.unity,e996a18e58747bf538b26a7d9874aed9,11500000,3,True,Assets\Scripts\Assembly-CSharp\WaypointLogic.cs.meta
Assets\Scenes\Tracks\Kick Butt Track 1.unity,e996a18e58747bf538b26a7d9874aed9,11500000,3,True,Assets\Scripts\Assembly-CSharp\WaypointLogic.cs.meta
Assets\Scenes\Tracks\Kick Butt Track 1.unity,e996a18e58747bf538b26a7d9874aed9,11500000,3,True,Assets\Scripts\Assembly-CSharp\WaypointLogic.cs.meta
Assets\Scenes\Tracks\Kick Butt Track 1.unity,80004b78694f1129edd555f7161356a9,11500000,3,True,Assets\Scripts\Assembly-CSharp\PickupSpawner.cs.meta
Assets\Scenes\Tracks\Kick Butt Track 1.unity,540d7059364354e249f259edfef5d69a,11500000,3,True,Assets\Scripts\Assembly-CSharp\SpeedPoint.cs.meta
Assets\Scenes\Tracks\Kick Butt Track 1.unity,540d7059364354e249f259edfef5d69a,11500000,3,True,Assets\Scripts\Assembly-CSharp\SpeedPoint.cs.meta
Assets\Scenes\Tracks\Kick Butt Track 1.unity,e996a18e58747bf538b26a7d9874aed9,11500000,3,True,Assets\Scripts\Assembly-CSharp\WaypointLogic.cs.meta
Assets\Scenes\Tracks\Kick Butt Track 1.unity,540d7059364354e249f259edfef5d69a,11500000,3,True,Assets\Scripts\Assembly-CSharp\SpeedPoint.cs.meta
Assets\Scenes\Tracks\Kick Butt Track 1.unity,a5927ab13b8fd57ed5089057e948c6a8,11500000,3,True,Assets\Scripts\Assembly-CSharp\ProgressTriggerLogic.cs.meta
Assets\Scenes\Tracks\Kick Butt Track 1.unity,e996a18e58747bf538b26a7d9874aed9,11500000,3,True,Assets\Scripts\Assembly-CSharp\WaypointLogic.cs.meta
Assets\Scenes\Tracks\Kick Butt Track 1.unity,540d7059364354e249f259edfef5d69a,11500000,3,True,Assets\Scripts\Assembly-CSharp\SpeedPoint.cs.meta
Assets\Scenes\Tracks\Kick Butt Track 1.unity,540d7059364354e249f259edfef5d69a,11500000,3,True,Assets\Scripts\Assembly-CSharp\SpeedPoint.cs.meta
Assets\Scenes\Tracks\Kick Butt Track 1.unity,e996a18e58747bf538b26a7d9874aed9,11500000,3,True,Assets\Scripts\Assembly-CSharp\WaypointLogic.cs.meta
Assets\Scenes\Tracks\Kick Butt Track 1.unity,d023be04c46e426c31d87f45651d35dd,11500000,3,True,Assets\Plugins\Assembly-CSharp-firstpass\UghInput.cs.meta
Assets\Scenes\Tracks\Kick Butt Track 1.unity,540d7059364354e249f259edfef5d69a,11500000,3,True,Assets\Scripts\Assembly-CSharp\SpeedPoint.cs.meta
Assets\Scenes\Tracks\Kick Butt Track 1.unity,84dedd87b078241ae96d152250730014,11500000,3,True,Assets\Plugins\Assembly-CSharp-firstpass\UghSprite.cs.meta
Assets\Scenes\Tracks\Kick Butt Track 1.unity,540d7059364354e249f259edfef5d69a,11500000,3,True,Assets\Scripts\Assembly-CSharp\SpeedPoint.cs.meta
Assets\Scenes\Tracks\Kick Butt Track 1.unity,e996a18e58747bf538b26a7d9874aed9,11500000,3,True,Assets\Scripts\Assembly-CSharp\WaypointLogic.cs.meta
Assets\Scenes\Tracks\Kick Butt Track 1.unity,e996a18e58747bf538b26a7d9874aed9,11500000,3,True,Assets\Scripts\Assembly-CSharp\WaypointLogic.cs.meta
Assets\Scenes\Tracks\Kick Butt Track 1.unity,84dedd87b078241ae96d152250730014,11500000,3,True,Assets\Plugins\Assembly-CSharp-firstpass\UghSprite.cs.meta
Assets\Scenes\Tracks\Kick Butt Track 1.unity,e996a18e58747bf538b26a7d9874aed9,11500000,3,True,Assets\Scripts\Assembly-CSharp\WaypointLogic.cs.meta
Assets\Scenes\Tracks\Kick Butt Track 1.unity,540d7059364354e249f259edfef5d69a,11500000,3,True,Assets\Scripts\Assembly-CSharp\SpeedPoint.cs.meta
Assets\Scenes\Tracks\Kick Butt Track 1.unity,540d7059364354e249f259edfef5d69a,11500000,3,True,Assets\Scripts\Assembly-CSharp\SpeedPoint.cs.meta
Assets\Scenes\Tracks\Kick Butt Track 1.unity,e171dc7613dc84903f6b62f321860d38,11500000,3,True,Assets\Plugins\Assembly-CSharp-firstpass\UghAlign.cs.meta
Assets\Scenes\Tracks\Kick Butt Track 1.unity,e171dc7613dc84903f6b62f321860d38,11500000,3,True,Assets\Plugins\Assembly-CSharp-firstpass\UghAlign.cs.meta
Assets\Scenes\Tracks\Kick Butt Track 1.unity,e996a18e58747bf538b26a7d9874aed9,11500000,3,True,Assets\Scripts\Assembly-CSharp\WaypointLogic.cs.meta
Assets\Scenes\Tracks\Kick Butt Track 1.unity,540d7059364354e249f259edfef5d69a,11500000,3,True,Assets\Scripts\Assembly-CSharp\SpeedPoint.cs.meta
Assets\Scenes\Tracks\Kick Butt Track 1.unity,540d7059364354e249f259edfef5d69a,11500000,3,True,Assets\Scripts\Assembly-CSharp\SpeedPoint.cs.meta
Assets\Scenes\Tracks\Kick Butt Track 1.unity,e996a18e58747bf538b26a7d9874aed9,11500000,3,True,Assets\Scripts\Assembly-CSharp\WaypointLogic.cs.meta
Assets\Scenes\Tracks\Kick Butt Track 1.unity,540d7059364354e249f259edfef5d69a,11500000,3,True,Assets\Scripts\Assembly-CSharp\SpeedPoint.cs.meta
Assets\Scenes\Tracks\Kick Butt Track 1.unity,540d7059364354e249f259edfef5d69a,11500000,3,True,Assets\Scripts\Assembly-CSharp\SpeedPoint.cs.meta
Assets\Scenes\Tracks\Kick Butt Track 1.unity,e996a18e58747bf538b26a7d9874aed9,11500000,3,True,Assets\Scripts\Assembly-CSharp\WaypointLogic.cs.meta
Assets\Scenes\Tracks\Kick Butt Track 1.unity,e996a18e58747bf538b26a7d9874aed9,11500000,3,True,Assets\Scripts\Assembly-CSharp\WaypointLogic.cs.meta
Assets\Scenes\Tracks\Kick Butt Track 1.unity,540d7059364354e249f259edfef5d69a,11500000,3,True,Assets\Scripts\Assembly-CSharp\SpeedPoint.cs.meta
Assets\Scenes\Tracks\Kick Butt Track 1.unity,2a34636551cf3350f5140d5a69e778c8,11500000,3,True,Assets\Scripts\Assembly-CSharp\PyroTechnics.cs.meta
Assets\Scenes\Tracks\Kick Butt Track 1.unity,84dedd87b078241ae96d152250730014,11500000,3,True,Assets\Plugins\Assembly-CSharp-firstpass\UghSprite.cs.meta
Assets\Scenes\Tracks\Kick Butt Track 1.unity,c67f46bd4e340aa7f64a8e2ae3c03a27,11500000,3,True,Assets\Scripts\Assembly-CSharp\ResetTrigger.cs.meta
Assets\Scenes\Tracks\Kick Butt Track 1.unity,9b4892a27c501fc32d10289e8a2709d7,11500000,3,True,Assets\Scripts\Assembly-CSharp\CoinPoint.cs.meta
Assets\Scenes\Tracks\Kick Butt Track 1.unity,e996a18e58747bf538b26a7d9874aed9,11500000,3,True,Assets\Scripts\Assembly-CSharp\WaypointLogic.cs.meta
Assets\Scenes\Tracks\Kick Butt Track 1.unity,540d7059364354e249f259edfef5d69a,11500000,3,True,Assets\Scripts\Assembly-CSharp\SpeedPoint.cs.meta
Assets\Scenes\Tracks\Kick Butt Track 1.unity,a5927ab13b8fd57ed5089057e948c6a8,11500000,3,True,Assets\Scripts\Assembly-CSharp\ProgressTriggerLogic.cs.meta
Assets\Scenes\Tracks\Kick Butt Track 1.unity,e996a18e58747bf538b26a7d9874aed9,11500000,3,True,Assets\Scripts\Assembly-CSharp\WaypointLogic.cs.meta
Assets\Scenes\Tracks\Kick Butt Track 1.unity,71c30d28ad73b040f6e74d951b378742,11500000,3,True,Assets\Scripts\Assembly-CSharp\ObjectTrackDistanceLogic.cs.meta
Assets\Scenes\Tracks\Kick Butt Track 1.unity,54cbe82f1ecc3566dd11401a18f75c23,11500000,3,True,Assets\Scripts\Assembly-CSharp\GuidedJumpTrigger.cs.meta
Assets\Scenes\Tracks\Kick Butt Track 1.unity,e996a18e58747bf538b26a7d9874aed9,11500000,3,True,Assets\Scripts\Assembly-CSharp\WaypointLogic.cs.meta
Assets\Scenes\Tracks\Kick Butt Track 1.unity,0b15208c8a5ae7ff1660a3585ad68237,11500000,3,True,Assets\Scripts\Assembly-CSharp\TerrainEffectTrigger.cs.meta
Assets\Scenes\Tracks\Kick Butt Track 1.unity,71c30d28ad73b040f6e74d951b378742,11500000,3,True,Assets\Scripts\Assembly-CSharp\ObjectTrackDistanceLogic.cs.meta
Assets\Scenes\Tracks\Kick Butt Track 1.unity,94873483e708f4fa4a57b3033bbbcc5d,11500000,3,True,Assets\Scripts\Assembly-CSharp\AnimatedTexture.cs.meta
Assets\Scenes\Tracks\Kick Butt Track 1.unity,e996a18e58747bf538b26a7d9874aed9,11500000,3,True,Assets\Scripts\Assembly-CSharp\WaypointLogic.cs.meta
Assets\Scenes\Tracks\Kick Butt Track 1.unity,b88ab20c864889e81141f2df8a116b5b,11500000,3,True,Assets\Plugins\Assembly-CSharp-firstpass\UghText.cs.meta
Assets\Scenes\Tracks\Kick Butt Track 1.unity,e171dc7613dc84903f6b62f321860d38,11500000,3,True,Assets\Plugins\Assembly-CSharp-firstpass\UghAlign.cs.meta
Assets\Scenes\Tracks\Kick Butt Track 1.unity,80004b78694f1129edd555f7161356a9,11500000,3,True,Assets\Scripts\Assembly-CSharp\PickupSpawner.cs.meta
Assets\Scenes\Tracks\Kick Butt Track 1.unity,e996a18e58747bf538b26a7d9874aed9,11500000,3,True,Assets\Scripts\Assembly-CSharp\WaypointLogic.cs.meta
Assets\Scenes\Tracks\Kick Butt Track 1.unity,e996a18e58747bf538b26a7d9874aed9,11500000,3,True,Assets\Scripts\Assembly-CSharp\WaypointLogic.cs.meta
Assets\Scenes\Tracks\Kick Butt Track 1.unity,540d7059364354e249f259edfef5d69a,11500000,3,True,Assets\Scripts\Assembly-CSharp\SpeedPoint.cs.meta
Assets\Scenes\Tracks\Kick Butt Track 1.unity,84dedd87b078241ae96d152250730014,11500000,3,True,Assets\Plugins\Assembly-CSharp-firstpass\UghSprite.cs.meta
Assets\Scenes\Tracks\Kick Butt Track 1.unity,540d7059364354e249f259edfef5d69a,11500000,3,True,Assets\Scripts\Assembly-CSharp\SpeedPoint.cs.meta
Assets\Scenes\Tracks\Kick Butt Track 1.unity,0b15208c8a5ae7ff1660a3585ad68237,11500000,3,True,Assets\Scripts\Assembly-CSharp\TerrainEffectTrigger.cs.meta
Assets\Scenes\Tracks\Kick Butt Track 1.unity,e996a18e58747bf538b26a7d9874aed9,11500000,3,True,Assets\Scripts\Assembly-CSharp\WaypointLogic.cs.meta
Assets\Scenes\Tracks\Kick Butt Track 1.unity,e996a18e58747bf538b26a7d9874aed9,11500000,3,True,Assets\Scripts\Assembly-CSharp\WaypointLogic.cs.meta
Assets\Scenes\Tracks\Kick Butt Track 1.unity,540d7059364354e249f259edfef5d69a,11500000,3,True,Assets\Scripts\Assembly-CSharp\SpeedPoint.cs.meta
Assets\Scenes\Tracks\Kick Butt Track 1.unity,e996a18e58747bf538b26a7d9874aed9,11500000,3,True,Assets\Scripts\Assembly-CSharp\WaypointLogic.cs.meta
Assets\Scenes\Tracks\Kick Butt Track 1.unity,540d7059364354e249f259edfef5d69a,11500000,3,True,Assets\Scripts\Assembly-CSharp\SpeedPoint.cs.meta
Assets\Scenes\Tracks\Kick Butt Track 1.unity,e33080df6ca488dc2ddb7522478f5e36,11500000,3,True,Assets\Scripts\Assembly-CSharp\SoundLibraryAddendum.cs.meta
Assets\Scenes\Tracks\Kick Butt Track 1.unity,80004b78694f1129edd555f7161356a9,11500000,3,True,Assets\Scripts\Assembly-CSharp\PickupSpawner.cs.meta
Assets\Scenes\Tracks\Kick Butt Track 1.unity,e996a18e58747bf538b26a7d9874aed9,11500000,3,True,Assets\Scripts\Assembly-CSharp\WaypointLogic.cs.meta
Assets\Scenes\Tracks\Kick Butt Track 1.unity,94873483e708f4fa4a57b3033bbbcc5d,11500000,3,True,Assets\Scripts\Assembly-CSharp\AnimatedTexture.cs.meta
Assets\Scenes\Tracks\Kick Butt Track 1.unity,71c30d28ad73b040f6e74d951b378742,11500000,3,True,Assets\Scripts\Assembly-CSharp\ObjectTrackDistanceLogic.cs.meta
Assets\Scenes\Tracks\Kick Butt Track 1.unity,0b15208c8a5ae7ff1660a3585ad68237,11500000,3,True,Assets\Scripts\Assembly-CSharp\TerrainEffectTrigger.cs.meta
Assets\Scenes\Tracks\Kick Butt Track 1.unity,540d7059364354e249f259edfef5d69a,11500000,3,True,Assets\Scripts\Assembly-CSharp\SpeedPoint.cs.meta
Assets\Scenes\Tracks\Kick Butt Track 1.unity,b88ab20c864889e81141f2df8a116b5b,11500000,3,True,Assets\Plugins\Assembly-CSharp-firstpass\UghText.cs.meta
Assets\Scenes\Tracks\Kick Butt Track 1.unity,e996a18e58747bf538b26a7d9874aed9,11500000,3,True,Assets\Scripts\Assembly-CSharp\WaypointLogic.cs.meta
Assets\Scenes\Tracks\Kick Butt Track 1.unity,a0737a721fe39abadd36e3afa32dd1f7,11500000,3,True,Assets\Scripts\Assembly-CSharp\CarAIPathManager.cs.meta
Assets\Scenes\Tracks\Kick Butt Track 1.unity,0b15208c8a5ae7ff1660a3585ad68237,11500000,3,True,Assets\Scripts\Assembly-CSharp\TerrainEffectTrigger.cs.meta
Assets\Scenes\Tracks\Kick Butt Track 1.unity,8fcdaa4213aa6ec14c06f158bdb5d5ff,11500000,3,True,Assets\Scripts\Assembly-CSharp\LocalizedAssetSwapper.cs.meta
Assets\Scenes\Tracks\Kick Butt Track 1.unity,84dedd87b078241ae96d152250730014,11500000,3,True,Assets\Plugins\Assembly-CSharp-firstpass\UghSprite.cs.meta
Assets\Scenes\Tracks\Kick Butt Track 1.unity,93a00b2df47c568d51d2e788e763d67e,11500000,3,True,Assets\Plugins\Assembly-CSharp-firstpass\UghCamera.cs.meta
Assets\Scenes\Tracks\Kick Butt Track 1.unity,540d7059364354e249f259edfef5d69a,11500000,3,True,Assets\Scripts\Assembly-CSharp\SpeedPoint.cs.meta
Assets\Scenes\Tracks\Kick Butt Track 1.unity,540d7059364354e249f259edfef5d69a,11500000,3,True,Assets\Scripts\Assembly-CSharp\SpeedPoint.cs.meta
Assets\Scenes\Tracks\Kick Butt Track 1.unity,e996a18e58747bf538b26a7d9874aed9,11500000,3,True,Assets\Scripts\Assembly-CSharp\WaypointLogic.cs.meta
Assets\Scenes\Tracks\Kick Butt Track 1.unity,e996a18e58747bf538b26a7d9874aed9,11500000,3,True,Assets\Scripts\Assembly-CSharp\WaypointLogic.cs.meta
Assets\Scenes\Tracks\Kick Butt Track 1.unity,e996a18e58747bf538b26a7d9874aed9,11500000,3,True,Assets\Scripts\Assembly-CSharp\WaypointLogic.cs.meta
Assets\Scenes\Tracks\Kick Butt Track 1.unity,b88ab20c864889e81141f2df8a116b5b,11500000,3,True,Assets\Plugins\Assembly-CSharp-firstpass\UghText.cs.meta
Assets\Scenes\Tracks\Kick Butt Track 1.unity,b88ab20c864889e81141f2df8a116b5b,11500000,3,True,Assets\Plugins\Assembly-CSharp-firstpass\UghText.cs.meta
Assets\Scenes\Tracks\Kick Butt Track 1.unity,e996a18e58747bf538b26a7d9874aed9,11500000,3,True,Assets\Scripts\Assembly-CSharp\WaypointLogic.cs.meta
Assets\Scenes\Tracks\Kick Butt Track 1.unity,84dedd87b078241ae96d152250730014,11500000,3,True,Assets\Plugins\Assembly-CSharp-firstpass\UghSprite.cs.meta
Assets\Scenes\Tracks\Kick Butt Track 1.unity,540d7059364354e249f259edfef5d69a,11500000,3,True,Assets\Scripts\Assembly-CSharp\SpeedPoint.cs.meta
Assets\Scenes\Tracks\Kick Butt Track 1.unity,540d7059364354e249f259edfef5d69a,11500000,3,True,Assets\Scripts\Assembly-CSharp\SpeedPoint.cs.meta
Assets\Scenes\Tracks\Kick Butt Track 1.unity,e996a18e58747bf538b26a7d9874aed9,11500000,3,True,Assets\Scripts\Assembly-CSharp\WaypointLogic.cs.meta
Assets\Scenes\Tracks\Kick Butt Track 1.unity,e996a18e58747bf538b26a7d9874aed9,11500000,3,True,Assets\Scripts\Assembly-CSharp\WaypointLogic.cs.meta
Assets\Scenes\Tracks\Kick Butt Track 1.unity,e996a18e58747bf538b26a7d9874aed9,11500000,3,True,Assets\Scripts\Assembly-CSharp\WaypointLogic.cs.meta
Assets\Scenes\Tracks\Kick Butt Track 1.unity,e996a18e58747bf538b26a7d9874aed9,11500000,3,True,Assets\Scripts\Assembly-CSharp\WaypointLogic.cs.meta
Assets\Scenes\Tracks\Kick Butt Track 1.unity,e996a18e58747bf538b26a7d9874aed9,11500000,3,True,Assets\Scripts\Assembly-CSharp\WaypointLogic.cs.meta
Assets\Scenes\Tracks\Kick Butt Track 1.unity,2a34636551cf3350f5140d5a69e778c8,11500000,3,True,Assets\Scripts\Assembly-CSharp\PyroTechnics.cs.meta
Assets\Scenes\Tracks\Kick Butt Track 1.unity,e996a18e58747bf538b26a7d9874aed9,11500000,3,True,Assets\Scripts\Assembly-CSharp\WaypointLogic.cs.meta
Assets\Scenes\Tracks\Kick Butt Track 1.unity,84dedd87b078241ae96d152250730014,11500000,3,True,Assets\Plugins\Assembly-CSharp-firstpass\UghSprite.cs.meta
Assets\Scenes\Tracks\Kick Butt Track 1.unity,e996a18e58747bf538b26a7d9874aed9,11500000,3,True,Assets\Scripts\Assembly-CSharp\WaypointLogic.cs.meta
Assets\Scenes\Tracks\Kick Butt Track 1.unity,540d7059364354e249f259edfef5d69a,11500000,3,True,Assets\Scripts\Assembly-CSharp\SpeedPoint.cs.meta
Assets\Scenes\Tracks\Kick Butt Track 1.unity,e996a18e58747bf538b26a7d9874aed9,11500000,3,True,Assets\Scripts\Assembly-CSharp\WaypointLogic.cs.meta
Assets\Scenes\Tracks\Kick Butt Track 1.unity,94873483e708f4fa4a57b3033bbbcc5d,11500000,3,True,Assets\Scripts\Assembly-CSharp\AnimatedTexture.cs.meta
Assets\Scenes\Tracks\Kick Butt Track 1.unity,71c30d28ad73b040f6e74d951b378742,11500000,3,True,Assets\Scripts\Assembly-CSharp\ObjectTrackDistanceLogic.cs.meta
Assets\Scenes\Tracks\Kick Butt Track 1.unity,0b15208c8a5ae7ff1660a3585ad68237,11500000,3,True,Assets\Scripts\Assembly-CSharp\TerrainEffectTrigger.cs.meta
Assets\Scenes\Tracks\Kick Butt Track 1.unity,e996a18e58747bf538b26a7d9874aed9,11500000,3,True,Assets\Scripts\Assembly-CSharp\WaypointLogic.cs.meta
Assets\Scenes\Tracks\Kick Butt Track 1.unity,48302b94d9e9b333d75a5f574a6bcedf,11500000,3,True,Assets\Scripts\Assembly-CSharp\PreRaceCamera.cs.meta
Assets\Scenes\Tracks\Kick Butt Track 1.unity,e996a18e58747bf538b26a7d9874aed9,11500000,3,True,Assets\Scripts\Assembly-CSharp\WaypointLogic.cs.meta
Assets\Scenes\Tracks\Kick Butt Track 1.unity,540d7059364354e249f259edfef5d69a,11500000,3,True,Assets\Scripts\Assembly-CSharp\SpeedPoint.cs.meta
Assets\Scenes\Tracks\Kick Butt Track 1.unity,1e2a62db4d701e29cc27d2cab1a0f90b,11500000,3,True,Assets\Scripts\Assembly-CSharp\BarrelSpawner.cs.meta
Assets\Scenes\Tracks\Kick Butt Track 1.unity,e996a18e58747bf538b26a7d9874aed9,11500000,3,True,Assets\Scripts\Assembly-CSharp\WaypointLogic.cs.meta
Assets\Scenes\Tracks\Kick Butt Track 1.unity,e996a18e58747bf538b26a7d9874aed9,11500000,3,True,Assets\Scripts\Assembly-CSharp\WaypointLogic.cs.meta
Assets\Scenes\Tracks\Kick Butt Track 1.unity,540d7059364354e249f259edfef5d69a,11500000,3,True,Assets\Scripts\Assembly-CSharp\SpeedPoint.cs.meta
Assets\Scenes\Tracks\Kick Butt Track 1.unity,e996a18e58747bf538b26a7d9874aed9,11500000,3,True,Assets\Scripts\Assembly-CSharp\WaypointLogic.cs.meta
Assets\Scenes\Tracks\Kick Butt Track 1.unity,540d7059364354e249f259edfef5d69a,11500000,3,True,Assets\Scripts\Assembly-CSharp\SpeedPoint.cs.meta
Assets\Scenes\Tracks\Kick Butt Track 1.unity,540d7059364354e249f259edfef5d69a,11500000,3,True,Assets\Scripts\Assembly-CSharp\SpeedPoint.cs.meta
Assets\Scenes\Tracks\Kick Butt Track 1.unity,84dedd87b078241ae96d152250730014,11500000,3,True,Assets\Plugins\Assembly-CSharp-firstpass\UghSprite.cs.meta
Assets\Scenes\Tracks\Kick Butt Track 2.unity,b88ab20c864889e81141f2df8a116b5b,11500000,3,True,Assets\Plugins\Assembly-CSharp-firstpass\UghText.cs.meta
Assets\Scenes\Tracks\Kick Butt Track 2.unity,e996a18e58747bf538b26a7d9874aed9,11500000,3,True,Assets\Scripts\Assembly-CSharp\WaypointLogic.cs.meta
Assets\Scenes\Tracks\Kick Butt Track 2.unity,b88ab20c864889e81141f2df8a116b5b,11500000,3,True,Assets\Plugins\Assembly-CSharp-firstpass\UghText.cs.meta
Assets\Scenes\Tracks\Kick Butt Track 2.unity,540d7059364354e249f259edfef5d69a,11500000,3,True,Assets\Scripts\Assembly-CSharp\SpeedPoint.cs.meta
Assets\Scenes\Tracks\Kick Butt Track 2.unity,540d7059364354e249f259edfef5d69a,11500000,3,True,Assets\Scripts\Assembly-CSharp\SpeedPoint.cs.meta
Assets\Scenes\Tracks\Kick Butt Track 2.unity,e996a18e58747bf538b26a7d9874aed9,11500000,3,True,Assets\Scripts\Assembly-CSharp\WaypointLogic.cs.meta
Assets\Scenes\Tracks\Kick Butt Track 2.unity,e996a18e58747bf538b26a7d9874aed9,11500000,3,True,Assets\Scripts\Assembly-CSharp\WaypointLogic.cs.meta
Assets\Scenes\Tracks\Kick Butt Track 2.unity,9b4892a27c501fc32d10289e8a2709d7,11500000,3,True,Assets\Scripts\Assembly-CSharp\CoinPoint.cs.meta
Assets\Scenes\Tracks\Kick Butt Track 2.unity,84dedd87b078241ae96d152250730014,11500000,3,True,Assets\Plugins\Assembly-CSharp-firstpass\UghSprite.cs.meta
Assets\Scenes\Tracks\Kick Butt Track 2.unity,540d7059364354e249f259edfef5d69a,11500000,3,True,Assets\Scripts\Assembly-CSharp\SpeedPoint.cs.meta
Assets\Scenes\Tracks\Kick Butt Track 2.unity,84dedd87b078241ae96d152250730014,11500000,3,True,Assets\Plugins\Assembly-CSharp-firstpass\UghSprite.cs.meta
Assets\Scenes\Tracks\Kick Butt Track 2.unity,540d7059364354e249f259edfef5d69a,11500000,3,True,Assets\Scripts\Assembly-CSharp\SpeedPoint.cs.meta
Assets\Scenes\Tracks\Kick Butt Track 2.unity,e996a18e58747bf538b26a7d9874aed9,11500000,3,True,Assets\Scripts\Assembly-CSharp\WaypointLogic.cs.meta
Assets\Scenes\Tracks\Kick Butt Track 2.unity,e996a18e58747bf538b26a7d9874aed9,11500000,3,True,Assets\Scripts\Assembly-CSharp\WaypointLogic.cs.meta
Assets\Scenes\Tracks\Kick Butt Track 2.unity,5db77d8b07b73380826e12a6a2c9f105,11500000,3,True,Assets\Scripts\Assembly-CSharp\ParticleReducer.cs.meta
Assets\Scenes\Tracks\Kick Butt Track 2.unity,e996a18e58747bf538b26a7d9874aed9,11500000,3,True,Assets\Scripts\Assembly-CSharp\WaypointLogic.cs.meta
Assets\Scenes\Tracks\Kick Butt Track 2.unity,e996a18e58747bf538b26a7d9874aed9,11500000,3,True,Assets\Scripts\Assembly-CSharp\WaypointLogic.cs.meta
Assets\Scenes\Tracks\Kick Butt Track 2.unity,e996a18e58747bf538b26a7d9874aed9,11500000,3,True,Assets\Scripts\Assembly-CSharp\WaypointLogic.cs.meta
Assets\Scenes\Tracks\Kick Butt Track 2.unity,7a1d7e408882e95bdbe76a76d6f51e1c,11500000,3,True,Assets\Plugins\Assembly-CSharp-firstpass\UghButton.cs.meta
Assets\Scenes\Tracks\Kick Butt Track 2.unity,e996a18e58747bf538b26a7d9874aed9,11500000,3,True,Assets\Scripts\Assembly-CSharp\WaypointLogic.cs.meta
Assets\Scenes\Tracks\Kick Butt Track 2.unity,410aef06036e22f327bf513834d3c8f7,11500000,3,True,Assets\Scripts\Assembly-CSharp\FollowCamera.cs.meta
Assets\Scenes\Tracks\Kick Butt Track 2.unity,30b411d090599ca49164a82da6acd001,11500000,3,True,Assets\Scripts\Assembly-CSharp\CameraShake.cs.meta
Assets\Scenes\Tracks\Kick Butt Track 2.unity,e171dc7613dc84903f6b62f321860d38,11500000,3,True,Assets\Plugins\Assembly-CSharp-firstpass\UghAlign.cs.meta
Assets\Scenes\Tracks\Kick Butt Track 2.unity,e996a18e58747bf538b26a7d9874aed9,11500000,3,True,Assets\Scripts\Assembly-CSharp\WaypointLogic.cs.meta
Assets\Scenes\Tracks\Kick Butt Track 2.unity,5db77d8b07b73380826e12a6a2c9f105,11500000,3,True,Assets\Scripts\Assembly-CSharp\ParticleReducer.cs.meta
Assets\Scenes\Tracks\Kick Butt Track 2.unity,9b4892a27c501fc32d10289e8a2709d7,11500000,3,True,Assets\Scripts\Assembly-CSharp\CoinPoint.cs.meta
Assets\Scenes\Tracks\Kick Butt Track 2.unity,acaf138463e14d81a04866c56f233523,11500000,3,True,Assets\Scripts\Assembly-CSharp\DriftButton.cs.meta
Assets\Scenes\Tracks\Kick Butt Track 2.unity,84dedd87b078241ae96d152250730014,11500000,3,True,Assets\Plugins\Assembly-CSharp-firstpass\UghSprite.cs.meta
Assets\Scenes\Tracks\Kick Butt Track 2.unity,540d7059364354e249f259edfef5d69a,11500000,3,True,Assets\Scripts\Assembly-CSharp\SpeedPoint.cs.meta
Assets\Scenes\Tracks\Kick Butt Track 2.unity,e996a18e58747bf538b26a7d9874aed9,11500000,3,True,Assets\Scripts\Assembly-CSharp\WaypointLogic.cs.meta
Assets\Scenes\Tracks\Kick Butt Track 2.unity,540d7059364354e249f259edfef5d69a,11500000,3,True,Assets\Scripts\Assembly-CSharp\SpeedPoint.cs.meta
Assets\Scenes\Tracks\Kick Butt Track 2.unity,94873483e708f4fa4a57b3033bbbcc5d,11500000,3,True,Assets\Scripts\Assembly-CSharp\AnimatedTexture.cs.meta
Assets\Scenes\Tracks\Kick Butt Track 2.unity,0b15208c8a5ae7ff1660a3585ad68237,11500000,3,True,Assets\Scripts\Assembly-CSharp\TerrainEffectTrigger.cs.meta
Assets\Scenes\Tracks\Kick Butt Track 2.unity,71c30d28ad73b040f6e74d951b378742,11500000,3,True,Assets\Scripts\Assembly-CSharp\ObjectTrackDistanceLogic.cs.meta
Assets\Scenes\Tracks\Kick Butt Track 2.unity,8fcdaa4213aa6ec14c06f158bdb5d5ff,11500000,3,True,Assets\Scripts\Assembly-CSharp\LocalizedAssetSwapper.cs.meta
Assets\Scenes\Tracks\Kick Butt Track 2.unity,540d7059364354e249f259edfef5d69a,11500000,3,True,Assets\Scripts\Assembly-CSharp\SpeedPoint.cs.meta
Assets\Scenes\Tracks\Kick Butt Track 2.unity,e996a18e58747bf538b26a7d9874aed9,11500000,3,True,Assets\Scripts\Assembly-CSharp\WaypointLogic.cs.meta
Assets\Scenes\Tracks\Kick Butt Track 2.unity,b88ab20c864889e81141f2df8a116b5b,11500000,3,True,Assets\Plugins\Assembly-CSharp-firstpass\UghText.cs.meta
Assets\Scenes\Tracks\Kick Butt Track 2.unity,540d7059364354e249f259edfef5d69a,11500000,3,True,Assets\Scripts\Assembly-CSharp\SpeedPoint.cs.meta
Assets\Scenes\Tracks\Kick Butt Track 2.unity,e996a18e58747bf538b26a7d9874aed9,11500000,3,True,Assets\Scripts\Assembly-CSharp\WaypointLogic.cs.meta
Assets\Scenes\Tracks\Kick Butt Track 2.unity,84dedd87b078241ae96d152250730014,11500000,3,True,Assets\Plugins\Assembly-CSharp-firstpass\UghSprite.cs.meta
Assets\Scenes\Tracks\Kick Butt Track 2.unity,7a1d7e408882e95bdbe76a76d6f51e1c,11500000,3,True,Assets\Plugins\Assembly-CSharp-firstpass\UghButton.cs.meta
Assets\Scenes\Tracks\Kick Butt Track 2.unity,e996a18e58747bf538b26a7d9874aed9,11500000,3,True,Assets\Scripts\Assembly-CSharp\WaypointLogic.cs.meta
Assets\Scenes\Tracks\Kick Butt Track 2.unity,e33080df6ca488dc2ddb7522478f5e36,11500000,3,True,Assets\Scripts\Assembly-CSharp\SoundLibraryAddendum.cs.meta
Assets\Scenes\Tracks\Kick Butt Track 2.unity,71c30d28ad73b040f6e74d951b378742,11500000,3,True,Assets\Scripts\Assembly-CSharp\ObjectTrackDistanceLogic.cs.meta
Assets\Scenes\Tracks\Kick Butt Track 2.unity,0b15208c8a5ae7ff1660a3585ad68237,11500000,3,True,Assets\Scripts\Assembly-CSharp\TerrainEffectTrigger.cs.meta
Assets\Scenes\Tracks\Kick Butt Track 2.unity,94873483e708f4fa4a57b3033bbbcc5d,11500000,3,True,Assets\Scripts\Assembly-CSharp\AnimatedTexture.cs.meta
Assets\Scenes\Tracks\Kick Butt Track 2.unity,540d7059364354e249f259edfef5d69a,11500000,3,True,Assets\Scripts\Assembly-CSharp\SpeedPoint.cs.meta
Assets\Scenes\Tracks\Kick Butt Track 2.unity,540d7059364354e249f259edfef5d69a,11500000,3,True,Assets\Scripts\Assembly-CSharp\SpeedPoint.cs.meta
Assets\Scenes\Tracks\Kick Butt Track 2.unity,054475368ac70ce39f51fab67e0d6080,11500000,3,True,Assets\Scripts\Assembly-CSharp\ReverseButton.cs.meta
Assets\Scenes\Tracks\Kick Butt Track 2.unity,94873483e708f4fa4a57b3033bbbcc5d,11500000,3,True,Assets\Scripts\Assembly-CSharp\AnimatedTexture.cs.meta
Assets\Scenes\Tracks\Kick Butt Track 2.unity,0b15208c8a5ae7ff1660a3585ad68237,11500000,3,True,Assets\Scripts\Assembly-CSharp\TerrainEffectTrigger.cs.meta
Assets\Scenes\Tracks\Kick Butt Track 2.unity,71c30d28ad73b040f6e74d951b378742,11500000,3,True,Assets\Scripts\Assembly-CSharp\ObjectTrackDistanceLogic.cs.meta
Assets\Scenes\Tracks\Kick Butt Track 2.unity,540d7059364354e249f259edfef5d69a,11500000,3,True,Assets\Scripts\Assembly-CSharp\SpeedPoint.cs.meta
Assets\Scenes\Tracks\Kick Butt Track 2.unity,9b4892a27c501fc32d10289e8a2709d7,11500000,3,True,Assets\Scripts\Assembly-CSharp\CoinPoint.cs.meta
Assets\Scenes\Tracks\Kick Butt Track 2.unity,e996a18e58747bf538b26a7d9874aed9,11500000,3,True,Assets\Scripts\Assembly-CSharp\WaypointLogic.cs.meta
Assets\Scenes\Tracks\Kick Butt Track 2.unity,540d7059364354e249f259edfef5d69a,11500000,3,True,Assets\Scripts\Assembly-CSharp\SpeedPoint.cs.meta
Assets\Scenes\Tracks\Kick Butt Track 2.unity,540d7059364354e249f259edfef5d69a,11500000,3,True,Assets\Scripts\Assembly-CSharp\SpeedPoint.cs.meta
Assets\Scenes\Tracks\Kick Butt Track 2.unity,a5927ab13b8fd57ed5089057e948c6a8,11500000,3,True,Assets\Scripts\Assembly-CSharp\ProgressTriggerLogic.cs.meta
Assets\Scenes\Tracks\Kick Butt Track 2.unity,2a34636551cf3350f5140d5a69e778c8,11500000,3,True,Assets\Scripts\Assembly-CSharp\PyroTechnics.cs.meta
Assets\Scenes\Tracks\Kick Butt Track 2.unity,e996a18e58747bf538b26a7d9874aed9,11500000,3,True,Assets\Scripts\Assembly-CSharp\WaypointLogic.cs.meta
Assets\Scenes\Tracks\Kick Butt Track 2.unity,80004b78694f1129edd555f7161356a9,11500000,3,True,Assets\Scripts\Assembly-CSharp\PickupSpawner.cs.meta
Assets\Scenes\Tracks\Kick Butt Track 2.unity,540d7059364354e249f259edfef5d69a,11500000,3,True,Assets\Scripts\Assembly-CSharp\SpeedPoint.cs.meta
Assets\Scenes\Tracks\Kick Butt Track 2.unity,540d7059364354e249f259edfef5d69a,11500000,3,True,Assets\Scripts\Assembly-CSharp\SpeedPoint.cs.meta
Assets\Scenes\Tracks\Kick Butt Track 2.unity,e996a18e58747bf538b26a7d9874aed9,11500000,3,True,Assets\Scripts\Assembly-CSharp\WaypointLogic.cs.meta
Assets\Scenes\Tracks\Kick Butt Track 2.unity,80004b78694f1129edd555f7161356a9,11500000,3,True,Assets\Scripts\Assembly-CSharp\PickupSpawner.cs.meta
Assets\Scenes\Tracks\Kick Butt Track 2.unity,94873483e708f4fa4a57b3033bbbcc5d,11500000,3,True,Assets\Scripts\Assembly-CSharp\AnimatedTexture.cs.meta
Assets\Scenes\Tracks\Kick Butt Track 2.unity,71c30d28ad73b040f6e74d951b378742,11500000,3,True,Assets\Scripts\Assembly-CSharp\ObjectTrackDistanceLogic.cs.meta
Assets\Scenes\Tracks\Kick Butt Track 2.unity,0b15208c8a5ae7ff1660a3585ad68237,11500000,3,True,Assets\Scripts\Assembly-CSharp\TerrainEffectTrigger.cs.meta
Assets\Scenes\Tracks\Kick Butt Track 2.unity,9aff6dab5ca3915cdfebf86ad7fd0be7,11500000,3,True,Assets\Scripts\Assembly-CSharp\ExplodingBarrel.cs.meta
Assets\Scenes\Tracks\Kick Butt Track 2.unity,80004b78694f1129edd555f7161356a9,11500000,3,True,Assets\Scripts\Assembly-CSharp\PickupSpawner.cs.meta
Assets\Scenes\Tracks\Kick Butt Track 2.unity,540d7059364354e249f259edfef5d69a,11500000,3,True,Assets\Scripts\Assembly-CSharp\SpeedPoint.cs.meta
Assets\Scenes\Tracks\Kick Butt Track 2.unity,540d7059364354e249f259edfef5d69a,11500000,3,True,Assets\Scripts\Assembly-CSharp\SpeedPoint.cs.meta
Assets\Scenes\Tracks\Kick Butt Track 2.unity,e996a18e58747bf538b26a7d9874aed9,11500000,3,True,Assets\Scripts\Assembly-CSharp\WaypointLogic.cs.meta
Assets\Scenes\Tracks\Kick Butt Track 2.unity,94873483e708f4fa4a57b3033bbbcc5d,11500000,3,True,Assets\Scripts\Assembly-CSharp\AnimatedTexture.cs.meta
Assets\Scenes\Tracks\Kick Butt Track 2.unity,0b15208c8a5ae7ff1660a3585ad68237,11500000,3,True,Assets\Scripts\Assembly-CSharp\TerrainEffectTrigger.cs.meta
Assets\Scenes\Tracks\Kick Butt Track 2.unity,71c30d28ad73b040f6e74d951b378742,11500000,3,True,Assets\Scripts\Assembly-CSharp\ObjectTrackDistanceLogic.cs.meta
Assets\Scenes\Tracks\Kick Butt Track 2.unity,e996a18e58747bf538b26a7d9874aed9,11500000,3,True,Assets\Scripts\Assembly-CSharp\WaypointLogic.cs.meta
Assets\Scenes\Tracks\Kick Butt Track 2.unity,e996a18e58747bf538b26a7d9874aed9,11500000,3,True,Assets\Scripts\Assembly-CSharp\WaypointLogic.cs.meta
Assets\Scenes\Tracks\Kick Butt Track 2.unity,e996a18e58747bf538b26a7d9874aed9,11500000,3,True,Assets\Scripts\Assembly-CSharp\WaypointLogic.cs.meta
Assets\Scenes\Tracks\Kick Butt Track 2.unity,e996a18e58747bf538b26a7d9874aed9,11500000,3,True,Assets\Scripts\Assembly-CSharp\WaypointLogic.cs.meta
Assets\Scenes\Tracks\Kick Butt Track 2.unity,e996a18e58747bf538b26a7d9874aed9,11500000,3,True,Assets\Scripts\Assembly-CSharp\WaypointLogic.cs.meta
Assets\Scenes\Tracks\Kick Butt Track 2.unity,540d7059364354e249f259edfef5d69a,11500000,3,True,Assets\Scripts\Assembly-CSharp\SpeedPoint.cs.meta
Assets\Scenes\Tracks\Kick Butt Track 2.unity,e996a18e58747bf538b26a7d9874aed9,11500000,3,True,Assets\Scripts\Assembly-CSharp\WaypointLogic.cs.meta
Assets\Scenes\Tracks\Kick Butt Track 2.unity,540d7059364354e249f259edfef5d69a,11500000,3,True,Assets\Scripts\Assembly-CSharp\SpeedPoint.cs.meta
Assets\Scenes\Tracks\Kick Butt Track 2.unity,2a34636551cf3350f5140d5a69e778c8,11500000,3,True,Assets\Scripts\Assembly-CSharp\PyroTechnics.cs.meta
Assets\Scenes\Tracks\Kick Butt Track 2.unity,540d7059364354e249f259edfef5d69a,11500000,3,True,Assets\Scripts\Assembly-CSharp\SpeedPoint.cs.meta
Assets\Scenes\Tracks\Kick Butt Track 2.unity,540d7059364354e249f259edfef5d69a,11500000,3,True,Assets\Scripts\Assembly-CSharp\SpeedPoint.cs.meta
Assets\Scenes\Tracks\Kick Butt Track 2.unity,540d7059364354e249f259edfef5d69a,11500000,3,True,Assets\Scripts\Assembly-CSharp\SpeedPoint.cs.meta
Assets\Scenes\Tracks\Kick Butt Track 2.unity,e996a18e58747bf538b26a7d9874aed9,11500000,3,True,Assets\Scripts\Assembly-CSharp\WaypointLogic.cs.meta
Assets\Scenes\Tracks\Kick Butt Track 2.unity,e996a18e58747bf538b26a7d9874aed9,11500000,3,True,Assets\Scripts\Assembly-CSharp\WaypointLogic.cs.meta
Assets\Scenes\Tracks\Kick Butt Track 2.unity,a0737a721fe39abadd36e3afa32dd1f7,11500000,3,True,Assets\Scripts\Assembly-CSharp\CarAIPathManager.cs.meta
Assets\Scenes\Tracks\Kick Butt Track 2.unity,e171dc7613dc84903f6b62f321860d38,11500000,3,True,Assets\Plugins\Assembly-CSharp-firstpass\UghAlign.cs.meta
Assets\Scenes\Tracks\Kick Butt Track 2.unity,68873b3d1af5720266653cd542b1622d,11500000,3,True,Assets\Scripts\Assembly-CSharp\BarrelLauncher.cs.meta
Assets\Scenes\Tracks\Kick Butt Track 2.unity,84dedd87b078241ae96d152250730014,11500000,3,True,Assets\Plugins\Assembly-CSharp-firstpass\UghSprite.cs.meta
Assets\Scenes\Tracks\Kick Butt Track 2.unity,540d7059364354e249f259edfef5d69a,11500000,3,True,Assets\Scripts\Assembly-CSharp\SpeedPoint.cs.meta
Assets\Scenes\Tracks\Kick Butt Track 2.unity,2d217cf7310cb33e8ef103f1af340700,11500000,3,True,Assets\Scripts\Assembly-CSharp\BlipTrackPublisher.cs.meta
Assets\Scenes\Tracks\Kick Butt Track 2.unity,540d7059364354e249f259edfef5d69a,11500000,3,True,Assets\Scripts\Assembly-CSharp\SpeedPoint.cs.meta
Assets\Scenes\Tracks\Kick Butt Track 2.unity,540d7059364354e249f259edfef5d69a,11500000,3,True,Assets\Scripts\Assembly-CSharp\SpeedPoint.cs.meta
Assets\Scenes\Tracks\Kick Butt Track 2.unity,540d7059364354e249f259edfef5d69a,11500000,3,True,Assets\Scripts\Assembly-CSharp\SpeedPoint.cs.meta
Assets\Scenes\Tracks\Kick Butt Track 2.unity,e996a18e58747bf538b26a7d9874aed9,11500000,3,True,Assets\Scripts\Assembly-CSharp\WaypointLogic.cs.meta
Assets\Scenes\Tracks\Kick Butt Track 2.unity,e996a18e58747bf538b26a7d9874aed9,11500000,3,True,Assets\Scripts\Assembly-CSharp\WaypointLogic.cs.meta
Assets\Scenes\Tracks\Kick Butt Track 2.unity,9b4892a27c501fc32d10289e8a2709d7,11500000,3,True,Assets\Scripts\Assembly-CSharp\CoinPoint.cs.meta
Assets\Scenes\Tracks\Kick Butt Track 2.unity,e996a18e58747bf538b26a7d9874aed9,11500000,3,True,Assets\Scripts\Assembly-CSharp\WaypointLogic.cs.meta
Assets\Scenes\Tracks\Kick Butt Track 2.unity,84dedd87b078241ae96d152250730014,11500000,3,True,Assets\Plugins\Assembly-CSharp-firstpass\UghSprite.cs.meta
Assets\Scenes\Tracks\Kick Butt Track 2.unity,e996a18e58747bf538b26a7d9874aed9,11500000,3,True,Assets\Scripts\Assembly-CSharp\WaypointLogic.cs.meta
Assets\Scenes\Tracks\Kick Butt Track 2.unity,a5927ab13b8fd57ed5089057e948c6a8,11500000,3,True,Assets\Scripts\Assembly-CSharp\ProgressTriggerLogic.cs.meta
Assets\Scenes\Tracks\Kick Butt Track 2.unity,e996a18e58747bf538b26a7d9874aed9,11500000,3,True,Assets\Scripts\Assembly-CSharp\WaypointLogic.cs.meta
Assets\Scenes\Tracks\Kick Butt Track 2.unity,84dedd87b078241ae96d152250730014,11500000,3,True,Assets\Plugins\Assembly-CSharp-firstpass\UghSprite.cs.meta
Assets\Scenes\Tracks\Kick Butt Track 2.unity,e996a18e58747bf538b26a7d9874aed9,11500000,3,True,Assets\Scripts\Assembly-CSharp\WaypointLogic.cs.meta
Assets\Scenes\Tracks\Kick Butt Track 2.unity,540d7059364354e249f259edfef5d69a,11500000,3,True,Assets\Scripts\Assembly-CSharp\SpeedPoint.cs.meta
Assets\Scenes\Tracks\Kick Butt Track 2.unity,540d7059364354e249f259edfef5d69a,11500000,3,True,Assets\Scripts\Assembly-CSharp\SpeedPoint.cs.meta
Assets\Scenes\Tracks\Kick Butt Track 2.unity,540d7059364354e249f259edfef5d69a,11500000,3,True,Assets\Scripts\Assembly-CSharp\SpeedPoint.cs.meta
Assets\Scenes\Tracks\Kick Butt Track 2.unity,540d7059364354e249f259edfef5d69a,11500000,3,True,Assets\Scripts\Assembly-CSharp\SpeedPoint.cs.meta
Assets\Scenes\Tracks\Kick Butt Track 2.unity,a5927ab13b8fd57ed5089057e948c6a8,11500000,3,True,Assets\Scripts\Assembly-CSharp\ProgressTriggerLogic.cs.meta
Assets\Scenes\Tracks\Kick Butt Track 2.unity,80004b78694f1129edd555f7161356a9,11500000,3,True,Assets\Scripts\Assembly-CSharp\PickupSpawner.cs.meta
Assets\Scenes\Tracks\Kick Butt Track 2.unity,71c30d28ad73b040f6e74d951b378742,11500000,3,True,Assets\Scripts\Assembly-CSharp\ObjectTrackDistanceLogic.cs.meta
Assets\Scenes\Tracks\Kick Butt Track 2.unity,0b15208c8a5ae7ff1660a3585ad68237,11500000,3,True,Assets\Scripts\Assembly-CSharp\TerrainEffectTrigger.cs.meta
Assets\Scenes\Tracks\Kick Butt Track 2.unity,94873483e708f4fa4a57b3033bbbcc5d,11500000,3,True,Assets\Scripts\Assembly-CSharp\AnimatedTexture.cs.meta
Assets\Scenes\Tracks\Kick Butt Track 2.unity,e996a18e58747bf538b26a7d9874aed9,11500000,3,True,Assets\Scripts\Assembly-CSharp\WaypointLogic.cs.meta
Assets\Scenes\Tracks\Kick Butt Track 2.unity,e996a18e58747bf538b26a7d9874aed9,11500000,3,True,Assets\Scripts\Assembly-CSharp\WaypointLogic.cs.meta
Assets\Scenes\Tracks\Kick Butt Track 2.unity,e996a18e58747bf538b26a7d9874aed9,11500000,3,True,Assets\Scripts\Assembly-CSharp\WaypointLogic.cs.meta
Assets\Scenes\Tracks\Kick Butt Track 2.unity,e996a18e58747bf538b26a7d9874aed9,11500000,3,True,Assets\Scripts\Assembly-CSharp\WaypointLogic.cs.meta
Assets\Scenes\Tracks\Kick Butt Track 2.unity,540d7059364354e249f259edfef5d69a,11500000,3,True,Assets\Scripts\Assembly-CSharp\SpeedPoint.cs.meta
Assets\Scenes\Tracks\Kick Butt Track 2.unity,e996a18e58747bf538b26a7d9874aed9,11500000,3,True,Assets\Scripts\Assembly-CSharp\WaypointLogic.cs.meta
Assets\Scenes\Tracks\Kick Butt Track 2.unity,e996a18e58747bf538b26a7d9874aed9,11500000,3,True,Assets\Scripts\Assembly-CSharp\WaypointLogic.cs.meta
Assets\Scenes\Tracks\Kick Butt Track 2.unity,0b15208c8a5ae7ff1660a3585ad68237,11500000,3,True,Assets\Scripts\Assembly-CSharp\TerrainEffectTrigger.cs.meta
Assets\Scenes\Tracks\Kick Butt Track 2.unity,80004b78694f1129edd555f7161356a9,11500000,3,True,Assets\Scripts\Assembly-CSharp\PickupSpawner.cs.meta
Assets\Scenes\Tracks\Kick Butt Track 2.unity,9b4892a27c501fc32d10289e8a2709d7,11500000,3,True,Assets\Scripts\Assembly-CSharp\CoinPoint.cs.meta
Assets\Scenes\Tracks\Kick Butt Track 2.unity,e996a18e58747bf538b26a7d9874aed9,11500000,3,True,Assets\Scripts\Assembly-CSharp\WaypointLogic.cs.meta
Assets\Scenes\Tracks\Kick Butt Track 2.unity,540d7059364354e249f259edfef5d69a,11500000,3,True,Assets\Scripts\Assembly-CSharp\SpeedPoint.cs.meta
Assets\Scenes\Tracks\Kick Butt Track 2.unity,540d7059364354e249f259edfef5d69a,11500000,3,True,Assets\Scripts\Assembly-CSharp\SpeedPoint.cs.meta
Assets\Scenes\Tracks\Kick Butt Track 2.unity,540d7059364354e249f259edfef5d69a,11500000,3,True,Assets\Scripts\Assembly-CSharp\SpeedPoint.cs.meta
Assets\Scenes\Tracks\Kick Butt Track 2.unity,71c30d28ad73b040f6e74d951b378742,11500000,3,True,Assets\Scripts\Assembly-CSharp\ObjectTrackDistanceLogic.cs.meta
Assets\Scenes\Tracks\Kick Butt Track 2.unity,0b15208c8a5ae7ff1660a3585ad68237,11500000,3,True,Assets\Scripts\Assembly-CSharp\TerrainEffectTrigger.cs.meta
Assets\Scenes\Tracks\Kick Butt Track 2.unity,94873483e708f4fa4a57b3033bbbcc5d,11500000,3,True,Assets\Scripts\Assembly-CSharp\AnimatedTexture.cs.meta
Assets\Scenes\Tracks\Kick Butt Track 2.unity,540d7059364354e249f259edfef5d69a,11500000,3,True,Assets\Scripts\Assembly-CSharp\SpeedPoint.cs.meta
Assets\Scenes\Tracks\Kick Butt Track 2.unity,540d7059364354e249f259edfef5d69a,11500000,3,True,Assets\Scripts\Assembly-CSharp\SpeedPoint.cs.meta
Assets\Scenes\Tracks\Kick Butt Track 2.unity,540d7059364354e249f259edfef5d69a,11500000,3,True,Assets\Scripts\Assembly-CSharp\SpeedPoint.cs.meta
Assets\Scenes\Tracks\Kick Butt Track 2.unity,84dedd87b078241ae96d152250730014,11500000,3,True,Assets\Plugins\Assembly-CSharp-firstpass\UghSprite.cs.meta
Assets\Scenes\Tracks\Kick Butt Track 2.unity,e996a18e58747bf538b26a7d9874aed9,11500000,3,True,Assets\Scripts\Assembly-CSharp\WaypointLogic.cs.meta
Assets\Scenes\Tracks\Kick Butt Track 2.unity,540d7059364354e249f259edfef5d69a,11500000,3,True,Assets\Scripts\Assembly-CSharp\SpeedPoint.cs.meta
Assets\Scenes\Tracks\Kick Butt Track 2.unity,540d7059364354e249f259edfef5d69a,11500000,3,True,Assets\Scripts\Assembly-CSharp\SpeedPoint.cs.meta
Assets\Scenes\Tracks\Kick Butt Track 2.unity,e171dc7613dc84903f6b62f321860d38,11500000,3,True,Assets\Plugins\Assembly-CSharp-firstpass\UghAlign.cs.meta
Assets\Scenes\Tracks\Kick Butt Track 2.unity,e996a18e58747bf538b26a7d9874aed9,11500000,3,True,Assets\Scripts\Assembly-CSharp\WaypointLogic.cs.meta
Assets\Scenes\Tracks\Kick Butt Track 2.unity,9b4892a27c501fc32d10289e8a2709d7,11500000,3,True,Assets\Scripts\Assembly-CSharp\CoinPoint.cs.meta
Assets\Scenes\Tracks\Kick Butt Track 2.unity,e996a18e58747bf538b26a7d9874aed9,11500000,3,True,Assets\Scripts\Assembly-CSharp\WaypointLogic.cs.meta
Assets\Scenes\Tracks\Kick Butt Track 2.unity,0b15208c8a5ae7ff1660a3585ad68237,11500000,3,True,Assets\Scripts\Assembly-CSharp\TerrainEffectTrigger.cs.meta
Assets\Scenes\Tracks\Kick Butt Track 2.unity,71c30d28ad73b040f6e74d951b378742,11500000,3,True,Assets\Scripts\Assembly-CSharp\ObjectTrackDistanceLogic.cs.meta
Assets\Scenes\Tracks\Kick Butt Track 2.unity,94873483e708f4fa4a57b3033bbbcc5d,11500000,3,True,Assets\Scripts\Assembly-CSharp\AnimatedTexture.cs.meta
Assets\Scenes\Tracks\Kick Butt Track 2.unity,246f7afd4c00a9e3e9edfd9f644012c9,11500000,3,True,Assets\Scripts\Assembly-CSharp\DebugTrackStrapper.cs.meta
Assets\Scenes\Tracks\Kick Butt Track 2.unity,e996a18e58747bf538b26a7d9874aed9,11500000,3,True,Assets\Scripts\Assembly-CSharp\WaypointLogic.cs.meta
Assets\Scenes\Tracks\Kick Butt Track 2.unity,e996a18e58747bf538b26a7d9874aed9,11500000,3,True,Assets\Scripts\Assembly-CSharp\WaypointLogic.cs.meta
Assets\Scenes\Tracks\Kick Butt Track 2.unity,e996a18e58747bf538b26a7d9874aed9,11500000,3,True,Assets\Scripts\Assembly-CSharp\WaypointLogic.cs.meta
Assets\Scenes\Tracks\Kick Butt Track 2.unity,0b15208c8a5ae7ff1660a3585ad68237,11500000,3,True,Assets\Scripts\Assembly-CSharp\TerrainEffectTrigger.cs.meta
Assets\Scenes\Tracks\Kick Butt Track 2.unity,71c30d28ad73b040f6e74d951b378742,11500000,3,True,Assets\Scripts\Assembly-CSharp\ObjectTrackDistanceLogic.cs.meta
Assets\Scenes\Tracks\Kick Butt Track 2.unity,94873483e708f4fa4a57b3033bbbcc5d,11500000,3,True,Assets\Scripts\Assembly-CSharp\AnimatedTexture.cs.meta
Assets\Scenes\Tracks\Kick Butt Track 2.unity,e996a18e58747bf538b26a7d9874aed9,11500000,3,True,Assets\Scripts\Assembly-CSharp\WaypointLogic.cs.meta
Assets\Scenes\Tracks\Kick Butt Track 2.unity,540d7059364354e249f259edfef5d69a,11500000,3,True,Assets\Scripts\Assembly-CSharp\SpeedPoint.cs.meta
Assets\Scenes\Tracks\Kick Butt Track 2.unity,e171dc7613dc84903f6b62f321860d38,11500000,3,True,Assets\Plugins\Assembly-CSharp-firstpass\UghAlign.cs.meta
Assets\Scenes\Tracks\Kick Butt Track 2.unity,540d7059364354e249f259edfef5d69a,11500000,3,True,Assets\Scripts\Assembly-CSharp\SpeedPoint.cs.meta
Assets\Scenes\Tracks\Kick Butt Track 2.unity,80004b78694f1129edd555f7161356a9,11500000,3,True,Assets\Scripts\Assembly-CSharp\PickupSpawner.cs.meta
Assets\Scenes\Tracks\Kick Butt Track 2.unity,e996a18e58747bf538b26a7d9874aed9,11500000,3,True,Assets\Scripts\Assembly-CSharp\WaypointLogic.cs.meta
Assets\Scenes\Tracks\Kick Butt Track 2.unity,e996a18e58747bf538b26a7d9874aed9,11500000,3,True,Assets\Scripts\Assembly-CSharp\WaypointLogic.cs.meta
Assets\Scenes\Tracks\Kick Butt Track 2.unity,e996a18e58747bf538b26a7d9874aed9,11500000,3,True,Assets\Scripts\Assembly-CSharp\WaypointLogic.cs.meta
Assets\Scenes\Tracks\Kick Butt Track 2.unity,71c30d28ad73b040f6e74d951b378742,11500000,3,True,Assets\Scripts\Assembly-CSharp\ObjectTrackDistanceLogic.cs.meta
Assets\Scenes\Tracks\Kick Butt Track 2.unity,0b15208c8a5ae7ff1660a3585ad68237,11500000,3,True,Assets\Scripts\Assembly-CSharp\TerrainEffectTrigger.cs.meta
Assets\Scenes\Tracks\Kick Butt Track 2.unity,94873483e708f4fa4a57b3033bbbcc5d,11500000,3,True,Assets\Scripts\Assembly-CSharp\AnimatedTexture.cs.meta
Assets\Scenes\Tracks\Kick Butt Track 2.unity,48302b94d9e9b333d75a5f574a6bcedf,11500000,3,True,Assets\Scripts\Assembly-CSharp\PreRaceCamera.cs.meta
Assets\Scenes\Tracks\Kick Butt Track 2.unity,e171dc7613dc84903f6b62f321860d38,11500000,3,True,Assets\Plugins\Assembly-CSharp-firstpass\UghAlign.cs.meta
Assets\Scenes\Tracks\Kick Butt Track 2.unity,540d7059364354e249f259edfef5d69a,11500000,3,True,Assets\Scripts\Assembly-CSharp\SpeedPoint.cs.meta
Assets\Scenes\Tracks\Kick Butt Track 2.unity,68873b3d1af5720266653cd542b1622d,11500000,3,True,Assets\Scripts\Assembly-CSharp\BarrelLauncher.cs.meta
Assets\Scenes\Tracks\Kick Butt Track 2.unity,84dedd87b078241ae96d152250730014,11500000,3,True,Assets\Plugins\Assembly-CSharp-firstpass\UghSprite.cs.meta
Assets\Scenes\Tracks\Kick Butt Track 2.unity,84dedd87b078241ae96d152250730014,11500000,3,True,Assets\Plugins\Assembly-CSharp-firstpass\UghSprite.cs.meta
Assets\Scenes\Tracks\Kick Butt Track 2.unity,540d7059364354e249f259edfef5d69a,11500000,3,True,Assets\Scripts\Assembly-CSharp\SpeedPoint.cs.meta
Assets\Scenes\Tracks\Kick Butt Track 2.unity,540d7059364354e249f259edfef5d69a,11500000,3,True,Assets\Scripts\Assembly-CSharp\SpeedPoint.cs.meta
Assets\Scenes\Tracks\Kick Butt Track 2.unity,84dedd87b078241ae96d152250730014,11500000,3,True,Assets\Plugins\Assembly-CSharp-firstpass\UghSprite.cs.meta
Assets\Scenes\Tracks\Kick Butt Track 2.unity,540d7059364354e249f259edfef5d69a,11500000,3,True,Assets\Scripts\Assembly-CSharp\SpeedPoint.cs.meta
Assets\Scenes\Tracks\Kick Butt Track 2.unity,94873483e708f4fa4a57b3033bbbcc5d,11500000,3,True,Assets\Scripts\Assembly-CSharp\AnimatedTexture.cs.meta
Assets\Scenes\Tracks\Kick Butt Track 2.unity,0b15208c8a5ae7ff1660a3585ad68237,11500000,3,True,Assets\Scripts\Assembly-CSharp\TerrainEffectTrigger.cs.meta
Assets\Scenes\Tracks\Kick Butt Track 2.unity,71c30d28ad73b040f6e74d951b378742,11500000,3,True,Assets\Scripts\Assembly-CSharp\ObjectTrackDistanceLogic.cs.meta
Assets\Scenes\Tracks\Kick Butt Track 2.unity,540d7059364354e249f259edfef5d69a,11500000,3,True,Assets\Scripts\Assembly-CSharp\SpeedPoint.cs.meta
Assets\Scenes\Tracks\Kick Butt Track 2.unity,e996a18e58747bf538b26a7d9874aed9,11500000,3,True,Assets\Scripts\Assembly-CSharp\WaypointLogic.cs.meta
Assets\Scenes\Tracks\Kick Butt Track 2.unity,94873483e708f4fa4a57b3033bbbcc5d,11500000,3,True,Assets\Scripts\Assembly-CSharp\AnimatedTexture.cs.meta
Assets\Scenes\Tracks\Kick Butt Track 2.unity,71c30d28ad73b040f6e74d951b378742,11500000,3,True,Assets\Scripts\Assembly-CSharp\ObjectTrackDistanceLogic.cs.meta
Assets\Scenes\Tracks\Kick Butt Track 2.unity,0b15208c8a5ae7ff1660a3585ad68237,11500000,3,True,Assets\Scripts\Assembly-CSharp\TerrainEffectTrigger.cs.meta
Assets\Scenes\Tracks\Kick Butt Track 2.unity,540d7059364354e249f259edfef5d69a,11500000,3,True,Assets\Scripts\Assembly-CSharp\SpeedPoint.cs.meta
Assets\Scenes\Tracks\Kick Butt Track 2.unity,e996a18e58747bf538b26a7d9874aed9,11500000,3,True,Assets\Scripts\Assembly-CSharp\WaypointLogic.cs.meta
Assets\Scenes\Tracks\Kick Butt Track 2.unity,80004b78694f1129edd555f7161356a9,11500000,3,True,Assets\Scripts\Assembly-CSharp\PickupSpawner.cs.meta
Assets\Scenes\Tracks\Kick Butt Track 2.unity,540d7059364354e249f259edfef5d69a,11500000,3,True,Assets\Scripts\Assembly-CSharp\SpeedPoint.cs.meta
Assets\Scenes\Tracks\Kick Butt Track 2.unity,540d7059364354e249f259edfef5d69a,11500000,3,True,Assets\Scripts\Assembly-CSharp\SpeedPoint.cs.meta
Assets\Scenes\Tracks\Kick Butt Track 2.unity,540d7059364354e249f259edfef5d69a,11500000,3,True,Assets\Scripts\Assembly-CSharp\SpeedPoint.cs.meta
Assets\Scenes\Tracks\Kick Butt Track 2.unity,80004b78694f1129edd555f7161356a9,11500000,3,True,Assets\Scripts\Assembly-CSharp\PickupSpawner.cs.meta
Assets\Scenes\Tracks\Kick Butt Track 2.unity,540d7059364354e249f259edfef5d69a,11500000,3,True,Assets\Scripts\Assembly-CSharp\SpeedPoint.cs.meta
Assets\Scenes\Tracks\Kick Butt Track 2.unity,9aff6dab5ca3915cdfebf86ad7fd0be7,11500000,3,True,Assets\Scripts\Assembly-CSharp\ExplodingBarrel.cs.meta
Assets\Scenes\Tracks\Kick Butt Track 2.unity,e996a18e58747bf538b26a7d9874aed9,11500000,3,True,Assets\Scripts\Assembly-CSharp\WaypointLogic.cs.meta
Assets\Scenes\Tracks\Kick Butt Track 2.unity,540d7059364354e249f259edfef5d69a,11500000,3,True,Assets\Scripts\Assembly-CSharp\SpeedPoint.cs.meta
Assets\Scenes\Tracks\Kick Butt Track 2.unity,540d7059364354e249f259edfef5d69a,11500000,3,True,Assets\Scripts\Assembly-CSharp\SpeedPoint.cs.meta
Assets\Scenes\Tracks\Kick Butt Track 2.unity,0b15208c8a5ae7ff1660a3585ad68237,11500000,3,True,Assets\Scripts\Assembly-CSharp\TerrainEffectTrigger.cs.meta
Assets\Scenes\Tracks\Kick Butt Track 2.unity,71c30d28ad73b040f6e74d951b378742,11500000,3,True,Assets\Scripts\Assembly-CSharp\ObjectTrackDistanceLogic.cs.meta
Assets\Scenes\Tracks\Kick Butt Track 2.unity,94873483e708f4fa4a57b3033bbbcc5d,11500000,3,True,Assets\Scripts\Assembly-CSharp\AnimatedTexture.cs.meta
Assets\Scenes\Tracks\Kick Butt Track 2.unity,80004b78694f1129edd555f7161356a9,11500000,3,True,Assets\Scripts\Assembly-CSharp\PickupSpawner.cs.meta
Assets\Scenes\Tracks\Kick Butt Track 2.unity,540d7059364354e249f259edfef5d69a,11500000,3,True,Assets\Scripts\Assembly-CSharp\SpeedPoint.cs.meta
Assets\Scenes\Tracks\Kick Butt Track 2.unity,84dedd87b078241ae96d152250730014,11500000,3,True,Assets\Plugins\Assembly-CSharp-firstpass\UghSprite.cs.meta
Assets\Scenes\Tracks\Kick Butt Track 2.unity,9b4892a27c501fc32d10289e8a2709d7,11500000,3,True,Assets\Scripts\Assembly-CSharp\CoinPoint.cs.meta
Assets\Scenes\Tracks\Kick Butt Track 2.unity,e996a18e58747bf538b26a7d9874aed9,11500000,3,True,Assets\Scripts\Assembly-CSharp\WaypointLogic.cs.meta
Assets\Scenes\Tracks\Kick Butt Track 2.unity,e996a18e58747bf538b26a7d9874aed9,11500000,3,True,Assets\Scripts\Assembly-CSharp\WaypointLogic.cs.meta
Assets\Scenes\Tracks\Kick Butt Track 2.unity,e996a18e58747bf538b26a7d9874aed9,11500000,3,True,Assets\Scripts\Assembly-CSharp\WaypointLogic.cs.meta
Assets\Scenes\Tracks\Kick Butt Track 2.unity,540d7059364354e249f259edfef5d69a,11500000,3,True,Assets\Scripts\Assembly-CSharp\SpeedPoint.cs.meta
Assets\Scenes\Tracks\Kick Butt Track 2.unity,540d7059364354e249f259edfef5d69a,11500000,3,True,Assets\Scripts\Assembly-CSharp\SpeedPoint.cs.meta
Assets\Scenes\Tracks\Kick Butt Track 2.unity,540d7059364354e249f259edfef5d69a,11500000,3,True,Assets\Scripts\Assembly-CSharp\SpeedPoint.cs.meta
Assets\Scenes\Tracks\Kick Butt Track 2.unity,540d7059364354e249f259edfef5d69a,11500000,3,True,Assets\Scripts\Assembly-CSharp\SpeedPoint.cs.meta
Assets\Scenes\Tracks\Kick Butt Track 2.unity,540d7059364354e249f259edfef5d69a,11500000,3,True,Assets\Scripts\Assembly-CSharp\SpeedPoint.cs.meta
Assets\Scenes\Tracks\Kick Butt Track 2.unity,e996a18e58747bf538b26a7d9874aed9,11500000,3,True,Assets\Scripts\Assembly-CSharp\WaypointLogic.cs.meta
Assets\Scenes\Tracks\Kick Butt Track 2.unity,e996a18e58747bf538b26a7d9874aed9,11500000,3,True,Assets\Scripts\Assembly-CSharp\WaypointLogic.cs.meta
Assets\Scenes\Tracks\Kick Butt Track 2.unity,84dedd87b078241ae96d152250730014,11500000,3,True,Assets\Plugins\Assembly-CSharp-firstpass\UghSprite.cs.meta
Assets\Scenes\Tracks\Kick Butt Track 2.unity,2a34636551cf3350f5140d5a69e778c8,11500000,3,True,Assets\Scripts\Assembly-CSharp\PyroTechnics.cs.meta
Assets\Scenes\Tracks\Kick Butt Track 2.unity,540d7059364354e249f259edfef5d69a,11500000,3,True,Assets\Scripts\Assembly-CSharp\SpeedPoint.cs.meta
Assets\Scenes\Tracks\Kick Butt Track 2.unity,2a34636551cf3350f5140d5a69e778c8,11500000,3,True,Assets\Scripts\Assembly-CSharp\PyroTechnics.cs.meta
Assets\Scenes\Tracks\Kick Butt Track 2.unity,2a34636551cf3350f5140d5a69e778c8,11500000,3,True,Assets\Scripts\Assembly-CSharp\PyroTechnics.cs.meta
Assets\Scenes\Tracks\Kick Butt Track 2.unity,e996a18e58747bf538b26a7d9874aed9,11500000,3,True,Assets\Scripts\Assembly-CSharp\WaypointLogic.cs.meta
Assets\Scenes\Tracks\Kick Butt Track 2.unity,e33080df6ca488dc2ddb7522478f5e36,11500000,3,True,Assets\Scripts\Assembly-CSharp\SoundLibraryAddendum.cs.meta
Assets\Scenes\Tracks\Kick Butt Track 2.unity,d023be04c46e426c31d87f45651d35dd,11500000,3,True,Assets\Plugins\Assembly-CSharp-firstpass\UghInput.cs.meta
Assets\Scenes\Tracks\Kick Butt Track 2.unity,e996a18e58747bf538b26a7d9874aed9,11500000,3,True,Assets\Scripts\Assembly-CSharp\WaypointLogic.cs.meta
Assets\Scenes\Tracks\Kick Butt Track 2.unity,84dedd87b078241ae96d152250730014,11500000,3,True,Assets\Plugins\Assembly-CSharp-firstpass\UghSprite.cs.meta
Assets\Scenes\Tracks\Kick Butt Track 2.unity,e996a18e58747bf538b26a7d9874aed9,11500000,3,True,Assets\Scripts\Assembly-CSharp\WaypointLogic.cs.meta
Assets\Scenes\Tracks\Kick Butt Track 2.unity,540d7059364354e249f259edfef5d69a,11500000,3,True,Assets\Scripts\Assembly-CSharp\SpeedPoint.cs.meta
Assets\Scenes\Tracks\Kick Butt Track 2.unity,7a1d7e408882e95bdbe76a76d6f51e1c,11500000,3,True,Assets\Plugins\Assembly-CSharp-firstpass\UghButton.cs.meta
Assets\Scenes\Tracks\Kick Butt Track 2.unity,80004b78694f1129edd555f7161356a9,11500000,3,True,Assets\Scripts\Assembly-CSharp\PickupSpawner.cs.meta
Assets\Scenes\Tracks\Kick Butt Track 2.unity,a5927ab13b8fd57ed5089057e948c6a8,11500000,3,True,Assets\Scripts\Assembly-CSharp\ProgressTriggerLogic.cs.meta
Assets\Scenes\Tracks\Kick Butt Track 2.unity,94873483e708f4fa4a57b3033bbbcc5d,11500000,3,True,Assets\Scripts\Assembly-CSharp\AnimatedTexture.cs.meta
Assets\Scenes\Tracks\Kick Butt Track 2.unity,71c30d28ad73b040f6e74d951b378742,11500000,3,True,Assets\Scripts\Assembly-CSharp\ObjectTrackDistanceLogic.cs.meta
Assets\Scenes\Tracks\Kick Butt Track 2.unity,0b15208c8a5ae7ff1660a3585ad68237,11500000,3,True,Assets\Scripts\Assembly-CSharp\TerrainEffectTrigger.cs.meta
Assets\Scenes\Tracks\Kick Butt Track 2.unity,e996a18e58747bf538b26a7d9874aed9,11500000,3,True,Assets\Scripts\Assembly-CSharp\WaypointLogic.cs.meta
Assets\Scenes\Tracks\Kick Butt Track 2.unity,e171dc7613dc84903f6b62f321860d38,11500000,3,True,Assets\Plugins\Assembly-CSharp-firstpass\UghAlign.cs.meta
Assets\Scenes\Tracks\Kick Butt Track 2.unity,540d7059364354e249f259edfef5d69a,11500000,3,True,Assets\Scripts\Assembly-CSharp\SpeedPoint.cs.meta
Assets\Scenes\Tracks\Kick Butt Track 2.unity,80004b78694f1129edd555f7161356a9,11500000,3,True,Assets\Scripts\Assembly-CSharp\PickupSpawner.cs.meta
Assets\Scenes\Tracks\Kick Butt Track 2.unity,80004b78694f1129edd555f7161356a9,11500000,3,True,Assets\Scripts\Assembly-CSharp\PickupSpawner.cs.meta
Assets\Scenes\Tracks\Kick Butt Track 2.unity,e996a18e58747bf538b26a7d9874aed9,11500000,3,True,Assets\Scripts\Assembly-CSharp\WaypointLogic.cs.meta
Assets\Scenes\Tracks\Kick Butt Track 2.unity,540d7059364354e249f259edfef5d69a,11500000,3,True,Assets\Scripts\Assembly-CSharp\SpeedPoint.cs.meta
Assets\Scenes\Tracks\Kick Butt Track 2.unity,3d7ca5eee8d4ceab8e68d3786efd8ee6,11500000,3,True,Assets\Scripts\Assembly-CSharp\CartPrimaryTextureProfile.cs.meta
Assets\Scenes\Tracks\Kick Butt Track 2.unity,63c96e9a6487f47e0e115ad279182fe0,11500000,3,True,Assets\Scripts\Assembly-CSharp\CompositeProfile.cs.meta
Assets\Scenes\Tracks\Kick Butt Track 2.unity,2a34636551cf3350f5140d5a69e778c8,11500000,3,True,Assets\Scripts\Assembly-CSharp\PyroTechnics.cs.meta
Assets\Scenes\Tracks\Kick Butt Track 2.unity,540d7059364354e249f259edfef5d69a,11500000,3,True,Assets\Scripts\Assembly-CSharp\SpeedPoint.cs.meta
Assets\Scenes\Tracks\Kick Butt Track 2.unity,e996a18e58747bf538b26a7d9874aed9,11500000,3,True,Assets\Scripts\Assembly-CSharp\WaypointLogic.cs.meta
Assets\Scenes\Tracks\Kick Butt Track 2.unity,540d7059364354e249f259edfef5d69a,11500000,3,True,Assets\Scripts\Assembly-CSharp\SpeedPoint.cs.meta
Assets\Scenes\Tracks\Kick Butt Track 2.unity,222969e5f509aca8e5d482c6c17f2a47,11500000,3,True,Assets\Scripts\Assembly-CSharp\HUDLogic.cs.meta
Assets\Scenes\Tracks\Kick Butt Track 2.unity,e996a18e58747bf538b26a7d9874aed9,11500000,3,True,Assets\Scripts\Assembly-CSharp\WaypointLogic.cs.meta
Assets\Scenes\Tracks\Kick Butt Track 2.unity,e996a18e58747bf538b26a7d9874aed9,11500000,3,True,Assets\Scripts\Assembly-CSharp\WaypointLogic.cs.meta
Assets\Scenes\Tracks\Kick Butt Track 2.unity,0b15208c8a5ae7ff1660a3585ad68237,11500000,3,True,Assets\Scripts\Assembly-CSharp\TerrainEffectTrigger.cs.meta
Assets\Scenes\Tracks\Kick Butt Track 2.unity,71c30d28ad73b040f6e74d951b378742,11500000,3,True,Assets\Scripts\Assembly-CSharp\ObjectTrackDistanceLogic.cs.meta
Assets\Scenes\Tracks\Kick Butt Track 2.unity,94873483e708f4fa4a57b3033bbbcc5d,11500000,3,True,Assets\Scripts\Assembly-CSharp\AnimatedTexture.cs.meta
Assets\Scenes\Tracks\Kick Butt Track 2.unity,e996a18e58747bf538b26a7d9874aed9,11500000,3,True,Assets\Scripts\Assembly-CSharp\WaypointLogic.cs.meta
Assets\Scenes\Tracks\Kick Butt Track 2.unity,b88ab20c864889e81141f2df8a116b5b,11500000,3,True,Assets\Plugins\Assembly-CSharp-firstpass\UghText.cs.meta
Assets\Scenes\Tracks\Kick Butt Track 2.unity,e996a18e58747bf538b26a7d9874aed9,11500000,3,True,Assets\Scripts\Assembly-CSharp\WaypointLogic.cs.meta
Assets\Scenes\Tracks\Kick Butt Track 2.unity,e996a18e58747bf538b26a7d9874aed9,11500000,3,True,Assets\Scripts\Assembly-CSharp\WaypointLogic.cs.meta
Assets\Scenes\Tracks\Kick Butt Track 2.unity,9aff6dab5ca3915cdfebf86ad7fd0be7,11500000,3,True,Assets\Scripts\Assembly-CSharp\ExplodingBarrel.cs.meta
Assets\Scenes\Tracks\Kick Butt Track 2.unity,540d7059364354e249f259edfef5d69a,11500000,3,True,Assets\Scripts\Assembly-CSharp\SpeedPoint.cs.meta
Assets\Scenes\Tracks\Kick Butt Track 2.unity,94873483e708f4fa4a57b3033bbbcc5d,11500000,3,True,Assets\Scripts\Assembly-CSharp\AnimatedTexture.cs.meta
Assets\Scenes\Tracks\Kick Butt Track 2.unity,71c30d28ad73b040f6e74d951b378742,11500000,3,True,Assets\Scripts\Assembly-CSharp\ObjectTrackDistanceLogic.cs.meta
Assets\Scenes\Tracks\Kick Butt Track 2.unity,0b15208c8a5ae7ff1660a3585ad68237,11500000,3,True,Assets\Scripts\Assembly-CSharp\TerrainEffectTrigger.cs.meta
Assets\Scenes\Tracks\Kick Butt Track 2.unity,540d7059364354e249f259edfef5d69a,11500000,3,True,Assets\Scripts\Assembly-CSharp\SpeedPoint.cs.meta
Assets\Scenes\Tracks\Kick Butt Track 2.unity,0b15208c8a5ae7ff1660a3585ad68237,11500000,3,True,Assets\Scripts\Assembly-CSharp\TerrainEffectTrigger.cs.meta
Assets\Scenes\Tracks\Kick Butt Track 2.unity,e996a18e58747bf538b26a7d9874aed9,11500000,3,True,Assets\Scripts\Assembly-CSharp\WaypointLogic.cs.meta
Assets\Scenes\Tracks\Kick Butt Track 2.unity,540d7059364354e249f259edfef5d69a,11500000,3,True,Assets\Scripts\Assembly-CSharp\SpeedPoint.cs.meta
Assets\Scenes\Tracks\Kick Butt Track 2.unity,e996a18e58747bf538b26a7d9874aed9,11500000,3,True,Assets\Scripts\Assembly-CSharp\WaypointLogic.cs.meta
Assets\Scenes\Tracks\Kick Butt Track 2.unity,540d7059364354e249f259edfef5d69a,11500000,3,True,Assets\Scripts\Assembly-CSharp\SpeedPoint.cs.meta
Assets\Scenes\Tracks\Kick Butt Track 2.unity,540d7059364354e249f259edfef5d69a,11500000,3,True,Assets\Scripts\Assembly-CSharp\SpeedPoint.cs.meta
Assets\Scenes\Tracks\Kick Butt Track 2.unity,540d7059364354e249f259edfef5d69a,11500000,3,True,Assets\Scripts\Assembly-CSharp\SpeedPoint.cs.meta
Assets\Scenes\Tracks\Kick Butt Track 2.unity,80004b78694f1129edd555f7161356a9,11500000,3,True,Assets\Scripts\Assembly-CSharp\PickupSpawner.cs.meta
Assets\Scenes\Tracks\Kick Butt Track 2.unity,e996a18e58747bf538b26a7d9874aed9,11500000,3,True,Assets\Scripts\Assembly-CSharp\WaypointLogic.cs.meta
Assets\Scenes\Tracks\Kick Butt Track 2.unity,540d7059364354e249f259edfef5d69a,11500000,3,True,Assets\Scripts\Assembly-CSharp\SpeedPoint.cs.meta
Assets\Scenes\Tracks\Kick Butt Track 2.unity,540d7059364354e249f259edfef5d69a,11500000,3,True,Assets\Scripts\Assembly-CSharp\SpeedPoint.cs.meta
Assets\Scenes\Tracks\Kick Butt Track 2.unity,e996a18e58747bf538b26a7d9874aed9,11500000,3,True,Assets\Scripts\Assembly-CSharp\WaypointLogic.cs.meta
Assets\Scenes\Tracks\Kick Butt Track 2.unity,e996a18e58747bf538b26a7d9874aed9,11500000,3,True,Assets\Scripts\Assembly-CSharp\WaypointLogic.cs.meta
Assets\Scenes\Tracks\Kick Butt Track 2.unity,c67f46bd4e340aa7f64a8e2ae3c03a27,11500000,3,True,Assets\Scripts\Assembly-CSharp\ResetTrigger.cs.meta
Assets\Scenes\Tracks\Kick Butt Track 2.unity,68873b3d1af5720266653cd542b1622d,11500000,3,True,Assets\Scripts\Assembly-CSharp\BarrelLauncher.cs.meta
Assets\Scenes\Tracks\Kick Butt Track 2.unity,e996a18e58747bf538b26a7d9874aed9,11500000,3,True,Assets\Scripts\Assembly-CSharp\WaypointLogic.cs.meta
Assets\Scenes\Tracks\Kick Butt Track 2.unity,e996a18e58747bf538b26a7d9874aed9,11500000,3,True,Assets\Scripts\Assembly-CSharp\WaypointLogic.cs.meta
Assets\Scenes\Tracks\Kick Butt Track 2.unity,84dedd87b078241ae96d152250730014,11500000,3,True,Assets\Plugins\Assembly-CSharp-firstpass\UghSprite.cs.meta
Assets\Scenes\Tracks\Kick Butt Track 2.unity,540d7059364354e249f259edfef5d69a,11500000,3,True,Assets\Scripts\Assembly-CSharp\SpeedPoint.cs.meta
Assets\Scenes\Tracks\Kick Butt Track 2.unity,e996a18e58747bf538b26a7d9874aed9,11500000,3,True,Assets\Scripts\Assembly-CSharp\WaypointLogic.cs.meta
Assets\Scenes\Tracks\Kick Butt Track 2.unity,e996a18e58747bf538b26a7d9874aed9,11500000,3,True,Assets\Scripts\Assembly-CSharp\WaypointLogic.cs.meta
Assets\Scenes\Tracks\Kick Butt Track 2.unity,84dedd87b078241ae96d152250730014,11500000,3,True,Assets\Plugins\Assembly-CSharp-firstpass\UghSprite.cs.meta
Assets\Scenes\Tracks\Kick Butt Track 2.unity,54cbe82f1ecc3566dd11401a18f75c23,11500000,3,True,Assets\Scripts\Assembly-CSharp\GuidedJumpTrigger.cs.meta
Assets\Scenes\Tracks\Kick Butt Track 2.unity,71c30d28ad73b040f6e74d951b378742,11500000,3,True,Assets\Scripts\Assembly-CSharp\ObjectTrackDistanceLogic.cs.meta
Assets\Scenes\Tracks\Kick Butt Track 2.unity,540d7059364354e249f259edfef5d69a,11500000,3,True,Assets\Scripts\Assembly-CSharp\SpeedPoint.cs.meta
Assets\Scenes\Tracks\Kick Butt Track 2.unity,84dedd87b078241ae96d152250730014,11500000,3,True,Assets\Plugins\Assembly-CSharp-firstpass\UghSprite.cs.meta
Assets\Scenes\Tracks\Kick Butt Track 2.unity,540d7059364354e249f259edfef5d69a,11500000,3,True,Assets\Scripts\Assembly-CSharp\SpeedPoint.cs.meta
Assets\Scenes\Tracks\Kick Butt Track 2.unity,80004b78694f1129edd555f7161356a9,11500000,3,True,Assets\Scripts\Assembly-CSharp\PickupSpawner.cs.meta
Assets\Scenes\Tracks\Kick Butt Track 2.unity,e996a18e58747bf538b26a7d9874aed9,11500000,3,True,Assets\Scripts\Assembly-CSharp\WaypointLogic.cs.meta
Assets\Scenes\Tracks\Kick Butt Track 2.unity,540d7059364354e249f259edfef5d69a,11500000,3,True,Assets\Scripts\Assembly-CSharp\SpeedPoint.cs.meta
Assets\Scenes\Tracks\Kick Butt Track 2.unity,540d7059364354e249f259edfef5d69a,11500000,3,True,Assets\Scripts\Assembly-CSharp\SpeedPoint.cs.meta
Assets\Scenes\Tracks\Kick Butt Track 2.unity,e996a18e58747bf538b26a7d9874aed9,11500000,3,True,Assets\Scripts\Assembly-CSharp\WaypointLogic.cs.meta
Assets\Scenes\Tracks\Kick Butt Track 2.unity,540d7059364354e249f259edfef5d69a,11500000,3,True,Assets\Scripts\Assembly-CSharp\SpeedPoint.cs.meta
Assets\Scenes\Tracks\Kick Butt Track 2.unity,540d7059364354e249f259edfef5d69a,11500000,3,True,Assets\Scripts\Assembly-CSharp\SpeedPoint.cs.meta
Assets\Scenes\Tracks\Kick Butt Track 2.unity,e996a18e58747bf538b26a7d9874aed9,11500000,3,True,Assets\Scripts\Assembly-CSharp\WaypointLogic.cs.meta
Assets\Scenes\Tracks\Kick Butt Track 2.unity,c67f46bd4e340aa7f64a8e2ae3c03a27,11500000,3,True,Assets\Scripts\Assembly-CSharp\ResetTrigger.cs.meta
Assets\Scenes\Tracks\Kick Butt Track 2.unity,e996a18e58747bf538b26a7d9874aed9,11500000,3,True,Assets\Scripts\Assembly-CSharp\WaypointLogic.cs.meta
Assets\Scenes\Tracks\Kick Butt Track 2.unity,540d7059364354e249f259edfef5d69a,11500000,3,True,Assets\Scripts\Assembly-CSharp\SpeedPoint.cs.meta
Assets\Scenes\Tracks\Kick Butt Track 2.unity,0b15208c8a5ae7ff1660a3585ad68237,11500000,3,True,Assets\Scripts\Assembly-CSharp\TerrainEffectTrigger.cs.meta
Assets\Scenes\Tracks\Kick Butt Track 2.unity,71c30d28ad73b040f6e74d951b378742,11500000,3,True,Assets\Scripts\Assembly-CSharp\ObjectTrackDistanceLogic.cs.meta
Assets\Scenes\Tracks\Kick Butt Track 2.unity,94873483e708f4fa4a57b3033bbbcc5d,11500000,3,True,Assets\Scripts\Assembly-CSharp\AnimatedTexture.cs.meta
Assets\Scenes\Tracks\Kick Butt Track 2.unity,0b15208c8a5ae7ff1660a3585ad68237,11500000,3,True,Assets\Scripts\Assembly-CSharp\TerrainEffectTrigger.cs.meta
Assets\Scenes\Tracks\Kick Butt Track 2.unity,71c30d28ad73b040f6e74d951b378742,11500000,3,True,Assets\Scripts\Assembly-CSharp\ObjectTrackDistanceLogic.cs.meta
Assets\Scenes\Tracks\Kick Butt Track 2.unity,94873483e708f4fa4a57b3033bbbcc5d,11500000,3,True,Assets\Scripts\Assembly-CSharp\AnimatedTexture.cs.meta
Assets\Scenes\Tracks\Kick Butt Track 2.unity,e996a18e58747bf538b26a7d9874aed9,11500000,3,True,Assets\Scripts\Assembly-CSharp\WaypointLogic.cs.meta
Assets\Scenes\Tracks\Kick Butt Track 2.unity,84dedd87b078241ae96d152250730014,11500000,3,True,Assets\Plugins\Assembly-CSharp-firstpass\UghSprite.cs.meta
Assets\Scenes\Tracks\Kick Butt Track 2.unity,e996a18e58747bf538b26a7d9874aed9,11500000,3,True,Assets\Scripts\Assembly-CSharp\WaypointLogic.cs.meta
Assets\Scenes\Tracks\Kick Butt Track 2.unity,e996a18e58747bf538b26a7d9874aed9,11500000,3,True,Assets\Scripts\Assembly-CSharp\WaypointLogic.cs.meta
Assets\Scenes\Tracks\Kick Butt Track 2.unity,e996a18e58747bf538b26a7d9874aed9,11500000,3,True,Assets\Scripts\Assembly-CSharp\WaypointLogic.cs.meta
Assets\Scenes\Tracks\Kick Butt Track 2.unity,b88ab20c864889e81141f2df8a116b5b,11500000,3,True,Assets\Plugins\Assembly-CSharp-firstpass\UghText.cs.meta
Assets\Scenes\Tracks\Kick Butt Track 2.unity,2a34636551cf3350f5140d5a69e778c8,11500000,3,True,Assets\Scripts\Assembly-CSharp\PyroTechnics.cs.meta
Assets\Scenes\Tracks\Kick Butt Track 2.unity,e996a18e58747bf538b26a7d9874aed9,11500000,3,True,Assets\Scripts\Assembly-CSharp\WaypointLogic.cs.meta
Assets\Scenes\Tracks\Kick Butt Track 2.unity,9b4892a27c501fc32d10289e8a2709d7,11500000,3,True,Assets\Scripts\Assembly-CSharp\CoinPoint.cs.meta
Assets\Scenes\Tracks\Kick Butt Track 2.unity,93a00b2df47c568d51d2e788e763d67e,11500000,3,True,Assets\Plugins\Assembly-CSharp-firstpass\UghCamera.cs.meta
Assets\Scenes\Tracks\Kick Butt Track 2.unity,b88ab20c864889e81141f2df8a116b5b,11500000,3,True,Assets\Plugins\Assembly-CSharp-firstpass\UghText.cs.meta
Assets\Scenes\Tracks\Kick Butt Track 2.unity,e996a18e58747bf538b26a7d9874aed9,11500000,3,True,Assets\Scripts\Assembly-CSharp\WaypointLogic.cs.meta
Assets\Scenes\Tracks\Kick Butt Track 2.unity,540d7059364354e249f259edfef5d69a,11500000,3,True,Assets\Scripts\Assembly-CSharp\SpeedPoint.cs.meta
Assets\Scenes\Tracks\Kick Butt Track 2.unity,b88ab20c864889e81141f2df8a116b5b,11500000,3,True,Assets\Plugins\Assembly-CSharp-firstpass\UghText.cs.meta
Assets\Scenes\Tracks\Kick Butt Track 2.unity,540d7059364354e249f259edfef5d69a,11500000,3,True,Assets\Scripts\Assembly-CSharp\SpeedPoint.cs.meta
Assets\Scenes\Tracks\Kick Butt Track 2.unity,80004b78694f1129edd555f7161356a9,11500000,3,True,Assets\Scripts\Assembly-CSharp\PickupSpawner.cs.meta
Assets\Scenes\Tracks\Kick Butt Track 2.unity,e996a18e58747bf538b26a7d9874aed9,11500000,3,True,Assets\Scripts\Assembly-CSharp\WaypointLogic.cs.meta
Assets\Scenes\Tracks\Kick Butt Track 2.unity,e996a18e58747bf538b26a7d9874aed9,11500000,3,True,Assets\Scripts\Assembly-CSharp\WaypointLogic.cs.meta
Assets\Scenes\Tracks\Kick Butt Track 2.unity,e996a18e58747bf538b26a7d9874aed9,11500000,3,True,Assets\Scripts\Assembly-CSharp\WaypointLogic.cs.meta
Assets\Scenes\Tracks\Kick Butt Track 2.unity,80004b78694f1129edd555f7161356a9,11500000,3,True,Assets\Scripts\Assembly-CSharp\PickupSpawner.cs.meta
Assets\Scenes\Tracks\Kick Butt Track 2.unity,540d7059364354e249f259edfef5d69a,11500000,3,True,Assets\Scripts\Assembly-CSharp\SpeedPoint.cs.meta
Assets\Scenes\Tracks\Kick Butt Track 2.unity,94873483e708f4fa4a57b3033bbbcc5d,11500000,3,True,Assets\Scripts\Assembly-CSharp\AnimatedTexture.cs.meta
Assets\Scenes\Tracks\Kick Butt Track 2.unity,0b15208c8a5ae7ff1660a3585ad68237,11500000,3,True,Assets\Scripts\Assembly-CSharp\TerrainEffectTrigger.cs.meta
Assets\Scenes\Tracks\Kick Butt Track 2.unity,71c30d28ad73b040f6e74d951b378742,11500000,3,True,Assets\Scripts\Assembly-CSharp\ObjectTrackDistanceLogic.cs.meta
Assets\Scenes\Tracks\Kick Butt Track 2.unity,5db77d8b07b73380826e12a6a2c9f105,11500000,3,True,Assets\Scripts\Assembly-CSharp\ParticleReducer.cs.meta
Assets\Scenes\Tracks\Kick Butt Track 2.unity,e171dc7613dc84903f6b62f321860d38,11500000,3,True,Assets\Plugins\Assembly-CSharp-firstpass\UghAlign.cs.meta
Assets\Scenes\Tracks\Kick Butt Track 2.unity,e996a18e58747bf538b26a7d9874aed9,11500000,3,True,Assets\Scripts\Assembly-CSharp\WaypointLogic.cs.meta
Assets\Scenes\Tracks\Kick Butt Track 2.unity,e996a18e58747bf538b26a7d9874aed9,11500000,3,True,Assets\Scripts\Assembly-CSharp\WaypointLogic.cs.meta
Assets\Scenes\Tracks\Kick Butt Track 2.unity,e996a18e58747bf538b26a7d9874aed9,11500000,3,True,Assets\Scripts\Assembly-CSharp\WaypointLogic.cs.meta
Assets\Scenes\Tracks\Kick Butt Track 2.unity,540d7059364354e249f259edfef5d69a,11500000,3,True,Assets\Scripts\Assembly-CSharp\SpeedPoint.cs.meta
Assets\Scenes\Tracks\Kick Butt Track 2.unity,e996a18e58747bf538b26a7d9874aed9,11500000,3,True,Assets\Scripts\Assembly-CSharp\WaypointLogic.cs.meta
Assets\Scenes\Tracks\Kick Butt Track 2.unity,e996a18e58747bf538b26a7d9874aed9,11500000,3,True,Assets\Scripts\Assembly-CSharp\WaypointLogic.cs.meta
Assets\Scenes\Tracks\Kick Butt Track 2.unity,5db77d8b07b73380826e12a6a2c9f105,11500000,3,True,Assets\Scripts\Assembly-CSharp\ParticleReducer.cs.meta
Assets\Scenes\Tracks\Kick Butt Track 2.unity,e996a18e58747bf538b26a7d9874aed9,11500000,3,True,Assets\Scripts\Assembly-CSharp\WaypointLogic.cs.meta
Assets\Scenes\Tracks\Kick Butt Track 2.unity,80004b78694f1129edd555f7161356a9,11500000,3,True,Assets\Scripts\Assembly-CSharp\PickupSpawner.cs.meta
Assets\Scenes\Tracks\Kick Butt Track 2.unity,e171dc7613dc84903f6b62f321860d38,11500000,3,True,Assets\Plugins\Assembly-CSharp-firstpass\UghAlign.cs.meta
Assets\Scenes\Tracks\Kick Butt Track 2.unity,e996a18e58747bf538b26a7d9874aed9,11500000,3,True,Assets\Scripts\Assembly-CSharp\WaypointLogic.cs.meta
Assets\Scenes\Tracks\Kick Butt Track 2.unity,540d7059364354e249f259edfef5d69a,11500000,3,True,Assets\Scripts\Assembly-CSharp\SpeedPoint.cs.meta
Assets\Scenes\Tracks\Kick Butt Track 2.unity,e996a18e58747bf538b26a7d9874aed9,11500000,3,True,Assets\Scripts\Assembly-CSharp\WaypointLogic.cs.meta
Assets\Scenes\Tracks\Kick Butt Track 2.unity,e996a18e58747bf538b26a7d9874aed9,11500000,3,True,Assets\Scripts\Assembly-CSharp\WaypointLogic.cs.meta
Assets\Scenes\Tracks\Kick Butt Track 2.unity,540d7059364354e249f259edfef5d69a,11500000,3,True,Assets\Scripts\Assembly-CSharp\SpeedPoint.cs.meta
Assets\Scenes\Tracks\Kick Butt Track 2.unity,e996a18e58747bf538b26a7d9874aed9,11500000,3,True,Assets\Scripts\Assembly-CSharp\WaypointLogic.cs.meta
Assets\Scenes\Tracks\Kick Butt Track 2.unity,8fcdaa4213aa6ec14c06f158bdb5d5ff,11500000,3,True,Assets\Scripts\Assembly-CSharp\LocalizedAssetSwapper.cs.meta
Assets\Scenes\Tracks\Kick Butt Track 2.unity,540d7059364354e249f259edfef5d69a,11500000,3,True,Assets\Scripts\Assembly-CSharp\SpeedPoint.cs.meta
Assets\Scenes\Tracks\Kick Butt Track 2.unity,9aff6dab5ca3915cdfebf86ad7fd0be7,11500000,3,True,Assets\Scripts\Assembly-CSharp\ExplodingBarrel.cs.meta
Assets\Scenes\Tracks\Kick Butt Track 3.unity,b88ab20c864889e81141f2df8a116b5b,11500000,3,True,Assets\Plugins\Assembly-CSharp-firstpass\UghText.cs.meta
Assets\Scenes\Tracks\Kick Butt Track 3.unity,540d7059364354e249f259edfef5d69a,11500000,3,True,Assets\Scripts\Assembly-CSharp\SpeedPoint.cs.meta
Assets\Scenes\Tracks\Kick Butt Track 3.unity,e996a18e58747bf538b26a7d9874aed9,11500000,3,True,Assets\Scripts\Assembly-CSharp\WaypointLogic.cs.meta
Assets\Scenes\Tracks\Kick Butt Track 3.unity,9aff6dab5ca3915cdfebf86ad7fd0be7,11500000,3,True,Assets\Scripts\Assembly-CSharp\ExplodingBarrel.cs.meta
Assets\Scenes\Tracks\Kick Butt Track 3.unity,540d7059364354e249f259edfef5d69a,11500000,3,True,Assets\Scripts\Assembly-CSharp\SpeedPoint.cs.meta
Assets\Scenes\Tracks\Kick Butt Track 3.unity,e996a18e58747bf538b26a7d9874aed9,11500000,3,True,Assets\Scripts\Assembly-CSharp\WaypointLogic.cs.meta
Assets\Scenes\Tracks\Kick Butt Track 3.unity,e996a18e58747bf538b26a7d9874aed9,11500000,3,True,Assets\Scripts\Assembly-CSharp\WaypointLogic.cs.meta
Assets\Scenes\Tracks\Kick Butt Track 3.unity,e171dc7613dc84903f6b62f321860d38,11500000,3,True,Assets\Plugins\Assembly-CSharp-firstpass\UghAlign.cs.meta
Assets\Scenes\Tracks\Kick Butt Track 3.unity,540d7059364354e249f259edfef5d69a,11500000,3,True,Assets\Scripts\Assembly-CSharp\SpeedPoint.cs.meta
Assets\Scenes\Tracks\Kick Butt Track 3.unity,540d7059364354e249f259edfef5d69a,11500000,3,True,Assets\Scripts\Assembly-CSharp\SpeedPoint.cs.meta
Assets\Scenes\Tracks\Kick Butt Track 3.unity,e996a18e58747bf538b26a7d9874aed9,11500000,3,True,Assets\Scripts\Assembly-CSharp\WaypointLogic.cs.meta
Assets\Scenes\Tracks\Kick Butt Track 3.unity,e996a18e58747bf538b26a7d9874aed9,11500000,3,True,Assets\Scripts\Assembly-CSharp\WaypointLogic.cs.meta
Assets\Scenes\Tracks\Kick Butt Track 3.unity,b88ab20c864889e81141f2df8a116b5b,11500000,3,True,Assets\Plugins\Assembly-CSharp-firstpass\UghText.cs.meta
Assets\Scenes\Tracks\Kick Butt Track 3.unity,540d7059364354e249f259edfef5d69a,11500000,3,True,Assets\Scripts\Assembly-CSharp\SpeedPoint.cs.meta
Assets\Scenes\Tracks\Kick Butt Track 3.unity,e996a18e58747bf538b26a7d9874aed9,11500000,3,True,Assets\Scripts\Assembly-CSharp\WaypointLogic.cs.meta
Assets\Scenes\Tracks\Kick Butt Track 3.unity,540d7059364354e249f259edfef5d69a,11500000,3,True,Assets\Scripts\Assembly-CSharp\SpeedPoint.cs.meta
Assets\Scenes\Tracks\Kick Butt Track 3.unity,e996a18e58747bf538b26a7d9874aed9,11500000,3,True,Assets\Scripts\Assembly-CSharp\WaypointLogic.cs.meta
Assets\Scenes\Tracks\Kick Butt Track 3.unity,94873483e708f4fa4a57b3033bbbcc5d,11500000,3,True,Assets\Scripts\Assembly-CSharp\AnimatedTexture.cs.meta
Assets\Scenes\Tracks\Kick Butt Track 3.unity,0b15208c8a5ae7ff1660a3585ad68237,11500000,3,True,Assets\Scripts\Assembly-CSharp\TerrainEffectTrigger.cs.meta
Assets\Scenes\Tracks\Kick Butt Track 3.unity,71c30d28ad73b040f6e74d951b378742,11500000,3,True,Assets\Scripts\Assembly-CSharp\ObjectTrackDistanceLogic.cs.meta
Assets\Scenes\Tracks\Kick Butt Track 3.unity,540d7059364354e249f259edfef5d69a,11500000,3,True,Assets\Scripts\Assembly-CSharp\SpeedPoint.cs.meta
Assets\Scenes\Tracks\Kick Butt Track 3.unity,540d7059364354e249f259edfef5d69a,11500000,3,True,Assets\Scripts\Assembly-CSharp\SpeedPoint.cs.meta
Assets\Scenes\Tracks\Kick Butt Track 3.unity,540d7059364354e249f259edfef5d69a,11500000,3,True,Assets\Scripts\Assembly-CSharp\SpeedPoint.cs.meta
Assets\Scenes\Tracks\Kick Butt Track 3.unity,540d7059364354e249f259edfef5d69a,11500000,3,True,Assets\Scripts\Assembly-CSharp\SpeedPoint.cs.meta
Assets\Scenes\Tracks\Kick Butt Track 3.unity,94873483e708f4fa4a57b3033bbbcc5d,11500000,3,True,Assets\Scripts\Assembly-CSharp\AnimatedTexture.cs.meta
Assets\Scenes\Tracks\Kick Butt Track 3.unity,0b15208c8a5ae7ff1660a3585ad68237,11500000,3,True,Assets\Scripts\Assembly-CSharp\TerrainEffectTrigger.cs.meta
Assets\Scenes\Tracks\Kick Butt Track 3.unity,71c30d28ad73b040f6e74d951b378742,11500000,3,True,Assets\Scripts\Assembly-CSharp\ObjectTrackDistanceLogic.cs.meta
Assets\Scenes\Tracks\Kick Butt Track 3.unity,410aef06036e22f327bf513834d3c8f7,11500000,3,True,Assets\Scripts\Assembly-CSharp\FollowCamera.cs.meta
Assets\Scenes\Tracks\Kick Butt Track 3.unity,30b411d090599ca49164a82da6acd001,11500000,3,True,Assets\Scripts\Assembly-CSharp\CameraShake.cs.meta
Assets\Scenes\Tracks\Kick Butt Track 3.unity,e171dc7613dc84903f6b62f321860d38,11500000,3,True,Assets\Plugins\Assembly-CSharp-firstpass\UghAlign.cs.meta
Assets\Scenes\Tracks\Kick Butt Track 3.unity,e33080df6ca488dc2ddb7522478f5e36,11500000,3,True,Assets\Scripts\Assembly-CSharp\SoundLibraryAddendum.cs.meta
Assets\Scenes\Tracks\Kick Butt Track 3.unity,e996a18e58747bf538b26a7d9874aed9,11500000,3,True,Assets\Scripts\Assembly-CSharp\WaypointLogic.cs.meta
Assets\Scenes\Tracks\Kick Butt Track 3.unity,e996a18e58747bf538b26a7d9874aed9,11500000,3,True,Assets\Scripts\Assembly-CSharp\WaypointLogic.cs.meta
Assets\Scenes\Tracks\Kick Butt Track 3.unity,540d7059364354e249f259edfef5d69a,11500000,3,True,Assets\Scripts\Assembly-CSharp\SpeedPoint.cs.meta
Assets\Scenes\Tracks\Kick Butt Track 3.unity,84dedd87b078241ae96d152250730014,11500000,3,True,Assets\Plugins\Assembly-CSharp-firstpass\UghSprite.cs.meta
Assets\Scenes\Tracks\Kick Butt Track 3.unity,e996a18e58747bf538b26a7d9874aed9,11500000,3,True,Assets\Scripts\Assembly-CSharp\WaypointLogic.cs.meta
Assets\Scenes\Tracks\Kick Butt Track 3.unity,540d7059364354e249f259edfef5d69a,11500000,3,True,Assets\Scripts\Assembly-CSharp\SpeedPoint.cs.meta
Assets\Scenes\Tracks\Kick Butt Track 3.unity,2a34636551cf3350f5140d5a69e778c8,11500000,3,True,Assets\Scripts\Assembly-CSharp\PyroTechnics.cs.meta
Assets\Scenes\Tracks\Kick Butt Track 3.unity,540d7059364354e249f259edfef5d69a,11500000,3,True,Assets\Scripts\Assembly-CSharp\SpeedPoint.cs.meta
Assets\Scenes\Tracks\Kick Butt Track 3.unity,e996a18e58747bf538b26a7d9874aed9,11500000,3,True,Assets\Scripts\Assembly-CSharp\WaypointLogic.cs.meta
Assets\Scenes\Tracks\Kick Butt Track 3.unity,e996a18e58747bf538b26a7d9874aed9,11500000,3,True,Assets\Scripts\Assembly-CSharp\WaypointLogic.cs.meta
Assets\Scenes\Tracks\Kick Butt Track 3.unity,e171dc7613dc84903f6b62f321860d38,11500000,3,True,Assets\Plugins\Assembly-CSharp-firstpass\UghAlign.cs.meta
Assets\Scenes\Tracks\Kick Butt Track 3.unity,e996a18e58747bf538b26a7d9874aed9,11500000,3,True,Assets\Scripts\Assembly-CSharp\WaypointLogic.cs.meta
Assets\Scenes\Tracks\Kick Butt Track 3.unity,540d7059364354e249f259edfef5d69a,11500000,3,True,Assets\Scripts\Assembly-CSharp\SpeedPoint.cs.meta
Assets\Scenes\Tracks\Kick Butt Track 3.unity,540d7059364354e249f259edfef5d69a,11500000,3,True,Assets\Scripts\Assembly-CSharp\SpeedPoint.cs.meta
Assets\Scenes\Tracks\Kick Butt Track 3.unity,540d7059364354e249f259edfef5d69a,11500000,3,True,Assets\Scripts\Assembly-CSharp\SpeedPoint.cs.meta
Assets\Scenes\Tracks\Kick Butt Track 3.unity,e996a18e58747bf538b26a7d9874aed9,11500000,3,True,Assets\Scripts\Assembly-CSharp\WaypointLogic.cs.meta
Assets\Scenes\Tracks\Kick Butt Track 3.unity,80004b78694f1129edd555f7161356a9,11500000,3,True,Assets\Scripts\Assembly-CSharp\PickupSpawner.cs.meta
Assets\Scenes\Tracks\Kick Butt Track 3.unity,7a1d7e408882e95bdbe76a76d6f51e1c,11500000,3,True,Assets\Plugins\Assembly-CSharp-firstpass\UghButton.cs.meta
Assets\Scenes\Tracks\Kick Butt Track 3.unity,e996a18e58747bf538b26a7d9874aed9,11500000,3,True,Assets\Scripts\Assembly-CSharp\WaypointLogic.cs.meta
Assets\Scenes\Tracks\Kick Butt Track 3.unity,94873483e708f4fa4a57b3033bbbcc5d,11500000,3,True,Assets\Scripts\Assembly-CSharp\AnimatedTexture.cs.meta
Assets\Scenes\Tracks\Kick Butt Track 3.unity,0b15208c8a5ae7ff1660a3585ad68237,11500000,3,True,Assets\Scripts\Assembly-CSharp\TerrainEffectTrigger.cs.meta
Assets\Scenes\Tracks\Kick Butt Track 3.unity,71c30d28ad73b040f6e74d951b378742,11500000,3,True,Assets\Scripts\Assembly-CSharp\ObjectTrackDistanceLogic.cs.meta
Assets\Scenes\Tracks\Kick Butt Track 3.unity,e996a18e58747bf538b26a7d9874aed9,11500000,3,True,Assets\Scripts\Assembly-CSharp\WaypointLogic.cs.meta
Assets\Scenes\Tracks\Kick Butt Track 3.unity,c67f46bd4e340aa7f64a8e2ae3c03a27,11500000,3,True,Assets\Scripts\Assembly-CSharp\ResetTrigger.cs.meta
Assets\Scenes\Tracks\Kick Butt Track 3.unity,80004b78694f1129edd555f7161356a9,11500000,3,True,Assets\Scripts\Assembly-CSharp\PickupSpawner.cs.meta
Assets\Scenes\Tracks\Kick Butt Track 3.unity,8fcdaa4213aa6ec14c06f158bdb5d5ff,11500000,3,True,Assets\Scripts\Assembly-CSharp\LocalizedAssetSwapper.cs.meta
Assets\Scenes\Tracks\Kick Butt Track 3.unity,540d7059364354e249f259edfef5d69a,11500000,3,True,Assets\Scripts\Assembly-CSharp\SpeedPoint.cs.meta
Assets\Scenes\Tracks\Kick Butt Track 3.unity,540d7059364354e249f259edfef5d69a,11500000,3,True,Assets\Scripts\Assembly-CSharp\SpeedPoint.cs.meta
Assets\Scenes\Tracks\Kick Butt Track 3.unity,84dedd87b078241ae96d152250730014,11500000,3,True,Assets\Plugins\Assembly-CSharp-firstpass\UghSprite.cs.meta
Assets\Scenes\Tracks\Kick Butt Track 3.unity,e171dc7613dc84903f6b62f321860d38,11500000,3,True,Assets\Plugins\Assembly-CSharp-firstpass\UghAlign.cs.meta
Assets\Scenes\Tracks\Kick Butt Track 3.unity,540d7059364354e249f259edfef5d69a,11500000,3,True,Assets\Scripts\Assembly-CSharp\SpeedPoint.cs.meta
Assets\Scenes\Tracks\Kick Butt Track 3.unity,e171dc7613dc84903f6b62f321860d38,11500000,3,True,Assets\Plugins\Assembly-CSharp-firstpass\UghAlign.cs.meta
Assets\Scenes\Tracks\Kick Butt Track 3.unity,540d7059364354e249f259edfef5d69a,11500000,3,True,Assets\Scripts\Assembly-CSharp\SpeedPoint.cs.meta
Assets\Scenes\Tracks\Kick Butt Track 3.unity,e996a18e58747bf538b26a7d9874aed9,11500000,3,True,Assets\Scripts\Assembly-CSharp\WaypointLogic.cs.meta
Assets\Scenes\Tracks\Kick Butt Track 3.unity,540d7059364354e249f259edfef5d69a,11500000,3,True,Assets\Scripts\Assembly-CSharp\SpeedPoint.cs.meta
Assets\Scenes\Tracks\Kick Butt Track 3.unity,e996a18e58747bf538b26a7d9874aed9,11500000,3,True,Assets\Scripts\Assembly-CSharp\WaypointLogic.cs.meta
Assets\Scenes\Tracks\Kick Butt Track 3.unity,540d7059364354e249f259edfef5d69a,11500000,3,True,Assets\Scripts\Assembly-CSharp\SpeedPoint.cs.meta
Assets\Scenes\Tracks\Kick Butt Track 3.unity,540d7059364354e249f259edfef5d69a,11500000,3,True,Assets\Scripts\Assembly-CSharp\SpeedPoint.cs.meta
Assets\Scenes\Tracks\Kick Butt Track 3.unity,e996a18e58747bf538b26a7d9874aed9,11500000,3,True,Assets\Scripts\Assembly-CSharp\WaypointLogic.cs.meta
Assets\Scenes\Tracks\Kick Butt Track 3.unity,540d7059364354e249f259edfef5d69a,11500000,3,True,Assets\Scripts\Assembly-CSharp\SpeedPoint.cs.meta
Assets\Scenes\Tracks\Kick Butt Track 3.unity,e996a18e58747bf538b26a7d9874aed9,11500000,3,True,Assets\Scripts\Assembly-CSharp\WaypointLogic.cs.meta
Assets\Scenes\Tracks\Kick Butt Track 3.unity,540d7059364354e249f259edfef5d69a,11500000,3,True,Assets\Scripts\Assembly-CSharp\SpeedPoint.cs.meta
Assets\Scenes\Tracks\Kick Butt Track 3.unity,e996a18e58747bf538b26a7d9874aed9,11500000,3,True,Assets\Scripts\Assembly-CSharp\WaypointLogic.cs.meta
Assets\Scenes\Tracks\Kick Butt Track 3.unity,94873483e708f4fa4a57b3033bbbcc5d,11500000,3,True,Assets\Scripts\Assembly-CSharp\AnimatedTexture.cs.meta
Assets\Scenes\Tracks\Kick Butt Track 3.unity,0b15208c8a5ae7ff1660a3585ad68237,11500000,3,True,Assets\Scripts\Assembly-CSharp\TerrainEffectTrigger.cs.meta
Assets\Scenes\Tracks\Kick Butt Track 3.unity,71c30d28ad73b040f6e74d951b378742,11500000,3,True,Assets\Scripts\Assembly-CSharp\ObjectTrackDistanceLogic.cs.meta
Assets\Scenes\Tracks\Kick Butt Track 3.unity,9b4892a27c501fc32d10289e8a2709d7,11500000,3,True,Assets\Scripts\Assembly-CSharp\CoinPoint.cs.meta
Assets\Scenes\Tracks\Kick Butt Track 3.unity,7a1d7e408882e95bdbe76a76d6f51e1c,11500000,3,True,Assets\Plugins\Assembly-CSharp-firstpass\UghButton.cs.meta
Assets\Scenes\Tracks\Kick Butt Track 3.unity,a5927ab13b8fd57ed5089057e948c6a8,11500000,3,True,Assets\Scripts\Assembly-CSharp\ProgressTriggerLogic.cs.meta
Assets\Scenes\Tracks\Kick Butt Track 3.unity,540d7059364354e249f259edfef5d69a,11500000,3,True,Assets\Scripts\Assembly-CSharp\SpeedPoint.cs.meta
Assets\Scenes\Tracks\Kick Butt Track 3.unity,540d7059364354e249f259edfef5d69a,11500000,3,True,Assets\Scripts\Assembly-CSharp\SpeedPoint.cs.meta
Assets\Scenes\Tracks\Kick Butt Track 3.unity,e996a18e58747bf538b26a7d9874aed9,11500000,3,True,Assets\Scripts\Assembly-CSharp\WaypointLogic.cs.meta
Assets\Scenes\Tracks\Kick Butt Track 3.unity,e996a18e58747bf538b26a7d9874aed9,11500000,3,True,Assets\Scripts\Assembly-CSharp\WaypointLogic.cs.meta
Assets\Scenes\Tracks\Kick Butt Track 3.unity,540d7059364354e249f259edfef5d69a,11500000,3,True,Assets\Scripts\Assembly-CSharp\SpeedPoint.cs.meta
Assets\Scenes\Tracks\Kick Butt Track 3.unity,540d7059364354e249f259edfef5d69a,11500000,3,True,Assets\Scripts\Assembly-CSharp\SpeedPoint.cs.meta
Assets\Scenes\Tracks\Kick Butt Track 3.unity,540d7059364354e249f259edfef5d69a,11500000,3,True,Assets\Scripts\Assembly-CSharp\SpeedPoint.cs.meta
Assets\Scenes\Tracks\Kick Butt Track 3.unity,71c30d28ad73b040f6e74d951b378742,11500000,3,True,Assets\Scripts\Assembly-CSharp\ObjectTrackDistanceLogic.cs.meta
Assets\Scenes\Tracks\Kick Butt Track 3.unity,0b15208c8a5ae7ff1660a3585ad68237,11500000,3,True,Assets\Scripts\Assembly-CSharp\TerrainEffectTrigger.cs.meta
Assets\Scenes\Tracks\Kick Butt Track 3.unity,94873483e708f4fa4a57b3033bbbcc5d,11500000,3,True,Assets\Scripts\Assembly-CSharp\AnimatedTexture.cs.meta
Assets\Scenes\Tracks\Kick Butt Track 3.unity,80004b78694f1129edd555f7161356a9,11500000,3,True,Assets\Scripts\Assembly-CSharp\PickupSpawner.cs.meta
Assets\Scenes\Tracks\Kick Butt Track 3.unity,e996a18e58747bf538b26a7d9874aed9,11500000,3,True,Assets\Scripts\Assembly-CSharp\WaypointLogic.cs.meta
Assets\Scenes\Tracks\Kick Butt Track 3.unity,540d7059364354e249f259edfef5d69a,11500000,3,True,Assets\Scripts\Assembly-CSharp\SpeedPoint.cs.meta
Assets\Scenes\Tracks\Kick Butt Track 3.unity,e996a18e58747bf538b26a7d9874aed9,11500000,3,True,Assets\Scripts\Assembly-CSharp\WaypointLogic.cs.meta
Assets\Scenes\Tracks\Kick Butt Track 3.unity,e996a18e58747bf538b26a7d9874aed9,11500000,3,True,Assets\Scripts\Assembly-CSharp\WaypointLogic.cs.meta
Assets\Scenes\Tracks\Kick Butt Track 3.unity,84dedd87b078241ae96d152250730014,11500000,3,True,Assets\Plugins\Assembly-CSharp-firstpass\UghSprite.cs.meta
Assets\Scenes\Tracks\Kick Butt Track 3.unity,acaf138463e14d81a04866c56f233523,11500000,3,True,Assets\Scripts\Assembly-CSharp\DriftButton.cs.meta
Assets\Scenes\Tracks\Kick Butt Track 3.unity,540d7059364354e249f259edfef5d69a,11500000,3,True,Assets\Scripts\Assembly-CSharp\SpeedPoint.cs.meta
Assets\Scenes\Tracks\Kick Butt Track 3.unity,540d7059364354e249f259edfef5d69a,11500000,3,True,Assets\Scripts\Assembly-CSharp\SpeedPoint.cs.meta
Assets\Scenes\Tracks\Kick Butt Track 3.unity,80004b78694f1129edd555f7161356a9,11500000,3,True,Assets\Scripts\Assembly-CSharp\PickupSpawner.cs.meta
Assets\Scenes\Tracks\Kick Butt Track 3.unity,9b4892a27c501fc32d10289e8a2709d7,11500000,3,True,Assets\Scripts\Assembly-CSharp\CoinPoint.cs.meta
Assets\Scenes\Tracks\Kick Butt Track 3.unity,540d7059364354e249f259edfef5d69a,11500000,3,True,Assets\Scripts\Assembly-CSharp\SpeedPoint.cs.meta
Assets\Scenes\Tracks\Kick Butt Track 3.unity,540d7059364354e249f259edfef5d69a,11500000,3,True,Assets\Scripts\Assembly-CSharp\SpeedPoint.cs.meta
Assets\Scenes\Tracks\Kick Butt Track 3.unity,e996a18e58747bf538b26a7d9874aed9,11500000,3,True,Assets\Scripts\Assembly-CSharp\WaypointLogic.cs.meta
Assets\Scenes\Tracks\Kick Butt Track 3.unity,e996a18e58747bf538b26a7d9874aed9,11500000,3,True,Assets\Scripts\Assembly-CSharp\WaypointLogic.cs.meta
Assets\Scenes\Tracks\Kick Butt Track 3.unity,540d7059364354e249f259edfef5d69a,11500000,3,True,Assets\Scripts\Assembly-CSharp\SpeedPoint.cs.meta
Assets\Scenes\Tracks\Kick Butt Track 3.unity,540d7059364354e249f259edfef5d69a,11500000,3,True,Assets\Scripts\Assembly-CSharp\SpeedPoint.cs.meta
Assets\Scenes\Tracks\Kick Butt Track 3.unity,540d7059364354e249f259edfef5d69a,11500000,3,True,Assets\Scripts\Assembly-CSharp\SpeedPoint.cs.meta
Assets\Scenes\Tracks\Kick Butt Track 3.unity,e996a18e58747bf538b26a7d9874aed9,11500000,3,True,Assets\Scripts\Assembly-CSharp\WaypointLogic.cs.meta
Assets\Scenes\Tracks\Kick Butt Track 3.unity,540d7059364354e249f259edfef5d69a,11500000,3,True,Assets\Scripts\Assembly-CSharp\SpeedPoint.cs.meta
Assets\Scenes\Tracks\Kick Butt Track 3.unity,80004b78694f1129edd555f7161356a9,11500000,3,True,Assets\Scripts\Assembly-CSharp\PickupSpawner.cs.meta
Assets\Scenes\Tracks\Kick Butt Track 3.unity,9aff6dab5ca3915cdfebf86ad7fd0be7,11500000,3,True,Assets\Scripts\Assembly-CSharp\ExplodingBarrel.cs.meta
Assets\Scenes\Tracks\Kick Butt Track 3.unity,e996a18e58747bf538b26a7d9874aed9,11500000,3,True,Assets\Scripts\Assembly-CSharp\WaypointLogic.cs.meta
Assets\Scenes\Tracks\Kick Butt Track 3.unity,80004b78694f1129edd555f7161356a9,11500000,3,True,Assets\Scripts\Assembly-CSharp\PickupSpawner.cs.meta
Assets\Scenes\Tracks\Kick Butt Track 3.unity,5db77d8b07b73380826e12a6a2c9f105,11500000,3,True,Assets\Scripts\Assembly-CSharp\ParticleReducer.cs.meta
Assets\Scenes\Tracks\Kick Butt Track 3.unity,80004b78694f1129edd555f7161356a9,11500000,3,True,Assets\Scripts\Assembly-CSharp\PickupSpawner.cs.meta
Assets\Scenes\Tracks\Kick Butt Track 3.unity,e996a18e58747bf538b26a7d9874aed9,11500000,3,True,Assets\Scripts\Assembly-CSharp\WaypointLogic.cs.meta
Assets\Scenes\Tracks\Kick Butt Track 3.unity,7a1d7e408882e95bdbe76a76d6f51e1c,11500000,3,True,Assets\Plugins\Assembly-CSharp-firstpass\UghButton.cs.meta
Assets\Scenes\Tracks\Kick Butt Track 3.unity,540d7059364354e249f259edfef5d69a,11500000,3,True,Assets\Scripts\Assembly-CSharp\SpeedPoint.cs.meta
Assets\Scenes\Tracks\Kick Butt Track 3.unity,84dedd87b078241ae96d152250730014,11500000,3,True,Assets\Plugins\Assembly-CSharp-firstpass\UghSprite.cs.meta
Assets\Scenes\Tracks\Kick Butt Track 3.unity,540d7059364354e249f259edfef5d69a,11500000,3,True,Assets\Scripts\Assembly-CSharp\SpeedPoint.cs.meta
Assets\Scenes\Tracks\Kick Butt Track 3.unity,0b15208c8a5ae7ff1660a3585ad68237,11500000,3,True,Assets\Scripts\Assembly-CSharp\TerrainEffectTrigger.cs.meta
Assets\Scenes\Tracks\Kick Butt Track 3.unity,e996a18e58747bf538b26a7d9874aed9,11500000,3,True,Assets\Scripts\Assembly-CSharp\WaypointLogic.cs.meta
Assets\Scenes\Tracks\Kick Butt Track 3.unity,80004b78694f1129edd555f7161356a9,11500000,3,True,Assets\Scripts\Assembly-CSharp\PickupSpawner.cs.meta
Assets\Scenes\Tracks\Kick Butt Track 3.unity,540d7059364354e249f259edfef5d69a,11500000,3,True,Assets\Scripts\Assembly-CSharp\SpeedPoint.cs.meta
Assets\Scenes\Tracks\Kick Butt Track 3.unity,9aff6dab5ca3915cdfebf86ad7fd0be7,11500000,3,True,Assets\Scripts\Assembly-CSharp\ExplodingBarrel.cs.meta
Assets\Scenes\Tracks\Kick Butt Track 3.unity,054475368ac70ce39f51fab67e0d6080,11500000,3,True,Assets\Scripts\Assembly-CSharp\ReverseButton.cs.meta
Assets\Scenes\Tracks\Kick Butt Track 3.unity,e996a18e58747bf538b26a7d9874aed9,11500000,3,True,Assets\Scripts\Assembly-CSharp\WaypointLogic.cs.meta
Assets\Scenes\Tracks\Kick Butt Track 3.unity,80004b78694f1129edd555f7161356a9,11500000,3,True,Assets\Scripts\Assembly-CSharp\PickupSpawner.cs.meta
Assets\Scenes\Tracks\Kick Butt Track 3.unity,e996a18e58747bf538b26a7d9874aed9,11500000,3,True,Assets\Scripts\Assembly-CSharp\WaypointLogic.cs.meta
Assets\Scenes\Tracks\Kick Butt Track 3.unity,bff3ff0615018e2390611cf8599cbaeb,11500000,3,True,Assets\Scripts\Assembly-CSharp\ScreenFader.cs.meta
Assets\Scenes\Tracks\Kick Butt Track 3.unity,84dedd87b078241ae96d152250730014,11500000,3,True,Assets\Plugins\Assembly-CSharp-firstpass\UghSprite.cs.meta
Assets\Scenes\Tracks\Kick Butt Track 3.unity,540d7059364354e249f259edfef5d69a,11500000,3,True,Assets\Scripts\Assembly-CSharp\SpeedPoint.cs.meta
Assets\Scenes\Tracks\Kick Butt Track 3.unity,84dedd87b078241ae96d152250730014,11500000,3,True,Assets\Plugins\Assembly-CSharp-firstpass\UghSprite.cs.meta
Assets\Scenes\Tracks\Kick Butt Track 3.unity,540d7059364354e249f259edfef5d69a,11500000,3,True,Assets\Scripts\Assembly-CSharp\SpeedPoint.cs.meta
Assets\Scenes\Tracks\Kick Butt Track 3.unity,e996a18e58747bf538b26a7d9874aed9,11500000,3,True,Assets\Scripts\Assembly-CSharp\WaypointLogic.cs.meta
Assets\Scenes\Tracks\Kick Butt Track 3.unity,e996a18e58747bf538b26a7d9874aed9,11500000,3,True,Assets\Scripts\Assembly-CSharp\WaypointLogic.cs.meta
Assets\Scenes\Tracks\Kick Butt Track 3.unity,540d7059364354e249f259edfef5d69a,11500000,3,True,Assets\Scripts\Assembly-CSharp\SpeedPoint.cs.meta
Assets\Scenes\Tracks\Kick Butt Track 3.unity,5db77d8b07b73380826e12a6a2c9f105,11500000,3,True,Assets\Scripts\Assembly-CSharp\ParticleReducer.cs.meta
Assets\Scenes\Tracks\Kick Butt Track 3.unity,e996a18e58747bf538b26a7d9874aed9,11500000,3,True,Assets\Scripts\Assembly-CSharp\WaypointLogic.cs.meta
Assets\Scenes\Tracks\Kick Butt Track 3.unity,a5927ab13b8fd57ed5089057e948c6a8,11500000,3,True,Assets\Scripts\Assembly-CSharp\ProgressTriggerLogic.cs.meta
Assets\Scenes\Tracks\Kick Butt Track 3.unity,540d7059364354e249f259edfef5d69a,11500000,3,True,Assets\Scripts\Assembly-CSharp\SpeedPoint.cs.meta
Assets\Scenes\Tracks\Kick Butt Track 3.unity,e996a18e58747bf538b26a7d9874aed9,11500000,3,True,Assets\Scripts\Assembly-CSharp\WaypointLogic.cs.meta
Assets\Scenes\Tracks\Kick Butt Track 3.unity,540d7059364354e249f259edfef5d69a,11500000,3,True,Assets\Scripts\Assembly-CSharp\SpeedPoint.cs.meta
Assets\Scenes\Tracks\Kick Butt Track 3.unity,0b15208c8a5ae7ff1660a3585ad68237,11500000,3,True,Assets\Scripts\Assembly-CSharp\TerrainEffectTrigger.cs.meta
Assets\Scenes\Tracks\Kick Butt Track 3.unity,e996a18e58747bf538b26a7d9874aed9,11500000,3,True,Assets\Scripts\Assembly-CSharp\WaypointLogic.cs.meta
Assets\Scenes\Tracks\Kick Butt Track 3.unity,540d7059364354e249f259edfef5d69a,11500000,3,True,Assets\Scripts\Assembly-CSharp\SpeedPoint.cs.meta
Assets\Scenes\Tracks\Kick Butt Track 3.unity,e996a18e58747bf538b26a7d9874aed9,11500000,3,True,Assets\Scripts\Assembly-CSharp\WaypointLogic.cs.meta
Assets\Scenes\Tracks\Kick Butt Track 3.unity,540d7059364354e249f259edfef5d69a,11500000,3,True,Assets\Scripts\Assembly-CSharp\SpeedPoint.cs.meta
Assets\Scenes\Tracks\Kick Butt Track 3.unity,540d7059364354e249f259edfef5d69a,11500000,3,True,Assets\Scripts\Assembly-CSharp\SpeedPoint.cs.meta
Assets\Scenes\Tracks\Kick Butt Track 3.unity,0b15208c8a5ae7ff1660a3585ad68237,11500000,3,True,Assets\Scripts\Assembly-CSharp\TerrainEffectTrigger.cs.meta
Assets\Scenes\Tracks\Kick Butt Track 3.unity,b88ab20c864889e81141f2df8a116b5b,11500000,3,True,Assets\Plugins\Assembly-CSharp-firstpass\UghText.cs.meta
Assets\Scenes\Tracks\Kick Butt Track 3.unity,540d7059364354e249f259edfef5d69a,11500000,3,True,Assets\Scripts\Assembly-CSharp\SpeedPoint.cs.meta
Assets\Scenes\Tracks\Kick Butt Track 3.unity,2d217cf7310cb33e8ef103f1af340700,11500000,3,True,Assets\Scripts\Assembly-CSharp\BlipTrackPublisher.cs.meta
Assets\Scenes\Tracks\Kick Butt Track 3.unity,e996a18e58747bf538b26a7d9874aed9,11500000,3,True,Assets\Scripts\Assembly-CSharp\WaypointLogic.cs.meta
Assets\Scenes\Tracks\Kick Butt Track 3.unity,e996a18e58747bf538b26a7d9874aed9,11500000,3,True,Assets\Scripts\Assembly-CSharp\WaypointLogic.cs.meta
Assets\Scenes\Tracks\Kick Butt Track 3.unity,e996a18e58747bf538b26a7d9874aed9,11500000,3,True,Assets\Scripts\Assembly-CSharp\WaypointLogic.cs.meta
Assets\Scenes\Tracks\Kick Butt Track 3.unity,84dedd87b078241ae96d152250730014,11500000,3,True,Assets\Plugins\Assembly-CSharp-firstpass\UghSprite.cs.meta
Assets\Scenes\Tracks\Kick Butt Track 3.unity,2a34636551cf3350f5140d5a69e778c8,11500000,3,True,Assets\Scripts\Assembly-CSharp\PyroTechnics.cs.meta
Assets\Scenes\Tracks\Kick Butt Track 3.unity,540d7059364354e249f259edfef5d69a,11500000,3,True,Assets\Scripts\Assembly-CSharp\SpeedPoint.cs.meta
Assets\Scenes\Tracks\Kick Butt Track 3.unity,a0737a721fe39abadd36e3afa32dd1f7,11500000,3,True,Assets\Scripts\Assembly-CSharp\CarAIPathManager.cs.meta
Assets\Scenes\Tracks\Kick Butt Track 3.unity,e996a18e58747bf538b26a7d9874aed9,11500000,3,True,Assets\Scripts\Assembly-CSharp\WaypointLogic.cs.meta
Assets\Scenes\Tracks\Kick Butt Track 3.unity,e996a18e58747bf538b26a7d9874aed9,11500000,3,True,Assets\Scripts\Assembly-CSharp\WaypointLogic.cs.meta
Assets\Scenes\Tracks\Kick Butt Track 3.unity,0b15208c8a5ae7ff1660a3585ad68237,11500000,3,True,Assets\Scripts\Assembly-CSharp\TerrainEffectTrigger.cs.meta
Assets\Scenes\Tracks\Kick Butt Track 3.unity,246f7afd4c00a9e3e9edfd9f644012c9,11500000,3,True,Assets\Scripts\Assembly-CSharp\DebugTrackStrapper.cs.meta
Assets\Scenes\Tracks\Kick Butt Track 3.unity,e996a18e58747bf538b26a7d9874aed9,11500000,3,True,Assets\Scripts\Assembly-CSharp\WaypointLogic.cs.meta
Assets\Scenes\Tracks\Kick Butt Track 3.unity,e996a18e58747bf538b26a7d9874aed9,11500000,3,True,Assets\Scripts\Assembly-CSharp\WaypointLogic.cs.meta
Assets\Scenes\Tracks\Kick Butt Track 3.unity,e996a18e58747bf538b26a7d9874aed9,11500000,3,True,Assets\Scripts\Assembly-CSharp\WaypointLogic.cs.meta
Assets\Scenes\Tracks\Kick Butt Track 3.unity,0b15208c8a5ae7ff1660a3585ad68237,11500000,3,True,Assets\Scripts\Assembly-CSharp\TerrainEffectTrigger.cs.meta
Assets\Scenes\Tracks\Kick Butt Track 3.unity,540d7059364354e249f259edfef5d69a,11500000,3,True,Assets\Scripts\Assembly-CSharp\SpeedPoint.cs.meta
Assets\Scenes\Tracks\Kick Butt Track 3.unity,540d7059364354e249f259edfef5d69a,11500000,3,True,Assets\Scripts\Assembly-CSharp\SpeedPoint.cs.meta
Assets\Scenes\Tracks\Kick Butt Track 3.unity,540d7059364354e249f259edfef5d69a,11500000,3,True,Assets\Scripts\Assembly-CSharp\SpeedPoint.cs.meta
Assets\Scenes\Tracks\Kick Butt Track 3.unity,540d7059364354e249f259edfef5d69a,11500000,3,True,Assets\Scripts\Assembly-CSharp\SpeedPoint.cs.meta
Assets\Scenes\Tracks\Kick Butt Track 3.unity,540d7059364354e249f259edfef5d69a,11500000,3,True,Assets\Scripts\Assembly-CSharp\SpeedPoint.cs.meta
Assets\Scenes\Tracks\Kick Butt Track 3.unity,e996a18e58747bf538b26a7d9874aed9,11500000,3,True,Assets\Scripts\Assembly-CSharp\WaypointLogic.cs.meta
Assets\Scenes\Tracks\Kick Butt Track 3.unity,e996a18e58747bf538b26a7d9874aed9,11500000,3,True,Assets\Scripts\Assembly-CSharp\WaypointLogic.cs.meta
Assets\Scenes\Tracks\Kick Butt Track 3.unity,540d7059364354e249f259edfef5d69a,11500000,3,True,Assets\Scripts\Assembly-CSharp\SpeedPoint.cs.meta
Assets\Scenes\Tracks\Kick Butt Track 3.unity,e996a18e58747bf538b26a7d9874aed9,11500000,3,True,Assets\Scripts\Assembly-CSharp\WaypointLogic.cs.meta
Assets\Scenes\Tracks\Kick Butt Track 3.unity,540d7059364354e249f259edfef5d69a,11500000,3,True,Assets\Scripts\Assembly-CSharp\SpeedPoint.cs.meta
Assets\Scenes\Tracks\Kick Butt Track 3.unity,e996a18e58747bf538b26a7d9874aed9,11500000,3,True,Assets\Scripts\Assembly-CSharp\WaypointLogic.cs.meta
Assets\Scenes\Tracks\Kick Butt Track 3.unity,540d7059364354e249f259edfef5d69a,11500000,3,True,Assets\Scripts\Assembly-CSharp\SpeedPoint.cs.meta
Assets\Scenes\Tracks\Kick Butt Track 3.unity,e33080df6ca488dc2ddb7522478f5e36,11500000,3,True,Assets\Scripts\Assembly-CSharp\SoundLibraryAddendum.cs.meta
Assets\Scenes\Tracks\Kick Butt Track 3.unity,e996a18e58747bf538b26a7d9874aed9,11500000,3,True,Assets\Scripts\Assembly-CSharp\WaypointLogic.cs.meta
Assets\Scenes\Tracks\Kick Butt Track 3.unity,94873483e708f4fa4a57b3033bbbcc5d,11500000,3,True,Assets\Scripts\Assembly-CSharp\AnimatedTexture.cs.meta
Assets\Scenes\Tracks\Kick Butt Track 3.unity,0b15208c8a5ae7ff1660a3585ad68237,11500000,3,True,Assets\Scripts\Assembly-CSharp\TerrainEffectTrigger.cs.meta
Assets\Scenes\Tracks\Kick Butt Track 3.unity,71c30d28ad73b040f6e74d951b378742,11500000,3,True,Assets\Scripts\Assembly-CSharp\ObjectTrackDistanceLogic.cs.meta
Assets\Scenes\Tracks\Kick Butt Track 3.unity,e996a18e58747bf538b26a7d9874aed9,11500000,3,True,Assets\Scripts\Assembly-CSharp\WaypointLogic.cs.meta
Assets\Scenes\Tracks\Kick Butt Track 3.unity,540d7059364354e249f259edfef5d69a,11500000,3,True,Assets\Scripts\Assembly-CSharp\SpeedPoint.cs.meta
Assets\Scenes\Tracks\Kick Butt Track 3.unity,e996a18e58747bf538b26a7d9874aed9,11500000,3,True,Assets\Scripts\Assembly-CSharp\WaypointLogic.cs.meta
Assets\Scenes\Tracks\Kick Butt Track 3.unity,5db77d8b07b73380826e12a6a2c9f105,11500000,3,True,Assets\Scripts\Assembly-CSharp\ParticleReducer.cs.meta
Assets\Scenes\Tracks\Kick Butt Track 3.unity,0b15208c8a5ae7ff1660a3585ad68237,11500000,3,True,Assets\Scripts\Assembly-CSharp\TerrainEffectTrigger.cs.meta
Assets\Scenes\Tracks\Kick Butt Track 3.unity,540d7059364354e249f259edfef5d69a,11500000,3,True,Assets\Scripts\Assembly-CSharp\SpeedPoint.cs.meta
Assets\Scenes\Tracks\Kick Butt Track 3.unity,540d7059364354e249f259edfef5d69a,11500000,3,True,Assets\Scripts\Assembly-CSharp\SpeedPoint.cs.meta
Assets\Scenes\Tracks\Kick Butt Track 3.unity,e996a18e58747bf538b26a7d9874aed9,11500000,3,True,Assets\Scripts\Assembly-CSharp\WaypointLogic.cs.meta
Assets\Scenes\Tracks\Kick Butt Track 3.unity,540d7059364354e249f259edfef5d69a,11500000,3,True,Assets\Scripts\Assembly-CSharp\SpeedPoint.cs.meta
Assets\Scenes\Tracks\Kick Butt Track 3.unity,e996a18e58747bf538b26a7d9874aed9,11500000,3,True,Assets\Scripts\Assembly-CSharp\WaypointLogic.cs.meta
Assets\Scenes\Tracks\Kick Butt Track 3.unity,540d7059364354e249f259edfef5d69a,11500000,3,True,Assets\Scripts\Assembly-CSharp\SpeedPoint.cs.meta
Assets\Scenes\Tracks\Kick Butt Track 3.unity,e996a18e58747bf538b26a7d9874aed9,11500000,3,True,Assets\Scripts\Assembly-CSharp\WaypointLogic.cs.meta
Assets\Scenes\Tracks\Kick Butt Track 3.unity,e996a18e58747bf538b26a7d9874aed9,11500000,3,True,Assets\Scripts\Assembly-CSharp\WaypointLogic.cs.meta
Assets\Scenes\Tracks\Kick Butt Track 3.unity,540d7059364354e249f259edfef5d69a,11500000,3,True,Assets\Scripts\Assembly-CSharp\SpeedPoint.cs.meta
Assets\Scenes\Tracks\Kick Butt Track 3.unity,e996a18e58747bf538b26a7d9874aed9,11500000,3,True,Assets\Scripts\Assembly-CSharp\WaypointLogic.cs.meta
Assets\Scenes\Tracks\Kick Butt Track 3.unity,e996a18e58747bf538b26a7d9874aed9,11500000,3,True,Assets\Scripts\Assembly-CSharp\WaypointLogic.cs.meta
Assets\Scenes\Tracks\Kick Butt Track 3.unity,9b4892a27c501fc32d10289e8a2709d7,11500000,3,True,Assets\Scripts\Assembly-CSharp\CoinPoint.cs.meta
Assets\Scenes\Tracks\Kick Butt Track 3.unity,71c30d28ad73b040f6e74d951b378742,11500000,3,True,Assets\Scripts\Assembly-CSharp\ObjectTrackDistanceLogic.cs.meta
Assets\Scenes\Tracks\Kick Butt Track 3.unity,0b15208c8a5ae7ff1660a3585ad68237,11500000,3,True,Assets\Scripts\Assembly-CSharp\TerrainEffectTrigger.cs.meta
Assets\Scenes\Tracks\Kick Butt Track 3.unity,94873483e708f4fa4a57b3033bbbcc5d,11500000,3,True,Assets\Scripts\Assembly-CSharp\AnimatedTexture.cs.meta
Assets\Scenes\Tracks\Kick Butt Track 3.unity,540d7059364354e249f259edfef5d69a,11500000,3,True,Assets\Scripts\Assembly-CSharp\SpeedPoint.cs.meta
Assets\Scenes\Tracks\Kick Butt Track 3.unity,540d7059364354e249f259edfef5d69a,11500000,3,True,Assets\Scripts\Assembly-CSharp\SpeedPoint.cs.meta
Assets\Scenes\Tracks\Kick Butt Track 3.unity,540d7059364354e249f259edfef5d69a,11500000,3,True,Assets\Scripts\Assembly-CSharp\SpeedPoint.cs.meta
Assets\Scenes\Tracks\Kick Butt Track 3.unity,540d7059364354e249f259edfef5d69a,11500000,3,True,Assets\Scripts\Assembly-CSharp\SpeedPoint.cs.meta
Assets\Scenes\Tracks\Kick Butt Track 3.unity,80004b78694f1129edd555f7161356a9,11500000,3,True,Assets\Scripts\Assembly-CSharp\PickupSpawner.cs.meta
Assets\Scenes\Tracks\Kick Butt Track 3.unity,e996a18e58747bf538b26a7d9874aed9,11500000,3,True,Assets\Scripts\Assembly-CSharp\WaypointLogic.cs.meta
Assets\Scenes\Tracks\Kick Butt Track 3.unity,84dedd87b078241ae96d152250730014,11500000,3,True,Assets\Plugins\Assembly-CSharp-firstpass\UghSprite.cs.meta
Assets\Scenes\Tracks\Kick Butt Track 3.unity,222969e5f509aca8e5d482c6c17f2a47,11500000,3,True,Assets\Scripts\Assembly-CSharp\HUDLogic.cs.meta
Assets\Scenes\Tracks\Kick Butt Track 3.unity,e996a18e58747bf538b26a7d9874aed9,11500000,3,True,Assets\Scripts\Assembly-CSharp\WaypointLogic.cs.meta
Assets\Scenes\Tracks\Kick Butt Track 3.unity,9aff6dab5ca3915cdfebf86ad7fd0be7,11500000,3,True,Assets\Scripts\Assembly-CSharp\ExplodingBarrel.cs.meta
Assets\Scenes\Tracks\Kick Butt Track 3.unity,5db77d8b07b73380826e12a6a2c9f105,11500000,3,True,Assets\Scripts\Assembly-CSharp\ParticleReducer.cs.meta
Assets\Scenes\Tracks\Kick Butt Track 3.unity,e996a18e58747bf538b26a7d9874aed9,11500000,3,True,Assets\Scripts\Assembly-CSharp\WaypointLogic.cs.meta
Assets\Scenes\Tracks\Kick Butt Track 3.unity,540d7059364354e249f259edfef5d69a,11500000,3,True,Assets\Scripts\Assembly-CSharp\SpeedPoint.cs.meta
Assets\Scenes\Tracks\Kick Butt Track 3.unity,540d7059364354e249f259edfef5d69a,11500000,3,True,Assets\Scripts\Assembly-CSharp\SpeedPoint.cs.meta
Assets\Scenes\Tracks\Kick Butt Track 3.unity,80004b78694f1129edd555f7161356a9,11500000,3,True,Assets\Scripts\Assembly-CSharp\PickupSpawner.cs.meta
Assets\Scenes\Tracks\Kick Butt Track 3.unity,540d7059364354e249f259edfef5d69a,11500000,3,True,Assets\Scripts\Assembly-CSharp\SpeedPoint.cs.meta
Assets\Scenes\Tracks\Kick Butt Track 3.unity,540d7059364354e249f259edfef5d69a,11500000,3,True,Assets\Scripts\Assembly-CSharp\SpeedPoint.cs.meta
Assets\Scenes\Tracks\Kick Butt Track 3.unity,94873483e708f4fa4a57b3033bbbcc5d,11500000,3,True,Assets\Scripts\Assembly-CSharp\AnimatedTexture.cs.meta
Assets\Scenes\Tracks\Kick Butt Track 3.unity,0b15208c8a5ae7ff1660a3585ad68237,11500000,3,True,Assets\Scripts\Assembly-CSharp\TerrainEffectTrigger.cs.meta
Assets\Scenes\Tracks\Kick Butt Track 3.unity,71c30d28ad73b040f6e74d951b378742,11500000,3,True,Assets\Scripts\Assembly-CSharp\ObjectTrackDistanceLogic.cs.meta
Assets\Scenes\Tracks\Kick Butt Track 3.unity,e996a18e58747bf538b26a7d9874aed9,11500000,3,True,Assets\Scripts\Assembly-CSharp\WaypointLogic.cs.meta
Assets\Scenes\Tracks\Kick Butt Track 3.unity,e996a18e58747bf538b26a7d9874aed9,11500000,3,True,Assets\Scripts\Assembly-CSharp\WaypointLogic.cs.meta
Assets\Scenes\Tracks\Kick Butt Track 3.unity,e996a18e58747bf538b26a7d9874aed9,11500000,3,True,Assets\Scripts\Assembly-CSharp\WaypointLogic.cs.meta
Assets\Scenes\Tracks\Kick Butt Track 3.unity,e996a18e58747bf538b26a7d9874aed9,11500000,3,True,Assets\Scripts\Assembly-CSharp\WaypointLogic.cs.meta
Assets\Scenes\Tracks\Kick Butt Track 3.unity,e996a18e58747bf538b26a7d9874aed9,11500000,3,True,Assets\Scripts\Assembly-CSharp\WaypointLogic.cs.meta
Assets\Scenes\Tracks\Kick Butt Track 3.unity,540d7059364354e249f259edfef5d69a,11500000,3,True,Assets\Scripts\Assembly-CSharp\SpeedPoint.cs.meta
Assets\Scenes\Tracks\Kick Butt Track 3.unity,540d7059364354e249f259edfef5d69a,11500000,3,True,Assets\Scripts\Assembly-CSharp\SpeedPoint.cs.meta
Assets\Scenes\Tracks\Kick Butt Track 3.unity,540d7059364354e249f259edfef5d69a,11500000,3,True,Assets\Scripts\Assembly-CSharp\SpeedPoint.cs.meta
Assets\Scenes\Tracks\Kick Butt Track 3.unity,a5927ab13b8fd57ed5089057e948c6a8,11500000,3,True,Assets\Scripts\Assembly-CSharp\ProgressTriggerLogic.cs.meta
Assets\Scenes\Tracks\Kick Butt Track 3.unity,84dedd87b078241ae96d152250730014,11500000,3,True,Assets\Plugins\Assembly-CSharp-firstpass\UghSprite.cs.meta
Assets\Scenes\Tracks\Kick Butt Track 3.unity,84dedd87b078241ae96d152250730014,11500000,3,True,Assets\Plugins\Assembly-CSharp-firstpass\UghSprite.cs.meta
Assets\Scenes\Tracks\Kick Butt Track 3.unity,94873483e708f4fa4a57b3033bbbcc5d,11500000,3,True,Assets\Scripts\Assembly-CSharp\AnimatedTexture.cs.meta
Assets\Scenes\Tracks\Kick Butt Track 3.unity,0b15208c8a5ae7ff1660a3585ad68237,11500000,3,True,Assets\Scripts\Assembly-CSharp\TerrainEffectTrigger.cs.meta
Assets\Scenes\Tracks\Kick Butt Track 3.unity,71c30d28ad73b040f6e74d951b378742,11500000,3,True,Assets\Scripts\Assembly-CSharp\ObjectTrackDistanceLogic.cs.meta
Assets\Scenes\Tracks\Kick Butt Track 3.unity,5db77d8b07b73380826e12a6a2c9f105,11500000,3,True,Assets\Scripts\Assembly-CSharp\ParticleReducer.cs.meta
Assets\Scenes\Tracks\Kick Butt Track 3.unity,540d7059364354e249f259edfef5d69a,11500000,3,True,Assets\Scripts\Assembly-CSharp\SpeedPoint.cs.meta
Assets\Scenes\Tracks\Kick Butt Track 3.unity,540d7059364354e249f259edfef5d69a,11500000,3,True,Assets\Scripts\Assembly-CSharp\SpeedPoint.cs.meta
Assets\Scenes\Tracks\Kick Butt Track 3.unity,e996a18e58747bf538b26a7d9874aed9,11500000,3,True,Assets\Scripts\Assembly-CSharp\WaypointLogic.cs.meta
Assets\Scenes\Tracks\Kick Butt Track 3.unity,e996a18e58747bf538b26a7d9874aed9,11500000,3,True,Assets\Scripts\Assembly-CSharp\WaypointLogic.cs.meta
Assets\Scenes\Tracks\Kick Butt Track 3.unity,80004b78694f1129edd555f7161356a9,11500000,3,True,Assets\Scripts\Assembly-CSharp\PickupSpawner.cs.meta
Assets\Scenes\Tracks\Kick Butt Track 3.unity,e996a18e58747bf538b26a7d9874aed9,11500000,3,True,Assets\Scripts\Assembly-CSharp\WaypointLogic.cs.meta
Assets\Scenes\Tracks\Kick Butt Track 3.unity,540d7059364354e249f259edfef5d69a,11500000,3,True,Assets\Scripts\Assembly-CSharp\SpeedPoint.cs.meta
Assets\Scenes\Tracks\Kick Butt Track 3.unity,540d7059364354e249f259edfef5d69a,11500000,3,True,Assets\Scripts\Assembly-CSharp\SpeedPoint.cs.meta
Assets\Scenes\Tracks\Kick Butt Track 3.unity,80004b78694f1129edd555f7161356a9,11500000,3,True,Assets\Scripts\Assembly-CSharp\PickupSpawner.cs.meta
Assets\Scenes\Tracks\Kick Butt Track 3.unity,540d7059364354e249f259edfef5d69a,11500000,3,True,Assets\Scripts\Assembly-CSharp\SpeedPoint.cs.meta
Assets\Scenes\Tracks\Kick Butt Track 3.unity,540d7059364354e249f259edfef5d69a,11500000,3,True,Assets\Scripts\Assembly-CSharp\SpeedPoint.cs.meta
Assets\Scenes\Tracks\Kick Butt Track 3.unity,d023be04c46e426c31d87f45651d35dd,11500000,3,True,Assets\Plugins\Assembly-CSharp-firstpass\UghInput.cs.meta
Assets\Scenes\Tracks\Kick Butt Track 3.unity,84dedd87b078241ae96d152250730014,11500000,3,True,Assets\Plugins\Assembly-CSharp-firstpass\UghSprite.cs.meta
Assets\Scenes\Tracks\Kick Butt Track 3.unity,e996a18e58747bf538b26a7d9874aed9,11500000,3,True,Assets\Scripts\Assembly-CSharp\WaypointLogic.cs.meta
Assets\Scenes\Tracks\Kick Butt Track 3.unity,540d7059364354e249f259edfef5d69a,11500000,3,True,Assets\Scripts\Assembly-CSharp\SpeedPoint.cs.meta
Assets\Scenes\Tracks\Kick Butt Track 3.unity,e996a18e58747bf538b26a7d9874aed9,11500000,3,True,Assets\Scripts\Assembly-CSharp\WaypointLogic.cs.meta
Assets\Scenes\Tracks\Kick Butt Track 3.unity,540d7059364354e249f259edfef5d69a,11500000,3,True,Assets\Scripts\Assembly-CSharp\SpeedPoint.cs.meta
Assets\Scenes\Tracks\Kick Butt Track 3.unity,9aff6dab5ca3915cdfebf86ad7fd0be7,11500000,3,True,Assets\Scripts\Assembly-CSharp\ExplodingBarrel.cs.meta
Assets\Scenes\Tracks\Kick Butt Track 3.unity,e996a18e58747bf538b26a7d9874aed9,11500000,3,True,Assets\Scripts\Assembly-CSharp\WaypointLogic.cs.meta
Assets\Scenes\Tracks\Kick Butt Track 3.unity,540d7059364354e249f259edfef5d69a,11500000,3,True,Assets\Scripts\Assembly-CSharp\SpeedPoint.cs.meta
Assets\Scenes\Tracks\Kick Butt Track 3.unity,540d7059364354e249f259edfef5d69a,11500000,3,True,Assets\Scripts\Assembly-CSharp\SpeedPoint.cs.meta
Assets\Scenes\Tracks\Kick Butt Track 3.unity,e996a18e58747bf538b26a7d9874aed9,11500000,3,True,Assets\Scripts\Assembly-CSharp\WaypointLogic.cs.meta
Assets\Scenes\Tracks\Kick Butt Track 3.unity,84dedd87b078241ae96d152250730014,11500000,3,True,Assets\Plugins\Assembly-CSharp-firstpass\UghSprite.cs.meta
Assets\Scenes\Tracks\Kick Butt Track 3.unity,e996a18e58747bf538b26a7d9874aed9,11500000,3,True,Assets\Scripts\Assembly-CSharp\WaypointLogic.cs.meta
Assets\Scenes\Tracks\Kick Butt Track 3.unity,e996a18e58747bf538b26a7d9874aed9,11500000,3,True,Assets\Scripts\Assembly-CSharp\WaypointLogic.cs.meta
Assets\Scenes\Tracks\Kick Butt Track 3.unity,540d7059364354e249f259edfef5d69a,11500000,3,True,Assets\Scripts\Assembly-CSharp\SpeedPoint.cs.meta
Assets\Scenes\Tracks\Kick Butt Track 3.unity,e171dc7613dc84903f6b62f321860d38,11500000,3,True,Assets\Plugins\Assembly-CSharp-firstpass\UghAlign.cs.meta
Assets\Scenes\Tracks\Kick Butt Track 3.unity,80004b78694f1129edd555f7161356a9,11500000,3,True,Assets\Scripts\Assembly-CSharp\PickupSpawner.cs.meta
Assets\Scenes\Tracks\Kick Butt Track 3.unity,e171dc7613dc84903f6b62f321860d38,11500000,3,True,Assets\Plugins\Assembly-CSharp-firstpass\UghAlign.cs.meta
Assets\Scenes\Tracks\Kick Butt Track 3.unity,540d7059364354e249f259edfef5d69a,11500000,3,True,Assets\Scripts\Assembly-CSharp\SpeedPoint.cs.meta
Assets\Scenes\Tracks\Kick Butt Track 3.unity,540d7059364354e249f259edfef5d69a,11500000,3,True,Assets\Scripts\Assembly-CSharp\SpeedPoint.cs.meta
Assets\Scenes\Tracks\Kick Butt Track 3.unity,5db77d8b07b73380826e12a6a2c9f105,11500000,3,True,Assets\Scripts\Assembly-CSharp\ParticleReducer.cs.meta
Assets\Scenes\Tracks\Kick Butt Track 3.unity,540d7059364354e249f259edfef5d69a,11500000,3,True,Assets\Scripts\Assembly-CSharp\SpeedPoint.cs.meta
Assets\Scenes\Tracks\Kick Butt Track 3.unity,71c30d28ad73b040f6e74d951b378742,11500000,3,True,Assets\Scripts\Assembly-CSharp\ObjectTrackDistanceLogic.cs.meta
Assets\Scenes\Tracks\Kick Butt Track 3.unity,54cbe82f1ecc3566dd11401a18f75c23,11500000,3,True,Assets\Scripts\Assembly-CSharp\GuidedJumpTrigger.cs.meta
Assets\Scenes\Tracks\Kick Butt Track 3.unity,9aff6dab5ca3915cdfebf86ad7fd0be7,11500000,3,True,Assets\Scripts\Assembly-CSharp\ExplodingBarrel.cs.meta
Assets\Scenes\Tracks\Kick Butt Track 3.unity,540d7059364354e249f259edfef5d69a,11500000,3,True,Assets\Scripts\Assembly-CSharp\SpeedPoint.cs.meta
Assets\Scenes\Tracks\Kick Butt Track 3.unity,e996a18e58747bf538b26a7d9874aed9,11500000,3,True,Assets\Scripts\Assembly-CSharp\WaypointLogic.cs.meta
Assets\Scenes\Tracks\Kick Butt Track 3.unity,e996a18e58747bf538b26a7d9874aed9,11500000,3,True,Assets\Scripts\Assembly-CSharp\WaypointLogic.cs.meta
Assets\Scenes\Tracks\Kick Butt Track 3.unity,e996a18e58747bf538b26a7d9874aed9,11500000,3,True,Assets\Scripts\Assembly-CSharp\WaypointLogic.cs.meta
Assets\Scenes\Tracks\Kick Butt Track 3.unity,e996a18e58747bf538b26a7d9874aed9,11500000,3,True,Assets\Scripts\Assembly-CSharp\WaypointLogic.cs.meta
Assets\Scenes\Tracks\Kick Butt Track 3.unity,84dedd87b078241ae96d152250730014,11500000,3,True,Assets\Plugins\Assembly-CSharp-firstpass\UghSprite.cs.meta
Assets\Scenes\Tracks\Kick Butt Track 3.unity,e996a18e58747bf538b26a7d9874aed9,11500000,3,True,Assets\Scripts\Assembly-CSharp\WaypointLogic.cs.meta
Assets\Scenes\Tracks\Kick Butt Track 3.unity,e996a18e58747bf538b26a7d9874aed9,11500000,3,True,Assets\Scripts\Assembly-CSharp\WaypointLogic.cs.meta
Assets\Scenes\Tracks\Kick Butt Track 3.unity,e996a18e58747bf538b26a7d9874aed9,11500000,3,True,Assets\Scripts\Assembly-CSharp\WaypointLogic.cs.meta
Assets\Scenes\Tracks\Kick Butt Track 3.unity,e996a18e58747bf538b26a7d9874aed9,11500000,3,True,Assets\Scripts\Assembly-CSharp\WaypointLogic.cs.meta
Assets\Scenes\Tracks\Kick Butt Track 3.unity,e996a18e58747bf538b26a7d9874aed9,11500000,3,True,Assets\Scripts\Assembly-CSharp\WaypointLogic.cs.meta
Assets\Scenes\Tracks\Kick Butt Track 3.unity,e996a18e58747bf538b26a7d9874aed9,11500000,3,True,Assets\Scripts\Assembly-CSharp\WaypointLogic.cs.meta
Assets\Scenes\Tracks\Kick Butt Track 3.unity,e996a18e58747bf538b26a7d9874aed9,11500000,3,True,Assets\Scripts\Assembly-CSharp\WaypointLogic.cs.meta
Assets\Scenes\Tracks\Kick Butt Track 3.unity,540d7059364354e249f259edfef5d69a,11500000,3,True,Assets\Scripts\Assembly-CSharp\SpeedPoint.cs.meta
Assets\Scenes\Tracks\Kick Butt Track 3.unity,540d7059364354e249f259edfef5d69a,11500000,3,True,Assets\Scripts\Assembly-CSharp\SpeedPoint.cs.meta
Assets\Scenes\Tracks\Kick Butt Track 3.unity,540d7059364354e249f259edfef5d69a,11500000,3,True,Assets\Scripts\Assembly-CSharp\SpeedPoint.cs.meta
Assets\Scenes\Tracks\Kick Butt Track 3.unity,e996a18e58747bf538b26a7d9874aed9,11500000,3,True,Assets\Scripts\Assembly-CSharp\WaypointLogic.cs.meta
Assets\Scenes\Tracks\Kick Butt Track 3.unity,540d7059364354e249f259edfef5d69a,11500000,3,True,Assets\Scripts\Assembly-CSharp\SpeedPoint.cs.meta
Assets\Scenes\Tracks\Kick Butt Track 3.unity,e996a18e58747bf538b26a7d9874aed9,11500000,3,True,Assets\Scripts\Assembly-CSharp\WaypointLogic.cs.meta
Assets\Scenes\Tracks\Kick Butt Track 3.unity,540d7059364354e249f259edfef5d69a,11500000,3,True,Assets\Scripts\Assembly-CSharp\SpeedPoint.cs.meta
Assets\Scenes\Tracks\Kick Butt Track 3.unity,9b4892a27c501fc32d10289e8a2709d7,11500000,3,True,Assets\Scripts\Assembly-CSharp\CoinPoint.cs.meta
Assets\Scenes\Tracks\Kick Butt Track 3.unity,e996a18e58747bf538b26a7d9874aed9,11500000,3,True,Assets\Scripts\Assembly-CSharp\WaypointLogic.cs.meta
Assets\Scenes\Tracks\Kick Butt Track 3.unity,84dedd87b078241ae96d152250730014,11500000,3,True,Assets\Plugins\Assembly-CSharp-firstpass\UghSprite.cs.meta
Assets\Scenes\Tracks\Kick Butt Track 3.unity,540d7059364354e249f259edfef5d69a,11500000,3,True,Assets\Scripts\Assembly-CSharp\SpeedPoint.cs.meta
Assets\Scenes\Tracks\Kick Butt Track 3.unity,80004b78694f1129edd555f7161356a9,11500000,3,True,Assets\Scripts\Assembly-CSharp\PickupSpawner.cs.meta
Assets\Scenes\Tracks\Kick Butt Track 3.unity,9b4892a27c501fc32d10289e8a2709d7,11500000,3,True,Assets\Scripts\Assembly-CSharp\CoinPoint.cs.meta
Assets\Scenes\Tracks\Kick Butt Track 3.unity,e996a18e58747bf538b26a7d9874aed9,11500000,3,True,Assets\Scripts\Assembly-CSharp\WaypointLogic.cs.meta
Assets\Scenes\Tracks\Kick Butt Track 3.unity,b88ab20c864889e81141f2df8a116b5b,11500000,3,True,Assets\Plugins\Assembly-CSharp-firstpass\UghText.cs.meta
Assets\Scenes\Tracks\Kick Butt Track 3.unity,e171dc7613dc84903f6b62f321860d38,11500000,3,True,Assets\Plugins\Assembly-CSharp-firstpass\UghAlign.cs.meta
Assets\Scenes\Tracks\Kick Butt Track 3.unity,e996a18e58747bf538b26a7d9874aed9,11500000,3,True,Assets\Scripts\Assembly-CSharp\WaypointLogic.cs.meta
Assets\Scenes\Tracks\Kick Butt Track 3.unity,e996a18e58747bf538b26a7d9874aed9,11500000,3,True,Assets\Scripts\Assembly-CSharp\WaypointLogic.cs.meta
Assets\Scenes\Tracks\Kick Butt Track 3.unity,71c30d28ad73b040f6e74d951b378742,11500000,3,True,Assets\Scripts\Assembly-CSharp\ObjectTrackDistanceLogic.cs.meta
Assets\Scenes\Tracks\Kick Butt Track 3.unity,0b15208c8a5ae7ff1660a3585ad68237,11500000,3,True,Assets\Scripts\Assembly-CSharp\TerrainEffectTrigger.cs.meta
Assets\Scenes\Tracks\Kick Butt Track 3.unity,94873483e708f4fa4a57b3033bbbcc5d,11500000,3,True,Assets\Scripts\Assembly-CSharp\AnimatedTexture.cs.meta
Assets\Scenes\Tracks\Kick Butt Track 3.unity,94873483e708f4fa4a57b3033bbbcc5d,11500000,3,True,Assets\Scripts\Assembly-CSharp\AnimatedTexture.cs.meta
Assets\Scenes\Tracks\Kick Butt Track 3.unity,0b15208c8a5ae7ff1660a3585ad68237,11500000,3,True,Assets\Scripts\Assembly-CSharp\TerrainEffectTrigger.cs.meta
Assets\Scenes\Tracks\Kick Butt Track 3.unity,71c30d28ad73b040f6e74d951b378742,11500000,3,True,Assets\Scripts\Assembly-CSharp\ObjectTrackDistanceLogic.cs.meta
Assets\Scenes\Tracks\Kick Butt Track 3.unity,e996a18e58747bf538b26a7d9874aed9,11500000,3,True,Assets\Scripts\Assembly-CSharp\WaypointLogic.cs.meta
Assets\Scenes\Tracks\Kick Butt Track 3.unity,e996a18e58747bf538b26a7d9874aed9,11500000,3,True,Assets\Scripts\Assembly-CSharp\WaypointLogic.cs.meta
Assets\Scenes\Tracks\Kick Butt Track 3.unity,540d7059364354e249f259edfef5d69a,11500000,3,True,Assets\Scripts\Assembly-CSharp\SpeedPoint.cs.meta
Assets\Scenes\Tracks\Kick Butt Track 3.unity,e996a18e58747bf538b26a7d9874aed9,11500000,3,True,Assets\Scripts\Assembly-CSharp\WaypointLogic.cs.meta
Assets\Scenes\Tracks\Kick Butt Track 3.unity,e996a18e58747bf538b26a7d9874aed9,11500000,3,True,Assets\Scripts\Assembly-CSharp\WaypointLogic.cs.meta
Assets\Scenes\Tracks\Kick Butt Track 3.unity,e996a18e58747bf538b26a7d9874aed9,11500000,3,True,Assets\Scripts\Assembly-CSharp\WaypointLogic.cs.meta
Assets\Scenes\Tracks\Kick Butt Track 3.unity,540d7059364354e249f259edfef5d69a,11500000,3,True,Assets\Scripts\Assembly-CSharp\SpeedPoint.cs.meta
Assets\Scenes\Tracks\Kick Butt Track 3.unity,540d7059364354e249f259edfef5d69a,11500000,3,True,Assets\Scripts\Assembly-CSharp\SpeedPoint.cs.meta
Assets\Scenes\Tracks\Kick Butt Track 3.unity,540d7059364354e249f259edfef5d69a,11500000,3,True,Assets\Scripts\Assembly-CSharp\SpeedPoint.cs.meta
Assets\Scenes\Tracks\Kick Butt Track 3.unity,540d7059364354e249f259edfef5d69a,11500000,3,True,Assets\Scripts\Assembly-CSharp\SpeedPoint.cs.meta
Assets\Scenes\Tracks\Kick Butt Track 3.unity,80004b78694f1129edd555f7161356a9,11500000,3,True,Assets\Scripts\Assembly-CSharp\PickupSpawner.cs.meta
Assets\Scenes\Tracks\Kick Butt Track 3.unity,e996a18e58747bf538b26a7d9874aed9,11500000,3,True,Assets\Scripts\Assembly-CSharp\WaypointLogic.cs.meta
Assets\Scenes\Tracks\Kick Butt Track 3.unity,e996a18e58747bf538b26a7d9874aed9,11500000,3,True,Assets\Scripts\Assembly-CSharp\WaypointLogic.cs.meta
Assets\Scenes\Tracks\Kick Butt Track 3.unity,e996a18e58747bf538b26a7d9874aed9,11500000,3,True,Assets\Scripts\Assembly-CSharp\WaypointLogic.cs.meta
Assets\Scenes\Tracks\Kick Butt Track 3.unity,e996a18e58747bf538b26a7d9874aed9,11500000,3,True,Assets\Scripts\Assembly-CSharp\WaypointLogic.cs.meta
Assets\Scenes\Tracks\Kick Butt Track 3.unity,e996a18e58747bf538b26a7d9874aed9,11500000,3,True,Assets\Scripts\Assembly-CSharp\WaypointLogic.cs.meta
Assets\Scenes\Tracks\Kick Butt Track 3.unity,e996a18e58747bf538b26a7d9874aed9,11500000,3,True,Assets\Scripts\Assembly-CSharp\WaypointLogic.cs.meta
Assets\Scenes\Tracks\Kick Butt Track 3.unity,540d7059364354e249f259edfef5d69a,11500000,3,True,Assets\Scripts\Assembly-CSharp\SpeedPoint.cs.meta
Assets\Scenes\Tracks\Kick Butt Track 3.unity,540d7059364354e249f259edfef5d69a,11500000,3,True,Assets\Scripts\Assembly-CSharp\SpeedPoint.cs.meta
Assets\Scenes\Tracks\Kick Butt Track 3.unity,e996a18e58747bf538b26a7d9874aed9,11500000,3,True,Assets\Scripts\Assembly-CSharp\WaypointLogic.cs.meta
Assets\Scenes\Tracks\Kick Butt Track 3.unity,e996a18e58747bf538b26a7d9874aed9,11500000,3,True,Assets\Scripts\Assembly-CSharp\WaypointLogic.cs.meta
Assets\Scenes\Tracks\Kick Butt Track 3.unity,e996a18e58747bf538b26a7d9874aed9,11500000,3,True,Assets\Scripts\Assembly-CSharp\WaypointLogic.cs.meta
Assets\Scenes\Tracks\Kick Butt Track 3.unity,e996a18e58747bf538b26a7d9874aed9,11500000,3,True,Assets\Scripts\Assembly-CSharp\WaypointLogic.cs.meta
Assets\Scenes\Tracks\Kick Butt Track 3.unity,540d7059364354e249f259edfef5d69a,11500000,3,True,Assets\Scripts\Assembly-CSharp\SpeedPoint.cs.meta
Assets\Scenes\Tracks\Kick Butt Track 3.unity,8fcdaa4213aa6ec14c06f158bdb5d5ff,11500000,3,True,Assets\Scripts\Assembly-CSharp\LocalizedAssetSwapper.cs.meta
Assets\Scenes\Tracks\Kick Butt Track 3.unity,e996a18e58747bf538b26a7d9874aed9,11500000,3,True,Assets\Scripts\Assembly-CSharp\WaypointLogic.cs.meta
Assets\Scenes\Tracks\Kick Butt Track 3.unity,e996a18e58747bf538b26a7d9874aed9,11500000,3,True,Assets\Scripts\Assembly-CSharp\WaypointLogic.cs.meta
Assets\Scenes\Tracks\Kick Butt Track 3.unity,540d7059364354e249f259edfef5d69a,11500000,3,True,Assets\Scripts\Assembly-CSharp\SpeedPoint.cs.meta
Assets\Scenes\Tracks\Kick Butt Track 3.unity,e996a18e58747bf538b26a7d9874aed9,11500000,3,True,Assets\Scripts\Assembly-CSharp\WaypointLogic.cs.meta
Assets\Scenes\Tracks\Kick Butt Track 3.unity,94873483e708f4fa4a57b3033bbbcc5d,11500000,3,True,Assets\Scripts\Assembly-CSharp\AnimatedTexture.cs.meta
Assets\Scenes\Tracks\Kick Butt Track 3.unity,0b15208c8a5ae7ff1660a3585ad68237,11500000,3,True,Assets\Scripts\Assembly-CSharp\TerrainEffectTrigger.cs.meta
Assets\Scenes\Tracks\Kick Butt Track 3.unity,71c30d28ad73b040f6e74d951b378742,11500000,3,True,Assets\Scripts\Assembly-CSharp\ObjectTrackDistanceLogic.cs.meta
Assets\Scenes\Tracks\Kick Butt Track 3.unity,b88ab20c864889e81141f2df8a116b5b,11500000,3,True,Assets\Plugins\Assembly-CSharp-firstpass\UghText.cs.meta
Assets\Scenes\Tracks\Kick Butt Track 3.unity,540d7059364354e249f259edfef5d69a,11500000,3,True,Assets\Scripts\Assembly-CSharp\SpeedPoint.cs.meta
Assets\Scenes\Tracks\Kick Butt Track 3.unity,540d7059364354e249f259edfef5d69a,11500000,3,True,Assets\Scripts\Assembly-CSharp\SpeedPoint.cs.meta
Assets\Scenes\Tracks\Kick Butt Track 3.unity,e996a18e58747bf538b26a7d9874aed9,11500000,3,True,Assets\Scripts\Assembly-CSharp\WaypointLogic.cs.meta
Assets\Scenes\Tracks\Kick Butt Track 3.unity,e996a18e58747bf538b26a7d9874aed9,11500000,3,True,Assets\Scripts\Assembly-CSharp\WaypointLogic.cs.meta
Assets\Scenes\Tracks\Kick Butt Track 3.unity,e996a18e58747bf538b26a7d9874aed9,11500000,3,True,Assets\Scripts\Assembly-CSharp\WaypointLogic.cs.meta
Assets\Scenes\Tracks\Kick Butt Track 3.unity,80004b78694f1129edd555f7161356a9,11500000,3,True,Assets\Scripts\Assembly-CSharp\PickupSpawner.cs.meta
Assets\Scenes\Tracks\Kick Butt Track 3.unity,540d7059364354e249f259edfef5d69a,11500000,3,True,Assets\Scripts\Assembly-CSharp\SpeedPoint.cs.meta
Assets\Scenes\Tracks\Kick Butt Track 3.unity,e996a18e58747bf538b26a7d9874aed9,11500000,3,True,Assets\Scripts\Assembly-CSharp\WaypointLogic.cs.meta
Assets\Scenes\Tracks\Kick Butt Track 3.unity,84dedd87b078241ae96d152250730014,11500000,3,True,Assets\Plugins\Assembly-CSharp-firstpass\UghSprite.cs.meta
Assets\Scenes\Tracks\Kick Butt Track 3.unity,93a00b2df47c568d51d2e788e763d67e,11500000,3,True,Assets\Plugins\Assembly-CSharp-firstpass\UghCamera.cs.meta
Assets\Scenes\Tracks\Kick Butt Track 3.unity,84dedd87b078241ae96d152250730014,11500000,3,True,Assets\Plugins\Assembly-CSharp-firstpass\UghSprite.cs.meta
Assets\Scenes\Tracks\Kick Butt Track 3.unity,540d7059364354e249f259edfef5d69a,11500000,3,True,Assets\Scripts\Assembly-CSharp\SpeedPoint.cs.meta
Assets\Scenes\Tracks\Kick Butt Track 3.unity,5db77d8b07b73380826e12a6a2c9f105,11500000,3,True,Assets\Scripts\Assembly-CSharp\ParticleReducer.cs.meta
Assets\Scenes\Tracks\Kick Butt Track 3.unity,540d7059364354e249f259edfef5d69a,11500000,3,True,Assets\Scripts\Assembly-CSharp\SpeedPoint.cs.meta
Assets\Scenes\Tracks\Kick Butt Track 3.unity,540d7059364354e249f259edfef5d69a,11500000,3,True,Assets\Scripts\Assembly-CSharp\SpeedPoint.cs.meta
Assets\Scenes\Tracks\Kick Butt Track 3.unity,e996a18e58747bf538b26a7d9874aed9,11500000,3,True,Assets\Scripts\Assembly-CSharp\WaypointLogic.cs.meta
Assets\Scenes\Tracks\Kick Butt Track 3.unity,b88ab20c864889e81141f2df8a116b5b,11500000,3,True,Assets\Plugins\Assembly-CSharp-firstpass\UghText.cs.meta
Assets\Scenes\Tracks\Kick Butt Track 3.unity,e996a18e58747bf538b26a7d9874aed9,11500000,3,True,Assets\Scripts\Assembly-CSharp\WaypointLogic.cs.meta
Assets\Scenes\Tracks\Kick Butt Track 3.unity,e996a18e58747bf538b26a7d9874aed9,11500000,3,True,Assets\Scripts\Assembly-CSharp\WaypointLogic.cs.meta
Assets\Scenes\Tracks\Kick Butt Track 3.unity,84dedd87b078241ae96d152250730014,11500000,3,True,Assets\Plugins\Assembly-CSharp-firstpass\UghSprite.cs.meta
Assets\Scenes\Tracks\Kick Butt Track 3.unity,b88ab20c864889e81141f2df8a116b5b,11500000,3,True,Assets\Plugins\Assembly-CSharp-firstpass\UghText.cs.meta
Assets\Scenes\Tracks\Kick Butt Track 3.unity,540d7059364354e249f259edfef5d69a,11500000,3,True,Assets\Scripts\Assembly-CSharp\SpeedPoint.cs.meta
Assets\Scenes\Tracks\Kick Butt Track 3.unity,e996a18e58747bf538b26a7d9874aed9,11500000,3,True,Assets\Scripts\Assembly-CSharp\WaypointLogic.cs.meta
Assets\Scenes\Tracks\Kick Butt Track 3.unity,540d7059364354e249f259edfef5d69a,11500000,3,True,Assets\Scripts\Assembly-CSharp\SpeedPoint.cs.meta
Assets\Scenes\Tracks\Kick Butt Track 3.unity,540d7059364354e249f259edfef5d69a,11500000,3,True,Assets\Scripts\Assembly-CSharp\SpeedPoint.cs.meta
Assets\Scenes\Tracks\Kick Butt Track 3.unity,c67f46bd4e340aa7f64a8e2ae3c03a27,11500000,3,True,Assets\Scripts\Assembly-CSharp\ResetTrigger.cs.meta
Assets\Scenes\Tracks\Kick Butt Track 3.unity,540d7059364354e249f259edfef5d69a,11500000,3,True,Assets\Scripts\Assembly-CSharp\SpeedPoint.cs.meta
Assets\Scenes\Tracks\Kick Butt Track 3.unity,84dedd87b078241ae96d152250730014,11500000,3,True,Assets\Plugins\Assembly-CSharp-firstpass\UghSprite.cs.meta
Assets\Scenes\Tracks\Kick Butt Track 3.unity,540d7059364354e249f259edfef5d69a,11500000,3,True,Assets\Scripts\Assembly-CSharp\SpeedPoint.cs.meta
Assets\Scenes\Tracks\Kick Butt Track 3.unity,540d7059364354e249f259edfef5d69a,11500000,3,True,Assets\Scripts\Assembly-CSharp\SpeedPoint.cs.meta
Assets\Scenes\Tracks\Kick Butt Track 3.unity,540d7059364354e249f259edfef5d69a,11500000,3,True,Assets\Scripts\Assembly-CSharp\SpeedPoint.cs.meta
Assets\Scenes\Tracks\Kick Butt Track 3.unity,540d7059364354e249f259edfef5d69a,11500000,3,True,Assets\Scripts\Assembly-CSharp\SpeedPoint.cs.meta
Assets\Scenes\Tracks\Kick Butt Track 3.unity,540d7059364354e249f259edfef5d69a,11500000,3,True,Assets\Scripts\Assembly-CSharp\SpeedPoint.cs.meta
Assets\Scenes\Tracks\Kick Butt Track 3.unity,e996a18e58747bf538b26a7d9874aed9,11500000,3,True,Assets\Scripts\Assembly-CSharp\WaypointLogic.cs.meta
Assets\Scenes\Tracks\Kick Butt Track 3.unity,48302b94d9e9b333d75a5f574a6bcedf,11500000,3,True,Assets\Scripts\Assembly-CSharp\PreRaceCamera.cs.meta
Assets\Scenes\Tracks\Kick Butt Track 3.unity,e996a18e58747bf538b26a7d9874aed9,11500000,3,True,Assets\Scripts\Assembly-CSharp\WaypointLogic.cs.meta
Assets\Scenes\Tracks\Kick Butt Track 3.unity,e996a18e58747bf538b26a7d9874aed9,11500000,3,True,Assets\Scripts\Assembly-CSharp\WaypointLogic.cs.meta
Assets\Scenes\Tracks\Kick Butt Track 3.unity,540d7059364354e249f259edfef5d69a,11500000,3,True,Assets\Scripts\Assembly-CSharp\SpeedPoint.cs.meta
Assets\Scenes\Tracks\Kick Butt Track 3.unity,e996a18e58747bf538b26a7d9874aed9,11500000,3,True,Assets\Scripts\Assembly-CSharp\WaypointLogic.cs.meta
Assets\Scenes\Tracks\Kick Butt Track 3.unity,84dedd87b078241ae96d152250730014,11500000,3,True,Assets\Plugins\Assembly-CSharp-firstpass\UghSprite.cs.meta
Assets\Scenes\Tracks\Kick Butt Track 3.unity,e996a18e58747bf538b26a7d9874aed9,11500000,3,True,Assets\Scripts\Assembly-CSharp\WaypointLogic.cs.meta
Assets\Scenes\Tracks\Kick Butt Track 3.unity,e996a18e58747bf538b26a7d9874aed9,11500000,3,True,Assets\Scripts\Assembly-CSharp\WaypointLogic.cs.meta
Assets\Scenes\Tracks\Kick Butt Track 3.unity,540d7059364354e249f259edfef5d69a,11500000,3,True,Assets\Scripts\Assembly-CSharp\SpeedPoint.cs.meta
Assets\Scenes\Tracks\Kick Butt Track 3.unity,0b15208c8a5ae7ff1660a3585ad68237,11500000,3,True,Assets\Scripts\Assembly-CSharp\TerrainEffectTrigger.cs.meta
Assets\Scenes\Tracks\Kick Butt Track 3.unity,e996a18e58747bf538b26a7d9874aed9,11500000,3,True,Assets\Scripts\Assembly-CSharp\WaypointLogic.cs.meta
Assets\Scenes\Tracks\Kick Butt Track 3.unity,540d7059364354e249f259edfef5d69a,11500000,3,True,Assets\Scripts\Assembly-CSharp\SpeedPoint.cs.meta
Assets\Scenes\Tracks\Kick Butt Track 3.unity,540d7059364354e249f259edfef5d69a,11500000,3,True,Assets\Scripts\Assembly-CSharp\SpeedPoint.cs.meta
Assets\Scenes\Tracks\Kick Butt Track 3.unity,9aff6dab5ca3915cdfebf86ad7fd0be7,11500000,3,True,Assets\Scripts\Assembly-CSharp\ExplodingBarrel.cs.meta
Assets\Scenes\Tracks\Kick Butt Track 3.unity,e996a18e58747bf538b26a7d9874aed9,11500000,3,True,Assets\Scripts\Assembly-CSharp\WaypointLogic.cs.meta
Assets\Scenes\Tracks\Kick Butt Track 3.unity,e996a18e58747bf538b26a7d9874aed9,11500000,3,True,Assets\Scripts\Assembly-CSharp\WaypointLogic.cs.meta
Assets\Scenes\Tracks\Phineas Track 1.unity,e996a18e58747bf538b26a7d9874aed9,11500000,3,True,Assets\Scripts\Assembly-CSharp\WaypointLogic.cs.meta
Assets\Scenes\Tracks\Phineas Track 1.unity,540d7059364354e249f259edfef5d69a,11500000,3,True,Assets\Scripts\Assembly-CSharp\SpeedPoint.cs.meta
Assets\Scenes\Tracks\Phineas Track 1.unity,84dedd87b078241ae96d152250730014,11500000,3,True,Assets\Plugins\Assembly-CSharp-firstpass\UghSprite.cs.meta
Assets\Scenes\Tracks\Phineas Track 1.unity,9b4892a27c501fc32d10289e8a2709d7,11500000,3,True,Assets\Scripts\Assembly-CSharp\CoinPoint.cs.meta
Assets\Scenes\Tracks\Phineas Track 1.unity,48302b94d9e9b333d75a5f574a6bcedf,11500000,3,True,Assets\Scripts\Assembly-CSharp\PreRaceCamera.cs.meta
Assets\Scenes\Tracks\Phineas Track 1.unity,c67f46bd4e340aa7f64a8e2ae3c03a27,11500000,3,True,Assets\Scripts\Assembly-CSharp\ResetTrigger.cs.meta
Assets\Scenes\Tracks\Phineas Track 1.unity,80004b78694f1129edd555f7161356a9,11500000,3,True,Assets\Scripts\Assembly-CSharp\PickupSpawner.cs.meta
Assets\Scenes\Tracks\Phineas Track 1.unity,540d7059364354e249f259edfef5d69a,11500000,3,True,Assets\Scripts\Assembly-CSharp\SpeedPoint.cs.meta
Assets\Scenes\Tracks\Phineas Track 1.unity,540d7059364354e249f259edfef5d69a,11500000,3,True,Assets\Scripts\Assembly-CSharp\SpeedPoint.cs.meta
Assets\Scenes\Tracks\Phineas Track 1.unity,80004b78694f1129edd555f7161356a9,11500000,3,True,Assets\Scripts\Assembly-CSharp\PickupSpawner.cs.meta
Assets\Scenes\Tracks\Phineas Track 1.unity,71c30d28ad73b040f6e74d951b378742,11500000,3,True,Assets\Scripts\Assembly-CSharp\ObjectTrackDistanceLogic.cs.meta
Assets\Scenes\Tracks\Phineas Track 1.unity,0b15208c8a5ae7ff1660a3585ad68237,11500000,3,True,Assets\Scripts\Assembly-CSharp\TerrainEffectTrigger.cs.meta
Assets\Scenes\Tracks\Phineas Track 1.unity,94873483e708f4fa4a57b3033bbbcc5d,11500000,3,True,Assets\Scripts\Assembly-CSharp\AnimatedTexture.cs.meta
Assets\Scenes\Tracks\Phineas Track 1.unity,94873483e708f4fa4a57b3033bbbcc5d,11500000,3,True,Assets\Scripts\Assembly-CSharp\AnimatedTexture.cs.meta
Assets\Scenes\Tracks\Phineas Track 1.unity,0b15208c8a5ae7ff1660a3585ad68237,11500000,3,True,Assets\Scripts\Assembly-CSharp\TerrainEffectTrigger.cs.meta
Assets\Scenes\Tracks\Phineas Track 1.unity,71c30d28ad73b040f6e74d951b378742,11500000,3,True,Assets\Scripts\Assembly-CSharp\ObjectTrackDistanceLogic.cs.meta
Assets\Scenes\Tracks\Phineas Track 1.unity,e996a18e58747bf538b26a7d9874aed9,11500000,3,True,Assets\Scripts\Assembly-CSharp\WaypointLogic.cs.meta
Assets\Scenes\Tracks\Phineas Track 1.unity,e171dc7613dc84903f6b62f321860d38,11500000,3,True,Assets\Plugins\Assembly-CSharp-firstpass\UghAlign.cs.meta
Assets\Scenes\Tracks\Phineas Track 1.unity,e996a18e58747bf538b26a7d9874aed9,11500000,3,True,Assets\Scripts\Assembly-CSharp\WaypointLogic.cs.meta
Assets\Scenes\Tracks\Phineas Track 1.unity,e996a18e58747bf538b26a7d9874aed9,11500000,3,True,Assets\Scripts\Assembly-CSharp\WaypointLogic.cs.meta
Assets\Scenes\Tracks\Phineas Track 1.unity,540d7059364354e249f259edfef5d69a,11500000,3,True,Assets\Scripts\Assembly-CSharp\SpeedPoint.cs.meta
Assets\Scenes\Tracks\Phineas Track 1.unity,c67f46bd4e340aa7f64a8e2ae3c03a27,11500000,3,True,Assets\Scripts\Assembly-CSharp\ResetTrigger.cs.meta
Assets\Scenes\Tracks\Phineas Track 1.unity,9b4892a27c501fc32d10289e8a2709d7,11500000,3,True,Assets\Scripts\Assembly-CSharp\CoinPoint.cs.meta
Assets\Scenes\Tracks\Phineas Track 1.unity,c67f46bd4e340aa7f64a8e2ae3c03a27,11500000,3,True,Assets\Scripts\Assembly-CSharp\ResetTrigger.cs.meta
Assets\Scenes\Tracks\Phineas Track 1.unity,540d7059364354e249f259edfef5d69a,11500000,3,True,Assets\Scripts\Assembly-CSharp\SpeedPoint.cs.meta
Assets\Scenes\Tracks\Phineas Track 1.unity,540d7059364354e249f259edfef5d69a,11500000,3,True,Assets\Scripts\Assembly-CSharp\SpeedPoint.cs.meta
Assets\Scenes\Tracks\Phineas Track 1.unity,e996a18e58747bf538b26a7d9874aed9,11500000,3,True,Assets\Scripts\Assembly-CSharp\WaypointLogic.cs.meta
Assets\Scenes\Tracks\Phineas Track 1.unity,410aef06036e22f327bf513834d3c8f7,11500000,3,True,Assets\Scripts\Assembly-CSharp\FollowCamera.cs.meta
Assets\Scenes\Tracks\Phineas Track 1.unity,30b411d090599ca49164a82da6acd001,11500000,3,True,Assets\Scripts\Assembly-CSharp\CameraShake.cs.meta
Assets\Scenes\Tracks\Phineas Track 1.unity,540d7059364354e249f259edfef5d69a,11500000,3,True,Assets\Scripts\Assembly-CSharp\SpeedPoint.cs.meta
Assets\Scenes\Tracks\Phineas Track 1.unity,540d7059364354e249f259edfef5d69a,11500000,3,True,Assets\Scripts\Assembly-CSharp\SpeedPoint.cs.meta
Assets\Scenes\Tracks\Phineas Track 1.unity,e996a18e58747bf538b26a7d9874aed9,11500000,3,True,Assets\Scripts\Assembly-CSharp\WaypointLogic.cs.meta
Assets\Scenes\Tracks\Phineas Track 1.unity,9b4892a27c501fc32d10289e8a2709d7,11500000,3,True,Assets\Scripts\Assembly-CSharp\CoinPoint.cs.meta
Assets\Scenes\Tracks\Phineas Track 1.unity,540d7059364354e249f259edfef5d69a,11500000,3,True,Assets\Scripts\Assembly-CSharp\SpeedPoint.cs.meta
Assets\Scenes\Tracks\Phineas Track 1.unity,540d7059364354e249f259edfef5d69a,11500000,3,True,Assets\Scripts\Assembly-CSharp\SpeedPoint.cs.meta
Assets\Scenes\Tracks\Phineas Track 1.unity,94873483e708f4fa4a57b3033bbbcc5d,11500000,3,True,Assets\Scripts\Assembly-CSharp\AnimatedTexture.cs.meta
Assets\Scenes\Tracks\Phineas Track 1.unity,71c30d28ad73b040f6e74d951b378742,11500000,3,True,Assets\Scripts\Assembly-CSharp\ObjectTrackDistanceLogic.cs.meta
Assets\Scenes\Tracks\Phineas Track 1.unity,0b15208c8a5ae7ff1660a3585ad68237,11500000,3,True,Assets\Scripts\Assembly-CSharp\TerrainEffectTrigger.cs.meta
Assets\Scenes\Tracks\Phineas Track 1.unity,94873483e708f4fa4a57b3033bbbcc5d,11500000,3,True,Assets\Scripts\Assembly-CSharp\AnimatedTexture.cs.meta
Assets\Scenes\Tracks\Phineas Track 1.unity,0b15208c8a5ae7ff1660a3585ad68237,11500000,3,True,Assets\Scripts\Assembly-CSharp\TerrainEffectTrigger.cs.meta
Assets\Scenes\Tracks\Phineas Track 1.unity,71c30d28ad73b040f6e74d951b378742,11500000,3,True,Assets\Scripts\Assembly-CSharp\ObjectTrackDistanceLogic.cs.meta
Assets\Scenes\Tracks\Phineas Track 1.unity,540d7059364354e249f259edfef5d69a,11500000,3,True,Assets\Scripts\Assembly-CSharp\SpeedPoint.cs.meta
Assets\Scenes\Tracks\Phineas Track 1.unity,e996a18e58747bf538b26a7d9874aed9,11500000,3,True,Assets\Scripts\Assembly-CSharp\WaypointLogic.cs.meta
Assets\Scenes\Tracks\Phineas Track 1.unity,e996a18e58747bf538b26a7d9874aed9,11500000,3,True,Assets\Scripts\Assembly-CSharp\WaypointLogic.cs.meta
Assets\Scenes\Tracks\Phineas Track 1.unity,80004b78694f1129edd555f7161356a9,11500000,3,True,Assets\Scripts\Assembly-CSharp\PickupSpawner.cs.meta
Assets\Scenes\Tracks\Phineas Track 1.unity,e996a18e58747bf538b26a7d9874aed9,11500000,3,True,Assets\Scripts\Assembly-CSharp\WaypointLogic.cs.meta
Assets\Scenes\Tracks\Phineas Track 1.unity,e996a18e58747bf538b26a7d9874aed9,11500000,3,True,Assets\Scripts\Assembly-CSharp\WaypointLogic.cs.meta
Assets\Scenes\Tracks\Phineas Track 1.unity,e996a18e58747bf538b26a7d9874aed9,11500000,3,True,Assets\Scripts\Assembly-CSharp\WaypointLogic.cs.meta
Assets\Scenes\Tracks\Phineas Track 1.unity,540d7059364354e249f259edfef5d69a,11500000,3,True,Assets\Scripts\Assembly-CSharp\SpeedPoint.cs.meta
Assets\Scenes\Tracks\Phineas Track 1.unity,540d7059364354e249f259edfef5d69a,11500000,3,True,Assets\Scripts\Assembly-CSharp\SpeedPoint.cs.meta
Assets\Scenes\Tracks\Phineas Track 1.unity,84dedd87b078241ae96d152250730014,11500000,3,True,Assets\Plugins\Assembly-CSharp-firstpass\UghSprite.cs.meta
Assets\Scenes\Tracks\Phineas Track 1.unity,540d7059364354e249f259edfef5d69a,11500000,3,True,Assets\Scripts\Assembly-CSharp\SpeedPoint.cs.meta
Assets\Scenes\Tracks\Phineas Track 1.unity,e996a18e58747bf538b26a7d9874aed9,11500000,3,True,Assets\Scripts\Assembly-CSharp\WaypointLogic.cs.meta
Assets\Scenes\Tracks\Phineas Track 1.unity,e996a18e58747bf538b26a7d9874aed9,11500000,3,True,Assets\Scripts\Assembly-CSharp\WaypointLogic.cs.meta
Assets\Scenes\Tracks\Phineas Track 1.unity,540d7059364354e249f259edfef5d69a,11500000,3,True,Assets\Scripts\Assembly-CSharp\SpeedPoint.cs.meta
Assets\Scenes\Tracks\Phineas Track 1.unity,e996a18e58747bf538b26a7d9874aed9,11500000,3,True,Assets\Scripts\Assembly-CSharp\WaypointLogic.cs.meta
Assets\Scenes\Tracks\Phineas Track 1.unity,540d7059364354e249f259edfef5d69a,11500000,3,True,Assets\Scripts\Assembly-CSharp\SpeedPoint.cs.meta
Assets\Scenes\Tracks\Phineas Track 1.unity,540d7059364354e249f259edfef5d69a,11500000,3,True,Assets\Scripts\Assembly-CSharp\SpeedPoint.cs.meta
Assets\Scenes\Tracks\Phineas Track 1.unity,e996a18e58747bf538b26a7d9874aed9,11500000,3,True,Assets\Scripts\Assembly-CSharp\WaypointLogic.cs.meta
Assets\Scenes\Tracks\Phineas Track 1.unity,e996a18e58747bf538b26a7d9874aed9,11500000,3,True,Assets\Scripts\Assembly-CSharp\WaypointLogic.cs.meta
Assets\Scenes\Tracks\Phineas Track 1.unity,80004b78694f1129edd555f7161356a9,11500000,3,True,Assets\Scripts\Assembly-CSharp\PickupSpawner.cs.meta
Assets\Scenes\Tracks\Phineas Track 1.unity,540d7059364354e249f259edfef5d69a,11500000,3,True,Assets\Scripts\Assembly-CSharp\SpeedPoint.cs.meta
Assets\Scenes\Tracks\Phineas Track 1.unity,7a1d7e408882e95bdbe76a76d6f51e1c,11500000,3,True,Assets\Plugins\Assembly-CSharp-firstpass\UghButton.cs.meta
Assets\Scenes\Tracks\Phineas Track 1.unity,e996a18e58747bf538b26a7d9874aed9,11500000,3,True,Assets\Scripts\Assembly-CSharp\WaypointLogic.cs.meta
Assets\Scenes\Tracks\Phineas Track 1.unity,540d7059364354e249f259edfef5d69a,11500000,3,True,Assets\Scripts\Assembly-CSharp\SpeedPoint.cs.meta
Assets\Scenes\Tracks\Phineas Track 1.unity,e996a18e58747bf538b26a7d9874aed9,11500000,3,True,Assets\Scripts\Assembly-CSharp\WaypointLogic.cs.meta
Assets\Scenes\Tracks\Phineas Track 1.unity,e996a18e58747bf538b26a7d9874aed9,11500000,3,True,Assets\Scripts\Assembly-CSharp\WaypointLogic.cs.meta
Assets\Scenes\Tracks\Phineas Track 1.unity,540d7059364354e249f259edfef5d69a,11500000,3,True,Assets\Scripts\Assembly-CSharp\SpeedPoint.cs.meta
Assets\Scenes\Tracks\Phineas Track 1.unity,540d7059364354e249f259edfef5d69a,11500000,3,True,Assets\Scripts\Assembly-CSharp\SpeedPoint.cs.meta
Assets\Scenes\Tracks\Phineas Track 1.unity,540d7059364354e249f259edfef5d69a,11500000,3,True,Assets\Scripts\Assembly-CSharp\SpeedPoint.cs.meta
Assets\Scenes\Tracks\Phineas Track 1.unity,9b4892a27c501fc32d10289e8a2709d7,11500000,3,True,Assets\Scripts\Assembly-CSharp\CoinPoint.cs.meta
Assets\Scenes\Tracks\Phineas Track 1.unity,e996a18e58747bf538b26a7d9874aed9,11500000,3,True,Assets\Scripts\Assembly-CSharp\WaypointLogic.cs.meta
Assets\Scenes\Tracks\Phineas Track 1.unity,540d7059364354e249f259edfef5d69a,11500000,3,True,Assets\Scripts\Assembly-CSharp\SpeedPoint.cs.meta
Assets\Scenes\Tracks\Phineas Track 1.unity,e171dc7613dc84903f6b62f321860d38,11500000,3,True,Assets\Plugins\Assembly-CSharp-firstpass\UghAlign.cs.meta
Assets\Scenes\Tracks\Phineas Track 1.unity,540d7059364354e249f259edfef5d69a,11500000,3,True,Assets\Scripts\Assembly-CSharp\SpeedPoint.cs.meta
Assets\Scenes\Tracks\Phineas Track 1.unity,540d7059364354e249f259edfef5d69a,11500000,3,True,Assets\Scripts\Assembly-CSharp\SpeedPoint.cs.meta
Assets\Scenes\Tracks\Phineas Track 1.unity,540d7059364354e249f259edfef5d69a,11500000,3,True,Assets\Scripts\Assembly-CSharp\SpeedPoint.cs.meta
Assets\Scenes\Tracks\Phineas Track 1.unity,e996a18e58747bf538b26a7d9874aed9,11500000,3,True,Assets\Scripts\Assembly-CSharp\WaypointLogic.cs.meta
Assets\Scenes\Tracks\Phineas Track 1.unity,e996a18e58747bf538b26a7d9874aed9,11500000,3,True,Assets\Scripts\Assembly-CSharp\WaypointLogic.cs.meta
Assets\Scenes\Tracks\Phineas Track 1.unity,540d7059364354e249f259edfef5d69a,11500000,3,True,Assets\Scripts\Assembly-CSharp\SpeedPoint.cs.meta
Assets\Scenes\Tracks\Phineas Track 1.unity,540d7059364354e249f259edfef5d69a,11500000,3,True,Assets\Scripts\Assembly-CSharp\SpeedPoint.cs.meta
Assets\Scenes\Tracks\Phineas Track 1.unity,e996a18e58747bf538b26a7d9874aed9,11500000,3,True,Assets\Scripts\Assembly-CSharp\WaypointLogic.cs.meta
Assets\Scenes\Tracks\Phineas Track 1.unity,540d7059364354e249f259edfef5d69a,11500000,3,True,Assets\Scripts\Assembly-CSharp\SpeedPoint.cs.meta
Assets\Scenes\Tracks\Phineas Track 1.unity,80004b78694f1129edd555f7161356a9,11500000,3,True,Assets\Scripts\Assembly-CSharp\PickupSpawner.cs.meta
Assets\Scenes\Tracks\Phineas Track 1.unity,e996a18e58747bf538b26a7d9874aed9,11500000,3,True,Assets\Scripts\Assembly-CSharp\WaypointLogic.cs.meta
Assets\Scenes\Tracks\Phineas Track 1.unity,80004b78694f1129edd555f7161356a9,11500000,3,True,Assets\Scripts\Assembly-CSharp\PickupSpawner.cs.meta
Assets\Scenes\Tracks\Phineas Track 1.unity,e996a18e58747bf538b26a7d9874aed9,11500000,3,True,Assets\Scripts\Assembly-CSharp\WaypointLogic.cs.meta
Assets\Scenes\Tracks\Phineas Track 1.unity,e996a18e58747bf538b26a7d9874aed9,11500000,3,True,Assets\Scripts\Assembly-CSharp\WaypointLogic.cs.meta
Assets\Scenes\Tracks\Phineas Track 1.unity,540d7059364354e249f259edfef5d69a,11500000,3,True,Assets\Scripts\Assembly-CSharp\SpeedPoint.cs.meta
Assets\Scenes\Tracks\Phineas Track 1.unity,84dedd87b078241ae96d152250730014,11500000,3,True,Assets\Plugins\Assembly-CSharp-firstpass\UghSprite.cs.meta
Assets\Scenes\Tracks\Phineas Track 1.unity,e996a18e58747bf538b26a7d9874aed9,11500000,3,True,Assets\Scripts\Assembly-CSharp\WaypointLogic.cs.meta
Assets\Scenes\Tracks\Phineas Track 1.unity,80004b78694f1129edd555f7161356a9,11500000,3,True,Assets\Scripts\Assembly-CSharp\PickupSpawner.cs.meta
Assets\Scenes\Tracks\Phineas Track 1.unity,e996a18e58747bf538b26a7d9874aed9,11500000,3,True,Assets\Scripts\Assembly-CSharp\WaypointLogic.cs.meta
Assets\Scenes\Tracks\Phineas Track 1.unity,e996a18e58747bf538b26a7d9874aed9,11500000,3,True,Assets\Scripts\Assembly-CSharp\WaypointLogic.cs.meta
Assets\Scenes\Tracks\Phineas Track 1.unity,540d7059364354e249f259edfef5d69a,11500000,3,True,Assets\Scripts\Assembly-CSharp\SpeedPoint.cs.meta
Assets\Scenes\Tracks\Phineas Track 1.unity,e996a18e58747bf538b26a7d9874aed9,11500000,3,True,Assets\Scripts\Assembly-CSharp\WaypointLogic.cs.meta
Assets\Scenes\Tracks\Phineas Track 1.unity,e33080df6ca488dc2ddb7522478f5e36,11500000,3,True,Assets\Scripts\Assembly-CSharp\SoundLibraryAddendum.cs.meta
Assets\Scenes\Tracks\Phineas Track 1.unity,71c30d28ad73b040f6e74d951b378742,11500000,3,True,Assets\Scripts\Assembly-CSharp\ObjectTrackDistanceLogic.cs.meta
Assets\Scenes\Tracks\Phineas Track 1.unity,0b15208c8a5ae7ff1660a3585ad68237,11500000,3,True,Assets\Scripts\Assembly-CSharp\TerrainEffectTrigger.cs.meta
Assets\Scenes\Tracks\Phineas Track 1.unity,94873483e708f4fa4a57b3033bbbcc5d,11500000,3,True,Assets\Scripts\Assembly-CSharp\AnimatedTexture.cs.meta
Assets\Scenes\Tracks\Phineas Track 1.unity,e996a18e58747bf538b26a7d9874aed9,11500000,3,True,Assets\Scripts\Assembly-CSharp\WaypointLogic.cs.meta
Assets\Scenes\Tracks\Phineas Track 1.unity,e996a18e58747bf538b26a7d9874aed9,11500000,3,True,Assets\Scripts\Assembly-CSharp\WaypointLogic.cs.meta
Assets\Scenes\Tracks\Phineas Track 1.unity,e996a18e58747bf538b26a7d9874aed9,11500000,3,True,Assets\Scripts\Assembly-CSharp\WaypointLogic.cs.meta
Assets\Scenes\Tracks\Phineas Track 1.unity,e996a18e58747bf538b26a7d9874aed9,11500000,3,True,Assets\Scripts\Assembly-CSharp\WaypointLogic.cs.meta
Assets\Scenes\Tracks\Phineas Track 1.unity,84dedd87b078241ae96d152250730014,11500000,3,True,Assets\Plugins\Assembly-CSharp-firstpass\UghSprite.cs.meta
Assets\Scenes\Tracks\Phineas Track 1.unity,540d7059364354e249f259edfef5d69a,11500000,3,True,Assets\Scripts\Assembly-CSharp\SpeedPoint.cs.meta
Assets\Scenes\Tracks\Phineas Track 1.unity,e996a18e58747bf538b26a7d9874aed9,11500000,3,True,Assets\Scripts\Assembly-CSharp\WaypointLogic.cs.meta
Assets\Scenes\Tracks\Phineas Track 1.unity,540d7059364354e249f259edfef5d69a,11500000,3,True,Assets\Scripts\Assembly-CSharp\SpeedPoint.cs.meta
Assets\Scenes\Tracks\Phineas Track 1.unity,540d7059364354e249f259edfef5d69a,11500000,3,True,Assets\Scripts\Assembly-CSharp\SpeedPoint.cs.meta
Assets\Scenes\Tracks\Phineas Track 1.unity,e996a18e58747bf538b26a7d9874aed9,11500000,3,True,Assets\Scripts\Assembly-CSharp\WaypointLogic.cs.meta
Assets\Scenes\Tracks\Phineas Track 1.unity,c67f46bd4e340aa7f64a8e2ae3c03a27,11500000,3,True,Assets\Scripts\Assembly-CSharp\ResetTrigger.cs.meta
Assets\Scenes\Tracks\Phineas Track 1.unity,e996a18e58747bf538b26a7d9874aed9,11500000,3,True,Assets\Scripts\Assembly-CSharp\WaypointLogic.cs.meta
Assets\Scenes\Tracks\Phineas Track 1.unity,540d7059364354e249f259edfef5d69a,11500000,3,True,Assets\Scripts\Assembly-CSharp\SpeedPoint.cs.meta
Assets\Scenes\Tracks\Phineas Track 1.unity,e996a18e58747bf538b26a7d9874aed9,11500000,3,True,Assets\Scripts\Assembly-CSharp\WaypointLogic.cs.meta
Assets\Scenes\Tracks\Phineas Track 1.unity,540d7059364354e249f259edfef5d69a,11500000,3,True,Assets\Scripts\Assembly-CSharp\SpeedPoint.cs.meta
Assets\Scenes\Tracks\Phineas Track 1.unity,540d7059364354e249f259edfef5d69a,11500000,3,True,Assets\Scripts\Assembly-CSharp\SpeedPoint.cs.meta
Assets\Scenes\Tracks\Phineas Track 1.unity,80004b78694f1129edd555f7161356a9,11500000,3,True,Assets\Scripts\Assembly-CSharp\PickupSpawner.cs.meta
Assets\Scenes\Tracks\Phineas Track 1.unity,e996a18e58747bf538b26a7d9874aed9,11500000,3,True,Assets\Scripts\Assembly-CSharp\WaypointLogic.cs.meta
Assets\Scenes\Tracks\Phineas Track 1.unity,e996a18e58747bf538b26a7d9874aed9,11500000,3,True,Assets\Scripts\Assembly-CSharp\WaypointLogic.cs.meta
Assets\Scenes\Tracks\Phineas Track 1.unity,e171dc7613dc84903f6b62f321860d38,11500000,3,True,Assets\Plugins\Assembly-CSharp-firstpass\UghAlign.cs.meta
Assets\Scenes\Tracks\Phineas Track 1.unity,540d7059364354e249f259edfef5d69a,11500000,3,True,Assets\Scripts\Assembly-CSharp\SpeedPoint.cs.meta
Assets\Scenes\Tracks\Phineas Track 1.unity,540d7059364354e249f259edfef5d69a,11500000,3,True,Assets\Scripts\Assembly-CSharp\SpeedPoint.cs.meta
Assets\Scenes\Tracks\Phineas Track 1.unity,84dedd87b078241ae96d152250730014,11500000,3,True,Assets\Plugins\Assembly-CSharp-firstpass\UghSprite.cs.meta
Assets\Scenes\Tracks\Phineas Track 1.unity,e996a18e58747bf538b26a7d9874aed9,11500000,3,True,Assets\Scripts\Assembly-CSharp\WaypointLogic.cs.meta
Assets\Scenes\Tracks\Phineas Track 1.unity,9b4892a27c501fc32d10289e8a2709d7,11500000,3,True,Assets\Scripts\Assembly-CSharp\CoinPoint.cs.meta
Assets\Scenes\Tracks\Phineas Track 1.unity,94873483e708f4fa4a57b3033bbbcc5d,11500000,3,True,Assets\Scripts\Assembly-CSharp\AnimatedTexture.cs.meta
Assets\Scenes\Tracks\Phineas Track 1.unity,0b15208c8a5ae7ff1660a3585ad68237,11500000,3,True,Assets\Scripts\Assembly-CSharp\TerrainEffectTrigger.cs.meta
Assets\Scenes\Tracks\Phineas Track 1.unity,71c30d28ad73b040f6e74d951b378742,11500000,3,True,Assets\Scripts\Assembly-CSharp\ObjectTrackDistanceLogic.cs.meta
Assets\Scenes\Tracks\Phineas Track 1.unity,540d7059364354e249f259edfef5d69a,11500000,3,True,Assets\Scripts\Assembly-CSharp\SpeedPoint.cs.meta
Assets\Scenes\Tracks\Phineas Track 1.unity,c67f46bd4e340aa7f64a8e2ae3c03a27,11500000,3,True,Assets\Scripts\Assembly-CSharp\ResetTrigger.cs.meta
Assets\Scenes\Tracks\Phineas Track 1.unity,84dedd87b078241ae96d152250730014,11500000,3,True,Assets\Plugins\Assembly-CSharp-firstpass\UghSprite.cs.meta
Assets\Scenes\Tracks\Phineas Track 1.unity,7a1d7e408882e95bdbe76a76d6f51e1c,11500000,3,True,Assets\Plugins\Assembly-CSharp-firstpass\UghButton.cs.meta
Assets\Scenes\Tracks\Phineas Track 1.unity,71c30d28ad73b040f6e74d951b378742,11500000,3,True,Assets\Scripts\Assembly-CSharp\ObjectTrackDistanceLogic.cs.meta
Assets\Scenes\Tracks\Phineas Track 1.unity,0b15208c8a5ae7ff1660a3585ad68237,11500000,3,True,Assets\Scripts\Assembly-CSharp\TerrainEffectTrigger.cs.meta
Assets\Scenes\Tracks\Phineas Track 1.unity,94873483e708f4fa4a57b3033bbbcc5d,11500000,3,True,Assets\Scripts\Assembly-CSharp\AnimatedTexture.cs.meta
Assets\Scenes\Tracks\Phineas Track 1.unity,540d7059364354e249f259edfef5d69a,11500000,3,True,Assets\Scripts\Assembly-CSharp\SpeedPoint.cs.meta
Assets\Scenes\Tracks\Phineas Track 1.unity,540d7059364354e249f259edfef5d69a,11500000,3,True,Assets\Scripts\Assembly-CSharp\SpeedPoint.cs.meta
Assets\Scenes\Tracks\Phineas Track 1.unity,540d7059364354e249f259edfef5d69a,11500000,3,True,Assets\Scripts\Assembly-CSharp\SpeedPoint.cs.meta
Assets\Scenes\Tracks\Phineas Track 1.unity,94873483e708f4fa4a57b3033bbbcc5d,11500000,3,True,Assets\Scripts\Assembly-CSharp\AnimatedTexture.cs.meta
Assets\Scenes\Tracks\Phineas Track 1.unity,0b15208c8a5ae7ff1660a3585ad68237,11500000,3,True,Assets\Scripts\Assembly-CSharp\TerrainEffectTrigger.cs.meta
Assets\Scenes\Tracks\Phineas Track 1.unity,71c30d28ad73b040f6e74d951b378742,11500000,3,True,Assets\Scripts\Assembly-CSharp\ObjectTrackDistanceLogic.cs.meta
Assets\Scenes\Tracks\Phineas Track 1.unity,e996a18e58747bf538b26a7d9874aed9,11500000,3,True,Assets\Scripts\Assembly-CSharp\WaypointLogic.cs.meta
Assets\Scenes\Tracks\Phineas Track 1.unity,e996a18e58747bf538b26a7d9874aed9,11500000,3,True,Assets\Scripts\Assembly-CSharp\WaypointLogic.cs.meta
Assets\Scenes\Tracks\Phineas Track 1.unity,0b15208c8a5ae7ff1660a3585ad68237,11500000,3,True,Assets\Scripts\Assembly-CSharp\TerrainEffectTrigger.cs.meta
Assets\Scenes\Tracks\Phineas Track 1.unity,e996a18e58747bf538b26a7d9874aed9,11500000,3,True,Assets\Scripts\Assembly-CSharp\WaypointLogic.cs.meta
Assets\Scenes\Tracks\Phineas Track 1.unity,b88ab20c864889e81141f2df8a116b5b,11500000,3,True,Assets\Plugins\Assembly-CSharp-firstpass\UghText.cs.meta
Assets\Scenes\Tracks\Phineas Track 1.unity,e996a18e58747bf538b26a7d9874aed9,11500000,3,True,Assets\Scripts\Assembly-CSharp\WaypointLogic.cs.meta
Assets\Scenes\Tracks\Phineas Track 1.unity,540d7059364354e249f259edfef5d69a,11500000,3,True,Assets\Scripts\Assembly-CSharp\SpeedPoint.cs.meta
Assets\Scenes\Tracks\Phineas Track 1.unity,7a1d7e408882e95bdbe76a76d6f51e1c,11500000,3,True,Assets\Plugins\Assembly-CSharp-firstpass\UghButton.cs.meta
Assets\Scenes\Tracks\Phineas Track 1.unity,a0737a721fe39abadd36e3afa32dd1f7,11500000,3,True,Assets\Scripts\Assembly-CSharp\CarAIPathManager.cs.meta
Assets\Scenes\Tracks\Phineas Track 1.unity,e996a18e58747bf538b26a7d9874aed9,11500000,3,True,Assets\Scripts\Assembly-CSharp\WaypointLogic.cs.meta
Assets\Scenes\Tracks\Phineas Track 1.unity,540d7059364354e249f259edfef5d69a,11500000,3,True,Assets\Scripts\Assembly-CSharp\SpeedPoint.cs.meta
Assets\Scenes\Tracks\Phineas Track 1.unity,540d7059364354e249f259edfef5d69a,11500000,3,True,Assets\Scripts\Assembly-CSharp\SpeedPoint.cs.meta
Assets\Scenes\Tracks\Phineas Track 1.unity,e996a18e58747bf538b26a7d9874aed9,11500000,3,True,Assets\Scripts\Assembly-CSharp\WaypointLogic.cs.meta
Assets\Scenes\Tracks\Phineas Track 1.unity,540d7059364354e249f259edfef5d69a,11500000,3,True,Assets\Scripts\Assembly-CSharp\SpeedPoint.cs.meta
Assets\Scenes\Tracks\Phineas Track 1.unity,e996a18e58747bf538b26a7d9874aed9,11500000,3,True,Assets\Scripts\Assembly-CSharp\WaypointLogic.cs.meta
Assets\Scenes\Tracks\Phineas Track 1.unity,540d7059364354e249f259edfef5d69a,11500000,3,True,Assets\Scripts\Assembly-CSharp\SpeedPoint.cs.meta
Assets\Scenes\Tracks\Phineas Track 1.unity,e33080df6ca488dc2ddb7522478f5e36,11500000,3,True,Assets\Scripts\Assembly-CSharp\SoundLibraryAddendum.cs.meta
Assets\Scenes\Tracks\Phineas Track 1.unity,e996a18e58747bf538b26a7d9874aed9,11500000,3,True,Assets\Scripts\Assembly-CSharp\WaypointLogic.cs.meta
Assets\Scenes\Tracks\Phineas Track 1.unity,e996a18e58747bf538b26a7d9874aed9,11500000,3,True,Assets\Scripts\Assembly-CSharp\WaypointLogic.cs.meta
Assets\Scenes\Tracks\Phineas Track 1.unity,e996a18e58747bf538b26a7d9874aed9,11500000,3,True,Assets\Scripts\Assembly-CSharp\WaypointLogic.cs.meta
Assets\Scenes\Tracks\Phineas Track 1.unity,540d7059364354e249f259edfef5d69a,11500000,3,True,Assets\Scripts\Assembly-CSharp\SpeedPoint.cs.meta
Assets\Scenes\Tracks\Phineas Track 1.unity,540d7059364354e249f259edfef5d69a,11500000,3,True,Assets\Scripts\Assembly-CSharp\SpeedPoint.cs.meta
Assets\Scenes\Tracks\Phineas Track 1.unity,e996a18e58747bf538b26a7d9874aed9,11500000,3,True,Assets\Scripts\Assembly-CSharp\WaypointLogic.cs.meta
Assets\Scenes\Tracks\Phineas Track 1.unity,540d7059364354e249f259edfef5d69a,11500000,3,True,Assets\Scripts\Assembly-CSharp\SpeedPoint.cs.meta
Assets\Scenes\Tracks\Phineas Track 1.unity,540d7059364354e249f259edfef5d69a,11500000,3,True,Assets\Scripts\Assembly-CSharp\SpeedPoint.cs.meta
Assets\Scenes\Tracks\Phineas Track 1.unity,e996a18e58747bf538b26a7d9874aed9,11500000,3,True,Assets\Scripts\Assembly-CSharp\WaypointLogic.cs.meta
Assets\Scenes\Tracks\Phineas Track 1.unity,e996a18e58747bf538b26a7d9874aed9,11500000,3,True,Assets\Scripts\Assembly-CSharp\WaypointLogic.cs.meta
Assets\Scenes\Tracks\Phineas Track 1.unity,e996a18e58747bf538b26a7d9874aed9,11500000,3,True,Assets\Scripts\Assembly-CSharp\WaypointLogic.cs.meta
Assets\Scenes\Tracks\Phineas Track 1.unity,e996a18e58747bf538b26a7d9874aed9,11500000,3,True,Assets\Scripts\Assembly-CSharp\WaypointLogic.cs.meta
Assets\Scenes\Tracks\Phineas Track 1.unity,e996a18e58747bf538b26a7d9874aed9,11500000,3,True,Assets\Scripts\Assembly-CSharp\WaypointLogic.cs.meta
Assets\Scenes\Tracks\Phineas Track 1.unity,540d7059364354e249f259edfef5d69a,11500000,3,True,Assets\Scripts\Assembly-CSharp\SpeedPoint.cs.meta
Assets\Scenes\Tracks\Phineas Track 1.unity,c67f46bd4e340aa7f64a8e2ae3c03a27,11500000,3,True,Assets\Scripts\Assembly-CSharp\ResetTrigger.cs.meta
Assets\Scenes\Tracks\Phineas Track 1.unity,540d7059364354e249f259edfef5d69a,11500000,3,True,Assets\Scripts\Assembly-CSharp\SpeedPoint.cs.meta
Assets\Scenes\Tracks\Phineas Track 1.unity,0b15208c8a5ae7ff1660a3585ad68237,11500000,3,True,Assets\Scripts\Assembly-CSharp\TerrainEffectTrigger.cs.meta
Assets\Scenes\Tracks\Phineas Track 1.unity,71c30d28ad73b040f6e74d951b378742,11500000,3,True,Assets\Scripts\Assembly-CSharp\ObjectTrackDistanceLogic.cs.meta
Assets\Scenes\Tracks\Phineas Track 1.unity,94873483e708f4fa4a57b3033bbbcc5d,11500000,3,True,Assets\Scripts\Assembly-CSharp\AnimatedTexture.cs.meta
Assets\Scenes\Tracks\Phineas Track 1.unity,a5927ab13b8fd57ed5089057e948c6a8,11500000,3,True,Assets\Scripts\Assembly-CSharp\ProgressTriggerLogic.cs.meta
Assets\Scenes\Tracks\Phineas Track 1.unity,e996a18e58747bf538b26a7d9874aed9,11500000,3,True,Assets\Scripts\Assembly-CSharp\WaypointLogic.cs.meta
Assets\Scenes\Tracks\Phineas Track 1.unity,e996a18e58747bf538b26a7d9874aed9,11500000,3,True,Assets\Scripts\Assembly-CSharp\WaypointLogic.cs.meta
Assets\Scenes\Tracks\Phineas Track 1.unity,e996a18e58747bf538b26a7d9874aed9,11500000,3,True,Assets\Scripts\Assembly-CSharp\WaypointLogic.cs.meta
Assets\Scenes\Tracks\Phineas Track 1.unity,e996a18e58747bf538b26a7d9874aed9,11500000,3,True,Assets\Scripts\Assembly-CSharp\WaypointLogic.cs.meta
Assets\Scenes\Tracks\Phineas Track 1.unity,e171dc7613dc84903f6b62f321860d38,11500000,3,True,Assets\Plugins\Assembly-CSharp-firstpass\UghAlign.cs.meta
Assets\Scenes\Tracks\Phineas Track 1.unity,84dedd87b078241ae96d152250730014,11500000,3,True,Assets\Plugins\Assembly-CSharp-firstpass\UghSprite.cs.meta
Assets\Scenes\Tracks\Phineas Track 1.unity,a5927ab13b8fd57ed5089057e948c6a8,11500000,3,True,Assets\Scripts\Assembly-CSharp\ProgressTriggerLogic.cs.meta
Assets\Scenes\Tracks\Phineas Track 1.unity,540d7059364354e249f259edfef5d69a,11500000,3,True,Assets\Scripts\Assembly-CSharp\SpeedPoint.cs.meta
Assets\Scenes\Tracks\Phineas Track 1.unity,e996a18e58747bf538b26a7d9874aed9,11500000,3,True,Assets\Scripts\Assembly-CSharp\WaypointLogic.cs.meta
Assets\Scenes\Tracks\Phineas Track 1.unity,540d7059364354e249f259edfef5d69a,11500000,3,True,Assets\Scripts\Assembly-CSharp\SpeedPoint.cs.meta
Assets\Scenes\Tracks\Phineas Track 1.unity,246f7afd4c00a9e3e9edfd9f644012c9,11500000,3,True,Assets\Scripts\Assembly-CSharp\DebugTrackStrapper.cs.meta
Assets\Scenes\Tracks\Phineas Track 1.unity,84dedd87b078241ae96d152250730014,11500000,3,True,Assets\Plugins\Assembly-CSharp-firstpass\UghSprite.cs.meta
Assets\Scenes\Tracks\Phineas Track 1.unity,540d7059364354e249f259edfef5d69a,11500000,3,True,Assets\Scripts\Assembly-CSharp\SpeedPoint.cs.meta
Assets\Scenes\Tracks\Phineas Track 1.unity,e996a18e58747bf538b26a7d9874aed9,11500000,3,True,Assets\Scripts\Assembly-CSharp\WaypointLogic.cs.meta
Assets\Scenes\Tracks\Phineas Track 1.unity,94873483e708f4fa4a57b3033bbbcc5d,11500000,3,True,Assets\Scripts\Assembly-CSharp\AnimatedTexture.cs.meta
Assets\Scenes\Tracks\Phineas Track 1.unity,0b15208c8a5ae7ff1660a3585ad68237,11500000,3,True,Assets\Scripts\Assembly-CSharp\TerrainEffectTrigger.cs.meta
Assets\Scenes\Tracks\Phineas Track 1.unity,71c30d28ad73b040f6e74d951b378742,11500000,3,True,Assets\Scripts\Assembly-CSharp\ObjectTrackDistanceLogic.cs.meta
Assets\Scenes\Tracks\Phineas Track 1.unity,b88ab20c864889e81141f2df8a116b5b,11500000,3,True,Assets\Plugins\Assembly-CSharp-firstpass\UghText.cs.meta
Assets\Scenes\Tracks\Phineas Track 1.unity,80004b78694f1129edd555f7161356a9,11500000,3,True,Assets\Scripts\Assembly-CSharp\PickupSpawner.cs.meta
Assets\Scenes\Tracks\Phineas Track 1.unity,e996a18e58747bf538b26a7d9874aed9,11500000,3,True,Assets\Scripts\Assembly-CSharp\WaypointLogic.cs.meta
Assets\Scenes\Tracks\Phineas Track 1.unity,e996a18e58747bf538b26a7d9874aed9,11500000,3,True,Assets\Scripts\Assembly-CSharp\WaypointLogic.cs.meta
Assets\Scenes\Tracks\Phineas Track 1.unity,94873483e708f4fa4a57b3033bbbcc5d,11500000,3,True,Assets\Scripts\Assembly-CSharp\AnimatedTexture.cs.meta
Assets\Scenes\Tracks\Phineas Track 1.unity,71c30d28ad73b040f6e74d951b378742,11500000,3,True,Assets\Scripts\Assembly-CSharp\ObjectTrackDistanceLogic.cs.meta
Assets\Scenes\Tracks\Phineas Track 1.unity,0b15208c8a5ae7ff1660a3585ad68237,11500000,3,True,Assets\Scripts\Assembly-CSharp\TerrainEffectTrigger.cs.meta
Assets\Scenes\Tracks\Phineas Track 1.unity,540d7059364354e249f259edfef5d69a,11500000,3,True,Assets\Scripts\Assembly-CSharp\SpeedPoint.cs.meta
Assets\Scenes\Tracks\Phineas Track 1.unity,540d7059364354e249f259edfef5d69a,11500000,3,True,Assets\Scripts\Assembly-CSharp\SpeedPoint.cs.meta
Assets\Scenes\Tracks\Phineas Track 1.unity,540d7059364354e249f259edfef5d69a,11500000,3,True,Assets\Scripts\Assembly-CSharp\SpeedPoint.cs.meta
Assets\Scenes\Tracks\Phineas Track 1.unity,e996a18e58747bf538b26a7d9874aed9,11500000,3,True,Assets\Scripts\Assembly-CSharp\WaypointLogic.cs.meta
Assets\Scenes\Tracks\Phineas Track 1.unity,540d7059364354e249f259edfef5d69a,11500000,3,True,Assets\Scripts\Assembly-CSharp\SpeedPoint.cs.meta
Assets\Scenes\Tracks\Phineas Track 1.unity,e996a18e58747bf538b26a7d9874aed9,11500000,3,True,Assets\Scripts\Assembly-CSharp\WaypointLogic.cs.meta
Assets\Scenes\Tracks\Phineas Track 1.unity,540d7059364354e249f259edfef5d69a,11500000,3,True,Assets\Scripts\Assembly-CSharp\SpeedPoint.cs.meta
Assets\Scenes\Tracks\Phineas Track 1.unity,540d7059364354e249f259edfef5d69a,11500000,3,True,Assets\Scripts\Assembly-CSharp\SpeedPoint.cs.meta
Assets\Scenes\Tracks\Phineas Track 1.unity,9b4892a27c501fc32d10289e8a2709d7,11500000,3,True,Assets\Scripts\Assembly-CSharp\CoinPoint.cs.meta
Assets\Scenes\Tracks\Phineas Track 1.unity,e996a18e58747bf538b26a7d9874aed9,11500000,3,True,Assets\Scripts\Assembly-CSharp\WaypointLogic.cs.meta
Assets\Scenes\Tracks\Phineas Track 1.unity,94873483e708f4fa4a57b3033bbbcc5d,11500000,3,True,Assets\Scripts\Assembly-CSharp\AnimatedTexture.cs.meta
Assets\Scenes\Tracks\Phineas Track 1.unity,e996a18e58747bf538b26a7d9874aed9,11500000,3,True,Assets\Scripts\Assembly-CSharp\WaypointLogic.cs.meta
Assets\Scenes\Tracks\Phineas Track 1.unity,84dedd87b078241ae96d152250730014,11500000,3,True,Assets\Plugins\Assembly-CSharp-firstpass\UghSprite.cs.meta
Assets\Scenes\Tracks\Phineas Track 1.unity,540d7059364354e249f259edfef5d69a,11500000,3,True,Assets\Scripts\Assembly-CSharp\SpeedPoint.cs.meta
Assets\Scenes\Tracks\Phineas Track 1.unity,054475368ac70ce39f51fab67e0d6080,11500000,3,True,Assets\Scripts\Assembly-CSharp\ReverseButton.cs.meta
Assets\Scenes\Tracks\Phineas Track 1.unity,540d7059364354e249f259edfef5d69a,11500000,3,True,Assets\Scripts\Assembly-CSharp\SpeedPoint.cs.meta
Assets\Scenes\Tracks\Phineas Track 1.unity,540d7059364354e249f259edfef5d69a,11500000,3,True,Assets\Scripts\Assembly-CSharp\SpeedPoint.cs.meta
Assets\Scenes\Tracks\Phineas Track 1.unity,540d7059364354e249f259edfef5d69a,11500000,3,True,Assets\Scripts\Assembly-CSharp\SpeedPoint.cs.meta
Assets\Scenes\Tracks\Phineas Track 1.unity,80004b78694f1129edd555f7161356a9,11500000,3,True,Assets\Scripts\Assembly-CSharp\PickupSpawner.cs.meta
Assets\Scenes\Tracks\Phineas Track 1.unity,e996a18e58747bf538b26a7d9874aed9,11500000,3,True,Assets\Scripts\Assembly-CSharp\WaypointLogic.cs.meta
Assets\Scenes\Tracks\Phineas Track 1.unity,e996a18e58747bf538b26a7d9874aed9,11500000,3,True,Assets\Scripts\Assembly-CSharp\WaypointLogic.cs.meta
Assets\Scenes\Tracks\Phineas Track 1.unity,222969e5f509aca8e5d482c6c17f2a47,11500000,3,True,Assets\Scripts\Assembly-CSharp\HUDLogic.cs.meta
Assets\Scenes\Tracks\Phineas Track 1.unity,540d7059364354e249f259edfef5d69a,11500000,3,True,Assets\Scripts\Assembly-CSharp\SpeedPoint.cs.meta
Assets\Scenes\Tracks\Phineas Track 1.unity,540d7059364354e249f259edfef5d69a,11500000,3,True,Assets\Scripts\Assembly-CSharp\SpeedPoint.cs.meta
Assets\Scenes\Tracks\Phineas Track 1.unity,540d7059364354e249f259edfef5d69a,11500000,3,True,Assets\Scripts\Assembly-CSharp\SpeedPoint.cs.meta
Assets\Scenes\Tracks\Phineas Track 1.unity,540d7059364354e249f259edfef5d69a,11500000,3,True,Assets\Scripts\Assembly-CSharp\SpeedPoint.cs.meta
Assets\Scenes\Tracks\Phineas Track 1.unity,84dedd87b078241ae96d152250730014,11500000,3,True,Assets\Plugins\Assembly-CSharp-firstpass\UghSprite.cs.meta
Assets\Scenes\Tracks\Phineas Track 1.unity,e996a18e58747bf538b26a7d9874aed9,11500000,3,True,Assets\Scripts\Assembly-CSharp\WaypointLogic.cs.meta
Assets\Scenes\Tracks\Phineas Track 1.unity,e996a18e58747bf538b26a7d9874aed9,11500000,3,True,Assets\Scripts\Assembly-CSharp\WaypointLogic.cs.meta
Assets\Scenes\Tracks\Phineas Track 1.unity,c67f46bd4e340aa7f64a8e2ae3c03a27,11500000,3,True,Assets\Scripts\Assembly-CSharp\ResetTrigger.cs.meta
Assets\Scenes\Tracks\Phineas Track 1.unity,2d217cf7310cb33e8ef103f1af340700,11500000,3,True,Assets\Scripts\Assembly-CSharp\BlipTrackPublisher.cs.meta
Assets\Scenes\Tracks\Phineas Track 1.unity,540d7059364354e249f259edfef5d69a,11500000,3,True,Assets\Scripts\Assembly-CSharp\SpeedPoint.cs.meta
Assets\Scenes\Tracks\Phineas Track 1.unity,e171dc7613dc84903f6b62f321860d38,11500000,3,True,Assets\Plugins\Assembly-CSharp-firstpass\UghAlign.cs.meta
Assets\Scenes\Tracks\Phineas Track 1.unity,e996a18e58747bf538b26a7d9874aed9,11500000,3,True,Assets\Scripts\Assembly-CSharp\WaypointLogic.cs.meta
Assets\Scenes\Tracks\Phineas Track 1.unity,540d7059364354e249f259edfef5d69a,11500000,3,True,Assets\Scripts\Assembly-CSharp\SpeedPoint.cs.meta
Assets\Scenes\Tracks\Phineas Track 1.unity,84dedd87b078241ae96d152250730014,11500000,3,True,Assets\Plugins\Assembly-CSharp-firstpass\UghSprite.cs.meta
Assets\Scenes\Tracks\Phineas Track 1.unity,540d7059364354e249f259edfef5d69a,11500000,3,True,Assets\Scripts\Assembly-CSharp\SpeedPoint.cs.meta
Assets\Scenes\Tracks\Phineas Track 1.unity,e996a18e58747bf538b26a7d9874aed9,11500000,3,True,Assets\Scripts\Assembly-CSharp\WaypointLogic.cs.meta
Assets\Scenes\Tracks\Phineas Track 1.unity,9b4892a27c501fc32d10289e8a2709d7,11500000,3,True,Assets\Scripts\Assembly-CSharp\CoinPoint.cs.meta
Assets\Scenes\Tracks\Phineas Track 1.unity,540d7059364354e249f259edfef5d69a,11500000,3,True,Assets\Scripts\Assembly-CSharp\SpeedPoint.cs.meta
Assets\Scenes\Tracks\Phineas Track 1.unity,540d7059364354e249f259edfef5d69a,11500000,3,True,Assets\Scripts\Assembly-CSharp\SpeedPoint.cs.meta
Assets\Scenes\Tracks\Phineas Track 1.unity,0b15208c8a5ae7ff1660a3585ad68237,11500000,3,True,Assets\Scripts\Assembly-CSharp\TerrainEffectTrigger.cs.meta
Assets\Scenes\Tracks\Phineas Track 1.unity,71c30d28ad73b040f6e74d951b378742,11500000,3,True,Assets\Scripts\Assembly-CSharp\ObjectTrackDistanceLogic.cs.meta
Assets\Scenes\Tracks\Phineas Track 1.unity,94873483e708f4fa4a57b3033bbbcc5d,11500000,3,True,Assets\Scripts\Assembly-CSharp\AnimatedTexture.cs.meta
Assets\Scenes\Tracks\Phineas Track 1.unity,540d7059364354e249f259edfef5d69a,11500000,3,True,Assets\Scripts\Assembly-CSharp\SpeedPoint.cs.meta
Assets\Scenes\Tracks\Phineas Track 1.unity,e996a18e58747bf538b26a7d9874aed9,11500000,3,True,Assets\Scripts\Assembly-CSharp\WaypointLogic.cs.meta
Assets\Scenes\Tracks\Phineas Track 1.unity,e996a18e58747bf538b26a7d9874aed9,11500000,3,True,Assets\Scripts\Assembly-CSharp\WaypointLogic.cs.meta
Assets\Scenes\Tracks\Phineas Track 1.unity,540d7059364354e249f259edfef5d69a,11500000,3,True,Assets\Scripts\Assembly-CSharp\SpeedPoint.cs.meta
Assets\Scenes\Tracks\Phineas Track 1.unity,540d7059364354e249f259edfef5d69a,11500000,3,True,Assets\Scripts\Assembly-CSharp\SpeedPoint.cs.meta
Assets\Scenes\Tracks\Phineas Track 1.unity,b88ab20c864889e81141f2df8a116b5b,11500000,3,True,Assets\Plugins\Assembly-CSharp-firstpass\UghText.cs.meta
Assets\Scenes\Tracks\Phineas Track 1.unity,e996a18e58747bf538b26a7d9874aed9,11500000,3,True,Assets\Scripts\Assembly-CSharp\WaypointLogic.cs.meta
Assets\Scenes\Tracks\Phineas Track 1.unity,e996a18e58747bf538b26a7d9874aed9,11500000,3,True,Assets\Scripts\Assembly-CSharp\WaypointLogic.cs.meta
Assets\Scenes\Tracks\Phineas Track 1.unity,9b4892a27c501fc32d10289e8a2709d7,11500000,3,True,Assets\Scripts\Assembly-CSharp\CoinPoint.cs.meta
Assets\Scenes\Tracks\Phineas Track 1.unity,540d7059364354e249f259edfef5d69a,11500000,3,True,Assets\Scripts\Assembly-CSharp\SpeedPoint.cs.meta
Assets\Scenes\Tracks\Phineas Track 1.unity,8fcdaa4213aa6ec14c06f158bdb5d5ff,11500000,3,True,Assets\Scripts\Assembly-CSharp\LocalizedAssetSwapper.cs.meta
Assets\Scenes\Tracks\Phineas Track 1.unity,e996a18e58747bf538b26a7d9874aed9,11500000,3,True,Assets\Scripts\Assembly-CSharp\WaypointLogic.cs.meta
Assets\Scenes\Tracks\Phineas Track 1.unity,540d7059364354e249f259edfef5d69a,11500000,3,True,Assets\Scripts\Assembly-CSharp\SpeedPoint.cs.meta
Assets\Scenes\Tracks\Phineas Track 1.unity,897af2fedee1dbc8742a968fb3f7e962,11500000,3,True,Assets\Scripts\Assembly-CSharp\RaceManager.cs.meta
Assets\Scenes\Tracks\Phineas Track 1.unity,540d7059364354e249f259edfef5d69a,11500000,3,True,Assets\Scripts\Assembly-CSharp\SpeedPoint.cs.meta
Assets\Scenes\Tracks\Phineas Track 1.unity,540d7059364354e249f259edfef5d69a,11500000,3,True,Assets\Scripts\Assembly-CSharp\SpeedPoint.cs.meta
Assets\Scenes\Tracks\Phineas Track 1.unity,540d7059364354e249f259edfef5d69a,11500000,3,True,Assets\Scripts\Assembly-CSharp\SpeedPoint.cs.meta
Assets\Scenes\Tracks\Phineas Track 1.unity,e996a18e58747bf538b26a7d9874aed9,11500000,3,True,Assets\Scripts\Assembly-CSharp\WaypointLogic.cs.meta
Assets\Scenes\Tracks\Phineas Track 1.unity,540d7059364354e249f259edfef5d69a,11500000,3,True,Assets\Scripts\Assembly-CSharp\SpeedPoint.cs.meta
Assets\Scenes\Tracks\Phineas Track 1.unity,e171dc7613dc84903f6b62f321860d38,11500000,3,True,Assets\Plugins\Assembly-CSharp-firstpass\UghAlign.cs.meta
Assets\Scenes\Tracks\Phineas Track 1.unity,540d7059364354e249f259edfef5d69a,11500000,3,True,Assets\Scripts\Assembly-CSharp\SpeedPoint.cs.meta
Assets\Scenes\Tracks\Phineas Track 1.unity,e996a18e58747bf538b26a7d9874aed9,11500000,3,True,Assets\Scripts\Assembly-CSharp\WaypointLogic.cs.meta
Assets\Scenes\Tracks\Phineas Track 1.unity,e996a18e58747bf538b26a7d9874aed9,11500000,3,True,Assets\Scripts\Assembly-CSharp\WaypointLogic.cs.meta
Assets\Scenes\Tracks\Phineas Track 1.unity,540d7059364354e249f259edfef5d69a,11500000,3,True,Assets\Scripts\Assembly-CSharp\SpeedPoint.cs.meta
Assets\Scenes\Tracks\Phineas Track 1.unity,71c30d28ad73b040f6e74d951b378742,11500000,3,True,Assets\Scripts\Assembly-CSharp\ObjectTrackDistanceLogic.cs.meta
Assets\Scenes\Tracks\Phineas Track 1.unity,0b15208c8a5ae7ff1660a3585ad68237,11500000,3,True,Assets\Scripts\Assembly-CSharp\TerrainEffectTrigger.cs.meta
Assets\Scenes\Tracks\Phineas Track 1.unity,94873483e708f4fa4a57b3033bbbcc5d,11500000,3,True,Assets\Scripts\Assembly-CSharp\AnimatedTexture.cs.meta
Assets\Scenes\Tracks\Phineas Track 1.unity,e996a18e58747bf538b26a7d9874aed9,11500000,3,True,Assets\Scripts\Assembly-CSharp\WaypointLogic.cs.meta
Assets\Scenes\Tracks\Phineas Track 1.unity,94873483e708f4fa4a57b3033bbbcc5d,11500000,3,True,Assets\Scripts\Assembly-CSharp\AnimatedTexture.cs.meta
Assets\Scenes\Tracks\Phineas Track 1.unity,0b15208c8a5ae7ff1660a3585ad68237,11500000,3,True,Assets\Scripts\Assembly-CSharp\TerrainEffectTrigger.cs.meta
Assets\Scenes\Tracks\Phineas Track 1.unity,71c30d28ad73b040f6e74d951b378742,11500000,3,True,Assets\Scripts\Assembly-CSharp\ObjectTrackDistanceLogic.cs.meta
Assets\Scenes\Tracks\Phineas Track 1.unity,d023be04c46e426c31d87f45651d35dd,11500000,3,True,Assets\Plugins\Assembly-CSharp-firstpass\UghInput.cs.meta
Assets\Scenes\Tracks\Phineas Track 1.unity,e996a18e58747bf538b26a7d9874aed9,11500000,3,True,Assets\Scripts\Assembly-CSharp\WaypointLogic.cs.meta
Assets\Scenes\Tracks\Phineas Track 1.unity,540d7059364354e249f259edfef5d69a,11500000,3,True,Assets\Scripts\Assembly-CSharp\SpeedPoint.cs.meta
Assets\Scenes\Tracks\Phineas Track 1.unity,84dedd87b078241ae96d152250730014,11500000,3,True,Assets\Plugins\Assembly-CSharp-firstpass\UghSprite.cs.meta
Assets\Scenes\Tracks\Phineas Track 1.unity,e996a18e58747bf538b26a7d9874aed9,11500000,3,True,Assets\Scripts\Assembly-CSharp\WaypointLogic.cs.meta
Assets\Scenes\Tracks\Phineas Track 1.unity,e996a18e58747bf538b26a7d9874aed9,11500000,3,True,Assets\Scripts\Assembly-CSharp\WaypointLogic.cs.meta
Assets\Scenes\Tracks\Phineas Track 1.unity,e996a18e58747bf538b26a7d9874aed9,11500000,3,True,Assets\Scripts\Assembly-CSharp\WaypointLogic.cs.meta
Assets\Scenes\Tracks\Phineas Track 1.unity,80004b78694f1129edd555f7161356a9,11500000,3,True,Assets\Scripts\Assembly-CSharp\PickupSpawner.cs.meta
Assets\Scenes\Tracks\Phineas Track 1.unity,e996a18e58747bf538b26a7d9874aed9,11500000,3,True,Assets\Scripts\Assembly-CSharp\WaypointLogic.cs.meta
Assets\Scenes\Tracks\Phineas Track 1.unity,540d7059364354e249f259edfef5d69a,11500000,3,True,Assets\Scripts\Assembly-CSharp\SpeedPoint.cs.meta
Assets\Scenes\Tracks\Phineas Track 1.unity,80004b78694f1129edd555f7161356a9,11500000,3,True,Assets\Scripts\Assembly-CSharp\PickupSpawner.cs.meta
Assets\Scenes\Tracks\Phineas Track 1.unity,e996a18e58747bf538b26a7d9874aed9,11500000,3,True,Assets\Scripts\Assembly-CSharp\WaypointLogic.cs.meta
Assets\Scenes\Tracks\Phineas Track 1.unity,e171dc7613dc84903f6b62f321860d38,11500000,3,True,Assets\Plugins\Assembly-CSharp-firstpass\UghAlign.cs.meta
Assets\Scenes\Tracks\Phineas Track 1.unity,540d7059364354e249f259edfef5d69a,11500000,3,True,Assets\Scripts\Assembly-CSharp\SpeedPoint.cs.meta
Assets\Scenes\Tracks\Phineas Track 1.unity,e996a18e58747bf538b26a7d9874aed9,11500000,3,True,Assets\Scripts\Assembly-CSharp\WaypointLogic.cs.meta
Assets\Scenes\Tracks\Phineas Track 1.unity,e996a18e58747bf538b26a7d9874aed9,11500000,3,True,Assets\Scripts\Assembly-CSharp\WaypointLogic.cs.meta
Assets\Scenes\Tracks\Phineas Track 1.unity,e996a18e58747bf538b26a7d9874aed9,11500000,3,True,Assets\Scripts\Assembly-CSharp\WaypointLogic.cs.meta
Assets\Scenes\Tracks\Phineas Track 1.unity,540d7059364354e249f259edfef5d69a,11500000,3,True,Assets\Scripts\Assembly-CSharp\SpeedPoint.cs.meta
Assets\Scenes\Tracks\Phineas Track 1.unity,e996a18e58747bf538b26a7d9874aed9,11500000,3,True,Assets\Scripts\Assembly-CSharp\WaypointLogic.cs.meta
Assets\Scenes\Tracks\Phineas Track 1.unity,acaf138463e14d81a04866c56f233523,11500000,3,True,Assets\Scripts\Assembly-CSharp\DriftButton.cs.meta
Assets\Scenes\Tracks\Phineas Track 1.unity,540d7059364354e249f259edfef5d69a,11500000,3,True,Assets\Scripts\Assembly-CSharp\SpeedPoint.cs.meta
Assets\Scenes\Tracks\Phineas Track 1.unity,540d7059364354e249f259edfef5d69a,11500000,3,True,Assets\Scripts\Assembly-CSharp\SpeedPoint.cs.meta
Assets\Scenes\Tracks\Phineas Track 1.unity,e996a18e58747bf538b26a7d9874aed9,11500000,3,True,Assets\Scripts\Assembly-CSharp\WaypointLogic.cs.meta
Assets\Scenes\Tracks\Phineas Track 1.unity,80004b78694f1129edd555f7161356a9,11500000,3,True,Assets\Scripts\Assembly-CSharp\PickupSpawner.cs.meta
Assets\Scenes\Tracks\Phineas Track 1.unity,94873483e708f4fa4a57b3033bbbcc5d,11500000,3,True,Assets\Scripts\Assembly-CSharp\AnimatedTexture.cs.meta
Assets\Scenes\Tracks\Phineas Track 1.unity,71c30d28ad73b040f6e74d951b378742,11500000,3,True,Assets\Scripts\Assembly-CSharp\ObjectTrackDistanceLogic.cs.meta
Assets\Scenes\Tracks\Phineas Track 1.unity,0b15208c8a5ae7ff1660a3585ad68237,11500000,3,True,Assets\Scripts\Assembly-CSharp\TerrainEffectTrigger.cs.meta
Assets\Scenes\Tracks\Phineas Track 1.unity,540d7059364354e249f259edfef5d69a,11500000,3,True,Assets\Scripts\Assembly-CSharp\SpeedPoint.cs.meta
Assets\Scenes\Tracks\Phineas Track 1.unity,540d7059364354e249f259edfef5d69a,11500000,3,True,Assets\Scripts\Assembly-CSharp\SpeedPoint.cs.meta
Assets\Scenes\Tracks\Phineas Track 1.unity,540d7059364354e249f259edfef5d69a,11500000,3,True,Assets\Scripts\Assembly-CSharp\SpeedPoint.cs.meta
Assets\Scenes\Tracks\Phineas Track 1.unity,e996a18e58747bf538b26a7d9874aed9,11500000,3,True,Assets\Scripts\Assembly-CSharp\WaypointLogic.cs.meta
Assets\Scenes\Tracks\Phineas Track 1.unity,71c30d28ad73b040f6e74d951b378742,11500000,3,True,Assets\Scripts\Assembly-CSharp\ObjectTrackDistanceLogic.cs.meta
Assets\Scenes\Tracks\Phineas Track 1.unity,0b15208c8a5ae7ff1660a3585ad68237,11500000,3,True,Assets\Scripts\Assembly-CSharp\TerrainEffectTrigger.cs.meta
Assets\Scenes\Tracks\Phineas Track 1.unity,94873483e708f4fa4a57b3033bbbcc5d,11500000,3,True,Assets\Scripts\Assembly-CSharp\AnimatedTexture.cs.meta
Assets\Scenes\Tracks\Phineas Track 1.unity,b88ab20c864889e81141f2df8a116b5b,11500000,3,True,Assets\Plugins\Assembly-CSharp-firstpass\UghText.cs.meta
Assets\Scenes\Tracks\Phineas Track 1.unity,e996a18e58747bf538b26a7d9874aed9,11500000,3,True,Assets\Scripts\Assembly-CSharp\WaypointLogic.cs.meta
Assets\Scenes\Tracks\Phineas Track 1.unity,540d7059364354e249f259edfef5d69a,11500000,3,True,Assets\Scripts\Assembly-CSharp\SpeedPoint.cs.meta
Assets\Scenes\Tracks\Phineas Track 1.unity,c67f46bd4e340aa7f64a8e2ae3c03a27,11500000,3,True,Assets\Scripts\Assembly-CSharp\ResetTrigger.cs.meta
Assets\Scenes\Tracks\Phineas Track 1.unity,e996a18e58747bf538b26a7d9874aed9,11500000,3,True,Assets\Scripts\Assembly-CSharp\WaypointLogic.cs.meta
Assets\Scenes\Tracks\Phineas Track 1.unity,0b15208c8a5ae7ff1660a3585ad68237,11500000,3,True,Assets\Scripts\Assembly-CSharp\TerrainEffectTrigger.cs.meta
Assets\Scenes\Tracks\Phineas Track 1.unity,540d7059364354e249f259edfef5d69a,11500000,3,True,Assets\Scripts\Assembly-CSharp\SpeedPoint.cs.meta
Assets\Scenes\Tracks\Phineas Track 1.unity,540d7059364354e249f259edfef5d69a,11500000,3,True,Assets\Scripts\Assembly-CSharp\SpeedPoint.cs.meta
Assets\Scenes\Tracks\Phineas Track 1.unity,e996a18e58747bf538b26a7d9874aed9,11500000,3,True,Assets\Scripts\Assembly-CSharp\WaypointLogic.cs.meta
Assets\Scenes\Tracks\Phineas Track 1.unity,c67f46bd4e340aa7f64a8e2ae3c03a27,11500000,3,True,Assets\Scripts\Assembly-CSharp\ResetTrigger.cs.meta
Assets\Scenes\Tracks\Phineas Track 1.unity,a5927ab13b8fd57ed5089057e948c6a8,11500000,3,True,Assets\Scripts\Assembly-CSharp\ProgressTriggerLogic.cs.meta
Assets\Scenes\Tracks\Phineas Track 1.unity,80004b78694f1129edd555f7161356a9,11500000,3,True,Assets\Scripts\Assembly-CSharp\PickupSpawner.cs.meta
Assets\Scenes\Tracks\Phineas Track 1.unity,540d7059364354e249f259edfef5d69a,11500000,3,True,Assets\Scripts\Assembly-CSharp\SpeedPoint.cs.meta
Assets\Scenes\Tracks\Phineas Track 1.unity,b88ab20c864889e81141f2df8a116b5b,11500000,3,True,Assets\Plugins\Assembly-CSharp-firstpass\UghText.cs.meta
Assets\Scenes\Tracks\Phineas Track 1.unity,a5927ab13b8fd57ed5089057e948c6a8,11500000,3,True,Assets\Scripts\Assembly-CSharp\ProgressTriggerLogic.cs.meta
Assets\Scenes\Tracks\Phineas Track 1.unity,540d7059364354e249f259edfef5d69a,11500000,3,True,Assets\Scripts\Assembly-CSharp\SpeedPoint.cs.meta
Assets\Scenes\Tracks\Phineas Track 1.unity,540d7059364354e249f259edfef5d69a,11500000,3,True,Assets\Scripts\Assembly-CSharp\SpeedPoint.cs.meta
Assets\Scenes\Tracks\Phineas Track 1.unity,80004b78694f1129edd555f7161356a9,11500000,3,True,Assets\Scripts\Assembly-CSharp\PickupSpawner.cs.meta
Assets\Scenes\Tracks\Phineas Track 1.unity,e996a18e58747bf538b26a7d9874aed9,11500000,3,True,Assets\Scripts\Assembly-CSharp\WaypointLogic.cs.meta
Assets\Scenes\Tracks\Phineas Track 1.unity,e996a18e58747bf538b26a7d9874aed9,11500000,3,True,Assets\Scripts\Assembly-CSharp\WaypointLogic.cs.meta
Assets\Scenes\Tracks\Phineas Track 1.unity,84dedd87b078241ae96d152250730014,11500000,3,True,Assets\Plugins\Assembly-CSharp-firstpass\UghSprite.cs.meta
Assets\Scenes\Tracks\Phineas Track 1.unity,540d7059364354e249f259edfef5d69a,11500000,3,True,Assets\Scripts\Assembly-CSharp\SpeedPoint.cs.meta
Assets\Scenes\Tracks\Phineas Track 1.unity,e996a18e58747bf538b26a7d9874aed9,11500000,3,True,Assets\Scripts\Assembly-CSharp\WaypointLogic.cs.meta
Assets\Scenes\Tracks\Phineas Track 1.unity,e996a18e58747bf538b26a7d9874aed9,11500000,3,True,Assets\Scripts\Assembly-CSharp\WaypointLogic.cs.meta
Assets\Scenes\Tracks\Phineas Track 1.unity,80004b78694f1129edd555f7161356a9,11500000,3,True,Assets\Scripts\Assembly-CSharp\PickupSpawner.cs.meta
Assets\Scenes\Tracks\Phineas Track 1.unity,e996a18e58747bf538b26a7d9874aed9,11500000,3,True,Assets\Scripts\Assembly-CSharp\WaypointLogic.cs.meta
Assets\Scenes\Tracks\Phineas Track 1.unity,540d7059364354e249f259edfef5d69a,11500000,3,True,Assets\Scripts\Assembly-CSharp\SpeedPoint.cs.meta
Assets\Scenes\Tracks\Phineas Track 1.unity,540d7059364354e249f259edfef5d69a,11500000,3,True,Assets\Scripts\Assembly-CSharp\SpeedPoint.cs.meta
Assets\Scenes\Tracks\Phineas Track 1.unity,9b4892a27c501fc32d10289e8a2709d7,11500000,3,True,Assets\Scripts\Assembly-CSharp\CoinPoint.cs.meta
Assets\Scenes\Tracks\Phineas Track 1.unity,e996a18e58747bf538b26a7d9874aed9,11500000,3,True,Assets\Scripts\Assembly-CSharp\WaypointLogic.cs.meta
Assets\Scenes\Tracks\Phineas Track 1.unity,e996a18e58747bf538b26a7d9874aed9,11500000,3,True,Assets\Scripts\Assembly-CSharp\WaypointLogic.cs.meta
Assets\Scenes\Tracks\Phineas Track 1.unity,94873483e708f4fa4a57b3033bbbcc5d,11500000,3,True,Assets\Scripts\Assembly-CSharp\AnimatedTexture.cs.meta
Assets\Scenes\Tracks\Phineas Track 1.unity,71c30d28ad73b040f6e74d951b378742,11500000,3,True,Assets\Scripts\Assembly-CSharp\ObjectTrackDistanceLogic.cs.meta
Assets\Scenes\Tracks\Phineas Track 1.unity,0b15208c8a5ae7ff1660a3585ad68237,11500000,3,True,Assets\Scripts\Assembly-CSharp\TerrainEffectTrigger.cs.meta
Assets\Scenes\Tracks\Phineas Track 1.unity,94873483e708f4fa4a57b3033bbbcc5d,11500000,3,True,Assets\Scripts\Assembly-CSharp\AnimatedTexture.cs.meta
Assets\Scenes\Tracks\Phineas Track 1.unity,84dedd87b078241ae96d152250730014,11500000,3,True,Assets\Plugins\Assembly-CSharp-firstpass\UghSprite.cs.meta
Assets\Scenes\Tracks\Phineas Track 1.unity,e996a18e58747bf538b26a7d9874aed9,11500000,3,True,Assets\Scripts\Assembly-CSharp\WaypointLogic.cs.meta
Assets\Scenes\Tracks\Phineas Track 1.unity,80004b78694f1129edd555f7161356a9,11500000,3,True,Assets\Scripts\Assembly-CSharp\PickupSpawner.cs.meta
Assets\Scenes\Tracks\Phineas Track 1.unity,540d7059364354e249f259edfef5d69a,11500000,3,True,Assets\Scripts\Assembly-CSharp\SpeedPoint.cs.meta
Assets\Scenes\Tracks\Phineas Track 1.unity,84dedd87b078241ae96d152250730014,11500000,3,True,Assets\Plugins\Assembly-CSharp-firstpass\UghSprite.cs.meta
Assets\Scenes\Tracks\Phineas Track 1.unity,e996a18e58747bf538b26a7d9874aed9,11500000,3,True,Assets\Scripts\Assembly-CSharp\WaypointLogic.cs.meta
Assets\Scenes\Tracks\Phineas Track 1.unity,540d7059364354e249f259edfef5d69a,11500000,3,True,Assets\Scripts\Assembly-CSharp\SpeedPoint.cs.meta
Assets\Scenes\Tracks\Phineas Track 1.unity,540d7059364354e249f259edfef5d69a,11500000,3,True,Assets\Scripts\Assembly-CSharp\SpeedPoint.cs.meta
Assets\Scenes\Tracks\Phineas Track 1.unity,e996a18e58747bf538b26a7d9874aed9,11500000,3,True,Assets\Scripts\Assembly-CSharp\WaypointLogic.cs.meta
Assets\Scenes\Tracks\Phineas Track 1.unity,540d7059364354e249f259edfef5d69a,11500000,3,True,Assets\Scripts\Assembly-CSharp\SpeedPoint.cs.meta
Assets\Scenes\Tracks\Phineas Track 1.unity,540d7059364354e249f259edfef5d69a,11500000,3,True,Assets\Scripts\Assembly-CSharp\SpeedPoint.cs.meta
Assets\Scenes\Tracks\Phineas Track 1.unity,540d7059364354e249f259edfef5d69a,11500000,3,True,Assets\Scripts\Assembly-CSharp\SpeedPoint.cs.meta
Assets\Scenes\Tracks\Phineas Track 1.unity,e996a18e58747bf538b26a7d9874aed9,11500000,3,True,Assets\Scripts\Assembly-CSharp\WaypointLogic.cs.meta
Assets\Scenes\Tracks\Phineas Track 1.unity,540d7059364354e249f259edfef5d69a,11500000,3,True,Assets\Scripts\Assembly-CSharp\SpeedPoint.cs.meta
Assets\Scenes\Tracks\Phineas Track 1.unity,94873483e708f4fa4a57b3033bbbcc5d,11500000,3,True,Assets\Scripts\Assembly-CSharp\AnimatedTexture.cs.meta
Assets\Scenes\Tracks\Phineas Track 1.unity,71c30d28ad73b040f6e74d951b378742,11500000,3,True,Assets\Scripts\Assembly-CSharp\ObjectTrackDistanceLogic.cs.meta
Assets\Scenes\Tracks\Phineas Track 1.unity,0b15208c8a5ae7ff1660a3585ad68237,11500000,3,True,Assets\Scripts\Assembly-CSharp\TerrainEffectTrigger.cs.meta
Assets\Scenes\Tracks\Phineas Track 1.unity,540d7059364354e249f259edfef5d69a,11500000,3,True,Assets\Scripts\Assembly-CSharp\SpeedPoint.cs.meta
Assets\Scenes\Tracks\Phineas Track 1.unity,84dedd87b078241ae96d152250730014,11500000,3,True,Assets\Plugins\Assembly-CSharp-firstpass\UghSprite.cs.meta
Assets\Scenes\Tracks\Phineas Track 1.unity,e996a18e58747bf538b26a7d9874aed9,11500000,3,True,Assets\Scripts\Assembly-CSharp\WaypointLogic.cs.meta
Assets\Scenes\Tracks\Phineas Track 1.unity,c67f46bd4e340aa7f64a8e2ae3c03a27,11500000,3,True,Assets\Scripts\Assembly-CSharp\ResetTrigger.cs.meta
Assets\Scenes\Tracks\Phineas Track 1.unity,71c30d28ad73b040f6e74d951b378742,11500000,3,True,Assets\Scripts\Assembly-CSharp\ObjectTrackDistanceLogic.cs.meta
Assets\Scenes\Tracks\Phineas Track 1.unity,0b15208c8a5ae7ff1660a3585ad68237,11500000,3,True,Assets\Scripts\Assembly-CSharp\TerrainEffectTrigger.cs.meta
Assets\Scenes\Tracks\Phineas Track 1.unity,94873483e708f4fa4a57b3033bbbcc5d,11500000,3,True,Assets\Scripts\Assembly-CSharp\AnimatedTexture.cs.meta
Assets\Scenes\Tracks\Phineas Track 1.unity,540d7059364354e249f259edfef5d69a,11500000,3,True,Assets\Scripts\Assembly-CSharp\SpeedPoint.cs.meta
Assets\Scenes\Tracks\Phineas Track 1.unity,e996a18e58747bf538b26a7d9874aed9,11500000,3,True,Assets\Scripts\Assembly-CSharp\WaypointLogic.cs.meta
Assets\Scenes\Tracks\Phineas Track 1.unity,9b4892a27c501fc32d10289e8a2709d7,11500000,3,True,Assets\Scripts\Assembly-CSharp\CoinPoint.cs.meta
Assets\Scenes\Tracks\Phineas Track 1.unity,84dedd87b078241ae96d152250730014,11500000,3,True,Assets\Plugins\Assembly-CSharp-firstpass\UghSprite.cs.meta
Assets\Scenes\Tracks\Phineas Track 1.unity,540d7059364354e249f259edfef5d69a,11500000,3,True,Assets\Scripts\Assembly-CSharp\SpeedPoint.cs.meta
Assets\Scenes\Tracks\Phineas Track 1.unity,540d7059364354e249f259edfef5d69a,11500000,3,True,Assets\Scripts\Assembly-CSharp\SpeedPoint.cs.meta
Assets\Scenes\Tracks\Phineas Track 1.unity,540d7059364354e249f259edfef5d69a,11500000,3,True,Assets\Scripts\Assembly-CSharp\SpeedPoint.cs.meta
Assets\Scenes\Tracks\Phineas Track 1.unity,540d7059364354e249f259edfef5d69a,11500000,3,True,Assets\Scripts\Assembly-CSharp\SpeedPoint.cs.meta
Assets\Scenes\Tracks\Phineas Track 1.unity,b88ab20c864889e81141f2df8a116b5b,11500000,3,True,Assets\Plugins\Assembly-CSharp-firstpass\UghText.cs.meta
Assets\Scenes\Tracks\Phineas Track 1.unity,540d7059364354e249f259edfef5d69a,11500000,3,True,Assets\Scripts\Assembly-CSharp\SpeedPoint.cs.meta
Assets\Scenes\Tracks\Phineas Track 1.unity,80004b78694f1129edd555f7161356a9,11500000,3,True,Assets\Scripts\Assembly-CSharp\PickupSpawner.cs.meta
Assets\Scenes\Tracks\Phineas Track 1.unity,540d7059364354e249f259edfef5d69a,11500000,3,True,Assets\Scripts\Assembly-CSharp\SpeedPoint.cs.meta
Assets\Scenes\Tracks\Phineas Track 1.unity,e996a18e58747bf538b26a7d9874aed9,11500000,3,True,Assets\Scripts\Assembly-CSharp\WaypointLogic.cs.meta
Assets\Scenes\Tracks\Phineas Track 1.unity,e996a18e58747bf538b26a7d9874aed9,11500000,3,True,Assets\Scripts\Assembly-CSharp\WaypointLogic.cs.meta
Assets\Scenes\Tracks\Phineas Track 1.unity,540d7059364354e249f259edfef5d69a,11500000,3,True,Assets\Scripts\Assembly-CSharp\SpeedPoint.cs.meta
Assets\Scenes\Tracks\Phineas Track 1.unity,e996a18e58747bf538b26a7d9874aed9,11500000,3,True,Assets\Scripts\Assembly-CSharp\WaypointLogic.cs.meta
Assets\Scenes\Tracks\Phineas Track 1.unity,e996a18e58747bf538b26a7d9874aed9,11500000,3,True,Assets\Scripts\Assembly-CSharp\WaypointLogic.cs.meta
Assets\Scenes\Tracks\Phineas Track 1.unity,e996a18e58747bf538b26a7d9874aed9,11500000,3,True,Assets\Scripts\Assembly-CSharp\WaypointLogic.cs.meta
Assets\Scenes\Tracks\Phineas Track 1.unity,93a00b2df47c568d51d2e788e763d67e,11500000,3,True,Assets\Plugins\Assembly-CSharp-firstpass\UghCamera.cs.meta
Assets\Scenes\Tracks\Phineas Track 1.unity,80004b78694f1129edd555f7161356a9,11500000,3,True,Assets\Scripts\Assembly-CSharp\PickupSpawner.cs.meta
Assets\Scenes\Tracks\Phineas Track 1.unity,540d7059364354e249f259edfef5d69a,11500000,3,True,Assets\Scripts\Assembly-CSharp\SpeedPoint.cs.meta
Assets\Scenes\Tracks\Phineas Track 1.unity,e996a18e58747bf538b26a7d9874aed9,11500000,3,True,Assets\Scripts\Assembly-CSharp\WaypointLogic.cs.meta
Assets\Scenes\Tracks\Phineas Track 1.unity,540d7059364354e249f259edfef5d69a,11500000,3,True,Assets\Scripts\Assembly-CSharp\SpeedPoint.cs.meta
Assets\Scenes\Tracks\Phineas Track 1.unity,e996a18e58747bf538b26a7d9874aed9,11500000,3,True,Assets\Scripts\Assembly-CSharp\WaypointLogic.cs.meta
Assets\Scenes\Tracks\Phineas Track 1.unity,e996a18e58747bf538b26a7d9874aed9,11500000,3,True,Assets\Scripts\Assembly-CSharp\WaypointLogic.cs.meta
Assets\Scenes\Tracks\Phineas Track 1.unity,c67f46bd4e340aa7f64a8e2ae3c03a27,11500000,3,True,Assets\Scripts\Assembly-CSharp\ResetTrigger.cs.meta
Assets\Scenes\Tracks\Phineas Track 1.unity,e171dc7613dc84903f6b62f321860d38,11500000,3,True,Assets\Plugins\Assembly-CSharp-firstpass\UghAlign.cs.meta
Assets\Scenes\Tracks\Phineas Track 1.unity,e996a18e58747bf538b26a7d9874aed9,11500000,3,True,Assets\Scripts\Assembly-CSharp\WaypointLogic.cs.meta
Assets\Scenes\Tracks\Phineas Track 1.unity,e996a18e58747bf538b26a7d9874aed9,11500000,3,True,Assets\Scripts\Assembly-CSharp\WaypointLogic.cs.meta
Assets\Scenes\Tracks\Phineas Track 1.unity,e996a18e58747bf538b26a7d9874aed9,11500000,3,True,Assets\Scripts\Assembly-CSharp\WaypointLogic.cs.meta
Assets\Scenes\Tracks\Phineas Track 1.unity,540d7059364354e249f259edfef5d69a,11500000,3,True,Assets\Scripts\Assembly-CSharp\SpeedPoint.cs.meta
Assets\Scenes\Tracks\Phineas Track 1.unity,9b4892a27c501fc32d10289e8a2709d7,11500000,3,True,Assets\Scripts\Assembly-CSharp\CoinPoint.cs.meta
Assets\Scenes\Tracks\Phineas Track 1.unity,e996a18e58747bf538b26a7d9874aed9,11500000,3,True,Assets\Scripts\Assembly-CSharp\WaypointLogic.cs.meta
Assets\Scenes\Tracks\Phineas Track 1.unity,e996a18e58747bf538b26a7d9874aed9,11500000,3,True,Assets\Scripts\Assembly-CSharp\WaypointLogic.cs.meta
Assets\Scenes\Tracks\Phineas Track 1.unity,540d7059364354e249f259edfef5d69a,11500000,3,True,Assets\Scripts\Assembly-CSharp\SpeedPoint.cs.meta
Assets\Scenes\Tracks\Phineas Track 1.unity,540d7059364354e249f259edfef5d69a,11500000,3,True,Assets\Scripts\Assembly-CSharp\SpeedPoint.cs.meta
Assets\Scenes\Tracks\Phineas Track 1.unity,8fcdaa4213aa6ec14c06f158bdb5d5ff,11500000,3,True,Assets\Scripts\Assembly-CSharp\LocalizedAssetSwapper.cs.meta
Assets\Scenes\Tracks\Phineas Track 1.unity,b88ab20c864889e81141f2df8a116b5b,11500000,3,True,Assets\Plugins\Assembly-CSharp-firstpass\UghText.cs.meta
Assets\Scenes\Tracks\Phineas Track 1.unity,540d7059364354e249f259edfef5d69a,11500000,3,True,Assets\Scripts\Assembly-CSharp\SpeedPoint.cs.meta
Assets\Scenes\Tracks\Phineas Track 1.unity,9b4892a27c501fc32d10289e8a2709d7,11500000,3,True,Assets\Scripts\Assembly-CSharp\CoinPoint.cs.meta
Assets\Scenes\Tracks\Phineas Track 1.unity,e996a18e58747bf538b26a7d9874aed9,11500000,3,True,Assets\Scripts\Assembly-CSharp\WaypointLogic.cs.meta
Assets\Scenes\Tracks\Phineas Track 1.unity,540d7059364354e249f259edfef5d69a,11500000,3,True,Assets\Scripts\Assembly-CSharp\SpeedPoint.cs.meta
Assets\Scenes\Tracks\Phineas Track 1.unity,e996a18e58747bf538b26a7d9874aed9,11500000,3,True,Assets\Scripts\Assembly-CSharp\WaypointLogic.cs.meta
Assets\Scenes\Tracks\Phineas Track 1.unity,540d7059364354e249f259edfef5d69a,11500000,3,True,Assets\Scripts\Assembly-CSharp\SpeedPoint.cs.meta
Assets\Scenes\Tracks\Phineas Track 1.unity,540d7059364354e249f259edfef5d69a,11500000,3,True,Assets\Scripts\Assembly-CSharp\SpeedPoint.cs.meta
Assets\Scenes\Tracks\Phineas Track 1.unity,e996a18e58747bf538b26a7d9874aed9,11500000,3,True,Assets\Scripts\Assembly-CSharp\WaypointLogic.cs.meta
Assets\Scenes\Tracks\Phineas Track 1.unity,e996a18e58747bf538b26a7d9874aed9,11500000,3,True,Assets\Scripts\Assembly-CSharp\WaypointLogic.cs.meta
Assets\Scenes\Tracks\Phineas Track 1.unity,540d7059364354e249f259edfef5d69a,11500000,3,True,Assets\Scripts\Assembly-CSharp\SpeedPoint.cs.meta
Assets\Scenes\Tracks\Phineas Track 1.unity,80004b78694f1129edd555f7161356a9,11500000,3,True,Assets\Scripts\Assembly-CSharp\PickupSpawner.cs.meta
Assets\Scenes\Tracks\Phineas Track 1.unity,e996a18e58747bf538b26a7d9874aed9,11500000,3,True,Assets\Scripts\Assembly-CSharp\WaypointLogic.cs.meta
Assets\Scenes\Tracks\Phineas Track 1.unity,540d7059364354e249f259edfef5d69a,11500000,3,True,Assets\Scripts\Assembly-CSharp\SpeedPoint.cs.meta
Assets\Scenes\Tracks\Phineas Track 1.unity,e996a18e58747bf538b26a7d9874aed9,11500000,3,True,Assets\Scripts\Assembly-CSharp\WaypointLogic.cs.meta
Assets\Scenes\Tracks\Phineas Track 1.unity,540d7059364354e249f259edfef5d69a,11500000,3,True,Assets\Scripts\Assembly-CSharp\SpeedPoint.cs.meta
Assets\Scenes\Tracks\Phineas Track 1.unity,84dedd87b078241ae96d152250730014,11500000,3,True,Assets\Plugins\Assembly-CSharp-firstpass\UghSprite.cs.meta
Assets\Scenes\Tracks\Phineas Track 1.unity,e996a18e58747bf538b26a7d9874aed9,11500000,3,True,Assets\Scripts\Assembly-CSharp\WaypointLogic.cs.meta
Assets\Scenes\Tracks\Phineas Track 1.unity,e996a18e58747bf538b26a7d9874aed9,11500000,3,True,Assets\Scripts\Assembly-CSharp\WaypointLogic.cs.meta
Assets\Scenes\Tracks\Phineas Track 1.unity,540d7059364354e249f259edfef5d69a,11500000,3,True,Assets\Scripts\Assembly-CSharp\SpeedPoint.cs.meta
Assets\Scenes\Tracks\Phineas Track 1.unity,9b4892a27c501fc32d10289e8a2709d7,11500000,3,True,Assets\Scripts\Assembly-CSharp\CoinPoint.cs.meta
Assets\Scenes\Tracks\Phineas Track 1.unity,540d7059364354e249f259edfef5d69a,11500000,3,True,Assets\Scripts\Assembly-CSharp\SpeedPoint.cs.meta
Assets\Scenes\Tracks\Phineas Track 1.unity,e996a18e58747bf538b26a7d9874aed9,11500000,3,True,Assets\Scripts\Assembly-CSharp\WaypointLogic.cs.meta
Assets\Scenes\Tracks\Phineas Track 1.unity,e996a18e58747bf538b26a7d9874aed9,11500000,3,True,Assets\Scripts\Assembly-CSharp\WaypointLogic.cs.meta
Assets\Scenes\Tracks\Phineas Track 1.unity,e996a18e58747bf538b26a7d9874aed9,11500000,3,True,Assets\Scripts\Assembly-CSharp\WaypointLogic.cs.meta
Assets\Scenes\Tracks\Phineas Track 1.unity,540d7059364354e249f259edfef5d69a,11500000,3,True,Assets\Scripts\Assembly-CSharp\SpeedPoint.cs.meta
Assets\Scenes\Tracks\Phineas Track 1.unity,e996a18e58747bf538b26a7d9874aed9,11500000,3,True,Assets\Scripts\Assembly-CSharp\WaypointLogic.cs.meta
Assets\Scenes\Tracks\Phineas Track 1.unity,71c30d28ad73b040f6e74d951b378742,11500000,3,True,Assets\Scripts\Assembly-CSharp\ObjectTrackDistanceLogic.cs.meta
Assets\Scenes\Tracks\Phineas Track 1.unity,0b15208c8a5ae7ff1660a3585ad68237,11500000,3,True,Assets\Scripts\Assembly-CSharp\TerrainEffectTrigger.cs.meta
Assets\Scenes\Tracks\Phineas Track 1.unity,94873483e708f4fa4a57b3033bbbcc5d,11500000,3,True,Assets\Scripts\Assembly-CSharp\AnimatedTexture.cs.meta
Assets\Scenes\Tracks\Phineas Track 2.unity,540d7059364354e249f259edfef5d69a,11500000,3,True,Assets\Scripts\Assembly-CSharp\SpeedPoint.cs.meta
Assets\Scenes\Tracks\Phineas Track 2.unity,9b4892a27c501fc32d10289e8a2709d7,11500000,3,True,Assets\Scripts\Assembly-CSharp\CoinPoint.cs.meta
Assets\Scenes\Tracks\Phineas Track 2.unity,540d7059364354e249f259edfef5d69a,11500000,3,True,Assets\Scripts\Assembly-CSharp\SpeedPoint.cs.meta
Assets\Scenes\Tracks\Phineas Track 2.unity,540d7059364354e249f259edfef5d69a,11500000,3,True,Assets\Scripts\Assembly-CSharp\SpeedPoint.cs.meta
Assets\Scenes\Tracks\Phineas Track 2.unity,540d7059364354e249f259edfef5d69a,11500000,3,True,Assets\Scripts\Assembly-CSharp\SpeedPoint.cs.meta
Assets\Scenes\Tracks\Phineas Track 2.unity,540d7059364354e249f259edfef5d69a,11500000,3,True,Assets\Scripts\Assembly-CSharp\SpeedPoint.cs.meta
Assets\Scenes\Tracks\Phineas Track 2.unity,e996a18e58747bf538b26a7d9874aed9,11500000,3,True,Assets\Scripts\Assembly-CSharp\WaypointLogic.cs.meta
Assets\Scenes\Tracks\Phineas Track 2.unity,9b4892a27c501fc32d10289e8a2709d7,11500000,3,True,Assets\Scripts\Assembly-CSharp\CoinPoint.cs.meta
Assets\Scenes\Tracks\Phineas Track 2.unity,e996a18e58747bf538b26a7d9874aed9,11500000,3,True,Assets\Scripts\Assembly-CSharp\WaypointLogic.cs.meta
Assets\Scenes\Tracks\Phineas Track 2.unity,540d7059364354e249f259edfef5d69a,11500000,3,True,Assets\Scripts\Assembly-CSharp\SpeedPoint.cs.meta
Assets\Scenes\Tracks\Phineas Track 2.unity,540d7059364354e249f259edfef5d69a,11500000,3,True,Assets\Scripts\Assembly-CSharp\SpeedPoint.cs.meta
Assets\Scenes\Tracks\Phineas Track 2.unity,e996a18e58747bf538b26a7d9874aed9,11500000,3,True,Assets\Scripts\Assembly-CSharp\WaypointLogic.cs.meta
Assets\Scenes\Tracks\Phineas Track 2.unity,71c30d28ad73b040f6e74d951b378742,11500000,3,True,Assets\Scripts\Assembly-CSharp\ObjectTrackDistanceLogic.cs.meta
Assets\Scenes\Tracks\Phineas Track 2.unity,0b15208c8a5ae7ff1660a3585ad68237,11500000,3,True,Assets\Scripts\Assembly-CSharp\TerrainEffectTrigger.cs.meta
Assets\Scenes\Tracks\Phineas Track 2.unity,94873483e708f4fa4a57b3033bbbcc5d,11500000,3,True,Assets\Scripts\Assembly-CSharp\AnimatedTexture.cs.meta
Assets\Scenes\Tracks\Phineas Track 2.unity,540d7059364354e249f259edfef5d69a,11500000,3,True,Assets\Scripts\Assembly-CSharp\SpeedPoint.cs.meta
Assets\Scenes\Tracks\Phineas Track 2.unity,e996a18e58747bf538b26a7d9874aed9,11500000,3,True,Assets\Scripts\Assembly-CSharp\WaypointLogic.cs.meta
Assets\Scenes\Tracks\Phineas Track 2.unity,e996a18e58747bf538b26a7d9874aed9,11500000,3,True,Assets\Scripts\Assembly-CSharp\WaypointLogic.cs.meta
Assets\Scenes\Tracks\Phineas Track 2.unity,84dedd87b078241ae96d152250730014,11500000,3,True,Assets\Plugins\Assembly-CSharp-firstpass\UghSprite.cs.meta
Assets\Scenes\Tracks\Phineas Track 2.unity,540d7059364354e249f259edfef5d69a,11500000,3,True,Assets\Scripts\Assembly-CSharp\SpeedPoint.cs.meta
Assets\Scenes\Tracks\Phineas Track 2.unity,94873483e708f4fa4a57b3033bbbcc5d,11500000,3,True,Assets\Scripts\Assembly-CSharp\AnimatedTexture.cs.meta
Assets\Scenes\Tracks\Phineas Track 2.unity,84dedd87b078241ae96d152250730014,11500000,3,True,Assets\Plugins\Assembly-CSharp-firstpass\UghSprite.cs.meta
Assets\Scenes\Tracks\Phineas Track 2.unity,e996a18e58747bf538b26a7d9874aed9,11500000,3,True,Assets\Scripts\Assembly-CSharp\WaypointLogic.cs.meta
Assets\Scenes\Tracks\Phineas Track 2.unity,410aef06036e22f327bf513834d3c8f7,11500000,3,True,Assets\Scripts\Assembly-CSharp\FollowCamera.cs.meta
Assets\Scenes\Tracks\Phineas Track 2.unity,30b411d090599ca49164a82da6acd001,11500000,3,True,Assets\Scripts\Assembly-CSharp\CameraShake.cs.meta
Assets\Scenes\Tracks\Phineas Track 2.unity,540d7059364354e249f259edfef5d69a,11500000,3,True,Assets\Scripts\Assembly-CSharp\SpeedPoint.cs.meta
Assets\Scenes\Tracks\Phineas Track 2.unity,c67f46bd4e340aa7f64a8e2ae3c03a27,11500000,3,True,Assets\Scripts\Assembly-CSharp\ResetTrigger.cs.meta
Assets\Scenes\Tracks\Phineas Track 2.unity,e996a18e58747bf538b26a7d9874aed9,11500000,3,True,Assets\Scripts\Assembly-CSharp\WaypointLogic.cs.meta
Assets\Scenes\Tracks\Phineas Track 2.unity,94873483e708f4fa4a57b3033bbbcc5d,11500000,3,True,Assets\Scripts\Assembly-CSharp\AnimatedTexture.cs.meta
Assets\Scenes\Tracks\Phineas Track 2.unity,0b15208c8a5ae7ff1660a3585ad68237,11500000,3,True,Assets\Scripts\Assembly-CSharp\TerrainEffectTrigger.cs.meta
Assets\Scenes\Tracks\Phineas Track 2.unity,71c30d28ad73b040f6e74d951b378742,11500000,3,True,Assets\Scripts\Assembly-CSharp\ObjectTrackDistanceLogic.cs.meta
Assets\Scenes\Tracks\Phineas Track 2.unity,540d7059364354e249f259edfef5d69a,11500000,3,True,Assets\Scripts\Assembly-CSharp\SpeedPoint.cs.meta
Assets\Scenes\Tracks\Phineas Track 2.unity,e996a18e58747bf538b26a7d9874aed9,11500000,3,True,Assets\Scripts\Assembly-CSharp\WaypointLogic.cs.meta
Assets\Scenes\Tracks\Phineas Track 2.unity,540d7059364354e249f259edfef5d69a,11500000,3,True,Assets\Scripts\Assembly-CSharp\SpeedPoint.cs.meta
Assets\Scenes\Tracks\Phineas Track 2.unity,540d7059364354e249f259edfef5d69a,11500000,3,True,Assets\Scripts\Assembly-CSharp\SpeedPoint.cs.meta
Assets\Scenes\Tracks\Phineas Track 2.unity,e996a18e58747bf538b26a7d9874aed9,11500000,3,True,Assets\Scripts\Assembly-CSharp\WaypointLogic.cs.meta
Assets\Scenes\Tracks\Phineas Track 2.unity,540d7059364354e249f259edfef5d69a,11500000,3,True,Assets\Scripts\Assembly-CSharp\SpeedPoint.cs.meta
Assets\Scenes\Tracks\Phineas Track 2.unity,94873483e708f4fa4a57b3033bbbcc5d,11500000,3,True,Assets\Scripts\Assembly-CSharp\AnimatedTexture.cs.meta
Assets\Scenes\Tracks\Phineas Track 2.unity,0b15208c8a5ae7ff1660a3585ad68237,11500000,3,True,Assets\Scripts\Assembly-CSharp\TerrainEffectTrigger.cs.meta
Assets\Scenes\Tracks\Phineas Track 2.unity,71c30d28ad73b040f6e74d951b378742,11500000,3,True,Assets\Scripts\Assembly-CSharp\ObjectTrackDistanceLogic.cs.meta
Assets\Scenes\Tracks\Phineas Track 2.unity,8fcdaa4213aa6ec14c06f158bdb5d5ff,11500000,3,True,Assets\Scripts\Assembly-CSharp\LocalizedAssetSwapper.cs.meta
Assets\Scenes\Tracks\Phineas Track 2.unity,540d7059364354e249f259edfef5d69a,11500000,3,True,Assets\Scripts\Assembly-CSharp\SpeedPoint.cs.meta
Assets\Scenes\Tracks\Phineas Track 2.unity,80004b78694f1129edd555f7161356a9,11500000,3,True,Assets\Scripts\Assembly-CSharp\PickupSpawner.cs.meta
Assets\Scenes\Tracks\Phineas Track 2.unity,e996a18e58747bf538b26a7d9874aed9,11500000,3,True,Assets\Scripts\Assembly-CSharp\WaypointLogic.cs.meta
Assets\Scenes\Tracks\Phineas Track 2.unity,b88ab20c864889e81141f2df8a116b5b,11500000,3,True,Assets\Plugins\Assembly-CSharp-firstpass\UghText.cs.meta
Assets\Scenes\Tracks\Phineas Track 2.unity,540d7059364354e249f259edfef5d69a,11500000,3,True,Assets\Scripts\Assembly-CSharp\SpeedPoint.cs.meta
Assets\Scenes\Tracks\Phineas Track 2.unity,94873483e708f4fa4a57b3033bbbcc5d,11500000,3,True,Assets\Scripts\Assembly-CSharp\AnimatedTexture.cs.meta
Assets\Scenes\Tracks\Phineas Track 2.unity,84dedd87b078241ae96d152250730014,11500000,3,True,Assets\Plugins\Assembly-CSharp-firstpass\UghSprite.cs.meta
Assets\Scenes\Tracks\Phineas Track 2.unity,540d7059364354e249f259edfef5d69a,11500000,3,True,Assets\Scripts\Assembly-CSharp\SpeedPoint.cs.meta
Assets\Scenes\Tracks\Phineas Track 2.unity,2d217cf7310cb33e8ef103f1af340700,11500000,3,True,Assets\Scripts\Assembly-CSharp\BlipTrackPublisher.cs.meta
Assets\Scenes\Tracks\Phineas Track 2.unity,540d7059364354e249f259edfef5d69a,11500000,3,True,Assets\Scripts\Assembly-CSharp\SpeedPoint.cs.meta
Assets\Scenes\Tracks\Phineas Track 2.unity,e171dc7613dc84903f6b62f321860d38,11500000,3,True,Assets\Plugins\Assembly-CSharp-firstpass\UghAlign.cs.meta
Assets\Scenes\Tracks\Phineas Track 2.unity,e996a18e58747bf538b26a7d9874aed9,11500000,3,True,Assets\Scripts\Assembly-CSharp\WaypointLogic.cs.meta
Assets\Scenes\Tracks\Phineas Track 2.unity,540d7059364354e249f259edfef5d69a,11500000,3,True,Assets\Scripts\Assembly-CSharp\SpeedPoint.cs.meta
Assets\Scenes\Tracks\Phineas Track 2.unity,540d7059364354e249f259edfef5d69a,11500000,3,True,Assets\Scripts\Assembly-CSharp\SpeedPoint.cs.meta
Assets\Scenes\Tracks\Phineas Track 2.unity,540d7059364354e249f259edfef5d69a,11500000,3,True,Assets\Scripts\Assembly-CSharp\SpeedPoint.cs.meta
Assets\Scenes\Tracks\Phineas Track 2.unity,540d7059364354e249f259edfef5d69a,11500000,3,True,Assets\Scripts\Assembly-CSharp\SpeedPoint.cs.meta
Assets\Scenes\Tracks\Phineas Track 2.unity,e996a18e58747bf538b26a7d9874aed9,11500000,3,True,Assets\Scripts\Assembly-CSharp\WaypointLogic.cs.meta
Assets\Scenes\Tracks\Phineas Track 2.unity,540d7059364354e249f259edfef5d69a,11500000,3,True,Assets\Scripts\Assembly-CSharp\SpeedPoint.cs.meta
Assets\Scenes\Tracks\Phineas Track 2.unity,80004b78694f1129edd555f7161356a9,11500000,3,True,Assets\Scripts\Assembly-CSharp\PickupSpawner.cs.meta
Assets\Scenes\Tracks\Phineas Track 2.unity,94873483e708f4fa4a57b3033bbbcc5d,11500000,3,True,Assets\Scripts\Assembly-CSharp\AnimatedTexture.cs.meta
Assets\Scenes\Tracks\Phineas Track 2.unity,0b15208c8a5ae7ff1660a3585ad68237,11500000,3,True,Assets\Scripts\Assembly-CSharp\TerrainEffectTrigger.cs.meta
Assets\Scenes\Tracks\Phineas Track 2.unity,71c30d28ad73b040f6e74d951b378742,11500000,3,True,Assets\Scripts\Assembly-CSharp\ObjectTrackDistanceLogic.cs.meta
Assets\Scenes\Tracks\Phineas Track 2.unity,e996a18e58747bf538b26a7d9874aed9,11500000,3,True,Assets\Scripts\Assembly-CSharp\WaypointLogic.cs.meta
Assets\Scenes\Tracks\Phineas Track 2.unity,94873483e708f4fa4a57b3033bbbcc5d,11500000,3,True,Assets\Scripts\Assembly-CSharp\AnimatedTexture.cs.meta
Assets\Scenes\Tracks\Phineas Track 2.unity,e996a18e58747bf538b26a7d9874aed9,11500000,3,True,Assets\Scripts\Assembly-CSharp\WaypointLogic.cs.meta
Assets\Scenes\Tracks\Phineas Track 2.unity,540d7059364354e249f259edfef5d69a,11500000,3,True,Assets\Scripts\Assembly-CSharp\SpeedPoint.cs.meta
Assets\Scenes\Tracks\Phineas Track 2.unity,c67f46bd4e340aa7f64a8e2ae3c03a27,11500000,3,True,Assets\Scripts\Assembly-CSharp\ResetTrigger.cs.meta
Assets\Scenes\Tracks\Phineas Track 2.unity,540d7059364354e249f259edfef5d69a,11500000,3,True,Assets\Scripts\Assembly-CSharp\SpeedPoint.cs.meta
Assets\Scenes\Tracks\Phineas Track 2.unity,e996a18e58747bf538b26a7d9874aed9,11500000,3,True,Assets\Scripts\Assembly-CSharp\WaypointLogic.cs.meta
Assets\Scenes\Tracks\Phineas Track 2.unity,540d7059364354e249f259edfef5d69a,11500000,3,True,Assets\Scripts\Assembly-CSharp\SpeedPoint.cs.meta
Assets\Scenes\Tracks\Phineas Track 2.unity,540d7059364354e249f259edfef5d69a,11500000,3,True,Assets\Scripts\Assembly-CSharp\SpeedPoint.cs.meta
Assets\Scenes\Tracks\Phineas Track 2.unity,84dedd87b078241ae96d152250730014,11500000,3,True,Assets\Plugins\Assembly-CSharp-firstpass\UghSprite.cs.meta
Assets\Scenes\Tracks\Phineas Track 2.unity,540d7059364354e249f259edfef5d69a,11500000,3,True,Assets\Scripts\Assembly-CSharp\SpeedPoint.cs.meta
Assets\Scenes\Tracks\Phineas Track 2.unity,540d7059364354e249f259edfef5d69a,11500000,3,True,Assets\Scripts\Assembly-CSharp\SpeedPoint.cs.meta
Assets\Scenes\Tracks\Phineas Track 2.unity,540d7059364354e249f259edfef5d69a,11500000,3,True,Assets\Scripts\Assembly-CSharp\SpeedPoint.cs.meta
Assets\Scenes\Tracks\Phineas Track 2.unity,540d7059364354e249f259edfef5d69a,11500000,3,True,Assets\Scripts\Assembly-CSharp\SpeedPoint.cs.meta
Assets\Scenes\Tracks\Phineas Track 2.unity,540d7059364354e249f259edfef5d69a,11500000,3,True,Assets\Scripts\Assembly-CSharp\SpeedPoint.cs.meta
Assets\Scenes\Tracks\Phineas Track 2.unity,e171dc7613dc84903f6b62f321860d38,11500000,3,True,Assets\Plugins\Assembly-CSharp-firstpass\UghAlign.cs.meta
Assets\Scenes\Tracks\Phineas Track 2.unity,a5927ab13b8fd57ed5089057e948c6a8,11500000,3,True,Assets\Scripts\Assembly-CSharp\ProgressTriggerLogic.cs.meta
Assets\Scenes\Tracks\Phineas Track 2.unity,540d7059364354e249f259edfef5d69a,11500000,3,True,Assets\Scripts\Assembly-CSharp\SpeedPoint.cs.meta
Assets\Scenes\Tracks\Phineas Track 2.unity,540d7059364354e249f259edfef5d69a,11500000,3,True,Assets\Scripts\Assembly-CSharp\SpeedPoint.cs.meta
Assets\Scenes\Tracks\Phineas Track 2.unity,e996a18e58747bf538b26a7d9874aed9,11500000,3,True,Assets\Scripts\Assembly-CSharp\WaypointLogic.cs.meta
Assets\Scenes\Tracks\Phineas Track 2.unity,e996a18e58747bf538b26a7d9874aed9,11500000,3,True,Assets\Scripts\Assembly-CSharp\WaypointLogic.cs.meta
Assets\Scenes\Tracks\Phineas Track 2.unity,e996a18e58747bf538b26a7d9874aed9,11500000,3,True,Assets\Scripts\Assembly-CSharp\WaypointLogic.cs.meta
Assets\Scenes\Tracks\Phineas Track 2.unity,e996a18e58747bf538b26a7d9874aed9,11500000,3,True,Assets\Scripts\Assembly-CSharp\WaypointLogic.cs.meta
Assets\Scenes\Tracks\Phineas Track 2.unity,540d7059364354e249f259edfef5d69a,11500000,3,True,Assets\Scripts\Assembly-CSharp\SpeedPoint.cs.meta
Assets\Scenes\Tracks\Phineas Track 2.unity,84dedd87b078241ae96d152250730014,11500000,3,True,Assets\Plugins\Assembly-CSharp-firstpass\UghSprite.cs.meta
Assets\Scenes\Tracks\Phineas Track 2.unity,a5927ab13b8fd57ed5089057e948c6a8,11500000,3,True,Assets\Scripts\Assembly-CSharp\ProgressTriggerLogic.cs.meta
Assets\Scenes\Tracks\Phineas Track 2.unity,540d7059364354e249f259edfef5d69a,11500000,3,True,Assets\Scripts\Assembly-CSharp\SpeedPoint.cs.meta
Assets\Scenes\Tracks\Phineas Track 2.unity,b88ab20c864889e81141f2df8a116b5b,11500000,3,True,Assets\Plugins\Assembly-CSharp-firstpass\UghText.cs.meta
Assets\Scenes\Tracks\Phineas Track 2.unity,e996a18e58747bf538b26a7d9874aed9,11500000,3,True,Assets\Scripts\Assembly-CSharp\WaypointLogic.cs.meta
Assets\Scenes\Tracks\Phineas Track 2.unity,e996a18e58747bf538b26a7d9874aed9,11500000,3,True,Assets\Scripts\Assembly-CSharp\WaypointLogic.cs.meta
Assets\Scenes\Tracks\Phineas Track 2.unity,80004b78694f1129edd555f7161356a9,11500000,3,True,Assets\Scripts\Assembly-CSharp\PickupSpawner.cs.meta
Assets\Scenes\Tracks\Phineas Track 2.unity,540d7059364354e249f259edfef5d69a,11500000,3,True,Assets\Scripts\Assembly-CSharp\SpeedPoint.cs.meta
Assets\Scenes\Tracks\Phineas Track 2.unity,540d7059364354e249f259edfef5d69a,11500000,3,True,Assets\Scripts\Assembly-CSharp\SpeedPoint.cs.meta
Assets\Scenes\Tracks\Phineas Track 2.unity,540d7059364354e249f259edfef5d69a,11500000,3,True,Assets\Scripts\Assembly-CSharp\SpeedPoint.cs.meta
Assets\Scenes\Tracks\Phineas Track 2.unity,0b15208c8a5ae7ff1660a3585ad68237,11500000,3,True,Assets\Scripts\Assembly-CSharp\TerrainEffectTrigger.cs.meta
Assets\Scenes\Tracks\Phineas Track 2.unity,540d7059364354e249f259edfef5d69a,11500000,3,True,Assets\Scripts\Assembly-CSharp\SpeedPoint.cs.meta
Assets\Scenes\Tracks\Phineas Track 2.unity,e996a18e58747bf538b26a7d9874aed9,11500000,3,True,Assets\Scripts\Assembly-CSharp\WaypointLogic.cs.meta
Assets\Scenes\Tracks\Phineas Track 2.unity,c67f46bd4e340aa7f64a8e2ae3c03a27,11500000,3,True,Assets\Scripts\Assembly-CSharp\ResetTrigger.cs.meta
Assets\Scenes\Tracks\Phineas Track 2.unity,540d7059364354e249f259edfef5d69a,11500000,3,True,Assets\Scripts\Assembly-CSharp\SpeedPoint.cs.meta
Assets\Scenes\Tracks\Phineas Track 2.unity,acaf138463e14d81a04866c56f233523,11500000,3,True,Assets\Scripts\Assembly-CSharp\DriftButton.cs.meta
Assets\Scenes\Tracks\Phineas Track 2.unity,e996a18e58747bf538b26a7d9874aed9,11500000,3,True,Assets\Scripts\Assembly-CSharp\WaypointLogic.cs.meta
Assets\Scenes\Tracks\Phineas Track 2.unity,e996a18e58747bf538b26a7d9874aed9,11500000,3,True,Assets\Scripts\Assembly-CSharp\WaypointLogic.cs.meta
Assets\Scenes\Tracks\Phineas Track 2.unity,540d7059364354e249f259edfef5d69a,11500000,3,True,Assets\Scripts\Assembly-CSharp\SpeedPoint.cs.meta
Assets\Scenes\Tracks\Phineas Track 2.unity,84dedd87b078241ae96d152250730014,11500000,3,True,Assets\Plugins\Assembly-CSharp-firstpass\UghSprite.cs.meta
Assets\Scenes\Tracks\Phineas Track 2.unity,80004b78694f1129edd555f7161356a9,11500000,3,True,Assets\Scripts\Assembly-CSharp\PickupSpawner.cs.meta
Assets\Scenes\Tracks\Phineas Track 2.unity,71c30d28ad73b040f6e74d951b378742,11500000,3,True,Assets\Scripts\Assembly-CSharp\ObjectTrackDistanceLogic.cs.meta
Assets\Scenes\Tracks\Phineas Track 2.unity,0b15208c8a5ae7ff1660a3585ad68237,11500000,3,True,Assets\Scripts\Assembly-CSharp\TerrainEffectTrigger.cs.meta
Assets\Scenes\Tracks\Phineas Track 2.unity,94873483e708f4fa4a57b3033bbbcc5d,11500000,3,True,Assets\Scripts\Assembly-CSharp\AnimatedTexture.cs.meta
Assets\Scenes\Tracks\Phineas Track 2.unity,540d7059364354e249f259edfef5d69a,11500000,3,True,Assets\Scripts\Assembly-CSharp\SpeedPoint.cs.meta
Assets\Scenes\Tracks\Phineas Track 2.unity,e996a18e58747bf538b26a7d9874aed9,11500000,3,True,Assets\Scripts\Assembly-CSharp\WaypointLogic.cs.meta
Assets\Scenes\Tracks\Phineas Track 2.unity,e996a18e58747bf538b26a7d9874aed9,11500000,3,True,Assets\Scripts\Assembly-CSharp\WaypointLogic.cs.meta
Assets\Scenes\Tracks\Phineas Track 2.unity,540d7059364354e249f259edfef5d69a,11500000,3,True,Assets\Scripts\Assembly-CSharp\SpeedPoint.cs.meta
Assets\Scenes\Tracks\Phineas Track 2.unity,80004b78694f1129edd555f7161356a9,11500000,3,True,Assets\Scripts\Assembly-CSharp\PickupSpawner.cs.meta
Assets\Scenes\Tracks\Phineas Track 2.unity,e996a18e58747bf538b26a7d9874aed9,11500000,3,True,Assets\Scripts\Assembly-CSharp\WaypointLogic.cs.meta
Assets\Scenes\Tracks\Phineas Track 2.unity,540d7059364354e249f259edfef5d69a,11500000,3,True,Assets\Scripts\Assembly-CSharp\SpeedPoint.cs.meta
Assets\Scenes\Tracks\Phineas Track 2.unity,540d7059364354e249f259edfef5d69a,11500000,3,True,Assets\Scripts\Assembly-CSharp\SpeedPoint.cs.meta
Assets\Scenes\Tracks\Phineas Track 2.unity,540d7059364354e249f259edfef5d69a,11500000,3,True,Assets\Scripts\Assembly-CSharp\SpeedPoint.cs.meta
Assets\Scenes\Tracks\Phineas Track 2.unity,9b4892a27c501fc32d10289e8a2709d7,11500000,3,True,Assets\Scripts\Assembly-CSharp\CoinPoint.cs.meta
Assets\Scenes\Tracks\Phineas Track 2.unity,e996a18e58747bf538b26a7d9874aed9,11500000,3,True,Assets\Scripts\Assembly-CSharp\WaypointLogic.cs.meta
Assets\Scenes\Tracks\Phineas Track 2.unity,540d7059364354e249f259edfef5d69a,11500000,3,True,Assets\Scripts\Assembly-CSharp\SpeedPoint.cs.meta
Assets\Scenes\Tracks\Phineas Track 2.unity,8fcdaa4213aa6ec14c06f158bdb5d5ff,11500000,3,True,Assets\Scripts\Assembly-CSharp\LocalizedAssetSwapper.cs.meta
Assets\Scenes\Tracks\Phineas Track 2.unity,e996a18e58747bf538b26a7d9874aed9,11500000,3,True,Assets\Scripts\Assembly-CSharp\WaypointLogic.cs.meta
Assets\Scenes\Tracks\Phineas Track 2.unity,540d7059364354e249f259edfef5d69a,11500000,3,True,Assets\Scripts\Assembly-CSharp\SpeedPoint.cs.meta
Assets\Scenes\Tracks\Phineas Track 2.unity,540d7059364354e249f259edfef5d69a,11500000,3,True,Assets\Scripts\Assembly-CSharp\SpeedPoint.cs.meta
Assets\Scenes\Tracks\Phineas Track 2.unity,e996a18e58747bf538b26a7d9874aed9,11500000,3,True,Assets\Scripts\Assembly-CSharp\WaypointLogic.cs.meta
Assets\Scenes\Tracks\Phineas Track 2.unity,84dedd87b078241ae96d152250730014,11500000,3,True,Assets\Plugins\Assembly-CSharp-firstpass\UghSprite.cs.meta
Assets\Scenes\Tracks\Phineas Track 2.unity,e996a18e58747bf538b26a7d9874aed9,11500000,3,True,Assets\Scripts\Assembly-CSharp\WaypointLogic.cs.meta
Assets\Scenes\Tracks\Phineas Track 2.unity,540d7059364354e249f259edfef5d69a,11500000,3,True,Assets\Scripts\Assembly-CSharp\SpeedPoint.cs.meta
Assets\Scenes\Tracks\Phineas Track 2.unity,94873483e708f4fa4a57b3033bbbcc5d,11500000,3,True,Assets\Scripts\Assembly-CSharp\AnimatedTexture.cs.meta
Assets\Scenes\Tracks\Phineas Track 2.unity,0b15208c8a5ae7ff1660a3585ad68237,11500000,3,True,Assets\Scripts\Assembly-CSharp\TerrainEffectTrigger.cs.meta
Assets\Scenes\Tracks\Phineas Track 2.unity,71c30d28ad73b040f6e74d951b378742,11500000,3,True,Assets\Scripts\Assembly-CSharp\ObjectTrackDistanceLogic.cs.meta
Assets\Scenes\Tracks\Phineas Track 2.unity,e996a18e58747bf538b26a7d9874aed9,11500000,3,True,Assets\Scripts\Assembly-CSharp\WaypointLogic.cs.meta
Assets\Scenes\Tracks\Phineas Track 2.unity,540d7059364354e249f259edfef5d69a,11500000,3,True,Assets\Scripts\Assembly-CSharp\SpeedPoint.cs.meta
Assets\Scenes\Tracks\Phineas Track 2.unity,7a1d7e408882e95bdbe76a76d6f51e1c,11500000,3,True,Assets\Plugins\Assembly-CSharp-firstpass\UghButton.cs.meta
Assets\Scenes\Tracks\Phineas Track 2.unity,e996a18e58747bf538b26a7d9874aed9,11500000,3,True,Assets\Scripts\Assembly-CSharp\WaypointLogic.cs.meta
Assets\Scenes\Tracks\Phineas Track 2.unity,80004b78694f1129edd555f7161356a9,11500000,3,True,Assets\Scripts\Assembly-CSharp\PickupSpawner.cs.meta
Assets\Scenes\Tracks\Phineas Track 2.unity,e33080df6ca488dc2ddb7522478f5e36,11500000,3,True,Assets\Scripts\Assembly-CSharp\SoundLibraryAddendum.cs.meta
Assets\Scenes\Tracks\Phineas Track 2.unity,94873483e708f4fa4a57b3033bbbcc5d,11500000,3,True,Assets\Scripts\Assembly-CSharp\AnimatedTexture.cs.meta
Assets\Scenes\Tracks\Phineas Track 2.unity,540d7059364354e249f259edfef5d69a,11500000,3,True,Assets\Scripts\Assembly-CSharp\SpeedPoint.cs.meta
Assets\Scenes\Tracks\Phineas Track 2.unity,540d7059364354e249f259edfef5d69a,11500000,3,True,Assets\Scripts\Assembly-CSharp\SpeedPoint.cs.meta
Assets\Scenes\Tracks\Phineas Track 2.unity,540d7059364354e249f259edfef5d69a,11500000,3,True,Assets\Scripts\Assembly-CSharp\SpeedPoint.cs.meta
Assets\Scenes\Tracks\Phineas Track 2.unity,80004b78694f1129edd555f7161356a9,11500000,3,True,Assets\Scripts\Assembly-CSharp\PickupSpawner.cs.meta
Assets\Scenes\Tracks\Phineas Track 2.unity,540d7059364354e249f259edfef5d69a,11500000,3,True,Assets\Scripts\Assembly-CSharp\SpeedPoint.cs.meta
Assets\Scenes\Tracks\Phineas Track 2.unity,897af2fedee1dbc8742a968fb3f7e962,11500000,3,True,Assets\Scripts\Assembly-CSharp\RaceManager.cs.meta
Assets\Scenes\Tracks\Phineas Track 2.unity,540d7059364354e249f259edfef5d69a,11500000,3,True,Assets\Scripts\Assembly-CSharp\SpeedPoint.cs.meta
Assets\Scenes\Tracks\Phineas Track 2.unity,540d7059364354e249f259edfef5d69a,11500000,3,True,Assets\Scripts\Assembly-CSharp\SpeedPoint.cs.meta
Assets\Scenes\Tracks\Phineas Track 2.unity,540d7059364354e249f259edfef5d69a,11500000,3,True,Assets\Scripts\Assembly-CSharp\SpeedPoint.cs.meta
Assets\Scenes\Tracks\Phineas Track 2.unity,e996a18e58747bf538b26a7d9874aed9,11500000,3,True,Assets\Scripts\Assembly-CSharp\WaypointLogic.cs.meta
Assets\Scenes\Tracks\Phineas Track 2.unity,540d7059364354e249f259edfef5d69a,11500000,3,True,Assets\Scripts\Assembly-CSharp\SpeedPoint.cs.meta
Assets\Scenes\Tracks\Phineas Track 2.unity,540d7059364354e249f259edfef5d69a,11500000,3,True,Assets\Scripts\Assembly-CSharp\SpeedPoint.cs.meta
Assets\Scenes\Tracks\Phineas Track 2.unity,540d7059364354e249f259edfef5d69a,11500000,3,True,Assets\Scripts\Assembly-CSharp\SpeedPoint.cs.meta
Assets\Scenes\Tracks\Phineas Track 2.unity,540d7059364354e249f259edfef5d69a,11500000,3,True,Assets\Scripts\Assembly-CSharp\SpeedPoint.cs.meta
Assets\Scenes\Tracks\Phineas Track 2.unity,71c30d28ad73b040f6e74d951b378742,11500000,3,True,Assets\Scripts\Assembly-CSharp\ObjectTrackDistanceLogic.cs.meta
Assets\Scenes\Tracks\Phineas Track 2.unity,0b15208c8a5ae7ff1660a3585ad68237,11500000,3,True,Assets\Scripts\Assembly-CSharp\TerrainEffectTrigger.cs.meta
Assets\Scenes\Tracks\Phineas Track 2.unity,94873483e708f4fa4a57b3033bbbcc5d,11500000,3,True,Assets\Scripts\Assembly-CSharp\AnimatedTexture.cs.meta
Assets\Scenes\Tracks\Phineas Track 2.unity,84dedd87b078241ae96d152250730014,11500000,3,True,Assets\Plugins\Assembly-CSharp-firstpass\UghSprite.cs.meta
Assets\Scenes\Tracks\Phineas Track 2.unity,b88ab20c864889e81141f2df8a116b5b,11500000,3,True,Assets\Plugins\Assembly-CSharp-firstpass\UghText.cs.meta
Assets\Scenes\Tracks\Phineas Track 2.unity,540d7059364354e249f259edfef5d69a,11500000,3,True,Assets\Scripts\Assembly-CSharp\SpeedPoint.cs.meta
Assets\Scenes\Tracks\Phineas Track 2.unity,e996a18e58747bf538b26a7d9874aed9,11500000,3,True,Assets\Scripts\Assembly-CSharp\WaypointLogic.cs.meta
Assets\Scenes\Tracks\Phineas Track 2.unity,e996a18e58747bf538b26a7d9874aed9,11500000,3,True,Assets\Scripts\Assembly-CSharp\WaypointLogic.cs.meta
Assets\Scenes\Tracks\Phineas Track 2.unity,540d7059364354e249f259edfef5d69a,11500000,3,True,Assets\Scripts\Assembly-CSharp\SpeedPoint.cs.meta
Assets\Scenes\Tracks\Phineas Track 2.unity,7a1d7e408882e95bdbe76a76d6f51e1c,11500000,3,True,Assets\Plugins\Assembly-CSharp-firstpass\UghButton.cs.meta
Assets\Scenes\Tracks\Phineas Track 2.unity,540d7059364354e249f259edfef5d69a,11500000,3,True,Assets\Scripts\Assembly-CSharp\SpeedPoint.cs.meta
Assets\Scenes\Tracks\Phineas Track 2.unity,540d7059364354e249f259edfef5d69a,11500000,3,True,Assets\Scripts\Assembly-CSharp\SpeedPoint.cs.meta
Assets\Scenes\Tracks\Phineas Track 2.unity,e996a18e58747bf538b26a7d9874aed9,11500000,3,True,Assets\Scripts\Assembly-CSharp\WaypointLogic.cs.meta
Assets\Scenes\Tracks\Phineas Track 2.unity,9b4892a27c501fc32d10289e8a2709d7,11500000,3,True,Assets\Scripts\Assembly-CSharp\CoinPoint.cs.meta
Assets\Scenes\Tracks\Phineas Track 2.unity,e996a18e58747bf538b26a7d9874aed9,11500000,3,True,Assets\Scripts\Assembly-CSharp\WaypointLogic.cs.meta
Assets\Scenes\Tracks\Phineas Track 2.unity,e996a18e58747bf538b26a7d9874aed9,11500000,3,True,Assets\Scripts\Assembly-CSharp\WaypointLogic.cs.meta
Assets\Scenes\Tracks\Phineas Track 2.unity,71c30d28ad73b040f6e74d951b378742,11500000,3,True,Assets\Scripts\Assembly-CSharp\ObjectTrackDistanceLogic.cs.meta
Assets\Scenes\Tracks\Phineas Track 2.unity,0b15208c8a5ae7ff1660a3585ad68237,11500000,3,True,Assets\Scripts\Assembly-CSharp\TerrainEffectTrigger.cs.meta
Assets\Scenes\Tracks\Phineas Track 2.unity,94873483e708f4fa4a57b3033bbbcc5d,11500000,3,True,Assets\Scripts\Assembly-CSharp\AnimatedTexture.cs.meta
Assets\Scenes\Tracks\Phineas Track 2.unity,540d7059364354e249f259edfef5d69a,11500000,3,True,Assets\Scripts\Assembly-CSharp\SpeedPoint.cs.meta
Assets\Scenes\Tracks\Phineas Track 2.unity,0b15208c8a5ae7ff1660a3585ad68237,11500000,3,True,Assets\Scripts\Assembly-CSharp\TerrainEffectTrigger.cs.meta
Assets\Scenes\Tracks\Phineas Track 2.unity,e996a18e58747bf538b26a7d9874aed9,11500000,3,True,Assets\Scripts\Assembly-CSharp\WaypointLogic.cs.meta
Assets\Scenes\Tracks\Phineas Track 2.unity,94873483e708f4fa4a57b3033bbbcc5d,11500000,3,True,Assets\Scripts\Assembly-CSharp\AnimatedTexture.cs.meta
Assets\Scenes\Tracks\Phineas Track 2.unity,0b15208c8a5ae7ff1660a3585ad68237,11500000,3,True,Assets\Scripts\Assembly-CSharp\TerrainEffectTrigger.cs.meta
Assets\Scenes\Tracks\Phineas Track 2.unity,71c30d28ad73b040f6e74d951b378742,11500000,3,True,Assets\Scripts\Assembly-CSharp\ObjectTrackDistanceLogic.cs.meta
Assets\Scenes\Tracks\Phineas Track 2.unity,94873483e708f4fa4a57b3033bbbcc5d,11500000,3,True,Assets\Scripts\Assembly-CSharp\AnimatedTexture.cs.meta
Assets\Scenes\Tracks\Phineas Track 2.unity,71c30d28ad73b040f6e74d951b378742,11500000,3,True,Assets\Scripts\Assembly-CSharp\ObjectTrackDistanceLogic.cs.meta
Assets\Scenes\Tracks\Phineas Track 2.unity,0b15208c8a5ae7ff1660a3585ad68237,11500000,3,True,Assets\Scripts\Assembly-CSharp\TerrainEffectTrigger.cs.meta
Assets\Scenes\Tracks\Phineas Track 2.unity,e996a18e58747bf538b26a7d9874aed9,11500000,3,True,Assets\Scripts\Assembly-CSharp\WaypointLogic.cs.meta
Assets\Scenes\Tracks\Phineas Track 2.unity,540d7059364354e249f259edfef5d69a,11500000,3,True,Assets\Scripts\Assembly-CSharp\SpeedPoint.cs.meta
Assets\Scenes\Tracks\Phineas Track 2.unity,540d7059364354e249f259edfef5d69a,11500000,3,True,Assets\Scripts\Assembly-CSharp\SpeedPoint.cs.meta
Assets\Scenes\Tracks\Phineas Track 2.unity,246f7afd4c00a9e3e9edfd9f644012c9,11500000,3,True,Assets\Scripts\Assembly-CSharp\DebugTrackStrapper.cs.meta
Assets\Scenes\Tracks\Phineas Track 2.unity,84dedd87b078241ae96d152250730014,11500000,3,True,Assets\Plugins\Assembly-CSharp-firstpass\UghSprite.cs.meta
Assets\Scenes\Tracks\Phineas Track 2.unity,e996a18e58747bf538b26a7d9874aed9,11500000,3,True,Assets\Scripts\Assembly-CSharp\WaypointLogic.cs.meta
Assets\Scenes\Tracks\Phineas Track 2.unity,540d7059364354e249f259edfef5d69a,11500000,3,True,Assets\Scripts\Assembly-CSharp\SpeedPoint.cs.meta
Assets\Scenes\Tracks\Phineas Track 2.unity,94873483e708f4fa4a57b3033bbbcc5d,11500000,3,True,Assets\Scripts\Assembly-CSharp\AnimatedTexture.cs.meta
Assets\Scenes\Tracks\Phineas Track 2.unity,0b15208c8a5ae7ff1660a3585ad68237,11500000,3,True,Assets\Scripts\Assembly-CSharp\TerrainEffectTrigger.cs.meta
Assets\Scenes\Tracks\Phineas Track 2.unity,71c30d28ad73b040f6e74d951b378742,11500000,3,True,Assets\Scripts\Assembly-CSharp\ObjectTrackDistanceLogic.cs.meta
Assets\Scenes\Tracks\Phineas Track 2.unity,540d7059364354e249f259edfef5d69a,11500000,3,True,Assets\Scripts\Assembly-CSharp\SpeedPoint.cs.meta
Assets\Scenes\Tracks\Phineas Track 2.unity,e996a18e58747bf538b26a7d9874aed9,11500000,3,True,Assets\Scripts\Assembly-CSharp\WaypointLogic.cs.meta
Assets\Scenes\Tracks\Phineas Track 2.unity,540d7059364354e249f259edfef5d69a,11500000,3,True,Assets\Scripts\Assembly-CSharp\SpeedPoint.cs.meta
Assets\Scenes\Tracks\Phineas Track 2.unity,a5927ab13b8fd57ed5089057e948c6a8,11500000,3,True,Assets\Scripts\Assembly-CSharp\ProgressTriggerLogic.cs.meta
Assets\Scenes\Tracks\Phineas Track 2.unity,b88ab20c864889e81141f2df8a116b5b,11500000,3,True,Assets\Plugins\Assembly-CSharp-firstpass\UghText.cs.meta
Assets\Scenes\Tracks\Phineas Track 2.unity,e996a18e58747bf538b26a7d9874aed9,11500000,3,True,Assets\Scripts\Assembly-CSharp\WaypointLogic.cs.meta
Assets\Scenes\Tracks\Phineas Track 2.unity,540d7059364354e249f259edfef5d69a,11500000,3,True,Assets\Scripts\Assembly-CSharp\SpeedPoint.cs.meta
Assets\Scenes\Tracks\Phineas Track 2.unity,540d7059364354e249f259edfef5d69a,11500000,3,True,Assets\Scripts\Assembly-CSharp\SpeedPoint.cs.meta
Assets\Scenes\Tracks\Phineas Track 2.unity,e171dc7613dc84903f6b62f321860d38,11500000,3,True,Assets\Plugins\Assembly-CSharp-firstpass\UghAlign.cs.meta
Assets\Scenes\Tracks\Phineas Track 2.unity,e996a18e58747bf538b26a7d9874aed9,11500000,3,True,Assets\Scripts\Assembly-CSharp\WaypointLogic.cs.meta
Assets\Scenes\Tracks\Phineas Track 2.unity,540d7059364354e249f259edfef5d69a,11500000,3,True,Assets\Scripts\Assembly-CSharp\SpeedPoint.cs.meta
Assets\Scenes\Tracks\Phineas Track 2.unity,9b4892a27c501fc32d10289e8a2709d7,11500000,3,True,Assets\Scripts\Assembly-CSharp\CoinPoint.cs.meta
Assets\Scenes\Tracks\Phineas Track 2.unity,80004b78694f1129edd555f7161356a9,11500000,3,True,Assets\Scripts\Assembly-CSharp\PickupSpawner.cs.meta
Assets\Scenes\Tracks\Phineas Track 2.unity,a0737a721fe39abadd36e3afa32dd1f7,11500000,3,True,Assets\Scripts\Assembly-CSharp\CarAIPathManager.cs.meta
Assets\Scenes\Tracks\Phineas Track 2.unity,540d7059364354e249f259edfef5d69a,11500000,3,True,Assets\Scripts\Assembly-CSharp\SpeedPoint.cs.meta
Assets\Scenes\Tracks\Phineas Track 2.unity,540d7059364354e249f259edfef5d69a,11500000,3,True,Assets\Scripts\Assembly-CSharp\SpeedPoint.cs.meta
Assets\Scenes\Tracks\Phineas Track 2.unity,540d7059364354e249f259edfef5d69a,11500000,3,True,Assets\Scripts\Assembly-CSharp\SpeedPoint.cs.meta
Assets\Scenes\Tracks\Phineas Track 2.unity,e996a18e58747bf538b26a7d9874aed9,11500000,3,True,Assets\Scripts\Assembly-CSharp\WaypointLogic.cs.meta
Assets\Scenes\Tracks\Phineas Track 2.unity,540d7059364354e249f259edfef5d69a,11500000,3,True,Assets\Scripts\Assembly-CSharp\SpeedPoint.cs.meta
Assets\Scenes\Tracks\Phineas Track 2.unity,540d7059364354e249f259edfef5d69a,11500000,3,True,Assets\Scripts\Assembly-CSharp\SpeedPoint.cs.meta
Assets\Scenes\Tracks\Phineas Track 2.unity,e996a18e58747bf538b26a7d9874aed9,11500000,3,True,Assets\Scripts\Assembly-CSharp\WaypointLogic.cs.meta
Assets\Scenes\Tracks\Phineas Track 2.unity,540d7059364354e249f259edfef5d69a,11500000,3,True,Assets\Scripts\Assembly-CSharp\SpeedPoint.cs.meta
Assets\Scenes\Tracks\Phineas Track 2.unity,540d7059364354e249f259edfef5d69a,11500000,3,True,Assets\Scripts\Assembly-CSharp\SpeedPoint.cs.meta
Assets\Scenes\Tracks\Phineas Track 2.unity,540d7059364354e249f259edfef5d69a,11500000,3,True,Assets\Scripts\Assembly-CSharp\SpeedPoint.cs.meta
Assets\Scenes\Tracks\Phineas Track 2.unity,540d7059364354e249f259edfef5d69a,11500000,3,True,Assets\Scripts\Assembly-CSharp\SpeedPoint.cs.meta
Assets\Scenes\Tracks\Phineas Track 2.unity,222969e5f509aca8e5d482c6c17f2a47,11500000,3,True,Assets\Scripts\Assembly-CSharp\HUDLogic.cs.meta
Assets\Scenes\Tracks\Phineas Track 2.unity,540d7059364354e249f259edfef5d69a,11500000,3,True,Assets\Scripts\Assembly-CSharp\SpeedPoint.cs.meta
Assets\Scenes\Tracks\Phineas Track 2.unity,540d7059364354e249f259edfef5d69a,11500000,3,True,Assets\Scripts\Assembly-CSharp\SpeedPoint.cs.meta
Assets\Scenes\Tracks\Phineas Track 2.unity,71c30d28ad73b040f6e74d951b378742,11500000,3,True,Assets\Scripts\Assembly-CSharp\ObjectTrackDistanceLogic.cs.meta
Assets\Scenes\Tracks\Phineas Track 2.unity,0b15208c8a5ae7ff1660a3585ad68237,11500000,3,True,Assets\Scripts\Assembly-CSharp\TerrainEffectTrigger.cs.meta
Assets\Scenes\Tracks\Phineas Track 2.unity,94873483e708f4fa4a57b3033bbbcc5d,11500000,3,True,Assets\Scripts\Assembly-CSharp\AnimatedTexture.cs.meta
Assets\Scenes\Tracks\Phineas Track 2.unity,540d7059364354e249f259edfef5d69a,11500000,3,True,Assets\Scripts\Assembly-CSharp\SpeedPoint.cs.meta
Assets\Scenes\Tracks\Phineas Track 2.unity,540d7059364354e249f259edfef5d69a,11500000,3,True,Assets\Scripts\Assembly-CSharp\SpeedPoint.cs.meta
Assets\Scenes\Tracks\Phineas Track 2.unity,e996a18e58747bf538b26a7d9874aed9,11500000,3,True,Assets\Scripts\Assembly-CSharp\WaypointLogic.cs.meta
Assets\Scenes\Tracks\Phineas Track 2.unity,9b4892a27c501fc32d10289e8a2709d7,11500000,3,True,Assets\Scripts\Assembly-CSharp\CoinPoint.cs.meta
Assets\Scenes\Tracks\Phineas Track 2.unity,540d7059364354e249f259edfef5d69a,11500000,3,True,Assets\Scripts\Assembly-CSharp\SpeedPoint.cs.meta
Assets\Scenes\Tracks\Phineas Track 2.unity,540d7059364354e249f259edfef5d69a,11500000,3,True,Assets\Scripts\Assembly-CSharp\SpeedPoint.cs.meta
Assets\Scenes\Tracks\Phineas Track 2.unity,80004b78694f1129edd555f7161356a9,11500000,3,True,Assets\Scripts\Assembly-CSharp\PickupSpawner.cs.meta
Assets\Scenes\Tracks\Phineas Track 2.unity,e996a18e58747bf538b26a7d9874aed9,11500000,3,True,Assets\Scripts\Assembly-CSharp\WaypointLogic.cs.meta
Assets\Scenes\Tracks\Phineas Track 2.unity,e33080df6ca488dc2ddb7522478f5e36,11500000,3,True,Assets\Scripts\Assembly-CSharp\SoundLibraryAddendum.cs.meta
Assets\Scenes\Tracks\Phineas Track 2.unity,e996a18e58747bf538b26a7d9874aed9,11500000,3,True,Assets\Scripts\Assembly-CSharp\WaypointLogic.cs.meta
Assets\Scenes\Tracks\Phineas Track 2.unity,e996a18e58747bf538b26a7d9874aed9,11500000,3,True,Assets\Scripts\Assembly-CSharp\WaypointLogic.cs.meta
Assets\Scenes\Tracks\Phineas Track 2.unity,9b4892a27c501fc32d10289e8a2709d7,11500000,3,True,Assets\Scripts\Assembly-CSharp\CoinPoint.cs.meta
Assets\Scenes\Tracks\Phineas Track 2.unity,540d7059364354e249f259edfef5d69a,11500000,3,True,Assets\Scripts\Assembly-CSharp\SpeedPoint.cs.meta
Assets\Scenes\Tracks\Phineas Track 2.unity,94873483e708f4fa4a57b3033bbbcc5d,11500000,3,True,Assets\Scripts\Assembly-CSharp\AnimatedTexture.cs.meta
Assets\Scenes\Tracks\Phineas Track 2.unity,71c30d28ad73b040f6e74d951b378742,11500000,3,True,Assets\Scripts\Assembly-CSharp\ObjectTrackDistanceLogic.cs.meta
Assets\Scenes\Tracks\Phineas Track 2.unity,0b15208c8a5ae7ff1660a3585ad68237,11500000,3,True,Assets\Scripts\Assembly-CSharp\TerrainEffectTrigger.cs.meta
Assets\Scenes\Tracks\Phineas Track 2.unity,540d7059364354e249f259edfef5d69a,11500000,3,True,Assets\Scripts\Assembly-CSharp\SpeedPoint.cs.meta
Assets\Scenes\Tracks\Phineas Track 2.unity,540d7059364354e249f259edfef5d69a,11500000,3,True,Assets\Scripts\Assembly-CSharp\SpeedPoint.cs.meta
Assets\Scenes\Tracks\Phineas Track 2.unity,c67f46bd4e340aa7f64a8e2ae3c03a27,11500000,3,True,Assets\Scripts\Assembly-CSharp\ResetTrigger.cs.meta
Assets\Scenes\Tracks\Phineas Track 2.unity,540d7059364354e249f259edfef5d69a,11500000,3,True,Assets\Scripts\Assembly-CSharp\SpeedPoint.cs.meta
Assets\Scenes\Tracks\Phineas Track 2.unity,540d7059364354e249f259edfef5d69a,11500000,3,True,Assets\Scripts\Assembly-CSharp\SpeedPoint.cs.meta
Assets\Scenes\Tracks\Phineas Track 2.unity,540d7059364354e249f259edfef5d69a,11500000,3,True,Assets\Scripts\Assembly-CSharp\SpeedPoint.cs.meta
Assets\Scenes\Tracks\Phineas Track 2.unity,e996a18e58747bf538b26a7d9874aed9,11500000,3,True,Assets\Scripts\Assembly-CSharp\WaypointLogic.cs.meta
Assets\Scenes\Tracks\Phineas Track 2.unity,540d7059364354e249f259edfef5d69a,11500000,3,True,Assets\Scripts\Assembly-CSharp\SpeedPoint.cs.meta
Assets\Scenes\Tracks\Phineas Track 2.unity,540d7059364354e249f259edfef5d69a,11500000,3,True,Assets\Scripts\Assembly-CSharp\SpeedPoint.cs.meta
Assets\Scenes\Tracks\Phineas Track 2.unity,9b4892a27c501fc32d10289e8a2709d7,11500000,3,True,Assets\Scripts\Assembly-CSharp\CoinPoint.cs.meta
Assets\Scenes\Tracks\Phineas Track 2.unity,e996a18e58747bf538b26a7d9874aed9,11500000,3,True,Assets\Scripts\Assembly-CSharp\WaypointLogic.cs.meta
Assets\Scenes\Tracks\Phineas Track 2.unity,e996a18e58747bf538b26a7d9874aed9,11500000,3,True,Assets\Scripts\Assembly-CSharp\WaypointLogic.cs.meta
Assets\Scenes\Tracks\Phineas Track 2.unity,540d7059364354e249f259edfef5d69a,11500000,3,True,Assets\Scripts\Assembly-CSharp\SpeedPoint.cs.meta
Assets\Scenes\Tracks\Phineas Track 2.unity,54cbe82f1ecc3566dd11401a18f75c23,11500000,3,True,Assets\Scripts\Assembly-CSharp\GuidedJumpTrigger.cs.meta
Assets\Scenes\Tracks\Phineas Track 2.unity,71c30d28ad73b040f6e74d951b378742,11500000,3,True,Assets\Scripts\Assembly-CSharp\ObjectTrackDistanceLogic.cs.meta
Assets\Scenes\Tracks\Phineas Track 2.unity,e171dc7613dc84903f6b62f321860d38,11500000,3,True,Assets\Plugins\Assembly-CSharp-firstpass\UghAlign.cs.meta
Assets\Scenes\Tracks\Phineas Track 2.unity,e996a18e58747bf538b26a7d9874aed9,11500000,3,True,Assets\Scripts\Assembly-CSharp\WaypointLogic.cs.meta
Assets\Scenes\Tracks\Phineas Track 2.unity,e996a18e58747bf538b26a7d9874aed9,11500000,3,True,Assets\Scripts\Assembly-CSharp\WaypointLogic.cs.meta
Assets\Scenes\Tracks\Phineas Track 2.unity,540d7059364354e249f259edfef5d69a,11500000,3,True,Assets\Scripts\Assembly-CSharp\SpeedPoint.cs.meta
Assets\Scenes\Tracks\Phineas Track 2.unity,e996a18e58747bf538b26a7d9874aed9,11500000,3,True,Assets\Scripts\Assembly-CSharp\WaypointLogic.cs.meta
Assets\Scenes\Tracks\Phineas Track 2.unity,e996a18e58747bf538b26a7d9874aed9,11500000,3,True,Assets\Scripts\Assembly-CSharp\WaypointLogic.cs.meta
Assets\Scenes\Tracks\Phineas Track 2.unity,e996a18e58747bf538b26a7d9874aed9,11500000,3,True,Assets\Scripts\Assembly-CSharp\WaypointLogic.cs.meta
Assets\Scenes\Tracks\Phineas Track 2.unity,e996a18e58747bf538b26a7d9874aed9,11500000,3,True,Assets\Scripts\Assembly-CSharp\WaypointLogic.cs.meta
Assets\Scenes\Tracks\Phineas Track 2.unity,540d7059364354e249f259edfef5d69a,11500000,3,True,Assets\Scripts\Assembly-CSharp\SpeedPoint.cs.meta
Assets\Scenes\Tracks\Phineas Track 2.unity,540d7059364354e249f259edfef5d69a,11500000,3,True,Assets\Scripts\Assembly-CSharp\SpeedPoint.cs.meta
Assets\Scenes\Tracks\Phineas Track 2.unity,540d7059364354e249f259edfef5d69a,11500000,3,True,Assets\Scripts\Assembly-CSharp\SpeedPoint.cs.meta
Assets\Scenes\Tracks\Phineas Track 2.unity,540d7059364354e249f259edfef5d69a,11500000,3,True,Assets\Scripts\Assembly-CSharp\SpeedPoint.cs.meta
Assets\Scenes\Tracks\Phineas Track 2.unity,540d7059364354e249f259edfef5d69a,11500000,3,True,Assets\Scripts\Assembly-CSharp\SpeedPoint.cs.meta
Assets\Scenes\Tracks\Phineas Track 2.unity,540d7059364354e249f259edfef5d69a,11500000,3,True,Assets\Scripts\Assembly-CSharp\SpeedPoint.cs.meta
Assets\Scenes\Tracks\Phineas Track 2.unity,80004b78694f1129edd555f7161356a9,11500000,3,True,Assets\Scripts\Assembly-CSharp\PickupSpawner.cs.meta
Assets\Scenes\Tracks\Phineas Track 2.unity,e996a18e58747bf538b26a7d9874aed9,11500000,3,True,Assets\Scripts\Assembly-CSharp\WaypointLogic.cs.meta
Assets\Scenes\Tracks\Phineas Track 2.unity,540d7059364354e249f259edfef5d69a,11500000,3,True,Assets\Scripts\Assembly-CSharp\SpeedPoint.cs.meta
Assets\Scenes\Tracks\Phineas Track 2.unity,e996a18e58747bf538b26a7d9874aed9,11500000,3,True,Assets\Scripts\Assembly-CSharp\WaypointLogic.cs.meta
Assets\Scenes\Tracks\Phineas Track 2.unity,540d7059364354e249f259edfef5d69a,11500000,3,True,Assets\Scripts\Assembly-CSharp\SpeedPoint.cs.meta
Assets\Scenes\Tracks\Phineas Track 2.unity,e996a18e58747bf538b26a7d9874aed9,11500000,3,True,Assets\Scripts\Assembly-CSharp\WaypointLogic.cs.meta
Assets\Scenes\Tracks\Phineas Track 2.unity,e996a18e58747bf538b26a7d9874aed9,11500000,3,True,Assets\Scripts\Assembly-CSharp\WaypointLogic.cs.meta
Assets\Scenes\Tracks\Phineas Track 2.unity,94873483e708f4fa4a57b3033bbbcc5d,11500000,3,True,Assets\Scripts\Assembly-CSharp\AnimatedTexture.cs.meta
Assets\Scenes\Tracks\Phineas Track 2.unity,84dedd87b078241ae96d152250730014,11500000,3,True,Assets\Plugins\Assembly-CSharp-firstpass\UghSprite.cs.meta
Assets\Scenes\Tracks\Phineas Track 2.unity,d023be04c46e426c31d87f45651d35dd,11500000,3,True,Assets\Plugins\Assembly-CSharp-firstpass\UghInput.cs.meta
Assets\Scenes\Tracks\Phineas Track 2.unity,e996a18e58747bf538b26a7d9874aed9,11500000,3,True,Assets\Scripts\Assembly-CSharp\WaypointLogic.cs.meta
Assets\Scenes\Tracks\Phineas Track 2.unity,540d7059364354e249f259edfef5d69a,11500000,3,True,Assets\Scripts\Assembly-CSharp\SpeedPoint.cs.meta
Assets\Scenes\Tracks\Phineas Track 2.unity,0b15208c8a5ae7ff1660a3585ad68237,11500000,3,True,Assets\Scripts\Assembly-CSharp\TerrainEffectTrigger.cs.meta
Assets\Scenes\Tracks\Phineas Track 2.unity,71c30d28ad73b040f6e74d951b378742,11500000,3,True,Assets\Scripts\Assembly-CSharp\ObjectTrackDistanceLogic.cs.meta
Assets\Scenes\Tracks\Phineas Track 2.unity,94873483e708f4fa4a57b3033bbbcc5d,11500000,3,True,Assets\Scripts\Assembly-CSharp\AnimatedTexture.cs.meta
Assets\Scenes\Tracks\Phineas Track 2.unity,84dedd87b078241ae96d152250730014,11500000,3,True,Assets\Plugins\Assembly-CSharp-firstpass\UghSprite.cs.meta
Assets\Scenes\Tracks\Phineas Track 2.unity,94873483e708f4fa4a57b3033bbbcc5d,11500000,3,True,Assets\Scripts\Assembly-CSharp\AnimatedTexture.cs.meta
Assets\Scenes\Tracks\Phineas Track 2.unity,e996a18e58747bf538b26a7d9874aed9,11500000,3,True,Assets\Scripts\Assembly-CSharp\WaypointLogic.cs.meta
Assets\Scenes\Tracks\Phineas Track 2.unity,540d7059364354e249f259edfef5d69a,11500000,3,True,Assets\Scripts\Assembly-CSharp\SpeedPoint.cs.meta
Assets\Scenes\Tracks\Phineas Track 2.unity,540d7059364354e249f259edfef5d69a,11500000,3,True,Assets\Scripts\Assembly-CSharp\SpeedPoint.cs.meta
Assets\Scenes\Tracks\Phineas Track 2.unity,0b15208c8a5ae7ff1660a3585ad68237,11500000,3,True,Assets\Scripts\Assembly-CSharp\TerrainEffectTrigger.cs.meta
Assets\Scenes\Tracks\Phineas Track 2.unity,94873483e708f4fa4a57b3033bbbcc5d,11500000,3,True,Assets\Scripts\Assembly-CSharp\AnimatedTexture.cs.meta
Assets\Scenes\Tracks\Phineas Track 2.unity,71c30d28ad73b040f6e74d951b378742,11500000,3,True,Assets\Scripts\Assembly-CSharp\ObjectTrackDistanceLogic.cs.meta
Assets\Scenes\Tracks\Phineas Track 2.unity,0b15208c8a5ae7ff1660a3585ad68237,11500000,3,True,Assets\Scripts\Assembly-CSharp\TerrainEffectTrigger.cs.meta
Assets\Scenes\Tracks\Phineas Track 2.unity,94873483e708f4fa4a57b3033bbbcc5d,11500000,3,True,Assets\Scripts\Assembly-CSharp\AnimatedTexture.cs.meta
Assets\Scenes\Tracks\Phineas Track 2.unity,540d7059364354e249f259edfef5d69a,11500000,3,True,Assets\Scripts\Assembly-CSharp\SpeedPoint.cs.meta
Assets\Scenes\Tracks\Phineas Track 2.unity,e996a18e58747bf538b26a7d9874aed9,11500000,3,True,Assets\Scripts\Assembly-CSharp\WaypointLogic.cs.meta
Assets\Scenes\Tracks\Phineas Track 2.unity,e996a18e58747bf538b26a7d9874aed9,11500000,3,True,Assets\Scripts\Assembly-CSharp\WaypointLogic.cs.meta
Assets\Scenes\Tracks\Phineas Track 2.unity,540d7059364354e249f259edfef5d69a,11500000,3,True,Assets\Scripts\Assembly-CSharp\SpeedPoint.cs.meta
Assets\Scenes\Tracks\Phineas Track 2.unity,540d7059364354e249f259edfef5d69a,11500000,3,True,Assets\Scripts\Assembly-CSharp\SpeedPoint.cs.meta
Assets\Scenes\Tracks\Phineas Track 2.unity,540d7059364354e249f259edfef5d69a,11500000,3,True,Assets\Scripts\Assembly-CSharp\SpeedPoint.cs.meta
Assets\Scenes\Tracks\Phineas Track 2.unity,e996a18e58747bf538b26a7d9874aed9,11500000,3,True,Assets\Scripts\Assembly-CSharp\WaypointLogic.cs.meta
Assets\Scenes\Tracks\Phineas Track 2.unity,71c30d28ad73b040f6e74d951b378742,11500000,3,True,Assets\Scripts\Assembly-CSharp\ObjectTrackDistanceLogic.cs.meta
Assets\Scenes\Tracks\Phineas Track 2.unity,0b15208c8a5ae7ff1660a3585ad68237,11500000,3,True,Assets\Scripts\Assembly-CSharp\TerrainEffectTrigger.cs.meta
Assets\Scenes\Tracks\Phineas Track 2.unity,94873483e708f4fa4a57b3033bbbcc5d,11500000,3,True,Assets\Scripts\Assembly-CSharp\AnimatedTexture.cs.meta
Assets\Scenes\Tracks\Phineas Track 2.unity,e996a18e58747bf538b26a7d9874aed9,11500000,3,True,Assets\Scripts\Assembly-CSharp\WaypointLogic.cs.meta
Assets\Scenes\Tracks\Phineas Track 2.unity,e171dc7613dc84903f6b62f321860d38,11500000,3,True,Assets\Plugins\Assembly-CSharp-firstpass\UghAlign.cs.meta
Assets\Scenes\Tracks\Phineas Track 2.unity,540d7059364354e249f259edfef5d69a,11500000,3,True,Assets\Scripts\Assembly-CSharp\SpeedPoint.cs.meta
Assets\Scenes\Tracks\Phineas Track 2.unity,84dedd87b078241ae96d152250730014,11500000,3,True,Assets\Plugins\Assembly-CSharp-firstpass\UghSprite.cs.meta
Assets\Scenes\Tracks\Phineas Track 2.unity,540d7059364354e249f259edfef5d69a,11500000,3,True,Assets\Scripts\Assembly-CSharp\SpeedPoint.cs.meta
Assets\Scenes\Tracks\Phineas Track 2.unity,94873483e708f4fa4a57b3033bbbcc5d,11500000,3,True,Assets\Scripts\Assembly-CSharp\AnimatedTexture.cs.meta
Assets\Scenes\Tracks\Phineas Track 2.unity,71c30d28ad73b040f6e74d951b378742,11500000,3,True,Assets\Scripts\Assembly-CSharp\ObjectTrackDistanceLogic.cs.meta
Assets\Scenes\Tracks\Phineas Track 2.unity,0b15208c8a5ae7ff1660a3585ad68237,11500000,3,True,Assets\Scripts\Assembly-CSharp\TerrainEffectTrigger.cs.meta
Assets\Scenes\Tracks\Phineas Track 2.unity,71c30d28ad73b040f6e74d951b378742,11500000,3,True,Assets\Scripts\Assembly-CSharp\ObjectTrackDistanceLogic.cs.meta
Assets\Scenes\Tracks\Phineas Track 2.unity,54cbe82f1ecc3566dd11401a18f75c23,11500000,3,True,Assets\Scripts\Assembly-CSharp\GuidedJumpTrigger.cs.meta
Assets\Scenes\Tracks\Phineas Track 2.unity,e996a18e58747bf538b26a7d9874aed9,11500000,3,True,Assets\Scripts\Assembly-CSharp\WaypointLogic.cs.meta
Assets\Scenes\Tracks\Phineas Track 2.unity,e996a18e58747bf538b26a7d9874aed9,11500000,3,True,Assets\Scripts\Assembly-CSharp\WaypointLogic.cs.meta
Assets\Scenes\Tracks\Phineas Track 2.unity,7a1d7e408882e95bdbe76a76d6f51e1c,11500000,3,True,Assets\Plugins\Assembly-CSharp-firstpass\UghButton.cs.meta
Assets\Scenes\Tracks\Phineas Track 2.unity,540d7059364354e249f259edfef5d69a,11500000,3,True,Assets\Scripts\Assembly-CSharp\SpeedPoint.cs.meta
Assets\Scenes\Tracks\Phineas Track 2.unity,e996a18e58747bf538b26a7d9874aed9,11500000,3,True,Assets\Scripts\Assembly-CSharp\WaypointLogic.cs.meta
Assets\Scenes\Tracks\Phineas Track 2.unity,e171dc7613dc84903f6b62f321860d38,11500000,3,True,Assets\Plugins\Assembly-CSharp-firstpass\UghAlign.cs.meta
Assets\Scenes\Tracks\Phineas Track 2.unity,e996a18e58747bf538b26a7d9874aed9,11500000,3,True,Assets\Scripts\Assembly-CSharp\WaypointLogic.cs.meta
Assets\Scenes\Tracks\Phineas Track 2.unity,80004b78694f1129edd555f7161356a9,11500000,3,True,Assets\Scripts\Assembly-CSharp\PickupSpawner.cs.meta
Assets\Scenes\Tracks\Phineas Track 2.unity,e996a18e58747bf538b26a7d9874aed9,11500000,3,True,Assets\Scripts\Assembly-CSharp\WaypointLogic.cs.meta
Assets\Scenes\Tracks\Phineas Track 2.unity,540d7059364354e249f259edfef5d69a,11500000,3,True,Assets\Scripts\Assembly-CSharp\SpeedPoint.cs.meta
Assets\Scenes\Tracks\Phineas Track 2.unity,540d7059364354e249f259edfef5d69a,11500000,3,True,Assets\Scripts\Assembly-CSharp\SpeedPoint.cs.meta
Assets\Scenes\Tracks\Phineas Track 2.unity,540d7059364354e249f259edfef5d69a,11500000,3,True,Assets\Scripts\Assembly-CSharp\SpeedPoint.cs.meta
Assets\Scenes\Tracks\Phineas Track 2.unity,e996a18e58747bf538b26a7d9874aed9,11500000,3,True,Assets\Scripts\Assembly-CSharp\WaypointLogic.cs.meta
Assets\Scenes\Tracks\Phineas Track 2.unity,540d7059364354e249f259edfef5d69a,11500000,3,True,Assets\Scripts\Assembly-CSharp\SpeedPoint.cs.meta
Assets\Scenes\Tracks\Phineas Track 2.unity,0b15208c8a5ae7ff1660a3585ad68237,11500000,3,True,Assets\Scripts\Assembly-CSharp\TerrainEffectTrigger.cs.meta
Assets\Scenes\Tracks\Phineas Track 2.unity,84dedd87b078241ae96d152250730014,11500000,3,True,Assets\Plugins\Assembly-CSharp-firstpass\UghSprite.cs.meta
Assets\Scenes\Tracks\Phineas Track 2.unity,e996a18e58747bf538b26a7d9874aed9,11500000,3,True,Assets\Scripts\Assembly-CSharp\WaypointLogic.cs.meta
Assets\Scenes\Tracks\Phineas Track 2.unity,84dedd87b078241ae96d152250730014,11500000,3,True,Assets\Plugins\Assembly-CSharp-firstpass\UghSprite.cs.meta
Assets\Scenes\Tracks\Phineas Track 2.unity,b88ab20c864889e81141f2df8a116b5b,11500000,3,True,Assets\Plugins\Assembly-CSharp-firstpass\UghText.cs.meta
Assets\Scenes\Tracks\Phineas Track 2.unity,e996a18e58747bf538b26a7d9874aed9,11500000,3,True,Assets\Scripts\Assembly-CSharp\WaypointLogic.cs.meta
Assets\Scenes\Tracks\Phineas Track 2.unity,80004b78694f1129edd555f7161356a9,11500000,3,True,Assets\Scripts\Assembly-CSharp\PickupSpawner.cs.meta
Assets\Scenes\Tracks\Phineas Track 2.unity,e996a18e58747bf538b26a7d9874aed9,11500000,3,True,Assets\Scripts\Assembly-CSharp\WaypointLogic.cs.meta
Assets\Scenes\Tracks\Phineas Track 2.unity,540d7059364354e249f259edfef5d69a,11500000,3,True,Assets\Scripts\Assembly-CSharp\SpeedPoint.cs.meta
Assets\Scenes\Tracks\Phineas Track 2.unity,540d7059364354e249f259edfef5d69a,11500000,3,True,Assets\Scripts\Assembly-CSharp\SpeedPoint.cs.meta
Assets\Scenes\Tracks\Phineas Track 2.unity,84dedd87b078241ae96d152250730014,11500000,3,True,Assets\Plugins\Assembly-CSharp-firstpass\UghSprite.cs.meta
Assets\Scenes\Tracks\Phineas Track 2.unity,e996a18e58747bf538b26a7d9874aed9,11500000,3,True,Assets\Scripts\Assembly-CSharp\WaypointLogic.cs.meta
Assets\Scenes\Tracks\Phineas Track 2.unity,e996a18e58747bf538b26a7d9874aed9,11500000,3,True,Assets\Scripts\Assembly-CSharp\WaypointLogic.cs.meta
Assets\Scenes\Tracks\Phineas Track 2.unity,e171dc7613dc84903f6b62f321860d38,11500000,3,True,Assets\Plugins\Assembly-CSharp-firstpass\UghAlign.cs.meta
Assets\Scenes\Tracks\Phineas Track 2.unity,e996a18e58747bf538b26a7d9874aed9,11500000,3,True,Assets\Scripts\Assembly-CSharp\WaypointLogic.cs.meta
Assets\Scenes\Tracks\Phineas Track 2.unity,540d7059364354e249f259edfef5d69a,11500000,3,True,Assets\Scripts\Assembly-CSharp\SpeedPoint.cs.meta
Assets\Scenes\Tracks\Phineas Track 2.unity,540d7059364354e249f259edfef5d69a,11500000,3,True,Assets\Scripts\Assembly-CSharp\SpeedPoint.cs.meta
Assets\Scenes\Tracks\Phineas Track 2.unity,e996a18e58747bf538b26a7d9874aed9,11500000,3,True,Assets\Scripts\Assembly-CSharp\WaypointLogic.cs.meta
Assets\Scenes\Tracks\Phineas Track 2.unity,0b15208c8a5ae7ff1660a3585ad68237,11500000,3,True,Assets\Scripts\Assembly-CSharp\TerrainEffectTrigger.cs.meta
Assets\Scenes\Tracks\Phineas Track 2.unity,540d7059364354e249f259edfef5d69a,11500000,3,True,Assets\Scripts\Assembly-CSharp\SpeedPoint.cs.meta
Assets\Scenes\Tracks\Phineas Track 2.unity,540d7059364354e249f259edfef5d69a,11500000,3,True,Assets\Scripts\Assembly-CSharp\SpeedPoint.cs.meta
Assets\Scenes\Tracks\Phineas Track 2.unity,540d7059364354e249f259edfef5d69a,11500000,3,True,Assets\Scripts\Assembly-CSharp\SpeedPoint.cs.meta
Assets\Scenes\Tracks\Phineas Track 2.unity,a5927ab13b8fd57ed5089057e948c6a8,11500000,3,True,Assets\Scripts\Assembly-CSharp\ProgressTriggerLogic.cs.meta
Assets\Scenes\Tracks\Phineas Track 2.unity,540d7059364354e249f259edfef5d69a,11500000,3,True,Assets\Scripts\Assembly-CSharp\SpeedPoint.cs.meta
Assets\Scenes\Tracks\Phineas Track 2.unity,e996a18e58747bf538b26a7d9874aed9,11500000,3,True,Assets\Scripts\Assembly-CSharp\WaypointLogic.cs.meta
Assets\Scenes\Tracks\Phineas Track 2.unity,e996a18e58747bf538b26a7d9874aed9,11500000,3,True,Assets\Scripts\Assembly-CSharp\WaypointLogic.cs.meta
Assets\Scenes\Tracks\Phineas Track 2.unity,e996a18e58747bf538b26a7d9874aed9,11500000,3,True,Assets\Scripts\Assembly-CSharp\WaypointLogic.cs.meta
Assets\Scenes\Tracks\Phineas Track 2.unity,80004b78694f1129edd555f7161356a9,11500000,3,True,Assets\Scripts\Assembly-CSharp\PickupSpawner.cs.meta
Assets\Scenes\Tracks\Phineas Track 2.unity,80004b78694f1129edd555f7161356a9,11500000,3,True,Assets\Scripts\Assembly-CSharp\PickupSpawner.cs.meta
Assets\Scenes\Tracks\Phineas Track 2.unity,84dedd87b078241ae96d152250730014,11500000,3,True,Assets\Plugins\Assembly-CSharp-firstpass\UghSprite.cs.meta
Assets\Scenes\Tracks\Phineas Track 2.unity,e171dc7613dc84903f6b62f321860d38,11500000,3,True,Assets\Plugins\Assembly-CSharp-firstpass\UghAlign.cs.meta
Assets\Scenes\Tracks\Phineas Track 2.unity,b88ab20c864889e81141f2df8a116b5b,11500000,3,True,Assets\Plugins\Assembly-CSharp-firstpass\UghText.cs.meta
Assets\Scenes\Tracks\Phineas Track 2.unity,e996a18e58747bf538b26a7d9874aed9,11500000,3,True,Assets\Scripts\Assembly-CSharp\WaypointLogic.cs.meta
Assets\Scenes\Tracks\Phineas Track 2.unity,e996a18e58747bf538b26a7d9874aed9,11500000,3,True,Assets\Scripts\Assembly-CSharp\WaypointLogic.cs.meta
Assets\Scenes\Tracks\Phineas Track 2.unity,540d7059364354e249f259edfef5d69a,11500000,3,True,Assets\Scripts\Assembly-CSharp\SpeedPoint.cs.meta
Assets\Scenes\Tracks\Phineas Track 2.unity,540d7059364354e249f259edfef5d69a,11500000,3,True,Assets\Scripts\Assembly-CSharp\SpeedPoint.cs.meta
Assets\Scenes\Tracks\Phineas Track 2.unity,540d7059364354e249f259edfef5d69a,11500000,3,True,Assets\Scripts\Assembly-CSharp\SpeedPoint.cs.meta
Assets\Scenes\Tracks\Phineas Track 2.unity,9b4892a27c501fc32d10289e8a2709d7,11500000,3,True,Assets\Scripts\Assembly-CSharp\CoinPoint.cs.meta
Assets\Scenes\Tracks\Phineas Track 2.unity,e996a18e58747bf538b26a7d9874aed9,11500000,3,True,Assets\Scripts\Assembly-CSharp\WaypointLogic.cs.meta
Assets\Scenes\Tracks\Phineas Track 2.unity,e996a18e58747bf538b26a7d9874aed9,11500000,3,True,Assets\Scripts\Assembly-CSharp\WaypointLogic.cs.meta
Assets\Scenes\Tracks\Phineas Track 2.unity,540d7059364354e249f259edfef5d69a,11500000,3,True,Assets\Scripts\Assembly-CSharp\SpeedPoint.cs.meta
Assets\Scenes\Tracks\Phineas Track 2.unity,e996a18e58747bf538b26a7d9874aed9,11500000,3,True,Assets\Scripts\Assembly-CSharp\WaypointLogic.cs.meta
Assets\Scenes\Tracks\Phineas Track 2.unity,540d7059364354e249f259edfef5d69a,11500000,3,True,Assets\Scripts\Assembly-CSharp\SpeedPoint.cs.meta
Assets\Scenes\Tracks\Phineas Track 2.unity,0b15208c8a5ae7ff1660a3585ad68237,11500000,3,True,Assets\Scripts\Assembly-CSharp\TerrainEffectTrigger.cs.meta
Assets\Scenes\Tracks\Phineas Track 2.unity,71c30d28ad73b040f6e74d951b378742,11500000,3,True,Assets\Scripts\Assembly-CSharp\ObjectTrackDistanceLogic.cs.meta
Assets\Scenes\Tracks\Phineas Track 2.unity,94873483e708f4fa4a57b3033bbbcc5d,11500000,3,True,Assets\Scripts\Assembly-CSharp\AnimatedTexture.cs.meta
Assets\Scenes\Tracks\Phineas Track 2.unity,540d7059364354e249f259edfef5d69a,11500000,3,True,Assets\Scripts\Assembly-CSharp\SpeedPoint.cs.meta
Assets\Scenes\Tracks\Phineas Track 2.unity,540d7059364354e249f259edfef5d69a,11500000,3,True,Assets\Scripts\Assembly-CSharp\SpeedPoint.cs.meta
Assets\Scenes\Tracks\Phineas Track 2.unity,e996a18e58747bf538b26a7d9874aed9,11500000,3,True,Assets\Scripts\Assembly-CSharp\WaypointLogic.cs.meta
Assets\Scenes\Tracks\Phineas Track 2.unity,80004b78694f1129edd555f7161356a9,11500000,3,True,Assets\Scripts\Assembly-CSharp\PickupSpawner.cs.meta
Assets\Scenes\Tracks\Phineas Track 2.unity,48302b94d9e9b333d75a5f574a6bcedf,11500000,3,True,Assets\Scripts\Assembly-CSharp\PreRaceCamera.cs.meta
Assets\Scenes\Tracks\Phineas Track 2.unity,540d7059364354e249f259edfef5d69a,11500000,3,True,Assets\Scripts\Assembly-CSharp\SpeedPoint.cs.meta
Assets\Scenes\Tracks\Phineas Track 2.unity,540d7059364354e249f259edfef5d69a,11500000,3,True,Assets\Scripts\Assembly-CSharp\SpeedPoint.cs.meta
Assets\Scenes\Tracks\Phineas Track 2.unity,540d7059364354e249f259edfef5d69a,11500000,3,True,Assets\Scripts\Assembly-CSharp\SpeedPoint.cs.meta
Assets\Scenes\Tracks\Phineas Track 2.unity,e996a18e58747bf538b26a7d9874aed9,11500000,3,True,Assets\Scripts\Assembly-CSharp\WaypointLogic.cs.meta
Assets\Scenes\Tracks\Phineas Track 2.unity,540d7059364354e249f259edfef5d69a,11500000,3,True,Assets\Scripts\Assembly-CSharp\SpeedPoint.cs.meta
Assets\Scenes\Tracks\Phineas Track 2.unity,9b4892a27c501fc32d10289e8a2709d7,11500000,3,True,Assets\Scripts\Assembly-CSharp\CoinPoint.cs.meta
Assets\Scenes\Tracks\Phineas Track 2.unity,e996a18e58747bf538b26a7d9874aed9,11500000,3,True,Assets\Scripts\Assembly-CSharp\WaypointLogic.cs.meta
Assets\Scenes\Tracks\Phineas Track 2.unity,e996a18e58747bf538b26a7d9874aed9,11500000,3,True,Assets\Scripts\Assembly-CSharp\WaypointLogic.cs.meta
Assets\Scenes\Tracks\Phineas Track 2.unity,e996a18e58747bf538b26a7d9874aed9,11500000,3,True,Assets\Scripts\Assembly-CSharp\WaypointLogic.cs.meta
Assets\Scenes\Tracks\Phineas Track 2.unity,540d7059364354e249f259edfef5d69a,11500000,3,True,Assets\Scripts\Assembly-CSharp\SpeedPoint.cs.meta
Assets\Scenes\Tracks\Phineas Track 2.unity,9b4892a27c501fc32d10289e8a2709d7,11500000,3,True,Assets\Scripts\Assembly-CSharp\CoinPoint.cs.meta
Assets\Scenes\Tracks\Phineas Track 2.unity,e996a18e58747bf538b26a7d9874aed9,11500000,3,True,Assets\Scripts\Assembly-CSharp\WaypointLogic.cs.meta
Assets\Scenes\Tracks\Phineas Track 2.unity,e996a18e58747bf538b26a7d9874aed9,11500000,3,True,Assets\Scripts\Assembly-CSharp\WaypointLogic.cs.meta
Assets\Scenes\Tracks\Phineas Track 2.unity,93a00b2df47c568d51d2e788e763d67e,11500000,3,True,Assets\Plugins\Assembly-CSharp-firstpass\UghCamera.cs.meta
Assets\Scenes\Tracks\Phineas Track 2.unity,540d7059364354e249f259edfef5d69a,11500000,3,True,Assets\Scripts\Assembly-CSharp\SpeedPoint.cs.meta
Assets\Scenes\Tracks\Phineas Track 2.unity,054475368ac70ce39f51fab67e0d6080,11500000,3,True,Assets\Scripts\Assembly-CSharp\ReverseButton.cs.meta
Assets\Scenes\Tracks\Phineas Track 2.unity,80004b78694f1129edd555f7161356a9,11500000,3,True,Assets\Scripts\Assembly-CSharp\PickupSpawner.cs.meta
Assets\Scenes\Tracks\Phineas Track 2.unity,84dedd87b078241ae96d152250730014,11500000,3,True,Assets\Plugins\Assembly-CSharp-firstpass\UghSprite.cs.meta
Assets\Scenes\Tracks\Phineas Track 2.unity,540d7059364354e249f259edfef5d69a,11500000,3,True,Assets\Scripts\Assembly-CSharp\SpeedPoint.cs.meta
Assets\Scenes\Tracks\Phineas Track 2.unity,84dedd87b078241ae96d152250730014,11500000,3,True,Assets\Plugins\Assembly-CSharp-firstpass\UghSprite.cs.meta
Assets\Scenes\Tracks\Phineas Track 2.unity,e996a18e58747bf538b26a7d9874aed9,11500000,3,True,Assets\Scripts\Assembly-CSharp\WaypointLogic.cs.meta
Assets\Scenes\Tracks\Phineas Track 2.unity,540d7059364354e249f259edfef5d69a,11500000,3,True,Assets\Scripts\Assembly-CSharp\SpeedPoint.cs.meta
Assets\Scenes\Tracks\Phineas Track 2.unity,e996a18e58747bf538b26a7d9874aed9,11500000,3,True,Assets\Scripts\Assembly-CSharp\WaypointLogic.cs.meta
Assets\Scenes\Tracks\Phineas Track 2.unity,9b4892a27c501fc32d10289e8a2709d7,11500000,3,True,Assets\Scripts\Assembly-CSharp\CoinPoint.cs.meta
Assets\Scenes\Tracks\Phineas Track 2.unity,540d7059364354e249f259edfef5d69a,11500000,3,True,Assets\Scripts\Assembly-CSharp\SpeedPoint.cs.meta
Assets\Scenes\Tracks\Phineas Track 2.unity,540d7059364354e249f259edfef5d69a,11500000,3,True,Assets\Scripts\Assembly-CSharp\SpeedPoint.cs.meta
Assets\Scenes\Tracks\Phineas Track 2.unity,80004b78694f1129edd555f7161356a9,11500000,3,True,Assets\Scripts\Assembly-CSharp\PickupSpawner.cs.meta
Assets\Scenes\Tracks\Phineas Track 2.unity,540d7059364354e249f259edfef5d69a,11500000,3,True,Assets\Scripts\Assembly-CSharp\SpeedPoint.cs.meta
Assets\Scenes\Tracks\Phineas Track 2.unity,e996a18e58747bf538b26a7d9874aed9,11500000,3,True,Assets\Scripts\Assembly-CSharp\WaypointLogic.cs.meta
Assets\Scenes\Tracks\Phineas Track 2.unity,a5927ab13b8fd57ed5089057e948c6a8,11500000,3,True,Assets\Scripts\Assembly-CSharp\ProgressTriggerLogic.cs.meta
Assets\Scenes\Tracks\Phineas Track 2.unity,540d7059364354e249f259edfef5d69a,11500000,3,True,Assets\Scripts\Assembly-CSharp\SpeedPoint.cs.meta
Assets\Scenes\Tracks\Phineas Track 2.unity,540d7059364354e249f259edfef5d69a,11500000,3,True,Assets\Scripts\Assembly-CSharp\SpeedPoint.cs.meta
Assets\Scenes\Tracks\Phineas Track 2.unity,540d7059364354e249f259edfef5d69a,11500000,3,True,Assets\Scripts\Assembly-CSharp\SpeedPoint.cs.meta
Assets\Scenes\Tracks\Phineas Track 2.unity,e996a18e58747bf538b26a7d9874aed9,11500000,3,True,Assets\Scripts\Assembly-CSharp\WaypointLogic.cs.meta
Assets\Scenes\Tracks\Phineas Track 2.unity,540d7059364354e249f259edfef5d69a,11500000,3,True,Assets\Scripts\Assembly-CSharp\SpeedPoint.cs.meta
Assets\Scenes\Tracks\Phineas Track 2.unity,540d7059364354e249f259edfef5d69a,11500000,3,True,Assets\Scripts\Assembly-CSharp\SpeedPoint.cs.meta
Assets\Scenes\Tracks\Phineas Track 2.unity,e996a18e58747bf538b26a7d9874aed9,11500000,3,True,Assets\Scripts\Assembly-CSharp\WaypointLogic.cs.meta
Assets\Scenes\Tracks\Phineas Track 2.unity,e996a18e58747bf538b26a7d9874aed9,11500000,3,True,Assets\Scripts\Assembly-CSharp\WaypointLogic.cs.meta
Assets\Scenes\Tracks\Phineas Track 2.unity,540d7059364354e249f259edfef5d69a,11500000,3,True,Assets\Scripts\Assembly-CSharp\SpeedPoint.cs.meta
Assets\Scenes\Tracks\Phineas Track 2.unity,540d7059364354e249f259edfef5d69a,11500000,3,True,Assets\Scripts\Assembly-CSharp\SpeedPoint.cs.meta
Assets\Scenes\Tracks\Phineas Track 2.unity,540d7059364354e249f259edfef5d69a,11500000,3,True,Assets\Scripts\Assembly-CSharp\SpeedPoint.cs.meta
Assets\Scenes\Tracks\Phineas Track 2.unity,540d7059364354e249f259edfef5d69a,11500000,3,True,Assets\Scripts\Assembly-CSharp\SpeedPoint.cs.meta
Assets\Scenes\Tracks\Phineas Track 2.unity,540d7059364354e249f259edfef5d69a,11500000,3,True,Assets\Scripts\Assembly-CSharp\SpeedPoint.cs.meta
Assets\Scenes\Tracks\Phineas Track 2.unity,540d7059364354e249f259edfef5d69a,11500000,3,True,Assets\Scripts\Assembly-CSharp\SpeedPoint.cs.meta
Assets\Scenes\Tracks\Phineas Track 2.unity,9b4892a27c501fc32d10289e8a2709d7,11500000,3,True,Assets\Scripts\Assembly-CSharp\CoinPoint.cs.meta
Assets\Scenes\Tracks\Phineas Track 2.unity,e996a18e58747bf538b26a7d9874aed9,11500000,3,True,Assets\Scripts\Assembly-CSharp\WaypointLogic.cs.meta
Assets\Scenes\Tracks\Phineas Track 2.unity,540d7059364354e249f259edfef5d69a,11500000,3,True,Assets\Scripts\Assembly-CSharp\SpeedPoint.cs.meta
Assets\Scenes\Tracks\Phineas Track 2.unity,540d7059364354e249f259edfef5d69a,11500000,3,True,Assets\Scripts\Assembly-CSharp\SpeedPoint.cs.meta
Assets\Scenes\Tracks\Phineas Track 2.unity,e996a18e58747bf538b26a7d9874aed9,11500000,3,True,Assets\Scripts\Assembly-CSharp\WaypointLogic.cs.meta
Assets\Scenes\Tracks\Phineas Track 2.unity,b88ab20c864889e81141f2df8a116b5b,11500000,3,True,Assets\Plugins\Assembly-CSharp-firstpass\UghText.cs.meta
Assets\Scenes\Tracks\Phineas Track 2.unity,540d7059364354e249f259edfef5d69a,11500000,3,True,Assets\Scripts\Assembly-CSharp\SpeedPoint.cs.meta
Assets\Scenes\Tracks\Phineas Track 2.unity,e996a18e58747bf538b26a7d9874aed9,11500000,3,True,Assets\Scripts\Assembly-CSharp\WaypointLogic.cs.meta
Assets\Scenes\Tracks\Phineas Track 2.unity,540d7059364354e249f259edfef5d69a,11500000,3,True,Assets\Scripts\Assembly-CSharp\SpeedPoint.cs.meta
Assets\Scenes\Tracks\Phineas Track 2.unity,e996a18e58747bf538b26a7d9874aed9,11500000,3,True,Assets\Scripts\Assembly-CSharp\WaypointLogic.cs.meta
Assets\Scenes\Tracks\Phineas Track 2.unity,e996a18e58747bf538b26a7d9874aed9,11500000,3,True,Assets\Scripts\Assembly-CSharp\WaypointLogic.cs.meta
Assets\Scenes\Tracks\Phineas Track 2.unity,540d7059364354e249f259edfef5d69a,11500000,3,True,Assets\Scripts\Assembly-CSharp\SpeedPoint.cs.meta
Assets\Scenes\Tracks\Phineas Track 2.unity,540d7059364354e249f259edfef5d69a,11500000,3,True,Assets\Scripts\Assembly-CSharp\SpeedPoint.cs.meta
Assets\Scenes\Tracks\Phineas Track 2.unity,540d7059364354e249f259edfef5d69a,11500000,3,True,Assets\Scripts\Assembly-CSharp\SpeedPoint.cs.meta
Assets\Scenes\Tracks\Phineas Track 2.unity,540d7059364354e249f259edfef5d69a,11500000,3,True,Assets\Scripts\Assembly-CSharp\SpeedPoint.cs.meta
Assets\Scenes\Tracks\Phineas Track 2.unity,540d7059364354e249f259edfef5d69a,11500000,3,True,Assets\Scripts\Assembly-CSharp\SpeedPoint.cs.meta
Assets\Scenes\Tracks\Phineas Track 2.unity,e996a18e58747bf538b26a7d9874aed9,11500000,3,True,Assets\Scripts\Assembly-CSharp\WaypointLogic.cs.meta
Assets\Scenes\Tracks\Phineas Track 2.unity,540d7059364354e249f259edfef5d69a,11500000,3,True,Assets\Scripts\Assembly-CSharp\SpeedPoint.cs.meta
Assets\Scenes\Tracks\Phineas Track 3.unity,540d7059364354e249f259edfef5d69a,11500000,3,True,Assets\Scripts\Assembly-CSharp\SpeedPoint.cs.meta
Assets\Scenes\Tracks\Phineas Track 3.unity,540d7059364354e249f259edfef5d69a,11500000,3,True,Assets\Scripts\Assembly-CSharp\SpeedPoint.cs.meta
Assets\Scenes\Tracks\Phineas Track 3.unity,e996a18e58747bf538b26a7d9874aed9,11500000,3,True,Assets\Scripts\Assembly-CSharp\WaypointLogic.cs.meta
Assets\Scenes\Tracks\Phineas Track 3.unity,e996a18e58747bf538b26a7d9874aed9,11500000,3,True,Assets\Scripts\Assembly-CSharp\WaypointLogic.cs.meta
Assets\Scenes\Tracks\Phineas Track 3.unity,e996a18e58747bf538b26a7d9874aed9,11500000,3,True,Assets\Scripts\Assembly-CSharp\WaypointLogic.cs.meta
Assets\Scenes\Tracks\Phineas Track 3.unity,540d7059364354e249f259edfef5d69a,11500000,3,True,Assets\Scripts\Assembly-CSharp\SpeedPoint.cs.meta
Assets\Scenes\Tracks\Phineas Track 3.unity,e996a18e58747bf538b26a7d9874aed9,11500000,3,True,Assets\Scripts\Assembly-CSharp\WaypointLogic.cs.meta
Assets\Scenes\Tracks\Phineas Track 3.unity,e171dc7613dc84903f6b62f321860d38,11500000,3,True,Assets\Plugins\Assembly-CSharp-firstpass\UghAlign.cs.meta
Assets\Scenes\Tracks\Phineas Track 3.unity,540d7059364354e249f259edfef5d69a,11500000,3,True,Assets\Scripts\Assembly-CSharp\SpeedPoint.cs.meta
Assets\Scenes\Tracks\Phineas Track 3.unity,acaf138463e14d81a04866c56f233523,11500000,3,True,Assets\Scripts\Assembly-CSharp\DriftButton.cs.meta
Assets\Scenes\Tracks\Phineas Track 3.unity,e996a18e58747bf538b26a7d9874aed9,11500000,3,True,Assets\Scripts\Assembly-CSharp\WaypointLogic.cs.meta
Assets\Scenes\Tracks\Phineas Track 3.unity,e996a18e58747bf538b26a7d9874aed9,11500000,3,True,Assets\Scripts\Assembly-CSharp\WaypointLogic.cs.meta
Assets\Scenes\Tracks\Phineas Track 3.unity,540d7059364354e249f259edfef5d69a,11500000,3,True,Assets\Scripts\Assembly-CSharp\SpeedPoint.cs.meta
Assets\Scenes\Tracks\Phineas Track 3.unity,e996a18e58747bf538b26a7d9874aed9,11500000,3,True,Assets\Scripts\Assembly-CSharp\WaypointLogic.cs.meta
Assets\Scenes\Tracks\Phineas Track 3.unity,e996a18e58747bf538b26a7d9874aed9,11500000,3,True,Assets\Scripts\Assembly-CSharp\WaypointLogic.cs.meta
Assets\Scenes\Tracks\Phineas Track 3.unity,7a1d7e408882e95bdbe76a76d6f51e1c,11500000,3,True,Assets\Plugins\Assembly-CSharp-firstpass\UghButton.cs.meta
Assets\Scenes\Tracks\Phineas Track 3.unity,84dedd87b078241ae96d152250730014,11500000,3,True,Assets\Plugins\Assembly-CSharp-firstpass\UghSprite.cs.meta
Assets\Scenes\Tracks\Phineas Track 3.unity,e996a18e58747bf538b26a7d9874aed9,11500000,3,True,Assets\Scripts\Assembly-CSharp\WaypointLogic.cs.meta
Assets\Scenes\Tracks\Phineas Track 3.unity,540d7059364354e249f259edfef5d69a,11500000,3,True,Assets\Scripts\Assembly-CSharp\SpeedPoint.cs.meta
Assets\Scenes\Tracks\Phineas Track 3.unity,e996a18e58747bf538b26a7d9874aed9,11500000,3,True,Assets\Scripts\Assembly-CSharp\WaypointLogic.cs.meta
Assets\Scenes\Tracks\Phineas Track 3.unity,c67f46bd4e340aa7f64a8e2ae3c03a27,11500000,3,True,Assets\Scripts\Assembly-CSharp\ResetTrigger.cs.meta
Assets\Scenes\Tracks\Phineas Track 3.unity,540d7059364354e249f259edfef5d69a,11500000,3,True,Assets\Scripts\Assembly-CSharp\SpeedPoint.cs.meta
Assets\Scenes\Tracks\Phineas Track 3.unity,e996a18e58747bf538b26a7d9874aed9,11500000,3,True,Assets\Scripts\Assembly-CSharp\WaypointLogic.cs.meta
Assets\Scenes\Tracks\Phineas Track 3.unity,e996a18e58747bf538b26a7d9874aed9,11500000,3,True,Assets\Scripts\Assembly-CSharp\WaypointLogic.cs.meta
Assets\Scenes\Tracks\Phineas Track 3.unity,e996a18e58747bf538b26a7d9874aed9,11500000,3,True,Assets\Scripts\Assembly-CSharp\WaypointLogic.cs.meta
Assets\Scenes\Tracks\Phineas Track 3.unity,540d7059364354e249f259edfef5d69a,11500000,3,True,Assets\Scripts\Assembly-CSharp\SpeedPoint.cs.meta
Assets\Scenes\Tracks\Phineas Track 3.unity,540d7059364354e249f259edfef5d69a,11500000,3,True,Assets\Scripts\Assembly-CSharp\SpeedPoint.cs.meta
Assets\Scenes\Tracks\Phineas Track 3.unity,e996a18e58747bf538b26a7d9874aed9,11500000,3,True,Assets\Scripts\Assembly-CSharp\WaypointLogic.cs.meta
Assets\Scenes\Tracks\Phineas Track 3.unity,540d7059364354e249f259edfef5d69a,11500000,3,True,Assets\Scripts\Assembly-CSharp\SpeedPoint.cs.meta
Assets\Scenes\Tracks\Phineas Track 3.unity,e996a18e58747bf538b26a7d9874aed9,11500000,3,True,Assets\Scripts\Assembly-CSharp\WaypointLogic.cs.meta
Assets\Scenes\Tracks\Phineas Track 3.unity,71c30d28ad73b040f6e74d951b378742,11500000,3,True,Assets\Scripts\Assembly-CSharp\ObjectTrackDistanceLogic.cs.meta
Assets\Scenes\Tracks\Phineas Track 3.unity,0b15208c8a5ae7ff1660a3585ad68237,11500000,3,True,Assets\Scripts\Assembly-CSharp\TerrainEffectTrigger.cs.meta
Assets\Scenes\Tracks\Phineas Track 3.unity,a5927ab13b8fd57ed5089057e948c6a8,11500000,3,True,Assets\Scripts\Assembly-CSharp\ProgressTriggerLogic.cs.meta
Assets\Scenes\Tracks\Phineas Track 3.unity,80004b78694f1129edd555f7161356a9,11500000,3,True,Assets\Scripts\Assembly-CSharp\PickupSpawner.cs.meta
Assets\Scenes\Tracks\Phineas Track 3.unity,e996a18e58747bf538b26a7d9874aed9,11500000,3,True,Assets\Scripts\Assembly-CSharp\WaypointLogic.cs.meta
Assets\Scenes\Tracks\Phineas Track 3.unity,e996a18e58747bf538b26a7d9874aed9,11500000,3,True,Assets\Scripts\Assembly-CSharp\WaypointLogic.cs.meta
Assets\Scenes\Tracks\Phineas Track 3.unity,540d7059364354e249f259edfef5d69a,11500000,3,True,Assets\Scripts\Assembly-CSharp\SpeedPoint.cs.meta
Assets\Scenes\Tracks\Phineas Track 3.unity,94873483e708f4fa4a57b3033bbbcc5d,11500000,3,True,Assets\Scripts\Assembly-CSharp\AnimatedTexture.cs.meta
Assets\Scenes\Tracks\Phineas Track 3.unity,410aef06036e22f327bf513834d3c8f7,11500000,3,True,Assets\Scripts\Assembly-CSharp\FollowCamera.cs.meta
Assets\Scenes\Tracks\Phineas Track 3.unity,30b411d090599ca49164a82da6acd001,11500000,3,True,Assets\Scripts\Assembly-CSharp\CameraShake.cs.meta
Assets\Scenes\Tracks\Phineas Track 3.unity,222969e5f509aca8e5d482c6c17f2a47,11500000,3,True,Assets\Scripts\Assembly-CSharp\HUDLogic.cs.meta
Assets\Scenes\Tracks\Phineas Track 3.unity,e996a18e58747bf538b26a7d9874aed9,11500000,3,True,Assets\Scripts\Assembly-CSharp\WaypointLogic.cs.meta
Assets\Scenes\Tracks\Phineas Track 3.unity,71c30d28ad73b040f6e74d951b378742,11500000,3,True,Assets\Scripts\Assembly-CSharp\ObjectTrackDistanceLogic.cs.meta
Assets\Scenes\Tracks\Phineas Track 3.unity,0b15208c8a5ae7ff1660a3585ad68237,11500000,3,True,Assets\Scripts\Assembly-CSharp\TerrainEffectTrigger.cs.meta
Assets\Scenes\Tracks\Phineas Track 3.unity,e996a18e58747bf538b26a7d9874aed9,11500000,3,True,Assets\Scripts\Assembly-CSharp\WaypointLogic.cs.meta
Assets\Scenes\Tracks\Phineas Track 3.unity,0b15208c8a5ae7ff1660a3585ad68237,11500000,3,True,Assets\Scripts\Assembly-CSharp\TerrainEffectTrigger.cs.meta
Assets\Scenes\Tracks\Phineas Track 3.unity,71c30d28ad73b040f6e74d951b378742,11500000,3,True,Assets\Scripts\Assembly-CSharp\ObjectTrackDistanceLogic.cs.meta
Assets\Scenes\Tracks\Phineas Track 3.unity,94873483e708f4fa4a57b3033bbbcc5d,11500000,3,True,Assets\Scripts\Assembly-CSharp\AnimatedTexture.cs.meta
Assets\Scenes\Tracks\Phineas Track 3.unity,e996a18e58747bf538b26a7d9874aed9,11500000,3,True,Assets\Scripts\Assembly-CSharp\WaypointLogic.cs.meta
Assets\Scenes\Tracks\Phineas Track 3.unity,e996a18e58747bf538b26a7d9874aed9,11500000,3,True,Assets\Scripts\Assembly-CSharp\WaypointLogic.cs.meta
Assets\Scenes\Tracks\Phineas Track 3.unity,e996a18e58747bf538b26a7d9874aed9,11500000,3,True,Assets\Scripts\Assembly-CSharp\WaypointLogic.cs.meta
Assets\Scenes\Tracks\Phineas Track 3.unity,e996a18e58747bf538b26a7d9874aed9,11500000,3,True,Assets\Scripts\Assembly-CSharp\WaypointLogic.cs.meta
Assets\Scenes\Tracks\Phineas Track 3.unity,e996a18e58747bf538b26a7d9874aed9,11500000,3,True,Assets\Scripts\Assembly-CSharp\WaypointLogic.cs.meta
Assets\Scenes\Tracks\Phineas Track 3.unity,a5927ab13b8fd57ed5089057e948c6a8,11500000,3,True,Assets\Scripts\Assembly-CSharp\ProgressTriggerLogic.cs.meta
Assets\Scenes\Tracks\Phineas Track 3.unity,80004b78694f1129edd555f7161356a9,11500000,3,True,Assets\Scripts\Assembly-CSharp\PickupSpawner.cs.meta
Assets\Scenes\Tracks\Phineas Track 3.unity,e996a18e58747bf538b26a7d9874aed9,11500000,3,True,Assets\Scripts\Assembly-CSharp\WaypointLogic.cs.meta
Assets\Scenes\Tracks\Phineas Track 3.unity,540d7059364354e249f259edfef5d69a,11500000,3,True,Assets\Scripts\Assembly-CSharp\SpeedPoint.cs.meta
Assets\Scenes\Tracks\Phineas Track 3.unity,e33080df6ca488dc2ddb7522478f5e36,11500000,3,True,Assets\Scripts\Assembly-CSharp\SoundLibraryAddendum.cs.meta
Assets\Scenes\Tracks\Phineas Track 3.unity,540d7059364354e249f259edfef5d69a,11500000,3,True,Assets\Scripts\Assembly-CSharp\SpeedPoint.cs.meta
Assets\Scenes\Tracks\Phineas Track 3.unity,e996a18e58747bf538b26a7d9874aed9,11500000,3,True,Assets\Scripts\Assembly-CSharp\WaypointLogic.cs.meta
Assets\Scenes\Tracks\Phineas Track 3.unity,e996a18e58747bf538b26a7d9874aed9,11500000,3,True,Assets\Scripts\Assembly-CSharp\WaypointLogic.cs.meta
Assets\Scenes\Tracks\Phineas Track 3.unity,e996a18e58747bf538b26a7d9874aed9,11500000,3,True,Assets\Scripts\Assembly-CSharp\WaypointLogic.cs.meta
Assets\Scenes\Tracks\Phineas Track 3.unity,e996a18e58747bf538b26a7d9874aed9,11500000,3,True,Assets\Scripts\Assembly-CSharp\WaypointLogic.cs.meta
Assets\Scenes\Tracks\Phineas Track 3.unity,e996a18e58747bf538b26a7d9874aed9,11500000,3,True,Assets\Scripts\Assembly-CSharp\WaypointLogic.cs.meta
Assets\Scenes\Tracks\Phineas Track 3.unity,0b15208c8a5ae7ff1660a3585ad68237,11500000,3,True,Assets\Scripts\Assembly-CSharp\TerrainEffectTrigger.cs.meta
Assets\Scenes\Tracks\Phineas Track 3.unity,71c30d28ad73b040f6e74d951b378742,11500000,3,True,Assets\Scripts\Assembly-CSharp\ObjectTrackDistanceLogic.cs.meta
Assets\Scenes\Tracks\Phineas Track 3.unity,e996a18e58747bf538b26a7d9874aed9,11500000,3,True,Assets\Scripts\Assembly-CSharp\WaypointLogic.cs.meta
Assets\Scenes\Tracks\Phineas Track 3.unity,e996a18e58747bf538b26a7d9874aed9,11500000,3,True,Assets\Scripts\Assembly-CSharp\WaypointLogic.cs.meta
Assets\Scenes\Tracks\Phineas Track 3.unity,e171dc7613dc84903f6b62f321860d38,11500000,3,True,Assets\Plugins\Assembly-CSharp-firstpass\UghAlign.cs.meta
Assets\Scenes\Tracks\Phineas Track 3.unity,e996a18e58747bf538b26a7d9874aed9,11500000,3,True,Assets\Scripts\Assembly-CSharp\WaypointLogic.cs.meta
Assets\Scenes\Tracks\Phineas Track 3.unity,540d7059364354e249f259edfef5d69a,11500000,3,True,Assets\Scripts\Assembly-CSharp\SpeedPoint.cs.meta
Assets\Scenes\Tracks\Phineas Track 3.unity,e996a18e58747bf538b26a7d9874aed9,11500000,3,True,Assets\Scripts\Assembly-CSharp\WaypointLogic.cs.meta
Assets\Scenes\Tracks\Phineas Track 3.unity,80004b78694f1129edd555f7161356a9,11500000,3,True,Assets\Scripts\Assembly-CSharp\PickupSpawner.cs.meta
Assets\Scenes\Tracks\Phineas Track 3.unity,e996a18e58747bf538b26a7d9874aed9,11500000,3,True,Assets\Scripts\Assembly-CSharp\WaypointLogic.cs.meta
Assets\Scenes\Tracks\Phineas Track 3.unity,e996a18e58747bf538b26a7d9874aed9,11500000,3,True,Assets\Scripts\Assembly-CSharp\WaypointLogic.cs.meta
Assets\Scenes\Tracks\Phineas Track 3.unity,e996a18e58747bf538b26a7d9874aed9,11500000,3,True,Assets\Scripts\Assembly-CSharp\WaypointLogic.cs.meta
Assets\Scenes\Tracks\Phineas Track 3.unity,e996a18e58747bf538b26a7d9874aed9,11500000,3,True,Assets\Scripts\Assembly-CSharp\WaypointLogic.cs.meta
Assets\Scenes\Tracks\Phineas Track 3.unity,e996a18e58747bf538b26a7d9874aed9,11500000,3,True,Assets\Scripts\Assembly-CSharp\WaypointLogic.cs.meta
Assets\Scenes\Tracks\Phineas Track 3.unity,e171dc7613dc84903f6b62f321860d38,11500000,3,True,Assets\Plugins\Assembly-CSharp-firstpass\UghAlign.cs.meta
Assets\Scenes\Tracks\Phineas Track 3.unity,540d7059364354e249f259edfef5d69a,11500000,3,True,Assets\Scripts\Assembly-CSharp\SpeedPoint.cs.meta
Assets\Scenes\Tracks\Phineas Track 3.unity,e996a18e58747bf538b26a7d9874aed9,11500000,3,True,Assets\Scripts\Assembly-CSharp\WaypointLogic.cs.meta
Assets\Scenes\Tracks\Phineas Track 3.unity,0b15208c8a5ae7ff1660a3585ad68237,11500000,3,True,Assets\Scripts\Assembly-CSharp\TerrainEffectTrigger.cs.meta
Assets\Scenes\Tracks\Phineas Track 3.unity,71c30d28ad73b040f6e74d951b378742,11500000,3,True,Assets\Scripts\Assembly-CSharp\ObjectTrackDistanceLogic.cs.meta
Assets\Scenes\Tracks\Phineas Track 3.unity,e996a18e58747bf538b26a7d9874aed9,11500000,3,True,Assets\Scripts\Assembly-CSharp\WaypointLogic.cs.meta
Assets\Scenes\Tracks\Phineas Track 3.unity,e996a18e58747bf538b26a7d9874aed9,11500000,3,True,Assets\Scripts\Assembly-CSharp\WaypointLogic.cs.meta
Assets\Scenes\Tracks\Phineas Track 3.unity,e996a18e58747bf538b26a7d9874aed9,11500000,3,True,Assets\Scripts\Assembly-CSharp\WaypointLogic.cs.meta
Assets\Scenes\Tracks\Phineas Track 3.unity,e996a18e58747bf538b26a7d9874aed9,11500000,3,True,Assets\Scripts\Assembly-CSharp\WaypointLogic.cs.meta
Assets\Scenes\Tracks\Phineas Track 3.unity,94873483e708f4fa4a57b3033bbbcc5d,11500000,3,True,Assets\Scripts\Assembly-CSharp\AnimatedTexture.cs.meta
Assets\Scenes\Tracks\Phineas Track 3.unity,e996a18e58747bf538b26a7d9874aed9,11500000,3,True,Assets\Scripts\Assembly-CSharp\WaypointLogic.cs.meta
Assets\Scenes\Tracks\Phineas Track 3.unity,e996a18e58747bf538b26a7d9874aed9,11500000,3,True,Assets\Scripts\Assembly-CSharp\WaypointLogic.cs.meta
Assets\Scenes\Tracks\Phineas Track 3.unity,540d7059364354e249f259edfef5d69a,11500000,3,True,Assets\Scripts\Assembly-CSharp\SpeedPoint.cs.meta
Assets\Scenes\Tracks\Phineas Track 3.unity,e996a18e58747bf538b26a7d9874aed9,11500000,3,True,Assets\Scripts\Assembly-CSharp\WaypointLogic.cs.meta
Assets\Scenes\Tracks\Phineas Track 3.unity,e996a18e58747bf538b26a7d9874aed9,11500000,3,True,Assets\Scripts\Assembly-CSharp\WaypointLogic.cs.meta
Assets\Scenes\Tracks\Phineas Track 3.unity,540d7059364354e249f259edfef5d69a,11500000,3,True,Assets\Scripts\Assembly-CSharp\SpeedPoint.cs.meta
Assets\Scenes\Tracks\Phineas Track 3.unity,e996a18e58747bf538b26a7d9874aed9,11500000,3,True,Assets\Scripts\Assembly-CSharp\WaypointLogic.cs.meta
Assets\Scenes\Tracks\Phineas Track 3.unity,84dedd87b078241ae96d152250730014,11500000,3,True,Assets\Plugins\Assembly-CSharp-firstpass\UghSprite.cs.meta
Assets\Scenes\Tracks\Phineas Track 3.unity,540d7059364354e249f259edfef5d69a,11500000,3,True,Assets\Scripts\Assembly-CSharp\SpeedPoint.cs.meta
Assets\Scenes\Tracks\Phineas Track 3.unity,e996a18e58747bf538b26a7d9874aed9,11500000,3,True,Assets\Scripts\Assembly-CSharp\WaypointLogic.cs.meta
Assets\Scenes\Tracks\Phineas Track 3.unity,e996a18e58747bf538b26a7d9874aed9,11500000,3,True,Assets\Scripts\Assembly-CSharp\WaypointLogic.cs.meta
Assets\Scenes\Tracks\Phineas Track 3.unity,540d7059364354e249f259edfef5d69a,11500000,3,True,Assets\Scripts\Assembly-CSharp\SpeedPoint.cs.meta
Assets\Scenes\Tracks\Phineas Track 3.unity,e996a18e58747bf538b26a7d9874aed9,11500000,3,True,Assets\Scripts\Assembly-CSharp\WaypointLogic.cs.meta
Assets\Scenes\Tracks\Phineas Track 3.unity,94873483e708f4fa4a57b3033bbbcc5d,11500000,3,True,Assets\Scripts\Assembly-CSharp\AnimatedTexture.cs.meta
Assets\Scenes\Tracks\Phineas Track 3.unity,e996a18e58747bf538b26a7d9874aed9,11500000,3,True,Assets\Scripts\Assembly-CSharp\WaypointLogic.cs.meta
Assets\Scenes\Tracks\Phineas Track 3.unity,e996a18e58747bf538b26a7d9874aed9,11500000,3,True,Assets\Scripts\Assembly-CSharp\WaypointLogic.cs.meta
Assets\Scenes\Tracks\Phineas Track 3.unity,c67f46bd4e340aa7f64a8e2ae3c03a27,11500000,3,True,Assets\Scripts\Assembly-CSharp\ResetTrigger.cs.meta
Assets\Scenes\Tracks\Phineas Track 3.unity,540d7059364354e249f259edfef5d69a,11500000,3,True,Assets\Scripts\Assembly-CSharp\SpeedPoint.cs.meta
Assets\Scenes\Tracks\Phineas Track 3.unity,80004b78694f1129edd555f7161356a9,11500000,3,True,Assets\Scripts\Assembly-CSharp\PickupSpawner.cs.meta
Assets\Scenes\Tracks\Phineas Track 3.unity,540d7059364354e249f259edfef5d69a,11500000,3,True,Assets\Scripts\Assembly-CSharp\SpeedPoint.cs.meta
Assets\Scenes\Tracks\Phineas Track 3.unity,e996a18e58747bf538b26a7d9874aed9,11500000,3,True,Assets\Scripts\Assembly-CSharp\WaypointLogic.cs.meta
Assets\Scenes\Tracks\Phineas Track 3.unity,e996a18e58747bf538b26a7d9874aed9,11500000,3,True,Assets\Scripts\Assembly-CSharp\WaypointLogic.cs.meta
Assets\Scenes\Tracks\Phineas Track 3.unity,e996a18e58747bf538b26a7d9874aed9,11500000,3,True,Assets\Scripts\Assembly-CSharp\WaypointLogic.cs.meta
Assets\Scenes\Tracks\Phineas Track 3.unity,e996a18e58747bf538b26a7d9874aed9,11500000,3,True,Assets\Scripts\Assembly-CSharp\WaypointLogic.cs.meta
Assets\Scenes\Tracks\Phineas Track 3.unity,540d7059364354e249f259edfef5d69a,11500000,3,True,Assets\Scripts\Assembly-CSharp\SpeedPoint.cs.meta
Assets\Scenes\Tracks\Phineas Track 3.unity,e996a18e58747bf538b26a7d9874aed9,11500000,3,True,Assets\Scripts\Assembly-CSharp\WaypointLogic.cs.meta
Assets\Scenes\Tracks\Phineas Track 3.unity,e996a18e58747bf538b26a7d9874aed9,11500000,3,True,Assets\Scripts\Assembly-CSharp\WaypointLogic.cs.meta
Assets\Scenes\Tracks\Phineas Track 3.unity,540d7059364354e249f259edfef5d69a,11500000,3,True,Assets\Scripts\Assembly-CSharp\SpeedPoint.cs.meta
Assets\Scenes\Tracks\Phineas Track 3.unity,71c30d28ad73b040f6e74d951b378742,11500000,3,True,Assets\Scripts\Assembly-CSharp\ObjectTrackDistanceLogic.cs.meta
Assets\Scenes\Tracks\Phineas Track 3.unity,0b15208c8a5ae7ff1660a3585ad68237,11500000,3,True,Assets\Scripts\Assembly-CSharp\TerrainEffectTrigger.cs.meta
Assets\Scenes\Tracks\Phineas Track 3.unity,0b15208c8a5ae7ff1660a3585ad68237,11500000,3,True,Assets\Scripts\Assembly-CSharp\TerrainEffectTrigger.cs.meta
Assets\Scenes\Tracks\Phineas Track 3.unity,71c30d28ad73b040f6e74d951b378742,11500000,3,True,Assets\Scripts\Assembly-CSharp\ObjectTrackDistanceLogic.cs.meta
Assets\Scenes\Tracks\Phineas Track 3.unity,e996a18e58747bf538b26a7d9874aed9,11500000,3,True,Assets\Scripts\Assembly-CSharp\WaypointLogic.cs.meta
Assets\Scenes\Tracks\Phineas Track 3.unity,e996a18e58747bf538b26a7d9874aed9,11500000,3,True,Assets\Scripts\Assembly-CSharp\WaypointLogic.cs.meta
Assets\Scenes\Tracks\Phineas Track 3.unity,e996a18e58747bf538b26a7d9874aed9,11500000,3,True,Assets\Scripts\Assembly-CSharp\WaypointLogic.cs.meta
Assets\Scenes\Tracks\Phineas Track 3.unity,80004b78694f1129edd555f7161356a9,11500000,3,True,Assets\Scripts\Assembly-CSharp\PickupSpawner.cs.meta
Assets\Scenes\Tracks\Phineas Track 3.unity,e996a18e58747bf538b26a7d9874aed9,11500000,3,True,Assets\Scripts\Assembly-CSharp\WaypointLogic.cs.meta
Assets\Scenes\Tracks\Phineas Track 3.unity,540d7059364354e249f259edfef5d69a,11500000,3,True,Assets\Scripts\Assembly-CSharp\SpeedPoint.cs.meta
Assets\Scenes\Tracks\Phineas Track 3.unity,e996a18e58747bf538b26a7d9874aed9,11500000,3,True,Assets\Scripts\Assembly-CSharp\WaypointLogic.cs.meta
Assets\Scenes\Tracks\Phineas Track 3.unity,e996a18e58747bf538b26a7d9874aed9,11500000,3,True,Assets\Scripts\Assembly-CSharp\WaypointLogic.cs.meta
Assets\Scenes\Tracks\Phineas Track 3.unity,540d7059364354e249f259edfef5d69a,11500000,3,True,Assets\Scripts\Assembly-CSharp\SpeedPoint.cs.meta
Assets\Scenes\Tracks\Phineas Track 3.unity,80004b78694f1129edd555f7161356a9,11500000,3,True,Assets\Scripts\Assembly-CSharp\PickupSpawner.cs.meta
Assets\Scenes\Tracks\Phineas Track 3.unity,540d7059364354e249f259edfef5d69a,11500000,3,True,Assets\Scripts\Assembly-CSharp\SpeedPoint.cs.meta
Assets\Scenes\Tracks\Phineas Track 3.unity,e996a18e58747bf538b26a7d9874aed9,11500000,3,True,Assets\Scripts\Assembly-CSharp\WaypointLogic.cs.meta
Assets\Scenes\Tracks\Phineas Track 3.unity,0b15208c8a5ae7ff1660a3585ad68237,11500000,3,True,Assets\Scripts\Assembly-CSharp\TerrainEffectTrigger.cs.meta
Assets\Scenes\Tracks\Phineas Track 3.unity,71c30d28ad73b040f6e74d951b378742,11500000,3,True,Assets\Scripts\Assembly-CSharp\ObjectTrackDistanceLogic.cs.meta
Assets\Scenes\Tracks\Phineas Track 3.unity,540d7059364354e249f259edfef5d69a,11500000,3,True,Assets\Scripts\Assembly-CSharp\SpeedPoint.cs.meta
Assets\Scenes\Tracks\Phineas Track 3.unity,a0737a721fe39abadd36e3afa32dd1f7,11500000,3,True,Assets\Scripts\Assembly-CSharp\CarAIPathManager.cs.meta
Assets\Scenes\Tracks\Phineas Track 3.unity,e996a18e58747bf538b26a7d9874aed9,11500000,3,True,Assets\Scripts\Assembly-CSharp\WaypointLogic.cs.meta
Assets\Scenes\Tracks\Phineas Track 3.unity,84dedd87b078241ae96d152250730014,11500000,3,True,Assets\Plugins\Assembly-CSharp-firstpass\UghSprite.cs.meta
Assets\Scenes\Tracks\Phineas Track 3.unity,e996a18e58747bf538b26a7d9874aed9,11500000,3,True,Assets\Scripts\Assembly-CSharp\WaypointLogic.cs.meta
Assets\Scenes\Tracks\Phineas Track 3.unity,540d7059364354e249f259edfef5d69a,11500000,3,True,Assets\Scripts\Assembly-CSharp\SpeedPoint.cs.meta
Assets\Scenes\Tracks\Phineas Track 3.unity,e996a18e58747bf538b26a7d9874aed9,11500000,3,True,Assets\Scripts\Assembly-CSharp\WaypointLogic.cs.meta
Assets\Scenes\Tracks\Phineas Track 3.unity,84dedd87b078241ae96d152250730014,11500000,3,True,Assets\Plugins\Assembly-CSharp-firstpass\UghSprite.cs.meta
Assets\Scenes\Tracks\Phineas Track 3.unity,0b15208c8a5ae7ff1660a3585ad68237,11500000,3,True,Assets\Scripts\Assembly-CSharp\TerrainEffectTrigger.cs.meta
Assets\Scenes\Tracks\Phineas Track 3.unity,e996a18e58747bf538b26a7d9874aed9,11500000,3,True,Assets\Scripts\Assembly-CSharp\WaypointLogic.cs.meta
Assets\Scenes\Tracks\Phineas Track 3.unity,e996a18e58747bf538b26a7d9874aed9,11500000,3,True,Assets\Scripts\Assembly-CSharp\WaypointLogic.cs.meta
Assets\Scenes\Tracks\Phineas Track 3.unity,540d7059364354e249f259edfef5d69a,11500000,3,True,Assets\Scripts\Assembly-CSharp\SpeedPoint.cs.meta
Assets\Scenes\Tracks\Phineas Track 3.unity,e996a18e58747bf538b26a7d9874aed9,11500000,3,True,Assets\Scripts\Assembly-CSharp\WaypointLogic.cs.meta
Assets\Scenes\Tracks\Phineas Track 3.unity,e996a18e58747bf538b26a7d9874aed9,11500000,3,True,Assets\Scripts\Assembly-CSharp\WaypointLogic.cs.meta
Assets\Scenes\Tracks\Phineas Track 3.unity,e996a18e58747bf538b26a7d9874aed9,11500000,3,True,Assets\Scripts\Assembly-CSharp\WaypointLogic.cs.meta
Assets\Scenes\Tracks\Phineas Track 3.unity,540d7059364354e249f259edfef5d69a,11500000,3,True,Assets\Scripts\Assembly-CSharp\SpeedPoint.cs.meta
Assets\Scenes\Tracks\Phineas Track 3.unity,7a1d7e408882e95bdbe76a76d6f51e1c,11500000,3,True,Assets\Plugins\Assembly-CSharp-firstpass\UghButton.cs.meta
Assets\Scenes\Tracks\Phineas Track 3.unity,540d7059364354e249f259edfef5d69a,11500000,3,True,Assets\Scripts\Assembly-CSharp\SpeedPoint.cs.meta
Assets\Scenes\Tracks\Phineas Track 3.unity,e996a18e58747bf538b26a7d9874aed9,11500000,3,True,Assets\Scripts\Assembly-CSharp\WaypointLogic.cs.meta
Assets\Scenes\Tracks\Phineas Track 3.unity,540d7059364354e249f259edfef5d69a,11500000,3,True,Assets\Scripts\Assembly-CSharp\SpeedPoint.cs.meta
Assets\Scenes\Tracks\Phineas Track 3.unity,0b15208c8a5ae7ff1660a3585ad68237,11500000,3,True,Assets\Scripts\Assembly-CSharp\TerrainEffectTrigger.cs.meta
Assets\Scenes\Tracks\Phineas Track 3.unity,71c30d28ad73b040f6e74d951b378742,11500000,3,True,Assets\Scripts\Assembly-CSharp\ObjectTrackDistanceLogic.cs.meta
Assets\Scenes\Tracks\Phineas Track 3.unity,94873483e708f4fa4a57b3033bbbcc5d,11500000,3,True,Assets\Scripts\Assembly-CSharp\AnimatedTexture.cs.meta
Assets\Scenes\Tracks\Phineas Track 3.unity,e996a18e58747bf538b26a7d9874aed9,11500000,3,True,Assets\Scripts\Assembly-CSharp\WaypointLogic.cs.meta
Assets\Scenes\Tracks\Phineas Track 3.unity,0b15208c8a5ae7ff1660a3585ad68237,11500000,3,True,Assets\Scripts\Assembly-CSharp\TerrainEffectTrigger.cs.meta
Assets\Scenes\Tracks\Phineas Track 3.unity,71c30d28ad73b040f6e74d951b378742,11500000,3,True,Assets\Scripts\Assembly-CSharp\ObjectTrackDistanceLogic.cs.meta
Assets\Scenes\Tracks\Phineas Track 3.unity,80004b78694f1129edd555f7161356a9,11500000,3,True,Assets\Scripts\Assembly-CSharp\PickupSpawner.cs.meta
Assets\Scenes\Tracks\Phineas Track 3.unity,e996a18e58747bf538b26a7d9874aed9,11500000,3,True,Assets\Scripts\Assembly-CSharp\WaypointLogic.cs.meta
Assets\Scenes\Tracks\Phineas Track 3.unity,e996a18e58747bf538b26a7d9874aed9,11500000,3,True,Assets\Scripts\Assembly-CSharp\WaypointLogic.cs.meta
Assets\Scenes\Tracks\Phineas Track 3.unity,0b15208c8a5ae7ff1660a3585ad68237,11500000,3,True,Assets\Scripts\Assembly-CSharp\TerrainEffectTrigger.cs.meta
Assets\Scenes\Tracks\Phineas Track 3.unity,71c30d28ad73b040f6e74d951b378742,11500000,3,True,Assets\Scripts\Assembly-CSharp\ObjectTrackDistanceLogic.cs.meta
Assets\Scenes\Tracks\Phineas Track 3.unity,94873483e708f4fa4a57b3033bbbcc5d,11500000,3,True,Assets\Scripts\Assembly-CSharp\AnimatedTexture.cs.meta
Assets\Scenes\Tracks\Phineas Track 3.unity,054475368ac70ce39f51fab67e0d6080,11500000,3,True,Assets\Scripts\Assembly-CSharp\ReverseButton.cs.meta
Assets\Scenes\Tracks\Phineas Track 3.unity,540d7059364354e249f259edfef5d69a,11500000,3,True,Assets\Scripts\Assembly-CSharp\SpeedPoint.cs.meta
Assets\Scenes\Tracks\Phineas Track 3.unity,e996a18e58747bf538b26a7d9874aed9,11500000,3,True,Assets\Scripts\Assembly-CSharp\WaypointLogic.cs.meta
Assets\Scenes\Tracks\Phineas Track 3.unity,e996a18e58747bf538b26a7d9874aed9,11500000,3,True,Assets\Scripts\Assembly-CSharp\WaypointLogic.cs.meta
Assets\Scenes\Tracks\Phineas Track 3.unity,71c30d28ad73b040f6e74d951b378742,11500000,3,True,Assets\Scripts\Assembly-CSharp\ObjectTrackDistanceLogic.cs.meta
Assets\Scenes\Tracks\Phineas Track 3.unity,0b15208c8a5ae7ff1660a3585ad68237,11500000,3,True,Assets\Scripts\Assembly-CSharp\TerrainEffectTrigger.cs.meta
Assets\Scenes\Tracks\Phineas Track 3.unity,e996a18e58747bf538b26a7d9874aed9,11500000,3,True,Assets\Scripts\Assembly-CSharp\WaypointLogic.cs.meta
Assets\Scenes\Tracks\Phineas Track 3.unity,540d7059364354e249f259edfef5d69a,11500000,3,True,Assets\Scripts\Assembly-CSharp\SpeedPoint.cs.meta
Assets\Scenes\Tracks\Phineas Track 3.unity,e996a18e58747bf538b26a7d9874aed9,11500000,3,True,Assets\Scripts\Assembly-CSharp\WaypointLogic.cs.meta
Assets\Scenes\Tracks\Phineas Track 3.unity,e996a18e58747bf538b26a7d9874aed9,11500000,3,True,Assets\Scripts\Assembly-CSharp\WaypointLogic.cs.meta
Assets\Scenes\Tracks\Phineas Track 3.unity,540d7059364354e249f259edfef5d69a,11500000,3,True,Assets\Scripts\Assembly-CSharp\SpeedPoint.cs.meta
Assets\Scenes\Tracks\Phineas Track 3.unity,b88ab20c864889e81141f2df8a116b5b,11500000,3,True,Assets\Plugins\Assembly-CSharp-firstpass\UghText.cs.meta
Assets\Scenes\Tracks\Phineas Track 3.unity,540d7059364354e249f259edfef5d69a,11500000,3,True,Assets\Scripts\Assembly-CSharp\SpeedPoint.cs.meta
Assets\Scenes\Tracks\Phineas Track 3.unity,0b15208c8a5ae7ff1660a3585ad68237,11500000,3,True,Assets\Scripts\Assembly-CSharp\TerrainEffectTrigger.cs.meta
Assets\Scenes\Tracks\Phineas Track 3.unity,71c30d28ad73b040f6e74d951b378742,11500000,3,True,Assets\Scripts\Assembly-CSharp\ObjectTrackDistanceLogic.cs.meta
Assets\Scenes\Tracks\Phineas Track 3.unity,e996a18e58747bf538b26a7d9874aed9,11500000,3,True,Assets\Scripts\Assembly-CSharp\WaypointLogic.cs.meta
Assets\Scenes\Tracks\Phineas Track 3.unity,540d7059364354e249f259edfef5d69a,11500000,3,True,Assets\Scripts\Assembly-CSharp\SpeedPoint.cs.meta
Assets\Scenes\Tracks\Phineas Track 3.unity,84dedd87b078241ae96d152250730014,11500000,3,True,Assets\Plugins\Assembly-CSharp-firstpass\UghSprite.cs.meta
Assets\Scenes\Tracks\Phineas Track 3.unity,e996a18e58747bf538b26a7d9874aed9,11500000,3,True,Assets\Scripts\Assembly-CSharp\WaypointLogic.cs.meta
Assets\Scenes\Tracks\Phineas Track 3.unity,540d7059364354e249f259edfef5d69a,11500000,3,True,Assets\Scripts\Assembly-CSharp\SpeedPoint.cs.meta
Assets\Scenes\Tracks\Phineas Track 3.unity,0b15208c8a5ae7ff1660a3585ad68237,11500000,3,True,Assets\Scripts\Assembly-CSharp\TerrainEffectTrigger.cs.meta
Assets\Scenes\Tracks\Phineas Track 3.unity,2d217cf7310cb33e8ef103f1af340700,11500000,3,True,Assets\Scripts\Assembly-CSharp\BlipTrackPublisher.cs.meta
Assets\Scenes\Tracks\Phineas Track 3.unity,b88ab20c864889e81141f2df8a116b5b,11500000,3,True,Assets\Plugins\Assembly-CSharp-firstpass\UghText.cs.meta
Assets\Scenes\Tracks\Phineas Track 3.unity,94873483e708f4fa4a57b3033bbbcc5d,11500000,3,True,Assets\Scripts\Assembly-CSharp\AnimatedTexture.cs.meta
Assets\Scenes\Tracks\Phineas Track 3.unity,71c30d28ad73b040f6e74d951b378742,11500000,3,True,Assets\Scripts\Assembly-CSharp\ObjectTrackDistanceLogic.cs.meta
Assets\Scenes\Tracks\Phineas Track 3.unity,0b15208c8a5ae7ff1660a3585ad68237,11500000,3,True,Assets\Scripts\Assembly-CSharp\TerrainEffectTrigger.cs.meta
Assets\Scenes\Tracks\Phineas Track 3.unity,540d7059364354e249f259edfef5d69a,11500000,3,True,Assets\Scripts\Assembly-CSharp\SpeedPoint.cs.meta
Assets\Scenes\Tracks\Phineas Track 3.unity,84dedd87b078241ae96d152250730014,11500000,3,True,Assets\Plugins\Assembly-CSharp-firstpass\UghSprite.cs.meta
Assets\Scenes\Tracks\Phineas Track 3.unity,e996a18e58747bf538b26a7d9874aed9,11500000,3,True,Assets\Scripts\Assembly-CSharp\WaypointLogic.cs.meta
Assets\Scenes\Tracks\Phineas Track 3.unity,e996a18e58747bf538b26a7d9874aed9,11500000,3,True,Assets\Scripts\Assembly-CSharp\WaypointLogic.cs.meta
Assets\Scenes\Tracks\Phineas Track 3.unity,0b15208c8a5ae7ff1660a3585ad68237,11500000,3,True,Assets\Scripts\Assembly-CSharp\TerrainEffectTrigger.cs.meta
Assets\Scenes\Tracks\Phineas Track 3.unity,71c30d28ad73b040f6e74d951b378742,11500000,3,True,Assets\Scripts\Assembly-CSharp\ObjectTrackDistanceLogic.cs.meta
Assets\Scenes\Tracks\Phineas Track 3.unity,e171dc7613dc84903f6b62f321860d38,11500000,3,True,Assets\Plugins\Assembly-CSharp-firstpass\UghAlign.cs.meta
Assets\Scenes\Tracks\Phineas Track 3.unity,80004b78694f1129edd555f7161356a9,11500000,3,True,Assets\Scripts\Assembly-CSharp\PickupSpawner.cs.meta
Assets\Scenes\Tracks\Phineas Track 3.unity,e996a18e58747bf538b26a7d9874aed9,11500000,3,True,Assets\Scripts\Assembly-CSharp\WaypointLogic.cs.meta
Assets\Scenes\Tracks\Phineas Track 3.unity,e996a18e58747bf538b26a7d9874aed9,11500000,3,True,Assets\Scripts\Assembly-CSharp\WaypointLogic.cs.meta
Assets\Scenes\Tracks\Phineas Track 3.unity,71c30d28ad73b040f6e74d951b378742,11500000,3,True,Assets\Scripts\Assembly-CSharp\ObjectTrackDistanceLogic.cs.meta
Assets\Scenes\Tracks\Phineas Track 3.unity,0b15208c8a5ae7ff1660a3585ad68237,11500000,3,True,Assets\Scripts\Assembly-CSharp\TerrainEffectTrigger.cs.meta
Assets\Scenes\Tracks\Phineas Track 3.unity,94873483e708f4fa4a57b3033bbbcc5d,11500000,3,True,Assets\Scripts\Assembly-CSharp\AnimatedTexture.cs.meta
Assets\Scenes\Tracks\Phineas Track 3.unity,e996a18e58747bf538b26a7d9874aed9,11500000,3,True,Assets\Scripts\Assembly-CSharp\WaypointLogic.cs.meta
Assets\Scenes\Tracks\Phineas Track 3.unity,540d7059364354e249f259edfef5d69a,11500000,3,True,Assets\Scripts\Assembly-CSharp\SpeedPoint.cs.meta
Assets\Scenes\Tracks\Phineas Track 3.unity,71c30d28ad73b040f6e74d951b378742,11500000,3,True,Assets\Scripts\Assembly-CSharp\ObjectTrackDistanceLogic.cs.meta
Assets\Scenes\Tracks\Phineas Track 3.unity,0b15208c8a5ae7ff1660a3585ad68237,11500000,3,True,Assets\Scripts\Assembly-CSharp\TerrainEffectTrigger.cs.meta
Assets\Scenes\Tracks\Phineas Track 3.unity,94873483e708f4fa4a57b3033bbbcc5d,11500000,3,True,Assets\Scripts\Assembly-CSharp\AnimatedTexture.cs.meta
Assets\Scenes\Tracks\Phineas Track 3.unity,e996a18e58747bf538b26a7d9874aed9,11500000,3,True,Assets\Scripts\Assembly-CSharp\WaypointLogic.cs.meta
Assets\Scenes\Tracks\Phineas Track 3.unity,e996a18e58747bf538b26a7d9874aed9,11500000,3,True,Assets\Scripts\Assembly-CSharp\WaypointLogic.cs.meta
Assets\Scenes\Tracks\Phineas Track 3.unity,e996a18e58747bf538b26a7d9874aed9,11500000,3,True,Assets\Scripts\Assembly-CSharp\WaypointLogic.cs.meta
Assets\Scenes\Tracks\Phineas Track 3.unity,540d7059364354e249f259edfef5d69a,11500000,3,True,Assets\Scripts\Assembly-CSharp\SpeedPoint.cs.meta
Assets\Scenes\Tracks\Phineas Track 3.unity,e996a18e58747bf538b26a7d9874aed9,11500000,3,True,Assets\Scripts\Assembly-CSharp\WaypointLogic.cs.meta
Assets\Scenes\Tracks\Phineas Track 3.unity,e996a18e58747bf538b26a7d9874aed9,11500000,3,True,Assets\Scripts\Assembly-CSharp\WaypointLogic.cs.meta
Assets\Scenes\Tracks\Phineas Track 3.unity,540d7059364354e249f259edfef5d69a,11500000,3,True,Assets\Scripts\Assembly-CSharp\SpeedPoint.cs.meta
Assets\Scenes\Tracks\Phineas Track 3.unity,0b15208c8a5ae7ff1660a3585ad68237,11500000,3,True,Assets\Scripts\Assembly-CSharp\TerrainEffectTrigger.cs.meta
Assets\Scenes\Tracks\Phineas Track 3.unity,71c30d28ad73b040f6e74d951b378742,11500000,3,True,Assets\Scripts\Assembly-CSharp\ObjectTrackDistanceLogic.cs.meta
Assets\Scenes\Tracks\Phineas Track 3.unity,540d7059364354e249f259edfef5d69a,11500000,3,True,Assets\Scripts\Assembly-CSharp\SpeedPoint.cs.meta
Assets\Scenes\Tracks\Phineas Track 3.unity,e996a18e58747bf538b26a7d9874aed9,11500000,3,True,Assets\Scripts\Assembly-CSharp\WaypointLogic.cs.meta
Assets\Scenes\Tracks\Phineas Track 3.unity,540d7059364354e249f259edfef5d69a,11500000,3,True,Assets\Scripts\Assembly-CSharp\SpeedPoint.cs.meta
Assets\Scenes\Tracks\Phineas Track 3.unity,540d7059364354e249f259edfef5d69a,11500000,3,True,Assets\Scripts\Assembly-CSharp\SpeedPoint.cs.meta
Assets\Scenes\Tracks\Phineas Track 3.unity,e996a18e58747bf538b26a7d9874aed9,11500000,3,True,Assets\Scripts\Assembly-CSharp\WaypointLogic.cs.meta
Assets\Scenes\Tracks\Phineas Track 3.unity,e996a18e58747bf538b26a7d9874aed9,11500000,3,True,Assets\Scripts\Assembly-CSharp\WaypointLogic.cs.meta
Assets\Scenes\Tracks\Phineas Track 3.unity,e996a18e58747bf538b26a7d9874aed9,11500000,3,True,Assets\Scripts\Assembly-CSharp\WaypointLogic.cs.meta
Assets\Scenes\Tracks\Phineas Track 3.unity,540d7059364354e249f259edfef5d69a,11500000,3,True,Assets\Scripts\Assembly-CSharp\SpeedPoint.cs.meta
Assets\Scenes\Tracks\Phineas Track 3.unity,71c30d28ad73b040f6e74d951b378742,11500000,3,True,Assets\Scripts\Assembly-CSharp\ObjectTrackDistanceLogic.cs.meta
Assets\Scenes\Tracks\Phineas Track 3.unity,0b15208c8a5ae7ff1660a3585ad68237,11500000,3,True,Assets\Scripts\Assembly-CSharp\TerrainEffectTrigger.cs.meta
Assets\Scenes\Tracks\Phineas Track 3.unity,540d7059364354e249f259edfef5d69a,11500000,3,True,Assets\Scripts\Assembly-CSharp\SpeedPoint.cs.meta
Assets\Scenes\Tracks\Phineas Track 3.unity,540d7059364354e249f259edfef5d69a,11500000,3,True,Assets\Scripts\Assembly-CSharp\SpeedPoint.cs.meta
Assets\Scenes\Tracks\Phineas Track 3.unity,540d7059364354e249f259edfef5d69a,11500000,3,True,Assets\Scripts\Assembly-CSharp\SpeedPoint.cs.meta
Assets\Scenes\Tracks\Phineas Track 3.unity,e996a18e58747bf538b26a7d9874aed9,11500000,3,True,Assets\Scripts\Assembly-CSharp\WaypointLogic.cs.meta
Assets\Scenes\Tracks\Phineas Track 3.unity,e996a18e58747bf538b26a7d9874aed9,11500000,3,True,Assets\Scripts\Assembly-CSharp\WaypointLogic.cs.meta
Assets\Scenes\Tracks\Phineas Track 3.unity,94873483e708f4fa4a57b3033bbbcc5d,11500000,3,True,Assets\Scripts\Assembly-CSharp\AnimatedTexture.cs.meta
Assets\Scenes\Tracks\Phineas Track 3.unity,71c30d28ad73b040f6e74d951b378742,11500000,3,True,Assets\Scripts\Assembly-CSharp\ObjectTrackDistanceLogic.cs.meta
Assets\Scenes\Tracks\Phineas Track 3.unity,0b15208c8a5ae7ff1660a3585ad68237,11500000,3,True,Assets\Scripts\Assembly-CSharp\TerrainEffectTrigger.cs.meta
Assets\Scenes\Tracks\Phineas Track 3.unity,e996a18e58747bf538b26a7d9874aed9,11500000,3,True,Assets\Scripts\Assembly-CSharp\WaypointLogic.cs.meta
Assets\Scenes\Tracks\Phineas Track 3.unity,e996a18e58747bf538b26a7d9874aed9,11500000,3,True,Assets\Scripts\Assembly-CSharp\WaypointLogic.cs.meta
Assets\Scenes\Tracks\Phineas Track 3.unity,e996a18e58747bf538b26a7d9874aed9,11500000,3,True,Assets\Scripts\Assembly-CSharp\WaypointLogic.cs.meta
Assets\Scenes\Tracks\Phineas Track 3.unity,84dedd87b078241ae96d152250730014,11500000,3,True,Assets\Plugins\Assembly-CSharp-firstpass\UghSprite.cs.meta
Assets\Scenes\Tracks\Phineas Track 3.unity,e996a18e58747bf538b26a7d9874aed9,11500000,3,True,Assets\Scripts\Assembly-CSharp\WaypointLogic.cs.meta
Assets\Scenes\Tracks\Phineas Track 3.unity,540d7059364354e249f259edfef5d69a,11500000,3,True,Assets\Scripts\Assembly-CSharp\SpeedPoint.cs.meta
Assets\Scenes\Tracks\Phineas Track 3.unity,540d7059364354e249f259edfef5d69a,11500000,3,True,Assets\Scripts\Assembly-CSharp\SpeedPoint.cs.meta
Assets\Scenes\Tracks\Phineas Track 3.unity,71c30d28ad73b040f6e74d951b378742,11500000,3,True,Assets\Scripts\Assembly-CSharp\ObjectTrackDistanceLogic.cs.meta
Assets\Scenes\Tracks\Phineas Track 3.unity,0b15208c8a5ae7ff1660a3585ad68237,11500000,3,True,Assets\Scripts\Assembly-CSharp\TerrainEffectTrigger.cs.meta
Assets\Scenes\Tracks\Phineas Track 3.unity,94873483e708f4fa4a57b3033bbbcc5d,11500000,3,True,Assets\Scripts\Assembly-CSharp\AnimatedTexture.cs.meta
Assets\Scenes\Tracks\Phineas Track 3.unity,e996a18e58747bf538b26a7d9874aed9,11500000,3,True,Assets\Scripts\Assembly-CSharp\WaypointLogic.cs.meta
Assets\Scenes\Tracks\Phineas Track 3.unity,c67f46bd4e340aa7f64a8e2ae3c03a27,11500000,3,True,Assets\Scripts\Assembly-CSharp\ResetTrigger.cs.meta
Assets\Scenes\Tracks\Phineas Track 3.unity,e996a18e58747bf538b26a7d9874aed9,11500000,3,True,Assets\Scripts\Assembly-CSharp\WaypointLogic.cs.meta
Assets\Scenes\Tracks\Phineas Track 3.unity,e996a18e58747bf538b26a7d9874aed9,11500000,3,True,Assets\Scripts\Assembly-CSharp\WaypointLogic.cs.meta
Assets\Scenes\Tracks\Phineas Track 3.unity,e996a18e58747bf538b26a7d9874aed9,11500000,3,True,Assets\Scripts\Assembly-CSharp\WaypointLogic.cs.meta
Assets\Scenes\Tracks\Phineas Track 3.unity,540d7059364354e249f259edfef5d69a,11500000,3,True,Assets\Scripts\Assembly-CSharp\SpeedPoint.cs.meta
Assets\Scenes\Tracks\Phineas Track 3.unity,71c30d28ad73b040f6e74d951b378742,11500000,3,True,Assets\Scripts\Assembly-CSharp\ObjectTrackDistanceLogic.cs.meta
Assets\Scenes\Tracks\Phineas Track 3.unity,0b15208c8a5ae7ff1660a3585ad68237,11500000,3,True,Assets\Scripts\Assembly-CSharp\TerrainEffectTrigger.cs.meta
Assets\Scenes\Tracks\Phineas Track 3.unity,84dedd87b078241ae96d152250730014,11500000,3,True,Assets\Plugins\Assembly-CSharp-firstpass\UghSprite.cs.meta
Assets\Scenes\Tracks\Phineas Track 3.unity,246f7afd4c00a9e3e9edfd9f644012c9,11500000,3,True,Assets\Scripts\Assembly-CSharp\DebugTrackStrapper.cs.meta
Assets\Scenes\Tracks\Phineas Track 3.unity,e996a18e58747bf538b26a7d9874aed9,11500000,3,True,Assets\Scripts\Assembly-CSharp\WaypointLogic.cs.meta
Assets\Scenes\Tracks\Phineas Track 3.unity,c67f46bd4e340aa7f64a8e2ae3c03a27,11500000,3,True,Assets\Scripts\Assembly-CSharp\ResetTrigger.cs.meta
Assets\Scenes\Tracks\Phineas Track 3.unity,71c30d28ad73b040f6e74d951b378742,11500000,3,True,Assets\Scripts\Assembly-CSharp\ObjectTrackDistanceLogic.cs.meta
Assets\Scenes\Tracks\Phineas Track 3.unity,0b15208c8a5ae7ff1660a3585ad68237,11500000,3,True,Assets\Scripts\Assembly-CSharp\TerrainEffectTrigger.cs.meta
Assets\Scenes\Tracks\Phineas Track 3.unity,e996a18e58747bf538b26a7d9874aed9,11500000,3,True,Assets\Scripts\Assembly-CSharp\WaypointLogic.cs.meta
Assets\Scenes\Tracks\Phineas Track 3.unity,0b15208c8a5ae7ff1660a3585ad68237,11500000,3,True,Assets\Scripts\Assembly-CSharp\TerrainEffectTrigger.cs.meta
Assets\Scenes\Tracks\Phineas Track 3.unity,71c30d28ad73b040f6e74d951b378742,11500000,3,True,Assets\Scripts\Assembly-CSharp\ObjectTrackDistanceLogic.cs.meta
Assets\Scenes\Tracks\Phineas Track 3.unity,48302b94d9e9b333d75a5f574a6bcedf,11500000,3,True,Assets\Scripts\Assembly-CSharp\PreRaceCamera.cs.meta
Assets\Scenes\Tracks\Phineas Track 3.unity,e996a18e58747bf538b26a7d9874aed9,11500000,3,True,Assets\Scripts\Assembly-CSharp\WaypointLogic.cs.meta
Assets\Scenes\Tracks\Phineas Track 3.unity,e996a18e58747bf538b26a7d9874aed9,11500000,3,True,Assets\Scripts\Assembly-CSharp\WaypointLogic.cs.meta
Assets\Scenes\Tracks\Phineas Track 3.unity,c67f46bd4e340aa7f64a8e2ae3c03a27,11500000,3,True,Assets\Scripts\Assembly-CSharp\ResetTrigger.cs.meta
Assets\Scenes\Tracks\Phineas Track 3.unity,b88ab20c864889e81141f2df8a116b5b,11500000,3,True,Assets\Plugins\Assembly-CSharp-firstpass\UghText.cs.meta
Assets\Scenes\Tracks\Phineas Track 3.unity,e996a18e58747bf538b26a7d9874aed9,11500000,3,True,Assets\Scripts\Assembly-CSharp\WaypointLogic.cs.meta
Assets\Scenes\Tracks\Phineas Track 3.unity,540d7059364354e249f259edfef5d69a,11500000,3,True,Assets\Scripts\Assembly-CSharp\SpeedPoint.cs.meta
Assets\Scenes\Tracks\Phineas Track 3.unity,e996a18e58747bf538b26a7d9874aed9,11500000,3,True,Assets\Scripts\Assembly-CSharp\WaypointLogic.cs.meta
Assets\Scenes\Tracks\Phineas Track 3.unity,540d7059364354e249f259edfef5d69a,11500000,3,True,Assets\Scripts\Assembly-CSharp\SpeedPoint.cs.meta
Assets\Scenes\Tracks\Phineas Track 3.unity,540d7059364354e249f259edfef5d69a,11500000,3,True,Assets\Scripts\Assembly-CSharp\SpeedPoint.cs.meta
Assets\Scenes\Tracks\Phineas Track 3.unity,71c30d28ad73b040f6e74d951b378742,11500000,3,True,Assets\Scripts\Assembly-CSharp\ObjectTrackDistanceLogic.cs.meta
Assets\Scenes\Tracks\Phineas Track 3.unity,0b15208c8a5ae7ff1660a3585ad68237,11500000,3,True,Assets\Scripts\Assembly-CSharp\TerrainEffectTrigger.cs.meta
Assets\Scenes\Tracks\Phineas Track 3.unity,e996a18e58747bf538b26a7d9874aed9,11500000,3,True,Assets\Scripts\Assembly-CSharp\WaypointLogic.cs.meta
Assets\Scenes\Tracks\Phineas Track 3.unity,e996a18e58747bf538b26a7d9874aed9,11500000,3,True,Assets\Scripts\Assembly-CSharp\WaypointLogic.cs.meta
Assets\Scenes\Tracks\Phineas Track 3.unity,e996a18e58747bf538b26a7d9874aed9,11500000,3,True,Assets\Scripts\Assembly-CSharp\WaypointLogic.cs.meta
Assets\Scenes\Tracks\Phineas Track 3.unity,80004b78694f1129edd555f7161356a9,11500000,3,True,Assets\Scripts\Assembly-CSharp\PickupSpawner.cs.meta
Assets\Scenes\Tracks\Phineas Track 3.unity,e33080df6ca488dc2ddb7522478f5e36,11500000,3,True,Assets\Scripts\Assembly-CSharp\SoundLibraryAddendum.cs.meta
Assets\Scenes\Tracks\Phineas Track 3.unity,94873483e708f4fa4a57b3033bbbcc5d,11500000,3,True,Assets\Scripts\Assembly-CSharp\AnimatedTexture.cs.meta
Assets\Scenes\Tracks\Phineas Track 3.unity,0b15208c8a5ae7ff1660a3585ad68237,11500000,3,True,Assets\Scripts\Assembly-CSharp\TerrainEffectTrigger.cs.meta
Assets\Scenes\Tracks\Phineas Track 3.unity,71c30d28ad73b040f6e74d951b378742,11500000,3,True,Assets\Scripts\Assembly-CSharp\ObjectTrackDistanceLogic.cs.meta
Assets\Scenes\Tracks\Phineas Track 3.unity,540d7059364354e249f259edfef5d69a,11500000,3,True,Assets\Scripts\Assembly-CSharp\SpeedPoint.cs.meta
Assets\Scenes\Tracks\Phineas Track 3.unity,e996a18e58747bf538b26a7d9874aed9,11500000,3,True,Assets\Scripts\Assembly-CSharp\WaypointLogic.cs.meta
Assets\Scenes\Tracks\Phineas Track 3.unity,e996a18e58747bf538b26a7d9874aed9,11500000,3,True,Assets\Scripts\Assembly-CSharp\WaypointLogic.cs.meta
Assets\Scenes\Tracks\Phineas Track 3.unity,540d7059364354e249f259edfef5d69a,11500000,3,True,Assets\Scripts\Assembly-CSharp\SpeedPoint.cs.meta
Assets\Scenes\Tracks\Phineas Track 3.unity,e996a18e58747bf538b26a7d9874aed9,11500000,3,True,Assets\Scripts\Assembly-CSharp\WaypointLogic.cs.meta
Assets\Scenes\Tracks\Phineas Track 3.unity,540d7059364354e249f259edfef5d69a,11500000,3,True,Assets\Scripts\Assembly-CSharp\SpeedPoint.cs.meta
Assets\Scenes\Tracks\Phineas Track 3.unity,e996a18e58747bf538b26a7d9874aed9,11500000,3,True,Assets\Scripts\Assembly-CSharp\WaypointLogic.cs.meta
Assets\Scenes\Tracks\Phineas Track 3.unity,540d7059364354e249f259edfef5d69a,11500000,3,True,Assets\Scripts\Assembly-CSharp\SpeedPoint.cs.meta
Assets\Scenes\Tracks\Phineas Track 3.unity,540d7059364354e249f259edfef5d69a,11500000,3,True,Assets\Scripts\Assembly-CSharp\SpeedPoint.cs.meta
Assets\Scenes\Tracks\Phineas Track 3.unity,e996a18e58747bf538b26a7d9874aed9,11500000,3,True,Assets\Scripts\Assembly-CSharp\WaypointLogic.cs.meta
Assets\Scenes\Tracks\Phineas Track 3.unity,e996a18e58747bf538b26a7d9874aed9,11500000,3,True,Assets\Scripts\Assembly-CSharp\WaypointLogic.cs.meta
Assets\Scenes\Tracks\Phineas Track 3.unity,540d7059364354e249f259edfef5d69a,11500000,3,True,Assets\Scripts\Assembly-CSharp\SpeedPoint.cs.meta
Assets\Scenes\Tracks\Phineas Track 3.unity,e996a18e58747bf538b26a7d9874aed9,11500000,3,True,Assets\Scripts\Assembly-CSharp\WaypointLogic.cs.meta
Assets\Scenes\Tracks\Phineas Track 3.unity,e996a18e58747bf538b26a7d9874aed9,11500000,3,True,Assets\Scripts\Assembly-CSharp\WaypointLogic.cs.meta
Assets\Scenes\Tracks\Phineas Track 3.unity,e171dc7613dc84903f6b62f321860d38,11500000,3,True,Assets\Plugins\Assembly-CSharp-firstpass\UghAlign.cs.meta
Assets\Scenes\Tracks\Phineas Track 3.unity,e996a18e58747bf538b26a7d9874aed9,11500000,3,True,Assets\Scripts\Assembly-CSharp\WaypointLogic.cs.meta
Assets\Scenes\Tracks\Phineas Track 3.unity,540d7059364354e249f259edfef5d69a,11500000,3,True,Assets\Scripts\Assembly-CSharp\SpeedPoint.cs.meta
Assets\Scenes\Tracks\Phineas Track 3.unity,80004b78694f1129edd555f7161356a9,11500000,3,True,Assets\Scripts\Assembly-CSharp\PickupSpawner.cs.meta
Assets\Scenes\Tracks\Phineas Track 3.unity,80004b78694f1129edd555f7161356a9,11500000,3,True,Assets\Scripts\Assembly-CSharp\PickupSpawner.cs.meta
Assets\Scenes\Tracks\Phineas Track 3.unity,e996a18e58747bf538b26a7d9874aed9,11500000,3,True,Assets\Scripts\Assembly-CSharp\WaypointLogic.cs.meta
Assets\Scenes\Tracks\Phineas Track 3.unity,e996a18e58747bf538b26a7d9874aed9,11500000,3,True,Assets\Scripts\Assembly-CSharp\WaypointLogic.cs.meta
Assets\Scenes\Tracks\Phineas Track 3.unity,540d7059364354e249f259edfef5d69a,11500000,3,True,Assets\Scripts\Assembly-CSharp\SpeedPoint.cs.meta
Assets\Scenes\Tracks\Phineas Track 3.unity,540d7059364354e249f259edfef5d69a,11500000,3,True,Assets\Scripts\Assembly-CSharp\SpeedPoint.cs.meta
Assets\Scenes\Tracks\Phineas Track 3.unity,e996a18e58747bf538b26a7d9874aed9,11500000,3,True,Assets\Scripts\Assembly-CSharp\WaypointLogic.cs.meta
Assets\Scenes\Tracks\Phineas Track 3.unity,540d7059364354e249f259edfef5d69a,11500000,3,True,Assets\Scripts\Assembly-CSharp\SpeedPoint.cs.meta
Assets\Scenes\Tracks\Phineas Track 3.unity,71c30d28ad73b040f6e74d951b378742,11500000,3,True,Assets\Scripts\Assembly-CSharp\ObjectTrackDistanceLogic.cs.meta
Assets\Scenes\Tracks\Phineas Track 3.unity,0b15208c8a5ae7ff1660a3585ad68237,11500000,3,True,Assets\Scripts\Assembly-CSharp\TerrainEffectTrigger.cs.meta
Assets\Scenes\Tracks\Phineas Track 3.unity,540d7059364354e249f259edfef5d69a,11500000,3,True,Assets\Scripts\Assembly-CSharp\SpeedPoint.cs.meta
Assets\Scenes\Tracks\Phineas Track 3.unity,540d7059364354e249f259edfef5d69a,11500000,3,True,Assets\Scripts\Assembly-CSharp\SpeedPoint.cs.meta
Assets\Scenes\Tracks\Phineas Track 3.unity,e996a18e58747bf538b26a7d9874aed9,11500000,3,True,Assets\Scripts\Assembly-CSharp\WaypointLogic.cs.meta
Assets\Scenes\Tracks\Phineas Track 3.unity,0b15208c8a5ae7ff1660a3585ad68237,11500000,3,True,Assets\Scripts\Assembly-CSharp\TerrainEffectTrigger.cs.meta
Assets\Scenes\Tracks\Phineas Track 3.unity,71c30d28ad73b040f6e74d951b378742,11500000,3,True,Assets\Scripts\Assembly-CSharp\ObjectTrackDistanceLogic.cs.meta
Assets\Scenes\Tracks\Phineas Track 3.unity,540d7059364354e249f259edfef5d69a,11500000,3,True,Assets\Scripts\Assembly-CSharp\SpeedPoint.cs.meta
Assets\Scenes\Tracks\Phineas Track 3.unity,540d7059364354e249f259edfef5d69a,11500000,3,True,Assets\Scripts\Assembly-CSharp\SpeedPoint.cs.meta
Assets\Scenes\Tracks\Phineas Track 3.unity,71c30d28ad73b040f6e74d951b378742,11500000,3,True,Assets\Scripts\Assembly-CSharp\ObjectTrackDistanceLogic.cs.meta
Assets\Scenes\Tracks\Phineas Track 3.unity,0b15208c8a5ae7ff1660a3585ad68237,11500000,3,True,Assets\Scripts\Assembly-CSharp\TerrainEffectTrigger.cs.meta
Assets\Scenes\Tracks\Phineas Track 3.unity,540d7059364354e249f259edfef5d69a,11500000,3,True,Assets\Scripts\Assembly-CSharp\SpeedPoint.cs.meta
Assets\Scenes\Tracks\Phineas Track 3.unity,80004b78694f1129edd555f7161356a9,11500000,3,True,Assets\Scripts\Assembly-CSharp\PickupSpawner.cs.meta
Assets\Scenes\Tracks\Phineas Track 3.unity,540d7059364354e249f259edfef5d69a,11500000,3,True,Assets\Scripts\Assembly-CSharp\SpeedPoint.cs.meta
Assets\Scenes\Tracks\Phineas Track 3.unity,84dedd87b078241ae96d152250730014,11500000,3,True,Assets\Plugins\Assembly-CSharp-firstpass\UghSprite.cs.meta
Assets\Scenes\Tracks\Phineas Track 3.unity,540d7059364354e249f259edfef5d69a,11500000,3,True,Assets\Scripts\Assembly-CSharp\SpeedPoint.cs.meta
Assets\Scenes\Tracks\Phineas Track 3.unity,0b15208c8a5ae7ff1660a3585ad68237,11500000,3,True,Assets\Scripts\Assembly-CSharp\TerrainEffectTrigger.cs.meta
Assets\Scenes\Tracks\Phineas Track 3.unity,e996a18e58747bf538b26a7d9874aed9,11500000,3,True,Assets\Scripts\Assembly-CSharp\WaypointLogic.cs.meta
Assets\Scenes\Tracks\Phineas Track 3.unity,84dedd87b078241ae96d152250730014,11500000,3,True,Assets\Plugins\Assembly-CSharp-firstpass\UghSprite.cs.meta
Assets\Scenes\Tracks\Phineas Track 3.unity,540d7059364354e249f259edfef5d69a,11500000,3,True,Assets\Scripts\Assembly-CSharp\SpeedPoint.cs.meta
Assets\Scenes\Tracks\Phineas Track 3.unity,e996a18e58747bf538b26a7d9874aed9,11500000,3,True,Assets\Scripts\Assembly-CSharp\WaypointLogic.cs.meta
Assets\Scenes\Tracks\Phineas Track 3.unity,80004b78694f1129edd555f7161356a9,11500000,3,True,Assets\Scripts\Assembly-CSharp\PickupSpawner.cs.meta
Assets\Scenes\Tracks\Phineas Track 3.unity,e996a18e58747bf538b26a7d9874aed9,11500000,3,True,Assets\Scripts\Assembly-CSharp\WaypointLogic.cs.meta
Assets\Scenes\Tracks\Phineas Track 3.unity,e996a18e58747bf538b26a7d9874aed9,11500000,3,True,Assets\Scripts\Assembly-CSharp\WaypointLogic.cs.meta
Assets\Scenes\Tracks\Phineas Track 3.unity,80004b78694f1129edd555f7161356a9,11500000,3,True,Assets\Scripts\Assembly-CSharp\PickupSpawner.cs.meta
Assets\Scenes\Tracks\Phineas Track 3.unity,540d7059364354e249f259edfef5d69a,11500000,3,True,Assets\Scripts\Assembly-CSharp\SpeedPoint.cs.meta
Assets\Scenes\Tracks\Phineas Track 3.unity,a5927ab13b8fd57ed5089057e948c6a8,11500000,3,True,Assets\Scripts\Assembly-CSharp\ProgressTriggerLogic.cs.meta
Assets\Scenes\Tracks\Phineas Track 3.unity,e996a18e58747bf538b26a7d9874aed9,11500000,3,True,Assets\Scripts\Assembly-CSharp\WaypointLogic.cs.meta
Assets\Scenes\Tracks\Phineas Track 3.unity,e996a18e58747bf538b26a7d9874aed9,11500000,3,True,Assets\Scripts\Assembly-CSharp\WaypointLogic.cs.meta
Assets\Scenes\Tracks\Phineas Track 3.unity,540d7059364354e249f259edfef5d69a,11500000,3,True,Assets\Scripts\Assembly-CSharp\SpeedPoint.cs.meta
Assets\Scenes\Tracks\Phineas Track 3.unity,e996a18e58747bf538b26a7d9874aed9,11500000,3,True,Assets\Scripts\Assembly-CSharp\WaypointLogic.cs.meta
Assets\Scenes\Tracks\Phineas Track 3.unity,0b15208c8a5ae7ff1660a3585ad68237,11500000,3,True,Assets\Scripts\Assembly-CSharp\TerrainEffectTrigger.cs.meta
Assets\Scenes\Tracks\Phineas Track 3.unity,71c30d28ad73b040f6e74d951b378742,11500000,3,True,Assets\Scripts\Assembly-CSharp\ObjectTrackDistanceLogic.cs.meta
Assets\Scenes\Tracks\Phineas Track 3.unity,e996a18e58747bf538b26a7d9874aed9,11500000,3,True,Assets\Scripts\Assembly-CSharp\WaypointLogic.cs.meta
Assets\Scenes\Tracks\Phineas Track 3.unity,540d7059364354e249f259edfef5d69a,11500000,3,True,Assets\Scripts\Assembly-CSharp\SpeedPoint.cs.meta
Assets\Scenes\Tracks\Phineas Track 3.unity,0b15208c8a5ae7ff1660a3585ad68237,11500000,3,True,Assets\Scripts\Assembly-CSharp\TerrainEffectTrigger.cs.meta
Assets\Scenes\Tracks\Phineas Track 3.unity,71c30d28ad73b040f6e74d951b378742,11500000,3,True,Assets\Scripts\Assembly-CSharp\ObjectTrackDistanceLogic.cs.meta
Assets\Scenes\Tracks\Phineas Track 3.unity,94873483e708f4fa4a57b3033bbbcc5d,11500000,3,True,Assets\Scripts\Assembly-CSharp\AnimatedTexture.cs.meta
Assets\Scenes\Tracks\Phineas Track 3.unity,e996a18e58747bf538b26a7d9874aed9,11500000,3,True,Assets\Scripts\Assembly-CSharp\WaypointLogic.cs.meta
Assets\Scenes\Tracks\Phineas Track 3.unity,b88ab20c864889e81141f2df8a116b5b,11500000,3,True,Assets\Plugins\Assembly-CSharp-firstpass\UghText.cs.meta
Assets\Scenes\Tracks\Phineas Track 3.unity,e996a18e58747bf538b26a7d9874aed9,11500000,3,True,Assets\Scripts\Assembly-CSharp\WaypointLogic.cs.meta
Assets\Scenes\Tracks\Phineas Track 3.unity,540d7059364354e249f259edfef5d69a,11500000,3,True,Assets\Scripts\Assembly-CSharp\SpeedPoint.cs.meta
Assets\Scenes\Tracks\Phineas Track 3.unity,e996a18e58747bf538b26a7d9874aed9,11500000,3,True,Assets\Scripts\Assembly-CSharp\WaypointLogic.cs.meta
Assets\Scenes\Tracks\Phineas Track 3.unity,e996a18e58747bf538b26a7d9874aed9,11500000,3,True,Assets\Scripts\Assembly-CSharp\WaypointLogic.cs.meta
Assets\Scenes\Tracks\Phineas Track 3.unity,540d7059364354e249f259edfef5d69a,11500000,3,True,Assets\Scripts\Assembly-CSharp\SpeedPoint.cs.meta
Assets\Scenes\Tracks\Phineas Track 3.unity,540d7059364354e249f259edfef5d69a,11500000,3,True,Assets\Scripts\Assembly-CSharp\SpeedPoint.cs.meta
Assets\Scenes\Tracks\Phineas Track 3.unity,e996a18e58747bf538b26a7d9874aed9,11500000,3,True,Assets\Scripts\Assembly-CSharp\WaypointLogic.cs.meta
Assets\Scenes\Tracks\Phineas Track 3.unity,540d7059364354e249f259edfef5d69a,11500000,3,True,Assets\Scripts\Assembly-CSharp\SpeedPoint.cs.meta
Assets\Scenes\Tracks\Phineas Track 3.unity,0b15208c8a5ae7ff1660a3585ad68237,11500000,3,True,Assets\Scripts\Assembly-CSharp\TerrainEffectTrigger.cs.meta
Assets\Scenes\Tracks\Phineas Track 3.unity,71c30d28ad73b040f6e74d951b378742,11500000,3,True,Assets\Scripts\Assembly-CSharp\ObjectTrackDistanceLogic.cs.meta
Assets\Scenes\Tracks\Phineas Track 3.unity,94873483e708f4fa4a57b3033bbbcc5d,11500000,3,True,Assets\Scripts\Assembly-CSharp\AnimatedTexture.cs.meta
Assets\Scenes\Tracks\Phineas Track 3.unity,e996a18e58747bf538b26a7d9874aed9,11500000,3,True,Assets\Scripts\Assembly-CSharp\WaypointLogic.cs.meta
Assets\Scenes\Tracks\Phineas Track 3.unity,e996a18e58747bf538b26a7d9874aed9,11500000,3,True,Assets\Scripts\Assembly-CSharp\WaypointLogic.cs.meta
Assets\Scenes\Tracks\Phineas Track 3.unity,e996a18e58747bf538b26a7d9874aed9,11500000,3,True,Assets\Scripts\Assembly-CSharp\WaypointLogic.cs.meta
Assets\Scenes\Tracks\Phineas Track 3.unity,540d7059364354e249f259edfef5d69a,11500000,3,True,Assets\Scripts\Assembly-CSharp\SpeedPoint.cs.meta
Assets\Scenes\Tracks\Phineas Track 3.unity,e996a18e58747bf538b26a7d9874aed9,11500000,3,True,Assets\Scripts\Assembly-CSharp\WaypointLogic.cs.meta
Assets\Scenes\Tracks\Phineas Track 3.unity,540d7059364354e249f259edfef5d69a,11500000,3,True,Assets\Scripts\Assembly-CSharp\SpeedPoint.cs.meta
Assets\Scenes\Tracks\Phineas Track 3.unity,e996a18e58747bf538b26a7d9874aed9,11500000,3,True,Assets\Scripts\Assembly-CSharp\WaypointLogic.cs.meta
Assets\Scenes\Tracks\Phineas Track 3.unity,540d7059364354e249f259edfef5d69a,11500000,3,True,Assets\Scripts\Assembly-CSharp\SpeedPoint.cs.meta
Assets\Scenes\Tracks\Phineas Track 3.unity,e996a18e58747bf538b26a7d9874aed9,11500000,3,True,Assets\Scripts\Assembly-CSharp\WaypointLogic.cs.meta
Assets\Scenes\Tracks\Phineas Track 3.unity,e996a18e58747bf538b26a7d9874aed9,11500000,3,True,Assets\Scripts\Assembly-CSharp\WaypointLogic.cs.meta
Assets\Scenes\Tracks\Phineas Track 3.unity,e996a18e58747bf538b26a7d9874aed9,11500000,3,True,Assets\Scripts\Assembly-CSharp\WaypointLogic.cs.meta
Assets\Scenes\Tracks\Phineas Track 3.unity,d023be04c46e426c31d87f45651d35dd,11500000,3,True,Assets\Plugins\Assembly-CSharp-firstpass\UghInput.cs.meta
Assets\Scenes\Tracks\Phineas Track 3.unity,b88ab20c864889e81141f2df8a116b5b,11500000,3,True,Assets\Plugins\Assembly-CSharp-firstpass\UghText.cs.meta
Assets\Scenes\Tracks\Phineas Track 3.unity,80004b78694f1129edd555f7161356a9,11500000,3,True,Assets\Scripts\Assembly-CSharp\PickupSpawner.cs.meta
Assets\Scenes\Tracks\Phineas Track 3.unity,540d7059364354e249f259edfef5d69a,11500000,3,True,Assets\Scripts\Assembly-CSharp\SpeedPoint.cs.meta
Assets\Scenes\Tracks\Phineas Track 3.unity,540d7059364354e249f259edfef5d69a,11500000,3,True,Assets\Scripts\Assembly-CSharp\SpeedPoint.cs.meta
Assets\Scenes\Tracks\Phineas Track 3.unity,e996a18e58747bf538b26a7d9874aed9,11500000,3,True,Assets\Scripts\Assembly-CSharp\WaypointLogic.cs.meta
Assets\Scenes\Tracks\Phineas Track 3.unity,e996a18e58747bf538b26a7d9874aed9,11500000,3,True,Assets\Scripts\Assembly-CSharp\WaypointLogic.cs.meta
Assets\Scenes\Tracks\Phineas Track 3.unity,e996a18e58747bf538b26a7d9874aed9,11500000,3,True,Assets\Scripts\Assembly-CSharp\WaypointLogic.cs.meta
Assets\Scenes\Tracks\Phineas Track 3.unity,e996a18e58747bf538b26a7d9874aed9,11500000,3,True,Assets\Scripts\Assembly-CSharp\WaypointLogic.cs.meta
Assets\Scenes\Tracks\Phineas Track 3.unity,0b15208c8a5ae7ff1660a3585ad68237,11500000,3,True,Assets\Scripts\Assembly-CSharp\TerrainEffectTrigger.cs.meta
Assets\Scenes\Tracks\Phineas Track 3.unity,71c30d28ad73b040f6e74d951b378742,11500000,3,True,Assets\Scripts\Assembly-CSharp\ObjectTrackDistanceLogic.cs.meta
Assets\Scenes\Tracks\Phineas Track 3.unity,0b15208c8a5ae7ff1660a3585ad68237,11500000,3,True,Assets\Scripts\Assembly-CSharp\TerrainEffectTrigger.cs.meta
Assets\Scenes\Tracks\Phineas Track 3.unity,71c30d28ad73b040f6e74d951b378742,11500000,3,True,Assets\Scripts\Assembly-CSharp\ObjectTrackDistanceLogic.cs.meta
Assets\Scenes\Tracks\Phineas Track 3.unity,94873483e708f4fa4a57b3033bbbcc5d,11500000,3,True,Assets\Scripts\Assembly-CSharp\AnimatedTexture.cs.meta
Assets\Scenes\Tracks\Phineas Track 3.unity,e996a18e58747bf538b26a7d9874aed9,11500000,3,True,Assets\Scripts\Assembly-CSharp\WaypointLogic.cs.meta
Assets\Scenes\Tracks\Phineas Track 3.unity,e171dc7613dc84903f6b62f321860d38,11500000,3,True,Assets\Plugins\Assembly-CSharp-firstpass\UghAlign.cs.meta
Assets\Scenes\Tracks\Phineas Track 3.unity,e996a18e58747bf538b26a7d9874aed9,11500000,3,True,Assets\Scripts\Assembly-CSharp\WaypointLogic.cs.meta
Assets\Scenes\Tracks\Phineas Track 3.unity,e996a18e58747bf538b26a7d9874aed9,11500000,3,True,Assets\Scripts\Assembly-CSharp\WaypointLogic.cs.meta
Assets\Scenes\Tracks\Phineas Track 3.unity,71c30d28ad73b040f6e74d951b378742,11500000,3,True,Assets\Scripts\Assembly-CSharp\ObjectTrackDistanceLogic.cs.meta
Assets\Scenes\Tracks\Phineas Track 3.unity,0b15208c8a5ae7ff1660a3585ad68237,11500000,3,True,Assets\Scripts\Assembly-CSharp\TerrainEffectTrigger.cs.meta
Assets\Scenes\Tracks\Phineas Track 3.unity,540d7059364354e249f259edfef5d69a,11500000,3,True,Assets\Scripts\Assembly-CSharp\SpeedPoint.cs.meta
Assets\Scenes\Tracks\Phineas Track 3.unity,e996a18e58747bf538b26a7d9874aed9,11500000,3,True,Assets\Scripts\Assembly-CSharp\WaypointLogic.cs.meta
Assets\Scenes\Tracks\Phineas Track 3.unity,c67f46bd4e340aa7f64a8e2ae3c03a27,11500000,3,True,Assets\Scripts\Assembly-CSharp\ResetTrigger.cs.meta
Assets\Scenes\Tracks\Phineas Track 3.unity,a5927ab13b8fd57ed5089057e948c6a8,11500000,3,True,Assets\Scripts\Assembly-CSharp\ProgressTriggerLogic.cs.meta
Assets\Scenes\Tracks\Phineas Track 3.unity,e996a18e58747bf538b26a7d9874aed9,11500000,3,True,Assets\Scripts\Assembly-CSharp\WaypointLogic.cs.meta
Assets\Scenes\Tracks\Phineas Track 3.unity,e996a18e58747bf538b26a7d9874aed9,11500000,3,True,Assets\Scripts\Assembly-CSharp\WaypointLogic.cs.meta
Assets\Scenes\Tracks\Phineas Track 3.unity,71c30d28ad73b040f6e74d951b378742,11500000,3,True,Assets\Scripts\Assembly-CSharp\ObjectTrackDistanceLogic.cs.meta
Assets\Scenes\Tracks\Phineas Track 3.unity,0b15208c8a5ae7ff1660a3585ad68237,11500000,3,True,Assets\Scripts\Assembly-CSharp\TerrainEffectTrigger.cs.meta
Assets\Scenes\Tracks\Phineas Track 3.unity,0b15208c8a5ae7ff1660a3585ad68237,11500000,3,True,Assets\Scripts\Assembly-CSharp\TerrainEffectTrigger.cs.meta
Assets\Scenes\Tracks\Phineas Track 3.unity,71c30d28ad73b040f6e74d951b378742,11500000,3,True,Assets\Scripts\Assembly-CSharp\ObjectTrackDistanceLogic.cs.meta
Assets\Scenes\Tracks\Phineas Track 3.unity,84dedd87b078241ae96d152250730014,11500000,3,True,Assets\Plugins\Assembly-CSharp-firstpass\UghSprite.cs.meta
Assets\Scenes\Tracks\Phineas Track 3.unity,71c30d28ad73b040f6e74d951b378742,11500000,3,True,Assets\Scripts\Assembly-CSharp\ObjectTrackDistanceLogic.cs.meta
Assets\Scenes\Tracks\Phineas Track 3.unity,0b15208c8a5ae7ff1660a3585ad68237,11500000,3,True,Assets\Scripts\Assembly-CSharp\TerrainEffectTrigger.cs.meta
Assets\Scenes\Tracks\Phineas Track 3.unity,71c30d28ad73b040f6e74d951b378742,11500000,3,True,Assets\Scripts\Assembly-CSharp\ObjectTrackDistanceLogic.cs.meta
Assets\Scenes\Tracks\Phineas Track 3.unity,0b15208c8a5ae7ff1660a3585ad68237,11500000,3,True,Assets\Scripts\Assembly-CSharp\TerrainEffectTrigger.cs.meta
Assets\Scenes\Tracks\Phineas Track 3.unity,e996a18e58747bf538b26a7d9874aed9,11500000,3,True,Assets\Scripts\Assembly-CSharp\WaypointLogic.cs.meta
Assets\Scenes\Tracks\Phineas Track 3.unity,e171dc7613dc84903f6b62f321860d38,11500000,3,True,Assets\Plugins\Assembly-CSharp-firstpass\UghAlign.cs.meta
Assets\Scenes\Tracks\Phineas Track 3.unity,71c30d28ad73b040f6e74d951b378742,11500000,3,True,Assets\Scripts\Assembly-CSharp\ObjectTrackDistanceLogic.cs.meta
Assets\Scenes\Tracks\Phineas Track 3.unity,0b15208c8a5ae7ff1660a3585ad68237,11500000,3,True,Assets\Scripts\Assembly-CSharp\TerrainEffectTrigger.cs.meta
Assets\Scenes\Tracks\Phineas Track 3.unity,e996a18e58747bf538b26a7d9874aed9,11500000,3,True,Assets\Scripts\Assembly-CSharp\WaypointLogic.cs.meta
Assets\Scenes\Tracks\Phineas Track 3.unity,e996a18e58747bf538b26a7d9874aed9,11500000,3,True,Assets\Scripts\Assembly-CSharp\WaypointLogic.cs.meta
Assets\Scenes\Tracks\Phineas Track 3.unity,540d7059364354e249f259edfef5d69a,11500000,3,True,Assets\Scripts\Assembly-CSharp\SpeedPoint.cs.meta
Assets\Scenes\Tracks\Phineas Track 3.unity,e996a18e58747bf538b26a7d9874aed9,11500000,3,True,Assets\Scripts\Assembly-CSharp\WaypointLogic.cs.meta
Assets\Scenes\Tracks\Phineas Track 3.unity,540d7059364354e249f259edfef5d69a,11500000,3,True,Assets\Scripts\Assembly-CSharp\SpeedPoint.cs.meta
Assets\Scenes\Tracks\Phineas Track 3.unity,e996a18e58747bf538b26a7d9874aed9,11500000,3,True,Assets\Scripts\Assembly-CSharp\WaypointLogic.cs.meta
Assets\Scenes\Tracks\Phineas Track 3.unity,e996a18e58747bf538b26a7d9874aed9,11500000,3,True,Assets\Scripts\Assembly-CSharp\WaypointLogic.cs.meta
Assets\Scenes\Tracks\Phineas Track 3.unity,e996a18e58747bf538b26a7d9874aed9,11500000,3,True,Assets\Scripts\Assembly-CSharp\WaypointLogic.cs.meta
Assets\Scenes\Tracks\Phineas Track 3.unity,e996a18e58747bf538b26a7d9874aed9,11500000,3,True,Assets\Scripts\Assembly-CSharp\WaypointLogic.cs.meta
Assets\Scenes\Tracks\Phineas Track 3.unity,e996a18e58747bf538b26a7d9874aed9,11500000,3,True,Assets\Scripts\Assembly-CSharp\WaypointLogic.cs.meta
Assets\Scenes\Tracks\Phineas Track 3.unity,e996a18e58747bf538b26a7d9874aed9,11500000,3,True,Assets\Scripts\Assembly-CSharp\WaypointLogic.cs.meta
Assets\Scenes\Tracks\Phineas Track 3.unity,e996a18e58747bf538b26a7d9874aed9,11500000,3,True,Assets\Scripts\Assembly-CSharp\WaypointLogic.cs.meta
Assets\Scenes\Tracks\Phineas Track 3.unity,94873483e708f4fa4a57b3033bbbcc5d,11500000,3,True,Assets\Scripts\Assembly-CSharp\AnimatedTexture.cs.meta
Assets\Scenes\Tracks\Phineas Track 3.unity,71c30d28ad73b040f6e74d951b378742,11500000,3,True,Assets\Scripts\Assembly-CSharp\ObjectTrackDistanceLogic.cs.meta
Assets\Scenes\Tracks\Phineas Track 3.unity,0b15208c8a5ae7ff1660a3585ad68237,11500000,3,True,Assets\Scripts\Assembly-CSharp\TerrainEffectTrigger.cs.meta
Assets\Scenes\Tracks\Phineas Track 3.unity,540d7059364354e249f259edfef5d69a,11500000,3,True,Assets\Scripts\Assembly-CSharp\SpeedPoint.cs.meta
Assets\Scenes\Tracks\Phineas Track 3.unity,e996a18e58747bf538b26a7d9874aed9,11500000,3,True,Assets\Scripts\Assembly-CSharp\WaypointLogic.cs.meta
Assets\Scenes\Tracks\Phineas Track 3.unity,540d7059364354e249f259edfef5d69a,11500000,3,True,Assets\Scripts\Assembly-CSharp\SpeedPoint.cs.meta
Assets\Scenes\Tracks\Phineas Track 3.unity,e996a18e58747bf538b26a7d9874aed9,11500000,3,True,Assets\Scripts\Assembly-CSharp\WaypointLogic.cs.meta
Assets\Scenes\Tracks\Phineas Track 3.unity,e996a18e58747bf538b26a7d9874aed9,11500000,3,True,Assets\Scripts\Assembly-CSharp\WaypointLogic.cs.meta
Assets\Scenes\Tracks\Phineas Track 3.unity,540d7059364354e249f259edfef5d69a,11500000,3,True,Assets\Scripts\Assembly-CSharp\SpeedPoint.cs.meta
Assets\Scenes\Tracks\Phineas Track 3.unity,e996a18e58747bf538b26a7d9874aed9,11500000,3,True,Assets\Scripts\Assembly-CSharp\WaypointLogic.cs.meta
Assets\Scenes\Tracks\Phineas Track 3.unity,e996a18e58747bf538b26a7d9874aed9,11500000,3,True,Assets\Scripts\Assembly-CSharp\WaypointLogic.cs.meta
Assets\Scenes\Tracks\Phineas Track 3.unity,e996a18e58747bf538b26a7d9874aed9,11500000,3,True,Assets\Scripts\Assembly-CSharp\WaypointLogic.cs.meta
Assets\Scenes\Tracks\Phineas Track 3.unity,540d7059364354e249f259edfef5d69a,11500000,3,True,Assets\Scripts\Assembly-CSharp\SpeedPoint.cs.meta
Assets\Scenes\Tracks\Phineas Track 3.unity,e996a18e58747bf538b26a7d9874aed9,11500000,3,True,Assets\Scripts\Assembly-CSharp\WaypointLogic.cs.meta
Assets\Scenes\Tracks\Phineas Track 3.unity,84dedd87b078241ae96d152250730014,11500000,3,True,Assets\Plugins\Assembly-CSharp-firstpass\UghSprite.cs.meta
Assets\Scenes\Tracks\Phineas Track 3.unity,71c30d28ad73b040f6e74d951b378742,11500000,3,True,Assets\Scripts\Assembly-CSharp\ObjectTrackDistanceLogic.cs.meta
Assets\Scenes\Tracks\Phineas Track 3.unity,0b15208c8a5ae7ff1660a3585ad68237,11500000,3,True,Assets\Scripts\Assembly-CSharp\TerrainEffectTrigger.cs.meta
Assets\Scenes\Tracks\Phineas Track 3.unity,e996a18e58747bf538b26a7d9874aed9,11500000,3,True,Assets\Scripts\Assembly-CSharp\WaypointLogic.cs.meta
Assets\Scenes\Tracks\Phineas Track 3.unity,8fcdaa4213aa6ec14c06f158bdb5d5ff,11500000,3,True,Assets\Scripts\Assembly-CSharp\LocalizedAssetSwapper.cs.meta
Assets\Scenes\Tracks\Phineas Track 3.unity,54cbe82f1ecc3566dd11401a18f75c23,11500000,3,True,Assets\Scripts\Assembly-CSharp\GuidedJumpTrigger.cs.meta
Assets\Scenes\Tracks\Phineas Track 3.unity,71c30d28ad73b040f6e74d951b378742,11500000,3,True,Assets\Scripts\Assembly-CSharp\ObjectTrackDistanceLogic.cs.meta
Assets\Scenes\Tracks\Phineas Track 3.unity,540d7059364354e249f259edfef5d69a,11500000,3,True,Assets\Scripts\Assembly-CSharp\SpeedPoint.cs.meta
Assets\Scenes\Tracks\Phineas Track 3.unity,540d7059364354e249f259edfef5d69a,11500000,3,True,Assets\Scripts\Assembly-CSharp\SpeedPoint.cs.meta
Assets\Scenes\Tracks\Phineas Track 3.unity,540d7059364354e249f259edfef5d69a,11500000,3,True,Assets\Scripts\Assembly-CSharp\SpeedPoint.cs.meta
Assets\Scenes\Tracks\Phineas Track 3.unity,80004b78694f1129edd555f7161356a9,11500000,3,True,Assets\Scripts\Assembly-CSharp\PickupSpawner.cs.meta
Assets\Scenes\Tracks\Phineas Track 3.unity,0b15208c8a5ae7ff1660a3585ad68237,11500000,3,True,Assets\Scripts\Assembly-CSharp\TerrainEffectTrigger.cs.meta
Assets\Scenes\Tracks\Phineas Track 3.unity,71c30d28ad73b040f6e74d951b378742,11500000,3,True,Assets\Scripts\Assembly-CSharp\ObjectTrackDistanceLogic.cs.meta
Assets\Scenes\Tracks\Phineas Track 3.unity,8fcdaa4213aa6ec14c06f158bdb5d5ff,11500000,3,True,Assets\Scripts\Assembly-CSharp\LocalizedAssetSwapper.cs.meta
Assets\Scenes\Tracks\Phineas Track 3.unity,0b15208c8a5ae7ff1660a3585ad68237,11500000,3,True,Assets\Scripts\Assembly-CSharp\TerrainEffectTrigger.cs.meta
Assets\Scenes\Tracks\Phineas Track 3.unity,540d7059364354e249f259edfef5d69a,11500000,3,True,Assets\Scripts\Assembly-CSharp\SpeedPoint.cs.meta
Assets\Scenes\Tracks\Phineas Track 3.unity,e996a18e58747bf538b26a7d9874aed9,11500000,3,True,Assets\Scripts\Assembly-CSharp\WaypointLogic.cs.meta
Assets\Scenes\Tracks\Phineas Track 3.unity,e996a18e58747bf538b26a7d9874aed9,11500000,3,True,Assets\Scripts\Assembly-CSharp\WaypointLogic.cs.meta
Assets\Scenes\Tracks\Phineas Track 3.unity,e996a18e58747bf538b26a7d9874aed9,11500000,3,True,Assets\Scripts\Assembly-CSharp\WaypointLogic.cs.meta
Assets\Scenes\Tracks\Phineas Track 3.unity,e996a18e58747bf538b26a7d9874aed9,11500000,3,True,Assets\Scripts\Assembly-CSharp\WaypointLogic.cs.meta
Assets\Scenes\Tracks\Phineas Track 3.unity,e996a18e58747bf538b26a7d9874aed9,11500000,3,True,Assets\Scripts\Assembly-CSharp\WaypointLogic.cs.meta
Assets\Scenes\Tracks\Phineas Track 3.unity,540d7059364354e249f259edfef5d69a,11500000,3,True,Assets\Scripts\Assembly-CSharp\SpeedPoint.cs.meta
Assets\Scenes\Tracks\Phineas Track 3.unity,80004b78694f1129edd555f7161356a9,11500000,3,True,Assets\Scripts\Assembly-CSharp\PickupSpawner.cs.meta
Assets\Scenes\Tracks\Phineas Track 3.unity,e996a18e58747bf538b26a7d9874aed9,11500000,3,True,Assets\Scripts\Assembly-CSharp\WaypointLogic.cs.meta
Assets\Scenes\Tracks\Phineas Track 3.unity,897af2fedee1dbc8742a968fb3f7e962,11500000,3,True,Assets\Scripts\Assembly-CSharp\RaceManager.cs.meta
Assets\Scenes\Tracks\Phineas Track 3.unity,84dedd87b078241ae96d152250730014,11500000,3,True,Assets\Plugins\Assembly-CSharp-firstpass\UghSprite.cs.meta
Assets\Scenes\Tracks\Phineas Track 3.unity,e996a18e58747bf538b26a7d9874aed9,11500000,3,True,Assets\Scripts\Assembly-CSharp\WaypointLogic.cs.meta
Assets\Scenes\Tracks\Phineas Track 3.unity,94873483e708f4fa4a57b3033bbbcc5d,11500000,3,True,Assets\Scripts\Assembly-CSharp\AnimatedTexture.cs.meta
Assets\Scenes\Tracks\Phineas Track 3.unity,71c30d28ad73b040f6e74d951b378742,11500000,3,True,Assets\Scripts\Assembly-CSharp\ObjectTrackDistanceLogic.cs.meta
Assets\Scenes\Tracks\Phineas Track 3.unity,0b15208c8a5ae7ff1660a3585ad68237,11500000,3,True,Assets\Scripts\Assembly-CSharp\TerrainEffectTrigger.cs.meta
Assets\Scenes\Tracks\Phineas Track 3.unity,71c30d28ad73b040f6e74d951b378742,11500000,3,True,Assets\Scripts\Assembly-CSharp\ObjectTrackDistanceLogic.cs.meta
Assets\Scenes\Tracks\Phineas Track 3.unity,0b15208c8a5ae7ff1660a3585ad68237,11500000,3,True,Assets\Scripts\Assembly-CSharp\TerrainEffectTrigger.cs.meta
Assets\Scenes\Tracks\Phineas Track 3.unity,e996a18e58747bf538b26a7d9874aed9,11500000,3,True,Assets\Scripts\Assembly-CSharp\WaypointLogic.cs.meta
Assets\Scenes\Tracks\Phineas Track 3.unity,e996a18e58747bf538b26a7d9874aed9,11500000,3,True,Assets\Scripts\Assembly-CSharp\WaypointLogic.cs.meta
Assets\Scenes\Tracks\Phineas Track 3.unity,80004b78694f1129edd555f7161356a9,11500000,3,True,Assets\Scripts\Assembly-CSharp\PickupSpawner.cs.meta
Assets\Scenes\Tracks\Phineas Track 3.unity,e996a18e58747bf538b26a7d9874aed9,11500000,3,True,Assets\Scripts\Assembly-CSharp\WaypointLogic.cs.meta
Assets\Scenes\Tracks\Phineas Track 3.unity,0b15208c8a5ae7ff1660a3585ad68237,11500000,3,True,Assets\Scripts\Assembly-CSharp\TerrainEffectTrigger.cs.meta
Assets\Scenes\Tracks\Phineas Track 3.unity,71c30d28ad73b040f6e74d951b378742,11500000,3,True,Assets\Scripts\Assembly-CSharp\ObjectTrackDistanceLogic.cs.meta
Assets\Scenes\Tracks\Phineas Track 3.unity,e996a18e58747bf538b26a7d9874aed9,11500000,3,True,Assets\Scripts\Assembly-CSharp\WaypointLogic.cs.meta
Assets\Scenes\Tracks\Phineas Track 3.unity,e996a18e58747bf538b26a7d9874aed9,11500000,3,True,Assets\Scripts\Assembly-CSharp\WaypointLogic.cs.meta
Assets\Scenes\Tracks\Phineas Track 3.unity,e996a18e58747bf538b26a7d9874aed9,11500000,3,True,Assets\Scripts\Assembly-CSharp\WaypointLogic.cs.meta
Assets\Scenes\Tracks\Phineas Track 3.unity,0b15208c8a5ae7ff1660a3585ad68237,11500000,3,True,Assets\Scripts\Assembly-CSharp\TerrainEffectTrigger.cs.meta
Assets\Scenes\Tracks\Phineas Track 3.unity,71c30d28ad73b040f6e74d951b378742,11500000,3,True,Assets\Scripts\Assembly-CSharp\ObjectTrackDistanceLogic.cs.meta
Assets\Scenes\Tracks\Phineas Track 3.unity,540d7059364354e249f259edfef5d69a,11500000,3,True,Assets\Scripts\Assembly-CSharp\SpeedPoint.cs.meta
Assets\Scenes\Tracks\Phineas Track 3.unity,540d7059364354e249f259edfef5d69a,11500000,3,True,Assets\Scripts\Assembly-CSharp\SpeedPoint.cs.meta
Assets\Scenes\Tracks\Phineas Track 3.unity,71c30d28ad73b040f6e74d951b378742,11500000,3,True,Assets\Scripts\Assembly-CSharp\ObjectTrackDistanceLogic.cs.meta
Assets\Scenes\Tracks\Phineas Track 3.unity,0b15208c8a5ae7ff1660a3585ad68237,11500000,3,True,Assets\Scripts\Assembly-CSharp\TerrainEffectTrigger.cs.meta
Assets\Scenes\Tracks\Phineas Track 3.unity,e996a18e58747bf538b26a7d9874aed9,11500000,3,True,Assets\Scripts\Assembly-CSharp\WaypointLogic.cs.meta
Assets\Scenes\Tracks\Phineas Track 3.unity,e996a18e58747bf538b26a7d9874aed9,11500000,3,True,Assets\Scripts\Assembly-CSharp\WaypointLogic.cs.meta
Assets\Scenes\Tracks\Phineas Track 3.unity,0b15208c8a5ae7ff1660a3585ad68237,11500000,3,True,Assets\Scripts\Assembly-CSharp\TerrainEffectTrigger.cs.meta
Assets\Scenes\Tracks\Phineas Track 3.unity,71c30d28ad73b040f6e74d951b378742,11500000,3,True,Assets\Scripts\Assembly-CSharp\ObjectTrackDistanceLogic.cs.meta
Assets\Scenes\Tracks\Phineas Track 3.unity,94873483e708f4fa4a57b3033bbbcc5d,11500000,3,True,Assets\Scripts\Assembly-CSharp\AnimatedTexture.cs.meta
Assets\Scenes\Tracks\Phineas Track 3.unity,540d7059364354e249f259edfef5d69a,11500000,3,True,Assets\Scripts\Assembly-CSharp\SpeedPoint.cs.meta
Assets\Scenes\Tracks\Phineas Track 3.unity,84dedd87b078241ae96d152250730014,11500000,3,True,Assets\Plugins\Assembly-CSharp-firstpass\UghSprite.cs.meta
Assets\Scenes\Tracks\Phineas Track 3.unity,540d7059364354e249f259edfef5d69a,11500000,3,True,Assets\Scripts\Assembly-CSharp\SpeedPoint.cs.meta
Assets\Scenes\Tracks\Phineas Track 3.unity,e996a18e58747bf538b26a7d9874aed9,11500000,3,True,Assets\Scripts\Assembly-CSharp\WaypointLogic.cs.meta
Assets\Scenes\Tracks\Phineas Track 3.unity,b88ab20c864889e81141f2df8a116b5b,11500000,3,True,Assets\Plugins\Assembly-CSharp-firstpass\UghText.cs.meta
Assets\Scenes\Tracks\Phineas Track 3.unity,e996a18e58747bf538b26a7d9874aed9,11500000,3,True,Assets\Scripts\Assembly-CSharp\WaypointLogic.cs.meta
Assets\Scenes\Tracks\Phineas Track 3.unity,a5927ab13b8fd57ed5089057e948c6a8,11500000,3,True,Assets\Scripts\Assembly-CSharp\ProgressTriggerLogic.cs.meta
Assets\Scenes\Tracks\Phineas Track 3.unity,e996a18e58747bf538b26a7d9874aed9,11500000,3,True,Assets\Scripts\Assembly-CSharp\WaypointLogic.cs.meta
Assets\Scenes\Tracks\Phineas Track 3.unity,71c30d28ad73b040f6e74d951b378742,11500000,3,True,Assets\Scripts\Assembly-CSharp\ObjectTrackDistanceLogic.cs.meta
Assets\Scenes\Tracks\Phineas Track 3.unity,0b15208c8a5ae7ff1660a3585ad68237,11500000,3,True,Assets\Scripts\Assembly-CSharp\TerrainEffectTrigger.cs.meta
Assets\Scenes\Tracks\Phineas Track 3.unity,e996a18e58747bf538b26a7d9874aed9,11500000,3,True,Assets\Scripts\Assembly-CSharp\WaypointLogic.cs.meta
Assets\Scenes\Tracks\Phineas Track 3.unity,540d7059364354e249f259edfef5d69a,11500000,3,True,Assets\Scripts\Assembly-CSharp\SpeedPoint.cs.meta
Assets\Scenes\Tracks\Phineas Track 3.unity,e996a18e58747bf538b26a7d9874aed9,11500000,3,True,Assets\Scripts\Assembly-CSharp\WaypointLogic.cs.meta
Assets\Scenes\Tracks\Phineas Track 3.unity,e996a18e58747bf538b26a7d9874aed9,11500000,3,True,Assets\Scripts\Assembly-CSharp\WaypointLogic.cs.meta
Assets\Scenes\Tracks\Phineas Track 3.unity,540d7059364354e249f259edfef5d69a,11500000,3,True,Assets\Scripts\Assembly-CSharp\SpeedPoint.cs.meta
Assets\Scenes\Tracks\Phineas Track 3.unity,e996a18e58747bf538b26a7d9874aed9,11500000,3,True,Assets\Scripts\Assembly-CSharp\WaypointLogic.cs.meta
Assets\Scenes\Tracks\Phineas Track 3.unity,e996a18e58747bf538b26a7d9874aed9,11500000,3,True,Assets\Scripts\Assembly-CSharp\WaypointLogic.cs.meta
Assets\Scenes\Tracks\Phineas Track 3.unity,71c30d28ad73b040f6e74d951b378742,11500000,3,True,Assets\Scripts\Assembly-CSharp\ObjectTrackDistanceLogic.cs.meta
Assets\Scenes\Tracks\Phineas Track 3.unity,0b15208c8a5ae7ff1660a3585ad68237,11500000,3,True,Assets\Scripts\Assembly-CSharp\TerrainEffectTrigger.cs.meta
Assets\Scenes\Tracks\Phineas Track 3.unity,e996a18e58747bf538b26a7d9874aed9,11500000,3,True,Assets\Scripts\Assembly-CSharp\WaypointLogic.cs.meta
Assets\Scenes\Tracks\Phineas Track 3.unity,e996a18e58747bf538b26a7d9874aed9,11500000,3,True,Assets\Scripts\Assembly-CSharp\WaypointLogic.cs.meta
Assets\Scenes\Tracks\Phineas Track 3.unity,540d7059364354e249f259edfef5d69a,11500000,3,True,Assets\Scripts\Assembly-CSharp\SpeedPoint.cs.meta
Assets\Scenes\Tracks\Phineas Track 3.unity,e996a18e58747bf538b26a7d9874aed9,11500000,3,True,Assets\Scripts\Assembly-CSharp\WaypointLogic.cs.meta
Assets\Scenes\Tracks\Phineas Track 3.unity,e996a18e58747bf538b26a7d9874aed9,11500000,3,True,Assets\Scripts\Assembly-CSharp\WaypointLogic.cs.meta
Assets\Scenes\Tracks\Phineas Track 3.unity,7a1d7e408882e95bdbe76a76d6f51e1c,11500000,3,True,Assets\Plugins\Assembly-CSharp-firstpass\UghButton.cs.meta
Assets\Scenes\Tracks\Phineas Track 3.unity,93a00b2df47c568d51d2e788e763d67e,11500000,3,True,Assets\Plugins\Assembly-CSharp-firstpass\UghCamera.cs.meta
Assets\Scenes\Tracks\Phineas Track 3.unity,84dedd87b078241ae96d152250730014,11500000,3,True,Assets\Plugins\Assembly-CSharp-firstpass\UghSprite.cs.meta
Assets\Scenes\Tracks\Phineas Track 3.unity,540d7059364354e249f259edfef5d69a,11500000,3,True,Assets\Scripts\Assembly-CSharp\SpeedPoint.cs.meta
Assets\Scenes\Tracks\Phineas Track 3.unity,540d7059364354e249f259edfef5d69a,11500000,3,True,Assets\Scripts\Assembly-CSharp\SpeedPoint.cs.meta
Assets\Scenes\Tracks\Phineas Track 3.unity,e996a18e58747bf538b26a7d9874aed9,11500000,3,True,Assets\Scripts\Assembly-CSharp\WaypointLogic.cs.meta
Assets\Scenes\Tracks\Phineas Track 3.unity,540d7059364354e249f259edfef5d69a,11500000,3,True,Assets\Scripts\Assembly-CSharp\SpeedPoint.cs.meta
Assets\Scenes\Tracks\Phineas Track 3.unity,540d7059364354e249f259edfef5d69a,11500000,3,True,Assets\Scripts\Assembly-CSharp\SpeedPoint.cs.meta
Assets\Scenes\Tracks\Phineas Track 3.unity,540d7059364354e249f259edfef5d69a,11500000,3,True,Assets\Scripts\Assembly-CSharp\SpeedPoint.cs.meta
Assets\Scenes\Tracks\Phineas Track 3.unity,540d7059364354e249f259edfef5d69a,11500000,3,True,Assets\Scripts\Assembly-CSharp\SpeedPoint.cs.meta
Assets\Scenes\Tracks\Phineas Track 3.unity,e996a18e58747bf538b26a7d9874aed9,11500000,3,True,Assets\Scripts\Assembly-CSharp\WaypointLogic.cs.meta
Assets\Scenes\Tracks\Phineas Track 3.unity,e996a18e58747bf538b26a7d9874aed9,11500000,3,True,Assets\Scripts\Assembly-CSharp\WaypointLogic.cs.meta
Assets\Scenes\Tracks\Phineas Track 3.unity,e996a18e58747bf538b26a7d9874aed9,11500000,3,True,Assets\Scripts\Assembly-CSharp\WaypointLogic.cs.meta
Assets\Scenes\Tracks\Phineas Track 3.unity,84dedd87b078241ae96d152250730014,11500000,3,True,Assets\Plugins\Assembly-CSharp-firstpass\UghSprite.cs.meta
Assets\Scenes\Tracks\Phineas Track 3.unity,e996a18e58747bf538b26a7d9874aed9,11500000,3,True,Assets\Scripts\Assembly-CSharp\WaypointLogic.cs.meta
Assets\Scenes\Tracks\Phineas Track 3.unity,e996a18e58747bf538b26a7d9874aed9,11500000,3,True,Assets\Scripts\Assembly-CSharp\WaypointLogic.cs.meta
Assets\Scenes\Tracks\Phineas Track 3.unity,e171dc7613dc84903f6b62f321860d38,11500000,3,True,Assets\Plugins\Assembly-CSharp-firstpass\UghAlign.cs.meta
Assets\Scenes\Tracks\Phineas Track 3.unity,e996a18e58747bf538b26a7d9874aed9,11500000,3,True,Assets\Scripts\Assembly-CSharp\WaypointLogic.cs.meta
Assets\Scenes\Tracks\Phineas Track 3.unity,540d7059364354e249f259edfef5d69a,11500000,3,True,Assets\Scripts\Assembly-CSharp\SpeedPoint.cs.meta
Assets\Scenes\Tracks\Phineas Track 3.unity,e996a18e58747bf538b26a7d9874aed9,11500000,3,True,Assets\Scripts\Assembly-CSharp\WaypointLogic.cs.meta
Assets\Scenes\Tracks\Phineas Track 3.unity,b88ab20c864889e81141f2df8a116b5b,11500000,3,True,Assets\Plugins\Assembly-CSharp-firstpass\UghText.cs.meta
Assets\Scenes\Tracks\Phineas Track 3.unity,540d7059364354e249f259edfef5d69a,11500000,3,True,Assets\Scripts\Assembly-CSharp\SpeedPoint.cs.meta
Assets\Scenes\Tracks\Phineas Track 3.unity,e996a18e58747bf538b26a7d9874aed9,11500000,3,True,Assets\Scripts\Assembly-CSharp\WaypointLogic.cs.meta
Assets\Scenes\Tracks\Phineas Track 3.unity,540d7059364354e249f259edfef5d69a,11500000,3,True,Assets\Scripts\Assembly-CSharp\SpeedPoint.cs.meta
Assets\Scenes\Tracks\Phineas Track 3.unity,e996a18e58747bf538b26a7d9874aed9,11500000,3,True,Assets\Scripts\Assembly-CSharp\WaypointLogic.cs.meta
Assets\Scenes\Tracks\Phineas Track 3.unity,540d7059364354e249f259edfef5d69a,11500000,3,True,Assets\Scripts\Assembly-CSharp\SpeedPoint.cs.meta
Assets\Scenes\Tracks\Phineas Track 3.unity,e996a18e58747bf538b26a7d9874aed9,11500000,3,True,Assets\Scripts\Assembly-CSharp\WaypointLogic.cs.meta
Assets\Scenes\Tracks\Phineas Track 3.unity,0b15208c8a5ae7ff1660a3585ad68237,11500000,3,True,Assets\Scripts\Assembly-CSharp\TerrainEffectTrigger.cs.meta
Assets\Scenes\Tracks\Phineas Track 3.unity,71c30d28ad73b040f6e74d951b378742,11500000,3,True,Assets\Scripts\Assembly-CSharp\ObjectTrackDistanceLogic.cs.meta
Assets\Scenes\Tracks\Phineas Track 3.unity,94873483e708f4fa4a57b3033bbbcc5d,11500000,3,True,Assets\Scripts\Assembly-CSharp\AnimatedTexture.cs.meta
Assets\Scenes\Tracks\Phineas Track 3.unity,84dedd87b078241ae96d152250730014,11500000,3,True,Assets\Plugins\Assembly-CSharp-firstpass\UghSprite.cs.meta
Assets\Scenes\Tracks\Phineas Track 3.unity,e996a18e58747bf538b26a7d9874aed9,11500000,3,True,Assets\Scripts\Assembly-CSharp\WaypointLogic.cs.meta
Assets\Scenes\Tracks\Phineas Track 3.unity,0b15208c8a5ae7ff1660a3585ad68237,11500000,3,True,Assets\Scripts\Assembly-CSharp\TerrainEffectTrigger.cs.meta
Assets\Scenes\Tracks\Phineas Track 3.unity,71c30d28ad73b040f6e74d951b378742,11500000,3,True,Assets\Scripts\Assembly-CSharp\ObjectTrackDistanceLogic.cs.meta
Assets\Scenes\Tracks\Phineas Track 3.unity,e996a18e58747bf538b26a7d9874aed9,11500000,3,True,Assets\Scripts\Assembly-CSharp\WaypointLogic.cs.meta
Assets\Scenes\Tracks\Phineas Track 3.unity,e996a18e58747bf538b26a7d9874aed9,11500000,3,True,Assets\Scripts\Assembly-CSharp\WaypointLogic.cs.meta
Assets\Scenes\Tracks\Phineas Track 3.unity,e996a18e58747bf538b26a7d9874aed9,11500000,3,True,Assets\Scripts\Assembly-CSharp\WaypointLogic.cs.meta
Assets\Scenes\Tracks\Phineas Track 3.unity,540d7059364354e249f259edfef5d69a,11500000,3,True,Assets\Scripts\Assembly-CSharp\SpeedPoint.cs.meta
Assets\Scenes\Tracks\Phineas Track 3.unity,84dedd87b078241ae96d152250730014,11500000,3,True,Assets\Plugins\Assembly-CSharp-firstpass\UghSprite.cs.meta
Assets\Scenes\Tracks\Phineas Track 3.unity,80004b78694f1129edd555f7161356a9,11500000,3,True,Assets\Scripts\Assembly-CSharp\PickupSpawner.cs.meta
Assets\Scenes\Tracks\Phineas Track 3.unity,0b15208c8a5ae7ff1660a3585ad68237,11500000,3,True,Assets\Scripts\Assembly-CSharp\TerrainEffectTrigger.cs.meta
Assets\Scenes\Tracks\Phineas Track 3.unity,71c30d28ad73b040f6e74d951b378742,11500000,3,True,Assets\Scripts\Assembly-CSharp\ObjectTrackDistanceLogic.cs.meta
Assets\Scenes\Tracks\Phineas Track 3.unity,e996a18e58747bf538b26a7d9874aed9,11500000,3,True,Assets\Scripts\Assembly-CSharp\WaypointLogic.cs.meta
Assets\Scenes\Tracks\Phineas Track 3.unity,0b15208c8a5ae7ff1660a3585ad68237,11500000,3,True,Assets\Scripts\Assembly-CSharp\TerrainEffectTrigger.cs.meta
Assets\Scenes\Tracks\Phineas Track 3.unity,71c30d28ad73b040f6e74d951b378742,11500000,3,True,Assets\Scripts\Assembly-CSharp\ObjectTrackDistanceLogic.cs.meta
Assets\Scenes\Tracks\Phineas Track 3.unity,e996a18e58747bf538b26a7d9874aed9,11500000,3,True,Assets\Scripts\Assembly-CSharp\WaypointLogic.cs.meta
Assets\Scenes\Tracks\Phineas Track 3.unity,71c30d28ad73b040f6e74d951b378742,11500000,3,True,Assets\Scripts\Assembly-CSharp\ObjectTrackDistanceLogic.cs.meta
Assets\Scenes\Tracks\Phineas Track 3.unity,0b15208c8a5ae7ff1660a3585ad68237,11500000,3,True,Assets\Scripts\Assembly-CSharp\TerrainEffectTrigger.cs.meta
Assets\Scenes\Tracks\Phineas Track 3.unity,0b15208c8a5ae7ff1660a3585ad68237,11500000,3,True,Assets\Scripts\Assembly-CSharp\TerrainEffectTrigger.cs.meta
Assets\Scenes\Tracks\Phineas Track 3.unity,71c30d28ad73b040f6e74d951b378742,11500000,3,True,Assets\Scripts\Assembly-CSharp\ObjectTrackDistanceLogic.cs.meta
Assets\Scenes\Tracks\Phineas Track 3.unity,540d7059364354e249f259edfef5d69a,11500000,3,True,Assets\Scripts\Assembly-CSharp\SpeedPoint.cs.meta
Assets\Scenes\Tracks\Phineas Track 3.unity,e996a18e58747bf538b26a7d9874aed9,11500000,3,True,Assets\Scripts\Assembly-CSharp\WaypointLogic.cs.meta
Assets\Scenes\Tracks\Tutorial Track.unity,94873483e708f4fa4a57b3033bbbcc5d,11500000,3,True,Assets\Scripts\Assembly-CSharp\AnimatedTexture.cs.meta
Assets\Scenes\Tracks\Tutorial Track.unity,0b15208c8a5ae7ff1660a3585ad68237,11500000,3,True,Assets\Scripts\Assembly-CSharp\TerrainEffectTrigger.cs.meta
Assets\Scenes\Tracks\Tutorial Track.unity,71c30d28ad73b040f6e74d951b378742,11500000,3,True,Assets\Scripts\Assembly-CSharp\ObjectTrackDistanceLogic.cs.meta
Assets\Scenes\Tracks\Tutorial Track.unity,540d7059364354e249f259edfef5d69a,11500000,3,True,Assets\Scripts\Assembly-CSharp\SpeedPoint.cs.meta
Assets\Scenes\Tracks\Tutorial Track.unity,84dedd87b078241ae96d152250730014,11500000,3,True,Assets\Plugins\Assembly-CSharp-firstpass\UghSprite.cs.meta
Assets\Scenes\Tracks\Tutorial Track.unity,80004b78694f1129edd555f7161356a9,11500000,3,True,Assets\Scripts\Assembly-CSharp\PickupSpawner.cs.meta
Assets\Scenes\Tracks\Tutorial Track.unity,b88ab20c864889e81141f2df8a116b5b,11500000,3,True,Assets\Plugins\Assembly-CSharp-firstpass\UghText.cs.meta
Assets\Scenes\Tracks\Tutorial Track.unity,540d7059364354e249f259edfef5d69a,11500000,3,True,Assets\Scripts\Assembly-CSharp\SpeedPoint.cs.meta
Assets\Scenes\Tracks\Tutorial Track.unity,80004b78694f1129edd555f7161356a9,11500000,3,True,Assets\Scripts\Assembly-CSharp\PickupSpawner.cs.meta
Assets\Scenes\Tracks\Tutorial Track.unity,e171dc7613dc84903f6b62f321860d38,11500000,3,True,Assets\Plugins\Assembly-CSharp-firstpass\UghAlign.cs.meta
Assets\Scenes\Tracks\Tutorial Track.unity,540d7059364354e249f259edfef5d69a,11500000,3,True,Assets\Scripts\Assembly-CSharp\SpeedPoint.cs.meta
Assets\Scenes\Tracks\Tutorial Track.unity,e996a18e58747bf538b26a7d9874aed9,11500000,3,True,Assets\Scripts\Assembly-CSharp\WaypointLogic.cs.meta
Assets\Scenes\Tracks\Tutorial Track.unity,e996a18e58747bf538b26a7d9874aed9,11500000,3,True,Assets\Scripts\Assembly-CSharp\WaypointLogic.cs.meta
Assets\Scenes\Tracks\Tutorial Track.unity,b88ab20c864889e81141f2df8a116b5b,11500000,3,True,Assets\Plugins\Assembly-CSharp-firstpass\UghText.cs.meta
Assets\Scenes\Tracks\Tutorial Track.unity,e996a18e58747bf538b26a7d9874aed9,11500000,3,True,Assets\Scripts\Assembly-CSharp\WaypointLogic.cs.meta
Assets\Scenes\Tracks\Tutorial Track.unity,e996a18e58747bf538b26a7d9874aed9,11500000,3,True,Assets\Scripts\Assembly-CSharp\WaypointLogic.cs.meta
Assets\Scenes\Tracks\Tutorial Track.unity,540d7059364354e249f259edfef5d69a,11500000,3,True,Assets\Scripts\Assembly-CSharp\SpeedPoint.cs.meta
Assets\Scenes\Tracks\Tutorial Track.unity,80004b78694f1129edd555f7161356a9,11500000,3,True,Assets\Scripts\Assembly-CSharp\PickupSpawner.cs.meta
Assets\Scenes\Tracks\Tutorial Track.unity,84dedd87b078241ae96d152250730014,11500000,3,True,Assets\Plugins\Assembly-CSharp-firstpass\UghSprite.cs.meta
Assets\Scenes\Tracks\Tutorial Track.unity,540d7059364354e249f259edfef5d69a,11500000,3,True,Assets\Scripts\Assembly-CSharp\SpeedPoint.cs.meta
Assets\Scenes\Tracks\Tutorial Track.unity,e996a18e58747bf538b26a7d9874aed9,11500000,3,True,Assets\Scripts\Assembly-CSharp\WaypointLogic.cs.meta
Assets\Scenes\Tracks\Tutorial Track.unity,80004b78694f1129edd555f7161356a9,11500000,3,True,Assets\Scripts\Assembly-CSharp\PickupSpawner.cs.meta
Assets\Scenes\Tracks\Tutorial Track.unity,540d7059364354e249f259edfef5d69a,11500000,3,True,Assets\Scripts\Assembly-CSharp\SpeedPoint.cs.meta
Assets\Scenes\Tracks\Tutorial Track.unity,540d7059364354e249f259edfef5d69a,11500000,3,True,Assets\Scripts\Assembly-CSharp\SpeedPoint.cs.meta
Assets\Scenes\Tracks\Tutorial Track.unity,540d7059364354e249f259edfef5d69a,11500000,3,True,Assets\Scripts\Assembly-CSharp\SpeedPoint.cs.meta
Assets\Scenes\Tracks\Tutorial Track.unity,410aef06036e22f327bf513834d3c8f7,11500000,3,True,Assets\Scripts\Assembly-CSharp\FollowCamera.cs.meta
Assets\Scenes\Tracks\Tutorial Track.unity,30b411d090599ca49164a82da6acd001,11500000,3,True,Assets\Scripts\Assembly-CSharp\CameraShake.cs.meta
Assets\Scenes\Tracks\Tutorial Track.unity,e171dc7613dc84903f6b62f321860d38,11500000,3,True,Assets\Plugins\Assembly-CSharp-firstpass\UghAlign.cs.meta
Assets\Scenes\Tracks\Tutorial Track.unity,540d7059364354e249f259edfef5d69a,11500000,3,True,Assets\Scripts\Assembly-CSharp\SpeedPoint.cs.meta
Assets\Scenes\Tracks\Tutorial Track.unity,540d7059364354e249f259edfef5d69a,11500000,3,True,Assets\Scripts\Assembly-CSharp\SpeedPoint.cs.meta
Assets\Scenes\Tracks\Tutorial Track.unity,540d7059364354e249f259edfef5d69a,11500000,3,True,Assets\Scripts\Assembly-CSharp\SpeedPoint.cs.meta
Assets\Scenes\Tracks\Tutorial Track.unity,84dedd87b078241ae96d152250730014,11500000,3,True,Assets\Plugins\Assembly-CSharp-firstpass\UghSprite.cs.meta
Assets\Scenes\Tracks\Tutorial Track.unity,80004b78694f1129edd555f7161356a9,11500000,3,True,Assets\Scripts\Assembly-CSharp\PickupSpawner.cs.meta
Assets\Scenes\Tracks\Tutorial Track.unity,e171dc7613dc84903f6b62f321860d38,11500000,3,True,Assets\Plugins\Assembly-CSharp-firstpass\UghAlign.cs.meta
Assets\Scenes\Tracks\Tutorial Track.unity,e996a18e58747bf538b26a7d9874aed9,11500000,3,True,Assets\Scripts\Assembly-CSharp\WaypointLogic.cs.meta
Assets\Scenes\Tracks\Tutorial Track.unity,e996a18e58747bf538b26a7d9874aed9,11500000,3,True,Assets\Scripts\Assembly-CSharp\WaypointLogic.cs.meta
Assets\Scenes\Tracks\Tutorial Track.unity,e996a18e58747bf538b26a7d9874aed9,11500000,3,True,Assets\Scripts\Assembly-CSharp\WaypointLogic.cs.meta
Assets\Scenes\Tracks\Tutorial Track.unity,7a1d7e408882e95bdbe76a76d6f51e1c,11500000,3,True,Assets\Plugins\Assembly-CSharp-firstpass\UghButton.cs.meta
Assets\Scenes\Tracks\Tutorial Track.unity,540d7059364354e249f259edfef5d69a,11500000,3,True,Assets\Scripts\Assembly-CSharp\SpeedPoint.cs.meta
Assets\Scenes\Tracks\Tutorial Track.unity,540d7059364354e249f259edfef5d69a,11500000,3,True,Assets\Scripts\Assembly-CSharp\SpeedPoint.cs.meta
Assets\Scenes\Tracks\Tutorial Track.unity,e996a18e58747bf538b26a7d9874aed9,11500000,3,True,Assets\Scripts\Assembly-CSharp\WaypointLogic.cs.meta
Assets\Scenes\Tracks\Tutorial Track.unity,a5927ab13b8fd57ed5089057e948c6a8,11500000,3,True,Assets\Scripts\Assembly-CSharp\ProgressTriggerLogic.cs.meta
Assets\Scenes\Tracks\Tutorial Track.unity,e996a18e58747bf538b26a7d9874aed9,11500000,3,True,Assets\Scripts\Assembly-CSharp\WaypointLogic.cs.meta
Assets\Scenes\Tracks\Tutorial Track.unity,540d7059364354e249f259edfef5d69a,11500000,3,True,Assets\Scripts\Assembly-CSharp\SpeedPoint.cs.meta
Assets\Scenes\Tracks\Tutorial Track.unity,e171dc7613dc84903f6b62f321860d38,11500000,3,True,Assets\Plugins\Assembly-CSharp-firstpass\UghAlign.cs.meta
Assets\Scenes\Tracks\Tutorial Track.unity,540d7059364354e249f259edfef5d69a,11500000,3,True,Assets\Scripts\Assembly-CSharp\SpeedPoint.cs.meta
Assets\Scenes\Tracks\Tutorial Track.unity,540d7059364354e249f259edfef5d69a,11500000,3,True,Assets\Scripts\Assembly-CSharp\SpeedPoint.cs.meta
Assets\Scenes\Tracks\Tutorial Track.unity,80004b78694f1129edd555f7161356a9,11500000,3,True,Assets\Scripts\Assembly-CSharp\PickupSpawner.cs.meta
Assets\Scenes\Tracks\Tutorial Track.unity,e171dc7613dc84903f6b62f321860d38,11500000,3,True,Assets\Plugins\Assembly-CSharp-firstpass\UghAlign.cs.meta
Assets\Scenes\Tracks\Tutorial Track.unity,80004b78694f1129edd555f7161356a9,11500000,3,True,Assets\Scripts\Assembly-CSharp\PickupSpawner.cs.meta
Assets\Scenes\Tracks\Tutorial Track.unity,540d7059364354e249f259edfef5d69a,11500000,3,True,Assets\Scripts\Assembly-CSharp\SpeedPoint.cs.meta
Assets\Scenes\Tracks\Tutorial Track.unity,540d7059364354e249f259edfef5d69a,11500000,3,True,Assets\Scripts\Assembly-CSharp\SpeedPoint.cs.meta
Assets\Scenes\Tracks\Tutorial Track.unity,e996a18e58747bf538b26a7d9874aed9,11500000,3,True,Assets\Scripts\Assembly-CSharp\WaypointLogic.cs.meta
Assets\Scenes\Tracks\Tutorial Track.unity,9b4892a27c501fc32d10289e8a2709d7,11500000,3,True,Assets\Scripts\Assembly-CSharp\CoinPoint.cs.meta
Assets\Scenes\Tracks\Tutorial Track.unity,e996a18e58747bf538b26a7d9874aed9,11500000,3,True,Assets\Scripts\Assembly-CSharp\WaypointLogic.cs.meta
Assets\Scenes\Tracks\Tutorial Track.unity,e996a18e58747bf538b26a7d9874aed9,11500000,3,True,Assets\Scripts\Assembly-CSharp\WaypointLogic.cs.meta
Assets\Scenes\Tracks\Tutorial Track.unity,e996a18e58747bf538b26a7d9874aed9,11500000,3,True,Assets\Scripts\Assembly-CSharp\WaypointLogic.cs.meta
Assets\Scenes\Tracks\Tutorial Track.unity,e996a18e58747bf538b26a7d9874aed9,11500000,3,True,Assets\Scripts\Assembly-CSharp\WaypointLogic.cs.meta
Assets\Scenes\Tracks\Tutorial Track.unity,540d7059364354e249f259edfef5d69a,11500000,3,True,Assets\Scripts\Assembly-CSharp\SpeedPoint.cs.meta
Assets\Scenes\Tracks\Tutorial Track.unity,84dedd87b078241ae96d152250730014,11500000,3,True,Assets\Plugins\Assembly-CSharp-firstpass\UghSprite.cs.meta
Assets\Scenes\Tracks\Tutorial Track.unity,540d7059364354e249f259edfef5d69a,11500000,3,True,Assets\Scripts\Assembly-CSharp\SpeedPoint.cs.meta
Assets\Scenes\Tracks\Tutorial Track.unity,80004b78694f1129edd555f7161356a9,11500000,3,True,Assets\Scripts\Assembly-CSharp\PickupSpawner.cs.meta
Assets\Scenes\Tracks\Tutorial Track.unity,9b4892a27c501fc32d10289e8a2709d7,11500000,3,True,Assets\Scripts\Assembly-CSharp\CoinPoint.cs.meta
Assets\Scenes\Tracks\Tutorial Track.unity,e996a18e58747bf538b26a7d9874aed9,11500000,3,True,Assets\Scripts\Assembly-CSharp\WaypointLogic.cs.meta
Assets\Scenes\Tracks\Tutorial Track.unity,7a1d7e408882e95bdbe76a76d6f51e1c,11500000,3,True,Assets\Plugins\Assembly-CSharp-firstpass\UghButton.cs.meta
Assets\Scenes\Tracks\Tutorial Track.unity,a5927ab13b8fd57ed5089057e948c6a8,11500000,3,True,Assets\Scripts\Assembly-CSharp\ProgressTriggerLogic.cs.meta
Assets\Scenes\Tracks\Tutorial Track.unity,540d7059364354e249f259edfef5d69a,11500000,3,True,Assets\Scripts\Assembly-CSharp\SpeedPoint.cs.meta
Assets\Scenes\Tracks\Tutorial Track.unity,71c30d28ad73b040f6e74d951b378742,11500000,3,True,Assets\Scripts\Assembly-CSharp\ObjectTrackDistanceLogic.cs.meta
Assets\Scenes\Tracks\Tutorial Track.unity,0b15208c8a5ae7ff1660a3585ad68237,11500000,3,True,Assets\Scripts\Assembly-CSharp\TerrainEffectTrigger.cs.meta
Assets\Scenes\Tracks\Tutorial Track.unity,94873483e708f4fa4a57b3033bbbcc5d,11500000,3,True,Assets\Scripts\Assembly-CSharp\AnimatedTexture.cs.meta
Assets\Scenes\Tracks\Tutorial Track.unity,84dedd87b078241ae96d152250730014,11500000,3,True,Assets\Plugins\Assembly-CSharp-firstpass\UghSprite.cs.meta
Assets\Scenes\Tracks\Tutorial Track.unity,e996a18e58747bf538b26a7d9874aed9,11500000,3,True,Assets\Scripts\Assembly-CSharp\WaypointLogic.cs.meta
Assets\Scenes\Tracks\Tutorial Track.unity,8fcdaa4213aa6ec14c06f158bdb5d5ff,11500000,3,True,Assets\Scripts\Assembly-CSharp\LocalizedAssetSwapper.cs.meta
Assets\Scenes\Tracks\Tutorial Track.unity,e996a18e58747bf538b26a7d9874aed9,11500000,3,True,Assets\Scripts\Assembly-CSharp\WaypointLogic.cs.meta
Assets\Scenes\Tracks\Tutorial Track.unity,80004b78694f1129edd555f7161356a9,11500000,3,True,Assets\Scripts\Assembly-CSharp\PickupSpawner.cs.meta
Assets\Scenes\Tracks\Tutorial Track.unity,e996a18e58747bf538b26a7d9874aed9,11500000,3,True,Assets\Scripts\Assembly-CSharp\WaypointLogic.cs.meta
Assets\Scenes\Tracks\Tutorial Track.unity,84dedd87b078241ae96d152250730014,11500000,3,True,Assets\Plugins\Assembly-CSharp-firstpass\UghSprite.cs.meta
Assets\Scenes\Tracks\Tutorial Track.unity,80004b78694f1129edd555f7161356a9,11500000,3,True,Assets\Scripts\Assembly-CSharp\PickupSpawner.cs.meta
Assets\Scenes\Tracks\Tutorial Track.unity,84dedd87b078241ae96d152250730014,11500000,3,True,Assets\Plugins\Assembly-CSharp-firstpass\UghSprite.cs.meta
Assets\Scenes\Tracks\Tutorial Track.unity,acaf138463e14d81a04866c56f233523,11500000,3,True,Assets\Scripts\Assembly-CSharp\DriftButton.cs.meta
Assets\Scenes\Tracks\Tutorial Track.unity,e996a18e58747bf538b26a7d9874aed9,11500000,3,True,Assets\Scripts\Assembly-CSharp\WaypointLogic.cs.meta
Assets\Scenes\Tracks\Tutorial Track.unity,e996a18e58747bf538b26a7d9874aed9,11500000,3,True,Assets\Scripts\Assembly-CSharp\WaypointLogic.cs.meta
Assets\Scenes\Tracks\Tutorial Track.unity,80004b78694f1129edd555f7161356a9,11500000,3,True,Assets\Scripts\Assembly-CSharp\PickupSpawner.cs.meta
Assets\Scenes\Tracks\Tutorial Track.unity,540d7059364354e249f259edfef5d69a,11500000,3,True,Assets\Scripts\Assembly-CSharp\SpeedPoint.cs.meta
Assets\Scenes\Tracks\Tutorial Track.unity,540d7059364354e249f259edfef5d69a,11500000,3,True,Assets\Scripts\Assembly-CSharp\SpeedPoint.cs.meta
Assets\Scenes\Tracks\Tutorial Track.unity,540d7059364354e249f259edfef5d69a,11500000,3,True,Assets\Scripts\Assembly-CSharp\SpeedPoint.cs.meta
Assets\Scenes\Tracks\Tutorial Track.unity,540d7059364354e249f259edfef5d69a,11500000,3,True,Assets\Scripts\Assembly-CSharp\SpeedPoint.cs.meta
Assets\Scenes\Tracks\Tutorial Track.unity,e996a18e58747bf538b26a7d9874aed9,11500000,3,True,Assets\Scripts\Assembly-CSharp\WaypointLogic.cs.meta
Assets\Scenes\Tracks\Tutorial Track.unity,540d7059364354e249f259edfef5d69a,11500000,3,True,Assets\Scripts\Assembly-CSharp\SpeedPoint.cs.meta
Assets\Scenes\Tracks\Tutorial Track.unity,540d7059364354e249f259edfef5d69a,11500000,3,True,Assets\Scripts\Assembly-CSharp\SpeedPoint.cs.meta
Assets\Scenes\Tracks\Tutorial Track.unity,7a1d7e408882e95bdbe76a76d6f51e1c,11500000,3,True,Assets\Plugins\Assembly-CSharp-firstpass\UghButton.cs.meta
Assets\Scenes\Tracks\Tutorial Track.unity,80004b78694f1129edd555f7161356a9,11500000,3,True,Assets\Scripts\Assembly-CSharp\PickupSpawner.cs.meta
Assets\Scenes\Tracks\Tutorial Track.unity,e996a18e58747bf538b26a7d9874aed9,11500000,3,True,Assets\Scripts\Assembly-CSharp\WaypointLogic.cs.meta
Assets\Scenes\Tracks\Tutorial Track.unity,84dedd87b078241ae96d152250730014,11500000,3,True,Assets\Plugins\Assembly-CSharp-firstpass\UghSprite.cs.meta
Assets\Scenes\Tracks\Tutorial Track.unity,80004b78694f1129edd555f7161356a9,11500000,3,True,Assets\Scripts\Assembly-CSharp\PickupSpawner.cs.meta
Assets\Scenes\Tracks\Tutorial Track.unity,540d7059364354e249f259edfef5d69a,11500000,3,True,Assets\Scripts\Assembly-CSharp\SpeedPoint.cs.meta
Assets\Scenes\Tracks\Tutorial Track.unity,84dedd87b078241ae96d152250730014,11500000,3,True,Assets\Plugins\Assembly-CSharp-firstpass\UghSprite.cs.meta
Assets\Scenes\Tracks\Tutorial Track.unity,e996a18e58747bf538b26a7d9874aed9,11500000,3,True,Assets\Scripts\Assembly-CSharp\WaypointLogic.cs.meta
Assets\Scenes\Tracks\Tutorial Track.unity,e996a18e58747bf538b26a7d9874aed9,11500000,3,True,Assets\Scripts\Assembly-CSharp\WaypointLogic.cs.meta
Assets\Scenes\Tracks\Tutorial Track.unity,80004b78694f1129edd555f7161356a9,11500000,3,True,Assets\Scripts\Assembly-CSharp\PickupSpawner.cs.meta
Assets\Scenes\Tracks\Tutorial Track.unity,054475368ac70ce39f51fab67e0d6080,11500000,3,True,Assets\Scripts\Assembly-CSharp\ReverseButton.cs.meta
Assets\Scenes\Tracks\Tutorial Track.unity,e996a18e58747bf538b26a7d9874aed9,11500000,3,True,Assets\Scripts\Assembly-CSharp\WaypointLogic.cs.meta
Assets\Scenes\Tracks\Tutorial Track.unity,bff3ff0615018e2390611cf8599cbaeb,11500000,3,True,Assets\Scripts\Assembly-CSharp\ScreenFader.cs.meta
Assets\Scenes\Tracks\Tutorial Track.unity,84dedd87b078241ae96d152250730014,11500000,3,True,Assets\Plugins\Assembly-CSharp-firstpass\UghSprite.cs.meta
Assets\Scenes\Tracks\Tutorial Track.unity,e996a18e58747bf538b26a7d9874aed9,11500000,3,True,Assets\Scripts\Assembly-CSharp\WaypointLogic.cs.meta
Assets\Scenes\Tracks\Tutorial Track.unity,e996a18e58747bf538b26a7d9874aed9,11500000,3,True,Assets\Scripts\Assembly-CSharp\WaypointLogic.cs.meta
Assets\Scenes\Tracks\Tutorial Track.unity,c67f46bd4e340aa7f64a8e2ae3c03a27,11500000,3,True,Assets\Scripts\Assembly-CSharp\ResetTrigger.cs.meta
Assets\Scenes\Tracks\Tutorial Track.unity,540d7059364354e249f259edfef5d69a,11500000,3,True,Assets\Scripts\Assembly-CSharp\SpeedPoint.cs.meta
Assets\Scenes\Tracks\Tutorial Track.unity,e996a18e58747bf538b26a7d9874aed9,11500000,3,True,Assets\Scripts\Assembly-CSharp\WaypointLogic.cs.meta
Assets\Scenes\Tracks\Tutorial Track.unity,e996a18e58747bf538b26a7d9874aed9,11500000,3,True,Assets\Scripts\Assembly-CSharp\WaypointLogic.cs.meta
Assets\Scenes\Tracks\Tutorial Track.unity,9b4892a27c501fc32d10289e8a2709d7,11500000,3,True,Assets\Scripts\Assembly-CSharp\CoinPoint.cs.meta
Assets\Scenes\Tracks\Tutorial Track.unity,540d7059364354e249f259edfef5d69a,11500000,3,True,Assets\Scripts\Assembly-CSharp\SpeedPoint.cs.meta
Assets\Scenes\Tracks\Tutorial Track.unity,540d7059364354e249f259edfef5d69a,11500000,3,True,Assets\Scripts\Assembly-CSharp\SpeedPoint.cs.meta
Assets\Scenes\Tracks\Tutorial Track.unity,80004b78694f1129edd555f7161356a9,11500000,3,True,Assets\Scripts\Assembly-CSharp\PickupSpawner.cs.meta
Assets\Scenes\Tracks\Tutorial Track.unity,e996a18e58747bf538b26a7d9874aed9,11500000,3,True,Assets\Scripts\Assembly-CSharp\WaypointLogic.cs.meta
Assets\Scenes\Tracks\Tutorial Track.unity,e996a18e58747bf538b26a7d9874aed9,11500000,3,True,Assets\Scripts\Assembly-CSharp\WaypointLogic.cs.meta
Assets\Scenes\Tracks\Tutorial Track.unity,540d7059364354e249f259edfef5d69a,11500000,3,True,Assets\Scripts\Assembly-CSharp\SpeedPoint.cs.meta
Assets\Scenes\Tracks\Tutorial Track.unity,b88ab20c864889e81141f2df8a116b5b,11500000,3,True,Assets\Plugins\Assembly-CSharp-firstpass\UghText.cs.meta
Assets\Scenes\Tracks\Tutorial Track.unity,540d7059364354e249f259edfef5d69a,11500000,3,True,Assets\Scripts\Assembly-CSharp\SpeedPoint.cs.meta
Assets\Scenes\Tracks\Tutorial Track.unity,2d217cf7310cb33e8ef103f1af340700,11500000,3,True,Assets\Scripts\Assembly-CSharp\BlipTrackPublisher.cs.meta
Assets\Scenes\Tracks\Tutorial Track.unity,2a34636551cf3350f5140d5a69e778c8,11500000,3,True,Assets\Scripts\Assembly-CSharp\PyroTechnics.cs.meta
Assets\Scenes\Tracks\Tutorial Track.unity,84dedd87b078241ae96d152250730014,11500000,3,True,Assets\Plugins\Assembly-CSharp-firstpass\UghSprite.cs.meta
Assets\Scenes\Tracks\Tutorial Track.unity,c67f46bd4e340aa7f64a8e2ae3c03a27,11500000,3,True,Assets\Scripts\Assembly-CSharp\ResetTrigger.cs.meta
Assets\Scenes\Tracks\Tutorial Track.unity,246f7afd4c00a9e3e9edfd9f644012c9,11500000,3,True,Assets\Scripts\Assembly-CSharp\DebugTrackStrapper.cs.meta
Assets\Scenes\Tracks\Tutorial Track.unity,e996a18e58747bf538b26a7d9874aed9,11500000,3,True,Assets\Scripts\Assembly-CSharp\WaypointLogic.cs.meta
Assets\Scenes\Tracks\Tutorial Track.unity,e996a18e58747bf538b26a7d9874aed9,11500000,3,True,Assets\Scripts\Assembly-CSharp\WaypointLogic.cs.meta
Assets\Scenes\Tracks\Tutorial Track.unity,e996a18e58747bf538b26a7d9874aed9,11500000,3,True,Assets\Scripts\Assembly-CSharp\WaypointLogic.cs.meta
Assets\Scenes\Tracks\Tutorial Track.unity,540d7059364354e249f259edfef5d69a,11500000,3,True,Assets\Scripts\Assembly-CSharp\SpeedPoint.cs.meta
Assets\Scenes\Tracks\Tutorial Track.unity,80004b78694f1129edd555f7161356a9,11500000,3,True,Assets\Scripts\Assembly-CSharp\PickupSpawner.cs.meta
Assets\Scenes\Tracks\Tutorial Track.unity,540d7059364354e249f259edfef5d69a,11500000,3,True,Assets\Scripts\Assembly-CSharp\SpeedPoint.cs.meta
Assets\Scenes\Tracks\Tutorial Track.unity,540d7059364354e249f259edfef5d69a,11500000,3,True,Assets\Scripts\Assembly-CSharp\SpeedPoint.cs.meta
Assets\Scenes\Tracks\Tutorial Track.unity,9b4892a27c501fc32d10289e8a2709d7,11500000,3,True,Assets\Scripts\Assembly-CSharp\CoinPoint.cs.meta
Assets\Scenes\Tracks\Tutorial Track.unity,540d7059364354e249f259edfef5d69a,11500000,3,True,Assets\Scripts\Assembly-CSharp\SpeedPoint.cs.meta
Assets\Scenes\Tracks\Tutorial Track.unity,0b15208c8a5ae7ff1660a3585ad68237,11500000,3,True,Assets\Scripts\Assembly-CSharp\TerrainEffectTrigger.cs.meta
Assets\Scenes\Tracks\Tutorial Track.unity,71c30d28ad73b040f6e74d951b378742,11500000,3,True,Assets\Scripts\Assembly-CSharp\ObjectTrackDistanceLogic.cs.meta
Assets\Scenes\Tracks\Tutorial Track.unity,94873483e708f4fa4a57b3033bbbcc5d,11500000,3,True,Assets\Scripts\Assembly-CSharp\AnimatedTexture.cs.meta
Assets\Scenes\Tracks\Tutorial Track.unity,e996a18e58747bf538b26a7d9874aed9,11500000,3,True,Assets\Scripts\Assembly-CSharp\WaypointLogic.cs.meta
Assets\Scenes\Tracks\Tutorial Track.unity,540d7059364354e249f259edfef5d69a,11500000,3,True,Assets\Scripts\Assembly-CSharp\SpeedPoint.cs.meta
Assets\Scenes\Tracks\Tutorial Track.unity,71c30d28ad73b040f6e74d951b378742,11500000,3,True,Assets\Scripts\Assembly-CSharp\ObjectTrackDistanceLogic.cs.meta
Assets\Scenes\Tracks\Tutorial Track.unity,0b15208c8a5ae7ff1660a3585ad68237,11500000,3,True,Assets\Scripts\Assembly-CSharp\TerrainEffectTrigger.cs.meta
Assets\Scenes\Tracks\Tutorial Track.unity,94873483e708f4fa4a57b3033bbbcc5d,11500000,3,True,Assets\Scripts\Assembly-CSharp\AnimatedTexture.cs.meta
Assets\Scenes\Tracks\Tutorial Track.unity,e996a18e58747bf538b26a7d9874aed9,11500000,3,True,Assets\Scripts\Assembly-CSharp\WaypointLogic.cs.meta
Assets\Scenes\Tracks\Tutorial Track.unity,0b15208c8a5ae7ff1660a3585ad68237,11500000,3,True,Assets\Scripts\Assembly-CSharp\TerrainEffectTrigger.cs.meta
Assets\Scenes\Tracks\Tutorial Track.unity,71c30d28ad73b040f6e74d951b378742,11500000,3,True,Assets\Scripts\Assembly-CSharp\ObjectTrackDistanceLogic.cs.meta
Assets\Scenes\Tracks\Tutorial Track.unity,94873483e708f4fa4a57b3033bbbcc5d,11500000,3,True,Assets\Scripts\Assembly-CSharp\AnimatedTexture.cs.meta
Assets\Scenes\Tracks\Tutorial Track.unity,e996a18e58747bf538b26a7d9874aed9,11500000,3,True,Assets\Scripts\Assembly-CSharp\WaypointLogic.cs.meta
Assets\Scenes\Tracks\Tutorial Track.unity,222969e5f509aca8e5d482c6c17f2a47,11500000,3,True,Assets\Scripts\Assembly-CSharp\HUDLogic.cs.meta
Assets\Scenes\Tracks\Tutorial Track.unity,540d7059364354e249f259edfef5d69a,11500000,3,True,Assets\Scripts\Assembly-CSharp\SpeedPoint.cs.meta
Assets\Scenes\Tracks\Tutorial Track.unity,80004b78694f1129edd555f7161356a9,11500000,3,True,Assets\Scripts\Assembly-CSharp\PickupSpawner.cs.meta
Assets\Scenes\Tracks\Tutorial Track.unity,80004b78694f1129edd555f7161356a9,11500000,3,True,Assets\Scripts\Assembly-CSharp\PickupSpawner.cs.meta
Assets\Scenes\Tracks\Tutorial Track.unity,9b4892a27c501fc32d10289e8a2709d7,11500000,3,True,Assets\Scripts\Assembly-CSharp\CoinPoint.cs.meta
Assets\Scenes\Tracks\Tutorial Track.unity,e996a18e58747bf538b26a7d9874aed9,11500000,3,True,Assets\Scripts\Assembly-CSharp\WaypointLogic.cs.meta
Assets\Scenes\Tracks\Tutorial Track.unity,540d7059364354e249f259edfef5d69a,11500000,3,True,Assets\Scripts\Assembly-CSharp\SpeedPoint.cs.meta
Assets\Scenes\Tracks\Tutorial Track.unity,e996a18e58747bf538b26a7d9874aed9,11500000,3,True,Assets\Scripts\Assembly-CSharp\WaypointLogic.cs.meta
Assets\Scenes\Tracks\Tutorial Track.unity,9b4892a27c501fc32d10289e8a2709d7,11500000,3,True,Assets\Scripts\Assembly-CSharp\CoinPoint.cs.meta
Assets\Scenes\Tracks\Tutorial Track.unity,540d7059364354e249f259edfef5d69a,11500000,3,True,Assets\Scripts\Assembly-CSharp\SpeedPoint.cs.meta
Assets\Scenes\Tracks\Tutorial Track.unity,e996a18e58747bf538b26a7d9874aed9,11500000,3,True,Assets\Scripts\Assembly-CSharp\WaypointLogic.cs.meta
Assets\Scenes\Tracks\Tutorial Track.unity,540d7059364354e249f259edfef5d69a,11500000,3,True,Assets\Scripts\Assembly-CSharp\SpeedPoint.cs.meta
Assets\Scenes\Tracks\Tutorial Track.unity,e996a18e58747bf538b26a7d9874aed9,11500000,3,True,Assets\Scripts\Assembly-CSharp\WaypointLogic.cs.meta
Assets\Scenes\Tracks\Tutorial Track.unity,e996a18e58747bf538b26a7d9874aed9,11500000,3,True,Assets\Scripts\Assembly-CSharp\WaypointLogic.cs.meta
Assets\Scenes\Tracks\Tutorial Track.unity,a5927ab13b8fd57ed5089057e948c6a8,11500000,3,True,Assets\Scripts\Assembly-CSharp\ProgressTriggerLogic.cs.meta
Assets\Scenes\Tracks\Tutorial Track.unity,540d7059364354e249f259edfef5d69a,11500000,3,True,Assets\Scripts\Assembly-CSharp\SpeedPoint.cs.meta
Assets\Scenes\Tracks\Tutorial Track.unity,80004b78694f1129edd555f7161356a9,11500000,3,True,Assets\Scripts\Assembly-CSharp\PickupSpawner.cs.meta
Assets\Scenes\Tracks\Tutorial Track.unity,540d7059364354e249f259edfef5d69a,11500000,3,True,Assets\Scripts\Assembly-CSharp\SpeedPoint.cs.meta
Assets\Scenes\Tracks\Tutorial Track.unity,0b15208c8a5ae7ff1660a3585ad68237,11500000,3,True,Assets\Scripts\Assembly-CSharp\TerrainEffectTrigger.cs.meta
Assets\Scenes\Tracks\Tutorial Track.unity,71c30d28ad73b040f6e74d951b378742,11500000,3,True,Assets\Scripts\Assembly-CSharp\ObjectTrackDistanceLogic.cs.meta
Assets\Scenes\Tracks\Tutorial Track.unity,94873483e708f4fa4a57b3033bbbcc5d,11500000,3,True,Assets\Scripts\Assembly-CSharp\AnimatedTexture.cs.meta
Assets\Scenes\Tracks\Tutorial Track.unity,e996a18e58747bf538b26a7d9874aed9,11500000,3,True,Assets\Scripts\Assembly-CSharp\WaypointLogic.cs.meta
Assets\Scenes\Tracks\Tutorial Track.unity,e996a18e58747bf538b26a7d9874aed9,11500000,3,True,Assets\Scripts\Assembly-CSharp\WaypointLogic.cs.meta
Assets\Scenes\Tracks\Tutorial Track.unity,e996a18e58747bf538b26a7d9874aed9,11500000,3,True,Assets\Scripts\Assembly-CSharp\WaypointLogic.cs.meta
Assets\Scenes\Tracks\Tutorial Track.unity,e996a18e58747bf538b26a7d9874aed9,11500000,3,True,Assets\Scripts\Assembly-CSharp\WaypointLogic.cs.meta
Assets\Scenes\Tracks\Tutorial Track.unity,e996a18e58747bf538b26a7d9874aed9,11500000,3,True,Assets\Scripts\Assembly-CSharp\WaypointLogic.cs.meta
Assets\Scenes\Tracks\Tutorial Track.unity,80004b78694f1129edd555f7161356a9,11500000,3,True,Assets\Scripts\Assembly-CSharp\PickupSpawner.cs.meta
Assets\Scenes\Tracks\Tutorial Track.unity,540d7059364354e249f259edfef5d69a,11500000,3,True,Assets\Scripts\Assembly-CSharp\SpeedPoint.cs.meta
Assets\Scenes\Tracks\Tutorial Track.unity,e33080df6ca488dc2ddb7522478f5e36,11500000,3,True,Assets\Scripts\Assembly-CSharp\SoundLibraryAddendum.cs.meta
Assets\Scenes\Tracks\Tutorial Track.unity,540d7059364354e249f259edfef5d69a,11500000,3,True,Assets\Scripts\Assembly-CSharp\SpeedPoint.cs.meta
Assets\Scenes\Tracks\Tutorial Track.unity,e996a18e58747bf538b26a7d9874aed9,11500000,3,True,Assets\Scripts\Assembly-CSharp\WaypointLogic.cs.meta
Assets\Scenes\Tracks\Tutorial Track.unity,540d7059364354e249f259edfef5d69a,11500000,3,True,Assets\Scripts\Assembly-CSharp\SpeedPoint.cs.meta
Assets\Scenes\Tracks\Tutorial Track.unity,a5927ab13b8fd57ed5089057e948c6a8,11500000,3,True,Assets\Scripts\Assembly-CSharp\ProgressTriggerLogic.cs.meta
Assets\Scenes\Tracks\Tutorial Track.unity,e996a18e58747bf538b26a7d9874aed9,11500000,3,True,Assets\Scripts\Assembly-CSharp\WaypointLogic.cs.meta
Assets\Scenes\Tracks\Tutorial Track.unity,540d7059364354e249f259edfef5d69a,11500000,3,True,Assets\Scripts\Assembly-CSharp\SpeedPoint.cs.meta
Assets\Scenes\Tracks\Tutorial Track.unity,540d7059364354e249f259edfef5d69a,11500000,3,True,Assets\Scripts\Assembly-CSharp\SpeedPoint.cs.meta
Assets\Scenes\Tracks\Tutorial Track.unity,e996a18e58747bf538b26a7d9874aed9,11500000,3,True,Assets\Scripts\Assembly-CSharp\WaypointLogic.cs.meta
Assets\Scenes\Tracks\Tutorial Track.unity,d023be04c46e426c31d87f45651d35dd,11500000,3,True,Assets\Plugins\Assembly-CSharp-firstpass\UghInput.cs.meta
Assets\Scenes\Tracks\Tutorial Track.unity,540d7059364354e249f259edfef5d69a,11500000,3,True,Assets\Scripts\Assembly-CSharp\SpeedPoint.cs.meta
Assets\Scenes\Tracks\Tutorial Track.unity,84dedd87b078241ae96d152250730014,11500000,3,True,Assets\Plugins\Assembly-CSharp-firstpass\UghSprite.cs.meta
Assets\Scenes\Tracks\Tutorial Track.unity,540d7059364354e249f259edfef5d69a,11500000,3,True,Assets\Scripts\Assembly-CSharp\SpeedPoint.cs.meta
Assets\Scenes\Tracks\Tutorial Track.unity,e996a18e58747bf538b26a7d9874aed9,11500000,3,True,Assets\Scripts\Assembly-CSharp\WaypointLogic.cs.meta
Assets\Scenes\Tracks\Tutorial Track.unity,e996a18e58747bf538b26a7d9874aed9,11500000,3,True,Assets\Scripts\Assembly-CSharp\WaypointLogic.cs.meta
Assets\Scenes\Tracks\Tutorial Track.unity,84dedd87b078241ae96d152250730014,11500000,3,True,Assets\Plugins\Assembly-CSharp-firstpass\UghSprite.cs.meta
Assets\Scenes\Tracks\Tutorial Track.unity,e996a18e58747bf538b26a7d9874aed9,11500000,3,True,Assets\Scripts\Assembly-CSharp\WaypointLogic.cs.meta
Assets\Scenes\Tracks\Tutorial Track.unity,540d7059364354e249f259edfef5d69a,11500000,3,True,Assets\Scripts\Assembly-CSharp\SpeedPoint.cs.meta
Assets\Scenes\Tracks\Tutorial Track.unity,540d7059364354e249f259edfef5d69a,11500000,3,True,Assets\Scripts\Assembly-CSharp\SpeedPoint.cs.meta
Assets\Scenes\Tracks\Tutorial Track.unity,e171dc7613dc84903f6b62f321860d38,11500000,3,True,Assets\Plugins\Assembly-CSharp-firstpass\UghAlign.cs.meta
Assets\Scenes\Tracks\Tutorial Track.unity,e171dc7613dc84903f6b62f321860d38,11500000,3,True,Assets\Plugins\Assembly-CSharp-firstpass\UghAlign.cs.meta
Assets\Scenes\Tracks\Tutorial Track.unity,e996a18e58747bf538b26a7d9874aed9,11500000,3,True,Assets\Scripts\Assembly-CSharp\WaypointLogic.cs.meta
Assets\Scenes\Tracks\Tutorial Track.unity,540d7059364354e249f259edfef5d69a,11500000,3,True,Assets\Scripts\Assembly-CSharp\SpeedPoint.cs.meta
Assets\Scenes\Tracks\Tutorial Track.unity,540d7059364354e249f259edfef5d69a,11500000,3,True,Assets\Scripts\Assembly-CSharp\SpeedPoint.cs.meta
Assets\Scenes\Tracks\Tutorial Track.unity,e996a18e58747bf538b26a7d9874aed9,11500000,3,True,Assets\Scripts\Assembly-CSharp\WaypointLogic.cs.meta
Assets\Scenes\Tracks\Tutorial Track.unity,540d7059364354e249f259edfef5d69a,11500000,3,True,Assets\Scripts\Assembly-CSharp\SpeedPoint.cs.meta
Assets\Scenes\Tracks\Tutorial Track.unity,540d7059364354e249f259edfef5d69a,11500000,3,True,Assets\Scripts\Assembly-CSharp\SpeedPoint.cs.meta
Assets\Scenes\Tracks\Tutorial Track.unity,e996a18e58747bf538b26a7d9874aed9,11500000,3,True,Assets\Scripts\Assembly-CSharp\WaypointLogic.cs.meta
Assets\Scenes\Tracks\Tutorial Track.unity,e996a18e58747bf538b26a7d9874aed9,11500000,3,True,Assets\Scripts\Assembly-CSharp\WaypointLogic.cs.meta
Assets\Scenes\Tracks\Tutorial Track.unity,540d7059364354e249f259edfef5d69a,11500000,3,True,Assets\Scripts\Assembly-CSharp\SpeedPoint.cs.meta
Assets\Scenes\Tracks\Tutorial Track.unity,2a34636551cf3350f5140d5a69e778c8,11500000,3,True,Assets\Scripts\Assembly-CSharp\PyroTechnics.cs.meta
Assets\Scenes\Tracks\Tutorial Track.unity,84dedd87b078241ae96d152250730014,11500000,3,True,Assets\Plugins\Assembly-CSharp-firstpass\UghSprite.cs.meta
Assets\Scenes\Tracks\Tutorial Track.unity,9b4892a27c501fc32d10289e8a2709d7,11500000,3,True,Assets\Scripts\Assembly-CSharp\CoinPoint.cs.meta
Assets\Scenes\Tracks\Tutorial Track.unity,e996a18e58747bf538b26a7d9874aed9,11500000,3,True,Assets\Scripts\Assembly-CSharp\WaypointLogic.cs.meta
Assets\Scenes\Tracks\Tutorial Track.unity,540d7059364354e249f259edfef5d69a,11500000,3,True,Assets\Scripts\Assembly-CSharp\SpeedPoint.cs.meta
Assets\Scenes\Tracks\Tutorial Track.unity,a5927ab13b8fd57ed5089057e948c6a8,11500000,3,True,Assets\Scripts\Assembly-CSharp\ProgressTriggerLogic.cs.meta
Assets\Scenes\Tracks\Tutorial Track.unity,e996a18e58747bf538b26a7d9874aed9,11500000,3,True,Assets\Scripts\Assembly-CSharp\WaypointLogic.cs.meta
Assets\Scenes\Tracks\Tutorial Track.unity,71c30d28ad73b040f6e74d951b378742,11500000,3,True,Assets\Scripts\Assembly-CSharp\ObjectTrackDistanceLogic.cs.meta
Assets\Scenes\Tracks\Tutorial Track.unity,54cbe82f1ecc3566dd11401a18f75c23,11500000,3,True,Assets\Scripts\Assembly-CSharp\GuidedJumpTrigger.cs.meta
Assets\Scenes\Tracks\Tutorial Track.unity,e996a18e58747bf538b26a7d9874aed9,11500000,3,True,Assets\Scripts\Assembly-CSharp\WaypointLogic.cs.meta
Assets\Scenes\Tracks\Tutorial Track.unity,0b15208c8a5ae7ff1660a3585ad68237,11500000,3,True,Assets\Scripts\Assembly-CSharp\TerrainEffectTrigger.cs.meta
Assets\Scenes\Tracks\Tutorial Track.unity,71c30d28ad73b040f6e74d951b378742,11500000,3,True,Assets\Scripts\Assembly-CSharp\ObjectTrackDistanceLogic.cs.meta
Assets\Scenes\Tracks\Tutorial Track.unity,94873483e708f4fa4a57b3033bbbcc5d,11500000,3,True,Assets\Scripts\Assembly-CSharp\AnimatedTexture.cs.meta
Assets\Scenes\Tracks\Tutorial Track.unity,e996a18e58747bf538b26a7d9874aed9,11500000,3,True,Assets\Scripts\Assembly-CSharp\WaypointLogic.cs.meta
Assets\Scenes\Tracks\Tutorial Track.unity,b88ab20c864889e81141f2df8a116b5b,11500000,3,True,Assets\Plugins\Assembly-CSharp-firstpass\UghText.cs.meta
Assets\Scenes\Tracks\Tutorial Track.unity,e171dc7613dc84903f6b62f321860d38,11500000,3,True,Assets\Plugins\Assembly-CSharp-firstpass\UghAlign.cs.meta
Assets\Scenes\Tracks\Tutorial Track.unity,80004b78694f1129edd555f7161356a9,11500000,3,True,Assets\Scripts\Assembly-CSharp\PickupSpawner.cs.meta
Assets\Scenes\Tracks\Tutorial Track.unity,e996a18e58747bf538b26a7d9874aed9,11500000,3,True,Assets\Scripts\Assembly-CSharp\WaypointLogic.cs.meta
Assets\Scenes\Tracks\Tutorial Track.unity,e996a18e58747bf538b26a7d9874aed9,11500000,3,True,Assets\Scripts\Assembly-CSharp\WaypointLogic.cs.meta
Assets\Scenes\Tracks\Tutorial Track.unity,80004b78694f1129edd555f7161356a9,11500000,3,True,Assets\Scripts\Assembly-CSharp\PickupSpawner.cs.meta
Assets\Scenes\Tracks\Tutorial Track.unity,540d7059364354e249f259edfef5d69a,11500000,3,True,Assets\Scripts\Assembly-CSharp\SpeedPoint.cs.meta
Assets\Scenes\Tracks\Tutorial Track.unity,84dedd87b078241ae96d152250730014,11500000,3,True,Assets\Plugins\Assembly-CSharp-firstpass\UghSprite.cs.meta
Assets\Scenes\Tracks\Tutorial Track.unity,540d7059364354e249f259edfef5d69a,11500000,3,True,Assets\Scripts\Assembly-CSharp\SpeedPoint.cs.meta
Assets\Scenes\Tracks\Tutorial Track.unity,0b15208c8a5ae7ff1660a3585ad68237,11500000,3,True,Assets\Scripts\Assembly-CSharp\TerrainEffectTrigger.cs.meta
Assets\Scenes\Tracks\Tutorial Track.unity,e996a18e58747bf538b26a7d9874aed9,11500000,3,True,Assets\Scripts\Assembly-CSharp\WaypointLogic.cs.meta
Assets\Scenes\Tracks\Tutorial Track.unity,e996a18e58747bf538b26a7d9874aed9,11500000,3,True,Assets\Scripts\Assembly-CSharp\WaypointLogic.cs.meta
Assets\Scenes\Tracks\Tutorial Track.unity,540d7059364354e249f259edfef5d69a,11500000,3,True,Assets\Scripts\Assembly-CSharp\SpeedPoint.cs.meta
Assets\Scenes\Tracks\Tutorial Track.unity,e996a18e58747bf538b26a7d9874aed9,11500000,3,True,Assets\Scripts\Assembly-CSharp\WaypointLogic.cs.meta
Assets\Scenes\Tracks\Tutorial Track.unity,540d7059364354e249f259edfef5d69a,11500000,3,True,Assets\Scripts\Assembly-CSharp\SpeedPoint.cs.meta
Assets\Scenes\Tracks\Tutorial Track.unity,80004b78694f1129edd555f7161356a9,11500000,3,True,Assets\Scripts\Assembly-CSharp\PickupSpawner.cs.meta
Assets\Scenes\Tracks\Tutorial Track.unity,e996a18e58747bf538b26a7d9874aed9,11500000,3,True,Assets\Scripts\Assembly-CSharp\WaypointLogic.cs.meta
Assets\Scenes\Tracks\Tutorial Track.unity,94873483e708f4fa4a57b3033bbbcc5d,11500000,3,True,Assets\Scripts\Assembly-CSharp\AnimatedTexture.cs.meta
Assets\Scenes\Tracks\Tutorial Track.unity,71c30d28ad73b040f6e74d951b378742,11500000,3,True,Assets\Scripts\Assembly-CSharp\ObjectTrackDistanceLogic.cs.meta
Assets\Scenes\Tracks\Tutorial Track.unity,0b15208c8a5ae7ff1660a3585ad68237,11500000,3,True,Assets\Scripts\Assembly-CSharp\TerrainEffectTrigger.cs.meta
Assets\Scenes\Tracks\Tutorial Track.unity,540d7059364354e249f259edfef5d69a,11500000,3,True,Assets\Scripts\Assembly-CSharp\SpeedPoint.cs.meta
Assets\Scenes\Tracks\Tutorial Track.unity,b88ab20c864889e81141f2df8a116b5b,11500000,3,True,Assets\Plugins\Assembly-CSharp-firstpass\UghText.cs.meta
Assets\Scenes\Tracks\Tutorial Track.unity,e996a18e58747bf538b26a7d9874aed9,11500000,3,True,Assets\Scripts\Assembly-CSharp\WaypointLogic.cs.meta
Assets\Scenes\Tracks\Tutorial Track.unity,a0737a721fe39abadd36e3afa32dd1f7,11500000,3,True,Assets\Scripts\Assembly-CSharp\CarAIPathManager.cs.meta
Assets\Scenes\Tracks\Tutorial Track.unity,0b15208c8a5ae7ff1660a3585ad68237,11500000,3,True,Assets\Scripts\Assembly-CSharp\TerrainEffectTrigger.cs.meta
Assets\Scenes\Tracks\Tutorial Track.unity,80004b78694f1129edd555f7161356a9,11500000,3,True,Assets\Scripts\Assembly-CSharp\PickupSpawner.cs.meta
Assets\Scenes\Tracks\Tutorial Track.unity,8fcdaa4213aa6ec14c06f158bdb5d5ff,11500000,3,True,Assets\Scripts\Assembly-CSharp\LocalizedAssetSwapper.cs.meta
Assets\Scenes\Tracks\Tutorial Track.unity,84dedd87b078241ae96d152250730014,11500000,3,True,Assets\Plugins\Assembly-CSharp-firstpass\UghSprite.cs.meta
Assets\Scenes\Tracks\Tutorial Track.unity,93a00b2df47c568d51d2e788e763d67e,11500000,3,True,Assets\Plugins\Assembly-CSharp-firstpass\UghCamera.cs.meta
Assets\Scenes\Tracks\Tutorial Track.unity,540d7059364354e249f259edfef5d69a,11500000,3,True,Assets\Scripts\Assembly-CSharp\SpeedPoint.cs.meta
Assets\Scenes\Tracks\Tutorial Track.unity,540d7059364354e249f259edfef5d69a,11500000,3,True,Assets\Scripts\Assembly-CSharp\SpeedPoint.cs.meta
Assets\Scenes\Tracks\Tutorial Track.unity,e996a18e58747bf538b26a7d9874aed9,11500000,3,True,Assets\Scripts\Assembly-CSharp\WaypointLogic.cs.meta
Assets\Scenes\Tracks\Tutorial Track.unity,e996a18e58747bf538b26a7d9874aed9,11500000,3,True,Assets\Scripts\Assembly-CSharp\WaypointLogic.cs.meta
Assets\Scenes\Tracks\Tutorial Track.unity,e996a18e58747bf538b26a7d9874aed9,11500000,3,True,Assets\Scripts\Assembly-CSharp\WaypointLogic.cs.meta
Assets\Scenes\Tracks\Tutorial Track.unity,b88ab20c864889e81141f2df8a116b5b,11500000,3,True,Assets\Plugins\Assembly-CSharp-firstpass\UghText.cs.meta
Assets\Scenes\Tracks\Tutorial Track.unity,80004b78694f1129edd555f7161356a9,11500000,3,True,Assets\Scripts\Assembly-CSharp\PickupSpawner.cs.meta
Assets\Scenes\Tracks\Tutorial Track.unity,b88ab20c864889e81141f2df8a116b5b,11500000,3,True,Assets\Plugins\Assembly-CSharp-firstpass\UghText.cs.meta
Assets\Scenes\Tracks\Tutorial Track.unity,e996a18e58747bf538b26a7d9874aed9,11500000,3,True,Assets\Scripts\Assembly-CSharp\WaypointLogic.cs.meta
Assets\Scenes\Tracks\Tutorial Track.unity,84dedd87b078241ae96d152250730014,11500000,3,True,Assets\Plugins\Assembly-CSharp-firstpass\UghSprite.cs.meta
Assets\Scenes\Tracks\Tutorial Track.unity,540d7059364354e249f259edfef5d69a,11500000,3,True,Assets\Scripts\Assembly-CSharp\SpeedPoint.cs.meta
Assets\Scenes\Tracks\Tutorial Track.unity,540d7059364354e249f259edfef5d69a,11500000,3,True,Assets\Scripts\Assembly-CSharp\SpeedPoint.cs.meta
Assets\Scenes\Tracks\Tutorial Track.unity,e996a18e58747bf538b26a7d9874aed9,11500000,3,True,Assets\Scripts\Assembly-CSharp\WaypointLogic.cs.meta
Assets\Scenes\Tracks\Tutorial Track.unity,e996a18e58747bf538b26a7d9874aed9,11500000,3,True,Assets\Scripts\Assembly-CSharp\WaypointLogic.cs.meta
Assets\Scenes\Tracks\Tutorial Track.unity,e996a18e58747bf538b26a7d9874aed9,11500000,3,True,Assets\Scripts\Assembly-CSharp\WaypointLogic.cs.meta
Assets\Scenes\Tracks\Tutorial Track.unity,e996a18e58747bf538b26a7d9874aed9,11500000,3,True,Assets\Scripts\Assembly-CSharp\WaypointLogic.cs.meta
Assets\Scenes\Tracks\Tutorial Track.unity,e996a18e58747bf538b26a7d9874aed9,11500000,3,True,Assets\Scripts\Assembly-CSharp\WaypointLogic.cs.meta
Assets\Scenes\Tracks\Tutorial Track.unity,2a34636551cf3350f5140d5a69e778c8,11500000,3,True,Assets\Scripts\Assembly-CSharp\PyroTechnics.cs.meta
Assets\Scenes\Tracks\Tutorial Track.unity,e996a18e58747bf538b26a7d9874aed9,11500000,3,True,Assets\Scripts\Assembly-CSharp\WaypointLogic.cs.meta
Assets\Scenes\Tracks\Tutorial Track.unity,84dedd87b078241ae96d152250730014,11500000,3,True,Assets\Plugins\Assembly-CSharp-firstpass\UghSprite.cs.meta
Assets\Scenes\Tracks\Tutorial Track.unity,e996a18e58747bf538b26a7d9874aed9,11500000,3,True,Assets\Scripts\Assembly-CSharp\WaypointLogic.cs.meta
Assets\Scenes\Tracks\Tutorial Track.unity,540d7059364354e249f259edfef5d69a,11500000,3,True,Assets\Scripts\Assembly-CSharp\SpeedPoint.cs.meta
Assets\Scenes\Tracks\Tutorial Track.unity,e996a18e58747bf538b26a7d9874aed9,11500000,3,True,Assets\Scripts\Assembly-CSharp\WaypointLogic.cs.meta
Assets\Scenes\Tracks\Tutorial Track.unity,94873483e708f4fa4a57b3033bbbcc5d,11500000,3,True,Assets\Scripts\Assembly-CSharp\AnimatedTexture.cs.meta
Assets\Scenes\Tracks\Tutorial Track.unity,71c30d28ad73b040f6e74d951b378742,11500000,3,True,Assets\Scripts\Assembly-CSharp\ObjectTrackDistanceLogic.cs.meta
Assets\Scenes\Tracks\Tutorial Track.unity,0b15208c8a5ae7ff1660a3585ad68237,11500000,3,True,Assets\Scripts\Assembly-CSharp\TerrainEffectTrigger.cs.meta
Assets\Scenes\Tracks\Tutorial Track.unity,e996a18e58747bf538b26a7d9874aed9,11500000,3,True,Assets\Scripts\Assembly-CSharp\WaypointLogic.cs.meta
Assets\Scenes\Tracks\Tutorial Track.unity,48302b94d9e9b333d75a5f574a6bcedf,11500000,3,True,Assets\Scripts\Assembly-CSharp\PreRaceCamera.cs.meta
Assets\Scenes\Tracks\Tutorial Track.unity,e996a18e58747bf538b26a7d9874aed9,11500000,3,True,Assets\Scripts\Assembly-CSharp\WaypointLogic.cs.meta
Assets\Scenes\Tracks\Tutorial Track.unity,540d7059364354e249f259edfef5d69a,11500000,3,True,Assets\Scripts\Assembly-CSharp\SpeedPoint.cs.meta
Assets\Scenes\Tracks\Tutorial Track.unity,e996a18e58747bf538b26a7d9874aed9,11500000,3,True,Assets\Scripts\Assembly-CSharp\WaypointLogic.cs.meta
Assets\Scenes\Tracks\Tutorial Track.unity,e996a18e58747bf538b26a7d9874aed9,11500000,3,True,Assets\Scripts\Assembly-CSharp\WaypointLogic.cs.meta
Assets\Scenes\Tracks\Tutorial Track.unity,540d7059364354e249f259edfef5d69a,11500000,3,True,Assets\Scripts\Assembly-CSharp\SpeedPoint.cs.meta
Assets\Scenes\Tracks\Tutorial Track.unity,e996a18e58747bf538b26a7d9874aed9,11500000,3,True,Assets\Scripts\Assembly-CSharp\WaypointLogic.cs.meta
Assets\Scenes\Tracks\Tutorial Track.unity,e33080df6ca488dc2ddb7522478f5e36,11500000,3,True,Assets\Scripts\Assembly-CSharp\SoundLibraryAddendum.cs.meta
Assets\Scenes\Tracks\Tutorial Track.unity,540d7059364354e249f259edfef5d69a,11500000,3,True,Assets\Scripts\Assembly-CSharp\SpeedPoint.cs.meta
Assets\Scenes\Tracks\Tutorial Track.unity,540d7059364354e249f259edfef5d69a,11500000,3,True,Assets\Scripts\Assembly-CSharp\SpeedPoint.cs.meta
Assets\Scenes\Tracks\Tutorial Track.unity,84dedd87b078241ae96d152250730014,11500000,3,True,Assets\Plugins\Assembly-CSharp-firstpass\UghSprite.cs.meta
