[Licensing::Module] Trying to connect to existing licensing client channel...
Built from '6000.5/staging' branch; Version is '6000.5.3f1 (c2eb47b3a2a9) revision 12774215'; Using compiler version '194234433'; Build Type 'Release'
OS: 'Windows 11  (10.0.26200) CoreSingleLanguage' Language: 'es' Physical Memory: 15814 MB
[Licensing::IpcConnector] Successfully connected to: "LicenseClient-STEEP" at "2026-07-15T01:29:36.6915111Z"
BatchMode: 1, IsHumanControllingUs: 0, StartBugReporterOnCrash: 0, Is64bit: 1
System  architecture: x64
Process architecture: x64
Date: 2026-07-15T01:29:36Z

COMMAND LINE ARGUMENTS:
C:\Program Files\Unity\Hub\Editor\6000.5.3f1\Editor\Unity.exe
-batchmode
-quit
-accept-apiupdate
-projectPath
C:\Users\STEEP\Documents\game\phase4_reconstruction\Unity6Project
-logFile
C:\Users\STEEP\Documents\game\phase4_reconstruction\reports\unity6_import.log
Successfully changed project path to: C:\Users\STEEP\Documents\game\phase4_reconstruction\Unity6Project
C:/Users/STEEP/Documents/game/phase4_reconstruction/Unity6Project
[UnityMemory] Configuration Parameters - Can be set up in boot.config
    "memorysetup-temp-allocator-size-gi-baking-worker=262144"
    "memorysetup-temp-allocator-size-gi-baking-worker=262144"
    "memorysetup-temp-allocator-size-gi-baking-worker=262144"
    "memorysetup-temp-allocator-size-gi-baking-worker=262144"
    "memorysetup-temp-allocator-size-gi-baking-worker=262144"
    "memorysetup-temp-allocator-size-nav-mesh-worker=65536"
    "memorysetup-temp-allocator-size-audio-worker=65536"
    "memorysetup-temp-allocator-size-cloud-worker=32768"
    "memorysetup-temp-allocator-size-gfx=262144"
    "memorysetup-temp-allocator-size-preload-manager=33554432"
    "memorysetup-allocator-temp-initial-block-size-main=262144"
    "memorysetup-allocator-temp-initial-block-size-worker=262144"
    "memorysetup-temp-allocator-size-job-worker=262144"
    "memorysetup-temp-allocator-size-background-worker=32768"
    "memorysetup-bucket-allocator-granularity=16"
    "memorysetup-bucket-allocator-bucket-count=8"
    "memorysetup-bucket-allocator-block-size=33554432"
    "memorysetup-bucket-allocator-block-count=8"
    "memorysetup-main-allocator-block-size=16777216"
    "memorysetup-thread-allocator-block-size=16777216"
    "memorysetup-main-allocator-mimalloc-enabled=0"
    "memorysetup-gfx-main-allocator-block-size=16777216"
    "memorysetup-gfx-thread-allocator-block-size=16777216"
    "memorysetup-cache-allocator-block-size=4194304"
    "memorysetup-typetree-allocator-block-size=2097152"
    "memorysetup-profiler-bucket-allocator-granularity=16"
    "memorysetup-profiler-bucket-allocator-bucket-count=8"
    "memorysetup-profiler-bucket-allocator-block-size=33554432"
    "memorysetup-profiler-bucket-allocator-block-count=8"
    "memorysetup-profiler-allocator-block-size=16777216"
    "memorysetup-profiler-editor-allocator-block-size=1048576"
    "memorysetup-temp-allocator-size-main=16777216"
    "memorysetup-job-temp-allocator-block-size=2097152"
    "memorysetup-job-temp-allocator-block-size-background=1048576"
    "memorysetup-job-temp-allocator-reduction-small-platforms=262144"
Logging is directed to a specific file, skipping project log.Player connection [11428]  Target information:

Player connection [11428]  * "[IP] 172.29.176.1 [Port] 55504 [Flags] 2 [Guid] 2503673347 [EditorId] 2503673347 [Version] 1048832 [Id] WindowsEditor(7,LAPTOP-TQVLD7MF) [Debug] 1 [PackageName] WindowsEditor [ProjectName] Editor" 

Player connection [11428]  * "[IP] 192.168.1.5 [Port] 55504 [Flags] 2 [Guid] 2503673347 [EditorId] 2503673347 [Version] 1048832 [Id] WindowsEditor(7,LAPTOP-TQVLD7MF) [Debug] 1 [PackageName] WindowsEditor [ProjectName] Editor" 

Player connection [11428] Host joined multi-casting on [225.0.0.222:54997]...
Player connection [11428] Host joined alternative multi-casting on [225.0.0.222:34997]...
Input System module state changed to: Initialized.
[Physics::Module] Initialized fallback backend.
[Physics::Module] Id: 0xdecafbad
[Package Manager] Connected to IPC stream "Upm-20668" after 0.3 seconds.
[Licensing::Module] Licensing is not yet initialized.
[Licensing::Client] Error: HandshakeResponse reported an error:
	ResponseCode: 505
	ResponseStatus: Unsupported protocol version '1.18.1'.
[Licensing::Module] Error: Failed to handshake to channel: "LicenseClient-STEEP"
[Licensing::IpcConnector] LicenseClient-STEEP channel disconnected successfully.
[Licensing::IpcConnector] Channel LicenseClient-STEEP-6000.5.3 doesn't exist
[Licensing::Module] Successfully launched the LicensingClient (PId: 14780)
[Licensing::IpcConnector] Successfully connected to: "LicenseClient-STEEP-6000.5.3" at "2026-07-15T01:29:47.4704995Z"
[Licensing::Client] Code 10 while verifying Licensing Client signature (process Id: 14780, path: "C:/Program Files/Unity/Hub/Editor/6000.5.3f1/Editor/Data/Resources/Licensing/Client/Unity.Licensing.Client.exe")
[Licensing::Module] LicensingClient has failed validation; ignoring
[Licensing::Client] Handshaking with LicensingClient:
  Version:                 1.18.1+9fbee8e
  Session Id:              5439cfed0f634dc9a1eae512f2cbfebd
  Correlation Id:          f605971a1c047fdc153c88b1425a1877
  External correlation Id: 6005842952069289677
  Machine Id:              segNaylj+iT0/fzmmJP61DLLbz4=
[Licensing::Module] Successfully connected to LicensingClient on channel: "LicenseClient-STEEP-6000.5.3" (connect: 6.56s, validation: 0.33s, handshake: 0.03s)
[Licensing::IpcConnector] Successfully connected to: "LicenseClient-STEEP-6000.5.3-notifications" at "2026-07-15T01:29:47.8291877Z"
[Licensing::Module] Connected to LicensingClient (PId: 14780, launch time: 0.05, total connection time: 6.91s)
[Licensing::Module] Error: Access token is unavailable; failed to update
[Licensing::Client] Successfully resolved entitlement details
[Licensing::Module] License group:
  Id: 4674230029630-UnityPersXXXX
  Product: Unity Personal
  Type: Assigned
  Expiration: Unlimited
[Licensing::Client] Successfully updated license, isAsync: True, time: 0.02
[Licensing::Client] Successfully resolved entitlement details
[Licensing::Module] Licensing Background thread has ended after 11.20s
[Licensing::Module] Licensing is initialized (took 9.75s).
[Licensing::Client] Successfully resolved entitlement details
Library Redirect Path: Library/
Rebuilding Library because the asset database could not be found!
[Physics::Module] Selected backend.
[Physics::Module] Name: PhysX
[Physics::Module] Id: 0xf2b8ea05
[Physics::Module] SDK Version: 4.1.2
[Physics::Module] Integration Version: 1.0.0
[Physics::Module] Threading Mode: Multi-Threaded
Initialize engine version: 6000.5.3f1 (c2eb47b3a2a9)
[Subsystems] Discovering subsystems at path C:/Program Files/Unity/Hub/Editor/6000.5.3f1/Editor/Data/Resources/UnitySubsystems
[Subsystems] Discovering subsystems at path C:/Users/STEEP/Documents/game/phase4_reconstruction/Unity6Project/Assets
GfxDevice: creating device client; kGfxThreadingModeNonThreaded
Direct3D:
    Version:  Direct3D 11.0 [level 11.1]
    Renderer: Intel(R) Graphics (ID=0x7dd1)
    Vendor:   Intel
    VRAM:     9014 MB
    Driver:   32.0.101.8860
Initialize mono
Mono path[0] = 'C:/Program Files/Unity/Hub/Editor/6000.5.3f1/Editor/Data/Managed'
Mono path[1] = 'C:/Program Files/Unity/Hub/Editor/6000.5.3f1/Editor/Data/BCLExtensions/runtime/netstandard2.1'
Mono path[2] = 'C:/Program Files/Unity/Hub/Editor/6000.5.3f1/Editor/Data/MonoBleedingEdge/lib/mono/unityjit-win32'
Mono config path = 'C:/Program Files/Unity/Hub/Editor/6000.5.3f1/Editor/Data/MonoBleedingEdge/etc'
Using monoOptions --debugger-agent=transport=dt_socket,embedding=1,server=y,suspend=n,address=127.0.0.1:56668
CodeReloadManager initialized
ImportWorker Server TCP listen port: 0
AcceleratorClientConnectionCallback - disconnected - :0
Begin MonoManager ReloadAssembly
Registering precompiled unity dll's ...
Register platform support module: C:/Program Files/Unity/Hub/Editor/6000.5.3f1/Editor/Data/PlaybackEngines/WindowsStandaloneSupport/UnityEditor.WindowsStandalone.Extensions.dll
Registered in 0.303027 seconds.
Native extension for WindowsStandalone target not found
Package Manager log level set to [2]
ScheduleIndexationOnStartup MainProcess:False IndexOnStartup:False
Mono: successfully reloaded assembly
- Finished resetting the current domain, in  1.067 seconds
Domain Reload Profiling: 4655ms
	BeginReloadAssembly (589ms)
		CreateAndSetChildDomain (83ms)
	RebuildCommonClasses (33ms)
	RebuildNativeTypeToScriptingClass (314ms)
	initialDomainReloadingComplete (702ms)
	LoadAllAssembliesAndSetupDomain (1927ms)
		LoadAssemblies (466ms)
		AnalyzeDomain (1808ms)
			TypeCache.Refresh (1803ms)
				TypeCache.ScanAssembly (1500ms)
			ResolveRequiredComponents (4ms)
	FinalizeReload (1090ms)
		SetupLoadedEditorAssemblies (0ms)
			InitializePlatformSupportModulesInManaged (5ms)
			BeforeProcessingInitializeOnLoad (174ms)
			ProcessInitializeOnLoadAttributes (272ms)
			ProcessInitializeOnLoadMethodAttributes (501ms)
			EditorAssembliesLoaded (5ms)
[Licensing::Client] Successfully resolved entitlement details
Application.AssetDatabase Initial Refresh Start
Packages were changed.
Update Mode: updateDependencies

The following packages were added:
  com.unity.2d.sprite@1.0.0
  com.unity.2d.tilemap@1.0.0
  com.unity.analytics@3.8.2
  com.unity.collab-proxy@2.12.4
  com.unity.ide.rider@3.0.38
  com.unity.ide.visualstudio@2.0.26
  com.unity.modules.adaptiveperformance@1.0.0
  com.unity.modules.androidjni@1.0.0
  com.unity.modules.physicscore2d@1.0.0
  com.unity.modules.vectorgraphics@1.0.0
  com.unity.purchasing@4.15.1
  com.unity.test-framework@1.7.0
  com.unity.timeline@1.8.12
  com.unity.ugui@2.5.0
  com.unity.xr.legacyinputhelpers@3.0.1
  com.unity.ai.navigation@2.0.13
  com.unity.modules.accessibility@1.0.0
  com.unity.multiplayer.center@1.0.1
The following packages were removed:
  com.unity.modules.vr@1.0.0
[Package Manager] Done resolving packages in 51.49 seconds
[Licensing::Client] Successfully resolved entitlement details
[Package Manager] Lock file was created
[Package Manager] Registered 53 packages:
  Packages from [https://packages.unity.com]:
    com.unity.ai.navigation@2.0.13 (location: C:\Users\STEEP\Documents\game\phase4_reconstruction\Unity6Project\Library\PackageCache\com.unity.ai.navigation@42d896194035)
    com.unity.analytics@3.8.2 (location: C:\Users\STEEP\Documents\game\phase4_reconstruction\Unity6Project\Library\PackageCache\com.unity.analytics@c9d14a6bdec6)
    com.unity.collab-proxy@2.12.4 (location: C:\Users\STEEP\Documents\game\phase4_reconstruction\Unity6Project\Library\PackageCache\com.unity.collab-proxy@0b1559bcd34e)
    com.unity.ide.rider@3.0.38 (location: C:\Users\STEEP\Documents\game\phase4_reconstruction\Unity6Project\Library\PackageCache\com.unity.ide.rider@1f60b3138684)
    com.unity.ide.visualstudio@2.0.26 (location: C:\Users\STEEP\Documents\game\phase4_reconstruction\Unity6Project\Library\PackageCache\com.unity.ide.visualstudio@a99d56dec63f)
    com.unity.purchasing@4.15.1 (location: C:\Users\STEEP\Documents\game\phase4_reconstruction\Unity6Project\Library\PackageCache\com.unity.purchasing@265595791a69)
    com.unity.timeline@1.8.12 (location: C:\Users\STEEP\Documents\game\phase4_reconstruction\Unity6Project\Library\PackageCache\com.unity.timeline@8cd8509afae5)
    com.unity.xr.legacyinputhelpers@3.0.1 (location: C:\Users\STEEP\Documents\game\phase4_reconstruction\Unity6Project\Library\PackageCache\com.unity.xr.legacyinputhelpers@3f62d634f63b)
    com.unity.services.core@1.18.0 (location: C:\Users\STEEP\Documents\game\phase4_reconstruction\Unity6Project\Library\PackageCache\com.unity.services.core@3464cb68d709)
    com.unity.services.analytics@6.3.0 (location: C:\Users\STEEP\Documents\game\phase4_reconstruction\Unity6Project\Library\PackageCache\com.unity.services.analytics@cde4e6cf92f9)
    com.unity.nuget.newtonsoft-json@3.2.2 (location: C:\Users\STEEP\Documents\game\phase4_reconstruction\Unity6Project\Library\PackageCache\com.unity.nuget.newtonsoft-json@4dfd81071c64)
  Built-in packages:
    com.unity.2d.sprite@1.0.0 (location: C:\Users\STEEP\Documents\game\phase4_reconstruction\Unity6Project\Library\PackageCache\com.unity.2d.sprite@053a968eab56)
    com.unity.2d.tilemap@1.0.0 (location: C:\Users\STEEP\Documents\game\phase4_reconstruction\Unity6Project\Library\PackageCache\com.unity.2d.tilemap@592c6ccaefe1)
    com.unity.multiplayer.center@1.0.1 (location: C:\Users\STEEP\Documents\game\phase4_reconstruction\Unity6Project\Library\PackageCache\com.unity.multiplayer.center@b860850997d0)
    com.unity.test-framework@1.7.0 (location: C:\Users\STEEP\Documents\game\phase4_reconstruction\Unity6Project\Library\PackageCache\com.unity.test-framework@1405238725ab)
    com.unity.ugui@2.5.0 (location: C:\Users\STEEP\Documents\game\phase4_reconstruction\Unity6Project\Library\PackageCache\com.unity.ugui@377fd60ad87b)
    com.unity.modules.accessibility@1.0.0 (location: C:\Users\STEEP\Documents\game\phase4_reconstruction\Unity6Project\Library\PackageCache\com.unity.modules.accessibility)
    com.unity.modules.adaptiveperformance@1.0.0 (location: C:\Users\STEEP\Documents\game\phase4_reconstruction\Unity6Project\Library\PackageCache\com.unity.modules.adaptiveperformance)
    com.unity.modules.ai@1.0.0 (location: C:\Users\STEEP\Documents\game\phase4_reconstruction\Unity6Project\Library\PackageCache\com.unity.modules.ai)
    com.unity.modules.androidjni@1.0.0 (location: C:\Users\STEEP\Documents\game\phase4_reconstruction\Unity6Project\Library\PackageCache\com.unity.modules.androidjni)
    com.unity.modules.animation@1.0.0 (location: C:\Users\STEEP\Documents\game\phase4_reconstruction\Unity6Project\Library\PackageCache\com.unity.modules.animation)
    com.unity.modules.assetbundle@1.0.0 (location: C:\Users\STEEP\Documents\game\phase4_reconstruction\Unity6Project\Library\PackageCache\com.unity.modules.assetbundle)
    com.unity.modules.audio@1.0.0 (location: C:\Users\STEEP\Documents\game\phase4_reconstruction\Unity6Project\Library\PackageCache\com.unity.modules.audio)
    com.unity.modules.cloth@1.0.0 (location: C:\Users\STEEP\Documents\game\phase4_reconstruction\Unity6Project\Library\PackageCache\com.unity.modules.cloth)
    com.unity.modules.director@1.0.0 (location: C:\Users\STEEP\Documents\game\phase4_reconstruction\Unity6Project\Library\PackageCache\com.unity.modules.director)
    com.unity.modules.imageconversion@1.0.0 (location: C:\Users\STEEP\Documents\game\phase4_reconstruction\Unity6Project\Library\PackageCache\com.unity.modules.imageconversion)
    com.unity.modules.imgui@1.0.0 (location: C:\Users\STEEP\Documents\game\phase4_reconstruction\Unity6Project\Library\PackageCache\com.unity.modules.imgui)
    com.unity.modules.jsonserialize@1.0.0 (location: C:\Users\STEEP\Documents\game\phase4_reconstruction\Unity6Project\Library\PackageCache\com.unity.modules.jsonserialize)
    com.unity.modules.particlesystem@1.0.0 (location: C:\Users\STEEP\Documents\game\phase4_reconstruction\Unity6Project\Library\PackageCache\com.unity.modules.particlesystem)
    com.unity.modules.physics@1.0.0 (location: C:\Users\STEEP\Documents\game\phase4_reconstruction\Unity6Project\Library\PackageCache\com.unity.modules.physics)
    com.unity.modules.physics2d@1.0.0 (location: C:\Users\STEEP\Documents\game\phase4_reconstruction\Unity6Project\Library\PackageCache\com.unity.modules.physics2d)
    com.unity.modules.physicscore2d@1.0.0 (location: C:\Users\STEEP\Documents\game\phase4_reconstruction\Unity6Project\Library\PackageCache\com.unity.modules.physicscore2d)
    com.unity.modules.screencapture@1.0.0 (location: C:\Users\STEEP\Documents\game\phase4_reconstruction\Unity6Project\Library\PackageCache\com.unity.modules.screencapture)
    com.unity.modules.terrain@1.0.0 (location: C:\Users\STEEP\Documents\game\phase4_reconstruction\Unity6Project\Library\PackageCache\com.unity.modules.terrain)
    com.unity.modules.terrainphysics@1.0.0 (location: C:\Users\STEEP\Documents\game\phase4_reconstruction\Unity6Project\Library\PackageCache\com.unity.modules.terrainphysics)
    com.unity.modules.tilemap@1.0.0 (location: C:\Users\STEEP\Documents\game\phase4_reconstruction\Unity6Project\Library\PackageCache\com.unity.modules.tilemap)
    com.unity.modules.ui@1.0.0 (location: C:\Users\STEEP\Documents\game\phase4_reconstruction\Unity6Project\Library\PackageCache\com.unity.modules.ui)
    com.unity.modules.uielements@1.0.0 (location: C:\Users\STEEP\Documents\game\phase4_reconstruction\Unity6Project\Library\PackageCache\com.unity.modules.uielements)
    com.unity.modules.umbra@1.0.0 (location: C:\Users\STEEP\Documents\game\phase4_reconstruction\Unity6Project\Library\PackageCache\com.unity.modules.umbra)
    com.unity.modules.unityanalytics@1.0.0 (location: C:\Users\STEEP\Documents\game\phase4_reconstruction\Unity6Project\Library\PackageCache\com.unity.modules.unityanalytics)
    com.unity.modules.unitywebrequest@1.0.0 (location: C:\Users\STEEP\Documents\game\phase4_reconstruction\Unity6Project\Library\PackageCache\com.unity.modules.unitywebrequest)
    com.unity.modules.unitywebrequestassetbundle@1.0.0 (location: C:\Users\STEEP\Documents\game\phase4_reconstruction\Unity6Project\Library\PackageCache\com.unity.modules.unitywebrequestassetbundle)
    com.unity.modules.unitywebrequestaudio@1.0.0 (location: C:\Users\STEEP\Documents\game\phase4_reconstruction\Unity6Project\Library\PackageCache\com.unity.modules.unitywebrequestaudio)
    com.unity.modules.unitywebrequesttexture@1.0.0 (location: C:\Users\STEEP\Documents\game\phase4_reconstruction\Unity6Project\Library\PackageCache\com.unity.modules.unitywebrequesttexture)
    com.unity.modules.unitywebrequestwww@1.0.0 (location: C:\Users\STEEP\Documents\game\phase4_reconstruction\Unity6Project\Library\PackageCache\com.unity.modules.unitywebrequestwww)
    com.unity.modules.vectorgraphics@1.0.0 (location: C:\Users\STEEP\Documents\game\phase4_reconstruction\Unity6Project\Library\PackageCache\com.unity.modules.vectorgraphics)
    com.unity.modules.vehicles@1.0.0 (location: C:\Users\STEEP\Documents\game\phase4_reconstruction\Unity6Project\Library\PackageCache\com.unity.modules.vehicles)
    com.unity.modules.video@1.0.0 (location: C:\Users\STEEP\Documents\game\phase4_reconstruction\Unity6Project\Library\PackageCache\com.unity.modules.video)
    com.unity.modules.wind@1.0.0 (location: C:\Users\STEEP\Documents\game\phase4_reconstruction\Unity6Project\Library\PackageCache\com.unity.modules.wind)
    com.unity.modules.xr@1.0.0 (location: C:\Users\STEEP\Documents\game\phase4_reconstruction\Unity6Project\Library\PackageCache\com.unity.modules.xr)
    com.unity.modules.subsystems@1.0.0 (location: C:\Users\STEEP\Documents\game\phase4_reconstruction\Unity6Project\Library\PackageCache\com.unity.modules.subsystems)
    com.unity.modules.hierarchycore@1.0.0 (location: C:\Users\STEEP\Documents\game\phase4_reconstruction\Unity6Project\Library\PackageCache\com.unity.modules.hierarchycore)
    com.unity.ext.nunit@2.1.0 (location: C:\Users\STEEP\Documents\game\phase4_reconstruction\Unity6Project\Library\PackageCache\com.unity.ext.nunit@44f7d31723bd)
[Package Manager] com.unity.purchasing@4.15.1 is deprecated: Unity IAP 4 is unsupported as of June 8, 2026. IAP 5 is the supported version going forward.
[Subsystems] No new subsystems found in resolved package list.
[Package Manager] Done registering packages in 0.00 seconds
AcceleratorClientConnectionCallback - disconnected - :0
[Licensing::Client] Successfully resolved entitlement details
[Licensing::Client] Successfully resolved entitlement details
[Licensing::Client] Successfully resolved entitlement details
Filename: C:\Program Files\Unity\Hub\Editor\6000.5.3f1\Editor\Data\DotNetSdk\dotnet.exe
Arguments: "C:/Program Files/Unity/Hub/Editor/6000.5.3f1/Editor/Data/Tools/BuildPipeline/Compilation/ApiUpdater/AssemblyUpdater.dll" checkupdaterconfigs -a "C:/Users/STEEP/Documents/game/phase4_reconstruction/Unity6Project/Library/PackageCache/com.unity.analytics@c9d14a6bdec6/AnalyticsStandardEvents/Unity.Analytics.StandardEvents.dll" --timestamp 639196578709461882  -s "C:\Program Files\Unity\Hub\Editor\6000.5.3f1\Editor\Data\NetStandard\ref\2.1.0;C:\Program Files\Unity\Hub\Editor\6000.5.3f1\Editor\Data\NetStandard\compat\2.1.0\shims\netstandard;C:\Program Files\Unity\Hub\Editor\6000.5.3f1\Editor\Data\NetStandard\compat\2.1.0\shims\netfx;+C:/Users/STEEP/Documents/game/phase4_reconstruction/Unity6Project/Assets;+C:\Users\STEEP\Documents\game\phase4_reconstruction\Unity6Project\Library\PackageCache\com.unity.2d.sprite@053a968eab56;+C:\Users\STEEP\Documents\game\phase4_reconstruction\Unity6Project\Library\PackageCache\com.unity.2d.tilemap@592c6ccaefe1;+C:\Users\STEEP\Documents\game\phase4_reconstruction\Unity6Project\Library\PackageCache\com.unity.ai.navigation@42d896194035;+C:\Users\STEEP\Documents\game\phase4_reconstruction\Unity6Project\Library\PackageCache\com.unity.analytics@c9d14a6bdec6;+C:\Users\STEEP\Documents\game\phase4_reconstruction\Unity6Project\Library\PackageCache\com.unity.collab-proxy@0b1559bcd34e;+C:\Users\STEEP\Documents\game\phase4_reconstruction\Unity6Project\Library\PackageCache\com.unity.ide.rider@1f60b3138684;+C:\Users\STEEP\Documents\game\phase4_reconstruction\Unity6Project\Library\PackageCache\com.unity.ide.visualstudio@a99d56dec63f;+C:\Users\STEEP\Documents\game\phase4_reconstruction\Unity6Project\Library\PackageCache\com.unity.multiplayer.center@b860850997d0;+C:\Users\STEEP\Documents\game\phase4_reconstruction\Unity6Project\Library\PackageCache\com.unity.purchasing@265595791a69;+C:\Users\STEEP\Documents\game\phase4_reconstruction\Unity6Project\Library\PackageCache\com.unity.test-framework@1405238725ab;+C:\Users\STEEP\Documents\game\phase4_reconstruction\Unity6Project\Library\PackageCache\com.unity.timeline@8cd8509afae5;+C:\Users\STEEP\Documents\game\phase4_reconstruction\Unity6Project\Library\PackageCache\com.unity.ugui@377fd60ad87b;+C:\Users\STEEP\Documents\game\phase4_reconstruction\Unity6Project\Library\PackageCache\com.unity.xr.legacyinputhelpers@3f62d634f63b;+C:\Users\STEEP\Documents\game\phase4_reconstruction\Unity6Project\Library\PackageCache\com.unity.modules.accessibility;+C:\Users\STEEP\Documents\game\phase4_reconstruction\Unity6Project\Library\PackageCache\com.unity.modules.adaptiveperformance;+C:\Users\STEEP\Documents\game\phase4_reconstruction\Unity6Project\Library\PackageCache\com.unity.modules.ai;+C:\Users\STEEP\Documents\game\phase4_reconstruction\Unity6Project\Library\PackageCache\com.unity.modules.androidjni;+C:\Users\STEEP\Documents\game\phase4_reconstruction\Unity6Project\Library\PackageCache\com.unity.modules.animation;+C:\Users\STEEP\Documents\game\phase4_reconstruction\Unity6Project\Library\PackageCache\com.unity.modules.assetbundle;+C:\Users\STEEP\Documents\game\phase4_reconstruction\Unity6Project\Library\PackageCache\com.unity.modules.audio;+C:\Users\STEEP\Documents\game\phase4_reconstruction\Unity6Project\Library\PackageCache\com.unity.modules.cloth;+C:\Users\STEEP\Documents\game\phase4_reconstruction\Unity6Project\Library\PackageCache\com.unity.modules.director;+C:\Users\STEEP\Documents\game\phase4_reconstruction\Unity6Project\Library\PackageCache\com.unity.modules.imageconversion;+C:\Users\STEEP\Documents\game\phase4_reconstruction\Unity6Project\Library\PackageCache\com.unity.modules.imgui;+C:\Users\STEEP\Documents\game\phase4_reconstruction\Unity6Project\Library\PackageCache\com.unity.modules.jsonserialize;+C:\Users\STEEP\Documents\game\phase4_reconstruction\Unity6Project\Library\PackageCache\com.unity.modules.particlesystem;+C:\Users\STEEP\Documents\game\phase4_reconstruction\Unity6Project\Library\PackageCache\com.unity.modules.physics;+C:\Users\STEEP\Documents\game\phase4_reconstruction\Unity6Project\Library\PackageCache\com.unity.modules.physics2d;+C:\Users\STEEP\Documents\game\phase4_reconstruction\Unity6Project\Library\PackageCache\com.unity.modules.physicscore2d;+C:\Users\STEEP\Documents\game\phase4_reconstruction\Unity6Project\Library\PackageCache\com.unity.modules.screencapture;+C:\Users\STEEP\Documents\game\phase4_reconstruction\Unity6Project\Library\PackageCache\com.unity.modules.terrain;+C:\Users\STEEP\Documents\game\phase4_reconstruction\Unity6Project\Library\PackageCache\com.unity.modules.terrainphysics;+C:\Users\STEEP\Documents\game\phase4_reconstruction\Unity6Project\Library\PackageCache\com.unity.modules.tilemap;+C:\Users\STEEP\Documents\game\phase4_reconstruction\Unity6Project\Library\PackageCache\com.unity.modules.ui;+C:\Users\STEEP\Documents\game\phase4_reconstruction\Unity6Project\Library\PackageCache\com.unity.modules.uielements;+C:\Users\STEEP\Documents\game\phase4_reconstruction\Unity6Project\Library\PackageCache\com.unity.modules.umbra;+C:\Users\STEEP\Documents\game\phase4_reconstruction\Unity6Project\Library\PackageCache\com.unity.modules.unityanalytics;+C:\Users\STEEP\Documents\game\phase4_reconstruction\Unity6Project\Library\PackageCache\com.unity.modules.unitywebrequest;+C:\Users\STEEP\Documents\game\phase4_reconstruction\Unity6Project\Library\PackageCache\com.unity.modules.unitywebrequestassetbundle;+C:\Users\STEEP\Documents\game\phase4_reconstruction\Unity6Project\Library\PackageCache\com.unity.modules.unitywebrequestaudio;+C:\Users\STEEP\Documents\game\phase4_reconstruction\Unity6Project\Library\PackageCache\com.unity.modules.unitywebrequesttexture;+C:\Users\STEEP\Documents\game\phase4_reconstruction\Unity6Project\Library\PackageCache\com.unity.modules.unitywebrequestwww;+C:\Users\STEEP\Documents\game\phase4_reconstruction\Unity6Project\Library\PackageCache\com.unity.modules.vectorgraphics;+C:\Users\STEEP\Documents\game\phase4_reconstruction\Unity6Project\Library\PackageCache\com.unity.modules.vehicles;+C:\Users\STEEP\Documents\game\phase4_reconstruction\Unity6Project\Library\PackageCache\com.unity.modules.video;+C:\Users\STEEP\Documents\game\phase4_reconstruction\Unity6Project\Library\PackageCache\com.unity.modules.wind;+C:\Users\STEEP\Documents\game\phase4_reconstruction\Unity6Project\Library\PackageCache\com.unity.modules.xr;+C:\Users\STEEP\Documents\game\phase4_reconstruction\Unity6Project\Library\PackageCache\com.unity.modules.subsystems;+C:\Users\STEEP\Documents\game\phase4_reconstruction\Unity6Project\Library\PackageCache\com.unity.modules.hierarchycore;+C:\Users\STEEP\Documents\game\phase4_reconstruction\Unity6Project\Library\PackageCache\com.unity.ext.nunit@44f7d31723bd;+C:\Users\STEEP\Documents\game\phase4_reconstruction\Unity6Project\Library\PackageCache\com.unity.services.core@3464cb68d709;+C:\Users\STEEP\Documents\game\phase4_reconstruction\Unity6Project\Library\PackageCache\com.unity.services.analytics@cde4e6cf92f9;+C:\Users\STEEP\Documents\game\phase4_reconstruction\Unity6Project\Library\PackageCache\com.unity.nuget.newtonsoft-json@4dfd81071c64;Library/ScriptAssemblies"
Filename: C:\Program Files\Unity\Hub\Editor\6000.5.3f1\Editor\Data\DotNetSdk\dotnet.exe
Arguments: "C:/Program Files/Unity/Hub/Editor/6000.5.3f1/Editor/Data/Tools/BuildPipeline/Compilation/ApiUpdater/AssemblyUpdater.dll" checkupdaterconfigs -a "C:/Users/STEEP/Documents/game/phase4_reconstruction/Unity6Project/Library/PackageCache/com.unity.analytics@c9d14a6bdec6/Unity.Analytics.Tracker.dll" --timestamp 639196578712116791  -s "C:\Program Files\Unity\Hub\Editor\6000.5.3f1\Editor\Data\NetStandard\ref\2.1.0;C:\Program Files\Unity\Hub\Editor\6000.5.3f1\Editor\Data\NetStandard\compat\2.1.0\shims\netstandard;C:\Program Files\Unity\Hub\Editor\6000.5.3f1\Editor\Data\NetStandard\compat\2.1.0\shims\netfx;+C:/Users/STEEP/Documents/game/phase4_reconstruction/Unity6Project/Assets;+C:\Users\STEEP\Documents\game\phase4_reconstruction\Unity6Project\Library\PackageCache\com.unity.2d.sprite@053a968eab56;+C:\Users\STEEP\Documents\game\phase4_reconstruction\Unity6Project\Library\PackageCache\com.unity.2d.tilemap@592c6ccaefe1;+C:\Users\STEEP\Documents\game\phase4_reconstruction\Unity6Project\Library\PackageCache\com.unity.ai.navigation@42d896194035;+C:\Users\STEEP\Documents\game\phase4_reconstruction\Unity6Project\Library\PackageCache\com.unity.analytics@c9d14a6bdec6;+C:\Users\STEEP\Documents\game\phase4_reconstruction\Unity6Project\Library\PackageCache\com.unity.collab-proxy@0b1559bcd34e;+C:\Users\STEEP\Documents\game\phase4_reconstruction\Unity6Project\Library\PackageCache\com.unity.ide.rider@1f60b3138684;+C:\Users\STEEP\Documents\game\phase4_reconstruction\Unity6Project\Library\PackageCache\com.unity.ide.visualstudio@a99d56dec63f;+C:\Users\STEEP\Documents\game\phase4_reconstruction\Unity6Project\Library\PackageCache\com.unity.multiplayer.center@b860850997d0;+C:\Users\STEEP\Documents\game\phase4_reconstruction\Unity6Project\Library\PackageCache\com.unity.purchasing@265595791a69;+C:\Users\STEEP\Documents\game\phase4_reconstruction\Unity6Project\Library\PackageCache\com.unity.test-framework@1405238725ab;+C:\Users\STEEP\Documents\game\phase4_reconstruction\Unity6Project\Library\PackageCache\com.unity.timeline@8cd8509afae5;+C:\Users\STEEP\Documents\game\phase4_reconstruction\Unity6Project\Library\PackageCache\com.unity.ugui@377fd60ad87b;+C:\Users\STEEP\Documents\game\phase4_reconstruction\Unity6Project\Library\PackageCache\com.unity.xr.legacyinputhelpers@3f62d634f63b;+C:\Users\STEEP\Documents\game\phase4_reconstruction\Unity6Project\Library\PackageCache\com.unity.modules.accessibility;+C:\Users\STEEP\Documents\game\phase4_reconstruction\Unity6Project\Library\PackageCache\com.unity.modules.adaptiveperformance;+C:\Users\STEEP\Documents\game\phase4_reconstruction\Unity6Project\Library\PackageCache\com.unity.modules.ai;+C:\Users\STEEP\Documents\game\phase4_reconstruction\Unity6Project\Library\PackageCache\com.unity.modules.androidjni;+C:\Users\STEEP\Documents\game\phase4_reconstruction\Unity6Project\Library\PackageCache\com.unity.modules.animation;+C:\Users\STEEP\Documents\game\phase4_reconstruction\Unity6Project\Library\PackageCache\com.unity.modules.assetbundle;+C:\Users\STEEP\Documents\game\phase4_reconstruction\Unity6Project\Library\PackageCache\com.unity.modules.audio;+C:\Users\STEEP\Documents\game\phase4_reconstruction\Unity6Project\Library\PackageCache\com.unity.modules.cloth;+C:\Users\STEEP\Documents\game\phase4_reconstruction\Unity6Project\Library\PackageCache\com.unity.modules.director;+C:\Users\STEEP\Documents\game\phase4_reconstruction\Unity6Project\Library\PackageCache\com.unity.modules.imageconversion;+C:\Users\STEEP\Documents\game\phase4_reconstruction\Unity6Project\Library\PackageCache\com.unity.modules.imgui;+C:\Users\STEEP\Documents\game\phase4_reconstruction\Unity6Project\Library\PackageCache\com.unity.modules.jsonserialize;+C:\Users\STEEP\Documents\game\phase4_reconstruction\Unity6Project\Library\PackageCache\com.unity.modules.particlesystem;+C:\Users\STEEP\Documents\game\phase4_reconstruction\Unity6Project\Library\PackageCache\com.unity.modules.physics;+C:\Users\STEEP\Documents\game\phase4_reconstruction\Unity6Project\Library\PackageCache\com.unity.modules.physics2d;+C:\Users\STEEP\Documents\game\phase4_reconstruction\Unity6Project\Library\PackageCache\com.unity.modules.physicscore2d;+C:\Users\STEEP\Documents\game\phase4_reconstruction\Unity6Project\Library\PackageCache\com.unity.modules.screencapture;+C:\Users\STEEP\Documents\game\phase4_reconstruction\Unity6Project\Library\PackageCache\com.unity.modules.terrain;+C:\Users\STEEP\Documents\game\phase4_reconstruction\Unity6Project\Library\PackageCache\com.unity.modules.terrainphysics;+C:\Users\STEEP\Documents\game\phase4_reconstruction\Unity6Project\Library\PackageCache\com.unity.modules.tilemap;+C:\Users\STEEP\Documents\game\phase4_reconstruction\Unity6Project\Library\PackageCache\com.unity.modules.ui;+C:\Users\STEEP\Documents\game\phase4_reconstruction\Unity6Project\Library\PackageCache\com.unity.modules.uielements;+C:\Users\STEEP\Documents\game\phase4_reconstruction\Unity6Project\Library\PackageCache\com.unity.modules.umbra;+C:\Users\STEEP\Documents\game\phase4_reconstruction\Unity6Project\Library\PackageCache\com.unity.modules.unityanalytics;+C:\Users\STEEP\Documents\game\phase4_reconstruction\Unity6Project\Library\PackageCache\com.unity.modules.unitywebrequest;+C:\Users\STEEP\Documents\game\phase4_reconstruction\Unity6Project\Library\PackageCache\com.unity.modules.unitywebrequestassetbundle;+C:\Users\STEEP\Documents\game\phase4_reconstruction\Unity6Project\Library\PackageCache\com.unity.modules.unitywebrequestaudio;+C:\Users\STEEP\Documents\game\phase4_reconstruction\Unity6Project\Library\PackageCache\com.unity.modules.unitywebrequesttexture;+C:\Users\STEEP\Documents\game\phase4_reconstruction\Unity6Project\Library\PackageCache\com.unity.modules.unitywebrequestwww;+C:\Users\STEEP\Documents\game\phase4_reconstruction\Unity6Project\Library\PackageCache\com.unity.modules.vectorgraphics;+C:\Users\STEEP\Documents\game\phase4_reconstruction\Unity6Project\Library\PackageCache\com.unity.modules.vehicles;+C:\Users\STEEP\Documents\game\phase4_reconstruction\Unity6Project\Library\PackageCache\com.unity.modules.video;+C:\Users\STEEP\Documents\game\phase4_reconstruction\Unity6Project\Library\PackageCache\com.unity.modules.wind;+C:\Users\STEEP\Documents\game\phase4_reconstruction\Unity6Project\Library\PackageCache\com.unity.modules.xr;+C:\Users\STEEP\Documents\game\phase4_reconstruction\Unity6Project\Library\PackageCache\com.unity.modules.subsystems;+C:\Users\STEEP\Documents\game\phase4_reconstruction\Unity6Project\Library\PackageCache\com.unity.modules.hierarchycore;+C:\Users\STEEP\Documents\game\phase4_reconstruction\Unity6Project\Library\PackageCache\com.unity.ext.nunit@44f7d31723bd;+C:\Users\STEEP\Documents\game\phase4_reconstruction\Unity6Project\Library\PackageCache\com.unity.services.core@3464cb68d709;+C:\Users\STEEP\Documents\game\phase4_reconstruction\Unity6Project\Library\PackageCache\com.unity.services.analytics@cde4e6cf92f9;+C:\Users\STEEP\Documents\game\phase4_reconstruction\Unity6Project\Library\PackageCache\com.unity.nuget.newtonsoft-json@4dfd81071c64;Library/ScriptAssemblies"
Filename: C:\Program Files\Unity\Hub\Editor\6000.5.3f1\Editor\Data\DotNetSdk\dotnet.exe
Arguments: "C:/Program Files/Unity/Hub/Editor/6000.5.3f1/Editor/Data/Tools/BuildPipeline/Compilation/ApiUpdater/AssemblyUpdater.dll" checkupdaterconfigs -a "C:/Users/STEEP/Documents/game/phase4_reconstruction/Unity6Project/Library/PackageCache/com.unity.analytics@c9d14a6bdec6/Unity.Analytics.Editor.dll" --timestamp 639196578714092084  -s "C:\Program Files\Unity\Hub\Editor\6000.5.3f1\Editor\Data\NetStandard\ref\2.1.0;C:\Program Files\Unity\Hub\Editor\6000.5.3f1\Editor\Data\NetStandard\compat\2.1.0\shims\netstandard;C:\Program Files\Unity\Hub\Editor\6000.5.3f1\Editor\Data\NetStandard\compat\2.1.0\shims\netfx;+C:/Users/STEEP/Documents/game/phase4_reconstruction/Unity6Project/Assets;+C:\Users\STEEP\Documents\game\phase4_reconstruction\Unity6Project\Library\PackageCache\com.unity.2d.sprite@053a968eab56;+C:\Users\STEEP\Documents\game\phase4_reconstruction\Unity6Project\Library\PackageCache\com.unity.2d.tilemap@592c6ccaefe1;+C:\Users\STEEP\Documents\game\phase4_reconstruction\Unity6Project\Library\PackageCache\com.unity.ai.navigation@42d896194035;+C:\Users\STEEP\Documents\game\phase4_reconstruction\Unity6Project\Library\PackageCache\com.unity.analytics@c9d14a6bdec6;+C:\Users\STEEP\Documents\game\phase4_reconstruction\Unity6Project\Library\PackageCache\com.unity.collab-proxy@0b1559bcd34e;+C:\Users\STEEP\Documents\game\phase4_reconstruction\Unity6Project\Library\PackageCache\com.unity.ide.rider@1f60b3138684;+C:\Users\STEEP\Documents\game\phase4_reconstruction\Unity6Project\Library\PackageCache\com.unity.ide.visualstudio@a99d56dec63f;+C:\Users\STEEP\Documents\game\phase4_reconstruction\Unity6Project\Library\PackageCache\com.unity.multiplayer.center@b860850997d0;+C:\Users\STEEP\Documents\game\phase4_reconstruction\Unity6Project\Library\PackageCache\com.unity.purchasing@265595791a69;+C:\Users\STEEP\Documents\game\phase4_reconstruction\Unity6Project\Library\PackageCache\com.unity.test-framework@1405238725ab;+C:\Users\STEEP\Documents\game\phase4_reconstruction\Unity6Project\Library\PackageCache\com.unity.timeline@8cd8509afae5;+C:\Users\STEEP\Documents\game\phase4_reconstruction\Unity6Project\Library\PackageCache\com.unity.ugui@377fd60ad87b;+C:\Users\STEEP\Documents\game\phase4_reconstruction\Unity6Project\Library\PackageCache\com.unity.xr.legacyinputhelpers@3f62d634f63b;+C:\Users\STEEP\Documents\game\phase4_reconstruction\Unity6Project\Library\PackageCache\com.unity.modules.accessibility;+C:\Users\STEEP\Documents\game\phase4_reconstruction\Unity6Project\Library\PackageCache\com.unity.modules.adaptiveperformance;+C:\Users\STEEP\Documents\game\phase4_reconstruction\Unity6Project\Library\PackageCache\com.unity.modules.ai;+C:\Users\STEEP\Documents\game\phase4_reconstruction\Unity6Project\Library\PackageCache\com.unity.modules.androidjni;+C:\Users\STEEP\Documents\game\phase4_reconstruction\Unity6Project\Library\PackageCache\com.unity.modules.animation;+C:\Users\STEEP\Documents\game\phase4_reconstruction\Unity6Project\Library\PackageCache\com.unity.modules.assetbundle;+C:\Users\STEEP\Documents\game\phase4_reconstruction\Unity6Project\Library\PackageCache\com.unity.modules.audio;+C:\Users\STEEP\Documents\game\phase4_reconstruction\Unity6Project\Library\PackageCache\com.unity.modules.cloth;+C:\Users\STEEP\Documents\game\phase4_reconstruction\Unity6Project\Library\PackageCache\com.unity.modules.director;+C:\Users\STEEP\Documents\game\phase4_reconstruction\Unity6Project\Library\PackageCache\com.unity.modules.imageconversion;+C:\Users\STEEP\Documents\game\phase4_reconstruction\Unity6Project\Library\PackageCache\com.unity.modules.imgui;+C:\Users\STEEP\Documents\game\phase4_reconstruction\Unity6Project\Library\PackageCache\com.unity.modules.jsonserialize;+C:\Users\STEEP\Documents\game\phase4_reconstruction\Unity6Project\Library\PackageCache\com.unity.modules.particlesystem;+C:\Users\STEEP\Documents\game\phase4_reconstruction\Unity6Project\Library\PackageCache\com.unity.modules.physics;+C:\Users\STEEP\Documents\game\phase4_reconstruction\Unity6Project\Library\PackageCache\com.unity.modules.physics2d;+C:\Users\STEEP\Documents\game\phase4_reconstruction\Unity6Project\Library\PackageCache\com.unity.modules.physicscore2d;+C:\Users\STEEP\Documents\game\phase4_reconstruction\Unity6Project\Library\PackageCache\com.unity.modules.screencapture;+C:\Users\STEEP\Documents\game\phase4_reconstruction\Unity6Project\Library\PackageCache\com.unity.modules.terrain;+C:\Users\STEEP\Documents\game\phase4_reconstruction\Unity6Project\Library\PackageCache\com.unity.modules.terrainphysics;+C:\Users\STEEP\Documents\game\phase4_reconstruction\Unity6Project\Library\PackageCache\com.unity.modules.tilemap;+C:\Users\STEEP\Documents\game\phase4_reconstruction\Unity6Project\Library\PackageCache\com.unity.modules.ui;+C:\Users\STEEP\Documents\game\phase4_reconstruction\Unity6Project\Library\PackageCache\com.unity.modules.uielements;+C:\Users\STEEP\Documents\game\phase4_reconstruction\Unity6Project\Library\PackageCache\com.unity.modules.umbra;+C:\Users\STEEP\Documents\game\phase4_reconstruction\Unity6Project\Library\PackageCache\com.unity.modules.unityanalytics;+C:\Users\STEEP\Documents\game\phase4_reconstruction\Unity6Project\Library\PackageCache\com.unity.modules.unitywebrequest;+C:\Users\STEEP\Documents\game\phase4_reconstruction\Unity6Project\Library\PackageCache\com.unity.modules.unitywebrequestassetbundle;+C:\Users\STEEP\Documents\game\phase4_reconstruction\Unity6Project\Library\PackageCache\com.unity.modules.unitywebrequestaudio;+C:\Users\STEEP\Documents\game\phase4_reconstruction\Unity6Project\Library\PackageCache\com.unity.modules.unitywebrequesttexture;+C:\Users\STEEP\Documents\game\phase4_reconstruction\Unity6Project\Library\PackageCache\com.unity.modules.unitywebrequestwww;+C:\Users\STEEP\Documents\game\phase4_reconstruction\Unity6Project\Library\PackageCache\com.unity.modules.vectorgraphics;+C:\Users\STEEP\Documents\game\phase4_reconstruction\Unity6Project\Library\PackageCache\com.unity.modules.vehicles;+C:\Users\STEEP\Documents\game\phase4_reconstruction\Unity6Project\Library\PackageCache\com.unity.modules.video;+C:\Users\STEEP\Documents\game\phase4_reconstruction\Unity6Project\Library\PackageCache\com.unity.modules.wind;+C:\Users\STEEP\Documents\game\phase4_reconstruction\Unity6Project\Library\PackageCache\com.unity.modules.xr;+C:\Users\STEEP\Documents\game\phase4_reconstruction\Unity6Project\Library\PackageCache\com.unity.modules.subsystems;+C:\Users\STEEP\Documents\game\phase4_reconstruction\Unity6Project\Library\PackageCache\com.unity.modules.hierarchycore;+C:\Users\STEEP\Documents\game\phase4_reconstruction\Unity6Project\Library\PackageCache\com.unity.ext.nunit@44f7d31723bd;+C:\Users\STEEP\Documents\game\phase4_reconstruction\Unity6Project\Library\PackageCache\com.unity.services.core@3464cb68d709;+C:\Users\STEEP\Documents\game\phase4_reconstruction\Unity6Project\Library\PackageCache\com.unity.services.analytics@cde4e6cf92f9;+C:\Users\STEEP\Documents\game\phase4_reconstruction\Unity6Project\Library\PackageCache\com.unity.nuget.newtonsoft-json@4dfd81071c64;Library/ScriptAssemblies"
[API Updater] Processing imported assemblies took 1699 ms (3/3 assembly(ies)).
[Licensing::Client] Successfully resolved entitlement details
[Licensing::Client] Successfully resolved entitlement details
[Licensing::Client] Successfully resolved entitlement details
Filename: C:\Program Files\Unity\Hub\Editor\6000.5.3f1\Editor\Data\DotNetSdk\dotnet.exe
Arguments: "C:/Program Files/Unity/Hub/Editor/6000.5.3f1/Editor/Data/Tools/BuildPipeline/Compilation/ApiUpdater/AssemblyUpdater.dll" update -a "C:/Users/STEEP/Documents/game/phase4_reconstruction/Unity6Project/Library/PackageCache/com.unity.analytics@c9d14a6bdec6/AnalyticsStandardEvents/Unity.Analytics.StandardEvents.dll" --output "C:/Users/STEEP/AppData/Local/Temp/tmp24cf05c0.tmp" --api-version 6000.5.3f1  -s "C:\Program Files\Unity\Hub\Editor\6000.5.3f1\Editor\Data\NetStandard\ref\2.1.0;C:\Program Files\Unity\Hub\Editor\6000.5.3f1\Editor\Data\NetStandard\compat\2.1.0\shims\netstandard;C:\Program Files\Unity\Hub\Editor\6000.5.3f1\Editor\Data\NetStandard\compat\2.1.0\shims\netfx;+C:/Users/STEEP/Documents/game/phase4_reconstruction/Unity6Project/Assets;+C:\Users\STEEP\Documents\game\phase4_reconstruction\Unity6Project\Library\PackageCache\com.unity.2d.sprite@053a968eab56;+C:\Users\STEEP\Documents\game\phase4_reconstruction\Unity6Project\Library\PackageCache\com.unity.2d.tilemap@592c6ccaefe1;+C:\Users\STEEP\Documents\game\phase4_reconstruction\Unity6Project\Library\PackageCache\com.unity.ai.navigation@42d896194035;+C:\Users\STEEP\Documents\game\phase4_reconstruction\Unity6Project\Library\PackageCache\com.unity.analytics@c9d14a6bdec6;+C:\Users\STEEP\Documents\game\phase4_reconstruction\Unity6Project\Library\PackageCache\com.unity.collab-proxy@0b1559bcd34e;+C:\Users\STEEP\Documents\game\phase4_reconstruction\Unity6Project\Library\PackageCache\com.unity.ide.rider@1f60b3138684;+C:\Users\STEEP\Documents\game\phase4_reconstruction\Unity6Project\Library\PackageCache\com.unity.ide.visualstudio@a99d56dec63f;+C:\Users\STEEP\Documents\game\phase4_reconstruction\Unity6Project\Library\PackageCache\com.unity.multiplayer.center@b860850997d0;+C:\Users\STEEP\Documents\game\phase4_reconstruction\Unity6Project\Library\PackageCache\com.unity.purchasing@265595791a69;+C:\Users\STEEP\Documents\game\phase4_reconstruction\Unity6Project\Library\PackageCache\com.unity.test-framework@1405238725ab;+C:\Users\STEEP\Documents\game\phase4_reconstruction\Unity6Project\Library\PackageCache\com.unity.timeline@8cd8509afae5;+C:\Users\STEEP\Documents\game\phase4_reconstruction\Unity6Project\Library\PackageCache\com.unity.ugui@377fd60ad87b;+C:\Users\STEEP\Documents\game\phase4_reconstruction\Unity6Project\Library\PackageCache\com.unity.xr.legacyinputhelpers@3f62d634f63b;+C:\Users\STEEP\Documents\game\phase4_reconstruction\Unity6Project\Library\PackageCache\com.unity.modules.accessibility;+C:\Users\STEEP\Documents\game\phase4_reconstruction\Unity6Project\Library\PackageCache\com.unity.modules.adaptiveperformance;+C:\Users\STEEP\Documents\game\phase4_reconstruction\Unity6Project\Library\PackageCache\com.unity.modules.ai;+C:\Users\STEEP\Documents\game\phase4_reconstruction\Unity6Project\Library\PackageCache\com.unity.modules.androidjni;+C:\Users\STEEP\Documents\game\phase4_reconstruction\Unity6Project\Library\PackageCache\com.unity.modules.animation;+C:\Users\STEEP\Documents\game\phase4_reconstruction\Unity6Project\Library\PackageCache\com.unity.modules.assetbundle;+C:\Users\STEEP\Documents\game\phase4_reconstruction\Unity6Project\Library\PackageCache\com.unity.modules.audio;+C:\Users\STEEP\Documents\game\phase4_reconstruction\Unity6Project\Library\PackageCache\com.unity.modules.cloth;+C:\Users\STEEP\Documents\game\phase4_reconstruction\Unity6Project\Library\PackageCache\com.unity.modules.director;+C:\Users\STEEP\Documents\game\phase4_reconstruction\Unity6Project\Library\PackageCache\com.unity.modules.imageconversion;+C:\Users\STEEP\Documents\game\phase4_reconstruction\Unity6Project\Library\PackageCache\com.unity.modules.imgui;+C:\Users\STEEP\Documents\game\phase4_reconstruction\Unity6Project\Library\PackageCache\com.unity.modules.jsonserialize;+C:\Users\STEEP\Documents\game\phase4_reconstruction\Unity6Project\Library\PackageCache\com.unity.modules.particlesystem;+C:\Users\STEEP\Documents\game\phase4_reconstruction\Unity6Project\Library\PackageCache\com.unity.modules.physics;+C:\Users\STEEP\Documents\game\phase4_reconstruction\Unity6Project\Library\PackageCache\com.unity.modules.physics2d;+C:\Users\STEEP\Documents\game\phase4_reconstruction\Unity6Project\Library\PackageCache\com.unity.modules.physicscore2d;+C:\Users\STEEP\Documents\game\phase4_reconstruction\Unity6Project\Library\PackageCache\com.unity.modules.screencapture;+C:\Users\STEEP\Documents\game\phase4_reconstruction\Unity6Project\Library\PackageCache\com.unity.modules.terrain;+C:\Users\STEEP\Documents\game\phase4_reconstruction\Unity6Project\Library\PackageCache\com.unity.modules.terrainphysics;+C:\Users\STEEP\Documents\game\phase4_reconstruction\Unity6Project\Library\PackageCache\com.unity.modules.tilemap;+C:\Users\STEEP\Documents\game\phase4_reconstruction\Unity6Project\Library\PackageCache\com.unity.modules.ui;+C:\Users\STEEP\Documents\game\phase4_reconstruction\Unity6Project\Library\PackageCache\com.unity.modules.uielements;+C:\Users\STEEP\Documents\game\phase4_reconstruction\Unity6Project\Library\PackageCache\com.unity.modules.umbra;+C:\Users\STEEP\Documents\game\phase4_reconstruction\Unity6Project\Library\PackageCache\com.unity.modules.unityanalytics;+C:\Users\STEEP\Documents\game\phase4_reconstruction\Unity6Project\Library\PackageCache\com.unity.modules.unitywebrequest;+C:\Users\STEEP\Documents\game\phase4_reconstruction\Unity6Project\Library\PackageCache\com.unity.modules.unitywebrequestassetbundle;+C:\Users\STEEP\Documents\game\phase4_reconstruction\Unity6Project\Library\PackageCache\com.unity.modules.unitywebrequestaudio;+C:\Users\STEEP\Documents\game\phase4_reconstruction\Unity6Project\Library\PackageCache\com.unity.modules.unitywebrequesttexture;+C:\Users\STEEP\Documents\game\phase4_reconstruction\Unity6Project\Library\PackageCache\com.unity.modules.unitywebrequestwww;+C:\Users\STEEP\Documents\game\phase4_reconstruction\Unity6Project\Library\PackageCache\com.unity.modules.vectorgraphics;+C:\Users\STEEP\Documents\game\phase4_reconstruction\Unity6Project\Library\PackageCache\com.unity.modules.vehicles;+C:\Users\STEEP\Documents\game\phase4_reconstruction\Unity6Project\Library\PackageCache\com.unity.modules.video;+C:\Users\STEEP\Documents\game\phase4_reconstruction\Unity6Project\Library\PackageCache\com.unity.modules.wind;+C:\Users\STEEP\Documents\game\phase4_reconstruction\Unity6Project\Library\PackageCache\com.unity.modules.xr;+C:\Users\STEEP\Documents\game\phase4_reconstruction\Unity6Project\Library\PackageCache\com.unity.modules.subsystems;+C:\Users\STEEP\Documents\game\phase4_reconstruction\Unity6Project\Library\PackageCache\com.unity.modules.hierarchycore;+C:\Users\STEEP\Documents\game\phase4_reconstruction\Unity6Project\Library\PackageCache\com.unity.ext.nunit@44f7d31723bd;+C:\Users\STEEP\Documents\game\phase4_reconstruction\Unity6Project\Library\PackageCache\com.unity.services.core@3464cb68d709;+C:\Users\STEEP\Documents\game\phase4_reconstruction\Unity6Project\Library\PackageCache\com.unity.services.analytics@cde4e6cf92f9;+C:\Users\STEEP\Documents\game\phase4_reconstruction\Unity6Project\Library\PackageCache\com.unity.nuget.newtonsoft-json@4dfd81071c64;Library/ScriptAssemblies;+C:\Program Files\Unity\Hub\Editor\6000.5.3f1\Editor\Data\Managed" "C:/Program Files/Unity/Hub/Editor/6000.5.3f1/Editor/Data/Managed/UnityEngine.dll"
Filename: C:\Program Files\Unity\Hub\Editor\6000.5.3f1\Editor\Data\DotNetSdk\dotnet.exe
Arguments: "C:/Program Files/Unity/Hub/Editor/6000.5.3f1/Editor/Data/Tools/BuildPipeline/Compilation/ApiUpdater/AssemblyUpdater.dll" update -a "C:/Users/STEEP/Documents/game/phase4_reconstruction/Unity6Project/Library/PackageCache/com.unity.analytics@c9d14a6bdec6/Unity.Analytics.Editor.dll" --output "C:/Users/STEEP/AppData/Local/Temp/tmp212d4d04.tmp" --api-version 6000.5.3f1  -s "C:\Program Files\Unity\Hub\Editor\6000.5.3f1\Editor\Data\NetStandard\ref\2.1.0;C:\Program Files\Unity\Hub\Editor\6000.5.3f1\Editor\Data\NetStandard\compat\2.1.0\shims\netstandard;C:\Program Files\Unity\Hub\Editor\6000.5.3f1\Editor\Data\NetStandard\compat\2.1.0\shims\netfx;+C:/Users/STEEP/Documents/game/phase4_reconstruction/Unity6Project/Assets;+C:\Users\STEEP\Documents\game\phase4_reconstruction\Unity6Project\Library\PackageCache\com.unity.2d.sprite@053a968eab56;+C:\Users\STEEP\Documents\game\phase4_reconstruction\Unity6Project\Library\PackageCache\com.unity.2d.tilemap@592c6ccaefe1;+C:\Users\STEEP\Documents\game\phase4_reconstruction\Unity6Project\Library\PackageCache\com.unity.ai.navigation@42d896194035;+C:\Users\STEEP\Documents\game\phase4_reconstruction\Unity6Project\Library\PackageCache\com.unity.analytics@c9d14a6bdec6;+C:\Users\STEEP\Documents\game\phase4_reconstruction\Unity6Project\Library\PackageCache\com.unity.collab-proxy@0b1559bcd34e;+C:\Users\STEEP\Documents\game\phase4_reconstruction\Unity6Project\Library\PackageCache\com.unity.ide.rider@1f60b3138684;+C:\Users\STEEP\Documents\game\phase4_reconstruction\Unity6Project\Library\PackageCache\com.unity.ide.visualstudio@a99d56dec63f;+C:\Users\STEEP\Documents\game\phase4_reconstruction\Unity6Project\Library\PackageCache\com.unity.multiplayer.center@b860850997d0;+C:\Users\STEEP\Documents\game\phase4_reconstruction\Unity6Project\Library\PackageCache\com.unity.purchasing@265595791a69;+C:\Users\STEEP\Documents\game\phase4_reconstruction\Unity6Project\Library\PackageCache\com.unity.test-framework@1405238725ab;+C:\Users\STEEP\Documents\game\phase4_reconstruction\Unity6Project\Library\PackageCache\com.unity.timeline@8cd8509afae5;+C:\Users\STEEP\Documents\game\phase4_reconstruction\Unity6Project\Library\PackageCache\com.unity.ugui@377fd60ad87b;+C:\Users\STEEP\Documents\game\phase4_reconstruction\Unity6Project\Library\PackageCache\com.unity.xr.legacyinputhelpers@3f62d634f63b;+C:\Users\STEEP\Documents\game\phase4_reconstruction\Unity6Project\Library\PackageCache\com.unity.modules.accessibility;+C:\Users\STEEP\Documents\game\phase4_reconstruction\Unity6Project\Library\PackageCache\com.unity.modules.adaptiveperformance;+C:\Users\STEEP\Documents\game\phase4_reconstruction\Unity6Project\Library\PackageCache\com.unity.modules.ai;+C:\Users\STEEP\Documents\game\phase4_reconstruction\Unity6Project\Library\PackageCache\com.unity.modules.androidjni;+C:\Users\STEEP\Documents\game\phase4_reconstruction\Unity6Project\Library\PackageCache\com.unity.modules.animation;+C:\Users\STEEP\Documents\game\phase4_reconstruction\Unity6Project\Library\PackageCache\com.unity.modules.assetbundle;+C:\Users\STEEP\Documents\game\phase4_reconstruction\Unity6Project\Library\PackageCache\com.unity.modules.audio;+C:\Users\STEEP\Documents\game\phase4_reconstruction\Unity6Project\Library\PackageCache\com.unity.modules.cloth;+C:\Users\STEEP\Documents\game\phase4_reconstruction\Unity6Project\Library\PackageCache\com.unity.modules.director;+C:\Users\STEEP\Documents\game\phase4_reconstruction\Unity6Project\Library\PackageCache\com.unity.modules.imageconversion;+C:\Users\STEEP\Documents\game\phase4_reconstruction\Unity6Project\Library\PackageCache\com.unity.modules.imgui;+C:\Users\STEEP\Documents\game\phase4_reconstruction\Unity6Project\Library\PackageCache\com.unity.modules.jsonserialize;+C:\Users\STEEP\Documents\game\phase4_reconstruction\Unity6Project\Library\PackageCache\com.unity.modules.particlesystem;+C:\Users\STEEP\Documents\game\phase4_reconstruction\Unity6Project\Library\PackageCache\com.unity.modules.physics;+C:\Users\STEEP\Documents\game\phase4_reconstruction\Unity6Project\Library\PackageCache\com.unity.modules.physics2d;+C:\Users\STEEP\Documents\game\phase4_reconstruction\Unity6Project\Library\PackageCache\com.unity.modules.physicscore2d;+C:\Users\STEEP\Documents\game\phase4_reconstruction\Unity6Project\Library\PackageCache\com.unity.modules.screencapture;+C:\Users\STEEP\Documents\game\phase4_reconstruction\Unity6Project\Library\PackageCache\com.unity.modules.terrain;+C:\Users\STEEP\Documents\game\phase4_reconstruction\Unity6Project\Library\PackageCache\com.unity.modules.terrainphysics;+C:\Users\STEEP\Documents\game\phase4_reconstruction\Unity6Project\Library\PackageCache\com.unity.modules.tilemap;+C:\Users\STEEP\Documents\game\phase4_reconstruction\Unity6Project\Library\PackageCache\com.unity.modules.ui;+C:\Users\STEEP\Documents\game\phase4_reconstruction\Unity6Project\Library\PackageCache\com.unity.modules.uielements;+C:\Users\STEEP\Documents\game\phase4_reconstruction\Unity6Project\Library\PackageCache\com.unity.modules.umbra;+C:\Users\STEEP\Documents\game\phase4_reconstruction\Unity6Project\Library\PackageCache\com.unity.modules.unityanalytics;+C:\Users\STEEP\Documents\game\phase4_reconstruction\Unity6Project\Library\PackageCache\com.unity.modules.unitywebrequest;+C:\Users\STEEP\Documents\game\phase4_reconstruction\Unity6Project\Library\PackageCache\com.unity.modules.unitywebrequestassetbundle;+C:\Users\STEEP\Documents\game\phase4_reconstruction\Unity6Project\Library\PackageCache\com.unity.modules.unitywebrequestaudio;+C:\Users\STEEP\Documents\game\phase4_reconstruction\Unity6Project\Library\PackageCache\com.unity.modules.unitywebrequesttexture;+C:\Users\STEEP\Documents\game\phase4_reconstruction\Unity6Project\Library\PackageCache\com.unity.modules.unitywebrequestwww;+C:\Users\STEEP\Documents\game\phase4_reconstruction\Unity6Project\Library\PackageCache\com.unity.modules.vectorgraphics;+C:\Users\STEEP\Documents\game\phase4_reconstruction\Unity6Project\Library\PackageCache\com.unity.modules.vehicles;+C:\Users\STEEP\Documents\game\phase4_reconstruction\Unity6Project\Library\PackageCache\com.unity.modules.video;+C:\Users\STEEP\Documents\game\phase4_reconstruction\Unity6Project\Library\PackageCache\com.unity.modules.wind;+C:\Users\STEEP\Documents\game\phase4_reconstruction\Unity6Project\Library\PackageCache\com.unity.modules.xr;+C:\Users\STEEP\Documents\game\phase4_reconstruction\Unity6Project\Library\PackageCache\com.unity.modules.subsystems;+C:\Users\STEEP\Documents\game\phase4_reconstruction\Unity6Project\Library\PackageCache\com.unity.modules.hierarchycore;+C:\Users\STEEP\Documents\game\phase4_reconstruction\Unity6Project\Library\PackageCache\com.unity.ext.nunit@44f7d31723bd;+C:\Users\STEEP\Documents\game\phase4_reconstruction\Unity6Project\Library\PackageCache\com.unity.services.core@3464cb68d709;+C:\Users\STEEP\Documents\game\phase4_reconstruction\Unity6Project\Library\PackageCache\com.unity.services.analytics@cde4e6cf92f9;+C:\Users\STEEP\Documents\game\phase4_reconstruction\Unity6Project\Library\PackageCache\com.unity.nuget.newtonsoft-json@4dfd81071c64;Library/ScriptAssemblies;+C:\Program Files\Unity\Hub\Editor\6000.5.3f1\Editor\Data\Managed" "C:/Program Files/Unity/Hub/Editor/6000.5.3f1/Editor/Data/Managed/UnityEngine.dll" "C:/Program Files/Unity/Hub/Editor/6000.5.3f1/Editor/Data/Managed/UnityEditor.dll"
Filename: C:\Program Files\Unity\Hub\Editor\6000.5.3f1\Editor\Data\DotNetSdk\dotnet.exe
Arguments: "C:/Program Files/Unity/Hub/Editor/6000.5.3f1/Editor/Data/Tools/BuildPipeline/Compilation/ApiUpdater/AssemblyUpdater.dll" update -a "C:/Users/STEEP/Documents/game/phase4_reconstruction/Unity6Project/Library/PackageCache/com.unity.analytics@c9d14a6bdec6/Unity.Analytics.Tracker.dll" --output "C:/Users/STEEP/AppData/Local/Temp/tmp7faffa59.tmp" --api-version 6000.5.3f1  -s "C:\Program Files\Unity\Hub\Editor\6000.5.3f1\Editor\Data\NetStandard\ref\2.1.0;C:\Program Files\Unity\Hub\Editor\6000.5.3f1\Editor\Data\NetStandard\compat\2.1.0\shims\netstandard;C:\Program Files\Unity\Hub\Editor\6000.5.3f1\Editor\Data\NetStandard\compat\2.1.0\shims\netfx;+C:/Users/STEEP/Documents/game/phase4_reconstruction/Unity6Project/Assets;+C:\Users\STEEP\Documents\game\phase4_reconstruction\Unity6Project\Library\PackageCache\com.unity.2d.sprite@053a968eab56;+C:\Users\STEEP\Documents\game\phase4_reconstruction\Unity6Project\Library\PackageCache\com.unity.2d.tilemap@592c6ccaefe1;+C:\Users\STEEP\Documents\game\phase4_reconstruction\Unity6Project\Library\PackageCache\com.unity.ai.navigation@42d896194035;+C:\Users\STEEP\Documents\game\phase4_reconstruction\Unity6Project\Library\PackageCache\com.unity.analytics@c9d14a6bdec6;+C:\Users\STEEP\Documents\game\phase4_reconstruction\Unity6Project\Library\PackageCache\com.unity.collab-proxy@0b1559bcd34e;+C:\Users\STEEP\Documents\game\phase4_reconstruction\Unity6Project\Library\PackageCache\com.unity.ide.rider@1f60b3138684;+C:\Users\STEEP\Documents\game\phase4_reconstruction\Unity6Project\Library\PackageCache\com.unity.ide.visualstudio@a99d56dec63f;+C:\Users\STEEP\Documents\game\phase4_reconstruction\Unity6Project\Library\PackageCache\com.unity.multiplayer.center@b860850997d0;+C:\Users\STEEP\Documents\game\phase4_reconstruction\Unity6Project\Library\PackageCache\com.unity.purchasing@265595791a69;+C:\Users\STEEP\Documents\game\phase4_reconstruction\Unity6Project\Library\PackageCache\com.unity.test-framework@1405238725ab;+C:\Users\STEEP\Documents\game\phase4_reconstruction\Unity6Project\Library\PackageCache\com.unity.timeline@8cd8509afae5;+C:\Users\STEEP\Documents\game\phase4_reconstruction\Unity6Project\Library\PackageCache\com.unity.ugui@377fd60ad87b;+C:\Users\STEEP\Documents\game\phase4_reconstruction\Unity6Project\Library\PackageCache\com.unity.xr.legacyinputhelpers@3f62d634f63b;+C:\Users\STEEP\Documents\game\phase4_reconstruction\Unity6Project\Library\PackageCache\com.unity.modules.accessibility;+C:\Users\STEEP\Documents\game\phase4_reconstruction\Unity6Project\Library\PackageCache\com.unity.modules.adaptiveperformance;+C:\Users\STEEP\Documents\game\phase4_reconstruction\Unity6Project\Library\PackageCache\com.unity.modules.ai;+C:\Users\STEEP\Documents\game\phase4_reconstruction\Unity6Project\Library\PackageCache\com.unity.modules.androidjni;+C:\Users\STEEP\Documents\game\phase4_reconstruction\Unity6Project\Library\PackageCache\com.unity.modules.animation;+C:\Users\STEEP\Documents\game\phase4_reconstruction\Unity6Project\Library\PackageCache\com.unity.modules.assetbundle;+C:\Users\STEEP\Documents\game\phase4_reconstruction\Unity6Project\Library\PackageCache\com.unity.modules.audio;+C:\Users\STEEP\Documents\game\phase4_reconstruction\Unity6Project\Library\PackageCache\com.unity.modules.cloth;+C:\Users\STEEP\Documents\game\phase4_reconstruction\Unity6Project\Library\PackageCache\com.unity.modules.director;+C:\Users\STEEP\Documents\game\phase4_reconstruction\Unity6Project\Library\PackageCache\com.unity.modules.imageconversion;+C:\Users\STEEP\Documents\game\phase4_reconstruction\Unity6Project\Library\PackageCache\com.unity.modules.imgui;+C:\Users\STEEP\Documents\game\phase4_reconstruction\Unity6Project\Library\PackageCache\com.unity.modules.jsonserialize;+C:\Users\STEEP\Documents\game\phase4_reconstruction\Unity6Project\Library\PackageCache\com.unity.modules.particlesystem;+C:\Users\STEEP\Documents\game\phase4_reconstruction\Unity6Project\Library\PackageCache\com.unity.modules.physics;+C:\Users\STEEP\Documents\game\phase4_reconstruction\Unity6Project\Library\PackageCache\com.unity.modules.physics2d;+C:\Users\STEEP\Documents\game\phase4_reconstruction\Unity6Project\Library\PackageCache\com.unity.modules.physicscore2d;+C:\Users\STEEP\Documents\game\phase4_reconstruction\Unity6Project\Library\PackageCache\com.unity.modules.screencapture;+C:\Users\STEEP\Documents\game\phase4_reconstruction\Unity6Project\Library\PackageCache\com.unity.modules.terrain;+C:\Users\STEEP\Documents\game\phase4_reconstruction\Unity6Project\Library\PackageCache\com.unity.modules.terrainphysics;+C:\Users\STEEP\Documents\game\phase4_reconstruction\Unity6Project\Library\PackageCache\com.unity.modules.tilemap;+C:\Users\STEEP\Documents\game\phase4_reconstruction\Unity6Project\Library\PackageCache\com.unity.modules.ui;+C:\Users\STEEP\Documents\game\phase4_reconstruction\Unity6Project\Library\PackageCache\com.unity.modules.uielements;+C:\Users\STEEP\Documents\game\phase4_reconstruction\Unity6Project\Library\PackageCache\com.unity.modules.umbra;+C:\Users\STEEP\Documents\game\phase4_reconstruction\Unity6Project\Library\PackageCache\com.unity.modules.unityanalytics;+C:\Users\STEEP\Documents\game\phase4_reconstruction\Unity6Project\Library\PackageCache\com.unity.modules.unitywebrequest;+C:\Users\STEEP\Documents\game\phase4_reconstruction\Unity6Project\Library\PackageCache\com.unity.modules.unitywebrequestassetbundle;+C:\Users\STEEP\Documents\game\phase4_reconstruction\Unity6Project\Library\PackageCache\com.unity.modules.unitywebrequestaudio;+C:\Users\STEEP\Documents\game\phase4_reconstruction\Unity6Project\Library\PackageCache\com.unity.modules.unitywebrequesttexture;+C:\Users\STEEP\Documents\game\phase4_reconstruction\Unity6Project\Library\PackageCache\com.unity.modules.unitywebrequestwww;+C:\Users\STEEP\Documents\game\phase4_reconstruction\Unity6Project\Library\PackageCache\com.unity.modules.vectorgraphics;+C:\Users\STEEP\Documents\game\phase4_reconstruction\Unity6Project\Library\PackageCache\com.unity.modules.vehicles;+C:\Users\STEEP\Documents\game\phase4_reconstruction\Unity6Project\Library\PackageCache\com.unity.modules.video;+C:\Users\STEEP\Documents\game\phase4_reconstruction\Unity6Project\Library\PackageCache\com.unity.modules.wind;+C:\Users\STEEP\Documents\game\phase4_reconstruction\Unity6Project\Library\PackageCache\com.unity.modules.xr;+C:\Users\STEEP\Documents\game\phase4_reconstruction\Unity6Project\Library\PackageCache\com.unity.modules.subsystems;+C:\Users\STEEP\Documents\game\phase4_reconstruction\Unity6Project\Library\PackageCache\com.unity.modules.hierarchycore;+C:\Users\STEEP\Documents\game\phase4_reconstruction\Unity6Project\Library\PackageCache\com.unity.ext.nunit@44f7d31723bd;+C:\Users\STEEP\Documents\game\phase4_reconstruction\Unity6Project\Library\PackageCache\com.unity.services.core@3464cb68d709;+C:\Users\STEEP\Documents\game\phase4_reconstruction\Unity6Project\Library\PackageCache\com.unity.services.analytics@cde4e6cf92f9;+C:\Users\STEEP\Documents\game\phase4_reconstruction\Unity6Project\Library\PackageCache\com.unity.nuget.newtonsoft-json@4dfd81071c64;Library/ScriptAssemblies;+C:\Program Files\Unity\Hub\Editor\6000.5.3f1\Editor\Data\Managed" "C:/Program Files/Unity/Hub/Editor/6000.5.3f1/Editor/Data/Managed/UnityEngine.dll"
[API Updater] Assemblies not requiring updates:
[API Updater] Packages/com.unity.analytics/AnalyticsStandardEvents/Unity.Analytics.StandardEvents.dll
[API Updater] Packages/com.unity.analytics/Unity.Analytics.Tracker.dll
[API Updater] Packages/com.unity.analytics/Unity.Analytics.Editor.dll
[API Updater] Update finished with success in 4364 ms (0/3 assembly(ies) updated).
Assembly Updater Post Process Assets time: 6.074156s
[ScriptCompilation] Requested script compilation because: Assembly Definition File(s) changed
[ScriptCompilation] Requested script compilation because: AssetDatabase observed changes in script compilation related files
[Licensing::Client] Successfully resolved entitlement details
Starting: C:\Program Files\Unity\Hub\Editor\6000.5.3f1\Editor\Data\Tools\BuildPipeline\bee_backend.exe --ipc --defer-dag-verification --dagfile="Library/Bee/1900b0aE.dag" --continue-on-failure --profile="Library/Bee/backend1.traceevents" ScriptAssemblies
WorkingDir: C:/Users/STEEP/Documents/game/phase4_reconstruction/Unity6Project
ExitCode: 4 Duration: 0s84ms
[             ] Require frontend run.  Library/Bee/1900b0aE.dag couldn't be loaded
DisplayProgressbar: Compiling Scripts
Starting: C:\Program Files\Unity\Hub\Editor\6000.5.3f1\Editor\Data\netcorerun\netcorerun.exe "C:\Program Files\Unity\Hub\Editor\6000.5.3f1\Editor\Data\Tools\BuildPipeline\ScriptCompilationBuildProgram.exe" "Library/Bee/1900b0aE.dag.json" "Library/Bee/1900b0aE-inputdata.json" "Library\Bee\buildprogram0.traceevents"
WorkingDir: C:/Users/STEEP/Documents/game/phase4_reconstruction/Unity6Project
ExitCode: 0 Duration: 3s412ms
Starting: C:\Program Files\Unity\Hub\Editor\6000.5.3f1\Editor\Data\Tools\BuildPipeline\bee_backend.exe --ipc --defer-dag-verification --dagfile="Library/Bee/1900b0aE.dag" --continue-on-failure --dagfilejson="Library\Bee\1900b0aE.dag.json" --profile="Library/Bee/backend2.traceevents" ScriptAssemblies
WorkingDir: C:/Users/STEEP/Documents/game/phase4_reconstruction/Unity6Project
ExitCode: 3 Duration: 29s
Finished compiling graph: 709 nodes, 12727 flattened edges (11689 ToBuild, 124 ToUse), maximum node priority 505
[  1/706    0s] MovedFromExtractor Library/Bee/artifacts/mvdfrm/UnityEditor.QuickInstallModule.dll_A16DF9A96A6E9B33.mvfrm
[  2/706    0s] MovedFromExtractor Library/Bee/artifacts/mvdfrm/UnityEditor.ShaderBuildSettingsModule.dll_8626EFFD5EE3116B.mvfrm
[  3/706    0s] MovedFromExtractor Library/Bee/artifacts/mvdfrm/UnityEditor.UnityConnectModule.dll_BDC8B8E04DCC121A.mvfrm
[  4/706    0s] MovedFromExtractor Library/Bee/artifacts/mvdfrm/UnityEditor.PropertiesModule.dll_68A47BE5EEFAD8D8.mvfrm
[  5/706    0s] MovedFromExtractor Library/Bee/artifacts/mvdfrm/UnityEditor.QuickSearchModule.dll_F7B8809CCE269504.mvfrm
[  6/706    0s] MovedFromExtractor Library/Bee/artifacts/mvdfrm/UnityEditor.ProjectAuditorModule.dll_D950D78F74BA5C6A.mvfrm
[  7/706    0s] MovedFromExtractor Library/Bee/artifacts/mvdfrm/UnityEditor.ShaderCompilationModule.dll_DEB978AD74DA2A1D.mvfrm
[  8/706    0s] MovedFromExtractor Library/Bee/artifacts/mvdfrm/UnityEditor.SafeModeModule.dll_3FB97F9B87E4BEE5.mvfrm
[  9/706    0s] MovedFromExtractor Library/Bee/artifacts/mvdfrm/UnityEditor.PresetsUIModule.dll_39B56F10A4F42D27.mvfrm
[ 10/706    0s] MovedFromExtractor Library/Bee/artifacts/mvdfrm/UnityEditor.SceneTemplateModule.dll_4F6EDBFE19525C05.mvfrm
[ 11/706    0s] MovedFromExtractor Library/Bee/artifacts/mvdfrm/UnityEditor.SketchUpModule.dll_27CE64EBD3165AFC.mvfrm
[ 12/706    0s] MovedFromExtractor Library/Bee/artifacts/mvdfrm/UnityEditor.ShaderFoundryModule.dll_8E4EAC413C01D893.mvfrm
[ 13/706    0s] MovedFromExtractor Library/Bee/artifacts/mvdfrm/UnityEditor.SpriteMaskModule.dll_2495AF379D7F0A16.mvfrm
[ 14/706    0s] MovedFromExtractor Library/Bee/artifacts/mvdfrm/UnityEditor.SceneViewModule.dll_BCFF193697BEA230.mvfrm
[ 15/706    0s] MovedFromExtractor Library/Bee/artifacts/mvdfrm/UnityEditor.TextRenderingModule.dll_9911FE396BAF0D5E.mvfrm
[ 16/706    0s] MovedFromExtractor Library/Bee/artifacts/mvdfrm/UnityEditor.TilemapModule.dll_660417E39C18017D.mvfrm
[ 17/706    0s] MovedFromExtractor Library/Bee/artifacts/mvdfrm/UnityEditor.SubstanceModule.dll_282EC3083253AD2F.mvfrm
[ 18/706    0s] MovedFromExtractor Library/Bee/artifacts/mvdfrm/UnityEditor.TextCoreFontEngineModule.dll_92EE1697F0ACA262.mvfrm
[ 19/706    0s] MovedFromExtractor Library/Bee/artifacts/mvdfrm/UnityEditor.U2DModule.dll_8F3F61AA2A6EA0A6.mvfrm
[ 20/706    0s] MovedFromExtractor Library/Bee/artifacts/mvdfrm/UnityEditor.TextCoreTextEngineModule.dll_DAD64D0980305B80.mvfrm
[ 21/706    0s] MovedFromExtractor Library/Bee/artifacts/mvdfrm/UnityEditor.UIAutomationModule.dll_732F9A5AC55BF5C0.mvfrm
[ 22/706    0s] MovedFromExtractor Library/Bee/artifacts/mvdfrm/UnityEditor.UIElementsModule.dll_938177016EF32E20.mvfrm
[ 23/706    0s] MovedFromExtractor Library/Bee/artifacts/mvdfrm/UnityEditor.SpriteShapeModule.dll_4F3D1159D3F5717B.mvfrm
[ 24/706    0s] MovedFromExtractor Library/Bee/artifacts/mvdfrm/UnityEditor.UIElementsSamplesModule.dll_D2EB163591D6354D.mvfrm
[ 25/706    0s] MovedFromExtractor Library/Bee/artifacts/mvdfrm/UnityEditor.TerrainModule.dll_C707B062845B2074.mvfrm
[ 26/706    0s] MovedFromExtractor Library/Bee/artifacts/mvdfrm/UnityEditor.UIBuilderModule.dll_D2D7E34B15544E56.mvfrm
[ 27/706    0s] MovedFromExtractor Library/Bee/artifacts/mvdfrm/UnityEditor.UmbraModule.dll_99CA09747B4FD388.mvfrm
[ 28/706    0s] MovedFromExtractor Library/Bee/artifacts/mvdfrm/UnityEditor.UIToolkitAuthoringModule.dll_C644AB250F332622.mvfrm
[ 29/706    0s] MovedFromExtractor Library/Bee/artifacts/mvdfrm/UnityEditor.XRModule.dll_D08F6194584CDFEF.mvfrm
[ 30/706    0s] MovedFromExtractor Library/Bee/artifacts/mvdfrm/UnityEngine.HotReloadModule.dll_CE1D705D582BC54A.mvfrm
[ 31/706    0s] MovedFromExtractor Library/Bee/artifacts/mvdfrm/UnityEditor.VectorGraphicsModule.dll_25E3635EB2280D53.mvfrm
[ 32/706    0s] MovedFromExtractor Library/Bee/artifacts/mvdfrm/UnityEditor.dll_2D16139C4519BAF1.mvfrm
[ 33/706    0s] MovedFromExtractor Library/Bee/artifacts/mvdfrm/UnityEditor.VideoModule.dll_43FEE1C6B0BB43BA.mvfrm
[ 34/706    0s] MovedFromExtractor Library/Bee/artifacts/mvdfrm/UnityEngine.AIModule.dll_8DF96B6C3C8E3B38.mvfrm
[ 35/706    0s] MovedFromExtractor Library/Bee/artifacts/mvdfrm/UnityEditor.VFXModule.dll_6366B6C6F4D24047.mvfrm
[ 36/706    0s] MovedFromExtractor Library/Bee/artifacts/mvdfrm/UnityEngine.AndroidJNIModule.dll_11CA5FD4B8129CF6.mvfrm
[ 37/706    0s] MovedFromExtractor Library/Bee/artifacts/mvdfrm/UnityEngine.ARModule.dll_476C306F99AB9A01.mvfrm
[ 38/706    0s] MovedFromExtractor Library/Bee/artifacts/mvdfrm/UnityEngine.AdaptivePerformanceModule.dll_3E903E0AC729332E.mvfrm
[ 39/706    0s] MovedFromExtractor Library/Bee/artifacts/mvdfrm/UnityEngine.AnimationModule.dll_4CD4B2577CF8A9C8.mvfrm
[ 40/706    0s] MovedFromExtractor Library/Bee/artifacts/mvdfrm/UnityEngine.AccessibilityModule.dll_8214479519C883A2.mvfrm
[ 41/706    0s] MovedFromExtractor Library/Bee/artifacts/mvdfrm/UnityEngine.AudioModule.dll_E52219C01FA658BA.mvfrm
[ 42/706    0s] MovedFromExtractor Library/Bee/artifacts/mvdfrm/UnityEngine.ClusterRendererModule.dll_8DFF38D1AB70A321.mvfrm
[ 43/706    0s] MovedFromExtractor Library/Bee/artifacts/mvdfrm/UnityEngine.ClothModule.dll_4C0A76BAF9C3379E.mvfrm
[ 44/706    0s] MovedFromExtractor Library/Bee/artifacts/mvdfrm/UnityEngine.AssetBundleModule.dll_3BA1B38E308D49F6.mvfrm
[ 45/706    0s] MovedFromExtractor Library/Bee/artifacts/mvdfrm/UnityEngine.ContentLoadModule.dll_D4B80CCEFF0FF1E3.mvfrm
[ 46/706    0s] MovedFromExtractor Library/Bee/artifacts/mvdfrm/UnityEngine.CrashReportingModule.dll_F6AE4578CDFC9F87.mvfrm
[ 47/706    0s] MovedFromExtractor Library/Bee/artifacts/mvdfrm/UnityEngine.ClusterInputModule.dll_3D652DF5FF53E4E0.mvfrm
[ 48/706    0s] MovedFromExtractor Library/Bee/artifacts/mvdfrm/UnityEngine.DirectorModule.dll_3AD0421C0BAF966C.mvfrm
[ 49/706    0s] MovedFromExtractor Library/Bee/artifacts/mvdfrm/UnityEngine.DSPGraphModule.dll_4021A3857E10678D.mvfrm
[ 50/706    0s] MovedFromExtractor Library/Bee/artifacts/mvdfrm/UnityEngine.GIModule.dll_2635B479D83D2352.mvfrm
[ 51/706    0s] MovedFromExtractor Library/Bee/artifacts/mvdfrm/UnityEngine.CoreModule.dll_0A909F0C71F81C8F.mvfrm
[ 52/706    0s] MovedFromExtractor Library/Bee/artifacts/mvdfrm/UnityEngine.GameCenterModule.dll_3C17A9EF7E538DE7.mvfrm
[ 53/706    0s] MovedFromExtractor Library/Bee/artifacts/mvdfrm/UnityEditor.TreeModule.dll_451BC0C851B846A3.mvfrm
[ 54/706    0s] MovedFromExtractor Library/Bee/artifacts/mvdfrm/UnityEngine.GraphicsStateCollectionSerializerModule.dll_8A98D2FD827C404A.mvfrm
[ 55/706    0s] MovedFromExtractor Library/Bee/artifacts/mvdfrm/UnityEditor.GraphViewModule.dll_7E4F362EA29BD522.mvfrm
[ 56/706    0s] MovedFromExtractor Library/Bee/artifacts/mvdfrm/UnityEngine.IMGUIModule.dll_1D81B926E5D7EC9B.mvfrm
[ 57/706    0s] MovedFromExtractor Library/Bee/artifacts/mvdfrm/UnityEngine.GridModule.dll_E801BAFA8A4CB286.mvfrm
[ 58/706    0s] MovedFromExtractor Library/Bee/artifacts/mvdfrm/UnityEngine.IdentifiersModule.dll_142B3B83F306180E.mvfrm
[ 59/706    0s] MovedFromExtractor Library/Bee/artifacts/mvdfrm/UnityEngine.InputLegacyModule.dll_CCE6CEACC87EFFE7.mvfrm
[ 60/706    0s] MovedFromExtractor Library/Bee/artifacts/mvdfrm/UnityEngine.InputForUIModule.dll_3ECA0408DE742AA3.mvfrm
[ 61/706    0s] MovedFromExtractor Library/Bee/artifacts/mvdfrm/UnityEngine.InputModule.dll_4B97E17095DE7D5E.mvfrm
[ 62/706    0s] MovedFromExtractor Library/Bee/artifacts/mvdfrm/UnityEngine.HierarchyCoreModule.dll_F92EE46F8875DC98.mvfrm
[ 63/706    0s] MovedFromExtractor Library/Bee/artifacts/mvdfrm/UnityEngine.ImageConversionModule.dll_F9F136822D955B15.mvfrm
[ 64/706    0s] MovedFromExtractor Library/Bee/artifacts/mvdfrm/UnityEngine.LocalizationModule.dll_7BB1F84896CFD7D9.mvfrm
[ 65/706    0s] MovedFromExtractor Library/Bee/artifacts/mvdfrm/UnityEngine.JSONSerializeModule.dll_E22BD0D11903E42C.mvfrm
[ 66/706    0s] MovedFromExtractor Library/Bee/artifacts/mvdfrm/UnityEngine.MarshallingModule.dll_E40A522314B57748.mvfrm
[ 67/706    0s] MovedFromExtractor Library/Bee/artifacts/mvdfrm/UnityEngine.MathematicsModule.dll_60B66167A505412A.mvfrm
[ 68/706    0s] MovedFromExtractor Library/Bee/artifacts/mvdfrm/UnityEngine.InsightsModule.dll_D4970AAC962CE5EB.mvfrm
[ 69/706    0s] MovedFromExtractor Library/Bee/artifacts/mvdfrm/UnityEngine.ParticleSystemModule.dll_49C08EC53C0E2B15.mvfrm
[ 70/706    0s] MovedFromExtractor Library/Bee/artifacts/mvdfrm/UnityEngine.Physics2DModule.dll_997AA2481DF5A15D.mvfrm
[ 71/706    0s] MovedFromExtractor Library/Bee/artifacts/mvdfrm/UnityEngine.PerformanceReportingModule.dll_16A9E2F96622004E.mvfrm
[ 72/706    0s] MovedFromExtractor Library/Bee/artifacts/mvdfrm/UnityEngine.MultiplayerModule.dll_BB49D01AE954D76E.mvfrm
[ 73/706    0s] MovedFromExtractor Library/Bee/artifacts/mvdfrm/UnityEngine.PhysicsModule.dll_9F3BED9E13ABBECB.mvfrm
[ 74/706    0s] MovedFromExtractor Library/Bee/artifacts/mvdfrm/UnityEngine.RenderAs2DModule.dll_AA8AABB3D0993C5A.mvfrm
[ 75/706    0s] MovedFromExtractor Library/Bee/artifacts/mvdfrm/UnityEngine.PhysicsCore2DModule.dll_6FD81F40786D788C.mvfrm
[ 76/706    0s] MovedFromExtractor Library/Bee/artifacts/mvdfrm/UnityEngine.PhysicsBackendPhysXModule.dll_18A42597A9E575ED.mvfrm
[ 77/706    0s] MovedFromExtractor Library/Bee/artifacts/mvdfrm/UnityEngine.PropertiesModule.dll_6952E92DF13EF223.mvfrm
[ 78/706    0s] MovedFromExtractor Library/Bee/artifacts/mvdfrm/UnityEngine.ScreenCaptureModule.dll_FC137E562D70108E.mvfrm
[ 79/706    0s] MovedFromExtractor Library/Bee/artifacts/mvdfrm/UnityEngine.ScriptingModule.dll_63F60B1DFC80587B.mvfrm
[ 80/706    0s] MovedFromExtractor Library/Bee/artifacts/mvdfrm/UnityEngine.ShaderVariantAnalyticsModule.dll_E67B75BE5D7C94F6.mvfrm
[ 81/706    0s] MovedFromExtractor Library/Bee/artifacts/mvdfrm/UnityEngine.RuntimeInitializeOnLoadManagerInitializerModule.dll_C586C5FB4EC54C26.mvfrm
[ 82/706    0s] MovedFromExtractor Library/Bee/artifacts/mvdfrm/UnityEngine.SharedInternalsModule.dll_7E027557A4C35665.mvfrm
[ 83/706    0s] MovedFromExtractor Library/Bee/artifacts/mvdfrm/UnityEngine.SpriteShapeModule.dll_5502E0E8E62F8200.mvfrm
[ 84/706    0s] MovedFromExtractor Library/Bee/artifacts/mvdfrm/UnityEngine.SubstanceModule.dll_DE14B3F117D35F14.mvfrm
[ 85/706    0s] MovedFromExtractor Library/Bee/artifacts/mvdfrm/UnityEngine.StreamingModule.dll_01699FA7CC806106.mvfrm
[ 86/706    0s] MovedFromExtractor Library/Bee/artifacts/mvdfrm/UnityEngine.TLSModule.dll_EEA9C0AB8E14E4DF.mvfrm
[ 87/706    0s] MovedFromExtractor Library/Bee/artifacts/mvdfrm/UnityEngine.SpriteMaskModule.dll_25441C7F9FC32361.mvfrm
[ 88/706    0s] MovedFromExtractor Library/Bee/artifacts/mvdfrm/UnityEngine.SubsystemsModule.dll_8FF182E16E0B0B74.mvfrm
[ 89/706    0s] MovedFromExtractor Library/Bee/artifacts/mvdfrm/UnityEngine.TerrainPhysicsModule.dll_4A3B3798555125A2.mvfrm
[ 90/706    0s] MovedFromExtractor Library/Bee/artifacts/mvdfrm/UnityEngine.TerrainModule.dll_B982690CE96A07B9.mvfrm
[ 91/706    0s] MovedFromExtractor Library/Bee/artifacts/mvdfrm/UnityEngine.TextRenderingModule.dll_2552F060E4A79083.mvfrm
[ 92/706    0s] MovedFromExtractor Library/Bee/artifacts/mvdfrm/UnityEngine.TextCoreTextEngineModule.dll_5935C85C932E1A4B.mvfrm
[ 93/706    0s] MovedFromExtractor Library/Bee/artifacts/mvdfrm/UnityEditor.GIModule.dll_E7C722EA6CBFEF87.mvfrm
[ 94/706    0s] MovedFromExtractor Library/Bee/artifacts/mvdfrm/UnityEngine.TextCoreFontEngineModule.dll_114D91EB03AA612D.mvfrm
[ 95/706    0s] MovedFromExtractor Library/Bee/artifacts/mvdfrm/UnityEngine.U2DRuntimeModule.dll_60CDD3A83E668181.mvfrm
[ 96/706    0s] MovedFromExtractor Library/Bee/artifacts/mvdfrm/UnityEditor.GenericRemoteModule.dll_8BD4AB490274297C.mvfrm
[ 97/706    0s] MovedFromExtractor Library/Bee/artifacts/mvdfrm/UnityEngine.UIElementsModule.dll_942FE4497137476B.mvfrm
[ 98/706    0s] MovedFromExtractor Library/Bee/artifacts/mvdfrm/UnityEngine.TilemapModule.dll_587ED08E0126E8C2.mvfrm
[ 99/706    0s] MovedFromExtractor Library/Bee/artifacts/mvdfrm/UnityEditor.GraphToolkitModule.dll_DE6B901519975B85.mvfrm
[100/706    0s] MovedFromExtractor Library/Bee/artifacts/mvdfrm/UnityEngine.UIModule.dll_896D099998D540E4.mvfrm
[101/706    0s] MovedFromExtractor Library/Bee/artifacts/mvdfrm/UnityEditor.EmbreeModule.dll_34BFD1AF4FE0EE2D.mvfrm
[102/706    0s] MovedFromExtractor Library/Bee/artifacts/mvdfrm/UnityEditor.ClothModule.dll_85DDBA56C84606F9.mvfrm
[103/706    0s] MovedFromExtractor Library/Bee/artifacts/mvdfrm/UnityEditor.EditorToolbarModule.dll_2BCF6B401A65B1CD.mvfrm
[104/706    0s] MovedFromExtractor Library/Bee/artifacts/mvdfrm/UnityEditor.ContentLoadModule.dll_CEF23D3FECD5E15E.mvfrm
[105/706    0s] MovedFromExtractor Library/Bee/artifacts/mvdfrm/UnityEditor.DeviceSimulatorModule.dll_885276603BB5959D.mvfrm
[106/706    0s] MovedFromExtractor Library/Bee/artifacts/mvdfrm/UnityEditor.DiagnosticsModule.dll_6CA8FF8F754F98AB.mvfrm
[107/706    0s] MovedFromExtractor Library/Bee/artifacts/mvdfrm/UnityEditor.CoreBusinessMetricsModule.dll_FDEBA2CEB22B0F23.mvfrm
[108/706    0s] MovedFromExtractor Library/Bee/artifacts/mvdfrm/UnityEditor.BuildProfileModule.dll_C28EAB6A28E82D00.mvfrm
[109/706    0s] MovedFromExtractor Library/Bee/artifacts/mvdfrm/UnityEditor.AIModule.dll_4F8AD9DCD111076D.mvfrm
[110/706    0s] MovedFromExtractor Library/Bee/artifacts/mvdfrm/UnityEditor.AccessibilityModule.dll_F5D3556DA0D0007D.mvfrm
[111/706    0s] MovedFromExtractor Library/Bee/artifacts/mvdfrm/UnityEditor.AdaptivePerformanceModule.dll_7E00A9548BE3E029.mvfrm
[112/706    0s] MovedFromExtractor Library/Bee/artifacts/mvdfrm/UnityEditor.AssetComplianceModule.dll_C12D864EB67179CA.mvfrm
[113/706    0s] MovedFromExtractor Library/Bee/artifacts/mvdfrm/UnityEngine.UnityConsentModule.dll_7CCDD41B555EA915.mvfrm
[114/706    0s] MovedFromExtractor Library/Bee/artifacts/mvdfrm/UnityEngine.UmbraModule.dll_5FF6C5D8ACCD042D.mvfrm
[115/706    0s] MovedFromExtractor Library/Bee/artifacts/mvdfrm/UnityEngine.UnityAnalyticsCommonModule.dll_B1E8A03D800A9EAC.mvfrm
[116/706    0s] MovedFromExtractor Library/Bee/artifacts/mvdfrm/UnityEditor.CoreModule.dll_E76FCBB9C9F2B164.mvfrm
[117/706    0s] MovedFromExtractor Library/Bee/artifacts/mvdfrm/UnityEngine.UnityCurlModule.dll_7FF15388ED0C9BB5.mvfrm
[118/706    0s] MovedFromExtractor Library/Bee/artifacts/mvdfrm/UnityEngine.UnityConnectModule.dll_AB283CEF485412C5.mvfrm
[119/706    0s] MovedFromExtractor Library/Bee/artifacts/mvdfrm/UnityEngine.XRModule.dll_0EFDF323C3CA13BA.mvfrm
[120/706    0s] MovedFromExtractor Library/Bee/artifacts/mvdfrm/UnityEngine.UnityWebRequestAssetBundleModule.dll_7B7C367184D784A2.mvfrm
[121/706    0s] MovedFromExtractor Library/Bee/artifacts/mvdfrm/UnityEngine.UnityAnalyticsModule.dll_695FFF8EE8357D11.mvfrm
[122/706    0s] MovedFromExtractor Library/Bee/artifacts/mvdfrm/UnityEngine.UnityWebRequestWWWModule.dll_23F80DB882EDD6B7.mvfrm
[123/706    0s] MovedFromExtractor Library/Bee/artifacts/mvdfrm/UnityEngine.UnityWebRequestTextureModule.dll_25C1580DB1B0597B.mvfrm
[124/706    0s] MovedFromExtractor Library/Bee/artifacts/mvdfrm/UnityEngine.UnityWebRequestModule.dll_0B903E2C3889F594.mvfrm
[125/706    0s] MovedFromExtractor Library/Bee/artifacts/mvdfrm/UnityEngine.VehiclesModule.dll_B2933B9B85D96607.mvfrm
[126/706    0s] MovedFromExtractor Library/Bee/artifacts/mvdfrm/UnityEngine.UnityWebRequestAudioModule.dll_8EA636D7EC8CCAE6.mvfrm
[127/706    0s] MovedFromExtractor Library/Bee/artifacts/mvdfrm/UnityEngine.VideoModule.dll_0A2B9E2AE238745F.mvfrm
[128/706    0s] MovedFromExtractor Library/Bee/artifacts/mvdfrm/UnityEngine.VectorGraphicsModule.dll_E107C4F9CE14A15E.mvfrm
[129/706    0s] MovedFromExtractor Library/Bee/artifacts/mvdfrm/UnityEngine.VFXModule.dll_6F88591A64824E4C.mvfrm
[130/706    0s] MovedFromExtractor Library/Bee/artifacts/mvdfrm/UnityEngine.VirtualTexturingModule.dll_2B6C404784373A6D.mvfrm
[131/706    0s] MovedFromExtractor Library/Bee/artifacts/mvdfrm/UnityEngine.WindModule.dll_80DF7A35032E9AF8.mvfrm
[132/706    0s] MovedFromExtractor Library/Bee/artifacts/mvdfrm/Unity.Scripting.dll_47388DFE1FDC74DD.mvfrm
[133/706    0s] WriteText Library/Bee/artifacts/1900b0aE.dag/UnityEngine.UI.rsp2
[134/706    0s] WriteText Library/Bee/artifacts/1900b0aE.dag/UnityEngine.UI.UnityAdditionalFile.txt
[135/706    0s] MovedFromExtractor Library/Bee/artifacts/mvdfrm/UnityEngine.dll_5FBA5A74A38D47D6.mvfrm
[136/706    0s] MovedFromExtractor Library/Bee/artifacts/mvdfrm/UnityEditor.PhysicsModule.dll_ACC134F3AE9CD786.mvfrm
[137/706    0s] MovedFromExtractor Library/Bee/artifacts/mvdfrm/UnityEditor.PlayModeModule.dll_85AD715526ADCE4C.mvfrm
[138/706    0s] MovedFromExtractor Library/Bee/artifacts/mvdfrm/UnityEditor.PhysicsCore2DModule.dll_E3972D18FF74F567.mvfrm
[139/706    0s] MovedFromExtractor Library/Bee/artifacts/mvdfrm/UnityEditor.Physics2DModule.dll_E394B15F3875EF78.mvfrm
[140/706    0s] MovedFromExtractor Library/Bee/artifacts/mvdfrm/UnityEditor.MultiplayerModule.dll_B584008BD71AC6E9.mvfrm
[141/706    0s] MovedFromExtractor Library/Bee/artifacts/mvdfrm/UnityEditor.MediaModule.dll_EAB576ED6C75B0A3.mvfrm
[142/706    0s] MovedFromExtractor Library/Bee/artifacts/mvdfrm/UnityEditor.LightingModule.dll_39C0F717DAD08811.mvfrm
[143/706    0s] MovedFromExtractor Library/Bee/artifacts/mvdfrm/UnityEditor.MathematicsModule.dll_5AF091D892CB30A5.mvfrm
[144/706    0s] WriteText Library/Bee/artifacts/1900b0aE.dag/UnityEngine.TestRunner.rsp2
[145/706    0s] WriteText Library/Bee/artifacts/1900b0aE.dag/UnityEngine.TestRunner.UnityAdditionalFile.txt
[146/706    0s] WriteText Library/Bee/artifacts/1900b0aE.dag/UnityEngine.UI.dll.mvfrm.rsp
[147/706    0s] WriteText Library/Bee/artifacts/1900b0aE.dag/UnityEngine.UI.rsp
[148/706    0s] WriteText Library/Bee/artifacts/1900b0aE.dag/UnityEngine.TestRunner.dll.mvfrm.rsp
[149/706    0s] WriteText Library/Bee/artifacts/1900b0aE.dag/UnityEngine.TestRunner.rsp
[150/706    0s] MovedFromExtractor Library/Bee/artifacts/mvdfrm/UnityEditor.GraphicsStateCollectionSerializerModule.dll_81A5060DB57CF6E5.mvfrm
[151/706    0s] WriteText Library/Bee/artifacts/1900b0aE.dag/UnityEditor.TestRunner.rsp2
[152/706    0s] WriteText Library/Bee/artifacts/1900b0aE.dag/UnityEditor.TestRunner.UnityAdditionalFile.txt
[153/706    0s] WriteText Library/Bee/artifacts/1900b0aE.dag/UnityEditor.UI.UnityAdditionalFile.txt
[154/706    0s] MovedFromExtractor Library/Bee/artifacts/mvdfrm/UnityEditor.HierarchyModule.dll_6BC33D0A607B13E4.mvfrm
[155/706    0s] WriteText Library/Bee/artifacts/1900b0aE.dag/UnityEditor.UI.rsp2
[156/706    0s] WriteText Library/Bee/artifacts/1900b0aE.dag/UnityEditor.TestRunner.dll.mvfrm.rsp
[157/706    0s] WriteText Library/Bee/artifacts/1900b0aE.dag/UnityEditor.UI.dll.mvfrm.rsp
[158/706    0s] WriteText Library/Bee/artifacts/1900b0aE.dag/UnityEditor.TestRunner.rsp
[159/706    0s] WriteText Library/Bee/artifacts/1900b0aE.dag/UnityEditor.UI.rsp
[160/706    0s] WriteText Library/Bee/artifacts/1900b0aE.dag/Unity.Services.Core.rsp2
[161/706    0s] WriteText Library/Bee/artifacts/1900b0aE.dag/Unity.Services.Core.UnityAdditionalFile.txt
[162/706    0s] WriteText Library/Bee/artifacts/1900b0aE.dag/Unity.Services.Core.rsp
[163/706    0s] WriteText Library/Bee/artifacts/1900b0aE.dag/Unity.Services.Core.dll.mvfrm.rsp
[164/706    0s] WriteText Library/Bee/artifacts/1900b0aE.dag/Unity.Services.Core.Internal.UnityAdditionalFile.txt
[165/706    0s] WriteText Library/Bee/artifacts/1900b0aE.dag/Unity.Services.Core.Internal.rsp2
[166/706    0s] WriteText Library/Bee/artifacts/1900b0aE.dag/Unity.Services.Core.Internal.dll.mvfrm.rsp
[167/706    0s] WriteText Library/Bee/artifacts/1900b0aE.dag/Unity.Services.Core.Internal.rsp
[168/706    0s] WriteText Library/Bee/artifacts/1900b0aE.dag/Unity.Services.Core.Environments.UnityAdditionalFile.txt
[169/706    0s] MovedFromExtractor Library/Bee/artifacts/mvdfrm/UnityEditor.Graphs.dll_D050BD47EF0ED796.mvfrm
[170/706    0s] MovedFromExtractor Library/Bee/artifacts/mvdfrm/UnityEditor.GridModule.dll_C4E0E7A7E247475B.mvfrm
[171/706    0s] WriteText Library/Bee/artifacts/1900b0aE.dag/Purchasing.Common.rsp2
[172/706    0s] WriteText Library/Bee/artifacts/1900b0aE.dag/Unity.Services.Core.Environments.rsp2
[173/706    0s] WriteText Library/Bee/artifacts/1900b0aE.dag/Purchasing.Common.UnityAdditionalFile.txt
[174/706    0s] WriteText Library/Bee/artifacts/1900b0aE.dag/UnityEngine.Purchasing.SecurityCore.UnityAdditionalFile.txt
[175/706    0s] MovedFromExtractor Library/Bee/artifacts/mvdfrm/UnityEditor.GridAndSnapModule.dll_7661E610F8B4559A.mvfrm
[176/706    0s] MovedFromExtractor Library/Bee/artifacts/mvdfrm/UnityEditor.WindowsStandalone.Extensions.dll_28A87FBB6A341A7C.mvfrm
[177/706    0s] WriteText Library/Bee/artifacts/1900b0aE.dag/Unity.Services.Core.Environments.dll.mvfrm.rsp
[178/706    0s] WriteText Library/Bee/artifacts/1900b0aE.dag/Unity.Services.Analytics.rsp2
[179/706    0s] WriteText Library/Bee/artifacts/1900b0aE.dag/Unity.Services.Analytics.UnityAdditionalFile.txt
[180/706    0s] WriteText Library/Bee/artifacts/1900b0aE.dag/UnityEngine.Purchasing.SecurityCore.rsp2
[181/706    0s] WriteText Library/Bee/artifacts/1900b0aE.dag/Unity.Services.Analytics.dll.mvfrm.rsp
[182/706    0s] WriteText Library/Bee/artifacts/1900b0aE.dag/Unity.Services.Core.Environments.rsp
[183/706    0s] WriteText Library/Bee/artifacts/1900b0aE.dag/Purchasing.Common.dll.mvfrm.rsp
[184/706    0s] WriteText Library/Bee/artifacts/1900b0aE.dag/UnityEngine.Purchasing.SecurityCore.dll.mvfrm.rsp
[185/706    0s] WriteText Library/Bee/artifacts/1900b0aE.dag/Purchasing.Common.rsp
[186/706    0s] WriteText Library/Bee/artifacts/1900b0aE.dag/UnityEngine.Purchasing.SecurityCore.rsp
[187/706    0s] WriteText Library/Bee/artifacts/1900b0aE.dag/UnityEngine.Purchasing.AppleCore.rsp2
[188/706    0s] WriteText Library/Bee/artifacts/1900b0aE.dag/Unity.Services.Analytics.rsp
[189/706    0s] WriteText Library/Bee/artifacts/1900b0aE.dag/UnityEngine.Purchasing.AppleCore.UnityAdditionalFile.txt
[190/706    0s] WriteText Library/Bee/artifacts/1900b0aE.dag/UnityEngine.Purchasing.WinRTCore.UnityAdditionalFile.txt
[191/706    0s] WriteText Library/Bee/artifacts/1900b0aE.dag/UnityEngine.Purchasing.WinRTCore.rsp2
[192/706    0s] WriteText Library/Bee/artifacts/1900b0aE.dag/UnityEngine.Purchasing.rsp2
[193/706    0s] WriteText Library/Bee/artifacts/1900b0aE.dag/UnityEngine.Purchasing.UnityAdditionalFile.txt
[194/706    0s] WriteText Library/Bee/artifacts/1900b0aE.dag/UnityEngine.Purchasing.AppleCore.dll.mvfrm.rsp
[195/706    0s] WriteText Library/Bee/artifacts/1900b0aE.dag/UnityEngine.Purchasing.AppleCore.rsp
[196/706    0s] WriteText Library/Bee/artifacts/1900b0aE.dag/UnityEngine.Purchasing.WinRTCore.dll.mvfrm.rsp
[197/706    0s] WriteText Library/Bee/artifacts/1900b0aE.dag/UnityEngine.Purchasing.SecurityStub.UnityAdditionalFile.txt
[198/706    0s] WriteText Library/Bee/artifacts/1900b0aE.dag/UnityEngine.Purchasing.SecurityStub.rsp2
[199/706    0s] WriteText Library/Bee/artifacts/1900b0aE.dag/UnityEngine.Purchasing.WinRTCore.rsp
[200/706    0s] WriteText Library/Bee/artifacts/1900b0aE.dag/UnityEngine.Purchasing.dll.mvfrm.rsp
[201/706    0s] WriteText Library/Bee/artifacts/1900b0aE.dag/UnityEngine.Purchasing.rsp
[202/706    0s] WriteText Library/Bee/artifacts/1900b0aE.dag/UnityEngine.Purchasing.SecurityStub.dll.mvfrm.rsp
[203/706    0s] WriteText Library/Bee/artifacts/1900b0aE.dag/Unity.Services.Core.Configuration.UnityAdditionalFile.txt
[204/706    0s] WriteText Library/Bee/artifacts/1900b0aE.dag/UnityEngine.Purchasing.SecurityStub.rsp
[205/706    0s] WriteText Library/Bee/artifacts/1900b0aE.dag/UnityEngine.Purchasing.WinRTStub.rsp2
[206/706    0s] WriteText Library/Bee/artifacts/1900b0aE.dag/Unity.Services.Core.Configuration.rsp2
[207/706    0s] WriteText Library/Bee/artifacts/1900b0aE.dag/UnityEngine.Purchasing.AppleMacosStub.UnityAdditionalFile.txt
[208/706    0s] WriteText Library/Bee/artifacts/1900b0aE.dag/UnityEngine.Purchasing.AppleStub.rsp2
[209/706    0s] WriteText Library/Bee/artifacts/1900b0aE.dag/UnityEngine.Purchasing.AppleStub.UnityAdditionalFile.txt
[210/706    0s] WriteText Library/Bee/artifacts/1900b0aE.dag/UnityEngine.Purchasing.AppleMacosStub.rsp2
[211/706    0s] WriteText Library/Bee/artifacts/1900b0aE.dag/UnityEngine.Purchasing.AppleStub.dll.mvfrm.rsp
[212/706    0s] WriteText Library/Bee/artifacts/1900b0aE.dag/Unity.Services.Core.Configuration.dll.mvfrm.rsp
[213/706    0s] WriteText Library/Bee/artifacts/1900b0aE.dag/UnityEngine.Purchasing.AppleMacosStub.dll.mvfrm.rsp
[214/706    0s] WriteText Library/Bee/artifacts/1900b0aE.dag/UnityEngine.Purchasing.WinRTStub.UnityAdditionalFile.txt
[215/706    0s] WriteText Library/Bee/artifacts/1900b0aE.dag/Unity.Services.Core.Telemetry.rsp2
[216/706    0s] WriteText Library/Bee/artifacts/1900b0aE.dag/UnityEngine.Purchasing.WinRTStub.dll.mvfrm.rsp
[217/706    0s] WriteText Library/Bee/artifacts/1900b0aE.dag/Unity.Services.Core.Scheduler.UnityAdditionalFile.txt
[218/706    0s] WriteText Library/Bee/artifacts/1900b0aE.dag/Unity.Services.Core.Telemetry.UnityAdditionalFile.txt
[219/706    0s] WriteText Library/Bee/artifacts/1900b0aE.dag/Unity.Services.Core.Scheduler.rsp2
[220/706    0s] WriteText Library/Bee/artifacts/1900b0aE.dag/UnityEngine.Purchasing.WinRTStub.rsp
[221/706    0s] WriteText Library/Bee/artifacts/1900b0aE.dag/UnityEngine.Purchasing.AppleMacosStub.rsp
[222/706    0s] WriteText Library/Bee/artifacts/1900b0aE.dag/Unity.Services.Core.Configuration.rsp
[223/706    0s] WriteText Library/Bee/artifacts/1900b0aE.dag/UnityEngine.Purchasing.AppleStub.rsp
[224/706    0s] WriteText Library/Bee/artifacts/1900b0aE.dag/Unity.Services.Core.Device.UnityAdditionalFile.txt
[225/706    0s] WriteText Library/Bee/artifacts/1900b0aE.dag/Unity.Services.Core.Threading.rsp2
[226/706    0s] WriteText Library/Bee/artifacts/1900b0aE.dag/UnityEngine.SpatialTracking.UnityAdditionalFile.txt
[227/706    0s] WriteText Library/Bee/artifacts/1900b0aE.dag/UnityEngine.SpatialTracking.rsp2
[228/706    0s] WriteText Library/Bee/artifacts/1900b0aE.dag/Unity.Services.Core.Device.rsp2
[229/706    0s] WriteText Library/Bee/artifacts/1900b0aE.dag/Unity.Services.Core.Environments.Internal.UnityAdditionalFile.txt
[230/706    0s] WriteText Library/Bee/artifacts/1900b0aE.dag/Unity.Services.Core.Environments.Internal.rsp2
[231/706    0s] WriteText Library/Bee/artifacts/1900b0aE.dag/Unity.Services.Core.Scheduler.dll.mvfrm.rsp
[232/706    0s] WriteText Library/Bee/artifacts/1900b0aE.dag/Unity.Services.Core.Threading.UnityAdditionalFile.txt
[233/706    0s] WriteText Library/Bee/artifacts/1900b0aE.dag/Unity.AI.Navigation.Editor.ConversionSystem.rsp2
[234/706    0s] WriteText Library/Bee/artifacts/1900b0aE.dag/Unity.AI.Navigation.rsp2
[235/706    0s] WriteText Library/Bee/artifacts/1900b0aE.dag/Unity.Services.Core.Telemetry.dll.mvfrm.rsp
[236/706    0s] WriteText Library/Bee/artifacts/1900b0aE.dag/UnityEngine.Purchasing.Stores.UnityAdditionalFile.txt
[237/706    0s] WriteText Library/Bee/artifacts/1900b0aE.dag/Unity.AI.Navigation.Editor.ConversionSystem.UnityAdditionalFile.txt
[238/706    0s] WriteText Library/Bee/artifacts/1900b0aE.dag/Unity.AI.Navigation.UnityAdditionalFile.txt
[239/706    0s] WriteText Library/Bee/artifacts/1900b0aE.dag/UnityEngine.Purchasing.Stores.rsp2
[240/706    0s] WriteText Library/Bee/artifacts/1900b0aE.dag/Unity.Services.Core.Threading.dll.mvfrm.rsp
[241/706    0s] WriteText Library/Bee/artifacts/1900b0aE.dag/Unity.InternalAPIEngineBridge.004.rsp2
[242/706    0s] WriteText Library/Bee/artifacts/1900b0aE.dag/Unity.InternalAPIEngineBridge.004.UnityAdditionalFile.txt
[243/706    0s] WriteText Library/Bee/artifacts/1900b0aE.dag/Unity.Services.Core.Environments.Internal.dll.mvfrm.rsp
[244/706    0s] WriteText Library/Bee/artifacts/1900b0aE.dag/Unity.Services.Core.Scheduler.rsp
[245/706    0s] WriteText Library/Bee/artifacts/1900b0aE.dag/Unity.Services.Core.Telemetry.rsp
[246/706    0s] WriteText Library/Bee/artifacts/1900b0aE.dag/Unity.Services.Core.Device.rsp
[247/706    0s] WriteText Library/Bee/artifacts/1900b0aE.dag/Unity.Services.Core.Device.dll.mvfrm.rsp
[248/706    0s] WriteText Library/Bee/artifacts/1900b0aE.dag/Unity.Services.Core.Environments.Internal.rsp
[249/706    0s] WriteText Library/Bee/artifacts/1900b0aE.dag/Unity.Services.Core.Components.UnityAdditionalFile.txt
[250/706    0s] WriteText Library/Bee/artifacts/1900b0aE.dag/Unity.Services.Core.Threading.rsp
[251/706    0s] WriteText Library/Bee/artifacts/1900b0aE.dag/Unity.AI.Navigation.dll.mvfrm.rsp
[252/706    0s] WriteText Library/Bee/artifacts/1900b0aE.dag/UnityEngine.SpatialTracking.rsp
[253/706    0s] WriteText Library/Bee/artifacts/1900b0aE.dag/Unity.Services.Core.Components.rsp2
[254/706    0s] WriteText Library/Bee/artifacts/1900b0aE.dag/UnityEngine.SpatialTracking.dll.mvfrm.rsp
[255/706    0s] WriteText Library/Bee/artifacts/1900b0aE.dag/UnityEngine.Purchasing.Stores.dll.mvfrm.rsp
[256/706    0s] WriteText Library/Bee/artifacts/1900b0aE.dag/Unity.AI.Navigation.Editor.ConversionSystem.dll.mvfrm.rsp
[257/706    0s] WriteText Library/Bee/artifacts/1900b0aE.dag/Unity.InternalAPIEngineBridge.004.dll.mvfrm.rsp
[258/706    0s] WriteText Library/Bee/artifacts/1900b0aE.dag/Unity.Services.Core.Configuration.Editor.UnityAdditionalFile.txt
[259/706    0s] WriteText Library/Bee/artifacts/1900b0aE.dag/Unity.Services.Core.Configuration.Editor.rsp2
[260/706    0s] WriteText Library/Bee/artifacts/1900b0aE.dag/Unity.AI.Navigation.rsp
[261/706    0s] WriteText Library/Bee/artifacts/1900b0aE.dag/Unity.AI.Navigation.Editor.ConversionSystem.rsp
[262/706    0s] WriteText Library/Bee/artifacts/1900b0aE.dag/UnityEngine.Purchasing.Stores.rsp
[263/706    0s] WriteText Library/Bee/artifacts/1900b0aE.dag/Unity.Services.Core.Components.dll.mvfrm.rsp
[264/706    0s] WriteText Library/Bee/artifacts/1900b0aE.dag/Unity.Services.Core.Registration.UnityAdditionalFile.txt
[265/706    0s] WriteText Library/Bee/artifacts/1900b0aE.dag/Unity.Services.Core.Networking.rsp2
[266/706    0s] WriteText Library/Bee/artifacts/1900b0aE.dag/Unity.Services.Core.Configuration.Editor.dll.mvfrm.rsp
[267/706    0s] WriteText Library/Bee/artifacts/1900b0aE.dag/Unity.Services.Core.Registration.rsp2
[268/706    0s] WriteText Library/Bee/artifacts/1900b0aE.dag/Unity.Services.Core.Networking.UnityAdditionalFile.txt
[269/706    0s] WriteText Library/Bee/artifacts/1900b0aE.dag/Unity.InternalAPIEngineBridge.004.rsp
[270/706    0s] WriteText Library/Bee/artifacts/1900b0aE.dag/Unity.Services.Core.Components.rsp
[271/706    0s] WriteText Library/Bee/artifacts/1900b0aE.dag/Unity.Services.Core.Registration.dll.mvfrm.rsp
[272/706    0s] WriteText Library/Bee/artifacts/1900b0aE.dag/Unity.Services.Core.Networking.dll.mvfrm.rsp
[273/706    0s] WriteText Library/Bee/artifacts/1900b0aE.dag/Unity.Services.Core.Configuration.Editor.rsp
[274/706    0s] WriteText Library/Bee/artifacts/1900b0aE.dag/Unity.Services.Core.Registration.rsp
[275/706    0s] WriteText Library/Bee/artifacts/1900b0aE.dag/Unity.TextMeshPro.rsp2
[276/706    0s] WriteText Library/Bee/artifacts/1900b0aE.dag/UnityEngine.XR.LegacyInputHelpers.rsp2
[277/706    0s] WriteText Library/Bee/artifacts/1900b0aE.dag/Unity.TextMeshPro.UnityAdditionalFile.txt
[278/706    0s] WriteText Library/Bee/artifacts/1900b0aE.dag/UnityEngine.XR.LegacyInputHelpers.UnityAdditionalFile.txt
[279/706    0s] WriteText Library/Bee/artifacts/1900b0aE.dag/Unity.Services.Core.Editor.rsp2
[280/706    0s] WriteText Library/Bee/artifacts/1900b0aE.dag/Unity.Services.Core.Networking.rsp
[281/706    0s] WriteText Library/Bee/artifacts/1900b0aE.dag/Unity.Multiplayer.Center.Common.UnityAdditionalFile.txt
[282/706    0s] WriteText Library/Bee/artifacts/1900b0aE.dag/Unity.AI.Navigation.Editor.UnityAdditionalFile.txt
[283/706    0s] WriteText Library/Bee/artifacts/1900b0aE.dag/UnityEngine.Purchasing.Codeless.UnityAdditionalFile.txt
[284/706    0s] WriteText Library/Bee/artifacts/1900b0aE.dag/Unity.Multiplayer.Center.Common.rsp2
[285/706    0s] WriteText Library/Bee/artifacts/1900b0aE.dag/Unity.Timeline.UnityAdditionalFile.txt
[286/706    0s] WriteText Library/Bee/artifacts/1900b0aE.dag/Unity.Services.Core.Editor.UnityAdditionalFile.txt
[287/706    0s] WriteText Library/Bee/artifacts/1900b0aE.dag/Unity.Timeline.rsp2
[288/706    0s] WriteText Library/Bee/artifacts/1900b0aE.dag/Unity.AI.Navigation.Editor.rsp2
[289/706    0s] WriteText Library/Bee/artifacts/1900b0aE.dag/UnityEngine.Purchasing.Codeless.rsp2
[290/706    0s] WriteText Library/Bee/artifacts/1900b0aE.dag/Unity.TextMeshPro.dll.mvfrm.rsp
[291/706    0s] WriteText Library/Bee/artifacts/1900b0aE.dag/Unity.TextMeshPro.rsp
[292/706    0s] WriteText Library/Bee/artifacts/1900b0aE.dag/UnityEngine.Purchasing.Codeless.dll.mvfrm.rsp
[293/706    0s] WriteText Library/Bee/artifacts/1900b0aE.dag/UnityEngine.XR.LegacyInputHelpers.dll.mvfrm.rsp
[294/706    0s] WriteText Library/Bee/artifacts/1900b0aE.dag/Unity.Services.Core.Editor.dll.mvfrm.rsp
[295/706    0s] WriteText Library/Bee/artifacts/1900b0aE.dag/Unity.Multiplayer.Center.Common.dll.mvfrm.rsp
[296/706    0s] WriteText Library/Bee/artifacts/1900b0aE.dag/Unity.AI.Navigation.Editor.dll.mvfrm.rsp
[297/706    0s] WriteText Library/Bee/artifacts/1900b0aE.dag/Unity.Timeline.dll.mvfrm.rsp
[298/706    0s] WriteText Library/Bee/artifacts/1900b0aE.dag/Unity.Services.Core.Editor.rsp
[299/706    0s] WriteText Library/Bee/artifacts/1900b0aE.dag/UnityEngine.XR.LegacyInputHelpers.rsp
[300/706    0s] WriteText Library/Bee/artifacts/1900b0aE.dag/Unity.Timeline.rsp
[301/706    0s] WriteText Library/Bee/artifacts/1900b0aE.dag/UnityEngine.Purchasing.Codeless.rsp
[302/706    0s] WriteText Library/Bee/artifacts/1900b0aE.dag/Unity.AI.Navigation.Editor.rsp
[303/706    0s] WriteText Library/Bee/artifacts/1900b0aE.dag/Unity.PlasticSCM.Editor.UnityAdditionalFile.txt
[304/706    0s] WriteText Library/Bee/artifacts/1900b0aE.dag/Unity.PlasticSCM.Editor.dll.mvfrm.rsp
[305/706    0s] WriteText Library/Bee/artifacts/1900b0aE.dag/Unity.Rider.Editor.UnityAdditionalFile.txt
[306/706    0s] WriteText Library/Bee/artifacts/1900b0aE.dag/Unity.Multiplayer.Center.Common.rsp
[307/706    0s] WriteText Library/Bee/artifacts/1900b0aE.dag/Unity.PlasticSCM.Editor.rsp2
[308/706    0s] WriteText Library/Bee/artifacts/1900b0aE.dag/Unity.Multiplayer.Center.Editor.UnityAdditionalFile.txt
[309/706    0s] WriteText Library/Bee/artifacts/1900b0aE.dag/Unity.Multiplayer.Center.Editor.rsp2
[310/706    0s] WriteText Library/Bee/artifacts/1900b0aE.dag/UnityEditor.UI.Analytics.rsp2
[311/706    0s] WriteText Library/Bee/artifacts/1900b0aE.dag/UnityEditor.UI.Analytics.UnityAdditionalFile.txt
[312/706    0s] WriteText Library/Bee/artifacts/1900b0aE.dag/Unity.2D.Sprite.Editor.UnityAdditionalFile.txt
[313/706    0s] WriteText Library/Bee/artifacts/1900b0aE.dag/UnityEditor.XR.LegacyInputHelpers.UnityAdditionalFile.txt
[314/706    0s] WriteText Library/Bee/artifacts/1900b0aE.dag/Unity.2D.Sprite.Editor.rsp2
[315/706    0s] WriteText Library/Bee/artifacts/1900b0aE.dag/UnityEditor.XR.LegacyInputHelpers.rsp2
[316/706    0s] WriteText Library/Bee/artifacts/1900b0aE.dag/Unity.2D.Tilemap.Editor.UnityAdditionalFile.txt
[317/706    0s] WriteText Library/Bee/artifacts/1900b0aE.dag/Unity.Analytics.DataPrivacy.rsp2
[318/706    0s] WriteText Library/Bee/artifacts/1900b0aE.dag/Unity.2D.Tilemap.Editor.rsp2
[319/706    0s] WriteText Library/Bee/artifacts/1900b0aE.dag/Unity.TextMeshPro.Editor.rsp2
[320/706    0s] WriteText Library/Bee/artifacts/1900b0aE.dag/Unity.Analytics.DataPrivacy.UnityAdditionalFile.txt
[321/706    0s] WriteText Library/Bee/artifacts/1900b0aE.dag/Unity.AI.Navigation.Updater.rsp2
[322/706    0s] WriteText Library/Bee/artifacts/1900b0aE.dag/Unity.Timeline.Editor.UnityAdditionalFile.txt
[323/706    0s] WriteText Library/Bee/artifacts/1900b0aE.dag/Unity.AI.Navigation.Updater.UnityAdditionalFile.txt
[324/706    0s] WriteText Library/Bee/artifacts/1900b0aE.dag/Unity.Timeline.Editor.rsp2
[325/706    0s] WriteText Library/Bee/artifacts/1900b0aE.dag/Unity.VisualStudio.Editor.UnityAdditionalFile.txt
[326/706    0s] WriteText Library/Bee/artifacts/1900b0aE.dag/Unity.VisualStudio.Editor.rsp2
[327/706    0s] WriteText Library/Bee/artifacts/1900b0aE.dag/UnityEditor.Purchasing.UnityAdditionalFile.txt
[328/706    0s] WriteText Library/Bee/artifacts/1900b0aE.dag/Unity.Rider.Editor.rsp2
[329/706    0s] WriteText Library/Bee/artifacts/1900b0aE.dag/UnityEditor.Purchasing.rsp2
[330/706    0s] WriteText Library/Bee/artifacts/1900b0aE.dag/Unity.Services.Core.Analytics.rsp2
[331/706    0s] WriteText Library/Bee/artifacts/1900b0aE.dag/UnityEditor.SpatialTracking.UnityAdditionalFile.txt
[332/706    0s] WriteText Library/Bee/artifacts/1900b0aE.dag/Unity.TextMeshPro.Editor.UnityAdditionalFile.txt
[333/706    0s] WriteText Library/Bee/artifacts/1900b0aE.dag/Unity.Services.Core.Analytics.UnityAdditionalFile.txt
[334/706    0s] WriteText Library/Bee/artifacts/1900b0aE.dag/UnityEditor.SpatialTracking.rsp2
[335/706    0s] WriteText Library/Bee/artifacts/1900b0aE.dag/Unity.PlasticSCM.Editor.rsp
[336/706    0s] WriteText Library/Bee/artifacts/1900b0aE.dag/Unity.2D.Tilemap.Editor.dll.mvfrm.rsp
[337/706    0s] WriteText Library/Bee/artifacts/1900b0aE.dag/Unity.Analytics.DataPrivacy.dll.mvfrm.rsp
[338/706    0s] WriteText Library/Bee/artifacts/1900b0aE.dag/Unity.Multiplayer.Center.Editor.dll.mvfrm.rsp
[339/706    0s] WriteText Library/Bee/artifacts/1900b0aE.dag/Unity.Rider.Editor.dll.mvfrm.rsp
[340/706    0s] WriteText Library/Bee/artifacts/1900b0aE.dag/UnityEditor.Purchasing.dll.mvfrm.rsp
[341/706    0s] WriteText Library/Bee/artifacts/1900b0aE.dag/Unity.Services.Core.Analytics.dll.mvfrm.rsp
[342/706    0s] WriteText Library/Bee/artifacts/1900b0aE.dag/Unity.2D.Sprite.Editor.dll.mvfrm.rsp
[343/706    0s] WriteText Library/Bee/artifacts/1900b0aE.dag/Unity.Timeline.Editor.dll.mvfrm.rsp
[344/706    0s] WriteText Library/Bee/artifacts/1900b0aE.dag/UnityEditor.UI.Analytics.dll.mvfrm.rsp
[345/706    0s] WriteText Library/Bee/artifacts/1900b0aE.dag/Unity.VisualStudio.Editor.dll.mvfrm.rsp
[346/706    0s] WriteText Library/Bee/artifacts/1900b0aE.dag/UnityEditor.SpatialTracking.dll.mvfrm.rsp
[347/706    0s] WriteText Library/Bee/artifacts/1900b0aE.dag/Unity.TextMeshPro.Editor.dll.mvfrm.rsp
[348/706    0s] WriteText Library/Bee/artifacts/1900b0aE.dag/UnityEditor.XR.LegacyInputHelpers.dll.mvfrm.rsp
[349/706    0s] WriteText Library/Bee/artifacts/1900b0aE.dag/Unity.VisualStudio.Editor.rsp
[350/706    0s] WriteText Library/Bee/artifacts/1900b0aE.dag/UnityEditor.Purchasing.rsp
[351/706    0s] WriteText Library/Bee/artifacts/1900b0aE.dag/UnityEditor.UI.Analytics.rsp
[352/706    0s] WriteText Library/Bee/artifacts/1900b0aE.dag/UnityEditor.XR.LegacyInputHelpers.rsp
[353/706    0s] WriteText Library/Bee/artifacts/1900b0aE.dag/Unity.AI.Navigation.Updater.dll.mvfrm.rsp
[354/706    0s] WriteText Library/Bee/artifacts/1900b0aE.dag/Unity.Services.Core.Analytics.rsp
[355/706    0s] WriteText Library/Bee/artifacts/1900b0aE.dag/Unity.Timeline.Editor.rsp
[356/706    0s] WriteText Library/Bee/artifacts/1900b0aE.dag/Unity.2D.Tilemap.Editor.rsp
[357/706    0s] WriteText Library/Bee/artifacts/1900b0aE.dag/Unity.Rider.Editor.rsp
[358/706    0s] WriteText Library/Bee/artifacts/1900b0aE.dag/Unity.Multiplayer.Center.Editor.rsp
[359/706    0s] WriteText Library/Bee/artifacts/1900b0aE.dag/Unity.Analytics.DataPrivacy.rsp
[360/706    0s] WriteText Library/Bee/artifacts/1900b0aE.dag/Unity.TextMeshPro.Editor.rsp
[361/706    0s] WriteText Library/Bee/artifacts/1900b0aE.dag/UnityEditor.SpatialTracking.rsp
[362/706    0s] WriteText Library/Bee/artifacts/1900b0aE.dag/Unity.2D.Sprite.Editor.rsp
[363/706    0s] WriteText Library/Bee/artifacts/1900b0aE.dag/Unity.Services.Core.Environments.Editor.rsp2
[364/706    0s] WriteText Library/Bee/artifacts/1900b0aE.dag/Analytics.rsp2
[365/706    0s] WriteText Library/Bee/artifacts/1900b0aE.dag/Analytics.UnityAdditionalFile.txt
[366/706    0s] WriteText Library/Bee/artifacts/1900b0aE.dag/Analytics.dll.mvfrm.rsp
[367/706    0s] WriteText Library/Bee/artifacts/1900b0aE.dag/Unity.Services.Core.Environments.Editor.dll.mvfrm.rsp
[368/706    0s] WriteText Library/Bee/artifacts/1900b0aE.dag/Unity.AI.Navigation.Updater.rsp
[369/706    0s] WriteText Library/Bee/artifacts/1900b0aE.dag/Unity.Services.Core.Environments.Editor.UnityAdditionalFile.txt
[370/706    0s] WriteText Library/Bee/artifacts/1900b0aE.dag/Unity.Services.Core.Environments.Editor.rsp
[371/706    0s] WriteText Library/Bee/artifacts/1900b0aE.dag/Assembly-CSharp-firstpass.UnityAdditionalFile.txt
[372/706    0s] WriteText Library/Bee/artifacts/1900b0aE.dag/Analytics.rsp
[373/706    0s] WriteText Library/Bee/artifacts/1900b0aE.dag/Assembly-CSharp-firstpass.rsp2
[374/706    0s] WriteText Library/Bee/artifacts/1900b0aE.dag/Assembly-CSharp-firstpass.dll.mvfrm.rsp
[375/706    0s] WriteText Library/Bee/artifacts/1900b0aE.dag/Assembly-CSharp.UnityAdditionalFile.txt
[376/706    0s] WriteText Library/Bee/artifacts/1900b0aE.dag/Assembly-CSharp.rsp2
[377/706    0s] WriteText Library/Bee/artifacts/1900b0aE.dag/Assembly-CSharp-firstpass.rsp
[378/706    0s] WriteText Library/Bee/artifacts/1900b0aE.dag/Assembly-CSharp.dll.mvfrm.rsp
[379/706    0s] WriteText Library/Bee/artifacts/1900b0aE.dag/Unity.Services.Analytics.Editor.dll.mvfrm.rsp
[380/706    0s] WriteText Library/Bee/artifacts/1900b0aE.dag/IAPResolver.rsp2
[381/706    0s] WriteText Library/Bee/artifacts/1900b0aE.dag/IAPResolver.dll.mvfrm.rsp
[382/706    0s] WriteText Library/Bee/artifacts/1900b0aE.dag/Unity.CollabProxy.Editor.UnityAdditionalFile.txt
[383/706    0s] WriteText Library/Bee/artifacts/1900b0aE.dag/Unity.CollabProxy.Editor.dll.mvfrm.rsp
[384/706    0s] WriteText Library/Bee/artifacts/1900b0aE.dag/Unity.PlasticSCM.Editor.Entities.dll.mvfrm.rsp
[385/706    0s] WriteText Library/Bee/artifacts/1900b0aE.dag/Unity.CollabProxy.Editor.rsp2
[386/706    0s] WriteText Library/Bee/artifacts/1900b0aE.dag/IAPResolver.UnityAdditionalFile.txt
[387/706    0s] WriteText Library/Bee/artifacts/1900b0aE.dag/Unity.PlasticSCM.Editor.Entities.UnityAdditionalFile.txt
[388/706    0s] WriteText Library/Bee/artifacts/1900b0aE.dag/Unity.Services.Analytics.Editor.rsp2
[389/706    0s] WriteText Library/Bee/artifacts/1900b0aE.dag/Unity.Services.Analytics.Editor.UnityAdditionalFile.txt
[390/706    0s] WriteText Library/Bee/artifacts/1900b0aE.dag/Unity.PlasticSCM.Editor.Entities.rsp2
[391/706    0s] WriteText Library/Bee/artifacts/1900b0aE.dag/Unity.PlasticSCM.Editor.Entities.rsp
[392/706    0s] WriteText Library/Bee/artifacts/1900b0aE.dag/Unity.CollabProxy.Editor.rsp
[393/706    0s] WriteText Library/Bee/artifacts/1900b0aE.dag/IAPResolver.rsp
[394/706    0s] WriteText Library/Bee/artifacts/1900b0aE.dag/Assembly-CSharp.rsp
[395/706    0s] WriteText Library/Bee/artifacts/1900b0aE.dag/Unity.Services.Analytics.Editor.rsp
[396/706    0s] MovedFromExtractor Library/Bee/artifacts/mvdfrm/Unity.Analytics.StandardEvents.dll_DD7E948C183B1720.mvfrm
[397/706    0s] MovedFromExtractor Library/Bee/artifacts/mvdfrm/Unity.Analytics.Editor.dll_63F449B8E6F24984.mvfrm
[398/706    0s] MovedFromExtractor Library/Bee/artifacts/mvdfrm/Unity.Plastic.Newtonsoft.Json.dll_A51BAD6427AE4537.mvfrm
[399/706    0s] MovedFromExtractor Library/Bee/artifacts/mvdfrm/UnityEngine.AMDModule.dll_F019FD4666E4698C.mvfrm
[400/706    0s] MovedFromExtractor Library/Bee/artifacts/mvdfrm/Unity.Analytics.Tracker.dll_744168C3947527ED.mvfrm
[401/706    0s] MovedFromExtractor Library/Bee/artifacts/mvdfrm/Unity.Plastic.Antlr3.Runtime.dll_DD74219FEE751F1E.mvfrm
[402/706    0s] MovedFromExtractor Library/Bee/artifacts/mvdfrm/UnityEngine.NVIDIAModule.dll_8CD0E996AD7E08DB.mvfrm
[403/706    0s] MovedFromExtractor Library/Bee/artifacts/mvdfrm/UnityEngine.HierarchyModule.dll_21A92DF345FAC5C9.mvfrm
[404/706    0s] MovedFromExtractor-Combine Library/Bee/artifacts/1900b0aE.dag/UnityEngine.TestRunner.dll.mvfrm
[405/706    0s] MovedFromExtractor-Combine Library/Bee/artifacts/1900b0aE.dag/UnityEngine.UI.dll.mvfrm
[           0s] Csc Library/Bee/artifacts/1900b0aE.dag/UnityEngine.TestRunner.dll (+2 others) [CacheMiss e7d1bceba140c4b1484a31706ceb9e5000000000000000000000000000000006]
[           0s] Csc Library/Bee/artifacts/1900b0aE.dag/UnityEngine.UI.dll (+2 others) [CacheMiss 3dd35b7a33f862c08ad020ba64cf2eee00000000000000000000000000000006]
[406/706    4s] Csc Library/Bee/artifacts/1900b0aE.dag/UnityEngine.TestRunner.dll (+2 others)
[407/706    4s] Csc Library/Bee/artifacts/1900b0aE.dag/UnityEngine.UI.dll (+2 others)
[           0s] Csc Library/Bee/artifacts/1900b0aE.dag/UnityEngine.TestRunner.dll (+2 others) [CacheWrite e7d1bceba140c4b1484a31706ceb9e5000000000000000000000000000000006]
[           0s] Csc Library/Bee/artifacts/1900b0aE.dag/UnityEngine.UI.dll (+2 others) [CacheWrite 3dd35b7a33f862c08ad020ba64cf2eee00000000000000000000000000000006]
[408/706    0s] CopyFiles Library/ScriptAssemblies/UnityEngine.TestRunner.pdb
[409/706    0s] CopyFiles Library/ScriptAssemblies/UnityEngine.TestRunner.dll
[410/706    0s] CopyFiles Library/ScriptAssemblies/UnityEngine.UI.pdb
[411/706    0s] CopyFiles Library/ScriptAssemblies/UnityEngine.UI.dll
[412/706    0s] MovedFromExtractor Library/Bee/artifacts/mvdfrm/UnityEngine.UI.ref.dll_08FEAA520A2EFD60.mvfrm
[413/706    0s] MovedFromExtractor Library/Bee/artifacts/mvdfrm/UnityEngine.TestRunner.ref.dll_E55D0F7C63F01D9E.mvfrm
[414/706    0s] MovedFromExtractor-Combine Library/Bee/artifacts/1900b0aE.dag/UnityEditor.TestRunner.dll.mvfrm
[           0s] Csc Library/Bee/artifacts/1900b0aE.dag/UnityEditor.TestRunner.dll (+2 others) [CacheMiss 2c2aead90609e9033e0ed185f47e39a300000000000000000000000000000006]
[415/706    1s] Csc Library/Bee/artifacts/1900b0aE.dag/UnityEditor.TestRunner.dll (+2 others)
[           0s] Csc Library/Bee/artifacts/1900b0aE.dag/UnityEditor.TestRunner.dll (+2 others) [CacheWrite 2c2aead90609e9033e0ed185f47e39a300000000000000000000000000000006]
[416/706    0s] CopyFiles Library/ScriptAssemblies/UnityEditor.TestRunner.pdb
[417/706    0s] CopyFiles Library/ScriptAssemblies/UnityEditor.TestRunner.dll
[418/706    0s] MovedFromExtractor Library/Bee/artifacts/mvdfrm/UnityEditor.TestRunner.ref.dll_193EC4CE382CBFB3.mvfrm
[419/706    0s] MovedFromExtractor-Combine Library/Bee/artifacts/1900b0aE.dag/UnityEditor.UI.dll.mvfrm
[           0s] Csc Library/Bee/artifacts/1900b0aE.dag/UnityEditor.UI.dll (+2 others) [CacheMiss fb51ed225a5311a6b22095f19496eae300000000000000000000000000000006]
[420/706    0s] Csc Library/Bee/artifacts/1900b0aE.dag/UnityEditor.UI.dll (+2 others)
[           0s] Csc Library/Bee/artifacts/1900b0aE.dag/UnityEditor.UI.dll (+2 others) [CacheWrite fb51ed225a5311a6b22095f19496eae300000000000000000000000000000006]
[421/706    0s] CopyFiles Library/ScriptAssemblies/UnityEditor.UI.pdb
[422/706    0s] CopyFiles Library/ScriptAssemblies/UnityEditor.UI.dll
[423/706    0s] MovedFromExtractor Library/Bee/artifacts/mvdfrm/UnityEditor.UI.ref.dll_4C98D3F7040CD4F5.mvfrm
[424/706    0s] MovedFromExtractor-Combine Library/Bee/artifacts/1900b0aE.dag/Unity.Timeline.dll.mvfrm
[425/706    0s] MovedFromExtractor-Combine Library/Bee/artifacts/1900b0aE.dag/Unity.InternalAPIEngineBridge.004.dll.mvfrm
[426/706    0s] MovedFromExtractor-Combine Library/Bee/artifacts/1900b0aE.dag/UnityEngine.SpatialTracking.dll.mvfrm
[427/706    0s] MovedFromExtractor-Combine Library/Bee/artifacts/1900b0aE.dag/Unity.Rider.Editor.dll.mvfrm
[428/706    0s] MovedFromExtractor-Combine Library/Bee/artifacts/1900b0aE.dag/Unity.PlasticSCM.Editor.dll.mvfrm
[429/706    0s] MovedFromExtractor-Combine Library/Bee/artifacts/1900b0aE.dag/UnityEngine.Purchasing.AppleCore.dll.mvfrm
[430/706    0s] MovedFromExtractor-Combine Library/Bee/artifacts/1900b0aE.dag/Unity.2D.Sprite.Editor.dll.mvfrm
[431/706    0s] MovedFromExtractor-Combine Library/Bee/artifacts/1900b0aE.dag/Unity.Services.Core.dll.mvfrm
[432/706    0s] MovedFromExtractor-Combine Library/Bee/artifacts/1900b0aE.dag/UnityEngine.Purchasing.WinRTCore.dll.mvfrm
[433/706    0s] MovedFromExtractor-Combine Library/Bee/artifacts/1900b0aE.dag/Unity.AI.Navigation.dll.mvfrm
[434/706    0s] MovedFromExtractor-Combine Library/Bee/artifacts/1900b0aE.dag/Unity.Multiplayer.Center.Common.dll.mvfrm
[435/706    0s] MovedFromExtractor-Combine Library/Bee/artifacts/1900b0aE.dag/UnityEngine.Purchasing.SecurityCore.dll.mvfrm
[436/706    0s] MovedFromExtractor-Combine Library/Bee/artifacts/1900b0aE.dag/Unity.AI.Navigation.Editor.ConversionSystem.dll.mvfrm
[           0s] Csc Library/Bee/artifacts/1900b0aE.dag/Unity.Timeline.dll (+2 others) [CacheMiss 2b212c3816b4e17105500c6de1f8303100000000000000000000000000000006]
[           0s] Csc Library/Bee/artifacts/1900b0aE.dag/UnityEngine.Purchasing.WinRTCore.dll (+2 others) [CacheMiss c3cfa2fb2d8ce0fce78670b4bcddfa5800000000000000000000000000000006]
[           0s] Csc Library/Bee/artifacts/1900b0aE.dag/UnityEngine.SpatialTracking.dll (+2 others) [CacheMiss c9dcffd08f21cda0762d162d6377d1c700000000000000000000000000000006]
[           0s] Csc Library/Bee/artifacts/1900b0aE.dag/UnityEngine.Purchasing.SecurityCore.dll (+2 others) [CacheMiss a8b3216a713b28be63d25b7b9ce4164400000000000000000000000000000006]
[437/706    0s] MovedFromExtractor-Combine Library/Bee/artifacts/1900b0aE.dag/Unity.Analytics.DataPrivacy.dll.mvfrm
[           0s] Csc Library/Bee/artifacts/1900b0aE.dag/Unity.2D.Sprite.Editor.dll (+2 others) [CacheMiss 724aadb388c22228f63cf791742126e000000000000000000000000000000006]
[           0s] Csc Library/Bee/artifacts/1900b0aE.dag/Unity.Multiplayer.Center.Common.dll (+2 others) [CacheMiss 4a3e611b445e9d196a47caa872ad25cd00000000000000000000000000000006]
[           0s] Csc Library/Bee/artifacts/1900b0aE.dag/Unity.InternalAPIEngineBridge.004.dll (+2 others) [CacheMiss 4292f831af2718c6e8b09b52a171d83d00000000000000000000000000000006]
[           0s] Csc Library/Bee/artifacts/1900b0aE.dag/Unity.Services.Core.dll (+2 others) [CacheMiss b9d566b33f7c4cd708154a96716d332500000000000000000000000000000006]
[           0s] Csc Library/Bee/artifacts/1900b0aE.dag/Unity.AI.Navigation.dll (+2 others) [CacheMiss bc64dcc6044b811fae3b1abe888273af00000000000000000000000000000006]
[           0s] Csc Library/Bee/artifacts/1900b0aE.dag/Unity.AI.Navigation.Editor.ConversionSystem.dll (+2 others) [CacheMiss 36387bfd1a7970d872e07ceb11da2ae000000000000000000000000000000006]
[           0s] Csc Library/Bee/artifacts/1900b0aE.dag/Unity.Analytics.DataPrivacy.dll (+2 others) [CacheMiss 93c56c8a1505db57edb46b91860e097200000000000000000000000000000006]
[438/706    0s] MovedFromExtractor-Combine Library/Bee/artifacts/1900b0aE.dag/Unity.VisualStudio.Editor.dll.mvfrm
[439/706    0s] MovedFromExtractor-Combine Library/Bee/artifacts/1900b0aE.dag/Unity.2D.Tilemap.Editor.dll.mvfrm
[           0s] Csc Library/Bee/artifacts/1900b0aE.dag/Unity.VisualStudio.Editor.dll (+2 others) [CacheMiss a8bdae1eceda0bd0b8019777723960d800000000000000000000000000000006]
[           0s] Csc Library/Bee/artifacts/1900b0aE.dag/Unity.2D.Tilemap.Editor.dll (+2 others) [CacheMiss 4c34c13e6391d74424d4c7f20af0acf400000000000000000000000000000006]
[440/706    0s] Csc Library/Bee/artifacts/1900b0aE.dag/UnityEngine.Purchasing.WinRTCore.dll (+2 others)
[441/706    0s] Csc Library/Bee/artifacts/1900b0aE.dag/UnityEngine.SpatialTracking.dll (+2 others)
[442/706    0s] Csc Library/Bee/artifacts/1900b0aE.dag/Unity.Multiplayer.Center.Common.dll (+2 others)
[443/706    0s] Csc Library/Bee/artifacts/1900b0aE.dag/Unity.InternalAPIEngineBridge.004.dll (+2 others)
[444/706    0s] Csc Library/Bee/artifacts/1900b0aE.dag/UnityEngine.Purchasing.SecurityCore.dll (+2 others)
[           0s] Csc Library/Bee/artifacts/1900b0aE.dag/UnityEngine.Purchasing.WinRTCore.dll (+2 others) [CacheWrite c3cfa2fb2d8ce0fce78670b4bcddfa5800000000000000000000000000000006]
[           0s] Csc Library/Bee/artifacts/1900b0aE.dag/Unity.Multiplayer.Center.Common.dll (+2 others) [CacheWrite 4a3e611b445e9d196a47caa872ad25cd00000000000000000000000000000006]
[           0s] Csc Library/Bee/artifacts/1900b0aE.dag/UnityEngine.Purchasing.SecurityCore.dll (+2 others) [CacheWrite a8b3216a713b28be63d25b7b9ce4164400000000000000000000000000000006]
[445/706    0s] Csc Library/Bee/artifacts/1900b0aE.dag/Unity.Services.Core.dll (+2 others)
[446/706    0s] Csc Library/Bee/artifacts/1900b0aE.dag/Unity.AI.Navigation.Editor.ConversionSystem.dll (+2 others)
[447/706    0s] Csc Library/Bee/artifacts/1900b0aE.dag/Unity.AI.Navigation.dll (+2 others)
[           0s] Csc Library/Bee/artifacts/1900b0aE.dag/UnityEngine.SpatialTracking.dll (+2 others) [CacheWrite c9dcffd08f21cda0762d162d6377d1c700000000000000000000000000000006]
[           0s] Csc Library/Bee/artifacts/1900b0aE.dag/Unity.InternalAPIEngineBridge.004.dll (+2 others) [CacheWrite 4292f831af2718c6e8b09b52a171d83d00000000000000000000000000000006]
[           0s] Csc Library/Bee/artifacts/1900b0aE.dag/Unity.PlasticSCM.Editor.dll (+2 others) [CacheMiss 80907bab005fc48d9d816f04f118581f00000000000000000000000000000006]
[           0s] Csc Library/Bee/artifacts/1900b0aE.dag/Unity.AI.Navigation.Editor.ConversionSystem.dll (+2 others) [CacheWrite 36387bfd1a7970d872e07ceb11da2ae000000000000000000000000000000006]
[           0s] Csc Library/Bee/artifacts/1900b0aE.dag/Unity.AI.Navigation.dll (+2 others) [CacheWrite bc64dcc6044b811fae3b1abe888273af00000000000000000000000000000006]
[           0s] Csc Library/Bee/artifacts/1900b0aE.dag/Unity.Services.Core.dll (+2 others) [CacheWrite b9d566b33f7c4cd708154a96716d332500000000000000000000000000000006]
[448/706    1s] Csc Library/Bee/artifacts/1900b0aE.dag/Unity.Timeline.dll (+2 others)
[449/706    1s] Csc Library/Bee/artifacts/1900b0aE.dag/Unity.Analytics.DataPrivacy.dll (+2 others)
[450/706    0s] MovedFromExtractor Library/Bee/artifacts/mvdfrm/Unity.Multiplayer.Center.Common.ref.dll_EE36537354EA42C8.mvfrm
[451/706    0s] MovedFromExtractor Library/Bee/artifacts/mvdfrm/Unity.InternalAPIEngineBridge.004.ref.dll_9F91F1CFF2D20E26.mvfrm
[452/706    0s] MovedFromExtractor Library/Bee/artifacts/mvdfrm/UnityEngine.Purchasing.SecurityCore.ref.dll_A4738A01776218D9.mvfrm
[453/706    0s] MovedFromExtractor Library/Bee/artifacts/mvdfrm/UnityEngine.Purchasing.WinRTCore.ref.dll_8D70B630A183DA39.mvfrm
[           0s] Csc Library/Bee/artifacts/1900b0aE.dag/Unity.Timeline.dll (+2 others) [CacheWrite 2b212c3816b4e17105500c6de1f8303100000000000000000000000000000006]
[454/706    0s] MovedFromExtractor Library/Bee/artifacts/mvdfrm/UnityEngine.SpatialTracking.ref.dll_1552DC8EFC971715.mvfrm
[455/706    0s] MovedFromExtractor Library/Bee/artifacts/mvdfrm/Unity.AI.Navigation.Editor.ConversionSystem.ref.dll_D58562F0DF82BCBA.mvfrm
[456/706    0s] MovedFromExtractor Library/Bee/artifacts/mvdfrm/Unity.AI.Navigation.ref.dll_407F07063643C512.mvfrm
[           0s] Csc Library/Bee/artifacts/1900b0aE.dag/Unity.Analytics.DataPrivacy.dll (+2 others) [CacheWrite 93c56c8a1505db57edb46b91860e097200000000000000000000000000000006]
[457/706    0s] MovedFromExtractor-Combine Library/Bee/artifacts/1900b0aE.dag/UnityEngine.Purchasing.SecurityStub.dll.mvfrm
[458/706    0s] MovedFromExtractor-Combine Library/Bee/artifacts/1900b0aE.dag/Unity.TextMeshPro.dll.mvfrm
[459/706    0s] MovedFromExtractor-Combine Library/Bee/artifacts/1900b0aE.dag/UnityEngine.Purchasing.WinRTStub.dll.mvfrm
[460/706    1s] Csc Library/Bee/artifacts/1900b0aE.dag/Unity.2D.Sprite.Editor.dll (+2 others)
[461/706    0s] MovedFromExtractor Library/Bee/artifacts/mvdfrm/Unity.Services.Core.ref.dll_131AC9C5EC6E6517.mvfrm
[462/706    0s] MovedFromExtractor-Combine Library/Bee/artifacts/1900b0aE.dag/UnityEditor.SpatialTracking.dll.mvfrm
[463/706    0s] MovedFromExtractor-Combine Library/Bee/artifacts/1900b0aE.dag/Unity.Multiplayer.Center.Editor.dll.mvfrm
[464/706    0s] MovedFromExtractor Library/Bee/artifacts/mvdfrm/Unity.Timeline.ref.dll_621CDDF9C514DF8F.mvfrm
[465/706    0s] MovedFromExtractor-Combine Library/Bee/artifacts/1900b0aE.dag/UnityEngine.XR.LegacyInputHelpers.dll.mvfrm
[           0s] Csc Library/Bee/artifacts/1900b0aE.dag/Unity.Rider.Editor.dll (+2 others) [CacheMiss 3e9300a325bf818ac8230d4d4f4558d300000000000000000000000000000006]
[           0s] Csc Library/Bee/artifacts/1900b0aE.dag/UnityEngine.Purchasing.WinRTStub.dll (+2 others) [CacheMiss 3c85d67772e4661451fc7dbefd612f1800000000000000000000000000000006]
[           0s] Csc Library/Bee/artifacts/1900b0aE.dag/Unity.TextMeshPro.dll (+2 others) [CacheMiss 59d16196ed46a02dccb9fbe4437b223300000000000000000000000000000006]
[           0s] Csc Library/Bee/artifacts/1900b0aE.dag/UnityEngine.Purchasing.SecurityStub.dll (+2 others) [CacheMiss ff89a0ea61c875b36ed35000ed55522900000000000000000000000000000006]
[466/706    0s] MovedFromExtractor-Combine Library/Bee/artifacts/1900b0aE.dag/Unity.AI.Navigation.Editor.dll.mvfrm
[           0s] Csc Library/Bee/artifacts/1900b0aE.dag/Unity.Multiplayer.Center.Editor.dll (+2 others) [CacheMiss 321c31a07a4b6dc87aaf74ede2b6323200000000000000000000000000000006]
[           0s] Csc Library/Bee/artifacts/1900b0aE.dag/UnityEngine.XR.LegacyInputHelpers.dll (+2 others) [CacheMiss 0929177398dba0876049ac0f5b7a5bb000000000000000000000000000000006]
[467/706    1s] Csc Library/Bee/artifacts/1900b0aE.dag/Unity.VisualStudio.Editor.dll (+2 others)
[468/706    0s] MovedFromExtractor-Combine Library/Bee/artifacts/1900b0aE.dag/Unity.Timeline.Editor.dll.mvfrm
[           0s] Csc Library/Bee/artifacts/1900b0aE.dag/Unity.2D.Sprite.Editor.dll (+2 others) [CacheWrite 724aadb388c22228f63cf791742126e000000000000000000000000000000006]
[469/706    0s] MovedFromExtractor-Combine Library/Bee/artifacts/1900b0aE.dag/Unity.Services.Core.Analytics.dll.mvfrm
[           0s] Csc Library/Bee/artifacts/1900b0aE.dag/Unity.AI.Navigation.Editor.dll (+2 others) [CacheMiss 53479d9452425ce48e49596ae4d1878700000000000000000000000000000006]
[470/706    0s] MovedFromExtractor-Combine Library/Bee/artifacts/1900b0aE.dag/Unity.Services.Core.Internal.dll.mvfrm
[           0s] Csc Library/Bee/artifacts/1900b0aE.dag/Unity.VisualStudio.Editor.dll (+2 others) [CacheWrite a8bdae1eceda0bd0b8019777723960d800000000000000000000000000000006]
[           0s] Csc Library/Bee/artifacts/1900b0aE.dag/UnityEditor.SpatialTracking.dll (+2 others) [CacheMiss 10cea8d757ea193ffedc97dbba14d82100000000000000000000000000000006]
[           0s] Csc Library/Bee/artifacts/1900b0aE.dag/Unity.Services.Core.Analytics.dll (+2 others) [CacheMiss 13d41aa7f54a7f9379cb24fb19dcb7cf00000000000000000000000000000006]
[           0s] Csc Library/Bee/artifacts/1900b0aE.dag/Unity.Timeline.Editor.dll (+2 others) [CacheMiss 5a7827ab170e826ce91c48ac7fd119a300000000000000000000000000000006]
[471/706    2s] Csc Library/Bee/artifacts/1900b0aE.dag/Unity.2D.Tilemap.Editor.dll (+2 others)
[           0s] Csc Library/Bee/artifacts/1900b0aE.dag/Unity.Services.Core.Internal.dll (+2 others) [CacheMiss 30b9da1a408751426a5617b91858ba2800000000000000000000000000000006]
[472/706    0s] Csc Library/Bee/artifacts/1900b0aE.dag/UnityEngine.Purchasing.WinRTStub.dll (+2 others)
[473/706    0s] MovedFromExtractor-Combine Library/Bee/artifacts/1900b0aE.dag/Analytics.dll.mvfrm
[           0s] Csc Library/Bee/artifacts/1900b0aE.dag/UnityEngine.Purchasing.WinRTStub.dll (+2 others) [CacheWrite 3c85d67772e4661451fc7dbefd612f1800000000000000000000000000000006]
[474/706    0s] Csc Library/Bee/artifacts/1900b0aE.dag/UnityEngine.Purchasing.SecurityStub.dll (+2 others)
[           0s] Csc Library/Bee/artifacts/1900b0aE.dag/Unity.2D.Tilemap.Editor.dll (+2 others) [CacheWrite 4c34c13e6391d74424d4c7f20af0acf400000000000000000000000000000006]
[475/706    0s] Csc Library/Bee/artifacts/1900b0aE.dag/Unity.Rider.Editor.dll (+2 others)
[476/706    0s] MovedFromExtractor Library/Bee/artifacts/mvdfrm/UnityEngine.Purchasing.WinRTStub.ref.dll_D8977B2444F09578.mvfrm
[477/706    0s] MovedFromExtractor Library/Bee/artifacts/mvdfrm/Unity.VisualStudio.Editor.ref.dll_3A975DBA53ABA4AD.mvfrm
[           0s] Csc Library/Bee/artifacts/1900b0aE.dag/Unity.Rider.Editor.dll (+2 others) [CacheWrite 3e9300a325bf818ac8230d4d4f4558d300000000000000000000000000000006]
[478/706    1s] Csc Library/Bee/artifacts/1900b0aE.dag/UnityEngine.XR.LegacyInputHelpers.dll (+2 others)
[479/706    0s] MovedFromExtractor Library/Bee/artifacts/mvdfrm/Unity.2D.Tilemap.Editor.ref.dll_436C0E2610862891.mvfrm
[           0s] Csc Library/Bee/artifacts/1900b0aE.dag/UnityEngine.Purchasing.SecurityStub.dll (+2 others) [CacheWrite ff89a0ea61c875b36ed35000ed55522900000000000000000000000000000006]
[           0s] Csc Library/Bee/artifacts/1900b0aE.dag/UnityEngine.XR.LegacyInputHelpers.dll (+2 others) [CacheWrite 0929177398dba0876049ac0f5b7a5bb000000000000000000000000000000006]
[           0s] Csc Library/Bee/artifacts/1900b0aE.dag/Analytics.dll (+2 others) [CacheMiss e290ab40a3802bfb1d2ca9cbe790737000000000000000000000000000000006]
[480/706    0s] MovedFromExtractor Library/Bee/artifacts/mvdfrm/Unity.Analytics.DataPrivacy.ref.dll_B44BF53B55CD31DE.mvfrm
[481/706    0s] MovedFromExtractor Library/Bee/artifacts/mvdfrm/Unity.2D.Sprite.Editor.ref.dll_DDBAA27A82CE9E28.mvfrm
[482/706    0s] CopyFiles Library/ScriptAssemblies/UnityEngine.XR.LegacyInputHelpers.dll
[483/706    0s] CopyFiles Library/ScriptAssemblies/Unity.AI.Navigation.dll
[484/706    0s] MovedFromExtractor Library/Bee/artifacts/mvdfrm/Unity.Rider.Editor.ref.dll_9B5591808ABA37AF.mvfrm
[485/706    0s] CopyFiles Library/ScriptAssemblies/Unity.InternalAPIEngineBridge.004.dll
[486/706    0s] CopyFiles Library/ScriptAssemblies/UnityEngine.Purchasing.SecurityStub.dll
[487/706    0s] CopyFiles Library/ScriptAssemblies/UnityEngine.SpatialTracking.dll
[488/706    0s] CopyFiles Library/ScriptAssemblies/UnityEngine.Purchasing.WinRTCore.dll
[489/706    0s] CopyFiles Library/ScriptAssemblies/UnityEngine.Purchasing.SecurityCore.dll
[490/706    0s] CopyFiles Library/ScriptAssemblies/UnityEngine.Purchasing.WinRTStub.dll
[491/706    0s] CopyFiles Library/ScriptAssemblies/Unity.Multiplayer.Center.Common.dll
[492/706    0s] CopyFiles Library/ScriptAssemblies/Unity.Analytics.DataPrivacy.dll
[493/706    0s] CopyFiles Library/ScriptAssemblies/Unity.Timeline.dll
[494/706    0s] CopyFiles Library/ScriptAssemblies/Unity.Services.Core.dll
[495/706    0s] CopyFiles Library/ScriptAssemblies/UnityEngine.Purchasing.SecurityStub.pdb
[496/706    0s] CopyFiles Library/ScriptAssemblies/UnityEngine.XR.LegacyInputHelpers.pdb
[497/706    0s] CopyFiles Library/ScriptAssemblies/Unity.Rider.Editor.pdb
[498/706    0s] CopyFiles Library/ScriptAssemblies/Unity.Rider.Editor.dll
[499/706    0s] CopyFiles Library/ScriptAssemblies/Unity.2D.Tilemap.Editor.dll
[500/706    0s] CopyFiles Library/ScriptAssemblies/UnityEngine.Purchasing.WinRTStub.pdb
[501/706    0s] CopyFiles Library/ScriptAssemblies/Unity.2D.Tilemap.Editor.pdb
[502/706    0s] CopyFiles Library/ScriptAssemblies/Unity.VisualStudio.Editor.pdb
[503/706    0s] CopyFiles Library/ScriptAssemblies/Unity.VisualStudio.Editor.dll
[504/706    0s] CopyFiles Library/ScriptAssemblies/Unity.2D.Sprite.Editor.pdb
[505/706    0s] CopyFiles Library/ScriptAssemblies/Unity.Analytics.DataPrivacy.pdb
[506/706    0s] CopyFiles Library/ScriptAssemblies/Unity.2D.Sprite.Editor.dll
[507/706    0s] CopyFiles Library/ScriptAssemblies/Unity.Timeline.pdb
[508/706    0s] CopyFiles Library/ScriptAssemblies/Unity.Services.Core.pdb
[509/706    0s] CopyFiles Library/ScriptAssemblies/Unity.AI.Navigation.pdb
[510/706    0s] CopyFiles Library/ScriptAssemblies/Unity.AI.Navigation.Editor.ConversionSystem.dll
[511/706    0s] CopyFiles Library/ScriptAssemblies/Unity.AI.Navigation.Editor.ConversionSystem.pdb
[512/706    0s] CopyFiles Library/ScriptAssemblies/Unity.InternalAPIEngineBridge.004.pdb
[513/706    0s] CopyFiles Library/ScriptAssemblies/UnityEngine.Purchasing.WinRTCore.pdb
[514/706    0s] CopyFiles Library/ScriptAssemblies/UnityEngine.SpatialTracking.pdb
[515/706    0s] CopyFiles Library/ScriptAssemblies/UnityEngine.Purchasing.SecurityCore.pdb
[516/706    0s] CopyFiles Library/ScriptAssemblies/Unity.Multiplayer.Center.Common.pdb
[517/706    0s] MovedFromExtractor Library/Bee/artifacts/mvdfrm/UnityEngine.Purchasing.SecurityStub.ref.dll_EF9A4EF51ACED418.mvfrm
[518/706    0s] MovedFromExtractor Library/Bee/artifacts/mvdfrm/UnityEngine.XR.LegacyInputHelpers.ref.dll_FFA26A0728B3CF82.mvfrm
[519/706    1s] Csc Library/Bee/artifacts/1900b0aE.dag/Unity.Multiplayer.Center.Editor.dll (+2 others)
[520/706    0s] MovedFromExtractor-Combine Library/Bee/artifacts/1900b0aE.dag/IAPResolver.dll.mvfrm
[           0s] Csc Library/Bee/artifacts/1900b0aE.dag/Unity.Multiplayer.Center.Editor.dll (+2 others) [CacheWrite 321c31a07a4b6dc87aaf74ede2b6323200000000000000000000000000000006]
[           0s] Csc Library/Bee/artifacts/1900b0aE.dag/IAPResolver.dll (+2 others) [CacheMiss 2d2fc57d63d696ecd421ca17a4f98baa00000000000000000000000000000006]
[521/706    0s] CopyFiles Library/ScriptAssemblies/Unity.Multiplayer.Center.Editor.dll
[522/706    0s] CopyFiles Library/ScriptAssemblies/Unity.Multiplayer.Center.Editor.pdb
[523/706    0s] MovedFromExtractor-Combine Library/Bee/artifacts/1900b0aE.dag/UnityEditor.XR.LegacyInputHelpers.dll.mvfrm
[           0s] Csc Library/Bee/artifacts/1900b0aE.dag/UnityEditor.XR.LegacyInputHelpers.dll (+2 others) [CacheMiss 1fcddd9d58d61b77453c2a67d9c3689e00000000000000000000000000000006]
[524/706    0s] MovedFromExtractor Library/Bee/artifacts/mvdfrm/Unity.Multiplayer.Center.Editor.ref.dll_EB1F4B6E56116D4A.mvfrm
[525/706    2s] Csc Library/Bee/artifacts/1900b0aE.dag/UnityEditor.SpatialTracking.dll (+2 others)
[526/706    3s] Csc Library/Bee/artifacts/1900b0aE.dag/Unity.AI.Navigation.Editor.dll (+2 others)
[527/706    3s] Csc Library/Bee/artifacts/1900b0aE.dag/Unity.Services.Core.Analytics.dll (+2 others)
[528/706    1s] Csc Library/Bee/artifacts/1900b0aE.dag/UnityEditor.XR.LegacyInputHelpers.dll (+2 others)
[529/706    2s] Csc Library/Bee/artifacts/1900b0aE.dag/Analytics.dll (+2 others)
[           0s] Csc Library/Bee/artifacts/1900b0aE.dag/Unity.AI.Navigation.Editor.dll (+2 others) [CacheWrite 53479d9452425ce48e49596ae4d1878700000000000000000000000000000006]
[530/706    0s] CopyFiles Library/ScriptAssemblies/Unity.AI.Navigation.Editor.pdb
[531/706    0s] CopyFiles Library/ScriptAssemblies/Unity.AI.Navigation.Editor.dll
[           0s] Csc Library/Bee/artifacts/1900b0aE.dag/UnityEditor.SpatialTracking.dll (+2 others) [CacheWrite 10cea8d757ea193ffedc97dbba14d82100000000000000000000000000000006]
[532/706    0s] CopyFiles Library/ScriptAssemblies/UnityEditor.SpatialTracking.pdb
[           0s] Csc Library/Bee/artifacts/1900b0aE.dag/Unity.Services.Core.Analytics.dll (+2 others) [CacheWrite 13d41aa7f54a7f9379cb24fb19dcb7cf00000000000000000000000000000006]
[533/706    0s] CopyFiles Library/ScriptAssemblies/UnityEditor.SpatialTracking.dll
[534/706    0s] CopyFiles Library/ScriptAssemblies/Unity.Services.Core.Analytics.dll
[535/706    0s] CopyFiles Library/ScriptAssemblies/Unity.Services.Core.Analytics.pdb
[           0s] Csc Library/Bee/artifacts/1900b0aE.dag/Analytics.dll (+2 others) [CacheWrite e290ab40a3802bfb1d2ca9cbe790737000000000000000000000000000000006]
[536/706    2s] Csc Library/Bee/artifacts/1900b0aE.dag/IAPResolver.dll (+2 others)
[           0s] Csc Library/Bee/artifacts/1900b0aE.dag/UnityEditor.XR.LegacyInputHelpers.dll (+2 others) [CacheWrite 1fcddd9d58d61b77453c2a67d9c3689e00000000000000000000000000000006]
[537/706    0s] CopyFiles Library/ScriptAssemblies/Analytics.pdb
[538/706    0s] CopyFiles Library/ScriptAssemblies/Analytics.dll
[539/706    0s] CopyFiles Library/ScriptAssemblies/UnityEditor.XR.LegacyInputHelpers.pdb
[540/706    0s] CopyFiles Library/ScriptAssemblies/UnityEditor.XR.LegacyInputHelpers.dll
[           0s] Csc Library/Bee/artifacts/1900b0aE.dag/IAPResolver.dll (+2 others) [CacheWrite 2d2fc57d63d696ecd421ca17a4f98baa00000000000000000000000000000006]
[541/706    0s] CopyFiles Library/ScriptAssemblies/IAPResolver.dll
[542/706    0s] CopyFiles Library/ScriptAssemblies/IAPResolver.pdb
[543/706    4s] Csc Library/Bee/artifacts/1900b0aE.dag/Unity.TextMeshPro.dll (+2 others)
[544/706    0s] MovedFromExtractor Library/Bee/artifacts/mvdfrm/UnityEditor.SpatialTracking.ref.dll_8911EA67839E93F0.mvfrm
[545/706    0s] MovedFromExtractor Library/Bee/artifacts/mvdfrm/Unity.AI.Navigation.Editor.ref.dll_7989A1C8D57EF9BF.mvfrm
[546/706    3s] Csc Library/Bee/artifacts/1900b0aE.dag/Unity.Services.Core.Internal.dll (+2 others)
[547/706    0s] MovedFromExtractor Library/Bee/artifacts/mvdfrm/Unity.Services.Core.Analytics.ref.dll_EDA1682A714EA6BF.mvfrm
[548/706    0s] MovedFromExtractor Library/Bee/artifacts/mvdfrm/UnityEditor.XR.LegacyInputHelpers.ref.dll_3F12D550ED6E7C7D.mvfrm
[           0s] Csc Library/Bee/artifacts/1900b0aE.dag/Unity.TextMeshPro.dll (+2 others) [CacheWrite 59d16196ed46a02dccb9fbe4437b223300000000000000000000000000000006]
[           0s] Csc Library/Bee/artifacts/1900b0aE.dag/Unity.Services.Core.Internal.dll (+2 others) [CacheWrite 30b9da1a408751426a5617b91858ba2800000000000000000000000000000006]
[549/706    0s] MovedFromExtractor-Combine Library/Bee/artifacts/1900b0aE.dag/Unity.AI.Navigation.Updater.dll.mvfrm
[550/706    0s] CopyFiles Library/ScriptAssemblies/Unity.TextMeshPro.pdb
[551/706    0s] CopyFiles Library/ScriptAssemblies/Unity.TextMeshPro.dll
[552/706    0s] CopyFiles Library/ScriptAssemblies/Unity.Services.Core.Internal.dll
[553/706    0s] CopyFiles Library/ScriptAssemblies/Unity.Services.Core.Internal.pdb
[           0s] Csc Library/Bee/artifacts/1900b0aE.dag/Unity.AI.Navigation.Updater.dll (+2 others) [CacheMiss 1cf4473cd291952404c1ac647e8f6f1900000000000000000000000000000006]
[554/706    0s] MovedFromExtractor Library/Bee/artifacts/mvdfrm/Unity.TextMeshPro.ref.dll_84A4293DBDD182DB.mvfrm
[555/706    0s] MovedFromExtractor Library/Bee/artifacts/mvdfrm/Unity.Services.Core.Internal.ref.dll_A02B3542C15F550A.mvfrm
[556/706    0s] MovedFromExtractor-Combine Library/Bee/artifacts/1900b0aE.dag/UnityEditor.UI.Analytics.dll.mvfrm
[557/706    0s] MovedFromExtractor-Combine Library/Bee/artifacts/1900b0aE.dag/Unity.TextMeshPro.Editor.dll.mvfrm
[558/706    0s] MovedFromExtractor-Combine Library/Bee/artifacts/1900b0aE.dag/Unity.Services.Core.Telemetry.dll.mvfrm
[559/706    0s] MovedFromExtractor-Combine Library/Bee/artifacts/1900b0aE.dag/Unity.Services.Analytics.dll.mvfrm
[560/706    0s] MovedFromExtractor-Combine Library/Bee/artifacts/1900b0aE.dag/Purchasing.Common.dll.mvfrm
[561/706    0s] MovedFromExtractor-Combine Library/Bee/artifacts/1900b0aE.dag/Unity.Services.Core.Device.dll.mvfrm
[562/706    0s] MovedFromExtractor-Combine Library/Bee/artifacts/1900b0aE.dag/Unity.Services.Core.Configuration.dll.mvfrm
[563/706    0s] MovedFromExtractor-Combine Library/Bee/artifacts/1900b0aE.dag/Unity.Services.Core.Environments.Internal.dll.mvfrm
[564/706    0s] MovedFromExtractor-Combine Library/Bee/artifacts/1900b0aE.dag/Unity.Services.Core.Scheduler.dll.mvfrm
[565/706    0s] MovedFromExtractor-Combine Library/Bee/artifacts/1900b0aE.dag/Unity.Services.Core.Environments.dll.mvfrm
[566/706    0s] MovedFromExtractor-Combine Library/Bee/artifacts/1900b0aE.dag/Unity.Services.Core.Threading.dll.mvfrm
[           0s] Csc Library/Bee/artifacts/1900b0aE.dag/Purchasing.Common.dll (+2 others) [CacheMiss 499b9e0235abce63b82832e40f2cd86b00000000000000000000000000000006]
[           0s] Csc Library/Bee/artifacts/1900b0aE.dag/Unity.Services.Core.Device.dll (+2 others) [CacheMiss eff4f42249ee8017a49e10372dfca48800000000000000000000000000000006]
[           0s] Csc Library/Bee/artifacts/1900b0aE.dag/Unity.Services.Core.Telemetry.dll (+2 others) [CacheMiss d340b7951f38db98180d9cfab080d08f00000000000000000000000000000006]
[           0s] Csc Library/Bee/artifacts/1900b0aE.dag/Unity.Services.Core.Configuration.dll (+2 others) [CacheMiss 4b63d9df571758d5dad6db60782084ec00000000000000000000000000000006]
[           0s] Csc Library/Bee/artifacts/1900b0aE.dag/Unity.TextMeshPro.Editor.dll (+2 others) [CacheMiss 1b7e0b0e23e250d528dbe48014d4767400000000000000000000000000000006]
[           0s] Csc Library/Bee/artifacts/1900b0aE.dag/Unity.Services.Analytics.dll (+2 others) [CacheMiss 38ba9f54638b047f942c6cea45122f0900000000000000000000000000000006]
[           0s] Csc Library/Bee/artifacts/1900b0aE.dag/Unity.Services.Core.Environments.Internal.dll (+2 others) [CacheMiss a24bc5b4fb5e3fb0954e12e58b3c440200000000000000000000000000000006]
[           0s] Csc Library/Bee/artifacts/1900b0aE.dag/Unity.Services.Core.Scheduler.dll (+2 others) [CacheMiss 0f003a6ba1a2ed3b346096ce3c6260a700000000000000000000000000000006]
[           0s] Csc Library/Bee/artifacts/1900b0aE.dag/Unity.Services.Core.Threading.dll (+2 others) [CacheMiss 36bfa89641ae4568e31142d92326ed6c00000000000000000000000000000006]
[           0s] Csc Library/Bee/artifacts/1900b0aE.dag/Unity.Services.Core.Environments.dll (+2 others) [CacheMiss c63416879ccc619a0316e2a7c6caafd100000000000000000000000000000006]
[567/706    0s] MovedFromExtractor-Combine Library/Bee/artifacts/1900b0aE.dag/Unity.Services.Core.Networking.dll.mvfrm
[           0s] Csc Library/Bee/artifacts/1900b0aE.dag/Unity.Services.Core.Networking.dll (+2 others) [CacheMiss 478713df796cd6e06f6c0d176718c78300000000000000000000000000000006]
[568/706    0s] Csc Library/Bee/artifacts/1900b0aE.dag/Unity.AI.Navigation.Updater.dll (+2 others)
[569/706    5s] Csc Library/Bee/artifacts/1900b0aE.dag/Unity.Timeline.Editor.dll (+2 others)
[570/706    0s] Csc Library/Bee/artifacts/1900b0aE.dag/Unity.Services.Core.Telemetry.dll (+2 others)
[571/706    0s] Csc Library/Bee/artifacts/1900b0aE.dag/Purchasing.Common.dll (+2 others)
[           0s] Csc Library/Bee/artifacts/1900b0aE.dag/Unity.AI.Navigation.Updater.dll (+2 others) [CacheWrite 1cf4473cd291952404c1ac647e8f6f1900000000000000000000000000000006]
[           0s] Csc Library/Bee/artifacts/1900b0aE.dag/Unity.Services.Core.Telemetry.dll (+2 others) [CacheWrite d340b7951f38db98180d9cfab080d08f00000000000000000000000000000006]
[           0s] Csc Library/Bee/artifacts/1900b0aE.dag/Unity.Timeline.Editor.dll (+2 others) [CacheWrite 5a7827ab170e826ce91c48ac7fd119a300000000000000000000000000000006]
[           0s] Csc Library/Bee/artifacts/1900b0aE.dag/Purchasing.Common.dll (+2 others) [CacheWrite 499b9e0235abce63b82832e40f2cd86b00000000000000000000000000000006]
[           0s] Csc Library/Bee/artifacts/1900b0aE.dag/UnityEditor.UI.Analytics.dll (+2 others) [CacheMiss 20ef95f8854d4d2ec05871ead434510000000000000000000000000000000006]
[           0s] Csc Library/Bee/artifacts/1900b0aE.dag/UnityEngine.Purchasing.AppleCore.dll (+2 others) [CacheMiss 9f68bbc2a862b1c381bfeb7ac3ded9ac00000000000000000000000000000006]
[572/706    0s] MovedFromExtractor Library/Bee/artifacts/mvdfrm/Unity.Services.Core.Telemetry.ref.dll_FA20132DD923A4D2.mvfrm
[573/706    0s] MovedFromExtractor Library/Bee/artifacts/mvdfrm/Unity.Timeline.Editor.ref.dll_0D3D3C0B73557612.mvfrm
[574/706    0s] CopyFiles Library/ScriptAssemblies/Unity.Services.Core.Telemetry.dll
[575/706    0s] CopyFiles Library/ScriptAssemblies/Purchasing.Common.dll
[576/706    0s] CopyFiles Library/ScriptAssemblies/Unity.Timeline.Editor.dll
[577/706    0s] CopyFiles Library/ScriptAssemblies/Unity.Timeline.Editor.pdb
[578/706    0s] CopyFiles Library/ScriptAssemblies/Unity.Services.Core.Telemetry.pdb
[579/706    0s] CopyFiles Library/ScriptAssemblies/Purchasing.Common.pdb
[580/706    0s] CopyFiles Library/ScriptAssemblies/Unity.AI.Navigation.Updater.dll
[581/706    0s] CopyFiles Library/ScriptAssemblies/Unity.AI.Navigation.Updater.pdb
[582/706    7s] Csc Library/Bee/artifacts/1900b0aE.dag/Unity.PlasticSCM.Editor.dll (+2 others)
[583/706    0s] Csc Library/Bee/artifacts/1900b0aE.dag/Unity.Services.Core.Device.dll (+2 others)
[584/706    0s] Csc Library/Bee/artifacts/1900b0aE.dag/Unity.Services.Core.Scheduler.dll (+2 others)
[585/706    0s] Csc Library/Bee/artifacts/1900b0aE.dag/Unity.Services.Core.Environments.dll (+2 others)
[           0s] Csc Library/Bee/artifacts/1900b0aE.dag/Unity.PlasticSCM.Editor.dll (+2 others) [CacheWrite 80907bab005fc48d9d816f04f118581f00000000000000000000000000000006]
[           0s] Csc Library/Bee/artifacts/1900b0aE.dag/Unity.Services.Core.Environments.dll (+2 others) [CacheWrite c63416879ccc619a0316e2a7c6caafd100000000000000000000000000000006]
[           0s] Csc Library/Bee/artifacts/1900b0aE.dag/Unity.Services.Core.Device.dll (+2 others) [CacheWrite eff4f42249ee8017a49e10372dfca48800000000000000000000000000000006]
[           0s] Csc Library/Bee/artifacts/1900b0aE.dag/Unity.Services.Core.Scheduler.dll (+2 others) [CacheWrite 0f003a6ba1a2ed3b346096ce3c6260a700000000000000000000000000000006]
[586/706    0s] CopyFiles Library/ScriptAssemblies/Unity.Services.Core.Device.dll
[587/706    0s] CopyFiles Library/ScriptAssemblies/Unity.Services.Core.Environments.dll
[588/706    0s] CopyFiles Library/ScriptAssemblies/Unity.Services.Core.Scheduler.dll
[589/706    0s] CopyFiles Library/ScriptAssemblies/Unity.Services.Core.Environments.pdb
[590/706    0s] CopyFiles Library/ScriptAssemblies/Unity.Services.Core.Scheduler.pdb
[591/706    0s] CopyFiles Library/ScriptAssemblies/Unity.Services.Core.Device.pdb
[592/706    0s] CopyFiles Library/ScriptAssemblies/Unity.PlasticSCM.Editor.dll
[593/706    0s] MovedFromExtractor Library/Bee/artifacts/mvdfrm/Unity.AI.Navigation.Updater.ref.dll_34B8D5B7DED6E76D.mvfrm
[594/706    0s] CopyFiles Library/ScriptAssemblies/Unity.PlasticSCM.Editor.pdb
[595/706    0s] MovedFromExtractor Library/Bee/artifacts/mvdfrm/Unity.Services.Core.Device.ref.dll_EC89AF6B778C7413.mvfrm
[596/706    0s] MovedFromExtractor Library/Bee/artifacts/mvdfrm/Unity.Services.Core.Scheduler.ref.dll_EE2AFA3B402F70E4.mvfrm
[597/706    0s] MovedFromExtractor Library/Bee/artifacts/mvdfrm/Unity.Services.Core.Environments.ref.dll_7E0AC2CDE81D9C6D.mvfrm
[598/706    0s] MovedFromExtractor Library/Bee/artifacts/mvdfrm/Unity.PlasticSCM.Editor.ref.dll_257AEB342BE77856.mvfrm
[599/706    0s] MovedFromExtractor-Combine Library/Bee/artifacts/1900b0aE.dag/Unity.Services.Core.Components.dll.mvfrm
[600/706    0s] MovedFromExtractor-Combine Library/Bee/artifacts/1900b0aE.dag/Unity.PlasticSCM.Editor.Entities.dll.mvfrm
[601/706    0s] MovedFromExtractor-Combine Library/Bee/artifacts/1900b0aE.dag/Unity.CollabProxy.Editor.dll.mvfrm
[           0s] Csc Library/Bee/artifacts/1900b0aE.dag/Unity.Services.Core.Components.dll (+2 others) [CacheMiss c67d4d9badb335efc349ce12f5612cee00000000000000000000000000000006]
[           0s] Csc Library/Bee/artifacts/1900b0aE.dag/Unity.PlasticSCM.Editor.Entities.dll (+2 others) [CacheMiss c06c824e7ce7027af0aea9120e8c796300000000000000000000000000000006]
[           0s] Csc Library/Bee/artifacts/1900b0aE.dag/Unity.CollabProxy.Editor.dll (+2 others) [CacheMiss ae0086a84ed2489b22cb5d6849a6104700000000000000000000000000000006]
[602/706    1s] Csc Library/Bee/artifacts/1900b0aE.dag/Unity.Services.Core.Threading.dll (+2 others)
[603/706    2s] Csc Library/Bee/artifacts/1900b0aE.dag/Unity.Services.Core.Configuration.dll (+2 others)
[604/706    2s] Csc Library/Bee/artifacts/1900b0aE.dag/Unity.Services.Analytics.dll (+2 others)
[605/706    0s] Csc Library/Bee/artifacts/1900b0aE.dag/Unity.Services.Core.Components.dll (+2 others)
[606/706    2s] Csc Library/Bee/artifacts/1900b0aE.dag/Unity.Services.Core.Environments.Internal.dll (+2 others)
[607/706    1s] Csc Library/Bee/artifacts/1900b0aE.dag/UnityEditor.UI.Analytics.dll (+2 others)
[608/706    1s] Csc Library/Bee/artifacts/1900b0aE.dag/UnityEngine.Purchasing.AppleCore.dll (+2 others)
[609/706    1s] Csc Library/Bee/artifacts/1900b0aE.dag/Unity.Services.Core.Networking.dll (+2 others)
[610/706    0s] Csc Library/Bee/artifacts/1900b0aE.dag/Unity.PlasticSCM.Editor.Entities.dll (+2 others)
[           0s] Csc Library/Bee/artifacts/1900b0aE.dag/Unity.Services.Core.Threading.dll (+2 others) [CacheWrite 36bfa89641ae4568e31142d92326ed6c00000000000000000000000000000006]
[           0s] Csc Library/Bee/artifacts/1900b0aE.dag/Unity.Services.Core.Components.dll (+2 others) [CacheWrite c67d4d9badb335efc349ce12f5612cee00000000000000000000000000000006]
[           0s] Csc Library/Bee/artifacts/1900b0aE.dag/Unity.Services.Core.Configuration.dll (+2 others) [CacheWrite 4b63d9df571758d5dad6db60782084ec00000000000000000000000000000006]
[           0s] Csc Library/Bee/artifacts/1900b0aE.dag/Unity.Services.Analytics.dll (+2 others) [CacheWrite 38ba9f54638b047f942c6cea45122f0900000000000000000000000000000006]
[           0s] Csc Library/Bee/artifacts/1900b0aE.dag/Unity.Services.Core.Environments.Internal.dll (+2 others) [CacheWrite a24bc5b4fb5e3fb0954e12e58b3c440200000000000000000000000000000006]
[           0s] Csc Library/Bee/artifacts/1900b0aE.dag/UnityEditor.UI.Analytics.dll (+2 others) [CacheWrite 20ef95f8854d4d2ec05871ead434510000000000000000000000000000000006]
[611/706    0s] CopyFiles Library/ScriptAssemblies/Unity.Services.Core.Threading.dll
[612/706    0s] CopyFiles Library/ScriptAssemblies/Unity.Services.Core.Configuration.dll
[613/706    0s] CopyFiles Library/ScriptAssemblies/Unity.Services.Core.Configuration.pdb
[           0s] Csc Library/Bee/artifacts/1900b0aE.dag/Unity.Services.Core.Networking.dll (+2 others) [CacheWrite 478713df796cd6e06f6c0d176718c78300000000000000000000000000000006]
[614/706    0s] CopyFiles Library/ScriptAssemblies/Unity.Services.Core.Components.dll
[615/706    0s] CopyFiles Library/ScriptAssemblies/Unity.Services.Core.Components.pdb
[616/706    0s] CopyFiles Library/ScriptAssemblies/Unity.Services.Core.Threading.pdb
[           0s] Csc Library/Bee/artifacts/1900b0aE.dag/UnityEngine.Purchasing.AppleCore.dll (+2 others) [CacheWrite 9f68bbc2a862b1c381bfeb7ac3ded9ac00000000000000000000000000000006]
[617/706    0s] CopyFiles Library/ScriptAssemblies/UnityEditor.UI.Analytics.pdb
[618/706    0s] CopyFiles Library/ScriptAssemblies/UnityEditor.UI.Analytics.dll
[619/706    0s] CopyFiles Library/ScriptAssemblies/Unity.Services.Analytics.pdb
[620/706    0s] CopyFiles Library/ScriptAssemblies/Unity.Services.Analytics.dll
[621/706    0s] CopyFiles Library/ScriptAssemblies/Unity.Services.Core.Environments.Internal.dll
[           0s] Csc Library/Bee/artifacts/1900b0aE.dag/Unity.PlasticSCM.Editor.Entities.dll (+2 others) [CacheWrite c06c824e7ce7027af0aea9120e8c796300000000000000000000000000000006]
[622/706    0s] CopyFiles Library/ScriptAssemblies/Unity.Services.Core.Environments.Internal.pdb
[623/706    0s] CopyFiles Library/ScriptAssemblies/UnityEngine.Purchasing.AppleCore.pdb
[624/706    0s] CopyFiles Library/ScriptAssemblies/Unity.Services.Core.Networking.dll
[625/706    0s] CopyFiles Library/ScriptAssemblies/UnityEngine.Purchasing.AppleCore.dll
[626/706    0s] CopyFiles Library/ScriptAssemblies/Unity.Services.Core.Networking.pdb
[627/706    0s] CopyFiles Library/ScriptAssemblies/Unity.PlasticSCM.Editor.Entities.dll
[628/706    0s] CopyFiles Library/ScriptAssemblies/Unity.PlasticSCM.Editor.Entities.pdb
[629/706    0s] Csc Library/Bee/artifacts/1900b0aE.dag/Unity.CollabProxy.Editor.dll (+2 others)
[630/706    0s] MovedFromExtractor Library/Bee/artifacts/mvdfrm/Unity.Services.Core.Configuration.ref.dll_9A0B0462DB47136F.mvfrm
[631/706    0s] MovedFromExtractor Library/Bee/artifacts/mvdfrm/Unity.Services.Analytics.ref.dll_5F295EB8E7853A94.mvfrm
[632/706    0s] MovedFromExtractor Library/Bee/artifacts/mvdfrm/UnityEditor.UI.Analytics.ref.dll_3B64A5A3A726AD5D.mvfrm
[633/706    0s] MovedFromExtractor Library/Bee/artifacts/mvdfrm/Unity.Services.Core.Threading.ref.dll_F1D7894C57B2A611.mvfrm
[634/706    0s] MovedFromExtractor Library/Bee/artifacts/mvdfrm/Unity.Services.Core.Environments.Internal.ref.dll_E1932F3567E8EA54.mvfrm
[635/706    0s] MovedFromExtractor Library/Bee/artifacts/mvdfrm/UnityEngine.Purchasing.AppleCore.ref.dll_CD4560D143B7DBE5.mvfrm
[636/706    0s] MovedFromExtractor Library/Bee/artifacts/mvdfrm/Unity.Services.Core.Networking.ref.dll_9223E05EC4657081.mvfrm
[637/706    0s] MovedFromExtractor Library/Bee/artifacts/mvdfrm/Unity.Services.Core.Components.ref.dll_066D80BB5B7F72E3.mvfrm
[           0s] Csc Library/Bee/artifacts/1900b0aE.dag/Unity.CollabProxy.Editor.dll (+2 others) [CacheWrite ae0086a84ed2489b22cb5d6849a6104700000000000000000000000000000006]
[638/706    2s] Csc Library/Bee/artifacts/1900b0aE.dag/Unity.TextMeshPro.Editor.dll (+2 others)
[639/706    0s] CopyFiles Library/ScriptAssemblies/Unity.CollabProxy.Editor.dll
[640/706    0s] CopyFiles Library/ScriptAssemblies/Unity.CollabProxy.Editor.pdb
[641/706    0s] MovedFromExtractor-Combine Library/Bee/artifacts/1900b0aE.dag/Unity.Services.Core.Configuration.Editor.dll.mvfrm
[642/706    0s] MovedFromExtractor-Combine Library/Bee/artifacts/1900b0aE.dag/Unity.Services.Core.Registration.dll.mvfrm
[643/706    0s] MovedFromExtractor-Combine Library/Bee/artifacts/1900b0aE.dag/UnityEngine.Purchasing.AppleStub.dll.mvfrm
[644/706    0s] MovedFromExtractor-Combine Library/Bee/artifacts/1900b0aE.dag/UnityEngine.Purchasing.dll.mvfrm
[645/706    0s] MovedFromExtractor-Combine Library/Bee/artifacts/1900b0aE.dag/UnityEngine.Purchasing.AppleMacosStub.dll.mvfrm
[           0s] Csc Library/Bee/artifacts/1900b0aE.dag/Unity.TextMeshPro.Editor.dll (+2 others) [CacheWrite 1b7e0b0e23e250d528dbe48014d4767400000000000000000000000000000006]
[           0s] Csc Library/Bee/artifacts/1900b0aE.dag/Unity.Services.Core.Configuration.Editor.dll (+2 others) [CacheMiss 66a053f617c1d2dcb9e1d0a06278de6900000000000000000000000000000006]
[           0s] Csc Library/Bee/artifacts/1900b0aE.dag/UnityEngine.Purchasing.AppleStub.dll (+2 others) [CacheMiss 50be41b389f4c699b10757968527f44c00000000000000000000000000000006]
[           0s] Csc Library/Bee/artifacts/1900b0aE.dag/Unity.Services.Core.Registration.dll (+2 others) [CacheMiss 0207e7d1c4b029a36863e993019a011b00000000000000000000000000000006]
[646/706    0s] CopyFiles Library/ScriptAssemblies/Unity.TextMeshPro.Editor.pdb
[           0s] Csc Library/Bee/artifacts/1900b0aE.dag/UnityEngine.Purchasing.AppleMacosStub.dll (+2 others) [CacheMiss 9c389812c6693bd059de46dd81ebd71700000000000000000000000000000006]
[           0s] Csc Library/Bee/artifacts/1900b0aE.dag/UnityEngine.Purchasing.dll (+2 others) [CacheMiss f015bb3d84fb4d26402479d6e47f713d00000000000000000000000000000006]
[647/706    0s] MovedFromExtractor Library/Bee/artifacts/mvdfrm/Unity.TextMeshPro.Editor.ref.dll_159E061D77A10B86.mvfrm
[648/706    0s] CopyFiles Library/ScriptAssemblies/Unity.TextMeshPro.Editor.dll
[649/706    0s] Csc Library/Bee/artifacts/1900b0aE.dag/Unity.Services.Core.Registration.dll (+2 others)
[650/706    0s] Csc Library/Bee/artifacts/1900b0aE.dag/Unity.Services.Core.Configuration.Editor.dll (+2 others)
[651/706    0s] Csc Library/Bee/artifacts/1900b0aE.dag/UnityEngine.Purchasing.AppleStub.dll (+2 others)
[652/706    0s] Csc Library/Bee/artifacts/1900b0aE.dag/UnityEngine.Purchasing.AppleMacosStub.dll (+2 others)
[           0s] Csc Library/Bee/artifacts/1900b0aE.dag/Unity.Services.Core.Configuration.Editor.dll (+2 others) [CacheWrite 66a053f617c1d2dcb9e1d0a06278de6900000000000000000000000000000006]
[           0s] Csc Library/Bee/artifacts/1900b0aE.dag/Unity.Services.Core.Registration.dll (+2 others) [CacheWrite 0207e7d1c4b029a36863e993019a011b00000000000000000000000000000006]
[           0s] Csc Library/Bee/artifacts/1900b0aE.dag/UnityEngine.Purchasing.AppleStub.dll (+2 others) [CacheWrite 50be41b389f4c699b10757968527f44c00000000000000000000000000000006]
[653/706    0s] CopyFiles Library/ScriptAssemblies/Unity.Services.Core.Configuration.Editor.dll
[654/706    0s] CopyFiles Library/ScriptAssemblies/Unity.Services.Core.Configuration.Editor.pdb
[655/706    0s] CopyFiles Library/ScriptAssemblies/Unity.Services.Core.Registration.dll
[656/706    0s] CopyFiles Library/ScriptAssemblies/Unity.Services.Core.Registration.pdb
[657/706    0s] CopyFiles Library/ScriptAssemblies/UnityEngine.Purchasing.AppleStub.dll
[658/706    0s] CopyFiles Library/ScriptAssemblies/UnityEngine.Purchasing.AppleStub.pdb
[           0s] Csc Library/Bee/artifacts/1900b0aE.dag/UnityEngine.Purchasing.AppleMacosStub.dll (+2 others) [CacheWrite 9c389812c6693bd059de46dd81ebd71700000000000000000000000000000006]
[659/706    0s] CopyFiles Library/ScriptAssemblies/UnityEngine.Purchasing.AppleMacosStub.pdb
[660/706    0s] CopyFiles Library/ScriptAssemblies/UnityEngine.Purchasing.AppleMacosStub.dll
[661/706    0s] Csc Library/Bee/artifacts/1900b0aE.dag/UnityEngine.Purchasing.dll (+2 others)
[           0s] Csc Library/Bee/artifacts/1900b0aE.dag/UnityEngine.Purchasing.dll (+2 others) [CacheWrite f015bb3d84fb4d26402479d6e47f713d00000000000000000000000000000006]
[662/706    0s] MovedFromExtractor Library/Bee/artifacts/mvdfrm/Unity.Services.Core.Registration.ref.dll_0EE1D1878B496356.mvfrm
[663/706    0s] MovedFromExtractor Library/Bee/artifacts/mvdfrm/UnityEngine.Purchasing.AppleStub.ref.dll_186C25C4E7249724.mvfrm
[664/706    0s] CopyFiles Library/ScriptAssemblies/UnityEngine.Purchasing.dll
[665/706    0s] CopyFiles Library/ScriptAssemblies/UnityEngine.Purchasing.pdb
[666/706    0s] MovedFromExtractor Library/Bee/artifacts/mvdfrm/Unity.Services.Core.Configuration.Editor.ref.dll_FF09FAD520872032.mvfrm
[667/706    0s] MovedFromExtractor Library/Bee/artifacts/mvdfrm/UnityEngine.Purchasing.AppleMacosStub.ref.dll_CBC38FDCA6030C51.mvfrm
[668/706    0s] MovedFromExtractor Library/Bee/artifacts/mvdfrm/UnityEngine.Purchasing.ref.dll_5673313DB44037AA.mvfrm
[669/706    0s] MovedFromExtractor-Combine Library/Bee/artifacts/1900b0aE.dag/Unity.Services.Core.Editor.dll.mvfrm
[           0s] Csc Library/Bee/artifacts/1900b0aE.dag/Unity.Services.Core.Editor.dll (+2 others) [CacheMiss 17336f78cab13e6604dc22913721223b00000000000000000000000000000006]
[670/706    0s] MovedFromExtractor-Combine Library/Bee/artifacts/1900b0aE.dag/UnityEngine.Purchasing.Stores.dll.mvfrm
[           0s] Csc Library/Bee/artifacts/1900b0aE.dag/UnityEngine.Purchasing.Stores.dll (+2 others) [CacheMiss e593d205e137ec5df2f04c62a9b506cf00000000000000000000000000000006]
[671/706    0s] Csc Library/Bee/artifacts/1900b0aE.dag/Unity.Services.Core.Editor.dll (+2 others)
[           0s] Csc Library/Bee/artifacts/1900b0aE.dag/Unity.Services.Core.Editor.dll (+2 others) [CacheWrite 17336f78cab13e6604dc22913721223b00000000000000000000000000000006]
[672/706    0s] CopyFiles Library/ScriptAssemblies/Unity.Services.Core.Editor.pdb
[673/706    0s] CopyFiles Library/ScriptAssemblies/Unity.Services.Core.Editor.dll
[674/706    0s] MovedFromExtractor Library/Bee/artifacts/mvdfrm/Unity.Services.Core.Editor.ref.dll_CCD0CF61C5D7A10A.mvfrm
[675/706    0s] MovedFromExtractor-Combine Library/Bee/artifacts/1900b0aE.dag/Unity.Services.Core.Environments.Editor.dll.mvfrm
[676/706    0s] Csc Library/Bee/artifacts/1900b0aE.dag/UnityEngine.Purchasing.Stores.dll (+2 others)
[           0s] Csc Library/Bee/artifacts/1900b0aE.dag/UnityEngine.Purchasing.Stores.dll (+2 others) [CacheWrite e593d205e137ec5df2f04c62a9b506cf00000000000000000000000000000006]
[           0s] Csc Library/Bee/artifacts/1900b0aE.dag/Unity.Services.Core.Environments.Editor.dll (+2 others) [CacheMiss fc3b0c2fd076e5a395627e0f1a3417e900000000000000000000000000000006]
[677/706    0s] CopyFiles Library/ScriptAssemblies/UnityEngine.Purchasing.Stores.pdb
[678/706    0s] CopyFiles Library/ScriptAssemblies/UnityEngine.Purchasing.Stores.dll
[679/706    0s] MovedFromExtractor Library/Bee/artifacts/mvdfrm/UnityEngine.Purchasing.Stores.ref.dll_D1DFD8417D6A87AC.mvfrm
[680/706    0s] MovedFromExtractor-Combine Library/Bee/artifacts/1900b0aE.dag/UnityEngine.Purchasing.Codeless.dll.mvfrm
[           0s] Csc Library/Bee/artifacts/1900b0aE.dag/UnityEngine.Purchasing.Codeless.dll (+2 others) [CacheMiss 62323ee71064487994479a9ae046108b00000000000000000000000000000006]
[681/706    0s] Csc Library/Bee/artifacts/1900b0aE.dag/Unity.Services.Core.Environments.Editor.dll (+2 others)
[682/706    0s] Csc Library/Bee/artifacts/1900b0aE.dag/UnityEngine.Purchasing.Codeless.dll (+2 others)
[           0s] Csc Library/Bee/artifacts/1900b0aE.dag/Unity.Services.Core.Environments.Editor.dll (+2 others) [CacheWrite fc3b0c2fd076e5a395627e0f1a3417e900000000000000000000000000000006]
[683/706    0s] CopyFiles Library/ScriptAssemblies/Unity.Services.Core.Environments.Editor.pdb
[           0s] Csc Library/Bee/artifacts/1900b0aE.dag/UnityEngine.Purchasing.Codeless.dll (+2 others) [CacheWrite 62323ee71064487994479a9ae046108b00000000000000000000000000000006]
[684/706    0s] CopyFiles Library/ScriptAssemblies/Unity.Services.Core.Environments.Editor.dll
[685/706    0s] CopyFiles Library/ScriptAssemblies/UnityEngine.Purchasing.Codeless.pdb
[686/706    0s] CopyFiles Library/ScriptAssemblies/UnityEngine.Purchasing.Codeless.dll
[687/706    0s] MovedFromExtractor Library/Bee/artifacts/mvdfrm/Unity.Services.Core.Environments.Editor.ref.dll_4254655028E87114.mvfrm
[688/706    0s] MovedFromExtractor Library/Bee/artifacts/mvdfrm/UnityEngine.Purchasing.Codeless.ref.dll_513D40CFE18D69D0.mvfrm
[689/706    0s] MovedFromExtractor-Combine Library/Bee/artifacts/1900b0aE.dag/Unity.Services.Analytics.Editor.dll.mvfrm
[690/706    0s] MovedFromExtractor-Combine Library/Bee/artifacts/1900b0aE.dag/UnityEditor.Purchasing.dll.mvfrm
[           0s] Csc Library/Bee/artifacts/1900b0aE.dag/Unity.Services.Analytics.Editor.dll (+2 others) [CacheMiss b9f7925ddda6bafcfc3eafcd197619d000000000000000000000000000000006]
[           0s] Csc Library/Bee/artifacts/1900b0aE.dag/UnityEditor.Purchasing.dll (+2 others) [CacheMiss 9aadb8daafbb58517c654147f748c80000000000000000000000000000000006]
[691/706    0s] Csc Library/Bee/artifacts/1900b0aE.dag/Unity.Services.Analytics.Editor.dll (+2 others)
[692/706    0s] Csc Library/Bee/artifacts/1900b0aE.dag/UnityEditor.Purchasing.dll (+2 others)
[           0s] Csc Library/Bee/artifacts/1900b0aE.dag/Unity.Services.Analytics.Editor.dll (+2 others) [CacheWrite b9f7925ddda6bafcfc3eafcd197619d000000000000000000000000000000006]
[693/706    0s] CopyFiles Library/ScriptAssemblies/Unity.Services.Analytics.Editor.pdb
[694/706    0s] CopyFiles Library/ScriptAssemblies/Unity.Services.Analytics.Editor.dll
[           0s] Csc Library/Bee/artifacts/1900b0aE.dag/UnityEditor.Purchasing.dll (+2 others) [CacheWrite 9aadb8daafbb58517c654147f748c80000000000000000000000000000000006]
[695/706    0s] CopyFiles Library/ScriptAssemblies/UnityEditor.Purchasing.pdb
[696/706    0s] CopyFiles Library/ScriptAssemblies/UnityEditor.Purchasing.dll
[697/706    0s] MovedFromExtractor Library/Bee/artifacts/mvdfrm/UnityEditor.Purchasing.ref.dll_8A54E68F887CD9BF.mvfrm
[698/706    0s] MovedFromExtractor-Combine Library/Bee/artifacts/1900b0aE.dag/Assembly-CSharp.dll.mvfrm
[699/706    0s] MovedFromExtractor-Combine Library/Bee/artifacts/1900b0aE.dag/Assembly-CSharp-firstpass.dll.mvfrm
[700/706    0s] Csc Library/Bee/artifacts/1900b0aE.dag/Assembly-CSharp-firstpass.dll (+2 others)
Assets\Plugins\Assembly-CSharp-firstpass\Script.cs(93,18): warning CS0108: 'Script.Instantiate<T>(T, Vector3, Quaternion)' hides inherited member 'Object.Instantiate<T>(T, Vector3, Quaternion)'. Use the new keyword if hiding was intended.

Assets\Plugins\Assembly-CSharp-firstpass\Script.cs(98,18): warning CS0108: 'Script.Instantiate<T>(T)' hides inherited member 'Object.Instantiate<T>(T)'. Use the new keyword if hiding was intended.
[701/706    0s] CopyFiles Library/ScriptAssemblies/Assembly-CSharp-firstpass.pdb
[702/706    0s] CopyFiles Library/ScriptAssemblies/Assembly-CSharp-firstpass.dll
[703/706    0s] Csc Library/Bee/artifacts/1900b0aE.dag/Assembly-CSharp.dll (+2 others)
##### CommandLine
"C:\Program Files\Unity\Hub\Editor\6000.5.3f1\Editor\Data\DotNetSdk\dotnet.exe" exec "C:/Program Files/Unity/Hub/Editor/6000.5.3f1/Editor/Data/DotNetSdk/sdk/8.0.318/Roslyn/bincore/csc.dll" /nostdlib /noconfig /shared "@Library/Bee/artifacts/1900b0aE.dag/Assembly-CSharp.rsp" "@Library/Bee/artifacts/1900b0aE.dag/Assembly-CSharp.rsp2"
##### Contents of Library\Bee\artifacts\1900b0aE.dag\Assembly-CSharp.rsp
-target:library
-out:"Library/Bee/artifacts/1900b0aE.dag/Assembly-CSharp.dll"
-refout:"Library/Bee/artifacts/1900b0aE.dag/Assembly-CSharp.ref.dll"
-define:UNITY_6000_5_3
-define:UNITY_6000_5
-define:UNITY_6000
-define:UNITY_5_3_OR_NEWER
-define:UNITY_5_4_OR_NEWER
-define:UNITY_5_5_OR_NEWER
-define:UNITY_5_6_OR_NEWER
-define:UNITY_2017_1_OR_NEWER
-define:UNITY_2017_2_OR_NEWER
-define:UNITY_2017_3_OR_NEWER
-define:UNITY_2017_4_OR_NEWER
-define:UNITY_2018_1_OR_NEWER
-define:UNITY_2018_2_OR_NEWER
-define:UNITY_2018_3_OR_NEWER
-define:UNITY_2018_4_OR_NEWER
-define:UNITY_2019_1_OR_NEWER
-define:UNITY_2019_2_OR_NEWER
-define:UNITY_2019_3_OR_NEWER
-define:UNITY_2019_4_OR_NEWER
-define:UNITY_2020_1_OR_NEWER
-define:UNITY_2020_2_OR_NEWER
-define:UNITY_2020_3_OR_NEWER
-define:UNITY_2021_1_OR_NEWER
-define:UNITY_2021_2_OR_NEWER
-define:UNITY_2021_3_OR_NEWER
-define:UNITY_2022_1_OR_NEWER
-define:UNITY_2022_2_OR_NEWER
-define:UNITY_2022_3_OR_NEWER
-define:UNITY_2023_1_OR_NEWER
-define:UNITY_2023_2_OR_NEWER
-define:UNITY_2023_3_OR_NEWER
-define:UNITY_6000_0_OR_NEWER
-define:UNITY_6000_1_OR_NEWER
-define:UNITY_6000_2_OR_NEWER
-define:UNITY_6000_3_OR_NEWER
-define:UNITY_6000_4_OR_NEWER
-define:UNITY_6000_5_OR_NEWER
-define:PLATFORM_ARCH_64
-define:UNITY_64
-define:UNITY_INCLUDE_TESTS
-define:ENABLE_AR
-define:ENABLE_AUDIO
-define:ENABLE_AUDIO_SCRIPTABLE_PIPELINE
-define:ENABLE_CACHING
-define:ENABLE_CLOTH
-define:ENABLE_EVENT_QUEUE
-define:ENABLE_MICROPHONE
-define:ENABLE_MULTIPLE_DISPLAYS
-define:ENABLE_PHYSICS
-define:ENABLE_TEXTURE_STREAMING
-define:ENABLE_VIRTUALTEXTURING
-define:ENABLE_LZMA
-define:ENABLE_UNITYEVENTS
-define:ENABLE_VR
-define:ENABLE_WEBCAM
-define:ENABLE_UNITYWEBREQUEST
-define:ENABLE_WWW
-define:ENABLE_CLOUD_SERVICES
-define:ENABLE_CLOUD_SERVICES_ADS
-define:ENABLE_CLOUD_SERVICES_USE_WEBREQUEST
-define:ENABLE_UNITY_CONSENT
-define:ENABLE_UNITY_CLOUD_IDENTIFIERS
-define:ENABLE_CLOUD_SERVICES_CRASH_REPORTING
-define:ENABLE_CLOUD_SERVICES_NATIVE_CRASH_REPORTING
-define:ENABLE_CLOUD_SERVICES_PURCHASING
-define:ENABLE_CLOUD_SERVICES_ANALYTICS
-define:ENABLE_CLOUD_SERVICES_BUILD
-define:ENABLE_EDITOR_GAME_SERVICES
-define:ENABLE_UNITY_GAME_SERVICES_ANALYTICS_SUPPORT
-define:ENABLE_CLOUD_LICENSE
-define:ENABLE_EDITOR_HUB_LICENSE
-define:ENABLE_WEBSOCKET_CLIENT
-define:ENABLE_GENERATE_NATIVE_PLUGINS_FOR_ASSEMBLIES_API
-define:ENABLE_DIRECTOR_AUDIO
-define:ENABLE_DIRECTOR_TEXTURE
-define:ENABLE_MANAGED_JOBS
-define:ENABLE_MANAGED_TRANSFORM_JOBS
-define:ENABLE_MANAGED_ANIMATION_JOBS
-define:ENABLE_MANAGED_AUDIO_JOBS
-define:ENABLE_MANAGED_UNITYTLS
-define:INCLUDE_DYNAMIC_GI
-define:ENABLE_SCRIPTING_GC_WBARRIERS
-define:PLATFORM_SUPPORTS_MONO
-define:RENDER_SOFTWARE_CURSOR
-define:ENABLE_MARSHALLING_TESTS
-define:ENABLE_VIDEO
-define:ENABLE_NAVIGATION_OFFMESHLINK_TO_NAVMESHLINK
-define:ENABLE_ACCELERATOR_CLIENT_DEBUGGING
-define:ENABLE_ACCESSIBILITY_SCREEN_READER
-define:TEXTCORE_1_0_OR_NEWER
-define:EDITOR_ONLY_NAVMESH_BUILDER_DEPRECATED
-define:PLATFORM_STANDALONE_WIN
-define:PLATFORM_STANDALONE
-define:UNITY_STANDALONE_WIN
-define:UNITY_STANDALONE
-define:ENABLE_RUNTIME_GI
-define:ENABLE_MOVIES
-define:ENABLE_NETWORK
-define:ENABLE_NVIDIA
-define:ENABLE_AMD
-define:ENABLE_CRUNCH_TEXTURE_COMPRESSION
-define:ENABLE_CLOUD_SERVICES_ENGINE_DIAGNOSTICS
-define:ENABLE_OUT_OF_PROCESS_CRASH_HANDLER
-define:ENABLE_CLUSTER_SYNC
-define:ENABLE_CLUSTERINPUT
-define:PLATFORM_UPDATES_TIME_OUTSIDE_OF_PLAYER_LOOP
-define:GFXDEVICE_WAITFOREVENT_MESSAGEPUMP
-define:PLATFORM_USES_EXPLICIT_MEMORY_MANAGER_INITIALIZER
-define:PLATFORM_SUPPORTS_WAIT_FOR_PRESENTATION
-define:PLATFORM_SUPPORTS_SPLIT_GRAPHICS_JOBS
-define:PLATFORM_USES_VULKAN_OLD_SWAPCHAIN
-define:USE_READ_ASYNC_MANAGED_API
-define:ENABLE_MONO
-define:NET_4_6
-define:NET_UNITY_4_8
-define:ENABLE_PROFILER
-define:DEBUG
-define:TRACE
-define:UNITY_ASSERTIONS
-define:UNITY_EDITOR
-define:UNITY_EDITOR_64
-define:UNITY_EDITOR_WIN
-define:ENABLE_UNITY_COLLECTIONS_CHECKS
-define:ENABLE_BURST_AOT
-define:UNITY_TEAM_LICENSE
-define:ENABLE_CUSTOM_RENDER_TEXTURE
-define:ENABLE_DIRECTOR
-define:ENABLE_LOCALIZATION
-define:ENABLE_SPRITES
-define:ENABLE_TERRAIN
-define:ENABLE_TILEMAP
-define:ENABLE_TIMELINE
-define:ENABLE_LEGACY_INPUT_MANAGER
-define:TEXTCORE_FONT_ENGINE_1_5_OR_NEWER
-define:TEXTCORE_TEXT_ENGINE_1_5_OR_NEWER
-define:TEXTCORE_FONT_ENGINE_1_6_OR_NEWER
-define:CSHARP_7_OR_LATER
-define:CSHARP_7_3_OR_NEWER
-r:"C:/Program Files/Unity/Hub/Editor/6000.5.3f1/Editor/Data/BCLExtensions/TargetingPacks/netstandard2.1/ref/Microsoft.Bcl.AsyncInterfaces.dll"
-r:"C:/Program Files/Unity/Hub/Editor/6000.5.3f1/Editor/Data/BCLExtensions/TargetingPacks/netstandard2.1/ref/Microsoft.Extensions.DependencyInjection.Abstractions.dll"
-r:"C:/Program Files/Unity/Hub/Editor/6000.5.3f1/Editor/Data/BCLExtensions/TargetingPacks/netstandard2.1/ref/Microsoft.Extensions.Logging.Abstractions.dll"
-r:"C:/Program Files/Unity/Hub/Editor/6000.5.3f1/Editor/Data/BCLExtensions/TargetingPacks/netstandard2.1/ref/System.Collections.Immutable.dll"
-r:"C:/Program Files/Unity/Hub/Editor/6000.5.3f1/Editor/Data/BCLExtensions/TargetingPacks/netstandard2.1/ref/System.Diagnostics.DiagnosticSource.dll"
-r:"C:/Program Files/Unity/Hub/Editor/6000.5.3f1/Editor/Data/BCLExtensions/TargetingPacks/netstandard2.1/ref/System.IO.Hashing.dll"
-r:"C:/Program Files/Unity/Hub/Editor/6000.5.3f1/Editor/Data/BCLExtensions/TargetingPacks/netstandard2.1/ref/System.Reflection.Metadata.dll"
-r:"C:/Program Files/Unity/Hub/Editor/6000.5.3f1/Editor/Data/BCLExtensions/TargetingPacks/netstandard2.1/ref/System.Runtime.CompilerServices.Unsafe.dll"
-r:"C:/Program Files/Unity/Hub/Editor/6000.5.3f1/Editor/Data/BCLExtensions/TargetingPacks/netstandard2.1/ref/System.Text.Encodings.Web.dll"
-r:"C:/Program Files/Unity/Hub/Editor/6000.5.3f1/Editor/Data/BCLExtensions/TargetingPacks/netstandard2.1/ref/System.Text.Json.dll"
-r:"C:/Program Files/Unity/Hub/Editor/6000.5.3f1/Editor/Data/Managed/UnityEngine/Unity.Scripting.dll"
-r:"C:/Program Files/Unity/Hub/Editor/6000.5.3f1/Editor/Data/Managed/UnityEngine/UnityEditor.AIModule.dll"
-r:"C:/Program Files/Unity/Hub/Editor/6000.5.3f1/Editor/Data/Managed/UnityEngine/UnityEditor.AccessibilityModule.dll"
-r:"C:/Program Files/Unity/Hub/Editor/6000.5.3f1/Editor/Data/Managed/UnityEngine/UnityEditor.AdaptivePerformanceModule.dll"
-r:"C:/Program Files/Unity/Hub/Editor/6000.5.3f1/Editor/Data/Managed/UnityEngine/UnityEditor.AssetComplianceModule.dll"
-r:"C:/Program Files/Unity/Hub/Editor/6000.5.3f1/Editor/Data/Managed/UnityEngine/UnityEditor.BuildProfileModule.dll"
-r:"C:/Program Files/Unity/Hub/Editor/6000.5.3f1/Editor/Data/Managed/UnityEngine/UnityEditor.ClothModule.dll"
-r:"C:/Program Files/Unity/Hub/Editor/6000.5.3f1/Editor/Data/Managed/UnityEngine/UnityEditor.ContentLoadModule.dll"
-r:"C:/Program Files/Unity/Hub/Editor/6000.5.3f1/Editor/Data/Managed/UnityEngine/UnityEditor.CoreBusinessMetricsModule.dll"
-r:"C:/Program Files/Unity/Hub/Editor/6000.5.3f1/Editor/Data/Managed/UnityEngine/UnityEditor.CoreModule.dll"
-r:"C:/Program Files/Unity/Hub/Editor/6000.5.3f1/Editor/Data/Managed/UnityEngine/UnityEditor.DeviceSimulatorModule.dll"
-r:"C:/Program Files/Unity/Hub/Editor/6000.5.3f1/Editor/Data/Managed/UnityEngine/UnityEditor.DiagnosticsModule.dll"
-r:"C:/Program Files/Unity/Hub/Editor/6000.5.3f1/Editor/Data/Managed/UnityEngine/UnityEditor.EditorToolbarModule.dll"
-r:"C:/Program Files/Unity/Hub/Editor/6000.5.3f1/Editor/Data/Managed/UnityEngine/UnityEditor.EmbreeModule.dll"
-r:"C:/Program Files/Unity/Hub/Editor/6000.5.3f1/Editor/Data/Managed/UnityEngine/UnityEditor.GIModule.dll"
-r:"C:/Program Files/Unity/Hub/Editor/6000.5.3f1/Editor/Data/Managed/UnityEngine/UnityEditor.GenericRemoteModule.dll"
-r:"C:/Program Files/Unity/Hub/Editor/6000.5.3f1/Editor/Data/Managed/UnityEngine/UnityEditor.GraphToolkitModule.dll"
-r:"C:/Program Files/Unity/Hub/Editor/6000.5.3f1/Editor/Data/Managed/UnityEngine/UnityEditor.GraphViewModule.dll"
-r:"C:/Program Files/Unity/Hub/Editor/6000.5.3f1/Editor/Data/Managed/UnityEngine/UnityEditor.GraphicsStateCollectionSerializerModule.dll"
-r:"C:/Program Files/Unity/Hub/Editor/6000.5.3f1/Editor/Data/Managed/UnityEngine/UnityEditor.GridAndSnapModule.dll"
-r:"C:/Program Files/Unity/Hub/Editor/6000.5.3f1/Editor/Data/Managed/UnityEngine/UnityEditor.GridModule.dll"
-r:"C:/Program Files/Unity/Hub/Editor/6000.5.3f1/Editor/Data/Managed/UnityEngine/UnityEditor.HierarchyModule.dll"
-r:"C:/Program Files/Unity/Hub/Editor/6000.5.3f1/Editor/Data/Managed/UnityEngine/UnityEditor.LightingModule.dll"
-r:"C:/Program Files/Unity/Hub/Editor/6000.5.3f1/Editor/Data/Managed/UnityEngine/UnityEditor.MathematicsModule.dll"
-r:"C:/Program Files/Unity/Hub/Editor/6000.5.3f1/Editor/Data/Managed/UnityEngine/UnityEditor.MediaModule.dll"
-r:"C:/Program Files/Unity/Hub/Editor/6000.5.3f1/Editor/Data/Managed/UnityEngine/UnityEditor.MultiplayerModule.dll"
-r:"C:/Program Files/Unity/Hub/Editor/6000.5.3f1/Editor/Data/Managed/UnityEngine/UnityEditor.Physics2DModule.dll"
-r:"C:/Program Files/Unity/Hub/Editor/6000.5.3f1/Editor/Data/Managed/UnityEngine/UnityEditor.PhysicsCore2DModule.dll"
-r:"C:/Program Files/Unity/Hub/Editor/6000.5.3f1/Editor/Data/Managed/UnityEngine/UnityEditor.PhysicsModule.dll"
-r:"C:/Program Files/Unity/Hub/Editor/6000.5.3f1/Editor/Data/Managed/UnityEngine/UnityEditor.PlayModeModule.dll"
-r:"C:/Program Files/Unity/Hub/Editor/6000.5.3f1/Editor/Data/Managed/UnityEngine/UnityEditor.PresetsUIModule.dll"
-r:"C:/Program Files/Unity/Hub/Editor/6000.5.3f1/Editor/Data/Managed/UnityEngine/UnityEditor.ProjectAuditorModule.dll"
-r:"C:/Program Files/Unity/Hub/Editor/6000.5.3f1/Editor/Data/Managed/UnityEngine/UnityEditor.PropertiesModule.dll"
-r:"C:/Program Files/Unity/Hub/Editor/6000.5.3f1/Editor/Data/Managed/UnityEngine/UnityEditor.QuickInstallModule.dll"
-r:"C:/Program Files/Unity/Hub/Editor/6000.5.3f1/Editor/Data/Managed/UnityEngine/UnityEditor.QuickSearchModule.dll"
-r:"C:/Program Files/Unity/Hub/Editor/6000.5.3f1/Editor/Data/Managed/UnityEngine/UnityEditor.SafeModeModule.dll"
-r:"C:/Program Files/Unity/Hub/Editor/6000.5.3f1/Editor/Data/Managed/UnityEngine/UnityEditor.SceneTemplateModule.dll"
-r:"C:/Program Files/Unity/Hub/Editor/6000.5.3f1/Editor/Data/Managed/UnityEngine/UnityEditor.SceneViewModule.dll"
-r:"C:/Program Files/Unity/Hub/Editor/6000.5.3f1/Editor/Data/Managed/UnityEngine/UnityEditor.ShaderBuildSettingsModule.dll"
-r:"C:/Program Files/Unity/Hub/Editor/6000.5.3f1/Editor/Data/Managed/UnityEngine/UnityEditor.ShaderCompilationModule.dll"
-r:"C:/Program Files/Unity/Hub/Editor/6000.5.3f1/Editor/Data/Managed/UnityEngine/UnityEditor.ShaderFoundryModule.dll"
-r:"C:/Program Files/Unity/Hub/Editor/6000.5.3f1/Editor/Data/Managed/UnityEngine/UnityEditor.SketchUpModule.dll"
-r:"C:/Program Files/Unity/Hub/Editor/6000.5.3f1/Editor/Data/Managed/UnityEngine/UnityEditor.SpriteMaskModule.dll"
-r:"C:/Program Files/Unity/Hub/Editor/6000.5.3f1/Editor/Data/Managed/UnityEngine/UnityEditor.SpriteShapeModule.dll"
-r:"C:/Program Files/Unity/Hub/Editor/6000.5.3f1/Editor/Data/Managed/UnityEngine/UnityEditor.SubstanceModule.dll"
-r:"C:/Program Files/Unity/Hub/Editor/6000.5.3f1/Editor/Data/Managed/UnityEngine/UnityEditor.TerrainModule.dll"
-r:"C:/Program Files/Unity/Hub/Editor/6000.5.3f1/Editor/Data/Managed/UnityEngine/UnityEditor.TextCoreFontEngineModule.dll"
-r:"C:/Program Files/Unity/Hub/Editor/6000.5.3f1/Editor/Data/Managed/UnityEngine/UnityEditor.TextCoreTextEngineModule.dll"
-r:"C:/Program Files/Unity/Hub/Editor/6000.5.3f1/Editor/Data/Managed/UnityEngine/UnityEditor.TextRenderingModule.dll"
-r:"C:/Program Files/Unity/Hub/Editor/6000.5.3f1/Editor/Data/Managed/UnityEngine/UnityEditor.TilemapModule.dll"
-r:"C:/Program Files/Unity/Hub/Editor/6000.5.3f1/Editor/Data/Managed/UnityEngine/UnityEditor.TreeModule.dll"
-r:"C:/Program Files/Unity/Hub/Editor/6000.5.3f1/Editor/Data/Managed/UnityEngine/UnityEditor.U2DModule.dll"
-r:"C:/Program Files/Unity/Hub/Editor/6000.5.3f1/Editor/Data/Managed/UnityEngine/UnityEditor.UIAutomationModule.dll"
-r:"C:/Program Files/Unity/Hub/Editor/6000.5.3f1/Editor/Data/Managed/UnityEngine/UnityEditor.UIBuilderModule.dll"
-r:"C:/Program Files/Unity/Hub/Editor/6000.5.3f1/Editor/Data/Managed/UnityEngine/UnityEditor.UIElementsModule.dll"
-r:"C:/Program Files/Unity/Hub/Editor/6000.5.3f1/Editor/Data/Managed/UnityEngine/UnityEditor.UIElementsSamplesModule.dll"
-r:"C:/Program Files/Unity/Hub/Editor/6000.5.3f1/Editor/Data/Managed/UnityEngine/UnityEditor.UIToolkitAuthoringModule.dll"
-r:"C:/Program Files/Unity/Hub/Editor/6000.5.3f1/Editor/Data/Managed/UnityEngine/UnityEditor.UmbraModule.dll"
-r:"C:/Program Files/Unity/Hub/Editor/6000.5.3f1/Editor/Data/Managed/UnityEngine/UnityEditor.UnityConnectModule.dll"
-r:"C:/Program Files/Unity/Hub/Editor/6000.5.3f1/Editor/Data/Managed/UnityEngine/UnityEditor.VFXModule.dll"
-r:"C:/Program Files/Unity/Hub/Editor/6000.5.3f1/Editor/Data/Managed/UnityEngine/UnityEditor.VectorGraphicsModule.dll"
-r:"C:/Program Files/Unity/Hub/Editor/6000.5.3f1/Editor/Data/Managed/UnityEngine/UnityEditor.VideoModule.dll"
-r:"C:/Program Files/Unity/Hub/Editor/6000.5.3f1/Editor/Data/Managed/UnityEngine/UnityEditor.XRModule.dll"
-r:"C:/Program Files/Unity/Hub/Editor/6000.5.3f1/Editor/Data/Managed/UnityEngine/UnityEditor.dll"
-r:"C:/Program Files/Unity/Hub/Editor/6000.5.3f1/Editor/Data/Managed/UnityEngine/UnityEngine.AIModule.dll"
-r:"C:/Program Files/Unity/Hub/Editor/6000.5.3f1/Editor/Data/Managed/UnityEngine/UnityEngine.ARModule.dll"
-r:"C:/Program Files/Unity/Hub/Editor/6000.5.3f1/Editor/Data/Managed/UnityEngine/UnityEngine.AccessibilityModule.dll"
-r:"C:/Program Files/Unity/Hub/Editor/6000.5.3f1/Editor/Data/Managed/UnityEngine/UnityEngine.AdaptivePerformanceModule.dll"
-r:"C:/Program Files/Unity/Hub/Editor/6000.5.3f1/Editor/Data/Managed/UnityEngine/UnityEngine.AndroidJNIModule.dll"
-r:"C:/Program Files/Unity/Hub/Editor/6000.5.3f1/Editor/Data/Managed/UnityEngine/UnityEngine.AnimationModule.dll"
-r:"C:/Program Files/Unity/Hub/Editor/6000.5.3f1/Editor/Data/Managed/UnityEngine/UnityEngine.AssetBundleModule.dll"
-r:"C:/Program Files/Unity/Hub/Editor/6000.5.3f1/Editor/Data/Managed/UnityEngine/UnityEngine.AudioModule.dll"
-r:"C:/Program Files/Unity/Hub/Editor/6000.5.3f1/Editor/Data/Managed/UnityEngine/UnityEngine.ClothModule.dll"
-r:"C:/Program Files/Unity/Hub/Editor/6000.5.3f1/Editor/Data/Managed/UnityEngine/UnityEngine.ClusterInputModule.dll"
-r:"C:/Program Files/Unity/Hub/Editor/6000.5.3f1/Editor/Data/Managed/UnityEngine/UnityEngine.ClusterRendererModule.dll"
-r:"C:/Program Files/Unity/Hub/Editor/6000.5.3f1/Editor/Data/Managed/UnityEngine/UnityEngine.ContentLoadModule.dll"
-r:"C:/Program Files/Unity/Hub/Editor/6000.5.3f1/Editor/Data/Managed/UnityEngine/UnityEngine.CoreModule.dll"
-r:"C:/Program Files/Unity/Hub/Editor/6000.5.3f1/Editor/Data/Managed/UnityEngine/UnityEngine.CrashReportingModule.dll"
-r:"C:/Program Files/Unity/Hub/Editor/6000.5.3f1/Editor/Data/Managed/UnityEngine/UnityEngine.DSPGraphModule.dll"
-r:"C:/Program Files/Unity/Hub/Editor/6000.5.3f1/Editor/Data/Managed/UnityEngine/UnityEngine.DirectorModule.dll"
-r:"C:/Program Files/Unity/Hub/Editor/6000.5.3f1/Editor/Data/Managed/UnityEngine/UnityEngine.GIModule.dll"
-r:"C:/Program Files/Unity/Hub/Editor/6000.5.3f1/Editor/Data/Managed/UnityEngine/UnityEngine.GameCenterModule.dll"
-r:"C:/Program Files/Unity/Hub/Editor/6000.5.3f1/Editor/Data/Managed/UnityEngine/UnityEngine.GraphicsStateCollectionSerializerModule.dll"
-r:"C:/Program Files/Unity/Hub/Editor/6000.5.3f1/Editor/Data/Managed/UnityEngine/UnityEngine.GridModule.dll"
-r:"C:/Program Files/Unity/Hub/Editor/6000.5.3f1/Editor/Data/Managed/UnityEngine/UnityEngine.HierarchyCoreModule.dll"
-r:"C:/Program Files/Unity/Hub/Editor/6000.5.3f1/Editor/Data/Managed/UnityEngine/UnityEngine.HotReloadModule.dll"
-r:"C:/Program Files/Unity/Hub/Editor/6000.5.3f1/Editor/Data/Managed/UnityEngine/UnityEngine.IMGUIModule.dll"
-r:"C:/Program Files/Unity/Hub/Editor/6000.5.3f1/Editor/Data/Managed/UnityEngine/UnityEngine.IdentifiersModule.dll"
-r:"C:/Program Files/Unity/Hub/Editor/6000.5.3f1/Editor/Data/Managed/UnityEngine/UnityEngine.ImageConversionModule.dll"
-r:"C:/Program Files/Unity/Hub/Editor/6000.5.3f1/Editor/Data/Managed/UnityEngine/UnityEngine.InputForUIModule.dll"
-r:"C:/Program Files/Unity/Hub/Editor/6000.5.3f1/Editor/Data/Managed/UnityEngine/UnityEngine.InputLegacyModule.dll"
-r:"C:/Program Files/Unity/Hub/Editor/6000.5.3f1/Editor/Data/Managed/UnityEngine/UnityEngine.InputModule.dll"
-r:"C:/Program Files/Unity/Hub/Editor/6000.5.3f1/Editor/Data/Managed/UnityEngine/UnityEngine.InsightsModule.dll"
-r:"C:/Program Files/Unity/Hub/Editor/6000.5.3f1/Editor/Data/Managed/UnityEngine/UnityEngine.JSONSerializeModule.dll"
-r:"C:/Program Files/Unity/Hub/Editor/6000.5.3f1/Editor/Data/Managed/UnityEngine/UnityEngine.LocalizationModule.dll"
-r:"C:/Program Files/Unity/Hub/Editor/6000.5.3f1/Editor/Data/Managed/UnityEngine/UnityEngine.MarshallingModule.dll"
-r:"C:/Program Files/Unity/Hub/Editor/6000.5.3f1/Editor/Data/Managed/UnityEngine/UnityEngine.MathematicsModule.dll"
-r:"C:/Program Files/Unity/Hub/Editor/6000.5.3f1/Editor/Data/Managed/UnityEngine/UnityEngine.MultiplayerModule.dll"
-r:"C:/Program Files/Unity/Hub/Editor/6000.5.3f1/Editor/Data/Managed/UnityEngine/UnityEngine.ParticleSystemModule.dll"
-r:"C:/Program Files/Unity/Hub/Editor/6000.5.3f1/Editor/Data/Managed/UnityEngine/UnityEngine.PerformanceReportingModule.dll"
-r:"C:/Program Files/Unity/Hub/Editor/6000.5.3f1/Editor/Data/Managed/UnityEngine/UnityEngine.Physics2DModule.dll"
-r:"C:/Program Files/Unity/Hub/Editor/6000.5.3f1/Editor/Data/Managed/UnityEngine/UnityEngine.PhysicsBackendPhysXModule.dll"
-r:"C:/Program Files/Unity/Hub/Editor/6000.5.3f1/Editor/Data/Managed/UnityEngine/UnityEngine.PhysicsCore2DModule.dll"
-r:"C:/Program Files/Unity/Hub/Editor/6000.5.3f1/Editor/Data/Managed/UnityEngine/UnityEngine.PhysicsModule.dll"
-r:"C:/Program Files/Unity/Hub/Editor/6000.5.3f1/Editor/Data/Managed/UnityEngine/UnityEngine.PropertiesModule.dll"
-r:"C:/Program Files/Unity/Hub/Editor/6000.5.3f1/Editor/Data/Managed/UnityEngine/UnityEngine.RenderAs2DModule.dll"
-r:"C:/Program Files/Unity/Hub/Editor/6000.5.3f1/Editor/Data/Managed/UnityEngine/UnityEngine.RuntimeInitializeOnLoadManagerInitializerModule.dll"
-r:"C:/Program Files/Unity/Hub/Editor/6000.5.3f1/Editor/Data/Managed/UnityEngine/UnityEngine.ScreenCaptureModule.dll"
-r:"C:/Program Files/Unity/Hub/Editor/6000.5.3f1/Editor/Data/Managed/UnityEngine/UnityEngine.ScriptingModule.dll"
-r:"C:/Program Files/Unity/Hub/Editor/6000.5.3f1/Editor/Data/Managed/UnityEngine/UnityEngine.ShaderVariantAnalyticsModule.dll"
-r:"C:/Program Files/Unity/Hub/Editor/6000.5.3f1/Editor/Data/Managed/UnityEngine/UnityEngine.SharedInternalsModule.dll"
-r:"C:/Program Files/Unity/Hub/Editor/6000.5.3f1/Editor/Data/Managed/UnityEngine/UnityEngine.SpriteMaskModule.dll"
-r:"C:/Program Files/Unity/Hub/Editor/6000.5.3f1/Editor/Data/Managed/UnityEngine/UnityEngine.SpriteShapeModule.dll"
-r:"C:/Program Files/Unity/Hub/Editor/6000.5.3f1/Editor/Data/Managed/UnityEngine/UnityEngine.StreamingModule.dll"
-r:"C:/Program Files/Unity/Hub/Editor/6000.5.3f1/Editor/Data/Managed/UnityEngine/UnityEngine.SubstanceModule.dll"
-r:"C:/Program Files/Unity/Hub/Editor/6000.5.3f1/Editor/Data/Managed/UnityEngine/UnityEngine.SubsystemsModule.dll"
-r:"C:/Program Files/Unity/Hub/Editor/6000.5.3f1/Editor/Data/Managed/UnityEngine/UnityEngine.TLSModule.dll"
-r:"C:/Program Files/Unity/Hub/Editor/6000.5.3f1/Editor/Data/Managed/UnityEngine/UnityEngine.TerrainModule.dll"
-r:"C:/Program Files/Unity/Hub/Editor/6000.5.3f1/Editor/Data/Managed/UnityEngine/UnityEngine.TerrainPhysicsModule.dll"
-r:"C:/Program Files/Unity/Hub/Editor/6000.5.3f1/Editor/Data/Managed/UnityEngine/UnityEngine.TextCoreFontEngineModule.dll"
-r:"C:/Program Files/Unity/Hub/Editor/6000.5.3f1/Editor/Data/Managed/UnityEngine/UnityEngine.TextCoreTextEngineModule.dll"
-r:"C:/Program Files/Unity/Hub/Editor/6000.5.3f1/Editor/Data/Managed/UnityEngine/UnityEngine.TextRenderingModule.dll"
-r:"C:/Program Files/Unity/Hub/Editor/6000.5.3f1/Editor/Data/Managed/UnityEngine/UnityEngine.TilemapModule.dll"
-r:"C:/Program Files/Unity/Hub/Editor/6000.5.3f1/Editor/Data/Managed/UnityEngine/UnityEngine.U2DRuntimeModule.dll"
-r:"C:/Program Files/Unity/Hub/Editor/6000.5.3f1/Editor/Data/Managed/UnityEngine/UnityEngine.UIElementsModule.dll"
-r:"C:/Program Files/Unity/Hub/Editor/6000.5.3f1/Editor/Data/Managed/UnityEngine/UnityEngine.UIModule.dll"
-r:"C:/Program Files/Unity/Hub/Editor/6000.5.3f1/Editor/Data/Managed/UnityEngine/UnityEngine.UmbraModule.dll"
-r:"C:/Program Files/Unity/Hub/Editor/6000.5.3f1/Editor/Data/Managed/UnityEngine/UnityEngine.UnityAnalyticsCommonModule.dll"
-r:"C:/Program Files/Unity/Hub/Editor/6000.5.3f1/Editor/Data/Managed/UnityEngine/UnityEngine.UnityAnalyticsModule.dll"
-r:"C:/Program Files/Unity/Hub/Editor/6000.5.3f1/Editor/Data/Managed/UnityEngine/UnityEngine.UnityConnectModule.dll"
-r:"C:/Program Files/Unity/Hub/Editor/6000.5.3f1/Editor/Data/Managed/UnityEngine/UnityEngine.UnityConsentModule.dll"
-r:"C:/Program Files/Unity/Hub/Editor/6000.5.3f1/Editor/Data/Managed/UnityEngine/UnityEngine.UnityCurlModule.dll"
-r:"C:/Program Files/Unity/Hub/Editor/6000.5.3f1/Editor/Data/Managed/UnityEngine/UnityEngine.UnityWebRequestAssetBundleModule.dll"
-r:"C:/Program Files/Unity/Hub/Editor/6000.5.3f1/Editor/Data/Managed/UnityEngine/UnityEngine.UnityWebRequestAudioModule.dll"
-r:"C:/Program Files/Unity/Hub/Editor/6000.5.3f1/Editor/Data/Managed/UnityEngine/UnityEngine.UnityWebRequestModule.dll"
-r:"C:/Program Files/Unity/Hub/Editor/6000.5.3f1/Editor/Data/Managed/UnityEngine/UnityEngine.UnityWebRequestTextureModule.dll"
-r:"C:/Program Files/Unity/Hub/Editor/6000.5.3f1/Editor/Data/Managed/UnityEngine/UnityEngine.UnityWebRequestWWWModule.dll"
-r:"C:/Program Files/Unity/Hub/Editor/6000.5.3f1/Editor/Data/Managed/UnityEngine/UnityEngine.VFXModule.dll"
-r:"C:/Program Files/Unity/Hub/Editor/6000.5.3f1/Editor/Data/Managed/UnityEngine/UnityEngine.VectorGraphicsModule.dll"
-r:"C:/Program Files/Unity/Hub/Editor/6000.5.3f1/Editor/Data/Managed/UnityEngine/UnityEngine.VehiclesModule.dll"
-r:"C:/Program Files/Unity/Hub/Editor/6000.5.3f1/Editor/Data/Managed/UnityEngine/UnityEngine.VideoModule.dll"
-r:"C:/Program Files/Unity/Hub/Editor/6000.5.3f1/Editor/Data/Managed/UnityEngine/UnityEngine.VirtualTexturingModule.dll"
-r:"C:/Program Files/Unity/Hub/Editor/6000.5.3f1/Editor/Data/Managed/UnityEngine/UnityEngine.WindModule.dll"
-r:"C:/Program Files/Unity/Hub/Editor/6000.5.3f1/Editor/Data/Managed/UnityEngine/UnityEngine.XRModule.dll"
-r:"C:/Program Files/Unity/Hub/Editor/6000.5.3f1/Editor/Data/Managed/UnityEngine/UnityEngine.dll"
-r:"C:/Program Files/Unity/Hub/Editor/6000.5.3f1/Editor/Data/UnityReferenceAssemblies/unity-4.8-api/Facades/Microsoft.Win32.Primitives.dll"
-r:"C:/Program Files/Unity/Hub/Editor/6000.5.3f1/Editor/Data/UnityReferenceAssemblies/unity-4.8-api/Facades/System.AppContext.dll"
-r:"C:/Program Files/Unity/Hub/Editor/6000.5.3f1/Editor/Data/UnityReferenceAssemblies/unity-4.8-api/Facades/System.Buffers.dll"
-r:"C:/Program Files/Unity/Hub/Editor/6000.5.3f1/Editor/Data/UnityReferenceAssemblies/unity-4.8-api/Facades/System.Collections.Concurrent.dll"
-r:"C:/Program Files/Unity/Hub/Editor/6000.5.3f1/Editor/Data/UnityReferenceAssemblies/unity-4.8-api/Facades/System.Collections.NonGeneric.dll"
-r:"C:/Program Files/Unity/Hub/Editor/6000.5.3f1/Editor/Data/UnityReferenceAssemblies/unity-4.8-api/Facades/System.Collections.Specialized.dll"
-r:"C:/Program Files/Unity/Hub/Editor/6000.5.3f1/Editor/Data/UnityReferenceAssemblies/unity-4.8-api/Facades/System.Collections.dll"
-r:"C:/Program Files/Unity/Hub/Editor/6000.5.3f1/Editor/Data/UnityReferenceAssemblies/unity-4.8-api/Facades/System.ComponentModel.Annotations.dll"
-r:"C:/Program Files/Unity/Hub/Editor/6000.5.3f1/Editor/Data/UnityReferenceAssemblies/unity-4.8-api/Facades/System.ComponentModel.EventBasedAsync.dll"
-r:"C:/Program Files/Unity/Hub/Editor/6000.5.3f1/Editor/Data/UnityReferenceAssemblies/unity-4.8-api/Facades/System.ComponentModel.Primitives.dll"
-r:"C:/Program Files/Unity/Hub/Editor/6000.5.3f1/Editor/Data/UnityReferenceAssemblies/unity-4.8-api/Facades/System.ComponentModel.TypeConverter.dll"
-r:"C:/Program Files/Unity/Hub/Editor/6000.5.3f1/Editor/Data/UnityReferenceAssemblies/unity-4.8-api/Facades/System.ComponentModel.dll"
-r:"C:/Program Files/Unity/Hub/Editor/6000.5.3f1/Editor/Data/UnityReferenceAssemblies/unity-4.8-api/Facades/System.Console.dll"
-r:"C:/Program Files/Unity/Hub/Editor/6000.5.3f1/Editor/Data/UnityReferenceAssemblies/unity-4.8-api/Facades/System.Data.Common.dll"
-r:"C:/Program Files/Unity/Hub/Editor/6000.5.3f1/Editor/Data/UnityReferenceAssemblies/unity-4.8-api/Facades/System.Diagnostics.Contracts.dll"
-r:"C:/Program Files/Unity/Hub/Editor/6000.5.3f1/Editor/Data/UnityReferenceAssemblies/unity-4.8-api/Facades/System.Diagnostics.Debug.dll"
-r:"C:/Program Files/Unity/Hub/Editor/6000.5.3f1/Editor/Data/UnityReferenceAssemblies/unity-4.8-api/Facades/System.Diagnostics.FileVersionInfo.dll"
-r:"C:/Program Files/Unity/Hub/Editor/6000.5.3f1/Editor/Data/UnityReferenceAssemblies/unity-4.8-api/Facades/System.Diagnostics.Process.dll"
-r:"C:/Program Files/Unity/Hub/Editor/6000.5.3f1/Editor/Data/UnityReferenceAssemblies/unity-4.8-api/Facades/System.Diagnostics.StackTrace.dll"
-r:"C:/Program Files/Unity/Hub/Editor/6000.5.3f1/Editor/Data/UnityReferenceAssemblies/unity-4.8-api/Facades/System.Diagnostics.TextWriterTraceListener.dll"
-r:"C:/Program Files/Unity/Hub/Editor/6000.5.3f1/Editor/Data/UnityReferenceAssemblies/unity-4.8-api/Facades/System.Diagnostics.Tools.dll"
-r:"C:/Program Files/Unity/Hub/Editor/6000.5.3f1/Editor/Data/UnityReferenceAssemblies/unity-4.8-api/Facades/System.Diagnostics.TraceSource.dll"
-r:"C:/Program Files/Unity/Hub/Editor/6000.5.3f1/Editor/Data/UnityReferenceAssemblies/unity-4.8-api/Facades/System.Drawing.Primitives.dll"
-r:"C:/Program Files/Unity/Hub/Editor/6000.5.3f1/Editor/Data/UnityReferenceAssemblies/unity-4.8-api/Facades/System.Dynamic.Runtime.dll"
-r:"C:/Program Files/Unity/Hub/Editor/6000.5.3f1/Editor/Data/UnityReferenceAssemblies/unity-4.8-api/Facades/System.Globalization.Calendars.dll"
-r:"C:/Program Files/Unity/Hub/Editor/6000.5.3f1/Editor/Data/UnityReferenceAssemblies/unity-4.8-api/Facades/System.Globalization.Extensions.dll"
-r:"C:/Program Files/Unity/Hub/Editor/6000.5.3f1/Editor/Data/UnityReferenceAssemblies/unity-4.8-api/Facades/System.Globalization.dll"
-r:"C:/Program Files/Unity/Hub/Editor/6000.5.3f1/Editor/Data/UnityReferenceAssemblies/unity-4.8-api/Facades/System.IO.Compression.ZipFile.dll"
-r:"C:/Program Files/Unity/Hub/Editor/6000.5.3f1/Editor/Data/UnityReferenceAssemblies/unity-4.8-api/Facades/System.IO.FileSystem.DriveInfo.dll"
-r:"C:/Program Files/Unity/Hub/Editor/6000.5.3f1/Editor/Data/UnityReferenceAssemblies/unity-4.8-api/Facades/System.IO.FileSystem.Primitives.dll"
-r:"C:/Program Files/Unity/Hub/Editor/6000.5.3f1/Editor/Data/UnityReferenceAssemblies/unity-4.8-api/Facades/System.IO.FileSystem.Watcher.dll"
-r:"C:/Program Files/Unity/Hub/Editor/6000.5.3f1/Editor/Data/UnityReferenceAssemblies/unity-4.8-api/Facades/System.IO.FileSystem.dll"
-r:"C:/Program Files/Unity/Hub/Editor/6000.5.3f1/Editor/Data/UnityReferenceAssemblies/unity-4.8-api/Facades/System.IO.IsolatedStorage.dll"
-r:"C:/Program Files/Unity/Hub/Editor/6000.5.3f1/Editor/Data/UnityReferenceAssemblies/unity-4.8-api/Facades/System.IO.MemoryMappedFiles.dll"
-r:"C:/Program Files/Unity/Hub/Editor/6000.5.3f1/Editor/Data/UnityReferenceAssemblies/unity-4.8-api/Facades/System.IO.Pipes.dll"
-r:"C:/Program Files/Unity/Hub/Editor/6000.5.3f1/Editor/Data/UnityReferenceAssemblies/unity-4.8-api/Facades/System.IO.UnmanagedMemoryStream.dll"
-r:"C:/Program Files/Unity/Hub/Editor/6000.5.3f1/Editor/Data/UnityReferenceAssemblies/unity-4.8-api/Facades/System.IO.dll"
-r:"C:/Program Files/Unity/Hub/Editor/6000.5.3f1/Editor/Data/UnityReferenceAssemblies/unity-4.8-api/Facades/System.Linq.Expressions.dll"
-r:"C:/Program Files/Unity/Hub/Editor/6000.5.3f1/Editor/Data/UnityReferenceAssemblies/unity-4.8-api/Facades/System.Linq.Parallel.dll"
-r:"C:/Program Files/Unity/Hub/Editor/6000.5.3f1/Editor/Data/UnityReferenceAssemblies/unity-4.8-api/Facades/System.Linq.Queryable.dll"
-r:"C:/Program Files/Unity/Hub/Editor/6000.5.3f1/Editor/Data/UnityReferenceAssemblies/unity-4.8-api/Facades/System.Linq.dll"
-r:"C:/Program Files/Unity/Hub/Editor/6000.5.3f1/Editor/Data/UnityReferenceAssemblies/unity-4.8-api/Facades/System.Memory.dll"
-r:"C:/Program Files/Unity/Hub/Editor/6000.5.3f1/Editor/Data/UnityReferenceAssemblies/unity-4.8-api/Facades/System.Net.Http.Rtc.dll"
-r:"C:/Program Files/Unity/Hub/Editor/6000.5.3f1/Editor/Data/UnityReferenceAssemblies/unity-4.8-api/Facades/System.Net.NameResolution.dll"
-r:"C:/Program Files/Unity/Hub/Editor/6000.5.3f1/Editor/Data/UnityReferenceAssemblies/unity-4.8-api/Facades/System.Net.NetworkInformation.dll"
-r:"C:/Program Files/Unity/Hub/Editor/6000.5.3f1/Editor/Data/UnityReferenceAssemblies/unity-4.8-api/Facades/System.Net.Ping.dll"
-r:"C:/Program Files/Unity/Hub/Editor/6000.5.3f1/Editor/Data/UnityReferenceAssemblies/unity-4.8-api/Facades/System.Net.Primitives.dll"
-r:"C:/Program Files/Unity/Hub/Editor/6000.5.3f1/Editor/Data/UnityReferenceAssemblies/unity-4.8-api/Facades/System.Net.Requests.dll"
-r:"C:/Program Files/Unity/Hub/Editor/6000.5.3f1/Editor/Data/UnityReferenceAssemblies/unity-4.8-api/Facades/System.Net.Security.dll"
-r:"C:/Program Files/Unity/Hub/Editor/6000.5.3f1/Editor/Data/UnityReferenceAssemblies/unity-4.8-api/Facades/System.Net.Sockets.dll"
-r:"C:/Program Files/Unity/Hub/Editor/6000.5.3f1/Editor/Data/UnityReferenceAssemblies/unity-4.8-api/Facades/System.Net.WebHeaderCollection.dll"
-r:"C:/Program Files/Unity/Hub/Editor/6000.5.3f1/Editor/Data/UnityReferenceAssemblies/unity-4.8-api/Facades/System.Net.WebSockets.Client.dll"
-r:"C:/Program Files/Unity/Hub/Editor/6000.5.3f1/Editor/Data/UnityReferenceAssemblies/unity-4.8-api/Facades/System.Net.WebSockets.dll"
-r:"C:/Program Files/Unity/Hub/Editor/6000.5.3f1/Editor/Data/UnityReferenceAssemblies/unity-4.8-api/Facades/System.ObjectModel.dll"
-r:"C:/Program Files/Unity/Hub/Editor/6000.5.3f1/Editor/Data/UnityReferenceAssemblies/unity-4.8-api/Facades/System.Reflection.DispatchProxy.dll"
-r:"C:/Program Files/Unity/Hub/Editor/6000.5.3f1/Editor/Data/UnityReferenceAssemblies/unity-4.8-api/Facades/System.Reflection.Emit.ILGeneration.dll"
-r:"C:/Program Files/Unity/Hub/Editor/6000.5.3f1/Editor/Data/UnityReferenceAssemblies/unity-4.8-api/Facades/System.Reflection.Emit.Lightweight.dll"
-r:"C:/Program Files/Unity/Hub/Editor/6000.5.3f1/Editor/Data/UnityReferenceAssemblies/unity-4.8-api/Facades/System.Reflection.Emit.dll"
-r:"C:/Program Files/Unity/Hub/Editor/6000.5.3f1/Editor/Data/UnityReferenceAssemblies/unity-4.8-api/Facades/System.Reflection.Extensions.dll"
-r:"C:/Program Files/Unity/Hub/Editor/6000.5.3f1/Editor/Data/UnityReferenceAssemblies/unity-4.8-api/Facades/System.Reflection.Primitives.dll"
-r:"C:/Program Files/Unity/Hub/Editor/6000.5.3f1/Editor/Data/UnityReferenceAssemblies/unity-4.8-api/Facades/System.Reflection.dll"
-r:"C:/Program Files/Unity/Hub/Editor/6000.5.3f1/Editor/Data/UnityReferenceAssemblies/unity-4.8-api/Facades/System.Resources.Reader.dll"
-r:"C:/Program Files/Unity/Hub/Editor/6000.5.3f1/Editor/Data/UnityReferenceAssemblies/unity-4.8-api/Facades/System.Resources.ResourceManager.dll"
-r:"C:/Program Files/Unity/Hub/Editor/6000.5.3f1/Editor/Data/UnityReferenceAssemblies/unity-4.8-api/Facades/System.Resources.Writer.dll"
-r:"C:/Program Files/Unity/Hub/Editor/6000.5.3f1/Editor/Data/UnityReferenceAssemblies/unity-4.8-api/Facades/System.Runtime.CompilerServices.VisualC.dll"
-r:"C:/Program Files/Unity/Hub/Editor/6000.5.3f1/Editor/Data/UnityReferenceAssemblies/unity-4.8-api/Facades/System.Runtime.Extensions.dll"
-r:"C:/Program Files/Unity/Hub/Editor/6000.5.3f1/Editor/Data/UnityReferenceAssemblies/unity-4.8-api/Facades/System.Runtime.Handles.dll"
-r:"C:/Program Files/Unity/Hub/Editor/6000.5.3f1/Editor/Data/UnityReferenceAssemblies/unity-4.8-api/Facades/System.Runtime.InteropServices.RuntimeInformation.dll"
-r:"C:/Program Files/Unity/Hub/Editor/6000.5.3f1/Editor/Data/UnityReferenceAssemblies/unity-4.8-api/Facades/System.Runtime.InteropServices.WindowsRuntime.dll"
-r:"C:/Program Files/Unity/Hub/Editor/6000.5.3f1/Editor/Data/UnityReferenceAssemblies/unity-4.8-api/Facades/System.Runtime.InteropServices.dll"
-r:"C:/Program Files/Unity/Hub/Editor/6000.5.3f1/Editor/Data/UnityReferenceAssemblies/unity-4.8-api/Facades/System.Runtime.Numerics.dll"
-r:"C:/Program Files/Unity/Hub/Editor/6000.5.3f1/Editor/Data/UnityReferenceAssemblies/unity-4.8-api/Facades/System.Runtime.Serialization.Formatters.dll"
-r:"C:/Program Files/Unity/Hub/Editor/6000.5.3f1/Editor/Data/UnityReferenceAssemblies/unity-4.8-api/Facades/System.Runtime.Serialization.Json.dll"
-r:"C:/Program Files/Unity/Hub/Editor/6000.5.3f1/Editor/Data/UnityReferenceAssemblies/unity-4.8-api/Facades/System.Runtime.Serialization.Primitives.dll"
-r:"C:/Program Files/Unity/Hub/Editor/6000.5.3f1/Editor/Data/UnityReferenceAssemblies/unity-4.8-api/Facades/System.Runtime.Serialization.Xml.dll"
-r:"C:/Program Files/Unity/Hub/Editor/6000.5.3f1/Editor/Data/UnityReferenceAssemblies/unity-4.8-api/Facades/System.Runtime.dll"
-r:"C:/Program Files/Unity/Hub/Editor/6000.5.3f1/Editor/Data/UnityReferenceAssemblies/unity-4.8-api/Facades/System.Security.Claims.dll"
-r:"C:/Program Files/Unity/Hub/Editor/6000.5.3f1/Editor/Data/UnityReferenceAssemblies/unity-4.8-api/Facades/System.Security.Cryptography.Algorithms.dll"
-r:"C:/Program Files/Unity/Hub/Editor/6000.5.3f1/Editor/Data/UnityReferenceAssemblies/unity-4.8-api/Facades/System.Security.Cryptography.Csp.dll"
-r:"C:/Program Files/Unity/Hub/Editor/6000.5.3f1/Editor/Data/UnityReferenceAssemblies/unity-4.8-api/Facades/System.Security.Cryptography.Encoding.dll"
-r:"C:/Program Files/Unity/Hub/Editor/6000.5.3f1/Editor/Data/UnityReferenceAssemblies/unity-4.8-api/Facades/System.Security.Cryptography.Primitives.dll"
-r:"C:/Program Files/Unity/Hub/Editor/6000.5.3f1/Editor/Data/UnityReferenceAssemblies/unity-4.8-api/Facades/System.Security.Cryptography.X509Certificates.dll"
-r:"C:/Program Files/Unity/Hub/Editor/6000.5.3f1/Editor/Data/UnityReferenceAssemblies/unity-4.8-api/Facades/System.Security.Principal.dll"
-r:"C:/Program Files/Unity/Hub/Editor/6000.5.3f1/Editor/Data/UnityReferenceAssemblies/unity-4.8-api/Facades/System.Security.SecureString.dll"
-r:"C:/Program Files/Unity/Hub/Editor/6000.5.3f1/Editor/Data/UnityReferenceAssemblies/unity-4.8-api/Facades/System.ServiceModel.Duplex.dll"
-r:"C:/Program Files/Unity/Hub/Editor/6000.5.3f1/Editor/Data/UnityReferenceAssemblies/unity-4.8-api/Facades/System.ServiceModel.Http.dll"
-r:"C:/Program Files/Unity/Hub/Editor/6000.5.3f1/Editor/Data/UnityReferenceAssemblies/unity-4.8-api/Facades/System.ServiceModel.NetTcp.dll"
-r:"C:/Program Files/Unity/Hub/Editor/6000.5.3f1/Editor/Data/UnityReferenceAssemblies/unity-4.8-api/Facades/System.ServiceModel.Primitives.dll"
-r:"C:/Program Files/Unity/Hub/Editor/6000.5.3f1/Editor/Data/UnityReferenceAssemblies/unity-4.8-api/Facades/System.ServiceModel.Security.dll"
-r:"C:/Program Files/Unity/Hub/Editor/6000.5.3f1/Editor/Data/UnityReferenceAssemblies/unity-4.8-api/Facades/System.Text.Encoding.Extensions.dll"
-r:"C:/Program Files/Unity/Hub/Editor/6000.5.3f1/Editor/Data/UnityReferenceAssemblies/unity-4.8-api/Facades/System.Text.Encoding.dll"
-r:"C:/Program Files/Unity/Hub/Editor/6000.5.3f1/Editor/Data/UnityReferenceAssemblies/unity-4.8-api/Facades/System.Text.RegularExpressions.dll"
-r:"C:/Program Files/Unity/Hub/Editor/6000.5.3f1/Editor/Data/UnityReferenceAssemblies/unity-4.8-api/Facades/System.Threading.Overlapped.dll"
-r:"C:/Program Files/Unity/Hub/Editor/6000.5.3f1/Editor/Data/UnityReferenceAssemblies/unity-4.8-api/Facades/System.Threading.Tasks.Extensions.dll"
-r:"C:/Program Files/Unity/Hub/Editor/6000.5.3f1/Editor/Data/UnityReferenceAssemblies/unity-4.8-api/Facades/System.Threading.Tasks.Parallel.dll"
-r:"C:/Program Files/Unity/Hub/Editor/6000.5.3f1/Editor/Data/UnityReferenceAssemblies/unity-4.8-api/Facades/System.Threading.Tasks.dll"
-r:"C:/Program Files/Unity/Hub/Editor/6000.5.3f1/Editor/Data/UnityReferenceAssemblies/unity-4.8-api/Facades/System.Threading.Thread.dll"
-r:"C:/Program Files/Unity/Hub/Editor/6000.5.3f1/Editor/Data/UnityReferenceAssemblies/unity-4.8-api/Facades/System.Threading.ThreadPool.dll"
-r:"C:/Program Files/Unity/Hub/Editor/6000.5.3f1/Editor/Data/UnityReferenceAssemblies/unity-4.8-api/Facades/System.Threading.Timer.dll"
-r:"C:/Program Files/Unity/Hub/Editor/6000.5.3f1/Editor/Data/UnityReferenceAssemblies/unity-4.8-api/Facades/System.Threading.dll"
-r:"C:/Program Files/Unity/Hub/Editor/6000.5.3f1/Editor/Data/UnityReferenceAssemblies/unity-4.8-api/Facades/System.ValueTuple.dll"
-r:"C:/Program Files/Unity/Hub/Editor/6000.5.3f1/Editor/Data/UnityReferenceAssemblies/unity-4.8-api/Facades/System.Xml.ReaderWriter.dll"
-r:"C:/Program Files/Unity/Hub/Editor/6000.5.3f1/Editor/Data/UnityReferenceAssemblies/unity-4.8-api/Facades/System.Xml.XDocument.dll"
-r:"C:/Program Files/Unity/Hub/Editor/6000.5.3f1/Editor/Data/UnityReferenceAssemblies/unity-4.8-api/Facades/System.Xml.XPath.XDocument.dll"
-r:"C:/Program Files/Unity/Hub/Editor/6000.5.3f1/Editor/Data/UnityReferenceAssemblies/unity-4.8-api/Facades/System.Xml.XPath.dll"
-r:"C:/Program Files/Unity/Hub/Editor/6000.5.3f1/Editor/Data/UnityReferenceAssemblies/unity-4.8-api/Facades/System.Xml.XmlDocument.dll"
-r:"C:/Program Files/Unity/Hub/Editor/6000.5.3f1/Editor/Data/UnityReferenceAssemblies/unity-4.8-api/Facades/System.Xml.XmlSerializer.dll"
-r:"C:/Program Files/Unity/Hub/Editor/6000.5.3f1/Editor/Data/UnityReferenceAssemblies/unity-4.8-api/Facades/netstandard.dll"
-r:"C:/Program Files/Unity/Hub/Editor/6000.5.3f1/Editor/Data/UnityReferenceAssemblies/unity-4.8-api/Microsoft.CSharp.dll"
-r:"C:/Program Files/Unity/Hub/Editor/6000.5.3f1/Editor/Data/UnityReferenceAssemblies/unity-4.8-api/System.ComponentModel.Composition.dll"
-r:"C:/Program Files/Unity/Hub/Editor/6000.5.3f1/Editor/Data/UnityReferenceAssemblies/unity-4.8-api/System.Core.dll"
-r:"C:/Program Files/Unity/Hub/Editor/6000.5.3f1/Editor/Data/UnityReferenceAssemblies/unity-4.8-api/System.Data.DataSetExtensions.dll"
-r:"C:/Program Files/Unity/Hub/Editor/6000.5.3f1/Editor/Data/UnityReferenceAssemblies/unity-4.8-api/System.Data.dll"
-r:"C:/Program Files/Unity/Hub/Editor/6000.5.3f1/Editor/Data/UnityReferenceAssemblies/unity-4.8-api/System.Drawing.dll"
-r:"C:/Program Files/Unity/Hub/Editor/6000.5.3f1/Editor/Data/UnityReferenceAssemblies/unity-4.8-api/System.IO.Compression.FileSystem.dll"
-r:"C:/Program Files/Unity/Hub/Editor/6000.5.3f1/Editor/Data/UnityReferenceAssemblies/unity-4.8-api/System.IO.Compression.dll"
-r:"C:/Program Files/Unity/Hub/Editor/6000.5.3f1/Editor/Data/UnityReferenceAssemblies/unity-4.8-api/System.Net.Http.dll"
-r:"C:/Program Files/Unity/Hub/Editor/6000.5.3f1/Editor/Data/UnityReferenceAssemblies/unity-4.8-api/System.Numerics.Vectors.dll"
-r:"C:/Program Files/Unity/Hub/Editor/6000.5.3f1/Editor/Data/UnityReferenceAssemblies/unity-4.8-api/System.Numerics.dll"
-r:"C:/Program Files/Unity/Hub/Editor/6000.5.3f1/Editor/Data/UnityReferenceAssemblies/unity-4.8-api/System.Runtime.Serialization.dll"
-r:"C:/Program Files/Unity/Hub/Editor/6000.5.3f1/Editor/Data/UnityReferenceAssemblies/unity-4.8-api/System.Transactions.dll"
-r:"C:/Program Files/Unity/Hub/Editor/6000.5.3f1/Editor/Data/UnityReferenceAssemblies/unity-4.8-api/System.Xml.Linq.dll"
-r:"C:/Program Files/Unity/Hub/Editor/6000.5.3f1/Editor/Data/UnityReferenceAssemblies/unity-4.8-api/System.Xml.dll"
-r:"C:/Program Files/Unity/Hub/Editor/6000.5.3f1/Editor/Data/UnityReferenceAssemblies/unity-4.8-api/System.dll"
-r:"C:/Program Files/Unity/Hub/Editor/6000.5.3f1/Editor/Data/UnityReferenceAssemblies/unity-4.8-api/mscorlib.dll"
-r:"Library/PackageCache/com.unity.analytics@c9d14a6bdec6/AnalyticsStandardEvents/Unity.Analytics.StandardEvents.dll"
-r:"Library/PackageCache/com.unity.analytics@c9d14a6bdec6/Unity.Analytics.Editor.dll"
-r:"Library/PackageCache/com.unity.analytics@c9d14a6bdec6/Unity.Analytics.Tracker.dll"
-r:"Library/PackageCache/com.unity.ext.nunit@44f7d31723bd/net472/unity-custom/nunit.framework.dll"
-r:"Library/PackageCache/com.unity.nuget.newtonsoft-json@4dfd81071c64/Runtime/Newtonsoft.Json.dll"
-r:"Library/Bee/artifacts/1900b0aE.dag/Analytics.ref.dll"
-r:"Library/Bee/artifacts/1900b0aE.dag/Assembly-CSharp-firstpass.ref.dll"
-r:"Library/Bee/artifacts/1900b0aE.dag/Purchasing.Common.ref.dll"
-r:"Library/Bee/artifacts/1900b0aE.dag/Unity.2D.Sprite.Editor.ref.dll"
-r:"Library/Bee/artifacts/1900b0aE.dag/Unity.2D.Tilemap.Editor.ref.dll"
-r:"Library/Bee/artifacts/1900b0aE.dag/Unity.AI.Navigation.Editor.ConversionSystem.ref.dll"
-r:"Library/Bee/artifacts/1900b0aE.dag/Unity.AI.Navigation.Editor.ref.dll"
-r:"Library/Bee/artifacts/1900b0aE.dag/Unity.AI.Navigation.ref.dll"
-r:"Library/Bee/artifacts/1900b0aE.dag/Unity.AI.Navigation.Updater.ref.dll"
-r:"Library/Bee/artifacts/1900b0aE.dag/Unity.Analytics.DataPrivacy.ref.dll"
-r:"Library/Bee/artifacts/1900b0aE.dag/Unity.InternalAPIEngineBridge.004.ref.dll"
-r:"Library/Bee/artifacts/1900b0aE.dag/Unity.Multiplayer.Center.Common.ref.dll"
-r:"Library/Bee/artifacts/1900b0aE.dag/Unity.Multiplayer.Center.Editor.ref.dll"
-r:"Library/Bee/artifacts/1900b0aE.dag/Unity.PlasticSCM.Editor.ref.dll"
-r:"Library/Bee/artifacts/1900b0aE.dag/Unity.Rider.Editor.ref.dll"
-r:"Library/Bee/artifacts/1900b0aE.dag/Unity.Services.Analytics.ref.dll"
-r:"Library/Bee/artifacts/1900b0aE.dag/Unity.Services.Core.Analytics.ref.dll"
-r:"Library/Bee/artifacts/1900b0aE.dag/Unity.Services.Core.Components.ref.dll"
-r:"Library/Bee/artifacts/1900b0aE.dag/Unity.Services.Core.Environments.ref.dll"
-r:"Library/Bee/artifacts/1900b0aE.dag/Unity.Services.Core.ref.dll"
-r:"Library/Bee/artifacts/1900b0aE.dag/Unity.TextMeshPro.Editor.ref.dll"
-r:"Library/Bee/artifacts/1900b0aE.dag/Unity.TextMeshPro.ref.dll"
-r:"Library/Bee/artifacts/1900b0aE.dag/Unity.Timeline.Editor.ref.dll"
-r:"Library/Bee/artifacts/1900b0aE.dag/Unity.Timeline.ref.dll"
-r:"Library/Bee/artifacts/1900b0aE.dag/Unity.VisualStudio.Editor.ref.dll"
-r:"Library/Bee/artifacts/1900b0aE.dag/UnityEditor.Purchasing.ref.dll"
-r:"Library/Bee/artifacts/1900b0aE.dag/UnityEditor.SpatialTracking.ref.dll"
-r:"Library/Bee/artifacts/1900b0aE.dag/UnityEditor.UI.Analytics.ref.dll"
-r:"Library/Bee/artifacts/1900b0aE.dag/UnityEditor.UI.ref.dll"
-r:"Library/Bee/artifacts/1900b0aE.dag/UnityEditor.XR.LegacyInputHelpers.ref.dll"
-r:"Library/Bee/artifacts/1900b0aE.dag/UnityEngine.Purchasing.Codeless.ref.dll"
-r:"Library/Bee/artifacts/1900b0aE.dag/UnityEngine.Purchasing.ref.dll"
-r:"Library/Bee/artifacts/1900b0aE.dag/UnityEngine.Purchasing.SecurityCore.ref.dll"
-r:"Library/Bee/artifacts/1900b0aE.dag/UnityEngine.Purchasing.SecurityStub.ref.dll"
-r:"Library/Bee/artifacts/1900b0aE.dag/UnityEngine.Purchasing.Stores.ref.dll"
-r:"Library/Bee/artifacts/1900b0aE.dag/UnityEngine.SpatialTracking.ref.dll"
-r:"Library/Bee/artifacts/1900b0aE.dag/UnityEngine.UI.ref.dll"
-r:"Library/Bee/artifacts/1900b0aE.dag/UnityEngine.XR.LegacyInputHelpers.ref.dll"
-analyzer:"C:/Program Files/Unity/Hub/Editor/6000.5.3f1/Editor/Data/BCLExtensions/TargetingPacks/netstandard2.1/analyzers/dotnet/roslyn4.0/cs/Microsoft.Extensions.Logging.Generators.dll"
-analyzer:"C:/Program Files/Unity/Hub/Editor/6000.5.3f1/Editor/Data/BCLExtensions/TargetingPacks/netstandard2.1/analyzers/dotnet/roslyn4.0/cs/System.Text.Json.SourceGeneration.dll"
-analyzer:"C:/Program Files/Unity/Hub/Editor/6000.5.3f1/Editor/Data/Tools/BuildPipeline/Unity.Analyzers.Common/Unity.Analyzers.Common.dll"
-analyzer:"C:/Program Files/Unity/Hub/Editor/6000.5.3f1/Editor/Data/Tools/BuildPipeline/Unity.Analyzers.LongLiving/Unity.Analyzers.LongLiving.dll"
-analyzer:"C:/Program Files/Unity/Hub/Editor/6000.5.3f1/Editor/Data/Tools/BuildPipeline/Unity.SourceGenerators/Unity.Properties.SourceGenerator.dll"
-analyzer:"C:/Program Files/Unity/Hub/Editor/6000.5.3f1/Editor/Data/Tools/BuildPipeline/Unity.SourceGenerators/Unity.SourceGenerators.dll"
-analyzer:"C:/Program Files/Unity/Hub/Editor/6000.5.3f1/Editor/Data/Tools/BuildPipeline/Unity.SourceGenerators/Unity.UIToolkit.SourceGenerator.dll"
"Assets/Scripts/Assembly-CSharp/AchievementCategoryPublisher.cs"
"Assets/Scripts/Assembly-CSharp/AchievementListener.cs"
"Assets/Scripts/Assembly-CSharp/AchievementManager.cs"
"Assets/Scripts/Assembly-CSharp/AchievementPanelPublisher.cs"
"Assets/Scripts/Assembly-CSharp/AchievementUI.cs"
"Assets/Scripts/Assembly-CSharp/AchievementWindowPublisher.cs"
"Assets/Scripts/Assembly-CSharp/ActiveObjectListSwtich.cs"
"Assets/Scripts/Assembly-CSharp/AgeGatePopup.cs"
"Assets/Scripts/Assembly-CSharp/AlternateForm.cs"
"Assets/Scripts/Assembly-CSharp/AnimatedTexture.cs"
"Assets/Scripts/Assembly-CSharp/AnimationDriver.cs"
"Assets/Scripts/Assembly-CSharp/AnimationTire.cs"
"Assets/Scripts/Assembly-CSharp/ApplyEffectDebugUtility.cs"
"Assets/Scripts/Assembly-CSharp/AutoDestructParticleSystem.cs"
"Assets/Scripts/Assembly-CSharp/BarrelLauncher.cs"
"Assets/Scripts/Assembly-CSharp/BarrelSpawner.cs"
"Assets/Scripts/Assembly-CSharp/BaseCarAIState.cs"
"Assets/Scripts/Assembly-CSharp/BaseEffect.cs"
"Assets/Scripts/Assembly-CSharp/BaseMission.cs"
"Assets/Scripts/Assembly-CSharp/BasePickup.cs"
"Assets/Scripts/Assembly-CSharp/BasketBall.cs"
"Assets/Scripts/Assembly-CSharp/BillboardRemover.cs"
"Assets/Scripts/Assembly-CSharp/BlipTrackPublisher.cs"
"Assets/Scripts/Assembly-CSharp/BoatAnchorEffect.cs"
"Assets/Scripts/Assembly-CSharp/BoosterEffect.cs"
"Assets/Scripts/Assembly-CSharp/BoosterPickup.cs"
"Assets/Scripts/Assembly-CSharp/BrakeMission.cs"
"Assets/Scripts/Assembly-CSharp/BreakableObject.cs"
"Assets/Scripts/Assembly-CSharp/BubbleJet.cs"
"Assets/Scripts/Assembly-CSharp/BuyPowerupMission.cs"
"Assets/Scripts/Assembly-CSharp/CameraShake.cs"
"Assets/Scripts/Assembly-CSharp/CameraWobble.cs"
"Assets/Scripts/Assembly-CSharp/CarAI.cs"
"Assets/Scripts/Assembly-CSharp/CarAIPath.cs"
"Assets/Scripts/Assembly-CSharp/CarAIPathManager.cs"
"Assets/Scripts/Assembly-CSharp/CarAIPathRecorder.cs"
"Assets/Scripts/Assembly-CSharp/CarAIPersonality.cs"
"Assets/Scripts/Assembly-CSharp/CarCollider.cs"
"Assets/Scripts/Assembly-CSharp/CarMetrics.cs"
"Assets/Scripts/Assembly-CSharp/CarProgress.cs"
"Assets/Scripts/Assembly-CSharp/CarSnapShot.cs"
"Assets/Scripts/Assembly-CSharp/CartAttributes.cs"
"Assets/Scripts/Assembly-CSharp/CartCustomizerPublisher.cs"
"Assets/Scripts/Assembly-CSharp/CartPart.cs"
"Assets/Scripts/Assembly-CSharp/CartPartList.cs"
"Assets/Scripts/Assembly-CSharp/CartPrimaryTextureProfile.cs"
"Assets/Scripts/Assembly-CSharp/CartSlot.cs"
"Assets/Scripts/Assembly-CSharp/CatchupNotify.cs"
"Assets/Scripts/Assembly-CSharp/CausticsManager.cs"
"Assets/Scripts/Assembly-CSharp/CharacterButtonPublisher.cs"
"Assets/Scripts/Assembly-CSharp/CharacterConfigData.cs"
"Assets/Scripts/Assembly-CSharp/CharacterPreview.cs"
"Assets/Scripts/Assembly-CSharp/CharacterSelectPublisher.cs"
"Assets/Scripts/Assembly-CSharp/CharacterVOController.cs"
"Assets/Scripts/Assembly-CSharp/CharacterVOControllerGameObjectExtender.cs"
"Assets/Scripts/Assembly-CSharp/CheckPowerupUseAchievementListener.cs"
"Assets/Scripts/Assembly-CSharp/ClipReference.cs"
"Assets/Scripts/Assembly-CSharp/CloudSaveData.cs"
"Assets/Scripts/Assembly-CSharp/CloudStrap.cs"
"Assets/Scripts/Assembly-CSharp/Coin.cs"
"Assets/Scripts/Assembly-CSharp/CoinBalanceAchievementListener.cs"
"Assets/Scripts/Assembly-CSharp/CoinPoint.cs"
"Assets/Scripts/Assembly-CSharp/CollectPowerupMission.cs"
"Assets/Scripts/Assembly-CSharp/CombinePowerupMission.cs"
"Assets/Scripts/Assembly-CSharp/CompleteAllMissionsAchievementListener.cs"
"Assets/Scripts/Assembly-CSharp/CompositeProfile.cs"
"Assets/Scripts/Assembly-CSharp/CompositeTextureUtil.cs"
"Assets/Scripts/Assembly-CSharp/ConfirmationPublisher.cs"
"Assets/Scripts/Assembly-CSharp/Crab.cs"
"Assets/Scripts/Assembly-CSharp/CreditsPublisher.cs"
"Assets/Scripts/Assembly-CSharp/CrossFinishLineBackwardsAchievementListener.cs"
"Assets/Scripts/Assembly-CSharp/DailyBonusPublisher.cs"
"Assets/Scripts/Assembly-CSharp/DataUtility.cs"
"Assets/Scripts/Assembly-CSharp/DebugLapButtonPublisher.cs"
"Assets/Scripts/Assembly-CSharp/DebugMoreCoinsPublisher.cs"
"Assets/Scripts/Assembly-CSharp/DebugRaceResultPublisher.cs"
"Assets/Scripts/Assembly-CSharp/DebugRewindDialogPublisher.cs"
"Assets/Scripts/Assembly-CSharp/DebugTrackStrapper.cs"
"Assets/Scripts/Assembly-CSharp/DifficultyMenuPublisher.cs"
"Assets/Scripts/Assembly-CSharp/DriftButton.cs"
"Assets/Scripts/Assembly-CSharp/DriftMission.cs"
"Assets/Scripts/Assembly-CSharp/DriftScalePublisher.cs"
"Assets/Scripts/Assembly-CSharp/DriveAvoidTerrainAIState.cs"
"Assets/Scripts/Assembly-CSharp/DriveHitBeneficialAIState.cs"
"Assets/Scripts/Assembly-CSharp/DrivePickupAIState.cs"
"Assets/Scripts/Assembly-CSharp/DriveWaypointsCarAIState.cs"
"Assets/Scripts/Assembly-CSharp/EffectManager.cs"
"Assets/Scripts/Assembly-CSharp/EnsureGlobals.cs"
"Assets/Scripts/Assembly-CSharp/EquipPaintJobAchievementListener.cs"
"Assets/Scripts/Assembly-CSharp/EquipPartSetAchievementListener.cs"
"Assets/Scripts/Assembly-CSharp/ExplodingBarrel.cs"
"Assets/Scripts/Assembly-CSharp/Explosion.cs"
"Assets/Scripts/Assembly-CSharp/FadeHelper.cs"
"Assets/Scripts/Assembly-CSharp/FinishTheLapMission.cs"
"Assets/Scripts/Assembly-CSharp/FirstPlaceAchievementListener.cs"
"Assets/Scripts/Assembly-CSharp/FlipEffect.cs"
"Assets/Scripts/Assembly-CSharp/FollowCamera.cs"
"Assets/Scripts/Assembly-CSharp/ForwardForceAI.cs"
"Assets/Scripts/Assembly-CSharp/FrontEndCamera.cs"
"Assets/Scripts/Assembly-CSharp/FrontEndCameraTarget.cs"
"Assets/Scripts/Assembly-CSharp/FrontEndLogic.cs"
"Assets/Scripts/Assembly-CSharp/FrontEndTutorialHandler.cs"
"Assets/Scripts/Assembly-CSharp/FrontEndTutorialPublisher.cs"
"Assets/Scripts/Assembly-CSharp/GDMOManager.cs"
"Assets/Scripts/Assembly-CSharp/GenericPopupPublisher.cs"
"Assets/Scripts/Assembly-CSharp/GetHitByTrackHazardAchievementListener.cs"
"Assets/Scripts/Assembly-CSharp/GimpedCarAI.cs"
"Assets/Scripts/Assembly-CSharp/GuidedJumpEffect.cs"
"Assets/Scripts/Assembly-CSharp/GuidedJumpTrigger.cs"
"Assets/Scripts/Assembly-CSharp/HUDLogic.cs"
"Assets/Scripts/Assembly-CSharp/HitMaxSpeedAchievementListener.cs"
"Assets/Scripts/Assembly-CSharp/InRaceAquirePickupListener.cs"
"Assets/Scripts/Assembly-CSharp/InputBlocker.cs"
"Assets/Scripts/Assembly-CSharp/LaserLogic.cs"
"Assets/Scripts/Assembly-CSharp/LastPlaceAchievementListener.cs"
"Assets/Scripts/Assembly-CSharp/LifetimeInAirAchievementListener.cs"
"Assets/Scripts/Assembly-CSharp/LifetimeMetrics.cs"
"Assets/Scripts/Assembly-CSharp/LifetimeOpponentHitsAchievementListener.cs"
"Assets/Scripts/Assembly-CSharp/LifetimePowerupCollectionAchievementListener.cs"
"Assets/Scripts/Assembly-CSharp/LiftControlAI.cs"
"Assets/Scripts/Assembly-CSharp/LoadSpin.cs"
"Assets/Scripts/Assembly-CSharp/LoadingPublisher.cs"
"Assets/Scripts/Assembly-CSharp/LocalOptionsData.cs"
"Assets/Scripts/Assembly-CSharp/LocalizeCloudStrap.cs"
"Assets/Scripts/Assembly-CSharp/LocalizedAssetSwapper.cs"
"Assets/Scripts/Assembly-CSharp/LowEndInhibitor.cs"
"Assets/Scripts/Assembly-CSharp/MakePlaceAchievementListener.cs"
"Assets/Scripts/Assembly-CSharp/MaxCrashSpeedAchievementListener.cs"
"Assets/Scripts/Assembly-CSharp/MetaMissionGroupAchievementListener.cs"
"Assets/Scripts/Assembly-CSharp/MineAI.cs"
"Assets/Scripts/Assembly-CSharp/MineEffect.cs"
"Assets/Scripts/Assembly-CSharp/MineNotifyPublisher.cs"
"Assets/Scripts/Assembly-CSharp/MinePickup.cs"
"Assets/Scripts/Assembly-CSharp/MineSpreaderAI.cs"
"Assets/Scripts/Assembly-CSharp/MissionCollection.cs"
"Assets/Scripts/Assembly-CSharp/MissionDialogPublisher.cs"
"Assets/Scripts/Assembly-CSharp/MissionManager.cs"
"Assets/Scripts/Assembly-CSharp/MoreDisneyLogic.cs"
"Assets/Scripts/Assembly-CSharp/MultilayerTexture.cs"
"Assets/Scripts/Assembly-CSharp/MultilayerTextureBundleDef.cs"
"Assets/Scripts/Assembly-CSharp/MusicPlayer.cs"
"Assets/Scripts/Assembly-CSharp/ObjectGroupList.cs"
"Assets/Scripts/Assembly-CSharp/ObjectTrackDistanceLogic.cs"
"Assets/Scripts/Assembly-CSharp/PaintJob.cs"
"Assets/Scripts/Assembly-CSharp/PaintSlotPublisher.cs"
"Assets/Scripts/Assembly-CSharp/ParticleLibrary.cs"
"Assets/Scripts/Assembly-CSharp/ParticleReducer.cs"
"Assets/Scripts/Assembly-CSharp/ParticleSystemDestroy.cs"
"Assets/Scripts/Assembly-CSharp/PathMoverAI.cs"
"Assets/Scripts/Assembly-CSharp/PauseMission.cs"
"Assets/Scripts/Assembly-CSharp/PausePublisher.cs"
"Assets/Scripts/Assembly-CSharp/PickupCoinsPerRaceAchievementListener.cs"
"Assets/Scripts/Assembly-CSharp/PickupSpawner.cs"
"Assets/Scripts/Assembly-CSharp/PieAttack.cs"
"Assets/Scripts/Assembly-CSharp/PieHitEffect.cs"
"Assets/Scripts/Assembly-CSharp/PieLauncher.cs"
"Assets/Scripts/Assembly-CSharp/PieSplat.cs"
"Assets/Scripts/Assembly-CSharp/PlaceWithNoPowerupsAchievementListener.cs"
"Assets/Scripts/Assembly-CSharp/PlayMenuPublisher.cs"
"Assets/Scripts/Assembly-CSharp/PlaySummaryPublisher.cs"
"Assets/Scripts/Assembly-CSharp/PlayerAccelControl.cs"
"Assets/Scripts/Assembly-CSharp/PlayerControlLinker.cs"
"Assets/Scripts/Assembly-CSharp/PlayerInstance.cs"
"Assets/Scripts/Assembly-CSharp/PlayerKeyboardControl.cs"
"Assets/Scripts/Assembly-CSharp/PopoverPublisher.cs"
"Assets/Scripts/Assembly-CSharp/PowerSlideBoostAchievementListener.cs"
"Assets/Scripts/Assembly-CSharp/PowerupHitInAirAchievementListener.cs"
"Assets/Scripts/Assembly-CSharp/PowerupHolder.cs"
"Assets/Scripts/Assembly-CSharp/PowerupMagnet.cs"
"Assets/Scripts/Assembly-CSharp/PreFrontEndHoop.cs"
"Assets/Scripts/Assembly-CSharp/PreRaceCamera.cs"
"Assets/Scripts/Assembly-CSharp/PreviewCart.cs"
"Assets/Scripts/Assembly-CSharp/ProgressTriggerLogic.cs"
"Assets/Scripts/Assembly-CSharp/Properties/AssemblyInfo.cs"
"Assets/Scripts/Assembly-CSharp/PyroTechnics.cs"
"Assets/Scripts/Assembly-CSharp/QualityControl.cs"
"Assets/Scripts/Assembly-CSharp/RaceManager.cs"
"Assets/Scripts/Assembly-CSharp/RaceResults.cs"
"Assets/Scripts/Assembly-CSharp/RaceResultsPublisher.cs"
"Assets/Scripts/Assembly-CSharp/RaceSettings.cs"
"Assets/Scripts/Assembly-CSharp/RandomShotEffect.cs"
"Assets/Scripts/Assembly-CSharp/ResetTrigger.cs"
"Assets/Scripts/Assembly-CSharp/ReverseButton.cs"
"Assets/Scripts/Assembly-CSharp/RewbieShimmer.cs"
"Assets/Scripts/Assembly-CSharp/RewindDialogPublisher.cs"
"Assets/Scripts/Assembly-CSharp/RewindLapSlotPublisher.cs"
"Assets/Scripts/Assembly-CSharp/RocketAI.cs"
"Assets/Scripts/Assembly-CSharp/RocketEffect.cs"
"Assets/Scripts/Assembly-CSharp/RocketPickup.cs"
"Assets/Scripts/Assembly-CSharp/RocketRideEffect.cs"
"Assets/Scripts/Assembly-CSharp/RocketRideRemover.cs"
"Assets/Scripts/Assembly-CSharp/RotatorAI.cs"
"Assets/Scripts/Assembly-CSharp/RuntimeEditorUtils.cs"
"Assets/Scripts/Assembly-CSharp/ScreenFader.cs"
"Assets/Scripts/Assembly-CSharp/ScreenTimeoutController.cs"
"Assets/Scripts/Assembly-CSharp/SelectCircuitPublisher.cs"
"Assets/Scripts/Assembly-CSharp/SettingsMenuPublisher.cs"
"Assets/Scripts/Assembly-CSharp/ShadowBlob.cs"
"Assets/Scripts/Assembly-CSharp/ShieldEffect.cs"
"Assets/Scripts/Assembly-CSharp/ShieldPickup.cs"
"Assets/Scripts/Assembly-CSharp/ShiftContentsOnButtonDown.cs"
"Assets/Scripts/Assembly-CSharp/ShiftContentsOnToggleDown.cs"
"Assets/Scripts/Assembly-CSharp/ShiftUIPublisher.cs"
"Assets/Scripts/Assembly-CSharp/ShockedEffect.cs"
"Assets/Scripts/Assembly-CSharp/ShotDroneAI.cs"
"Assets/Scripts/Assembly-CSharp/SkidEffect.cs"
"Assets/Scripts/Assembly-CSharp/SlowdownEffect.cs"
"Assets/Scripts/Assembly-CSharp/SmashEffect.cs"
"Assets/Scripts/Assembly-CSharp/SnapShotInfo.cs"
"Assets/Scripts/Assembly-CSharp/SoundLibrary.cs"
"Assets/Scripts/Assembly-CSharp/SoundLibraryAddendum.cs"
"Assets/Scripts/Assembly-CSharp/SoundPackage.cs"
"Assets/Scripts/Assembly-CSharp/SoundPackageLoadReference.cs"
"Assets/Scripts/Assembly-CSharp/SoundPackageManager.cs"
"Assets/Scripts/Assembly-CSharp/SoundPackageReference.cs"
"Assets/Scripts/Assembly-CSharp/SoundSequencer.cs"
"Assets/Scripts/Assembly-CSharp/SourceFactory.cs"
"Assets/Scripts/Assembly-CSharp/SpeedPoint.cs"
"Assets/Scripts/Assembly-CSharp/SpendCoinsOverLifetimeAchievementListener.cs"
"Assets/Scripts/Assembly-CSharp/SphereMoverAI.cs"
"Assets/Scripts/Assembly-CSharp/SphereMoverCollider.cs"
"Assets/Scripts/Assembly-CSharp/SpreadMineEffect.cs"
"Assets/Scripts/Assembly-CSharp/SpringConnection.cs"
"Assets/Scripts/Assembly-CSharp/SpringTrigger.cs"
"Assets/Scripts/Assembly-CSharp/StreamManager.cs"
"Assets/Scripts/Assembly-CSharp/StreamTest.cs"
"Assets/Scripts/Assembly-CSharp/StreamedMultilayerTexture.cs"
"Assets/Scripts/Assembly-CSharp/TeleportEffect.cs"
"Assets/Scripts/Assembly-CSharp/TeleportTrigger.cs"
"Assets/Scripts/Assembly-CSharp/TerrainEffectTrigger.cs"
"Assets/Scripts/Assembly-CSharp/TimeInAirAchievementListener.cs"
"Assets/Scripts/Assembly-CSharp/TouchTurnTrack.cs"
"Assets/Scripts/Assembly-CSharp/TrackSelectPublisher.cs"
"Assets/Scripts/Assembly-CSharp/TrackUnlockHelper.cs"
"Assets/Scripts/Assembly-CSharp/TriFoot.cs"
"Assets/Scripts/Assembly-CSharp/TripLine.cs"
"Assets/Scripts/Assembly-CSharp/TripLineEffect.cs"
"Assets/Scripts/Assembly-CSharp/TurkeyGooShooter.cs"
"Assets/Scripts/Assembly-CSharp/TurnMission.cs"
"Assets/Scripts/Assembly-CSharp/TutorialLauncherPublisher.cs"
"Assets/Scripts/Assembly-CSharp/UFOLogic.cs"
"Assets/Scripts/Assembly-CSharp/UVScroller.cs"
"Assets/Scripts/Assembly-CSharp/UghHeldButton.cs"
"Assets/Scripts/Assembly-CSharp/UnlockAchievementListener.cs"
"Assets/Scripts/Assembly-CSharp/UnlockedCircuitPublisher.cs"
"Assets/Scripts/Assembly-CSharp/UseAPowerupAchievementListener.cs"
"Assets/Scripts/Assembly-CSharp/UsePowerupAIState.cs"
"Assets/Scripts/Assembly-CSharp/UsePowerupAgainstOpponentAchievementListener.cs"
"Assets/Scripts/Assembly-CSharp/UsePowerupMission.cs"
"Assets/Scripts/Assembly-CSharp/VolumeSlider.cs"
"Assets/Scripts/Assembly-CSharp/WaypointLogic.cs"
"Assets/Scripts/Assembly-CSharp/WhoopieCushion.cs"
"Assets/Scripts/Assembly-CSharp/WipeoutEffect.cs"
"Assets/Scripts/Assembly-UnityScript/Car_Script.cs"
"Assets/Scripts/Assembly-UnityScript/Plane_Script.cs"
"Assets/Scripts/Assembly-UnityScript/Properties/AssemblyInfo.cs"
"Assets/Scripts/Assembly-UnityScript/WheelData.cs"
-langversion:9.0
/deterministic
/optimize+
/debug:portable
/nologo
/RuntimeMetadataVersion:v4.0.30319
/nowarn:0169
/nowarn:0649
/nowarn:0282
/nowarn:1701
/nowarn:1702
/utf8output
/preferreduilang:en-US
/additionalfile:"Library/Bee/artifacts/1900b0aE.dag/Assembly-CSharp.UnityAdditionalFile.txt"
##### Custom Environment Variables
DOTNET_HOST_PATH=C:\Program Files\Unity\Hub\Editor\6000.5.3f1\Editor\Data\DotNetSdk\dotnet.exe
DOTNET_MULTILEVEL_LOOKUP=0
##### ExitCode
1
##### Output
Assets\Scripts\Assembly-UnityScript\Properties\AssemblyInfo.cs(4,12): error CS0579: Duplicate 'AssemblyVersion' attribute

Assets\Scripts\Assembly-CSharp\BasePickup.cs(9,10): error CS0246: The type or namespace name 'ParticleEmitter' could not be found (are you missing a using directive or an assembly reference?)

Assets\Scripts\Assembly-CSharp\ParticleReducer.cs(9,10): error CS0619: 'iPhoneGeneration' is obsolete: 'iPhoneGeneration enumeration is deprecated. Please use iOS.DeviceGeneration instead (UnityUpgradable) -> UnityEngine.iOS.DeviceGeneration'

Assets\Scripts\Assembly-CSharp\LowEndInhibitor.cs(5,9): error CS0619: 'iPhoneGeneration' is obsolete: 'iPhoneGeneration enumeration is deprecated. Please use iOS.DeviceGeneration instead (UnityUpgradable) -> UnityEngine.iOS.DeviceGeneration'

Assets\Scripts\Assembly-CSharp\StreamManager.cs(20,10): warning CS0618: 'WWW' is obsolete: 'Use UnityWebRequest, a fully featured replacement which is more efficient and has additional features'
*** Tundra build failed (29.20 seconds), 703 items updated, 706 evaluated
[ApiUpdater] Total time: 3073ms, Parse response file: 84ms, Collect updater configs: 1503ms, Update: 1481ms, Save: 5ms Files: 2 modified / 5 visited / 257 total (Library/Bee/artifacts/1900b0aE.dag/Assembly-CSharp.dll).
[API Updater] Updated Files:
Skipping ScriptUpdater consent dialog. Consent given based on command line parameters.
Assets/Scripts/Assembly-CSharp/LowEndInhibitor.cs
Assets/Scripts/Assembly-CSharp/ParticleReducer.cs
Finished running ScriptUpdaters
Starting: C:\Program Files\Unity\Hub\Editor\6000.5.3f1\Editor\Data\Tools\BuildPipeline\bee_backend.exe --ipc --defer-dag-verification --dagfile="Library/Bee/1900b0aE.dag" --continue-on-failure --profile="Library/Bee/backend3.traceevents" ScriptAssemblies
WorkingDir: C:/Users/STEEP/Documents/game/phase4_reconstruction/Unity6Project
ExitCode: 3 Duration: 0s508ms
[703/706    0s] Csc Library/Bee/artifacts/1900b0aE.dag/Assembly-CSharp.dll (+2 others)
##### CommandLine
"C:\Program Files\Unity\Hub\Editor\6000.5.3f1\Editor\Data\DotNetSdk\dotnet.exe" exec "C:/Program Files/Unity/Hub/Editor/6000.5.3f1/Editor/Data/DotNetSdk/sdk/8.0.318/Roslyn/bincore/csc.dll" /nostdlib /noconfig /shared "@Library/Bee/artifacts/1900b0aE.dag/Assembly-CSharp.rsp" "@Library/Bee/artifacts/1900b0aE.dag/Assembly-CSharp.rsp2"
##### Contents of Library\Bee\artifacts\1900b0aE.dag\Assembly-CSharp.rsp
-target:library
-out:"Library/Bee/artifacts/1900b0aE.dag/Assembly-CSharp.dll"
-refout:"Library/Bee/artifacts/1900b0aE.dag/Assembly-CSharp.ref.dll"
-define:UNITY_6000_5_3
-define:UNITY_6000_5
-define:UNITY_6000
-define:UNITY_5_3_OR_NEWER
-define:UNITY_5_4_OR_NEWER
-define:UNITY_5_5_OR_NEWER
-define:UNITY_5_6_OR_NEWER
-define:UNITY_2017_1_OR_NEWER
-define:UNITY_2017_2_OR_NEWER
-define:UNITY_2017_3_OR_NEWER
-define:UNITY_2017_4_OR_NEWER
-define:UNITY_2018_1_OR_NEWER
-define:UNITY_2018_2_OR_NEWER
-define:UNITY_2018_3_OR_NEWER
-define:UNITY_2018_4_OR_NEWER
-define:UNITY_2019_1_OR_NEWER
-define:UNITY_2019_2_OR_NEWER
-define:UNITY_2019_3_OR_NEWER
-define:UNITY_2019_4_OR_NEWER
-define:UNITY_2020_1_OR_NEWER
-define:UNITY_2020_2_OR_NEWER
-define:UNITY_2020_3_OR_NEWER
-define:UNITY_2021_1_OR_NEWER
-define:UNITY_2021_2_OR_NEWER
-define:UNITY_2021_3_OR_NEWER
-define:UNITY_2022_1_OR_NEWER
-define:UNITY_2022_2_OR_NEWER
-define:UNITY_2022_3_OR_NEWER
-define:UNITY_2023_1_OR_NEWER
-define:UNITY_2023_2_OR_NEWER
-define:UNITY_2023_3_OR_NEWER
-define:UNITY_6000_0_OR_NEWER
-define:UNITY_6000_1_OR_NEWER
-define:UNITY_6000_2_OR_NEWER
-define:UNITY_6000_3_OR_NEWER
-define:UNITY_6000_4_OR_NEWER
-define:UNITY_6000_5_OR_NEWER
-define:PLATFORM_ARCH_64
-define:UNITY_64
-define:UNITY_INCLUDE_TESTS
-define:ENABLE_AR
-define:ENABLE_AUDIO
-define:ENABLE_AUDIO_SCRIPTABLE_PIPELINE
-define:ENABLE_CACHING
-define:ENABLE_CLOTH
-define:ENABLE_EVENT_QUEUE
-define:ENABLE_MICROPHONE
-define:ENABLE_MULTIPLE_DISPLAYS
-define:ENABLE_PHYSICS
-define:ENABLE_TEXTURE_STREAMING
-define:ENABLE_VIRTUALTEXTURING
-define:ENABLE_LZMA
-define:ENABLE_UNITYEVENTS
-define:ENABLE_VR
-define:ENABLE_WEBCAM
-define:ENABLE_UNITYWEBREQUEST
-define:ENABLE_WWW
-define:ENABLE_CLOUD_SERVICES
-define:ENABLE_CLOUD_SERVICES_ADS
-define:ENABLE_CLOUD_SERVICES_USE_WEBREQUEST
-define:ENABLE_UNITY_CONSENT
-define:ENABLE_UNITY_CLOUD_IDENTIFIERS
-define:ENABLE_CLOUD_SERVICES_CRASH_REPORTING
-define:ENABLE_CLOUD_SERVICES_NATIVE_CRASH_REPORTING
-define:ENABLE_CLOUD_SERVICES_PURCHASING
-define:ENABLE_CLOUD_SERVICES_ANALYTICS
-define:ENABLE_CLOUD_SERVICES_BUILD
-define:ENABLE_EDITOR_GAME_SERVICES
-define:ENABLE_UNITY_GAME_SERVICES_ANALYTICS_SUPPORT
-define:ENABLE_CLOUD_LICENSE
-define:ENABLE_EDITOR_HUB_LICENSE
-define:ENABLE_WEBSOCKET_CLIENT
-define:ENABLE_GENERATE_NATIVE_PLUGINS_FOR_ASSEMBLIES_API
-define:ENABLE_DIRECTOR_AUDIO
-define:ENABLE_DIRECTOR_TEXTURE
-define:ENABLE_MANAGED_JOBS
-define:ENABLE_MANAGED_TRANSFORM_JOBS
-define:ENABLE_MANAGED_ANIMATION_JOBS
-define:ENABLE_MANAGED_AUDIO_JOBS
-define:ENABLE_MANAGED_UNITYTLS
-define:INCLUDE_DYNAMIC_GI
-define:ENABLE_SCRIPTING_GC_WBARRIERS
-define:PLATFORM_SUPPORTS_MONO
-define:RENDER_SOFTWARE_CURSOR
-define:ENABLE_MARSHALLING_TESTS
-define:ENABLE_VIDEO
-define:ENABLE_NAVIGATION_OFFMESHLINK_TO_NAVMESHLINK
-define:ENABLE_ACCELERATOR_CLIENT_DEBUGGING
-define:ENABLE_ACCESSIBILITY_SCREEN_READER
-define:TEXTCORE_1_0_OR_NEWER
-define:EDITOR_ONLY_NAVMESH_BUILDER_DEPRECATED
-define:PLATFORM_STANDALONE_WIN
-define:PLATFORM_STANDALONE
-define:UNITY_STANDALONE_WIN
-define:UNITY_STANDALONE
-define:ENABLE_RUNTIME_GI
-define:ENABLE_MOVIES
-define:ENABLE_NETWORK
-define:ENABLE_NVIDIA
-define:ENABLE_AMD
-define:ENABLE_CRUNCH_TEXTURE_COMPRESSION
-define:ENABLE_CLOUD_SERVICES_ENGINE_DIAGNOSTICS
-define:ENABLE_OUT_OF_PROCESS_CRASH_HANDLER
-define:ENABLE_CLUSTER_SYNC
-define:ENABLE_CLUSTERINPUT
-define:PLATFORM_UPDATES_TIME_OUTSIDE_OF_PLAYER_LOOP
-define:GFXDEVICE_WAITFOREVENT_MESSAGEPUMP
-define:PLATFORM_USES_EXPLICIT_MEMORY_MANAGER_INITIALIZER
-define:PLATFORM_SUPPORTS_WAIT_FOR_PRESENTATION
-define:PLATFORM_SUPPORTS_SPLIT_GRAPHICS_JOBS
-define:PLATFORM_USES_VULKAN_OLD_SWAPCHAIN
-define:USE_READ_ASYNC_MANAGED_API
-define:ENABLE_MONO
-define:NET_4_6
-define:NET_UNITY_4_8
-define:ENABLE_PROFILER
-define:DEBUG
-define:TRACE
-define:UNITY_ASSERTIONS
-define:UNITY_EDITOR
-define:UNITY_EDITOR_64
-define:UNITY_EDITOR_WIN
-define:ENABLE_UNITY_COLLECTIONS_CHECKS
-define:ENABLE_BURST_AOT
-define:UNITY_TEAM_LICENSE
-define:ENABLE_CUSTOM_RENDER_TEXTURE
-define:ENABLE_DIRECTOR
-define:ENABLE_LOCALIZATION
-define:ENABLE_SPRITES
-define:ENABLE_TERRAIN
-define:ENABLE_TILEMAP
-define:ENABLE_TIMELINE
-define:ENABLE_LEGACY_INPUT_MANAGER
-define:TEXTCORE_FONT_ENGINE_1_5_OR_NEWER
-define:TEXTCORE_TEXT_ENGINE_1_5_OR_NEWER
-define:TEXTCORE_FONT_ENGINE_1_6_OR_NEWER
-define:CSHARP_7_OR_LATER
-define:CSHARP_7_3_OR_NEWER
-r:"C:/Program Files/Unity/Hub/Editor/6000.5.3f1/Editor/Data/BCLExtensions/TargetingPacks/netstandard2.1/ref/Microsoft.Bcl.AsyncInterfaces.dll"
-r:"C:/Program Files/Unity/Hub/Editor/6000.5.3f1/Editor/Data/BCLExtensions/TargetingPacks/netstandard2.1/ref/Microsoft.Extensions.DependencyInjection.Abstractions.dll"
-r:"C:/Program Files/Unity/Hub/Editor/6000.5.3f1/Editor/Data/BCLExtensions/TargetingPacks/netstandard2.1/ref/Microsoft.Extensions.Logging.Abstractions.dll"
-r:"C:/Program Files/Unity/Hub/Editor/6000.5.3f1/Editor/Data/BCLExtensions/TargetingPacks/netstandard2.1/ref/System.Collections.Immutable.dll"
-r:"C:/Program Files/Unity/Hub/Editor/6000.5.3f1/Editor/Data/BCLExtensions/TargetingPacks/netstandard2.1/ref/System.Diagnostics.DiagnosticSource.dll"
-r:"C:/Program Files/Unity/Hub/Editor/6000.5.3f1/Editor/Data/BCLExtensions/TargetingPacks/netstandard2.1/ref/System.IO.Hashing.dll"
-r:"C:/Program Files/Unity/Hub/Editor/6000.5.3f1/Editor/Data/BCLExtensions/TargetingPacks/netstandard2.1/ref/System.Reflection.Metadata.dll"
-r:"C:/Program Files/Unity/Hub/Editor/6000.5.3f1/Editor/Data/BCLExtensions/TargetingPacks/netstandard2.1/ref/System.Runtime.CompilerServices.Unsafe.dll"
-r:"C:/Program Files/Unity/Hub/Editor/6000.5.3f1/Editor/Data/BCLExtensions/TargetingPacks/netstandard2.1/ref/System.Text.Encodings.Web.dll"
-r:"C:/Program Files/Unity/Hub/Editor/6000.5.3f1/Editor/Data/BCLExtensions/TargetingPacks/netstandard2.1/ref/System.Text.Json.dll"
-r:"C:/Program Files/Unity/Hub/Editor/6000.5.3f1/Editor/Data/Managed/UnityEngine/Unity.Scripting.dll"
-r:"C:/Program Files/Unity/Hub/Editor/6000.5.3f1/Editor/Data/Managed/UnityEngine/UnityEditor.AIModule.dll"
-r:"C:/Program Files/Unity/Hub/Editor/6000.5.3f1/Editor/Data/Managed/UnityEngine/UnityEditor.AccessibilityModule.dll"
-r:"C:/Program Files/Unity/Hub/Editor/6000.5.3f1/Editor/Data/Managed/UnityEngine/UnityEditor.AdaptivePerformanceModule.dll"
-r:"C:/Program Files/Unity/Hub/Editor/6000.5.3f1/Editor/Data/Managed/UnityEngine/UnityEditor.AssetComplianceModule.dll"
-r:"C:/Program Files/Unity/Hub/Editor/6000.5.3f1/Editor/Data/Managed/UnityEngine/UnityEditor.BuildProfileModule.dll"
-r:"C:/Program Files/Unity/Hub/Editor/6000.5.3f1/Editor/Data/Managed/UnityEngine/UnityEditor.ClothModule.dll"
-r:"C:/Program Files/Unity/Hub/Editor/6000.5.3f1/Editor/Data/Managed/UnityEngine/UnityEditor.ContentLoadModule.dll"
-r:"C:/Program Files/Unity/Hub/Editor/6000.5.3f1/Editor/Data/Managed/UnityEngine/UnityEditor.CoreBusinessMetricsModule.dll"
-r:"C:/Program Files/Unity/Hub/Editor/6000.5.3f1/Editor/Data/Managed/UnityEngine/UnityEditor.CoreModule.dll"
-r:"C:/Program Files/Unity/Hub/Editor/6000.5.3f1/Editor/Data/Managed/UnityEngine/UnityEditor.DeviceSimulatorModule.dll"
-r:"C:/Program Files/Unity/Hub/Editor/6000.5.3f1/Editor/Data/Managed/UnityEngine/UnityEditor.DiagnosticsModule.dll"
-r:"C:/Program Files/Unity/Hub/Editor/6000.5.3f1/Editor/Data/Managed/UnityEngine/UnityEditor.EditorToolbarModule.dll"
-r:"C:/Program Files/Unity/Hub/Editor/6000.5.3f1/Editor/Data/Managed/UnityEngine/UnityEditor.EmbreeModule.dll"
-r:"C:/Program Files/Unity/Hub/Editor/6000.5.3f1/Editor/Data/Managed/UnityEngine/UnityEditor.GIModule.dll"
-r:"C:/Program Files/Unity/Hub/Editor/6000.5.3f1/Editor/Data/Managed/UnityEngine/UnityEditor.GenericRemoteModule.dll"
-r:"C:/Program Files/Unity/Hub/Editor/6000.5.3f1/Editor/Data/Managed/UnityEngine/UnityEditor.GraphToolkitModule.dll"
-r:"C:/Program Files/Unity/Hub/Editor/6000.5.3f1/Editor/Data/Managed/UnityEngine/UnityEditor.GraphViewModule.dll"
-r:"C:/Program Files/Unity/Hub/Editor/6000.5.3f1/Editor/Data/Managed/UnityEngine/UnityEditor.GraphicsStateCollectionSerializerModule.dll"
-r:"C:/Program Files/Unity/Hub/Editor/6000.5.3f1/Editor/Data/Managed/UnityEngine/UnityEditor.GridAndSnapModule.dll"
-r:"C:/Program Files/Unity/Hub/Editor/6000.5.3f1/Editor/Data/Managed/UnityEngine/UnityEditor.GridModule.dll"
-r:"C:/Program Files/Unity/Hub/Editor/6000.5.3f1/Editor/Data/Managed/UnityEngine/UnityEditor.HierarchyModule.dll"
-r:"C:/Program Files/Unity/Hub/Editor/6000.5.3f1/Editor/Data/Managed/UnityEngine/UnityEditor.LightingModule.dll"
-r:"C:/Program Files/Unity/Hub/Editor/6000.5.3f1/Editor/Data/Managed/UnityEngine/UnityEditor.MathematicsModule.dll"
-r:"C:/Program Files/Unity/Hub/Editor/6000.5.3f1/Editor/Data/Managed/UnityEngine/UnityEditor.MediaModule.dll"
-r:"C:/Program Files/Unity/Hub/Editor/6000.5.3f1/Editor/Data/Managed/UnityEngine/UnityEditor.MultiplayerModule.dll"
-r:"C:/Program Files/Unity/Hub/Editor/6000.5.3f1/Editor/Data/Managed/UnityEngine/UnityEditor.Physics2DModule.dll"
-r:"C:/Program Files/Unity/Hub/Editor/6000.5.3f1/Editor/Data/Managed/UnityEngine/UnityEditor.PhysicsCore2DModule.dll"
-r:"C:/Program Files/Unity/Hub/Editor/6000.5.3f1/Editor/Data/Managed/UnityEngine/UnityEditor.PhysicsModule.dll"
-r:"C:/Program Files/Unity/Hub/Editor/6000.5.3f1/Editor/Data/Managed/UnityEngine/UnityEditor.PlayModeModule.dll"
-r:"C:/Program Files/Unity/Hub/Editor/6000.5.3f1/Editor/Data/Managed/UnityEngine/UnityEditor.PresetsUIModule.dll"
-r:"C:/Program Files/Unity/Hub/Editor/6000.5.3f1/Editor/Data/Managed/UnityEngine/UnityEditor.ProjectAuditorModule.dll"
-r:"C:/Program Files/Unity/Hub/Editor/6000.5.3f1/Editor/Data/Managed/UnityEngine/UnityEditor.PropertiesModule.dll"
-r:"C:/Program Files/Unity/Hub/Editor/6000.5.3f1/Editor/Data/Managed/UnityEngine/UnityEditor.QuickInstallModule.dll"
-r:"C:/Program Files/Unity/Hub/Editor/6000.5.3f1/Editor/Data/Managed/UnityEngine/UnityEditor.QuickSearchModule.dll"
-r:"C:/Program Files/Unity/Hub/Editor/6000.5.3f1/Editor/Data/Managed/UnityEngine/UnityEditor.SafeModeModule.dll"
-r:"C:/Program Files/Unity/Hub/Editor/6000.5.3f1/Editor/Data/Managed/UnityEngine/UnityEditor.SceneTemplateModule.dll"
-r:"C:/Program Files/Unity/Hub/Editor/6000.5.3f1/Editor/Data/Managed/UnityEngine/UnityEditor.SceneViewModule.dll"
-r:"C:/Program Files/Unity/Hub/Editor/6000.5.3f1/Editor/Data/Managed/UnityEngine/UnityEditor.ShaderBuildSettingsModule.dll"
-r:"C:/Program Files/Unity/Hub/Editor/6000.5.3f1/Editor/Data/Managed/UnityEngine/UnityEditor.ShaderCompilationModule.dll"
-r:"C:/Program Files/Unity/Hub/Editor/6000.5.3f1/Editor/Data/Managed/UnityEngine/UnityEditor.ShaderFoundryModule.dll"
-r:"C:/Program Files/Unity/Hub/Editor/6000.5.3f1/Editor/Data/Managed/UnityEngine/UnityEditor.SketchUpModule.dll"
-r:"C:/Program Files/Unity/Hub/Editor/6000.5.3f1/Editor/Data/Managed/UnityEngine/UnityEditor.SpriteMaskModule.dll"
-r:"C:/Program Files/Unity/Hub/Editor/6000.5.3f1/Editor/Data/Managed/UnityEngine/UnityEditor.SpriteShapeModule.dll"
-r:"C:/Program Files/Unity/Hub/Editor/6000.5.3f1/Editor/Data/Managed/UnityEngine/UnityEditor.SubstanceModule.dll"
-r:"C:/Program Files/Unity/Hub/Editor/6000.5.3f1/Editor/Data/Managed/UnityEngine/UnityEditor.TerrainModule.dll"
-r:"C:/Program Files/Unity/Hub/Editor/6000.5.3f1/Editor/Data/Managed/UnityEngine/UnityEditor.TextCoreFontEngineModule.dll"
-r:"C:/Program Files/Unity/Hub/Editor/6000.5.3f1/Editor/Data/Managed/UnityEngine/UnityEditor.TextCoreTextEngineModule.dll"
-r:"C:/Program Files/Unity/Hub/Editor/6000.5.3f1/Editor/Data/Managed/UnityEngine/UnityEditor.TextRenderingModule.dll"
-r:"C:/Program Files/Unity/Hub/Editor/6000.5.3f1/Editor/Data/Managed/UnityEngine/UnityEditor.TilemapModule.dll"
-r:"C:/Program Files/Unity/Hub/Editor/6000.5.3f1/Editor/Data/Managed/UnityEngine/UnityEditor.TreeModule.dll"
-r:"C:/Program Files/Unity/Hub/Editor/6000.5.3f1/Editor/Data/Managed/UnityEngine/UnityEditor.U2DModule.dll"
-r:"C:/Program Files/Unity/Hub/Editor/6000.5.3f1/Editor/Data/Managed/UnityEngine/UnityEditor.UIAutomationModule.dll"
-r:"C:/Program Files/Unity/Hub/Editor/6000.5.3f1/Editor/Data/Managed/UnityEngine/UnityEditor.UIBuilderModule.dll"
-r:"C:/Program Files/Unity/Hub/Editor/6000.5.3f1/Editor/Data/Managed/UnityEngine/UnityEditor.UIElementsModule.dll"
-r:"C:/Program Files/Unity/Hub/Editor/6000.5.3f1/Editor/Data/Managed/UnityEngine/UnityEditor.UIElementsSamplesModule.dll"
-r:"C:/Program Files/Unity/Hub/Editor/6000.5.3f1/Editor/Data/Managed/UnityEngine/UnityEditor.UIToolkitAuthoringModule.dll"
-r:"C:/Program Files/Unity/Hub/Editor/6000.5.3f1/Editor/Data/Managed/UnityEngine/UnityEditor.UmbraModule.dll"
-r:"C:/Program Files/Unity/Hub/Editor/6000.5.3f1/Editor/Data/Managed/UnityEngine/UnityEditor.UnityConnectModule.dll"
-r:"C:/Program Files/Unity/Hub/Editor/6000.5.3f1/Editor/Data/Managed/UnityEngine/UnityEditor.VFXModule.dll"
-r:"C:/Program Files/Unity/Hub/Editor/6000.5.3f1/Editor/Data/Managed/UnityEngine/UnityEditor.VectorGraphicsModule.dll"
-r:"C:/Program Files/Unity/Hub/Editor/6000.5.3f1/Editor/Data/Managed/UnityEngine/UnityEditor.VideoModule.dll"
-r:"C:/Program Files/Unity/Hub/Editor/6000.5.3f1/Editor/Data/Managed/UnityEngine/UnityEditor.XRModule.dll"
-r:"C:/Program Files/Unity/Hub/Editor/6000.5.3f1/Editor/Data/Managed/UnityEngine/UnityEditor.dll"
-r:"C:/Program Files/Unity/Hub/Editor/6000.5.3f1/Editor/Data/Managed/UnityEngine/UnityEngine.AIModule.dll"
-r:"C:/Program Files/Unity/Hub/Editor/6000.5.3f1/Editor/Data/Managed/UnityEngine/UnityEngine.ARModule.dll"
-r:"C:/Program Files/Unity/Hub/Editor/6000.5.3f1/Editor/Data/Managed/UnityEngine/UnityEngine.AccessibilityModule.dll"
-r:"C:/Program Files/Unity/Hub/Editor/6000.5.3f1/Editor/Data/Managed/UnityEngine/UnityEngine.AdaptivePerformanceModule.dll"
-r:"C:/Program Files/Unity/Hub/Editor/6000.5.3f1/Editor/Data/Managed/UnityEngine/UnityEngine.AndroidJNIModule.dll"
-r:"C:/Program Files/Unity/Hub/Editor/6000.5.3f1/Editor/Data/Managed/UnityEngine/UnityEngine.AnimationModule.dll"
-r:"C:/Program Files/Unity/Hub/Editor/6000.5.3f1/Editor/Data/Managed/UnityEngine/UnityEngine.AssetBundleModule.dll"
-r:"C:/Program Files/Unity/Hub/Editor/6000.5.3f1/Editor/Data/Managed/UnityEngine/UnityEngine.AudioModule.dll"
-r:"C:/Program Files/Unity/Hub/Editor/6000.5.3f1/Editor/Data/Managed/UnityEngine/UnityEngine.ClothModule.dll"
-r:"C:/Program Files/Unity/Hub/Editor/6000.5.3f1/Editor/Data/Managed/UnityEngine/UnityEngine.ClusterInputModule.dll"
-r:"C:/Program Files/Unity/Hub/Editor/6000.5.3f1/Editor/Data/Managed/UnityEngine/UnityEngine.ClusterRendererModule.dll"
-r:"C:/Program Files/Unity/Hub/Editor/6000.5.3f1/Editor/Data/Managed/UnityEngine/UnityEngine.ContentLoadModule.dll"
-r:"C:/Program Files/Unity/Hub/Editor/6000.5.3f1/Editor/Data/Managed/UnityEngine/UnityEngine.CoreModule.dll"
-r:"C:/Program Files/Unity/Hub/Editor/6000.5.3f1/Editor/Data/Managed/UnityEngine/UnityEngine.CrashReportingModule.dll"
-r:"C:/Program Files/Unity/Hub/Editor/6000.5.3f1/Editor/Data/Managed/UnityEngine/UnityEngine.DSPGraphModule.dll"
-r:"C:/Program Files/Unity/Hub/Editor/6000.5.3f1/Editor/Data/Managed/UnityEngine/UnityEngine.DirectorModule.dll"
-r:"C:/Program Files/Unity/Hub/Editor/6000.5.3f1/Editor/Data/Managed/UnityEngine/UnityEngine.GIModule.dll"
-r:"C:/Program Files/Unity/Hub/Editor/6000.5.3f1/Editor/Data/Managed/UnityEngine/UnityEngine.GameCenterModule.dll"
-r:"C:/Program Files/Unity/Hub/Editor/6000.5.3f1/Editor/Data/Managed/UnityEngine/UnityEngine.GraphicsStateCollectionSerializerModule.dll"
-r:"C:/Program Files/Unity/Hub/Editor/6000.5.3f1/Editor/Data/Managed/UnityEngine/UnityEngine.GridModule.dll"
-r:"C:/Program Files/Unity/Hub/Editor/6000.5.3f1/Editor/Data/Managed/UnityEngine/UnityEngine.HierarchyCoreModule.dll"
-r:"C:/Program Files/Unity/Hub/Editor/6000.5.3f1/Editor/Data/Managed/UnityEngine/UnityEngine.HotReloadModule.dll"
-r:"C:/Program Files/Unity/Hub/Editor/6000.5.3f1/Editor/Data/Managed/UnityEngine/UnityEngine.IMGUIModule.dll"
-r:"C:/Program Files/Unity/Hub/Editor/6000.5.3f1/Editor/Data/Managed/UnityEngine/UnityEngine.IdentifiersModule.dll"
-r:"C:/Program Files/Unity/Hub/Editor/6000.5.3f1/Editor/Data/Managed/UnityEngine/UnityEngine.ImageConversionModule.dll"
-r:"C:/Program Files/Unity/Hub/Editor/6000.5.3f1/Editor/Data/Managed/UnityEngine/UnityEngine.InputForUIModule.dll"
-r:"C:/Program Files/Unity/Hub/Editor/6000.5.3f1/Editor/Data/Managed/UnityEngine/UnityEngine.InputLegacyModule.dll"
-r:"C:/Program Files/Unity/Hub/Editor/6000.5.3f1/Editor/Data/Managed/UnityEngine/UnityEngine.InputModule.dll"
-r:"C:/Program Files/Unity/Hub/Editor/6000.5.3f1/Editor/Data/Managed/UnityEngine/UnityEngine.InsightsModule.dll"
-r:"C:/Program Files/Unity/Hub/Editor/6000.5.3f1/Editor/Data/Managed/UnityEngine/UnityEngine.JSONSerializeModule.dll"
-r:"C:/Program Files/Unity/Hub/Editor/6000.5.3f1/Editor/Data/Managed/UnityEngine/UnityEngine.LocalizationModule.dll"
-r:"C:/Program Files/Unity/Hub/Editor/6000.5.3f1/Editor/Data/Managed/UnityEngine/UnityEngine.MarshallingModule.dll"
-r:"C:/Program Files/Unity/Hub/Editor/6000.5.3f1/Editor/Data/Managed/UnityEngine/UnityEngine.MathematicsModule.dll"
-r:"C:/Program Files/Unity/Hub/Editor/6000.5.3f1/Editor/Data/Managed/UnityEngine/UnityEngine.MultiplayerModule.dll"
-r:"C:/Program Files/Unity/Hub/Editor/6000.5.3f1/Editor/Data/Managed/UnityEngine/UnityEngine.ParticleSystemModule.dll"
-r:"C:/Program Files/Unity/Hub/Editor/6000.5.3f1/Editor/Data/Managed/UnityEngine/UnityEngine.PerformanceReportingModule.dll"
-r:"C:/Program Files/Unity/Hub/Editor/6000.5.3f1/Editor/Data/Managed/UnityEngine/UnityEngine.Physics2DModule.dll"
-r:"C:/Program Files/Unity/Hub/Editor/6000.5.3f1/Editor/Data/Managed/UnityEngine/UnityEngine.PhysicsBackendPhysXModule.dll"
-r:"C:/Program Files/Unity/Hub/Editor/6000.5.3f1/Editor/Data/Managed/UnityEngine/UnityEngine.PhysicsCore2DModule.dll"
-r:"C:/Program Files/Unity/Hub/Editor/6000.5.3f1/Editor/Data/Managed/UnityEngine/UnityEngine.PhysicsModule.dll"
-r:"C:/Program Files/Unity/Hub/Editor/6000.5.3f1/Editor/Data/Managed/UnityEngine/UnityEngine.PropertiesModule.dll"
-r:"C:/Program Files/Unity/Hub/Editor/6000.5.3f1/Editor/Data/Managed/UnityEngine/UnityEngine.RenderAs2DModule.dll"
-r:"C:/Program Files/Unity/Hub/Editor/6000.5.3f1/Editor/Data/Managed/UnityEngine/UnityEngine.RuntimeInitializeOnLoadManagerInitializerModule.dll"
-r:"C:/Program Files/Unity/Hub/Editor/6000.5.3f1/Editor/Data/Managed/UnityEngine/UnityEngine.ScreenCaptureModule.dll"
-r:"C:/Program Files/Unity/Hub/Editor/6000.5.3f1/Editor/Data/Managed/UnityEngine/UnityEngine.ScriptingModule.dll"
-r:"C:/Program Files/Unity/Hub/Editor/6000.5.3f1/Editor/Data/Managed/UnityEngine/UnityEngine.ShaderVariantAnalyticsModule.dll"
-r:"C:/Program Files/Unity/Hub/Editor/6000.5.3f1/Editor/Data/Managed/UnityEngine/UnityEngine.SharedInternalsModule.dll"
-r:"C:/Program Files/Unity/Hub/Editor/6000.5.3f1/Editor/Data/Managed/UnityEngine/UnityEngine.SpriteMaskModule.dll"
-r:"C:/Program Files/Unity/Hub/Editor/6000.5.3f1/Editor/Data/Managed/UnityEngine/UnityEngine.SpriteShapeModule.dll"
-r:"C:/Program Files/Unity/Hub/Editor/6000.5.3f1/Editor/Data/Managed/UnityEngine/UnityEngine.StreamingModule.dll"
-r:"C:/Program Files/Unity/Hub/Editor/6000.5.3f1/Editor/Data/Managed/UnityEngine/UnityEngine.SubstanceModule.dll"
-r:"C:/Program Files/Unity/Hub/Editor/6000.5.3f1/Editor/Data/Managed/UnityEngine/UnityEngine.SubsystemsModule.dll"
-r:"C:/Program Files/Unity/Hub/Editor/6000.5.3f1/Editor/Data/Managed/UnityEngine/UnityEngine.TLSModule.dll"
-r:"C:/Program Files/Unity/Hub/Editor/6000.5.3f1/Editor/Data/Managed/UnityEngine/UnityEngine.TerrainModule.dll"
-r:"C:/Program Files/Unity/Hub/Editor/6000.5.3f1/Editor/Data/Managed/UnityEngine/UnityEngine.TerrainPhysicsModule.dll"
-r:"C:/Program Files/Unity/Hub/Editor/6000.5.3f1/Editor/Data/Managed/UnityEngine/UnityEngine.TextCoreFontEngineModule.dll"
-r:"C:/Program Files/Unity/Hub/Editor/6000.5.3f1/Editor/Data/Managed/UnityEngine/UnityEngine.TextCoreTextEngineModule.dll"
-r:"C:/Program Files/Unity/Hub/Editor/6000.5.3f1/Editor/Data/Managed/UnityEngine/UnityEngine.TextRenderingModule.dll"
-r:"C:/Program Files/Unity/Hub/Editor/6000.5.3f1/Editor/Data/Managed/UnityEngine/UnityEngine.TilemapModule.dll"
-r:"C:/Program Files/Unity/Hub/Editor/6000.5.3f1/Editor/Data/Managed/UnityEngine/UnityEngine.U2DRuntimeModule.dll"
-r:"C:/Program Files/Unity/Hub/Editor/6000.5.3f1/Editor/Data/Managed/UnityEngine/UnityEngine.UIElementsModule.dll"
-r:"C:/Program Files/Unity/Hub/Editor/6000.5.3f1/Editor/Data/Managed/UnityEngine/UnityEngine.UIModule.dll"
-r:"C:/Program Files/Unity/Hub/Editor/6000.5.3f1/Editor/Data/Managed/UnityEngine/UnityEngine.UmbraModule.dll"
-r:"C:/Program Files/Unity/Hub/Editor/6000.5.3f1/Editor/Data/Managed/UnityEngine/UnityEngine.UnityAnalyticsCommonModule.dll"
-r:"C:/Program Files/Unity/Hub/Editor/6000.5.3f1/Editor/Data/Managed/UnityEngine/UnityEngine.UnityAnalyticsModule.dll"
-r:"C:/Program Files/Unity/Hub/Editor/6000.5.3f1/Editor/Data/Managed/UnityEngine/UnityEngine.UnityConnectModule.dll"
-r:"C:/Program Files/Unity/Hub/Editor/6000.5.3f1/Editor/Data/Managed/UnityEngine/UnityEngine.UnityConsentModule.dll"
-r:"C:/Program Files/Unity/Hub/Editor/6000.5.3f1/Editor/Data/Managed/UnityEngine/UnityEngine.UnityCurlModule.dll"
-r:"C:/Program Files/Unity/Hub/Editor/6000.5.3f1/Editor/Data/Managed/UnityEngine/UnityEngine.UnityWebRequestAssetBundleModule.dll"
-r:"C:/Program Files/Unity/Hub/Editor/6000.5.3f1/Editor/Data/Managed/UnityEngine/UnityEngine.UnityWebRequestAudioModule.dll"
-r:"C:/Program Files/Unity/Hub/Editor/6000.5.3f1/Editor/Data/Managed/UnityEngine/UnityEngine.UnityWebRequestModule.dll"
-r:"C:/Program Files/Unity/Hub/Editor/6000.5.3f1/Editor/Data/Managed/UnityEngine/UnityEngine.UnityWebRequestTextureModule.dll"
-r:"C:/Program Files/Unity/Hub/Editor/6000.5.3f1/Editor/Data/Managed/UnityEngine/UnityEngine.UnityWebRequestWWWModule.dll"
-r:"C:/Program Files/Unity/Hub/Editor/6000.5.3f1/Editor/Data/Managed/UnityEngine/UnityEngine.VFXModule.dll"
-r:"C:/Program Files/Unity/Hub/Editor/6000.5.3f1/Editor/Data/Managed/UnityEngine/UnityEngine.VectorGraphicsModule.dll"
-r:"C:/Program Files/Unity/Hub/Editor/6000.5.3f1/Editor/Data/Managed/UnityEngine/UnityEngine.VehiclesModule.dll"
-r:"C:/Program Files/Unity/Hub/Editor/6000.5.3f1/Editor/Data/Managed/UnityEngine/UnityEngine.VideoModule.dll"
-r:"C:/Program Files/Unity/Hub/Editor/6000.5.3f1/Editor/Data/Managed/UnityEngine/UnityEngine.VirtualTexturingModule.dll"
-r:"C:/Program Files/Unity/Hub/Editor/6000.5.3f1/Editor/Data/Managed/UnityEngine/UnityEngine.WindModule.dll"
-r:"C:/Program Files/Unity/Hub/Editor/6000.5.3f1/Editor/Data/Managed/UnityEngine/UnityEngine.XRModule.dll"
-r:"C:/Program Files/Unity/Hub/Editor/6000.5.3f1/Editor/Data/Managed/UnityEngine/UnityEngine.dll"
-r:"C:/Program Files/Unity/Hub/Editor/6000.5.3f1/Editor/Data/UnityReferenceAssemblies/unity-4.8-api/Facades/Microsoft.Win32.Primitives.dll"
-r:"C:/Program Files/Unity/Hub/Editor/6000.5.3f1/Editor/Data/UnityReferenceAssemblies/unity-4.8-api/Facades/System.AppContext.dll"
-r:"C:/Program Files/Unity/Hub/Editor/6000.5.3f1/Editor/Data/UnityReferenceAssemblies/unity-4.8-api/Facades/System.Buffers.dll"
-r:"C:/Program Files/Unity/Hub/Editor/6000.5.3f1/Editor/Data/UnityReferenceAssemblies/unity-4.8-api/Facades/System.Collections.Concurrent.dll"
-r:"C:/Program Files/Unity/Hub/Editor/6000.5.3f1/Editor/Data/UnityReferenceAssemblies/unity-4.8-api/Facades/System.Collections.NonGeneric.dll"
-r:"C:/Program Files/Unity/Hub/Editor/6000.5.3f1/Editor/Data/UnityReferenceAssemblies/unity-4.8-api/Facades/System.Collections.Specialized.dll"
-r:"C:/Program Files/Unity/Hub/Editor/6000.5.3f1/Editor/Data/UnityReferenceAssemblies/unity-4.8-api/Facades/System.Collections.dll"
-r:"C:/Program Files/Unity/Hub/Editor/6000.5.3f1/Editor/Data/UnityReferenceAssemblies/unity-4.8-api/Facades/System.ComponentModel.Annotations.dll"
-r:"C:/Program Files/Unity/Hub/Editor/6000.5.3f1/Editor/Data/UnityReferenceAssemblies/unity-4.8-api/Facades/System.ComponentModel.EventBasedAsync.dll"
-r:"C:/Program Files/Unity/Hub/Editor/6000.5.3f1/Editor/Data/UnityReferenceAssemblies/unity-4.8-api/Facades/System.ComponentModel.Primitives.dll"
-r:"C:/Program Files/Unity/Hub/Editor/6000.5.3f1/Editor/Data/UnityReferenceAssemblies/unity-4.8-api/Facades/System.ComponentModel.TypeConverter.dll"
-r:"C:/Program Files/Unity/Hub/Editor/6000.5.3f1/Editor/Data/UnityReferenceAssemblies/unity-4.8-api/Facades/System.ComponentModel.dll"
-r:"C:/Program Files/Unity/Hub/Editor/6000.5.3f1/Editor/Data/UnityReferenceAssemblies/unity-4.8-api/Facades/System.Console.dll"
-r:"C:/Program Files/Unity/Hub/Editor/6000.5.3f1/Editor/Data/UnityReferenceAssemblies/unity-4.8-api/Facades/System.Data.Common.dll"
-r:"C:/Program Files/Unity/Hub/Editor/6000.5.3f1/Editor/Data/UnityReferenceAssemblies/unity-4.8-api/Facades/System.Diagnostics.Contracts.dll"
-r:"C:/Program Files/Unity/Hub/Editor/6000.5.3f1/Editor/Data/UnityReferenceAssemblies/unity-4.8-api/Facades/System.Diagnostics.Debug.dll"
-r:"C:/Program Files/Unity/Hub/Editor/6000.5.3f1/Editor/Data/UnityReferenceAssemblies/unity-4.8-api/Facades/System.Diagnostics.FileVersionInfo.dll"
-r:"C:/Program Files/Unity/Hub/Editor/6000.5.3f1/Editor/Data/UnityReferenceAssemblies/unity-4.8-api/Facades/System.Diagnostics.Process.dll"
-r:"C:/Program Files/Unity/Hub/Editor/6000.5.3f1/Editor/Data/UnityReferenceAssemblies/unity-4.8-api/Facades/System.Diagnostics.StackTrace.dll"
-r:"C:/Program Files/Unity/Hub/Editor/6000.5.3f1/Editor/Data/UnityReferenceAssemblies/unity-4.8-api/Facades/System.Diagnostics.TextWriterTraceListener.dll"
-r:"C:/Program Files/Unity/Hub/Editor/6000.5.3f1/Editor/Data/UnityReferenceAssemblies/unity-4.8-api/Facades/System.Diagnostics.Tools.dll"
-r:"C:/Program Files/Unity/Hub/Editor/6000.5.3f1/Editor/Data/UnityReferenceAssemblies/unity-4.8-api/Facades/System.Diagnostics.TraceSource.dll"
-r:"C:/Program Files/Unity/Hub/Editor/6000.5.3f1/Editor/Data/UnityReferenceAssemblies/unity-4.8-api/Facades/System.Drawing.Primitives.dll"
-r:"C:/Program Files/Unity/Hub/Editor/6000.5.3f1/Editor/Data/UnityReferenceAssemblies/unity-4.8-api/Facades/System.Dynamic.Runtime.dll"
-r:"C:/Program Files/Unity/Hub/Editor/6000.5.3f1/Editor/Data/UnityReferenceAssemblies/unity-4.8-api/Facades/System.Globalization.Calendars.dll"
-r:"C:/Program Files/Unity/Hub/Editor/6000.5.3f1/Editor/Data/UnityReferenceAssemblies/unity-4.8-api/Facades/System.Globalization.Extensions.dll"
-r:"C:/Program Files/Unity/Hub/Editor/6000.5.3f1/Editor/Data/UnityReferenceAssemblies/unity-4.8-api/Facades/System.Globalization.dll"
-r:"C:/Program Files/Unity/Hub/Editor/6000.5.3f1/Editor/Data/UnityReferenceAssemblies/unity-4.8-api/Facades/System.IO.Compression.ZipFile.dll"
-r:"C:/Program Files/Unity/Hub/Editor/6000.5.3f1/Editor/Data/UnityReferenceAssemblies/unity-4.8-api/Facades/System.IO.FileSystem.DriveInfo.dll"
-r:"C:/Program Files/Unity/Hub/Editor/6000.5.3f1/Editor/Data/UnityReferenceAssemblies/unity-4.8-api/Facades/System.IO.FileSystem.Primitives.dll"
-r:"C:/Program Files/Unity/Hub/Editor/6000.5.3f1/Editor/Data/UnityReferenceAssemblies/unity-4.8-api/Facades/System.IO.FileSystem.Watcher.dll"
-r:"C:/Program Files/Unity/Hub/Editor/6000.5.3f1/Editor/Data/UnityReferenceAssemblies/unity-4.8-api/Facades/System.IO.FileSystem.dll"
-r:"C:/Program Files/Unity/Hub/Editor/6000.5.3f1/Editor/Data/UnityReferenceAssemblies/unity-4.8-api/Facades/System.IO.IsolatedStorage.dll"
-r:"C:/Program Files/Unity/Hub/Editor/6000.5.3f1/Editor/Data/UnityReferenceAssemblies/unity-4.8-api/Facades/System.IO.MemoryMappedFiles.dll"
-r:"C:/Program Files/Unity/Hub/Editor/6000.5.3f1/Editor/Data/UnityReferenceAssemblies/unity-4.8-api/Facades/System.IO.Pipes.dll"
-r:"C:/Program Files/Unity/Hub/Editor/6000.5.3f1/Editor/Data/UnityReferenceAssemblies/unity-4.8-api/Facades/System.IO.UnmanagedMemoryStream.dll"
-r:"C:/Program Files/Unity/Hub/Editor/6000.5.3f1/Editor/Data/UnityReferenceAssemblies/unity-4.8-api/Facades/System.IO.dll"
-r:"C:/Program Files/Unity/Hub/Editor/6000.5.3f1/Editor/Data/UnityReferenceAssemblies/unity-4.8-api/Facades/System.Linq.Expressions.dll"
-r:"C:/Program Files/Unity/Hub/Editor/6000.5.3f1/Editor/Data/UnityReferenceAssemblies/unity-4.8-api/Facades/System.Linq.Parallel.dll"
-r:"C:/Program Files/Unity/Hub/Editor/6000.5.3f1/Editor/Data/UnityReferenceAssemblies/unity-4.8-api/Facades/System.Linq.Queryable.dll"
-r:"C:/Program Files/Unity/Hub/Editor/6000.5.3f1/Editor/Data/UnityReferenceAssemblies/unity-4.8-api/Facades/System.Linq.dll"
-r:"C:/Program Files/Unity/Hub/Editor/6000.5.3f1/Editor/Data/UnityReferenceAssemblies/unity-4.8-api/Facades/System.Memory.dll"
-r:"C:/Program Files/Unity/Hub/Editor/6000.5.3f1/Editor/Data/UnityReferenceAssemblies/unity-4.8-api/Facades/System.Net.Http.Rtc.dll"
-r:"C:/Program Files/Unity/Hub/Editor/6000.5.3f1/Editor/Data/UnityReferenceAssemblies/unity-4.8-api/Facades/System.Net.NameResolution.dll"
-r:"C:/Program Files/Unity/Hub/Editor/6000.5.3f1/Editor/Data/UnityReferenceAssemblies/unity-4.8-api/Facades/System.Net.NetworkInformation.dll"
-r:"C:/Program Files/Unity/Hub/Editor/6000.5.3f1/Editor/Data/UnityReferenceAssemblies/unity-4.8-api/Facades/System.Net.Ping.dll"
-r:"C:/Program Files/Unity/Hub/Editor/6000.5.3f1/Editor/Data/UnityReferenceAssemblies/unity-4.8-api/Facades/System.Net.Primitives.dll"
-r:"C:/Program Files/Unity/Hub/Editor/6000.5.3f1/Editor/Data/UnityReferenceAssemblies/unity-4.8-api/Facades/System.Net.Requests.dll"
-r:"C:/Program Files/Unity/Hub/Editor/6000.5.3f1/Editor/Data/UnityReferenceAssemblies/unity-4.8-api/Facades/System.Net.Security.dll"
-r:"C:/Program Files/Unity/Hub/Editor/6000.5.3f1/Editor/Data/UnityReferenceAssemblies/unity-4.8-api/Facades/System.Net.Sockets.dll"
-r:"C:/Program Files/Unity/Hub/Editor/6000.5.3f1/Editor/Data/UnityReferenceAssemblies/unity-4.8-api/Facades/System.Net.WebHeaderCollection.dll"
-r:"C:/Program Files/Unity/Hub/Editor/6000.5.3f1/Editor/Data/UnityReferenceAssemblies/unity-4.8-api/Facades/System.Net.WebSockets.Client.dll"
-r:"C:/Program Files/Unity/Hub/Editor/6000.5.3f1/Editor/Data/UnityReferenceAssemblies/unity-4.8-api/Facades/System.Net.WebSockets.dll"
-r:"C:/Program Files/Unity/Hub/Editor/6000.5.3f1/Editor/Data/UnityReferenceAssemblies/unity-4.8-api/Facades/System.ObjectModel.dll"
-r:"C:/Program Files/Unity/Hub/Editor/6000.5.3f1/Editor/Data/UnityReferenceAssemblies/unity-4.8-api/Facades/System.Reflection.DispatchProxy.dll"
-r:"C:/Program Files/Unity/Hub/Editor/6000.5.3f1/Editor/Data/UnityReferenceAssemblies/unity-4.8-api/Facades/System.Reflection.Emit.ILGeneration.dll"
-r:"C:/Program Files/Unity/Hub/Editor/6000.5.3f1/Editor/Data/UnityReferenceAssemblies/unity-4.8-api/Facades/System.Reflection.Emit.Lightweight.dll"
-r:"C:/Program Files/Unity/Hub/Editor/6000.5.3f1/Editor/Data/UnityReferenceAssemblies/unity-4.8-api/Facades/System.Reflection.Emit.dll"
-r:"C:/Program Files/Unity/Hub/Editor/6000.5.3f1/Editor/Data/UnityReferenceAssemblies/unity-4.8-api/Facades/System.Reflection.Extensions.dll"
-r:"C:/Program Files/Unity/Hub/Editor/6000.5.3f1/Editor/Data/UnityReferenceAssemblies/unity-4.8-api/Facades/System.Reflection.Primitives.dll"
-r:"C:/Program Files/Unity/Hub/Editor/6000.5.3f1/Editor/Data/UnityReferenceAssemblies/unity-4.8-api/Facades/System.Reflection.dll"
-r:"C:/Program Files/Unity/Hub/Editor/6000.5.3f1/Editor/Data/UnityReferenceAssemblies/unity-4.8-api/Facades/System.Resources.Reader.dll"
-r:"C:/Program Files/Unity/Hub/Editor/6000.5.3f1/Editor/Data/UnityReferenceAssemblies/unity-4.8-api/Facades/System.Resources.ResourceManager.dll"
-r:"C:/Program Files/Unity/Hub/Editor/6000.5.3f1/Editor/Data/UnityReferenceAssemblies/unity-4.8-api/Facades/System.Resources.Writer.dll"
-r:"C:/Program Files/Unity/Hub/Editor/6000.5.3f1/Editor/Data/UnityReferenceAssemblies/unity-4.8-api/Facades/System.Runtime.CompilerServices.VisualC.dll"
-r:"C:/Program Files/Unity/Hub/Editor/6000.5.3f1/Editor/Data/UnityReferenceAssemblies/unity-4.8-api/Facades/System.Runtime.Extensions.dll"
-r:"C:/Program Files/Unity/Hub/Editor/6000.5.3f1/Editor/Data/UnityReferenceAssemblies/unity-4.8-api/Facades/System.Runtime.Handles.dll"
-r:"C:/Program Files/Unity/Hub/Editor/6000.5.3f1/Editor/Data/UnityReferenceAssemblies/unity-4.8-api/Facades/System.Runtime.InteropServices.RuntimeInformation.dll"
-r:"C:/Program Files/Unity/Hub/Editor/6000.5.3f1/Editor/Data/UnityReferenceAssemblies/unity-4.8-api/Facades/System.Runtime.InteropServices.WindowsRuntime.dll"
-r:"C:/Program Files/Unity/Hub/Editor/6000.5.3f1/Editor/Data/UnityReferenceAssemblies/unity-4.8-api/Facades/System.Runtime.InteropServices.dll"
-r:"C:/Program Files/Unity/Hub/Editor/6000.5.3f1/Editor/Data/UnityReferenceAssemblies/unity-4.8-api/Facades/System.Runtime.Numerics.dll"
-r:"C:/Program Files/Unity/Hub/Editor/6000.5.3f1/Editor/Data/UnityReferenceAssemblies/unity-4.8-api/Facades/System.Runtime.Serialization.Formatters.dll"
-r:"C:/Program Files/Unity/Hub/Editor/6000.5.3f1/Editor/Data/UnityReferenceAssemblies/unity-4.8-api/Facades/System.Runtime.Serialization.Json.dll"
-r:"C:/Program Files/Unity/Hub/Editor/6000.5.3f1/Editor/Data/UnityReferenceAssemblies/unity-4.8-api/Facades/System.Runtime.Serialization.Primitives.dll"
-r:"C:/Program Files/Unity/Hub/Editor/6000.5.3f1/Editor/Data/UnityReferenceAssemblies/unity-4.8-api/Facades/System.Runtime.Serialization.Xml.dll"
-r:"C:/Program Files/Unity/Hub/Editor/6000.5.3f1/Editor/Data/UnityReferenceAssemblies/unity-4.8-api/Facades/System.Runtime.dll"
-r:"C:/Program Files/Unity/Hub/Editor/6000.5.3f1/Editor/Data/UnityReferenceAssemblies/unity-4.8-api/Facades/System.Security.Claims.dll"
-r:"C:/Program Files/Unity/Hub/Editor/6000.5.3f1/Editor/Data/UnityReferenceAssemblies/unity-4.8-api/Facades/System.Security.Cryptography.Algorithms.dll"
-r:"C:/Program Files/Unity/Hub/Editor/6000.5.3f1/Editor/Data/UnityReferenceAssemblies/unity-4.8-api/Facades/System.Security.Cryptography.Csp.dll"
-r:"C:/Program Files/Unity/Hub/Editor/6000.5.3f1/Editor/Data/UnityReferenceAssemblies/unity-4.8-api/Facades/System.Security.Cryptography.Encoding.dll"
-r:"C:/Program Files/Unity/Hub/Editor/6000.5.3f1/Editor/Data/UnityReferenceAssemblies/unity-4.8-api/Facades/System.Security.Cryptography.Primitives.dll"
-r:"C:/Program Files/Unity/Hub/Editor/6000.5.3f1/Editor/Data/UnityReferenceAssemblies/unity-4.8-api/Facades/System.Security.Cryptography.X509Certificates.dll"
-r:"C:/Program Files/Unity/Hub/Editor/6000.5.3f1/Editor/Data/UnityReferenceAssemblies/unity-4.8-api/Facades/System.Security.Principal.dll"
-r:"C:/Program Files/Unity/Hub/Editor/6000.5.3f1/Editor/Data/UnityReferenceAssemblies/unity-4.8-api/Facades/System.Security.SecureString.dll"
-r:"C:/Program Files/Unity/Hub/Editor/6000.5.3f1/Editor/Data/UnityReferenceAssemblies/unity-4.8-api/Facades/System.ServiceModel.Duplex.dll"
-r:"C:/Program Files/Unity/Hub/Editor/6000.5.3f1/Editor/Data/UnityReferenceAssemblies/unity-4.8-api/Facades/System.ServiceModel.Http.dll"
-r:"C:/Program Files/Unity/Hub/Editor/6000.5.3f1/Editor/Data/UnityReferenceAssemblies/unity-4.8-api/Facades/System.ServiceModel.NetTcp.dll"
-r:"C:/Program Files/Unity/Hub/Editor/6000.5.3f1/Editor/Data/UnityReferenceAssemblies/unity-4.8-api/Facades/System.ServiceModel.Primitives.dll"
-r:"C:/Program Files/Unity/Hub/Editor/6000.5.3f1/Editor/Data/UnityReferenceAssemblies/unity-4.8-api/Facades/System.ServiceModel.Security.dll"
-r:"C:/Program Files/Unity/Hub/Editor/6000.5.3f1/Editor/Data/UnityReferenceAssemblies/unity-4.8-api/Facades/System.Text.Encoding.Extensions.dll"
-r:"C:/Program Files/Unity/Hub/Editor/6000.5.3f1/Editor/Data/UnityReferenceAssemblies/unity-4.8-api/Facades/System.Text.Encoding.dll"
-r:"C:/Program Files/Unity/Hub/Editor/6000.5.3f1/Editor/Data/UnityReferenceAssemblies/unity-4.8-api/Facades/System.Text.RegularExpressions.dll"
-r:"C:/Program Files/Unity/Hub/Editor/6000.5.3f1/Editor/Data/UnityReferenceAssemblies/unity-4.8-api/Facades/System.Threading.Overlapped.dll"
-r:"C:/Program Files/Unity/Hub/Editor/6000.5.3f1/Editor/Data/UnityReferenceAssemblies/unity-4.8-api/Facades/System.Threading.Tasks.Extensions.dll"
-r:"C:/Program Files/Unity/Hub/Editor/6000.5.3f1/Editor/Data/UnityReferenceAssemblies/unity-4.8-api/Facades/System.Threading.Tasks.Parallel.dll"
-r:"C:/Program Files/Unity/Hub/Editor/6000.5.3f1/Editor/Data/UnityReferenceAssemblies/unity-4.8-api/Facades/System.Threading.Tasks.dll"
-r:"C:/Program Files/Unity/Hub/Editor/6000.5.3f1/Editor/Data/UnityReferenceAssemblies/unity-4.8-api/Facades/System.Threading.Thread.dll"
-r:"C:/Program Files/Unity/Hub/Editor/6000.5.3f1/Editor/Data/UnityReferenceAssemblies/unity-4.8-api/Facades/System.Threading.ThreadPool.dll"
-r:"C:/Program Files/Unity/Hub/Editor/6000.5.3f1/Editor/Data/UnityReferenceAssemblies/unity-4.8-api/Facades/System.Threading.Timer.dll"
-r:"C:/Program Files/Unity/Hub/Editor/6000.5.3f1/Editor/Data/UnityReferenceAssemblies/unity-4.8-api/Facades/System.Threading.dll"
-r:"C:/Program Files/Unity/Hub/Editor/6000.5.3f1/Editor/Data/UnityReferenceAssemblies/unity-4.8-api/Facades/System.ValueTuple.dll"
-r:"C:/Program Files/Unity/Hub/Editor/6000.5.3f1/Editor/Data/UnityReferenceAssemblies/unity-4.8-api/Facades/System.Xml.ReaderWriter.dll"
-r:"C:/Program Files/Unity/Hub/Editor/6000.5.3f1/Editor/Data/UnityReferenceAssemblies/unity-4.8-api/Facades/System.Xml.XDocument.dll"
-r:"C:/Program Files/Unity/Hub/Editor/6000.5.3f1/Editor/Data/UnityReferenceAssemblies/unity-4.8-api/Facades/System.Xml.XPath.XDocument.dll"
-r:"C:/Program Files/Unity/Hub/Editor/6000.5.3f1/Editor/Data/UnityReferenceAssemblies/unity-4.8-api/Facades/System.Xml.XPath.dll"
-r:"C:/Program Files/Unity/Hub/Editor/6000.5.3f1/Editor/Data/UnityReferenceAssemblies/unity-4.8-api/Facades/System.Xml.XmlDocument.dll"
-r:"C:/Program Files/Unity/Hub/Editor/6000.5.3f1/Editor/Data/UnityReferenceAssemblies/unity-4.8-api/Facades/System.Xml.XmlSerializer.dll"
-r:"C:/Program Files/Unity/Hub/Editor/6000.5.3f1/Editor/Data/UnityReferenceAssemblies/unity-4.8-api/Facades/netstandard.dll"
-r:"C:/Program Files/Unity/Hub/Editor/6000.5.3f1/Editor/Data/UnityReferenceAssemblies/unity-4.8-api/Microsoft.CSharp.dll"
-r:"C:/Program Files/Unity/Hub/Editor/6000.5.3f1/Editor/Data/UnityReferenceAssemblies/unity-4.8-api/System.ComponentModel.Composition.dll"
-r:"C:/Program Files/Unity/Hub/Editor/6000.5.3f1/Editor/Data/UnityReferenceAssemblies/unity-4.8-api/System.Core.dll"
-r:"C:/Program Files/Unity/Hub/Editor/6000.5.3f1/Editor/Data/UnityReferenceAssemblies/unity-4.8-api/System.Data.DataSetExtensions.dll"
-r:"C:/Program Files/Unity/Hub/Editor/6000.5.3f1/Editor/Data/UnityReferenceAssemblies/unity-4.8-api/System.Data.dll"
-r:"C:/Program Files/Unity/Hub/Editor/6000.5.3f1/Editor/Data/UnityReferenceAssemblies/unity-4.8-api/System.Drawing.dll"
-r:"C:/Program Files/Unity/Hub/Editor/6000.5.3f1/Editor/Data/UnityReferenceAssemblies/unity-4.8-api/System.IO.Compression.FileSystem.dll"
-r:"C:/Program Files/Unity/Hub/Editor/6000.5.3f1/Editor/Data/UnityReferenceAssemblies/unity-4.8-api/System.IO.Compression.dll"
-r:"C:/Program Files/Unity/Hub/Editor/6000.5.3f1/Editor/Data/UnityReferenceAssemblies/unity-4.8-api/System.Net.Http.dll"
-r:"C:/Program Files/Unity/Hub/Editor/6000.5.3f1/Editor/Data/UnityReferenceAssemblies/unity-4.8-api/System.Numerics.Vectors.dll"
-r:"C:/Program Files/Unity/Hub/Editor/6000.5.3f1/Editor/Data/UnityReferenceAssemblies/unity-4.8-api/System.Numerics.dll"
-r:"C:/Program Files/Unity/Hub/Editor/6000.5.3f1/Editor/Data/UnityReferenceAssemblies/unity-4.8-api/System.Runtime.Serialization.dll"
-r:"C:/Program Files/Unity/Hub/Editor/6000.5.3f1/Editor/Data/UnityReferenceAssemblies/unity-4.8-api/System.Transactions.dll"
-r:"C:/Program Files/Unity/Hub/Editor/6000.5.3f1/Editor/Data/UnityReferenceAssemblies/unity-4.8-api/System.Xml.Linq.dll"
-r:"C:/Program Files/Unity/Hub/Editor/6000.5.3f1/Editor/Data/UnityReferenceAssemblies/unity-4.8-api/System.Xml.dll"
-r:"C:/Program Files/Unity/Hub/Editor/6000.5.3f1/Editor/Data/UnityReferenceAssemblies/unity-4.8-api/System.dll"
-r:"C:/Program Files/Unity/Hub/Editor/6000.5.3f1/Editor/Data/UnityReferenceAssemblies/unity-4.8-api/mscorlib.dll"
-r:"Library/PackageCache/com.unity.analytics@c9d14a6bdec6/AnalyticsStandardEvents/Unity.Analytics.StandardEvents.dll"
-r:"Library/PackageCache/com.unity.analytics@c9d14a6bdec6/Unity.Analytics.Editor.dll"
-r:"Library/PackageCache/com.unity.analytics@c9d14a6bdec6/Unity.Analytics.Tracker.dll"
-r:"Library/PackageCache/com.unity.ext.nunit@44f7d31723bd/net472/unity-custom/nunit.framework.dll"
-r:"Library/PackageCache/com.unity.nuget.newtonsoft-json@4dfd81071c64/Runtime/Newtonsoft.Json.dll"
-r:"Library/Bee/artifacts/1900b0aE.dag/Analytics.ref.dll"
-r:"Library/Bee/artifacts/1900b0aE.dag/Assembly-CSharp-firstpass.ref.dll"
-r:"Library/Bee/artifacts/1900b0aE.dag/Purchasing.Common.ref.dll"
-r:"Library/Bee/artifacts/1900b0aE.dag/Unity.2D.Sprite.Editor.ref.dll"
-r:"Library/Bee/artifacts/1900b0aE.dag/Unity.2D.Tilemap.Editor.ref.dll"
-r:"Library/Bee/artifacts/1900b0aE.dag/Unity.AI.Navigation.Editor.ConversionSystem.ref.dll"
-r:"Library/Bee/artifacts/1900b0aE.dag/Unity.AI.Navigation.Editor.ref.dll"
-r:"Library/Bee/artifacts/1900b0aE.dag/Unity.AI.Navigation.ref.dll"
-r:"Library/Bee/artifacts/1900b0aE.dag/Unity.AI.Navigation.Updater.ref.dll"
-r:"Library/Bee/artifacts/1900b0aE.dag/Unity.Analytics.DataPrivacy.ref.dll"
-r:"Library/Bee/artifacts/1900b0aE.dag/Unity.InternalAPIEngineBridge.004.ref.dll"
-r:"Library/Bee/artifacts/1900b0aE.dag/Unity.Multiplayer.Center.Common.ref.dll"
-r:"Library/Bee/artifacts/1900b0aE.dag/Unity.Multiplayer.Center.Editor.ref.dll"
-r:"Library/Bee/artifacts/1900b0aE.dag/Unity.PlasticSCM.Editor.ref.dll"
-r:"Library/Bee/artifacts/1900b0aE.dag/Unity.Rider.Editor.ref.dll"
-r:"Library/Bee/artifacts/1900b0aE.dag/Unity.Services.Analytics.ref.dll"
-r:"Library/Bee/artifacts/1900b0aE.dag/Unity.Services.Core.Analytics.ref.dll"
-r:"Library/Bee/artifacts/1900b0aE.dag/Unity.Services.Core.Components.ref.dll"
-r:"Library/Bee/artifacts/1900b0aE.dag/Unity.Services.Core.Environments.ref.dll"
-r:"Library/Bee/artifacts/1900b0aE.dag/Unity.Services.Core.ref.dll"
-r:"Library/Bee/artifacts/1900b0aE.dag/Unity.TextMeshPro.Editor.ref.dll"
-r:"Library/Bee/artifacts/1900b0aE.dag/Unity.TextMeshPro.ref.dll"
-r:"Library/Bee/artifacts/1900b0aE.dag/Unity.Timeline.Editor.ref.dll"
-r:"Library/Bee/artifacts/1900b0aE.dag/Unity.Timeline.ref.dll"
-r:"Library/Bee/artifacts/1900b0aE.dag/Unity.VisualStudio.Editor.ref.dll"
-r:"Library/Bee/artifacts/1900b0aE.dag/UnityEditor.Purchasing.ref.dll"
-r:"Library/Bee/artifacts/1900b0aE.dag/UnityEditor.SpatialTracking.ref.dll"
-r:"Library/Bee/artifacts/1900b0aE.dag/UnityEditor.UI.Analytics.ref.dll"
-r:"Library/Bee/artifacts/1900b0aE.dag/UnityEditor.UI.ref.dll"
-r:"Library/Bee/artifacts/1900b0aE.dag/UnityEditor.XR.LegacyInputHelpers.ref.dll"
-r:"Library/Bee/artifacts/1900b0aE.dag/UnityEngine.Purchasing.Codeless.ref.dll"
-r:"Library/Bee/artifacts/1900b0aE.dag/UnityEngine.Purchasing.ref.dll"
-r:"Library/Bee/artifacts/1900b0aE.dag/UnityEngine.Purchasing.SecurityCore.ref.dll"
-r:"Library/Bee/artifacts/1900b0aE.dag/UnityEngine.Purchasing.SecurityStub.ref.dll"
-r:"Library/Bee/artifacts/1900b0aE.dag/UnityEngine.Purchasing.Stores.ref.dll"
-r:"Library/Bee/artifacts/1900b0aE.dag/UnityEngine.SpatialTracking.ref.dll"
-r:"Library/Bee/artifacts/1900b0aE.dag/UnityEngine.UI.ref.dll"
-r:"Library/Bee/artifacts/1900b0aE.dag/UnityEngine.XR.LegacyInputHelpers.ref.dll"
-analyzer:"C:/Program Files/Unity/Hub/Editor/6000.5.3f1/Editor/Data/BCLExtensions/TargetingPacks/netstandard2.1/analyzers/dotnet/roslyn4.0/cs/Microsoft.Extensions.Logging.Generators.dll"
-analyzer:"C:/Program Files/Unity/Hub/Editor/6000.5.3f1/Editor/Data/BCLExtensions/TargetingPacks/netstandard2.1/analyzers/dotnet/roslyn4.0/cs/System.Text.Json.SourceGeneration.dll"
-analyzer:"C:/Program Files/Unity/Hub/Editor/6000.5.3f1/Editor/Data/Tools/BuildPipeline/Unity.Analyzers.Common/Unity.Analyzers.Common.dll"
-analyzer:"C:/Program Files/Unity/Hub/Editor/6000.5.3f1/Editor/Data/Tools/BuildPipeline/Unity.Analyzers.LongLiving/Unity.Analyzers.LongLiving.dll"
-analyzer:"C:/Program Files/Unity/Hub/Editor/6000.5.3f1/Editor/Data/Tools/BuildPipeline/Unity.SourceGenerators/Unity.Properties.SourceGenerator.dll"
-analyzer:"C:/Program Files/Unity/Hub/Editor/6000.5.3f1/Editor/Data/Tools/BuildPipeline/Unity.SourceGenerators/Unity.SourceGenerators.dll"
-analyzer:"C:/Program Files/Unity/Hub/Editor/6000.5.3f1/Editor/Data/Tools/BuildPipeline/Unity.SourceGenerators/Unity.UIToolkit.SourceGenerator.dll"
"Assets/Scripts/Assembly-CSharp/AchievementCategoryPublisher.cs"
"Assets/Scripts/Assembly-CSharp/AchievementListener.cs"
"Assets/Scripts/Assembly-CSharp/AchievementManager.cs"
"Assets/Scripts/Assembly-CSharp/AchievementPanelPublisher.cs"
"Assets/Scripts/Assembly-CSharp/AchievementUI.cs"
"Assets/Scripts/Assembly-CSharp/AchievementWindowPublisher.cs"
"Assets/Scripts/Assembly-CSharp/ActiveObjectListSwtich.cs"
"Assets/Scripts/Assembly-CSharp/AgeGatePopup.cs"
"Assets/Scripts/Assembly-CSharp/AlternateForm.cs"
"Assets/Scripts/Assembly-CSharp/AnimatedTexture.cs"
"Assets/Scripts/Assembly-CSharp/AnimationDriver.cs"
"Assets/Scripts/Assembly-CSharp/AnimationTire.cs"
"Assets/Scripts/Assembly-CSharp/ApplyEffectDebugUtility.cs"
"Assets/Scripts/Assembly-CSharp/AutoDestructParticleSystem.cs"
"Assets/Scripts/Assembly-CSharp/BarrelLauncher.cs"
"Assets/Scripts/Assembly-CSharp/BarrelSpawner.cs"
"Assets/Scripts/Assembly-CSharp/BaseCarAIState.cs"
"Assets/Scripts/Assembly-CSharp/BaseEffect.cs"
"Assets/Scripts/Assembly-CSharp/BaseMission.cs"
"Assets/Scripts/Assembly-CSharp/BasePickup.cs"
"Assets/Scripts/Assembly-CSharp/BasketBall.cs"
"Assets/Scripts/Assembly-CSharp/BillboardRemover.cs"
"Assets/Scripts/Assembly-CSharp/BlipTrackPublisher.cs"
"Assets/Scripts/Assembly-CSharp/BoatAnchorEffect.cs"
"Assets/Scripts/Assembly-CSharp/BoosterEffect.cs"
"Assets/Scripts/Assembly-CSharp/BoosterPickup.cs"
"Assets/Scripts/Assembly-CSharp/BrakeMission.cs"
"Assets/Scripts/Assembly-CSharp/BreakableObject.cs"
"Assets/Scripts/Assembly-CSharp/BubbleJet.cs"
"Assets/Scripts/Assembly-CSharp/BuyPowerupMission.cs"
"Assets/Scripts/Assembly-CSharp/CameraShake.cs"
"Assets/Scripts/Assembly-CSharp/CameraWobble.cs"
"Assets/Scripts/Assembly-CSharp/CarAI.cs"
"Assets/Scripts/Assembly-CSharp/CarAIPath.cs"
"Assets/Scripts/Assembly-CSharp/CarAIPathManager.cs"
"Assets/Scripts/Assembly-CSharp/CarAIPathRecorder.cs"
"Assets/Scripts/Assembly-CSharp/CarAIPersonality.cs"
"Assets/Scripts/Assembly-CSharp/CarCollider.cs"
"Assets/Scripts/Assembly-CSharp/CarMetrics.cs"
"Assets/Scripts/Assembly-CSharp/CarProgress.cs"
"Assets/Scripts/Assembly-CSharp/CarSnapShot.cs"
"Assets/Scripts/Assembly-CSharp/CartAttributes.cs"
"Assets/Scripts/Assembly-CSharp/CartCustomizerPublisher.cs"
"Assets/Scripts/Assembly-CSharp/CartPart.cs"
"Assets/Scripts/Assembly-CSharp/CartPartList.cs"
"Assets/Scripts/Assembly-CSharp/CartPrimaryTextureProfile.cs"
"Assets/Scripts/Assembly-CSharp/CartSlot.cs"
"Assets/Scripts/Assembly-CSharp/CatchupNotify.cs"
"Assets/Scripts/Assembly-CSharp/CausticsManager.cs"
"Assets/Scripts/Assembly-CSharp/CharacterButtonPublisher.cs"
"Assets/Scripts/Assembly-CSharp/CharacterConfigData.cs"
"Assets/Scripts/Assembly-CSharp/CharacterPreview.cs"
"Assets/Scripts/Assembly-CSharp/CharacterSelectPublisher.cs"
"Assets/Scripts/Assembly-CSharp/CharacterVOController.cs"
"Assets/Scripts/Assembly-CSharp/CharacterVOControllerGameObjectExtender.cs"
"Assets/Scripts/Assembly-CSharp/CheckPowerupUseAchievementListener.cs"
"Assets/Scripts/Assembly-CSharp/ClipReference.cs"
"Assets/Scripts/Assembly-CSharp/CloudSaveData.cs"
"Assets/Scripts/Assembly-CSharp/CloudStrap.cs"
"Assets/Scripts/Assembly-CSharp/Coin.cs"
"Assets/Scripts/Assembly-CSharp/CoinBalanceAchievementListener.cs"
"Assets/Scripts/Assembly-CSharp/CoinPoint.cs"
"Assets/Scripts/Assembly-CSharp/CollectPowerupMission.cs"
"Assets/Scripts/Assembly-CSharp/CombinePowerupMission.cs"
"Assets/Scripts/Assembly-CSharp/CompleteAllMissionsAchievementListener.cs"
"Assets/Scripts/Assembly-CSharp/CompositeProfile.cs"
"Assets/Scripts/Assembly-CSharp/CompositeTextureUtil.cs"
"Assets/Scripts/Assembly-CSharp/ConfirmationPublisher.cs"
"Assets/Scripts/Assembly-CSharp/Crab.cs"
"Assets/Scripts/Assembly-CSharp/CreditsPublisher.cs"
"Assets/Scripts/Assembly-CSharp/CrossFinishLineBackwardsAchievementListener.cs"
"Assets/Scripts/Assembly-CSharp/DailyBonusPublisher.cs"
"Assets/Scripts/Assembly-CSharp/DataUtility.cs"
"Assets/Scripts/Assembly-CSharp/DebugLapButtonPublisher.cs"
"Assets/Scripts/Assembly-CSharp/DebugMoreCoinsPublisher.cs"
"Assets/Scripts/Assembly-CSharp/DebugRaceResultPublisher.cs"
"Assets/Scripts/Assembly-CSharp/DebugRewindDialogPublisher.cs"
"Assets/Scripts/Assembly-CSharp/DebugTrackStrapper.cs"
"Assets/Scripts/Assembly-CSharp/DifficultyMenuPublisher.cs"
"Assets/Scripts/Assembly-CSharp/DriftButton.cs"
"Assets/Scripts/Assembly-CSharp/DriftMission.cs"
"Assets/Scripts/Assembly-CSharp/DriftScalePublisher.cs"
"Assets/Scripts/Assembly-CSharp/DriveAvoidTerrainAIState.cs"
"Assets/Scripts/Assembly-CSharp/DriveHitBeneficialAIState.cs"
"Assets/Scripts/Assembly-CSharp/DrivePickupAIState.cs"
"Assets/Scripts/Assembly-CSharp/DriveWaypointsCarAIState.cs"
"Assets/Scripts/Assembly-CSharp/EffectManager.cs"
"Assets/Scripts/Assembly-CSharp/EnsureGlobals.cs"
"Assets/Scripts/Assembly-CSharp/EquipPaintJobAchievementListener.cs"
"Assets/Scripts/Assembly-CSharp/EquipPartSetAchievementListener.cs"
"Assets/Scripts/Assembly-CSharp/ExplodingBarrel.cs"
"Assets/Scripts/Assembly-CSharp/Explosion.cs"
"Assets/Scripts/Assembly-CSharp/FadeHelper.cs"
"Assets/Scripts/Assembly-CSharp/FinishTheLapMission.cs"
"Assets/Scripts/Assembly-CSharp/FirstPlaceAchievementListener.cs"
"Assets/Scripts/Assembly-CSharp/FlipEffect.cs"
"Assets/Scripts/Assembly-CSharp/FollowCamera.cs"
"Assets/Scripts/Assembly-CSharp/ForwardForceAI.cs"
"Assets/Scripts/Assembly-CSharp/FrontEndCamera.cs"
"Assets/Scripts/Assembly-CSharp/FrontEndCameraTarget.cs"
"Assets/Scripts/Assembly-CSharp/FrontEndLogic.cs"
"Assets/Scripts/Assembly-CSharp/FrontEndTutorialHandler.cs"
"Assets/Scripts/Assembly-CSharp/FrontEndTutorialPublisher.cs"
"Assets/Scripts/Assembly-CSharp/GDMOManager.cs"
"Assets/Scripts/Assembly-CSharp/GenericPopupPublisher.cs"
"Assets/Scripts/Assembly-CSharp/GetHitByTrackHazardAchievementListener.cs"
"Assets/Scripts/Assembly-CSharp/GimpedCarAI.cs"
"Assets/Scripts/Assembly-CSharp/GuidedJumpEffect.cs"
"Assets/Scripts/Assembly-CSharp/GuidedJumpTrigger.cs"
"Assets/Scripts/Assembly-CSharp/HUDLogic.cs"
"Assets/Scripts/Assembly-CSharp/HitMaxSpeedAchievementListener.cs"
"Assets/Scripts/Assembly-CSharp/InRaceAquirePickupListener.cs"
"Assets/Scripts/Assembly-CSharp/InputBlocker.cs"
"Assets/Scripts/Assembly-CSharp/LaserLogic.cs"
"Assets/Scripts/Assembly-CSharp/LastPlaceAchievementListener.cs"
"Assets/Scripts/Assembly-CSharp/LifetimeInAirAchievementListener.cs"
"Assets/Scripts/Assembly-CSharp/LifetimeMetrics.cs"
"Assets/Scripts/Assembly-CSharp/LifetimeOpponentHitsAchievementListener.cs"
"Assets/Scripts/Assembly-CSharp/LifetimePowerupCollectionAchievementListener.cs"
"Assets/Scripts/Assembly-CSharp/LiftControlAI.cs"
"Assets/Scripts/Assembly-CSharp/LoadSpin.cs"
"Assets/Scripts/Assembly-CSharp/LoadingPublisher.cs"
"Assets/Scripts/Assembly-CSharp/LocalOptionsData.cs"
"Assets/Scripts/Assembly-CSharp/LocalizeCloudStrap.cs"
"Assets/Scripts/Assembly-CSharp/LocalizedAssetSwapper.cs"
"Assets/Scripts/Assembly-CSharp/LowEndInhibitor.cs"
"Assets/Scripts/Assembly-CSharp/MakePlaceAchievementListener.cs"
"Assets/Scripts/Assembly-CSharp/MaxCrashSpeedAchievementListener.cs"
"Assets/Scripts/Assembly-CSharp/MetaMissionGroupAchievementListener.cs"
"Assets/Scripts/Assembly-CSharp/MineAI.cs"
"Assets/Scripts/Assembly-CSharp/MineEffect.cs"
"Assets/Scripts/Assembly-CSharp/MineNotifyPublisher.cs"
"Assets/Scripts/Assembly-CSharp/MinePickup.cs"
"Assets/Scripts/Assembly-CSharp/MineSpreaderAI.cs"
"Assets/Scripts/Assembly-CSharp/MissionCollection.cs"
"Assets/Scripts/Assembly-CSharp/MissionDialogPublisher.cs"
"Assets/Scripts/Assembly-CSharp/MissionManager.cs"
"Assets/Scripts/Assembly-CSharp/MoreDisneyLogic.cs"
"Assets/Scripts/Assembly-CSharp/MultilayerTexture.cs"
"Assets/Scripts/Assembly-CSharp/MultilayerTextureBundleDef.cs"
"Assets/Scripts/Assembly-CSharp/MusicPlayer.cs"
"Assets/Scripts/Assembly-CSharp/ObjectGroupList.cs"
"Assets/Scripts/Assembly-CSharp/ObjectTrackDistanceLogic.cs"
"Assets/Scripts/Assembly-CSharp/PaintJob.cs"
"Assets/Scripts/Assembly-CSharp/PaintSlotPublisher.cs"
"Assets/Scripts/Assembly-CSharp/ParticleLibrary.cs"
"Assets/Scripts/Assembly-CSharp/ParticleReducer.cs"
"Assets/Scripts/Assembly-CSharp/ParticleSystemDestroy.cs"
"Assets/Scripts/Assembly-CSharp/PathMoverAI.cs"
"Assets/Scripts/Assembly-CSharp/PauseMission.cs"
"Assets/Scripts/Assembly-CSharp/PausePublisher.cs"
"Assets/Scripts/Assembly-CSharp/PickupCoinsPerRaceAchievementListener.cs"
"Assets/Scripts/Assembly-CSharp/PickupSpawner.cs"
"Assets/Scripts/Assembly-CSharp/PieAttack.cs"
"Assets/Scripts/Assembly-CSharp/PieHitEffect.cs"
"Assets/Scripts/Assembly-CSharp/PieLauncher.cs"
"Assets/Scripts/Assembly-CSharp/PieSplat.cs"
"Assets/Scripts/Assembly-CSharp/PlaceWithNoPowerupsAchievementListener.cs"
"Assets/Scripts/Assembly-CSharp/PlayMenuPublisher.cs"
"Assets/Scripts/Assembly-CSharp/PlaySummaryPublisher.cs"
"Assets/Scripts/Assembly-CSharp/PlayerAccelControl.cs"
"Assets/Scripts/Assembly-CSharp/PlayerControlLinker.cs"
"Assets/Scripts/Assembly-CSharp/PlayerInstance.cs"
"Assets/Scripts/Assembly-CSharp/PlayerKeyboardControl.cs"
"Assets/Scripts/Assembly-CSharp/PopoverPublisher.cs"
"Assets/Scripts/Assembly-CSharp/PowerSlideBoostAchievementListener.cs"
"Assets/Scripts/Assembly-CSharp/PowerupHitInAirAchievementListener.cs"
"Assets/Scripts/Assembly-CSharp/PowerupHolder.cs"
"Assets/Scripts/Assembly-CSharp/PowerupMagnet.cs"
"Assets/Scripts/Assembly-CSharp/PreFrontEndHoop.cs"
"Assets/Scripts/Assembly-CSharp/PreRaceCamera.cs"
"Assets/Scripts/Assembly-CSharp/PreviewCart.cs"
"Assets/Scripts/Assembly-CSharp/ProgressTriggerLogic.cs"
"Assets/Scripts/Assembly-CSharp/Properties/AssemblyInfo.cs"
"Assets/Scripts/Assembly-CSharp/PyroTechnics.cs"
"Assets/Scripts/Assembly-CSharp/QualityControl.cs"
"Assets/Scripts/Assembly-CSharp/RaceManager.cs"
"Assets/Scripts/Assembly-CSharp/RaceResults.cs"
"Assets/Scripts/Assembly-CSharp/RaceResultsPublisher.cs"
"Assets/Scripts/Assembly-CSharp/RaceSettings.cs"
"Assets/Scripts/Assembly-CSharp/RandomShotEffect.cs"
"Assets/Scripts/Assembly-CSharp/ResetTrigger.cs"
"Assets/Scripts/Assembly-CSharp/ReverseButton.cs"
"Assets/Scripts/Assembly-CSharp/RewbieShimmer.cs"
"Assets/Scripts/Assembly-CSharp/RewindDialogPublisher.cs"
"Assets/Scripts/Assembly-CSharp/RewindLapSlotPublisher.cs"
"Assets/Scripts/Assembly-CSharp/RocketAI.cs"
"Assets/Scripts/Assembly-CSharp/RocketEffect.cs"
"Assets/Scripts/Assembly-CSharp/RocketPickup.cs"
"Assets/Scripts/Assembly-CSharp/RocketRideEffect.cs"
"Assets/Scripts/Assembly-CSharp/RocketRideRemover.cs"
"Assets/Scripts/Assembly-CSharp/RotatorAI.cs"
"Assets/Scripts/Assembly-CSharp/RuntimeEditorUtils.cs"
"Assets/Scripts/Assembly-CSharp/ScreenFader.cs"
"Assets/Scripts/Assembly-CSharp/ScreenTimeoutController.cs"
"Assets/Scripts/Assembly-CSharp/SelectCircuitPublisher.cs"
"Assets/Scripts/Assembly-CSharp/SettingsMenuPublisher.cs"
"Assets/Scripts/Assembly-CSharp/ShadowBlob.cs"
"Assets/Scripts/Assembly-CSharp/ShieldEffect.cs"
"Assets/Scripts/Assembly-CSharp/ShieldPickup.cs"
"Assets/Scripts/Assembly-CSharp/ShiftContentsOnButtonDown.cs"
"Assets/Scripts/Assembly-CSharp/ShiftContentsOnToggleDown.cs"
"Assets/Scripts/Assembly-CSharp/ShiftUIPublisher.cs"
"Assets/Scripts/Assembly-CSharp/ShockedEffect.cs"
"Assets/Scripts/Assembly-CSharp/ShotDroneAI.cs"
"Assets/Scripts/Assembly-CSharp/SkidEffect.cs"
"Assets/Scripts/Assembly-CSharp/SlowdownEffect.cs"
"Assets/Scripts/Assembly-CSharp/SmashEffect.cs"
"Assets/Scripts/Assembly-CSharp/SnapShotInfo.cs"
"Assets/Scripts/Assembly-CSharp/SoundLibrary.cs"
"Assets/Scripts/Assembly-CSharp/SoundLibraryAddendum.cs"
"Assets/Scripts/Assembly-CSharp/SoundPackage.cs"
"Assets/Scripts/Assembly-CSharp/SoundPackageLoadReference.cs"
"Assets/Scripts/Assembly-CSharp/SoundPackageManager.cs"
"Assets/Scripts/Assembly-CSharp/SoundPackageReference.cs"
"Assets/Scripts/Assembly-CSharp/SoundSequencer.cs"
"Assets/Scripts/Assembly-CSharp/SourceFactory.cs"
"Assets/Scripts/Assembly-CSharp/SpeedPoint.cs"
"Assets/Scripts/Assembly-CSharp/SpendCoinsOverLifetimeAchievementListener.cs"
"Assets/Scripts/Assembly-CSharp/SphereMoverAI.cs"
"Assets/Scripts/Assembly-CSharp/SphereMoverCollider.cs"
"Assets/Scripts/Assembly-CSharp/SpreadMineEffect.cs"
"Assets/Scripts/Assembly-CSharp/SpringConnection.cs"
"Assets/Scripts/Assembly-CSharp/SpringTrigger.cs"
"Assets/Scripts/Assembly-CSharp/StreamManager.cs"
"Assets/Scripts/Assembly-CSharp/StreamTest.cs"
"Assets/Scripts/Assembly-CSharp/StreamedMultilayerTexture.cs"
"Assets/Scripts/Assembly-CSharp/TeleportEffect.cs"
"Assets/Scripts/Assembly-CSharp/TeleportTrigger.cs"
"Assets/Scripts/Assembly-CSharp/TerrainEffectTrigger.cs"
"Assets/Scripts/Assembly-CSharp/TimeInAirAchievementListener.cs"
"Assets/Scripts/Assembly-CSharp/TouchTurnTrack.cs"
"Assets/Scripts/Assembly-CSharp/TrackSelectPublisher.cs"
"Assets/Scripts/Assembly-CSharp/TrackUnlockHelper.cs"
"Assets/Scripts/Assembly-CSharp/TriFoot.cs"
"Assets/Scripts/Assembly-CSharp/TripLine.cs"
"Assets/Scripts/Assembly-CSharp/TripLineEffect.cs"
"Assets/Scripts/Assembly-CSharp/TurkeyGooShooter.cs"
"Assets/Scripts/Assembly-CSharp/TurnMission.cs"
"Assets/Scripts/Assembly-CSharp/TutorialLauncherPublisher.cs"
"Assets/Scripts/Assembly-CSharp/UFOLogic.cs"
"Assets/Scripts/Assembly-CSharp/UVScroller.cs"
"Assets/Scripts/Assembly-CSharp/UghHeldButton.cs"
"Assets/Scripts/Assembly-CSharp/UnlockAchievementListener.cs"
"Assets/Scripts/Assembly-CSharp/UnlockedCircuitPublisher.cs"
"Assets/Scripts/Assembly-CSharp/UseAPowerupAchievementListener.cs"
"Assets/Scripts/Assembly-CSharp/UsePowerupAIState.cs"
"Assets/Scripts/Assembly-CSharp/UsePowerupAgainstOpponentAchievementListener.cs"
"Assets/Scripts/Assembly-CSharp/UsePowerupMission.cs"
"Assets/Scripts/Assembly-CSharp/VolumeSlider.cs"
"Assets/Scripts/Assembly-CSharp/WaypointLogic.cs"
"Assets/Scripts/Assembly-CSharp/WhoopieCushion.cs"
"Assets/Scripts/Assembly-CSharp/WipeoutEffect.cs"
"Assets/Scripts/Assembly-UnityScript/Car_Script.cs"
"Assets/Scripts/Assembly-UnityScript/Plane_Script.cs"
"Assets/Scripts/Assembly-UnityScript/Properties/AssemblyInfo.cs"
"Assets/Scripts/Assembly-UnityScript/WheelData.cs"
-langversion:9.0
/deterministic
/optimize+
/debug:portable
/nologo
/RuntimeMetadataVersion:v4.0.30319
/nowarn:0169
/nowarn:0649
/nowarn:0282
/nowarn:1701
/nowarn:1702
/utf8output
/preferreduilang:en-US
/additionalfile:"Library/Bee/artifacts/1900b0aE.dag/Assembly-CSharp.UnityAdditionalFile.txt"
##### Custom Environment Variables
DOTNET_HOST_PATH=C:\Program Files\Unity\Hub\Editor\6000.5.3f1\Editor\Data\DotNetSdk\dotnet.exe
DOTNET_MULTILEVEL_LOOKUP=0
##### ExitCode
1
##### Output
Assets\Scripts\Assembly-UnityScript\Properties\AssemblyInfo.cs(4,12): error CS0579: Duplicate 'AssemblyVersion' attribute

Assets\Scripts\Assembly-CSharp\BasePickup.cs(9,10): error CS0246: The type or namespace name 'ParticleEmitter' could not be found (are you missing a using directive or an assembly reference?)

Assets\Scripts\Assembly-CSharp\StreamManager.cs(20,10): warning CS0618: 'WWW' is obsolete: 'Use UnityWebRequest, a fully featured replacement which is more efficient and has additional features'
*** Tundra build failed (0.47 seconds), 1 items updated, 706 evaluated
## Script Compilation Error for: Csc Library/Bee/artifacts/1900b0aE.dag/Assembly-CSharp.dll (+2 others)
## CmdLine: "C:\Program Files\Unity\Hub\Editor\6000.5.3f1\Editor\Data\DotNetSdk\dotnet.exe" exec "C:/Program Files/Unity/Hub/Editor/6000.5.3f1/Editor/Data/DotNetSdk/sdk/8.0.318/Roslyn/bincore/csc.dll" /nostdlib /noconfig /shared "@Library/Bee/artifacts/1900b0aE.dag/Assembly-CSharp.rsp" "@Library/Bee/artifacts/1900b0aE.dag/Assembly-CSharp.rsp2"
## Output:
Assets\Scripts\Assembly-UnityScript\Properties\AssemblyInfo.cs(4,12): error CS0579: Duplicate 'AssemblyVersion' attribute
Assets\Scripts\Assembly-CSharp\BasePickup.cs(9,10): error CS0246: The type or namespace name 'ParticleEmitter' could not be found (are you missing a using directive or an assembly reference?)
Assets\Scripts\Assembly-CSharp\StreamManager.cs(20,10): warning CS0618: 'WWW' is obsolete: 'Use UnityWebRequest, a fully featured replacement which is more efficient and has additional features'

Assets\Plugins\Assembly-CSharp-firstpass\Script.cs(93,18): warning CS0108: 'Script.Instantiate<T>(T, Vector3, Quaternion)' hides inherited member 'Object.Instantiate<T>(T, Vector3, Quaternion)'. Use the new keyword if hiding was intended.
Assets\Plugins\Assembly-CSharp-firstpass\Script.cs(98,18): warning CS0108: 'Script.Instantiate<T>(T)' hides inherited member 'Object.Instantiate<T>(T)'. Use the new keyword if hiding was intended.
Assets\Scripts\Assembly-UnityScript\Properties\AssemblyInfo.cs(4,12): error CS0579: Duplicate 'AssemblyVersion' attribute
Assets\Scripts\Assembly-CSharp\BasePickup.cs(9,10): error CS0246: The type or namespace name 'ParticleEmitter' could not be found (are you missing a using directive or an assembly reference?)
Assets\Scripts\Assembly-CSharp\StreamManager.cs(20,10): warning CS0618: 'WWW' is obsolete: 'Use UnityWebRequest, a fully featured replacement which is more efficient and has additional features'
Total cache size 13062152
Total cache size after purge 13062152, took 00:00:00.0515483
AssetDatabase: script compilation time: 39.531906s
[ScriptCompilation] Requested script compilation because: AssetDatabase observed changes in script compilation related files
Starting: C:\Program Files\Unity\Hub\Editor\6000.5.3f1\Editor\Data\Tools\BuildPipeline\bee_backend.exe --ipc --defer-dag-verification --dagfile="Library/Bee/1900b0aE.dag" --continue-on-failure --profile="Library/Bee/backend1.traceevents" ScriptAssemblies
WorkingDir: C:/Users/STEEP/Documents/game/phase4_reconstruction/Unity6Project
## Script Compilation Error for: Csc Library/Bee/artifacts/1900b0aE.dag/Assembly-CSharp.dll (+2 others)
## CmdLine: "C:\Program Files\Unity\Hub\Editor\6000.5.3f1\Editor\Data\DotNetSdk\dotnet.exe" exec "C:/Program Files/Unity/Hub/Editor/6000.5.3f1/Editor/Data/DotNetSdk/sdk/8.0.318/Roslyn/bincore/csc.dll" /nostdlib /noconfig /shared "@Library/Bee/artifacts/1900b0aE.dag/Assembly-CSharp.rsp" "@Library/Bee/artifacts/1900b0aE.dag/Assembly-CSharp.rsp2"
## Output:
Assets\Scripts\Assembly-UnityScript\Properties\AssemblyInfo.cs(4,12): error CS0579: Duplicate 'AssemblyVersion' attribute
Assets\Scripts\Assembly-CSharp\BasePickup.cs(9,10): error CS0246: The type or namespace name 'ParticleEmitter' could not be found (are you missing a using directive or an assembly reference?)
Assets\Scripts\Assembly-CSharp\StreamManager.cs(20,10): warning CS0618: 'WWW' is obsolete: 'Use UnityWebRequest, a fully featured replacement which is more efficient and has additional features'

Assets\Scripts\Assembly-UnityScript\Properties\AssemblyInfo.cs(4,12): error CS0579: Duplicate 'AssemblyVersion' attribute
Assets\Scripts\Assembly-CSharp\BasePickup.cs(9,10): error CS0246: The type or namespace name 'ParticleEmitter' could not be found (are you missing a using directive or an assembly reference?)
Assets\Scripts\Assembly-CSharp\StreamManager.cs(20,10): warning CS0618: 'WWW' is obsolete: 'Use UnityWebRequest, a fully featured replacement which is more efficient and has additional features'
ExitCode: 3 Duration: 0s373ms
[703/706    0s] Csc Library/Bee/artifacts/1900b0aE.dag/Assembly-CSharp.dll (+2 others)
##### CommandLine
"C:\Program Files\Unity\Hub\Editor\6000.5.3f1\Editor\Data\DotNetSdk\dotnet.exe" exec "C:/Program Files/Unity/Hub/Editor/6000.5.3f1/Editor/Data/DotNetSdk/sdk/8.0.318/Roslyn/bincore/csc.dll" /nostdlib /noconfig /shared "@Library/Bee/artifacts/1900b0aE.dag/Assembly-CSharp.rsp" "@Library/Bee/artifacts/1900b0aE.dag/Assembly-CSharp.rsp2"
##### Contents of Library\Bee\artifacts\1900b0aE.dag\Assembly-CSharp.rsp
-target:library
-out:"Library/Bee/artifacts/1900b0aE.dag/Assembly-CSharp.dll"
-refout:"Library/Bee/artifacts/1900b0aE.dag/Assembly-CSharp.ref.dll"
-define:UNITY_6000_5_3
-define:UNITY_6000_5
-define:UNITY_6000
-define:UNITY_5_3_OR_NEWER
-define:UNITY_5_4_OR_NEWER
-define:UNITY_5_5_OR_NEWER
-define:UNITY_5_6_OR_NEWER
-define:UNITY_2017_1_OR_NEWER
-define:UNITY_2017_2_OR_NEWER
-define:UNITY_2017_3_OR_NEWER
-define:UNITY_2017_4_OR_NEWER
-define:UNITY_2018_1_OR_NEWER
-define:UNITY_2018_2_OR_NEWER
-define:UNITY_2018_3_OR_NEWER
-define:UNITY_2018_4_OR_NEWER
-define:UNITY_2019_1_OR_NEWER
-define:UNITY_2019_2_OR_NEWER
-define:UNITY_2019_3_OR_NEWER
-define:UNITY_2019_4_OR_NEWER
-define:UNITY_2020_1_OR_NEWER
-define:UNITY_2020_2_OR_NEWER
-define:UNITY_2020_3_OR_NEWER
-define:UNITY_2021_1_OR_NEWER
-define:UNITY_2021_2_OR_NEWER
-define:UNITY_2021_3_OR_NEWER
-define:UNITY_2022_1_OR_NEWER
-define:UNITY_2022_2_OR_NEWER
-define:UNITY_2022_3_OR_NEWER
-define:UNITY_2023_1_OR_NEWER
-define:UNITY_2023_2_OR_NEWER
-define:UNITY_2023_3_OR_NEWER
-define:UNITY_6000_0_OR_NEWER
-define:UNITY_6000_1_OR_NEWER
-define:UNITY_6000_2_OR_NEWER
-define:UNITY_6000_3_OR_NEWER
-define:UNITY_6000_4_OR_NEWER
-define:UNITY_6000_5_OR_NEWER
-define:PLATFORM_ARCH_64
-define:UNITY_64
-define:UNITY_INCLUDE_TESTS
-define:ENABLE_AR
-define:ENABLE_AUDIO
-define:ENABLE_AUDIO_SCRIPTABLE_PIPELINE
-define:ENABLE_CACHING
-define:ENABLE_CLOTH
-define:ENABLE_EVENT_QUEUE
-define:ENABLE_MICROPHONE
-define:ENABLE_MULTIPLE_DISPLAYS
-define:ENABLE_PHYSICS
-define:ENABLE_TEXTURE_STREAMING
-define:ENABLE_VIRTUALTEXTURING
-define:ENABLE_LZMA
-define:ENABLE_UNITYEVENTS
-define:ENABLE_VR
-define:ENABLE_WEBCAM
-define:ENABLE_UNITYWEBREQUEST
-define:ENABLE_WWW
-define:ENABLE_CLOUD_SERVICES
-define:ENABLE_CLOUD_SERVICES_ADS
-define:ENABLE_CLOUD_SERVICES_USE_WEBREQUEST
-define:ENABLE_UNITY_CONSENT
-define:ENABLE_UNITY_CLOUD_IDENTIFIERS
-define:ENABLE_CLOUD_SERVICES_CRASH_REPORTING
-define:ENABLE_CLOUD_SERVICES_NATIVE_CRASH_REPORTING
-define:ENABLE_CLOUD_SERVICES_PURCHASING
-define:ENABLE_CLOUD_SERVICES_ANALYTICS
-define:ENABLE_CLOUD_SERVICES_BUILD
-define:ENABLE_EDITOR_GAME_SERVICES
-define:ENABLE_UNITY_GAME_SERVICES_ANALYTICS_SUPPORT
-define:ENABLE_CLOUD_LICENSE
-define:ENABLE_EDITOR_HUB_LICENSE
-define:ENABLE_WEBSOCKET_CLIENT
-define:ENABLE_GENERATE_NATIVE_PLUGINS_FOR_ASSEMBLIES_API
-define:ENABLE_DIRECTOR_AUDIO
-define:ENABLE_DIRECTOR_TEXTURE
-define:ENABLE_MANAGED_JOBS
-define:ENABLE_MANAGED_TRANSFORM_JOBS
-define:ENABLE_MANAGED_ANIMATION_JOBS
-define:ENABLE_MANAGED_AUDIO_JOBS
-define:ENABLE_MANAGED_UNITYTLS
-define:INCLUDE_DYNAMIC_GI
-define:ENABLE_SCRIPTING_GC_WBARRIERS
-define:PLATFORM_SUPPORTS_MONO
-define:RENDER_SOFTWARE_CURSOR
-define:ENABLE_MARSHALLING_TESTS
-define:ENABLE_VIDEO
-define:ENABLE_NAVIGATION_OFFMESHLINK_TO_NAVMESHLINK
-define:ENABLE_ACCELERATOR_CLIENT_DEBUGGING
-define:ENABLE_ACCESSIBILITY_SCREEN_READER
-define:TEXTCORE_1_0_OR_NEWER
-define:EDITOR_ONLY_NAVMESH_BUILDER_DEPRECATED
-define:PLATFORM_STANDALONE_WIN
-define:PLATFORM_STANDALONE
-define:UNITY_STANDALONE_WIN
-define:UNITY_STANDALONE
-define:ENABLE_RUNTIME_GI
-define:ENABLE_MOVIES
-define:ENABLE_NETWORK
-define:ENABLE_NVIDIA
-define:ENABLE_AMD
-define:ENABLE_CRUNCH_TEXTURE_COMPRESSION
-define:ENABLE_CLOUD_SERVICES_ENGINE_DIAGNOSTICS
-define:ENABLE_OUT_OF_PROCESS_CRASH_HANDLER
-define:ENABLE_CLUSTER_SYNC
-define:ENABLE_CLUSTERINPUT
-define:PLATFORM_UPDATES_TIME_OUTSIDE_OF_PLAYER_LOOP
-define:GFXDEVICE_WAITFOREVENT_MESSAGEPUMP
-define:PLATFORM_USES_EXPLICIT_MEMORY_MANAGER_INITIALIZER
-define:PLATFORM_SUPPORTS_WAIT_FOR_PRESENTATION
-define:PLATFORM_SUPPORTS_SPLIT_GRAPHICS_JOBS
-define:PLATFORM_USES_VULKAN_OLD_SWAPCHAIN
-define:USE_READ_ASYNC_MANAGED_API
-define:ENABLE_MONO
-define:NET_4_6
-define:NET_UNITY_4_8
-define:ENABLE_PROFILER
-define:DEBUG
-define:TRACE
-define:UNITY_ASSERTIONS
-define:UNITY_EDITOR
-define:UNITY_EDITOR_64
-define:UNITY_EDITOR_WIN
-define:ENABLE_UNITY_COLLECTIONS_CHECKS
-define:ENABLE_BURST_AOT
-define:UNITY_TEAM_LICENSE
-define:ENABLE_CUSTOM_RENDER_TEXTURE
-define:ENABLE_DIRECTOR
-define:ENABLE_LOCALIZATION
-define:ENABLE_SPRITES
-define:ENABLE_TERRAIN
-define:ENABLE_TILEMAP
-define:ENABLE_TIMELINE
-define:ENABLE_LEGACY_INPUT_MANAGER
-define:TEXTCORE_FONT_ENGINE_1_5_OR_NEWER
-define:TEXTCORE_TEXT_ENGINE_1_5_OR_NEWER
-define:TEXTCORE_FONT_ENGINE_1_6_OR_NEWER
-define:CSHARP_7_OR_LATER
-define:CSHARP_7_3_OR_NEWER
-r:"C:/Program Files/Unity/Hub/Editor/6000.5.3f1/Editor/Data/BCLExtensions/TargetingPacks/netstandard2.1/ref/Microsoft.Bcl.AsyncInterfaces.dll"
-r:"C:/Program Files/Unity/Hub/Editor/6000.5.3f1/Editor/Data/BCLExtensions/TargetingPacks/netstandard2.1/ref/Microsoft.Extensions.DependencyInjection.Abstractions.dll"
-r:"C:/Program Files/Unity/Hub/Editor/6000.5.3f1/Editor/Data/BCLExtensions/TargetingPacks/netstandard2.1/ref/Microsoft.Extensions.Logging.Abstractions.dll"
-r:"C:/Program Files/Unity/Hub/Editor/6000.5.3f1/Editor/Data/BCLExtensions/TargetingPacks/netstandard2.1/ref/System.Collections.Immutable.dll"
-r:"C:/Program Files/Unity/Hub/Editor/6000.5.3f1/Editor/Data/BCLExtensions/TargetingPacks/netstandard2.1/ref/System.Diagnostics.DiagnosticSource.dll"
-r:"C:/Program Files/Unity/Hub/Editor/6000.5.3f1/Editor/Data/BCLExtensions/TargetingPacks/netstandard2.1/ref/System.IO.Hashing.dll"
-r:"C:/Program Files/Unity/Hub/Editor/6000.5.3f1/Editor/Data/BCLExtensions/TargetingPacks/netstandard2.1/ref/System.Reflection.Metadata.dll"
-r:"C:/Program Files/Unity/Hub/Editor/6000.5.3f1/Editor/Data/BCLExtensions/TargetingPacks/netstandard2.1/ref/System.Runtime.CompilerServices.Unsafe.dll"
-r:"C:/Program Files/Unity/Hub/Editor/6000.5.3f1/Editor/Data/BCLExtensions/TargetingPacks/netstandard2.1/ref/System.Text.Encodings.Web.dll"
-r:"C:/Program Files/Unity/Hub/Editor/6000.5.3f1/Editor/Data/BCLExtensions/TargetingPacks/netstandard2.1/ref/System.Text.Json.dll"
-r:"C:/Program Files/Unity/Hub/Editor/6000.5.3f1/Editor/Data/Managed/UnityEngine/Unity.Scripting.dll"
-r:"C:/Program Files/Unity/Hub/Editor/6000.5.3f1/Editor/Data/Managed/UnityEngine/UnityEditor.AIModule.dll"
-r:"C:/Program Files/Unity/Hub/Editor/6000.5.3f1/Editor/Data/Managed/UnityEngine/UnityEditor.AccessibilityModule.dll"
-r:"C:/Program Files/Unity/Hub/Editor/6000.5.3f1/Editor/Data/Managed/UnityEngine/UnityEditor.AdaptivePerformanceModule.dll"
-r:"C:/Program Files/Unity/Hub/Editor/6000.5.3f1/Editor/Data/Managed/UnityEngine/UnityEditor.AssetComplianceModule.dll"
-r:"C:/Program Files/Unity/Hub/Editor/6000.5.3f1/Editor/Data/Managed/UnityEngine/UnityEditor.BuildProfileModule.dll"
-r:"C:/Program Files/Unity/Hub/Editor/6000.5.3f1/Editor/Data/Managed/UnityEngine/UnityEditor.ClothModule.dll"
-r:"C:/Program Files/Unity/Hub/Editor/6000.5.3f1/Editor/Data/Managed/UnityEngine/UnityEditor.ContentLoadModule.dll"
-r:"C:/Program Files/Unity/Hub/Editor/6000.5.3f1/Editor/Data/Managed/UnityEngine/UnityEditor.CoreBusinessMetricsModule.dll"
-r:"C:/Program Files/Unity/Hub/Editor/6000.5.3f1/Editor/Data/Managed/UnityEngine/UnityEditor.CoreModule.dll"
-r:"C:/Program Files/Unity/Hub/Editor/6000.5.3f1/Editor/Data/Managed/UnityEngine/UnityEditor.DeviceSimulatorModule.dll"
-r:"C:/Program Files/Unity/Hub/Editor/6000.5.3f1/Editor/Data/Managed/UnityEngine/UnityEditor.DiagnosticsModule.dll"
-r:"C:/Program Files/Unity/Hub/Editor/6000.5.3f1/Editor/Data/Managed/UnityEngine/UnityEditor.EditorToolbarModule.dll"
-r:"C:/Program Files/Unity/Hub/Editor/6000.5.3f1/Editor/Data/Managed/UnityEngine/UnityEditor.EmbreeModule.dll"
-r:"C:/Program Files/Unity/Hub/Editor/6000.5.3f1/Editor/Data/Managed/UnityEngine/UnityEditor.GIModule.dll"
-r:"C:/Program Files/Unity/Hub/Editor/6000.5.3f1/Editor/Data/Managed/UnityEngine/UnityEditor.GenericRemoteModule.dll"
-r:"C:/Program Files/Unity/Hub/Editor/6000.5.3f1/Editor/Data/Managed/UnityEngine/UnityEditor.GraphToolkitModule.dll"
-r:"C:/Program Files/Unity/Hub/Editor/6000.5.3f1/Editor/Data/Managed/UnityEngine/UnityEditor.GraphViewModule.dll"
-r:"C:/Program Files/Unity/Hub/Editor/6000.5.3f1/Editor/Data/Managed/UnityEngine/UnityEditor.GraphicsStateCollectionSerializerModule.dll"
-r:"C:/Program Files/Unity/Hub/Editor/6000.5.3f1/Editor/Data/Managed/UnityEngine/UnityEditor.GridAndSnapModule.dll"
-r:"C:/Program Files/Unity/Hub/Editor/6000.5.3f1/Editor/Data/Managed/UnityEngine/UnityEditor.GridModule.dll"
-r:"C:/Program Files/Unity/Hub/Editor/6000.5.3f1/Editor/Data/Managed/UnityEngine/UnityEditor.HierarchyModule.dll"
-r:"C:/Program Files/Unity/Hub/Editor/6000.5.3f1/Editor/Data/Managed/UnityEngine/UnityEditor.LightingModule.dll"
-r:"C:/Program Files/Unity/Hub/Editor/6000.5.3f1/Editor/Data/Managed/UnityEngine/UnityEditor.MathematicsModule.dll"
-r:"C:/Program Files/Unity/Hub/Editor/6000.5.3f1/Editor/Data/Managed/UnityEngine/UnityEditor.MediaModule.dll"
-r:"C:/Program Files/Unity/Hub/Editor/6000.5.3f1/Editor/Data/Managed/UnityEngine/UnityEditor.MultiplayerModule.dll"
-r:"C:/Program Files/Unity/Hub/Editor/6000.5.3f1/Editor/Data/Managed/UnityEngine/UnityEditor.Physics2DModule.dll"
-r:"C:/Program Files/Unity/Hub/Editor/6000.5.3f1/Editor/Data/Managed/UnityEngine/UnityEditor.PhysicsCore2DModule.dll"
-r:"C:/Program Files/Unity/Hub/Editor/6000.5.3f1/Editor/Data/Managed/UnityEngine/UnityEditor.PhysicsModule.dll"
-r:"C:/Program Files/Unity/Hub/Editor/6000.5.3f1/Editor/Data/Managed/UnityEngine/UnityEditor.PlayModeModule.dll"
-r:"C:/Program Files/Unity/Hub/Editor/6000.5.3f1/Editor/Data/Managed/UnityEngine/UnityEditor.PresetsUIModule.dll"
-r:"C:/Program Files/Unity/Hub/Editor/6000.5.3f1/Editor/Data/Managed/UnityEngine/UnityEditor.ProjectAuditorModule.dll"
-r:"C:/Program Files/Unity/Hub/Editor/6000.5.3f1/Editor/Data/Managed/UnityEngine/UnityEditor.PropertiesModule.dll"
-r:"C:/Program Files/Unity/Hub/Editor/6000.5.3f1/Editor/Data/Managed/UnityEngine/UnityEditor.QuickInstallModule.dll"
-r:"C:/Program Files/Unity/Hub/Editor/6000.5.3f1/Editor/Data/Managed/UnityEngine/UnityEditor.QuickSearchModule.dll"
-r:"C:/Program Files/Unity/Hub/Editor/6000.5.3f1/Editor/Data/Managed/UnityEngine/UnityEditor.SafeModeModule.dll"
-r:"C:/Program Files/Unity/Hub/Editor/6000.5.3f1/Editor/Data/Managed/UnityEngine/UnityEditor.SceneTemplateModule.dll"
-r:"C:/Program Files/Unity/Hub/Editor/6000.5.3f1/Editor/Data/Managed/UnityEngine/UnityEditor.SceneViewModule.dll"
-r:"C:/Program Files/Unity/Hub/Editor/6000.5.3f1/Editor/Data/Managed/UnityEngine/UnityEditor.ShaderBuildSettingsModule.dll"
-r:"C:/Program Files/Unity/Hub/Editor/6000.5.3f1/Editor/Data/Managed/UnityEngine/UnityEditor.ShaderCompilationModule.dll"
-r:"C:/Program Files/Unity/Hub/Editor/6000.5.3f1/Editor/Data/Managed/UnityEngine/UnityEditor.ShaderFoundryModule.dll"
-r:"C:/Program Files/Unity/Hub/Editor/6000.5.3f1/Editor/Data/Managed/UnityEngine/UnityEditor.SketchUpModule.dll"
-r:"C:/Program Files/Unity/Hub/Editor/6000.5.3f1/Editor/Data/Managed/UnityEngine/UnityEditor.SpriteMaskModule.dll"
-r:"C:/Program Files/Unity/Hub/Editor/6000.5.3f1/Editor/Data/Managed/UnityEngine/UnityEditor.SpriteShapeModule.dll"
-r:"C:/Program Files/Unity/Hub/Editor/6000.5.3f1/Editor/Data/Managed/UnityEngine/UnityEditor.SubstanceModule.dll"
-r:"C:/Program Files/Unity/Hub/Editor/6000.5.3f1/Editor/Data/Managed/UnityEngine/UnityEditor.TerrainModule.dll"
-r:"C:/Program Files/Unity/Hub/Editor/6000.5.3f1/Editor/Data/Managed/UnityEngine/UnityEditor.TextCoreFontEngineModule.dll"
-r:"C:/Program Files/Unity/Hub/Editor/6000.5.3f1/Editor/Data/Managed/UnityEngine/UnityEditor.TextCoreTextEngineModule.dll"
-r:"C:/Program Files/Unity/Hub/Editor/6000.5.3f1/Editor/Data/Managed/UnityEngine/UnityEditor.TextRenderingModule.dll"
-r:"C:/Program Files/Unity/Hub/Editor/6000.5.3f1/Editor/Data/Managed/UnityEngine/UnityEditor.TilemapModule.dll"
-r:"C:/Program Files/Unity/Hub/Editor/6000.5.3f1/Editor/Data/Managed/UnityEngine/UnityEditor.TreeModule.dll"
-r:"C:/Program Files/Unity/Hub/Editor/6000.5.3f1/Editor/Data/Managed/UnityEngine/UnityEditor.U2DModule.dll"
-r:"C:/Program Files/Unity/Hub/Editor/6000.5.3f1/Editor/Data/Managed/UnityEngine/UnityEditor.UIAutomationModule.dll"
-r:"C:/Program Files/Unity/Hub/Editor/6000.5.3f1/Editor/Data/Managed/UnityEngine/UnityEditor.UIBuilderModule.dll"
-r:"C:/Program Files/Unity/Hub/Editor/6000.5.3f1/Editor/Data/Managed/UnityEngine/UnityEditor.UIElementsModule.dll"
-r:"C:/Program Files/Unity/Hub/Editor/6000.5.3f1/Editor/Data/Managed/UnityEngine/UnityEditor.UIElementsSamplesModule.dll"
-r:"C:/Program Files/Unity/Hub/Editor/6000.5.3f1/Editor/Data/Managed/UnityEngine/UnityEditor.UIToolkitAuthoringModule.dll"
-r:"C:/Program Files/Unity/Hub/Editor/6000.5.3f1/Editor/Data/Managed/UnityEngine/UnityEditor.UmbraModule.dll"
-r:"C:/Program Files/Unity/Hub/Editor/6000.5.3f1/Editor/Data/Managed/UnityEngine/UnityEditor.UnityConnectModule.dll"
-r:"C:/Program Files/Unity/Hub/Editor/6000.5.3f1/Editor/Data/Managed/UnityEngine/UnityEditor.VFXModule.dll"
-r:"C:/Program Files/Unity/Hub/Editor/6000.5.3f1/Editor/Data/Managed/UnityEngine/UnityEditor.VectorGraphicsModule.dll"
-r:"C:/Program Files/Unity/Hub/Editor/6000.5.3f1/Editor/Data/Managed/UnityEngine/UnityEditor.VideoModule.dll"
-r:"C:/Program Files/Unity/Hub/Editor/6000.5.3f1/Editor/Data/Managed/UnityEngine/UnityEditor.XRModule.dll"
-r:"C:/Program Files/Unity/Hub/Editor/6000.5.3f1/Editor/Data/Managed/UnityEngine/UnityEditor.dll"
-r:"C:/Program Files/Unity/Hub/Editor/6000.5.3f1/Editor/Data/Managed/UnityEngine/UnityEngine.AIModule.dll"
-r:"C:/Program Files/Unity/Hub/Editor/6000.5.3f1/Editor/Data/Managed/UnityEngine/UnityEngine.ARModule.dll"
-r:"C:/Program Files/Unity/Hub/Editor/6000.5.3f1/Editor/Data/Managed/UnityEngine/UnityEngine.AccessibilityModule.dll"
-r:"C:/Program Files/Unity/Hub/Editor/6000.5.3f1/Editor/Data/Managed/UnityEngine/UnityEngine.AdaptivePerformanceModule.dll"
-r:"C:/Program Files/Unity/Hub/Editor/6000.5.3f1/Editor/Data/Managed/UnityEngine/UnityEngine.AndroidJNIModule.dll"
-r:"C:/Program Files/Unity/Hub/Editor/6000.5.3f1/Editor/Data/Managed/UnityEngine/UnityEngine.AnimationModule.dll"
-r:"C:/Program Files/Unity/Hub/Editor/6000.5.3f1/Editor/Data/Managed/UnityEngine/UnityEngine.AssetBundleModule.dll"
-r:"C:/Program Files/Unity/Hub/Editor/6000.5.3f1/Editor/Data/Managed/UnityEngine/UnityEngine.AudioModule.dll"
-r:"C:/Program Files/Unity/Hub/Editor/6000.5.3f1/Editor/Data/Managed/UnityEngine/UnityEngine.ClothModule.dll"
-r:"C:/Program Files/Unity/Hub/Editor/6000.5.3f1/Editor/Data/Managed/UnityEngine/UnityEngine.ClusterInputModule.dll"
-r:"C:/Program Files/Unity/Hub/Editor/6000.5.3f1/Editor/Data/Managed/UnityEngine/UnityEngine.ClusterRendererModule.dll"
-r:"C:/Program Files/Unity/Hub/Editor/6000.5.3f1/Editor/Data/Managed/UnityEngine/UnityEngine.ContentLoadModule.dll"
-r:"C:/Program Files/Unity/Hub/Editor/6000.5.3f1/Editor/Data/Managed/UnityEngine/UnityEngine.CoreModule.dll"
-r:"C:/Program Files/Unity/Hub/Editor/6000.5.3f1/Editor/Data/Managed/UnityEngine/UnityEngine.CrashReportingModule.dll"
-r:"C:/Program Files/Unity/Hub/Editor/6000.5.3f1/Editor/Data/Managed/UnityEngine/UnityEngine.DSPGraphModule.dll"
-r:"C:/Program Files/Unity/Hub/Editor/6000.5.3f1/Editor/Data/Managed/UnityEngine/UnityEngine.DirectorModule.dll"
-r:"C:/Program Files/Unity/Hub/Editor/6000.5.3f1/Editor/Data/Managed/UnityEngine/UnityEngine.GIModule.dll"
-r:"C:/Program Files/Unity/Hub/Editor/6000.5.3f1/Editor/Data/Managed/UnityEngine/UnityEngine.GameCenterModule.dll"
-r:"C:/Program Files/Unity/Hub/Editor/6000.5.3f1/Editor/Data/Managed/UnityEngine/UnityEngine.GraphicsStateCollectionSerializerModule.dll"
-r:"C:/Program Files/Unity/Hub/Editor/6000.5.3f1/Editor/Data/Managed/UnityEngine/UnityEngine.GridModule.dll"
-r:"C:/Program Files/Unity/Hub/Editor/6000.5.3f1/Editor/Data/Managed/UnityEngine/UnityEngine.HierarchyCoreModule.dll"
-r:"C:/Program Files/Unity/Hub/Editor/6000.5.3f1/Editor/Data/Managed/UnityEngine/UnityEngine.HotReloadModule.dll"
-r:"C:/Program Files/Unity/Hub/Editor/6000.5.3f1/Editor/Data/Managed/UnityEngine/UnityEngine.IMGUIModule.dll"
-r:"C:/Program Files/Unity/Hub/Editor/6000.5.3f1/Editor/Data/Managed/UnityEngine/UnityEngine.IdentifiersModule.dll"
-r:"C:/Program Files/Unity/Hub/Editor/6000.5.3f1/Editor/Data/Managed/UnityEngine/UnityEngine.ImageConversionModule.dll"
-r:"C:/Program Files/Unity/Hub/Editor/6000.5.3f1/Editor/Data/Managed/UnityEngine/UnityEngine.InputForUIModule.dll"
-r:"C:/Program Files/Unity/Hub/Editor/6000.5.3f1/Editor/Data/Managed/UnityEngine/UnityEngine.InputLegacyModule.dll"
-r:"C:/Program Files/Unity/Hub/Editor/6000.5.3f1/Editor/Data/Managed/UnityEngine/UnityEngine.InputModule.dll"
-r:"C:/Program Files/Unity/Hub/Editor/6000.5.3f1/Editor/Data/Managed/UnityEngine/UnityEngine.InsightsModule.dll"
-r:"C:/Program Files/Unity/Hub/Editor/6000.5.3f1/Editor/Data/Managed/UnityEngine/UnityEngine.JSONSerializeModule.dll"
-r:"C:/Program Files/Unity/Hub/Editor/6000.5.3f1/Editor/Data/Managed/UnityEngine/UnityEngine.LocalizationModule.dll"
-r:"C:/Program Files/Unity/Hub/Editor/6000.5.3f1/Editor/Data/Managed/UnityEngine/UnityEngine.MarshallingModule.dll"
-r:"C:/Program Files/Unity/Hub/Editor/6000.5.3f1/Editor/Data/Managed/UnityEngine/UnityEngine.MathematicsModule.dll"
-r:"C:/Program Files/Unity/Hub/Editor/6000.5.3f1/Editor/Data/Managed/UnityEngine/UnityEngine.MultiplayerModule.dll"
-r:"C:/Program Files/Unity/Hub/Editor/6000.5.3f1/Editor/Data/Managed/UnityEngine/UnityEngine.ParticleSystemModule.dll"
-r:"C:/Program Files/Unity/Hub/Editor/6000.5.3f1/Editor/Data/Managed/UnityEngine/UnityEngine.PerformanceReportingModule.dll"
-r:"C:/Program Files/Unity/Hub/Editor/6000.5.3f1/Editor/Data/Managed/UnityEngine/UnityEngine.Physics2DModule.dll"
-r:"C:/Program Files/Unity/Hub/Editor/6000.5.3f1/Editor/Data/Managed/UnityEngine/UnityEngine.PhysicsBackendPhysXModule.dll"
-r:"C:/Program Files/Unity/Hub/Editor/6000.5.3f1/Editor/Data/Managed/UnityEngine/UnityEngine.PhysicsCore2DModule.dll"
-r:"C:/Program Files/Unity/Hub/Editor/6000.5.3f1/Editor/Data/Managed/UnityEngine/UnityEngine.PhysicsModule.dll"
-r:"C:/Program Files/Unity/Hub/Editor/6000.5.3f1/Editor/Data/Managed/UnityEngine/UnityEngine.PropertiesModule.dll"
-r:"C:/Program Files/Unity/Hub/Editor/6000.5.3f1/Editor/Data/Managed/UnityEngine/UnityEngine.RenderAs2DModule.dll"
-r:"C:/Program Files/Unity/Hub/Editor/6000.5.3f1/Editor/Data/Managed/UnityEngine/UnityEngine.RuntimeInitializeOnLoadManagerInitializerModule.dll"
-r:"C:/Program Files/Unity/Hub/Editor/6000.5.3f1/Editor/Data/Managed/UnityEngine/UnityEngine.ScreenCaptureModule.dll"
-r:"C:/Program Files/Unity/Hub/Editor/6000.5.3f1/Editor/Data/Managed/UnityEngine/UnityEngine.ScriptingModule.dll"
-r:"C:/Program Files/Unity/Hub/Editor/6000.5.3f1/Editor/Data/Managed/UnityEngine/UnityEngine.ShaderVariantAnalyticsModule.dll"
-r:"C:/Program Files/Unity/Hub/Editor/6000.5.3f1/Editor/Data/Managed/UnityEngine/UnityEngine.SharedInternalsModule.dll"
-r:"C:/Program Files/Unity/Hub/Editor/6000.5.3f1/Editor/Data/Managed/UnityEngine/UnityEngine.SpriteMaskModule.dll"
-r:"C:/Program Files/Unity/Hub/Editor/6000.5.3f1/Editor/Data/Managed/UnityEngine/UnityEngine.SpriteShapeModule.dll"
-r:"C:/Program Files/Unity/Hub/Editor/6000.5.3f1/Editor/Data/Managed/UnityEngine/UnityEngine.StreamingModule.dll"
-r:"C:/Program Files/Unity/Hub/Editor/6000.5.3f1/Editor/Data/Managed/UnityEngine/UnityEngine.SubstanceModule.dll"
-r:"C:/Program Files/Unity/Hub/Editor/6000.5.3f1/Editor/Data/Managed/UnityEngine/UnityEngine.SubsystemsModule.dll"
-r:"C:/Program Files/Unity/Hub/Editor/6000.5.3f1/Editor/Data/Managed/UnityEngine/UnityEngine.TLSModule.dll"
-r:"C:/Program Files/Unity/Hub/Editor/6000.5.3f1/Editor/Data/Managed/UnityEngine/UnityEngine.TerrainModule.dll"
-r:"C:/Program Files/Unity/Hub/Editor/6000.5.3f1/Editor/Data/Managed/UnityEngine/UnityEngine.TerrainPhysicsModule.dll"
-r:"C:/Program Files/Unity/Hub/Editor/6000.5.3f1/Editor/Data/Managed/UnityEngine/UnityEngine.TextCoreFontEngineModule.dll"
-r:"C:/Program Files/Unity/Hub/Editor/6000.5.3f1/Editor/Data/Managed/UnityEngine/UnityEngine.TextCoreTextEngineModule.dll"
-r:"C:/Program Files/Unity/Hub/Editor/6000.5.3f1/Editor/Data/Managed/UnityEngine/UnityEngine.TextRenderingModule.dll"
-r:"C:/Program Files/Unity/Hub/Editor/6000.5.3f1/Editor/Data/Managed/UnityEngine/UnityEngine.TilemapModule.dll"
-r:"C:/Program Files/Unity/Hub/Editor/6000.5.3f1/Editor/Data/Managed/UnityEngine/UnityEngine.U2DRuntimeModule.dll"
-r:"C:/Program Files/Unity/Hub/Editor/6000.5.3f1/Editor/Data/Managed/UnityEngine/UnityEngine.UIElementsModule.dll"
-r:"C:/Program Files/Unity/Hub/Editor/6000.5.3f1/Editor/Data/Managed/UnityEngine/UnityEngine.UIModule.dll"
-r:"C:/Program Files/Unity/Hub/Editor/6000.5.3f1/Editor/Data/Managed/UnityEngine/UnityEngine.UmbraModule.dll"
-r:"C:/Program Files/Unity/Hub/Editor/6000.5.3f1/Editor/Data/Managed/UnityEngine/UnityEngine.UnityAnalyticsCommonModule.dll"
-r:"C:/Program Files/Unity/Hub/Editor/6000.5.3f1/Editor/Data/Managed/UnityEngine/UnityEngine.UnityAnalyticsModule.dll"
-r:"C:/Program Files/Unity/Hub/Editor/6000.5.3f1/Editor/Data/Managed/UnityEngine/UnityEngine.UnityConnectModule.dll"
-r:"C:/Program Files/Unity/Hub/Editor/6000.5.3f1/Editor/Data/Managed/UnityEngine/UnityEngine.UnityConsentModule.dll"
-r:"C:/Program Files/Unity/Hub/Editor/6000.5.3f1/Editor/Data/Managed/UnityEngine/UnityEngine.UnityCurlModule.dll"
-r:"C:/Program Files/Unity/Hub/Editor/6000.5.3f1/Editor/Data/Managed/UnityEngine/UnityEngine.UnityWebRequestAssetBundleModule.dll"
-r:"C:/Program Files/Unity/Hub/Editor/6000.5.3f1/Editor/Data/Managed/UnityEngine/UnityEngine.UnityWebRequestAudioModule.dll"
-r:"C:/Program Files/Unity/Hub/Editor/6000.5.3f1/Editor/Data/Managed/UnityEngine/UnityEngine.UnityWebRequestModule.dll"
-r:"C:/Program Files/Unity/Hub/Editor/6000.5.3f1/Editor/Data/Managed/UnityEngine/UnityEngine.UnityWebRequestTextureModule.dll"
-r:"C:/Program Files/Unity/Hub/Editor/6000.5.3f1/Editor/Data/Managed/UnityEngine/UnityEngine.UnityWebRequestWWWModule.dll"
-r:"C:/Program Files/Unity/Hub/Editor/6000.5.3f1/Editor/Data/Managed/UnityEngine/UnityEngine.VFXModule.dll"
-r:"C:/Program Files/Unity/Hub/Editor/6000.5.3f1/Editor/Data/Managed/UnityEngine/UnityEngine.VectorGraphicsModule.dll"
-r:"C:/Program Files/Unity/Hub/Editor/6000.5.3f1/Editor/Data/Managed/UnityEngine/UnityEngine.VehiclesModule.dll"
-r:"C:/Program Files/Unity/Hub/Editor/6000.5.3f1/Editor/Data/Managed/UnityEngine/UnityEngine.VideoModule.dll"
-r:"C:/Program Files/Unity/Hub/Editor/6000.5.3f1/Editor/Data/Managed/UnityEngine/UnityEngine.VirtualTexturingModule.dll"
-r:"C:/Program Files/Unity/Hub/Editor/6000.5.3f1/Editor/Data/Managed/UnityEngine/UnityEngine.WindModule.dll"
-r:"C:/Program Files/Unity/Hub/Editor/6000.5.3f1/Editor/Data/Managed/UnityEngine/UnityEngine.XRModule.dll"
-r:"C:/Program Files/Unity/Hub/Editor/6000.5.3f1/Editor/Data/Managed/UnityEngine/UnityEngine.dll"
-r:"C:/Program Files/Unity/Hub/Editor/6000.5.3f1/Editor/Data/UnityReferenceAssemblies/unity-4.8-api/Facades/Microsoft.Win32.Primitives.dll"
-r:"C:/Program Files/Unity/Hub/Editor/6000.5.3f1/Editor/Data/UnityReferenceAssemblies/unity-4.8-api/Facades/System.AppContext.dll"
-r:"C:/Program Files/Unity/Hub/Editor/6000.5.3f1/Editor/Data/UnityReferenceAssemblies/unity-4.8-api/Facades/System.Buffers.dll"
-r:"C:/Program Files/Unity/Hub/Editor/6000.5.3f1/Editor/Data/UnityReferenceAssemblies/unity-4.8-api/Facades/System.Collections.Concurrent.dll"
-r:"C:/Program Files/Unity/Hub/Editor/6000.5.3f1/Editor/Data/UnityReferenceAssemblies/unity-4.8-api/Facades/System.Collections.NonGeneric.dll"
-r:"C:/Program Files/Unity/Hub/Editor/6000.5.3f1/Editor/Data/UnityReferenceAssemblies/unity-4.8-api/Facades/System.Collections.Specialized.dll"
-r:"C:/Program Files/Unity/Hub/Editor/6000.5.3f1/Editor/Data/UnityReferenceAssemblies/unity-4.8-api/Facades/System.Collections.dll"
-r:"C:/Program Files/Unity/Hub/Editor/6000.5.3f1/Editor/Data/UnityReferenceAssemblies/unity-4.8-api/Facades/System.ComponentModel.Annotations.dll"
-r:"C:/Program Files/Unity/Hub/Editor/6000.5.3f1/Editor/Data/UnityReferenceAssemblies/unity-4.8-api/Facades/System.ComponentModel.EventBasedAsync.dll"
-r:"C:/Program Files/Unity/Hub/Editor/6000.5.3f1/Editor/Data/UnityReferenceAssemblies/unity-4.8-api/Facades/System.ComponentModel.Primitives.dll"
-r:"C:/Program Files/Unity/Hub/Editor/6000.5.3f1/Editor/Data/UnityReferenceAssemblies/unity-4.8-api/Facades/System.ComponentModel.TypeConverter.dll"
-r:"C:/Program Files/Unity/Hub/Editor/6000.5.3f1/Editor/Data/UnityReferenceAssemblies/unity-4.8-api/Facades/System.ComponentModel.dll"
-r:"C:/Program Files/Unity/Hub/Editor/6000.5.3f1/Editor/Data/UnityReferenceAssemblies/unity-4.8-api/Facades/System.Console.dll"
-r:"C:/Program Files/Unity/Hub/Editor/6000.5.3f1/Editor/Data/UnityReferenceAssemblies/unity-4.8-api/Facades/System.Data.Common.dll"
-r:"C:/Program Files/Unity/Hub/Editor/6000.5.3f1/Editor/Data/UnityReferenceAssemblies/unity-4.8-api/Facades/System.Diagnostics.Contracts.dll"
-r:"C:/Program Files/Unity/Hub/Editor/6000.5.3f1/Editor/Data/UnityReferenceAssemblies/unity-4.8-api/Facades/System.Diagnostics.Debug.dll"
-r:"C:/Program Files/Unity/Hub/Editor/6000.5.3f1/Editor/Data/UnityReferenceAssemblies/unity-4.8-api/Facades/System.Diagnostics.FileVersionInfo.dll"
-r:"C:/Program Files/Unity/Hub/Editor/6000.5.3f1/Editor/Data/UnityReferenceAssemblies/unity-4.8-api/Facades/System.Diagnostics.Process.dll"
-r:"C:/Program Files/Unity/Hub/Editor/6000.5.3f1/Editor/Data/UnityReferenceAssemblies/unity-4.8-api/Facades/System.Diagnostics.StackTrace.dll"
-r:"C:/Program Files/Unity/Hub/Editor/6000.5.3f1/Editor/Data/UnityReferenceAssemblies/unity-4.8-api/Facades/System.Diagnostics.TextWriterTraceListener.dll"
-r:"C:/Program Files/Unity/Hub/Editor/6000.5.3f1/Editor/Data/UnityReferenceAssemblies/unity-4.8-api/Facades/System.Diagnostics.Tools.dll"
-r:"C:/Program Files/Unity/Hub/Editor/6000.5.3f1/Editor/Data/UnityReferenceAssemblies/unity-4.8-api/Facades/System.Diagnostics.TraceSource.dll"
-r:"C:/Program Files/Unity/Hub/Editor/6000.5.3f1/Editor/Data/UnityReferenceAssemblies/unity-4.8-api/Facades/System.Drawing.Primitives.dll"
-r:"C:/Program Files/Unity/Hub/Editor/6000.5.3f1/Editor/Data/UnityReferenceAssemblies/unity-4.8-api/Facades/System.Dynamic.Runtime.dll"
-r:"C:/Program Files/Unity/Hub/Editor/6000.5.3f1/Editor/Data/UnityReferenceAssemblies/unity-4.8-api/Facades/System.Globalization.Calendars.dll"
-r:"C:/Program Files/Unity/Hub/Editor/6000.5.3f1/Editor/Data/UnityReferenceAssemblies/unity-4.8-api/Facades/System.Globalization.Extensions.dll"
-r:"C:/Program Files/Unity/Hub/Editor/6000.5.3f1/Editor/Data/UnityReferenceAssemblies/unity-4.8-api/Facades/System.Globalization.dll"
-r:"C:/Program Files/Unity/Hub/Editor/6000.5.3f1/Editor/Data/UnityReferenceAssemblies/unity-4.8-api/Facades/System.IO.Compression.ZipFile.dll"
-r:"C:/Program Files/Unity/Hub/Editor/6000.5.3f1/Editor/Data/UnityReferenceAssemblies/unity-4.8-api/Facades/System.IO.FileSystem.DriveInfo.dll"
-r:"C:/Program Files/Unity/Hub/Editor/6000.5.3f1/Editor/Data/UnityReferenceAssemblies/unity-4.8-api/Facades/System.IO.FileSystem.Primitives.dll"
-r:"C:/Program Files/Unity/Hub/Editor/6000.5.3f1/Editor/Data/UnityReferenceAssemblies/unity-4.8-api/Facades/System.IO.FileSystem.Watcher.dll"
-r:"C:/Program Files/Unity/Hub/Editor/6000.5.3f1/Editor/Data/UnityReferenceAssemblies/unity-4.8-api/Facades/System.IO.FileSystem.dll"
-r:"C:/Program Files/Unity/Hub/Editor/6000.5.3f1/Editor/Data/UnityReferenceAssemblies/unity-4.8-api/Facades/System.IO.IsolatedStorage.dll"
-r:"C:/Program Files/Unity/Hub/Editor/6000.5.3f1/Editor/Data/UnityReferenceAssemblies/unity-4.8-api/Facades/System.IO.MemoryMappedFiles.dll"
-r:"C:/Program Files/Unity/Hub/Editor/6000.5.3f1/Editor/Data/UnityReferenceAssemblies/unity-4.8-api/Facades/System.IO.Pipes.dll"
-r:"C:/Program Files/Unity/Hub/Editor/6000.5.3f1/Editor/Data/UnityReferenceAssemblies/unity-4.8-api/Facades/System.IO.UnmanagedMemoryStream.dll"
-r:"C:/Program Files/Unity/Hub/Editor/6000.5.3f1/Editor/Data/UnityReferenceAssemblies/unity-4.8-api/Facades/System.IO.dll"
-r:"C:/Program Files/Unity/Hub/Editor/6000.5.3f1/Editor/Data/UnityReferenceAssemblies/unity-4.8-api/Facades/System.Linq.Expressions.dll"
-r:"C:/Program Files/Unity/Hub/Editor/6000.5.3f1/Editor/Data/UnityReferenceAssemblies/unity-4.8-api/Facades/System.Linq.Parallel.dll"
-r:"C:/Program Files/Unity/Hub/Editor/6000.5.3f1/Editor/Data/UnityReferenceAssemblies/unity-4.8-api/Facades/System.Linq.Queryable.dll"
-r:"C:/Program Files/Unity/Hub/Editor/6000.5.3f1/Editor/Data/UnityReferenceAssemblies/unity-4.8-api/Facades/System.Linq.dll"
-r:"C:/Program Files/Unity/Hub/Editor/6000.5.3f1/Editor/Data/UnityReferenceAssemblies/unity-4.8-api/Facades/System.Memory.dll"
-r:"C:/Program Files/Unity/Hub/Editor/6000.5.3f1/Editor/Data/UnityReferenceAssemblies/unity-4.8-api/Facades/System.Net.Http.Rtc.dll"
-r:"C:/Program Files/Unity/Hub/Editor/6000.5.3f1/Editor/Data/UnityReferenceAssemblies/unity-4.8-api/Facades/System.Net.NameResolution.dll"
-r:"C:/Program Files/Unity/Hub/Editor/6000.5.3f1/Editor/Data/UnityReferenceAssemblies/unity-4.8-api/Facades/System.Net.NetworkInformation.dll"
-r:"C:/Program Files/Unity/Hub/Editor/6000.5.3f1/Editor/Data/UnityReferenceAssemblies/unity-4.8-api/Facades/System.Net.Ping.dll"
-r:"C:/Program Files/Unity/Hub/Editor/6000.5.3f1/Editor/Data/UnityReferenceAssemblies/unity-4.8-api/Facades/System.Net.Primitives.dll"
-r:"C:/Program Files/Unity/Hub/Editor/6000.5.3f1/Editor/Data/UnityReferenceAssemblies/unity-4.8-api/Facades/System.Net.Requests.dll"
-r:"C:/Program Files/Unity/Hub/Editor/6000.5.3f1/Editor/Data/UnityReferenceAssemblies/unity-4.8-api/Facades/System.Net.Security.dll"
-r:"C:/Program Files/Unity/Hub/Editor/6000.5.3f1/Editor/Data/UnityReferenceAssemblies/unity-4.8-api/Facades/System.Net.Sockets.dll"
-r:"C:/Program Files/Unity/Hub/Editor/6000.5.3f1/Editor/Data/UnityReferenceAssemblies/unity-4.8-api/Facades/System.Net.WebHeaderCollection.dll"
-r:"C:/Program Files/Unity/Hub/Editor/6000.5.3f1/Editor/Data/UnityReferenceAssemblies/unity-4.8-api/Facades/System.Net.WebSockets.Client.dll"
-r:"C:/Program Files/Unity/Hub/Editor/6000.5.3f1/Editor/Data/UnityReferenceAssemblies/unity-4.8-api/Facades/System.Net.WebSockets.dll"
-r:"C:/Program Files/Unity/Hub/Editor/6000.5.3f1/Editor/Data/UnityReferenceAssemblies/unity-4.8-api/Facades/System.ObjectModel.dll"
-r:"C:/Program Files/Unity/Hub/Editor/6000.5.3f1/Editor/Data/UnityReferenceAssemblies/unity-4.8-api/Facades/System.Reflection.DispatchProxy.dll"
-r:"C:/Program Files/Unity/Hub/Editor/6000.5.3f1/Editor/Data/UnityReferenceAssemblies/unity-4.8-api/Facades/System.Reflection.Emit.ILGeneration.dll"
-r:"C:/Program Files/Unity/Hub/Editor/6000.5.3f1/Editor/Data/UnityReferenceAssemblies/unity-4.8-api/Facades/System.Reflection.Emit.Lightweight.dll"
-r:"C:/Program Files/Unity/Hub/Editor/6000.5.3f1/Editor/Data/UnityReferenceAssemblies/unity-4.8-api/Facades/System.Reflection.Emit.dll"
-r:"C:/Program Files/Unity/Hub/Editor/6000.5.3f1/Editor/Data/UnityReferenceAssemblies/unity-4.8-api/Facades/System.Reflection.Extensions.dll"
-r:"C:/Program Files/Unity/Hub/Editor/6000.5.3f1/Editor/Data/UnityReferenceAssemblies/unity-4.8-api/Facades/System.Reflection.Primitives.dll"
-r:"C:/Program Files/Unity/Hub/Editor/6000.5.3f1/Editor/Data/UnityReferenceAssemblies/unity-4.8-api/Facades/System.Reflection.dll"
-r:"C:/Program Files/Unity/Hub/Editor/6000.5.3f1/Editor/Data/UnityReferenceAssemblies/unity-4.8-api/Facades/System.Resources.Reader.dll"
-r:"C:/Program Files/Unity/Hub/Editor/6000.5.3f1/Editor/Data/UnityReferenceAssemblies/unity-4.8-api/Facades/System.Resources.ResourceManager.dll"
-r:"C:/Program Files/Unity/Hub/Editor/6000.5.3f1/Editor/Data/UnityReferenceAssemblies/unity-4.8-api/Facades/System.Resources.Writer.dll"
-r:"C:/Program Files/Unity/Hub/Editor/6000.5.3f1/Editor/Data/UnityReferenceAssemblies/unity-4.8-api/Facades/System.Runtime.CompilerServices.VisualC.dll"
-r:"C:/Program Files/Unity/Hub/Editor/6000.5.3f1/Editor/Data/UnityReferenceAssemblies/unity-4.8-api/Facades/System.Runtime.Extensions.dll"
-r:"C:/Program Files/Unity/Hub/Editor/6000.5.3f1/Editor/Data/UnityReferenceAssemblies/unity-4.8-api/Facades/System.Runtime.Handles.dll"
-r:"C:/Program Files/Unity/Hub/Editor/6000.5.3f1/Editor/Data/UnityReferenceAssemblies/unity-4.8-api/Facades/System.Runtime.InteropServices.RuntimeInformation.dll"
-r:"C:/Program Files/Unity/Hub/Editor/6000.5.3f1/Editor/Data/UnityReferenceAssemblies/unity-4.8-api/Facades/System.Runtime.InteropServices.WindowsRuntime.dll"
-r:"C:/Program Files/Unity/Hub/Editor/6000.5.3f1/Editor/Data/UnityReferenceAssemblies/unity-4.8-api/Facades/System.Runtime.InteropServices.dll"
-r:"C:/Program Files/Unity/Hub/Editor/6000.5.3f1/Editor/Data/UnityReferenceAssemblies/unity-4.8-api/Facades/System.Runtime.Numerics.dll"
-r:"C:/Program Files/Unity/Hub/Editor/6000.5.3f1/Editor/Data/UnityReferenceAssemblies/unity-4.8-api/Facades/System.Runtime.Serialization.Formatters.dll"
-r:"C:/Program Files/Unity/Hub/Editor/6000.5.3f1/Editor/Data/UnityReferenceAssemblies/unity-4.8-api/Facades/System.Runtime.Serialization.Json.dll"
-r:"C:/Program Files/Unity/Hub/Editor/6000.5.3f1/Editor/Data/UnityReferenceAssemblies/unity-4.8-api/Facades/System.Runtime.Serialization.Primitives.dll"
-r:"C:/Program Files/Unity/Hub/Editor/6000.5.3f1/Editor/Data/UnityReferenceAssemblies/unity-4.8-api/Facades/System.Runtime.Serialization.Xml.dll"
-r:"C:/Program Files/Unity/Hub/Editor/6000.5.3f1/Editor/Data/UnityReferenceAssemblies/unity-4.8-api/Facades/System.Runtime.dll"
-r:"C:/Program Files/Unity/Hub/Editor/6000.5.3f1/Editor/Data/UnityReferenceAssemblies/unity-4.8-api/Facades/System.Security.Claims.dll"
-r:"C:/Program Files/Unity/Hub/Editor/6000.5.3f1/Editor/Data/UnityReferenceAssemblies/unity-4.8-api/Facades/System.Security.Cryptography.Algorithms.dll"
-r:"C:/Program Files/Unity/Hub/Editor/6000.5.3f1/Editor/Data/UnityReferenceAssemblies/unity-4.8-api/Facades/System.Security.Cryptography.Csp.dll"
-r:"C:/Program Files/Unity/Hub/Editor/6000.5.3f1/Editor/Data/UnityReferenceAssemblies/unity-4.8-api/Facades/System.Security.Cryptography.Encoding.dll"
-r:"C:/Program Files/Unity/Hub/Editor/6000.5.3f1/Editor/Data/UnityReferenceAssemblies/unity-4.8-api/Facades/System.Security.Cryptography.Primitives.dll"
-r:"C:/Program Files/Unity/Hub/Editor/6000.5.3f1/Editor/Data/UnityReferenceAssemblies/unity-4.8-api/Facades/System.Security.Cryptography.X509Certificates.dll"
-r:"C:/Program Files/Unity/Hub/Editor/6000.5.3f1/Editor/Data/UnityReferenceAssemblies/unity-4.8-api/Facades/System.Security.Principal.dll"
-r:"C:/Program Files/Unity/Hub/Editor/6000.5.3f1/Editor/Data/UnityReferenceAssemblies/unity-4.8-api/Facades/System.Security.SecureString.dll"
-r:"C:/Program Files/Unity/Hub/Editor/6000.5.3f1/Editor/Data/UnityReferenceAssemblies/unity-4.8-api/Facades/System.ServiceModel.Duplex.dll"
-r:"C:/Program Files/Unity/Hub/Editor/6000.5.3f1/Editor/Data/UnityReferenceAssemblies/unity-4.8-api/Facades/System.ServiceModel.Http.dll"
-r:"C:/Program Files/Unity/Hub/Editor/6000.5.3f1/Editor/Data/UnityReferenceAssemblies/unity-4.8-api/Facades/System.ServiceModel.NetTcp.dll"
-r:"C:/Program Files/Unity/Hub/Editor/6000.5.3f1/Editor/Data/UnityReferenceAssemblies/unity-4.8-api/Facades/System.ServiceModel.Primitives.dll"
-r:"C:/Program Files/Unity/Hub/Editor/6000.5.3f1/Editor/Data/UnityReferenceAssemblies/unity-4.8-api/Facades/System.ServiceModel.Security.dll"
-r:"C:/Program Files/Unity/Hub/Editor/6000.5.3f1/Editor/Data/UnityReferenceAssemblies/unity-4.8-api/Facades/System.Text.Encoding.Extensions.dll"
-r:"C:/Program Files/Unity/Hub/Editor/6000.5.3f1/Editor/Data/UnityReferenceAssemblies/unity-4.8-api/Facades/System.Text.Encoding.dll"
-r:"C:/Program Files/Unity/Hub/Editor/6000.5.3f1/Editor/Data/UnityReferenceAssemblies/unity-4.8-api/Facades/System.Text.RegularExpressions.dll"
-r:"C:/Program Files/Unity/Hub/Editor/6000.5.3f1/Editor/Data/UnityReferenceAssemblies/unity-4.8-api/Facades/System.Threading.Overlapped.dll"
-r:"C:/Program Files/Unity/Hub/Editor/6000.5.3f1/Editor/Data/UnityReferenceAssemblies/unity-4.8-api/Facades/System.Threading.Tasks.Extensions.dll"
-r:"C:/Program Files/Unity/Hub/Editor/6000.5.3f1/Editor/Data/UnityReferenceAssemblies/unity-4.8-api/Facades/System.Threading.Tasks.Parallel.dll"
-r:"C:/Program Files/Unity/Hub/Editor/6000.5.3f1/Editor/Data/UnityReferenceAssemblies/unity-4.8-api/Facades/System.Threading.Tasks.dll"
-r:"C:/Program Files/Unity/Hub/Editor/6000.5.3f1/Editor/Data/UnityReferenceAssemblies/unity-4.8-api/Facades/System.Threading.Thread.dll"
-r:"C:/Program Files/Unity/Hub/Editor/6000.5.3f1/Editor/Data/UnityReferenceAssemblies/unity-4.8-api/Facades/System.Threading.ThreadPool.dll"
-r:"C:/Program Files/Unity/Hub/Editor/6000.5.3f1/Editor/Data/UnityReferenceAssemblies/unity-4.8-api/Facades/System.Threading.Timer.dll"
-r:"C:/Program Files/Unity/Hub/Editor/6000.5.3f1/Editor/Data/UnityReferenceAssemblies/unity-4.8-api/Facades/System.Threading.dll"
-r:"C:/Program Files/Unity/Hub/Editor/6000.5.3f1/Editor/Data/UnityReferenceAssemblies/unity-4.8-api/Facades/System.ValueTuple.dll"
-r:"C:/Program Files/Unity/Hub/Editor/6000.5.3f1/Editor/Data/UnityReferenceAssemblies/unity-4.8-api/Facades/System.Xml.ReaderWriter.dll"
-r:"C:/Program Files/Unity/Hub/Editor/6000.5.3f1/Editor/Data/UnityReferenceAssemblies/unity-4.8-api/Facades/System.Xml.XDocument.dll"
-r:"C:/Program Files/Unity/Hub/Editor/6000.5.3f1/Editor/Data/UnityReferenceAssemblies/unity-4.8-api/Facades/System.Xml.XPath.XDocument.dll"
-r:"C:/Program Files/Unity/Hub/Editor/6000.5.3f1/Editor/Data/UnityReferenceAssemblies/unity-4.8-api/Facades/System.Xml.XPath.dll"
-r:"C:/Program Files/Unity/Hub/Editor/6000.5.3f1/Editor/Data/UnityReferenceAssemblies/unity-4.8-api/Facades/System.Xml.XmlDocument.dll"
-r:"C:/Program Files/Unity/Hub/Editor/6000.5.3f1/Editor/Data/UnityReferenceAssemblies/unity-4.8-api/Facades/System.Xml.XmlSerializer.dll"
-r:"C:/Program Files/Unity/Hub/Editor/6000.5.3f1/Editor/Data/UnityReferenceAssemblies/unity-4.8-api/Facades/netstandard.dll"
-r:"C:/Program Files/Unity/Hub/Editor/6000.5.3f1/Editor/Data/UnityReferenceAssemblies/unity-4.8-api/Microsoft.CSharp.dll"
-r:"C:/Program Files/Unity/Hub/Editor/6000.5.3f1/Editor/Data/UnityReferenceAssemblies/unity-4.8-api/System.ComponentModel.Composition.dll"
-r:"C:/Program Files/Unity/Hub/Editor/6000.5.3f1/Editor/Data/UnityReferenceAssemblies/unity-4.8-api/System.Core.dll"
-r:"C:/Program Files/Unity/Hub/Editor/6000.5.3f1/Editor/Data/UnityReferenceAssemblies/unity-4.8-api/System.Data.DataSetExtensions.dll"
-r:"C:/Program Files/Unity/Hub/Editor/6000.5.3f1/Editor/Data/UnityReferenceAssemblies/unity-4.8-api/System.Data.dll"
-r:"C:/Program Files/Unity/Hub/Editor/6000.5.3f1/Editor/Data/UnityReferenceAssemblies/unity-4.8-api/System.Drawing.dll"
-r:"C:/Program Files/Unity/Hub/Editor/6000.5.3f1/Editor/Data/UnityReferenceAssemblies/unity-4.8-api/System.IO.Compression.FileSystem.dll"
-r:"C:/Program Files/Unity/Hub/Editor/6000.5.3f1/Editor/Data/UnityReferenceAssemblies/unity-4.8-api/System.IO.Compression.dll"
-r:"C:/Program Files/Unity/Hub/Editor/6000.5.3f1/Editor/Data/UnityReferenceAssemblies/unity-4.8-api/System.Net.Http.dll"
-r:"C:/Program Files/Unity/Hub/Editor/6000.5.3f1/Editor/Data/UnityReferenceAssemblies/unity-4.8-api/System.Numerics.Vectors.dll"
-r:"C:/Program Files/Unity/Hub/Editor/6000.5.3f1/Editor/Data/UnityReferenceAssemblies/unity-4.8-api/System.Numerics.dll"
-r:"C:/Program Files/Unity/Hub/Editor/6000.5.3f1/Editor/Data/UnityReferenceAssemblies/unity-4.8-api/System.Runtime.Serialization.dll"
-r:"C:/Program Files/Unity/Hub/Editor/6000.5.3f1/Editor/Data/UnityReferenceAssemblies/unity-4.8-api/System.Transactions.dll"
-r:"C:/Program Files/Unity/Hub/Editor/6000.5.3f1/Editor/Data/UnityReferenceAssemblies/unity-4.8-api/System.Xml.Linq.dll"
-r:"C:/Program Files/Unity/Hub/Editor/6000.5.3f1/Editor/Data/UnityReferenceAssemblies/unity-4.8-api/System.Xml.dll"
-r:"C:/Program Files/Unity/Hub/Editor/6000.5.3f1/Editor/Data/UnityReferenceAssemblies/unity-4.8-api/System.dll"
-r:"C:/Program Files/Unity/Hub/Editor/6000.5.3f1/Editor/Data/UnityReferenceAssemblies/unity-4.8-api/mscorlib.dll"
-r:"Library/PackageCache/com.unity.analytics@c9d14a6bdec6/AnalyticsStandardEvents/Unity.Analytics.StandardEvents.dll"
-r:"Library/PackageCache/com.unity.analytics@c9d14a6bdec6/Unity.Analytics.Editor.dll"
-r:"Library/PackageCache/com.unity.analytics@c9d14a6bdec6/Unity.Analytics.Tracker.dll"
-r:"Library/PackageCache/com.unity.ext.nunit@44f7d31723bd/net472/unity-custom/nunit.framework.dll"
-r:"Library/PackageCache/com.unity.nuget.newtonsoft-json@4dfd81071c64/Runtime/Newtonsoft.Json.dll"
-r:"Library/Bee/artifacts/1900b0aE.dag/Analytics.ref.dll"
-r:"Library/Bee/artifacts/1900b0aE.dag/Assembly-CSharp-firstpass.ref.dll"
-r:"Library/Bee/artifacts/1900b0aE.dag/Purchasing.Common.ref.dll"
-r:"Library/Bee/artifacts/1900b0aE.dag/Unity.2D.Sprite.Editor.ref.dll"
-r:"Library/Bee/artifacts/1900b0aE.dag/Unity.2D.Tilemap.Editor.ref.dll"
-r:"Library/Bee/artifacts/1900b0aE.dag/Unity.AI.Navigation.Editor.ConversionSystem.ref.dll"
-r:"Library/Bee/artifacts/1900b0aE.dag/Unity.AI.Navigation.Editor.ref.dll"
-r:"Library/Bee/artifacts/1900b0aE.dag/Unity.AI.Navigation.ref.dll"
-r:"Library/Bee/artifacts/1900b0aE.dag/Unity.AI.Navigation.Updater.ref.dll"
-r:"Library/Bee/artifacts/1900b0aE.dag/Unity.Analytics.DataPrivacy.ref.dll"
-r:"Library/Bee/artifacts/1900b0aE.dag/Unity.InternalAPIEngineBridge.004.ref.dll"
-r:"Library/Bee/artifacts/1900b0aE.dag/Unity.Multiplayer.Center.Common.ref.dll"
-r:"Library/Bee/artifacts/1900b0aE.dag/Unity.Multiplayer.Center.Editor.ref.dll"
-r:"Library/Bee/artifacts/1900b0aE.dag/Unity.PlasticSCM.Editor.ref.dll"
-r:"Library/Bee/artifacts/1900b0aE.dag/Unity.Rider.Editor.ref.dll"
-r:"Library/Bee/artifacts/1900b0aE.dag/Unity.Services.Analytics.ref.dll"
-r:"Library/Bee/artifacts/1900b0aE.dag/Unity.Services.Core.Analytics.ref.dll"
-r:"Library/Bee/artifacts/1900b0aE.dag/Unity.Services.Core.Components.ref.dll"
-r:"Library/Bee/artifacts/1900b0aE.dag/Unity.Services.Core.Environments.ref.dll"
-r:"Library/Bee/artifacts/1900b0aE.dag/Unity.Services.Core.ref.dll"
-r:"Library/Bee/artifacts/1900b0aE.dag/Unity.TextMeshPro.Editor.ref.dll"
-r:"Library/Bee/artifacts/1900b0aE.dag/Unity.TextMeshPro.ref.dll"
-r:"Library/Bee/artifacts/1900b0aE.dag/Unity.Timeline.Editor.ref.dll"
-r:"Library/Bee/artifacts/1900b0aE.dag/Unity.Timeline.ref.dll"
-r:"Library/Bee/artifacts/1900b0aE.dag/Unity.VisualStudio.Editor.ref.dll"
-r:"Library/Bee/artifacts/1900b0aE.dag/UnityEditor.Purchasing.ref.dll"
-r:"Library/Bee/artifacts/1900b0aE.dag/UnityEditor.SpatialTracking.ref.dll"
-r:"Library/Bee/artifacts/1900b0aE.dag/UnityEditor.UI.Analytics.ref.dll"
-r:"Library/Bee/artifacts/1900b0aE.dag/UnityEditor.UI.ref.dll"
-r:"Library/Bee/artifacts/1900b0aE.dag/UnityEditor.XR.LegacyInputHelpers.ref.dll"
-r:"Library/Bee/artifacts/1900b0aE.dag/UnityEngine.Purchasing.Codeless.ref.dll"
-r:"Library/Bee/artifacts/1900b0aE.dag/UnityEngine.Purchasing.ref.dll"
-r:"Library/Bee/artifacts/1900b0aE.dag/UnityEngine.Purchasing.SecurityCore.ref.dll"
-r:"Library/Bee/artifacts/1900b0aE.dag/UnityEngine.Purchasing.SecurityStub.ref.dll"
-r:"Library/Bee/artifacts/1900b0aE.dag/UnityEngine.Purchasing.Stores.ref.dll"
-r:"Library/Bee/artifacts/1900b0aE.dag/UnityEngine.SpatialTracking.ref.dll"
-r:"Library/Bee/artifacts/1900b0aE.dag/UnityEngine.UI.ref.dll"
-r:"Library/Bee/artifacts/1900b0aE.dag/UnityEngine.XR.LegacyInputHelpers.ref.dll"
-analyzer:"C:/Program Files/Unity/Hub/Editor/6000.5.3f1/Editor/Data/BCLExtensions/TargetingPacks/netstandard2.1/analyzers/dotnet/roslyn4.0/cs/Microsoft.Extensions.Logging.Generators.dll"
-analyzer:"C:/Program Files/Unity/Hub/Editor/6000.5.3f1/Editor/Data/BCLExtensions/TargetingPacks/netstandard2.1/analyzers/dotnet/roslyn4.0/cs/System.Text.Json.SourceGeneration.dll"
-analyzer:"C:/Program Files/Unity/Hub/Editor/6000.5.3f1/Editor/Data/Tools/BuildPipeline/Unity.Analyzers.Common/Unity.Analyzers.Common.dll"
-analyzer:"C:/Program Files/Unity/Hub/Editor/6000.5.3f1/Editor/Data/Tools/BuildPipeline/Unity.Analyzers.LongLiving/Unity.Analyzers.LongLiving.dll"
-analyzer:"C:/Program Files/Unity/Hub/Editor/6000.5.3f1/Editor/Data/Tools/BuildPipeline/Unity.SourceGenerators/Unity.Properties.SourceGenerator.dll"
-analyzer:"C:/Program Files/Unity/Hub/Editor/6000.5.3f1/Editor/Data/Tools/BuildPipeline/Unity.SourceGenerators/Unity.SourceGenerators.dll"
-analyzer:"C:/Program Files/Unity/Hub/Editor/6000.5.3f1/Editor/Data/Tools/BuildPipeline/Unity.SourceGenerators/Unity.UIToolkit.SourceGenerator.dll"
"Assets/Scripts/Assembly-CSharp/AchievementCategoryPublisher.cs"
"Assets/Scripts/Assembly-CSharp/AchievementListener.cs"
"Assets/Scripts/Assembly-CSharp/AchievementManager.cs"
"Assets/Scripts/Assembly-CSharp/AchievementPanelPublisher.cs"
"Assets/Scripts/Assembly-CSharp/AchievementUI.cs"
"Assets/Scripts/Assembly-CSharp/AchievementWindowPublisher.cs"
"Assets/Scripts/Assembly-CSharp/ActiveObjectListSwtich.cs"
"Assets/Scripts/Assembly-CSharp/AgeGatePopup.cs"
"Assets/Scripts/Assembly-CSharp/AlternateForm.cs"
"Assets/Scripts/Assembly-CSharp/AnimatedTexture.cs"
"Assets/Scripts/Assembly-CSharp/AnimationDriver.cs"
"Assets/Scripts/Assembly-CSharp/AnimationTire.cs"
"Assets/Scripts/Assembly-CSharp/ApplyEffectDebugUtility.cs"
"Assets/Scripts/Assembly-CSharp/AutoDestructParticleSystem.cs"
"Assets/Scripts/Assembly-CSharp/BarrelLauncher.cs"
"Assets/Scripts/Assembly-CSharp/BarrelSpawner.cs"
"Assets/Scripts/Assembly-CSharp/BaseCarAIState.cs"
"Assets/Scripts/Assembly-CSharp/BaseEffect.cs"
"Assets/Scripts/Assembly-CSharp/BaseMission.cs"
"Assets/Scripts/Assembly-CSharp/BasePickup.cs"
"Assets/Scripts/Assembly-CSharp/BasketBall.cs"
"Assets/Scripts/Assembly-CSharp/BillboardRemover.cs"
"Assets/Scripts/Assembly-CSharp/BlipTrackPublisher.cs"
"Assets/Scripts/Assembly-CSharp/BoatAnchorEffect.cs"
"Assets/Scripts/Assembly-CSharp/BoosterEffect.cs"
"Assets/Scripts/Assembly-CSharp/BoosterPickup.cs"
"Assets/Scripts/Assembly-CSharp/BrakeMission.cs"
"Assets/Scripts/Assembly-CSharp/BreakableObject.cs"
"Assets/Scripts/Assembly-CSharp/BubbleJet.cs"
"Assets/Scripts/Assembly-CSharp/BuyPowerupMission.cs"
"Assets/Scripts/Assembly-CSharp/CameraShake.cs"
"Assets/Scripts/Assembly-CSharp/CameraWobble.cs"
"Assets/Scripts/Assembly-CSharp/CarAI.cs"
"Assets/Scripts/Assembly-CSharp/CarAIPath.cs"
"Assets/Scripts/Assembly-CSharp/CarAIPathManager.cs"
"Assets/Scripts/Assembly-CSharp/CarAIPathRecorder.cs"
"Assets/Scripts/Assembly-CSharp/CarAIPersonality.cs"
"Assets/Scripts/Assembly-CSharp/CarCollider.cs"
"Assets/Scripts/Assembly-CSharp/CarMetrics.cs"
"Assets/Scripts/Assembly-CSharp/CarProgress.cs"
"Assets/Scripts/Assembly-CSharp/CarSnapShot.cs"
"Assets/Scripts/Assembly-CSharp/CartAttributes.cs"
"Assets/Scripts/Assembly-CSharp/CartCustomizerPublisher.cs"
"Assets/Scripts/Assembly-CSharp/CartPart.cs"
"Assets/Scripts/Assembly-CSharp/CartPartList.cs"
"Assets/Scripts/Assembly-CSharp/CartPrimaryTextureProfile.cs"
"Assets/Scripts/Assembly-CSharp/CartSlot.cs"
"Assets/Scripts/Assembly-CSharp/CatchupNotify.cs"
"Assets/Scripts/Assembly-CSharp/CausticsManager.cs"
"Assets/Scripts/Assembly-CSharp/CharacterButtonPublisher.cs"
"Assets/Scripts/Assembly-CSharp/CharacterConfigData.cs"
"Assets/Scripts/Assembly-CSharp/CharacterPreview.cs"
"Assets/Scripts/Assembly-CSharp/CharacterSelectPublisher.cs"
"Assets/Scripts/Assembly-CSharp/CharacterVOController.cs"
"Assets/Scripts/Assembly-CSharp/CharacterVOControllerGameObjectExtender.cs"
"Assets/Scripts/Assembly-CSharp/CheckPowerupUseAchievementListener.cs"
"Assets/Scripts/Assembly-CSharp/ClipReference.cs"
"Assets/Scripts/Assembly-CSharp/CloudSaveData.cs"
"Assets/Scripts/Assembly-CSharp/CloudStrap.cs"
"Assets/Scripts/Assembly-CSharp/Coin.cs"
"Assets/Scripts/Assembly-CSharp/CoinBalanceAchievementListener.cs"
"Assets/Scripts/Assembly-CSharp/CoinPoint.cs"
"Assets/Scripts/Assembly-CSharp/CollectPowerupMission.cs"
"Assets/Scripts/Assembly-CSharp/CombinePowerupMission.cs"
"Assets/Scripts/Assembly-CSharp/CompleteAllMissionsAchievementListener.cs"
"Assets/Scripts/Assembly-CSharp/CompositeProfile.cs"
"Assets/Scripts/Assembly-CSharp/CompositeTextureUtil.cs"
"Assets/Scripts/Assembly-CSharp/ConfirmationPublisher.cs"
"Assets/Scripts/Assembly-CSharp/Crab.cs"
"Assets/Scripts/Assembly-CSharp/CreditsPublisher.cs"
"Assets/Scripts/Assembly-CSharp/CrossFinishLineBackwardsAchievementListener.cs"
"Assets/Scripts/Assembly-CSharp/DailyBonusPublisher.cs"
"Assets/Scripts/Assembly-CSharp/DataUtility.cs"
"Assets/Scripts/Assembly-CSharp/DebugLapButtonPublisher.cs"
"Assets/Scripts/Assembly-CSharp/DebugMoreCoinsPublisher.cs"
"Assets/Scripts/Assembly-CSharp/DebugRaceResultPublisher.cs"
"Assets/Scripts/Assembly-CSharp/DebugRewindDialogPublisher.cs"
"Assets/Scripts/Assembly-CSharp/DebugTrackStrapper.cs"
"Assets/Scripts/Assembly-CSharp/DifficultyMenuPublisher.cs"
"Assets/Scripts/Assembly-CSharp/DriftButton.cs"
"Assets/Scripts/Assembly-CSharp/DriftMission.cs"
"Assets/Scripts/Assembly-CSharp/DriftScalePublisher.cs"
"Assets/Scripts/Assembly-CSharp/DriveAvoidTerrainAIState.cs"
"Assets/Scripts/Assembly-CSharp/DriveHitBeneficialAIState.cs"
"Assets/Scripts/Assembly-CSharp/DrivePickupAIState.cs"
"Assets/Scripts/Assembly-CSharp/DriveWaypointsCarAIState.cs"
"Assets/Scripts/Assembly-CSharp/EffectManager.cs"
"Assets/Scripts/Assembly-CSharp/EnsureGlobals.cs"
"Assets/Scripts/Assembly-CSharp/EquipPaintJobAchievementListener.cs"
"Assets/Scripts/Assembly-CSharp/EquipPartSetAchievementListener.cs"
"Assets/Scripts/Assembly-CSharp/ExplodingBarrel.cs"
"Assets/Scripts/Assembly-CSharp/Explosion.cs"
"Assets/Scripts/Assembly-CSharp/FadeHelper.cs"
"Assets/Scripts/Assembly-CSharp/FinishTheLapMission.cs"
"Assets/Scripts/Assembly-CSharp/FirstPlaceAchievementListener.cs"
"Assets/Scripts/Assembly-CSharp/FlipEffect.cs"
"Assets/Scripts/Assembly-CSharp/FollowCamera.cs"
"Assets/Scripts/Assembly-CSharp/ForwardForceAI.cs"
"Assets/Scripts/Assembly-CSharp/FrontEndCamera.cs"
"Assets/Scripts/Assembly-CSharp/FrontEndCameraTarget.cs"
"Assets/Scripts/Assembly-CSharp/FrontEndLogic.cs"
"Assets/Scripts/Assembly-CSharp/FrontEndTutorialHandler.cs"
"Assets/Scripts/Assembly-CSharp/FrontEndTutorialPublisher.cs"
"Assets/Scripts/Assembly-CSharp/GDMOManager.cs"
"Assets/Scripts/Assembly-CSharp/GenericPopupPublisher.cs"
"Assets/Scripts/Assembly-CSharp/GetHitByTrackHazardAchievementListener.cs"
"Assets/Scripts/Assembly-CSharp/GimpedCarAI.cs"
"Assets/Scripts/Assembly-CSharp/GuidedJumpEffect.cs"
"Assets/Scripts/Assembly-CSharp/GuidedJumpTrigger.cs"
"Assets/Scripts/Assembly-CSharp/HUDLogic.cs"
"Assets/Scripts/Assembly-CSharp/HitMaxSpeedAchievementListener.cs"
"Assets/Scripts/Assembly-CSharp/InRaceAquirePickupListener.cs"
"Assets/Scripts/Assembly-CSharp/InputBlocker.cs"
"Assets/Scripts/Assembly-CSharp/LaserLogic.cs"
"Assets/Scripts/Assembly-CSharp/LastPlaceAchievementListener.cs"
"Assets/Scripts/Assembly-CSharp/LifetimeInAirAchievementListener.cs"
"Assets/Scripts/Assembly-CSharp/LifetimeMetrics.cs"
"Assets/Scripts/Assembly-CSharp/LifetimeOpponentHitsAchievementListener.cs"
"Assets/Scripts/Assembly-CSharp/LifetimePowerupCollectionAchievementListener.cs"
"Assets/Scripts/Assembly-CSharp/LiftControlAI.cs"
"Assets/Scripts/Assembly-CSharp/LoadSpin.cs"
"Assets/Scripts/Assembly-CSharp/LoadingPublisher.cs"
"Assets/Scripts/Assembly-CSharp/LocalOptionsData.cs"
"Assets/Scripts/Assembly-CSharp/LocalizeCloudStrap.cs"
"Assets/Scripts/Assembly-CSharp/LocalizedAssetSwapper.cs"
"Assets/Scripts/Assembly-CSharp/LowEndInhibitor.cs"
"Assets/Scripts/Assembly-CSharp/MakePlaceAchievementListener.cs"
"Assets/Scripts/Assembly-CSharp/MaxCrashSpeedAchievementListener.cs"
"Assets/Scripts/Assembly-CSharp/MetaMissionGroupAchievementListener.cs"
"Assets/Scripts/Assembly-CSharp/MineAI.cs"
"Assets/Scripts/Assembly-CSharp/MineEffect.cs"
"Assets/Scripts/Assembly-CSharp/MineNotifyPublisher.cs"
"Assets/Scripts/Assembly-CSharp/MinePickup.cs"
"Assets/Scripts/Assembly-CSharp/MineSpreaderAI.cs"
"Assets/Scripts/Assembly-CSharp/MissionCollection.cs"
"Assets/Scripts/Assembly-CSharp/MissionDialogPublisher.cs"
"Assets/Scripts/Assembly-CSharp/MissionManager.cs"
"Assets/Scripts/Assembly-CSharp/MoreDisneyLogic.cs"
"Assets/Scripts/Assembly-CSharp/MultilayerTexture.cs"
"Assets/Scripts/Assembly-CSharp/MultilayerTextureBundleDef.cs"
"Assets/Scripts/Assembly-CSharp/MusicPlayer.cs"
"Assets/Scripts/Assembly-CSharp/ObjectGroupList.cs"
"Assets/Scripts/Assembly-CSharp/ObjectTrackDistanceLogic.cs"
"Assets/Scripts/Assembly-CSharp/PaintJob.cs"
"Assets/Scripts/Assembly-CSharp/PaintSlotPublisher.cs"
"Assets/Scripts/Assembly-CSharp/ParticleLibrary.cs"
"Assets/Scripts/Assembly-CSharp/ParticleReducer.cs"
"Assets/Scripts/Assembly-CSharp/ParticleSystemDestroy.cs"
"Assets/Scripts/Assembly-CSharp/PathMoverAI.cs"
"Assets/Scripts/Assembly-CSharp/PauseMission.cs"
"Assets/Scripts/Assembly-CSharp/PausePublisher.cs"
"Assets/Scripts/Assembly-CSharp/PickupCoinsPerRaceAchievementListener.cs"
"Assets/Scripts/Assembly-CSharp/PickupSpawner.cs"
"Assets/Scripts/Assembly-CSharp/PieAttack.cs"
"Assets/Scripts/Assembly-CSharp/PieHitEffect.cs"
"Assets/Scripts/Assembly-CSharp/PieLauncher.cs"
"Assets/Scripts/Assembly-CSharp/PieSplat.cs"
"Assets/Scripts/Assembly-CSharp/PlaceWithNoPowerupsAchievementListener.cs"
"Assets/Scripts/Assembly-CSharp/PlayMenuPublisher.cs"
"Assets/Scripts/Assembly-CSharp/PlaySummaryPublisher.cs"
"Assets/Scripts/Assembly-CSharp/PlayerAccelControl.cs"
"Assets/Scripts/Assembly-CSharp/PlayerControlLinker.cs"
"Assets/Scripts/Assembly-CSharp/PlayerInstance.cs"
"Assets/Scripts/Assembly-CSharp/PlayerKeyboardControl.cs"
"Assets/Scripts/Assembly-CSharp/PopoverPublisher.cs"
"Assets/Scripts/Assembly-CSharp/PowerSlideBoostAchievementListener.cs"
"Assets/Scripts/Assembly-CSharp/PowerupHitInAirAchievementListener.cs"
"Assets/Scripts/Assembly-CSharp/PowerupHolder.cs"
"Assets/Scripts/Assembly-CSharp/PowerupMagnet.cs"
"Assets/Scripts/Assembly-CSharp/PreFrontEndHoop.cs"
"Assets/Scripts/Assembly-CSharp/PreRaceCamera.cs"
"Assets/Scripts/Assembly-CSharp/PreviewCart.cs"
"Assets/Scripts/Assembly-CSharp/ProgressTriggerLogic.cs"
"Assets/Scripts/Assembly-CSharp/Properties/AssemblyInfo.cs"
"Assets/Scripts/Assembly-CSharp/PyroTechnics.cs"
"Assets/Scripts/Assembly-CSharp/QualityControl.cs"
"Assets/Scripts/Assembly-CSharp/RaceManager.cs"
"Assets/Scripts/Assembly-CSharp/RaceResults.cs"
"Assets/Scripts/Assembly-CSharp/RaceResultsPublisher.cs"
"Assets/Scripts/Assembly-CSharp/RaceSettings.cs"
"Assets/Scripts/Assembly-CSharp/RandomShotEffect.cs"
"Assets/Scripts/Assembly-CSharp/ResetTrigger.cs"
"Assets/Scripts/Assembly-CSharp/ReverseButton.cs"
"Assets/Scripts/Assembly-CSharp/RewbieShimmer.cs"
"Assets/Scripts/Assembly-CSharp/RewindDialogPublisher.cs"
"Assets/Scripts/Assembly-CSharp/RewindLapSlotPublisher.cs"
"Assets/Scripts/Assembly-CSharp/RocketAI.cs"
"Assets/Scripts/Assembly-CSharp/RocketEffect.cs"
"Assets/Scripts/Assembly-CSharp/RocketPickup.cs"
"Assets/Scripts/Assembly-CSharp/RocketRideEffect.cs"
"Assets/Scripts/Assembly-CSharp/RocketRideRemover.cs"
"Assets/Scripts/Assembly-CSharp/RotatorAI.cs"
"Assets/Scripts/Assembly-CSharp/RuntimeEditorUtils.cs"
"Assets/Scripts/Assembly-CSharp/ScreenFader.cs"
"Assets/Scripts/Assembly-CSharp/ScreenTimeoutController.cs"
"Assets/Scripts/Assembly-CSharp/SelectCircuitPublisher.cs"
"Assets/Scripts/Assembly-CSharp/SettingsMenuPublisher.cs"
"Assets/Scripts/Assembly-CSharp/ShadowBlob.cs"
"Assets/Scripts/Assembly-CSharp/ShieldEffect.cs"
"Assets/Scripts/Assembly-CSharp/ShieldPickup.cs"
"Assets/Scripts/Assembly-CSharp/ShiftContentsOnButtonDown.cs"
"Assets/Scripts/Assembly-CSharp/ShiftContentsOnToggleDown.cs"
"Assets/Scripts/Assembly-CSharp/ShiftUIPublisher.cs"
"Assets/Scripts/Assembly-CSharp/ShockedEffect.cs"
"Assets/Scripts/Assembly-CSharp/ShotDroneAI.cs"
"Assets/Scripts/Assembly-CSharp/SkidEffect.cs"
"Assets/Scripts/Assembly-CSharp/SlowdownEffect.cs"
"Assets/Scripts/Assembly-CSharp/SmashEffect.cs"
"Assets/Scripts/Assembly-CSharp/SnapShotInfo.cs"
"Assets/Scripts/Assembly-CSharp/SoundLibrary.cs"
"Assets/Scripts/Assembly-CSharp/SoundLibraryAddendum.cs"
"Assets/Scripts/Assembly-CSharp/SoundPackage.cs"
"Assets/Scripts/Assembly-CSharp/SoundPackageLoadReference.cs"
"Assets/Scripts/Assembly-CSharp/SoundPackageManager.cs"
"Assets/Scripts/Assembly-CSharp/SoundPackageReference.cs"
"Assets/Scripts/Assembly-CSharp/SoundSequencer.cs"
"Assets/Scripts/Assembly-CSharp/SourceFactory.cs"
"Assets/Scripts/Assembly-CSharp/SpeedPoint.cs"
"Assets/Scripts/Assembly-CSharp/SpendCoinsOverLifetimeAchievementListener.cs"
"Assets/Scripts/Assembly-CSharp/SphereMoverAI.cs"
"Assets/Scripts/Assembly-CSharp/SphereMoverCollider.cs"
"Assets/Scripts/Assembly-CSharp/SpreadMineEffect.cs"
"Assets/Scripts/Assembly-CSharp/SpringConnection.cs"
"Assets/Scripts/Assembly-CSharp/SpringTrigger.cs"
"Assets/Scripts/Assembly-CSharp/StreamManager.cs"
"Assets/Scripts/Assembly-CSharp/StreamTest.cs"
"Assets/Scripts/Assembly-CSharp/StreamedMultilayerTexture.cs"
"Assets/Scripts/Assembly-CSharp/TeleportEffect.cs"
"Assets/Scripts/Assembly-CSharp/TeleportTrigger.cs"
"Assets/Scripts/Assembly-CSharp/TerrainEffectTrigger.cs"
"Assets/Scripts/Assembly-CSharp/TimeInAirAchievementListener.cs"
"Assets/Scripts/Assembly-CSharp/TouchTurnTrack.cs"
"Assets/Scripts/Assembly-CSharp/TrackSelectPublisher.cs"
"Assets/Scripts/Assembly-CSharp/TrackUnlockHelper.cs"
"Assets/Scripts/Assembly-CSharp/TriFoot.cs"
"Assets/Scripts/Assembly-CSharp/TripLine.cs"
"Assets/Scripts/Assembly-CSharp/TripLineEffect.cs"
"Assets/Scripts/Assembly-CSharp/TurkeyGooShooter.cs"
"Assets/Scripts/Assembly-CSharp/TurnMission.cs"
"Assets/Scripts/Assembly-CSharp/TutorialLauncherPublisher.cs"
"Assets/Scripts/Assembly-CSharp/UFOLogic.cs"
"Assets/Scripts/Assembly-CSharp/UVScroller.cs"
"Assets/Scripts/Assembly-CSharp/UghHeldButton.cs"
"Assets/Scripts/Assembly-CSharp/UnlockAchievementListener.cs"
"Assets/Scripts/Assembly-CSharp/UnlockedCircuitPublisher.cs"
"Assets/Scripts/Assembly-CSharp/UseAPowerupAchievementListener.cs"
"Assets/Scripts/Assembly-CSharp/UsePowerupAIState.cs"
"Assets/Scripts/Assembly-CSharp/UsePowerupAgainstOpponentAchievementListener.cs"
"Assets/Scripts/Assembly-CSharp/UsePowerupMission.cs"
"Assets/Scripts/Assembly-CSharp/VolumeSlider.cs"
"Assets/Scripts/Assembly-CSharp/WaypointLogic.cs"
"Assets/Scripts/Assembly-CSharp/WhoopieCushion.cs"
"Assets/Scripts/Assembly-CSharp/WipeoutEffect.cs"
"Assets/Scripts/Assembly-UnityScript/Car_Script.cs"
"Assets/Scripts/Assembly-UnityScript/Plane_Script.cs"
"Assets/Scripts/Assembly-UnityScript/Properties/AssemblyInfo.cs"
"Assets/Scripts/Assembly-UnityScript/WheelData.cs"
-langversion:9.0
/deterministic
/optimize+
/debug:portable
/nologo
/RuntimeMetadataVersion:v4.0.30319
/nowarn:0169
/nowarn:0649
/nowarn:0282
/nowarn:1701
/nowarn:1702
/utf8output
/preferreduilang:en-US
/additionalfile:"Library/Bee/artifacts/1900b0aE.dag/Assembly-CSharp.UnityAdditionalFile.txt"
##### Custom Environment Variables
DOTNET_HOST_PATH=C:\Program Files\Unity\Hub\Editor\6000.5.3f1\Editor\Data\DotNetSdk\dotnet.exe
DOTNET_MULTILEVEL_LOOKUP=0
##### ExitCode
1
##### Output
Assets\Scripts\Assembly-UnityScript\Properties\AssemblyInfo.cs(4,12): error CS0579: Duplicate 'AssemblyVersion' attribute

Assets\Scripts\Assembly-CSharp\BasePickup.cs(9,10): error CS0246: The type or namespace name 'ParticleEmitter' could not be found (are you missing a using directive or an assembly reference?)

Assets\Scripts\Assembly-CSharp\StreamManager.cs(20,10): warning CS0618: 'WWW' is obsolete: 'Use UnityWebRequest, a fully featured replacement which is more efficient and has additional features'
*** Tundra build failed (0.35 seconds), 1 items updated, 706 evaluated
Scripts have compiler errors.
Exiting without the bug reporter. Application will terminate with return code 1